measurement_ms,latitude,longitude,gps_error_meter,accel_x_transverse,accel_y_longitudinal,accel_z_vertical,speed
1418024457656,37.507499,139.931443,15,0.289,0.776,10.409,7.75
1418024457757,37.507506,139.931446,7,0.33,0.454,10.101,7.75
1418024457858,37.507514,139.931449,7,0.35,0.128,10.147,7.75
1418024457958,37.507521,139.931452,7,0.378,-0.021,10.151,7.75
1418024458054,37.507528,139.931455,7,0.258,-0.169,10.171,7.75
1418024458155,37.507536,139.931458,7,0.202,-0.214,10.421,7.75
1418024458255,37.507543,139.931461,7,0.091,-0.214,10.434,7.75
1418024458356,37.507551,139.931465,7,0.042,-0.108,10.055,7.75
1418024458457,37.507558,139.931468,7,0.095,-0.062,9.69,7.75
1418024458557,37.507565,139.931471,7,0.234,-0.13,9.902,7.75
1418024458658,37.507573,139.931474,7,0.372,-0.202,10.258,7.75
1418024458754,37.50758,139.931477,8,0.47,-0.229,10.355,7.796
1418024458855,37.507588,139.931479,8,0.578,-0.215,10.187,7.845
1418024458955,37.507596,139.931482,8,0.555,-0.165,10.025,7.894
1418024459056,37.507603,139.931485,8,0.545,-0.194,10.102,7.944
1418024459157,37.507611,139.931488,8,0.496,-0.21,10.06,7.995
1418024459257,37.507619,139.931491,8,0.419,-0.188,9.948,8.045
1418024459358,37.507627,139.931493,8,0.369,-0.061,9.802,8.096
1418024459454,37.507635,139.931496,8,0.328,0.017,9.837,8.144
1418024459554,37.507643,139.931499,8,0.291,0.04,9.948,8.196
1418024459655,37.507651,139.931502,8,0.269,-0.011,10.042,8.247
1418024459756,37.507657,139.931505,10,0.295,-0.006,10.113,8.25
1418024459857,37.507664,139.931509,10,0.33,-0.033,10.21,8.25
1418024459957,37.50767,139.931513,10,0.309,0.067,10.216,8.25
1418024460058,37.507677,139.931516,10,0.248,0.074,9.985,8.25
1418024460154,37.507683,139.93152,10,0.226,0.088,10.023,8.25
1418024460255,37.50769,139.931523,10,0.244,0.101,10.177,8.25
1418024460355,37.507696,139.931527,10,0.272,0.095,10.215,8.25
1418024460456,37.507703,139.931531,10,0.323,0.225,10.101,8.25
1418024460557,37.507709,139.931534,10,0.311,0.247,10.005,8.25
1418024460657,37.507716,139.931538,10,0.276,0.378,9.909,8.25
1418024460758,37.507723,139.931542,10,0.255,0.442,9.846,8.2
1418024460854,37.50773,139.931546,10,0.244,0.442,10.06,8.151
1418024460954,37.507737,139.93155,10,0.182,0.433,10.311,8.1
1418024461055,37.507744,139.931554,10,0.141,0.452,10.277,8.049
1418024461156,37.507751,139.931558,10,0.128,0.58,9.984,7.998
1418024461256,37.507758,139.931562,10,0.119,0.613,9.692,7.948
1418024461357,37.507765,139.931566,10,0.11,0.66,9.681,7.898
1418024461458,37.507771,139.93157,10,0.126,0.671,9.887,7.848
1418024461554,37.507778,139.931574,10,0.115,0.51,10.152,7.802
1418024461654,37.507785,139.931578,10,0.108,0.526,10.21,7.753
1418024461755,37.507791,139.931581,8,-0.005,0.529,10.026,7.701
1418024461856,37.507797,139.931585,8,0.064,0.599,10.169,7.649
1418024461956,37.507803,139.931588,8,0.016,0.493,10.313,7.599
1418024462057,37.507808,139.931591,8,0.02,0.513,10.219,7.548
1418024462158,37.507814,139.931595,8,-0.072,0.619,9.677,7.497
1418024462254,37.50782,139.931598,8,-0.098,0.712,9.367,7.449
1418024462354,37.507826,139.931601,8,-0.008,0.79,9.542,7.399
1418024462455,37.507831,139.931604,8,0.146,0.651,9.835,7.35
1418024462556,37.507837,139.931608,8,0.226,0.539,10.16,7.3
1418024462656,37.507843,139.931611,8,0.308,0.395,10.362,7.252
1418024462757,37.50785,139.931614,7,0.354,0.398,10.558,7.341
1418024462858,37.507858,139.931617,7,0.474,0.45,10.539,7.438
1418024462958,37.507865,139.93162,7,0.38,0.52,10.214,7.535
1418024463054,37.507873,139.931623,7,0.273,0.633,9.84,7.629
1418024463155,37.507881,139.931626,7,0.255,0.69,9.471,7.729
1418024463256,37.507889,139.931629,7,0.296,0.61,9.784,7.83
1418024463356,37.507897,139.931632,7,0.422,0.451,10.17,7.932
1418024463457,37.507905,139.931635,7,0.431,0.316,10.586,8.037
1418024463558,37.507913,139.931639,7,0.378,0.214,10.585,8.142
1418024463658,37.507922,139.931642,7,0.304,0.198,10.118,8.248
1418024463754,37.507929,139.931645,7,0.341,0.146,9.713,8.273
1418024463860,37.507938,139.931648,7,0.556,0.116,9.741,8.299
1418024463956,37.507945,139.931651,7,0.717,0.045,10.056,8.323
1418024464055,37.507953,139.931654,7,0.831,-0.08,10.243,8.348
1418024464157,37.507961,139.931657,7,0.797,-0.188,10.374,8.373
1418024464256,37.507969,139.93166,7,0.74,-0.202,10.48,8.398
1418024464358,37.507978,139.931664,7,0.664,-0.107,10.138,8.424
1418024464454,37.507985,139.931667,7,0.61,-0.055,9.781,8.448
1418024464555,37.507993,139.93167,7,0.532,-0.074,9.899,8.473
1418024464655,37.508002,139.931673,7,0.481,-0.175,10.276,8.499
1418024464756,37.508009,139.931677,7,0.47,-0.21,10.46,8.547
1418024464857,37.508016,139.931681,7,0.463,-0.186,10.265,8.596
1418024464958,37.508023,139.931685,7,0.493,-0.08,10.002,8.646
1418024465058,37.508031,139.931689,7,0.491,0.004,9.814,8.696
1418024465154,37.508038,139.931692,7,0.418,0.016,9.727,8.743
1418024465255,37.508045,139.931697,7,0.363,-0.089,9.985,8.794
1418024465355,37.508052,139.931701,7,0.394,-0.129,10.222,8.844
1418024465456,37.50806,139.931705,7,0.385,-0.161,10.2,8.896
1418024465557,37.508067,139.931709,7,0.357,-0.092,9.948,8.947
1418024465657,37.508075,139.931713,7,0.193,-0.071,9.796,8.998
1418024465758,37.508082,139.931716,7,0.062,-0.031,9.756,9.024
1418024465854,37.50809,139.93172,7,0.031,-0.176,10.283,9.048
1418024465955,37.508097,139.931723,7,0.041,-0.174,10.32,9.073
1418024466055,37.508105,139.931727,7,0.04,-0.107,9.974,9.098
1418024466156,37.508113,139.93173,7,0.002,-0.101,10.209,9.123
1418024466257,37.508121,139.931734,7,0.01,-0.148,10.647,9.148
1418024466357,37.508128,139.931737,7,0.013,-0.226,10.77,9.174
1418024466458,37.508136,139.931741,7,-0.244,0.073,9.271,9.199
1418024466554,37.508144,139.931744,7,-0.24,0.232,8.903,9.223
1418024466654,37.508152,139.931748,7,-0.392,0.221,9.656,9.248
1418024466755,37.50816,139.931751,7,-0.373,0.026,10.312,9.226
1418024466856,37.508168,139.931755,7,-0.608,-0.063,10.088,9.2
1418024466957,37.508176,139.931759,7,-0.789,-0.141,10.056,9.175
1418024467057,37.508184,139.931762,7,-0.964,-0.165,10.537,9.15
1418024467158,37.508193,139.931766,7,-1.025,-0.071,10.627,9.125
1418024467254,37.5082,139.93177,7,-0.929,0.278,9.765,9.101
1418024467354,37.508208,139.931773,7,-0.88,0.391,8.896,9.076
1418024467455,37.508217,139.931777,7,-0.931,0.319,8.986,9.051
1418024467556,37.508225,139.93178,7,-0.969,0.167,9.836,9.026
1418024467656,37.508233,139.931784,7,-1.033,-0.031,10.796,9.001
1418024467757,37.508241,139.931787,7,-1.089,-0.01,10.691,9.0
1418024467858,37.50825,139.931791,7,-1.142,0.167,9.852,9.0
1418024467954,37.508258,139.931794,7,-1.231,0.235,9.418,9.0
1418024468054,37.508267,139.931798,7,-1.321,0.215,9.704,9.0
1418024468155,37.508276,139.931801,7,-1.377,0.071,10.212,9.0
1418024468256,37.508284,139.931805,7,-1.323,0.017,10.46,9.0
1418024468356,37.508293,139.931808,7,-1.362,0.061,10.272,9.0
1418024468457,37.508302,139.931812,7,-1.35,0.226,9.847,9.0
1418024468558,37.50831,139.931815,7,-1.269,0.248,9.442,9.0
1418024468659,37.508319,139.931819,7,-1.26,0.256,9.42,9.0
1418024468754,37.508327,139.931821,8,-1.301,0.096,10.143,9.0
1418024468855,37.508336,139.931823,8,-1.354,0.055,10.505,9.0
1418024468956,37.508345,139.931825,8,-1.363,0.003,10.517,9.0
1418024469056,37.508353,139.931827,8,-1.492,-0.026,10.982,9.0
1418024469157,37.508362,139.931829,8,-1.545,0.286,10.06,9.0
1418024469258,37.508371,139.931831,8,-1.587,0.446,9.485,9.0
1418024469358,37.50838,139.931833,8,-1.641,0.439,9.561,9.0
1418024469454,37.508388,139.931835,8,-1.651,0.363,10.054,9.0
1418024469555,37.508397,139.931837,8,-1.57,0.374,9.738,9.0
1418024469655,37.508406,139.931839,8,-1.409,0.337,9.924,9.0
1418024469756,37.508413,139.931838,8,-1.393,0.305,10.418,9.047
1418024469857,37.508419,139.931837,8,-1.372,0.334,10.299,9.096
1418024469958,37.508426,139.931835,8,-1.252,0.449,9.794,9.146
1418024470058,37.508433,139.931834,8,-1.044,0.467,9.762,9.196
1418024470154,37.50844,139.931833,8,-0.977,0.466,9.864,9.244
1418024470255,37.508447,139.931832,8,-0.923,0.347,10.094,9.294
1418024470355,37.508454,139.931831,8,-0.721,0.319,10.316,9.345
1418024470456,37.508461,139.931829,8,-0.668,0.245,10.711,9.396
1418024470557,37.508469,139.931828,8,-0.591,0.241,10.351,9.447
1418024470658,37.508476,139.931827,8,-0.488,0.276,10.266,9.499
1418024470758,37.508485,139.931825,7,-0.469,0.493,9.498,9.5
1418024470854,37.508493,139.931822,7,-0.362,0.65,8.193,9.5
1418024470955,37.508502,139.93182,7,-0.414,0.844,8.288,9.5
1418024471055,37.50851,139.931818,7,-0.374,0.42,9.909,9.5
1418024471156,37.508519,139.931815,7,-0.402,-0.031,11.569,9.5
1418024471257,37.508528,139.931813,7,-0.4,-0.128,11.842,9.5
1418024471357,37.508537,139.93181,7,-0.329,-0.193,11.248,9.5
1418024471458,37.508545,139.931808,7,-0.34,0.056,10.659,9.5
1418024471554,37.508554,139.931806,7,-0.342,0.347,9.986,9.5
1418024471655,37.508563,139.931803,7,-0.269,0.53,8.68,9.5
1418024471755,37.508571,139.931801,7,-0.229,0.589,8.457,9.569
1418024471856,37.50858,139.931799,7,-0.178,0.359,9.203,9.643
1418024471957,37.508589,139.931797,7,-0.102,0.06,10.704,9.717
1418024472057,37.508598,139.931794,7,-0.12,-0.086,11.483,9.791
1418024472158,37.508607,139.931792,7,0.001,-0.041,10.486,9.866
1418024472254,37.508616,139.93179,7,-0.032,0.123,9.492,9.939
1418024472355,37.508625,139.931788,7,-0.099,0.089,9.569,10.015
1418024472455,37.508634,139.931786,7,-0.206,-0.047,10.101,10.092
1418024472556,37.508643,139.931783,7,-0.199,-0.12,10.201,10.169
1418024472657,37.508653,139.931781,7,-0.347,-0.182,10.129,10.248
1418024472757,37.508661,139.931781,6,-0.486,-0.208,10.272,10.225
1418024472858,37.508669,139.93178,6,-0.486,-0.155,10.124,10.2
1418024472954,37.508676,139.93178,6,-0.406,-0.095,9.903,10.176
1418024473054,37.508684,139.931779,6,-0.239,-0.083,9.725,10.151
1418024473155,37.508692,139.931779,6,0.054,-0.119,9.894,10.125
1418024473256,37.5087,139.931778,6,0.177,-0.171,9.934,10.1
1418024473357,37.508708,139.931778,6,0.193,-0.193,9.969,10.075
1418024473457,37.508716,139.931777,6,0.158,-0.169,10.05,10.05
1418024473558,37.508724,139.931777,6,0.125,-0.199,10.167,10.025
1418024473654,37.508732,139.931776,6,0.104,-0.207,10.115,10.001
1418024473754,37.508741,139.931776,6,0.02,-0.162,10.329,10.023
1418024473855,37.50875,139.931775,6,-0.055,-0.158,10.251,10.048
1418024473956,37.508759,139.931775,6,-0.224,-0.152,10.066,10.073
1418024474056,37.508768,139.931774,6,-0.18,-0.068,10.04,10.098
1418024474157,37.508777,139.931774,6,-0.135,-0.123,10.161,10.123
1418024474258,37.508787,139.931774,6,-0.066,-0.079,9.972,10.149
1418024474354,37.508796,139.931773,6,0.114,-0.095,9.871,10.173
1418024474454,37.508805,139.931773,6,0.234,-0.096,9.861,10.198
1418024474555,37.508814,139.931772,6,0.301,-0.09,9.744,10.223
1418024474656,37.508824,139.931772,6,0.408,-0.158,9.87,10.249
1418024474756,37.508833,139.931771,6,0.404,-0.226,10.211,10.226
1418024474857,37.508843,139.931771,6,0.433,-0.272,10.357,10.2
1418024474958,37.508852,139.93177,6,0.351,-0.266,10.225,10.175
1418024475054,37.508861,139.931769,6,0.29,-0.194,10.236,10.151
1418024475154,37.50887,139.931769,6,0.167,0.041,9.876,10.126
1418024475255,37.50888,139.931768,6,0.139,-0.021,10.135,10.101
1418024475356,37.508889,139.931767,6,0.182,-0.15,10.39,10.075
1418024475456,37.508898,139.931766,6,0.095,0.165,9.727,10.05
1418024475557,37.508908,139.931766,6,0.104,0.146,9.638,10.025
1418024475658,37.508917,139.931765,6,0.137,0.096,10.093,10.0
1418024475754,37.508925,139.931763,6,0.238,0.043,10.045,10.0
1418024475854,37.508934,139.931761,6,0.151,0.041,9.96,10.0
1418024475955,37.508943,139.931759,6,0.112,-0.063,9.989,10.0
1418024476056,37.508952,139.931757,6,0.124,0.039,10.215,10.0
1418024476156,37.508961,139.931755,6,0.111,0.025,10.266,10.0
1418024476257,37.50897,139.931752,6,0.06,0.045,10.003,10.0
1418024476358,37.508978,139.93175,6,0.123,0.038,9.853,10.0
1418024476458,37.508987,139.931748,6,0.245,0.061,10.067,10.0
1418024476554,37.508996,139.931746,6,0.188,0.063,10.26,10.0
1418024476655,37.509005,139.931744,6,0.074,0.044,10.171,10.0
1418024476755,37.509013,139.931744,6,0.082,0.12,9.803,10.0
1418024476856,37.509021,139.931744,6,0.173,0.181,9.604,10.0
1418024476957,37.509029,139.931744,6,0.117,0.156,9.827,10.0
1418024477058,37.509037,139.931744,6,0.041,0.081,10.019,10.0
1418024477158,37.509045,139.931744,6,-0.035,-0.013,10.212,10.0
1418024477254,37.509053,139.931743,6,-0.074,-0.028,10.281,10.0
1418024477355,37.509061,139.931743,6,-0.045,0.0,10.122,10.0
1418024477455,37.509069,139.931743,6,-0.038,0.117,9.84,10.0
1418024477556,37.509078,139.931743,6,-0.031,0.111,9.622,10.0
1418024477657,37.509086,139.931743,6,-0.103,0.104,9.667,10.0
1418024477757,37.509094,139.931743,7,0.053,-0.037,10.159,10.0
1418024477858,37.509102,139.931743,7,0.048,-0.127,10.47,10.0
1418024477959,37.50911,139.931742,7,0.122,-0.123,10.32,10.0
1418024478055,37.509118,139.931742,7,0.142,-0.001,9.977,10.0
1418024478154,37.509126,139.931742,7,0.247,0.124,9.67,10.0
1418024478256,37.509134,139.931742,7,0.283,0.153,9.665,10.0
1418024478355,37.509142,139.931742,7,0.231,0.056,9.767,10.0
1418024478457,37.509151,139.931741,7,0.25,0.004,10.051,10.0
1418024478554,37.509158,139.931741,7,0.162,-0.037,10.411,10.0
1418024478655,37.509167,139.931741,7,0.221,-0.055,10.47,10.0
1418024478755,37.509176,139.931737,10,0.194,-0.011,10.129,10.0
1418024478855,37.509185,139.931734,10,0.167,0.129,9.803,10.0
1418024478956,37.509194,139.93173,10,0.191,-0.047,10.232,10.0
1418024479057,37.509204,139.931726,10,0.066,-0.096,10.416,10.0
1418024479157,37.509213,139.931723,10,-0.196,-0.0,9.927,10.0
1418024479258,37.509222,139.931719,10,-0.35,0.086,9.505,10.0
1418024479354,37.509231,139.931715,10,-0.245,0.188,9.651,10.0
1418024479454,37.50924,139.931712,10,-0.105,0.308,9.53,10.0
1418024479555,37.509249,139.931708,10,0.004,0.107,9.62,10.0
1418024479656,37.509259,139.931704,10,0.032,0.014,10.14,10.0
1418024479757,37.509268,139.931708,12,0.027,-0.246,10.753,10.047
1418024479857,37.509278,139.931713,12,0.062,-0.157,10.77,10.097
1418024479958,37.509288,139.931717,12,0.251,-0.113,10.558,10.146
1418024480054,37.509297,139.931721,12,0.184,-0.003,10.001,10.194
1418024480154,37.509307,139.931726,12,0.124,0.048,9.804,10.244
1418024480255,37.509317,139.931731,12,0.151,0.09,10.066,10.295
1418024480356,37.509327,139.931735,12,0.169,0.007,10.28,10.345
1418024480456,37.509337,139.93174,12,0.214,-0.008,10.075,10.396
1418024480557,37.509348,139.931744,12,0.099,0.185,9.634,10.447
1418024480658,37.509358,139.931749,12,0.017,0.003,9.892,10.499
1418024480754,37.509366,139.931749,12,-0.025,-0.026,10.017,10.5
1418024480854,37.509375,139.931749,12,0.08,-0.041,9.974,10.5
1418024480955,37.509385,139.931749,12,-0.003,-0.143,10.301,10.5
1418024481056,37.509394,139.931749,12,0.141,-0.083,10.226,10.5
1418024481156,37.509403,139.931748,12,0.173,-0.134,10.177,10.5
1418024481257,37.509412,139.931748,12,0.172,-0.065,10.213,10.5
1418024481358,37.509421,139.931748,12,0.101,0.021,9.743,10.5
1418024481458,37.50943,139.931748,12,0.034,-0.006,9.98,10.5
1418024481554,37.509438,139.931748,12,-0.012,-0.057,10.311,10.5
1418024481656,37.509448,139.931748,12,-0.004,-0.095,10.39,10.5
1418024481756,37.509458,139.931746,8,0.08,-0.027,9.941,10.524
1418024481856,37.509468,139.931745,8,0.042,0.058,9.691,10.549
1418024481957,37.509479,139.931743,8,-0.002,0.088,9.848,10.574
1418024482058,37.509489,139.931742,8,-0.094,-0.022,9.745,10.599
1418024482158,37.509499,139.93174,8,0.001,-0.039,9.889,10.624
1418024482254,37.509509,139.931739,8,0.058,-0.137,10.019,10.648
1418024482355,37.50952,139.931737,8,0.233,-0.084,10.268,10.673
1418024482456,37.509531,139.931735,8,0.298,-0.045,10.033,10.699
1418024482556,37.509541,139.931734,8,0.284,-0.052,10.09,10.724
1418024482657,37.509552,139.931732,8,0.34,-0.069,10.085,10.749
1418024482758,37.509562,139.931733,8,0.206,-0.055,10.065,10.75
1418024482858,37.509571,139.931733,8,0.189,-0.089,10.275,10.75
1418024482954,37.509581,139.931734,8,0.113,-0.122,10.266,10.75
1418024483055,37.509591,139.931735,8,0.063,-0.021,10.074,10.75
1418024483155,37.509601,139.931735,8,-0.007,-0.004,9.927,10.75
1418024483256,37.50961,139.931736,8,-0.02,0.014,10.003,10.75
1418024483357,37.50962,139.931737,8,-0.05,-0.032,9.986,10.75
1418024483458,37.50963,139.931738,8,-0.082,-0.061,9.917,10.75
1418024483558,37.50964,139.931738,8,0.155,-0.066,10.121,10.75
1418024483654,37.509649,139.931739,8,0.171,-0.02,9.949,10.75
1418024483755,37.509659,139.931738,7,0.128,0.021,9.717,10.75
1418024483855,37.509669,139.931737,7,0.151,0.04,9.645,10.75
1418024483956,37.509679,139.931736,7,0.177,0.02,9.786,10.75
1418024484057,37.509689,139.931735,7,0.269,-0.07,10.205,10.75
1418024484157,37.509699,139.931734,7,0.163,-0.121,10.445,10.75
1418024484258,37.509709,139.931732,7,0.02,-0.179,10.445,10.75
1418024484354,37.509718,139.931731,7,0.084,-0.085,10.28,10.75
1418024484455,37.509728,139.93173,7,0.016,-0.021,10.068,10.75
1418024484556,37.509738,139.931729,7,-0.028,-0.016,9.977,10.75
1418024484656,37.509748,139.931728,7,-0.067,-0.006,9.696,10.75
1418024484757,37.509756,139.931728,9,-0.028,-0.085,9.938,10.725
1418024484857,37.509765,139.931728,9,0.065,-0.101,10.149,10.7
1418024484958,37.509774,139.931729,9,0.18,-0.076,10.023,10.675
1418024485054,37.509782,139.931729,9,0.146,-0.127,10.126,10.651
1418024485155,37.50979,139.931729,9,0.184,-0.089,10.204,10.626
1418024485255,37.509799,139.931729,9,0.115,-0.072,9.942,10.601
1418024485356,37.509807,139.931729,9,0.082,-0.016,9.974,10.575
1418024485457,37.509816,139.93173,9,0.118,-0.01,10.012,10.55
1418024485557,37.509824,139.93173,9,0.085,-0.08,9.938,10.525
1418024485658,37.509833,139.93173,9,0.114,-0.119,10.186,10.5
1418024485754,37.509842,139.93173,9,0.129,-0.06,10.077,10.523
1418024485854,37.509852,139.931729,9,0.11,-0.047,9.95,10.548
1418024485955,37.509863,139.931729,9,0.126,-0.028,9.958,10.573
1418024486056,37.509873,139.931729,9,0.152,-0.038,9.934,10.598
1418024486157,37.509883,139.931729,9,0.111,-0.106,10.134,10.624
1418024486257,37.509893,139.931728,9,0.181,-0.142,10.267,10.649
1418024486358,37.509903,139.931728,9,0.235,-0.089,10.015,10.674
1418024486454,37.509913,139.931728,9,0.172,-0.023,9.79,10.698
1418024486554,37.509923,139.931727,9,0.216,-0.042,10.005,10.723
1418024486655,37.509933,139.931727,9,0.225,-0.033,10.266,10.749
1418024486756,37.509941,139.931725,8,0.172,-0.145,10.245,10.701
1418024486856,37.509949,139.931723,8,0.086,-0.049,9.984,10.65
1418024486957,37.509956,139.931721,8,0.104,0.062,9.638,10.599
1418024487058,37.509964,139.931719,8,0.004,0.047,9.582,10.548
1418024487159,37.509971,139.931716,8,-0.001,-0.045,9.92,10.498
1418024487254,37.509978,139.931714,8,0.02,-0.127,10.192,10.45
1418024487355,37.509986,139.931712,8,-0.105,-0.199,10.337,10.4
1418024487456,37.509993,139.93171,8,-0.089,-0.088,10.065,10.35
1418024487556,37.51,139.931708,8,-0.03,0.009,9.827,10.301
1418024487657,37.510008,139.931706,8,-0.112,-0.162,10.256,10.251
1418024487758,37.510017,139.931704,8,-0.107,-0.001,10.057,10.298
1418024487858,37.510027,139.931701,8,0.075,-0.107,10.158,10.347
1418024487954,37.510037,139.931699,8,0.141,-0.13,10.406,10.395
1418024488055,37.510047,139.931696,8,-0.087,-0.098,10.32,10.445
1418024488156,37.510057,139.931694,8,-0.212,-0.123,9.671,10.495
1418024488256,37.510066,139.931691,8,-0.15,-0.013,9.48,10.545
1418024488357,37.510077,139.931689,8,-0.166,-0.037,9.685,10.596
1418024488458,37.510087,139.931686,8,-0.163,-0.113,10.128,10.647
1418024488558,37.510097,139.931684,8,-0.197,-0.152,10.277,10.698
1418024488654,37.510106,139.931681,8,-0.239,-0.128,10.168,10.747
1418024488755,37.510116,139.931679,7,-0.188,-0.097,10.06,10.774
1418024488856,37.510126,139.931677,7,-0.041,-0.1,9.958,10.799
1418024488956,37.510135,139.931675,7,0.114,-0.126,10.087,10.823
1418024489057,37.510145,139.931672,7,0.277,-0.258,10.509,10.849
1418024489158,37.510155,139.93167,7,0.375,-0.218,10.49,10.874
1418024489258,37.510165,139.931668,7,0.331,-0.156,10.139,10.899
1418024489354,37.510174,139.931666,7,0.283,-0.104,9.878,10.923
1418024489455,37.510184,139.931664,7,0.379,-0.015,9.661,10.948
1418024489555,37.510194,139.931661,7,0.38,-0.1,9.697,10.973
1418024489656,37.510204,139.931659,7,0.339,-0.115,9.831,10.999
1418024489757,37.510213,139.931657,8,0.322,-0.184,10.027,10.975
1418024489858,37.510223,139.931655,8,0.196,-0.268,10.107,10.95
1418024489958,37.510232,139.931653,8,0.173,-0.252,10.245,10.925
1418024490054,37.510241,139.931651,8,0.109,-0.298,10.094,10.901
1418024490155,37.51025,139.931649,8,-0.018,-0.234,9.977,10.876
1418024490255,37.51026,139.931646,8,0.029,-0.207,9.875,10.851
1418024490356,37.510269,139.931644,8,0.006,-0.205,9.745,10.825
1418024490457,37.510278,139.931642,8,0.03,-0.234,9.898,10.8
1418024490558,37.510288,139.93164,8,0.11,-0.367,10.308,10.775
1418024490658,37.510297,139.931638,8,0.099,-0.38,10.51,10.75
1418024490754,37.510307,139.931635,11,0.178,-0.351,10.4,10.75
1418024490855,37.510317,139.931632,11,0.131,-0.204,9.691,10.75
1418024490955,37.510327,139.931629,11,0.156,-0.086,9.472,10.75
1418024491056,37.510337,139.931626,11,0.219,-0.159,9.597,10.75
1418024491157,37.510348,139.931623,11,0.282,-0.255,9.995,10.75
1418024491257,37.510358,139.93162,11,0.28,-0.392,10.487,10.75
1418024491358,37.510368,139.931617,11,0.241,-0.466,10.795,10.75
1418024491454,37.510378,139.931614,11,0.334,-0.354,10.447,10.75
1418024491554,37.510388,139.931611,11,0.25,-0.218,9.7,10.75
1418024491655,37.510398,139.931608,11,0.335,-0.078,9.411,10.75
1418024491756,37.510406,139.931603,13,0.347,-0.179,9.49,10.701
1418024491857,37.510413,139.931598,13,0.451,-0.333,10.276,10.65
1418024491957,37.510421,139.931594,13,0.415,-0.495,10.764,10.599
1418024492058,37.510428,139.931589,13,0.385,-0.36,10.435,10.548
1418024492154,37.510435,139.931584,13,0.211,-0.304,10.086,10.5
1418024492259,37.510443,139.931579,13,0.135,-0.125,9.796,10.448
1418024492355,37.510449,139.931574,13,0.129,-0.124,9.663,10.4
1418024492454,37.510456,139.93157,13,0.143,-0.206,9.593,10.351
1418024492557,37.510464,139.931565,13,0.052,-0.3,10.0,10.3
1418024492656,37.510471,139.93156,13,-0.019,-0.428,10.426,10.252
1418024492758,37.510482,139.931561,13,-0.062,-0.207,10.152,10.25
1418024492854,37.510493,139.931562,13,-0.217,-0.319,9.866,10.25
1418024492954,37.510505,139.931563,13,-0.093,-0.164,9.763,10.25
1418024493055,37.510516,139.931564,13,-0.032,-0.253,10.158,10.25
1418024493156,37.510528,139.931565,13,0.15,-0.338,10.056,10.25
1418024493256,37.51054,139.931567,13,0.125,-0.436,10.192,10.25
1418024493357,37.510551,139.931568,13,0.17,-0.272,9.983,10.25
1418024493458,37.510563,139.931569,13,0.136,-0.139,9.726,10.25
1418024493554,37.510574,139.93157,13,0.2,-0.154,9.451,10.25
1418024493654,37.510585,139.931571,13,0.197,-0.26,10.004,10.25
1418024493755,37.510594,139.931569,11,0.197,-0.38,10.376,10.226
1418024493856,37.510602,139.931567,11,0.226,-0.472,10.434,10.201
1418024493956,37.51061,139.931565,11,0.153,-0.428,10.431,10.175
1418024494057,37.510618,139.931563,11,0.27,-0.411,10.573,10.15
1418024494158,37.510626,139.931561,11,0.188,-0.293,9.993,10.125
1418024494254,37.510634,139.931559,11,0.08,-0.215,9.634,10.101
1418024494354,37.510642,139.931557,11,0.055,-0.165,9.401,10.076
1418024494455,37.51065,139.931555,11,0.034,-0.137,9.79,10.051
1418024494556,37.510658,139.931553,11,0.038,-0.193,9.782,10.026
1418024494656,37.510666,139.931551,11,0.153,-0.296,9.945,10.001
1418024494757,37.510671,139.931549,11,0.413,-0.443,10.457,9.975
1418024494858,37.510676,139.931547,11,0.265,-0.461,10.372,9.95
1418024494958,37.510682,139.931546,11,0.154,-0.496,10.176,9.925
1418024495054,37.510687,139.931544,11,0.048,-0.529,9.973,9.901
1418024495155,37.510692,139.931542,11,-0.06,-0.586,9.797,9.875
1418024495256,37.510697,139.93154,11,0.031,-0.806,9.941,9.85
1418024495356,37.510702,139.931538,11,0.028,-0.958,10.127,9.825
1418024495457,37.510708,139.931537,11,-0.013,-1.047,10.233,9.8
1418024495558,37.510713,139.931535,11,-0.071,-1.093,10.108,9.775
1418024495658,37.510718,139.931533,11,-0.055,-1.15,10.005,9.75
1418024495754,37.510728,139.931534,11,-0.088,-1.076,9.86,9.677
1418024495855,37.510739,139.931535,11,-0.101,-1.045,9.453,9.599
1418024495955,37.510749,139.931536,11,-0.061,-1.09,9.665,9.523
1418024496056,37.510759,139.931537,11,-0.116,-1.154,10.054,9.446
1418024496157,37.51077,139.931538,11,-0.138,-1.251,10.502,9.37
1418024496257,37.51078,139.931539,11,-0.124,-1.483,10.578,9.295
1418024496358,37.51079,139.93154,11,-0.025,-1.551,10.081,9.22
1418024496454,37.5108,139.931541,11,0.051,-1.582,9.787,9.15
1418024496555,37.51081,139.931542,11,0.061,-1.592,9.707,9.076
1418024496655,37.51082,139.931543,11,0.085,-1.573,9.793,9.004
1418024496756,37.510827,139.931544,9,0.099,-1.577,9.549,8.844
1418024496857,37.510835,139.931545,9,0.082,-1.677,9.75,8.683
1418024496957,37.510842,139.931546,9,0.197,-1.943,10.648,8.526
1418024497058,37.510849,139.931548,9,0.311,-2.082,10.814,8.37
1418024497154,37.510856,139.931549,9,0.307,-2.029,10.073,8.225
1418024497255,37.510863,139.93155,9,0.209,-1.85,9.449,8.075
1418024497355,37.510869,139.931551,9,0.095,-1.99,10.033,7.929
1418024497456,37.510876,139.931552,9,0.07,-1.929,9.984,7.784
1418024497557,37.510882,139.931553,9,0.049,-1.899,9.688,7.642
1418024497657,37.510889,139.931554,9,0.131,-1.957,9.814,7.504
1418024497758,37.510895,139.931553,6,0.281,-1.959,9.933,7.367
1418024497854,37.5109,139.931553,6,0.345,-2.029,10.297,7.24
1418024497954,37.510906,139.931552,6,0.27,-1.986,10.272,7.109
1418024498055,37.510912,139.931552,6,0.189,-1.912,9.843,6.979
1418024498156,37.510918,139.931551,6,0.236,-1.903,9.858,6.852
1418024498257,37.510923,139.93155,6,0.387,-1.945,10.298,6.726
1418024498357,37.510928,139.93155,6,0.507,-1.896,10.098,6.605
1418024498458,37.510934,139.931549,6,0.667,-1.694,9.871,6.484
1418024498554,37.510939,139.931549,6,0.791,-1.431,10.005,6.372
1418024498654,37.510944,139.931548,6,0.716,-1.219,9.886,6.257
1418024498755,37.51095,139.931549,6,0.428,-1.079,9.535,6.059
1418024498856,37.510956,139.931551,6,0.318,-1.045,9.777,5.862
1418024498956,37.510961,139.931552,6,0.271,-0.992,10.391,5.673
1418024499057,37.510967,139.931554,6,0.281,-0.862,10.43,5.487
1418024499158,37.510972,139.931555,6,0.317,-0.691,9.874,5.307
1418024499254,37.510977,139.931556,6,0.439,-0.616,9.743,5.142
1418024499354,37.510982,139.931557,6,0.652,-0.604,9.912,4.975
1418024499455,37.510987,139.931559,6,0.921,-0.631,9.907,4.812
1418024499556,37.510991,139.93156,6,1.127,-0.72,9.946,4.655
1418024499656,37.510996,139.931561,6,1.211,-0.839,10.292,4.506
1418024499757,37.510999,139.931563,6,1.2,-0.881,10.402,4.449
1418024499858,37.511003,139.931564,6,1.237,-0.87,10.051,4.396
1418024499954,37.511006,139.931566,6,1.305,-0.828,9.753,4.347
1418024500054,37.511009,139.931568,6,1.347,-0.879,9.878,4.296
1418024500155,37.511012,139.931569,6,1.336,-0.913,10.175,4.245
1418024500256,37.511016,139.931571,6,1.234,-0.931,10.145,4.195
1418024500356,37.511019,139.931572,6,1.284,-0.999,10.256,4.146
1418024500457,37.511022,139.931574,6,1.362,-0.977,10.136,4.097
1418024500558,37.511025,139.931575,6,1.391,-0.881,9.867,4.048
1418024500658,37.511028,139.931577,6,1.254,-0.8,9.567,4.001
1418024500754,37.511031,139.931581,7,1.172,-0.809,9.692,3.976
1418024500855,37.511034,139.931586,7,1.135,-0.84,9.874,3.95
1418024500956,37.511037,139.93159,7,1.041,-0.919,10.11,3.924
1418024501056,37.51104,139.931594,7,0.961,-0.963,10.41,3.899
1418024501157,37.511043,139.931599,7,0.932,-0.928,10.227,3.874
1418024501258,37.511046,139.931603,7,0.848,-0.803,9.768,3.849
1418024501358,37.511048,139.931607,7,0.9,-0.594,9.047,3.824
1418024501454,37.511051,139.931611,7,0.771,-0.606,9.183,3.8
1418024501555,37.511054,139.931616,7,0.563,-0.783,10.126,3.775
1418024501656,37.511057,139.93162,7,0.355,-0.98,10.923,3.751
1418024501756,37.511059,139.931624,7,0.225,-0.974,10.72,3.641
1418024501857,37.511062,139.931627,7,0.128,-0.807,10.002,3.529
1418024501958,37.511064,139.931631,7,0.079,-0.711,9.605,3.42
1418024502058,37.511066,139.931634,7,0.083,-0.749,9.756,3.315
1418024502154,37.511068,139.931638,7,0.233,-0.714,9.647,3.218
1418024502255,37.51107,139.931641,7,0.271,-0.657,9.403,3.118
1418024502355,37.511072,139.931644,7,0.246,-0.595,9.477,3.022
1418024502456,37.511074,139.931647,7,0.167,-0.749,9.976,2.929
1418024502557,37.511076,139.93165,7,0.249,-1.003,10.593,2.839
1418024502658,37.511078,139.931653,7,0.38,-1.109,10.833,2.752
1418024502758,37.51108,139.931656,5,0.446,-0.989,10.532,2.724
1418024502854,37.511081,139.931658,5,0.437,-0.827,9.993,2.7
1418024502955,37.511083,139.931661,5,0.347,-0.665,9.559,2.674
1418024503055,37.511085,139.931663,5,0.059,-0.575,9.276,2.648
1418024503156,37.511086,139.931666,5,-0.258,-0.609,9.362,2.623
1418024503257,37.511088,139.931668,5,-0.597,-0.667,9.772,2.598
1418024503357,37.511089,139.931671,5,-0.701,-0.749,10.279,2.573
1418024503458,37.511091,139.931673,5,-0.692,-1.025,10.777,2.549
1418024503554,37.511092,139.931675,5,-0.605,-1.16,11.121,2.525
1418024503654,37.511094,139.931678,5,-0.351,-0.988,10.374,2.501
1418024503755,37.511095,139.93168,4,-0.243,-0.774,9.663,2.417
1418024503856,37.511095,139.931682,4,-0.225,-0.593,9.455,2.332
1418024503957,37.511096,139.931684,4,-0.207,-0.515,9.608,2.25
1418024504057,37.511097,139.931685,4,-0.001,-0.254,9.621,2.171
1418024504158,37.511097,139.931687,4,0.109,-0.198,9.822,2.093
1418024504254,37.511098,139.931689,4,0.191,-0.295,10.382,2.023
1418024504354,37.511098,139.93169,4,0.265,-0.485,10.794,1.951
1418024504455,37.511099,139.931692,4,0.323,-0.475,10.614,1.882
1418024504556,37.511099,139.931694,4,0.145,-0.263,9.936,1.816
1418024504657,37.5111,139.931695,4,-0.177,-0.079,9.474,1.752
1418024504757,37.511101,139.931697,5,-0.511,-0.086,9.531,1.724
1418024504858,37.511101,139.9317,5,-0.695,-0.311,9.855,1.697
1418024504954,37.511102,139.931702,5,-0.723,-0.631,9.948,1.673
1418024505054,37.511102,139.931704,5,-0.581,-0.97,10.038,1.647
1418024505155,37.511103,139.931706,5,-0.269,-1.155,10.194,1.621
1418024505256,37.511103,139.931709,5,-0.073,-1.163,10.203,1.596
1418024505356,37.511104,139.931711,5,-0.015,-1.011,10.051,1.572
1418024505457,37.511104,139.931713,5,-0.124,-0.937,9.821,1.548
1418024505558,37.511105,139.931715,5,-0.322,-0.923,9.789,1.524
1418024505654,37.511105,139.931717,5,-0.513,-0.892,9.93,1.501
1418024505754,37.511106,139.931719,5,-0.643,-0.913,10.05,1.408
1418024505855,37.511107,139.93172,5,-0.629,-0.96,10.104,1.315
1418024505956,37.511108,139.931722,5,-0.511,-1.014,10.042,1.226
1418024506056,37.511109,139.931724,5,-0.422,-0.919,10.057,1.143
1418024506157,37.51111,139.931725,5,-0.396,-0.829,10.125,1.065
1418024506258,37.51111,139.931726,5,-0.388,-0.639,10.123,0.991
1418024506359,37.511111,139.931728,5,-0.364,-0.458,10.037,0.923
1418024506454,37.511112,139.931729,5,-0.308,-0.371,10.0,0.864
1418024506560,37.511112,139.93173,5,-0.19,-0.342,10.002,0.802
1418024506656,37.511113,139.931731,5,-0.108,-0.337,10.022,0.752
1418024506755,37.511114,139.931732,5,-0.111,-0.397,10.063,0.722
1418024506857,37.511114,139.931734,5,-0.212,-0.511,10.037,0.693
1418024506956,37.511115,139.931735,5,-0.34,-0.621,9.983,0.666
1418024507059,37.511116,139.931737,5,-0.379,-0.689,9.964,0.638
1418024507154,37.511116,139.931738,5,-0.303,-0.738,10.012,0.614
1418024507255,37.511117,139.931739,5,-0.147,-0.814,10.054,0.589
1418024507356,37.511117,139.931741,5,-0.012,-0.873,10.061,0.565
1418024507456,37.511118,139.931742,5,0.053,-0.914,10.053,0.543
1418024507557,37.511118,139.931743,5,-0.026,-0.953,10.011,0.521
1418024507658,37.511119,139.931744,5,-0.177,-0.951,10.017,0.5
1418024507758,37.511119,139.931745,5,-0.288,-0.874,10.1,0.407
1418024507854,37.511119,139.931747,5,-0.276,-0.74,10.114,0.325
1418024507955,37.511119,139.931748,5,-0.205,-0.639,10.002,0.249
1418024508056,37.511118,139.931749,5,-0.107,-0.58,9.902,0.182
1418024508156,37.511118,139.93175,5,-0.029,-0.574,9.963,0.127
1418024508257,37.511118,139.931751,5,-0.01,-0.59,10.077,0.081
1418024508358,37.511118,139.931751,5,-0.042,-0.638,10.077,0.046
1418024508458,37.511118,139.931752,5,-0.084,-0.614,10.021,0.02
1418024508554,37.511118,139.931752,5,-0.094,-0.478,10.077,0.006
1418024560756,37.511109,139.931752,5,-0.129,-0.587,10.167,0.005
1418024560857,37.511109,139.931752,5,-0.082,-0.33,10.136,0.019
1418024560957,37.511109,139.931752,5,-0.095,-0.162,9.926,0.044
1418024561054,37.511109,139.931752,5,-0.077,-0.06,9.816,0.078
1418024561154,37.511109,139.931752,5,-0.003,-0.035,9.979,0.122
1418024561255,37.511109,139.931752,5,-0.007,-0.019,10.191,0.177
1418024561355,37.511109,139.931752,5,-0.031,0.042,10.194,0.242
1418024561456,37.51111,139.931753,5,-0.032,0.161,10.043,0.317
1418024561557,37.51111,139.931753,5,-0.045,0.281,9.997,0.402
1418024561657,37.51111,139.931753,5,-0.047,0.357,10.076,0.497
1418024561758,37.51111,139.931754,5,-0.034,0.378,10.105,0.52
1418024561854,37.51111,139.931754,5,-0.025,0.405,10.121,0.541
1418024561954,37.511111,139.931755,5,-0.006,0.462,10.091,0.563
1418024562055,37.511111,139.931756,5,0.058,0.505,10.042,0.587
1418024562156,37.511111,139.931757,5,0.116,0.516,10.033,0.612
1418024562257,37.511111,139.931757,5,0.123,0.506,10.081,0.637
1418024562357,37.511111,139.931758,5,0.099,0.52,10.091,0.664
1418024562458,37.511112,139.931759,5,0.063,0.556,10.017,0.691
1418024562554,37.511112,139.93176,5,0.053,0.625,10.057,0.719
1418024562654,37.511112,139.931761,5,0.066,0.673,10.006,0.748
1418024562755,37.511112,139.931762,6,0.047,0.676,10.05,0.771
1418024562856,37.511113,139.931764,6,0.048,0.635,10.205,0.793
1418024562956,37.511113,139.931765,6,0.083,0.594,10.258,0.817
1418024563057,37.511113,139.931766,6,0.058,0.605,10.122,0.841
1418024563158,37.511113,139.931768,6,0.027,0.562,9.932,0.866
1418024563254,37.511114,139.931769,6,-0.006,0.484,9.968,0.89
1418024563359,37.511114,139.931771,6,-0.014,0.328,10.113,0.917
1418024563455,37.511114,139.931773,6,-0.02,0.229,10.184,0.943
1418024563554,37.511115,139.931774,6,-0.053,0.19,10.127,0.97
1418024563656,37.511115,139.931776,6,-0.112,0.188,10.071,0.999
1418024563755,37.511115,139.931778,6,-0.147,0.203,10.039,1.021
1418024563858,37.511116,139.93178,6,-0.187,0.187,10.004,1.045
1418024563954,37.511116,139.931781,6,-0.219,0.186,9.918,1.068
1418024564055,37.511116,139.931783,6,-0.277,0.129,9.935,1.092
1418024564155,37.511116,139.931785,6,-0.336,0.054,10.012,1.117
1418024564256,37.511117,139.931787,6,-0.323,-0.021,10.194,1.142
1418024564356,37.511117,139.931789,6,-0.222,-0.07,10.279,1.168
1418024564457,37.511117,139.931792,6,-0.132,-0.068,10.176,1.195
1418024564558,37.511118,139.931794,6,-0.109,-0.049,10.074,1.222
1418024564658,37.511118,139.931796,6,-0.328,-0.035,10.011,1.249
1418024564754,37.511119,139.931798,6,-0.529,-0.004,9.993,1.272
1418024564855,37.511119,139.9318,6,-0.814,-0.025,9.948,1.295
1418024564956,37.51112,139.931802,6,-1.12,-0.024,10.02,1.319
1418024565056,37.511121,139.931804,6,-1.366,-0.062,10.101,1.344
1418024565157,37.511122,139.931806,6,-1.519,-0.093,10.01,1.369
1418024565258,37.511123,139.931809,6,-1.471,-0.122,10.057,1.394
1418024565358,37.511123,139.931811,6,-1.383,-0.128,10.113,1.42
1418024565454,37.511124,139.931813,6,-1.304,-0.058,10.052,1.445
1418024565555,37.511125,139.931815,6,-1.247,0.011,9.953,1.472
1418024565655,37.511126,139.931818,6,-1.119,0.103,10.202,1.499
1418024565756,37.511127,139.93182,6,-1.017,0.255,10.289,1.5
1418024565857,37.511129,139.931822,6,-1.042,0.401,10.078,1.5
1418024565958,37.51113,139.931823,6,-1.092,0.495,9.934,1.5
1418024566058,37.511132,139.931825,6,-1.166,0.489,9.889,1.5
1418024566154,37.511133,139.931827,6,-1.231,0.364,9.986,1.5
1418024566255,37.511135,139.931829,6,-1.373,0.117,10.374,1.5
1418024566355,37.511136,139.931831,6,-1.6,-0.075,10.342,1.5
1418024566456,37.511138,139.931832,6,-1.733,-0.15,9.845,1.5
1418024566557,37.511139,139.931834,6,-1.743,-0.136,9.672,1.5
1418024566658,37.511141,139.931836,6,-1.777,-0.42,9.881,1.5
1418024566758,37.511142,139.931837,6,-1.761,-0.745,10.387,1.5
1418024566855,37.511143,139.931839,6,-1.675,-0.854,10.527,1.5
1418024566955,37.511144,139.93184,6,-1.593,-0.779,10.084,1.5
1418024567055,37.511145,139.931841,6,-1.429,-0.65,9.739,1.5
1418024567156,37.511146,139.931842,6,-1.183,-0.566,9.627,1.5
1418024567257,37.511148,139.931844,6,-0.928,-0.576,9.758,1.5
1418024567357,37.511149,139.931845,6,-0.743,-0.599,9.977,1.5
1418024567458,37.51115,139.931846,6,-0.727,-0.658,10.223,1.5
1418024567554,37.511151,139.931848,6,-0.817,-0.692,10.296,1.5
1418024567655,37.511152,139.931849,6,-0.919,-0.653,10.141,1.5
1418024567755,37.511155,139.931849,6,-0.953,-0.588,9.95,1.558
1418024567856,37.511158,139.931849,6,-0.969,-0.565,10.018,1.623
1418024567957,37.511161,139.931848,6,-0.944,-0.561,10.184,1.691
1418024568057,37.511165,139.931848,6,-0.838,-0.547,10.079,1.762
1418024568158,37.511169,139.931848,6,-0.643,-0.507,9.951,1.836
1418024568254,37.511172,139.931847,6,-0.454,-0.454,9.919,1.909
1418024568354,37.511176,139.931847,6,-0.294,-0.405,9.911,1.989
1418024568455,37.51118,139.931847,6,-0.159,-0.311,9.996,2.072
1418024568556,37.511184,139.931846,6,-0.153,-0.124,10.158,2.158
1418024568657,37.511189,139.931846,6,-0.246,0.03,10.175,2.247
1418024568757,37.511191,139.931846,6,-0.34,0.231,10.105,2.25
1418024568858,37.511193,139.931845,6,-0.393,0.487,10.083,2.25
1418024568954,37.511195,139.931845,6,-0.448,0.724,10.044,2.25
1418024569054,37.511196,139.931844,6,-0.535,0.757,9.856,2.25
1418024569155,37.511198,139.931844,6,-0.563,0.746,9.848,2.25
1418024569256,37.5112,139.931844,6,-0.527,0.87,10.084,2.25
1418024569356,37.511202,139.931843,6,-0.523,1.015,10.167,2.25
1418024569457,37.511204,139.931843,6,-0.499,1.176,9.984,2.25
1418024569558,37.511206,139.931842,6,-0.385,1.213,9.843,2.25
1418024574649,37.511489,139.931699,10,-0.227,1.122,9.877,7.971
1418024574654,37.51149,139.931698,10,-0.215,1.109,9.888,7.984
1418024574754,37.511497,139.931695,10,-0.011,0.433,10.337,7.976
1418024574855,37.511503,139.931692,10,0.106,0.05,10.452,7.951
1418024574956,37.51151,139.931689,10,0.251,-0.041,10.388,7.925
1418024575057,37.511516,139.931686,10,0.278,-0.048,10.063,7.9
1418024575157,37.511523,139.931683,10,0.276,0.004,9.667,7.875
1418024575258,37.511529,139.93168,10,0.204,-0.079,9.723,7.85
1418024575354,37.511535,139.931677,10,0.136,-0.228,10.216,7.826
1418024575454,37.511541,139.931674,10,0.116,-0.259,10.536,7.801
1418024575555,37.511547,139.931671,10,0.101,-0.177,10.185,7.776
1418024575656,37.511554,139.931668,10,0.11,-0.076,9.803,7.751
1418024575756,37.51156,139.931666,6,0.212,-0.05,9.734,7.75
1418024575857,37.511567,139.931663,6,0.301,-0.128,10.021,7.75
1418024575959,37.511574,139.931661,6,0.36,-0.192,10.292,7.75
1418024576054,37.51158,139.931658,6,0.441,-0.242,10.371,7.75
1418024576154,37.511587,139.931656,6,0.463,-0.174,10.075,7.75
1418024576255,37.511593,139.931653,6,0.421,-0.106,9.743,7.75
1418024576356,37.5116,139.931651,6,0.454,-0.088,9.803,7.75
1418024576456,37.511607,139.931648,6,0.433,-0.182,9.906,7.75
1418024576557,37.511613,139.931646,6,0.448,-0.293,10.022,7.75
1418024576658,37.51162,139.931643,6,0.487,-0.374,10.115,7.75
1418024576759,37.511626,139.931642,6,0.598,-0.339,9.907,7.725
1418024576854,37.511631,139.93164,6,0.642,-0.206,9.779,7.701
1418024576955,37.511637,139.931639,6,0.613,-0.116,9.849,7.675
1418024577056,37.511643,139.931638,6,0.598,-0.152,10.018,7.65
1418024577156,37.511649,139.931636,6,0.575,-0.116,10.282,7.625
1418024577257,37.511655,139.931635,6,0.577,-0.039,10.288,7.6
1418024577358,37.511661,139.931634,6,0.514,0.075,10.148,7.575
1418024577458,37.511666,139.931633,6,0.472,0.091,10.458,7.55
1418024577554,37.511672,139.931631,6,0.433,0.149,10.264,7.526
1418024577660,37.511678,139.93163,6,0.435,0.324,9.905,7.5
1418024577755,37.511685,139.931628,6,0.46,0.343,9.95,7.546
1418024577855,37.511692,139.931626,6,0.44,0.385,10.053,7.595
1418024577957,37.511699,139.931624,6,0.421,0.458,9.837,7.645
1418024578056,37.511706,139.931622,6,0.372,0.489,9.708,7.694
1418024578158,37.511714,139.93162,6,0.352,0.474,9.87,7.745
1418024578254,37.511721,139.931618,6,0.398,0.487,10.237,7.793
1418024578355,37.511728,139.931616,6,0.347,0.511,10.108,7.844
1418024578455,37.511736,139.931614,6,0.357,0.548,10.006,7.895
1418024578556,37.511743,139.931612,6,0.337,0.519,10.206,7.946
1418024578657,37.511751,139.93161,6,0.303,0.516,10.096,7.998
1418024578758,37.511758,139.931608,6,0.298,0.547,10.015,8.0
1418024578858,37.511765,139.931607,6,0.387,0.551,10.128,8.0
1418024578954,37.511772,139.931605,6,0.362,0.498,10.237,8.0
1418024579055,37.511779,139.931603,6,0.392,0.526,10.106,8.0
1418024579155,37.511786,139.931602,6,0.441,0.584,9.894,8.0
1418024579256,37.511793,139.9316,6,0.472,0.559,9.992,8.0
1418024579357,37.5118,139.931598,6,0.407,0.475,10.241,8.0
1418024579457,37.511807,139.931596,6,0.376,0.452,10.128,8.0
1418024579558,37.511814,139.931595,6,0.485,0.552,9.852,8.0
1418024583652,37.512198,139.931539,8,0.657,0.593,9.997,10.25
1418024583657,37.512199,139.931539,8,0.663,0.587,10.004,10.25
1418024583758,37.512207,139.931539,7,0.502,0.253,10.127,10.298
1418024583858,37.512216,139.931538,7,0.305,0.083,9.977,10.347
1418024583954,37.512224,139.931538,7,0.188,0.026,9.702,10.395
1418024584055,37.512232,139.931537,7,0.184,-0.04,9.716,10.445
1418024584155,37.512241,139.931537,7,0.203,-0.154,10.012,10.495
1418024584256,37.51225,139.931536,7,0.184,-0.219,10.201,10.545
1418024584357,37.512259,139.931536,7,0.159,-0.234,10.259,10.596
1418024584458,37.512267,139.931535,7,0.166,-0.206,10.215,10.647
1418024584558,37.512276,139.931535,7,0.117,-0.159,10.053,10.698
1418024584654,37.512284,139.931534,7,0.055,-0.187,9.929,10.747
1418024584755,37.512294,139.931534,8,0.019,-0.205,10.037,10.75
1418024584855,37.512304,139.931533,8,-0.003,-0.181,10.091,10.75
1418024584956,37.512314,139.931533,8,-0.044,-0.058,9.908,10.75
1418024585057,37.512324,139.931532,8,-0.017,0.082,9.917,10.75
1418024585158,37.512333,139.931532,8,-0.117,0.076,9.861,10.75
1418024585258,37.512343,139.931531,8,-0.101,0.116,9.944,10.75
1418024585354,37.512352,139.931531,8,-0.14,0.042,10.228,10.75
1418024585455,37.512362,139.93153,8,-0.085,0.094,10.261,10.75
1418024585555,37.512372,139.93153,8,-0.104,0.161,9.843,10.75
1418024585656,37.512382,139.931529,8,0.023,0.249,10.029,10.75
1418024585757,37.51239,139.931528,9,0.015,0.251,9.998,10.774
1418024585857,37.512399,139.931527,9,0.081,0.252,10.082,10.799
1418024585958,37.512408,139.931526,9,0.093,0.26,10.218,10.824
1418024586054,37.512416,139.931525,9,0.056,0.269,10.357,10.848
1418024586154,37.512425,139.931524,9,0.05,0.361,10.152,10.873
1418024586255,37.512434,139.931523,9,0.005,0.48,9.66,10.898
1418024586356,37.512442,139.931522,9,-0.053,0.523,9.604,10.923
1418024586457,37.512451,139.931521,9,-0.129,0.456,9.986,10.949
1418024586557,37.51246,139.93152,9,-0.149,0.336,10.467,10.974
1418024586658,37.512469,139.931519,9,-0.135,0.253,10.616,10.999
1418024586754,37.512479,139.931519,9,-0.206,0.31,10.33,11.023
1418024586854,37.512489,139.931518,9,-0.242,0.431,10.002,11.048
1418024586955,37.512499,139.931518,9,-0.207,0.576,9.579,11.073
1418024587056,37.51251,139.931517,9,-0.144,0.564,9.407,11.098
1418024587157,37.51252,139.931517,9,-0.144,0.378,10.044,11.124
1418024587257,37.512531,139.931516,9,-0.217,0.249,10.363,11.149
1418024587358,37.512541,139.931516,9,-0.259,0.289,10.338,11.174
1418024587454,37.512551,139.931515,9,-0.235,0.389,10.034,11.198
1418024587554,37.512562,139.931515,9,-0.172,0.492,9.853,11.223
1418024587655,37.512572,139.931514,9,-0.08,0.415,10.195,11.249
1418024587756,37.512583,139.931513,8,-0.002,0.369,10.468,11.297
1418024587857,37.512593,139.931512,8,0.058,0.427,10.239,11.347
1418024587957,37.512603,139.931511,8,0.09,0.569,9.558,11.396
1418024588058,37.512613,139.93151,8,0.142,0.649,9.262,11.446
1418024588154,37.512623,139.931509,8,0.246,0.541,9.616,11.494
1418024588254,37.512634,139.931508,8,0.268,0.395,10.11,11.544
1418024588355,37.512644,139.931506,8,0.275,0.267,10.594,11.595
1418024588456,37.512655,139.931505,8,0.208,0.297,10.631,11.646
1418024588556,37.512665,139.931504,8,0.103,0.384,10.175,11.697
1418024588657,37.512676,139.931503,8,-0.08,0.419,9.817,11.748
1418024588758,37.512687,139.931503,8,-0.209,0.424,9.812,11.798
1418024588854,37.512697,139.931503,8,-0.16,0.362,9.911,11.845
1418024588954,37.512708,139.931503,8,0.021,0.356,10.17,11.895
1418024589055,37.51272,139.931503,8,0.113,0.414,10.197,11.945
1418024589156,37.512731,139.931503,8,0.037,0.416,10.05,11.995
1418024589256,37.512742,139.931503,8,-0.051,0.336,10.067,12.045
1418024589357,37.512754,139.931503,8,0.062,0.38,9.97,12.096
1418024589458,37.512765,139.931503,8,0.223,0.398,10.139,12.147
1418024589559,37.512776,139.931503,8,0.11,0.375,10.129,12.199
1418024589654,37.512787,139.931503,8,0.093,0.382,9.965,12.247
1418024589755,37.512798,139.931502,8,0.192,0.44,9.928,12.25
1418024589856,37.51281,139.931502,8,0.118,0.404,10.035,12.25
1418024589956,37.512821,139.931501,8,0.055,0.34,10.002,12.25
1418024590057,37.512832,139.9315,8,0.212,0.313,10.191,12.25
1418024590158,37.512843,139.9315,8,0.189,0.292,10.215,12.25
1418024590258,37.512854,139.931499,8,0.361,0.353,10.129,12.25
1418024590354,37.512864,139.931498,8,0.356,0.379,9.934,12.25
1418024590455,37.512875,139.931497,8,0.411,0.409,9.943,12.25
1418024590555,37.512886,139.931497,8,0.354,0.443,9.795,12.25
1418024590656,37.512898,139.931496,8,0.358,0.437,9.665,12.25
1418024590757,37.51291,139.931495,8,0.306,0.372,9.918,12.344
1418024590858,37.512922,139.931495,8,0.366,0.312,10.221,12.442
1418024590958,37.512934,139.931494,8,0.305,0.236,10.394,12.54
1418024591054,37.512946,139.931493,8,0.311,0.284,10.329,12.635
1418024591155,37.512959,139.931493,8,0.353,0.356,10.17,12.735
1418024591255,37.512971,139.931492,8,0.366,0.365,9.902,12.836
1418024591356,37.512984,139.931491,8,0.378,0.357,9.981,12.938
1418024591457,37.512997,139.93149,8,0.406,0.314,10.208,13.041
1418024591557,37.51301,139.93149,8,0.446,0.329,10.215,13.143
1418024591658,37.513023,139.931489,8,0.399,0.324,10.043,13.248
1418024591759,37.513036,139.93149,10,0.333,0.426,9.706,13.275
1418024591855,37.513048,139.931491,10,0.337,0.376,9.582,13.298
1418024591954,37.51306,139.931492,10,0.375,0.276,10.079,13.323
1418024592056,37.513073,139.931493,10,0.39,0.112,10.481,13.348
1418024592155,37.513086,139.931493,10,0.356,0.101,10.493,13.373
1418024592258,37.513099,139.931494,10,0.367,0.178,10.152,13.399
1418024592357,37.513112,139.931495,10,0.39,0.273,9.735,13.424
1418024592454,37.513124,139.931496,10,0.45,0.258,9.575,13.448
1418024592555,37.513137,139.931497,10,0.524,0.189,9.865,13.474
1418024592655,37.51315,139.931498,10,0.592,0.063,10.233,13.499
1418024592756,37.513163,139.931498,10,0.64,0.05,10.484,13.5
1418024592857,37.513175,139.931498,10,0.685,0.155,10.203,13.5
1418024592957,37.513187,139.931498,10,0.634,0.306,9.706,13.5
1418024593058,37.513199,139.931498,10,0.69,0.345,9.753,13.5
1418024593154,37.513211,139.931498,10,0.755,0.251,9.993,13.5
1418024593255,37.513223,139.931497,10,0.76,0.162,10.249,13.5
1418024593355,37.513235,139.931497,10,0.764,0.188,10.379,13.5
1418024593456,37.513247,139.931497,10,0.73,0.289,9.796,13.5
1418024593557,37.51326,139.931497,10,0.69,0.375,9.444,13.5
1418024593657,37.513272,139.931497,10,0.713,0.305,9.755,13.5
1418024593758,37.513286,139.931499,10,0.746,0.199,10.119,13.548
1418024593854,37.5133,139.931501,10,0.686,0.258,10.29,13.596
1418024593954,37.513315,139.931503,10,0.632,0.244,10.428,13.645
1418024594055,37.51333,139.931505,10,0.628,0.259,10.027,13.695
1418024594156,37.513345,139.931507,10,0.657,0.321,9.85,13.746
1418024594257,37.51336,139.931509,10,0.632,0.33,9.869,13.796
1418024594357,37.513375,139.931512,10,0.654,0.288,10.094,13.847
1418024594458,37.51339,139.931514,10,0.601,0.237,10.164,13.898
1418024594554,37.513405,139.931516,10,0.558,0.238,10.22,13.946
1418024594654,37.51342,139.931518,10,0.576,0.283,10.185,13.997
1418024594755,37.513433,139.931519,10,0.533,0.367,9.932,14.0
1418024594856,37.513446,139.93152,10,0.428,0.433,9.635,14.0
1418024594956,37.513458,139.931522,10,0.414,0.369,9.747,14.0
1418024595057,37.513471,139.931523,10,0.394,0.289,10.069,14.0
1418024595158,37.513484,139.931524,10,0.372,0.267,10.169,14.0
1418024595254,37.513496,139.931525,10,0.439,0.314,10.248,14.0
1418024595354,37.513508,139.931526,10,0.408,0.285,10.173,14.0
1418024595455,37.513521,139.931528,10,0.381,0.315,10.041,14.0
1418024595556,37.513534,139.931529,10,0.379,0.348,10.066,14.0
1418024595656,37.513546,139.93153,10,0.437,0.328,10.242,14.0
1418024595757,37.51356,139.93153,10,0.531,0.281,10.291,14.071
1418024595858,37.513574,139.931531,10,0.614,0.335,10.072,14.145
1418024595958,37.513588,139.931531,10,0.583,0.408,9.643,14.219
1418024596054,37.513602,139.931532,10,0.609,0.475,9.384,14.291
1418024596155,37.513616,139.931532,10,0.714,0.294,10.012,14.366
1418024596256,37.51363,139.931533,10,0.792,0.075,10.709,14.442
1418024596356,37.513644,139.931533,10,0.773,0.094,10.794,14.518
1418024596457,37.513659,139.931534,10,0.675,0.201,9.931,14.595
1418024596558,37.513673,139.931534,10,0.647,0.35,9.216,14.672
1418024596658,37.513688,139.931535,10,0.699,0.131,9.258,14.748
1418024596754,37.513702,139.931538,10,0.753,-0.112,9.839,14.773
1418024596855,37.513717,139.931542,10,0.775,-0.321,10.583,14.798
1418024596956,37.513733,139.931546,10,0.682,-0.361,10.625,14.824
1418024597056,37.513748,139.93155,10,0.566,-0.268,10.037,14.848
1418024597157,37.513763,139.931553,10,0.547,-0.179,9.633,14.874
1418024597258,37.513779,139.931557,10,0.548,-0.176,9.648,14.899
1418024597358,37.513794,139.931561,10,0.574,-0.272,10.042,14.924
1418024597454,37.513808,139.931564,10,0.593,-0.326,10.345,14.948
1418024597555,37.513824,139.931568,10,0.596,-0.307,10.209,14.974
1418024597655,37.513839,139.931572,10,0.557,-0.222,9.82,14.999
1418024597756,37.513853,139.931575,8,0.575,-0.155,9.545,15.0
1418024597857,37.513866,139.931578,8,0.613,-0.236,9.89,15.0
1418024597958,37.51388,139.931581,8,0.633,-0.433,10.625,15.0
1418024598058,37.513893,139.931584,8,0.651,-0.513,10.958,15.0
1418024598154,37.513906,139.931587,8,0.642,-0.435,10.727,15.0
1418024598255,37.513919,139.93159,8,0.664,-0.291,10.233,15.0
1418024598355,37.513932,139.931593,8,0.57,-0.195,10.013,15.0
1418024598456,37.513946,139.931596,8,0.641,0.165,8.533,15.0
1418024598557,37.513959,139.931599,8,0.718,0.108,8.562,15.0
1418024598658,37.513973,139.931602,8,0.785,-0.229,9.547,15.0
1418024598758,37.513983,139.931608,9,0.808,-0.535,10.918,14.95
1418024598854,37.513993,139.931613,9,0.959,-0.789,11.739,14.902
1418024598955,37.514004,139.931619,9,0.959,-0.712,11.552,14.851
1418024599055,37.514014,139.931625,9,0.917,-0.468,10.722,14.8
1418024599156,37.514025,139.931631,9,0.753,-0.072,9.4,14.75
1418024599257,37.514035,139.931637,9,0.651,0.068,8.773,14.699
1418024599357,37.514045,139.931643,9,0.648,-0.007,9.074,14.65
1418024599458,37.514055,139.931648,9,0.652,-0.169,9.655,14.6
1418024599554,37.514065,139.931654,9,0.737,-0.35,10.372,14.552
1418024599655,37.514075,139.93166,9,0.816,-0.437,10.77,14.502
1418024599755,37.514088,139.931665,9,0.756,-0.427,10.583,14.476
1418024599856,37.5141,139.93167,9,0.66,-0.245,9.909,14.451
1418024599957,37.514112,139.931676,9,0.631,-0.139,9.587,14.425
1418024600057,37.514124,139.931681,9,0.69,-0.206,9.814,14.4
1418024600158,37.514137,139.931686,9,0.689,-0.317,10.173,14.375
1418024600254,37.514148,139.931691,9,0.646,-0.346,10.35,14.351
1418024600354,37.51416,139.931696,9,0.622,-0.288,10.059,14.326
1418024600455,37.514172,139.931701,9,0.642,-0.196,9.783,14.301
1418024600556,37.514185,139.931707,9,0.659,-0.268,9.919,14.276
1418024600657,37.514197,139.931712,9,0.628,-0.294,10.178,14.251
1418024600757,37.514209,139.931717,6,0.605,-0.277,10.243,14.25
1418024600858,37.514222,139.931722,6,0.643,-0.204,10.07,14.25
1418024600954,37.514233,139.931727,6,0.543,-0.195,9.947,14.25
1418024601054,37.514246,139.931732,6,0.46,-0.235,10.026,14.25
1418024601155,37.514258,139.931737,6,0.458,-0.268,10.172,14.25
1418024601256,37.514271,139.931742,6,0.404,-0.235,10.186,14.25
1418024601356,37.514283,139.931747,6,0.331,-0.217,9.975,14.25
1418024601457,37.514296,139.931752,6,0.311,-0.09,9.499,14.25
1418024601558,37.514308,139.931757,6,0.352,-0.115,9.579,14.25
1418024601654,37.51432,139.931762,6,0.432,-0.219,9.913,14.25
1418024601754,37.514332,139.931767,6,0.507,-0.358,10.486,14.25
1418024601855,37.514345,139.931773,6,0.575,-0.37,10.71,14.25
1418024601956,37.514357,139.931779,6,0.579,-0.279,10.327,14.25
1418024602056,37.514369,139.931784,6,0.561,-0.161,9.814,14.25
1418024602157,37.514382,139.93179,6,0.518,-0.077,9.502,14.25
1418024602258,37.514394,139.931795,6,0.441,-0.141,9.685,14.25
1418024602358,37.514406,139.931801,6,0.359,-0.216,10.072,14.25
1418024602454,37.514418,139.931806,6,0.256,-0.299,10.394,14.25
1418024602555,37.51443,139.931812,6,0.275,-0.236,10.203,14.25
1418024602656,37.514443,139.931818,6,0.262,-0.256,10.192,14.25
1418024602756,37.514454,139.931823,6,0.234,-0.195,10.165,14.226
1418024602857,37.514466,139.931828,6,0.295,-0.14,9.835,14.2
1418024602958,37.514477,139.931833,6,0.329,-0.158,9.932,14.175
1418024603058,37.514489,139.931838,6,0.262,-0.137,9.783,14.15
1418024603154,37.5145,139.931842,6,0.222,-0.178,9.875,14.126
1418024603255,37.514511,139.931847,6,0.282,-0.148,10.103,14.101
1418024603355,37.514522,139.931852,6,0.252,-0.188,10.282,14.076
1418024603456,37.514534,139.931857,6,0.196,-0.201,10.354,14.051
1418024603557,37.514545,139.931862,6,0.127,-0.138,10.077,14.026
1418024603658,37.514557,139.931867,6,0.103,-0.07,9.79,14.0
1418024603754,37.514568,139.931872,6,0.12,-0.093,9.899,13.976
1418024603855,37.514581,139.931878,6,0.145,-0.128,9.979,13.951
1418024603955,37.514593,139.931884,6,0.133,-0.175,10.162,13.926
1418024604055,37.514605,139.93189,6,0.101,-0.155,10.224,13.901
1418024604156,37.514617,139.931895,6,0.114,-0.117,9.932,13.875
1418024604257,37.514629,139.931901,6,0.126,-0.082,9.894,13.85
1418024604358,37.514642,139.931907,6,0.128,-0.076,9.92,13.825
1418024604458,37.514654,139.931913,6,0.151,-0.177,10.069,13.8
1418024604554,37.514665,139.931918,6,0.116,-0.179,10.116,13.776
1418024604655,37.514677,139.931924,6,0.148,-0.161,10.109,13.751
1418024604755,37.514689,139.93193,6,0.156,-0.112,9.888,13.75
1418024604856,37.5147,139.931936,6,0.146,-0.067,9.896,13.75
1418024604957,37.514711,139.931942,6,0.136,-0.093,10.083,13.75
1418024605057,37.514722,139.931947,6,0.126,-0.098,10.125,13.75
1418024605158,37.514734,139.931953,6,0.081,-0.087,10.017,13.75
1418024605254,37.514745,139.931959,6,0.091,-0.064,9.89,13.75
1418024605355,37.514756,139.931965,6,0.097,-0.112,10.036,13.75
1418024605455,37.514767,139.931971,6,0.127,-0.209,10.417,13.75
1418024605556,37.514778,139.931977,6,0.158,-0.218,10.479,13.75
1418024605657,37.51479,139.931983,6,0.164,-0.077,10.008,13.75
1418024605757,37.514801,139.931989,6,0.131,0.012,9.54,13.75
1418024605858,37.514813,139.931995,6,0.071,-0.017,9.638,13.75
1418024605954,37.514825,139.932001,6,0.044,-0.085,9.906,13.75
1418024606060,37.514837,139.932007,6,-0.031,-0.178,10.214,13.75
1418024606155,37.514848,139.932013,6,-0.074,-0.144,10.197,13.75
1418024606254,37.51486,139.932019,6,-0.145,-0.107,10.082,13.75
1418024606357,37.514872,139.932025,6,-0.188,-0.132,10.156,13.75
1418024606456,37.514884,139.932031,6,-0.15,-0.133,10.3,13.75
1418024606558,37.514896,139.932037,6,-0.179,-0.075,10.011,13.75
1418024606654,37.514907,139.932043,6,-0.148,-0.003,9.636,13.75
1418024606754,37.514919,139.932049,7,-0.061,-0.025,9.817,13.726
1418024606856,37.51493,139.932056,7,-0.007,-0.108,10.032,13.701
1418024606956,37.514942,139.932062,7,-0.108,-0.165,10.077,13.676
1418024607057,37.514953,139.932069,7,-0.047,-0.218,10.714,13.65
1418024607157,37.514964,139.932075,7,-0.085,-0.281,10.759,13.625
1418024607258,37.514976,139.932081,7,-0.148,-0.056,9.955,13.6
1418024607354,37.514987,139.932088,7,-0.179,0.125,9.22,13.576
1418024607454,37.514998,139.932094,7,-0.241,0.18,9.14,13.551
1418024607555,37.515009,139.9321,7,-0.293,-0.012,9.947,13.526
1418024607656,37.515021,139.932107,7,-0.333,-0.21,10.697,13.501
1418024607756,37.515032,139.932113,7,-0.416,-0.263,10.694,13.5
1418024607857,37.515044,139.932119,7,-0.47,-0.101,10.123,13.5
1418024607958,37.515055,139.932126,7,-0.429,0.107,9.351,13.5
1418024608054,37.515066,139.932132,7,-0.319,0.231,8.973,13.5
1418024608154,37.515078,139.932138,7,-0.254,0.056,9.697,13.5
1418024608255,37.515089,139.932144,7,-0.193,-0.263,10.989,13.5
1418024608356,37.515101,139.932151,7,-0.178,-0.378,11.448,13.5
1418024608456,37.515113,139.932157,7,-0.21,-0.251,11.037,13.5
1418024608557,37.515124,139.932164,7,-0.225,0.022,9.832,13.5
1418024608658,37.515136,139.93217,7,-0.267,0.33,8.688,13.5
1418024608759,37.515147,139.932175,7,-0.369,0.292,8.783,13.525
1418024608854,37.515159,139.932181,7,-0.381,0.169,9.274,13.548
1418024608955,37.51517,139.932186,7,-0.402,-0.097,10.035,13.573
1418024609056,37.515182,139.932192,7,-0.463,-0.33,11.135,13.598
1418024609156,37.515194,139.932198,7,-0.276,-0.412,11.438,13.623
1418024609257,37.515206,139.932203,7,-0.073,-0.249,10.896,13.649
1418024609358,37.515217,139.932209,7,0.159,0.051,9.317,13.674
1418024609458,37.515229,139.932215,7,0.373,0.295,8.602,13.699
1418024609554,37.51524,139.93222,7,0.502,0.246,8.94,13.723
1418024609655,37.515252,139.932226,7,0.559,-0.083,9.877,13.749
1418024609756,37.515264,139.932231,9,0.672,-0.362,10.716,13.726
1418024609856,37.515275,139.932235,9,0.756,-0.367,11.12,13.701
1418024609957,37.515286,139.93224,9,0.624,-0.412,11.227,13.675
1418024610058,37.515297,139.932245,9,0.26,-0.155,10.26,13.65
1418024610158,37.515308,139.93225,9,0.037,0.134,9.388,13.625
1418024610254,37.515318,139.932255,9,0.02,0.183,9.24,13.601
1418024610355,37.515329,139.932259,9,-0.08,0.089,9.429,13.576
1418024610455,37.51534,139.932264,9,-0.091,-0.07,10.181,13.551
1418024610556,37.515351,139.932269,9,0.037,-0.204,10.737,13.526
1418024610657,37.515362,139.932274,9,0.082,-0.176,10.692,13.501
1418024610758,37.515373,139.932279,10,0.22,-0.016,10.217,13.5
1418024610858,37.515385,139.932285,10,0.185,0.065,9.604,13.5
1418024610954,37.515396,139.93229,10,0.239,0.156,9.407,13.5
1418024611055,37.515407,139.932295,10,0.284,0.015,9.901,13.5
1418024611155,37.515418,139.932301,10,0.251,-0.123,10.407,13.5
1418024611256,37.51543,139.932306,10,0.188,-0.119,10.559,13.5
1418024611357,37.515441,139.932312,10,0.089,-0.071,10.285,13.5
1418024611457,37.515453,139.932317,10,0.022,0.017,9.917,13.5
1418024611558,37.515464,139.932322,10,0.008,-0.015,9.936,13.5
1418024611654,37.515475,139.932328,10,0.011,-0.013,10.165,13.5
1418024611755,37.515483,139.932336,13,0.146,-0.08,10.258,13.5
1418024611855,37.515491,139.932344,13,0.238,0.013,10.035,13.5
1418024611956,37.515498,139.932353,13,0.385,0.047,9.776,13.5
1418024612057,37.515506,139.932361,13,0.424,0.032,9.756,13.5
1418024612157,37.515513,139.93237,13,0.402,-0.002,9.809,13.5
1418024612258,37.515521,139.932378,13,0.359,-0.025,10.084,13.5
1418024612354,37.515528,139.932386,13,0.327,-0.111,10.3,13.5
1418024612454,37.515536,139.932395,13,0.3,-0.085,10.347,13.5
1418024612555,37.515543,139.932403,13,0.253,-0.047,10.154,13.5
1418024612656,37.515551,139.932412,13,0.227,0.029,9.897,13.5
1418024612757,37.515562,139.932417,13,0.287,0.045,9.703,13.5
1418024612857,37.515573,139.932422,13,0.365,-0.023,10.108,13.5
1418024612959,37.515584,139.932428,13,0.373,-0.072,10.376,13.5
1418024613054,37.515595,139.932432,13,0.283,-0.079,10.162,13.5
1418024613154,37.515606,139.932438,13,0.184,0.063,9.754,13.5
1418024613255,37.515617,139.932443,13,0.233,0.085,9.697,13.5
1418024613356,37.515628,139.932448,13,0.25,-0.04,10.015,13.5
1418024613456,37.515639,139.932453,13,0.17,-0.122,10.4,13.5
1418024613557,37.515651,139.932459,13,0.101,-0.139,10.487,13.5
1418024613658,37.515662,139.932464,13,0.053,-0.059,10.236,13.5
1418024613754,37.515674,139.93247,9,0.054,0.07,9.634,13.5
1418024613854,37.515686,139.932477,9,0.077,0.075,9.797,13.5
1418024613955,37.515699,139.932483,9,0.146,0.044,9.847,13.5
1418024614056,37.515712,139.93249,9,0.211,-0.011,9.918,13.5
1418024614156,37.515724,139.932496,9,0.313,-0.019,10.002,13.5
1418024614257,37.515737,139.932503,9,0.33,-0.119,10.066,13.5
1418024614358,37.51575,139.932509,9,0.305,-0.085,10.131,13.5
1418024614459,37.515763,139.932516,9,0.226,-0.139,10.248,13.5
1418024614554,37.515775,139.932522,9,0.137,-0.074,10.104,13.5
1418024614655,37.515787,139.932529,9,0.099,-0.082,9.998,13.5
1418024614756,37.515799,139.932534,9,0.032,-0.116,9.912,13.476
1418024614856,37.51581,139.932539,9,0.071,-0.046,9.715,13.451
1418024614957,37.515821,139.932544,9,0.071,-0.079,9.863,13.425
1418024615058,37.515833,139.932549,9,0.043,-0.133,10.101,13.4
1418024615158,37.515844,139.932554,9,0.124,-0.129,10.09,13.375
1418024615254,37.515855,139.932558,9,0.161,-0.127,9.975,13.351
1418024615355,37.515866,139.932563,9,0.163,-0.117,10.115,13.326
1418024615456,37.515877,139.932568,9,0.207,-0.159,10.325,13.301
1418024615556,37.515888,139.932573,9,0.177,-0.22,10.378,13.276
1418024615657,37.5159,139.932578,9,0.14,-0.248,10.559,13.251
1418024615758,37.515911,139.932584,8,0.129,-0.117,9.941,13.25
1418024615858,37.515922,139.93259,8,0.134,0.042,9.362,13.25
1418024615954,37.515932,139.932595,8,0.158,0.048,9.092,13.25
1418024616056,37.515944,139.932601,8,0.235,-0.037,9.668,13.25
1418024616156,37.515955,139.932607,8,0.281,-0.288,10.514,13.25
1418024616256,37.515966,139.932613,8,0.334,-0.473,11.021,13.25
1418024616357,37.515977,139.932619,8,0.374,-0.307,10.566,13.25
1418024616458,37.515988,139.932625,8,0.328,-0.163,9.951,13.25
1418024616558,37.515999,139.932631,8,0.302,-0.054,9.587,13.25
1418024616654,37.516009,139.932637,8,0.362,0.003,9.65,13.25
1418024616755,37.516017,139.932642,12,0.442,-0.155,10.04,13.226
1418024616855,37.516024,139.932647,12,0.422,-0.145,10.218,13.201
1418024616956,37.516031,139.932653,12,0.419,-0.185,10.198,13.176
1418024617057,37.516038,139.932658,12,0.48,-0.19,10.287,13.15
1418024617158,37.516045,139.932664,12,0.443,-0.252,10.48,13.125
1418024617258,37.516051,139.932669,12,0.286,-0.122,10.069,13.1
1418024617354,37.516058,139.932674,12,0.205,-0.048,9.876,13.076
1418024617455,37.516065,139.932679,12,0.251,-0.07,9.875,13.051
1418024617555,37.516072,139.932684,12,0.263,0.104,9.075,13.026
1418024617656,37.516079,139.93269,12,0.163,-0.02,9.702,13.001
1418024617757,37.516089,139.932696,12,0.095,-0.132,10.312,13.0
1418024617857,37.5161,139.932702,12,0.213,-0.292,10.734,13.0
1418024617958,37.516111,139.932708,12,0.27,-0.288,10.826,13.0
1418024618054,37.516122,139.932713,12,0.315,-0.265,10.607,13.0
1418024618155,37.516132,139.932719,12,0.241,-0.092,10.038,13.0
1418024618255,37.516143,139.932725,12,0.195,0.094,9.385,13.0
1418024618356,37.516154,139.932731,12,0.193,0.109,9.384,13.0
1418024618457,37.516165,139.932737,12,0.193,0.03,9.515,13.0
1418024618557,37.516176,139.932743,12,0.135,-0.119,10.19,13.0
1418024618658,37.516187,139.932749,12,0.076,-0.195,10.501,13.0
1418024618754,37.516196,139.932754,7,-0.019,-0.129,9.982,13.0
1418024618854,37.516206,139.932759,7,-0.048,0.03,9.431,13.0
1418024618955,37.516216,139.932764,7,-0.018,-0.05,9.879,13.0
1418024619056,37.516225,139.932769,7,0.006,-0.212,10.589,13.0
1418024619156,37.516235,139.932774,7,0.131,-0.248,10.703,13.0
1418024619257,37.516245,139.932779,7,0.191,-0.167,10.492,13.0
1418024619358,37.516255,139.932784,7,0.177,-0.032,10.083,13.0
1418024619454,37.516264,139.932789,7,0.139,0.097,9.513,13.0
1418024619554,37.516274,139.932794,7,0.05,0.13,9.313,13.0
1418024619655,37.516284,139.932799,7,-0.083,0.031,9.752,13.0
1418024619756,37.516295,139.932805,6,-0.108,-0.081,10.193,13.0
1418024619857,37.516306,139.932811,6,-0.175,-0.139,10.306,13.0
1418024619957,37.516317,139.932818,6,-0.166,-0.1,10.244,13.0
1418024620058,37.516328,139.932824,6,-0.129,-0.051,10.078,13.0
1418024620159,37.516339,139.93283,6,-0.152,-0.016,9.862,13.0
1418024620254,37.51635,139.932836,6,-0.09,-0.029,10.07,13.0
1418024620360,37.516362,139.932843,6,-0.081,-0.064,10.185,13.0
1418024620456,37.516372,139.932849,6,-0.139,-0.058,10.207,13.0
1418024620555,37.516383,139.932855,6,-0.145,-0.045,10.205,13.0
1418024620657,37.516395,139.932862,6,-0.183,-0.002,9.994,13.0
1418024620756,37.516406,139.932867,6,-0.149,0.017,9.903,13.047
1418024620859,37.516418,139.932873,6,-0.183,-0.023,10.086,13.098
1418024620954,37.516429,139.932878,6,-0.258,-0.063,10.365,13.145
1418024621055,37.516441,139.932883,6,-0.243,-0.071,10.322,13.195
1418024621156,37.516452,139.932889,6,-0.21,0.052,9.887,13.246
1418024621256,37.516464,139.932895,6,-0.185,0.135,9.628,13.296
1418024621357,37.516476,139.9329,6,-0.245,0.097,9.65,13.347
1418024621458,37.516488,139.932906,6,-0.266,-0.03,10.004,13.397
1418024621558,37.5165,139.932911,6,-0.139,-0.117,10.283,13.448
1418024621654,37.516511,139.932917,6,-0.1,-0.168,10.312,13.497
1418024621755,37.516523,139.932922,6,-0.014,-0.118,10.11,13.452
1418024621856,37.516534,139.932928,6,-0.046,-0.146,9.853,13.401
1418024621956,37.516546,139.932933,6,-0.077,-0.07,9.828,13.35
1418024622057,37.516557,139.932939,6,-0.114,-0.104,9.938,13.299
1418024622158,37.516568,139.932944,6,-0.201,-0.166,9.928,13.249
1418024622258,37.516579,139.93295,6,-0.236,-0.147,10.018,13.199
1418024622354,37.51659,139.932955,6,-0.359,-0.165,10.086,13.151
1418024622455,37.516601,139.93296,6,-0.353,-0.106,9.984,13.101
1418024622555,37.516612,139.932965,6,-0.557,-0.063,9.699,13.052
1418024622656,37.516624,139.932971,6,-0.662,-0.061,9.74,13.002
1418024622757,37.516636,139.932974,8,-0.686,-0.172,10.166,12.951
1418024622858,37.516649,139.932977,8,-0.668,-0.314,10.873,12.899
1418024622958,37.516661,139.93298,8,-0.772,-0.344,10.721,12.849
1418024623054,37.516673,139.932983,8,-0.722,-0.066,9.655,12.801
1418024623155,37.516686,139.932986,8,-0.509,-0.05,10.035,12.75
1418024623255,37.516698,139.93299,8,-0.356,-0.216,10.821,12.7
1418024623356,37.516711,139.932993,8,-0.285,-0.334,10.735,12.65
1418024623457,37.516723,139.932996,8,-0.312,-0.117,9.795,12.6
1418024623558,37.516736,139.932999,8,-0.362,0.134,8.817,12.55
1418024623658,37.516748,139.933002,8,-0.521,0.2,8.839,12.501
1418024623754,37.516757,139.933005,8,-0.71,0.02,9.422,12.476
1418024623855,37.516766,139.933008,8,-0.984,-0.406,10.95,12.451
1418024623955,37.516776,139.933012,8,-1.387,-0.747,12.066,12.426
1418024624056,37.516785,139.933015,8,-1.588,-0.575,11.701,12.4
1418024624157,37.516795,139.933018,8,-1.444,-0.203,10.4,12.375
1418024624257,37.516804,139.933021,8,-1.181,0.221,8.799,12.35
1418024624358,37.516814,139.933024,8,-1.073,0.418,8.057,12.325
1418024624454,37.516823,139.933027,8,-0.92,0.217,8.733,12.301
1418024624555,37.516832,139.933031,8,-0.693,-0.203,10.24,12.276
1418024624655,37.516842,139.933034,8,-0.487,-0.526,11.626,12.251
1418024624756,37.516854,139.933036,8,-0.335,-0.554,11.734,12.274
1418024624857,37.516867,139.933039,8,-0.441,-0.307,10.53,12.299
1418024624957,37.51688,139.933042,8,-0.637,-0.019,9.427,12.324
1418024625058,37.516893,139.933044,8,-0.864,0.073,9.532,12.349
1418024625154,37.516905,139.933047,8,-1.031,-0.016,9.853,12.373
1418024625254,37.516918,139.933049,8,-1.073,-0.146,10.304,12.398
1418024625355,37.516931,139.933052,8,-1.142,-0.188,10.519,12.423
1418024625456,37.516944,139.933055,8,-1.107,-0.154,10.365,12.449
1418024625556,37.516957,139.933057,8,-0.99,-0.08,10.127,12.474
1418024625657,37.516971,139.93306,8,-0.965,-0.03,9.986,12.499
1418024625758,37.516982,139.933062,8,-1.034,-0.073,10.049,12.5
1418024625854,37.516992,139.933065,8,-1.016,-0.06,10.061,12.5
1418024625954,37.517003,139.933067,8,-1.076,-0.03,10.098,12.5
1418024626055,37.517014,139.93307,8,-1.153,-0.027,9.942,12.5
1418024626156,37.517026,139.933072,8,-1.196,-0.176,10.313,12.5
1418024626257,37.517037,139.933075,8,-1.038,-0.296,10.376,12.5
1418024626357,37.517048,139.933077,8,-0.782,-0.418,10.372,12.5
1418024626458,37.517059,139.93308,8,-0.665,-0.473,10.277,12.5
1418024626554,37.517069,139.933082,8,-0.69,-0.455,9.986,12.5
1418024626654,37.51708,139.933085,8,-0.665,-0.393,9.52,12.5
1418024626755,37.51709,139.933084,8,-0.824,-0.506,9.692,12.295
1418024626856,37.5171,139.933084,8,-0.859,-0.65,10.283,12.081
1418024626956,37.51711,139.933083,8,-0.861,-0.76,10.696,11.872
1418024627057,37.517119,139.933082,8,-0.84,-0.677,10.381,11.664
1418024627158,37.517129,139.933082,8,-0.787,-0.421,10.216,11.461
1418024627254,37.517138,139.933081,8,-0.77,-0.153,10.068,11.27
1418024627354,37.517147,139.933081,8,-0.653,-0.072,9.848,11.075
1418024627455,37.517155,139.93308,8,-0.596,0.046,9.587,10.882
1418024627556,37.517164,139.93308,8,-0.597,-0.071,10.176,10.692
1418024627656,37.517173,139.933079,8,-0.433,-0.097,10.44,10.507
1418024627757,37.517182,139.93308,7,-0.358,-0.013,10.221,10.524
1418024627858,37.517192,139.93308,7,-0.323,-0.061,9.992,10.549
1418024627958,37.517201,139.933081,7,-0.365,-0.189,9.687,10.574
1418024628054,37.517211,139.933082,7,-0.32,-0.544,9.938,10.598
1418024628155,37.51722,139.933082,7,-0.338,-0.754,9.99,10.623
1418024628256,37.51723,139.933083,7,-0.301,-0.858,10.017,10.648
1418024628356,37.51724,139.933084,7,-0.308,-0.99,10.253,10.673
1418024628457,37.517249,139.933085,7,-0.415,-0.932,9.996,10.699
1418024628558,37.517259,139.933085,7,-0.3,-0.953,9.879,10.724
1418024628658,37.517269,139.933086,7,-0.192,-1.049,9.944,10.749
1418024628754,37.517276,139.933087,7,-0.087,-1.039,9.733,10.599
1418024628855,37.517284,139.933088,7,-0.024,-1.136,9.868,10.44
1418024628956,37.517291,139.933089,7,0.069,-1.191,10.08,10.283
1418024629056,37.517299,139.93309,7,0.047,-1.259,10.15,10.129
1418024629157,37.517306,139.933091,7,0.058,-1.299,10.116,9.976
1418024629258,37.517313,139.933092,7,0.154,-1.349,9.884,9.826
1418024629358,37.51732,139.933092,7,0.174,-1.427,10.089,9.679
1418024629454,37.517327,139.933093,7,0.25,-1.418,10.076,9.541
1418024629555,37.517334,139.933094,7,0.28,-1.468,9.977,9.397
1418024629655,37.517341,139.933095,7,0.333,-1.405,9.833,9.257
1418024629756,37.51735,139.933095,7,0.402,-1.457,9.987,9.122
1418024629857,37.517359,139.933095,7,0.425,-1.435,9.992,8.989
1418024629957,37.517368,139.933095,7,0.422,-1.421,9.903,8.86
1418024630058,37.517377,139.933095,7,0.353,-1.46,10.106,8.731
1418024630154,37.517385,139.933096,7,0.278,-1.424,9.963,8.61
1418024630255,37.517394,139.933096,7,0.144,-1.351,9.887,8.484
1418024630355,37.517402,139.933096,7,0.164,-1.389,9.996,8.362
1418024630456,37.51741,139.933096,7,0.166,-1.427,10.089,8.24
1418024630557,37.517419,139.933096,7,0.157,-1.412,10.07,8.12
1418024630657,37.517427,139.933096,7,0.085,-1.413,9.904,8.003
1418024630758,37.517434,139.933097,8,-0.007,-1.398,9.684,7.896
1418024630854,37.517441,139.933099,8,-0.065,-1.397,9.827,7.796
1418024630955,37.517448,139.9331,8,0.02,-1.394,9.882,7.691
1418024631055,37.517455,139.933101,8,0.06,-1.415,9.981,7.589
1418024631156,37.517462,139.933103,8,0.141,-1.398,9.955,7.487
1418024631257,37.517469,139.933104,8,0.12,-1.383,10.016,7.387
1418024631357,37.517476,139.933105,8,-0.009,-1.407,10.118,7.289
1418024631458,37.517483,139.933107,8,-0.085,-1.413,10.05,7.191
1418024631554,37.517489,139.933108,8,-0.086,-1.485,9.884,7.1
1418024631654,37.517496,139.933109,8,0.009,-1.637,10.094,7.006
1418024631755,37.517502,139.933106,11,0.067,-1.745,10.21,6.842
1418024631856,37.517507,139.933103,11,0.09,-1.763,10.118,6.678
1418024631956,37.517513,139.9331,11,0.011,-1.757,9.928,6.518
1418024632057,37.517519,139.933097,11,-0.031,-1.713,9.84,6.361
1418024632158,37.517524,139.933094,11,-0.058,-1.767,10.084,6.208
1418024632254,37.517529,139.933092,11,-0.06,-1.759,10.178,6.066
1418024632354,37.517534,139.933089,11,-0.091,-1.661,10.007,5.921
1418024632455,37.517539,139.933086,11,-0.059,-1.463,9.857,5.778
1418024632556,37.517544,139.933084,11,0.029,-1.292,9.868,5.639
1418024632657,37.517549,139.933081,11,0.047,-1.174,9.962,5.504
1418024632757,37.517551,139.93308,11,0.076,-1.084,9.916,5.065
1418024632858,37.517553,139.933079,11,0.058,-1.092,10.107,4.64
1418024632954,37.517554,139.933078,11,0.037,-1.099,10.17,4.262
1418024633054,37.517556,139.933077,11,-0.003,-1.068,9.99,3.894
1418024633155,37.517557,139.933076,11,-0.064,-1.013,9.928,3.551
1418024633256,37.517559,139.933075,11,-0.093,-1.008,9.965,3.235
1418024633356,37.51756,139.933074,11,-0.103,-1.026,10.079,2.95
1418024633457,37.517561,139.933073,11,-0.11,-1.065,10.321,2.689
1418024633558,37.517562,139.933073,11,-0.089,-1.071,10.298,2.457
1418024633654,37.517563,139.933072,11,-0.074,-1.005,9.986,2.261
1418024633754,37.517566,139.933072,9,-0.045,-0.949,9.743,2.132
1418024633855,37.517569,139.933072,9,0.015,-0.972,9.83,2.01
1418024633956,37.517572,139.933072,9,0.068,-1.037,10.018,1.894
1418024634056,37.517575,139.933072,9,0.044,-1.084,10.083,1.786
1418024634157,37.517578,139.933072,9,-0.029,-1.052,10.022,1.682
1418024634258,37.51758,139.933072,9,-0.108,-1.036,9.831,1.583
1418024634359,37.517583,139.933072,9,-0.143,-1.058,9.807,1.491
1418024634459,37.517585,139.933072,9,-0.126,-1.098,9.996,1.405
1418024634555,37.517587,139.933072,9,-0.076,-1.129,10.156,1.328
1418024634654,37.517589,139.933072,9,-0.016,-1.147,10.226,1.254
1418024634756,37.51759,139.933072,9,0.005,-1.038,10.136,1.224
1418024634855,37.517591,139.933072,9,0.012,-0.686,10.163,1.197
1418024634958,37.517592,139.933073,9,0.007,-0.361,10.086,1.17
1418024635057,37.517593,139.933073,9,0.038,-0.154,9.877,1.144
1418024635154,37.517594,139.933073,9,0.032,-0.047,9.791,1.12
1418024635255,37.517595,139.933073,9,0.029,-0.036,9.87,1.095
1418024635355,37.517596,139.933073,9,0.028,-0.058,10.112,1.07
1418024635456,37.517597,139.933074,9,0.028,-0.095,10.163,1.046
1418024635557,37.517598,139.933074,9,0.066,-0.067,10.049,1.023
1418024635658,37.517599,139.933074,9,0.075,-0.032,9.962,1.0
1418024635758,37.517599,139.933072,8,0.056,-0.015,9.97,0.814
1418024635854,37.517598,139.933071,8,0.028,-0.034,10.032,0.65
1418024635955,37.517598,139.933069,8,0.022,-0.027,10.06,0.497
1418024636055,37.517598,139.933068,8,-0.034,-0.019,9.989,0.366
1418024636156,37.517598,139.933067,8,-0.062,0.002,9.98,0.254
1418024636257,37.517597,139.933066,8,-0.042,0.007,10.037,0.162
1418024636358,37.517597,139.933066,8,-0.013,0.011,10.109,0.091
1418024636458,37.517597,139.933065,8,0.003,0.013,10.061,0.041
1418024636554,37.517597,139.933065,8,-0.0,-0.007,10.009,0.011
1418024654757,37.517582,139.933097,7,0.026,0.264,10.055,0.002
1418024654858,37.517582,139.933097,7,0.011,0.271,10.046,0.01
1418024654958,37.517582,139.933097,7,-0.006,0.274,10.052,0.022
1418024655054,37.517582,139.933097,7,0.01,0.259,10.043,0.039
1418024655155,37.517582,139.933097,7,0.0,0.268,10.062,0.061
1418024655255,37.517582,139.933097,7,0.018,0.265,10.06,0.089
1418024655356,37.517582,139.933097,7,0.019,0.272,10.057,0.121
1418024655457,37.517582,139.933097,7,0.016,0.273,10.059,0.159
1418024655558,37.517582,139.933097,7,0.004,0.277,10.063,0.202
1418024655658,37.517582,139.933097,7,0.01,0.273,10.067,0.249
1418024655754,37.517589,139.933096,7,-0.012,0.282,10.073,0.205
1418024655855,37.517596,139.933095,7,0.011,0.281,10.057,0.162
1418024655955,37.517603,139.933093,7,0.006,0.277,10.051,0.124
1418024656056,37.517608,139.933093,7,-0.002,0.277,10.053,0.091
1418024656157,37.517613,139.933092,7,-0.007,0.278,10.059,0.063
1418024656257,37.517616,139.933091,7,0.007,0.273,10.058,0.041
1418024656358,37.517619,139.933091,7,0.009,0.269,10.065,0.023
1418024656454,37.517621,139.93309,7,0.017,0.265,10.063,0.011
1418024656554,37.517623,139.93309,7,0.02,0.266,10.057,0.003
1418024674757,37.517659,139.933051,6,-0.003,0.278,10.063,0.002
1418024674858,37.517659,139.933051,6,-0.008,0.289,10.054,0.01
1418024674954,37.517659,139.933051,6,-0.016,0.29,10.055,0.022
1418024675055,37.517659,139.933051,6,-0.025,0.285,10.063,0.039
1418024675155,37.517659,139.933051,6,-0.009,0.27,10.063,0.061
1418024675256,37.517659,139.933051,6,-0.014,0.272,10.069,0.089
1418024675357,37.517659,139.933051,6,0.003,0.268,10.057,0.121
1418024675457,37.517658,139.93305,6,0.003,0.265,10.056,0.159
1418024675558,37.517658,139.93305,6,0.009,0.258,10.057,0.202
1418024675654,37.517658,139.93305,6,0.01,0.254,10.063,0.247
1418024675755,37.51766,139.93305,6,0.043,0.245,10.046,0.205
1418024675855,37.517662,139.93305,6,0.05,0.256,10.043,0.162
1418024675956,37.517664,139.933051,6,0.028,0.265,10.046,0.124
1418024676057,37.517666,139.933051,6,0.004,0.278,10.057,0.091
1418024676157,37.517667,139.933051,6,0.007,0.281,10.053,0.063
1418024676258,37.517668,139.933051,6,-0.003,0.293,10.059,0.04
1418024676354,37.517669,139.933051,6,0.007,0.289,10.06,0.023
1418024676454,37.517669,139.933051,6,0.018,0.28,10.059,0.011
1418024676555,37.51767,139.933051,6,0.008,0.277,10.076,0.003
1418024708651,37.517719,139.933053,7,0.007,0.261,10.097,2.006
1418024708656,37.517719,139.933053,7,-0.003,0.269,10.092,2.003
1418024708757,37.517721,139.933054,6,-0.105,0.236,9.894,2.0
1418024708857,37.517723,139.933055,6,-0.175,0.037,10.111,2.0
1418024708958,37.517724,139.933056,6,-0.177,-0.092,10.481,2.0
1418024709054,37.517726,139.933057,6,-0.12,0.147,10.677,2.0
1418024709154,37.517728,139.933058,6,-0.047,0.43,10.365,2.0
1418024709255,37.51773,139.933059,6,-0.03,0.681,9.941,2.0
1418024709356,37.517732,139.93306,6,0.05,0.807,9.437,2.0
1418024709456,37.517733,139.933061,6,0.054,0.634,9.593,2.0
1418024709558,37.517735,139.933062,6,-0.032,0.524,10.595,2.0
1418024712649,37.517806,139.93304,7,-0.033,0.645,10.925,3.975
1418024712654,37.517806,139.93304,7,-0.044,0.659,10.931,3.987
1418024712755,37.517809,139.933038,6,-0.776,0.358,11.078,4.0
1418024712855,37.517812,139.933036,6,-1.409,0.12,10.961,4.0
1418024712956,37.517816,139.933034,6,-1.92,-0.038,10.489,4.0
1418024713057,37.517819,139.933032,6,-1.872,-0.023,10.036,4.0
1418024713157,37.517822,139.93303,6,-1.682,0.157,9.826,4.0
1418024713258,37.517826,139.933027,6,-1.61,0.304,9.402,4.0
1418024713354,37.517829,139.933025,6,-1.645,0.157,9.836,4.0
1418024713455,37.517832,139.933023,6,-1.86,-0.106,10.456,4.0
1418024713555,37.517836,139.933021,6,-2.202,-0.271,10.684,4.0
1418024713656,37.517839,139.933019,6,-2.021,-0.253,10.434,4.0
1418024713757,37.517842,139.933015,6,-1.755,-0.055,10.137,4.046
1418024713857,37.517844,139.933011,6,-1.331,0.221,9.851,4.094
1418024713958,37.517847,139.933007,6,-1.177,0.354,9.803,4.143
1418024714054,37.51785,139.933003,6,-1.26,0.453,9.497,4.19
1418024714154,37.517853,139.932999,6,-1.37,0.439,9.512,4.24
1418024714255,37.517856,139.932995,6,-1.607,0.378,9.561,4.29
1418024714356,37.517859,139.932991,6,-1.844,0.277,10.1,4.342
1418024714457,37.517862,139.932987,6,-1.982,0.266,10.267,4.394
1418024714557,37.517865,139.932982,6,-1.975,0.359,10.149,4.446
1418024714658,37.517868,139.932978,6,-1.908,0.352,10.153,4.499
1418024714754,37.517871,139.932974,6,-1.748,0.384,10.335,4.5
1418024714854,37.517873,139.93297,6,-1.537,0.393,10.307,4.5
1418024714955,37.517876,139.932966,6,-1.601,0.407,10.167,4.5
1418024715056,37.517879,139.932962,6,-1.691,0.44,9.954,4.5
1418024715157,37.517881,139.932958,6,-1.734,0.5,9.838,4.5
1418024715257,37.517884,139.932954,6,-1.568,0.621,9.804,4.5
1418024715358,37.517887,139.93295,6,-1.328,0.631,9.952,4.5
1418024715454,37.517889,139.932946,6,-1.058,0.62,10.045,4.5
1418024715554,37.517892,139.932942,6,-0.836,0.581,10.009,4.5
1418024719651,37.517902,139.932626,12,-0.648,0.551,10.069,7.482
1418024719658,37.517902,139.932625,12,-0.648,0.541,10.08,7.496
1418024719754,37.517902,139.932618,12,-0.415,0.226,10.088,7.452
1418024719860,37.517901,139.932609,12,-0.21,0.04,10.083,7.397
1418024719955,37.517901,139.932602,12,-0.155,-0.068,10.158,7.349
1418024720054,37.517901,139.932594,12,-0.159,-0.126,10.12,7.299
1418024720157,37.5179,139.932587,12,-0.134,-0.13,10.06,7.247
1418024720256,37.5179,139.932579,12,-0.111,-0.104,9.932,7.198
1418024720358,37.5179,139.932571,12,-0.097,-0.096,9.836,7.147
1418024720454,37.5179,139.932564,12,-0.093,-0.195,10.005,7.1
1418024720554,37.517899,139.932557,12,-0.076,-0.252,10.168,7.051
1418024720655,37.517899,139.932549,12,-0.005,-0.286,10.177,7.002
1418024720756,37.517898,139.932541,6,0.131,-0.193,10.162,6.95
1418024720857,37.517896,139.932533,6,0.142,-0.127,10.084,6.899
1418024720957,37.517895,139.932526,6,0.148,-0.021,10.086,6.848
1418024721058,37.517893,139.932518,6,0.145,0.017,9.962,6.797
1418024721154,37.517892,139.93251,6,0.094,0.027,10.041,6.748
1418024721254,37.517891,139.932503,6,0.147,0.047,10.005,6.699
1418024721355,37.517889,139.932495,6,0.071,0.049,10.079,6.649
1418024721456,37.517888,139.932487,6,-0.003,0.019,10.082,6.599
1418024721556,37.517886,139.93248,6,0.074,0.07,9.989,6.55
1418024721657,37.517885,139.932472,6,0.058,0.096,10.038,6.501
1418024721758,37.517886,139.932465,6,-0.054,0.129,10.125,6.488
1418024721854,37.517886,139.932458,6,0.087,0.226,10.058,6.475
1418024721954,37.517887,139.932451,6,0.061,0.278,9.942,6.463
1418024722055,37.517888,139.932444,6,-0.031,0.29,9.863,6.45
1418024722156,37.517889,139.932437,6,0.124,0.283,9.984,6.437
1418024722256,37.517889,139.932429,6,0.14,0.246,10.116,6.424
1418024722357,37.51789,139.932422,6,0.097,0.192,10.043,6.412
1418024722458,37.517891,139.932415,6,0.247,0.268,9.919,6.399
1418024722554,37.517891,139.932408,6,0.254,0.298,9.837,6.387
1418024722654,37.517892,139.932401,6,0.214,0.282,10.057,6.375
1418024722755,37.517893,139.932394,6,0.377,0.269,10.25,6.362
1418024722856,37.517893,139.932387,6,0.282,0.215,10.136,6.349
1418024722956,37.517894,139.93238,6,0.429,0.197,10.121,6.337
1418024723057,37.517895,139.932373,6,0.485,0.195,10.08,6.324
1418024723158,37.517896,139.932366,6,0.53,0.128,10.088,6.312
1418024723258,37.517896,139.932359,6,0.563,0.138,10.087,6.299
1418024723354,37.517897,139.932352,6,0.372,0.105,10.053,6.288
1418024723455,37.517898,139.932345,6,0.481,0.05,10.118,6.275
1418024723555,37.517898,139.932338,6,0.397,0.024,10.008,6.263
1418024723656,37.517899,139.932331,6,0.458,0.015,9.945,6.25
1418024723757,37.517899,139.932323,6,0.421,-0.07,10.062,6.297
1418024723858,37.5179,139.932315,6,0.272,-0.126,10.03,6.346
1418024723958,37.5179,139.932307,6,0.323,-0.122,9.971,6.395
1418024724054,37.5179,139.932299,6,0.338,-0.095,9.927,6.442
1418024724155,37.5179,139.932291,6,0.302,-0.119,9.971,6.493
1418024724255,37.517901,139.932282,6,0.285,-0.11,9.936,6.543
1418024724356,37.517901,139.932274,6,0.402,-0.089,9.948,6.594
1418024724457,37.517901,139.932265,6,0.401,-0.079,10.044,6.645
1418024724557,37.517902,139.932257,6,0.279,-0.117,10.171,6.697
1418024724658,37.517902,139.932248,6,0.156,-0.107,10.108,6.749
1418024724754,37.517903,139.932241,7,0.13,-0.111,9.929,6.75
1418024724855,37.517903,139.932233,7,0.121,-0.136,9.905,6.75
1418024724955,37.517904,139.932226,7,0.083,-0.332,10.093,6.75
1418024725056,37.517904,139.932218,7,0.048,-0.45,10.093,6.75
1418024725157,37.517905,139.932211,7,0.032,-0.346,9.982,6.75
1418024725257,37.517906,139.932203,7,0.073,-0.27,9.949,6.75
1418024725358,37.517906,139.932196,7,0.058,-0.343,9.907,6.75
1418024725454,37.517907,139.932188,7,0.018,-0.362,10.062,6.75
1418024725555,37.517907,139.932181,7,-0.089,-0.362,10.232,6.75
1418024725655,37.517908,139.932173,7,-0.077,-0.335,10.199,6.75
1418024725756,37.517909,139.932166,7,-0.027,-0.285,9.983,6.674
1418024725857,37.51791,139.932159,7,-0.002,-0.287,10.115,6.595
1418024725957,37.517911,139.932152,7,-0.022,-0.31,10.163,6.518
1418024726058,37.517912,139.932145,7,-0.006,-0.301,10.068,6.441
1418024726154,37.517913,139.932138,7,-0.01,-0.22,10.019,6.368
1418024726254,37.517914,139.932132,7,-0.06,-0.176,9.899,6.294
1418024726355,37.517915,139.932125,7,-0.047,-0.158,9.902,6.219
1418024726456,37.517916,139.932118,7,-0.035,-0.156,9.935,6.146
1418024726557,37.517917,139.932112,7,-0.067,-0.157,9.876,6.073
1418024726657,37.517918,139.932105,7,-0.025,-0.137,9.886,6.002
1418024726758,37.517919,139.932099,6,-0.108,-0.19,9.936,6.0
1418024726854,37.51792,139.932092,6,-0.066,-0.16,9.974,6.0
1418024726954,37.517921,139.932086,6,-0.094,-0.145,9.848,6.0
1418024727055,37.517922,139.932079,6,-0.125,-0.152,10.016,6.0
1418024727156,37.517923,139.932072,6,-0.223,-0.159,9.969,6.0
1418024727257,37.517924,139.932066,6,-0.284,-0.205,9.961,6.0
1418024727357,37.517925,139.932059,6,-0.317,-0.191,9.971,6.0
1418024727458,37.517926,139.932052,6,-0.341,-0.204,9.813,6.0
1418024727554,37.517927,139.932046,6,-0.38,-0.247,9.849,6.0
1418024727654,37.517928,139.932039,6,-0.404,-0.306,10.154,6.0
1418024727755,37.517928,139.932032,6,-0.456,-0.362,10.254,5.951
1418024727856,37.517928,139.932025,6,-0.518,-0.362,10.155,5.899
1418024727956,37.517927,139.932018,6,-0.458,-0.281,9.968,5.847
1418024728057,37.517927,139.93201,6,-0.389,-0.277,9.899,5.796
1418024728158,37.517927,139.932003,6,-0.392,-0.299,10.015,5.746
1418024728254,37.517927,139.931997,6,-0.384,-0.297,10.089,5.698
1418024728354,37.517927,139.93199,6,-0.392,-0.34,10.145,5.648
1418024728455,37.517926,139.931983,6,-0.395,-0.284,9.952,5.599
1418024728556,37.517926,139.931976,6,-0.41,-0.234,9.815,5.55
1418024728656,37.517926,139.931969,6,-0.44,-0.243,9.81,5.502
1418024728757,37.517927,139.931962,6,-0.424,-0.287,10.056,5.449
1418024728858,37.517928,139.931956,6,-0.377,-0.318,10.173,5.397
1418024728959,37.517929,139.931949,6,-0.337,-0.323,10.167,5.346
1418024729054,37.51793,139.931943,6,-0.321,-0.266,10.033,5.297
1418024729155,37.517931,139.931936,6,-0.34,-0.23,9.867,5.247
1418024729256,37.517932,139.93193,6,-0.356,-0.248,9.943,5.196
1418024729356,37.517933,139.931923,6,-0.343,-0.298,10.218,5.147
1418024729457,37.517934,139.931917,6,-0.322,-0.278,10.188,5.098
1418024729558,37.517935,139.93191,6,-0.256,-0.253,9.971,5.049
1418024729658,37.517936,139.931904,6,-0.217,-0.228,9.897,5.001
1418024729754,37.517936,139.9319,5,-0.221,-0.236,10.035,4.976
1418024729855,37.517935,139.931896,5,-0.232,-0.293,10.164,4.95
1418024729956,37.517935,139.931892,5,-0.258,-0.286,10.131,4.925
1418024730056,37.517934,139.931888,5,-0.268,-0.245,10.024,4.899
1418024730157,37.517934,139.931884,5,-0.24,-0.18,9.828,4.874
1418024730258,37.517934,139.93188,5,-0.229,-0.175,9.816,4.849
1418024730358,37.517933,139.931877,5,-0.2,-0.225,10.048,4.824
1418024730454,37.517933,139.931873,5,-0.175,-0.266,10.237,4.8
1418024730555,37.517932,139.931869,5,-0.159,-0.234,10.118,4.776
1418024730655,37.517932,139.931865,5,-0.175,-0.146,9.825,4.751
1418024730756,37.517932,139.93186,5,-0.207,-0.15,9.838,4.725
1418024730857,37.517933,139.931855,5,-0.212,-0.223,10.073,4.7
1418024730958,37.517934,139.93185,5,-0.202,-0.277,10.242,4.674
1418024731058,37.517934,139.931846,5,-0.159,-0.263,10.238,4.649
1418024731154,37.517935,139.931841,5,-0.159,-0.209,9.995,4.625
1418024731255,37.517935,139.931836,5,-0.165,-0.146,9.798,4.6
1418024731355,37.517936,139.931831,5,-0.176,-0.157,9.822,4.575
1418024731456,37.517936,139.931827,5,-0.214,-0.233,10.151,4.55
1418024731557,37.517936,139.931822,5,-0.243,-0.265,10.352,4.525
1418024731658,37.517937,139.931817,5,-0.275,-0.191,10.04,4.5
1418024731758,37.517937,139.931812,4,-0.277,-0.114,9.723,4.5
1418024731854,37.517937,139.931807,4,-0.258,-0.133,9.794,4.5
1418024731955,37.517937,139.931802,4,-0.22,-0.192,10.071,4.5
1418024732055,37.517937,139.931796,4,-0.209,-0.229,10.168,4.5
1418024732156,37.517936,139.931791,4,-0.214,-0.218,10.118,4.5
1418024732257,37.517936,139.931786,4,-0.236,-0.188,10.091,4.5
1418024732357,37.517936,139.931781,4,-0.235,-0.131,9.898,4.5
1418024732458,37.517936,139.931775,4,-0.249,-0.113,9.828,4.5
1418024732554,37.517936,139.931771,4,-0.249,-0.149,10.098,4.5
1418024732655,37.517936,139.931765,4,-0.251,-0.181,10.263,4.5
1418024732755,37.517937,139.93176,4,-0.221,-0.135,10.074,4.5
1418024732856,37.517937,139.931754,4,-0.218,-0.089,9.912,4.5
1418024732957,37.517938,139.931749,4,-0.195,-0.081,9.944,4.5
1418024733057,37.517938,139.931744,4,-0.257,-0.104,10.017,4.5
1418024733158,37.517939,139.931738,4,-0.26,-0.125,10.004,4.5
1418024733254,37.51794,139.931733,4,-0.219,-0.129,10.072,4.5
1418024733354,37.51794,139.931728,4,-0.163,-0.092,10.1,4.5
1418024733455,37.517941,139.931722,4,-0.095,-0.055,10.03,4.5
1418024733556,37.517941,139.931717,4,-0.02,-0.046,9.948,4.5
1418024733657,37.517942,139.931711,4,0.053,-0.057,9.901,4.5
1418024733757,37.517943,139.931706,4,0.138,-0.077,9.989,4.5
1418024733858,37.517943,139.931701,4,0.217,-0.082,10.084,4.5
1418024733959,37.517944,139.931696,4,0.303,-0.095,10.081,4.5
1418024734054,37.517944,139.931692,4,0.444,-0.046,9.952,4.5
1418024734160,37.517945,139.931687,4,0.658,-0.203,10.327,4.5
1418024734256,37.517946,139.931682,4,0.724,-0.192,10.27,4.5
1418024734355,37.517946,139.931677,4,0.815,-0.094,9.83,4.5
1418024734457,37.517947,139.931672,4,0.878,-0.077,9.519,4.5
1418024734556,37.517947,139.931667,4,1.015,-0.172,9.826,4.5
1418024734654,37.517948,139.931662,4,1.165,-0.297,10.175,4.5
1418024734754,37.517949,139.931658,3,1.368,-0.37,10.257,4.5
1418024734855,37.517951,139.931653,3,1.513,-0.402,10.191,4.5
1418024734956,37.517952,139.931648,3,1.552,-0.409,9.976,4.5
1418024735056,37.517954,139.931643,3,1.598,-0.398,9.859,4.5
1418024735157,37.517955,139.931639,3,1.62,-0.445,9.821,4.5
1418024735258,37.517956,139.931634,3,1.608,-0.521,9.931,4.5
1418024735354,37.517958,139.931629,3,1.609,-0.576,10.207,4.5
1418024735454,37.517959,139.931625,3,1.576,-0.568,10.179,4.5
1418024735555,37.517961,139.93162,3,1.602,-0.508,9.773,4.5
1418024735656,37.517962,139.931615,3,1.633,-0.53,9.659,4.5
1418024735756,37.517964,139.931611,4,1.661,-0.591,9.892,4.449
1418024735857,37.517966,139.931608,4,1.679,-0.682,10.003,4.397
1418024735958,37.517967,139.931604,4,1.709,-0.709,9.951,4.345
1418024736058,37.517969,139.9316,4,1.608,-0.683,10.01,4.294
1418024736154,37.517971,139.931597,4,1.49,-0.709,10.028,4.246
1418024736255,37.517972,139.931593,4,1.378,-0.822,9.995,4.195
1418024736355,37.517974,139.93159,4,1.335,-0.874,10.049,4.146
1418024736456,37.517976,139.931586,4,1.312,-0.756,9.949,4.097
1418024736557,37.517977,139.931583,4,1.289,-0.644,9.536,4.049
1418024736658,37.517979,139.931579,4,1.32,-0.696,9.483,4.001
1418024736758,37.517982,139.931577,4,1.418,-0.826,10.088,4.0
1418024736854,37.517986,139.931575,4,1.471,-0.944,10.443,4.0
1418024736955,37.517989,139.931573,4,1.434,-0.912,10.125,4.0
1418024737055,37.517993,139.931571,4,1.297,-0.792,9.646,4.0
1418024737156,37.517996,139.931569,4,1.285,-0.703,9.422,4.0
1418024737257,37.518,139.931566,4,1.293,-0.837,9.935,4.0
1418024737357,37.518003,139.931564,4,1.326,-1.046,10.768,4.0
1418024737458,37.518007,139.931562,4,1.461,-1.039,10.67,4.0
1418024737554,37.51801,139.93156,4,1.485,-0.823,9.722,4.0
1418024737655,37.518014,139.931558,4,1.493,-0.765,9.532,4.0
1418024737755,37.518017,139.931557,5,1.456,-0.772,9.719,4.023
1418024737856,37.51802,139.931556,5,1.307,-0.862,10.251,4.048
1418024737957,37.518024,139.931555,5,1.243,-0.832,10.127,4.073
1418024738057,37.518027,139.931553,5,1.298,-0.795,10.09,4.097
1418024738158,37.51803,139.931552,5,1.475,-0.827,10.257,4.123
1418024738254,37.518033,139.931551,5,1.512,-0.724,9.82,4.147
1418024738355,37.518037,139.93155,5,1.508,-0.586,9.126,4.172
1418024738455,37.51804,139.931549,5,1.428,-0.535,9.117,4.198
1418024738556,37.518043,139.931547,5,1.499,-0.588,9.513,4.223
1418024738657,37.518047,139.931546,5,1.502,-0.776,10.429,4.249
1418024738757,37.518051,139.931545,5,1.374,-0.822,10.578,4.25
1418024738858,37.518055,139.931545,5,1.215,-0.677,9.986,4.25
1418024738954,37.518058,139.931544,5,0.999,-0.505,9.551,4.25
1418024739054,37.518062,139.931543,5,0.879,-0.501,9.79,4.25
1418024739155,37.518066,139.931543,5,0.93,-0.699,10.418,4.25
1418024739256,37.51807,139.931542,5,1.114,-0.762,10.722,4.25
1418024739357,37.518073,139.931541,5,1.169,-0.648,10.501,4.25
1418024739457,37.518077,139.93154,5,1.054,-0.488,10.118,4.25
1418024739558,37.518081,139.93154,5,0.807,-0.266,9.622,4.25
1418024739654,37.518085,139.931539,5,0.717,-0.163,9.17,4.25
1418024739754,37.518089,139.93154,5,0.694,-0.225,9.377,4.295
1418024739855,37.518094,139.931542,5,0.757,-0.308,10.042,4.343
1418024739956,37.518099,139.931543,5,0.709,-0.434,10.535,4.392
1418024740056,37.518104,139.931545,5,0.637,-0.4,10.209,4.441
1418024740157,37.518109,139.931546,5,0.625,-0.305,9.812,4.492
1418024740258,37.518114,139.931548,5,0.578,-0.268,9.715,4.542
1418024740354,37.518119,139.931549,5,0.559,-0.286,9.817,4.591
1418024740454,37.518124,139.931551,5,0.596,-0.317,9.984,4.642
1418024740555,37.518129,139.931552,5,0.665,-0.302,10.067,4.695
1418024740656,37.518135,139.931554,5,0.714,-0.245,10.065,4.748
1418024740756,37.51814,139.931555,5,0.694,-0.159,9.834,4.796
1418024740857,37.518144,139.931555,5,0.625,-0.156,9.88,4.845
1418024740958,37.518149,139.931556,5,0.534,-0.165,10.133,4.894
1418024741058,37.518154,139.931556,5,0.457,-0.116,10.08,4.943
1418024741154,37.518159,139.931557,5,0.328,-0.116,9.888,4.991
1418024741255,37.518164,139.931557,5,0.265,-0.035,9.921,5.041
1418024741356,37.518169,139.931558,5,0.168,-0.09,10.078,5.093
1418024741456,37.518174,139.931559,5,0.099,-0.081,10.115,5.144
1418024741557,37.51818,139.931559,5,-0.003,-0.064,9.968,5.196
1418024741658,37.518185,139.93156,5,0.052,-0.001,9.983,5.249
1418024741758,37.51819,139.931562,5,0.01,-0.053,10.024,5.319
1418024741854,37.518195,139.931563,5,-0.038,-0.08,10.093,5.388
1418024741955,37.5182,139.931565,5,-0.117,-0.043,10.091,5.461
1418024742056,37.518205,139.931567,5,-0.223,-0.035,9.989,5.535
1418024742156,37.51821,139.931569,5,-0.268,-0.035,9.985,5.61
1418024742257,37.518215,139.93157,5,-0.298,-0.073,9.983,5.686
1418024742358,37.518221,139.931572,5,-0.274,-0.085,9.919,5.763
1418024742458,37.518226,139.931574,5,-0.293,-0.081,9.752,5.84
1418024742554,37.518231,139.931576,5,-0.316,-0.126,9.878,5.916
1418024742655,37.518237,139.931578,5,-0.325,-0.185,10.113,5.996
1418024742755,37.518242,139.93158,6,-0.316,-0.182,10.082,6.0
1418024742856,37.518248,139.931581,6,-0.314,-0.149,9.927,6.0
1418024742957,37.518253,139.931583,6,-0.409,-0.132,9.794,6.0
1418024743058,37.518258,139.931584,6,-0.368,-0.147,9.982,6.0
1418024743158,37.518264,139.931586,6,-0.338,-0.165,10.155,6.0
1418024743254,37.518269,139.931588,6,-0.306,-0.172,10.044,6.0
1418024743355,37.518275,139.931589,6,-0.29,-0.158,9.967,6.0
1418024743455,37.51828,139.931591,6,-0.29,-0.172,9.906,6.0
1418024743556,37.518285,139.931592,6,-0.278,-0.177,9.977,6.0
1418024743657,37.518291,139.931594,6,-0.244,-0.2,10.12,6.0
1418024743757,37.518296,139.931594,6,-0.166,-0.276,10.36,6.111
1418024743858,37.518302,139.931595,6,-0.071,-0.266,10.243,6.229
1418024743954,37.518307,139.931595,6,-0.093,-0.181,9.982,6.343
1418024744055,37.518313,139.931595,6,-0.181,-0.16,9.99,6.466
1418024744155,37.518318,139.931595,6,-0.228,-0.168,10.175,6.589
1418024744256,37.518324,139.931596,6,-0.292,-0.138,10.129,6.717
1418024744357,37.51833,139.931596,6,-0.214,-0.098,9.813,6.846
1418024744457,37.518336,139.931596,6,-0.105,-0.113,9.881,6.977
1418024744558,37.518343,139.931597,6,-0.11,-0.202,10.275,7.112
1418024744654,37.518349,139.931597,6,-0.275,-0.189,10.246,7.242
1418024744755,37.518356,139.931596,7,-0.474,-0.103,9.748,7.226
1418024744855,37.518364,139.931595,7,-0.56,-0.027,9.45,7.201
1418024744956,37.518372,139.931595,7,-0.492,-0.053,9.65,7.175
1418024745057,37.51838,139.931594,7,-0.319,-0.125,9.996,7.15
1418024745157,37.518388,139.931593,7,-0.22,-0.217,10.218,7.125
1418024745258,37.518395,139.931592,7,-0.258,-0.313,10.524,7.099
1418024745354,37.518403,139.931591,7,-0.386,-0.318,10.44,7.076
1418024745454,37.51841,139.931591,7,-0.427,-0.197,10.073,7.051
1418024745555,37.518418,139.93159,7,-0.402,-0.085,9.808,7.026
1418024745656,37.518426,139.931589,7,-0.3,-0.06,9.776,7.001
1418024745757,37.518432,139.931589,7,-0.216,-0.102,9.938,7.0
1418024745857,37.518438,139.93159,7,-0.196,-0.13,9.925,7.0
1418024745958,37.518445,139.93159,7,-0.208,-0.211,10.132,7.0
1418024746054,37.518451,139.931591,7,-0.233,-0.183,10.089,7.0
1418024746154,37.518457,139.931591,7,-0.247,-0.226,10.005,7.0
1418024746255,37.518463,139.931592,7,-0.289,-0.241,9.964,7.0
1418024746356,37.51847,139.931592,7,-0.382,-0.319,10.06,7.0
1418024746457,37.518476,139.931593,7,-0.499,-0.274,10.134,7.0
1418024746557,37.518483,139.931593,7,-0.613,-0.198,10.092,7.0
1418024746658,37.518489,139.931594,7,-0.614,-0.155,9.897,7.0
1418024746754,37.518495,139.931594,6,-0.605,-0.138,9.836,7.088
1418024746854,37.518501,139.931593,6,-0.579,-0.18,9.779,7.184
1418024746955,37.518507,139.931593,6,-0.582,-0.2,9.906,7.281
1418024747056,37.518513,139.931593,6,-0.603,-0.211,10.03,7.38
1418024747157,37.518519,139.931593,6,-0.676,-0.212,10.002,7.48
1418024747257,37.518526,139.931592,6,-0.8,-0.211,9.993,7.581
1418024747358,37.518532,139.931592,6,-0.864,-0.217,9.879,7.684
1418024747454,37.518538,139.931592,6,-0.917,-0.256,10.003,7.783
1418024747554,37.518545,139.931591,6,-0.893,-0.259,10.203,7.888
1418024747655,37.518552,139.931591,6,-0.87,-0.269,10.287,7.995
1418024747756,37.518559,139.93159,6,-0.85,-0.266,10.048,8.047
1418024747856,37.518566,139.931589,6,-0.841,-0.231,10.024,8.096
1418024747957,37.518573,139.931588,6,-0.804,-0.225,10.057,8.145
1418024748058,37.51858,139.931587,6,-0.767,-0.174,9.986,8.195
1418024748158,37.518587,139.931586,6,-0.8,-0.162,9.838,8.245
1418024748259,37.518595,139.931585,6,-0.873,-0.256,9.983,8.296
1418024748355,37.518602,139.931584,6,-0.878,-0.321,10.248,8.344
1418024748454,37.518609,139.931583,6,-0.911,-0.375,10.444,8.395
1418024748556,37.518616,139.931582,6,-0.933,-0.352,10.304,8.447
1418024748655,37.518624,139.931581,6,-0.86,-0.247,9.962,8.497
1418024748758,37.518631,139.93158,6,-0.781,-0.142,9.689,8.5
1418024748857,37.518639,139.93158,6,-0.714,-0.156,9.746,8.5
1418024748954,37.518646,139.931579,6,-0.62,-0.226,9.971,8.5
1418024749055,37.518654,139.931579,6,-0.499,-0.301,10.099,8.5
1418024749156,37.518662,139.931578,6,-0.415,-0.308,10.145,8.5
1418024749256,37.518669,139.931577,6,-0.32,-0.305,10.248,8.5
1418024749357,37.518677,139.931577,6,-0.333,-0.299,10.158,8.5
1418024749458,37.518685,139.931576,6,-0.377,-0.27,9.876,8.5
1418024749558,37.518692,139.931576,6,-0.36,-0.261,9.845,8.5
1418024749654,37.5187,139.931575,6,-0.27,-0.221,9.858,8.5
1418024749755,37.518707,139.931574,6,-0.279,-0.148,9.589,8.523
1418024749855,37.518715,139.931574,6,-0.35,-0.235,9.813,8.548
1418024749956,37.518723,139.931573,6,-0.393,-0.321,10.249,8.573
1418024750057,37.518731,139.931572,6,-0.477,-0.369,10.334,8.598
1418024750158,37.518739,139.931572,6,-0.442,-0.336,10.132,8.624
1418024750258,37.518747,139.931571,6,-0.427,-0.287,9.959,8.649
1418024750354,37.518755,139.93157,6,-0.48,-0.285,10.001,8.673
1418024750455,37.518763,139.931569,6,-0.499,-0.253,9.952,8.698
1418024750555,37.518771,139.931569,6,-0.54,-0.258,9.988,8.723
1418024750656,37.518779,139.931568,6,-0.502,-0.264,10.04,8.749
1418024750757,37.518788,139.931567,6,-0.436,-0.247,10.014,8.82
1418024750858,37.518796,139.931565,6,-0.438,-0.269,9.99,8.894
1418024750958,37.518805,139.931563,6,-0.424,-0.289,10.056,8.967
1418024751054,37.518814,139.931562,6,-0.397,-0.259,10.033,9.038
1418024751155,37.518823,139.93156,6,-0.427,-0.276,10.034,9.114
1418024751255,37.518832,139.931559,6,-0.412,-0.261,10.015,9.189
1418024751356,37.518842,139.931557,6,-0.419,-0.253,10.018,9.265
1418024751457,37.518851,139.931555,6,-0.438,-0.3,10.191,9.343
1418024751557,37.51886,139.931554,6,-0.448,-0.305,10.173,9.42
1418024751654,37.518869,139.931552,6,-0.457,-0.275,9.986,9.495
1418024751754,37.518877,139.93155,7,-0.433,-0.246,9.872,9.5
1418024751855,37.518884,139.931547,7,-0.399,-0.21,9.927,9.5
1418024751955,37.518892,139.931544,7,-0.417,-0.249,9.996,9.5
1418024752056,37.518899,139.931542,7,-0.436,-0.312,10.182,9.5
1418024752157,37.518906,139.931539,7,-0.438,-0.305,10.141,9.5
1418024752257,37.518914,139.931536,7,-0.433,-0.273,10.01,9.5
1418024752358,37.518921,139.931534,7,-0.418,-0.25,9.853,9.5
1418024752454,37.518928,139.931531,7,-0.432,-0.196,9.742,9.5
1418024752554,37.518935,139.931529,7,-0.471,-0.251,9.869,9.5
1418024752655,37.518943,139.931526,7,-0.477,-0.302,10.096,9.5
1418024752756,37.518951,139.931524,7,-0.46,-0.324,10.09,9.5
1418024752857,37.51896,139.931521,7,-0.429,-0.311,10.108,9.5
1418024752957,37.518968,139.931519,7,-0.353,-0.342,10.129,9.5
1418024753058,37.518976,139.931517,7,-0.37,-0.421,9.981,9.5
1418024753154,37.518985,139.931515,7,-0.384,-0.629,9.987,9.5
1418024753254,37.518993,139.931512,7,-0.408,-0.887,10.047,9.5
1418024753355,37.519001,139.93151,7,-0.448,-1.054,10.083,9.5
1418024753456,37.51901,139.931508,7,-0.45,-1.153,10.071,9.5
1418024753556,37.519018,139.931505,7,-0.413,-1.116,9.902,9.5
1418024753657,37.519027,139.931503,7,-0.419,-1.142,9.702,9.5
1418024753758,37.519037,139.931502,9,-0.455,-1.216,10.03,9.5
1418024753854,37.519047,139.931501,9,-0.422,-1.208,10.033,9.5
1418024753954,37.519057,139.9315,9,-0.426,-1.219,10.004,9.5
1418024754055,37.519067,139.931499,9,-0.375,-1.258,10.225,9.5
1418024754156,37.519077,139.931499,9,-0.351,-1.24,10.2,9.5
1418024754256,37.519087,139.931498,9,-0.381,-1.196,10.091,9.5
1418024754357,37.519097,139.931497,9,-0.351,-0.961,10.249,9.5
1418024754458,37.519108,139.931496,9,-0.365,-0.617,10.117,9.5
1418024754554,37.519117,139.931495,9,-0.407,-0.34,9.683,9.5
1418024754655,37.519127,139.931494,9,-0.446,-0.216,9.423,9.5
1418024754755,37.519137,139.931492,9,-0.488,-0.147,9.416,9.5
1418024754856,37.519146,139.931491,9,-0.489,-0.266,9.89,9.5
1418024754956,37.519155,139.931489,9,-0.452,-0.448,10.616,9.5
1418024755057,37.519164,139.931488,9,-0.236,-0.419,10.663,9.5
1418024755158,37.519173,139.931486,9,-0.26,-0.352,10.437,9.5
1418024755258,37.519182,139.931484,9,-0.324,-0.194,9.724,9.5
1418024755354,37.51919,139.931483,9,-0.606,-0.115,9.587,9.5
1418024755455,37.5192,139.931481,9,-0.725,-0.153,9.755,9.5
1418024755556,37.519209,139.93148,9,-0.845,-0.243,10.192,9.5
1418024755656,37.519218,139.931478,9,-0.98,-0.432,10.606,9.5
1418024755757,37.519226,139.931475,8,-1.113,-0.493,10.817,9.5
1418024755858,37.519235,139.931472,8,-1.193,-0.405,10.602,9.5
1418024755958,37.519243,139.931469,8,-1.246,-0.261,10.202,9.5
1418024756054,37.519251,139.931467,8,-1.126,-0.136,9.623,9.5
1418024756155,37.51926,139.931464,8,-1.08,-0.105,9.554,9.5
1418024756255,37.519268,139.931461,8,-1.048,-0.172,9.935,9.5
1418024756356,37.519276,139.931458,8,-0.941,-0.288,10.471,9.5
1418024756457,37.519285,139.931455,8,-0.828,-0.395,10.77,9.5
1418024756558,37.519293,139.931452,8,-0.81,-0.367,10.57,9.5
1418024756658,37.519302,139.931449,8,-0.783,-0.282,10.268,9.5
1418024756754,37.51931,139.931446,9,-0.783,-0.202,10.083,9.5
1418024756855,37.519318,139.931443,9,-0.741,-0.188,10.035,9.5
1418024756955,37.519326,139.93144,9,-0.682,-0.237,10.128,9.5
1418024757056,37.519334,139.931437,9,-0.648,-0.266,10.169,9.5
1418024757157,37.519342,139.931434,9,-0.55,-0.234,10.087,9.5
1418024757257,37.51935,139.931431,9,-0.459,-0.253,10.01,9.5
1418024757358,37.519359,139.931428,9,-0.375,-0.314,9.891,9.5
1418024757454,37.519366,139.931425,9,-0.323,-0.441,10.097,9.5
1418024757555,37.519374,139.931422,9,-0.347,-0.613,10.247,9.5
1418024757655,37.519383,139.931419,9,-0.346,-0.704,10.096,9.5
1418024757756,37.519393,139.931413,11,-0.358,-0.782,10.111,9.547
1418024757857,37.519403,139.931408,11,-0.378,-0.908,10.267,9.596
1418024757957,37.519413,139.931402,11,-0.366,-0.862,9.983,9.646
1418024758058,37.519423,139.931396,11,-0.241,-0.957,10.129,9.696
1418024758154,37.519433,139.93139,11,-0.166,-1.0,10.508,9.744
1418024758254,37.519444,139.931384,11,-0.102,-0.864,10.516,9.794
1418024758355,37.519454,139.931378,11,-0.057,-0.551,10.099,9.845
1418024758456,37.519465,139.931372,11,-0.167,-0.355,9.901,9.896
1418024758557,37.519475,139.931366,11,-0.228,-0.225,9.783,9.947
1418024758657,37.519486,139.93136,11,-0.271,-0.2,9.857,9.998
1418024758758,37.519491,139.931353,11,-0.152,-0.239,9.87,9.87
1418024758854,37.519496,139.931347,11,-0.016,-0.269,9.955,9.744
1418024758954,37.519501,139.93134,11,0.119,-0.225,9.871,9.615
1418024759055,37.519506,139.931334,11,0.008,-0.235,9.812,9.486
1418024759156,37.519511,139.931327,11,0.025,-0.424,10.456,9.359
1418024759256,37.519516,139.931321,11,0.081,-0.494,10.707,9.235
1418024759357,37.519521,139.931314,11,0.185,-0.57,10.58,9.111
1418024759458,37.519526,139.931308,11,0.295,-0.661,10.526,8.989
1418024759554,37.51953,139.931302,11,0.346,-0.642,10.349,8.875
1418024759654,37.519535,139.931296,11,0.312,-0.719,9.875,8.757
1418024759755,37.519542,139.931292,10,0.18,-0.801,9.68,8.75
1418024759856,37.519549,139.931289,10,0.089,-0.954,10.034,8.75
1418024759956,37.519557,139.931285,10,0.034,-1.103,10.398,8.75
1418024760057,37.519564,139.931281,10,0.03,-1.07,10.232,8.75
1418024760158,37.519571,139.931277,10,0.036,-0.981,9.655,8.75
1418024760254,37.519578,139.931273,10,0.108,-0.912,9.309,8.75
1418024760354,37.519586,139.93127,10,0.175,-0.92,9.253,8.75
1418024760455,37.519593,139.931266,10,0.235,-1.134,9.645,8.75
1418024760556,37.5196,139.931262,10,0.123,-1.483,10.519,8.75
1418024760657,37.519608,139.931258,10,0.127,-1.655,10.694,8.75
1418024760757,37.519612,139.931256,8,0.006,-1.632,10.271,8.533
1418024760858,37.519617,139.931254,8,-0.037,-1.539,9.84,8.313
1418024760958,37.519621,139.931252,8,0.05,-1.442,9.764,8.1
1418024761054,37.519625,139.93125,8,-0.008,-1.429,9.748,7.9
1418024761155,37.519629,139.931248,8,-0.279,-1.382,9.586,7.695
1418024761256,37.519633,139.931246,8,-0.415,-1.466,9.749,7.496
1418024761356,37.519637,139.931244,8,-0.454,-1.421,9.582,7.303
1418024761457,37.519641,139.931242,8,-0.452,-1.47,9.858,7.114
1418024761558,37.519644,139.931241,8,-0.275,-1.567,10.402,6.93
1418024761658,37.519648,139.931239,8,-0.179,-1.598,10.454,6.753
1418024761754,37.519652,139.931237,8,-0.099,-1.522,10.036,6.532
1418024761855,37.519656,139.931235,8,-0.133,-1.427,9.735,6.305
1418024761955,37.51966,139.931233,8,-0.272,-1.398,9.684,6.088
1418024762056,37.519663,139.931231,8,-0.388,-1.391,9.915,5.875
1418024762157,37.519667,139.931229,8,-0.451,-1.446,10.18,5.669
1418024762258,37.51967,139.931227,8,-0.364,-1.421,10.086,5.47
1418024762358,37.519674,139.931225,8,-0.231,-1.36,9.712,5.281
1418024762454,37.519677,139.931223,8,-0.098,-1.424,9.798,5.105
1418024762560,37.51968,139.931222,8,-0.025,-1.512,10.141,4.919
1418024762655,37.519683,139.93122,8,0.008,-1.521,10.271,4.758
1418024762754,37.519689,139.93122,10,0.024,-1.494,10.062,4.616
1418024762857,37.519695,139.93122,10,-0.001,-1.312,9.963,4.474
1418024762956,37.519701,139.93122,10,-0.001,-1.104,9.992,4.341
1418024763058,37.519707,139.93122,10,0.026,-0.911,10.086,4.207
1418024763154,37.519713,139.931221,10,0.038,-0.77,10.019,4.085
1418024763255,37.519718,139.931221,10,0.052,-0.637,9.956,3.961
1418024763355,37.519724,139.931221,10,0.086,-0.588,9.995,3.841
1418024763456,37.519729,139.931221,10,0.105,-0.579,10.024,3.724
1418024763557,37.519734,139.931221,10,0.119,-0.569,10.042,3.611
1418024763658,37.519739,139.931221,10,0.096,-0.552,10.102,3.502
1418024763758,37.519742,139.93122,10,-0.001,-0.575,10.19,3.5
1418024763854,37.519746,139.93122,10,-0.041,-0.566,10.19,3.5
1418024763955,37.519749,139.931219,10,-0.052,-0.505,9.917,3.5
1418024764055,37.519752,139.931219,10,-0.12,-0.431,9.747,3.5
1418024764156,37.519756,139.931218,10,-0.125,-0.375,9.751,3.5
1418024764257,37.519759,139.931217,10,-0.146,-0.425,9.828,3.5
1418024764357,37.519763,139.931217,10,-0.056,-0.517,10.231,3.5
1418024764458,37.519766,139.931216,10,0.009,-0.584,10.415,3.5
1418024764554,37.519769,139.931216,10,0.039,-0.532,10.174,3.5
1418024764654,37.519773,139.931215,10,0.002,-0.501,9.865,3.5
1418024764755,37.519776,139.931215,6,-0.092,-0.482,9.831,3.475
1418024764856,37.519779,139.931214,6,-0.158,-0.509,9.958,3.45
1418024764957,37.519782,139.931214,6,-0.212,-0.544,10.033,3.424
1418024765057,37.519785,139.931213,6,-0.23,-0.555,10.022,3.399
1418024765158,37.519788,139.931213,6,-0.218,-0.556,10.103,3.373
1418024765254,37.51979,139.931213,6,-0.237,-0.511,10.108,3.349
1418024765354,37.519793,139.931212,6,-0.268,-0.493,10.03,3.325
1418024765455,37.519796,139.931212,6,-0.265,-0.477,10.041,3.3
1418024765556,37.519799,139.931211,6,-0.242,-0.493,10.009,3.275
1418024765656,37.519802,139.931211,6,-0.215,-0.508,9.917,3.251
1418024765757,37.519805,139.93121,8,-0.151,-0.53,10.01,3.25
1418024765858,37.519808,139.931209,8,-0.107,-0.457,10.151,3.25
1418024765954,37.51981,139.931208,8,-0.135,-0.374,10.088,3.25
1418024766054,37.519813,139.931207,8,-0.207,-0.28,9.982,3.25
1418024766155,37.519816,139.931207,8,-0.286,-0.213,10.027,3.25
1418024766256,37.519819,139.931206,8,-0.291,-0.156,10.033,3.25
1418024766356,37.519821,139.931205,8,-0.237,-0.126,9.995,3.25
1418024766457,37.519824,139.931204,8,-0.148,-0.125,9.982,3.25
1418024766558,37.519827,139.931203,8,-0.07,-0.093,9.939,3.25
1418024766659,37.51983,139.931202,8,-0.062,-0.116,10.026,3.25
1418024766754,37.519834,139.931201,8,-0.099,-0.103,10.115,3.199
1418024766855,37.519837,139.931201,8,-0.164,-0.098,10.027,3.146
1418024766956,37.519841,139.9312,8,-0.215,-0.079,9.94,3.093
1418024767056,37.519845,139.9312,8,-0.269,-0.086,10.006,3.042
1418024767157,37.519848,139.931199,8,-0.294,-0.105,10.094,2.991
1418024767258,37.519852,139.931199,8,-0.261,-0.106,10.113,2.941
1418024767359,37.519855,139.931198,8,-0.193,-0.099,10.031,2.892
1418024767454,37.519858,139.931198,8,-0.141,-0.11,9.99,2.846
1418024767555,37.519862,139.931197,8,-0.11,-0.13,9.999,2.799
1418024767656,37.519865,139.931197,8,-0.145,-0.144,10.024,2.752
1418024767756,37.519868,139.931197,8,-0.219,-0.138,10.054,2.75
1418024767857,37.519871,139.931196,8,-0.259,-0.125,10.07,2.75
1418024767958,37.519874,139.931196,8,-0.281,-0.123,10.021,2.75
1418024768058,37.519877,139.931195,8,-0.249,-0.115,10.049,2.75
1418024768154,37.519879,139.931195,8,-0.223,-0.112,10.071,2.75
1418024768255,37.519882,139.931195,8,-0.23,-0.118,10.055,2.75
1418024768355,37.519885,139.931194,8,-0.232,-0.115,10.032,2.75
1418024768456,37.519888,139.931194,8,-0.264,-0.106,10.078,2.75
1418024768557,37.519891,139.931193,8,-0.317,-0.092,10.042,2.75
1418024768658,37.519894,139.931193,8,-0.327,-0.127,10.008,2.75
1418024768758,37.519896,139.931192,8,-0.319,-0.143,10.098,2.724
1418024768854,37.519897,139.931191,8,-0.34,-0.155,10.13,2.7
1418024768955,37.519899,139.931189,8,-0.34,-0.146,10.044,2.674
1418024769055,37.519901,139.931188,8,-0.328,-0.139,9.956,2.648
1418024769156,37.519903,139.931187,8,-0.339,-0.154,9.996,2.623
1418024769257,37.519904,139.931186,8,-0.356,-0.187,10.134,2.598
1418024769358,37.519906,139.931185,8,-0.343,-0.159,10.077,2.573
1418024769458,37.519908,139.931183,8,-0.362,-0.136,9.961,2.549
1418024769554,37.519909,139.931182,8,-0.361,-0.122,9.979,2.525
1418024769655,37.519911,139.931181,8,-0.352,-0.132,10.079,2.501
1418024769755,37.519914,139.931181,8,-0.341,-0.132,10.127,2.5
1418024769856,37.519917,139.931181,8,-0.317,-0.131,10.066,2.5
1418024769957,37.51992,139.931181,8,-0.286,-0.12,9.996,2.5
1418024770057,37.519923,139.931181,8,-0.27,-0.101,9.969,2.5
1418024770158,37.519926,139.931181,8,-0.289,-0.11,10.02,2.5
1418024770254,37.519929,139.931181,8,-0.306,-0.128,10.118,2.5
1418024770355,37.519932,139.931181,8,-0.32,-0.135,10.133,2.5
1418024770455,37.519935,139.931181,8,-0.338,-0.08,9.96,2.5
1418024770556,37.519938,139.931181,8,-0.374,-0.063,9.903,2.5
1418024770657,37.519941,139.931181,8,-0.35,-0.089,9.993,2.5
1418024770757,37.519944,139.931181,6,-0.338,-0.117,10.084,2.5
1418024770858,37.519946,139.931181,6,-0.312,-0.109,10.002,2.5
1418024770954,37.519949,139.931181,6,-0.269,-0.104,9.989,2.5
1418024771054,37.519951,139.931181,6,-0.209,-0.074,9.999,2.5
1418024771155,37.519954,139.931181,6,-0.2,-0.115,10.134,2.5
1418024771256,37.519956,139.931181,6,-0.197,-0.132,10.137,2.5
1418024771357,37.519959,139.931181,6,-0.212,-0.108,9.99,2.5
1418024771457,37.519962,139.931181,6,-0.218,-0.077,9.893,2.5
1418024771558,37.519964,139.931181,6,-0.217,-0.088,9.925,2.5
1418024771654,37.519967,139.931181,6,-0.195,-0.115,10.07,2.5
1418024771754,37.519969,139.931182,6,-0.179,-0.137,10.146,2.448
1418024771855,37.519971,139.931182,6,-0.151,-0.199,10.01,2.394
1418024771956,37.519973,139.931183,6,-0.094,-0.308,9.91,2.34
1418024772056,37.519975,139.931184,6,-0.098,-0.476,9.962,2.289
1418024772157,37.519978,139.931184,6,-0.163,-0.665,10.06,2.238
1418024772258,37.519979,139.931185,6,-0.271,-0.811,10.083,2.188
1418024772354,37.519981,139.931185,6,-0.332,-0.96,10.029,2.141
1418024772454,37.519983,139.931186,6,-0.402,-1.037,9.944,2.094
1418024772555,37.519985,139.931186,6,-0.389,-1.117,9.944,2.047
1418024772656,37.519987,139.931187,6,-0.392,-1.177,10.109,2.002
1418024772756,37.519988,139.931188,6,-0.419,-1.227,10.169,1.975
1418024772857,37.519989,139.931189,6,-0.5,-1.242,10.053,1.948
1418024772958,37.519991,139.931189,6,-0.552,-1.241,9.938,1.922
1418024773059,37.519992,139.93119,6,-0.582,-1.284,9.965,1.896
1418024773154,37.519993,139.931191,6,-0.562,-1.298,10.022,1.872
1418024773255,37.519994,139.931192,6,-0.476,-1.24,10.064,1.847
1418024773356,37.519996,139.931193,6,-0.409,-1.055,10.118,1.822
1418024773456,37.519997,139.931193,6,-0.408,-0.769,10.129,1.798
1418024773557,37.519998,139.931194,6,-0.445,-0.495,10.003,1.774
1418024773658,37.519999,139.931195,6,-0.399,-0.303,9.847,1.75
1418024773758,37.52,139.931195,6,-0.328,-0.185,9.863,1.724
1418024773854,37.520002,139.931196,6,-0.258,-0.125,10.04,1.698
1418024773955,37.520003,139.931196,6,-0.228,-0.152,10.149,1.672
1418024774056,37.520004,139.931197,6,-0.264,-0.155,10.13,1.646
1418024774156,37.520006,139.931197,6,-0.313,-0.148,10.03,1.621
1418024774257,37.520007,139.931197,6,-0.331,-0.027,10.062,1.596
1418024774358,37.520008,139.931198,6,-0.318,0.038,10.105,1.571
1418024774458,37.52001,139.931198,6,-0.264,0.143,10.101,1.547
1418024774554,37.520011,139.931199,6,-0.209,0.254,10.087,1.525
1418024774655,37.520012,139.931199,6,-0.128,0.473,10.151,1.501
1418024774755,37.520013,139.931199,5,-0.044,0.756,10.172,1.5
1418024774856,37.520014,139.9312,5,0.022,0.993,10.032,1.5
1418024774957,37.520015,139.9312,5,0.042,1.074,9.899,1.5
1418024775058,37.520016,139.931201,5,-0.011,1.053,9.996,1.5
1418024775158,37.520017,139.931201,5,-0.027,0.87,10.11,1.5
1418024775254,37.520019,139.931202,5,-0.007,0.671,10.16,1.5
1418024775355,37.52002,139.931202,5,-0.025,0.566,10.097,1.5
1418024775455,37.520021,139.931203,5,-0.012,0.596,10.108,1.5
1418024775556,37.520022,139.931203,5,0.026,0.768,10.087,1.5
1418024775657,37.520023,139.931204,5,0.087,0.909,10.077,1.5
1418024775757,37.520024,139.931205,4,0.159,0.966,10.125,1.5
1418024775858,37.520025,139.931205,4,0.175,0.939,10.089,1.5
1418024775954,37.520027,139.931206,4,0.131,0.784,10.041,1.5
1418024776055,37.520028,139.931207,4,0.129,0.661,10.19,1.5
1418024776155,37.520029,139.931207,4,0.154,0.547,10.248,1.5
1418024776256,37.52003,139.931208,4,0.255,0.574,10.209,1.5
1418024776357,37.520031,139.931209,4,0.297,0.711,10.07,1.5
1418024776458,37.520033,139.93121,4,0.319,0.809,9.945,1.5
1418024776558,37.520034,139.93121,4,0.44,0.874,9.673,1.5
1418024776659,37.520035,139.931211,4,0.438,0.754,9.732,1.5
1418024776755,37.520036,139.931212,4,0.372,0.545,10.186,1.522
1418024776854,37.520038,139.931213,4,0.247,0.32,10.509,1.545
1418024776956,37.520039,139.931214,4,0.165,0.252,10.358,1.57
1418024777055,37.520041,139.931214,4,0.169,0.298,9.944,1.594
1418024777157,37.520042,139.931215,4,0.229,0.372,9.689,1.619
1418024777256,37.520044,139.931216,4,-0.084,0.107,10.394,1.644
1418024777354,37.520045,139.931217,4,-0.09,-0.024,10.87,1.669
1418024777454,37.520047,139.931218,4,0.094,0.002,10.423,1.695
1418024777555,37.520048,139.931219,4,0.162,0.043,10.001,1.722
1418024777656,37.52005,139.93122,4,0.256,0.075,9.999,1.749
1418024777757,37.520052,139.931221,4,0.233,0.189,9.744,1.773
1418024777857,37.520053,139.931222,4,0.173,0.293,9.532,1.797
1418024777958,37.520055,139.931223,4,0.195,0.236,10.043,1.821
1418024778054,37.520056,139.931224,4,0.397,0.133,10.49,1.845
1418024778154,37.520058,139.931225,4,0.596,0.093,10.272,1.869
1418024778255,37.52006,139.931226,4,0.505,0.08,10.101,1.895
1418024778356,37.520062,139.931227,4,0.392,0.109,10.237,1.92
1418024778457,37.520063,139.931228,4,0.184,0.101,10.172,1.947
1418024778557,37.520065,139.931229,4,-0.097,0.243,9.935,1.973
1418024778658,37.520067,139.93123,4,-0.333,0.325,9.644,1.999
1418024778754,37.520069,139.931231,4,-0.238,0.381,9.808,2.042
1418024778854,37.520071,139.931233,4,0.141,0.33,10.18,2.088
1418024778955,37.520073,139.931234,4,0.71,0.168,10.63,2.136
1418024779056,37.520075,139.931236,4,1.017,0.211,10.246,2.185
1418024779156,37.520077,139.931237,4,0.972,0.305,9.857,2.234
1418024779257,37.52008,139.931239,4,0.903,0.55,9.127,2.285
1418024779358,37.520082,139.93124,4,0.624,0.481,9.525,2.337
1418024779454,37.520084,139.931242,4,0.61,0.455,10.041,2.388
1418024779554,37.520086,139.931243,4,0.52,0.399,10.133,2.442
1418024779655,37.520089,139.931245,4,0.345,0.408,9.943,2.497
1418024779756,37.520091,139.931246,5,0.084,0.377,9.957,2.5
1418024779856,37.520094,139.931248,5,-0.026,0.455,9.773,2.5
1418024779957,37.520096,139.931249,5,-0.061,0.432,9.559,2.5
1418024780058,37.520099,139.931251,5,0.132,0.413,9.708,2.5
1418024780158,37.520101,139.931252,5,0.381,0.372,9.792,2.5
1418024780254,37.520103,139.931254,5,0.61,0.317,9.637,2.5
1418024780355,37.520106,139.931255,5,0.634,0.2,9.914,2.5
1418024780456,37.520108,139.931257,5,0.483,-0.007,10.177,2.5
1418024780556,37.520111,139.931258,5,0.38,-0.118,10.247,2.5
1418024780657,37.520113,139.93126,5,0.374,-0.188,10.145,2.5
1418024780758,37.520115,139.931262,5,0.226,-0.209,10.032,2.523
1418024780858,37.520118,139.931263,5,0.067,-0.225,10.024,2.548
1418024780954,37.52012,139.931265,5,-0.034,-0.196,10.046,2.571
1418024781055,37.520122,139.931267,5,-0.25,-0.115,9.779,2.596
1418024781156,37.520125,139.931268,5,-0.469,-0.122,9.922,2.621
1418024781256,37.520127,139.93127,5,-0.603,-0.236,10.366,2.646
1418024781357,37.520129,139.931272,5,-0.533,-0.397,10.892,2.672
1418024781458,37.520132,139.931273,5,-0.399,-0.362,10.585,2.698
1418024781558,37.520134,139.931275,5,-0.208,-0.242,10.056,2.723
1418024781654,37.520137,139.931277,5,-0.047,-0.176,9.915,2.748
1418024781755,37.520139,139.931279,5,0.071,-0.137,10.02,2.75
1418024781855,37.520142,139.93128,5,0.067,-0.144,10.096,2.75
1418024781956,37.520144,139.931282,5,-0.1,-0.162,10.136,2.75
1418024782057,37.520147,139.931283,5,-0.403,-0.125,10.127,2.75
1418024782158,37.520149,139.931285,5,-0.689,-0.041,10.001,2.75
1418024782258,37.520152,139.931287,5,-0.842,0.003,9.888,2.75
1418024782354,37.520154,139.931288,5,-0.823,-0.032,9.948,2.75
1418024782455,37.520157,139.93129,5,-0.661,-0.092,9.99,2.75
1418024782555,37.520159,139.931291,5,-0.312,-0.061,9.978,2.75
1418024782656,37.520162,139.931293,5,0.156,0.051,10.034,2.75
1418024782757,37.520165,139.931294,5,0.514,0.1,10.093,2.773
1418024782858,37.520167,139.931296,5,0.617,0.265,10.282,2.798
1418024782958,37.52017,139.931297,5,0.402,0.423,10.137,2.822
1418024783054,37.520173,139.931298,5,0.133,0.492,9.945,2.846
1418024783155,37.520176,139.9313,5,-0.106,0.476,9.863,2.871
1418024783255,37.520178,139.931301,5,-0.267,0.443,9.945,2.896
1418024783356,37.520181,139.931303,5,-0.404,0.42,10.157,2.922
1418024783457,37.520184,139.931304,5,-0.407,0.601,10.363,2.947
1418024783557,37.520187,139.931306,5,-0.343,0.864,10.218,2.973
1418024786649,37.520336,139.931354,8,-0.242,1.099,10.042,5.719
1418024786654,37.520336,139.931354,8,-0.242,1.096,10.034,5.733
1418024786755,37.520342,139.931355,8,-0.138,0.628,9.972,5.75
1418024786855,37.520347,139.931356,8,-0.119,0.275,9.997,5.75
1418024786956,37.520352,139.931357,8,-0.118,0.086,9.951,5.75
1418024787057,37.520357,139.931358,8,-0.189,-0.001,9.904,5.75
1418024787158,37.520362,139.931358,8,-0.267,-0.093,10.027,5.75
1418024787258,37.520367,139.931359,8,-0.292,-0.113,10.128,5.75
1418024787354,37.520372,139.93136,8,-0.253,-0.112,10.047,5.75
1418024787455,37.520377,139.931361,8,-0.232,-0.133,9.94,5.75
1418024787555,37.520382,139.931362,8,-0.202,-0.19,10.178,5.75
1418024787656,37.520387,139.931363,8,-0.202,-0.133,9.944,5.75
1418024787757,37.520393,139.931362,6,-0.244,-0.151,10.095,5.797
1418024787857,37.5204,139.931361,6,-0.214,-0.191,10.225,5.845
1418024787958,37.520407,139.93136,6,-0.198,-0.182,10.137,5.895
1418024788054,37.520413,139.93136,6,-0.233,-0.16,10.114,5.942
1418024788155,37.52042,139.931359,6,-0.282,-0.135,10.096,5.992
1418024788255,37.520427,139.931358,6,-0.256,-0.045,9.895,6.042
1418024788356,37.520434,139.931357,6,-0.16,-0.167,10.122,6.094
1418024788457,37.520441,139.931356,6,-0.068,-0.172,10.254,6.145
1418024788557,37.520448,139.931355,6,-0.006,-0.131,10.005,6.197
1418024788658,37.520455,139.931354,6,0.063,-0.131,9.945,6.249
1418024788754,37.52046,139.931354,6,0.124,-0.146,10.044,6.175
1418024788855,37.520466,139.931353,6,0.194,-0.197,10.026,6.096
1418024788955,37.520471,139.931353,6,0.244,-0.22,10.004,6.019
1418024789056,37.520477,139.931353,6,0.273,-0.23,9.969,5.942
1418024789157,37.520482,139.931352,6,0.38,-0.164,10.087,5.865
1418024789257,37.520487,139.931352,6,0.468,0.043,10.256,5.791
1418024789358,37.520493,139.931352,6,0.452,0.122,9.988,5.716
1418024789454,37.520498,139.931352,6,0.419,0.232,9.802,5.647
1418024789554,37.520503,139.931351,6,0.389,0.346,9.934,5.575
1418024789655,37.520508,139.931351,6,0.416,0.365,10.092,5.504
1418024789756,37.520513,139.93135,5,0.471,0.468,10.219,5.609
1418024789857,37.520519,139.93135,5,0.437,0.55,10.232,5.726
1418024789957,37.520525,139.931349,5,0.198,0.566,10.165,5.845
1418024790058,37.52053,139.931348,5,-0.005,0.575,9.985,5.967
1418024790154,37.520536,139.931347,5,0.075,0.601,10.049,6.086
1418024790254,37.520542,139.931346,5,0.063,0.571,10.185,6.212
1418024790355,37.520548,139.931346,5,-0.02,0.568,10.071,6.342
1418024790456,37.520555,139.931345,5,0.062,0.604,10.055,6.474
1418024790557,37.520561,139.931344,5,0.104,0.586,9.866,6.609
1418024793653,37.520763,139.931342,5,0.197,0.581,9.971,8.25
1418024793658,37.520764,139.931342,5,0.197,0.57,9.98,8.25
1418024793754,37.520771,139.931341,6,0.232,0.439,10.083,8.318
1418024793855,37.520778,139.93134,6,0.239,0.361,10.156,8.391
1418024793955,37.520785,139.93134,6,0.202,0.316,10.046,8.464
1418024794056,37.520792,139.931339,6,0.123,0.27,10.073,8.539
1418024794157,37.520799,139.931338,6,0.089,0.253,10.233,8.615
1418024794258,37.520807,139.931337,6,0.032,0.266,10.135,8.691
1418024794358,37.520814,139.931336,6,0.065,0.267,9.935,8.767
1418024794454,37.520821,139.931336,6,0.062,0.274,10.047,8.84
1418024794555,37.520829,139.931335,6,0.04,0.249,10.105,8.918
1418024794655,37.520837,139.931334,6,0.022,0.208,10.152,8.996
1418024794756,37.520845,139.931335,6,0.093,0.151,9.907,9.0
1418024794857,37.520853,139.931337,6,0.147,0.038,9.788,9.0
1418024794957,37.520861,139.931338,6,0.133,-0.069,10.019,9.0
1418024795058,37.520869,139.931339,6,0.125,-0.167,10.269,9.0
1418024795154,37.520877,139.93134,6,0.14,-0.205,10.207,9.0
1418024795255,37.520885,139.931342,6,0.199,-0.217,10.196,9.0
1418024795355,37.520893,139.931343,6,0.228,-0.137,10.056,9.0
1418024795456,37.520901,139.931344,6,0.265,-0.078,9.732,9.0
1418024795557,37.52091,139.931346,6,0.248,-0.116,9.767,9.0
1418024795657,37.520918,139.931347,6,0.185,-0.147,9.994,9.0
1418024795758,37.520925,139.931345,8,0.274,-0.188,10.15,9.0
1418024795854,37.520931,139.931344,8,0.311,-0.197,10.166,9.0
1418024795954,37.520938,139.931342,8,0.267,-0.21,10.217,9.0
1418024796055,37.520945,139.93134,8,0.241,-0.174,10.012,9.0
1418024796156,37.520952,139.931339,8,0.215,-0.146,9.871,9.0
1418024796257,37.520959,139.931337,8,0.226,-0.144,10.088,9.0
1418024796357,37.520966,139.931335,8,0.193,-0.166,10.164,9.0
1418024796458,37.520973,139.931333,8,0.107,-0.168,10.043,9.0
1418024796554,37.52098,139.931332,8,0.133,-0.171,9.996,9.0
1418024796654,37.520987,139.93133,8,0.261,-0.115,9.817,9.0
1418024796755,37.520996,139.931329,8,0.316,-0.14,9.912,8.976
1418024796856,37.521005,139.931329,8,0.398,-0.207,10.05,8.95
1418024796956,37.521014,139.931328,8,0.449,-0.219,10.132,8.925
1418024797057,37.521023,139.931328,8,0.455,-0.224,10.167,8.9
1418024797158,37.521033,139.931327,8,0.562,-0.18,10.086,8.875
1418024797254,37.521041,139.931326,8,0.543,-0.13,9.925,8.851
1418024797354,37.52105,139.931326,8,0.575,-0.152,9.876,8.826
1418024797455,37.52106,139.931325,8,0.573,-0.204,9.932,8.801
1418024797556,37.521069,139.931325,8,0.521,-0.293,10.162,8.776
1418024797656,37.521078,139.931324,8,0.425,-0.293,10.253,8.751
1418024797757,37.521084,139.931324,6,0.352,-0.143,10.287,8.774
1418024797858,37.521091,139.931323,6,0.301,-0.066,10.16,8.799
1418024797954,37.521098,139.931323,6,0.226,0.018,10.055,8.823
1418024798054,37.521104,139.931323,6,0.191,0.105,9.799,8.848
1418024798155,37.521111,139.931323,6,0.162,0.057,9.854,8.873
1418024798256,37.521118,139.931322,6,0.118,0.072,10.111,8.898
1418024798356,37.521124,139.931322,6,0.077,0.03,10.131,8.923
1418024798457,37.521131,139.931322,6,0.055,0.073,10.076,8.949
1418024798558,37.521138,139.931321,6,0.073,0.104,10.056,8.974
1418024798659,37.521145,139.931321,6,0.068,0.124,9.996,9.0
1418024798754,37.521154,139.931322,6,0.064,0.116,9.915,9.023
1418024798855,37.521163,139.931323,6,0.097,0.1,10.033,9.048
1418024798956,37.521172,139.931324,6,0.189,0.05,10.197,9.073
1418024799056,37.521182,139.931325,6,0.254,0.078,10.222,9.098
1418024799157,37.521191,139.931325,6,0.241,0.099,10.087,9.123
1418024799258,37.5212,139.931326,6,0.231,0.126,9.931,9.149
1418024799359,37.52121,139.931327,6,0.236,0.177,9.758,9.174
1418024799454,37.521219,139.931328,6,0.27,0.177,9.8,9.198
1418024799555,37.521228,139.931329,6,0.299,0.121,10.001,9.223
1418024799656,37.521238,139.93133,6,0.278,0.127,10.072,9.249
1418024799756,37.521246,139.93133,6,0.189,0.141,10.005,9.25
1418024799857,37.521255,139.931331,6,0.083,0.138,10.127,9.25
1418024799958,37.521264,139.931331,6,0.035,0.111,10.172,9.25
1418024800058,37.521272,139.931331,6,-0.026,0.15,10.087,9.25
1418024800155,37.521281,139.931331,6,-0.034,0.136,10.086,9.25
1418024800255,37.521289,139.931332,6,-0.008,0.152,10.186,9.25
1418024800356,37.521298,139.931332,6,0.034,0.148,10.208,9.25
1418024800456,37.521306,139.931332,6,0.103,0.126,10.211,9.25
1418024800557,37.521315,139.931333,6,0.142,0.168,10.097,9.25
1418024800658,37.521324,139.931333,6,0.092,0.223,9.836,9.25
1418024800758,37.521332,139.931334,6,0.066,0.206,9.935,9.298
1418024800854,37.52134,139.931336,6,0.086,0.168,10.073,9.345
1418024800955,37.521349,139.931337,6,0.099,0.124,10.097,9.395
1418024801055,37.521357,139.931339,6,0.061,0.088,10.239,9.444
1418024801156,37.521366,139.93134,6,-0.069,0.109,10.318,9.495
1418024801257,37.521375,139.931342,6,-0.092,0.19,9.96,9.545
1418024801357,37.521383,139.931343,6,-0.104,0.268,9.594,9.596
1418024801458,37.521392,139.931345,6,-0.131,0.278,9.697,9.647
1418024801554,37.521401,139.931346,6,-0.105,0.184,10.181,9.696
1418024801655,37.52141,139.931348,6,-0.102,0.075,10.485,9.747
1418024801755,37.521418,139.931348,6,-0.143,0.069,10.474,9.75
1418024801856,37.521427,139.931348,6,-0.135,0.159,10.216,9.75
1418024801957,37.521436,139.931348,6,-0.065,0.3,9.875,9.75
1418024802057,37.521445,139.931348,6,0.03,0.379,9.559,9.75
1418024802158,37.521453,139.931349,6,0.056,0.282,9.852,9.75
1418024802254,37.521462,139.931349,6,0.054,0.167,10.191,9.75
1418024802355,37.52147,139.931349,6,0.07,0.125,10.257,9.75
1418024802455,37.521479,139.931349,6,0.1,0.139,10.164,9.75
1418024802556,37.521488,139.931349,6,0.189,0.225,10.135,9.75
1418024802657,37.521497,139.931349,6,0.169,0.209,10.212,9.75
1418024802757,37.521504,139.931349,6,0.139,0.216,9.892,9.725
1418024802858,37.521512,139.93135,6,0.097,0.13,10.054,9.7
1418024802954,37.521519,139.93135,6,0.075,0.191,9.85,9.676
1418024803054,37.521527,139.93135,6,0.083,0.009,9.927,9.651
1418024803156,37.521534,139.931351,6,0.189,-0.165,10.024,9.625
1418024803257,37.521542,139.931351,6,0.304,-0.294,10.213,9.6
1418024803357,37.521549,139.931351,6,0.354,-0.193,9.989,9.575
1418024803457,37.521557,139.931351,6,0.292,-0.276,10.139,9.55
1418024803558,37.521564,139.931352,6,0.203,-0.25,10.107,9.525
1418024803654,37.521572,139.931352,6,0.166,-0.319,10.183,9.501
1418024803754,37.52158,139.931352,6,0.228,-0.355,10.283,9.523
1418024803855,37.521589,139.931351,6,0.259,-0.336,10.255,9.548
1418024803956,37.521598,139.931351,6,0.249,-0.229,9.979,9.573
1418024804057,37.521607,139.931351,6,0.212,-0.111,9.695,9.598
1418024804157,37.521616,139.931351,6,0.102,-0.098,9.579,9.623
1418024804258,37.521625,139.93135,6,0.056,-0.104,9.857,9.649
1418024804354,37.521634,139.93135,6,0.07,-0.084,10.145,9.673
1418024804454,37.521642,139.93135,6,0.064,-0.012,10.091,9.698
1418024804555,37.521652,139.931349,6,0.016,0.092,9.85,9.723
1418024804656,37.521661,139.931349,6,-0.024,0.135,9.749,9.749
1418024804756,37.52167,139.931348,6,-0.065,0.103,10.049,9.774
1418024804857,37.52168,139.931348,6,-0.007,0.098,10.193,9.799
1418024804958,37.52169,139.931347,6,-0.017,0.121,10.177,9.824
1418024805059,37.521699,139.931346,6,-0.041,0.162,10.048,9.849
1418024805154,37.521709,139.931346,6,-0.053,0.195,9.87,9.873
1418024805260,37.521719,139.931345,6,0.009,0.188,9.889,9.899
1418024805356,37.521728,139.931344,6,0.076,0.121,10.187,9.923
1418024805455,37.521738,139.931343,6,0.102,0.09,10.256,9.948
1418024805557,37.521748,139.931343,6,0.124,0.155,9.906,9.974
1418024805656,37.521758,139.931342,6,0.2,0.271,9.578,9.999
1418024805758,37.521767,139.931342,6,-0.024,0.235,10.005,10.0
1418024805854,37.521775,139.931343,6,-0.212,0.099,10.235,10.0
1418024805955,37.521784,139.931343,6,-0.164,0.008,10.885,10.0
1418024806056,37.521793,139.931343,6,-0.086,0.083,10.833,10.0
1418024806156,37.521802,139.931343,6,-0.14,0.207,9.983,10.0
1418024806258,37.521811,139.931344,6,-0.216,0.439,9.517,10.0
1418024806358,37.52182,139.931344,6,-0.24,0.467,9.507,10.0
1418024806458,37.521829,139.931344,6,-0.2,0.351,9.867,10.0
1418024806554,37.521838,139.931345,6,-0.091,0.267,10.115,10.0
1418024806655,37.521847,139.931345,6,-0.094,0.225,10.284,10.0
1418024806755,37.521856,139.931348,9,-0.042,0.278,10.281,10.023
1418024806856,37.521865,139.931351,9,-0.12,0.344,9.765,10.049
1418024806957,37.521875,139.931354,9,-0.079,0.417,9.583,10.074
1418024807058,37.521884,139.931357,9,-0.162,0.323,9.906,10.099
1418024807158,37.521894,139.93136,9,-0.078,0.274,10.35,10.124
1418024807254,37.521903,139.931363,9,-0.054,0.225,10.283,10.148
1418024807355,37.521912,139.931366,9,0.031,0.249,10.182,10.173
1418024807455,37.521922,139.931369,9,-0.059,0.327,9.803,10.198
1418024807556,37.521931,139.931372,9,-0.12,0.353,9.878,10.224
1418024807657,37.521941,139.931375,9,-0.286,0.282,10.159,10.249
1418024807758,37.521953,139.931378,13,-0.346,0.221,10.274,10.388
1418024807858,37.521965,139.931381,13,-0.321,0.229,10.224,10.531
1418024807954,37.521976,139.931384,13,-0.349,0.296,10.121,10.67
1418024808055,37.521989,139.931387,13,-0.355,0.362,9.84,10.818
1418024808155,37.522001,139.93139,13,-0.31,0.423,9.504,10.967
1418024808256,37.522014,139.931394,13,-0.283,0.449,9.207,11.119
1418024808357,37.522027,139.931397,13,-0.207,0.359,9.707,11.274
1418024808457,37.52204,139.9314,13,-0.117,0.18,10.41,11.429
1418024808558,37.522053,139.931404,13,-0.086,0.024,10.759,11.588
1418024808654,37.522066,139.931407,13,-0.163,0.045,10.602,11.74
1418024808755,37.522078,139.931405,13,-0.178,0.131,10.273,11.702
1418024808855,37.52209,139.931403,13,-0.125,0.284,9.907,11.651
1418024808956,37.522101,139.931401,13,-0.033,0.397,9.51,11.6
1418024809057,37.522113,139.931399,13,0.047,0.31,9.507,11.549
1418024809157,37.522124,139.931397,13,0.053,0.136,9.983,11.499
1418024809259,37.522136,139.931396,13,0.016,0.023,10.394,11.448
1418024809354,37.522147,139.931394,13,0.01,0.036,10.45,11.401
1418024809454,37.522158,139.931392,13,0.068,0.129,10.086,11.351
1418024809555,37.522169,139.93139,13,0.115,0.152,9.899,11.301
1418024809656,37.522181,139.931388,13,0.035,0.1,10.058,11.252
1418024809757,37.522191,139.931389,11,-0.045,0.061,10.024,11.298
1418024809857,37.522202,139.93139,11,-0.183,0.075,9.942,11.347
1418024809958,37.522213,139.931392,11,-0.313,0.105,9.894,11.397
1418024810054,37.522223,139.931393,11,-0.33,0.114,10.011,11.444
1418024810154,37.522234,139.931394,11,-0.265,0.124,10.189,11.494
1418024810255,37.522245,139.931395,11,-0.186,0.107,10.257,11.545
1418024810356,37.522256,139.931396,11,-0.095,0.083,10.185,11.596
1418024810456,37.522267,139.931398,11,0.011,0.106,10.017,11.646
1418024810557,37.522279,139.931399,11,0.085,0.109,9.883,11.697
1418024810658,37.52229,139.9314,11,0.058,0.035,10.038,11.749
1418024810754,37.522301,139.931401,10,0.049,-0.011,10.132,11.726
1418024810854,37.522312,139.931402,10,0.011,-0.026,10.065,11.701
1418024810955,37.522324,139.931402,10,0.042,-0.023,10.066,11.676
1418024811056,37.522335,139.931403,10,0.075,0.016,9.95,11.65
1418024811156,37.522346,139.931404,10,0.136,0.056,9.932,11.625
1418024811257,37.522358,139.931405,10,0.162,0.038,10.124,11.6
1418024811358,37.522369,139.931406,10,0.226,0.05,10.14,11.575
1418024811459,37.52238,139.931406,10,0.239,0.064,10.079,11.55
1418024811554,37.522391,139.931407,10,0.196,0.079,10.132,11.526
1418024811655,37.522402,139.931408,10,0.184,0.089,10.035,11.501
1418024811756,37.522413,139.93141,10,0.018,0.066,10.179,11.524
1418024811856,37.522423,139.931411,10,-0.089,0.044,10.449,11.549
1418024811957,37.522434,139.931413,10,-0.11,0.025,10.321,11.574
1418024812058,37.522445,139.931414,10,-0.091,0.05,10.146,11.599
1418024812158,37.522455,139.931416,10,-0.231,0.106,10.103,11.624
1418024812254,37.522465,139.931417,10,-0.19,0.215,9.746,11.648
1418024812355,37.522476,139.931419,10,-0.08,0.221,9.552,11.673
1418024812456,37.522486,139.931421,10,0.105,0.127,9.903,11.699
1418024812556,37.522497,139.931422,10,0.157,-0.025,10.403,11.724
1418024812657,37.522508,139.931424,10,0.18,-0.141,10.62,11.749
1418024812758,37.522518,139.931423,8,0.227,-0.098,10.357,11.75
1418024812858,37.522529,139.931422,8,0.204,-0.023,10.047,11.75
1418024812954,37.522539,139.931421,8,0.133,0.074,9.752,11.75
1418024813055,37.52255,139.93142,8,0.083,0.049,9.721,11.75
1418024813155,37.52256,139.93142,8,0.049,-0.038,10.109,11.75
1418024813256,37.522571,139.931419,8,0.071,-0.113,10.318,11.75
1418024813357,37.522582,139.931418,8,0.179,-0.082,10.237,11.75
1418024813458,37.522593,139.931417,8,0.348,-0.054,10.166,11.75
1418024813558,37.522603,139.931416,8,0.493,0.034,9.981,11.75
1418024813654,37.522613,139.931415,8,0.6,0.089,9.91,11.75
1418024813755,37.522623,139.931412,10,0.688,0.064,9.985,11.75
1418024813855,37.522633,139.931409,10,0.59,0.11,9.774,11.75
1418024813956,37.522642,139.931406,10,0.476,0.056,9.933,11.75
1418024814057,37.522652,139.931403,10,0.342,0.002,10.22,11.75
1418024814157,37.522662,139.931401,10,0.248,-0.032,10.143,11.75
1418024814258,37.522671,139.931398,10,0.163,-0.012,9.863,11.75
1418024814354,37.522681,139.931395,10,0.043,0.008,9.772,11.75
1418024814455,37.52269,139.931392,10,-0.033,-0.011,9.843,11.75
1418024814555,37.5227,139.931389,10,-0.004,-0.038,9.888,11.75
1418024814656,37.52271,139.931386,10,0.089,-0.093,10.231,11.75
1418024814757,37.522721,139.931386,10,0.166,-0.05,10.368,11.774
1418024814857,37.522732,139.931387,10,0.164,0.024,10.022,11.799
1418024814958,37.522743,139.931387,10,0.061,0.116,9.662,11.824
1418024815055,37.522754,139.931387,10,-0.03,0.117,9.692,11.848
1418024815154,37.522766,139.931387,10,-0.067,0.018,9.997,11.873
1418024815256,37.522777,139.931388,10,-0.07,-0.087,10.225,11.898
1418024815356,37.522788,139.931388,10,0.042,-0.124,10.273,11.923
1418024815457,37.5228,139.931388,10,0.132,-0.046,10.151,11.949
1418024815557,37.522811,139.931389,10,0.277,0.06,9.814,11.974
1418024815658,37.522823,139.931389,10,0.315,0.086,9.798,11.999
1418024815754,37.522833,139.931389,7,0.259,0.04,10.034,12.0
1418024815854,37.522844,139.931389,7,0.14,-0.042,10.157,12.0
1418024815955,37.522855,139.931388,7,0.149,-0.066,10.037,12.0
1418024816056,37.522866,139.931388,7,0.326,-0.057,10.065,12.0
1418024816157,37.522877,139.931388,7,0.477,-0.036,10.164,12.0
1418024816257,37.522887,139.931388,7,0.442,-0.071,10.215,12.0
1418024816358,37.522898,139.931388,7,0.331,-0.062,10.173,12.0
1418024816454,37.522909,139.931387,7,0.351,-0.064,10.145,12.0
1418024816554,37.52292,139.931387,7,0.501,-0.053,10.225,12.0
1418024816655,37.52293,139.931387,7,0.419,-0.073,10.081,12.0
1418024816756,37.522939,139.931385,9,0.197,0.106,9.439,12.0
1418024816856,37.522947,139.931384,9,0.107,0.101,9.447,12.0
1418024816957,37.522955,139.931382,9,0.239,-0.033,9.863,12.0
1418024817058,37.522964,139.93138,9,0.32,-0.243,10.534,12.0
1418024817154,37.522972,139.931379,9,0.233,-0.327,10.751,12.0
1418024817254,37.52298,139.931377,9,0.122,-0.301,10.67,12.0
1418024817355,37.522988,139.931375,9,0.196,-0.186,10.383,12.0
1418024817456,37.522996,139.931373,9,0.453,0.048,9.812,12.0
1418024817556,37.523004,139.931372,9,0.411,0.075,9.478,12.0
1418024817657,37.523013,139.93137,9,0.264,-0.014,9.719,12.0
1418024817758,37.523023,139.931371,9,0.325,-0.109,10.232,12.048
1418024817854,37.523032,139.931372,9,0.469,-0.116,10.346,12.095
1418024817954,37.523042,139.931372,9,0.479,-0.068,10.078,12.145
1418024818055,37.523052,139.931373,9,0.398,-0.065,9.994,12.195
1418024818156,37.523063,139.931374,9,0.399,-0.067,9.925,12.245
1418024818256,37.523073,139.931375,9,0.467,-0.066,9.978,12.296
1418024818357,37.523083,139.931376,9,0.462,-0.088,10.14,12.346
1418024818458,37.523093,139.931376,9,0.357,-0.122,10.127,12.397
1418024818558,37.523104,139.931377,9,0.342,-0.105,10.084,12.448
1418024818654,37.523113,139.931378,9,0.446,-0.079,10.012,12.497
1418024818755,37.523124,139.931379,8,0.516,-0.054,9.955,12.452
1418024818856,37.523135,139.931379,8,0.411,-0.04,10.031,12.4
1418024818956,37.523146,139.93138,8,0.342,-0.123,10.059,12.35
1418024819057,37.523157,139.93138,8,0.51,-0.114,10.05,12.299
1418024819158,37.523168,139.931381,8,0.627,-0.118,10.301,12.248
1418024819258,37.523179,139.931382,8,0.504,-0.152,10.37,12.199
1418024819359,37.523189,139.931382,8,0.438,-0.12,10.002,12.148
1418024819455,37.523199,139.931383,8,0.515,-0.053,9.915,12.101
1418024819554,37.52321,139.931383,8,0.612,-0.019,9.947,12.052
1418024819656,37.523221,139.931384,8,0.59,-0.027,9.842,12.002
1418024819755,37.523232,139.931384,7,0.519,-0.099,9.957,12.0
1418024819858,37.523243,139.931384,7,0.549,-0.118,10.08,12.0
1418024819957,37.523255,139.931384,7,0.519,-0.073,10.011,12.0
1418024820054,37.523266,139.931384,7,0.375,-0.044,9.897,12.0
1418024820155,37.523277,139.931385,7,0.161,-0.092,9.959,12.0
1418024820255,37.523288,139.931385,7,0.121,-0.144,10.074,12.0
1418024820356,37.5233,139.931385,7,0.22,-0.068,10.115,12.0
1418024820457,37.523311,139.931385,7,0.14,-0.091,10.197,12.0
1418024820558,37.523322,139.931385,7,0.019,-0.05,9.972,12.0
1418024820658,37.523334,139.931385,7,-0.04,-0.081,9.846,12.0
1418024820754,37.523345,139.931385,7,0.055,-0.063,10.11,12.023
1418024820855,37.523356,139.931386,7,0.079,-0.068,10.092,12.048
1418024820955,37.523367,139.931386,7,0.026,-0.09,10.16,12.073
1418024821056,37.523378,139.931387,7,-0.086,-0.103,10.107,12.098
1418024821157,37.52339,139.931387,7,-0.023,-0.064,9.954,12.124
1418024821257,37.523401,139.931388,7,0.026,-0.099,10.231,12.149
1418024821358,37.523413,139.931388,7,0.037,-0.051,10.192,12.174
1418024821454,37.523424,139.931389,7,-0.033,-0.052,9.948,12.198
1418024821554,37.523435,139.931389,7,-0.042,-0.06,9.913,12.223
1418024821655,37.523446,139.93139,7,-0.057,0.024,9.728,12.249
1418024821756,37.523457,139.93139,7,-0.02,0.022,9.698,12.226
1418024821857,37.523467,139.93139,7,-0.097,-0.134,10.124,12.2
1418024821957,37.523478,139.931389,7,-0.15,-0.204,10.281,12.175
1418024822058,37.523488,139.931389,7,-0.119,-0.219,10.387,12.15
1418024822154,37.523498,139.931389,7,-0.049,-0.102,10.2,12.126
1418024822254,37.523508,139.931389,7,-0.064,-0.077,9.83,12.101
1418024822355,37.523519,139.931389,7,-0.044,0.011,9.672,12.076
1418024822456,37.523529,139.931388,7,-0.019,-0.097,10.013,12.051
1418024822557,37.523539,139.931388,7,-0.007,-0.188,10.428,12.026
1418024822657,37.52355,139.931388,7,-0.04,-0.207,10.377,12.001
1418024822758,37.52356,139.931387,8,0.013,-0.121,10.102,12.0
1418024822854,37.523569,139.931386,8,0.142,-0.019,9.894,12.0
1418024822954,37.523579,139.931385,8,0.122,-0.009,9.796,12.0
1418024823055,37.523589,139.931384,8,0.018,-0.11,9.972,12.0
1418024823156,37.523599,139.931384,8,0.112,-0.101,9.963,12.0
1418024823256,37.523608,139.931383,8,0.213,-0.064,9.904,12.0
1418024823357,37.523618,139.931382,8,0.2,-0.061,9.898,12.0
1418024823458,37.523628,139.931381,8,0.111,-0.112,10.087,12.0
1418024823554,37.523638,139.93138,8,0.028,-0.209,10.338,12.0
1418024823654,37.523647,139.931379,8,-0.032,-0.167,10.194,12.0
1418024823755,37.523658,139.931379,8,-0.014,-0.073,10.01,12.0
1418024823856,37.523669,139.931379,8,-0.123,-0.07,9.959,12.0
1418024823956,37.52368,139.93138,8,-0.11,-0.089,9.952,12.0
1418024824057,37.523691,139.93138,8,-0.001,-0.093,10.145,12.0
1418024824158,37.523702,139.93138,8,0.027,-0.083,10.143,12.0
1418024824258,37.523713,139.93138,8,0.019,-0.078,9.996,12.0
1418024824354,37.523723,139.93138,8,0.064,-0.051,9.868,12.0
1418024824455,37.523734,139.931381,8,0.168,-0.109,10.077,12.0
1418024824556,37.523745,139.931381,8,0.123,-0.121,10.217,12.0
1418024824656,37.523756,139.931381,8,0.047,-0.114,10.093,12.0
1418024824757,37.523767,139.931382,7,-0.026,-0.109,9.965,12.0
1418024824858,37.523778,139.931382,7,0.012,-0.024,9.63,12.0
1418024824958,37.523789,139.931383,7,0.11,-0.062,9.939,12.0
1418024825054,37.5238,139.931383,7,0.037,-0.137,10.231,12.0
1418024825155,37.523811,139.931384,7,-0.075,-0.07,9.855,12.0
1418024825255,37.523822,139.931385,7,-0.082,-0.128,10.081,12.0
1418024825356,37.523833,139.931385,7,-0.003,-0.16,10.501,12.0
1418024825457,37.523844,139.931386,7,0.04,-0.152,10.299,12.0
1418024825558,37.523856,139.931386,7,0.008,-0.139,10.175,12.0
1418024825658,37.523867,139.931387,7,0.006,-0.067,9.872,12.0
1418024825754,37.523877,139.931387,7,0.121,0.03,9.563,12.0
1418024825855,37.523888,139.931387,7,0.244,-0.045,10.057,12.0
1418024825955,37.523899,139.931388,7,0.347,-0.132,10.421,12.0
1418024826056,37.523909,139.931388,7,0.147,-0.317,10.837,12.0
1418024826157,37.52392,139.931388,7,-0.039,-0.289,10.655,12.0
1418024826258,37.523931,139.931388,7,-0.199,-0.113,9.946,12.0
1418024826358,37.523942,139.931388,7,-0.301,0.045,9.422,12.0
1418024826454,37.523952,139.931389,7,-0.29,0.053,9.28,12.0
1418024826555,37.523963,139.931389,7,-0.225,-0.145,9.752,12.0
1418024826655,37.523973,139.931389,7,-0.069,-0.256,10.343,12.0
1418024826756,37.523983,139.931387,8,0.138,-0.287,10.569,11.951
1418024826857,37.523993,139.931386,8,0.325,-0.208,10.231,11.9
1418024826958,37.524003,139.931384,8,0.321,-0.1,9.681,11.849
1418024827058,37.524013,139.931382,8,0.115,-0.034,9.504,11.798
1418024827154,37.524022,139.931381,8,-0.044,-0.103,9.66,11.75
1418024827255,37.524032,139.931379,8,-0.227,-0.221,9.789,11.7
1418024827355,37.524041,139.931377,8,-0.281,-0.259,10.038,11.65
1418024827456,37.524051,139.931375,8,-0.276,-0.42,10.542,11.6
1418024827557,37.52406,139.931374,8,-0.162,-0.391,10.436,11.551
1418024827657,37.52407,139.931372,8,-0.023,-0.272,9.88,11.501
1418024827758,37.52408,139.931371,8,0.131,-0.212,9.869,11.5
1418024827854,37.52409,139.93137,8,0.241,-0.197,9.756,11.5
1418024827955,37.5241,139.931369,8,0.215,-0.161,9.665,11.5
1418024828055,37.524111,139.931368,8,0.135,-0.194,9.777,11.5
1418024828156,37.524121,139.931367,8,-0.006,-0.271,10.048,11.5
1418024828257,37.524131,139.931366,8,-0.126,-0.29,10.058,11.5
1418024828357,37.524142,139.931365,8,-0.227,-0.387,10.429,11.5
1418024828458,37.524152,139.931364,8,-0.274,-0.364,10.358,11.5
1418024828554,37.524162,139.931363,8,-0.261,-0.284,9.969,11.5
1418024828654,37.524172,139.931362,8,-0.138,-0.215,9.706,11.5
1418024828755,37.524183,139.931362,7,-0.005,-0.202,9.491,11.5
1418024828856,37.524193,139.931362,7,0.135,-0.23,9.592,11.5
1418024828956,37.524204,139.931362,7,0.229,-0.307,10.071,11.5
1418024829057,37.524214,139.931362,7,0.188,-0.436,10.616,11.5
1418024829158,37.524225,139.931363,7,0.155,-0.417,10.39,11.5
1418024829254,37.524235,139.931363,7,0.049,-0.296,9.979,11.5
1418024829354,37.524245,139.931363,7,-0.066,-0.195,9.97,11.5
1418024829455,37.524256,139.931363,7,-0.002,-0.195,10.033,11.5
1418024829556,37.524266,139.931363,7,0.129,-0.273,10.262,11.5
1418024829656,37.524277,139.931363,7,0.205,-0.236,10.13,11.5
1418024829757,37.524287,139.931365,6,0.303,-0.094,9.927,11.5
1418024829858,37.524297,139.931367,6,0.335,-0.033,9.702,11.5
1418024829954,37.524307,139.931369,6,0.37,-0.022,9.741,11.5
1418024830054,37.524318,139.93137,6,0.459,-0.128,10.006,11.5
1418024830155,37.524328,139.931372,6,0.518,-0.124,10.258,11.5
1418024830256,37.524338,139.931374,6,0.448,-0.062,10.014,11.5
1418024830356,37.524349,139.931376,6,0.442,0.046,9.687,11.5
1418024830457,37.524359,139.931378,6,0.449,0.022,9.704,11.5
1418024830558,37.524369,139.93138,6,0.421,-0.015,9.876,11.5
1418024830658,37.52438,139.931382,6,0.491,-0.075,10.165,11.5
1418024830754,37.52439,139.931384,8,0.437,-0.104,10.451,11.546
1418024830855,37.524401,139.931386,8,0.342,-0.095,10.424,11.596
1418024830956,37.524412,139.931388,8,0.305,-0.045,10.036,11.646
1418024831056,37.524423,139.93139,8,0.287,-0.002,9.865,11.695
1418024831157,37.524435,139.931392,8,0.304,-0.025,9.978,11.746
1418024831258,37.524446,139.931394,8,0.301,-0.075,10.06,11.796
1418024831358,37.524457,139.931396,8,0.324,-0.17,10.383,11.847
1418024831454,37.524468,139.931398,8,0.312,-0.136,10.33,11.895
1418024831555,37.524479,139.9314,8,0.381,-0.05,10.09,11.947
1418024831656,37.524491,139.931402,8,0.452,0.071,9.704,11.998
1418024831756,37.524501,139.931403,9,0.494,0.075,9.643,12.0
1418024831857,37.524512,139.931405,9,0.404,-0.016,10.169,12.0
1418024831958,37.524523,139.931406,9,0.366,-0.13,10.588,12.0
1418024832058,37.524533,139.931407,9,0.283,-0.138,10.597,12.0
1418024832154,37.524543,139.931408,9,0.185,-0.077,10.209,12.0
1418024832255,37.524554,139.93141,9,0.109,0.033,9.709,12.0
1418024832355,37.524565,139.931411,9,0.142,0.064,9.515,12.0
1418024832456,37.524575,139.931412,9,0.259,-0.017,9.752,12.0
1418024832557,37.524586,139.931414,9,0.365,-0.077,10.022,12.0
1418024832658,37.524597,139.931415,9,0.368,-0.148,10.237,12.0
1418024832758,37.524607,139.931413,10,0.233,-0.078,10.143,11.975
1418024832854,37.524617,139.93141,10,0.05,-0.101,10.089,11.951
1418024832955,37.524628,139.931408,10,-0.071,-0.089,10.047,11.926
1418024833055,37.524638,139.931405,10,-0.16,-0.164,10.249,11.901
1418024833156,37.524649,139.931403,10,-0.116,-0.186,10.266,11.875
1418024833257,37.524659,139.931401,10,-0.037,-0.159,10.183,11.85
1418024833357,37.52467,139.931398,10,0.138,-0.143,10.121,11.825
1418024833458,37.52468,139.931396,10,0.215,-0.063,10.0,11.8
1418024833554,37.52469,139.931394,10,0.234,-0.068,9.911,11.776
1418024833660,37.524701,139.931391,10,0.161,-0.145,10.041,11.75
1418024833755,37.524713,139.931392,10,0.057,-0.209,10.264,11.774
1418024833854,37.524725,139.931394,10,0.01,-0.198,10.241,11.798
1418024833957,37.524738,139.931395,10,-0.03,-0.093,9.891,11.824
1418024834056,37.524751,139.931396,10,-0.073,-0.007,9.587,11.848
1418024834158,37.524764,139.931397,10,-0.087,0.038,9.627,11.874
1418024834254,37.524776,139.931399,10,-0.058,-0.008,9.802,11.898
1418024834354,37.524789,139.9314,10,-0.109,-0.099,10.186,11.923
1418024834455,37.524802,139.931401,10,-0.234,-0.159,10.274,11.948
1418024834556,37.524815,139.931403,10,-0.271,-0.101,9.99,11.974
1418024834657,37.524828,139.931404,10,-0.279,-0.129,9.831,11.999
1418024834757,37.524839,139.931404,10,-0.202,-0.133,9.862,12.0
1418024834858,37.524851,139.931403,10,-0.048,-0.139,10.07,12.0
1418024834954,37.524862,139.931403,10,0.094,-0.197,10.245,12.0
1418024835054,37.524873,139.931402,10,0.14,-0.147,10.294,12.0
1418024835155,37.524885,139.931402,10,0.155,-0.083,10.131,12.0
1418024835256,37.524897,139.931401,10,0.12,0.008,9.911,12.0
1418024835357,37.524908,139.931401,10,0.054,0.005,9.889,12.0
1418024835457,37.52492,139.9314,10,-0.04,-0.059,9.906,12.0
1418024835558,37.524931,139.9314,10,-0.036,-0.104,10.077,12.0
1418024835654,37.524942,139.931399,10,0.108,-0.126,10.219,12.0
1418024835754,37.524953,139.931398,8,0.32,-0.095,10.209,12.023
1418024835855,37.524965,139.931398,8,0.536,-0.062,10.221,12.048
1418024835956,37.524976,139.931397,8,0.6,-0.029,10.117,12.073
1418024836056,37.524987,139.931397,8,0.543,-0.016,9.933,12.098
1418024836157,37.524998,139.931396,8,0.468,-0.074,10.024,12.124
1418024836258,37.52501,139.931395,8,0.431,-0.107,9.966,12.149
1418024836354,37.52502,139.931395,8,0.457,-0.054,9.824,12.173
1418024836454,37.525032,139.931394,8,0.47,-0.01,9.789,12.198
1418024836555,37.525043,139.931394,8,0.477,0.039,9.654,12.224
1418024836656,37.525055,139.931393,8,0.449,-0.05,9.953,12.249
1418024836756,37.525066,139.931393,7,0.342,-0.106,10.334,12.201
1418024836857,37.525077,139.931392,7,0.191,-0.2,10.396,12.15
1418024836958,37.525089,139.931391,7,0.219,-0.107,10.169,12.099
1418024837058,37.5251,139.931391,7,0.278,-0.006,9.894,12.049
1418024837154,37.525111,139.93139,7,0.328,0.025,9.796,12.0
1418024837255,37.525122,139.93139,7,0.282,-0.037,10.0,11.95
1418024837356,37.525133,139.931389,7,0.236,-0.131,10.379,11.9
1418024837456,37.525145,139.931389,7,0.235,-0.161,10.464,11.85
1418024837557,37.525156,139.931389,7,0.32,-0.062,10.144,11.801
1418024837658,37.525167,139.931388,7,0.334,0.044,9.755,11.751
1418024837758,37.525177,139.931387,7,0.18,0.051,9.631,11.821
1418024837854,37.525187,139.931385,7,0.096,-0.029,9.824,11.892
1418024837955,37.525198,139.931384,7,0.246,-0.098,10.034,11.966
1418024838055,37.525209,139.931382,7,0.319,-0.08,10.279,12.041
1418024838156,37.52522,139.931381,7,0.149,-0.064,10.092,12.116
1418024838257,37.525231,139.931379,7,-0.11,-0.067,9.849,12.192
1418024838358,37.525242,139.931378,7,-0.225,-0.079,9.841,12.269
1418024838458,37.525253,139.931376,7,-0.09,-0.031,9.881,12.345
1418024838554,37.525263,139.931375,7,-0.022,-0.062,10.003,12.418
1418024838655,37.525274,139.931373,7,-0.072,-0.137,10.217,12.496
1418024838756,37.525286,139.931374,7,-0.022,-0.172,10.483,12.476
1418024838856,37.525297,139.931375,7,0.211,-0.173,10.457,12.451
1418024838957,37.525308,139.931376,7,0.254,-0.082,10.162,12.425
1418024839058,37.525319,139.931377,7,0.245,-0.021,9.858,12.4
1418024839158,37.52533,139.931378,7,0.339,0.032,9.661,12.375
1418024839254,37.525341,139.931379,7,0.46,0.001,9.754,12.351
1418024839355,37.525352,139.93138,7,0.375,-0.122,10.11,12.326
1418024839455,37.525363,139.931381,7,0.367,-0.163,10.188,12.301
1418024839556,37.525374,139.931382,7,0.43,-0.139,10.051,12.276
1418024839657,37.525385,139.931383,7,0.383,-0.068,9.939,12.251
1418024839757,37.525397,139.931383,6,0.187,-0.098,9.942,12.25
1418024839858,37.525409,139.931382,6,0.181,-0.092,9.952,12.25
1418024839954,37.525421,139.931382,6,0.239,-0.059,9.959,12.25
1418024840055,37.525433,139.931382,6,0.197,-0.091,10.181,12.25
1418024840155,37.525445,139.931382,6,0.212,-0.099,10.069,12.25
1418024840256,37.525458,139.931381,6,0.412,-0.143,10.283,12.25
1418024840357,37.52547,139.931381,6,0.434,-0.161,10.342,12.25
1418024840457,37.525482,139.931381,6,0.378,-0.093,10.008,12.25
1418024840558,37.525495,139.93138,6,0.413,-0.083,9.951,12.25
1418024840654,37.525506,139.93138,6,0.305,-0.081,10.023,12.25
1418024840754,37.525517,139.93138,6,0.21,-0.082,9.965,12.25
1418024840855,37.525528,139.931379,6,0.261,-0.084,10.111,12.25
1418024840956,37.52554,139.931379,6,0.277,-0.08,9.991,12.25
1418024841057,37.525551,139.931378,6,0.26,-0.094,9.873,12.25
1418024841157,37.525562,139.931378,6,0.422,-0.115,10.115,12.25
1418024841258,37.525573,139.931378,6,0.429,-0.191,10.408,12.25
1418024841354,37.525583,139.931377,6,0.51,-0.22,10.485,12.25
1418024841454,37.525594,139.931377,6,0.662,-0.13,10.244,12.25
1418024841555,37.525605,139.931376,6,0.577,-0.075,9.973,12.25
1418024841656,37.525617,139.931376,6,0.561,-0.097,9.888,12.25
1418024841757,37.525627,139.931376,6,0.639,-0.119,10.106,12.25
1418024841857,37.525637,139.931377,6,0.519,-0.15,10.106,12.25
1418024841958,37.525648,139.931377,6,0.505,-0.098,9.861,12.25
1418024842054,37.525658,139.931377,6,0.539,-0.026,9.586,12.25
1418024842154,37.525668,139.931377,6,0.475,-0.034,9.643,12.25
1418024842255,37.525679,139.931378,6,0.368,-0.095,9.822,12.25
1418024842356,37.525689,139.931378,6,0.451,-0.178,10.224,12.25
1418024842456,37.5257,139.931378,6,0.358,-0.205,10.526,12.25
1418024842557,37.52571,139.931379,6,0.206,-0.225,10.325,12.25
1418024842658,37.525721,139.931379,6,0.183,-0.143,10.067,12.25
1418024842754,37.525732,139.93138,8,0.23,-0.071,9.886,12.25
1418024842855,37.525743,139.931381,8,0.119,-0.061,9.741,12.25
1418024842955,37.525755,139.931382,8,0.21,-0.111,9.824,12.25
1418024843056,37.525767,139.931383,8,0.273,-0.132,10.172,12.25
1418024843156,37.525778,139.931384,8,0.273,-0.187,10.224,12.25
1418024843257,37.52579,139.931386,8,0.308,-0.183,10.06,12.25
1418024843358,37.525801,139.931387,8,0.363,-0.134,10.003,12.25
1418024843458,37.525813,139.931388,8,0.276,-0.183,10.106,12.25
1418024843554,37.525824,139.931389,8,0.23,-0.201,10.091,12.25
1418024843655,37.525835,139.93139,8,0.333,-0.156,10.146,12.25
1418024843756,37.525847,139.93139,8,0.318,-0.095,9.981,12.25
1418024843856,37.525858,139.931391,8,0.263,-0.053,9.782,12.25
1418024843957,37.52587,139.931391,8,0.399,-0.032,9.843,12.25
1418024844058,37.525881,139.931392,8,0.47,-0.104,10.037,12.25
1418024844158,37.525892,139.931392,8,0.308,-0.117,10.116,12.25
1418024844254,37.525903,139.931393,8,0.306,-0.103,10.055,12.25
1418024844355,37.525915,139.931393,8,0.284,-0.168,10.369,12.25
1418024844455,37.525926,139.931394,8,0.217,-0.204,10.318,12.25
1418024844556,37.525937,139.931394,8,0.259,-0.148,9.987,12.25
1418024844657,37.525949,139.931395,8,0.387,-0.033,9.715,12.25
1418024844758,37.52596,139.931395,6,0.351,-0.011,9.678,12.225
1418024844858,37.52597,139.931395,6,0.331,-0.106,9.905,12.2
1418024844954,37.525981,139.931395,6,0.476,-0.196,10.276,12.176
1418024845055,37.525992,139.931395,6,0.495,-0.242,10.592,12.151
1418024845155,37.526002,139.931395,6,0.388,-0.165,10.153,12.126
1418024845256,37.526013,139.931394,6,0.331,-0.061,9.674,12.1
1418024845357,37.526024,139.931394,6,0.286,-0.003,9.64,12.075
1418024845458,37.526035,139.931394,6,0.063,-0.054,9.88,12.05
1418024845558,37.526045,139.931394,6,0.042,-0.16,10.181,12.025
1418024845654,37.526055,139.931394,6,0.316,-0.134,10.135,12.001
1418024845755,37.526066,139.931394,6,0.111,0.055,9.379,12.0
1418024845855,37.526077,139.931394,6,0.049,-0.162,10.287,12.0
1418024845956,37.526088,139.931394,6,-0.03,-0.408,11.163,12.0
1418024846057,37.526099,139.931394,6,0.242,-0.354,10.78,12.0
1418024846157,37.52611,139.931395,6,0.066,-0.127,9.922,12.0
1418024846258,37.526121,139.931395,6,-0.145,0.135,9.312,12.0
1418024846354,37.526131,139.931395,6,-0.171,0.194,9.142,12.0
1418024846455,37.526142,139.931395,6,-0.188,0.068,9.413,12.0
1418024846555,37.526153,139.931395,6,-0.319,-0.159,10.171,12.0
1418024846656,37.526164,139.931395,6,-0.321,-0.238,10.397,12.0
1418024846757,37.526174,139.931395,10,-0.07,-0.155,10.311,12.0
1418024846857,37.526185,139.931394,10,0.118,-0.121,10.491,12.0
1418024846958,37.526196,139.931394,10,0.142,-0.124,10.096,12.0
1418024847054,37.526206,139.931394,10,0.051,-0.134,9.952,12.0
1418024847155,37.526216,139.931394,10,0.036,-0.091,10.137,12.0
1418024847255,37.526227,139.931393,10,-0.075,-0.048,10.103,12.0
1418024847356,37.526238,139.931393,10,-0.175,0.001,9.724,12.0
1418024847457,37.526248,139.931393,10,-0.114,-0.017,9.673,12.0
1418024847557,37.526259,139.931392,10,-0.015,-0.072,9.916,12.0
1418024847658,37.52627,139.931392,10,-0.035,-0.148,10.222,12.0
1418024847759,37.526279,139.931392,10,-0.064,-0.143,10.167,11.924
1418024847854,37.526289,139.931391,10,0.093,-0.118,9.89,11.851
1418024847960,37.526299,139.931391,10,0.281,-0.097,9.984,11.77
1418024848056,37.526308,139.931391,10,0.328,-0.093,10.151,11.697
1418024848155,37.526317,139.93139,10,0.351,-0.142,10.066,11.623
1418024848257,37.526326,139.93139,10,0.481,-0.111,10.025,11.546
1418024848356,37.526335,139.93139,10,0.475,-0.065,9.979,11.473
1418024848454,37.526344,139.93139,10,0.318,-0.069,9.917,11.401
1418024848554,37.526353,139.931389,10,0.28,-0.128,9.974,11.327
1418024848655,37.526363,139.931389,10,0.381,-0.145,10.348,11.254
1418024848756,37.526374,139.931391,10,0.368,-0.138,10.436,11.32
1418024848857,37.526385,139.931393,10,0.226,-0.134,10.12,11.394
1418024848958,37.526397,139.931395,10,0.272,-0.151,10.376,11.468
1418024849058,37.526409,139.931397,10,0.342,-0.11,10.22,11.543
1418024849154,37.52642,139.931399,10,0.322,-0.067,9.867,11.614
1418024849254,37.526432,139.931401,10,0.183,0.03,9.657,11.69
1418024849355,37.526444,139.931403,10,0.149,0.016,9.628,11.766
1418024849456,37.526456,139.931406,10,0.107,-0.004,9.714,11.843
1418024849556,37.526467,139.931408,10,-0.028,-0.06,10.055,11.92
1418024849657,37.52648,139.93141,10,-0.199,-0.122,10.341,11.998
1418024849758,37.526491,139.931411,10,-0.304,-0.11,10.21,12.0
1418024849858,37.526502,139.931413,10,-0.139,-0.006,9.948,12.0
1418024849954,37.526513,139.931414,10,-0.08,0.075,9.817,12.0
1418024850055,37.526524,139.931415,10,-0.082,0.047,9.737,12.0
1418024850156,37.526535,139.931416,10,0.013,-0.052,9.976,12.0
1418024850256,37.526546,139.931418,10,0.286,-0.103,10.376,12.0
1418024850357,37.526557,139.931419,10,0.238,-0.117,10.486,12.0
1418024850458,37.526569,139.93142,10,0.033,-0.109,10.268,12.0
1418024850558,37.52658,139.931422,10,0.013,0.014,9.765,12.0
1418024850654,37.52659,139.931423,10,0.003,0.122,9.483,12.0
1418024850755,37.5266,139.931424,7,-0.183,0.079,9.614,12.024
1418024850856,37.526609,139.931425,7,-0.309,-0.061,10.014,12.049
1418024850956,37.526619,139.931426,7,-0.159,-0.12,10.268,12.073
1418024851057,37.526628,139.931427,7,0.003,-0.113,10.331,12.099
1418024851158,37.526638,139.931428,7,-0.02,-0.089,10.164,12.124
1418024851258,37.526647,139.93143,7,-0.087,-0.063,9.879,12.149
1418024851354,37.526656,139.931431,7,0.075,-0.042,9.999,12.173
1418024851455,37.526666,139.931432,7,0.143,0.0,10.111,12.198
1418024851555,37.526675,139.931433,7,0.012,-0.038,9.994,12.224
1418024851656,37.526685,139.931434,7,-0.024,-0.022,9.799,12.249
1418024851757,37.526694,139.931435,7,0.032,-0.034,9.875,12.25
1418024851857,37.526704,139.931435,7,-0.08,0.034,9.85,12.25
1418024851958,37.526714,139.931436,7,-0.268,-0.033,9.994,12.25
1418024852054,37.526723,139.931436,7,-0.233,-0.068,10.271,12.25
1418024852155,37.526733,139.931437,7,-0.191,-0.088,10.483,12.25
1418024852255,37.526743,139.931438,7,-0.274,-0.049,10.212,12.25
1418024852356,37.526753,139.931438,7,-0.34,0.009,9.781,12.25
1418024852457,37.526762,139.931439,7,-0.235,0.103,9.566,12.25
1418024852557,37.526772,139.931439,7,-0.113,0.096,9.743,12.25
1418024852658,37.526782,139.93144,7,-0.105,-0.054,10.104,12.25
1418024852754,37.526793,139.93144,7,0.154,-0.161,10.528,12.25
1418024852855,37.526805,139.93144,7,0.223,-0.136,10.518,12.25
1418024852955,37.526817,139.93144,7,0.116,-0.035,9.981,12.25
1418024853056,37.52683,139.93144,7,0.027,0.121,9.449,12.25
1418024853157,37.526842,139.93144,7,0.144,0.071,9.69,12.25
1418024853257,37.526854,139.93144,7,0.038,-0.02,10.111,12.25
1418024853358,37.526866,139.93144,7,-0.067,-0.156,10.407,12.25
1418024853454,37.526877,139.93144,7,-0.028,-0.122,10.494,12.25
1418024853555,37.526889,139.93144,7,-0.009,-0.032,10.132,12.25
1418024853655,37.526901,139.93144,7,-0.057,0.031,9.757,12.25
1418024853756,37.526912,139.931441,6,0.095,0.082,9.769,12.25
1418024853857,37.526922,139.931441,6,0.067,0.049,9.905,12.25
1418024853957,37.526932,139.931442,6,-0.016,-0.007,10.029,12.25
1418024854058,37.526942,139.931442,6,0.129,-0.01,9.969,12.25
1418024854154,37.526951,139.931443,6,0.052,0.009,9.969,12.25
1418024854254,37.526961,139.931444,6,-0.065,-0.017,9.904,12.25
1418024854355,37.526972,139.931444,6,0.013,-0.05,10.05,12.25
1418024854456,37.526982,139.931445,6,0.065,-0.087,10.132,12.25
1418024854557,37.526992,139.931445,6,0.027,-0.047,9.884,12.25
1418024854657,37.527002,139.931446,6,0.139,-0.048,9.837,12.25
1418024854758,37.527013,139.931447,6,0.11,-0.09,10.147,12.25
1418024854854,37.527024,139.931448,6,0.049,-0.131,10.188,12.25
1418024854954,37.527035,139.931449,6,0.085,-0.113,10.163,12.25
1418024855055,37.527046,139.93145,6,0.088,-0.046,10.041,12.25
1418024855156,37.527057,139.931451,6,0.046,-0.038,9.757,12.25
1418024855257,37.527068,139.931452,6,0.17,-0.08,10.064,12.25
1418024855357,37.527079,139.931453,6,0.218,-0.177,10.271,12.25
1418024855458,37.527091,139.931454,6,0.206,-0.179,10.363,12.25
1418024855554,37.527101,139.931455,6,0.337,-0.167,10.39,12.25
1418024855654,37.527112,139.931456,6,0.29,-0.145,10.026,12.25
1418024855755,37.527124,139.931457,5,0.264,-0.083,9.745,12.25
1418024855856,37.527135,139.931458,5,0.385,-0.033,9.718,12.25
1418024855956,37.527146,139.931459,5,0.279,-0.051,9.688,12.25
1418024856057,37.527157,139.93146,5,0.272,-0.149,10.047,12.25
1418024856158,37.527168,139.931461,5,0.338,-0.208,10.409,12.25
1418024856259,37.527179,139.931462,5,0.266,-0.256,10.581,12.25
1418024856354,37.52719,139.931463,5,0.155,-0.206,10.27,12.25
1418024856455,37.527201,139.931464,5,0.237,-0.078,9.841,12.25
1418024856556,37.527212,139.931465,5,0.168,-0.061,9.835,12.25
1418024856656,37.527224,139.931466,5,0.148,-0.137,10.056,12.25
1418024856757,37.527235,139.931466,5,0.206,-0.163,10.219,12.25
1418024856858,37.527247,139.931467,5,0.09,-0.118,10.051,12.25
1418024856958,37.527259,139.931467,5,-0.025,-0.044,9.693,12.25
1418024857054,37.52727,139.931468,5,-0.063,0.01,9.46,12.25
1418024857155,37.527282,139.931468,5,-0.15,0.001,9.555,12.25
1418024857255,37.527294,139.931469,5,-0.247,-0.12,9.922,12.25
1418024857356,37.527306,139.931469,5,-0.159,-0.183,10.376,12.25
1418024857457,37.527318,139.93147,5,-0.123,-0.195,10.527,12.25
1418024857558,37.52733,139.93147,5,-0.209,-0.19,10.324,12.25
1418024857658,37.527342,139.931471,5,-0.1,-0.094,10.057,12.25
1418024857754,37.527353,139.93147,5,0.002,-0.138,10.323,12.25
1418024857855,37.527364,139.93147,5,0.039,-0.145,10.268,12.25
1418024857955,37.527376,139.931469,5,-0.065,0.031,9.321,12.25
1418024858056,37.527388,139.931469,5,0.023,0.178,9.179,12.25
1418024858157,37.527399,139.931468,5,-0.011,-0.065,9.978,12.25
1418024858258,37.527411,139.931467,5,-0.024,-0.284,10.678,12.25
1418024858358,37.527422,139.931467,5,-0.019,-0.342,10.952,12.25
1418024858454,37.527433,139.931466,5,-0.189,-0.358,10.694,12.25
1418024858555,37.527445,139.931466,5,-0.196,-0.158,10.184,12.25
1418024858655,37.527456,139.931465,5,-0.12,0.017,9.743,12.25
1418024858756,37.527468,139.931465,5,-0.184,0.078,9.453,12.25
1418024858857,37.527479,139.931465,5,-0.058,-0.026,9.614,12.25
1418024858958,37.52749,139.931466,5,0.01,-0.096,10.129,12.25
1418024859058,37.527501,139.931466,5,-0.092,-0.187,10.494,12.25
1418024859154,37.527511,139.931466,5,-0.091,-0.232,10.277,12.25
1418024859255,37.527522,139.931466,5,-0.059,-0.134,9.961,12.25
1418024859355,37.527533,139.931466,5,-0.108,-0.003,9.659,12.25
1418024859456,37.527545,139.931467,5,-0.201,-0.051,9.783,12.25
1418024859557,37.527556,139.931467,5,-0.108,-0.109,10.094,12.25
1418024859657,37.527567,139.931467,5,-0.13,-0.109,10.323,12.25
1418024859758,37.527577,139.931467,6,-0.198,-0.128,10.203,12.25
1418024859854,37.527588,139.931468,6,-0.138,-0.087,9.88,12.25
1418024859954,37.527598,139.931468,6,0.005,-0.02,9.707,12.25
1418024860055,37.527609,139.931469,6,0.021,-0.07,9.856,12.25
1418024860156,37.52762,139.931469,6,0.03,-0.161,10.102,12.25
1418024860256,37.527631,139.931469,6,0.189,-0.18,10.319,12.25
1418024860357,37.527642,139.93147,6,0.195,-0.138,10.179,12.25
1418024860458,37.527652,139.93147,6,0.09,-0.16,10.05,12.25
1418024860554,37.527663,139.931471,6,0.135,-0.123,9.952,12.25
1418024860654,37.527673,139.931471,6,0.072,-0.104,10.051,12.25
1418024860755,37.527685,139.93147,6,-0.113,-0.165,10.186,12.25
1418024860856,37.527697,139.93147,6,-0.108,-0.111,10.019,12.25
1418024860957,37.527708,139.931469,6,-0.071,-0.019,9.721,12.25
1418024861057,37.52772,139.931469,6,-0.169,0.002,9.528,12.25
1418024861158,37.527732,139.931468,6,-0.141,0.0,9.588,12.25
1418024861254,37.527743,139.931467,6,-0.163,-0.124,10.096,12.25
1418024861354,37.527755,139.931467,6,-0.181,-0.231,10.482,12.25
1418024861455,37.527766,139.931466,6,-0.211,-0.148,10.033,12.25
1418024861556,37.527778,139.931466,6,-0.13,-0.011,9.63,12.25
1418024861656,37.52779,139.931465,6,-0.174,0.026,9.511,12.25
1418024861757,37.5278,139.931465,5,-0.185,-0.098,9.924,12.25
1418024861858,37.527811,139.931464,5,-0.029,-0.286,10.708,12.25
1418024861954,37.527821,139.931464,5,0.048,-0.368,11.13,12.25
1418024862059,37.527832,139.931464,5,0.007,-0.248,10.649,12.25
1418024862155,37.527842,139.931464,5,0.13,-0.082,9.947,12.25
1418024862254,37.527852,139.931463,5,0.247,0.062,9.493,12.25
1418024862356,37.527863,139.931463,5,0.226,0.005,9.597,12.25
1418024862455,37.527873,139.931463,5,0.282,-0.163,10.12,12.25
1418024862558,37.527884,139.931462,5,0.407,-0.266,10.638,12.25
1418024862657,37.527895,139.931462,5,0.293,-0.241,10.459,12.25
1418024862754,37.527905,139.931462,5,0.202,-0.101,9.879,12.273
1418024862855,37.527915,139.931462,5,0.251,0.006,9.535,12.298
1418024862956,37.527926,139.931462,5,0.211,0.0,9.569,12.323
1418024863056,37.527936,139.931462,5,0.139,-0.136,9.98,12.348
1418024863157,37.527946,139.931462,5,0.175,-0.139,10.179,12.374
1418024863258,37.527957,139.931461,5,0.118,-0.076,9.846,12.399
1418024863358,37.527967,139.931461,5,-0.075,-0.029,9.575,12.424
1418024863454,37.527977,139.931461,5,-0.073,-0.073,9.636,12.448
1418024863555,37.527988,139.931461,5,0.087,-0.153,10.101,12.474
1418024863656,37.527999,139.931461,5,0.028,-0.203,10.337,12.499
1418024863756,37.528009,139.931458,8,0.065,-0.139,10.082,12.476
1418024863857,37.528019,139.931454,8,0.165,-0.133,10.01,12.45
1418024863958,37.528029,139.931451,8,0.129,-0.172,10.095,12.425
1418024864058,37.528039,139.931448,8,0.033,-0.249,10.079,12.4
1418024864154,37.528048,139.931445,8,0.103,-0.152,10.095,12.376
1418024864255,37.528058,139.931441,8,0.016,-0.084,10.07,12.351
1418024864355,37.528068,139.931438,8,-0.216,-0.076,9.83,12.326
1418024864456,37.528078,139.931435,8,-0.281,-0.101,9.933,12.301
1418024864557,37.528088,139.931431,8,-0.215,-0.103,10.023,12.276
1418024864658,37.528098,139.931428,8,-0.192,-0.219,10.39,12.25
1418024864758,37.528109,139.931428,8,-0.039,-0.223,10.399,12.25
1418024864854,37.52812,139.931427,8,0.167,-0.165,10.202,12.25
1418024864955,37.528131,139.931427,8,0.141,-0.171,10.098,12.25
1418024865055,37.528142,139.931426,8,0.293,-0.081,9.803,12.25
1418024865156,37.528153,139.931426,8,0.418,-0.117,9.785,12.25
1418024865257,37.528164,139.931426,8,0.431,-0.192,10.034,12.25
1418024865357,37.528175,139.931425,8,0.322,-0.249,10.366,12.25
1418024865458,37.528187,139.931425,8,0.265,-0.267,10.315,12.25
1418024865554,37.528197,139.931424,8,0.084,-0.086,9.761,12.25
1418024865655,37.528208,139.931424,8,0.029,0.02,9.731,12.25
1418024865755,37.52822,139.931424,5,0.046,-0.055,9.748,12.25
1418024865856,37.528232,139.931423,5,0.044,-0.123,9.948,12.25
1418024865957,37.528243,139.931423,5,-0.0,-0.307,10.358,12.25
1418024866057,37.528255,139.931423,5,0.116,-0.311,10.587,12.25
1418024866158,37.528266,139.931423,5,0.216,-0.286,10.717,12.25
1418024866254,37.528277,139.931422,5,0.245,-0.261,10.407,12.25
1418024866355,37.528289,139.931422,5,0.386,-0.147,9.788,12.25
1418024866455,37.5283,139.931422,5,0.526,0.058,9.767,12.25
1418024866556,37.528312,139.931421,5,0.497,-0.045,9.859,12.25
1418024866657,37.528324,139.931421,5,0.463,-0.334,9.892,12.25
1418024866757,37.528335,139.931421,5,0.436,-0.303,10.192,12.25
1418024866858,37.528346,139.931421,5,0.379,-0.313,10.415,12.25
1418024866954,37.528357,139.931422,5,0.26,-0.326,10.095,12.25
1418024867054,37.528368,139.931422,5,0.142,-0.267,9.975,12.25
1418024867155,37.528379,139.931422,5,0.105,-0.292,10.006,12.25
1418024867256,37.52839,139.931422,5,0.073,-0.323,10.13,12.25
1418024867356,37.528401,139.931422,5,0.05,-0.276,10.129,12.25
1418024867457,37.528412,139.931423,5,-0.075,-0.195,9.732,12.25
1418024867558,37.528424,139.931423,5,-0.198,-0.17,9.606,12.25
1418024867654,37.528434,139.931423,5,-0.165,-0.225,9.654,12.25
1418024867754,37.528445,139.931424,5,-0.072,-0.333,9.994,12.202
1418024867855,37.528455,139.931425,5,-0.062,-0.399,10.478,12.151
1418024867956,37.528466,139.931425,5,0.015,-0.413,10.464,12.1
1418024868056,37.528476,139.931426,5,-0.03,-0.366,10.219,12.05
1418024868157,37.528487,139.931427,5,0.025,-0.282,10.014,11.999
1418024868258,37.528497,139.931428,5,0.004,-0.253,9.868,11.948
1418024868359,37.528507,139.931429,5,-0.015,-0.272,9.737,11.898
1418024868454,37.528517,139.931429,5,-0.081,-0.274,9.987,11.851
1418024868555,37.528527,139.93143,5,-0.051,-0.321,10.365,11.802
1418024868656,37.528538,139.931431,5,-0.001,-0.356,10.453,11.752
1418024868756,37.52855,139.931431,6,0.087,-0.326,10.257,11.82
1418024868857,37.528562,139.931431,6,0.153,-0.286,10.16,11.894
1418024868958,37.528575,139.931431,6,0.098,-0.2,9.966,11.969
1418024869058,37.528587,139.931431,6,0.095,-0.243,9.926,12.043
1418024869154,37.528599,139.931431,6,0.08,-0.309,10.203,12.115
1418024869255,37.528612,139.931431,6,0.099,-0.341,10.288,12.191
1418024869356,37.528625,139.931431,6,0.024,-0.308,10.354,12.267
1418024869456,37.528638,139.931431,6,-0.037,-0.23,10.071,12.343
1418024869557,37.528651,139.931431,6,-0.161,-0.213,9.925,12.421
1418024869658,37.528664,139.931431,6,-0.264,-0.225,10.036,12.498
1418024869758,37.528678,139.931431,8,-0.204,-0.265,10.148,12.398
1418024869854,37.528691,139.93143,8,-0.03,-0.229,9.991,12.299
1418024869955,37.528706,139.93143,8,0.105,-0.214,10.11,12.196
1418024870056,37.52872,139.931429,8,0.154,-0.257,10.298,12.094
1418024870156,37.528733,139.931429,8,0.211,-0.261,10.081,11.994
1418024870257,37.528747,139.931429,8,0.152,-0.363,10.286,11.893
1418024870358,37.528761,139.931428,8,0.067,-0.418,10.565,11.793
1418024870458,37.528774,139.931428,8,-0.077,-0.357,10.075,11.695
1418024870554,37.528787,139.931427,8,-0.005,-0.483,10.724,11.602
1418024870655,37.5288,139.931427,8,0.122,-0.635,11.632,11.505
1418024870755,37.52881,139.931428,8,0.124,-0.519,10.967,11.452
1418024870856,37.52882,139.931428,8,0.198,-0.295,10.31,11.4
1418024870957,37.528829,139.931429,8,0.206,-0.099,9.727,11.349
1418024871058,37.528839,139.93143,8,0.196,0.165,8.85,11.298
1418024871158,37.528848,139.931431,8,0.264,-0.005,9.143,11.248
1418024871254,37.528857,139.931431,8,0.392,-0.283,10.183,11.2
1418024871355,37.528867,139.931432,8,0.252,-0.591,10.957,11.15
1418024871455,37.528876,139.931433,8,0.004,-0.475,10.994,11.101
1418024871556,37.528885,139.931433,8,-0.35,-0.529,11.276,11.051
1418024871657,37.528895,139.931434,8,-0.334,-0.223,10.04,11.001
1418024871757,37.528904,139.931434,5,-0.315,0.255,8.383,10.925
1418024871858,37.528914,139.931434,5,-0.263,0.328,7.938,10.847
1418024871954,37.528923,139.931434,5,-0.388,0.295,7.956,10.774
1418024872054,37.528933,139.931434,5,-0.436,-0.136,8.886,10.698
1418024872155,37.528942,139.931434,5,-0.095,-0.596,10.768,10.622
1418024872256,37.528952,139.931435,5,0.08,-0.939,11.934,10.547
1418024872357,37.528961,139.931435,5,0.251,-0.753,11.235,10.472
1418024872457,37.52897,139.931435,5,0.229,-0.413,9.926,10.398
1418024872558,37.52898,139.931435,5,0.184,-0.046,9.025,10.324
1418024872654,37.528988,139.931435,5,0.143,0.185,8.282,10.254
1418024872754,37.528998,139.931434,6,0.096,0.096,8.338,10.25
1418024872855,37.529007,139.931433,6,-0.015,-0.161,9.074,10.25
1418024872956,37.529016,139.931432,6,-0.167,-0.42,10.138,10.25
1418024873057,37.529025,139.931431,6,-0.285,-0.557,10.794,10.25
1418024873157,37.529034,139.931431,6,-0.331,-0.451,10.49,10.25
1418024873258,37.529043,139.93143,6,-0.351,-0.222,9.481,10.25
1418024873354,37.529052,139.931429,6,-0.25,-0.142,9.13,10.25
1418024873454,37.529061,139.931428,6,-0.091,-0.232,9.641,10.25
1418024873555,37.52907,139.931427,6,-0.108,-0.381,10.316,10.25
1418024873656,37.52908,139.931426,6,0.279,-0.358,9.667,10.25
1418024873757,37.529088,139.931426,6,0.031,0.104,7.83,10.094
1418024873857,37.529096,139.931426,6,0.075,0.276,7.635,9.936
1418024873958,37.529104,139.931426,6,0.039,-0.236,9.37,9.778
1418024874054,37.529111,139.931426,6,-0.024,-0.575,10.899,9.631
1418024874154,37.529119,139.931425,6,-0.141,-1.069,11.904,9.479
1418024874255,37.529126,139.931425,6,-0.233,-1.266,12.31,9.329
1418024874356,37.529133,139.931425,6,-0.476,-1.18,12.249,9.181
1418024874456,37.529141,139.931425,6,-0.647,-0.464,10.895,9.037
1418024874557,37.529148,139.931425,6,-0.676,0.314,8.776,8.894
1418024874658,37.529155,139.931425,6,-0.798,0.658,7.605,8.753
1418024874754,37.529162,139.931424,7,-0.766,0.388,8.005,8.75
1418024874854,37.52917,139.931423,7,-0.511,-0.175,10.076,8.75
1418024874955,37.529178,139.931422,7,-0.257,-0.721,12.268,8.75
1418024875056,37.529186,139.931421,7,-0.081,-0.836,12.528,8.75
1418024875156,37.529194,139.931421,7,-0.012,-0.402,11.33,8.75
1418024875257,37.529202,139.93142,7,-0.118,-0.122,10.207,8.75
1418024875358,37.52921,139.931419,7,-0.14,0.069,9.804,8.75
1418024875458,37.529218,139.931418,7,-0.216,0.297,9.478,8.75
1418024875554,37.529226,139.931417,7,-0.379,0.176,9.854,8.75
1418024875655,37.529234,139.931416,7,-0.614,0.051,10.235,8.75
1418024875756,37.529242,139.931416,7,-0.464,0.205,10.053,8.904
1418024875856,37.52925,139.931415,7,-0.349,0.17,9.847,9.068
1418024875957,37.529259,139.931415,7,-0.06,0.25,10.046,9.237
1418024876058,37.529267,139.931415,7,0.109,0.251,10.026,9.408
1418024876158,37.529276,139.931415,7,0.166,0.263,9.992,9.582
1418024876254,37.529285,139.931414,7,0.176,0.259,9.897,9.751
1418024876360,37.529295,139.931414,7,0.215,0.333,9.736,9.942
1418024876455,37.529303,139.931414,7,0.225,0.312,9.84,10.115
1418024876555,37.529313,139.931413,7,0.231,0.229,10.514,10.301
1418024876657,37.529323,139.931413,7,0.07,0.16,10.715,10.494
1418024876756,37.529333,139.931412,6,0.018,0.244,10.437,10.57
1418024876858,37.529344,139.931411,6,-0.059,0.451,9.732,10.644
1418024876954,37.529355,139.93141,6,-0.145,0.573,9.485,10.715
1418024877055,37.529366,139.931409,6,-0.143,0.494,9.636,10.79
1418024877155,37.529376,139.931408,6,-0.034,0.359,10.108,10.865
1418024877256,37.529388,139.931407,6,0.205,0.123,10.778,10.941
1418024877357,37.529399,139.931406,6,0.329,0.231,10.536,11.017
1418024877457,37.52941,139.931405,6,0.344,0.347,10.137,11.094
1418024877558,37.529421,139.931404,6,0.313,0.436,9.871,11.171
1418024877654,37.529432,139.931403,6,0.341,0.48,9.593,11.245
1418024877755,37.529442,139.931402,6,0.327,0.419,9.646,11.226
1418024877855,37.529452,139.931401,6,0.384,0.378,10.005,11.201
1418024877956,37.529462,139.9314,6,0.372,0.379,10.231,11.175
1418024878057,37.529472,139.931399,6,0.227,0.276,10.344,11.15
1418024878157,37.529481,139.931398,6,-0.021,0.323,10.251,11.125
1418024878258,37.529491,139.931396,6,-0.007,0.357,10.149,11.1
1418024878354,37.529501,139.931395,6,0.14,0.416,10.013,11.076
1418024878454,37.52951,139.931394,6,0.376,0.432,10.191,11.051
1418024878555,37.52952,139.931393,6,0.5,0.324,10.216,11.026
1418024878656,37.52953,139.931392,6,0.603,0.389,10.037,11.001
1418024878757,37.52954,139.931392,6,0.673,0.364,9.899,11.048
1418024878857,37.52955,139.931393,6,0.657,0.415,9.924,11.097
1418024878958,37.529561,139.931393,6,0.563,0.316,10.254,11.147
1418024879054,37.52957,139.931394,6,0.566,0.255,10.334,11.194
1418024879154,37.529581,139.931394,6,0.522,0.361,10.252,11.244
1418024879255,37.529591,139.931394,6,0.467,0.474,9.733,11.295
1418024879356,37.529602,139.931395,6,0.367,0.675,9.428,11.346
1418024879457,37.529613,139.931395,6,0.362,0.594,9.15,11.397
1418024879557,37.529623,139.931396,6,0.43,0.357,10.128,11.447
1418024879658,37.529634,139.931396,6,0.255,0.246,10.443,11.499
1418024879754,37.529644,139.931396,6,0.007,0.283,9.902,11.523
1418024879854,37.529654,139.931396,6,-0.047,0.157,10.334,11.548
1418024879955,37.529664,139.931396,6,0.025,0.342,10.362,11.573
1418024880056,37.529675,139.931396,6,-0.13,0.481,9.741,11.598
1418024880156,37.529685,139.931396,6,-0.101,0.483,9.438,11.623
1418024880257,37.529695,139.931397,6,-0.015,0.468,9.619,11.649
1418024880358,37.529706,139.931397,6,-0.099,0.416,10.027,11.674
1418024880454,37.529716,139.931397,6,-0.363,0.429,9.701,11.698
1418024880554,37.529726,139.931397,6,-0.357,0.514,9.303,11.723
1418024880655,37.529736,139.931397,6,-0.399,-0.033,11.19,11.749
1418024880756,37.529747,139.931395,7,-0.101,-0.03,11.614,11.797
1418024880856,37.529757,139.931393,7,-0.341,0.408,10.698,11.846
1418024880957,37.529768,139.931391,7,-0.263,0.55,9.383,11.896
1418024881058,37.529779,139.93139,7,-0.141,0.657,8.566,11.947
1418024881154,37.529789,139.931388,7,-0.016,0.962,8.708,11.994
1418024881254,37.529799,139.931386,7,-0.047,0.496,9.378,12.044
1418024881355,37.52981,139.931384,7,0.067,0.34,10.119,12.095
1418024881456,37.529821,139.931382,7,-0.113,0.061,11.515,12.146
1418024881556,37.529832,139.93138,7,-0.09,-0.106,12.029,12.197
1418024881657,37.529843,139.931378,7,-0.139,0.142,11.245,12.248
1418024881758,37.529854,139.931378,7,-0.16,0.219,10.328,12.25
1418024881858,37.529865,139.931377,7,-0.155,0.531,10.036,12.25
1418024881954,37.529876,139.931377,7,-0.09,0.668,9.885,12.25
1418024882055,37.529887,139.931376,7,-0.025,0.659,9.408,12.25
1418024882156,37.529899,139.931376,7,0.07,0.537,9.825,12.25
1418024882256,37.52991,139.931376,7,0.062,0.378,10.088,12.25
1418024882357,37.529921,139.931375,7,-0.001,0.361,10.34,12.25
1418024882458,37.529932,139.931375,7,-0.007,0.301,10.612,12.25
1418024882558,37.529944,139.931374,7,0.148,0.389,10.099,12.25
1418024882654,37.529954,139.931374,7,0.172,0.434,9.69,12.25
1418024882755,37.529967,139.931376,7,0.204,0.419,9.981,12.319
1418024882855,37.529979,139.931377,7,0.331,0.335,10.025,12.393
1418024882956,37.529992,139.931379,7,0.487,0.386,9.973,12.467
1418024883057,37.530004,139.931381,7,0.525,0.349,10.196,12.542
1418024883158,37.530017,139.931382,7,0.5,0.255,10.396,12.618
1418024883258,37.530029,139.931384,7,0.267,0.261,10.283,12.693
1418024883354,37.530042,139.931386,7,0.105,0.438,10.034,12.766
1418024883455,37.530055,139.931387,7,0.126,0.42,9.76,12.843
1418024883555,37.530067,139.931389,7,0.242,0.484,9.698,12.919
1418024883656,37.53008,139.931391,7,0.231,0.287,9.839,12.997
1418024883757,37.530093,139.931391,7,0.139,0.193,10.057,13.024
1418024883857,37.530105,139.93139,7,0.208,0.114,10.241,13.049
1418024883958,37.530117,139.93139,7,0.288,0.075,10.057,13.074
1418024884054,37.530129,139.931389,7,0.272,0.099,9.871,13.098
1418024884155,37.530142,139.931389,7,0.181,0.087,9.642,13.123
1418024884255,37.530154,139.931388,7,0.174,0.031,9.707,13.148
1418024884356,37.530166,139.931388,7,0.133,-0.022,10.012,13.173
1418024884457,37.530179,139.931387,7,0.071,-0.062,10.232,13.199
1418024884557,37.530191,139.931387,7,0.114,-0.055,10.241,13.224
1418024884658,37.530204,139.931386,7,0.104,-0.057,10.33,13.249
1418024884754,37.530215,139.931386,6,0.178,-0.054,10.272,13.226
1418024884855,37.530227,139.931386,6,0.303,-0.036,10.25,13.201
1418024884955,37.530238,139.931385,6,0.433,-0.027,10.104,13.176
1418024885056,37.53025,139.931385,6,0.496,0.006,10.084,13.15
1418024885157,37.530261,139.931385,6,0.474,-0.015,9.969,13.125
1418024885257,37.530273,139.931385,6,0.34,0.006,10.078,13.1
1418024885358,37.530285,139.931385,6,0.237,0.021,10.08,13.075
1418024885455,37.530296,139.931384,6,0.118,0.024,10.075,13.051
1418024885555,37.530307,139.931384,6,0.045,0.077,10.095,13.026
1418024885655,37.530318,139.931384,6,-0.025,0.115,9.952,13.001
1418024885756,37.53033,139.931384,6,-0.021,0.135,9.839,13.0
1418024885857,37.530342,139.931385,6,-0.003,0.111,9.897,13.0
1418024885957,37.530354,139.931385,6,0.013,0.095,9.923,13.0
1418024886058,37.530366,139.931386,6,0.039,0.036,10.261,13.0
1418024886154,37.530377,139.931386,6,0.054,-0.044,10.561,13.0
1418024886254,37.530389,139.931386,6,0.01,-0.074,10.629,13.0
1418024886355,37.5304,139.931387,6,-0.07,0.066,10.298,13.0
1418024886456,37.530412,139.931387,6,-0.102,0.212,9.587,13.0
1418024886556,37.530424,139.931388,6,-0.221,0.305,9.22,13.0
1418024886657,37.530436,139.931388,6,-0.329,0.201,9.565,13.0
1418024886758,37.530446,139.931388,9,-0.374,0.074,10.019,13.0
1418024886854,37.530455,139.931388,9,-0.476,0.059,10.148,13.0
1418024886954,37.530465,139.931388,9,-0.501,-0.076,10.721,13.0
1418024887055,37.530475,139.931388,9,-0.555,-0.082,10.833,13.0
1418024887156,37.530485,139.931388,9,-0.48,0.033,10.31,13.0
1418024887256,37.530495,139.931388,9,-0.306,0.169,9.974,13.0
1418024887357,37.530505,139.931388,9,-0.125,0.151,9.959,13.0
1418024887458,37.530515,139.931388,9,0.051,0.209,9.886,13.0
1418024887559,37.530525,139.931388,9,0.146,0.121,9.882,13.0
1418024887654,37.530534,139.931388,9,0.101,0.101,10.14,13.0
1418024887755,37.530544,139.931388,9,0.006,0.082,10.401,12.927
1418024887856,37.530554,139.931389,9,-0.059,-0.024,10.513,12.849
1418024887956,37.530564,139.931389,9,-0.186,0.113,10.118,12.773
1418024888057,37.530573,139.93139,9,-0.265,0.168,9.762,12.697
1418024888158,37.530583,139.93139,9,-0.274,0.244,9.703,12.621
1418024888258,37.530592,139.93139,9,-0.238,0.222,9.653,12.546
1418024888354,37.530602,139.931391,9,-0.28,0.149,9.85,12.475
1418024888456,37.530611,139.931391,9,-0.297,0.105,10.143,12.399
1418024888556,37.53062,139.931392,9,-0.329,0.103,10.156,12.326
1418024888656,37.53063,139.931392,9,-0.331,0.124,10.133,12.253
1418024888757,37.530644,139.931394,11,-0.448,0.124,10.231,12.321
1418024888858,37.530658,139.931397,11,-0.459,0.196,10.011,12.395
1418024888958,37.530673,139.9314,11,-0.492,0.242,9.717,12.469
1418024889054,37.530687,139.931402,11,-0.638,0.312,9.704,12.54
1418024889155,37.530702,139.931405,11,-0.542,0.283,10.004,12.616
1418024889255,37.530716,139.931407,11,-0.637,0.242,10.264,12.691
1418024889356,37.530731,139.93141,11,-0.791,0.145,10.52,12.767
1418024889457,37.530746,139.931413,11,-0.817,0.246,10.502,12.844
1418024889558,37.530762,139.931415,11,-0.877,0.381,9.816,12.921
1418024889658,37.530777,139.931418,11,-0.8,0.577,9.175,12.998
1418024889754,37.530788,139.931417,11,-0.846,0.54,9.234,13.0
1418024889855,37.530799,139.931416,11,-0.855,0.513,9.596,13.0
1418024889955,37.530811,139.931416,11,-0.771,0.323,10.362,13.0
1418024890056,37.530823,139.931415,11,-0.723,0.158,10.617,13.0
1418024890157,37.530834,139.931414,11,-0.621,0.177,10.558,13.0
1418024890258,37.530846,139.931413,11,-0.552,0.312,10.375,13.0
1418024890358,37.530857,139.931412,11,-0.388,0.443,9.843,13.0
1418024890459,37.530869,139.931412,11,-0.263,0.507,9.679,13.0
1418024890555,37.53088,139.931411,11,-0.296,0.47,9.96,13.0
1418024890654,37.530891,139.93141,11,-0.385,0.332,10.455,13.0
1418024890756,37.530902,139.93141,6,-0.381,0.344,10.294,13.0
1418024890855,37.530913,139.93141,6,-0.395,0.387,10.081,13.0
1418024890957,37.530924,139.93141,6,-0.513,0.398,10.058,13.0
1418024891056,37.530934,139.93141,6,-0.588,0.396,10.007,13.0
1418024891154,37.530945,139.93141,6,-0.619,0.361,10.102,13.0
1418024891255,37.530956,139.931411,6,-0.62,0.364,10.09,13.0
1418024891355,37.530966,139.931411,6,-0.569,0.41,9.841,13.0
1418024891456,37.530977,139.931411,6,-0.508,0.437,9.573,13.0
1418024891557,37.530988,139.931411,6,-0.499,0.387,9.665,13.0
1418024891657,37.530999,139.931411,6,-0.586,0.253,10.262,13.0
1418024891758,37.531011,139.93141,6,-0.532,0.166,10.397,13.024
1418024891854,37.531022,139.931409,6,-0.385,0.238,9.944,13.048
1418024891954,37.531034,139.931408,6,-0.35,0.343,9.716,13.073
1418024892055,37.531046,139.931407,6,-0.32,0.314,9.698,13.098
1418024892156,37.531058,139.931407,6,-0.3,0.422,9.236,13.123
1418024892257,37.53107,139.931406,6,-0.225,0.293,9.743,13.149
1418024892357,37.531082,139.931405,6,-0.258,0.059,10.663,13.174
1418024892458,37.531095,139.931404,6,-0.388,0.034,10.793,13.199
1418024892554,37.531106,139.931403,6,-0.434,0.194,10.28,13.223
1418024892654,37.531118,139.931402,6,-0.481,0.42,9.625,13.248
1418024892755,37.53113,139.931402,6,-0.508,0.379,9.428,13.25
1418024892856,37.531142,139.931401,6,-0.435,0.328,9.644,13.25
1418024892956,37.531154,139.931401,6,-0.4,0.088,10.36,13.25
1418024893057,37.531166,139.9314,6,-0.334,0.05,10.419,13.25
1418024893158,37.531178,139.9314,6,-0.367,0.191,9.93,13.25
1418024893254,37.53119,139.931399,6,-0.347,0.173,9.289,13.25
1418024893354,37.531202,139.931399,6,-0.371,0.18,9.34,13.25
1418024893455,37.531214,139.931398,6,-0.33,0.149,9.647,13.25
1418024893556,37.531226,139.931398,6,-0.442,-0.093,10.245,13.25
1418024893656,37.531238,139.931397,6,-0.338,-0.14,10.553,13.25
1418024893757,37.53125,139.931395,6,-0.301,-0.112,10.661,13.25
1418024893858,37.531262,139.931394,6,-0.134,0.002,10.002,13.25
1418024893959,37.531274,139.931392,6,0.023,0.112,9.544,13.25
1418024894054,37.531286,139.93139,6,0.161,0.156,9.597,13.25
1418024894156,37.531299,139.931389,6,0.22,0.055,9.895,13.25
1418024894256,37.531311,139.931387,6,0.268,-0.156,10.584,13.25
1418024894356,37.531323,139.931385,6,0.184,-0.157,10.721,13.25
1418024894457,37.531335,139.931383,6,-0.005,-0.092,10.364,13.25
1418024894558,37.531348,139.931382,6,-0.121,0.055,9.787,13.25
1418024894658,37.53136,139.93138,6,-0.19,0.148,9.546,13.25
1418024894754,37.531371,139.93138,5,-0.242,0.033,9.846,13.25
1418024894855,37.531383,139.93138,5,-0.251,-0.009,10.116,13.25
1418024894956,37.531396,139.931379,5,-0.153,-0.05,10.295,13.25
1418024895056,37.531408,139.931379,5,-0.144,-0.104,10.214,13.25
1418024895157,37.53142,139.931379,5,-0.073,-0.002,10.143,13.25
1418024895258,37.531432,139.931379,5,0.037,0.037,9.82,13.25
1418024895358,37.531444,139.931379,5,0.122,0.103,9.752,13.25
1418024895454,37.531455,139.931378,5,0.102,0.105,9.844,13.25
1418024895555,37.531467,139.931378,5,-0.023,0.014,10.151,13.25
1418024895655,37.531479,139.931378,5,-0.039,0.016,10.084,13.25
1418024895756,37.531492,139.931376,6,0.005,0.001,10.211,13.274
1418024895857,37.531504,139.931373,6,-0.045,0.025,10.242,13.299
1418024895958,37.531517,139.931371,6,-0.054,0.053,10.201,13.324
1418024896058,37.531529,139.931368,6,-0.192,0.137,10.016,13.349
1418024896154,37.531541,139.931366,6,-0.192,0.098,10.398,13.373
1418024896255,37.531554,139.931364,6,-0.225,0.077,10.259,13.398
1418024896355,37.531567,139.931361,6,-0.186,0.152,10.075,13.423
1418024896456,37.531579,139.931359,6,-0.164,0.218,9.802,13.449
1418024896557,37.531592,139.931356,6,-0.327,0.237,9.839,13.474
1418024896658,37.531605,139.931354,6,-0.385,0.166,9.929,13.499
1418024896758,37.531617,139.931354,6,-0.171,0.168,9.802,13.45
1418024896854,37.531628,139.931354,6,0.05,0.185,9.802,13.402
1418024896955,37.531641,139.931354,6,0.182,0.216,9.744,13.351
1418024897055,37.531653,139.931354,6,0.177,0.255,9.626,13.3
1418024897156,37.531665,139.931354,6,0.282,0.155,10.11,13.25
1418024897257,37.531677,139.931355,6,0.426,0.032,10.524,13.199
1418024897357,37.531688,139.931355,6,0.545,0.021,10.54,13.15
1418024897458,37.5317,139.931355,6,0.49,0.155,10.042,13.099
1418024897554,37.531712,139.931355,6,0.452,0.279,9.607,13.052
1418024897655,37.531723,139.931355,6,0.366,0.278,9.526,13.002
1418024897755,37.531735,139.931355,5,0.279,0.211,9.923,13.047
1418024897856,37.531748,139.931354,5,0.176,0.105,10.398,13.097
1418024897957,37.53176,139.931354,5,0.05,0.031,10.712,13.147
1418024898057,37.531772,139.931353,5,-0.077,0.124,10.411,13.196
1418024898158,37.531785,139.931353,5,-0.198,0.254,9.93,13.247
1418024898254,37.531796,139.931352,5,-0.226,0.273,9.625,13.295
1418024898354,37.531809,139.931352,5,-0.148,0.342,9.497,13.345
1418024898455,37.531821,139.931351,5,-0.106,0.235,9.563,13.396
1418024898556,37.531834,139.931351,5,-0.126,0.189,10.037,13.447
1418024898657,37.531847,139.93135,5,-0.066,0.04,10.468,13.498
1418024898757,37.531858,139.93135,6,-0.019,-0.046,10.558,13.548
1418024898858,37.53187,139.93135,6,-0.026,0.073,10.378,13.598
1418024898954,37.531882,139.93135,6,-0.007,0.114,9.914,13.645
1418024899054,37.531893,139.93135,6,0.003,0.269,9.771,13.695
1418024899155,37.531905,139.93135,6,-0.008,0.133,9.923,13.745
1418024899256,37.531917,139.931349,6,-0.073,0.049,10.136,13.796
1418024899356,37.531929,139.931349,6,-0.131,0.011,10.234,13.846
1418024899457,37.531941,139.931349,6,-0.143,0.044,10.122,13.897
1418024899558,37.531954,139.931349,6,-0.153,0.06,9.984,13.948
1418024899654,37.531965,139.931349,6,-0.148,0.053,10.063,13.997
1418024899754,37.531978,139.931347,6,-0.136,0.031,10.2,14.0
1418024899855,37.53199,139.931345,6,-0.118,0.029,10.219,14.0
1418024899956,37.532003,139.931343,6,-0.088,0.029,10.084,14.0
1418024900056,37.532015,139.931341,6,-0.06,0.061,9.882,14.0
1418024900157,37.532028,139.931339,6,-0.04,0.091,9.864,14.0
1418024900258,37.53204,139.931337,6,-0.011,0.069,9.99,14.0
1418024900358,37.532053,139.931335,6,0.037,0.056,10.122,14.0
1418024900454,37.532064,139.931333,6,0.035,-0.043,10.409,14.0
1418024900555,37.532077,139.931331,6,0.047,-0.004,10.242,14.0
1418024900656,37.532089,139.931329,6,0.075,0.082,9.95,14.0
1418024900756,37.532101,139.931329,6,0.013,0.088,9.863,13.951
1418024900857,37.532113,139.931328,6,0.028,0.047,9.956,13.9
1418024900958,37.532125,139.931328,6,0.019,-0.048,10.283,13.849
1418024901058,37.532137,139.931328,6,-0.056,-0.044,10.261,13.799
1418024901154,37.532148,139.931328,6,-0.146,0.029,10.166,13.751
1418024901255,37.53216,139.931327,6,-0.182,0.08,9.909,13.7
1418024901356,37.532172,139.931327,6,-0.2,0.09,9.874,13.65
1418024901456,37.532183,139.931327,6,-0.109,0.05,10.139,13.601
1418024901557,37.532195,139.931326,6,0.0,-0.033,10.391,13.551
1418024901658,37.532207,139.931326,6,0.12,-0.055,10.42,13.501
1418024901758,37.532219,139.931326,6,0.187,0.012,10.053,13.524
1418024901854,37.532231,139.931326,6,0.256,0.104,9.861,13.548
1418024901955,37.532244,139.931326,6,0.302,0.044,9.842,13.573
1418024902055,37.532256,139.931326,6,0.3,-0.041,9.875,13.598
1418024902156,37.532269,139.931326,6,0.222,-0.046,10.058,13.623
1418024902257,37.532282,139.931327,6,0.198,-0.07,10.229,13.649
1418024902358,37.532295,139.931327,6,0.209,0.009,9.899,13.674
1418024902458,37.532307,139.931327,6,0.119,0.089,9.538,13.699
1418024902554,37.53232,139.931327,6,0.097,0.076,9.542,13.723
1418024902655,37.532332,139.931327,6,0.062,0.076,9.838,13.749
1418024902755,37.532345,139.931327,6,-0.022,-0.064,10.163,13.726
1418024902856,37.532358,139.931326,6,-0.09,-0.099,10.362,13.701
1418024902957,37.53237,139.931326,6,-0.192,-0.068,10.2,13.675
1418024903058,37.532383,139.931325,6,-0.243,0.027,9.922,13.65
1418024903158,37.532396,139.931325,6,-0.237,0.059,9.839,13.625
1418024903254,37.532408,139.931325,6,-0.192,0.003,10.053,13.601
1418024903355,37.53242,139.931324,6,-0.138,-0.034,10.296,13.576
1418024903455,37.532433,139.931324,6,-0.081,-0.014,10.246,13.551
1418024903556,37.532445,139.931323,6,-0.1,0.043,9.858,13.526
1418024903657,37.532458,139.931323,6,-0.123,0.088,9.837,13.501
1418024903757,37.532471,139.931322,6,-0.116,0.058,9.98,13.5
1418024903858,37.532484,139.931321,6,-0.147,-0.04,10.368,13.5
1418024903954,37.532496,139.931321,6,-0.134,-0.133,10.579,13.5
1418024904055,37.532509,139.93132,6,-0.086,-0.124,10.608,13.5
1418024904155,37.532522,139.931319,6,-0.079,-0.035,10.23,13.5
1418024904256,37.532535,139.931318,6,-0.065,0.092,9.721,13.5
1418024904357,37.532549,139.931317,6,-0.077,0.117,9.548,13.5
1418024904457,37.532562,139.931317,6,-0.07,0.083,9.644,13.5
1418024904558,37.532575,139.931316,6,-0.114,-0.062,10.002,13.5
1418024904654,37.532587,139.931315,6,-0.195,-0.167,10.469,13.5
1418024904760,37.5326,139.931313,6,-0.256,-0.156,10.234,13.525
1418024904855,37.532611,139.931312,6,-0.29,-0.11,10.028,13.548
1418024904954,37.532622,139.93131,6,-0.278,-0.055,9.728,13.573
1418024905057,37.532635,139.931308,6,-0.246,-0.014,9.669,13.599
1418024905156,37.532646,139.931307,6,-0.149,-0.119,10.102,13.623
1418024905258,37.532658,139.931305,6,-0.06,-0.17,10.436,13.649
1418024905354,37.53267,139.931303,6,0.135,-0.167,10.294,13.673
1418024905454,37.532682,139.931302,6,0.261,-0.149,10.456,13.698
1418024905555,37.532694,139.9313,6,0.287,-0.269,10.756,13.724
1418024905656,37.532706,139.931298,6,0.294,-0.215,10.481,13.749
1418024905756,37.532718,139.931297,5,0.303,0.002,9.738,13.701
1418024905857,37.532731,139.931296,5,0.18,0.085,9.331,13.65
1418024905959,37.532744,139.931295,5,0.034,0.212,9.364,13.599
1418024906054,37.532755,139.931294,5,-0.101,-0.064,9.904,13.551
1418024906154,37.532768,139.931293,5,-0.203,-0.258,10.544,13.501
1418024906255,37.53278,139.931292,5,-0.274,-0.259,10.859,13.45
1418024906356,37.532793,139.931291,5,-0.249,-0.167,10.365,13.4
1418024906456,37.532805,139.93129,5,-0.184,0.001,9.841,13.35
1418024906557,37.532817,139.931289,5,-0.136,0.003,9.757,13.301
1418024906658,37.53283,139.931288,5,-0.07,-0.081,10.026,13.251
1418024906759,37.532842,139.931287,5,-0.015,-0.148,10.396,13.2
1418024906854,37.532853,139.931287,5,-0.024,-0.09,10.315,13.151
1418024906955,37.532864,139.931287,5,-0.124,-0.043,9.901,13.101
1418024907056,37.532876,139.931286,5,-0.196,0.05,9.574,13.05
1418024907156,37.532888,139.931286,5,-0.246,0.043,9.603,13.0
1418024907257,37.532899,139.931285,5,-0.278,-0.007,9.873,12.949
1418024907358,37.532911,139.931284,5,-0.295,-0.049,9.897,12.899
1418024907458,37.532922,139.931284,5,-0.263,-0.043,9.857,12.849
1418024907554,37.532933,139.931284,5,-0.219,-0.074,10.003,12.802
1418024907655,37.532944,139.931283,5,-0.241,-0.135,10.2,12.752
1418024907756,37.532956,139.931283,4,-0.254,-0.2,10.458,12.75
1418024907856,37.532968,139.931283,4,-0.235,-0.139,10.301,12.75
1418024907957,37.532979,139.931282,4,-0.25,-0.05,9.945,12.75
1418024908058,37.532991,139.931282,4,-0.297,-0.025,9.924,12.75
1418024908158,37.533003,139.931282,4,-0.319,-0.044,10.038,12.75
1418024908254,37.533014,139.931282,4,-0.309,-0.097,10.137,12.75
1418024908355,37.533026,139.931282,4,-0.327,-0.09,10.275,12.75
1418024908455,37.533037,139.931281,4,-0.358,-0.079,10.105,12.75
1418024908556,37.533049,139.931281,4,-0.422,-0.055,9.932,12.75
1418024908657,37.533061,139.931281,4,-0.429,-0.056,10.131,12.75
1418024908758,37.533072,139.93128,5,-0.531,-0.039,10.033,12.774
1418024908858,37.533083,139.931279,5,-0.631,-0.028,9.949,12.799
1418024908954,37.533093,139.931278,5,-0.714,0.013,9.872,12.823
1418024909055,37.533104,139.931277,5,-0.828,0.044,9.668,12.848
1418024909155,37.533115,139.931276,5,-0.88,0.051,9.704,12.873
1418024909256,37.533126,139.931274,5,-0.983,0.005,9.857,12.898
1418024909357,37.533137,139.931273,5,-1.102,-0.044,10.169,12.924
1418024909457,37.533149,139.931272,5,-1.098,-0.105,10.303,12.949
1418024909558,37.53316,139.931271,5,-1.194,-0.029,10.216,12.974
1418024909654,37.53317,139.93127,5,-1.126,0.047,9.98,12.998
1418024909755,37.533182,139.931268,5,-1.139,0.072,9.878,12.976
1418024909855,37.533193,139.931266,5,-1.088,0.049,10.122,12.951
1418024909956,37.533205,139.931264,5,-1.009,0.0,10.394,12.925
1418024910057,37.533216,139.931262,5,-1.021,0.023,10.228,12.9
1418024910157,37.533227,139.93126,5,-1.025,0.102,9.941,12.875
1418024910258,37.533239,139.931258,5,-1.09,0.165,9.688,12.85
1418024910354,37.53325,139.931256,5,-1.095,0.155,9.781,12.826
1418024910454,37.533261,139.931254,5,-1.183,0.04,10.176,12.801
1418024910555,37.533272,139.931252,5,-1.142,0.038,10.472,12.776
1418024910656,37.533284,139.93125,5,-1.01,0.152,10.227,12.751
1418024910757,37.533295,139.931247,5,-0.819,0.265,9.999,12.774
1418024910857,37.533306,139.931244,5,-0.64,0.34,9.885,12.799
1418024910958,37.533318,139.93124,5,-0.531,0.33,9.785,12.824
1418024911054,37.533329,139.931237,5,-0.404,0.324,10.042,12.848
1418024911154,37.53334,139.931234,5,-0.369,0.309,10.216,12.873
1418024911255,37.533352,139.93123,5,-0.371,0.327,10.114,12.898
1418024911356,37.533363,139.931227,5,-0.354,0.382,10.089,12.923
1418024911457,37.533375,139.931224,5,-0.399,0.401,10.038,12.949
1418024911557,37.533386,139.93122,5,-0.37,0.412,9.926,12.974
1418024911658,37.533398,139.931217,5,-0.355,0.361,10.199,12.999
1418024911754,37.533409,139.931214,6,-0.352,0.33,10.344,13.0
1418024911854,37.53342,139.931211,6,-0.324,0.381,10.088,13.0
1418024911955,37.533432,139.931208,6,-0.302,0.458,9.754,13.0
1418024912056,37.533443,139.931205,6,-0.273,0.498,9.566,13.0
1418024912156,37.533455,139.931202,6,-0.31,0.416,9.742,13.0
1418024912257,37.533466,139.931199,6,-0.321,0.318,10.176,13.0
1418024912358,37.533478,139.931196,6,-0.331,0.253,10.492,13.0
1418024912454,37.533489,139.931193,6,-0.318,0.295,10.367,13.0
1418024912554,37.5335,139.93119,6,-0.366,0.387,9.988,13.0
1418024912655,37.533511,139.931187,6,-0.385,0.436,9.956,13.0
1418024912756,37.533524,139.931181,8,-0.363,0.425,10.06,13.093
1418024912856,37.533536,139.931176,8,-0.277,0.398,10.215,13.19
1418024912957,37.533548,139.93117,8,-0.181,0.403,10.053,13.289
1418024913058,37.53356,139.931164,8,-0.135,0.393,9.979,13.389
1418024913158,37.533573,139.931158,8,-0.106,0.403,10.1,13.489
1418024913254,37.533585,139.931152,8,-0.068,0.345,10.277,13.585
1418024913355,37.533597,139.931146,8,-0.052,0.372,10.136,13.687
1418024913456,37.53361,139.93114,8,-0.068,0.438,9.916,13.79
1418024913556,37.533623,139.931133,8,-0.103,0.426,9.908,13.893
1418024913657,37.533636,139.931127,8,-0.115,0.366,10.165,13.997
1418024913758,37.533648,139.931124,8,-0.069,0.328,10.162,13.975
1418024913858,37.53366,139.93112,8,-0.039,0.43,9.803,13.95
1418024913954,37.533671,139.931117,8,0.028,0.486,9.558,13.926
1418024914055,37.533683,139.931114,8,0.085,0.447,9.493,13.901
1418024914155,37.533695,139.931111,8,0.018,0.355,9.909,13.876
1418024914256,37.533707,139.931107,8,-0.074,0.211,10.598,13.85
1418024914357,37.533718,139.931104,8,-0.119,0.216,10.526,13.825
1418024914458,37.53373,139.931101,8,-0.247,0.312,10.25,13.8
1418024914558,37.533742,139.931097,8,-0.379,0.422,10.024,13.775
1418024914654,37.533753,139.931094,8,-0.398,0.441,9.886,13.751
1418024914755,37.533766,139.931091,8,-0.37,0.396,10.165,13.82
1418024914855,37.533778,139.931088,8,-0.283,0.308,10.498,13.893
1418024914957,37.53379,139.931085,8,-0.147,0.329,10.351,13.969
1418024915057,37.533803,139.931082,8,-0.07,0.435,9.829,14.043
1418024915157,37.533815,139.931079,8,0.045,0.568,9.43,14.118
1418024915258,37.533828,139.931076,8,0.112,0.503,9.347,14.194
1418024915354,37.53384,139.931073,8,0.148,0.406,9.741,14.266
1418024915455,37.533853,139.93107,8,0.093,0.21,10.483,14.343
1418024915555,37.533866,139.931067,8,0.027,0.206,10.585,14.419
1418024915656,37.533878,139.931064,8,-0.047,0.315,10.013,14.497
1418024915757,37.533892,139.931061,7,-0.109,0.47,9.513,14.5
1418024915858,37.533905,139.931058,7,-0.158,0.458,9.546,14.5
1418024915958,37.533918,139.931055,7,-0.171,0.349,9.896,14.5
1418024916054,37.533931,139.931052,7,-0.152,0.278,10.317,14.5
1418024916155,37.533944,139.931049,7,-0.108,0.239,10.267,14.5
1418024916255,37.533958,139.931046,7,-0.096,0.297,9.883,14.5
1418024916356,37.533971,139.931042,7,-0.049,0.279,9.827,14.5
1418024916457,37.533984,139.931039,7,-0.022,0.246,9.879,14.5
1418024916557,37.533997,139.931036,7,0.0,0.258,9.905,14.5
1418024916658,37.534011,139.931033,7,0.075,0.303,9.916,14.5
1418024916754,37.534023,139.93103,7,0.172,0.274,9.931,14.5
1418024916854,37.534037,139.931026,7,0.134,0.258,9.997,14.5
1418024916955,37.53405,139.931022,7,0.174,0.239,10.029,14.5
1418024917056,37.534063,139.931018,7,0.088,0.267,10.048,14.5
1418024917157,37.534077,139.931015,7,0.006,0.315,10.022,14.5
1418024917257,37.53409,139.931011,7,-0.025,0.367,10.029,14.5
1418024917358,37.534103,139.931007,7,-0.05,0.331,10.213,14.5
1418024917454,37.534116,139.931004,7,0.003,0.299,10.356,14.5
1418024917554,37.534129,139.931,7,0.028,0.256,10.427,14.5
1418024917655,37.534142,139.930996,7,0.144,0.323,10.114,14.5
1418024917756,37.534156,139.930992,7,0.139,0.375,9.679,14.547
1418024917857,37.53417,139.930987,7,0.083,0.281,9.677,14.597
1418024917957,37.534183,139.930982,7,0.043,0.073,10.078,14.647
1418024918058,37.534197,139.930978,7,-0.083,-0.006,10.232,14.697
1418024918154,37.534211,139.930973,7,-0.226,0.107,9.552,14.745
1418024918254,37.534224,139.930969,7,-0.289,0.126,9.259,14.795
1418024918355,37.534238,139.930964,7,-0.288,-0.071,9.685,14.846
1418024918456,37.534252,139.93096,7,-0.315,-0.304,10.441,14.897
1418024918556,37.534266,139.930955,7,-0.228,-0.412,11.019,14.947
1418024918657,37.534281,139.93095,7,-0.098,-0.347,10.745,14.998
1418024918758,37.534295,139.930946,7,0.044,-0.2,10.027,15.0
1418024918859,37.534309,139.930941,7,0.124,-0.075,9.623,15.0
1418024918954,37.534323,139.930937,7,0.184,-0.135,9.748,15.0
1418024919060,37.534338,139.930932,7,0.198,-0.173,9.935,15.0
1418024919156,37.534351,139.930928,7,0.16,-0.212,10.295,15.0
1418024919255,37.534365,139.930924,7,0.147,-0.183,10.113,15.0
1418024919357,37.53438,139.930919,7,0.058,-0.113,9.785,15.0
1418024919456,37.534394,139.930915,7,-0.012,-0.099,9.679,15.0
1418024919559,37.534409,139.93091,7,-0.079,-0.136,9.808,15.0
1418024919654,37.534422,139.930906,7,-0.174,-0.209,10.159,15.0
1418024919755,37.534434,139.930902,7,-0.233,-0.27,10.416,14.976
1418024919856,37.534446,139.930898,7,-0.276,-0.229,10.198,14.951
1418024919956,37.534458,139.930894,7,-0.245,-0.134,9.918,14.926
1418024920057,37.53447,139.93089,7,-0.226,-0.119,9.974,14.9
1418024920158,37.534482,139.930887,7,-0.211,-0.207,10.225,14.875
1418024920258,37.534494,139.930883,7,-0.178,-0.226,10.398,14.85
1418024920354,37.534505,139.930879,7,-0.154,-0.191,10.224,14.826
1418024920455,37.534517,139.930875,7,-0.11,-0.085,9.748,14.801
1418024920556,37.534529,139.930871,7,-0.122,-0.087,9.755,14.776
1418024920656,37.534541,139.930867,7,-0.137,-0.154,10.063,14.751
1418024920757,37.534551,139.930863,7,-0.13,-0.225,10.372,14.774
1418024920858,37.534562,139.93086,7,-0.085,-0.19,10.364,14.799
1418024920958,37.534573,139.930856,7,-0.073,-0.141,10.088,14.824
1418024921054,37.534584,139.930852,7,-0.035,-0.107,9.894,14.848
1418024921155,37.534595,139.930849,7,0.018,-0.12,9.871,14.873
1418024921255,37.534606,139.930845,7,0.028,-0.136,10.128,14.898
1418024921356,37.534617,139.930841,7,-0.009,-0.196,10.321,14.924
1418024921457,37.534628,139.930838,7,0.006,-0.157,10.295,14.949
1418024921558,37.534639,139.930834,7,-0.009,-0.141,10.169,14.974
1418024921658,37.53465,139.93083,7,-0.059,-0.076,10.009,14.999
1418024921754,37.534662,139.930825,7,-0.084,-0.058,9.937,14.952
1418024921855,37.534676,139.93082,7,-0.122,-0.122,10.176,14.901
1418024921955,37.534689,139.930815,7,-0.164,-0.147,10.424,14.851
1418024922056,37.534702,139.93081,7,-0.207,-0.166,10.346,14.8
1418024922157,37.534715,139.930805,7,-0.26,-0.092,10.226,14.749
1418024922258,37.534728,139.9308,7,-0.224,-0.015,9.996,14.699
1418024922358,37.534741,139.930795,7,-0.193,-0.013,9.775,14.649
1418024922454,37.534754,139.93079,7,-0.12,0.013,9.771,14.602
1418024922555,37.534767,139.930785,7,0.004,-0.046,10.073,14.552
1418024922655,37.534779,139.93078,7,0.095,-0.12,10.326,14.502
1418024922756,37.534791,139.930776,7,0.191,-0.125,10.49,14.476
1418024922857,37.534802,139.930773,7,0.309,-0.102,10.393,14.45
1418024922957,37.534814,139.930769,7,0.37,-0.015,10.153,14.425
1418024923058,37.534825,139.930765,7,0.423,0.002,10.088,14.4
1418024923154,37.534836,139.930762,7,0.436,-0.035,10.372,14.376
1418024923254,37.534847,139.930758,7,0.317,-0.076,10.606,14.351
1418024923355,37.534859,139.930754,7,0.197,-0.045,10.479,14.326
1418024923456,37.53487,139.93075,7,0.123,0.047,10.203,14.301
1418024923557,37.534881,139.930747,7,0.078,0.093,10.095,14.276
1418024923657,37.534893,139.930743,7,0.082,0.018,10.309,14.251
1418024923758,37.534905,139.930738,7,0.153,-0.018,10.521,14.25
1418024923854,37.534917,139.930734,7,0.373,-0.007,10.47,14.25
1418024923954,37.534929,139.930729,7,0.441,0.157,9.536,14.25
1418024924055,37.534942,139.930725,7,0.184,0.364,8.458,14.25
1418024924156,37.534954,139.93072,7,0.094,0.375,8.522,14.25
1418024924257,37.534966,139.930716,7,-0.053,0.12,9.218,14.25
1418024924357,37.534979,139.930711,7,-0.129,-0.113,10.379,14.25
1418024924458,37.534991,139.930706,7,-0.392,-0.239,10.638,14.25
1418024924554,37.535003,139.930702,7,-0.411,0.084,9.511,14.25
1418024924654,37.535015,139.930697,7,-0.332,0.26,8.666,14.25
1418024924755,37.535026,139.930693,7,-0.269,0.407,9.093,14.25
1418024924856,37.535037,139.930688,7,-0.129,-0.028,10.229,14.25
1418024924956,37.535048,139.930684,7,0.121,-0.313,11.172,14.25
1418024925057,37.535058,139.93068,7,0.257,-0.279,11.035,14.25
1418024925158,37.535069,139.930675,7,0.149,0.002,9.969,14.25
1418024925259,37.53508,139.930671,7,0.007,0.282,9.02,14.25
1418024925354,37.53509,139.930666,7,-0.061,0.338,8.811,14.25
1418024925455,37.535101,139.930662,7,-0.096,0.172,9.389,14.25
1418024925556,37.535112,139.930658,7,-0.221,-0.105,10.619,14.25
1418024925656,37.535123,139.930653,7,-0.253,-0.258,11.428,14.25
1418024925757,37.535135,139.930649,7,-0.32,-0.17,11.128,14.226
1418024925858,37.535148,139.930646,7,-0.428,0.113,10.123,14.2
1418024925958,37.535161,139.930642,7,-0.596,0.024,10.062,14.175
1418024926054,37.535173,139.930638,7,-0.485,0.05,10.171,14.151
1418024926155,37.535186,139.930635,7,-0.292,0.119,10.178,14.126
1418024926256,37.535198,139.930631,7,-0.081,-0.09,10.449,14.1
1418024926356,37.535211,139.930627,7,0.033,0.078,10.092,14.076
1418024926457,37.535224,139.930623,7,0.017,0.236,9.666,14.05
1418024926558,37.535236,139.93062,7,0.141,0.416,9.342,14.025
1418024926658,37.535249,139.930616,7,0.142,0.16,9.267,14.0
1418024926754,37.53526,139.930612,6,0.08,0.025,9.62,14.0
1418024926855,37.535273,139.930607,6,0.069,-0.033,10.137,14.0
1418024926956,37.535285,139.930602,6,0.026,-0.098,10.435,14.0
1418024927056,37.535297,139.930598,6,0.043,-0.021,10.257,14.0
1418024927157,37.53531,139.930593,6,0.102,0.134,9.912,14.0
1418024927258,37.535322,139.930588,6,0.154,0.178,9.981,14.0
1418024927358,37.535334,139.930584,6,0.307,0.151,10.19,14.0
1418024927454,37.535346,139.930579,6,0.366,0.085,10.378,14.0
1418024927555,37.535358,139.930575,6,0.338,0.17,10.215,14.0
1418024927655,37.53537,139.93057,6,0.255,0.302,9.794,14.0
1418024927756,37.535383,139.930566,6,0.19,0.37,9.469,14.024
1418024927857,37.535396,139.930562,6,0.17,0.315,9.614,14.049
1418024927958,37.53541,139.930558,6,0.073,0.199,10.166,14.074
1418024928058,37.535422,139.930555,6,-0.004,0.154,10.447,14.099
1418024928154,37.535435,139.930551,6,0.014,0.224,10.163,14.123
1418024928255,37.535448,139.930547,6,0.016,0.3,9.801,14.148
1418024928355,37.535461,139.930543,6,-0.011,0.332,9.797,14.173
1418024928456,37.535474,139.930539,6,0.015,0.246,10.199,14.199
1418024928557,37.535488,139.930535,6,0.012,0.212,10.392,14.224
1418024928657,37.535501,139.930531,6,0.009,0.242,10.266,14.249
1418024928758,37.535512,139.930525,8,-0.004,0.3,9.872,14.322
1418024928854,37.535523,139.930519,8,-0.073,0.378,9.674,14.392
1418024928955,37.535535,139.930513,8,-0.187,0.352,9.881,14.467
1418024929055,37.535547,139.930507,8,-0.216,0.293,10.101,14.542
1418024929156,37.535559,139.9305,8,-0.231,0.285,10.028,14.617
1418024929257,37.535571,139.930494,8,-0.238,0.313,9.979,14.693
1418024929357,37.535583,139.930487,8,-0.195,0.291,9.962,14.769
1418024929458,37.535595,139.930481,8,-0.137,0.248,9.911,14.845
1418024929554,37.535606,139.930475,8,-0.019,0.266,10.129,14.919
1418024929654,37.535618,139.930468,8,-0.026,0.232,10.214,14.995
1418024929755,37.535632,139.930463,8,0.007,0.211,10.245,15.0
1418024929856,37.535646,139.930457,8,-0.01,0.241,10.094,15.0
1418024929957,37.53566,139.930452,8,-0.068,0.314,9.9,15.0
1418024930057,37.535673,139.930447,8,-0.13,0.28,9.803,15.0
1418024930158,37.535687,139.930441,8,-0.121,0.208,10.05,15.0
1418024930254,37.5357,139.930436,8,-0.09,0.201,10.319,15.0
1418024930354,37.535714,139.930431,8,-0.021,0.164,10.203,15.0
1418024930455,37.535728,139.930425,8,0.039,0.171,9.971,15.0
1418024930556,37.535742,139.93042,8,0.074,0.185,9.993,15.0
1418024930657,37.535756,139.930414,8,0.106,0.123,10.253,15.0
1418024930757,37.535766,139.93041,9,0.138,0.104,10.235,14.976
1418024930858,37.535776,139.930405,9,0.06,0.191,9.908,14.95
1418024930954,37.535786,139.930401,9,0.062,0.24,9.547,14.926
1418024931054,37.535796,139.930396,9,-0.027,0.234,9.471,14.901
1418024931155,37.535806,139.930392,9,0.0,0.113,9.899,14.876
1418024931256,37.535816,139.930387,9,-0.008,-0.033,10.446,14.85
1418024931356,37.535826,139.930383,9,0.008,-0.015,10.517,14.826
1418024931457,37.535837,139.930378,9,-0.025,0.077,10.176,14.8
1418024931558,37.535847,139.930374,9,0.041,0.121,9.844,14.775
1418024931654,37.535856,139.930369,9,0.063,0.158,9.702,14.751
1418024931754,37.535869,139.930365,9,0.105,0.1,10.035,14.75
1418024931855,37.535882,139.93036,9,0.144,0.035,10.304,14.75
1418024931956,37.535895,139.930355,9,0.213,0.019,10.293,14.75
1418024932056,37.535907,139.930351,9,0.174,0.036,10.254,14.75
1418024932157,37.53592,139.930346,9,0.13,0.092,9.975,14.75
1418024932258,37.535933,139.930341,9,0.092,0.115,9.985,14.75
1418024932354,37.535945,139.930337,9,0.009,0.116,9.994,14.75
1418024932454,37.535958,139.930332,9,-0.09,0.082,10.057,14.75
1418024932555,37.535971,139.930328,9,-0.202,0.091,9.967,14.75
1418024932656,37.535983,139.930323,9,-0.212,0.149,9.786,14.75
1418024932756,37.535997,139.930319,6,-0.153,0.137,9.71,14.797
1418024932857,37.536011,139.930315,6,-0.051,0.076,9.901,14.847
1418024932958,37.536025,139.93031,6,0.01,0.025,10.135,14.897
1418024933058,37.536038,139.930306,6,0.028,-0.018,10.333,14.947
1418024933159,37.536052,139.930302,6,0.055,0.009,10.29,14.997
1418024933255,37.536066,139.930298,6,0.061,0.06,10.11,15.045
1418024933354,37.536079,139.930293,6,-0.019,0.058,10.112,15.095
1418024933456,37.536093,139.930289,6,-0.06,0.068,9.888,15.147
1418024933555,37.536107,139.930285,6,-0.08,0.094,9.779,15.197
1418024933658,37.536122,139.93028,6,-0.114,0.073,9.876,15.249
1418024933757,37.536135,139.930275,6,-0.059,0.101,10.105,15.226
1418024933854,37.536149,139.93027,6,-0.154,0.057,10.219,15.201
1418024933955,37.536162,139.930264,6,-0.141,0.045,10.329,15.176
1418024934055,37.536176,139.930259,6,-0.145,0.08,10.242,15.151
1418024934156,37.53619,139.930254,6,-0.104,0.13,10.021,15.125
1418024934257,37.536203,139.930248,6,-0.11,0.176,9.868,15.1
1418024934357,37.536217,139.930243,6,-0.08,0.201,9.765,15.075
1418024934458,37.536231,139.930238,6,-0.046,0.129,9.844,15.05
1418024934554,37.536244,139.930233,6,0.019,0.108,9.993,15.026
1418024934655,37.536257,139.930227,6,0.023,0.07,10.239,15.001
1418024934755,37.53627,139.930223,6,0.039,0.075,10.139,15.047
1418024934856,37.536284,139.930219,6,0.041,0.14,9.841,15.097
1418024934957,37.536297,139.930215,6,0.021,0.17,9.798,15.147
1418024935057,37.53631,139.93021,6,-0.014,0.106,10.018,15.197
1418024935158,37.536324,139.930206,6,-0.011,0.003,10.371,15.247
1418024935254,37.536336,139.930202,6,-0.07,-0.054,10.563,15.295
1418024935355,37.53635,139.930198,6,-0.157,0.044,10.215,15.346
1418024935455,37.536363,139.930194,6,-0.156,0.213,9.587,15.396
1418024935556,37.536377,139.930189,6,-0.138,0.222,9.405,15.447
1418024935657,37.536391,139.930185,6,-0.09,0.171,9.721,15.498
1418024935757,37.536404,139.930181,6,0.087,0.042,10.229,15.476
1418024935858,37.536418,139.930176,6,0.249,-0.031,10.604,15.45
1418024935954,37.53643,139.930172,6,0.336,-0.019,10.517,15.426
1418024936054,37.536444,139.930168,6,0.323,-0.022,10.124,15.401
1418024936155,37.536457,139.930163,6,0.293,0.099,9.762,15.376
1418024936256,37.536471,139.930159,6,0.154,0.101,9.703,15.351
1418024936357,37.536484,139.930154,6,0.078,-0.02,10.065,15.325
1418024936457,37.536497,139.93015,6,0.065,-0.108,10.4,15.3
1418024936558,37.536511,139.930145,6,0.036,-0.077,10.363,15.275
1418024936654,37.536523,139.930141,6,-0.013,0.005,9.872,15.251
1418024936754,37.536536,139.930137,6,0.008,0.091,9.523,15.202
1418024936855,37.536548,139.930132,6,0.028,0.049,9.546,15.151
1418024936956,37.536561,139.930127,6,0.071,-0.069,9.945,15.1
1418024937057,37.536573,139.930123,6,-0.011,-0.103,10.252,15.05
1418024937157,37.536585,139.930118,6,-0.056,-0.118,10.416,14.999
1418024937258,37.536597,139.930113,6,-0.128,-0.105,10.298,14.949
1418024937354,37.536609,139.930109,6,-0.107,-0.07,10.144,14.901
1418024937454,37.536621,139.930104,6,-0.106,0.005,9.845,14.852
1418024937555,37.536633,139.9301,6,-0.034,0.015,9.826,14.802
1418024937656,37.536646,139.930095,6,0.026,-0.037,9.96,14.752
1418024937757,37.536659,139.930091,6,0.097,-0.078,10.171,14.774
1418024937857,37.536671,139.930087,6,0.146,-0.05,10.148,14.799
1418024937958,37.536685,139.930083,6,0.118,0.053,9.795,14.824
1418024938054,37.536697,139.930079,6,0.073,0.083,9.505,14.848
1418024938154,37.53671,139.930075,6,0.097,0.053,9.607,14.873
1418024938255,37.536723,139.930071,6,0.1,-0.066,10.151,14.898
1418024938356,37.536736,139.930067,6,0.049,-0.151,10.444,14.924
1418024938456,37.536749,139.930063,6,0.017,-0.123,10.472,14.949
1418024938557,37.536763,139.930059,6,0.04,-0.04,10.171,14.974
1418024938658,37.536776,139.930055,6,0.039,-0.018,10.161,14.999
1418024938758,37.536789,139.93005,6,0.06,-0.023,10.159,15.0
1418024938854,37.536801,139.930046,6,0.162,0.007,10.141,15.0
1418024938955,37.536814,139.930041,6,0.243,0.016,10.036,15.0
1418024939056,37.536827,139.930037,6,0.322,-0.003,9.951,15.0
1418024939156,37.53684,139.930032,6,0.384,-0.046,10.203,15.0
1418024939257,37.536853,139.930028,6,0.361,-0.075,10.24,15.0
1418024939358,37.536866,139.930023,6,0.272,0.016,9.936,15.0
1418024939458,37.536879,139.930018,6,0.152,0.117,9.567,15.0
1418024939554,37.536891,139.930014,6,0.106,0.133,9.424,15.0
1418024939655,37.536904,139.930009,6,0.064,0.075,9.582,15.0
1418024939755,37.536917,139.930004,6,0.102,-0.046,10.064,14.976
1418024939856,37.536929,139.929999,6,0.005,-0.123,10.416,14.951
1418024939957,37.536941,139.929994,6,0.021,-0.088,10.226,14.925
1418024940058,37.536953,139.929989,6,-0.039,-0.009,9.989,14.9
1418024940158,37.536966,139.929984,6,-0.04,0.02,9.807,14.875
1418024940254,37.536977,139.92998,6,-0.068,-0.013,10.034,14.851
1418024940355,37.536989,139.929975,6,-0.009,-0.125,10.473,14.826
1418024940455,37.537001,139.92997,6,0.03,-0.128,10.534,14.801
1418024940556,37.537014,139.929965,6,0.027,-0.018,10.092,14.776
1418024940657,37.537026,139.92996,6,0.071,0.09,9.761,14.751
1418024940758,37.537038,139.929956,5,-0.002,0.118,9.562,14.75
1418024940858,37.537051,139.929951,5,-0.025,0.043,9.823,14.75
1418024940954,37.537063,139.929947,5,-0.063,-0.033,10.197,14.75
1418024941055,37.537076,139.929943,5,-0.052,-0.122,10.43,14.75
1418024941155,37.537088,139.929939,5,-0.042,-0.079,10.319,14.75
1418024941256,37.537101,139.929934,5,-0.005,-0.011,10.036,14.75
1418024941357,37.537114,139.92993,5,0.075,0.083,9.699,14.75
1418024941458,37.537127,139.929926,5,0.158,0.007,9.811,14.75
1418024941558,37.537139,139.929921,5,0.282,-0.057,10.066,14.75
1418024941654,37.537151,139.929917,5,0.396,-0.092,10.172,14.75
1418024941754,37.537164,139.929912,6,0.416,-0.06,10.214,14.773
1418024941855,37.537178,139.929907,6,0.489,-0.021,10.056,14.798
1418024941956,37.537191,139.929902,6,0.517,-0.083,10.356,14.824
1418024942057,37.537204,139.929897,6,0.559,-0.089,10.479,14.849
1418024942157,37.537217,139.929892,6,0.548,-0.032,10.266,14.874
1418024942258,37.537231,139.929887,6,0.575,0.049,9.876,14.899
1418024942354,37.537243,139.929882,6,0.623,0.036,9.798,14.923
1418024942454,37.537257,139.929877,6,0.693,0.032,9.737,14.948
1418024942555,37.53727,139.929871,6,0.734,0.005,9.779,14.974
1418024942656,37.537283,139.929866,6,0.685,-0.024,9.961,14.999
1418024942757,37.537297,139.929861,6,0.615,-0.089,10.113,14.976
1418024942857,37.537309,139.929856,6,0.528,-0.11,10.354,14.95
1418024942958,37.537322,139.929851,6,0.464,-0.073,10.323,14.925
1418024943054,37.537335,139.929847,6,0.401,-0.011,9.965,14.901
1418024943154,37.537348,139.929842,6,0.373,-0.02,9.93,14.876
1418024943255,37.53736,139.929837,6,0.378,-0.039,9.996,14.851
1418024943356,37.537373,139.929832,6,0.388,-0.045,10.165,14.826
1418024943456,37.537386,139.929827,6,0.422,-0.041,10.127,14.801
1418024943557,37.537399,139.929822,6,0.419,-0.034,9.819,14.776
1418024943658,37.537412,139.929817,6,0.388,-0.014,9.854,14.75
1418024943754,37.537424,139.929813,6,0.394,-0.073,10.156,14.75
1418024943854,37.537437,139.929808,6,0.4,-0.109,10.267,14.75
1418024943955,37.53745,139.929803,6,0.478,-0.103,10.353,14.75
1418024944056,37.537463,139.929798,6,0.42,-0.033,9.957,14.75
1418024944156,37.537475,139.929794,6,0.438,0.093,9.538,14.75
1418024944257,37.537488,139.929789,6,0.433,0.04,9.613,14.75
1418024944358,37.537501,139.929784,6,0.362,-0.042,10.142,14.75
1418024944459,37.537514,139.929779,6,0.38,-0.209,10.803,14.75
1418024944554,37.537526,139.929775,6,0.443,-0.125,10.903,14.75
1418024944655,37.537539,139.92977,6,0.341,0.039,9.998,14.75
1418024944756,37.537556,139.929768,12,0.377,0.215,9.666,14.75
1418024944856,37.537572,139.929766,12,0.238,0.545,8.914,14.75
1418024944957,37.537589,139.929763,12,0.177,0.314,9.318,14.75
1418024945058,37.537606,139.929761,12,0.388,0.192,9.552,14.75
1418024945158,37.537622,139.929759,12,0.647,0.026,10.471,14.75
1418024945254,37.537638,139.929757,12,0.676,-0.132,10.858,14.75
1418024945355,37.537655,139.929755,12,0.546,-0.23,10.931,14.75
1418024945456,37.537671,139.929752,12,0.395,-0.103,10.62,14.75
1418024945556,37.537688,139.92975,12,0.283,0.014,10.258,14.75
1418024945657,37.537705,139.929748,12,0.271,0.22,9.671,14.75
1418024945758,37.537718,139.929744,12,0.338,0.127,9.887,14.725
1418024945858,37.537732,139.929741,12,0.339,0.041,9.726,14.7
1418024945954,37.537745,139.929737,12,0.343,0.05,9.725,14.676
1418024946055,37.537759,139.929733,12,0.447,0.149,10.146,14.651
1418024946155,37.537773,139.92973,12,0.586,0.153,10.075,14.626
1418024946256,37.537786,139.929726,12,0.572,0.205,10.114,14.6
1418024946357,37.5378,139.929722,12,0.343,-0.027,10.119,14.575
1418024946458,37.537814,139.929718,12,0.401,0.068,10.381,14.55
1418024946558,37.537827,139.929715,12,0.373,-0.07,10.478,14.525
1418024946654,37.53784,139.929711,12,0.316,0.092,9.913,14.501
1418024946755,37.537854,139.929708,6,0.217,0.173,9.393,14.547
1418024946855,37.537868,139.929705,6,0.097,0.244,9.146,14.596
1418024946956,37.537882,139.929702,6,0.135,0.097,10.044,14.646
1418024947057,37.537896,139.929699,6,0.069,0.484,9.912,14.696
1418024947158,37.53791,139.929696,6,0.098,0.064,10.67,14.747
1418024947258,37.537924,139.929693,6,0.17,-0.129,11.136,14.797
1418024947354,37.537937,139.92969,6,0.196,-0.251,10.465,14.845
1418024947460,37.537952,139.929686,6,0.314,0.012,9.346,14.899
1418024947555,37.537965,139.929683,6,0.233,0.308,8.81,14.947
1418024947654,37.537979,139.92968,6,0.207,0.486,8.728,14.997
1418024947757,37.537991,139.929678,7,0.367,0.195,9.371,14.926
1418024947856,37.538001,139.929676,7,0.382,-0.159,10.896,14.85
1418024947958,37.538012,139.929675,7,0.355,-0.561,12.621,14.772
1418024948054,37.538022,139.929673,7,0.408,-0.501,12.234,14.7
1418024948154,37.538033,139.929671,7,0.369,0.042,10.205,14.625
1418024948255,37.538044,139.929669,7,0.221,0.589,8.481,14.549
1418024948356,37.538054,139.929667,7,0.06,0.691,7.782,14.474
1418024948457,37.538065,139.929666,7,-0.108,0.428,8.212,14.399
1418024948557,37.538075,139.929664,7,-0.193,-0.04,9.897,14.325
1418024948658,37.538086,139.929662,7,-0.239,-0.423,11.704,14.251
1418024948754,37.538096,139.92966,7,-0.164,-0.491,11.932,14.202
1418024948854,37.538107,139.929658,7,-0.137,-0.164,10.683,14.152
1418024948955,37.538118,139.929656,7,0.01,0.263,9.256,14.101
1418024949056,37.538129,139.929654,7,0.236,0.481,8.445,14.05
1418024949157,37.53814,139.929651,7,0.282,0.33,9.064,13.999
1418024949257,37.538151,139.929649,7,0.401,0.032,10.144,13.949
1418024949358,37.538162,139.929647,7,0.451,-0.231,11.249,13.899
1418024949454,37.538172,139.929645,7,0.536,-0.07,10.786,13.852
1418024949554,37.538183,139.929643,7,0.145,0.138,10.099,13.802
1418024949655,37.538193,139.929641,7,-0.097,0.276,9.909,13.752
1418024949756,37.538206,139.929639,6,-0.276,0.127,9.756,13.75
1418024949857,37.538218,139.929636,6,-0.274,0.275,9.331,13.75
1418024949957,37.53823,139.929634,6,-0.287,0.386,10.033,13.75
1418024950058,37.538243,139.929631,6,-0.14,0.144,10.608,13.75
1418024950154,37.538254,139.929629,6,-0.203,0.101,10.746,13.75
1418024950254,37.538266,139.929626,6,-0.075,0.035,10.373,13.75
1418024950355,37.538279,139.929624,6,0.058,0.2,9.566,13.75
1418024950456,37.538291,139.929621,6,0.094,0.34,9.14,13.75
1418024950556,37.538303,139.929619,6,0.047,0.259,9.399,13.75
1418024950657,37.538316,139.929616,6,0.106,-0.066,10.532,13.75
1418024950754,37.538329,139.929613,5,0.237,-0.223,11.175,13.819
1418024950854,37.538343,139.929611,5,0.291,-0.093,10.983,13.892
1418024950954,37.538356,139.929608,5,0.206,0.065,9.953,13.966
1418024951055,37.53837,139.929605,5,0.139,0.508,8.746,14.041
1418024951156,37.538385,139.929602,5,0.014,0.479,8.672,14.117
1418024951256,37.538399,139.929599,5,0.051,0.302,9.414,14.192
1418024951357,37.538413,139.929597,5,0.19,-0.147,11.134,14.269
1418024951458,37.538427,139.929594,5,0.34,-0.374,11.95,14.345
1418024951558,37.538441,139.929591,5,0.358,-0.28,11.576,14.422
1418024951654,37.538455,139.929588,5,0.211,0.091,10.032,14.495
1418024951755,37.538468,139.929585,4,0.129,0.351,8.889,14.5
1418024951856,37.538481,139.929582,4,-0.098,0.503,8.658,14.5
1418024951956,37.538494,139.929579,4,-0.127,0.27,9.303,14.5
1418024952057,37.538507,139.929576,4,-0.051,0.01,10.234,14.5
1418024952158,37.53852,139.929573,4,-0.031,-0.169,10.929,14.5
1418024952258,37.538533,139.929569,4,-0.105,-0.058,10.415,14.5
1418024952354,37.538546,139.929566,4,-0.2,0.166,10.045,14.5
1418024952455,37.538559,139.929563,4,-0.251,0.134,9.621,14.5
1418024952555,37.538571,139.92956,4,-0.176,0.207,9.209,14.5
1418024952656,37.538584,139.929557,4,-0.17,0.015,9.799,14.5
1418024952757,37.538598,139.929554,3,-0.082,-0.11,10.601,14.524
1418024952858,37.538611,139.929551,3,-0.017,-0.151,10.774,14.549
1418024952958,37.538624,139.929548,3,0.188,-0.075,10.446,14.574
1418024953054,37.538637,139.929545,3,0.209,0.062,10.034,14.598
1418024953155,37.538651,139.929542,3,-0.005,0.131,9.582,14.623
1418024953255,37.538664,139.929539,3,0.005,0.172,9.408,14.648
1418024953356,37.538677,139.929535,3,0.047,0.064,9.747,14.674
1418024953457,37.538691,139.929532,3,0.12,-0.048,10.039,14.699
1418024953558,37.538704,139.929529,3,0.155,-0.089,10.136,14.724
1418024953658,37.538718,139.929526,3,0.23,-0.079,10.138,14.749
1418024953754,37.538731,139.929523,5,0.333,-0.006,9.81,14.726
1418024953855,37.538744,139.92952,5,0.298,-0.029,9.95,14.701
1418024953955,37.538758,139.929517,5,0.18,-0.098,10.248,14.676
1418024954056,37.538771,139.929513,5,-0.12,-0.037,9.953,14.65
1418024954157,37.538785,139.92951,5,-0.175,-0.001,9.915,14.625
1418024954257,37.538798,139.929507,5,0.094,-0.02,10.347,14.6
1418024954358,37.538812,139.929504,5,0.075,0.01,10.175,14.575
1418024954454,37.538825,139.929501,5,0.062,0.057,10.031,14.551
1418024954555,37.538838,139.929497,5,0.081,0.08,9.811,14.526
1418024954655,37.538851,139.929494,5,0.089,0.132,9.57,14.501
1418024954756,37.538861,139.929492,8,0.169,0.032,9.983,14.476
1418024954857,37.53887,139.92949,8,0.266,-0.066,10.415,14.45
1418024954957,37.53888,139.929487,8,0.278,-0.091,10.315,14.425
1418024955058,37.538889,139.929485,8,0.231,0.027,10.005,14.4
1418024955154,37.538898,139.929483,8,0.172,0.102,9.767,14.376
1418024955254,37.538907,139.929481,8,0.095,0.141,9.393,14.351
1418024955355,37.538917,139.929479,8,0.096,0.088,9.644,14.326
1418024955456,37.538926,139.929476,8,0.217,-0.012,10.111,14.301
1418024955557,37.538936,139.929474,8,0.321,-0.087,10.302,14.276
1418024955657,37.538945,139.929472,8,0.516,-0.076,10.389,14.251
1418024955758,37.538957,139.929469,8,0.546,-0.073,10.331,14.25
1418024955854,37.53897,139.929466,8,0.543,0.054,9.869,14.25
1418024955954,37.538982,139.929463,8,0.526,0.033,10.016,14.25
1418024956055,37.538995,139.929459,8,0.576,0.073,10.006,14.25
1418024956156,37.539008,139.929456,8,0.565,0.142,9.724,14.25
1418024956256,37.539021,139.929453,8,0.595,0.118,9.883,14.25
1418024956357,37.539034,139.92945,8,0.629,-0.018,10.305,14.25
1418024956458,37.539046,139.929446,8,0.541,0.161,9.93,14.25
1418024956554,37.539059,139.929443,8,0.538,-0.099,10.341,14.25
1418024956654,37.539071,139.92944,8,0.447,-0.013,10.517,14.25
1418024956756,37.539084,139.929438,6,0.307,0.009,10.222,14.226
1418024956856,37.539095,139.929436,6,0.387,0.132,10.063,14.201
1418024956956,37.539107,139.929434,6,0.381,0.24,9.513,14.176
1418024957057,37.539119,139.929432,6,0.354,0.239,9.363,14.15
1418024957158,37.539132,139.92943,6,0.488,0.132,9.704,14.125
1418024957258,37.539143,139.929429,6,0.504,-0.023,10.149,14.1
1418024957354,37.539155,139.929427,6,0.449,-0.108,10.414,14.076
1418024957455,37.539167,139.929425,6,0.226,-0.03,10.102,14.051
1418024957556,37.539179,139.929423,6,0.046,0.104,9.606,14.026
1418024957656,37.539191,139.929421,6,-0.142,0.122,9.657,14.001
1418024957757,37.539202,139.929419,6,-0.243,0.008,10.201,14.024
1418024957858,37.539213,139.929417,6,-0.13,-0.12,11.053,14.049
1418024957958,37.539224,139.929415,6,-0.063,-0.107,10.811,14.074
1418024958054,37.539234,139.929413,6,-0.057,0.105,10.024,14.098
1418024958155,37.539246,139.929411,6,0.057,0.187,9.459,14.123
1418024958256,37.539257,139.929409,6,0.111,0.159,9.421,14.148
1418024958356,37.539268,139.929406,6,0.183,0.05,9.986,14.174
1418024958457,37.539279,139.929404,6,0.275,-0.066,10.638,14.199
1418024958558,37.539291,139.929402,6,0.329,-0.102,10.642,14.224
1418024958658,37.539302,139.9294,6,0.261,-0.014,10.259,14.249
1418024958754,37.539314,139.929397,6,0.2,0.101,9.783,14.319
1418024958855,37.539327,139.929395,6,0.166,0.136,9.531,14.393
1418024958955,37.53934,139.929392,6,0.151,0.113,9.759,14.467
1418024959056,37.539353,139.929389,6,0.145,0.041,9.864,14.542
1418024959157,37.539366,139.929386,6,0.204,-0.008,9.995,14.618
1418024959258,37.539379,139.929383,6,0.206,-0.05,10.12,14.694
1418024959358,37.539392,139.929381,6,0.231,0.008,9.999,14.769
1418024959454,37.539405,139.929378,6,0.226,-0.004,9.958,14.842
1418024959555,37.539418,139.929375,6,0.239,0.03,9.864,14.919
1418024959655,37.539431,139.929372,6,0.24,0.041,10.09,14.996
1418024959756,37.539446,139.92937,5,0.171,-0.035,10.267,15.0
1418024959858,37.53946,139.929368,5,0.096,-0.081,10.186,15.0
1418024959957,37.539474,139.929366,5,0.118,-0.006,10.134,15.0
1418024960058,37.539489,139.929364,5,0.076,0.009,10.062,15.0
1418024960154,37.539502,139.929362,5,-0.016,0.033,9.999,15.0
1418024960255,37.539516,139.92936,5,-0.103,-0.015,10.169,15.0
1418024960355,37.539531,139.929357,5,-0.144,-0.092,10.297,15.0
1418024960456,37.539545,139.929355,5,-0.165,-0.005,10.042,15.0
1418024960557,37.539559,139.929353,5,-0.186,0.067,9.859,15.0
1418024960657,37.539574,139.929351,5,-0.179,0.052,9.796,15.0
1418024960758,37.539587,139.929349,5,-0.11,-0.009,10.014,15.0
1418024960854,37.5396,139.929347,5,-0.093,-0.107,10.305,15.0
1418024960954,37.539613,139.929345,5,-0.04,-0.037,10.282,15.0
1418024961055,37.539627,139.929343,5,0.071,0.041,9.781,15.0
1418024961156,37.53964,139.929341,5,0.1,0.073,9.579,15.0
1418024961257,37.539654,139.929339,5,-0.004,0.084,9.482,15.0
1418024961357,37.539667,139.929337,5,0.028,0.001,9.694,15.0
1418024961458,37.539681,139.929335,5,0.005,-0.032,10.091,15.0
1418024961559,37.539694,139.929333,5,-0.077,0.018,9.884,15.0
1418024961654,37.539707,139.929331,5,-0.105,0.004,9.86,15.0
1418024961760,37.53972,139.929327,6,-0.104,-0.102,10.079,14.949
1418024961856,37.539732,139.929323,6,0.02,-0.149,10.367,14.901
1418024961955,37.539744,139.92932,6,0.22,-0.129,10.409,14.851
1418024962057,37.539757,139.929316,6,0.387,-0.079,10.298,14.799
1418024962156,37.539769,139.929312,6,0.47,0.025,10.178,14.75
1418024962254,37.53978,139.929308,6,0.473,-0.039,10.153,14.701
1418024962354,37.539792,139.929304,6,0.423,-0.015,10.055,14.651
1418024962455,37.539805,139.929301,6,0.342,-0.014,10.081,14.601
1418024962556,37.539817,139.929297,6,0.314,0.033,9.869,14.551
1418024962656,37.539829,139.929293,6,0.286,0.032,9.968,14.502
1418024962757,37.539842,139.929291,6,0.219,-0.008,10.146,14.5
1418024962859,37.539855,139.929289,6,0.232,-0.101,10.418,14.5
1418024962954,37.539867,139.929287,6,0.192,-0.101,10.416,14.5
1418024963054,37.53988,139.929284,6,0.132,-0.011,10.156,14.5
1418024963155,37.539893,139.929282,6,0.153,0.035,9.789,14.5
1418024963256,37.539906,139.92928,6,0.154,0.05,9.762,14.5
1418024963356,37.539919,139.929278,6,0.204,0.037,9.865,14.5
1418024963457,37.539933,139.929275,6,0.184,-0.037,10.167,14.5
1418024963558,37.539946,139.929273,6,0.196,-0.037,10.107,14.5
1418024963658,37.539959,139.929271,6,0.177,-0.009,9.97,14.5
1418024963754,37.539971,139.929268,5,0.088,0.059,9.82,14.452
1418024963855,37.539984,139.929265,5,-0.006,0.027,9.786,14.401
1418024963956,37.539996,139.929261,5,-0.044,0.013,9.922,14.35
1418024964056,37.540009,139.929258,5,-0.066,-0.021,10.142,14.3
1418024964157,37.540022,139.929255,5,-0.073,-0.016,10.124,14.249
1418024964258,37.540034,139.929252,5,-0.046,0.014,9.966,14.199
1418024964358,37.540047,139.929249,5,0.008,0.017,9.976,14.149
1418024964454,37.540059,139.929246,5,0.117,0.057,9.95,14.102
1418024964555,37.540071,139.929242,5,0.211,0.045,10.06,14.052
1418024964656,37.540084,139.929239,5,0.259,0.082,9.951,14.002
1418024964756,37.540096,139.929238,5,0.278,0.05,10.025,14.024
1418024964857,37.540109,139.929237,5,0.284,0.048,10.155,14.049
1418024964958,37.540123,139.929235,5,0.325,0.032,10.22,14.074
1418024965058,37.540135,139.929234,5,0.344,0.097,10.176,14.099
1418024965154,37.540148,139.929233,5,0.396,0.101,10.157,14.123
1418024965255,37.540161,139.929232,5,0.396,0.17,9.934,14.148
1418024965355,37.540174,139.929231,5,0.328,0.149,10.034,14.173
1418024965456,37.540187,139.929229,5,0.28,0.143,10.052,14.199
1418024965557,37.5402,139.929228,5,0.301,0.094,10.168,14.224
1418024965658,37.540214,139.929227,5,0.285,0.14,9.939,14.249
1418024965758,37.540227,139.929226,7,0.228,0.158,9.86,14.225
1418024965854,37.54024,139.929224,7,0.101,0.08,9.946,14.201
1418024965955,37.540253,139.929223,7,-0.0,0.084,10.085,14.176
1418024966055,37.540266,139.929222,7,-0.01,0.106,10.058,14.151
1418024966156,37.54028,139.929221,7,0.006,0.116,10.033,14.125
1418024966257,37.540293,139.929219,7,0.004,0.06,9.892,14.1
1418024966358,37.540306,139.929218,7,0.014,0.063,10.038,14.075
1418024966458,37.54032,139.929217,7,0.037,0.089,10.137,14.05
1418024966554,37.540332,139.929215,7,0.024,0.135,10.085,14.026
1418024966655,37.540345,139.929214,7,0.026,0.121,10.073,14.001
1418024966755,37.540358,139.929212,7,0.016,0.124,10.138,14.024
1418024966856,37.54037,139.929211,7,0.072,0.167,10.072,14.049
1418024966957,37.540383,139.929209,7,0.183,0.184,10.077,14.074
1418024967057,37.540395,139.929207,7,0.255,0.087,10.233,14.099
1418024967158,37.540408,139.929205,7,0.238,0.103,10.251,14.124
1418024967254,37.54042,139.929203,7,0.285,0.11,10.327,14.148
1418024967355,37.540433,139.929202,7,0.279,0.165,10.037,14.173
1418024967455,37.540445,139.9292,7,0.204,0.178,9.85,14.198
1418024967556,37.540458,139.929198,7,0.16,0.199,9.671,14.224
1418024967657,37.540471,139.929196,7,0.089,0.264,9.798,14.249
1418024967757,37.540483,139.929194,6,-0.006,0.218,10.009,14.226
1418024967858,37.540496,139.929192,6,-0.094,0.093,10.273,14.2
1418024967954,37.540508,139.92919,6,-0.142,0.02,10.608,14.176
1418024968055,37.540521,139.929188,6,-0.16,-0.001,10.729,14.151
1418024968155,37.540533,139.929187,6,-0.214,0.072,10.569,14.126
1418024968256,37.540546,139.929185,6,-0.244,0.148,10.095,14.1
1418024968357,37.540558,139.929183,6,-0.215,0.225,9.636,14.075
1418024968457,37.540571,139.929181,6,-0.06,0.105,10.052,14.05
1418024968558,37.540583,139.929179,6,0.039,-0.016,10.833,14.025
1418024968654,37.540595,139.929177,6,0.188,-0.147,11.318,14.001
1418024968754,37.540608,139.929175,6,0.251,0.128,10.71,14.0
1418024968855,37.54062,139.929173,6,0.32,0.464,9.372,14.0
1418024968956,37.540633,139.92917,6,0.121,0.447,8.855,14.0
1418024969057,37.540646,139.929168,6,0.025,0.42,8.873,14.0
1418024969157,37.540658,139.929166,6,-0.097,0.217,9.54,14.0
1418024969258,37.540671,139.929163,6,-0.243,0.054,10.498,14.0
1418024969354,37.540683,139.929161,6,-0.275,-0.089,10.891,14.0
1418024969454,37.540695,139.929159,6,-0.156,-0.016,10.495,14.0
1418024969555,37.540708,139.929156,6,-0.097,0.133,10.026,14.0
1418024969656,37.54072,139.929154,6,-0.101,0.244,9.64,14.0
1418024969756,37.540734,139.929151,6,-0.03,0.221,9.598,14.024
1418024969857,37.540748,139.929148,6,0.012,0.142,9.825,14.049
1418024969958,37.540762,139.929145,6,-0.073,0.069,10.275,14.074
1418024970054,37.540776,139.929141,6,-0.122,0.072,10.391,14.098
1418024970154,37.54079,139.929138,6,-0.163,0.037,10.321,14.123
1418024970255,37.540804,139.929135,6,-0.12,0.111,10.0,14.148
1418024970356,37.540818,139.929132,6,-0.101,0.159,9.817,14.174
1418024970456,37.540832,139.929129,6,-0.085,0.171,9.879,14.199
1418024970557,37.540846,139.929125,6,-0.097,0.106,9.902,14.224
1418024970658,37.540861,139.929122,6,-0.072,0.053,10.046,14.249
1418024970758,37.540874,139.929119,6,-0.138,0.006,10.203,14.25
1418024970854,37.540886,139.929117,6,-0.16,0.02,10.253,14.25
1418024970955,37.540899,139.929114,6,-0.142,0.043,10.136,14.25
1418024971056,37.540912,139.929112,6,-0.118,0.1,9.914,14.25
1418024971156,37.540925,139.929109,6,-0.132,0.136,9.729,14.25
1418024971257,37.540939,139.929106,6,-0.102,0.125,9.784,14.25
1418024971358,37.540952,139.929104,6,-0.058,0.068,10.028,14.25
1418024971458,37.540965,139.929101,6,-0.098,-0.02,10.216,14.25
1418024971554,37.540977,139.929099,6,-0.112,0.024,10.202,14.25
1418024971655,37.54099,139.929096,6,-0.097,0.04,10.097,14.25
1418024971755,37.541002,139.929094,6,-0.055,0.081,9.993,14.25
1418024971856,37.541014,139.929091,6,-0.046,0.101,10.03,14.25
1418024971957,37.541026,139.929089,6,-0.066,0.069,10.177,14.25
1418024972058,37.541038,139.929086,6,-0.066,0.119,10.072,14.25
1418024972158,37.54105,139.929084,6,-0.044,0.13,10.064,14.25
1418024972254,37.541062,139.929082,6,-0.078,0.118,10.047,14.25
1418024972355,37.541074,139.929079,6,-0.104,0.141,10.056,14.25
1418024972455,37.541086,139.929077,6,-0.189,0.095,10.128,14.25
1418024972556,37.541098,139.929075,6,-0.248,0.149,10.008,14.25
1418024972657,37.54111,139.929072,6,-0.221,0.169,9.941,14.25
1418024972757,37.541122,139.92907,5,-0.148,0.195,9.887,14.25
1418024972858,37.541135,139.929067,5,-0.127,0.109,10.084,14.25
1418024972954,37.541147,139.929065,5,-0.076,0.044,10.353,14.25
1418024973055,37.54116,139.929063,5,0.022,0.071,10.3,14.25
1418024973155,37.541173,139.92906,5,0.066,0.169,9.917,14.25
1418024973256,37.541186,139.929058,5,0.08,0.237,9.728,14.25
1418024973357,37.541199,139.929055,5,0.082,0.199,9.77,14.25
1418024973457,37.541211,139.929053,5,0.126,0.136,10.115,14.25
1418024973558,37.541224,139.92905,5,0.157,0.116,10.273,14.25
1418024973654,37.541236,139.929048,5,0.082,0.12,10.3,14.25
1418024973755,37.541249,139.929046,5,-0.036,0.164,10.084,14.25
1418024973855,37.541262,139.929045,5,-0.057,0.191,9.932,14.25
1418024973956,37.541275,139.929043,5,0.022,0.235,9.789,14.25
1418024974057,37.541288,139.929041,5,0.003,0.219,9.926,14.25
1418024974157,37.541301,139.92904,5,-0.069,0.159,10.032,14.25
1418024974258,37.541314,139.929038,5,-0.088,0.139,10.044,14.25
1418024974354,37.541327,139.929036,5,-0.083,0.175,9.967,14.25
1418024974454,37.541339,139.929035,5,-0.093,0.166,10.043,14.25
1418024974555,37.541352,139.929033,5,-0.069,0.131,10.269,14.25
1418024974656,37.541365,139.929031,5,-0.01,0.022,10.386,14.25
1418024974757,37.541378,139.929029,5,0.028,0.091,10.28,14.25
1418024974857,37.541391,139.929027,5,0.076,0.103,10.008,14.25
1418024974958,37.541404,139.929025,5,0.135,0.087,10.037,14.25
1418024975054,37.541416,139.929023,5,0.192,0.029,10.177,14.25
1418024975154,37.541428,139.929021,5,0.186,-0.008,10.225,14.25
1418024975255,37.541441,139.929019,5,0.163,0.066,10.109,14.25
1418024975356,37.541454,139.929017,5,0.058,0.098,9.744,14.25
1418024975457,37.541466,139.929015,5,0.039,0.124,9.537,14.25
1418024975557,37.541479,139.929013,5,0.024,0.048,9.887,14.25
1418024975658,37.541492,139.929011,5,0.024,-0.013,10.094,14.25
1418024975754,37.541504,139.929009,5,0.005,-0.024,10.223,14.226
1418024975859,37.541518,139.929007,5,-0.023,-0.017,10.175,14.2
1418024975955,37.541531,139.929005,5,0.041,0.024,10.051,14.176
1418024976054,37.541543,139.929003,5,0.047,0.006,10.156,14.151
1418024976156,37.541557,139.929001,5,0.044,0.025,10.153,14.125
1418024976255,37.54157,139.928999,5,-0.023,0.041,9.931,14.101
1418024976358,37.541583,139.928997,5,-0.05,0.077,9.797,14.075
1418024976457,37.541596,139.928995,5,-0.018,0.054,9.999,14.05
1418024976554,37.541608,139.928993,5,-0.007,0.015,10.041,14.026
1418024976655,37.541621,139.928991,5,-0.014,0.045,10.006,14.001
1418024976756,37.541634,139.928989,5,-0.037,0.048,9.974,14.024
1418024976856,37.541646,139.928986,5,-0.111,0.036,10.026,14.049
1418024976957,37.541658,139.928984,5,-0.144,-0.013,10.234,14.074
1418024977058,37.54167,139.928981,5,-0.122,0.002,10.29,14.099
1418024977158,37.541682,139.928979,5,-0.045,0.036,10.151,14.124
1418024977254,37.541694,139.928976,5,0.022,0.016,9.946,14.148
1418024977355,37.541707,139.928974,5,0.084,0.048,9.855,14.173
1418024977456,37.541719,139.928971,5,0.052,0.041,10.0,14.199
1418024977556,37.541731,139.928969,5,0.047,0.023,10.054,14.224
1418024977657,37.541744,139.928966,5,0.017,0.012,10.006,14.249
1418024977758,37.541755,139.928965,6,-0.043,0.063,10.066,14.274
1418024977858,37.541767,139.928963,6,-0.07,0.056,10.145,14.299
1418024977954,37.541778,139.928962,6,-0.101,0.051,10.041,14.323
1418024978055,37.54179,139.92896,6,-0.153,0.091,10.075,14.348
1418024978155,37.541802,139.928959,6,-0.201,0.078,10.108,14.373
1418024978256,37.541813,139.928958,6,-0.183,0.068,9.974,14.398
1418024978357,37.541825,139.928956,6,-0.16,0.082,9.975,14.424
1418024978458,37.541837,139.928955,6,-0.148,0.076,9.986,14.449
1418024978558,37.541849,139.928953,6,-0.095,0.075,9.907,14.474
1418024978654,37.54186,139.928952,6,-0.015,0.053,10.016,14.498
1418024978755,37.541874,139.928951,6,0.085,0.032,10.188,14.452
1418024978855,37.541887,139.928949,6,0.124,0.011,10.208,14.401
1418024978956,37.5419,139.928948,6,0.159,0.067,10.069,14.35
1418024979057,37.541914,139.928947,6,0.187,0.042,9.918,14.299
1418024979158,37.541927,139.928945,6,0.19,0.0,9.962,14.249
1418024979258,37.54194,139.928944,6,0.16,-0.043,10.137,14.199
1418024979354,37.541952,139.928943,6,0.104,-0.05,10.093,14.151
1418024979455,37.541966,139.928942,6,0.001,-0.052,9.966,14.101
1418024979555,37.541978,139.92894,6,-0.082,-0.035,9.937,14.052
1418024979656,37.541991,139.928939,6,-0.104,-0.04,10.02,14.002
1418024979757,37.542004,139.928937,6,-0.116,-0.051,10.046,13.976
1418024979857,37.542016,139.928935,6,-0.097,-0.012,9.919,13.95
1418024979958,37.542029,139.928933,6,-0.046,0.015,9.871,13.925
1418024980054,37.542041,139.928931,6,0.02,-0.002,9.963,13.901
1418024980155,37.542053,139.92893,6,0.1,-0.098,10.252,13.876
1418024980255,37.542065,139.928928,6,0.16,-0.106,10.317,13.851
1418024980356,37.542078,139.928926,6,0.158,-0.028,10.076,13.826
1418024980457,37.54209,139.928924,6,0.152,0.055,9.672,13.8
1418024980557,37.542102,139.928922,6,0.197,0.057,9.632,13.776
1418024980658,37.542115,139.92892,6,0.178,-0.022,9.984,13.75
1418024980754,37.542127,139.928918,5,0.16,-0.09,10.251,13.726
1418024980854,37.542139,139.928916,5,0.129,-0.051,10.096,13.701
1418024980955,37.542152,139.928915,5,0.093,-0.017,9.915,13.676
1418024981056,37.542165,139.928913,5,0.098,0.047,9.739,13.65
1418024981157,37.542177,139.928911,5,0.142,-0.023,9.932,13.625
1418024981257,37.54219,139.928909,5,0.164,-0.06,10.091,13.6
1418024981358,37.542202,139.928907,5,0.184,-0.061,10.135,13.575
1418024981454,37.542214,139.928906,5,0.163,-0.046,9.956,13.551
1418024981554,37.542227,139.928904,5,0.155,-0.036,9.937,13.526
1418024981655,37.542239,139.928902,5,0.145,-0.082,10.079,13.501
1418024981756,37.542252,139.928899,6,0.085,-0.013,10.013,13.5
1418024981856,37.542265,139.928896,6,0.018,0.028,9.871,13.5
1418024981957,37.542279,139.928893,6,0.006,0.015,9.879,13.5
1418024982058,37.542292,139.92889,6,-0.062,-0.028,9.984,13.5
1418024982154,37.542304,139.928887,6,-0.061,-0.058,10.197,13.5
1418024982254,37.542317,139.928884,6,-0.047,0.002,9.966,13.5
1418024982355,37.54233,139.928881,6,-0.042,0.049,9.685,13.5
1418024982456,37.542343,139.928878,6,-0.04,-0.036,9.869,13.5
1418024982556,37.542356,139.928875,6,-0.01,-0.097,10.085,13.5
1418024982657,37.54237,139.928872,6,-0.063,-0.157,10.092,13.5
1418024982758,37.542382,139.92887,6,-0.255,0.024,9.177,13.5
1418024982858,37.542394,139.928869,6,-0.373,-0.027,8.993,13.5
1418024982954,37.542405,139.928867,6,-0.414,-0.224,9.445,13.5
1418024983055,37.542417,139.928865,6,-0.382,-0.513,10.647,13.5
1418024983156,37.54243,139.928864,6,-0.263,-0.694,11.424,13.5
1418024983256,37.542442,139.928862,6,-0.283,-0.613,11.383,13.5
1418024983357,37.542454,139.92886,6,0.057,-0.392,10.791,13.5
1418024983458,37.542466,139.928858,6,0.233,-0.14,9.758,13.5
1418024983558,37.542478,139.928857,6,0.31,0.002,9.218,13.5
1418024983654,37.542489,139.928855,6,0.36,-0.045,9.408,13.5
1418024983755,37.542501,139.928852,5,0.373,-0.218,9.81,13.452
1418024983856,37.542513,139.928849,5,0.387,-0.302,10.188,13.401
1418024983956,37.542525,139.928845,5,0.295,-0.359,10.518,13.35
1418024984057,37.542537,139.928842,5,0.17,-0.287,10.164,13.299
1418024984158,37.542548,139.928839,5,0.074,-0.057,9.428,13.249
1418024984258,37.54256,139.928836,5,-0.005,-0.03,9.311,13.199
1418024984354,37.542571,139.928833,5,-0.12,-0.066,9.776,13.151
1418024984455,37.542583,139.928829,5,-0.127,-0.225,10.289,13.101
1418024984555,37.542594,139.928826,5,-0.095,-0.32,10.675,13.052
1418024984656,37.542606,139.928823,5,-0.097,-0.33,10.789,13.002
1418024984757,37.542617,139.928821,5,-0.151,-0.225,10.42,13.0
1418024984858,37.542629,139.928819,5,-0.053,-0.151,10.296,13.0
1418024984958,37.54264,139.928817,5,0.019,-0.065,9.972,13.0
1418024985054,37.542651,139.928815,5,0.053,-0.001,9.327,13.0
1418024985155,37.542662,139.928813,5,0.068,0.134,8.813,13.0
1418024985255,37.542674,139.928811,5,0.186,0.084,9.059,13.0
1418024985356,37.542685,139.928808,5,0.315,-0.16,9.9,13.0
1418024985457,37.542697,139.928806,5,0.394,-0.441,10.846,13.0
1418024985558,37.542708,139.928804,5,0.313,-0.517,11.274,13.0
1418024985658,37.54272,139.928802,5,0.281,-0.38,10.765,13.0
1418024985754,37.54273,139.928799,6,0.256,-0.12,9.954,13.023
1418024985855,37.542741,139.928796,6,0.169,0.051,9.361,13.048
1418024985955,37.542751,139.928793,6,0.141,0.053,9.422,13.073
1418024986056,37.542762,139.92879,6,0.197,-0.152,10.182,13.098
1418024986157,37.542772,139.928787,6,0.325,-0.314,10.791,13.124
1418024986257,37.542783,139.928784,6,0.401,-0.259,10.715,13.149
1418024986358,37.542794,139.928781,6,0.462,-0.095,10.152,13.174
1418024986454,37.542804,139.928778,6,0.45,0.013,9.471,13.198
1418024986555,37.542815,139.928775,6,0.496,0.024,9.534,13.224
1418024986655,37.542825,139.928772,6,0.365,-0.166,10.297,13.249
1418024986756,37.542836,139.928771,6,0.303,-0.16,10.316,13.201
1418024986857,37.542847,139.928769,6,0.267,0.033,9.558,13.15
1418024986957,37.542858,139.928768,6,0.186,0.115,9.242,13.099
1418024987058,37.542869,139.928766,6,0.183,0.051,9.653,13.049
1418024987154,37.542879,139.928765,6,0.105,-0.174,10.359,13.001
1418024987254,37.54289,139.928764,6,0.11,-0.354,11.073,12.951
1418024987355,37.542901,139.928762,6,0.055,-0.282,11.175,12.9
1418024987456,37.542912,139.928761,6,-0.039,-0.076,10.325,12.85
1418024987557,37.542922,139.928759,6,0.017,0.256,9.176,12.801
1418024987657,37.542933,139.928758,6,-0.046,0.315,8.78,12.751
1418024987758,37.542944,139.928756,6,0.027,0.129,9.401,12.725
1418024987854,37.542954,139.928754,6,0.045,-0.059,10.326,12.701
1418024987954,37.542965,139.928752,6,-0.019,-0.228,10.898,12.676
1418024988055,37.542976,139.92875,6,0.041,-0.127,10.535,12.651
1418024988156,37.542986,139.928748,6,0.01,0.071,9.726,12.625
1418024988256,37.542997,139.928745,6,-0.015,0.121,9.593,12.6
1418024988357,37.543008,139.928743,6,0.073,0.012,10.161,12.575
1418024988458,37.543019,139.928741,6,0.047,-0.128,10.605,12.55
1418024988554,37.543029,139.928739,6,0.106,-0.112,10.525,12.526
1418024988654,37.543039,139.928737,6,0.11,0.068,10.014,12.501
1418024988755,37.54305,139.928736,6,0.002,0.161,9.425,12.476
1418024988856,37.543061,139.928735,6,0.057,0.155,9.386,12.451
1418024988956,37.543072,139.928734,6,0.114,0.117,9.751,12.425
1418024989057,37.543083,139.928733,6,0.02,-0.06,10.249,12.4
1418024989158,37.543094,139.928732,6,0.083,-0.126,10.599,12.375
1418024989254,37.543104,139.928732,6,0.007,-0.075,10.399,12.351
1418024989354,37.543115,139.928731,6,0.015,0.022,10.02,12.326
1418024989455,37.543126,139.92873,6,0.118,0.132,9.771,12.301
1418024989556,37.543137,139.928729,6,0.045,0.09,9.95,12.276
1418024989656,37.543148,139.928728,6,0.054,0.005,10.264,12.251
1418024989757,37.543158,139.928725,6,0.077,0.02,10.297,12.25
1418024989858,37.543168,139.928722,6,-0.063,0.066,9.973,12.25
1418024989958,37.543178,139.928719,6,-0.058,0.16,9.892,12.25
1418024990054,37.543188,139.928716,6,-0.08,0.093,10.005,12.25
1418024990160,37.543199,139.928713,6,-0.135,-0.023,10.29,12.25
1418024990256,37.543208,139.92871,6,0.021,0.043,10.272,12.25
1418024990355,37.543218,139.928707,6,0.085,0.144,9.861,12.25
1418024990457,37.543228,139.928704,6,0.089,0.217,9.468,12.25
1418024990556,37.543239,139.928701,6,0.245,0.161,9.702,12.25
1418024990658,37.543249,139.928698,6,0.21,0.02,10.148,12.25
1418024990754,37.543259,139.928695,6,0.261,-0.046,10.443,12.273
1418024990855,37.54327,139.928692,6,0.291,0.024,10.275,12.298
1418024990955,37.543281,139.928689,6,0.17,0.119,9.743,12.323
1418024991056,37.543292,139.928686,6,0.216,0.141,9.669,12.348
1418024991157,37.543302,139.928683,6,0.148,0.099,10.084,12.374
1418024991258,37.543313,139.92868,6,0.083,-0.031,10.511,12.399
1418024991358,37.543324,139.928677,6,0.182,-0.027,10.397,12.424
1418024991454,37.543335,139.928674,6,0.143,0.001,10.315,12.448
1418024991555,37.543346,139.928671,6,0.158,0.053,9.926,12.474
1418024991655,37.543356,139.928668,6,0.182,0.162,9.617,12.499
1418024991756,37.543368,139.928665,5,0.1,0.024,10.121,12.5
1418024991857,37.543379,139.928662,5,0.192,-0.143,10.674,12.5
1418024991957,37.543391,139.92866,5,0.177,-0.16,10.406,12.5
1418024992058,37.543402,139.928657,5,0.179,0.086,9.397,12.5
1418024992154,37.543413,139.928654,5,0.093,0.141,9.416,12.5
1418024992255,37.543425,139.928651,5,-0.032,0.056,9.854,12.5
1418024992355,37.543436,139.928649,5,-0.076,-0.062,10.166,12.5
1418024992456,37.543448,139.928646,5,0.098,-0.143,10.414,12.5
1418024992557,37.543459,139.928643,5,0.059,-0.149,10.515,12.5
1418024992657,37.543471,139.92864,5,0.137,-0.066,10.099,12.5
1418024992758,37.543482,139.928639,5,0.319,0.06,9.695,12.524
1418024992854,37.543493,139.928637,5,0.397,0.057,9.627,12.548
1418024992954,37.543504,139.928636,5,0.471,-0.037,10.017,12.573
1418024993055,37.543515,139.928634,5,0.535,-0.117,10.476,12.598
1418024993156,37.543526,139.928633,5,0.403,-0.151,10.553,12.623
1418024993257,37.543538,139.928632,5,0.265,-0.117,10.394,12.649
1418024993357,37.543549,139.92863,5,0.206,0.008,10.108,12.674
1418024993458,37.54356,139.928629,5,0.03,0.043,9.993,12.699
1418024993554,37.543571,139.928628,5,-0.064,0.009,9.984,12.723
1418024993654,37.543582,139.928626,5,0.031,0.063,9.977,12.748
1418024993756,37.543593,139.928625,5,0.026,0.056,9.974,12.676
1418024993856,37.543604,139.928624,5,-0.004,0.083,9.742,12.599
1418024993957,37.543615,139.928623,5,0.121,0.069,9.888,12.523
1418024994057,37.543625,139.928622,5,0.077,0.013,10.256,12.447
1418024994158,37.543636,139.92862,5,-0.099,-0.07,10.324,12.371
1418024994254,37.543646,139.928619,5,-0.187,-0.051,10.204,12.299
1418024994354,37.543656,139.928618,5,-0.038,0.091,9.87,12.225
1418024994455,37.543666,139.928617,5,-0.058,0.118,9.684,12.15
1418024994556,37.543676,139.928616,5,-0.133,0.029,9.994,12.076
1418024994656,37.543687,139.928615,5,0.039,-0.1,10.412,12.003
1418024994757,37.543698,139.928613,5,0.227,-0.069,10.392,12.071
1418024994858,37.543709,139.928612,5,0.167,-0.064,10.411,12.145
1418024994954,37.54372,139.92861,5,-0.031,-0.002,10.024,12.216
1418024995054,37.543732,139.928608,5,-0.057,0.06,9.764,12.29
1418024995155,37.543744,139.928606,5,-0.071,0.023,10.082,12.366
1418024995256,37.543755,139.928604,5,-0.184,-0.049,10.326,12.442
1418024995356,37.543767,139.928603,5,-0.334,0.025,10.112,12.517
1418024995457,37.543779,139.928601,5,-0.451,0.035,9.899,12.594
1418024995558,37.543791,139.928599,5,-0.438,0.018,9.801,12.671
1418024995654,37.543802,139.928597,5,-0.332,-0.025,10.136,12.745
1418024995754,37.543814,139.928596,5,-0.11,-0.112,10.625,12.75
1418024995855,37.543825,139.928595,5,0.085,-0.078,10.667,12.75
1418024995956,37.543837,139.928595,5,0.131,-0.012,10.178,12.75
1418024996056,37.543848,139.928594,5,0.172,0.096,9.719,12.75
1418024996157,37.54386,139.928593,5,0.348,0.04,9.786,12.75
1418024996258,37.543871,139.928592,5,0.552,-0.002,10.08,12.75
1418024996358,37.543883,139.928591,5,0.401,0.032,10.144,12.75
1418024996454,37.543894,139.928591,5,0.222,0.069,10.042,12.75
1418024996555,37.543905,139.92859,5,0.108,0.16,9.765,12.75
1418024996656,37.543917,139.928589,5,-0.039,0.153,9.735,12.75
1418024996756,37.543927,139.928587,6,-0.226,0.034,10.013,12.65
1418024996858,37.543937,139.928585,6,-0.37,-0.117,10.44,12.546
1418024996958,37.543948,139.928583,6,-0.3,-0.114,10.529,12.443
1418024997058,37.543958,139.928581,6,-0.199,-0.02,10.049,12.342
1418024997154,37.543967,139.928579,6,-0.094,0.106,9.553,12.246
1418024997255,37.543977,139.928577,6,0.073,0.148,9.556,12.145
1418024997356,37.543987,139.928575,6,0.141,0.033,10.043,12.045
1418024997456,37.543997,139.928573,6,0.122,-0.069,10.461,11.947
1418024997557,37.544007,139.928571,6,0.06,-0.049,10.551,11.849
1418024997658,37.544017,139.928569,6,0.071,0.041,10.369,11.752
1418024997758,37.544028,139.928568,6,0.095,0.111,9.968,11.725
1418024997854,37.544039,139.928566,6,0.218,0.168,9.822,11.701
1418024997955,37.54405,139.928565,6,0.365,0.178,9.75,11.676
1418024998055,37.544061,139.928563,6,0.533,0.155,9.78,11.651
1418024998156,37.544072,139.928562,6,0.614,0.123,9.932,11.625
1418024998257,37.544084,139.92856,6,0.588,0.046,10.224,11.6
1418024998357,37.544095,139.928559,6,0.494,0.043,10.233,11.575
1418024998458,37.544106,139.928557,6,0.374,0.073,10.03,11.55
1418024998554,37.544116,139.928556,6,0.224,0.114,9.802,11.526
1418024998655,37.544127,139.928554,6,0.063,0.217,9.617,11.501
1418024998755,37.544136,139.928551,7,-0.039,0.137,9.586,11.5
1418024998856,37.544145,139.928547,7,-0.126,0.103,9.762,11.5
1418024998957,37.544154,139.928544,7,-0.136,-0.013,10.139,11.5
1418024999057,37.544162,139.92854,7,-0.139,-0.023,10.176,11.5
1418024999158,37.544171,139.928537,7,-0.043,-0.09,10.429,11.5
1418024999254,37.544179,139.928533,7,0.105,-0.088,10.496,11.5
1418024999354,37.544188,139.92853,7,0.203,-0.079,10.365,11.5
1418024999455,37.544196,139.928526,7,0.206,-0.045,9.985,11.5
1418024999556,37.544205,139.928523,7,0.097,-0.091,9.623,11.5
1418024999657,37.544214,139.928519,7,0.024,-0.105,9.718,11.5
1418024999757,37.544224,139.928517,7,0.027,-0.174,10.046,11.451
1418024999859,37.544234,139.928516,7,-0.016,-0.264,10.181,11.399
1418024999954,37.544243,139.928514,7,-0.094,-0.25,10.131,11.351
1418025000054,37.544253,139.928512,7,-0.151,-0.228,9.926,11.3
1418025000155,37.544263,139.92851,7,-0.15,-0.105,9.595,11.25
1418025000256,37.544272,139.928509,7,-0.053,-0.088,9.303,11.199
1418025000356,37.544282,139.928507,7,-0.055,-0.195,9.782,11.15
1418025000457,37.544292,139.928505,7,-0.053,-0.319,10.395,11.1
1418025000558,37.544301,139.928504,7,-0.079,-0.401,10.591,11.05
1418025000654,37.54431,139.928502,7,-0.061,-0.308,10.225,11.003
1418025000754,37.544319,139.9285,7,-0.056,-0.149,9.653,10.927
1418025000855,37.544327,139.928499,7,-0.113,-0.066,9.384,10.85
1418025000956,37.544335,139.928497,7,-0.032,-0.095,9.508,10.772
1418025001056,37.544343,139.928495,7,-0.105,-0.274,10.005,10.697
1418025001157,37.544351,139.928493,7,-0.071,-0.375,10.499,10.621
1418025001258,37.54436,139.928492,7,-0.155,-0.339,10.193,10.545
1418025001354,37.544367,139.92849,7,-0.055,-0.267,10.187,10.474
1418025001454,37.544375,139.928488,7,-0.013,-0.188,9.901,10.4
1418025001555,37.544383,139.928487,7,-0.017,0.019,9.02,10.326
1418025001656,37.544391,139.928485,7,-0.175,-0.022,8.919,10.253
1418025001756,37.544398,139.928485,7,-0.032,-0.253,10.111,10.176
1418025001857,37.544406,139.928484,7,0.144,-0.509,10.945,10.098
1418025001958,37.544414,139.928484,7,0.244,-0.533,10.715,10.021
1418025002054,37.544421,139.928484,7,0.188,-0.365,10.159,9.948
1418025002154,37.544428,139.928483,7,0.172,-0.237,9.91,9.872
1418025002255,37.544436,139.928483,7,0.261,-0.088,9.701,9.797
1418025002356,37.544443,139.928483,7,0.287,0.016,9.336,9.722
1418025002456,37.54445,139.928483,7,0.122,-0.126,9.473,9.648
1418025002557,37.544458,139.928482,7,-0.048,-0.299,10.083,9.575
1418025002658,37.544465,139.928482,7,-0.248,-0.375,10.534,9.501
1418025002758,37.544473,139.928481,7,-0.294,-0.305,10.286,9.5
1418025002854,37.544482,139.928481,7,-0.271,-0.162,9.756,9.5
1418025002955,37.54449,139.92848,7,-0.214,-0.122,9.575,9.5
1418025003055,37.544499,139.92848,7,-0.08,-0.173,9.619,9.5
1418025003156,37.544508,139.928479,7,0.015,-0.272,10.157,9.5
1418025003257,37.544516,139.928478,7,0.149,-0.327,10.372,9.5
1418025003358,37.544525,139.928478,7,0.253,-0.272,10.068,9.5
1418025003458,37.544534,139.928477,7,0.189,-0.221,9.765,9.5
1418025003554,37.544542,139.928477,7,0.088,-0.192,9.784,9.5
1418025003655,37.544551,139.928476,7,0.058,-0.198,9.855,9.5
1418025003755,37.544558,139.928477,8,0.03,-0.235,10.076,9.476
1418025003856,37.544565,139.928477,8,-0.025,-0.286,10.214,9.45
1418025003957,37.544572,139.928478,8,-0.051,-0.278,10.117,9.425
1418025004058,37.544579,139.928478,8,0.001,-0.19,9.847,9.4
1418025004158,37.544586,139.928479,8,0.031,-0.162,9.744,9.375
1418025004259,37.544593,139.92848,8,-0.003,-0.181,9.866,9.349
1418025004355,37.5446,139.92848,8,-0.118,-0.27,10.03,9.326
1418025004454,37.544607,139.928481,8,-0.133,-0.341,10.048,9.301
1418025004556,37.544614,139.928481,8,-0.147,-0.442,10.01,9.276
1418025004655,37.544621,139.928482,8,-0.133,-0.589,10.072,9.251
1418025004757,37.54463,139.928479,8,-0.159,-0.68,9.976,9.25
1418025004856,37.544638,139.928475,8,-0.195,-0.722,9.9,9.25
1418025004954,37.544647,139.928472,8,-0.163,-0.65,10.135,9.25
1418025005054,37.544656,139.928468,8,-0.136,-0.5,10.305,9.25
1418025005155,37.544665,139.928465,8,-0.194,-0.365,10.184,9.25
1418025005256,37.544674,139.928461,8,-0.119,-0.257,9.914,9.25
1418025005357,37.544683,139.928458,8,-0.118,-0.177,9.921,9.25
1418025005457,37.544692,139.928454,8,-0.042,-0.176,10.181,9.25
1418025005558,37.544701,139.928451,8,0.024,-0.207,10.126,9.25
1418025005654,37.544709,139.928447,8,0.074,-0.242,10.127,9.25
1418025005754,37.544719,139.928446,8,-0.023,-0.159,9.615,9.226
1418025005855,37.544728,139.928444,8,0.114,-0.319,9.989,9.201
1418025005956,37.544737,139.928443,8,0.065,-0.675,10.594,9.175
1418025006057,37.544747,139.928442,8,0.08,-0.821,10.353,9.15
1418025006157,37.544756,139.92844,8,-0.017,-0.856,9.907,9.125
1418025006258,37.544765,139.928439,8,-0.09,-0.827,9.667,9.1
1418025006354,37.544774,139.928438,8,-0.091,-0.657,9.684,9.076
1418025006454,37.544783,139.928437,8,-0.142,-0.655,9.765,9.051
1418025006555,37.544792,139.928435,8,-0.224,-0.48,9.716,9.026
1418025006656,37.544802,139.928434,8,-0.208,-0.541,10.135,9.001
1418025006757,37.54481,139.928433,6,-0.196,-0.622,10.993,9.0
1418025006857,37.544818,139.928432,6,-0.105,-0.493,10.76,9.0
1418025006958,37.544826,139.92843,6,-0.058,-0.219,9.776,9.0
1418025007054,37.544834,139.928429,6,0.056,-0.095,9.341,9.0
1418025007154,37.544843,139.928428,6,0.139,-0.151,9.843,9.0
1418025007255,37.544851,139.928427,6,0.119,-0.393,10.197,9.0
1418025007356,37.544859,139.928426,6,0.097,-0.724,10.243,9.0
1418025007456,37.544867,139.928424,6,0.034,-1.019,10.414,9.0
1418025007557,37.544876,139.928423,6,0.036,-1.097,10.553,9.0
1418025007658,37.544884,139.928422,6,0.036,-1.023,10.01,9.0
1418025007754,37.544892,139.928421,7,-0.003,-0.995,9.741,8.847
1418025007854,37.544901,139.928419,7,-0.074,-1.07,9.807,8.688
1418025007955,37.544909,139.928418,7,-0.115,-1.17,9.935,8.529
1418025008056,37.544918,139.928416,7,-0.127,-1.273,9.855,8.373
1418025008156,37.544926,139.928415,7,-0.133,-1.347,9.929,8.222
1418025008257,37.544934,139.928413,7,-0.157,-1.38,9.808,8.072
1418025008358,37.544942,139.928412,7,-0.21,-1.419,9.603,7.924
1418025008458,37.54495,139.928411,7,-0.255,-1.5,9.772,7.781
1418025008554,37.544957,139.928409,7,-0.228,-1.626,10.388,7.646
1418025008655,37.544965,139.928408,7,-0.169,-1.685,10.575,7.507
1418025008756,37.544972,139.928407,7,-0.011,-1.628,10.173,7.5
1418025008856,37.544978,139.928406,7,0.04,-1.493,9.661,7.5
1418025008957,37.544985,139.928405,7,0.009,-1.464,9.682,7.5
1418025009058,37.544992,139.928404,7,0.065,-1.537,10.119,7.5
1418025009158,37.544999,139.928403,7,0.107,-1.595,10.302,7.5
1418025009254,37.545005,139.928401,7,0.093,-1.579,10.021,7.5
1418025009355,37.545012,139.9284,7,0.037,-1.539,9.862,7.5
1418025009456,37.545019,139.928399,7,0.085,-1.573,10.047,7.5
1418025009556,37.545026,139.928398,7,0.106,-1.617,10.342,7.5
1418025009657,37.545033,139.928397,7,0.099,-1.589,10.164,7.5
1418025009758,37.545039,139.9284,8,0.076,-1.498,9.803,7.338
1418025009858,37.545044,139.928404,8,0.039,-1.474,9.743,7.177
1418025009954,37.54505,139.928407,8,0.107,-1.543,10.034,7.024
1418025010055,37.545055,139.92841,8,0.131,-1.558,10.159,6.868
1418025010155,37.545061,139.928414,8,0.099,-1.507,9.947,6.716
1418025010256,37.545066,139.928417,8,0.064,-1.486,9.675,6.566
1418025010357,37.545071,139.92842,8,0.133,-1.495,9.769,6.419
1418025010458,37.545076,139.928423,8,0.196,-1.563,9.949,6.276
1418025010558,37.545081,139.928426,8,0.219,-1.562,10.109,6.138
1418025010654,37.545086,139.928429,8,0.166,-1.442,10.289,6.008
1418025010755,37.54509,139.928424,10,0.236,-1.122,10.282,5.839
1418025010855,37.545094,139.92842,10,0.295,-0.723,10.167,5.674
1418025010956,37.545098,139.928415,10,0.36,-0.436,10.069,5.511
1418025011057,37.545102,139.92841,10,0.413,-0.267,9.927,5.353
1418025011157,37.545105,139.928406,10,0.469,-0.187,9.846,5.201
1418025011258,37.545109,139.928402,10,0.573,-0.272,10.168,5.051
1418025011354,37.545112,139.928398,10,0.717,-0.328,10.509,4.913
1418025011455,37.545115,139.928394,10,0.836,-0.255,10.288,4.773
1418025011555,37.545119,139.92839,10,0.916,-0.166,9.787,4.637
1418025011656,37.545122,139.928386,10,1.077,-0.142,9.561,4.505
1418025011757,37.545125,139.928387,10,1.284,-0.166,9.726,4.449
1418025011857,37.545128,139.928388,10,1.34,-0.237,10.1,4.397
1418025011958,37.54513,139.928388,10,1.328,-0.347,10.345,4.345
1418025012054,37.545133,139.928389,10,1.326,-0.335,10.152,4.296
1418025012154,37.545136,139.92839,10,1.459,-0.295,9.855,4.246
1418025012255,37.545138,139.928391,10,1.55,-0.25,9.568,4.195
1418025012356,37.545141,139.928392,10,1.566,-0.378,9.729,4.146
1418025012457,37.545144,139.928392,10,1.617,-0.492,10.165,4.097
1418025012557,37.545146,139.928393,10,1.558,-0.554,10.324,4.049
1418025012658,37.545149,139.928394,10,1.47,-0.516,10.106,4.001
1418025012754,37.545153,139.928396,5,1.466,-0.483,10.016,4.0
1418025012854,37.545157,139.928399,5,1.582,-0.526,10.023,4.0
1418025012955,37.545161,139.928402,5,1.598,-0.534,10.012,4.0
1418025013056,37.545165,139.928404,5,1.614,-0.511,9.823,4.0
1418025013157,37.545169,139.928407,5,1.575,-0.422,9.363,4.0
1418025013257,37.545173,139.92841,5,1.439,-0.442,9.759,4.0
1418025013358,37.545177,139.928412,5,1.402,-0.562,10.443,4.0
1418025013454,37.545181,139.928415,5,1.497,-0.7,10.54,4.0
1418025013554,37.545185,139.928417,5,1.517,-0.744,10.108,4.0
1418025013655,37.545189,139.92842,5,1.488,-0.619,9.848,4.0
1418025013756,37.545191,139.928423,5,1.466,-0.492,9.345,4.066
1418025013856,37.545194,139.928427,5,1.216,-0.615,9.733,4.137
1418025013957,37.545197,139.92843,5,1.161,-0.754,10.744,4.209
1418025014058,37.5452,139.928434,5,1.191,-0.658,10.567,4.283
1418025014154,37.545202,139.928437,5,1.217,-0.511,9.819,4.354
1418025014254,37.545205,139.928441,5,1.269,-0.328,9.551,4.43
1418025014355,37.545208,139.928444,5,1.406,-0.354,9.96,4.508
1418025014456,37.545211,139.928448,5,1.506,-0.508,10.251,4.587
1418025014556,37.545214,139.928452,5,1.558,-0.547,10.328,4.666
1418025014657,37.545217,139.928456,5,1.501,-0.42,10.123,4.748
1418025014758,37.545218,139.928461,7,1.394,-0.328,9.979,4.774
1418025014859,37.54522,139.928466,7,1.424,-0.213,10.079,4.799
1418025014954,37.545221,139.92847,7,1.404,-0.138,9.831,4.822
1418025015055,37.545222,139.928475,7,1.36,-0.002,9.747,4.847
1418025015155,37.545224,139.92848,7,1.432,0.091,9.919,4.872
1418025015256,37.545225,139.928485,7,1.566,0.022,10.17,4.897
1418025015357,37.545227,139.92849,7,1.763,0.069,9.987,4.923
1418025015458,37.545228,139.928495,7,1.862,0.125,9.793,4.948
1418025015558,37.54523,139.9285,7,1.816,0.05,10.041,4.974
1418025015654,37.545231,139.928505,7,1.656,-0.012,10.28,4.998
1418025015755,37.545232,139.92851,7,1.472,0.107,10.342,5.0
1418025015856,37.545233,139.928516,7,1.36,0.295,9.864,5.0
1418025015956,37.545234,139.928522,7,1.337,0.333,9.474,5.0
1418025016057,37.545235,139.928527,7,1.339,0.299,9.845,5.0
1418025016158,37.545236,139.928533,7,1.309,0.252,10.403,5.0
1418025016258,37.545237,139.928538,7,1.241,0.228,10.53,5.0
1418025016354,37.545238,139.928544,7,1.125,0.305,10.305,5.0
1418025016455,37.545239,139.92855,7,0.912,0.485,10.016,5.0
1418025016555,37.54524,139.928555,7,0.662,0.615,9.684,5.0
1418025016656,37.545241,139.928561,7,0.517,0.675,9.689,5.0
1418025016757,37.545242,139.928567,8,0.355,0.814,9.52,5.0
1418025016857,37.545242,139.928572,8,0.504,0.695,10.075,5.0
1418025016958,37.545243,139.928578,8,0.759,0.492,10.763,5.0
1418025017054,37.545244,139.928583,8,0.882,0.497,10.583,5.0
1418025017155,37.545244,139.928589,8,0.748,0.621,9.987,5.0
1418025017255,37.545245,139.928595,8,0.63,0.742,9.95,5.0
1418025017356,37.545246,139.928601,8,0.475,0.729,9.898,5.0
1418025017457,37.545247,139.928606,8,0.41,0.693,10.123,5.0
1418025017557,37.545247,139.928612,8,0.372,0.725,10.321,5.0
1418025023650,37.545225,139.929155,6,0.437,0.75,10.131,8.245
1418025023655,37.545225,139.929155,6,0.444,0.746,10.119,8.247
1418025023756,37.545226,139.929166,5,0.312,0.566,10.018,8.274
1418025023857,37.545227,139.929176,5,0.138,0.437,9.734,8.299
1418025023957,37.545228,139.929186,5,0.105,0.381,9.782,8.323
1418025024058,37.545229,139.929196,5,0.048,0.347,10.127,8.349
1418025024154,37.54523,139.929206,5,0.039,0.324,10.2,8.373
1418025024255,37.545231,139.929216,5,-0.05,0.331,10.005,8.398
1418025024355,37.545232,139.929226,5,-0.008,0.312,10.257,8.423
1418025024456,37.545233,139.929236,5,0.034,0.286,10.469,8.448
1418025024557,37.545234,139.929246,5,0.125,0.306,10.204,8.474
1418025024657,37.545235,139.929257,5,0.153,0.402,10.068,8.499
1418025024758,37.545235,139.929267,5,0.101,0.461,9.935,8.5
1418025024854,37.545235,139.929276,5,0.017,0.539,9.689,8.5
1418025024954,37.545236,139.929286,5,-0.057,0.501,9.652,8.5
1418025025055,37.545236,139.929295,5,-0.063,0.503,9.832,8.5
1418025025156,37.545236,139.929305,5,-0.02,0.325,10.204,8.5
1418025025257,37.545236,139.929315,5,0.02,0.291,10.272,8.5
1418025025357,37.545236,139.929325,5,0.005,0.34,10.1,8.5
1418025025458,37.545237,139.929334,5,-0.112,0.425,9.816,8.5
1418025025554,37.545237,139.929344,5,-0.2,0.443,9.683,8.5
1418025025654,37.545237,139.929353,5,-0.233,0.453,9.981,8.5
1418025025755,37.545237,139.929363,7,-0.132,0.388,10.104,8.5
1418025025856,37.545238,139.929373,7,-0.065,0.309,10.083,8.5
1418025025957,37.545238,139.929383,7,-0.04,0.322,10.18,8.5
1418025026057,37.545238,139.929393,7,-0.031,0.277,10.351,8.5
1418025026158,37.545238,139.929402,7,0.058,0.368,9.956,8.5
1418025026254,37.545239,139.929412,7,0.108,0.379,9.826,8.5
1418025026354,37.545239,139.929421,7,0.23,0.373,9.89,8.5
1418025026455,37.545239,139.929431,7,0.187,0.401,9.966,8.5
1418025026556,37.54524,139.929441,7,0.052,0.36,10.038,8.5
1418025026656,37.54524,139.929451,7,-0.04,0.301,10.167,8.5
1418025026757,37.545239,139.929462,9,-0.105,0.227,10.298,8.547
1418025026858,37.545239,139.929474,9,-0.153,0.226,10.352,8.597
1418025026954,37.545238,139.929486,9,-0.187,0.234,10.291,8.644
1418025027054,37.545237,139.929497,9,-0.169,0.368,9.826,8.694
1418025027155,37.545237,139.92951,9,-0.166,0.415,9.664,8.744
1418025027256,37.545236,139.929522,9,-0.088,0.309,9.879,8.795
1418025027356,37.545235,139.929534,9,-0.049,0.233,9.97,8.845
1418025027457,37.545234,139.929546,9,-0.009,0.17,10.099,8.896
1418025027558,37.545234,139.929558,9,0.045,0.119,10.289,8.948
1418025027658,37.545233,139.929571,9,0.089,0.154,10.219,8.999
1418025027754,37.545233,139.92958,9,0.118,0.206,9.904,9.0
1418025027855,37.545233,139.929591,9,0.09,0.292,9.638,9.0
1418025027955,37.545233,139.929601,9,0.113,0.254,9.908,9.0
1418025028056,37.545233,139.929611,9,0.128,0.184,10.201,9.0
1418025028157,37.545234,139.929621,9,0.078,0.247,9.922,9.0
1418025028258,37.545234,139.929631,9,0.053,0.202,9.922,9.0
1418025028358,37.545234,139.929642,9,0.025,0.199,10.126,9.0
1418025028454,37.545234,139.929651,9,-0.012,0.261,10.068,9.0
1418025028555,37.545234,139.929661,9,-0.01,0.262,9.821,9.0
1418025028655,37.545234,139.929672,9,-0.029,0.259,9.867,9.0
1418025028756,37.545234,139.929682,7,0.017,0.221,10.04,8.976
1418025028857,37.545234,139.929693,7,0.073,0.207,10.012,8.95
1418025028958,37.545234,139.929704,7,0.019,0.14,10.25,8.925
1418025029058,37.545234,139.929715,7,0.001,0.188,10.324,8.9
1418025029154,37.545234,139.929725,7,-0.079,0.227,10.055,8.876
1418025029255,37.545235,139.929736,7,-0.125,0.257,9.936,8.85
1418025029355,37.545235,139.929747,7,-0.097,0.263,9.942,8.826
1418025029456,37.545235,139.929757,7,-0.072,0.26,10.037,8.8
1418025029557,37.545235,139.929768,7,-0.115,0.218,9.964,8.775
1418025029658,37.545235,139.929779,7,-0.151,0.221,9.933,8.75
1418025029758,37.545235,139.929789,7,-0.122,0.086,10.107,8.75
1418025029854,37.545235,139.929798,7,-0.185,0.04,10.386,8.75
1418025029955,37.545235,139.929809,7,-0.198,0.009,10.51,8.75
1418025030055,37.545235,139.929819,7,-0.174,0.062,10.073,8.75
1418025030156,37.545235,139.929829,7,-0.151,0.164,9.756,8.75
1418025030257,37.545236,139.929839,7,-0.114,0.137,9.967,8.75
1418025030357,37.545236,139.929849,7,-0.135,0.063,10.129,8.75
1418025030458,37.545236,139.929859,7,-0.219,0.044,9.963,8.75
1418025030554,37.545236,139.929868,7,-0.297,0.016,10.027,8.75
1418025030654,37.545236,139.929878,7,-0.218,-0.086,10.7,8.75
1418025030755,37.545236,139.929885,8,-0.156,-0.172,10.91,8.726
1418025030856,37.545235,139.929892,8,-0.2,-0.02,10.163,8.7
1418025030957,37.545234,139.929899,8,-0.253,0.093,9.745,8.675
1418025031057,37.545234,139.929905,8,-0.308,0.14,9.783,8.65
