measurement_ms,latitude,longitude,gps_error_meter,accel_x_transverse,accel_y_longitudinal,accel_z_vertical,speed
1424830082328,37.501245,139.937078,7,-0.143,0.136,9.558,8.17
1424830082428,37.501239,139.937075,7,-0.124,0.057,9.548,8.145
1424830082529,37.501232,139.937072,7,-0.072,-0.075,9.379,8.1
1424830082625,37.501226,139.937069,7,-0.062,-0.125,9.377,8.052
1424830082725,37.501219,139.937066,7,-0.043,-0.144,9.591,8.002
1424830082826,37.501212,139.937063,7,0.02,-0.2,9.549,7.952
1424830082927,37.501205,139.937059,7,0.049,-0.203,9.337,7.902
1424830083027,37.501198,139.937056,7,0.045,-0.257,9.504,7.854
1424830083128,37.501191,139.937053,7,0.011,-0.357,9.685,7.804
1424830083229,37.501185,139.93705,7,-0.053,-0.406,9.579,7.756
1424830083325,37.501178,139.937047,7,0.005,-0.348,9.488,7.71
1424830083425,37.501172,139.937044,7,0.122,-0.404,9.407,7.662
1424830083526,37.501165,139.937041,6,0.115,-0.45,9.473,7.631
1424830083627,37.501158,139.937039,6,-0.058,-0.422,9.4,7.605
1424830083727,37.501152,139.937036,6,0.05,-0.603,9.777,7.58
1424830083828,37.501145,139.937033,6,0.043,-0.559,9.481,7.555
1424830083929,37.501139,139.937031,6,0.072,-0.52,9.226,7.529
1424830084029,37.501132,139.937028,6,0.162,-0.514,9.462,7.504
1424830084125,37.501126,139.937026,6,0.133,-0.564,9.552,7.48
1424830084226,37.501119,139.937024,6,0.008,-0.475,9.577,7.455
1424830084327,37.501113,139.937021,6,0.039,-0.456,9.523,7.43
1424830084427,37.501106,139.937019,6,0.087,-0.499,9.403,7.406
1424830084529,37.501101,139.937016,6,0.113,-0.565,9.459,7.34
1424830084629,37.501096,139.937013,6,0.068,-0.514,9.523,7.264
1424830084730,37.501091,139.93701,6,0.023,-0.486,9.356,7.188
1424830084825,37.501087,139.937007,6,0.051,-0.622,9.587,7.117
1424830084926,37.501082,139.937004,6,0.063,-0.598,9.413,7.043
1424830085027,37.501077,139.937001,6,0.032,-0.576,9.455,6.97
1424830085127,37.501073,139.936999,6,0.121,-0.584,9.531,6.898
1424830085228,37.501068,139.936996,6,0.106,-0.648,9.49,6.826
1424830085329,37.501063,139.936993,6,-0.005,-0.692,9.491,6.754
1424830085429,37.501059,139.936991,6,0.013,-0.561,9.419,6.685
1424830085525,37.501055,139.936988,7,0.028,-0.586,9.386,6.612
1424830085626,37.50105,139.936986,7,-0.019,-0.665,9.452,6.535
1424830085726,37.501045,139.936983,7,0.026,-0.722,9.649,6.46
1424830085827,37.501041,139.936981,7,-0.001,-0.631,9.413,6.385
1424830085928,37.501036,139.936979,7,0.067,-0.628,9.46,6.311
1424830086029,37.501032,139.936976,7,0.097,-0.787,9.597,6.237
1424830086129,37.501028,139.936974,7,0.046,-0.816,9.492,6.165
1424830086225,37.501023,139.936972,7,0.017,-0.674,9.324,6.097
1424830086326,37.501019,139.93697,7,0.029,-0.761,9.599,6.026
1424830086426,37.501015,139.936968,7,0.07,-0.9,9.737,5.957
1424830086527,37.501011,139.936965,7,0.005,-0.907,9.273,5.86
1424830086628,37.501008,139.936963,7,-0.024,-0.969,9.465,5.757
1424830086728,37.501004,139.936961,7,-0.052,-0.981,9.661,5.656
1424830086829,37.501,139.936959,7,-0.038,-1.001,9.591,5.556
1424830086925,37.500997,139.936958,7,-0.02,-1.007,9.382,5.463
1424830087026,37.500994,139.936956,7,-0.021,-1.031,9.408,5.366
1424830087126,37.50099,139.936954,7,0.016,-0.962,9.565,5.273
1424830087227,37.500987,139.936952,7,0.049,-0.939,9.619,5.179
1424830087328,37.500984,139.93695,7,-0.008,-1.005,9.362,5.088
1424830087428,37.500981,139.936948,7,-0.0,-0.955,9.491,4.999
1424830087525,37.500978,139.936947,6,-0.033,-0.884,9.496,4.903
1424830087625,37.500975,139.936945,6,-0.002,-0.867,9.487,4.801
1424830087725,37.500972,139.936943,6,0.004,-0.782,9.491,4.702
1424830087826,37.50097,139.936941,6,-0.006,-0.724,9.529,4.604
1424830087927,37.500967,139.936939,6,0.009,-0.713,9.56,4.507
1424830088028,37.500964,139.936937,6,0.075,-0.744,9.511,4.413
1424830088128,37.500962,139.936935,6,0.103,-0.729,9.497,4.321
1424830088229,37.500959,139.936934,6,0.073,-0.682,9.494,4.231
1424830088325,37.500957,139.936932,6,0.06,-0.701,9.436,4.147
1424830088425,37.500955,139.93693,6,0.065,-0.739,9.567,4.061
1424830088526,37.500952,139.936929,6,0.013,-0.698,9.498,4.003
1424830088627,37.500949,139.936928,6,0.024,-0.665,9.421,3.955
1424830088728,37.500946,139.936927,6,0.087,-0.692,9.471,3.907
1424830088828,37.500943,139.936925,6,0.089,-0.732,9.601,3.86
1424830088929,37.50094,139.936924,6,0.111,-0.693,9.442,3.813
1424830089025,37.500937,139.936923,6,0.134,-0.593,9.256,3.769
1424830089125,37.500935,139.936922,6,0.079,-0.676,9.555,3.723
1424830089226,37.500932,139.936921,6,0.005,-0.789,9.757,3.678
1424830089327,37.500929,139.936919,6,-0.021,-0.729,9.563,3.634
1424830089427,37.500927,139.936918,6,0.087,-0.604,9.354,3.59
1424830089528,37.500926,139.936917,7,0.089,-0.659,9.568,3.482
1424830089629,37.500925,139.936917,7,0.055,-0.728,9.705,3.358
1424830089725,37.500925,139.936916,7,-0.04,-0.581,9.425,3.245
1424830089825,37.500924,139.936915,7,0.008,-0.514,9.341,3.13
1424830089926,37.500924,139.936915,7,0.093,-0.569,9.521,3.018
1424830090027,37.500924,139.936914,7,0.064,-0.625,9.564,2.91
1424830090127,37.500923,139.936914,7,0.028,-0.597,9.491,2.807
1424830090228,37.500923,139.936913,7,0.039,-0.537,9.489,2.707
1424830090329,37.500922,139.936913,7,0.08,-0.532,9.488,2.61
1424830090430,37.500922,139.936912,7,0.084,-0.541,9.481,2.518
1424830090525,37.500921,139.936912,7,0.065,-0.549,9.514,2.484
1424830090626,37.500919,139.936911,7,0.01,-0.538,9.536,2.464
1424830090727,37.500917,139.936911,7,-0.055,-0.544,9.476,2.443
1424830090827,37.500915,139.93691,7,-0.039,-0.522,9.46,2.423
1424830090928,37.500913,139.93691,7,0.026,-0.507,9.542,2.402
1424830091029,37.500911,139.93691,7,0.087,-0.471,9.523,2.382
1424830091129,37.50091,139.936909,7,0.069,-0.478,9.455,2.362
1424830091225,37.500908,139.936909,7,0.023,-0.489,9.472,2.344
1424830091326,37.500906,139.936908,7,0.007,-0.528,9.537,2.324
1424830091427,37.500904,139.936908,7,0.016,-0.525,9.513,2.304
1424830091527,37.500904,139.936908,7,0.022,-0.536,9.451,2.245
1424830091628,37.500904,139.936908,7,0.02,-0.585,9.499,2.176
1424830091729,37.500904,139.936908,7,0.032,-0.576,9.496,2.108
1424830091829,37.500904,139.936908,7,0.037,-0.56,9.48,2.042
1424830091925,37.500904,139.936909,7,0.067,-0.51,9.48,1.981
1424830092031,37.500904,139.936909,7,0.088,-0.485,9.478,1.916
1424830092126,37.500904,139.936909,7,0.053,-0.51,9.488,1.86
1424830092225,37.500904,139.936909,7,-0.018,-0.545,9.509,1.803
1424830092328,37.500904,139.936909,7,-0.082,-0.599,9.543,1.745
1424830092427,37.500904,139.936909,7,-0.079,-0.595,9.506,1.692
1424830092529,37.500904,139.936907,7,-0.018,-0.597,9.474,1.665
1424830092625,37.500904,139.936906,7,0.014,-0.593,9.524,1.647
1424830092726,37.500903,139.936904,7,0.02,-0.598,9.53,1.628
1424830092826,37.500903,139.936902,7,0.026,-0.441,9.537,1.61
1424830092927,37.500903,139.9369,7,0.004,-0.112,9.512,1.592
1424830093028,37.500903,139.936898,7,-0.016,0.209,9.493,1.573
1424830093128,37.500903,139.936896,7,-0.03,0.375,9.448,1.556
1424830093229,37.500902,139.936894,7,-0.017,0.29,9.412,1.538
1424830093325,37.500902,139.936892,7,-0.002,0.166,9.45,1.521
1424830093425,37.500902,139.93689,7,0.013,0.076,9.516,1.504
1424830093526,37.500902,139.93689,7,0.022,0.12,9.504,1.5
1424830093627,37.500901,139.936889,7,0.021,0.197,9.45,1.5
1424830093728,37.500901,139.936889,7,0.025,0.205,9.432,1.5
1424830093828,37.500901,139.936888,7,0.013,0.178,9.473,1.5
1424830093929,37.500901,139.936888,7,-0.005,0.153,9.466,1.5
1424830094025,37.5009,139.936887,7,-0.006,0.17,9.452,1.5
1424830094125,37.5009,139.936887,7,0.0,0.203,9.44,1.5
1424830094226,37.5009,139.936886,7,0.009,0.189,9.427,1.5
1424830094327,37.500899,139.936886,7,0.011,0.172,9.451,1.5
1424830094428,37.500899,139.936885,7,-0.001,0.169,9.458,1.5
1424830094528,37.500899,139.936886,7,-0.008,0.18,9.464,1.5
1424830094629,37.500898,139.936887,7,-0.006,0.181,9.483,1.5
1424830094725,37.500897,139.936888,7,-0.005,0.189,9.495,1.5
1424830094825,37.500897,139.936889,7,0.008,0.188,9.502,1.5
1424830094926,37.500896,139.93689,7,0.012,0.184,9.505,1.5
1424830095027,37.500896,139.936891,7,0.004,0.189,9.511,1.5
1424830095128,37.500895,139.936892,7,-0.011,0.183,9.511,1.5
1424830095228,37.500894,139.936894,7,-0.012,0.171,9.499,1.5
1424830095329,37.500894,139.936895,7,-0.002,0.162,9.489,1.5
1424830095425,37.500893,139.936896,7,-0.001,0.179,9.483,1.5
1424830095525,37.500893,139.936896,7,0.005,0.199,9.5,1.5
1424830095626,37.500892,139.936897,7,0.006,0.182,9.489,1.5
1424830095727,37.500891,139.936897,7,0.001,0.176,9.484,1.5
1424830095827,37.500891,139.936898,7,-0.01,0.186,9.479,1.5
1424830095928,37.50089,139.936898,7,-0.071,0.211,9.446,1.5
1424830096029,37.50089,139.936899,7,-0.047,0.189,9.572,1.5
1424830096125,37.500889,139.936899,7,0.009,0.151,9.548,1.5
1424830096225,37.500888,139.9369,7,0.063,0.162,9.434,1.5
1424830096326,37.500888,139.9369,7,0.073,0.193,9.461,1.5
1424830096427,37.500887,139.936901,7,0.023,0.201,9.506,1.5
1424830096527,37.500887,139.936901,7,0.003,0.198,9.515,1.5
1424830096628,37.500887,139.9369,7,-0.013,0.18,9.49,1.5
1424830096729,37.500886,139.9369,7,0.011,0.175,9.494,1.5
1424830096830,37.500886,139.9369,7,0.042,0.184,9.501,1.5
1424830096925,37.500886,139.9369,7,0.047,0.19,9.482,1.5
1424830097026,37.500886,139.936899,7,0.06,0.178,9.493,1.5
1424830097127,37.500886,139.936899,7,0.041,0.166,9.481,1.5
1424830097227,37.500885,139.936899,7,0.039,0.172,9.497,1.5
1424830097328,37.500885,139.936898,7,0.038,0.178,9.483,1.5
1424830097429,37.500885,139.936898,7,0.011,0.187,9.484,1.5
1424830097529,37.500885,139.936898,7,-0.042,0.177,9.503,1.5
1424830097625,37.500884,139.936899,7,-0.069,0.169,9.528,1.5
1424830097726,37.500884,139.936899,7,-0.05,0.169,9.502,1.5
1424830097826,37.500884,139.9369,7,-0.045,0.174,9.499,1.5
1424830097927,37.500883,139.9369,7,-0.017,0.176,9.508,1.5
1424830098028,37.500883,139.936901,7,0.015,0.162,9.523,1.5
1424830098129,37.500882,139.936901,7,0.014,0.16,9.491,1.5
1424830098229,37.500882,139.936902,7,-0.008,0.173,9.493,1.5
1424830098325,37.500881,139.936902,7,-0.028,0.176,9.545,1.5
1424830098426,37.500881,139.936903,7,-0.032,0.16,9.521,1.5
1424830098526,37.500881,139.936903,7,-0.027,0.16,9.504,1.5
1424830098627,37.500881,139.936904,7,-0.016,0.169,9.506,1.5
1424830098728,37.500881,139.936904,7,0.017,0.165,9.474,1.5
1424830098829,37.500881,139.936905,7,0.012,0.162,9.475,1.5
1424830098929,37.500881,139.936905,7,-0.005,0.17,9.477,1.5
1424830099025,37.500881,139.936906,7,-0.014,0.173,9.477,1.5
1424830099126,37.500881,139.936906,7,-0.02,0.166,9.481,1.5
1424830099226,37.500881,139.936907,7,-0.028,0.161,9.484,1.5
1424830099327,37.500881,139.936907,7,-0.023,0.163,9.491,1.5
1424830099428,37.500881,139.936908,7,-0.005,0.168,9.495,1.5
1424830099528,37.500881,139.936908,7,-0.005,0.164,9.484,1.5
1424830099629,37.50088,139.936907,7,-0.02,0.164,9.484,1.5
1424830099725,37.50088,139.936907,7,-0.03,0.168,9.493,1.5
1424830099826,37.500879,139.936906,7,-0.029,0.17,9.507,1.5
1424830099926,37.500879,139.936906,7,-0.034,0.17,9.508,1.5
1424830100027,37.500878,139.936905,7,-0.029,0.172,9.513,1.5
1424830100128,37.500878,139.936905,7,-0.008,0.177,9.521,1.5
1424830100228,37.500877,139.936904,7,-0.011,0.174,9.506,1.5
1424830100329,37.500877,139.936904,7,-0.028,0.174,9.514,1.5
1424830100425,37.500876,139.936903,7,-0.03,0.163,9.508,1.5
1424830100525,37.500875,139.936902,7,-0.03,0.168,9.504,1.5
1424830100626,37.500875,139.936901,7,-0.026,0.174,9.505,1.5
1424830100727,37.500874,139.9369,7,-0.008,0.169,9.483,1.5
1424830100828,37.500873,139.936899,7,-0.016,0.162,9.504,1.5
1424830100928,37.500873,139.936898,7,-0.023,0.164,9.513,1.5
1424830101029,37.500872,139.936897,7,-0.031,0.167,9.494,1.5
1424830101125,37.500871,139.936896,7,-0.024,0.163,9.476,1.5
1424830101225,37.500871,139.936895,7,-0.014,0.157,9.483,1.5
1424830101326,37.50087,139.936894,7,-0.011,0.16,9.463,1.5
1424830101427,37.500869,139.936893,7,-0.007,0.164,9.454,1.5
1424830101527,37.500869,139.936893,7,-0.001,0.16,9.464,1.5
1424830101628,37.500868,139.936892,7,-0.006,0.165,9.453,1.5
1424830101729,37.500867,139.936892,7,-0.016,0.167,9.451,1.5
1424830101825,37.500867,139.936892,7,-0.015,0.161,9.461,1.5
1424830101925,37.500866,139.936892,7,-0.008,0.165,9.457,1.5
1424830102026,37.500866,139.936891,7,-0.006,0.174,9.466,1.5
1424830102127,37.500865,139.936891,7,-0.002,0.166,9.453,1.5
1424830102227,37.500864,139.936891,7,-0.013,0.163,9.451,1.5
1424830102328,37.500864,139.93689,7,-0.015,0.16,9.451,1.5
1424830102429,37.500863,139.93689,7,-0.006,0.171,9.44,1.5
1424830102525,37.500863,139.93689,7,0.007,0.169,9.429,1.5
1424830102625,37.500863,139.936889,7,0.015,0.167,9.43,1.5
1424830102726,37.500863,139.936889,7,-0.0,0.163,9.447,1.5
1424830102827,37.500863,139.936889,7,-0.011,0.171,9.447,1.5
1424830102927,37.500863,139.936889,7,-0.013,0.175,9.457,1.5
1424830103028,37.500863,139.936888,7,-0.009,0.17,9.439,1.5
1424830103129,37.500863,139.936888,7,-0.003,0.17,9.442,1.5
1424830103230,37.500863,139.936888,7,0.003,0.172,9.462,1.5
1424830103325,37.500863,139.936887,7,0.005,0.172,9.471,1.5
1424830103426,37.500863,139.936887,7,-0.003,0.172,9.432,1.5
1424830103526,37.500863,139.936887,7,-0.004,0.174,9.437,1.5
1424830103627,37.500863,139.936887,7,0.0,0.173,9.445,1.5
1424830103728,37.500863,139.936886,7,0.011,0.167,9.43,1.5
1424830103829,37.500863,139.936886,7,0.013,0.173,9.425,1.5
1424830103929,37.500863,139.936886,7,-0.006,0.163,9.431,1.5
1424830104025,37.500863,139.936886,7,-0.01,0.161,9.425,1.5
1424830104126,37.500863,139.936886,7,-0.013,0.165,9.432,1.5
1424830104226,37.500863,139.936885,7,-0.015,0.164,9.446,1.5
1424830104327,37.500863,139.936885,7,-0.004,0.169,9.455,1.5
1424830104428,37.500863,139.936885,7,0.0,0.17,9.454,1.5
1424830104529,37.500863,139.936885,7,0.005,0.172,9.451,1.5
1424830104629,37.500863,139.936885,7,0.002,0.176,9.47,1.5
1424830104725,37.500863,139.936885,7,-0.009,0.184,9.493,1.5
1424830104826,37.500863,139.936885,7,-0.011,0.188,9.498,1.5
1424830104926,37.500863,139.936885,7,-0.014,0.186,9.487,1.5
1424830105027,37.500863,139.936886,7,-0.011,0.185,9.509,1.5
1424830105128,37.500863,139.936886,7,-0.002,0.178,9.508,1.5
1424830105229,37.500863,139.936886,7,-0.006,0.18,9.497,1.5
1424830105329,37.500863,139.936886,7,-0.023,0.183,9.508,1.5
1424830105425,37.500863,139.936886,7,-0.021,0.181,9.508,1.5
1424830105526,37.500863,139.936886,6,-0.021,0.178,9.499,1.5
1424830105626,37.500863,139.936886,6,-0.02,0.178,9.501,1.5
1424830105727,37.500863,139.936886,6,-0.02,0.182,9.526,1.5
1424830105828,37.500863,139.936886,6,-0.025,0.181,9.546,1.5
1424830105928,37.500863,139.936886,6,-0.024,0.173,9.519,1.5
1424830106029,37.500863,139.936886,6,-0.027,0.174,9.52,1.5
1424830106130,37.500863,139.936886,6,-0.027,0.176,9.522,1.5
1424830106226,37.500863,139.936886,6,-0.039,0.17,9.503,1.5
1424830106325,37.500863,139.936886,6,-0.042,0.174,9.523,1.5
1424830106427,37.500863,139.936886,6,-0.039,0.172,9.505,1.5
1424830106526,37.500863,139.936886,4,-0.027,0.166,9.492,1.5
1424830106628,37.500863,139.936886,4,-0.042,0.172,9.514,1.5
1424830106727,37.500863,139.936886,4,-0.043,0.168,9.508,1.5
1424830106825,37.500863,139.936886,4,-0.038,0.172,9.517,1.5
1424830106925,37.500863,139.936886,4,-0.032,0.17,9.524,1.5
1424830107026,37.500863,139.936886,4,-0.0,0.157,9.512,1.5
1424830107127,37.500863,139.936886,4,0.032,0.163,9.519,1.5
1424830107228,37.500863,139.936886,4,0.052,0.168,9.502,1.5
1424830107328,37.500863,139.936886,4,0.039,0.18,9.491,1.5
1424830107429,37.500863,139.936886,4,-0.002,0.178,9.5,1.5
1424830107525,37.500863,139.936886,5,-0.02,0.167,9.507,1.5
1424830107625,37.500863,139.936886,5,-0.022,0.168,9.552,1.5
1424830107726,37.500863,139.936886,5,-0.024,0.171,9.551,1.5
1424830107827,37.500863,139.936886,5,-0.001,0.168,9.517,1.5
1424830107928,37.500863,139.936886,5,0.007,0.157,9.503,1.5
1424830108028,37.500863,139.936886,5,0.002,0.151,9.506,1.5
1424830108129,37.500863,139.936886,5,-0.0,0.161,9.5,1.5
1424830108225,37.500863,139.936886,5,-0.006,0.172,9.48,1.5
1424830108325,37.500863,139.936886,5,-0.01,0.166,9.457,1.5
1424830108426,37.500863,139.936886,5,-0.011,0.155,9.448,1.5
1424830108527,37.500863,139.936886,5,-0.007,0.156,9.445,1.5
1424830108627,37.500863,139.936886,5,-0.0,0.161,9.46,1.5
1424830108728,37.500863,139.936886,5,0.01,0.154,9.447,1.5
1424830108829,37.500863,139.936886,5,0.017,0.151,9.43,1.5
1424830108925,37.500863,139.936886,5,0.01,0.155,9.44,1.5
1424830109025,37.500863,139.936886,5,-0.003,0.153,9.431,1.5
1424830109126,37.500863,139.936886,5,-0.005,0.154,9.439,1.5
1424830109227,37.500863,139.936886,5,0.002,0.159,9.447,1.5
1424830109327,37.500863,139.936886,5,0.0,0.165,9.42,1.5
1424830109428,37.500863,139.936886,5,0.002,0.162,9.442,1.5
1424830109529,37.500863,139.936886,5,0.002,0.151,9.459,1.5
1424830109630,37.500863,139.936886,5,0.008,0.161,9.439,1.5
1424830109725,37.500863,139.936886,5,0.003,0.165,9.476,1.5
1424830109826,37.500863,139.936886,5,0.012,0.148,9.475,1.5
1424830109927,37.500863,139.936886,5,0.022,0.149,9.431,1.5
1424830110027,37.500863,139.936886,5,0.016,0.162,9.458,1.5
1424830110128,37.500863,139.936886,5,-0.009,0.168,9.464,1.5
1424830110229,37.500863,139.936886,5,-0.003,0.155,9.461,1.5
1424830110329,37.500863,139.936886,5,-0.004,0.151,9.474,1.5
1424830110425,37.500863,139.936886,5,-0.009,0.156,9.454,1.5
1424830110526,37.500863,139.936886,5,-0.002,0.162,9.448,1.5
1424830110627,37.500863,139.936886,5,0.001,0.158,9.492,1.5
1424830110727,37.500863,139.936886,5,0.015,0.152,9.471,1.5
1424830110828,37.500863,139.936886,5,0.013,0.156,9.439,1.5
1424830110929,37.500863,139.936886,5,0.003,0.16,9.45,1.5
1424830111029,37.500863,139.936886,5,-0.008,0.164,9.467,1.5
1424830111125,37.500863,139.936886,5,-0.024,0.165,9.489,1.5
1424830111226,37.500863,139.936886,5,-0.02,0.164,9.463,1.5
1424830111326,37.500863,139.936886,5,0.002,0.172,9.482,1.5
1424830111427,37.500863,139.936886,5,0.007,0.175,9.486,1.5
1424830111528,37.500863,139.936886,6,0.002,0.177,9.469,1.5
1424830111629,37.500863,139.936886,6,0.0,0.177,9.495,1.5
1424830111729,37.500863,139.936886,6,-0.004,0.177,9.487,1.5
1424830111825,37.500863,139.936886,6,-0.007,0.173,9.475,1.5
1424830111926,37.500863,139.936886,6,-0.005,0.174,9.499,1.5
1424830112026,37.500863,139.936886,6,0.01,0.171,9.482,1.5
1424830112127,37.500863,139.936886,6,0.003,0.18,9.48,1.5
1424830112228,37.500863,139.936886,6,-0.016,0.181,9.48,1.5
1424830112328,37.500863,139.936886,6,-0.019,0.17,9.466,1.5
1424830112429,37.500863,139.936886,6,-0.03,0.176,9.512,1.5
1424830112525,37.500863,139.936886,6,-0.038,0.175,9.509,1.5
1424830112625,37.500863,139.936886,6,-0.028,0.181,9.496,1.5
1424830112726,37.500863,139.936886,6,-0.004,0.181,9.492,1.5
1424830112827,37.500863,139.936886,6,0.008,0.174,9.498,1.5
1424830112928,37.500863,139.936886,6,0.007,0.173,9.501,1.5
1424830113028,37.500863,139.936886,6,-0.0,0.172,9.48,1.5
1424830113129,37.500863,139.936886,6,-0.022,0.175,9.477,1.5
1424830113225,37.500863,139.936886,6,-0.035,0.175,9.503,1.5
1424830113325,37.500863,139.936886,6,-0.051,0.173,9.5,1.5
1424830113426,37.500863,139.936886,6,-0.037,0.177,9.513,1.5
1424830113527,37.500863,139.936886,6,-0.024,0.19,9.522,1.5
1424830113628,37.500863,139.936886,6,-0.005,0.177,9.495,1.5
1424830113728,37.500863,139.936886,6,0.007,0.17,9.495,1.5
1424830113829,37.500863,139.936886,6,-0.02,0.179,9.496,1.5
1424830113925,37.500863,139.936886,6,-0.036,0.176,9.514,1.5
1424830114025,37.500863,139.936886,6,-0.019,0.168,9.525,1.5
1424830114126,37.500863,139.936886,6,0.01,0.165,9.496,1.5
1424830114227,37.500863,139.936886,6,0.029,0.188,9.495,1.5
1424830114327,37.500863,139.936886,6,0.038,0.178,9.496,1.5
1424830114428,37.500863,139.936886,6,0.029,0.169,9.491,1.5
1424830114529,37.500863,139.936886,6,0.007,0.171,9.501,1.5
1424830114625,37.500863,139.936886,6,0.008,0.17,9.525,1.5
1424830114725,37.500863,139.936886,6,0.041,0.153,9.503,1.5
1424830114826,37.500863,139.936886,6,0.069,0.139,9.496,1.5
1424830114927,37.500863,139.936886,6,0.051,0.166,9.53,1.5
1424830115027,37.500863,139.936887,6,0.017,0.186,9.527,1.5
1424830115128,37.500863,139.936887,6,0.021,0.166,9.49,1.5
1424830115229,37.500863,139.936887,6,0.006,0.164,9.51,1.5
1424830115330,37.500863,139.936887,6,0.007,0.173,9.495,1.5
1424830115425,37.500863,139.936887,6,0.016,0.191,9.49,1.5
1424830115526,37.500863,139.936887,6,0.024,0.187,9.481,1.5
1424830115627,37.500863,139.936887,6,0.01,0.166,9.467,1.5
1424830115727,37.500863,139.936887,6,0.043,0.159,9.534,1.5
1424830115828,37.500863,139.936887,6,0.062,0.163,9.466,1.5
1424830115929,37.500863,139.936887,6,0.067,0.182,9.436,1.5
1424830116029,37.500863,139.936887,6,0.022,0.181,9.468,1.5
1424830116125,37.500863,139.936887,6,-0.01,0.165,9.469,1.5
1424830116226,37.500863,139.936887,6,0.012,0.153,9.436,1.5
1424830116327,37.500863,139.936887,6,-0.0,0.164,9.44,1.5
1424830116427,37.500863,139.936887,6,0.011,0.162,9.454,1.5
1424830116528,37.500863,139.936887,6,0.026,0.165,9.455,1.5
1424830116629,37.500863,139.936887,6,0.052,0.148,9.433,1.5
1424830116729,37.500863,139.936887,6,0.06,0.161,9.458,1.5
1424830116825,37.500863,139.936887,6,0.02,0.187,9.47,1.5
1424830116926,37.500863,139.936887,6,-0.013,0.166,9.471,1.5
1424830117026,37.500863,139.936886,6,-0.005,0.155,9.504,1.5
1424830117127,37.500863,139.936886,6,0.023,0.168,9.482,1.5
1424830117228,37.500863,139.936886,6,0.051,0.169,9.456,1.5
1424830117329,37.500863,139.936886,6,0.039,0.159,9.484,1.5
1424830117429,37.500863,139.936886,6,0.01,0.154,9.515,1.5
1424830117525,37.500863,139.936886,6,-0.006,0.171,9.499,1.5
1424830117626,37.500863,139.936886,6,0.002,0.179,9.493,1.5
1424830117726,37.500863,139.936886,6,0.017,0.172,9.497,1.5
1424830117827,37.500863,139.936886,6,0.021,0.18,9.502,1.5
1424830117928,37.500863,139.936886,6,0.023,0.19,9.514,1.5
1424830118028,37.500863,139.936886,6,0.007,0.181,9.512,1.5
1424830118129,37.500863,139.936886,6,0.0,0.176,9.504,1.5
1424830118225,37.500863,139.936886,6,0.012,0.174,9.502,1.5
1424830118326,37.500863,139.936886,6,0.025,0.179,9.506,1.5
1424830118426,37.500863,139.936886,6,0.035,0.172,9.477,1.5
1424830118527,37.500863,139.936886,5,0.031,0.163,9.492,1.5
1424830118628,37.500863,139.936886,5,0.021,0.183,9.509,1.5
1424830118728,37.500863,139.936886,5,0.001,0.183,9.477,1.5
1424830118829,37.500863,139.936886,5,-0.012,0.174,9.486,1.5
1424830118925,37.500863,139.936886,5,-0.006,0.171,9.497,1.5
1424830119025,37.500863,139.936886,5,0.01,0.172,9.485,1.5
1424830119126,37.500863,139.936886,5,0.034,0.168,9.488,1.5
1424830119227,37.500863,139.936886,5,0.043,0.175,9.472,1.5
1424830119328,37.500863,139.936886,5,0.031,0.169,9.469,1.5
1424830119428,37.500863,139.936886,5,0.039,0.177,9.515,1.5
1424830119529,37.500863,139.936886,4,0.02,0.18,9.483,1.5
1424830119625,37.500863,139.936886,4,0.007,0.189,9.489,1.5
1424830119725,37.500863,139.936886,4,0.015,0.191,9.517,1.5
1424830119826,37.500863,139.936886,4,0.025,0.178,9.485,1.5
1424830119927,37.500863,139.936886,4,0.012,0.174,9.487,1.5
1424830120028,37.500863,139.936886,4,0.002,0.179,9.497,1.5
1424830120128,37.500863,139.936886,4,-0.004,0.188,9.504,1.5
1424830120229,37.500863,139.936886,4,-0.016,0.18,9.497,1.5
1424830120325,37.500863,139.936886,4,-0.006,0.182,9.497,1.5
1424830120430,37.500863,139.936886,4,0.047,0.181,9.492,1.5
1424830120526,37.500863,139.936886,4,0.075,0.19,9.499,1.5
1424830120625,37.500863,139.936886,4,0.083,0.166,9.486,1.5
1424830120727,37.500863,139.936886,4,0.071,0.157,9.485,1.5
1424830120826,37.500863,139.936886,4,0.026,0.166,9.503,1.5
1424830120929,37.500863,139.936886,4,-0.011,0.153,9.505,1.5
1424830121025,37.500863,139.936886,4,0.007,0.121,9.507,1.5
1424830121125,37.500863,139.936886,4,0.026,0.099,9.499,1.5
1424830121226,37.500863,139.936886,4,0.047,0.165,9.5,1.5
1424830137228,37.50027,139.936619,6,0.047,0.169,9.495,6.67
1424830137329,37.500266,139.936617,6,-0.048,0.152,9.554,6.67
1424830137425,37.500261,139.936615,6,-0.12,0.211,9.46,6.67
1424830137526,37.500257,139.93661,7,-0.165,0.263,9.184,6.651
1424830137626,37.500253,139.936605,7,-0.083,0.224,9.454,6.627
1424830137727,37.500249,139.9366,7,-0.181,0.27,9.422,6.603
1424830137828,37.500245,139.936595,7,-0.141,0.208,9.672,6.578
1424830137928,37.500241,139.93659,7,-0.124,0.199,9.587,6.554
1424830138029,37.500237,139.936585,7,-0.18,0.186,9.45,6.53
1424830138125,37.500233,139.936581,7,-0.156,0.124,9.445,6.507
1424830138226,37.500229,139.936576,7,-0.008,0.136,9.502,6.483
1424830138326,37.500225,139.936571,7,0.009,0.181,9.539,6.459
1424830138427,37.500221,139.936566,7,-0.001,0.272,9.312,6.435
1424830138528,37.500216,139.936565,8,0.006,0.194,9.49,6.41
1424830138628,37.50021,139.936564,8,-0.035,0.168,9.573,6.385
1424830138729,37.500205,139.936564,8,-0.02,0.199,9.464,6.359
1424830138825,37.5002,139.936563,8,0.027,0.199,9.476,6.335
1424830138925,37.500195,139.936563,8,0.099,0.168,9.452,6.31
1424830139026,37.500189,139.936563,8,0.134,0.171,9.525,6.285
1424830139127,37.500184,139.936562,8,0.119,0.106,9.691,6.26
1424830139228,37.500179,139.936562,8,0.075,0.017,9.85,6.235
1424830139328,37.500173,139.936561,8,0.164,0.264,9.266,6.21
1424830139429,37.500168,139.936561,8,0.094,0.318,9.109,6.185
1424830139525,37.500163,139.936559,8,-0.016,0.177,9.645,6.215
1424830139625,37.500157,139.936557,8,-0.076,0.334,9.303,6.263
1424830139726,37.500152,139.936555,8,0.033,0.227,9.709,6.312
1424830139827,37.500146,139.936552,8,-0.063,0.191,9.519,6.36
1424830139927,37.50014,139.93655,8,-0.132,0.178,9.198,6.409
1424830140028,37.500135,139.936547,8,-0.023,0.007,9.452,6.459
1424830140129,37.500129,139.936545,8,0.036,-0.095,9.741,6.509
1424830140225,37.500123,139.936543,8,0.074,0.078,9.609,6.556
1424830140325,37.500117,139.93654,8,0.159,0.22,9.479,6.607
1424830140426,37.500111,139.936538,8,0.143,0.135,9.346,6.658
1424830140527,37.500106,139.936536,9,0.037,0.121,9.56,6.651
1424830140627,37.500101,139.936534,9,0.05,0.163,9.559,6.627
1424830140728,37.500096,139.936532,9,0.238,0.256,9.494,6.602
1424830140829,37.500091,139.93653,9,0.33,0.175,9.329,6.578
1424830140929,37.500086,139.936528,9,0.237,0.095,9.327,6.554
1424830141025,37.500082,139.936526,9,0.127,-0.053,9.793,6.531
1424830141126,37.500077,139.936524,9,-0.003,0.065,9.542,6.507
1424830141227,37.500072,139.936522,9,-0.193,0.079,9.439,6.483
1424830141327,37.500067,139.93652,9,-0.09,0.012,9.439,6.459
1424830141428,37.500062,139.936518,9,0.041,-0.302,9.703,6.435
1424830141529,37.500056,139.936514,9,0.091,-0.292,9.591,6.449
1424830141629,37.500051,139.93651,9,0.032,-0.142,9.454,6.472
1424830141725,37.500045,139.936505,9,0.083,-0.049,9.302,6.495
1424830141826,37.500039,139.9365,9,0.11,-0.066,9.357,6.519
1424830141927,37.500034,139.936495,9,0.047,-0.084,9.521,6.543
1424830142027,37.500028,139.936491,9,0.068,-0.094,9.733,6.567
1424830142128,37.500022,139.936486,9,0.16,-0.143,9.571,6.592
1424830142229,37.500016,139.936481,9,0.161,-0.103,9.343,6.616
1424830142329,37.50001,139.936476,9,0.158,-0.019,9.186,6.64
1424830142425,37.500004,139.936471,9,0.2,-0.064,9.401,6.664
1424830142526,37.499999,139.936468,9,0.238,-0.114,9.605,6.67
1424830142626,37.499995,139.936465,9,0.067,-0.046,9.5,6.67
1424830142727,37.49999,139.936462,9,-0.039,-0.021,9.408,6.67
1424830142828,37.499985,139.936459,9,-0.162,-0.092,9.353,6.67
1424830142929,37.49998,139.936456,9,-0.103,-0.195,9.458,6.67
1424830143029,37.499975,139.936453,9,-0.059,-0.165,9.585,6.67
1424830143125,37.499971,139.93645,9,0.061,-0.076,9.532,6.67
1424830143226,37.499966,139.936448,9,0.169,-0.107,9.499,6.67
1424830143326,37.499961,139.936445,9,-0.016,-0.12,9.316,6.67
1424830143427,37.499956,139.936442,9,-0.142,-0.123,9.414,6.67
1424830143528,37.499951,139.936439,8,-0.119,-0.112,9.51,6.651
1424830143628,37.499946,139.936437,8,-0.036,-0.134,9.605,6.627
1424830143729,37.499941,139.936434,8,-0.019,-0.148,9.465,6.602
1424830143825,37.499936,139.936432,8,0.083,-0.122,9.432,6.579
1424830143926,37.499931,139.936429,8,0.087,-0.182,9.368,6.555
1424830144026,37.499926,139.936427,8,0.03,-0.198,9.469,6.531
1424830144127,37.499921,139.936425,8,-0.055,-0.276,9.762,6.507
1424830144228,37.499916,139.936422,8,-0.058,-0.245,9.503,6.483
1424830144328,37.499911,139.93642,8,-0.134,-0.183,9.119,6.459
1424830144429,37.499906,139.936417,8,-0.056,-0.339,9.422,6.435
1424830144525,37.499902,139.936416,8,0.051,-0.491,9.776,6.392
1424830144626,37.499897,139.936414,8,0.083,-0.394,9.572,6.341
1424830144726,37.499893,139.936412,8,0.075,-0.301,9.387,6.291
1424830144827,37.499889,139.93641,8,0.024,-0.342,9.426,6.241
1424830144928,37.499885,139.936408,8,-0.035,-0.431,9.364,6.191
1424830145028,37.49988,139.936406,8,-0.145,-0.42,9.513,6.142
1424830145129,37.499876,139.936404,8,-0.152,-0.365,9.649,6.093
1424830145225,37.499872,139.936402,8,-0.016,-0.313,9.575,6.047
1424830145325,37.499868,139.9364,8,-0.018,-0.215,9.102,5.999
1424830145426,37.499864,139.936398,8,-0.007,-0.377,9.273,5.951
1424830145527,37.499859,139.936395,8,-0.072,-0.554,9.847,5.921
1424830145628,37.499854,139.936391,8,-0.057,-0.45,9.556,5.897
1424830145728,37.499849,139.936388,8,-0.048,-0.337,9.3,5.872
1424830145829,37.499844,139.936384,8,-0.085,-0.354,9.523,5.848
1424830145925,37.499839,139.93638,8,-0.102,-0.423,9.578,5.825
1424830146025,37.499834,139.936377,8,-0.037,-0.46,9.411,5.801
1424830146126,37.499829,139.936373,8,-0.045,-0.401,9.363,5.777
1424830146227,37.499824,139.936369,8,-0.001,-0.331,9.622,5.753
1424830146327,37.499819,139.936365,8,-0.006,-0.444,9.621,5.729
1424830146428,37.499814,139.936362,8,0.181,-0.398,9.069,5.705
1424830146529,37.49981,139.936361,7,0.09,-0.606,9.566,5.64
1424830146625,37.499807,139.93636,7,0.031,-0.69,9.713,5.567
1424830146725,37.499803,139.936359,7,0.003,-0.647,9.481,5.492
1424830146826,37.499799,139.936359,7,0.003,-0.669,9.448,5.418
1424830146927,37.499796,139.936358,7,0.04,-0.755,9.571,5.344
1424830147027,37.499792,139.936357,7,0.101,-0.745,9.501,5.273
1424830147128,37.499789,139.936357,7,0.106,-0.742,9.383,5.201
1424830147229,37.499785,139.936356,7,0.039,-0.766,9.436,5.131
1424830147329,37.499782,139.936356,7,-0.046,-0.658,9.584,5.062
1424830147425,37.499779,139.936355,7,-0.054,-0.602,9.55,4.997
1424830147526,37.499775,139.936353,7,-0.034,-0.639,9.445,4.943
1424830147627,37.499772,139.936352,7,-0.076,-0.751,9.585,4.893
1424830147727,37.499769,139.93635,7,-0.046,-0.716,9.584,4.845
1424830147828,37.499765,139.936348,7,-0.003,-0.629,9.467,4.797
1424830147929,37.499762,139.936346,7,-0.046,-0.617,9.486,4.749
1424830148029,37.499758,139.936344,7,-0.055,-0.596,9.525,4.702
1424830148125,37.499755,139.936342,7,-0.065,-0.555,9.428,4.658
1424830148226,37.499752,139.93634,7,0.001,-0.625,9.582,4.611
1424830148326,37.499749,139.936338,7,-0.005,-0.585,9.514,4.566
1424830148427,37.499746,139.936336,7,-0.044,-0.516,9.319,4.52
1424830148528,37.499742,139.936335,6,-0.067,-0.504,9.497,4.451
1424830148629,37.499739,139.936333,6,-0.065,-0.481,9.585,4.376
1424830148729,37.499735,139.936332,6,-0.033,-0.554,9.593,4.303
1424830148830,37.499732,139.93633,6,-0.025,-0.574,9.465,4.23
1424830148926,37.499729,139.936329,6,0.003,-0.573,9.514,4.162
1424830149025,37.499725,139.936328,6,0.002,-0.506,9.297,4.093
1424830149127,37.499722,139.936326,6,0.002,-0.563,9.354,4.023
1424830149226,37.499719,139.936325,6,-0.046,-0.7,9.732,3.957
1424830149329,37.499716,139.936324,6,-0.016,-0.697,9.593,3.888
1424830149428,37.499713,139.936322,6,0.029,-0.68,9.292,3.824
1424830149525,37.499709,139.936322,6,0.034,-0.765,9.347,3.754
1424830149626,37.499704,139.936321,6,0.021,-0.861,9.617,3.681
1424830149726,37.4997,139.936321,6,-0.031,-0.801,9.564,3.609
1424830149827,37.499696,139.936321,6,-0.029,-0.79,9.368,3.538
1424830149928,37.499692,139.93632,6,0.051,-0.838,9.505,3.468
1424830150028,37.499688,139.93632,6,0.041,-0.877,9.565,3.401
1424830150129,37.499684,139.93632,6,-0.004,-0.834,9.506,3.334
1424830150225,37.49968,139.93632,6,-0.022,-0.776,9.472,3.271
1424830150326,37.499677,139.936319,6,-0.027,-0.729,9.465,3.207
1424830150426,37.499673,139.936319,6,0.006,-0.674,9.501,3.145
1424830150527,37.49967,139.936318,6,0.026,-0.491,9.383,3.076
1424830150628,37.499667,139.936318,6,0.039,-0.443,9.486,3.008
1424830150728,37.499665,139.936317,6,-0.01,-0.487,9.56,2.941
1424830150829,37.499662,139.936316,6,-0.039,-0.504,9.561,2.875
1424830150925,37.49966,139.936315,6,-0.107,-0.425,9.482,2.813
1424830151026,37.499658,139.936315,6,-0.133,-0.399,9.472,2.75
1424830151126,37.499655,139.936314,6,-0.049,-0.411,9.562,2.689
1424830151227,37.499653,139.936313,6,0.052,-0.405,9.536,2.628
1424830151328,37.499651,139.936313,6,0.013,-0.404,9.514,2.569
1424830151428,37.499648,139.936312,6,0.008,-0.334,9.454,2.512
1424830151529,37.499647,139.936312,5,0.045,-0.299,9.444,2.484
1424830151625,37.499646,139.936313,5,-0.01,-0.326,9.522,2.464
1424830151725,37.499645,139.936314,5,-0.077,-0.361,9.568,2.443
1424830151826,37.499644,139.936314,5,-0.124,-0.283,9.444,2.423
1424830151927,37.499643,139.936315,5,-0.11,-0.159,9.231,2.403
1424830152028,37.499642,139.936316,5,-0.052,-0.263,9.478,2.382
1424830152128,37.49964,139.936316,5,-0.012,-0.401,9.748,2.363
1424830152229,37.499639,139.936317,5,-0.012,-0.357,9.556,2.343
1424830152325,37.499638,139.936317,5,-0.036,-0.284,9.344,2.324
1424830152425,37.499637,139.936318,5,-0.018,-0.3,9.44,2.305
1424830152526,37.499636,139.936318,5,-0.018,-0.363,9.551,2.271
1424830152627,37.499635,139.936318,5,-0.05,-0.342,9.483,2.234
1424830152727,37.499633,139.936318,5,-0.08,-0.311,9.446,2.197
1424830152828,37.499632,139.936318,5,-0.047,-0.262,9.513,2.161
1424830152929,37.499631,139.936318,5,0.004,-0.301,9.488,2.125
1424830153025,37.49963,139.936317,5,-0.019,-0.315,9.47,2.092
1424830153125,37.499629,139.936317,5,-0.052,-0.322,9.498,2.057
1424830153226,37.499628,139.936317,5,-0.053,-0.367,9.508,2.023
1424830153327,37.499626,139.936317,5,-0.069,-0.404,9.505,1.99
1424830153427,37.499625,139.936317,5,-0.083,-0.374,9.484,1.957
1424830153528,37.499625,139.936317,4,-0.089,-0.327,9.506,1.938
1424830153629,37.499624,139.936316,4,-0.071,-0.3,9.516,1.922
1424830153729,37.499623,139.936315,4,-0.042,-0.265,9.476,1.907
1424830153825,37.499623,139.936315,4,0.003,-0.22,9.483,1.892
1424830153926,37.499622,139.936314,4,0.034,-0.26,9.486,1.877
1424830154027,37.499621,139.936313,4,-0.036,-0.26,9.501,1.862
1424830154127,37.499621,139.936313,4,-0.123,-0.226,9.47,1.847
1424830154228,37.49962,139.936312,4,-0.15,-0.208,9.447,1.832
1424830154329,37.49962,139.936312,4,-0.138,-0.226,9.49,1.818
1424830154429,37.499619,139.936311,4,-0.13,-0.24,9.537,1.803
1424830154525,37.499618,139.936311,4,-0.093,-0.283,9.513,1.783
1424830154626,37.499617,139.936311,4,-0.037,-0.292,9.483,1.759
1424830154726,37.499616,139.936311,4,-0.008,-0.277,9.481,1.736
1424830154827,37.499615,139.936311,4,-0.017,-0.287,9.471,1.714
1424830154928,37.499614,139.936311,4,-0.067,-0.289,9.484,1.691
1424830155029,37.499613,139.936311,4,-0.109,-0.275,9.508,1.669
1424830155129,37.499612,139.936311,4,-0.081,-0.315,9.486,1.647
1424830155225,37.499611,139.936311,4,-0.058,-0.333,9.479,1.627
1424830155326,37.49961,139.936311,4,-0.057,-0.292,9.47,1.606
1424830155426,37.499609,139.936311,4,-0.047,-0.262,9.489,1.585
1424830155527,37.499609,139.936311,4,-0.042,-0.23,9.479,1.575
1424830155628,37.499609,139.936311,4,-0.063,-0.157,9.47,1.569
1424830155728,37.499608,139.936311,4,-0.064,-0.102,9.481,1.563
1424830155829,37.499608,139.936311,4,-0.049,-0.09,9.504,1.557
1424830155925,37.499608,139.936311,4,-0.013,-0.105,9.48,1.551
1424830156026,37.499608,139.936312,4,-0.02,-0.163,9.456,1.545
1424830156126,37.499608,139.936312,4,-0.084,-0.222,9.505,1.539
1424830156227,37.499607,139.936312,4,-0.113,-0.274,9.49,1.533
1424830156328,37.499607,139.936312,4,-0.076,-0.322,9.469,1.527
1424830156428,37.499607,139.936312,4,-0.037,-0.355,9.484,1.521
1424830156529,37.499607,139.936312,4,-0.019,-0.416,9.468,1.518
1424830156625,37.499607,139.936312,4,-0.036,-0.491,9.466,1.516
1424830156726,37.499607,139.936312,4,-0.034,-0.488,9.508,1.514
1424830156826,37.499607,139.936312,4,-0.023,-0.296,9.557,1.512
1424830156927,37.499607,139.936312,4,-0.037,0.022,9.535,1.51
1424830157028,37.499608,139.936311,4,-0.065,0.243,9.455,1.508
1424830157128,37.499608,139.936311,4,-0.051,0.234,9.418,1.506
1424830157229,37.499608,139.936311,4,-0.033,0.111,9.459,1.504
1424830157325,37.499608,139.936311,4,-0.046,0.024,9.508,1.502
1424830157425,37.499608,139.936311,4,-0.065,0.009,9.502,1.5
1424830157526,37.499608,139.936311,4,-0.052,0.071,9.476,1.5
1424830157627,37.499608,139.936311,4,-0.04,0.106,9.452,1.5
1424830157728,37.499609,139.936311,4,-0.047,0.08,9.472,1.5
1424830157828,37.499609,139.936311,4,-0.052,0.058,9.479,1.5
1424830157929,37.499609,139.936311,4,-0.051,0.064,9.491,1.5
1424830158025,37.499609,139.936311,4,-0.039,0.081,9.48,1.5
1424830158125,37.499609,139.936311,4,-0.051,0.087,9.491,1.5
1424830158226,37.49961,139.936311,4,-0.053,0.074,9.488,1.5
1424830158327,37.49961,139.936311,4,-0.048,0.067,9.489,1.5
1424830158428,37.49961,139.936311,4,-0.048,0.076,9.486,1.5
1424830158528,37.49961,139.936311,4,-0.059,0.084,9.483,1.5
1424830158629,37.49961,139.936311,4,-0.052,0.075,9.503,1.5
1424830158725,37.49961,139.936311,4,-0.047,0.074,9.488,1.5
1424830158825,37.49961,139.936311,4,-0.051,0.077,9.469,1.5
1424830158926,37.49961,139.936311,4,-0.053,0.074,9.47,1.5
1424830159027,37.499611,139.936311,4,-0.046,0.067,9.472,1.5
1424830159127,37.499611,139.936311,4,-0.045,0.076,9.48,1.5
1424830159228,37.499611,139.936311,4,-0.058,0.085,9.487,1.5
1424830159329,37.499611,139.936311,4,-0.047,0.08,9.489,1.5
1424830159425,37.499611,139.936311,4,-0.045,0.072,9.486,1.5
1424830159525,37.499611,139.936311,5,-0.047,0.066,9.473,1.5
1424830159626,37.499611,139.936311,5,-0.052,0.072,9.48,1.5
1424830159727,37.499611,139.936311,5,-0.04,0.071,9.483,1.5
1424830159827,37.499611,139.936311,5,-0.037,0.067,9.475,1.5
1424830159928,37.499611,139.936311,5,-0.05,0.072,9.487,1.5
1424830160029,37.49961,139.936312,5,-0.053,0.07,9.494,1.5
1424830160129,37.49961,139.936312,5,-0.048,0.073,9.491,1.5
1424830160225,37.49961,139.936312,5,-0.047,0.074,9.489,1.5
1424830160326,37.49961,139.936312,5,-0.052,0.077,9.48,1.5
1424830160427,37.49961,139.936312,5,-0.04,0.08,9.471,1.5
1424830160527,37.49961,139.936312,5,-0.037,0.074,9.464,1.5
1424830160628,37.49961,139.936312,5,-0.041,0.071,9.462,1.5
1424830160729,37.49961,139.936312,5,-0.05,0.079,9.477,1.5
1424830160829,37.49961,139.936312,5,-0.05,0.082,9.471,1.5
1424830160925,37.49961,139.936312,5,-0.056,0.079,9.485,1.5
1424830161026,37.49961,139.936312,5,-0.057,0.081,9.502,1.5
1424830161127,37.49961,139.936312,5,-0.047,0.073,9.493,1.5
1424830161227,37.49961,139.936312,5,-0.041,0.08,9.499,1.5
1424830161328,37.49961,139.936312,5,-0.041,0.074,9.487,1.5
1424830161429,37.49961,139.936312,5,-0.048,0.075,9.479,1.5
1424830161529,37.49961,139.936312,3,-0.06,0.075,9.491,1.5
1424830161625,37.49961,139.936312,3,-0.061,0.075,9.483,1.5
1424830161726,37.49961,139.936312,3,-0.047,0.073,9.472,1.5
1424830161826,37.49961,139.936312,3,-0.045,0.074,9.465,1.5
1424830161927,37.49961,139.936312,3,-0.044,0.074,9.47,1.5
1424830162028,37.49961,139.936312,3,-0.046,0.07,9.472,1.5
1424830162129,37.49961,139.936312,3,-0.045,0.07,9.469,1.5
1424830162229,37.49961,139.936312,3,-0.047,0.068,9.481,1.5
1424830162325,37.49961,139.936312,3,-0.045,0.075,9.489,1.5
1424830162426,37.49961,139.936312,3,-0.049,0.08,9.498,1.5
1424830162526,37.49961,139.936312,4,-0.054,0.08,9.494,1.5
1424830162627,37.49961,139.936312,4,-0.051,0.074,9.493,1.5
1424830162728,37.49961,139.936312,4,-0.053,0.078,9.487,1.5
1424830162828,37.49961,139.936312,4,-0.057,0.081,9.479,1.5
1424830162929,37.49961,139.936312,4,-0.054,0.081,9.479,1.5
1424830163025,37.499611,139.936312,4,-0.054,0.079,9.475,1.5
1424830163131,37.499611,139.936312,4,-0.046,0.08,9.472,1.5
1424830163226,37.499611,139.936312,4,-0.048,0.081,9.488,1.5
1424830163325,37.499611,139.936312,4,-0.051,0.077,9.488,1.5
1424830163428,37.499611,139.936312,4,-0.053,0.079,9.491,1.5
1424830163527,37.499611,139.936312,5,-0.052,0.084,9.501,1.5
1424830163629,37.499611,139.936312,5,-0.045,0.079,9.494,1.5
1424830163725,37.499611,139.936312,5,-0.046,0.077,9.495,1.5
1424830163825,37.499611,139.936312,5,-0.049,0.074,9.483,1.5
1424830163926,37.499611,139.936312,5,-0.044,0.076,9.478,1.5
1424830164027,37.49961,139.936312,5,-0.048,0.076,9.482,1.5
1424830164128,37.49961,139.936312,5,-0.052,0.071,9.479,1.5
1424830164228,37.49961,139.936312,5,-0.049,0.079,9.492,1.5
1424830164329,37.49961,139.936312,5,-0.042,0.077,9.476,1.5
1424830164425,37.49961,139.936312,5,-0.043,0.074,9.48,1.5
1424830164525,37.49961,139.936312,5,-0.048,0.073,9.497,1.5
1424830164626,37.49961,139.936312,5,-0.056,0.086,9.497,1.5
1424830164727,37.49961,139.936312,5,-0.053,0.082,9.483,1.5
1424830164827,37.49961,139.936312,5,-0.052,0.075,9.488,1.5
1424830164928,37.49961,139.936312,5,-0.044,0.074,9.475,1.5
1424830165029,37.499609,139.936312,5,-0.046,0.083,9.477,1.5
1424830165125,37.499609,139.936312,5,-0.055,0.082,9.48,1.5
1424830165225,37.499609,139.936312,5,-0.06,0.073,9.482,1.5
1424830165326,37.499609,139.936312,5,-0.055,0.075,9.485,1.5
1424830165427,37.499609,139.936312,5,-0.046,0.073,9.479,1.5
1424830165527,37.499609,139.936312,5,-0.05,0.075,9.485,1.5
1424830165628,37.499609,139.936312,5,-0.051,0.07,9.488,1.5
1424830165729,37.499608,139.936312,5,-0.051,0.08,9.486,1.5
1424830165825,37.499608,139.936312,5,-0.045,0.081,9.49,1.5
1424830165925,37.499608,139.936312,5,-0.043,0.072,9.492,1.5
1424830166026,37.499608,139.936312,5,-0.057,0.078,9.494,1.5
1424830166127,37.499608,139.936312,5,-0.065,0.086,9.493,1.5
1424830166227,37.499607,139.936312,5,-0.058,0.084,9.493,1.5
1424830166328,37.499607,139.936312,5,-0.052,0.078,9.497,1.5
1424830166429,37.499607,139.936312,5,-0.054,0.077,9.493,1.5
1424830166525,37.499607,139.936312,5,-0.053,0.076,9.485,1.5
1424830166626,37.499607,139.936312,5,-0.051,0.079,9.508,1.5
1424830166726,37.499607,139.936312,5,-0.042,0.073,9.482,1.5
1424830166826,37.499607,139.936312,5,-0.05,0.08,9.471,1.5
1424830166927,37.499607,139.936312,5,-0.053,0.08,9.497,1.5
1424830167028,37.499607,139.936312,5,-0.048,0.069,9.487,1.5
1424830167129,37.499607,139.936312,5,-0.046,0.078,9.487,1.5
1424830167229,37.499607,139.936312,5,-0.035,0.082,9.492,1.5
1424830167325,37.499607,139.936312,5,-0.045,0.081,9.484,1.5
1424830167426,37.499607,139.936312,5,-0.053,0.071,9.475,1.5
1424830167526,37.499607,139.936312,3,-0.075,0.069,9.488,1.5
1424830167627,37.499607,139.936312,3,-0.069,0.067,9.489,1.5
1424830167728,37.499607,139.936312,3,-0.056,0.071,9.49,1.5
1424830167829,37.499607,139.936312,3,-0.046,0.085,9.486,1.5
1424830167929,37.499607,139.936312,3,-0.041,0.133,9.508,1.5
1424830168025,37.499607,139.936312,3,-0.044,0.31,9.517,1.5
1424830168126,37.499607,139.936312,3,-0.051,0.583,9.477,1.5
1424830168226,37.499607,139.936312,3,-0.065,0.85,9.45,1.5
1424830175226,37.499466,139.936244,4,-0.062,0.86,9.452,3.58
1424830175326,37.499463,139.936243,4,0.535,0.492,9.624,3.58
1424830175427,37.49946,139.936241,4,1.088,0.138,9.574,3.58
1424830175528,37.499457,139.93624,5,0.895,0.11,9.468,3.58
1424830175628,37.499454,139.936238,5,0.879,0.169,9.365,3.58
1424830175729,37.499451,139.936237,5,0.996,0.081,9.665,3.58
1424830175825,37.499448,139.936235,5,0.999,0.072,9.61,3.58
1424830175926,37.499445,139.936233,5,0.992,0.103,9.414,3.58
1424830176026,37.499442,139.936232,5,0.896,0.176,9.162,3.58
1424830176127,37.499439,139.93623,5,0.915,-0.055,9.534,3.58
1424830176228,37.499436,139.936229,5,1.182,-0.163,9.934,3.58
1424830176328,37.499434,139.936227,5,1.364,0.098,9.508,3.58
1424830176429,37.499431,139.936225,5,1.386,0.198,9.16,3.58
1424830176525,37.499428,139.936223,6,1.2,0.006,9.372,3.58
1424830176625,37.499425,139.936221,6,0.967,-0.054,9.645,3.58
1424830176726,37.499423,139.936218,6,0.832,-0.037,9.601,3.58
1424830176827,37.49942,139.936216,6,0.775,0.118,9.299,3.58
1424830176928,37.499418,139.936214,6,0.733,0.157,9.472,3.58
1424830177028,37.499415,139.936211,6,0.77,0.097,9.577,3.58
1424830177129,37.499412,139.936209,6,0.766,0.174,9.326,3.58
1424830177230,37.49941,139.936206,6,0.707,0.23,9.461,3.58
1424830177325,37.499407,139.936204,6,0.854,0.242,9.424,3.58
1424830177431,37.499404,139.936201,6,1.037,0.233,9.304,3.58
1424830177527,37.499403,139.936198,7,1.032,0.072,9.659,3.597
1424830177626,37.499401,139.936194,7,0.97,0.029,9.64,3.619
1424830177728,37.4994,139.93619,7,1.04,0.097,9.482,3.643
1424830177827,37.499398,139.936186,7,1.033,0.151,9.406,3.665
1424830177925,37.499397,139.936182,7,0.944,0.055,9.529,3.687
1424830178025,37.499395,139.936178,7,0.949,0.021,9.526,3.711
1424830178126,37.499394,139.936174,7,0.97,0.048,9.495,3.734
1424830178227,37.499392,139.936169,7,1.104,0.026,9.416,3.757
1424830178327,37.499391,139.936165,7,1.259,0.033,9.41,3.781
1424830178428,37.499389,139.936161,7,1.363,0.09,9.438,3.805
1424830178529,37.499389,139.936156,7,1.463,-0.003,9.496,3.81
1424830178625,37.499389,139.936151,7,1.39,-0.127,9.444,3.81
1424830178725,37.49939,139.936145,7,1.261,-0.242,9.344,3.81
1424830178826,37.49939,139.93614,7,1.017,-0.204,9.369,3.81
1424830178927,37.49939,139.936135,7,0.719,-0.199,9.557,3.81
1424830179027,37.49939,139.936129,7,0.601,-0.162,9.52,3.81
1424830179128,37.49939,139.936124,7,0.556,-0.13,9.432,3.81
1424830179229,37.499391,139.936119,7,0.505,-0.127,9.514,3.81
1424830179329,37.499391,139.936113,7,0.509,-0.128,9.559,3.81
1424830179425,37.499391,139.936108,7,0.488,-0.115,9.431,3.81
1424830179526,37.499392,139.936103,7,0.503,-0.125,9.356,3.827
1424830179627,37.499393,139.936097,7,0.47,-0.103,9.403,3.85
1424830179727,37.499394,139.936092,7,0.412,-0.082,9.546,3.872
1424830179828,37.499395,139.936086,7,0.301,-0.098,9.455,3.895
1424830179929,37.499397,139.936081,7,0.235,-0.093,9.416,3.918
1424830180029,37.499398,139.936075,7,0.16,-0.077,9.5,3.942
1424830180125,37.499399,139.93607,7,0.143,-0.099,9.509,3.964
1424830180226,37.4994,139.936064,7,0.102,-0.085,9.437,3.987
1424830180327,37.499401,139.936058,7,0.066,-0.062,9.318,4.011
1424830180427,37.499403,139.936052,7,0.062,-0.039,9.416,4.035
1424830180528,37.499404,139.936046,7,0.036,-0.095,9.669,4.106
1424830180629,37.499406,139.93604,7,0.014,-0.13,9.694,4.194
1424830180729,37.499408,139.936034,7,-0.027,-0.084,9.416,4.283
1424830180825,37.49941,139.936028,7,0.011,-0.09,9.488,4.37
1424830180926,37.499412,139.936021,7,0.06,-0.113,9.563,4.463
1424830181026,37.499414,139.936015,7,0.099,-0.121,9.428,4.558
1424830181127,37.499416,139.936008,7,0.107,-0.121,9.43,4.655
1424830181228,37.499418,139.936001,7,0.076,-0.105,9.502,4.754
1424830181328,37.49942,139.935994,7,0.007,-0.035,9.489,4.855
1424830181439,37.499423,139.935986,7,-0.04,-0.057,9.462,4.969
1424830181525,37.499425,139.93598,7,-0.037,-0.066,9.404,4.998
1424830181626,37.499427,139.935974,7,-0.035,-0.122,9.499,5.021
1424830181726,37.499429,139.935967,7,-0.044,-0.085,9.487,5.045
1424830181827,37.499431,139.935961,7,-0.036,-0.094,9.504,5.069
1424830181928,37.499433,139.935954,7,0.002,-0.126,9.61,5.093
1424830182028,37.499435,139.935948,7,0.056,-0.12,9.507,5.117
1424830182129,37.499437,139.935941,7,0.112,-0.138,9.414,5.142
1424830182225,37.499439,139.935935,7,0.055,-0.159,9.516,5.165
1424830182326,37.499441,139.935928,7,0.093,-0.112,9.497,5.19
1424830182426,37.499443,139.935922,7,0.077,-0.091,9.444,5.214
1424830182527,37.499448,139.935913,14,-0.06,-0.073,9.458,5.238
1424830182628,37.499453,139.935903,14,-0.178,-0.074,9.524,5.262
1424830182728,37.499458,139.935894,14,-0.127,-0.081,9.503,5.286
1424830182829,37.499463,139.935884,14,-0.035,-0.089,9.48,5.31
1424830182925,37.499468,139.935875,14,0.034,-0.076,9.492,5.333
1424830183025,37.499474,139.935866,14,0.027,-0.08,9.474,5.357
1424830183126,37.499479,139.935856,14,0.027,-0.13,9.475,5.381
1424830183227,37.499484,139.935847,14,-0.017,-0.131,9.513,5.406
1424830183328,37.49949,139.935837,14,-0.012,-0.12,9.543,5.43
1424830183428,37.499495,139.935827,14,0.033,-0.124,9.501,5.455
1424830183529,37.499497,139.93582,14,0.07,-0.109,9.496,5.46
1424830183625,37.499498,139.935814,14,0.041,-0.124,9.468,5.46
1424830183725,37.4995,139.935808,14,0.011,-0.101,9.484,5.46
1424830183826,37.499501,139.935801,14,-0.002,-0.084,9.547,5.46
1424830183927,37.499503,139.935795,14,-0.037,-0.086,9.42,5.46
1424830184027,37.499504,139.935789,14,-0.108,-0.068,9.437,5.46
1424830184128,37.499505,139.935782,14,-0.085,-0.057,9.426,5.46
1424830184229,37.499507,139.935776,14,0.044,-0.112,9.535,5.46
1424830184325,37.499508,139.93577,14,0.056,-0.134,9.515,5.46
1424830184425,37.49951,139.935764,14,-0.039,-0.09,9.406,5.46
1424830184526,37.499511,139.935758,7,-0.041,-0.163,9.676,5.46
1424830184627,37.499512,139.935752,7,0.017,-0.178,9.627,5.46
1424830184727,37.499512,139.935746,7,0.02,-0.095,9.358,5.46
1424830184828,37.499513,139.93574,7,0.024,-0.1,9.348,5.46
1424830184929,37.499514,139.935734,7,0.045,-0.13,9.522,5.46
1424830185030,37.499515,139.935728,7,0.026,-0.148,9.635,5.46
1424830185125,37.499516,139.935723,7,0.015,-0.139,9.424,5.46
1424830185226,37.499517,139.935717,7,0.022,-0.111,9.478,5.46
1424830185327,37.499518,139.935711,7,0.068,-0.184,9.554,5.46
1424830185427,37.499519,139.935705,7,0.102,-0.245,9.453,5.46
1424830185528,37.49952,139.9357,7,0.059,-0.215,9.364,5.46
1424830185629,37.499522,139.935694,7,0.036,-0.244,9.524,5.46
1424830185729,37.499523,139.935688,7,0.035,-0.25,9.59,5.46
1424830185825,37.499525,139.935683,7,0.008,-0.284,9.481,5.46
1424830185926,37.499527,139.935677,7,0.07,-0.314,9.491,5.46
1424830186026,37.499528,139.935672,7,0.111,-0.303,9.465,5.46
1424830186127,37.49953,139.935666,7,0.122,-0.34,9.465,5.46
1424830186228,37.499531,139.93566,7,0.073,-0.361,9.39,5.46
1424830186329,37.499533,139.935655,7,0.075,-0.364,9.472,5.46
1424830186429,37.499535,139.935649,7,0.094,-0.384,9.528,5.46
1424830186525,37.499536,139.935644,7,0.096,-0.422,9.423,5.442
1424830186626,37.499536,139.935638,7,0.1,-0.449,9.47,5.417
1424830186726,37.499537,139.935633,7,0.099,-0.496,9.505,5.393
1424830186827,37.499538,139.935627,7,0.107,-0.488,9.433,5.368
1424830186928,37.499538,139.935622,7,0.095,-0.506,9.488,5.344
1424830187029,37.499539,139.935616,7,0.056,-0.535,9.574,5.32
1424830187129,37.49954,139.935611,7,0.06,-0.518,9.506,5.296
1424830187225,37.49954,139.935606,7,0.054,-0.519,9.432,5.273
1424830187326,37.499541,139.935601,7,0.04,-0.509,9.455,5.249
1424830187426,37.499542,139.935595,7,0.092,-0.558,9.609,5.226
1424830187527,37.499544,139.93559,8,0.108,-0.599,9.542,5.201
1424830187628,37.499547,139.935586,8,0.094,-0.588,9.435,5.176
1424830187728,37.499549,139.935581,8,0.079,-0.591,9.482,5.152
1424830187829,37.499552,139.935576,8,0.074,-0.612,9.598,5.128
1424830187925,37.499554,139.935572,8,0.087,-0.649,9.583,5.105
1424830188026,37.499557,139.935567,8,0.087,-0.7,9.547,5.08
1424830188126,37.499559,139.935563,8,0.068,-0.698,9.418,5.057
1424830188227,37.499562,139.935558,8,0.1,-0.68,9.486,5.033
1424830188328,37.499564,139.935553,8,0.105,-0.725,9.462,5.009
1424830188428,37.499566,139.935549,8,0.11,-0.807,9.548,4.985
1424830188529,37.49957,139.935545,8,0.152,-0.903,9.619,4.92
1424830188625,37.499573,139.935541,8,0.028,-0.771,9.308,4.848
1424830188725,37.499576,139.935537,8,0.013,-0.838,9.487,4.774
1424830188826,37.499579,139.935533,8,0.012,-0.911,9.662,4.7
1424830188927,37.499582,139.935529,8,-0.007,-0.862,9.482,4.628
1424830189028,37.499585,139.935525,8,0.026,-0.892,9.449,4.556
1424830189128,37.499588,139.935522,8,0.104,-0.919,9.535,4.487
1424830189229,37.499591,139.935518,8,0.101,-0.914,9.49,4.418
1424830189325,37.499594,139.935514,8,0.044,-0.843,9.375,4.353
1424830189425,37.499596,139.935511,8,0.01,-0.828,9.479,4.286
1424830189526,37.499598,139.935507,8,0.031,-0.859,9.551,4.213
1424830189627,37.4996,139.935504,8,0.025,-0.934,9.555,4.139
1424830189728,37.499602,139.9355,8,-0.033,-0.922,9.708,4.066
1424830189829,37.499604,139.935497,8,-0.055,-0.752,9.426,3.994
1424830189929,37.499606,139.935493,8,-0.049,-0.718,9.208,3.924
1424830190025,37.499608,139.93549,8,-0.026,-0.793,9.518,3.858
1424830190125,37.499609,139.935487,8,-0.009,-0.833,9.733,3.791
1424830190226,37.499611,139.935484,8,0.045,-0.775,9.487,3.724
1424830190327,37.499613,139.935481,8,0.085,-0.74,9.362,3.658
1424830190427,37.499615,139.935478,8,0.098,-0.778,9.467,3.595
1424830190528,37.499616,139.935475,7,0.05,-0.796,9.561,3.543
1424830190629,37.499617,139.935472,7,-0.026,-0.745,9.474,3.495
1424830190725,37.499618,139.935469,7,-0.034,-0.713,9.458,3.45
1424830190825,37.499619,139.935466,7,-0.034,-0.736,9.474,3.404
1424830190926,37.499619,139.935464,7,0.009,-0.753,9.57,3.358
1424830191027,37.49962,139.935461,7,-0.053,-0.745,9.589,3.313
1424830191127,37.499621,139.935458,7,-0.083,-0.727,9.342,3.269
1424830191228,37.499622,139.935456,7,-0.038,-0.713,9.309,3.225
1424830191329,37.499623,139.935453,7,-0.003,-0.754,9.587,3.181
1424830191425,37.499624,139.935451,7,0.019,-0.703,9.59,3.141
1424830191530,37.499624,139.935448,7,0.039,-0.67,9.42,3.074
1424830191626,37.499625,139.935446,7,0.057,-0.705,9.483,3.009
1424830191725,37.499625,139.935444,7,0.088,-0.726,9.534,2.943
1424830191827,37.499625,139.935442,7,0.06,-0.707,9.477,2.876
1424830191926,37.499626,139.93544,7,0.036,-0.716,9.466,2.813
1424830192029,37.499626,139.935438,7,0.03,-0.715,9.529,2.748
1424830192128,37.499626,139.935437,7,0.009,-0.709,9.507,2.687
1424830192225,37.499626,139.935435,7,-0.014,-0.716,9.507,2.629
1424830192326,37.499627,139.935433,7,-0.01,-0.729,9.541,2.57
1424830192427,37.499627,139.935431,7,-0.021,-0.734,9.499,2.513
1424830192527,37.499627,139.93543,6,-0.024,-0.735,9.496,2.453
1424830192628,37.499628,139.935428,6,-0.002,-0.711,9.493,2.392
1424830192729,37.499629,139.935427,6,0.033,-0.732,9.461,2.333
1424830192829,37.499629,139.935425,6,0.034,-0.765,9.505,2.276
1424830192925,37.49963,139.935424,6,0.047,-0.778,9.56,2.222
1424830193026,37.49963,139.935423,6,0.086,-0.778,9.503,2.167
1424830193126,37.499631,139.935421,6,0.092,-0.759,9.424,2.113
1424830193227,37.499631,139.93542,6,0.021,-0.746,9.445,2.061
1424830193328,37.499631,139.935419,6,-0.053,-0.748,9.505,2.01
1424830193429,37.499632,139.935417,6,-0.079,-0.739,9.524,1.96
1424830193529,37.499632,139.935416,7,-0.035,-0.725,9.501,1.927
1424830193625,37.499632,139.935416,7,0.011,-0.717,9.466,1.9
1424830193726,37.499632,139.935415,7,0.036,-0.701,9.478,1.871
1424830193826,37.499632,139.935415,7,0.036,-0.69,9.49,1.844
1424830193927,37.499632,139.935414,7,0.045,-0.689,9.487,1.816
1424830194028,37.499632,139.935413,7,0.047,-0.695,9.503,1.789
1424830194129,37.499632,139.935413,7,0.02,-0.702,9.514,1.762
1424830194229,37.499632,139.935412,7,-0.0,-0.713,9.5,1.736
1424830194325,37.499632,139.935412,7,0.007,-0.71,9.494,1.712
1424830194426,37.499632,139.935411,7,0.027,-0.714,9.509,1.686
1424830194526,37.499632,139.935411,8,0.038,-0.715,9.503,1.666
1424830194627,37.499631,139.935412,8,0.028,-0.717,9.49,1.647
1424830194728,37.499631,139.935412,8,0.03,-0.719,9.514,1.628
1424830194828,37.49963,139.935413,8,0.045,-0.726,9.496,1.61
1424830194929,37.49963,139.935413,8,0.029,-0.598,9.51,1.591
1424830195025,37.499629,139.935414,8,0.013,-0.343,9.544,1.574
1424830195125,37.499629,139.935414,8,0.013,-0.083,9.493,1.556
1424830195226,37.499628,139.935415,8,0.022,0.02,9.435,1.539
1424830195327,37.499628,139.935415,8,0.021,-0.044,9.458,1.521
1424830195428,37.499627,139.935416,8,0.02,-0.148,9.461,1.504
1424830195528,37.499627,139.935416,8,0.02,-0.19,9.481,1.5
1424830195630,37.499626,139.935417,8,0.025,-0.141,9.488,1.5
1424830195725,37.499625,139.935417,8,0.03,-0.09,9.47,1.5
1424830195825,37.499625,139.935417,8,0.023,-0.098,9.478,1.5
1424830195926,37.499624,139.935417,8,0.012,-0.131,9.498,1.5
1424830196027,37.499624,139.935418,8,0.016,-0.145,9.482,1.5
1424830196128,37.499623,139.935418,8,0.016,-0.118,9.475,1.5
1424830196228,37.499622,139.935418,8,0.019,-0.114,9.465,1.5
1424830196329,37.499622,139.935419,8,0.025,-0.129,9.467,1.5
1424830196425,37.499621,139.935419,8,0.024,-0.13,9.482,1.5
1424830196525,37.499621,139.935419,8,0.018,-0.111,9.486,1.5
1424830196626,37.49962,139.93542,8,0.014,-0.108,9.482,1.5
1424830196727,37.49962,139.93542,8,0.011,-0.123,9.484,1.5
1424830196827,37.499619,139.93542,8,0.01,-0.138,9.473,1.5
1424830196928,37.499619,139.93542,8,0.019,-0.12,9.475,1.5
1424830197029,37.499619,139.935421,8,0.031,-0.118,9.47,1.5
1424830197125,37.499618,139.935421,8,0.031,-0.117,9.482,1.5
1424830197225,37.499618,139.935421,8,0.015,-0.125,9.501,1.5
1424830197326,37.499617,139.935422,8,0.009,-0.119,9.5,1.5
1424830197427,37.499617,139.935422,8,0.015,-0.125,9.49,1.5
1424830197527,37.499617,139.935422,8,0.022,-0.129,9.484,1.5
1424830197628,37.499616,139.935422,8,0.018,-0.128,9.488,1.5
1424830197729,37.499616,139.935423,8,0.021,-0.116,9.495,1.5
1424830197830,37.499615,139.935423,8,0.028,-0.123,9.492,1.5
1424830197925,37.499615,139.935423,8,0.023,-0.124,9.486,1.5
1424830198026,37.499615,139.935423,8,0.011,-0.129,9.495,1.5
1424830198127,37.499614,139.935423,8,0.014,-0.126,9.49,1.5
1424830198227,37.499614,139.935424,8,0.018,-0.129,9.475,1.5
1424830198328,37.499613,139.935424,8,0.019,-0.119,9.482,1.5
1424830198429,37.499613,139.935424,8,0.017,-0.116,9.496,1.5
1424830198529,37.499613,139.935424,9,0.023,-0.119,9.488,1.5
1424830198625,37.499613,139.935424,9,0.018,-0.126,9.493,1.5
1424830198726,37.499613,139.935424,9,0.02,-0.133,9.472,1.5
1424830198826,37.499613,139.935424,9,0.02,-0.129,9.472,1.5
1424830198927,37.499613,139.935424,9,0.018,-0.13,9.481,1.5
1424830199028,37.499612,139.935425,9,0.012,-0.122,9.495,1.5
1424830199129,37.499612,139.935425,9,0.013,-0.119,9.496,1.5
1424830199229,37.499612,139.935425,9,0.01,-0.119,9.496,1.5
1424830199325,37.499612,139.935425,9,0.017,-0.124,9.48,1.5
1424830199426,37.499612,139.935425,9,0.016,-0.129,9.491,1.5
1424830199526,37.499611,139.935425,10,0.021,-0.131,9.473,1.5
1424830199627,37.49961,139.935425,10,0.024,-0.12,9.482,1.5
1424830199728,37.499609,139.935425,10,0.018,-0.119,9.489,1.5
1424830199829,37.499609,139.935425,10,0.013,-0.12,9.493,1.5
1424830199929,37.499608,139.935425,10,0.014,-0.127,9.488,1.5
1424830200025,37.499607,139.935424,10,0.019,-0.124,9.469,1.5
1424830200126,37.499606,139.935424,10,0.02,-0.125,9.467,1.5
1424830200226,37.499605,139.935424,10,0.018,-0.116,9.486,1.5
1424830200327,37.499604,139.935424,10,0.02,-0.116,9.474,1.5
1424830200428,37.499603,139.935424,10,0.014,-0.114,9.491,1.5
1424830200529,37.499603,139.935424,10,0.016,-0.129,9.485,1.5
1424830200629,37.499602,139.935425,10,0.018,-0.13,9.479,1.5
1424830200725,37.499601,139.935425,10,0.017,-0.132,9.474,1.5
1424830200826,37.499601,139.935425,10,0.017,-0.133,9.465,1.5
1424830200926,37.4996,139.935425,10,0.017,-0.126,9.472,1.5
1424830201027,37.4996,139.935426,10,0.021,-0.116,9.484,1.5
1424830201128,37.499599,139.935426,10,0.022,-0.123,9.481,1.5
1424830201228,37.499598,139.935426,10,0.018,-0.12,9.491,1.5
1424830201329,37.499598,139.935427,10,0.014,-0.127,9.485,1.5
1424830201425,37.499597,139.935427,10,0.023,-0.123,9.476,1.5
1424830201525,37.499597,139.935427,10,0.02,-0.121,9.466,1.5
1424830201626,37.499596,139.935427,10,0.013,-0.118,9.483,1.5
1424830201728,37.499595,139.935427,10,0.012,-0.124,9.486,1.5
1424830201828,37.499595,139.935427,10,0.014,-0.118,9.495,1.5
1424830201928,37.499594,139.935427,10,0.017,-0.126,9.48,1.5
1424830202029,37.499594,139.935428,10,0.021,-0.123,9.482,1.5
1424830202125,37.499593,139.935428,10,0.019,-0.123,9.479,1.5
1424830202225,37.499592,139.935428,10,0.02,-0.112,9.487,1.5
1424830202326,37.499592,139.935428,10,0.022,-0.115,9.485,1.5
1424830202427,37.499591,139.935428,10,0.014,-0.114,9.492,1.5
1424830202528,37.499591,139.935428,11,0.013,-0.118,9.492,1.5
1424830202628,37.49959,139.935428,11,0.015,-0.126,9.481,1.5
1424830202729,37.49959,139.935428,11,0.016,-0.133,9.462,1.5
1424830202825,37.499589,139.935428,11,0.016,-0.127,9.47,1.5
1424830202925,37.499589,139.935428,11,0.017,-0.121,9.472,1.5
1424830203026,37.499588,139.935428,11,0.016,-0.117,9.481,1.5
1424830203127,37.499588,139.935428,11,0.015,-0.114,9.489,1.5
1424830203227,37.499587,139.935428,11,0.015,-0.121,9.491,1.5
1424830203328,37.499587,139.935428,11,0.018,-0.12,9.491,1.5
1424830203429,37.499586,139.935428,11,0.024,-0.118,9.476,1.5
1424830203530,37.499586,139.935428,11,0.019,-0.118,9.465,1.5
1424830203625,37.499586,139.935428,11,0.011,-0.112,9.481,1.5
1424830203726,37.499586,139.935428,11,0.013,-0.115,9.479,1.5
1424830203827,37.499586,139.935428,11,0.016,-0.103,9.492,1.5
1424830203927,37.499586,139.935428,11,0.023,-0.083,9.491,1.5
1424830204028,37.499585,139.935428,11,0.026,-0.043,9.498,1.5
1424830204129,37.499585,139.935428,11,0.019,-0.013,9.492,1.5
1424830204229,37.499585,139.935428,11,0.019,-0.003,9.483,1.5
1424830204325,37.499585,139.935428,11,0.017,-0.014,9.486,1.5
1424830204426,37.499585,139.935428,11,0.009,-0.021,9.477,1.5
1424830204527,37.499585,139.935428,11,0.011,-0.022,9.475,1.5
1424830204627,37.499585,139.935428,11,0.024,-0.034,9.474,1.5
1424830204728,37.499585,139.935428,11,0.035,-0.049,9.489,1.5
1424830204829,37.499585,139.935428,11,0.04,-0.065,9.475,1.5
1424830204929,37.499585,139.935428,11,0.016,-0.061,9.48,1.5
1424830205025,37.499585,139.935428,11,0.015,-0.061,9.478,1.5
1424830205126,37.499585,139.935428,11,0.046,0.191,9.518,1.5
1424830205227,37.499585,139.935428,11,0.061,0.54,9.482,1.5
1424830215227,37.499724,139.93493,5,0.057,0.556,9.482,7.103
1424830215328,37.499727,139.934922,5,0.081,0.32,9.451,7.129
1424830215428,37.499729,139.934915,5,0.088,0.133,9.489,7.154
1424830215529,37.499731,139.934907,5,0.038,-0.076,9.589,7.14
1424830215625,37.499733,139.9349,5,0.021,-0.182,9.694,7.116
1424830215725,37.499735,139.934892,5,0.066,-0.108,9.256,7.09
1424830215826,37.499737,139.934884,5,0.101,-0.17,9.223,7.065
1424830215927,37.499739,139.934876,5,0.138,-0.354,9.802,7.04
1424830216027,37.49974,139.934869,5,0.132,-0.199,9.342,7.015
1424830216128,37.499742,139.934861,5,0.174,-0.218,9.542,6.99
1424830216229,37.499744,139.934854,5,0.136,-0.252,9.646,6.964
1424830216325,37.499746,139.934846,5,0.106,-0.244,9.362,6.941
1424830216425,37.499748,139.934839,5,0.092,-0.105,9.319,6.916
1424830216526,37.49975,139.934831,5,-0.016,-0.158,9.315,6.91
1424830216627,37.499753,139.934824,5,-0.019,-0.246,9.587,6.91
1424830216727,37.499756,139.934817,5,0.039,-0.258,9.73,6.91
1424830216828,37.499759,139.934809,5,-0.017,-0.31,9.625,6.91
1424830216929,37.499762,139.934802,5,-0.138,-0.455,9.664,6.91
1424830217029,37.499765,139.934795,5,-0.06,-0.384,9.448,6.91
1424830217125,37.499768,139.934788,5,-0.005,-0.286,9.409,6.91
1424830217226,37.49977,139.93478,5,-0.008,-0.279,9.488,6.91
1424830217327,37.499773,139.934773,5,0.028,-0.32,9.58,6.91
1424830217427,37.499776,139.934766,5,-0.066,-0.36,9.671,6.91
1424830217528,37.499778,139.934758,5,-0.079,-0.347,9.489,6.891
1424830217629,37.49978,139.934751,5,-0.058,-0.368,9.371,6.866
1424830217729,37.499782,139.934744,5,0.012,-0.315,9.444,6.842
1424830217825,37.499783,139.934737,5,0.053,-0.31,9.423,6.819
1424830217926,37.499785,139.934729,5,0.053,-0.323,9.511,6.795
1424830218026,37.499787,139.934722,5,0.021,-0.359,9.56,6.771
1424830218127,37.499789,139.934715,5,0.028,-0.362,9.446,6.747
1424830218228,37.49979,139.934708,5,0.038,-0.369,9.416,6.723
1424830218329,37.499792,139.934701,5,0.008,-0.388,9.371,6.699
1424830218429,37.499794,139.934693,5,0.017,-0.368,9.423,6.675
1424830218525,37.499795,139.934687,3,-0.009,-0.338,9.515,6.67
1424830218626,37.499797,139.93468,3,-0.02,-0.333,9.43,6.67
1424830218726,37.499799,139.934673,3,-0.003,-0.38,9.456,6.67
1424830218827,37.499801,139.934666,3,0.018,-0.383,9.575,6.67
1424830218928,37.499803,139.934659,3,0.046,-0.38,9.53,6.67
1424830219029,37.499804,139.934651,3,0.045,-0.336,9.458,6.67
1424830219129,37.499806,139.934644,3,0.068,-0.357,9.477,6.67
1424830219225,37.499808,139.934638,3,0.068,-0.342,9.453,6.67
1424830219326,37.49981,139.934631,3,0.048,-0.321,9.445,6.67
1424830219426,37.499812,139.934624,3,-0.008,-0.332,9.53,6.67
1424830219527,37.499813,139.934617,4,-0.017,-0.314,9.499,6.651
1424830219628,37.499815,139.93461,4,0.023,-0.329,9.458,6.627
1424830219728,37.499817,139.934603,4,0.019,-0.357,9.448,6.602
1424830219829,37.499818,139.934597,4,0.038,-0.335,9.406,6.578
1424830219930,37.49982,139.93459,4,0.077,-0.331,9.457,6.554
1424830220026,37.499821,139.934584,4,0.066,-0.354,9.587,6.531
1424830220125,37.499823,139.934577,4,0.045,-0.374,9.508,6.507
1424830220227,37.499824,139.934571,4,0.082,-0.415,9.476,6.483
1424830220326,37.499826,139.934564,4,0.107,-0.396,9.539,6.459
1424830220428,37.499828,139.934557,4,0.067,-0.393,9.52,6.435
1424830220527,37.49983,139.934551,4,0.088,-0.37,9.431,6.41
1424830220625,37.499832,139.934544,4,0.078,-0.364,9.421,6.386
1424830220725,37.499834,139.934538,4,0.103,-0.352,9.548,6.36
1424830220826,37.499836,139.934531,4,0.106,-0.34,9.577,6.335
1424830220927,37.499838,139.934524,4,0.077,-0.319,9.477,6.31
1424830221028,37.49984,139.934518,4,0.073,-0.296,9.423,6.284
1424830221128,37.499842,139.934511,4,0.059,-0.326,9.559,6.259
1424830221229,37.499844,139.934504,4,0.043,-0.375,9.518,6.234
1424830221325,37.499846,139.934498,4,0.044,-0.324,9.437,6.211
1424830221425,37.499848,139.934492,4,0.065,-0.35,9.506,6.186
1424830221526,37.49985,139.934485,4,0.041,-0.35,9.474,6.161
1424830221627,37.499852,139.934479,4,0.022,-0.401,9.462,6.137
1424830221727,37.499853,139.934472,4,0.026,-0.437,9.493,6.113
1424830221828,37.499854,139.934466,4,0.081,-0.41,9.454,6.088
1424830221929,37.499856,139.93446,4,0.122,-0.466,9.485,6.064
1424830222025,37.499857,139.934453,4,0.113,-0.495,9.551,6.041
1424830222125,37.499859,139.934447,4,0.077,-0.498,9.487,6.017
1424830222226,37.49986,139.934441,4,0.052,-0.486,9.442,5.993
1424830222327,37.499861,139.934435,4,0.083,-0.443,9.48,5.969
1424830222427,37.499863,139.934428,4,0.105,-0.487,9.602,5.945
1424830222528,37.499865,139.934423,6,0.072,-0.517,9.574,5.921
1424830222629,37.499867,139.934417,6,0.105,-0.48,9.489,5.896
1424830222725,37.499869,139.934411,6,0.133,-0.476,9.516,5.873
1424830222825,37.499871,139.934406,6,0.13,-0.499,9.508,5.849
1424830222926,37.499873,139.9344,6,0.085,-0.454,9.365,5.825
1424830223027,37.499875,139.934394,6,0.063,-0.473,9.398,5.8
1424830223127,37.499877,139.934389,6,0.082,-0.464,9.524,5.776
1424830223228,37.499879,139.934383,6,0.058,-0.457,9.508,5.752
1424830223329,37.499881,139.934378,6,0.063,-0.481,9.518,5.729
1424830223429,37.499883,139.934372,6,0.048,-0.47,9.465,5.705
1424830223525,37.499884,139.934367,6,0.046,-0.473,9.46,5.682
1424830223626,37.499886,139.934361,6,0.041,-0.484,9.48,5.657
1424830223727,37.499887,139.934355,6,0.057,-0.47,9.516,5.632
1424830223827,37.499888,139.934349,6,0.042,-0.439,9.444,5.608
1424830223928,37.49989,139.934343,6,0.038,-0.444,9.441,5.584
1424830224029,37.499891,139.934337,6,0.061,-0.469,9.536,5.56
1424830224129,37.499893,139.934331,6,0.04,-0.437,9.476,5.536
1424830224225,37.499894,139.934326,6,0.056,-0.451,9.45,5.513
1424830224326,37.499895,139.93432,6,0.101,-0.498,9.522,5.489
1424830224426,37.499897,139.934314,6,0.137,-0.488,9.488,5.466
1424830224527,37.499898,139.934308,5,0.131,-0.473,9.447,5.441
1424830224628,37.499899,139.934302,5,0.126,-0.436,9.522,5.416
1424830224729,37.4999,139.934297,5,0.108,-0.472,9.506,5.392
1424830224829,37.499902,139.934291,5,0.111,-0.473,9.466,5.368
1424830224925,37.499903,139.934285,5,0.087,-0.466,9.468,5.345
1424830225026,37.499904,139.934279,5,0.15,-0.436,9.53,5.32
1424830225126,37.499905,139.934274,5,0.186,-0.457,9.528,5.297
1424830225227,37.499906,139.934268,5,0.169,-0.49,9.597,5.273
1424830225328,37.499908,139.934262,5,0.141,-0.479,9.54,5.249
1424830225429,37.499909,139.934256,5,0.116,-0.396,9.487,5.225
1424830225529,37.499911,139.934251,5,0.129,-0.424,9.469,5.201
1424830225625,37.499913,139.934246,5,0.11,-0.444,9.455,5.177
1424830225726,37.499915,139.934241,5,0.094,-0.397,9.493,5.153
1424830225826,37.499917,139.934236,5,0.077,-0.456,9.471,5.128
1424830225927,37.499919,139.934231,5,0.101,-0.505,9.54,5.104
1424830226028,37.499921,139.934226,5,0.098,-0.541,9.614,5.08
1424830226128,37.499923,139.934221,5,0.09,-0.594,9.478,5.056
1424830226229,37.499925,139.934216,5,-0.021,-0.548,9.384,5.032
1424830226325,37.499927,139.934211,5,-0.06,-0.585,9.447,5.009
1424830226426,37.49993,139.934206,5,-0.044,-0.545,9.505,4.986
1424830226526,37.499932,139.934202,5,0.011,-0.53,9.478,4.961
1424830226627,37.499934,139.934197,5,0.064,-0.534,9.434,4.937
1424830226728,37.499936,139.934193,5,0.09,-0.566,9.491,4.912
1424830226828,37.499938,139.934188,5,0.112,-0.558,9.567,4.888
1424830226929,37.49994,139.934184,5,0.065,-0.588,9.477,4.864
1424830227025,37.499942,139.934179,5,0.073,-0.588,9.382,4.841
1424830227126,37.499944,139.934175,5,0.056,-0.69,9.514,4.816
1424830227226,37.499946,139.934171,5,0.033,-0.724,9.54,4.793
1424830227327,37.499948,139.934166,5,0.035,-0.716,9.376,4.769
1424830227428,37.49995,139.934162,5,0.052,-0.782,9.404,4.745
1424830227528,37.499951,139.934157,5,0.066,-0.873,9.522,4.681
1424830227629,37.499952,139.934153,5,0.047,-0.86,9.554,4.606
1424830227725,37.499953,139.934148,5,0.054,-0.83,9.473,4.536
1424830227825,37.499955,139.934144,5,0.094,-0.83,9.427,4.464
1424830227926,37.499956,139.934139,5,0.105,-0.871,9.493,4.393
1424830228027,37.499957,139.934135,5,0.145,-0.91,9.6,4.322
1424830228128,37.499958,139.93413,5,0.185,-0.858,9.496,4.253
1424830228228,37.49996,139.934126,5,0.2,-0.844,9.445,4.186
1424830228329,37.499961,139.934122,5,0.172,-0.854,9.486,4.119
1424830228425,37.499962,139.934118,5,0.158,-0.871,9.52,4.056
1424830228525,37.499963,139.934114,5,0.146,-0.792,9.439,4.004
1424830228626,37.499964,139.93411,5,0.087,-0.782,9.448,3.955
1424830228727,37.499965,139.934106,5,0.063,-0.808,9.55,3.907
1424830228827,37.499966,139.934102,5,0.079,-0.765,9.534,3.86
1424830228928,37.499967,139.934098,5,0.103,-0.748,9.517,3.813
1424830229029,37.499968,139.934094,5,0.121,-0.768,9.522,3.767
1424830229125,37.499969,139.934091,5,0.117,-0.693,9.535,3.723
1424830229225,37.49997,139.934087,5,0.141,-0.557,9.492,3.679
1424830229326,37.499971,139.934083,5,0.152,-0.449,9.453,3.634
1424830229427,37.499972,139.93408,5,0.135,-0.397,9.493,3.59
1424830229527,37.499972,139.934077,6,0.115,-0.375,9.508,3.562
1424830229628,37.499973,139.934074,6,0.103,-0.353,9.504,3.538
1424830229729,37.499973,139.934072,6,0.06,-0.357,9.501,3.514
1424830229830,37.499974,139.934069,6,0.024,-0.347,9.441,3.491
1424830229925,37.499974,139.934067,6,0.036,-0.332,9.487,3.469
1424830230026,37.499974,139.934064,6,0.068,-0.338,9.505,3.446
1424830230127,37.499975,139.934062,6,0.067,-0.352,9.519,3.423
1424830230227,37.499975,139.934059,6,0.036,-0.328,9.478,3.4
1424830230328,37.499976,139.934057,6,0.021,-0.315,9.447,3.377
1424830230429,37.499976,139.934055,6,0.041,-0.321,9.45,3.355
1424830230529,37.499977,139.934052,6,0.045,-0.354,9.479,3.332
1424830230625,37.499978,139.934049,6,0.034,-0.369,9.495,3.31
1424830230726,37.49998,139.934046,6,0.038,-0.377,9.487,3.288
1424830230827,37.499981,139.934044,6,0.025,-0.32,9.4,3.265
1424830230927,37.499982,139.934041,6,0.013,-0.35,9.462,3.243
1424830231028,37.499984,139.934038,6,-0.023,-0.415,9.507,3.221
1424830231129,37.499985,139.934035,6,-0.045,-0.483,9.531,3.199
1424830231229,37.499986,139.934033,6,-0.085,-0.516,9.465,3.177
1424830231325,37.499987,139.93403,6,-0.088,-0.531,9.509,3.157
1424830231426,37.499989,139.934028,6,-0.038,-0.585,9.529,3.135
1424830231526,37.49999,139.934025,6,0.01,-0.661,9.477,3.095
1424830231627,37.499991,139.934022,6,0.048,-0.764,9.505,3.049
1424830231728,37.499992,139.93402,6,0.057,-0.793,9.454,3.004
1424830231829,37.499993,139.934017,6,0.093,-0.87,9.46,2.96
1424830231929,37.499993,139.934015,6,0.116,-0.961,9.532,2.916
1424830232025,37.499994,139.934012,6,0.126,-0.977,9.505,2.875
1424830232126,37.499995,139.93401,6,0.083,-1.016,9.419,2.832
1424830232226,37.499996,139.934007,6,0.021,-1.047,9.464,2.791
1424830232327,37.499997,139.934005,6,0.028,-1.091,9.516,2.749
1424830232428,37.499998,139.934003,6,0.075,-1.122,9.463,2.709
1424830232528,37.499999,139.934001,6,0.06,-1.095,9.519,2.65
1424830232629,37.499999,139.933999,6,0.078,-1.095,9.478,2.586
1424830232725,37.5,139.933998,6,0.076,-1.095,9.484,2.527
1424830232826,37.500001,139.933996,6,0.054,-1.092,9.516,2.466
1424830232926,37.500002,139.933994,6,0.05,-1.103,9.482,2.407
1424830233027,37.500002,139.933993,6,0.071,-1.122,9.503,2.348
1424830233128,37.500003,139.933991,6,0.058,-1.087,9.458,2.292
1424830233228,37.500004,139.93399,6,0.059,-1.075,9.456,2.237
1424830233329,37.500004,139.933989,6,0.067,-1.128,9.537,2.183
1424830233425,37.500005,139.933987,6,0.071,-1.071,9.527,2.133
1424830233525,37.500005,139.933986,6,0.098,-0.903,9.446,2.094
1424830233626,37.500006,139.933986,6,0.097,-0.775,9.496,2.06
1424830233727,37.500007,139.933985,6,0.092,-0.671,9.529,2.026
1424830233828,37.500007,139.933984,6,0.075,-0.596,9.463,1.993
1424830233928,37.500008,139.933983,6,0.064,-0.552,9.478,1.961
1424830234029,37.500009,139.933982,6,0.063,-0.549,9.494,1.928
1424830234125,37.500009,139.933981,6,0.074,-0.562,9.473,1.898
1424830234230,37.50001,139.933981,6,0.121,-0.582,9.474,1.866
1424830234326,37.50001,139.93398,6,0.131,-0.551,9.475,1.837
1424830234425,37.500011,139.933979,6,0.109,-0.521,9.464,1.807
1424830234527,37.500012,139.933979,6,0.103,-0.542,9.492,1.79
1424830234627,37.500012,139.933978,6,0.095,-0.574,9.498,1.778
1424830234729,37.500013,139.933978,6,0.066,-0.559,9.503,1.766
1424830234825,37.500014,139.933978,6,0.066,-0.546,9.502,1.754
1424830234925,37.500015,139.933978,6,0.085,-0.566,9.462,1.742
1424830235026,37.500016,139.933977,6,0.122,-0.582,9.48,1.73
1424830235127,37.500016,139.933977,6,0.15,-0.598,9.48,1.718
1424830235227,37.500017,139.933977,6,0.129,-0.594,9.495,1.706
1424830235328,37.500018,139.933976,6,0.078,-0.563,9.483,1.694
1424830235429,37.500019,139.933976,6,0.068,-0.548,9.487,1.682
1424830235525,37.500019,139.933976,6,0.079,-0.553,9.504,1.672
1424830235625,37.500019,139.933975,6,0.104,-0.568,9.483,1.662
1424830235726,37.500019,139.933975,6,0.108,-0.57,9.47,1.652
1424830235827,37.500019,139.933974,6,0.111,-0.57,9.488,1.642
1424830235927,37.500019,139.933974,6,0.105,-0.58,9.48,1.632
1424830236028,37.50002,139.933973,6,0.107,-0.578,9.475,1.621
1424830236129,37.50002,139.933973,6,0.097,-0.556,9.483,1.611
1424830236229,37.50002,139.933972,6,0.086,-0.439,9.511,1.602
1424830236325,37.50002,139.933972,6,0.094,-0.294,9.514,1.592
1424830236426,37.50002,139.933971,6,0.109,-0.185,9.468,1.582
1424830236527,37.500021,139.933971,6,0.099,-0.176,9.443,1.574
1424830236627,37.500021,139.933971,6,0.094,-0.222,9.479,1.566
1424830236728,37.500022,139.933972,6,0.099,-0.271,9.496,1.557
1424830236829,37.500023,139.933972,6,0.094,-0.265,9.495,1.549
1424830236929,37.500024,139.933972,6,0.097,-0.227,9.492,1.541
1424830237025,37.500025,139.933972,6,0.105,-0.224,9.475,1.533
1424830237126,37.500025,139.933972,6,0.097,-0.232,9.477,1.525
1424830237227,37.500026,139.933973,6,0.095,-0.236,9.48,1.517
1424830237327,37.500027,139.933973,6,0.095,-0.236,9.485,1.51
1424830237428,37.500028,139.933973,6,0.099,-0.23,9.488,1.502
1424830237529,37.500029,139.933973,7,0.105,-0.23,9.48,1.5
1424830237629,37.500029,139.933973,7,0.114,-0.245,9.485,1.5
1424830237725,37.50003,139.933973,7,0.111,-0.244,9.469,1.5
1424830237826,37.500031,139.933973,7,0.112,-0.233,9.452,1.5
1424830237926,37.500032,139.933973,7,0.095,-0.237,9.467,1.5
1424830238027,37.500033,139.933973,7,0.092,-0.233,9.49,1.5
1424830238128,37.500033,139.933973,7,0.1,-0.238,9.471,1.5
1424830238229,37.500034,139.933973,7,0.098,-0.234,9.473,1.5
1424830238329,37.500035,139.933973,7,0.097,-0.237,9.474,1.5
1424830238425,37.500036,139.933973,7,0.104,-0.249,9.471,1.5
1424830238526,37.500037,139.933973,7,0.102,-0.235,9.473,1.5
1424830238626,37.500037,139.933973,7,0.093,-0.228,9.483,1.5
1424830238727,37.500038,139.933973,7,0.094,-0.239,9.487,1.5
1424830238828,37.500039,139.933973,7,0.091,-0.234,9.479,1.5
1424830238929,37.500039,139.933973,7,0.096,-0.224,9.473,1.5
1424830239029,37.50004,139.933973,7,0.105,-0.229,9.491,1.5
1424830239125,37.500041,139.933973,7,0.108,-0.233,9.485,1.5
1424830239226,37.500041,139.933973,7,0.1,-0.244,9.471,1.5
1424830239326,37.500042,139.933973,7,0.094,-0.238,9.488,1.5
1424830239427,37.500043,139.933973,7,0.096,-0.231,9.486,1.5
1424830239528,37.500044,139.933973,7,0.101,-0.241,9.474,1.5
1424830239628,37.500045,139.933973,7,0.1,-0.235,9.479,1.5
1424830239729,37.500046,139.933973,7,0.106,-0.235,9.478,1.5
1424830239825,37.500046,139.933973,7,0.104,-0.243,9.484,1.5
1424830239925,37.500047,139.933973,7,0.102,-0.236,9.486,1.5
1424830240026,37.500048,139.933973,7,0.1,-0.24,9.482,1.5
1424830240127,37.500049,139.933973,7,0.097,-0.245,9.481,1.5
1424830240228,37.50005,139.933973,7,0.099,-0.238,9.461,1.5
1424830240328,37.500051,139.933973,7,0.101,-0.236,9.472,1.5
1424830240429,37.500052,139.933973,7,0.099,-0.237,9.489,1.5
1424830240525,37.500053,139.933973,6,0.104,-0.232,9.48,1.5
1424830240625,37.500054,139.933973,6,0.098,-0.238,9.474,1.5
1424830240726,37.500055,139.933973,6,0.094,-0.226,9.496,1.5
1424830240827,37.500056,139.933973,6,0.099,-0.234,9.477,1.5
1424830240927,37.500057,139.933973,6,0.093,-0.238,9.475,1.5
1424830241028,37.500058,139.933974,6,0.093,-0.216,9.481,1.5
1424830241129,37.500059,139.933974,6,0.096,-0.21,9.479,1.5
1424830241225,37.500061,139.933974,6,0.099,-0.207,9.491,1.5
1424830241325,37.500062,139.933974,6,0.104,-0.194,9.493,1.5
1424830241426,37.500063,139.933974,6,0.113,-0.203,9.478,1.5
1424830241527,37.500063,139.933974,7,0.105,-0.213,9.477,1.5
1424830241627,37.500064,139.933974,7,0.104,-0.209,9.482,1.5
1424830241728,37.500064,139.933974,7,0.105,-0.223,9.479,1.5
1424830241829,37.500065,139.933974,7,0.103,-0.226,9.49,1.5
1424830241925,37.500065,139.933974,7,0.111,-0.233,9.466,1.5
1424830242025,37.500066,139.933974,7,0.114,-0.24,9.476,1.5
1424830242126,37.500066,139.933974,7,0.109,-0.249,9.481,1.5
1424830242227,37.500067,139.933974,7,0.111,-0.25,9.471,1.5
1424830242327,37.500067,139.933974,7,0.106,-0.257,9.469,1.5
1424830242428,37.500068,139.933974,7,0.104,-0.25,9.496,1.5
1424830242529,37.500068,139.933974,7,0.114,-0.261,9.466,1.5
1424830242630,37.500069,139.933974,7,0.105,-0.262,9.472,1.5
1424830242725,37.500069,139.933974,7,0.105,-0.252,9.48,1.5
1424830242826,37.500069,139.933974,7,0.105,-0.255,9.475,1.5
1424830242927,37.500069,139.933974,7,0.1,-0.255,9.481,1.5
1424830243027,37.50007,139.933973,7,0.103,-0.252,9.485,1.5
1424830243128,37.50007,139.933973,7,0.118,-0.261,9.472,1.5
1424830243229,37.50007,139.933973,7,0.104,-0.26,9.471,1.5
1424830243329,37.500071,139.933973,7,0.102,-0.252,9.472,1.5
1424830243425,37.500071,139.933973,7,0.096,-0.248,9.481,1.5
1424830243526,37.500071,139.933973,8,0.098,-0.243,9.497,1.5
1424830243626,37.500071,139.933973,8,0.108,-0.24,9.47,1.5
1424830243727,37.500072,139.933973,8,0.117,-0.234,9.489,1.5
1424830243828,37.500072,139.933973,8,0.107,-0.237,9.475,1.5
1424830243929,37.500072,139.933973,8,0.1,-0.244,9.47,1.5
1424830244029,37.500072,139.933973,8,0.103,-0.238,9.465,1.5
1424830244125,37.500072,139.933973,8,0.105,-0.23,9.475,1.5
1424830244226,37.500073,139.933973,8,0.101,-0.242,9.48,1.5
1424830244326,37.500073,139.933973,8,0.098,-0.234,9.502,1.5
1424830244427,37.500073,139.933973,8,0.103,-0.227,9.491,1.5
1424830244528,37.500073,139.933973,9,0.094,-0.227,9.508,1.5
1424830244628,37.500073,139.933973,9,0.101,-0.235,9.492,1.5
1424830244729,37.500073,139.933973,9,0.112,-0.242,9.471,1.5
1424830244825,37.500073,139.933973,9,0.105,-0.236,9.489,1.5
1424830244926,37.500073,139.933973,9,0.093,-0.225,9.5,1.5
1424830245026,37.500072,139.933972,9,0.094,-0.229,9.499,1.5
1424830245127,37.500072,139.933972,9,0.101,-0.232,9.482,1.5
1424830245228,37.500072,139.933972,9,0.104,-0.241,9.479,1.5
1424830245328,37.500072,139.933972,9,0.106,-0.248,9.484,1.5
1424830245429,37.500072,139.933972,9,0.115,-0.237,9.472,1.5
1424830245525,37.500072,139.933972,10,0.106,-0.242,9.465,1.5
1424830245626,37.500072,139.933972,10,0.093,-0.247,9.488,1.5
1424830245726,37.500071,139.933972,10,0.101,-0.237,9.491,1.5
1424830245827,37.500071,139.933972,10,0.107,-0.239,9.488,1.5
1424830245928,37.500071,139.933972,10,0.099,-0.234,9.495,1.5
1424830246028,37.500071,139.933971,10,0.107,-0.243,9.471,1.5
1424830246129,37.500071,139.933971,10,0.108,-0.241,9.472,1.5
1424830246225,37.50007,139.933971,10,0.111,-0.233,9.462,1.5
1424830246326,37.50007,139.933971,10,0.102,-0.247,9.48,1.5
1424830246426,37.50007,139.933971,10,0.096,-0.249,9.493,1.5
1424830246527,37.50007,139.933971,10,0.107,-0.24,9.469,1.5
1424830246628,37.50007,139.933971,10,0.105,-0.242,9.474,1.5
1424830246728,37.500069,139.933971,10,0.107,-0.243,9.476,1.5
1424830246829,37.500069,139.933971,10,0.114,-0.245,9.467,1.5
1424830246925,37.500069,139.933971,10,0.107,-0.23,9.473,1.5
1424830247025,37.500069,139.93397,10,0.098,-0.222,9.481,1.5
1424830247126,37.500069,139.93397,10,0.097,-0.235,9.498,1.5
1424830247227,37.500068,139.93397,10,0.102,-0.237,9.488,1.5
1424830247327,37.500068,139.93397,10,0.108,-0.24,9.459,1.5
1424830247428,37.500068,139.93397,10,0.104,-0.241,9.477,1.5
1424830247529,37.500068,139.93397,10,0.101,-0.241,9.48,1.5
1424830247625,37.500068,139.93397,10,0.1,-0.252,9.481,1.5
1424830247725,37.500068,139.93397,10,0.099,-0.242,9.47,1.5
1424830247826,37.500068,139.93397,10,0.109,-0.236,9.47,1.5
1424830247927,37.500068,139.93397,10,0.107,-0.243,9.476,1.5
1424830248027,37.500067,139.93397,10,0.111,-0.236,9.456,1.5
1424830248128,37.500067,139.93397,10,0.096,-0.226,9.468,1.5
1424830248229,37.500067,139.93397,10,0.089,-0.229,9.489,1.5
1424830248330,37.500067,139.93397,10,0.095,-0.24,9.486,1.5
1424830248425,37.500067,139.93397,10,0.103,-0.256,9.476,1.5
1424830248531,37.500067,139.93397,10,0.116,-0.258,9.48,1.5
1424830248627,37.500067,139.93397,10,0.118,-0.245,9.471,1.5
1424830248726,37.500067,139.93397,10,0.1,-0.221,9.475,1.5
1424830248828,37.500067,139.93397,10,0.094,-0.221,9.483,1.5
1424830248927,37.500067,139.93397,10,0.095,-0.244,9.49,1.5
1424830249030,37.500066,139.933969,10,0.096,-0.248,9.476,1.5
1424830249125,37.500066,139.933969,10,0.09,-0.223,9.474,1.5
1424830249226,37.500066,139.933969,10,0.098,-0.176,9.488,1.5
1424830249327,37.500066,139.933969,10,0.102,-0.145,9.484,1.5
1424830249427,37.500066,139.933969,10,0.102,-0.124,9.474,1.5
1424830249528,37.500066,139.933969,10,0.11,-0.113,9.474,1.5
1424830249629,37.500066,139.933969,10,0.102,-0.118,9.476,1.5
1424830249729,37.500066,139.933969,10,0.11,-0.127,9.456,1.5
1424830249825,37.500066,139.933969,10,0.105,-0.124,9.468,1.5
1424830249926,37.500066,139.933969,10,0.101,-0.127,9.477,1.5
1424830250027,37.500066,139.933969,10,0.094,-0.129,9.463,1.5
1424830250127,37.500066,139.933969,10,0.106,-0.131,9.47,1.5
1424830250228,37.500066,139.933969,10,0.098,-0.132,9.482,1.5
1424830250329,37.500066,139.933969,10,0.103,-0.145,9.461,1.5
1424830250429,37.500066,139.933969,10,0.099,-0.143,9.472,1.5
1424830250525,37.500066,139.933969,10,0.104,-0.142,9.472,1.5
1424830250626,37.500066,139.933969,10,0.104,-0.136,9.476,1.5
1424830250726,37.500066,139.933969,10,0.112,-0.131,9.463,1.5
1424830250827,37.500066,139.933969,10,0.108,-0.126,9.467,1.5
1424830250928,37.500066,139.933969,10,0.094,-0.137,9.466,1.5
1424830251029,37.500066,139.933968,10,0.093,-0.146,9.491,1.5
1424830251129,37.500066,139.933968,10,0.106,-0.136,9.486,1.5
1424830251225,37.500066,139.933968,10,0.096,-0.09,9.455,1.5
1424830251326,37.500066,139.933968,10,0.09,0.019,9.459,1.5
1424830251426,37.500066,139.933968,10,0.107,0.206,9.457,1.5
1424830251527,37.500066,139.933968,10,0.076,0.388,9.467,1.502
1424830251628,37.500067,139.933967,10,0.032,0.489,9.504,1.504
1424830251728,37.500067,139.933967,10,0.045,0.579,9.445,1.506
1424830251829,37.500067,139.933967,10,0.07,0.59,9.485,1.508
1424830251925,37.500067,139.933967,10,0.063,0.617,9.465,1.509
1424830252026,37.500068,139.933966,10,0.027,0.659,9.458,1.511
1424830252126,37.500068,139.933966,10,0.067,0.671,9.472,1.513
1424830252227,37.500068,139.933966,10,0.115,0.69,9.493,1.516
1424830256225,37.500088,139.933864,7,0.117,0.691,9.491,3.299
1424830256326,37.500088,139.933861,7,0.176,0.379,9.487,3.322
1424830256426,37.500089,139.933857,7,0.244,0.133,9.498,3.345
1424830256527,37.500089,139.933853,6,0.254,0.034,9.489,3.35
1424830256628,37.50009,139.93385,6,0.218,0.015,9.275,3.35
1424830256729,37.500091,139.933846,6,0.291,-0.234,9.453,3.35
1424830256829,37.500091,139.933843,6,0.245,-0.6,9.805,3.35
1424830256925,37.500092,139.933839,6,0.191,-0.619,9.535,3.35
1424830257026,37.500092,139.933836,6,0.19,-0.481,9.313,3.35
1424830257126,37.500093,139.933832,6,0.228,-0.397,9.465,3.35
1424830257227,37.500094,139.933829,6,0.229,-0.38,9.536,3.35
1424830257328,37.500094,139.933825,6,0.181,-0.432,9.465,3.35
1424830257429,37.500095,139.933822,6,0.11,-0.514,9.492,3.35
1424830257529,37.500096,139.933818,6,0.077,-0.487,9.584,3.35
1424830257625,37.500096,139.933815,6,-0.036,-0.355,9.478,3.35
1424830257726,37.500097,139.933811,6,-0.142,-0.248,9.447,3.35
1424830257826,37.500098,139.933808,6,-0.198,-0.272,9.445,3.35
1424830257927,37.500098,139.933804,6,-0.325,-0.307,9.456,3.35
1424830258028,37.500099,139.933801,6,-0.308,-0.304,9.626,3.35
1424830258128,37.5001,139.933797,6,-0.315,-0.215,9.463,3.35
1424830258229,37.5001,139.933794,6,-0.469,-0.224,9.522,3.35
1424830258325,37.500101,139.93379,6,-0.52,-0.183,9.408,3.35
1424830258426,37.500102,139.933787,6,-0.493,-0.237,9.334,3.35
1424830258526,37.500102,139.933783,6,-0.541,-0.352,9.607,3.35
1424830258627,37.500103,139.93378,6,-0.558,-0.349,9.607,3.35
1424830258728,37.500103,139.933777,6,-0.602,-0.334,9.503,3.35
1424830258828,37.500103,139.933773,6,-0.685,-0.284,9.487,3.35
1424830258929,37.500103,139.93377,6,-0.727,-0.265,9.415,3.35
1424830259025,37.500104,139.933766,6,-0.829,-0.306,9.412,3.35
1424830259126,37.500104,139.933763,6,-0.849,-0.341,9.453,3.35
1424830259226,37.500104,139.93376,6,-0.714,-0.422,9.569,3.35
1424830259327,37.500105,139.933756,6,-0.746,-0.453,9.508,3.35
1424830259428,37.500105,139.933753,6,-0.889,-0.39,9.298,3.35
1424830259528,37.500105,139.933749,6,-0.878,-0.462,9.46,3.35
1424830259629,37.500105,139.933746,6,-0.904,-0.521,9.553,3.35
1424830259725,37.500104,139.933743,6,-1.049,-0.537,9.502,3.35
1424830259825,37.500104,139.933739,6,-1.096,-0.538,9.526,3.35
1424830259926,37.500104,139.933736,6,-0.978,-0.501,9.46,3.35
1424830260027,37.500104,139.933732,6,-0.969,-0.441,9.374,3.35
1424830260128,37.500104,139.933729,6,-1.066,-0.467,9.496,3.35
1424830260228,37.500103,139.933726,6,-1.102,-0.513,9.51,3.35
1424830260329,37.500103,139.933722,6,-1.347,-0.532,9.44,3.35
1424830260425,37.500103,139.933719,6,-1.227,-0.666,9.709,3.35
1424830260525,37.500102,139.933716,6,-1.261,-0.55,9.422,3.35
1424830260626,37.500101,139.933712,6,-1.315,-0.409,8.962,3.35
1424830260727,37.500099,139.933709,6,-1.217,-0.505,9.438,3.35
1424830260827,37.500098,139.933706,6,-1.021,-0.465,9.497,3.35
1424830260928,37.500096,139.933703,6,-0.636,-0.824,9.953,3.35
1424830261029,37.500095,139.933699,6,-0.757,-0.679,9.829,3.35
1424830261125,37.500094,139.933696,6,-0.947,-0.357,9.25,3.35
1424830261225,37.500092,139.933693,6,-1.327,-0.431,9.635,3.35
1424830261326,37.500091,139.93369,6,-1.549,-0.397,9.756,3.35
1424830261427,37.500089,139.933687,6,-1.535,-0.235,9.303,3.35
1424830261527,37.500087,139.933684,5,-1.413,-0.303,9.132,3.333
1424830261628,37.500085,139.933681,5,-1.227,-0.379,9.448,3.31
1424830261729,37.500082,139.933679,5,-0.938,-0.384,9.449,3.287
1424830261830,37.50008,139.933676,5,-0.894,-0.252,9.239,3.265
1424830261925,37.500077,139.933674,5,-0.971,-0.273,9.209,3.244
1424830262026,37.500075,139.933671,5,-1.172,-0.208,9.717,3.221
1424830262127,37.500073,139.933669,5,-1.307,-0.247,9.666,3.199
1424830262227,37.50007,139.933666,5,-1.202,-0.233,9.446,3.178
1424830262328,37.500068,139.933664,5,-0.784,-0.288,9.149,3.156
1424830262429,37.500065,139.933662,5,-0.551,-0.203,9.495,3.134
1424830262529,37.500063,139.93366,5,-0.519,-0.194,9.75,3.13
1424830262630,37.50006,139.933658,5,-0.419,-0.246,9.563,3.13
1424830262726,37.500057,139.933657,5,-0.337,-0.211,9.367,3.13
1424830262825,37.500054,139.933655,5,-0.26,-0.258,9.362,3.13
1424830262927,37.500051,139.933653,5,-0.306,-0.295,9.473,3.13
1424830263026,37.500048,139.933652,5,-0.352,-0.22,9.455,3.13
1424830263129,37.500045,139.93365,5,-0.324,-0.198,9.462,3.13
1424830263228,37.500042,139.933649,5,-0.335,-0.2,9.584,3.13
1424830263325,37.500039,139.933647,5,-0.358,-0.21,9.573,3.13
1424830263426,37.500036,139.933645,5,-0.314,-0.174,9.38,3.13
1424830263526,37.500032,139.933644,6,-0.211,-0.081,9.443,3.13
1424830263627,37.500029,139.933644,6,-0.157,-0.098,9.569,3.13
1424830263728,37.500025,139.933643,6,-0.101,-0.115,9.427,3.13
1424830263829,37.500022,139.933642,6,-0.097,-0.118,9.434,3.13
1424830263929,37.500018,139.933642,6,-0.075,-0.102,9.508,3.13
1424830264025,37.500015,139.933641,6,-0.061,-0.094,9.512,3.13
1424830264126,37.500011,139.93364,6,-0.089,-0.186,9.498,3.13
1424830264226,37.500008,139.93364,6,-0.14,-0.232,9.483,3.13
1424830264327,37.500004,139.933639,6,-0.116,-0.109,9.543,3.13
1424830264428,37.500001,139.933638,6,-0.091,0.118,9.552,3.13
1424830264529,37.499997,139.933638,6,-0.04,0.346,9.513,3.147
1424830264629,37.499994,139.933637,6,-0.039,0.451,9.496,3.168
1424830264725,37.49999,139.933636,6,-0.03,0.485,9.547,3.189
1424830264826,37.499987,139.933636,6,0.023,0.607,9.445,3.211
1424830264926,37.499983,139.933635,6,0.046,0.695,9.421,3.233
1424830265027,37.49998,139.933635,6,0.035,0.741,9.457,3.255
1424830265128,37.499976,139.933634,6,0.016,0.743,9.491,3.278
1424830265228,37.499972,139.933633,6,0.07,0.726,9.494,3.3
1424830268224,37.499848,139.933596,5,0.072,0.725,9.489,4.27
1424830268229,37.499848,139.933596,5,0.073,0.721,9.486,4.27
1424830268325,37.499843,139.933595,5,0.107,0.298,9.497,4.27
1424830268426,37.499839,139.933593,5,0.123,-0.043,9.483,4.27
1424830268527,37.499835,139.933592,5,0.136,-0.171,9.364,4.27
1424830268627,37.49983,139.933591,5,0.117,-0.242,9.463,4.27
1424830268728,37.499826,139.933589,5,0.051,-0.308,9.553,4.27
1424830268829,37.499822,139.933588,5,0.09,-0.311,9.535,4.27
1424830268929,37.499817,139.933586,5,0.159,-0.267,9.429,4.27
1424830269025,37.499813,139.933585,5,0.193,-0.295,9.445,4.27
1424830269126,37.499809,139.933584,5,0.236,-0.337,9.529,4.27
1424830269226,37.499805,139.933582,5,0.146,-0.327,9.476,4.27
1424830269327,37.4998,139.933581,5,0.121,-0.351,9.546,4.27
1424830269428,37.499796,139.933579,5,0.15,-0.413,9.594,4.27
1424830269529,37.499792,139.933578,5,0.177,-0.398,9.465,4.27
1424830269629,37.499788,139.933576,5,0.257,-0.347,9.354,4.27
1424830269725,37.499784,139.933575,5,0.248,-0.386,9.516,4.27
1424830269826,37.49978,139.933574,5,0.05,-0.429,9.592,4.27
1424830269926,37.499775,139.933572,5,0.161,-0.435,9.46,4.27
1424830270027,37.499771,139.933571,5,0.156,-0.393,9.459,4.27
1424830270128,37.499767,139.93357,5,0.151,-0.376,9.508,4.27
1424830270229,37.499763,139.933568,5,0.087,-0.428,9.521,4.27
1424830270329,37.499759,139.933567,5,0.047,-0.344,9.452,4.27
1424830270425,37.499755,139.933565,5,-0.019,-0.351,9.584,4.27
1424830270526,37.499751,139.933564,5,0.074,-0.375,9.513,4.27
1424830270626,37.499747,139.933563,5,0.077,-0.393,9.38,4.27
1424830270727,37.499743,139.933561,5,0.091,-0.416,9.586,4.27
1424830270828,37.49974,139.93356,5,0.119,-0.406,9.618,4.27
1424830270928,37.499736,139.933559,5,0.121,-0.356,9.431,4.27
1424830271029,37.499732,139.933557,5,0.148,-0.359,9.417,4.27
1424830271125,37.499728,139.933556,5,0.079,-0.384,9.467,4.27
1424830271226,37.499725,139.933555,5,0.018,-0.415,9.522,4.27
1424830271326,37.499721,139.933554,5,0.096,-0.426,9.579,4.27
1424830271427,37.499717,139.933552,5,0.151,-0.372,9.414,4.27
1424830271528,37.499713,139.933551,4,0.185,-0.36,9.384,4.252
1424830271628,37.49971,139.933549,4,0.219,-0.386,9.528,4.228
1424830271729,37.499706,139.933548,4,0.25,-0.395,9.516,4.205
1424830271825,37.499703,139.933546,4,0.17,-0.316,9.361,4.182
1424830271925,37.499699,139.933545,4,0.171,-0.275,9.486,4.159
1424830272026,37.499696,139.933543,4,0.155,-0.275,9.529,4.136
1424830272127,37.499692,139.933542,4,0.195,-0.286,9.55,4.113
1424830272228,37.499689,139.93354,4,0.227,-0.245,9.5,4.09
1424830272328,37.499685,139.933539,4,0.184,-0.201,9.501,4.067
1424830272429,37.499682,139.933537,4,0.096,-0.137,9.453,4.045
1424830272525,37.499679,139.933536,4,0.137,-0.158,9.543,4.022
1424830272625,37.499675,139.933534,4,0.178,-0.171,9.572,3.999
1424830272726,37.499672,139.933533,4,0.146,-0.141,9.436,3.975
1424830272827,37.499669,139.933531,4,0.14,-0.114,9.39,3.952
1424830272928,37.499666,139.93353,4,0.208,-0.099,9.504,3.928
1424830273028,37.499663,139.933528,4,0.232,-0.106,9.496,3.905
1424830273129,37.49966,139.933527,4,0.217,-0.102,9.437,3.882
1424830273225,37.499657,139.933525,4,0.213,-0.109,9.502,3.861
1424830273325,37.499654,139.933524,4,0.128,-0.106,9.475,3.838
1424830273426,37.499651,139.933522,4,0.101,-0.159,9.461,3.815
1424830273527,37.499648,139.933521,5,0.094,-0.213,9.442,3.733
1424830273627,37.499646,139.93352,5,0.156,-0.225,9.572,3.635
1424830273728,37.499645,139.933519,5,0.112,-0.174,9.486,3.539
1424830273829,37.499643,139.933517,5,0.08,-0.101,9.387,3.445
1424830273930,37.499641,139.933516,5,0.127,-0.126,9.434,3.353
1424830274025,37.499639,139.933515,5,0.171,-0.2,9.589,3.269
1424830274126,37.499637,139.933514,5,0.141,-0.189,9.507,3.183
1424830274227,37.499636,139.933513,5,0.026,-0.143,9.371,3.098
1424830274327,37.499634,139.933512,5,-0.046,-0.126,9.432,3.017
1424830274428,37.499632,139.933511,5,-0.11,-0.138,9.58,2.937
1424830274529,37.499631,139.93351,5,-0.133,-0.136,9.516,2.92
1424830274629,37.499629,139.933509,5,-0.114,-0.08,9.455,2.92
1424830274725,37.499627,139.933508,5,-0.044,-0.101,9.472,2.92
1424830274826,37.499625,139.933507,5,0.014,-0.124,9.515,2.92
1424830274927,37.499623,139.933506,5,0.008,-0.108,9.443,2.92
1424830275027,37.499621,139.933505,5,-0.012,-0.079,9.499,2.92
1424830275128,37.499619,139.933504,5,-0.014,-0.075,9.481,2.92
1424830275229,37.499617,139.933503,5,-0.028,-0.099,9.45,2.92
1424830275329,37.499615,139.933502,5,-0.059,-0.126,9.514,2.92
1424830275425,37.499613,139.933501,5,-0.035,-0.091,9.512,2.92
1424830275526,37.499612,139.9335,6,0.074,-0.123,9.444,2.903
1424830275627,37.49961,139.933499,6,0.12,-0.128,9.476,2.88
1424830275727,37.499608,139.933498,6,0.081,-0.08,9.434,2.857
1424830275828,37.499607,139.933497,6,0.009,-0.072,9.417,2.835
1424830275929,37.499605,139.933496,6,0.021,-0.095,9.506,2.812
1424830276029,37.499604,139.933495,6,0.038,-0.18,9.485,2.791
1424830276125,37.499602,139.933494,6,0.05,-0.231,9.406,2.77
1424830276226,37.4996,139.933493,6,0.054,-0.275,9.437,2.748
1424830276326,37.499599,139.933492,6,0.082,-0.366,9.479,2.726
1424830276427,37.499597,139.933491,6,0.109,-0.425,9.499,2.705
1424830276528,37.499596,139.93349,6,0.109,-0.428,9.515,2.7
1424830276629,37.499594,139.93349,6,0.071,-0.397,9.467,2.7
1424830276729,37.499593,139.933489,6,0.082,-0.372,9.442,2.7
1424830276825,37.499591,139.933488,6,0.082,-0.413,9.512,2.7
1424830276931,37.499589,139.933487,6,0.085,-0.461,9.593,2.7
1424830277026,37.499588,139.933486,6,0.046,-0.417,9.502,2.7
1424830277125,37.499586,139.933486,6,0.058,-0.383,9.437,2.7
1424830277228,37.499585,139.933485,6,0.044,-0.429,9.468,2.7
1424830277327,37.499583,139.933484,6,-0.011,-0.453,9.547,2.7
1424830277429,37.499581,139.933483,6,-0.042,-0.422,9.506,2.7
1424830277525,37.49958,139.933482,6,-0.024,-0.393,9.462,2.7
1424830277626,37.499578,139.933481,6,0.032,-0.418,9.506,2.7
1424830277726,37.499576,139.933481,6,0.08,-0.431,9.501,2.7
1424830277827,37.499574,139.93348,6,0.094,-0.419,9.46,2.7
1424830277928,37.499572,139.933479,6,0.07,-0.428,9.45,2.7
1424830278028,37.499571,139.933478,6,0.083,-0.447,9.538,2.7
1424830278129,37.499569,139.933477,6,0.05,-0.422,9.464,2.7
1424830278225,37.499567,139.933476,6,0.004,-0.396,9.409,2.7
1424830278325,37.499565,139.933475,6,-0.001,-0.447,9.505,2.7
1424830278426,37.499563,139.933474,6,0.042,-0.507,9.55,2.7
1424830278527,37.499562,139.933474,6,0.051,-0.509,9.469,2.684
1424830278628,37.499561,139.933473,6,0.037,-0.487,9.399,2.663
1424830278728,37.499559,139.933472,6,0.022,-0.507,9.452,2.643
1424830278829,37.499558,139.933472,6,0.059,-0.554,9.588,2.622
1424830278925,37.499557,139.933471,6,0.091,-0.53,9.518,2.603
1424830279025,37.499555,139.93347,6,0.062,-0.546,9.395,2.583
1424830279126,37.499554,139.93347,6,0.035,-0.56,9.481,2.563
1424830279227,37.499553,139.933469,6,0.026,-0.547,9.533,2.543
1424830279328,37.499552,139.933469,6,0.021,-0.54,9.476,2.524
1424830279428,37.49955,139.933468,6,0.024,-0.56,9.49,2.504
1424830279529,37.499549,139.933467,6,0.025,-0.589,9.554,2.484
1424830279625,37.499548,139.933467,6,0.054,-0.612,9.492,2.464
1424830279725,37.499546,139.933466,6,0.075,-0.622,9.456,2.443
1424830279826,37.499545,139.933465,6,0.091,-0.623,9.482,2.423
1424830279927,37.499544,139.933465,6,0.064,-0.627,9.467,2.403
1424830280027,37.499542,139.933464,6,0.018,-0.629,9.482,2.383
1424830280128,37.499541,139.933463,6,-0.017,-0.642,9.511,2.363
1424830280229,37.49954,139.933462,6,0.002,-0.653,9.507,2.343
1424830280330,37.499538,139.933462,6,0.028,-0.712,9.516,2.323
1424830280425,37.499537,139.933461,6,0.059,-0.717,9.507,2.305
1424830280526,37.499537,139.933461,7,0.066,-0.71,9.471,2.236
1424830280627,37.499537,139.933461,7,0.065,-0.669,9.459,2.153
1424830280727,37.499537,139.933461,7,0.075,-0.661,9.471,2.074
1424830280828,37.499537,139.933461,7,0.065,-0.66,9.497,1.996
1424830280929,37.499536,139.933462,7,0.035,-0.624,9.488,1.922
1424830281029,37.499536,139.933462,7,0.034,-0.585,9.47,1.851
1424830281125,37.499536,139.933462,7,0.048,-0.524,9.493,1.785
1424830281226,37.499536,139.933462,7,0.075,-0.461,9.477,1.718
1424830281327,37.499536,139.933462,7,0.076,-0.431,9.444,1.654
1424830281427,37.499536,139.933462,7,0.059,-0.374,9.484,1.594
1424830281528,37.499536,139.933462,7,0.06,-0.241,9.517,1.574
1424830281629,37.499537,139.933463,7,0.05,-0.066,9.496,1.565
1424830281729,37.499537,139.933463,7,0.041,0.061,9.442,1.557
1424830281825,37.499538,139.933464,7,0.033,0.083,9.456,1.55
1424830281926,37.499538,139.933464,7,0.053,0.018,9.476,1.541
1424830282027,37.499539,139.933464,7,0.056,-0.041,9.484,1.533
1424830282127,37.499539,139.933465,7,0.041,-0.048,9.499,1.525
1424830282228,37.49954,139.933465,7,0.031,-0.017,9.471,1.517
1424830282329,37.49954,139.933466,7,0.036,0.011,9.46,1.509
1424830282429,37.499541,139.933466,7,0.057,-0.016,9.455,1.502
1424830282525,37.499541,139.933466,6,0.06,-0.031,9.461,1.5
1424830282626,37.499541,139.933466,6,0.058,-0.029,9.476,1.5
1424830282726,37.499542,139.933466,6,0.053,-0.012,9.489,1.5
1424830282827,37.499542,139.933466,6,0.048,-0.007,9.481,1.5
1424830282928,37.499542,139.933466,6,0.036,-0.016,9.491,1.5
1424830283029,37.499542,139.933467,6,0.026,-0.014,9.505,1.5
1424830283129,37.499542,139.933467,6,0.035,-0.007,9.499,1.5
1424830283226,37.499543,139.933467,6,0.034,-0.002,9.499,1.5
1424830283326,37.499543,139.933467,6,0.032,-0.01,9.497,1.5
1424830283426,37.499543,139.933467,6,0.043,-0.018,9.495,1.5
1424830283527,37.499543,139.933467,6,0.041,-0.015,9.487,1.5
1424830283628,37.499543,139.933467,6,0.04,-0.015,9.478,1.5
1424830283728,37.499542,139.933467,6,0.046,-0.023,9.48,1.5
1424830283829,37.499542,139.933467,6,0.053,-0.028,9.47,1.5
1424830283925,37.499542,139.933467,6,0.056,-0.026,9.471,1.5
1424830284026,37.499542,139.933468,6,0.051,-0.02,9.477,1.5
1424830284126,37.499542,139.933468,6,0.05,-0.023,9.474,1.5
1424830284227,37.499541,139.933468,6,0.059,-0.03,9.469,1.5
1424830284328,37.499541,139.933468,6,0.057,-0.026,9.47,1.5
1424830284428,37.499541,139.933468,6,0.051,-0.016,9.471,1.5
1424830284529,37.499541,139.933468,6,0.044,-0.013,9.484,1.5
1424830284625,37.499541,139.933468,6,0.046,-0.015,9.477,1.5
1424830284725,37.49954,139.933468,6,0.043,-0.009,9.477,1.5
1424830284826,37.49954,139.933468,6,0.042,-0.003,9.476,1.5
1424830284927,37.49954,139.933468,6,0.05,-0.014,9.467,1.5
1424830285028,37.49954,139.933468,6,0.051,-0.016,9.47,1.5
1424830285128,37.49954,139.933468,6,0.046,-0.021,9.462,1.5
1424830285229,37.499539,139.933468,6,0.05,-0.026,9.46,1.5
1424830285325,37.499539,139.933468,6,0.046,-0.028,9.461,1.5
1424830285425,37.499539,139.933468,6,0.056,-0.031,9.45,1.5
1424830285526,37.499539,139.933468,6,0.06,-0.025,9.457,1.5
1424830285627,37.499539,139.933468,6,0.055,-0.026,9.466,1.5
1424830285728,37.499538,139.933468,6,0.053,-0.025,9.471,1.5
1424830285828,37.499538,139.933468,6,0.054,-0.024,9.466,1.5
1424830285929,37.499538,139.933468,6,0.053,-0.025,9.465,1.5
1424830286025,37.499538,139.933468,6,0.051,-0.035,9.47,1.5
1424830286125,37.499538,139.933468,6,0.049,-0.031,9.464,1.5
1424830286226,37.499537,139.933468,6,0.052,-0.019,9.465,1.5
1424830286327,37.499537,139.933468,6,0.045,-0.024,9.472,1.5
1424830286427,37.499537,139.933468,6,0.046,-0.029,9.468,1.5
1424830286528,37.499537,139.933468,6,0.047,-0.028,9.476,1.5
1424830286629,37.499537,139.933468,6,0.036,-0.007,9.493,1.5
1424830286729,37.499536,139.933468,6,0.039,-0.016,9.488,1.5
1424830286825,37.499536,139.933468,6,0.042,-0.018,9.488,1.5
1424830286926,37.499536,139.933468,6,0.039,-0.016,9.487,1.5
1424830287027,37.499536,139.933467,6,0.039,-0.012,9.485,1.5
1424830287127,37.499536,139.933467,6,0.027,-0.013,9.487,1.5
1424830287228,37.499535,139.933467,6,0.038,-0.008,9.495,1.5
1424830287329,37.499535,139.933467,6,0.046,-0.011,9.489,1.5
1424830287429,37.499535,139.933467,6,0.042,-0.015,9.487,1.5
1424830287525,37.499535,139.933467,6,0.038,-0.016,9.499,1.5
1424830287626,37.499535,139.933467,6,0.037,-0.013,9.496,1.5
1424830287726,37.499534,139.933467,6,0.042,-0.001,9.49,1.5
1424830287827,37.499534,139.933467,6,0.044,-0.006,9.485,1.5
1424830287928,37.499534,139.933467,6,0.053,-0.01,9.483,1.5
1424830288029,37.499534,139.933467,6,0.053,-0.019,9.485,1.5
1424830288129,37.499534,139.933467,6,0.041,-0.034,9.487,1.5
1424830288225,37.499533,139.933467,6,0.007,-0.035,9.477,1.5
1424830288326,37.499533,139.933467,6,-0.0,-0.024,9.484,1.5
1424830288426,37.499533,139.933467,6,0.028,0.004,9.515,1.5
1424830288527,37.499533,139.933467,6,0.057,-0.001,9.465,1.5
1424830288628,37.499533,139.933467,6,0.08,-0.033,9.46,1.5
1424830288729,37.499533,139.933466,6,0.081,-0.029,9.5,1.5
1424830288829,37.499533,139.933466,6,0.064,-0.012,9.475,1.5
1424830288925,37.499533,139.933466,6,0.037,-0.008,9.46,1.5
1424830289026,37.499533,139.933466,6,0.038,-0.014,9.485,1.5
1424830289127,37.499533,139.933466,6,0.039,-0.014,9.489,1.5
1424830289228,37.499533,139.933465,6,0.027,-0.009,9.467,1.5
1424830289328,37.499533,139.933465,6,0.027,-0.008,9.482,1.5
1424830289428,37.499533,139.933465,6,0.041,-0.012,9.474,1.5
1424830289529,37.499533,139.933465,6,0.051,-0.017,9.472,1.5
1424830289625,37.499533,139.933465,6,0.058,-0.02,9.474,1.5
1424830289726,37.499533,139.933465,6,0.061,-0.014,9.477,1.5
1424830289826,37.499533,139.933465,6,0.055,-0.012,9.473,1.5
1424830289927,37.499533,139.933465,6,0.045,-0.006,9.477,1.5
1424830290028,37.499532,139.933465,6,0.044,-0.013,9.476,1.5
1424830290128,37.499532,139.933465,6,0.051,-0.021,9.471,1.5
1424830290229,37.499532,139.933465,6,0.048,-0.022,9.475,1.5
1424830290325,37.499532,139.933465,6,0.044,-0.017,9.474,1.5
1424830290425,37.499532,139.933465,6,0.043,-0.008,9.471,1.5
1424830290526,37.499532,139.933465,6,0.047,-0.01,9.472,1.5
1424830290627,37.499532,139.933465,6,0.058,-0.018,9.475,1.5
1424830290728,37.499532,139.933464,6,0.06,-0.024,9.479,1.5
1424830290828,37.499532,139.933464,6,0.057,-0.02,9.472,1.5
1424830290929,37.499532,139.933464,6,0.06,-0.012,9.469,1.5
1424830291030,37.499531,139.933464,6,0.058,-0.01,9.472,1.5
1424830291125,37.499531,139.933464,6,0.043,-0.016,9.473,1.5
1424830291231,37.499531,139.933463,6,0.044,-0.025,9.473,1.5
1424830291327,37.499531,139.933463,6,0.043,-0.013,9.471,1.5
1424830291426,37.499531,139.933463,6,0.038,0.005,9.478,1.5
1424830291528,37.499531,139.933463,6,0.045,0.013,9.47,1.5
1424830291627,37.499531,139.933463,6,0.045,0.016,9.478,1.5
1424830291725,37.499531,139.933463,6,0.046,0.017,9.476,1.5
1424830291825,37.499531,139.933463,6,0.045,0.024,9.479,1.5
1424830291926,37.499531,139.933463,6,0.047,0.022,9.477,1.5
1424830292027,37.49953,139.933462,6,0.046,0.017,9.477,1.5
1424830292127,37.49953,139.933462,6,0.044,0.03,9.486,1.5
1424830292229,37.49953,139.933462,6,0.046,0.031,9.481,1.5
1424830292329,37.49953,139.933462,6,0.049,0.028,9.481,1.5
1424830292430,37.49953,139.933462,6,0.044,0.025,9.483,1.5
1424830292525,37.49953,139.933462,6,0.038,0.029,9.482,1.5
1424830292626,37.49953,139.933462,6,0.034,0.04,9.489,1.5
1424830292727,37.49953,139.933462,6,0.031,0.047,9.482,1.5
1424830292827,37.49953,139.933462,6,0.04,0.056,9.483,1.5
1424830292928,37.49953,139.933462,6,0.043,0.069,9.478,1.5
1424830293029,37.49953,139.933462,6,0.053,0.069,9.471,1.5
1424830293130,37.49953,139.933462,6,0.06,0.073,9.47,1.5
1424830293225,37.49953,139.933462,6,0.048,0.093,9.481,1.5
1424830310225,37.498826,139.933177,8,0.046,0.095,9.482,7.16
1424830310325,37.498819,139.933176,8,-0.045,0.102,9.53,7.16
1424830310426,37.498813,139.933175,8,-0.026,0.213,9.363,7.16
1424830310527,37.498806,139.933172,8,0.016,0.203,9.348,7.16
1424830310628,37.498799,139.933167,8,-0.036,0.205,9.477,7.16
1424830310728,37.498793,139.933162,8,-0.066,0.259,9.53,7.16
1424830310829,37.498786,139.933158,8,-0.096,0.298,9.388,7.16
1424830310925,37.49878,139.933154,8,-0.071,0.178,9.541,7.16
1424830311025,37.498774,139.933149,8,0.015,0.186,9.645,7.16
1424830311126,37.498767,139.933145,8,0.064,0.23,9.469,7.16
1424830311227,37.49876,139.93314,8,0.069,0.244,9.43,7.16
1424830311327,37.498754,139.933136,8,-0.021,0.196,9.406,7.16
1424830311428,37.498747,139.933131,8,-0.056,0.336,9.283,7.16
1424830311529,37.498742,139.933129,8,0.03,0.22,9.537,7.16
1424830311630,37.498736,139.933127,8,0.039,0.148,9.729,7.16
1424830311725,37.498731,139.933125,8,-0.011,0.225,9.285,7.16
1424830311826,37.498726,139.933123,8,-0.087,0.4,8.885,7.16
1424830311927,37.498721,139.933121,8,-0.089,0.153,9.329,7.16
1424830312027,37.498715,139.93312,8,-0.068,-0.093,10.281,7.16
1424830312128,37.49871,139.933118,8,-0.393,0.202,9.302,7.16
1424830312229,37.498705,139.933116,8,-0.226,-0.026,9.353,7.16
1424830312330,37.498699,139.933114,8,-0.025,-0.416,9.629,7.16
1424830312425,37.498694,139.933112,8,0.139,-0.449,9.724,7.16
1424830312526,37.498688,139.933111,7,0.406,0.136,9.097,7.178
1424830312627,37.498681,139.933109,7,0.131,0.464,8.997,7.202
1424830312727,37.498674,139.933107,7,0.026,0.577,9.198,7.226
1424830312828,37.498667,139.933105,7,0.046,0.369,9.515,7.25
1424830312929,37.49866,139.933103,7,0.281,0.328,9.499,7.274
1424830313029,37.498653,139.933101,7,0.417,0.13,9.256,7.298
1424830313125,37.498647,139.933099,7,0.353,0.141,9.14,7.321
1424830313226,37.49864,139.933097,7,0.193,0.185,9.289,7.346
1424830313326,37.498633,139.933095,7,0.033,0.176,9.361,7.37
1424830313427,37.498626,139.933093,7,0.053,0.155,9.438,7.394
1424830313528,37.498619,139.933092,9,0.108,0.123,9.509,7.381
1424830313629,37.498612,139.93309,9,0.158,0.117,9.547,7.356
1424830313729,37.498605,139.933088,9,0.215,0.148,9.328,7.332
1424830313825,37.498599,139.933086,9,0.27,0.136,9.361,7.309
1424830313926,37.498592,139.933084,9,0.294,0.104,9.497,7.285
1424830314026,37.498586,139.933083,9,0.268,0.173,9.509,7.261
1424830314127,37.498579,139.933081,9,0.257,0.176,9.503,7.237
1424830314228,37.498572,139.933079,9,0.251,0.07,9.575,7.213
1424830314329,37.498566,139.933077,9,0.225,0.121,9.557,7.189
1424830314429,37.498559,139.933075,9,0.184,0.237,9.343,7.165
1424830314525,37.498554,139.933074,11,0.15,0.243,9.276,7.141
1424830314626,37.498548,139.933074,11,0.115,0.183,9.513,7.115
1424830314726,37.498542,139.933073,11,0.131,0.171,9.561,7.09
1424830314827,37.498536,139.933072,11,0.167,0.198,9.402,7.065
1424830314928,37.49853,139.933071,11,0.128,0.138,9.366,7.039
1424830315028,37.498524,139.93307,11,0.15,0.05,9.45,7.014
1424830315129,37.498518,139.93307,11,0.201,0.046,9.594,6.989
1424830315225,37.498513,139.933069,11,0.151,0.078,9.617,6.965
1424830315326,37.498507,139.933068,11,0.121,0.123,9.365,6.941
1424830315426,37.498501,139.933067,11,0.14,0.132,9.316,6.916
1424830315528,37.498494,139.933063,13,0.129,0.099,9.544,6.965
1424830315628,37.498487,139.933058,13,0.108,0.142,9.522,7.036
1424830315728,37.49848,139.933052,13,0.171,0.148,9.466,7.108
1424830315829,37.498472,139.933047,13,0.18,0.065,9.489,7.182
1424830315925,37.498465,139.933042,13,0.099,0.078,9.487,7.252
1424830316025,37.498457,139.933036,13,0.088,0.133,9.456,7.326
1424830316126,37.498449,139.93303,13,0.077,0.153,9.382,7.402
1424830316227,37.498442,139.933025,13,0.018,0.181,9.357,7.478
1424830316328,37.498434,139.933019,13,0.017,0.169,9.404,7.556
1424830316428,37.498426,139.933013,13,0.07,0.106,9.489,7.633
1424830316529,37.49842,139.93301,13,-0.023,0.056,9.551,7.63
1424830316625,37.498414,139.933007,13,-0.001,0.022,9.5,7.606
1424830316725,37.498408,139.933004,13,0.002,0.012,9.493,7.58
1424830316826,37.498403,139.933002,13,-0.006,0.031,9.484,7.555
1424830316927,37.498397,139.932999,13,-0.074,0.071,9.552,7.53
1424830317028,37.498391,139.932996,13,-0.064,0.079,9.594,7.504
1424830317128,37.498386,139.932994,13,0.08,0.228,9.022,7.48
1424830317229,37.49838,139.932991,13,0.075,0.158,9.374,7.455
1424830317325,37.498375,139.932988,13,0.091,0.04,9.78,7.431
1424830317425,37.498369,139.932986,13,0.131,0.025,9.65,7.406
1424830317526,37.498364,139.932985,12,0.068,0.162,9.386,7.4
1424830317627,37.498358,139.932984,12,0.062,0.096,9.26,7.4
1424830317727,37.498352,139.932984,12,0.115,0.035,9.43,7.4
1424830317828,37.498347,139.932984,12,0.122,0.128,9.554,7.4
1424830317929,37.498341,139.932984,12,0.061,0.126,9.476,7.4
1424830318025,37.498336,139.932983,12,0.054,0.052,9.349,7.4
1424830318125,37.49833,139.932983,12,-0.01,0.005,9.382,7.4
1424830318226,37.498325,139.932983,12,0.024,-0.025,9.584,7.4
1424830318327,37.498319,139.932982,12,0.096,-0.006,9.569,7.4
1424830318427,37.498313,139.932982,12,0.128,0.016,9.609,7.4
1424830318528,37.498307,139.932981,9,0.099,0.032,9.488,7.4
1424830318629,37.498301,139.932979,9,0.141,0.049,9.435,7.4
1424830318730,37.498294,139.932977,9,0.147,0.077,9.439,7.4
1424830318825,37.498288,139.932975,9,0.158,0.1,9.457,7.4
1424830318926,37.498282,139.932973,9,0.197,0.148,9.348,7.4
1424830319027,37.498276,139.932971,9,0.167,0.076,9.308,7.4
1424830319127,37.498269,139.932969,9,0.166,-0.008,9.425,7.4
1424830319228,37.498263,139.932967,9,0.178,-0.027,9.386,7.4
1424830319329,37.498257,139.932965,9,0.206,-0.022,9.368,7.4
1424830319429,37.49825,139.932963,9,0.205,-0.071,9.435,7.4
1424830319525,37.498245,139.932961,8,0.227,-0.074,9.387,7.382
1424830319631,37.498238,139.932959,8,0.251,-0.023,9.403,7.356
1424830319727,37.498232,139.932957,8,0.27,-0.007,9.414,7.333
1424830319826,37.498227,139.932955,8,0.221,-0.011,9.385,7.309
1424830319928,37.498221,139.932953,8,0.227,0.012,9.414,7.284
1424830320027,37.498215,139.932951,8,0.242,-0.032,9.55,7.261
1424830320129,37.498209,139.932949,8,0.181,-0.035,9.63,7.236
1424830320225,37.498203,139.932947,8,0.184,0.016,9.418,7.213
1424830320326,37.498197,139.932945,8,0.198,-0.001,9.465,7.189
1424830320426,37.498191,139.932943,8,0.124,-0.062,9.612,7.166
1424830320527,37.498185,139.932942,9,0.186,-0.03,9.553,7.16
1424830320628,37.498179,139.93294,9,0.094,-0.026,9.575,7.16
1424830320729,37.498173,139.932938,9,0.048,-0.106,9.645,7.16
1424830320829,37.498167,139.932936,9,-0.023,-0.118,9.686,7.16
1424830320925,37.498161,139.932934,9,-0.05,-0.007,9.455,7.16
1424830321026,37.498155,139.932933,9,-0.035,0.062,9.242,7.16
1424830321126,37.498149,139.932931,9,0.032,-0.045,9.586,7.16
1424830321227,37.498143,139.932929,9,0.055,-0.145,9.782,7.16
1424830321328,37.498136,139.932927,9,-0.033,-0.002,9.456,7.16
1424830321428,37.49813,139.932925,9,-0.093,-0.008,9.336,7.16
1424830321529,37.498125,139.932923,10,-0.075,-0.071,9.41,7.14
1424830321625,37.49812,139.93292,10,-0.115,-0.02,9.313,7.116
1424830321726,37.498114,139.932917,10,0.023,0.049,9.526,7.09
1424830321826,37.498109,139.932914,10,0.07,-0.055,9.708,7.065
1424830321927,37.498103,139.932912,10,0.082,-0.127,9.579,7.04
1424830322028,37.498098,139.932909,10,0.089,-0.091,9.466,7.014
1424830322128,37.498093,139.932906,10,0.008,-0.029,9.489,6.99
1424830322229,37.498088,139.932903,10,-0.101,0.074,9.266,6.964
1424830322325,37.498083,139.9329,10,-0.084,0.1,9.468,6.941
1424830322426,37.498077,139.932898,10,0.03,0.041,9.776,6.916
1424830322526,37.498071,139.932891,13,0.02,0.044,9.576,6.929
1424830322627,37.498063,139.932884,13,0.032,0.055,9.552,6.954
1424830322728,37.498056,139.932877,13,0.089,0.006,9.475,6.979
1424830322828,37.498049,139.932869,13,0.02,0.035,9.426,7.003
1424830322929,37.498041,139.932862,13,-0.044,0.167,9.517,7.029
1424830323025,37.498034,139.932855,13,-0.041,0.128,9.515,7.053
1424830323125,37.498027,139.932847,13,-0.093,0.09,9.5,7.078
1424830323226,37.49802,139.93284,13,-0.106,0.036,9.522,7.103
1424830323327,37.498012,139.932832,13,-0.076,-0.037,9.534,7.129
1424830323427,37.498005,139.932825,13,-0.076,-0.05,9.467,7.154
1424830323528,37.497997,139.93282,13,-0.071,-0.044,9.429,7.16
1424830323629,37.49799,139.932817,13,0.014,-0.057,9.391,7.16
1424830323725,37.497983,139.932814,13,0.005,-0.046,9.353,7.16
1424830323825,37.497975,139.932811,13,-0.02,-0.144,9.486,7.16
1424830323926,37.497968,139.932808,13,0.017,-0.225,9.559,7.16
1424830324027,37.49796,139.932805,13,0.047,-0.233,9.624,7.16
1424830324127,37.497953,139.932801,13,0.058,-0.153,9.506,7.16
1424830324228,37.497945,139.932798,13,0.095,-0.139,9.476,7.16
1424830324329,37.497938,139.932795,13,0.151,-0.115,9.432,7.16
1424830324425,37.497931,139.932792,13,0.203,0.028,9.343,7.16
1424830324525,37.497925,139.932789,7,0.154,0.052,9.479,7.122
1424830324626,37.49792,139.932786,7,0.1,0.028,9.58,7.071
1424830324727,37.497916,139.932783,7,0.09,-0.03,9.525,7.021
1424830324827,37.497911,139.932781,7,0.11,-0.006,9.447,6.971
1424830324928,37.497906,139.932778,7,0.129,0.02,9.482,6.921
1424830325029,37.497901,139.932775,7,0.161,-0.025,9.545,6.872
1424830325129,37.497897,139.932772,7,0.205,0.002,9.597,6.824
1424830325225,37.497892,139.93277,7,0.203,0.086,9.441,6.777
1424830325326,37.497888,139.932767,7,0.197,0.131,9.32,6.729
1424830325427,37.497883,139.932765,7,0.22,0.079,9.426,6.681
1424830325527,37.497878,139.932763,7,0.273,0.028,9.634,6.67
1424830325628,37.497872,139.932761,7,0.223,0.092,9.541,6.67
1424830325729,37.497867,139.932759,7,0.207,0.11,9.396,6.67
1424830325829,37.497862,139.932757,7,0.235,-0.002,9.484,6.67
1424830325925,37.497856,139.932755,7,0.268,-0.033,9.505,6.67
1424830326026,37.497851,139.932753,7,0.237,0.062,9.429,6.67
1424830326126,37.497845,139.932751,7,0.273,0.074,9.481,6.67
1424830326227,37.49784,139.932749,7,0.314,0.023,9.536,6.67
1424830326328,37.497835,139.932747,7,0.281,0.028,9.535,6.67
1424830326429,37.497829,139.932745,7,0.266,0.082,9.447,6.67
1424830326529,37.497825,139.932743,8,0.317,0.056,9.393,6.651
1424830326625,37.497821,139.932741,8,0.328,-0.026,9.483,6.627
1424830326726,37.497816,139.932738,8,0.288,-0.051,9.583,6.603
1424830326826,37.497812,139.932736,8,0.246,-0.033,9.482,6.579
1424830326927,37.497808,139.932733,8,0.257,-0.05,9.417,6.554
1424830327028,37.497804,139.932731,8,0.27,-0.168,9.475,6.53
1424830327129,37.497799,139.932729,8,0.306,-0.153,9.461,6.506
1424830327229,37.497795,139.932726,8,0.319,-0.145,9.389,6.482
1424830327325,37.497791,139.932724,8,0.294,-0.196,9.408,6.46
1424830327426,37.497787,139.932722,8,0.263,-0.271,9.63,6.436
1424830327526,37.497784,139.932719,9,0.156,-0.284,9.498,6.351
1424830327627,37.497781,139.932717,9,0.109,-0.224,9.392,6.247
1424830327728,37.497778,139.932715,9,0.112,-0.287,9.438,6.144
1424830327828,37.497775,139.932713,9,0.108,-0.304,9.533,6.045
1424830327929,37.497772,139.932712,9,0.093,-0.276,9.432,5.946
1424830328025,37.497769,139.93271,9,0.128,-0.259,9.501,5.853
1424830328126,37.497767,139.932708,9,0.155,-0.296,9.58,5.757
1424830328226,37.497764,139.932706,9,0.135,-0.318,9.49,5.664
1424830328327,37.497761,139.932704,9,0.101,-0.292,9.48,5.571
1424830328428,37.497759,139.932702,9,0.134,-0.305,9.525,5.48
1424830328528,37.497754,139.9327,10,0.159,-0.281,9.475,5.46
1424830328629,37.497748,139.932698,10,0.186,-0.29,9.446,5.46
1424830328725,37.497743,139.932696,10,0.172,-0.269,9.472,5.46
1424830328825,37.497738,139.932694,10,0.138,-0.258,9.425,5.46
1424830328926,37.497733,139.932692,10,0.141,-0.304,9.474,5.46
1424830329027,37.497727,139.93269,10,0.135,-0.363,9.606,5.46
1424830329128,37.497722,139.932688,10,0.112,-0.375,9.534,5.46
1424830329228,37.497716,139.932686,10,0.073,-0.36,9.329,5.46
1424830329329,37.497711,139.932684,10,0.099,-0.378,9.343,5.46
1424830329425,37.497706,139.932682,10,0.142,-0.473,9.544,5.46
1424830329525,37.4977,139.93268,10,0.132,-0.529,9.575,5.46
1424830329626,37.497695,139.932678,10,0.066,-0.526,9.474,5.46
1424830329727,37.49769,139.932676,10,0.044,-0.524,9.516,5.46
1424830329828,37.497684,139.932674,10,0.06,-0.558,9.525,5.46
1424830329928,37.497679,139.932672,10,0.124,-0.553,9.462,5.46
1424830330029,37.497674,139.93267,10,0.134,-0.528,9.392,5.46
1424830330125,37.497668,139.932668,10,0.094,-0.516,9.458,5.46
1424830330225,37.497663,139.932666,10,0.122,-0.524,9.534,5.46
1424830330326,37.497658,139.932664,10,0.147,-0.52,9.486,5.46
1424830330427,37.497652,139.932661,10,0.162,-0.541,9.439,5.46
1424830330527,37.497649,139.932659,10,0.172,-0.57,9.508,5.401
1424830330628,37.497646,139.932656,10,0.153,-0.594,9.534,5.324
1424830330729,37.497642,139.932652,10,0.123,-0.573,9.356,5.249
1424830330825,37.49764,139.93265,10,0.161,-0.563,9.393,5.178
1424830330925,37.497637,139.932647,10,0.21,-0.574,9.522,5.105
1424830331026,37.497634,139.932644,10,0.229,-0.599,9.577,5.033
1424830331127,37.497631,139.932641,10,0.211,-0.622,9.526,4.961
1424830331227,37.497628,139.932638,10,0.183,-0.637,9.461,4.892
1424830331328,37.497625,139.932635,10,0.149,-0.631,9.423,4.822
1424830331429,37.497623,139.932633,10,0.147,-0.679,9.509,4.754
1424830331530,37.49762,139.932631,10,0.104,-0.628,9.454,4.701
1424830331625,37.497617,139.932631,10,0.12,-0.647,9.478,4.654
1424830331726,37.497614,139.93263,10,0.115,-0.662,9.527,4.605
1424830331827,37.497611,139.932629,10,0.087,-0.658,9.537,4.557
1424830331927,37.497608,139.932629,10,0.055,-0.645,9.408,4.51
1424830332028,37.497605,139.932628,10,0.069,-0.685,9.459,4.462
1424830332129,37.497602,139.932627,10,0.156,-0.763,9.572,4.416
1424830332229,37.497599,139.932626,10,0.18,-0.809,9.527,4.37
1424830332325,37.497596,139.932626,10,0.192,-0.836,9.421,4.326
1424830332426,37.497594,139.932625,10,0.159,-0.905,9.389,4.281
1424830332527,37.497593,139.932625,10,0.096,-0.955,9.52,4.124
1424830332627,37.497593,139.932624,10,-0.006,-0.998,9.548,3.941
1424830332728,37.497593,139.932624,10,-0.068,-0.992,9.454,3.763
1424830332829,37.497593,139.932623,10,-0.063,-0.989,9.512,3.592
1424830332929,37.497593,139.932623,10,0.003,-1.01,9.55,3.43
1424830333025,37.497593,139.932622,10,0.066,-1.022,9.488,3.281
1424830333126,37.497593,139.932622,10,0.083,-1.024,9.449,3.131
1424830333226,37.497593,139.932622,10,0.116,-1.034,9.472,2.99
1424830333327,37.497593,139.932621,10,0.088,-0.999,9.539,2.855
1424830333428,37.497593,139.932621,10,0.056,-0.942,9.495,2.727
1424830333529,37.497592,139.93262,9,0.043,-0.9,9.48,2.649
1424830333629,37.497591,139.932619,9,0.033,-0.863,9.476,2.586
1424830333730,37.497591,139.932618,9,0.035,-0.816,9.461,2.524
1424830333826,37.49759,139.932617,9,0.015,-0.794,9.49,2.466
1424830333925,37.497589,139.932616,9,0.027,-0.787,9.505,2.407
1424830334027,37.497588,139.932616,9,0.064,-0.748,9.462,2.348
1424830334126,37.497587,139.932615,9,0.077,-0.663,9.477,2.293
1424830334228,37.497587,139.932614,9,0.063,-0.605,9.506,2.237
1424830334327,37.497586,139.932613,9,0.046,-0.56,9.497,2.184
1424830334425,37.497585,139.932612,9,0.051,-0.545,9.473,2.133
1424830334525,37.497584,139.932612,8,0.051,-0.552,9.487,2.094
1424830334626,37.497582,139.932611,8,0.044,-0.581,9.484,2.06
1424830334727,37.49758,139.932611,8,0.016,-0.581,9.489,2.026
1424830334828,37.497578,139.93261,8,0.022,-0.569,9.475,1.993
1424830334928,37.497576,139.93261,8,0.05,-0.552,9.497,1.961
1424830335029,37.497574,139.932609,8,0.061,-0.552,9.485,1.928
1424830335125,37.497573,139.932609,8,0.063,-0.556,9.477,1.898
1424830335226,37.497571,139.932608,8,0.043,-0.578,9.482,1.867
1424830335326,37.497569,139.932608,8,0.028,-0.589,9.491,1.837
1424830335427,37.497567,139.932607,8,0.019,-0.58,9.5,1.807
1424830335528,37.497568,139.932606,8,0.032,-0.582,9.489,1.775
1424830335628,37.497569,139.932606,8,0.036,-0.488,9.521,1.743
1424830335729,37.49757,139.932605,8,0.045,-0.226,9.542,1.711
1424830335825,37.497571,139.932605,8,0.046,0.096,9.498,1.681
1424830335925,37.497571,139.932604,8,0.046,0.331,9.439,1.651
1424830336026,37.497572,139.932603,8,0.064,0.346,9.409,1.621
1424830336127,37.497573,139.932603,8,0.06,0.228,9.434,1.591
1424830336227,37.497574,139.932602,8,0.053,0.105,9.476,1.562
1424830336328,37.497575,139.932602,8,0.032,0.046,9.522,1.534
1424830336429,37.497576,139.932601,8,0.029,0.097,9.496,1.506
1424830336525,37.497576,139.932601,8,0.026,0.165,9.478,1.5
1424830336625,37.497576,139.932601,8,0.028,0.196,9.48,1.5
1424830336726,37.497576,139.9326,8,0.044,0.173,9.466,1.5
1424830336827,37.497576,139.9326,8,0.047,0.142,9.485,1.5
1424830336927,37.497576,139.9326,8,0.04,0.144,9.502,1.5
1424830337028,37.497576,139.9326,8,0.03,0.163,9.49,1.5
1424830337129,37.497576,139.9326,8,0.03,0.163,9.477,1.5
1424830337230,37.497576,139.932599,8,0.031,0.153,9.491,1.5
1424830337325,37.497576,139.932599,8,0.041,0.147,9.491,1.5
1424830337426,37.497576,139.932599,8,0.039,0.162,9.478,1.5
1424830337527,37.497576,139.932599,8,0.041,0.162,9.468,1.5
1424830337627,37.497576,139.932599,8,0.038,0.158,9.484,1.5
1424830337728,37.497577,139.932598,8,0.035,0.153,9.471,1.5
1424830337829,37.497577,139.932598,8,0.034,0.154,9.466,1.5
1424830337929,37.497577,139.932598,8,0.036,0.156,9.481,1.5
1424830338025,37.497577,139.932598,8,0.046,0.152,9.476,1.5
1424830338126,37.497577,139.932598,8,0.05,0.155,9.479,1.5
1424830338227,37.497578,139.932597,8,0.051,0.16,9.482,1.5
1424830338327,37.497578,139.932597,8,0.041,0.159,9.471,1.5
1424830338428,37.497578,139.932597,8,0.032,0.153,9.478,1.5
1424830338529,37.497578,139.932597,7,0.03,0.156,9.486,1.5
1424830338629,37.497579,139.932598,7,0.047,0.151,9.483,1.5
1424830338725,37.497579,139.932598,7,0.047,0.154,9.476,1.5
1424830338826,37.497579,139.932599,7,0.044,0.152,9.484,1.5
1424830338926,37.497579,139.932599,7,0.047,0.15,9.491,1.5
1424830339027,37.49758,139.932599,7,0.05,0.158,9.487,1.5
1424830339128,37.49758,139.9326,7,0.041,0.159,9.484,1.5
1424830339229,37.49758,139.9326,7,0.041,0.15,9.462,1.5
1424830339329,37.497581,139.932601,7,0.041,0.152,9.479,1.5
1424830339425,37.497581,139.932601,7,0.043,0.153,9.464,1.5
1424830339526,37.497581,139.932601,8,0.043,0.156,9.466,1.5
1424830339626,37.497581,139.932602,8,0.04,0.15,9.472,1.5
1424830339727,37.497581,139.932602,8,0.044,0.15,9.472,1.5
1424830339828,37.497581,139.932603,8,0.033,0.163,9.505,1.5
1424830339929,37.497581,139.932603,8,0.037,0.161,9.494,1.5
1424830340029,37.49758,139.932603,8,0.041,0.15,9.493,1.5
1424830340125,37.49758,139.932604,8,0.045,0.151,9.475,1.5
1424830340226,37.49758,139.932604,8,0.037,0.156,9.487,1.5
1424830340326,37.49758,139.932604,8,0.04,0.15,9.483,1.5
1424830340427,37.49758,139.932605,8,0.043,0.152,9.46,1.5
1424830340528,37.49758,139.932605,8,0.041,0.156,9.468,1.5
1424830340628,37.49758,139.932605,8,0.044,0.155,9.474,1.5
1424830340729,37.497581,139.932604,8,0.047,0.159,9.485,1.5
1424830340825,37.497581,139.932604,8,0.047,0.156,9.48,1.5
1424830340926,37.497581,139.932604,8,0.039,0.157,9.483,1.5
1424830341026,37.497581,139.932604,8,0.045,0.154,9.493,1.5
1424830341127,37.497581,139.932604,8,0.04,0.15,9.487,1.5
1424830341228,37.497582,139.932603,8,0.041,0.154,9.493,1.5
1424830341328,37.497582,139.932603,8,0.046,0.155,9.49,1.5
1424830341429,37.497582,139.932603,8,0.043,0.156,9.48,1.5
1424830341525,37.497582,139.932603,8,0.048,0.153,9.481,1.5
1424830341626,37.497582,139.932604,8,0.048,0.149,9.471,1.5
1424830341726,37.497583,139.932605,8,0.048,0.152,9.48,1.5
1424830341827,37.497583,139.932605,8,0.047,0.151,9.49,1.5
1424830341928,37.497583,139.932606,8,0.051,0.151,9.481,1.5
1424830342028,37.497583,139.932606,8,0.041,0.157,9.488,1.5
1424830342129,37.497583,139.932607,8,0.034,0.155,9.486,1.5
1424830342225,37.497584,139.932608,8,0.032,0.153,9.498,1.5
1424830342325,37.497584,139.932608,8,0.04,0.15,9.478,1.5
1424830342426,37.497584,139.932609,8,0.045,0.152,9.47,1.5
1424830342527,37.497584,139.932609,9,0.043,0.148,9.483,1.5
1424830342627,37.497584,139.932609,9,0.052,0.145,9.476,1.5
1424830342728,37.497584,139.932609,9,0.044,0.153,9.485,1.5
1424830342829,37.497584,139.932609,9,0.034,0.158,9.473,1.5
1424830342925,37.497584,139.932609,9,0.035,0.152,9.477,1.5
1424830343025,37.497584,139.932609,9,0.036,0.148,9.466,1.5
1424830343126,37.497584,139.932609,9,0.036,0.151,9.476,1.5
1424830343227,37.497584,139.932609,9,0.039,0.148,9.478,1.5
1424830343327,37.497584,139.932609,9,0.05,0.14,9.458,1.5
1424830343428,37.497584,139.932609,9,0.049,0.145,9.476,1.5
1424830343529,37.497584,139.93261,9,0.05,0.146,9.481,1.5
1424830343629,37.497584,139.93261,9,0.05,0.148,9.485,1.5
1424830343725,37.497584,139.93261,9,0.052,0.146,9.479,1.5
1424830343826,37.497584,139.93261,9,0.047,0.149,9.481,1.5
1424830343927,37.497584,139.93261,9,0.044,0.15,9.48,1.5
1424830344027,37.497584,139.93261,9,0.042,0.149,9.474,1.5
1424830344128,37.497584,139.93261,9,0.046,0.147,9.475,1.5
1424830344229,37.497584,139.93261,9,0.046,0.147,9.477,1.5
1424830344329,37.497584,139.93261,9,0.037,0.15,9.474,1.5
1424830344425,37.497584,139.93261,9,0.041,0.149,9.482,1.5
1424830344526,37.497584,139.93261,9,0.04,0.144,9.485,1.5
1424830344626,37.497584,139.93261,9,0.046,0.14,9.476,1.5
1424830344727,37.497584,139.93261,9,0.041,0.145,9.477,1.5
1424830344828,37.497584,139.93261,9,0.042,0.146,9.472,1.5
1424830344929,37.497584,139.93261,9,0.039,0.146,9.472,1.5
1424830345029,37.497584,139.93261,9,0.041,0.146,9.473,1.5
1424830345125,37.497584,139.93261,9,0.045,0.149,9.478,1.5
1424830345226,37.497584,139.93261,9,0.045,0.147,9.473,1.5
1424830345327,37.497584,139.93261,9,0.045,0.15,9.468,1.5
1424830345427,37.497584,139.93261,9,0.037,0.149,9.474,1.5
1424830345528,37.497584,139.93261,10,0.044,0.151,9.475,1.5
1424830345629,37.497584,139.93261,10,0.047,0.154,9.483,1.5
1424830345729,37.497584,139.93261,10,0.047,0.155,9.47,1.5
1424830345825,37.497584,139.93261,10,0.042,0.154,9.484,1.5
1424830345926,37.497584,139.93261,10,0.042,0.149,9.477,1.5
1424830346026,37.497583,139.932609,10,0.043,0.151,9.463,1.5
1424830346127,37.497583,139.932609,10,0.036,0.155,9.476,1.5
1424830346228,37.497583,139.932609,10,0.033,0.153,9.47,1.5
1424830346329,37.497583,139.932609,10,0.038,0.154,9.478,1.5
1424830346429,37.497583,139.932609,10,0.04,0.153,9.469,1.5
1424830346525,37.497583,139.932609,10,0.049,0.146,9.467,1.5
1424830346626,37.497583,139.932609,10,0.049,0.145,9.461,1.5
1424830346726,37.497583,139.932609,10,0.05,0.148,9.465,1.5
1424830346827,37.497583,139.932609,10,0.047,0.155,9.485,1.5
1424830346928,37.497583,139.932609,10,0.048,0.154,9.483,1.5
1424830347028,37.497583,139.93261,10,0.049,0.157,9.473,1.5
1424830347129,37.497583,139.93261,10,0.044,0.157,9.481,1.5
1424830347225,37.497583,139.93261,10,0.043,0.157,9.488,1.5
1424830347326,37.497583,139.93261,10,0.039,0.154,9.491,1.5
1424830347426,37.497583,139.93261,10,0.041,0.153,9.482,1.5
1424830347527,37.497583,139.93261,10,0.044,0.159,9.474,1.5
1424830347628,37.497583,139.93261,10,0.037,0.157,9.479,1.5
1424830347728,37.497583,139.93261,10,0.036,0.158,9.479,1.5
1424830347829,37.497583,139.93261,10,0.037,0.16,9.502,1.5
1424830347925,37.497583,139.93261,10,0.04,0.161,9.477,1.5
1424830348030,37.497582,139.932609,10,0.046,0.154,9.469,1.5
1424830348126,37.497582,139.932609,10,0.044,0.155,9.482,1.5
1424830348225,37.497582,139.932609,10,0.052,0.158,9.481,1.5
1424830348328,37.497582,139.932609,10,0.042,0.164,9.482,1.5
1424830348427,37.497582,139.932609,10,0.039,0.16,9.474,1.5
1424830348529,37.497582,139.932609,10,0.04,0.153,9.491,1.5
1424830348625,37.497582,139.932609,10,0.04,0.154,9.485,1.5
1424830348725,37.497582,139.932609,10,0.039,0.157,9.496,1.5
1424830348826,37.497582,139.932609,10,0.042,0.152,9.49,1.5
1424830348927,37.497582,139.932609,10,0.049,0.151,9.491,1.5
1424830349028,37.497583,139.932609,10,0.038,0.155,9.489,1.5
1424830349128,37.497583,139.932609,10,0.036,0.155,9.487,1.5
1424830349229,37.497583,139.932609,10,0.039,0.153,9.487,1.5
1424830349325,37.497583,139.932609,10,0.046,0.152,9.474,1.5
1424830349425,37.497583,139.932609,10,0.043,0.153,9.484,1.5
1424830349526,37.497583,139.932609,10,0.04,0.147,9.47,1.5
1424830349627,37.497583,139.932609,10,0.044,0.145,9.473,1.5
1424830349727,37.497583,139.932609,10,0.036,0.152,9.489,1.5
1424830349828,37.497583,139.932609,10,0.038,0.15,9.476,1.5
1424830349929,37.497583,139.932609,10,0.041,0.149,9.485,1.5
1424830350025,37.497583,139.93261,10,0.042,0.149,9.479,1.5
1424830350125,37.497583,139.93261,10,0.037,0.152,9.492,1.5
1424830350226,37.497583,139.93261,10,0.036,0.151,9.489,1.5
1424830350327,37.497583,139.93261,10,0.046,0.146,9.486,1.5
1424830350427,37.497583,139.93261,10,0.049,0.146,9.48,1.5
1424830350528,37.497583,139.93261,10,0.045,0.144,9.477,1.5
1424830350629,37.497583,139.93261,10,0.04,0.146,9.482,1.5
1424830350729,37.497583,139.93261,10,0.041,0.153,9.486,1.5
1424830350825,37.497583,139.93261,10,0.043,0.147,9.48,1.5
1424830350926,37.497583,139.93261,10,0.046,0.146,9.471,1.5
1424830351027,37.497583,139.93261,10,0.04,0.144,9.488,1.5
1424830351127,37.497583,139.93261,10,0.043,0.141,9.497,1.5
1424830351228,37.497583,139.93261,10,0.042,0.146,9.505,1.5
1424830351329,37.497583,139.93261,10,0.05,0.145,9.505,1.5
1424830351429,37.497583,139.93261,10,0.05,0.141,9.493,1.5
1424830351525,37.497583,139.93261,9,0.041,0.147,9.49,1.5
1424830351626,37.497583,139.93261,9,0.039,0.145,9.494,1.5
1424830351727,37.497583,139.93261,9,0.031,0.146,9.49,1.5
1424830351827,37.497583,139.93261,9,0.037,0.145,9.483,1.5
1424830351928,37.497583,139.93261,9,0.04,0.144,9.482,1.5
1424830352029,37.497583,139.93261,9,0.032,0.147,9.491,1.5
1424830352129,37.497583,139.93261,9,0.032,0.149,9.498,1.5
1424830352225,37.497583,139.93261,9,0.045,0.149,9.497,1.5
1424830352326,37.497583,139.93261,9,0.044,0.148,9.497,1.5
1424830352426,37.497583,139.93261,9,0.038,0.149,9.498,1.5
1424830352527,37.497583,139.93261,10,0.031,0.15,9.499,1.5
1424830352628,37.497583,139.93261,10,0.033,0.15,9.492,1.5
1424830352729,37.497583,139.93261,10,0.043,0.147,9.502,1.5
1424830352829,37.497583,139.93261,10,0.043,0.145,9.483,1.5
1424830352925,37.497583,139.93261,10,0.046,0.145,9.477,1.5
1424830353026,37.497583,139.93261,10,0.038,0.147,9.492,1.5
1424830353126,37.497583,139.93261,10,0.039,0.15,9.49,1.5
1424830353227,37.497583,139.93261,10,0.039,0.152,9.496,1.5
1424830353328,37.497583,139.93261,10,0.054,0.15,9.482,1.5
1424830353428,37.497583,139.93261,10,0.049,0.145,9.497,1.5
1424830353529,37.497583,139.93261,11,0.049,0.142,9.484,1.5
1424830353625,37.497583,139.93261,11,0.043,0.142,9.491,1.5
1424830353725,37.497583,139.93261,11,0.046,0.149,9.499,1.5
1424830353826,37.497583,139.93261,11,0.044,0.153,9.497,1.5
1424830353927,37.497583,139.93261,11,0.028,0.155,9.505,1.5
1424830354028,37.497584,139.93261,11,0.039,0.15,9.504,1.5
1424830354128,37.497584,139.93261,11,0.044,0.151,9.507,1.5
1424830354229,37.497584,139.93261,11,0.044,0.151,9.482,1.5
1424830354325,37.497584,139.93261,11,0.044,0.152,9.473,1.5
1424830354425,37.497584,139.93261,11,0.041,0.143,9.486,1.5
1424830354526,37.497584,139.93261,11,0.036,0.151,9.495,1.5
1424830354627,37.497584,139.93261,11,0.04,0.15,9.492,1.5
1424830354728,37.497584,139.93261,11,0.048,0.151,9.479,1.5
1424830354828,37.497584,139.93261,11,0.05,0.145,9.484,1.5
1424830354929,37.497584,139.93261,11,0.042,0.145,9.494,1.5
1424830355025,37.497584,139.93261,11,0.036,0.152,9.498,1.5
1424830355125,37.497584,139.93261,11,0.041,0.154,9.486,1.5
1424830355226,37.497584,139.93261,11,0.041,0.159,9.484,1.5
1424830355327,37.497584,139.93261,11,0.042,0.154,9.486,1.5
1424830355427,37.497584,139.93261,11,0.036,0.154,9.496,1.5
1424830355528,37.497584,139.93261,12,0.037,0.159,9.496,1.5
1424830355629,37.497584,139.93261,12,0.043,0.158,9.496,1.5
1424830355725,37.497584,139.93261,12,0.053,0.151,9.482,1.5
1424830355825,37.497584,139.93261,12,0.046,0.145,9.476,1.5
1424830355926,37.497584,139.93261,12,0.04,0.145,9.478,1.5
1424830356027,37.497584,139.932611,12,0.038,0.148,9.479,1.5
1424830356127,37.497584,139.932611,12,0.034,0.151,9.493,1.5
1424830356228,37.497584,139.932611,12,0.041,0.151,9.476,1.5
1424830356329,37.497584,139.932611,12,0.037,0.149,9.493,1.5
1424830356425,37.497584,139.932611,12,0.042,0.153,9.493,1.5
1424830356525,37.497584,139.932611,12,0.037,0.156,9.499,1.5
1424830356626,37.497584,139.932611,12,0.036,0.154,9.491,1.5
1424830356727,37.497584,139.932611,12,0.046,0.151,9.485,1.5
1424830356827,37.497584,139.932611,12,0.044,0.15,9.49,1.5
1424830356928,37.497584,139.932611,12,0.042,0.148,9.491,1.5
1424830357029,37.497584,139.932611,12,0.049,0.142,9.492,1.5
1424830357130,37.497584,139.932611,12,0.049,0.146,9.477,1.5
1424830357225,37.497584,139.932611,12,0.045,0.146,9.471,1.5
1424830357326,37.497584,139.932611,12,0.038,0.149,9.491,1.5
1424830357427,37.497584,139.932611,12,0.042,0.146,9.488,1.5
1424830357527,37.497584,139.932611,9,0.043,0.154,9.475,1.5
1424830357628,37.497584,139.932611,9,0.041,0.152,9.474,1.5
1424830357729,37.497584,139.932611,9,0.044,0.147,9.484,1.5
1424830357830,37.497584,139.932611,9,0.045,0.141,9.488,1.5
1424830357925,37.497584,139.932611,9,0.036,0.14,9.488,1.5
1424830358026,37.497584,139.932611,9,0.044,0.145,9.496,1.5
1424830358126,37.497584,139.932611,9,0.053,0.142,9.492,1.5
1424830358227,37.497584,139.932611,9,0.048,0.147,9.487,1.5
1424830358328,37.497584,139.932611,9,0.042,0.149,9.492,1.5
1424830358429,37.497584,139.932611,9,0.04,0.159,9.486,1.5
1424830358529,37.497584,139.932611,9,0.045,0.156,9.474,1.5
1424830358625,37.497584,139.932611,9,0.038,0.155,9.473,1.5
1424830358726,37.497584,139.932611,9,0.04,0.153,9.485,1.5
1424830358826,37.497584,139.932611,9,0.046,0.146,9.494,1.5
1424830358927,37.497584,139.932611,9,0.046,0.145,9.482,1.5
1424830359028,37.497584,139.932611,9,0.036,0.15,9.5,1.5
1424830359129,37.497584,139.932611,9,0.042,0.15,9.493,1.5
1424830359229,37.497584,139.932611,9,0.042,0.151,9.494,1.5
1424830359325,37.497584,139.932611,9,0.04,0.152,9.499,1.5
1424830359426,37.497584,139.932611,9,0.044,0.145,9.492,1.5
1424830359526,37.497584,139.932611,9,0.044,0.154,9.482,1.5
1424830359627,37.497584,139.932611,9,0.043,0.157,9.474,1.5
1424830359728,37.497584,139.932611,9,0.04,0.156,9.487,1.5
1424830359829,37.497584,139.932611,9,0.04,0.151,9.496,1.5
1424830359929,37.497584,139.932611,9,0.044,0.154,9.485,1.5
1424830360025,37.497584,139.932611,9,0.048,0.157,9.484,1.5
1424830360126,37.497584,139.932611,9,0.046,0.15,9.482,1.5
1424830360226,37.497584,139.932611,9,0.044,0.15,9.488,1.5
1424830360327,37.497584,139.932611,9,0.041,0.155,9.5,1.5
1424830360428,37.497584,139.932611,9,0.041,0.159,9.483,1.5
1424830360528,37.497584,139.932611,9,0.047,0.149,9.475,1.5
1424830360629,37.497584,139.932611,9,0.045,0.142,9.468,1.5
1424830360725,37.497584,139.932611,9,0.048,0.147,9.481,1.5
1424830360825,37.497584,139.932611,9,0.049,0.154,9.487,1.5
1424830360926,37.497584,139.932611,9,0.041,0.161,9.494,1.5
1424830361027,37.497584,139.932611,9,0.04,0.152,9.496,1.5
1424830361127,37.497584,139.932611,9,0.04,0.153,9.47,1.5
1424830361228,37.497584,139.932611,9,0.036,0.16,9.489,1.5
1424830361329,37.497584,139.932611,9,0.041,0.156,9.477,1.5
1424830361425,37.497584,139.932611,9,0.043,0.143,9.475,1.5
1424830361525,37.497584,139.932611,10,0.04,0.143,9.481,1.5
1424830361626,37.497584,139.932611,10,0.045,0.15,9.481,1.5
1424830361727,37.497584,139.932611,10,0.043,0.153,9.495,1.5
1424830361827,37.497584,139.932611,10,0.041,0.153,9.5,1.5
1424830361928,37.497584,139.932611,10,0.035,0.152,9.493,1.5
1424830362029,37.497584,139.932611,10,0.033,0.152,9.494,1.5
1424830362130,37.497584,139.932611,10,0.039,0.151,9.499,1.5
1424830362225,37.497584,139.932611,10,0.05,0.143,9.478,1.5
1424830362331,37.497584,139.932611,10,0.052,0.148,9.475,1.5
1424830362427,37.497584,139.932611,10,0.041,0.156,9.477,1.5
1424830362526,37.497584,139.932611,10,0.045,0.151,9.479,1.5
1424830362628,37.497584,139.932611,10,0.042,0.151,9.495,1.5
1424830362727,37.497584,139.932611,10,0.04,0.154,9.476,1.5
1424830362825,37.497584,139.932611,10,0.042,0.156,9.489,1.5
1424830362925,37.497584,139.932611,10,0.04,0.154,9.494,1.5
1424830363026,37.497584,139.932611,10,0.043,0.153,9.49,1.5
1424830363127,37.497584,139.932611,10,0.044,0.154,9.48,1.5
1424830363227,37.497584,139.932611,10,0.039,0.157,9.464,1.5
1424830363328,37.497584,139.932611,10,0.04,0.154,9.481,1.5
1424830363429,37.497584,139.932611,10,0.042,0.157,9.471,1.5
1424830363529,37.497584,139.932611,9,0.042,0.16,9.477,1.5
1424830363625,37.497584,139.932611,9,0.044,0.154,9.477,1.5
1424830363726,37.497584,139.932611,9,0.044,0.151,9.484,1.5
1424830363827,37.497584,139.932611,9,0.041,0.148,9.487,1.5
1424830363927,37.497584,139.932611,9,0.044,0.148,9.467,1.5
1424830364028,37.497584,139.932611,9,0.04,0.149,9.481,1.5
1424830364129,37.497584,139.932611,9,0.031,0.152,9.46,1.5
1424830364229,37.497584,139.932611,9,0.034,0.148,9.468,1.5
1424830364325,37.497584,139.932611,9,0.029,0.152,9.475,1.5
1424830364426,37.497584,139.932611,9,0.04,0.148,9.474,1.5
1424830364526,37.497584,139.932611,9,0.038,0.153,9.487,1.5
1424830364627,37.497584,139.932611,9,0.044,0.153,9.484,1.5
1424830364728,37.497584,139.932611,9,0.047,0.152,9.498,1.5
1424830364829,37.497584,139.932611,9,0.045,0.154,9.492,1.5
1424830364929,37.497584,139.932611,9,0.037,0.157,9.485,1.5
1424830365025,37.497584,139.932611,9,0.035,0.153,9.491,1.5
1424830365126,37.497584,139.932611,9,0.035,0.15,9.483,1.5
1424830365226,37.497584,139.932611,9,0.043,0.144,9.468,1.5
1424830365327,37.497584,139.932611,9,0.05,0.143,9.455,1.5
1424830365428,37.497584,139.932611,9,0.047,0.151,9.466,1.5
1424830365529,37.497584,139.932611,8,0.051,0.148,9.466,1.5
1424830365629,37.497584,139.932611,8,0.043,0.147,9.471,1.5
1424830365725,37.497584,139.932611,8,0.037,0.145,9.479,1.5
1424830365826,37.497584,139.932611,8,0.041,0.145,9.48,1.5
1424830365926,37.497584,139.932611,8,0.043,0.147,9.488,1.5
1424830366027,37.497584,139.932611,8,0.047,0.14,9.488,1.5
1424830366128,37.497584,139.932611,8,0.047,0.143,9.495,1.5
1424830366228,37.497584,139.932611,8,0.036,0.151,9.48,1.5
1424830366329,37.497584,139.932611,8,0.031,0.153,9.483,1.5
1424830366425,37.497584,139.932611,8,0.034,0.151,9.486,1.5
1424830366526,37.497584,139.932611,10,0.044,0.141,9.471,1.5
1424830366626,37.497584,139.932611,10,0.058,0.143,9.467,1.5
1424830366727,37.497584,139.932611,10,0.058,0.146,9.472,1.5
1424830366828,37.497584,139.932611,10,0.046,0.142,9.486,1.5
1424830366928,37.497584,139.932611,10,0.046,0.141,9.485,1.5
1424830367029,37.497584,139.93261,10,0.045,0.15,9.489,1.5
1424830367125,37.497584,139.93261,10,0.045,0.154,9.491,1.5
1424830367225,37.497584,139.93261,10,0.039,0.145,9.486,1.5
1424830367326,37.497584,139.93261,10,0.044,0.143,9.486,1.5
1424830367427,37.497584,139.93261,10,0.044,0.147,9.476,1.5
1424830367528,37.497584,139.93261,10,0.035,0.147,9.471,1.5
1424830367628,37.497584,139.93261,10,0.044,0.141,9.482,1.5
1424830367729,37.497584,139.93261,10,0.046,0.148,9.482,1.5
1424830367825,37.497584,139.93261,10,0.044,0.167,9.496,1.5
1424830367925,37.497584,139.93261,10,0.042,0.16,9.5,1.5
1424830368026,37.497584,139.93261,10,0.042,0.146,9.496,1.5
1424830368127,37.497584,139.93261,10,0.038,0.149,9.497,1.5
1424830368228,37.497584,139.93261,10,0.034,0.153,9.491,1.5
1424830368328,37.497584,139.93261,10,0.043,0.152,9.485,1.5
1424830368429,37.497584,139.93261,10,0.045,0.151,9.473,1.5
1424830368525,37.497584,139.93261,7,0.038,0.157,9.477,1.5
1424830368625,37.497584,139.93261,7,0.04,0.157,9.486,1.5
1424830368726,37.497584,139.93261,7,0.04,0.156,9.48,1.5
1424830368827,37.497584,139.93261,7,0.037,0.153,9.489,1.5
1424830368927,37.497584,139.93261,7,0.033,0.154,9.498,1.5
1424830369028,37.497584,139.93261,7,0.043,0.154,9.496,1.5
1424830369129,37.497584,139.93261,7,0.051,0.147,9.474,1.5
1424830369229,37.497584,139.93261,7,0.047,0.149,9.473,1.5
1424830369325,37.497584,139.93261,7,0.038,0.149,9.477,1.5
1424830369426,37.497584,139.93261,7,0.03,0.153,9.47,1.5
1424830369527,37.497584,139.93261,6,0.037,0.153,9.479,1.5
1424830369627,37.497584,139.93261,6,0.046,0.151,9.469,1.5
1424830369728,37.497584,139.93261,6,0.055,0.149,9.463,1.5
1424830369829,37.497584,139.93261,6,0.052,0.147,9.473,1.5
1424830369929,37.497584,139.93261,6,0.049,0.142,9.488,1.5
1424830370025,37.497584,139.93261,6,0.044,0.143,9.496,1.5
1424830370126,37.497584,139.93261,6,0.047,0.142,9.478,1.5
1424830370227,37.497584,139.93261,6,0.038,0.139,9.493,1.5
1424830370327,37.497584,139.93261,6,0.04,0.135,9.487,1.5
1424830370428,37.497584,139.93261,6,0.038,0.14,9.49,1.5
1424830370529,37.497584,139.93261,6,0.039,0.143,9.482,1.5
1424830370629,37.497584,139.93261,6,0.043,0.141,9.466,1.5
1424830370725,37.497584,139.93261,6,0.042,0.141,9.474,1.5
1424830370826,37.497584,139.93261,6,0.038,0.15,9.48,1.5
1424830370926,37.497584,139.93261,6,0.039,0.146,9.494,1.5
1424830371027,37.497584,139.93261,6,0.044,0.138,9.472,1.5
1424830371128,37.497584,139.93261,6,0.049,0.139,9.479,1.5
1424830371229,37.497584,139.93261,6,0.046,0.14,9.49,1.5
1424830371329,37.497584,139.93261,6,0.045,0.14,9.484,1.5
1424830371425,37.497584,139.93261,6,0.044,0.14,9.478,1.5
1424830371526,37.497584,139.93261,8,0.036,0.139,9.464,1.5
1424830371626,37.497584,139.93261,8,0.043,0.139,9.484,1.5
1424830371727,37.497584,139.93261,8,0.044,0.142,9.486,1.5
1424830371828,37.497584,139.93261,8,0.041,0.147,9.486,1.5
1424830371929,37.497584,139.93261,8,0.043,0.147,9.486,1.5
1424830372029,37.497584,139.932609,8,0.052,0.142,9.491,1.5
1424830372125,37.497584,139.932609,8,0.044,0.147,9.48,1.5
1424830372226,37.497584,139.932609,8,0.042,0.148,9.486,1.5
1424830372326,37.497584,139.932609,8,0.046,0.147,9.477,1.5
1424830372427,37.497584,139.932609,8,0.045,0.147,9.472,1.5
1424830372528,37.497584,139.932609,8,0.039,0.15,9.477,1.5
1424830372628,37.497584,139.932609,8,0.036,0.148,9.481,1.5
1424830372729,37.497584,139.932609,8,0.042,0.139,9.471,1.5
1424830372825,37.497584,139.932609,8,0.045,0.144,9.47,1.5
1424830372925,37.497584,139.932609,8,0.032,0.151,9.477,1.5
1424830373026,37.497584,139.932609,8,0.031,0.144,9.479,1.5
1424830373127,37.497584,139.932609,8,0.042,0.148,9.501,1.5
1424830373228,37.497584,139.932609,8,0.041,0.153,9.483,1.5
1424830373328,37.497584,139.932609,8,0.037,0.157,9.487,1.5
1424830373429,37.497584,139.932609,8,0.037,0.154,9.49,1.5
1424830373525,37.497584,139.932609,6,0.041,0.159,9.47,1.5
1424830373625,37.497584,139.932609,6,0.043,0.156,9.474,1.5
1424830373726,37.497584,139.932609,6,0.045,0.152,9.461,1.5
1424830373827,37.497584,139.932609,6,0.042,0.155,9.468,1.5
1424830373928,37.497584,139.932609,6,0.044,0.155,9.475,1.5
1424830374028,37.497584,139.932609,6,0.046,0.155,9.485,1.5
1424830374129,37.497584,139.932609,6,0.043,0.158,9.479,1.5
1424830374225,37.497584,139.932609,6,0.035,0.161,9.49,1.5
1424830374325,37.497584,139.932609,6,0.034,0.161,9.509,1.5
1424830374426,37.497584,139.932609,6,0.044,0.153,9.493,1.5
1424830374527,37.497584,139.932609,6,0.04,0.155,9.496,1.5
1424830374628,37.497584,139.932609,6,0.038,0.151,9.5,1.5
1424830374728,37.497584,139.932609,6,0.04,0.152,9.5,1.5
1424830374829,37.497584,139.932609,6,0.037,0.15,9.491,1.5
1424830374925,37.497584,139.932609,6,0.033,0.156,9.487,1.5
1424830375025,37.497584,139.932608,6,0.034,0.151,9.491,1.5
1424830375126,37.497584,139.932608,6,0.034,0.15,9.476,1.5
1424830375227,37.497584,139.932608,6,0.048,0.147,9.483,1.5
1424830375327,37.497584,139.932608,6,0.04,0.147,9.47,1.5
1424830375428,37.497584,139.932608,6,0.036,0.149,9.459,1.5
1424830375529,37.497584,139.932608,6,0.042,0.14,9.459,1.5
1424830375625,37.497584,139.932608,6,0.043,0.129,9.472,1.5
1424830375725,37.497584,139.932608,6,0.037,0.146,9.469,1.5
1424830375826,37.497584,139.932608,6,0.04,0.144,9.463,1.5
1424830375927,37.497584,139.932608,6,0.044,0.132,9.489,1.5
1424830376027,37.497584,139.932608,6,0.053,0.126,9.472,1.5
1424830376128,37.497584,139.932608,6,0.039,0.164,9.481,1.5
1424830376229,37.497584,139.932608,6,0.03,0.166,9.478,1.5
1424830376329,37.497584,139.932608,6,0.024,0.131,9.482,1.5
1424830376430,37.497584,139.932608,6,0.03,0.121,9.49,1.5
1424830376526,37.497584,139.932608,6,0.043,0.141,9.471,1.5
1424830376625,37.497584,139.932608,6,0.052,0.138,9.474,1.5
1424830376727,37.497584,139.932608,6,0.051,0.12,9.467,1.5
1424830376826,37.497584,139.932608,6,0.052,0.106,9.47,1.5
1424830376929,37.497584,139.932608,6,0.028,0.197,9.512,1.5
1424830377028,37.497584,139.932608,6,0.047,0.394,9.488,1.5
1424830377125,37.497584,139.932608,6,0.051,0.629,9.471,1.5
1424830377226,37.497584,139.932608,6,0.021,0.877,9.462,1.5
1424830389225,37.49712,139.932416,14,0.021,0.885,9.461,6.43
1424830389326,37.497115,139.932414,14,-0.008,0.445,9.32,6.43
1424830389426,37.497109,139.932412,14,-0.055,0.068,9.402,6.43
1424830389527,37.497104,139.932411,12,-0.146,-0.112,9.499,6.41
1424830389628,37.497098,139.932409,12,-0.138,-0.273,9.581,6.385
1424830389729,37.497093,139.932407,12,-0.135,-0.256,9.535,6.359
1424830389829,37.497088,139.932405,12,-0.136,-0.238,9.422,6.334
1424830389925,37.497083,139.932404,12,-0.143,-0.277,9.439,6.31
1424830390026,37.497077,139.932402,12,-0.166,-0.224,9.346,6.285
1424830390126,37.497072,139.9324,12,-0.059,-0.232,9.439,6.26
1424830390227,37.497067,139.932399,12,-0.079,-0.323,9.637,6.235
1424830390328,37.497061,139.932397,12,-0.175,-0.257,9.604,6.21
1424830390429,37.497056,139.932395,12,-0.076,-0.284,9.479,6.185
1424830390529,37.497051,139.932393,12,-0.058,-0.309,9.516,6.161
1424830390625,37.497045,139.93239,12,-0.099,-0.253,9.433,6.137
1424830390731,37.497039,139.932387,12,-0.21,-0.205,9.309,6.112
1424830390826,37.497034,139.932385,12,-0.111,-0.176,9.501,6.089
1424830390925,37.497028,139.932382,12,-0.051,-0.164,9.592,6.065
1424830391028,37.497022,139.932379,12,-0.043,-0.226,9.596,6.04
1424830391127,37.497017,139.932377,12,-0.038,-0.133,9.338,6.016
1424830391229,37.497011,139.932374,12,-0.018,-0.143,9.361,5.992
1424830391325,37.497006,139.932371,12,-0.031,-0.185,9.497,5.969
1424830391426,37.497,139.932369,12,-0.064,-0.15,9.526,5.946
1424830391526,37.496994,139.932366,13,-0.12,-0.049,9.365,5.958
1424830391627,37.496987,139.932364,13,-0.043,0.04,9.411,5.982
1424830391728,37.496981,139.932361,13,-0.081,-0.025,9.399,6.006
1424830391828,37.496974,139.932359,13,-0.166,0.004,9.417,6.03
1424830391929,37.496967,139.932356,13,-0.225,-0.005,9.505,6.054
1424830392025,37.496961,139.932354,13,-0.181,-0.062,9.519,6.077
1424830392126,37.496954,139.932351,13,-0.1,-0.055,9.606,6.101
1424830392226,37.496947,139.932349,13,-0.039,0.027,9.384,6.125
1424830392327,37.49694,139.932346,13,-0.051,0.026,9.396,6.15
1424830392428,37.496933,139.932344,13,-0.066,-0.052,9.444,6.175
1424830392528,37.496926,139.932341,14,-0.089,-0.044,9.602,6.18
1424830392629,37.496919,139.932337,14,-0.148,0.026,9.518,6.18
1424830392725,37.496911,139.932334,14,-0.147,0.063,9.515,6.18
1424830392825,37.496904,139.932331,14,-0.1,0.02,9.407,6.18
1424830392926,37.496896,139.932328,14,-0.062,0.012,9.496,6.18
1424830393027,37.496889,139.932325,14,-0.126,0.055,9.518,6.18
1424830393128,37.496881,139.932321,14,-0.147,0.093,9.527,6.18
1424830393228,37.496874,139.932318,14,-0.135,0.097,9.387,6.18
1424830393329,37.496866,139.932315,14,-0.093,0.081,9.401,6.18
1424830393425,37.496859,139.932312,14,-0.05,0.104,9.476,6.18
1424830393525,37.496853,139.932309,14,-0.082,0.101,9.455,6.123
1424830393626,37.496848,139.932307,14,-0.135,0.084,9.378,6.047
1424830393727,37.496843,139.932306,14,-0.125,0.1,9.455,5.972
1424830393828,37.496839,139.932304,14,-0.101,0.051,9.534,5.897
1424830393928,37.496834,139.932302,14,-0.143,0.069,9.481,5.825
1424830394029,37.496829,139.9323,14,-0.128,0.062,9.467,5.752
1424830394125,37.496825,139.932298,14,-0.122,0.111,9.404,5.684
1424830394225,37.49682,139.932296,14,-0.124,0.14,9.457,5.614
1424830394326,37.496816,139.932294,14,-0.167,0.099,9.541,5.544
1424830394427,37.496811,139.932292,14,-0.204,0.13,9.498,5.476
1424830394527,37.496806,139.932291,11,-0.28,0.135,9.474,5.512
1424830394628,37.496801,139.932289,11,-0.228,0.217,9.527,5.582
1424830394729,37.496796,139.932287,11,-0.206,0.204,9.492,5.652
1424830394829,37.496791,139.932285,11,-0.24,0.24,9.428,5.722
1424830394925,37.496786,139.932284,11,-0.26,0.23,9.464,5.791
1424830395026,37.49678,139.932282,11,-0.317,0.29,9.504,5.864
1424830395127,37.496775,139.93228,11,-0.326,0.311,9.438,5.938
1424830395227,37.496769,139.932278,11,-0.463,0.281,9.409,6.012
1424830395328,37.496764,139.932276,11,-0.444,0.193,9.504,6.087
1424830395429,37.496758,139.932274,11,-0.427,0.139,9.509,6.164
1424830395529,37.496753,139.932271,12,-0.448,0.197,9.275,6.199
1424830395625,37.496749,139.932268,12,-0.484,0.202,9.235,6.223
1424830395726,37.496744,139.932264,12,-0.429,0.05,9.45,6.248
1424830395826,37.496739,139.93226,12,-0.411,-0.01,9.64,6.273
1424830395927,37.496734,139.932257,12,-0.434,0.046,9.406,6.298
1424830396028,37.496729,139.932253,12,-0.431,0.048,9.308,6.323
1424830396129,37.496724,139.932249,12,-0.431,-0.111,9.477,6.349
1424830396229,37.496719,139.932245,12,-0.489,-0.179,9.57,6.374
1424830396325,37.496714,139.932242,12,-0.568,-0.077,9.436,6.398
1424830396426,37.496709,139.932238,12,-0.596,-0.115,9.389,6.424
1424830396526,37.496704,139.932236,12,-0.706,-0.116,9.511,6.391
1424830396627,37.496699,139.932234,12,-0.757,-0.271,9.718,6.34
1424830396728,37.496693,139.932233,12,-0.752,-0.181,9.51,6.29
1424830396829,37.496688,139.932232,12,-0.812,-0.244,9.608,6.24
1424830396929,37.496683,139.93223,12,-0.783,-0.22,9.306,6.19
1424830397025,37.496678,139.932229,12,-0.65,-0.067,9.064,6.144
1424830397126,37.496673,139.932227,12,-0.653,-0.105,9.351,6.095
1424830397226,37.496668,139.932226,12,-0.81,-0.13,9.657,6.046
1424830397327,37.496663,139.932225,12,-0.88,-0.114,9.449,5.998
1424830397428,37.496658,139.932223,12,-0.792,-0.07,9.383,5.95
1424830397528,37.496654,139.932223,12,-0.668,0.022,9.454,5.921
1424830397629,37.496649,139.932222,12,-0.634,0.018,9.497,5.896
1424830397725,37.496645,139.932221,12,-0.834,-0.124,9.554,5.873
1424830397826,37.496641,139.932221,12,-0.502,-0.003,9.3,5.849
1424830397926,37.496636,139.93222,12,-0.14,0.238,8.794,5.825
1424830398027,37.496632,139.93222,12,-0.162,0.146,9.429,5.8
1424830398128,37.496628,139.932219,12,-0.281,-0.048,9.985,5.776
1424830398228,37.496623,139.932218,12,-0.183,0.117,9.594,5.752
1424830398329,37.496619,139.932218,12,-0.333,0.193,9.429,5.729
1424830398425,37.496615,139.932217,12,-0.408,0.177,9.555,5.706
1424830398525,37.496611,139.932215,12,-0.454,0.191,9.439,5.718
1424830398626,37.496607,139.932212,12,-0.356,0.264,9.267,5.742
1424830398727,37.496604,139.932209,12,-0.076,0.398,9.301,5.765
1424830398828,37.4966,139.932206,12,-0.062,0.436,9.464,5.79
1424830398928,37.496596,139.932203,12,0.108,0.193,9.605,5.813
1424830399029,37.496592,139.9322,12,0.237,0.308,9.694,5.838
1424830399125,37.496589,139.932198,12,0.166,0.247,9.274,5.861
1424830399225,37.496585,139.932195,12,0.103,0.32,9.118,5.885
1424830404226,37.49637,139.93204,15,0.097,0.325,9.113,6.317
1424830404326,37.496365,139.932036,15,0.004,0.221,9.069,6.367
1424830404427,37.49636,139.932033,15,0.019,-0.07,9.469,6.418
1424830404528,37.496353,139.932028,15,0.14,-0.153,9.72,6.501
1424830404628,37.496346,139.932023,15,0.366,-0.035,9.558,6.593
1424830404729,37.496339,139.932017,15,0.472,-0.159,9.382,6.687
1424830404830,37.496331,139.932012,15,0.514,-0.205,9.175,6.783
1424830404925,37.496324,139.932007,15,0.488,-0.157,9.379,6.874
1424830405031,37.496316,139.932001,15,0.444,-0.227,9.575,6.977
1424830405127,37.496309,139.931996,15,0.474,-0.359,9.493,7.072
1424830405226,37.496301,139.93199,15,0.621,-0.447,9.348,7.171
1424830405328,37.496293,139.931984,15,0.529,-0.575,9.35,7.274
1424830405427,37.496285,139.931978,15,0.358,-0.585,9.287,7.376
1424830405525,37.496279,139.931973,15,0.231,-0.593,9.356,7.382
1424830405625,37.496273,139.931968,15,0.205,-0.695,9.632,7.357
1424830405726,37.496267,139.931963,15,0.153,-0.563,9.729,7.333
1424830405827,37.496261,139.931958,15,0.113,-0.476,9.381,7.309
1424830405927,37.496255,139.931953,15,0.091,-0.399,9.336,7.285
1424830406028,37.496249,139.931948,15,0.067,-0.303,9.476,7.26
1424830406129,37.496243,139.931943,15,-0.005,-0.187,9.524,7.236
1424830406225,37.496238,139.931938,15,0.04,-0.116,9.5,7.213
1424830406325,37.496232,139.931933,15,0.15,-0.106,9.439,7.19
1424830406426,37.496226,139.931928,15,0.007,-0.087,9.301,7.166
1424830406527,37.496221,139.931923,12,0.05,-0.144,9.521,7.16
1424830406627,37.496216,139.931919,12,0.079,-0.081,9.615,7.16
1424830406728,37.496211,139.931914,12,0.053,-0.002,9.581,7.16
1424830406829,37.496206,139.931909,12,0.073,0.123,9.373,7.16
1424830406925,37.496201,139.931905,12,0.073,0.042,9.391,7.16
1424830407025,37.496196,139.9319,12,0.019,0.038,9.616,7.16
1424830407126,37.496191,139.931895,12,0.023,0.112,9.555,7.16
1424830407227,37.496185,139.93189,12,0.044,0.191,9.455,7.16
1424830407327,37.49618,139.931886,12,0.024,0.165,9.544,7.16
1424830407428,37.496175,139.931881,12,0.01,0.182,9.51,7.16
1424830407529,37.496167,139.931877,14,0.014,0.248,9.332,7.198
1424830407629,37.496159,139.931873,14,0.07,0.244,9.472,7.245
1424830407725,37.496151,139.931869,14,0.061,0.172,9.444,7.292
1424830407826,37.496142,139.931865,14,0.08,0.119,9.424,7.34
1424830407927,37.496134,139.93186,14,0.092,0.033,9.549,7.39
1424830408027,37.496125,139.931856,14,0.053,0.025,9.507,7.439
1424830408128,37.496116,139.931852,14,0.112,0.088,9.46,7.489
1424830408229,37.496108,139.931848,14,0.144,0.144,9.348,7.539
1424830408329,37.496099,139.931843,14,0.122,0.15,9.395,7.589
1424830408425,37.49609,139.931839,14,0.108,0.099,9.646,7.637
1424830408526,37.496083,139.931835,14,0.047,0.099,9.668,7.668
1424830408626,37.496077,139.931831,14,-0.011,0.168,9.441,7.692
1424830408727,37.496071,139.931826,14,0.003,0.166,9.289,7.716
1424830408828,37.496065,139.931822,14,0.051,0.103,9.376,7.74
1424830408929,37.496059,139.931818,14,-0.004,0.009,9.648,7.764
1424830409029,37.496052,139.931814,14,-0.07,-0.067,9.605,7.788
1424830409125,37.496046,139.93181,14,-0.11,-0.064,9.374,7.811
1424830409226,37.49604,139.931806,14,-0.091,-0.137,9.336,7.836
1424830409326,37.496034,139.931801,14,-0.031,-0.27,9.536,7.86
1424830409427,37.496027,139.931797,14,0.019,-0.215,9.646,7.884
1424830409528,37.496022,139.931792,12,-0.007,-0.185,9.291,7.89
1424830409629,37.496016,139.931786,12,0.032,-0.089,9.041,7.89
1424830409729,37.496011,139.93178,12,-0.099,-0.421,9.699,7.89
1424830409825,37.496006,139.931775,12,-0.25,-0.495,10.195,7.89
1424830409926,37.496,139.931769,12,-0.278,-0.314,9.617,7.89
1424830410026,37.495995,139.931763,12,-0.228,-0.33,9.267,7.89
1424830410127,37.495989,139.931757,12,-0.116,-0.319,9.341,7.89
1424830410228,37.495984,139.931752,12,-0.2,-0.138,9.483,7.89
1424830410328,37.495979,139.931746,12,-0.33,-0.086,9.718,7.89
1424830410429,37.495973,139.93174,12,-0.29,-0.22,9.694,7.89
1424830410525,37.495968,139.931735,12,-0.149,-0.258,9.638,7.89
1424830410626,37.495962,139.93173,12,-0.066,-0.183,9.373,7.89
1424830410726,37.495956,139.931726,12,-0.068,-0.13,9.239,7.89
1424830410827,37.49595,139.931721,12,-0.08,-0.105,9.405,7.89
1424830410928,37.495944,139.931716,12,0.018,-0.104,9.579,7.89
1424830411028,37.495938,139.931711,12,0.03,-0.163,9.888,7.89
1424830411129,37.495932,139.931706,12,0.022,-0.108,9.448,7.89
1424830411225,37.495927,139.931701,12,-0.041,-0.01,9.236,7.89
1424830411325,37.495921,139.931697,12,-0.113,0.018,9.383,7.89
1424830411426,37.495915,139.931692,12,-0.089,0.033,9.579,7.89
1424830411527,37.495909,139.931687,12,0.039,0.004,9.81,7.89
1424830411628,37.495903,139.931682,12,0.062,0.028,9.454,7.89
1424830411728,37.495897,139.931677,12,0.059,0.03,9.327,7.89
1424830411829,37.495891,139.931672,12,0.046,-0.056,9.36,7.89
1424830411925,37.495886,139.931667,12,0.004,-0.099,9.577,7.89
1424830412025,37.49588,139.931663,12,-0.013,-0.012,9.57,7.89
1424830412126,37.495874,139.931658,12,-0.002,-0.092,9.357,7.89
1424830412227,37.495868,139.931653,12,0.014,-0.255,9.441,7.89
1424830412328,37.495862,139.931648,12,-0.056,-0.259,9.621,7.89
1424830412428,37.495856,139.931643,12,-0.088,-0.276,9.631,7.89
1424830412529,37.495851,139.931638,7,-0.07,-0.327,9.593,7.89
1424830412625,37.495846,139.931633,7,-0.015,-0.333,9.534,7.89
1424830412725,37.49584,139.931627,7,-0.045,-0.258,9.388,7.89
1424830412826,37.495835,139.931622,7,-0.003,-0.258,9.45,7.89
1424830412927,37.495829,139.931617,7,0.038,-0.314,9.54,7.89
1424830413027,37.495824,139.931611,7,0.089,-0.189,9.343,7.89
1424830413128,37.495818,139.931606,7,0.06,-0.085,9.059,7.89
1424830413229,37.495813,139.931601,7,0.023,-0.148,9.147,7.89
1424830413325,37.495808,139.931596,7,-0.101,-0.311,9.668,7.89
1424830413425,37.495802,139.93159,7,-0.289,-0.271,9.491,7.89
1424830413526,37.495795,139.931585,9,-0.467,-0.236,9.327,7.909
1424830413627,37.495787,139.93158,9,-0.576,-0.383,9.429,7.934
1424830413727,37.49578,139.931575,9,-0.629,-0.475,9.671,7.958
1424830413828,37.495772,139.93157,9,-0.737,-0.248,9.499,7.984
1424830413929,37.495764,139.931565,9,-0.913,-0.107,9.358,8.009
1424830414029,37.495756,139.93156,9,-0.997,-0.186,9.471,8.034
1424830414125,37.495749,139.931555,9,-1.029,-0.228,9.672,8.058
1424830414226,37.495741,139.93155,9,-1.008,-0.145,9.565,8.083
1424830414327,37.495733,139.931544,9,-0.883,-0.134,9.27,8.109
1424830414427,37.495725,139.931539,9,-0.774,-0.199,9.344,8.134
1424830414528,37.495719,139.931535,9,-0.718,-0.209,9.618,8.101
1424830414629,37.495714,139.931531,9,-0.681,-0.139,9.475,8.05
1424830414729,37.495709,139.931527,9,-0.668,-0.102,9.415,8.0
1424830414825,37.495704,139.931523,9,-0.672,-0.152,9.385,7.953
1424830414926,37.495699,139.931519,9,-0.615,-0.125,9.367,7.903
1424830415026,37.495694,139.931515,9,-0.599,-0.132,9.427,7.854
1424830415127,37.495689,139.931511,9,-0.707,-0.149,9.545,7.805
1424830415228,37.495684,139.931507,9,-0.777,-0.097,9.351,7.756
1424830415329,37.495679,139.931503,9,-0.76,-0.169,9.5,7.708
1424830415429,37.495674,139.931499,9,-0.764,-0.182,9.553,7.66
1424830415525,37.495669,139.931496,8,-0.757,-0.085,9.446,7.65
1424830415626,37.495664,139.931493,8,-0.738,0.0,9.366,7.65
1424830415726,37.495659,139.93149,8,-0.81,-0.041,9.354,7.65
1424830415827,37.495655,139.931487,8,-0.829,0.004,9.452,7.65
1424830415928,37.49565,139.931484,8,-0.906,-0.005,9.499,7.65
1424830416029,37.495645,139.931481,8,-0.88,-0.061,9.563,7.65
1424830416129,37.49564,139.931478,8,-0.841,-0.056,9.441,7.65
1424830416225,37.495635,139.931476,8,-0.811,0.023,9.325,7.65
1424830416326,37.49563,139.931473,8,-0.784,-0.005,9.448,7.65
1424830416426,37.495625,139.93147,8,-0.767,0.031,9.523,7.65
1424830416527,37.495617,139.931468,11,-0.732,0.058,9.564,7.687
1424830416628,37.495607,139.931467,11,-0.684,0.091,9.496,7.735
1424830416728,37.495597,139.931466,11,-0.49,0.015,9.403,7.783
1424830416829,37.495588,139.931465,11,-0.375,0.014,9.583,7.832
1424830416925,37.495578,139.931464,11,-0.359,0.019,9.538,7.879
1424830417025,37.495568,139.931463,11,-0.271,-0.061,9.576,7.928
1424830417126,37.495558,139.931462,11,-0.385,-0.067,9.384,7.978
1424830417227,37.495548,139.931461,11,-0.301,-0.06,9.477,8.028
1424830417328,37.495538,139.93146,11,-0.152,-0.133,9.675,8.079
1424830417428,37.495528,139.931459,11,-0.147,-0.072,9.552,8.129
1424830417529,37.495521,139.931456,11,-0.178,0.047,9.302,8.079
1424830417625,37.495514,139.931453,11,-0.222,-0.031,9.362,8.005
1424830417725,37.495508,139.931449,11,-0.272,-0.074,9.637,7.929
1424830417826,37.495501,139.931446,11,-0.23,-0.018,9.729,7.853
1424830417927,37.495494,139.931442,11,-0.202,-0.013,9.295,7.778
1424830418028,37.495488,139.931439,11,-0.169,-0.121,9.358,7.704
1424830418128,37.495481,139.931436,11,-0.213,-0.165,9.511,7.631
1424830418229,37.495475,139.931432,11,-0.166,-0.12,9.612,7.557
1424830418325,37.495469,139.931429,11,-0.167,-0.107,9.516,7.489
1424830418425,37.495463,139.931426,11,-0.169,-0.126,9.38,7.418
1424830418526,37.495456,139.931423,7,-0.196,-0.063,9.383,7.436
1424830418627,37.495449,139.931421,7,-0.153,-0.004,9.588,7.484
1424830418728,37.495443,139.931419,7,-0.155,-0.004,9.666,7.533
1424830418828,37.495436,139.931417,7,-0.132,0.058,9.326,7.582
1424830418929,37.495429,139.931415,7,-0.092,-0.025,9.568,7.631
1424830419025,37.495422,139.931413,7,-0.176,-0.001,9.74,7.678
1424830419130,37.495415,139.93141,7,-0.209,0.151,9.413,7.73
1424830419226,37.495409,139.931408,7,-0.149,0.186,9.366,7.778
1424830419325,37.495402,139.931406,7,-0.199,0.108,9.517,7.827
1424830419427,37.495395,139.931404,7,-0.304,0.099,9.618,7.878
1424830419526,37.495388,139.931401,7,-0.292,0.022,9.727,7.909
1424830419629,37.49538,139.931399,7,-0.196,0.061,9.474,7.934
1424830419728,37.495373,139.931397,7,-0.186,0.148,9.247,7.959
1424830419825,37.495366,139.931395,7,-0.167,0.098,9.461,7.983
1424830419926,37.495359,139.931393,7,-0.206,0.08,9.722,8.008
1424830420027,37.495352,139.931391,7,-0.261,0.252,9.4,8.033
1424830420127,37.495345,139.931389,7,-0.296,0.194,9.326,8.058
1424830420228,37.495337,139.931387,7,-0.221,0.072,9.557,8.084
1424830420329,37.49533,139.931385,7,-0.188,0.133,9.475,8.109
1424830420429,37.495323,139.931382,7,-0.14,0.121,9.542,8.135
1424830420525,37.495315,139.931381,8,-0.125,0.022,9.553,8.158
1424830420626,37.495306,139.931381,8,-0.062,0.071,9.463,8.183
1424830420727,37.495297,139.93138,8,-0.052,0.095,9.398,8.208
1424830420827,37.495289,139.931379,8,0.001,0.056,9.385,8.233
1424830420928,37.49528,139.931379,8,-0.005,0.052,9.485,8.259
1424830421029,37.495271,139.931378,8,-0.028,-0.002,9.682,8.284
1424830421129,37.495262,139.931377,8,-0.004,-0.077,9.452,8.309
1424830421225,37.495254,139.931377,8,0.056,-0.067,9.374,8.333
1424830421326,37.495245,139.931376,8,0.059,-0.111,9.544,8.359
1424830421426,37.495236,139.931375,8,0.025,-0.054,9.468,8.384
1424830421527,37.495229,139.931373,8,0.015,0.003,9.37,8.35
1424830421628,37.495223,139.93137,8,0.044,-0.098,9.537,8.299
1424830421729,37.495217,139.931367,8,0.099,-0.103,9.515,8.247
1424830421829,37.49521,139.931365,8,0.011,-0.123,9.576,8.197
1424830421925,37.495205,139.931362,8,0.1,-0.176,9.498,8.149
1424830422026,37.495198,139.931359,8,0.069,-0.125,9.472,8.098
1424830422126,37.495192,139.931357,8,0.134,-0.116,9.518,8.049
1424830422227,37.495186,139.931354,8,0.211,-0.212,9.745,7.999
1424830422328,37.49518,139.931351,8,0.176,-0.209,9.753,7.949
1424830422428,37.495174,139.931349,8,0.174,-0.101,9.395,7.901
1424830422525,37.495168,139.931347,8,0.125,0.038,9.268,7.89
1424830422625,37.495161,139.931345,8,0.112,0.073,9.305,7.89
1424830422726,37.495154,139.931344,8,0.094,0.049,9.497,7.89
1424830422826,37.495147,139.931342,8,0.066,-0.015,9.762,7.89
1424830422927,37.495141,139.931341,8,0.065,0.007,9.297,7.89
1424830423028,37.495134,139.931339,8,-0.013,-0.002,9.361,7.89
1424830423128,37.495127,139.931338,8,-0.034,-0.064,9.709,7.89
1424830423229,37.49512,139.931336,8,-0.112,0.052,9.476,7.89
1424830423325,37.495114,139.931335,8,-0.124,0.155,9.278,7.89
1424830423426,37.495107,139.931333,8,-0.001,0.084,9.358,7.89
1424830423526,37.495099,139.931332,7,0.049,0.011,9.444,7.909
1424830423627,37.495091,139.93133,7,0.084,0.074,9.526,7.934
1424830423728,37.495083,139.931328,7,0.061,0.118,9.262,7.959
1424830423828,37.495075,139.931326,7,0.019,0.077,9.225,7.984
1424830423929,37.495067,139.931324,7,-0.02,0.024,9.467,8.009
1424830424025,37.495059,139.931323,7,-0.111,0.011,9.588,8.033
1424830424125,37.495051,139.931321,7,-0.076,0.016,9.463,8.058
1424830424226,37.495042,139.931319,7,0.062,-0.128,9.52,8.083
1424830424327,37.495034,139.931317,7,0.149,-0.155,9.624,8.109
1424830424428,37.495026,139.931315,7,0.15,-0.036,9.392,8.134
1424830424528,37.495019,139.931313,6,0.108,0.015,9.341,8.14
1424830424629,37.495011,139.931311,6,0.119,-0.026,9.746,8.14
1424830424725,37.495005,139.931309,6,0.209,-0.022,9.557,8.14
1424830424825,37.494998,139.931307,6,0.35,-0.001,9.407,8.14
1424830424926,37.494991,139.931305,6,0.287,-0.112,9.52,8.14
1424830425027,37.494984,139.931303,6,0.347,-0.045,9.116,8.14
1424830425127,37.494977,139.931301,6,0.223,0.069,9.175,8.14
1424830425228,37.49497,139.931299,6,0.076,-0.045,9.498,8.14
1424830425329,37.494962,139.931297,6,-0.008,-0.137,9.571,8.14
1424830425425,37.494956,139.931295,6,-0.131,-0.136,9.592,8.14
1424830425525,37.494949,139.931292,7,-0.138,-0.214,9.593,8.121
1424830425626,37.494943,139.93129,7,-0.07,-0.157,9.314,8.095
1424830425727,37.494937,139.931288,7,0.07,0.009,9.195,8.07
1424830425827,37.494931,139.931285,7,0.183,0.092,9.13,8.045
1424830425928,37.494925,139.931283,7,0.184,0.015,9.384,8.02
1424830426029,37.494918,139.931281,7,0.156,-0.132,9.94,7.994
1424830426125,37.494913,139.931278,7,0.278,-0.177,9.424,7.97
1424830426225,37.494907,139.931276,7,0.186,-0.231,9.629,7.946
1424830426326,37.4949,139.931274,7,0.143,-0.183,9.44,7.921
1424830426427,37.494894,139.931272,7,0.068,-0.141,9.625,7.896
1424830426527,37.494888,139.93127,7,0.091,-0.096,9.841,7.871
1424830426628,37.494883,139.931268,7,0.115,-0.032,9.585,7.847
1424830426729,37.494877,139.931267,7,0.232,0.127,9.387,7.822
1424830426830,37.494871,139.931265,7,0.11,0.012,9.39,7.798
1424830426925,37.494865,139.931264,7,-0.073,-0.152,10.035,7.775
1424830427026,37.494859,139.931262,7,0.04,0.309,9.173,7.751
1424830427127,37.494854,139.931261,7,-0.225,-0.009,9.58,7.727
1424830427227,37.494848,139.931259,7,-0.085,-0.429,9.546,7.703
1424830427328,37.494842,139.931258,7,-0.039,-0.211,9.334,7.679
1424830427429,37.494836,139.931256,7,-0.191,0.066,9.222,7.655
1424830427529,37.49483,139.931255,8,-0.292,-0.096,8.985,7.65
1424830427625,37.494824,139.931253,8,-0.224,-0.058,9.309,7.65
1424830427726,37.494818,139.931251,8,-0.417,-0.034,9.804,7.65
1424830427826,37.494812,139.93125,8,-0.479,-0.143,9.815,7.65
1424830427927,37.494806,139.931248,8,-0.507,0.108,9.114,7.65
1424830428028,37.4948,139.931246,8,-0.428,0.271,9.14,7.65
1424830428129,37.494794,139.931244,8,-0.168,0.236,9.264,7.65
1424830428229,37.494787,139.931243,8,-0.057,0.292,9.549,7.65
1424830428325,37.494782,139.931241,8,-0.141,0.261,9.618,7.65
1424830428426,37.494775,139.931239,8,-0.218,0.11,9.438,7.65
1424830428526,37.494769,139.931238,8,-0.292,0.178,9.355,7.668
1424830428627,37.494762,139.931236,8,-0.207,0.28,9.36,7.692
1424830428728,37.494755,139.931235,8,-0.097,0.245,9.486,7.716
1424830428828,37.494748,139.931233,8,-0.097,0.248,9.636,7.74
1424830428929,37.494741,139.931231,8,-0.148,0.347,9.324,7.764
1424830429025,37.494734,139.93123,8,-0.158,0.386,9.071,7.787
1424830429126,37.494727,139.931228,8,-0.167,0.266,9.556,7.811
1424830429226,37.49472,139.931227,8,-0.222,0.244,9.759,7.836
1424830433229,37.494437,139.931166,8,-0.224,0.24,9.745,8.334
1424830433325,37.49443,139.931163,8,-0.101,0.153,9.683,8.358
1424830433431,37.494422,139.93116,8,-0.004,0.316,9.13,8.385
1424830433527,37.494415,139.931159,8,0.062,0.358,9.084,8.408
1424830433626,37.494407,139.931157,8,0.074,0.333,9.516,8.432
1424830433728,37.494399,139.931156,8,0.072,0.1,9.956,8.456
1424830433827,37.494391,139.931154,8,0.317,0.164,9.564,8.48
1424830433929,37.494383,139.931152,8,0.083,0.074,9.543,8.504
1424830434025,37.494376,139.931151,8,-0.032,0.052,9.289,8.527
1424830434126,37.494368,139.931149,8,0.007,0.245,9.506,8.551
1424830434227,37.49436,139.931148,8,0.069,0.389,9.443,8.576
1424830439227,37.493991,139.931062,8,0.068,0.398,9.4,8.824
1424830439327,37.493984,139.931059,8,0.314,0.206,9.345,8.849
1424830439428,37.493977,139.931057,8,0.465,-0.015,9.469,8.874
1424830439529,37.493969,139.931055,7,0.468,-0.01,9.379,8.84
1424830439629,37.493962,139.931054,7,0.544,-0.084,9.369,8.79
1424830439725,37.493955,139.931053,7,0.492,-0.076,9.439,8.742
1424830439826,37.493948,139.931051,7,0.466,0.089,9.506,8.692
1424830439927,37.493941,139.93105,7,0.421,0.013,9.472,8.643
1424830440027,37.493934,139.931049,7,0.357,-0.002,9.531,8.594
1424830440128,37.493926,139.931048,7,0.276,0.042,9.491,8.545
1424830440229,37.493919,139.931047,7,0.232,0.009,9.417,8.496
1424830440329,37.493912,139.931045,7,0.156,0.03,9.46,8.448
1424830440425,37.493906,139.931044,7,0.136,0.076,9.456,8.402
1424830440526,37.493898,139.931043,8,0.072,0.045,9.387,8.39
1424830440626,37.49389,139.931042,8,-0.064,-0.006,9.484,8.39
1424830440727,37.493882,139.931042,8,-0.148,-0.049,9.593,8.39
1424830440828,37.493874,139.931041,8,-0.271,-0.088,9.539,8.39
1424830440929,37.493866,139.93104,8,-0.296,-0.063,9.506,8.39
1424830441029,37.493858,139.931039,8,-0.228,0.02,9.462,8.39
1424830441125,37.493851,139.931038,8,-0.254,0.001,9.5,8.39
1424830441226,37.493843,139.931037,8,-0.222,0.088,9.457,8.39
1424830441326,37.493835,139.931036,8,-0.168,0.187,9.332,8.39
1424830441427,37.493827,139.931035,8,-0.183,0.148,9.421,8.39
1424830441528,37.49382,139.931032,8,-0.182,0.085,9.524,8.37
1424830441628,37.493813,139.931029,8,-0.151,0.139,9.408,8.345
1424830441729,37.493806,139.931025,8,-0.137,0.022,9.657,8.319
1424830441825,37.4938,139.931022,8,-0.138,0.187,9.4,8.295
1424830441926,37.493793,139.931018,8,0.0,0.208,9.32,8.27
1424830442026,37.493786,139.931015,8,-0.016,0.158,9.474,8.245
1424830442127,37.493779,139.931011,8,-0.083,0.245,9.342,8.22
1424830442228,37.493773,139.931008,8,0.084,0.131,9.464,8.195
1424830442328,37.493766,139.931004,8,0.267,0.046,9.708,8.17
1424830442429,37.493759,139.931001,8,0.419,0.112,9.542,8.145
1424830442525,37.493754,139.931003,10,0.49,0.127,9.276,8.14
1424830442626,37.493749,139.931008,10,0.272,0.124,9.428,8.14
1424830442726,37.493743,139.931012,10,0.126,0.503,8.928,8.14
1424830442827,37.493738,139.931017,10,0.107,0.385,9.328,8.14
1424830442928,37.493732,139.931021,10,0.115,0.101,9.704,8.14
1424830443028,37.493727,139.931025,10,0.194,0.091,9.704,8.14
1424830443129,37.493721,139.93103,10,0.023,-0.064,9.509,8.14
1424830443225,37.493716,139.931034,10,-0.19,-0.038,9.328,8.14
1424830443325,37.493711,139.931038,10,-0.322,0.117,9.575,8.14
1424830443426,37.493705,139.931043,10,-0.25,0.303,9.433,8.14
1424830443527,37.493699,139.931041,10,-0.113,0.397,9.379,8.14
1424830443628,37.493692,139.931038,10,0.032,0.362,9.25,8.14
1424830443728,37.493685,139.931035,10,0.068,0.192,9.446,8.14
1424830443829,37.493679,139.931031,10,0.088,0.088,9.694,8.14
1424830443925,37.493672,139.931028,10,0.198,0.159,9.424,8.14
1424830444025,37.493665,139.931025,10,0.337,0.197,9.188,8.14
1424830444126,37.493659,139.931022,10,0.416,0.118,9.512,8.14
1424830444227,37.493652,139.931018,10,0.331,0.257,9.488,8.14
1424830446226,37.493495,139.930984,6,0.349,0.258,9.496,8.576
1424830446327,37.493487,139.930982,6,0.31,0.315,9.463,8.6
1424830446427,37.493479,139.93098,6,0.298,0.208,9.537,8.624
1424830446528,37.493472,139.93098,8,0.283,0.131,9.522,8.611
1424830446629,37.493465,139.930979,8,0.251,0.113,9.423,8.587
1424830446729,37.493458,139.930978,8,0.127,0.116,9.312,8.562
1424830446825,37.493451,139.930978,8,0.128,0.017,9.535,8.539
1424830446926,37.493444,139.930977,8,0.101,-0.073,9.618,8.515
1424830447026,37.493437,139.930977,8,0.089,-0.074,9.554,8.491
1424830447127,37.49343,139.930976,8,0.097,-0.064,9.411,8.467
1424830447228,37.493423,139.930975,8,0.127,-0.081,9.408,8.443
1424830447329,37.493416,139.930975,8,0.17,-0.066,9.533,8.419
1424830447429,37.493409,139.930974,8,0.142,-0.047,9.492,8.395
1424830447530,37.493403,139.930973,10,0.126,-0.079,9.427,8.349
1424830447626,37.493397,139.930973,10,0.13,-0.116,9.487,8.3
1424830447725,37.493391,139.930972,10,0.161,-0.097,9.412,8.249
1424830447827,37.493385,139.930971,10,0.195,-0.147,9.492,8.198
1424830447926,37.493378,139.930971,10,0.241,-0.13,9.502,8.148
1424830448029,37.493372,139.93097,10,0.263,-0.092,9.312,8.097
1424830448128,37.493366,139.930969,10,0.213,-0.143,9.399,8.048
1424830448225,37.49336,139.930969,10,0.187,-0.177,9.546,8.0
1424830448326,37.493354,139.930968,10,0.203,-0.152,9.542,7.95
1424830448426,37.493348,139.930967,10,0.266,-0.181,9.451,7.902
1424830448527,37.493341,139.930967,11,0.31,-0.131,9.399,7.89
1424830448628,37.493334,139.930968,11,0.261,-0.128,9.453,7.89
1424830448729,37.493327,139.930968,11,0.196,-0.101,9.503,7.89
1424830448829,37.493319,139.930968,11,0.187,-0.072,9.569,7.89
1424830448925,37.493312,139.930968,11,0.252,-0.074,9.435,7.89
1424830449026,37.493305,139.930969,11,0.239,-0.048,9.358,7.89
1424830449126,37.493298,139.930969,11,0.28,-0.07,9.432,7.89
1424830449227,37.49329,139.930969,11,0.246,-0.065,9.49,7.89
1424830449328,37.493283,139.93097,11,0.227,-0.042,9.512,7.89
1424830449428,37.493276,139.93097,11,0.23,0.004,9.431,7.89
1424830449529,37.493268,139.930967,11,0.311,-0.039,9.395,7.871
1424830449625,37.493262,139.930963,11,0.291,-0.002,9.405,7.847
1424830449725,37.493255,139.930958,11,0.287,0.099,9.405,7.823
1424830449826,37.493248,139.930954,11,0.278,0.041,9.47,7.799
1424830449927,37.493241,139.93095,11,0.212,0.007,9.498,7.775
1424830450028,37.493234,139.930946,11,0.207,0.13,9.315,7.75
1424830450128,37.493227,139.930941,11,0.209,0.046,9.484,7.726
1424830450229,37.49322,139.930937,11,0.099,0.06,9.45,7.702
1424830450325,37.493214,139.930933,11,0.06,0.12,9.58,7.68
1424830450425,37.493207,139.930929,11,0.093,0.068,9.677,7.656
1424830450526,37.4932,139.930927,10,0.119,0.049,9.474,7.668
1424830450627,37.493194,139.930925,10,0.199,0.146,9.507,7.692
1424830450727,37.493188,139.930923,10,0.201,0.158,9.417,7.716
1424830450828,37.493181,139.930921,10,0.157,0.147,9.622,7.74
1424830450929,37.493175,139.930919,10,0.17,0.229,9.483,7.764
1424830451025,37.493169,139.930917,10,0.251,0.313,9.187,7.787
1424830451125,37.493163,139.930915,10,0.264,0.23,9.293,7.811
1424830451226,37.493156,139.930913,10,0.215,0.038,9.938,7.836
1424830451327,37.49315,139.930911,10,0.113,0.093,9.71,7.86
1424830451427,37.493143,139.930909,10,0.12,0.274,8.94,7.884
1424830451528,37.493136,139.930907,7,0.104,0.159,9.288,7.909
1424830451629,37.493129,139.930905,7,0.077,0.126,9.728,7.934
1424830451725,37.493122,139.930903,7,-0.06,0.303,9.577,7.958
1424830451825,37.493115,139.930901,7,-0.131,0.3,9.383,7.983
1424830451926,37.493107,139.930899,7,-0.061,0.173,9.284,8.008
1424830452027,37.4931,139.930896,7,-0.03,0.215,9.482,8.033
1424830452127,37.493092,139.930894,7,-0.018,0.22,9.682,8.058
1424830452228,37.493085,139.930892,7,-0.055,0.192,9.544,8.084
1424830452329,37.493077,139.93089,7,-0.06,0.206,9.372,8.109
1424830452429,37.49307,139.930887,7,0.01,0.221,9.441,8.135
1424830452525,37.493063,139.930886,7,0.069,0.218,9.544,8.14
1424830452626,37.493055,139.930884,7,0.066,0.259,9.495,8.14
1424830452727,37.493048,139.930882,7,0.073,0.281,9.453,8.14
1424830452827,37.49304,139.930881,7,0.039,0.23,9.413,8.14
1424830452928,37.493033,139.930879,7,0.038,0.238,9.455,8.14
1424830453029,37.493026,139.930877,7,0.07,0.262,9.512,8.14
1424830453129,37.493018,139.930875,7,0.044,0.224,9.433,8.14
1424830453225,37.493011,139.930874,7,0.011,0.177,9.585,8.14
1424830455224,37.492887,139.930878,11,0.012,0.175,9.587,8.083
1424830455229,37.492887,139.930878,11,0.013,0.174,9.589,8.084
1424830455325,37.492881,139.930877,11,0.107,0.11,9.556,8.108
1424830455426,37.492875,139.930875,11,0.101,0.049,9.481,8.134
1424830455526,37.492867,139.930874,8,0.043,0.039,9.516,8.14
1424830455627,37.492859,139.930873,8,0.047,0.033,9.531,8.14
1424830455728,37.492852,139.930871,8,0.036,-0.014,9.554,8.14
1424830455828,37.492844,139.93087,8,0.022,0.002,9.524,8.14
1424830455929,37.492836,139.930869,8,0.089,-0.004,9.436,8.14
1424830456025,37.492829,139.930868,8,0.062,-0.006,9.424,8.14
1424830456125,37.492821,139.930866,8,0.085,0.022,9.456,8.14
1424830456226,37.492813,139.930865,8,0.126,0.057,9.424,8.14
1424830456327,37.492805,139.930864,8,0.075,0.044,9.358,8.14
1424830456428,37.492798,139.930862,8,0.118,0.01,9.536,8.14
1424830456528,37.49279,139.930858,11,0.172,-0.039,9.631,8.159
1424830456629,37.492782,139.930854,11,0.106,0.11,9.129,8.184
1424830456725,37.492775,139.930849,11,0.087,0.151,9.161,8.208
1424830456825,37.492767,139.930845,11,0.033,0.024,9.557,8.233
1424830456926,37.492759,139.93084,11,-0.07,-0.004,9.642,8.258
1424830457027,37.492751,139.930836,11,-0.045,0.008,9.547,8.283
1424830457127,37.492743,139.930831,11,-0.055,-0.036,9.209,8.308
1424830457228,37.492736,139.930826,11,-0.092,-0.037,9.338,8.334
1424830457329,37.492728,139.930822,11,-0.041,0.002,9.495,8.359
1424830457425,37.49272,139.930817,11,-0.105,-0.01,9.517,8.384
1424830457525,37.492712,139.930815,11,-0.186,-0.139,9.596,8.371
1424830457626,37.492704,139.930814,11,-0.076,-0.107,9.427,8.345
1424830457727,37.492697,139.930812,11,-0.087,-0.02,9.145,8.32
1424830457827,37.492689,139.930811,11,-0.117,-0.319,9.895,8.295
1424830457928,37.492681,139.930809,11,-0.121,-0.263,9.837,8.27
1424830458029,37.492674,139.930808,11,-0.134,-0.163,9.232,8.244
1424830458130,37.492666,139.930806,11,-0.073,-0.082,9.322,8.219
1424830458225,37.492659,139.930805,11,-0.045,-0.234,9.426,8.196
1424830458326,37.492651,139.930804,11,0.012,-0.055,9.645,8.171
1424830458427,37.492644,139.930802,11,-0.028,-0.059,9.442,8.146
1424830458527,37.492637,139.930801,6,0.007,-0.133,9.401,8.12
1424830458628,37.49263,139.930799,6,0.016,-0.133,9.319,8.095
1424830458729,37.492623,139.930797,6,-0.068,-0.046,9.411,8.069
1424830458829,37.492616,139.930796,6,0.049,-0.114,9.683,8.044
1424830458925,37.492609,139.930794,6,-0.034,-0.186,9.702,8.02
1424830459026,37.492603,139.930793,6,-0.142,-0.07,9.446,7.995
1424830459127,37.492596,139.930791,6,-0.044,0.062,9.285,7.97
1424830459227,37.492589,139.93079,6,-0.035,0.062,9.336,7.945
1424830459328,37.492582,139.930788,6,-0.046,0.018,9.646,7.92
1424830459429,37.492575,139.930786,6,0.019,0.061,9.535,7.895
1424830459529,37.492568,139.930786,5,0.038,0.079,9.188,7.89
1424830459625,37.492562,139.930785,5,0.059,0.132,8.96,7.89
1424830459726,37.492555,139.930785,5,0.19,0.156,9.114,7.89
1424830459826,37.492548,139.930784,5,0.195,0.01,9.611,7.89
1424830459927,37.492541,139.930784,5,0.071,-0.08,9.832,7.89
1424830460028,37.492534,139.930783,5,0.031,-0.034,9.547,7.89
1424830460129,37.492526,139.930783,5,0.021,-0.048,9.367,7.89
1424830460229,37.492519,139.930782,5,-0.024,0.007,9.49,7.89
1424830460325,37.492513,139.930782,5,0.1,0.093,9.729,7.89
1424830460426,37.492506,139.930781,5,0.076,0.149,9.646,7.89
1424830460526,37.492498,139.93078,6,0.003,0.113,9.498,7.909
1424830460627,37.492491,139.930779,6,0.022,0.062,9.48,7.934
1424830460728,37.492483,139.930778,6,0.019,0.02,9.47,7.959
1424830460828,37.492476,139.930777,6,-0.031,0.047,9.431,7.984
1424830460929,37.492468,139.930776,6,0.02,0.016,9.441,8.009
1424830461025,37.492461,139.930775,6,0.038,-0.006,9.363,8.033
1424830461126,37.492453,139.930774,6,0.014,-0.048,9.415,8.058
1424830461226,37.492445,139.930773,6,0.043,-0.027,9.472,8.083
1424830461327,37.492437,139.930772,6,-0.015,-0.067,9.455,8.109
1424830461428,37.49243,139.930771,6,-0.058,-0.123,9.55,8.134
1424830461528,37.492423,139.930769,8,-0.043,-0.063,9.412,8.12
1424830461629,37.492416,139.930767,8,-0.014,-0.117,9.489,8.095
1424830461725,37.49241,139.930764,8,0.015,-0.143,9.578,8.07
1424830461831,37.492403,139.930762,8,0.008,-0.026,9.444,8.044
1424830461926,37.492396,139.930759,8,-0.019,-0.006,9.446,8.02
1424830462025,37.49239,139.930757,8,-0.033,-0.058,9.47,7.995
1424830462128,37.492383,139.930755,8,0.006,0.05,9.421,7.97
1424830462227,37.492377,139.930752,8,0.039,0.045,9.329,7.945
1424830462329,37.49237,139.93075,8,0.012,-0.021,9.39,7.92
1424830462425,37.492364,139.930748,8,0.023,-0.009,9.513,7.896
1424830462525,37.492356,139.930746,9,0.012,-0.012,9.489,7.908
1424830462626,37.492349,139.930744,9,-0.061,-0.025,9.429,7.933
1424830462727,37.492341,139.930743,9,-0.034,0.053,9.319,7.958
1424830462828,37.492333,139.930741,9,-0.008,0.053,9.476,7.984
1424830462928,37.492325,139.93074,9,-0.038,-0.033,9.67,8.009
1424830463029,37.492318,139.930738,9,-0.04,0.06,9.561,8.034
1424830463125,37.49231,139.930737,9,-0.052,0.07,9.426,8.058
1424830463225,37.492303,139.930735,9,-0.078,0.004,9.426,8.083
1424830463326,37.492295,139.930734,9,-0.015,0.019,9.52,8.109
1424830463427,37.492287,139.930732,9,-0.016,0.102,9.463,8.134
1424830463527,37.492281,139.93073,11,-0.084,0.043,9.347,8.12
1424830463628,37.492276,139.930728,11,-0.036,-0.049,9.498,8.095
1424830463729,37.492271,139.930725,11,-0.004,-0.101,9.519,8.069
1424830463829,37.492265,139.930723,11,0.001,-0.085,9.38,8.044
1424830463925,37.492261,139.930721,11,0.06,-0.16,9.487,8.02
1424830464026,37.492255,139.930718,11,0.066,-0.219,9.509,7.995
1424830464127,37.49225,139.930716,11,-0.158,-0.1,9.232,7.97
1424830464227,37.492245,139.930713,11,0.019,-0.185,9.557,7.945
1424830464328,37.49224,139.930711,11,0.155,-0.258,9.726,7.92
1424830464429,37.492235,139.930709,11,0.121,-0.159,9.47,7.895
1424830464529,37.492229,139.93071,11,0.102,-0.096,9.268,7.871
1424830464625,37.492222,139.930712,11,0.024,-0.126,9.268,7.847
1424830464726,37.492215,139.930714,11,-0.051,-0.113,9.586,7.823
1424830464827,37.492208,139.930716,11,-0.015,-0.091,9.579,7.799
1424830464927,37.492202,139.930718,11,0.146,-0.122,9.487,7.775
1424830465028,37.492195,139.93072,11,0.138,-0.233,9.428,7.75
1424830465129,37.492188,139.930722,11,0.089,-0.24,9.489,7.726
1424830465230,37.492182,139.930724,11,0.069,-0.138,9.537,7.702
1424830465325,37.492175,139.930726,11,0.069,-0.086,9.394,7.68
1424830465426,37.492169,139.930728,11,0.189,-0.148,9.41,7.656
1424830465527,37.492162,139.930728,9,0.29,-0.181,9.61,7.63
1424830465627,37.492155,139.930728,9,0.256,-0.143,9.469,7.605
1424830465728,37.492148,139.930728,9,0.193,-0.14,9.261,7.58
1424830465829,37.492141,139.930728,9,0.182,-0.175,9.378,7.554
1424830465929,37.492135,139.930728,9,0.257,-0.249,9.675,7.529
1424830466025,37.492128,139.930728,9,0.305,-0.194,9.522,7.505
1424830466126,37.492121,139.930728,9,0.209,-0.163,9.272,7.48
1424830466226,37.492115,139.930728,9,0.164,-0.266,9.364,7.455
1424830466327,37.492108,139.930728,9,0.127,-0.302,9.495,7.43
1424830466428,37.492101,139.930728,9,0.136,-0.342,9.687,7.405
1424830466529,37.492096,139.930728,12,0.274,-0.307,9.556,7.36
1424830466629,37.49209,139.930729,12,0.26,-0.298,9.16,7.31
1424830466725,37.492085,139.93073,12,0.141,-0.399,9.455,7.262
1424830466826,37.49208,139.93073,12,0.247,-0.395,9.641,7.212
1424830466926,37.492074,139.930731,12,0.258,-0.393,9.694,7.163
1424830467027,37.492069,139.930732,12,0.298,-0.389,9.626,7.113
1424830467128,37.492064,139.930732,12,0.364,-0.374,9.465,7.064
1424830467229,37.492058,139.930733,12,0.466,-0.349,9.391,7.015
1424830467329,37.492053,139.930733,12,0.436,-0.242,9.324,6.968
1424830467425,37.492048,139.930734,12,0.333,-0.181,9.467,6.922
1424830467526,37.492042,139.930733,12,0.228,-0.168,9.357,6.91
1424830467626,37.492035,139.930731,12,0.149,-0.255,9.399,6.91
1424830467727,37.492029,139.930729,12,0.134,-0.417,9.688,6.91
1424830467828,37.492022,139.930727,12,0.195,-0.426,9.629,6.91
1424830467928,37.492015,139.930725,12,0.24,-0.374,9.41,6.91
1424830468029,37.492009,139.930724,12,0.215,-0.376,9.364,6.91
1424830468125,37.492002,139.930722,12,0.134,-0.38,9.396,6.91
1424830468225,37.491996,139.93072,12,0.127,-0.283,9.523,6.91
1424830468326,37.491989,139.930718,12,0.136,-0.257,9.43,6.91
1424830468427,37.491983,139.930716,12,0.165,-0.311,9.425,6.91
1424830468528,37.491976,139.930718,11,0.192,-0.34,9.51,6.871
1424830468628,37.491969,139.930719,11,0.258,-0.3,9.358,6.822
1424830468729,37.491963,139.930721,11,0.259,-0.324,9.403,6.773
1424830468825,37.491957,139.930723,11,0.186,-0.373,9.475,6.726
1424830468925,37.491951,139.930725,11,0.183,-0.321,9.43,6.678
1424830469026,37.491944,139.930727,11,0.192,-0.311,9.487,6.629
1424830469127,37.491938,139.930729,11,0.096,-0.385,9.568,6.581
1424830469228,37.491932,139.930731,11,0.087,-0.372,9.501,6.534
1424830469328,37.491925,139.930733,11,0.212,-0.272,9.344,6.487
1424830469429,37.491919,139.930735,11,0.153,-0.281,9.43,6.44
1424830469525,37.491914,139.930735,11,0.137,-0.381,9.486,6.411
1424830469625,37.491908,139.930734,11,0.178,-0.339,9.466,6.386
1424830469726,37.491903,139.930734,11,0.256,-0.28,9.514,6.36
1424830469827,37.491897,139.930733,11,0.21,-0.33,9.394,6.335
1424830469928,37.491892,139.930733,11,0.228,-0.388,9.388,6.309
1424830470028,37.491887,139.930732,11,0.206,-0.402,9.601,6.284
1424830470129,37.491881,139.930732,11,0.286,-0.445,9.639,6.259
1424830470225,37.491876,139.930731,11,0.208,-0.364,9.431,6.235
1424830470325,37.491871,139.930731,11,0.107,-0.321,9.298,6.211
1424830470426,37.491865,139.93073,11,0.189,-0.342,9.549,6.186
1424830470527,37.49186,139.930726,14,0.332,-0.489,9.83,6.18
1424830470627,37.491854,139.930721,14,0.356,-0.384,9.54,6.18
1424830470728,37.491848,139.930716,14,0.366,-0.261,9.209,6.18
1424830470829,37.491843,139.930711,14,0.366,-0.283,9.32,6.18
1424830470930,37.491837,139.930706,14,0.293,-0.374,9.577,6.18
1424830471025,37.491832,139.930701,14,0.229,-0.328,9.607,6.18
1424830471126,37.491826,139.930696,14,0.181,-0.26,9.512,6.18
1424830471227,37.49182,139.93069,14,0.281,-0.185,9.535,6.18
1424830471327,37.491815,139.930685,14,0.36,-0.252,9.549,6.18
1424830471428,37.491809,139.93068,14,0.362,-0.319,9.437,6.18
1424830471529,37.491803,139.93067,20,0.327,-0.314,9.432,6.199
1424830471629,37.491796,139.930658,20,0.243,-0.261,9.503,6.224
1424830471725,37.491789,139.930647,20,0.246,-0.223,9.46,6.248
1424830471826,37.491782,139.930635,20,0.223,-0.225,9.453,6.273
1424830471926,37.491775,139.930623,20,0.158,-0.235,9.391,6.298
1424830472027,37.491768,139.930611,20,0.053,-0.321,9.607,6.323
1424830472128,37.491761,139.930599,20,0.131,-0.275,9.556,6.348
1424830472229,37.491754,139.930587,20,0.247,-0.204,9.306,6.374
1424830472329,37.491747,139.930575,20,0.248,-0.205,9.243,6.399
1424830472425,37.49174,139.930563,20,0.248,-0.353,9.607,6.424
1424830472526,37.491734,139.93056,20,0.343,-0.544,10.071,6.351
1424830472626,37.491729,139.93056,20,0.27,-0.442,9.715,6.248
1424830472727,37.491725,139.93056,20,0.165,-0.178,8.982,6.145
1424830472828,37.49172,139.93056,20,0.149,-0.212,9.083,6.045
1424830472929,37.491715,139.930559,20,0.077,-0.319,9.446,5.946
1424830473029,37.49171,139.930559,20,0.262,-0.342,9.409,5.849
1424830473125,37.491706,139.930559,20,0.309,-0.363,9.571,5.758
1424830473226,37.491702,139.930559,20,0.203,-0.363,9.614,5.664
1424830473326,37.491697,139.930559,20,0.125,-0.339,9.526,5.572
1424830473427,37.491693,139.930559,20,0.086,-0.506,9.303,5.481
1424830473528,37.491688,139.930558,6,0.048,-0.59,9.486,5.46
1424830473628,37.491683,139.930557,6,0.038,-0.557,9.645,5.46
1424830473729,37.491677,139.930556,6,-0.021,-0.407,9.151,5.46
1424830473825,37.491672,139.930555,6,0.218,-0.525,9.356,5.46
1424830473926,37.491667,139.930554,6,0.359,-0.677,9.877,5.46
1424830474026,37.491662,139.930553,6,0.464,-0.709,9.82,5.46
1424830474127,37.491657,139.930552,6,0.406,-0.556,9.231,5.46
1424830474228,37.491652,139.930551,6,0.292,-0.571,9.222,5.46
1424830474328,37.491646,139.93055,6,0.211,-0.707,9.606,5.46
1424830474429,37.491641,139.930549,6,0.022,-0.666,9.587,5.46
1424830474525,37.491638,139.930545,8,-0.058,-0.624,9.318,5.361
1424830474625,37.491634,139.930541,8,-0.103,-0.687,9.362,5.231
1424830474726,37.491631,139.930536,8,0.05,-0.676,9.654,5.102
1424830474827,37.491628,139.930531,8,0.216,-0.765,9.727,4.977
1424830474928,37.491625,139.930527,8,0.254,-0.777,9.312,4.855
1424830475028,37.491622,139.930522,8,0.293,-0.841,9.233,4.737
1424830475129,37.49162,139.930518,8,0.244,-0.933,9.504,4.62
1424830475225,37.491617,139.930514,8,0.273,-1.038,9.644,4.512
1424830475325,37.491614,139.93051,8,0.25,-1.028,9.556,4.403
1424830475426,37.491612,139.930506,8,0.094,-1.08,9.397,4.295
1424830475527,37.491609,139.930504,8,0.128,-1.12,9.346,4.191
1424830475628,37.491606,139.930504,8,0.132,-1.138,9.458,4.09
1424830475728,37.491603,139.930503,8,-0.002,-1.168,9.679,3.992
1424830475829,37.4916,139.930503,8,0.06,-1.105,9.428,3.895
1424830475930,37.491597,139.930502,8,0.238,-1.155,9.45,3.801
1424830476025,37.491594,139.930501,8,0.252,-1.244,9.598,3.714
1424830476131,37.491591,139.930501,8,0.196,-1.306,9.636,3.619
1424830476227,37.491589,139.9305,8,0.175,-1.194,9.393,3.536
1424830476326,37.491586,139.9305,8,0.18,-1.117,9.227,3.452
1424830476428,37.491584,139.930499,8,0.249,-1.262,9.651,3.368
1424830476527,37.491582,139.930499,5,0.298,-1.474,9.876,3.255
1424830476625,37.49158,139.930498,5,0.214,-1.401,9.561,3.138
1424830476725,37.491579,139.930497,5,0.113,-1.237,9.268,3.022
1424830476826,37.491577,139.930497,5,0.168,-1.282,9.37,2.909
1424830476927,37.491576,139.930496,5,0.212,-1.328,9.521,2.8
1424830477027,37.491574,139.930496,5,0.194,-1.215,9.401,2.697
1424830477128,37.491573,139.930495,5,0.251,-1.149,9.351,2.595
1424830477229,37.491572,139.930495,5,0.345,-1.223,9.499,2.498
1424830477329,37.49157,139.930495,5,0.37,-1.276,9.575,2.406
1424830477425,37.491569,139.930494,5,0.285,-1.273,9.533,2.321
1424830477526,37.491569,139.930494,7,0.174,-1.311,9.486,2.258
1424830477627,37.491569,139.930494,7,0.109,-1.343,9.513,2.203
1424830477727,37.491569,139.930494,7,0.131,-1.312,9.493,2.149
1424830477828,37.491569,139.930494,7,0.195,-1.247,9.462,2.097
1424830477929,37.491568,139.930493,7,0.238,-1.168,9.485,2.045
1424830478029,37.491568,139.930493,7,0.258,-1.109,9.464,1.996
1424830478125,37.491568,139.930493,7,0.278,-1.052,9.464,1.949
1424830478226,37.491568,139.930493,7,0.279,-1.017,9.451,1.901
1424830478327,37.491568,139.930493,7,0.261,-0.849,9.482,1.855
1424830478427,37.491568,139.930493,7,0.24,-0.47,9.538,1.81
1424830478528,37.491569,139.930494,7,0.222,-0.066,9.48,1.775
1424830478629,37.49157,139.930494,7,0.233,0.167,9.405,1.742
1424830478729,37.49157,139.930495,7,0.24,0.143,9.391,1.711
1424830478825,37.491571,139.930496,7,0.225,0.021,9.437,1.681
1424830478926,37.491572,139.930496,7,0.225,-0.085,9.5,1.65
1424830479026,37.491573,139.930497,7,0.227,-0.088,9.496,1.621
1424830479127,37.491574,139.930498,7,0.229,-0.022,9.463,1.591
1424830479228,37.491574,139.930499,7,0.224,0.022,9.45,1.562
1424830479329,37.491575,139.930499,7,0.231,0.009,9.467,1.533
1424830479429,37.491576,139.9305,7,0.244,-0.035,9.478,1.506
1424830479525,37.491577,139.9305,5,0.236,-0.026,9.473,1.5
1424830479626,37.491577,139.930501,5,0.224,0.002,9.471,1.5
1424830479726,37.491578,139.930501,5,0.221,-0.003,9.467,1.5
1424830479827,37.491579,139.930502,5,0.221,-0.016,9.468,1.5
1424830479928,37.49158,139.930502,5,0.22,-0.014,9.475,1.5
1424830480029,37.491581,139.930502,5,0.227,-0.026,9.487,1.5
1424830480129,37.491581,139.930503,5,0.241,-0.007,9.478,1.5
1424830480225,37.491582,139.930503,5,0.242,-0.005,9.468,1.5
1424830480326,37.491583,139.930503,5,0.231,-0.025,9.482,1.5
1424830480426,37.491584,139.930504,5,0.219,-0.017,9.467,1.5
1424830480527,37.491585,139.930504,6,0.227,0.001,9.466,1.5
1424830480628,37.491586,139.930505,6,0.216,-0.018,9.488,1.5
1424830480728,37.491586,139.930505,6,0.213,-0.011,9.475,1.5
1424830480829,37.491587,139.930506,6,0.234,-0.005,9.466,1.5
1424830480925,37.491588,139.930506,6,0.229,-0.008,9.475,1.5
1424830481025,37.491589,139.930506,6,0.225,0.002,9.47,1.5
1424830481126,37.49159,139.930507,6,0.227,-0.005,9.46,1.5
1424830481227,37.491591,139.930507,6,0.23,-0.025,9.49,1.5
1424830481328,37.491592,139.930508,6,0.217,-0.006,9.47,1.5
1424830481428,37.491593,139.930508,6,0.225,-0.006,9.464,1.5
1424830481529,37.491593,139.930508,6,0.226,-0.012,9.482,1.5
1424830481625,37.491594,139.930508,6,0.223,-0.006,9.486,1.5
1424830481725,37.491594,139.930508,6,0.22,-0.007,9.464,1.5
1424830481826,37.491595,139.930508,6,0.227,-0.013,9.486,1.5
1424830481927,37.491595,139.930508,6,0.233,-0.015,9.471,1.5
1424830482028,37.491596,139.930507,6,0.23,-0.016,9.465,1.5
1424830482128,37.491596,139.930507,6,0.225,-0.006,9.487,1.5
1424830482229,37.491597,139.930507,6,0.232,-0.003,9.48,1.5
1424830482325,37.491597,139.930507,6,0.223,-0.011,9.459,1.5
1424830482425,37.491598,139.930507,6,0.225,-0.005,9.481,1.5
1424830482526,37.491598,139.930507,6,0.234,-0.005,9.461,1.5
1424830482627,37.491599,139.930507,6,0.23,-0.013,9.459,1.5
1424830482727,37.491599,139.930507,6,0.223,-0.005,9.478,1.5
1424830482828,37.4916,139.930507,6,0.231,0.006,9.48,1.5
1424830482929,37.4916,139.930507,6,0.23,-0.002,9.46,1.5
1424830483025,37.491601,139.930507,6,0.23,-0.001,9.478,1.5
1424830483125,37.491601,139.930507,6,0.232,-0.01,9.463,1.5
1424830483226,37.491602,139.930507,6,0.236,-0.011,9.468,1.5
1424830483327,37.491602,139.930507,6,0.23,0.002,9.467,1.5
1424830483427,37.491603,139.930507,6,0.234,-0.001,9.47,1.5
1424830483528,37.491603,139.930507,6,0.221,-0.006,9.467,1.5
1424830483629,37.491604,139.930507,6,0.219,0.003,9.472,1.5
1424830483725,37.491604,139.930507,6,0.222,0.001,9.472,1.5
1424830483825,37.491604,139.930507,6,0.233,-0.009,9.473,1.5
1424830483926,37.491604,139.930507,6,0.239,-0.002,9.465,1.5
1424830484027,37.491605,139.930506,6,0.238,-0.003,9.471,1.5
1424830484127,37.491605,139.930506,6,0.231,-0.01,9.475,1.5
1424830484228,37.491605,139.930506,6,0.227,-0.0,9.471,1.5
1424830484329,37.491606,139.930506,6,0.223,-0.001,9.463,1.5
1424830484429,37.491606,139.930506,6,0.225,-0.01,9.476,1.5
1424830484525,37.491606,139.930506,6,0.231,-0.002,9.457,1.5
1424830484626,37.491606,139.930506,6,0.225,-0.002,9.446,1.5
1424830484727,37.491605,139.930506,6,0.22,-0.006,9.469,1.5
1424830484827,37.491605,139.930506,6,0.226,-0.008,9.459,1.5
1424830484928,37.491605,139.930506,6,0.224,-0.006,9.462,1.5
1424830485029,37.491605,139.930506,6,0.225,-0.005,9.482,1.5
1424830485129,37.491605,139.930506,6,0.239,-0.005,9.463,1.5
1424830485225,37.491604,139.930506,6,0.24,-0.006,9.453,1.5
1424830485326,37.491604,139.930506,6,0.215,-0.002,9.463,1.5
1424830485426,37.491604,139.930506,6,0.213,-0.017,9.464,1.5
1424830485527,37.491604,139.930506,6,0.228,-0.007,9.468,1.5
1424830485628,37.491603,139.930506,6,0.228,0.009,9.466,1.5
1424830485729,37.491603,139.930506,6,0.235,-0.011,9.469,1.5
1424830485829,37.491602,139.930506,6,0.235,-0.025,9.471,1.5
1424830485925,37.491602,139.930506,6,0.227,0.002,9.467,1.5
1424830486026,37.491602,139.930505,6,0.215,-0.002,9.471,1.5
1424830486126,37.491601,139.930505,6,0.22,-0.017,9.485,1.5
1424830486227,37.491601,139.930505,6,0.233,-0.008,9.467,1.5
1424830486328,37.4916,139.930505,6,0.232,-0.003,9.466,1.5
1424830486429,37.4916,139.930505,6,0.23,-0.007,9.475,1.5
1424830486529,37.4916,139.930505,6,0.225,-0.004,9.47,1.5
1424830486625,37.491601,139.930504,6,0.213,-0.007,9.471,1.5
1424830486726,37.491601,139.930504,6,0.216,-0.009,9.474,1.5
1424830486826,37.491601,139.930503,6,0.23,-0.003,9.461,1.5
1424830486927,37.491601,139.930503,6,0.239,-0.018,9.472,1.5
1424830487028,37.491602,139.930503,6,0.229,-0.016,9.482,1.5
1424830487128,37.491602,139.930502,6,0.227,-0.006,9.462,1.5
1424830487229,37.491602,139.930502,6,0.217,-0.006,9.476,1.5
1424830487325,37.491603,139.930501,6,0.212,-0.012,9.486,1.5
1424830487425,37.491603,139.930501,6,0.23,-0.009,9.46,1.5
1424830487526,37.491603,139.930501,6,0.237,-0.017,9.468,1.5
1424830487627,37.491603,139.9305,6,0.23,-0.01,9.478,1.5
1424830487728,37.491602,139.9305,6,0.227,-0.013,9.456,1.5
1424830487828,37.491602,139.9305,6,0.221,-0.011,9.458,1.5
1424830487929,37.491602,139.9305,6,0.224,-0.002,9.459,1.5
1424830488025,37.491602,139.930499,6,0.229,-0.013,9.452,1.5
1424830488125,37.491602,139.930499,6,0.233,-0.014,9.465,1.5
1424830488226,37.491601,139.930499,6,0.235,-0.001,9.474,1.5
1424830488327,37.491601,139.930498,6,0.235,-0.01,9.466,1.5
1424830488428,37.491601,139.930498,6,0.225,-0.011,9.466,1.5
1424830488528,37.491601,139.930498,6,0.226,0.002,9.458,1.5
1424830488629,37.491601,139.930498,6,0.22,-0.007,9.466,1.5
1424830488725,37.491602,139.930497,6,0.222,-0.011,9.477,1.5
1424830488825,37.491602,139.930497,6,0.233,-0.006,9.468,1.5
1424830488926,37.491602,139.930497,6,0.231,-0.007,9.474,1.5
1424830489027,37.491602,139.930497,6,0.231,-0.005,9.477,1.5
1424830489127,37.491602,139.930497,6,0.229,-0.009,9.458,1.5
1424830489228,37.491603,139.930496,6,0.226,0.001,9.471,1.5
1424830489329,37.491603,139.930496,6,0.224,-0.002,9.468,1.5
1424830489425,37.491603,139.930496,6,0.23,-0.014,9.458,1.5
1424830489525,37.491603,139.930496,7,0.228,-0.009,9.464,1.5
1424830489626,37.491603,139.930496,7,0.226,-0.007,9.464,1.5
1424830489727,37.491603,139.930496,7,0.216,-0.017,9.465,1.5
1424830489827,37.491603,139.930496,7,0.224,-0.003,9.462,1.5
1424830489928,37.491603,139.930496,7,0.227,-0.004,9.462,1.5
1424830490029,37.491602,139.930497,7,0.222,-0.007,9.476,1.5
1424830490130,37.491602,139.930497,7,0.225,0.002,9.466,1.5
1424830490230,37.491602,139.930497,7,0.236,-0.007,9.414,1.5
1424830490326,37.491602,139.930497,7,0.233,-0.014,9.449,1.5
1424830490425,37.491602,139.930497,7,0.234,-0.023,9.448,1.5
1424830490527,37.491602,139.930497,7,0.229,-0.018,9.424,1.5
1424830490626,37.491602,139.930497,7,0.259,0.007,9.461,1.5
1424830490729,37.491602,139.930497,7,0.265,0.012,9.468,1.5
1424830490828,37.491602,139.930497,7,0.241,0.022,9.441,1.5
1424830490925,37.491602,139.930497,7,0.225,0.041,9.456,1.5
1424830491026,37.491602,139.930497,7,0.221,0.025,9.474,1.5
1424830491127,37.491602,139.930497,7,0.226,0.001,9.483,1.5
1424830491227,37.491602,139.930497,7,0.232,0.001,9.474,1.5
1424830505226,37.490918,139.930425,9,0.229,0.0,9.471,8.333
1424830505326,37.49091,139.930419,9,0.157,-0.011,9.405,8.359
1424830505428,37.490903,139.930413,9,0.145,-0.036,9.427,8.384
1424830505528,37.490896,139.930411,9,0.186,0.079,9.657,8.39
1424830505628,37.490889,139.930409,9,0.204,0.074,9.608,8.39
1424830505729,37.490881,139.930407,9,0.186,0.093,9.447,8.39
1424830505825,37.490875,139.930405,9,0.117,0.073,9.4,8.39
1424830505926,37.490868,139.930403,9,0.122,0.03,9.502,8.39
1424830506026,37.490861,139.930402,9,0.13,0.025,9.493,8.39
1424830506127,37.490854,139.9304,9,0.161,-0.011,9.435,8.39
1424830506228,37.490847,139.930398,9,0.203,-0.102,9.45,8.39
1424830506328,37.49084,139.930396,9,0.169,-0.085,9.5,8.39
1424830506429,37.490832,139.930394,9,0.17,-0.088,9.508,8.39
1424830506525,37.490826,139.930393,8,0.091,-0.029,9.334,8.39
1424830506625,37.490818,139.930391,8,0.226,-0.091,9.526,8.39
1424830506726,37.490811,139.93039,8,0.358,-0.145,9.649,8.39
1424830506827,37.490804,139.930388,8,0.387,-0.122,9.5,8.39
1424830506928,37.490797,139.930387,8,0.375,-0.083,9.358,8.39
1424830507028,37.490789,139.930385,8,0.175,-0.145,9.354,8.39
1424830507129,37.490782,139.930384,8,0.241,-0.204,9.679,8.39
1424830507225,37.490775,139.930382,8,0.405,-0.189,9.631,8.39
1424830507325,37.490768,139.930381,8,0.318,-0.131,9.246,8.39
1424830507426,37.490761,139.930379,8,0.306,-0.084,9.097,8.39
1424830507527,37.490754,139.930379,10,0.324,-0.238,9.541,8.37
1424830507628,37.490747,139.930379,10,0.297,-0.299,9.823,8.345
1424830507728,37.49074,139.930378,10,0.225,-0.28,9.573,8.32
1424830507829,37.490733,139.930378,10,0.173,-0.164,8.962,8.294
1424830507925,37.490726,139.930378,10,0.213,-0.316,9.439,8.27
1424830508025,37.49072,139.930378,10,0.152,-0.382,9.84,8.245
1424830508126,37.490713,139.930378,10,0.203,-0.261,9.623,8.22
1424830508227,37.490706,139.930377,10,0.17,-0.263,9.455,8.195
1424830508327,37.490699,139.930377,10,0.144,-0.388,9.411,8.17
1424830508429,37.490692,139.930377,10,0.227,-0.265,9.512,8.145
1424830508530,37.490686,139.930376,11,0.211,-0.239,9.49,8.1
1424830508625,37.490681,139.930375,11,0.234,-0.192,9.214,8.052
1424830508725,37.490675,139.930374,11,0.313,-0.285,9.45,8.002
1424830508826,37.49067,139.930373,11,0.235,-0.353,9.679,7.952
1424830508927,37.490664,139.930372,11,0.14,-0.33,9.436,7.902
1424830509027,37.490658,139.930371,11,0.173,-0.285,9.363,7.854
1424830509128,37.490653,139.930369,11,0.191,-0.356,9.452,7.804
1424830509229,37.490647,139.930368,11,0.206,-0.353,9.52,7.756
1424830509329,37.490642,139.930367,11,0.221,-0.29,9.51,7.708
1424830509425,37.490636,139.930366,11,0.236,-0.303,9.414,7.662
1424830509526,37.49063,139.930363,11,0.184,-0.394,9.449,7.612
1424830509627,37.490622,139.930359,11,0.227,-0.376,9.531,7.561
1424830509727,37.490615,139.930355,11,0.257,-0.295,9.479,7.511
1424830509828,37.490608,139.930351,11,0.159,-0.344,9.462,7.461
1424830509929,37.490601,139.930347,11,0.169,-0.321,9.407,7.411
1424830510029,37.490594,139.930343,11,0.233,-0.348,9.346,7.362
1424830510125,37.490588,139.930339,11,0.327,-0.351,9.658,7.316
1424830510226,37.490581,139.930335,11,0.299,-0.506,9.638,7.267
1424830510326,37.490574,139.930331,11,0.374,-0.348,9.092,7.219
1424830510427,37.490568,139.930327,11,0.451,-0.413,9.289,7.171
1424830510528,37.490561,139.930324,10,0.449,-0.438,9.336,7.14
1424830510629,37.490555,139.930322,10,0.294,-0.49,9.613,7.115
1424830510729,37.490549,139.93032,10,0.113,-0.424,9.733,7.089
1424830510825,37.490543,139.930318,10,0.15,-0.455,9.399,7.065
1424830510926,37.490537,139.930316,10,0.154,-0.695,9.439,7.04
1424830511026,37.490531,139.930314,10,0.281,-0.596,9.417,7.015
1424830511127,37.490525,139.930312,10,0.346,-0.639,9.591,6.99
1424830511228,37.490519,139.93031,10,0.209,-0.402,9.161,6.965
1424830511328,37.490513,139.930308,10,0.263,-0.597,9.401,6.94
1424830511430,37.490507,139.930306,10,0.25,-0.68,9.757,6.915
1424830511525,37.490502,139.930306,9,0.199,-0.628,9.701,6.892
1424830511626,37.490496,139.930306,9,0.268,-0.611,9.392,6.867
1424830511726,37.49049,139.930305,9,0.315,-0.529,9.301,6.843
1424830511827,37.490484,139.930305,9,0.337,-0.666,9.524,6.819
1424830511928,37.490479,139.930305,9,0.223,-0.617,9.442,6.794
1424830512028,37.490473,139.930305,9,0.362,-0.499,9.447,6.77
1424830512129,37.490467,139.930305,9,0.311,-0.586,9.668,6.746
1424830512225,37.490462,139.930304,9,0.297,-0.6,9.6,6.723
1424830512326,37.490456,139.930304,9,0.336,-0.592,9.296,6.699
1424830512426,37.49045,139.930304,9,0.263,-0.57,9.378,6.676
1424830512527,37.490445,139.930303,10,0.212,-0.592,9.586,6.631
1424830512628,37.490439,139.930302,10,0.144,-0.643,9.377,6.58
1424830512728,37.490434,139.9303,10,0.069,-0.61,9.486,6.53
1424830512829,37.490428,139.930299,10,-0.007,-0.535,9.547,6.48
1424830512925,37.490423,139.930298,10,0.075,-0.427,9.082,6.433
1424830513025,37.490417,139.930296,10,0.189,-0.567,9.282,6.384
1424830513126,37.490412,139.930295,10,0.427,-0.738,9.668,6.335
1424830513227,37.490407,139.930294,10,0.257,-0.856,10.046,6.286
1424830513328,37.490401,139.930293,10,-0.095,-0.861,9.91,6.238
1424830513428,37.490396,139.930291,10,0.064,-0.563,9.103,6.19
1424830513529,37.490391,139.93029,10,0.137,-0.423,8.864,6.141
1424830513625,37.490386,139.930289,10,0.047,-0.679,9.57,6.093
1424830513725,37.49038,139.930288,10,0.093,-0.815,9.862,6.044
1424830513826,37.490375,139.930288,10,0.123,-0.541,9.452,5.995
1424830513927,37.49037,139.930287,10,0.179,-0.272,9.408,5.946
1424830514027,37.490364,139.930286,10,0.134,-0.284,9.568,5.898
1424830514128,37.490359,139.930285,10,0.071,-0.462,9.736,5.85
1424830514229,37.490354,139.930284,10,0.035,-0.578,9.315,5.803
1424830514330,37.490349,139.930283,10,0.098,-0.538,9.294,5.756
1424830514425,37.490344,139.930282,10,0.135,-0.372,9.656,5.712
1424830514527,37.49034,139.930282,8,0.159,-0.268,9.679,5.599
1424830514627,37.490336,139.930282,8,0.089,-0.277,9.302,5.469
1424830514727,37.490332,139.930282,8,0.074,-0.379,9.388,5.343
1424830514828,37.490328,139.930282,8,0.026,-0.357,9.408,5.218
1424830514929,37.490324,139.930282,8,0.067,-0.266,9.445,5.095
1424830515025,37.49032,139.930282,8,0.104,-0.272,9.509,4.982
1424830515125,37.490316,139.930282,8,-0.03,-0.283,9.434,4.866
1424830515226,37.490313,139.930282,8,-0.204,-0.234,9.171,4.752
1424830515327,37.490309,139.930282,8,-0.456,-0.444,9.682,4.641
1424830515427,37.490306,139.930282,8,-0.818,-0.506,9.752,4.534
1424830515528,37.490303,139.930281,6,-0.883,-0.582,9.603,4.471
1424830515629,37.490299,139.930281,6,-0.949,-0.351,8.976,4.422
1424830515729,37.490296,139.93028,6,-1.018,-0.656,9.683,4.374
1424830515825,37.490293,139.930279,6,-1.006,-0.745,9.833,4.328
1424830515926,37.49029,139.930279,6,-1.074,-0.335,8.967,4.28
1424830516027,37.490287,139.930278,6,-1.27,-0.33,9.192,4.233
1424830516127,37.490284,139.930277,6,-1.479,-0.617,10.019,4.186
1424830516228,37.490281,139.930276,6,-1.574,-0.561,9.777,4.14
1424830516329,37.490278,139.930276,6,-1.572,-0.223,8.929,4.094
1424830516429,37.490276,139.930275,6,-1.787,-0.324,9.136,4.049
1424830516525,37.490273,139.930278,6,-2.249,-0.665,9.992,4.04
1424830516626,37.490269,139.930281,6,-2.307,-0.821,9.995,4.04
1424830516726,37.490266,139.930285,6,-2.113,-0.62,9.335,4.04
1424830516827,37.490263,139.930289,6,-1.761,-0.464,9.245,4.04
1424830516928,37.49026,139.930292,6,-1.29,-0.697,9.604,4.04
1424830517029,37.490256,139.930296,6,-1.169,-0.505,9.197,4.04
1424830517129,37.490253,139.930299,6,-1.326,-0.383,9.137,4.04
1424830517225,37.49025,139.930303,6,-1.75,-0.509,9.502,4.04
1424830517326,37.490247,139.930307,6,-2.132,-0.621,9.58,4.04
1424830517426,37.490244,139.93031,6,-2.246,-0.67,9.483,4.04
1424830517527,37.490242,139.930315,6,-2.389,-0.59,9.524,3.982
1424830517628,37.49024,139.930319,6,-2.424,-0.548,9.323,3.908
1424830517729,37.490238,139.930324,6,-2.306,-0.504,9.424,3.835
1424830517829,37.490237,139.930328,6,-1.979,-0.517,9.586,3.763
1424830517925,37.490235,139.930332,6,-1.694,-0.46,9.307,3.696
1424830518026,37.490233,139.930336,6,-1.52,-0.373,9.228,3.627
1424830518126,37.490232,139.93034,6,-1.436,-0.297,9.498,3.559
1424830518227,37.49023,139.930344,6,-1.462,-0.258,9.404,3.493
1424830518328,37.490229,139.930348,6,-1.516,-0.168,9.201,3.427
1424830518428,37.490227,139.930352,6,-1.567,-0.137,9.461,3.364
1424830518529,37.490226,139.930357,6,-1.764,-0.08,9.558,3.4
1424830518630,37.490226,139.930361,6,-1.853,-0.065,9.356,3.465
1424830518725,37.490225,139.930366,6,-1.784,-0.026,9.404,3.527
1424830518825,37.490224,139.930371,6,-1.657,-0.026,9.435,3.594
1424830518927,37.490223,139.930376,6,-1.574,0.013,9.377,3.663
1424830519026,37.490222,139.930381,6,-1.25,0.165,9.195,3.732
1424830519128,37.490221,139.930387,6,-0.891,0.267,9.415,3.804
1424830519227,37.49022,139.930392,6,-0.758,0.318,9.472,3.875
1424830519325,37.490219,139.930397,6,-0.766,0.289,9.369,3.947
1424830519425,37.490218,139.930403,6,-0.691,0.264,9.445,4.021
1424830519526,37.490218,139.930408,6,-0.48,0.296,9.611,4.04
1424830519627,37.490217,139.930412,6,-0.436,0.385,9.543,4.04
1424830519728,37.490217,139.930417,6,-0.535,0.409,9.408,4.04
1424830519828,37.490216,139.930422,6,-0.606,0.376,9.53,4.04
1424830519929,37.490216,139.930427,6,-0.474,0.395,9.522,4.04
1424830520025,37.490216,139.930432,6,-0.297,0.414,9.357,4.04
1424830520125,37.490215,139.930436,6,-0.179,0.464,9.27,4.04
1424830520226,37.490215,139.930441,6,-0.108,0.55,9.242,4.04
1424830534224,37.490074,139.931542,7,-0.107,0.555,9.248,7.65
1424830534230,37.490074,139.931543,7,-0.106,0.559,9.257,7.65
1424830534325,37.490074,139.931552,7,-0.018,0.369,9.373,7.65
1424830534426,37.490074,139.931561,7,-0.021,0.228,9.436,7.65
1424830534527,37.490074,139.931569,7,-0.024,0.171,9.342,7.63
1424830534627,37.490074,139.931577,7,-0.027,0.085,9.416,7.605
1424830534728,37.490073,139.931586,7,-0.028,0.085,9.46,7.58
1424830534829,37.490073,139.931594,7,-0.014,0.106,9.35,7.554
1424830534929,37.490073,139.931602,7,-0.023,0.056,9.417,7.529
1424830535025,37.490073,139.931609,7,-0.047,0.041,9.59,7.505
1424830535126,37.490073,139.931617,7,-0.028,0.092,9.489,7.48
1424830535227,37.490072,139.931625,7,0.023,0.113,9.318,7.455
1424830535327,37.490072,139.931633,7,0.045,0.122,9.418,7.43
1424830535428,37.490072,139.931641,7,0.044,0.125,9.52,7.405
1424830535529,37.490071,139.931649,6,-0.008,0.127,9.456,7.36
1424830535629,37.49007,139.931656,6,-0.085,0.088,9.518,7.31
1424830535725,37.490069,139.931663,6,-0.133,0.057,9.547,7.262
1424830535826,37.490069,139.93167,6,-0.128,0.03,9.46,7.212
1424830535926,37.490068,139.931677,6,-0.082,0.085,9.399,7.163
1424830536027,37.490067,139.931685,6,-0.03,0.121,9.377,7.113
1424830536128,37.490066,139.931692,6,0.041,0.071,9.419,7.064
1424830536229,37.490065,139.931699,6,0.033,0.027,9.516,7.015
1424830536329,37.490064,139.931706,6,-0.049,0.046,9.542,6.968
1424830536425,37.490063,139.931712,6,-0.064,0.057,9.456,6.922
1424830536526,37.490063,139.93172,6,-0.052,0.011,9.435,6.929
1424830536626,37.490062,139.931728,6,-0.03,0.074,9.454,6.953
1424830536727,37.490062,139.931736,6,0.043,0.095,9.408,6.978
1424830536828,37.490061,139.931744,6,0.084,0.038,9.446,7.003
1424830536928,37.490061,139.931752,6,0.036,0.037,9.534,7.028
1424830537029,37.49006,139.931761,6,0.006,0.07,9.389,7.054
1424830537125,37.49006,139.931768,6,0.011,0.039,9.333,7.078
1424830537226,37.490059,139.931777,6,0.002,0.065,9.329,7.103
1424830537326,37.490059,139.931785,6,0.028,0.114,9.365,7.129
1424830537427,37.490058,139.931793,6,0.043,0.001,9.552,7.154
1424830537528,37.490057,139.931802,7,0.137,-0.141,9.663,7.178
1424830537628,37.490055,139.93181,7,0.207,0.041,9.249,7.202
1424830537729,37.490053,139.931819,7,0.261,0.023,9.327,7.226
1424830537825,37.490052,139.931827,7,0.242,-0.083,9.531,7.249
1424830537926,37.49005,139.931836,7,0.128,0.005,9.565,7.273
1424830538026,37.490048,139.931844,7,-0.056,0.118,9.406,7.297
1424830538127,37.490047,139.931853,7,-0.098,0.0,9.383,7.322
1424830538228,37.490045,139.931862,7,-0.031,-0.1,9.61,7.346
1424830538328,37.490043,139.93187,7,-0.012,0.012,9.576,7.37
1424830538429,37.490041,139.931879,7,-0.029,0.004,9.489,7.395
1424830538525,37.49004,139.931889,9,-0.14,-0.006,9.501,7.47
1424830538625,37.490039,139.931899,9,-0.219,0.036,9.516,7.564
1424830538726,37.490037,139.931909,9,-0.218,0.133,9.413,7.661
1424830538827,37.490036,139.93192,9,-0.141,0.124,9.431,7.759
1424830538928,37.490034,139.93193,9,-0.12,0.165,9.423,7.858
1424830539028,37.490033,139.931941,9,-0.049,0.164,9.394,7.957
1424830539129,37.490031,139.931952,9,-0.065,0.108,9.438,8.059
1424830539225,37.49003,139.931963,9,-0.097,0.096,9.486,8.156
1424830539325,37.490028,139.931974,9,-0.166,0.159,9.423,8.259
1424830539426,37.490026,139.931985,9,-0.149,0.174,9.213,8.365
1424830539527,37.490025,139.931993,9,-0.159,0.131,9.421,8.309
1424830539627,37.490024,139.932,9,-0.119,0.054,9.784,8.206
1424830539728,37.490023,139.932007,9,-0.023,0.097,9.621,8.102
1424830539829,37.490022,139.932014,9,-0.008,0.134,9.451,8.0
1424830539925,37.490021,139.932021,9,-0.173,0.007,9.668,7.904
1424830540025,37.49002,139.932028,9,-0.195,0.171,9.466,7.806
1424830540126,37.490018,139.932034,9,-0.161,0.329,9.274,7.707
1424830540227,37.490017,139.932041,9,-0.093,0.283,9.494,7.61
1424830540327,37.490016,139.932047,9,-0.038,0.165,9.64,7.515
1424830540428,37.490015,139.932054,9,-0.006,0.184,9.502,7.42
1424830540529,37.490015,139.932061,8,-0.014,0.227,9.296,7.4
1424830540630,37.490015,139.932069,8,-0.011,0.155,9.264,7.4
1424830540725,37.490015,139.932077,8,0.027,0.135,9.414,7.4
1424830540826,37.490015,139.932085,8,-0.016,0.205,9.438,7.4
1424830540927,37.490015,139.932093,8,-0.056,0.264,9.351,7.4
1424830541027,37.490016,139.932101,8,-0.087,0.148,9.536,7.4
1424830541128,37.490016,139.932109,8,-0.061,0.091,9.595,7.4
1424830543228,37.490012,139.932285,8,-0.036,0.177,9.537,7.455
1424830543328,37.49001,139.932292,8,0.047,0.255,9.454,7.43
1424830543429,37.490008,139.932299,8,0.089,0.099,9.436,7.405
1424830543525,37.490007,139.932306,8,-0.002,0.125,9.521,7.382
1424830543626,37.490006,139.932315,8,-0.081,0.172,9.485,7.357
1424830543726,37.490005,139.932323,8,-0.041,0.184,9.474,7.333
1424830543827,37.490003,139.932331,8,-0.106,0.154,9.492,7.309
1424830543928,37.490002,139.93234,8,-0.028,0.18,9.377,7.284
1424830544028,37.490001,139.932348,8,-0.024,0.173,9.367,7.26
1424830544129,37.49,139.932356,8,-0.072,0.115,9.469,7.236
1424830544225,37.489999,139.932364,8,-0.113,0.125,9.432,7.213
1424830544326,37.489997,139.932372,8,-0.116,0.123,9.36,7.189
1424830544426,37.489996,139.93238,8,-0.105,0.066,9.491,7.166
1424830544527,37.489994,139.932389,9,-0.088,0.101,9.518,7.178
1424830544628,37.489992,139.932398,9,-0.016,0.182,9.282,7.202
1424830544728,37.48999,139.932407,9,0.062,0.097,9.409,7.226
1424830544829,37.489988,139.932416,9,0.011,0.05,9.672,7.25
1424830544925,37.489986,139.932424,9,0.012,0.088,9.662,7.273
1424830545025,37.489984,139.932433,9,-0.1,0.123,9.475,7.297
1424830545126,37.489982,139.932443,9,-0.149,0.148,9.268,7.321
1424830545227,37.48998,139.932452,9,-0.079,0.091,9.451,7.346
1424830545328,37.489978,139.932461,9,-0.027,0.033,9.694,7.37
1424830545428,37.489975,139.93247,9,-0.133,0.068,9.638,7.395
1424830545529,37.489975,139.932478,9,-0.193,0.125,9.326,7.381
1424830545625,37.489976,139.932485,9,-0.221,0.052,9.355,7.357
1424830545725,37.489976,139.932493,9,-0.216,-0.03,9.729,7.333
1424830545826,37.489977,139.9325,9,-0.183,0.112,9.558,7.309
1424830545927,37.489977,139.932508,9,-0.167,0.222,9.222,7.285
1424830546027,37.489977,139.932516,9,-0.197,0.185,9.206,7.261
1424830546128,37.489978,139.932523,9,-0.197,0.118,9.486,7.236
1424830546229,37.489978,139.932531,9,-0.171,0.157,9.584,7.212
1424830546325,37.489979,139.932538,9,-0.169,0.182,9.374,7.19
1424830546425,37.489979,139.932545,9,-0.127,0.063,9.397,7.166
1424830546526,37.489979,139.932552,9,-0.101,0.061,9.326,7.16
1424830546627,37.489978,139.932559,9,-0.063,0.066,9.355,7.16
1424830546727,37.489978,139.932566,9,0.066,-0.023,9.737,7.16
1424830546828,37.489978,139.932572,9,0.111,-0.027,9.592,7.16
1424830546929,37.489978,139.932579,9,0.126,0.071,9.28,7.16
1424830547030,37.489977,139.932586,9,0.084,0.094,9.238,7.16
1424830547125,37.489977,139.932592,9,0.055,0.075,9.43,7.16
1424830547231,37.489977,139.932599,9,0.085,0.082,9.6,7.16
1424830547327,37.489976,139.932606,9,0.148,0.05,9.556,7.16
1424830547426,37.489976,139.932612,9,0.111,-0.011,9.471,7.16
1424830547528,37.489975,139.932621,8,0.06,-0.06,9.514,7.178
1424830547627,37.489974,139.93263,8,-0.034,-0.02,9.526,7.202
1424830547729,37.489972,139.932639,8,-0.083,0.091,9.443,7.226
1424830547825,37.489971,139.932647,8,-0.053,0.167,9.394,7.249
1424830547926,37.489969,139.932656,8,-0.013,0.095,9.513,7.273
1424830548027,37.489968,139.932666,8,0.005,0.07,9.668,7.298
1424830548127,37.489967,139.932675,8,0.045,0.143,9.549,7.322
1424830548228,37.489965,139.932684,8,0.07,0.131,9.432,7.346
1424830548329,37.489964,139.932693,8,0.01,0.131,9.423,7.371
1424830548429,37.489962,139.932702,8,0.092,0.191,9.511,7.395
1424830548525,37.489962,139.932711,8,0.245,0.243,9.454,7.4
1424830548626,37.489961,139.932721,8,0.263,0.206,9.361,7.4
1424830548726,37.48996,139.932731,8,0.361,0.154,9.595,7.4
1424830548827,37.48996,139.932741,8,0.388,0.157,9.492,7.4
1424830548928,37.489959,139.932751,8,0.324,0.105,9.386,7.4
1424830549029,37.489959,139.932761,8,0.307,0.097,9.516,7.4
1424830549129,37.489958,139.932771,8,0.321,0.089,9.486,7.4
1424830549225,37.489957,139.932781,8,0.329,0.07,9.454,7.4
1424830549326,37.489957,139.932791,8,0.376,0.039,9.472,7.4
1424830549426,37.489956,139.932801,8,0.216,-0.038,9.754,7.4
1424830549527,37.489956,139.932808,8,0.25,-0.062,9.422,7.4
1424830549628,37.489955,139.932814,8,0.324,0.082,9.142,7.4
1424830549728,37.489955,139.932821,8,0.215,-0.025,9.461,7.4
1424830549829,37.489954,139.932827,8,0.146,-0.123,9.676,7.4
1424830549925,37.489954,139.932833,8,0.088,-0.04,9.349,7.4
1424830550026,37.489953,139.93284,8,-0.107,-0.012,9.331,7.4
1424830550126,37.489953,139.932846,8,-0.078,-0.142,9.507,7.4
1424830550227,37.489952,139.932853,8,0.097,-0.179,9.513,7.4
1424830550328,37.489952,139.932859,8,0.064,-0.058,9.47,7.4
1424830550428,37.489951,139.932866,8,0.036,-0.019,9.487,7.4
1424830550529,37.48995,139.932873,7,-0.065,0.003,9.41,7.381
1424830550625,37.489949,139.93288,7,-0.077,-0.046,9.5,7.357
1424830550725,37.489947,139.932887,7,-0.039,0.027,9.692,7.333
1424830550826,37.489946,139.932895,7,-0.056,0.043,9.568,7.309
1424830550927,37.489944,139.932902,7,-0.006,0.129,9.287,7.285
1424830551028,37.489943,139.932909,7,0.058,0.214,9.185,7.26
1424830551128,37.489941,139.932917,7,0.045,0.281,9.201,7.236
1424830551229,37.48994,139.932924,7,0.048,0.159,9.458,7.212
1424830551325,37.489939,139.932931,7,0.15,0.045,9.583,7.19
1424830551425,37.489937,139.932938,7,0.045,0.019,9.47,7.166
1424830551526,37.489936,139.932945,6,-0.004,-0.057,9.338,7.141
1424830551627,37.489936,139.932953,6,0.065,-0.278,9.557,7.115
1424830551728,37.489935,139.93296,6,0.127,-0.385,9.693,7.09
1424830551828,37.489934,139.932967,6,0.178,-0.198,9.451,7.064
1424830551929,37.489934,139.932974,6,0.246,-0.217,9.296,7.039
1424830552025,37.489933,139.932981,6,0.194,-0.257,9.385,7.015
1424830552125,37.489932,139.932988,6,0.087,-0.238,9.596,6.99
1424830552226,37.489932,139.932995,6,0.073,-0.256,9.666,6.965
1424830552327,37.489931,139.933002,6,0.109,-0.286,9.493,6.94
1424830552427,37.48993,139.933009,6,0.161,-0.299,9.382,6.916
1424830552528,37.489929,139.933016,6,0.227,-0.262,9.405,6.891
1424830552629,37.489929,139.933024,6,0.243,-0.336,9.541,6.866
1424830552725,37.489928,139.93303,6,0.231,-0.294,9.497,6.843
1424830552825,37.489927,139.933037,6,0.194,-0.188,9.367,6.819
1424830552926,37.489927,139.933044,6,0.242,-0.221,9.338,6.795
1424830553027,37.489926,139.933051,6,0.234,-0.316,9.445,6.77
1424830553127,37.489925,139.933058,6,0.22,-0.328,9.456,6.747
1424830553228,37.489925,139.933065,6,0.274,-0.303,9.482,6.723
1424830553329,37.489924,139.933072,6,0.308,-0.404,9.541,6.699
1424830553430,37.489923,139.933079,6,0.253,-0.481,9.507,6.675
1424830553525,37.489922,139.933085,6,0.287,-0.452,9.38,6.632
1424830553626,37.48992,139.933091,6,0.336,-0.411,9.423,6.581
1424830553727,37.489918,139.933098,6,0.359,-0.47,9.501,6.531
1424830553827,37.489916,139.933104,6,0.359,-0.486,9.459,6.481
1424830553928,37.489914,139.933111,6,0.372,-0.462,9.452,6.431
1424830554029,37.489912,139.933117,6,0.448,-0.496,9.562,6.382
1424830554129,37.489911,139.933123,6,0.578,-0.572,9.506,6.333
1424830554225,37.489909,139.933129,6,0.771,-0.578,9.339,6.287
1424830554326,37.489907,139.933135,6,0.965,-0.575,9.386,6.239
1424830554427,37.489905,139.933142,6,1.086,-0.645,9.598,6.191
1424830554527,37.489904,139.933148,5,1.183,-0.675,9.567,6.1
1424830554628,37.489902,139.933153,5,1.349,-0.663,9.348,5.997
1424830554729,37.4899,139.933159,5,1.431,-0.71,9.447,5.896
1424830554829,37.489898,139.933165,5,1.365,-0.691,9.455,5.797
1424830554925,37.489897,139.93317,5,1.323,-0.715,9.54,5.704
1424830555026,37.489895,139.933176,5,1.292,-0.742,9.519,5.607
1424830555126,37.489893,139.933181,5,1.187,-0.732,9.512,5.513
1424830555227,37.489892,139.933187,5,1.045,-0.747,9.597,5.42
1424830555328,37.48989,139.933192,5,1.108,-0.68,9.447,5.328
1424830555429,37.489888,139.933197,5,1.392,-0.582,9.033,5.238
1424830555529,37.489886,139.933201,6,1.439,-0.523,8.908,5.16
1424830555625,37.489884,139.933205,6,1.207,-0.522,9.27,5.088
1424830555726,37.489882,139.933209,6,1.034,-0.756,9.903,5.014
1424830555826,37.48988,139.933213,6,0.989,-1.003,10.25,4.941
1424830555927,37.489878,139.933216,6,1.1,-1.025,10.009,4.868
1424830556028,37.489876,139.93322,6,1.259,-0.705,9.105,4.797
1424830556128,37.489874,139.933224,6,1.302,-0.468,8.418,4.727
1424830556229,37.489872,139.933227,6,1.439,-0.528,8.828,4.658
1424830556325,37.48987,139.933231,6,1.352,-1.014,10.428,4.593
1424830556426,37.489868,139.933234,6,1.618,-1.288,11.227,4.526
1424830556526,37.489866,139.933236,6,1.885,-0.773,9.463,4.472
1424830556627,37.489863,139.933237,6,1.539,-0.221,7.991,4.423
1424830556728,37.48986,139.933239,6,1.174,-0.527,8.754,4.374
1424830556828,37.489857,139.93324,6,1.598,-1.298,10.655,4.326
1424830556929,37.489855,139.933241,6,1.793,-1.085,10.215,4.278
1424830557025,37.489852,139.933243,6,1.715,-0.319,8.917,4.233
1424830557125,37.489849,139.933244,6,1.997,0.041,8.553,4.187
1424830557226,37.489847,139.933245,6,1.87,0.034,8.998,4.141
1424830557327,37.489844,139.933246,6,1.456,-0.402,9.272,4.095
1424830557428,37.489842,139.933248,6,1.107,-0.561,9.187,4.05
1424830557528,37.489838,139.933248,6,1.088,-0.289,9.418,4.04
1424830557629,37.489834,139.933249,6,1.274,0.051,9.492,4.04
1424830557725,37.489831,139.933249,6,1.273,-0.215,9.525,4.04
1424830557825,37.489827,139.933249,6,0.978,-0.527,9.555,4.04
1424830557926,37.489823,139.933249,6,0.985,-0.667,10.061,4.04
1424830558027,37.489819,139.93325,6,1.421,-0.719,9.996,4.04
1424830558128,37.489815,139.93325,6,1.581,-0.402,9.072,4.04
1424830558228,37.489811,139.93325,6,1.592,-0.251,8.838,4.04
1424830558329,37.489808,139.933251,6,1.417,-0.202,9.384,4.04
1424830558425,37.489804,139.933251,6,1.316,-0.271,9.869,4.04
1424830558525,37.489801,139.93325,6,1.235,-0.109,9.473,4.057
1424830558626,37.489797,139.933249,6,1.06,0.131,8.954,4.08
1424830558727,37.489794,139.933248,6,0.771,-0.047,9.83,4.102
1424830558827,37.48979,139.933247,6,0.968,-0.063,10.35,4.125
1424830558928,37.489787,139.933246,6,1.257,0.059,9.501,4.148
1424830559029,37.489784,139.933245,6,1.528,0.031,8.948,4.172
1424830559130,37.48978,139.933244,6,1.39,0.086,9.158,4.195
1424830559225,37.489777,139.933243,6,1.178,0.104,9.568,4.217
1424830559326,37.489773,139.933242,6,1.072,0.153,9.663,4.241
1424830559427,37.48977,139.933241,6,1.073,0.163,9.205,4.265
1424830559527,37.489766,139.93324,6,0.947,0.103,9.259,4.288
1424830559628,37.489763,139.933239,6,0.89,0.193,9.736,4.312
1424830559729,37.489759,139.933237,6,0.969,0.054,9.909,4.336
1424830559829,37.489756,139.933236,6,1.155,0.02,9.349,4.359
1424830559925,37.489752,139.933235,6,1.17,0.133,8.793,4.382
1424830560026,37.489748,139.933234,6,1.088,0.019,9.205,4.407
1424830560127,37.489745,139.933232,6,1.181,-0.051,9.985,4.431
1424830560227,37.489741,139.933231,6,1.199,-0.135,9.801,4.455
1424830560328,37.489737,139.93323,6,1.213,-0.08,9.287,4.48
1424830560429,37.489734,139.933228,6,1.231,-0.056,9.197,4.505
1424830560529,37.48973,139.933225,7,1.39,-0.037,9.373,4.528
1424830560625,37.489727,139.933222,7,1.475,-0.087,9.462,4.549
1424830560726,37.489724,139.933218,7,1.551,-0.146,9.181,4.572
1424830560827,37.489721,139.933214,7,1.425,-0.166,9.217,4.595
1424830560927,37.489717,139.933211,7,1.201,-0.142,9.591,4.618
1424830561028,37.489714,139.933207,7,0.893,-0.076,9.692,4.642
1424830561129,37.489711,139.933203,7,0.634,-0.129,9.603,4.665
1424830561229,37.489707,139.933199,7,0.715,-0.11,9.448,4.688
1424830561330,37.489704,139.933196,7,0.867,-0.126,9.324,4.712
1424830561426,37.489701,139.933192,7,1.052,-0.173,9.34,4.734
1424830561525,37.489697,139.933189,8,1.098,-0.27,9.658,4.774
1424830561627,37.489694,139.933187,8,0.976,-0.084,9.364,4.822
1424830561726,37.48969,139.933184,8,1.075,0.036,9.355,4.868
1424830561829,37.489686,139.933181,8,1.067,-0.144,9.692,4.916
1424830561928,37.489682,139.933179,8,0.824,-0.164,9.63,4.964
1424830562025,37.489679,139.933176,8,0.603,-0.145,9.516,5.01
1424830562126,37.489675,139.933174,8,0.558,-0.04,9.409,5.059
1424830562226,37.489671,139.933171,8,0.796,-0.15,9.843,5.108
1424830562327,37.489667,139.933168,8,1.048,-0.218,9.622,5.158
1424830562428,37.489663,139.933166,8,1.172,-0.037,9.495,5.209
1424830562528,37.48966,139.93316,8,1.236,0.327,8.858,5.181
1424830562629,37.489657,139.933153,8,1.578,0.35,8.942,5.131
1424830562725,37.489655,139.933147,8,1.483,-0.184,9.712,5.083
1424830562826,37.489652,139.93314,8,1.237,-0.428,10.425,5.034
1424830562926,37.48965,139.933134,8,0.995,-0.043,9.542,4.986
1424830563027,37.489647,139.933127,8,0.922,0.331,8.658,4.937
1424830563128,37.489645,139.933121,8,0.841,0.036,9.298,4.89
1424830563228,37.489642,139.933115,8,0.767,-0.358,10.189,4.843
1424830563329,37.48964,139.933108,8,0.742,-0.313,9.774,4.796
1424830563425,37.489638,139.933103,8,0.842,-0.141,9.0,4.751
1424830563525,37.489636,139.933097,7,0.91,0.027,9.184,4.758
1424830563626,37.489635,139.933092,7,0.892,0.262,9.42,4.781
1424830563727,37.489633,139.933087,7,0.871,0.156,9.337,4.805
1424830563828,37.489632,139.933081,7,0.538,-0.073,9.307,4.829
1424830563928,37.489631,139.933076,7,0.32,-0.117,9.66,4.853
1424830564029,37.48963,139.933071,7,0.254,-0.014,10.009,4.878
1424830564125,37.489628,139.933066,7,0.313,0.073,9.729,4.901
1424830564225,37.489627,139.93306,7,0.153,0.007,9.408,4.925
1424830564326,37.489626,139.933055,7,0.3,0.175,8.884,4.95
1424830564427,37.489624,139.933049,7,0.208,0.067,9.438,4.974
1424830564528,37.489624,139.933044,6,0.077,-0.001,9.497,4.98
1424830564628,37.489623,139.933038,6,0.394,0.004,9.827,4.98
1424830564729,37.489623,139.933033,6,0.371,0.237,9.497,4.98
1424830564825,37.489622,139.933027,6,0.176,0.478,9.203,4.98
1424830564925,37.489622,139.933022,6,0.33,0.242,9.292,4.98
1424830565026,37.489621,139.933016,6,0.417,-0.034,9.652,4.98
1424830565127,37.489621,139.933011,6,0.401,-0.109,9.359,4.98
1424830565227,37.48962,139.933005,6,0.217,-0.03,9.554,4.98
1424830565328,37.48962,139.933,6,-0.12,0.243,9.724,4.98
1424830565429,37.489619,139.932994,6,0.029,0.25,9.301,4.98
1424830565525,37.489619,139.93299,6,0.003,0.057,9.155,4.98
1424830565625,37.489618,139.932985,6,-0.008,-0.102,9.287,4.98
1424830565726,37.489618,139.932981,6,0.002,-0.1,9.687,4.98
1424830565827,37.489618,139.932976,6,0.059,0.083,9.616,4.98
1424830565927,37.489618,139.932972,6,0.122,0.093,9.502,4.98
1424830566028,37.489617,139.932967,6,0.246,0.047,9.564,4.98
1424830566129,37.489617,139.932962,6,0.23,0.033,9.048,4.98
1424830566229,37.489617,139.932958,6,0.197,-0.27,9.534,4.98
1424830566325,37.489616,139.932954,6,-0.051,-0.285,9.533,4.98
1424830566426,37.489616,139.932949,6,-0.181,0.119,9.163,4.98
1424830566527,37.489616,139.932944,6,-0.219,0.202,9.028,4.998
1424830566627,37.489615,139.932938,6,-0.23,0.111,9.311,5.022
1424830566728,37.489615,139.932932,6,-0.167,0.016,9.542,5.046
1424830566829,37.489614,139.932926,6,0.044,-0.024,9.489,5.07
1424830566929,37.489614,139.932921,6,0.1,-0.144,9.395,5.094
1424830567025,37.489613,139.932915,6,-0.208,0.005,9.499,5.117
1424830567126,37.489613,139.932909,6,-0.224,-0.046,9.469,5.141
1424830567226,37.489612,139.932903,6,-0.128,-0.186,9.387,5.165
1424830567327,37.489612,139.932897,6,-0.127,-0.166,9.427,5.19
1424830567428,37.489611,139.932891,6,-0.219,-0.103,9.551,5.215
1424830567529,37.489611,139.932886,6,-0.231,0.003,9.424,5.22
1424830567629,37.489611,139.932881,6,-0.187,-0.005,9.433,5.22
1424830567725,37.489611,139.932876,6,-0.209,-0.087,9.658,5.22
1424830567826,37.489611,139.932871,6,-0.178,-0.132,9.648,5.22
1424830567926,37.489611,139.932866,6,-0.068,-0.073,9.462,5.22
1424830568027,37.489612,139.932861,6,0.041,-0.072,9.444,5.22
1424830568128,37.489612,139.932855,6,0.023,0.004,9.415,5.22
1424830568229,37.489612,139.93285,6,-0.11,-0.008,9.489,5.22
1424830568329,37.489612,139.932845,6,-0.241,-0.053,9.552,5.22
1424830568425,37.489612,139.93284,6,-0.298,-0.029,9.496,5.22
1424830568526,37.489612,139.932834,6,-0.314,0.027,9.437,5.22
1424830568626,37.489612,139.932828,6,-0.219,0.024,9.382,5.22
1424830568727,37.489612,139.932822,6,-0.167,-0.079,9.604,5.22
1424830568828,37.489612,139.932816,6,-0.173,-0.127,9.618,5.22
1424830568928,37.489612,139.93281,6,-0.127,-0.07,9.377,5.22
1424830569029,37.489611,139.932804,6,-0.028,-0.053,9.39,5.22
1424830569125,37.489611,139.932798,6,-0.13,-0.101,9.554,5.22
1424830569226,37.489611,139.932792,6,-0.212,-0.214,9.759,5.22
1424830569326,37.489611,139.932786,6,-0.28,-0.146,9.456,5.22
1424830569427,37.489611,139.932779,6,-0.336,-0.06,9.342,5.22
1424830569528,37.489611,139.932774,6,-0.338,-0.075,9.512,5.22
1424830569628,37.489611,139.932768,6,-0.354,-0.085,9.485,5.22
1424830569729,37.489611,139.932762,6,-0.283,-0.132,9.507,5.22
1424830569825,37.489611,139.932757,6,-0.182,-0.195,9.465,5.22
1424830569926,37.489611,139.932751,6,-0.114,-0.068,9.313,5.22
1424830570026,37.489611,139.932746,6,-0.005,-0.216,9.634,5.22
1424830570127,37.489611,139.93274,6,-0.162,-0.201,9.414,5.22
1424830570228,37.489611,139.932734,6,-0.412,-0.148,9.265,5.22
1424830570328,37.489611,139.932729,6,-0.541,-0.211,9.367,5.22
1424830570429,37.489611,139.932723,6,-0.469,-0.192,9.374,5.22
1424830570525,37.489611,139.932718,7,-0.268,-0.31,9.751,5.202
1424830570625,37.489611,139.932713,7,-0.162,-0.414,9.781,5.177
1424830570726,37.489611,139.932707,7,-0.078,-0.27,9.373,5.153
1424830570827,37.489611,139.932702,7,0.055,-0.21,9.334,5.128
1424830570928,37.489611,139.932697,7,0.045,-0.31,9.354,5.104
1424830571028,37.489612,139.932692,7,-0.174,-0.289,9.537,5.08
1424830571129,37.489612,139.932686,7,-0.391,-0.223,9.413,5.056
1424830571225,37.489612,139.932681,7,-0.457,-0.145,9.398,5.033
1424830571325,37.489612,139.932676,7,-0.356,-0.084,9.578,5.009
1424830571426,37.489612,139.932671,7,-0.243,-0.146,9.526,4.986
1424830571527,37.489612,139.932666,7,-0.185,-0.214,9.461,4.98
1424830571627,37.489612,139.932661,7,-0.184,-0.206,9.404,4.98
1424830571728,37.489611,139.932656,7,-0.244,-0.18,9.445,4.98
1424830571829,37.489611,139.93265,7,-0.248,-0.196,9.464,4.98
1424830571925,37.489611,139.932645,7,-0.166,-0.222,9.432,4.98
1424830572025,37.489611,139.93264,7,-0.163,-0.21,9.522,4.98
1424830572126,37.489611,139.932635,7,-0.256,-0.181,9.507,4.98
1424830572227,37.48961,139.93263,7,-0.32,-0.233,9.553,4.98
1424830572327,37.48961,139.932624,7,-0.233,-0.16,9.365,4.98
1424830572428,37.48961,139.932619,7,-0.115,-0.119,9.338,4.98
1424830572529,37.489611,139.932613,9,-0.043,-0.148,9.534,4.999
1424830572630,37.489613,139.932606,9,-0.051,-0.155,9.554,5.022
1424830572725,37.489614,139.932599,9,-0.091,-0.16,9.423,5.045
1424830572826,37.489616,139.932592,9,-0.148,-0.151,9.514,5.069
1424830572927,37.489617,139.932585,9,-0.099,-0.118,9.422,5.093
1424830573027,37.489619,139.932579,9,-0.138,-0.152,9.511,5.117
1424830573128,37.48962,139.932572,9,-0.19,-0.198,9.637,5.141
1424830573229,37.489622,139.932565,9,-0.175,-0.157,9.45,5.166
1424830573329,37.489623,139.932558,9,-0.115,-0.088,9.304,5.19
1424830573425,37.489625,139.932551,9,-0.026,-0.108,9.373,5.214
1424830573526,37.489624,139.932545,9,-0.053,-0.137,9.472,5.182
1424830573626,37.489623,139.93254,9,-0.143,-0.18,9.672,5.132
1424830573727,37.489622,139.932536,9,-0.225,-0.142,9.502,5.082
1424830573828,37.489621,139.932531,9,-0.238,-0.093,9.339,5.033
1424830573929,37.48962,139.932526,9,-0.178,-0.093,9.417,4.984
1424830574029,37.489618,139.932521,9,-0.08,-0.197,9.639,4.936
1424830574125,37.489617,139.932517,9,-0.063,-0.24,9.602,4.891
1424830574226,37.489616,139.932512,9,-0.1,-0.119,9.362,4.843
1424830574326,37.489615,139.932508,9,-0.08,-0.058,9.237,4.797
1424830574427,37.489614,139.932503,9,-0.035,-0.085,9.351,4.751
1424830574528,37.489614,139.932498,7,-0.076,-0.151,9.627,4.722
1424830574629,37.489613,139.932494,7,-0.085,-0.239,9.701,4.698
1424830574729,37.489613,139.93249,7,0.011,-0.201,9.529,4.675
1424830574825,37.489612,139.932485,7,0.146,-0.14,9.457,4.652
1424830574926,37.489612,139.932481,7,0.312,-0.083,9.386,4.629
1424830575026,37.489611,139.932476,7,0.494,-0.131,9.404,4.606
1424830575127,37.489611,139.932472,7,0.65,-0.238,9.497,4.583
1424830575228,37.48961,139.932468,7,0.713,-0.266,9.436,4.56
1424830575328,37.48961,139.932463,7,0.759,-0.284,9.475,4.537
1424830575429,37.489609,139.932459,7,0.907,-0.252,9.566,4.515
1424830575525,37.48961,139.932455,7,0.824,-0.045,9.093,4.51
1424830575631,37.489611,139.93245,7,1.023,-0.164,9.253,4.51
1424830575726,37.489613,139.932446,7,1.125,-0.345,9.639,4.51
1424830575825,37.489614,139.932442,7,1.167,-0.367,9.543,4.51
1424830575928,37.489615,139.932437,7,1.152,-0.397,9.621,4.51
1424830576027,37.489616,139.932433,7,1.041,-0.317,9.645,4.51
1424830576129,37.489618,139.932429,7,0.978,-0.175,9.295,4.51
1424830576225,37.489619,139.932425,7,1.02,-0.137,9.208,4.51
1424830576325,37.48962,139.93242,7,1.132,-0.412,9.541,4.51
1424830576426,37.489622,139.932416,7,1.297,-0.567,9.754,4.51
1424830576527,37.489623,139.932412,6,1.396,-0.398,9.445,4.472
1424830576628,37.489625,139.932407,6,1.505,-0.258,9.168,4.423
1424830576728,37.489627,139.932403,6,1.564,-0.264,9.279,4.374
1424830576829,37.489628,139.932398,6,1.401,-0.193,9.187,4.326
1424830576925,37.48963,139.932394,6,1.274,-0.408,9.678,4.28
1424830577025,37.489631,139.93239,6,1.089,-0.503,9.855,4.233
1424830577126,37.489633,139.932385,6,1.102,-0.405,9.462,4.187
1424830577227,37.489635,139.932381,6,1.201,-0.385,9.425,4.14
1424830577328,37.489636,139.932377,6,1.325,-0.5,9.57,4.095
1424830577428,37.489638,139.932373,6,1.568,-0.511,9.384,4.05
1424830577529,37.48964,139.93237,6,1.661,-0.42,9.337,4.021
1424830577625,37.489643,139.932367,6,1.713,-0.404,9.425,3.999
1424830577725,37.489645,139.932364,6,1.736,-0.431,9.293,3.975
1424830577826,37.489648,139.932361,6,1.602,-0.346,9.301,3.952
1424830577927,37.489651,139.932357,6,1.485,-0.344,9.443,3.929
1424830578027,37.489653,139.932354,6,1.478,-0.465,9.618,3.906
1424830578128,37.489656,139.932351,6,1.341,-0.365,9.435,3.883
1424830578229,37.489658,139.932348,6,1.133,-0.203,9.335,3.86
1424830578325,37.489661,139.932346,6,1.136,-0.332,9.638,3.838
1424830578425,37.489663,139.932343,6,1.375,-0.449,9.743,3.816
1424830578526,37.489666,139.93234,5,1.57,-0.295,9.429,3.754
1424830578627,37.489668,139.932338,5,1.78,-0.231,9.226,3.68
1424830578727,37.489671,139.932335,5,1.936,-0.161,9.329,3.608
1424830578828,37.489673,139.932333,5,1.892,-0.227,9.491,3.537
1424830578929,37.489676,139.93233,5,1.676,-0.241,9.619,3.468
1424830579029,37.489678,139.932328,5,1.253,-0.051,9.255,3.4
1424830579125,37.48968,139.932326,5,0.957,0.126,9.316,3.336
1424830579226,37.489682,139.932324,5,0.92,0.072,9.569,3.271
1424830579327,37.489684,139.932322,5,1.011,-0.008,9.594,3.206
1424830579427,37.489687,139.932319,5,1.098,-0.025,9.562,3.144
1424830579528,37.489686,139.932318,10,1.149,0.062,9.478,3.056
1424830579629,37.489684,139.932318,10,1.245,0.162,9.304,2.963
1424830579729,37.489683,139.932317,10,1.358,0.149,9.201,2.873
1424830579825,37.489681,139.932316,10,1.236,0.077,9.314,2.789
1424830579926,37.48968,139.932315,10,0.89,0.121,9.393,2.703
1424830580027,37.489678,139.932315,10,0.729,0.043,9.791,2.62
1424830580127,37.489677,139.932314,10,0.728,0.026,9.738,2.54
1424830580228,37.489676,139.932313,10,0.796,0.115,9.438,2.462
1424830580329,37.489674,139.932313,10,0.926,0.209,9.178,2.387
1424830580429,37.489673,139.932312,10,1.161,-0.082,9.71,2.315
1424830580525,37.489674,139.932312,10,1.279,-0.273,9.875,2.3
1424830580626,37.489677,139.932311,10,1.377,-0.044,9.245,2.3
1424830580726,37.489679,139.932311,10,1.21,0.091,9.115,2.3
1424830580827,37.489681,139.932311,10,0.812,0.092,9.76,2.3
1424830580928,37.489683,139.932311,10,0.493,-0.058,9.978,2.3
1424830581029,37.489685,139.93231,10,0.636,-0.127,9.71,2.3
1424830581129,37.489687,139.93231,10,0.607,0.249,8.709,2.3
1424830581225,37.489688,139.93231,10,0.459,0.403,8.835,2.3
1424830581326,37.489691,139.932309,10,0.435,-0.017,10.035,2.3
1424830581426,37.489693,139.932309,10,0.63,-0.38,10.336,2.3
1424830581527,37.489695,139.93231,8,0.908,-0.272,9.46,2.355
1424830581628,37.489699,139.93231,8,0.793,-0.067,9.277,2.429
1424830581728,37.489702,139.932311,8,0.582,-0.085,9.731,2.505
1424830581829,37.489706,139.932312,8,0.474,-0.172,9.627,2.585
1424830581925,37.489709,139.932313,8,0.647,-0.267,9.102,2.663
1424830582025,37.489713,139.932314,8,0.716,-0.114,8.758,2.746
1424830582126,37.489717,139.932315,8,0.776,0.043,9.514,2.833
1424830582227,37.489721,139.932316,8,0.758,0.076,9.946,2.923
1424830582328,37.489725,139.932317,8,0.8,-0.097,9.555,3.015
1424830582428,37.489729,139.932318,8,0.831,-0.19,9.172,3.109
1424830582529,37.489733,139.932318,7,0.63,-0.209,9.494,3.163
1424830582625,37.489737,139.932319,7,0.479,-0.236,9.757,3.204
1424830582725,37.489742,139.932319,7,0.468,-0.337,9.694,3.248
1424830582826,37.489746,139.932319,7,0.35,-0.38,9.224,3.292
1424830582927,37.48975,139.932319,7,0.458,-0.375,9.327,3.337
1424830583028,37.489755,139.93232,7,0.645,-0.27,9.335,3.383
1424830583128,37.489759,139.93232,7,0.79,-0.243,9.146,3.429
1424830583229,37.489764,139.93232,7,0.718,-0.486,9.619,3.475
1424830583325,37.489768,139.932321,7,0.631,-0.643,9.824,3.52
1424830583425,37.489773,139.932321,7,0.47,-0.59,9.598,3.568
1424830583526,37.489777,139.932322,7,0.297,-0.465,9.381,3.628
1424830583627,37.489782,139.932323,7,0.266,-0.488,9.391,3.693
1424830583728,37.489786,139.932324,7,0.152,-0.604,9.545,3.76
1424830583828,37.48979,139.932325,7,0.114,-0.589,9.57,3.827
1424830583929,37.489795,139.932326,7,0.119,-0.525,9.337,3.895
1424830584025,37.489799,139.932328,7,0.055,-0.55,9.346,3.962
1424830584125,37.489804,139.932329,7,0.125,-0.47,9.382,4.032
1424830584226,37.489809,139.93233,7,-0.017,-0.378,9.562,4.105
1424830584327,37.489814,139.932331,7,-0.191,-0.438,9.589,4.179
1424830584427,37.489819,139.932333,7,-0.394,-0.631,9.786,4.253
1424830584528,37.489823,139.932334,6,-0.532,-0.631,9.552,4.252
1424830584629,37.489828,139.932335,6,-0.521,-0.503,9.281,4.228
1424830584730,37.489832,139.932336,6,-0.425,-0.686,9.749,4.204
1424830584825,37.489836,139.932337,6,-0.225,-0.971,10.287,4.182
1424830584926,37.489841,139.932338,6,0.001,-0.944,9.906,4.159
1424830585027,37.489845,139.932339,6,0.013,-0.739,9.192,4.136
1424830585127,37.489849,139.93234,6,-0.104,-0.593,9.043,4.113
1424830585228,37.489854,139.932341,6,-0.258,-0.569,9.322,4.09
1424830585329,37.489858,139.932342,6,-0.263,-0.529,9.316,4.067
1424830585429,37.489862,139.932343,6,-0.241,-0.5,9.379,4.045
1424830585525,37.489866,139.932344,7,-0.296,-0.553,9.621,4.022
1424830585626,37.48987,139.932345,7,-0.316,-0.403,9.307,3.999
1424830585727,37.489874,139.932346,7,-0.32,-0.401,9.362,3.975
1424830585827,37.489878,139.932346,7,-0.368,-0.612,9.77,3.952
1424830585928,37.489882,139.932347,7,-0.395,-0.782,10.026,3.928
1424830586029,37.489886,139.932348,7,-0.206,-0.487,9.678,3.905
1424830586129,37.48989,139.932349,7,-0.125,0.025,8.975,3.882
1424830586225,37.489893,139.93235,7,-0.249,0.113,9.009,3.861
1424830586326,37.489897,139.932351,7,-0.202,-0.208,9.484,3.838
1424830586426,37.489901,139.932352,7,0.001,-0.417,9.496,3.815
1424830586527,37.489904,139.932352,7,0.164,-0.472,9.269,3.772
1424830586628,37.489907,139.932353,7,0.113,-0.515,9.314,3.724
1424830586729,37.48991,139.932354,7,-0.019,-0.632,9.382,3.676
1424830586829,37.489913,139.932354,7,-0.039,-0.782,9.598,3.629
1424830586925,37.489916,139.932355,7,-0.052,-0.816,9.561,3.584
1424830587026,37.489919,139.932356,7,-0.085,-0.851,9.444,3.538
1424830587126,37.489921,139.932356,7,-0.089,-0.952,9.45,3.493
1424830587227,37.489924,139.932357,7,0.014,-1.056,9.553,3.447
1424830587328,37.489927,139.932357,7,0.179,-1.102,9.53,3.403
1424830587429,37.489929,139.932358,7,0.296,-1.097,9.46,3.359
1424830587529,37.48993,139.932358,6,0.322,-1.136,9.466,3.178
1424830587625,37.489931,139.932358,6,0.264,-1.204,9.508,2.978
1424830587726,37.489931,139.932358,6,0.18,-1.249,9.516,2.778
1424830587826,37.489931,139.932358,6,0.127,-1.259,9.494,2.592
1424830587927,37.489932,139.932357,6,0.117,-1.279,9.516,2.415
1424830588028,37.489932,139.932357,6,0.097,-1.107,9.546,2.249
1424830588128,37.489932,139.932357,6,0.031,-0.601,9.551,2.097
1424830588229,37.489933,139.932357,6,-0.001,-0.049,9.473,1.954
1424830588325,37.489933,139.932357,6,0.04,0.309,9.397,1.828
1424830588426,37.489933,139.932357,6,0.043,0.393,9.376,1.707
1424830588526,37.489932,139.932357,6,-0.021,0.268,9.373,1.666
1424830588627,37.489932,139.932356,6,-0.055,0.093,9.433,1.647
1424830588728,37.489931,139.932355,6,-0.031,-0.026,9.502,1.628
1424830588828,37.48993,139.932355,6,-0.029,0.004,9.497,1.61
1424830588929,37.48993,139.932354,6,-0.048,0.083,9.457,1.591
1424830589025,37.489929,139.932353,6,-0.042,0.157,9.463,1.574
1424830589125,37.489928,139.932353,6,-0.003,0.159,9.457,1.556
1424830589226,37.489928,139.932352,6,0.017,0.121,9.453,1.539
1424830589327,37.489927,139.932352,6,-0.015,0.087,9.464,1.521
1424830589428,37.489926,139.932351,6,-0.036,0.093,9.461,1.504
1424830589528,37.489926,139.93235,6,-0.031,0.126,9.471,1.5
1424830589629,37.489926,139.932349,6,-0.021,0.128,9.461,1.5
1424830589730,37.489925,139.932348,6,-0.036,0.122,9.461,1.5
1424830589825,37.489925,139.932348,6,-0.034,0.103,9.469,1.5
1424830589931,37.489925,139.932347,6,-0.009,0.115,9.473,1.5
1424830590027,37.489925,139.932346,6,-0.008,0.122,9.465,1.5
1424830590126,37.489925,139.932345,6,-0.021,0.116,9.462,1.5
1424830590228,37.489924,139.932344,6,-0.029,0.106,9.466,1.5
1424830590327,37.489924,139.932343,6,-0.024,0.106,9.455,1.5
1424830590425,37.489924,139.932342,6,-0.02,0.129,9.474,1.5
1424830590525,37.489924,139.932342,6,-0.022,0.126,9.469,1.5
1424830590626,37.489923,139.932341,6,-0.011,0.113,9.461,1.5
1424830590727,37.489923,139.93234,6,-0.011,0.098,9.467,1.5
1424830590827,37.489923,139.93234,6,-0.018,0.111,9.463,1.5
1424830590928,37.489923,139.932339,6,-0.02,0.126,9.468,1.5
1424830591029,37.489922,139.932339,6,-0.023,0.121,9.471,1.5
1424830591129,37.489922,139.932338,6,-0.028,0.118,9.473,1.5
1424830591225,37.489922,139.932337,6,-0.03,0.102,9.469,1.5
1424830591326,37.489921,139.932337,6,-0.024,0.112,9.476,1.5
1424830591427,37.489921,139.932336,6,-0.014,0.12,9.47,1.5
1424830591527,37.489921,139.932335,6,-0.014,0.109,9.456,1.5
1424830591628,37.489921,139.932335,6,-0.028,0.109,9.465,1.5
1424830591729,37.489921,139.932334,6,-0.032,0.105,9.457,1.5
1424830591829,37.489921,139.932333,6,-0.025,0.125,9.464,1.5
1424830591925,37.489921,139.932332,6,-0.034,0.125,9.456,1.5
1424830592026,37.489921,139.932331,6,-0.03,0.117,9.463,1.5
1424830592127,37.489921,139.932331,6,-0.013,0.105,9.462,1.5
1424830592227,37.489921,139.93233,6,-0.014,0.108,9.457,1.5
1424830592328,37.489921,139.932329,6,-0.023,0.133,9.47,1.5
1424830592429,37.489921,139.932328,6,-0.022,0.13,9.456,1.5
1424830592529,37.489921,139.932327,6,-0.039,0.117,9.461,1.5
1424830592625,37.489921,139.932327,6,-0.034,0.098,9.465,1.5
1424830592726,37.48992,139.932326,6,-0.02,0.112,9.454,1.5
1424830592826,37.48992,139.932325,6,-0.014,0.111,9.491,1.5
1424830592927,37.48992,139.932325,6,-0.006,0.086,9.482,1.5
1424830593028,37.48992,139.932324,6,-0.009,0.062,9.477,1.5
1424830593129,37.48992,139.932323,6,-0.014,0.084,9.467,1.5
1424830598224,37.489959,139.932248,4,-0.013,0.167,9.451,3.299
1424830608225,37.490092,139.931555,9,-0.013,0.174,9.448,7.456
1424830608325,37.490094,139.931547,9,-0.008,0.004,9.421,7.431
1424830608426,37.490096,139.931539,9,-0.035,-0.254,9.439,7.406
1424830608527,37.490097,139.931531,8,-0.019,-0.377,9.432,7.381
1424830608627,37.490099,139.931523,8,0.007,-0.511,9.443,7.357
1424830608728,37.490101,139.931515,8,-0.021,-0.581,9.436,7.332
1424830608829,37.490103,139.931507,8,-0.047,-0.612,9.463,7.308
1424830608925,37.490104,139.9315,8,-0.032,-0.64,9.545,7.285
1424830609025,37.490106,139.931492,8,-0.028,-0.653,9.463,7.261
1424830609126,37.490108,139.931484,8,-0.041,-0.62,9.378,7.237
1424830609227,37.490109,139.931476,8,0.0,-0.613,9.431,7.213
1424830609327,37.490111,139.931468,8,0.021,-0.644,9.515,7.189
1424830609428,37.490113,139.931461,8,-0.005,-0.625,9.46,7.165
1424830609529,37.490115,139.931453,8,0.015,-0.594,9.451,7.099
1424830609625,37.490117,139.931446,8,0.042,-0.619,9.419,7.027
1424830609725,37.490119,139.931439,8,0.03,-0.641,9.422,6.951
1424830609826,37.490121,139.931432,8,0.041,-0.557,9.214,6.876
1424830609927,37.490123,139.931425,8,0.161,-0.658,9.545,6.802
1424830610027,37.490125,139.931418,8,0.189,-0.706,9.574,6.729
1424830610128,37.490127,139.931411,8,0.059,-0.631,9.318,6.656
1424830610229,37.490129,139.931404,8,0.175,-0.762,9.745,6.585
1424830610330,37.490131,139.931397,8,0.134,-0.682,9.695,6.513
1424830610425,37.490133,139.931391,8,0.127,-0.555,9.33,6.447
1424830610526,37.490134,139.931384,9,0.181,-0.449,9.317,6.411
1424830610627,37.490136,139.931377,9,0.182,-0.413,9.452,6.385
1424830610727,37.490138,139.93137,9,0.181,-0.485,9.377,6.36
1424830610828,37.49014,139.931364,9,0.136,-0.397,9.502,6.334
1424830610929,37.490142,139.931357,9,0.173,-0.454,9.518,6.309
1424830611029,37.490144,139.93135,9,0.145,-0.511,9.471,6.284
1424830611125,37.490145,139.931344,9,0.154,-0.5,9.385,6.26
1424830611226,37.490147,139.931338,9,0.143,-0.52,9.45,6.235
1424830611327,37.490149,139.931331,9,0.142,-0.481,9.418,6.21
1424830611427,37.490151,139.931324,9,0.103,-0.466,9.4,6.186
1424830611528,37.490153,139.931318,10,0.08,-0.414,9.349,6.161
1424830611629,37.490155,139.931313,10,0.103,-0.428,9.478,6.136
1424830611729,37.490158,139.931307,10,0.081,-0.453,9.493,6.112
1424830611825,37.49016,139.931301,10,0.061,-0.421,9.5,6.089
1424830611926,37.490162,139.931296,10,0.093,-0.386,9.439,6.065
1424830612026,37.490164,139.93129,10,0.057,-0.426,9.421,6.041
1424830612127,37.490167,139.931284,10,-0.218,-0.29,8.965,6.016
1424830612228,37.490169,139.931278,10,-0.342,-0.455,9.377,5.992
1424830612329,37.490171,139.931273,10,0.043,-0.768,10.447,5.969
1424830612429,37.490174,139.931267,10,0.139,-0.701,10.015,5.945
1424830612525,37.490175,139.931262,10,0.143,-0.398,9.176,5.903
1424830612626,37.490177,139.931256,10,0.194,-0.271,8.928,5.853
1424830612726,37.490178,139.93125,10,0.136,-0.381,9.415,5.803
1424830612827,37.49018,139.931244,10,-0.13,-0.549,9.469,5.754
1424830612928,37.490181,139.931238,10,-0.339,-0.317,9.576,5.706
1424830613028,37.490183,139.931232,10,-0.303,-0.119,9.707,5.658
1424830613129,37.490184,139.931227,10,0.042,-0.214,9.523,5.61
1424830613225,37.490186,139.931221,10,0.192,-0.423,9.284,5.564
1424830613326,37.490187,139.931216,10,0.229,-0.481,9.342,5.517
1424830613426,37.490189,139.93121,10,0.177,-0.402,9.439,5.471
1424830613527,37.49019,139.931205,9,0.091,-0.326,9.451,5.441
1424830613628,37.490192,139.931199,9,-0.001,-0.314,9.416,5.416
1424830613728,37.490193,139.931193,9,-0.033,-0.363,9.485,5.392
1424830613829,37.490194,139.931187,9,-0.059,-0.369,9.446,5.368
1424830613925,37.490196,139.931182,9,-0.057,-0.324,9.368,5.345
1424830614025,37.490197,139.931176,9,-0.016,-0.362,9.537,5.321
1424830614126,37.490199,139.93117,9,0.018,-0.342,9.524,5.297
1424830614227,37.4902,139.931164,9,0.049,-0.335,9.437,5.273
1424830614328,37.490201,139.931159,9,0.088,-0.343,9.371,5.249
1424830614428,37.490203,139.931153,9,0.129,-0.342,9.428,5.225
1424830614529,37.490204,139.931147,9,0.118,-0.325,9.454,5.201
1424830614625,37.490205,139.931141,9,0.081,-0.296,9.375,5.177
1424830614725,37.490207,139.931136,9,0.069,-0.319,9.442,5.153
1424830614826,37.490208,139.931129,9,0.059,-0.323,9.525,5.128
1424830614927,37.490209,139.931124,9,0.107,-0.32,9.458,5.104
1424830615028,37.490211,139.931118,9,0.059,-0.243,9.279,5.08
1424830615128,37.490212,139.931112,9,0.066,-0.271,9.404,5.056
1424830615229,37.490213,139.931106,9,0.114,-0.332,9.581,5.032
1424830615325,37.490214,139.9311,9,0.151,-0.326,9.48,5.009
1424830615425,37.490216,139.931094,9,0.138,-0.289,9.365,4.986
1424830615526,37.490217,139.931089,8,0.07,-0.224,9.372,4.98
1424830615627,37.490217,139.931084,8,0.068,-0.246,9.478,4.98
1424830615728,37.490218,139.931078,8,0.073,-0.307,9.514,4.98
1424830615828,37.490219,139.931073,8,0.076,-0.272,9.263,4.98
1424830615929,37.490219,139.931068,8,0.2,-0.372,9.569,4.98
1424830616025,37.49022,139.931063,8,0.274,-0.391,9.826,4.98
1424830616125,37.490221,139.931057,8,0.233,-0.244,9.383,4.98
1424830616226,37.490221,139.931052,8,0.168,-0.206,9.24,4.98
1424830616327,37.490222,139.931047,8,0.104,-0.324,9.523,4.98
1424830616427,37.490223,139.931041,8,0.053,-0.391,9.746,4.98
1424830616528,37.490224,139.931036,8,-0.015,-0.205,9.36,4.961
1424830616629,37.490226,139.931031,8,0.072,-0.183,9.037,4.936
1424830616729,37.490228,139.931026,8,0.27,-0.163,9.285,4.912
1424830616825,37.490229,139.931022,8,0.333,-0.339,9.92,4.889
1424830616926,37.490231,139.931017,8,0.414,-0.414,9.788,4.864
1424830617027,37.490233,139.931012,8,0.365,-0.247,9.179,4.84
1424830617127,37.490235,139.931007,8,0.276,-0.161,9.243,4.816
1424830617228,37.490236,139.931002,8,0.187,-0.208,9.616,4.792
1424830617329,37.490238,139.930998,8,0.149,-0.254,9.473,4.768
1424830617429,37.49024,139.930993,8,0.259,-0.24,9.443,4.745
1424830617525,37.490241,139.930988,8,0.327,-0.305,9.341,4.74
1424830617626,37.490243,139.930983,8,0.362,-0.153,9.511,4.74
1424830617726,37.490244,139.930978,8,0.225,-0.089,9.514,4.74
1424830617827,37.490246,139.930973,8,0.118,-0.207,9.445,4.74
1424830617928,37.490248,139.930968,8,0.145,-0.264,9.445,4.74
1424830618029,37.490249,139.930963,8,0.182,-0.237,9.478,4.74
1424830618129,37.490251,139.930958,8,0.212,-0.189,9.499,4.74
1424830618225,37.490252,139.930953,8,0.256,-0.197,9.438,4.74
1424830618331,37.490254,139.930948,8,0.289,-0.232,9.466,4.74
1424830618426,37.490256,139.930943,8,0.278,-0.26,9.507,4.74
1424830618525,37.490257,139.930938,8,0.244,-0.212,9.383,4.74
1424830618628,37.490258,139.930933,8,0.18,-0.184,9.331,4.74
1424830618727,37.490258,139.930929,8,0.105,-0.196,9.527,4.74
1424830618829,37.490259,139.930924,8,0.075,-0.185,9.54,4.74
1424830618925,37.49026,139.930919,8,0.041,-0.155,9.409,4.74
1424830619026,37.490261,139.930914,8,0.051,-0.189,9.443,4.74
1424830619126,37.490262,139.93091,8,0.081,-0.184,9.468,4.74
1424830619227,37.490263,139.930905,8,0.122,-0.16,9.43,4.74
1424830619328,37.490264,139.9309,8,0.139,-0.201,9.536,4.74
1424830619428,37.490265,139.930895,8,0.129,-0.197,9.431,4.74
1424830619529,37.490265,139.93089,8,0.069,0.019,8.7,4.721
1424830619625,37.490266,139.930886,8,0.108,-0.295,9.609,4.699
1424830619726,37.490266,139.930881,8,0.011,-0.489,10.036,4.675
1424830619826,37.490267,139.930876,8,-0.037,-0.413,9.584,4.652
1424830619927,37.490267,139.930872,8,-0.043,-0.342,9.315,4.629
1424830620028,37.490268,139.930867,8,0.015,-0.34,9.06,4.606
1424830620128,37.490268,139.930863,8,0.133,-0.611,9.632,4.583
1424830620229,37.490269,139.930858,8,-0.03,-0.625,9.682,4.56
1424830620325,37.490269,139.930854,8,0.066,-0.577,9.358,4.538
1424830620425,37.49027,139.930849,8,0.159,-0.753,9.419,4.516
1424830620526,37.490271,139.930845,7,0.203,-0.66,9.764,4.472
1424830620627,37.490271,139.93084,7,0.145,-0.367,9.512,4.423
1424830620728,37.490272,139.930836,7,0.115,-0.404,9.218,4.374
1424830620828,37.490273,139.930831,7,0.104,-0.615,9.493,4.326
1424830620929,37.490274,139.930827,7,0.096,-0.814,9.673,4.278
1424830621025,37.490275,139.930823,7,0.074,-0.603,9.451,4.233
1424830621125,37.490276,139.930818,7,0.153,-0.388,9.262,4.187
1424830621226,37.490276,139.930814,7,0.148,-0.497,9.481,4.141
1424830621327,37.490277,139.93081,7,0.13,-0.544,9.542,4.095
1424830621428,37.490278,139.930806,7,0.162,-0.47,9.395,4.05
1424830621528,37.490279,139.930802,8,0.218,-0.522,9.497,4.022
1424830621629,37.49028,139.930798,8,0.103,-0.612,9.518,3.998
1424830621725,37.490282,139.930794,8,-0.012,-0.572,9.388,3.975
1424830621825,37.490283,139.93079,8,-0.03,-0.469,9.325,3.952
1424830621926,37.490284,139.930787,8,0.035,-0.44,9.441,3.929
1424830622027,37.490286,139.930783,8,0.124,-0.521,9.595,3.906
1424830622127,37.490287,139.930779,8,0.183,-0.565,9.522,3.883
1424830622228,37.490288,139.930775,8,0.162,-0.516,9.298,3.86
1424830622329,37.490289,139.930771,8,0.116,-0.478,9.39,3.837
1424830622425,37.490291,139.930768,8,0.109,-0.514,9.527,3.816
1424830622525,37.490292,139.930764,8,0.091,-0.583,9.481,3.773
1424830622626,37.490293,139.930761,8,0.033,-0.601,9.471,3.725
1424830622727,37.490295,139.930757,8,0.013,-0.559,9.483,3.677
1424830622827,37.490296,139.930754,8,-0.121,-0.429,9.08,3.63
1424830622928,37.490297,139.930751,8,-0.031,-0.707,9.445,3.583
1424830623029,37.490299,139.930747,8,0.164,-1.067,10.281,3.536
1424830623130,37.4903,139.930744,8,0.283,-1.077,9.97,3.491
1424830623225,37.490301,139.930741,8,0.331,-0.849,9.257,3.448
1424830623326,37.490302,139.930738,8,0.344,-0.76,9.04,3.404
1424830623427,37.490304,139.930735,8,0.231,-0.935,9.43,3.36
1424830623527,37.490302,139.930733,9,0.232,-1.158,9.859,3.276
1424830623628,37.4903,139.930731,9,0.137,-0.969,9.392,3.181
1424830623729,37.490298,139.930729,9,0.287,-1.015,9.412,3.088
1424830623829,37.490296,139.930728,9,0.364,-1.09,9.603,2.999
1424830623925,37.490294,139.930726,9,0.309,-0.99,9.415,2.915
1424830624026,37.490292,139.930725,9,0.229,-0.86,9.333,2.83
1424830624126,37.49029,139.930723,9,0.186,-0.824,9.56,2.748
1424830624227,37.490288,139.930722,9,0.065,-0.715,9.526,2.668
1424830624328,37.490286,139.930721,9,-0.017,-0.54,9.336,2.59
1424830624429,37.490284,139.930719,9,0.054,-0.506,9.462,2.515
1424830624529,37.490284,139.930717,9,0.105,-0.419,9.422,2.484
1424830624625,37.490284,139.930715,9,0.061,-0.189,9.434,2.464
1424830624726,37.490283,139.930713,9,0.177,-0.01,9.572,2.443
1424830624826,37.490283,139.930711,9,0.391,-0.084,9.501,2.423
1424830624927,37.490283,139.930709,9,0.558,-0.246,9.515,2.403
1424830625028,37.490283,139.930707,9,0.576,-0.202,9.288,2.382
1424830625129,37.490283,139.930705,9,0.504,-0.184,9.419,2.362
1424830625229,37.490282,139.930703,9,0.342,-0.105,9.455,2.343
1424830625325,37.490282,139.930701,9,0.243,-0.051,9.384,2.324
1424830625426,37.490282,139.930699,9,0.114,-0.035,9.424,2.305
1424830625526,37.490282,139.930697,7,0.265,-0.315,9.912,2.3
1424830625627,37.490282,139.930695,7,0.436,-0.316,9.662,2.3
1424830625728,37.490282,139.930693,7,0.36,-0.109,9.162,2.3
1424830625828,37.490282,139.930691,7,0.373,0.012,9.225,2.3
1424830625929,37.490282,139.930689,7,0.49,-0.097,9.497,2.3
1424830626025,37.490283,139.930688,7,0.44,-0.178,9.556,2.3
1424830626126,37.490283,139.930685,7,0.234,-0.129,9.49,2.3
1424830626226,37.490283,139.930683,7,0.067,-0.061,9.462,2.3
1424830626327,37.490283,139.930681,7,0.057,-0.04,9.428,2.3
1424830626428,37.490283,139.930679,7,0.183,-0.08,9.49,2.3
1424830626528,37.490283,139.930678,8,0.229,-0.091,9.551,2.3
1424830626629,37.490282,139.930676,8,0.236,-0.004,9.502,2.3
1424830626725,37.490282,139.930674,8,0.221,0.055,9.414,2.3
1424830626825,37.490282,139.930672,8,0.203,0.128,9.422,2.3
1424830626926,37.490282,139.93067,8,0.12,0.261,9.433,2.3
1424830627027,37.490281,139.930669,8,0.071,0.421,9.409,2.3
1424830627128,37.490281,139.930667,8,0.009,0.639,9.335,2.3
1424830627228,37.490281,139.930665,8,-0.043,0.755,9.471,2.3
1424830634228,37.490305,139.930318,12,-0.037,0.754,9.484,5.46
1424830634328,37.490303,139.930313,12,-0.0,0.576,9.399,5.46
1424830634429,37.4903,139.930307,12,0.145,0.393,9.462,5.46
1424830634525,37.4903,139.930301,9,0.139,0.282,9.419,5.478
1424830634625,37.490301,139.930295,9,0.134,0.208,9.489,5.501
1424830634726,37.490302,139.930289,9,0.164,0.113,9.526,5.525
1424830634827,37.490302,139.930283,9,0.199,0.169,9.202,5.549
1424830634927,37.490303,139.930276,9,0.193,0.114,9.4,5.573
1424830635028,37.490303,139.93027,9,0.186,0.012,9.556,5.597
1424830635129,37.490304,139.930264,9,0.103,0.056,9.233,5.622
1424830635225,37.490305,139.930257,9,0.373,0.024,9.509,5.645
1424830635325,37.490305,139.930251,9,0.358,-0.2,9.665,5.669
1424830635426,37.490306,139.930245,9,0.412,-0.236,9.752,5.694
1424830635527,37.490308,139.930238,8,0.341,-0.13,9.529,5.718
1424830635627,37.49031,139.930231,8,0.238,-0.145,9.397,5.742
1424830635728,37.490312,139.930224,8,0.258,0.167,9.009,5.766
1424830635829,37.490314,139.930218,8,0.179,0.162,9.196,5.79
1424830635930,37.490316,139.930211,8,-0.029,-0.081,9.783,5.814
1424830636025,37.490319,139.930204,8,0.01,-0.138,9.979,5.837
1424830636126,37.490321,139.930197,8,0.171,0.054,9.521,5.861
1424830636227,37.490323,139.93019,8,0.268,0.07,9.096,5.886
1424830636327,37.490325,139.930184,8,0.34,0.049,9.372,5.91
1424830636428,37.490328,139.930177,8,0.286,-0.207,9.4,5.935
1424830636529,37.490329,139.93017,9,0.213,-0.001,9.252,5.94
1424830636629,37.490329,139.930164,9,0.137,0.179,9.332,5.94
1424830636725,37.49033,139.930159,9,0.083,-0.015,9.896,5.94
1424830636826,37.490331,139.930153,9,0.155,-0.173,9.878,5.94
1424830636926,37.490332,139.930147,9,0.246,-0.124,9.309,5.94
1424830637027,37.490333,139.930141,9,0.529,0.014,8.949,5.94
1424830637128,37.490333,139.930135,9,0.452,-0.119,9.606,5.94
1424830637229,37.490334,139.930129,9,0.266,-0.197,9.493,5.94
1424830637329,37.490335,139.930123,9,0.171,-0.159,9.363,5.94
1424830637425,37.490336,139.930117,9,-0.0,0.049,9.516,5.94
1424830637526,37.490337,139.930111,9,0.085,-0.044,9.686,5.921
1424830637626,37.490338,139.930105,9,0.193,-0.203,9.404,5.897
1424830637727,37.490339,139.930098,9,0.449,-0.154,9.257,5.873
1424830637828,37.49034,139.930092,9,0.464,-0.063,9.306,5.848
1424830637929,37.490341,139.930085,9,0.318,-0.02,9.529,5.824
1424830638029,37.490342,139.930079,9,0.195,-0.14,9.566,5.8
1424830638125,37.490343,139.930073,9,0.07,-0.142,9.588,5.777
1424830638226,37.490344,139.930066,9,0.096,-0.04,9.468,5.753
1424830638326,37.490345,139.93006,9,0.18,0.047,9.509,5.729
1424830638427,37.490346,139.930053,9,0.247,-0.013,9.519,5.705
1424830638528,37.490347,139.930047,9,0.309,-0.036,9.427,5.718
1424830638628,37.490347,139.93004,9,0.338,0.004,9.41,5.742
1424830638729,37.490348,139.930034,9,0.302,0.142,9.408,5.766
1424830638825,37.490349,139.930027,9,0.199,0.079,9.402,5.789
1424830638926,37.49035,139.93002,9,0.136,-0.015,9.449,5.813
1424830639027,37.490351,139.930014,9,0.078,-0.034,9.457,5.837
1424830639127,37.490351,139.930007,9,0.126,-0.05,9.492,5.861
1424830639228,37.490352,139.93,9,0.199,-0.103,9.548,5.886
1424830639328,37.490353,139.929993,9,0.207,-0.117,9.366,5.91
1424830639429,37.490354,139.929986,9,0.227,-0.107,9.295,5.935
1424830639525,37.490351,139.929981,10,0.217,-0.184,9.448,5.94
1424830639625,37.490348,139.929976,10,0.226,-0.243,9.507,5.94
1424830639726,37.490344,139.92997,10,0.162,-0.175,9.373,5.94
1424830639827,37.490341,139.929965,10,0.081,-0.107,9.258,5.94
1424830639928,37.490337,139.929959,10,0.071,-0.152,9.317,5.94
1424830640028,37.490334,139.929954,10,0.046,-0.252,9.493,5.94
1424830640129,37.49033,139.929948,10,0.098,-0.388,9.709,5.94
1424830640225,37.490327,139.929943,10,0.31,-0.367,9.773,5.94
1424830640325,37.490323,139.929938,10,0.34,-0.19,9.403,5.94
1424830640426,37.49032,139.929932,10,0.282,-0.224,9.275,5.94
1424830640527,37.490319,139.929926,10,0.352,-0.173,9.62,5.958
1424830640627,37.49032,139.92992,10,0.252,-0.046,9.533,5.982
1424830640728,37.49032,139.929913,10,0.161,0.09,9.474,6.006
1424830640829,37.490321,139.929907,10,0.176,0.18,9.572,6.03
1424830640925,37.490321,139.929901,10,0.243,0.109,9.419,6.053
1424830641025,37.490322,139.929895,10,0.254,0.071,9.291,6.077
1424830641126,37.490322,139.929888,10,0.167,0.046,9.293,6.101
1424830641227,37.490323,139.929881,10,0.242,0.068,9.561,6.126
1424830641327,37.490323,139.929875,10,0.246,-0.05,9.551,6.15
1424830641428,37.490324,139.929868,10,0.225,-0.017,9.563,6.175
1424830641529,37.490326,139.929861,10,0.309,0.054,9.56,6.18
1424830641625,37.490329,139.929854,10,0.142,0.077,9.258,6.18
1424830641725,37.490331,139.929846,10,0.086,-0.051,9.393,6.18
1424830641826,37.490334,139.929838,10,0.147,-0.066,9.643,6.18
1424830641927,37.490336,139.92983,10,0.229,0.041,9.466,6.18
1424830642027,37.490339,139.929823,10,0.283,0.082,9.291,6.18
1424830642128,37.490342,139.929815,10,0.369,0.048,9.297,6.18
1424830642229,37.490344,139.929807,10,0.445,-0.01,9.507,6.18
1424830642329,37.490347,139.929799,10,0.381,-0.032,9.716,6.18
1424830642425,37.490349,139.929792,10,0.254,0.098,9.526,6.18
1424830642526,37.49035,139.929785,10,0.287,0.086,9.51,6.199
1424830642627,37.490351,139.929778,10,0.367,0.144,9.183,6.224
1424830642727,37.490351,139.929771,10,0.4,0.278,8.88,6.248
1424830642828,37.490351,139.929763,10,0.344,0.167,9.311,6.273
1424830642929,37.490352,139.929756,10,0.203,-0.024,9.863,6.299
1424830643029,37.490352,139.929749,10,0.147,-0.023,9.652,6.324
1424830643125,37.490353,139.929742,10,0.142,0.043,9.389,6.348
1424830643226,37.490353,139.929735,10,0.082,0.006,9.232,6.373
1424830643327,37.490353,139.929728,10,0.075,-0.132,9.248,6.399
1424830643427,37.490354,139.929721,10,0.097,-0.223,9.835,6.424
1424830643528,37.490354,139.929713,7,0.066,0.098,9.359,6.43
1424830643629,37.490355,139.929706,7,0.177,0.028,9.382,6.43
1424830643729,37.490355,139.929699,7,0.186,-0.212,9.719,6.43
1424830643825,37.490356,139.929692,7,0.21,-0.203,9.56,6.43
1424830643926,37.490356,139.929685,7,0.21,-0.101,9.384,6.43
1424830644026,37.490357,139.929678,7,0.218,0.04,9.51,6.43
1424830644127,37.490357,139.929671,7,0.236,-0.14,9.452,6.43
1424830644228,37.490358,139.929664,7,0.358,-0.113,9.567,6.43
1424830644329,37.490358,139.929657,7,0.421,-0.073,9.601,6.43
1424830644429,37.490359,139.929649,7,0.435,-0.079,9.429,6.43
1424830644525,37.49036,139.929642,6,0.435,-0.177,9.308,6.448
1424830644626,37.49036,139.929635,6,0.457,-0.238,9.451,6.472
1424830644727,37.490361,139.929627,6,0.45,-0.005,9.566,6.496
1424830644827,37.490362,139.929619,6,0.342,0.299,9.493,6.519
1424830644928,37.490363,139.929612,6,0.32,0.647,9.418,6.544
1424830645028,37.490364,139.929604,6,0.28,0.93,9.434,6.568
1424830645129,37.490364,139.929596,6,0.205,0.861,9.315,6.592
1424830645225,37.490365,139.929589,6,0.191,0.839,9.498,6.615
1424830647224,37.490383,139.92942,8,0.185,0.837,9.494,7.345
1424830647229,37.490383,139.92942,8,0.18,0.831,9.488,7.346
1424830647325,37.490383,139.929411,8,0.164,0.382,9.557,7.37
1424830647425,37.490384,139.929401,8,0.133,0.006,9.677,7.394
1424830647526,37.490384,139.929392,8,0.123,-0.213,9.534,7.381
1424830647627,37.490385,139.929383,8,0.071,-0.264,9.471,7.357
1424830647728,37.490386,139.929375,8,0.144,-0.384,9.312,7.332
1424830647829,37.490386,139.929366,8,0.243,-0.46,9.492,7.308
1424830647929,37.490387,139.929357,8,0.218,-0.454,9.517,7.284
1424830648025,37.490387,139.929349,8,0.184,-0.465,9.457,7.261
1424830648125,37.490388,139.92934,8,0.137,-0.577,9.566,7.237
1424830648226,37.490389,139.929331,8,0.247,-0.487,9.503,7.213
1424830648327,37.490389,139.929323,8,0.21,-0.434,9.351,7.189
1424830648427,37.49039,139.929314,8,0.238,-0.544,9.51,7.165
1424830648528,37.49039,139.929306,8,0.138,-0.546,9.506,7.121
1424830648629,37.49039,139.929299,8,-0.009,-0.521,9.569,7.07
1424830648730,37.490391,139.929291,8,-0.077,-0.595,9.556,7.019
1424830648825,37.490391,139.929284,8,-0.08,-0.604,9.449,6.972
1424830648926,37.490391,139.929277,8,-0.068,-0.542,9.38,6.922
1424830649027,37.490391,139.929269,8,-0.155,-0.53,9.412,6.873
1424830649127,37.490391,139.929262,8,-0.286,-0.616,9.586,6.824
1424830649228,37.490392,139.929255,8,-0.37,-0.66,9.618,6.776
1424830649329,37.490392,139.929248,8,-0.387,-0.578,9.387,6.727
1424830649429,37.490392,139.92924,8,-0.528,-0.591,9.306,6.68
1424830649525,37.490393,139.929234,8,-0.521,-0.724,9.499,6.652
1424830649626,37.490394,139.929228,8,-0.424,-0.83,9.626,6.627
1424830649727,37.490395,139.929221,8,-0.334,-0.844,9.476,6.603
1424830649827,37.490395,139.929215,8,-0.209,-0.867,9.496,6.578
1424830649928,37.490396,139.929208,8,-0.353,-0.869,9.319,6.554
1424830650029,37.490397,139.929202,8,-0.26,-1.065,9.702,6.53
1424830650129,37.490398,139.929195,8,-0.179,-1.059,9.848,6.506
1424830650225,37.490399,139.929189,8,-0.034,-0.934,9.637,6.483
1424830650326,37.4904,139.929183,8,0.299,-0.95,9.485,6.459
1424830650426,37.490401,139.929177,8,0.579,-0.898,9.488,6.436
1424830650527,37.490402,139.929171,7,0.546,-0.922,9.223,6.35
1424830650629,37.490403,139.929165,7,0.366,-0.811,9.428,6.245
1424830650729,37.490404,139.929159,7,0.036,-0.516,9.079,6.143
1424830650829,37.490405,139.929154,7,0.415,-0.863,9.73,6.044
1424830650925,37.490406,139.929148,7,0.844,-0.961,9.871,5.95
1424830651026,37.490407,139.929143,7,1.198,-0.977,9.506,5.852
1424830651126,37.490408,139.929138,7,1.26,-0.796,9.016,5.757
1424830651227,37.490409,139.929132,7,1.199,-0.82,9.187,5.663
1424830651328,37.49041,139.929127,7,0.963,-0.785,9.439,5.57
1424830651428,37.490411,139.929122,7,0.613,-0.868,9.564,5.48
1424830651529,37.490411,139.929117,6,0.356,-0.764,9.56,5.399
1424830651625,37.490411,139.929112,6,0.284,-0.586,9.463,5.327
1424830651726,37.490411,139.929108,6,0.483,-0.707,9.371,5.251
1424830651826,37.490411,139.929103,6,0.55,-0.979,9.515,5.177
1424830651927,37.490411,139.929098,6,0.785,-1.314,9.772,5.104
1424830652028,37.490411,139.929094,6,0.923,-1.336,9.605,5.031
1424830652128,37.490411,139.929089,6,0.775,-1.217,9.255,4.961
1424830652229,37.490411,139.929085,6,0.656,-1.307,9.341,4.89
1424830652325,37.490411,139.92908,6,0.536,-1.465,9.456,4.824
1424830652425,37.490411,139.929076,6,0.317,-1.454,9.494,4.757
1424830652526,37.490412,139.929072,7,-0.017,-1.343,9.391,4.662
1424830652627,37.490414,139.929068,7,-0.055,-1.311,9.556,4.561
1424830652728,37.490416,139.929065,7,-0.109,-1.159,9.4,4.461
1424830652828,37.490418,139.929061,7,0.014,-1.151,9.204,4.365
1424830652929,37.49042,139.929058,7,0.523,-1.504,9.766,4.269
1424830653025,37.490421,139.929055,7,0.737,-1.615,9.662,4.181
1424830653125,37.490423,139.929051,7,0.696,-1.615,9.341,4.09
1424830653226,37.490425,139.929048,7,0.544,-1.593,9.271,4.001
1424830653327,37.490426,139.929045,7,0.427,-1.655,9.388,3.913
1424830653428,37.490428,139.929042,7,0.426,-1.785,9.702,3.828
1424830653529,37.490427,139.92904,7,0.557,-1.76,9.906,3.709
1424830653629,37.490426,139.929038,7,0.415,-1.363,9.393,3.583
1424830653725,37.490425,139.929037,7,0.224,-1.048,9.148,3.467
1424830653825,37.490424,139.929035,7,0.148,-1.047,9.397,3.349
1424830653926,37.490423,139.929034,7,0.193,-1.069,9.68,3.234
1424830654027,37.490422,139.929032,7,0.217,-0.991,9.498,3.123
1424830654127,37.490422,139.929031,7,0.237,-0.915,9.325,3.017
1424830654228,37.490421,139.92903,7,0.244,-0.958,9.307,2.914
1424830654329,37.49042,139.929028,7,0.217,-0.993,9.63,2.814
1424830654430,37.490419,139.929027,7,0.303,-1.081,9.692,2.718
1424830654525,37.490419,139.929026,7,0.424,-1.211,9.543,2.635
1424830654626,37.49042,139.929024,7,0.512,-1.332,9.363,2.55
1424830654727,37.49042,139.929023,7,0.419,-1.311,9.423,2.468
1424830654827,37.490421,139.929022,7,0.313,-1.243,9.532,2.389
1424830654928,37.490421,139.92902,7,0.245,-1.225,9.505,2.311
1424830655029,37.490421,139.929019,7,0.247,-1.193,9.449,2.236
1424830655129,37.490422,139.929018,7,0.225,-1.131,9.448,2.164
1424830655225,37.490422,139.929017,7,0.177,-1.083,9.485,2.098
1424830655326,37.490423,139.929015,7,0.208,-1.076,9.489,2.03
1424830655427,37.490423,139.929014,7,0.287,-1.098,9.465,1.965
1424830655527,37.490423,139.929014,6,0.336,-1.096,9.488,1.913
1424830655628,37.490424,139.929013,6,0.348,-1.084,9.496,1.866
1424830655729,37.490424,139.929013,6,0.338,-1.099,9.47,1.819
1424830655829,37.490425,139.929012,6,0.362,-1.088,9.464,1.774
1424830655925,37.490425,139.929012,6,0.376,-1.072,9.46,1.732
1424830656026,37.490425,139.929012,6,0.341,-0.825,9.509,1.689
1424830656127,37.490426,139.929011,6,0.341,-0.39,9.528,1.647
1424830656227,37.490426,139.929011,6,0.371,-0.023,9.461,1.607
1424830656329,37.490427,139.92901,6,0.365,0.114,9.369,1.566
1424830656429,37.490427,139.92901,6,0.312,0.019,9.388,1.528
1424830656529,37.490426,139.92901,9,0.252,-0.108,9.503,1.518
1424830656625,37.490424,139.929011,9,0.244,-0.146,9.536,1.516
1424830656726,37.490423,139.929011,9,0.258,-0.075,9.466,1.514
1424830656826,37.490421,139.929012,9,0.282,-0.005,9.435,1.512
1424830656927,37.490419,139.929012,9,0.34,-0.025,9.429,1.51
1424830657028,37.490418,139.929012,9,0.393,-0.074,9.46,1.508
1424830657128,37.490416,139.929013,9,0.403,-0.089,9.436,1.506
1424830657229,37.490415,139.929013,9,0.362,-0.071,9.431,1.504
1424830657325,37.490413,139.929013,9,0.314,-0.05,9.452,1.502
1424830657426,37.490411,139.929014,9,0.271,-0.053,9.451,1.5
1424830657526,37.490411,139.929014,9,0.267,-0.068,9.465,1.5
1424830657627,37.490411,139.929014,9,0.278,-0.065,9.457,1.5
1424830657728,37.490411,139.929014,9,0.308,-0.053,9.442,1.5
1424830657829,37.490411,139.929014,9,0.318,-0.036,9.444,1.5
1424830657929,37.490411,139.929014,9,0.347,-0.067,9.473,1.5
1424830658025,37.490411,139.929013,9,0.336,-0.09,9.463,1.5
1424830658126,37.490411,139.929013,9,0.317,-0.079,9.439,1.5
1424830658226,37.490411,139.929013,9,0.311,-0.06,9.452,1.5
1424830658327,37.490411,139.929013,9,0.3,-0.055,9.47,1.5
1424830658428,37.490411,139.929013,9,0.305,-0.06,9.461,1.5
1424830658528,37.490411,139.929013,6,0.296,-0.068,9.47,1.5
1424830658629,37.490411,139.929013,6,0.281,-0.059,9.464,1.5
1424830658725,37.490411,139.929013,6,0.28,-0.054,9.453,1.5
1424830658826,37.490411,139.929013,6,0.322,-0.074,9.453,1.5
1424830658926,37.490411,139.929013,6,0.346,-0.064,9.465,1.5
1424830659027,37.490412,139.929014,6,0.325,-0.038,9.453,1.5
1424830659128,37.490412,139.929014,6,0.311,-0.03,9.454,1.5
1424830659229,37.490412,139.929014,6,0.314,-0.061,9.481,1.5
1424830659329,37.490412,139.929014,6,0.303,-0.089,9.453,1.5
1424830659425,37.490412,139.929014,6,0.309,-0.069,9.45,1.5
1424830659525,37.490412,139.929014,6,0.325,-0.04,9.478,1.5
1424830659626,37.490413,139.929014,6,0.32,-0.048,9.445,1.5
1424830659727,37.490413,139.929014,6,0.307,-0.059,9.449,1.5
1424830659828,37.490413,139.929014,6,0.306,-0.069,9.498,1.5
1424830659928,37.490413,139.929014,6,0.301,-0.062,9.45,1.5
1424830660029,37.490414,139.929014,6,0.231,-0.018,9.393,1.5
1424830660125,37.490414,139.929014,6,0.278,-0.033,9.557,1.5
1424830660225,37.490414,139.929014,6,0.361,-0.079,9.529,1.5
1424830660326,37.490415,139.929014,6,0.437,-0.1,9.389,1.5
1424830660427,37.490415,139.929014,6,0.442,-0.069,9.43,1.5
1424830660527,37.490415,139.929014,6,0.387,-0.055,9.498,1.5
1424830660628,37.490415,139.929014,6,0.324,-0.073,9.472,1.5
1424830660729,37.490415,139.929014,6,0.27,-0.069,9.463,1.5
1424830660830,37.490415,139.929014,6,0.266,-0.058,9.474,1.5
1424830660925,37.490415,139.929014,6,0.321,-0.07,9.463,1.5
1424830661031,37.490416,139.929015,6,0.387,-0.08,9.457,1.5
1424830661127,37.490416,139.929015,6,0.407,-0.06,9.456,1.5
1424830661226,37.490416,139.929015,6,0.372,-0.057,9.478,1.5
1424830661328,37.490416,139.929015,6,0.342,-0.083,9.466,1.5
1424830661427,37.490416,139.929015,6,0.317,-0.073,9.463,1.5
1424830661529,37.490416,139.929015,6,0.277,-0.069,9.46,1.5
1424830661625,37.490416,139.929015,6,0.25,-0.066,9.457,1.5
1424830661726,37.490416,139.929015,6,0.228,-0.056,9.455,1.5
1424830661827,37.490416,139.929015,6,0.239,-0.041,9.48,1.5
1424830661927,37.490416,139.929015,6,0.285,-0.062,9.469,1.5
1424830662028,37.490416,139.929016,6,0.321,-0.072,9.446,1.5
1424830662129,37.490416,139.929016,6,0.342,-0.061,9.454,1.5
1424830662230,37.490416,139.929016,6,0.328,-0.051,9.456,1.5
1424830662325,37.490416,139.929016,6,0.286,-0.049,9.448,1.5
1424830662426,37.490416,139.929016,6,0.267,-0.066,9.46,1.5
1424830662527,37.490416,139.929016,6,0.263,-0.073,9.464,1.5
1424830662627,37.490415,139.929016,6,0.279,-0.06,9.45,1.5
1424830662728,37.490415,139.929015,6,0.294,-0.047,9.457,1.5
1424830662829,37.490414,139.929015,6,0.306,-0.053,9.469,1.5
1424830662929,37.490414,139.929015,6,0.291,-0.061,9.444,1.5
1424830663025,37.490414,139.929015,6,0.288,-0.057,9.466,1.5
1424830663126,37.490413,139.929015,6,0.284,-0.051,9.486,1.5
1424830663226,37.490413,139.929014,6,0.291,-0.054,9.46,1.5
1424830663327,37.490412,139.929014,6,0.29,-0.064,9.452,1.5
1424830663428,37.490412,139.929014,6,0.286,-0.064,9.456,1.5
1424830663528,37.490412,139.929014,6,0.297,-0.064,9.46,1.5
1424830663629,37.490411,139.929014,6,0.316,-0.066,9.464,1.5
1424830663725,37.490411,139.929015,6,0.306,-0.058,9.446,1.5
1424830663826,37.490411,139.929015,6,0.293,-0.058,9.455,1.5
1424830663926,37.49041,139.929015,6,0.275,-0.063,9.463,1.5
1424830664027,37.49041,139.929015,6,0.274,-0.058,9.473,1.5
1424830664128,37.490409,139.929015,6,0.293,-0.055,9.471,1.5
1424830664228,37.490409,139.929016,6,0.293,-0.055,9.427,1.5
1424830664329,37.490408,139.929016,6,0.27,-0.047,9.444,1.5
1424830664425,37.490408,139.929016,6,0.277,-0.054,9.516,1.5
1424830664526,37.490408,139.929016,6,0.332,-0.074,9.461,1.5
1424830664626,37.490407,139.929016,6,0.367,-0.056,9.433,1.5
1424830664727,37.490407,139.929015,6,0.334,-0.041,9.461,1.5
1424830664828,37.490406,139.929015,6,0.309,-0.054,9.465,1.5
1424830664928,37.490406,139.929015,6,0.295,-0.062,9.47,1.5
1424830665029,37.490406,139.929015,6,0.268,-0.059,9.468,1.5
1424830665125,37.490405,139.929015,6,0.285,-0.049,9.453,1.5
1424830665225,37.490405,139.929014,6,0.31,-0.048,9.458,1.5
1424830665326,37.490404,139.929014,6,0.327,-0.064,9.445,1.5
1424830665427,37.490404,139.929014,6,0.343,-0.07,9.45,1.5
1424830665528,37.490404,139.929014,6,0.329,-0.051,9.47,1.5
1424830665628,37.490404,139.929014,6,0.302,-0.056,9.464,1.5
1424830665729,37.490403,139.929015,6,0.281,-0.072,9.467,1.5
1424830665825,37.490403,139.929015,6,0.272,-0.068,9.462,1.5
1424830665925,37.490403,139.929015,6,0.285,-0.059,9.469,1.5
1424830666026,37.490403,139.929015,6,0.296,-0.04,9.47,1.5
1424830666127,37.490403,139.929015,6,0.302,-0.053,9.455,1.5
1424830666228,37.490402,139.929016,6,0.302,-0.071,9.452,1.5
1424830666328,37.490402,139.929016,6,0.304,-0.075,9.439,1.5
1424830666429,37.490402,139.929016,6,0.304,-0.054,9.469,1.5
1424830666525,37.490402,139.929016,6,0.31,-0.052,9.471,1.5
1424830666625,37.490402,139.929016,6,0.312,-0.058,9.463,1.5
1424830666726,37.490402,139.929016,6,0.288,-0.063,9.455,1.5
1424830666827,37.490402,139.929016,6,0.282,-0.063,9.456,1.5
1424830666927,37.490402,139.929016,6,0.286,-0.053,9.467,1.5
1424830667028,37.490401,139.929016,6,0.313,-0.058,9.457,1.5
1424830667129,37.490401,139.929016,6,0.333,-0.053,9.451,1.5
1424830667230,37.490401,139.929016,6,0.309,-0.057,9.451,1.5
1424830667325,37.490401,139.929016,6,0.299,-0.06,9.459,1.5
1424830667426,37.490401,139.929016,6,0.288,-0.07,9.469,1.5
1424830667527,37.490401,139.929016,5,0.289,-0.052,9.467,1.5
1424830667627,37.490401,139.929016,5,0.311,-0.053,9.462,1.5
1424830667728,37.490401,139.929016,5,0.315,-0.061,9.455,1.5
1424830667829,37.490401,139.929016,5,0.321,-0.07,9.453,1.5
1424830667929,37.490401,139.929016,5,0.303,-0.056,9.466,1.5
1424830668025,37.4904,139.929016,5,0.296,-0.048,9.472,1.5
1424830668126,37.4904,139.929016,5,0.294,-0.057,9.46,1.5
1424830668227,37.4904,139.929016,5,0.306,-0.066,9.459,1.5
1424830668327,37.4904,139.929016,5,0.315,-0.063,9.459,1.5
1424830668428,37.4904,139.929016,5,0.315,-0.05,9.46,1.5
1424830668529,37.4904,139.929016,5,0.311,-0.052,9.454,1.5
1424830668629,37.4904,139.929016,5,0.304,-0.058,9.464,1.5
1424830668725,37.4904,139.929016,5,0.286,-0.065,9.451,1.5
1424830668826,37.4904,139.929016,5,0.277,-0.059,9.455,1.5
1424830668926,37.4904,139.929016,5,0.296,-0.051,9.467,1.5
1424830669027,37.4904,139.929016,5,0.309,-0.055,9.46,1.5
1424830669128,37.4904,139.929016,5,0.318,-0.058,9.449,1.5
1424830669229,37.4904,139.929016,5,0.313,-0.06,9.441,1.5
1424830669329,37.4904,139.929016,5,0.31,-0.057,9.459,1.5
1424830669425,37.4904,139.929016,5,0.3,-0.056,9.461,1.5
1424830669526,37.4904,139.929016,3,0.319,-0.05,9.466,1.5
1424830669626,37.4904,139.929016,3,0.333,-0.057,9.454,1.5
1424830669727,37.4904,139.929016,3,0.327,-0.064,9.465,1.5
1424830669828,37.4904,139.929016,3,0.31,-0.062,9.465,1.5
1424830669929,37.4904,139.929016,3,0.297,-0.05,9.473,1.5
1424830670029,37.4904,139.929016,3,0.279,-0.044,9.465,1.5
1424830670125,37.4904,139.929016,3,0.269,-0.059,9.452,1.5
1424830670226,37.4904,139.929016,3,0.277,-0.063,9.453,1.5
1424830670326,37.4904,139.929016,3,0.284,-0.058,9.451,1.5
1424830670427,37.4904,139.929016,3,0.274,-0.041,9.468,1.5
1424830670528,37.4904,139.929016,3,0.276,-0.053,9.463,1.5
1424830670628,37.4904,139.929016,3,0.284,-0.062,9.466,1.5
1424830670729,37.4904,139.929016,3,0.278,-0.061,9.465,1.5
1424830670825,37.4904,139.929016,3,0.286,-0.055,9.459,1.5
1424830670926,37.4904,139.929016,3,0.277,-0.048,9.459,1.5
1424830671026,37.4904,139.929016,3,0.27,-0.059,9.45,1.5
1424830671127,37.4904,139.929016,3,0.271,-0.064,9.451,1.5
1424830671228,37.4904,139.929016,3,0.282,-0.063,9.445,1.5
1424830671328,37.4904,139.929016,3,0.298,-0.052,9.458,1.5
1424830671429,37.4904,139.929016,3,0.299,-0.058,9.463,1.5
1424830671525,37.4904,139.929016,3,0.286,-0.07,9.447,1.5
1424830671625,37.4904,139.929016,3,0.272,-0.068,9.442,1.5
1424830671726,37.4904,139.929016,3,0.275,-0.062,9.465,1.5
1424830671827,37.4904,139.929016,3,0.274,-0.048,9.465,1.5
1424830671928,37.4904,139.929016,3,0.281,-0.061,9.452,1.5
1424830672028,37.4904,139.929016,3,0.289,-0.066,9.456,1.5
1424830672129,37.4904,139.929016,3,0.293,-0.063,9.452,1.5
1424830672225,37.4904,139.929016,3,0.293,-0.05,9.468,1.5
1424830672325,37.4904,139.929016,3,0.288,-0.057,9.482,1.5
1424830672426,37.4904,139.929016,3,0.278,-0.067,9.471,1.5
1424830672527,37.4904,139.929016,4,0.279,-0.06,9.461,1.502
1424830672627,37.4904,139.929016,4,0.27,-0.052,9.467,1.504
1424830672728,37.490401,139.929016,4,0.278,-0.052,9.464,1.506
1424830672829,37.490401,139.929016,4,0.281,-0.069,9.45,1.508
1424830672925,37.490401,139.929016,4,0.276,-0.064,9.449,1.509
1424830673025,37.490401,139.929015,4,0.277,-0.065,9.446,1.511
1424830673126,37.490401,139.929015,4,0.294,-0.053,9.464,1.513
1424830673227,37.490402,139.929015,4,0.293,-0.052,9.465,1.516
1424830673327,37.490402,139.929015,4,0.276,-0.058,9.462,1.518
1424830673428,37.490402,139.929015,4,0.276,-0.057,9.465,1.52
1424830673529,37.490402,139.929015,4,0.266,-0.055,9.458,1.518
1424830673625,37.490402,139.929016,4,0.273,-0.046,9.467,1.516
1424830673725,37.490403,139.929016,4,0.289,-0.048,9.463,1.514
1424830673826,37.490403,139.929017,4,0.294,-0.054,9.463,1.512
1424830673927,37.490403,139.929017,4,0.279,-0.059,9.447,1.51
1424830674027,37.490403,139.929018,4,0.28,-0.056,9.444,1.508
1424830674128,37.490403,139.929018,4,0.274,-0.05,9.453,1.506
1424830674229,37.490404,139.929019,4,0.278,-0.049,9.466,1.504
1424830674329,37.490404,139.929019,4,0.278,-0.059,9.469,1.502
1424830674425,37.490404,139.92902,4,0.283,-0.064,9.454,1.5
1424830674526,37.490404,139.92902,4,0.286,-0.062,9.457,1.5
1424830674627,37.490404,139.92902,4,0.284,-0.055,9.474,1.5
1424830674727,37.490404,139.92902,4,0.286,-0.052,9.476,1.5
1424830674828,37.490404,139.92902,4,0.282,-0.066,9.462,1.5
1424830674929,37.490404,139.92902,4,0.277,-0.061,9.451,1.5
1424830675029,37.490404,139.92902,4,0.281,-0.054,9.458,1.5
1424830675130,37.490404,139.92902,4,0.294,-0.05,9.47,1.5
1424830675226,37.490404,139.92902,4,0.285,-0.06,9.458,1.5
1424830675325,37.490404,139.92902,4,0.284,-0.061,9.461,1.5
1424830675427,37.490404,139.92902,4,0.287,-0.062,9.453,1.5
1424830675526,37.490404,139.92902,5,0.283,-0.062,9.453,1.5
1424830675629,37.490403,139.929021,5,0.283,-0.055,9.465,1.5
1424830675728,37.490403,139.929021,5,0.284,-0.055,9.463,1.5
1424830675825,37.490402,139.929021,5,0.269,-0.054,9.457,1.5
1424830675926,37.490402,139.929021,5,0.265,-0.067,9.452,1.5
1424830676026,37.490401,139.929022,5,0.276,-0.063,9.464,1.5
1424830676127,37.490401,139.929022,5,0.28,-0.058,9.45,1.5
1424830676228,37.4904,139.929022,5,0.282,-0.046,9.467,1.5
1424830676329,37.4904,139.929023,5,0.277,-0.061,9.462,1.5
1424830676429,37.490399,139.929023,5,0.267,-0.069,9.44,1.5
1424830676525,37.490399,139.929023,5,0.262,-0.061,9.444,1.5
1424830676626,37.490399,139.929023,5,0.27,-0.061,9.473,1.5
1424830676726,37.4904,139.929024,5,0.283,-0.067,9.464,1.5
1424830676827,37.4904,139.929024,5,0.323,-0.069,9.458,1.5
1424830676928,37.4904,139.929024,5,0.322,-0.063,9.459,1.5
1424830677028,37.4904,139.929024,5,0.323,-0.048,9.454,1.5
1424830677129,37.4904,139.929024,5,0.319,-0.046,9.461,1.5
1424830677225,37.490401,139.929025,5,0.31,-0.054,9.495,1.5
1424830677325,37.490401,139.929025,5,0.303,-0.046,9.45,1.5
1424830677426,37.490401,139.929025,5,0.312,-0.05,9.443,1.5
1424830677527,37.490401,139.929025,5,0.305,-0.056,9.472,1.5
1424830677628,37.490401,139.929026,5,0.319,-0.063,9.456,1.5
1424830677728,37.490401,139.929026,5,0.318,-0.058,9.451,1.5
1424830677829,37.490401,139.929027,5,0.283,-0.044,9.45,1.5
1424830677925,37.490401,139.929027,5,0.26,-0.052,9.447,1.5
1424830678025,37.490402,139.929028,5,0.311,-0.061,9.513,1.5
1424830678126,37.490402,139.929028,5,0.368,-0.075,9.481,1.5
1424830678227,37.490402,139.929029,5,0.369,-0.06,9.409,1.5
1424830678328,37.490402,139.929029,5,0.325,-0.035,9.46,1.5
1424830678428,37.490402,139.92903,5,0.25,-0.047,9.492,1.5
1424830678529,37.490402,139.92903,5,0.236,-0.063,9.477,1.5
1424830678625,37.490402,139.92903,5,0.237,-0.064,9.464,1.5
1424830678725,37.490402,139.92903,5,0.266,-0.056,9.482,1.5
1424830678826,37.490402,139.92903,5,0.308,-0.052,9.439,1.5
1424830678927,37.490402,139.92903,5,0.335,-0.05,9.432,1.5
1424830679027,37.490402,139.92903,5,0.329,-0.056,9.445,1.5
1424830679128,37.490402,139.92903,5,0.306,-0.065,9.459,1.5
1424830679229,37.490402,139.92903,5,0.277,-0.047,9.464,1.5
1424830679325,37.490402,139.92903,5,0.263,-0.045,9.463,1.5
1424830679425,37.490402,139.92903,5,0.259,-0.052,9.476,1.5
1424830679526,37.490401,139.92903,6,0.285,-0.057,9.472,1.5
1424830679627,37.4904,139.929031,6,0.312,-0.052,9.462,1.5
1424830679727,37.490399,139.929031,6,0.323,-0.048,9.458,1.5
1424830679828,37.490398,139.929032,6,0.303,-0.06,9.451,1.5
1424830679929,37.490397,139.929032,6,0.291,-0.067,9.466,1.5
1424830680029,37.490396,139.929032,6,0.285,-0.063,9.455,1.5
1424830680125,37.490395,139.929033,6,0.255,-0.06,9.451,1.5
1424830680226,37.490394,139.929033,6,0.274,-0.072,9.48,1.5
1424830680327,37.490393,139.929034,6,0.301,-0.076,9.466,1.5
1424830680427,37.490392,139.929034,6,0.32,-0.062,9.449,1.5
1424830680528,37.490392,139.929034,6,0.316,-0.053,9.473,1.5
1424830680629,37.490392,139.929034,6,0.32,-0.069,9.466,1.5
1424830680729,37.490393,139.929034,6,0.3,-0.059,9.451,1.5
1424830680825,37.490393,139.929034,6,0.28,-0.046,9.467,1.5
1424830680926,37.490393,139.929034,6,0.273,-0.049,9.466,1.5
1424830681027,37.490393,139.929035,6,0.282,-0.063,9.456,1.5
1424830681127,37.490393,139.929035,6,0.289,-0.055,9.456,1.5
1424830681228,37.490394,139.929035,6,0.32,-0.053,9.46,1.5
1424830681329,37.490394,139.929035,6,0.326,-0.067,9.476,1.5
1424830681429,37.490394,139.929035,6,0.308,-0.072,9.472,1.5
1424830681525,37.490394,139.929035,4,0.292,-0.053,9.449,1.5
1424830681626,37.490394,139.929035,4,0.275,-0.052,9.451,1.5
1424830681727,37.490394,139.929035,4,0.242,-0.06,9.444,1.5
1424830681827,37.490394,139.929035,4,0.283,-0.074,9.396,1.5
1424830681928,37.490394,139.929035,4,0.275,-0.08,9.405,1.5
1424830682029,37.490394,139.929035,4,0.302,-0.085,9.413,1.5
1424830682129,37.490394,139.929035,4,0.304,-0.068,9.429,1.5
1424830682225,37.490394,139.929035,4,0.281,-0.052,9.475,1.5
1424830682326,37.490394,139.929035,4,0.281,-0.064,9.484,1.5
1424830682426,37.490394,139.929035,4,0.307,-0.057,9.467,1.5
1424830682527,37.490394,139.929035,5,0.327,-0.05,9.462,1.5
1424830682628,37.490394,139.929035,5,0.319,-0.044,9.499,1.5
1424830682729,37.490394,139.929035,5,0.306,-0.061,9.465,1.5
1424830682829,37.490394,139.929035,5,0.286,-0.064,9.457,1.5
1424830682925,37.490394,139.929035,5,0.259,-0.062,9.477,1.5
1424830683026,37.490394,139.929035,5,0.251,-0.067,9.464,1.5
1424830683126,37.490394,139.929035,5,0.261,-0.063,9.47,1.5
1424830683227,37.490394,139.929035,5,0.287,-0.065,9.457,1.5
1424830683328,37.490394,139.929035,5,0.32,-0.063,9.446,1.5
1424830683428,37.490394,139.929035,5,0.329,-0.057,9.445,1.5
1424830683529,37.490394,139.929035,6,0.334,-0.052,9.469,1.5
1424830683625,37.490394,139.929036,6,0.315,-0.051,9.458,1.5
1424830683726,37.490394,139.929036,6,0.281,-0.057,9.446,1.5
1424830683826,37.490394,139.929036,6,0.277,-0.078,9.464,1.5
1424830683927,37.490394,139.929036,6,0.285,-0.064,9.456,1.5
1424830684028,37.490394,139.929037,6,0.296,-0.041,9.476,1.5
1424830684128,37.490394,139.929037,6,0.307,-0.046,9.464,1.5
1424830684229,37.490394,139.929037,6,0.306,-0.05,9.457,1.5
1424830684325,37.490394,139.929038,6,0.299,-0.065,9.446,1.5
1424830684425,37.490394,139.929038,6,0.292,-0.057,9.476,1.5
1424830684526,37.490394,139.929038,6,0.302,-0.063,9.467,1.5
1424830684627,37.490394,139.929038,6,0.313,-0.058,9.469,1.5
1424830684728,37.490394,139.929038,6,0.283,-0.067,9.455,1.5
1424830684828,37.490394,139.929038,6,0.288,-0.079,9.467,1.5
1424830684929,37.490394,139.929038,6,0.321,-0.072,9.474,1.5
1424830685025,37.490394,139.929038,6,0.338,-0.057,9.449,1.5
1424830685125,37.490394,139.929038,6,0.321,-0.051,9.457,1.5
1424830685226,37.490394,139.929038,6,0.297,-0.059,9.47,1.5
1424830685327,37.490394,139.929038,6,0.276,-0.068,9.444,1.5
1424830685427,37.490394,139.929038,6,0.278,-0.071,9.436,1.5
1424830685528,37.490394,139.929038,4,0.292,-0.062,9.484,1.5
1424830685629,37.490394,139.929038,4,0.3,-0.059,9.468,1.5
1424830685725,37.490394,139.929038,4,0.318,-0.057,9.441,1.5
1424830685825,37.490394,139.929038,4,0.313,-0.061,9.435,1.5
1424830685926,37.490394,139.929038,4,0.285,-0.069,9.436,1.5
1424830686027,37.490394,139.929038,4,0.287,-0.076,9.448,1.5
1424830686127,37.490394,139.929038,4,0.302,-0.06,9.462,1.5
1424830686228,37.490394,139.929038,4,0.297,-0.051,9.475,1.5
1424830686329,37.490394,139.929038,4,0.318,-0.051,9.477,1.5
1424830686430,37.490394,139.929038,4,0.318,-0.06,9.463,1.5
1424830686525,37.490394,139.929038,4,0.296,-0.062,9.467,1.5
1424830686626,37.490394,139.929038,4,0.305,-0.066,9.453,1.5
1424830686727,37.490394,139.929038,4,0.296,-0.057,9.454,1.5
1424830686827,37.490394,139.929038,4,0.302,-0.064,9.458,1.5
1424830686928,37.490394,139.929038,4,0.315,-0.061,9.45,1.5
1424830687029,37.490394,139.929038,4,0.313,-0.067,9.459,1.5
1424830687129,37.490394,139.929038,4,0.298,-0.067,9.458,1.5
1424830687225,37.490394,139.929038,4,0.294,-0.06,9.469,1.5
1424830687326,37.490394,139.929038,4,0.3,-0.057,9.461,1.5
1424830687427,37.490394,139.929038,4,0.298,-0.056,9.457,1.5
1424830687527,37.490394,139.929038,5,0.306,-0.056,9.455,1.5
1424830687628,37.490394,139.929038,5,0.308,-0.021,9.47,1.5
1424830687729,37.490394,139.929038,5,0.298,0.018,9.463,1.5
1424830687829,37.490394,139.929038,5,0.304,0.024,9.455,1.5
1424830687925,37.490394,139.929038,5,0.306,0.016,9.454,1.5
1424830688026,37.490395,139.929038,5,0.303,0.017,9.457,1.5
1424830688127,37.490395,139.929038,5,0.297,0.041,9.478,1.5
1424830688227,37.490395,139.929038,5,0.309,0.059,9.467,1.5
1424830688328,37.490395,139.929038,5,0.3,0.084,9.474,1.5
1424830688429,37.490395,139.929038,5,0.283,0.125,9.488,1.5
1424830688529,37.490395,139.929038,5,0.287,0.186,9.478,1.5
1424830688625,37.490395,139.929038,5,0.287,0.238,9.458,1.5
1424830688726,37.490395,139.929038,5,0.269,0.298,9.456,1.5
1424830688826,37.490395,139.929038,5,0.283,0.367,9.453,1.5
1424830688927,37.490395,139.929038,5,0.28,0.439,9.445,1.5
1424830689028,37.490395,139.929038,5,0.283,0.506,9.448,1.5
1424830689129,37.490395,139.929038,5,0.324,0.549,9.438,1.5
1424830689229,37.490395,139.929038,5,0.339,0.589,9.423,1.5
1424830689325,37.490395,139.929038,5,0.318,0.634,9.435,1.5
1424830689431,37.490395,139.929038,5,0.329,0.644,9.445,1.5
1424830689526,37.490395,139.929038,6,0.321,0.559,9.451,1.513
1424830689625,37.490395,139.929037,6,0.382,0.251,9.447,1.53
1424830689728,37.490395,139.929037,6,0.478,-0.051,9.491,1.548
1424830689827,37.490395,139.929037,6,0.5,-0.206,9.514,1.565
1424830689929,37.490395,139.929037,6,0.469,-0.223,9.445,1.584
1424830690025,37.490395,139.929036,6,0.399,-0.122,9.477,1.601
1424830690125,37.490395,139.929036,6,0.322,0.018,9.499,1.619
1424830690226,37.490395,139.929036,6,0.311,0.253,9.445,1.638
1424830698228,37.490473,139.928736,7,0.316,0.264,9.445,4.754
1424830698328,37.490474,139.928728,7,0.258,-0.058,9.932,4.855
1424830698429,37.490475,139.928721,7,0.252,-0.126,9.605,4.958
1424830698525,37.490475,139.928714,7,0.28,0.004,8.963,4.998
1424830698625,37.490475,139.928707,7,0.208,-0.119,9.597,5.021
1424830698726,37.490475,139.9287,7,0.083,-0.195,9.837,5.045
1424830698827,37.490475,139.928693,7,0.098,-0.164,9.519,5.069
1424830698927,37.490475,139.928686,7,0.144,-0.146,9.328,5.093
1424830699028,37.490475,139.92868,7,0.197,-0.036,9.438,5.117
1424830699129,37.490475,139.928673,7,0.225,-0.067,9.763,5.142
1424830699229,37.490475,139.928666,7,0.211,-0.143,9.341,5.166
1424830699325,37.490475,139.928659,7,0.321,-0.066,9.167,5.189
1424830699426,37.490475,139.928652,7,0.282,0.038,9.401,5.214
1424830699527,37.490476,139.928646,9,0.055,-0.046,9.561,5.22
1424830699627,37.490478,139.92864,9,0.026,-0.107,9.631,5.22
1424830699728,37.49048,139.928634,9,0.06,-0.181,9.437,5.22
1424830699829,37.490482,139.928628,9,0.149,-0.148,9.509,5.22
1424830699929,37.490484,139.928622,9,0.135,-0.096,9.475,5.22
1424830700025,37.490486,139.928617,9,0.052,-0.082,9.291,5.22
1424830700126,37.490488,139.928611,9,-0.014,-0.142,9.491,5.22
1424830700227,37.49049,139.928605,9,-0.038,-0.173,9.556,5.22
1424830700327,37.490492,139.928599,9,-0.042,-0.109,9.567,5.22
1424830700428,37.490494,139.928593,9,0.035,-0.069,9.533,5.22
1424830700529,37.490496,139.928588,9,0.074,-0.068,9.453,5.22
1424830700629,37.490499,139.928583,9,0.067,-0.091,9.459,5.22
1424830700725,37.490502,139.928578,9,0.067,-0.136,9.467,5.22
1424830700826,37.490505,139.928572,9,0.046,-0.087,9.408,5.22
1424830700926,37.490508,139.928567,9,0.028,-0.022,9.445,5.22
1424830701027,37.490511,139.928562,9,0.031,-0.004,9.379,5.22
1424830701128,37.490514,139.928557,9,0.044,-0.102,9.528,5.22
1424830701229,37.490517,139.928551,9,0.006,-0.169,9.595,5.22
1424830701329,37.490519,139.928546,9,-0.038,-0.127,9.423,5.22
1424830701425,37.490522,139.928541,9,-0.093,-0.065,9.284,5.22
1424830701526,37.490526,139.928535,11,-0.169,-0.048,9.361,5.255
1424830701626,37.49053,139.928528,11,-0.11,-0.158,9.538,5.301
1424830701727,37.490535,139.928521,11,-0.061,-0.16,9.527,5.349
1424830701828,37.490539,139.928514,11,-0.004,-0.156,9.488,5.396
1424830701928,37.490544,139.928506,11,0.051,-0.101,9.495,5.444
1424830702029,37.490548,139.928499,11,0.074,-0.106,9.516,5.493
1424830702125,37.490552,139.928492,11,0.032,-0.117,9.428,5.539
1424830702226,37.490557,139.928485,11,-0.073,-0.084,9.25,5.589
1424830702326,37.490561,139.928477,11,-0.075,-0.144,9.47,5.638
1424830702427,37.490566,139.92847,11,-0.057,-0.175,9.718,5.688
1424830702528,37.490568,139.928463,11,0.12,-0.193,9.756,5.681
1424830702628,37.490569,139.928457,11,0.232,-0.11,9.419,5.657
1424830702729,37.490571,139.928451,11,0.247,-0.081,9.253,5.632
1424830702825,37.490572,139.928445,11,0.196,-0.115,9.376,5.609
1424830702925,37.490573,139.928439,11,0.205,-0.171,9.545,5.585
1424830703026,37.490575,139.928433,11,0.126,-0.097,9.317,5.56
1424830703127,37.490576,139.928427,11,0.046,-0.039,9.395,5.536
1424830703228,37.490577,139.928421,11,0.082,-0.071,9.623,5.512
1424830703328,37.490578,139.928415,11,0.167,-0.096,9.565,5.489
1424830703429,37.49058,139.928409,11,0.248,-0.184,9.458,5.465
1424830703530,37.490574,139.928402,18,0.212,-0.209,9.444,5.42
1424830703625,37.490567,139.928395,18,0.135,-0.181,9.429,5.373
1424830703731,37.49056,139.928387,18,0.108,-0.144,9.394,5.321
1424830703827,37.490553,139.92838,18,0.077,-0.176,9.409,5.274
1424830703926,37.490546,139.928373,18,0.018,-0.159,9.468,5.226
1424830704028,37.490539,139.928366,18,0.016,-0.117,9.484,5.177
1424830704127,37.490533,139.928359,18,0.058,-0.136,9.564,5.13
1424830704225,37.490526,139.928352,18,0.086,-0.079,9.434,5.084
1424830704325,37.490519,139.928345,18,0.122,-0.101,9.368,5.038
1424830704426,37.490513,139.928338,18,0.131,-0.162,9.452,4.991
1424830704527,37.490511,139.928331,18,0.135,-0.179,9.52,4.961
1424830704627,37.490511,139.928326,18,0.151,-0.167,9.44,4.937
1424830704728,37.490512,139.92832,18,0.135,-0.122,9.351,4.912
1424830704829,37.490512,139.928314,18,0.118,-0.184,9.483,4.888
1424830704925,37.490512,139.928308,18,0.161,-0.16,9.437,4.865
1424830705025,37.490512,139.928302,18,0.137,-0.195,9.43,4.841
1424830705126,37.490512,139.928296,18,0.102,-0.2,9.509,4.816
1424830705227,37.490513,139.928291,18,0.077,-0.124,9.389,4.792
1424830705327,37.490513,139.928285,18,0.122,-0.063,9.253,4.769
1424830705428,37.490513,139.928279,18,0.13,-0.144,9.408,4.745
1424830705529,37.490513,139.928274,4,0.089,-0.278,9.687,4.74
1424830705629,37.490514,139.928269,4,0.11,-0.231,9.502,4.74
1424830705725,37.490514,139.928264,4,0.186,-0.203,9.312,4.74
1424830705826,37.490515,139.928258,4,0.229,-0.265,9.43,4.74
1424830705927,37.490515,139.928253,4,0.199,-0.282,9.56,4.74
1424830706027,37.490515,139.928248,4,0.246,-0.38,9.603,4.74
1424830706128,37.490516,139.928243,4,0.184,-0.37,9.424,4.74
1424830706229,37.490516,139.928237,4,0.198,-0.261,9.297,4.74
1424830706329,37.490517,139.928232,4,0.211,-0.253,9.478,4.74
1424830706425,37.490517,139.928227,4,0.029,-0.3,9.64,4.74
1424830706526,37.490517,139.928222,5,-0.226,-0.141,9.204,4.74
1424830706627,37.490518,139.928217,5,-0.126,-0.114,9.314,4.74
1424830706727,37.490518,139.928212,5,-0.094,-0.12,9.378,4.74
1424830706828,37.490519,139.928207,5,0.078,-0.232,9.756,4.74
1424830706929,37.490519,139.928202,5,0.291,-0.264,9.666,4.74
1424830707029,37.490519,139.928196,5,0.284,-0.258,9.45,4.74
1424830707125,37.49052,139.928192,5,0.274,-0.274,9.317,4.74
1424830707226,37.49052,139.928186,5,0.237,-0.258,9.517,4.74
1424830707326,37.490521,139.928181,5,0.075,-0.287,9.351,4.74
1424830707427,37.490521,139.928176,5,-0.176,-0.216,9.488,4.74
1424830707528,37.490523,139.928171,7,-0.245,-0.192,9.503,4.74
1424830707629,37.490525,139.928166,7,-0.108,-0.12,9.48,4.74
1424830707729,37.490527,139.928161,7,0.076,-0.102,9.543,4.74
1424830707825,37.490529,139.928156,7,0.218,-0.131,9.448,4.74
1424830707926,37.490531,139.928151,7,0.248,-0.183,9.441,4.74
1424830708026,37.490533,139.928146,7,0.18,-0.248,9.578,4.74
1424830708127,37.490535,139.928141,7,0.174,-0.228,9.473,4.74
1424830708228,37.490537,139.928136,7,0.105,-0.207,9.394,4.74
1424830708328,37.490539,139.928131,7,0.042,-0.145,9.323,4.74
1424830708429,37.490541,139.928126,7,0.094,-0.193,9.389,4.74
1424830708525,37.490542,139.928121,7,0.117,-0.297,9.59,4.722
1424830708626,37.490542,139.928117,7,0.168,-0.316,9.535,4.699
1424830708726,37.490543,139.928112,7,0.198,-0.304,9.405,4.675
1424830708827,37.490544,139.928107,7,0.163,-0.357,9.486,4.652
1424830708928,37.490545,139.928103,7,0.145,-0.39,9.579,4.629
1424830709028,37.490546,139.928098,7,0.122,-0.412,9.478,4.606
1424830709129,37.490546,139.928094,7,0.097,-0.39,9.371,4.583
1424830709225,37.490547,139.928089,7,0.094,-0.388,9.445,4.561
1424830709325,37.490548,139.928085,7,0.141,-0.417,9.515,4.538
1424830709426,37.490549,139.92808,7,0.129,-0.387,9.472,4.515
1424830709527,37.49055,139.928076,6,0.121,-0.37,9.382,4.491
1424830709628,37.490551,139.928072,6,0.129,-0.417,9.448,4.466
1424830709728,37.490553,139.928068,6,0.122,-0.424,9.537,4.442
1424830709829,37.490554,139.928064,6,0.134,-0.428,9.495,4.417
1424830709925,37.490555,139.928061,6,0.141,-0.435,9.483,4.394
1424830710025,37.490557,139.928057,6,0.112,-0.454,9.492,4.37
1424830710126,37.490558,139.928053,6,0.101,-0.43,9.428,4.346
1424830710227,37.490559,139.928049,6,0.088,-0.393,9.411,4.322
1424830710328,37.49056,139.928046,6,0.105,-0.434,9.483,4.299
1424830710428,37.490562,139.928042,6,0.122,-0.46,9.492,4.275
1424830710529,37.490562,139.928038,6,0.132,-0.421,9.438,4.232
1424830710625,37.490562,139.928034,6,0.169,-0.388,9.436,4.186
1424830710725,37.490562,139.928031,6,0.167,-0.404,9.462,4.138
1424830710826,37.490562,139.928027,6,0.15,-0.392,9.493,4.091
1424830710927,37.490562,139.928023,6,0.143,-0.391,9.493,4.044
1424830711028,37.490562,139.92802,6,0.116,-0.44,9.514,3.998
1424830711128,37.490562,139.928016,6,0.125,-0.457,9.525,3.952
1424830711229,37.490562,139.928013,6,0.17,-0.45,9.447,3.907
1424830711325,37.490562,139.928009,6,0.254,-0.403,9.377,3.865
1424830711425,37.490562,139.928006,6,0.255,-0.406,9.441,3.821
1424830711526,37.490563,139.928003,6,0.192,-0.444,9.498,3.792
1424830711627,37.490564,139.928,6,0.165,-0.418,9.464,3.768
1424830711727,37.490565,139.927997,6,0.228,-0.382,9.393,3.745
1424830711828,37.490567,139.927993,6,0.28,-0.398,9.428,3.721
1424830711929,37.490568,139.92799,6,0.258,-0.447,9.511,3.698
1424830712029,37.490569,139.927987,6,0.212,-0.429,9.489,3.675
1424830712125,37.49057,139.927985,6,0.226,-0.363,9.391,3.653
1424830712226,37.490571,139.927982,6,0.243,-0.367,9.459,3.63
1424830712327,37.490573,139.927979,6,0.232,-0.451,9.542,3.608
1424830712427,37.490574,139.927976,6,0.254,-0.433,9.469,3.585
1424830712528,37.490575,139.927973,7,0.293,-0.337,9.306,3.562
1424830712629,37.490576,139.92797,7,0.371,-0.481,9.64,3.538
1424830712729,37.490577,139.927967,7,0.307,-0.469,9.549,3.514
1424830712825,37.490579,139.927964,7,0.22,-0.377,9.226,3.492
1424830712926,37.49058,139.927961,7,0.243,-0.416,9.327,3.469
1424830713026,37.490581,139.927958,7,0.279,-0.498,9.598,3.446
1424830713127,37.490582,139.927955,7,0.352,-0.475,9.475,3.423
1424830713228,37.490583,139.927952,7,0.362,-0.493,9.463,3.4
1424830713329,37.490585,139.927949,7,0.323,-0.511,9.496,3.377
1424830713429,37.490586,139.927947,7,0.387,-0.535,9.456,3.355
1424830713525,37.490586,139.927944,7,0.356,-0.564,9.499,3.316
1424830713626,37.490587,139.92794,7,0.267,-0.545,9.465,3.27
1424830713726,37.490587,139.927937,7,0.232,-0.526,9.4,3.225
1424830713827,37.490588,139.927934,7,0.213,-0.601,9.37,3.181
1424830713928,37.490588,139.927931,7,0.209,-0.577,9.57,3.137
1424830714029,37.490588,139.927928,7,0.23,-0.521,9.542,3.094
1424830714129,37.490589,139.927925,7,0.289,-0.561,9.434,3.052
1424830714225,37.490589,139.927922,7,0.3,-0.596,9.418,3.012
1424830714326,37.49059,139.92792,7,0.312,-0.555,9.451,2.97
1424830714426,37.49059,139.927917,7,0.34,-0.508,9.51,2.93
1424830714527,37.490592,139.927914,8,0.358,-0.525,9.499,2.885
1424830714628,37.490594,139.927912,8,0.371,-0.529,9.383,2.84
1424830714728,37.490596,139.92791,8,0.371,-0.504,9.384,2.797
1424830714829,37.490598,139.927908,8,0.325,-0.521,9.519,2.753
1424830714925,37.490599,139.927907,8,0.271,-0.551,9.516,2.712
1424830715026,37.490601,139.927905,8,0.257,-0.596,9.496,2.67
1424830715126,37.490603,139.927903,8,0.312,-0.599,9.498,2.629
1424830715227,37.490605,139.927901,8,0.269,-0.604,9.48,2.588
1424830715328,37.490607,139.927899,8,0.211,-0.606,9.475,2.548
1424830715428,37.490609,139.927897,8,0.229,-0.59,9.471,2.509
1424830715529,37.490608,139.927895,8,0.298,-0.579,9.486,2.484
1424830715625,37.490607,139.927893,8,0.323,-0.586,9.491,2.464
1424830715726,37.490605,139.927891,8,0.309,-0.586,9.478,2.443
1424830715826,37.490604,139.927889,8,0.302,-0.585,9.489,2.423
1424830715927,37.490603,139.927886,8,0.291,-0.574,9.493,2.403
1424830716028,37.490601,139.927884,8,0.288,-0.562,9.487,2.382
1424830716128,37.4906,139.927882,8,0.291,-0.59,9.497,2.363
1424830716229,37.490599,139.92788,8,0.3,-0.581,9.477,2.343
1424830716325,37.490598,139.927878,8,0.329,-0.557,9.464,2.324
1424830716425,37.490596,139.927876,8,0.371,-0.552,9.455,2.305
1424830716526,37.490594,139.927874,6,0.395,-0.547,9.452,2.3
1424830716627,37.490591,139.927873,6,0.384,-0.539,9.476,2.3
1424830716728,37.490587,139.927872,6,0.342,-0.541,9.481,2.3
1424830716828,37.490584,139.927871,6,0.314,-0.536,9.468,2.3
1424830716929,37.490581,139.92787,6,0.325,-0.498,9.457,2.3
1424830717025,37.490578,139.927869,6,0.386,-0.462,9.423,2.3
1424830717125,37.490575,139.927868,6,0.424,-0.419,9.374,2.3
1424830717226,37.490572,139.927866,6,0.402,-0.443,9.487,2.3
1424830717327,37.490569,139.927865,6,0.394,-0.52,9.597,2.3
1424830717428,37.490566,139.927864,6,0.401,-0.496,9.504,2.3
1424830717528,37.490564,139.927863,6,0.34,-0.452,9.401,2.285
1424830717629,37.490563,139.927862,6,0.261,-0.467,9.489,2.267
1424830717725,37.490562,139.927861,6,0.24,-0.49,9.549,2.249
1424830717830,37.490561,139.92786,6,0.288,-0.487,9.465,2.23
1424830717926,37.49056,139.927859,6,0.333,-0.482,9.453,2.212
1424830718025,37.490559,139.927858,6,0.346,-0.479,9.487,2.195
1424830718127,37.490557,139.927856,6,0.352,-0.486,9.476,2.177
1424830718226,37.490556,139.927855,6,0.356,-0.471,9.461,2.159
1424830718329,37.490555,139.927854,6,0.35,-0.461,9.483,2.141
1424830718428,37.490554,139.927853,6,0.33,-0.47,9.472,2.124
1424830718525,37.490553,139.927853,6,0.31,-0.458,9.459,2.107
1424830718626,37.490553,139.927852,6,0.32,-0.465,9.464,2.089
1424830718727,37.490552,139.927852,6,0.338,-0.472,9.457,2.071
1424830718827,37.490551,139.927851,6,0.339,-0.472,9.47,2.054
1424830718928,37.49055,139.927851,6,0.337,-0.464,9.485,2.037
1424830719029,37.490549,139.927851,6,0.327,-0.469,9.453,2.02
1424830719129,37.490549,139.92785,6,0.331,-0.463,9.475,2.003
1424830719225,37.490548,139.92785,6,0.33,-0.453,9.467,1.987
1424830719326,37.490547,139.927849,6,0.319,-0.446,9.453,1.97
1424830719427,37.490546,139.927849,6,0.318,-0.443,9.462,1.954
1424830719527,37.490547,139.92785,6,0.325,-0.383,9.468,1.911
1424830719628,37.490548,139.92785,6,0.328,-0.223,9.493,1.861
1424830719729,37.490549,139.927851,6,0.316,-0.02,9.478,1.813
1424830719829,37.49055,139.927852,6,0.322,0.089,9.425,1.766
1424830719925,37.490551,139.927853,6,0.336,0.05,9.399,1.722
1424830720026,37.490552,139.927853,6,0.331,-0.042,9.453,1.676
1424830720126,37.490553,139.927854,6,0.322,-0.112,9.496,1.633
1424830720227,37.490554,139.927855,6,0.316,-0.115,9.474,1.59
1424830720328,37.490555,139.927855,6,0.317,-0.058,9.481,1.549
1424830720429,37.490556,139.927856,6,0.325,-0.006,9.475,1.508
1424830720529,37.490557,139.927857,7,0.332,-0.005,9.447,1.5
1424830720625,37.490558,139.927857,7,0.327,-0.049,9.435,1.5
1424830720726,37.490559,139.927858,7,0.326,-0.086,9.456,1.5
1424830720826,37.49056,139.927859,7,0.321,-0.068,9.475,1.5
1424830720927,37.490561,139.927859,7,0.314,-0.039,9.456,1.5
1424830721028,37.490562,139.92786,7,0.319,-0.019,9.455,1.5
1424830721128,37.490563,139.927861,7,0.321,-0.039,9.448,1.5
1424830721229,37.490565,139.927861,7,0.325,-0.064,9.446,1.5
1424830721325,37.490566,139.927862,7,0.321,-0.069,9.449,1.5
1424830721426,37.490567,139.927863,7,0.328,-0.054,9.44,1.5
1424830721526,37.490568,139.927864,7,0.324,-0.031,9.464,1.5
1424830721627,37.490568,139.927864,7,0.326,-0.039,9.449,1.5
1424830721728,37.490569,139.927865,7,0.325,-0.054,9.445,1.5
1424830721828,37.49057,139.927866,7,0.327,-0.059,9.455,1.5
1424830721929,37.49057,139.927866,7,0.326,-0.045,9.486,1.5
1424830722025,37.490571,139.927867,7,0.327,-0.035,9.469,1.5
1424830722126,37.490572,139.927868,7,0.327,-0.037,9.45,1.5
1424830722226,37.490572,139.927868,7,0.323,-0.052,9.445,1.5
1424830722327,37.490573,139.927869,7,0.323,-0.057,9.462,1.5
1424830722428,37.490574,139.92787,7,0.325,-0.056,9.457,1.5
1424830722528,37.490574,139.92787,8,0.328,-0.042,9.447,1.5
1424830722629,37.490575,139.927871,8,0.33,-0.048,9.43,1.5
1424830722725,37.490575,139.927871,8,0.334,-0.044,9.449,1.5
1424830722825,37.490575,139.927872,8,0.326,-0.055,9.444,1.5
1424830722926,37.490575,139.927872,8,0.325,-0.054,9.437,1.5
1424830723027,37.490576,139.927873,8,0.322,-0.045,9.463,1.5
1424830723128,37.490576,139.927873,8,0.311,-0.044,9.469,1.5
1424830723228,37.490576,139.927874,8,0.32,-0.045,9.472,1.5
1424830723329,37.490577,139.927874,8,0.321,-0.052,9.438,1.5
1424830723425,37.490577,139.927875,8,0.324,-0.052,9.448,1.5
1424830723525,37.490577,139.927875,9,0.326,-0.05,9.443,1.5
1424830723626,37.490578,139.927876,9,0.329,-0.043,9.448,1.5
1424830723727,37.490578,139.927876,9,0.326,-0.038,9.465,1.5
1424830723827,37.490578,139.927876,9,0.324,-0.047,9.455,1.5
1424830723928,37.490578,139.927876,9,0.323,-0.053,9.45,1.5
1424830724029,37.490579,139.927877,9,0.323,-0.052,9.459,1.5
1424830724130,37.490579,139.927877,9,0.326,-0.049,9.466,1.5
1424830724225,37.490579,139.927877,9,0.325,-0.036,9.481,1.5
1424830724326,37.49058,139.927878,9,0.337,-0.046,9.439,1.5
1424830724427,37.49058,139.927878,9,0.328,-0.048,9.437,1.5
1424830724527,37.49058,139.927878,11,0.324,-0.052,9.438,1.5
1424830724628,37.49058,139.927879,11,0.331,-0.04,9.462,1.5
1424830724729,37.49058,139.927879,11,0.33,-0.041,9.465,1.5
1424830724829,37.49058,139.927879,11,0.329,-0.04,9.463,1.5
1424830724925,37.49058,139.927879,11,0.318,-0.038,9.482,1.5
1424830725026,37.49058,139.92788,11,0.322,-0.044,9.476,1.5
1424830725127,37.49058,139.92788,11,0.319,-0.052,9.481,1.5
1424830725227,37.49058,139.92788,11,0.326,-0.041,9.469,1.5
1424830725328,37.49058,139.927881,11,0.314,-0.04,9.472,1.5
1424830725429,37.49058,139.927881,11,0.317,-0.041,9.471,1.5
1424830725529,37.49058,139.927881,11,0.322,-0.052,9.443,1.5
1424830725625,37.49058,139.927881,11,0.325,-0.051,9.462,1.5
1424830725726,37.490581,139.927882,11,0.326,-0.045,9.475,1.5
1424830725827,37.490581,139.927882,11,0.325,-0.04,9.486,1.5
1424830725927,37.490581,139.927882,11,0.326,-0.042,9.461,1.5
1424830726028,37.490581,139.927882,11,0.325,-0.055,9.43,1.5
1424830726129,37.490581,139.927882,11,0.326,-0.051,9.473,1.5
1424830726229,37.490582,139.927883,11,0.318,-0.047,9.483,1.5
1424830726325,37.490582,139.927883,11,0.321,-0.036,9.486,1.5
1424830726426,37.490582,139.927883,11,0.317,-0.047,9.46,1.5
1424830726526,37.490582,139.927883,10,0.324,-0.049,9.467,1.5
1424830726627,37.490582,139.927883,10,0.322,-0.055,9.467,1.5
1424830726728,37.490582,139.927883,10,0.322,-0.05,9.45,1.5
1424830726829,37.490582,139.927883,10,0.327,-0.044,9.463,1.5
1424830726929,37.490582,139.927883,10,0.329,-0.043,9.454,1.5
1424830727025,37.490583,139.927883,10,0.321,-0.053,9.44,1.5
1424830727126,37.490583,139.927883,10,0.316,-0.057,9.447,1.5
1424830727226,37.490583,139.927883,10,0.321,-0.058,9.453,1.5
1424830727327,37.490583,139.927883,10,0.314,-0.051,9.473,1.5
1424830727428,37.490583,139.927883,10,0.325,-0.048,9.465,1.5
1424830727528,37.490583,139.927883,12,0.323,-0.051,9.459,1.5
1424830727629,37.490583,139.927883,12,0.319,-0.056,9.449,1.5
1424830727725,37.490583,139.927883,12,0.323,-0.049,9.466,1.5
1424830727825,37.490583,139.927883,12,0.322,-0.04,9.479,1.5
1424830727926,37.490583,139.927883,12,0.316,-0.043,9.462,1.5
1424830728027,37.490582,139.927883,12,0.314,-0.047,9.46,1.5
1424830728128,37.490582,139.927883,12,0.316,-0.054,9.452,1.5
1424830728228,37.490582,139.927883,12,0.322,-0.045,9.476,1.5
1424830728329,37.490582,139.927883,12,0.324,-0.039,9.477,1.5
1424830728425,37.490582,139.927883,12,0.327,-0.041,9.463,1.5
1424830728525,37.490582,139.927883,12,0.327,-0.047,9.473,1.5
1424830728626,37.490582,139.927883,12,0.33,-0.046,9.484,1.5
1424830728727,37.490582,139.927883,12,0.321,-0.04,9.481,1.5
1424830728828,37.490582,139.927883,12,0.324,-0.049,9.452,1.5
1424830728928,37.490582,139.927883,12,0.324,-0.054,9.45,1.5
1424830729029,37.490581,139.927882,12,0.323,-0.056,9.458,1.5
1424830729125,37.490581,139.927882,12,0.329,-0.045,9.464,1.5
1424830729225,37.490581,139.927882,12,0.326,-0.047,9.458,1.5
1424830729326,37.490581,139.927882,12,0.321,-0.054,9.449,1.5
1424830729427,37.490581,139.927882,12,0.313,-0.057,9.459,1.5
1424830729528,37.490581,139.927882,12,0.319,-0.048,9.463,1.5
1424830729628,37.490581,139.927882,12,0.315,-0.036,9.48,1.5
1424830729729,37.490581,139.927882,12,0.321,-0.036,9.467,1.5
1424830729825,37.490581,139.927882,12,0.319,-0.045,9.46,1.5
1424830729925,37.490581,139.927882,12,0.315,-0.054,9.45,1.5
1424830730026,37.490581,139.927882,12,0.319,-0.043,9.464,1.5
1424830730127,37.490581,139.927882,12,0.318,-0.045,9.468,1.5
1424830730227,37.490581,139.927882,12,0.319,-0.052,9.452,1.5
1424830730328,37.490581,139.927882,12,0.313,-0.058,9.453,1.5
1424830730429,37.490581,139.927882,12,0.314,-0.048,9.462,1.5
1424830730525,37.490581,139.927882,12,0.311,-0.04,9.482,1.5
1424830730625,37.490581,139.927882,12,0.319,-0.037,9.464,1.5
1424830730726,37.490581,139.927882,12,0.322,-0.048,9.449,1.5
1424830730827,37.490581,139.927882,12,0.325,-0.053,9.466,1.5
1424830730927,37.490581,139.927882,12,0.334,-0.047,9.484,1.5
1424830731028,37.490581,139.927883,12,0.336,-0.043,9.48,1.5
1424830731129,37.490581,139.927883,12,0.334,-0.038,9.458,1.5
1424830731230,37.490581,139.927883,12,0.324,-0.047,9.45,1.5
1424830731325,37.490581,139.927883,12,0.323,-0.048,9.466,1.5
1424830731426,37.490581,139.927883,12,0.322,-0.051,9.465,1.5
1424830731527,37.490581,139.927883,12,0.325,-0.043,9.463,1.5
1424830731627,37.490581,139.927883,12,0.325,-0.043,9.461,1.5
1424830731728,37.490581,139.927883,12,0.335,-0.042,9.47,1.5
1424830731829,37.490581,139.927883,12,0.329,-0.052,9.472,1.5
1424830731929,37.490581,139.927883,12,0.319,-0.05,9.462,1.5
1424830732025,37.490581,139.927883,12,0.319,-0.043,9.472,1.5
1424830732131,37.490581,139.927883,12,0.316,-0.047,9.459,1.5
1424830732227,37.490581,139.927883,12,0.316,-0.046,9.474,1.5
1424830732326,37.490581,139.927883,12,0.321,-0.059,9.455,1.5
1424830732428,37.490581,139.927883,12,0.317,-0.049,9.461,1.5
1424830732527,37.490581,139.927883,11,0.313,-0.046,9.469,1.5
1424830732625,37.490581,139.927883,11,0.321,-0.04,9.463,1.5
1424830732726,37.490581,139.927883,11,0.318,-0.049,9.438,1.5
1424830732826,37.490581,139.927883,11,0.31,-0.05,9.454,1.5
1424830732926,37.490581,139.927883,11,0.315,-0.049,9.483,1.5
1424830733027,37.490582,139.927883,11,0.316,-0.04,9.478,1.5
1424830733128,37.490582,139.927883,11,0.325,-0.039,9.464,1.5
1424830733229,37.490582,139.927883,11,0.319,-0.043,9.46,1.5
1424830733329,37.490582,139.927883,11,0.317,-0.051,9.453,1.5
1424830733425,37.490582,139.927883,11,0.328,-0.045,9.472,1.5
1424830733526,37.490582,139.927883,11,0.329,-0.049,9.456,1.5
1424830733626,37.490582,139.927883,11,0.337,-0.037,9.462,1.5
1424830733727,37.490582,139.927883,11,0.327,-0.035,9.46,1.5
1424830733828,37.490582,139.927883,11,0.319,-0.037,9.466,1.5
1424830733928,37.490582,139.927883,11,0.312,-0.044,9.475,1.5
1424830734029,37.490582,139.927883,11,0.318,-0.043,9.461,1.5
1424830734125,37.490582,139.927883,11,0.33,-0.038,9.468,1.5
1424830734226,37.490582,139.927883,11,0.337,-0.041,9.445,1.5
1424830734326,37.490582,139.927883,11,0.331,-0.04,9.46,1.5
1424830734427,37.490582,139.927883,11,0.312,-0.049,9.452,1.5
1424830734528,37.490582,139.927883,10,0.315,-0.032,9.467,1.5
1424830734628,37.490582,139.927883,10,0.315,-0.039,9.451,1.5
1424830734729,37.490582,139.927883,10,0.332,-0.04,9.455,1.5
1424830734825,37.490582,139.927883,10,0.329,-0.055,9.469,1.5
1424830734925,37.490582,139.927883,10,0.322,-0.047,9.458,1.5
1424830735026,37.490583,139.927883,10,0.313,-0.031,9.485,1.5
1424830735127,37.490583,139.927883,10,0.323,-0.041,9.466,1.5
1424830735228,37.490583,139.927883,10,0.319,-0.052,9.475,1.5
1424830735328,37.490583,139.927883,10,0.31,-0.048,9.464,1.5
1424830735429,37.490583,139.927883,10,0.316,-0.038,9.469,1.5
1424830735525,37.490583,139.927883,10,0.317,-0.036,9.479,1.5
1424830735625,37.490583,139.927883,10,0.319,-0.042,9.458,1.5
1424830735727,37.490583,139.927883,10,0.324,-0.043,9.48,1.5
1424830735827,37.490583,139.927883,10,0.337,-0.039,9.495,1.5
1424830735928,37.490583,139.927883,10,0.333,-0.04,9.499,1.5
1424830736028,37.490583,139.927883,10,0.333,-0.035,9.473,1.5
1424830736129,37.490583,139.927883,10,0.327,-0.041,9.454,1.5
1424830736225,37.490583,139.927883,10,0.325,-0.044,9.468,1.5
1424830736325,37.490583,139.927883,10,0.315,-0.043,9.471,1.5
1424830736426,37.490583,139.927883,10,0.317,-0.04,9.454,1.5
1424830736527,37.490583,139.927883,8,0.327,-0.036,9.45,1.5
1424830736627,37.490583,139.927883,8,0.333,-0.051,9.446,1.5
1424830736728,37.490583,139.927883,8,0.333,-0.055,9.47,1.5
1424830736829,37.490583,139.927883,8,0.329,-0.064,9.453,1.5
1424830736930,37.490583,139.927883,8,0.333,-0.054,9.456,1.5
1424830737025,37.490583,139.927883,8,0.324,-0.044,9.443,1.5
1424830737126,37.490583,139.927883,8,0.329,-0.041,9.457,1.5
1424830737227,37.490583,139.927883,8,0.333,-0.054,9.436,1.5
1424830737327,37.490583,139.927883,8,0.329,-0.051,9.443,1.5
1424830737428,37.490583,139.927883,8,0.322,-0.054,9.469,1.5
1424830737529,37.490583,139.927883,8,0.318,-0.047,9.468,1.5
1424830737629,37.490583,139.927883,8,0.322,-0.049,9.469,1.5
1424830737725,37.490583,139.927883,8,0.319,-0.062,9.446,1.5
1424830737826,37.490583,139.927883,8,0.324,-0.054,9.455,1.5
1424830737927,37.490583,139.927883,8,0.32,-0.047,9.456,1.5
1424830738027,37.490583,139.927883,8,0.315,-0.051,9.456,1.5
1424830738128,37.490583,139.927883,8,0.311,-0.053,9.446,1.5
1424830738229,37.490583,139.927883,8,0.331,-0.044,9.474,1.5
1424830738329,37.490583,139.927883,8,0.329,-0.039,9.469,1.5
1424830738425,37.490583,139.927883,8,0.327,-0.049,9.451,1.5
1424830738527,37.490583,139.927883,8,0.327,-0.052,9.468,1.5
1424830738627,37.490583,139.927883,8,0.327,-0.056,9.463,1.5
1424830738727,37.490583,139.927883,8,0.321,-0.042,9.476,1.5
1424830738828,37.490583,139.927883,8,0.329,-0.038,9.452,1.5
1424830738929,37.490583,139.927883,8,0.324,-0.05,9.44,1.5
1424830739029,37.490583,139.927883,8,0.314,-0.061,9.454,1.5
1424830739125,37.490583,139.927883,8,0.322,-0.048,9.473,1.5
1424830739226,37.490583,139.927883,8,0.324,-0.036,9.469,1.5
1424830739326,37.490583,139.927883,8,0.333,-0.048,9.441,1.5
1424830739427,37.490583,139.927883,8,0.322,-0.051,9.461,1.5
1424830739528,37.490583,139.927883,7,0.321,-0.056,9.452,1.5
1424830739629,37.490583,139.927883,7,0.319,-0.052,9.458,1.5
1424830739729,37.490583,139.927883,7,0.32,-0.047,9.461,1.5
1424830739825,37.490583,139.927883,7,0.324,-0.042,9.453,1.5
1424830739926,37.490583,139.927883,7,0.317,-0.051,9.458,1.5
1424830740026,37.490583,139.927883,7,0.317,-0.055,9.446,1.5
1424830740127,37.490583,139.927883,7,0.312,-0.049,9.462,1.5
1424830740228,37.490583,139.927883,7,0.32,-0.043,9.467,1.5
1424830740328,37.490583,139.927883,7,0.316,-0.043,9.462,1.5
1424830740429,37.490583,139.927883,7,0.319,-0.05,9.463,1.5
1424830740525,37.490583,139.927883,7,0.325,-0.051,9.461,1.5
1424830740626,37.490583,139.927883,7,0.333,-0.04,9.486,1.5
1424830740726,37.490583,139.927883,7,0.327,-0.038,9.473,1.5
1424830740827,37.490583,139.927883,7,0.334,-0.042,9.465,1.5
1424830740928,37.490583,139.927883,7,0.323,-0.051,9.441,1.5
1424830741028,37.490583,139.927883,7,0.322,-0.051,9.458,1.5
1424830741129,37.490583,139.927883,7,0.33,-0.039,9.466,1.5
1424830741225,37.490583,139.927883,7,0.334,-0.041,9.451,1.5
1424830741326,37.490583,139.927883,7,0.331,-0.051,9.447,1.5
1424830741426,37.490583,139.927883,7,0.326,-0.052,9.444,1.5
1424830741527,37.490583,139.927883,7,0.321,-0.05,9.46,1.5
1424830741628,37.490583,139.927883,7,0.319,-0.041,9.463,1.5
1424830741729,37.490583,139.927883,7,0.316,-0.047,9.445,1.5
1424830741830,37.490583,139.927883,7,0.305,-0.048,9.454,1.5
1424830741925,37.490583,139.927883,7,0.309,-0.051,9.464,1.5
1424830742025,37.490583,139.927883,7,0.313,-0.053,9.473,1.5
1424830742126,37.490583,139.927883,7,0.319,-0.047,9.454,1.5
1424830742227,37.490583,139.927883,7,0.326,-0.041,9.45,1.5
1424830742327,37.490583,139.927883,7,0.322,-0.046,9.443,1.5
1424830742428,37.490583,139.927883,7,0.317,-0.057,9.431,1.5
1424830742529,37.490583,139.927883,6,0.314,-0.049,9.452,1.5
1424830742625,37.490583,139.927883,6,0.322,-0.048,9.444,1.5
1424830742725,37.490583,139.927883,6,0.317,-0.045,9.447,1.5
1424830742826,37.490583,139.927883,6,0.32,-0.055,9.447,1.5
1424830742927,37.490583,139.927883,6,0.313,-0.057,9.45,1.5
1424830743027,37.490583,139.927883,6,0.316,-0.054,9.466,1.5
1424830743128,37.490583,139.927883,6,0.325,-0.048,9.462,1.5
1424830743229,37.490583,139.927883,6,0.323,-0.036,9.466,1.5
1424830743330,37.490583,139.927883,6,0.327,-0.046,9.444,1.5
1424830743425,37.490583,139.927883,6,0.326,-0.047,9.442,1.5
1424830743526,37.490583,139.927883,6,0.322,-0.056,9.451,1.5
1424830743627,37.490583,139.927883,6,0.32,-0.055,9.454,1.5
1424830743727,37.490583,139.927883,6,0.328,-0.047,9.44,1.5
1424830743828,37.490583,139.927883,6,0.324,-0.047,9.433,1.5
1424830743929,37.490583,139.927883,6,0.315,-0.055,9.444,1.5
1424830744029,37.490583,139.927883,6,0.318,-0.058,9.441,1.5
1424830744125,37.490583,139.927883,6,0.317,-0.046,9.462,1.5
1424830744226,37.490583,139.927883,6,0.315,-0.042,9.463,1.5
1424830744327,37.490583,139.927883,6,0.326,-0.032,9.475,1.5
1424830744427,37.490583,139.927883,6,0.322,-0.044,9.478,1.5
1424830744528,37.490583,139.927883,6,0.323,-0.042,9.472,1.5
1424830744629,37.490583,139.927883,6,0.323,-0.038,9.47,1.5
1424830744729,37.490583,139.927883,6,0.324,-0.04,9.446,1.5
1424830744825,37.490583,139.927883,6,0.324,-0.04,9.439,1.5
1424830744926,37.490583,139.927883,6,0.321,-0.045,9.431,1.5
1424830745027,37.490583,139.927883,6,0.319,-0.03,9.453,1.5
1424830745127,37.490583,139.927883,6,0.319,-0.026,9.462,1.5
1424830745228,37.490583,139.927883,6,0.331,-0.03,9.469,1.5
1424830745329,37.490583,139.927883,6,0.326,-0.04,9.481,1.5
1424830745429,37.490583,139.927883,6,0.33,-0.035,9.477,1.5
1424830745525,37.490583,139.927883,6,0.321,-0.026,9.495,1.5
1424830745626,37.490583,139.927883,6,0.321,-0.033,9.467,1.5
1424830745726,37.490583,139.927883,6,0.317,-0.036,9.458,1.5
1424830745827,37.490583,139.927883,6,0.319,-0.044,9.447,1.5
1424830745928,37.490583,139.927883,6,0.325,-0.027,9.459,1.5
1424830746029,37.490583,139.927883,6,0.326,-0.024,9.461,1.5
1424830746129,37.490583,139.927883,6,0.333,-0.034,9.427,1.5
1424830746230,37.490583,139.927883,6,0.321,-0.036,9.452,1.5
1424830746326,37.490583,139.927883,6,0.324,-0.029,9.467,1.5
1424830746425,37.490583,139.927883,6,0.316,-0.015,9.48,1.5
1424830746527,37.490583,139.927883,6,0.321,-0.026,9.46,1.5
1424830746626,37.490583,139.927883,6,0.323,-0.03,9.452,1.5
1424830746728,37.490583,139.927883,6,0.313,-0.038,9.455,1.5
1424830746827,37.490583,139.927883,6,0.319,-0.023,9.469,1.5
1424830746925,37.490583,139.927883,6,0.327,-0.023,9.464,1.5
1424830747026,37.490583,139.927883,6,0.331,-0.031,9.445,1.5
1424830747126,37.490583,139.927883,6,0.319,-0.036,9.463,1.5
1424830747227,37.490583,139.927883,6,0.325,-0.029,9.466,1.5
1424830747328,37.490583,139.927883,6,0.319,-0.026,9.458,1.5
1424830747428,37.490583,139.927883,6,0.324,-0.032,9.444,1.5
1424830747529,37.490583,139.927883,6,0.316,-0.037,9.451,1.5
1424830747625,37.490583,139.927883,6,0.315,-0.037,9.459,1.5
1424830747725,37.490583,139.927883,6,0.324,-0.021,9.464,1.5
1424830747826,37.490583,139.927883,6,0.331,-0.022,9.461,1.5
1424830747927,37.490583,139.927883,6,0.324,-0.037,9.44,1.5
1424830748028,37.490583,139.927883,6,0.318,-0.033,9.461,1.5
1424830748128,37.490583,139.927883,6,0.317,-0.032,9.463,1.5
1424830748229,37.490583,139.927883,6,0.322,-0.025,9.463,1.5
1424830748325,37.490583,139.927883,6,0.327,-0.035,9.455,1.5
1424830748425,37.490583,139.927883,6,0.319,-0.043,9.46,1.5
1424830748526,37.490583,139.927883,6,0.321,-0.041,9.481,1.5
1424830748627,37.490583,139.927883,6,0.329,-0.031,9.465,1.5
1424830748728,37.490583,139.927883,6,0.335,-0.034,9.466,1.5
1424830748828,37.490583,139.927883,6,0.329,-0.053,9.454,1.5
1424830748929,37.490583,139.927883,6,0.324,-0.045,9.465,1.5
1424830749025,37.490583,139.927883,6,0.323,-0.042,9.46,1.5
1424830749125,37.490583,139.927883,6,0.336,-0.045,9.438,1.5
1424830749226,37.490583,139.927883,6,0.339,-0.052,9.444,1.5
1424830749327,37.490583,139.927883,6,0.325,-0.056,9.45,1.5
1424830749427,37.490583,139.927883,6,0.322,-0.05,9.457,1.5
1424830749528,37.490583,139.927883,6,0.333,-0.041,9.447,1.5
1424830749629,37.490583,139.927883,6,0.322,-0.052,9.45,1.5
1424830749729,37.490583,139.927883,6,0.323,-0.057,9.456,1.5
1424830749825,37.490583,139.927883,6,0.325,-0.047,9.467,1.5
1424830749926,37.490583,139.927883,6,0.324,-0.046,9.454,1.5
1424830750027,37.490583,139.927883,6,0.328,-0.047,9.462,1.5
1424830750127,37.490583,139.927883,6,0.327,-0.058,9.46,1.5
1424830750228,37.490583,139.927883,6,0.315,-0.055,9.463,1.5
1424830750329,37.490583,139.927883,6,0.315,-0.061,9.44,1.5
1424830750429,37.490583,139.927883,6,0.324,-0.053,9.439,1.5
1424830750525,37.490583,139.927883,6,0.316,-0.06,9.449,1.5
1424830750626,37.490583,139.927883,6,0.317,-0.066,9.457,1.5
1424830750726,37.490583,139.927883,6,0.321,-0.051,9.466,1.5
1424830750827,37.490583,139.927883,6,0.324,-0.047,9.47,1.5
1424830750928,37.490583,139.927883,6,0.312,-0.046,9.474,1.5
1424830751029,37.490583,139.927883,6,0.312,-0.057,9.467,1.5
1424830751129,37.490583,139.927883,6,0.313,-0.047,9.471,1.5
1424830751225,37.490583,139.927883,6,0.327,-0.039,9.459,1.5
1424830751326,37.490583,139.927883,6,0.333,-0.051,9.449,1.5
1424830751427,37.490583,139.927883,6,0.321,-0.054,9.458,1.5
1424830751527,37.490583,139.927883,6,0.328,-0.044,9.486,1.5
1424830751628,37.490583,139.927883,6,0.33,-0.034,9.476,1.5
1424830751729,37.490583,139.927883,6,0.334,-0.047,9.453,1.5
1424830751829,37.490583,139.927883,6,0.323,-0.053,9.445,1.5
1424830751925,37.490583,139.927883,6,0.316,-0.056,9.457,1.5
1424830752026,37.490583,139.927883,6,0.316,-0.043,9.47,1.5
1424830752126,37.490583,139.927883,6,0.336,-0.05,9.44,1.5
1424830752227,37.490583,139.927883,6,0.33,-0.065,9.435,1.5
1424830752328,37.490583,139.927883,6,0.325,-0.058,9.46,1.5
1424830752428,37.490583,139.927883,6,0.321,-0.046,9.475,1.5
1424830752529,37.490583,139.927883,6,0.325,-0.039,9.461,1.5
1424830752625,37.490583,139.927883,6,0.327,-0.053,9.449,1.5
1424830752726,37.490583,139.927883,6,0.324,-0.049,9.47,1.5
1424830752826,37.490583,139.927883,6,0.319,-0.038,9.462,1.5
1424830752927,37.490583,139.927883,6,0.32,-0.043,9.468,1.5
1424830753028,37.490583,139.927883,6,0.329,-0.054,9.446,1.5
1424830753128,37.490583,139.927883,6,0.318,-0.057,9.458,1.5
1424830753229,37.490583,139.927883,6,0.32,-0.046,9.471,1.5
1424830753325,37.490583,139.927883,6,0.324,-0.042,9.462,1.5
1424830753426,37.490583,139.927883,6,0.323,-0.054,9.451,1.5
1424830753526,37.490583,139.927883,5,0.323,-0.056,9.453,1.5
1424830753627,37.490583,139.927883,5,0.321,-0.049,9.47,1.5
1424830753728,37.490583,139.927883,5,0.319,-0.043,9.449,1.5
1424830753828,37.490583,139.927883,5,0.32,-0.044,9.449,1.5
1424830753929,37.490583,139.927883,5,0.318,-0.051,9.433,1.5
1424830754025,37.490583,139.927883,5,0.319,-0.045,9.45,1.5
1424830754125,37.490583,139.927883,5,0.322,-0.041,9.444,1.5
1424830754226,37.490583,139.927883,5,0.33,-0.038,9.455,1.5
1424830754327,37.490583,139.927883,5,0.324,-0.052,9.459,1.5
1424830754428,37.490583,139.927883,5,0.321,-0.049,9.461,1.5
1424830754528,37.490583,139.927883,6,0.325,-0.044,9.479,1.5
1424830754629,37.490583,139.927883,6,0.328,-0.046,9.446,1.5
1424830754725,37.490583,139.927883,6,0.329,-0.043,9.469,1.5
1424830754825,37.490583,139.927883,6,0.327,-0.055,9.457,1.5
1424830754926,37.490583,139.927883,6,0.326,-0.042,9.464,1.5
1424830755027,37.490583,139.927883,6,0.329,-0.044,9.446,1.5
1424830755128,37.490583,139.927883,6,0.341,-0.051,9.433,1.5
1424830755228,37.490583,139.927883,6,0.328,-0.056,9.445,1.5
1424830755329,37.490583,139.927883,6,0.328,-0.052,9.445,1.5
1424830755425,37.490583,139.927883,6,0.322,-0.041,9.448,1.5
1424830755525,37.490583,139.927883,7,0.32,-0.051,9.432,1.5
1424830755626,37.490583,139.927883,7,0.325,-0.049,9.467,1.5
1424830755727,37.490583,139.927883,7,0.322,-0.057,9.45,1.5
1424830755827,37.490583,139.927883,7,0.33,-0.045,9.455,1.5
1424830755928,37.490583,139.927883,7,0.33,-0.051,9.443,1.5
1424830756029,37.490584,139.927883,7,0.327,-0.052,9.463,1.5
1424830756129,37.490584,139.927883,7,0.318,-0.049,9.48,1.5
1424830756225,37.490584,139.927883,7,0.332,-0.053,9.456,1.5
1424830756326,37.490584,139.927883,7,0.324,-0.049,9.452,1.5
1424830756427,37.490584,139.927883,7,0.319,-0.06,9.457,1.5
1424830756527,37.490584,139.927883,7,0.324,-0.048,9.478,1.5
1424830756628,37.490584,139.927883,7,0.317,-0.038,9.47,1.5
1424830756729,37.490584,139.927883,7,0.322,-0.042,9.459,1.5
1424830756830,37.490584,139.927883,7,0.321,-0.048,9.451,1.5
1424830756925,37.490584,139.927883,7,0.324,-0.036,9.465,1.5
1424830757026,37.490584,139.927883,7,0.321,-0.033,9.459,1.5
1424830757127,37.490584,139.927883,7,0.331,-0.039,9.452,1.5
1424830757227,37.490584,139.927883,7,0.322,-0.051,9.433,1.5
1424830757328,37.490584,139.927883,7,0.317,-0.055,9.455,1.5
1424830757429,37.490584,139.927883,7,0.321,-0.042,9.461,1.5
1424830757529,37.490584,139.927883,7,0.329,-0.035,9.465,1.5
1424830757625,37.490584,139.927883,7,0.321,-0.047,9.468,1.5
1424830757726,37.490584,139.927883,7,0.321,-0.052,9.464,1.5
1424830757826,37.490584,139.927883,7,0.321,-0.046,9.472,1.5
1424830757927,37.490584,139.927883,7,0.327,-0.044,9.444,1.5
1424830758028,37.490584,139.927883,7,0.316,-0.051,9.453,1.5
1424830758129,37.490584,139.927883,7,0.317,-0.046,9.465,1.5
1424830758229,37.490584,139.927883,7,0.33,-0.029,9.47,1.5
1424830758325,37.490584,139.927883,7,0.331,-0.04,9.455,1.5
1424830758426,37.490584,139.927883,7,0.332,-0.044,9.465,1.5
1424830758526,37.490584,139.927883,8,0.32,-0.042,9.481,1.5
1424830758627,37.490584,139.927883,8,0.324,-0.039,9.47,1.5
1424830758728,37.490584,139.927883,8,0.333,-0.051,9.443,1.5
1424830758828,37.490584,139.927883,8,0.329,-0.063,9.443,1.5
1424830758929,37.490584,139.927883,8,0.327,-0.046,9.464,1.5
1424830759025,37.490584,139.927883,8,0.328,-0.044,9.455,1.5
1424830759126,37.490584,139.927883,8,0.326,-0.049,9.446,1.5
1424830759226,37.490584,139.927883,8,0.324,-0.053,9.443,1.5
1424830759327,37.490584,139.927883,8,0.32,-0.05,9.467,1.5
1424830759428,37.490584,139.927883,8,0.326,-0.04,9.457,1.5
1424830759528,37.490584,139.927883,8,0.328,-0.045,9.449,1.5
1424830759629,37.490584,139.927883,8,0.323,-0.057,9.443,1.5
1424830759725,37.490584,139.927883,8,0.323,-0.053,9.464,1.5
1424830759825,37.490584,139.927883,8,0.32,-0.045,9.463,1.5
1424830759926,37.490584,139.927883,8,0.323,-0.05,9.451,1.5
1424830760027,37.490584,139.927883,8,0.323,-0.063,9.461,1.5
1424830760128,37.490584,139.927883,8,0.325,-0.06,9.461,1.5
1424830760228,37.490584,139.927883,8,0.317,-0.04,9.466,1.5
1424830760329,37.490584,139.927883,8,0.33,-0.037,9.452,1.5
1424830760425,37.490584,139.927883,8,0.341,-0.051,9.469,1.5
1424830760531,37.490584,139.927883,8,0.33,-0.071,9.411,1.5
1424830760626,37.490584,139.927883,8,0.332,-0.062,9.421,1.5
1424830760725,37.490584,139.927883,8,0.33,-0.049,9.44,1.5
1424830760828,37.490584,139.927883,8,0.325,-0.046,9.43,1.5
1424830760927,37.490584,139.927883,8,0.316,-0.06,9.458,1.5
1424830761029,37.490584,139.927883,8,0.342,-0.059,9.45,1.5
1424830761125,37.490584,139.927883,8,0.351,-0.048,9.459,1.5
1424830761225,37.490584,139.927883,8,0.349,-0.052,9.459,1.5
1424830761326,37.490584,139.927883,8,0.321,-0.052,9.46,1.5
1424830761427,37.490584,139.927883,8,0.303,-0.052,9.47,1.5
1424830761528,37.490584,139.927883,8,0.31,-0.057,9.465,1.5
1424830761628,37.490584,139.927883,8,0.319,-0.06,9.441,1.5
1424830761729,37.490584,139.927883,8,0.325,-0.059,9.451,1.5
1424830761825,37.490584,139.927883,8,0.334,-0.042,9.452,1.5
1424830761925,37.490584,139.927883,8,0.324,-0.026,9.474,1.5
1424830762026,37.490584,139.927883,8,0.314,-0.014,9.478,1.5
1424830762127,37.490584,139.927883,8,0.322,-0.007,9.458,1.5
1424830762227,37.490584,139.927883,8,0.332,-0.025,9.45,1.5
1424830775224,37.490744,139.927272,6,0.331,-0.025,9.446,7.103
1424830775227,37.490744,139.927271,6,0.328,-0.022,9.446,7.103
1424830775330,37.490745,139.927263,6,0.436,-0.074,9.381,7.13
1424830775425,37.490747,139.927256,6,0.516,-0.074,9.378,7.154
1424830775526,37.490747,139.927248,6,0.383,0.057,9.223,7.16
1424830775627,37.490748,139.92724,6,0.308,0.012,9.433,7.16
1424830775727,37.490748,139.927233,6,0.187,-0.059,9.729,7.16
1424830775828,37.490748,139.927225,6,0.058,-0.022,9.61,7.16
1424830775929,37.490748,139.927217,6,-0.013,0.109,9.353,7.16
1424830776029,37.490749,139.927209,6,-0.045,0.013,9.475,7.16
1424830776125,37.490749,139.927202,6,-0.046,0.116,9.491,7.16
1424830776226,37.490749,139.927194,6,-0.03,0.254,9.357,7.16
1424830776327,37.49075,139.927186,6,0.04,0.219,9.531,7.16
1424830776427,37.49075,139.927179,6,0.073,0.079,9.614,7.16
1424830776528,37.490751,139.927171,6,0.087,0.164,9.352,7.16
1424830776629,37.490751,139.927163,6,0.039,0.271,9.08,7.16
1424830776729,37.490752,139.927156,6,0.101,-0.041,9.538,7.16
1424830776825,37.490753,139.927148,6,0.071,-0.221,10.055,7.16
1424830776926,37.490753,139.92714,6,-0.019,-0.08,9.892,7.16
1424830777026,37.490754,139.927133,6,-0.019,0.19,9.027,7.16
1424830777127,37.490755,139.927125,6,-0.072,0.03,9.286,7.16
1424830777228,37.490755,139.927117,6,-0.155,-0.029,9.635,7.16
1424830777329,37.490756,139.927109,6,-0.115,0.106,9.661,7.16
1424830777429,37.490757,139.927102,6,-0.094,0.294,9.31,7.16
1424830777525,37.490759,139.927094,6,-0.153,0.392,8.477,7.141
1424830777626,37.490761,139.927086,6,-0.178,0.248,8.584,7.115
1424830777726,37.490763,139.927078,6,-0.134,0.077,9.347,7.09
1424830777827,37.490765,139.927071,6,-0.079,-0.231,10.045,7.065
1424830777928,37.490767,139.927063,6,-0.135,-0.148,9.569,7.039
1424830778029,37.490769,139.927055,6,-0.073,-0.081,8.736,7.014
1424830778129,37.490771,139.927047,6,0.041,-0.211,9.148,6.989
1424830778225,37.490773,139.92704,6,0.001,-0.159,9.396,6.965
1424830778326,37.490775,139.927032,6,-0.056,0.034,9.546,6.941
1424830778426,37.490778,139.927025,6,-0.051,0.248,9.333,6.916
1424830778527,37.490779,139.927017,6,-0.105,0.014,9.098,6.929
1424830778628,37.490779,139.927009,6,-0.016,-0.069,9.396,6.954
1424830778728,37.49078,139.927002,6,0.036,-0.079,9.524,6.979
1424830778829,37.490781,139.926994,6,-0.033,0.043,9.392,7.004
1424830778925,37.490782,139.926986,6,-0.045,0.06,9.481,7.028
1424830779026,37.490783,139.926978,6,0.021,0.042,9.424,7.053
1424830779126,37.490783,139.926971,6,0.068,0.082,9.357,7.078
1424830779227,37.490784,139.926963,6,0.129,0.162,9.285,7.103
1424830779328,37.490785,139.926955,6,0.259,0.18,9.222,7.129
1424830779428,37.490786,139.926947,6,0.208,0.067,9.582,7.154
1424830779529,37.490787,139.926939,6,0.108,-0.045,9.956,7.179
1424830779625,37.490789,139.926931,6,-0.123,0.076,9.516,7.201
1424830779725,37.49079,139.926923,6,-0.011,-0.001,9.55,7.225
1424830779826,37.490792,139.926915,6,0.139,0.067,9.398,7.249
1424830779927,37.490793,139.926907,6,0.387,0.106,9.313,7.273
1424830780027,37.490795,139.926899,6,0.353,0.176,9.43,7.298
1424830780128,37.490796,139.92689,6,0.219,0.138,9.444,7.322
1424830780229,37.490798,139.926882,6,0.027,0.251,9.362,7.346
1424830780325,37.490799,139.926874,6,0.098,0.215,9.241,7.37
1424830780425,37.490801,139.926866,6,0.184,0.125,9.216,7.394
1424830780526,37.490803,139.926858,6,0.286,-0.108,9.893,7.419
1424830780627,37.490804,139.92685,6,0.17,-0.149,9.998,7.444
1424830780727,37.490806,139.926842,6,0.029,-0.008,9.428,7.468
1424830780828,37.490808,139.926834,6,-0.112,0.172,9.017,7.494
1424830780929,37.490811,139.926826,6,-0.232,0.156,9.307,7.519
1424830781025,37.490812,139.926818,6,-0.231,0.235,9.653,7.543
1424830781125,37.490814,139.92681,6,-0.175,0.289,9.595,7.568
1424830781226,37.490816,139.926801,6,-0.133,0.081,9.613,7.593
1424830781327,37.490819,139.926793,6,-0.178,-0.07,9.546,7.619
1424830781427,37.490821,139.926785,6,-0.169,0.065,9.312,7.644
1424830781528,37.490822,139.926776,6,-0.11,0.115,9.35,7.668
1424830781629,37.490824,139.926767,6,-0.092,0.067,9.582,7.692
1424830781725,37.490826,139.926758,6,-0.155,0.095,9.514,7.715
1424830781825,37.490828,139.926749,6,-0.225,0.08,9.369,7.739
1424830781926,37.490829,139.92674,6,-0.202,-0.038,9.474,7.763
1424830782027,37.490831,139.92673,6,-0.19,-0.014,9.488,7.788
1424830782127,37.490833,139.926721,6,-0.145,-0.007,9.503,7.812
1424830782228,37.490835,139.926712,6,-0.196,-0.019,9.353,7.836
1424830782329,37.490837,139.926702,6,-0.216,-0.011,9.366,7.861
1424830782429,37.490839,139.926693,6,-0.182,-0.071,9.64,7.885
1424830782525,37.49084,139.926684,6,-0.138,-0.1,9.607,7.908
1424830782626,37.490841,139.926675,6,-0.094,-0.068,9.45,7.933
1424830782727,37.490841,139.926666,6,-0.14,0.015,9.224,7.958
1424830782827,37.490842,139.926657,6,-0.058,0.014,9.248,7.983
1424830782928,37.490843,139.926647,6,-0.017,-0.024,9.516,8.009
1424830783029,37.490844,139.926638,6,-0.076,-0.129,9.672,8.034
1424830783129,37.490845,139.926629,6,-0.07,-0.107,9.345,8.059
1424830783225,37.490846,139.92662,6,-0.119,-0.099,9.193,8.083
1424830783326,37.490847,139.926611,6,-0.08,-0.104,9.316,8.109
1424830783426,37.490848,139.926601,6,-0.114,-0.135,9.582,8.134
1424830783527,37.490849,139.926592,7,-0.18,-0.049,9.429,8.14
1424830783628,37.490851,139.926582,7,-0.111,-0.129,9.379,8.14
1424830783729,37.490852,139.926572,7,-0.12,-0.16,9.295,8.14
1424830783829,37.490854,139.926563,7,-0.205,-0.003,9.121,8.14
1424830783925,37.490856,139.926553,7,-0.273,0.061,9.272,8.14
1424830784026,37.490857,139.926544,7,-0.355,0.024,9.169,8.14
1424830784126,37.490859,139.926534,7,-0.023,-0.399,10.028,8.14
1424830784227,37.49086,139.926524,7,0.301,-0.629,10.492,8.14
1424830784328,37.490862,139.926515,7,0.128,-0.312,9.404,8.14
1424830784428,37.490864,139.926505,7,0.342,0.084,8.726,8.14
1424830784529,37.490864,139.926496,7,0.621,-0.118,9.543,8.159
1424830784625,37.490863,139.926487,7,0.783,-0.029,10.501,8.183
1424830784726,37.490863,139.926478,7,0.992,0.093,9.77,8.208
1424830784826,37.490863,139.926468,7,1.009,-0.057,8.823,8.233
1424830784927,37.490862,139.926459,7,0.852,-0.064,9.046,8.258
1424830785028,37.490862,139.92645,7,0.809,0.003,9.801,8.284
1424830785128,37.490861,139.92644,7,0.69,0.125,9.727,8.309
1424830785229,37.490861,139.926431,7,0.406,-0.026,9.217,8.334
1424830785325,37.490861,139.926422,7,0.317,-0.172,9.456,8.358
1424830785425,37.49086,139.926412,7,0.062,-0.097,9.562,8.384
1424830785526,37.490858,139.926403,8,-0.094,0.107,9.382,8.39
1424830785627,37.490856,139.926394,8,0.038,0.049,9.518,8.39
1424830785728,37.490854,139.926385,8,0.352,-0.138,9.808,8.39
1424830785828,37.490852,139.926376,8,0.383,0.023,9.38,8.39
1424830785929,37.49085,139.926367,8,0.532,0.091,9.144,8.39
1424830786025,37.490848,139.926358,8,0.68,-0.009,9.452,8.39
1424830786125,37.490847,139.926349,8,0.859,0.01,9.532,8.39
1424830786226,37.490844,139.92634,8,1.01,-0.053,9.348,8.39
1424830786327,37.490842,139.926331,8,1.02,-0.169,9.332,8.39
1424830786428,37.49084,139.926322,8,0.873,-0.127,9.226,8.39
1424830786528,37.490838,139.926312,9,0.812,-0.061,9.254,8.39
1424830786629,37.490835,139.926302,9,0.801,-0.133,9.353,8.39
1424830786725,37.490832,139.926293,9,0.771,-0.093,9.222,8.39
1424830786825,37.490829,139.926283,9,0.46,-0.26,9.71,8.39
1424830786926,37.490826,139.926273,9,0.174,-0.377,9.721,8.39
1424830787027,37.490823,139.926263,9,0.077,-0.217,9.393,8.39
1424830787127,37.49082,139.926253,9,-0.057,-0.263,9.595,8.39
1424830787228,37.490817,139.926243,9,0.022,-0.256,9.672,8.39
1424830787329,37.490815,139.926233,9,0.084,-0.071,9.433,8.39
1424830787425,37.490812,139.926223,9,0.091,-0.096,9.462,8.39
1424830787525,37.490809,139.926214,9,0.128,-0.114,9.358,8.39
1424830787626,37.490807,139.926206,9,0.15,0.003,9.226,8.39
1424830787727,37.490805,139.926197,9,0.068,-0.117,9.597,8.39
1424830787827,37.490803,139.926188,9,0.114,-0.361,9.798,8.39
1424830787928,37.490801,139.926179,9,0.069,-0.328,9.692,8.39
1424830788029,37.490799,139.92617,9,0.066,-0.209,9.364,8.39
1424830788130,37.490797,139.926161,9,0.078,-0.17,9.257,8.39
1424830788225,37.490795,139.926153,9,0.085,-0.108,9.461,8.39
1424830788326,37.490793,139.926144,9,-0.085,-0.07,9.552,8.39
1424830788427,37.490791,139.926135,9,-0.157,-0.128,9.496,8.39
1424830788527,37.490792,139.926126,7,-0.204,-0.256,9.524,8.37
1424830788628,37.490793,139.926117,7,-0.204,-0.205,9.341,8.345
1424830788729,37.490794,139.926108,7,-0.098,-0.181,9.258,8.319
1424830788829,37.490796,139.926099,7,0.02,-0.186,9.212,8.294
1424830788930,37.490797,139.926089,7,0.163,-0.285,9.484,8.269
1424830789026,37.490798,139.926081,7,-0.027,-0.291,9.378,8.245
1424830789125,37.490799,139.926072,7,-0.28,-0.215,9.377,8.22
1424830789227,37.4908,139.926063,7,-0.402,-0.572,10.012,8.195
1424830789326,37.490802,139.926054,7,-0.246,-0.517,9.877,8.171
1424830789429,37.490803,139.926045,7,-0.136,-0.295,9.208,8.145
1424830789528,37.490803,139.926036,5,-0.148,-0.314,9.229,8.12
1424830789625,37.490804,139.926028,5,-0.122,-0.235,9.429,8.096
1424830789726,37.490805,139.92602,5,-0.16,-0.176,9.854,8.07
1424830789826,37.490805,139.926011,5,-0.257,-0.27,9.616,8.045
1424830789927,37.490806,139.926003,5,-0.057,-0.269,9.039,8.02
1424830790028,37.490806,139.925994,5,0.171,-0.339,9.265,7.995
1424830790129,37.490807,139.925986,5,0.2,-0.415,9.658,7.969
1424830790229,37.490808,139.925977,5,0.167,-0.356,9.588,7.945
1424830790325,37.490808,139.925969,5,0.126,-0.352,9.472,7.921
1424830790426,37.490809,139.925961,5,0.123,-0.343,9.314,7.896
1424830790526,37.49081,139.925952,5,0.077,-0.342,9.484,7.871
1424830790627,37.490811,139.925943,5,0.084,-0.282,9.658,7.847
1424830790728,37.490812,139.925934,5,0.048,-0.288,9.629,7.823
1424830790829,37.490812,139.925925,5,0.01,-0.297,9.497,7.798
1424830790929,37.490813,139.925916,5,0.117,-0.29,9.468,7.774
1424830791025,37.490814,139.925907,5,0.202,-0.153,9.325,7.751
1424830791126,37.490815,139.925898,5,0.189,-0.131,9.417,7.727
1424830791226,37.490816,139.925889,5,0.254,-0.211,9.609,7.703
1424830791327,37.490817,139.92588,5,0.314,-0.197,9.542,7.679
1424830791428,37.490818,139.925871,5,0.204,-0.12,9.376,7.655
1424830791528,37.490819,139.925862,5,0.204,-0.078,9.254,7.65
1424830791629,37.49082,139.925854,5,0.197,-0.072,9.497,7.65
1424830791725,37.490821,139.925845,5,0.043,-0.1,9.669,7.65
1424830791825,37.490822,139.925837,5,-0.046,-0.143,9.561,7.65
1424830791926,37.490823,139.925828,5,-0.041,-0.065,9.23,7.65
1424830792027,37.490824,139.925819,5,-0.111,-0.038,9.362,7.65
1424830792128,37.490825,139.925811,5,-0.14,-0.076,9.629,7.65
1424830792228,37.490826,139.925802,5,-0.039,-0.041,9.581,7.65
1424830792329,37.490827,139.925793,5,-0.03,0.067,9.147,7.65
1424830792425,37.490828,139.925785,5,0.113,0.065,8.979,7.65
1424830792525,37.490829,139.925777,5,0.029,0.049,9.202,7.668
1424830792626,37.49083,139.925769,5,-0.111,-0.138,9.757,7.692
1424830792727,37.490831,139.92576,5,-0.123,-0.269,9.731,7.716
1424830792827,37.490832,139.925752,5,-0.198,-0.216,9.506,7.74
1424830792928,37.490833,139.925744,5,-0.237,-0.022,8.897,7.764
1424830793029,37.490834,139.925735,5,-0.112,-0.01,9.037,7.788
1424830793125,37.490835,139.925727,5,-0.057,-0.044,9.796,7.811
1424830793225,37.490837,139.925719,5,0.046,-0.038,9.854,7.835
1424830793326,37.490838,139.92571,5,-0.038,0.114,9.267,7.86
1424830793427,37.490839,139.925702,5,-0.01,0.146,8.67,7.884
1424830793527,37.49084,139.925693,5,0.107,-0.167,9.609,7.89
1424830793628,37.490841,139.925684,5,0.221,-0.312,10.334,7.89
1424830793729,37.490842,139.925675,5,0.27,-0.202,10.004,7.89
1424830793825,37.490843,139.925666,5,0.307,-0.058,9.192,7.89
1424830793925,37.490845,139.925657,5,0.338,0.041,8.704,7.89
1424830794026,37.490846,139.925648,5,0.046,0.173,9.26,7.89
1424830794127,37.490847,139.925638,5,-0.054,0.181,9.961,7.89
1424830794227,37.490848,139.925629,5,-0.246,0.151,9.787,7.89
1424830794328,37.49085,139.92562,5,-0.308,-0.035,9.378,7.89
1424830794429,37.490851,139.925611,5,-0.279,-0.093,9.265,7.89
1424830794530,37.490852,139.925603,5,-0.225,-0.048,9.389,7.89
1424830794625,37.490853,139.925595,5,-0.144,0.024,9.637,7.89
1424830794726,37.490855,139.925587,5,-0.232,0.097,9.443,7.89
1424830794827,37.490856,139.925578,5,-0.231,0.051,9.374,7.89
1424830794927,37.490857,139.92557,5,-0.18,-0.057,9.505,7.89
1424830795028,37.490859,139.925562,5,-0.142,-0.161,9.742,7.89
1424830795129,37.49086,139.925554,5,-0.184,0.056,9.36,7.89
1424830795225,37.490861,139.925546,5,-0.129,0.094,9.22,7.89
1424830795326,37.490862,139.925538,5,-0.178,0.108,9.369,7.89
1424830795426,37.490864,139.92553,5,-0.144,0.05,9.645,7.89
1424830795526,37.490865,139.925521,5,-0.052,-0.075,9.933,7.89
1424830795627,37.490866,139.925512,5,-0.217,0.112,9.076,7.89
1424830795728,37.490867,139.925503,5,-0.049,0.18,9.084,7.89
1424830795829,37.490868,139.925494,5,0.002,-0.045,9.302,7.89
1424830795929,37.490869,139.925484,5,-0.12,0.074,9.36,7.89
1424830796025,37.49087,139.925476,5,0.054,0.046,9.589,7.89
1424830796126,37.490871,139.925466,5,0.066,-0.118,9.641,7.89
1424830796226,37.490872,139.925457,5,0.034,0.118,9.283,7.89
1424830796327,37.490873,139.925448,5,0.143,0.072,9.308,7.89
1424830796428,37.490874,139.925439,5,0.032,-0.024,9.534,7.89
1424830796529,37.490875,139.92543,5,-0.031,-0.013,9.63,7.909
1424830796629,37.490876,139.925422,5,-0.017,-0.006,9.495,7.934
1424830796725,37.490877,139.925414,5,0.011,-0.057,9.486,7.958
1424830796826,37.490878,139.925405,5,0.002,-0.093,9.493,7.983
1424830796926,37.49088,139.925397,5,0.018,-0.03,9.536,8.008
1424830797027,37.490881,139.925388,5,0.045,0.03,9.393,8.033
1424830797128,37.490882,139.92538,5,0.104,0.029,9.313,8.059
1424830797228,37.490883,139.925371,5,0.093,-0.022,9.485,8.084
1424830797329,37.490885,139.925362,5,0.125,-0.049,9.58,8.109
1424830797425,37.490886,139.925354,5,0.144,-0.026,9.481,8.134
1424830797526,37.490886,139.925345,5,0.128,-0.018,9.335,8.14
1424830797626,37.490885,139.925336,5,0.15,-0.023,9.464,8.14
1424830797727,37.490885,139.925327,5,0.168,-0.032,9.538,8.14
1424830797828,37.490884,139.925318,5,0.123,0.004,9.435,8.14
1424830797928,37.490884,139.925309,5,0.061,0.036,9.105,8.14
1424830798029,37.490883,139.9253,5,-0.015,-0.053,9.232,8.14
1424830798125,37.490883,139.925291,5,0.004,-0.281,9.746,8.14
1424830798226,37.490882,139.925282,5,0.194,-0.182,9.609,8.14
1424830798326,37.490882,139.925273,5,0.169,0.042,8.95,8.14
1424830798427,37.490881,139.925264,5,0.092,-0.084,9.25,8.14
1424830798528,37.490882,139.925255,5,0.096,-0.188,9.701,8.14
1424830798628,37.490884,139.925247,5,0.058,-0.094,9.625,8.14
1424830798729,37.490885,139.925239,5,-0.055,-0.028,9.337,8.14
1424830798825,37.490887,139.92523,5,-0.101,-0.207,9.24,8.14
1424830798925,37.490888,139.925222,5,0.025,-0.212,9.49,8.14
1424830799026,37.49089,139.925214,5,-0.044,-0.201,9.712,8.14
1424830799127,37.490891,139.925205,5,-0.168,-0.166,9.487,8.14
1424830799228,37.490893,139.925197,5,-0.22,-0.185,9.328,8.14
1424830799328,37.490894,139.925188,5,-0.239,-0.202,9.403,8.14
1424830799429,37.490896,139.92518,5,0.017,-0.128,9.151,8.14
1424830799525,37.490897,139.925171,5,-0.241,-0.281,9.713,8.14
1424830799625,37.490899,139.925162,5,-0.186,-0.232,9.492,8.14
1424830799726,37.490901,139.925153,5,-0.15,-0.176,9.278,8.14
1424830799827,37.490902,139.925144,5,-0.309,-0.178,9.462,8.14
1424830799927,37.490904,139.925135,5,-0.269,-0.353,9.5,8.14
1424830800028,37.490906,139.925126,5,-0.227,-0.435,9.043,8.14
1424830800129,37.490908,139.925117,5,-0.254,-0.342,9.282,8.14
1424830800230,37.490909,139.925108,5,-0.166,-0.445,9.505,8.14
1424830800325,37.490911,139.925099,5,-0.062,-0.425,9.457,8.14
1424830800426,37.490913,139.92509,5,0.065,-0.401,9.495,8.14
1424830800527,37.490914,139.925082,5,-0.115,-0.157,8.887,8.101
1424830800627,37.490915,139.925073,5,-0.142,-0.199,9.225,8.051
1424830800728,37.490917,139.925065,5,-0.061,-0.251,9.584,8.001
1424830800829,37.490918,139.925056,5,-0.072,-0.243,9.414,7.951
1424830800930,37.490919,139.925048,5,-0.066,-0.492,9.672,7.901
1424830801025,37.490921,139.92504,5,-0.063,-0.448,9.046,7.855
1424830801127,37.490922,139.925032,5,0.093,-0.423,9.212,7.805
1424830801227,37.490923,139.925024,5,0.049,-0.532,10.14,7.757
1424830801327,37.490924,139.925016,5,0.146,-0.708,10.239,7.709
1424830801428,37.490926,139.925008,5,0.244,-0.249,9.206,7.66
1424830801529,37.490926,139.925,5,0.008,-0.026,8.568,7.63
1424830801629,37.490927,139.924992,5,-0.083,-0.134,9.312,7.605
1424830801725,37.490928,139.924985,5,0.074,-0.173,10.145,7.58
1424830801826,37.490928,139.924977,5,0.07,-0.068,9.932,7.555
1424830801927,37.490929,139.924969,5,0.184,0.063,9.315,7.53
1424830802027,37.490929,139.924961,5,0.263,-0.213,9.071,7.505
1424830802128,37.49093,139.924954,5,0.245,-0.143,9.512,7.48
1424830802229,37.490931,139.924946,5,0.066,-0.006,9.695,7.455
1424830802329,37.490931,139.924938,5,-0.003,0.049,9.509,7.43
1424830802425,37.490932,139.924931,5,-0.056,-0.071,9.306,7.406
1424830802526,37.490933,139.924923,5,0.062,-0.17,9.429,7.4
1424830802626,37.490934,139.924915,5,0.103,-0.141,9.394,7.4
1424830802727,37.490936,139.924907,5,0.031,-0.008,9.022,7.4
1424830802828,37.490937,139.924898,5,0.029,-0.153,9.452,7.4
1424830802929,37.490938,139.92489,5,0.163,-0.33,9.535,7.4
1424830803029,37.49094,139.924882,5,0.004,-0.271,9.542,7.4
1424830803125,37.490941,139.924874,5,-0.124,-0.333,9.729,7.4
1424830803231,37.490942,139.924866,5,-0.118,-0.431,9.74,7.4
1424830803326,37.490943,139.924858,5,-0.1,-0.198,9.231,7.4
1424830803425,37.490945,139.92485,5,-0.097,0.046,8.882,7.4
1424830803528,37.490946,139.924842,5,0.061,-0.042,9.316,7.381
1424830803627,37.490947,139.924834,5,0.071,-0.2,9.812,7.357
1424830803729,37.490949,139.924826,5,-0.076,-0.183,9.631,7.332
1424830803825,37.49095,139.924819,5,-0.043,-0.143,9.355,7.309
1424830803926,37.490951,139.924811,5,0.091,-0.226,9.068,7.285
1424830804026,37.490953,139.924803,5,-0.038,-0.279,8.96,7.261
1424830804127,37.490954,139.924796,5,0.087,-0.377,9.878,7.237
1424830804228,37.490955,139.924788,5,0.186,-0.435,10.059,7.213
1424830804328,37.490956,139.92478,5,0.214,-0.281,9.363,7.189
1424830804429,37.490958,139.924773,5,0.008,-0.118,8.761,7.165
1424830804525,37.490959,139.924765,5,-0.002,-0.362,9.298,7.141
1424830804625,37.49096,139.924757,5,-0.036,-0.425,9.85,7.116
1424830804726,37.490961,139.924749,5,-0.174,-0.157,9.704,7.09
1424830804827,37.490962,139.924742,5,-0.19,-0.237,9.601,7.065
1424830804928,37.490963,139.924734,5,-0.077,-0.481,9.4,7.039
1424830805028,37.490964,139.924726,5,0.054,-0.434,9.409,7.014
1424830805129,37.490966,139.924718,5,-0.055,-0.218,9.426,6.989
1424830805225,37.490967,139.924711,5,-0.094,-0.245,9.637,6.965
1424830805325,37.490968,139.924703,5,0.0,-0.268,9.295,6.941
1424830805426,37.490969,139.924696,5,-0.003,-0.327,9.553,6.916
1424830805527,37.490971,139.924688,5,0.002,-0.366,9.424,6.891
1424830805628,37.490973,139.924681,5,0.024,-0.264,9.276,6.867
1424830805728,37.490975,139.924673,5,0.017,-0.295,9.302,6.842
1424830805829,37.490977,139.924666,5,-0.028,-0.367,9.517,6.818
1424830805925,37.490979,139.924659,5,-0.031,-0.406,9.566,6.795
1424830806025,37.490981,139.924652,5,-0.056,-0.31,9.445,6.771
1424830806126,37.490983,139.924644,5,-0.113,-0.331,9.349,6.747
1424830806227,37.490985,139.924637,5,-0.162,-0.428,9.498,6.723
1424830806327,37.490987,139.92463,5,-0.039,-0.512,9.762,6.699
1424830806428,37.490989,139.924623,5,-0.117,-0.222,9.21,6.675
1424830806529,37.49099,139.924616,5,-0.185,-0.22,9.107,6.651
1424830806625,37.490991,139.92461,5,-0.173,-0.436,9.539,6.627
1424830806725,37.490993,139.924603,5,-0.133,-0.51,9.709,6.603
1424830806827,37.490994,139.924597,5,-0.264,-0.336,9.444,6.578
1424830806927,37.490995,139.92459,5,-0.076,-0.423,9.462,6.554
1424830807027,37.490997,139.924584,5,-0.118,-0.731,9.441,6.53
1424830807128,37.490998,139.924577,5,-0.164,-0.773,9.455,6.506
1424830807229,37.490999,139.924571,5,-0.102,-0.629,9.452,6.482
1424830807330,37.491,139.924565,5,-0.097,-0.664,9.643,6.458
1424830807425,37.491002,139.924559,5,-0.157,-0.769,9.591,6.436
1424830807526,37.491003,139.924552,5,-0.044,-0.707,9.486,6.391
1424830807627,37.491003,139.924544,5,-0.055,-0.585,9.28,6.34
1424830807727,37.491004,139.924537,5,-0.081,-0.574,9.428,6.29
1424830807828,37.491005,139.92453,5,-0.044,-0.54,9.521,6.24
1424830807929,37.491005,139.924523,5,0.09,-0.453,9.562,6.19
1424830808029,37.491006,139.924516,5,0.016,-0.321,9.398,6.142
1424830808125,37.491007,139.92451,5,0.08,-0.332,9.487,6.095
1424830808226,37.491007,139.924503,5,0.03,-0.332,9.552,6.046
1424830808327,37.491008,139.924496,5,-0.025,-0.19,9.364,5.998
1424830808427,37.491009,139.92449,5,0.109,-0.228,9.474,5.951
1424830808528,37.491011,139.924483,6,0.105,-0.188,9.389,5.921
1424830808629,37.491013,139.924477,6,0.098,-0.009,9.096,5.896
1424830808729,37.491015,139.924471,6,0.19,-0.32,9.893,5.872
1424830808825,37.491017,139.924465,6,0.297,-0.37,10.038,5.849
1424830808926,37.491019,139.924459,6,0.186,-0.243,9.46,5.825
1424830809026,37.491021,139.924453,6,0.066,0.025,8.966,5.801
1424830809127,37.491023,139.924447,6,0.087,-0.05,9.478,5.776
1424830809228,37.491025,139.924441,6,0.089,-0.049,9.2,5.752
1424830809329,37.491028,139.924435,6,0.21,-0.16,9.316,5.729
1424830809429,37.49103,139.924429,6,0.051,-0.124,10.008,5.705
1424830809525,37.491031,139.924423,6,0.061,-0.019,9.997,5.7
1424830809626,37.491031,139.924417,6,0.069,-0.005,9.401,5.7
1424830809727,37.491032,139.924411,6,0.034,-0.019,8.918,5.7
1424830809827,37.491033,139.924405,6,0.013,0.095,9.25,5.7
1424830809928,37.491033,139.924399,6,0.011,0.004,9.484,5.7
1424830810029,37.491034,139.924393,6,0.179,0.139,9.627,5.7
1424830810129,37.491035,139.924387,6,0.016,0.259,9.316,5.7
1424830810225,37.491035,139.924382,6,-0.038,0.173,9.383,5.7
1424830810326,37.491036,139.924375,6,-0.122,-0.004,9.494,5.7
1424830810426,37.491037,139.924369,6,-0.152,-0.002,9.363,5.7
1424830810527,37.491038,139.924363,6,-0.195,0.152,9.171,5.7
1424830810628,37.491039,139.924356,6,-0.213,0.129,9.494,5.7
1424830810728,37.491041,139.92435,6,-0.2,0.078,9.581,5.7
1424830810829,37.491042,139.924343,6,-0.302,-0.023,9.593,5.7
1424830810925,37.491044,139.924337,6,-0.412,-0.1,9.693,5.7
1424830811025,37.491045,139.92433,6,-0.471,0.115,9.404,5.7
1424830811126,37.491046,139.924323,6,-0.48,0.202,9.256,5.7
1424830811227,37.491048,139.924317,6,-0.558,0.193,9.262,5.7
1424830811328,37.491049,139.92431,6,-0.583,0.391,8.941,5.7
1424830811428,37.491051,139.924303,6,-0.404,0.097,9.617,5.7
1424830811529,37.491051,139.924297,6,-0.227,0.067,10.019,5.737
1424830811625,37.49105,139.924291,6,-0.311,0.126,9.776,5.781
1424830811725,37.49105,139.924284,6,-0.231,0.212,9.437,5.828
1424830811826,37.49105,139.924277,6,-0.207,0.232,9.193,5.876
1424830811927,37.49105,139.924271,6,-0.212,0.186,9.105,5.924
1424830812027,37.491049,139.924264,6,-0.178,0.188,9.282,5.972
1424830812128,37.491049,139.924257,6,0.044,0.308,9.949,6.021
1424830812229,37.491049,139.92425,6,0.076,0.441,9.645,6.071
1424830812325,37.491048,139.924244,6,-0.038,0.401,9.254,6.118
1424830812425,37.491048,139.924237,6,-0.084,0.306,8.904,6.168
1424830812526,37.491048,139.92423,5,0.019,0.114,9.592,6.18
1424830812627,37.491049,139.924223,5,0.104,-0.008,9.783,6.18
1424830812728,37.49105,139.924216,5,0.064,0.228,9.49,6.18
1424830812828,37.49105,139.924209,5,0.14,0.156,9.4,6.18
1424830812929,37.491051,139.924202,5,0.163,-0.016,9.437,6.18
1424830813030,37.491051,139.924196,5,0.094,-0.168,9.397,6.18
1424830813125,37.491052,139.924189,5,0.071,-0.04,9.5,6.18
1424830813226,37.491053,139.924182,5,0.143,0.11,9.495,6.18
1424830813327,37.491053,139.924175,5,0.233,0.093,9.332,6.18
1424830813427,37.491054,139.924169,5,0.157,-0.008,9.456,6.18
1424830813528,37.491054,139.924161,4,0.077,-0.038,9.548,6.199
1424830813629,37.491055,139.924154,4,-0.003,0.028,9.424,6.224
1424830813729,37.491055,139.924147,4,-0.016,0.072,9.526,6.249
1424830813825,37.491056,139.92414,4,-0.135,0.007,9.653,6.273
1424830813926,37.491056,139.924133,4,-0.274,-0.055,9.64,6.298
1424830814027,37.491057,139.924126,4,-0.218,0.063,9.355,6.323
1424830814127,37.491057,139.924119,4,-0.179,0.087,9.296,6.348
1424830814228,37.491058,139.924111,4,-0.226,0.083,9.414,6.374
1424830814329,37.491058,139.924104,4,-0.369,0.026,9.61,6.399
1424830814429,37.491059,139.924097,4,-0.368,0.116,9.335,6.425
1424830814525,37.491058,139.92409,6,-0.452,0.117,9.357,6.43
1424830814626,37.491056,139.924082,6,-0.443,0.008,9.381,6.43
1424830814726,37.491054,139.924075,6,-0.467,-0.078,9.585,6.43
1424830814827,37.491052,139.924068,6,-0.361,-0.107,9.573,6.43
1424830814928,37.49105,139.924061,6,-0.349,-0.144,9.584,6.43
1424830815029,37.491048,139.924054,6,-0.333,-0.1,9.402,6.43
1424830815129,37.491046,139.924047,6,-0.301,-0.055,9.394,6.43
1424830815225,37.491044,139.92404,6,-0.227,0.002,9.374,6.43
1424830815326,37.491042,139.924033,6,-0.168,0.053,9.459,6.43
1424830815426,37.49104,139.924026,6,-0.137,0.055,9.595,6.43
1424830815527,37.491041,139.924018,6,-0.139,0.016,9.523,6.448
1424830815628,37.491042,139.924011,6,-0.159,-0.093,9.31,6.472
1424830815728,37.491044,139.924003,6,-0.147,-0.054,9.362,6.496
1424830815829,37.491045,139.923995,6,-0.08,-0.058,9.539,6.52
1424830815925,37.491047,139.923988,6,-0.022,-0.073,9.56,6.543
1424830816026,37.491048,139.92398,6,-0.038,-0.07,9.371,6.567
1424830816126,37.491049,139.923972,6,-0.061,-0.091,9.452,6.591
1424830816227,37.491051,139.923964,6,-0.086,-0.092,9.45,6.616
1424830816328,37.491052,139.923957,6,-0.15,-0.157,9.354,6.64
1424830816428,37.491054,139.923949,6,-0.263,-0.265,9.544,6.665
1424830816529,37.491055,139.923941,4,-0.343,-0.339,9.63,6.651
1424830816625,37.491055,139.923935,4,-0.333,-0.326,9.484,6.627
1424830816726,37.491056,139.923927,4,-0.267,-0.212,9.241,6.603
1424830816826,37.491057,139.92392,4,-0.311,-0.313,9.399,6.579
1424830816927,37.491057,139.923913,4,-0.228,-0.376,9.71,6.554
1424830817028,37.491058,139.923906,4,-0.068,-0.448,9.96,6.53
1424830817128,37.491059,139.923899,4,-0.2,-0.165,9.118,6.506
1424830817229,37.491059,139.923892,4,-0.231,-0.031,8.853,6.482
1424830817330,37.49106,139.923885,4,-0.145,-0.234,9.404,6.458
1424830817425,37.491061,139.923879,4,-0.143,-0.447,10.061,6.436
1424830817525,37.491062,139.923872,3,-0.117,-0.33,9.784,6.411
1424830817627,37.491063,139.923865,3,-0.005,-0.068,9.225,6.385
1424830817726,37.491064,139.923859,3,0.023,-0.175,9.068,6.36
1424830817828,37.491064,139.923852,3,-0.086,-0.287,9.357,6.334
1424830817927,37.491065,139.923845,3,-0.25,-0.107,9.088,6.31
1424830818025,37.491066,139.923839,3,-0.191,-0.097,9.48,6.285
1424830818125,37.491067,139.923832,3,-0.048,-0.225,9.977,6.26
1424830818226,37.491068,139.923826,3,-0.06,-0.282,9.597,6.235
1424830818327,37.491069,139.923819,3,-0.012,-0.231,9.246,6.21
1424830818428,37.49107,139.923812,3,-0.006,-0.144,9.379,6.185
1424830818528,37.491071,139.923806,4,-0.095,-0.144,9.385,6.18
1424830818629,37.491072,139.923799,4,-0.447,-0.033,9.452,6.18
1424830818725,37.491073,139.923792,4,-0.592,0.131,9.574,6.18
1424830818825,37.491075,139.923786,4,-0.65,0.114,9.567,6.18
1424830818926,37.491076,139.923779,4,-0.621,0.042,9.469,6.18
1424830819027,37.491077,139.923772,4,-0.495,0.041,9.421,6.18
1424830819127,37.491078,139.923765,4,-0.422,0.101,9.408,6.18
1424830819228,37.491079,139.923758,4,-0.398,0.027,9.479,6.18
1424830819329,37.491081,139.923751,4,-0.304,0.017,9.413,6.18
1424830819425,37.491082,139.923745,4,-0.368,0.134,9.328,6.18
1424830819525,37.491083,139.923738,4,-0.33,0.127,9.468,6.18
1424830819626,37.491083,139.923732,4,-0.236,-0.072,9.902,6.18
1424830819727,37.491084,139.923725,4,-0.314,0.136,9.359,6.18
1424830819827,37.491085,139.923719,4,-0.278,0.169,9.412,6.18
1424830819928,37.491085,139.923712,4,-0.26,0.081,9.678,6.18
1424830820029,37.491086,139.923706,4,-0.329,0.192,9.36,6.18
1424830820130,37.491087,139.923699,4,-0.426,0.272,9.303,6.18
1424830820225,37.491087,139.923693,4,-0.324,0.239,9.597,6.18
1424830820326,37.491088,139.923687,4,-0.336,0.166,9.495,6.18
1424830820427,37.491089,139.92368,4,-0.258,0.233,9.448,6.18
1424830820527,37.491089,139.923674,4,-0.376,0.338,9.449,6.199
1424830820628,37.491089,139.923667,4,-0.286,0.242,9.301,6.224
1424830820729,37.491089,139.923659,4,-0.352,0.107,9.467,6.249
1424830820829,37.491089,139.923652,4,-0.394,0.134,9.632,6.274
1424830820925,37.491089,139.923646,4,-0.331,0.229,9.404,6.298
1424830821026,37.491089,139.923638,4,-0.268,0.277,9.17,6.323
1424830821126,37.491089,139.923631,4,-0.294,0.111,9.478,6.348
1424830821227,37.491089,139.923624,4,-0.057,0.023,9.601,6.373
1424830821328,37.491089,139.923617,4,0.008,0.212,9.172,6.399
1424830821429,37.491089,139.92361,4,-0.326,-0.084,9.661,6.425
1424830821529,37.491089,139.923602,4,-0.301,-0.143,9.64,6.43
1424830821625,37.49109,139.923595,4,-0.259,0.014,9.248,6.43
1424830821726,37.49109,139.923588,4,-0.223,0.096,9.205,6.43
1424830821826,37.49109,139.923581,4,-0.265,-0.076,9.482,6.43
1424830821927,37.49109,139.923573,4,-0.163,-0.273,9.696,6.43
1424830822028,37.491091,139.923566,4,0.026,-0.206,9.897,6.43
1424830822129,37.491091,139.923558,4,-0.135,-0.112,9.507,6.43
1424830822229,37.491091,139.923551,4,-0.032,-0.111,9.508,6.43
1424830822325,37.491092,139.923544,4,-0.078,-0.065,9.365,6.43
1424830822426,37.491092,139.923537,4,-0.148,0.218,8.845,6.43
1424830822526,37.491093,139.92353,4,-0.106,0.041,9.433,6.43
1424830822627,37.491093,139.923522,4,-0.058,-0.216,10.088,6.43
1424830822728,37.491094,139.923515,4,-0.153,-0.137,9.609,6.43
1424830822829,37.491095,139.923508,4,-0.241,0.119,8.995,6.43
1424830822929,37.491096,139.923501,4,-0.294,-0.018,9.084,6.43
1424830823025,37.491097,139.923494,4,-0.33,-0.271,9.557,6.43
1424830823126,37.491097,139.923486,4,-0.376,-0.204,9.765,6.43
1424830823226,37.491098,139.923479,4,-0.269,0.039,9.628,6.43
1424830823327,37.491099,139.923472,4,-0.071,-0.018,9.317,6.43
1424830823428,37.4911,139.923465,4,-0.192,-0.116,9.401,6.43
1424830823528,37.491101,139.923458,5,-0.386,-0.179,9.539,6.43
1424830823629,37.491103,139.92345,5,-0.398,-0.077,9.537,6.43
1424830823725,37.491104,139.923444,5,-0.312,0.075,9.16,6.43
1424830823826,37.491106,139.923437,5,-0.236,0.041,9.256,6.43
1424830823926,37.491108,139.92343,5,0.063,-0.09,9.585,6.43
1424830824027,37.491109,139.923423,5,0.285,-0.333,9.978,6.43
1424830824128,37.491111,139.923416,5,0.182,-0.04,9.754,6.43
1424830824228,37.491112,139.923409,5,0.058,0.235,9.468,6.43
1424830824329,37.491114,139.923401,5,0.195,-0.013,9.288,6.43
1424830824425,37.491116,139.923395,5,-0.394,-0.272,9.956,6.43
1424830824525,37.491117,139.923388,5,-0.519,-0.03,9.785,6.43
1424830824626,37.491118,139.923381,5,-0.186,0.104,9.614,6.43
1424830824727,37.491119,139.923374,5,0.106,-0.033,9.444,6.43
1424830824828,37.491121,139.923367,5,0.09,-0.026,8.936,6.43
1424830824928,37.491122,139.92336,5,0.298,-0.124,9.582,6.43
1424830825029,37.491123,139.923352,5,0.097,-0.362,10.283,6.43
1424830825125,37.491124,139.923346,5,-0.14,-0.116,9.825,6.43
1424830825225,37.491125,139.923339,5,0.116,0.11,9.245,6.43
1424830825326,37.491127,139.923332,5,0.483,0.295,8.792,6.43
1424830825427,37.491128,139.923325,5,0.462,-0.078,9.289,6.43
1424830825527,37.491129,139.923317,4,0.218,0.012,9.998,6.448
1424830825628,37.49113,139.92331,4,0.056,0.286,9.739,6.472
1424830825729,37.491132,139.923302,4,0.242,0.208,9.508,6.496
1424830825825,37.491133,139.923295,4,0.099,0.034,9.38,6.519
1424830825925,37.491135,139.923288,4,0.069,0.082,9.099,6.543
1424830826026,37.491136,139.92328,4,0.176,0.17,9.33,6.567
1424830826127,37.491137,139.923273,4,0.191,0.134,9.724,6.592
1424830826227,37.491139,139.923265,4,-0.016,0.108,9.587,6.616
1424830826328,37.49114,139.923257,4,-0.093,0.167,9.394,6.64
1424830826429,37.491142,139.92325,4,-0.041,0.162,9.347,6.665
1424830826530,37.491141,139.923242,6,0.018,0.084,9.446,6.67
1424830826625,37.49114,139.923236,6,0.019,0.108,9.485,6.67
1424830826726,37.49114,139.923228,6,0.086,0.197,9.498,6.67
1424830826827,37.491139,139.923221,6,0.129,0.194,9.409,6.67
1424830826927,37.491138,139.923214,6,0.094,0.139,9.444,6.67
1424830827028,37.491137,139.923207,6,0.001,0.125,9.502,6.67
1424830827129,37.491136,139.9232,6,-0.049,0.175,9.506,6.67
1424830827229,37.491135,139.923193,6,-0.082,0.165,9.412,6.67
1424830827325,37.491134,139.923186,6,-0.104,0.134,9.332,6.67
1424830827426,37.491133,139.923179,6,-0.002,0.03,9.484,6.67
1424830827527,37.491134,139.923171,6,-0.025,-0.026,9.754,6.67
1424830827627,37.491135,139.923163,6,-0.04,-0.014,9.472,6.67
1424830827728,37.491135,139.923155,6,-0.101,-0.006,9.4,6.67
1424830827829,37.491136,139.923147,6,-0.121,0.06,9.156,6.67
1424830827930,37.491137,139.92314,6,-0.284,0.029,9.168,6.67
1424830828025,37.491138,139.923132,6,-0.181,-0.181,9.5,6.67
1424830828126,37.491139,139.923124,6,-0.107,-0.139,9.542,6.67
1424830828226,37.49114,139.923116,6,0.032,-0.007,9.316,6.67
1424830828327,37.491141,139.923109,6,0.142,-0.127,9.669,6.67
1424830828428,37.491142,139.923101,6,0.107,-0.099,9.311,6.67
1424830828529,37.491143,139.923093,4,0.172,-0.097,9.416,6.67
1424830828629,37.491143,139.923086,4,0.412,-0.067,9.887,6.67
1424830828725,37.491144,139.923078,4,0.377,-0.107,9.731,6.67
1424830828826,37.491145,139.923071,4,0.258,0.039,9.281,6.67
1424830828926,37.491145,139.923063,4,0.228,0.018,9.168,6.67
1424830829027,37.491146,139.923056,4,0.26,-0.089,9.529,6.67
1424830829128,37.491147,139.923048,4,0.117,-0.009,9.711,6.67
1424830829228,37.491147,139.923041,4,0.072,0.062,9.485,6.67
1424830829329,37.491148,139.923033,4,0.207,0.139,9.416,6.67
1424830829425,37.491149,139.923026,4,0.217,-0.033,9.29,6.67
1424830829526,37.491149,139.923018,4,0.128,-0.116,9.448,6.67
1424830829626,37.49115,139.923011,4,0.075,-0.232,9.489,6.67
1424830829727,37.491151,139.923003,4,0.01,-0.17,9.438,6.67
1424830829828,37.491151,139.922996,4,-0.04,-0.239,9.397,6.67
1424830829928,37.491152,139.922989,4,-0.102,-0.288,9.45,6.67
1424830830029,37.491152,139.922981,4,-0.026,-0.291,9.473,6.67
1424830830125,37.491153,139.922974,4,-0.048,-0.164,9.143,6.67
1424830830225,37.491154,139.922967,4,-0.041,-0.263,9.376,6.67
1424830830326,37.491154,139.922959,4,0.095,-0.476,9.769,6.67
1424830830427,37.491155,139.922952,4,0.06,-0.367,9.577,6.67
1424830830528,37.491156,139.922945,5,0.039,-0.273,9.25,6.651
1424830830628,37.491158,139.922938,5,0.0,-0.311,9.463,6.627
1424830830729,37.491159,139.922931,5,-0.017,-0.46,9.476,6.602
1424830830825,37.49116,139.922925,5,-0.016,-0.365,9.302,6.579
1424830830925,37.491162,139.922918,5,0.09,-0.373,9.457,6.555
1424830831026,37.491163,139.922911,5,0.009,-0.312,9.593,6.531
1424830831127,37.491165,139.922904,5,-0.056,-0.237,9.3,6.507
1424830831228,37.491166,139.922898,5,-0.028,-0.374,9.513,6.483
1424830831328,37.491167,139.922891,5,0.017,-0.411,9.716,6.459
1424830831429,37.491169,139.922884,5,-0.105,-0.379,9.436,6.435
1424830831525,37.491168,139.922878,6,-0.192,-0.214,9.3,6.411
1424830831630,37.491168,139.922871,6,-0.203,-0.291,9.446,6.384
1424830831726,37.491167,139.922865,6,-0.135,-0.367,9.54,6.36
1424830831825,37.491166,139.922858,6,-0.121,-0.353,9.527,6.335
1424830831927,37.491165,139.922852,6,0.058,-0.236,9.488,6.31
1424830832026,37.491164,139.922845,6,0.049,-0.287,9.488,6.285
1424830832129,37.491164,139.922839,6,-0.01,-0.319,9.374,6.259
1424830832228,37.491163,139.922832,6,-0.029,-0.328,9.468,6.235
1424830832325,37.491162,139.922826,6,0.018,-0.344,9.44,6.211
1424830832426,37.491161,139.92282,6,0.077,-0.314,9.636,6.186
1424830832527,37.491161,139.922813,6,0.048,-0.365,9.517,6.161
1424830832627,37.49116,139.922807,6,0.087,-0.291,9.306,6.137
1424830832728,37.49116,139.922801,6,0.165,-0.298,9.35,6.112
1424830832829,37.491159,139.922795,6,0.2,-0.326,9.483,6.088
1424830832930,37.491159,139.922789,6,0.205,-0.317,9.542,6.064
1424830833025,37.491159,139.922784,6,0.292,-0.305,9.375,6.041
1424830833126,37.491158,139.922778,6,0.331,-0.283,9.454,6.017
1424830833227,37.491158,139.922772,6,0.258,-0.298,9.489,5.993
1424830833327,37.491157,139.922766,6,0.16,-0.275,9.334,5.969
1424830833428,37.491157,139.92276,6,0.137,-0.25,9.39,5.945
1424830833529,37.491158,139.922754,6,0.168,-0.259,9.556,5.921
1424830833629,37.491159,139.922748,6,0.151,-0.227,9.505,5.896
1424830833725,37.49116,139.922742,6,0.201,-0.235,9.476,5.873
1424830833826,37.491161,139.922736,6,0.248,-0.252,9.522,5.849
1424830833926,37.491162,139.92273,6,0.217,-0.21,9.427,5.825
1424830834027,37.491163,139.922723,6,0.187,-0.157,9.365,5.8
1424830834128,37.491164,139.922717,6,0.253,-0.123,9.307,5.776
1424830834229,37.491165,139.922711,6,0.261,-0.188,9.473,5.752
1424830834329,37.491166,139.922705,6,0.202,-0.251,9.552,5.729
1424830834425,37.491167,139.922699,6,0.177,-0.259,9.553,5.706
1424830834526,37.491167,139.922693,5,0.215,-0.24,9.511,5.681
1424830834626,37.491166,139.922687,5,0.134,-0.262,9.45,5.657
1424830834727,37.491166,139.922681,5,0.068,-0.309,9.433,5.632
1424830834828,37.491165,139.922675,5,0.109,-0.355,9.546,5.608
1424830834929,37.491165,139.922669,5,0.151,-0.289,9.554,5.584
1424830835029,37.491165,139.922663,5,0.241,-0.231,9.403,5.56
1424830835125,37.491164,139.922657,5,0.295,-0.24,9.374,5.537
1424830835226,37.491164,139.922651,5,0.318,-0.281,9.463,5.513
1424830835326,37.491163,139.922645,5,0.241,-0.291,9.527,5.489
1424830835427,37.491163,139.922639,5,0.17,-0.295,9.471,5.465
1424830835528,37.491164,139.922633,5,0.131,-0.295,9.579,5.441
1424830835628,37.491165,139.922628,5,-0.066,0.053,8.691,5.416
1424830835729,37.491167,139.922622,5,-0.051,-0.111,9.026,5.392
1424830835825,37.491168,139.922616,5,0.22,-0.326,9.539,5.369
1424830835926,37.491169,139.922611,5,0.291,-0.532,10.028,5.344
1424830836026,37.491171,139.922605,5,0.219,-0.398,9.667,5.32
1424830836127,37.491172,139.922599,5,0.214,-0.199,9.205,5.296
1424830836228,37.491173,139.922593,5,0.137,-0.211,9.385,5.272
1424830836328,37.491174,139.922588,5,-0.037,-0.334,9.319,5.249
1424830836429,37.491176,139.922582,5,-0.21,-0.288,9.292,5.225
1424830836525,37.491177,139.922577,5,-0.33,-0.192,9.383,5.22
1424830836626,37.491179,139.922571,5,-0.242,-0.103,9.804,5.22
1424830836726,37.49118,139.922565,5,-0.207,-0.241,9.848,5.22
1424830836827,37.491182,139.922559,5,-0.21,-0.234,9.368,5.22
1424830836928,37.491184,139.922553,5,-0.2,-0.216,9.216,5.22
1424830837028,37.491185,139.922547,5,-0.279,-0.302,9.726,5.22
1424830837129,37.491187,139.922542,5,-0.412,-0.274,9.747,5.22
1424830837225,37.491188,139.922536,5,-0.38,-0.106,9.315,5.22
1424830837325,37.49119,139.92253,5,-0.34,-0.046,9.307,5.22
1424830837426,37.491192,139.922524,5,-0.258,-0.071,9.736,5.22
1424830837527,37.491193,139.922519,5,-0.07,-0.182,9.883,5.201
1424830837628,37.491194,139.922513,5,0.015,-0.138,9.362,5.176
1424830837728,37.491195,139.922508,5,0.096,-0.087,9.327,5.152
1424830837829,37.491196,139.922503,5,0.253,-0.004,9.459,5.128
1424830837925,37.491197,139.922498,5,0.159,-0.058,9.435,5.105
1424830838025,37.491198,139.922492,5,-0.237,-0.107,9.435,5.081
1424830838126,37.491199,139.922487,5,-0.526,-0.079,9.41,5.057
1424830838227,37.491201,139.922482,5,-0.607,-0.028,9.573,5.033
1424830838327,37.491202,139.922476,5,-0.447,0.021,9.558,5.009
1424830838428,37.491203,139.922471,5,-0.279,0.019,9.39,4.985
1424830838529,37.491204,139.922466,6,-0.02,-0.102,9.491,4.961
1424830838630,37.491205,139.92246,6,0.427,-0.276,9.418,4.936
1424830838725,37.491206,139.922455,6,0.705,-0.204,9.496,4.913
1424830838826,37.491208,139.922449,6,0.374,-0.23,9.467,4.888
1424830838927,37.491209,139.922443,6,-0.101,-0.078,9.265,4.864
1424830839027,37.49121,139.922438,6,-0.443,-0.104,9.474,4.84
1424830839128,37.491211,139.922432,6,-0.604,-0.186,9.639,4.816
1424830839229,37.491212,139.922427,6,-0.579,-0.067,9.432,4.792
1424830839329,37.491214,139.922422,6,-0.387,0.003,9.328,4.768
1424830839425,37.491215,139.922416,6,-0.067,0.028,9.339,4.746
1424830839526,37.491214,139.922411,7,0.361,0.066,9.297,4.74
1424830839627,37.491214,139.922406,7,0.434,-0.019,9.33,4.74
1424830839727,37.491213,139.922401,7,0.249,-0.16,9.461,4.74
1424830839828,37.491212,139.922396,7,-0.147,-0.192,9.538,4.74
1424830839929,37.491211,139.922391,7,-0.365,-0.048,9.46,4.74
1424830840029,37.49121,139.922386,7,-0.398,-0.065,9.413,4.74
1424830840125,37.49121,139.922381,7,-0.371,-0.152,9.469,4.74
1424830840226,37.491209,139.922376,7,-0.257,-0.153,9.394,4.74
1424830840327,37.491208,139.922371,7,-0.015,-0.097,9.319,4.74
1424830840427,37.491207,139.922366,7,0.122,-0.113,9.421,4.74
1424830840528,37.491208,139.922361,7,0.127,-0.136,9.556,4.722
1424830840629,37.491209,139.922356,7,0.01,-0.112,9.459,4.698
1424830840729,37.49121,139.922352,7,-0.077,-0.164,9.432,4.675
1424830840825,37.491211,139.922347,7,-0.133,-0.275,9.496,4.652
1424830840926,37.491212,139.922342,7,-0.064,-0.342,9.578,4.629
1424830841026,37.491213,139.922338,7,-0.075,-0.303,9.431,4.606
1424830841127,37.491214,139.922333,7,-0.081,-0.281,9.417,4.583
1424830841228,37.491215,139.922328,7,-0.016,-0.315,9.463,4.56
1424830841329,37.491216,139.922324,7,0.027,-0.303,9.488,4.537
1424830841429,37.491217,139.922319,7,0.028,-0.266,9.392,4.515
1424830841525,37.491218,139.922314,5,0.06,-0.336,9.459,4.492
1424830841626,37.491219,139.922309,5,0.093,-0.372,9.528,4.467
1424830841726,37.49122,139.922304,5,0.033,-0.344,9.509,4.442
1424830841827,37.491222,139.922299,5,0.148,-0.399,9.595,4.418
1424830841928,37.491223,139.922294,5,0.179,-0.389,9.401,4.394
1424830842028,37.491224,139.922289,5,0.14,-0.365,9.308,4.37
1424830842129,37.491225,139.922284,5,0.086,-0.379,9.396,4.346
1424830842225,37.491226,139.92228,5,0.018,-0.394,9.474,4.323
1424830842325,37.491228,139.922275,5,-0.032,-0.368,9.442,4.299
1424830842426,37.491229,139.92227,5,-0.045,-0.36,9.448,4.276
1424830842527,37.491231,139.922266,7,0.008,-0.371,9.462,4.252
1424830842628,37.491233,139.922263,7,0.04,-0.394,9.475,4.228
1424830842728,37.491235,139.922259,7,0.067,-0.433,9.537,4.205
1424830842829,37.491237,139.922256,7,0.108,-0.451,9.451,4.181
1424830842925,37.491239,139.922252,7,0.177,-0.534,9.467,4.159
1424830843025,37.491241,139.922249,7,0.155,-0.59,9.507,4.136
1424830843126,37.491243,139.922245,7,0.135,-0.537,9.425,4.113
1424830843227,37.491245,139.922242,7,0.134,-0.565,9.437,4.09
1424830843328,37.491248,139.922238,7,0.142,-0.595,9.476,4.067
1424830843428,37.49125,139.922235,7,0.145,-0.601,9.487,4.045
1424830843529,37.491251,139.922231,7,0.115,-0.591,9.472,4.002
1424830843625,37.491252,139.922228,7,0.081,-0.575,9.447,3.955
1424830843725,37.491253,139.922225,7,0.097,-0.621,9.473,3.908
1424830843826,37.491254,139.922222,7,0.126,-0.633,9.514,3.861
1424830843927,37.491255,139.922218,7,0.164,-0.654,9.528,3.814
1424830844027,37.491257,139.922215,7,0.155,-0.637,9.414,3.768
1424830844128,37.491258,139.922212,7,0.087,-0.651,9.321,3.722
1424830844229,37.491259,139.922209,7,0.081,-0.79,9.485,3.677
1424830844325,37.49126,139.922206,7,0.091,-0.882,9.607,3.634
1424830844425,37.491261,139.922203,7,0.081,-0.877,9.468,3.591
1424830844526,37.491262,139.9222,6,0.081,-0.902,9.425,3.504
1424830844627,37.491263,139.922197,6,0.107,-0.946,9.436,3.406
1424830844727,37.491264,139.922194,6,0.133,-1.023,9.485,3.312
1424830844828,37.491265,139.922191,6,0.167,-1.064,9.538,3.218
1424830844929,37.491266,139.922189,6,0.235,-1.124,9.475,3.128
1424830845025,37.491266,139.922186,6,0.133,-1.157,9.498,3.044
1424830845125,37.491267,139.922184,6,0.108,-1.099,9.409,2.959
1424830845226,37.491268,139.922181,6,0.097,-1.136,9.515,2.876
1424830845327,37.491269,139.922179,6,0.098,-1.151,9.469,2.795
1424830845427,37.49127,139.922177,6,0.052,-1.13,9.445,2.717
1424830845528,37.49127,139.922175,6,0.058,-1.147,9.515,2.633
1424830845629,37.491271,139.922173,6,0.122,-1.144,9.439,2.548
1424830845729,37.491271,139.922172,6,0.072,-1.124,9.448,2.466
1424830845825,37.491272,139.922171,6,0.032,-1.08,9.486,2.39
1424830845931,37.491272,139.922169,6,0.055,-0.968,9.475,2.309
1424830846027,37.491272,139.922168,6,0.117,-0.851,9.436,2.238
1424830846126,37.491273,139.922167,6,0.12,-0.754,9.386,2.167
1424830846228,37.491273,139.922166,6,0.061,-0.687,9.419,2.096
1424830846327,37.491274,139.922164,6,0.038,-0.61,9.469,2.029
1424830846429,37.491274,139.922163,6,0.102,-0.584,9.42,1.963
1424830846525,37.491274,139.922162,7,0.155,-0.596,9.417,1.938
1424830846626,37.491275,139.922162,7,0.096,-0.611,9.465,1.923
1424830846726,37.491275,139.922161,7,0.046,-0.588,9.483,1.907
1424830846827,37.491275,139.92216,7,0.039,-0.574,9.45,1.892
1424830846928,37.491275,139.92216,7,0.056,-0.566,9.449,1.877
1424830847029,37.491276,139.922159,7,0.039,-0.546,9.491,1.862
1424830847129,37.491276,139.922158,7,0.034,-0.536,9.502,1.847
1424830847225,37.491276,139.922158,7,0.058,-0.497,9.475,1.833
1424830847326,37.491277,139.922157,7,0.074,-0.471,9.473,1.818
1424830847426,37.491277,139.922156,7,0.069,-0.464,9.487,1.803
1424830847527,37.491278,139.922156,8,0.054,-0.435,9.477,1.79
1424830847628,37.49128,139.922157,8,0.029,-0.415,9.467,1.778
1424830847729,37.491281,139.922157,8,0.048,-0.404,9.465,1.766
1424830847829,37.491282,139.922157,8,0.081,-0.407,9.442,1.754
1424830847925,37.491284,139.922157,8,0.075,-0.412,9.436,1.742
1424830848026,37.491285,139.922158,8,0.065,-0.377,9.441,1.73
1424830848126,37.491287,139.922158,8,0.059,-0.286,9.472,1.718
1424830848227,37.491288,139.922158,8,0.063,-0.189,9.44,1.706
1424830848328,37.491289,139.922159,8,0.059,-0.125,9.415,1.694
1424830848428,37.491291,139.922159,8,0.051,-0.111,9.43,1.683
1424830848529,37.491292,139.922159,8,0.045,-0.076,9.483,1.68
1424830848625,37.491293,139.922159,8,0.052,-0.022,9.481,1.68
1424830848726,37.491294,139.922159,8,0.067,0.066,9.457,1.68
1424830848826,37.491296,139.922159,8,0.078,0.204,9.452,1.68
1424830848927,37.491297,139.922159,8,0.038,0.411,9.475,1.68
1424830849028,37.491298,139.922159,8,0.033,0.635,9.463,1.68
1424830849128,37.491299,139.922159,8,0.011,0.832,9.457,1.68
1424830853227,37.491341,139.9221,8,-0.011,0.958,9.441,2.72
1424830853328,37.491342,139.922097,8,0.028,0.555,9.416,2.809
1424830853429,37.491343,139.922093,8,0.054,0.27,9.364,2.901
1424830853529,37.491343,139.92209,8,0.049,0.106,9.457,2.92
1424830853625,37.491344,139.922087,8,0.018,-0.019,9.546,2.92
1424830853726,37.491345,139.922083,8,-0.013,-0.06,9.481,2.92
1424830853826,37.491345,139.92208,8,-0.059,-0.055,9.369,2.92
1424830853927,37.491346,139.922077,8,-0.024,-0.038,9.405,2.92
1424830854028,37.491346,139.922074,8,0.047,-0.08,9.57,2.92
1424830854128,37.491347,139.922071,8,0.099,-0.107,9.55,2.92
1424830854229,37.491348,139.922068,8,0.039,-0.084,9.405,2.92
1424830854325,37.491348,139.922065,8,0.02,-0.085,9.441,2.92
1424830854426,37.491349,139.922062,8,0.0,0.035,9.572,2.92
1424830854526,37.49135,139.922059,8,-0.024,0.192,9.496,2.92
1424830854627,37.49135,139.922055,8,-0.048,0.323,9.462,2.92
1424830854728,37.491351,139.922052,8,-0.071,0.415,9.475,2.92
1424830854828,37.491352,139.922049,8,-0.051,0.44,9.44,2.92
1424830854929,37.491352,139.922046,8,0.003,0.48,9.442,2.92
1424830855025,37.491353,139.922043,8,0.052,0.555,9.43,2.92
1424830855125,37.491354,139.922039,8,0.095,0.591,9.46,2.92
1424830855226,37.491354,139.922036,8,0.058,0.602,9.444,2.92
1424830863227,37.491346,139.921583,9,0.056,0.604,9.444,6.18
1424830863328,37.491345,139.921577,9,-0.032,0.869,9.267,6.18
1424830863429,37.491344,139.92157,9,0.042,0.381,8.595,6.18
1424830863525,37.491345,139.921564,9,0.091,0.092,9.181,6.18
1424830863625,37.491346,139.921556,9,0.217,-0.232,9.502,6.18
1424830863726,37.491348,139.921549,9,0.249,-0.022,9.732,6.18
1424830863827,37.491349,139.921542,9,0.161,0.105,9.493,6.18
1424830863927,37.491351,139.921535,9,0.116,0.042,9.414,6.18
1424830864028,37.491352,139.921527,9,0.01,-0.09,9.533,6.18
1424830864129,37.491354,139.92152,9,-0.076,-0.046,9.599,6.18
1424830864225,37.491355,139.921513,9,-0.043,0.029,9.569,6.18
1424830864325,37.491356,139.921506,9,-0.047,0.115,9.3,6.18
1424830864426,37.491358,139.921499,9,0.13,0.01,9.385,6.18
1424830864527,37.491359,139.921492,8,0.28,-0.039,9.405,6.161
1424830864627,37.491361,139.921485,8,0.3,-0.159,9.632,6.137
1424830864728,37.491362,139.921479,8,0.283,-0.214,9.716,6.112
1424830864829,37.491363,139.921472,8,0.245,-0.095,9.354,6.088
1424830864929,37.491365,139.921466,8,0.135,-0.1,9.106,6.064
1424830865025,37.491366,139.92146,8,0.124,-0.209,9.466,6.041
1424830865126,37.491368,139.921453,8,0.117,-0.2,9.543,6.017
1424830865227,37.491369,139.921447,8,0.21,-0.108,9.312,5.993
1424830865327,37.49137,139.921441,8,0.287,-0.008,9.264,5.969
1424830865428,37.491372,139.921434,8,0.318,-0.221,9.441,5.945
1424830865529,37.491372,139.921427,7,0.352,-0.465,9.712,5.921
1424830865629,37.491373,139.92142,7,0.218,-0.376,9.443,5.896
1424830865725,37.491373,139.921413,7,0.212,-0.212,9.225,5.873
1424830865826,37.491374,139.921405,7,0.302,-0.133,9.001,5.849
1424830865926,37.491374,139.921398,7,0.041,-0.237,9.155,5.825
1424830866027,37.491374,139.921391,7,-0.065,-0.316,9.565,5.8
1424830866128,37.491375,139.921383,7,-0.065,-0.332,9.839,5.776
1424830866229,37.491375,139.921376,7,-0.015,-0.316,9.585,5.752
1424830866329,37.491376,139.921369,7,-0.099,-0.382,9.428,5.729
1424830866425,37.491376,139.921362,7,-0.253,-0.314,9.15,5.706
1424830866526,37.491377,139.921355,7,-0.145,-0.478,9.43,5.735
1424830866626,37.491379,139.921349,7,-0.112,-0.432,9.503,5.782
1424830866727,37.491381,139.921343,7,-0.231,-0.293,9.746,5.829
1424830866828,37.491383,139.921336,7,-0.477,-0.167,9.616,5.877
1424830866928,37.491384,139.92133,7,-0.575,-0.127,9.467,5.925
1424830867029,37.491386,139.921323,7,-0.631,-0.129,9.266,5.973
1424830867125,37.491388,139.921317,7,-0.643,-0.167,9.384,6.02
1424830867226,37.49139,139.92131,7,-0.505,-0.135,9.508,6.069
1424830867326,37.491392,139.921303,7,-0.336,-0.098,9.579,6.118
1424830867427,37.491394,139.921297,7,-0.232,-0.188,9.769,6.169
1424830867528,37.491395,139.921289,6,-0.108,-0.413,9.853,6.161
1424830867628,37.491395,139.921282,6,-0.032,-0.363,9.438,6.137
1424830867729,37.491396,139.921275,6,-0.08,-0.188,9.062,6.112
1424830867825,37.491397,139.921268,6,-0.033,-0.122,9.341,6.089
1424830867926,37.491398,139.921261,6,-0.091,-0.332,9.929,6.065
1424830868026,37.491399,139.921254,6,-0.155,-0.324,9.774,6.041
1424830868127,37.491399,139.921247,6,-0.102,-0.093,9.325,6.016
1424830868228,37.4914,139.92124,6,-0.012,-0.117,9.255,5.992
1424830868328,37.491401,139.921233,6,0.109,-0.314,9.431,5.969
1424830868429,37.491402,139.921225,6,0.099,-0.418,9.484,5.945
1424830868525,37.491402,139.921219,8,0.091,-0.236,9.229,5.958
1424830868625,37.491403,139.921211,8,-0.033,-0.118,9.47,5.981
1424830868726,37.491404,139.921204,8,-0.236,-0.241,9.622,6.005
1424830868827,37.491404,139.921197,8,-0.486,-0.318,9.285,6.029
1424830868928,37.491405,139.921189,8,-0.455,-0.471,9.494,6.054
1424830869028,37.491405,139.921182,8,-0.15,-0.592,9.678,6.078
1424830869129,37.491406,139.921175,8,-0.091,-0.489,9.477,6.102
1424830869225,37.491407,139.921168,8,-0.129,-0.584,9.317,6.125
1424830869325,37.491407,139.92116,8,-0.002,-0.665,9.327,6.149
1424830869426,37.491408,139.921153,8,-0.157,-0.682,9.53,6.174
1424830869527,37.491409,139.921146,8,-0.32,-0.717,9.485,6.078
1424830869627,37.49141,139.92114,8,-0.387,-0.81,9.469,5.949
1424830869728,37.491411,139.921135,8,-0.426,-0.747,9.577,5.821
1424830869829,37.491412,139.921129,8,-0.275,-0.791,9.461,5.695
1424830869925,37.491413,139.921123,8,-0.032,-0.861,9.377,5.578
1424830870025,37.491413,139.921118,8,0.106,-0.99,9.505,5.458
1424830870126,37.491414,139.921113,8,0.015,-1.24,9.665,5.341
1424830870227,37.491415,139.921107,8,0.018,-1.294,9.391,5.225
1424830870327,37.491416,139.921102,8,-0.058,-1.227,9.364,5.114
1424830870428,37.491417,139.921097,8,0.021,-1.126,9.273,5.004
1424830870529,37.491417,139.921092,8,-0.038,-1.222,9.536,4.899
1424830870625,37.491416,139.921088,8,-0.296,-1.128,9.248,4.801
1424830870725,37.491416,139.921084,8,-0.26,-1.133,9.348,4.702
1424830870826,37.491415,139.92108,8,-0.103,-1.308,9.733,4.604
1424830870927,37.491415,139.921075,8,0.048,-1.377,9.869,4.507
1424830871027,37.491415,139.921071,8,0.103,-1.254,9.627,4.414
1424830871128,37.491414,139.921067,8,0.227,-1.196,9.349,4.321
1424830871229,37.491414,139.921063,8,0.267,-1.279,9.437,4.231
1424830871329,37.491413,139.92106,8,0.08,-1.302,9.485,4.143
1424830871425,37.491413,139.921056,8,-0.062,-1.204,9.313,4.061
1424830871526,37.491413,139.921053,9,0.018,-1.167,9.227,3.963
1424830871626,37.491414,139.921052,9,0.035,-1.188,9.475,3.863
1424830871727,37.491414,139.92105,9,-0.125,-1.317,9.576,3.765
1424830871828,37.491414,139.921048,9,-0.281,-1.305,9.635,3.669
1424830871929,37.491415,139.921046,9,-0.335,-1.125,9.502,3.575
1424830872029,37.491415,139.921044,9,-0.227,-1.101,9.638,3.485
1424830872125,37.491415,139.921042,9,-0.0,-1.364,9.827,3.4
1424830872226,37.491415,139.921041,9,0.096,-1.364,9.513,3.314
1424830872326,37.491416,139.921039,9,0.043,-1.24,9.208,3.23
1424830872427,37.491416,139.921037,9,0.028,-1.231,9.381,3.148
1424830872528,37.491416,139.921036,9,0.039,-1.175,9.531,3.037
1424830872629,37.491417,139.921034,9,0.053,-0.93,9.435,2.921
1424830872729,37.491417,139.921032,9,0.027,-0.59,9.454,2.809
1424830872825,37.491417,139.921031,9,-0.102,-0.379,9.543,2.706
1424830872926,37.491418,139.921029,9,-0.184,-0.279,9.484,2.601
1424830873026,37.491418,139.921028,9,-0.195,-0.113,9.489,2.501
1424830873127,37.491418,139.921026,9,-0.156,0.119,9.468,2.404
1424830873228,37.491418,139.921025,9,-0.108,0.355,9.385,2.311
1424830873328,37.491419,139.921024,9,-0.058,0.611,9.376,2.222
1424830873429,37.491419,139.921022,9,-0.016,0.837,9.415,2.137
1424830873525,37.49142,139.92102,8,-0.011,1.0,9.443,2.159
1424830873626,37.49142,139.921018,8,-0.037,1.169,9.438,2.212
1424830873726,37.491421,139.921015,8,-0.076,1.356,9.438,2.266
1424830873827,37.491422,139.921013,8,-0.105,1.522,9.431,2.322
1424830873928,37.491423,139.92101,8,-0.1,1.595,9.424,2.38
1424830874028,37.491423,139.921008,8,-0.088,1.614,9.487,2.438
1424830874129,37.491424,139.921005,8,-0.074,1.59,9.476,2.499
1424830874225,37.491425,139.921002,8,-0.077,1.494,9.422,2.557
1424830877226,37.491424,139.92087,7,-0.078,1.486,9.425,3.724
1424830877327,37.491425,139.920867,7,-0.108,0.251,9.486,3.658
1424830877427,37.491425,139.920864,7,-0.332,-0.753,9.364,3.595
1424830877528,37.491426,139.920861,8,-0.486,-1.201,9.57,3.502
1424830877629,37.491427,139.920859,8,-0.599,-1.517,9.551,3.404
1424830877729,37.491428,139.920857,8,-0.51,-1.749,9.562,3.31
1424830877825,37.491429,139.920855,8,-0.411,-1.852,9.485,3.221
1424830877926,37.491431,139.920853,8,-0.287,-1.935,9.512,3.13
1424830878026,37.491432,139.920851,8,-0.138,-2.001,9.533,3.043
1424830878127,37.491433,139.920849,8,-0.034,-2.007,9.447,2.957
1424830878228,37.491434,139.920847,8,0.015,-1.977,9.385,2.874
1424830878329,37.491435,139.920845,8,0.02,-1.981,9.45,2.793
1424830878429,37.491436,139.920843,8,-0.009,-1.994,9.493,2.716
1424830878525,37.491435,139.920845,10,-0.062,-1.997,9.464,2.586
1424830878626,37.491434,139.920846,10,-0.125,-1.986,9.462,2.439
1424830878726,37.491432,139.920848,10,-0.129,-1.688,9.531,2.3
1424830878827,37.491431,139.92085,10,-0.138,-0.907,9.59,2.167
1424830878928,37.49143,139.920852,10,-0.136,-0.131,9.463,2.041
1424830879029,37.491429,139.920853,10,-0.13,0.327,9.354,1.922
1424830879129,37.491428,139.920855,10,-0.137,0.321,9.327,1.81
1424830879225,37.491427,139.920856,10,-0.166,0.114,9.379,1.71
1424830879326,37.491426,139.920858,10,-0.175,-0.133,9.469,1.612
1424830879426,37.491425,139.920859,10,-0.163,-0.258,9.505,1.521
1424830879527,37.491425,139.920859,10,-0.159,-0.162,9.489,1.5
1424830879628,37.491426,139.92086,10,-0.164,-0.022,9.468,1.5
1424830879729,37.491426,139.920861,10,-0.161,0.067,9.43,1.5
1424830879829,37.491427,139.920861,10,-0.147,0.06,9.411,1.5
1424830879925,37.491427,139.920862,10,-0.153,-0.016,9.443,1.5
1424830880026,37.491427,139.920862,10,-0.166,-0.049,9.484,1.5
1424830880126,37.491428,139.920863,10,-0.177,-0.056,9.479,1.5
1424830880227,37.491428,139.920864,10,-0.178,-0.019,9.476,1.5
1424830880328,37.491429,139.920864,10,-0.171,0.008,9.471,1.5
1424830880428,37.491429,139.920865,10,-0.161,0.012,9.455,1.5
1424830880529,37.491429,139.920865,7,-0.161,-0.013,9.458,1.5
1424830880625,37.49143,139.920866,7,-0.169,-0.045,9.481,1.5
1424830880725,37.49143,139.920866,7,-0.173,-0.052,9.475,1.5
1424830880826,37.49143,139.920867,7,-0.184,-0.024,9.473,1.5
1424830880927,37.49143,139.920867,7,-0.183,-0.004,9.47,1.5
1424830881028,37.491431,139.920868,7,-0.17,-0.011,9.448,1.5
1424830881128,37.491431,139.920868,7,-0.165,-0.021,9.448,1.5
1424830881229,37.491431,139.920869,7,-0.164,-0.036,9.46,1.5
1424830881325,37.491432,139.920869,7,-0.163,-0.024,9.466,1.5
1424830881425,37.491432,139.92087,7,-0.167,-0.011,9.459,1.5
1424830881526,37.491432,139.92087,8,-0.174,-0.017,9.461,1.5
1424830881627,37.491432,139.920871,8,-0.17,-0.027,9.446,1.5
1424830881728,37.491431,139.920871,8,-0.168,-0.035,9.439,1.5
1424830881828,37.491431,139.920872,8,-0.161,-0.023,9.46,1.5
1424830881929,37.491431,139.920872,8,-0.163,-0.009,9.465,1.5
1424830882025,37.491431,139.920872,8,-0.163,-0.003,9.454,1.5
1424830882125,37.491431,139.920873,8,-0.165,-0.018,9.443,1.5
1424830882226,37.49143,139.920873,8,-0.165,-0.032,9.457,1.5
1424830882327,37.49143,139.920874,8,-0.166,-0.032,9.461,1.5
1424830882427,37.49143,139.920874,8,-0.168,-0.019,9.46,1.5
1424830882528,37.49143,139.920874,8,-0.161,-0.019,9.439,1.5
1424830882629,37.49143,139.920875,8,-0.164,-0.03,9.438,1.5
1424830882725,37.491429,139.920875,8,-0.17,-0.034,9.456,1.5
1424830882825,37.491429,139.920875,8,-0.169,-0.02,9.454,1.5
1424830882926,37.491429,139.920875,8,-0.162,-0.02,9.446,1.5
1424830883027,37.491429,139.920876,8,-0.165,-0.024,9.437,1.5
1424830883127,37.491429,139.920876,8,-0.161,-0.016,9.473,1.5
1424830883228,37.491428,139.920876,8,-0.16,-0.015,9.462,1.5
1424830883329,37.491428,139.920877,8,-0.155,-0.026,9.435,1.5
1424830883430,37.491428,139.920877,8,-0.166,-0.027,9.447,1.5
1424830883525,37.491428,139.920877,7,-0.169,-0.022,9.452,1.5
1424830883626,37.491428,139.920878,7,-0.186,-0.025,9.45,1.5
1424830883727,37.491428,139.920878,7,-0.18,-0.025,9.451,1.5
1424830883827,37.491428,139.920879,7,-0.18,-0.021,9.447,1.5
1424830883928,37.491428,139.920879,7,-0.183,-0.031,9.457,1.5
1424830884029,37.491427,139.920879,7,-0.17,-0.026,9.458,1.5
1424830884129,37.491427,139.92088,7,-0.163,-0.014,9.463,1.5
1424830884225,37.491427,139.92088,7,-0.167,-0.017,9.464,1.5
1424830884326,37.491427,139.920881,7,-0.159,-0.007,9.437,1.5
1424830884427,37.491427,139.920881,7,-0.149,0.004,9.425,1.5
1424830884527,37.491427,139.920881,7,-0.152,-0.004,9.427,1.5
1424830884628,37.491427,139.920881,7,-0.166,-0.008,9.44,1.5
1424830884729,37.491427,139.920881,7,-0.171,-0.002,9.435,1.5
1424830884829,37.491427,139.920881,7,-0.171,0.026,9.451,1.5
1424830884925,37.491427,139.920881,7,-0.17,0.048,9.444,1.5
1424830885026,37.491427,139.920881,7,-0.151,0.108,9.451,1.5
1424830885126,37.491427,139.920881,7,-0.174,0.194,9.454,1.5
1424830885227,37.491427,139.920881,7,-0.199,0.279,9.44,1.5
1424830887226,37.491427,139.920875,6,-0.199,0.282,9.438,1.52
1424830887327,37.491427,139.920875,6,-0.154,0.221,9.422,1.52
1424830887428,37.491427,139.920874,6,-0.078,0.202,9.412,1.52
1424830887528,37.491427,139.920874,7,-0.019,0.222,9.413,1.525
1424830887629,37.491427,139.920873,7,-0.015,0.256,9.446,1.531
1424830887725,37.491427,139.920872,7,-0.013,0.285,9.458,1.536
1424830887825,37.491427,139.920872,7,0.001,0.299,9.494,1.542
1424830887926,37.491427,139.920871,7,0.031,0.299,9.514,1.548
1424830888027,37.491427,139.920871,7,0.055,0.309,9.487,1.554
1424830888128,37.491427,139.92087,7,0.044,0.364,9.492,1.56
1424830888228,37.491427,139.920869,7,0.058,0.408,9.455,1.566
1424830894225,37.491451,139.920756,12,0.057,0.411,9.455,2.258
1424830910228,37.491558,139.919334,5,0.05,0.409,9.451,10.663
1424830910329,37.49156,139.919322,5,-0.04,0.357,9.409,10.639
1424830910429,37.491563,139.91931,5,0.174,0.235,9.585,10.615
1424830910525,37.491564,139.919299,5,0.167,-0.022,9.618,10.591
1424830910626,37.491565,139.919287,5,0.1,-0.15,9.413,10.566
1424830910726,37.491566,139.919276,5,0.056,-0.121,9.195,10.54
1424830910827,37.491568,139.919264,5,0.068,-0.141,9.622,10.515
1424830910928,37.491569,139.919252,5,-0.232,-0.006,9.533,10.49
1424830911028,37.49157,139.919241,5,-0.288,-0.11,9.883,10.465
1424830911129,37.491571,139.919229,5,-0.352,-0.259,9.742,10.44
1424830911225,37.491572,139.919218,5,-0.344,-0.427,9.819,10.416
1424830911326,37.491574,139.919206,5,-0.371,-0.291,9.207,10.391
1424830911426,37.491575,139.919195,5,-0.069,-0.315,9.374,10.366
1424830911527,37.491575,139.919183,5,-0.162,-0.817,9.829,10.321
1424830911628,37.491575,139.919171,5,-0.132,-0.936,9.88,10.269
1424830911728,37.491576,139.91916,5,-0.016,-1.082,9.401,10.219
1424830911829,37.491576,139.919149,5,-0.04,-0.989,9.234,10.168
1424830911925,37.491576,139.919138,5,0.198,-0.767,9.16,10.119
1424830912026,37.491576,139.919126,5,0.023,-0.974,9.478,10.069
1424830912126,37.491576,139.919115,5,-0.07,-1.292,9.71,10.019
1424830912227,37.491577,139.919104,5,0.002,-1.372,9.599,9.969
1424830912328,37.491577,139.919092,5,0.053,-1.417,9.292,9.92
1424830912428,37.491577,139.919081,5,0.112,-1.457,9.567,9.871
1424830912529,37.491578,139.919071,5,0.022,-1.492,9.605,9.735
1424830912625,37.491579,139.919062,5,0.056,-1.495,9.45,9.586
1424830912725,37.49158,139.919052,5,0.256,-1.457,9.3,9.432
1424830912826,37.491581,139.919042,5,0.272,-1.241,9.386,9.279
1424830912927,37.491582,139.919033,5,0.004,-1.297,9.667,9.129
1424830913028,37.491584,139.919023,5,-0.069,-1.319,9.736,8.981
1424830913128,37.491585,139.919014,5,-0.152,-1.215,9.552,8.837
1424830913229,37.491586,139.919005,5,-0.133,-1.077,9.235,8.694
1424830913325,37.491587,139.918997,5,-0.125,-0.94,9.239,8.561
1424830913425,37.491588,139.918988,5,-0.254,-0.801,9.717,8.424
1424830913526,37.49159,139.918979,4,-0.439,-0.637,9.701,8.351
1424830913627,37.491592,139.91897,4,-0.627,-0.517,9.399,8.299
1424830913727,37.491595,139.918961,4,-0.538,-0.258,8.935,8.248
1424830913828,37.491597,139.918952,4,-0.434,-0.368,9.482,8.197
1424830913929,37.4916,139.918944,4,-0.311,-0.428,9.974,8.147
1424830914025,37.491602,139.918935,4,-0.174,-0.213,9.496,8.099
1424830914125,37.491604,139.918927,4,-0.155,-0.361,9.275,8.049
1424830914226,37.491607,139.918918,4,0.023,-0.455,9.272,7.999
1424830914327,37.491609,139.918909,4,-0.121,-0.35,9.735,7.95
1424830914427,37.491611,139.918901,4,-0.085,-0.043,9.528,7.901
1424830914528,37.491613,139.918893,5,-0.207,0.138,8.688,7.89
1424830914629,37.491615,139.918884,5,-0.123,-0.227,9.566,7.89
1424830914725,37.491617,139.918876,5,0.026,-0.568,10.144,7.89
1424830914825,37.491619,139.918868,5,0.059,-0.551,9.884,7.89
1424830914926,37.491621,139.918859,5,-0.104,-0.376,9.464,7.89
1424830915027,37.491623,139.918851,5,-0.07,-0.027,8.453,7.89
1424830915128,37.491625,139.918843,5,-0.017,-0.04,9.26,7.89
1424830915229,37.491627,139.918834,5,0.366,-0.275,10.108,7.89
1424830915329,37.491629,139.918826,5,0.499,-0.21,9.517,7.89
1424830915429,37.491631,139.918818,5,0.082,-0.303,9.04,7.89
1424830915525,37.491632,139.918809,5,-0.215,-0.341,8.801,7.852
1424830915626,37.491633,139.9188,5,0.007,-0.483,9.349,7.801
1424830915727,37.491634,139.918791,5,0.258,-0.549,10.001,7.751
1424830915827,37.491635,139.918782,5,0.424,-0.558,9.446,7.702
1424830915928,37.491636,139.918773,5,0.632,-0.595,9.04,7.652
1424830916029,37.491637,139.918764,5,0.274,-0.682,9.436,7.602
1424830916129,37.491639,139.918756,5,-0.281,-0.81,9.738,7.554
1424830916225,37.49164,139.918747,5,-0.295,-0.8,10.448,7.508
1424830916326,37.491641,139.918739,5,-0.185,-0.46,9.546,7.459
1424830916426,37.491642,139.91873,5,0.008,-0.355,9.213,7.411
1424830916527,37.491643,139.918722,5,0.133,-0.273,9.334,7.361
1424830916628,37.491644,139.918713,5,0.247,-0.374,9.805,7.31
1424830916729,37.491645,139.918705,5,0.008,-0.162,9.722,7.26
1424830916829,37.491646,139.918697,5,0.032,-0.063,9.248,7.21
1424830916925,37.491647,139.918689,5,0.032,-0.283,9.248,7.163
1424830917031,37.491648,139.918681,5,-0.014,-0.398,9.416,7.111
1424830917126,37.49165,139.918673,5,-0.038,-0.388,9.503,7.065
1424830917225,37.491651,139.918666,5,0.016,-0.217,9.394,7.017
1424830917328,37.491652,139.918657,5,0.002,-0.29,9.304,6.968
1424830917427,37.491653,139.91865,5,0.083,-0.359,9.331,6.921
1424830917529,37.491654,139.918643,5,0.127,-0.425,9.478,6.871
1424830917625,37.491655,139.918636,5,0.127,-0.438,9.502,6.824
1424830917726,37.491656,139.918629,5,0.141,-0.263,9.116,6.774
1424830917826,37.491656,139.918623,5,0.112,-0.511,9.492,6.725
1424830917927,37.491657,139.918616,5,0.057,-0.583,9.776,6.677
1424830918028,37.491658,139.918609,5,0.067,-0.562,9.759,6.628
1424830918128,37.491659,139.918603,5,0.134,-0.328,9.201,6.581
1424830918229,37.49166,139.918596,5,0.209,-0.343,9.221,6.533
1424830918325,37.491661,139.91859,5,0.211,-0.535,9.313,6.488
1424830918426,37.491662,139.918584,5,0.278,-0.538,9.608,6.441
1424830918526,37.491663,139.918577,6,0.238,-0.442,9.493,6.391
1424830918627,37.491663,139.918571,6,0.204,-0.528,9.356,6.34
1424830918728,37.491664,139.918565,6,0.085,-0.789,9.54,6.29
1424830918828,37.491665,139.918559,6,0.251,-0.761,9.302,6.24
1424830918929,37.491666,139.918553,6,0.334,-0.759,9.284,6.19
1424830919025,37.491667,139.918547,6,0.333,-0.974,9.792,6.144
1424830919125,37.491667,139.918542,6,0.118,-1.027,9.893,6.095
1424830919226,37.491668,139.918536,6,-0.119,-0.761,9.006,6.046
1424830919327,37.491669,139.91853,6,-0.284,-0.755,9.071,5.998
1424830919428,37.49167,139.918524,6,-0.514,-0.986,9.635,5.95
1424830919528,37.49167,139.918518,7,-0.619,-1.073,9.561,5.859
1424830919629,37.491671,139.918512,7,-0.565,-1.162,9.615,5.756
1424830919725,37.491671,139.918506,7,-0.446,-1.245,9.627,5.659
1424830919825,37.491672,139.9185,7,-0.31,-1.504,9.551,5.56
1424830919926,37.491672,139.918495,7,-0.204,-1.772,9.207,5.462
1424830920027,37.491672,139.918489,7,-0.167,-1.943,9.526,5.365
1424830920128,37.491673,139.918483,7,-0.164,-1.915,9.887,5.271
1424830920228,37.491673,139.918478,7,-0.063,-1.667,9.421,5.179
1424830920329,37.491674,139.918472,7,0.054,-1.686,9.237,5.087
1424830920425,37.491674,139.918467,7,0.185,-1.647,9.454,5.002
1424830920525,37.491674,139.918463,7,0.25,-1.309,9.576,4.903
1424830920626,37.491673,139.918458,7,0.313,-0.877,9.378,4.8
1424830920727,37.491673,139.918453,7,0.434,-0.615,9.367,4.7
1424830920827,37.491672,139.918449,7,0.602,-0.478,9.448,4.603
1424830920928,37.491672,139.918445,7,0.86,-0.33,9.477,4.506
1424830921030,37.491672,139.918441,7,1.178,-0.375,9.728,4.411
1424830921125,37.491671,139.918437,7,1.292,-0.356,9.557,4.324
1424830921225,37.491671,139.918433,7,1.348,-0.42,9.417,4.234
1424830921326,37.49167,139.918429,7,1.677,-0.43,9.5,4.146
1424830921427,37.49167,139.918425,7,1.974,-0.512,9.599,4.059
1424830921527,37.491668,139.918422,7,1.974,-0.408,9.293,3.918
1424830921628,37.491666,139.91842,7,1.658,-0.398,9.314,3.763
1424830921729,37.491665,139.918418,7,1.428,-0.309,9.227,3.613
1424830921829,37.491663,139.918416,7,1.248,-0.257,9.295,3.469
1424830921925,37.491661,139.918414,7,1.045,-0.149,9.477,3.337
1424830922026,37.491659,139.918412,7,1.036,-0.049,9.351,3.203
1424830922127,37.491658,139.91841,7,1.258,-0.032,9.295,3.075
1424830922227,37.491656,139.918409,7,1.52,-0.081,9.227,2.953
1424830922328,37.491655,139.918407,7,1.569,-0.32,9.576,2.835
1424830922429,37.491653,139.918405,7,1.608,-0.334,9.728,2.723
1424830922529,37.491653,139.918405,8,1.732,-0.312,9.296,2.602
1424830922625,37.491652,139.918405,8,1.906,-0.311,9.109,2.487
1424830922726,37.491652,139.918405,8,2.099,-0.528,9.286,2.371
1424830922827,37.491651,139.918405,8,2.071,-0.571,9.433,2.26
1424830922927,37.491651,139.918406,8,1.882,-0.479,9.022,2.154
1424830923028,37.49165,139.918406,8,1.258,-0.804,9.959,2.053
1424830923129,37.49165,139.918406,8,0.849,-0.796,10.159,1.956
1424830923229,37.49165,139.918406,8,0.734,-0.503,9.496,1.865
1424830923325,37.491649,139.918406,8,0.66,-0.248,9.275,1.782
1424830923426,37.491649,139.918406,8,0.777,0.021,9.192,1.699
1424830923526,37.491649,139.918408,8,1.176,0.166,9.168,1.741
1424830923627,37.49165,139.91841,8,1.707,0.326,9.248,1.826
1424830923728,37.491651,139.918412,8,2.221,0.308,9.231,1.916
1424830923828,37.491652,139.918415,8,2.334,0.108,9.33,2.01
1424830923929,37.491652,139.918417,8,2.165,0.05,9.469,2.109
1424830924025,37.491653,139.91842,8,1.982,0.142,9.368,2.208
1424830924126,37.491654,139.918423,8,1.624,0.307,9.302,2.317
1424830924226,37.491655,139.918426,8,1.091,0.325,9.428,2.43
1424830924327,37.491656,139.918429,8,0.801,0.217,9.658,2.549
1424830924428,37.491657,139.918432,8,0.806,0.101,9.58,2.672
1424830924528,37.49166,139.918433,8,0.84,-0.036,9.4,2.746
1424830924629,37.491664,139.918433,8,1.002,-0.186,9.415,2.806
1424830924725,37.491667,139.918433,8,1.232,-0.306,9.55,2.865
1424830924826,37.491671,139.918433,8,1.495,-0.369,9.49,2.928
1424830924926,37.491675,139.918433,8,1.594,-0.363,9.341,2.992
1424830925027,37.49168,139.918433,8,1.458,-0.34,9.321,3.058
1424830925128,37.491684,139.918433,8,1.275,-0.299,9.4,3.125
1424830925228,37.491688,139.918433,8,1.099,-0.198,9.514,3.194
1424830925329,37.491693,139.918433,8,1.006,-0.137,9.45,3.264
1424830925425,37.491697,139.918433,8,0.936,-0.191,9.427,3.332
1424830925525,37.491701,139.918433,9,0.803,-0.265,9.533,3.397
1424830925626,37.491705,139.918432,9,0.718,-0.238,9.445,3.462
1424830925727,37.491709,139.918431,9,0.759,-0.213,9.312,3.528
1424830925828,37.491713,139.918431,9,0.718,-0.24,9.434,3.596
1424830925928,37.491717,139.91843,9,0.651,-0.311,9.534,3.664
1424830926029,37.491721,139.91843,9,0.752,-0.351,9.557,3.734
1424830926125,37.491725,139.918429,9,0.776,-0.223,9.338,3.802
1424830926225,37.49173,139.918428,9,0.609,-0.128,9.325,3.874
1424830926326,37.491734,139.918428,9,0.454,-0.138,9.533,3.947
1424830926427,37.491739,139.918427,9,0.402,-0.156,9.586,4.023
1424830926527,37.491743,139.918427,9,0.325,-0.129,9.527,4.04
1424830926628,37.491746,139.918427,9,0.27,-0.079,9.355,4.04
1424830926729,37.491749,139.918428,9,0.361,-0.001,9.369,4.04
1424830926825,37.491752,139.918428,9,0.515,0.099,9.516,4.04
1424830926925,37.491756,139.918428,9,0.58,0.275,9.51,4.04
1424830927026,37.491759,139.918428,9,0.546,0.509,9.431,4.04
1424830927127,37.491762,139.918428,9,0.554,0.667,9.343,4.04
1424830927227,37.491766,139.918429,9,0.522,0.738,9.405,4.04
1424830937228,37.492251,139.918613,6,0.516,0.739,9.41,6.91
1424830937328,37.492257,139.918616,6,0.389,0.279,9.527,6.91
1424830937429,37.492263,139.918619,6,0.266,-0.019,9.513,6.91
1424830937525,37.492267,139.918622,6,0.239,-0.119,9.338,6.852
1424830937625,37.49227,139.918625,6,0.188,-0.176,9.316,6.776
1424830937726,37.492273,139.918628,6,0.113,-0.283,9.464,6.7
1424830937827,37.492276,139.918631,6,0.113,-0.266,9.587,6.625
1424830937928,37.49228,139.918634,6,0.177,-0.288,9.533,6.551
1424830938028,37.492283,139.918637,6,0.113,-0.336,9.363,6.478
1424830938129,37.492286,139.918639,6,0.084,-0.404,9.415,6.405
1424830938225,37.492289,139.918642,6,0.042,-0.438,9.54,6.337
1424830938325,37.492292,139.918645,6,0.074,-0.426,9.498,6.267
1424830938426,37.492295,139.918647,6,0.152,-0.405,9.362,6.197
1424830938527,37.492299,139.918651,6,0.094,-0.404,9.506,6.161
1424830938628,37.492304,139.918656,6,0.064,-0.42,9.584,6.137
1424830938728,37.492308,139.91866,6,0.039,-0.384,9.434,6.112
1424830938829,37.492312,139.918664,6,0.055,-0.403,9.483,6.088
1424830938925,37.492316,139.918668,6,0.064,-0.425,9.596,6.065
1424830939025,37.49232,139.918672,6,0.103,-0.373,9.497,6.041
1424830939126,37.492325,139.918677,6,0.074,-0.278,9.258,6.017
1424830939227,37.492329,139.918681,6,0.051,-0.342,9.386,5.993
1424830939328,37.492333,139.918685,6,0.066,-0.536,9.566,5.969
1424830939428,37.492337,139.918689,6,0.052,-0.63,9.503,5.945
1424830939529,37.492341,139.918693,5,0.026,-0.592,9.318,5.901
1424830939625,37.492344,139.918696,5,0.019,-0.724,9.461,5.853
1424830939725,37.492347,139.9187,5,0.023,-0.888,9.569,5.804
1424830939826,37.49235,139.918703,5,0.116,-1.033,9.588,5.755
1424830939927,37.492354,139.918707,5,0.308,-1.16,9.515,5.706
1424830940027,37.492357,139.91871,5,0.234,-1.116,9.119,5.658
1424830940128,37.49236,139.918713,5,0.246,-1.319,9.451,5.61
1424830940229,37.492363,139.918717,5,0.2,-1.446,9.69,5.563
1424830940329,37.492366,139.91872,5,0.125,-1.39,9.57,5.516
1424830940425,37.492369,139.918723,5,0.153,-1.35,9.328,5.472
1424830940526,37.492373,139.918725,6,0.243,-1.454,9.292,5.359
1424830940627,37.492376,139.918726,6,0.305,-1.686,9.61,5.228
1424830940727,37.49238,139.918726,6,0.377,-1.842,9.627,5.101
1424830940828,37.492383,139.918727,6,0.278,-1.905,9.354,4.976
1424830940929,37.492386,139.918728,6,0.12,-1.823,9.331,4.854
1424830941029,37.492389,139.918729,6,0.06,-1.829,9.554,4.736
1424830941125,37.492392,139.91873,6,0.093,-1.823,9.648,4.625
1424830941226,37.492396,139.91873,6,0.026,-1.596,9.486,4.511
1424830941327,37.492398,139.918731,6,0.122,-1.255,9.422,4.401
1424830941427,37.492401,139.918732,6,0.252,-1.006,9.483,4.294
1424830941528,37.492403,139.918733,6,0.302,-0.759,9.443,4.146
1424830941629,37.492405,139.918733,6,0.299,-0.494,9.425,3.991
1424830941729,37.492407,139.918734,6,0.239,-0.336,9.468,3.842
1424830941825,37.492408,139.918735,6,0.178,-0.282,9.469,3.704
1424830941926,37.49241,139.918735,6,0.074,-0.222,9.451,3.564
1424830942026,37.492411,139.918736,6,0.07,-0.199,9.502,3.43
1424830942127,37.492413,139.918736,6,0.071,-0.154,9.408,3.301
1424830942228,37.492414,139.918737,6,0.034,-0.142,9.353,3.176
1424830942329,37.492415,139.918737,6,0.063,-0.206,9.584,3.056
1424830942429,37.492417,139.918738,6,0.076,-0.216,9.659,2.943
1424830942525,37.492419,139.918739,5,0.084,-0.179,9.373,2.935
1424830942626,37.492422,139.91874,5,0.192,-0.139,9.377,2.956
1424830942726,37.492425,139.91874,5,0.209,-0.105,9.448,2.977
1424830942827,37.492428,139.918741,5,0.184,-0.082,9.368,2.997
1424830942928,37.492431,139.918742,5,0.142,-0.153,9.519,3.019
1424830943029,37.492434,139.918743,5,0.092,-0.122,9.475,3.04
1424830943129,37.492436,139.918744,5,0.115,-0.087,9.455,3.061
1424830943225,37.492439,139.918745,5,0.095,-0.112,9.432,3.081
1424830943326,37.492442,139.918746,5,0.153,-0.146,9.474,3.103
1424830943426,37.492445,139.918747,5,0.315,-0.13,9.507,3.125
1424830943527,37.492447,139.918749,6,0.344,-0.102,9.42,3.113
1424830943628,37.492449,139.918751,6,0.237,-0.097,9.409,3.092
1424830943728,37.492451,139.918753,6,0.192,-0.124,9.486,3.07
1424830943829,37.492453,139.918755,6,0.2,-0.189,9.544,3.049
1424830943925,37.492454,139.918757,6,0.233,-0.138,9.442,3.028
1424830944025,37.492456,139.918759,6,0.305,-0.057,9.285,3.007
1424830944126,37.492458,139.918761,6,0.338,-0.08,9.4,2.986
1424830944227,37.492459,139.918763,6,0.241,-0.101,9.53,2.966
1424830944328,37.492461,139.918765,6,0.149,-0.155,9.542,2.945
1424830944428,37.492463,139.918767,6,0.111,-0.146,9.483,2.924
1424830944529,37.492464,139.918768,6,0.079,-0.053,9.382,2.92
1424830944625,37.492466,139.91877,6,0.011,-0.029,9.442,2.92
1424830944725,37.492468,139.918771,6,-0.011,-0.06,9.519,2.92
1424830944826,37.49247,139.918773,6,0.02,-0.056,9.475,2.92
1424830944927,37.492472,139.918775,6,0.108,-0.048,9.436,2.92
1424830945028,37.492474,139.918776,6,0.142,-0.085,9.528,2.92
1424830945128,37.492476,139.918778,6,0.168,-0.153,9.643,2.92
1424830945229,37.492478,139.918779,6,0.199,-0.15,9.449,2.92
1424830945325,37.49248,139.918781,6,0.198,-0.203,9.292,2.92
1424830945430,37.492482,139.918783,6,0.248,-0.364,9.411,2.92
1424830945526,37.492484,139.918784,6,0.243,-0.456,9.527,2.92
1424830945625,37.492486,139.918786,6,0.189,-0.466,9.474,2.92
1424830945727,37.492489,139.918788,6,0.162,-0.47,9.446,2.92
1424830945826,37.492491,139.91879,6,0.139,-0.512,9.505,2.92
1424830945929,37.492494,139.918792,6,0.129,-0.56,9.486,2.92
1424830946025,37.492496,139.918793,6,0.113,-0.568,9.402,2.92
1424830946125,37.492498,139.918795,6,0.121,-0.573,9.443,2.92
1424830946226,37.492501,139.918797,6,0.051,-0.546,9.457,2.92
1424830946327,37.492503,139.918799,6,0.037,-0.585,9.49,2.92
1424830946427,37.492505,139.918801,6,0.159,-0.646,9.509,2.92
1424830946528,37.492507,139.918802,5,0.215,-0.631,9.469,2.866
1424830946629,37.492509,139.918803,5,0.252,-0.571,9.407,2.798
1424830946725,37.49251,139.918803,5,0.273,-0.562,9.416,2.735
1424830946825,37.492512,139.918804,5,0.235,-0.633,9.509,2.67
1424830946926,37.492513,139.918805,5,0.217,-0.7,9.537,2.607
1424830947027,37.492514,139.918806,5,0.137,-0.674,9.432,2.544
1424830947127,37.492516,139.918807,5,0.088,-0.656,9.419,2.484
1424830947228,37.492517,139.918807,5,0.104,-0.69,9.464,2.425
1424830947329,37.492518,139.918808,5,0.122,-0.782,9.48,2.367
1424830947430,37.49252,139.918809,5,0.153,-0.952,9.437,2.311
1424830947525,37.49252,139.91881,5,0.175,-1.121,9.485,2.258
1424830947626,37.492521,139.91881,5,0.175,-1.21,9.531,2.203
1424830947727,37.492522,139.918811,5,0.177,-1.221,9.497,2.149
1424830947827,37.492522,139.918812,5,0.183,-1.218,9.464,2.097
1424830947928,37.492523,139.918813,5,0.172,-1.244,9.477,2.046
1424830948029,37.492523,139.918813,5,0.139,-1.254,9.485,1.996
1424830948129,37.492524,139.918814,5,0.122,-1.263,9.468,1.947
1424830948225,37.492524,139.918815,5,0.132,-1.269,9.483,1.902
1424830948326,37.492524,139.918815,5,0.151,-1.274,9.483,1.855
1424830948426,37.492525,139.918816,5,0.165,-1.282,9.471,1.811
1424830948527,37.492525,139.918815,6,0.167,-1.122,9.491,1.775
1424830948628,37.492525,139.918814,6,0.166,-0.622,9.557,1.743
1424830948729,37.492524,139.918814,6,0.163,-0.089,9.469,1.711
1424830948829,37.492524,139.918813,6,0.162,0.197,9.363,1.68
1424830948925,37.492524,139.918812,6,0.163,0.143,9.34,1.651
1424830949026,37.492524,139.918811,6,0.151,-0.037,9.419,1.621
1424830949126,37.492524,139.91881,6,0.147,-0.156,9.482,1.591
1424830949227,37.492523,139.91881,6,0.146,-0.093,9.482,1.562
1424830949328,37.492523,139.918809,6,0.151,0.014,9.461,1.534
1424830949428,37.492523,139.918808,6,0.152,0.05,9.42,1.506
1424830949529,37.492523,139.918807,6,0.16,0.006,9.446,1.5
1424830949625,37.492523,139.918806,6,0.178,-0.046,9.489,1.5
1424830949726,37.492524,139.918806,6,0.167,-0.059,9.466,1.5
1424830949826,37.492524,139.918805,6,0.151,-0.028,9.412,1.5
1424830949927,37.492524,139.918804,6,0.131,-0.001,9.477,1.5
1424830950028,37.492524,139.918803,6,0.135,-0.011,9.487,1.5
1424830950128,37.492524,139.918802,6,0.146,-0.033,9.489,1.5
1424830950229,37.492525,139.918801,6,0.158,-0.006,9.479,1.5
1424830950325,37.492525,139.9188,6,0.173,0.016,9.466,1.5
1424830950426,37.492525,139.918799,6,0.171,-0.0,9.458,1.5
1424830950526,37.492525,139.918798,6,0.14,-0.042,9.465,1.5
1424830950627,37.492525,139.918797,6,0.143,-0.027,9.464,1.5
1424830950728,37.492524,139.918796,6,0.141,-0.001,9.474,1.5
1424830950828,37.492524,139.918794,6,0.15,-0.006,9.443,1.5
1424830950929,37.492524,139.918793,6,0.154,-0.024,9.459,1.5
1424830951025,37.492524,139.918792,6,0.153,-0.026,9.46,1.5
1424830951125,37.492524,139.918791,6,0.161,0.0,9.47,1.5
1424830951226,37.492523,139.91879,6,0.155,-0.002,9.464,1.5
1424830951327,37.492523,139.918788,6,0.161,-0.021,9.47,1.5
1424830951428,37.492523,139.918787,6,0.158,-0.023,9.485,1.5
1424830951528,37.492523,139.918786,6,0.16,-0.012,9.473,1.5
1424830951629,37.492523,139.918785,6,0.165,-0.011,9.449,1.5
1424830951725,37.492522,139.918784,6,0.169,-0.034,9.451,1.5
1424830951825,37.492522,139.918783,6,0.157,-0.028,9.457,1.5
1424830951926,37.492522,139.918782,6,0.155,-0.021,9.449,1.5
1424830952027,37.492522,139.918781,6,0.163,-0.021,9.452,1.5
1424830952127,37.492522,139.91878,6,0.157,-0.025,9.435,1.5
1424830952228,37.492521,139.918778,6,0.151,-0.028,9.458,1.5
1424830952329,37.492521,139.918777,6,0.161,-0.015,9.448,1.5
1424830952425,37.492521,139.918776,6,0.173,-0.021,9.448,1.5
1424830952525,37.492521,139.918775,6,0.163,-0.026,9.432,1.5
1424830952626,37.49252,139.918775,6,0.16,-0.028,9.461,1.5
1424830952727,37.49252,139.918774,6,0.146,-0.023,9.477,1.5
1424830952827,37.49252,139.918773,6,0.142,-0.017,9.446,1.5
1424830952928,37.49252,139.918772,6,0.141,-0.038,9.457,1.5
1424830953029,37.492519,139.918771,6,0.147,-0.038,9.47,1.5
1424830953129,37.492519,139.918771,6,0.154,-0.009,9.479,1.5
1424830953225,37.492519,139.91877,6,0.167,-0.005,9.452,1.5
1424830953326,37.492518,139.918769,6,0.172,-0.011,9.466,1.5
1424830953427,37.492518,139.918768,6,0.162,-0.022,9.474,1.5
1424830953527,37.492518,139.918767,6,0.158,0.001,9.457,1.5
1424830953628,37.492518,139.918767,6,0.146,-0.007,9.451,1.5
1424830953729,37.492518,139.918766,6,0.158,-0.03,9.442,1.5
1424830953829,37.492518,139.918765,6,0.161,-0.026,9.465,1.5
1424830953925,37.492518,139.918764,6,0.156,-0.022,9.457,1.5
1424830954026,37.492517,139.918763,6,0.154,-0.01,9.464,1.5
1424830954127,37.492517,139.918763,6,0.167,-0.027,9.468,1.5
1424830954227,37.492517,139.918762,6,0.175,-0.028,9.464,1.5
1424830954328,37.492517,139.918761,6,0.166,-0.019,9.467,1.5
1424830954429,37.492517,139.91876,6,0.163,-0.001,9.452,1.5
1424830954529,37.492517,139.91876,6,0.143,-0.012,9.462,1.5
1424830954625,37.492517,139.91876,6,0.141,-0.028,9.448,1.5
1424830954726,37.492517,139.91876,6,0.163,-0.018,9.462,1.5
1424830954826,37.492517,139.91876,6,0.189,-0.009,9.466,1.5
1424830954927,37.492517,139.91876,6,0.194,-0.011,9.456,1.5
1424830955028,37.492517,139.91876,6,0.187,-0.02,9.44,1.5
1424830955129,37.492517,139.91876,6,0.165,-0.027,9.43,1.5
1424830955229,37.492517,139.91876,6,0.15,-0.022,9.456,1.5
1424830955325,37.492517,139.91876,6,0.136,-0.009,9.465,1.5
1424830955426,37.492517,139.91876,6,0.153,-0.009,9.461,1.5
1424830955526,37.492517,139.91876,6,0.178,-0.009,9.452,1.5
1424830955627,37.492517,139.91876,6,0.167,-0.014,9.432,1.5
1424830955728,37.492517,139.91876,6,0.164,-0.024,9.443,1.5
1424830955828,37.492517,139.91876,6,0.165,-0.031,9.48,1.5
1424830955929,37.492517,139.91876,6,0.181,-0.028,9.448,1.5
1424830956025,37.492516,139.91876,6,0.191,-0.018,9.439,1.5
1424830956126,37.492516,139.91876,6,0.206,-0.023,9.455,1.5
1424830956226,37.492516,139.91876,6,0.215,-0.02,9.459,1.5
1424830956327,37.492516,139.91876,6,0.232,-0.022,9.468,1.5
1424830956428,37.492516,139.91876,6,0.217,-0.017,9.455,1.5
1424830956528,37.492516,139.91876,6,0.179,-0.029,9.442,1.5
1424830956629,37.492517,139.918761,6,0.164,-0.033,9.463,1.5
1424830956725,37.492517,139.918761,6,0.164,-0.026,9.475,1.5
1424830956826,37.492517,139.918761,6,0.188,-0.013,9.458,1.5
1424830956926,37.492518,139.918762,6,0.2,-0.017,9.456,1.5
1424830957027,37.492518,139.918762,6,0.211,-0.024,9.444,1.5
1424830957128,37.492519,139.918763,6,0.198,-0.018,9.448,1.5
1424830957228,37.492519,139.918763,6,0.182,-0.003,9.471,1.5
1424830957329,37.49252,139.918764,6,0.168,0.004,9.483,1.5
1424830957425,37.49252,139.918764,6,0.193,-0.014,9.468,1.5
1424830957525,37.49252,139.918764,5,0.176,-0.015,9.41,1.5
1424830957626,37.49252,139.918765,5,0.159,-0.017,9.444,1.5
1424830957727,37.492519,139.918765,5,0.157,-0.007,9.513,1.5
1424830957827,37.492519,139.918765,5,0.218,-0.012,9.493,1.5
1424830957928,37.492519,139.918765,5,0.252,-0.009,9.427,1.5
1424830958029,37.492519,139.918766,5,0.226,-0.013,9.439,1.5
1424830958125,37.492519,139.918766,5,0.184,-0.014,9.482,1.5
1424830958225,37.492518,139.918766,5,0.128,-0.017,9.497,1.5
1424830958326,37.492518,139.918767,5,0.135,-0.009,9.478,1.5
1424830958427,37.492518,139.918767,5,0.169,-0.004,9.471,1.5
1424830958527,37.492518,139.918767,5,0.206,-0.002,9.435,1.5
1424830958628,37.492518,139.918767,5,0.237,-0.01,9.461,1.5
1424830958729,37.492518,139.918768,5,0.226,-0.029,9.488,1.5
1424830958825,37.492518,139.918768,5,0.187,-0.015,9.461,1.5
1424830958925,37.492518,139.918768,5,0.17,-0.006,9.457,1.5
1424830959026,37.492519,139.918768,5,0.166,-0.013,9.469,1.5
1424830959127,37.492519,139.918768,5,0.203,-0.031,9.466,1.5
1424830959227,37.492519,139.918769,5,0.245,-0.029,9.469,1.5
1424830959328,37.492519,139.918769,5,0.246,-0.013,9.464,1.5
1424830959429,37.492519,139.918769,5,0.247,-0.006,9.464,1.5
1424830959530,37.492519,139.918769,5,0.239,-0.011,9.462,1.5
1424830959625,37.492519,139.918769,5,0.229,-0.015,9.458,1.5
1424830959731,37.492519,139.918769,5,0.197,-0.019,9.465,1.5
1424830959827,37.492519,139.918769,5,0.195,-0.007,9.468,1.5
1424830959926,37.492519,139.918769,5,0.192,-0.005,9.476,1.5
1424830960028,37.492518,139.91877,5,0.207,-0.012,9.469,1.5
1424830960127,37.492518,139.91877,5,0.225,-0.017,9.462,1.5
1424830960229,37.492518,139.91877,5,0.21,-0.018,9.45,1.5
1424830960325,37.492518,139.91877,5,0.245,-0.03,9.499,1.5
1424830960426,37.492518,139.91877,5,0.268,-0.027,9.485,1.5
1424830960527,37.492518,139.91877,5,0.27,-0.015,9.431,1.5
1424830960627,37.492518,139.91877,5,0.242,-0.014,9.449,1.5
1424830960728,37.492518,139.91877,5,0.167,-0.001,9.476,1.5
1424830960829,37.492518,139.91877,5,0.154,-0.011,9.453,1.5
1424830960929,37.492518,139.91877,5,0.171,-0.008,9.476,1.5
1424830961025,37.492518,139.91877,5,0.213,-0.031,9.472,1.5
1424830961126,37.492518,139.91877,5,0.244,-0.027,9.434,1.5
1424830961226,37.492518,139.91877,5,0.243,-0.021,9.439,1.5
1424830961327,37.492518,139.91877,5,0.23,-0.03,9.459,1.5
1424830961428,37.492518,139.91877,5,0.215,-0.028,9.462,1.5
1424830961529,37.492518,139.91877,3,0.197,-0.012,9.45,1.5
1424830961629,37.492518,139.91877,3,0.177,-0.012,9.454,1.5
1424830961725,37.492518,139.91877,3,0.194,-0.023,9.481,1.5
1424830961826,37.492518,139.91877,3,0.193,-0.029,9.459,1.5
1424830961926,37.492518,139.91877,3,0.212,-0.015,9.456,1.5
1424830962027,37.492518,139.91877,3,0.211,-0.007,9.47,1.5
1424830962128,37.492518,139.91877,3,0.213,-0.009,9.453,1.5
1424830962229,37.492518,139.91877,3,0.229,-0.015,9.461,1.5
1424830962329,37.492518,139.91877,3,0.238,-0.013,9.483,1.5
1424830962425,37.492518,139.91877,3,0.241,-0.017,9.461,1.5
1424830962526,37.492518,139.91877,3,0.251,-0.02,9.451,1.5
1424830962626,37.492518,139.91877,3,0.228,-0.02,9.469,1.5
1424830962727,37.492518,139.91877,3,0.166,-0.016,9.473,1.5
1424830962828,37.492518,139.91877,3,0.145,-0.004,9.481,1.5
1424830962928,37.492518,139.91877,3,0.159,-0.011,9.471,1.5
1424830963029,37.492518,139.91877,3,0.21,-0.018,9.441,1.5
1424830963125,37.492518,139.91877,3,0.244,-0.01,9.442,1.5
1424830963225,37.492518,139.91877,3,0.255,-0.004,9.454,1.5
1424830963326,37.492518,139.91877,3,0.239,0.001,9.46,1.5
1424830963427,37.492518,139.91877,3,0.199,-0.013,9.456,1.5
1424830963528,37.492518,139.91877,3,0.183,-0.006,9.482,1.5
1424830963628,37.492518,139.91877,3,0.169,0.002,9.507,1.5
1424830963729,37.492518,139.91877,3,0.183,-0.006,9.477,1.5
1424830963825,37.492518,139.91877,3,0.217,-0.016,9.467,1.5
1424830963925,37.492518,139.91877,3,0.248,-0.01,9.466,1.5
1424830964026,37.492518,139.91877,3,0.262,0.002,9.466,1.5
1424830964127,37.492518,139.91877,3,0.246,-0.009,9.47,1.5
1424830964227,37.492518,139.91877,3,0.196,-0.018,9.449,1.5
1424830964328,37.492518,139.91877,3,0.157,-0.008,9.485,1.5
1424830964429,37.492518,139.91877,3,0.157,0.001,9.486,1.5
1424830964525,37.492518,139.91877,3,0.17,0.003,9.455,1.5
1424830964625,37.492518,139.91877,3,0.2,-0.02,9.444,1.5
1424830964726,37.492518,139.91877,3,0.226,-0.014,9.459,1.5
1424830964827,37.492518,139.91877,3,0.228,0.002,9.444,1.5
1424830964927,37.492518,139.91877,3,0.223,-0.011,9.428,1.5
1424830965028,37.492518,139.91877,3,0.222,-0.022,9.504,1.5
1424830965129,37.492518,139.91877,3,0.193,-0.019,9.489,1.5
1424830965225,37.492518,139.91877,3,0.197,-0.012,9.478,1.5
1424830965325,37.492518,139.91877,3,0.211,-0.005,9.479,1.5
1424830965426,37.492518,139.91877,3,0.211,-0.002,9.462,1.5
1424830965527,37.492518,139.91877,4,0.192,-0.011,9.459,1.5
1424830965627,37.492518,139.91877,4,0.194,-0.011,9.468,1.5
1424830965728,37.492518,139.91877,4,0.193,-0.002,9.47,1.5
1424830965829,37.492518,139.91877,4,0.2,-0.004,9.449,1.5
1424830965929,37.492518,139.91877,4,0.214,-0.014,9.473,1.5
1424830966025,37.492519,139.91877,4,0.221,-0.023,9.469,1.5
1424830966126,37.492519,139.91877,4,0.206,-0.007,9.468,1.5
1424830966227,37.492519,139.91877,4,0.198,0.001,9.456,1.5
1424830966327,37.492519,139.91877,4,0.196,-0.009,9.442,1.5
1424830966428,37.492519,139.91877,4,0.172,-0.016,9.447,1.5
1424830966529,37.492519,139.91877,4,0.17,-0.003,9.478,1.5
1424830966629,37.492519,139.91877,4,0.193,-0.002,9.429,1.5
1424830966725,37.492519,139.91877,4,0.221,-0.002,9.435,1.5
1424830966826,37.492519,139.91877,4,0.22,-0.023,9.444,1.5
1424830966926,37.492519,139.91877,4,0.201,-0.022,9.459,1.5
1424830967027,37.492519,139.91877,4,0.197,-0.009,9.481,1.5
1424830967128,37.492519,139.91877,4,0.207,0.0,9.466,1.5
1424830967229,37.492519,139.91877,4,0.201,-0.006,9.457,1.5
1424830967329,37.492519,139.91877,4,0.186,-0.025,9.47,1.5
1424830967425,37.492519,139.91877,4,0.176,-0.012,9.478,1.5
1424830967526,37.492519,139.91877,4,0.186,-0.014,9.455,1.5
1424830967626,37.492519,139.91877,4,0.214,-0.008,9.479,1.5
1424830967727,37.492519,139.91877,4,0.234,0.002,9.472,1.5
1424830967828,37.492519,139.91877,4,0.226,-0.008,9.446,1.5
1424830967929,37.492519,139.91877,4,0.196,-0.022,9.458,1.5
1424830968029,37.492519,139.91877,4,0.16,-0.021,9.47,1.5
1424830968125,37.492519,139.91877,4,0.149,-0.016,9.468,1.5
1424830968226,37.492519,139.91877,4,0.158,0.004,9.47,1.5
1424830968326,37.492519,139.91877,4,0.17,-0.006,9.463,1.5
1424830968427,37.492519,139.91877,4,0.17,0.002,9.474,1.5
1424830968528,37.492519,139.91877,4,0.178,-0.014,9.469,1.5
1424830968628,37.492519,139.91877,4,0.187,-0.003,9.475,1.5
1424830968729,37.492519,139.91877,4,0.19,0.017,9.484,1.5
1424830968825,37.492519,139.91877,4,0.198,0.011,9.462,1.5
1424830968926,37.492519,139.91877,4,0.186,-0.005,9.466,1.5
1424830969026,37.492519,139.91877,4,0.176,-0.007,9.464,1.5
1424830969127,37.492519,139.91877,4,0.173,0.002,9.485,1.5
1424830969228,37.492519,139.91877,4,0.174,0.015,9.472,1.5
1424830969328,37.492519,139.91877,4,0.183,0.004,9.466,1.5
1424830969429,37.492519,139.91877,4,0.184,0.003,9.448,1.5
1424830969525,37.492519,139.91877,4,0.183,0.037,9.448,1.5
1424830969626,37.492519,139.91877,4,0.181,0.099,9.443,1.5
1424830969726,37.492519,139.91877,4,0.168,0.176,9.464,1.5
1424830969827,37.492519,139.91877,4,0.159,0.285,9.475,1.5
1424830969928,37.492519,139.91877,4,0.157,0.388,9.463,1.5
1424830970028,37.492519,139.91877,4,0.182,0.453,9.434,1.5
1424830970129,37.492519,139.91877,4,0.178,0.484,9.444,1.5
1424830970225,37.492519,139.91877,4,0.165,0.503,9.452,1.5
1424830982224,37.4929,139.919076,7,0.165,0.503,9.452,6.125
1424830990225,37.493375,139.919401,8,0.162,0.499,9.449,8.686
1424830990326,37.493381,139.919406,8,0.138,0.309,9.363,8.661
1424830990427,37.493386,139.919411,8,0.111,0.075,9.944,8.636
1424830990527,37.493392,139.919415,8,0.172,0.016,10.175,8.591
1424830990628,37.493398,139.919419,8,0.039,0.055,9.507,8.541
1424830990729,37.493405,139.919423,8,0.064,0.008,9.124,8.49
1424830990829,37.493411,139.919427,8,0.12,-0.047,9.57,8.441
1424830990925,37.493417,139.91943,8,0.16,0.079,9.846,8.394
1424830991026,37.493424,139.919434,8,0.134,0.104,9.745,8.344
1424830991127,37.49343,139.919438,8,-0.016,0.198,9.075,8.295
1424830991227,37.493436,139.919442,8,0.034,0.146,9.022,8.247
1424830991328,37.493443,139.919445,8,0.034,0.072,9.564,8.198
1424830991429,37.493449,139.919449,8,0.135,0.124,9.737,8.15
1424830991529,37.493454,139.919452,9,0.146,0.074,9.311,8.1
1424830991625,37.493459,139.919454,9,0.088,0.048,9.352,8.052
1424830991726,37.493464,139.919457,9,0.087,0.026,9.597,8.002
1424830991827,37.49347,139.91946,9,0.067,0.109,9.538,7.952
1424830991927,37.493475,139.919462,9,0.079,0.234,9.324,7.902
1424830992028,37.49348,139.919465,9,0.167,0.243,9.145,7.853
1424830992129,37.493485,139.919467,9,0.052,0.185,9.408,7.804
1424830992229,37.49349,139.91947,9,0.093,0.136,9.664,7.756
1424830992325,37.493495,139.919472,9,0.141,0.026,9.632,7.71
1424830992426,37.4935,139.919474,9,0.077,0.101,9.358,7.661
1424830992526,37.493507,139.919477,9,0.08,0.144,9.328,7.704
1424830992627,37.493514,139.919481,9,0.076,0.147,9.522,7.776
1424830992728,37.493522,139.919484,9,0.179,0.2,9.678,7.849
1424830992829,37.49353,139.919488,9,0.246,0.236,9.534,7.922
1424830992929,37.493538,139.919491,9,0.219,0.213,9.406,7.996
1424830993025,37.493546,139.919494,9,0.185,0.175,9.449,8.067
1424830993126,37.493554,139.919498,9,0.123,0.164,9.58,8.143
1424830993226,37.493562,139.919501,9,0.2,0.224,9.352,8.218
1424830993327,37.49357,139.919505,9,0.285,0.276,9.221,8.295
1424830993428,37.493578,139.919508,9,0.285,0.2,9.399,8.373
1424830993529,37.493584,139.919511,9,0.335,0.149,9.593,8.37
1424830993629,37.493589,139.919513,9,0.37,0.137,9.546,8.345
1424830993725,37.493594,139.919515,9,0.365,0.142,9.341,8.32
1424830993826,37.493599,139.919517,9,0.364,0.223,9.294,8.295
1424830993926,37.493604,139.919519,9,0.381,0.224,9.465,8.27
1424830994027,37.493608,139.919521,9,0.433,0.178,9.591,8.245
1424830994128,37.493613,139.919523,9,0.41,0.114,9.529,8.22
1424830994228,37.493618,139.919525,9,0.309,0.085,9.449,8.195
1424830994329,37.493623,139.919527,9,0.292,0.13,9.326,8.17
1424830994425,37.493628,139.919529,9,0.283,0.138,9.483,8.146
1424830994526,37.493634,139.919534,9,0.273,0.056,9.717,8.194
1424830994626,37.49364,139.91954,9,0.146,0.113,9.594,8.266
1424830994727,37.493646,139.919546,9,0.151,0.093,9.304,8.339
1424830994828,37.493653,139.919552,9,0.198,0.029,9.409,8.412
1424830994928,37.493659,139.919558,9,0.289,0.107,9.41,8.486
1424830995029,37.493666,139.919564,9,0.245,0.161,9.341,8.561
1424830995125,37.493672,139.91957,9,0.162,0.009,9.57,8.632
1424830995225,37.493679,139.919576,9,0.099,-0.023,9.614,8.708
1424830995326,37.493686,139.919582,9,0.091,0.07,9.364,8.785
1424830995427,37.493692,139.919589,9,0.113,0.118,9.276,8.862
1424830995528,37.493701,139.919595,8,0.123,0.135,9.459,8.88
1424830995628,37.493709,139.919602,8,0.11,0.156,9.441,8.88
1424830995729,37.493717,139.919608,8,0.141,0.196,9.234,8.88
1424830995825,37.493725,139.919615,8,0.161,0.095,9.442,8.88
1424830995925,37.493734,139.919621,8,0.159,0.038,9.674,8.88
1424830996026,37.493742,139.919628,8,0.129,0.163,9.413,8.88
1424830996127,37.493751,139.919635,8,0.155,0.187,9.208,8.88
1424830996228,37.493759,139.919641,8,0.11,0.166,9.59,8.88
1424830996328,37.493768,139.919648,8,0.06,0.243,9.632,8.88
1424830996429,37.493776,139.919655,8,-0.012,0.161,9.523,8.88
1424830996525,37.493785,139.919661,10,-0.008,0.055,9.543,8.933
1424830996625,37.493794,139.919669,10,0.054,0.179,9.325,9.005
1424830996726,37.493803,139.919676,10,0.196,0.23,9.202,9.078
1424830996827,37.493813,139.919684,10,0.121,0.184,9.332,9.152
1424830996927,37.493822,139.919691,10,-0.029,0.0,9.745,9.226
1424830997028,37.493832,139.919699,10,-0.072,-0.263,10.063,9.301
1424830997129,37.493842,139.919706,10,0.058,-0.018,9.267,9.376
1424830997230,37.493851,139.919714,10,0.168,0.121,8.814,9.452
1424830997325,37.493861,139.919721,10,0.171,0.042,9.351,9.524
1424830997426,37.493871,139.919729,10,0.128,0.015,9.968,9.602
1424830997527,37.493879,139.919735,10,0.078,0.003,9.435,9.561
1424830997627,37.493886,139.919739,10,0.214,-0.001,9.141,9.485
1424830997728,37.493894,139.919744,10,0.352,-0.01,9.312,9.408
1424830997829,37.493901,139.919748,10,0.375,0.038,9.576,9.333
1424830997929,37.493909,139.919753,10,0.375,0.065,9.603,9.258
1424830998025,37.493916,139.919757,10,0.352,0.069,9.445,9.187
1424830998126,37.493923,139.919761,10,0.31,0.096,9.438,9.113
1424830998227,37.49393,139.919765,10,0.341,0.111,9.382,9.04
1424830998327,37.493937,139.91977,10,0.275,0.187,9.421,8.968
1424830998428,37.493944,139.919774,10,0.148,0.167,9.47,8.896
1424830998529,37.493952,139.919778,7,0.093,0.011,9.457,8.918
1424830998629,37.49396,139.919783,7,-0.073,-0.241,9.527,8.966
1424830998725,37.493968,139.919787,7,-0.031,-0.25,9.307,9.012
1424830998826,37.493976,139.919791,7,0.03,-0.197,9.154,9.061
1424830998926,37.493984,139.919795,7,0.079,-0.307,9.459,9.11
1424830999027,37.493992,139.9198,7,0.082,-0.498,9.944,9.16
1424830999128,37.494,139.919804,7,0.063,-0.432,9.601,9.209
1424830999229,37.494009,139.919808,7,0.005,-0.284,9.13,9.259
1424830999329,37.494017,139.919813,7,0.032,-0.285,9.222,9.309
1424830999425,37.494025,139.919817,7,0.004,-0.236,9.469,9.357
1424830999526,37.494032,139.919822,7,0.053,-0.212,9.582,9.406
1424830999626,37.494039,139.919827,7,0.065,-0.392,9.479,9.454
1424830999727,37.494047,139.919833,7,0.069,-0.417,9.394,9.503
1424830999828,37.494054,139.919838,7,0.024,-0.389,9.425,9.552
1424830999929,37.494061,139.919844,7,-0.016,-0.33,9.373,9.602
1424831000029,37.494068,139.919849,7,0.005,-0.227,9.281,9.651
1424831000125,37.494075,139.919855,7,0.091,-0.31,9.484,9.698
1424831000226,37.494083,139.91986,7,0.104,-0.487,9.746,9.748
1424831000326,37.49409,139.919866,7,0.06,-0.403,9.588,9.798
1424831000427,37.494097,139.919872,7,0.027,-0.372,9.373,9.848
1424831000528,37.494104,139.919877,6,-0.01,-0.377,9.517,9.758
1424831000628,37.494111,139.919881,6,0.063,-0.32,9.73,9.629
1424831000729,37.494118,139.919886,6,0.032,-0.398,9.832,9.5
1424831000825,37.494125,139.91989,6,-0.174,-0.214,9.327,9.38
1424831000926,37.494132,139.919895,6,-0.17,-0.116,9.088,9.254
1424831001026,37.494138,139.919899,6,-0.109,-0.21,9.29,9.132
1424831001127,37.494145,139.919903,6,0.134,-0.23,9.439,9.009
1424831001228,37.494151,139.919908,6,0.286,-0.192,9.246,8.889
1424831001328,37.494157,139.919912,6,0.264,-0.411,9.243,8.771
1424831001429,37.494164,139.919916,6,0.24,-0.447,9.443,8.654
1424831001525,37.494168,139.919919,8,0.356,-0.5,9.583,8.592
1424831001625,37.494173,139.919922,8,0.404,-0.524,9.61,8.542
1424831001726,37.494177,139.919925,8,0.245,-0.488,9.592,8.492
1424831001827,37.494182,139.919928,8,0.142,-0.366,9.579,8.442
1424831001928,37.494186,139.919931,8,-0.011,-0.398,9.72,8.392
1424831002028,37.49419,139.919934,8,-0.062,-0.318,9.729,8.343
1424831002129,37.494194,139.919937,8,-0.048,-0.232,9.542,8.294
1424831002230,37.494199,139.91994,8,-0.059,-0.235,9.358,8.245
1424831002325,37.494203,139.919942,8,-0.182,-0.249,9.431,8.2
1424831002431,37.494207,139.919945,8,-0.189,-0.232,9.451,8.149
1424831002527,37.494213,139.919949,8,-0.114,-0.304,9.59,8.101
1424831002626,37.49422,139.919953,8,0.015,-0.382,9.626,8.052
1424831002728,37.494227,139.919957,8,0.205,-0.291,9.313,8.001
1424831002827,37.494233,139.919961,8,0.304,-0.369,9.378,7.952
1424831002925,37.49424,139.919965,8,0.362,-0.376,9.429,7.903
1424831003025,37.494246,139.919969,8,0.27,-0.304,9.489,7.855
1424831003126,37.494253,139.919973,8,0.196,-0.202,9.177,7.805
1424831003227,37.49426,139.919977,8,0.257,-0.325,9.498,7.757
1424831003327,37.494266,139.91998,8,0.165,-0.409,9.659,7.709
1424831003428,37.494273,139.919984,8,0.152,-0.276,9.276,7.66
1424831003529,37.494279,139.91999,9,0.164,-0.303,9.355,7.688
1424831003625,37.494285,139.919995,9,0.081,-0.424,9.453,7.734
1424831003725,37.494292,139.920001,9,0.075,-0.411,9.647,7.782
1424831003826,37.494298,139.920007,9,0.02,-0.343,9.608,7.831
1424831003927,37.494305,139.920013,9,-0.021,-0.285,9.243,7.88
1424831004027,37.494312,139.920019,9,0.138,-0.333,9.472,7.929
1424831004128,37.494318,139.920025,9,0.201,-0.414,9.711,7.979
1424831004229,37.494325,139.920031,9,0.147,-0.316,9.53,8.029
1424831004329,37.494332,139.920037,9,0.184,-0.215,9.255,8.079
1424831004425,37.494338,139.920042,9,0.26,-0.272,9.286,8.127
1424831004526,37.494344,139.920048,9,0.265,-0.377,9.545,8.121
1424831004626,37.49435,139.920054,9,0.222,-0.253,9.45,8.095
1424831004727,37.494356,139.92006,9,0.233,-0.239,9.364,8.07
1424831004828,37.494362,139.920065,9,0.393,-0.349,9.329,8.045
1424831004929,37.494368,139.920071,9,0.374,-0.398,9.399,8.019
1424831005029,37.494374,139.920077,9,0.142,-0.271,9.323,7.994
1424831005125,37.494379,139.920082,9,0.242,-0.335,9.43,7.97
1424831005226,37.494385,139.920088,9,0.375,-0.554,9.831,7.945
1424831005326,37.494391,139.920093,9,0.232,-0.396,9.472,7.921
1424831005427,37.494397,139.920099,9,0.251,-0.281,9.307,7.896
1424831005528,37.494401,139.920101,9,0.195,-0.266,9.368,7.718
1424831005629,37.494405,139.920103,9,0.116,-0.427,9.52,7.501
1424831005729,37.494408,139.920105,9,0.073,-0.397,9.655,7.291
1424831005825,37.494411,139.920107,9,0.201,-0.352,9.661,7.094
1424831005926,37.494415,139.920109,9,0.301,-0.303,9.303,6.893
1424831006026,37.494418,139.92011,9,0.378,-0.285,9.263,6.7
1424831006127,37.494421,139.920112,9,0.363,-0.312,9.299,6.51
1424831006228,37.494424,139.920114,9,0.353,-0.335,9.561,6.325
1424831006329,37.494428,139.920115,9,0.415,-0.37,9.555,6.147
1424831006429,37.49443,139.920117,9,0.279,-0.274,9.441,5.975
1424831006525,37.494435,139.92012,9,0.171,-0.18,9.431,5.922
1424831006626,37.49444,139.920123,9,0.218,-0.158,9.28,5.897
1424831006726,37.494446,139.920127,9,0.415,-0.163,9.426,5.873
1424831006827,37.494451,139.92013,9,0.349,-0.15,9.579,5.848
1424831006928,37.494457,139.920133,9,0.313,-0.176,9.479,5.824
1424831007028,37.494462,139.920137,9,0.218,-0.305,9.455,5.8
1424831007129,37.494467,139.92014,9,0.159,-0.444,9.517,5.776
1424831007225,37.494472,139.920143,9,0.211,-0.432,9.333,5.753
1424831007325,37.494477,139.920147,9,0.178,-0.511,9.566,5.729
1424831007426,37.494483,139.92015,9,0.107,-0.499,9.547,5.706
1424831007527,37.494485,139.920152,8,0.117,-0.566,9.542,5.681
1424831007628,37.494487,139.920154,8,0.148,-0.518,9.423,5.657
1424831007728,37.494489,139.920156,8,0.191,-0.511,9.37,5.632
1424831007829,37.494491,139.920158,8,0.171,-0.508,9.502,5.608
1424831007925,37.494493,139.92016,8,0.241,-0.523,9.466,5.585
1424831008025,37.494495,139.920162,8,0.243,-0.507,9.372,5.561
1424831008126,37.494497,139.920164,8,0.188,-0.563,9.465,5.537
1424831008227,37.494499,139.920166,8,0.267,-0.56,9.566,5.513
1424831008328,37.494501,139.920168,8,0.158,-0.533,9.417,5.489
1424831008428,37.494503,139.92017,8,0.116,-0.603,9.584,5.465
1424831008529,37.494505,139.920172,8,0.06,-0.595,9.517,5.441
1424831008625,37.494508,139.920175,8,0.061,-0.484,9.301,5.417
1424831008725,37.494511,139.920178,8,0.093,-0.481,9.298,5.393
1424831008826,37.494514,139.920181,8,0.136,-0.611,9.504,5.368
1424831008927,37.494517,139.920184,8,0.048,-0.594,9.481,5.344
1424831009027,37.49452,139.920187,8,0.136,-0.586,9.38,5.32
1424831009128,37.494523,139.92019,8,0.095,-0.681,9.582,5.296
1424831009229,37.494526,139.920193,8,-0.021,-0.754,9.583,5.272
1424831009325,37.494528,139.920195,8,-0.063,-0.793,9.432,5.249
1424831009425,37.494531,139.920198,8,-0.001,-0.768,9.396,5.226
1424831009526,37.494535,139.920201,6,0.146,-0.804,9.446,5.141
1424831009627,37.494538,139.920204,6,0.405,-0.765,9.41,5.038
1424831009727,37.494542,139.920207,6,0.445,-0.716,9.302,4.938
1424831009828,37.494545,139.920209,6,0.321,-0.765,9.465,4.839
1424831009929,37.494548,139.920212,6,0.172,-0.805,9.549,4.741
1424831010029,37.494551,139.920215,6,0.055,-0.861,9.591,4.647
1424831010125,37.494554,139.920217,6,-0.042,-0.878,9.57,4.558
1424831010226,37.494557,139.92022,6,-0.074,-0.893,9.622,4.466
1424831010327,37.49456,139.920222,6,0.075,-0.892,9.454,4.377
1424831010427,37.494563,139.920224,6,0.104,-0.929,9.522,4.29
1424831010528,37.494566,139.920226,6,0.394,-0.803,9.198,4.212
1424831010629,37.494567,139.920228,6,0.505,-0.895,9.372,4.138
1424831010729,37.494569,139.92023,6,0.388,-0.851,9.471,4.065
1424831010825,37.494571,139.920232,6,0.311,-0.749,9.426,3.997
1424831010926,37.494573,139.920233,6,0.312,-0.794,9.471,3.926
1424831011027,37.494575,139.920235,6,0.246,-0.862,9.527,3.857
1424831011127,37.494577,139.920237,6,0.139,-0.827,9.43,3.79
1424831011228,37.494578,139.920238,6,0.177,-0.865,9.448,3.723
1424831011329,37.49458,139.92024,6,0.163,-0.862,9.607,3.657
1424831011429,37.494582,139.920242,6,0.139,-0.877,9.511,3.593
1424831011525,37.494583,139.920243,6,0.223,-0.915,9.41,3.526
1424831011626,37.494585,139.920245,6,0.186,-0.876,9.372,3.454
1424831011726,37.494587,139.920247,6,0.128,-0.881,9.515,3.384
1424831011827,37.494588,139.920248,6,0.114,-0.841,9.53,3.315
1424831011928,37.49459,139.92025,6,0.065,-0.853,9.436,3.248
1424831012029,37.494592,139.920252,6,0.143,-0.904,9.438,3.182
1424831012129,37.494593,139.920253,6,0.186,-0.898,9.471,3.117
1424831012225,37.494595,139.920255,6,0.237,-0.86,9.5,3.057
1424831012326,37.494596,139.920256,6,0.303,-0.819,9.373,2.995
1424831012426,37.494598,139.920258,6,0.369,-0.853,9.396,2.934
1424831012527,37.494599,139.920259,6,0.353,-0.914,9.486,2.849
1424831012628,37.494601,139.920259,6,0.261,-0.908,9.446,2.759
1424831012729,37.494603,139.92026,6,0.201,-0.94,9.423,2.671
1424831012829,37.494604,139.920261,6,0.194,-1.028,9.549,2.587
1424831012925,37.494606,139.920261,6,0.222,-1.057,9.504,2.508
1424831013026,37.494607,139.920262,6,0.225,-1.043,9.376,2.428
1424831013126,37.494609,139.920262,6,0.167,-1.068,9.443,2.351
1424831013227,37.49461,139.920263,6,0.145,-1.105,9.544,2.276
1424831013328,37.494611,139.920263,6,0.172,-1.111,9.481,2.204
1424831013428,37.494613,139.920264,6,0.216,-1.127,9.426,2.135
1424831013529,37.494614,139.920265,5,0.238,-1.145,9.446,2.072
1424831013625,37.494615,139.920266,5,0.228,-1.125,9.433,2.014
1424831013726,37.494616,139.920268,5,0.162,-1.084,9.405,1.955
1424831013826,37.494617,139.920269,5,0.064,-1.075,9.448,1.898
1424831013927,37.494618,139.92027,5,-0.027,-1.089,9.516,1.843
1424831014028,37.494619,139.920271,5,-0.075,-1.09,9.503,1.789
1424831014128,37.494619,139.920273,5,-0.06,-1.091,9.478,1.737
1424831014229,37.49462,139.920274,5,-0.023,-1.053,9.483,1.686
1424831014325,37.494621,139.920275,5,0.016,-0.804,9.536,1.639
1424831014425,37.494622,139.920276,5,0.048,-0.369,9.518,1.592
1424831014526,37.494622,139.920276,5,0.062,0.032,9.426,1.574
1424831014627,37.494622,139.920277,5,0.069,0.238,9.37,1.566
1424831014728,37.494623,139.920277,5,0.076,0.184,9.355,1.557
1424831014828,37.494623,139.920277,5,0.075,0.027,9.414,1.549
1424831014929,37.494623,139.920277,5,0.063,-0.083,9.486,1.541
1424831015025,37.494623,139.920278,5,0.03,-0.071,9.5,1.533
1424831015125,37.494623,139.920278,5,0.016,0.009,9.462,1.526
1424831015226,37.494624,139.920278,5,0.027,0.047,9.428,1.518
1424831015327,37.494624,139.920279,5,0.045,0.021,9.433,1.51
1424831015427,37.494624,139.920279,5,0.066,-0.012,9.464,1.502
1424831015528,37.494624,139.920279,6,0.077,-0.004,9.467,1.5
1424831015629,37.494624,139.92028,6,0.069,0.019,9.446,1.5
1424831015725,37.494624,139.92028,6,0.051,0.022,9.441,1.5
1424831015825,37.494624,139.92028,6,0.03,0.006,9.453,1.5
1424831015926,37.494624,139.920281,6,0.032,0.006,9.459,1.5
1424831016027,37.494623,139.920281,6,0.043,0.019,9.451,1.5
1424831016127,37.494623,139.920282,6,0.054,0.021,9.434,1.5
1424831016228,37.494623,139.920282,6,0.048,0.012,9.443,1.5
1424831016329,37.494623,139.920283,6,0.057,0.01,9.45,1.5
1424831016425,37.494623,139.920283,6,0.06,0.02,9.463,1.5
1424831016530,37.494623,139.920283,6,0.051,0.02,9.453,1.5
1424831016626,37.494623,139.920283,6,0.05,0.015,9.452,1.5
1424831016725,37.494624,139.920284,6,0.052,0.012,9.458,1.5
1424831016827,37.494624,139.920284,6,0.051,0.015,9.451,1.5
1424831016926,37.494624,139.920284,6,0.049,0.024,9.452,1.5
1424831017029,37.494624,139.920284,6,0.048,0.018,9.451,1.5
1424831017128,37.494624,139.920284,6,0.047,0.018,9.451,1.5
1424831017225,37.494625,139.920285,6,0.053,0.016,9.459,1.5
1424831017327,37.494625,139.920285,6,0.056,0.018,9.458,1.5
1424831017427,37.494625,139.920285,6,0.053,0.017,9.459,1.5
1424831017527,37.494625,139.920285,6,0.05,0.016,9.455,1.5
1424831017628,37.494625,139.920285,6,0.044,0.017,9.44,1.5
1424831017729,37.494625,139.920285,6,0.044,0.012,9.452,1.5
1424831017829,37.494625,139.920285,6,0.053,0.013,9.465,1.5
1424831017925,37.494625,139.920285,6,0.048,0.026,9.457,1.5
1424831018026,37.494626,139.920286,6,0.052,0.023,9.462,1.5
1424831018126,37.494626,139.920286,6,0.055,0.018,9.464,1.5
1424831018227,37.494626,139.920286,6,0.048,0.008,9.444,1.5
1424831018328,37.494626,139.920286,6,0.053,0.018,9.453,1.5
1424831018429,37.494626,139.920286,6,0.051,0.026,9.454,1.5
1424831018529,37.494626,139.920286,6,0.048,0.027,9.444,1.5
1424831018625,37.494626,139.920287,6,0.049,0.016,9.447,1.5
1424831018726,37.494627,139.920287,6,0.051,0.011,9.45,1.5
1424831018826,37.494627,139.920287,6,0.05,0.03,9.456,1.5
1424831018927,37.494627,139.920287,6,0.054,0.023,9.461,1.5
1424831019028,37.494627,139.920288,6,0.054,0.019,9.456,1.5
1424831019128,37.494627,139.920288,6,0.053,0.021,9.47,1.5
1424831019229,37.494628,139.920288,6,0.053,0.027,9.472,1.5
1424831019325,37.494628,139.920289,6,0.052,0.027,9.463,1.5
1424831019426,37.494628,139.920289,6,0.057,0.022,9.464,1.5
1424831019526,37.494628,139.920289,6,0.053,0.021,9.463,1.5
1424831019627,37.494628,139.920289,6,0.057,0.026,9.461,1.5
1424831019728,37.494628,139.92029,6,0.053,0.033,9.455,1.5
1424831019828,37.494628,139.92029,6,0.046,0.028,9.444,1.5
1424831019929,37.494628,139.92029,6,0.044,0.024,9.447,1.5
1424831020025,37.494628,139.92029,6,0.049,0.029,9.469,1.5
1424831020126,37.494628,139.92029,6,0.056,0.028,9.471,1.5
1424831020226,37.494628,139.920291,6,0.055,0.028,9.463,1.5
1424831020328,37.494628,139.920291,6,0.052,0.024,9.455,1.5
1424831020428,37.494628,139.920291,6,0.042,0.024,9.464,1.5
1424831020528,37.494628,139.920291,6,0.049,0.024,9.472,1.5
1424831020629,37.494629,139.920291,6,0.059,0.033,9.462,1.5
1424831020725,37.494629,139.920291,6,0.057,0.019,9.459,1.5
1424831020825,37.494629,139.920291,6,0.052,0.021,9.463,1.5
1424831020926,37.494629,139.920291,6,0.052,0.027,9.472,1.5
1424831021027,37.49463,139.920291,6,0.064,0.025,9.478,1.5
1424831021128,37.49463,139.920291,6,0.058,0.014,9.463,1.5
1424831021228,37.49463,139.920291,6,0.053,0.011,9.46,1.5
1424831021329,37.494631,139.920291,6,0.048,0.022,9.455,1.5
1424831021425,37.494631,139.920291,6,0.052,0.029,9.465,1.5
1424831021525,37.494631,139.920291,6,0.061,0.025,9.46,1.5
1424831021626,37.494631,139.920292,6,0.06,0.004,9.45,1.5
1424831021727,37.494631,139.920292,6,0.044,0.006,9.449,1.5
1424831021827,37.494631,139.920292,6,0.052,0.016,9.466,1.5
1424831021928,37.494631,139.920292,6,0.058,0.015,9.456,1.5
1424831022029,37.494632,139.920293,6,0.059,0.008,9.455,1.5
1424831022125,37.494632,139.920293,6,0.055,0.008,9.458,1.5
1424831022225,37.494632,139.920293,6,0.043,0.027,9.46,1.5
1424831022326,37.494632,139.920294,6,0.038,0.03,9.446,1.5
1424831022427,37.494632,139.920294,6,0.053,0.01,9.449,1.5
1424831022527,37.494632,139.920294,6,0.055,0.015,9.462,1.5
1424831022628,37.494632,139.920295,6,0.051,0.025,9.455,1.5
1424831022729,37.494632,139.920295,6,0.057,0.034,9.461,1.5
1424831022830,37.494632,139.920295,6,0.05,0.038,9.46,1.5
1424831022925,37.494632,139.920295,6,0.048,0.029,9.463,1.5
1424831023026,37.494633,139.920296,6,0.051,0.034,9.456,1.5
1424831023127,37.494633,139.920296,6,0.052,0.035,9.458,1.5
1424831023227,37.494633,139.920296,6,0.045,0.029,9.451,1.5
1424831023329,37.494633,139.920297,6,0.049,0.008,9.459,1.5
1424831023429,37.494633,139.920297,6,0.049,0.007,9.468,1.5
1424831023529,37.494633,139.920297,6,0.048,0.009,9.463,1.5
1424831023625,37.494634,139.920298,6,0.045,0.015,9.464,1.5
1424831023726,37.494634,139.920298,6,0.043,0.015,9.467,1.5
1424831023827,37.494634,139.920298,6,0.046,0.028,9.47,1.5
1424831023927,37.494634,139.920298,6,0.052,0.032,9.465,1.5
1424831024028,37.494635,139.920299,6,0.054,0.007,9.455,1.5
1424831024129,37.494635,139.920299,6,0.053,0.007,9.447,1.5
1424831024229,37.494635,139.920299,6,0.055,0.021,9.477,1.5
1424831024325,37.494636,139.9203,6,0.056,0.027,9.466,1.5
1424831024426,37.494636,139.9203,6,0.057,0.016,9.458,1.5
1424831024526,37.494636,139.9203,6,0.055,-0.001,9.455,1.5
1424831024627,37.494636,139.9203,6,0.06,0.01,9.453,1.5
1424831024728,37.494636,139.9203,6,0.063,0.015,9.457,1.5
1424831024829,37.494636,139.9203,6,0.066,0.007,9.444,1.5
1424831024929,37.494636,139.9203,6,0.053,0.002,9.454,1.5
1424831025025,37.494637,139.920301,6,0.045,0.007,9.451,1.5
1424831025126,37.494637,139.920301,6,0.054,0.02,9.463,1.5
1424831025226,37.494637,139.920301,6,0.058,0.017,9.456,1.5
1424831025327,37.494637,139.920301,6,0.058,0.008,9.456,1.5
1424831025428,37.494637,139.920301,6,0.054,0.012,9.451,1.5
1424831025529,37.494637,139.920301,6,0.058,0.03,9.445,1.5
1424831025629,37.494637,139.920301,6,0.058,0.01,9.437,1.5
1424831025725,37.494637,139.920301,6,0.065,-0.003,9.447,1.5
1424831025826,37.494637,139.920301,6,0.051,0.014,9.458,1.5
1424831025926,37.494637,139.920301,6,0.042,0.018,9.444,1.5
1424831026027,37.494638,139.920301,6,0.049,0.015,9.438,1.5
1424831026128,37.494638,139.920301,6,0.048,0.008,9.448,1.5
1424831026229,37.494638,139.920301,6,0.058,0.023,9.467,1.5
1424831026325,37.494638,139.920301,6,0.066,0.041,9.458,1.5
1424831026425,37.494638,139.920301,6,0.057,0.033,9.452,1.5
1424831026525,37.494638,139.920301,6,0.051,0.033,9.461,1.5
1424831026626,37.494638,139.920301,6,0.055,0.04,9.479,1.5
1424831026727,37.494638,139.920301,6,0.053,0.033,9.454,1.5
1424831026828,37.494638,139.920301,6,0.047,0.019,9.461,1.5
1424831026928,37.494638,139.920301,6,0.049,0.013,9.46,1.5
1424831027029,37.494639,139.920301,6,0.044,0.027,9.449,1.5
1424831027125,37.494639,139.920301,6,0.049,0.017,9.445,1.5
1424831027225,37.494639,139.920301,6,0.055,0.005,9.446,1.5
1424831027326,37.494639,139.920301,6,0.05,0.01,9.467,1.5
1424831027427,37.494639,139.920301,6,0.047,0.022,9.45,1.5
1424831027528,37.494639,139.920301,6,0.05,0.025,9.44,1.5
1424831027628,37.494639,139.920301,6,0.044,0.002,9.442,1.5
1424831027729,37.494639,139.920301,6,0.04,0.019,9.457,1.5
1424831027825,37.494639,139.920301,6,0.044,0.024,9.438,1.5
1424831027925,37.494639,139.920301,6,0.047,0.023,9.44,1.5
1424831028026,37.494639,139.920302,6,0.054,0.002,9.447,1.5
1424831028127,37.494639,139.920302,6,0.057,0.007,9.442,1.5
1424831028227,37.494639,139.920302,6,0.054,0.03,9.463,1.5
1424831028328,37.494639,139.920302,6,0.052,0.017,9.457,1.5
1424831028429,37.494639,139.920302,6,0.049,0.007,9.447,1.5
1424831028525,37.494639,139.920302,6,0.043,0.011,9.445,1.5
1424831028625,37.494639,139.920302,6,0.052,0.025,9.441,1.5
1424831028726,37.494639,139.920302,6,0.068,0.016,9.446,1.5
1424831028827,37.494639,139.920302,6,0.071,0.003,9.451,1.5
1424831028927,37.494639,139.920302,6,0.059,0.013,9.466,1.5
1424831029028,37.494639,139.920302,6,0.045,0.02,9.457,1.5
1424831029130,37.494639,139.920302,6,0.039,0.022,9.443,1.5
1424831029230,37.494639,139.920302,6,0.046,0.008,9.45,1.5
1424831029325,37.494639,139.920302,6,0.049,0.014,9.456,1.5
1424831029426,37.494639,139.920302,6,0.052,0.028,9.448,1.5
1424831029527,37.494639,139.920302,5,0.055,0.011,9.435,1.5
1424831029627,37.494639,139.920302,5,0.05,0.009,9.452,1.5
1424831029728,37.494639,139.920302,5,0.042,0.018,9.451,1.5
1424831029829,37.494639,139.920302,5,0.053,0.027,9.449,1.5
1424831029929,37.494639,139.920302,5,0.053,0.025,9.452,1.5
1424831030025,37.494639,139.920302,5,0.051,0.009,9.443,1.5
1424831030126,37.494639,139.920302,5,0.04,0.029,9.454,1.5
1424831030227,37.494639,139.920302,5,0.048,0.033,9.467,1.5
1424831030327,37.494639,139.920302,5,0.044,0.031,9.456,1.5
1424831030428,37.494639,139.920302,5,0.042,0.011,9.456,1.5
1424831030529,37.494639,139.920302,5,0.048,0.03,9.475,1.5
1424831030629,37.494639,139.920302,5,0.051,0.036,9.467,1.5
1424831030725,37.494639,139.920302,5,0.056,0.016,9.442,1.5
1424831030831,37.494639,139.920302,5,0.043,0.013,9.461,1.5
1424831030926,37.494639,139.920302,5,0.046,0.02,9.469,1.5
1424831031025,37.494639,139.920302,5,0.051,0.031,9.459,1.5
1424831031128,37.494639,139.920302,5,0.053,0.023,9.45,1.5
1424831031227,37.494639,139.920302,5,0.049,0.015,9.453,1.5
1424831031329,37.494639,139.920302,5,0.048,0.012,9.474,1.5
1424831031425,37.494639,139.920302,5,0.053,0.027,9.48,1.5
1424831031526,37.494639,139.920302,5,0.046,0.021,9.458,1.5
1424831031626,37.494639,139.920302,5,0.051,0.003,9.45,1.5
1424831031727,37.494639,139.920302,5,0.047,0.012,9.456,1.5
1424831031828,37.494639,139.920302,5,0.053,0.017,9.472,1.5
1424831031929,37.494639,139.920302,5,0.066,0.015,9.456,1.5
1424831032029,37.494639,139.920302,5,0.058,0.007,9.447,1.5
1424831032125,37.494639,139.920302,5,0.051,0.01,9.456,1.5
1424831032226,37.494639,139.920302,5,0.052,0.027,9.466,1.5
1424831032326,37.494639,139.920302,5,0.046,0.024,9.444,1.5
1424831032427,37.494639,139.920302,5,0.044,0.019,9.447,1.5
1424831032528,37.494639,139.920302,5,0.052,0.025,9.467,1.5
1424831032628,37.494639,139.920302,5,0.056,0.031,9.452,1.5
1424831032729,37.494639,139.920302,5,0.059,0.019,9.451,1.5
1424831032825,37.494639,139.920302,5,0.05,0.001,9.447,1.5
1424831032925,37.494639,139.920302,5,0.039,0.015,9.453,1.5
1424831033026,37.494639,139.920302,5,0.038,0.017,9.453,1.5
1424831033127,37.494639,139.920302,5,0.055,0.009,9.436,1.5
1424831033228,37.494639,139.920302,5,0.055,0.002,9.449,1.5
1424831033328,37.494639,139.920302,5,0.064,0.01,9.469,1.5
1424831033429,37.494639,139.920302,5,0.058,0.03,9.47,1.5
1424831033525,37.494639,139.920302,5,0.058,0.016,9.457,1.5
1424831033625,37.494639,139.920302,5,0.051,0.012,9.457,1.5
1424831033726,37.494639,139.920302,5,0.036,0.026,9.478,1.5
1424831033827,37.494639,139.920302,5,0.051,0.037,9.474,1.5
1424831033928,37.494639,139.920302,5,0.058,0.031,9.457,1.5
1424831034028,37.494639,139.920302,5,0.059,0.014,9.46,1.5
1424831034129,37.494639,139.920302,5,0.058,0.025,9.473,1.5
1424831034225,37.494639,139.920302,5,0.053,0.019,9.47,1.5
1424831034325,37.494639,139.920302,5,0.043,-0.007,9.452,1.5
1424831034426,37.494639,139.920302,5,0.046,0.009,9.459,1.5
1424831034527,37.494639,139.920302,5,0.061,0.022,9.449,1.5
1424831034628,37.494639,139.920302,5,0.074,0.018,9.441,1.5
1424831034728,37.494639,139.920302,5,0.06,-0.002,9.443,1.5
1424831034830,37.494639,139.920302,5,0.046,0.009,9.442,1.5
1424831034929,37.494639,139.920302,5,0.055,0.038,9.45,1.5
1424831035025,37.494639,139.920302,5,0.062,0.02,9.437,1.5
1424831035126,37.494639,139.920302,5,0.068,0.007,9.447,1.5
1424831035227,37.494639,139.920302,5,0.047,0.007,9.456,1.5
1424831035327,37.494639,139.920302,5,0.008,0.025,9.455,1.5
1424831035428,37.494639,139.920302,5,0.01,0.028,9.451,1.5
1424831035529,37.494639,139.920302,5,0.041,0.025,9.459,1.5
1424831035629,37.494639,139.920302,5,0.062,0.02,9.448,1.5
1424831035725,37.494639,139.920302,5,0.09,-0.0,9.437,1.5
1424831035826,37.494639,139.920302,5,0.089,0.007,9.457,1.5
1424831035927,37.494639,139.920302,5,0.06,0.024,9.447,1.5
1424831036027,37.494639,139.920302,5,0.055,0.027,9.457,1.5
1424831036128,37.494639,139.920302,5,0.052,0.026,9.466,1.5
1424831036229,37.494639,139.920302,5,0.048,0.011,9.461,1.5
1424831036329,37.494639,139.920302,5,0.05,0.024,9.45,1.5
1424831036425,37.494639,139.920302,5,0.061,0.035,9.458,1.5
1424831036526,37.494639,139.920302,5,0.058,0.019,9.436,1.5
1424831036627,37.494639,139.920302,5,0.048,0.015,9.448,1.5
1424831036727,37.494639,139.920302,5,0.058,0.026,9.468,1.5
1424831036828,37.494639,139.920302,5,0.056,0.035,9.459,1.5
1424831036929,37.494639,139.920302,5,0.055,0.009,9.445,1.5
1424831037029,37.494639,139.920302,5,0.05,0.01,9.451,1.5
1424831037125,37.494639,139.920302,5,0.045,0.019,9.448,1.5
1424831037226,37.494639,139.920302,5,0.058,0.004,9.445,1.5
1424831037326,37.494639,139.920302,5,0.06,-0.003,9.448,1.5
1424831037427,37.494639,139.920302,5,0.054,0.005,9.453,1.5
1424831037528,37.494639,139.920302,5,0.053,0.023,9.449,1.5
1424831037629,37.494639,139.920302,5,0.055,0.014,9.45,1.5
1424831037730,37.494639,139.920302,5,0.038,-0.002,9.436,1.5
1424831037825,37.494639,139.920302,5,0.05,0.015,9.444,1.5
1424831037926,37.494639,139.920302,5,0.055,0.016,9.437,1.5
1424831038026,37.494639,139.920302,5,0.057,0.007,9.427,1.5
1424831038127,37.494639,139.920302,5,0.056,-0.0,9.457,1.5
1424831038228,37.494639,139.920302,5,0.052,0.016,9.452,1.5
1424831038328,37.494639,139.920302,5,0.058,0.028,9.463,1.5
1424831038429,37.494639,139.920302,5,0.058,0.009,9.455,1.5
1424831038525,37.494639,139.920302,5,0.064,0.006,9.451,1.5
1424831038626,37.494639,139.920302,5,0.052,0.012,9.452,1.5
1424831038726,37.494639,139.920302,5,0.061,0.024,9.451,1.5
1424831038827,37.494639,139.920302,5,0.064,0.006,9.452,1.5
1424831038928,37.494639,139.920302,5,0.065,0.004,9.451,1.5
1424831039028,37.494639,139.920302,5,0.056,0.025,9.466,1.5
1424831039129,37.494639,139.920302,5,0.059,0.023,9.459,1.5
1424831039225,37.494639,139.920302,5,0.057,0.012,9.448,1.5
1424831039326,37.494639,139.920302,5,0.055,0.01,9.455,1.5
1424831039426,37.494639,139.920302,5,0.064,0.025,9.466,1.5
1424831039527,37.494639,139.920302,4,0.051,0.03,9.459,1.5
1424831039628,37.494639,139.920302,4,0.049,0.014,9.474,1.5
1424831039728,37.494639,139.920302,4,0.053,0.022,9.478,1.5
1424831039829,37.494639,139.920302,4,0.064,0.024,9.476,1.5
1424831039925,37.494639,139.920302,4,0.065,0.016,9.464,1.5
1424831040025,37.494639,139.920302,4,0.053,0.012,9.468,1.5
1424831040126,37.494639,139.920302,4,0.05,0.007,9.434,1.5
1424831040227,37.494639,139.920302,4,0.063,0.008,9.43,1.5
1424831040328,37.494639,139.920302,4,0.06,0.008,9.454,1.5
1424831040428,37.494639,139.920302,4,0.059,0.013,9.449,1.5
1424831040529,37.494639,139.920302,5,0.066,0.024,9.45,1.5
1424831040625,37.494639,139.920302,5,0.057,0.017,9.464,1.5
1424831040725,37.494639,139.920302,5,0.06,0.013,9.461,1.5
1424831040827,37.494639,139.920302,5,0.058,0.021,9.45,1.5
1424831040927,37.494639,139.920302,5,0.041,0.014,9.449,1.5
1424831041027,37.49464,139.920302,5,0.037,0.009,9.447,1.5
1424831041128,37.49464,139.920302,5,0.047,0.01,9.452,1.5
1424831041229,37.49464,139.920302,5,0.053,0.006,9.447,1.5
1424831041325,37.49464,139.920302,5,0.054,0.024,9.453,1.5
1424831041425,37.49464,139.920302,5,0.045,0.027,9.444,1.5
1424831041526,37.49464,139.920302,5,0.045,0.018,9.437,1.5
1424831041627,37.49464,139.920302,5,0.038,0.01,9.448,1.5
1424831041727,37.49464,139.920302,5,0.047,0.005,9.449,1.5
1424831041828,37.49464,139.920302,5,0.06,0.012,9.453,1.5
1424831041929,37.49464,139.920302,5,0.052,0.015,9.446,1.5
1424831042030,37.49464,139.920302,5,0.04,0.047,9.457,1.5
1424831042125,37.49464,139.920302,5,0.041,0.069,9.447,1.5
1424831042226,37.49464,139.920302,5,0.023,0.104,9.456,1.5
1424831060227,37.495524,139.920534,10,0.02,0.107,9.458,9.314
1424831060328,37.495534,139.920537,10,-0.063,0.002,9.679,9.339
1424831060429,37.495544,139.92054,10,-0.115,0.005,9.695,9.365
1424831060525,37.495551,139.920543,8,0.013,-0.002,9.53,9.351
1424831060625,37.495558,139.920545,8,0.241,-0.034,9.374,9.326
1424831060726,37.495565,139.920548,8,0.304,-0.025,9.286,9.3
1424831060827,37.495572,139.92055,8,0.16,-0.075,9.324,9.275
1424831060927,37.495579,139.920553,8,0.054,-0.09,9.538,9.25
1424831061028,37.495586,139.920555,8,-0.092,-0.121,9.309,9.225
1424831061129,37.495592,139.920557,8,-0.07,-0.308,9.626,9.2
1424831061229,37.495599,139.92056,8,-0.167,-0.396,9.869,9.175
1424831061325,37.495606,139.920562,8,-0.265,-0.294,9.514,9.151
1424831061426,37.495612,139.920564,8,-0.262,-0.217,9.276,9.126
1424831061527,37.49562,139.920567,7,-0.211,-0.214,9.561,9.12
1424831061627,37.495628,139.920569,7,-0.101,-0.219,9.767,9.12
1424831061728,37.495636,139.920571,7,0.068,-0.201,9.561,9.12
1424831061829,37.495644,139.920573,7,0.123,-0.211,9.378,9.12
1424831061929,37.495652,139.920575,7,0.056,-0.155,9.371,9.12
1424831062025,37.49566,139.920577,7,-0.033,0.011,9.203,9.12
1424831062126,37.495668,139.920579,7,0.077,-0.225,9.78,9.12
1424831062227,37.495676,139.920581,7,-0.015,-0.265,9.804,9.12
1424831062327,37.495684,139.920583,7,-0.034,-0.089,9.434,9.12
1424831062428,37.495692,139.920586,7,-0.185,0.144,8.454,9.12
1424831062529,37.495702,139.920589,7,-0.217,0.047,9.361,9.08
1424831062629,37.495711,139.920593,7,-0.167,-0.247,10.2,9.03
1424831062725,37.49572,139.920597,7,-0.075,-0.175,9.809,8.983
1424831062826,37.49573,139.920601,7,-0.066,-0.241,9.132,8.933
1424831062926,37.495739,139.920604,7,0.091,-0.235,9.415,8.883
1424831063027,37.495748,139.920608,7,0.109,-0.178,9.607,8.834
1424831063128,37.495758,139.920612,7,0.107,-0.092,9.634,8.785
1424831063228,37.495767,139.920616,7,-0.0,-0.113,9.248,8.736
1424831063329,37.495776,139.92062,7,-0.038,-0.029,9.206,8.688
1424831063425,37.495785,139.920623,7,-0.003,-0.187,9.68,8.642
1424831063526,37.495793,139.920625,7,-0.02,-0.152,9.68,8.649
1424831063626,37.4958,139.920626,7,-0.013,-0.077,9.342,8.673
1424831063727,37.495808,139.920628,7,-0.027,-0.165,9.25,8.699
1424831063828,37.495815,139.920629,7,-0.044,-0.183,9.677,8.724
1424831063928,37.495823,139.920631,7,0.018,-0.076,9.594,8.749
1424831064029,37.495831,139.920632,7,0.008,-0.024,9.397,8.774
1424831064125,37.495838,139.920633,7,-0.023,-0.082,9.366,8.798
1424831064225,37.495846,139.920635,7,0.063,-0.078,9.571,8.823
1424831064326,37.495853,139.920636,7,0.009,0.008,9.525,8.849
1424831064427,37.495861,139.920638,7,0.004,0.048,9.416,8.874
1424831064528,37.49587,139.92064,5,0.015,0.071,9.356,8.86
1424831064628,37.495878,139.920642,5,-0.025,0.062,9.352,8.835
1424831064729,37.495887,139.920644,5,-0.013,0.177,9.309,8.81
1424831064825,37.495895,139.920647,5,-0.012,0.122,9.394,8.785
1424831064925,37.495903,139.920649,5,-0.041,0.011,9.581,8.76
1424831065026,37.495912,139.920651,5,-0.079,0.067,9.531,8.735
1424831065127,37.49592,139.920654,5,-0.041,0.067,9.317,8.71
1424831065228,37.495929,139.920656,5,-0.02,0.106,9.419,8.685
1424831065328,37.495937,139.920658,5,-0.098,0.168,9.375,8.66
1424831065429,37.495945,139.920661,5,-0.215,0.034,9.623,8.635
1424831065525,37.495955,139.920663,9,-0.434,0.034,9.54,8.733
1424831065625,37.495967,139.920665,9,-0.122,-0.074,9.648,8.872
1424831065726,37.495979,139.920668,9,-0.09,0.001,9.305,9.015
1424831065827,37.495991,139.920671,9,0.006,0.078,9.33,9.161
1424831065928,37.496003,139.920673,9,-0.054,0.079,9.438,9.308
1424831066028,37.496015,139.920676,9,-0.109,0.15,9.495,9.457
1424831066129,37.496028,139.920679,9,-0.063,0.134,9.348,9.609
1424831066225,37.49604,139.920682,9,0.04,0.052,9.354,9.757
1424831066325,37.496053,139.920684,9,0.119,0.102,9.35,9.912
1424831066426,37.496066,139.920687,9,0.14,0.136,9.327,10.072
1424831066527,37.496076,139.920689,9,0.114,0.074,9.417,10.11
1424831066627,37.496085,139.920691,9,0.002,0.111,9.481,10.11
1424831066728,37.496093,139.920693,9,-0.097,0.132,9.376,10.11
1424831066829,37.496102,139.920695,9,-0.059,-0.024,9.538,10.11
1424831066925,37.496111,139.920697,9,-0.022,0.17,9.361,10.11
1424831067025,37.49612,139.920699,9,-0.13,0.281,9.25,10.11
1424831067126,37.496128,139.920701,9,-0.226,0.064,9.625,10.11
1424831067227,37.496137,139.920703,9,-0.259,0.061,9.776,10.11
1424831067327,37.496146,139.920705,9,-0.186,0.102,9.488,10.11
1424831067428,37.496155,139.920707,9,-0.162,0.159,9.275,10.11
1424831067529,37.496164,139.920708,9,-0.12,0.119,9.523,10.11
1424831067629,37.496173,139.92071,9,-0.076,0.086,9.632,10.11
1424831067725,37.496181,139.920712,9,0.038,0.045,9.572,10.11
1424831067826,37.49619,139.920714,9,0.099,0.045,9.415,10.11
1424831067927,37.496199,139.920716,9,-0.045,0.07,9.347,10.11
1424831068027,37.496208,139.920717,9,-0.023,0.058,9.56,10.11
1424831068128,37.496217,139.920719,9,0.103,0.03,9.618,10.11
1424831068229,37.496226,139.920721,9,0.118,0.135,9.31,10.11
1424831068329,37.496234,139.920723,9,0.052,0.117,9.323,10.11
1424831068425,37.496243,139.920725,9,-0.049,0.037,9.602,10.11
1424831068526,37.496246,139.920724,14,-0.081,0.129,9.582,9.989
1424831068626,37.496248,139.920722,14,-0.091,0.14,9.317,9.833
1424831068727,37.496249,139.92072,14,-0.032,0.109,9.454,9.677
1424831068828,37.496251,139.920718,14,0.029,0.133,9.506,9.523
1424831068929,37.496252,139.920717,14,-0.007,0.155,9.358,9.372
1424831069029,37.496254,139.920715,14,0.105,0.1,9.375,9.225
1424831069125,37.496255,139.920713,14,0.017,0.109,9.328,9.085
1424831069226,37.496257,139.920712,14,-0.076,0.071,9.379,8.941
1424831069326,37.496258,139.92071,14,-0.091,0.014,9.553,8.801
1424831069427,37.49626,139.920708,14,-0.025,-0.013,9.616,8.661
1424831069528,37.496266,139.920709,14,0.046,-0.051,9.679,8.667
1424831069629,37.496275,139.92071,14,0.093,0.006,9.484,8.716
1424831069729,37.496283,139.920711,14,0.045,0.154,9.38,8.764
1424831069825,37.496291,139.920712,14,0.148,0.158,9.321,8.811
1424831069926,37.496299,139.920714,14,0.19,0.123,9.626,8.86
1424831070026,37.496308,139.920715,14,0.155,0.031,9.568,8.909
1424831070127,37.496316,139.920716,14,0.129,0.085,9.343,8.959
1424831070228,37.496325,139.920717,14,0.084,0.01,9.521,9.009
1424831070328,37.496333,139.920718,14,0.157,0.027,9.683,9.059
1424831070429,37.496342,139.92072,14,0.159,0.108,9.591,9.109
1424831070525,37.496349,139.920723,7,0.122,0.102,9.552,9.12
1424831070625,37.496356,139.920726,7,0.13,0.189,9.528,9.12
1424831070726,37.496364,139.92073,7,0.125,0.327,9.166,9.12
1424831070827,37.496371,139.920734,7,0.22,0.418,9.109,9.12
1424831070928,37.496378,139.920737,7,0.191,0.316,9.326,9.12
1424831071028,37.496385,139.920741,7,0.176,0.083,9.497,9.12
1424831071129,37.496392,139.920744,7,0.152,0.004,9.299,9.12
1424831071225,37.496399,139.920748,7,0.27,-0.111,9.143,9.12
1424831071325,37.496406,139.920751,7,0.317,-0.192,9.42,9.12
1424831071426,37.496413,139.920755,7,0.086,-0.012,9.083,9.12
1424831071527,37.496418,139.920758,10,-0.011,-0.043,9.344,9.12
1424831071628,37.496423,139.92076,10,-0.061,-0.316,9.669,9.12
1424831071728,37.496427,139.920762,10,-0.029,-0.38,9.854,9.12
1424831071829,37.496431,139.920764,10,-0.245,-0.42,9.461,9.12
1424831071925,37.496435,139.920765,10,-0.067,-0.353,9.284,9.12
1424831072025,37.49644,139.920768,10,0.061,-0.279,9.431,9.12
1424831072126,37.496444,139.92077,10,0.093,-0.287,9.688,9.12
1424831072227,37.496448,139.920772,10,0.017,-0.36,9.418,9.12
1424831072328,37.496453,139.920774,10,-0.016,-0.359,9.321,9.12
1424831072428,37.496457,139.920776,10,-0.065,-0.439,9.537,9.12
1424831072529,37.496464,139.920778,10,0.071,-0.375,9.647,9.12
1424831072625,37.496472,139.92078,10,0.047,-0.33,9.498,9.12
1424831072725,37.49648,139.920782,10,0.046,-0.375,9.464,9.12
1424831072826,37.496488,139.920784,10,0.05,-0.429,9.563,9.12
1424831072927,37.496496,139.920786,10,0.039,-0.377,9.419,9.12
1424831073027,37.496504,139.920789,10,0.024,-0.301,9.381,9.12
1424831073128,37.496512,139.920791,10,-0.064,-0.36,9.492,9.12
1424831073229,37.49652,139.920793,10,-0.009,-0.366,9.509,9.12
1424831073330,37.496528,139.920795,10,-0.053,-0.357,9.495,9.12
1424831073425,37.496536,139.920797,10,-0.031,-0.392,9.457,9.12
1424831073531,37.496541,139.920801,11,0.074,-0.375,9.401,8.991
1424831073627,37.496546,139.920804,11,-0.114,-0.424,9.714,8.841
1424831073726,37.49655,139.920807,11,-0.383,-0.421,9.601,8.689
1424831073828,37.496554,139.92081,11,-0.37,-0.204,9.265,8.534
1424831073927,37.496558,139.920813,11,-0.277,-0.292,9.484,8.387
1424831074029,37.496562,139.920816,11,-0.232,-0.409,9.625,8.237
1424831074125,37.496566,139.920819,11,-0.116,-0.359,9.466,8.099
1424831074226,37.49657,139.920822,11,-0.223,-0.329,9.145,7.957
1424831074327,37.496573,139.920825,11,-0.224,-0.406,9.562,7.817
1424831074427,37.496577,139.920827,11,-0.259,-0.355,9.663,7.681
1424831074528,37.496585,139.920829,11,-0.195,-0.276,9.38,7.668
1424831074629,37.496594,139.920831,11,0.032,-0.35,9.236,7.692
1424831074729,37.496603,139.920832,11,0.011,-0.393,9.469,7.716
1424831074825,37.496612,139.920834,11,0.086,-0.469,9.911,7.739
1424831074926,37.496621,139.920835,11,-0.257,-0.485,9.829,7.763
1424831075027,37.496631,139.920837,11,-0.221,-0.105,8.818,7.788
1424831075127,37.49664,139.920838,11,-0.1,0.024,8.274,7.812
1424831075228,37.496649,139.92084,11,-0.014,-0.48,9.499,7.836
1424831075329,37.496659,139.920841,11,0.047,-0.618,10.316,7.861
1424831075429,37.496668,139.920843,11,-0.015,-0.429,9.837,7.885
1424831075525,37.496675,139.920844,8,-0.145,-0.498,8.897,7.89
1424831075626,37.496682,139.920845,8,-0.109,-0.523,8.945,7.89
1424831075726,37.496688,139.920845,8,-0.005,-0.287,9.825,7.89
1424831075827,37.496695,139.920846,8,0.028,-0.198,9.926,7.89
1424831075928,37.496702,139.920847,8,0.201,-0.268,9.479,7.89
1424831076029,37.496708,139.920848,8,0.115,-0.393,9.117,7.89
1424831076129,37.496715,139.920849,8,0.164,-0.446,9.515,7.89
1424831076225,37.496721,139.92085,8,0.507,-0.387,9.594,7.89
1424831076326,37.496728,139.920851,8,0.603,-0.295,9.574,7.89
1424831076426,37.496734,139.920852,8,0.686,-0.374,9.481,7.89
1424831076527,37.496741,139.920854,6,0.767,-0.486,9.675,7.871
1424831076628,37.496748,139.920857,6,0.674,-0.226,9.275,7.847
1424831076728,37.496754,139.920859,6,0.747,-0.053,9.046,7.823
1424831076829,37.49676,139.920862,6,0.825,-0.135,9.395,7.798
1424831076925,37.496767,139.920864,6,0.775,-0.212,9.682,7.775
1424831077026,37.496773,139.920866,6,0.879,-0.279,9.976,7.751
1424831077126,37.496779,139.920869,6,0.555,-0.175,9.321,7.727
1424831077227,37.496786,139.920871,6,0.379,-0.153,9.332,7.703
1424831077328,37.496792,139.920874,6,0.311,0.007,9.281,7.679
1424831077428,37.496799,139.920876,6,0.36,0.112,9.48,7.655
1424831077529,37.496806,139.92088,7,0.409,0.173,9.365,7.63
1424831077625,37.496812,139.920884,7,0.551,0.05,9.371,7.606
1424831077725,37.496819,139.920888,7,0.499,-0.001,9.603,7.58
1424831077826,37.496827,139.920892,7,0.375,-0.074,9.486,7.555
1424831077927,37.496834,139.920896,7,0.341,0.002,9.3,7.53
1424831078028,37.496841,139.9209,7,0.261,0.012,9.272,7.504
1424831078128,37.496848,139.920904,7,0.113,0.043,9.441,7.48
1424831078229,37.496855,139.920907,7,0.072,0.235,9.121,7.455
1424831078325,37.496861,139.920911,7,-0.052,0.142,9.255,7.431
1424831078425,37.496868,139.920915,7,-0.255,-0.136,9.995,7.406
1424831078526,37.496875,139.920919,7,-0.353,-0.161,9.893,7.436
1424831078627,37.496882,139.920923,7,-0.441,0.399,8.761,7.484
1424831078727,37.496889,139.920927,7,-0.745,0.344,8.892,7.533
1424831078828,37.496897,139.920931,7,-0.722,0.116,9.915,7.582
1424831078929,37.496904,139.920935,7,-0.705,0.264,9.9,7.631
1424831079025,37.496911,139.920939,7,-0.735,0.461,9.38,7.678
1424831079125,37.496918,139.920943,7,-0.656,0.353,8.75,7.727
1424831079226,37.496925,139.920948,7,-0.344,0.332,9.477,7.778
1424831079327,37.496933,139.920952,7,-0.28,0.316,9.847,7.828
1424831079427,37.49694,139.920956,7,-0.204,0.325,9.472,7.878
1424831079528,37.496947,139.920959,6,-0.218,0.194,9.507,7.909
1424831079629,37.496954,139.920962,6,-0.484,0.192,9.166,7.934
1424831079725,37.49696,139.920965,6,-0.381,0.066,9.94,7.958
1424831079825,37.496967,139.920969,6,-0.274,0.284,9.497,7.983
1424831079926,37.496973,139.920972,6,-0.212,0.479,9.074,8.008
1424831080027,37.49698,139.920975,6,-0.37,0.419,9.334,8.033
1424831080127,37.496986,139.920978,6,-0.592,0.253,9.733,8.058
1424831080228,37.496993,139.920981,6,-0.613,0.26,9.784,8.084
1424831083224,37.497221,139.921057,6,-0.614,0.251,9.745,8.823
1424831083229,37.497222,139.921057,6,-0.613,0.239,9.707,8.824
1424831083325,37.49723,139.92106,6,-0.436,0.168,9.609,8.848
1424831083426,37.497238,139.921062,6,-0.102,-0.09,9.918,8.874
1424831083526,37.497246,139.921065,7,-0.006,0.029,9.344,8.898
1424831083627,37.497255,139.921068,7,-0.116,0.232,8.878,8.922
1424831083728,37.497263,139.921071,7,-0.004,-0.044,9.591,8.946
1424831083828,37.497271,139.921074,7,-0.078,-0.119,9.996,8.97
1424831083929,37.497279,139.921077,7,-0.104,-0.011,9.65,8.994
1424831084025,37.497287,139.92108,7,0.005,-0.112,9.099,9.017
1424831084125,37.497296,139.921082,7,0.113,0.008,9.423,9.041
1424831084226,37.497304,139.921085,7,0.166,0.145,9.548,9.066
1424831084327,37.497313,139.921088,7,0.212,0.22,9.413,9.09
1424831084428,37.497321,139.921091,7,0.151,0.096,9.439,9.115
1424831084528,37.497329,139.921093,7,0.173,-0.025,9.51,9.061
1424831084629,37.497336,139.921095,7,0.203,0.015,9.508,8.985
1424831084725,37.497343,139.921097,7,0.246,0.036,9.341,8.913
1424831084825,37.49735,139.921099,7,0.199,0.111,9.236,8.839
1424831084926,37.497357,139.921101,7,0.105,0.11,9.508,8.765
1424831085027,37.497364,139.921103,7,-0.023,0.058,9.652,8.691
1424831085127,37.497371,139.921104,7,-0.065,0.075,9.511,8.619
1424831085228,37.497378,139.921106,7,-0.07,0.019,9.363,8.547
1424831085329,37.497385,139.921108,7,-0.054,-0.032,9.378,8.475
1424831085425,37.497391,139.92111,7,-0.043,-0.022,9.495,8.408
1424831085525,37.497399,139.921112,7,0.026,-0.095,9.596,8.408
1424831085626,37.497407,139.921115,7,0.138,-0.208,9.595,8.432
1424831085727,37.497415,139.921117,7,0.164,0.005,9.067,8.456
1424831085827,37.497423,139.92112,7,0.032,-0.116,9.096,8.48
1424831085928,37.49743,139.921122,7,-0.144,0.103,9.259,8.504
1424831086029,37.497438,139.921125,7,0.014,-0.151,9.871,8.528
1424831086125,37.497446,139.921127,7,0.03,-0.345,9.813,8.551
1424831086225,37.497454,139.92113,7,-0.048,-0.31,9.005,8.575
1424831086326,37.497462,139.921133,7,-0.084,-0.257,8.96,8.6
1424831086427,37.49747,139.921135,7,0.012,-0.196,9.791,8.624
1424831086527,37.497478,139.921138,7,-0.035,-0.224,9.805,8.611
1424831086628,37.497485,139.92114,7,-0.086,-0.159,9.325,8.587
1424831086729,37.497492,139.921142,7,-0.096,-0.269,9.272,8.562
1424831086830,37.497499,139.921144,7,-0.096,-0.292,9.588,8.538
1424831086925,37.497506,139.921146,7,-0.172,-0.256,9.624,8.515
1424831087026,37.497513,139.921148,7,-0.178,-0.208,9.53,8.491
1424831087127,37.49752,139.92115,7,-0.127,-0.217,9.379,8.467
1424831087227,37.497527,139.921152,7,-0.058,-0.154,9.182,8.443
1424831087328,37.497534,139.921154,7,-0.034,-0.174,9.344,8.419
1424831087429,37.497542,139.921156,7,-0.056,-0.336,9.764,8.395
1424831087529,37.497549,139.921157,6,-0.195,-0.293,9.642,8.37
1424831087630,37.497556,139.921159,6,-0.193,-0.245,9.245,8.344
1424831087726,37.497564,139.92116,6,-0.156,-0.238,9.078,8.32
1424831087825,37.497571,139.921162,6,-0.201,-0.303,9.646,8.295
1424831087927,37.497579,139.921164,6,-0.095,-0.255,9.679,8.27
1424831088026,37.497586,139.921165,6,0.045,-0.201,9.488,8.245
1424831088129,37.497593,139.921167,6,0.018,-0.282,9.405,8.219
1424831088228,37.497601,139.921168,6,0.004,-0.317,9.406,8.195
1424831088325,37.497608,139.92117,6,0.114,-0.17,9.468,8.171
1424831088426,37.497615,139.921172,6,0.073,-0.031,9.469,8.146
1424831088526,37.497622,139.921174,6,0.086,-0.136,9.501,8.102
1424831088627,37.497629,139.921176,6,0.15,-0.174,9.472,8.051
1424831088728,37.497636,139.921179,6,0.079,-0.211,9.486,8.001
1424831088829,37.497643,139.921181,6,0.04,-0.128,9.468,7.951
1424831088929,37.49765,139.921183,6,-0.077,-0.017,9.337,7.901
1424831089025,37.497656,139.921185,6,-0.141,-0.029,9.547,7.855
1424831089126,37.497663,139.921188,6,-0.153,-0.001,9.471,7.805
1424831089226,37.497669,139.92119,6,-0.154,0.046,9.406,7.757
1424831089327,37.497676,139.921192,6,-0.095,0.014,9.415,7.709
1424831089428,37.497683,139.921195,6,-0.023,-0.035,9.448,7.66
1424831089528,37.497689,139.921196,6,0.022,-0.018,9.4,7.65
1424831089629,37.497696,139.921198,6,0.035,-0.065,9.611,7.65
1424831089725,37.497703,139.9212,6,0.15,-0.056,9.498,7.65
1424831089826,37.49771,139.921202,6,0.23,-0.069,9.617,7.65
1424831089926,37.497716,139.921204,6,0.318,0.133,9.397,7.65
1424831090027,37.497723,139.921205,6,0.314,0.189,9.08,7.65
1424831090128,37.49773,139.921207,6,0.265,0.201,9.217,7.65
1424831090228,37.497737,139.921209,6,0.122,-0.003,9.996,7.65
1424831090329,37.497744,139.921211,6,0.208,0.072,9.491,7.65
1424831090425,37.49775,139.921213,6,0.301,0.111,8.967,7.65
1424831090525,37.497757,139.921214,6,0.222,-0.019,9.371,7.668
1424831090626,37.497763,139.921216,6,0.086,-0.048,9.905,7.692
1424831090727,37.49777,139.921217,6,0.181,0.29,9.231,7.716
1424831090828,37.497777,139.921219,6,0.031,0.217,9.308,7.74
1424831090928,37.497783,139.92122,6,0.092,0.075,9.506,7.764
1424831091029,37.49779,139.921222,6,0.232,0.095,9.819,7.788
1424831091125,37.497796,139.921223,6,0.189,0.054,9.787,7.811
1424831091225,37.497803,139.921225,6,0.284,0.059,9.365,7.835
1424831091326,37.49781,139.921226,6,0.291,0.135,9.091,7.86
1424831091427,37.497816,139.921228,6,0.289,0.092,9.438,7.884
1424831091527,37.497824,139.92123,6,0.171,0.212,9.448,7.909
1424831091628,37.497831,139.921232,6,0.232,0.121,9.433,7.934
1424831091729,37.497839,139.921234,6,0.082,-0.109,9.352,7.959
1424831091825,37.497846,139.921237,6,0.044,-0.203,9.575,7.983
1424831091925,37.497853,139.921239,6,0.085,-0.093,9.534,8.008
1424831092026,37.497861,139.921241,6,0.033,-0.039,9.16,8.033
1424831092127,37.497869,139.921243,6,0.049,0.09,9.252,8.058
1424831092227,37.497876,139.921246,6,0.116,-0.104,9.73,8.084
1424831092328,37.497884,139.921248,6,0.057,-0.078,9.815,8.109
1424831092429,37.497891,139.921251,6,0.065,0.053,9.447,8.135
1424831092530,37.497897,139.921251,9,0.043,0.042,9.102,8.12
1424831092625,37.497902,139.92125,9,-0.033,0.023,9.399,8.096
1424831092726,37.497908,139.92125,9,-0.019,-0.055,9.959,8.07
1424831092827,37.497913,139.921249,9,-0.023,0.168,9.443,8.045
1424831092927,37.497918,139.921249,9,-0.09,0.341,8.7,8.02
1424831093028,37.497924,139.921248,9,-0.059,0.04,9.315,7.995
1424831093129,37.497929,139.921248,9,-0.04,-0.089,9.93,7.969
1424831093230,37.497934,139.921247,9,-0.087,0.101,9.754,7.944
1424831093325,37.497939,139.921247,9,-0.12,0.135,9.228,7.921
1424831093426,37.497945,139.921246,9,-0.107,0.106,9.001,7.896
1424831093527,37.497951,139.921247,9,-0.084,0.119,9.538,7.89
1424831093627,37.497958,139.921249,9,-0.052,0.112,9.731,7.89
1424831093728,37.497965,139.921251,9,-0.09,0.125,9.521,7.89
1424831093829,37.497971,139.921253,9,-0.153,-0.03,9.449,7.89
1424831093929,37.497978,139.921255,9,-0.206,-0.073,9.401,7.89
1424831094025,37.497985,139.921256,9,-0.242,-0.0,9.489,7.89
1424831094126,37.497991,139.921258,9,-0.268,0.024,9.433,7.89
1424831094226,37.497998,139.92126,9,-0.335,0.037,9.356,7.89
1424831094327,37.498005,139.921262,9,-0.367,-0.002,9.349,7.89
1424831094428,37.498012,139.921264,9,-0.422,-0.057,9.382,7.89
1424831094529,37.498018,139.921266,7,-0.513,0.031,9.25,7.909
1424831094629,37.498024,139.921269,7,-0.413,-0.132,9.461,7.934
1424831094725,37.49803,139.921272,7,-0.406,-0.144,9.51,7.958
1424831094826,37.498036,139.921275,7,-0.203,-0.271,9.739,7.983
1424831094926,37.498043,139.921278,7,-0.11,-0.079,9.116,8.008
1424831095027,37.498049,139.921281,7,-0.157,-0.095,9.061,8.033
1424831095128,37.498055,139.921284,7,-0.104,-0.262,9.708,8.059
1424831095229,37.498062,139.921287,7,-0.093,-0.459,9.87,8.084
1424831095329,37.498068,139.921289,7,-0.086,-0.352,9.658,8.109
1424831095425,37.498074,139.921292,7,-0.188,-0.372,9.197,8.134
1424831095526,37.498082,139.921295,7,-0.351,-0.356,9.322,8.14
1424831095626,37.498089,139.921298,7,-0.521,-0.262,9.56,8.14
1424831095727,37.498096,139.9213,7,-0.409,-0.236,9.676,8.14
1424831095828,37.498104,139.921303,7,-0.431,-0.25,9.433,8.14
1424831095928,37.498111,139.921305,7,-0.541,-0.348,9.454,8.14
1424831096029,37.498118,139.921308,7,-0.575,-0.417,9.595,8.14
1424831096125,37.498125,139.921311,7,-0.542,-0.358,9.406,8.14
1424831096226,37.498133,139.921313,7,-0.464,-0.276,9.362,8.14
1424831096326,37.49814,139.921316,7,-0.308,-0.364,9.531,8.14
1424831096427,37.498147,139.921318,7,-0.226,-0.421,9.64,8.14
1424831096528,37.498154,139.92132,6,-0.292,-0.305,9.343,8.12
1424831096628,37.49816,139.921322,6,-0.314,-0.344,9.621,8.095
1424831096729,37.498167,139.921324,6,-0.109,-0.386,9.492,8.069
1424831096825,37.498173,139.921325,6,0.062,-0.24,9.291,8.045
1424831096925,37.498179,139.921327,6,0.211,-0.105,9.166,8.02
1424831097026,37.498186,139.921328,6,0.256,-0.269,9.435,7.995
1424831097127,37.498192,139.92133,6,0.187,-0.248,9.696,7.97
1424831097228,37.498198,139.921331,6,0.092,-0.154,9.498,7.945
1424831097328,37.498204,139.921333,6,0.212,-0.146,9.256,7.92
1424831097429,37.498211,139.921335,6,0.26,-0.109,8.851,7.895
1424831097525,37.498216,139.921337,7,0.263,-0.222,9.577,7.833
1424831097625,37.498222,139.921339,7,0.061,-0.307,10.08,7.757
1424831097726,37.498228,139.921342,7,0.072,0.043,9.28,7.681
1424831097827,37.498234,139.921344,7,-0.059,0.075,9.072,7.606
1424831097927,37.49824,139.921347,7,-0.087,-0.148,9.279,7.533
1424831098028,37.498246,139.921349,7,-0.031,-0.063,9.65,7.459
1424831098129,37.498251,139.921352,7,-0.058,0.124,9.519,7.387
1424831098225,37.498257,139.921354,7,-0.076,0.127,9.269,7.318
1424831098325,37.498262,139.921356,7,0.08,-0.092,9.376,7.247
1424831098426,37.498268,139.921358,7,-0.043,0.022,9.246,7.177
1424831098527,37.498274,139.92136,8,0.252,-0.212,9.889,7.16
1424831098627,37.498281,139.921362,8,0.105,-0.117,9.643,7.16
1424831098728,37.498287,139.921364,8,0.129,0.109,8.934,7.16
1424831098829,37.498294,139.921366,8,0.077,0.02,9.313,7.16
1424831098930,37.4983,139.921368,8,-0.041,-0.252,9.578,7.16
1424831099025,37.498306,139.92137,8,-0.181,-0.227,9.664,7.16
1424831099126,37.498313,139.921372,8,-0.146,-0.17,9.51,7.16
1424831099227,37.49832,139.921374,8,-0.12,-0.286,9.504,7.16
1424831099327,37.498326,139.921376,8,-0.089,-0.416,9.442,7.16
1424831099428,37.498333,139.921378,8,-0.199,-0.244,9.5,7.16
1424831099529,37.49834,139.92138,8,-0.25,-0.134,9.573,7.12
1424831099629,37.498348,139.921382,8,-0.269,-0.216,9.545,7.07
1424831099725,37.498355,139.921384,8,-0.243,-0.19,9.562,7.022
1424831099826,37.498363,139.921386,8,-0.169,-0.132,9.547,6.972
1424831099927,37.49837,139.921389,8,-0.027,-0.098,9.502,6.922
1424831100027,37.498378,139.921391,8,0.011,-0.136,9.328,6.873
1424831100128,37.498385,139.921393,8,-0.021,-0.222,9.41,6.824
1424831100229,37.498393,139.921395,8,-0.041,-0.23,9.568,6.775
1424831100329,37.4984,139.921397,8,0.006,-0.278,9.423,6.727
1424831100425,37.498407,139.921399,8,0.006,-0.23,9.4,6.682
1424831100526,37.498414,139.921402,8,0.027,-0.3,9.431,6.688
1424831100627,37.49842,139.921403,8,0.068,-0.341,9.503,6.712
1424831100727,37.498426,139.921405,8,0.039,-0.288,9.321,6.736
1424831100828,37.498432,139.921407,8,0.018,-0.296,9.454,6.76
1424831100929,37.498438,139.921409,8,0.039,-0.353,9.494,6.784
1424831101029,37.498444,139.921411,8,-0.047,-0.389,9.443,6.808
1424831101125,37.49845,139.921413,8,-0.081,-0.369,9.488,6.831
1424831101226,37.498456,139.921415,8,-0.144,-0.328,9.417,6.856
1424831101326,37.498462,139.921417,8,-0.205,-0.359,9.341,6.88
1424831101427,37.498469,139.92142,8,-0.244,-0.4,9.436,6.904
1424831101528,37.498475,139.921422,7,-0.264,-0.417,9.499,6.871
1424831101628,37.498481,139.921423,7,-0.183,-0.385,9.445,6.822
1424831101729,37.498487,139.921425,7,-0.202,-0.397,9.44,6.773
1424831101825,37.498493,139.921427,7,-0.185,-0.504,9.502,6.726
1424831101931,37.498499,139.921429,7,-0.186,-0.567,9.555,6.675
1424831102026,37.498505,139.921431,7,-0.135,-0.545,9.439,6.629
1424831102125,37.49851,139.921433,7,-0.055,-0.591,9.489,6.582
1424831102228,37.498516,139.921435,7,-0.108,-0.581,9.444,6.534
1424831102327,37.498522,139.921437,7,-0.165,-0.58,9.416,6.487
1424831102429,37.498528,139.921439,7,-0.059,-0.589,9.489,6.44
1424831102525,37.498533,139.92144,7,-0.032,-0.601,9.635,6.411
1424831102626,37.498539,139.921442,7,0.031,-0.644,9.561,6.385
1424831102726,37.498545,139.921444,7,0.063,-0.644,9.443,6.36
1424831102827,37.49855,139.921446,7,0.058,-0.65,9.458,6.335
1424831102928,37.498556,139.921448,7,0.025,-0.727,9.431,6.309
1424831103028,37.498562,139.921449,7,0.073,-0.775,9.298,6.284
1424831103129,37.498567,139.921451,7,0.06,-0.861,9.437,6.259
1424831103225,37.498573,139.921453,7,0.002,-0.982,9.568,6.235
1424831103325,37.498578,139.921455,7,0.117,-1.016,9.562,6.211
1424831103426,37.498584,139.921457,7,0.207,-1.131,9.451,6.186
1424831103527,37.498588,139.921458,7,0.235,-0.971,9.037,6.056
1424831103628,37.498591,139.921459,7,0.298,-1.104,9.428,5.896
1424831103728,37.498594,139.921461,7,0.438,-1.227,9.703,5.742
1424831103829,37.498598,139.921462,7,0.664,-1.282,9.698,5.59
1424831103925,37.498601,139.921463,7,0.664,-1.32,9.851,5.449
1424831104025,37.498604,139.921464,7,0.794,-1.219,9.469,5.306
1424831104126,37.498607,139.921465,7,0.805,-1.22,9.415,5.165
1424831104227,37.49861,139.921467,7,0.79,-1.247,9.578,5.028
1424831104327,37.498613,139.921468,7,0.95,-1.417,9.516,4.897
1424831104428,37.498615,139.921469,7,1.247,-1.291,9.488,4.768
1424831104529,37.498619,139.921471,7,1.501,-1.01,9.333,4.74
1424831104625,37.498622,139.921474,7,1.753,-0.857,9.195,4.74
1424831104725,37.498625,139.921477,7,1.959,-0.822,9.211,4.74
1424831104826,37.498629,139.92148,7,1.961,-0.932,9.573,4.74
1424831104927,37.498632,139.921483,7,1.916,-0.865,9.426,4.74
1424831105027,37.498636,139.921486,7,1.847,-1.012,9.3,4.74
1424831105128,37.498639,139.921489,7,1.657,-1.232,9.807,4.74
1424831105229,37.498642,139.921492,7,1.389,-1.203,9.772,4.74
1424831105330,37.498646,139.921495,7,0.986,-0.851,9.959,4.74
1424831105425,37.498649,139.921497,7,1.078,-0.661,9.772,4.74
1424831105526,37.498649,139.921501,9,1.282,-0.607,8.995,4.618
1424831105627,37.498647,139.921505,9,1.447,-0.682,9.105,4.459
1424831105727,37.498645,139.92151,9,1.728,-0.871,9.67,4.307
1424831105828,37.498643,139.921513,9,2.055,-0.879,9.682,4.158
1424831105929,37.498641,139.921517,9,2.142,-0.791,9.275,4.015
1424831106029,37.498639,139.921521,9,2.101,-0.61,9.238,3.877
1424831106125,37.498638,139.921524,9,1.903,-0.356,9.184,3.749
1424831106226,37.498636,139.921528,9,2.038,-0.184,9.683,3.62
1424831106327,37.498635,139.921531,9,2.089,-0.234,9.671,3.495
1424831106427,37.498633,139.921534,9,1.721,-0.227,9.504,3.377
1424831106528,37.498632,139.921537,9,1.574,-0.08,9.356,3.314
1424831106629,37.498632,139.92154,9,1.452,0.024,9.421,3.269
1424831106729,37.498631,139.921543,9,1.258,-0.021,9.54,3.224
1424831106825,37.49863,139.921545,9,1.322,-0.036,9.324,3.182
1424831106926,37.49863,139.921548,9,1.559,0.026,9.331,3.138
1424831107026,37.498629,139.92155,9,1.778,0.103,9.363,3.095
1424831107127,37.498628,139.921553,9,1.625,0.149,9.143,3.052
1424831107228,37.498627,139.921556,9,1.484,0.232,9.155,3.01
1424831107329,37.498627,139.921558,9,1.582,0.142,9.399,2.969
1424831107429,37.498626,139.92156,9,1.87,0.087,9.581,2.928
1424831107525,37.498625,139.921563,7,2.082,-0.038,9.489,2.991
1424831107626,37.498624,139.921565,7,2.108,-0.178,9.242,3.091
1424831107726,37.498623,139.921568,7,1.928,-0.24,9.151,3.193
1424831107827,37.498621,139.921571,7,1.674,-0.239,9.343,3.3
1424831107928,37.49862,139.921574,7,1.432,-0.139,9.519,3.41
1424831108028,37.498618,139.921577,7,0.913,0.061,9.4,3.523
1424831108129,37.498617,139.92158,7,0.62,0.21,9.342,3.641
1424831108225,37.498616,139.921583,7,0.725,0.127,9.453,3.757
1424831108326,37.498614,139.921586,7,0.638,0.171,9.44,3.882
1424831108426,37.498612,139.921589,7,0.489,0.237,9.526,4.009
1424831108527,37.498612,139.921593,7,0.493,0.267,9.639,4.022
1424831108628,37.498612,139.921597,7,0.66,0.348,9.43,3.998
1424831108728,37.498611,139.9216,7,0.798,0.472,9.232,3.975
1424831108829,37.498611,139.921604,7,0.765,0.528,9.302,3.951
1424831108925,37.498611,139.921607,7,0.621,0.537,9.472,3.929
1424831109025,37.498611,139.921611,7,0.424,0.69,9.435,3.906
1424831109126,37.498611,139.921615,7,0.184,0.837,9.375,3.883
1424831109227,37.49861,139.921618,7,0.01,0.833,9.387,3.86
1424831117228,37.498474,139.922101,7,0.003,0.831,9.398,6.91
1424831117329,37.498473,139.922107,7,0.023,0.388,9.516,6.91
1424831117425,37.498472,139.922113,7,-0.004,0.178,9.235,6.91
1424831117525,37.498471,139.922119,7,-0.02,0.029,9.269,6.873
1424831117626,37.498469,139.922124,7,0.003,-0.185,9.662,6.823
1424831117727,37.498467,139.92213,7,-0.075,-0.219,9.61,6.774
1424831117827,37.498465,139.922135,7,-0.059,-0.156,9.473,6.725
1424831117928,37.498463,139.92214,7,0.012,-0.06,9.297,6.676
1424831118029,37.498461,139.922146,7,0.009,-0.176,9.484,6.628
1424831118125,37.498459,139.922151,7,0.072,-0.146,9.273,6.582
1424831118225,37.498457,139.922156,7,0.099,-0.076,9.385,6.535
1424831118326,37.498455,139.922161,7,0.107,-0.151,9.746,6.488
1424831118427,37.498453,139.922166,7,-0.012,-0.221,9.744,6.441
1424831118527,37.498451,139.922172,6,-0.112,-0.228,9.479,6.41
1424831118628,37.498449,139.922179,6,-0.06,-0.132,9.419,6.385
1424831118729,37.498447,139.922187,6,-0.058,0.05,9.368,6.359
1424831118829,37.498445,139.922193,6,0.047,0.025,9.396,6.334
1424831118925,37.498443,139.9222,6,0.134,0.022,9.488,6.31
1424831119026,37.498441,139.922207,6,0.096,0.066,9.488,6.285
1424831119126,37.498439,139.922214,6,-0.014,0.115,9.357,6.26
1424831119227,37.498437,139.922221,6,0.021,0.069,9.321,6.235
1424831119328,37.498435,139.922228,6,0.083,0.031,9.453,6.21
1424831119429,37.498432,139.922235,6,0.19,0.007,9.437,6.185
1424831119529,37.498431,139.922242,5,0.384,0.041,9.498,6.18
1424831119625,37.498429,139.922249,5,0.655,-0.034,9.624,6.18
1424831119726,37.498427,139.922256,5,0.797,-0.164,9.703,6.18
1424831119826,37.498425,139.922263,5,0.832,-0.061,9.531,6.18
1424831119927,37.498423,139.92227,5,0.838,0.061,9.41,6.18
1424831120028,37.498422,139.922278,5,0.77,0.154,9.128,6.18
1424831120129,37.49842,139.922285,5,0.795,0.178,9.391,6.18
1424831120229,37.498418,139.922292,5,0.791,0.163,9.637,6.18
1424831120325,37.498416,139.922299,5,0.766,0.244,9.413,6.18
1424831120426,37.498414,139.922306,5,0.703,0.161,9.384,6.18
1424831120526,37.498412,139.922313,6,0.56,0.133,9.533,6.161
1424831120627,37.498409,139.92232,6,0.467,0.096,9.471,6.137
1424831120728,37.498406,139.922326,6,0.343,0.132,9.418,6.112
1424831120829,37.498403,139.922333,6,0.227,0.279,9.242,6.088
1424831120929,37.4984,139.922339,6,0.278,0.158,9.472,6.064
1424831121025,37.498398,139.922345,6,0.259,0.18,9.528,6.041
1424831121126,37.498395,139.922352,6,0.137,0.258,9.278,6.017
1424831121226,37.498392,139.922358,6,0.182,0.182,9.419,5.993
1424831121327,37.498389,139.922364,6,0.171,0.174,9.525,5.969
1424831121428,37.498387,139.922371,6,0.026,0.169,9.416,5.945
1424831121528,37.498385,139.922377,6,-0.09,0.189,9.38,5.958
1424831121629,37.498383,139.922384,6,-0.139,0.173,9.43,5.982
1424831121725,37.498382,139.92239,6,-0.186,0.149,9.436,6.005
1424831121826,37.49838,139.922397,6,-0.203,0.085,9.585,6.029
1424831121926,37.498379,139.922404,6,-0.263,0.072,9.579,6.053
1424831122027,37.498377,139.922411,6,-0.15,0.116,9.411,6.077
1424831122128,37.498376,139.922418,6,-0.049,0.168,9.398,6.102
1424831122228,37.498374,139.922425,6,-0.025,0.185,9.5,6.126
1424831122329,37.498373,139.922432,6,-0.086,0.127,9.506,6.15
1424831122425,37.498371,139.922438,6,-0.144,0.186,9.469,6.174
1424831122525,37.498371,139.922446,6,-0.141,0.253,9.437,6.18
1424831122626,37.49837,139.922455,6,-0.17,0.385,9.003,6.18
1424831122727,37.49837,139.922463,6,-0.077,0.14,9.526,6.18
1424831122828,37.498369,139.922471,6,-0.005,0.033,9.794,6.18
1424831122928,37.498369,139.92248,6,-0.021,0.198,9.465,6.18
1424831123029,37.498369,139.922488,6,-0.016,0.241,9.169,6.18
1424831123125,37.498368,139.922496,6,-0.077,0.112,9.31,6.18
1424831123225,37.498368,139.922504,6,-0.161,-0.086,9.416,6.18
1424831123326,37.498368,139.922513,6,-0.083,0.068,9.512,6.18
1424831123427,37.498367,139.922521,6,-0.058,0.142,9.524,6.18
1424831123527,37.498365,139.922527,6,-0.058,0.017,9.585,6.161
1424831123628,37.498363,139.922532,6,-0.072,-0.079,9.515,6.137
1424831123729,37.498361,139.922537,6,-0.068,0.009,9.312,6.112
1424831123825,37.498359,139.922542,6,-0.041,-0.01,9.459,6.089
1424831123925,37.498356,139.922547,6,-0.061,-0.052,9.602,6.065
1424831124026,37.498354,139.922552,6,-0.071,0.002,9.486,6.041
1424831124127,37.498352,139.922557,6,-0.059,0.09,9.431,6.016
1424831124227,37.49835,139.922562,6,-0.03,0.097,9.329,5.993
1424831124328,37.498348,139.922567,6,0.0,0.003,9.384,5.969
1424831124429,37.498345,139.922572,6,-0.009,-0.03,9.534,5.945
1424831124529,37.498344,139.922578,5,-0.043,0.093,9.447,5.94
1424831124625,37.498343,139.922583,5,-0.06,0.054,9.365,5.94
1424831124726,37.498341,139.922589,5,-0.157,0.011,9.368,5.94
1424831124827,37.49834,139.922595,5,-0.197,-0.06,9.446,5.94
1424831124927,37.498339,139.922601,5,-0.163,0.049,9.313,5.94
1424831125028,37.498337,139.922607,5,-0.009,-0.026,9.498,5.94
1424831125129,37.498336,139.922612,5,0.213,-0.181,9.772,5.94
1424831125229,37.498335,139.922618,5,0.237,-0.115,9.431,5.94
1424831125325,37.498334,139.922624,5,0.214,-0.006,9.297,5.94
1424831125426,37.498332,139.92263,5,0.195,-0.031,9.438,5.94
1424831125527,37.498331,139.922636,5,0.013,-0.078,9.433,5.921
1424831125627,37.498329,139.922643,5,-0.091,-0.04,9.506,5.897
1424831125728,37.498327,139.92265,5,-0.049,0.079,9.566,5.872
1424831125829,37.498325,139.922657,5,0.058,0.113,9.456,5.848
1424831125929,37.498323,139.922664,5,0.147,-0.013,9.356,5.824
1424831126025,37.498322,139.92267,5,0.156,-0.067,9.404,5.801
1424831126126,37.49832,139.922677,5,0.13,0.033,9.368,5.777
1424831126226,37.498318,139.922684,5,0.084,0.072,9.317,5.753
1424831126327,37.498316,139.922691,5,0.04,0.009,9.468,5.729
1424831126428,37.498314,139.922698,5,-0.009,-0.062,9.573,5.705
1424831126529,37.498312,139.922704,5,-0.041,0.01,9.504,5.719
1424831126629,37.498309,139.922709,5,-0.038,0.084,9.408,5.742
1424831126725,37.498306,139.922715,5,-0.051,0.064,9.391,5.765
1424831126826,37.498303,139.922721,5,-0.071,0.016,9.471,5.789
1424831126926,37.4983,139.922727,5,-0.051,0.033,9.507,5.813
1424831127027,37.498297,139.922733,5,-0.011,0.14,9.411,5.837
1424831127128,37.498294,139.922739,5,0.016,0.124,9.414,5.862
1424831127228,37.498291,139.922745,5,-0.037,0.079,9.441,5.886
1424831127329,37.498288,139.922751,5,-0.101,0.072,9.436,5.91
1424831127425,37.498285,139.922756,5,-0.204,0.032,9.568,5.934
1424831127526,37.498283,139.922762,5,-0.349,0.105,9.47,5.921
1424831127626,37.498281,139.922768,5,-0.379,0.167,9.267,5.897
1424831127727,37.49828,139.922774,5,-0.378,0.107,9.377,5.873
1424831127828,37.498279,139.92278,5,-0.359,0.077,9.466,5.848
1424831127928,37.498277,139.922786,5,-0.356,0.11,9.365,5.824
1424831128029,37.498276,139.922792,5,-0.267,0.044,9.436,5.8
1424831128125,37.498274,139.922797,5,-0.201,-0.005,9.451,5.777
1424831128225,37.498273,139.922803,5,-0.199,-0.083,9.488,5.753
1424831128326,37.498272,139.922809,5,-0.238,-0.218,9.761,5.729
1424831128427,37.49827,139.922815,5,-0.21,-0.062,9.432,5.705
1424831128528,37.498268,139.922821,6,-0.107,0.041,9.198,5.681
1424831128628,37.498266,139.922827,6,-0.152,-0.003,9.411,5.657
1424831128729,37.498264,139.922833,6,-0.073,0.024,9.604,5.632
1424831128825,37.498262,139.922838,6,0.034,0.053,9.42,5.609
1424831128925,37.498259,139.922844,6,0.135,0.081,9.365,5.585
1424831129026,37.498257,139.92285,6,0.038,0.058,9.473,5.56
1424831129127,37.498255,139.922856,6,-0.056,-0.054,9.617,5.536
1424831129228,37.498253,139.922862,6,-0.166,-0.048,9.372,5.512
1424831129328,37.498251,139.922868,6,-0.119,-0.014,9.359,5.489
1424831129429,37.498248,139.922874,6,-0.075,-0.016,9.456,5.465
1424831129525,37.498247,139.922879,6,-0.019,-0.068,9.571,5.46
1424831129625,37.498245,139.922884,6,0.073,-0.051,9.511,5.46
1424831129726,37.498243,139.92289,6,0.146,-0.035,9.382,5.46
1424831129827,37.498241,139.922895,6,0.137,0.027,9.333,5.46
1424831129927,37.498239,139.9229,6,0.026,0.031,9.348,5.46
1424831130028,37.498237,139.922906,6,-0.096,-0.039,9.626,5.46
1424831130129,37.498235,139.922911,6,-0.157,-0.01,9.586,5.46
1424831130225,37.498233,139.922916,6,-0.204,0.056,9.469,5.46
1424831130330,37.498231,139.922922,6,-0.203,0.149,9.367,5.46
1424831130426,37.498229,139.922927,6,-0.084,0.091,9.45,5.46
1424831130525,37.498227,139.922933,5,0.061,0.074,9.434,5.46
1424831130627,37.498225,139.922939,5,0.133,0.154,9.326,5.46
1424831130726,37.498223,139.922945,5,0.063,0.18,9.383,5.46
1424831130829,37.498221,139.922951,5,-0.087,0.165,9.462,5.46
1424831130928,37.498219,139.922957,5,-0.152,0.115,9.568,5.46
1424831131025,37.498217,139.922963,5,-0.193,0.072,9.436,5.46
1424831131126,37.498215,139.922969,5,-0.178,0.076,9.427,5.46
1424831131227,37.498213,139.922975,5,-0.103,0.048,9.409,5.46
1424831131327,37.498211,139.922981,5,-0.115,0.024,9.436,5.46
1424831131428,37.498208,139.922987,5,-0.105,-0.015,9.525,5.46
1424831131529,37.498206,139.922992,5,-0.159,-0.082,9.637,5.441
1424831131629,37.498204,139.922997,5,-0.176,0.054,9.275,5.416
1424831131725,37.498202,139.923002,5,-0.143,0.084,9.2,5.393
1424831131826,37.498199,139.923007,5,-0.078,-0.031,9.602,5.368
1424831131927,37.498197,139.923012,5,0.015,0.068,9.361,5.344
1424831132027,37.498195,139.923017,5,-0.008,0.007,9.427,5.32
1424831132128,37.498192,139.923022,5,-0.071,-0.083,9.612,5.296
1424831132229,37.49819,139.923027,5,-0.124,-0.022,9.63,5.272
1424831132329,37.498188,139.923032,5,-0.332,0.084,9.278,5.248
1424831132425,37.498186,139.923037,5,-0.361,0.061,9.181,5.226
1424831132526,37.498184,139.923042,5,-0.315,0.031,9.469,5.201
1424831132626,37.498182,139.923047,5,-0.242,-0.028,9.634,5.177
1424831132727,37.49818,139.923053,5,-0.124,-0.025,9.586,5.152
1424831132828,37.498178,139.923058,5,-0.008,0.06,9.425,5.128
1424831132929,37.498176,139.923063,5,-0.07,0.116,9.368,5.104
1424831133029,37.498174,139.923068,5,-0.228,-0.103,9.633,5.08
1424831133125,37.498173,139.923073,5,-0.206,-0.085,9.288,5.057
1424831133226,37.498171,139.923079,5,-0.404,-0.113,9.512,5.033
1424831133326,37.498169,139.923084,5,-0.421,-0.003,9.538,5.009
1424831133427,37.498167,139.923089,5,-0.306,0.107,9.263,4.985
1424831133528,37.498166,139.923094,5,-0.234,-0.035,9.498,4.98
1424831133628,37.498164,139.923098,5,-0.218,-0.262,9.936,4.98
1424831133729,37.498162,139.923103,5,-0.193,-0.164,9.361,4.98
1424831133825,37.498161,139.923108,5,-0.193,-0.019,9.005,4.98
1424831133926,37.498159,139.923112,5,0.012,-0.022,9.208,4.98
1424831134026,37.498157,139.923117,5,0.468,0.016,9.004,4.98
1424831134127,37.498155,139.923122,5,0.429,-0.18,9.57,4.98
1424831134228,37.498154,139.923127,5,0.05,-0.226,9.828,4.98
1424831134328,37.498152,139.923131,5,-0.074,-0.168,9.623,4.98
1424831134429,37.49815,139.923136,5,-0.121,-0.131,9.449,4.98
1424831134525,37.498149,139.92314,6,-0.272,-0.183,9.482,4.943
1424831134625,37.498147,139.923145,6,-0.248,-0.196,9.44,4.894
1424831134726,37.498145,139.92315,6,-0.109,-0.212,9.485,4.846
1424831134827,37.498143,139.923154,6,-0.004,-0.077,9.406,4.797
1424831134928,37.498142,139.923159,6,0.084,0.038,9.253,4.75
1424831135028,37.49814,139.923163,6,0.053,-0.012,9.474,4.703
1424831135129,37.498138,139.923167,6,-0.037,-0.22,9.858,4.656
1424831135225,37.498137,139.923171,6,0.03,-0.149,9.451,4.612
1424831135325,37.498135,139.923176,6,-0.024,-0.071,9.135,4.566
1424831135426,37.498133,139.92318,6,-0.112,-0.017,9.395,4.521
1424831135527,37.498131,139.923184,6,-0.064,-0.012,9.47,4.51
1424831135628,37.498129,139.923188,6,-0.146,-0.079,9.72,4.51
1424831135728,37.498127,139.923192,6,-0.393,-0.129,9.743,4.51
1424831135829,37.498125,139.923197,6,-0.465,-0.012,9.46,4.51
1424831135925,37.498123,139.9232,6,-0.393,0.038,9.508,4.51
1424831136025,37.498122,139.923205,6,-0.215,0.308,9.098,4.51
1424831136126,37.498119,139.923209,6,-0.121,0.252,9.15,4.51
1424831136227,37.498117,139.923213,6,0.175,0.125,9.35,4.51
1424831136327,37.498115,139.923217,6,0.075,0.026,9.653,4.51
1424831136428,37.498113,139.923221,6,-0.017,0.21,9.412,4.51
1424831136525,37.498112,139.923226,5,0.012,0.384,9.406,4.51
1424831136625,37.498111,139.923232,5,0.047,0.363,9.412,4.51
1424831136725,37.49811,139.923238,5,-0.166,0.238,9.609,4.51
1424831136826,37.498108,139.923244,5,-0.077,0.293,9.355,4.51
1424831136927,37.498107,139.92325,5,0.019,0.322,9.251,4.51
1424831137027,37.498106,139.923255,5,0.106,0.256,9.492,4.51
1424831137128,37.498105,139.923261,5,0.195,0.324,9.598,4.51
1424831139228,37.49808,139.923356,5,0.151,0.296,9.432,4.456
1424831139329,37.498079,139.923361,5,-0.139,0.166,9.231,4.48
1424831139429,37.498078,139.923366,5,-0.275,0.131,9.107,4.505
1424831139525,37.498077,139.923371,5,-0.336,-0.107,9.548,4.473
1424831139626,37.498077,139.923375,5,-0.473,-0.325,10.103,4.424
1424831139726,37.498076,139.92338,5,-0.264,-0.099,9.072,4.375
1424831139827,37.498075,139.923385,5,-0.223,-0.356,9.529,4.327
1424831139928,37.498075,139.92339,5,0.198,-0.231,9.152,4.279
1424831140028,37.498074,139.923394,5,0.527,-0.083,9.047,4.232
1424831140129,37.498073,139.923399,5,0.508,-0.27,9.64,4.185
1424831140225,37.498073,139.923403,5,0.317,-0.362,9.872,4.141
1424831140326,37.498072,139.923408,5,0.269,-0.244,9.366,4.095
1424831140426,37.498071,139.923412,5,0.068,-0.273,9.486,4.051
1424831140527,37.498071,139.923416,5,-0.042,-0.251,9.4,4.022
1424831140628,37.49807,139.92342,5,-0.15,-0.245,9.187,3.998
1424831140728,37.49807,139.923424,5,-0.248,-0.493,9.504,3.975
1424831140829,37.498069,139.923428,5,-0.287,-0.471,9.504,3.951
1424831140925,37.498069,139.923431,5,-0.091,-0.491,9.342,3.929
1424831141025,37.498068,139.923435,5,0.055,-0.67,9.69,3.906
1424831141126,37.498068,139.923439,5,0.216,-0.584,9.523,3.883
1424831141227,37.498067,139.923443,5,0.243,-0.464,9.345,3.86
1424831141328,37.498067,139.923446,5,0.124,-0.521,9.348,3.837
1424831141428,37.498066,139.92345,5,0.077,-0.602,9.535,3.815
1424831141529,37.498065,139.923454,5,-0.01,-0.574,9.515,3.791
1424831141625,37.498064,139.923458,5,-0.064,-0.529,9.375,3.769
1424831141725,37.498063,139.923462,5,-0.087,-0.54,9.358,3.745
1424831141826,37.498063,139.923466,5,-0.066,-0.529,9.527,3.722
1424831141927,37.498062,139.923469,5,-0.062,-0.463,9.508,3.699
1424831142028,37.498061,139.923473,5,-0.158,-0.464,9.367,3.675
1424831142128,37.49806,139.923477,5,-0.195,-0.458,9.443,3.652
1424831142229,37.498059,139.923481,5,-0.09,-0.484,9.603,3.63
1424831142325,37.498058,139.923484,5,0.017,-0.545,9.654,3.608
1424831142425,37.498057,139.923488,5,0.046,-0.609,9.458,3.586
1424831142526,37.498056,139.923491,4,-0.003,-0.644,9.327,3.544
1424831142627,37.498054,139.923493,4,-0.072,-0.657,9.532,3.496
1424831142727,37.498052,139.923496,4,-0.089,-0.69,9.578,3.449
1424831142828,37.49805,139.923498,4,-0.102,-0.71,9.489,3.403
1424831142929,37.498049,139.923501,4,-0.102,-0.747,9.471,3.357
1424831143025,37.498047,139.923503,4,-0.102,-0.756,9.492,3.314
1424831143125,37.498045,139.923506,4,-0.046,-0.718,9.381,3.27
1424831143226,37.498044,139.923508,4,0.063,-0.691,9.324,3.226
1424831143327,37.498042,139.92351,4,0.118,-0.709,9.41,3.182
1424831143427,37.49804,139.923512,4,0.131,-0.675,9.395,3.14
1424831143528,37.498039,139.923515,5,0.084,-0.651,9.373,3.094
1424831143629,37.498038,139.923517,5,0.005,-0.665,9.469,3.048
1424831143729,37.498037,139.923519,5,-0.055,-0.659,9.515,3.004
1424831143825,37.498036,139.923521,5,-0.052,-0.632,9.447,2.961
1424831143926,37.498036,139.923523,5,-0.046,-0.624,9.45,2.917
1424831144027,37.498035,139.923526,5,-0.031,-0.633,9.484,2.874
1424831144127,37.498034,139.923528,5,-0.009,-0.626,9.487,2.832
1424831144228,37.498033,139.92353,5,0.008,-0.621,9.477,2.79
1424831144329,37.498032,139.923532,5,0.025,-0.645,9.461,2.749
1424831144429,37.498031,139.923534,5,0.028,-0.665,9.476,2.708
1424831144525,37.498031,139.923534,5,0.004,-0.661,9.468,2.607
1424831144631,37.498031,139.923535,5,-0.019,-0.665,9.463,2.48
1424831144727,37.49803,139.923535,5,-0.016,-0.678,9.484,2.37
1424831144826,37.49803,139.923535,5,0.003,-0.684,9.487,2.261
1424831144928,37.49803,139.923536,5,0.005,-0.695,9.458,2.153
1424831145027,37.49803,139.923536,5,0.001,-0.699,9.439,2.053
1424831145129,37.49803,139.923536,5,-0.003,-0.704,9.427,1.956
1424831145225,37.498029,139.923536,5,0.001,-0.693,9.426,1.868
1424831145326,37.498029,139.923537,5,0.001,-0.633,9.439,1.781
1424831145426,37.498029,139.923537,5,-0.01,-0.36,9.506,1.699
1424831145527,37.498029,139.923537,6,-0.02,0.014,9.484,1.665
1424831145628,37.498029,139.923536,6,-0.017,0.308,9.388,1.646
1424831145729,37.498029,139.923536,6,-0.015,0.388,9.353,1.628
1424831145829,37.498029,139.923536,6,-0.02,0.285,9.391,1.609
1424831145925,37.498029,139.923536,6,-0.013,0.161,9.443,1.592
1424831146026,37.49803,139.923535,6,-0.013,0.071,9.486,1.574
1424831146126,37.49803,139.923535,6,-0.024,0.076,9.458,1.556
1424831146227,37.49803,139.923535,6,-0.028,0.169,9.444,1.538
1424831146328,37.49803,139.923534,6,-0.024,0.23,9.444,1.521
1424831146428,37.49803,139.923534,6,-0.004,0.202,9.426,1.504
1424831146529,37.49803,139.923534,6,0.002,0.167,9.457,1.5
1424831146625,37.49803,139.923534,6,-0.004,0.162,9.469,1.5
1424831146726,37.498031,139.923534,6,-0.007,0.188,9.446,1.5
1424831146826,37.498031,139.923534,6,-0.016,0.184,9.447,1.5
1424831146927,37.498031,139.923534,6,-0.016,0.178,9.465,1.5
1424831147028,37.498031,139.923535,6,-0.007,0.171,9.453,1.5
1424831147128,37.498031,139.923535,6,-0.005,0.173,9.452,1.5
1424831147229,37.498032,139.923535,6,-0.007,0.188,9.446,1.5
1424831147325,37.498032,139.923535,6,-0.004,0.185,9.452,1.5
1424831147425,37.498032,139.923535,6,-0.011,0.163,9.452,1.5
1424831147526,37.498032,139.923535,5,-0.012,0.179,9.452,1.5
1424831147627,37.498032,139.923535,5,-0.018,0.197,9.452,1.5
1424831147728,37.498033,139.923535,5,-0.018,0.174,9.447,1.5
1424831147828,37.498033,139.923535,5,-0.007,0.179,9.455,1.5
1424831147925,37.498033,139.923535,5,-0.001,0.183,9.457,1.5
1424831148025,37.498033,139.923535,5,-0.007,0.169,9.446,1.5
1424831148125,37.498033,139.923535,5,-0.009,0.176,9.453,1.5
1424831148226,37.498034,139.923535,5,-0.008,0.181,9.453,1.5
1424831148327,37.498034,139.923535,5,-0.015,0.167,9.448,1.5
1424831148428,37.498034,139.923535,5,-0.013,0.182,9.463,1.5
1424831148528,37.498034,139.923535,5,-0.006,0.187,9.461,1.5
1424831148629,37.498034,139.923535,5,-0.004,0.169,9.451,1.5
1424831148725,37.498034,139.923535,5,-0.008,0.177,9.453,1.5
1424831148825,37.498034,139.923535,5,-0.007,0.184,9.452,1.5
1424831148926,37.498034,139.923535,5,-0.007,0.163,9.444,1.5
1424831149027,37.498035,139.923535,5,-0.015,0.174,9.457,1.5
1424831149127,37.498035,139.923535,5,-0.015,0.178,9.465,1.5
1424831149228,37.498035,139.923535,5,-0.01,0.168,9.447,1.5
1424831149329,37.498035,139.923535,5,-0.013,0.169,9.448,1.5
1424831149425,37.498035,139.923535,5,-0.005,0.175,9.443,1.5
1424831149525,37.498035,139.923535,6,-0.004,0.164,9.43,1.5
1424831149626,37.498035,139.923536,6,-0.012,0.172,9.447,1.5
1424831149727,37.498035,139.923536,6,-0.016,0.174,9.469,1.5
1424831149827,37.498035,139.923537,6,-0.006,0.17,9.442,1.5
1424831149928,37.498035,139.923537,6,-0.011,0.188,9.453,1.5
1424831150029,37.498035,139.923537,6,-0.009,0.177,9.447,1.5
1424831150129,37.498035,139.923538,6,-0.003,0.161,9.434,1.5
1424831150225,37.498035,139.923538,6,-0.012,0.177,9.443,1.5
1424831150326,37.498035,139.923539,6,-0.012,0.177,9.462,1.5
1424831150427,37.498035,139.923539,6,-0.009,0.169,9.443,1.5
1424831150527,37.498035,139.923539,6,-0.015,0.176,9.456,1.5
1424831150628,37.498035,139.92354,6,-0.01,0.186,9.463,1.5
1424831150729,37.498035,139.92354,6,0.003,0.176,9.446,1.5
1424831150829,37.498035,139.923541,6,-0.013,0.171,9.458,1.5
1424831150925,37.498035,139.923541,6,-0.009,0.168,9.449,1.5
1424831151027,37.498034,139.923541,6,-0.001,0.168,9.432,1.5
1424831151127,37.498034,139.923542,6,-0.003,0.183,9.447,1.5
1424831151227,37.498034,139.923542,6,-0.007,0.179,9.455,1.5
1424831151328,37.498034,139.923543,6,-0.003,0.17,9.445,1.5
1424831151429,37.498034,139.923543,6,-0.01,0.181,9.444,1.5
1424831151529,37.498034,139.923543,6,-0.013,0.181,9.465,1.5
1424831151625,37.498034,139.923543,6,-0.008,0.165,9.452,1.5
1424831151726,37.498034,139.923544,6,-0.009,0.184,9.457,1.5
1424831151826,37.498034,139.923544,6,-0.014,0.185,9.457,1.5
1424831151927,37.498034,139.923544,6,-0.012,0.171,9.458,1.5
1424831152028,37.498033,139.923544,6,-0.009,0.184,9.465,1.5
1424831152129,37.498033,139.923544,6,-0.008,0.186,9.463,1.5
1424831152229,37.498033,139.923545,6,-0.009,0.169,9.455,1.5
1424831152325,37.498033,139.923545,6,-0.007,0.178,9.454,1.5
1424831152426,37.498033,139.923545,6,-0.007,0.175,9.454,1.5
1424831152526,37.498033,139.923545,6,-0.012,0.169,9.459,1.5
1424831152627,37.498033,139.923545,6,-0.009,0.187,9.457,1.5
1424831152728,37.498033,139.923545,6,-0.008,0.186,9.463,1.5
1424831152828,37.498033,139.923545,6,-0.008,0.17,9.454,1.5
1424831152929,37.498033,139.923545,6,-0.005,0.188,9.456,1.5
1424831153025,37.498033,139.923546,6,-0.005,0.179,9.451,1.5
1424831153125,37.498033,139.923546,6,-0.011,0.161,9.447,1.5
1424831153226,37.498033,139.923546,6,-0.012,0.182,9.451,1.5
1424831153327,37.498033,139.923546,6,-0.017,0.181,9.464,1.5
1424831153428,37.498033,139.923546,6,-0.02,0.163,9.459,1.5
1424831153528,37.498033,139.923546,6,-0.016,0.177,9.451,1.5
1424831153629,37.498033,139.923546,6,-0.008,0.177,9.455,1.5
1424831153725,37.498033,139.923546,6,-0.01,0.165,9.452,1.5
1424831153825,37.498033,139.923546,6,-0.005,0.182,9.451,1.5
1424831153927,37.498033,139.923546,6,-0.014,0.174,9.462,1.5
1424831154027,37.498033,139.923547,6,-0.021,0.161,9.459,1.5
1424831154128,37.498033,139.923547,6,-0.019,0.174,9.454,1.5
1424831154228,37.498033,139.923547,6,-0.009,0.174,9.449,1.5
1424831154329,37.498033,139.923547,6,-0.007,0.162,9.447,1.5
1424831154425,37.498033,139.923547,6,-0.009,0.178,9.447,1.5
1424831154525,37.498033,139.923547,6,-0.015,0.175,9.462,1.5
1424831154626,37.498033,139.923547,6,-0.013,0.171,9.481,1.5
1424831154727,37.498033,139.923547,6,-0.005,0.181,9.459,1.5
1424831154827,37.498033,139.923547,6,-0.018,0.174,9.46,1.5
1424831154928,37.498033,139.923547,6,-0.013,0.171,9.457,1.5
1424831155029,37.498034,139.923546,6,-0.003,0.175,9.438,1.5
1424831155125,37.498034,139.923546,6,-0.012,0.176,9.458,1.5
1424831155225,37.498034,139.923546,6,-0.014,0.181,9.474,1.5
1424831155326,37.498034,139.923546,6,-0.007,0.176,9.454,1.5
1424831155427,37.498034,139.923546,6,-0.018,0.176,9.46,1.5
1424831155527,37.498034,139.923546,6,-0.016,0.179,9.464,1.5
1424831155628,37.498034,139.923546,6,-0.005,0.173,9.443,1.5
1424831155729,37.498034,139.923546,6,-0.011,0.178,9.452,1.5
1424831155825,37.498034,139.923546,6,-0.012,0.186,9.46,1.5
1424831155925,37.498034,139.923546,6,-0.009,0.178,9.442,1.5
1424831156026,37.498035,139.923547,6,-0.016,0.178,9.445,1.5
1424831156127,37.498035,139.923547,6,-0.019,0.182,9.461,1.5
1424831156227,37.498035,139.923547,6,-0.009,0.174,9.433,1.5
1424831156328,37.498035,139.923547,6,-0.012,0.177,9.448,1.5
1424831156429,37.498035,139.923547,6,-0.016,0.175,9.459,1.5
1424831156530,37.498035,139.923547,6,-0.009,0.176,9.443,1.5
1424831156625,37.498035,139.923547,6,-0.008,0.174,9.443,1.5
1424831156726,37.498036,139.923547,6,-0.014,0.171,9.458,1.5
1424831156827,37.498036,139.923547,6,-0.015,0.173,9.446,1.5
1424831156928,37.498036,139.923547,6,-0.02,0.162,9.453,1.5
1424831157028,37.498036,139.923548,6,-0.017,0.169,9.454,1.5
1424831157129,37.498036,139.923548,6,-0.019,0.186,9.46,1.5
1424831157229,37.498037,139.923548,6,-0.018,0.175,9.458,1.5
1424831157325,37.498037,139.923548,6,-0.005,0.166,9.441,1.5
1424831157426,37.498037,139.923548,6,-0.013,0.178,9.453,1.5
1424831157526,37.498037,139.923548,5,-0.01,0.176,9.457,1.5
1424831157627,37.498037,139.923548,5,0.001,0.168,9.443,1.5
1424831157728,37.498037,139.923548,5,-0.005,0.173,9.457,1.5
1424831157829,37.498037,139.923548,5,-0.014,0.179,9.453,1.5
1424831157929,37.498037,139.923548,5,-0.009,0.177,9.441,1.5
1424831158025,37.498037,139.923548,5,-0.015,0.169,9.448,1.5
1424831158126,37.498037,139.923548,5,-0.011,0.182,9.453,1.5
1424831158226,37.498037,139.923548,5,-0.004,0.197,9.458,1.5
1424831158327,37.498037,139.923548,5,-0.005,0.176,9.44,1.5
1424831158428,37.498037,139.923548,5,-0.006,0.173,9.444,1.5
1424831158529,37.498037,139.923548,5,-0.014,0.182,9.454,1.5
1424831158629,37.498037,139.923548,5,-0.014,0.176,9.457,1.5
1424831158730,37.498037,139.923548,5,-0.01,0.171,9.454,1.5
1424831158826,37.498037,139.923548,5,-0.018,0.173,9.457,1.5
1424831158925,37.498037,139.923548,5,-0.013,0.178,9.435,1.5
1424831159027,37.498038,139.923548,5,-0.005,0.172,9.44,1.5
1424831159126,37.498038,139.923548,5,-0.008,0.161,9.449,1.5
1424831159229,37.498038,139.923548,5,-0.015,0.175,9.451,1.5
1424831159328,37.498038,139.923548,5,-0.013,0.18,9.44,1.5
1424831159425,37.498038,139.923548,5,-0.01,0.166,9.442,1.5
1424831159526,37.498038,139.923548,6,-0.017,0.171,9.454,1.5
1424831159626,37.498038,139.923548,6,-0.013,0.19,9.464,1.5
1424831159727,37.498038,139.923548,6,-0.004,0.185,9.44,1.5
1424831159828,37.498038,139.923548,6,-0.014,0.174,9.451,1.5
1424831159928,37.498038,139.923548,6,-0.017,0.172,9.454,1.5
1424831160030,37.498038,139.923549,6,-0.019,0.182,9.431,1.5
1424831160125,37.498038,139.923549,6,-0.025,0.172,9.437,1.5
1424831160225,37.498038,139.923549,6,-0.016,0.166,9.445,1.5
1424831160326,37.498038,139.923549,6,-0.01,0.176,9.456,1.5
1424831160427,37.498038,139.923549,6,-0.007,0.171,9.443,1.5
1424831160528,37.498038,139.923549,6,-0.009,0.174,9.443,1.5
1424831160628,37.498038,139.923549,6,-0.023,0.186,9.457,1.5
1424831160729,37.498038,139.923549,6,-0.025,0.182,9.454,1.5
1424831160825,37.498038,139.923549,6,-0.012,0.178,9.441,1.5
1424831160925,37.498038,139.923549,6,-0.011,0.179,9.452,1.5
1424831161026,37.498039,139.923549,6,-0.013,0.182,9.458,1.5
1424831161127,37.498039,139.923549,6,-0.015,0.175,9.461,1.5
1424831161228,37.498039,139.923549,6,-0.017,0.159,9.449,1.5
1424831161328,37.498039,139.923549,6,-0.023,0.161,9.452,1.5
1424831161429,37.498039,139.923549,6,-0.01,0.169,9.441,1.5
1424831161525,37.498039,139.923549,5,-0.005,0.168,9.43,1.5
1424831161625,37.498039,139.923549,5,-0.004,0.168,9.443,1.5
1424831161726,37.498039,139.923549,5,-0.014,0.174,9.458,1.5
1424831161827,37.498039,139.923549,5,-0.013,0.179,9.43,1.5
1424831161927,37.498039,139.923549,5,-0.015,0.166,9.441,1.5
1424831162028,37.498039,139.923549,5,-0.011,0.169,9.453,1.5
1424831162129,37.498039,139.923549,5,-0.008,0.183,9.455,1.5
1424831162230,37.498039,139.923549,5,-0.008,0.176,9.447,1.5
1424831162325,37.498039,139.923549,5,-0.007,0.17,9.435,1.5
1424831162426,37.498039,139.923549,5,-0.015,0.185,9.464,1.5
1424831162527,37.498039,139.923549,5,-0.013,0.18,9.45,1.5
1424831162627,37.498039,139.923549,5,-0.009,0.172,9.441,1.5
1424831162729,37.498039,139.923549,5,-0.015,0.17,9.454,1.5
1424831162829,37.498039,139.923549,5,-0.015,0.167,9.452,1.5
1424831162929,37.498039,139.923549,5,-0.011,0.173,9.443,1.5
1424831163025,37.49804,139.923549,5,-0.018,0.167,9.453,1.5
1424831163126,37.49804,139.923549,5,-0.018,0.174,9.451,1.5
1424831163227,37.49804,139.923549,5,-0.018,0.186,9.467,1.5
1424831163327,37.49804,139.923549,5,-0.011,0.175,9.447,1.5
1424831163428,37.49804,139.923549,5,-0.017,0.17,9.439,1.5
1424831163529,37.49804,139.923549,6,-0.017,0.179,9.454,1.5
1424831163629,37.49804,139.923549,6,-0.009,0.181,9.447,1.5
1424831163725,37.49804,139.923549,6,-0.015,0.17,9.447,1.5
1424831163826,37.49804,139.923549,6,-0.02,0.167,9.455,1.5
1424831163927,37.49804,139.923549,6,-0.011,0.179,9.449,1.5
1424831164027,37.49804,139.92355,6,-0.013,0.173,9.442,1.5
1424831164128,37.49804,139.92355,6,-0.017,0.176,9.446,1.5
1424831167225,37.49804,139.92355,4,-0.014,0.195,9.451,1.5
1424831167325,37.49804,139.92355,4,-0.009,0.197,9.438,1.5
1424831167426,37.49804,139.92355,4,-0.008,0.179,9.436,1.5
1424831167527,37.49804,139.92355,9,-0.013,0.176,9.443,1.5
1424831167628,37.49804,139.92355,9,-0.014,0.185,9.459,1.5
1424831167728,37.49804,139.92355,9,-0.007,0.172,9.443,1.5
1424831167829,37.49804,139.92355,9,-0.009,0.177,9.46,1.5
1424831167925,37.49804,139.92355,9,-0.008,0.18,9.462,1.5
1424831168025,37.49804,139.92355,9,-0.004,0.171,9.438,1.5
1424831168126,37.49804,139.92355,9,-0.016,0.162,9.443,1.5
1424831168227,37.49804,139.92355,9,-0.016,0.17,9.463,1.5
1424831168327,37.49804,139.92355,9,-0.009,0.177,9.443,1.5
1424831168428,37.49804,139.92355,9,-0.012,0.173,9.454,1.5
1424831168529,37.49804,139.92355,9,-0.013,0.17,9.471,1.5
1424831168625,37.49804,139.92355,9,-0.001,0.173,9.446,1.5
1424831168725,37.49804,139.92355,9,-0.007,0.175,9.441,1.5
1424831168826,37.49804,139.92355,9,-0.009,0.174,9.452,1.5
1424831168927,37.49804,139.92355,9,-0.008,0.169,9.439,1.5
1424831169027,37.49804,139.92355,9,-0.016,0.166,9.443,1.5
1424831169128,37.49804,139.92355,9,-0.02,0.174,9.463,1.5
1424831173225,37.498041,139.92355,9,-0.007,0.181,9.446,1.5
1424831173328,37.498041,139.92355,9,-0.002,0.172,9.432,1.5
1424831173427,37.498041,139.92355,9,-0.012,0.167,9.433,1.5
1424831173529,37.498041,139.92355,9,-0.013,0.17,9.45,1.5
1424831173625,37.498041,139.92355,9,-0.014,0.171,9.45,1.5
1424831173725,37.498041,139.92355,9,-0.024,0.171,9.453,1.5
1424831173826,37.498041,139.92355,9,-0.025,0.179,9.469,1.5
1424831173927,37.498041,139.92355,9,-0.018,0.174,9.46,1.5
1424831174028,37.498041,139.92355,9,-0.009,0.176,9.449,1.5
1424831174128,37.498041,139.92355,9,-0.014,0.171,9.454,1.5
1424831174229,37.498041,139.92355,9,-0.007,0.163,9.442,1.5
1424831174325,37.498041,139.92355,9,-0.012,0.172,9.441,1.5
1424831174425,37.498041,139.92355,9,-0.018,0.186,9.456,1.5
1424831174526,37.498041,139.92355,9,-0.017,0.175,9.449,1.5
1424831174627,37.498041,139.92355,9,-0.007,0.169,9.446,1.5
1424831174727,37.498041,139.92355,9,-0.015,0.176,9.455,1.5
1424831174828,37.498041,139.92355,9,-0.015,0.175,9.44,1.5
1424831174929,37.498041,139.92355,9,-0.014,0.176,9.447,1.5
1424831175025,37.498041,139.92355,9,-0.021,0.175,9.457,1.5
1424831175125,37.498041,139.92355,9,-0.023,0.175,9.456,1.5
1424831175226,37.498041,139.92355,9,-0.014,0.174,9.449,1.5
1424831175327,37.498041,139.92355,9,-0.014,0.172,9.456,1.5
1424831175427,37.498041,139.92355,9,-0.014,0.169,9.451,1.5
1424831175528,37.498041,139.92355,11,-0.014,0.175,9.45,1.5
1424831175629,37.498041,139.92355,11,-0.027,0.185,9.443,1.5
1424831175729,37.498041,139.92355,11,-0.031,0.178,9.439,1.5
1424831175825,37.498041,139.92355,11,-0.019,0.17,9.443,1.5
1424831175926,37.498041,139.92355,11,-0.014,0.172,9.447,1.5
1424831176027,37.49804,139.92355,11,-0.012,0.181,9.447,1.5
1424831176127,37.49804,139.92355,11,-0.004,0.172,9.456,1.5
1424831176228,37.49804,139.92355,11,-0.023,0.172,9.459,1.5
1424831176329,37.49804,139.92355,11,-0.032,0.168,9.459,1.5
1424831176429,37.49804,139.92355,11,-0.023,0.169,9.465,1.5
1424831176525,37.49804,139.92355,11,-0.017,0.174,9.447,1.5
1424831176626,37.49804,139.92355,11,-0.01,0.181,9.446,1.5
1424831176726,37.49804,139.92355,11,-0.017,0.176,9.455,1.5
1424831176827,37.49804,139.92355,11,-0.022,0.17,9.452,1.5
1424831176928,37.49804,139.92355,11,-0.022,0.145,9.453,1.5
1424831177029,37.49804,139.92355,11,-0.031,0.13,9.467,1.5
1424831177129,37.49804,139.92355,11,-0.012,0.114,9.468,1.5
1424831177225,37.49804,139.92355,11,-0.018,0.11,9.463,1.5
1424831185226,37.498015,139.92369,11,-0.016,0.111,9.462,2.7
1424831185327,37.498015,139.923693,11,0.301,0.122,9.387,2.7
1424831185428,37.498014,139.923695,11,0.497,0.27,9.434,2.7
1424831185528,37.498013,139.923697,11,0.843,0.286,9.405,2.7
1424831185629,37.498011,139.923699,11,1.107,0.15,9.269,2.7
1424831185725,37.49801,139.923701,11,1.131,0.033,9.099,2.7
1424831185825,37.498008,139.923703,11,1.412,0.038,9.57,2.7
1424831185926,37.498007,139.923705,11,1.811,0.21,9.639,2.7
1424831186027,37.498005,139.923707,11,1.811,0.127,9.359,2.7
1424831186128,37.498004,139.923709,11,1.776,-0.189,9.117,2.7
1424831186228,37.498002,139.923711,11,1.766,-0.117,8.625,2.7
1424831186329,37.498001,139.923713,11,1.254,-0.057,9.521,2.7
1424831186425,37.497999,139.923715,11,0.811,-0.167,10.043,2.7
1424831186525,37.497997,139.923716,10,0.691,-0.275,9.945,2.7
1424831186626,37.497995,139.923717,10,0.577,-0.177,9.464,2.7
1424831186727,37.497993,139.923717,10,0.76,-0.257,9.137,2.7
1424831186828,37.497991,139.923718,10,1.004,-0.429,9.304,2.7
1424831186928,37.497989,139.923719,10,1.501,-0.335,9.597,2.7
1424831187029,37.497987,139.92372,10,1.876,-0.485,9.478,2.7
1424831187130,37.497985,139.923721,10,1.732,-0.61,9.306,2.7
1424831187225,37.497983,139.923722,10,1.4,-0.56,9.39,2.7
1424831187331,37.497981,139.923723,10,1.067,-0.523,9.41,2.7
1424831187427,37.497979,139.923724,10,0.856,-0.474,9.375,2.7
1424831187526,37.497977,139.923724,5,0.591,-0.306,9.38,2.716
1424831187628,37.497975,139.923723,5,0.319,-0.166,9.526,2.738
1424831187727,37.497972,139.923722,5,-0.04,-0.139,9.763,2.759
1424831187830,37.49797,139.923722,5,-0.159,0.016,9.636,2.782
1424831187925,37.497967,139.923721,5,0.039,0.388,9.411,2.802
1424831188026,37.497965,139.923721,5,0.284,0.892,9.334,2.825
1424831188127,37.497962,139.92372,5,0.363,1.097,9.406,2.847
1424831188227,37.49796,139.923719,5,0.431,1.24,9.427,2.869
1424831193228,37.497708,139.923568,10,0.433,1.242,9.418,6.126
1424831193328,37.497701,139.923565,10,0.173,0.658,9.438,6.15
1424831193429,37.497694,139.923562,10,-0.051,0.154,9.248,6.175
1424831193525,37.497689,139.923559,8,-0.085,-0.101,9.508,6.143
1424831193625,37.497684,139.923556,8,-0.163,-0.203,9.555,6.093
1424831193726,37.497679,139.923554,8,-0.086,-0.142,9.262,6.044
1424831193827,37.497673,139.923551,8,-0.113,-0.243,9.343,5.994
1424831193927,37.497668,139.923549,8,-0.159,-0.379,9.668,5.946
1424831194028,37.497663,139.923546,8,-0.195,-0.461,9.712,5.898
1424831194129,37.497658,139.923544,8,-0.141,-0.449,9.435,5.85
1424831194229,37.497653,139.923541,8,-0.167,-0.265,9.272,5.803
1424831194325,37.497648,139.923539,8,-0.29,-0.266,9.364,5.758
1424831194426,37.497643,139.923537,8,-0.193,-0.345,9.466,5.711
1424831194527,37.497638,139.923535,7,-0.158,-0.31,9.358,5.7
1424831194627,37.497633,139.923535,7,-0.168,-0.269,9.574,5.7
1424831194728,37.497629,139.923534,7,-0.209,-0.218,9.687,5.7
1424831194829,37.497624,139.923533,7,-0.204,-0.229,9.52,5.7
1424831194929,37.497619,139.923532,7,-0.146,-0.265,9.382,5.7
1424831195025,37.497614,139.923531,7,-0.162,-0.21,9.201,5.7
1424831195126,37.49761,139.923531,7,-0.204,-0.224,9.42,5.7
1424831195226,37.497605,139.92353,7,-0.219,-0.303,9.528,5.7
1424831195327,37.4976,139.923529,7,-0.28,-0.345,9.464,5.7
1424831195428,37.497595,139.923528,7,-0.214,-0.351,9.382,5.7
1424831195529,37.497592,139.923526,10,-0.128,-0.397,9.425,5.64
1424831195629,37.49759,139.923523,10,-0.107,-0.476,9.503,5.564
1424831195725,37.497588,139.92352,10,-0.12,-0.498,9.386,5.492
1424831195826,37.497586,139.923517,10,-0.094,-0.449,9.343,5.418
1424831195926,37.497584,139.923515,10,-0.121,-0.469,9.456,5.345
1424831196027,37.497582,139.923512,10,-0.14,-0.521,9.633,5.273
1424831196128,37.49758,139.923509,10,-0.223,-0.68,10.017,5.201
1424831196229,37.497578,139.923507,10,-0.358,-0.525,9.37,5.131
1424831196329,37.497576,139.923504,10,-0.187,-0.259,8.861,5.062
1424831196425,37.497574,139.923502,10,-0.168,-0.023,8.485,4.997
1424831196526,37.497572,139.9235,10,-0.205,-0.499,9.771,4.961
1424831196626,37.497569,139.923499,10,-0.117,-0.86,10.251,4.937
1424831196727,37.497566,139.923498,10,-0.145,-0.617,9.63,4.912
1424831196828,37.497563,139.923496,10,-0.151,-0.357,9.198,4.888
1424831196928,37.49756,139.923495,10,-0.068,-0.335,9.338,4.864
1424831197029,37.497558,139.923494,10,-0.139,-0.562,9.59,4.84
1424831197125,37.497555,139.923493,10,-0.265,-0.661,9.535,4.817
1424831197226,37.497552,139.923492,10,-0.265,-0.63,9.269,4.793
1424831197326,37.497549,139.92349,10,-0.172,-0.554,9.319,4.769
1424831197427,37.497547,139.923489,10,-0.145,-0.325,9.643,4.745
1424831197528,37.497544,139.923488,9,-0.099,-0.305,9.602,4.702
1424831197628,37.497541,139.923486,9,-0.085,-0.437,9.393,4.653
1424831197729,37.497538,139.923485,9,-0.086,-0.514,9.274,4.604
1424831197825,37.497536,139.923483,9,-0.084,-0.472,9.39,4.558
1424831197925,37.497533,139.923482,9,-0.076,-0.393,9.503,4.511
1424831198026,37.497531,139.92348,9,-0.091,-0.396,9.429,4.463
1424831198127,37.497528,139.923479,9,-0.196,-0.442,9.436,4.416
1424831198228,37.497526,139.923477,9,-0.243,-0.481,9.602,4.37
1424831198328,37.497523,139.923476,9,-0.221,-0.424,9.54,4.325
1424831198429,37.497521,139.923474,9,-0.185,-0.439,9.465,4.279
1424831198525,37.497518,139.923474,8,-0.148,-0.489,9.457,4.252
1424831198625,37.497515,139.923473,8,-0.13,-0.516,9.471,4.229
1424831198726,37.497512,139.923473,8,-0.133,-0.448,9.386,4.205
1424831198827,37.497508,139.923473,8,-0.116,-0.435,9.454,4.182
1424831198928,37.497505,139.923473,8,-0.227,-0.457,9.452,4.158
1424831199028,37.497502,139.923472,8,-0.159,-0.417,9.451,4.136
1424831199129,37.497499,139.923472,8,-0.216,-0.324,9.256,4.112
1424831199225,37.497497,139.923472,8,-0.215,-0.343,9.442,4.091
1424831199325,37.497494,139.923471,8,0.022,-0.528,9.882,4.068
1424831199426,37.497491,139.923471,8,0.019,-0.431,9.528,4.045
1424831199527,37.497488,139.92347,8,-0.085,-0.256,9.312,4.022
1424831199627,37.497485,139.923469,8,0.014,-0.235,9.446,3.998
1424831199728,37.497481,139.923468,8,0.04,-0.261,9.357,3.975
1424831199829,37.497478,139.923467,8,0.087,-0.36,9.531,3.951
1424831199925,37.497476,139.923466,8,0.196,-0.334,9.613,3.929
1424831200025,37.497473,139.923465,8,0.189,-0.216,9.384,3.906
1424831200126,37.49747,139.923463,8,0.162,-0.138,9.376,3.883
1424831200227,37.497467,139.923462,8,0.167,-0.192,9.449,3.86
1424831200327,37.497464,139.923461,8,0.104,-0.025,9.566,3.838
1424831200428,37.497461,139.92346,8,0.018,0.162,9.418,3.815
1424831200529,37.497459,139.923459,8,0.117,0.081,9.34,3.731
1424831200629,37.497458,139.923457,8,0.176,-0.049,9.434,3.633
1424831200725,37.497457,139.923456,8,0.223,-0.081,9.597,3.542
1424831200826,37.497456,139.923454,8,0.194,-0.089,9.475,3.448
1424831200927,37.497454,139.923453,8,0.248,-0.093,9.497,3.356
1424831201027,37.497453,139.923451,8,0.446,-0.151,9.578,3.268
1424831201128,37.497452,139.92345,8,0.577,-0.232,9.522,3.181
1424831201229,37.497451,139.923449,8,0.699,-0.252,9.411,3.096
1424831201329,37.49745,139.923448,8,0.861,-0.398,9.359,3.015
1424831201430,37.497449,139.923446,8,0.951,-0.561,9.477,2.935
1424831201526,37.497447,139.923445,7,0.935,-0.546,9.592,2.935
1424831201625,37.497445,139.923443,7,0.887,-0.492,9.455,2.956
1424831201727,37.497443,139.923442,7,0.847,-0.527,9.375,2.977
1424831201826,37.497441,139.92344,7,0.859,-0.526,9.432,2.997
1424831201929,37.497439,139.923438,7,0.919,-0.537,9.451,3.019
1424831202028,37.497437,139.923437,7,1.029,-0.644,9.497,3.04
1424831202125,37.497435,139.923435,7,1.002,-0.711,9.479,3.06
1424831202226,37.497433,139.923434,7,0.983,-0.755,9.517,3.082
1424831202326,37.497431,139.923432,7,1.025,-0.763,9.512,3.103
1424831202427,37.497428,139.92343,7,1.039,-0.704,9.377,3.125
1424831202528,37.497425,139.923428,8,1.109,-0.763,9.488,3.163
1424831202629,37.497422,139.923425,8,1.125,-0.755,9.452,3.206
1424831202729,37.497418,139.923422,8,1.171,-0.692,9.302,3.249
1424831202825,37.497415,139.923419,8,1.273,-0.684,9.339,3.292
1424831202926,37.497411,139.923416,8,1.459,-0.8,9.463,3.337
1424831203026,37.497407,139.923413,8,1.562,-1.016,9.752,3.382
1424831203127,37.497403,139.92341,8,1.633,-0.993,9.459,3.428
1424831203228,37.4974,139.923407,8,1.616,-0.818,9.165,3.475
1424831203329,37.497396,139.923404,8,1.471,-0.815,9.368,3.522
1424831203429,37.497392,139.923401,8,1.16,-0.791,9.553,3.57
1424831203525,37.497392,139.923397,8,0.886,-0.683,9.359,3.505
1424831203626,37.497392,139.923394,8,0.672,-0.651,9.527,3.407
1424831203726,37.497393,139.92339,8,0.618,-0.758,9.907,3.312
1424831203827,37.497394,139.923386,8,0.617,-0.702,9.544,3.219
1424831203928,37.497395,139.923383,8,0.619,-0.52,9.323,3.129
1424831204028,37.497395,139.92338,8,0.663,-0.486,9.604,3.041
1424831204129,37.497396,139.923377,8,0.848,-0.578,9.653,2.956
1424831204225,37.497397,139.923374,8,0.953,-0.536,9.263,2.876
1424831204325,37.497397,139.923371,8,0.874,-0.45,9.142,2.797
1424831204426,37.497398,139.923368,8,0.418,-0.276,9.447,2.718
1424831204527,37.4974,139.923365,8,0.118,-0.353,9.709,2.731
1424831204628,37.497402,139.923362,8,0.121,-0.477,9.732,2.772
1424831204728,37.497404,139.923359,8,0.224,-0.323,9.491,2.813
1424831204829,37.497406,139.923356,8,0.263,-0.175,9.335,2.856
1424831204925,37.497408,139.923353,8,0.097,-0.227,9.655,2.896
1424831205025,37.497411,139.92335,8,0.118,-0.122,9.437,2.939
1424831205126,37.497413,139.923347,8,0.169,-0.031,9.192,2.984
1424831205227,37.497416,139.923344,8,0.125,-0.131,9.646,3.029
1424831205328,37.497418,139.923341,8,0.006,0.025,9.663,3.074
1424831205428,37.49742,139.923338,8,-0.054,0.253,9.295,3.12
1424831205529,37.497422,139.923334,7,-0.153,0.22,9.326,3.147
1424831205625,37.497422,139.923331,7,-0.069,0.157,9.721,3.167
1424831205725,37.497423,139.923327,7,-0.3,0.424,9.525,3.189
1424831205826,37.497424,139.923324,7,-0.674,0.752,9.049,3.211
1424831205927,37.497425,139.92332,7,-0.785,0.646,9.274,3.233
1424831206028,37.497426,139.923316,7,-0.892,0.431,9.617,3.255
1424831206128,37.497426,139.923313,7,-1.04,0.467,9.682,3.278
1424831215227,37.49752,139.922707,5,-1.179,0.635,9.335,6.91
1424831215328,37.497521,139.922699,5,-0.717,0.401,9.277,6.91
1424831215429,37.497522,139.922691,5,-0.439,0.297,9.067,6.91
1424831215529,37.497523,139.922683,4,-0.095,0.056,9.371,6.91
1424831215625,37.497525,139.922676,4,0.147,-0.028,9.584,6.91
1424831215731,37.497526,139.922667,4,0.162,-0.1,9.72,6.91
1424831215826,37.497528,139.92266,4,0.01,0.005,9.413,6.91
1424831215925,37.49753,139.922652,4,0.128,0.047,8.778,6.91
1424831216028,37.497531,139.922644,4,0.189,-0.182,9.188,6.91
1424831216127,37.497533,139.922637,4,0.336,-0.419,10.067,6.91
1424831216229,37.497534,139.922629,4,0.431,-0.261,9.781,6.91
1424831216325,37.497536,139.922622,4,0.459,-0.067,9.146,6.91
1424831216426,37.497538,139.922614,4,0.379,-0.219,9.107,6.91
1424831216526,37.497539,139.922606,4,0.152,-0.568,9.565,6.891
1424831216627,37.49754,139.922599,4,0.164,-0.297,9.882,6.867
1424831216728,37.497541,139.922591,4,0.13,-0.018,9.606,6.842
1424831216828,37.497542,139.922584,4,0.21,-0.115,9.472,6.818
1424831216929,37.497543,139.922576,4,0.273,-0.256,9.376,6.794
1424831217025,37.497544,139.922569,4,0.31,-0.18,9.412,6.771
1424831217125,37.497545,139.922562,4,0.227,-0.054,9.535,6.747
1424831217226,37.497546,139.922554,4,0.221,-0.073,9.496,6.723
1424831217327,37.497547,139.922547,4,0.249,-0.112,9.363,6.699
1424831217428,37.497548,139.92254,4,0.256,-0.138,9.344,6.675
1424831217528,37.497549,139.922533,4,0.311,-0.2,9.435,6.67
1424831217629,37.49755,139.922526,4,0.28,-0.197,9.447,6.67
1424831217725,37.497551,139.92252,4,0.234,-0.167,9.369,6.67
1424831217825,37.497552,139.922513,4,0.15,-0.169,9.38,6.67
1424831217926,37.497553,139.922507,4,0.209,-0.162,9.37,6.67
1424831218027,37.497554,139.9225,4,0.22,-0.301,9.698,6.67
1424831218128,37.497555,139.922493,4,0.039,-0.212,9.52,6.67
1424831218228,37.497556,139.922487,4,0.011,-0.079,9.249,6.67
1424831218329,37.497557,139.92248,4,-0.013,-0.115,9.326,6.67
1424831218425,37.497558,139.922474,4,-0.087,-0.171,9.573,6.67
1424831218525,37.497559,139.922467,4,-0.163,-0.133,9.579,6.67
1424831218626,37.49756,139.92246,4,-0.045,0.028,9.496,6.67
1424831218727,37.497562,139.922453,4,-0.208,-0.017,9.333,6.67
1424831218827,37.497563,139.922446,4,-0.396,-0.069,9.408,6.67
1424831218928,37.497565,139.922439,4,-0.475,-0.089,9.553,6.67
1424831219029,37.497566,139.922433,4,-0.539,0.044,9.452,6.67
1424831219125,37.497567,139.922426,4,-0.581,0.0,9.388,6.67
1424831219225,37.497569,139.922419,4,-0.74,-0.134,9.609,6.67
1424831219326,37.49757,139.922412,4,-0.659,-0.136,9.631,6.67
1424831219427,37.497572,139.922406,4,-0.723,0.088,9.234,6.67
1424831219527,37.497574,139.922398,6,-0.706,0.075,9.372,6.688
1424831219628,37.497576,139.92239,6,-0.737,0.001,9.489,6.712
1424831219729,37.497578,139.922383,6,-0.784,0.087,9.411,6.736
1424831219829,37.497581,139.922375,6,-0.815,0.072,9.522,6.76
1424831219925,37.497583,139.922367,6,-0.696,0.017,9.602,6.783
1424831220026,37.497585,139.922359,6,-0.618,0.066,9.168,6.807
1424831220127,37.497587,139.922351,6,-0.422,0.141,9.235,6.832
1424831220227,37.49759,139.922344,6,-0.395,0.211,9.183,6.856
1424831220328,37.497592,139.922336,6,-0.66,0.305,8.989,6.88
1424831220429,37.497595,139.922328,6,-0.743,0.079,9.713,6.905
1424831220529,37.497595,139.92232,6,-0.695,0.015,9.655,6.91
1424831220625,37.497596,139.922313,6,-0.807,0.13,9.26,6.91
1424831220726,37.497596,139.922305,6,-0.606,0.098,9.483,6.91
1424831220826,37.497597,139.922297,6,-0.659,0.117,9.587,6.91
1424831220927,37.497597,139.92229,6,-0.582,0.221,9.484,6.91
1424831221028,37.497597,139.922282,6,-0.508,0.404,9.479,6.91
1424831221129,37.497598,139.922274,6,-0.389,0.334,9.583,6.91
1424831221229,37.497598,139.922267,6,-0.416,0.378,9.51,6.91
1424831221325,37.497599,139.922259,6,-0.334,0.365,9.579,6.91
1424831221426,37.497599,139.922252,6,-0.362,0.314,9.42,6.91
1424831221526,37.497601,139.922244,6,-0.31,0.26,9.413,6.946
1424831221627,37.497603,139.922236,6,-0.357,0.239,9.477,6.994
1424831221728,37.497605,139.922229,6,-0.313,0.199,9.442,7.043
1424831221829,37.497607,139.922221,6,-0.247,0.226,9.364,7.092
1424831221929,37.497609,139.922213,6,-0.282,0.378,8.858,7.141
1424831222025,37.497611,139.922205,6,-0.322,0.122,9.522,7.188
1424831222126,37.497614,139.922197,6,-0.382,-0.096,10.124,7.238
1424831222226,37.497616,139.922189,6,-0.301,0.198,9.729,7.287
1424831222327,37.497618,139.922181,6,-0.257,0.312,9.224,7.338
1424831222428,37.49762,139.922173,6,-0.228,0.16,9.028,7.389
1424831222528,37.497623,139.922165,6,-0.247,0.356,8.799,7.437
1424831222629,37.497625,139.922157,6,-0.016,0.298,9.962,7.485
1424831222725,37.497627,139.922149,6,-0.107,-0.04,10.334,7.532
1424831222826,37.497629,139.922141,6,-0.104,0.014,9.653,7.581
1424831222926,37.497632,139.922133,6,-0.104,0.121,9.06,7.629
1424831223027,37.497634,139.922125,6,-0.127,0.047,9.074,7.679
1424831223128,37.497636,139.922117,6,-0.075,0.131,9.483,7.729
1424831223228,37.497639,139.922108,6,0.034,0.339,9.816,7.779
1424831223329,37.497641,139.9221,6,-0.173,0.227,9.588,7.829
1424831223425,37.497643,139.922092,6,-0.252,0.081,9.382,7.877
1424831223526,37.497645,139.922083,5,-0.221,-0.012,9.412,7.871
1424831223626,37.497646,139.922074,5,-0.23,0.013,9.464,7.847
1424831223727,37.497647,139.922064,5,-0.212,0.116,9.382,7.823
1424831223828,37.497649,139.922055,5,-0.298,0.205,9.225,7.798
1424831223928,37.49765,139.922046,5,-0.16,0.171,9.27,7.774
1424831224029,37.497651,139.922036,5,-0.284,-0.088,9.996,7.75
1424831224125,37.497652,139.922028,5,-0.283,-0.121,10.03,7.727
1424831224225,37.497653,139.922018,5,-0.295,0.119,9.337,7.703
1424831224326,37.497655,139.922009,5,-0.307,0.13,9.156,7.679
1424831224427,37.497656,139.922,5,-0.292,0.023,9.368,7.655
1424831224528,37.497658,139.921992,5,-0.267,0.062,9.759,7.65
1424831224628,37.49766,139.921984,5,-0.281,0.09,9.618,7.65
1424831224729,37.497663,139.921976,5,-0.285,0.007,9.184,7.65
1424831224825,37.497665,139.921968,5,-0.18,-0.107,9.389,7.65
1424831224925,37.497667,139.92196,5,-0.18,-0.142,9.636,7.65
1424831225026,37.49767,139.921952,5,-0.205,-0.02,9.478,7.65
1424831225127,37.497672,139.921944,5,-0.385,0.05,9.024,7.65
1424831225227,37.497675,139.921936,5,-0.275,-0.108,9.621,7.65
1424831225328,37.497677,139.921928,5,-0.254,-0.024,9.561,7.65
1424831225429,37.497679,139.92192,5,-0.24,0.006,9.438,7.65
1424831225530,37.497682,139.921912,6,-0.169,-0.098,9.446,7.65
1424831225625,37.497684,139.921905,6,-0.22,-0.138,9.387,7.65
1424831225726,37.497687,139.921897,6,-0.316,-0.097,9.539,7.65
1424831225827,37.497689,139.921889,6,-0.225,-0.07,9.447,7.65
1424831225927,37.497691,139.921881,6,-0.18,-0.103,9.43,7.65
1424831226028,37.497694,139.921873,6,-0.132,-0.071,9.387,7.65
1424831226129,37.497696,139.921866,6,-0.117,-0.106,9.351,7.65
1424831226225,37.497699,139.921858,6,-0.156,-0.089,9.425,7.65
1424831226325,37.497701,139.921851,6,-0.233,-0.092,9.421,7.65
1424831226426,37.497703,139.921843,6,-0.149,-0.12,9.421,7.65
1424831226527,37.497705,139.921834,7,-0.102,-0.215,9.454,7.65
1424831226627,37.497706,139.921825,7,-0.163,-0.183,9.4,7.65
1424831226728,37.497706,139.921815,7,-0.174,-0.171,9.482,7.65
1424831226829,37.497707,139.921806,7,-0.181,-0.166,9.396,7.65
1424831226929,37.497708,139.921797,7,-0.193,-0.17,9.434,7.65
1424831227025,37.497709,139.921788,7,-0.222,-0.243,9.692,7.65
1424831227126,37.49771,139.921779,7,-0.12,-0.234,9.621,7.65
1424831227227,37.497711,139.92177,7,-0.079,0.099,8.763,7.65
1424831227327,37.497712,139.92176,7,-0.092,-0.185,9.334,7.65
1424831227428,37.497713,139.921751,7,-0.06,-0.416,10.023,7.65
1424831227529,37.497715,139.921743,7,-0.095,-0.258,9.84,7.63
1424831227625,37.497717,139.921736,7,-0.145,-0.165,9.358,7.606
1424831227725,37.497719,139.921728,7,-0.11,-0.313,9.134,7.58
1424831227826,37.497721,139.921721,7,0.007,-0.322,9.405,7.555
1424831227926,37.497723,139.921713,7,0.033,-0.2,9.626,7.53
1424831228027,37.497725,139.921705,7,-0.028,-0.241,9.547,7.505
1424831228128,37.497727,139.921698,7,0.009,-0.396,9.565,7.48
1424831228229,37.497729,139.92169,7,-0.021,-0.396,9.434,7.455
1424831228329,37.497731,139.921683,7,-0.038,-0.345,9.459,7.43
1424831228425,37.497733,139.921676,7,0.016,-0.323,9.538,7.406
1424831228526,37.497734,139.921668,6,-0.056,-0.21,9.285,7.362
1424831228626,37.497735,139.92166,6,-0.104,-0.283,9.399,7.311
1424831228727,37.497736,139.921652,6,0.058,-0.37,9.643,7.261
1424831228828,37.497737,139.921643,6,0.005,-0.286,9.304,7.211
1424831228928,37.497738,139.921636,6,0.092,-0.236,9.165,7.162
1424831229029,37.497739,139.921628,6,0.066,-0.41,9.497,7.112
1424831229125,37.497741,139.92162,6,-0.024,-0.6,9.91,7.066
1424831229226,37.497742,139.921612,6,-0.09,-0.353,9.564,7.017
1424831229326,37.497743,139.921605,6,-0.116,-0.245,9.296,6.969
1424831229427,37.497744,139.921597,6,-0.307,-0.29,9.272,6.921
1424831229528,37.497744,139.921589,6,-0.173,-0.235,9.204,6.871
1424831229628,37.497745,139.921581,6,-0.341,-0.279,9.658,6.822
1424831229729,37.497746,139.921572,6,-0.152,-0.486,10.033,6.773
1424831229830,37.497746,139.921564,6,-0.06,-0.451,9.529,6.724
1424831229925,37.497747,139.921557,6,0.074,-0.331,9.02,6.678
1424831230031,37.497748,139.921548,6,0.009,-0.369,9.254,6.627
1424831230127,37.497748,139.921541,6,-0.157,-0.37,9.208,6.581
1424831230226,37.497749,139.921533,6,-0.249,-0.273,9.492,6.535
1424831230328,37.497749,139.921525,6,-0.142,-0.279,9.726,6.487
1424831230427,37.49775,139.921518,6,-0.061,-0.376,9.479,6.441
1424831230525,37.497752,139.921511,6,0.12,-0.458,9.293,6.43
1424831230626,37.497754,139.921503,6,0.174,-0.49,9.381,6.43
1424831230726,37.497756,139.921496,6,0.079,-0.451,9.261,6.43
1424831230827,37.497758,139.921489,6,-0.087,-0.527,9.822,6.43
1424831230927,37.49776,139.921482,6,-0.105,-0.545,9.685,6.43
1424831231028,37.497762,139.921474,6,-0.136,-0.478,9.279,6.43
1424831231129,37.497764,139.921467,6,-0.188,-0.465,9.287,6.43
1424831231225,37.497766,139.92146,6,-0.122,-0.484,9.471,6.43
1424831231325,37.497768,139.921453,6,0.042,-0.591,9.5,6.43
1424831231426,37.497771,139.921446,6,0.032,-0.528,9.413,6.43
1424831231527,37.497773,139.921439,6,-0.054,-0.607,9.623,6.371
1424831231628,37.497775,139.921433,6,-0.036,-0.723,9.581,6.294
1424831231728,37.497777,139.921427,6,-0.032,-0.722,9.331,6.218
1424831231829,37.497778,139.921421,6,-0.077,-0.668,9.287,6.143
1424831231925,37.49778,139.921416,6,-0.058,-0.636,9.425,6.072
1424831232025,37.497782,139.92141,6,-0.056,-0.692,9.521,6.0
1424831232126,37.497784,139.921404,6,-0.029,-0.703,9.48,5.927
1424831232227,37.497786,139.921398,6,-0.02,-0.623,9.376,5.855
1424831232327,37.497788,139.921393,6,0.021,-0.628,9.406,5.785
1424831232428,37.49779,139.921387,6,0.122,-0.691,9.397,5.715
1424831232529,37.497792,139.921382,7,0.097,-0.742,9.566,5.681
1424831232630,37.497795,139.921377,7,-0.015,-0.659,9.481,5.656
1424831232725,37.497798,139.921373,7,-0.062,-0.659,9.447,5.633
1424831232826,37.4978,139.921368,7,-0.142,-0.751,9.731,5.609
1424831232927,37.497803,139.921363,7,-0.139,-0.677,9.523,5.584
1424831233027,37.497806,139.921358,7,-0.246,-0.557,9.188,5.56
1424831233128,37.497808,139.921353,7,-0.042,-0.743,9.574,5.536
1424831233229,37.497811,139.921348,7,0.028,-0.776,9.712,5.512
1424831233329,37.497814,139.921344,7,0.167,-0.685,9.468,5.488
1424831233425,37.497816,139.921339,7,0.251,-0.78,9.495,5.466
1424831233526,37.497817,139.921335,7,0.069,-0.811,9.473,5.381
1424831233627,37.497818,139.921331,7,-0.019,-0.654,9.096,5.279
1424831233727,37.497819,139.921327,7,-0.108,-0.823,9.311,5.179
1424831233828,37.497819,139.921323,7,-0.258,-1.117,9.655,5.08
1424831233929,37.49782,139.921319,7,-0.242,-1.162,9.713,4.982
1424831234029,37.497821,139.921315,7,-0.04,-1.109,9.399,4.888
1424831234125,37.497821,139.921312,7,-0.009,-1.145,9.324,4.799
1424831234226,37.497822,139.921308,7,0.002,-1.302,9.49,4.707
1424831234326,37.497822,139.921304,7,0.094,-1.411,9.825,4.618
1424831234427,37.497823,139.921301,7,0.152,-1.377,9.507,4.53
1424831234528,37.497823,139.921298,5,0.104,-1.314,9.185,4.407
1424831234629,37.497824,139.921295,5,-0.061,-1.339,9.32,4.277
1424831234729,37.497824,139.921292,5,-0.071,-1.323,9.564,4.152
1424831234825,37.497824,139.921289,5,-0.036,-1.284,9.573,4.035
1424831234926,37.497825,139.921287,5,0.017,-1.307,9.448,3.915
1424831235026,37.497825,139.921284,5,0.018,-1.4,9.487,3.8
1424831235127,37.497825,139.921282,5,0.081,-1.448,9.396,3.687
1424831235228,37.497825,139.921279,5,0.224,-1.465,9.363,3.578
1424831235328,37.497826,139.921277,5,0.265,-1.579,9.49,3.473
1424831235429,37.497826,139.921274,5,0.177,-1.541,9.616,3.371
1424831235525,37.497826,139.921273,5,0.114,-1.429,9.485,3.239
1424831235626,37.497826,139.921272,5,0.189,-1.347,9.523,3.093
1424831235726,37.497827,139.921271,5,0.16,-1.233,9.418,2.955
1424831235827,37.497827,139.92127,5,0.059,-1.163,9.284,2.821
1424831235928,37.497827,139.921269,5,0.021,-1.227,9.516,2.693
1424831236028,37.497827,139.921268,5,0.118,-1.237,9.649,2.572
1424831236129,37.497827,139.921267,5,0.215,-1.0,9.428,2.455
1424831236225,37.497828,139.921266,5,0.254,-0.733,9.334,2.349
1424831236325,37.497828,139.921265,5,0.24,-0.588,9.43,2.243
1424831236426,37.497828,139.921264,5,0.164,-0.635,9.491,2.143
1424831236528,37.497829,139.921264,5,0.035,-0.797,9.511,2.082
1424831236628,37.49783,139.921263,5,-0.085,-0.952,9.53,2.034
1424831236728,37.49783,139.921262,5,-0.115,-1.034,9.516,1.987
1424831236829,37.497831,139.921262,5,-0.049,-1.056,9.484,1.941
1424831236925,37.497832,139.921261,5,-0.007,-1.083,9.486,1.898
1424831237025,37.497833,139.921261,5,-0.009,-1.127,9.474,1.855
1424831237126,37.497834,139.92126,5,-0.03,-1.143,9.464,1.811
1424831237227,37.497834,139.92126,5,-0.049,-1.138,9.453,1.769
1424831237328,37.497835,139.92126,5,-0.052,-1.081,9.471,1.728
1424831237428,37.497836,139.921259,5,-0.056,-0.946,9.484,1.689
1424831237529,37.497836,139.92126,6,-0.052,-0.618,9.526,1.665
1424831237625,37.497836,139.92126,6,-0.024,-0.218,9.508,1.647
1424831237725,37.497836,139.921261,6,-0.003,0.137,9.436,1.628
1424831237826,37.497836,139.921262,6,0.006,0.289,9.389,1.61
1424831237927,37.497836,139.921262,6,0.03,0.228,9.377,1.592
1424831238028,37.497837,139.921263,6,0.055,0.068,9.432,1.573
1424831238128,37.497837,139.921264,6,0.046,-0.031,9.518,1.556
1424831238229,37.497837,139.921265,6,0.004,-0.049,9.474,1.538
1424831238325,37.497837,139.921265,6,-0.023,-0.045,9.423,1.521
1424831238425,37.497837,139.921266,6,-0.01,-0.037,9.469,1.504
1424831238526,37.497837,139.921266,6,0.01,0.013,9.492,1.502
1424831238627,37.497837,139.921266,6,0.026,0.178,9.462,1.504
1424831238727,37.497837,139.921266,6,0.032,0.36,9.442,1.506
1424831238828,37.497837,139.921266,6,0.054,0.545,9.449,1.508
1424831238929,37.497837,139.921266,6,0.045,0.723,9.464,1.51
1424831239030,37.497838,139.921265,6,0.051,0.852,9.416,1.512
1424831239125,37.497838,139.921265,6,0.065,0.926,9.416,1.513
1424831239226,37.497838,139.921265,6,0.085,0.936,9.43,1.515
1424831239327,37.497838,139.921265,6,0.093,0.911,9.439,1.518
1424831239428,37.497838,139.921265,6,0.119,0.802,9.414,1.52
1424831239528,37.497839,139.921265,5,0.122,0.587,9.416,1.525
1424831239629,37.49784,139.921264,5,0.13,0.337,9.454,1.531
1424831239729,37.49784,139.921264,5,0.163,0.082,9.516,1.537
1424831239825,37.497841,139.921264,5,0.211,-0.09,9.52,1.542
1424831239926,37.497842,139.921264,5,0.147,-0.344,9.306,1.548
1424831240026,37.497843,139.921263,5,0.102,-0.63,9.348,1.554
1424831240127,37.497844,139.921263,5,0.068,-0.797,9.542,1.56
1424831240228,37.497845,139.921263,5,-0.049,-0.796,9.505,1.566
1424831240329,37.497846,139.921262,5,-0.181,-0.735,9.421,1.573
1424831240429,37.497847,139.921262,5,-0.22,-0.727,9.463,1.579
1424831240525,37.497847,139.921262,5,-0.147,-0.75,9.506,1.574
1424831240626,37.497846,139.921263,5,-0.045,-0.755,9.472,1.566
1424831240726,37.497846,139.921263,5,-0.021,-0.68,9.465,1.558
1424831240827,37.497845,139.921263,5,0.018,-0.444,9.513,1.549
1424831240928,37.497845,139.921263,5,0.08,-0.105,9.49,1.541
1424831241029,37.497845,139.921264,5,0.077,0.178,9.415,1.533
1424831241129,37.497844,139.921264,5,0.044,0.245,9.372,1.525
1424831241225,37.497844,139.921264,5,0.053,0.149,9.395,1.518
1424831241326,37.497843,139.921265,5,0.076,0.011,9.469,1.51
1424831241426,37.497843,139.921265,5,0.047,-0.054,9.512,1.502
1424831241527,37.497842,139.921265,5,0.019,-0.015,9.496,1.5
1424831241628,37.497842,139.921265,5,0.044,0.045,9.452,1.5
1424831241728,37.497841,139.921266,5,0.067,0.071,9.442,1.5
1424831241829,37.49784,139.921266,5,0.067,0.051,9.448,1.5
1424831241925,37.49784,139.921266,5,0.068,0.039,9.454,1.5
1424831242026,37.497839,139.921266,5,0.071,0.025,9.446,1.5
1424831242126,37.497838,139.921266,5,0.068,0.049,9.446,1.5
1424831242228,37.497838,139.921267,5,0.065,0.067,9.45,1.5
1424831242328,37.497837,139.921267,5,0.045,0.094,9.444,1.5
1424831242428,37.497836,139.921267,5,0.048,0.131,9.452,1.5
1424831242529,37.497836,139.921267,6,0.073,0.177,9.464,1.502
1424831242625,37.497836,139.921267,6,0.097,0.232,9.466,1.503
1424831242725,37.497836,139.921267,6,0.078,0.317,9.47,1.505
1424831242826,37.497836,139.921267,6,0.096,0.445,9.448,1.507
1424831242927,37.497836,139.921267,6,0.128,0.646,9.454,1.51
1424831243028,37.497836,139.921266,6,0.157,0.858,9.439,1.512
1424831243128,37.497836,139.921266,6,0.194,1.061,9.425,1.514
1424831255228,37.498299,139.921376,5,0.223,1.204,9.407,7.016
1424831255329,37.498305,139.921379,5,0.01,0.589,9.378,6.968
1424831255425,37.498311,139.921382,5,-0.137,0.174,9.243,6.922
1424831255525,37.498317,139.921384,6,-0.169,0.007,9.411,6.946
1424831255626,37.498324,139.921385,6,-0.171,-0.108,9.649,6.994
1424831255727,37.498331,139.921385,6,-0.255,-0.226,9.663,7.042
1424831255828,37.498339,139.921386,6,-0.301,-0.222,9.522,7.091
1424831255928,37.498346,139.921387,6,-0.208,-0.241,9.313,7.14
1424831256029,37.498353,139.921388,6,-0.177,-0.242,9.391,7.19
1424831256125,37.49836,139.921389,6,-0.237,-0.204,9.423,7.237
1424831256225,37.498367,139.92139,6,-0.217,-0.229,9.488,7.287
1424831256326,37.498375,139.921391,6,-0.086,-0.256,9.542,7.337
1424831256427,37.498382,139.921392,6,-0.084,-0.253,9.323,7.388
1424831256527,37.498389,139.921393,6,-0.022,-0.282,9.398,7.381
1424831256628,37.498395,139.921395,6,0.015,-0.315,9.524,7.357
1424831256730,37.498401,139.921397,6,-0.004,-0.265,9.436,7.332
1424831256825,37.498407,139.921398,6,0.004,-0.278,9.477,7.309
1424831256925,37.498413,139.9214,6,0.079,-0.245,9.391,7.285
1424831257026,37.498419,139.921401,6,0.062,-0.338,9.379,7.261
1424831257127,37.498426,139.921403,6,-0.058,-0.38,9.632,7.237
1424831257227,37.498432,139.921404,6,-0.152,-0.258,9.496,7.213
1424831257328,37.498438,139.921406,6,-0.191,-0.25,9.293,7.189
1424831257429,37.498444,139.921408,6,-0.174,-0.281,9.43,7.165
1424831257525,37.498449,139.921409,7,-0.181,-0.321,9.562,7.141
1424831257625,37.498455,139.921409,7,-0.065,-0.256,9.392,7.116
1424831257726,37.498461,139.92141,7,-0.09,-0.237,9.333,7.09
1424831257827,37.498467,139.921411,7,-0.159,-0.323,9.511,7.065
1424831257927,37.498473,139.921412,7,-0.209,-0.369,9.61,7.04
1424831258028,37.498479,139.921413,7,-0.124,-0.294,9.361,7.014
1424831258129,37.498485,139.921413,7,-0.141,-0.263,9.442,6.989
1424831258229,37.49849,139.921414,7,-0.17,-0.375,9.46,6.964
1424831258325,37.498496,139.921415,7,-0.142,-0.35,9.407,6.941
1424831258431,37.498502,139.921416,7,-0.063,-0.279,9.404,6.915
1424831258526,37.498507,139.921417,7,-0.098,-0.318,9.509,6.852
1424831258626,37.498512,139.921418,7,-0.028,-0.345,9.463,6.776
1424831258728,37.498517,139.921419,7,0.009,-0.308,9.414,6.699
1424831258827,37.498522,139.921421,7,-0.036,-0.295,9.438,6.625
1424831258929,37.498527,139.921422,7,-0.026,-0.333,9.269,6.55
1424831259025,37.498532,139.921423,7,-0.026,-0.295,9.323,6.48
1424831259126,37.498537,139.921424,7,-0.027,-0.338,9.487,6.408
1424831259226,37.498542,139.921425,7,0.058,-0.299,9.582,6.336
1424831259327,37.498546,139.921427,7,0.045,-0.315,9.345,6.265
1424831259428,37.498551,139.921428,7,-0.004,-0.176,8.954,6.195
1424831259529,37.498556,139.921429,6,0.019,-0.281,9.398,6.161
1424831259629,37.49856,139.92143,6,0.121,-0.442,9.734,6.136
1424831259725,37.498565,139.921431,6,-0.064,-0.551,9.955,6.113
1424831259826,37.498569,139.921432,6,-0.054,-0.435,9.75,6.089
1424831259926,37.498574,139.921433,6,-0.129,-0.211,9.213,6.065
1424831260027,37.498578,139.921434,6,-0.096,-0.246,9.077,6.04
1424831260128,37.498583,139.921435,6,-0.259,-0.202,9.227,6.016
1424831260228,37.498587,139.921436,6,-0.149,-0.089,9.226,5.992
1424831260329,37.498592,139.921437,6,0.152,-0.132,9.4,5.969
1424831260425,37.498596,139.921438,6,0.222,-0.209,9.474,5.946
1424831260526,37.498602,139.921439,6,0.037,-0.489,10.072,5.94
1424831260626,37.498608,139.92144,6,-0.127,-0.82,10.414,5.94
1424831260727,37.498614,139.921442,6,-0.335,-0.353,9.441,5.94
1424831260828,37.49862,139.921443,6,-0.327,-0.139,9.086,5.94
1424831260928,37.498626,139.921445,6,-0.094,-0.18,9.153,5.94
1424831261029,37.498632,139.921446,6,0.062,-0.122,9.33,5.94
1424831261125,37.498638,139.921447,6,0.351,-0.115,9.277,5.94
1424831261226,37.498644,139.921449,6,0.33,-0.043,9.337,5.94
1424831261326,37.49865,139.92145,6,0.228,-0.189,9.994,5.94
1424831261427,37.498656,139.921452,6,-0.111,-0.406,9.609,5.94
1424831261528,37.498661,139.921454,7,0.0,-0.504,9.617,5.921
1424831261628,37.498666,139.921456,7,-0.269,-0.574,9.885,5.897
1424831261729,37.49867,139.921458,7,-0.41,-0.149,9.004,5.872
1424831261825,37.498675,139.92146,7,-0.284,-0.101,9.009,5.849
1424831261925,37.49868,139.921463,7,-0.253,-0.238,9.066,5.825
1424831262026,37.498684,139.921465,7,-0.222,0.074,9.23,5.801
1424831262127,37.498689,139.921467,7,-0.406,-0.043,9.514,5.776
1424831262228,37.498694,139.921469,7,-0.395,-0.264,9.888,5.752
1424831262328,37.498698,139.921471,7,-0.103,-0.377,10.117,5.729
1424831262429,37.498703,139.921474,7,-0.221,-0.434,9.453,5.705
1424831262525,37.498707,139.921475,7,-0.291,-0.291,9.073,5.643
1424831262625,37.498711,139.921476,7,-0.08,-0.308,9.11,5.567
1424831262726,37.498716,139.921477,7,0.044,-0.338,9.364,5.492
1424831262827,37.49872,139.921478,7,0.17,-0.3,9.558,5.417
1424831262928,37.498724,139.921478,7,-0.086,-0.166,9.629,5.344
1424831263028,37.498728,139.921479,7,-0.369,0.016,9.576,5.272
1424831263129,37.498732,139.92148,7,-0.279,0.001,9.529,5.201
1424831263225,37.498735,139.921481,7,-0.104,-0.14,9.454,5.134
1424831263325,37.498739,139.921482,7,-0.005,-0.218,9.421,5.065
1424831263426,37.498743,139.921483,7,0.076,-0.145,9.425,4.996
1424831263527,37.498748,139.921484,5,0.11,-0.03,9.348,4.98
1424831263627,37.498753,139.921485,5,0.187,0.083,9.446,4.98
1424831263728,37.498758,139.921486,5,0.191,0.039,9.467,4.98
1424831263829,37.498763,139.921488,5,0.049,0.065,9.37,4.98
1424831263925,37.498768,139.921489,5,-0.01,0.101,9.332,4.98
1424831264025,37.498773,139.92149,5,-0.029,0.15,9.427,4.98
1424831264126,37.498778,139.921491,5,0.067,0.198,9.447,4.98
1424831264227,37.498784,139.921492,5,0.026,0.216,9.476,4.98
1424831264327,37.498789,139.921494,5,0.027,0.22,9.505,4.98
1424831264428,37.498794,139.921495,5,0.009,0.268,9.399,4.98
1424831264529,37.498798,139.921496,5,-0.018,0.288,9.437,4.98
1424831264630,37.498802,139.921498,5,0.022,0.295,9.389,4.98
1424831264725,37.498805,139.921499,5,0.066,0.279,9.395,4.98
1424831264826,37.498809,139.921501,5,0.052,0.278,9.466,4.98
1424831264927,37.498813,139.921502,5,0.023,0.26,9.484,4.98
1424831265027,37.498817,139.921504,5,0.044,0.308,9.437,4.98
1424831265128,37.498821,139.921505,5,0.074,0.379,9.273,4.98
1424831265229,37.498825,139.921507,5,0.127,0.328,9.261,4.98
1424831265329,37.498828,139.921508,5,-0.05,0.258,9.565,4.98
1424831265425,37.498832,139.92151,5,-0.189,0.186,9.619,4.98
1424831265526,37.498837,139.921511,6,-0.167,0.183,9.358,4.98
1424831265626,37.498843,139.921512,6,-0.095,0.103,9.389,4.98
1424831265727,37.498848,139.921514,6,-0.123,0.015,9.553,4.98
1424831265828,37.498854,139.921515,6,-0.063,-0.122,9.729,4.98
1424831265929,37.498859,139.921517,6,-0.123,-0.196,9.636,4.98
1424831266029,37.498865,139.921518,6,-0.124,0.023,9.221,4.98
1424831266125,37.49887,139.921519,6,0.032,0.265,8.735,4.98
1424831266226,37.498876,139.921521,6,-0.031,0.016,9.485,4.98
1424831266326,37.498881,139.921522,6,-0.14,-0.283,10.068,4.98
1424831266427,37.498887,139.921524,6,-0.159,-0.146,9.624,4.98
1424831266528,37.498891,139.921525,6,-0.075,0.032,9.26,4.98
1424831266629,37.498894,139.921526,6,-0.103,0.115,9.308,4.98
1424831266729,37.498898,139.921528,6,-0.121,-0.011,9.602,4.98
1424831266825,37.498902,139.921529,6,-0.167,-0.21,9.669,4.98
1424831266926,37.498905,139.92153,6,-0.148,-0.22,9.231,4.98
1424831267026,37.498909,139.921531,6,-0.064,0.081,9.241,4.98
1424831267127,37.498912,139.921533,6,0.012,0.271,9.506,4.98
1424831267228,37.498916,139.921534,6,-0.029,0.104,9.581,4.98
1424831267328,37.49892,139.921535,6,-0.109,-0.059,9.502,4.98
1424831267429,37.498923,139.921537,6,-0.09,-0.056,9.34,4.98
1424831267525,37.498928,139.921538,5,-0.005,-0.038,9.477,4.98
1424831267626,37.498933,139.92154,5,-0.045,-0.032,9.598,4.98
1424831267726,37.498938,139.921542,5,-0.064,-0.131,9.5,4.98
1424831267827,37.498942,139.921544,5,-0.059,-0.165,9.413,4.98
1424831267928,37.498947,139.921546,5,-0.081,-0.127,9.389,4.98
1424831268028,37.498952,139.921547,5,-0.045,-0.203,9.579,4.98
1424831268129,37.498957,139.921549,5,-0.033,-0.192,9.589,4.98
1424831268225,37.498962,139.921551,5,-0.041,-0.131,9.482,4.98
1424831268325,37.498967,139.921553,5,-0.045,-0.03,9.25,4.98
1424831268426,37.498972,139.921555,5,-0.022,-0.083,9.289,4.98
1424831268527,37.498975,139.921555,6,-0.086,-0.065,9.449,4.961
1424831268627,37.498977,139.921556,6,0.019,-0.138,9.583,4.937
1424831268728,37.498979,139.921556,6,0.013,-0.025,9.171,4.912
1424831268829,37.498981,139.921557,6,0.076,-0.086,9.352,4.888
1424831268925,37.498983,139.921557,6,-0.002,-0.169,9.705,4.865
1424831269025,37.498985,139.921557,6,-0.145,-0.147,9.588,4.841
1424831269126,37.498987,139.921558,6,-0.003,-0.105,9.165,4.816
1424831269227,37.498989,139.921558,6,0.127,-0.148,9.201,4.792
1424831269327,37.498991,139.921559,6,-0.198,-0.43,9.941,4.769
1424831269428,37.498994,139.921559,6,-0.257,-0.386,10.027,4.745
1424831269529,37.498997,139.92156,6,-0.133,0.006,8.943,4.759
1424831269625,37.499,139.92156,6,-0.039,0.113,8.771,4.781
1424831269725,37.499003,139.921561,6,0.053,0.033,9.237,4.805
1424831269826,37.499007,139.921562,6,0.018,-0.193,10.06,4.829
1424831269927,37.49901,139.921563,6,-0.025,-0.217,10.041,4.853
1424831270027,37.499014,139.921564,6,-0.292,-0.227,9.756,4.877
1424831270128,37.499018,139.921564,6,-0.095,-0.128,9.261,4.901
1424831270229,37.499021,139.921565,6,0.006,-0.069,9.704,4.926
1424831270329,37.499025,139.921566,6,-0.134,-0.143,9.752,4.95
1424831270425,37.499028,139.921567,6,-0.066,-0.18,9.394,4.974
1424831270526,37.499032,139.921569,5,-0.05,-0.015,9.025,4.943
1424831270627,37.499035,139.921571,5,0.146,-0.055,9.324,4.893
1424831270727,37.499038,139.921573,5,0.085,-0.143,9.952,4.845
1424831270828,37.499042,139.921576,5,-0.074,0.055,9.56,4.797
1424831270929,37.499045,139.921578,5,-0.17,0.143,8.991,4.749
1424831271029,37.499049,139.92158,5,-0.318,-0.029,9.112,4.702
1424831271125,37.499052,139.921582,5,-0.312,-0.144,9.838,4.658
1424831271226,37.499055,139.921584,5,-0.252,-0.177,9.862,4.611
1424831271327,37.499058,139.921586,5,-0.194,-0.032,9.385,4.565
1424831271427,37.499061,139.921589,5,-0.105,-0.043,9.144,4.52
1424831271528,37.499065,139.92159,5,-0.066,-0.253,9.318,4.471
1424831271629,37.499068,139.921591,5,-0.099,-0.215,9.805,4.422
1424831271729,37.499072,139.921592,5,0.11,-0.159,9.673,4.374
1424831271825,37.499075,139.921593,5,0.155,-0.186,9.262,4.328
1424831271926,37.499078,139.921594,5,0.004,-0.171,9.226,4.28
1424831272026,37.499081,139.921595,5,-0.095,-0.072,9.418,4.233
1424831272127,37.499085,139.921597,5,-0.111,-0.007,9.49,4.186
1424831272228,37.499088,139.921598,5,-0.138,-0.065,9.388,4.14
1424831272329,37.499091,139.921599,5,-0.179,-0.251,9.472,4.094
1424831272429,37.499094,139.9216,5,-0.224,-0.366,9.734,4.049
1424831272530,37.499098,139.921601,4,-0.12,-0.276,9.559,4.04
1424831272626,37.499101,139.921603,4,-0.056,-0.226,9.297,4.04
1424831272725,37.499104,139.921605,4,0.03,-0.31,9.295,4.04
1424831272827,37.499107,139.921607,4,-0.031,-0.475,9.615,4.04
1424831272926,37.499111,139.921609,4,-0.164,-0.496,9.643,4.04
1424831273028,37.499114,139.92161,4,-0.154,-0.339,9.304,4.04
1424831273127,37.499117,139.921612,4,-0.144,-0.172,9.177,4.04
1424831273225,37.499121,139.921614,4,-0.101,-0.153,9.347,4.04
1424831273326,37.499124,139.921616,4,-0.116,-0.149,9.533,4.04
1424831273426,37.499127,139.921618,4,-0.131,-0.122,9.569,4.04
1424831273527,37.499131,139.921619,4,-0.066,-0.068,9.397,4.04
1424831273628,37.499135,139.92162,4,-0.092,-0.086,9.288,4.04
1424831273728,37.499138,139.921621,4,-0.237,-0.283,9.731,4.04
1424831273829,37.499142,139.921622,4,-0.233,-0.322,9.828,4.04
1424831273925,37.499146,139.921623,4,0.014,-0.024,9.006,4.04
1424831274026,37.499149,139.921624,4,-0.068,0.05,8.958,4.04
1424831274126,37.499153,139.921625,4,-0.266,-0.257,9.65,4.04
1424831274227,37.499157,139.921627,4,-0.343,-0.527,10.007,4.04
1424831274328,37.49916,139.921628,4,-0.194,-0.377,9.543,4.04
1424831274428,37.499164,139.921629,4,-0.2,-0.199,9.254,4.04
1424831274529,37.499167,139.92163,5,-0.307,-0.256,9.47,4.04
1424831274625,37.49917,139.921631,5,-0.188,-0.333,9.517,4.04
1424831274725,37.499173,139.921631,5,0.112,-0.343,9.329,4.04
1424831274826,37.499176,139.921632,5,0.27,-0.345,9.418,4.04
1424831274927,37.499179,139.921633,5,0.185,-0.366,9.517,4.04
1424831275028,37.499182,139.921634,5,-0.043,-0.444,9.456,4.04
1424831275128,37.499185,139.921635,5,-0.047,-0.579,9.327,4.04
1424831275229,37.499188,139.921636,5,0.106,-0.497,9.259,4.04
1424831275325,37.499191,139.921637,5,0.186,-0.398,9.397,4.04
1424831275425,37.499194,139.921638,5,0.043,-0.386,9.648,4.04
1424831275526,37.499197,139.921638,5,-0.121,-0.47,9.459,4.022
1424831275627,37.4992,139.921639,5,-0.174,-0.589,9.357,3.998
1424831275727,37.499203,139.921639,5,-0.05,-0.649,9.603,3.975
1424831275828,37.499205,139.92164,5,0.079,-0.68,9.691,3.951
1424831275929,37.499208,139.92164,5,0.012,-0.608,9.441,3.928
1424831276025,37.499211,139.921641,5,-0.001,-0.576,9.279,3.906
1424831276125,37.499213,139.921641,5,0.107,-0.613,9.454,3.883
1424831276226,37.499216,139.921642,5,0.096,-0.628,9.595,3.86
1424831276327,37.499219,139.921642,5,-0.039,-0.565,9.421,3.838
1424831276427,37.499221,139.921643,5,-0.096,-0.554,9.326,3.815
1424831276528,37.499223,139.921643,5,-0.135,-0.626,9.502,3.71
1424831276629,37.499225,139.921644,5,-0.116,-0.604,9.53,3.583
1424831276729,37.499226,139.921644,5,-0.036,-0.578,9.484,3.462
1424831276825,37.499228,139.921644,5,0.042,-0.492,9.51,3.349
1424831276926,37.499229,139.921645,5,0.071,-0.338,9.433,3.234
1424831277027,37.499231,139.921645,5,0.057,-0.217,9.464,3.123
1424831277127,37.499232,139.921645,5,0.087,-0.179,9.494,3.017
1424831277228,37.499233,139.921645,5,0.085,-0.155,9.411,2.914
1424831277329,37.499235,139.921646,5,0.043,-0.105,9.346,2.814
1424831277429,37.499236,139.921646,5,0.007,-0.103,9.423,2.719
1424831277525,37.499237,139.921646,5,-0.026,-0.187,9.549,2.684
1424831277626,37.499239,139.921647,5,-0.068,-0.27,9.483,2.664
1424831277726,37.49924,139.921647,5,-0.111,-0.296,9.418,2.643
1424831277827,37.499242,139.921648,5,-0.1,-0.21,9.442,2.623
1424831277928,37.499243,139.921648,5,-0.065,-0.032,9.428,2.602
1424831278029,37.499245,139.921648,5,-0.073,0.234,9.437,2.582
1424831278129,37.499246,139.921649,5,-0.04,0.429,9.434,2.563
1424831278225,37.499248,139.921649,5,-0.002,0.539,9.405,2.544
1424831278326,37.499249,139.92165,5,-0.058,0.574,9.435,2.524
1424831278426,37.499251,139.92165,5,-0.152,0.512,9.463,2.505
1424831278527,37.499252,139.92165,5,-0.137,0.441,9.463,2.5
1424831278628,37.499253,139.921651,5,-0.073,0.376,9.436,2.5
1424831278729,37.499255,139.921651,5,0.022,0.216,9.375,2.5
1424831278829,37.499256,139.921652,5,-0.039,0.104,9.518,2.5
1424831278925,37.499257,139.921652,5,-0.141,0.014,9.556,2.5
1424831279026,37.499258,139.921653,5,-0.088,-0.09,9.451,2.5
1424831279126,37.49926,139.921653,5,-0.017,-0.115,9.462,2.5
1424831279227,37.499261,139.921654,5,0.046,-0.124,9.42,2.5
1424831279328,37.499262,139.921654,5,0.034,-0.246,9.366,2.5
1424831279428,37.499264,139.921655,5,-0.003,-0.395,9.438,2.5
1424831279529,37.499265,139.921656,5,-0.034,-0.467,9.522,2.484
1424831279625,37.499266,139.921656,5,-0.071,-0.492,9.499,2.464
1424831279726,37.499267,139.921657,5,-0.096,-0.513,9.434,2.443
1424831279826,37.499269,139.921658,5,-0.077,-0.535,9.451,2.423
1424831279927,37.49927,139.921659,5,-0.039,-0.521,9.5,2.403
1424831280028,37.499271,139.92166,5,-0.036,-0.49,9.447,2.382
1424831280128,37.499272,139.921661,5,-0.047,-0.501,9.438,2.363
1424831280229,37.499273,139.921661,5,-0.01,-0.5,9.476,2.343
1424831280325,37.499275,139.921662,5,0.023,-0.496,9.463,2.324
1424831280426,37.499276,139.921663,5,-0.023,-0.477,9.445,2.305
1424831280526,37.499277,139.921663,5,-0.076,-0.442,9.447,2.3
1424831280627,37.499278,139.921664,5,-0.062,-0.451,9.44,2.3
1424831280728,37.499279,139.921664,5,-0.031,-0.476,9.455,2.3
1424831280828,37.499281,139.921665,5,-0.009,-0.519,9.488,2.3
1424831280929,37.499282,139.921665,5,-0.002,-0.537,9.479,2.3
1424831281025,37.499283,139.921666,5,0.007,-0.415,9.467,2.3
1424831281125,37.499284,139.921666,5,0.035,-0.263,9.435,2.3
1424831281226,37.499285,139.921667,5,0.047,-0.15,9.38,2.3
1424831281327,37.499287,139.921667,5,0.009,-0.087,9.418,2.3
1424831281428,37.499288,139.921668,5,-0.058,-0.048,9.501,2.3
1424831281528,37.499288,139.921668,5,-0.076,0.024,9.503,2.257
1424831281629,37.499289,139.921669,5,-0.065,0.115,9.475,2.202
1424831281725,37.49929,139.921669,5,-0.058,0.213,9.459,2.15
1424831281825,37.49929,139.921669,5,-0.043,0.293,9.473,2.098
1424831281926,37.499291,139.92167,5,0.019,0.368,9.442,2.047
1424831282027,37.499291,139.92167,5,0.038,0.457,9.396,1.997
1424831282127,37.499292,139.92167,5,-0.002,0.535,9.383,1.948
1424831282228,37.499292,139.92167,5,-0.053,0.562,9.426,1.9
1424831282329,37.499292,139.921671,5,-0.041,0.519,9.476,1.854
1424831282425,37.499293,139.921671,5,0.001,0.373,9.47,1.811
1424831282525,37.499293,139.921671,4,0.008,0.196,9.442,1.8
1424831282626,37.499294,139.921672,4,-0.045,0.116,9.4,1.8
1424831282727,37.499295,139.921672,4,-0.081,0.055,9.43,1.8
1424831282827,37.499295,139.921672,4,-0.012,-0.05,9.553,1.8
1424831282929,37.499296,139.921672,4,0.063,-0.088,9.552,1.8
1424831283029,37.499296,139.921673,4,0.046,-0.02,9.385,1.8
1424831283125,37.499297,139.921673,4,0.026,-0.03,9.358,1.8
1424831283225,37.499298,139.921673,4,0.067,-0.093,9.488,1.8
1424831283326,37.499298,139.921674,4,0.082,-0.113,9.522,1.8
1424831283427,37.499299,139.921674,4,0.006,-0.094,9.411,1.8
1424831283527,37.499299,139.921674,4,-0.052,-0.087,9.414,1.8
1424831283628,37.4993,139.921675,4,-0.053,-0.106,9.489,1.8
1424831283729,37.4993,139.921675,4,-0.03,-0.112,9.5,1.8
1424831283829,37.499301,139.921675,4,0.008,-0.106,9.453,1.8
1424831283925,37.499301,139.921675,4,0.034,-0.097,9.429,1.8
1424831284026,37.499302,139.921676,4,0.074,-0.078,9.439,1.8
1424831284127,37.499302,139.921676,4,0.082,-0.044,9.457,1.8
1424831284227,37.499303,139.921676,4,0.008,0.067,9.438,1.8
1424831288225,37.499335,139.921696,4,0.004,0.074,9.44,2.216
1424831288326,37.499336,139.921697,4,0.056,-0.028,9.457,2.253
1424831288427,37.499338,139.921698,4,0.159,-0.166,9.503,2.291
1424831288527,37.499339,139.921698,5,0.244,-0.27,9.455,2.3
1424831288628,37.49934,139.921699,5,0.225,-0.295,9.35,2.3
1424831288729,37.499342,139.921699,5,0.166,-0.233,9.413,2.3
1424831288825,37.499343,139.921699,5,0.109,-0.181,9.478,2.3
1424831288925,37.499344,139.9217,5,0.012,-0.156,9.493,2.3
1424831289026,37.499345,139.9217,5,-0.061,-0.115,9.489,2.3
1424831289127,37.499347,139.921701,5,-0.023,-0.07,9.436,2.3
1424831289227,37.499348,139.921701,5,0.024,-0.038,9.444,2.3
1424831289328,37.499349,139.921702,5,0.057,-0.042,9.5,2.3
1424831289429,37.499351,139.921702,5,0.104,-0.037,9.481,2.3
1424831289530,37.499352,139.921702,5,0.105,0.036,9.456,2.285
1424831289625,37.499353,139.921703,5,0.049,0.143,9.4,2.267
1424831289726,37.499355,139.921703,5,0.077,0.158,9.39,2.249
1424831289827,37.499356,139.921703,5,0.136,0.105,9.437,2.23
1424831289927,37.499357,139.921703,5,0.088,0.118,9.39,2.212
1424831290028,37.499359,139.921704,5,0.022,0.165,9.41,2.194
1424831290129,37.49936,139.921704,5,-0.04,0.141,9.566,2.176
1424831290229,37.499361,139.921704,5,-0.065,0.119,9.533,2.159
1424831290325,37.499362,139.921705,5,-0.026,0.075,9.437,2.142
1424831290426,37.499364,139.921705,5,-0.002,0.054,9.511,2.124
1424831290527,37.499365,139.921705,5,0.062,0.155,9.367,2.12
1424831290627,37.499366,139.921705,5,0.122,0.259,9.213,2.12
1424831290728,37.499368,139.921705,5,0.191,0.155,9.394,2.12
1424831290829,37.499369,139.921705,5,0.348,-0.098,9.864,2.12
1424831290929,37.49937,139.921705,5,0.374,-0.072,9.634,2.12
1424831291025,37.499371,139.921704,5,0.23,0.06,9.212,2.12
1424831291126,37.499373,139.921704,5,0.09,0.074,9.286,2.12
1424831291226,37.499374,139.921704,5,-0.02,-0.012,9.519,2.12
1424831291327,37.499375,139.921704,5,-0.13,-0.041,9.532,2.12
1424831291428,37.499377,139.921704,5,-0.182,-0.075,9.51,2.12
1424831291529,37.499378,139.921704,5,-0.179,-0.076,9.455,2.12
1424831291629,37.499379,139.921704,5,-0.192,0.066,9.236,2.12
1424831291725,37.49938,139.921703,5,-0.134,0.097,9.254,2.12
1424831291826,37.499382,139.921703,5,0.054,-0.006,9.491,2.12
1424831291926,37.499383,139.921703,5,0.249,-0.129,9.663,2.12
1424831292027,37.499384,139.921703,5,0.267,-0.138,9.416,2.12
1424831292128,37.499385,139.921703,5,0.037,-0.093,9.13,2.12
1424831292228,37.499386,139.921702,5,-0.162,-0.279,9.361,2.12
1424831292329,37.499388,139.921702,5,-0.193,-0.807,9.912,2.12
1424831292425,37.499389,139.921702,5,-0.237,-1.151,10.121,2.12
1424831292526,37.49939,139.921702,5,-0.126,-1.033,9.524,2.12
1424831292626,37.499391,139.921701,5,-0.035,-0.801,9.102,2.12
1424831292727,37.499393,139.921701,5,0.018,-0.753,9.233,2.12
1424831292828,37.499394,139.921701,5,0.112,-0.826,9.519,2.12
1424831292928,37.499395,139.921701,5,0.148,-0.826,9.532,2.12
1424831293029,37.499397,139.9217,5,0.158,-0.742,9.427,2.12
1424831293125,37.499398,139.9217,5,0.12,-0.653,9.395,2.12
1424831293225,37.499399,139.9217,5,0.025,-0.594,9.439,2.12
1424831293326,37.4994,139.921699,5,0.003,-0.582,9.469,2.12
1424831293427,37.499402,139.921699,5,0.037,-0.559,9.46,2.12
1424831293528,37.499403,139.921699,5,0.037,-0.554,9.462,2.106
1424831293628,37.499403,139.921699,5,0.035,-0.552,9.472,2.089
1424831293729,37.499404,139.921698,5,0.042,-0.535,9.443,2.071
1424831293825,37.499405,139.921698,5,0.057,-0.535,9.44,2.055
1424831293925,37.499406,139.921698,5,0.081,-0.537,9.469,2.037
1424831294026,37.499407,139.921698,5,0.085,-0.531,9.484,2.02
1424831294127,37.499407,139.921698,5,0.061,-0.468,9.477,2.003
1424831294228,37.499408,139.921697,5,0.016,-0.274,9.512,1.987
1424831294328,37.499409,139.921697,5,0.001,-0.024,9.49,1.97
1424831294429,37.49941,139.921697,5,0.021,0.166,9.433,1.953
1424831294525,37.499409,139.921697,6,0.017,0.217,9.391,1.912
1424831294625,37.499408,139.921697,6,0.001,0.151,9.4,1.863
1424831294726,37.499407,139.921696,6,0.004,0.037,9.432,1.814
1424831294827,37.499406,139.921696,6,0.0,-0.041,9.49,1.767
1424831294927,37.499405,139.921696,6,0.001,-0.041,9.484,1.721
1424831295028,37.499405,139.921696,6,0.007,0.0,9.454,1.676
1424831295129,37.499404,139.921696,6,0.023,0.036,9.467,1.632
1424831295225,37.499403,139.921695,6,0.028,0.11,9.488,1.591
1424831295325,37.499402,139.921695,6,0.026,0.286,9.472,1.55
1424831295426,37.499401,139.921695,6,0.011,0.512,9.425,1.509
1424831295527,37.499401,139.921695,6,-0.021,0.679,9.402,1.5
1424831295627,37.4994,139.921695,6,-0.041,0.786,9.398,1.5
1424831295728,37.4994,139.921694,6,-0.121,0.796,9.498,1.5
1424831295829,37.499399,139.921694,6,-0.155,0.806,9.461,1.5
1424831295930,37.499399,139.921694,6,-0.095,0.725,9.434,1.5
1424831296025,37.499399,139.921694,6,-0.157,0.547,9.599,1.5
1424831296126,37.499398,139.921694,6,-0.356,0.518,9.575,1.5
1424831296227,37.499398,139.921693,6,-0.493,0.581,9.586,1.5
1424831302224,37.499451,139.921681,4,-0.482,0.573,9.592,2.12
1424831307224,37.499509,139.921526,5,-0.472,0.567,9.596,3.81
1424831317224,37.499749,139.920729,8,-0.462,0.562,9.597,8.63
1424831317229,37.499749,139.920728,8,-0.452,0.556,9.593,8.63
1424831317325,37.499752,139.920719,8,-0.229,0.403,9.352,8.63
1424831317426,37.499755,139.920709,8,0.05,0.281,9.236,8.63
1424831317526,37.499758,139.9207,6,0.164,0.044,9.86,8.63
1424831317627,37.499762,139.920692,6,0.192,-0.081,9.846,8.63
1424831317728,37.499765,139.920683,6,0.251,0.023,9.265,8.63
1424831317828,37.499768,139.920674,6,0.26,0.044,8.96,8.63
1424831317929,37.499771,139.920665,6,0.311,-0.018,9.491,8.63
1424831318025,37.499774,139.920657,6,0.229,-0.007,9.88,8.63
1424831318126,37.499778,139.920648,6,0.118,-0.036,9.693,8.63
1424831318226,37.499781,139.920639,6,0.006,-0.099,9.279,8.63
1424831318327,37.499784,139.920631,6,-0.012,-0.025,9.252,8.63
1424831318428,37.499787,139.920622,6,-0.107,0.017,9.396,8.63
1424831318528,37.499791,139.920613,7,-0.193,-0.025,9.652,8.63
1424831318629,37.499795,139.920604,7,-0.306,-0.062,9.568,8.63
1424831318725,37.499799,139.920595,7,-0.242,-0.134,9.496,8.63
1424831318825,37.499803,139.920586,7,-0.244,-0.216,9.384,8.63
1424831318926,37.499808,139.920577,7,-0.348,-0.185,9.536,8.63
1424831319027,37.499812,139.920567,7,-0.417,-0.128,9.458,8.63
1424831319128,37.499816,139.920558,7,-0.673,0.061,8.845,8.63
1424831319228,37.49982,139.920549,7,-0.516,-0.219,9.506,8.63
1424831319329,37.499824,139.92054,7,-0.158,-0.577,10.266,8.63
1424831319425,37.499828,139.920531,7,-0.241,-0.523,9.746,8.63
1424831319525,37.499832,139.920522,7,-0.561,-0.002,8.447,8.63
1424831319626,37.499836,139.920513,7,-0.952,0.021,8.581,8.63
1424831319727,37.499839,139.920504,7,-0.904,-0.131,9.826,8.63
1424831319827,37.499843,139.920495,7,-0.613,-0.333,10.456,8.63
1424831319928,37.499847,139.920486,7,-0.173,-0.665,9.826,8.63
1424831320029,37.49985,139.920476,7,-0.198,-0.563,9.235,8.63
1424831320125,37.499854,139.920468,7,-0.295,-0.188,9.003,8.63
1424831320225,37.499858,139.920458,7,-0.47,0.102,9.333,8.63
1424831320326,37.499861,139.920449,7,-0.538,0.12,9.609,8.63
1424831320427,37.499865,139.92044,7,-0.181,-0.324,9.98,8.63
1424831320527,37.499868,139.920431,7,0.082,-0.273,9.171,8.63
1424831320628,37.499871,139.920422,7,0.143,-0.139,8.713,8.63
1424831320729,37.499874,139.920413,7,0.031,-0.295,9.362,8.63
1424831320825,37.499876,139.920404,7,-0.179,-0.252,10.058,8.63
1424831320925,37.499879,139.920395,7,-0.215,-0.079,9.609,8.63
1424831321026,37.499882,139.920386,7,-0.294,-0.148,9.315,8.63
1424831321127,37.499885,139.920377,7,-0.415,-0.241,9.488,8.63
1424831321227,37.499888,139.920368,7,-0.402,-0.147,9.663,8.63
1424831321328,37.499891,139.920359,7,-0.496,-0.014,9.429,8.63
1424831321429,37.499893,139.92035,7,-0.371,-0.081,9.407,8.63
1424831321529,37.499895,139.920342,7,-0.265,-0.219,9.595,8.611
1424831321625,37.499896,139.920334,7,-0.213,-0.206,9.549,8.588
1424831321726,37.499897,139.920327,7,-0.155,-0.161,9.376,8.563
1424831321827,37.499898,139.920319,7,-0.101,-0.186,9.283,8.539
1424831321927,37.499899,139.920311,7,-0.159,-0.205,9.383,8.515
1424831322028,37.4999,139.920303,7,-0.119,-0.143,9.209,8.49
1424831322129,37.499901,139.920295,7,-0.094,-0.153,9.209,8.466
1424831322229,37.499903,139.920288,7,-0.228,-0.51,9.985,8.442
1424831322325,37.499904,139.920281,7,-0.383,-0.664,10.511,8.42
1424831322426,37.499905,139.920273,7,-0.346,-0.395,9.393,8.396
1424831322527,37.499907,139.920264,7,-0.305,-0.195,8.727,8.35
1424831322627,37.499909,139.920255,7,-0.289,-0.089,8.976,8.299
1424831322728,37.499912,139.920246,7,-0.234,-0.116,9.81,8.248
1424831322829,37.499914,139.920237,7,-0.227,-0.259,10.106,8.197
1424831322929,37.499916,139.920229,7,-0.181,-0.293,9.255,8.147
1424831323025,37.499918,139.92022,7,0.034,-0.383,8.971,8.099
1424831323126,37.499921,139.920212,7,-0.035,-0.463,9.436,8.049
1424831323226,37.499923,139.920203,7,0.008,-0.29,9.718,7.999
1424831323327,37.499925,139.920194,7,0.024,-0.184,9.53,7.95
1424831323428,37.499928,139.920186,7,-0.013,-0.183,9.117,7.901
1424831323529,37.499929,139.920177,6,0.183,-0.172,8.728,7.871
1424831323629,37.499929,139.920169,6,0.046,-0.518,9.747,7.846
1424831323725,37.49993,139.920161,6,-0.11,-0.581,10.18,7.823
1424831323826,37.499931,139.920152,6,-0.17,-0.324,9.471,7.799
1424831323926,37.499932,139.920144,6,-0.145,-0.278,9.029,7.775
1424831324027,37.499933,139.920136,6,-0.09,-0.408,9.262,7.751
1424831324128,37.499933,139.920127,6,0.195,-0.195,9.426,7.726
1424831324228,37.499934,139.920119,6,0.237,-0.245,9.733,7.703
1424831324329,37.499935,139.920111,6,-0.06,-0.622,10.198,7.679
1424831324425,37.499936,139.920103,6,-0.184,-0.526,9.52,7.656
1424831324526,37.499938,139.920094,7,-0.25,-0.125,8.718,7.65
1424831324626,37.49994,139.920086,7,-0.185,-0.286,9.191,7.65
1424831324727,37.499942,139.920077,7,0.088,-0.387,9.734,7.65
1424831324828,37.499944,139.920068,7,0.011,-0.087,9.189,7.65
1424831324928,37.499946,139.920059,7,0.028,-0.333,9.287,7.65
1424831325029,37.499948,139.920051,7,-0.078,-0.744,9.637,7.65
1424831325125,37.49995,139.920042,7,-0.094,-0.645,9.878,7.65
1424831325225,37.499952,139.920034,7,-0.12,-0.217,9.32,7.65
1424831325326,37.499954,139.920025,7,-0.057,-0.291,9.045,7.65
1424831325427,37.499957,139.920016,7,-0.023,-0.347,9.522,7.65
1424831325528,37.499957,139.920009,8,0.197,-0.305,9.549,7.611
1424831325628,37.499957,139.920002,8,0.24,-0.301,9.666,7.56
1424831325729,37.499957,139.919995,8,0.278,-0.521,9.565,7.51
1424831325825,37.499957,139.919989,8,0.3,-0.437,9.203,7.462
1424831325925,37.499957,139.919983,8,0.273,-0.45,9.39,7.413
1424831326026,37.499958,139.919976,8,0.02,-0.429,9.583,7.364
1424831326127,37.499958,139.91997,8,0.046,-0.416,9.476,7.315
1424831326228,37.499958,139.919963,8,0.127,-0.354,9.403,7.266
1424831326328,37.499958,139.919957,8,0.03,-0.368,9.383,7.218
1424831326429,37.499958,139.91995,8,0.016,-0.44,9.492,7.17
1424831326525,37.49996,139.919944,8,0.058,-0.456,9.485,7.141
1424831326625,37.499962,139.919937,8,-0.005,-0.273,9.136,7.116
1424831326726,37.499964,139.919929,8,-0.03,-0.418,9.482,7.09
1424831326827,37.499966,139.919922,8,-0.018,-0.596,9.879,7.065
1424831326927,37.499968,139.919915,8,0.058,-0.583,9.688,7.04
1424831327028,37.49997,139.919908,8,0.045,-0.384,9.271,7.014
1424831327129,37.499972,139.919901,8,0.05,-0.459,9.342,6.989
1424831327225,37.499974,139.919895,8,0.049,-0.542,9.482,6.965
1424831327325,37.499976,139.919888,8,0.023,-0.399,9.47,6.941
1424831327426,37.499978,139.919881,8,-0.113,-0.269,9.468,6.916
1424831327527,37.499982,139.919874,7,-0.031,-0.508,9.629,6.91
1424831327627,37.499986,139.919866,7,0.063,-0.651,9.627,6.91
1424831327728,37.499989,139.919859,7,0.151,-0.628,9.557,6.91
1424831327829,37.499993,139.919852,7,0.049,-0.469,9.308,6.91
1424831327929,37.499997,139.919845,7,0.23,-0.59,9.362,6.91
1424831328025,37.5,139.919838,7,0.155,-0.515,9.212,6.91
1424831328126,37.500004,139.919831,7,0.1,-0.579,9.696,6.91
1424831328227,37.500008,139.919824,7,0.033,-0.638,9.816,6.91
1424831328327,37.500011,139.919817,7,-0.004,-0.515,9.433,6.91
1424831328428,37.500015,139.91981,7,0.08,-0.64,9.427,6.91
1424831328529,37.500018,139.919803,7,0.106,-0.589,9.542,6.849
1424831328629,37.500021,139.919796,7,0.194,-0.466,9.192,6.773
1424831328725,37.500023,139.91979,7,0.275,-0.402,9.252,6.701
1424831328826,37.500026,139.919784,7,0.19,-0.331,9.472,6.626
1424831328927,37.500028,139.919778,7,0.103,-0.651,10.15,6.552
1424831329027,37.500031,139.919771,7,0.018,-0.453,9.445,6.479
1424831329128,37.500033,139.919765,7,0.037,-0.27,9.109,6.406
1424831329229,37.500036,139.919759,7,0.155,-0.459,9.366,6.334
1424831329329,37.500038,139.919753,7,0.209,-0.644,9.692,6.264
1424831329425,37.50004,139.919747,7,0.18,-0.548,9.487,6.197
1424831329531,37.500042,139.919742,7,0.201,-0.289,9.286,6.118
1424831329626,37.500042,139.919737,7,0.226,-0.268,9.517,6.047
1424831329725,37.500043,139.919733,7,0.226,-0.463,9.504,5.973
1424831329828,37.500044,139.919728,7,0.271,-0.545,9.718,5.897
1424831329927,37.500045,139.919723,7,0.147,-0.137,8.833,5.825
1424831330029,37.500046,139.919719,7,0.209,-0.295,9.366,5.752
1424831330125,37.500047,139.919714,7,0.238,-0.662,9.968,5.684
1424831330226,37.500047,139.91971,7,0.225,-0.81,9.795,5.614
1424831330326,37.500048,139.919705,7,0.258,-0.663,9.409,5.544
1424831330427,37.500049,139.919701,7,0.073,-0.266,8.669,5.476
1424831330528,37.50005,139.919696,7,0.164,-0.516,9.542,5.421
1424831330628,37.500052,139.919691,7,0.195,-0.971,9.76,5.371
1424831330729,37.500054,139.919686,7,0.034,-0.971,9.508,5.322
1424831330825,37.500056,139.919681,7,0.087,-0.702,9.601,5.275
1424831330926,37.500057,139.919677,7,0.172,-0.565,9.386,5.226
1424831331026,37.500059,139.919672,7,-0.03,-0.706,9.232,5.178
1424831331127,37.500061,139.919667,7,0.079,-1.275,9.963,5.13
1424831331228,37.500062,139.919662,7,0.171,-1.394,9.621,5.083
1424831331328,37.500064,139.919658,7,0.165,-0.902,9.276,5.036
1424831331429,37.500066,139.919653,7,0.106,-0.717,9.297,4.99
1424831331525,37.500068,139.919649,6,-0.011,-0.563,9.212,4.923
1424831331625,37.50007,139.919645,6,0.016,-0.657,9.416,4.848
1424831331726,37.500072,139.919641,6,0.017,-0.611,9.552,4.773
1424831331827,37.500075,139.919637,6,0.105,-0.586,9.407,4.7
1424831331928,37.500077,139.919633,6,0.289,-0.421,9.355,4.627
1424831332028,37.500079,139.919629,6,0.493,-0.267,9.627,4.556
1424831332129,37.500081,139.919625,6,0.865,-0.366,9.641,4.486
1424831332225,37.500083,139.919621,6,1.055,-0.448,9.376,4.42
1424831332325,37.500085,139.919618,6,1.038,-0.44,9.039,4.353
1424831332426,37.500088,139.919614,6,0.99,-0.455,9.297,4.286
1424831332527,37.50009,139.91961,7,1.09,-0.224,9.13,4.233
1424831332628,37.500092,139.919606,7,0.913,-0.34,9.743,4.184
1424831332728,37.500095,139.919602,7,0.888,-0.576,10.171,4.137
1424831332829,37.500097,139.919598,7,1.003,-0.421,9.506,4.089
1424831332925,37.5001,139.919595,7,1.076,-0.341,9.098,4.045
1424831333025,37.500102,139.919591,7,1.346,-0.359,9.152,3.999
1424831333126,37.500105,139.919588,7,1.623,-0.712,9.853,3.953
1424831333227,37.500107,139.919584,7,1.59,-0.9,9.901,3.908
1424831333327,37.500109,139.91958,7,1.473,-0.715,9.523,3.864
1424831333428,37.500112,139.919577,7,1.365,-0.246,9.24,3.82
1424831333529,37.500114,139.919574,7,1.411,0.024,9.03,3.791
1424831333625,37.500115,139.919572,7,1.571,0.216,8.981,3.769
1424831333725,37.500117,139.91957,7,1.452,0.377,9.434,3.745
1424831333826,37.500119,139.919568,7,1.141,0.372,9.482,3.722
1424831333927,37.500121,139.919566,7,1.225,0.214,9.565,3.699
1424831334027,37.500123,139.919564,7,1.56,0.299,9.639,3.676
1424831334128,37.500125,139.919562,7,2.158,0.296,9.307,3.652
1424831334229,37.500127,139.91956,7,2.519,0.142,9.167,3.63
1424831334329,37.500129,139.919558,7,2.303,-0.172,9.518,3.607
1424831334425,37.500131,139.919556,7,1.858,-0.118,9.347,3.586
1424831334526,37.500132,139.919554,6,1.239,0.057,8.874,3.562
1424831334627,37.500134,139.919552,6,0.686,-0.193,10.002,3.538
1424831334727,37.500136,139.919549,6,0.59,-0.18,10.209,3.515
1424831334828,37.500138,139.919547,6,0.712,0.268,9.458,3.491
1424831334929,37.50014,139.919544,6,1.182,0.337,9.378,3.468
1424831335029,37.500142,139.919542,6,1.558,0.194,9.2,3.445
1424831335125,37.500144,139.91954,6,1.835,0.046,9.444,3.423
1424831335226,37.500146,139.919537,6,1.958,-0.073,9.436,3.4
1424831335326,37.500148,139.919535,6,2.208,-0.296,9.278,3.378
1424831335427,37.50015,139.919533,6,2.249,-0.366,9.567,3.355
1424831335528,37.500152,139.919533,7,1.803,-0.272,9.552,3.332
1424831335629,37.500156,139.919534,7,1.528,-0.182,9.376,3.31
1424831335729,37.500159,139.919536,7,1.477,-0.401,9.48,3.287
1424831335825,37.500162,139.919537,7,1.374,-0.609,9.715,3.266
1424831335926,37.500165,139.919538,7,1.336,-0.523,9.668,3.243
1424831336026,37.500168,139.91954,7,1.209,-0.133,9.466,3.221
1424831336127,37.500171,139.919541,7,1.16,0.195,9.196,3.199
1424831336228,37.500174,139.919542,7,1.16,0.366,9.345,3.178
1424831336329,37.500177,139.919543,7,1.111,0.331,9.632,3.156
1424831336429,37.50018,139.919545,7,1.088,0.48,9.454,3.134
1424831336525,37.500184,139.919548,7,1.029,0.646,9.288,3.228
1424831336626,37.500188,139.919552,7,1.008,0.694,9.465,3.366
1424831336726,37.500192,139.919556,7,1.078,0.649,9.604,3.509
1424831336827,37.500197,139.919561,7,1.158,0.622,9.532,3.66
1424831336928,37.500201,139.919565,7,1.177,0.578,9.392,3.817
1424831337028,37.500206,139.91957,7,1.029,0.587,9.409,3.98
1424831337129,37.500211,139.919575,7,0.98,0.789,9.397,4.151
1424831337225,37.500216,139.91958,7,0.83,0.829,9.382,4.32
1424831341228,37.500437,139.919661,5,0.823,0.829,9.388,6.18
1424831341329,37.500443,139.919662,5,0.532,0.464,9.467,6.18
1424831341429,37.500449,139.919664,5,0.319,0.113,9.417,6.18
1424831341525,37.500455,139.919665,7,0.104,-0.068,9.45,6.215
1424831341626,37.500462,139.919667,7,0.079,-0.199,9.449,6.264
1424831341726,37.500469,139.919669,7,0.097,-0.25,9.46,6.312
1424831341827,37.500476,139.919671,7,0.031,-0.282,9.57,6.36
1424831341928,37.500483,139.919673,7,0.021,-0.305,9.41,6.41
1424831342029,37.50049,139.919675,7,0.013,-0.269,9.334,6.459
1424831342129,37.500497,139.919677,7,-0.007,-0.169,9.206,6.509
1424831342225,37.500504,139.919679,7,-0.022,-0.241,9.471,6.556
1424831342326,37.500511,139.919681,7,-0.041,-0.388,9.637,6.607
1424831342426,37.500518,139.919683,7,-0.081,-0.318,9.458,6.658
1424831342527,37.500523,139.919685,7,-0.059,-0.313,9.459,6.568
1424831342628,37.500528,139.919685,7,0.04,-0.372,9.549,6.437
1424831342729,37.500532,139.919686,7,0.079,-0.4,9.448,6.308
1424831342829,37.500537,139.919687,7,-0.034,-0.432,9.281,6.183
1424831342925,37.50054,139.919688,7,-0.028,-0.314,9.364,6.065
1424831343026,37.500545,139.919688,7,-0.046,-0.306,9.575,5.944
1424831343126,37.500549,139.919689,7,-0.018,-0.406,9.679,5.826
1424831343227,37.500553,139.91969,7,-0.05,-0.425,9.543,5.709
1424831343328,37.500556,139.91969,7,-0.016,-0.278,9.197,5.595
1424831343428,37.50056,139.919691,7,0.042,-0.318,9.355,5.484
1424831343529,37.500565,139.919692,6,0.095,-0.399,9.594,5.46
1424831343630,37.500569,139.919694,6,0.1,-0.377,9.405,5.46
1424831343726,37.500573,139.919696,6,0.128,-0.31,9.319,5.46
1424831343825,37.500578,139.919698,6,0.146,-0.29,9.465,5.46
1424831343927,37.500582,139.9197,6,0.227,-0.336,9.587,5.46
1424831344026,37.500587,139.919701,6,0.18,-0.445,9.587,5.46
1424831344128,37.500592,139.919703,6,0.213,-0.401,9.324,5.46
1424831344227,37.500596,139.919705,6,0.122,-0.414,9.559,5.46
1424831344325,37.5006,139.919707,6,0.089,-0.395,9.632,5.46
1424831344425,37.500605,139.919709,6,0.241,-0.408,9.467,5.46
1424831344526,37.500609,139.91971,5,0.2,-0.361,9.211,5.422
1424831344627,37.500613,139.919712,5,0.144,-0.402,9.39,5.372
1424831344728,37.500617,139.919713,5,0.138,-0.465,9.66,5.322
1424831344828,37.50062,139.919714,5,0.089,-0.433,9.445,5.273
1424831344929,37.500624,139.919716,5,0.052,-0.425,9.334,5.225
1424831345025,37.500628,139.919717,5,0.003,-0.448,9.438,5.179
1424831345125,37.500631,139.919719,5,-0.042,-0.521,9.56,5.131
1424831345226,37.500635,139.91972,5,-0.09,-0.536,9.551,5.084
1424831345327,37.500639,139.919721,5,-0.016,-0.564,9.415,5.037
1424831345428,37.500642,139.919723,5,0.136,-0.512,9.298,4.99
1424831345528,37.500645,139.919724,5,0.115,-0.53,9.511,4.942
1424831345629,37.500648,139.919726,5,0.104,-0.644,9.606,4.892
1424831345725,37.500651,139.919727,5,0.138,-0.696,9.507,4.846
1424831345825,37.500654,139.919728,5,-0.047,-0.628,9.259,4.798
1424831345926,37.500657,139.91973,5,-0.048,-0.648,9.413,4.75
1424831346027,37.50066,139.919731,5,-0.053,-0.765,9.607,4.703
1424831346127,37.500663,139.919733,5,-0.059,-0.784,9.505,4.657
1424831346228,37.500666,139.919734,5,-0.143,-0.823,9.473,4.61
1424831346329,37.500669,139.919735,5,-0.022,-0.878,9.549,4.564
1424831346425,37.500671,139.919737,5,0.132,-0.818,9.466,4.521
1424831346525,37.500675,139.919739,5,0.197,-0.755,9.314,4.473
1424831346626,37.500678,139.919741,5,0.12,-0.809,9.441,4.424
1424831346727,37.500682,139.919743,5,0.118,-0.881,9.495,4.375
1424831346827,37.500685,139.919745,5,0.079,-0.866,9.429,4.327
1424831346928,37.500689,139.919747,5,-0.107,-0.882,9.459,4.279
1424831347029,37.500692,139.919749,5,-0.262,-0.886,9.512,4.232
1424831347129,37.500695,139.919751,5,-0.196,-0.788,9.442,4.185
1424831347225,37.500699,139.919753,5,-0.055,-0.867,9.488,4.141
1424831347326,37.500702,139.919755,5,-0.018,-0.881,9.498,4.095
1424831347427,37.500705,139.919757,5,-0.055,-0.828,9.46,4.05
1424831347527,37.500708,139.919758,5,0.011,-0.861,9.423,4.003
1424831347628,37.500711,139.919759,5,0.093,-0.922,9.511,3.954
1424831347729,37.500713,139.91976,5,0.032,-0.833,9.581,3.906
1424831347829,37.500716,139.919761,5,-0.049,-0.645,9.404,3.859
1424831347925,37.500718,139.919761,5,-0.055,-0.501,9.32,3.815
1424831348026,37.500721,139.919762,5,0.006,-0.47,9.42,3.768
1424831348126,37.500723,139.919763,5,0.099,-0.499,9.455,3.723
1424831348227,37.500726,139.919764,5,0.123,-0.55,9.542,3.678
1424831348328,37.500728,139.919765,5,0.093,-0.488,9.419,3.633
1424831348429,37.500731,139.919766,5,-0.041,-0.551,9.482,3.589
1424831348529,37.500732,139.919766,5,-0.167,-0.638,9.638,3.481
1424831348625,37.500733,139.919767,5,-0.238,-0.59,9.453,3.363
1424831348726,37.500734,139.919767,5,-0.267,-0.554,9.416,3.244
1424831348826,37.500735,139.919767,5,-0.123,-0.645,9.423,3.129
1424831348927,37.500736,139.919768,5,-0.022,-0.824,9.608,3.017
1424831349028,37.500737,139.919768,5,0.036,-0.809,9.483,2.909
1424831349129,37.500737,139.919768,5,0.074,-0.746,9.344,2.805
1424831349229,37.500738,139.919768,5,0.109,-0.848,9.451,2.706
1424831349325,37.500739,139.919769,5,0.144,-0.99,9.577,2.614
1424831349426,37.50074,139.919769,5,0.134,-1.12,9.494,2.521
1424831349526,37.500741,139.919769,5,0.024,-1.149,9.361,2.439
1424831349627,37.500742,139.919769,5,-0.096,-1.177,9.366,2.36
1424831349728,37.500743,139.919769,5,-0.138,-1.185,9.514,2.283
1424831349828,37.500744,139.919769,5,-0.065,-1.166,9.504,2.209
1424831349929,37.500745,139.919769,5,0.017,-1.16,9.421,2.136
1424831350025,37.500746,139.919769,5,0.011,-1.177,9.466,2.07
1424831350125,37.500747,139.919769,5,-0.016,-1.184,9.525,2.003
1424831350226,37.500748,139.919769,5,0.032,-1.146,9.471,1.937
1424831350327,37.500749,139.919769,5,0.088,-1.075,9.436,1.874
1424831350428,37.50075,139.919769,5,0.06,-1.028,9.482,1.813
1424831350528,37.50075,139.919769,5,-0.012,-0.984,9.447,1.775
1424831350629,37.50075,139.919768,5,-0.05,-0.962,9.424,1.742
1424831350725,37.50075,139.919768,5,0.01,-0.756,9.499,1.712
1424831350825,37.50075,139.919767,5,0.051,-0.419,9.519,1.681
1424831350926,37.500749,139.919767,5,0.007,-0.131,9.4,1.65
1424831351027,37.500749,139.919767,5,-0.006,-0.011,9.359,1.62
1424831351128,37.500749,139.919766,5,0.024,0.111,9.501,1.591
1424831351228,37.500749,139.919766,5,0.068,0.413,9.54,1.562
1424831357225,37.500808,139.919864,4,0.065,0.43,9.534,3.35
1424831357326,37.500808,139.919867,4,0.1,0.263,9.621,3.35
1424831357427,37.500807,139.919871,4,0.198,-0.019,9.692,3.35
1424831357528,37.500807,139.919875,5,0.295,-0.248,9.753,3.35
1424831357628,37.500806,139.919878,5,0.418,-0.002,9.386,3.35
1424831357729,37.500806,139.919882,5,0.543,0.242,9.373,3.35
1424831357825,37.500805,139.919885,5,0.713,0.437,9.427,3.35
1424831357930,37.500805,139.919889,5,0.644,0.587,9.39,3.35
1424831358026,37.500805,139.919892,5,0.584,0.551,9.4,3.35
1424831358125,37.500804,139.919896,5,0.505,0.565,9.495,3.35
1424831358227,37.500804,139.919899,5,0.448,0.567,9.474,3.35
1424831366224,37.500671,139.92033,4,0.447,0.57,9.481,5.94
1424831366229,37.500671,139.92033,4,0.45,0.574,9.503,5.94
1424831366329,37.500669,139.920337,4,0.729,0.299,9.637,5.94
1424831366425,37.500667,139.920343,4,1.012,0.298,9.016,5.94
1424831366526,37.500666,139.92035,3,1.217,0.303,8.959,5.958
1424831366627,37.500664,139.920357,3,1.177,0.198,9.363,5.982
1424831366727,37.500663,139.920364,3,0.947,0.129,9.6,6.006
1424831366828,37.500661,139.920371,3,0.711,-0.023,9.852,6.03
1424831366929,37.50066,139.920378,3,0.569,0.223,9.462,6.054
1424831367029,37.500658,139.920385,3,0.59,0.164,9.468,6.078
1424831367126,37.500657,139.920391,3,0.589,0.067,9.376,6.101
1424831367226,37.500655,139.920398,3,0.643,0.132,9.466,6.125
1424831367326,37.500654,139.920405,3,0.699,0.168,9.62,6.15
1424831367427,37.500652,139.920412,3,0.693,0.269,9.387,6.174
1424831367528,37.500651,139.920419,4,0.915,0.424,9.015,6.18
1424831367629,37.500649,139.920425,4,0.784,0.12,9.486,6.18
1424831367729,37.500647,139.920432,4,0.787,0.034,9.888,6.18
1424831367825,37.500645,139.920438,4,0.699,0.11,9.601,6.18
1424831367926,37.500643,139.920444,4,0.523,0.151,9.469,6.18
1424831368026,37.500642,139.920451,4,0.478,0.242,9.268,6.18
1424831368127,37.50064,139.920457,4,0.709,0.172,9.13,6.18
1424831368228,37.500638,139.920464,4,1.013,0.171,9.164,6.18
1424831368328,37.500636,139.92047,4,1.155,0.143,9.581,6.18
1424831368429,37.500634,139.920477,4,1.186,0.171,9.64,6.18
1424831368525,37.500633,139.920482,5,1.008,0.205,9.378,6.18
1424831368626,37.500631,139.920489,5,0.754,0.171,9.326,6.18
1424831368726,37.500629,139.920495,5,0.588,0.117,9.383,6.18
1424831368827,37.500627,139.920501,5,0.633,0.08,9.512,6.18
1424831368928,37.500625,139.920507,5,0.732,0.158,9.42,6.18
1424831369028,37.500624,139.920513,5,0.703,0.372,9.263,6.18
1424831369129,37.500622,139.920519,5,0.582,0.389,9.156,6.18
1424831369225,37.50062,139.920524,5,0.539,0.196,9.446,6.18
1424831369325,37.500618,139.920531,5,0.484,0.03,9.921,6.18
1424831369426,37.500616,139.920537,5,0.525,0.206,9.422,6.18
1424831369527,37.500615,139.920543,5,0.448,0.267,9.333,6.161
1424831369628,37.500614,139.92055,5,0.576,0.391,8.899,6.137
1424831369728,37.500612,139.920557,5,0.811,0.068,9.489,6.112
1424831369829,37.500611,139.920564,5,0.906,-0.019,9.961,6.088
1424831369925,37.50061,139.920571,5,0.929,0.224,9.505,6.065
1424831370025,37.500608,139.920577,5,0.911,0.323,9.076,6.041
1424831370126,37.500607,139.920584,5,0.976,0.152,9.524,6.017
1424831370227,37.500606,139.920591,5,1.095,-0.15,9.761,5.993
1424831370328,37.500605,139.920598,5,0.881,0.079,9.35,5.969
1424831370428,37.500603,139.920605,5,0.615,0.568,8.819,5.945
1424831370529,37.500601,139.920611,5,0.291,0.629,8.566,5.94
1424831370625,37.500598,139.920617,5,0.594,-0.025,9.841,5.94
1424831370725,37.500595,139.920624,5,0.64,-0.256,10.431,5.94
1424831370826,37.500592,139.92063,5,0.591,0.114,9.552,5.94
1424831370927,37.50059,139.920637,5,0.866,0.29,8.902,5.94
1424831371027,37.500587,139.920643,5,0.945,0.148,8.823,5.94
1424831371128,37.500584,139.920649,5,0.545,-0.079,9.125,5.94
1424831371229,37.500581,139.920656,5,0.216,0.076,9.766,5.94
1424831371325,37.500579,139.920662,5,0.28,0.325,10.025,5.94
1424831371425,37.500576,139.920668,5,0.45,0.357,9.396,5.94
1424831371526,37.500573,139.920674,5,0.396,0.296,8.927,5.94
1424831371627,37.50057,139.92068,5,0.347,0.088,9.261,5.94
1424831371727,37.500568,139.920686,5,0.411,-0.002,9.767,5.94
1424831371828,37.500565,139.920692,5,0.372,0.14,9.769,5.94
1424831371929,37.500562,139.920698,5,0.399,0.298,9.412,5.94
1424831372030,37.500559,139.920704,5,0.414,0.307,9.141,5.94
1424831372125,37.500557,139.92071,5,0.563,0.197,9.06,5.94
1424831376224,37.500483,139.920989,6,0.451,-0.04,9.854,6.91
1424831376229,37.500482,139.920989,6,0.444,-0.049,9.884,6.91
1424831376325,37.500481,139.920996,6,0.121,-0.44,10.012,6.91
1424831376425,37.500478,139.921002,6,0.172,-0.398,10.064,6.91
1424831376526,37.500476,139.921008,6,0.299,-0.56,9.565,6.81
1424831376627,37.500472,139.921014,6,0.292,-0.852,9.485,6.679
1424831376728,37.500469,139.92102,6,0.16,-1.228,9.562,6.55
1424831376828,37.500466,139.921025,6,0.071,-1.419,9.543,6.425
1424831376929,37.500463,139.921031,6,-0.037,-1.43,9.483,6.301
1424831377025,37.500461,139.921036,6,-0.058,-1.435,9.418,6.186
1424831377125,37.500458,139.921041,6,-0.012,-1.53,9.421,6.068
1424831377226,37.500455,139.921046,6,0.002,-1.628,9.427,5.951
1424831377327,37.500452,139.921051,6,-0.016,-1.68,9.491,5.836
1424831377427,37.50045,139.921056,6,0.039,-1.767,9.688,5.725
1424831377528,37.500448,139.921061,6,0.05,-1.768,9.477,5.526
1424831377629,37.500447,139.921066,6,0.035,-1.75,9.203,5.306
1424831377725,37.500446,139.92107,6,0.013,-1.871,9.346,5.105
1424831377825,37.500444,139.921074,6,0.089,-2.174,9.833,4.903
1424831377926,37.500443,139.921079,6,0.074,-2.106,9.51,4.707
1424831378027,37.500442,139.921083,6,0.04,-2.021,9.211,4.518
1424831378127,37.500441,139.921087,6,0.142,-2.106,9.368,4.338
1424831378228,37.50044,139.92109,6,0.145,-2.147,9.526,4.165
1424831378329,37.500439,139.921094,6,0.141,-2.164,9.54,3.999
1424831378429,37.500438,139.921097,6,0.178,-2.177,9.491,3.842
1424831378526,37.500437,139.921101,6,0.171,-2.128,9.431,3.773
1424831378626,37.500435,139.921104,6,0.126,-2.173,9.549,3.725
1424831378727,37.500433,139.921108,6,0.02,-2.246,9.563,3.677
1424831378827,37.500431,139.921111,6,0.022,-2.256,9.486,3.63
1424831378928,37.500429,139.921114,6,0.109,-2.216,9.454,3.583
1424831379029,37.500427,139.921118,6,0.161,-2.108,9.461,3.536
1424831379129,37.500426,139.921121,6,0.132,-1.94,9.475,3.491
1424831379225,37.500424,139.921124,6,0.11,-1.732,9.475,3.448
1424831379326,37.500422,139.921127,6,0.123,-1.442,9.48,3.404
1424831379427,37.50042,139.92113,6,0.142,-1.167,9.47,3.36
1424831379527,37.50042,139.921128,10,0.119,-0.984,9.443,3.157
1424831379628,37.500421,139.921124,10,0.088,-0.912,9.437,2.917
1424831379729,37.500421,139.921121,10,0.084,-0.787,9.483,2.692
1424831379829,37.500421,139.921117,10,0.092,-0.443,9.534,2.483
1424831379925,37.500422,139.921114,10,0.087,-0.041,9.483,2.295
1424831380026,37.500422,139.921112,10,0.072,0.284,9.41,2.112
1424831380126,37.500422,139.921109,10,0.091,0.357,9.365,1.945
1424831380227,37.500423,139.921107,10,0.118,0.253,9.364,1.79
1424831380328,37.500423,139.921104,10,0.125,0.118,9.439,1.65
1424831380429,37.500423,139.921102,10,0.116,0.03,9.484,1.524
1424831380529,37.500423,139.921102,10,0.106,0.063,9.472,1.5
1424831380625,37.500423,139.921101,10,0.102,0.14,9.44,1.5
1424831380726,37.500422,139.921101,10,0.094,0.184,9.444,1.5
1424831380826,37.500422,139.9211,10,0.092,0.149,9.442,1.5
1424831380927,37.500422,139.9211,10,0.112,0.114,9.443,1.5
1424831381028,37.500422,139.9211,10,0.123,0.12,9.438,1.5
1424831381128,37.500422,139.921099,10,0.111,0.155,9.447,1.5
1424831381229,37.500421,139.921099,10,0.106,0.156,9.456,1.5
1424831381325,37.500421,139.921098,10,0.108,0.126,9.442,1.5
1424831381426,37.500421,139.921098,10,0.103,0.121,9.449,1.5
1424831381526,37.500421,139.921098,6,0.093,0.144,9.46,1.5
1424831381627,37.50042,139.921098,6,0.101,0.148,9.461,1.5
1424831381728,37.50042,139.921097,6,0.107,0.124,9.441,1.5
1424831381828,37.500419,139.921097,6,0.116,0.123,9.421,1.5
1424831381929,37.500419,139.921097,6,0.105,0.133,9.436,1.5
1424831382025,37.500418,139.921097,6,0.104,0.141,9.459,1.5
1424831382126,37.500418,139.921097,6,0.108,0.137,9.458,1.5
1424831382226,37.500417,139.921096,6,0.107,0.132,9.435,1.5
1424831382327,37.500417,139.921096,6,0.1,0.146,9.451,1.5
1424831382428,37.500416,139.921096,6,0.11,0.151,9.476,1.5
1424831382528,37.500416,139.921096,6,0.112,0.148,9.457,1.5
1424831382629,37.500415,139.921096,6,0.11,0.145,9.45,1.5
1424831382725,37.500415,139.921096,6,0.111,0.136,9.427,1.5
1424831382825,37.500414,139.921096,6,0.106,0.133,9.445,1.5
1424831382926,37.500414,139.921096,6,0.106,0.146,9.469,1.5
1424831383027,37.500413,139.921095,6,0.116,0.151,9.47,1.5
1424831383127,37.500413,139.921095,6,0.119,0.142,9.443,1.5
1424831383228,37.500412,139.921095,6,0.113,0.135,9.434,1.5
1424831383329,37.500412,139.921095,6,0.105,0.123,9.437,1.5
1424831383425,37.500411,139.921095,6,0.097,0.127,9.447,1.5
1424831383525,37.500411,139.921095,6,0.102,0.136,9.446,1.5
1424831383626,37.50041,139.921094,6,0.101,0.147,9.448,1.5
1424831383727,37.50041,139.921094,6,0.103,0.138,9.425,1.5
1424831383827,37.50041,139.921094,6,0.105,0.133,9.426,1.5
1424831383928,37.50041,139.921094,6,0.101,0.127,9.428,1.5
1424831384029,37.500409,139.921093,6,0.101,0.135,9.45,1.5
1424831384125,37.500409,139.921093,6,0.101,0.135,9.445,1.5
1424831384226,37.500409,139.921093,6,0.102,0.138,9.441,1.5
1424831384327,37.500408,139.921092,6,0.109,0.144,9.43,1.5
1424831384427,37.500408,139.921092,6,0.117,0.142,9.439,1.5
1424831384527,37.500408,139.921092,6,0.105,0.129,9.442,1.5
1424831384628,37.500407,139.921092,6,0.1,0.143,9.463,1.5
1424831384729,37.500407,139.921091,6,0.106,0.146,9.46,1.5
1424831384825,37.500406,139.921091,6,0.11,0.143,9.457,1.5
1424831384925,37.500406,139.921091,6,0.114,0.129,9.44,1.5
1424831385026,37.500406,139.921091,6,0.108,0.124,9.441,1.5
1424831385127,37.500405,139.921091,6,0.097,0.13,9.453,1.5
1424831385227,37.500405,139.92109,6,0.098,0.137,9.458,1.5
1424831385328,37.500404,139.92109,6,0.108,0.137,9.444,1.5
1424831385429,37.500404,139.92109,6,0.11,0.14,9.429,1.5
1424831385529,37.500404,139.92109,6,0.103,0.127,9.43,1.5
1424831385625,37.500404,139.92109,6,0.104,0.131,9.452,1.5
1424831385726,37.500404,139.92109,6,0.108,0.137,9.468,1.5
1424831385827,37.500404,139.92109,6,0.108,0.147,9.475,1.5
1424831385927,37.500404,139.92109,6,0.103,0.134,9.454,1.5
1424831386028,37.500403,139.92109,6,0.106,0.125,9.43,1.5
1424831386129,37.500403,139.92109,6,0.098,0.132,9.445,1.5
1424831386229,37.500403,139.92109,6,0.101,0.131,9.446,1.5
1424831386330,37.500403,139.92109,6,0.107,0.14,9.463,1.5
1424831386426,37.500403,139.92109,6,0.114,0.139,9.439,1.5
1424831386525,37.500403,139.92109,6,0.113,0.14,9.436,1.5
1424831386627,37.500403,139.92109,6,0.109,0.133,9.442,1.5
1424831386726,37.500403,139.92109,6,0.104,0.135,9.471,1.5
1424831386829,37.500403,139.92109,6,0.099,0.137,9.479,1.5
1424831386928,37.500403,139.92109,6,0.105,0.146,9.472,1.5
1424831387025,37.500403,139.921091,6,0.103,0.142,9.455,1.5
1424831387126,37.500403,139.921091,6,0.112,0.135,9.451,1.5
1424831387226,37.500403,139.921091,6,0.11,0.124,9.441,1.5
1424831387327,37.500403,139.921091,6,0.102,0.138,9.454,1.5
1424831387428,37.500403,139.921091,6,0.102,0.146,9.471,1.5
1424831387528,37.500403,139.921091,5,0.109,0.139,9.447,1.5
1424831387629,37.500402,139.921091,5,0.107,0.135,9.434,1.5
1424831387725,37.500402,139.92109,5,0.102,0.139,9.442,1.5
1424831387826,37.500402,139.92109,5,0.099,0.138,9.461,1.5
1424831387926,37.500402,139.92109,5,0.105,0.14,9.46,1.5
1424831388027,37.500401,139.92109,5,0.112,0.14,9.455,1.5
1424831388128,37.500401,139.92109,5,0.112,0.127,9.43,1.5
1424831388228,37.500401,139.921089,5,0.109,0.136,9.452,1.5
1424831388329,37.5004,139.921089,5,0.109,0.138,9.46,1.5
1424831388425,37.5004,139.921089,5,0.108,0.143,9.445,1.5
1424831388526,37.5004,139.921089,5,0.111,0.131,9.425,1.5
1424831388626,37.5004,139.921089,5,0.107,0.131,9.423,1.5
1424831388727,37.5004,139.921089,5,0.104,0.129,9.437,1.5
1424831388828,37.5004,139.921089,5,0.111,0.14,9.451,1.5
1424831388928,37.5004,139.921089,5,0.112,0.144,9.45,1.5
1424831389029,37.5004,139.92109,5,0.115,0.132,9.435,1.5
1424831389125,37.5004,139.92109,5,0.11,0.127,9.44,1.5
1424831389225,37.5004,139.92109,5,0.115,0.138,9.446,1.5
1424831389326,37.5004,139.92109,5,0.107,0.139,9.465,1.5
1424831389427,37.5004,139.92109,5,0.114,0.132,9.452,1.5
1424831389528,37.5004,139.92109,4,0.109,0.129,9.44,1.5
1424831389628,37.5004,139.92109,4,0.111,0.129,9.439,1.5
1424831389729,37.5004,139.92109,4,0.117,0.136,9.456,1.5
1424831389825,37.5004,139.92109,4,0.12,0.134,9.454,1.5
1424831389925,37.5004,139.92109,4,0.118,0.128,9.425,1.5
1424831390026,37.5004,139.92109,4,0.109,0.131,9.43,1.5
1424831390127,37.5004,139.92109,4,0.11,0.134,9.443,1.5
1424831390228,37.5004,139.92109,4,0.11,0.139,9.446,1.5
1424831390329,37.5004,139.92109,4,0.118,0.133,9.429,1.5
1424831390430,37.5004,139.92109,4,0.109,0.136,9.427,1.5
1424831390525,37.5004,139.92109,5,0.103,0.14,9.449,1.5
1424831390625,37.5004,139.92109,5,0.106,0.153,9.474,1.5
1424831390726,37.500399,139.92109,5,0.111,0.146,9.462,1.5
1424831390827,37.500399,139.92109,5,0.111,0.129,9.433,1.5
1424831390927,37.500399,139.92109,5,0.107,0.127,9.444,1.5
1424831391028,37.500399,139.92109,5,0.108,0.134,9.449,1.5
1424831391129,37.500399,139.92109,5,0.103,0.142,9.457,1.5
1424831391229,37.500398,139.92109,5,0.116,0.131,9.428,1.5
1424831391325,37.500398,139.92109,5,0.112,0.126,9.432,1.5
1424831391426,37.500398,139.92109,5,0.106,0.129,9.458,1.5
1424831391527,37.500398,139.92109,5,0.108,0.141,9.462,1.5
1424831391627,37.500398,139.92109,5,0.109,0.14,9.456,1.5
1424831391728,37.500398,139.92109,5,0.112,0.132,9.434,1.5
1424831391829,37.500398,139.92109,5,0.103,0.131,9.44,1.5
1424831391929,37.500398,139.92109,5,0.109,0.134,9.442,1.5
1424831392025,37.500398,139.92109,5,0.106,0.134,9.452,1.5
1424831392126,37.500398,139.92109,5,0.111,0.131,9.431,1.5
1424831392226,37.500398,139.92109,5,0.109,0.13,9.438,1.5
1424831392327,37.500398,139.92109,5,0.11,0.133,9.444,1.5
1424831392428,37.500398,139.92109,5,0.105,0.131,9.434,1.5
1424831392529,37.500398,139.92109,5,0.104,0.131,9.442,1.5
1424831392629,37.500398,139.92109,5,0.109,0.124,9.428,1.5
1424831392725,37.500398,139.92109,5,0.104,0.129,9.451,1.5
1424831392826,37.500398,139.92109,5,0.107,0.136,9.445,1.5
1424831392926,37.500398,139.92109,5,0.107,0.144,9.448,1.5
1424831393027,37.500397,139.92109,5,0.102,0.136,9.439,1.5
1424831393128,37.500397,139.92109,5,0.098,0.128,9.443,1.5
1424831393229,37.500397,139.92109,5,0.098,0.136,9.46,1.5
1424831393329,37.500397,139.92109,5,0.099,0.143,9.458,1.5
1424831393425,37.500397,139.92109,5,0.103,0.137,9.456,1.5
1424831393526,37.500397,139.92109,5,0.116,0.136,9.455,1.5
1424831393626,37.500397,139.92109,5,0.115,0.135,9.472,1.5
1424831393727,37.500397,139.92109,5,0.114,0.143,9.464,1.5
1424831393828,37.500397,139.92109,5,0.116,0.139,9.453,1.5
1424831393928,37.500397,139.92109,5,0.113,0.138,9.441,1.5
1424831394029,37.500397,139.921089,5,0.11,0.136,9.454,1.5
1424831394125,37.500397,139.921089,5,0.112,0.137,9.448,1.5
1424831394226,37.500397,139.921089,5,0.113,0.145,9.448,1.5
1424831394326,37.500397,139.921089,5,0.112,0.144,9.442,1.5
1424831394427,37.500397,139.921089,5,0.114,0.136,9.449,1.5
1424831394528,37.500397,139.921089,4,0.109,0.131,9.457,1.5
1424831394628,37.500397,139.921089,4,0.111,0.143,9.458,1.5
1424831394729,37.500397,139.921089,4,0.109,0.142,9.447,1.5
1424831394825,37.500397,139.921089,4,0.108,0.137,9.458,1.5
1424831394925,37.500397,139.921089,4,0.108,0.136,9.466,1.5
1424831395026,37.500398,139.921089,4,0.104,0.136,9.461,1.5
1424831395127,37.500398,139.921089,4,0.109,0.143,9.462,1.5
1424831395228,37.500398,139.921089,4,0.114,0.135,9.445,1.5
1424831395328,37.500398,139.921089,4,0.115,0.135,9.443,1.5
1424831395429,37.500398,139.921089,4,0.107,0.125,9.432,1.5
1424831395525,37.500398,139.921089,4,0.112,0.14,9.442,1.5
1424831395625,37.500398,139.921089,4,0.108,0.136,9.437,1.5
1424831395726,37.500398,139.921089,4,0.113,0.135,9.436,1.5
1424831395827,37.500398,139.921089,4,0.116,0.138,9.453,1.5
1424831395928,37.500398,139.921089,4,0.108,0.146,9.46,1.5
1424831396028,37.500398,139.921089,4,0.111,0.151,9.467,1.5
1424831396125,37.500398,139.921089,4,0.109,0.135,9.446,1.5
1424831396225,37.500398,139.921089,4,0.104,0.133,9.451,1.5
1424831396326,37.500398,139.921089,4,0.1,0.142,9.473,1.5
1424831396426,37.500398,139.921089,4,0.113,0.144,9.454,1.5
1424831396527,37.500398,139.921089,5,0.115,0.134,9.442,1.5
1424831396627,37.500398,139.921089,5,0.117,0.135,9.449,1.5
1424831396728,37.500398,139.921089,5,0.113,0.145,9.462,1.5
1424831396829,37.500398,139.921089,5,0.112,0.149,9.459,1.5
1424831396925,37.500398,139.921089,5,0.119,0.146,9.452,1.5
1424831397025,37.500397,139.921089,5,0.114,0.131,9.448,1.5
1424831397126,37.500397,139.921089,5,0.111,0.137,9.453,1.5
1424831397227,37.500397,139.921089,5,0.109,0.148,9.469,1.5
1424831397327,37.500397,139.921089,5,0.116,0.142,9.443,1.5
1424831397428,37.500397,139.921089,5,0.116,0.14,9.45,1.5
1424831397529,37.500397,139.921089,5,0.108,0.141,9.457,1.5
1424831397629,37.500397,139.921089,5,0.105,0.144,9.467,1.5
1424831397725,37.500397,139.921089,5,0.11,0.138,9.454,1.5
1424831397826,37.500397,139.921089,5,0.117,0.144,9.46,1.5
1424831397927,37.500397,139.921089,5,0.105,0.142,9.477,1.5
1424831398027,37.500397,139.921089,5,0.112,0.144,9.463,1.5
1424831398128,37.500397,139.921089,5,0.121,0.142,9.451,1.5
1424831398229,37.500397,139.921089,5,0.112,0.136,9.435,1.5
1424831398329,37.500397,139.921089,5,0.105,0.141,9.46,1.5
1424831398425,37.500397,139.921089,5,0.1,0.144,9.453,1.5
1424831398526,37.500397,139.921089,3,0.108,0.142,9.442,1.5
1424831398626,37.500397,139.921089,3,0.111,0.13,9.439,1.5
1424831398727,37.500397,139.921089,3,0.118,0.132,9.445,1.5
1424831398828,37.500397,139.921089,3,0.11,0.14,9.464,1.5
1424831398929,37.500397,139.921089,3,0.111,0.136,9.439,1.5
1424831399029,37.500397,139.921089,3,0.109,0.141,9.462,1.5
1424831399125,37.500397,139.921089,3,0.105,0.136,9.456,1.5
1424831399226,37.500397,139.921089,3,0.106,0.145,9.474,1.5
1424831399326,37.500397,139.921089,3,0.117,0.144,9.455,1.5
1424831399427,37.500397,139.921089,3,0.116,0.137,9.427,1.5
1424831399528,37.500397,139.921089,3,0.104,0.13,9.439,1.5
1424831399629,37.500397,139.921089,3,0.114,0.137,9.45,1.5
1424831399729,37.500397,139.921089,3,0.111,0.155,9.474,1.5
1424831399825,37.500397,139.921089,3,0.117,0.144,9.442,1.5
1424831399926,37.500397,139.921089,3,0.116,0.145,9.459,1.5
1424831400026,37.500397,139.921089,3,0.109,0.136,9.451,1.5
1424831400127,37.500397,139.921089,3,0.108,0.146,9.459,1.5
1424831400228,37.500397,139.921089,3,0.11,0.138,9.452,1.5
1424831400328,37.500397,139.921089,3,0.114,0.125,9.42,1.5
1424831400429,37.500397,139.921089,3,0.111,0.129,9.445,1.5
1424831400525,37.500397,139.921089,3,0.116,0.135,9.455,1.5
1424831400631,37.500397,139.921089,3,0.11,0.141,9.457,1.5
1424831400726,37.500397,139.921089,3,0.112,0.138,9.44,1.5
1424831400825,37.500397,139.921089,3,0.104,0.138,9.451,1.5
1424831400928,37.500397,139.921089,3,0.1,0.139,9.477,1.5
1424831401027,37.500397,139.921089,3,0.108,0.141,9.465,1.5
1424831401129,37.500397,139.921089,3,0.103,0.132,9.448,1.5
1424831401225,37.500397,139.921089,3,0.106,0.128,9.442,1.5
1424831401325,37.500397,139.921089,3,0.11,0.141,9.47,1.5
1424831401426,37.500397,139.921089,3,0.113,0.143,9.458,1.5
1424831401527,37.500397,139.921089,3,0.111,0.123,9.42,1.5
1424831401628,37.500397,139.921089,3,0.114,0.13,9.447,1.5
1424831401728,37.500397,139.921089,3,0.106,0.141,9.461,1.5
1424831401829,37.500397,139.921089,3,0.113,0.145,9.457,1.5
1424831401925,37.500397,139.921089,3,0.126,0.14,9.446,1.5
1424831402025,37.500397,139.921089,3,0.12,0.144,9.447,1.5
1424831402126,37.500397,139.921089,3,0.104,0.151,9.476,1.5
1424831402227,37.500397,139.921089,3,0.116,0.143,9.451,1.5
1424831402328,37.500397,139.921089,3,0.115,0.138,9.456,1.5
1424831402428,37.500397,139.921089,3,0.108,0.138,9.444,1.5
1424831402529,37.500397,139.921089,3,0.119,0.149,9.451,1.5
1424831402625,37.500397,139.921089,3,0.119,0.145,9.444,1.5
1424831402725,37.500397,139.921089,3,0.123,0.137,9.443,1.5
1424831402826,37.500397,139.921089,3,0.112,0.143,9.469,1.5
1424831402927,37.500397,139.921089,3,0.109,0.141,9.448,1.5
1424831403027,37.500397,139.921089,3,0.106,0.144,9.449,1.5
1424831403128,37.500397,139.921089,3,0.113,0.134,9.435,1.5
1424831403229,37.500397,139.921089,3,0.118,0.138,9.46,1.5
1424831403330,37.500397,139.921089,3,0.114,0.143,9.459,1.5
1424831403425,37.500397,139.921089,3,0.116,0.139,9.447,1.5
1424831403526,37.500397,139.921089,3,0.11,0.134,9.442,1.5
1424831403627,37.500397,139.921089,3,0.108,0.139,9.456,1.5
1424831403727,37.500397,139.921089,3,0.104,0.137,9.452,1.5
1424831403828,37.500397,139.921089,3,0.112,0.129,9.434,1.5
1424831403929,37.500397,139.921089,3,0.117,0.139,9.458,1.5
1424831404029,37.500397,139.921089,3,0.121,0.135,9.459,1.5
1424831404125,37.500397,139.921089,3,0.122,0.133,9.449,1.5
1424831404226,37.500397,139.921089,3,0.11,0.132,9.434,1.5
1424831404327,37.500397,139.921089,3,0.102,0.134,9.433,1.5
1424831404427,37.500397,139.921089,3,0.103,0.144,9.445,1.5
1424831404528,37.500397,139.921089,3,0.117,0.139,9.437,1.5
1424831404629,37.500397,139.921089,3,0.122,0.134,9.426,1.5
1424831404729,37.500397,139.921089,3,0.113,0.141,9.457,1.5
1424831404825,37.500397,139.921089,3,0.111,0.136,9.455,1.5
1424831404926,37.500397,139.921089,3,0.105,0.136,9.466,1.5
1424831405026,37.500397,139.921089,3,0.107,0.134,9.458,1.5
1424831405127,37.500397,139.921089,3,0.105,0.134,9.464,1.5
1424831405228,37.500397,139.921089,3,0.122,0.136,9.445,1.5
1424831405329,37.500397,139.921089,3,0.115,0.13,9.432,1.5
1424831405429,37.500397,139.921089,3,0.105,0.143,9.453,1.5
1424831405525,37.500397,139.921089,3,0.112,0.138,9.454,1.5
1424831405626,37.500397,139.921089,3,0.118,0.135,9.439,1.5
1424831405726,37.500397,139.921089,3,0.117,0.136,9.453,1.5
1424831405827,37.500397,139.921089,3,0.115,0.138,9.465,1.5
1424831405928,37.500397,139.921089,3,0.12,0.142,9.449,1.5
1424831406028,37.500397,139.921089,3,0.112,0.131,9.442,1.5
1424831406129,37.500397,139.921089,3,0.123,0.141,9.45,1.5
1424831406225,37.500397,139.921089,3,0.114,0.153,9.468,1.5
1424831406326,37.500397,139.921089,3,0.109,0.143,9.439,1.5
1424831406426,37.500397,139.921089,3,0.116,0.145,9.46,1.5
1424831406527,37.500397,139.921089,3,0.121,0.135,9.458,1.5
1424831406628,37.500397,139.921089,3,0.121,0.134,9.444,1.5
1424831406728,37.500397,139.921089,3,0.123,0.129,9.434,1.5
1424831406829,37.500397,139.921089,3,0.118,0.134,9.459,1.5
1424831406925,37.500397,139.921089,3,0.114,0.138,9.451,1.5
1424831407026,37.500397,139.921089,3,0.109,0.131,9.446,1.5
1424831407126,37.500397,139.921089,3,0.108,0.124,9.437,1.5
1424831407227,37.500397,139.921089,3,0.108,0.138,9.455,1.5
1424831407328,37.500397,139.921089,3,0.117,0.137,9.435,1.5
1424831407428,37.500397,139.921089,3,0.112,0.129,9.429,1.5
1424831407529,37.500397,139.921089,3,0.102,0.132,9.459,1.5
1424831407625,37.500397,139.921089,3,0.097,0.143,9.453,1.5
1424831407725,37.500397,139.921089,3,0.103,0.145,9.446,1.5
1424831407826,37.500397,139.921089,3,0.122,0.125,9.422,1.5
1424831407927,37.500397,139.921089,3,0.123,0.133,9.452,1.5
1424831408028,37.500397,139.921089,3,0.113,0.137,9.446,1.5
1424831408128,37.500397,139.921089,3,0.139,0.155,9.433,1.5
1424831421225,37.500191,139.921778,11,0.129,0.163,9.454,8.443
1424831421326,37.500189,139.921787,11,0.255,0.178,9.545,8.419
1424831421427,37.500186,139.921797,11,0.443,0.024,9.222,8.395
1424831421527,37.500185,139.921805,11,0.466,-0.127,9.212,8.35
1424831421628,37.500183,139.921814,11,0.311,-0.27,9.535,8.299
1424831421729,37.500181,139.921822,11,0.192,-0.177,9.558,8.247
1424831421825,37.500179,139.92183,11,0.185,-0.19,9.738,8.199
1424831421925,37.500177,139.921838,11,0.125,-0.079,9.235,8.149
1424831422026,37.500175,139.921846,11,0.04,-0.177,9.472,8.098
1424831422127,37.500173,139.921854,11,-0.048,-0.117,9.614,8.048
1424831422227,37.500171,139.921862,11,-0.088,-0.034,9.409,7.999
1424831422328,37.500169,139.92187,11,-0.114,-0.02,9.28,7.949
1424831422429,37.500167,139.921878,11,-0.026,-0.065,9.273,7.9
1424831422525,37.500166,139.921887,12,0.125,-0.159,9.646,7.852
1424831422625,37.500166,139.921896,12,0.055,-0.136,9.447,7.802
1424831422726,37.500165,139.921905,12,-0.029,-0.008,8.999,7.752
1424831422827,37.500164,139.921913,12,0.065,-0.197,9.409,7.702
1424831422927,37.500163,139.921922,12,0.018,-0.233,9.564,7.652
1424831423028,37.500162,139.921931,12,0.039,-0.171,9.406,7.603
1424831423129,37.500162,139.92194,12,0.164,-0.092,9.314,7.554
1424831423229,37.500161,139.921948,12,0.035,-0.248,9.43,7.506
1424831423325,37.50016,139.921956,12,-0.027,-0.155,9.427,7.46
1424831423426,37.500159,139.921965,12,0.071,-0.04,9.262,7.411
1424831423527,37.500158,139.921973,12,0.112,-0.106,9.509,7.419
1424831423627,37.500156,139.921981,12,0.129,-0.166,9.453,7.444
1424831423728,37.500155,139.92199,12,0.187,-0.141,9.398,7.469
1424831423829,37.500153,139.921998,12,0.106,-0.111,9.352,7.494
1424831423929,37.500151,139.922006,12,0.246,-0.161,9.364,7.519
1424831424025,37.50015,139.922014,12,0.467,-0.38,9.962,7.543
1424831424126,37.500148,139.922022,12,0.499,-0.372,9.931,7.568
1424831424226,37.500147,139.92203,12,0.463,-0.156,9.262,7.593
1424831424327,37.500145,139.922039,12,0.219,0.283,8.815,7.619
1424831424428,37.500143,139.922047,12,0.096,0.146,9.419,7.644
1424831424529,37.500141,139.922056,12,0.071,0.305,9.998,7.63
1424831424629,37.50014,139.922065,12,0.059,0.761,9.213,7.605
1424831424725,37.500138,139.922074,12,0.342,0.568,9.127,7.58
1424831424826,37.500136,139.922083,12,0.115,0.209,9.373,7.555
1424831424926,37.500134,139.922092,12,-0.076,0.395,9.562,7.53
1424831425027,37.500132,139.922101,12,-0.01,0.657,9.448,7.505
1424831425128,37.50013,139.92211,12,0.012,0.597,9.241,7.48
1424831425229,37.500128,139.922119,12,-0.119,0.568,9.469,7.455
1424831430224,37.499996,139.922591,11,-0.118,0.57,9.481,8.63
1424831430229,37.499996,139.922591,11,-0.116,0.565,9.493,8.63
1424831430329,37.499993,139.922601,11,0.019,0.122,9.82,8.63
1424831430425,37.499991,139.92261,11,0.049,0.005,9.464,8.63
1424831430526,37.49999,139.92262,12,0.045,-0.078,9.214,8.612
1424831430626,37.49999,139.92263,12,0.144,-0.206,9.38,8.587
1424831430727,37.499989,139.922641,12,0.231,-0.289,9.589,8.563
1424831430828,37.499989,139.922651,12,0.166,-0.226,9.429,8.538
1424831430929,37.499989,139.922661,12,0.161,-0.247,9.346,8.514
1424831431029,37.499989,139.922671,12,0.045,-0.305,9.348,8.49
1424831431125,37.499989,139.922681,12,0.082,-0.303,9.476,8.467
1424831431226,37.499988,139.922691,12,0.079,-0.267,9.566,8.443
1424831431326,37.499988,139.922702,12,0.054,-0.199,9.294,8.419
1424831431427,37.499988,139.922712,12,0.114,-0.248,9.352,8.395
1424831431528,37.499986,139.92272,12,0.082,-0.335,9.677,8.308
1424831431629,37.499983,139.922728,12,0.203,-0.278,9.44,8.204
1424831431729,37.499981,139.922736,12,0.037,-0.351,9.588,8.101
1424831431825,37.499978,139.922744,12,0.066,-0.353,9.557,8.004
1424831431926,37.499976,139.922752,12,-0.083,-0.163,9.245,7.903
1424831432026,37.499973,139.92276,12,0.087,-0.14,9.432,7.805
1424831432127,37.499971,139.922767,12,0.105,-0.328,9.716,7.706
1424831432228,37.499968,139.922775,12,0.368,-0.14,9.982,7.609
1424831432328,37.499966,139.922782,12,0.165,-0.155,9.573,7.514
1424831432429,37.499963,139.922789,12,0.107,-0.236,9.33,7.42
1424831432525,37.49996,139.922797,11,0.138,-0.254,9.691,7.382
1424831432625,37.499957,139.922805,11,0.159,-0.3,9.539,7.357
1424831432726,37.499954,139.922813,11,0.373,-0.131,9.429,7.333
1424831432827,37.49995,139.922821,11,0.389,-0.265,9.403,7.309
1424831432928,37.499947,139.92283,11,0.248,-0.331,9.433,7.284
1424831433028,37.499944,139.922838,11,0.216,-0.272,9.535,7.26
1424831433129,37.49994,139.922846,11,0.153,-0.246,9.573,7.236
1424831433225,37.499937,139.922853,11,0.055,-0.271,9.536,7.213
1424831433325,37.499934,139.922861,11,0.084,-0.244,9.409,7.19
1424831433426,37.499931,139.922869,11,0.112,-0.218,9.38,7.166
1424831433527,37.499929,139.922875,13,0.18,-0.188,9.522,7.16
1424831433628,37.499927,139.922881,13,0.243,-0.247,9.598,7.16
1424831433728,37.499925,139.922887,13,0.179,-0.298,9.743,7.16
1424831433829,37.499923,139.922893,13,0.225,-0.195,9.455,7.16
1424831433925,37.499921,139.922898,13,0.148,-0.135,9.297,7.16
1424831434025,37.499919,139.922904,13,0.147,-0.117,9.225,7.16
1424831434126,37.499917,139.92291,13,0.165,0.04,9.098,7.16
1424831434227,37.499915,139.922915,13,0.178,-0.196,9.842,7.16
1424831434327,37.499913,139.922921,13,0.159,-0.246,9.864,7.16
1424831434428,37.499911,139.922927,13,0.254,-0.139,9.303,7.16
1424831434529,37.49991,139.922933,13,0.317,-0.097,9.308,7.12
1424831434625,37.499908,139.922939,13,0.161,-0.257,9.361,7.072
1424831434725,37.499906,139.922945,13,0.137,-0.136,9.698,7.022
1424831434826,37.499904,139.922952,13,0.121,0.118,9.361,6.972
1424831434927,37.499903,139.922958,13,0.174,0.099,9.28,6.922
1424831435027,37.499901,139.922964,13,0.262,-0.063,9.402,6.873
1424831435128,37.499899,139.922971,13,0.432,-0.169,9.656,6.824
1424831435225,37.499898,139.922976,13,0.306,-0.048,9.479,6.777
1424831435325,37.499896,139.922982,13,0.202,0.11,9.131,6.729
1424831435425,37.499894,139.922989,13,0.146,-0.066,9.242,6.682
1424831435526,37.499894,139.922994,13,0.035,-0.112,9.673,6.67
1424831435627,37.499893,139.923,13,0.008,-0.09,9.589,6.67
1424831435727,37.499893,139.923006,13,0.046,0.006,9.459,6.67
1424831435828,37.499893,139.923012,13,0.076,-0.032,9.355,6.67
1424831435929,37.499893,139.923018,13,0.125,-0.101,9.48,6.67
1424831436029,37.499892,139.923024,13,0.103,-0.014,9.528,6.67
1424831436125,37.499892,139.92303,13,0.072,0.081,9.354,6.67
1424831436226,37.499892,139.923036,13,0.037,0.049,9.457,6.67
1424831436327,37.499891,139.923042,13,0.121,-0.041,9.613,6.67
1424831436427,37.499891,139.923048,13,0.032,-0.055,9.511,6.67
1424831436528,37.499888,139.923055,13,0.105,-0.031,9.515,6.651
1424831436629,37.499885,139.923062,13,0.225,-0.03,9.525,6.626
1424831436729,37.499882,139.923069,13,0.206,-0.04,9.389,6.602
1424831436825,37.499879,139.923076,13,0.095,0.013,9.277,6.579
1424831436926,37.499876,139.923083,13,0.106,0.041,9.328,6.555
1424831437026,37.499872,139.92309,13,0.34,-0.121,9.702,6.531
1424831437127,37.499869,139.923097,13,0.243,-0.104,9.568,6.507
1424831437228,37.499866,139.923104,13,0.277,-0.096,9.543,6.483
1424831437329,37.499863,139.923112,13,0.339,-0.056,9.348,6.459
1424831437429,37.49986,139.923119,13,0.273,-0.077,9.241,6.435
1424831437525,37.499857,139.923125,12,0.238,-0.11,9.43,6.448
1424831437626,37.499855,139.923132,12,0.405,-0.057,9.54,6.472
1424831437726,37.499853,139.923139,12,0.417,-0.035,9.553,6.495
1424831437827,37.499851,139.923146,12,0.462,-0.046,9.4,6.519
1424831437928,37.499849,139.923153,12,0.429,-0.169,9.377,6.544
1424831438029,37.499847,139.92316,12,0.445,-0.284,9.688,6.568
1424831438129,37.499845,139.923167,12,0.421,-0.43,10.096,6.592
1424831438226,37.499843,139.923174,12,0.291,-0.183,9.297,6.615
1424831438326,37.499841,139.923181,12,0.213,0.088,8.832,6.64
1424831438426,37.499839,139.923188,12,0.207,0.075,8.945,6.664
1424831438527,37.499836,139.923195,11,0.009,0.168,8.618,6.631
1424831438628,37.499835,139.923201,11,0.025,-0.152,9.778,6.58
1424831438728,37.499833,139.923207,11,0.004,-0.364,10.256,6.53
1424831438829,37.499831,139.923213,11,-0.04,-0.303,9.612,6.48
1424831438925,37.499829,139.923219,11,-0.075,-0.284,9.012,6.433
1424831439026,37.499827,139.923225,11,0.037,-0.278,9.058,6.383
1424831439126,37.499825,139.923231,11,0.131,-0.397,9.228,6.335
1424831439227,37.499823,139.923237,11,0.151,-0.23,9.71,6.286
1424831439328,37.499821,139.923243,11,0.172,0.087,9.64,6.238
1424831439428,37.499819,139.923249,11,0.15,0.034,9.395,6.19
1424831439529,37.499817,139.923255,11,0.211,-0.197,9.44,6.141
1424831439625,37.499815,139.92326,11,0.277,-0.259,9.47,6.093
1424831439725,37.499812,139.923266,11,0.119,-0.198,9.539,6.044
1424831439826,37.49981,139.923272,11,0.018,-0.04,9.41,5.995
1424831439927,37.499807,139.923277,11,0.152,-0.075,9.499,5.946
1424831440028,37.499805,139.923283,11,0.249,-0.128,9.474,5.898
1424831440128,37.499803,139.923288,11,0.268,-0.109,9.491,5.85
1424831440229,37.4998,139.923294,11,0.29,-0.104,9.469,5.803
1424831440325,37.499798,139.923299,11,0.279,-0.169,9.57,5.758
1424831440425,37.499796,139.923305,11,0.144,-0.057,9.26,5.712
1424831440526,37.499793,139.923309,12,0.006,-0.075,9.428,5.681
1424831440627,37.49979,139.923313,12,0.099,-0.159,9.561,5.657
1424831440727,37.499787,139.923318,12,0.24,-0.124,9.419,5.632
1424831440828,37.499784,139.923322,12,0.273,-0.035,9.309,5.608
1424831440929,37.499781,139.923326,12,0.333,-0.056,9.45,5.584
1424831441025,37.499778,139.92333,12,0.287,-0.077,9.468,5.561
1424831441125,37.499775,139.923334,12,0.206,-0.143,9.309,5.537
1424831441226,37.499772,139.923338,12,0.178,-0.132,9.471,5.513
1424831441327,37.499769,139.923342,12,0.13,-0.079,9.605,5.489
1424831441427,37.499767,139.923346,12,0.106,-0.089,9.417,5.465
1424831441528,37.499764,139.923351,12,0.179,-0.115,9.321,5.478
1424831441629,37.499762,139.923357,12,0.208,-0.15,9.613,5.502
1424831441730,37.499759,139.923363,12,0.215,-0.082,9.509,5.526
1424831441825,37.499757,139.923368,12,0.213,-0.1,9.48,5.549
1424831441926,37.499754,139.923374,12,0.223,-0.102,9.516,5.573
1424831442027,37.499752,139.92338,12,0.145,-0.086,9.559,5.597
1424831442127,37.499749,139.923385,12,0.044,-0.038,9.428,5.621
1424831442228,37.499747,139.923391,12,0.057,0.15,8.898,5.646
1424831442329,37.499744,139.923397,12,0.243,-0.058,9.261,5.67
1424831442429,37.499742,139.923403,12,0.391,-0.205,9.777,5.695
1424831442525,37.49974,139.923409,11,0.307,-0.104,9.593,5.682
1424831442626,37.499738,139.923415,11,0.286,-0.003,9.442,5.657
1424831442727,37.499736,139.923422,11,0.279,-0.065,9.401,5.632
1424831442827,37.499735,139.923428,11,0.302,-0.156,9.421,5.608
1424831442928,37.499733,139.923435,11,0.3,-0.264,9.455,5.584
1424831443029,37.499731,139.923441,11,0.381,-0.164,9.673,5.56
1424831443129,37.499729,139.923448,11,0.437,-0.037,9.724,5.536
1424831443225,37.499728,139.923454,11,0.329,0.064,9.341,5.513
1424831443331,37.499726,139.923461,11,0.21,0.012,9.185,5.488
1424831443426,37.499724,139.923466,11,0.118,-0.046,9.392,5.466
1424831443525,37.499724,139.923472,11,0.148,-0.046,9.541,5.422
1424831443628,37.499724,139.923479,11,0.11,-0.02,9.623,5.371
1424831443727,37.499723,139.923484,11,0.147,0.037,9.419,5.323
1424831443829,37.499723,139.92349,11,0.247,0.023,9.322,5.273
1424831443925,37.499723,139.923496,11,0.225,-0.062,9.397,5.226
1424831444026,37.499723,139.923501,11,0.092,-0.178,9.441,5.178
1424831444126,37.499723,139.923507,11,0.171,-0.337,9.599,5.131
1424831444227,37.499722,139.923513,11,0.091,-0.243,9.173,5.083
1424831444328,37.499722,139.923518,11,-0.021,-0.307,9.383,5.036
1424831444429,37.499722,139.923524,11,0.031,-0.532,9.823,4.99
1424831444529,37.499721,139.92353,11,0.07,-0.57,9.604,4.999
1424831444625,37.499719,139.923535,11,0.123,-0.435,9.143,5.021
1424831444726,37.499718,139.923541,11,0.263,-0.433,9.236,5.045
1424831444826,37.499716,139.923547,11,0.366,-0.531,9.693,5.069
1424831444927,37.499714,139.923553,11,0.424,-0.582,9.919,5.093
1424831445028,37.499713,139.923559,11,0.273,-0.546,9.294,5.117
1424831445128,37.499711,139.923565,11,0.182,-0.385,9.155,5.141
1424831445229,37.49971,139.923571,11,0.166,-0.357,9.52,5.166
1424831445325,37.499708,139.923576,11,0.187,-0.425,9.808,5.189
1424831445426,37.499706,139.923583,11,0.113,-0.42,9.337,5.214
1424831445526,37.499703,139.923585,13,0.155,-0.381,9.197,5.162
1424831445627,37.4997,139.923587,13,0.23,-0.398,9.434,5.087
1424831445728,37.499696,139.923589,13,0.322,-0.43,9.659,5.012
1424831445828,37.499693,139.923591,13,0.25,-0.427,9.458,4.939
1424831445929,37.499689,139.923593,13,0.133,-0.498,9.401,4.867
1424831446025,37.499686,139.923595,13,0.089,-0.502,9.373,4.799
1424831446125,37.499683,139.923596,13,0.067,-0.462,9.459,4.729
1424831446226,37.499679,139.923598,13,0.145,-0.451,9.539,4.66
1424831446327,37.499676,139.9236,13,0.181,-0.455,9.291,4.592
1424831446428,37.499673,139.923602,13,0.171,-0.526,9.436,4.525
1424831446528,37.49967,139.923605,13,0.147,-0.509,9.615,4.451
1424831446629,37.499669,139.92361,13,0.175,-0.412,9.457,4.376
1424831446725,37.499667,139.923614,13,0.193,-0.42,9.349,4.306
1424831446825,37.499665,139.923618,13,0.231,-0.491,9.403,4.234
1424831446926,37.499663,139.923622,13,0.208,-0.487,9.389,4.162
1424831447027,37.499661,139.923627,13,0.208,-0.488,9.402,4.092
1424831447127,37.499659,139.923631,13,0.198,-0.547,9.493,4.023
1424831447228,37.499658,139.923634,13,0.187,-0.603,9.517,3.955
1424831447329,37.499656,139.923638,13,0.205,-0.635,9.416,3.888
1424831447425,37.499654,139.923642,13,0.2,-0.68,9.422,3.826
1424831447525,37.499654,139.923645,11,0.219,-0.714,9.509,3.735
1424831447626,37.499653,139.923648,11,0.215,-0.723,9.378,3.636
1424831447727,37.499653,139.923651,11,0.249,-0.821,9.379,3.54
1424831447827,37.499652,139.923654,11,0.281,-0.935,9.504,3.447
1424831447928,37.499652,139.923657,11,0.273,-0.995,9.465,3.355
1424831448029,37.499652,139.92366,11,0.294,-1.083,9.445,3.266
1424831448125,37.499651,139.923662,11,0.247,-1.149,9.468,3.183
1424831448225,37.499651,139.923665,11,0.212,-1.151,9.463,3.1
1424831448326,37.49965,139.923667,11,0.2,-1.158,9.494,3.018
1424831448427,37.49965,139.923669,11,0.168,-1.141,9.401,2.938
1424831448527,37.49965,139.923672,11,0.167,-1.133,9.371,2.885
1424831448628,37.49965,139.923674,11,0.22,-1.163,9.489,2.84
1424831448729,37.49965,139.923676,11,0.245,-1.208,9.551,2.796
1424831448829,37.49965,139.923678,11,0.237,-1.173,9.461,2.753
1424831448925,37.49965,139.92368,11,0.216,-1.093,9.409,2.712
1424831449026,37.499649,139.923682,11,0.18,-1.042,9.475,2.67
1424831449127,37.499649,139.923684,11,0.122,-1.0,9.523,2.629
1424831449227,37.499649,139.923686,11,0.081,-0.968,9.484,2.588
1424831449328,37.499649,139.923688,11,0.076,-0.923,9.45,2.548
1424831449429,37.499649,139.92369,11,0.109,-0.897,9.454,2.508
1424831449529,37.499649,139.923691,11,0.163,-0.878,9.474,2.424
1424831449625,37.49965,139.923692,11,0.202,-0.857,9.447,2.333
1424831449726,37.49965,139.923693,11,0.234,-0.83,9.419,2.242
1424831449826,37.49965,139.923695,11,0.242,-0.811,9.437,2.154
1424831449927,37.499651,139.923696,11,0.242,-0.789,9.48,2.069
1424831450028,37.499651,139.923697,11,0.224,-0.779,9.487,1.987
1424831450129,37.499651,139.923698,11,0.223,-0.766,9.467,1.908
1424831450229,37.499651,139.923699,11,0.216,-0.777,9.455,1.834
1424831450325,37.499652,139.9237,11,0.202,-0.776,9.453,1.765
1424831450426,37.499652,139.923701,11,0.186,-0.759,9.44,1.696
1424831450526,37.499652,139.923701,11,0.174,-0.75,9.438,1.666
1424831450627,37.499653,139.923701,11,0.176,-0.746,9.439,1.647
1424831450728,37.499653,139.923701,11,0.178,-0.709,9.436,1.628
1424831450829,37.499654,139.923701,11,0.181,-0.505,9.499,1.609
1424831450929,37.499654,139.923701,11,0.182,-0.171,9.487,1.591
1424831451025,37.499655,139.923702,11,0.191,0.118,9.401,1.574
1424831451126,37.499655,139.923702,11,0.207,0.272,9.357,1.556
1424831451226,37.499656,139.923702,11,0.213,0.219,9.354,1.539
1424831451327,37.499656,139.923702,11,0.211,0.07,9.401,1.521
1424831451428,37.499657,139.923702,11,0.2,-0.04,9.475,1.504
1424831451528,37.499657,139.923702,10,0.187,-0.048,9.49,1.5
1424831451629,37.499658,139.923703,10,0.188,0.03,9.459,1.5
1424831451725,37.499658,139.923703,10,0.187,0.105,9.452,1.5
1424831451825,37.499658,139.923703,10,0.202,0.124,9.425,1.5
1424831451926,37.499658,139.923703,10,0.215,0.088,9.43,1.5
1424831452027,37.499659,139.923704,10,0.224,0.046,9.446,1.5
1424831452128,37.499659,139.923704,10,0.208,0.037,9.447,1.5
1424831452228,37.499659,139.923704,10,0.194,0.065,9.444,1.5
1424831452329,37.49966,139.923705,10,0.184,0.087,9.446,1.5
1424831452425,37.49966,139.923705,10,0.191,0.079,9.453,1.5
1424831452525,37.49966,139.923705,11,0.203,0.068,9.453,1.5
1424831452626,37.49966,139.923706,11,0.191,0.07,9.453,1.5
1424831452727,37.49966,139.923706,11,0.203,0.078,9.443,1.5
1424831452827,37.49966,139.923706,11,0.206,0.08,9.45,1.5
1424831452929,37.49966,139.923706,11,0.199,0.069,9.446,1.5
1424831453029,37.49966,139.923707,11,0.199,0.063,9.448,1.5
1424831453125,37.49966,139.923707,11,0.205,0.068,9.439,1.5
1424831453225,37.49966,139.923707,11,0.201,0.072,9.438,1.5
1424831453326,37.49966,139.923708,11,0.206,0.065,9.451,1.5
1424831453427,37.49966,139.923708,11,0.208,0.064,9.453,1.5
1424831453527,37.49966,139.923708,11,0.197,0.066,9.44,1.5
1424831453628,37.49966,139.923708,11,0.19,0.07,9.446,1.5
1424831453729,37.49966,139.923709,11,0.185,0.07,9.451,1.5
1424831453825,37.49966,139.923709,11,0.202,0.063,9.439,1.5
1424831453925,37.49966,139.923709,11,0.198,0.065,9.442,1.5
1424831454026,37.49966,139.923709,11,0.199,0.065,9.433,1.5
1424831454127,37.49966,139.923709,11,0.2,0.068,9.443,1.5
1424831454227,37.49966,139.92371,11,0.196,0.067,9.452,1.5
1424831454328,37.49966,139.92371,11,0.196,0.069,9.452,1.5
1424831454429,37.49966,139.92371,11,0.206,0.067,9.449,1.5
1424831454529,37.49966,139.92371,11,0.206,0.061,9.448,1.5
1424831454625,37.49966,139.92371,11,0.199,0.064,9.453,1.5
1424831454726,37.49966,139.923709,11,0.202,0.065,9.445,1.5
1424831454827,37.49966,139.923709,11,0.196,0.07,9.454,1.5
1424831454927,37.49966,139.923709,11,0.198,0.066,9.441,1.5
1424831455028,37.499659,139.923709,11,0.2,0.067,9.449,1.5
1424831455129,37.499659,139.923709,11,0.199,0.072,9.458,1.5
1424831455229,37.499659,139.923708,11,0.199,0.071,9.456,1.5
1424831455325,37.499659,139.923708,11,0.201,0.071,9.454,1.5
1424831455426,37.499659,139.923708,11,0.197,0.073,9.448,1.5
1424831455527,37.499659,139.923708,11,0.197,0.066,9.445,1.5
1424831455627,37.499659,139.923709,11,0.193,0.067,9.44,1.5
1424831455728,37.499659,139.923709,11,0.191,0.072,9.451,1.5
1424831455829,37.499659,139.923709,11,0.196,0.075,9.437,1.5
1424831455929,37.499659,139.923709,11,0.202,0.069,9.439,1.5
1424831456025,37.49966,139.92371,11,0.203,0.063,9.444,1.5
1424831456126,37.49966,139.92371,11,0.202,0.062,9.454,1.5
1424831456226,37.49966,139.92371,11,0.204,0.063,9.446,1.5
1424831456327,37.49966,139.923711,11,0.193,0.064,9.437,1.5
1424831456428,37.49966,139.923711,11,0.19,0.061,9.447,1.5
1424831456529,37.49966,139.923711,11,0.194,0.066,9.446,1.5
1424831456629,37.49966,139.923711,11,0.195,0.074,9.453,1.5
1424831456725,37.49966,139.923711,11,0.193,0.071,9.443,1.5
1424831456826,37.49966,139.923711,11,0.198,0.069,9.451,1.5
1424831456926,37.49966,139.923711,11,0.201,0.067,9.462,1.5
1424831457027,37.499659,139.923712,11,0.201,0.072,9.453,1.5
1424831457128,37.499659,139.923712,11,0.203,0.071,9.451,1.5
1424831457228,37.499659,139.923712,11,0.201,0.063,9.442,1.5
1424831457329,37.499659,139.923712,11,0.195,0.065,9.457,1.5
1424831457430,37.499659,139.923712,11,0.194,0.075,9.458,1.5
1424831457526,37.499659,139.923712,11,0.191,0.076,9.448,1.5
1424831457625,37.49966,139.923712,11,0.197,0.069,9.445,1.5
1424831457727,37.49966,139.923712,11,0.203,0.065,9.443,1.5
1424831457826,37.49966,139.923712,11,0.205,0.069,9.453,1.5
1424831457928,37.49966,139.923712,11,0.204,0.071,9.448,1.5
1424831458027,37.499661,139.923713,11,0.203,0.069,9.441,1.5
1424831458125,37.499661,139.923713,11,0.192,0.068,9.437,1.5
1424831458225,37.499661,139.923713,11,0.196,0.069,9.442,1.5
1424831458326,37.499662,139.923713,11,0.19,0.072,9.447,1.5
1424831458427,37.499662,139.923713,11,0.195,0.062,9.45,1.5
1424831458528,37.499662,139.923713,11,0.204,0.059,9.446,1.5
1424831458628,37.499662,139.923713,11,0.203,0.065,9.443,1.5
1424831458730,37.499661,139.923713,11,0.212,0.067,9.435,1.5
1424831458825,37.499661,139.923713,11,0.205,0.065,9.451,1.5
1424831458925,37.499661,139.923713,11,0.199,0.067,9.452,1.5
1424831459026,37.499661,139.923713,11,0.191,0.069,9.448,1.5
1424831459127,37.499661,139.923713,11,0.191,0.075,9.449,1.5
1424831459227,37.49966,139.923713,11,0.194,0.073,9.447,1.5
1424831459328,37.49966,139.923713,11,0.202,0.065,9.451,1.5
1424831459429,37.49966,139.923713,11,0.201,0.07,9.447,1.5
1424831459525,37.49966,139.923713,11,0.196,0.07,9.436,1.5
1424831459625,37.49966,139.923713,11,0.197,0.069,9.437,1.5
1424831459726,37.49966,139.923713,11,0.195,0.068,9.45,1.5
1424831459827,37.49966,139.923713,11,0.195,0.062,9.442,1.5
1424831459927,37.49966,139.923713,11,0.195,0.071,9.444,1.5
1424831460028,37.499661,139.923714,11,0.198,0.071,9.437,1.5
1424831460129,37.499661,139.923714,11,0.192,0.061,9.441,1.5
1424831460225,37.499661,139.923714,11,0.192,0.058,9.445,1.5
1424831460325,37.499661,139.923714,11,0.194,0.063,9.444,1.5
1424831460426,37.499661,139.923714,11,0.198,0.069,9.446,1.5
1424831460527,37.499661,139.923714,10,0.202,0.063,9.439,1.5
1424831460627,37.499661,139.923714,10,0.2,0.06,9.436,1.5
1424831460728,37.499661,139.923713,10,0.199,0.063,9.44,1.5
1424831460829,37.499661,139.923713,10,0.196,0.069,9.456,1.5
1424831460930,37.499661,139.923713,10,0.203,0.068,9.458,1.5
1424831461025,37.499662,139.923713,10,0.201,0.062,9.446,1.5
1424831461126,37.499662,139.923713,10,0.201,0.063,9.44,1.5
1424831461227,37.499662,139.923712,10,0.199,0.065,9.446,1.5
1424831461327,37.499662,139.923712,10,0.2,0.071,9.446,1.5
1424831461428,37.499662,139.923712,10,0.194,0.067,9.446,1.5
1424831461529,37.499662,139.923712,10,0.196,0.066,9.446,1.5
1424831461629,37.499662,139.923712,10,0.201,0.07,9.444,1.5
1424831461725,37.499662,139.923712,10,0.193,0.07,9.449,1.5
1424831461826,37.499662,139.923712,10,0.194,0.071,9.456,1.5
1424831461926,37.499662,139.923712,10,0.196,0.07,9.452,1.5
1424831462027,37.499662,139.923713,10,0.196,0.072,9.449,1.5
1424831462128,37.499662,139.923713,10,0.199,0.067,9.44,1.5
1424831462229,37.499662,139.923713,10,0.2,0.071,9.445,1.5
1424831462329,37.499662,139.923713,10,0.191,0.069,9.447,1.5
1424831462425,37.499662,139.923713,10,0.191,0.068,9.444,1.5
1424831462526,37.499662,139.923713,10,0.197,0.066,9.447,1.5
1424831462626,37.499662,139.923713,10,0.194,0.065,9.447,1.5
1424831462727,37.499662,139.923713,10,0.207,0.064,9.454,1.5
1424831462828,37.499662,139.923713,10,0.209,0.064,9.446,1.5
1424831462929,37.499662,139.923713,10,0.203,0.062,9.449,1.5
1424831463029,37.499662,139.923713,10,0.194,0.061,9.451,1.5
1424831463125,37.499662,139.923713,10,0.197,0.066,9.453,1.5
1424831463226,37.499662,139.923713,10,0.199,0.064,9.445,1.5
1424831463326,37.499662,139.923713,10,0.208,0.061,9.452,1.5
1424831463427,37.499662,139.923713,10,0.204,0.061,9.456,1.5
1424831463528,37.499662,139.923713,9,0.195,0.066,9.446,1.5
1424831463629,37.499662,139.923713,9,0.196,0.071,9.456,1.5
1424831463729,37.499662,139.923713,9,0.198,0.066,9.448,1.5
1424831463825,37.499662,139.923713,9,0.201,0.061,9.447,1.5
1424831463926,37.499662,139.923713,9,0.199,0.061,9.441,1.5
1424831464026,37.499662,139.923713,9,0.198,0.068,9.451,1.5
1424831464127,37.499662,139.923713,9,0.196,0.067,9.447,1.5
1424831464228,37.499662,139.923713,9,0.196,0.063,9.44,1.5
1424831464328,37.499662,139.923713,9,0.194,0.066,9.447,1.5
1424831464429,37.499662,139.923713,9,0.197,0.068,9.445,1.5
1424831464525,37.499662,139.923713,9,0.196,0.067,9.454,1.5
1424831464625,37.499662,139.923713,9,0.195,0.06,9.442,1.5
1424831464726,37.499662,139.923713,9,0.193,0.061,9.441,1.5
1424831464827,37.499662,139.923713,9,0.188,0.067,9.447,1.5
1424831464928,37.499662,139.923713,9,0.192,0.072,9.447,1.5
1424831465028,37.499662,139.923713,9,0.195,0.07,9.44,1.5
1424831465129,37.499662,139.923713,9,0.199,0.065,9.434,1.5
1424831465225,37.499662,139.923713,9,0.198,0.068,9.444,1.5
1424831465325,37.499662,139.923713,9,0.197,0.072,9.442,1.5
1424831465426,37.499662,139.923713,9,0.196,0.073,9.444,1.5
1424831465527,37.499662,139.923713,9,0.193,0.068,9.447,1.5
1424831465628,37.499662,139.923713,9,0.202,0.063,9.442,1.5
1424831465728,37.499662,139.923713,9,0.203,0.07,9.429,1.5
1424831465829,37.499662,139.923713,9,0.2,0.062,9.435,1.5
1424831465925,37.499662,139.923713,9,0.196,0.04,9.42,1.5
1424831466025,37.499662,139.923713,9,0.2,0.047,9.44,1.5
1424831466126,37.499662,139.923713,9,0.2,0.079,9.438,1.5
1424831466227,37.499662,139.923713,9,0.203,0.121,9.441,1.5
1424831468226,37.499652,139.923722,11,0.205,0.123,9.442,1.52
1424831468326,37.499651,139.923723,11,0.217,0.064,9.448,1.52
1424831468427,37.499649,139.923724,11,0.209,0.021,9.457,1.52
1424831468528,37.499649,139.923724,12,0.192,-0.008,9.444,1.52
1424831468629,37.499649,139.923723,12,0.182,-0.027,9.45,1.52
1424831468729,37.49965,139.923723,12,0.2,-0.038,9.464,1.52
1424831468825,37.49965,139.923723,12,0.212,-0.029,9.465,1.52
1424831468926,37.49965,139.923723,12,0.199,-0.023,9.48,1.52
1424831469026,37.49965,139.923722,12,0.199,-0.011,9.467,1.52
1424831469127,37.49965,139.923722,12,0.191,0.008,9.458,1.52
1424831469228,37.499651,139.923722,12,0.196,0.033,9.456,1.52
1424831469329,37.499651,139.923721,12,0.19,0.064,9.454,1.52
1424831469429,37.499651,139.923721,12,0.179,0.117,9.462,1.52
1424831469525,37.499651,139.923721,12,0.184,0.197,9.479,1.52
1424831469626,37.499651,139.923722,12,0.192,0.266,9.457,1.52
1424831469726,37.499651,139.923722,12,0.186,0.32,9.454,1.52
1424831469827,37.499651,139.923722,12,0.195,0.367,9.444,1.52
1424831469928,37.499651,139.923722,12,0.187,0.41,9.449,1.52
1424831470028,37.499652,139.923723,12,0.183,0.456,9.446,1.52
1424831470129,37.499652,139.923723,12,0.198,0.508,9.436,1.52
1424831470225,37.499652,139.923723,12,0.201,0.562,9.438,1.52
1424831474228,37.49965,139.923747,10,0.201,0.563,9.438,1.68
1424831474329,37.49965,139.923748,10,0.255,0.333,9.448,1.68
1424831474429,37.49965,139.923749,10,0.268,0.146,9.442,1.68
1424831474525,37.49965,139.92375,11,0.258,0.062,9.418,1.68
1424831474626,37.499649,139.923751,11,0.209,0.016,9.428,1.68
1424831474726,37.499649,139.923752,11,0.146,-0.003,9.464,1.68
1424831474827,37.499649,139.923753,11,0.106,-0.021,9.494,1.68
1424831474928,37.499649,139.923754,11,0.116,-0.046,9.493,1.68
1424831475029,37.499648,139.923755,11,0.156,-0.031,9.443,1.68
1424831475129,37.499648,139.923756,11,0.204,-0.036,9.457,1.68
1424831475225,37.499648,139.923757,11,0.232,-0.051,9.499,1.68
1424831475326,37.499647,139.923758,11,0.229,-0.046,9.46,1.68
1424831475426,37.499647,139.923759,11,0.193,-0.012,9.425,1.68
1424831475527,37.499647,139.92376,11,0.176,-0.009,9.444,1.68
1424831475628,37.499646,139.923761,11,0.155,0.005,9.456,1.68
1424831475728,37.499646,139.923762,11,0.14,0.017,9.437,1.68
1424831475829,37.499646,139.923763,11,0.143,0.01,9.447,1.68
1424831475925,37.499646,139.923764,11,0.162,0.039,9.442,1.68
1424831476026,37.499645,139.923765,11,0.172,0.034,9.455,1.68
1424831476126,37.499645,139.923766,11,0.194,0.012,9.469,1.68
1424831476227,37.499645,139.923768,11,0.229,-0.022,9.473,1.68
1424831476328,37.499644,139.923769,11,0.205,-0.056,9.492,1.68
1424831476428,37.499644,139.92377,11,0.175,-0.052,9.437,1.68
1424831476529,37.499644,139.923771,11,0.159,-0.042,9.434,1.68
1424831476625,37.499644,139.923772,11,0.138,-0.037,9.484,1.68
1424831476726,37.499644,139.923774,11,0.112,-0.015,9.452,1.68
1424831476826,37.499644,139.923775,11,0.099,-0.006,9.435,1.68
1424831476927,37.499644,139.923776,11,0.129,-0.004,9.458,1.68
1424831477028,37.499643,139.923778,11,0.164,0.014,9.488,1.68
1424831477128,37.499643,139.923779,11,0.172,0.019,9.45,1.68
1424831477229,37.499643,139.92378,11,0.151,0.006,9.448,1.68
1424831477325,37.499643,139.923781,11,0.164,0.005,9.46,1.68
1424831477425,37.499643,139.923783,11,0.198,0.02,9.422,1.68
1424831477526,37.499643,139.923784,10,0.232,0.023,9.42,1.68
1424831477627,37.499643,139.923785,10,0.216,0.028,9.446,1.68
1424831477728,37.499643,139.923787,10,0.17,0.035,9.468,1.68
1424831477828,37.499643,139.923788,10,0.17,0.037,9.455,1.68
1424831477929,37.499643,139.92379,10,0.207,0.016,9.462,1.68
1424831478025,37.499643,139.923791,10,0.195,0.03,9.459,1.68
1424831478125,37.499643,139.923792,10,0.159,0.044,9.452,1.68
1424831478226,37.499643,139.923794,10,0.151,0.052,9.449,1.68
1424831478327,37.499643,139.923795,10,0.161,0.056,9.467,1.68
1424831478428,37.499643,139.923797,10,0.187,0.043,9.441,1.68
1424831478528,37.499643,139.923798,10,0.188,0.026,9.439,1.68
1424831478629,37.499643,139.9238,10,0.169,-0.026,9.443,1.68
1424831478725,37.499642,139.923801,10,0.158,-0.09,9.46,1.68
1424831478825,37.499642,139.923802,10,0.191,-0.127,9.469,1.68
1424831478926,37.499642,139.923804,10,0.188,-0.151,9.44,1.68
1424831479027,37.499642,139.923805,10,0.144,-0.173,9.46,1.68
1424831479127,37.499642,139.923806,10,0.131,-0.164,9.449,1.68
1424831479228,37.499641,139.923808,10,0.155,-0.16,9.453,1.68
1424831479329,37.499641,139.923809,10,0.176,-0.155,9.459,1.68
1424831479430,37.499641,139.923811,10,0.154,-0.144,9.476,1.68
1424831479525,37.499641,139.923812,10,0.14,-0.13,9.47,1.68
1424831479626,37.499641,139.923813,10,0.131,-0.123,9.46,1.68
1424831479727,37.49964,139.923815,10,0.138,-0.131,9.487,1.68
1424831479827,37.49964,139.923816,10,0.118,-0.117,9.461,1.68
1424831479928,37.49964,139.923818,10,0.101,-0.102,9.474,1.68
1424831480029,37.49964,139.923819,10,0.093,-0.094,9.471,1.68
1424831480130,37.49964,139.923821,10,0.134,-0.068,9.442,1.68
1424831480225,37.499639,139.923822,10,0.16,-0.062,9.465,1.68
1424831480326,37.499639,139.923823,10,0.153,-0.064,9.485,1.68
1424831480427,37.499639,139.923825,10,0.127,-0.054,9.439,1.68
1424831480527,37.499639,139.923826,10,0.116,-0.044,9.473,1.68
1424831480628,37.499639,139.923827,10,0.124,-0.051,9.483,1.68
1424831480729,37.499639,139.923829,10,0.12,-0.028,9.432,1.68
1424831480829,37.499639,139.92383,10,0.115,-0.015,9.443,1.68
1424831480925,37.499639,139.923832,10,0.131,-0.025,9.481,1.68
1424831481026,37.499638,139.923833,10,0.137,-0.035,9.456,1.68
1424831481126,37.499638,139.923834,10,0.142,-0.042,9.441,1.68
1424831481227,37.499638,139.923836,10,0.145,-0.051,9.463,1.68
1424831481328,37.499638,139.923837,10,0.149,-0.053,9.457,1.68
1424831481429,37.499638,139.923839,10,0.141,-0.04,9.433,1.68
1424831481529,37.499638,139.92384,10,0.142,-0.055,9.466,1.68
1424831481625,37.499638,139.923841,10,0.127,-0.054,9.464,1.68
1424831481726,37.499638,139.923843,10,0.118,-0.039,9.435,1.68
1424831481826,37.499638,139.923844,10,0.128,-0.04,9.447,1.68
1424831481927,37.499638,139.923845,10,0.126,-0.042,9.457,1.68
1424831482028,37.499638,139.923847,10,0.126,-0.029,9.442,1.68
1424831482129,37.499638,139.923848,10,0.131,-0.02,9.443,1.68
1424831482229,37.499638,139.923849,10,0.134,-0.028,9.461,1.68
1424831482325,37.499638,139.92385,10,0.133,-0.043,9.463,1.68
1424831482426,37.499638,139.923852,10,0.119,-0.038,9.438,1.68
1424831482526,37.499638,139.923853,10,0.117,-0.038,9.444,1.666
1424831482627,37.499639,139.923854,10,0.132,-0.041,9.461,1.647
1424831482728,37.499639,139.923855,10,0.137,-0.041,9.444,1.628
1424831482828,37.49964,139.923856,10,0.121,-0.032,9.449,1.61
1424831482929,37.49964,139.923857,10,0.116,-0.032,9.455,1.591
1424831483025,37.49964,139.923858,10,0.119,-0.029,9.448,1.574
1424831483126,37.499641,139.923859,10,0.124,-0.024,9.442,1.556
1424831483226,37.499641,139.92386,10,0.121,-0.011,9.451,1.539
1424831483327,37.499642,139.923861,10,0.12,-0.01,9.456,1.521
1424831483428,37.499642,139.923862,10,0.122,-0.009,9.446,1.504
1424831483528,37.499642,139.923862,10,0.118,-0.004,9.444,1.5
1424831483629,37.499643,139.923863,10,0.115,0.056,9.47,1.5
1424831483725,37.499643,139.923863,10,0.117,0.129,9.459,1.5
1424831483825,37.499643,139.923864,10,0.14,0.184,9.42,1.5
1424831483926,37.499643,139.923864,10,0.141,0.209,9.426,1.5
1424831484027,37.499644,139.923864,10,0.135,0.217,9.447,1.5
1424831484128,37.499644,139.923865,10,0.122,0.235,9.435,1.5
1424831484228,37.499644,139.923865,10,0.122,0.24,9.435,1.5
1424831484329,37.499645,139.923866,10,0.122,0.239,9.442,1.5
1424831484425,37.499645,139.923866,10,0.116,0.241,9.449,1.5
1424831484525,37.499645,139.923866,10,0.112,0.247,9.44,1.5
1424831484626,37.499645,139.923867,10,0.126,0.253,9.429,1.5
1424831484727,37.499645,139.923867,10,0.137,0.257,9.427,1.5
1424831484828,37.499645,139.923867,10,0.142,0.254,9.429,1.5
1424831484928,37.499645,139.923867,10,0.159,0.267,9.434,1.5
1424831485029,37.499646,139.923868,10,0.155,0.295,9.434,1.5
1424831485125,37.499646,139.923868,10,0.145,0.313,9.437,1.5
1424831485225,37.499646,139.923868,10,0.138,0.308,9.466,1.5
1424831489228,37.49964,139.92388,10,0.141,0.31,9.468,1.52
1424831489329,37.49964,139.92388,10,0.175,0.204,9.446,1.52
1424831489425,37.49964,139.923881,10,0.182,0.133,9.444,1.52
1424831489526,37.49964,139.923881,10,0.192,0.11,9.425,1.524
1424831489626,37.499639,139.923882,10,0.183,0.106,9.431,1.53
1424831489727,37.499639,139.923883,10,0.188,0.104,9.432,1.536
1424831489828,37.499639,139.923883,10,0.181,0.105,9.461,1.542
1424831489928,37.499639,139.923884,10,0.174,0.115,9.48,1.548
1424831490029,37.499638,139.923884,10,0.185,0.114,9.455,1.554
1424831490125,37.499638,139.923885,10,0.228,0.119,9.443,1.56
1424831490225,37.499638,139.923886,10,0.257,0.12,9.447,1.566
1424831490326,37.499637,139.923886,10,0.268,0.114,9.433,1.572
1424831490427,37.499637,139.923887,10,0.238,0.12,9.434,1.579
1424831490528,37.499637,139.923888,10,0.212,0.137,9.427,1.58
1424831490628,37.499637,139.923888,10,0.201,0.157,9.441,1.58
1424831490729,37.499636,139.923889,10,0.169,0.167,9.444,1.58
1424831490825,37.499636,139.92389,10,0.155,0.19,9.443,1.58
1424831490925,37.499636,139.923891,10,0.171,0.183,9.454,1.58
1424831491026,37.499636,139.923892,10,0.202,0.174,9.456,1.58
1424831491127,37.499636,139.923892,10,0.218,0.157,9.445,1.58
1424831491227,37.499635,139.923893,10,0.219,0.167,9.431,1.58
1424831491328,37.499635,139.923894,10,0.206,0.188,9.416,1.58
1424831491429,37.499635,139.923895,10,0.197,0.215,9.418,1.58
1424831491525,37.499635,139.923896,10,0.199,0.2,9.415,1.58
1424831491625,37.499634,139.923896,10,0.2,0.113,9.421,1.58
1424831491726,37.499634,139.923897,10,0.213,0.027,9.453,1.58
1424831491827,37.499634,139.923898,10,0.228,-0.065,9.497,1.58
1424831491928,37.499634,139.923899,10,0.236,-0.122,9.503,1.58
1424831492028,37.499633,139.9239,10,0.244,-0.134,9.476,1.58
1424831492129,37.499633,139.9239,10,0.14,-0.1,9.44,1.58
1424831492230,37.499633,139.923901,10,0.058,-0.102,9.457,1.58
1424831492325,37.499632,139.923902,10,0.05,-0.113,9.473,1.58
1424831492426,37.499632,139.923903,10,0.115,-0.114,9.467,1.58
1424831492527,37.499632,139.923904,10,0.16,-0.11,9.463,1.58
1424831492627,37.499632,139.923904,10,0.155,-0.079,9.441,1.58
1424831492728,37.499631,139.923905,10,0.176,-0.077,9.438,1.58
1424831492829,37.499631,139.923906,10,0.219,-0.078,9.446,1.58
1424831492929,37.499631,139.923907,10,0.194,-0.039,9.422,1.58
1424831493025,37.499631,139.923908,10,0.154,-0.007,9.443,1.58
1424831493126,37.499631,139.923908,10,0.137,0.01,9.454,1.58
1424831493227,37.49963,139.923909,10,0.152,0.035,9.428,1.58
1424831493327,37.49963,139.92391,10,0.184,0.034,9.443,1.58
1424831493428,37.49963,139.923911,10,0.204,0.031,9.447,1.58
1424831493529,37.49963,139.923912,11,0.19,0.056,9.436,1.58
1424831493629,37.499629,139.923912,11,0.175,0.081,9.427,1.58
1424831493725,37.499629,139.923913,11,0.16,0.101,9.45,1.58
1424831493826,37.499629,139.923914,11,0.158,0.112,9.46,1.58
1424831493926,37.499628,139.923915,11,0.15,0.123,9.462,1.58
1424831494027,37.499628,139.923916,11,0.142,0.146,9.434,1.58
1424831494128,37.499627,139.923916,11,0.144,0.166,9.431,1.58
1424831494229,37.499627,139.923917,11,0.137,0.18,9.466,1.58
1424831494329,37.499626,139.923918,11,0.117,0.199,9.442,1.58
1424831494425,37.499626,139.923919,11,0.099,0.211,9.42,1.58
1424831494526,37.499626,139.92392,11,0.1,0.204,9.449,1.58
1424831494626,37.499625,139.92392,11,0.11,0.206,9.456,1.58
1424831494727,37.499625,139.923921,11,0.107,0.22,9.437,1.58
1424831494828,37.499624,139.923922,11,0.107,0.26,9.427,1.58
1424831494929,37.499624,139.923923,11,0.106,0.345,9.41,1.58
1424831495029,37.499623,139.923924,11,0.128,0.392,9.415,1.58
1424831495125,37.499623,139.923924,11,0.132,0.332,9.408,1.58
1424831495226,37.499622,139.923925,11,0.115,0.238,9.461,1.58
1424831500226,37.49961,139.923948,10,0.113,0.23,9.466,1.58
1424831500325,37.49961,139.923948,10,0.12,0.122,9.468,1.58
1424831500427,37.49961,139.923949,10,0.125,0.074,9.459,1.58
1424831500526,37.49961,139.923949,10,0.16,0.053,9.438,1.58
1424831500629,37.499609,139.92395,10,0.193,0.033,9.435,1.58
1424831500728,37.499609,139.923951,10,0.183,0.016,9.442,1.58
1424831500825,37.499609,139.923951,10,0.145,0.018,9.442,1.58
1424831500926,37.499608,139.923952,10,0.131,0.029,9.446,1.58
1424831501026,37.499608,139.923952,10,0.134,0.076,9.413,1.58
1424831501127,37.499607,139.923953,10,0.101,0.13,9.386,1.58
1424831501228,37.499607,139.923954,10,0.107,0.171,9.366,1.58
1424831501329,37.499606,139.923954,10,0.168,0.074,9.526,1.58
1424831501429,37.499606,139.923955,10,0.157,-0.014,9.6,1.58
1424831501525,37.499606,139.923955,10,0.123,0.022,9.437,1.58
1424831501626,37.499605,139.923956,10,0.183,0.059,9.327,1.58
1424831501726,37.499605,139.923957,10,0.265,0.041,9.418,1.58
1424831501827,37.499604,139.923957,10,0.29,0.008,9.467,1.58
1424831501928,37.499604,139.923958,10,0.259,0.031,9.432,1.58
1424831502028,37.499604,139.923958,10,0.221,0.066,9.4,1.58
1424831502129,37.499603,139.923959,10,0.216,0.066,9.425,1.58
1424831502225,37.499603,139.92396,10,0.208,0.068,9.428,1.58
1424831502326,37.499603,139.92396,10,0.167,0.098,9.422,1.58
1424831502426,37.499602,139.923961,10,0.126,0.134,9.418,1.58
1424831502527,37.499602,139.923961,10,0.124,0.148,9.446,1.58
1424831502628,37.499601,139.923962,10,0.168,0.137,9.464,1.58
1424831502728,37.4996,139.923963,10,0.203,0.126,9.452,1.58
1424831502829,37.4996,139.923963,10,0.191,0.129,9.429,1.58
1424831502925,37.499599,139.923964,10,0.185,0.13,9.417,1.58
1424831503025,37.499599,139.923964,10,0.182,0.134,9.439,1.58
1424831503126,37.499598,139.923965,10,0.15,0.118,9.428,1.58
1424831503227,37.499597,139.923966,10,0.108,0.097,9.43,1.58
1424831503328,37.499597,139.923966,10,0.086,0.112,9.448,1.58
1424831503428,37.499596,139.923967,10,0.093,0.127,9.457,1.58
1424831503529,37.499595,139.923967,11,0.148,0.124,9.443,1.58
1424831503625,37.499595,139.923968,11,0.19,0.124,9.441,1.58
1424831503725,37.499594,139.923968,11,0.195,0.126,9.437,1.58
1424831503826,37.499593,139.923969,11,0.169,0.132,9.437,1.58
1424831503927,37.499593,139.923969,11,0.151,0.159,9.423,1.58
1424831504028,37.499592,139.923969,11,0.148,0.169,9.419,1.58
1424831504128,37.499591,139.92397,11,0.141,0.162,9.433,1.58
1424831504229,37.499591,139.92397,11,0.133,0.185,9.432,1.58
1424831504325,37.49959,139.92397,11,0.124,0.218,9.421,1.58
1424831504425,37.499589,139.923971,11,0.116,0.218,9.458,1.58
1424831504526,37.499588,139.923971,11,0.124,0.215,9.467,1.58
1424831504627,37.499588,139.923972,11,0.13,0.21,9.457,1.58
1424831504727,37.499587,139.923973,11,0.151,0.211,9.452,1.58
1424831504828,37.499586,139.923973,11,0.181,0.21,9.438,1.58
1424831504929,37.499586,139.923974,11,0.225,0.218,9.428,1.58
1424831505030,37.499585,139.923974,11,0.228,0.229,9.423,1.58
1424831505125,37.499584,139.923975,11,0.212,0.232,9.434,1.58
1424831505226,37.499584,139.923976,11,0.207,0.23,9.418,1.58
1424831508227,37.49957,139.923997,10,0.207,0.231,9.416,1.68
1424831508328,37.499569,139.923998,10,0.184,0.187,9.434,1.68
1424831508428,37.499569,139.923999,10,0.166,0.167,9.442,1.68
1424831508529,37.499569,139.923999,12,0.194,0.163,9.428,1.68
1424831508625,37.499568,139.924,12,0.213,0.157,9.437,1.68
1424831508726,37.499568,139.924,12,0.205,0.148,9.436,1.68
1424831508826,37.499567,139.924001,12,0.204,0.153,9.46,1.68
1424831508927,37.499567,139.924001,12,0.232,0.131,9.473,1.68
1424831509028,37.499566,139.924002,12,0.257,0.132,9.439,1.68
1424831509128,37.499566,139.924002,12,0.262,0.141,9.428,1.68
1424831509229,37.499565,139.924003,12,0.27,0.121,9.455,1.68
1424831509325,37.499565,139.924003,12,0.27,0.1,9.455,1.68
1424831509425,37.499564,139.924004,12,0.268,0.091,9.403,1.68
1424831509526,37.499564,139.924005,12,0.25,0.055,9.416,1.68
1424831509627,37.499563,139.924005,12,0.214,0.028,9.456,1.68
1424831509728,37.499562,139.924006,12,0.166,0.036,9.457,1.68
1424831509828,37.499562,139.924007,12,0.162,0.056,9.4,1.68
1424831509929,37.499561,139.924007,12,0.243,0.053,9.433,1.68
1424831510025,37.499561,139.924008,12,0.318,0.042,9.483,1.68
1424831510125,37.49956,139.924009,12,0.292,0.026,9.444,1.68
1424831510226,37.499559,139.924009,12,0.238,0.011,9.43,1.68
1424831510327,37.499559,139.92401,12,0.239,-0.004,9.469,1.68
1424831510427,37.499558,139.924011,12,0.262,-0.011,9.487,1.68
1424831510528,37.499558,139.924012,10,0.223,0.004,9.446,1.68
1424831510629,37.499557,139.924013,10,0.167,0.017,9.477,1.68
1424831510725,37.499557,139.924014,10,0.188,0.029,9.471,1.68
1424831510825,37.499556,139.924015,10,0.243,0.033,9.421,1.68
1424831510926,37.499556,139.924016,10,0.281,0.027,9.433,1.68
1424831511027,37.499556,139.924017,10,0.303,0.012,9.453,1.68
1424831511127,37.499555,139.924018,10,0.291,0.036,9.461,1.68
1424831511228,37.499555,139.924019,10,0.283,0.038,9.453,1.68
1424831511329,37.499554,139.92402,10,0.283,0.025,9.435,1.68
1424831511425,37.499554,139.924021,10,0.25,0.025,9.458,1.68
1424831511525,37.499554,139.924022,10,0.22,0.032,9.435,1.68
1424831511626,37.499553,139.924023,10,0.223,0.036,9.44,1.68
1424831511727,37.499553,139.924024,10,0.238,0.041,9.44,1.68
1424831511827,37.499553,139.924026,10,0.267,0.073,9.431,1.68
1424831511928,37.499553,139.924027,10,0.268,0.089,9.43,1.68
1424831512029,37.499552,139.924028,10,0.289,0.089,9.46,1.68
1424831512129,37.499552,139.924029,10,0.301,0.084,9.442,1.68
1424831512225,37.499552,139.92403,10,0.284,0.092,9.432,1.68
1424831512326,37.499551,139.924032,10,0.266,0.111,9.442,1.68
1424831512426,37.499551,139.924033,10,0.28,0.131,9.447,1.68
1424831512527,37.499551,139.924034,10,0.293,0.13,9.445,1.689
1424831512628,37.499551,139.924036,10,0.297,0.13,9.464,1.701
1424831512729,37.499551,139.924037,10,0.28,0.154,9.448,1.713
1424831512829,37.499551,139.924039,10,0.244,0.177,9.421,1.725
1424831512925,37.499551,139.92404,10,0.221,0.17,9.432,1.736
1424831513026,37.49955,139.924042,10,0.193,0.17,9.439,1.748
1424831513126,37.49955,139.924044,10,0.193,0.189,9.422,1.76
1424831513227,37.49955,139.924045,10,0.218,0.165,9.446,1.773
1424831513328,37.49955,139.924047,10,0.23,0.095,9.466,1.785
1424831513429,37.49955,139.924049,10,0.227,0.014,9.46,1.797
1424831513529,37.49955,139.92405,10,0.196,-0.028,9.466,1.8
1424831513625,37.49955,139.924052,10,0.184,-0.033,9.438,1.8
1424831513726,37.49955,139.924054,10,0.182,-0.02,9.407,1.8
1424831513826,37.49955,139.924055,10,0.192,-0.041,9.449,1.8
1424831513927,37.49955,139.924057,10,0.219,-0.037,9.477,1.8
1424831514028,37.49955,139.924059,10,0.27,-0.03,9.45,1.8
1424831514129,37.49955,139.924061,10,0.265,-0.023,9.44,1.8
1424831514229,37.49955,139.924062,10,0.244,-0.039,9.477,1.8
1424831514325,37.49955,139.924064,10,0.24,-0.052,9.46,1.8
1424831514431,37.49955,139.924066,10,0.263,-0.082,9.465,1.8
1424831514526,37.49955,139.924067,10,0.269,-0.101,9.484,1.8
1424831514625,37.49955,139.924068,10,0.251,-0.099,9.439,1.8
1424831514728,37.49955,139.92407,10,0.213,-0.104,9.414,1.8
1424831514827,37.49955,139.924071,10,0.204,-0.121,9.448,1.8
1424831514925,37.49955,139.924072,10,0.216,-0.155,9.464,1.8
1424831515025,37.49955,139.924073,10,0.202,-0.225,9.454,1.8
1424831515126,37.49955,139.924075,10,0.206,-0.285,9.462,1.8
1424831515226,37.49955,139.924076,10,0.24,-0.313,9.456,1.8
1424831515327,37.49955,139.924077,10,0.27,-0.317,9.424,1.8
1424831515428,37.49955,139.924079,10,0.26,-0.331,9.417,1.8
1424831515528,37.49955,139.92408,10,0.22,-0.38,9.44,1.8
1424831515629,37.49955,139.924081,10,0.233,-0.4,9.483,1.8
1424831515725,37.49955,139.924082,10,0.247,-0.405,9.451,1.8
1424831515825,37.49955,139.924083,10,0.261,-0.407,9.448,1.8
1424831515926,37.49955,139.924085,10,0.275,-0.39,9.455,1.8
1424831516027,37.49955,139.924086,10,0.271,-0.362,9.435,1.8
1424831516128,37.49955,139.924087,10,0.279,-0.34,9.453,1.8
1424831516228,37.49955,139.924088,10,0.274,-0.343,9.458,1.8
1424831516329,37.49955,139.92409,10,0.255,-0.349,9.464,1.8
1424831516425,37.49955,139.924091,10,0.233,-0.353,9.446,1.8
1424831516525,37.49955,139.924092,10,0.217,-0.37,9.435,1.791
1424831516626,37.49955,139.924092,10,0.227,-0.383,9.449,1.778
1424831516727,37.499549,139.924093,10,0.235,-0.387,9.442,1.766
1424831516828,37.499549,139.924094,10,0.235,-0.389,9.451,1.754
1424831516928,37.499549,139.924095,10,0.238,-0.39,9.459,1.742
1424831517029,37.499549,139.924096,10,0.241,-0.39,9.453,1.73
1424831517125,37.499549,139.924096,10,0.254,-0.386,9.447,1.718
1424831517225,37.499548,139.924097,10,0.256,-0.377,9.455,1.706
1424831517326,37.499548,139.924098,10,0.244,-0.369,9.45,1.694
1424831517427,37.499548,139.924099,10,0.233,-0.278,9.485,1.683
1424831517528,37.499548,139.924099,10,0.232,-0.09,9.512,1.665
1424831517628,37.499549,139.924098,10,0.225,0.082,9.447,1.646
1424831517729,37.499549,139.924098,10,0.229,0.163,9.39,1.628
1424831517829,37.499549,139.924098,10,0.228,0.126,9.404,1.609
1424831517925,37.499549,139.924098,10,0.238,0.055,9.429,1.592
1424831518026,37.49955,139.924097,10,0.238,-0.019,9.451,1.574
1424831518127,37.49955,139.924097,10,0.231,-0.035,9.455,1.556
1424831518227,37.49955,139.924097,10,0.225,0.016,9.465,1.538
1424831518328,37.499551,139.924096,10,0.231,0.078,9.465,1.521
1424831518429,37.499551,139.924096,10,0.242,0.09,9.443,1.504
1424831518529,37.499551,139.924096,10,0.241,0.045,9.424,1.5
1424831518625,37.499551,139.924096,10,0.237,0.018,9.455,1.5
1424831518726,37.499552,139.924096,10,0.231,0.02,9.465,1.5
1424831518827,37.499552,139.924096,10,0.236,0.047,9.446,1.5
1424831518927,37.499552,139.924096,10,0.241,0.067,9.457,1.5
1424831519028,37.499552,139.924095,10,0.236,0.065,9.458,1.5
1424831519129,37.499552,139.924095,10,0.236,0.06,9.454,1.5
1424831519229,37.499553,139.924095,10,0.24,0.035,9.441,1.5
1424831519325,37.499553,139.924095,10,0.246,0.033,9.447,1.5
1424831519426,37.499553,139.924095,10,0.241,0.046,9.457,1.5
1424831519526,37.499553,139.924095,10,0.249,0.057,9.444,1.5
1424831519627,37.499553,139.924095,10,0.234,0.05,9.437,1.5
1424831519728,37.499553,139.924095,10,0.234,0.033,9.443,1.5
1424831519829,37.499553,139.924095,10,0.232,0.033,9.456,1.5
1424831519929,37.499553,139.924095,10,0.231,0.05,9.462,1.5
1424831520025,37.499554,139.924095,10,0.244,0.059,9.449,1.5
1424831520126,37.499554,139.924095,10,0.24,0.043,9.438,1.5
1424831520226,37.499554,139.924095,10,0.239,0.037,9.45,1.5
1424831520327,37.499554,139.924095,10,0.237,0.043,9.467,1.5
1424831520428,37.499554,139.924095,10,0.243,0.046,9.448,1.5
1424831520529,37.499554,139.924095,10,0.239,0.048,9.457,1.5
1424831520629,37.499554,139.924095,10,0.241,0.047,9.456,1.5
1424831520725,37.499554,139.924095,10,0.239,0.044,9.445,1.5
1424831520826,37.499554,139.924095,10,0.232,0.039,9.445,1.5
1424831520927,37.499554,139.924095,10,0.235,0.032,9.434,1.5
1424831521027,37.499555,139.924095,10,0.237,0.042,9.452,1.5
1424831521128,37.499555,139.924095,10,0.243,0.043,9.436,1.5
1424831521228,37.499555,139.924095,10,0.24,0.042,9.436,1.5
1424831521329,37.499555,139.924095,10,0.234,0.033,9.432,1.5
1424831521425,37.499555,139.924095,10,0.238,0.046,9.456,1.5
1424831521525,37.499555,139.924095,10,0.239,0.047,9.449,1.5
1424831521626,37.499555,139.924095,10,0.244,0.037,9.43,1.5
1424831521727,37.499555,139.924095,10,0.233,0.045,9.452,1.5
1424831521828,37.499555,139.924095,10,0.237,0.045,9.464,1.5
1424831521928,37.499555,139.924095,10,0.233,0.047,9.456,1.5
1424831522029,37.499555,139.924096,10,0.234,0.04,9.451,1.5
1424831522125,37.499555,139.924096,10,0.231,0.042,9.451,1.5
1424831522225,37.499555,139.924096,10,0.244,0.051,9.452,1.5
1424831522326,37.499555,139.924096,10,0.242,0.047,9.438,1.5
1424831522427,37.499555,139.924096,10,0.239,0.041,9.434,1.5
1424831522528,37.499555,139.924096,10,0.243,0.043,9.46,1.5
1424831522628,37.499555,139.924096,10,0.245,0.054,9.45,1.5
1424831522729,37.499555,139.924096,10,0.245,0.046,9.453,1.5
1424831522825,37.499555,139.924096,10,0.245,0.036,9.443,1.5
1424831522925,37.499555,139.924096,10,0.247,0.043,9.459,1.5
1424831523026,37.499556,139.924097,10,0.245,0.043,9.446,1.5
1424831523127,37.499556,139.924097,10,0.255,0.034,9.441,1.5
1424831523228,37.499556,139.924097,10,0.243,0.035,9.455,1.5
1424831523328,37.499556,139.924097,10,0.247,0.042,9.457,1.5
1424831523429,37.499556,139.924097,10,0.245,0.045,9.455,1.5
1424831523525,37.499556,139.924097,10,0.246,0.036,9.439,1.5
1424831523625,37.499557,139.924097,10,0.243,0.04,9.461,1.5
1424831523726,37.499557,139.924098,10,0.246,0.042,9.452,1.5
1424831523827,37.499557,139.924098,10,0.248,0.05,9.445,1.5
1424831523928,37.499557,139.924098,10,0.247,0.041,9.44,1.5
1424831524028,37.499558,139.924098,10,0.245,0.039,9.445,1.5
1424831524129,37.499558,139.924098,10,0.238,0.042,9.465,1.5
1424831524229,37.499558,139.924099,10,0.247,0.041,9.447,1.5
1424831524325,37.499559,139.924099,10,0.24,0.045,9.439,1.5
1424831524426,37.499559,139.924099,10,0.239,0.04,9.451,1.5
1424831524527,37.499559,139.924099,10,0.239,0.04,9.458,1.5
1424831524627,37.499559,139.924099,10,0.247,0.047,9.446,1.5
1424831524728,37.499559,139.9241,10,0.25,0.041,9.434,1.5
1424831524829,37.499559,139.9241,10,0.247,0.045,9.439,1.5
1424831524929,37.499559,139.9241,10,0.23,0.051,9.441,1.5
1424831525025,37.49956,139.9241,10,0.235,0.048,9.425,1.5
1424831525126,37.49956,139.9241,10,0.238,0.043,9.431,1.5
1424831525226,37.49956,139.924101,10,0.237,0.034,9.443,1.5
1424831525327,37.49956,139.924101,10,0.244,0.045,9.461,1.5
1424831525428,37.49956,139.924101,10,0.248,0.045,9.453,1.5
1424831525529,37.49956,139.924101,10,0.238,0.041,9.439,1.5
1424831525629,37.499561,139.924101,10,0.23,0.045,9.455,1.5
1424831525725,37.499561,139.924101,10,0.237,0.049,9.459,1.5
1424831525826,37.499561,139.924101,10,0.239,0.054,9.447,1.5
1424831525926,37.499562,139.924101,10,0.24,0.047,9.452,1.5
1424831526027,37.499562,139.924102,10,0.238,0.044,9.453,1.5
1424831526128,37.499563,139.924102,10,0.238,0.049,9.459,1.5
1424831526229,37.499563,139.924102,10,0.239,0.044,9.454,1.5
1424831526329,37.499564,139.924102,10,0.252,0.037,9.449,1.5
1424831526425,37.499564,139.924102,10,0.239,0.042,9.454,1.5
1424831526526,37.499564,139.924102,10,0.237,0.055,9.446,1.5
1424831526626,37.499565,139.924102,10,0.239,0.049,9.443,1.5
1424831526727,37.499565,139.924103,10,0.246,0.04,9.435,1.5
1424831526828,37.499565,139.924103,10,0.247,0.048,9.464,1.5
1424831526929,37.499565,139.924103,10,0.252,0.047,9.455,1.5
1424831527030,37.499566,139.924103,10,0.249,0.042,9.432,1.5
1424831527125,37.499566,139.924103,10,0.233,0.036,9.441,1.5
1424831527226,37.499566,139.924104,10,0.24,0.038,9.455,1.5
1424831527326,37.499567,139.924104,10,0.247,0.05,9.454,1.5
1424831527427,37.499567,139.924104,10,0.249,0.049,9.442,1.5
1424831527528,37.499567,139.924104,10,0.248,0.047,9.443,1.5
1424831527628,37.499567,139.924104,10,0.244,0.048,9.451,1.5
1424831527729,37.499568,139.924104,10,0.24,0.052,9.45,1.5
1424831527825,37.499568,139.924104,10,0.249,0.045,9.46,1.5
1424831527925,37.499568,139.924104,10,0.242,0.038,9.464,1.5
1424831528026,37.499568,139.924105,10,0.242,0.047,9.446,1.5
1424831528127,37.499568,139.924105,10,0.241,0.045,9.442,1.5
1424831528228,37.499569,139.924105,10,0.245,0.035,9.439,1.5
1424831528328,37.499569,139.924105,10,0.245,0.048,9.461,1.5
1424831528429,37.499569,139.924105,10,0.25,0.045,9.454,1.5
1424831528530,37.499569,139.924105,10,0.249,0.04,9.432,1.5
1424831528625,37.499569,139.924105,10,0.234,0.044,9.446,1.5
1424831528731,37.49957,139.924106,10,0.233,0.045,9.456,1.5
1424831528827,37.49957,139.924106,10,0.242,0.051,9.459,1.5
1424831528926,37.49957,139.924106,10,0.252,0.044,9.445,1.5
1424831529028,37.49957,139.924106,10,0.241,0.043,9.444,1.5
1424831529127,37.49957,139.924106,10,0.233,0.04,9.455,1.5
1424831529225,37.499571,139.924107,10,0.238,0.041,9.446,1.5
1424831529325,37.499571,139.924107,10,0.25,0.045,9.45,1.5
1424831529426,37.499571,139.924107,10,0.241,0.033,9.438,1.5
1424831529527,37.499571,139.924107,10,0.243,0.044,9.455,1.5
1424831529627,37.499571,139.924107,10,0.25,0.044,9.449,1.5
1424831529728,37.499571,139.924107,10,0.242,0.044,9.436,1.5
1424831529829,37.499571,139.924107,10,0.238,0.046,9.462,1.5
1424831529925,37.499571,139.924107,10,0.242,0.045,9.461,1.5
1424831530025,37.499572,139.924108,10,0.246,0.052,9.447,1.5
1424831530126,37.499572,139.924108,10,0.249,0.043,9.439,1.5
1424831530227,37.499572,139.924108,10,0.257,0.042,9.45,1.5
1424831530327,37.499572,139.924108,10,0.241,0.055,9.463,1.5
1424831530428,37.499572,139.924108,10,0.239,0.048,9.453,1.5
1424831530529,37.499572,139.924108,10,0.24,0.037,9.45,1.5
1424831530625,37.499572,139.924108,10,0.238,0.033,9.446,1.5
1424831530725,37.499572,139.924108,10,0.247,0.04,9.453,1.5
1424831530826,37.499572,139.924108,10,0.249,0.046,9.444,1.5
1424831530927,37.499572,139.924108,10,0.238,0.038,9.441,1.5
1424831531027,37.499573,139.924108,10,0.241,0.051,9.464,1.5
1424831531128,37.499573,139.924108,10,0.243,0.049,9.459,1.5
1424831531229,37.499573,139.924108,10,0.24,0.042,9.436,1.5
1424831531329,37.499573,139.924108,10,0.238,0.043,9.451,1.5
1424831531425,37.499573,139.924108,10,0.233,0.048,9.459,1.5
1424831531526,37.499573,139.924108,10,0.239,0.051,9.455,1.5
1424831531627,37.499573,139.924108,10,0.245,0.042,9.445,1.5
1424831531727,37.499573,139.924108,10,0.253,0.043,9.45,1.5
1424831531828,37.499573,139.924108,10,0.241,0.049,9.46,1.5
1424831531929,37.499573,139.924108,10,0.241,0.053,9.454,1.5
1424831532029,37.499573,139.924109,10,0.238,0.046,9.449,1.5
1424831532125,37.499573,139.924109,10,0.24,0.037,9.443,1.5
1424831532226,37.499573,139.924109,10,0.244,0.048,9.456,1.5
1424831532326,37.499573,139.924109,10,0.238,0.053,9.461,1.5
1424831532427,37.499573,139.924109,10,0.241,0.041,9.44,1.5
1424831532528,37.499573,139.924109,10,0.237,0.038,9.456,1.5
1424831532629,37.499573,139.924109,10,0.245,0.042,9.46,1.5
1424831532729,37.499573,139.924109,10,0.239,0.042,9.443,1.5
1424831532825,37.499573,139.924109,10,0.233,0.042,9.446,1.5
1424831532926,37.499573,139.924109,10,0.235,0.049,9.458,1.5
1424831533026,37.499574,139.924109,10,0.241,0.047,9.45,1.5
1424831533127,37.499574,139.924109,10,0.245,0.033,9.449,1.5
1424831533228,37.499574,139.924109,10,0.252,0.031,9.459,1.5
1424831533329,37.499574,139.924109,10,0.245,0.042,9.459,1.5
1424831533429,37.499574,139.924109,10,0.24,0.035,9.426,1.5
1424831533525,37.499574,139.924109,10,0.241,0.033,9.447,1.5
1424831533626,37.499574,139.924109,10,0.237,0.032,9.45,1.5
1424831533726,37.499574,139.924109,10,0.246,0.044,9.452,1.5
1424831533827,37.499574,139.924109,10,0.26,0.049,9.445,1.5
1424831533928,37.499574,139.924109,10,0.254,0.039,9.447,1.5
1424831534028,37.499574,139.924109,10,0.235,0.054,9.453,1.5
1424831534129,37.499574,139.924109,10,0.246,0.043,9.44,1.5
1424831534225,37.499574,139.924109,10,0.244,0.034,9.435,1.5
1424831534326,37.499574,139.924109,10,0.243,0.037,9.453,1.5
1424831534426,37.499574,139.924109,10,0.257,0.039,9.447,1.5
1424831534527,37.499574,139.924109,10,0.257,0.041,9.442,1.5
1424831534628,37.499574,139.924109,10,0.24,0.043,9.462,1.5
1424831534728,37.499574,139.924109,10,0.242,0.044,9.463,1.5
1424831534829,37.499574,139.924109,10,0.242,0.05,9.456,1.5
1424831534925,37.499574,139.924109,10,0.245,0.04,9.444,1.5
1424831535025,37.499574,139.92411,10,0.251,0.044,9.456,1.5
1424831535126,37.499574,139.92411,10,0.246,0.051,9.457,1.5
1424831535227,37.499574,139.92411,10,0.249,0.05,9.452,1.5
1424831535328,37.499574,139.92411,10,0.249,0.044,9.455,1.5
1424831535428,37.499574,139.92411,10,0.244,0.046,9.466,1.5
1424831535529,37.499574,139.92411,10,0.242,0.052,9.459,1.5
1424831535625,37.499574,139.92411,10,0.242,0.048,9.459,1.5
1424831535725,37.499574,139.92411,10,0.24,0.042,9.442,1.5
1424831535826,37.499574,139.92411,10,0.25,0.056,9.457,1.5
1424831535927,37.499574,139.92411,10,0.249,0.049,9.451,1.5
1424831536028,37.499574,139.92411,10,0.25,0.037,9.437,1.5
1424831536128,37.499574,139.92411,10,0.238,0.039,9.447,1.5
1424831536229,37.499574,139.92411,10,0.244,0.044,9.448,1.5
1424831536325,37.499574,139.92411,10,0.247,0.051,9.445,1.5
1424831536425,37.499574,139.92411,10,0.249,0.036,9.439,1.5
1424831536526,37.499574,139.92411,10,0.242,0.041,9.464,1.5
1424831536627,37.499574,139.92411,10,0.245,0.041,9.46,1.5
1424831536727,37.499574,139.92411,10,0.246,0.038,9.445,1.5
1424831536828,37.499574,139.92411,10,0.24,0.035,9.437,1.5
1424831536929,37.499574,139.92411,10,0.244,0.041,9.449,1.5
1424831537029,37.499575,139.92411,10,0.243,0.047,9.445,1.5
1424831537125,37.499575,139.92411,10,0.245,0.045,9.456,1.5
1424831537226,37.499575,139.92411,10,0.243,0.037,9.442,1.5
1424831537327,37.499575,139.92411,10,0.241,0.049,9.459,1.5
1424831537427,37.499575,139.92411,10,0.237,0.048,9.462,1.5
1424831537528,37.499575,139.92411,10,0.247,0.038,9.449,1.5
1424831537629,37.499575,139.92411,10,0.238,0.05,9.465,1.5
1424831537729,37.499575,139.92411,10,0.25,0.052,9.458,1.5
1424831537825,37.499575,139.92411,10,0.245,0.045,9.45,1.5
1424831537926,37.499575,139.92411,10,0.24,0.024,9.447,1.5
1424831538026,37.499575,139.92411,10,0.248,0.032,9.475,1.5
1424831538127,37.499575,139.92411,10,0.253,0.048,9.459,1.5
1424831538228,37.499575,139.92411,10,0.249,0.04,9.428,1.5
1424831538329,37.499575,139.92411,10,0.238,0.032,9.435,1.5
1424831538429,37.499575,139.92411,10,0.231,0.033,9.448,1.5
1424831538525,37.499575,139.92411,9,0.229,0.037,9.448,1.5
1424831538626,37.499575,139.92411,9,0.246,0.049,9.462,1.5
1424831538726,37.499575,139.92411,9,0.254,0.049,9.452,1.5
1424831538827,37.499575,139.92411,9,0.251,0.052,9.449,1.5
1424831538928,37.499575,139.92411,9,0.247,0.05,9.451,1.5
1424831539029,37.499575,139.92411,9,0.239,0.039,9.436,1.5
1424831539130,37.499575,139.92411,9,0.235,0.048,9.448,1.5
1424831539225,37.499575,139.92411,9,0.256,0.038,9.438,1.5
1424831539326,37.499575,139.92411,9,0.254,0.035,9.431,1.5
1424831539426,37.499575,139.92411,9,0.237,0.032,9.443,1.5
1424831539527,37.499575,139.92411,9,0.24,0.042,9.461,1.5
1424831539628,37.499575,139.92411,9,0.238,0.052,9.454,1.5
1424831539729,37.499575,139.92411,9,0.24,0.046,9.445,1.5
1424831539829,37.499575,139.92411,9,0.247,0.042,9.451,1.5
1424831539925,37.499575,139.92411,9,0.246,0.047,9.456,1.5
1424831540026,37.499575,139.92411,9,0.237,0.049,9.442,1.5
1424831540126,37.499575,139.92411,9,0.229,0.045,9.452,1.5
1424831540227,37.499575,139.92411,9,0.232,0.045,9.452,1.5
1424831540328,37.499575,139.92411,9,0.236,0.053,9.455,1.5
1424831540428,37.499575,139.92411,9,0.24,0.047,9.447,1.5
1424831540529,37.499575,139.92411,9,0.242,0.044,9.45,1.5
1424831540625,37.499575,139.92411,9,0.239,0.046,9.457,1.5
1424831540725,37.499575,139.92411,9,0.237,0.05,9.465,1.5
1424831540826,37.499575,139.92411,9,0.241,0.05,9.448,1.5
1424831540927,37.499575,139.92411,9,0.238,0.05,9.451,1.5
1424831541028,37.499575,139.92411,9,0.236,0.045,9.45,1.5
1424831541128,37.499575,139.92411,9,0.238,0.041,9.442,1.5
1424831541229,37.499575,139.92411,9,0.236,0.047,9.443,1.5
1424831541325,37.499575,139.92411,9,0.233,0.059,9.459,1.5
1424831541425,37.499575,139.92411,9,0.247,0.058,9.455,1.5
1424831541526,37.499575,139.92411,9,0.242,0.047,9.44,1.5
1424831541627,37.499575,139.92411,9,0.234,0.045,9.448,1.5
1424831541728,37.499575,139.92411,9,0.241,0.055,9.447,1.5
1424831541828,37.499575,139.92411,9,0.244,0.063,9.445,1.5
1424831541929,37.499575,139.92411,9,0.241,0.054,9.452,1.5
1424831542025,37.499575,139.92411,9,0.238,0.053,9.454,1.5
1424831542125,37.499575,139.92411,9,0.24,0.06,9.455,1.5
1424831542226,37.499575,139.92411,9,0.237,0.064,9.449,1.5
1424831542327,37.499575,139.92411,9,0.244,0.067,9.463,1.5
1424831542427,37.499575,139.92411,9,0.235,0.071,9.473,1.5
1424831542528,37.499575,139.92411,9,0.241,0.064,9.459,1.5
1424831542629,37.499575,139.92411,9,0.242,0.059,9.452,1.5
1424831542725,37.499575,139.92411,9,0.242,0.057,9.444,1.5
1424831542830,37.499575,139.92411,9,0.246,0.066,9.466,1.5
1424831542926,37.499575,139.92411,9,0.246,0.062,9.465,1.5
1424831543025,37.499575,139.92411,9,0.246,0.051,9.447,1.5
1424831543127,37.499575,139.92411,9,0.235,0.058,9.458,1.5
1424831543226,37.499575,139.92411,9,0.245,0.063,9.456,1.5
1424831543329,37.499575,139.92411,9,0.24,0.062,9.45,1.5
1424831543428,37.499575,139.92411,9,0.242,0.054,9.453,1.5
1424831543525,37.499575,139.92411,9,0.247,0.058,9.466,1.5
1424831543626,37.499575,139.92411,9,0.253,0.061,9.456,1.5
1424831543727,37.499575,139.92411,9,0.248,0.054,9.442,1.5
1424831543827,37.499575,139.92411,9,0.243,0.06,9.452,1.5
1424831543928,37.499575,139.92411,9,0.239,0.063,9.459,1.5
1424831544029,37.499575,139.92411,9,0.24,0.06,9.443,1.5
1424831544129,37.499575,139.92411,9,0.251,0.055,9.448,1.5
1424831544225,37.499575,139.92411,9,0.251,0.054,9.448,1.5
1424831544326,37.499575,139.92411,9,0.253,0.064,9.456,1.5
1424831544427,37.499575,139.92411,9,0.247,0.061,9.46,1.5
1424831544527,37.499575,139.92411,9,0.246,0.058,9.461,1.5
1424831544628,37.499575,139.92411,9,0.234,0.063,9.466,1.5
1424831544729,37.499575,139.92411,9,0.247,0.065,9.456,1.5
1424831544829,37.499575,139.92411,9,0.244,0.055,9.452,1.5
1424831544925,37.499575,139.92411,9,0.236,0.051,9.448,1.5
1424831545026,37.499575,139.92411,9,0.242,0.065,9.462,1.5
1424831545126,37.499575,139.92411,9,0.259,0.066,9.473,1.5
1424831545227,37.499575,139.92411,9,0.25,0.062,9.471,1.5
1424831545328,37.499575,139.92411,9,0.245,0.062,9.476,1.5
1424831545429,37.499575,139.92411,9,0.248,0.061,9.477,1.5
1424831545529,37.499575,139.92411,10,0.249,0.051,9.443,1.5
1424831545625,37.499575,139.92411,10,0.242,0.053,9.46,1.5
1424831545726,37.499575,139.92411,10,0.232,0.046,9.448,1.5
1424831545826,37.499575,139.92411,10,0.245,0.039,9.438,1.5
1424831545927,37.499575,139.92411,10,0.25,0.036,9.442,1.5
1424831546028,37.499575,139.924111,10,0.242,0.045,9.463,1.5
1424831546128,37.499575,139.924111,10,0.234,0.051,9.455,1.5
1424831546229,37.499575,139.924111,10,0.238,0.04,9.455,1.5
1424831546325,37.499575,139.924111,10,0.233,0.037,9.448,1.5
1424831546426,37.499575,139.924111,10,0.233,0.042,9.457,1.5
1424831546526,37.499575,139.924111,10,0.247,0.042,9.443,1.5
1424831546627,37.499575,139.924111,10,0.251,0.04,9.437,1.5
1424831546728,37.499575,139.924111,10,0.232,0.037,9.441,1.5
1424831546828,37.499575,139.924111,10,0.224,0.041,9.455,1.5
1424831546929,37.499575,139.924111,10,0.233,0.049,9.472,1.5
1424831547025,37.499575,139.924111,10,0.241,0.039,9.45,1.5
1424831547126,37.499575,139.924111,10,0.233,0.046,9.446,1.5
1424831547226,37.499575,139.924111,10,0.233,0.035,9.45,1.5
1424831547327,37.499575,139.924111,10,0.235,0.052,9.459,1.5
1424831547428,37.499575,139.924111,10,0.247,0.054,9.456,1.5
1424831547528,37.499575,139.924111,9,0.241,0.039,9.429,1.5
1424831547629,37.499575,139.924111,9,0.233,0.018,9.432,1.5
1424831547725,37.499575,139.924111,9,0.235,0.026,9.464,1.5
1424831547825,37.499575,139.924111,9,0.23,0.048,9.476,1.5
1424831547926,37.499575,139.924111,9,0.272,0.237,9.492,1.5
1424831548027,37.499575,139.924111,9,0.286,0.524,9.444,1.5
1424831548127,37.499575,139.924111,9,0.275,0.844,9.416,1.5
1424831548228,37.499575,139.924111,9,0.225,1.181,9.434,1.5
1424831555227,37.499512,139.924306,10,0.222,1.193,9.435,4.09
1424831555328,37.499511,139.924311,10,0.174,0.675,9.509,4.067
1424831555429,37.499509,139.924315,10,0.143,0.138,9.764,4.045
1424831555525,37.499508,139.924319,11,0.053,-0.047,9.509,4.04
1424831555625,37.499507,139.924323,11,0.046,-0.121,9.304,4.04
1424831555726,37.499506,139.924327,11,-0.049,-0.315,9.766,4.04
1424831555827,37.499504,139.924331,11,0.068,-0.467,9.932,4.04
1424831555927,37.499503,139.924335,11,0.209,-0.398,9.434,4.04
1424831556028,37.499502,139.924339,11,0.299,-0.271,9.153,4.04
1424831556129,37.499501,139.924342,11,0.31,-0.313,9.398,4.04
1424831556225,37.4995,139.924346,11,0.315,-0.446,9.614,4.04
1424831556325,37.499499,139.92435,11,0.284,-0.384,9.436,4.04
1424831556426,37.499497,139.924354,11,0.221,-0.296,9.253,4.04
1424831556527,37.499496,139.924358,11,0.247,-0.247,9.331,4.022
1424831556627,37.499495,139.924362,11,0.17,-0.255,9.524,3.998
1424831556728,37.499494,139.924365,11,0.036,-0.28,9.54,3.975
1424831556829,37.499493,139.924369,11,0.049,-0.304,9.449,3.951
1424831556929,37.499492,139.924373,11,0.085,-0.228,9.419,3.928
1424831557025,37.499491,139.924376,11,0.136,-0.135,9.49,3.906
1424831557131,37.499489,139.92438,11,0.193,-0.14,9.457,3.882
1424831557227,37.499488,139.924383,11,0.213,-0.215,9.363,3.86
1424831557326,37.499487,139.924387,11,0.378,-0.254,9.433,3.838
1424831557428,37.499486,139.92439,11,0.444,-0.138,9.441,3.815
1424831557527,37.499485,139.924393,11,0.296,-0.059,9.378,3.753
1424831557629,37.499484,139.924396,11,0.193,-0.116,9.43,3.678
1424831557725,37.499483,139.924399,11,0.166,-0.143,9.52,3.61
1424831557826,37.499482,139.924402,11,0.13,-0.081,9.395,3.539
1424831557926,37.499482,139.924405,11,0.105,-0.069,9.413,3.47
1424831558027,37.499481,139.924407,11,0.1,-0.096,9.473,3.401
1424831558128,37.49948,139.92441,11,0.077,-0.053,9.409,3.334
1424831558228,37.499479,139.924412,11,0.025,-0.019,9.384,3.269
1424831558329,37.499478,139.924415,11,0.036,-0.015,9.442,3.205
1424831558425,37.499477,139.924417,11,0.097,-0.037,9.508,3.145
1424831558526,37.499476,139.92442,11,0.148,-0.038,9.439,3.114
1424831558626,37.499475,139.924423,11,0.168,0.007,9.384,3.092
1424831558727,37.499474,139.924426,11,0.243,-0.026,9.56,3.07
1424831558828,37.499474,139.924428,11,0.341,-0.055,9.588,3.049
1424831558929,37.499473,139.924431,11,0.322,0.002,9.349,3.028
1424831559029,37.499472,139.924434,11,0.284,0.013,9.324,3.007
1424831559125,37.499471,139.924436,11,0.233,0.02,9.403,2.987
1424831559226,37.49947,139.924439,11,0.192,0.013,9.511,2.966
1424831559326,37.499469,139.924442,11,0.171,0.028,9.477,2.945
1424831559427,37.499468,139.924444,11,0.162,0.034,9.394,2.925
1424831559528,37.499467,139.924447,10,0.161,0.004,9.528,2.902
1424831559628,37.499467,139.92445,10,0.155,-0.034,9.521,2.88
1424831559729,37.499466,139.924452,10,0.167,-0.033,9.399,2.857
1424831559825,37.499465,139.924455,10,0.174,-0.013,9.331,2.835
1424831559926,37.499464,139.924457,10,0.151,-0.05,9.432,2.813
1424831560026,37.499463,139.92446,10,0.195,-0.167,9.581,2.791
1424831560127,37.499463,139.924462,10,0.213,-0.221,9.451,2.769
1424831560228,37.499462,139.924465,10,0.186,-0.253,9.338,2.747
1424831560328,37.499461,139.924467,10,0.156,-0.299,9.493,2.726
1424831560429,37.49946,139.924469,10,0.167,-0.329,9.554,2.704
1424831560525,37.499459,139.924472,11,0.195,-0.347,9.407,2.7
1424831560625,37.499458,139.924474,11,0.247,-0.377,9.355,2.7
1424831560726,37.499458,139.924476,11,0.257,-0.341,9.428,2.7
1424831560827,37.499457,139.924479,11,0.202,-0.359,9.494,2.7
1424831560927,37.499456,139.924481,11,0.108,-0.377,9.485,2.7
1424831561028,37.499455,139.924483,11,0.145,-0.373,9.466,2.7
1424831561129,37.499454,139.924486,11,0.235,-0.369,9.423,2.7
1424831561225,37.499453,139.924488,11,0.224,-0.366,9.409,2.7
1424831561325,37.499452,139.92449,11,0.178,-0.346,9.434,2.7
1424831561426,37.499451,139.924492,11,0.148,-0.351,9.471,2.7
1424831561527,37.49945,139.924494,11,0.121,-0.376,9.494,2.684
1424831561627,37.499449,139.924496,11,0.123,-0.434,9.578,2.663
1424831561728,37.499448,139.924498,11,0.111,-0.343,9.498,2.643
1424831561829,37.499448,139.924499,11,0.124,-0.198,9.309,2.622
1424831561925,37.499447,139.924501,11,0.203,-0.222,9.507,2.603
1424831562025,37.499446,139.924502,11,0.218,-0.173,9.546,2.583
1424831562126,37.499445,139.924504,11,0.171,-0.066,9.375,2.563
1424831562227,37.499444,139.924506,11,0.167,0.014,9.398,2.543
1424831562327,37.499443,139.924507,11,0.17,0.075,9.456,2.524
1424831562428,37.499442,139.924509,11,0.146,0.137,9.484,2.504
1424831562529,37.499441,139.92451,5,0.118,0.256,9.453,2.452
1424831562630,37.49944,139.92451,5,0.122,0.37,9.455,2.391
1424831562725,37.49944,139.924511,5,0.128,0.449,9.476,2.335
1424831562826,37.499439,139.924512,5,0.109,0.517,9.441,2.277
1424831562927,37.499438,139.924513,5,0.099,0.565,9.391,2.221
1424831563027,37.499437,139.924513,5,0.084,0.582,9.453,2.166
1424831563128,37.499436,139.924514,5,0.088,0.599,9.48,2.112
1424831568224,37.499389,139.924617,4,0.112,0.596,9.477,3.13
1424831568229,37.499389,139.924617,4,0.111,0.593,9.472,3.13
1424831568325,37.499388,139.92462,4,0.221,0.397,9.419,3.13
1424831568425,37.499387,139.924623,4,0.227,0.242,9.399,3.13
1424831568526,37.499386,139.924626,4,0.279,0.19,9.48,3.114
1424831568627,37.499386,139.924629,4,0.291,0.183,9.439,3.092
1424831568727,37.499385,139.924632,4,0.238,0.165,9.355,3.07
1424831568828,37.499384,139.924635,4,0.183,0.14,9.508,3.049
1424831568929,37.499384,139.924638,4,0.182,0.176,9.629,3.028
1424831569030,37.499383,139.92464,4,0.204,0.273,9.44,3.006
1424831569125,37.499382,139.924643,4,0.209,0.327,9.346,2.987
1424831569226,37.499382,139.924646,4,0.207,0.302,9.42,2.966
1424831577227,37.499307,139.924984,4,0.213,0.302,9.431,4.74
1424831577328,37.499305,139.92499,4,0.248,0.236,9.137,4.74
1424831577428,37.499304,139.924995,4,0.251,0.134,9.217,4.74
1424831577529,37.499303,139.925,4,0.197,0.046,9.573,4.721
1424831577625,37.499302,139.925004,4,0.157,0.043,9.568,4.699
1424831577726,37.499301,139.925009,4,0.177,-0.045,9.22,4.675
1424831577826,37.499299,139.925014,4,0.319,-0.036,9.321,4.652
1424831577927,37.499298,139.925019,4,0.339,-0.113,9.574,4.629
1424831578028,37.499297,139.925023,4,0.261,0.021,9.383,4.606
1424831578128,37.499296,139.925028,4,0.27,0.156,9.441,4.583
1424831578229,37.499295,139.925033,4,0.257,-0.037,9.567,4.56
1424831578325,37.499293,139.925037,4,0.135,-0.236,9.732,4.538
1424831578425,37.499292,139.925042,4,0.087,-0.113,9.33,4.516
1424831578526,37.499291,139.925047,4,0.22,-0.024,9.225,4.491
1424831578627,37.49929,139.925051,4,0.314,-0.16,9.412,4.467
1424831578728,37.499288,139.925056,4,0.295,-0.374,9.525,4.442
1424831578828,37.499287,139.92506,4,0.264,-0.433,9.742,4.418
1424831578929,37.499286,139.925065,4,0.42,-0.335,9.543,4.393
1424831579025,37.499284,139.925069,4,0.309,-0.308,9.324,4.37
1424831579125,37.499283,139.925074,4,0.234,-0.348,9.34,4.347
1424831579226,37.499282,139.925078,4,0.205,-0.272,9.342,4.323
1424831579327,37.499281,139.925083,4,0.257,-0.212,9.433,4.299
1424831579428,37.499279,139.925087,4,-0.045,-0.238,9.455,4.275
1424831579528,37.499278,139.925091,4,-0.385,-0.268,9.458,4.212
1424831579629,37.499277,139.925095,4,-0.423,-0.246,9.403,4.138
1424831579725,37.499276,139.925099,4,-0.377,-0.253,9.522,4.068
1424831579825,37.499275,139.925102,4,-0.44,-0.26,9.544,3.997
1424831579926,37.499275,139.925106,4,-0.63,-0.236,9.574,3.926
1424831580027,37.499274,139.92511,4,-0.772,-0.165,9.339,3.857
1424831580127,37.499273,139.925113,4,-0.739,-0.192,9.318,3.79
1424831580228,37.499272,139.925117,4,-0.687,-0.277,9.481,3.723
1424831580329,37.499271,139.92512,4,-0.783,-0.225,9.409,3.657
1424831580425,37.49927,139.925123,4,-0.877,-0.238,9.426,3.596
1424831580525,37.49927,139.925126,4,-0.947,-0.251,9.451,3.526
1424831580626,37.499269,139.92513,4,-1.036,-0.307,9.511,3.454
1424831580727,37.499269,139.925133,4,-1.106,-0.326,9.464,3.384
1424831580827,37.499268,139.925136,4,-1.256,-0.322,9.352,3.315
1424831580928,37.499268,139.925139,4,-1.268,-0.572,9.826,3.248
1424831581029,37.499268,139.925142,4,-1.328,-0.662,9.917,3.182
1424831581125,37.499267,139.925144,4,-1.474,-0.343,9.186,3.12
1424831581225,37.499267,139.925147,4,-1.479,-0.159,8.868,3.057
1424831581326,37.499266,139.92515,4,-1.439,-0.362,9.18,2.995
1424831581427,37.499266,139.925152,4,-1.48,-0.563,9.613,2.934
1424831581527,37.499266,139.925155,4,-1.496,-0.519,9.496,2.92
1424831581628,37.499267,139.925159,4,-1.589,-0.488,9.277,2.92
1424831581729,37.499267,139.925162,4,-1.682,-0.678,9.697,2.92
1424831581829,37.499267,139.925165,4,-1.628,-0.677,9.583,2.92
1424831581925,37.499267,139.925168,4,-1.568,-0.475,9.254,2.92
1424831582026,37.499268,139.925171,4,-1.475,-0.289,9.219,2.92
1424831582127,37.499268,139.925175,4,-1.281,-0.226,9.383,2.92
1424831582227,37.499268,139.925178,4,-1.142,-0.347,9.484,2.92
1424831582328,37.499269,139.925181,4,-1.087,-0.409,9.666,2.92
1424831582429,37.499269,139.925184,4,-1.116,-0.292,9.569,2.92
1424831582529,37.49927,139.925187,5,-1.16,-0.169,9.083,2.902
1424831582625,37.499272,139.92519,5,-0.987,-0.065,8.919,2.88
1424831582726,37.499273,139.925192,5,-0.932,-0.162,9.428,2.858
1424831582826,37.499274,139.925195,5,-1.04,-0.205,9.53,2.835
1424831582927,37.499276,139.925198,5,-0.846,-0.115,9.387,2.813
1424831583028,37.499277,139.9252,5,-0.777,-0.157,9.469,2.791
1424831583129,37.499279,139.925203,5,-1.006,-0.332,9.816,2.769
1424831583229,37.49928,139.925205,5,-1.029,-0.14,9.387,2.747
1424831583325,37.499281,139.925208,5,-0.976,0.088,9.151,2.727
1424831583426,37.499283,139.92521,5,-1.018,0.074,9.413,2.705
1424831583527,37.499285,139.925212,5,-1.029,0.083,9.541,2.716
1424831583628,37.499287,139.925214,5,-0.813,0.17,9.343,2.738
1424831583728,37.499289,139.925216,5,-0.518,0.142,9.454,2.759
1424831583828,37.499292,139.925218,5,-0.255,0.12,9.613,2.781
1424831583929,37.499294,139.92522,5,-0.04,0.09,9.552,2.803
1424831584025,37.499297,139.925222,5,0.113,0.176,9.276,2.824
1424831584126,37.499299,139.925224,5,0.062,0.204,9.27,2.847
1424831584226,37.499301,139.925226,5,-0.162,0.193,9.539,2.869
1424831584327,37.499304,139.925228,5,-0.476,0.23,9.565,2.892
1424831584428,37.499306,139.92523,5,-0.517,0.308,9.435,2.915
1424831584528,37.499309,139.925231,5,-0.495,0.334,9.521,2.936
1424831584629,37.499312,139.925232,5,-0.44,0.299,9.48,2.957
1424831584725,37.499315,139.925234,5,-0.408,0.279,9.486,2.976
1424831584826,37.499318,139.925235,5,-0.116,0.23,9.436,2.997
1424831584926,37.499321,139.925237,5,0.232,0.405,9.363,3.018
1424831585027,37.499325,139.925238,5,0.356,0.549,9.423,3.039
1424831585128,37.499328,139.925239,5,0.257,0.498,9.52,3.061
1424831585228,37.499331,139.925241,5,0.139,0.371,9.573,3.082
1424831588224,37.499444,139.925287,5,0.132,0.366,9.576,4.27
1424831588229,37.499444,139.925287,5,0.125,0.361,9.577,4.27
1424831588325,37.499448,139.925289,5,-0.061,0.191,9.432,4.27
1424831588426,37.499452,139.925291,5,-0.153,0.105,9.425,4.27
1424831588527,37.499456,139.925292,5,-0.159,0.137,9.466,4.27
1424831588627,37.499461,139.925294,5,-0.114,0.166,9.491,4.27
1424831588728,37.499465,139.925295,5,-0.096,0.141,9.399,4.27
1424831588829,37.499469,139.925297,5,-0.058,0.112,9.398,4.27
1424831588929,37.499474,139.925298,5,-0.017,0.148,9.444,4.27
1424831589025,37.499478,139.9253,5,0.009,0.214,9.386,4.27
1424831589127,37.499482,139.925301,5,-0.033,0.195,9.462,4.27
1424831589227,37.499486,139.925303,5,-0.076,0.178,9.468,4.27
1424831598225,37.499948,139.925496,4,-0.076,0.176,9.471,6.43
1424831598325,37.499954,139.925499,4,-0.029,0.173,9.403,6.43
1424831598426,37.49996,139.925502,4,-0.1,0.15,9.203,6.43
1424831598527,37.499965,139.925505,4,-0.209,0.05,9.523,6.43
1424831598628,37.49997,139.925508,4,-0.329,-0.092,9.833,6.43
1424831598728,37.499976,139.92551,4,-0.399,0.073,9.317,6.43
1424831598829,37.499981,139.925513,4,-0.327,0.053,9.277,6.43
1424831598925,37.499986,139.925515,4,-0.294,-0.009,9.404,6.43
1424831599025,37.499991,139.925518,4,-0.175,-0.065,9.329,6.43
1424831599126,37.499997,139.925521,4,-0.116,-0.062,9.567,6.43
1424831599227,37.500002,139.925523,4,-0.097,-0.047,9.847,6.43
1424831599328,37.500008,139.925526,4,-0.138,0.021,9.22,6.43
1424831599428,37.500013,139.925528,4,-0.03,0.056,9.149,6.43
1424831599529,37.500018,139.925531,4,0.014,0.063,9.35,6.449
1424831599630,37.500024,139.925535,4,-0.085,0.016,9.777,6.473
1424831599725,37.500029,139.925538,4,-0.085,-0.08,10.078,6.495
1424831599831,37.500035,139.925541,4,0.183,0.262,9.138,6.52
1424831599927,37.50004,139.925544,4,0.067,0.059,9.325,6.543
1424831600026,37.500046,139.925547,4,0.07,-0.102,9.716,6.567
1424831600128,37.500052,139.925551,4,0.198,0.088,9.453,6.592
1424831600227,37.500057,139.925554,4,0.256,0.256,9.281,6.616
1424831600330,37.500063,139.925557,4,0.079,0.365,9.338,6.641
1424831600425,37.500069,139.92556,4,0.103,0.243,9.247,6.664
1424831600526,37.500074,139.925564,4,0.168,0.112,9.455,6.651
1424831600627,37.50008,139.925567,4,0.072,0.228,9.56,6.627
1424831600727,37.500085,139.92557,4,0.034,0.183,9.378,6.603
1424831600828,37.500091,139.925574,4,0.137,0.119,9.375,6.578
1424831600929,37.500097,139.925577,4,0.255,0.055,9.386,6.554
1424831601029,37.500102,139.92558,4,0.242,0.059,9.438,6.53
1424831601125,37.500107,139.925583,4,0.084,0.042,9.675,6.507
1424831601226,37.500113,139.925587,4,0.043,0.158,9.437,6.483
1424831601327,37.500118,139.92559,4,0.086,0.235,9.249,6.459
1424831601427,37.500124,139.925593,4,0.065,0.16,9.458,6.435
1424831601528,37.500129,139.925596,4,-0.187,0.049,9.964,6.448
1424831601629,37.500135,139.9256,4,-0.293,0.106,9.786,6.472
1424831601729,37.50014,139.925603,4,-0.264,0.351,9.315,6.496
1424831601825,37.500145,139.925606,4,-0.181,0.34,9.093,6.519
1424831601926,37.500151,139.925609,4,-0.053,0.186,9.402,6.543
1424831602027,37.500156,139.925612,4,0.176,0.225,9.468,6.567
1424831602127,37.500162,139.925616,4,0.113,0.317,9.42,6.592
1424831602228,37.500168,139.925619,4,-0.099,0.172,9.442,6.616
1424831602329,37.500173,139.925622,4,-0.223,0.113,9.318,6.64
1424831602429,37.500179,139.925625,4,-0.106,0.011,9.396,6.665
1424831602525,37.500184,139.925628,4,0.053,0.069,9.52,6.688
1424831602626,37.50019,139.92563,4,0.043,0.23,9.185,6.712
1424831602726,37.500196,139.925632,4,0.236,0.051,9.594,6.735
1424831602827,37.500202,139.925634,4,-0.03,0.2,9.571,6.759
1424831602928,37.500207,139.925636,4,-0.005,0.207,9.356,6.784
1424831603029,37.500213,139.925639,4,0.115,0.208,9.527,6.808
1424831603129,37.500219,139.925641,4,0.178,0.245,9.476,6.832
1424831603225,37.500225,139.925643,4,0.118,0.268,9.331,6.855
1424831603326,37.500231,139.925645,4,0.127,0.236,9.417,6.88
1424831603426,37.500237,139.925647,4,0.19,0.165,9.452,6.904
1424831603527,37.500242,139.92565,4,0.138,0.206,9.328,6.91
1424831603628,37.500248,139.925652,4,0.113,0.158,9.455,6.91
1424831603728,37.500254,139.925654,4,0.106,0.09,9.438,6.91
1424831603829,37.50026,139.925656,4,0.058,0.123,9.258,6.91
1424831603925,37.500266,139.925658,4,0.093,0.168,9.437,6.91
1424831604025,37.500271,139.925661,4,0.068,0.096,9.472,6.91
1424831604126,37.500277,139.925663,4,0.121,0.085,9.495,6.91
1424831604227,37.500283,139.925665,4,0.14,0.158,9.534,6.91
1424831604328,37.500289,139.925667,4,0.058,0.197,9.468,6.91
1424831604428,37.500295,139.92567,4,0.012,0.155,9.431,6.91
1424831604529,37.500301,139.925672,4,0.017,0.166,9.334,6.91
1424831604625,37.500306,139.925675,4,-0.008,0.147,9.491,6.91
1424831604725,37.500312,139.925678,4,-0.068,0.123,9.536,6.91
1424831604826,37.500318,139.925681,4,-0.031,0.105,9.414,6.91
1424831604927,37.500324,139.925684,4,-0.044,0.132,9.37,6.91
1424831605028,37.50033,139.925687,4,-0.002,0.104,9.433,6.91
1424831605128,37.500335,139.92569,4,0.053,0.053,9.507,6.91
1424831605229,37.500341,139.925693,4,0.074,0.123,9.371,6.91
1424831605325,37.500347,139.925695,4,0.005,0.117,9.434,6.91
1424831605425,37.500353,139.925698,4,-0.166,-0.042,9.733,6.91
1424831605526,37.500358,139.925701,3,-0.284,-0.123,9.838,6.91
1424831605627,37.500364,139.925704,3,-0.12,0.166,9.256,6.91
1424831605727,37.50037,139.925707,3,0.042,0.287,8.969,6.91
1424831605828,37.500376,139.92571,3,0.094,0.123,9.454,6.91
1424831605929,37.500382,139.925713,3,0.135,-0.026,9.769,6.91
1424831606025,37.500388,139.925716,3,0.207,0.244,9.357,6.91
1424831606125,37.500394,139.925719,3,0.033,0.128,9.293,6.91
1424831606226,37.5004,139.925722,3,-0.086,-0.204,9.695,6.91
1424831606327,37.500406,139.925725,3,0.078,-0.228,9.671,6.91
1424831606427,37.500412,139.925728,3,0.177,-0.021,9.415,6.91
1424831606528,37.500417,139.925731,4,0.224,0.072,9.177,6.891
1424831606629,37.500423,139.925734,4,0.225,-0.047,9.26,6.866
1424831606729,37.500428,139.925737,4,0.239,-0.067,9.601,6.842
1424831606825,37.500433,139.92574,4,0.115,-0.018,9.653,6.819
1424831606926,37.500438,139.925743,4,0.003,0.016,9.342,6.795
1424831607026,37.500444,139.925746,4,0.016,0.016,9.235,6.771
1424831607127,37.500449,139.925749,4,0.105,-0.077,9.398,6.747
1424831607228,37.500454,139.925752,4,0.175,-0.027,9.43,6.723
1424831607329,37.50046,139.925755,4,0.166,0.085,9.281,6.699
1424831607429,37.500465,139.925757,4,0.04,0.022,9.479,6.675
1424831607525,37.50047,139.92576,4,-0.078,-0.111,9.637,6.67
1424831607626,37.500474,139.925762,4,-0.165,-0.104,9.486,6.67
1424831607727,37.500479,139.925764,4,-0.117,0.083,9.266,6.67
1424831607827,37.500484,139.925766,4,-0.098,-0.034,9.567,6.67
1424831607928,37.500489,139.925768,4,-0.122,-0.069,9.599,6.67
1424831608029,37.500494,139.92577,4,0.033,0.097,9.217,6.67
1424831608129,37.500499,139.925772,4,0.077,0.091,9.401,6.67
1424831608225,37.500503,139.925774,4,0.097,-0.002,9.572,6.67
1424831608326,37.500508,139.925776,4,0.129,-0.077,9.461,6.67
1424831608426,37.500513,139.925779,4,0.051,0.039,9.318,6.67
1424831608527,37.500518,139.925781,4,-0.124,0.02,9.591,6.67
1424831608628,37.500524,139.925784,4,-0.017,0.067,9.291,6.67
1424831608729,37.500529,139.925787,4,0.037,0.015,9.453,6.67
1424831608829,37.500535,139.92579,4,0.205,0.068,9.381,6.67
1424831608925,37.50054,139.925793,4,0.287,0.069,9.465,6.67
1424831609026,37.500546,139.925796,4,0.179,0.086,9.213,6.67
1424831609126,37.500551,139.925799,4,0.051,-0.083,9.691,6.67
1424831609227,37.500557,139.925802,4,-0.109,-0.184,9.794,6.67
1424831609328,37.500562,139.925805,4,-0.187,-0.028,9.687,6.67
1424831609429,37.500568,139.925808,4,-0.169,0.013,9.533,6.67
1424831609529,37.500573,139.925811,4,-0.074,-0.007,9.438,6.651
1424831609625,37.500579,139.925814,4,0.044,0.036,9.279,6.627
1424831609726,37.500584,139.925817,4,0.115,0.061,9.454,6.603
1424831609827,37.50059,139.92582,4,-0.017,0.105,9.578,6.578
1424831609927,37.500595,139.925823,4,-0.128,0.194,9.382,6.554
1424831610028,37.500601,139.925826,4,-0.064,0.079,9.535,6.53
1424831610128,37.500607,139.925829,4,0.088,-0.019,9.567,6.506
1424831610229,37.500612,139.925832,4,0.148,0.04,9.294,6.482
1424831610325,37.500617,139.925834,4,0.251,0.138,9.157,6.46
1424831610425,37.500623,139.925837,4,0.289,0.129,9.336,6.436
1424831610526,37.500628,139.92584,4,0.183,0.012,9.499,6.391
1424831610627,37.500633,139.925842,4,0.18,0.034,9.393,6.34
1424831610728,37.500638,139.925845,4,0.198,0.044,9.392,6.29
1424831610828,37.500643,139.925847,4,0.227,0.015,9.422,6.24
1424831610929,37.500648,139.92585,4,0.22,-0.026,9.361,6.19
1424831611025,37.500653,139.925852,4,0.283,-0.049,9.397,6.144
1424831611125,37.500658,139.925854,4,0.229,0.019,9.491,6.095
1424831611226,37.500663,139.925857,4,0.068,0.227,9.016,6.046
1424831611327,37.500668,139.925859,4,0.026,0.098,9.346,5.998
1424831611428,37.500673,139.925861,4,0.006,-0.039,9.698,5.95
1424831611528,37.500678,139.925864,4,0.092,0.081,9.434,5.994
1424831611629,37.500684,139.925866,4,0.147,0.207,9.047,6.064
1424831611725,37.500689,139.925868,4,0.418,-0.15,9.824,6.132
1424831611825,37.500695,139.92587,4,0.498,-0.335,9.836,6.204
1424831611926,37.5007,139.925873,4,0.419,0.042,9.108,6.277
1424831612027,37.500706,139.925875,4,0.183,0.289,8.868,6.351
1424831612127,37.500712,139.925877,4,0.106,0.136,9.333,6.425
1424831612228,37.500718,139.92588,4,0.099,-0.083,9.714,6.501
1424831612329,37.500724,139.925882,4,0.24,0.0,9.953,6.577
1424831612425,37.500729,139.925884,4,0.329,0.199,9.409,6.651
1424831612525,37.500735,139.925887,4,0.345,0.175,9.079,6.632
1424831612626,37.500741,139.925889,4,0.498,-0.105,9.192,6.581
1424831612727,37.500747,139.925892,4,0.369,-0.181,9.705,6.531
1424831612827,37.500752,139.925894,4,0.202,0.025,9.704,6.481
1424831612928,37.500758,139.925897,4,0.039,0.216,9.426,6.431
1424831613029,37.500763,139.925899,4,0.007,0.248,9.028,6.382
1424831613130,37.500769,139.925902,4,-0.011,-0.033,9.409,6.333
1424831613225,37.500774,139.925904,4,-0.007,-0.063,9.695,6.287
1424831613326,37.500779,139.925906,4,0.15,-0.039,9.779,6.239
1424831613427,37.500785,139.925908,4,0.156,-0.078,9.719,6.191
1424831613527,37.50079,139.92591,5,-0.142,0.164,9.089,6.18
1424831613628,37.500795,139.925912,5,-0.378,0.082,9.191,6.18
1424831613729,37.500801,139.925914,5,-0.526,0.087,9.495,6.18
1424831613829,37.500806,139.925916,5,-0.539,0.067,9.843,6.18
1424831613930,37.500811,139.925918,5,-0.28,0.081,9.773,6.18
1424831614026,37.500816,139.925919,5,-0.229,0.057,9.772,6.18
1424831614125,37.500821,139.925921,5,-0.155,0.056,9.234,6.18
1424831614227,37.500826,139.925923,5,-0.005,0.265,8.66,6.18
1424831614326,37.500832,139.925925,5,0.097,0.103,9.228,6.18
1424831614429,37.500837,139.925927,5,0.195,0.127,9.778,6.18
1424831614528,37.500842,139.925929,6,0.102,0.195,9.401,6.18
1424831614625,37.500848,139.925931,6,0.128,0.188,9.294,6.18
1424831614726,37.500854,139.925934,6,0.157,0.039,9.536,6.18
1424831614826,37.500859,139.925936,6,0.152,-0.202,9.546,6.18
1424831614927,37.500865,139.925938,6,0.114,-0.157,9.637,6.18
1424831615028,37.500871,139.925941,6,0.268,0.121,9.358,6.18
1424831615128,37.500877,139.925943,6,0.412,0.219,9.167,6.18
1424831615229,37.500882,139.925946,6,0.211,0.246,8.794,6.18
1424831615325,37.500888,139.925948,6,0.287,0.029,9.537,6.18
1424831615426,37.500894,139.92595,6,0.3,-0.159,10.109,6.18
1424831615526,37.500897,139.925952,8,0.174,-0.024,9.893,6.142
1424831615627,37.5009,139.925954,8,0.146,-0.021,9.573,6.092
1424831615728,37.500903,139.925955,8,0.174,-0.044,9.256,6.043
1424831615828,37.500906,139.925957,8,0.141,-0.003,9.047,5.994
1424831615929,37.500909,139.925958,8,-0.013,-0.009,9.277,5.945
1424831616025,37.500911,139.92596,8,-0.063,0.234,9.624,5.899
1424831616126,37.500914,139.925961,8,-0.111,0.223,9.46,5.851
1424831616226,37.500917,139.925963,8,0.166,0.125,9.323,5.804
1424831616327,37.50092,139.925964,8,0.192,-0.074,9.451,5.757
1424831616428,37.500922,139.925966,8,0.143,-0.301,9.721,5.71
1424831616528,37.500925,139.92597,8,0.355,-0.392,10.013,5.64
1424831616629,37.500927,139.925976,8,0.064,-0.1,9.284,5.564
1424831616725,37.500928,139.925981,8,-0.269,0.365,8.45,5.492
1424831616825,37.50093,139.925987,8,-0.331,0.111,9.071,5.419
1424831616926,37.500932,139.925992,8,-0.322,-0.277,10.15,5.345
1424831617027,37.500934,139.925997,8,-0.125,-0.1,9.899,5.273
1424831617128,37.500936,139.926003,8,-0.109,0.23,9.371,5.201
1424831617228,37.500938,139.926008,8,0.019,0.246,9.12,5.131
1424831617329,37.50094,139.926013,8,0.071,-0.0,9.199,5.062
1424831617425,37.500942,139.926018,8,-0.267,-0.2,9.279,4.997
1424831617525,37.500946,139.926021,8,-0.453,0.139,9.568,4.998
1424831617626,37.500951,139.926023,8,-0.481,0.314,9.685,5.021
1424831617727,37.500956,139.926026,8,-0.478,0.155,9.549,5.045
1424831617827,37.500961,139.926028,8,-0.439,-0.005,9.365,5.069
1424831617928,37.500966,139.92603,8,-0.39,0.063,9.115,5.093
1424831618029,37.500971,139.926033,8,-0.353,0.117,9.25,5.118
1424831618125,37.500975,139.926035,8,-0.531,0.067,9.676,5.141
1424831618225,37.500981,139.926038,8,-0.597,0.023,9.569,5.165
1424831618326,37.500986,139.92604,8,-0.59,0.127,9.342,5.19
1424831618427,37.500991,139.926042,8,-0.527,0.114,9.425,5.214
1424831618527,37.500996,139.926044,5,-0.293,0.029,9.633,5.272
1424831618628,37.501002,139.926045,5,-0.073,0.001,9.48,5.341
1424831618729,37.501008,139.926046,5,-0.066,0.19,9.251,5.412
1424831618825,37.501014,139.926048,5,-0.102,0.24,9.398,5.479
1424831618925,37.50102,139.926049,5,-0.342,0.212,9.512,5.55
1424831619026,37.501026,139.92605,5,-0.511,0.243,9.398,5.623
1424831619127,37.501032,139.926052,5,-0.541,0.294,9.37,5.697
1424831619227,37.501039,139.926053,5,-0.469,0.277,9.492,5.771
1424831629228,37.501656,139.926262,7,-0.465,0.269,9.503,7.65
1424831629328,37.501663,139.926262,7,-0.14,0.07,9.725,7.65
1424831629429,37.50167,139.926263,7,-0.151,0.115,10.007,7.65
1424831629525,37.501677,139.926265,6,-0.125,-0.099,10.107,7.668
1424831629626,37.501686,139.926268,6,-0.054,-0.107,9.545,7.692
1424831629726,37.501694,139.926271,6,0.067,-0.18,9.05,7.715
1424831629827,37.501703,139.926274,6,0.273,-0.137,9.249,7.74
1424831629928,37.501711,139.926277,6,0.413,-0.135,9.605,7.764
1424831630028,37.50172,139.92628,6,0.336,-0.109,9.7,7.788
1424831630129,37.501728,139.926283,6,0.243,-0.166,9.527,7.812
1424831630225,37.501737,139.926285,6,0.143,-0.168,9.287,7.835
1424831630325,37.501745,139.926288,6,0.055,-0.162,9.296,7.86
1424831630426,37.501754,139.926291,6,-0.017,-0.111,9.46,7.884
1424831630527,37.501761,139.926293,6,0.054,-0.107,9.577,7.871
1424831630628,37.501767,139.926295,6,0.061,-0.091,9.46,7.847
1424831630728,37.501773,139.926296,6,-0.02,-0.169,9.442,7.823
1424831630829,37.501779,139.926297,6,-0.009,-0.206,9.535,7.798
1424831630925,37.501785,139.926299,6,-0.029,-0.158,9.457,7.775
1424831631025,37.501791,139.9263,6,0.014,-0.072,9.304,7.751
1424831631126,37.501797,139.926302,6,0.089,-0.159,9.32,7.727
1424831631227,37.501803,139.926303,6,0.062,-0.23,9.426,7.703
1424831631327,37.501809,139.926304,6,-0.041,-0.239,9.448,7.679
1424831631428,37.501815,139.926306,6,-0.13,-0.26,9.291,7.655
1424831631529,37.501821,139.926307,6,-0.16,-0.292,9.279,7.669
1424831631625,37.501828,139.926307,6,-0.18,-0.346,9.566,7.691
1424831631725,37.501834,139.926308,6,-0.21,-0.36,9.497,7.715
1424831631826,37.501841,139.926309,6,-0.152,-0.338,9.414,7.739
1424831631927,37.501848,139.92631,6,-0.232,-0.317,9.372,7.764
1424831632027,37.501854,139.926311,6,-0.221,-0.315,9.37,7.788
1424831632128,37.501861,139.926311,6,-0.093,-0.168,9.049,7.812
1424831632229,37.501868,139.926312,6,-0.057,-0.094,8.995,7.836
1424831632329,37.501875,139.926313,6,0.111,-0.377,9.654,7.861
1424831632425,37.501881,139.926314,6,0.12,-0.569,10.125,7.884
1424831632526,37.501887,139.926315,6,0.399,-0.711,10.216,7.871
1424831632627,37.501893,139.926316,6,0.34,-0.487,9.447,7.847
1424831632727,37.501899,139.926318,6,0.376,-0.274,8.915,7.823
1424831632828,37.501905,139.926319,6,0.382,-0.075,9.211,7.798
1424831632929,37.501911,139.92632,6,0.39,0.029,9.56,7.774
1424831633029,37.501916,139.926322,6,0.329,0.04,9.697,7.75
1424831633125,37.501922,139.926323,6,0.446,-0.143,9.409,7.727
1424831633226,37.501927,139.926324,6,0.465,-0.336,9.267,7.703
1424831633327,37.501933,139.926325,6,0.365,-0.427,9.363,7.679
1424831633427,37.501939,139.926327,6,0.235,-0.283,9.329,7.655
1424831633528,37.501944,139.926328,6,0.062,-0.225,9.461,7.59
1424831633629,37.50195,139.926329,6,-0.051,-0.218,9.488,7.512
1424831633729,37.501956,139.92633,6,-0.002,-0.21,9.444,7.436
1424831633825,37.501961,139.926331,6,0.046,-0.188,9.336,7.364
1424831633926,37.501966,139.926332,6,0.084,-0.226,9.628,7.288
1424831634026,37.501972,139.926333,6,0.045,-0.302,9.696,7.215
1424831634127,37.501977,139.926335,6,-0.012,-0.215,9.558,7.141
1424831634228,37.501982,139.926336,6,-0.022,-0.161,9.316,7.068
1424831634329,37.501988,139.926337,6,0.004,-0.129,9.195,6.996
1424831634429,37.501993,139.926338,6,-0.015,-0.193,9.481,6.925
1424831634525,37.501999,139.926341,8,0.069,-0.118,9.355,6.928
1424831634626,37.502006,139.926345,8,0.156,-0.212,9.414,6.953
1424831634726,37.502013,139.926349,8,0.252,-0.552,9.687,6.978
1424831634827,37.50202,139.926353,8,0.355,-0.504,9.5,7.003
1424831634928,37.502027,139.926357,8,0.275,-0.321,9.226,7.028
1424831635028,37.502034,139.926361,8,0.395,-0.125,8.852,7.053
1424831635129,37.502041,139.926365,8,0.295,-0.362,9.496,7.079
1424831635225,37.502048,139.926369,8,0.342,-0.474,10.082,7.103
1424831635326,37.502055,139.926373,8,0.147,-0.266,9.759,7.129
1424831635426,37.502062,139.926377,8,0.356,-0.357,9.573,7.154
1424831635527,37.502069,139.92638,8,0.413,-0.467,9.355,7.121
1424831635628,37.502075,139.926381,8,0.573,-0.587,10.032,7.07
1424831635728,37.502081,139.926383,8,0.404,-0.252,9.407,7.02
1424831635829,37.502087,139.926385,8,0.291,-0.155,9.156,6.97
1424831635925,37.502093,139.926387,8,0.254,-0.178,9.357,6.923
1424831636026,37.502098,139.926389,8,0.151,-0.268,9.454,6.874
1424831636126,37.502104,139.926391,8,0.277,-0.168,9.408,6.825
1424831636227,37.50211,139.926393,8,0.459,-0.037,8.947,6.776
1424831636328,37.502116,139.926395,8,0.28,-0.396,9.309,6.728
1424831636428,37.502122,139.926397,8,0.188,-0.6,9.972,6.68
1424831636529,37.502126,139.926399,8,0.222,-0.488,9.579,6.651
1424831636625,37.502129,139.926401,8,0.138,-0.373,9.345,6.627
1424831636725,37.502132,139.926404,8,0.023,-0.37,9.347,6.603
1424831636826,37.502136,139.926406,8,0.02,-0.507,9.466,6.579
1424831636927,37.502139,139.926409,8,0.07,-0.318,9.434,6.554
1424831637028,37.502143,139.926411,8,0.073,-0.08,9.337,6.53
1424831637128,37.502146,139.926413,8,0.024,-0.153,9.453,6.506
1424831637229,37.50215,139.926416,8,0.107,-0.311,9.473,6.482
1424831637325,37.502153,139.926418,8,0.213,-0.368,9.356,6.46
1424831637425,37.502156,139.92642,8,0.289,-0.273,9.229,6.436
1424831637526,37.502161,139.926423,8,0.166,-0.296,9.421,6.43
1424831637627,37.502167,139.926425,8,0.155,-0.456,9.668,6.43
1424831637727,37.502173,139.926427,8,0.302,-0.366,9.553,6.43
1424831637828,37.502179,139.926429,8,0.451,-0.442,9.548,6.43
1424831637929,37.502185,139.926432,8,0.456,-0.386,9.615,6.43
1424831638025,37.50219,139.926434,8,0.435,-0.459,9.522,6.43
1424831638125,37.502196,139.926436,8,0.523,-0.307,9.086,6.43
1424831638226,37.502202,139.926438,8,0.342,-0.253,9.228,6.43
1424831638327,37.502208,139.92644,8,0.119,-0.258,9.552,6.43
1424831638427,37.502214,139.926442,8,-0.004,-0.287,9.545,6.43
1424831638528,37.502218,139.926444,7,0.008,-0.206,9.307,6.39
1424831638629,37.502223,139.926445,7,0.02,-0.223,9.481,6.339
1424831638729,37.502227,139.926447,7,-0.041,-0.336,9.42,6.289
1424831638825,37.502231,139.926448,7,0.097,-0.397,9.545,6.242
1424831638926,37.502235,139.926449,7,0.083,-0.47,9.697,6.192
1424831639026,37.50224,139.926451,7,0.094,-0.208,9.272,6.143
1424831639127,37.502244,139.926452,7,0.098,-0.259,9.234,6.094
1424831639228,37.502248,139.926453,7,-0.034,-0.271,9.436,6.045
1424831639329,37.502252,139.926454,7,-0.099,-0.212,9.592,5.997
1424831639429,37.502256,139.926456,7,0.012,-0.128,9.336,5.95
1424831639525,37.502261,139.926457,7,0.128,-0.068,9.376,5.94
1424831639626,37.502266,139.926459,7,0.137,-0.14,9.557,5.94
1424831639726,37.502271,139.92646,7,0.219,-0.211,9.616,5.94
1424831639827,37.502276,139.926462,7,0.468,-0.17,9.257,5.94
1424831639928,37.502281,139.926464,7,0.518,-0.216,9.514,5.94
1424831640029,37.502287,139.926465,7,0.177,-0.075,9.342,5.94
1424831640129,37.502292,139.926467,7,0.166,-0.102,9.306,5.94
1424831640225,37.502297,139.926468,7,0.276,-0.124,9.474,5.94
1424831640326,37.502302,139.92647,7,0.224,-0.179,9.567,5.94
1424831640426,37.502307,139.926472,7,0.088,-0.282,9.97,5.94
1424831640527,37.502311,139.926474,6,0.123,-0.408,9.745,5.921
1424831640628,37.502315,139.926476,6,0.363,-0.253,9.225,5.897
1424831640729,37.502319,139.926478,6,0.25,-0.428,9.272,5.872
1424831640829,37.502323,139.92648,6,0.093,-0.454,9.791,5.848
1424831640925,37.502327,139.926483,6,0.019,-0.444,9.551,5.825
1424831641026,37.502331,139.926485,6,0.066,-0.365,9.224,5.801
1424831641126,37.502335,139.926487,6,-0.02,-0.457,9.559,5.777
1424831641227,37.502338,139.926489,6,-0.15,-0.576,9.823,5.753
1424831641328,37.502342,139.926491,6,-0.212,-0.532,9.329,5.729
1424831641429,37.502346,139.926494,6,-0.019,-0.56,9.334,5.705
1424831641529,37.502351,139.926495,6,0.051,-0.541,9.395,5.64
1424831641625,37.502355,139.926497,6,0.168,-0.717,9.698,5.567
1424831641726,37.502359,139.926498,6,0.172,-0.787,9.542,5.492
1424831641826,37.502364,139.926499,6,0.086,-0.678,9.263,5.418
1424831641927,37.502368,139.926501,6,0.05,-0.655,9.354,5.344
1424831642028,37.502373,139.926502,6,-0.017,-0.841,9.487,5.272
1424831642128,37.502377,139.926504,6,-0.139,-0.956,9.568,5.201
1424831642229,37.502381,139.926505,6,-0.205,-0.922,9.438,5.131
1424831642330,37.502385,139.926506,6,-0.137,-0.929,9.485,5.061
1424831642425,37.502389,139.926508,6,0.049,-0.893,9.456,4.997
1424831642525,37.502393,139.92651,5,0.17,-0.992,9.475,4.923
1424831642627,37.502398,139.926512,5,0.199,-1.07,9.454,4.846
1424831642726,37.502402,139.926514,5,0.146,-1.043,9.4,4.773
1424831642828,37.502407,139.926516,5,0.067,-1.01,9.452,4.699
1424831642927,37.502411,139.926518,5,-0.005,-1.029,9.549,4.628
1424831643025,37.502415,139.92652,5,-0.053,-1.06,9.527,4.558
1424831643125,37.502419,139.926523,5,-0.129,-1.052,9.472,4.489
1424831643226,37.502423,139.926525,5,-0.188,-0.989,9.455,4.42
1424831643327,37.502427,139.926527,5,-0.125,-0.975,9.533,4.351
1424831643427,37.502431,139.926529,5,-0.083,-0.963,9.567,4.285
1424831643528,37.502434,139.926531,4,-0.069,-0.836,9.493,4.19
1424831643629,37.502436,139.926533,4,-0.062,-0.773,9.423,4.089
1424831643725,37.502439,139.926535,4,-0.078,-0.738,9.383,3.995
1424831643825,37.502441,139.926537,4,-0.044,-0.687,9.446,3.899
1424831643926,37.502443,139.926539,4,-0.095,-0.614,9.399,3.804
1424831644027,37.502445,139.926541,4,-0.124,-0.644,9.498,3.712
1424831644127,37.502447,139.926542,4,-0.142,-0.665,9.507,3.623
1424831644228,37.50245,139.926544,4,-0.136,-0.661,9.443,3.535
1424831644329,37.502452,139.926546,4,-0.14,-0.644,9.449,3.45
1424831644425,37.502454,139.926548,4,-0.136,-0.661,9.503,3.37
1424831644525,37.502456,139.926549,4,-0.128,-0.633,9.493,3.296
1424831644626,37.502458,139.926549,4,-0.149,-0.559,9.294,3.225
1424831644727,37.50246,139.92655,4,-0.162,-0.625,9.435,3.156
1424831644827,37.502462,139.926551,4,-0.153,-0.703,9.624,3.089
1424831644928,37.502465,139.926552,4,-0.141,-0.68,9.519,3.022
1424831645029,37.502467,139.926552,4,-0.14,-0.594,9.421,2.957
1424831645125,37.502469,139.926553,4,-0.146,-0.568,9.43,2.896
1424831645225,37.502471,139.926554,4,-0.116,-0.53,9.491,2.834
1424831645326,37.502473,139.926554,4,-0.072,-0.506,9.465,2.773
1424831645427,37.502475,139.926555,4,-0.086,-0.475,9.424,2.713
1424831645527,37.502476,139.926556,4,-0.096,-0.437,9.45,2.667
1424831645628,37.502478,139.926557,4,-0.077,-0.441,9.448,2.624
1424831645729,37.50248,139.926558,4,-0.073,-0.421,9.389,2.582
1424831645829,37.502482,139.926559,4,-0.064,-0.405,9.397,2.541
1424831645925,37.502483,139.926559,4,-0.081,-0.434,9.45,2.502
1424831646026,37.502485,139.92656,4,-0.138,-0.452,9.48,2.462
1424831646126,37.502487,139.926561,4,-0.166,-0.475,9.526,2.423
1424831646227,37.502488,139.926562,4,-0.14,-0.482,9.504,2.384
1424831646328,37.50249,139.926563,4,-0.118,-0.481,9.42,2.345
1424831646429,37.502492,139.926564,4,-0.113,-0.463,9.39,2.308
1424831646529,37.502493,139.926564,5,-0.106,-0.416,9.48,2.285
1424831646625,37.502495,139.926565,5,-0.087,-0.383,9.537,2.267
1424831646726,37.502496,139.926565,5,-0.043,-0.396,9.492,2.249
1424831646826,37.502498,139.926566,5,-0.016,-0.45,9.414,2.231
1424831646927,37.502499,139.926566,5,-0.058,-0.459,9.406,2.212
1424831647028,37.502501,139.926567,5,-0.114,-0.456,9.468,2.194
1424831647129,37.502502,139.926567,5,-0.114,-0.484,9.495,2.176
1424831647229,37.502504,139.926568,5,-0.074,-0.506,9.474,2.159
1424831647325,37.502505,139.926568,5,-0.076,-0.471,9.402,2.142
1424831647426,37.502507,139.926569,5,-0.121,-0.383,9.392,2.124
1424831647526,37.502508,139.926569,5,-0.122,-0.351,9.445,2.094
1424831647627,37.502509,139.926569,5,-0.046,-0.365,9.514,2.06
1424831647728,37.502511,139.926568,5,0.008,-0.391,9.495,2.026
1424831647828,37.502512,139.926568,5,0.019,-0.394,9.473,1.993
1424831647929,37.502513,139.926568,5,-0.012,-0.384,9.46,1.96
1424831648025,37.502514,139.926568,5,-0.05,-0.372,9.433,1.93
1424831648126,37.502515,139.926568,5,-0.087,-0.371,9.451,1.898
1424831648226,37.502516,139.926567,5,-0.097,-0.388,9.46,1.867
1424831648327,37.502518,139.926567,5,-0.088,-0.391,9.482,1.837
1424831648428,37.502519,139.926567,5,-0.07,-0.387,9.461,1.806
1424831648528,37.50252,139.926567,5,-0.041,-0.369,9.444,1.79
1424831648629,37.502521,139.926566,5,-0.022,-0.364,9.439,1.778
1424831648725,37.502522,139.926566,5,-0.027,-0.374,9.434,1.766
1424831648825,37.502523,139.926566,5,-0.051,-0.365,9.469,1.754
1424831648926,37.502524,139.926566,5,-0.066,-0.371,9.45,1.742
1424831649027,37.502525,139.926565,5,-0.088,-0.364,9.433,1.73
1424831649128,37.502526,139.926565,5,-0.094,-0.354,9.448,1.718
1424831649228,37.502527,139.926565,5,-0.094,-0.327,9.482,1.706
1424831649329,37.502528,139.926564,5,-0.078,-0.32,9.461,1.694
1424831649425,37.502529,139.926564,5,-0.055,-0.329,9.434,1.683
1424831649525,37.502529,139.926563,6,-0.049,-0.33,9.447,1.672
1424831649626,37.502529,139.926562,6,-0.068,-0.336,9.474,1.662
1424831649727,37.502529,139.926561,6,-0.083,-0.333,9.454,1.652
1424831649827,37.502529,139.926561,6,-0.078,-0.352,9.454,1.642
1424831649928,37.502529,139.92656,6,-0.071,-0.374,9.466,1.631
1424831650029,37.502528,139.926559,6,-0.07,-0.36,9.455,1.621
1424831650125,37.502528,139.926558,6,-0.07,-0.365,9.446,1.612
1424831650225,37.502528,139.926557,6,-0.077,-0.378,9.443,1.602
1424831650326,37.502528,139.926556,6,-0.081,-0.371,9.466,1.592
1424831650427,37.502528,139.926555,6,-0.077,-0.376,9.451,1.582
1424831650527,37.502528,139.926555,6,-0.079,-0.379,9.447,1.574
1424831650628,37.502529,139.926555,6,-0.087,-0.381,9.465,1.565
1424831650729,37.502529,139.926555,6,-0.082,-0.373,9.464,1.557
1424831650829,37.50253,139.926555,6,-0.074,-0.362,9.448,1.549
1424831650925,37.50253,139.926555,6,-0.085,-0.297,9.458,1.541
1424831651026,37.50253,139.926556,6,-0.089,-0.151,9.474,1.533
1424831651127,37.502531,139.926556,6,-0.082,0.006,9.438,1.525
1424831651227,37.502531,139.926556,6,-0.067,0.066,9.396,1.517
1424831651328,37.502532,139.926556,6,-0.069,0.039,9.412,1.51
1424831651429,37.502532,139.926556,6,-0.085,-0.022,9.445,1.502
1424831651529,37.502532,139.926556,5,-0.096,-0.078,9.459,1.5
1424831651625,37.502532,139.926556,5,-0.093,-0.078,9.452,1.5
1424831651726,37.502532,139.926556,5,-0.086,-0.037,9.435,1.5
1424831651827,37.502532,139.926556,5,-0.078,0.003,9.433,1.5
1424831651927,37.502532,139.926556,5,-0.078,-0.0,9.43,1.5
1424831652028,37.502533,139.926556,5,-0.08,-0.028,9.438,1.5
1424831652129,37.502533,139.926556,5,-0.089,-0.04,9.45,1.5
1424831652229,37.502533,139.926556,5,-0.086,-0.034,9.459,1.5
1424831652325,37.502533,139.926556,5,-0.083,-0.019,9.453,1.5
1424831652426,37.502533,139.926556,5,-0.083,-0.012,9.444,1.5
1424831652526,37.502533,139.926556,6,-0.084,-0.019,9.448,1.5
1424831652627,37.502533,139.926556,6,-0.084,-0.024,9.444,1.5
1424831652728,37.502533,139.926557,6,-0.088,-0.023,9.45,1.5
1424831652829,37.502533,139.926557,6,-0.08,-0.016,9.456,1.5
1424831652929,37.502533,139.926557,6,-0.08,-0.017,9.457,1.5
1424831653025,37.502534,139.926557,6,-0.083,-0.027,9.458,1.5
1424831653126,37.502534,139.926557,6,-0.082,-0.023,9.457,1.5
1424831653226,37.502534,139.926558,6,-0.083,-0.017,9.441,1.5
1424831653327,37.502534,139.926558,6,-0.088,-0.015,9.445,1.5
1424831653428,37.502534,139.926558,6,-0.081,-0.017,9.438,1.5
1424831653529,37.502534,139.926558,6,-0.077,-0.019,9.437,1.5
1424831653629,37.502534,139.926557,6,-0.079,-0.021,9.452,1.5
1424831653725,37.502534,139.926557,6,-0.077,-0.019,9.444,1.5
1424831653826,37.502534,139.926557,6,-0.077,-0.026,9.439,1.5
1424831653926,37.502534,139.926557,6,-0.083,-0.022,9.442,1.5
1424831654027,37.502533,139.926556,6,-0.084,-0.028,9.445,1.5
1424831654128,37.502533,139.926556,6,-0.084,-0.031,9.446,1.5
1424831654229,37.502533,139.926556,6,-0.08,-0.025,9.44,1.5
1424831654329,37.502533,139.926555,6,-0.087,-0.026,9.443,1.5
1424831654425,37.502533,139.926555,6,-0.089,-0.02,9.449,1.5
1424831654526,37.502533,139.926555,6,-0.09,-0.028,9.453,1.5
1424831654626,37.502533,139.926555,6,-0.087,-0.027,9.447,1.5
1424831654727,37.502533,139.926555,6,-0.08,-0.017,9.451,1.5
1424831654828,37.502533,139.926555,6,-0.08,-0.024,9.453,1.5
1424831654928,37.502533,139.926555,6,-0.074,-0.015,9.455,1.5
1424831655029,37.502533,139.926555,6,-0.072,-0.017,9.454,1.5
1424831655125,37.502533,139.926555,6,-0.077,-0.016,9.456,1.5
1424831655225,37.502533,139.926555,6,-0.085,-0.021,9.449,1.5
1424831655326,37.502533,139.926555,6,-0.091,-0.026,9.448,1.5
1424831655427,37.502533,139.926555,6,-0.084,-0.021,9.449,1.5
1424831655528,37.502533,139.926555,3,-0.08,-0.021,9.45,1.5
1424831655628,37.502533,139.926555,3,-0.073,-0.03,9.462,1.5
1424831655729,37.502533,139.926555,3,-0.076,-0.023,9.465,1.5
1424831655825,37.502533,139.926555,3,-0.082,-0.02,9.457,1.5
1424831655925,37.502533,139.926555,3,-0.088,-0.024,9.448,1.5
1424831656026,37.502533,139.926555,3,-0.083,-0.024,9.453,1.5
1424831656127,37.502533,139.926555,3,-0.082,-0.022,9.448,1.5
1424831656228,37.502533,139.926555,3,-0.076,-0.026,9.448,1.5
1424831656328,37.502533,139.926555,3,-0.076,-0.02,9.45,1.5
1424831656429,37.502533,139.926555,3,-0.084,-0.018,9.453,1.5
1424831656525,37.502533,139.926555,4,-0.09,-0.024,9.447,1.5
1424831656630,37.502533,139.926555,4,-0.084,-0.02,9.452,1.5
1424831656726,37.502533,139.926555,4,-0.083,-0.013,9.453,1.5
1424831656825,37.502533,139.926555,4,-0.079,-0.019,9.458,1.5
1424831656927,37.502533,139.926555,4,-0.076,-0.023,9.46,1.5
1424831657026,37.502534,139.926554,4,-0.082,-0.023,9.456,1.5
1424831657129,37.502534,139.926554,4,-0.088,-0.026,9.449,1.5
1424831657225,37.502534,139.926554,4,-0.083,-0.02,9.456,1.5
1424831657325,37.502534,139.926554,4,-0.085,-0.018,9.453,1.5
1424831657426,37.502534,139.926554,4,-0.083,-0.018,9.461,1.5
1424831657527,37.502534,139.926554,4,-0.076,-0.022,9.456,1.5
1424831657627,37.502535,139.926554,4,-0.081,-0.022,9.451,1.5
1424831657728,37.502535,139.926554,4,-0.089,-0.024,9.446,1.5
1424831657829,37.502536,139.926554,4,-0.083,-0.026,9.449,1.5
1424831657929,37.502536,139.926554,4,-0.083,-0.02,9.454,1.5
1424831658025,37.502536,139.926553,4,-0.086,-0.017,9.459,1.5
1424831658126,37.502537,139.926553,4,-0.081,-0.024,9.458,1.5
1424831658227,37.502537,139.926553,4,-0.079,-0.024,9.448,1.5
1424831658327,37.502538,139.926553,4,-0.084,-0.021,9.452,1.5
1424831658428,37.502538,139.926553,4,-0.081,-0.022,9.458,1.5
1424831658529,37.502538,139.926553,5,-0.083,-0.022,9.455,1.5
1424831658629,37.502538,139.926553,5,-0.089,-0.023,9.458,1.5
1424831658725,37.502538,139.926553,5,-0.076,-0.022,9.457,1.5
1424831658826,37.502538,139.926553,5,-0.073,-0.022,9.449,1.5
1424831658927,37.502538,139.926553,5,-0.085,-0.018,9.459,1.5
1424831659027,37.502537,139.926554,5,-0.081,-0.023,9.457,1.5
1424831659128,37.502537,139.926554,5,-0.085,-0.018,9.455,1.5
1424831659229,37.502537,139.926554,5,-0.085,-0.016,9.457,1.5
1424831659329,37.502537,139.926554,5,-0.078,-0.026,9.456,1.5
1424831659425,37.502537,139.926554,5,-0.077,-0.029,9.453,1.5
1424831659526,37.502537,139.926554,5,-0.082,-0.018,9.455,1.5
1424831659626,37.502537,139.926554,5,-0.084,-0.018,9.456,1.5
1424831659727,37.502538,139.926554,5,-0.085,-0.024,9.444,1.5
1424831659828,37.502538,139.926554,5,-0.081,-0.019,9.451,1.5
1424831659929,37.502538,139.926554,5,-0.08,-0.018,9.452,1.5
1424831660029,37.502538,139.926554,5,-0.079,-0.022,9.447,1.5
1424831660125,37.502538,139.926554,5,-0.089,-0.019,9.443,1.5
1424831660226,37.502539,139.926554,5,-0.089,-0.024,9.45,1.5
1424831660326,37.502539,139.926554,5,-0.088,-0.025,9.434,1.5
1424831660427,37.502539,139.926554,5,-0.087,-0.02,9.449,1.5
1424831660528,37.502539,139.926554,4,-0.082,-0.019,9.45,1.5
1424831660628,37.502539,139.926554,4,-0.075,-0.023,9.448,1.5
1424831660729,37.502539,139.926554,4,-0.084,-0.017,9.45,1.5
1424831660825,37.502539,139.926554,4,-0.086,-0.018,9.452,1.5
1424831660926,37.502539,139.926554,4,-0.093,-0.023,9.435,1.5
1424831661026,37.50254,139.926554,4,-0.085,-0.017,9.446,1.5
1424831661127,37.50254,139.926554,4,-0.082,-0.014,9.451,1.5
1424831661228,37.50254,139.926554,4,-0.078,-0.022,9.452,1.5
1424831661328,37.50254,139.926554,4,-0.082,-0.015,9.458,1.5
1424831661429,37.50254,139.926554,4,-0.086,-0.016,9.463,1.5
1424831661525,37.50254,139.926554,4,-0.088,-0.02,9.446,1.5
1424831661625,37.50254,139.926554,4,-0.084,-0.018,9.458,1.5
1424831661726,37.50254,139.926554,4,-0.08,-0.027,9.459,1.5
1424831661827,37.50254,139.926554,4,-0.077,-0.023,9.458,1.5
1424831661928,37.50254,139.926554,4,-0.082,-0.013,9.447,1.5
1424831662028,37.50254,139.926555,4,-0.086,-0.02,9.452,1.5
1424831662129,37.50254,139.926555,4,-0.09,-0.024,9.443,1.5
1424831662225,37.50254,139.926555,4,-0.088,-0.018,9.45,1.5
1424831662325,37.50254,139.926555,4,-0.083,-0.017,9.454,1.5
1424831662426,37.50254,139.926555,4,-0.077,-0.02,9.467,1.5
1424831662527,37.50254,139.926555,4,-0.082,-0.018,9.459,1.5
1424831662628,37.50254,139.926555,4,-0.081,-0.021,9.461,1.5
1424831662728,37.50254,139.926555,4,-0.087,-0.025,9.443,1.5
1424831662829,37.50254,139.926555,4,-0.09,-0.017,9.451,1.5
1424831662925,37.50254,139.926555,4,-0.089,-0.019,9.459,1.5
1424831663025,37.50254,139.926554,4,-0.083,-0.023,9.453,1.5
1424831663126,37.50254,139.926554,4,-0.086,-0.015,9.454,1.5
1424831663227,37.50254,139.926554,4,-0.085,-0.012,9.455,1.5
1424831663327,37.50254,139.926554,4,-0.084,-0.025,9.448,1.5
1424831663428,37.50254,139.926554,4,-0.083,-0.018,9.454,1.5
1424831663529,37.50254,139.926554,4,-0.085,-0.018,9.46,1.5
1424831663625,37.50254,139.926554,4,-0.076,-0.023,9.45,1.5
1424831663725,37.50254,139.926554,4,-0.074,-0.022,9.452,1.5
1424831663826,37.50254,139.926554,4,-0.08,-0.019,9.459,1.5
1424831663927,37.50254,139.926554,4,-0.08,-0.022,9.45,1.5
1424831664027,37.50254,139.926554,4,-0.09,-0.016,9.451,1.5
1424831664128,37.50254,139.926554,4,-0.087,-0.017,9.452,1.5
1424831664229,37.50254,139.926554,4,-0.083,-0.023,9.45,1.5
1424831664330,37.50254,139.926554,4,-0.084,-0.024,9.45,1.5
1424831664425,37.50254,139.926554,4,-0.083,-0.02,9.452,1.5
1424831664526,37.50254,139.926554,3,-0.084,-0.018,9.451,1.5
1424831664627,37.50254,139.926554,3,-0.088,-0.018,9.448,1.5
1424831664727,37.50254,139.926554,3,-0.087,-0.018,9.455,1.5
1424831664828,37.50254,139.926554,3,-0.086,-0.017,9.456,1.5
1424831664929,37.50254,139.926554,3,-0.082,-0.023,9.445,1.5
1424831665029,37.50254,139.926554,3,-0.082,-0.02,9.437,1.5
1424831665125,37.50254,139.926554,3,-0.082,-0.015,9.442,1.5
1424831665226,37.50254,139.926554,3,-0.083,-0.016,9.439,1.5
1424831665327,37.50254,139.926554,3,-0.085,-0.019,9.446,1.5
1424831665427,37.50254,139.926554,3,-0.087,-0.018,9.44,1.5
1424831665528,37.50254,139.926554,3,-0.082,-0.026,9.428,1.5
1424831665629,37.50254,139.926554,3,-0.08,-0.025,9.427,1.5
1424831665729,37.50254,139.926554,3,-0.083,-0.019,9.433,1.5
1424831665825,37.50254,139.926554,3,-0.086,-0.02,9.445,1.5
1424831665926,37.50254,139.926554,3,-0.084,-0.024,9.447,1.5
1424831666026,37.50254,139.926554,3,-0.087,-0.019,9.443,1.5
1424831666127,37.50254,139.926554,3,-0.086,-0.025,9.431,1.5
1424831666228,37.50254,139.926554,3,-0.087,-0.025,9.432,1.5
1424831666329,37.50254,139.926554,3,-0.091,-0.015,9.443,1.5
1424831666429,37.50254,139.926554,3,-0.085,-0.02,9.444,1.5
1424831666525,37.50254,139.926554,3,-0.082,-0.023,9.452,1.5
1424831666626,37.50254,139.926554,3,-0.081,-0.017,9.447,1.5
1424831666726,37.50254,139.926554,3,-0.083,-0.021,9.435,1.5
1424831666827,37.50254,139.926554,3,-0.085,-0.025,9.436,1.5
1424831666928,37.50254,139.926554,3,-0.087,-0.02,9.45,1.5
1424831667028,37.50254,139.926554,3,-0.086,-0.019,9.448,1.5
1424831667129,37.50254,139.926554,3,-0.083,-0.02,9.453,1.5
1424831667225,37.50254,139.926554,3,-0.081,-0.019,9.449,1.5
1424831667326,37.50254,139.926554,3,-0.087,-0.022,9.436,1.5
1424831667426,37.50254,139.926554,3,-0.082,-0.025,9.437,1.5
1424831667527,37.50254,139.926554,3,-0.08,-0.024,9.451,1.5
1424831667628,37.50254,139.926554,3,-0.086,-0.029,9.448,1.5
1424831667728,37.50254,139.926554,3,-0.082,-0.025,9.452,1.5
1424831667829,37.50254,139.926554,3,-0.083,-0.023,9.441,1.5
1424831667925,37.50254,139.926554,3,-0.083,-0.02,9.445,1.5
1424831668025,37.50254,139.926554,3,-0.081,-0.024,9.449,1.5
1424831668126,37.50254,139.926554,3,-0.075,-0.025,9.455,1.5
1424831668227,37.50254,139.926554,3,-0.079,-0.031,9.454,1.5
1424831668328,37.50254,139.926554,3,-0.077,-0.028,9.466,1.5
1424831668428,37.50254,139.926554,3,-0.076,-0.029,9.453,1.5
1424831668529,37.50254,139.926554,3,-0.079,-0.027,9.449,1.5
1424831668625,37.50254,139.926554,3,-0.082,-0.027,9.447,1.5
1424831668725,37.50254,139.926554,3,-0.081,-0.024,9.448,1.5
1424831668826,37.50254,139.926554,3,-0.083,-0.023,9.436,1.5
1424831668927,37.50254,139.926554,3,-0.086,-0.022,9.448,1.5
1424831669027,37.50254,139.926554,3,-0.078,-0.023,9.437,1.5
1424831669128,37.50254,139.926554,3,-0.08,-0.023,9.438,1.5
1424831669229,37.50254,139.926554,3,-0.087,-0.028,9.437,1.5
1424831669325,37.50254,139.926554,3,-0.081,-0.027,9.446,1.5
1424831669425,37.50254,139.926554,3,-0.084,-0.022,9.44,1.5
1424831669526,37.50254,139.926554,3,-0.085,-0.024,9.439,1.5
1424831669627,37.50254,139.926554,3,-0.082,-0.023,9.432,1.5
1424831669727,37.50254,139.926554,3,-0.077,-0.017,9.438,1.5
1424831669828,37.50254,139.926554,3,-0.081,-0.023,9.437,1.5
1424831669929,37.50254,139.926554,3,-0.085,-0.025,9.441,1.5
1424831670030,37.50254,139.926554,3,-0.084,-0.021,9.435,1.5
1424831670125,37.50254,139.926554,3,-0.084,-0.02,9.439,1.5
1424831670226,37.50254,139.926554,3,-0.083,-0.023,9.439,1.5
1424831670327,37.50254,139.926554,3,-0.08,-0.02,9.44,1.5
1424831670427,37.50254,139.926554,3,-0.078,-0.026,9.44,1.5
1424831670528,37.50254,139.926554,3,-0.079,-0.025,9.445,1.5
1424831670629,37.50254,139.926554,3,-0.073,-0.02,9.44,1.5
1424831670729,37.50254,139.926554,3,-0.085,-0.024,9.447,1.5
1424831670825,37.50254,139.926554,3,-0.096,-0.024,9.447,1.5
1424831670931,37.50254,139.926554,3,-0.093,-0.025,9.44,1.5
1424831671027,37.50254,139.926554,3,-0.089,-0.028,9.446,1.5
1424831671126,37.50254,139.926554,3,-0.079,-0.025,9.447,1.5
1424831671228,37.50254,139.926554,3,-0.075,-0.018,9.445,1.5
1424831671327,37.50254,139.926554,3,-0.081,-0.019,9.444,1.5
1424831671429,37.50254,139.926554,3,-0.091,-0.02,9.451,1.5
1424831671525,37.50254,139.926554,3,-0.094,-0.028,9.452,1.5
1424831671626,37.50254,139.926554,3,-0.088,-0.033,9.449,1.5
1424831671726,37.50254,139.926554,3,-0.082,-0.029,9.435,1.5
1424831671827,37.50254,139.926554,3,-0.078,-0.02,9.441,1.5
1424831671928,37.50254,139.926554,3,-0.082,-0.028,9.433,1.5
1424831672029,37.50254,139.926554,3,-0.089,-0.025,9.451,1.5
1424831672129,37.50254,139.926554,3,-0.088,-0.016,9.45,1.5
1424831672225,37.50254,139.926554,3,-0.085,-0.021,9.442,1.5
1424831672326,37.50254,139.926554,3,-0.08,-0.034,9.434,1.5
1424831672426,37.50254,139.926554,3,-0.076,-0.026,9.443,1.5
1424831672527,37.50254,139.926554,3,-0.076,-0.018,9.44,1.5
1424831672628,37.50254,139.926554,3,-0.082,-0.024,9.444,1.5
1424831672729,37.50254,139.926554,3,-0.086,-0.024,9.448,1.5
1424831672829,37.50254,139.926554,3,-0.091,-0.02,9.428,1.5
1424831672925,37.50254,139.926554,3,-0.089,-0.022,9.429,1.5
1424831673026,37.50254,139.926554,3,-0.085,-0.017,9.451,1.5
1424831673126,37.50254,139.926554,3,-0.081,-0.023,9.443,1.5
1424831673227,37.50254,139.926554,3,-0.084,-0.025,9.453,1.5
1424831673328,37.50254,139.926554,3,-0.085,-0.021,9.453,1.5
1424831673428,37.50254,139.926554,3,-0.087,-0.02,9.435,1.5
1424831673529,37.50254,139.926554,3,-0.09,-0.024,9.44,1.5
1424831673625,37.50254,139.926554,3,-0.089,-0.024,9.446,1.5
1424831673726,37.50254,139.926554,3,-0.084,-0.027,9.437,1.5
1424831673826,37.50254,139.926554,3,-0.087,-0.022,9.451,1.5
1424831673927,37.50254,139.926554,3,-0.084,-0.025,9.443,1.5
1424831674028,37.50254,139.926554,3,-0.082,-0.025,9.438,1.5
1424831674128,37.50254,139.926554,3,-0.087,-0.019,9.452,1.5
1424831674225,37.50254,139.926554,3,-0.083,-0.021,9.459,1.5
1424831674325,37.50254,139.926554,3,-0.079,-0.023,9.451,1.5
1424831674425,37.50254,139.926554,3,-0.081,-0.014,9.457,1.5
1424831674526,37.50254,139.926554,3,-0.088,-0.02,9.449,1.5
1424831674627,37.50254,139.926554,3,-0.083,-0.026,9.436,1.5
1424831674728,37.50254,139.926554,3,-0.086,-0.025,9.446,1.5
1424831674828,37.50254,139.926554,3,-0.086,-0.022,9.453,1.5
1424831674929,37.50254,139.926554,3,-0.083,-0.028,9.446,1.5
1424831675025,37.50254,139.926554,3,-0.082,-0.017,9.449,1.5
1424831675125,37.50254,139.926554,3,-0.088,-0.018,9.444,1.5
1424831675226,37.50254,139.926554,3,-0.084,-0.023,9.438,1.5
1424831675327,37.50254,139.926554,3,-0.084,-0.022,9.458,1.5
1424831675428,37.50254,139.926554,3,-0.087,-0.019,9.449,1.5
1424831675528,37.50254,139.926554,3,-0.082,-0.024,9.445,1.5
1424831675629,37.50254,139.926554,3,-0.081,-0.02,9.452,1.5
1424831675725,37.50254,139.926554,3,-0.086,-0.022,9.449,1.5
1424831675825,37.50254,139.926554,3,-0.086,-0.031,9.435,1.5
1424831675926,37.50254,139.926554,3,-0.087,-0.027,9.451,1.5
1424831676027,37.50254,139.926554,3,-0.089,-0.024,9.447,1.5
1424831676127,37.50254,139.926554,3,-0.083,-0.025,9.446,1.5
1424831676228,37.50254,139.926554,3,-0.079,-0.024,9.446,1.5
1424831676329,37.50254,139.926554,3,-0.081,-0.014,9.466,1.5
1424831676430,37.50254,139.926554,3,-0.087,-0.021,9.448,1.5
1424831676525,37.50254,139.926554,4,-0.087,-0.022,9.452,1.5
1424831676626,37.50254,139.926554,4,-0.091,-0.017,9.446,1.5
1424831676727,37.50254,139.926554,4,-0.093,-0.023,9.445,1.5
1424831676827,37.50254,139.926554,4,-0.083,-0.023,9.438,1.5
1424831676928,37.50254,139.926554,4,-0.077,-0.017,9.449,1.5
1424831677029,37.50254,139.926554,4,-0.083,-0.019,9.455,1.5
1424831677129,37.50254,139.926554,4,-0.081,-0.014,9.455,1.5
1424831677225,37.50254,139.926554,4,-0.077,-0.013,9.44,1.5
1424831677326,37.50254,139.926554,4,-0.084,-0.02,9.442,1.5
1424831677427,37.50254,139.926554,4,-0.09,-0.02,9.455,1.5
1424831677527,37.50254,139.926554,4,-0.078,-0.019,9.448,1.5
1424831677628,37.50254,139.926554,4,-0.084,-0.028,9.45,1.5
1424831677729,37.50254,139.926554,4,-0.089,-0.03,9.447,1.5
1424831677829,37.50254,139.926554,4,-0.082,-0.034,9.433,1.5
1424831677925,37.50254,139.926554,4,-0.079,-0.028,9.438,1.5
1424831678026,37.50254,139.926554,4,-0.085,-0.025,9.458,1.5
1424831678127,37.50254,139.926554,4,-0.08,-0.033,9.445,1.5
1424831678227,37.50254,139.926554,4,-0.081,-0.028,9.447,1.5
1424831678328,37.50254,139.926554,4,-0.085,-0.022,9.447,1.5
1424831678429,37.50254,139.926554,4,-0.081,-0.03,9.437,1.5
1424831678529,37.50254,139.926554,4,-0.085,-0.025,9.441,1.5
1424831678625,37.50254,139.926554,4,-0.086,-0.02,9.455,1.5
1424831678726,37.50254,139.926554,4,-0.087,-0.031,9.448,1.5
1424831678826,37.50254,139.926554,4,-0.085,-0.031,9.449,1.5
1424831678927,37.50254,139.926554,4,-0.086,-0.026,9.451,1.5
1424831679028,37.50254,139.926554,4,-0.081,-0.029,9.459,1.5
1424831679129,37.50254,139.926554,4,-0.083,-0.03,9.458,1.5
1424831679229,37.50254,139.926554,4,-0.082,-0.023,9.463,1.5
1424831679325,37.50254,139.926554,4,-0.078,-0.028,9.454,1.5
1424831679426,37.50254,139.926554,4,-0.08,-0.031,9.455,1.5
1424831679526,37.50254,139.926554,4,-0.083,-0.023,9.455,1.5
1424831679627,37.50254,139.926554,4,-0.084,-0.024,9.462,1.5
1424831679728,37.50254,139.926554,4,-0.085,-0.024,9.446,1.5
1424831679828,37.50254,139.926554,4,-0.076,-0.016,9.454,1.5
1424831679929,37.50254,139.926554,4,-0.079,-0.023,9.453,1.5
1424831680025,37.50254,139.926554,4,-0.082,-0.025,9.447,1.5
1424831680125,37.50254,139.926554,4,-0.087,-0.021,9.445,1.5
1424831680226,37.50254,139.926554,4,-0.088,-0.018,9.456,1.5
1424831680327,37.50254,139.926554,4,-0.089,-0.019,9.453,1.5
1424831680428,37.50254,139.926554,4,-0.086,-0.023,9.451,1.5
1424831680528,37.50254,139.926554,4,-0.092,-0.024,9.444,1.5
1424831680629,37.50254,139.926554,4,-0.09,-0.01,9.439,1.5
1424831680725,37.50254,139.926554,4,-0.08,-0.008,9.438,1.5
1424831680825,37.50254,139.926554,4,-0.075,-0.017,9.456,1.5
1424831680926,37.50254,139.926554,4,-0.082,-0.021,9.466,1.5
1424831681027,37.50254,139.926554,4,-0.088,-0.023,9.45,1.5
1424831681128,37.50254,139.926554,4,-0.09,-0.022,9.452,1.5
1424831681228,37.50254,139.926554,4,-0.085,-0.02,9.443,1.5
1424831681329,37.50254,139.926554,4,-0.075,-0.023,9.442,1.5
1424831681425,37.50254,139.926554,4,-0.076,-0.019,9.456,1.5
1424831681525,37.50254,139.926554,4,-0.077,-0.016,9.456,1.5
1424831681626,37.50254,139.926554,4,-0.085,-0.03,9.45,1.5
1424831681727,37.50254,139.926554,4,-0.084,-0.029,9.448,1.5
1424831681827,37.50254,139.926554,4,-0.08,-0.018,9.445,1.5
1424831681928,37.50254,139.926554,4,-0.076,-0.018,9.455,1.5
1424831682029,37.50254,139.926554,4,-0.078,-0.028,9.457,1.5
1424831682125,37.50254,139.926554,4,-0.079,-0.025,9.455,1.5
1424831682225,37.50254,139.926554,4,-0.082,-0.027,9.455,1.5
1424831682326,37.50254,139.926554,4,-0.084,-0.024,9.442,1.5
1424831682427,37.50254,139.926554,4,-0.08,-0.023,9.442,1.5
1424831682527,37.50254,139.926554,4,-0.08,-0.026,9.44,1.5
1424831682628,37.50254,139.926554,4,-0.081,-0.027,9.447,1.5
1424831682729,37.50254,139.926554,4,-0.083,-0.026,9.45,1.5
1424831682825,37.50254,139.926554,4,-0.085,-0.025,9.454,1.5
1424831682925,37.50254,139.926554,4,-0.083,-0.021,9.441,1.5
1424831683026,37.50254,139.926554,4,-0.084,-0.016,9.443,1.5
1424831683127,37.50254,139.926554,4,-0.082,-0.022,9.437,1.5
1424831683227,37.50254,139.926554,4,-0.08,-0.027,9.445,1.5
1424831683328,37.50254,139.926554,4,-0.082,-0.024,9.444,1.5
1424831683429,37.50254,139.926554,4,-0.086,-0.022,9.454,1.5
1424831683529,37.50254,139.926554,4,-0.088,-0.02,9.442,1.5
1424831683625,37.50254,139.926554,4,-0.091,-0.023,9.446,1.5
1424831683726,37.50254,139.926554,4,-0.086,-0.023,9.441,1.5
1424831683827,37.50254,139.926554,4,-0.077,-0.013,9.453,1.5
1424831683927,37.50254,139.926554,4,-0.073,-0.023,9.444,1.5
1424831684028,37.50254,139.926554,4,-0.081,-0.031,9.451,1.5
1424831684129,37.50254,139.926554,4,-0.08,-0.021,9.44,1.5
1424831684229,37.50254,139.926554,4,-0.083,-0.019,9.44,1.5
1424831684325,37.50254,139.926554,4,-0.086,-0.027,9.442,1.5
1424831684426,37.50254,139.926554,4,-0.08,-0.026,9.456,1.5
1424831684526,37.50254,139.926554,5,-0.076,-0.025,9.444,1.5
1424831684627,37.50254,139.926554,5,-0.083,-0.023,9.444,1.5
1424831684728,37.50254,139.926554,5,-0.084,-0.021,9.442,1.5
1424831684829,37.50254,139.926554,5,-0.084,-0.022,9.44,1.5
1424831684929,37.50254,139.926554,5,-0.083,-0.022,9.441,1.5
1424831685030,37.502541,139.926554,5,-0.08,-0.016,9.458,1.5
1424831685126,37.502541,139.926554,5,-0.074,-0.03,9.444,1.5
1424831685225,37.502541,139.926554,5,-0.08,-0.031,9.443,1.5
1424831685327,37.502541,139.926554,5,-0.081,-0.027,9.448,1.5
1424831685426,37.502541,139.926554,5,-0.082,-0.029,9.445,1.5
1424831685528,37.502541,139.926554,5,-0.082,-0.024,9.444,1.5
1424831685628,37.502541,139.926554,5,-0.081,-0.019,9.449,1.5
1424831685726,37.502541,139.926554,5,-0.078,-0.025,9.44,1.5
1424831685826,37.502541,139.926554,5,-0.077,-0.022,9.445,1.5
1424831685926,37.502541,139.926554,5,-0.081,-0.019,9.45,1.5
1424831686027,37.502541,139.926554,5,-0.083,-0.025,9.436,1.5
1424831686128,37.502541,139.926554,5,-0.085,-0.024,9.436,1.5
1424831686228,37.502541,139.926554,5,-0.086,-0.018,9.439,1.5
1424831686329,37.502541,139.926554,5,-0.084,-0.027,9.435,1.5
1424831686425,37.502541,139.926554,5,-0.084,-0.03,9.438,1.5
1424831686526,37.502541,139.926554,4,-0.089,-0.022,9.446,1.5
1424831686626,37.502541,139.926554,4,-0.091,-0.026,9.44,1.5
1424831686727,37.502541,139.926554,4,-0.085,-0.023,9.441,1.5
1424831686828,37.502541,139.926554,4,-0.082,-0.013,9.441,1.5
1424831686928,37.502541,139.926554,4,-0.077,-0.022,9.442,1.5
1424831687029,37.502541,139.926554,4,-0.079,-0.021,9.444,1.5
1424831687125,37.502541,139.926554,4,-0.081,-0.013,9.45,1.5
1424831687225,37.502541,139.926554,4,-0.084,-0.017,9.446,1.5
1424831687326,37.502541,139.926554,4,-0.081,-0.02,9.444,1.5
1424831687427,37.502541,139.926554,4,-0.086,-0.02,9.436,1.5
1424831687528,37.502541,139.926554,4,-0.088,-0.022,9.432,1.5
1424831687628,37.502541,139.926554,4,-0.081,-0.022,9.434,1.5
1424831687729,37.502541,139.926554,4,-0.084,-0.019,9.44,1.5
1424831687825,37.502541,139.926554,4,-0.086,-0.023,9.433,1.5
1424831687925,37.502541,139.926554,4,-0.085,-0.022,9.45,1.5
1424831688026,37.502541,139.926554,4,-0.089,-0.022,9.447,1.5
1424831688127,37.502541,139.926554,4,-0.089,-0.025,9.447,1.5
1424831688228,37.502541,139.926554,4,-0.086,-0.026,9.448,1.5
1424831688328,37.502541,139.926554,4,-0.083,-0.021,9.442,1.5
1424831688429,37.502541,139.926554,4,-0.082,-0.02,9.441,1.5
1424831688525,37.502541,139.926554,4,-0.085,-0.016,9.45,1.5
1424831688626,37.502541,139.926554,4,-0.087,-0.015,9.445,1.5
1424831688726,37.502541,139.926554,4,-0.088,-0.023,9.434,1.5
1424831688827,37.502541,139.926554,4,-0.086,-0.032,9.436,1.5
1424831688927,37.502541,139.926554,4,-0.077,-0.028,9.433,1.5
1424831689028,37.502541,139.926554,4,-0.076,-0.029,9.439,1.5
1424831689129,37.502541,139.926554,4,-0.079,-0.028,9.446,1.5
1424831689229,37.502541,139.926554,4,-0.086,-0.029,9.441,1.5
1424831689325,37.502541,139.926554,4,-0.095,-0.025,9.425,1.5
1424831689426,37.502541,139.926554,4,-0.093,-0.029,9.427,1.5
1424831689527,37.502541,139.926554,4,-0.088,-0.026,9.435,1.5
1424831689627,37.502541,139.926554,4,-0.078,-0.025,9.448,1.5
1424831689728,37.502541,139.926554,4,-0.078,-0.027,9.446,1.5
1424831689829,37.502541,139.926554,4,-0.085,-0.027,9.446,1.5
1424831689929,37.502541,139.926554,4,-0.09,-0.029,9.435,1.5
1424831690025,37.502541,139.926554,4,-0.088,-0.029,9.435,1.5
1424831690126,37.502541,139.926554,4,-0.087,-0.022,9.436,1.5
1424831690227,37.502541,139.926554,4,-0.074,-0.021,9.448,1.5
1424831690327,37.502541,139.926554,4,-0.077,-0.028,9.443,1.5
1424831690428,37.502541,139.926554,4,-0.079,-0.024,9.43,1.5
1424831690529,37.502541,139.926554,4,-0.083,-0.025,9.427,1.5
1424831690629,37.502541,139.926554,4,-0.088,-0.034,9.439,1.5
1424831690725,37.502541,139.926554,4,-0.088,-0.029,9.445,1.5
1424831690826,37.502541,139.926554,4,-0.079,-0.022,9.449,1.5
1424831690926,37.502541,139.926554,4,-0.077,-0.027,9.444,1.5
1424831691027,37.502541,139.926554,4,-0.079,-0.028,9.439,1.5
1424831691128,37.502541,139.926554,4,-0.083,-0.026,9.428,1.5
1424831691229,37.502541,139.926554,4,-0.088,-0.026,9.438,1.5
1424831691329,37.502541,139.926554,4,-0.088,-0.025,9.439,1.5
1424831691425,37.502541,139.926554,4,-0.087,-0.021,9.441,1.5
1424831691526,37.502541,139.926554,4,-0.084,-0.024,9.439,1.5
1424831691626,37.502541,139.926554,4,-0.086,-0.025,9.448,1.5
1424831691727,37.502541,139.926554,4,-0.086,-0.023,9.436,1.5
1424831691828,37.502541,139.926554,4,-0.087,-0.029,9.448,1.5
1424831691928,37.502541,139.926554,4,-0.084,-0.026,9.441,1.5
1424831692029,37.502541,139.926554,4,-0.081,-0.025,9.44,1.5
1424831692125,37.502541,139.926554,4,-0.081,-0.028,9.44,1.5
1424831692226,37.502541,139.926554,4,-0.082,-0.025,9.454,1.5
1424831692326,37.502541,139.926554,4,-0.082,-0.025,9.434,1.5
1424831692427,37.502541,139.926554,4,-0.09,-0.029,9.427,1.5
1424831692528,37.502541,139.926554,4,-0.089,-0.025,9.429,1.5
1424831692628,37.502541,139.926554,4,-0.081,-0.029,9.432,1.5
1424831692729,37.502541,139.926554,4,-0.078,-0.034,9.434,1.5
1424831692825,37.502541,139.926554,4,-0.079,-0.023,9.44,1.5
1424831692926,37.502541,139.926554,4,-0.082,-0.018,9.447,1.5
1424831693026,37.502541,139.926554,4,-0.085,-0.019,9.436,1.5
1424831693127,37.502541,139.926554,4,-0.093,-0.021,9.455,1.5
1424831693228,37.502541,139.926554,4,-0.096,-0.024,9.441,1.5
1424831693328,37.502541,139.926554,4,-0.09,-0.026,9.437,1.5
1424831693429,37.502541,139.926554,4,-0.077,-0.022,9.467,1.5
1424831693525,37.502541,139.926554,4,-0.065,-0.026,9.444,1.5
1424831693625,37.502541,139.926554,4,-0.071,-0.032,9.449,1.5
1424831693726,37.502541,139.926554,4,-0.075,-0.015,9.453,1.5
1424831693827,37.502541,139.926554,4,-0.084,-0.019,9.449,1.5
1424831693928,37.502541,139.926554,4,-0.094,-0.03,9.439,1.5
1424831694028,37.502541,139.926554,4,-0.092,-0.037,9.441,1.5
1424831694129,37.502541,139.926554,4,-0.087,-0.04,9.414,1.5
1424831694225,37.502541,139.926554,4,-0.078,-0.04,9.425,1.5
1424831694325,37.502541,139.926554,4,-0.076,-0.003,9.428,1.5
1424831694426,37.502541,139.926554,4,-0.084,-0.007,9.433,1.5
1424831694528,37.502541,139.926554,4,-0.084,-0.027,9.447,1.5
1424831694628,37.502541,139.926554,4,-0.08,0.013,9.46,1.5
1424831694728,37.502541,139.926554,4,-0.073,0.082,9.431,1.5
1424831694829,37.502541,139.926554,4,-0.065,0.174,9.429,1.5
1424831694925,37.502541,139.926554,4,-0.072,0.285,9.461,1.5
1424831695025,37.502541,139.926554,4,-0.092,0.404,9.451,1.5
1424831695126,37.502541,139.926554,4,-0.111,0.535,9.447,1.5
1424831695227,37.502541,139.926554,4,-0.134,0.671,9.451,1.5
1424831701224,37.502639,139.926606,4,-0.133,0.676,9.451,3.527
1424831701229,37.502639,139.926606,4,-0.129,0.678,9.451,3.528
1424831701325,37.502641,139.926608,4,-0.012,0.402,9.455,3.55
1424831701425,37.502644,139.92661,4,-0.081,0.149,9.5,3.574
1424831701526,37.502647,139.926611,4,-0.254,0.032,9.519,3.58
1424831701627,37.50265,139.926612,4,-0.297,0.02,9.5,3.58
1424831701727,37.502652,139.926614,4,-0.117,0.011,9.419,3.58
1424831701828,37.502655,139.926615,4,0.222,-0.151,9.477,3.58
1424831701929,37.502658,139.926617,4,0.337,-0.225,9.418,3.58
1424831702029,37.502661,139.926618,4,0.227,-0.326,9.294,3.58
1424831702125,37.502663,139.926619,4,0.062,-0.254,9.48,3.58
1424831702226,37.502666,139.926621,4,-0.01,0.073,9.622,3.58
1424831708228,37.502885,139.92673,3,-0.019,0.085,9.608,5.166
1424831708329,37.502889,139.926732,3,0.02,-0.039,9.824,5.19
1424831708429,37.502893,139.926734,3,0.026,-0.123,9.568,5.215
1424831708525,37.502898,139.926738,5,0.082,-0.163,9.416,5.22
1424831708626,37.502903,139.926742,5,0.127,-0.138,9.378,5.22
1424831708727,37.502908,139.926745,5,0.225,-0.325,9.57,5.22
1424831708827,37.502912,139.926749,5,0.249,-0.305,9.486,5.22
1424831708928,37.502917,139.926753,5,0.308,-0.248,9.512,5.22
1424831709029,37.502922,139.926756,5,0.333,-0.088,9.268,5.22
1424831709129,37.502927,139.92676,5,0.406,-0.159,9.436,5.22
1424831709225,37.502932,139.926764,5,0.364,-0.283,9.539,5.22
1424831709326,37.502937,139.926767,5,0.363,-0.282,9.476,5.22
1424831709427,37.502942,139.926771,5,0.21,-0.181,9.408,5.22
1424831709527,37.502947,139.926774,5,0.191,-0.151,9.427,5.22
1424831709628,37.502952,139.926777,5,0.181,-0.177,9.415,5.22
1424831709729,37.502956,139.92678,5,0.142,-0.152,9.29,5.22
1424831709829,37.502961,139.926783,5,0.287,-0.311,9.614,5.22
1424831709925,37.502966,139.926785,5,0.112,-0.218,9.6,5.22
1424831710026,37.502971,139.926788,5,-0.095,0.001,9.003,5.22
1424831710126,37.502975,139.926791,5,0.005,-0.194,9.472,5.22
1424831710227,37.50298,139.926794,5,0.064,-0.394,9.861,5.22
1424831710328,37.502985,139.926797,5,-0.072,-0.261,9.57,5.22
1424831710429,37.50299,139.926799,5,-0.101,-0.119,9.191,5.22
1424831710529,37.502994,139.926801,4,-0.045,-0.188,9.388,5.18
1424831710625,37.502997,139.926803,4,-0.018,-0.228,9.689,5.133
1424831710726,37.503,139.926804,4,-0.065,-0.19,9.563,5.083
1424831710826,37.503003,139.926806,4,-0.315,-0.208,9.341,5.034
1424831710927,37.503006,139.926807,4,-0.52,-0.12,9.542,4.985
1424831711028,37.503009,139.926809,4,-0.501,0.013,9.572,4.937
1424831711128,37.503012,139.92681,4,-0.413,-0.01,9.458,4.89
1424831711229,37.503015,139.926812,4,-0.396,-0.099,9.245,4.842
1424831711325,37.503018,139.926813,4,-0.486,-0.229,9.684,4.797
1424831711426,37.503021,139.926815,4,-0.641,-0.1,9.546,4.751
1424831711526,37.503025,139.926816,4,-0.74,0.007,9.319,4.74
1424831711627,37.503029,139.926817,4,-0.789,-0.125,9.285,4.74
1424831711728,37.503033,139.926819,4,-0.776,-0.044,9.443,4.74
1424831711828,37.503037,139.92682,4,-0.892,-0.084,9.376,4.74
1424831711929,37.503042,139.926822,4,-0.862,-0.073,9.405,4.74
1424831712025,37.503046,139.926823,4,-0.756,-0.195,9.665,4.74
1424831712125,37.50305,139.926824,4,-0.627,-0.05,9.344,4.74
1424831712226,37.503054,139.926826,4,-0.388,0.051,9.37,4.74
1424831712327,37.503058,139.926827,4,-0.259,0.058,9.334,4.74
1424831712428,37.503062,139.926829,4,-0.102,0.071,9.481,4.74
1424831712528,37.503066,139.92683,4,-0.01,0.069,9.506,4.758
1424831712629,37.50307,139.926832,4,0.14,0.091,9.629,4.782
1424831712725,37.503074,139.926833,4,0.26,0.245,9.368,4.805
1424831712826,37.503077,139.926835,4,0.287,0.364,9.305,4.829
1424831712926,37.503081,139.926836,4,0.064,0.485,9.426,4.853
1424831713027,37.503085,139.926838,4,-0.044,0.424,9.49,4.877
1424831713128,37.503089,139.926839,4,-0.022,0.498,9.503,4.901
1424831713228,37.503093,139.926841,4,0.019,0.566,9.372,4.926
1424831719225,37.503404,139.927,3,0.028,0.582,9.372,6.483
1424831719326,37.50341,139.927002,3,0.128,0.371,9.377,6.459
1424831719427,37.503415,139.927004,3,0.128,0.122,9.405,6.435
1424831719528,37.50342,139.927007,5,0.157,-0.04,9.419,6.41
1424831719628,37.503425,139.927011,5,0.234,-0.127,9.428,6.385
1424831719729,37.50343,139.927014,5,0.216,-0.03,9.285,6.359
1424831719825,37.503434,139.927017,5,0.196,0.157,9.383,6.335
1424831719925,37.503439,139.92702,5,0.199,0.327,9.434,6.31
1424831720026,37.503444,139.927023,5,0.181,0.459,9.45,6.285
1424831720127,37.503449,139.927026,5,0.145,0.515,9.407,6.26
1424831720227,37.503453,139.927029,5,0.134,0.545,9.463,6.235
1424831727227,37.503901,139.927268,9,0.134,0.547,9.467,8.63
1424831727327,37.503908,139.927271,9,0.065,0.313,9.527,8.63
1424831727428,37.503915,139.927274,9,0.139,0.23,9.564,8.63
1424831727529,37.503923,139.927278,7,0.255,0.109,9.401,8.63
1424831727629,37.50393,139.927281,7,0.201,-0.047,9.542,8.63
1424831727730,37.503937,139.927285,7,0.093,-0.102,9.619,8.63
1424831727826,37.503944,139.927288,7,0.004,-0.052,9.431,8.63
1424831727925,37.503951,139.927291,7,-0.008,-0.003,9.408,8.63
1424831728027,37.503958,139.927295,7,0.068,-0.001,9.495,8.63
1424831728126,37.503965,139.927298,7,0.019,-0.02,9.541,8.63
1424831728229,37.503972,139.927301,7,-0.082,0.031,9.482,8.63
1424831728328,37.503979,139.927305,7,-0.058,0.021,9.386,8.63
1424831728425,37.503986,139.927308,7,-0.005,0.031,9.379,8.63
1424831728526,37.503994,139.927309,8,0.024,0.033,9.454,8.63
1424831728626,37.504001,139.92731,8,0.031,0.064,9.353,8.63
1424831728727,37.504009,139.927311,8,0.047,0.062,9.388,8.63
1424831728828,37.504016,139.927311,8,0.04,0.042,9.41,8.63
1424831728929,37.504024,139.927312,8,0.1,0.032,9.4,8.63
1424831729029,37.504031,139.927312,8,0.109,0.048,9.367,8.63
1424831729125,37.504039,139.927313,8,0.127,0.018,9.449,8.63
1424831729226,37.504046,139.927314,8,0.141,0.078,9.292,8.63
1424831729326,37.504054,139.927314,8,0.214,0.036,9.222,8.63
1424831729427,37.504061,139.927315,8,0.4,0.061,9.343,8.63
1424831729528,37.504069,139.927318,8,0.428,0.067,9.434,8.649
1424831729629,37.504076,139.927323,8,0.321,0.043,9.372,8.674
1424831729729,37.504083,139.927327,8,0.424,0.176,9.5,8.699
1424831729825,37.50409,139.927331,8,0.412,0.125,9.35,8.723
1424831729926,37.504098,139.927336,8,0.323,0.217,9.405,8.748
1424831730026,37.504105,139.92734,8,0.294,0.189,9.328,8.773
1424831730127,37.504113,139.927345,8,0.257,0.194,9.406,8.798
1424831730228,37.50412,139.927349,8,0.172,0.184,9.382,8.824
1424831730329,37.504128,139.927354,8,0.195,0.178,9.388,8.849
1424831730429,37.504135,139.927358,8,0.173,0.148,9.447,8.875
1424831730525,37.504143,139.927358,10,0.145,0.17,9.42,8.88
1424831730626,37.504152,139.927358,10,0.169,0.188,9.332,8.88
1424831730726,37.50416,139.927357,10,0.14,0.227,9.138,8.88
1424831730827,37.504168,139.927356,10,0.142,0.099,9.415,8.88
1424831730928,37.504177,139.927355,10,0.235,-0.113,9.903,8.88
1424831731028,37.504185,139.927354,10,0.256,-0.043,9.783,8.88
1424831731129,37.504193,139.927354,10,0.321,-0.131,9.327,8.88
1424831731225,37.504201,139.927353,10,0.419,0.071,9.312,8.88
1424831731325,37.50421,139.927352,10,0.345,0.165,9.437,8.88
1424831731426,37.504218,139.927351,10,0.382,0.156,9.602,8.88
1424831731527,37.504223,139.927355,10,0.422,0.138,9.525,8.841
1424831731628,37.504227,139.92736,10,0.385,0.042,9.344,8.791
1424831731728,37.50423,139.927365,10,0.281,0.014,9.28,8.741
1424831731829,37.504234,139.92737,10,0.163,-0.016,9.43,8.691
1424831731925,37.504238,139.927374,10,0.106,-0.03,9.753,8.644
1424831732025,37.504242,139.927379,10,0.169,-0.047,9.688,8.595
1424831732126,37.504245,139.927384,10,0.095,-0.024,9.424,8.546
1424831732227,37.504249,139.927389,10,0.075,0.021,9.341,8.497
1424831732328,37.504253,139.927393,10,0.07,0.004,9.563,8.448
1424831732428,37.504256,139.927398,10,0.091,0.017,9.544,8.4
1424831732529,37.504263,139.927402,9,0.158,0.059,9.376,8.39
1424831732625,37.504269,139.927405,9,0.139,0.031,9.23,8.39
1424831732725,37.504276,139.927409,9,0.11,0.03,9.439,8.39
1424831732826,37.504283,139.927413,9,0.129,0.009,9.425,8.39
1424831732927,37.50429,139.927417,9,0.171,0.026,9.287,8.39
1424831733027,37.504297,139.92742,9,0.224,-0.008,9.307,8.39
1424831733128,37.504304,139.927424,9,0.176,-0.083,9.471,8.39
1424831733229,37.504312,139.927428,9,0.084,-0.076,9.538,8.39
1424831733330,37.504319,139.927432,9,0.029,-0.019,9.324,8.39
1424831733425,37.504325,139.927435,9,0.144,-0.056,9.414,8.39
1424831733526,37.504333,139.927438,6,0.07,-0.018,9.522,8.408
1424831733627,37.504342,139.927441,6,0.01,0.033,9.472,8.432
1424831733727,37.50435,139.927443,6,0.029,0.058,9.409,8.456
1424831733828,37.504359,139.927446,6,-0.0,0.016,9.195,8.48
1424831733929,37.504367,139.927449,6,0.211,-0.118,9.721,8.504
1424831734029,37.504376,139.927452,6,0.16,-0.078,9.645,8.528
1424831734125,37.504384,139.927454,6,0.311,-0.046,9.459,8.551
1424831734226,37.504393,139.927457,6,0.501,0.018,9.382,8.576
1424831734327,37.504401,139.92746,6,0.424,0.045,9.37,8.6
1424831734427,37.50441,139.927462,6,0.654,0.113,9.53,8.624
1424831734528,37.504418,139.927465,6,0.658,0.006,9.554,8.63
1424831734629,37.504425,139.927468,6,0.608,0.024,9.433,8.63
1424831734729,37.504432,139.927471,6,0.643,0.02,9.293,8.63
1424831734825,37.504439,139.927474,6,0.51,-0.004,9.205,8.63
1424831734926,37.504446,139.927477,6,0.399,0.029,9.354,8.63
1424831735026,37.504453,139.92748,6,0.537,-0.04,9.69,8.63
1424831735127,37.504461,139.927483,6,0.499,-0.038,9.532,8.63
1424831735228,37.504468,139.927486,6,0.46,0.03,9.243,8.63
1424831735329,37.504475,139.927488,6,0.528,0.007,9.264,8.63
1424831735429,37.504482,139.927491,6,0.431,-0.03,9.706,8.63
1424831735525,37.504488,139.927495,9,0.333,0.036,9.613,8.612
1424831735626,37.504494,139.927499,9,0.335,0.048,9.281,8.587
1424831735726,37.5045,139.927502,9,0.475,-0.065,9.418,8.563
1424831735827,37.504506,139.927506,9,0.534,0.019,9.441,8.539
1424831735928,37.504512,139.92751,9,0.482,0.093,9.402,8.514
1424831736029,37.504518,139.927514,9,0.263,0.091,9.188,8.49
1424831736129,37.504524,139.927517,9,0.389,-0.073,9.674,8.466
1424831736225,37.50453,139.927521,9,0.546,-0.174,9.853,8.443
1424831736326,37.504536,139.927524,9,0.587,-0.022,9.362,8.419
1424831736426,37.504542,139.927528,9,0.667,-0.038,9.236,8.396
1424831736527,37.50455,139.927532,9,0.721,0.037,9.554,8.444
1424831736628,37.504559,139.927536,9,0.689,0.073,9.623,8.515
1424831736728,37.504568,139.927541,9,0.652,0.132,9.384,8.587
1424831736829,37.504578,139.927545,9,0.483,0.176,9.103,8.66
1424831736925,37.504587,139.927549,9,0.471,0.013,9.415,8.729
1424831737026,37.504596,139.927553,9,0.427,-0.137,9.821,8.803
1424831737126,37.504606,139.927558,9,0.305,-0.035,9.576,8.877
1424831737227,37.504615,139.927562,9,0.275,-0.004,9.312,8.952
1424831737328,37.504625,139.927567,9,0.116,0.007,9.275,9.028
1424831737428,37.504635,139.927571,9,0.132,0.049,9.628,9.103
1424831737529,37.504641,139.927575,8,0.182,0.102,9.455,9.06
1424831737625,37.504645,139.927579,8,0.264,0.031,9.39,8.988
1424831737725,37.50465,139.927582,8,0.396,-0.067,9.506,8.913
1424831737826,37.504654,139.927586,8,0.456,-0.055,9.405,8.838
1424831737927,37.504659,139.92759,8,0.469,0.077,9.241,8.764
1424831738028,37.504663,139.927593,8,0.459,0.038,9.439,8.691
1424831738128,37.504668,139.927597,8,0.492,0.036,9.561,8.618
1424831738229,37.504672,139.9276,8,0.459,0.039,9.359,8.546
1424831738325,37.504677,139.927604,8,0.527,-0.049,9.427,8.478
1424831738425,37.504681,139.927607,8,0.665,-0.098,9.544,8.408
1424831738526,37.504687,139.927612,8,0.59,0.029,9.504,8.426
1424831738627,37.504693,139.927617,8,0.539,0.09,9.25,8.475
1424831738727,37.5047,139.927623,8,0.466,0.05,9.351,8.523
1424831738828,37.504707,139.927628,8,0.464,0.015,9.568,8.572
1424831738929,37.504713,139.927633,8,0.533,-0.043,9.678,8.621
1424831739025,37.504719,139.927639,8,0.515,-0.024,9.469,8.668
1424831739125,37.504726,139.927644,8,0.527,0.034,9.318,8.718
1424831739226,37.504733,139.92765,8,0.506,0.033,9.404,8.768
1424831739327,37.50474,139.927655,8,0.505,0.111,9.518,8.818
1424831739427,37.504746,139.927661,8,0.476,0.038,9.513,8.868
1424831739528,37.504753,139.927665,6,0.42,-0.04,9.532,8.88
1424831739629,37.504759,139.927669,6,0.577,-0.037,9.483,8.88
1424831739725,37.504764,139.927673,6,0.676,0.036,9.278,8.88
1424831739825,37.50477,139.927677,6,0.727,0.031,9.131,8.88
1424831739926,37.504776,139.927681,6,0.571,-0.067,9.519,8.88
1424831740027,37.504782,139.927684,6,0.578,-0.176,9.881,8.88
1424831740127,37.504788,139.927688,6,0.632,-0.049,9.423,8.88
1424831740228,37.504794,139.927692,6,0.553,-0.141,9.389,8.88
1424831740329,37.5048,139.927696,6,0.583,-0.13,9.498,8.88
1424831740429,37.504806,139.9277,6,0.49,0.087,9.496,8.88
1424831740525,37.504813,139.927704,6,0.472,0.108,9.298,8.88
1424831740626,37.50482,139.927708,6,0.525,0.002,9.318,8.88
1424831740727,37.504827,139.927712,6,0.491,-0.097,9.543,8.88
1424831740827,37.504835,139.927716,6,0.497,-0.078,9.346,8.88
1424831740928,37.504842,139.927721,6,0.498,-0.049,9.236,8.88
1424831741029,37.50485,139.927725,6,0.572,-0.056,9.332,8.88
1424831741129,37.504857,139.927729,6,0.584,-0.065,9.495,8.88
1424831741225,37.504864,139.927733,6,0.495,0.006,9.429,8.88
1424831741326,37.504872,139.927737,6,0.423,0.02,9.348,8.88
1424831741426,37.504879,139.927741,6,0.366,0.001,9.428,8.88
1424831741527,37.504886,139.927746,6,0.278,0.056,9.512,8.86
1424831741628,37.504893,139.927752,6,0.339,0.041,9.561,8.835
1424831741729,37.5049,139.927758,6,0.356,0.033,9.381,8.81
1424831741829,37.504907,139.927763,6,0.278,0.055,9.313,8.784
1424831741925,37.504914,139.927768,6,0.232,-0.013,9.582,8.76
1424831742031,37.504921,139.927774,6,0.241,-0.033,9.52,8.734
1424831742126,37.504927,139.927779,6,0.247,-0.019,9.527,8.71
1424831742225,37.504934,139.927785,6,0.292,-0.064,9.471,8.686
1424831742328,37.504941,139.92779,6,0.27,-0.048,9.455,8.66
1424831742427,37.504947,139.927796,6,0.196,0.073,9.36,8.636
1424831742529,37.504954,139.927801,6,0.268,0.087,9.324,8.611
1424831742625,37.504961,139.927805,6,0.266,0.165,9.372,8.588
1424831742726,37.504967,139.92781,6,0.285,0.138,9.311,8.563
1424831742826,37.504974,139.927814,6,0.21,0.153,9.184,8.539
1424831742927,37.504981,139.927819,6,0.149,-0.217,9.88,8.515
1424831743028,37.504987,139.927823,6,0.033,-0.269,9.989,8.49
1424831743128,37.504994,139.927828,6,-0.009,-0.075,9.509,8.467
1424831743229,37.505001,139.927832,6,0.056,-0.192,9.36,8.442
1424831743325,37.505007,139.927836,6,-0.157,0.078,9.161,8.42
1424831743426,37.505013,139.927841,6,-0.268,0.327,8.915,8.396
1424831743526,37.505021,139.927846,6,-0.422,0.138,9.29,8.371
1424831743627,37.505028,139.927851,6,-0.378,-0.142,9.711,8.345
1424831743728,37.505035,139.927857,6,-0.212,-0.25,9.73,8.32
1424831743828,37.505042,139.927862,6,-0.142,-0.312,9.206,8.295
1424831743929,37.50505,139.927867,6,-0.058,-0.284,9.118,8.269
1424831744025,37.505057,139.927872,6,0.104,-0.108,9.432,8.245
1424831744125,37.505064,139.927877,6,0.457,0.009,9.604,8.22
1424831744226,37.505071,139.927882,6,0.793,-0.11,9.42,8.195
1424831744327,37.505078,139.927888,6,0.875,-0.289,9.563,8.17
1424831744428,37.505085,139.927893,6,0.792,-0.33,9.547,8.145
1424831744528,37.505091,139.927898,6,0.705,-0.173,9.381,8.12
1424831744629,37.505096,139.927904,6,0.51,-0.017,9.221,8.095
1424831744725,37.5051,139.92791,6,0.407,-0.069,9.614,8.07
1424831744825,37.505105,139.927915,6,0.422,-0.124,9.771,8.045
1424831744926,37.50511,139.927921,6,0.361,-0.079,9.511,8.02
1424831745027,37.505115,139.927927,6,0.245,-0.055,9.291,7.995
1424831745128,37.50512,139.927932,6,0.215,-0.128,9.406,7.97
1424831745228,37.505124,139.927938,6,0.163,-0.213,9.565,7.945
1424831745329,37.505129,139.927943,6,0.219,-0.214,9.61,7.92
1424831745425,37.505134,139.927949,6,0.285,-0.234,9.43,7.896
1424831745525,37.505139,139.927954,6,0.316,-0.315,9.435,7.89
1424831745626,37.505145,139.92796,6,0.395,-0.276,9.52,7.89
1424831745727,37.505151,139.927965,6,0.396,-0.244,9.381,7.89
1424831745827,37.505156,139.927971,6,0.302,-0.178,9.349,7.89
1424831745928,37.505162,139.927976,6,0.371,-0.263,9.48,7.89
1424831746029,37.505168,139.927982,6,0.434,-0.222,9.289,7.89
1424831746125,37.505173,139.927987,6,0.368,-0.211,9.31,7.89
1424831746225,37.505179,139.927993,6,0.388,-0.283,9.448,7.89
1424831746326,37.505185,139.927998,6,0.369,-0.338,9.434,7.89
1424831746427,37.505191,139.928004,6,0.285,-0.272,9.411,7.89
1424831746527,37.505196,139.928009,8,0.239,-0.298,9.359,7.89
1424831746628,37.505202,139.928014,8,0.211,-0.321,9.42,7.89
1424831746729,37.505208,139.92802,8,0.173,-0.272,9.478,7.89
1424831746829,37.505213,139.928025,8,0.185,-0.262,9.499,7.89
1424831746925,37.505219,139.92803,8,0.202,-0.249,9.339,7.89
1424831747026,37.505224,139.928036,8,0.176,-0.295,9.444,7.89
1424831747127,37.50523,139.928041,8,0.134,-0.317,9.572,7.89
1424831747227,37.505236,139.928046,8,0.144,-0.318,9.552,7.89
1424831747328,37.505241,139.928052,8,0.142,-0.291,9.442,7.89
1424831747429,37.505247,139.928057,8,0.083,-0.278,9.412,7.89
1424831747529,37.505252,139.928062,8,0.029,-0.196,9.304,7.871
1424831747625,37.505257,139.928067,8,0.043,-0.254,9.478,7.847
1424831747726,37.505263,139.928072,8,0.212,-0.34,9.701,7.823
