measurement_ms,latitude,longitude,gps_error_meter,accel_x_transverse,accel_y_longitudinal,accel_z_vertical,speed
1423700509453,37.490307,139.930012,4,8.359,-0.194,4.523,6.75
1423700509554,37.490308,139.930004,4,8.279,-0.277,4.558,6.75
1423700509655,37.490309,139.929996,4,8.217,-0.313,4.577,6.75
1423700509755,37.49031,139.929988,4,8.129,-0.284,4.357,6.773
1423700509851,37.490311,139.929981,4,8.019,-0.257,4.25,6.797
1423700509952,37.490312,139.929973,4,8.07,-0.236,4.366,6.822
1423700510053,37.490313,139.929965,4,8.297,-0.266,4.559,6.847
1423700510153,37.490314,139.929956,4,8.359,-0.278,4.657,6.872
1423700510254,37.490315,139.929948,4,8.114,-0.251,4.456,6.897
1423700510355,37.490316,139.92994,4,8.086,-0.227,4.408,6.923
1423700510455,37.490317,139.929932,4,8.206,-0.219,4.479,6.948
1423700510551,37.490318,139.929924,4,8.153,-0.22,4.432,6.972
1423700510652,37.490319,139.929916,4,7.971,-0.121,4.279,6.998
1423700510752,37.49032,139.929908,4,8.015,-0.031,4.352,7.023
1423700510853,37.490322,139.9299,4,8.28,-0.044,4.61,7.048
1423700510954,37.490324,139.929893,4,8.61,-0.284,4.936,7.073
1423700511055,37.490325,139.929885,4,8.517,-0.39,4.914,7.098
1423700511155,37.490327,139.929877,4,8.225,-0.489,4.782,7.123
1423700511251,37.490328,139.92987,4,8.076,-0.424,4.704,7.147
1423700511352,37.49033,139.929862,4,8.125,-0.343,4.752,7.172
1423700511452,37.490332,139.929854,4,8.022,-0.285,4.739,7.197
1423700511553,37.490333,139.929846,4,7.953,-0.306,4.659,7.223
1423700511654,37.490335,139.929838,4,7.998,-0.253,4.544,7.248
1423700511754,37.490335,139.92983,4,8.114,-0.258,4.512,7.25
1423700511855,37.490334,139.929822,4,8.019,-0.227,4.453,7.25
1423700511951,37.490334,139.929814,4,7.898,-0.21,4.671,7.25
1423700512052,37.490333,139.929805,4,7.972,-0.252,4.653,7.25
1423700512152,37.490333,139.929797,4,8.034,-0.216,4.242,7.25
1423700512253,37.490333,139.929789,4,8.26,-0.353,4.461,7.25
1423700512354,37.490332,139.92978,4,8.406,-0.45,4.521,7.25
1423700512454,37.490332,139.929772,4,8.273,-0.524,4.234,7.25
1423700512555,37.490331,139.929764,4,8.06,-0.513,4.147,7.25
1423700512651,37.490331,139.929756,4,8.407,-0.523,4.442,7.25
1423700512756,37.490332,139.929748,4,8.512,-0.391,4.604,7.226
1423700512852,37.490334,139.929742,4,8.346,-0.349,4.594,7.201
1423700512951,37.490335,139.929735,4,7.934,-0.385,4.371,7.176
1423700513054,37.490337,139.929728,4,7.477,-0.427,4.095,7.15
1423700513153,37.490338,139.929722,4,7.833,-0.378,4.401,7.126
1423700513255,37.490339,139.929715,4,8.396,-0.303,4.936,7.1
1423700513351,37.490341,139.929708,4,8.412,-0.284,5.074,7.076
1423700513451,37.490342,139.929702,4,8.046,-0.209,4.867,7.052
1423700513552,37.490344,139.929695,4,7.959,-0.096,4.769,7.027
1423700513653,37.490345,139.929688,4,8.506,-0.159,5.165,7.002
1423700513754,37.490346,139.92968,4,8.161,-0.26,4.687,6.976
1423700513854,37.490347,139.929672,4,7.953,-0.222,4.613,6.951
1423700513955,37.490347,139.929664,4,8.183,-0.276,4.927,6.925
1423700514051,37.490348,139.929656,4,8.218,-0.337,4.989,6.901
1423700514151,37.490349,139.929648,4,8.097,-0.385,4.701,6.876
1423700514252,37.49035,139.92964,4,7.923,-0.283,4.571,6.851
1423700514353,37.490351,139.929632,4,8.015,-0.316,4.774,6.826
1423700514454,37.490351,139.929623,4,8.088,-0.384,4.771,6.801
1423700514554,37.490352,139.929615,4,8.108,-0.469,4.747,6.776
1423700514655,37.490353,139.929607,4,7.974,-0.466,4.775,6.751
1423700514751,37.490354,139.9296,4,8.052,-0.422,4.755,6.75
1423700514851,37.490356,139.929593,4,8.014,-0.359,4.696,6.75
1423700514952,37.490357,139.929586,4,8.025,-0.355,4.72,6.75
1423700515053,37.490359,139.929578,4,8.152,-0.365,4.765,6.75
1423700515153,37.49036,139.929571,4,8.059,-0.393,4.732,6.75
1423700515254,37.490362,139.929564,4,8.043,-0.339,4.704,6.75
1423700515355,37.490363,139.929556,4,8.034,-0.41,4.811,6.75
1423700515456,37.490365,139.929549,4,8.072,-0.418,4.767,6.75
1423700515551,37.490366,139.929542,4,7.952,-0.315,4.587,6.75
1423700515652,37.490368,139.929535,4,8.012,-0.34,4.605,6.75
1423700515753,37.490367,139.929526,6,8.093,-0.291,4.694,6.726
1423700515853,37.490367,139.929518,6,8.258,-0.184,4.74,6.701
1423700515954,37.490366,139.92951,6,8.214,-0.163,4.753,6.676
1423700516055,37.490366,139.929502,6,8.214,-0.186,4.71,6.65
1423700516155,37.490365,139.929494,6,8.119,-0.19,4.687,6.625
1423700516251,37.490364,139.929486,6,8.088,-0.23,4.603,6.601
1423700516352,37.490364,139.929478,6,8.082,-0.188,4.633,6.576
1423700516452,37.490363,139.92947,6,8.211,-0.185,4.605,6.551
1423700516553,37.490363,139.929462,6,8.409,-0.146,4.734,6.526
1423700516654,37.490362,139.929453,6,8.351,-0.193,4.657,6.501
1423700516755,37.490362,139.929446,6,8.137,-0.239,4.516,6.451
1423700516855,37.490362,139.929439,6,8.104,-0.28,4.484,6.399
1423700516951,37.490361,139.929432,6,8.161,-0.199,4.51,6.35
1423700517052,37.490361,139.929425,6,8.139,-0.189,4.414,6.299
1423700517152,37.490361,139.929418,6,8.177,-0.188,4.411,6.249
1423700517253,37.490361,139.929411,6,8.221,-0.225,4.477,6.199
1423700517354,37.490361,139.929404,6,8.228,-0.244,4.483,6.149
1423700517454,37.49036,139.929397,6,8.121,-0.278,4.433,6.1
1423700517555,37.49036,139.92939,6,8.133,-0.253,4.487,6.051
1423700517651,37.49036,139.929384,6,8.231,-0.213,4.576,6.004
1423700517752,37.49036,139.929377,4,8.118,-0.154,4.43,6.0
1423700517852,37.490361,139.92937,4,8.061,-0.178,4.368,6.0
1423700517953,37.490361,139.929363,4,8.13,-0.18,4.429,6.0
1423700518054,37.490362,139.929357,4,8.569,-0.177,4.634,6.0
1423700518154,37.490362,139.92935,4,8.481,-0.275,4.624,6.0
1423700518255,37.490363,139.929343,4,8.597,-0.323,4.406,6.0
1423700518351,37.490363,139.929337,4,8.296,-0.387,4.345,6.0
1423700518452,37.490364,139.92933,4,8.325,-0.344,4.462,6.0
1423700518552,37.490364,139.929323,4,8.48,-0.347,4.637,6.0
1423700518653,37.490365,139.929316,4,8.165,-0.206,4.44,6.0
1423700518754,37.490365,139.92931,5,8.094,-0.194,4.534,6.067
1423700518854,37.490366,139.929303,5,8.274,-0.252,4.646,6.139
1423700518955,37.490366,139.929296,5,8.321,-0.248,4.677,6.212
1423700519051,37.490367,139.929289,5,8.209,-0.211,4.699,6.283
1423700519151,37.490367,139.929282,5,8.189,-0.197,4.72,6.357
1423700519252,37.490368,139.929274,5,8.056,-0.235,4.577,6.433
1423700519353,37.490368,139.929267,5,8.052,-0.23,4.515,6.51
1423700519454,37.490369,139.92926,5,8.146,-0.226,4.527,6.588
1423700519554,37.490369,139.929252,5,8.177,-0.267,4.558,6.666
1423700519655,37.49037,139.929244,5,8.188,-0.214,4.688,6.746
1423700519751,37.490371,139.929239,5,8.197,-0.14,4.672,6.703
1423700519851,37.490371,139.929233,5,8.074,-0.075,4.5,6.652
1423700519952,37.490372,139.929227,5,8.225,-0.18,4.536,6.6
1423700520053,37.490373,139.929221,5,8.392,-0.263,4.692,6.549
1423700520154,37.490374,139.929215,5,8.335,-0.336,4.545,6.498
1423700520254,37.490374,139.929209,5,8.082,-0.246,4.4,6.448
1423700520355,37.490375,139.929203,5,8.219,-0.291,4.586,6.398
1423700520451,37.490376,139.929198,5,8.473,-0.379,4.747,6.351
1423700520551,37.490376,139.929192,5,8.337,-0.385,4.411,6.303
1423700520652,37.490377,139.929186,5,8.038,-0.198,4.046,6.254
1423700520753,37.490377,139.929179,5,8.352,-0.019,4.21,6.295
1423700520853,37.490378,139.929172,5,8.461,0.051,4.341,6.344
1423700520954,37.490378,139.929164,5,8.629,0.052,4.505,6.393
1423700521055,37.490379,139.929157,5,8.547,0.071,4.25,6.443
1423700521151,37.490379,139.929149,5,8.114,0.151,3.854,6.491
1423700521251,37.490379,139.929142,5,8.005,0.158,3.762,6.541
1423700521352,37.49038,139.929134,5,8.216,0.127,3.913,6.592
1423700521453,37.49038,139.929126,5,8.469,0.12,4.139,6.643
1423700521553,37.490381,139.929118,5,8.545,0.155,4.487,6.695
1423700521654,37.490381,139.92911,5,8.309,0.021,4.264,6.747
1423700521755,37.490381,139.929103,6,8.209,-0.02,4.393,6.75
1423700521855,37.490381,139.929096,6,8.285,-0.132,4.752,6.75
1423700521951,37.490381,139.929089,6,8.288,-0.237,4.765,6.75
1423700522052,37.490381,139.929082,6,8.13,-0.204,4.449,6.75
1423700522153,37.490381,139.929075,6,7.982,-0.119,4.401,6.75
1423700522253,37.49038,139.929067,6,8.084,-0.216,4.523,6.75
1423700522354,37.49038,139.92906,6,8.088,-0.237,4.621,6.75
1423700522455,37.49038,139.929053,6,8.153,-0.213,4.61,6.75
1423700522555,37.49038,139.929046,6,8.158,-0.211,4.552,6.75
1423700522651,37.49038,139.929039,6,8.066,-0.249,4.436,6.75
1423700522752,37.490381,139.92903,6,8.123,-0.285,4.511,6.773
1423700522853,37.490382,139.929021,6,8.263,-0.287,4.684,6.798
1423700522953,37.490384,139.929013,6,8.234,-0.301,4.59,6.822
1423700523054,37.490385,139.929004,6,8.375,-0.401,4.445,6.847
1423700523155,37.490386,139.928995,6,8.376,-0.388,4.562,6.873
1423700523255,37.490388,139.928987,6,8.487,-0.385,4.591,6.898
1423700523351,37.490389,139.928978,6,8.222,-0.317,4.345,6.922
1423700523452,37.49039,139.928969,6,7.931,-0.244,4.067,6.947
1423700523552,37.490392,139.928961,6,8.343,-0.265,4.262,6.973
1423700523653,37.490393,139.928952,6,8.462,-0.341,4.396,6.998
1423700523754,37.490395,139.928944,5,8.212,-0.398,4.176,6.951
1423700523855,37.490397,139.928937,5,8.254,-0.336,4.07,6.9
1423700523955,37.490398,139.928929,5,8.245,-0.229,4.359,6.849
1423700524051,37.4904,139.928922,5,8.452,-0.211,4.412,6.8
1423700524152,37.490402,139.928915,5,8.008,-0.261,3.858,6.749
1423700524252,37.490404,139.928908,5,8.174,-0.162,4.081,6.7
1423700524353,37.490406,139.928901,5,8.471,-0.276,4.399,6.65
1423700524454,37.490407,139.928893,5,8.522,-0.329,4.464,6.6
1423700524554,37.490409,139.928886,5,8.169,-0.361,4.107,6.551
1423700524655,37.490411,139.928879,5,7.983,-0.264,4.132,6.502
1423700524751,37.490412,139.928872,5,8.159,-0.188,4.208,6.565
1423700524852,37.490413,139.928865,5,8.409,-0.114,4.267,6.638
1423700524952,37.490414,139.928857,5,8.338,-0.147,4.224,6.711
1423700525053,37.490415,139.928849,5,8.369,-0.261,4.363,6.785
1423700525154,37.490416,139.928842,5,8.521,-0.403,4.537,6.86
1423700525254,37.490417,139.928834,5,8.599,-0.48,4.534,6.936
1423700525355,37.490418,139.928826,5,8.363,-0.406,4.303,7.013
1423700525451,37.490419,139.928818,5,8.184,-0.248,4.159,7.086
1423700525552,37.49042,139.92881,5,8.151,-0.157,4.023,7.165
1423700525652,37.490421,139.928802,5,8.286,-0.172,4.109,7.244
1423700525753,37.490422,139.928793,5,8.57,-0.178,4.324,7.273
1423700525854,37.490424,139.928784,5,8.347,-0.356,4.275,7.298
1423700525954,37.490425,139.928775,5,8.238,-0.366,4.193,7.323
1423700526055,37.490426,139.928765,5,8.263,-0.317,4.268,7.348
1423700526151,37.490428,139.928757,5,8.742,-0.268,4.609,7.372
1423700526251,37.490429,139.928748,5,8.506,-0.207,4.259,7.397
1423700526352,37.490431,139.928738,5,8.187,-0.191,4.012,7.422
1423700526453,37.490432,139.928729,5,8.176,-0.196,4.103,7.448
1423700526554,37.490433,139.92872,5,8.5,-0.246,4.463,7.473
1423700526654,37.490435,139.928711,5,8.17,-0.323,4.266,7.498
1423700526755,37.490436,139.928702,5,7.752,-0.14,3.829,7.5
1423700526856,37.490437,139.928694,5,8.184,-0.086,4.223,7.5
1423700526951,37.490438,139.928686,5,8.145,0.152,4.512,7.5
1423700527057,37.49044,139.928677,5,8.564,0.074,4.664,7.5
1423700527153,37.490441,139.928669,5,8.373,0.129,4.463,7.5
1423700527252,37.490442,139.928661,5,8.065,0.028,4.389,7.5
1423700527354,37.490443,139.928652,5,8.398,0.034,4.306,7.5
1423700527453,37.490445,139.928644,5,8.4,-0.122,4.446,7.5
1423700527551,37.490446,139.928636,5,8.106,-0.125,4.155,7.5
1423700527651,37.490447,139.928628,5,8.505,-0.014,4.615,7.5
1423700527752,37.490447,139.928619,6,8.634,-0.149,4.829,7.523
1423700527853,37.490447,139.928609,6,8.256,-0.321,4.419,7.548
1423700527953,37.490447,139.9286,6,8.179,-0.35,4.212,7.572
1423700528054,37.490447,139.928591,6,8.065,-0.318,4.201,7.598
1423700528155,37.490447,139.928581,6,8.207,-0.318,4.119,7.623
1423700528251,37.490448,139.928572,6,8.225,-0.226,4.068,7.647
1423700528351,37.490448,139.928563,6,8.342,-0.228,4.402,7.672
1423700528452,37.490448,139.928554,6,8.468,-0.217,4.479,7.697
1423700528553,37.490448,139.928544,6,8.303,-0.232,4.282,7.723
1423700528653,37.490448,139.928535,6,8.322,-0.167,4.267,7.748
1423700528754,37.490449,139.928526,6,8.531,-0.142,4.483,7.75
1423700528855,37.49045,139.928517,6,8.405,-0.194,4.329,7.75
1423700528955,37.490451,139.928509,6,8.191,-0.208,4.131,7.75
1423700529051,37.490452,139.9285,6,8.173,-0.196,4.198,7.75
1423700529152,37.490452,139.928492,6,8.23,-0.245,4.154,7.75
1423700529252,37.490453,139.928483,6,8.405,-0.248,4.293,7.75
1423700529353,37.490454,139.928474,6,8.409,-0.188,4.427,7.75
1423700529454,37.490455,139.928466,6,8.139,-0.051,4.211,7.75
1423700529555,37.490456,139.928457,6,8.003,0.071,4.186,7.75
1423700529655,37.490457,139.928448,6,8.259,-0.012,4.721,7.75
1423700529751,37.49046,139.92844,7,8.491,-0.085,4.943,7.75
1423700529852,37.490463,139.928431,7,8.235,-0.098,4.731,7.75
1423700529952,37.490466,139.928422,7,7.91,-0.085,4.614,7.75
1423700530053,37.490469,139.928413,7,8.212,-0.125,4.878,7.75
1423700530154,37.490472,139.928404,7,8.345,-0.279,4.843,7.75
1423700530255,37.490475,139.928395,7,7.951,-0.274,4.692,7.75
1423700530355,37.490478,139.928386,7,7.939,-0.269,4.609,7.75
1423700530451,37.490481,139.928378,7,8.067,-0.245,4.647,7.75
1423700530552,37.490484,139.928369,7,8.128,-0.224,4.797,7.75
1423700530652,37.490487,139.92836,7,8.18,-0.284,4.86,7.75
1423700530753,37.490488,139.928351,7,8.097,-0.265,4.842,7.702
1423700530854,37.49049,139.928341,7,8.057,-0.193,4.772,7.65
1423700530954,37.490491,139.928333,7,8.079,-0.148,4.757,7.6
1423700531055,37.490493,139.928324,7,8.088,-0.11,4.74,7.549
1423700531151,37.490494,139.928315,7,8.115,-0.118,4.72,7.5
1423700531252,37.490495,139.928306,7,8.065,-0.085,4.764,7.45
1423700531352,37.490497,139.928297,7,8.148,-0.103,4.754,7.4
1423700531453,37.490498,139.928289,7,8.092,-0.123,4.638,7.351
1423700531554,37.4905,139.92828,7,7.971,-0.118,4.574,7.301
1423700531654,37.490501,139.928272,7,8.019,-0.165,4.513,7.253
1423700531755,37.490502,139.928264,5,8.308,-0.144,4.806,7.201
1423700531851,37.490503,139.928258,5,8.062,-0.133,4.768,7.152
1423700531951,37.490504,139.928251,5,7.943,-0.13,4.541,7.101
1423700532052,37.490505,139.928244,5,7.998,-0.092,4.684,7.05
1423700532153,37.490507,139.928237,5,8.101,-0.058,4.803,6.999
1423700532254,37.490508,139.92823,5,8.156,-0.075,4.739,6.949
1423700532354,37.490509,139.928223,5,7.894,0.01,4.637,6.899
1423700532455,37.49051,139.928217,5,7.801,0.18,4.502,6.85
1423700532551,37.490511,139.92821,5,8.407,-0.149,5.083,6.803
1423700532651,37.490512,139.928204,5,8.587,-0.41,5.373,6.754
1423700532752,37.490513,139.928196,5,8.134,-0.337,4.865,6.727
1423700532853,37.490514,139.928189,5,7.561,-0.018,4.28,6.701
1423700532953,37.490515,139.928182,5,7.73,0.091,4.496,6.676
1423700533054,37.490516,139.928175,5,8.306,0.156,4.793,6.65
1423700533155,37.490518,139.928168,5,8.319,0.119,4.857,6.625
1423700533251,37.490519,139.928161,5,8.021,0.06,4.746,6.601
1423700533351,37.49052,139.928154,5,7.916,-0.006,4.702,6.576
1423700533452,37.490521,139.928147,5,8.077,-0.049,4.85,6.551
1423700533553,37.490522,139.928139,5,8.235,0.02,4.814,6.526
1423700533653,37.490523,139.928132,5,8.092,0.078,4.694,6.502
1423700533754,37.490524,139.928125,6,7.972,0.11,4.569,6.5
1423700533855,37.490525,139.928118,6,8.057,0.044,4.67,6.5
1423700533951,37.490525,139.928111,6,8.206,-0.017,4.845,6.5
1423700534051,37.490526,139.928103,6,8.331,-0.057,4.949,6.5
1423700534152,37.490527,139.928096,6,7.965,-0.057,4.706,6.5
1423700534253,37.490528,139.928089,6,8.0,-0.006,4.684,6.5
1423700534353,37.490529,139.928081,6,8.187,-0.031,4.703,6.5
1423700534454,37.490529,139.928074,6,8.222,-0.031,4.56,6.5
1423700534555,37.49053,139.928067,6,8.177,-0.073,4.487,6.5
1423700534655,37.490531,139.928059,6,8.272,-0.06,4.618,6.5
1423700534751,37.490531,139.928053,6,8.333,-0.048,4.695,6.522
1423700534852,37.490531,139.928046,6,8.234,-0.079,4.563,6.547
1423700534953,37.490531,139.928039,6,8.209,-0.127,4.548,6.572
1423700535053,37.490531,139.928032,6,8.119,-0.157,4.497,6.597
1423700535154,37.490531,139.928025,6,8.138,-0.227,4.522,6.622
1423700535255,37.490531,139.928018,6,8.271,-0.255,4.619,6.648
1423700535355,37.490531,139.928011,6,8.247,-0.243,4.689,6.673
1423700535451,37.490531,139.928004,6,8.171,-0.223,4.685,6.697
1423700535552,37.490531,139.927997,6,8.056,-0.263,4.593,6.723
1423700535652,37.490531,139.92799,6,8.129,-0.29,4.714,6.748
1423700535753,37.490531,139.927983,6,8.029,-0.3,4.667,6.726
1423700535854,37.490531,139.927977,6,8.048,-0.28,4.718,6.701
1423700535955,37.49053,139.927971,6,8.012,-0.313,4.72,6.675
1423700536055,37.49053,139.927965,6,7.802,-0.269,4.63,6.65
1423700536151,37.49053,139.927959,6,7.988,-0.28,4.668,6.626
1423700536252,37.49053,139.927953,6,8.016,-0.327,4.661,6.601
1423700536352,37.49053,139.927947,6,8.046,-0.404,4.746,6.576
1423700536453,37.490529,139.927941,6,8.163,-0.457,4.86,6.551
1423700536554,37.490529,139.927935,6,8.172,-0.529,4.954,6.526
1423700536655,37.490529,139.927929,6,8.102,-0.572,4.945,6.501
1423700536755,37.490528,139.927922,6,8.166,-0.476,4.911,6.451
1423700536851,37.490527,139.927915,6,8.01,-0.412,4.824,6.401
1423700536952,37.490526,139.927908,6,7.993,-0.438,4.806,6.35
1423700537052,37.490525,139.927901,6,7.985,-0.505,4.76,6.299
1423700537153,37.490524,139.927894,6,8.202,-0.519,4.916,6.249
1423700537254,37.490524,139.927887,6,8.082,-0.452,4.825,6.198
1423700537354,37.490523,139.92788,6,7.967,-0.342,4.755,6.149
1423700537455,37.490522,139.927873,6,8.168,-0.35,4.923,6.099
1423700537551,37.490521,139.927866,6,8.159,-0.469,4.928,6.053
1423700537652,37.49052,139.92786,6,7.879,-0.604,4.758,6.004
1423700537752,37.49052,139.927852,6,8.071,-0.633,4.869,5.927
1423700537853,37.49052,139.927845,6,8.043,-0.485,4.926,5.847
1423700537954,37.49052,139.927838,6,7.9,-0.536,4.781,5.769
1423700538054,37.49052,139.927831,6,7.782,-0.524,4.645,5.693
1423700538155,37.490521,139.927824,6,7.805,-0.476,4.7,5.616
1423700538251,37.490521,139.927817,6,7.852,-0.482,4.893,5.545
1423700538351,37.490521,139.92781,6,7.944,-0.53,5.046,5.471
1423700538452,37.490521,139.927804,6,7.934,-0.609,5.053,5.398
1423700538553,37.490521,139.927797,6,7.902,-0.556,5.14,5.325
1423700538654,37.490521,139.92779,6,7.9,-0.511,5.174,5.254
1423700538754,37.490521,139.927786,4,7.979,-0.437,5.274,5.226
1423700538851,37.490521,139.927781,4,7.9,-0.427,5.212,5.201
1423700538951,37.490521,139.927776,4,7.785,-0.318,5.1,5.176
1423700539051,37.490521,139.927772,4,7.62,-0.24,4.922,5.151
1423700539152,37.490521,139.927767,4,7.887,-0.307,5.082,5.125
1423700539253,37.49052,139.927762,4,8.039,-0.327,5.202,5.1
1423700539354,37.49052,139.927758,4,8.035,-0.306,5.122,5.075
1423700539454,37.49052,139.927753,4,8.049,-0.264,5.195,5.051
1423700539555,37.49052,139.927749,4,7.824,-0.273,5.008,5.026
1423700539651,37.49052,139.927744,4,7.726,-0.326,4.919,5.002
1423700539751,37.490522,139.927738,5,7.939,-0.313,5.104,4.977
1423700539852,37.490523,139.927732,5,8.015,-0.276,5.187,4.951
1423700539953,37.490525,139.927725,5,7.94,-0.25,5.092,4.925
1423700540053,37.490527,139.927719,5,7.909,-0.3,5.074,4.9
1423700540154,37.490529,139.927712,5,7.739,-0.27,4.859,4.875
1423700540255,37.49053,139.927706,5,7.833,-0.205,4.993,4.85
1423700540356,37.490532,139.9277,5,7.983,-0.188,5.268,4.825
1423700540451,37.490534,139.927694,5,8.031,-0.211,5.313,4.801
1423700540552,37.490535,139.927688,5,7.869,-0.27,5.197,4.776
1423700540653,37.490537,139.927681,5,7.668,-0.185,5.047,4.752
1423700540753,37.490536,139.927676,5,7.641,-0.189,5.08,4.618
1423700540854,37.490536,139.927671,5,7.82,-0.179,5.279,4.478
1423700540955,37.490535,139.927667,5,7.886,-0.228,5.496,4.342
1423700541055,37.490534,139.927662,5,7.795,-0.273,5.453,4.211
1423700541156,37.490534,139.927658,5,7.632,-0.197,5.279,4.083
1423700541252,37.490533,139.927653,5,7.671,-0.183,5.325,3.964
1423700541351,37.490533,139.927649,5,7.724,-0.22,5.466,3.846
1423700541453,37.490532,139.927645,5,7.667,-0.248,5.458,3.728
1423700541552,37.490532,139.927641,5,7.67,-0.151,5.486,3.617
1423700541655,37.490531,139.927637,5,7.737,-0.101,5.543,3.505
1423700541754,37.490532,139.927634,5,7.493,0.058,5.254,3.422
1423700541851,37.490532,139.927631,5,7.639,-0.023,5.539,3.343
1423700541952,37.490533,139.927628,5,7.977,-0.15,5.691,3.262
1423700542052,37.490533,139.927626,5,7.884,-0.296,5.611,3.185
1423700542153,37.490534,139.927623,5,7.637,-0.33,5.331,3.108
1423700542254,37.490534,139.92762,5,7.603,-0.308,5.239,3.033
1423700542355,37.490535,139.927618,5,7.781,-0.226,5.366,2.96
1423700542455,37.490535,139.927615,5,7.9,-0.13,5.46,2.889
1423700542551,37.490536,139.927613,5,7.813,-0.108,5.343,2.823
1423700542652,37.490536,139.92761,5,7.659,-0.191,5.14,2.755
1423700542752,37.490536,139.927607,5,7.643,-0.206,5.077,2.639
1423700542853,37.490537,139.927603,5,7.8,-0.075,5.228,2.522
1423700542954,37.490537,139.9276,5,7.938,0.014,5.427,2.41
1423700543055,37.490538,139.927597,5,7.859,-0.049,5.358,2.302
1423700543155,37.490538,139.927593,5,7.663,-0.039,5.315,2.199
1423700543251,37.490539,139.927591,5,7.68,-0.064,5.261,2.105
1423700543352,37.490539,139.927588,5,7.693,-0.066,5.366,2.011
1423700543452,37.490539,139.927585,5,7.727,-0.048,5.508,1.921
1423700543553,37.49054,139.927583,5,7.751,-0.072,5.587,1.836
1423700543654,37.49054,139.92758,5,7.687,-0.069,5.509,1.755
1423700543755,37.49054,139.927578,4,7.632,-0.011,5.458,1.75
1423700543855,37.490541,139.927576,4,7.673,-0.048,5.502,1.75
1423700543951,37.490541,139.927574,4,7.656,-0.112,5.494,1.75
1423700544052,37.490542,139.927573,4,7.587,-0.143,5.415,1.75
1423700544152,37.490542,139.927571,4,7.623,-0.1,5.437,1.75
1423700544253,37.490542,139.927569,4,7.709,0.003,5.548,1.75
1423700544354,37.490543,139.927567,4,7.725,0.066,5.582,1.75
1423700544454,37.490543,139.927565,4,7.655,0.053,5.528,1.75
1423700544551,37.490544,139.927563,4,7.63,0.03,5.519,1.75
1423700544651,37.490544,139.927561,4,7.642,0.044,5.559,1.75
1423700544751,37.490544,139.92756,4,7.651,0.065,5.587,1.626
1423700544852,37.490544,139.92756,4,7.628,0.04,5.576,1.496
1423700544953,37.490544,139.92756,4,7.6,-0.022,5.574,1.374
1423700545054,37.490544,139.927559,4,7.603,-0.043,5.601,1.26
1423700545154,37.490545,139.927559,4,7.604,-0.002,5.617,1.156
1423700545255,37.490545,139.927558,4,7.674,0.03,5.584,1.059
1423700545351,37.490545,139.927558,4,7.966,0.011,5.27,0.974
1423700545451,37.490545,139.927558,4,8.154,-0.032,4.747,0.893
1423700545552,37.490545,139.927557,4,8.119,-0.044,4.365,0.819
1423700545653,37.490545,139.927557,4,8.097,-0.013,4.35,0.754
1423700545754,37.490544,139.927556,4,8.165,-0.008,4.525,0.616
1423700545854,37.490542,139.927554,4,8.186,-0.028,4.682,0.487
1423700545955,37.490541,139.927553,4,8.205,-0.021,4.658,0.373
1423700546051,37.49054,139.927552,4,8.172,-0.009,4.542,0.278
1423700546151,37.490539,139.927551,4,8.149,-0.013,4.47,0.194
1423700546252,37.490538,139.92755,4,8.165,-0.026,4.508,0.125
1423700546353,37.490538,139.92755,4,8.186,-0.025,4.584,0.071
1423700546453,37.490537,139.927549,4,8.187,-0.018,4.581,0.032
1423700546554,37.490537,139.927549,4,8.185,-0.033,4.526,0.008
1423700627755,37.490564,139.927514,3,8.521,-0.048,3.844,0.005
1423700627851,37.490564,139.927514,3,8.556,-0.026,3.76,0.018
1423700627951,37.490564,139.927514,3,8.591,-0.039,3.738,0.042
1423700628052,37.490564,139.927514,3,8.521,-0.031,3.778,0.077
1423700628153,37.490564,139.927514,3,8.454,-0.025,3.911,0.122
1423700628254,37.490564,139.927513,3,8.392,-0.022,4.053,0.176
1423700628354,37.490564,139.927513,3,8.408,-0.047,4.154,0.241
1423700628455,37.490564,139.927513,3,8.372,-0.073,4.173,0.316
1423700628551,37.490564,139.927512,3,8.328,-0.064,4.203,0.397
1423700628651,37.490564,139.927512,3,8.313,-0.018,4.277,0.491
1423700628752,37.490564,139.92751,3,8.322,0.029,4.347,0.412
1423700628853,37.490564,139.927508,3,8.324,0.054,4.359,0.326
1423700628953,37.490564,139.927506,3,8.311,0.04,4.365,0.25
1423700629054,37.490564,139.927505,3,8.278,0.008,4.391,0.184
1423700629155,37.490564,139.927504,3,8.301,-0.046,4.391,0.128
1423700629256,37.490564,139.927503,3,8.328,-0.084,4.327,0.082
1423700629351,37.490564,139.927502,3,8.357,-0.114,4.239,0.048
1423700629452,37.490564,139.927501,3,8.385,-0.124,4.132,0.022
1423700629553,37.490564,139.927501,3,8.495,-0.1,4.004,0.006
1423700630751,37.490564,139.927501,5,8.632,0.061,3.531,0.021
1423700630852,37.490564,139.9275,5,8.636,0.189,4.048,0.092
1423700630952,37.490564,139.927498,5,8.615,0.117,4.294,0.213
1423700631053,37.490564,139.927495,5,8.495,-0.014,4.15,0.386
1423700631154,37.490564,139.927492,5,8.39,-0.044,3.871,0.61
1423700631255,37.490564,139.927488,5,8.425,-0.048,3.836,0.885
1423700631355,37.490564,139.927484,5,8.559,-0.104,4.057,1.208
1423700631451,37.490563,139.927478,5,8.585,-0.178,4.087,1.564
1423700631552,37.490563,139.927472,5,8.51,-0.134,3.772,1.989
1423700631652,37.490563,139.927466,5,8.567,-0.125,3.669,2.46
1423700631753,37.490564,139.927462,5,8.58,-0.184,3.755,2.522
1423700631854,37.490565,139.927459,5,8.396,-0.074,3.657,2.547
1423700631954,37.490566,139.927456,5,8.676,-0.148,3.932,2.571
1423700632055,37.490567,139.927453,5,8.852,-0.216,3.818,2.596
1423700632151,37.490568,139.92745,5,8.709,-0.185,3.487,2.62
1423700632252,37.490569,139.927447,5,8.486,-0.046,3.313,2.645
1423700632352,37.49057,139.927444,5,8.416,0.057,3.564,2.67
1423700632453,37.490571,139.927441,5,8.434,0.025,4.013,2.696
1423700632554,37.490572,139.927437,5,8.491,-0.108,4.367,2.722
1423700632655,37.490573,139.927434,5,8.385,-0.172,4.386,2.749
1423700632755,37.490573,139.927431,4,8.201,-0.082,4.234,2.773
1423700632851,37.490574,139.927427,4,8.194,-0.123,4.312,2.796
1423700632952,37.490574,139.927424,4,8.135,-0.226,4.66,2.821
1423700633052,37.490575,139.92742,4,8.321,-0.298,4.628,2.845
1423700633153,37.490575,139.927417,4,8.206,-0.333,4.587,2.871
1423700633254,37.490576,139.927413,4,8.144,-0.308,4.573,2.896
1423700633354,37.490576,139.927409,4,8.152,-0.247,4.575,2.921
1423700633455,37.490577,139.927406,4,8.203,-0.161,4.569,2.947
1423700633551,37.490577,139.927402,4,8.254,-0.094,4.57,2.972
1423700633651,37.490578,139.927398,4,8.207,-0.095,4.59,2.998
1423700633752,37.490578,139.927395,3,8.159,-0.112,4.55,3.0
1423700633853,37.490579,139.927391,3,8.215,-0.151,4.578,3.0
1423700633954,37.490579,139.927387,3,8.21,-0.175,4.553,3.0
1423700634054,37.49058,139.927383,3,8.14,-0.173,4.486,3.0
1423700634155,37.49058,139.92738,3,8.19,-0.165,4.524,3.0
1423700634251,37.490581,139.927376,3,8.297,-0.217,4.609,3.0
1423700634351,37.490581,139.927372,3,8.178,-0.245,4.547,3.0
1423700634452,37.490582,139.927369,3,8.021,-0.201,4.378,3.0
1423700634553,37.490582,139.927365,3,8.115,-0.142,4.448,3.0
1423700634653,37.490583,139.927361,3,8.364,-0.121,4.741,3.0
1423700634754,37.490583,139.927358,3,8.28,-0.154,4.668,3.0
1423700634855,37.490584,139.927354,3,8.036,-0.158,4.428,3.0
1423700634951,37.490584,139.927351,3,8.11,-0.195,4.408,3.0
1423700635051,37.490585,139.927347,3,8.255,-0.206,4.572,3.0
1423700635152,37.490585,139.927344,3,8.179,-0.192,4.5,3.0
1423700635253,37.490585,139.92734,3,8.139,-0.235,4.458,3.0
1423700635353,37.490586,139.927337,3,8.144,-0.289,4.475,3.0
1423700635454,37.490586,139.927333,3,8.29,-0.315,4.646,3.0
1423700635555,37.490587,139.92733,3,8.095,-0.312,4.431,3.0
1423700635651,37.490587,139.927326,3,8.219,-0.401,4.599,3.0
1423700635751,37.490587,139.927323,4,8.293,-0.33,4.648,3.0
1423700635852,37.490588,139.927319,4,8.192,-0.165,4.591,3.0
1423700635953,37.490588,139.927315,4,8.271,-0.102,4.68,3.0
1423700636053,37.490589,139.927312,4,8.235,-0.152,4.635,3.0
1423700636154,37.490589,139.927308,4,8.042,-0.057,4.393,3.0
1423700636255,37.49059,139.927305,4,8.119,0.013,4.469,3.0
1423700636355,37.49059,139.927301,4,8.4,-0.091,4.756,3.0
1423700636451,37.490591,139.927298,4,8.384,-0.005,4.745,3.0
1423700636552,37.490591,139.927294,4,7.964,0.088,4.257,3.0
1423700636653,37.490592,139.92729,4,7.765,-0.023,4.056,3.0
1423700636753,37.490593,139.927287,4,7.964,-0.035,4.1,3.0
1423700636854,37.490593,139.927283,4,8.285,-0.219,4.482,3.0
1423700636955,37.490594,139.927279,4,8.599,-0.308,4.902,3.0
1423700637055,37.490594,139.927275,4,8.562,-0.34,4.875,3.0
1423700637151,37.490595,139.927272,4,8.243,-0.28,4.682,3.0
1423700637252,37.490596,139.927268,4,7.997,-0.305,4.514,3.0
1423700637352,37.490596,139.927264,4,7.857,-0.133,4.375,3.0
1423700637453,37.490597,139.927261,4,8.08,-0.074,4.624,3.0
1423700637554,37.490597,139.927257,4,8.42,-0.193,4.913,3.0
1423700637655,37.490598,139.927253,4,8.544,-0.258,4.814,3.0
1423700637755,37.490598,139.92725,4,8.532,-0.066,4.23,3.023
1423700637851,37.490599,139.927246,4,8.584,0.036,3.749,3.046
1423700637952,37.490599,139.927243,4,8.676,0.04,3.384,3.071
1423700638052,37.4906,139.927239,4,8.795,-0.097,3.168,3.096
1423700638153,37.4906,139.927235,4,8.725,-0.197,3.026,3.121
1423700638254,37.490601,139.927231,4,8.68,-0.287,3.178,3.146
1423700638355,37.490601,139.927228,4,8.918,-0.351,3.373,3.172
1423700638455,37.490602,139.927224,4,9.02,-0.403,3.275,3.197
1423700638551,37.490602,139.92722,4,8.899,-0.3,2.888,3.222
1423700638652,37.490603,139.927216,4,8.967,-0.279,2.836,3.248
1423700638752,37.490603,139.927212,4,8.88,-0.203,2.771,3.25
1423700638853,37.490604,139.927208,4,8.855,-0.053,2.756,3.25
1423700638954,37.490604,139.927205,4,9.085,0.006,2.879,3.25
1423700639054,37.490605,139.927201,4,9.099,-0.013,2.918,3.25
1423700639155,37.490605,139.927197,4,9.02,-0.08,2.893,3.25
1423700639251,37.490605,139.927193,4,9.109,-0.092,2.983,3.25
1423700639351,37.490606,139.927189,4,8.948,-0.101,2.919,3.25
1423700639452,37.490606,139.927185,4,9.022,-0.094,2.976,3.25
1423700639553,37.490607,139.927181,4,8.962,-0.201,3.097,3.25
1423700639654,37.490607,139.927177,4,8.999,-0.179,3.222,3.25
1423700639754,37.490607,139.927174,3,8.888,-0.164,3.11,3.25
1423700639855,37.490608,139.92717,3,8.718,-0.173,2.969,3.25
1423700639951,37.490608,139.927166,3,8.762,-0.154,3.019,3.25
1423700640051,37.490609,139.927163,3,8.912,-0.14,3.296,3.25
1423700640152,37.490609,139.927159,3,8.905,-0.167,3.391,3.25
1423700640253,37.490609,139.927155,3,8.629,-0.134,3.367,3.25
1423700640354,37.49061,139.927151,3,8.087,-0.071,3.427,3.25
1423700640454,37.49061,139.927148,3,8.371,-0.088,4.274,3.25
1423700640555,37.490611,139.927144,3,8.895,-0.186,4.949,3.25
1423700640656,37.490611,139.92714,3,8.954,-0.163,5.177,3.25
1423700640751,37.490611,139.927134,6,8.017,-0.154,4.338,3.407
1423700640857,37.490612,139.927126,6,7.786,-0.155,4.161,3.602
1423700640953,37.490613,139.927119,6,8.246,-0.133,4.627,3.789
1423700641052,37.490613,139.927111,6,8.671,-0.225,4.747,3.994
1423700641154,37.490614,139.927102,6,8.113,-0.142,4.409,4.217
1423700641253,37.490615,139.927093,6,7.743,-0.1,3.962,4.445
1423700641351,37.490615,139.927083,6,7.563,0.004,3.913,4.681
1423700641451,37.490616,139.927073,6,7.568,-0.082,3.966,4.934
1423700641552,37.490617,139.927063,6,7.993,-0.106,4.185,5.201
1423700641653,37.490618,139.927052,6,8.018,-0.084,4.319,5.48
1423700641753,37.490619,139.927045,6,8.38,-0.126,4.837,5.5
1423700641854,37.49062,139.927039,6,8.492,-0.087,5.053,5.5
1423700641955,37.490621,139.927033,6,7.715,-0.099,4.387,5.5
1423700642051,37.490622,139.927027,6,8.047,-0.208,4.782,5.5
1423700642151,37.490623,139.927021,6,8.179,-0.21,4.862,5.5
1423700642252,37.490625,139.927015,6,8.255,-0.133,4.573,5.5
1423700642353,37.490626,139.927009,6,8.371,-0.082,4.19,5.5
1423700642453,37.490627,139.927003,6,8.252,0.01,3.534,5.5
1423700642554,37.490628,139.926996,6,8.394,0.125,3.712,5.5
1423700642655,37.490629,139.92699,6,8.461,0.053,3.807,5.5
1423700642755,37.49063,139.926983,5,8.578,-0.104,3.657,5.608
1423700642851,37.490631,139.926976,5,8.596,-0.1,3.773,5.719
1423700642952,37.490632,139.926968,5,8.6,0.062,3.681,5.839
1423700643053,37.490633,139.92696,5,8.75,0.132,3.816,5.961
1423700643153,37.490634,139.926952,5,8.478,0.134,3.646,6.084
1423700643254,37.490635,139.926944,5,8.407,0.058,3.601,6.212
1423700643355,37.490636,139.926935,5,8.494,0.006,3.66,6.342
1423700643455,37.490638,139.926927,5,8.408,0.013,3.616,6.473
1423700643551,37.490639,139.926919,5,8.438,0.176,3.602,6.601
1423700643652,37.49064,139.92691,5,8.898,0.248,4.076,6.739
1423700643753,37.490641,139.926901,5,8.831,0.402,4.141,6.795
1423700643853,37.490642,139.926893,5,8.526,0.419,3.751,6.844
1423700643954,37.490642,139.926885,5,8.927,0.028,4.046,6.893
1423700644055,37.490643,139.926877,5,8.533,0.024,3.912,6.943
1423700644151,37.490644,139.926869,5,8.455,-0.072,3.544,6.991
1423700644251,37.490645,139.92686,5,8.556,-0.137,3.66,7.041
1423700644352,37.490645,139.926852,5,8.608,0.043,3.713,7.092
1423700644452,37.490646,139.926843,5,8.415,0.118,3.561,7.143
1423700644553,37.490647,139.926834,5,8.21,0.208,3.599,7.195
1423700644654,37.490648,139.926826,5,8.538,0.098,3.988,7.247
1423700644755,37.49065,139.926817,5,9.053,-0.071,4.498,7.296
1423700644855,37.490651,139.926808,5,8.828,-0.172,4.333,7.345
1423700644951,37.490653,139.926799,5,8.273,-0.131,3.884,7.392
1423700645052,37.490655,139.92679,5,8.246,-0.102,3.762,7.442
1423700645152,37.490656,139.926781,5,8.404,-0.036,3.731,7.492
1423700645253,37.490658,139.926772,5,8.343,-0.091,3.637,7.542
1423700645354,37.49066,139.926762,5,8.509,-0.097,3.955,7.593
1423700645455,37.490661,139.926753,5,8.657,-0.172,4.233,7.645
1423700645555,37.490663,139.926744,5,8.538,-0.185,4.152,7.696
1423700645651,37.490665,139.926735,5,8.389,-0.214,3.988,7.745
1423700645752,37.490666,139.926726,5,8.406,-0.199,3.957,7.816
1423700645852,37.490667,139.926717,5,8.401,-0.124,3.907,7.889
1423700645953,37.490668,139.926707,5,8.41,-0.022,3.894,7.963
1423700646054,37.490669,139.926698,5,8.445,-0.074,4.017,8.037
1423700646154,37.49067,139.926689,5,8.55,-0.072,4.043,8.112
1423700646255,37.490671,139.926679,5,8.477,-0.04,3.993,8.188
1423700646351,37.490672,139.92667,5,8.286,-0.013,3.899,8.261
1423700646452,37.490674,139.92666,5,8.485,0.083,4.048,8.338
1423700646552,37.490675,139.926651,5,8.652,0.04,4.232,8.416
1423700646653,37.490676,139.926641,5,8.555,0.016,4.186,8.495
1423700646754,37.490676,139.926632,4,8.266,0.088,3.984,8.523
1423700646854,37.490677,139.926623,4,8.012,0.117,3.749,8.548
1423700646955,37.490677,139.926613,4,8.225,0.141,4.107,8.573
1423700647051,37.490678,139.926605,4,8.326,0.121,4.644,8.597
1423700647151,37.490678,139.926596,4,8.239,0.103,4.784,8.622
1423700647253,37.490679,139.926586,4,8.055,0.132,4.669,8.647
1423700647353,37.490679,139.926577,4,7.852,0.174,4.596,8.672
1423700647453,37.49068,139.926568,4,7.968,0.185,4.621,8.698
1423700647554,37.49068,139.926559,4,8.216,0.049,4.871,8.723
1423700647655,37.490681,139.926549,4,7.883,0.167,4.696,8.749
1423700647751,37.490681,139.92654,4,7.75,0.254,4.437,8.75
1423700647851,37.490682,139.92653,4,7.713,0.282,4.418,8.75
1423700647952,37.490682,139.92652,4,7.708,0.34,4.416,8.75
1423700648053,37.490683,139.92651,4,8.629,-0.008,5.482,8.75
1423700648153,37.490683,139.9265,4,9.089,-0.547,6.147,8.75
1423700648254,37.490683,139.92649,4,8.254,-0.312,5.232,8.75
1423700648355,37.490684,139.92648,4,7.792,-0.601,4.655,8.75
1423700648456,37.490684,139.92647,4,8.14,-0.729,4.544,8.75
1423700648551,37.490685,139.926461,4,8.353,-0.881,4.61,8.75
1423700648652,37.490685,139.926451,4,7.951,-1.059,4.593,8.75
1423700648753,37.490685,139.926442,4,7.774,-0.938,4.615,8.726
1423700648853,37.490686,139.926433,4,8.184,-0.839,4.71,8.701
1423700648954,37.490686,139.926424,4,8.157,-0.786,4.521,8.676
1423700649055,37.490687,139.926415,4,7.945,-0.495,4.529,8.65
1423700649156,37.490687,139.926406,4,8.204,-0.435,4.814,8.625
1423700649251,37.490687,139.926397,4,8.231,-0.269,4.716,8.601
1423700649352,37.490688,139.926388,4,8.327,-0.139,4.398,8.576
1423700649453,37.490688,139.926379,4,8.368,-0.374,4.276,8.551
1423700649553,37.490689,139.92637,4,8.465,-0.632,4.484,8.526
1423700649654,37.490689,139.926362,4,8.187,-0.787,4.107,8.501
1423700649755,37.490689,139.926352,4,7.99,-0.891,4.029,8.546
1423700649855,37.49069,139.926343,4,8.218,-0.933,4.113,8.595
1423700649951,37.49069,139.926334,4,8.273,-1.083,4.167,8.643
1423700650052,37.49069,139.926324,4,8.303,-1.187,4.318,8.693
1423700650152,37.49069,139.926314,4,8.263,-0.928,4.431,8.742
1423700650253,37.490691,139.926305,4,8.065,-0.841,4.098,8.793
1423700650354,37.490691,139.926295,4,8.034,-0.736,4.082,8.844
1423700650455,37.490691,139.926285,4,7.899,-0.814,4.112,8.895
1423700650555,37.490692,139.926275,4,8.225,-0.623,4.636,8.946
1423700650651,37.490692,139.926266,4,8.553,-0.41,5.066,8.995
1423700650752,37.490693,139.926256,4,8.443,-0.192,4.839,9.0
1423700650852,37.490694,139.926247,4,8.428,-0.014,4.453,9.0
1423700650953,37.490694,139.926237,4,8.401,-0.09,4.429,9.0
1423700651054,37.490695,139.926227,4,8.287,-0.202,4.141,9.0
1423700651155,37.490696,139.926217,4,8.12,-0.231,4.121,9.0
1423700651255,37.490697,139.926208,4,8.039,-0.263,4.182,9.0
1423700651351,37.490698,139.926199,4,8.165,-0.252,4.139,9.0
1423700651452,37.490698,139.926189,4,8.506,-0.162,4.705,9.0
1423700651552,37.490699,139.926179,4,8.643,-0.171,4.856,9.0
1423700651653,37.4907,139.92617,4,8.477,-0.165,4.54,9.0
1423700651754,37.490701,139.92616,4,8.173,-0.148,4.297,9.0
1423700651854,37.490701,139.926149,4,8.35,-0.079,4.053,9.0
1423700651955,37.490702,139.926139,4,8.364,-0.052,4.031,9.0
1423700652051,37.490702,139.92613,4,8.274,-0.032,4.129,9.0
1423700652152,37.490703,139.926119,4,8.193,0.104,4.236,9.0
1423700652252,37.490704,139.926109,4,8.377,0.001,4.576,9.0
1423700652353,37.490704,139.926099,4,8.09,-0.132,4.26,9.0
1423700652454,37.490705,139.926089,4,8.036,-0.229,4.279,9.0
1423700652554,37.490705,139.926079,4,7.916,-0.209,4.363,9.0
1423700652655,37.490706,139.926069,4,7.845,-0.133,4.44,9.0
1423700652751,37.490708,139.926057,6,8.614,-0.138,5.344,9.022
1423700652851,37.490711,139.926046,6,8.679,-0.34,5.282,9.047
1423700652952,37.490713,139.926034,6,8.211,-0.332,4.507,9.072
1423700653054,37.490715,139.926022,6,7.953,-0.208,4.237,9.098
1423700653154,37.490718,139.92601,6,7.905,-0.125,4.14,9.123
1423700653255,37.49072,139.925998,6,8.124,-0.044,4.492,9.148
1423700653355,37.490723,139.925986,6,8.062,-0.172,4.579,9.173
1423700653451,37.490725,139.925975,6,8.106,-0.28,4.652,9.197
1423700653551,37.490727,139.925963,6,8.31,-0.178,4.744,9.222
1423700653652,37.49073,139.925951,6,8.174,-0.146,4.575,9.248
1423700653753,37.490731,139.92594,6,8.291,-0.177,4.409,9.25
1423700653854,37.490732,139.92593,6,8.292,-0.206,4.399,9.25
1423700653954,37.490733,139.925919,6,8.388,-0.166,4.416,9.25
1423700654055,37.490734,139.925909,6,8.556,-0.061,4.523,9.25
1423700654151,37.490735,139.925899,6,8.33,-0.076,4.431,9.25
1423700654251,37.490736,139.925889,6,8.159,-0.064,4.131,9.25
1423700654352,37.490738,139.925878,6,8.189,-0.018,4.16,9.25
1423700654453,37.490739,139.925868,6,8.429,-0.043,4.33,9.25
1423700654553,37.49074,139.925857,6,8.393,-0.029,4.392,9.25
1423700654654,37.490741,139.925847,6,8.112,0.002,4.221,9.25
1423700654755,37.490742,139.925835,4,8.208,-0.056,4.336,9.273
1423700654856,37.490743,139.925824,4,8.422,-0.01,4.648,9.298
1423700654956,37.490744,139.925813,4,8.207,-0.011,4.848,9.323
1423700655052,37.490745,139.925802,4,8.13,-0.035,4.77,9.347
1423700655151,37.490746,139.925791,4,8.08,-0.044,4.694,9.372
1423700655253,37.490747,139.92578,4,7.89,-0.077,4.563,9.397
1423700655352,37.490748,139.925769,4,7.793,-0.154,4.531,9.422
1423700655455,37.490749,139.925757,4,7.476,-0.116,4.394,9.448
1423700655554,37.49075,139.925746,4,7.99,0.005,4.75,9.473
1423700655651,37.490751,139.925735,4,8.613,-0.097,5.226,9.498
1423700655752,37.490753,139.925725,4,8.546,-0.136,5.415,9.453
1423700655853,37.490754,139.925714,4,8.129,-0.154,4.902,9.401
1423700655953,37.490756,139.925704,4,8.006,-0.099,4.688,9.351
1423700656054,37.490757,139.925694,4,8.219,-0.059,4.713,9.3
1423700656155,37.490759,139.925684,4,8.016,-0.031,4.387,9.249
1423700656256,37.490761,139.925674,4,7.637,0.089,4.019,9.199
1423700656351,37.490762,139.925664,4,8.465,-0.061,4.806,9.152
1423700656452,37.490764,139.925654,4,9.124,-0.279,5.462,9.102
1423700656552,37.490765,139.925645,4,9.203,-0.42,5.333,9.053
1423700656653,37.490767,139.925635,4,7.89,-0.383,4.37,9.003
1423700656754,37.490769,139.925625,6,7.53,0.035,3.422,9.023
1423700656855,37.490772,139.925615,6,7.696,0.13,3.601,9.048
1423700656955,37.490774,139.925604,6,8.255,0.143,4.313,9.073
1423700657051,37.490776,139.925595,6,8.641,0.186,4.847,9.097
1423700657152,37.490779,139.925585,6,8.194,0.22,4.627,9.122
1423700657252,37.490781,139.925575,6,8.303,0.135,4.435,9.147
1423700657353,37.490784,139.925564,6,8.222,0.217,4.225,9.173
1423700657454,37.490786,139.925554,6,8.064,0.221,4.083,9.198
1423700657555,37.490788,139.925544,6,8.434,0.05,4.542,9.223
1423700657655,37.490791,139.925534,6,8.457,0.043,4.562,9.249
1423700657751,37.490792,139.925523,9,8.347,-0.035,4.372,9.272
1423700657852,37.490793,139.925512,9,8.001,0.1,4.183,9.297
1423700657952,37.490794,139.925501,9,8.219,-0.028,4.308,9.322
1423700658053,37.490796,139.92549,9,8.414,-0.089,4.587,9.347
1423700658154,37.490797,139.925479,9,8.468,-0.121,4.693,9.373
1423700658254,37.490798,139.925467,9,8.305,-0.141,4.448,9.398
1423700658355,37.490799,139.925456,9,8.126,-0.017,4.099,9.423
1423700658451,37.4908,139.925445,9,8.402,-0.014,4.273,9.447
1423700658551,37.490802,139.925434,9,8.301,0.043,4.401,9.472
1423700658652,37.490803,139.925423,9,8.048,0.123,4.24,9.498
1423700658753,37.490802,139.925413,10,7.986,0.258,4.279,9.5
1423700658854,37.490801,139.925403,10,8.209,0.289,4.516,9.5
1423700658954,37.490801,139.925393,10,8.207,0.291,4.734,9.5
1423700659055,37.4908,139.925384,10,8.235,0.28,4.767,9.5
1423700659151,37.490799,139.925374,10,8.184,0.136,4.732,9.5
1423700659251,37.490798,139.925365,10,8.016,-0.001,4.634,9.5
1423700659352,37.490797,139.925355,10,8.039,-0.049,4.564,9.5
1423700659453,37.490797,139.925345,10,8.067,-0.097,4.625,9.5
1423700659554,37.490796,139.925335,10,8.136,-0.124,4.716,9.5
1423700659654,37.490795,139.925326,10,8.178,-0.221,4.798,9.5
1423700659755,37.490798,139.925313,10,8.027,-0.34,4.694,9.426
1423700659851,37.490801,139.9253,10,8.079,-0.387,4.718,9.352
1423700659951,37.490804,139.925288,10,8.161,-0.33,4.75,9.275
1423700660052,37.490807,139.925275,10,7.931,-0.112,4.503,9.199
1423700660153,37.49081,139.925262,10,7.767,-0.022,4.336,9.123
1423700660253,37.490813,139.92525,10,8.265,-0.021,4.847,9.048
1423700660354,37.490816,139.925237,10,8.501,-0.489,5.136,8.973
1423700660455,37.490819,139.925225,10,8.342,-0.768,5.062,8.899
1423700660551,37.490822,139.925213,10,8.08,-0.363,4.451,8.829
1423700660651,37.490825,139.925201,10,8.03,-0.183,4.223,8.756
1423700660752,37.490827,139.92519,8,8.202,-0.147,4.355,8.773
1423700660853,37.490829,139.925178,8,8.209,-0.103,4.416,8.798
1423700660953,37.490831,139.925167,8,8.233,-0.189,4.408,8.823
1423700661054,37.490832,139.925155,8,8.384,-0.208,4.415,8.848
1423700661155,37.490834,139.925144,8,8.306,-0.068,4.34,8.873
1423700661256,37.490836,139.925132,8,8.363,0.004,4.408,8.898
1423700661351,37.490838,139.925122,8,8.266,0.014,4.334,8.922
1423700661452,37.49084,139.92511,8,8.286,-0.087,4.338,8.947
1423700661553,37.490842,139.925098,8,8.089,-0.181,4.169,8.973
1423700661653,37.490844,139.925087,8,8.167,-0.214,4.262,8.998
1423700661754,37.490844,139.925077,6,8.286,-0.265,4.339,9.0
1423700661855,37.490844,139.925067,6,8.067,-0.198,4.023,9.0
1423700661955,37.490844,139.925058,6,8.152,-0.073,4.398,9.0
1423700662051,37.490844,139.925048,6,8.523,-0.231,5.03,9.0
1423700662152,37.490844,139.925039,6,8.477,-0.342,5.244,9.0
1423700662252,37.490845,139.925029,6,8.029,-0.146,4.721,9.0
1423700662353,37.490845,139.925019,6,7.496,-0.051,4.139,9.0
1423700662454,37.490845,139.92501,6,7.823,-0.236,4.333,9.0
1423700662555,37.490845,139.925,6,8.039,-0.155,4.575,9.0
1423700662655,37.490845,139.92499,6,8.155,0.044,4.917,9.0
1423700662751,37.490846,139.924981,6,8.084,-0.051,5.011,9.0
1423700662852,37.490847,139.924971,6,8.65,-0.102,5.329,9.0
1423700662953,37.490849,139.924961,6,9.096,-0.256,5.885,9.0
1423700663053,37.49085,139.924951,6,8.116,-0.303,4.93,9.0
1423700663154,37.490851,139.924941,6,7.604,0.064,3.847,9.0
1423700663255,37.490852,139.924931,6,7.765,-0.007,3.885,9.0
1423700663355,37.490853,139.924921,6,8.177,0.015,4.419,9.0
1423700663451,37.490854,139.924912,6,8.474,0.033,4.806,9.0
1423700663552,37.490856,139.924902,6,8.678,-0.008,4.958,9.0
1423700663652,37.490857,139.924892,6,8.228,0.055,4.648,9.0
1423700663753,37.490857,139.924885,10,8.036,0.084,4.301,8.927
1423700663854,37.490857,139.924879,10,8.056,-0.056,4.292,8.849
1423700663954,37.490856,139.924873,10,8.217,-0.111,4.412,8.773
1423700664055,37.490856,139.924867,10,7.882,-0.122,4.185,8.696
1423700664151,37.490856,139.924861,10,7.571,-0.035,4.078,8.624
1423700664252,37.490856,139.924855,10,8.174,-0.167,4.49,8.548
1423700664352,37.490856,139.92485,10,8.513,-0.056,4.847,8.474
1423700664453,37.490855,139.924844,10,8.713,0.103,5.125,8.4
1423700664554,37.490855,139.924838,10,8.442,0.056,4.989,8.326
1423700664654,37.490855,139.924832,10,7.679,0.117,4.062,8.254
1423700664755,37.490856,139.924822,10,7.646,0.04,3.912,8.296
1423700664851,37.490857,139.924811,10,7.895,-0.0,4.326,8.343
1423700664952,37.490858,139.9248,10,8.145,-0.031,4.881,8.393
1423700665052,37.49086,139.924789,10,7.962,-0.167,4.908,8.442
1423700665153,37.490861,139.924777,10,7.801,-0.018,4.55,8.493
1423700665254,37.490862,139.924766,10,8.235,-0.086,4.883,8.543
1423700665354,37.490863,139.924754,10,8.495,-0.371,5.073,8.594
1423700665455,37.490864,139.924743,10,7.857,-0.33,4.56,8.645
1423700665551,37.490866,139.924732,10,7.695,-0.115,4.748,8.694
1423700665651,37.490867,139.92472,10,8.062,-0.134,4.758,8.745
1423700665752,37.490868,139.924711,5,8.316,-0.047,4.739,8.727
1423700665853,37.490869,139.924702,5,8.263,-0.025,4.794,8.701
1423700665954,37.49087,139.924693,5,8.159,0.017,4.835,8.676
1423700666054,37.490871,139.924684,5,8.085,0.1,4.622,8.651
1423700666155,37.490872,139.924676,5,8.033,0.025,4.531,8.625
1423700666251,37.490873,139.924667,5,8.19,-0.047,4.577,8.601
1423700666351,37.490874,139.924659,5,8.09,-0.153,4.562,8.576
1423700666452,37.490875,139.92465,5,7.931,-0.235,4.476,8.551
1423700666553,37.490876,139.924641,5,8.053,-0.183,4.552,8.526
1423700666653,37.490877,139.924633,5,8.092,-0.205,4.63,8.502
1423700666754,37.490879,139.924624,5,8.145,-0.171,4.621,8.476
1423700666855,37.49088,139.924615,5,8.035,0.031,4.608,8.451
1423700666951,37.490882,139.924607,5,8.097,0.012,4.814,8.426
1423700667051,37.490884,139.924599,5,7.9,0.149,4.464,8.401
1423700667152,37.490885,139.92459,5,7.969,0.117,4.524,8.376
1423700667253,37.490887,139.924582,5,8.173,-0.054,4.806,8.351
1423700667353,37.490889,139.924574,5,8.371,0.001,4.83,8.326
1423700667454,37.490891,139.924565,5,8.261,-0.074,4.896,8.301
1423700667555,37.490892,139.924557,5,8.056,-0.029,4.803,8.276
1423700667651,37.490894,139.924549,5,8.032,0.035,4.604,8.252
1423700667751,37.490896,139.92454,5,8.185,0.065,4.706,8.25
1423700667852,37.490897,139.924531,5,8.183,-0.016,4.818,8.25
1423700667953,37.490899,139.924523,5,8.195,0.012,4.724,8.25
1423700668053,37.490901,139.924514,5,8.036,-0.022,4.652,8.25
1423700668154,37.490903,139.924505,5,8.158,-0.063,4.713,8.25
1423700668255,37.490905,139.924496,5,8.324,-0.13,4.787,8.25
1423700668355,37.490907,139.924488,5,8.189,-0.055,4.742,8.25
1423700668451,37.490908,139.924479,5,8.11,-0.064,4.659,8.25
1423700668552,37.49091,139.92447,5,7.77,0.047,4.36,8.25
1423700668652,37.490912,139.924462,5,8.014,0.115,4.443,8.25
1423700668753,37.490915,139.924451,7,8.597,-0.051,5.087,8.273
1423700668854,37.490918,139.924441,7,8.61,-0.041,5.07,8.298
1423700668955,37.490921,139.92443,7,8.113,0.062,4.539,8.323
1423700669055,37.490924,139.92442,7,7.654,-0.021,4.098,8.348
1423700669151,37.490927,139.92441,7,8.061,0.154,4.478,8.372
1423700669257,37.49093,139.924399,7,8.526,0.017,5.026,8.398
1423700669352,37.490933,139.924389,7,8.359,-0.094,4.864,8.422
1423700669452,37.490936,139.924378,7,7.883,-0.081,4.284,8.447
1423700669554,37.490939,139.924367,7,7.828,-0.138,4.256,8.473
1423700669653,37.490942,139.924357,7,8.091,-0.162,4.331,8.498
1423700669755,37.490943,139.924347,7,8.063,-0.073,4.354,8.523
1423700669851,37.490943,139.924337,7,8.172,-0.088,4.503,8.547
1423700669952,37.490944,139.924327,7,8.069,-0.004,4.502,8.572
1423700670052,37.490944,139.924317,7,7.962,0.115,4.336,8.597
1423700670153,37.490945,139.924307,7,8.288,0.183,4.508,8.622
1423700670254,37.490946,139.924297,7,8.696,0.127,4.888,8.648
1423700670355,37.490946,139.924287,7,8.602,0.078,4.673,8.673
1423700670455,37.490947,139.924277,7,7.423,0.134,3.56,8.698
1423700670551,37.490947,139.924267,7,7.522,-0.048,3.634,8.722
1423700670652,37.490948,139.924257,7,8.483,-0.106,4.427,8.748
1423700670752,37.49095,139.924248,7,9.122,-0.226,5.239,8.703
1423700670853,37.490951,139.924239,7,8.72,-0.224,4.731,8.651
1423700670954,37.490953,139.92423,7,7.84,0.022,4.037,8.6
1423700671054,37.490954,139.924222,7,8.181,0.032,3.978,8.549
1423700671155,37.490956,139.924213,7,8.369,-0.069,4.151,8.499
1423700671251,37.490958,139.924205,7,8.015,0.027,4.004,8.451
1423700671352,37.490959,139.924197,7,7.839,0.094,4.105,8.401
1423700671452,37.490961,139.924188,7,8.191,-0.05,4.541,8.352
1423700671553,37.490962,139.92418,7,8.442,-0.234,4.77,8.302
1423700671654,37.490964,139.924171,7,8.345,-0.234,4.733,8.253
1423700671754,37.490966,139.92416,7,8.32,-0.161,4.829,8.318
1423700671855,37.490967,139.924148,7,8.074,-0.15,4.605,8.391
1423700671951,37.490969,139.924136,7,8.142,-0.113,4.501,8.462
1423700672051,37.490971,139.924124,7,8.122,-0.065,4.408,8.535
1423700672152,37.490973,139.924112,7,8.021,0.066,4.446,8.611
1423700672253,37.490974,139.924099,7,8.195,0.176,4.511,8.687
1423700672354,37.490976,139.924087,7,8.428,0.204,4.759,8.764
1423700672454,37.490978,139.924074,7,8.37,0.223,4.624,8.84
1423700672555,37.49098,139.924061,7,8.174,0.249,4.407,8.918
1423700672651,37.490982,139.924049,7,8.104,0.228,4.252,8.993
1423700672751,37.490984,139.924039,6,8.054,0.219,4.181,8.977
1423700672852,37.490986,139.924029,6,8.036,0.255,4.174,8.951
1423700672953,37.490988,139.924019,6,7.946,0.263,4.08,8.926
1423700673053,37.49099,139.92401,6,8.319,0.236,4.581,8.901
1423700673154,37.490991,139.924,6,8.652,0.049,5.032,8.876
1423700673255,37.490993,139.92399,6,8.925,0.161,4.969,8.85
1423700673351,37.490995,139.923981,6,8.62,0.309,4.391,8.826
1423700673451,37.490997,139.923971,6,8.237,0.277,3.991,8.802
1423700673552,37.490999,139.923961,6,8.371,0.327,3.94,8.777
1423700673653,37.491001,139.923952,6,8.514,0.263,3.969,8.752
1423700673753,37.491002,139.923942,6,8.37,0.112,4.154,8.75
1423700673854,37.491004,139.923932,6,8.499,0.171,4.26,8.75
1423700673955,37.491006,139.923922,6,8.502,0.099,4.325,8.75
1423700674055,37.491007,139.923912,6,8.462,0.185,4.186,8.75
1423700674151,37.491009,139.923902,6,8.303,0.202,4.036,8.75
1423700674252,37.49101,139.923892,6,8.376,0.132,4.091,8.75
1423700674353,37.491012,139.923882,6,8.581,0.099,4.253,8.75
1423700674453,37.491014,139.923872,6,8.436,0.122,4.259,8.75
1423700674554,37.491015,139.923862,6,8.203,0.122,4.012,8.75
1423700674655,37.491017,139.923852,6,8.186,0.098,4.006,8.75
1423700674755,37.491018,139.923841,6,8.414,0.092,4.432,8.75
1423700674851,37.491018,139.923832,6,8.237,0.164,4.096,8.75
1423700674952,37.491019,139.923822,6,8.135,0.044,4.173,8.75
1423700675053,37.491019,139.923811,6,8.51,0.031,4.748,8.75
1423700675153,37.49102,139.923801,6,8.491,-0.172,4.867,8.75
1423700675254,37.491021,139.923791,6,8.038,-0.104,4.744,8.75
1423700675355,37.491021,139.923781,6,7.471,0.155,4.136,8.75
1423700675455,37.491022,139.923771,6,7.842,0.162,4.212,8.75
1423700675551,37.491022,139.923761,6,8.448,0.094,4.852,8.75
1423700675652,37.491023,139.923751,6,8.523,0.061,5.106,8.75
1423700675752,37.491024,139.923741,5,8.216,0.121,4.954,8.75
1423700675853,37.491026,139.923731,5,8.114,0.181,4.511,8.75
1423700675954,37.491027,139.923722,5,8.026,0.242,4.204,8.75
1423700676055,37.491029,139.923712,5,8.07,0.327,4.09,8.75
1423700676155,37.49103,139.923702,5,8.167,0.331,4.321,8.75
1423700676251,37.491031,139.923693,5,8.183,0.259,4.481,8.75
1423700676352,37.491033,139.923684,5,8.223,0.368,4.513,8.75
1423700676452,37.491034,139.923674,5,8.307,0.463,4.445,8.75
1423700676553,37.491036,139.923664,5,8.208,0.347,4.531,8.75
1423700676654,37.491037,139.923655,5,8.232,0.357,4.535,8.75
1423700676754,37.491038,139.923645,5,8.556,0.272,4.625,8.726
1423700676855,37.491039,139.923635,5,8.252,0.412,4.323,8.701
1423700676951,37.491041,139.923625,5,8.393,0.556,4.457,8.677
1423700677052,37.491042,139.923616,5,8.318,0.602,4.471,8.651
1423700677152,37.491043,139.923606,5,8.151,0.52,4.304,8.626
1423700677253,37.491044,139.923596,5,8.161,0.519,4.442,8.601
1423700677354,37.491045,139.923586,5,8.245,0.352,4.41,8.576
1423700677454,37.491047,139.923577,5,8.237,0.346,4.69,8.551
1423700677555,37.491048,139.923567,5,8.037,0.227,4.51,8.526
1423700677651,37.491049,139.923558,5,8.027,0.143,4.619,8.502
1423700677751,37.491047,139.923551,9,7.715,-0.155,4.251,8.429
1423700677852,37.491045,139.923544,9,8.513,0.215,4.645,8.351
1423700677953,37.491043,139.923537,9,8.651,0.171,4.793,8.273
1423700678054,37.491041,139.923531,9,8.314,0.105,4.266,8.196
1423700678154,37.491039,139.923524,9,8.242,0.311,4.05,8.121
1423700678255,37.491037,139.923518,9,8.327,0.222,4.338,8.045
1423700678351,37.491036,139.923511,9,8.558,0.076,4.689,7.974
1423700678451,37.491034,139.923505,9,8.592,-0.172,4.725,7.901
1423700678552,37.491032,139.923499,9,7.648,-0.048,3.995,7.828
1423700678653,37.49103,139.923492,9,7.585,0.083,3.751,7.755
1423700678754,37.491032,139.923482,9,8.253,0.09,4.424,7.818
1423700678854,37.491035,139.923471,9,8.332,0.33,4.705,7.89
1423700678955,37.491037,139.923461,9,8.038,0.443,4.614,7.964
1423700679051,37.491039,139.92345,9,8.208,0.342,4.622,8.035
1423700679151,37.491042,139.923439,9,8.174,0.395,4.59,8.11
1423700679252,37.491045,139.923428,9,8.458,0.178,4.619,8.186
1423700679353,37.491047,139.923417,9,8.418,0.234,4.717,8.262
1423700679453,37.49105,139.923406,9,8.403,0.316,4.775,8.339
1423700679554,37.491052,139.923394,9,8.082,0.339,4.408,8.417
1423700679655,37.491055,139.923383,9,7.832,0.335,4.352,8.496
1423700679751,37.491055,139.923373,7,7.849,0.043,4.574,8.5
1423700679851,37.491055,139.923364,7,8.05,-0.167,5.193,8.5
1423700679952,37.491055,139.923355,7,8.053,-0.198,5.049,8.5
1423700680053,37.491055,139.923345,7,8.56,0.197,5.193,8.5
1423700680153,37.491055,139.923336,7,8.209,0.149,4.792,8.5
1423700680254,37.491055,139.923326,7,8.014,-0.33,4.516,8.5
1423700680355,37.491055,139.923317,7,7.106,-0.084,4.057,8.5
1423700680456,37.491055,139.923307,7,7.887,-0.074,4.729,8.5
1423700680551,37.491055,139.923298,7,8.695,-0.208,5.498,8.5
1423700680652,37.491055,139.923289,7,8.602,-0.315,5.385,8.5
1423700680753,37.491056,139.92328,5,7.755,-0.647,4.486,8.452
1423700680853,37.491057,139.923271,5,7.686,-0.522,4.572,8.401
1423700680954,37.491058,139.923262,5,8.051,-0.403,4.583,8.35
1423700681055,37.491059,139.923253,5,8.461,-0.373,4.941,8.299
1423700681155,37.49106,139.923244,5,7.821,-0.332,4.807,8.249
1423700681251,37.49106,139.923235,5,7.611,-0.342,4.586,8.201
1423700681352,37.491061,139.923227,5,8.139,-0.316,4.915,8.151
1423700681453,37.491062,139.923218,5,8.183,-0.1,5.003,8.101
1423700681553,37.491063,139.923209,5,8.074,0.032,4.836,8.052
1423700681654,37.491064,139.923201,5,7.989,0.04,4.883,8.003
1423700681755,37.491064,139.923193,6,8.094,-0.005,4.876,7.976
1423700681855,37.491063,139.923185,6,8.141,0.004,4.781,7.951
1423700681951,37.491063,139.923178,6,8.022,0.077,4.817,7.926
1423700682052,37.491062,139.92317,6,8.017,0.148,4.806,7.901
1423700682153,37.491062,139.923163,6,8.1,0.28,4.852,7.876
1423700682253,37.491062,139.923155,6,7.976,0.318,4.766,7.851
1423700682354,37.491061,139.923148,6,7.91,0.122,4.576,7.826
1423700682455,37.491061,139.92314,6,8.149,0.008,4.846,7.801
1423700682555,37.49106,139.923133,6,8.232,-0.004,4.985,7.776
1423700682651,37.49106,139.923126,6,8.174,0.028,4.818,7.752
1423700682752,37.49106,139.923117,6,7.824,0.042,4.363,7.727
1423700682852,37.49106,139.923108,6,7.767,0.174,4.581,7.701
1423700682953,37.49106,139.9231,6,8.373,0.026,4.872,7.676
1423700683054,37.49106,139.923091,6,8.252,-0.15,4.855,7.651
1423700683154,37.49106,139.923082,6,8.367,-0.243,4.973,7.625
1423700683255,37.49106,139.923073,6,7.803,-0.284,4.572,7.6
1423700683356,37.49106,139.923065,6,7.981,-0.195,4.618,7.575
1423700683452,37.49106,139.923057,6,8.311,-0.302,4.804,7.551
1423700683551,37.49106,139.923048,6,7.981,-0.276,4.789,7.527
1423700683653,37.49106,139.92304,6,7.608,-0.211,4.313,7.502
1423700683752,37.491062,139.923031,6,7.902,-0.279,4.612,7.523
1423700683854,37.491064,139.923022,6,8.166,-0.292,4.845,7.548
1423700683951,37.491066,139.923013,6,8.192,-0.224,4.811,7.572
1423700684051,37.491068,139.923004,6,8.114,-0.243,4.631,7.597
1423700684152,37.49107,139.922995,6,7.912,-0.323,4.627,7.622
1423700684252,37.491072,139.922985,6,8.063,-0.367,4.652,7.647
1423700684353,37.491074,139.922976,6,8.165,-0.295,4.62,7.672
1423700684454,37.491077,139.922967,6,8.126,-0.275,4.621,7.698
1423700684554,37.491079,139.922958,6,8.038,-0.22,4.491,7.723
1423700684655,37.491081,139.922948,6,8.203,-0.189,4.587,7.749
1423700684751,37.491082,139.92294,7,8.044,-0.176,4.325,7.75
1423700684851,37.491084,139.92293,7,8.105,-0.196,4.452,7.75
1423700684952,37.491086,139.922921,7,8.388,-0.233,4.753,7.75
1423700685053,37.491087,139.922912,7,8.318,-0.196,4.754,7.75
1423700685154,37.491089,139.922903,7,8.149,-0.242,4.528,7.75
1423700685254,37.49109,139.922893,7,8.193,-0.207,4.641,7.75
1423700685355,37.491092,139.922884,7,8.165,-0.062,4.633,7.75
1423700685451,37.491094,139.922875,7,8.347,-0.186,4.635,7.75
1423700685551,37.491095,139.922866,7,8.084,-0.074,4.686,7.75
1423700685652,37.491097,139.922857,7,8.138,0.063,4.605,7.75
1423700685753,37.491098,139.922849,7,8.381,0.003,4.856,7.702
1423700685853,37.491099,139.922841,7,8.255,-0.008,4.801,7.651
1423700685954,37.4911,139.922833,7,8.012,0.147,4.523,7.6
1423700686055,37.491101,139.922826,7,8.021,0.173,4.531,7.549
1423700686151,37.491101,139.922819,7,8.089,0.028,4.602,7.5
1423700686251,37.491102,139.922811,7,8.155,-0.04,4.527,7.45
1423700686352,37.491103,139.922804,7,8.135,-0.05,4.589,7.4
1423700686453,37.491104,139.922796,7,8.105,-0.021,4.498,7.351
1423700686553,37.491105,139.922789,7,8.183,-0.071,4.329,7.302
1423700686654,37.491106,139.922781,7,8.214,-0.149,4.362,7.253
1423700686755,37.491109,139.922771,8,8.418,-0.206,4.472,7.25
1423700686856,37.491111,139.922761,8,8.116,-0.163,4.268,7.25
1423700686951,37.491114,139.922751,8,8.211,-0.127,4.331,7.25
1423700687052,37.491117,139.922741,8,8.32,-0.217,4.345,7.25
1423700687152,37.491119,139.922731,8,8.361,-0.302,4.427,7.25
1423700687254,37.491122,139.92272,8,8.289,-0.375,4.357,7.25
1423700687354,37.491125,139.92271,8,8.171,-0.421,4.317,7.25
1423700687455,37.491127,139.9227,8,8.105,-0.359,4.209,7.25
1423700687555,37.49113,139.92269,8,8.239,-0.317,4.436,7.25
1423700687651,37.491133,139.92268,8,8.252,-0.388,4.606,7.25
1423700687752,37.491134,139.922673,8,8.178,-0.473,4.775,7.25
1423700687852,37.491135,139.922666,8,8.143,-0.436,4.72,7.25
1423700687953,37.491137,139.922659,8,7.955,-0.487,4.484,7.25
1423700688054,37.491138,139.922653,8,7.968,-0.553,4.384,7.25
1423700688155,37.491139,139.922646,8,8.164,-0.481,4.666,7.25
1423700688255,37.49114,139.922639,8,8.38,-0.439,4.924,7.25
1423700688351,37.491141,139.922633,8,8.215,-0.327,4.812,7.25
1423700688452,37.491143,139.922626,8,8.044,-0.259,4.603,7.25
1423700688552,37.491144,139.922619,8,8.17,-0.245,4.688,7.25
1423700688653,37.491145,139.922612,8,8.095,-0.342,4.69,7.25
1423700688754,37.491146,139.922605,4,7.909,-0.398,4.427,7.226
1423700688855,37.491148,139.922597,4,8.006,-0.366,4.542,7.201
1423700688955,37.491149,139.922589,4,8.277,-0.347,4.791,7.175
1423700689051,37.491151,139.922582,4,7.571,-0.174,4.234,7.151
1423700689152,37.491152,139.922574,4,7.399,-0.131,3.947,7.126
1423700689252,37.491153,139.922567,4,7.872,-0.303,4.468,7.101
1423700689353,37.491155,139.922559,4,8.757,-0.401,5.503,7.076
1423700689454,37.491156,139.922551,4,8.84,-0.42,5.527,7.051
1423700689554,37.491158,139.922544,4,8.137,-0.305,4.755,7.026
1423700689655,37.491159,139.922536,4,7.766,-0.158,4.34,7.001
1423700689751,37.49116,139.922529,4,7.841,-0.009,4.455,7.0
1423700689852,37.491161,139.92252,4,8.584,-0.079,4.83,7.0
1423700689952,37.491161,139.922512,4,8.546,0.051,4.881,7.0
1423700690053,37.491162,139.922504,4,8.308,0.243,4.746,7.0
1423700690154,37.491163,139.922496,4,8.197,0.368,4.693,7.0
1423700690255,37.491164,139.922488,4,8.122,0.419,4.642,7.0
1423700690355,37.491165,139.92248,4,8.331,0.212,4.594,7.0
1423700690451,37.491165,139.922472,4,8.323,-0.128,4.703,7.0
1423700690552,37.491166,139.922464,4,8.429,-0.344,4.82,7.0
1423700690652,37.491167,139.922456,4,8.256,-0.509,4.604,7.0
1423700690753,37.491168,139.922448,4,7.889,-0.39,4.419,6.976
1423700690854,37.49117,139.922441,4,7.863,0.007,4.444,6.951
1423700690954,37.491171,139.922434,4,8.188,0.293,4.572,6.926
1423700691055,37.491173,139.922427,4,8.136,0.196,4.484,6.9
1423700691151,37.491174,139.922421,4,8.041,-0.216,4.513,6.876
1423700691251,37.491176,139.922414,4,8.56,-0.404,4.836,6.851
1423700691352,37.491177,139.922407,4,8.335,-0.312,4.928,6.826
1423700691453,37.491179,139.9224,4,8.03,-0.054,4.54,6.801
1423700691554,37.49118,139.922393,4,7.992,0.008,4.486,6.776
1423700691654,37.491182,139.922386,4,8.011,-0.021,4.321,6.751
1423700691755,37.491184,139.92238,4,7.831,-0.265,4.117,6.726
1423700691851,37.491186,139.922373,4,7.938,-0.301,4.187,6.702
1423700691951,37.491188,139.922366,4,8.305,-0.124,4.656,6.676
1423700692052,37.49119,139.922359,4,8.361,0.118,4.677,6.651
1423700692153,37.491191,139.922353,4,8.082,0.254,4.463,6.626
1423700692253,37.491193,139.922346,4,8.034,0.249,4.33,6.601
1423700692354,37.491195,139.922339,4,8.151,0.129,4.436,6.575
1423700692455,37.491197,139.922333,4,8.299,0.109,4.596,6.55
1423700692551,37.491199,139.922326,4,8.337,0.163,4.516,6.527
1423700692651,37.491201,139.92232,4,8.287,0.236,4.544,6.502
1423700692752,37.491202,139.922312,4,8.348,0.218,4.597,6.5
1423700692853,37.491203,139.922304,4,8.266,0.225,4.455,6.5
1423700692953,37.491205,139.922296,4,8.124,0.262,4.34,6.5
1423700693054,37.491206,139.922288,4,8.243,0.223,4.497,6.5
1423700693155,37.491207,139.92228,4,8.313,0.274,4.673,6.5
1423700693255,37.491208,139.922272,4,8.177,0.231,4.849,6.5
1423700693351,37.491209,139.922264,4,8.186,0.158,4.85,6.5
1423700693452,37.491211,139.922256,4,8.034,0.175,4.668,6.5
1423700693553,37.491212,139.922248,4,7.908,0.198,4.492,6.5
1423700693653,37.491213,139.922241,4,8.03,0.238,4.519,6.5
1423700693754,37.491214,139.922233,5,8.198,0.25,4.609,6.5
1423700693855,37.491216,139.922225,5,8.291,0.279,4.699,6.5
1423700693955,37.491217,139.922218,5,8.197,0.205,4.727,6.5
1423700694051,37.491218,139.92221,5,8.15,0.108,4.758,6.5
1423700694152,37.491219,139.922203,5,8.213,0.043,4.882,6.5
1423700694252,37.491221,139.922195,5,8.206,-0.019,4.918,6.5
1423700694353,37.491222,139.922187,5,8.081,-0.159,4.801,6.5
1423700694454,37.491223,139.92218,5,8.11,-0.148,4.774,6.5
1423700694555,37.491225,139.922172,5,7.841,0.004,4.422,6.5
1423700694655,37.491226,139.922164,5,7.962,-0.023,4.605,6.5
1423700694751,37.491227,139.922158,5,8.098,-0.119,4.786,6.477
1423700694852,37.491228,139.92215,5,8.236,-0.174,4.975,6.451
1423700694952,37.491228,139.922143,5,8.069,-0.251,4.943,6.426
1423700695053,37.491229,139.922136,5,7.939,-0.385,4.857,6.401
1423700695154,37.49123,139.922129,5,7.827,-0.386,4.824,6.375
1423700695255,37.491231,139.922122,5,8.106,-0.335,4.993,6.35
1423700695355,37.491232,139.922115,5,8.182,-0.178,5.023,6.325
1423700695451,37.491232,139.922108,5,7.917,-0.102,4.788,6.301
1423700695552,37.491233,139.922101,5,7.946,-0.009,4.874,6.277
1423700695652,37.491234,139.922095,5,8.114,-0.047,5.015,6.252
1423700695753,37.491235,139.922088,5,8.005,0.02,4.917,6.202
1423700695854,37.491235,139.922081,5,7.831,0.074,4.7,6.15
1423700695954,37.491236,139.922075,5,7.959,0.054,4.783,6.099
1423700696055,37.491236,139.922068,5,8.019,0.127,4.893,6.048
1423700696151,37.491237,139.922062,5,8.033,0.051,4.911,5.999
1423700696252,37.491238,139.922055,5,7.888,0.127,4.751,5.949
1423700696352,37.491238,139.922049,5,7.914,0.1,4.833,5.9
1423700696453,37.491239,139.922043,5,8.032,0.017,4.957,5.85
1423700696554,37.491239,139.922037,5,8.0,-0.048,4.966,5.801
1423700696654,37.49124,139.92203,5,7.983,-0.057,4.954,5.753
1423700696755,37.49124,139.922024,7,7.889,-0.102,4.943,5.75
1423700696851,37.491241,139.922018,7,7.859,-0.182,4.945,5.75
1423700696952,37.491241,139.922011,7,7.904,-0.168,5.056,5.75
1423700697052,37.491241,139.922005,7,8.007,-0.162,5.086,5.75
1423700697153,37.491241,139.921998,7,7.879,-0.143,5.064,5.75
1423700697254,37.491242,139.921992,7,7.758,-0.148,4.991,5.75
1423700697354,37.491242,139.921986,7,7.9,-0.141,5.141,5.75
1423700697455,37.491242,139.921979,7,8.004,-0.119,5.323,5.75
1423700697551,37.491243,139.921973,7,7.912,-0.084,5.325,5.75
1423700697656,37.491243,139.921966,7,7.809,-0.049,5.291,5.75
1423700697752,37.491242,139.92196,11,7.739,-0.084,5.245,5.702
1423700697851,37.491241,139.921954,11,7.714,-0.164,5.191,5.651
1423700697954,37.49124,139.921947,11,7.801,-0.263,5.317,5.598
1423700698053,37.491239,139.921941,11,7.753,-0.32,5.243,5.548
1423700698155,37.491238,139.921935,11,7.696,-0.314,5.185,5.497
1423700698251,37.491237,139.921929,11,7.829,-0.244,5.341,5.449
1423700698351,37.491236,139.921923,11,7.861,-0.146,5.339,5.4
1423700698452,37.491235,139.921917,11,7.781,-0.125,5.28,5.35
1423700698553,37.491234,139.921911,11,7.7,-0.121,5.16,5.301
1423700698653,37.491233,139.921905,11,7.696,-0.079,5.196,5.253
1423700698754,37.491234,139.921898,14,7.854,-0.155,5.394,5.295
1423700698855,37.491235,139.92189,14,7.871,-0.213,5.428,5.344
1423700698951,37.491236,139.921882,14,7.747,-0.212,5.322,5.391
1423700699051,37.491236,139.921874,14,7.68,-0.149,5.217,5.44
1423700699152,37.491237,139.921866,14,7.738,-0.081,5.25,5.49
1423700699253,37.491238,139.921857,14,7.633,-0.066,5.152,5.541
1423700699353,37.491239,139.921849,14,7.695,-0.068,5.288,5.592
1423700699454,37.49124,139.921841,14,7.795,-0.069,5.365,5.643
1423700699555,37.491241,139.921832,14,7.779,-0.063,5.344,5.695
1423700699655,37.491242,139.921823,14,7.767,-0.047,5.302,5.747
1423700699751,37.491243,139.921821,14,7.791,-0.026,5.353,5.565
1423700699852,37.491243,139.921819,14,7.824,-0.036,5.405,5.365
1423700699953,37.491244,139.921816,14,7.742,-0.045,5.341,5.172
1423700700053,37.491245,139.921814,14,7.692,-0.068,5.301,4.987
1423700700154,37.491245,139.921812,14,7.762,-0.132,5.388,4.807
1423700700255,37.491246,139.92181,14,7.758,-0.07,5.336,4.633
1423700700355,37.491246,139.921808,14,7.721,-0.078,5.239,4.467
1423700700451,37.491247,139.921807,14,7.754,-0.142,5.259,4.314
1423700700552,37.491247,139.921805,14,7.811,-0.156,5.282,4.159
1423700700652,37.491248,139.921803,14,7.81,-0.174,5.335,4.012
1423700700753,37.491247,139.921803,13,7.809,-0.204,5.287,3.796
1423700700854,37.491246,139.921802,13,7.729,-0.157,5.203,3.584
1423700700955,37.491246,139.921802,13,7.751,-0.12,5.214,3.382
1423700701055,37.491245,139.921801,13,7.796,-0.137,5.289,3.192
1423700701151,37.491244,139.921801,13,7.844,-0.178,5.331,3.018
1423700701252,37.491243,139.9218,13,7.791,-0.156,5.255,2.846
1423700701352,37.491243,139.9218,13,7.753,-0.139,5.197,2.685
1423700701453,37.491242,139.9218,13,7.803,-0.149,5.25,2.532
1423700701554,37.491242,139.921799,13,7.794,-0.184,5.305,2.389
1423700701655,37.491241,139.921799,13,7.798,-0.188,5.307,2.256
1423700701755,37.491242,139.921801,10,7.784,-0.144,5.279,2.13
1423700701851,37.491243,139.921803,10,7.756,-0.121,5.201,2.015
1423700701952,37.491244,139.921804,10,7.819,-0.132,5.233,1.899
1423700702052,37.491245,139.921806,10,7.829,-0.118,5.201,1.79
1423700702153,37.491246,139.921807,10,7.814,-0.118,5.154,1.686
1423700702254,37.491246,139.921809,10,7.865,-0.195,5.214,1.587
1423700702354,37.491247,139.92181,10,7.88,-0.217,5.24,1.495
1423700702455,37.491248,139.921812,10,7.827,-0.17,5.175,1.408
1423700702551,37.491248,139.921813,10,7.824,-0.131,5.158,1.331
1423700702651,37.491249,139.921814,10,7.85,-0.164,5.213,1.256
1423700702752,37.491249,139.921813,10,7.841,-0.249,5.214,1.225
1423700702853,37.491249,139.921813,10,7.804,-0.249,5.17,1.197
1423700702954,37.491248,139.921812,10,7.836,-0.18,5.172,1.171
1423700703054,37.491248,139.921811,10,7.886,-0.16,5.207,1.145
1423700703155,37.491248,139.921811,10,7.849,-0.177,5.191,1.119
1423700703251,37.491248,139.92181,10,7.791,-0.195,5.138,1.096
1423700703351,37.491248,139.92181,10,7.79,-0.167,5.132,1.071
1423700703452,37.491247,139.921809,10,7.828,-0.116,5.158,1.047
1423700703553,37.491247,139.921809,10,7.841,-0.133,5.197,1.024
1423700703654,37.491247,139.921808,10,7.83,-0.18,5.178,1.001
1423700703754,37.491249,139.921808,8,7.822,-0.211,5.163,0.891
1423700703855,37.49125,139.921808,8,7.826,-0.201,5.152,0.783
1423700703951,37.491252,139.921808,8,7.841,-0.154,5.159,0.689
1423700704051,37.491253,139.921807,8,7.856,-0.126,5.15,0.6
1423700704152,37.491254,139.921807,8,7.843,-0.153,5.145,0.519
1423700704253,37.491255,139.921807,8,7.844,-0.189,5.152,0.447
1423700704353,37.491256,139.921807,8,7.845,-0.191,5.157,0.385
1423700704454,37.491257,139.921807,8,7.859,-0.178,5.146,0.331
1423700704555,37.491257,139.921807,8,8.011,-0.187,5.006,0.286
1423700704651,37.491258,139.921807,8,8.134,-0.212,4.776,0.253
1423700704751,37.491259,139.921806,8,8.183,-0.21,4.495,0.207
1423700704852,37.491259,139.921804,8,8.147,-0.177,4.349,0.163
1423700704953,37.49126,139.921803,8,8.15,-0.173,4.416,0.125
1423700705053,37.491261,139.921802,8,8.185,-0.193,4.551,0.092
1423700705154,37.491261,139.921801,8,8.197,-0.204,4.63,0.064
1423700705255,37.491261,139.9218,8,8.179,-0.19,4.58,0.041
1423700705356,37.491262,139.9218,8,8.16,-0.18,4.497,0.023
1423700705451,37.491262,139.921799,8,8.183,-0.194,4.482,0.011
1423700705552,37.491262,139.921799,8,8.2,-0.208,4.519,0.003
1423700714752,37.491239,139.92182,5,8.356,-0.232,4.352,0.002
1423700714852,37.491239,139.92182,5,8.451,-0.257,4.094,0.009
1423700714953,37.491239,139.92182,5,8.47,-0.217,3.885,0.021
1423700715054,37.491239,139.92182,5,8.552,-0.199,3.793,0.039
1423700715154,37.491239,139.92182,5,8.611,-0.152,3.708,0.061
1423700715255,37.491239,139.921819,5,8.642,-0.188,3.624,0.089
1423700715351,37.491239,139.921819,5,8.685,-0.201,3.539,0.119
1423700715451,37.491239,139.921819,5,8.728,-0.214,3.47,0.156
1423700715552,37.491239,139.921818,5,8.767,-0.239,3.394,0.199
1423700715653,37.491239,139.921818,5,8.803,-0.227,3.315,0.247
1423700715754,37.491239,139.921817,6,8.823,-0.199,3.272,0.287
1423700715854,37.491239,139.921816,6,8.827,-0.217,3.251,0.34
1423700715955,37.491239,139.921815,6,8.832,-0.224,3.219,0.406
1423700716051,37.491239,139.921814,6,8.869,-0.219,3.231,0.482
1423700716151,37.491239,139.921812,6,8.849,-0.141,3.148,0.574
1423700716252,37.491239,139.921811,6,8.821,-0.115,3.048,0.681
1423700716353,37.491239,139.921809,6,8.884,-0.159,3.025,0.801
1423700716454,37.491239,139.921806,6,8.985,-0.193,3.091,0.935
1423700716554,37.491239,139.921804,6,8.919,-0.226,3.08,1.081
1423700716655,37.491239,139.921801,6,8.791,-0.252,3.181,1.242
1423700716751,37.491239,139.9218,6,8.771,-0.26,3.38,1.329
1423700716851,37.49124,139.921798,6,8.8,-0.33,3.671,1.424
1423700716952,37.49124,139.921796,6,8.958,-0.36,3.694,1.529
1423700717053,37.49124,139.921794,6,8.883,-0.361,3.418,1.642
1423700717153,37.491241,139.921792,6,8.714,-0.246,3.101,1.762
1423700717254,37.491241,139.92179,6,8.589,-0.269,3.149,1.892
1423700717355,37.491242,139.921787,6,8.713,-0.184,3.49,2.03
1423700717451,37.491242,139.921785,6,8.76,-0.094,3.716,2.17
1423700717551,37.491242,139.921782,6,8.674,-0.078,3.738,2.323
1423700717652,37.491243,139.921779,6,8.427,-0.106,3.541,2.487
1423700717753,37.491244,139.921776,6,8.502,-0.194,3.659,2.561
1423700717853,37.491244,139.921772,6,8.734,-0.101,3.902,2.63
1423700717954,37.491245,139.921768,6,8.717,-0.036,3.866,2.7
1423700718055,37.491246,139.921764,6,8.639,-0.039,3.495,2.773
1423700718151,37.491247,139.921761,6,8.749,-0.073,3.305,2.844
1423700718251,37.491247,139.921757,6,8.867,-0.054,3.315,2.92
1423700718352,37.491248,139.921752,6,8.824,0.081,3.54,2.998
1423700718453,37.491249,139.921748,6,8.58,0.204,3.601,3.079
1423700718553,37.49125,139.921744,6,8.567,0.197,3.75,3.16
1423700718654,37.491251,139.921739,6,8.562,0.09,3.743,3.245
1423700718755,37.491251,139.921736,5,8.428,-0.095,3.63,3.25
1423700718856,37.491251,139.921732,5,8.428,-0.211,3.743,3.25
1423700718951,37.491252,139.921729,5,8.316,-0.203,3.859,3.25
1423700719052,37.491252,139.921725,5,8.444,-0.127,4.357,3.25
1423700719153,37.491252,139.921721,5,8.38,-0.19,4.639,3.25
1423700719253,37.491252,139.921718,5,8.282,-0.292,4.502,3.25
1423700719354,37.491252,139.921714,5,7.953,-0.236,4.399,3.25
1423700719455,37.491253,139.92171,5,8.136,-0.154,4.467,3.25
1423700719555,37.491253,139.921707,5,8.375,-0.088,4.69,3.25
1423700719651,37.491253,139.921703,5,8.518,-0.155,4.824,3.25
1423700719752,37.491253,139.921699,6,8.408,-0.394,4.791,3.226
1423700719852,37.491254,139.921696,6,8.183,-0.393,4.642,3.2
1423700719953,37.491254,139.921692,6,8.198,-0.292,4.555,3.175
1423700720054,37.491254,139.921688,6,8.193,-0.358,4.532,3.149
1423700720155,37.491255,139.921684,6,8.603,-0.322,4.311,3.124
1423700720255,37.491255,139.921681,6,8.766,-0.284,3.821,3.099
1423700720351,37.491255,139.921677,6,8.653,-0.311,3.199,3.075
1423700720452,37.491255,139.921673,6,8.542,-0.284,3.024,3.05
1423700720552,37.491256,139.92167,6,8.638,-0.168,3.282,3.026
1423700720653,37.491256,139.921666,6,8.854,-0.125,3.463,3.002
1423700720754,37.491256,139.921662,6,8.689,-0.187,3.375,3.044
1423700720855,37.491256,139.921658,6,8.455,-0.08,3.265,3.091
1423700720955,37.491257,139.921653,6,8.524,0.116,3.277,3.14
1423700721051,37.491257,139.921649,6,8.451,0.233,3.263,3.186
1423700721152,37.491257,139.921644,6,8.648,0.158,3.702,3.236
1423700721252,37.491257,139.92164,6,9.004,0.04,3.991,3.287
1423700721353,37.491257,139.921635,6,9.123,-0.445,4.345,3.338
1423700721454,37.491258,139.92163,6,8.443,-0.528,3.791,3.391
1423700721554,37.491258,139.921625,6,8.115,-0.597,3.472,3.443
1423700721655,37.491258,139.92162,6,8.274,-0.39,3.822,3.497
1423700721751,37.491258,139.921615,7,8.469,-0.04,4.113,3.543
1423700721852,37.491259,139.92161,7,9.077,0.227,4.47,3.591
1423700721952,37.491259,139.921605,7,8.726,0.559,4.232,3.639
1423700722053,37.49126,139.9216,7,8.388,0.561,3.88,3.689
1423700722154,37.49126,139.921594,7,8.328,0.477,3.802,3.739
1423700722254,37.49126,139.921589,7,8.241,0.034,4.069,3.789
1423700722355,37.491261,139.921583,7,8.72,-0.109,4.535,3.84
1423700722451,37.491261,139.921578,7,8.313,-0.212,4.025,3.89
1423700722551,37.491262,139.921572,7,7.961,-0.297,3.605,3.942
1423700722652,37.491262,139.921566,7,8.058,-0.278,3.907,3.996
1423700722753,37.491262,139.921559,9,7.889,-0.428,4.092,4.12
1423700722854,37.491263,139.92155,9,8.79,0.203,4.89,4.254
1423700722954,37.491263,139.921542,9,8.965,0.022,4.852,4.392
1423700723055,37.491264,139.921533,9,8.422,-0.079,4.021,4.536
1423700723151,37.491264,139.921524,9,8.077,0.108,3.636,4.677
1423700723251,37.491265,139.921515,9,8.11,0.174,4.018,4.829
1423700723352,37.491265,139.921505,9,8.511,0.123,4.461,4.988
1423700723453,37.491266,139.921495,9,8.723,-0.287,4.677,5.151
1423700723554,37.491266,139.921485,9,8.479,-0.271,4.224,5.319
1423700723654,37.491267,139.921475,9,8.415,-0.176,3.996,5.49
1423700723755,37.491268,139.921467,9,8.386,-0.188,4.176,5.5
1423700723851,37.491269,139.921461,9,8.467,-0.118,4.209,5.5
1423700723951,37.491269,139.921454,9,8.423,0.05,4.087,5.5
1423700724053,37.49127,139.921447,9,8.516,0.023,4.112,5.5
1423700724153,37.491271,139.92144,9,8.228,-0.032,3.865,5.5
1423700724253,37.491272,139.921433,9,8.203,-0.221,3.943,5.5
1423700724354,37.491273,139.921426,9,8.4,-0.328,4.076,5.5
1423700724455,37.491273,139.921419,9,8.486,-0.515,4.292,5.5
1423700724551,37.491274,139.921413,9,8.565,-0.547,4.306,5.5
1423700724651,37.491275,139.921406,9,8.568,-0.494,4.288,5.5
1423700724752,37.491276,139.921399,8,8.308,-0.39,4.167,5.477
1423700724853,37.491277,139.921393,8,8.293,-0.379,4.006,5.451
1423700724953,37.491278,139.921387,8,8.338,-0.45,4.03,5.426
1423700725054,37.491279,139.921381,8,8.382,-0.379,4.031,5.4
1423700725155,37.49128,139.921374,8,8.175,-0.4,3.871,5.375
1423700725256,37.49128,139.921368,8,8.254,-0.543,3.948,5.35
1423700725351,37.491281,139.921363,8,8.373,-0.571,4.253,5.326
1423700725452,37.491282,139.921356,8,8.359,-0.415,4.439,5.301
1423700725553,37.491283,139.92135,8,8.188,-0.354,4.447,5.276
1423700725653,37.491284,139.921344,8,7.999,-0.211,4.378,5.252
1423700725754,37.491285,139.921339,8,7.478,-0.311,3.985,5.316
1423700725855,37.491286,139.921333,8,7.713,-0.283,4.124,5.388
1423700725955,37.491287,139.921328,8,8.615,-0.286,4.911,5.461
1423700726056,37.491288,139.921322,8,8.605,-0.384,5.022,5.535
1423700726152,37.491289,139.921316,8,8.236,-0.191,4.771,5.607
1423700726251,37.49129,139.921311,8,7.929,0.02,4.484,5.681
1423700726353,37.491291,139.921305,8,8.089,0.181,4.641,5.759
1423700726452,37.491293,139.921299,8,8.406,-0.198,4.823,5.836
1423700726555,37.491294,139.921292,8,8.565,-0.22,4.845,5.917
1423700726654,37.491295,139.921286,8,8.195,0.003,4.548,5.995
1423700726751,37.491296,139.92128,7,8.072,0.113,4.452,5.977
1423700726852,37.491298,139.921272,7,7.92,0.18,4.335,5.951
1423700726952,37.491299,139.921265,7,8.194,0.105,4.541,5.926
1423700727054,37.491301,139.921258,7,8.289,-0.053,4.768,5.9
1423700727155,37.491302,139.921251,7,8.562,0.007,4.703,5.875
1423700727255,37.491303,139.921244,7,8.611,0.13,4.763,5.85
1423700727355,37.491305,139.921237,7,8.655,0.243,4.576,5.825
1423700727451,37.491306,139.92123,7,8.176,0.326,4.094,5.801
1423700727552,37.491308,139.921223,7,7.993,0.458,3.702,5.776
1423700727652,37.491309,139.921217,7,8.538,0.539,4.146,5.752
1423700727753,37.49131,139.92121,6,8.933,0.382,4.569,5.773
1423700727854,37.491311,139.921203,6,8.644,0.482,4.081,5.798
1423700727954,37.491311,139.921197,6,8.144,0.49,3.68,5.822
1423700728055,37.491312,139.92119,6,8.058,0.226,4.035,5.847
1423700728151,37.491313,139.921184,6,8.417,-0.032,4.395,5.871
1423700728252,37.491314,139.921177,6,8.483,-0.027,4.402,5.897
1423700728352,37.491315,139.921171,6,8.215,0.013,4.318,5.922
1423700728453,37.491315,139.921164,6,8.143,-0.007,4.386,5.947
1423700728554,37.491316,139.921157,6,8.442,-0.001,4.757,5.973
1423700728654,37.491317,139.92115,6,7.812,-0.084,4.165,5.998
1423700728755,37.491317,139.921143,6,8.113,-0.254,4.532,6.023
1423700728851,37.491318,139.921136,6,8.379,-0.01,4.815,6.047
1423700728951,37.491318,139.921128,6,8.321,0.284,4.87,6.072
1423700729052,37.491318,139.921121,6,8.039,0.315,4.504,6.097
1423700729153,37.491318,139.921113,6,8.099,0.345,4.443,6.122
1423700729254,37.491319,139.921106,6,8.057,0.301,4.455,6.147
1423700729354,37.491319,139.921098,6,8.309,0.044,4.542,6.172
1423700729455,37.491319,139.921091,6,8.203,0.074,4.722,6.198
1423700729551,37.49132,139.921083,6,8.13,0.202,4.757,6.222
1423700729651,37.49132,139.921076,6,7.84,0.018,4.36,6.248
1423700729752,37.49132,139.921068,7,7.703,0.219,4.297,6.25
1423700729853,37.49132,139.92106,7,7.856,0.374,4.296,6.25
1423700729953,37.49132,139.921052,7,8.732,0.227,5.19,6.25
1423700730054,37.49132,139.921044,7,8.941,0.086,5.375,6.25
1423700730155,37.49132,139.921036,7,8.391,0.157,4.615,6.25
1423700730251,37.49132,139.921028,7,7.608,0.157,3.93,6.25
1423700730351,37.49132,139.92102,7,7.789,0.1,4.272,6.25
1423700730452,37.49132,139.921012,7,8.57,-0.034,4.917,6.25
1423700730553,37.49132,139.921004,7,8.759,-0.071,4.875,6.25
1423700730653,37.49132,139.920997,7,8.185,-0.081,4.433,6.25
1423700730754,37.49132,139.92099,8,7.914,-0.047,4.362,6.273
1423700730855,37.491321,139.920983,8,8.079,-0.047,4.562,6.298
1423700730956,37.491321,139.920976,8,8.2,-0.027,4.546,6.323
1423700731051,37.491322,139.92097,8,8.172,-0.015,4.314,6.347
1423700731152,37.491322,139.920963,8,8.117,-0.018,4.325,6.372
1423700731253,37.491322,139.920957,8,8.132,-0.055,4.459,6.397
1423700731353,37.491323,139.92095,8,8.239,-0.061,4.601,6.422
1423700731454,37.491323,139.920943,8,8.263,-0.079,4.621,6.448
1423700731555,37.491324,139.920936,8,8.214,-0.026,4.431,6.473
1423700731655,37.491324,139.920929,8,8.092,0.024,4.367,6.499
1423700731751,37.491325,139.920922,9,8.203,0.044,4.453,6.522
1423700731852,37.491326,139.920914,9,8.378,0.107,4.483,6.547
1423700731953,37.491327,139.920906,9,8.278,0.17,4.54,6.572
1423700732053,37.491329,139.920898,9,8.267,0.203,4.558,6.597
1423700732154,37.49133,139.92089,9,8.195,0.203,4.454,6.622
1423700732255,37.491331,139.920882,9,8.079,0.03,4.386,6.648
1423700732355,37.491332,139.920874,9,8.088,-0.142,4.338,6.673
1423700732451,37.491333,139.920866,9,8.128,0.009,4.285,6.697
1423700732552,37.491335,139.920858,9,8.702,-0.087,4.508,6.723
1423700732653,37.491336,139.92085,9,8.736,-0.091,4.633,6.748
1423700732753,37.491336,139.920841,10,8.454,-0.076,4.423,6.75
1423700732854,37.491336,139.920831,10,8.193,-0.093,4.215,6.75
1423700732955,37.491336,139.920822,10,8.196,-0.028,4.157,6.75
1423700733055,37.491336,139.920813,10,8.199,-0.004,4.218,6.75
1423700733151,37.491336,139.920804,10,8.537,-0.127,4.427,6.75
1423700733252,37.491335,139.920795,10,8.779,-0.037,4.777,6.75
1423700733352,37.491335,139.920786,10,8.451,-0.113,4.642,6.75
1423700733453,37.491335,139.920777,10,8.292,-0.033,4.609,6.75
1423700733554,37.491335,139.920768,10,8.231,-0.07,4.314,6.75
1423700733654,37.491335,139.920759,10,8.177,-0.035,4.362,6.75
1423700733755,37.491335,139.920752,10,8.167,0.081,4.257,6.675
1423700733851,37.491335,139.920747,10,8.21,0.101,4.195,6.6
1423700733952,37.491334,139.920741,10,8.174,0.1,4.309,6.522
1423700734052,37.491334,139.920735,10,8.273,0.137,4.514,6.445
1423700734153,37.491334,139.920729,10,8.458,0.043,4.641,6.369
1423700734254,37.491334,139.920723,10,8.16,0.119,4.315,6.294
1423700734354,37.491334,139.920718,10,8.081,0.15,4.224,6.22
1423700734455,37.491333,139.920712,10,8.358,0.021,4.477,6.147
1423700734551,37.491333,139.920707,10,8.371,-0.05,4.495,6.077
1423700734651,37.491333,139.920701,10,8.275,0.2,4.257,6.006
1423700734752,37.491336,139.920691,12,8.38,0.424,4.297,6.023
1423700734853,37.491339,139.920681,12,8.517,0.259,4.504,6.047
1423700734954,37.491342,139.92067,12,8.505,0.112,4.542,6.072
1423700735054,37.491345,139.920659,12,8.227,0.054,4.283,6.097
1423700735155,37.491348,139.920648,12,8.173,-0.154,4.263,6.122
1423700735251,37.491351,139.920638,12,8.178,-0.141,4.306,6.147
1423700735351,37.491354,139.920627,12,8.156,-0.073,4.157,6.172
1423700735452,37.491357,139.920616,12,8.034,0.106,4.077,6.197
1423700735553,37.49136,139.920605,12,8.22,0.134,4.332,6.223
1423700735654,37.491363,139.920594,12,8.407,0.16,4.574,6.248
1423700735754,37.491365,139.92059,12,8.123,0.002,4.266,6.273
1423700735855,37.491366,139.920586,12,8.329,-0.104,4.599,6.298
1423700735951,37.491368,139.920583,12,8.531,-0.12,5.023,6.322
1423700736051,37.49137,139.920579,12,8.784,-0.235,5.3,6.347
1423700736152,37.491371,139.920576,12,8.249,-0.196,4.734,6.372
1423700736253,37.491373,139.920572,12,7.557,-0.056,3.99,6.397
1423700736353,37.491375,139.920569,12,7.937,-0.024,4.303,6.422
1423700736455,37.491376,139.920565,12,8.39,-0.037,4.613,6.448
1423700736555,37.491378,139.920562,12,8.319,-0.104,4.732,6.473
1423700736651,37.49138,139.920558,12,8.147,-0.099,4.545,6.498
1423700736751,37.49138,139.920552,10,8.171,-0.05,4.658,6.477
1423700736852,37.491381,139.920545,10,8.172,-0.02,4.623,6.451
1423700736953,37.491381,139.920538,10,8.154,-0.01,4.466,6.426
1423700737053,37.491381,139.920532,10,8.025,-0.044,4.329,6.401
1423700737154,37.491382,139.920525,10,8.287,0.142,4.638,6.375
1423700737255,37.491382,139.920518,10,8.402,0.247,4.72,6.35
1423700737351,37.491382,139.920512,10,8.14,0.168,4.476,6.326
1423700737451,37.491382,139.920506,10,8.088,0.156,4.414,6.301
1423700737552,37.491383,139.920499,10,8.288,0.134,4.471,6.277
1423700737653,37.491383,139.920492,10,8.309,0.109,4.571,6.252
1423700737753,37.491383,139.920485,7,8.171,0.041,4.389,6.25
1423700737854,37.491383,139.920478,7,8.177,0.074,4.342,6.25
1423700737955,37.491383,139.92047,7,8.178,0.098,4.44,6.25
1423700738055,37.491383,139.920463,7,8.309,0.051,4.558,6.25
1423700738151,37.491383,139.920456,7,8.325,-0.023,4.466,6.25
1423700738252,37.491382,139.920448,7,8.279,-0.034,4.391,6.25
1423700738352,37.491382,139.920441,7,8.268,-0.09,4.348,6.25
1423700738453,37.491382,139.920433,7,8.356,-0.025,4.5,6.25
1423700738554,37.491382,139.920426,7,8.279,-0.031,4.416,6.25
1423700738655,37.491382,139.920418,7,8.253,0.068,4.412,6.25
1423700738755,37.491383,139.920412,7,8.162,0.114,4.301,6.25
1423700738851,37.491383,139.920405,7,8.27,0.099,4.367,6.25
1423700738952,37.491384,139.920398,7,8.453,0.116,4.522,6.25
1423700739053,37.491384,139.920392,7,8.347,0.156,4.471,6.25
1423700739153,37.491385,139.920385,7,8.248,0.053,4.391,6.25
1423700739254,37.491386,139.920378,7,8.232,-0.061,4.424,6.25
1423700739355,37.491386,139.920371,7,8.018,0.003,4.247,6.25
1423700739455,37.491387,139.920365,7,8.06,0.127,4.232,6.25
1423700739551,37.491387,139.920358,7,8.36,0.081,4.475,6.25
1423700739652,37.491388,139.920352,7,8.577,-0.041,4.64,6.25
1423700739752,37.491389,139.920345,6,8.156,0.107,4.246,6.25
1423700739853,37.49139,139.920339,6,7.962,0.348,3.874,6.25
1423700739954,37.49139,139.920332,6,8.282,0.284,4.393,6.25
1423700740055,37.491391,139.920326,6,8.599,0.001,4.55,6.25
1423700740155,37.491392,139.92032,6,8.612,-0.055,4.695,6.25
1423700740251,37.491393,139.920314,6,8.193,-0.076,4.364,6.25
1423700740357,37.491394,139.920307,6,7.975,-0.086,4.339,6.25
1423700740452,37.491394,139.920301,6,8.101,-0.099,4.35,6.25
1423700740551,37.491395,139.920295,6,8.135,-0.07,4.329,6.25
1423700740654,37.491396,139.920288,6,8.332,-0.054,4.535,6.25
1423700740753,37.491396,139.920281,5,8.276,-0.117,4.523,6.273
1423700740855,37.491397,139.920273,5,8.281,-0.071,4.552,6.298
1423700740951,37.491397,139.920266,5,8.264,-0.001,4.52,6.322
1423700741051,37.491398,139.920258,5,8.231,0.06,4.485,6.347
1423700741152,37.491398,139.92025,5,8.327,0.135,4.528,6.372
1423700741253,37.491399,139.920243,5,8.43,0.091,4.59,6.397
1423700741354,37.491399,139.920235,5,8.272,0.082,4.513,6.422
1423700741454,37.4914,139.920227,5,8.088,0.221,4.294,6.448
1423700741555,37.4914,139.920219,5,8.453,0.206,4.631,6.473
1423700741651,37.491401,139.920212,5,8.491,0.095,4.729,6.498
1423700741751,37.491402,139.920204,5,8.422,0.027,4.635,6.5
1423700741852,37.491403,139.920197,5,7.899,0.163,4.074,6.5
1423700741953,37.491404,139.92019,5,7.995,0.157,4.163,6.5
1423700742054,37.491405,139.920183,5,7.936,-0.037,3.985,6.5
1423700742154,37.491406,139.920175,5,8.417,0.051,4.489,6.5
1423700742255,37.491407,139.920168,5,8.766,0.071,4.903,6.5
1423700742351,37.491408,139.920161,5,8.374,-0.006,4.682,6.5
1423700742451,37.491409,139.920154,5,7.976,0.051,4.328,6.5
1423700742552,37.49141,139.920147,5,8.055,0.019,4.327,6.5
1423700742653,37.491411,139.92014,5,8.213,-0.031,4.466,6.5
1423700742753,37.491411,139.920133,7,8.135,-0.192,4.296,6.476
1423700742854,37.49141,139.920127,7,8.176,-0.172,4.1,6.451
1423700742955,37.49141,139.920121,7,8.08,-0.152,4.22,6.425
1423700743051,37.49141,139.920115,7,8.216,-0.136,4.34,6.401
1423700743151,37.49141,139.920109,7,8.239,-0.18,4.34,6.376
1423700743252,37.491409,139.920103,7,8.286,-0.135,4.355,6.351
1423700743353,37.491409,139.920096,7,8.454,0.005,4.468,6.326
1423700743453,37.491409,139.92009,7,8.412,0.089,4.483,6.301
1423700743554,37.491408,139.920084,7,8.407,0.214,4.284,6.276
1423700743655,37.491408,139.920078,7,8.473,0.192,4.358,6.251
1423700743756,37.49141,139.920071,7,8.64,0.064,4.435,6.274
1423700743851,37.491411,139.920064,7,8.359,0.101,4.13,6.297
1423700743952,37.491413,139.920056,7,8.379,0.072,4.055,6.322
1423700744053,37.491414,139.920048,7,8.585,0.03,4.162,6.347
1423700744153,37.491416,139.92004,7,8.522,0.035,4.083,6.372
1423700744254,37.491417,139.920033,7,8.373,0.021,3.954,6.397
1423700744355,37.491419,139.920025,7,8.371,-0.132,3.946,6.423
1423700744455,37.491421,139.920017,7,8.101,-0.152,3.68,6.448
1423700744551,37.491422,139.92001,7,8.209,-0.02,3.909,6.472
1423700744652,37.491424,139.920002,7,8.332,-0.101,4.178,6.498
1423700744753,37.491425,139.919994,6,8.75,-0.048,4.599,6.545
1423700744853,37.491426,139.919986,6,8.439,0.05,4.426,6.594
1423700744954,37.491427,139.919978,6,8.197,0.011,4.08,6.643
1423700745055,37.491428,139.91997,6,8.172,0.037,4.128,6.693
1423700745155,37.491429,139.919962,6,8.232,-0.088,4.125,6.743
1423700745251,37.49143,139.919954,6,8.516,-0.209,4.154,6.791
1423700745352,37.491432,139.919946,6,8.283,-0.157,4.137,6.842
1423700745453,37.491433,139.919938,6,8.321,-0.219,4.164,6.893
1423700745553,37.491434,139.91993,6,8.278,-0.246,4.185,6.945
1423700745654,37.491435,139.919921,6,8.382,-0.247,4.224,6.997
1423700745755,37.491436,139.919913,6,8.384,-0.331,4.219,7.0
1423700745855,37.491437,139.919904,6,8.451,-0.359,4.449,7.0
1423700745951,37.491438,139.919896,6,8.222,-0.135,4.008,7.0
1423700746052,37.491439,139.919887,6,8.402,-0.173,4.222,7.0
1423700746152,37.491439,139.919879,6,8.559,-0.248,4.422,7.0
1423700746253,37.49144,139.91987,6,8.525,-0.118,4.278,7.0
1423700746354,37.491441,139.919861,6,8.337,-0.142,4.167,7.0
1423700746454,37.491442,139.919853,6,8.161,-0.23,4.371,7.0
1423700746555,37.491443,139.919844,6,8.21,-0.135,4.2,7.0
1423700746651,37.491444,139.919836,6,8.611,-0.041,4.506,7.0
1423700746752,37.491444,139.919828,7,8.254,0.033,4.548,6.977
1423700746852,37.491444,139.919821,7,8.567,-0.079,4.668,6.951
1423700746953,37.491444,139.919814,7,8.351,-0.163,4.575,6.926
1423700747054,37.491444,139.919807,7,8.197,-0.215,4.489,6.9
1423700747154,37.491445,139.9198,7,8.337,-0.143,4.361,6.875
1423700747255,37.491445,139.919792,7,8.095,-0.13,4.324,6.85
1423700747351,37.491445,139.919786,7,8.187,-0.105,4.377,6.826
1423700747451,37.491445,139.919779,7,8.35,-0.063,4.473,6.801
1423700747552,37.491445,139.919772,7,8.178,-0.031,4.453,6.777
1423700747653,37.491445,139.919764,7,8.159,0.03,4.398,6.752
1423700747754,37.491446,139.919756,7,8.159,0.053,4.368,6.795
1423700747854,37.491447,139.919748,7,8.213,-0.023,4.491,6.844
1423700747955,37.491448,139.919739,7,7.896,0.03,4.244,6.894
1423700748051,37.491449,139.919731,7,8.13,0.084,4.535,6.941
1423700748151,37.49145,139.919723,7,8.47,-0.003,4.846,6.991
1423700748252,37.491451,139.919714,7,8.3,-0.007,4.568,7.042
1423700748353,37.491453,139.919705,7,8.439,-0.073,4.604,7.093
1423700748454,37.491454,139.919696,7,8.151,-0.148,4.545,7.144
1423700748554,37.491455,139.919687,7,8.107,-0.094,4.4,7.195
1423700748655,37.491456,139.919678,7,8.169,-0.07,4.276,7.247
1423700748751,37.491457,139.919671,6,8.134,-0.079,4.346,7.25
1423700748851,37.491458,139.919663,6,8.207,-0.092,4.486,7.25
1423700748952,37.491459,139.919655,6,8.368,0.045,4.682,7.25
1423700749053,37.49146,139.919647,6,8.316,0.136,4.689,7.25
1423700749153,37.49146,139.919639,6,8.2,0.11,4.525,7.25
1423700749254,37.491461,139.919631,6,8.312,-0.042,4.686,7.25
1423700749355,37.491462,139.919623,6,8.235,-0.142,4.592,7.25
1423700749451,37.491463,139.919616,6,7.967,-0.054,4.353,7.25
1423700749551,37.491464,139.919608,6,7.924,-0.049,4.257,7.25
1423700749652,37.491465,139.9196,6,8.088,-0.174,4.415,7.25
1423700749753,37.491465,139.919591,5,7.991,-0.161,4.248,7.25
1423700749853,37.491466,139.919582,5,8.227,-0.331,4.597,7.25
1423700749954,37.491466,139.919573,5,8.357,-0.224,4.81,7.25
1423700750055,37.491467,139.919564,5,8.135,-0.043,4.56,7.25
1423700750156,37.491467,139.919555,5,8.144,0.032,4.385,7.25
1423700750251,37.491467,139.919546,5,8.377,-0.15,4.639,7.25
1423700750352,37.491468,139.919537,5,8.517,-0.12,4.631,7.25
1423700750453,37.491468,139.919528,5,8.152,-0.108,4.32,7.25
1423700750553,37.491469,139.91952,5,7.805,-0.146,4.083,7.25
1423700750654,37.491469,139.919511,5,8.094,-0.023,4.207,7.25
1423700750755,37.491469,139.919503,5,8.588,0.053,4.646,7.25
1423700750855,37.49147,139.919496,5,8.569,-0.069,4.735,7.25
1423700750951,37.49147,139.919488,5,8.171,-0.073,4.439,7.25
1423700751052,37.491471,139.919481,5,8.043,0.051,4.319,7.25
1423700751153,37.491471,139.919474,5,8.262,0.026,4.424,7.25
1423700751253,37.491471,139.919466,5,8.277,-0.022,4.359,7.25
1423700751354,37.491472,139.919459,5,7.684,-0.087,3.904,7.25
1423700751455,37.491472,139.919451,5,7.944,0.018,4.023,7.25
1423700751555,37.491473,139.919444,5,8.378,0.148,4.851,7.25
1423700751651,37.491473,139.919437,5,8.503,0.264,5.115,7.25
1423700751752,37.491474,139.919429,5,8.451,0.32,5.23,7.25
1423700751852,37.491475,139.919422,5,8.177,0.381,4.837,7.25
1423700751953,37.491476,139.919414,5,7.609,0.217,4.276,7.25
1423700752054,37.491477,139.919407,5,7.825,0.09,4.283,7.25
1423700752155,37.491477,139.919399,5,8.208,-0.084,4.733,7.25
1423700752255,37.491478,139.919392,5,8.221,0.09,4.817,7.25
1423700752351,37.491479,139.919385,5,7.744,0.068,4.226,7.25
1423700752452,37.49148,139.919377,5,7.83,0.137,4.292,7.25
1423700752552,37.491481,139.91937,5,8.156,0.145,4.57,7.25
1423700752653,37.491482,139.919363,5,7.877,0.042,4.311,7.25
1423700752754,37.491483,139.919354,5,8.043,-0.024,4.445,7.25
1423700752854,37.491484,139.919345,5,8.489,-0.1,5.053,7.25
1423700752955,37.491484,139.919336,5,8.398,-0.074,4.886,7.25
1423700753051,37.491485,139.919327,5,8.166,-0.049,4.783,7.25
1423700753152,37.491486,139.919318,5,8.158,-0.071,4.802,7.25
1423700753252,37.491487,139.919309,5,8.196,-0.225,4.745,7.25
1423700753353,37.491488,139.9193,5,8.094,-0.205,4.433,7.25
1423700753454,37.491488,139.919291,5,8.077,-0.076,4.441,7.25
1423700753554,37.491489,139.919282,5,8.153,-0.081,4.609,7.25
1423700753655,37.49149,139.919273,5,8.208,-0.12,4.645,7.25
1423700753751,37.491492,139.919267,5,8.111,-0.117,4.603,7.203
1423700753851,37.491493,139.91926,5,7.983,-0.061,4.552,7.152
1423700753952,37.491495,139.919253,5,8.015,-0.005,4.642,7.1
1423700754053,37.491497,139.919246,5,8.025,0.046,4.518,7.049
1423700754154,37.491499,139.919239,5,8.273,0.004,4.733,6.999
1423700754254,37.4915,139.919233,5,7.842,0.049,4.384,6.949
1423700754355,37.491502,139.919226,5,8.122,0.097,4.627,6.899
1423700754456,37.491504,139.919219,5,8.478,0.018,5.036,6.849
1423700754551,37.491505,139.919213,5,8.359,-0.109,4.73,6.803
1423700754657,37.491507,139.919206,5,8.314,-0.118,4.727,6.751
1423700754753,37.491507,139.919199,5,8.174,-0.113,4.604,6.75
1423700754852,37.491508,139.919191,5,8.137,-0.143,4.646,6.75
1423700754954,37.491508,139.919183,5,7.99,-0.12,4.178,6.75
1423700755053,37.491509,139.919175,5,8.039,0.045,4.396,6.75
1423700755151,37.491509,139.919168,5,8.229,-0.114,4.536,6.75
1423700755251,37.49151,139.91916,5,8.553,-0.008,4.837,6.75
1423700755352,37.49151,139.919152,5,8.286,0.106,4.73,6.75
1423700755453,37.491511,139.919144,5,8.174,0.09,4.712,6.75
1423700755554,37.491511,139.919136,5,8.098,0.098,4.458,6.75
1423700755654,37.491512,139.919128,5,8.218,0.046,4.5,6.75
1423700755755,37.491514,139.919122,5,8.05,-0.238,4.315,6.726
1423700755851,37.491515,139.919115,5,7.777,-0.196,3.91,6.702
1423700755951,37.491517,139.919109,5,8.228,0.018,4.44,6.676
1423700756052,37.491519,139.919102,5,8.401,-0.124,4.589,6.651
1423700756153,37.491521,139.919095,5,8.488,-0.006,4.178,6.626
1423700756253,37.491523,139.919089,5,8.311,0.026,4.134,6.601
1423700756354,37.491525,139.919082,5,8.286,-0.004,4.037,6.575
1423700756455,37.491526,139.919075,5,8.535,-0.081,4.255,6.55
1423700756551,37.491528,139.919069,5,8.389,-0.029,4.125,6.527
1423700756651,37.49153,139.919063,5,8.316,-0.044,4.039,6.502
1423700756752,37.491531,139.919055,5,8.182,-0.089,4.062,6.523
1423700756853,37.491532,139.919047,5,8.353,-0.165,4.206,6.548
1423700756953,37.491533,139.919039,5,8.035,-0.283,4.002,6.572
1423700757054,37.491534,139.919031,5,8.307,-0.014,4.178,6.597
1423700757155,37.491535,139.919023,5,8.54,0.216,4.486,6.623
1423700757255,37.491536,139.919015,5,8.55,0.158,4.565,6.648
1423700757351,37.491538,139.919007,5,8.366,0.241,4.426,6.672
1423700757452,37.491539,139.918999,5,8.019,0.377,4.136,6.697
1423700757552,37.49154,139.918991,5,7.808,0.358,3.9,6.723
1423700757653,37.491541,139.918983,5,8.207,0.284,4.246,6.748
1423700757754,37.491542,139.918974,5,8.456,0.194,4.521,6.773
1423700757855,37.491544,139.918965,5,8.28,0.228,4.342,6.798
1423700757955,37.491545,139.918956,5,7.715,0.446,4.079,6.823
1423700758051,37.491547,139.918948,5,7.746,0.38,3.961,6.847
1423700758152,37.491548,139.918939,5,8.381,0.11,4.491,6.872
1423700758252,37.49155,139.91893,5,8.563,-0.044,5.039,6.897
1423700758353,37.491551,139.918921,5,8.124,-0.176,4.779,6.922
1423700758454,37.491553,139.918912,5,8.125,-0.049,4.716,6.948
1423700758555,37.491554,139.918903,5,8.222,-0.055,4.879,6.973
1423700758655,37.491556,139.918893,5,8.245,0.13,4.774,6.999
1423700758751,37.491557,139.918886,5,8.191,0.113,4.714,7.0
1423700758852,37.491558,139.918879,5,7.672,0.275,4.024,7.0
1423700758952,37.49156,139.918871,5,7.647,0.338,4.149,7.0
1423700759053,37.491561,139.918864,5,8.211,0.069,4.861,7.0
1423700759154,37.491562,139.918856,5,8.693,-0.271,5.255,7.0
1423700759255,37.491564,139.918848,5,8.531,-0.065,5.029,7.0
1423700759355,37.491565,139.918841,5,8.081,0.157,4.837,7.0
1423700759451,37.491566,139.918834,5,7.434,0.049,4.171,7.0
1423700759552,37.491568,139.918826,5,7.891,-0.02,4.405,7.0
1423700759652,37.491569,139.918819,5,8.588,-0.221,5.064,7.0
1423700759753,37.49157,139.918811,4,8.048,-0.314,4.817,6.976
1423700759854,37.49157,139.918803,4,7.658,-0.267,4.514,6.951
1423700759954,37.491571,139.918795,4,7.802,0.142,4.64,6.926
1423700760055,37.491572,139.918788,4,7.678,0.496,4.435,6.9
1423700760151,37.491572,139.91878,4,8.151,0.181,4.662,6.876
1423700760252,37.491573,139.918773,4,8.384,-0.239,4.821,6.851
1423700760352,37.491574,139.918765,4,8.119,-0.363,4.826,6.826
1423700760453,37.491575,139.918758,4,7.728,-0.557,4.654,6.801
1423700760554,37.491575,139.91875,4,8.006,-0.149,4.968,6.776
1423700760654,37.491576,139.918742,4,8.63,0.365,5.2,6.751
1423700760755,37.491577,139.918735,5,8.884,0.315,5.46,6.701
1423700760851,37.491578,139.918727,5,8.154,0.178,4.645,6.652
1423700760951,37.49158,139.91872,5,7.952,0.115,4.526,6.601
1423700761052,37.491581,139.918712,5,7.97,0.087,4.655,6.549
1423700761153,37.491582,139.918704,5,8.321,-0.116,4.883,6.499
1423700761253,37.491583,139.918697,5,8.185,-0.086,4.749,6.449
1423700761354,37.491584,139.918689,5,7.66,-0.022,4.28,6.399
1423700761455,37.491586,139.918682,5,7.795,-0.118,4.475,6.349
1423700761551,37.491587,139.918675,5,7.926,-0.179,4.656,6.303
1423700761651,37.491588,139.918668,5,8.113,-0.246,4.795,6.254
1423700761752,37.491589,139.91866,6,8.173,-0.15,4.666,6.25
1423700761853,37.491591,139.918653,6,7.984,-0.098,4.386,6.25
1423700761953,37.491592,139.918645,6,7.979,-0.127,4.479,6.25
1423700762054,37.491594,139.918638,6,8.022,-0.169,4.605,6.25
1423700762155,37.491595,139.91863,6,8.208,-0.267,4.809,6.25
1423700762251,37.491596,139.918623,6,8.249,-0.235,4.771,6.25
1423700762351,37.491598,139.918616,6,7.925,-0.239,4.367,6.25
1423700762452,37.491599,139.918608,6,8.269,-0.218,4.78,6.25
1423700762553,37.4916,139.918601,6,8.394,-0.219,4.917,6.25
1423700762653,37.491602,139.918594,6,8.484,-0.22,5.039,6.25
1423700762754,37.491603,139.918587,6,7.969,-0.24,4.515,6.226
1423700762855,37.491603,139.918581,6,7.837,-0.257,4.288,6.2
1423700762956,37.491604,139.918574,6,8.048,-0.257,4.58,6.175
1423700763051,37.491604,139.918568,6,8.244,-0.236,4.579,6.151
1423700763152,37.491605,139.918562,6,8.129,-0.285,4.528,6.126
1423700763253,37.491606,139.918556,6,7.859,-0.288,4.538,6.101
1423700763353,37.491606,139.91855,6,8.036,-0.158,4.97,6.076
1423700763454,37.491607,139.918544,6,7.901,-0.371,5.014,6.051
1423700763555,37.491607,139.918537,6,7.889,-0.565,5.003,6.026
1423700763655,37.491608,139.918531,6,8.328,-0.565,5.532,6.001
1423700763751,37.491607,139.918523,7,8.372,-0.409,5.732,5.953
1423700763852,37.491606,139.918515,7,7.568,-0.288,4.966,5.901
1423700763953,37.491606,139.918507,7,7.308,-0.137,4.699,5.849
1423700764053,37.491605,139.918499,7,7.663,0.004,5.074,5.798
1423700764154,37.491604,139.918491,7,7.827,0.04,5.445,5.748
1423700764255,37.491603,139.918483,7,7.89,-0.075,5.657,5.697
1423700764355,37.491602,139.918475,7,7.719,-0.244,5.604,5.648
1423700764451,37.491602,139.918467,7,7.536,-0.336,5.609,5.601
1423700764552,37.491601,139.918459,7,7.46,-0.509,5.824,5.552
1423700764652,37.4916,139.918452,7,7.851,-0.737,6.093,5.504
1423700764753,37.491601,139.918446,7,7.854,-1.004,5.971,5.399
1423700764854,37.491603,139.918441,7,7.374,-1.22,5.474,5.29
1423700764955,37.491604,139.918436,7,7.234,-1.425,5.145,5.184
1423700765055,37.491605,139.91843,7,7.467,-1.407,5.16,5.081
1423700765151,37.491607,139.918426,7,7.677,-1.336,5.297,4.984
1423700765252,37.491608,139.918421,7,7.91,-1.277,5.464,4.884
1423700765352,37.491609,139.918416,7,7.8,-1.46,5.436,4.787
1423700765453,37.491611,139.918411,7,7.583,-1.589,5.189,4.691
1423700765554,37.491612,139.918407,7,7.613,-1.489,5.104,4.597
1423700765654,37.491613,139.918402,7,7.813,-1.439,5.302,4.505
1423700765755,37.491617,139.918398,7,7.947,-1.539,5.455,4.364
1423700765851,37.491621,139.918395,7,7.687,-1.774,5.078,4.23
1423700765952,37.491625,139.918391,7,7.669,-1.832,5.003,4.093
1423700766052,37.491628,139.918388,7,7.699,-1.576,4.896,3.962
1423700766153,37.491632,139.918384,7,7.728,-1.211,4.845,3.833
1423700766254,37.491636,139.918381,7,7.783,-0.887,4.758,3.709
1423700766354,37.491639,139.918378,7,7.915,-0.801,4.886,3.59
1423700766455,37.491643,139.918375,7,7.804,-0.843,4.86,3.473
1423700766551,37.491646,139.918372,7,7.77,-0.91,4.799,3.367
1423700766651,37.491649,139.918369,7,7.995,-1.14,5.086,3.259
1423700766752,37.49165,139.91837,7,7.926,-1.636,5.268,3.143
1423700766853,37.491652,139.918371,7,7.643,-1.745,5.171,3.029
1423700766954,37.491653,139.918372,7,7.772,-1.795,5.317,2.918
1423700767054,37.491654,139.918373,7,7.942,-1.815,5.557,2.813
1423700767155,37.491655,139.918374,7,7.648,-1.589,5.289,2.71
1423700767251,37.491657,139.918375,7,7.568,-1.455,5.309,2.615
1423700767351,37.491658,139.918376,7,7.84,-1.381,5.628,2.52
1423700767452,37.491659,139.918376,7,7.643,-1.451,5.374,2.428
1423700767553,37.49166,139.918377,7,7.434,-1.385,5.095,2.34
1423700767654,37.491661,139.918378,7,7.244,-1.356,4.911,2.255
1423700767754,37.491663,139.918378,5,7.152,-1.675,5.034,2.25
1423700767855,37.491665,139.918378,5,7.581,-1.919,5.673,2.25
1423700767951,37.491666,139.918379,5,7.806,-1.87,6.046,2.25
1423700768051,37.491668,139.918379,5,7.473,-1.695,5.931,2.25
1423700768152,37.49167,139.918379,5,7.224,-1.487,5.816,2.25
1423700768253,37.491672,139.918379,5,7.275,-1.316,5.868,2.25
1423700768353,37.491673,139.918379,5,7.28,-1.221,6.026,2.25
1423700768454,37.491675,139.91838,5,7.231,-1.143,6.176,2.25
1423700768555,37.491677,139.91838,5,7.363,-1.026,6.196,2.25
1423700768651,37.491679,139.91838,5,7.521,-0.93,5.965,2.25
1423700768756,37.49168,139.918381,4,7.565,-0.841,5.578,2.225
1423700768852,37.491682,139.918382,4,7.607,-0.732,5.278,2.2
1423700768951,37.491683,139.918383,4,7.774,-0.616,5.189,2.174
1423700769053,37.491685,139.918384,4,7.869,-0.569,5.139,2.148
1423700769152,37.491686,139.918386,4,7.893,-0.563,5.059,2.123
1423700769255,37.491688,139.918387,4,7.93,-0.529,5.0,2.098
1423700769354,37.491689,139.918388,4,7.88,-0.428,4.929,2.073
1423700769451,37.49169,139.918389,4,7.928,-0.375,4.899,2.05
1423700769552,37.491692,139.91839,4,7.958,-0.389,4.862,2.026
1423700769653,37.491693,139.918391,4,7.945,-0.446,4.798,2.002
1423700769753,37.491694,139.918391,4,8.076,-0.421,4.743,2.0
1423700769854,37.491696,139.91839,4,8.07,-0.369,4.778,2.0
1423700769955,37.491697,139.91839,4,8.005,-0.4,4.768,2.0
1423700770055,37.491699,139.918389,4,8.213,-0.491,4.677,2.0
1423700770151,37.4917,139.918389,4,8.27,-0.544,4.492,2.0
1423700770252,37.491701,139.918388,4,8.283,-0.642,4.143,2.0
1423700770353,37.491703,139.918388,4,8.428,-0.672,3.96,2.0
1423700770453,37.491704,139.918387,4,8.621,-0.662,3.886,2.0
1423700770554,37.491706,139.918387,4,8.687,-0.649,3.714,2.0
1423700770655,37.491707,139.918386,4,8.489,-0.679,3.497,2.0
1423700770755,37.49171,139.918386,5,8.495,-0.662,3.559,2.061
1423700770851,37.491713,139.918386,5,8.511,-0.66,3.766,2.125
1423700770952,37.491717,139.918387,5,8.524,-0.633,4.034,2.195
1423700771052,37.49172,139.918387,5,8.545,-0.531,4.153,2.266
1423700771153,37.491724,139.918387,5,8.446,-0.565,4.073,2.34
1423700771254,37.491728,139.918388,5,8.339,-0.665,3.938,2.417
1423700771355,37.491732,139.918388,5,8.31,-0.679,3.885,2.496
1423700771455,37.491736,139.918388,5,8.413,-0.569,4.007,2.577
1423700771551,37.49174,139.918389,5,8.533,-0.428,4.192,2.657
1423700771652,37.491745,139.918389,5,8.604,-0.359,4.18,2.743
1423700771752,37.491748,139.918389,5,8.699,-0.306,3.931,2.793
1423700771853,37.491751,139.918389,5,8.686,-0.252,3.574,2.84
1423700771954,37.491754,139.918389,5,8.522,-0.301,3.344,2.888
1423700772054,37.491757,139.918389,5,8.349,-0.453,3.38,2.937
1423700772155,37.491761,139.918389,5,8.454,-0.538,3.683,2.987
1423700772251,37.491764,139.918389,5,8.625,-0.526,3.986,3.035
1423700772352,37.491767,139.918389,5,8.612,-0.507,4.075,3.087
1423700772452,37.491771,139.918389,5,8.449,-0.542,3.976,3.139
1423700772553,37.491774,139.918389,5,8.394,-0.574,3.956,3.193
1423700772654,37.491778,139.918389,5,8.377,-0.508,3.915,3.247
1423700772754,37.491781,139.918389,6,8.309,-0.356,3.818,3.314
1423700772855,37.491785,139.91839,6,8.435,-0.263,4.014,3.384
1423700772951,37.491789,139.91839,6,8.461,-0.294,4.362,3.452
1423700773051,37.491793,139.91839,6,8.288,-0.45,4.532,3.525
1423700773152,37.491797,139.918391,6,8.066,-0.724,4.408,3.6
1423700773253,37.491801,139.918391,6,8.121,-0.852,4.47,3.676
1423700773354,37.491806,139.918392,6,8.333,-0.772,4.663,3.754
1423700773454,37.49181,139.918392,6,8.211,-0.655,4.596,3.833
1423700773555,37.491814,139.918393,6,8.117,-0.536,4.563,3.914
1423700773651,37.491819,139.918393,6,8.192,-0.413,4.686,3.993
1423700773751,37.491822,139.918393,6,8.241,-0.36,4.641,3.977
1423700773852,37.491826,139.918393,6,8.189,-0.341,4.579,3.951
1423700773953,37.491829,139.918394,6,8.033,-0.361,4.479,3.925
1423700774054,37.491833,139.918394,6,8.013,-0.397,4.623,3.9
1423700774154,37.491837,139.918394,6,8.232,-0.509,4.853,3.874
1423700774255,37.49184,139.918394,6,8.548,-0.655,4.59,3.849
1423700774351,37.491843,139.918394,6,8.583,-0.653,3.924,3.826
1423700774451,37.491847,139.918395,6,8.617,-0.526,3.442,3.801
1423700774552,37.49185,139.918395,6,8.604,-0.392,3.248,3.776
1423700774653,37.491854,139.918395,6,8.569,-0.315,3.294,3.752
1423700774753,37.491857,139.918396,4,8.881,-0.213,3.644,3.773
1423700774854,37.49186,139.918396,4,8.98,-0.223,3.814,3.797
1423700774955,37.491863,139.918397,4,8.589,-0.217,3.442,3.822
1423700775056,37.491866,139.918398,4,8.513,-0.231,3.381,3.847
1423700775151,37.491869,139.918398,4,8.255,-0.047,3.279,3.871
1423700775252,37.491873,139.918399,4,8.162,0.108,3.38,3.896
1423700775353,37.491876,139.9184,4,8.613,-0.043,3.941,3.922
1423700775453,37.491879,139.918401,4,8.726,-0.106,4.13,3.947
1423700775554,37.491883,139.918401,4,8.655,-0.396,4.186,3.973
1423700775655,37.491886,139.918402,4,8.638,-0.464,4.201,3.999
1423700775756,37.49189,139.918403,4,8.3,-0.553,4.05,4.023
1423700775851,37.491893,139.918403,4,8.302,-0.641,4.033,4.047
1423700775952,37.491897,139.918404,4,8.369,-0.598,4.324,4.071
1423700776053,37.491901,139.918405,4,8.454,-0.243,4.516,4.096
1423700776153,37.491904,139.918405,4,8.42,-0.078,4.532,4.121
1423700776254,37.491908,139.918406,4,8.104,-0.26,4.086,4.147
1423700776355,37.491912,139.918407,4,7.932,-0.511,4.006,4.172
1423700776455,37.491916,139.918408,4,8.095,-0.767,4.219,4.198
1423700776551,37.49192,139.918408,4,8.345,-0.991,4.548,4.222
1423700776652,37.491924,139.918409,4,8.44,-1.085,4.711,4.248
1423700776753,37.491928,139.91841,5,8.247,-1.142,4.586,4.25
1423700776853,37.491932,139.918411,5,8.015,-0.93,4.295,4.25
1423700776954,37.491936,139.918412,5,8.06,-0.537,4.393,4.25
1423700777055,37.491941,139.918413,5,8.363,-0.465,4.627,4.25
1423700777155,37.491945,139.918414,5,8.17,-0.561,4.431,4.25
1423700777251,37.491949,139.918415,5,8.086,-0.543,4.403,4.25
1423700777352,37.491953,139.918416,5,8.174,-0.52,4.556,4.25
1423700777452,37.491957,139.918417,5,8.045,-0.415,4.652,4.25
1423700777553,37.491962,139.918418,5,7.971,-0.35,4.788,4.25
1423700777654,37.491966,139.918419,5,8.268,-0.538,5.064,4.25
1423700777755,37.49197,139.91842,6,8.306,-0.499,4.974,4.316
1423700777855,37.491975,139.918422,6,8.014,-0.498,4.551,4.387
1423700777951,37.491979,139.918423,6,7.8,-0.585,4.436,4.456
1423700778052,37.491984,139.918425,6,7.87,-0.53,4.457,4.53
1423700778152,37.491988,139.918427,6,8.115,-0.361,4.602,4.604
1423700778253,37.491993,139.918428,6,8.48,-0.13,4.971,4.68
1423700778354,37.491998,139.91843,6,8.486,-0.074,5.035,4.758
1423700778454,37.492003,139.918431,6,8.401,-0.116,5.057,4.836
1423700778555,37.492008,139.918433,6,8.178,-0.281,4.466,4.916
1423700778651,37.492013,139.918435,6,8.222,-0.199,4.339,4.993
1423700778752,37.492017,139.918437,6,8.227,-0.348,4.355,4.976
1423700778852,37.49202,139.918439,6,8.252,-0.534,4.53,4.951
1423700778953,37.492024,139.918441,6,8.198,-0.639,4.403,4.925
1423700779054,37.492028,139.918443,6,8.07,-0.414,4.044,4.9
1423700779154,37.492032,139.918445,6,8.108,-0.371,4.065,4.875
1423700779255,37.492036,139.918446,6,8.309,-0.388,4.36,4.85
1423700779351,37.492039,139.918448,6,8.262,-0.362,4.498,4.826
1423700779451,37.492043,139.91845,6,8.197,-0.311,4.43,4.801
1423700779552,37.492047,139.918452,6,8.117,-0.274,4.324,4.776
1423700779653,37.492051,139.918454,6,8.219,-0.29,4.367,4.752
1423700779754,37.492054,139.918456,4,8.254,-0.313,4.502,4.75
1423700779854,37.492058,139.918458,4,8.293,-0.313,4.453,4.75
1423700779955,37.492062,139.91846,4,8.493,-0.371,4.295,4.75
1423700780051,37.492065,139.918462,4,8.547,-0.379,4.186,4.75
1423700780151,37.492069,139.918464,4,8.254,-0.39,4.054,4.75
1423700780252,37.492073,139.918466,4,8.245,-0.35,4.088,4.75
1423700780353,37.492077,139.918469,4,8.448,-0.318,4.171,4.75
1423700780454,37.49208,139.918471,4,8.517,-0.289,4.266,4.75
1423700780554,37.492084,139.918473,4,8.233,-0.192,4.062,4.75
1423700780655,37.492088,139.918475,4,8.299,-0.175,4.091,4.75
1423700780751,37.492092,139.918477,4,8.377,-0.226,4.119,4.75
1423700780851,37.492096,139.91848,4,8.373,-0.312,4.137,4.75
1423700780952,37.4921,139.918482,4,8.364,-0.418,4.248,4.75
1423700781053,37.492104,139.918484,4,8.391,-0.651,4.32,4.75
1423700781153,37.492108,139.918487,4,8.426,-0.796,4.381,4.75
1423700781254,37.492112,139.918489,4,8.19,-0.844,4.208,4.75
1423700781355,37.492116,139.918492,4,8.241,-0.766,4.235,4.75
1423700781451,37.49212,139.918494,4,8.248,-0.622,4.183,4.75
1423700781551,37.492125,139.918496,4,8.305,-0.5,4.208,4.75
1423700781652,37.492129,139.918499,4,8.339,-0.531,4.243,4.75
1423700781753,37.492133,139.918502,4,8.36,-0.595,4.301,4.75
1423700781853,37.492137,139.918504,4,8.342,-0.669,4.297,4.75
1423700781954,37.49214,139.918507,4,8.265,-0.607,4.286,4.75
1423700782055,37.492144,139.91851,4,8.239,-0.564,4.426,4.75
1423700782156,37.492148,139.918512,4,8.183,-0.562,4.534,4.75
1423700782251,37.492152,139.918515,4,7.961,-0.575,4.505,4.75
1423700782352,37.492156,139.918518,4,7.989,-0.57,4.649,4.75
1423700782453,37.49216,139.91852,4,8.136,-0.562,4.732,4.75
1423700782553,37.492164,139.918523,4,8.059,-0.548,4.649,4.75
1423700782654,37.492168,139.918526,4,8.012,-0.525,4.656,4.75
1423700782755,37.492171,139.91853,6,8.13,-0.482,4.8,4.773
1423700782855,37.492175,139.918535,6,8.121,-0.345,4.777,4.798
1423700782951,37.492178,139.918539,6,8.022,-0.269,4.67,4.821
1423700783057,37.492182,139.918544,6,7.971,-0.292,4.636,4.848
1423700783153,37.492186,139.918548,6,8.038,-0.411,4.711,4.872
1423700783252,37.492189,139.918553,6,8.093,-0.495,4.735,4.896
1423700783354,37.492193,139.918558,6,8.123,-0.49,4.751,4.922
1423700783453,37.492196,139.918562,6,8.159,-0.407,4.745,4.947
1423700783555,37.4922,139.918567,6,8.007,-0.46,4.645,4.973
1423700783651,37.492204,139.918572,6,7.965,-0.475,4.619,4.998
1423700783752,37.492207,139.918575,6,8.091,-0.455,4.688,4.976
1423700783852,37.492211,139.918577,6,8.201,-0.43,4.779,4.951
1423700783953,37.492214,139.91858,6,8.168,-0.451,4.721,4.925
1423700784054,37.492218,139.918583,6,8.084,-0.455,4.563,4.9
1423700784155,37.492221,139.918586,6,8.152,-0.461,4.618,4.875
1423700784255,37.492224,139.918588,6,8.207,-0.451,4.674,4.85
1423700784351,37.492228,139.918591,6,8.127,-0.395,4.6,4.826
1423700784452,37.492231,139.918593,6,8.102,-0.394,4.551,4.801
1423700784552,37.492234,139.918596,6,8.069,-0.421,4.477,4.776
1423700784653,37.492238,139.918599,6,8.137,-0.449,4.517,4.752
1423700784754,37.492242,139.9186,5,8.157,-0.49,4.557,4.726
1423700784854,37.492246,139.918601,5,8.143,-0.434,4.539,4.7
1423700784955,37.49225,139.918603,5,8.105,-0.372,4.479,4.675
1423700785051,37.492253,139.918604,5,8.255,-0.455,4.646,4.651
1423700785152,37.492257,139.918605,5,8.343,-0.38,4.581,4.625
1423700785252,37.492261,139.918606,5,8.485,-0.391,4.436,4.6
1423700785353,37.492265,139.918607,5,8.204,-0.36,3.979,4.575
1423700785454,37.492269,139.918609,5,8.198,-0.354,4.037,4.55
1423700785554,37.492273,139.91861,5,8.356,-0.347,4.144,4.526
1423700785655,37.492277,139.918611,5,8.482,-0.344,4.208,4.501
1423700785751,37.49228,139.918613,5,8.424,-0.303,4.16,4.522
1423700785852,37.492283,139.918615,5,8.295,-0.322,4.052,4.547
1423700785952,37.492287,139.918617,5,8.354,-0.338,4.119,4.572
1423700786053,37.49229,139.918619,5,8.373,-0.282,4.21,4.597
1423700786154,37.492294,139.918621,5,8.35,-0.196,4.183,4.622
1423700786254,37.492297,139.918623,5,8.413,-0.249,4.255,4.647
1423700786355,37.4923,139.918625,5,8.396,-0.226,4.236,4.672
1423700786451,37.492304,139.918628,5,8.261,-0.315,4.174,4.697
1423700786551,37.492307,139.91863,5,8.132,-0.346,4.216,4.722
1423700786652,37.492311,139.918632,5,8.245,-0.3,4.481,4.748
1423700786753,37.492314,139.918635,5,8.357,-0.27,4.683,4.75
1423700786854,37.492317,139.918637,5,8.253,-0.221,4.639,4.75
1423700786954,37.49232,139.91864,5,8.083,-0.22,4.473,4.75
1423700787055,37.492323,139.918643,5,8.127,-0.274,4.561,4.75
1423700787151,37.492326,139.918646,5,8.303,-0.302,4.743,4.75
1423700787251,37.492329,139.918649,5,8.22,-0.319,4.675,4.75
1423700787352,37.492332,139.918651,5,8.015,-0.326,4.449,4.75
1423700787453,37.492336,139.918654,5,7.99,-0.315,4.369,4.75
1423700787553,37.492339,139.918657,5,8.157,-0.284,4.532,4.75
1423700787654,37.492342,139.91866,5,8.278,-0.284,4.676,4.75
1423700787755,37.492345,139.918662,5,8.14,-0.224,4.514,4.75
1423700787855,37.492349,139.918664,5,8.025,-0.192,4.38,4.75
1423700787951,37.492352,139.918667,5,8.114,-0.151,4.481,4.75
1423700788052,37.492356,139.918669,5,8.273,-0.17,4.706,4.75
1423700788153,37.492359,139.918671,5,8.108,-0.291,4.704,4.75
1423700788253,37.492363,139.918674,5,7.95,-0.334,4.736,4.75
1423700788354,37.492366,139.918676,5,8.077,-0.371,4.759,4.75
1423700788455,37.49237,139.918678,5,8.097,-0.354,4.692,4.75
1423700788555,37.492373,139.918681,5,8.079,-0.352,4.665,4.75
1423700788651,37.492377,139.918683,5,8.056,-0.23,4.744,4.75
1423700788752,37.492381,139.918686,5,8.213,-0.153,4.874,4.726
1423700788853,37.492385,139.91869,5,8.014,-0.211,4.622,4.701
1423700788953,37.492389,139.918694,5,7.924,-0.302,4.532,4.675
1423700789054,37.492393,139.918698,5,8.157,-0.37,4.791,4.65
1423700789155,37.492397,139.918702,5,8.243,-0.373,4.877,4.625
1423700789255,37.4924,139.918705,5,8.103,-0.266,4.711,4.6
1423700789351,37.492404,139.918709,5,7.851,-0.274,4.561,4.576
1423700789452,37.492408,139.918712,5,7.829,-0.262,4.72,4.551
1423700789553,37.492412,139.918716,5,8.032,-0.266,5.012,4.526
1423700789653,37.492416,139.91872,5,8.104,-0.349,5.086,4.502
1423700789754,37.492419,139.918722,4,7.919,-0.417,4.857,4.476
1423700789855,37.492423,139.918725,4,7.94,-0.457,4.869,4.45
1423700789955,37.492426,139.918728,4,8.014,-0.404,4.97,4.425
1423700790051,37.492429,139.91873,4,8.027,-0.325,5.02,4.401
1423700790152,37.492432,139.918732,4,7.982,-0.224,4.98,4.375
1423700790252,37.492436,139.918735,4,7.961,-0.148,4.921,4.35
1423700790353,37.492439,139.918737,4,8.046,-0.175,4.986,4.325
1423700790454,37.492442,139.91874,4,7.934,-0.254,4.891,4.3
1423700790555,37.492446,139.918742,4,7.854,-0.289,4.854,4.276
1423700790655,37.492449,139.918745,4,8.018,-0.273,4.996,4.251
1423700790751,37.492452,139.918747,4,8.068,-0.235,4.988,4.202
1423700790852,37.492454,139.918749,4,7.967,-0.176,4.903,4.149
1423700790952,37.492457,139.918751,4,7.861,-0.215,4.828,4.098
1423700791053,37.49246,139.918753,4,7.969,-0.266,4.933,4.046
1423700791154,37.492462,139.918755,4,8.055,-0.267,5.003,3.995
1423700791254,37.492465,139.918757,4,7.921,-0.25,4.845,3.945
1423700791355,37.492467,139.918758,4,7.96,-0.168,4.929,3.896
1423700791451,37.49247,139.91876,4,7.928,-0.207,4.872,3.849
1423700791552,37.492472,139.918762,4,7.902,-0.307,4.799,3.801
1423700791652,37.492475,139.918764,4,8.001,-0.283,4.911,3.754
1423700791753,37.492478,139.918766,4,7.968,-0.18,4.998,3.726
1423700791854,37.49248,139.918768,4,7.908,-0.074,5.175,3.7
1423700791954,37.492483,139.918771,4,7.835,-0.061,5.231,3.675
1423700792055,37.492486,139.918773,4,7.724,-0.153,5.082,3.649
1423700792151,37.492488,139.918775,4,7.787,-0.209,5.118,3.625
1423700792251,37.492491,139.918777,4,7.916,-0.266,5.329,3.6
1423700792352,37.492494,139.918779,4,7.697,-0.284,5.233,3.575
1423700792453,37.492497,139.918782,4,7.529,-0.264,5.225,3.55
1423700792554,37.492499,139.918784,4,7.622,-0.328,5.459,3.526
1423700792654,37.492502,139.918786,4,7.7,-0.366,5.623,3.501
1423700792755,37.492504,139.918786,4,7.61,-0.315,5.586,3.391
1423700792851,37.492506,139.918787,4,7.529,-0.301,5.569,3.283
1423700792951,37.492508,139.918787,4,7.547,-0.235,5.627,3.175
1423700793052,37.49251,139.918787,4,7.586,-0.208,5.68,3.068
1423700793153,37.492512,139.918788,4,7.549,-0.249,5.66,2.965
1423700793253,37.492514,139.918788,4,7.576,-0.295,5.643,2.867
1423700793354,37.492516,139.918788,4,7.613,-0.353,5.526,2.771
1423700793455,37.492518,139.918788,4,7.675,-0.387,5.367,2.678
1423700793551,37.492519,139.918789,4,7.804,-0.39,5.303,2.593
1423700793651,37.492521,139.918789,4,7.891,-0.333,5.223,2.508
1423700793752,37.492522,139.91879,4,7.918,-0.279,5.031,2.476
1423700793853,37.492524,139.918792,4,7.941,-0.252,4.83,2.45
1423700793953,37.492525,139.918793,4,8.014,-0.235,4.752,2.424
1423700794054,37.492527,139.918794,4,8.073,-0.227,4.765,2.398
1423700794155,37.492528,139.918796,4,8.06,-0.232,4.732,2.373
1423700794251,37.492529,139.918797,4,8.04,-0.259,4.664,2.349
1423700794351,37.492531,139.918798,4,8.087,-0.273,4.68,2.324
1423700794452,37.492532,139.918799,4,8.114,-0.282,4.731,2.3
1423700794553,37.492534,139.918801,4,8.108,-0.272,4.754,2.275
1423700794653,37.492535,139.918802,4,8.086,-0.296,4.682,2.252
1423700794754,37.492536,139.918803,3,8.07,-0.313,4.585,2.225
1423700794855,37.492538,139.918804,3,8.1,-0.3,4.592,2.199
1423700794956,37.492539,139.918805,3,8.181,-0.255,4.648,2.173
1423700795051,37.49254,139.918806,3,8.184,-0.243,4.652,2.149
1423700795152,37.492542,139.918808,3,8.1,-0.26,4.572,2.123
1423700795253,37.492543,139.918809,3,8.065,-0.294,4.571,2.098
1423700795353,37.492544,139.91881,3,8.134,-0.317,4.688,2.074
1423700795454,37.492545,139.918811,3,8.303,-0.341,4.646,2.049
1423700795555,37.492547,139.918812,3,8.508,-0.361,4.177,2.025
1423700795655,37.492548,139.918813,3,8.594,-0.327,3.641,2.001
1423700795751,37.492549,139.918814,3,8.73,-0.272,3.327,2.0
1423700795852,37.492551,139.918815,3,8.818,-0.269,3.191,2.0
1423700795952,37.492552,139.918816,3,8.8,-0.282,3.197,2.0
1423700796053,37.492553,139.918817,3,8.743,-0.275,3.364,2.0
1423700796154,37.492555,139.918818,3,8.681,-0.223,3.589,2.0
1423700796255,37.492556,139.91882,3,8.577,-0.239,3.688,2.0
1423700796355,37.492558,139.918821,3,8.512,-0.339,3.68,2.0
1423700796451,37.492559,139.918822,3,8.531,-0.358,3.717,2.0
1423700796552,37.49256,139.918823,3,8.597,-0.358,3.905,2.0
1423700796652,37.492562,139.918824,3,8.56,-0.313,3.978,2.0
1423700796753,37.492564,139.918825,3,8.584,-0.315,3.945,2.022
1423700796854,37.492565,139.918826,3,8.71,-0.341,3.784,2.046
1423700796954,37.492567,139.918828,3,8.689,-0.31,3.493,2.07
1423700797055,37.492568,139.918829,3,8.622,-0.28,3.42,2.095
1423700797156,37.49257,139.91883,3,8.465,-0.259,3.492,2.12
1423700797252,37.492572,139.918832,3,8.398,-0.319,3.663,2.144
1423700797351,37.492574,139.918833,3,8.566,-0.335,3.953,2.17
1423700797453,37.492575,139.918834,3,8.676,-0.302,4.095,2.196
1423700797552,37.492577,139.918836,3,8.663,-0.321,4.009,2.222
1423700797654,37.492579,139.918837,3,8.642,-0.38,3.724,2.248
1423700797753,37.492581,139.918838,4,8.596,-0.398,3.499,2.25
1423700797851,37.492582,139.91884,4,8.592,-0.29,3.515,2.25
1423700797951,37.492584,139.918841,4,8.567,-0.282,3.675,2.25
1423700798052,37.492586,139.918843,4,8.339,-0.339,3.808,2.25
1423700798153,37.492588,139.918844,4,8.178,-0.288,4.008,2.25
1423700798254,37.49259,139.918846,4,8.367,-0.222,4.494,2.25
1423700798354,37.492591,139.918847,4,8.274,-0.247,4.468,2.25
1423700798455,37.492593,139.918849,4,8.125,-0.516,4.339,2.25
1423700798551,37.492595,139.91885,4,8.353,-0.455,4.623,2.25
1423700798651,37.492597,139.918852,4,8.406,-0.285,4.786,2.25
1423700798752,37.492599,139.918854,4,8.143,-0.169,4.588,2.31
1423700798853,37.492601,139.918855,4,8.061,-0.145,4.475,2.378
1423700798954,37.492604,139.918857,4,8.256,-0.176,4.654,2.448
1423700799054,37.492606,139.918859,4,8.199,0.015,4.677,2.52
1423700799155,37.492608,139.918861,4,8.051,-0.174,4.487,2.594
1423700799251,37.492611,139.918863,4,8.337,-0.496,4.243,2.667
1423700799351,37.492614,139.918865,4,8.576,-0.574,3.833,2.745
1423700799452,37.492616,139.918867,4,8.724,-0.642,3.494,2.826
1423700799553,37.492619,139.91887,4,8.604,-0.615,3.336,2.91
1423700799654,37.492622,139.918872,4,8.551,-0.522,3.455,2.995
1423700799754,37.492625,139.918874,4,8.788,-0.38,3.732,3.044
1423700799855,37.492628,139.918876,4,8.924,-0.225,3.91,3.091
1423700799951,37.492631,139.918878,4,8.716,-0.189,3.883,3.138
1423700800051,37.492634,139.918881,4,8.631,-0.163,3.857,3.186
1423700800152,37.492637,139.918883,4,8.509,-0.218,3.657,3.236
1423700800253,37.49264,139.918885,4,8.497,-0.322,3.688,3.287
1423700800353,37.492643,139.918888,4,8.812,-0.538,4.114,3.338
1423700800454,37.492646,139.91889,4,8.472,-0.241,3.743,3.391
1423700800555,37.49265,139.918892,4,8.015,-0.028,3.29,3.444
1423700800651,37.492653,139.918895,4,8.294,-0.083,3.517,3.495
1423700800751,37.492656,139.918897,4,8.557,-0.085,3.801,3.522
1423700800852,37.492659,139.918899,4,8.563,-0.06,3.911,3.547
1423700800953,37.492662,139.918901,4,8.681,-0.328,4.197,3.571
1423700801053,37.492665,139.918903,4,8.385,-0.211,3.895,3.596
1423700801154,37.492668,139.918906,4,8.049,-0.083,3.454,3.621
1423700801255,37.492671,139.918908,4,8.464,-0.307,4.103,3.647
1423700801355,37.492674,139.91891,4,8.783,-0.29,4.435,3.672
1423700801451,37.492677,139.918912,4,8.565,-0.244,4.196,3.696
1423700801552,37.492681,139.918915,4,8.346,-0.246,3.958,3.722
1423700801653,37.492684,139.918917,4,8.308,-0.169,3.88,3.748
1423700801753,37.492687,139.918919,4,8.362,-0.26,3.982,3.773
1423700801854,37.492691,139.918922,4,8.494,-0.431,4.321,3.797
1423700801955,37.492694,139.918924,4,8.466,-0.371,4.211,3.822
1423700802055,37.492698,139.918926,4,8.315,-0.366,3.951,3.847
1423700802151,37.492701,139.918929,4,8.26,-0.349,3.877,3.871
1423700802252,37.492705,139.918931,4,8.292,-0.291,3.989,3.896
1423700802353,37.492709,139.918933,4,8.502,-0.455,4.24,3.922
1423700802453,37.492712,139.918936,4,8.567,-0.468,4.333,3.947
1423700802554,37.492716,139.918938,4,8.219,-0.506,4.026,3.973
1423700802655,37.49272,139.918941,4,8.083,-0.495,3.907,3.999
1423700802755,37.492723,139.918943,4,8.326,-0.376,4.164,4.0
1423700802851,37.492726,139.918946,4,8.377,-0.234,4.229,4.0
1423700802952,37.49273,139.918948,4,8.217,-0.092,4.246,4.0
1423700803052,37.492733,139.918951,4,8.382,-0.058,4.532,4.0
1423700803153,37.492736,139.918953,4,8.636,-0.162,4.958,4.0
1423700803254,37.49274,139.918956,4,8.136,-0.195,4.599,4.0
1423700803355,37.492743,139.918958,4,7.975,-0.298,4.412,4.0
1423700803455,37.492746,139.918961,4,8.117,-0.245,4.5,4.0
1423700803551,37.492749,139.918963,4,8.254,-0.234,4.57,4.0
1423700803652,37.492753,139.918966,4,8.276,-0.244,4.626,4.0
1423700803752,37.492756,139.918968,4,7.96,-0.309,4.298,4.022
1423700803853,37.49276,139.918971,4,7.888,-0.291,4.264,4.047
1423700803954,37.492764,139.918974,4,8.266,-0.164,4.697,4.072
1423700804054,37.492767,139.918976,4,8.413,-0.142,4.834,4.097
1423700804155,37.492771,139.918979,4,8.214,-0.084,4.619,4.122
1423700804251,37.492775,139.918982,4,8.099,0.027,4.527,4.146
1423700804351,37.492778,139.918984,4,8.078,-0.156,4.494,4.171
1423700804452,37.492782,139.918987,4,8.195,-0.222,4.679,4.197
1423700804553,37.492786,139.91899,4,8.194,-0.327,4.682,4.223
1423700804654,37.49279,139.918993,4,8.225,-0.35,4.47,4.248
1423700804754,37.492795,139.918998,8,8.365,-0.326,4.238,4.372
1423700804855,37.492801,139.919003,8,8.32,-0.301,3.957,4.507
1423700804951,37.492807,139.919008,8,8.381,-0.212,3.728,4.64
1423700805051,37.492814,139.919013,8,8.548,-0.161,3.706,4.783
1423700805152,37.49282,139.919018,8,8.768,-0.158,3.875,4.932
1423700805253,37.492827,139.919024,8,8.533,-0.333,3.582,5.085
1423700805354,37.492834,139.91903,8,8.531,-0.34,3.602,5.243
1423700805454,37.492842,139.919036,8,8.657,-0.327,3.696,5.404
1423700805555,37.492849,139.919042,8,8.736,-0.327,3.758,5.571
1423700805651,37.492856,139.919048,8,8.542,-0.312,3.578,5.734
1423700805751,37.492861,139.919052,8,8.533,-0.301,3.48,5.75
1423700805852,37.492865,139.919056,8,8.617,-0.268,3.6,5.75
1423700805953,37.492869,139.919059,8,8.671,-0.349,3.647,5.75
1423700806053,37.492874,139.919063,8,8.698,-0.38,3.7,5.75
1423700806154,37.492878,139.919066,8,8.619,-0.352,3.623,5.75
1423700806255,37.492882,139.91907,8,8.645,-0.289,3.725,5.75
1423700806351,37.492886,139.919073,8,8.643,-0.184,3.754,5.75
1423700806451,37.49289,139.919077,8,8.547,-0.103,3.709,5.75
1423700806552,37.492894,139.91908,8,8.54,-0.125,3.757,5.75
1423700806653,37.492899,139.919084,8,8.578,-0.107,3.81,5.75
1423700806753,37.492904,139.919086,5,8.571,-0.088,3.836,5.836
1423700806854,37.49291,139.919089,5,8.477,-0.117,3.854,5.931
1423700806955,37.492915,139.919092,5,8.54,-0.1,3.958,6.028
1423700807051,37.492921,139.919094,5,8.649,-0.047,4.113,6.122
1423700807151,37.492926,139.919097,5,8.547,-0.121,4.062,6.221
1423700807252,37.492932,139.919099,5,8.362,-0.122,3.953,6.323
1423700807353,37.492938,139.919102,5,8.344,-0.113,4.11,6.426
1423700807453,37.492944,139.919105,5,8.324,-0.126,4.161,6.53
1423700807554,37.49295,139.919108,5,8.337,-0.146,4.149,6.636
1423700807655,37.492957,139.919111,5,8.361,-0.095,4.316,6.745
1423700807755,37.492963,139.919113,6,8.302,-0.084,4.26,6.796
1423700807851,37.49297,139.919116,6,8.171,-0.185,4.154,6.843
1423700807952,37.492977,139.919118,6,8.325,-0.198,4.275,6.892
1423700808053,37.492984,139.919121,6,8.429,-0.181,4.4,6.942
1423700808153,37.49299,139.919124,6,8.349,-0.208,4.332,6.992
1423700808254,37.492997,139.919126,6,8.247,-0.221,4.246,7.043
1423700808355,37.493004,139.919129,6,8.265,-0.206,4.31,7.094
1423700808455,37.493011,139.919132,6,8.335,-0.245,4.335,7.145
1423700808551,37.493018,139.919134,6,8.291,-0.333,4.281,7.194
1423700808652,37.493025,139.919137,6,8.232,-0.344,4.224,7.246
1423700808752,37.493031,139.919141,6,8.326,-0.294,4.291,7.25
1423700808853,37.493037,139.919145,6,8.425,-0.228,4.418,7.25
1423700808954,37.493042,139.919149,6,8.459,-0.143,4.308,7.25
1423700809055,37.493048,139.919153,6,8.396,-0.084,4.143,7.25
1423700809155,37.493053,139.919157,6,8.37,-0.121,4.076,7.25
1423700809251,37.493059,139.919161,6,8.572,-0.19,4.252,7.25
1423700809352,37.493064,139.919165,6,8.357,-0.07,3.958,7.25
1423700809452,37.49307,139.919169,6,8.123,-0.059,3.791,7.25
1423700809553,37.493075,139.919174,6,8.376,-0.151,4.013,7.25
1423700809654,37.493081,139.919178,6,8.573,-0.249,4.259,7.25
1423700809754,37.493087,139.919182,5,8.5,-0.294,4.16,7.25
1423700809855,37.493093,139.919186,5,8.413,-0.307,4.184,7.25
1423700809951,37.493098,139.91919,5,8.309,-0.256,4.082,7.25
1423700810052,37.493105,139.919194,5,8.343,-0.239,4.028,7.25
1423700810152,37.493111,139.919199,5,8.574,-0.337,4.258,7.25
1423700810253,37.493117,139.919203,5,8.403,-0.407,4.076,7.25
1423700810354,37.493123,139.919207,5,8.328,-0.344,4.046,7.25
1423700810454,37.493129,139.919211,5,8.23,-0.376,4.145,7.25
1423700810555,37.493135,139.919216,5,8.278,-0.382,4.227,7.25
1423700810651,37.49314,139.91922,5,8.379,-0.315,4.409,7.25
1423700810752,37.493147,139.919224,5,8.329,-0.331,4.564,7.295
1423700810852,37.493153,139.919229,5,8.166,-0.367,4.508,7.343
1423700810953,37.493159,139.919233,5,7.954,-0.529,4.314,7.393
1423700811054,37.493165,139.919238,5,7.473,-0.422,3.828,7.443
1423700811154,37.493171,139.919242,5,8.321,-0.385,4.726,7.493
1423700811255,37.493177,139.919247,5,8.728,-0.478,5.256,7.543
1423700811351,37.493183,139.919251,5,8.129,-0.575,4.957,7.592
1423700811456,37.49319,139.919256,5,7.841,-0.32,4.504,7.645
1423700811552,37.493196,139.919261,5,8.0,-0.238,4.707,7.694
1423700811651,37.493202,139.919266,5,8.387,-0.249,4.54,7.745
1423700811754,37.493209,139.919269,5,8.299,-0.151,4.7,7.75
1423700811853,37.493215,139.919273,5,8.363,-0.208,5.016,7.75
1423700811955,37.493222,139.919277,5,7.924,-0.334,4.437,7.75
1423700812051,37.493228,139.91928,5,7.814,-0.291,4.278,7.75
1423700812151,37.493234,139.919284,5,8.25,-0.205,4.662,7.75
1423700812252,37.49324,139.919287,5,8.231,-0.119,4.709,7.75
1423700812353,37.493247,139.919291,5,7.812,-0.034,4.328,7.75
1423700812454,37.493253,139.919295,5,7.861,-0.009,4.601,7.75
1423700812554,37.493259,139.919298,5,8.213,-0.283,4.941,7.75
1423700812655,37.493266,139.919302,5,8.155,-0.567,4.712,7.75
1423700812751,37.493273,139.919305,4,8.028,-0.402,4.628,7.772
1423700812851,37.49328,139.919308,4,7.976,-0.208,4.56,7.797
1423700812952,37.493287,139.919312,4,7.99,-0.167,4.593,7.822
1423700813053,37.493294,139.919315,4,8.123,-0.106,4.619,7.847
1423700813153,37.493302,139.919319,4,8.225,-0.062,4.715,7.872
1423700813254,37.493309,139.919322,4,8.087,-0.33,4.75,7.898
1423700813355,37.493316,139.919326,4,8.613,-0.208,5.159,7.923
1423700813451,37.493324,139.919329,4,8.318,0.107,4.558,7.947
1423700813551,37.493331,139.919332,4,7.88,0.1,3.939,7.972
1423700813652,37.493338,139.919336,4,7.756,0.067,3.952,7.998
1423700813753,37.493346,139.91934,6,7.937,0.194,4.134,7.952
1423700813853,37.493354,139.919344,6,8.146,0.02,4.411,7.901
1423700813954,37.493362,139.919348,6,8.291,-0.088,4.874,7.85
1423700814055,37.49337,139.919352,6,8.722,-0.227,5.31,7.799
1423700814156,37.493377,139.919356,6,8.687,-0.295,5.382,7.748
1423700814251,37.493385,139.919359,6,8.022,-0.272,4.662,7.701
1423700814352,37.493392,139.919363,6,7.628,-0.098,4.166,7.651
1423700814453,37.4934,139.919367,6,7.994,-0.157,4.512,7.601
1423700814553,37.493407,139.919371,6,8.433,-0.296,4.825,7.552
1423700814654,37.493415,139.919375,6,8.395,-0.281,4.89,7.503
1423700814755,37.49342,139.919379,6,7.888,-0.097,4.535,7.451
1423700814855,37.493425,139.919382,6,7.875,-0.14,4.536,7.4
1423700814951,37.49343,139.919386,6,8.165,-0.135,4.765,7.351
1423700815052,37.493435,139.919389,6,8.242,-0.314,4.689,7.3
1423700815152,37.493441,139.919393,6,8.28,-0.366,4.861,7.25
1423700815253,37.493446,139.919397,6,7.833,-0.167,4.397,7.199
1423700815354,37.493451,139.9194,6,7.759,-0.083,4.418,7.149
1423700815455,37.493456,139.919404,6,8.012,-0.135,4.473,7.1
1423700815555,37.493461,139.919407,6,8.324,-0.208,4.771,7.051
1423700815651,37.493466,139.919411,6,8.224,-0.211,4.602,7.004
1423700815752,37.493471,139.919415,4,7.881,-0.244,4.632,7.0
1423700815852,37.493476,139.919419,4,8.148,-0.195,4.811,7.0
1423700815953,37.493482,139.919423,4,8.297,-0.148,4.829,7.0
1423700816054,37.493487,139.919428,4,8.282,-0.107,4.754,7.0
1423700816155,37.493493,139.919432,4,8.004,-0.082,4.493,7.0
1423700816255,37.493498,139.919436,4,7.936,-0.129,4.399,7.0
1423700816351,37.493503,139.91944,4,7.91,-0.194,4.308,7.0
1423700816452,37.493509,139.919444,4,8.108,-0.119,4.499,7.0
1423700816552,37.493514,139.919448,4,8.201,-0.097,4.581,7.0
1423700816653,37.49352,139.919453,4,8.326,-0.173,4.779,7.0
1423700816754,37.493525,139.919457,4,8.278,-0.209,4.741,7.0
1423700816854,37.493531,139.919461,4,8.229,-0.163,4.652,7.0
1423700816955,37.493536,139.919465,4,8.177,-0.172,4.597,7.0
1423700817051,37.493541,139.919469,4,8.143,-0.128,4.529,7.0
1423700817152,37.493547,139.919474,4,8.193,-0.159,4.573,7.0
1423700817252,37.493553,139.919478,4,8.118,-0.235,4.609,7.0
1423700817353,37.493558,139.919482,4,8.039,-0.31,4.625,7.0
1423700817454,37.493564,139.919486,4,8.12,-0.283,4.665,7.0
1423700817554,37.493569,139.919491,4,8.239,-0.235,4.695,7.0
1423700817655,37.493575,139.919495,4,8.209,-0.155,4.637,7.0
1423700817751,37.493581,139.919498,5,8.133,-0.187,4.572,7.044
1423700817851,37.493588,139.919502,5,7.975,-0.28,4.464,7.093
1423700817952,37.493594,139.919505,5,8.028,-0.305,4.48,7.142
1423700818053,37.493601,139.919509,5,8.187,-0.284,4.596,7.192
1423700818154,37.493608,139.919512,5,8.225,-0.399,4.679,7.243
1423700818254,37.493615,139.919516,5,8.232,-0.434,4.681,7.293
1423700818355,37.493622,139.91952,5,8.2,-0.388,4.714,7.344
1423700818451,37.493628,139.919523,5,8.093,-0.385,4.632,7.393
1423700818551,37.493635,139.919527,5,8.015,-0.366,4.565,7.444
1423700818652,37.493642,139.919531,5,8.033,-0.315,4.639,7.496
1423700818753,37.493648,139.919534,5,8.001,-0.344,4.756,7.401
1423700818853,37.493654,139.919537,5,8.062,-0.378,4.896,7.296
1423700818954,37.49366,139.919539,5,8.112,-0.368,5.059,7.191
1423700819055,37.493666,139.919542,5,8.06,-0.199,5.066,7.088
1423700819151,37.493671,139.919545,5,7.901,-0.217,4.922,6.991
1423700819251,37.493676,139.919547,5,7.87,-0.286,4.837,6.892
1423700819352,37.493682,139.91955,5,7.985,-0.266,4.959,6.793
1423700819453,37.493687,139.919553,5,8.023,-0.317,4.969,6.695
1423700819553,37.493692,139.919555,5,7.987,-0.301,4.976,6.6
1423700819654,37.493698,139.919558,5,7.996,-0.165,4.979,6.506
1423700819755,37.493703,139.91956,5,7.897,-0.076,4.966,6.451
1423700819856,37.493709,139.919563,5,7.918,-0.23,4.976,6.399
1423700819951,37.493714,139.919565,5,7.898,-0.254,4.948,6.35
1423700820052,37.493719,139.919567,5,7.866,-0.264,4.96,6.299
1423700820153,37.493725,139.91957,5,7.793,-0.232,4.985,6.249
1423700820253,37.49373,139.919572,5,7.882,-0.218,5.17,6.199
1423700820354,37.493735,139.919574,5,7.938,-0.177,5.295,6.149
1423700820455,37.49374,139.919576,5,7.939,-0.199,5.375,6.099
1423700820555,37.493746,139.919579,5,7.609,-0.253,5.103,6.051
1423700820651,37.493751,139.919581,5,7.614,-0.21,5.129,6.004
1423700820752,37.493755,139.919584,5,7.763,-0.232,5.286,5.952
1423700820853,37.49376,139.919587,5,7.8,-0.289,5.343,5.9
1423700820953,37.493764,139.91959,5,7.781,-0.164,5.299,5.849
1423700821054,37.493769,139.919593,5,7.649,-0.185,5.195,5.798
1423700821155,37.493773,139.919596,5,7.605,-0.175,5.193,5.747
1423700821255,37.493778,139.919599,5,7.683,-0.17,5.33,5.697
1423700821351,37.493782,139.919602,5,7.809,-0.219,5.47,5.65
1423700821452,37.493786,139.919605,5,7.865,-0.112,5.594,5.6
1423700821552,37.49379,139.919608,5,7.746,0.006,5.553,5.552
1423700821653,37.493795,139.919611,5,7.541,-0.036,5.382,5.503
1423700821754,37.493798,139.919613,4,7.566,-0.119,5.45,5.397
1423700821855,37.493802,139.919616,4,7.616,-0.114,5.519,5.289
1423700821955,37.493806,139.919618,4,7.658,-0.15,5.563,5.184
1423700822051,37.493809,139.91962,4,7.507,-0.111,5.379,5.085
1423700822152,37.493813,139.919622,4,7.548,-0.135,5.429,4.983
1423700822252,37.493816,139.919625,4,7.721,-0.137,5.612,4.884
1423700822353,37.493819,139.919627,4,7.654,-0.109,5.594,4.786
1423700822454,37.493823,139.919629,4,7.493,0.013,5.386,4.69
1423700822554,37.493826,139.919631,4,7.67,0.023,5.599,4.597
1423700822655,37.493829,139.919633,4,7.873,-0.061,5.786,4.505
1423700822751,37.493831,139.919635,4,7.664,-0.152,5.634,4.37
1423700822852,37.493834,139.919636,4,7.504,-0.147,5.529,4.229
1423700822952,37.493836,139.919638,4,7.446,-0.184,5.48,4.093
1423700823053,37.493839,139.91964,4,7.541,-0.17,5.614,3.961
1423700823154,37.493841,139.919642,4,7.639,-0.255,5.74,3.832
1423700823254,37.493844,139.919643,4,7.484,-0.207,5.66,3.709
1423700823355,37.493846,139.919645,4,7.497,-0.038,5.714,3.589
1423700823451,37.493848,139.919646,4,7.536,-0.027,5.791,3.478
1423700823551,37.49385,139.919648,4,7.508,-0.195,5.844,3.367
1423700823652,37.493852,139.919649,4,7.412,-0.211,5.761,3.258
1423700823753,37.493854,139.91965,4,7.285,-0.136,5.65,3.073
1423700823854,37.493855,139.919652,4,7.374,-0.142,5.805,2.889
1423700823954,37.493857,139.919653,4,7.497,-0.169,6.015,2.716
1423700824055,37.493859,139.919655,4,7.336,-0.032,5.926,2.55
1423700824151,37.49386,139.919656,4,7.202,0.116,5.842,2.401
1423700824251,37.493861,139.919657,4,7.337,0.06,6.06,2.255
1423700824352,37.493863,139.919658,4,7.433,-0.196,6.275,2.116
1423700824453,37.493864,139.919659,4,7.345,-0.344,6.234,1.987
1423700824554,37.493865,139.91966,4,7.267,-0.259,6.131,1.866
1423700824654,37.493866,139.919661,4,7.272,-0.233,6.059,1.756
1423700824755,37.493866,139.919661,5,7.29,-0.267,5.999,1.572
1423700824851,37.493866,139.919661,5,7.316,-0.27,5.969,1.404
1423700824951,37.493866,139.919661,5,7.328,-0.192,5.992,1.243
1423700825052,37.493865,139.919662,5,7.334,-0.087,6.002,1.094
1423700825153,37.493865,139.919662,5,7.336,-0.075,5.984,0.96
1423700825253,37.493865,139.919662,5,7.327,-0.132,5.995,0.841
1423700825354,37.493865,139.919662,5,7.484,-0.164,5.946,0.735
1423700825455,37.493865,139.919662,5,7.93,-0.162,5.453,0.643
1423700825556,37.493865,139.919662,5,8.119,-0.197,4.751,0.565
1423700825651,37.493865,139.919662,5,8.139,-0.234,4.27,0.505
1423700825757,37.493865,139.919661,5,8.113,-0.218,4.23,0.408
1423700825853,37.493865,139.919661,5,8.13,-0.197,4.44,0.326
1423700825952,37.493865,139.91966,5,8.165,-0.202,4.643,0.251
1423700826054,37.493866,139.919659,5,8.206,-0.213,4.674,0.184
1423700826153,37.493866,139.919659,5,8.198,-0.215,4.554,0.129
1423700826255,37.493866,139.919659,5,8.193,-0.208,4.453,0.082
1423700826351,37.493866,139.919658,5,8.191,-0.193,4.471,0.048
1423700826452,37.493866,139.919658,5,8.201,-0.184,4.529,0.022
1423700826553,37.493866,139.919658,5,8.206,-0.166,4.55,0.006
1423700853754,37.493886,139.919647,4,8.811,-0.185,3.313,0.011
1423700853855,37.493886,139.919647,4,8.828,-0.213,3.194,0.048
1423700853955,37.493887,139.919647,4,8.84,-0.187,3.061,0.109
1423700854051,37.493887,139.919647,4,8.869,-0.158,2.949,0.191
1423700854157,37.493887,139.919648,4,8.956,-0.085,2.875,0.309
1423700854252,37.493888,139.919648,4,9.073,-0.095,2.888,0.438
1423700854351,37.493889,139.919648,4,9.061,-0.22,2.863,0.597
1423700854454,37.49389,139.919649,4,9.019,-0.278,2.764,0.788
1423700854553,37.493891,139.919649,4,9.018,-0.276,2.707,0.997
1423700854655,37.493892,139.91965,4,9.138,-0.203,2.745,1.238
1423700854751,37.493893,139.919651,4,9.239,-0.17,2.776,1.271
1423700854852,37.493894,139.919652,4,9.143,-0.142,2.621,1.294
1423700854952,37.493894,139.919653,4,9.011,-0.194,2.455,1.318
1423700855053,37.493895,139.919654,4,9.008,-0.316,2.566,1.343
1423700855154,37.493896,139.919655,4,9.022,-0.307,2.855,1.368
1423700855254,37.493897,139.919656,4,8.986,-0.338,3.209,1.393
1423700855355,37.493898,139.919657,4,8.874,-0.193,3.281,1.419
1423700855451,37.493899,139.919658,4,8.924,-0.174,3.35,1.444
1423700855551,37.4939,139.919659,4,8.83,-0.212,3.284,1.471
1423700855652,37.493901,139.91966,4,8.724,-0.23,3.192,1.498
1423700855753,37.493903,139.919662,5,8.719,-0.206,3.36,1.628
1423700855854,37.493906,139.919664,5,8.73,-0.188,3.498,1.786
1423700855954,37.493909,139.919666,5,8.745,-0.25,3.557,1.961
1423700856055,37.493913,139.919669,5,8.678,-0.315,3.479,2.158
1423700856151,37.493916,139.919672,5,8.527,-0.34,3.408,2.364
1423700856251,37.493921,139.919675,5,8.57,-0.3,3.706,2.597
1423700856352,37.493925,139.919678,5,8.495,-0.151,4.126,2.851
1423700856453,37.49393,139.919682,5,8.281,-0.09,4.337,3.126
1423700856554,37.493935,139.919686,5,8.298,-0.105,4.475,3.42
1423700856654,37.493941,139.91969,5,8.368,-0.1,4.585,3.731
1423700856755,37.493944,139.919693,5,8.32,-0.187,4.567,3.773
1423700856851,37.493948,139.919696,5,8.232,-0.216,4.459,3.797
1423700856951,37.493951,139.919699,5,8.159,-0.17,4.423,3.821
1423700857052,37.493954,139.919703,5,8.17,-0.177,4.484,3.846
1423700857153,37.493958,139.919706,5,8.209,-0.243,4.516,3.871
1423700857253,37.493961,139.919709,5,8.207,-0.229,4.517,3.896
1423700857354,37.493965,139.919713,5,8.148,-0.107,4.49,3.922
1423700857455,37.493969,139.919716,5,8.111,0.012,4.446,3.947
1423700857551,37.493972,139.919719,5,8.129,0.098,4.498,3.972
1423700857651,37.493976,139.919723,5,8.312,0.105,4.552,3.998
1423700857752,37.493979,139.919726,5,8.462,-0.018,4.359,4.022
1423700857853,37.493983,139.919729,5,8.472,-0.035,4.01,4.047
1423700857953,37.493987,139.919732,5,8.557,0.038,3.749,4.072
1423700858054,37.49399,139.919735,5,8.651,0.05,3.603,4.097
1423700858155,37.493994,139.919739,5,8.75,0.084,3.491,4.122
1423700858255,37.493998,139.919742,5,8.668,0.021,3.382,4.147
1423700858351,37.494001,139.919745,5,8.585,-0.07,3.373,4.171
1423700858452,37.494005,139.919748,5,8.627,-0.063,3.46,4.197
1423700858553,37.494009,139.919751,5,8.623,-0.06,3.494,4.223
1423700858653,37.494013,139.919755,5,8.688,-0.028,3.616,4.248
1423700858754,37.494016,139.919757,4,8.806,-0.063,3.829,4.295
1423700858855,37.49402,139.919759,4,8.823,-0.091,3.927,4.343
1423700858955,37.494023,139.919762,4,8.595,-0.054,3.743,4.392
1423700859051,37.494027,139.919764,4,8.518,0.039,3.695,4.439
1423700859152,37.49403,139.919766,4,8.539,0.066,3.726,4.489
1423700859253,37.494034,139.919768,4,8.577,0.078,3.757,4.54
1423700859353,37.494038,139.919771,4,8.528,0.05,3.748,4.591
1423700859454,37.494041,139.919773,4,8.447,0.022,3.642,4.642
1423700859555,37.494045,139.919775,4,8.494,0.005,3.687,4.695
1423700859655,37.494049,139.919778,4,8.518,-0.02,3.798,4.747
1423700859751,37.494053,139.91978,4,8.594,-0.069,3.982,4.772
1423700859852,37.494057,139.919783,4,8.624,-0.078,4.018,4.797
1423700859952,37.49406,139.919785,4,8.571,-0.058,3.985,4.822
1423700860053,37.494064,139.919788,4,8.485,0.037,3.907,4.847
1423700860154,37.494068,139.919791,4,8.472,0.048,3.93,4.872
1423700860254,37.494073,139.919793,4,8.519,0.052,4.014,4.897
1423700860355,37.494077,139.919796,4,8.466,0.026,3.935,4.922
1423700860451,37.49408,139.919798,4,8.341,0.043,3.795,4.947
1423700860552,37.494085,139.919801,4,8.459,-0.009,3.93,4.972
1423700860652,37.494089,139.919804,4,8.651,-0.081,4.227,4.998
1423700860753,37.494093,139.919808,5,8.658,-0.061,4.32,5.044
1423700860854,37.494098,139.919811,5,8.415,0.045,4.096,5.093
1423700860954,37.494103,139.919815,5,8.291,0.052,4.012,5.142
1423700861055,37.494108,139.919819,5,8.302,0.04,4.177,5.192
1423700861151,37.494113,139.919823,5,8.371,0.029,4.388,5.24
1423700861252,37.494118,139.919827,5,8.327,0.034,4.306,5.29
1423700861352,37.494123,139.919831,5,8.567,0.01,4.422,5.341
1423700861453,37.494128,139.919835,5,8.483,-0.008,4.553,5.393
1423700861554,37.494133,139.91984,5,7.975,0.036,4.197,5.445
1423700861654,37.494139,139.919844,5,8.026,0.126,4.26,5.497
1423700861755,37.494145,139.919848,7,8.19,-0.029,4.448,5.523
1423700861851,37.494152,139.919852,7,8.235,-0.122,4.746,5.547
1423700861952,37.494159,139.919857,7,7.63,-0.194,4.449,5.572
1423700862052,37.494165,139.919861,7,7.762,-0.259,4.437,5.597
1423700862153,37.494172,139.919866,7,7.996,-0.286,4.636,5.622
1423700862254,37.494179,139.91987,7,8.09,-0.403,4.662,5.647
1423700862354,37.494186,139.919875,7,7.969,-0.364,4.734,5.672
1423700862455,37.494193,139.91988,7,8.098,-0.31,4.906,5.698
1423700862551,37.494199,139.919884,7,8.235,-0.348,5.054,5.722
1423700862651,37.494206,139.919889,7,8.246,-0.3,4.955,5.748
1423700862752,37.49421,139.919892,7,8.116,-0.295,4.811,5.727
1423700862853,37.494214,139.919894,7,8.209,-0.147,4.863,5.701
1423700862954,37.494217,139.919897,7,8.195,-0.051,4.728,5.675
1423700863054,37.494221,139.9199,7,8.161,-0.072,4.625,5.65
1423700863155,37.494224,139.919903,7,8.298,-0.092,4.578,5.625
1423700863251,37.494227,139.919906,7,8.408,-0.143,4.468,5.601
1423700863351,37.494231,139.919908,7,8.27,-0.111,4.366,5.576
1423700863452,37.494234,139.919911,7,8.114,-0.1,4.327,5.551
1423700863553,37.494237,139.919914,7,8.189,-0.079,4.374,5.526
1423700863653,37.494241,139.919917,7,8.349,-0.068,4.484,5.502
1423700863754,37.494245,139.91992,6,8.217,0.044,4.221,5.5
1423700863855,37.49425,139.919924,6,8.327,0.006,4.16,5.5
1423700863956,37.494255,139.919927,6,8.344,-0.113,4.167,5.5
1423700864051,37.494259,139.91993,6,8.278,-0.288,4.212,5.5
1423700864152,37.494264,139.919934,6,8.463,-0.341,4.373,5.5
1423700864253,37.494268,139.919937,6,8.446,-0.311,4.299,5.5
1423700864353,37.494273,139.919941,6,8.323,-0.314,4.23,5.5
1423700864454,37.494278,139.919944,6,8.299,-0.289,4.369,5.5
1423700864555,37.494282,139.919947,6,8.22,-0.144,4.37,5.5
1423700864655,37.494287,139.919951,6,8.052,-0.114,4.608,5.5
1423700864751,37.494291,139.919954,5,7.918,-0.219,4.579,5.5
1423700864852,37.494295,139.919957,5,8.175,-0.3,4.727,5.5
1423700864953,37.4943,139.91996,5,8.275,-0.249,4.885,5.5
1423700865053,37.494304,139.919962,5,8.058,-0.146,4.818,5.5
1423700865154,37.494308,139.919965,5,7.865,-0.179,4.685,5.5
1423700865255,37.494313,139.919968,5,8.046,-0.184,4.804,5.5
1423700865355,37.494317,139.919971,5,8.066,-0.138,4.968,5.5
1423700865451,37.494321,139.919974,5,8.046,-0.005,5.067,5.5
1423700865552,37.494325,139.919977,5,8.077,-0.007,5.071,5.5
1423700865653,37.49433,139.91998,5,7.912,-0.093,4.814,5.5
1423700865753,37.494333,139.919982,7,7.785,-0.166,4.648,5.426
1423700865854,37.494335,139.919983,7,8.023,-0.142,4.908,5.346
1423700865955,37.494338,139.919985,7,8.295,-0.193,5.084,5.267
1423700866055,37.494341,139.919987,7,8.309,-0.262,4.983,5.191
1423700866151,37.494343,139.919989,7,8.064,-0.337,4.65,5.118
1423700866252,37.494346,139.91999,7,7.749,-0.277,4.317,5.043
1423700866352,37.494348,139.919992,7,7.897,-0.172,4.41,4.969
1423700866453,37.494351,139.919994,7,8.254,-0.236,4.794,4.896
1423700866554,37.494353,139.919995,7,8.382,-0.277,4.911,4.824
1423700866655,37.494356,139.919997,7,8.004,-0.399,4.545,4.753
1423700866755,37.49436,139.919999,7,7.83,-0.467,4.405,4.75
1423700866851,37.494364,139.920001,7,7.897,-0.372,4.704,4.75
1423700866952,37.494368,139.920004,7,8.146,-0.358,5.185,4.75
1423700867052,37.494372,139.920006,7,8.025,-0.38,5.112,4.75
1423700867153,37.494377,139.920008,7,7.903,-0.43,4.825,4.75
1423700867254,37.494381,139.920011,7,7.977,-0.319,4.831,4.75
1423700867354,37.494385,139.920013,7,7.926,-0.067,4.814,4.75
1423700867455,37.494389,139.920015,7,8.009,-0.209,5.005,4.75
1423700867551,37.494393,139.920017,7,8.057,-0.462,5.095,4.75
1423700867652,37.494398,139.92002,7,8.049,-0.386,5.087,4.75
1423700867752,37.494401,139.920023,5,7.832,-0.306,4.786,4.676
1423700867853,37.494404,139.920025,5,7.833,-0.431,4.794,4.595
1423700867954,37.494406,139.920028,5,8.042,-0.425,5.0,4.516
1423700868054,37.494409,139.920031,5,7.994,-0.261,4.96,4.439
1423700868155,37.494412,139.920033,5,7.988,-0.11,4.936,4.363
1423700868256,37.494415,139.920036,5,8.106,-0.007,4.868,4.288
1423700868352,37.494417,139.920038,5,8.188,-0.162,4.741,4.217
1423700868451,37.49442,139.920041,5,8.313,-0.362,4.828,4.146
1423700868553,37.494422,139.920043,5,8.056,-0.375,4.645,4.074
1423700868652,37.494425,139.920046,5,7.939,-0.363,4.476,4.005
1423700868754,37.494428,139.920049,5,8.098,-0.408,4.519,4.0
1423700868853,37.494432,139.920052,5,8.156,-0.495,4.574,4.0
1423700868951,37.494435,139.920055,5,8.012,-0.511,4.455,4.0
1423700869051,37.494439,139.920058,5,8.164,-0.404,4.604,4.0
1423700869152,37.494443,139.920061,5,8.254,-0.366,4.675,4.0
1423700869253,37.494446,139.920064,5,8.149,-0.384,4.626,4.0
1423700869354,37.49445,139.920067,5,8.093,-0.291,4.515,4.0
1423700869454,37.494454,139.92007,5,8.11,-0.199,4.668,4.0
1423700869555,37.494457,139.920073,5,8.155,-0.073,4.708,4.0
1423700869651,37.494461,139.920076,5,8.035,-0.107,4.701,4.0
1423700869751,37.494464,139.920078,5,7.947,-0.181,4.636,4.0
1423700869852,37.494467,139.92008,5,7.958,-0.23,4.709,4.0
1423700869953,37.49447,139.920082,5,8.12,-0.228,4.853,4.0
1423700870053,37.494473,139.920085,5,8.102,-0.123,4.897,4.0
1423700870154,37.494476,139.920087,5,7.947,-0.089,4.842,4.0
1423700870255,37.494479,139.920089,5,7.966,-0.095,4.867,4.0
1423700870351,37.494482,139.920091,5,8.067,-0.088,4.998,4.0
1423700870451,37.494485,139.920093,5,8.032,-0.185,4.922,4.0
1423700870552,37.494488,139.920096,5,8.057,-0.16,4.927,4.0
1423700870653,37.494491,139.920098,5,7.892,-0.254,4.731,4.0
1423700870753,37.494493,139.920101,6,8.005,-0.301,4.834,3.924
1423700870854,37.494495,139.920104,6,8.215,-0.219,4.991,3.842
1423700870955,37.494497,139.920107,6,8.081,-0.177,4.867,3.763
1423700871055,37.494499,139.92011,6,7.908,-0.171,4.7,3.685
1423700871151,37.4945,139.920113,6,8.005,-0.167,4.785,3.612
1423700871252,37.494502,139.920116,6,8.129,-0.239,4.903,3.537
1423700871353,37.494504,139.920119,6,8.009,-0.316,4.808,3.464
1423700871453,37.494506,139.920121,6,7.928,-0.292,4.722,3.393
1423700871554,37.494507,139.920124,6,8.022,-0.249,4.795,3.322
1423700871655,37.494509,139.920127,6,8.056,-0.24,4.833,3.253
1423700871755,37.494511,139.920128,6,7.984,-0.304,4.771,3.17
1423700871851,37.494513,139.92013,6,7.938,-0.332,4.715,3.092
1423700871952,37.494514,139.920131,6,8.08,-0.261,4.824,3.011
1423700872052,37.494516,139.920133,6,8.072,-0.231,4.857,2.933
1423700872153,37.494518,139.920134,6,8.041,-0.232,4.847,2.856
1423700872254,37.49452,139.920136,6,8.086,-0.24,4.88,2.781
1423700872355,37.494521,139.920137,6,7.976,-0.344,4.876,2.708
1423700872455,37.494523,139.920138,6,7.894,-0.376,4.849,2.638
1423700872551,37.494524,139.92014,6,7.997,-0.261,4.953,2.572
1423700872652,37.494526,139.920141,6,8.109,-0.216,5.082,2.505
1423700872752,37.494526,139.920142,8,7.979,-0.237,5.007,2.476
1423700872853,37.494526,139.920144,8,7.824,-0.269,4.851,2.45
1423700872954,37.494525,139.920146,8,7.85,-0.237,4.852,2.424
1423700873055,37.494525,139.920147,8,7.971,-0.239,4.975,2.398
1423700873155,37.494525,139.920149,8,7.986,-0.3,5.056,2.373
1423700873251,37.494525,139.92015,8,7.849,-0.355,4.988,2.349
1423700873352,37.494525,139.920152,8,7.722,-0.406,4.876,2.324
1423700873452,37.494524,139.920153,8,7.815,-0.432,4.995,2.3
1423700873553,37.494524,139.920154,8,7.993,-0.398,5.33,2.275
1423700873654,37.494524,139.920156,8,7.867,-0.256,5.311,2.251
1423700873754,37.494526,139.920159,8,7.704,-0.274,5.232,2.092
1423700873855,37.494528,139.920161,8,7.743,-0.334,5.314,1.931
1423700873951,37.49453,139.920163,8,7.84,-0.242,5.465,1.787
1423700874052,37.494531,139.920166,8,7.793,-0.055,5.448,1.645
1423700874152,37.494533,139.920168,8,7.66,-0.004,5.36,1.515
1423700874253,37.494534,139.92017,8,7.693,-0.171,5.381,1.393
1423700874354,37.494536,139.920172,8,7.705,-0.388,5.395,1.28
1423700874454,37.494537,139.920173,8,7.698,-0.408,5.378,1.179
1423700874555,37.494538,139.920175,8,7.716,-0.319,5.391,1.086
1423700874651,37.494539,139.920176,8,7.695,-0.307,5.395,1.007
1423700874751,37.49454,139.920176,8,7.653,-0.334,5.394,0.974
1423700874852,37.49454,139.920177,8,7.649,-0.391,5.432,0.946
1423700874953,37.494541,139.920177,8,7.676,-0.398,5.45,0.919
1423700875053,37.494542,139.920177,8,7.67,-0.399,5.439,0.893
1423700875154,37.494542,139.920178,8,7.684,-0.404,5.435,0.868
1423700875255,37.494543,139.920178,8,7.681,-0.427,5.407,0.843
1423700875351,37.494543,139.920178,8,7.678,-0.433,5.391,0.82
1423700875451,37.494544,139.920178,8,7.68,-0.395,5.397,0.796
1423700875552,37.494544,139.920179,8,7.686,-0.322,5.42,0.774
1423700875653,37.494545,139.920179,8,7.679,-0.268,5.46,0.752
1423700875754,37.494546,139.920178,5,7.654,-0.284,5.49,0.616
1423700875854,37.494547,139.920178,5,7.637,-0.312,5.515,0.487
1423700875955,37.494549,139.920177,5,7.61,-0.297,5.524,0.373
1423700876051,37.494549,139.920176,5,7.601,-0.283,5.543,0.278
1423700876151,37.49455,139.920176,5,7.622,-0.301,5.556,0.194
1423700876252,37.494551,139.920176,5,7.893,-0.334,5.345,0.125
1423700876353,37.494551,139.920175,5,8.129,-0.344,4.873,0.071
1423700876453,37.494552,139.920175,5,8.175,-0.327,4.396,0.032
1423700876554,37.494552,139.920175,5,8.164,-0.319,4.226,0.008
1423700902753,37.494565,139.920203,5,8.192,-0.211,4.602,0.002
1423700902854,37.494565,139.920203,5,8.172,-0.21,4.594,0.009
1423700902955,37.494565,139.920203,5,8.15,-0.264,4.545,0.022
1423700903055,37.494565,139.920203,5,8.129,-0.349,4.486,0.039
1423700903151,37.494565,139.920203,5,8.153,-0.418,4.464,0.06
1423700903252,37.494566,139.920203,5,8.186,-0.446,4.461,0.088
1423700903352,37.494566,139.920203,5,8.217,-0.435,4.47,0.12
1423700903453,37.494566,139.920202,5,8.216,-0.394,4.46,0.157
1423700903554,37.494567,139.920202,5,8.212,-0.343,4.466,0.2
1423700903655,37.494567,139.920202,5,8.231,-0.28,4.497,0.248
1423700903755,37.494567,139.920202,4,8.25,-0.235,4.524,0.25
1423700903851,37.494567,139.920202,4,8.238,-0.218,4.512,0.25
1423700903952,37.494568,139.920202,4,8.225,-0.234,4.475,0.25
1423700904052,37.494568,139.920202,4,8.21,-0.279,4.448,0.25
1423700904153,37.494568,139.920202,4,8.204,-0.33,4.434,0.25
1423700904254,37.494568,139.920203,4,8.201,-0.347,4.437,0.25
1423700904355,37.494568,139.920203,4,8.195,-0.329,4.453,0.25
1423700904455,37.494569,139.920203,4,8.192,-0.312,4.475,0.25
1423700904551,37.494569,139.920203,4,8.201,-0.285,4.475,0.25
1423700904652,37.494569,139.920203,4,8.205,-0.281,4.46,0.25
1423700904752,37.494569,139.920203,4,8.203,-0.286,4.452,0.25
1423700904853,37.494569,139.920203,4,8.208,-0.303,4.449,0.25
1423700904954,37.49457,139.920203,4,8.215,-0.308,4.441,0.25
1423700905054,37.49457,139.920203,4,8.203,-0.312,4.439,0.25
1423700905155,37.49457,139.920203,4,8.209,-0.284,4.448,0.25
1423700905251,37.49457,139.920203,4,8.212,-0.265,4.45,0.25
1423700905352,37.49457,139.920203,4,8.23,-0.263,4.454,0.25
1423700905452,37.494571,139.920203,4,8.234,-0.288,4.443,0.25
1423700905553,37.494571,139.920203,4,8.217,-0.324,4.439,0.25
1423700905654,37.494571,139.920203,4,8.211,-0.336,4.447,0.25
1423700905754,37.494571,139.920203,4,8.225,-0.338,4.459,0.25
1423700905855,37.494571,139.920203,4,8.215,-0.325,4.458,0.25
1423700905951,37.494571,139.920204,4,8.202,-0.309,4.444,0.25
1423700906051,37.494571,139.920204,4,8.213,-0.295,4.438,0.25
1423700906152,37.494571,139.920204,4,8.217,-0.28,4.437,0.25
1423700906253,37.494572,139.920204,4,8.225,-0.272,4.442,0.25
1423700906354,37.494572,139.920204,4,8.227,-0.294,4.46,0.25
1423700906454,37.494572,139.920205,4,8.211,-0.329,4.467,0.25
1423700906555,37.494572,139.920205,4,8.193,-0.332,4.466,0.25
1423700906651,37.494572,139.920205,4,8.2,-0.324,4.477,0.25
1423700906751,37.494572,139.920205,4,8.214,-0.321,4.483,0.25
1423700906852,37.494573,139.920206,4,8.222,-0.32,4.481,0.25
1423700906953,37.494573,139.920206,4,8.215,-0.321,4.468,0.25
1423700907054,37.494573,139.920206,4,8.211,-0.317,4.458,0.25
1423700907154,37.494573,139.920206,4,8.222,-0.301,4.453,0.25
1423700907255,37.494574,139.920207,4,8.212,-0.302,4.434,0.25
1423700907351,37.494574,139.920207,4,8.206,-0.297,4.438,0.25
1423700907451,37.494574,139.920207,4,8.225,-0.285,4.465,0.25
1423700907552,37.494575,139.920208,4,8.208,-0.285,4.472,0.25
1423700907653,37.494575,139.920208,4,8.185,-0.291,4.47,0.25
1423700907754,37.494576,139.920209,4,8.184,-0.305,4.478,0.205
1423700907854,37.494577,139.92021,4,8.149,-0.298,4.52,0.162
1423700907955,37.494578,139.920211,4,8.053,-0.27,4.628,0.124
1423700908051,37.494579,139.920212,4,7.988,-0.268,4.787,0.093
1423700908151,37.494579,139.920212,4,8.002,-0.298,4.953,0.065
1423700908252,37.49458,139.920213,4,8.0,-0.322,5.038,0.042
1423700908353,37.49458,139.920213,4,7.904,-0.313,5.032,0.024
1423700908453,37.494581,139.920214,4,7.817,-0.295,5.083,0.011
1423700908554,37.494581,139.920214,4,7.89,-0.275,5.169,0.003
1423700916752,37.494603,139.920222,4,8.463,-0.272,4.058,0.002
1423700916852,37.494603,139.920222,4,8.496,-0.261,3.921,0.009
1423700916953,37.494603,139.920222,4,8.548,-0.251,3.819,0.021
1423700917054,37.494603,139.920222,4,8.573,-0.279,3.768,0.039
1423700917155,37.494603,139.920222,4,8.574,-0.286,3.756,0.061
1423700917255,37.494603,139.920222,4,8.588,-0.274,3.724,0.089
1423700917351,37.494603,139.920222,4,8.61,-0.265,3.715,0.119
1423700917452,37.494604,139.920222,4,8.658,-0.283,3.703,0.157
1423700917552,37.494604,139.920222,4,8.697,-0.305,3.64,0.199
1423700917653,37.494604,139.920222,4,8.677,-0.294,3.544,0.247
1423700917754,37.494604,139.920222,4,8.694,-0.258,3.451,0.276
1423700917854,37.494604,139.920223,4,8.747,-0.259,3.398,0.308
1423700917955,37.494605,139.920223,4,8.814,-0.311,3.35,0.346
1423700918051,37.494605,139.920223,4,8.856,-0.365,3.301,0.386
1423700918151,37.494605,139.920224,4,8.845,-0.283,3.187,0.433
1423700918252,37.494606,139.920224,4,8.928,-0.129,3.036,0.486
1423700918353,37.494606,139.920225,4,8.997,-0.103,2.903,0.543
1423700918454,37.494607,139.920226,4,9.05,-0.2,2.753,0.606
1423700918554,37.494607,139.920226,4,9.105,-0.187,2.572,0.673
1423700918655,37.494608,139.920227,4,9.207,-0.136,2.499,0.746
1423700918751,37.494609,139.920228,4,9.223,-0.136,2.403,0.75
1423700918852,37.494609,139.920229,4,9.222,-0.18,2.305,0.75
1423700918952,37.49461,139.920229,4,9.19,-0.192,2.259,0.75
1423700919053,37.494611,139.92023,4,9.129,-0.18,2.449,0.75
1423700919154,37.494611,139.920231,4,9.036,-0.266,2.749,0.75
1423700919254,37.494612,139.920232,4,8.929,-0.233,3.023,0.75
1423700919355,37.494613,139.920233,4,8.984,-0.261,3.299,0.75
1423700919451,37.494614,139.920233,4,8.853,-0.368,3.326,0.75
1423700919551,37.494614,139.920234,4,8.859,-0.398,3.44,0.75
1423700919652,37.494615,139.920235,4,8.684,-0.398,3.41,0.75
1423700919753,37.494616,139.920236,4,8.769,-0.146,3.603,0.786
1423700919854,37.494617,139.920236,4,8.755,0.004,3.797,0.827
1423700919954,37.494618,139.920237,4,8.507,0.252,3.942,0.871
1423700920055,37.49462,139.920238,4,8.304,0.282,4.113,0.918
1423700920151,37.494621,139.920239,4,8.195,0.045,4.254,0.964
1423700920251,37.494622,139.92024,4,8.275,-0.074,4.427,1.015
1423700920352,37.494624,139.920241,4,8.416,-0.18,4.557,1.069
1423700920453,37.494626,139.920242,4,8.164,-0.417,4.377,1.126
1423700920553,37.494627,139.920243,4,7.782,-0.62,4.139,1.185
1423700920654,37.494629,139.920244,4,8.004,-0.706,4.346,1.246
1423700920755,37.494631,139.920245,4,8.316,-0.513,4.611,1.29
1423700920851,37.494633,139.920246,4,8.414,-0.224,4.713,1.333
1423700920951,37.494635,139.920247,4,8.248,0.043,4.598,1.378
1423700921052,37.494637,139.920248,4,8.336,0.104,4.445,1.426
1423700921153,37.494639,139.920249,4,8.588,0.059,4.05,1.476
1423700921253,37.494641,139.92025,4,8.778,-0.053,3.603,1.526
1423700921354,37.494643,139.920251,4,8.737,-0.139,3.116,1.579
1423700921455,37.494646,139.920252,4,8.707,-0.12,2.953,1.634
1423700921551,37.494648,139.920254,4,8.901,-0.068,2.935,1.687
1423700921651,37.494651,139.920255,4,9.065,0.03,2.954,1.745
1423700921752,37.494653,139.920256,5,9.001,0.198,2.822,1.862
1423700921853,37.494656,139.920257,5,8.934,0.296,2.864,1.997
1423700921953,37.494659,139.920259,5,8.916,0.281,2.956,2.142
1423700922054,37.494662,139.92026,5,8.947,0.36,3.051,2.3
1423700922155,37.494665,139.920262,5,8.997,0.396,3.205,2.47
1423700922255,37.494669,139.920264,5,8.937,0.469,3.25,2.651
1423700922351,37.494673,139.920266,5,8.72,0.463,3.13,2.835
1423700922452,37.494677,139.920268,5,8.885,0.483,3.31,3.04
1423700922553,37.494681,139.92027,5,9.007,0.418,3.452,3.257
1423700922653,37.494686,139.920272,5,8.908,0.346,3.515,3.484
1423700922754,37.494693,139.920275,10,8.697,0.246,3.378,3.665
1423700922855,37.4947,139.920277,10,8.703,0.196,3.396,3.853
1423700922955,37.494708,139.920281,10,8.681,0.159,3.403,4.05
1423700923051,37.494716,139.920284,10,8.553,0.115,3.298,4.249
1423700923152,37.494725,139.920287,10,8.568,0.175,3.377,4.47
1423700923252,37.494735,139.920291,10,8.65,0.129,3.469,4.7
1423700923353,37.494744,139.920294,10,8.537,0.169,3.488,4.943
1423700923454,37.494755,139.920298,10,8.559,0.094,3.58,5.197
1423700923555,37.494765,139.920303,10,8.601,-0.052,3.726,5.462
1423700923655,37.494776,139.920307,10,8.6,-0.22,3.872,5.736
1423700923751,37.494782,139.920308,10,8.551,-0.242,3.779,5.75
1423700923852,37.494787,139.920309,10,8.496,-0.204,3.715,5.75
1423700923952,37.494792,139.92031,10,8.52,-0.2,3.782,5.75
1423700924053,37.494797,139.920312,10,8.446,-0.169,3.768,5.75
1423700924154,37.494802,139.920313,10,8.395,-0.111,3.613,5.75
1423700924254,37.494807,139.920314,10,8.706,0.019,3.947,5.75
1423700924355,37.494812,139.920315,10,8.912,-0.005,4.241,5.75
1423700924451,37.494817,139.920316,10,8.831,0.043,4.276,5.75
1423700924552,37.494822,139.920318,10,8.426,0.094,3.944,5.75
1423700924652,37.494828,139.920319,10,8.142,-0.119,3.587,5.75
1423700924753,37.494834,139.920321,8,8.434,0.048,3.754,5.893
1423700924854,37.49484,139.920324,8,9.081,0.181,4.298,6.053
1423700924954,37.494847,139.920326,8,8.755,0.228,4.231,6.217
1423700925055,37.494853,139.920328,8,8.256,0.25,3.922,6.386
1423700925151,37.49486,139.920331,8,8.234,0.315,3.964,6.551
1423700925257,37.494868,139.920334,8,8.505,0.111,4.187,6.739
1423700925352,37.494874,139.920336,8,8.511,-0.087,4.039,6.912
1423700925451,37.494882,139.920339,8,8.351,0.02,3.856,7.096
1423700925554,37.49489,139.920342,8,8.237,0.036,4.032,7.293
1423700925653,37.494897,139.920345,8,8.334,-0.024,4.441,7.486
1423700925755,37.494905,139.920349,10,8.586,-0.011,4.751,7.568
1423700925851,37.494913,139.920354,10,8.328,0.315,4.3,7.638
1423700925951,37.49492,139.920359,10,8.032,0.177,4.387,7.711
1423700926052,37.494928,139.920364,10,8.382,0.076,4.442,7.785
1423700926153,37.494936,139.920369,10,8.134,-0.081,4.519,7.861
1423700926253,37.494945,139.920373,10,8.171,-0.192,4.827,7.936
1423700926354,37.494953,139.920379,10,8.042,-0.139,4.952,8.013
1423700926455,37.494961,139.920384,10,8.187,0.057,4.88,8.09
1423700926551,37.494969,139.920388,10,8.102,-0.066,4.769,8.165
1423700926651,37.494977,139.920394,10,8.177,-0.187,4.817,8.243
1423700926752,37.494984,139.920395,10,8.033,-0.23,4.81,8.099
1423700926853,37.494991,139.920397,10,8.078,-0.248,4.8,7.937
1423700926953,37.494997,139.920398,10,8.065,-0.226,4.789,7.779
1423700927054,37.495003,139.920399,10,8.079,-0.109,4.749,7.623
1423700927155,37.49501,139.920401,10,7.811,0.014,4.591,7.47
1423700927251,37.495016,139.920402,10,7.899,0.105,4.547,7.327
1423700927351,37.495021,139.920403,10,7.943,0.24,4.551,7.181
1423700927452,37.495027,139.920405,10,7.941,0.18,4.434,7.037
1423700927553,37.495033,139.920406,10,8.044,0.17,4.5,6.896
1423700927653,37.495039,139.920407,10,8.266,0.114,4.542,6.759
1423700927754,37.495045,139.92041,8,8.246,0.152,4.537,6.726
1423700927855,37.495051,139.920414,8,8.124,0.032,4.575,6.701
1423700927956,37.495057,139.920417,8,8.16,0.081,4.625,6.675
1423700928051,37.495063,139.92042,8,8.2,0.087,4.622,6.651
1423700928152,37.495069,139.920423,8,8.196,-0.025,4.547,6.626
1423700928253,37.495075,139.920427,8,8.267,-0.053,4.481,6.601
1423700928353,37.495081,139.92043,8,8.269,-0.009,4.507,6.576
1423700928454,37.495087,139.920433,8,8.148,-0.013,4.447,6.551
1423700928555,37.495093,139.920437,8,8.123,0.267,4.368,6.526
1423700928655,37.495099,139.92044,8,8.275,0.329,4.548,6.501
1423700928751,37.495105,139.920441,8,8.309,0.248,4.45,6.565
1423700928852,37.495111,139.920441,8,7.745,0.261,3.956,6.638
1423700928953,37.495117,139.920442,8,8.074,0.221,4.119,6.711
1423700929053,37.495123,139.920443,8,8.571,0.122,4.658,6.785
1423700929154,37.49513,139.920443,8,8.721,0.135,4.883,6.86
1423700929255,37.495136,139.920444,8,8.349,0.044,4.596,6.936
1423700929355,37.495143,139.920445,8,7.993,-0.141,4.288,7.013
1423700929451,37.495149,139.920445,8,8.161,-0.052,4.289,7.086
1423700929552,37.495156,139.920446,8,8.447,-0.009,4.449,7.165
1423700929653,37.495163,139.920447,8,8.397,0.004,4.431,7.244
1423700929753,37.495169,139.920449,7,8.177,0.054,4.3,7.25
1423700929854,37.495176,139.920451,7,8.186,-0.025,4.46,7.25
1423700929955,37.495182,139.920453,7,8.403,-0.177,4.73,7.25
1423700930055,37.495189,139.920456,7,8.278,0.028,4.595,7.25
1423700930151,37.495195,139.920458,7,7.93,0.167,4.249,7.25
1423700930252,37.495202,139.92046,7,7.887,0.218,4.235,7.25
1423700930352,37.495209,139.920462,7,8.029,0.356,4.36,7.25
1423700930453,37.495215,139.920464,7,8.465,0.176,4.834,7.25
1423700930554,37.495222,139.920467,7,8.457,-0.068,5.143,7.25
1423700930654,37.495229,139.920469,7,8.102,-0.069,4.903,7.25
1423700930755,37.495236,139.92047,9,7.862,0.04,4.519,7.25
1423700930851,37.495243,139.920471,9,8.141,-0.03,4.635,7.25
1423700930952,37.49525,139.920472,9,8.259,0.043,4.572,7.25
1423700931052,37.495258,139.920473,9,8.143,0.015,4.5,7.25
1423700931153,37.495265,139.920474,9,8.012,0.008,4.494,7.25
1423700931254,37.495272,139.920475,9,7.918,0.08,4.451,7.25
1423700931354,37.49528,139.920476,9,7.905,0.05,4.322,7.25
1423700931455,37.495287,139.920477,9,7.969,0.109,4.347,7.25
1423700931551,37.495294,139.920478,9,8.286,0.046,4.606,7.25
1423700931651,37.495301,139.920479,9,8.369,-0.101,4.709,7.25
1423700931752,37.495309,139.92048,9,8.339,-0.149,4.838,7.227
1423700931853,37.495316,139.920481,9,8.449,-0.225,4.965,7.201
1423700931954,37.495324,139.920483,9,8.244,-0.13,4.705,7.176
1423700932054,37.495331,139.920484,9,8.235,0.015,4.436,7.15
1423700932155,37.495338,139.920485,9,8.343,0.008,4.415,7.125
1423700932251,37.495345,139.920486,9,8.177,-0.063,4.354,7.101
1423700932351,37.495353,139.920487,9,8.225,-0.122,4.503,7.076
1423700932452,37.49536,139.920489,9,8.182,0.012,4.515,7.051
1423700932553,37.495367,139.92049,9,8.373,0.007,4.682,7.026
1423700932654,37.495375,139.920491,9,8.307,0.13,4.624,7.001
1423700932754,37.495382,139.920492,9,8.012,0.185,4.214,7.023
1423700932855,37.495389,139.920493,9,7.703,0.073,3.908,7.048
1423700932951,37.495396,139.920494,9,8.083,0.037,4.371,7.072
1423700933051,37.495404,139.920496,9,8.534,-0.038,4.85,7.097
1423700933152,37.495411,139.920497,9,8.435,-0.116,4.794,7.122
1423700933253,37.495419,139.920498,9,8.039,-0.054,4.642,7.147
1423700933353,37.495426,139.920499,9,8.063,-0.12,4.614,7.172
1423700933454,37.495434,139.9205,9,8.252,-0.194,4.617,7.198
1423700933555,37.495441,139.920502,9,8.265,-0.247,4.538,7.223
1423700933651,37.495448,139.920503,9,8.241,-0.233,4.616,7.248
1423700933751,37.495455,139.920504,7,8.062,-0.116,4.408,7.25
1423700933852,37.495461,139.920506,7,8.316,-0.175,4.715,7.25
1423700933953,37.495468,139.920507,7,8.209,-0.071,4.58,7.25
1423700934053,37.495475,139.920509,7,8.135,-0.169,4.497,7.25
1423700934154,37.495481,139.92051,7,7.772,-0.076,4.215,7.25
1423700934255,37.495488,139.920511,7,8.024,-0.05,4.428,7.25
1423700934355,37.495494,139.920513,7,8.327,-0.101,4.603,7.25
1423700934451,37.4955,139.920514,7,8.268,-0.177,4.697,7.25
1423700934552,37.495507,139.920515,7,8.1,-0.131,4.591,7.25
1423700934653,37.495514,139.920517,7,8.212,-0.169,4.685,7.25
1423700934753,37.495519,139.920521,9,8.366,-0.188,4.801,7.25
1423700934854,37.495524,139.920526,9,8.281,-0.182,4.618,7.25
1423700934955,37.495529,139.92053,9,8.225,-0.215,4.531,7.25
1423700935055,37.495535,139.920534,9,8.061,-0.343,4.445,7.25
1423700935151,37.49554,139.920539,9,8.132,-0.375,4.524,7.25
1423700935252,37.495545,139.920543,9,8.117,-0.372,4.521,7.25
1423700935353,37.49555,139.920547,9,8.042,-0.165,4.391,7.25
1423700935453,37.495555,139.920552,9,8.234,-0.168,4.612,7.25
1423700935554,37.49556,139.920556,9,8.148,-0.059,4.415,7.25
1423700935655,37.495566,139.920561,9,8.199,-0.189,4.527,7.25
1423700935755,37.495572,139.920562,9,8.324,-0.234,4.771,7.25
1423700935851,37.495578,139.920563,9,8.339,-0.164,4.89,7.25
1423700935952,37.495585,139.920565,9,8.23,-0.178,4.699,7.25
1423700936052,37.495591,139.920566,9,8.033,0.004,4.489,7.25
1423700936153,37.495598,139.920567,9,8.182,0.007,4.542,7.25
1423700936254,37.495605,139.920569,9,8.292,-0.042,4.582,7.25
1423700936355,37.495611,139.92057,9,8.269,-0.135,4.589,7.25
1423700936455,37.495618,139.920571,9,8.223,-0.145,4.568,7.25
1423700936551,37.495624,139.920573,9,8.2,-0.179,4.65,7.25
1423700936652,37.49563,139.920574,9,8.208,-0.204,4.61,7.25
1423700936752,37.495636,139.920575,10,8.045,-0.106,4.513,7.069
1423700936853,37.495641,139.920576,10,7.808,0.046,4.087,6.875
1423700936954,37.495646,139.920577,10,8.2,-0.025,4.422,6.686
1423700937054,37.495651,139.920577,10,8.569,-0.119,4.785,6.503
1423700937155,37.495655,139.920578,10,8.53,-0.102,4.905,6.324
1423700937251,37.49566,139.920579,10,8.195,-0.11,4.566,6.158
1423700937352,37.495664,139.92058,10,7.732,-0.038,4.193,5.988
1423700937452,37.495668,139.920581,10,7.794,0.035,4.261,5.824
1423700937553,37.495673,139.920581,10,8.566,-0.101,4.806,5.664
1423700937654,37.495677,139.920582,10,8.521,-0.299,4.937,5.509
1423700937754,37.495679,139.920584,13,7.926,-0.227,4.589,5.339
1423700937855,37.495682,139.920585,13,7.967,-0.182,4.657,5.17
1423700937951,37.495684,139.920587,13,8.32,-0.135,4.833,5.015
1423700938051,37.495686,139.920588,13,8.265,-0.188,4.67,4.857
1423700938152,37.495689,139.92059,13,8.048,-0.16,4.429,4.703
1423700938253,37.495691,139.920591,13,7.997,-0.05,4.402,4.553
1423700938354,37.495693,139.920593,13,8.024,-0.028,4.436,4.409
1423700938454,37.495695,139.920594,13,8.11,0.102,4.329,4.27
1423700938555,37.495697,139.920596,13,8.356,-0.026,4.717,4.135
1423700938651,37.495699,139.920597,13,8.406,-0.046,4.894,4.011
1423700938751,37.495704,139.9206,18,8.101,-0.064,4.57,4.063
1423700938852,37.495709,139.920602,18,8.05,-0.033,4.451,4.134
1423700938953,37.495714,139.920605,18,8.144,-0.021,4.573,4.206
1423700939054,37.495719,139.920608,18,8.381,0.018,4.688,4.28
1423700939154,37.495725,139.920611,18,8.333,0.009,4.635,4.354
1423700939255,37.49573,139.920614,18,7.987,-0.017,4.412,4.431
1423700939356,37.495736,139.920617,18,8.076,-0.011,4.403,4.508
1423700939451,37.495741,139.92062,18,8.257,0.0,4.563,4.583
1423700939557,37.495747,139.920624,18,8.302,-0.081,4.582,4.667
1423700939653,37.495753,139.920627,18,8.097,-0.122,4.49,4.744
1423700939752,37.49576,139.920628,18,8.147,0.01,4.493,4.853
1423700939854,37.495767,139.92063,18,8.05,-0.066,4.603,4.97
1423700939953,37.495775,139.920632,18,8.142,-0.137,4.517,5.086
1423700940056,37.495782,139.920633,18,8.146,-0.178,4.422,5.21
1423700940151,37.49579,139.920635,18,8.133,-0.152,4.305,5.327
1423700940252,37.495798,139.920637,18,8.106,-0.069,4.366,5.455
1423700940353,37.495806,139.920638,18,8.261,0.016,4.512,5.585
1423700940453,37.495815,139.92064,18,8.343,-0.01,4.608,5.717
1423700940554,37.495824,139.920642,18,8.29,0.008,4.544,5.854
1423700940655,37.495833,139.920644,18,8.139,-0.105,4.407,5.993
1423700940755,37.495839,139.920644,15,8.176,-0.176,4.394,6.088
1423700940851,37.495846,139.920645,15,8.298,-0.149,4.454,6.179
1423700940952,37.495852,139.920645,15,8.233,-0.14,4.383,6.276
1423700941053,37.495859,139.920646,15,8.35,-0.123,4.478,6.375
1423700941153,37.495866,139.920646,15,8.342,0.088,4.452,6.474
1423700941254,37.495873,139.920646,15,8.36,-0.056,4.626,6.575
1423700941355,37.495881,139.920647,15,8.032,-0.196,4.43,6.679
1423700941455,37.495888,139.920647,15,8.28,-0.435,4.407,6.782
1423700941551,37.495895,139.920648,15,8.248,-0.457,4.414,6.884
1423700941652,37.495902,139.920648,15,8.09,-0.416,4.307,6.991
1423700941753,37.49591,139.92065,10,8.095,-0.287,4.25,7.023
1423700941853,37.495918,139.920652,10,8.262,-0.295,4.286,7.048
1423700941954,37.495926,139.920654,10,8.438,-0.358,4.562,7.073
1423700942055,37.495933,139.920655,10,8.381,-0.394,4.576,7.098
1423700942155,37.495941,139.920657,10,8.089,-0.366,4.238,7.123
1423700942251,37.495949,139.920659,10,8.019,-0.332,4.163,7.147
1423700942352,37.495957,139.920661,10,8.314,-0.394,4.441,7.172
1423700942452,37.495965,139.920663,10,8.435,-0.392,4.589,7.197
1423700942553,37.495973,139.920665,10,8.249,-0.22,4.393,7.223
1423700942654,37.495981,139.920667,10,8.114,-0.232,4.383,7.248
1423700942755,37.495986,139.920669,8,8.076,-0.273,4.538,7.226
1423700942855,37.495992,139.920671,8,8.242,-0.302,4.433,7.201
1423700942951,37.495997,139.920673,8,8.106,-0.248,4.238,7.176
1423700943052,37.496002,139.920676,8,8.248,-0.195,4.348,7.151
1423700943152,37.496008,139.920678,8,8.455,-0.137,4.659,7.126
1423700943253,37.496013,139.92068,8,8.323,-0.043,4.568,7.101
1423700943354,37.496019,139.920682,8,8.171,-0.092,4.369,7.076
1423700943454,37.496024,139.920685,8,8.053,-0.137,4.327,7.051
1423700943555,37.496029,139.920687,8,8.256,-0.103,4.43,7.026
1423700943651,37.496035,139.920689,8,8.366,-0.15,4.466,7.002
1423700943752,37.496042,139.920691,7,8.292,-0.209,4.372,7.023
1423700943852,37.496049,139.920692,7,8.213,-0.198,4.399,7.047
1423700943953,37.496057,139.920694,7,8.263,-0.252,4.504,7.072
1423700944054,37.496064,139.920696,7,8.17,-0.139,4.377,7.097
1423700944154,37.496072,139.920698,7,8.219,0.033,4.368,7.122
1423700944255,37.496079,139.9207,7,8.328,0.072,4.433,7.148
1423700944351,37.496087,139.920701,7,8.266,-0.013,4.45,7.172
1423700944452,37.496094,139.920703,7,8.167,-0.019,4.315,7.197
1423700944552,37.496102,139.920705,7,8.151,-0.004,4.323,7.223
1423700944653,37.496109,139.920707,7,8.308,0.022,4.465,7.248
1423700944754,37.496116,139.920708,9,8.354,0.086,4.496,7.25
1423700944854,37.496122,139.92071,9,8.301,0.17,4.444,7.25
1423700944955,37.496129,139.920712,9,8.166,0.146,4.363,7.25
1423700945051,37.496135,139.920713,9,8.236,0.092,4.43,7.25
1423700945151,37.496141,139.920715,9,8.367,0.084,4.481,7.25
1423700945252,37.496147,139.920716,9,8.271,0.006,4.41,7.25
1423700945353,37.496154,139.920718,9,8.132,-0.012,4.284,7.25
1423700945454,37.49616,139.92072,9,8.189,-0.022,4.377,7.25
1423700945554,37.496166,139.920721,9,8.143,0.011,4.376,7.25
1423700945651,37.496172,139.920723,9,8.16,0.02,4.286,7.25
1423700945751,37.496178,139.920724,9,8.362,0.035,4.459,7.227
1423700945851,37.496183,139.920725,9,8.421,0.089,4.554,7.202
1423700945952,37.496188,139.920726,9,8.377,0.051,4.554,7.176
1423700946053,37.496193,139.920727,9,8.377,-0.046,4.654,7.151
1423700946153,37.496198,139.920728,9,8.296,-0.011,4.535,7.126
1423700946254,37.496204,139.920729,9,8.208,-0.013,4.382,7.1
1423700946355,37.496209,139.92073,9,8.147,-0.015,4.228,7.075
1423700946451,37.496213,139.920731,9,8.134,-0.035,4.236,7.052
1423700946551,37.496219,139.920732,9,8.224,-0.061,4.365,7.027
1423700946652,37.496224,139.920733,9,8.278,-0.038,4.481,7.002
1423700946753,37.496229,139.920737,11,8.189,0.057,4.429,6.901
1423700946853,37.496235,139.920741,11,8.215,0.107,4.419,6.795
1423700946954,37.49624,139.920746,11,8.39,0.126,4.613,6.69
1423700947055,37.496246,139.92075,11,8.492,-0.043,4.56,6.587
1423700947155,37.496251,139.920754,11,8.444,0.004,4.606,6.486
1423700947251,37.496256,139.920758,11,8.238,-0.087,4.44,6.39
1423700947352,37.496261,139.920762,11,8.316,-0.107,4.5,6.292
1423700947453,37.496266,139.920766,11,8.278,-0.038,4.355,6.194
1423700947553,37.496271,139.92077,11,8.1,-0.009,4.188,6.1
1423700947654,37.496276,139.920774,11,7.798,0.06,3.815,6.006
1423700947755,37.496283,139.920775,11,8.06,0.06,4.1,6.128
1423700947855,37.49629,139.920776,11,8.436,-0.038,4.507,6.266
1423700947951,37.496297,139.920778,11,8.474,-0.144,4.723,6.402
1423700948052,37.496305,139.920779,11,8.187,-0.123,4.454,6.548
1423700948153,37.496312,139.920781,11,8.141,-0.074,4.445,6.698
1423700948253,37.49632,139.920782,11,8.235,-0.167,4.383,6.849
1423700948354,37.496328,139.920783,11,8.39,-0.153,4.433,7.006
1423700948455,37.496337,139.920785,11,7.846,0.032,3.826,7.165
1423700948555,37.496345,139.920786,11,7.997,-0.052,4.04,7.327
1423700948651,37.496353,139.920788,11,8.318,-0.026,4.478,7.485
1423700948752,37.49636,139.920789,8,8.532,-0.185,4.734,7.5
1423700948852,37.496367,139.920791,8,8.625,-0.037,4.728,7.5
1423700948954,37.496374,139.920793,8,8.02,0.103,4.223,7.5
1423700949054,37.496381,139.920794,8,7.983,0.062,4.077,7.5
1423700949155,37.496388,139.920796,8,8.202,-0.026,4.176,7.5
1423700949255,37.496395,139.920798,8,8.48,-0.165,4.424,7.5
1423700949351,37.496402,139.920799,8,8.329,-0.184,4.429,7.5
1423700949452,37.496409,139.920801,8,8.095,-0.06,4.333,7.5
1423700949552,37.496416,139.920802,8,8.323,0.028,4.437,7.5
1423700949653,37.496423,139.920804,8,8.438,0.011,4.436,7.5
1423700949754,37.496431,139.920806,9,8.24,-0.017,4.262,7.523
1423700949854,37.49644,139.920809,9,8.195,-0.024,4.318,7.548
1423700949955,37.496449,139.920811,9,8.297,-0.03,4.462,7.573
1423700950051,37.496457,139.920814,9,8.39,-0.04,4.515,7.597
1423700950152,37.496466,139.920816,9,8.235,-0.008,4.323,7.622
1423700950252,37.496475,139.920819,9,8.227,-0.04,4.321,7.647
1423700950353,37.496484,139.920821,9,8.257,0.019,4.4,7.672
1423700950454,37.496493,139.920824,9,8.337,-0.079,4.421,7.698
1423700950554,37.496502,139.920826,9,8.265,-0.241,4.324,7.723
1423700950655,37.496511,139.920829,9,8.225,-0.261,4.388,7.749
1423700950751,37.496518,139.920829,9,8.303,-0.337,4.41,7.75
1423700950852,37.496525,139.92083,9,8.569,-0.325,4.66,7.75
1423700950952,37.496532,139.92083,9,8.367,-0.209,4.686,7.75
1423700951053,37.49654,139.920831,9,8.098,-0.036,4.536,7.75
1423700951154,37.496547,139.920831,9,7.749,0.063,4.065,7.75
1423700951254,37.496554,139.920831,9,7.99,0.032,4.31,7.75
1423700951355,37.496562,139.920832,9,8.287,-0.132,4.579,7.75
1423700951451,37.496569,139.920832,9,8.255,-0.205,4.604,7.75
1423700951551,37.496576,139.920833,9,8.097,0.039,4.5,7.75
1423700951652,37.496583,139.920833,9,8.259,-0.003,4.944,7.75
1423700951753,37.496591,139.920833,8,8.314,0.1,4.912,7.677
1423700951854,37.496598,139.920833,8,8.319,-0.106,4.792,7.599
1423700951954,37.496605,139.920833,8,8.133,-0.345,4.602,7.522
1423700952055,37.496612,139.920833,8,7.789,-0.04,4.23,7.445
1423700952151,37.496618,139.920832,8,7.944,-0.079,4.693,7.372
1423700952251,37.496625,139.920832,8,8.446,0.029,5.576,7.298
1423700952352,37.496632,139.920832,8,8.426,-0.105,5.275,7.223
1423700952453,37.496638,139.920832,8,7.233,0.11,4.19,7.149
1423700952553,37.496645,139.920832,8,6.881,0.389,3.469,7.077
1423700952654,37.496652,139.920832,8,7.896,0.036,4.263,7.004
1423700952755,37.496659,139.920835,8,8.473,0.083,5.328,7.046
1423700952851,37.496666,139.920839,8,8.579,-0.017,5.649,7.093
1423700952951,37.496673,139.920842,8,8.279,-0.013,5.272,7.142
1423700953052,37.49668,139.920845,8,8.135,0.087,4.841,7.192
1423700953153,37.496687,139.920849,8,7.896,-0.111,4.144,7.242
1423700953253,37.496695,139.920852,8,8.131,-0.224,4.007,7.292
1423700953354,37.496702,139.920856,8,8.343,-0.086,4.478,7.343
1423700953455,37.49671,139.92086,8,8.379,-0.06,4.828,7.395
1423700953555,37.496717,139.920863,8,8.317,0.053,4.764,7.446
1423700953656,37.496725,139.920867,8,7.855,0.029,4.496,7.498
1423700953752,37.496731,139.920869,8,7.642,-0.004,4.104,7.5
1423700953851,37.496738,139.920871,8,8.027,-0.03,4.539,7.5
1423700953953,37.496746,139.920874,8,8.365,-0.034,4.84,7.5
1423700954052,37.496752,139.920876,8,8.025,-0.046,4.743,7.5
1423700954155,37.49676,139.920878,8,7.677,0.03,4.265,7.5
1423700954254,37.496767,139.920881,8,7.974,0.04,4.416,7.5
1423700954351,37.496773,139.920883,8,8.494,-0.125,4.618,7.5
1423700954452,37.49678,139.920885,8,8.449,-0.092,4.568,7.5
1423700954552,37.496787,139.920888,8,8.352,0.009,4.894,7.5
1423700954653,37.496795,139.92089,8,8.203,-0.049,4.776,7.5
1423700954754,37.496801,139.920892,7,8.469,-0.052,4.765,7.5
1423700954855,37.496807,139.920895,7,7.991,-0.038,4.216,7.5
1423700954955,37.496813,139.920897,7,7.834,0.124,4.088,7.5
1423700955051,37.496819,139.920899,7,8.144,0.241,4.201,7.5
1423700955152,37.496825,139.920902,7,8.39,0.078,4.653,7.5
1423700955252,37.496832,139.920904,7,8.224,0.075,4.735,7.5
1423700955353,37.496838,139.920907,7,8.167,0.11,4.72,7.5
1423700955454,37.496844,139.920909,7,8.104,0.086,4.563,7.5
1423700955554,37.49685,139.920911,7,8.09,0.08,4.476,7.5
1423700955655,37.496857,139.920914,7,7.806,-0.022,4.156,7.5
1423700955751,37.496862,139.920916,7,7.84,-0.064,4.181,7.477
1423700955852,37.496868,139.920918,7,8.404,0.027,4.811,7.451
1423700955952,37.496873,139.920921,7,8.969,-0.025,5.388,7.426
1423700956053,37.496879,139.920923,7,8.042,0.106,4.45,7.401
1423700956154,37.496884,139.920925,7,7.795,0.277,4.364,7.375
1423700956254,37.49689,139.920928,7,8.233,0.287,4.61,7.35
1423700956355,37.496895,139.92093,7,8.642,-0.141,5.002,7.325
1423700956451,37.496901,139.920932,7,8.233,-0.067,4.567,7.302
1423700956551,37.496906,139.920935,7,7.734,0.031,4.274,7.277
1423700956652,37.496912,139.920937,7,7.803,-0.001,3.968,7.252
1423700956753,37.496919,139.92094,9,8.289,-0.126,4.495,7.226
1423700956854,37.496926,139.920943,9,8.631,-0.198,4.771,7.201
1423700956954,37.496933,139.920946,9,8.373,-0.143,4.632,7.176
1423700957055,37.49694,139.920949,9,8.356,0.039,4.718,7.15
1423700957151,37.496946,139.920952,9,8.098,0.09,4.468,7.126
1423700957251,37.496953,139.920955,9,8.517,0.056,4.56,7.101
1423700957352,37.49696,139.920958,9,8.224,-0.107,3.973,7.076
1423700957453,37.496967,139.920961,9,7.892,-0.17,3.739,7.051
1423700957554,37.496974,139.920964,9,8.18,0.051,4.068,7.026
1423700957654,37.496981,139.920967,9,8.41,0.103,4.554,7.001
1423700957755,37.496986,139.920969,9,8.488,0.134,4.478,7.046
1423700957851,37.496991,139.920971,9,8.278,0.117,4.267,7.093
1423700957951,37.496996,139.920973,9,8.296,-0.021,4.439,7.142
1423700958052,37.497001,139.920975,9,8.421,0.173,4.407,7.192
1423700958153,37.497006,139.920977,9,8.453,0.1,4.33,7.242
1423700958254,37.497011,139.920979,9,8.304,0.157,4.215,7.293
1423700958354,37.497017,139.920981,9,8.321,0.284,4.306,7.343
1423700958455,37.497022,139.920983,9,8.398,0.254,4.346,7.395
1423700958551,37.497027,139.920985,9,8.275,0.182,4.244,7.444
1423700958651,37.497033,139.920987,9,8.242,0.199,4.172,7.495
1423700958752,37.497039,139.920989,8,8.283,0.08,4.246,7.5
1423700958853,37.497046,139.920991,8,8.363,0.029,4.337,7.5
1423700958953,37.497052,139.920993,8,8.274,0.03,4.31,7.5
1423700959054,37.497059,139.920995,8,8.286,0.043,4.339,7.5
1423700959155,37.497065,139.920997,8,8.211,0.029,4.274,7.5
1423700959255,37.497072,139.920999,8,8.182,-0.049,4.224,7.5
1423700959351,37.497078,139.921002,8,8.223,-0.012,4.377,7.5
1423700959452,37.497084,139.921004,8,8.356,-0.049,4.594,7.5
1423700959553,37.497091,139.921006,8,8.184,-0.017,4.469,7.5
1423700959653,37.497098,139.921008,8,8.249,-0.033,4.493,7.5
1423700959754,37.497104,139.921011,7,8.275,-0.018,4.534,7.476
1423700959855,37.49711,139.921015,7,8.194,-0.056,4.4,7.451
1423700959955,37.497116,139.921018,7,8.265,-0.032,4.507,7.425
1423700960051,37.497122,139.921022,7,8.258,-0.008,4.452,7.401
1423700960152,37.497128,139.921025,7,8.158,0.032,4.439,7.376
1423700960253,37.497134,139.921029,7,8.201,-0.1,4.417,7.351
1423700960353,37.49714,139.921032,7,8.276,-0.11,4.477,7.326
1423700960454,37.497147,139.921036,7,8.273,-0.075,4.481,7.301
1423700960555,37.497153,139.921039,7,8.151,-0.128,4.429,7.276
1423700960655,37.497159,139.921043,7,8.17,-0.045,4.374,7.251
1423700960751,37.497165,139.921046,7,8.271,-0.154,4.542,7.294
1423700960852,37.497172,139.921049,7,8.317,-0.256,4.595,7.343
1423700960953,37.497179,139.921052,7,8.158,-0.145,4.444,7.393
1423700961053,37.497186,139.921056,7,8.116,-0.106,4.369,7.443
1423700961154,37.497193,139.921059,7,8.102,-0.146,4.382,7.493
1423700961255,37.497201,139.921062,7,8.435,-0.128,4.625,7.543
1423700961355,37.497208,139.921066,7,8.471,-0.123,4.811,7.594
1423700961451,37.497215,139.921069,7,7.727,-0.019,4.033,7.643
1423700961552,37.497222,139.921072,7,8.073,0.083,4.37,7.694
1423700961652,37.497229,139.921076,7,8.449,0.045,4.76,7.746
1423700961753,37.497235,139.92108,9,8.476,-0.017,4.844,7.726
1423700961854,37.49724,139.921084,9,8.172,0.018,4.609,7.701
1423700961955,37.497246,139.921088,9,7.951,0.024,4.708,7.675
1423700962055,37.497251,139.921092,9,8.145,-0.113,4.487,7.65
1423700962151,37.497256,139.921095,9,8.165,-0.156,4.513,7.626
1423700962252,37.497262,139.921099,9,7.975,-0.198,4.559,7.601
1423700962352,37.497267,139.921103,9,8.003,-0.178,4.754,7.576
1423700962453,37.497272,139.921107,9,8.205,-0.107,4.942,7.551
1423700962554,37.497277,139.921111,9,8.165,-0.096,4.91,7.526
1423700962654,37.497283,139.921115,9,8.042,-0.116,4.838,7.501
1423700962755,37.497288,139.921117,9,7.98,-0.154,4.714,7.451
1423700962851,37.497294,139.921119,9,7.965,-0.106,4.703,7.402
1423700962952,37.497299,139.92112,9,8.097,-0.071,4.754,7.35
1423700963052,37.497305,139.921122,9,8.079,0.008,4.759,7.3
1423700963153,37.49731,139.921124,9,8.088,0.05,4.755,7.249
1423700963254,37.497316,139.921126,9,8.012,0.034,4.743,7.199
1423700963354,37.497321,139.921128,9,8.033,-0.036,4.698,7.149
1423700963455,37.497326,139.921129,9,8.083,-0.042,4.728,7.1
1423700963551,37.497331,139.921131,9,8.232,-0.063,4.806,7.053
1423700963652,37.497337,139.921133,9,8.109,-0.067,4.734,7.004
1423700963752,37.497343,139.921135,8,8.128,-0.066,4.691,7.0
1423700963853,37.497349,139.921136,8,8.088,-0.067,4.706,7.0
1423700963954,37.497355,139.921138,8,7.674,-0.087,4.191,7.0
1423700964054,37.497361,139.92114,8,8.024,-0.085,4.698,7.0
1423700964155,37.497367,139.921141,8,8.337,-0.002,4.699,7.0
1423700964251,37.497373,139.921143,8,8.383,0.004,4.855,7.0
1423700964351,37.497379,139.921145,8,8.189,-0.046,4.656,7.0
1423700964452,37.497385,139.921146,8,8.122,-0.058,4.49,7.0
1423700964553,37.497391,139.921148,8,8.182,-0.021,4.342,7.0
1423700964653,37.497398,139.92115,8,8.061,0.058,4.474,7.0
1423700964754,37.497407,139.921153,12,8.445,0.084,4.685,7.0
1423700964855,37.497417,139.921155,12,8.353,0.142,4.55,7.0
1423700964951,37.497426,139.921158,12,8.105,0.16,4.388,7.0
1423700965051,37.497436,139.921161,12,8.178,0.157,4.479,7.0
1423700965152,37.497446,139.921163,12,8.313,0.161,4.602,7.0
1423700965253,37.497456,139.921166,12,8.322,0.11,4.486,7.0
1423700965353,37.497465,139.921169,12,8.204,0.181,4.443,7.0
1423700965454,37.497475,139.921171,12,8.165,0.207,4.416,7.0
1423700965555,37.497485,139.921174,12,8.199,0.148,4.458,7.0
1423700965656,37.497495,139.921177,12,7.973,-0.013,4.29,7.0
1423700965751,37.497501,139.921179,12,8.088,-0.029,4.293,7.022
1423700965852,37.497507,139.921181,12,8.44,-0.061,4.702,7.047
1423700965953,37.497513,139.921182,12,8.347,0.017,4.761,7.072
1423700966053,37.49752,139.921184,12,8.175,0.076,4.627,7.097
1423700966154,37.497526,139.921186,12,7.948,0.092,4.346,7.122
1423700966255,37.497532,139.921188,12,7.896,-0.047,4.226,7.148
1423700966355,37.497539,139.92119,12,8.263,-0.107,4.383,7.173
1423700966451,37.497545,139.921192,12,8.519,-0.203,4.7,7.197
1423700966552,37.497551,139.921194,12,8.475,-0.282,4.788,7.223
1423700966653,37.497558,139.921196,12,8.05,-0.238,4.49,7.248
1423700966753,37.497563,139.921197,8,8.094,-0.147,4.498,7.25
1423700966854,37.497569,139.921199,8,8.125,-0.185,4.435,7.25
1423700966955,37.497575,139.9212,8,8.14,-0.252,4.352,7.25
1423700967055,37.497581,139.921202,8,8.206,-0.201,4.339,7.25
1423700967151,37.497586,139.921203,8,8.222,-0.207,4.513,7.25
1423700967252,37.497592,139.921204,8,8.243,-0.254,4.547,7.25
1423700967352,37.497598,139.921206,8,8.286,-0.209,4.632,7.25
1423700967453,37.497604,139.921207,8,8.281,-0.185,4.611,7.25
1423700967554,37.49761,139.921209,8,8.114,-0.077,4.43,7.25
1423700967655,37.497616,139.92121,8,8.171,0.023,4.488,7.25
1423700967755,37.497622,139.921211,8,8.164,0.121,4.477,7.25
1423700967851,37.497628,139.921211,8,8.121,0.148,4.588,7.25
1423700967957,37.497635,139.921212,8,8.03,0.0,4.565,7.25
1423700968052,37.497641,139.921213,8,8.048,-0.083,4.669,7.25
1423700968151,37.497647,139.921213,8,8.088,-0.11,4.706,7.25
1423700968254,37.497654,139.921214,8,8.114,-0.19,4.76,7.25
1423700968353,37.49766,139.921215,8,8.208,-0.161,4.787,7.25
1423700968455,37.497667,139.921216,8,8.165,-0.198,4.755,7.25
1423700968551,37.497673,139.921216,8,8.227,-0.151,4.831,7.25
1423700968652,37.497679,139.921217,8,8.084,-0.22,4.641,7.25
1423700968752,37.497686,139.921218,8,7.859,-0.212,4.334,7.25
1423700968853,37.497692,139.92122,8,7.738,0.063,4.177,7.25
1423700968954,37.497699,139.921222,8,8.31,0.065,4.609,7.25
1423700969054,37.497705,139.921223,8,8.471,-0.005,4.739,7.25
1423700969155,37.497711,139.921225,8,7.993,-0.047,4.329,7.25
1423700969251,37.497717,139.921226,8,8.022,-0.006,4.432,7.25
1423700969352,37.497724,139.921228,8,8.465,0.067,4.782,7.25
1423700969452,37.49773,139.92123,8,8.534,0.179,4.936,7.25
1423700969553,37.497736,139.921231,8,7.961,-0.002,4.201,7.25
1423700969654,37.497743,139.921233,8,8.096,0.087,4.371,7.25
1423700969754,37.497749,139.921234,8,8.208,0.03,4.511,7.176
1423700969855,37.497756,139.921234,8,8.202,-0.133,4.504,7.097
1423700969951,37.497762,139.921235,8,8.418,-0.139,4.664,7.023
1423700970051,37.497769,139.921235,8,8.419,0.041,4.798,6.947
1423700970152,37.497775,139.921236,8,8.216,-0.17,4.53,6.871
1423700970253,37.497782,139.921237,8,8.138,-0.188,4.448,6.795
1423700970354,37.497788,139.921237,8,8.009,-0.069,4.406,6.721
1423700970454,37.497794,139.921238,8,8.203,-0.131,4.5,6.648
1423700970555,37.497801,139.921238,8,8.226,-0.106,4.392,6.575
1423700970651,37.497806,139.921239,8,7.944,0.079,4.233,6.506
1423700970751,37.497812,139.92124,8,8.094,0.066,4.482,6.5
1423700970852,37.497818,139.921242,8,8.321,-0.072,4.591,6.5
1423700970953,37.497824,139.921243,8,8.523,-0.032,4.85,6.5
1423700971053,37.49783,139.921245,8,8.203,-0.145,4.601,6.5
1423700971154,37.497836,139.921246,8,8.022,-0.118,4.276,6.5
1423700971255,37.497842,139.921247,8,8.155,-0.157,4.449,6.5
1423700971351,37.497847,139.921249,8,8.453,-0.025,4.498,6.5
1423700971451,37.497853,139.92125,8,8.321,-0.121,4.568,6.5
1423700971552,37.497859,139.921251,8,8.177,-0.226,4.421,6.5
1423700971653,37.497865,139.921253,8,8.05,-0.169,4.353,6.5
1423700971753,37.49787,139.921254,7,8.205,-0.092,4.481,6.5
1423700971854,37.497875,139.921256,7,8.473,-0.06,4.716,6.5
1423700971955,37.497881,139.921257,7,8.413,-0.099,4.767,6.5
1423700972051,37.497886,139.921258,7,8.068,-0.049,4.4,6.5
1423700972151,37.497891,139.921259,7,7.685,-0.012,3.907,6.5
1423700972252,37.497896,139.921261,7,8.136,-0.061,4.446,6.5
1423700972353,37.497902,139.921262,7,8.525,-0.055,4.931,6.5
1423700972453,37.497907,139.921263,7,8.429,-0.046,4.761,6.5
1423700972554,37.497912,139.921265,7,8.051,-0.078,4.518,6.5
1423700972655,37.497918,139.921266,7,7.995,-0.013,4.468,6.5
1423700972755,37.497923,139.921268,7,7.9,-0.031,4.327,6.5
1423700972851,37.497929,139.92127,7,8.382,-0.081,4.472,6.5
1423700972952,37.497935,139.921273,7,8.458,-0.086,4.534,6.5
1423700973052,37.49794,139.921275,7,8.339,-0.067,4.528,6.5
1423700973153,37.497946,139.921277,7,8.156,-0.098,4.48,6.5
1423700973254,37.497952,139.92128,7,8.222,-0.055,4.473,6.5
1423700973355,37.497958,139.921282,7,8.258,-0.087,4.488,6.5
1423700973455,37.497963,139.921284,7,8.078,-0.155,4.394,6.5
1423700973551,37.497969,139.921286,7,8.018,-0.176,4.419,6.5
1423700973652,37.497975,139.921289,7,8.108,-0.134,4.497,6.5
1423700973752,37.49798,139.921291,7,8.142,-0.125,4.579,6.5
1423700973853,37.497985,139.921292,7,8.156,-0.137,4.605,6.5
1423700973954,37.49799,139.921294,7,8.122,-0.1,4.594,6.5
1423700974055,37.497995,139.921296,7,7.939,-0.146,4.39,6.5
1423700974155,37.498,139.921298,7,8.085,-0.148,4.704,6.5
1423700974251,37.498005,139.9213,7,8.103,-0.131,4.812,6.5
1423700974352,37.49801,139.921301,7,8.21,-0.041,5.021,6.5
1423700974452,37.498015,139.921303,7,7.752,-0.075,4.504,6.5
1423700974553,37.49802,139.921305,7,7.67,-0.051,4.379,6.5
1423700974654,37.498025,139.921307,7,8.204,-0.162,4.546,6.5
1423700974754,37.49803,139.921309,8,8.406,-0.183,4.816,6.5
1423700974855,37.498036,139.921311,8,8.166,-0.125,4.844,6.5
1423700974951,37.498042,139.921313,8,8.022,-0.061,4.886,6.5
1423700975052,37.498047,139.921314,8,8.1,-0.116,4.984,6.5
1423700975152,37.498053,139.921316,8,8.203,-0.269,4.858,6.5
1423700975253,37.498059,139.921318,8,8.039,-0.324,4.536,6.5
1423700975354,37.498065,139.92132,8,8.002,-0.316,4.476,6.5
1423700975454,37.49807,139.921322,8,8.103,-0.241,4.657,6.5
1423700975555,37.498076,139.921324,8,8.106,-0.22,4.691,6.5
1423700975651,37.498081,139.921326,8,8.045,-0.141,4.655,6.5
1423700975752,37.498089,139.921325,10,8.111,-0.115,4.691,6.477
1423700975852,37.498096,139.921324,10,8.05,-0.184,4.646,6.451
1423700975953,37.498104,139.921322,10,8.022,-0.245,4.547,6.426
1423700976054,37.498111,139.921321,10,8.229,-0.257,4.586,6.4
1423700976154,37.498118,139.92132,10,8.45,-0.208,4.71,6.375
1423700976255,37.498126,139.921319,10,7.992,-0.003,4.307,6.35
1423700976351,37.498133,139.921318,10,7.975,0.139,4.374,6.326
1423700976451,37.49814,139.921316,10,8.245,0.32,4.472,6.301
1423700976552,37.498147,139.921315,10,8.614,0.179,4.856,6.277
1423700976653,37.498154,139.921314,10,8.298,-0.115,4.575,6.252
1423700976754,37.498161,139.921314,10,7.85,-0.301,3.995,6.25
1423700976854,37.498167,139.921315,10,8.086,-0.151,4.314,6.25
1423700976955,37.498173,139.921315,10,8.423,-0.125,4.665,6.25
1423700977051,37.498178,139.921316,10,8.501,-0.028,4.726,6.25
1423700977151,37.498184,139.921316,10,8.3,-0.003,4.413,6.25
1423700977252,37.498191,139.921316,10,7.863,-0.005,4.048,6.25
1423700977353,37.498197,139.921317,10,7.7,0.059,3.864,6.25
1423700977454,37.498203,139.921317,10,8.486,-0.048,4.659,6.25
1423700977554,37.498209,139.921318,10,8.989,-0.121,5.173,6.25
1423700977655,37.498215,139.921318,10,8.239,-0.14,4.445,6.25
1423700977751,37.49822,139.921319,6,8.012,-0.054,4.136,6.272
1423700977851,37.498226,139.921321,6,8.135,-0.11,4.346,6.297
1423700977952,37.498231,139.921323,6,8.178,-0.124,4.43,6.322
1423700978053,37.498237,139.921324,6,8.056,-0.056,4.259,6.347
1423700978153,37.498243,139.921326,6,8.275,0.038,4.28,6.372
1423700978254,37.498249,139.921327,6,8.077,-0.01,4.21,6.397
1423700978355,37.498254,139.921329,6,8.023,-0.075,4.317,6.423
1423700978456,37.49826,139.921331,6,8.422,-0.092,4.76,6.448
1423700978551,37.498266,139.921332,6,8.884,-0.248,5.139,6.472
1423700978652,37.498272,139.921334,6,8.536,-0.083,4.772,6.498
1423700978753,37.498277,139.921336,6,7.874,-0.031,4.198,6.545
1423700978853,37.498283,139.921338,6,7.91,0.013,4.124,6.594
1423700978954,37.498289,139.92134,6,8.268,0.055,4.328,6.643
1423700979055,37.498294,139.921342,6,8.488,0.077,4.514,6.693
1423700979156,37.4983,139.921344,6,8.383,0.047,4.49,6.743
1423700979251,37.498306,139.921346,6,8.303,0.233,4.443,6.791
1423700979352,37.498312,139.921348,6,8.427,0.254,4.568,6.842
1423700979453,37.498318,139.921351,6,8.238,0.239,4.566,6.893
1423700979553,37.498324,139.921353,6,8.248,0.296,4.39,6.945
1423700979654,37.49833,139.921355,6,8.283,0.214,4.333,6.997
1423700979755,37.498336,139.921357,6,8.545,0.257,4.591,6.925
1423700979855,37.498342,139.92136,6,8.119,0.06,4.533,6.847
1423700979951,37.498348,139.921362,6,8.179,-0.015,4.445,6.773
1423700980052,37.498354,139.921364,6,7.999,0.082,4.269,6.696
1423700980153,37.49836,139.921367,6,8.25,0.022,4.48,6.62
1423700980253,37.498366,139.921369,6,7.936,0.039,4.469,6.545
1423700980354,37.498372,139.921371,6,8.079,-0.052,4.501,6.47
1423700980455,37.498377,139.921373,6,8.001,-0.004,4.57,6.397
1423700980555,37.498383,139.921376,6,7.981,-0.199,4.84,6.325
1423700980651,37.498388,139.921378,6,8.219,-0.336,4.81,6.256
1423700980752,37.498394,139.92138,6,8.08,0.297,4.776,6.25
1423700980852,37.4984,139.921381,6,7.836,0.147,4.667,6.25
1423700980953,37.498406,139.921383,6,8.126,0.17,4.742,6.25
1423700981054,37.498411,139.921385,6,8.196,0.184,4.728,6.25
1423700981154,37.498417,139.921386,6,8.274,0.198,4.753,6.25
1423700981255,37.498423,139.921388,6,8.155,0.185,4.837,6.25
1423700981351,37.498428,139.92139,6,8.023,0.216,4.72,6.25
1423700981452,37.498434,139.921391,6,7.966,0.173,4.789,6.25
1423700981552,37.49844,139.921393,6,7.951,0.131,4.832,6.25
1423700981653,37.498446,139.921395,6,8.059,0.064,4.914,6.25
1423700981754,37.49845,139.921394,11,7.96,-0.018,5.033,6.149
1423700981854,37.498453,139.921393,11,7.793,0.064,4.889,6.042
1423700981955,37.498457,139.921392,11,8.044,0.09,5.163,5.937
1423700982056,37.498461,139.921391,11,8.023,0.258,5.196,5.833
1423700982152,37.498464,139.92139,11,7.928,0.126,5.0,5.736
1423700982251,37.498467,139.921389,11,7.854,0.065,5.069,5.638
1423700982353,37.498471,139.921388,11,7.846,0.11,5.325,5.538
1423700982452,37.498474,139.921387,11,7.697,0.065,5.515,5.444
1423700982554,37.498478,139.921386,11,7.529,0.079,5.472,5.348
1423700982653,37.498481,139.921385,11,7.646,0.11,5.726,5.256
1423700982751,37.498487,139.921386,11,7.728,0.088,5.891,5.272
1423700982851,37.498493,139.921387,11,7.502,-0.027,5.908,5.297
1423700982952,37.498499,139.921388,11,7.524,-0.115,5.835,5.322
1423700983053,37.498506,139.921388,11,7.458,-0.04,5.771,5.347
1423700983154,37.498512,139.921389,11,7.529,0.009,5.793,5.372
1423700983254,37.498519,139.92139,11,7.385,-0.039,5.756,5.397
1423700983355,37.498525,139.921391,11,7.463,-0.131,5.719,5.423
1423700983451,37.498531,139.921392,11,7.552,-0.191,5.699,5.447
1423700983551,37.498538,139.921393,11,7.581,-0.225,5.688,5.472
1423700983652,37.498544,139.921394,11,7.704,-0.3,5.82,5.498
1423700983753,37.498549,139.921395,8,7.264,-0.44,5.471,5.309
1423700983853,37.498554,139.921396,8,7.137,-0.57,5.168,5.111
1423700983954,37.498558,139.921398,8,7.562,-0.681,5.515,4.917
1423700984055,37.498563,139.921399,8,7.898,-0.774,5.879,4.73
1423700984151,37.498567,139.9214,8,7.634,-0.901,5.589,4.558
1423700984251,37.49857,139.921401,8,7.711,-0.882,5.753,4.386
1423700984352,37.498574,139.921402,8,7.831,-0.85,5.942,4.218
1423700984453,37.498578,139.921403,8,7.397,-0.893,5.42,4.058
1423700984553,37.498581,139.921404,8,7.316,-0.64,5.235,3.906
1423700984654,37.498585,139.921405,8,7.728,-0.609,5.513,3.759
1423700984755,37.498588,139.921407,7,7.885,-0.725,5.763,3.726
1423700984851,37.49859,139.921409,7,7.897,-1.002,5.75,3.701
1423700984951,37.498593,139.92141,7,7.65,-1.196,5.371,3.675
1423700985052,37.498595,139.921412,7,7.508,-1.346,5.054,3.65
1423700985153,37.498598,139.921414,7,7.528,-1.454,4.922,3.625
1423700985253,37.498601,139.921416,7,7.725,-1.563,4.95,3.6
1423700985354,37.498603,139.921418,7,7.585,-1.964,4.88,3.575
1423700985455,37.498606,139.921419,7,7.725,-1.884,5.077,3.55
1423700985555,37.498608,139.921421,7,7.678,-1.674,5.099,3.525
1423700985651,37.498611,139.921423,7,7.439,-1.726,4.968,3.502
1423700985752,37.498612,139.921427,7,7.754,-1.551,5.335,3.522
1423700985853,37.498613,139.921432,7,8.229,-1.339,5.991,3.547
1423700985953,37.498614,139.921437,7,7.979,-1.137,5.722,3.571
1423700986054,37.498615,139.921442,7,7.843,-0.904,5.736,3.596
1423700986155,37.498616,139.921447,7,7.486,-0.875,5.653,3.622
1423700986255,37.498617,139.921452,7,7.308,-0.851,5.246,3.647
1423700986351,37.498618,139.921457,7,7.863,-0.881,5.217,3.671
1423700986452,37.498619,139.921462,7,8.377,-1.165,4.657,3.697
1423700986552,37.49862,139.921467,7,8.279,-1.49,4.13,3.722
1423700986653,37.498621,139.921473,7,8.398,-1.752,4.15,3.748
1423700986754,37.498623,139.921476,8,8.289,-1.736,4.228,3.75
1423700986855,37.498625,139.92148,8,8.077,-1.767,4.336,3.75
1423700986955,37.498627,139.921483,8,8.049,-1.811,4.361,3.75
1423700987051,37.498628,139.921486,8,8.129,-1.975,4.405,3.75
1423700987152,37.49863,139.92149,8,8.292,-1.764,4.451,3.75
1423700987252,37.498632,139.921493,8,8.559,-1.887,4.897,3.75
1423700987353,37.498634,139.921497,8,8.143,-1.973,4.514,3.75
1423700987454,37.498636,139.9215,8,7.853,-1.772,4.192,3.75
1423700987555,37.498638,139.921503,8,8.097,-1.667,4.266,3.75
1423700987655,37.49864,139.921507,8,8.281,-1.861,4.495,3.75
1423700987751,37.498637,139.921508,8,8.03,-1.983,4.19,3.702
1423700987852,37.498633,139.92151,8,7.782,-1.856,4.15,3.648
1423700987952,37.498629,139.921512,8,7.984,-1.371,4.253,3.597
1423700988053,37.498626,139.921513,8,8.16,-1.093,4.405,3.545
1423700988154,37.498622,139.921515,8,8.116,-1.275,4.352,3.494
1423700988254,37.498619,139.921516,8,8.13,-1.359,4.412,3.444
1423700988351,37.498615,139.921518,8,8.241,-1.302,4.582,3.397
1423700988451,37.498612,139.921519,8,7.989,-1.294,4.45,3.349
1423700988552,37.498609,139.92152,8,7.894,-1.3,4.482,3.301
1423700988652,37.498605,139.921522,8,8.168,-1.089,4.646,3.254
1423700988753,37.498603,139.921526,8,8.309,-0.943,4.948,3.272
1423700988854,37.498601,139.92153,8,8.183,-0.866,5.114,3.297
1423700988954,37.4986,139.921533,8,7.77,-0.957,4.764,3.322
1423700989055,37.498598,139.921537,8,7.956,-0.643,4.881,3.347
1423700989151,37.498596,139.921541,8,8.407,-0.41,5.363,3.37
1423700989251,37.498594,139.921545,8,8.006,-0.542,4.953,3.396
1423700989352,37.498592,139.921549,8,7.569,-0.615,4.477,3.421
1423700989453,37.49859,139.921553,8,7.631,-0.771,4.468,3.447
1423700989554,37.498588,139.921558,8,7.944,-1.029,4.545,3.473
1423700989654,37.498586,139.921562,8,8.487,-0.8,4.938,3.498
1423700989755,37.498586,139.921565,7,8.686,-0.489,4.588,3.565
1423700989851,37.498587,139.921569,7,8.556,-0.275,3.847,3.632
1423700989951,37.498587,139.921572,7,8.41,-0.194,3.301,3.703
1423700990052,37.498587,139.921576,7,8.795,0.061,3.458,3.777
1423700990153,37.498588,139.921579,7,8.827,0.351,3.47,3.852
1423700990253,37.498588,139.921583,7,8.552,0.499,3.222,3.927
1423700990354,37.498589,139.921587,7,8.836,0.713,3.361,4.005
1423700990455,37.498589,139.921591,7,9.125,0.598,3.716,4.084
1423700990551,37.49859,139.921595,7,8.94,0.236,3.667,4.161
1423700990651,37.49859,139.921599,7,8.609,0.086,3.046,4.243
1423700990752,37.498588,139.921604,7,8.446,-0.08,2.63,4.314
1423700990853,37.498585,139.92161,7,8.809,0.179,3.672,4.385
1423700990953,37.498583,139.921616,7,9.02,-0.323,3.81,4.457
1423700991054,37.49858,139.921622,7,8.603,-0.557,3.134,4.531
1423700991155,37.498578,139.921628,7,8.564,-0.243,3.063,4.606
1423700991256,37.498575,139.921635,7,8.734,0.097,3.196,4.682
1423700991351,37.498572,139.921641,7,8.722,0.304,3.411,4.755
1423700991452,37.49857,139.921647,7,8.603,0.277,3.524,4.834
1423700991553,37.498567,139.921654,7,8.696,-0.01,3.49,4.914
1423700991653,37.498564,139.921661,7,8.502,0.065,3.172,4.994
1423700991754,37.498562,139.921665,6,8.534,-0.092,3.385,5.066
1423700991855,37.498561,139.92167,6,8.635,-0.228,3.549,5.138
1423700991955,37.498559,139.921674,6,8.801,-0.309,3.676,5.21
1423700992051,37.498557,139.921679,6,8.745,-0.247,3.705,5.281
1423700992152,37.498555,139.921683,6,8.74,-0.079,3.711,5.356
1423700992252,37.498554,139.921688,6,8.481,-0.071,3.628,5.431
1423700992353,37.498552,139.921693,6,8.46,-0.046,3.668,5.509
1423700992454,37.49855,139.921698,6,8.574,-0.005,3.72,5.587
1423700992555,37.498548,139.921703,6,8.738,0.064,3.904,5.666
1423700992655,37.498546,139.921708,6,8.617,-0.091,3.876,5.746
1423700992751,37.498544,139.921713,6,8.704,-0.162,3.954,5.772
1423700992852,37.498543,139.921719,6,8.525,-0.236,3.888,5.797
1423700992952,37.498541,139.921725,6,8.39,-0.198,3.815,5.822
1423700993053,37.498539,139.921731,6,8.3,-0.136,3.666,5.847
1423700993154,37.498538,139.921737,6,8.478,-0.238,3.948,5.872
1423700993255,37.498536,139.921743,6,8.321,-0.117,4.073,5.897
1423700993355,37.498534,139.921749,6,8.165,-0.046,4.183,5.923
1423700993451,37.498533,139.921754,6,8.155,-0.098,4.4,5.947
1423700993552,37.498531,139.921761,6,8.25,-0.232,4.673,5.972
1423700993652,37.498529,139.921767,6,8.436,-0.271,4.817,5.998
1423700993753,37.498527,139.921774,6,8.192,-0.231,4.586,6.0
1423700993854,37.498524,139.921782,6,7.978,-0.269,4.494,6.0
1423700993955,37.498521,139.921789,6,8.277,-0.175,4.63,6.0
1423700994055,37.498519,139.921797,6,8.292,-0.205,4.681,6.0
1423700994151,37.498516,139.921804,6,8.147,-0.206,4.553,6.0
1423700994252,37.498514,139.921811,6,7.987,-0.095,4.335,6.0
1423700994352,37.498511,139.921819,6,8.22,-0.12,4.632,6.0
1423700994454,37.498508,139.921827,6,8.331,-0.138,4.779,6.0
1423700994554,37.498506,139.921834,6,8.187,-0.164,4.589,6.0
1423700994654,37.498503,139.921842,6,8.12,-0.219,4.54,6.0
1423700994755,37.498502,139.921848,6,8.084,-0.2,4.538,6.0
1423700994851,37.498502,139.921854,6,8.067,-0.138,4.571,6.0
1423700994952,37.498501,139.921861,6,8.378,-0.153,4.565,6.0
1423700995052,37.4985,139.921867,6,8.511,-0.181,4.358,6.0
1423700995153,37.4985,139.921874,6,8.431,-0.086,4.026,6.0
1423700995254,37.498499,139.921881,6,8.302,0.001,3.702,6.0
1423700995354,37.498498,139.921887,6,8.575,-0.009,3.696,6.0
1423700995455,37.498497,139.921894,6,8.53,0.007,3.662,6.0
1423700995551,37.498497,139.9219,6,8.51,-0.041,3.731,6.0
1423700995651,37.498496,139.921906,6,8.527,-0.024,3.793,6.0
1423700995752,37.498496,139.921913,6,8.446,0.03,3.99,6.0
1423700995853,37.498497,139.921919,6,8.493,-0.054,4.14,6.0
1423700995954,37.498497,139.921926,6,8.369,-0.039,4.307,6.0
1423700996054,37.498498,139.921932,6,8.279,-0.094,4.42,6.0
1423700996155,37.498498,139.921938,6,8.102,-0.26,4.347,6.0
1423700996251,37.498499,139.921944,6,8.003,-0.254,4.565,6.0
1423700996356,37.498499,139.921951,6,8.259,-0.212,4.829,6.0
1423700996452,37.4985,139.921957,6,8.306,-0.052,4.861,6.0
1423700996551,37.4985,139.921963,6,8.034,-0.116,4.693,6.0
1423700996653,37.498501,139.92197,6,7.849,-0.059,4.451,6.0
1423700996752,37.4985,139.921976,6,7.895,-0.058,4.528,6.0
1423700996855,37.498498,139.921984,6,8.157,-0.159,4.701,6.0
1423700996951,37.498497,139.92199,6,8.252,-0.342,4.757,6.0
1423700997051,37.498496,139.921997,6,8.216,-0.427,4.693,6.0
1423700997152,37.498495,139.922004,6,8.002,-0.43,4.549,6.0
1423700997253,37.498493,139.922012,6,8.184,-0.356,4.716,6.0
1423700997353,37.498492,139.922019,6,8.188,-0.23,4.739,6.0
1423700997454,37.498491,139.922026,6,8.135,-0.198,4.665,6.0
1423700997555,37.498489,139.922033,6,8.241,-0.151,4.519,6.0
1423700997656,37.498488,139.92204,6,8.179,-0.159,4.437,6.0
1423700997751,37.498487,139.922046,4,8.068,-0.257,4.426,5.977
1423700997852,37.498486,139.922053,4,8.278,-0.353,4.589,5.951
1423700997953,37.498485,139.92206,4,8.319,-0.324,4.599,5.926
1423700998053,37.498484,139.922067,4,7.971,-0.3,4.354,5.9
1423700998154,37.498483,139.922073,4,8.047,-0.353,4.402,5.875
1423700998255,37.498481,139.92208,4,8.302,-0.338,4.48,5.85
1423700998355,37.49848,139.922087,4,8.259,-0.339,4.696,5.825
1423700998451,37.498479,139.922093,4,8.347,-0.229,4.392,5.801
1423700998552,37.498478,139.9221,4,8.219,-0.148,4.245,5.776
1423700998653,37.498477,139.922107,4,8.042,-0.127,4.176,5.752
1423700998753,37.498475,139.922114,5,8.688,-0.338,4.476,5.726
1423700998854,37.498474,139.922121,5,8.368,-0.421,4.288,5.701
1423700998955,37.498472,139.922129,5,8.192,-0.277,3.927,5.675
1423700999055,37.498471,139.922136,5,8.243,-0.311,4.159,5.65
1423700999151,37.498469,139.922143,5,8.541,-0.5,4.439,5.626
1423700999252,37.498467,139.92215,5,8.724,-0.317,4.545,5.601
1423700999353,37.498466,139.922157,5,8.457,-0.172,4.289,5.576
1423700999453,37.498464,139.922164,5,8.441,-0.241,4.183,5.551
1423700999554,37.498463,139.922172,5,8.321,-0.075,4.325,5.526
1423700999655,37.498461,139.922179,5,8.277,-0.248,3.991,5.501
1423700999755,37.49846,139.922184,5,8.333,-0.4,4.218,5.476
1423700999851,37.498459,139.92219,5,8.52,-0.275,4.386,5.451
1423700999952,37.498458,139.922195,5,8.81,-0.213,4.651,5.426
1423701000052,37.498457,139.922201,5,8.404,-0.538,4.402,5.401
1423701000153,37.498457,139.922206,5,7.771,-0.342,3.96,5.375
1423701000254,37.498456,139.922212,5,7.206,-0.008,3.757,5.35
1423701000355,37.498455,139.922217,5,7.762,-0.15,4.093,5.325
1423701000456,37.498454,139.922223,5,8.252,-0.181,4.521,5.3
1423701000551,37.498453,139.922228,5,8.223,0.017,4.551,5.277
1423701000652,37.498452,139.922234,5,8.025,0.137,4.227,5.252
1423701000752,37.49845,139.922239,5,8.181,-0.103,4.477,5.315
1423701000853,37.498449,139.922244,5,8.534,-0.348,4.768,5.387
1423701000954,37.498447,139.92225,5,8.635,-0.551,4.812,5.46
1423701001054,37.498445,139.922256,5,8.312,-0.61,4.349,5.534
1423701001155,37.498443,139.922261,5,8.007,-0.4,4.107,5.609
1423701001251,37.498441,139.922267,5,8.082,-0.183,4.26,5.681
1423701001351,37.498439,139.922273,5,8.367,-0.098,4.456,5.758
1423701001452,37.498437,139.922279,5,8.341,-0.092,4.383,5.836
1423701001553,37.498435,139.922285,5,8.275,-0.185,4.155,5.915
1423701001654,37.498433,139.922291,5,8.163,-0.37,4.187,5.995
1423701001754,37.498431,139.922297,5,8.416,-0.443,4.376,6.0
1423701001855,37.498429,139.922303,5,8.34,-0.441,4.337,6.0
1423701001951,37.498427,139.92231,5,8.298,-0.502,4.237,6.0
1423701002051,37.498425,139.922316,5,8.309,-0.407,4.304,6.0
1423701002152,37.498423,139.922322,5,8.204,-0.47,4.166,6.0
1423701002253,37.498421,139.922329,5,8.19,-0.424,4.152,6.0
1423701002354,37.498419,139.922335,5,8.373,-0.43,4.299,6.0
1423701002454,37.498417,139.922342,5,8.44,-0.568,4.447,6.0
1423701002555,37.498415,139.922348,5,8.172,-0.582,4.217,6.0
1423701002651,37.498413,139.922354,5,8.05,-0.599,4.172,6.0
1423701002751,37.498412,139.922361,6,8.285,-0.552,4.294,5.953
1423701002852,37.49841,139.922368,6,8.37,-0.434,4.357,5.901
1423701002953,37.498409,139.922374,6,8.357,-0.359,4.258,5.849
1423701003053,37.498408,139.922381,6,8.275,-0.434,4.181,5.798
1423701003154,37.498406,139.922387,6,8.314,-0.478,4.261,5.748
1423701003255,37.498405,139.922394,6,8.348,-0.391,4.273,5.697
1423701003351,37.498404,139.9224,6,8.374,-0.232,4.175,5.65
1423701003451,37.498403,139.922406,6,8.419,-0.219,4.201,5.601
1423701003552,37.498401,139.922412,6,8.636,-0.297,4.269,5.552
1423701003653,37.4984,139.922419,6,8.409,-0.367,4.068,5.503
1423701003753,37.4984,139.922424,8,8.396,-0.285,3.957,5.5
1423701003854,37.498399,139.922429,8,8.366,-0.156,4.085,5.5
1423701003955,37.498399,139.922434,8,8.465,-0.185,3.924,5.5
1423701004056,37.498398,139.922439,8,8.509,-0.1,3.935,5.5
1423701004151,37.498398,139.922444,8,8.547,-0.123,3.962,5.5
1423701004252,37.498398,139.922449,8,8.555,-0.122,4.117,5.5
1423701004353,37.498397,139.922454,8,8.497,-0.142,4.085,5.5
1423701004453,37.498397,139.922459,8,8.323,-0.235,3.899,5.5
1423701004554,37.498396,139.922465,8,8.37,-0.158,3.92,5.5
1423701004655,37.498396,139.92247,8,8.622,-0.076,3.992,5.5
1423701004755,37.498395,139.922476,8,8.444,-0.143,3.837,5.5
1423701004851,37.498394,139.922482,8,8.672,-0.177,3.981,5.5
1423701004952,37.498393,139.922488,8,8.77,-0.055,4.238,5.5
1423701005053,37.498392,139.922495,8,8.533,0.015,4.183,5.5
1423701005153,37.498391,139.922501,8,8.485,-0.131,4.182,5.5
1423701005254,37.498389,139.922507,8,8.461,-0.142,4.117,5.5
1423701005355,37.498388,139.922514,8,7.98,0.037,3.921,5.5
1423701005455,37.498387,139.92252,8,7.97,0.045,3.803,5.5
1423701005551,37.498386,139.922526,8,8.463,-0.061,4.254,5.5
1423701005652,37.498385,139.922532,8,8.511,-0.137,4.474,5.5
1423701005752,37.498383,139.92254,8,8.254,-0.082,4.259,5.565
1423701005853,37.498381,139.922547,8,7.959,0.004,3.981,5.637
1423701005954,37.498379,139.922555,8,8.115,0.006,4.251,5.711
1423701006055,37.498377,139.922563,8,8.301,-0.063,4.393,5.785
1423701006155,37.498375,139.92257,8,8.561,-0.254,4.392,5.859
1423701006251,37.498373,139.922578,8,8.305,-0.29,4.313,5.932
1423701006352,37.498371,139.922586,8,8.05,-0.149,4.157,6.009
1423701006452,37.498369,139.922594,8,8.423,-0.167,4.558,6.086
1423701006554,37.498367,139.922602,8,8.366,-0.026,4.432,6.166
1423701006654,37.498365,139.92261,8,7.978,0.034,4.015,6.245
1423701006754,37.498363,139.922618,7,8.233,-0.101,4.212,6.273
1423701006855,37.49836,139.922625,7,8.186,-0.155,4.252,6.298
1423701006951,37.498357,139.922633,7,8.204,-0.204,4.246,6.322
1423701007052,37.498355,139.92264,7,8.197,-0.264,4.229,6.347
1423701007152,37.498352,139.922648,7,8.149,-0.167,4.256,6.372
1423701007253,37.498349,139.922655,7,8.231,-0.142,4.279,6.397
1423701007354,37.498346,139.922663,7,8.348,-0.296,4.323,6.422
1423701007454,37.498344,139.92267,7,8.285,-0.217,4.183,6.448
1423701007555,37.498341,139.922678,7,8.344,-0.131,4.261,6.473
1423701007651,37.498338,139.922685,7,8.317,-0.26,4.309,6.498
1423701007752,37.498338,139.922691,8,8.184,-0.403,4.151,6.477
1423701007852,37.498337,139.922696,8,8.556,-0.397,4.366,6.451
1423701007953,37.498337,139.922701,8,8.542,-0.375,4.388,6.426
1423701008054,37.498336,139.922706,8,8.427,-0.322,4.282,6.4
1423701008154,37.498336,139.922711,8,8.283,-0.185,4.181,6.375
1423701008255,37.498336,139.922717,8,8.237,-0.088,4.096,6.35
1423701008351,37.498335,139.922721,8,8.37,-0.175,4.206,6.326
1423701008451,37.498335,139.922727,8,8.707,-0.331,4.395,6.301
1423701008552,37.498334,139.922732,8,8.357,-0.163,4.081,6.277
1423701008653,37.498334,139.922737,8,8.201,-0.148,4.045,6.252
1423701008754,37.498332,139.922743,8,8.313,-0.183,4.128,6.25
1423701008854,37.498331,139.92275,8,8.259,-0.18,4.094,6.25
1423701008955,37.498329,139.922757,8,8.455,-0.157,4.225,6.25
1423701009051,37.498328,139.922763,8,8.606,-0.222,4.435,6.25
1423701009151,37.498326,139.92277,8,8.587,-0.147,4.517,6.25
1423701009252,37.498325,139.922777,8,8.196,-0.108,4.089,6.25
1423701009353,37.498323,139.922783,8,8.267,-0.103,4.174,6.25
1423701009453,37.498321,139.92279,8,8.44,-0.28,4.295,6.25
1423701009554,37.49832,139.922797,8,8.372,-0.375,4.174,6.25
1423701009655,37.498318,139.922804,8,8.163,-0.317,3.837,6.25
1423701009756,37.498315,139.922812,9,8.313,-0.313,4.16,6.25
1423701009851,37.498312,139.922819,9,8.487,-0.325,4.503,6.25
1423701009952,37.498308,139.922827,9,8.493,-0.278,4.44,6.25
1423701010053,37.498305,139.922835,9,8.178,-0.379,4.216,6.25
1423701010153,37.498301,139.922843,9,8.269,-0.427,4.293,6.25
1423701010254,37.498298,139.922852,9,8.348,-0.397,4.392,6.25
1423701010355,37.498294,139.92286,9,8.31,-0.446,4.251,6.25
1423701010456,37.498291,139.922868,9,8.331,-0.561,4.297,6.25
1423701010551,37.498288,139.922875,9,8.405,-0.325,4.505,6.25
1423701010657,37.498284,139.922884,9,8.43,-0.024,4.47,6.25
1423701010753,37.498281,139.922893,10,8.12,-0.059,4.172,6.25
1423701010852,37.498278,139.922902,10,7.985,-0.024,4.207,6.25
1423701010954,37.498274,139.922911,10,8.072,-0.028,4.359,6.25
1423701011053,37.498271,139.922921,10,8.348,-0.106,4.863,6.25
1423701011155,37.498268,139.92293,10,8.174,-0.201,4.844,6.25
1423701011251,37.498264,139.922939,10,7.872,-0.197,4.514,6.25
1423701011352,37.498261,139.922948,10,7.716,-0.095,4.383,6.25
1423701011453,37.498258,139.922958,10,7.898,-0.193,4.471,6.25
1423701011553,37.498255,139.922967,10,7.992,-0.441,4.704,6.25
1423701011654,37.498251,139.922976,10,8.335,-0.418,4.956,6.25
1423701011755,37.498251,139.922982,10,8.285,-0.214,4.816,6.226
1423701011855,37.498251,139.922987,10,8.003,-0.392,4.74,6.2
1423701011951,37.498251,139.922991,10,7.731,-0.201,4.359,6.176
1423701012052,37.498251,139.922996,10,7.807,-0.052,4.484,6.151
1423701012152,37.49825,139.923001,10,8.179,-0.071,4.789,6.126
1423701012253,37.49825,139.923006,10,8.312,-0.269,4.815,6.101
1423701012354,37.49825,139.923011,10,8.156,-0.305,4.777,6.075
1423701012455,37.49825,139.923016,10,8.018,-0.066,4.674,6.05
1423701012555,37.49825,139.923021,10,8.064,0.124,4.855,6.026
1423701012651,37.49825,139.923026,10,8.045,0.065,4.814,6.002
1423701012752,37.498248,139.923033,9,8.376,-0.157,4.836,5.977
1423701012852,37.498245,139.923041,9,8.244,-0.095,4.68,5.951
1423701012953,37.498243,139.923049,9,8.048,-0.217,4.672,5.926
1423701013054,37.49824,139.923058,9,8.06,-0.205,4.713,5.9
1423701013154,37.498238,139.923065,9,8.052,-0.151,4.68,5.875
1423701013255,37.498236,139.923073,9,8.038,-0.058,4.702,5.85
1423701013351,37.498233,139.923081,9,8.127,0.059,4.819,5.826
1423701013452,37.498231,139.923089,9,8.14,-0.076,4.814,5.801
1423701013552,37.498229,139.923097,9,8.139,-0.284,4.78,5.776
1423701013653,37.498226,139.923104,9,7.954,-0.227,4.561,5.752
1423701013754,37.498224,139.923111,8,8.022,-0.152,4.587,5.726
1423701013854,37.498222,139.923118,8,8.1,-0.255,4.66,5.701
1423701013955,37.49822,139.923124,8,8.094,-0.307,4.754,5.675
1423701014051,37.498218,139.923131,8,8.135,-0.204,4.618,5.651
1423701014151,37.498216,139.923137,8,8.009,-0.171,4.645,5.626
1423701014252,37.498214,139.923144,8,8.163,-0.252,4.83,5.601
1423701014353,37.498212,139.92315,8,8.131,-0.472,4.746,5.576
1423701014454,37.49821,139.923157,8,8.036,-0.474,4.686,5.551
1423701014554,37.498208,139.923163,8,8.313,-0.497,4.847,5.526
1423701014655,37.498206,139.92317,8,8.236,-0.351,4.835,5.501
1423701014751,37.498204,139.923175,7,7.802,-0.344,4.408,5.5
1423701014851,37.498203,139.923181,7,7.907,-0.411,4.299,5.5
1423701014952,37.498201,139.923187,7,8.288,-0.315,4.509,5.5
1423701015053,37.498199,139.923192,7,8.311,-0.406,4.688,5.5
1423701015154,37.498198,139.923198,7,8.107,-0.304,4.555,5.5
1423701015254,37.498196,139.923204,7,8.181,-0.332,4.64,5.5
1423701015355,37.498194,139.92321,7,8.254,-0.232,4.779,5.5
1423701015451,37.498193,139.923215,7,8.04,-0.185,4.574,5.5
1423701015551,37.498191,139.923221,7,7.946,-0.155,4.598,5.5
1423701015652,37.498189,139.923227,7,8.207,-0.137,4.687,5.5
1423701015753,37.498187,139.923231,7,8.229,-0.134,4.688,5.426
1423701015853,37.498184,139.923236,7,8.034,-0.211,4.584,5.347
1423701015954,37.498181,139.923241,7,7.919,-0.141,4.377,5.268
1423701016055,37.498179,139.923246,7,8.049,-0.153,4.507,5.191
1423701016151,37.498176,139.92325,7,8.182,-0.211,4.675,5.118
1423701016251,37.498174,139.923254,7,8.201,-0.168,4.719,5.043
1423701016352,37.498171,139.923259,7,8.158,-0.133,4.623,4.969
1423701016453,37.498169,139.923263,7,8.11,-0.097,4.604,4.896
1423701016553,37.498167,139.923268,7,7.954,-0.136,4.494,4.825
1423701016654,37.498164,139.923272,7,8.151,-0.182,4.717,4.754
1423701016755,37.498163,139.923278,8,8.171,-0.244,4.691,4.673
1423701016855,37.498163,139.923284,8,8.078,-0.172,4.555,4.594
1423701016951,37.498162,139.923289,8,8.016,-0.195,4.501,4.518
1423701017052,37.498162,139.923295,8,8.123,-0.258,4.549,4.441
1423701017153,37.498161,139.923301,8,8.138,-0.226,4.602,4.364
1423701017253,37.49816,139.923306,8,8.1,-0.171,4.607,4.29
1423701017354,37.49816,139.923312,8,8.244,-0.114,4.62,4.216
1423701017455,37.498159,139.923317,8,8.179,-0.021,4.594,4.143
1423701017555,37.498159,139.923323,8,8.167,-0.014,4.588,4.073
1423701017651,37.498158,139.923328,8,8.115,-0.061,4.517,4.006
1423701017752,37.498157,139.923332,8,8.299,-0.094,4.661,4.0
1423701017853,37.498156,139.923337,8,8.222,-0.045,4.663,4.0
1423701017953,37.498155,139.923341,8,8.031,-0.076,4.455,4.0
1423701018054,37.498154,139.923346,8,8.04,-0.081,4.553,4.0
1423701018155,37.498154,139.923351,8,8.251,-0.128,4.661,4.0
1423701018255,37.498153,139.923355,8,8.311,-0.105,4.759,4.0
1423701018351,37.498152,139.92336,8,8.295,-0.129,4.805,4.0
1423701018452,37.498151,139.923364,8,8.133,-0.048,4.597,4.0
1423701018552,37.49815,139.923369,8,8.06,-0.063,4.451,4.0
1423701018653,37.498149,139.923374,8,8.251,0.073,4.611,4.0
1423701018754,37.498148,139.923378,7,8.301,0.012,4.801,4.0
1423701018855,37.498147,139.923383,7,8.198,0.051,4.744,4.0
1423701018955,37.498146,139.923387,7,7.809,-0.039,4.392,4.0
1423701019051,37.498145,139.923391,7,7.931,-0.137,4.584,4.0
1423701019152,37.498144,139.923396,7,8.131,-0.317,4.802,4.0
1423701019252,37.498142,139.9234,7,8.006,-0.501,4.76,4.0
1423701019353,37.498141,139.923404,7,7.863,-0.472,4.697,4.0
1423701019454,37.49814,139.923409,7,7.901,-0.261,4.6,4.0
1423701019554,37.498139,139.923413,7,8.364,-0.198,5.184,4.0
1423701019655,37.498138,139.923418,7,8.29,-0.183,5.171,4.0
1423701019751,37.498136,139.923421,8,7.748,0.1,4.684,3.925
1423701019852,37.498134,139.923425,8,7.867,0.157,4.809,3.844
1423701019952,37.498132,139.923429,8,7.892,-0.218,4.842,3.765
1423701020053,37.49813,139.923432,8,7.99,-0.513,4.945,3.687
1423701020154,37.498128,139.923436,8,8.125,-0.209,5.17,3.61
1423701020254,37.498126,139.923439,8,8.007,-0.331,5.005,3.536
1423701020355,37.498124,139.923442,8,7.833,-0.496,4.931,3.462
1423701020451,37.498122,139.923445,8,7.873,-0.47,4.927,3.394
1423701020551,37.49812,139.923449,8,7.792,-0.354,4.816,3.324
1423701020652,37.498118,139.923452,8,7.821,-0.412,4.815,3.255
1423701020753,37.498118,139.923455,8,7.92,-0.483,5.087,3.142
1423701020854,37.498118,139.923459,8,7.924,-0.41,5.107,3.028
1423701020954,37.498118,139.923462,8,7.887,-0.158,5.014,2.918
1423701021055,37.498118,139.923465,8,7.88,-0.024,5.196,2.812
1423701021151,37.498118,139.923468,8,7.634,-0.295,5.211,2.714
1423701021251,37.498118,139.923471,8,7.485,-0.409,5.319,2.615
1423701021352,37.498118,139.923474,8,7.578,-0.327,5.521,2.519
1423701021453,37.498118,139.923477,8,7.665,-0.136,5.74,2.427
1423701021554,37.498118,139.923479,8,7.455,-0.176,5.482,2.339
1423701021654,37.498118,139.923482,8,7.436,-0.351,5.499,2.255
1423701021755,37.498117,139.923484,7,7.584,-0.374,5.715,2.25
1423701021851,37.498117,139.923487,7,7.619,-0.322,5.732,2.25
1423701021951,37.498116,139.923489,7,7.542,-0.318,5.414,2.25
1423701022052,37.498115,139.923491,7,7.666,-0.375,5.29,2.25
1423701022153,37.498115,139.923494,7,7.805,-0.456,5.23,2.25
1423701022253,37.498114,139.923496,7,7.82,-0.334,5.105,2.25
1423701022354,37.498113,139.923499,7,7.835,-0.201,5.018,2.25
1423701022455,37.498112,139.923501,7,7.865,-0.236,5.075,2.25
1423701022551,37.498112,139.923503,7,7.878,-0.328,5.052,2.25
1423701022651,37.498111,139.923506,7,7.829,-0.384,5.063,2.25
1423701022752,37.498112,139.923505,9,7.765,-0.37,4.963,1.996
1423701022853,37.498112,139.923503,9,7.728,-0.38,4.972,1.739
1423701022953,37.498113,139.923502,9,7.798,-0.405,5.017,1.507
1423701023054,37.498113,139.923501,9,7.914,-0.441,5.141,1.295
1423701023155,37.498114,139.9235,9,7.957,-0.447,5.153,1.105
1423701023251,37.498114,139.923499,9,7.859,-0.427,5.037,0.947
1423701023351,37.498114,139.923499,9,7.848,-0.382,4.959,0.803
1423701023452,37.498115,139.923498,9,7.9,-0.305,5.023,0.681
1423701023553,37.498115,139.923497,9,7.92,-0.28,5.103,0.581
1423701023653,37.498115,139.923497,9,7.857,-0.255,5.075,0.505
1423701023754,37.498113,139.923497,11,7.848,-0.25,5.078,0.469
1423701023855,37.498111,139.923498,11,7.84,-0.279,5.11,0.438
1423701023955,37.498108,139.923498,11,7.889,-0.295,5.131,0.409
1423701024051,37.498107,139.923499,11,7.959,-0.291,5.045,0.382
1423701024152,37.498105,139.923499,11,7.949,-0.293,4.845,0.356
1423701024253,37.498103,139.9235,11,7.978,-0.318,4.701,0.332
1423701024353,37.498101,139.9235,11,8.026,-0.366,4.655,0.309
1423701024454,37.4981,139.9235,11,8.076,-0.37,4.638,0.288
1423701024555,37.498098,139.923501,11,8.121,-0.329,4.595,0.268
1423701024655,37.498097,139.923501,11,8.135,-0.314,4.539,0.251
1423701024756,37.498097,139.923502,11,8.135,-0.328,4.526,0.25
1423701024852,37.498096,139.923502,11,8.148,-0.344,4.546,0.25
1423701024951,37.498096,139.923503,11,8.168,-0.335,4.559,0.25
1423701025053,37.498096,139.923503,11,8.162,-0.322,4.538,0.25
1423701025152,37.498096,139.923504,11,8.165,-0.345,4.507,0.25
1423701025255,37.498095,139.923505,11,8.232,-0.363,4.451,0.25
1423701025354,37.498095,139.923505,11,8.331,-0.362,4.335,0.25
1423701025451,37.498095,139.923506,11,8.392,-0.33,4.141,0.25
1423701025552,37.498094,139.923506,11,8.425,-0.285,3.968,0.25
1423701025652,37.498094,139.923507,11,8.463,-0.285,3.874,0.25
1423701025753,37.498094,139.923507,6,8.538,-0.307,3.814,0.25
1423701025854,37.498093,139.923507,6,8.561,-0.308,3.723,0.25
1423701025954,37.498093,139.923508,6,8.593,-0.344,3.668,0.25
1423701026055,37.498093,139.923508,6,8.651,-0.273,3.671,0.25
1423701026151,37.498093,139.923508,6,8.617,-0.297,3.689,0.25
1423701026252,37.498092,139.923508,6,8.655,-0.244,3.698,0.25
1423701026352,37.498092,139.923508,6,8.608,-0.24,3.63,0.25
1423701026453,37.498092,139.923509,6,8.592,-0.252,3.516,0.25
1423701026554,37.498091,139.923509,6,8.605,-0.324,3.505,0.25
1423701026654,37.498091,139.923509,6,8.682,-0.382,3.516,0.25
1423701026755,37.498091,139.923509,6,8.71,-0.367,3.515,0.267
1423701026851,37.49809,139.92351,6,8.671,-0.35,3.479,0.285
1423701026951,37.49809,139.92351,6,8.726,-0.322,3.407,0.306
1423701027052,37.49809,139.923511,6,8.656,-0.386,3.296,0.328
1423701027153,37.498089,139.923511,6,8.734,-0.425,3.246,0.352
1423701027254,37.498089,139.923512,6,8.882,-0.375,3.314,0.378
1423701027354,37.498089,139.923513,6,8.879,-0.308,3.279,0.406
1423701027455,37.498088,139.923513,6,8.761,-0.236,3.035,0.435
1423701027551,37.498088,139.923514,6,8.876,-0.267,3.061,0.465
1423701027651,37.498087,139.923515,6,9.055,-0.267,3.156,0.497
1423701027752,37.498087,139.923516,6,9.053,-0.149,3.037,0.532
1423701027853,37.498086,139.923517,6,8.937,-0.177,2.867,0.571
1423701027953,37.498086,139.923518,6,8.952,-0.225,3.022,0.612
1423701028054,37.498085,139.923519,6,8.945,-0.311,3.179,0.657
1423701028155,37.498085,139.92352,6,8.8,-0.217,3.274,0.706
1423701028251,37.498084,139.923522,6,8.712,-0.214,3.363,0.755
1423701028351,37.498084,139.923523,6,8.757,-0.267,3.47,0.81
1423701028452,37.498083,139.923525,6,8.785,-0.283,3.31,0.869
1423701028553,37.498083,139.923526,6,8.618,-0.295,3.223,0.931
1423701028653,37.498082,139.923528,6,8.671,-0.239,3.393,0.995
1423701028754,37.498082,139.92353,6,8.756,-0.264,3.651,1.038
1423701028855,37.498081,139.923532,6,8.851,-0.306,3.508,1.082
1423701028951,37.498081,139.923533,6,8.858,-0.246,3.227,1.125
1423701029051,37.49808,139.923536,6,8.716,-0.166,2.891,1.172
1423701029152,37.498079,139.923538,6,8.715,-0.153,2.965,1.221
1423701029253,37.498079,139.92354,6,8.909,-0.044,3.312,1.272
1423701029353,37.498078,139.923542,6,8.832,0.075,3.516,1.325
1423701029454,37.498077,139.923545,6,8.798,0.15,3.6,1.381
1423701029555,37.498077,139.923547,6,8.547,0.066,3.738,1.438
1423701029656,37.498076,139.92355,6,7.947,-0.176,3.684,1.498
1423701029751,37.498075,139.923552,6,8.124,-0.311,4.189,1.606
1423701029852,37.498074,139.923556,6,8.512,-0.292,4.718,1.736
1423701029953,37.498073,139.923559,6,8.479,-0.269,4.721,1.879
1423701030053,37.498072,139.923563,6,8.128,-0.265,4.38,2.034
1423701030154,37.49807,139.923566,6,8.043,-0.374,4.415,2.203
1423701030255,37.498069,139.923571,6,7.957,-0.313,4.296,2.386
1423701030355,37.498067,139.923575,6,7.87,-0.259,4.196,2.58
1423701030451,37.498066,139.92358,6,8.161,-0.29,4.534,2.778
1423701030552,37.498064,139.923585,6,8.395,-0.292,4.744,2.999
1423701030652,37.498062,139.923591,6,8.233,-0.438,4.731,3.231
1423701030753,37.498061,139.923595,6,8.116,-0.886,4.696,3.25
1423701030854,37.49806,139.923599,6,7.985,-1.201,4.612,3.25
1423701030955,37.498059,139.923603,6,8.108,-1.065,4.823,3.25
1423701031055,37.498058,139.923607,6,8.151,-1.066,4.996,3.25
1423701031151,37.498057,139.923611,6,8.16,-1.2,5.037,3.25
1423701031252,37.498055,139.923615,6,8.001,-1.191,4.894,3.25
1423701031352,37.498054,139.923619,6,7.89,-1.104,4.739,3.25
1423701031453,37.498053,139.923624,6,7.895,-1.108,4.731,3.25
1423701031554,37.498052,139.923628,6,8.013,-1.237,4.788,3.25
1423701031655,37.498051,139.923632,6,8.193,-1.615,5.16,3.25
1423701031755,37.49805,139.923635,6,7.701,-1.829,4.808,3.225
1423701031851,37.498049,139.923639,6,7.511,-1.716,4.531,3.201
1423701031952,37.498047,139.923642,6,7.774,-1.605,4.819,3.175
1423701032052,37.498046,139.923646,6,8.078,-1.546,5.131,3.15
1423701032153,37.498045,139.923649,6,7.95,-1.443,5.023,3.124
1423701032254,37.498044,139.923653,6,7.89,-1.366,5.0,3.099
1423701032354,37.498043,139.923656,6,7.695,-1.36,4.906,3.074
1423701032455,37.498041,139.923659,6,7.725,-1.41,4.886,3.05
1423701032551,37.49804,139.923662,6,7.943,-1.256,5.136,3.026
1423701032651,37.498039,139.923666,6,7.946,-1.261,4.889,3.002
1423701032752,37.498037,139.923668,5,7.936,-1.586,4.855,2.976
1423701032853,37.498035,139.923671,5,7.746,-1.57,4.796,2.95
1423701032954,37.498033,139.923674,5,7.737,-1.591,4.694,2.924
1423701033054,37.498031,139.923677,5,7.817,-1.631,4.696,2.899
1423701033155,37.498029,139.923679,5,8.062,-1.229,4.714,2.874
1423701033251,37.498028,139.923682,5,8.258,-0.843,4.611,2.85
1423701033351,37.498026,139.923684,5,8.113,-0.861,4.395,2.825
1423701033452,37.498024,139.923687,5,8.145,-0.832,4.397,2.8
1423701033553,37.498022,139.923689,5,8.213,-0.679,4.376,2.776
1423701033654,37.49802,139.923692,5,7.989,-0.633,3.982,2.751
1423701033754,37.498017,139.923693,5,8.139,-1.044,4.253,2.75
1423701033855,37.498014,139.923694,5,8.427,-1.444,4.582,2.75
1423701033951,37.498012,139.923695,5,8.396,-1.726,4.519,2.75
1423701034051,37.498009,139.923696,5,8.102,-1.793,4.303,2.75
1423701034153,37.498006,139.923696,5,7.976,-1.682,4.232,2.75
1423701034253,37.498003,139.923697,5,7.869,-1.293,4.312,2.75
1423701034354,37.498,139.923698,5,8.115,-0.9,4.732,2.75
1423701034454,37.497997,139.923699,5,8.388,-0.692,5.136,2.75
1423701034555,37.497994,139.9237,5,8.307,-0.768,5.126,2.75
1423701034651,37.497991,139.923701,5,8.024,-0.733,4.688,2.75
1423701034751,37.497988,139.9237,5,8.156,-0.29,4.4,2.772
1423701034852,37.497985,139.9237,5,8.24,0.027,4.465,2.796
1423701034953,37.497982,139.923699,5,8.03,-0.101,4.451,2.821
1423701035053,37.497979,139.923698,5,8.362,-0.166,4.573,2.846
1423701035154,37.497976,139.923698,5,8.287,-0.59,4.238,2.871
1423701035255,37.497972,139.923697,5,8.014,-0.938,3.986,2.896
1423701035355,37.497969,139.923696,5,8.345,-0.775,4.226,2.921
1423701035451,37.497966,139.923696,5,8.32,-0.478,4.133,2.946
1423701035552,37.497963,139.923695,5,8.311,-0.351,4.017,2.972
1423701035653,37.497959,139.923694,5,8.379,-0.337,4.051,2.998
1423701035753,37.497956,139.923693,5,8.222,-0.289,4.098,3.0
1423701035854,37.497952,139.923692,5,8.324,-0.302,4.104,3.0
1423701035955,37.497949,139.92369,5,8.449,-0.314,4.165,3.0
1423701036056,37.497946,139.923689,5,8.475,-0.317,4.284,3.0
1423701036151,37.497942,139.923688,5,8.294,-0.303,4.16,3.0
1423701036252,37.497939,139.923687,5,8.494,-0.325,4.173,3.0
1423701036353,37.497935,139.923686,5,8.571,-0.446,4.085,3.0
1423701036453,37.497932,139.923684,5,8.349,-0.489,3.868,3.0
1423701036554,37.497929,139.923683,5,8.432,-0.344,3.752,3.0
1423701036655,37.497925,139.923682,5,8.655,-0.311,3.748,3.0
1423701036755,37.497922,139.923681,5,8.682,-0.431,3.924,3.1
1423701036851,37.497918,139.923679,5,8.524,-0.334,3.675,3.205
1423701036952,37.497914,139.923677,5,8.605,-0.438,3.685,3.32
1423701037052,37.49791,139.923676,5,8.614,-0.555,3.655,3.439
1423701037154,37.497906,139.923674,5,8.728,-0.504,3.686,3.564
1423701037254,37.497901,139.923672,5,8.668,-0.491,3.669,3.691
1423701037355,37.497897,139.92367,5,8.642,-0.558,3.658,3.823
1423701037455,37.497892,139.923668,5,8.584,-0.532,3.636,3.959
1423701037551,37.497887,139.923666,5,8.536,-0.479,3.701,4.093
1423701037652,37.497882,139.923664,5,8.482,-0.337,3.952,4.238
1423701037752,37.497878,139.923662,5,8.319,-0.094,4.137,4.294
1423701037853,37.497873,139.923661,5,8.23,0.034,4.284,4.342
1423701037954,37.497868,139.923659,5,8.15,0.017,4.409,4.391
1423701038054,37.497864,139.923657,5,8.121,-0.042,4.51,4.44
1423701038155,37.497859,139.923655,5,8.138,-0.059,4.574,4.491
1423701038251,37.497854,139.923653,5,8.204,-0.023,4.623,4.539
1423701038352,37.497849,139.923651,5,8.16,-0.044,4.61,4.59
1423701038452,37.497844,139.923649,5,8.13,-0.036,4.603,4.641
1423701038553,37.497839,139.923647,5,8.109,0.005,4.584,4.694
1423701038654,37.497834,139.923645,5,8.08,0.031,4.569,4.747
1423701038754,37.49783,139.923643,5,8.117,0.026,4.569,4.75
1423701038855,37.497825,139.923641,5,8.159,-0.005,4.636,4.75
1423701038951,37.497821,139.923639,5,8.121,-0.027,4.564,4.75
1423701039057,37.497816,139.923637,5,8.041,-0.065,4.505,4.75
1423701039152,37.497811,139.923635,5,8.143,-0.087,4.576,4.75
1423701039251,37.497807,139.923633,5,8.214,-0.07,4.656,4.75
1423701039354,37.497802,139.92363,5,8.132,-0.076,4.6,4.75
1423701039453,37.497798,139.923628,5,7.998,-0.079,4.517,4.75
1423701039555,37.497793,139.923626,5,8.043,-0.086,4.629,4.75
1423701039651,37.497788,139.923624,5,8.05,-0.037,4.749,4.75
1423701039751,37.497784,139.923622,5,8.108,-0.05,4.714,4.75
1423701039852,37.49778,139.92362,5,8.504,-0.061,4.534,4.75
1423701039953,37.497775,139.923617,5,8.533,-0.098,4.012,4.75
1423701040054,37.497771,139.923615,5,8.206,-0.007,3.524,4.75
1423701040154,37.497767,139.923613,5,8.167,0.09,3.588,4.75
1423701040256,37.497762,139.92361,5,8.356,0.112,3.752,4.75
1423701040351,37.497758,139.923608,5,8.838,0.019,4.197,4.75
1423701040451,37.497754,139.923606,5,8.747,-0.003,4.214,4.75
1423701040552,37.49775,139.923603,5,8.502,0.067,3.982,4.75
1423701040653,37.497745,139.923601,5,8.358,0.13,3.956,4.75
1423701040754,37.497741,139.923599,4,8.181,0.131,4.205,4.75
1423701040854,37.497737,139.923597,4,8.135,0.101,4.516,4.75
1423701040955,37.497733,139.923595,4,7.946,0.028,4.758,4.75
1423701041051,37.497729,139.923592,4,8.121,-0.074,4.761,4.75
1423701041151,37.497725,139.92359,4,8.115,-0.027,4.632,4.75
1423701041252,37.497721,139.923588,4,8.11,-0.002,4.619,4.75
1423701041353,37.497717,139.923586,4,7.974,0.046,4.701,4.75
1423701041453,37.497713,139.923584,4,8.031,0.032,4.846,4.75
1423701041554,37.497709,139.923581,4,8.092,0.064,4.791,4.75
1423701041655,37.497705,139.923579,4,7.92,-0.011,4.49,4.75
1423701041751,37.497701,139.923577,5,7.932,-0.094,4.552,4.75
1423701041851,37.497697,139.923575,5,8.107,-0.09,4.788,4.75
1423701041952,37.497692,139.923573,5,8.233,-0.022,4.927,4.75
1423701042053,37.497688,139.92357,5,8.194,0.027,4.82,4.75
1423701042153,37.497683,139.923568,5,8.083,0.112,4.835,4.75
1423701042254,37.497679,139.923566,5,7.874,0.062,4.619,4.75
1423701042355,37.497674,139.923564,5,7.917,0.095,4.61,4.75
1423701042455,37.49767,139.923562,5,8.098,0.018,4.707,4.75
1423701042551,37.497666,139.923559,5,8.1,0.003,4.642,4.75
1423701042652,37.497661,139.923557,5,8.202,0.024,4.754,4.75
1423701042753,37.497656,139.923554,6,8.144,0.141,4.771,4.75
1423701042853,37.49765,139.923551,6,8.17,0.086,4.765,4.75
1423701042954,37.497644,139.923548,6,8.118,0.136,4.677,4.75
1423701043055,37.497638,139.923545,6,7.953,0.131,4.552,4.75
1423701043155,37.497632,139.923542,6,7.984,0.135,4.522,4.75
1423701043251,37.497627,139.923539,6,8.157,0.095,4.62,4.75
1423701043352,37.497621,139.923536,6,8.178,0.028,4.676,4.75
1423701043452,37.497615,139.923532,6,8.025,-0.004,4.541,4.75
1423701043553,37.497609,139.923529,6,7.938,0.086,4.505,4.75
1423701043654,37.497603,139.923526,6,8.023,0.041,4.593,4.75
1423701043755,37.497599,139.923525,6,8.109,0.017,4.735,4.75
1423701043855,37.497594,139.923523,6,8.116,-0.021,4.833,4.75
1423701043951,37.49759,139.923522,6,8.013,-0.021,4.702,4.75
1423701044052,37.497585,139.92352,6,7.974,0.061,4.615,4.75
1423701044152,37.49758,139.923519,6,8.1,0.04,4.776,4.75
1423701044253,37.497576,139.923517,6,8.218,0.0,4.969,4.75
1423701044354,37.497571,139.923516,6,8.392,0.112,5.246,4.75
1423701044455,37.497566,139.923514,6,7.91,0.3,4.826,4.75
1423701044555,37.497562,139.923513,6,7.542,0.213,4.571,4.75
1423701044651,37.497557,139.923511,6,7.464,0.132,4.197,4.75
1423701044752,37.497553,139.923509,5,8.16,0.158,4.955,4.702
1423701044852,37.49755,139.923508,5,8.576,0.144,5.524,4.65
1423701044953,37.497546,139.923506,5,8.239,0.038,5.348,4.598
1423701045054,37.497542,139.923504,5,7.785,0.097,4.858,4.546
1423701045154,37.497538,139.923502,5,7.79,0.203,4.624,4.496
1423701045255,37.497534,139.923501,5,7.983,0.296,4.991,4.446
1423701045351,37.497531,139.923499,5,7.957,0.445,5.172,4.399
1423701045451,37.497527,139.923497,5,8.015,0.489,5.239,4.35
1423701045552,37.497524,139.923496,5,7.988,0.471,5.016,4.301
1423701045653,37.49752,139.923494,5,7.946,0.375,4.805,4.253
1423701045754,37.497517,139.923493,4,7.935,0.33,4.746,4.145
1423701045854,37.497513,139.923493,4,7.933,0.252,4.876,4.035
1423701045955,37.49751,139.923492,4,7.948,0.136,5.002,3.927
1423701046051,37.497506,139.923491,4,7.951,0.091,4.954,3.827
1423701046151,37.497503,139.923491,4,7.931,0.129,4.875,3.726
1423701046252,37.4975,139.92349,4,7.917,0.219,4.834,3.626
1423701046353,37.497497,139.92349,4,7.898,0.234,4.8,3.529
1423701046454,37.497494,139.923489,4,8.009,0.211,4.92,3.434
1423701046554,37.497491,139.923489,4,8.137,0.139,5.005,3.343
1423701046655,37.497488,139.923488,4,7.996,0.166,4.897,3.254
1423701046751,37.497486,139.923487,4,8.01,0.203,4.863,3.272
1423701046851,37.497483,139.923486,4,7.994,0.183,4.837,3.296
1423701046952,37.497481,139.923484,4,8.016,0.024,4.919,3.321
1423701047053,37.497478,139.923483,4,8.009,-0.021,4.91,3.346
1423701047154,37.497475,139.923482,4,8.052,0.039,4.931,3.371
1423701047254,37.497473,139.92348,4,7.929,0.174,4.703,3.396
1423701047355,37.49747,139.923479,4,7.83,0.221,4.714,3.422
1423701047451,37.497468,139.923478,4,8.072,0.072,4.773,3.446
1423701047551,37.497465,139.923476,4,8.034,0.054,4.74,3.472
1423701047652,37.497462,139.923475,4,8.046,-0.004,4.741,3.498
1423701047753,37.49746,139.923474,4,7.896,-0.065,4.651,3.476
1423701047853,37.497457,139.923473,4,7.947,-0.229,4.731,3.45
1423701047954,37.497454,139.923471,4,8.064,-0.287,4.852,3.425
1423701048055,37.497452,139.92347,4,8.074,-0.609,4.944,3.399
1423701048151,37.497449,139.923469,4,7.938,-0.779,4.838,3.375
1423701048251,37.497447,139.923468,4,7.955,-0.766,4.839,3.35
1423701048352,37.497445,139.923467,4,7.995,-0.648,4.929,3.325
1423701048453,37.497442,139.923465,4,8.013,-0.583,4.901,3.3
1423701048553,37.49744,139.923464,4,8.017,-0.658,4.944,3.276
1423701048654,37.497437,139.923463,4,7.662,-0.71,4.633,3.251
1423701048755,37.497435,139.923462,4,7.664,-0.563,4.456,3.17
1423701048855,37.497433,139.923462,4,7.918,-0.507,4.618,3.088
1423701048951,37.497431,139.923461,4,8.172,-0.617,4.887,3.012
1423701049052,37.497429,139.923461,4,8.012,-0.822,4.821,2.933
1423701049153,37.497426,139.92346,4,7.906,-1.105,4.879,2.856
1423701049253,37.497425,139.92346,4,8.012,-1.339,5.087,2.782
1423701049354,37.497423,139.923459,4,8.041,-1.374,5.068,2.709
1423701049455,37.497421,139.923459,4,7.842,-1.216,4.835,2.638
1423701049555,37.497419,139.923458,4,7.905,-1.05,4.957,2.57
1423701049651,37.497417,139.923458,4,8.033,-0.824,5.042,2.506
1423701049752,37.497415,139.923457,5,7.987,-0.771,4.974,2.5
1423701049852,37.497413,139.923456,5,7.976,-0.776,4.928,2.5
1423701049953,37.497411,139.923455,5,7.983,-0.757,4.96,2.5
1423701050054,37.497409,139.923454,5,7.893,-0.834,4.923,2.5
1423701050155,37.497407,139.923454,5,7.892,-0.924,4.919,2.5
1423701050255,37.497405,139.923453,5,7.95,-0.922,4.985,2.5
1423701050351,37.497402,139.923452,5,7.954,-0.905,4.995,2.5
1423701050452,37.4974,139.923451,5,7.836,-0.988,4.912,2.5
1423701050552,37.497398,139.92345,5,7.63,-1.1,4.801,2.5
1423701050653,37.497396,139.923449,5,7.753,-1.191,5.008,2.5
1423701050754,37.497394,139.923445,6,7.926,-1.058,5.308,2.5
1423701050855,37.497392,139.92344,6,7.8,-1.019,5.365,2.5
1423701050955,37.49739,139.923436,6,7.698,-0.945,5.425,2.5
1423701051051,37.497388,139.923432,6,7.635,-0.812,5.403,2.5
1423701051152,37.497386,139.923427,6,7.543,-0.656,5.357,2.5
1423701051252,37.497384,139.923423,6,7.394,-0.673,5.254,2.5
1423701051353,37.497381,139.923419,6,7.638,-0.59,5.536,2.5
1423701051454,37.497379,139.923414,6,7.716,-0.525,5.78,2.5
1423701051554,37.497377,139.92341,6,7.37,-0.72,5.74,2.5
1423701051655,37.497375,139.923405,6,7.353,-0.738,6.003,2.5
1423701051751,37.497374,139.923403,6,7.364,-0.787,6.411,2.5
1423701051852,37.497372,139.9234,6,7.208,-0.827,6.576,2.5
1423701051952,37.497371,139.923397,6,6.961,-0.323,6.187,2.5
1423701052053,37.497369,139.923395,6,6.849,0.33,5.894,2.5
1423701052154,37.497368,139.923392,6,7.381,0.566,5.956,2.5
1423701052254,37.497367,139.92339,6,7.658,0.298,6.235,2.5
1423701052355,37.497365,139.923387,6,7.575,0.223,6.011,2.5
1423701052451,37.497364,139.923384,6,7.325,0.4,5.34,2.5
1423701052552,37.497363,139.923382,6,7.534,0.596,4.965,2.5
1423701052652,37.497361,139.923379,6,7.985,0.359,5.087,2.5
1423701052753,37.497359,139.923377,6,8.07,-0.014,5.056,2.449
1423701052854,37.497358,139.923374,6,8.004,-0.038,5.157,2.394
1423701052954,37.497356,139.923371,6,7.862,0.395,4.698,2.341
1423701053055,37.497355,139.923369,6,7.876,0.436,4.617,2.289
1423701053156,37.497353,139.923366,6,8.054,0.254,4.72,2.238
1423701053251,37.497352,139.923364,6,8.093,0.149,4.732,2.191
1423701053357,37.49735,139.923362,6,8.058,0.129,4.457,2.14
1423701053453,37.497349,139.92336,6,8.142,0.027,4.566,2.094
1423701053552,37.497347,139.923357,6,8.512,-0.202,4.943,2.049
1423701053654,37.497346,139.923355,6,8.429,-0.64,5.118,2.003
1423701053753,37.497346,139.923353,6,7.86,-0.701,4.718,2.0
1423701053851,37.497345,139.923351,6,7.767,-0.403,4.482,2.0
1423701053951,37.497345,139.923349,6,8.096,-0.073,4.584,2.0
1423701054052,37.497344,139.923347,6,8.203,-0.11,4.709,2.0
1423701054153,37.497344,139.923345,6,8.112,0.23,4.401,2.0
1423701054253,37.497343,139.923343,6,8.17,0.516,4.161,2.0
1423701054354,37.497343,139.92334,6,8.415,0.485,4.221,2.0
1423701054455,37.497342,139.923338,6,8.382,0.127,4.1,2.0
1423701054551,37.497342,139.923336,6,8.144,-0.346,3.791,2.0
1423701054651,37.497341,139.923334,6,8.246,-0.202,3.881,2.0
1423701054752,37.497341,139.923332,5,8.653,-0.097,4.232,2.0
1423701054853,37.497342,139.92333,5,8.729,0.089,4.352,2.0
1423701054953,37.497342,139.923328,5,8.474,0.165,4.018,2.0
1423701055054,37.497342,139.923326,5,8.29,0.151,3.845,2.0
1423701055155,37.497342,139.923324,5,8.26,0.238,3.549,2.0
1423701055255,37.497343,139.923322,5,8.602,0.258,3.883,2.0
1423701055351,37.497343,139.92332,5,8.834,-0.063,4.283,2.0
1423701055452,37.497343,139.923318,5,8.566,-0.487,3.994,2.0
1423701055553,37.497344,139.923316,5,8.286,-0.535,3.761,2.0
1423701055653,37.497344,139.923314,5,8.541,-0.288,3.895,2.0
1423701055754,37.497344,139.923312,5,8.749,-0.05,4.043,2.0
1423701055855,37.497344,139.923309,5,8.533,0.189,3.741,2.0
1423701055955,37.497344,139.923307,5,8.257,0.41,3.387,2.0
1423701056051,37.497344,139.923305,5,8.403,0.534,3.529,2.0
1423701056152,37.497344,139.923302,5,8.728,0.498,3.852,2.0
1423701056252,37.497344,139.9233,5,8.717,0.475,3.883,2.0
1423701056353,37.497344,139.923297,5,8.347,0.681,3.631,2.0
1423701056454,37.497344,139.923295,5,8.095,0.899,3.417,2.0
1423701056555,37.497344,139.923293,5,8.401,0.758,3.804,2.0
1423701056655,37.497344,139.92329,5,8.833,0.195,4.395,2.0
1423701056751,37.497346,139.923287,6,8.589,-0.123,4.325,2.041
1423701056852,37.497347,139.923284,6,8.429,-0.195,4.26,2.087
1423701056952,37.497349,139.923281,6,8.321,-0.131,4.181,2.135
1423701057053,37.497351,139.923278,6,8.385,0.051,4.374,2.183
1423701057154,37.497353,139.923275,6,8.492,0.225,4.414,2.233
1423701057255,37.497355,139.923271,6,8.267,0.554,4.03,2.284
1423701057355,37.497357,139.923268,6,8.253,0.786,3.965,2.336
1423701057451,37.497359,139.923264,6,8.379,0.913,4.157,2.386
1423701057552,37.497361,139.923261,6,8.407,0.929,4.162,2.441
1423701057652,37.497363,139.923257,6,8.44,0.672,4.007,2.496
1423701057753,37.497364,139.923254,6,8.406,0.462,3.97,2.561
1423701057854,37.497365,139.92325,6,8.296,0.215,4.005,2.63
1423701057954,37.497366,139.923246,6,8.394,0.063,4.286,2.7
1423701058055,37.497367,139.923242,6,8.555,0.338,4.372,2.773
1423701058151,37.497368,139.923239,6,8.203,0.274,4.211,2.844
1423701058252,37.497369,139.923235,6,7.691,-0.012,3.744,2.92
1423701058352,37.49737,139.92323,6,8.119,0.064,4.14,2.998
1423701058453,37.497371,139.923226,6,8.624,0.181,4.698,3.079
1423701058554,37.497373,139.923222,6,8.615,0.044,4.857,3.161
1423701058654,37.497374,139.923217,6,8.347,0.049,4.399,3.245
1423701058755,37.497375,139.923213,5,8.045,0.127,3.998,3.315
1423701058851,37.497376,139.923209,5,8.055,0.3,4.091,3.381
1423701058951,37.497377,139.923204,5,8.391,0.323,4.512,3.452
1423701059052,37.497378,139.9232,5,8.415,0.376,4.502,3.526
1423701059153,37.497379,139.923195,5,8.404,0.286,4.333,3.6
1423701059254,37.49738,139.92319,5,8.378,0.183,3.988,3.677
1423701059354,37.497381,139.923185,5,8.296,0.153,3.867,3.754
1423701059455,37.497382,139.92318,5,8.359,0.263,4.022,3.834
1423701059551,37.497383,139.923176,5,8.349,0.395,4.074,3.911
1423701059651,37.497384,139.92317,5,8.439,0.314,4.313,3.993
1423701059752,37.497385,139.923165,5,8.46,0.286,4.245,4.022
1423701059853,37.497386,139.92316,5,8.459,0.217,4.38,4.047
1423701059953,37.497386,139.923155,5,8.317,0.218,4.214,4.072
1423701060054,37.497387,139.923149,5,7.852,0.288,3.826,4.097
1423701060155,37.497388,139.923144,5,8.078,0.086,3.99,4.122
1423701060251,37.497389,139.923138,5,8.511,-0.066,4.586,4.146
1423701060351,37.497389,139.923133,5,8.539,-0.198,4.86,4.171
1423701060452,37.49739,139.923127,5,8.286,-0.251,4.774,4.197
1423701060553,37.497391,139.923122,5,8.152,-0.35,4.67,4.223
1423701060653,37.497392,139.923116,5,7.931,-0.541,4.55,4.248
1423701060754,37.497393,139.923111,6,7.788,-0.465,4.341,4.25
1423701060855,37.497393,139.923105,6,8.195,-0.047,4.783,4.25
1423701060956,37.497394,139.9231,6,8.566,0.151,5.124,4.25
1423701061051,37.497395,139.923095,6,8.278,-0.02,4.872,4.25
1423701061152,37.497396,139.923089,6,7.951,-0.098,4.546,4.25
1423701061253,37.497396,139.923084,6,8.015,-0.087,4.557,4.25
1423701061353,37.497397,139.923078,6,8.025,-0.067,4.505,4.25
1423701061454,37.497398,139.923073,6,7.918,0.007,4.418,4.25
1423701061555,37.497399,139.923067,6,8.17,-0.046,4.721,4.25
1423701061655,37.497399,139.923062,6,8.015,-0.015,4.537,4.25
1423701061751,37.4974,139.923057,6,8.26,-0.193,4.83,4.25
1423701061852,37.497401,139.923051,6,8.331,-0.611,4.995,4.25
1423701061953,37.497402,139.923046,6,7.879,-0.853,4.669,4.25
1423701062053,37.497402,139.92304,6,7.847,-1.064,4.517,4.25
1423701062154,37.497403,139.923035,6,8.114,-1.083,4.756,4.25
1423701062255,37.497404,139.923029,6,8.183,-0.94,5.048,4.25
1423701062355,37.497405,139.923024,6,8.032,-0.817,5.23,4.25
1423701062451,37.497405,139.923018,6,7.865,-0.675,4.773,4.25
1423701062552,37.497406,139.923013,6,8.319,-0.616,4.701,4.25
1423701062652,37.497407,139.923007,6,8.323,-0.723,4.353,4.25
1423701062753,37.497407,139.923003,6,8.13,-0.605,4.325,4.25
1423701062854,37.497408,139.922998,6,8.727,-0.867,5.009,4.25
1423701062955,37.497408,139.922993,6,8.143,-0.796,4.145,4.25
1423701063055,37.497409,139.922988,6,7.697,-0.504,3.421,4.25
1423701063151,37.497409,139.922983,6,7.98,-0.239,3.769,4.25
1423701063252,37.497409,139.922979,6,8.304,-0.184,4.353,4.25
1423701063352,37.49741,139.922974,6,8.797,0.014,4.663,4.25
1423701063453,37.49741,139.922969,6,8.715,0.124,4.244,4.25
1423701063554,37.497411,139.922964,6,8.427,0.102,3.942,4.25
1423701063655,37.497411,139.922959,6,8.248,-0.073,3.668,4.25
1423701063755,37.497412,139.922953,6,8.218,-0.179,3.878,4.273
1423701063851,37.497413,139.922947,6,8.538,-0.242,4.081,4.297
1423701063952,37.497415,139.922941,6,8.845,-0.352,4.335,4.322
1423701064052,37.497416,139.922935,6,8.61,-0.288,4.306,4.346
1423701064153,37.497417,139.922929,6,8.241,-0.044,3.916,4.371
1423701064254,37.497419,139.922923,6,8.299,0.029,3.893,4.397
1423701064354,37.49742,139.922916,6,8.686,-0.085,4.393,4.422
1423701064455,37.497421,139.92291,6,8.594,0.061,4.366,4.448
1423701064551,37.497423,139.922904,6,8.42,0.093,4.205,4.472
1423701064651,37.497424,139.922898,6,7.871,0.211,3.958,4.498
1423701064752,37.497426,139.92289,8,7.961,0.057,4.228,4.564
1423701064853,37.497428,139.922881,8,8.22,0.137,4.918,4.636
1423701064954,37.49743,139.922873,8,8.118,0.029,4.937,4.709
1423701065054,37.497433,139.922865,8,7.923,-0.093,4.616,4.782
1423701065155,37.497435,139.922856,8,7.967,-0.037,4.581,4.857
1423701065251,37.497437,139.922848,8,8.189,0.227,4.754,4.929
1423701065351,37.49744,139.922839,8,8.185,0.341,4.991,5.006
1423701065452,37.497442,139.92283,8,8.124,0.27,4.933,5.084
1423701065553,37.497444,139.922821,8,7.98,0.235,4.65,5.164
1423701065654,37.497447,139.922812,8,7.844,0.264,4.517,5.245
1423701065754,37.497448,139.922805,8,7.698,0.19,4.317,5.25
1423701065855,37.497448,139.922799,8,8.382,-0.107,4.935,5.25
1423701065951,37.497449,139.922794,8,8.693,-0.354,5.238,5.25
1423701066051,37.49745,139.922788,8,8.026,-0.214,4.442,5.25
1423701066152,37.49745,139.922781,8,7.895,-0.259,4.116,5.25
1423701066253,37.497451,139.922775,8,8.094,-0.262,4.414,5.25
1423701066354,37.497452,139.922769,8,8.369,-0.275,4.811,5.25
1423701066454,37.497453,139.922763,8,8.049,-0.12,4.597,5.25
1423701066555,37.497453,139.922757,8,7.91,0.051,4.176,5.25
1423701066651,37.497454,139.922752,8,8.244,-0.1,4.282,5.25
1423701066751,37.497456,139.922745,8,8.283,-0.17,4.608,5.25
1423701066852,37.497458,139.922737,8,8.189,-0.179,4.65,5.25
1423701066953,37.497461,139.92273,8,8.16,-0.266,4.592,5.25
1423701067053,37.497463,139.922723,8,8.264,-0.319,4.596,5.25
1423701067154,37.497465,139.922716,8,8.226,-0.233,4.638,5.25
1423701067255,37.497468,139.922709,8,8.127,-0.255,4.611,5.25
1423701067351,37.49747,139.922702,8,8.024,-0.201,4.47,5.25
1423701067456,37.497472,139.922694,8,8.156,-0.149,4.428,5.25
1423701067552,37.497475,139.922688,8,8.12,-0.223,4.449,5.25
1423701067651,37.497477,139.922681,8,8.121,-0.223,4.506,5.25
1423701067753,37.497478,139.922675,8,8.229,-0.152,4.546,5.273
1423701067852,37.497479,139.92267,8,8.074,-0.009,4.353,5.297
1423701067955,37.49748,139.922664,8,8.087,-0.018,4.301,5.323
1423701068054,37.497481,139.922659,8,7.965,-0.078,4.378,5.347
1423701068151,37.497481,139.922653,8,8.088,-0.171,4.508,5.371
1423701068252,37.497482,139.922648,8,8.365,-0.381,4.787,5.397
1423701068353,37.497483,139.922642,8,8.342,-0.552,4.737,5.422
1423701068453,37.497484,139.922637,8,8.07,-0.566,4.419,5.447
1423701068554,37.497485,139.922631,8,8.11,-0.445,4.441,5.473
1423701068655,37.497486,139.922625,8,8.158,-0.342,4.485,5.499
1423701068755,37.497487,139.922618,6,8.152,-0.15,4.424,5.476
1423701068851,37.497488,139.922612,6,8.272,-0.142,4.647,5.451
1423701068952,37.497489,139.922605,6,8.243,-0.237,4.74,5.426
1423701069052,37.49749,139.922598,6,8.177,-0.339,4.762,5.401
1423701069153,37.497491,139.922591,6,8.031,-0.347,4.672,5.375
1423701069254,37.497493,139.922584,6,7.967,-0.463,4.557,5.35
1423701069355,37.497494,139.922577,6,8.198,-0.387,4.683,5.325
1423701069455,37.497495,139.922571,6,8.216,-0.332,4.648,5.3
1423701069551,37.497496,139.922564,6,8.214,-0.36,4.828,5.277
1423701069652,37.497497,139.922558,6,7.878,-0.287,4.408,5.252
1423701069752,37.4975,139.922549,11,7.887,-0.303,4.494,5.335
1423701069853,37.497503,139.922539,11,8.195,-0.257,4.737,5.429
1423701069954,37.497506,139.922529,11,8.238,-0.216,4.841,5.526
1423701070055,37.49751,139.92252,11,7.936,-0.183,4.411,5.624
1423701070155,37.497513,139.92251,11,7.961,-0.195,4.43,5.723
1423701070251,37.497516,139.9225,11,8.212,-0.181,4.748,5.82
1423701070352,37.49752,139.92249,11,8.078,-0.187,4.683,5.923
1423701070452,37.497523,139.922479,11,8.151,-0.18,4.724,6.028
1423701070553,37.497527,139.922469,11,8.24,-0.057,4.787,6.135
1423701070654,37.497531,139.922458,11,8.4,-0.2,4.97,6.243
1423701070754,37.497532,139.922451,11,8.034,-0.182,4.68,6.25
1423701070855,37.497534,139.922444,11,7.799,-0.157,4.276,6.25
1423701070951,37.497535,139.922437,11,8.022,-0.041,4.166,6.25
1423701071052,37.497536,139.92243,11,8.587,-0.031,4.436,6.25
1423701071152,37.497537,139.922424,11,8.722,-0.218,4.331,6.25
1423701071253,37.497539,139.922417,11,8.466,-0.267,3.829,6.25
1423701071354,37.49754,139.92241,11,8.446,-0.104,3.628,6.25
1423701071454,37.497541,139.922403,11,8.511,-0.132,3.774,6.25
1423701071555,37.497543,139.922396,11,8.289,-0.23,3.615,6.25
1423701071651,37.497544,139.92239,11,8.214,0.065,3.342,6.25
1423701071752,37.497544,139.922381,8,8.506,0.023,3.687,6.227
1423701071852,37.497545,139.922373,8,8.649,-0.43,4.214,6.201
1423701071953,37.497545,139.922364,8,8.54,-0.946,4.09,6.176
1423701072054,37.497546,139.922356,8,8.049,-0.725,3.772,6.15
1423701072154,37.497546,139.922348,8,8.116,-0.133,4.339,6.125
1423701072255,37.497546,139.922339,8,8.242,-0.307,4.918,6.1
1423701072351,37.497547,139.922331,8,8.657,-0.399,5.085,6.076
1423701072451,37.497547,139.922323,8,8.279,-0.194,4.494,6.051
1423701072552,37.497548,139.922315,8,7.536,-0.019,4.048,6.027
1423701072653,37.497548,139.922307,8,7.602,-0.213,4.3,6.002
1423701072754,37.497549,139.9223,8,8.214,-0.14,4.693,6.0
1423701072854,37.49755,139.922293,8,8.501,0.045,4.668,6.0
1423701072955,37.497552,139.922286,8,8.237,0.165,4.515,6.0
1423701073051,37.497553,139.92228,8,7.993,0.124,4.243,6.0
1423701073151,37.497554,139.922273,8,7.869,-0.05,4.236,6.0
1423701073252,37.497555,139.922266,8,7.93,-0.132,4.292,6.0
1423701073353,37.497556,139.92226,8,8.345,-0.018,4.537,6.0
1423701073453,37.497558,139.922253,8,8.498,-0.082,4.756,6.0
1423701073554,37.497559,139.922246,8,8.093,-0.179,4.366,6.0
1423701073655,37.49756,139.922239,8,8.409,0.083,4.764,6.0
1423701073751,37.497562,139.922232,8,8.175,0.149,4.605,6.022
1423701073851,37.497564,139.922225,8,8.299,-0.004,4.725,6.047
1423701073953,37.497566,139.922218,8,8.35,-0.052,4.521,6.072
1423701074053,37.497569,139.92221,8,8.142,0.049,4.306,6.097
1423701074153,37.497571,139.922203,8,8.178,0.025,4.483,6.122
1423701074254,37.497573,139.922195,8,8.201,-0.064,4.31,6.147
1423701074355,37.497575,139.922188,8,8.164,0.047,4.422,6.173
1423701074455,37.497577,139.92218,8,8.179,0.125,4.301,6.198
1423701074551,37.49758,139.922173,8,8.194,0.023,4.408,6.222
1423701074652,37.497582,139.922166,8,8.193,-0.042,4.451,6.248
1423701074753,37.497583,139.922159,8,8.254,0.036,4.447,6.25
1423701074853,37.497585,139.922152,8,8.198,0.106,4.4,6.25
1423701074954,37.497586,139.922146,8,8.19,0.09,4.472,6.25
1423701075055,37.497588,139.922139,8,8.073,-0.047,4.276,6.25
1423701075155,37.497589,139.922132,8,8.338,0.037,4.681,6.25
1423701075251,37.497591,139.922126,8,8.434,-0.029,4.872,6.25
1423701075352,37.497592,139.922119,8,8.243,-0.078,4.688,6.25
1423701075453,37.497594,139.922113,8,8.084,0.03,4.596,6.25
1423701075553,37.497595,139.922106,8,8.136,0.036,4.603,6.25
1423701075654,37.497597,139.922099,8,7.91,-0.182,4.416,6.25
1423701075755,37.497598,139.922093,5,8.113,-0.258,4.331,6.25
1423701075855,37.497599,139.922087,5,8.507,0.003,4.81,6.25
1423701075951,37.4976,139.922081,5,8.437,0.038,4.945,6.25
1423701076052,37.497601,139.922075,5,8.139,-0.034,4.641,6.25
1423701076152,37.497602,139.922068,5,8.176,0.034,4.38,6.25
1423701076253,37.497603,139.922062,5,8.136,0.116,4.476,6.25
1423701076354,37.497604,139.922056,5,8.149,-0.026,4.43,6.25
1423701076455,37.497605,139.92205,5,8.213,-0.072,4.255,6.25
1423701076555,37.497606,139.922044,5,8.065,0.092,4.236,6.25
1423701076651,37.497607,139.922038,5,8.077,0.18,4.425,6.25
1423701076752,37.497608,139.922031,5,8.24,0.108,4.53,6.25
1423701076853,37.497609,139.922024,5,8.299,0.096,4.537,6.25
1423701076953,37.49761,139.922017,5,8.114,0.131,4.447,6.25
1423701077054,37.497611,139.92201,5,8.241,0.186,4.373,6.25
1423701077154,37.497612,139.922003,5,8.142,0.143,4.383,6.25
1423701077255,37.497614,139.921997,5,8.262,0.133,4.507,6.25
1423701077351,37.497615,139.92199,5,8.143,0.11,4.307,6.25
1423701077451,37.497616,139.921983,5,8.285,0.131,4.627,6.25
1423701077552,37.497617,139.921976,5,8.291,0.191,4.775,6.25
1423701077653,37.497618,139.921969,5,8.138,0.157,4.728,6.25
1423701077754,37.497619,139.921963,6,8.12,0.185,4.642,6.25
1423701077854,37.497621,139.921956,6,8.093,0.207,4.478,6.25
1423701077955,37.497622,139.921949,6,8.111,0.055,4.505,6.25
1423701078051,37.497623,139.921943,6,8.292,0.174,4.644,6.25
1423701078151,37.497624,139.921936,6,8.122,0.235,4.587,6.25
1423701078252,37.497626,139.921929,6,7.949,0.109,4.398,6.25
1423701078353,37.497627,139.921923,6,8.1,-0.013,4.548,6.25
1423701078454,37.497628,139.921916,6,8.327,-0.026,4.823,6.25
1423701078554,37.49763,139.921909,6,8.185,-0.045,4.84,6.25
1423701078655,37.497631,139.921902,6,7.991,-0.002,4.58,6.25
1423701078751,37.497634,139.921896,7,8.034,0.122,4.642,6.227
1423701078851,37.497637,139.92189,7,8.208,0.054,4.709,6.201
1423701078952,37.49764,139.921884,7,8.041,0.044,4.533,6.176
1423701079053,37.497643,139.921878,7,7.938,-0.127,4.6,6.151
1423701079154,37.497645,139.921872,7,8.058,-0.108,4.569,6.125
1423701079254,37.497648,139.921865,7,8.178,0.06,4.715,6.1
1423701079355,37.497651,139.921859,7,8.219,-0.151,4.705,6.075
1423701079451,37.497654,139.921854,7,8.301,-0.055,4.762,6.051
1423701079551,37.497657,139.921848,7,8.142,0.205,4.653,6.027
1423701079652,37.49766,139.921841,7,8.179,0.104,4.455,6.002
1423701079753,37.497659,139.921836,8,8.281,-0.074,4.678,6.0
1423701079853,37.497659,139.92183,8,8.263,-0.256,4.859,6.0
1423701079954,37.497658,139.921824,8,7.772,0.041,4.592,6.0
1423701080055,37.497658,139.921818,8,7.386,-0.093,4.212,6.0
1423701080155,37.497657,139.921813,8,7.929,-0.22,4.772,6.0
1423701080251,37.497656,139.921807,8,8.343,-0.155,5.312,6.0
1423701080352,37.497656,139.921802,8,8.059,-0.204,5.11,6.0
1423701080453,37.497655,139.921796,8,7.744,-0.001,4.684,6.0
1423701080553,37.497655,139.92179,8,7.627,0.297,4.736,6.0
1423701080654,37.497654,139.921784,8,7.923,0.453,4.964,6.0
1423701080755,37.497655,139.921778,8,8.193,0.324,5.076,6.0
1423701080856,37.497657,139.921772,8,7.985,0.241,4.82,6.0
1423701080951,37.497658,139.921766,8,7.774,0.357,4.621,6.0
1423701081052,37.497659,139.921759,8,7.916,0.313,4.802,6.0
1423701081153,37.497661,139.921753,8,8.349,0.346,5.135,6.0
1423701081253,37.497662,139.921747,8,8.319,0.354,4.993,6.0
1423701081354,37.497664,139.92174,8,7.698,0.392,4.441,6.0
1423701081455,37.497665,139.921734,8,7.739,0.357,4.215,6.0
1423701081555,37.497667,139.921728,8,8.35,0.407,4.837,6.0
1423701081651,37.497668,139.921722,8,8.497,0.402,5.074,6.0
1423701081757,37.497672,139.921716,10,8.085,0.308,4.587,5.95
1423701081852,37.497676,139.921712,10,8.149,0.268,4.415,5.901
1423701081952,37.49768,139.921707,10,8.116,0.16,4.531,5.85
1423701082054,37.497685,139.921703,10,8.039,0.05,4.75,5.798
1423701082153,37.497689,139.921698,10,8.116,-0.097,4.749,5.748
1423701082255,37.497693,139.921694,10,8.12,-0.07,4.614,5.697
1423701082351,37.497697,139.921689,10,7.97,0.086,4.506,5.65
1423701082452,37.497701,139.921685,10,7.96,0.046,4.729,5.6
1423701082552,37.497705,139.921681,10,8.239,-0.087,4.995,5.552
1423701082653,37.497709,139.921676,10,8.258,-0.172,4.954,5.503
1423701082754,37.49771,139.92167,10,7.86,-0.05,4.603,5.476
1423701082854,37.497711,139.921664,10,7.747,-0.131,4.399,5.451
1423701082955,37.497711,139.921657,10,8.06,-0.159,4.683,5.425
1423701083051,37.497712,139.921651,10,8.305,-0.096,4.974,5.401
1423701083152,37.497713,139.921645,10,8.278,0.013,4.91,5.376
1423701083252,37.497714,139.921638,10,7.932,0.198,4.317,5.351
1423701083353,37.497715,139.921632,10,8.003,0.123,4.568,5.326
1423701083454,37.497715,139.921626,10,8.098,0.0,4.743,5.301
1423701083554,37.497716,139.92162,10,8.103,-0.156,4.89,5.276
1423701083655,37.497717,139.921613,10,8.051,-0.239,4.798,5.251
1423701083751,37.497719,139.921607,7,8.285,-0.342,4.869,5.272
1423701083851,37.49772,139.921601,7,8.228,-0.304,4.804,5.297
1423701083952,37.497722,139.921594,7,8.222,-0.098,4.838,5.322
1423701084053,37.497724,139.921587,7,8.015,0.12,4.412,5.347
1423701084154,37.497726,139.921581,7,7.954,0.135,4.433,5.372
1423701084254,37.497728,139.921574,7,8.138,0.067,4.595,5.397
1423701084355,37.497729,139.921567,7,8.113,-0.027,4.445,5.423
1423701084451,37.497731,139.921561,7,7.775,0.097,4.097,5.447
1423701084551,37.497733,139.921554,7,8.098,0.073,4.514,5.472
1423701084652,37.497735,139.921548,7,8.579,-0.09,5.075,5.498
1423701084753,37.497736,139.92154,7,8.905,-0.35,5.599,5.476
1423701084853,37.497737,139.921533,7,7.955,-0.153,4.564,5.451
1423701084954,37.497737,139.921526,7,7.542,0.206,4.199,5.425
1423701085055,37.497738,139.921519,7,7.848,0.289,4.413,5.4
1423701085151,37.497739,139.921513,7,8.162,0.032,5.028,5.376
1423701085251,37.49774,139.921506,7,8.565,0.08,5.188,5.351
1423701085352,37.497741,139.921499,7,8.175,0.127,4.728,5.326
1423701085453,37.497741,139.921492,7,7.694,0.13,4.17,5.301
1423701085553,37.497742,139.921485,7,7.9,-0.094,4.597,5.276
1423701085654,37.497743,139.921478,7,8.291,-0.268,4.959,5.251
1423701085755,37.497744,139.921474,7,8.29,-0.311,4.992,5.226
1423701085851,37.497745,139.921469,7,7.796,-0.057,4.341,5.201
1423701085951,37.497746,139.921464,7,7.847,-0.077,4.505,5.176
1423701086052,37.497747,139.92146,7,8.183,0.156,4.648,5.151
1423701086153,37.497748,139.921455,7,8.475,-0.147,5.098,5.125
1423701086253,37.497749,139.92145,7,8.14,-0.115,4.781,5.1
1423701086354,37.49775,139.921446,7,7.849,0.064,4.404,5.075
1423701086455,37.497751,139.921441,7,7.863,0.093,4.413,5.05
1423701086555,37.497752,139.921437,7,7.921,-0.011,4.642,5.026
1423701086651,37.497753,139.921432,7,8.043,-0.025,4.797,5.002
1423701086752,37.497753,139.921428,6,8.091,-0.088,5.016,4.926
1423701086853,37.497753,139.921424,6,7.969,0.285,5.019,4.846
1423701086953,37.497753,139.921419,6,7.828,0.328,4.885,4.768
1423701087054,37.497753,139.921415,6,7.804,0.306,5.016,4.69
1423701087155,37.497753,139.921411,6,7.94,0.185,5.226,4.614
1423701087255,37.497753,139.921407,6,7.797,0.314,4.882,4.539
1423701087351,37.497753,139.921403,6,7.866,0.337,4.993,4.469
1423701087452,37.497753,139.921399,6,7.967,0.316,4.85,4.396
1423701087553,37.497753,139.921395,6,8.121,0.157,4.948,4.324
1423701087653,37.497753,139.921391,6,8.02,0.096,4.782,4.255
1423701087754,37.497754,139.921387,6,8.021,0.021,4.766,4.25
1423701087855,37.497755,139.921382,6,8.119,0.108,4.899,4.25
1423701087955,37.497756,139.921377,6,7.965,0.27,4.512,4.25
1423701088051,37.497757,139.921373,6,7.795,0.29,4.431,4.25
1423701088152,37.497757,139.921368,6,8.064,0.309,4.63,4.25
1423701088252,37.497758,139.921363,6,8.372,0.186,4.886,4.25
1423701088353,37.497759,139.921358,6,8.199,0.272,4.751,4.25
1423701088454,37.49776,139.921354,6,7.86,0.379,4.391,4.25
1423701088555,37.497761,139.921349,6,7.943,0.277,4.527,4.25
1423701088655,37.497762,139.921344,6,8.225,0.14,4.855,4.25
1423701088751,37.497761,139.92134,6,8.239,-0.069,5.005,4.176
1423701088852,37.49776,139.921336,6,8.169,-0.157,4.937,4.095
1423701088952,37.497759,139.921332,6,7.994,0.035,4.838,4.016
1423701089053,37.497758,139.921328,6,7.981,0.189,4.793,3.938
1423701089154,37.497757,139.921324,6,8.062,0.215,4.898,3.861
1423701089255,37.497756,139.92132,6,7.788,0.225,4.702,3.786
1423701089355,37.497756,139.921316,6,7.835,0.175,4.802,3.713
1423701089451,37.497755,139.921313,6,8.023,0.157,5.065,3.645
1423701089552,37.497754,139.921309,6,8.084,0.082,5.161,3.574
1423701089652,37.497753,139.921305,6,7.88,0.098,5.036,3.505
1423701089753,37.497753,139.921301,6,7.709,-0.071,5.119,3.423
1423701089854,37.497754,139.921298,6,7.692,-0.143,5.203,3.34
1423701089954,37.497754,139.921294,6,7.657,-0.104,5.34,3.261
1423701090055,37.497754,139.92129,6,7.607,0.013,5.411,3.182
1423701090151,37.497755,139.921287,6,7.572,0.033,5.571,3.109
1423701090251,37.497755,139.921283,6,7.571,0.033,5.712,3.035
1423701090352,37.497755,139.92128,6,7.574,-0.023,5.727,2.962
1423701090453,37.497755,139.921277,6,7.583,-0.102,5.706,2.89
1423701090554,37.497756,139.921273,6,7.505,-0.194,5.65,2.821
1423701090654,37.497756,139.92127,6,7.435,-0.172,5.634,2.754
1423701090755,37.497757,139.921268,6,7.4,-0.182,5.626,2.636
1423701090851,37.497758,139.921267,6,7.472,-0.142,5.654,2.525
1423701090951,37.497759,139.921265,6,7.632,-0.084,5.824,2.413
1423701091052,37.49776,139.921263,6,7.613,-0.008,5.832,2.305
1423701091153,37.49776,139.921262,6,7.392,-0.126,5.565,2.201
1423701091254,37.497761,139.92126,6,7.328,-0.256,5.405,2.102
1423701091354,37.497762,139.921259,6,7.55,-0.368,5.553,2.009
1423701091455,37.497763,139.921258,6,7.711,-0.515,5.687,1.919
1423701091551,37.497763,139.921256,6,7.627,-0.499,5.656,1.837
1423701091651,37.497764,139.921255,6,7.493,-0.358,5.459,1.757
1423701091752,37.497764,139.921254,5,7.539,-0.221,5.439,1.725
1423701091853,37.497765,139.921253,5,7.624,-0.199,5.477,1.699
1423701091953,37.497766,139.921252,5,7.719,-0.261,5.316,1.673
1423701092054,37.497766,139.921251,5,7.908,-0.287,5.126,1.647
1423701092155,37.497767,139.92125,5,7.973,-0.212,4.905,1.621
1423701092251,37.497767,139.921249,5,7.902,-0.347,4.778,1.598
1423701092351,37.497768,139.921248,5,7.999,-0.623,4.8,1.573
1423701092452,37.497768,139.921247,5,8.129,-0.636,4.872,1.549
1423701092553,37.497768,139.921246,5,8.286,-0.394,4.638,1.525
1423701092653,37.497769,139.921245,5,8.339,-0.22,4.42,1.502
1423701092754,37.49777,139.921244,5,8.336,-0.425,4.231,1.5
1423701092855,37.497771,139.921242,5,8.412,-0.634,4.054,1.5
1423701092956,37.497771,139.921241,5,8.473,-0.849,3.861,1.5
1423701093051,37.497772,139.92124,5,8.408,-0.979,3.587,1.5
1423701093152,37.497773,139.921239,5,8.473,-0.901,3.448,1.5
1423701093253,37.497774,139.921237,5,8.448,-0.925,3.135,1.5
1423701093353,37.497775,139.921236,5,8.795,-0.829,3.637,1.5
1423701093454,37.497775,139.921235,5,8.759,-0.946,3.87,1.5
1423701093555,37.497776,139.921233,5,8.504,-1.027,3.906,1.5
1423701093655,37.497777,139.921232,5,8.583,-0.973,3.915,1.5
1423701093751,37.497779,139.921231,6,8.803,-1.089,3.969,1.583
1423701093852,37.497782,139.92123,6,8.641,-1.233,3.963,1.683
1423701093952,37.497786,139.921228,6,8.424,-1.359,4.009,1.789
1423701094053,37.497789,139.921227,6,8.268,-1.41,4.087,1.904
1423701094154,37.497793,139.921225,6,7.982,-1.259,3.729,2.026
1423701094255,37.497796,139.921223,6,8.247,-1.451,4.132,2.155
1423701094355,37.4978,139.921221,6,8.568,-1.785,4.504,2.291
1423701094451,37.497804,139.921219,6,8.433,-2.005,4.247,2.428
1423701094552,37.497809,139.921217,6,8.071,-1.929,4.096,2.58
1423701094652,37.497814,139.921215,6,8.106,-1.727,4.123,2.737
1423701094753,37.497817,139.921215,6,8.232,-1.527,4.035,2.772
1423701094854,37.497819,139.921215,6,8.162,-1.596,4.146,2.797
1423701094955,37.497822,139.921215,6,7.931,-1.681,4.576,2.821
1423701095055,37.497825,139.921215,6,7.842,-1.803,4.898,2.846
1423701095151,37.497828,139.921215,6,7.793,-1.835,5.098,2.87
1423701095252,37.497831,139.921215,6,7.614,-1.801,5.156,2.895
1423701095352,37.497834,139.921215,6,7.763,-1.422,5.117,2.921
1423701095453,37.497837,139.921215,6,7.965,-1.204,5.307,2.946
1423701095554,37.49784,139.921215,6,7.861,-1.151,5.303,2.972
1423701095654,37.497843,139.921215,6,7.764,-1.135,5.121,2.998
1423701095755,37.497846,139.921216,4,7.736,-1.157,5.186,3.023
1423701095856,37.497849,139.921216,4,7.832,-1.117,5.159,3.047
1423701095952,37.497851,139.921217,4,7.952,-1.11,4.967,3.071
1423701096051,37.497854,139.921218,4,8.233,-0.988,4.571,3.095
1423701096153,37.497857,139.921218,4,8.491,-0.978,4.093,3.121
1423701096252,37.49786,139.921219,4,8.546,-0.963,3.631,3.146
1423701096354,37.497863,139.92122,4,8.57,-0.902,3.245,3.171
1423701096453,37.497866,139.921221,4,8.633,-0.95,3.19,3.197
1423701096551,37.497869,139.921221,4,8.813,-0.936,3.547,3.222
1423701096651,37.497872,139.921222,4,8.712,-0.908,3.577,3.248
1423701096752,37.497875,139.921223,5,8.626,-0.76,3.363,3.272
1423701096853,37.497879,139.921224,5,8.526,-0.586,3.179,3.297
1423701096954,37.497882,139.921225,5,8.664,-0.482,3.321,3.322
1423701097054,37.497885,139.921227,5,8.901,-0.537,3.654,3.346
1423701097155,37.497889,139.921228,5,8.867,-0.507,3.663,3.371
1423701097251,37.497892,139.921229,5,8.642,-0.422,3.553,3.396
1423701097351,37.497896,139.92123,5,8.651,-0.326,3.441,3.421
1423701097452,37.4979,139.921231,5,8.615,-0.284,3.539,3.446
1423701097553,37.497903,139.921233,5,8.551,-0.207,3.715,3.472
1423701097654,37.497907,139.921234,5,8.482,-0.002,3.928,3.498
1423701097754,37.497911,139.921235,6,8.646,0.106,3.859,3.544
1423701097855,37.497914,139.921236,6,8.624,0.09,3.718,3.592
1423701097951,37.497918,139.921237,6,8.435,0.026,3.796,3.639
1423701098051,37.497922,139.921238,6,8.39,-0.055,4.068,3.688
1423701098152,37.497926,139.921239,6,8.467,-0.104,4.349,3.738
1423701098253,37.49793,139.92124,6,8.4,-0.159,4.479,3.788
1423701098353,37.497934,139.921241,6,8.198,-0.05,4.477,3.839
1423701098454,37.497938,139.921243,6,7.844,0.107,4.721,3.892
1423701098555,37.497943,139.921244,6,7.871,0.04,5.004,3.944
1423701098651,37.497947,139.921245,6,8.159,-0.074,5.08,3.995
1423701098751,37.49795,139.921246,6,8.011,0.014,4.803,4.0
1423701098852,37.497954,139.921247,6,7.736,0.1,4.694,4.0
1423701098953,37.497957,139.921249,6,7.84,0.076,4.886,4.0
1423701099053,37.497961,139.92125,6,8.083,0.014,5.05,4.0
1423701099154,37.497964,139.921251,6,8.003,-0.006,4.981,4.0
1423701099255,37.497968,139.921252,6,7.844,0.007,4.897,4.0
1423701099355,37.497971,139.921253,6,7.894,-0.037,4.966,4.0
1423701099451,37.497975,139.921254,6,7.913,-0.12,4.852,4.0
1423701099552,37.497978,139.921256,6,7.99,-0.13,5.069,4.0
1423701099653,37.497982,139.921257,6,8.027,-0.045,5.103,4.0
1423701099753,37.497988,139.921258,8,7.866,-0.052,5.039,4.044
1423701099854,37.497994,139.921259,8,7.988,0.036,5.1,4.092
1423701099955,37.498,139.92126,8,7.825,-0.012,4.874,4.141
1423701100055,37.498006,139.921262,8,7.588,0.016,4.683,4.19
1423701100151,37.498012,139.921263,8,7.743,0.048,4.769,4.238
1423701100252,37.498018,139.921264,8,8.001,0.003,4.988,4.289
1423701100352,37.498025,139.921265,8,8.092,-0.157,5.107,4.34
1423701100453,37.498031,139.921266,8,7.929,-0.147,5.042,4.392
1423701100554,37.498038,139.921268,8,7.97,-0.154,5.072,4.444
1423701100655,37.498045,139.921269,8,7.942,-0.128,5.123,4.497
1423701100755,37.49805,139.921269,8,7.961,0.016,5.094,4.45
1423701100851,37.498055,139.92127,8,7.904,-0.081,5.076,4.4
1423701100952,37.49806,139.92127,8,7.875,-0.162,5.094,4.348
1423701101052,37.498065,139.92127,8,7.95,-0.23,5.084,4.297
1423701101153,37.49807,139.921271,8,7.912,-0.225,4.951,4.246
1423701101254,37.498075,139.921271,8,7.855,-0.187,4.89,4.196
1423701101355,37.49808,139.921271,8,7.849,-0.154,4.91,4.146
1423701101455,37.498085,139.921271,8,7.941,-0.151,4.994,4.098
1423701101551,37.49809,139.921272,8,7.977,-0.138,5.022,4.052
1423701101652,37.498095,139.921272,8,7.916,-0.09,4.965,4.004
1423701101752,37.498098,139.921273,8,7.863,-0.089,4.966,4.0
1423701101853,37.498102,139.921274,8,7.875,-0.05,4.977,4.0
1423701101954,37.498105,139.921275,8,7.982,-0.022,4.991,4.0
1423701102054,37.498109,139.921276,8,7.951,-0.046,4.936,4.0
1423701102155,37.498112,139.921277,8,7.906,-0.117,4.887,4.0
1423701102251,37.498116,139.921278,8,7.927,-0.181,4.86,4.0
1423701102352,37.498119,139.921279,8,7.956,-0.214,4.831,4.0
1423701102452,37.498123,139.92128,8,7.961,-0.225,4.832,4.0
1423701102553,37.498126,139.921281,8,7.965,-0.158,4.815,4.0
1423701102654,37.49813,139.921282,8,8.062,-0.115,4.897,4.0
1423701102754,37.498132,139.921283,7,8.091,-0.094,4.933,3.95
1423701102855,37.498135,139.921284,7,8.059,-0.09,4.96,3.897
1423701102951,37.498137,139.921285,7,7.871,0.0,4.698,3.848
1423701103051,37.498139,139.921286,7,7.847,0.076,4.597,3.797
1423701103152,37.498142,139.921287,7,8.058,0.044,4.79,3.746
1423701103253,37.498144,139.921288,7,8.174,0.006,4.995,3.695
1423701103354,37.498146,139.921289,7,7.938,0.055,4.669,3.646
1423701103454,37.498149,139.92129,7,8.086,-0.063,4.829,3.598
1423701103555,37.498151,139.921291,7,8.285,-0.296,4.957,3.549
1423701103651,37.498153,139.921292,7,8.112,-0.395,4.73,3.504
1423701103751,37.498155,139.921292,7,8.346,-0.466,4.359,3.476
1423701103852,37.498158,139.921292,7,8.25,-0.485,3.832,3.451
1423701103953,37.49816,139.921292,7,7.864,-0.469,3.697,3.425
1423701104054,37.498162,139.921292,7,8.249,-0.292,4.156,3.399
1423701104154,37.498165,139.921292,7,8.834,-0.132,4.445,3.374
1423701104255,37.498167,139.921293,7,8.754,-0.028,4.169,3.349
1423701104351,37.498169,139.921293,7,8.745,0.003,3.531,3.325
1423701104451,37.498171,139.921293,7,8.766,0.111,3.21,3.301
1423701104552,37.498174,139.921293,7,8.651,0.224,3.143,3.276
1423701104653,37.498176,139.921293,7,8.774,-0.013,3.395,3.252
1423701104754,37.498179,139.921294,6,8.77,-0.259,3.419,3.273
1423701104854,37.498182,139.921295,6,8.386,-0.401,3.264,3.297
1423701104955,37.498185,139.921296,6,8.151,-0.335,2.992,3.322
1423701105051,37.498187,139.921297,6,8.833,-0.28,3.519,3.346
1423701105151,37.49819,139.921298,6,9.236,-0.202,3.947,3.37
1423701105252,37.498193,139.921299,6,9.173,0.02,3.889,3.396
1423701105353,37.498197,139.921301,6,8.654,-0.029,3.183,3.421
1423701105453,37.4982,139.921302,6,8.276,-0.072,2.706,3.447
1423701105554,37.498203,139.921303,6,8.693,-0.067,3.173,3.473
1423701105655,37.498206,139.921304,6,8.983,-0.119,3.635,3.499
1423701105755,37.498209,139.921305,8,8.758,-0.156,3.589,3.5
1423701105851,37.498212,139.921305,8,8.54,-0.068,3.187,3.5
1423701105952,37.498215,139.921306,8,8.599,0.028,3.133,3.5
1423701106052,37.498219,139.921307,8,8.679,0.113,3.471,3.5
1423701106153,37.498222,139.921307,8,8.358,0.021,3.556,3.5
1423701106254,37.498225,139.921308,8,8.224,-0.101,3.769,3.5
1423701106355,37.498228,139.921309,8,8.254,0.065,4.093,3.5
1423701106455,37.498231,139.92131,8,8.634,-0.144,5.086,3.5
1423701106551,37.498235,139.92131,8,8.616,-0.257,5.193,3.5
1423701106652,37.498238,139.921311,8,8.109,-0.116,4.639,3.5
1423701106753,37.498241,139.921312,8,7.77,-0.177,4.272,3.617
1423701106853,37.498244,139.921313,8,7.908,-0.145,4.453,3.748
1423701106954,37.498248,139.921315,8,8.221,0.081,4.538,3.886
1423701107055,37.498251,139.921316,8,8.293,0.173,4.644,4.029
1423701107155,37.498255,139.921317,8,8.265,0.092,4.525,4.176
1423701107251,37.498258,139.921319,8,8.182,-0.036,4.563,4.323
1423701107352,37.498262,139.92132,8,8.178,0.08,4.671,4.482
1423701107452,37.498266,139.921322,8,8.22,0.148,4.787,4.644
1423701107553,37.49827,139.921323,8,8.114,-0.013,4.626,4.814
1423701107654,37.498275,139.921325,8,8.074,0.135,4.515,4.989
1423701107755,37.498279,139.921326,8,8.053,0.142,4.543,4.976
1423701107855,37.498284,139.921327,8,8.225,0.176,4.527,4.95
1423701107951,37.498288,139.921328,8,8.359,0.197,4.692,4.926
1423701108052,37.498293,139.921329,8,8.213,0.136,4.689,4.9
1423701108152,37.498297,139.921329,8,8.181,0.156,4.712,4.875
1423701108253,37.498302,139.92133,8,8.334,0.103,4.394,4.85
1423701108354,37.498306,139.921331,8,8.371,0.088,4.095,4.825
1423701108454,37.498311,139.921332,8,8.421,0.032,3.578,4.8
1423701108555,37.498315,139.921333,8,8.577,-0.025,3.647,4.776
1423701108651,37.49832,139.921334,8,8.6,0.105,3.615,4.752
1423701108752,37.498325,139.921335,8,8.859,0.116,3.703,4.794
1423701108852,37.498331,139.921337,8,8.83,0.079,3.654,4.842
1423701108953,37.498338,139.921338,8,8.69,0.031,3.584,4.891
1423701109054,37.498344,139.92134,8,8.61,0.029,3.581,4.941
1423701109154,37.49835,139.921341,8,8.976,0.038,3.924,4.991
1423701109255,37.498356,139.921343,8,8.383,0.004,3.419,5.041
1423701109351,37.498362,139.921344,8,8.418,-0.049,3.393,5.09
1423701109452,37.498369,139.921346,8,8.757,0.024,3.789,5.142
1423701109552,37.498375,139.921347,8,8.845,0.04,4.196,5.194
1423701109653,37.498382,139.921349,8,8.853,-0.087,4.437,5.246
1423701109754,37.498388,139.921352,9,8.337,0.129,4.011,5.337
1423701109854,37.498395,139.921355,9,8.143,0.211,3.889,5.43
1423701109955,37.498402,139.921359,9,8.354,0.028,4.153,5.527
1423701110051,37.498409,139.921362,9,8.586,-0.058,4.184,5.62
1423701110157,37.498416,139.921366,9,8.494,-0.098,4.171,5.725
1423701110252,37.498423,139.921369,9,8.161,-0.032,3.806,5.821
1423701110351,37.49843,139.921373,9,8.141,-0.013,3.959,5.922
1423701110454,37.498438,139.921376,9,8.207,-0.006,4.415,6.03
1423701110553,37.498446,139.92138,9,8.35,-0.118,4.564,6.135
1423701110655,37.498454,139.921384,9,8.231,-0.121,4.55,6.245
1423701110751,37.498459,139.921385,9,7.978,-0.088,4.548,6.25
1423701110851,37.498464,139.921387,9,7.746,-0.045,4.712,6.25
1423701110952,37.49847,139.921388,9,7.932,-0.069,4.65,6.25
1423701111053,37.498475,139.92139,9,8.02,-0.143,4.784,6.25
1423701111153,37.498481,139.921391,9,7.986,-0.147,4.869,6.25
1423701111254,37.498486,139.921392,9,8.106,-0.188,4.795,6.25
1423701111355,37.498492,139.921394,9,8.001,-0.117,4.705,6.25
1423701111451,37.498497,139.921395,9,7.852,-0.176,4.73,6.25
1423701111551,37.498502,139.921396,9,7.897,-0.196,4.683,6.25
1423701111652,37.498508,139.921398,9,7.986,-0.171,4.716,6.25
1423701111753,37.498513,139.921402,7,8.154,-0.123,4.79,6.122
1423701111853,37.498518,139.921406,7,7.736,-0.193,4.509,5.987
1423701111954,37.498524,139.92141,7,7.654,-0.08,4.395,5.854
1423701112055,37.498529,139.921414,7,8.105,0.021,4.741,5.723
1423701112155,37.498534,139.921418,7,8.567,0.026,5.227,5.597
1423701112251,37.498538,139.921421,7,8.687,-0.012,5.431,5.478
1423701112352,37.498543,139.921425,7,8.046,0.153,4.804,5.355
1423701112453,37.498548,139.921429,7,7.702,0.438,4.45,5.236
1423701112553,37.498552,139.921432,7,7.751,0.344,4.488,5.12
1423701112654,37.498557,139.921436,7,8.04,0.229,4.486,5.007
1423701112755,37.498561,139.921439,7,7.945,-0.038,4.474,5.0
1423701112855,37.498565,139.921442,7,7.99,-0.101,4.56,5.0
1423701112951,37.498568,139.921444,7,8.241,-0.046,4.918,5.0
1423701113052,37.498572,139.921447,7,8.747,-0.029,5.746,5.0
1423701113152,37.498576,139.92145,7,8.426,-0.1,5.41,5.0
1423701113253,37.49858,139.921453,7,7.961,0.285,4.837,5.0
1423701113354,37.498584,139.921456,7,7.673,0.248,4.346,5.0
1423701113455,37.498588,139.921459,7,7.538,-0.069,4.086,5.0
1423701113555,37.498592,139.921462,7,7.877,-0.197,4.378,5.0
1423701113651,37.498596,139.921465,7,8.162,-0.204,4.469,5.0
1423701113752,37.4986,139.921465,7,8.297,-0.153,4.844,5.044
1423701113852,37.498605,139.921464,7,8.163,-0.112,4.962,5.092
1423701113953,37.49861,139.921464,7,8.533,-0.161,5.295,5.142
1423701114054,37.498616,139.921464,7,8.54,0.073,5.355,5.191
1423701114155,37.498621,139.921464,7,7.828,0.108,4.574,5.242
1423701114255,37.498626,139.921463,7,7.369,0.093,3.882,5.292
1423701114351,37.498631,139.921463,7,7.252,0.076,3.564,5.34
1423701114452,37.498636,139.921463,7,7.833,0.111,4.01,5.392
1423701114552,37.498641,139.921462,7,8.596,0.298,4.825,5.444
1423701114653,37.498647,139.921462,7,9.11,-0.099,5.607,5.496
1423701114754,37.498651,139.921464,7,8.826,-0.181,5.163,5.5
1423701114854,37.498656,139.921465,7,7.992,0.168,4.287,5.5
1423701114955,37.498661,139.921467,7,7.673,0.212,4.123,5.5
1423701115051,37.498665,139.921469,7,8.243,-0.006,4.406,5.5
1423701115152,37.49867,139.92147,7,8.678,-0.314,4.565,5.5
1423701115252,37.498674,139.921472,7,8.509,-0.038,4.331,5.5
1423701115353,37.498679,139.921474,7,8.232,0.047,3.937,5.5
1423701115454,37.498684,139.921476,7,8.095,-0.073,4.152,5.5
1423701115554,37.498688,139.921477,7,8.396,-0.088,4.467,5.5
1423701115655,37.498693,139.921479,7,8.341,-0.026,4.441,5.5
1423701115751,37.498697,139.921481,6,8.279,-0.063,4.238,5.5
1423701115852,37.498701,139.921484,6,8.226,0.009,4.141,5.5
1423701115952,37.498706,139.921487,6,8.324,-0.06,4.249,5.5
1423701116053,37.49871,139.92149,6,8.248,0.01,4.258,5.5
1423701116154,37.498714,139.921492,6,8.228,-0.099,4.312,5.5
1423701116254,37.498719,139.921495,6,8.337,-0.116,4.37,5.5
1423701116355,37.498723,139.921498,6,8.402,-0.131,4.492,5.5
1423701116451,37.498727,139.9215,6,8.046,-0.154,4.271,5.5
1423701116551,37.498731,139.921503,6,7.941,0.068,4.415,5.5
1423701116652,37.498736,139.921506,6,8.038,0.101,4.632,5.5
1423701116753,37.498741,139.921508,7,8.126,0.019,4.839,5.451
1423701116854,37.498746,139.921511,7,8.193,0.028,4.806,5.399
1423701116954,37.498751,139.921513,7,8.137,-0.012,4.681,5.348
1423701117055,37.498756,139.921515,7,7.867,-0.077,4.461,5.297
1423701117151,37.49876,139.921518,7,7.823,-0.11,4.587,5.249
1423701117251,37.498765,139.92152,7,8.176,-0.169,4.823,5.199
1423701117352,37.49877,139.921522,7,8.257,0.018,4.876,5.149
1423701117453,37.498774,139.921524,7,7.937,0.175,4.58,5.1
1423701117553,37.498779,139.921527,7,7.973,0.151,4.624,5.051
1423701117654,37.498784,139.921529,7,8.1,0.237,4.697,5.003
1423701117755,37.498788,139.92153,7,8.469,0.218,5.23,5.0
1423701117851,37.498793,139.921531,7,8.383,0.388,5.129,5.0
1423701117951,37.498797,139.921532,7,7.552,0.372,4.253,5.0
1423701118052,37.498802,139.921533,7,7.52,0.138,3.923,5.0
1423701118153,37.498806,139.921533,7,8.327,0.034,4.83,5.0
1423701118253,37.498811,139.921534,7,8.803,-0.053,5.347,5.0
1423701118354,37.498815,139.921535,7,8.3,-0.048,5.062,5.0
1423701118455,37.49882,139.921536,7,7.87,0.029,4.396,5.0
1423701118556,37.498824,139.921537,7,7.796,0.214,4.384,5.0
1423701118651,37.498829,139.921538,7,8.069,0.349,4.676,5.0
1423701118752,37.498833,139.921539,9,8.275,0.247,5.032,5.0
1423701118853,37.498837,139.92154,9,8.208,0.2,4.728,5.0
1423701118953,37.498842,139.921541,9,8.168,-0.021,4.631,5.0
1423701119054,37.498846,139.921542,9,7.923,0.019,4.365,5.0
1423701119155,37.498851,139.921543,9,7.928,0.202,4.471,5.0
1423701119251,37.498855,139.921544,9,8.215,-0.063,4.793,5.0
1423701119352,37.498859,139.921545,9,8.253,0.047,4.82,5.0
1423701119452,37.498864,139.921546,9,8.229,0.228,4.648,5.0
1423701119552,37.498868,139.921547,9,8.027,0.155,4.583,5.0
1423701119653,37.498873,139.921548,9,7.875,0.262,4.421,5.0
1423701119754,37.498877,139.92155,9,8.267,0.066,4.839,4.951
1423701119855,37.498881,139.921551,9,8.344,0.147,4.957,4.898
1423701119955,37.498885,139.921553,9,8.111,0.266,4.705,4.847
1423701120051,37.498889,139.921555,9,8.069,0.181,4.491,4.798
1423701120152,37.498893,139.921557,9,8.145,0.028,4.485,4.747
1423701120252,37.498897,139.921558,9,8.105,0.071,4.474,4.698
1423701120353,37.498901,139.92156,9,8.206,0.122,4.643,4.648
1423701120454,37.498905,139.921562,9,8.113,0.23,4.415,4.599
1423701120554,37.498909,139.921563,9,7.945,0.06,4.215,4.551
1423701120655,37.498913,139.921565,9,8.13,0.109,4.386,4.502
1423701120751,37.498916,139.921567,7,8.39,0.241,4.65,4.426
1423701120852,37.498919,139.921569,7,8.487,0.273,4.727,4.345
1423701120952,37.498923,139.921571,7,8.336,0.151,4.42,4.267
1423701121053,37.498926,139.921572,7,8.335,0.126,4.451,4.189
1423701121154,37.498929,139.921574,7,8.531,0.138,4.332,4.112
1423701121254,37.498932,139.921576,7,8.137,0.14,3.973,4.038
1423701121355,37.498935,139.921578,7,8.011,-0.116,3.497,3.964
1423701121451,37.498938,139.92158,7,8.233,-0.142,3.804,3.895
1423701121552,37.498941,139.921581,7,8.881,-0.023,4.147,3.824
1423701121652,37.498944,139.921583,7,8.947,0.255,4.193,3.755
1423701121753,37.498947,139.921584,6,8.391,0.014,3.749,3.851
1423701121854,37.498951,139.921585,6,8.32,0.023,3.531,3.965
1423701121954,37.498954,139.921586,6,8.294,0.186,3.878,4.08
1423701122055,37.498958,139.921587,6,8.57,0.1,3.779,4.201
1423701122151,37.498962,139.921588,6,8.49,-0.079,3.916,4.319
1423701122251,37.498966,139.921589,6,8.615,-0.183,3.771,4.446
1423701122353,37.49897,139.92159,6,8.495,-0.217,3.631,4.578
1423701122453,37.498974,139.921591,6,8.097,-0.227,3.538,4.712
1423701122554,37.498978,139.921592,6,8.374,-0.146,3.767,4.851
1423701122654,37.498983,139.921593,6,8.376,0.006,3.865,4.991
1423701122755,37.498988,139.921596,7,8.586,-0.006,3.86,5.045
1423701122851,37.498993,139.921599,7,8.679,0.023,3.771,5.092
1423701122951,37.498998,139.921602,7,8.672,-0.025,3.806,5.141
1423701123052,37.499004,139.921605,7,8.505,0.157,3.673,5.19
1423701123153,37.499009,139.921608,7,8.244,0.019,3.703,5.241
1423701123254,37.499014,139.921611,7,8.193,0.08,3.825,5.291
1423701123354,37.49902,139.921614,7,8.256,0.082,4.235,5.342
1423701123455,37.499026,139.921617,7,8.599,0.006,4.724,5.394
1423701123551,37.499031,139.92162,7,8.179,0.044,4.656,5.443
1423701123651,37.499036,139.921624,7,7.841,-0.18,4.803,5.495
1423701123752,37.499041,139.921626,7,7.861,0.432,4.524,5.5
1423701123853,37.499046,139.921628,7,7.891,0.541,4.613,5.5
1423701123953,37.499051,139.92163,7,7.766,0.558,4.394,5.5
1423701124054,37.499056,139.921632,7,7.943,0.475,4.572,5.5
1423701124155,37.49906,139.921634,7,8.061,0.24,4.652,5.5
1423701124256,37.499065,139.921636,7,8.434,0.059,5.374,5.5
1423701124351,37.499069,139.921638,7,8.22,0.104,4.81,5.5
1423701124457,37.499074,139.92164,7,8.16,0.316,4.695,5.5
1423701124553,37.499079,139.921642,7,8.421,0.483,4.384,5.5
1423701124652,37.499084,139.921644,7,8.843,0.203,4.694,5.5
1423701124754,37.499089,139.921646,7,8.43,0.149,4.329,5.369
1423701124853,37.499094,139.921648,7,8.07,0.374,4.002,5.234
1423701124956,37.499099,139.921649,7,8.208,0.183,4.375,5.097
1423701125051,37.499103,139.921651,7,8.204,-0.264,4.648,4.973
1423701125152,37.499108,139.921653,7,7.874,-0.473,4.667,4.845
1423701125253,37.499112,139.921655,7,7.787,-0.049,4.267,4.72
1423701125353,37.499116,139.921656,7,8.424,-0.06,4.926,4.6
1423701125454,37.499121,139.921658,7,8.601,-0.348,5.272,4.481
1423701125555,37.499125,139.921659,7,8.039,-0.124,4.877,4.366
1423701125655,37.499129,139.921661,7,7.903,0.248,4.572,4.255
1423701125751,37.499133,139.921662,8,8.107,0.348,4.675,4.272
1423701125852,37.499138,139.921663,8,8.31,0.024,5.034,4.297
1423701125953,37.499142,139.921664,8,8.18,-0.156,5.042,4.322
1423701126053,37.499147,139.921666,8,8.037,-0.105,4.667,4.347
1423701126154,37.499151,139.921667,8,7.761,-0.102,4.376,4.372
1423701126255,37.499156,139.921668,8,7.789,-0.086,4.441,4.397
1423701126355,37.499161,139.921669,8,8.22,-0.162,5.021,4.422
1423701126451,37.499165,139.92167,8,8.335,-0.141,4.999,4.447
1423701126552,37.49917,139.921672,8,8.25,-0.069,4.73,4.472
1423701126652,37.499175,139.921673,8,7.871,-0.109,4.451,4.498
1423701126753,37.49918,139.921673,10,7.982,-0.122,4.591,4.523
1423701126854,37.499186,139.921674,10,8.185,-0.039,4.861,4.547
1423701126955,37.499192,139.921674,10,8.252,-0.054,4.916,4.572
1423701127055,37.499198,139.921675,10,8.101,0.053,4.709,4.597
1423701127151,37.499204,139.921675,10,8.035,-0.064,4.692,4.621
1423701127252,37.49921,139.921676,10,7.966,-0.04,4.819,4.646
1423701127352,37.499216,139.921676,10,7.995,-0.116,4.877,4.672
1423701127453,37.499222,139.921677,10,8.135,-0.087,5.068,4.697
1423701127554,37.499228,139.921677,10,8.109,-0.301,5.005,4.723
1423701127655,37.499235,139.921678,10,8.027,-0.284,4.967,4.749
1423701127755,37.49924,139.92168,10,7.886,-0.14,5.085,4.75
1423701127851,37.499245,139.921682,10,7.78,-0.118,4.804,4.75
1423701127952,37.49925,139.921684,10,7.745,-0.09,4.899,4.75
1423701128052,37.499256,139.921685,10,7.866,-0.17,5.05,4.75
1423701128153,37.499261,139.921687,10,7.901,-0.222,5.08,4.75
1423701128254,37.499266,139.921689,10,7.669,-0.109,4.834,4.75
1423701128354,37.499272,139.921691,10,7.71,0.056,5.161,4.75
1423701128455,37.499277,139.921693,10,8.045,0.081,5.451,4.75
1423701128551,37.499282,139.921695,10,7.71,-0.178,5.143,4.75
1423701128651,37.499288,139.921697,10,7.61,-0.323,5.369,4.75
1423701128752,37.499292,139.921699,8,7.652,-0.316,5.393,4.556
1423701128853,37.499296,139.921702,8,7.783,-0.04,5.582,4.351
1423701128954,37.4993,139.921705,8,7.751,-0.092,5.704,4.153
1423701129054,37.499304,139.921707,8,7.465,-0.123,5.287,3.966
1423701129155,37.499308,139.921709,8,7.721,0.026,5.703,3.785
1423701129251,37.499311,139.921711,8,7.568,0.047,5.533,3.62
1423701129351,37.499315,139.921713,8,7.204,-0.003,5.068,3.456
1423701129452,37.499318,139.921715,8,7.826,0.205,5.884,3.299
1423701129553,37.499321,139.921717,8,7.899,-0.167,5.944,3.149
1423701129653,37.499324,139.921719,8,7.428,-0.43,5.494,3.01
1423701129754,37.499326,139.92172,7,7.464,-0.407,5.39,2.613
1423701129855,37.499328,139.921721,7,7.867,-0.198,6.015,2.232
1423701129951,37.49933,139.921722,7,7.654,0.049,5.945,1.904
1423701130051,37.499331,139.921723,7,7.245,0.106,5.332,1.597
1423701130152,37.499333,139.921724,7,7.218,-0.034,5.322,1.324
1423701130253,37.499334,139.921724,7,7.324,-0.028,5.536,1.087
1423701130353,37.499335,139.921725,7,7.577,-0.113,5.812,0.888
1423701130454,37.499336,139.921725,7,7.594,-0.121,5.642,0.723
1423701130555,37.499337,139.921726,7,7.592,0.014,5.622,0.595
1423701130651,37.499337,139.921726,7,7.628,-0.149,5.727,0.507
1423701130751,37.499338,139.921726,5,7.642,-0.249,6.1,0.55
1423701130852,37.499339,139.921727,5,7.441,-0.3,5.643,0.614
1423701130953,37.499341,139.921727,5,7.148,-0.083,5.722,0.689
1423701131053,37.499342,139.921728,5,7.477,0.341,5.442,0.774
1423701131154,37.499344,139.921729,5,7.474,-0.127,4.899,0.869
1423701131255,37.499346,139.921729,5,7.883,-1.017,5.121,0.975
1423701131355,37.499348,139.92173,5,8.383,-1.107,5.355,1.089
1423701131451,37.49935,139.921731,5,8.103,-0.367,5.079,1.208
1423701131552,37.499353,139.921732,5,7.796,0.125,4.658,1.344
1423701131653,37.499356,139.921733,5,7.848,0.017,4.612,1.49
1423701131753,37.499357,139.921732,5,8.054,-0.124,4.808,1.365
1423701131854,37.499359,139.921732,5,8.051,-0.016,4.917,1.228
1423701131955,37.49936,139.921731,5,7.97,0.176,5.014,1.101
1423701132055,37.499361,139.92173,5,7.981,0.264,5.12,0.986
1423701132151,37.499362,139.92173,5,7.934,0.132,5.014,0.884
1423701132252,37.499363,139.921729,5,7.941,-0.188,4.858,0.787
1423701132352,37.499364,139.921729,5,7.976,-0.293,4.69,0.701
1423701132453,37.499365,139.921729,5,7.962,-0.182,4.485,0.625
1423701132554,37.499365,139.921728,5,7.966,0.012,4.455,0.559
1423701132655,37.499366,139.921728,5,8.187,0.084,4.564,0.503
1423701132755,37.499367,139.921728,5,8.289,0.116,4.675,0.5
1423701132851,37.499368,139.921729,5,8.199,0.046,4.592,0.5
1423701132952,37.499368,139.921729,5,8.046,-0.061,4.467,0.5
1423701133052,37.499369,139.92173,5,8.046,-0.063,4.338,0.5
1423701133153,37.49937,139.92173,5,8.159,0.015,4.33,0.5
1423701133254,37.499371,139.92173,5,8.278,0.224,4.65,0.5
1423701133355,37.499372,139.921731,5,8.381,0.272,5.082,0.5
1423701133455,37.499372,139.921731,5,8.426,0.331,5.038,0.5
1423701133551,37.499373,139.921732,5,8.126,0.304,4.377,0.5
1423701133652,37.499374,139.921732,5,8.27,0.023,4.07,0.5
1423701133752,37.499374,139.921732,5,8.524,-0.314,4.032,0.5
1423701133853,37.499375,139.921732,5,8.644,-0.435,4.037,0.5
1423701133954,37.499375,139.921732,5,8.537,-0.153,3.599,0.5
1423701134054,37.499376,139.921732,5,8.414,0.029,3.401,0.5
1423701134155,37.499376,139.921732,5,8.508,0.016,3.517,0.5
1423701134251,37.499376,139.921733,5,8.758,0.232,3.549,0.5
1423701134352,37.499377,139.921733,5,8.62,0.306,3.602,0.5
1423701134452,37.499377,139.921733,5,8.845,0.526,3.803,0.5
1423701134553,37.499378,139.921733,5,9.466,0.95,4.224,0.5
1423701134654,37.499378,139.921733,5,8.934,0.782,4.6,0.5
1423701134754,37.499378,139.921733,5,8.141,0.426,3.816,0.5
1423701134855,37.499378,139.921732,5,7.712,0.415,3.612,0.5
1423701134951,37.499378,139.921732,5,7.952,0.491,3.916,0.5
1423701135051,37.499378,139.921732,5,8.287,0.567,4.366,0.5
1423701135152,37.499378,139.921732,5,8.362,0.618,4.52,0.5
1423701135253,37.499378,139.921731,5,8.075,0.638,4.254,0.5
1423701135354,37.499378,139.921731,5,8.067,0.478,4.306,0.5
1423701135454,37.499378,139.921731,5,8.398,0.63,4.753,0.5
1423701135555,37.499378,139.92173,5,8.315,0.776,4.72,0.5
1423701135651,37.499378,139.92173,5,8.182,0.888,4.282,0.5
1423701135751,37.499378,139.921729,5,8.125,0.767,4.202,0.519
1423701135852,37.499378,139.921728,5,8.249,0.558,4.132,0.54
1423701135953,37.499379,139.921727,5,8.216,0.58,4.219,0.563
1423701136054,37.499379,139.921727,5,8.199,0.754,4.412,0.587
1423701136154,37.499379,139.921726,5,8.337,0.87,4.633,0.611
1423701136255,37.49938,139.921725,5,8.484,0.926,4.714,0.637
1423701136351,37.49938,139.921724,5,8.331,0.921,4.365,0.662
1423701136451,37.49938,139.921722,5,8.137,0.782,3.931,0.689
1423701136552,37.499381,139.921721,5,8.127,0.595,3.92,0.718
1423701136653,37.499381,139.92172,5,8.427,0.79,3.912,0.748
1423701136753,37.499381,139.921719,5,8.774,1.074,4.094,0.786
1423701136854,37.499382,139.921718,5,8.785,1.128,4.139,0.827
1423701136955,37.499382,139.921716,5,8.557,1.188,3.742,0.872
1423701137056,37.499383,139.921715,5,8.386,1.125,3.345,0.918
1423701137151,37.499384,139.921713,5,8.512,0.915,3.323,0.964
1423701137252,37.499384,139.921711,5,8.669,0.804,3.375,1.016
1423701137353,37.499385,139.92171,5,8.602,1.054,3.375,1.07
1423701137453,37.499386,139.921708,5,8.478,1.447,3.313,1.126
1423701137554,37.499386,139.921706,5,8.632,1.633,3.574,1.185
1423701137655,37.499387,139.921704,5,8.795,1.727,4.038,1.247
1423701137755,37.499388,139.921702,5,8.466,1.731,4.014,1.32
1423701137851,37.499389,139.9217,5,7.943,1.859,3.578,1.397
1423701137952,37.49939,139.921697,5,8.213,1.834,3.848,1.483
1423701138053,37.499391,139.921695,5,8.834,1.531,4.117,1.575
1423701138153,37.499392,139.921692,5,8.703,1.097,4.136,1.672
1423701138254,37.499393,139.921689,5,8.391,0.476,4.114,1.775
1423701138355,37.499395,139.921686,5,8.318,0.032,4.301,1.884
1423701138455,37.499396,139.921683,5,8.195,-0.203,4.46,1.998
1423701138556,37.499397,139.92168,5,8.126,-0.015,4.51,2.119
1423701138652,37.499399,139.921676,5,8.042,0.104,4.821,2.24
1423701138751,37.4994,139.921673,5,7.978,0.153,4.804,2.291
1423701138853,37.499401,139.92167,5,7.954,0.056,4.625,2.339
1423701138952,37.499403,139.921667,5,8.093,0.153,4.613,2.386
1423701139055,37.499404,139.921663,5,8.239,0.525,4.647,2.436
1423701139154,37.499406,139.92166,5,8.053,0.677,4.499,2.485
1423701139251,37.499407,139.921657,5,8.006,0.47,4.555,2.533
1423701139352,37.499408,139.921653,5,8.179,0.295,4.768,2.585
1423701139452,37.49941,139.92165,5,8.153,0.003,4.769,2.638
1423701139553,37.499411,139.921646,5,8.189,-0.261,4.771,2.692
1423701139654,37.499413,139.921642,5,8.436,-0.37,4.39,2.747
1423701139755,37.499414,139.921639,5,8.554,-0.287,3.753,2.75
1423701139855,37.499415,139.921636,5,8.608,-0.221,3.222,2.75
1423701139951,37.499416,139.921634,5,8.62,-0.197,3.019,2.75
1423701140052,37.499417,139.921631,5,8.732,0.04,3.217,2.75
1423701140152,37.499418,139.921628,5,8.956,0.136,3.322,2.75
1423701140253,37.49942,139.921625,5,9.01,0.106,3.015,2.75
1423701140354,37.499421,139.921622,5,8.833,0.208,2.717,2.75
1423701140454,37.499422,139.921619,5,8.799,0.232,2.737,2.75
1423701140555,37.499423,139.921616,5,8.999,0.236,2.939,2.75
1423701140651,37.499424,139.921613,5,9.069,0.198,3.011,2.75
1423701140752,37.499425,139.921608,6,8.963,0.122,2.947,2.889
1423701140852,37.499427,139.921602,6,8.904,0.09,2.895,3.051
1423701140953,37.499429,139.921596,6,8.814,0.026,2.825,3.226
1423701141054,37.499431,139.921589,6,8.897,0.003,2.873,3.411
1423701141154,37.499433,139.921582,6,8.903,-0.055,2.971,3.605
1423701141255,37.499435,139.921574,6,9.209,0.04,3.34,3.811
1423701141351,37.499437,139.921567,6,9.268,0.093,3.517,4.018
1423701141451,37.49944,139.921558,6,8.715,0.131,3.099,4.244
1423701141552,37.499442,139.92155,6,8.574,0.183,2.973,4.483
1423701141653,37.499445,139.921541,6,8.671,0.175,3.19,4.732
1423701141754,37.499446,139.921535,6,8.696,0.129,3.403,4.75
1423701141854,37.499448,139.92153,6,8.791,0.101,3.458,4.75
1423701141955,37.499449,139.921526,6,8.65,0.207,3.358,4.75
1423701142051,37.49945,139.921521,6,8.545,0.302,3.56,4.75
1423701142151,37.499451,139.921516,6,8.478,0.256,3.923,4.75
1423701142252,37.499453,139.921511,6,8.484,0.218,4.261,4.75
1423701142353,37.499454,139.921506,6,8.309,0.107,4.403,4.75
1423701142453,37.499455,139.921501,6,8.307,0.086,4.584,4.75
1423701142554,37.499457,139.921496,6,8.343,0.072,4.664,4.75
1423701142655,37.499458,139.921491,6,8.283,0.061,4.608,4.75
1423701142751,37.499463,139.921482,13,8.208,0.08,4.599,4.887
1423701142851,37.499468,139.921471,13,8.103,0.079,4.478,5.042
1423701142952,37.499473,139.92146,13,8.031,0.037,4.421,5.205
1423701143053,37.499479,139.921449,13,8.247,0.101,4.688,5.373
1423701143153,37.499484,139.921437,13,8.163,0.07,4.617,5.545
1423701143254,37.49949,139.921425,13,7.698,0.183,4.007,5.724
1423701143355,37.499496,139.921412,13,8.092,0.091,4.488,5.909
1423701143456,37.499503,139.921399,13,8.442,-0.039,4.897,6.099
1423701143551,37.499509,139.921387,13,8.292,-0.174,4.767,6.283
1423701143652,37.499515,139.921373,13,8.043,-0.177,4.527,6.484
1423701143753,37.499518,139.921365,13,7.913,-0.01,4.606,6.523
1423701143853,37.499521,139.921358,13,8.064,0.015,4.688,6.548
1423701143954,37.499523,139.921351,13,8.256,-0.002,4.661,6.573
1423701144055,37.499526,139.921343,13,8.13,0.086,4.49,6.598
1423701144155,37.499528,139.921336,13,8.196,0.13,4.404,6.623
1423701144251,37.499531,139.921329,13,8.506,0.068,4.381,6.647
1423701144352,37.499533,139.921321,13,8.484,0.068,4.0,6.672
1423701144453,37.499536,139.921314,13,8.378,0.001,3.62,6.697
1423701144553,37.499538,139.921306,13,8.399,-0.057,3.625,6.723
1423701144654,37.499541,139.921298,13,8.656,-0.042,4.025,6.748
1423701144755,37.499543,139.921291,8,8.633,0.031,3.836,6.839
1423701144855,37.499546,139.921285,8,8.54,0.057,3.775,6.934
1423701144951,37.499549,139.921278,8,8.62,0.033,3.715,7.027
1423701145052,37.499552,139.921271,8,8.694,-0.004,3.841,7.126
1423701145152,37.499554,139.921263,8,8.721,-0.005,3.782,7.225
1423701145253,37.499557,139.921256,8,8.557,-0.076,3.867,7.326
1423701145354,37.49956,139.921248,8,8.312,-0.094,3.737,7.429
1423701145455,37.499563,139.921241,8,8.342,-0.178,3.86,7.534
1423701145555,37.499566,139.921233,8,8.591,-0.181,4.205,7.639
1423701145651,37.499569,139.921226,8,8.425,-0.346,4.177,7.74
1423701145752,37.499572,139.921216,9,8.216,-0.305,4.142,7.795
1423701145852,37.499576,139.921205,9,8.135,-0.27,4.33,7.844
1423701145953,37.49958,139.921195,9,8.247,-0.283,4.454,7.893
1423701146054,37.499584,139.921184,9,8.227,-0.267,4.442,7.943
1423701146154,37.499588,139.921174,9,8.135,-0.161,4.514,7.993
1423701146255,37.499592,139.921163,9,8.181,-0.205,4.496,8.044
1423701146351,37.499596,139.921153,9,8.229,-0.194,4.604,8.092
1423701146452,37.4996,139.921142,9,8.266,-0.236,4.61,8.143
1423701146552,37.499604,139.921132,9,8.24,-0.317,4.538,8.194
1423701146653,37.499608,139.921121,9,8.492,-0.324,4.866,8.246
1423701146754,37.499609,139.921112,9,8.305,-0.116,4.493,8.226
1423701146854,37.49961,139.921104,9,7.833,-0.061,3.979,8.201
1423701146955,37.49961,139.921096,9,8.256,0.095,4.264,8.175
1423701147051,37.499611,139.921089,9,8.542,0.033,4.569,8.151
1423701147152,37.499612,139.921081,9,8.261,-0.056,4.28,8.126
1423701147252,37.499613,139.921073,9,8.041,-0.056,4.129,8.101
1423701147353,37.499614,139.921065,9,8.053,-0.025,4.282,8.076
1423701147454,37.499614,139.921057,9,8.255,-0.074,4.2,8.051
1423701147554,37.499615,139.921049,9,8.149,0.003,4.068,8.026
1423701147655,37.499616,139.921041,9,8.264,-0.0,4.304,8.001
1423701147751,37.499619,139.921033,8,8.513,-0.061,4.595,8.0
1423701147851,37.499623,139.921024,8,8.419,-0.127,4.529,8.0
1423701147952,37.499627,139.921015,8,8.271,-0.082,4.353,8.0
1423701148053,37.499631,139.921006,8,8.164,-0.02,4.36,8.0
1423701148154,37.499635,139.920997,8,8.253,-0.033,4.458,8.0
1423701148254,37.499639,139.920988,8,8.312,-0.041,4.514,8.0
1423701148355,37.499642,139.920979,8,8.222,0.026,4.533,8.0
1423701148451,37.499646,139.920971,8,8.168,0.01,4.449,8.0
1423701148551,37.49965,139.920962,8,8.148,-0.043,4.477,8.0
1423701148652,37.499654,139.920953,8,8.211,-0.06,4.478,8.0
1423701148753,37.499656,139.920942,8,8.158,-0.049,4.522,8.023
1423701148854,37.499659,139.920932,8,8.14,0.023,4.471,8.048
1423701148954,37.499661,139.920921,8,8.384,-0.091,4.599,8.073
1423701149055,37.499663,139.920911,8,8.284,-0.177,4.427,8.098
1423701149151,37.499666,139.920901,8,8.257,-0.141,4.293,8.122
1423701149251,37.499668,139.92089,8,8.012,-0.045,3.961,8.147
1423701149352,37.499671,139.92088,8,8.431,0.075,4.307,8.172
1423701149453,37.499673,139.920869,8,8.651,0.015,4.537,8.198
1423701149553,37.499675,139.920858,8,8.017,-0.017,3.953,8.223
1423701149654,37.499678,139.920848,8,8.113,0.032,4.265,8.248
1423701149755,37.49968,139.920838,8,8.427,0.027,4.735,8.25
1423701149851,37.499681,139.920829,8,8.167,0.012,4.736,8.25
1423701149951,37.499683,139.920819,8,7.866,0.028,4.437,8.25
1423701150052,37.499684,139.920809,8,8.046,-0.07,4.654,8.25
1423701150153,37.499686,139.9208,8,8.033,-0.154,4.872,8.25
1423701150253,37.499687,139.92079,8,7.979,-0.204,4.801,8.25
1423701150354,37.499689,139.92078,8,7.972,-0.199,4.855,8.25
1423701150455,37.499691,139.920771,8,7.883,-0.194,4.877,8.25
1423701150555,37.499692,139.920761,8,7.904,-0.26,4.722,8.25
1423701150651,37.499694,139.920752,8,8.039,-0.187,4.784,8.25
1423701150752,37.499699,139.920742,9,7.8,0.031,4.695,8.273
1423701150853,37.499704,139.920731,9,8.273,-0.131,5.13,8.298
1423701150953,37.499709,139.920721,9,8.627,-0.257,5.453,8.322
1423701151054,37.499714,139.92071,9,8.074,-0.238,5.105,8.348
1423701151155,37.499719,139.9207,9,7.792,-0.214,4.576,8.373
1423701151255,37.499724,139.920689,9,7.736,-0.195,4.479,8.398
1423701151351,37.499729,139.920679,9,7.963,-0.185,4.655,8.422
1423701151452,37.499734,139.920669,9,8.275,-0.174,4.986,8.447
1423701151553,37.499739,139.920658,9,8.02,-0.179,4.989,8.473
1423701151653,37.499745,139.920648,9,7.824,-0.176,4.814,8.498
1423701151754,37.499748,139.920639,9,7.842,-0.072,4.677,8.5
1423701151855,37.499752,139.920631,9,7.985,-0.138,4.782,8.5
1423701151955,37.499755,139.920623,9,8.126,-0.07,4.921,8.5
1423701152051,37.499759,139.920615,9,8.207,-0.067,5.121,8.5
1423701152152,37.499762,139.920606,9,8.113,-0.138,5.111,8.5
1423701152252,37.499766,139.920598,9,7.79,-0.179,4.751,8.5
1423701152353,37.499769,139.920589,9,7.817,-0.151,4.603,8.5
1423701152454,37.499773,139.920581,9,8.063,-0.256,4.812,8.5
1423701152555,37.499776,139.920573,9,8.03,-0.247,4.869,8.5
1423701152655,37.49978,139.920564,9,7.973,-0.134,4.811,8.5
1423701152751,37.499783,139.920557,8,8.201,-0.134,5.113,8.404
1423701152857,37.499787,139.920548,8,8.086,-0.144,5.093,8.293
1423701152952,37.49979,139.92054,8,7.674,-0.03,4.554,8.195
1423701153051,37.499793,139.920532,8,7.629,-0.229,4.55,8.094
1423701153154,37.499796,139.920524,8,7.457,-0.202,4.345,7.99
1423701153253,37.499799,139.920517,8,8.056,-0.367,4.884,7.892
1423701153355,37.499803,139.920509,8,8.674,-0.608,5.664,7.792
1423701153451,37.499806,139.920502,8,8.841,-0.604,6.204,7.699
1423701153552,37.499809,139.920494,8,7.752,-0.147,4.969,7.602
1423701153652,37.499812,139.920487,8,6.493,0.229,3.512,7.508
1423701153753,37.499814,139.920478,8,6.679,0.381,3.514,7.476
1423701153854,37.499816,139.920468,8,7.954,0.18,4.508,7.451
1423701153954,37.499817,139.92046,8,8.764,-0.049,5.575,7.426
1423701154055,37.499819,139.92045,8,8.886,-0.079,6.263,7.4
1423701154151,37.499821,139.920442,8,8.37,0.47,6.249,7.376
1423701154251,37.499823,139.920433,8,8.059,0.72,5.471,7.351
1423701154352,37.499825,139.920424,8,7.762,0.395,4.358,7.326
1423701154453,37.499826,139.920415,8,7.749,0.219,3.516,7.301
1423701154554,37.499828,139.920406,8,7.587,0.152,3.517,7.276
1423701154654,37.49983,139.920398,8,8.07,-0.083,4.366,7.251
1423701154755,37.499831,139.920389,8,8.811,-0.118,5.103,7.25
1423701154851,37.499832,139.920382,8,8.451,-0.026,4.886,7.25
1423701154951,37.499833,139.920374,8,7.733,0.053,3.96,7.25
1423701155052,37.499834,139.920366,8,7.704,-0.227,3.955,7.25
1423701155153,37.499835,139.920358,8,8.372,-0.345,4.534,7.25
1423701155254,37.499837,139.920349,8,8.844,-0.119,4.927,7.25
1423701155354,37.499838,139.920341,8,8.533,-0.073,4.716,7.25
1423701155455,37.499839,139.920333,8,8.147,-0.155,4.471,7.25
1423701155551,37.49984,139.920326,8,8.145,-0.047,4.274,7.25
1423701155651,37.499841,139.920318,8,8.41,-0.23,4.321,7.25
1423701155752,37.499843,139.92031,8,8.242,-0.311,4.097,7.203
1423701155853,37.499844,139.920303,8,8.13,-0.28,4.112,7.151
1423701155953,37.499846,139.920296,8,8.439,-0.332,4.472,7.1
1423701156054,37.499848,139.920289,8,8.384,-0.475,4.365,7.049
1423701156155,37.49985,139.920282,8,8.333,-0.458,4.103,6.998
1423701156256,37.499851,139.920275,8,8.292,-0.45,4.077,6.948
1423701156351,37.499853,139.920269,8,8.446,-0.497,4.105,6.901
1423701156452,37.499855,139.920262,8,8.012,-0.489,3.643,6.851
1423701156553,37.499856,139.920255,8,8.197,-0.635,4.006,6.802
1423701156653,37.499858,139.920248,8,8.133,-0.609,4.157,6.753
1423701156754,37.499861,139.920241,8,8.271,-0.169,4.476,6.817
1423701156855,37.499864,139.920233,8,8.705,-0.05,5.036,6.89
1423701156955,37.499867,139.920225,8,8.547,-0.121,5.079,6.963
1423701157051,37.49987,139.920218,8,8.075,-0.046,4.554,7.034
1423701157152,37.499873,139.92021,8,7.851,-0.1,4.232,7.109
1423701157253,37.499876,139.920202,8,8.021,-0.328,4.305,7.185
1423701157353,37.499879,139.920193,8,8.203,0.014,4.395,7.261
1423701157454,37.499882,139.920185,8,8.207,0.041,4.525,7.339
1423701157555,37.499886,139.920177,8,8.264,-0.018,4.632,7.418
1423701157655,37.499889,139.920168,8,8.221,0.038,4.53,7.496
1423701157751,37.499891,139.92016,8,8.061,-0.054,4.245,7.5
1423701157852,37.499893,139.920151,8,8.405,-0.164,4.53,7.5
1423701157952,37.499895,139.920142,8,8.342,-0.218,4.62,7.5
1423701158053,37.499897,139.920133,8,7.669,-0.273,3.912,7.5
1423701158154,37.499899,139.920124,8,8.111,-0.086,4.348,7.5
1423701158255,37.499901,139.920115,8,8.601,0.023,4.959,7.5
1423701158355,37.499903,139.920106,8,8.39,0.051,4.708,7.5
1423701158451,37.499905,139.920098,8,8.023,0.06,4.292,7.5
1423701158552,37.499907,139.920089,8,7.873,-0.052,4.484,7.5
1423701158652,37.499909,139.92008,8,8.135,-0.253,4.824,7.5
1423701158753,37.499911,139.920072,8,8.577,-0.447,5.112,7.523
1423701158854,37.499913,139.920063,8,8.416,-0.463,5.065,7.548
1423701158955,37.499915,139.920055,8,7.965,-0.293,4.638,7.573
1423701159055,37.499918,139.920047,8,7.321,-0.197,3.85,7.598
1423701159151,37.49992,139.92004,8,7.857,-0.243,4.386,7.622
1423701159252,37.499922,139.920031,8,8.505,-0.23,4.981,7.647
1423701159352,37.499924,139.920023,8,8.114,0.159,4.644,7.672
1423701159453,37.499926,139.920015,8,8.071,0.086,4.782,7.698
1423701159554,37.499929,139.920007,8,8.209,0.029,5.118,7.723
1423701159654,37.499931,139.919998,8,8.125,0.017,5.002,7.748
1423701159755,37.499936,139.919989,12,7.78,0.059,4.421,7.796
1423701159851,37.499941,139.919979,12,7.885,0.113,4.738,7.843
1423701159951,37.499946,139.919969,12,8.046,0.099,4.887,7.892
1423701160052,37.499951,139.919959,12,7.991,-0.194,4.741,7.942
1423701160153,37.499957,139.919949,12,8.012,-0.304,4.83,7.993
1423701160254,37.499962,139.919938,12,8.109,-0.217,5.108,8.043
1423701160354,37.499967,139.919928,12,8.201,-0.241,5.02,8.094
1423701160455,37.499973,139.919917,12,7.902,-0.213,4.853,8.145
1423701160551,37.499978,139.919907,12,7.811,-0.102,4.66,8.194
1423701160651,37.499984,139.919897,12,7.995,-0.227,4.823,8.245
1423701160752,37.499989,139.919889,12,7.935,-0.271,4.796,8.203
1423701160853,37.499994,139.919882,12,7.969,-0.231,4.833,8.151
1423701160954,37.499999,139.919875,12,7.931,-0.208,4.84,8.1
1423701161054,37.500004,139.919868,12,7.629,-0.07,4.532,8.049
1423701161155,37.500009,139.91986,12,7.824,0.008,4.634,7.999
1423701161251,37.500013,139.919853,12,8.214,-0.035,5.143,7.951
1423701161351,37.500018,139.919846,12,8.29,-0.147,5.343,7.901
1423701161452,37.500023,139.919839,12,7.99,-0.116,4.935,7.851
1423701161553,37.500028,139.919832,12,7.905,-0.074,5.003,7.802
1423701161653,37.500033,139.919825,12,7.955,-0.026,5.07,7.753
1423701161754,37.500036,139.919817,11,7.752,0.147,4.743,7.773
1423701161851,37.500038,139.919809,11,7.869,0.177,4.805,7.797
1423701161951,37.500041,139.9198,11,8.043,0.014,5.231,7.822
1423701162051,37.500043,139.919792,11,8.088,-0.074,5.333,7.847
1423701162152,37.500046,139.919783,11,7.681,-0.052,5.054,7.872
1423701162253,37.500049,139.919774,11,7.744,-0.138,5.183,7.897
1423701162353,37.500052,139.919766,11,7.546,-0.122,4.861,7.922
1423701162454,37.500054,139.919757,11,7.851,0.019,5.037,7.948
1423701162555,37.500057,139.919748,11,8.117,0.058,5.318,7.973
1423701162656,37.50006,139.919739,11,7.979,-0.025,5.261,7.999
1423701162751,37.500062,139.919733,11,7.876,-0.066,5.307,7.703
1423701162852,37.500064,139.919727,11,7.693,-0.186,5.099,7.383
1423701162953,37.500066,139.919721,11,7.586,-0.193,5.016,7.076
1423701163053,37.500068,139.919715,11,7.493,-0.164,4.801,6.783
1423701163154,37.500069,139.919709,11,7.939,-0.159,5.144,6.499
1423701163255,37.500071,139.919704,11,8.16,-0.282,5.588,6.226
1423701163355,37.500073,139.919698,11,7.785,-0.111,5.268,5.968
1423701163451,37.500074,139.919694,11,7.672,-0.238,5.244,5.73
1423701163552,37.500076,139.919689,11,7.715,-0.346,5.413,5.492
1423701163653,37.500077,139.919684,11,7.834,-0.409,5.646,5.265
1423701163753,37.500078,139.919679,9,7.557,-0.346,5.262,5.201
1423701163854,37.500079,139.919673,9,7.561,-0.333,5.128,5.149
1423701163955,37.500079,139.919667,9,7.619,-0.403,5.306,5.097
1423701164055,37.50008,139.919662,9,7.795,-0.499,5.599,5.047
1423701164151,37.500081,139.919656,9,7.408,-0.326,5.054,4.998
1423701164252,37.500082,139.919651,9,7.579,-0.184,5.204,4.948
1423701164352,37.500083,139.919645,9,7.84,-0.25,5.587,4.899
1423701164453,37.500083,139.91964,9,7.906,-0.313,5.823,4.849
1423701164554,37.500084,139.919635,9,7.684,-0.361,5.612,4.801
1423701164655,37.500085,139.919629,9,7.141,-0.012,4.886,4.752
1423701164755,37.500087,139.919622,11,7.311,0.008,5.208,4.7
1423701164852,37.50009,139.919615,11,7.589,-0.17,5.705,4.65
1423701164952,37.500093,139.919607,11,7.873,-0.005,6.06,4.598
1423701165052,37.500095,139.9196,11,7.775,0.123,5.904,4.547
1423701165153,37.500098,139.919592,11,7.436,0.046,5.699,4.497
1423701165254,37.5001,139.919585,11,6.926,0.234,5.281,4.446
1423701165354,37.500103,139.919578,11,7.416,0.153,5.971,4.397
1423701165455,37.500105,139.919571,11,7.652,-0.258,6.577,4.348
1423701165551,37.500107,139.919564,11,7.548,-0.326,6.276,4.302
1423701165652,37.50011,139.919558,11,7.067,-0.231,5.871,4.254
1423701165752,37.500111,139.919553,11,6.955,0.108,5.706,4.25
1423701165853,37.500112,139.919549,11,7.016,0.231,5.821,4.25
1423701165954,37.500114,139.919544,11,7.293,0.177,6.202,4.25
1423701166054,37.500115,139.91954,11,7.393,0.19,6.314,4.25
1423701166155,37.500116,139.919535,11,7.244,0.097,6.262,4.25
1423701166251,37.500117,139.919531,11,7.163,-0.028,6.2,4.25
1423701166351,37.500118,139.919527,11,7.089,-0.115,6.022,4.25
1423701166452,37.500119,139.919522,11,7.287,-0.417,6.425,4.25
1423701166553,37.500121,139.919518,11,7.244,-0.584,6.472,4.25
1423701166654,37.500122,139.919513,11,6.994,-0.356,5.957,4.25
1423701166754,37.50012,139.919512,10,7.216,-0.339,5.889,3.926
1423701166855,37.500118,139.919512,10,7.476,-0.517,5.994,3.599
1423701166956,37.500117,139.919511,10,7.455,-0.427,5.794,3.293
1423701167051,37.500115,139.919511,10,7.539,-0.167,5.516,3.024
1423701167157,37.500114,139.919511,10,7.894,-0.102,5.265,2.747
1423701167253,37.500112,139.91951,10,7.949,-0.328,5.027,2.516
1423701167352,37.500111,139.91951,10,7.841,-0.697,4.758,2.298
1423701167454,37.50011,139.91951,10,7.63,-1.047,4.432,2.095
1423701167553,37.500109,139.919509,10,8.01,-1.128,4.4,1.918
1423701167651,37.500108,139.919509,10,8.909,-0.886,4.964,1.763
1423701167751,37.500109,139.919507,10,8.952,-0.762,4.656,1.75
1423701167853,37.500109,139.919506,10,8.356,-0.936,3.975,1.75
1423701167953,37.50011,139.919504,10,8.229,-0.957,3.72,1.75
1423701168053,37.500111,139.919502,10,8.32,-0.901,3.649,1.75
1423701168154,37.500111,139.919501,10,8.569,-1.111,3.754,1.75
1423701168255,37.500112,139.919499,10,8.627,-1.294,3.886,1.75
1423701168351,37.500113,139.919497,10,8.404,-1.44,3.607,1.75
1423701168451,37.500114,139.919496,10,8.532,-1.588,3.809,1.75
1423701168552,37.500114,139.919494,10,9.016,-1.376,4.286,1.75
1423701168653,37.500115,139.919492,10,8.84,-1.089,4.038,1.75
1423701168753,37.500117,139.919491,8,8.517,-1.015,3.672,1.864
1423701168854,37.500119,139.919491,8,8.381,-1.031,3.536,1.998
1423701168955,37.500121,139.91949,8,8.335,-1.172,3.435,2.145
1423701169056,37.500124,139.919489,8,8.154,-1.307,3.229,2.303
1423701169151,37.500126,139.919488,8,8.407,-1.335,3.413,2.463
1423701169252,37.500129,139.919487,8,8.574,-1.232,3.74,2.645
1423701169353,37.500132,139.919486,8,8.372,-1.293,3.879,2.839
1423701169453,37.500136,139.919485,8,8.408,-1.596,3.887,3.042
1423701169554,37.500139,139.919483,8,8.335,-2.19,4.043,3.259
1423701169655,37.500143,139.919482,8,8.207,-2.547,4.3,3.488
1423701169755,37.500144,139.919482,8,8.026,-2.499,4.627,3.523
1423701169851,37.500146,139.919481,8,7.787,-2.31,4.473,3.546
1423701169952,37.500147,139.919481,8,7.723,-1.663,4.307,3.571
1423701170053,37.500148,139.919481,8,8.202,-1.154,5.041,3.596
1423701170153,37.50015,139.919481,8,8.561,-0.999,5.593,3.621
1423701170254,37.500151,139.91948,8,8.432,-0.927,5.276,3.646
1423701170355,37.500153,139.91948,8,8.282,-1.278,4.767,3.672
1423701170455,37.500154,139.91948,8,7.696,-1.472,4.3,3.697
1423701170551,37.500155,139.919479,8,7.656,-1.508,4.368,3.722
1423701170652,37.500157,139.919479,8,8.181,-1.497,4.874,3.748
1423701170752,37.500159,139.919481,8,8.402,-1.584,4.996,3.75
1423701170854,37.500162,139.919483,8,8.233,-1.758,4.391,3.75
1423701170954,37.500164,139.919485,8,8.061,-1.68,4.102,3.75
1423701171055,37.500167,139.919487,8,8.08,-1.553,4.123,3.75
1423701171155,37.500169,139.919489,8,8.171,-1.673,4.367,3.75
1423701171251,37.500172,139.919491,8,8.428,-1.675,4.748,3.75
1423701171352,37.500174,139.919494,8,8.273,-1.605,4.691,3.75
1423701171452,37.500177,139.919496,8,8.224,-1.605,4.543,3.75
1423701171553,37.500179,139.919498,8,7.987,-1.695,4.365,3.75
1423701171654,37.500182,139.9195,8,7.659,-1.711,4.003,3.75
1423701171755,37.500186,139.919501,7,8.15,-1.717,4.527,3.871
1423701171855,37.50019,139.919503,7,8.542,-1.665,4.932,4.003
1423701171951,37.500194,139.919504,7,8.223,-1.47,4.623,4.135
1423701172052,37.500198,139.919506,7,8.026,-1.308,4.296,4.278
1423701172152,37.500203,139.919507,7,8.166,-1.231,4.304,4.426
1423701172253,37.500207,139.919509,7,8.195,-1.225,4.398,4.579
1423701172354,37.500212,139.919511,7,8.262,-1.129,4.534,4.738
1423701172454,37.500217,139.919512,7,8.287,-0.947,4.472,4.9
1423701172555,37.500222,139.919514,7,8.24,-0.717,4.199,5.069
1423701172651,37.500228,139.919516,7,8.227,-0.494,4.082,5.234
1423701172751,37.500231,139.919518,7,8.345,-0.304,4.205,5.202
1423701172852,37.500235,139.919521,7,8.311,-0.091,4.132,5.15
1423701172953,37.500238,139.919524,7,8.43,0.071,4.296,5.098
1423701173054,37.500241,139.919527,7,8.296,0.225,4.194,5.047
1423701173154,37.500245,139.919529,7,8.164,0.331,4.137,4.997
1423701173255,37.500248,139.919532,7,8.267,0.402,4.418,4.946
1423701173351,37.500251,139.919534,7,8.148,0.395,4.761,4.899
1423701173451,37.500254,139.919537,7,7.964,0.324,4.863,4.85
1423701173552,37.500258,139.919539,7,8.223,0.37,5.003,4.802
1423701173653,37.500261,139.919542,7,8.085,0.498,4.706,4.753
1423701173754,37.500264,139.919546,9,7.876,0.691,4.477,4.75
1423701173854,37.500266,139.91955,9,7.984,0.659,4.777,4.75
1423701173956,37.500269,139.919554,9,8.178,0.683,4.938,4.75
1423701174051,37.500272,139.919558,9,8.1,0.519,4.817,4.75
1423701174151,37.500274,139.919562,9,7.965,0.298,4.709,4.75
1423701174252,37.500277,139.919566,9,8.041,0.063,4.761,4.75
1423701174353,37.50028,139.91957,9,8.168,-0.109,4.918,4.75
1423701174453,37.500282,139.919575,9,8.041,-0.078,4.82,4.75
1423701174554,37.500285,139.919579,9,8.002,-0.106,4.719,4.75
1423701174655,37.500288,139.919583,9,8.028,-0.127,4.63,4.75
1423701174751,37.500292,139.919584,9,8.064,-0.133,4.647,4.75
1423701174851,37.500296,139.919586,9,8.179,-0.123,4.766,4.75
1423701174952,37.5003,139.919587,9,8.156,-0.102,4.706,4.75
1423701175053,37.500304,139.919589,9,7.941,-0.072,4.483,4.75
1423701175153,37.500308,139.91959,9,7.936,-0.063,4.407,4.75
1423701175254,37.500312,139.919592,9,8.152,-0.101,4.674,4.75
1423701175355,37.500316,139.919593,9,8.216,-0.122,4.716,4.75
1423701175455,37.500321,139.919595,9,8.088,-0.117,4.615,4.75
1423701175551,37.500325,139.919596,9,8.086,-0.108,4.612,4.75
1423701175652,37.500329,139.919598,9,8.15,-0.101,4.582,4.75
1423701175753,37.500331,139.9196,7,8.179,-0.127,4.683,4.675
1423701175853,37.500333,139.919603,7,8.169,-0.161,4.711,4.595
1423701175954,37.500335,139.919605,7,8.128,-0.081,4.711,4.516
1423701176055,37.500337,139.919608,7,8.114,0.016,4.628,4.438
1423701176155,37.500339,139.91961,7,7.929,0.01,4.404,4.363
1423701176251,37.500341,139.919613,7,8.075,-0.044,4.28,4.291
1423701176352,37.500343,139.919615,7,8.276,-0.054,4.395,4.217
1423701176452,37.500345,139.919617,7,8.282,-0.007,4.35,4.145
1423701176553,37.500347,139.91962,7,8.196,0.008,4.239,4.074
1423701176654,37.500349,139.919622,7,8.161,0.114,4.004,4.004
1423701176755,37.500351,139.919625,7,8.221,-0.037,4.203,4.023
1423701176855,37.500354,139.919628,7,8.428,-0.302,4.48,4.048
1423701176951,37.500356,139.919632,7,8.145,-0.122,4.162,4.071
1423701177052,37.500359,139.919635,7,7.823,0.053,3.843,4.096
1423701177153,37.500361,139.919638,7,8.306,-0.133,4.306,4.121
1423701177253,37.500364,139.919642,7,8.607,-0.234,4.543,4.146
1423701177354,37.500366,139.919645,7,8.405,-0.095,4.282,4.172
1423701177455,37.500369,139.919649,7,8.397,-0.195,4.388,4.198
1423701177555,37.500371,139.919652,7,8.17,-0.186,4.2,4.223
1423701177651,37.500374,139.919656,7,8.315,-0.094,4.213,4.248
1423701177752,37.500378,139.919658,7,8.431,-0.332,4.346,4.272
1423701177852,37.500383,139.91966,7,8.245,-0.319,4.25,4.297
1423701177953,37.500387,139.919661,7,8.286,-0.175,4.377,4.322
1423701178054,37.500392,139.919663,7,8.375,-0.175,4.269,4.347
1423701178154,37.500397,139.919665,7,8.38,-0.212,4.408,4.372
1423701178255,37.500402,139.919667,7,7.955,-0.05,4.252,4.397
1423701178351,37.500406,139.919669,7,7.683,-0.105,3.994,4.421
1423701178452,37.500411,139.919671,7,7.988,-0.076,4.633,4.447
1423701178552,37.500416,139.919673,7,8.099,0.049,5.189,4.472
1423701178653,37.500421,139.919675,7,7.929,0.214,5.1,4.498
1423701178754,37.500426,139.919677,7,7.874,0.364,4.698,4.45
1423701178854,37.500431,139.91968,7,8.094,0.182,4.885,4.398
1423701178955,37.500436,139.919682,7,8.175,-0.161,4.98,4.346
1423701179051,37.50044,139.919685,7,7.903,-0.13,5.096,4.297
1423701179151,37.500445,139.919687,7,7.672,0.079,5.153,4.247
1423701179252,37.50045,139.91969,7,7.839,0.018,5.124,4.197
1423701179353,37.500455,139.919692,7,8.152,0.05,5.331,4.147
1423701179454,37.50046,139.919694,7,7.757,0.11,4.958,4.098
1423701179554,37.500464,139.919697,7,7.387,0.017,4.64,4.05
1423701179655,37.500469,139.919699,7,7.854,0.064,5.085,4.002
1423701179751,37.500472,139.919699,7,8.278,0.088,5.455,3.8
1423701179851,37.500476,139.9197,7,7.701,0.173,5.21,3.59
1423701179952,37.500479,139.9197,7,7.387,0.104,5.279,3.388
1423701180053,37.500482,139.9197,7,7.348,-0.136,5.857,3.195
1423701180154,37.500485,139.919701,7,7.243,-0.136,6.318,3.013
1423701180254,37.500488,139.919701,7,6.894,-0.154,6.657,2.842
1423701180355,37.500491,139.919701,7,6.762,-0.142,6.871,2.68
1423701180451,37.500493,139.919702,7,6.688,-0.096,7.012,2.535
1423701180551,37.500496,139.919702,7,6.642,0.017,7.258,2.393
1423701180652,37.500498,139.919702,7,6.525,0.162,7.123,2.26
1423701180753,37.500497,139.919704,8,6.503,0.198,7.015,1.929
1423701180853,37.500496,139.919707,8,6.625,0.152,7.118,1.615
1423701180954,37.500495,139.919709,8,6.448,0.065,7.312,1.33
1423701181055,37.500494,139.919711,8,6.339,-0.133,7.237,1.078
1423701181151,37.500494,139.919712,8,6.427,-0.239,7.21,0.868
1423701181256,37.500493,139.919714,8,6.585,-0.144,7.129,0.673
1423701181352,37.500493,139.919715,8,6.733,0.078,6.974,0.525
1423701181451,37.500492,139.919716,8,6.876,0.194,6.765,0.403
1423701181553,37.500492,139.919717,8,6.951,0.164,6.555,0.311
1423701181652,37.500492,139.919717,8,7.275,0.102,6.161,0.253
1423701181755,37.500492,139.91972,8,7.734,-0.0,5.464,0.205
1423701181854,37.500491,139.919722,8,7.86,-0.073,4.864,0.162
1423701181951,37.500491,139.919724,8,7.887,-0.1,4.609,0.126
1423701182052,37.500491,139.919726,8,8.01,-0.096,4.619,0.092
1423701182153,37.500491,139.919728,8,8.155,-0.073,4.626,0.064
1423701182253,37.50049,139.91973,8,8.25,-0.07,4.475,0.041
1423701182354,37.50049,139.919731,8,8.183,-0.051,4.361,0.023
1423701182455,37.50049,139.919731,8,8.081,-0.012,4.446,0.011
1423701182555,37.50049,139.919732,8,8.098,0.004,4.639,0.003
1423701197752,37.5005,139.919775,5,8.69,-0.019,2.678,0.011
1423701197853,37.5005,139.919775,5,8.815,0.058,2.768,0.047
1423701197954,37.500501,139.919775,5,9.042,0.046,2.96,0.108
1423701198054,37.500501,139.919775,5,9.18,-0.039,3.089,0.194
1423701198155,37.500501,139.919776,5,9.019,-0.115,3.067,0.306
1423701198251,37.500502,139.919776,5,8.7,-0.093,3.014,0.437
1423701198351,37.500503,139.919776,5,8.706,-0.076,3.305,0.597
1423701198452,37.500504,139.919777,5,8.93,-0.099,3.745,0.784
1423701198553,37.500505,139.919777,5,8.752,-0.13,3.73,0.997
1423701198654,37.500506,139.919778,5,8.277,0.057,3.337,1.235
1423701198754,37.500507,139.919778,5,8.466,0.13,3.424,1.306
1423701198855,37.500509,139.919779,5,8.859,0.204,3.693,1.369
1423701198951,37.50051,139.919779,5,8.687,0.277,3.642,1.433
1423701199051,37.500512,139.91978,5,8.712,0.058,3.952,1.502
1423701199152,37.500514,139.91978,5,8.565,-0.087,4.012,1.576
1423701199253,37.500516,139.919781,5,8.181,0.061,3.633,1.653
1423701199354,37.500518,139.919781,5,8.352,0.09,3.842,1.734
1423701199454,37.50052,139.919782,5,8.551,-0.051,4.314,1.817
1423701199555,37.500522,139.919782,5,8.461,-0.308,4.607,1.905
1423701199651,37.500524,139.919783,5,8.187,-0.355,4.695,1.992
1423701199751,37.500526,139.919784,4,8.218,-0.413,4.884,2.041
1423701199852,37.500528,139.919784,4,7.937,-0.4,4.454,2.087
1423701199953,37.500531,139.919785,4,7.837,-0.143,4.289,2.135
1423701200053,37.500533,139.919786,4,8.062,0.07,4.472,2.183
1423701200154,37.500536,139.919787,4,8.227,0.114,4.723,2.233
1423701200255,37.500538,139.919788,4,8.272,-0.107,4.9,2.284
1423701200351,37.500541,139.919788,4,8.299,-0.176,4.873,2.334
1423701200451,37.500543,139.919789,4,8.098,-0.251,4.677,2.386
1423701200552,37.500546,139.91979,4,7.951,-0.303,4.481,2.441
1423701200653,37.500549,139.919791,4,8.155,-0.293,4.804,2.496
1423701200753,37.500552,139.919791,6,8.277,-0.185,4.79,2.543
1423701200854,37.500555,139.919792,6,8.378,-0.008,4.113,2.59
1423701200955,37.500558,139.919792,6,8.327,0.348,3.534,2.638
1423701201056,37.500561,139.919793,6,8.664,0.317,3.472,2.687
1423701201151,37.500564,139.919793,6,8.707,0.233,3.522,2.734
1423701201252,37.500567,139.919794,6,8.67,0.185,3.718,2.785
1423701201353,37.50057,139.919794,6,8.59,0.046,3.796,2.837
1423701201453,37.500573,139.919795,6,8.471,0.173,3.881,2.889
1423701201554,37.500576,139.919795,6,8.416,-0.035,4.331,2.943
1423701201655,37.50058,139.919796,6,8.042,-0.029,4.256,2.997
1423701201755,37.500583,139.919796,6,7.935,0.022,4.379,3.0
1423701201851,37.500586,139.919797,6,8.172,-0.077,4.675,3.0
1423701201952,37.50059,139.919797,6,8.348,-0.134,4.839,3.0
1423701202052,37.500593,139.919798,6,8.251,-0.144,4.81,3.0
1423701202153,37.500596,139.919798,6,7.977,0.047,4.517,3.0
1423701202254,37.5006,139.919799,6,7.806,0.118,4.536,3.0
1423701202355,37.500603,139.919799,6,8.041,0.074,4.807,3.0
1423701202455,37.500606,139.9198,6,8.119,0.186,4.967,3.0
1423701202551,37.500609,139.9198,6,8.019,0.163,5.042,3.0
1423701202652,37.500613,139.919801,6,7.962,0.247,4.954,3.0
1423701202752,37.500616,139.919802,6,7.935,0.152,4.914,3.0
1423701202853,37.500619,139.919802,6,7.91,-0.112,4.874,3.0
1423701202954,37.500622,139.919803,6,8.097,-0.316,5.172,3.0
1423701203055,37.500625,139.919804,6,7.963,-0.27,5.076,3.0
1423701203155,37.500628,139.919804,6,7.973,-0.099,5.088,3.0
1423701203251,37.500631,139.919805,6,8.109,0.005,5.141,3.0
1423701203352,37.500634,139.919806,6,8.033,-0.03,5.099,3.0
1423701203452,37.500638,139.919807,6,7.863,-0.027,5.004,3.0
1423701203553,37.500641,139.919807,6,7.651,0.168,4.683,3.0
1423701203654,37.500644,139.919808,6,7.816,0.363,4.844,3.0
1423701203754,37.500647,139.919809,6,7.843,0.39,4.86,3.0
1423701203855,37.500649,139.91981,6,7.847,0.128,4.897,3.0
1423701203951,37.500652,139.91981,6,7.839,-0.209,5.356,3.0
1423701204052,37.500655,139.919811,6,7.644,-0.446,5.388,3.0
1423701204152,37.500658,139.919812,6,7.255,-0.687,5.721,3.0
1423701204253,37.500661,139.919813,6,7.15,-0.513,5.769,3.0
1423701204354,37.500663,139.919814,6,7.029,-0.066,5.77,3.0
1423701204454,37.500666,139.919814,6,7.259,0.098,6.403,3.0
1423701204555,37.500669,139.919815,6,7.389,-0.006,6.726,3.0
1423701204651,37.500672,139.919816,6,7.344,-0.089,6.37,3.0
1423701204751,37.500674,139.919817,6,7.33,-0.204,6.093,2.976
1423701204852,37.500677,139.919818,6,7.395,-0.223,5.854,2.95
1423701204953,37.50068,139.919819,6,7.499,-0.251,5.692,2.924
1423701205054,37.500682,139.91982,6,7.583,-0.252,5.369,2.899
1423701205154,37.500685,139.919821,6,7.75,-0.184,5.224,2.874
1423701205255,37.500687,139.919821,6,7.878,-0.193,5.107,2.849
1423701205351,37.50069,139.919822,6,7.932,-0.348,4.973,2.825
1423701205451,37.500692,139.919823,6,7.94,-0.428,4.884,2.8
1423701205552,37.500694,139.919824,6,8.053,-0.366,4.773,2.776
1423701205653,37.500697,139.919825,6,8.244,-0.385,4.524,2.752
1423701205753,37.500699,139.919826,6,8.362,-0.533,4.099,2.75
1423701205854,37.500701,139.919827,6,8.37,-0.714,3.883,2.75
1423701205955,37.500704,139.919828,6,8.576,-0.784,3.771,2.75
1423701206051,37.500706,139.919829,6,8.745,-0.816,3.633,2.75
1423701206151,37.500708,139.91983,6,8.887,-1.013,3.419,2.75
1423701206252,37.500711,139.919832,6,9.018,-1.202,3.388,2.75
1423701206353,37.500713,139.919833,6,9.433,-1.128,3.486,2.75
1423701206453,37.500715,139.919834,6,9.202,-1.208,3.207,2.75
1423701206554,37.500718,139.919835,6,8.853,-1.261,3.126,2.75
1423701206655,37.50072,139.919836,6,8.73,-1.298,3.207,2.75
1423701206751,37.500721,139.919838,6,8.759,-1.422,3.216,2.75
1423701206851,37.500723,139.91984,6,8.954,-1.337,3.493,2.75
1423701206952,37.500725,139.919842,6,8.744,-1.166,3.547,2.75
1423701207053,37.500726,139.919844,6,8.765,-1.216,3.613,2.75
1423701207153,37.500728,139.919846,6,8.41,-1.617,3.225,2.75
1423701207254,37.500729,139.919848,6,8.454,-1.849,3.19,2.75
1423701207355,37.500731,139.91985,6,8.805,-1.803,3.597,2.75
1423701207451,37.500733,139.919852,6,8.597,-1.83,3.437,2.75
1423701207551,37.500734,139.919854,6,8.352,-2.108,3.619,2.75
1423701207652,37.500736,139.919856,6,8.25,-2.164,3.91,2.75
1423701207753,37.500737,139.919859,5,7.905,-2.065,4.087,2.772
1423701207853,37.500738,139.919861,5,7.626,-1.807,4.267,2.797
1423701207954,37.500739,139.919864,5,7.767,-1.276,4.731,2.821
1423701208055,37.500739,139.919867,5,8.122,-0.802,5.08,2.846
1423701208155,37.50074,139.91987,5,8.122,-0.553,5.198,2.871
1423701208251,37.500741,139.919873,5,7.934,-0.53,5.163,2.895
1423701208352,37.500742,139.919876,5,7.598,-0.846,4.806,2.921
1423701208453,37.500743,139.919879,5,7.636,-1.128,4.786,2.946
1423701208553,37.500744,139.919882,5,7.629,-1.353,4.699,2.972
1423701208654,37.500745,139.919885,5,7.669,-1.619,4.828,2.998
1423701208755,37.500745,139.919888,4,7.711,-1.817,4.95,3.0
1423701208855,37.500745,139.919892,4,7.985,-1.835,4.835,3.0
1423701208951,37.500746,139.919895,4,8.248,-1.812,4.608,3.0
1423701209052,37.500746,139.919899,4,8.357,-1.642,4.03,3.0
1423701209152,37.500746,139.919902,4,8.302,-1.528,3.601,3.0
1423701209253,37.500746,139.919906,4,8.258,-1.255,3.667,3.0
1423701209354,37.500746,139.919909,4,8.519,-1.105,4.112,3.0
1423701209455,37.500747,139.919913,4,8.767,-1.201,4.279,3.0
1423701209555,37.500747,139.919916,4,8.506,-1.371,4.085,3.0
1423701209656,37.500747,139.91992,4,8.191,-1.432,3.831,3.0
1423701209752,37.500746,139.919923,4,8.28,-1.585,3.834,3.022
1423701209851,37.500746,139.919927,4,8.478,-1.964,4.051,3.046
1423701209953,37.500745,139.919931,4,8.355,-2.306,4.137,3.071
1423701210052,37.500744,139.919935,4,7.962,-2.172,3.727,3.096
1423701210155,37.500744,139.919939,4,8.268,-2.145,3.936,3.121
1423701210254,37.500743,139.919943,4,8.903,-2.345,4.729,3.146
1423701210351,37.500742,139.919947,4,8.472,-2.163,4.564,3.171
1423701210452,37.500741,139.919951,4,8.052,-1.534,3.9,3.196
1423701210552,37.500741,139.919955,4,8.025,-1.147,3.61,3.222
1423701210653,37.50074,139.919959,4,8.244,-0.907,3.783,3.248
1423701210754,37.50074,139.919962,5,8.539,-0.691,4.153,3.25
1423701210854,37.500739,139.919966,5,8.61,-0.411,4.215,3.25
1423701210955,37.500739,139.919969,5,8.455,-0.246,3.798,3.25
1423701211051,37.500738,139.919973,5,8.256,-0.461,3.727,3.25
1423701211151,37.500738,139.919976,5,8.438,-0.567,4.157,3.25
1423701211252,37.500737,139.91998,5,8.384,-0.398,4.02,3.25
1423701211353,37.500737,139.919983,5,8.534,-0.486,3.974,3.25
1423701211454,37.500736,139.919987,5,8.647,-0.667,4.062,3.25
1423701211554,37.500736,139.91999,5,8.467,-0.872,4.168,3.25
1423701211655,37.500735,139.919994,5,8.307,-0.79,3.967,3.25
1423701211751,37.500731,139.920003,14,8.334,-0.794,4.012,3.433
1423701211851,37.500726,139.920013,14,8.349,-0.874,4.056,3.649
1423701211952,37.50072,139.920024,14,8.187,-0.87,3.948,3.884
1423701212053,37.500715,139.920035,14,8.291,-0.851,3.943,4.136
1423701212153,37.500709,139.920048,14,8.276,-0.804,3.94,4.401
1423701212254,37.500702,139.920061,14,8.448,-0.972,4.271,4.686
1423701212355,37.500695,139.920075,14,8.37,-1.167,4.355,4.988
1423701212451,37.500688,139.920089,14,8.174,-0.951,4.044,5.29
1423701212551,37.500681,139.920104,14,8.142,-0.943,4.043,5.621
1423701212652,37.500673,139.920121,14,8.432,-1.177,4.48,5.972
1423701212753,37.50067,139.920128,14,8.136,-1.264,4.134,6.0
1423701212854,37.500668,139.920134,14,8.372,-1.22,4.409,6.0
1423701212954,37.500666,139.92014,14,8.326,-1.003,4.118,6.0
1423701213055,37.500664,139.920146,14,8.329,-0.955,4.332,6.0
1423701213151,37.500662,139.920151,14,8.243,-0.812,4.331,6.0
1423701213251,37.50066,139.920157,14,8.083,-0.608,3.913,6.0
1423701213352,37.500658,139.920164,14,8.316,-0.773,4.235,6.0
1423701213453,37.500656,139.92017,14,8.482,-0.837,4.254,6.0
1423701213553,37.500654,139.920176,14,8.249,-0.987,4.324,6.0
1423701213654,37.500652,139.920182,14,8.174,-0.868,4.158,6.0
1423701213755,37.50065,139.920188,4,8.161,-0.695,4.094,5.924
1423701213855,37.500649,139.920193,4,8.415,-0.737,4.482,5.846
1423701213951,37.500647,139.920199,4,8.149,-0.706,4.196,5.771
1423701214052,37.500645,139.920204,4,7.934,-0.644,3.931,5.694
1423701214153,37.500643,139.92021,4,8.218,-0.695,4.232,5.618
1423701214253,37.500642,139.920216,4,8.659,-1.124,4.747,5.543
1423701214354,37.50064,139.920221,4,8.373,-1.244,4.562,5.469
1423701214455,37.500638,139.920226,4,7.881,-1.296,4.106,5.396
1423701214555,37.500637,139.920232,4,7.859,-1.104,3.956,5.324
1423701214651,37.500635,139.920237,4,8.144,-1.08,4.368,5.256
1423701214752,37.500633,139.920242,4,8.158,-0.956,4.44,5.25
1423701214853,37.500631,139.920248,4,8.383,-0.91,4.417,5.25
1423701214953,37.500629,139.920253,4,8.551,-1.117,4.764,5.25
1423701215054,37.500628,139.920259,4,8.027,-1.19,4.569,5.25
1423701215155,37.500626,139.920264,4,7.566,-0.991,4.067,5.25
1423701215255,37.500624,139.92027,4,8.128,-0.922,4.441,5.25
1423701215351,37.500622,139.920275,4,8.372,-0.937,4.795,5.25
1423701215452,37.50062,139.920281,4,8.217,-0.77,4.731,5.25
1423701215552,37.500618,139.920286,4,7.84,-0.61,4.269,5.25
1423701215653,37.500616,139.920292,4,7.903,-0.692,4.429,5.25
1423701215754,37.500615,139.920297,6,8.023,-0.701,4.664,5.337
1423701215855,37.500614,139.920302,6,8.01,-0.667,4.51,5.431
1423701215955,37.500613,139.920308,6,8.229,-0.821,4.64,5.527
1423701216051,37.500612,139.920313,6,8.19,-0.845,4.741,5.62
1423701216152,37.500611,139.920318,6,7.917,-0.747,4.553,5.72
1423701216252,37.50061,139.920324,6,8.005,-0.6,4.653,5.821
1423701216353,37.500609,139.92033,6,8.127,-0.471,4.693,5.924
1423701216454,37.500608,139.920336,6,7.848,-0.421,4.482,6.03
1423701216554,37.500607,139.920342,6,8.03,-0.491,4.571,6.136
1423701216655,37.500606,139.920348,6,8.433,-0.9,5.069,6.245
1423701216751,37.500605,139.920354,6,7.995,-0.997,4.736,6.227
1423701216852,37.500603,139.920361,6,7.535,-1.003,4.257,6.201
1423701216952,37.500602,139.920368,6,7.92,-1.119,4.829,6.176
1423701217053,37.5006,139.920375,6,8.088,-1.047,5.106,6.151
1423701217154,37.500599,139.920381,6,8.183,-0.931,5.163,6.125
1423701217254,37.500598,139.920388,6,8.158,-0.714,5.028,6.1
1423701217355,37.500596,139.920395,6,8.126,-0.863,4.703,6.075
1423701217451,37.500595,139.920401,6,8.537,-0.906,4.738,6.051
1423701217551,37.500594,139.920408,6,8.421,-0.87,4.056,6.027
1423701217652,37.500592,139.920414,6,8.196,-0.684,3.944,6.002
1423701217753,37.50059,139.920421,6,8.427,-0.748,4.165,6.0
1423701217854,37.500589,139.920428,6,7.79,-0.937,3.456,6.0
1423701217954,37.500587,139.920434,6,7.894,-0.89,3.763,6.0
1423701218055,37.500585,139.920441,6,8.344,-0.773,4.28,6.0
1423701218151,37.500583,139.920447,6,8.831,-0.789,4.868,6.0
1423701218251,37.500581,139.920453,6,8.73,-0.713,4.592,6.0
1423701218352,37.50058,139.92046,6,8.121,-0.495,4.141,6.0
1423701218453,37.500578,139.920467,6,7.822,-0.514,3.814,6.0
1423701218554,37.500576,139.920473,6,7.888,-0.83,4.031,6.0
1423701218654,37.500574,139.92048,6,8.32,-0.887,4.327,6.0
1423701218755,37.500573,139.920485,6,8.499,-0.894,4.4,5.976
1423701218851,37.500572,139.920489,6,8.192,-0.897,4.237,5.951
1423701218951,37.500571,139.920494,6,8.078,-0.77,4.114,5.926
1423701219052,37.50057,139.920499,6,8.306,-0.734,4.548,5.901
1423701219153,37.500569,139.920504,6,8.402,-0.634,4.623,5.875
1423701219253,37.500567,139.920509,6,8.111,-0.866,4.321,5.85
1423701219354,37.500566,139.920514,6,8.298,-0.837,4.421,5.825
1423701219455,37.500565,139.920518,6,8.012,-0.742,3.912,5.8
1423701219551,37.500564,139.920523,6,8.164,-0.78,4.171,5.777
1423701219651,37.500563,139.920528,6,8.601,-0.716,4.646,5.752
1423701219752,37.500562,139.920535,7,8.235,-0.731,4.377,5.773
1423701219853,37.500561,139.920542,7,8.419,-0.661,4.452,5.797
1423701219953,37.500559,139.92055,7,7.709,-0.417,3.675,5.822
1423701220054,37.500558,139.920558,7,7.942,-0.434,4.031,5.847
1423701220155,37.500557,139.920565,7,8.695,-0.769,4.755,5.872
1423701220255,37.500555,139.920573,7,8.437,-0.884,4.582,5.897
1423701220351,37.500554,139.92058,7,8.28,-0.828,4.399,5.922
1423701220452,37.500553,139.920588,7,8.257,-0.944,4.296,5.947
1423701220553,37.500551,139.920596,7,8.098,-0.915,4.369,5.973
1423701220653,37.50055,139.920603,7,8.22,-0.911,4.587,5.998
1423701220754,37.500548,139.92061,7,7.931,-0.622,3.939,5.976
1423701220855,37.500546,139.920617,7,7.495,-0.189,3.399,5.95
1423701220955,37.500543,139.920624,7,8.098,-0.431,4.095,5.925
1423701221051,37.500541,139.920631,7,9.031,-0.882,5.198,5.901
1423701221152,37.500539,139.920637,7,8.827,-0.749,4.992,5.876
1423701221253,37.500537,139.920644,7,8.105,-0.653,4.165,5.85
1423701221353,37.500535,139.920651,7,7.774,-0.761,3.878,5.826
1423701221454,37.500532,139.920657,7,7.987,-0.743,4.321,5.801
1423701221555,37.50053,139.920664,7,8.464,-0.447,4.579,5.776
1423701221655,37.500528,139.920671,7,8.672,-0.57,4.474,5.751
1423701221751,37.500525,139.920677,7,8.25,-0.784,4.155,5.772
1423701221852,37.500522,139.920685,7,7.736,-0.619,3.832,5.797
1423701221952,37.500518,139.920692,7,8.034,-0.511,4.132,5.822
1423701222053,37.500515,139.920699,7,8.614,-0.582,4.579,5.847
1423701222154,37.500511,139.920706,7,8.608,-0.726,4.572,5.872
1423701222255,37.500508,139.920713,7,8.196,-0.841,4.189,5.897
1423701222355,37.500505,139.920721,7,7.687,-0.69,3.814,5.923
1423701222451,37.500501,139.920728,7,7.806,-0.718,3.994,5.947
1423701222552,37.500498,139.920735,7,8.61,-0.78,4.644,5.972
1423701222652,37.500494,139.920742,7,8.809,-0.646,4.731,5.998
1423701222753,37.500493,139.920744,10,8.266,-0.552,4.163,6.0
1423701222854,37.500493,139.920746,10,8.073,-0.379,3.851,6.0
1423701222954,37.500492,139.920747,10,8.175,-0.272,4.167,6.0
1423701223055,37.500491,139.920749,10,8.529,-0.405,4.397,6.0
1423701223151,37.500491,139.92075,10,8.521,-0.369,3.97,6.0
1423701223252,37.50049,139.920752,10,8.405,-0.418,3.555,6.0
1423701223352,37.500489,139.920753,10,8.538,-0.433,3.83,6.0
1423701223453,37.500488,139.920755,10,8.518,-0.353,3.839,6.0
1423701223554,37.500488,139.920756,10,8.67,-0.299,3.726,6.0
1423701223654,37.500487,139.920758,10,8.579,-0.198,3.467,6.0
1423701223755,37.500486,139.920765,10,8.429,-0.173,3.412,6.046
1423701223851,37.500484,139.920772,10,8.606,-0.229,3.583,6.092
1423701223956,37.500482,139.92078,10,8.795,-0.186,3.795,6.144
1423701224052,37.500481,139.920787,10,8.687,-0.153,3.846,6.191
1423701224151,37.500479,139.920795,10,8.318,-0.062,3.477,6.241
1423701224254,37.500478,139.920803,10,8.459,-0.075,3.561,6.292
1423701224353,37.500476,139.920811,10,8.776,0.078,3.813,6.342
1423701224455,37.500474,139.920819,10,8.678,0.106,3.802,6.394
1423701224551,37.500473,139.920826,10,8.74,0.027,3.949,6.444
1423701224651,37.500471,139.920834,10,8.635,0.002,3.957,6.495
1423701224752,37.500468,139.920842,6,8.305,0.038,3.65,6.586
1423701224853,37.500464,139.92085,6,8.41,-0.039,3.775,6.682
1423701224953,37.500461,139.920858,6,8.651,-0.071,4.069,6.778
1423701225054,37.500457,139.920867,6,8.54,-0.086,4.061,6.877
1423701225155,37.500454,139.920875,6,8.177,-0.069,3.864,6.977
1423701225251,37.50045,139.920883,6,7.903,-0.014,3.925,7.074
1423701225351,37.500447,139.920892,6,8.32,-0.042,4.52,7.176
1423701225452,37.500443,139.920901,6,8.312,-0.202,4.611,7.28
1423701225553,37.500439,139.920909,6,8.039,-0.253,4.532,7.386
1423701225653,37.500435,139.920918,6,8.153,-0.205,4.695,7.493
1423701225754,37.500434,139.920927,7,7.826,0.024,4.33,7.476
1423701225855,37.500433,139.920936,7,8.3,-0.231,4.813,7.451
1423701225956,37.500432,139.920945,7,8.756,-0.396,5.286,7.425
1423701226051,37.500431,139.920954,7,8.413,-0.347,4.973,7.401
1423701226152,37.50043,139.920963,7,7.91,-0.342,4.449,7.376
1423701226253,37.500428,139.920972,7,7.825,-0.255,4.652,7.351
1423701226353,37.500427,139.92098,7,8.311,-0.254,4.624,7.326
1423701226454,37.500426,139.920989,7,8.127,-0.175,4.394,7.301
1423701226555,37.500425,139.920998,7,8.017,-0.103,4.407,7.276
1423701226655,37.500424,139.921007,7,8.179,-0.111,4.747,7.251
1423701226751,37.500422,139.921014,7,8.208,-0.022,4.794,7.25
1423701226852,37.500419,139.921021,7,8.134,0.0,4.612,7.25
1423701226953,37.500417,139.921029,7,8.028,-0.0,4.56,7.25
1423701227053,37.500415,139.921036,7,7.97,-0.127,4.7,7.25
1423701227154,37.500412,139.921044,7,8.206,-0.111,4.991,7.25
1423701227255,37.50041,139.921052,7,8.365,-0.137,4.479,7.25
1423701227355,37.500407,139.921059,7,8.411,-0.098,4.197,7.25
1423701227451,37.500405,139.921066,7,8.362,0.002,3.79,7.25
1423701227552,37.500403,139.921074,7,8.361,-0.054,3.637,7.25
1423701227652,37.5004,139.921081,7,8.708,-0.217,3.899,7.25
1423701227753,37.500399,139.921088,7,8.568,-0.112,3.964,7.273
1423701227854,37.500398,139.921095,7,8.542,-0.25,3.804,7.298
1423701227955,37.500397,139.921102,7,8.522,-0.301,3.869,7.323
1423701228055,37.500396,139.921109,7,8.627,-0.212,3.847,7.348
1423701228151,37.500396,139.921115,7,8.578,-0.22,3.804,7.372
1423701228252,37.500395,139.921122,7,8.477,-0.191,3.913,7.397
1423701228352,37.500394,139.921129,7,8.485,-0.046,3.791,7.422
1423701228453,37.500393,139.921136,7,8.252,-0.074,3.658,7.448
1423701228554,37.500392,139.921143,7,8.513,-0.211,4.004,7.473
1423701228654,37.500391,139.92115,7,8.886,-0.233,4.265,7.498
1423701228755,37.500389,139.921157,7,8.627,-0.189,4.094,7.5
1423701228851,37.500386,139.921165,7,8.331,-0.193,3.818,7.5
1423701228952,37.500384,139.921172,7,8.305,-0.115,3.828,7.5
1423701229052,37.500381,139.92118,7,8.321,-0.218,3.797,7.5
1423701229153,37.500379,139.921187,7,8.356,-0.328,3.916,7.5
1423701229254,37.500376,139.921195,7,8.061,-0.042,3.737,7.5
1423701229354,37.500374,139.921203,7,8.311,-0.19,4.133,7.5
1423701229455,37.500371,139.92121,7,8.733,-0.293,4.425,7.5
1423701229551,37.500369,139.921218,7,8.409,-0.198,4.265,7.5
1423701229651,37.500366,139.921225,7,8.247,-0.37,4.099,7.5
1423701229752,37.500364,139.921234,6,8.293,-0.4,4.267,7.523
1423701229853,37.500362,139.921244,6,8.288,-0.362,3.993,7.548
1423701229954,37.500359,139.921253,6,7.959,-0.307,3.744,7.573
1423701230054,37.500357,139.921262,6,8.144,-0.285,4.217,7.598
1423701230155,37.500355,139.921271,6,8.603,-0.247,4.578,7.623
1423701230251,37.500352,139.92128,6,8.829,-0.355,4.845,7.647
1423701230351,37.50035,139.921289,6,8.458,-0.246,4.446,7.672
1423701230452,37.500348,139.921299,6,7.824,-0.171,3.883,7.697
1423701230553,37.500346,139.921308,6,8.081,-0.291,3.795,7.723
1423701230654,37.500343,139.921317,6,8.376,-0.262,4.149,7.748
1423701230754,37.500341,139.921326,6,8.628,-0.285,4.415,7.818
1423701230855,37.500339,139.921335,6,8.32,-0.313,4.328,7.891
1423701230951,37.500337,139.921344,6,8.057,-0.162,4.121,7.961
1423701231051,37.500334,139.921353,6,8.314,-0.126,4.149,8.035
1423701231152,37.500332,139.921362,6,8.53,-0.139,4.207,8.11
1423701231253,37.50033,139.921372,6,8.403,-0.057,4.079,8.186
1423701231354,37.500327,139.921381,6,8.298,-0.078,4.118,8.263
1423701231454,37.500325,139.92139,6,8.319,-0.091,4.155,8.34
1423701231555,37.500323,139.9214,6,8.404,-0.091,4.195,8.418
1423701231651,37.50032,139.921409,6,8.228,-0.149,4.089,8.493
1423701231751,37.500318,139.921418,7,8.161,-0.174,4.051,8.5
1423701231852,37.500315,139.921428,7,8.317,-0.145,4.005,8.5
1423701231953,37.500312,139.921437,7,8.618,-0.128,4.385,8.5
1423701232053,37.50031,139.921446,7,8.753,-0.399,4.47,8.5
1423701232154,37.500307,139.921455,7,8.638,-0.546,4.111,8.5
1423701232255,37.500305,139.921465,7,8.268,-0.431,3.801,8.5
1423701232351,37.500302,139.921474,7,8.298,-0.288,3.543,8.5
1423701232451,37.500299,139.921483,7,8.364,-0.021,3.608,8.5
1423701232552,37.500297,139.921492,7,8.662,0.003,4.026,8.5
1423701232653,37.500294,139.921501,7,8.183,-0.031,3.659,8.5
1423701232753,37.500293,139.92151,9,7.953,-0.098,3.573,8.32
1423701232854,37.500291,139.921518,9,8.319,-0.01,4.032,8.129
1423701232955,37.50029,139.921526,9,8.955,-0.06,4.706,7.942
1423701233055,37.500289,139.921534,9,9.062,0.126,4.97,7.761
1423701233151,37.500288,139.921541,9,8.281,0.223,4.361,7.591
1423701233252,37.500287,139.921549,9,7.9,0.054,3.937,7.415
1423701233353,37.500285,139.921557,9,8.224,-0.071,3.905,7.245
1423701233453,37.500284,139.921564,9,8.192,-0.172,4.005,7.079
1423701233554,37.500283,139.921571,9,7.527,0.278,3.668,6.916
1423701233655,37.500282,139.921578,9,8.574,0.071,4.673,6.758
1423701233755,37.500281,139.921585,12,9.332,-0.316,5.506,6.75
1423701233851,37.50028,139.921593,12,8.616,-0.425,4.892,6.75
1423701233952,37.500278,139.9216,12,7.848,-0.221,4.429,6.75
1423701234052,37.500277,139.921608,12,7.987,-0.222,4.822,6.75
1423701234153,37.500276,139.921615,12,7.896,-0.22,4.413,6.75
1423701234254,37.500274,139.921623,12,7.153,0.07,3.68,6.75
1423701234355,37.500273,139.921631,12,7.416,0.151,4.356,6.75
1423701234455,37.500272,139.921638,12,8.291,-0.068,5.539,6.75
1423701234551,37.50027,139.921646,12,9.205,-0.479,6.172,6.75
1423701234652,37.500269,139.921653,12,9.013,-0.542,6.075,6.75
1423701234752,37.500266,139.921666,14,7.901,-0.463,5.446,6.894
1423701234853,37.500263,139.921679,14,7.183,-0.084,3.834,7.056
1423701234954,37.500259,139.921692,14,7.512,-0.06,3.748,7.223
1423701235054,37.500255,139.921706,14,7.893,-0.086,4.211,7.392
1423701235155,37.500252,139.92172,14,8.092,-0.023,4.685,7.566
1423701235251,37.500248,139.921734,14,8.04,0.058,4.869,7.736
1423701235352,37.500244,139.921749,14,8.062,-0.154,5.112,7.918
1423701235452,37.50024,139.921764,14,7.611,0.14,4.348,8.103
1423701235553,37.500236,139.921779,14,8.009,0.395,4.396,8.294
1423701235654,37.500232,139.921795,14,8.641,0.166,5.04,8.488
1423701235754,37.500231,139.921804,14,8.371,0.051,4.973,8.452
1423701235855,37.50023,139.921812,14,8.023,-0.215,4.709,8.4
1423701235951,37.50023,139.92182,14,7.973,-0.369,4.654,8.351
1423701236052,37.500229,139.921829,14,8.083,-0.363,4.393,8.3
1423701236152,37.500228,139.921837,14,7.939,-0.604,4.34,8.25
1423701236253,37.500227,139.921845,14,7.936,-0.893,4.486,8.2
1423701236354,37.500226,139.921853,14,8.052,-0.88,4.733,8.15
1423701236454,37.500226,139.921862,14,8.364,-0.737,4.976,8.101
1423701236555,37.500225,139.92187,14,8.284,-0.623,4.82,8.051
1423701236651,37.500224,139.921877,14,8.08,-0.552,4.801,8.004
1423701236751,37.500222,139.921885,10,8.063,-0.497,4.494,7.953
1423701236852,37.500221,139.921893,10,8.356,-0.403,4.734,7.901
1423701236953,37.500219,139.9219,10,8.276,-0.291,4.579,7.85
1423701237054,37.500217,139.921908,10,7.99,-0.259,4.359,7.799
1423701237154,37.500215,139.921916,10,8.05,-0.182,4.356,7.749
1423701237255,37.500214,139.921923,10,8.155,-0.195,4.46,7.699
1423701237351,37.500212,139.92193,10,8.271,-0.258,4.561,7.651
1423701237451,37.50021,139.921938,10,8.1,-0.163,4.439,7.602
1423701237552,37.500209,139.921945,10,7.931,-0.059,4.354,7.552
1423701237653,37.500207,139.921952,10,8.266,-0.121,4.641,7.503
1423701237753,37.500205,139.921961,8,8.337,-0.093,4.777,7.452
1423701237854,37.500203,139.921969,8,8.036,-0.132,4.463,7.4
1423701237955,37.500201,139.921977,8,8.129,-0.075,4.47,7.349
1423701238056,37.500199,139.921985,8,8.411,0.041,4.619,7.298
1423701238151,37.500197,139.921993,8,8.316,-0.092,4.296,7.25
1423701238257,37.500195,139.922001,8,8.187,-0.002,4.187,7.197
1423701238353,37.500193,139.922009,8,8.183,-0.035,4.244,7.15
1423701238452,37.500191,139.922017,8,8.33,-0.08,4.251,7.101
1423701238554,37.500189,139.922025,8,8.069,0.067,4.042,7.051
1423701238653,37.500187,139.922032,8,8.183,0.102,3.891,7.003
1423701238756,37.500185,139.92204,8,8.617,-0.186,4.356,7.0
1423701238851,37.500184,139.922048,8,8.691,-0.438,4.505,7.0
1423701238952,37.500182,139.922056,8,8.449,-0.399,4.0,7.0
1423701239053,37.500181,139.922064,8,8.135,-0.237,3.639,7.0
1423701239153,37.500179,139.922071,8,8.393,-0.157,3.95,7.0
1423701239254,37.500177,139.922079,8,8.325,0.081,3.631,7.0
1423701239355,37.500176,139.922087,8,8.413,-0.12,3.934,7.0
1423701239455,37.500174,139.922095,8,8.569,-0.192,4.514,7.0
1423701239551,37.500173,139.922102,8,8.591,-0.172,4.598,7.0
1423701239652,37.500171,139.92211,8,8.347,-0.127,4.296,7.0
1423701239753,37.500167,139.922117,9,8.241,-0.092,4.227,7.108
1423701239853,37.500163,139.922123,9,8.458,-0.144,4.196,7.225
1423701239954,37.500158,139.92213,9,8.431,-0.32,4.256,7.346
1423701240055,37.500153,139.922136,9,8.356,-0.382,4.369,7.469
1423701240155,37.500149,139.922143,9,8.25,-0.385,4.278,7.593
1423701240251,37.500144,139.922149,9,8.207,-0.378,4.202,7.714
1423701240352,37.500139,139.922156,9,8.196,-0.403,4.233,7.843
1423701240452,37.500134,139.922163,9,8.35,-0.42,4.313,7.973
1423701240553,37.500129,139.92217,9,8.363,-0.403,4.342,8.106
1423701240654,37.500124,139.922178,9,8.282,-0.44,4.332,8.242
1423701240755,37.500122,139.922186,9,8.285,-0.411,4.224,8.25
1423701240855,37.50012,139.922195,9,8.44,-0.478,4.165,8.25
1423701240951,37.500117,139.922203,9,8.381,-0.452,4.141,8.25
1423701241052,37.500115,139.922212,9,8.459,-0.461,4.268,8.25
1423701241152,37.500113,139.92222,9,8.497,-0.478,4.199,8.25
1423701241253,37.50011,139.922229,9,8.166,-0.428,4.01,8.25
1423701241354,37.500108,139.922238,9,8.568,-0.473,4.245,8.25
1423701241455,37.500106,139.922246,9,8.569,-0.373,4.214,8.25
1423701241555,37.500103,139.922255,9,8.189,-0.273,3.867,8.25
1423701241651,37.500101,139.922263,9,7.839,-0.079,3.619,8.25
1423701241752,37.500098,139.922272,8,8.073,-0.101,4.202,8.273
1423701241852,37.500094,139.922281,8,8.629,-0.299,4.728,8.297
1423701241953,37.500091,139.92229,8,8.462,-0.281,4.837,8.322
1423701242054,37.500087,139.922299,8,7.985,-0.17,4.428,8.348
1423701242154,37.500083,139.922308,8,7.973,-0.08,4.177,8.373
1423701242255,37.50008,139.922317,8,8.192,-0.127,4.246,8.398
1423701242351,37.500076,139.922325,8,8.388,-0.222,4.45,8.422
1423701242452,37.500073,139.922334,8,8.226,-0.318,4.588,8.447
1423701242552,37.500069,139.922343,8,8.05,-0.272,4.506,8.473
1423701242653,37.500065,139.922352,8,8.046,-0.217,4.492,8.498
1423701242754,37.500062,139.922362,8,8.142,-0.223,4.628,8.452
1423701242854,37.500058,139.922371,8,8.271,-0.267,4.925,8.401
1423701242955,37.500055,139.922381,8,8.196,-0.363,4.875,8.349
1423701243051,37.500051,139.92239,8,7.818,-0.417,4.651,8.301
1423701243151,37.500048,139.922399,8,7.684,-0.426,4.559,8.251
1423701243252,37.500045,139.922408,8,7.985,-0.351,4.682,8.2
1423701243353,37.500041,139.922417,8,8.034,-0.23,4.788,8.15
1423701243454,37.500038,139.922427,8,8.057,-0.151,4.93,8.101
1423701243554,37.500035,139.922436,8,8.033,-0.15,5.004,8.052
1423701243655,37.500031,139.922445,8,8.045,-0.307,4.956,8.002
1423701243751,37.500027,139.922454,10,7.879,-0.309,4.665,7.977
1423701243851,37.500022,139.922465,10,7.982,-0.244,4.747,7.952
1423701243952,37.500018,139.922475,10,8.012,-0.229,4.857,7.926
1423701244053,37.500013,139.922485,10,7.953,-0.173,4.805,7.901
1423701244154,37.500009,139.922496,10,7.91,-0.208,4.777,7.876
1423701244254,37.500004,139.922506,10,8.051,-0.325,4.836,7.851
1423701244355,37.5,139.922516,10,8.123,-0.269,4.838,7.825
1423701244451,37.499995,139.922526,10,8.069,-0.247,4.751,7.802
1423701244551,37.499991,139.922536,10,8.006,-0.248,4.637,7.777
1423701244652,37.499986,139.922546,10,7.953,-0.157,4.561,7.752
1423701244753,37.499984,139.922555,10,7.982,-0.156,4.485,7.726
1423701244853,37.499983,139.922564,10,8.284,-0.18,4.665,7.701
1423701244954,37.499981,139.922573,10,8.322,-0.234,4.666,7.676
1423701245055,37.499979,139.922582,10,8.082,-0.156,4.303,7.65
1423701245156,37.499977,139.922591,10,8.139,-0.15,4.212,7.625
1423701245251,37.499976,139.922599,10,8.211,-0.203,4.354,7.601
1423701245352,37.499974,139.922608,10,8.447,-0.268,4.439,7.576
1423701245453,37.499972,139.922616,10,8.208,-0.194,4.246,7.551
1423701245553,37.499971,139.922625,10,8.224,-0.255,4.319,7.526
1423701245654,37.499969,139.922633,10,8.287,-0.169,4.306,7.501
1423701245755,37.499967,139.922642,7,8.249,-0.183,4.371,7.546
1423701245856,37.499965,139.922651,7,8.268,-0.191,4.27,7.595
1423701245951,37.499964,139.922659,7,8.095,-0.185,4.08,7.642
1423701246052,37.499962,139.922667,7,8.163,-0.306,4.197,7.692
1423701246153,37.49996,139.922676,7,8.326,-0.296,4.418,7.742
1423701246253,37.499958,139.922685,7,8.145,-0.388,4.152,7.793
1423701246354,37.499956,139.922694,7,8.482,-0.282,4.349,7.844
1423701246455,37.499954,139.922703,7,8.45,-0.128,4.342,7.895
1423701246555,37.499952,139.922712,7,8.234,-0.131,3.914,7.946
1423701246651,37.49995,139.92272,7,8.241,-0.149,3.882,7.995
1423701246752,37.499946,139.922728,9,8.49,-0.36,3.941,7.953
1423701246852,37.499942,139.922735,9,8.432,-0.38,3.988,7.901
1423701246953,37.499938,139.922743,9,8.27,-0.348,3.879,7.85
1423701247054,37.499934,139.92275,9,8.347,-0.409,4.108,7.799
1423701247155,37.49993,139.922757,9,8.453,-0.37,4.295,7.748
1423701247255,37.499926,139.922764,9,8.246,-0.408,4.246,7.699
1423701247351,37.499923,139.922771,9,8.116,-0.476,4.27,7.651
1423701247452,37.499919,139.922778,9,8.12,-0.401,4.455,7.601
1423701247552,37.499915,139.922785,9,8.203,-0.35,4.564,7.552
1423701247653,37.499911,139.922793,9,8.228,-0.281,4.591,7.503
1423701247754,37.499909,139.922801,9,8.192,-0.233,4.63,7.546
1423701247854,37.499906,139.92281,9,8.204,-0.19,4.502,7.594
1423701247955,37.499904,139.922819,9,8.089,-0.158,4.279,7.644
1423701248051,37.499901,139.922828,9,8.249,-0.262,4.443,7.692
1423701248152,37.499899,139.922837,9,8.378,-0.134,4.595,7.742
1423701248252,37.499896,139.922846,9,8.216,-0.156,4.492,7.792
1423701248353,37.499894,139.922855,9,8.321,-0.023,4.379,7.843
1423701248454,37.499891,139.922864,9,7.682,0.015,3.798,7.894
1423701248554,37.499889,139.922873,9,8.038,-0.07,4.145,7.945
1423701248655,37.499886,139.922883,9,8.601,-0.083,4.774,7.997
1423701248751,37.499884,139.922891,7,8.538,-0.303,4.907,8.0
1423701248852,37.499881,139.9229,7,8.143,-0.294,4.556,8.0
1423701248952,37.499878,139.922909,7,8.091,-0.093,4.699,8.0
1423701249053,37.499875,139.922918,7,7.903,-0.064,4.558,8.0
1423701249154,37.499873,139.922927,7,7.91,-0.199,4.375,8.0
1423701249254,37.49987,139.922936,7,7.912,-0.301,4.529,8.0
1423701249355,37.499867,139.922946,7,8.211,-0.356,4.748,8.0
1423701249451,37.499865,139.922954,7,7.971,-0.309,4.629,8.0
1423701249551,37.499862,139.922963,7,7.919,-0.323,4.684,8.0
1423701249652,37.499859,139.922972,7,8.19,-0.224,4.879,8.0
1423701249753,37.499857,139.922981,7,8.084,-0.195,4.837,8.0
1423701249854,37.499854,139.92299,7,8.09,-0.198,4.708,8.0
1423701249954,37.499852,139.922999,7,8.018,-0.181,4.677,8.0
1423701250055,37.499849,139.923008,7,8.031,-0.255,4.73,8.0
1423701250151,37.499847,139.923016,7,7.979,-0.177,4.633,8.0
1423701250251,37.499844,139.923025,7,8.003,-0.217,4.613,8.0
1423701250352,37.499842,139.923034,7,8.101,-0.292,4.712,8.0
1423701250453,37.499839,139.923043,7,8.121,-0.266,4.81,8.0
1423701250553,37.499837,139.923052,7,8.15,-0.324,4.811,8.0
1423701250654,37.499834,139.92306,7,8.012,-0.261,4.685,8.0
1423701250755,37.499831,139.92307,8,7.868,-0.189,4.567,7.951
1423701250851,37.499828,139.92308,8,7.909,-0.18,4.451,7.902
1423701250951,37.499825,139.92309,8,8.11,-0.359,4.745,7.851
1423701251052,37.499822,139.9231,8,8.242,-0.334,4.888,7.8
1423701251153,37.499819,139.92311,8,8.196,-0.399,4.9,7.749
1423701251253,37.499817,139.923119,8,7.814,-0.41,4.65,7.7
1423701251354,37.499814,139.923129,8,7.772,-0.343,4.717,7.65
1423701251455,37.499811,139.923139,8,7.987,-0.433,4.765,7.6
1423701251551,37.499808,139.923148,8,8.065,-0.53,4.92,7.553
1423701251651,37.499805,139.923157,8,7.967,-0.622,4.901,7.504
1423701251752,37.499805,139.923164,8,7.976,-0.425,4.925,7.428
1423701251853,37.499805,139.92317,8,8.311,-0.331,5.273,7.349
1423701251953,37.499804,139.923176,8,8.273,-0.243,5.256,7.272
1423701252054,37.499804,139.923182,8,7.651,-0.217,4.553,7.195
1423701252155,37.499804,139.923187,8,6.94,-0.218,3.897,7.119
1423701252256,37.499804,139.923193,8,7.027,-0.043,3.727,7.043
1423701252356,37.499804,139.923199,8,8.007,-0.092,4.866,6.97
1423701252452,37.499803,139.923204,8,8.742,-0.09,5.573,6.899
1423701252551,37.499803,139.92321,8,8.32,-0.002,5.453,6.828
1423701252653,37.499803,139.923216,8,7.639,0.042,4.918,6.755
1423701252752,37.499801,139.923223,8,7.558,-0.007,4.916,6.651
1423701252855,37.499799,139.92323,8,8.102,-0.1,4.94,6.542
1423701252954,37.499796,139.923237,8,8.171,-0.251,4.67,6.439
1423701253051,37.499794,139.923243,8,7.995,-0.265,4.67,6.34
1423701253152,37.499792,139.92325,8,7.958,-0.437,4.931,6.238
1423701253252,37.49979,139.923256,8,7.969,-0.351,5.056,6.139
1423701253353,37.499788,139.923263,8,7.928,-0.131,4.868,6.04
1423701253454,37.499786,139.923269,8,8.058,-0.276,4.749,5.943
1423701253555,37.499784,139.923276,8,7.992,-0.399,4.762,5.847
1423701253655,37.499782,139.923282,8,8.095,-0.39,4.896,5.755
1423701253751,37.499781,139.923288,6,7.998,-0.44,4.851,5.772
1423701253852,37.49978,139.923296,6,7.641,-0.252,4.693,5.797
1423701253952,37.499779,139.923303,6,7.897,-0.197,4.658,5.822
1423701254053,37.499777,139.92331,6,8.223,-0.3,4.963,5.847
1423701254154,37.499776,139.923317,6,8.157,-0.425,4.959,5.872
1423701254254,37.499775,139.923324,6,7.912,-0.425,4.689,5.897
1423701254355,37.499774,139.923332,6,7.859,-0.391,4.701,5.923
1423701254451,37.499773,139.923339,6,8.026,-0.335,4.824,5.947
1423701254552,37.499771,139.923346,6,8.068,-0.228,4.836,5.972
1423701254652,37.49977,139.923353,6,8.09,-0.169,4.802,5.998
1423701254753,37.49977,139.923362,8,8.132,-0.221,4.824,6.045
1423701254854,37.49977,139.923371,8,8.087,-0.337,4.998,6.094
1423701254954,37.499771,139.923379,8,7.906,-0.24,4.779,6.143
1423701255055,37.499771,139.923388,8,7.891,-0.159,4.617,6.193
1423701255151,37.499771,139.923396,8,8.068,-0.263,4.857,6.241
1423701255252,37.499771,139.923405,8,8.231,-0.231,4.98,6.291
1423701255352,37.499771,139.923414,8,8.075,-0.105,4.809,6.342
1423701255453,37.499772,139.923423,8,7.846,-0.08,4.598,6.393
1423701255554,37.499772,139.923432,8,7.712,-0.272,4.365,6.445
1423701255654,37.499772,139.923441,8,7.901,-0.253,4.858,6.497
1423701255755,37.499771,139.923448,8,8.27,-0.245,4.937,6.425
1423701255851,37.49977,139.923453,8,8.095,-0.216,4.789,6.35
1423701255951,37.499769,139.923459,8,7.862,-0.308,4.69,6.272
1423701256052,37.499768,139.923464,8,7.846,-0.22,4.685,6.195
1423701256153,37.499767,139.92347,8,8.048,-0.173,4.963,6.119
1423701256254,37.499766,139.923475,8,8.307,-0.511,5.15,6.043
1423701256354,37.499765,139.923481,8,8.171,-0.453,4.922,5.97
1423701256455,37.499764,139.923486,8,7.924,-0.365,4.564,5.896
1423701256551,37.499763,139.923491,8,7.844,-0.27,4.432,5.827
1423701256651,37.499762,139.923497,8,7.982,-0.253,4.602,5.756
1423701256752,37.499761,139.923501,8,8.11,-0.124,4.719,5.702
1423701256853,37.49976,139.923506,8,8.039,-0.063,4.616,5.65
1423701256954,37.499759,139.92351,8,7.911,-0.135,4.454,5.598
1423701257054,37.499758,139.923514,8,7.928,-0.225,4.506,5.548
1423701257155,37.499757,139.923519,8,8.102,-0.29,4.733,5.497
1423701257251,37.499757,139.923523,8,8.221,-0.414,4.857,5.449
1423701257351,37.499756,139.923527,8,7.703,-0.162,4.514,5.4
1423701257452,37.499755,139.923531,8,7.895,-0.075,4.449,5.35
1423701257553,37.499754,139.923536,8,8.293,-0.071,4.836,5.301
1423701257653,37.499753,139.92354,8,8.331,-0.139,4.998,5.253
1423701257754,37.499752,139.923544,8,8.011,-0.192,4.555,5.273
1423701257855,37.499751,139.923548,8,7.986,-0.339,4.451,5.298
1423701257956,37.49975,139.923552,8,8.241,-0.501,4.656,5.323
1423701258051,37.499748,139.923556,8,8.449,-0.548,5.098,5.346
1423701258152,37.499747,139.92356,8,8.145,-0.37,4.643,5.372
1423701258253,37.499746,139.923565,8,7.889,-0.213,4.253,5.397
1423701258353,37.499745,139.923569,8,8.039,-0.233,4.453,5.422
1423701258454,37.499744,139.923573,8,7.995,-0.171,4.381,5.448
1423701258555,37.499742,139.923577,8,8.106,-0.2,4.445,5.473
1423701258655,37.499741,139.923582,8,8.186,-0.321,4.509,5.499
1423701258751,37.499739,139.923587,7,8.152,-0.274,4.516,5.5
1423701258852,37.499737,139.923593,7,8.09,-0.296,4.507,5.5
1423701258952,37.499735,139.923598,7,8.05,-0.296,4.515,5.5
1423701259053,37.499734,139.923604,7,8.205,-0.253,4.612,5.5
1423701259154,37.499732,139.92361,7,8.228,-0.184,4.349,5.5
1423701259255,37.49973,139.923615,7,8.291,-0.087,4.182,5.5
1423701259355,37.499728,139.923621,7,8.488,-0.242,4.184,5.5
1423701259451,37.499726,139.923626,7,8.411,-0.311,4.144,5.5
1423701259552,37.499724,139.923632,7,8.242,-0.426,4.008,5.5
1423701259652,37.499722,139.923638,7,8.245,-0.298,3.946,5.5
1423701259753,37.499723,139.923644,11,8.375,-0.305,4.126,5.5
1423701259854,37.499723,139.923651,11,8.46,-0.255,4.224,5.5
1423701259955,37.499724,139.923658,11,8.425,-0.08,4.038,5.5
1423701260055,37.499725,139.923665,11,8.313,-0.211,4.029,5.5
1423701260151,37.499725,139.923671,11,8.252,-0.331,3.947,5.5
1423701260252,37.499726,139.923678,11,8.487,-0.353,4.136,5.5
1423701260352,37.499727,139.923685,11,8.476,-0.321,4.082,5.5
1423701260453,37.499728,139.923692,11,8.367,-0.3,4.009,5.5
1423701260554,37.499728,139.923699,11,8.459,-0.307,4.095,5.5
1423701260655,37.499729,139.923706,11,8.456,-0.181,4.142,5.5
1423701260755,37.49973,139.923712,11,8.466,-0.202,4.242,5.45
1423701260851,37.499732,139.923718,11,8.217,-0.169,3.988,5.401
1423701260952,37.499733,139.923724,11,8.201,-0.169,3.962,5.349
1423701261052,37.499734,139.923729,11,8.32,-0.259,4.137,5.298
1423701261153,37.499736,139.923735,11,8.364,-0.27,4.231,5.248
1423701261254,37.499737,139.923741,11,8.332,-0.214,4.257,5.197
1423701261354,37.499738,139.923747,11,8.371,-0.294,4.278,5.148
1423701261455,37.499739,139.923753,11,8.296,-0.373,4.223,5.099
1423701261551,37.499741,139.923758,11,8.317,-0.298,4.38,5.052
1423701261652,37.499742,139.923764,11,8.254,-0.204,4.293,5.004
1423701261752,37.49974,139.923766,12,8.12,-0.224,4.308,4.952
1423701261853,37.499737,139.923769,12,8.06,-0.253,4.446,4.899
1423701261954,37.499734,139.923772,12,8.077,-0.199,4.792,4.848
1423701262054,37.499732,139.923774,12,8.051,-0.206,4.688,4.797
1423701262155,37.499729,139.923777,12,8.025,-0.213,4.581,4.746
1423701262251,37.499727,139.923779,12,8.107,-0.167,4.734,4.698
1423701262351,37.499724,139.923782,12,8.237,-0.068,4.829,4.649
1423701262452,37.499722,139.923784,12,8.142,-0.033,4.743,4.6
1423701262553,37.49972,139.923786,12,8.107,-0.088,4.641,4.551
1423701262654,37.499717,139.923789,12,7.991,-0.171,4.577,4.503
1423701262754,37.499712,139.923793,14,8.065,-0.131,4.628,4.585
1423701262855,37.499707,139.923798,14,8.149,-0.141,4.646,4.679
1423701262951,37.499702,139.923803,14,8.098,-0.12,4.578,4.77
1423701263051,37.499697,139.923808,14,7.82,-0.048,4.252,4.867
1423701263152,37.499691,139.923813,14,8.158,-0.05,4.705,4.967
1423701263253,37.499686,139.923819,14,8.407,-0.14,4.99,5.069
1423701263353,37.49968,139.923824,14,8.181,-0.31,4.819,5.172
1423701263454,37.499674,139.923829,14,7.843,-0.423,4.496,5.278
1423701263555,37.499668,139.923835,14,8.397,-0.479,4.944,5.386
1423701263651,37.499663,139.92384,14,8.334,-0.426,4.972,5.49
1423701263751,37.499661,139.923846,14,7.685,-0.306,4.522,5.453
1423701263852,37.49966,139.923851,14,7.714,-0.145,4.298,5.4
1423701263953,37.49966,139.923856,14,8.121,-0.157,4.77,5.349
1423701264053,37.499659,139.923862,14,8.166,-0.186,4.957,5.298
1423701264154,37.499658,139.923867,14,8.031,-0.325,4.852,5.247
1423701264255,37.499657,139.923872,14,7.921,-0.35,4.774,5.197
1423701264355,37.499656,139.923877,14,7.749,-0.229,4.698,5.147
1423701264451,37.499656,139.923882,14,7.954,-0.245,4.923,5.101
1423701264552,37.499655,139.923887,14,7.924,-0.184,4.921,5.052
1423701264653,37.499654,139.923892,14,8.01,-0.063,4.683,5.003
1423701264753,37.499653,139.923897,9,7.979,-0.182,4.756,5.0
1423701264854,37.499652,139.923903,9,8.047,-0.295,4.877,5.0
1423701264955,37.499651,139.923908,9,8.022,-0.403,4.919,5.0
1423701265055,37.49965,139.923914,9,7.937,-0.328,4.88,5.0
1423701265151,37.499649,139.923919,9,7.915,-0.229,4.809,5.0
1423701265252,37.499648,139.923925,9,7.915,-0.157,4.781,5.0
1423701265353,37.499647,139.92393,9,7.925,-0.168,4.834,5.0
1423701265453,37.499646,139.923936,9,8.009,-0.185,4.907,5.0
1423701265554,37.499645,139.923941,9,8.052,-0.28,5.023,5.0
1423701265655,37.499644,139.923947,9,7.823,-0.269,4.871,5.0
1423701265755,37.499642,139.923953,9,7.785,-0.262,4.945,4.895
1423701265851,37.49964,139.923958,9,7.891,-0.303,5.118,4.792
1423701265952,37.499638,139.923964,9,7.795,-0.32,5.111,4.685
1423701266052,37.499636,139.92397,9,7.671,-0.315,5.077,4.582
1423701266153,37.499634,139.923975,9,7.652,-0.253,5.154,4.479
1423701266254,37.499632,139.923981,9,7.72,-0.207,5.311,4.379
1423701266355,37.49963,139.923986,9,7.685,-0.28,5.448,4.281
1423701266455,37.499629,139.923991,9,7.589,-0.352,5.495,4.187
1423701266551,37.499627,139.923996,9,7.52,-0.306,5.449,4.098
1423701266657,37.499625,139.924001,9,7.6,-0.209,5.608,4.003
1423701266752,37.499625,139.924005,9,7.63,-0.212,5.694,3.896
1423701266851,37.499624,139.92401,9,7.519,-0.242,5.624,3.787
1423701266954,37.499624,139.924015,9,7.568,-0.296,5.683,3.676
1423701267053,37.499624,139.924019,9,7.523,-0.344,5.603,3.573
1423701267155,37.499623,139.924024,9,7.489,-0.454,5.488,3.469
1423701267251,37.499623,139.924028,9,7.592,-0.462,5.493,3.374
1423701267352,37.499623,139.924032,9,7.684,-0.392,5.529,3.278
1423701267452,37.499623,139.924036,9,7.611,-0.292,5.396,3.184
1423701267553,37.499622,139.92404,9,7.527,-0.233,5.213,3.093
1423701267654,37.499622,139.924044,9,7.65,-0.227,5.292,3.005
1423701267755,37.499622,139.924046,9,7.745,-0.201,5.393,2.853
1423701267856,37.499622,139.924049,9,7.666,-0.191,5.285,2.703
1423701267951,37.499623,139.924051,9,7.614,-0.231,5.218,2.568
1423701268052,37.499623,139.924053,9,7.712,-0.284,5.271,2.432
1423701268152,37.499623,139.924055,9,7.816,-0.342,5.394,2.303
1423701268253,37.499623,139.924057,9,7.735,-0.333,5.413,2.179
1423701268354,37.499623,139.924059,9,7.624,-0.301,5.309,2.063
1423701268454,37.499624,139.924061,9,7.605,-0.295,5.231,1.954
1423701268555,37.499624,139.924062,9,7.654,-0.291,5.283,1.85
1423701268651,37.499624,139.924064,9,7.682,-0.403,5.35,1.758
1423701268751,37.499623,139.924067,9,7.681,-0.491,5.365,1.698
1423701268852,37.499622,139.924071,9,7.672,-0.357,5.333,1.641
1423701268953,37.499621,139.924074,9,7.694,-0.173,5.303,1.586
1423701269054,37.49962,139.924077,9,7.764,-0.104,5.345,1.533
1423701269154,37.499619,139.92408,9,7.74,-0.205,5.333,1.482
1423701269255,37.499618,139.924083,9,7.714,-0.279,5.363,1.432
1423701269351,37.499617,139.924086,9,7.738,-0.254,5.432,1.387
1423701269451,37.499616,139.924089,9,7.706,-0.187,5.421,1.341
1423701269552,37.499615,139.924091,9,7.667,-0.219,5.329,1.296
1423701269653,37.499614,139.924094,9,7.673,-0.342,5.366,1.253
1423701269754,37.499613,139.924096,9,7.681,-0.37,5.387,1.152
1423701269854,37.499613,139.924097,9,7.635,-0.274,5.317,1.054
1423701269955,37.499612,139.924099,9,7.63,-0.227,5.34,0.962
1423701270051,37.499612,139.9241,9,7.689,-0.249,5.414,0.88
1423701270151,37.499612,139.924101,9,7.661,-0.283,5.428,0.801
1423701270252,37.499611,139.924102,9,7.616,-0.296,5.395,0.728
1423701270353,37.499611,139.924103,9,7.632,-0.257,5.4,0.662
1423701270453,37.499611,139.924104,9,7.642,-0.26,5.421,0.602
1423701270554,37.49961,139.924105,9,7.638,-0.27,5.412,0.549
1423701270655,37.49961,139.924106,9,7.636,-0.271,5.386,0.502
1423701270755,37.499611,139.924103,8,7.652,-0.247,5.394,0.41
1423701270851,37.499613,139.9241,8,7.657,-0.217,5.412,0.327
1423701270952,37.499614,139.924098,8,7.635,-0.215,5.418,0.251
1423701271053,37.499615,139.924095,8,7.642,-0.253,5.416,0.184
1423701271153,37.499616,139.924093,8,7.776,-0.267,5.318,0.129
1423701271254,37.499617,139.924092,8,7.886,-0.285,5.051,0.082
1423701271355,37.499617,139.924091,8,7.913,-0.279,4.842,0.047
1423701271455,37.499618,139.92409,8,7.965,-0.27,4.721,0.021
1423701271551,37.499618,139.924089,8,8.015,-0.284,4.695,0.006
1423701273752,37.499611,139.924099,8,9.43,-0.251,1.877,0.011
1423701273852,37.499611,139.924099,8,9.422,-0.316,1.883,0.046
1423701273953,37.499611,139.924099,8,9.33,-0.404,1.894,0.107
1423701274054,37.499611,139.924099,8,9.148,-0.423,1.947,0.194
1423701274154,37.499611,139.924099,8,8.857,-0.321,2.133,0.305
1423701274255,37.499611,139.9241,8,9.035,-0.297,2.7,0.443
1423701274351,37.499611,139.9241,8,9.256,-0.297,3.281,0.597
1423701274452,37.49961,139.9241,8,9.048,-0.188,3.281,0.784
1423701274552,37.49961,139.924101,8,8.672,-0.213,3.035,0.995
1423701274653,37.49961,139.924101,8,8.694,-0.251,3.119,1.233
1423701274754,37.499609,139.924102,9,8.799,-0.122,3.354,1.25
1423701274854,37.499609,139.924103,9,8.616,-0.121,3.426,1.25
1423701274955,37.499608,139.924104,9,8.485,-0.299,3.423,1.25
1423701275051,37.499608,139.924105,9,8.442,-0.384,3.552,1.25
1423701275151,37.499607,139.924106,9,8.479,-0.374,3.806,1.25
1423701275252,37.499606,139.924107,9,8.587,-0.408,4.248,1.25
1423701275353,37.499606,139.924108,9,8.571,-0.382,4.518,1.25
1423701275453,37.499605,139.924109,9,8.313,-0.311,4.306,1.25
1423701275554,37.499605,139.92411,9,8.384,-0.378,4.3,1.25
1423701275655,37.499604,139.924111,9,8.3,-0.409,4.278,1.25
1423701275751,37.499603,139.924114,11,7.988,-0.283,4.1,1.367
1423701275851,37.499602,139.924119,11,8.118,-0.146,4.404,1.515
1423701275952,37.4996,139.924124,11,8.369,-0.178,4.678,1.687
1423701276053,37.499598,139.924129,11,8.203,-0.21,4.508,1.88
1423701276153,37.499596,139.924136,11,7.964,-0.123,4.246,2.093
1423701276254,37.499594,139.924143,11,8.171,0.024,4.511,2.329
1423701276355,37.499592,139.92415,11,8.337,-0.163,4.728,2.588
1423701276451,37.499589,139.924158,11,8.147,-0.268,4.552,2.854
1423701276551,37.499586,139.924167,11,8.317,-0.465,4.875,3.151
1423701276652,37.499583,139.924176,11,8.189,-0.475,4.633,3.474
1423701276753,37.499581,139.924181,11,7.776,-0.418,4.214,3.523
1423701276853,37.49958,139.924185,11,7.885,-0.326,4.307,3.547
1423701276954,37.499578,139.924189,11,8.325,-0.301,4.793,3.572
1423701277055,37.499576,139.924193,11,8.496,-0.377,4.907,3.597
1423701277151,37.499575,139.924197,11,8.174,-0.333,4.394,3.621
1423701277251,37.499573,139.924201,11,8.284,-0.114,4.422,3.646
1423701277352,37.499571,139.924206,11,8.252,-0.143,4.264,3.671
1423701277452,37.49957,139.92421,11,8.146,-0.265,3.921,3.697
1423701277553,37.499568,139.924214,11,8.276,-0.314,4.043,3.722
1423701277654,37.499566,139.924219,11,8.576,-0.275,4.245,3.748
1423701277755,37.499564,139.924223,7,8.664,-0.424,3.871,3.795
1423701277855,37.499563,139.924228,7,8.759,-0.401,3.328,3.843
1423701277951,37.499561,139.924233,7,8.696,-0.338,2.922,3.889
1423701278052,37.49956,139.924238,7,8.654,-0.314,2.665,3.939
1423701278152,37.499558,139.924243,7,8.884,-0.272,2.671,3.988
1423701278253,37.499556,139.924248,7,9.135,-0.2,2.883,4.039
1423701278354,37.499554,139.924253,7,9.06,-0.137,2.651,4.09
1423701278455,37.499553,139.924258,7,9.383,-0.179,2.887,4.142
1423701278555,37.499551,139.924263,7,9.104,-0.219,2.805,4.195
1423701278651,37.499549,139.924269,7,8.675,-0.265,2.842,4.245
1423701278752,37.499545,139.924276,15,8.651,-0.274,3.38,4.333
1423701278852,37.49954,139.924285,15,8.439,-0.375,3.717,4.426
1423701278953,37.499535,139.924293,15,8.532,-0.318,4.033,4.521
1423701279054,37.499529,139.924302,15,8.382,-0.176,4.306,4.619
1423701279155,37.499524,139.924311,15,7.843,-0.088,4.448,4.719
1423701279255,37.499519,139.92432,15,7.896,-0.159,4.946,4.82
1423701279351,37.499514,139.924329,15,8.169,-0.299,5.047,4.919
1423701279452,37.499508,139.924338,15,8.084,-0.389,4.884,5.025
1423701279552,37.499502,139.924347,15,7.814,-0.394,4.787,5.132
1423701279653,37.499496,139.924357,15,7.857,-0.327,4.882,5.242
1423701279754,37.499492,139.924364,15,7.973,-0.294,4.881,5.226
1423701279854,37.499487,139.924371,15,7.95,-0.145,4.852,5.201
1423701279955,37.499483,139.924377,15,7.986,-0.241,5.01,5.175
1423701280051,37.499479,139.924384,15,7.953,-0.345,5.025,5.151
1423701280152,37.499475,139.92439,15,7.92,-0.325,4.903,5.125
1423701280252,37.49947,139.924397,15,7.874,-0.326,4.811,5.101
1423701280353,37.499466,139.924403,15,7.998,-0.352,4.995,5.075
1423701280454,37.499462,139.92441,15,7.907,-0.322,4.91,5.051
1423701280554,37.499457,139.924416,15,7.941,-0.283,4.942,5.026
1423701280655,37.499453,139.924423,15,7.952,-0.157,4.908,5.001
1423701280756,37.499452,139.924426,9,7.821,-0.222,4.841,4.923
1423701280851,37.499451,139.92443,9,7.82,-0.279,4.832,4.847
1423701280957,37.49945,139.924433,9,7.909,-0.321,4.905,4.765
1423701281053,37.499449,139.924437,9,7.898,-0.388,4.885,4.691
1423701281152,37.499448,139.92444,9,8.086,-0.323,5.08,4.616
1423701281254,37.499447,139.924443,9,8.022,-0.362,5.036,4.54
1423701281353,37.499447,139.924446,9,8.016,-0.321,4.889,4.467
1423701281451,37.499446,139.92445,9,7.952,-0.331,4.663,4.397
1423701281551,37.499445,139.924453,9,8.109,-0.262,4.519,4.326
1423701281652,37.499444,139.924456,9,8.301,-0.139,4.555,4.256
1423701281753,37.499444,139.924462,9,8.082,-0.047,4.386,4.226
1423701281853,37.499443,139.924467,9,8.103,-0.222,4.309,4.201
1423701281954,37.499443,139.924473,9,8.606,-0.381,4.469,4.175
1423701282055,37.499442,139.924479,9,8.603,-0.363,4.435,4.149
1423701282151,37.499442,139.924485,9,8.124,-0.441,4.069,4.125
1423701282251,37.499442,139.924491,9,8.026,-0.445,3.971,4.1
1423701282352,37.499441,139.924497,9,8.342,-0.354,4.006,4.075
1423701282453,37.499441,139.924502,9,8.472,-0.357,4.251,4.051
1423701282553,37.49944,139.924508,9,8.461,-0.26,4.29,4.026
1423701282654,37.49944,139.924514,9,8.251,-0.203,4.01,4.001
1423701282755,37.499439,139.924519,10,8.073,-0.306,3.875,4.0
1423701282851,37.499439,139.924524,10,8.392,-0.336,4.078,4.0
1423701282951,37.499438,139.924529,10,8.492,-0.42,4.338,4.0
1423701283052,37.499437,139.924535,10,8.358,-0.502,4.365,4.0
1423701283153,37.499437,139.92454,10,8.25,-0.537,4.259,4.0
1423701283253,37.499436,139.924545,10,8.324,-0.564,4.194,4.0
1423701283354,37.499435,139.924551,10,8.25,-0.518,4.094,4.0
1423701283455,37.499434,139.924556,10,8.137,-0.442,4.059,4.0
1423701283551,37.499434,139.924561,10,8.293,-0.423,4.23,4.0
1423701283651,37.499433,139.924567,10,8.596,-0.394,4.434,4.0
1423701283752,37.499432,139.924571,10,8.519,-0.318,4.061,4.0
1423701283853,37.49943,139.924575,10,8.349,-0.226,3.506,4.0
1423701283953,37.499429,139.92458,10,8.391,-0.265,3.465,4.0
1423701284054,37.499428,139.924584,10,8.625,-0.375,3.786,4.0
1423701284155,37.499427,139.924588,10,8.731,-0.472,3.907,4.0
1423701284255,37.499425,139.924593,10,8.511,-0.495,3.743,4.0
1423701284351,37.499424,139.924597,10,8.374,-0.322,3.586,4.0
1423701284452,37.499423,139.924601,10,8.47,-0.22,3.661,4.0
1423701284553,37.499421,139.924605,10,8.588,-0.192,3.827,4.0
1423701284653,37.49942,139.92461,10,8.618,-0.223,3.923,4.0
1423701284754,37.499418,139.924618,12,8.568,-0.242,3.855,4.121
1423701284855,37.499416,139.924628,12,8.422,-0.301,3.67,4.255
1423701284955,37.499414,139.924637,12,8.483,-0.375,3.821,4.393
1423701285051,37.499412,139.924646,12,8.566,-0.476,4.017,4.53
1423701285152,37.49941,139.924657,12,8.516,-0.509,4.035,4.679
1423701285252,37.499408,139.924667,12,8.297,-0.407,3.773,4.831
1423701285353,37.499405,139.924678,12,8.414,-0.328,3.82,4.989
1423701285454,37.499403,139.924689,12,8.6,-0.34,4.018,5.152
1423701285555,37.499401,139.924701,12,8.525,-0.383,4.017,5.32
1423701285655,37.499398,139.924712,12,8.353,-0.285,3.859,5.491
1423701285751,37.499396,139.924718,12,8.45,-0.252,3.916,5.5
1423701285852,37.499395,139.924725,12,8.583,-0.242,4.111,5.5
1423701285952,37.499393,139.924731,12,8.373,-0.349,3.904,5.5
1423701286053,37.499391,139.924737,12,8.366,-0.406,3.847,5.5
1423701286154,37.49939,139.924743,12,8.512,-0.46,4.024,5.5
1423701286254,37.499388,139.924749,12,8.422,-0.427,4.059,5.5
1423701286355,37.499386,139.924755,12,8.373,-0.306,4.032,5.5
1423701286451,37.499385,139.92476,12,8.447,-0.231,4.062,5.5
1423701286552,37.499383,139.924767,12,8.372,-0.141,3.979,5.5
1423701286652,37.499381,139.924773,12,8.427,-0.208,4.099,5.5
1423701286753,37.499379,139.924779,9,8.339,-0.357,4.011,5.523
1423701286854,37.499376,139.924786,9,8.383,-0.328,4.197,5.548
1423701286954,37.499373,139.924793,9,8.223,-0.276,4.274,5.572
1423701287055,37.49937,139.9248,9,8.16,-0.304,4.404,5.597
1423701287151,37.499368,139.924806,9,8.15,-0.263,4.72,5.621
1423701287252,37.499365,139.924813,9,8.107,-0.184,4.889,5.647
1423701287352,37.499362,139.92482,9,7.991,-0.153,4.732,5.672
1423701287453,37.49936,139.924827,9,7.884,-0.195,4.436,5.697
1423701287554,37.499357,139.924834,9,8.102,-0.211,4.633,5.723
1423701287654,37.499354,139.924841,9,8.142,-0.269,4.866,5.748
1423701287755,37.499355,139.924847,8,7.901,-0.252,4.635,5.726
1423701287851,37.499356,139.924853,8,7.914,-0.312,4.612,5.701
1423701287951,37.499357,139.924859,8,8.033,-0.244,4.566,5.676
1423701288052,37.499358,139.924865,8,8.102,-0.102,4.629,5.651
1423701288153,37.499358,139.924871,8,8.397,-0.124,4.86,5.625
1423701288254,37.499359,139.924877,8,8.47,-0.206,4.832,5.6
1423701288354,37.49936,139.924883,8,8.313,-0.249,4.461,5.575
1423701288455,37.499361,139.924889,8,8.104,-0.146,4.224,5.55
1423701288551,37.499362,139.924895,8,8.147,-0.173,4.285,5.527
1423701288651,37.499363,139.9249,8,8.263,-0.288,4.24,5.502
1423701288752,37.499361,139.924905,8,8.169,-0.407,4.086,5.477
1423701288853,37.499358,139.924909,8,8.22,-0.356,4.005,5.451
1423701288953,37.499356,139.924914,8,8.099,-0.205,3.983,5.426
1423701289054,37.499354,139.924918,8,8.17,-0.144,4.102,5.4
1423701289155,37.499351,139.924923,8,8.268,-0.301,4.316,5.375
1423701289251,37.499349,139.924927,8,8.325,-0.172,4.654,5.351
1423701289351,37.499347,139.924931,8,8.213,-0.195,4.686,5.326
1423701289452,37.499345,139.924935,8,8.029,-0.246,4.775,5.301
1423701289553,37.499342,139.924939,8,7.952,-0.316,4.784,5.276
1423701289653,37.49934,139.924944,8,8.187,-0.419,4.899,5.252
1423701289754,37.499339,139.92495,7,8.08,-0.333,4.669,5.226
1423701289855,37.499337,139.924957,7,8.031,-0.369,4.617,5.2
1423701289955,37.499336,139.924964,7,8.133,-0.343,4.874,5.175
1423701290051,37.499335,139.92497,7,8.173,-0.214,4.982,5.151
1423701290152,37.499334,139.924977,7,8.066,-0.351,4.891,5.125
1423701290253,37.499332,139.924984,7,8.09,-0.321,4.938,5.1
1423701290353,37.499331,139.92499,7,7.397,-0.12,4.357,5.075
1423701290454,37.49933,139.924997,7,7.762,-0.098,4.805,5.051
1423701290555,37.499328,139.925003,7,8.141,-0.218,5.077,5.026
1423701290655,37.499327,139.92501,7,8.188,-0.405,5.199,5.001
1423701290751,37.499326,139.925015,7,7.821,-0.494,4.942,4.9
1423701290852,37.499324,139.925021,7,7.72,-0.416,4.759,4.791
1423701290952,37.499323,139.925026,7,7.881,-0.316,4.91,4.685
1423701291053,37.499322,139.925032,7,8.06,-0.337,5.127,4.58
1423701291154,37.499321,139.925037,7,7.803,-0.35,4.868,4.478
1423701291255,37.49932,139.925042,7,7.909,-0.365,5.021,4.378
1423701291355,37.499318,139.925047,7,7.982,-0.274,5.004,4.281
1423701291451,37.499317,139.925052,7,7.859,-0.289,4.808,4.191
1423701291552,37.499316,139.925057,7,7.877,-0.365,4.926,4.097
1423701291652,37.499315,139.925062,7,7.912,-0.401,5.07,4.007
1423701291753,37.499314,139.925067,6,8.027,-0.345,5.144,3.976
1423701291854,37.499312,139.925072,6,7.974,-0.275,5.042,3.95
1423701291954,37.49931,139.925077,6,7.805,-0.153,4.864,3.925
1423701292055,37.499309,139.925082,6,7.957,-0.02,4.991,3.899
1423701292151,37.499308,139.925087,6,8.085,-0.123,5.094,3.875
1423701292252,37.499306,139.925092,6,8.067,-0.006,5.02,3.85
1423701292352,37.499305,139.925097,6,8.01,0.323,4.969,3.825
1423701292453,37.499303,139.925102,6,7.888,0.655,4.856,3.8
1423701292554,37.499302,139.925107,6,7.98,0.991,4.86,3.776
1423701292654,37.4993,139.925112,6,7.827,1.257,4.729,3.751
1423701292751,37.499301,139.925116,6,7.665,1.265,4.491,3.727
1423701292851,37.499301,139.92512,6,7.941,1.187,4.862,3.701
1423701292952,37.499302,139.925124,6,8.244,1.281,5.225,3.675
1423701293052,37.499303,139.925128,6,8.109,1.644,5.136,3.65
1423701293153,37.499304,139.925132,6,7.675,1.778,4.718,3.625
1423701293254,37.499304,139.925135,6,7.696,1.769,4.775,3.599
1423701293354,37.499305,139.925139,6,7.946,1.75,5.118,3.575
1423701293455,37.499306,139.925143,6,7.96,1.728,5.319,3.55
1423701293551,37.499306,139.925147,6,7.757,1.731,5.215,3.526
1423701293651,37.499307,139.925151,6,7.689,1.911,5.086,3.502
1423701293752,37.499307,139.925154,6,7.738,1.925,5.202,3.394
1423701293853,37.499308,139.925158,6,7.972,1.92,5.697,3.281
1423701293954,37.499308,139.925161,6,7.884,1.763,5.543,3.171
1423701294054,37.499309,139.925164,6,7.452,1.589,5.054,3.066
1423701294155,37.499309,139.925167,6,7.339,1.443,4.914,2.963
1423701294251,37.49931,139.92517,6,7.623,1.402,5.213,2.869
1423701294351,37.49931,139.925173,6,7.997,1.439,5.631,2.773
1423701294452,37.49931,139.925176,6,7.977,1.465,5.672,2.681
1423701294553,37.499311,139.925178,6,7.733,1.593,5.549,2.591
1423701294653,37.499311,139.925181,6,7.327,1.694,5.063,2.506
1423701294754,37.499313,139.925182,6,7.253,1.796,4.921,2.522
1423701294855,37.499315,139.925184,6,7.737,1.539,5.349,2.547
1423701294951,37.499317,139.925185,6,8.106,1.369,5.619,2.57
1423701295056,37.49932,139.925187,6,8.007,1.17,5.337,2.596
1423701295152,37.499322,139.925189,6,7.915,1.177,4.714,2.62
1423701295251,37.499324,139.92519,6,7.608,1.302,4.419,2.645
1423701295353,37.499327,139.925192,6,7.651,1.165,4.624,2.671
1423701295452,37.499329,139.925194,6,8.13,0.951,4.674,2.696
1423701295555,37.499331,139.925195,6,8.314,1.033,4.322,2.723
1423701295654,37.499334,139.925197,6,8.34,1.157,4.002,2.748
1423701295752,37.499336,139.925198,7,8.458,1.28,4.069,2.75
1423701295852,37.499338,139.9252,7,8.324,1.437,3.907,2.75
1423701295953,37.499341,139.925201,7,8.442,1.508,3.965,2.75
1423701296053,37.499343,139.925203,7,8.593,1.379,4.072,2.75
1423701296154,37.499345,139.925204,7,8.547,1.157,3.791,2.75
1423701296255,37.499348,139.925205,7,8.614,0.888,3.745,2.75
1423701296355,37.49935,139.925207,7,8.748,0.572,3.998,2.75
1423701296451,37.499352,139.925208,7,8.676,0.255,3.989,2.75
1423701296552,37.499355,139.925209,7,8.618,0.108,3.989,2.75
1423701296653,37.499357,139.925211,7,8.754,0.074,3.931,2.75
1423701296753,37.49936,139.925212,7,8.583,0.007,3.738,2.847
1423701296854,37.499364,139.925214,7,8.513,-0.035,3.655,2.956
1423701296955,37.499367,139.925215,7,8.555,-0.005,3.67,3.071
1423701297055,37.499371,139.925217,7,8.629,-0.113,3.967,3.188
1423701297151,37.499375,139.925218,7,8.539,-0.211,3.81,3.306
1423701297252,37.499379,139.92522,7,8.525,-0.116,3.639,3.434
1423701297352,37.499383,139.925221,7,8.465,-0.042,3.586,3.566
1423701297453,37.499387,139.925223,7,8.588,0.033,3.846,3.703
1423701297554,37.499392,139.925225,7,8.537,-0.021,3.895,3.846
1423701297655,37.499397,139.925227,7,8.482,-0.085,3.859,3.993
1423701297755,37.499401,139.925229,7,8.483,-0.169,3.806,4.085
1423701297851,37.499405,139.925231,7,8.502,-0.152,3.86,4.174
1423701297952,37.49941,139.925234,7,8.45,-0.183,3.885,4.269
1423701298052,37.499414,139.925236,7,8.483,-0.13,3.918,4.366
1423701298153,37.499419,139.925239,7,8.506,-0.131,3.957,4.465
1423701298254,37.499424,139.925241,7,8.332,-0.061,3.83,4.567
1423701298355,37.499429,139.925244,7,8.376,0.031,3.896,4.671
1423701298455,37.499434,139.925246,7,8.558,0.112,4.042,4.777
1423701298551,37.499438,139.925249,7,8.501,0.146,4.043,4.88
1423701298652,37.499444,139.925252,7,8.31,0.135,3.881,4.991
1423701298752,37.499449,139.925255,8,8.315,0.142,3.897,5.084
1423701298853,37.499454,139.925258,8,8.58,0.164,4.177,5.179
1423701298954,37.49946,139.925262,8,8.519,0.123,4.181,5.275
1423701299054,37.499466,139.925265,8,8.203,0.143,3.931,5.372
1423701299155,37.499471,139.925269,8,8.227,0.153,3.919,5.472
1423701299251,37.499477,139.925272,8,8.415,0.094,4.126,5.569
1423701299352,37.499483,139.925276,8,8.527,0.081,4.319,5.673
1423701299452,37.499489,139.92528,8,8.378,0.092,4.205,5.777
1423701299553,37.499495,139.925284,8,8.192,0.136,4.116,5.884
1423701299654,37.499502,139.925288,8,8.136,0.211,4.341,5.993
1423701299754,37.499506,139.92529,8,8.055,0.309,4.519,5.976
1423701299855,37.49951,139.925293,8,7.983,0.348,4.789,5.95
1423701299951,37.499514,139.925295,8,8.046,0.309,4.821,5.926
1423701300051,37.499518,139.925298,8,8.059,0.225,4.782,5.901
1423701300152,37.499522,139.9253,8,8.072,0.167,4.683,5.876
1423701300253,37.499527,139.925302,8,8.083,0.162,4.667,5.85
1423701300354,37.499531,139.925305,8,8.062,0.196,4.642,5.825
1423701300454,37.499535,139.925307,8,8.057,0.116,4.635,5.801
1423701300555,37.499539,139.92531,8,8.231,0.09,4.745,5.776
1423701300651,37.499543,139.925312,8,8.221,0.146,4.72,5.752
1423701300751,37.499546,139.925315,9,8.155,0.207,4.673,5.727
1423701300852,37.49955,139.925317,9,7.992,0.226,4.462,5.701
1423701300953,37.499553,139.92532,9,8.047,0.217,4.531,5.676
1423701301054,37.499557,139.925323,9,8.248,0.27,4.692,5.65
1423701301154,37.49956,139.925325,9,8.209,0.188,4.701,5.625
1423701301255,37.499564,139.925328,9,8.038,0.163,4.517,5.6
1423701301351,37.499567,139.925331,9,7.964,0.152,4.484,5.576
1423701301451,37.499571,139.925333,9,8.008,0.177,4.514,5.551
1423701301552,37.499574,139.925336,9,8.201,0.234,4.722,5.526
1423701301653,37.499578,139.925339,9,8.061,0.253,4.573,5.502
1423701301753,37.499582,139.925341,9,7.96,0.272,4.464,5.5
1423701301854,37.499587,139.925343,9,8.056,0.284,4.546,5.5
1423701301956,37.499591,139.925346,9,8.232,0.201,4.764,5.5
1423701302051,37.499596,139.925348,9,8.153,0.067,4.734,5.5
1423701302151,37.4996,139.92535,9,8.015,0.048,4.562,5.5
1423701302252,37.499605,139.925353,9,8.031,0.058,4.55,5.5
1423701302353,37.499609,139.925355,9,8.077,0.11,4.62,5.5
1423701302453,37.499614,139.925357,9,8.266,0.074,4.808,5.5
1423701302554,37.499618,139.92536,9,8.122,0.055,4.656,5.5
1423701302655,37.499623,139.925362,9,7.989,0.144,4.484,5.5
1423701302755,37.499625,139.925363,9,8.055,0.12,4.57,5.199
1423701302851,37.499628,139.925364,9,8.122,0.116,4.675,4.909
1423701302952,37.49963,139.925365,9,8.113,0.031,4.643,4.618
1423701303053,37.499632,139.925366,9,8.174,0.011,4.708,4.342
1423701303153,37.499634,139.925367,9,8.131,0.049,4.623,4.084
1423701303254,37.499636,139.925368,9,8.131,-0.041,4.694,3.838
1423701303355,37.499638,139.925369,9,7.982,-0.066,4.534,3.607
1423701303455,37.49964,139.92537,9,7.804,-0.124,4.299,3.393
1423701303551,37.499641,139.92537,9,7.99,-0.015,4.482,3.201
1423701303652,37.499643,139.925371,9,8.355,-0.034,4.846,3.014
1423701303752,37.499645,139.925372,9,8.248,-0.082,4.741,3.0
1423701303853,37.499647,139.925374,9,7.999,-0.094,4.599,3.0
1423701303954,37.49965,139.925376,9,7.878,0.059,4.395,3.0
1423701304055,37.499652,139.925377,9,8.043,0.094,4.616,3.0
1423701304155,37.499654,139.925379,9,8.098,-0.042,4.668,3.0
1423701304251,37.499657,139.92538,9,8.206,0.0,4.814,3.0
1423701304352,37.499659,139.925382,9,8.189,0.041,4.704,3.0
1423701304452,37.499661,139.925384,9,8.082,0.135,4.631,3.0
1423701304553,37.499664,139.925385,9,7.953,0.173,4.519,3.0
1423701304654,37.499666,139.925387,9,7.901,0.12,4.477,3.0
1423701304755,37.499668,139.925388,10,8.122,0.135,4.664,2.92
1423701304855,37.499669,139.925389,10,8.066,0.176,4.58,2.837
1423701304951,37.49967,139.925389,10,8.033,0.121,4.525,2.76
1423701305052,37.499672,139.92539,10,8.094,0.142,4.545,2.68
1423701305152,37.499673,139.925391,10,8.2,0.185,4.705,2.604
1423701305253,37.499675,139.925391,10,8.114,0.242,4.713,2.529
1423701305354,37.499676,139.925392,10,7.956,0.301,4.606,2.457
1423701305454,37.499677,139.925393,10,8.028,0.358,4.675,2.387
1423701305555,37.499679,139.925393,10,8.114,0.337,4.814,2.319
1423701305651,37.49968,139.925394,10,8.142,0.325,4.934,2.256
1423701305752,37.499683,139.925395,10,8.07,0.38,4.925,2.327
1423701305852,37.499686,139.925397,10,7.91,0.372,4.788,2.414
1423701305953,37.499689,139.925399,10,7.957,0.326,4.82,2.505
1423701306054,37.499693,139.925401,10,7.878,0.276,4.835,2.601
1423701306154,37.499696,139.925403,10,7.841,0.24,4.809,2.699
1423701306255,37.4997,139.925404,10,8.038,0.306,4.966,2.801
1423701306351,37.499703,139.925406,10,7.989,0.385,4.949,2.902
1423701306451,37.499707,139.925408,10,7.815,0.365,4.786,3.011
1423701306552,37.499711,139.925411,10,7.904,0.324,4.906,3.124
1423701306653,37.499716,139.925413,10,8.024,0.299,5.07,3.242
1423701306754,37.49972,139.925415,9,7.966,0.26,5.077,3.294
1423701306854,37.499725,139.925417,9,7.929,0.237,5.088,3.341
1423701306955,37.499729,139.925419,9,7.877,0.181,5.092,3.39
1423701307051,37.499734,139.925421,9,7.755,0.18,5.008,3.437
1423701307151,37.499739,139.925423,9,7.629,0.213,4.952,3.487
1423701307252,37.499744,139.925425,9,7.777,0.263,5.222,3.537
1423701307353,37.499749,139.925427,9,7.923,0.184,5.474,3.589
1423701307454,37.499754,139.925429,9,7.748,0.179,5.417,3.641
1423701307554,37.499759,139.925432,9,7.591,0.243,5.307,3.694
1423701307655,37.499764,139.925434,9,7.584,0.214,5.346,3.747
1423701307751,37.499767,139.925436,9,7.658,0.159,5.424,3.75
1423701307851,37.49977,139.925437,9,7.646,0.096,5.478,3.75
1423701307952,37.499773,139.925439,9,7.587,0.092,5.452,3.75
1423701308053,37.499776,139.925441,9,7.572,0.143,5.441,3.75
1423701308153,37.499779,139.925443,9,7.618,0.201,5.449,3.75
1423701308254,37.499782,139.925445,9,7.647,0.232,5.433,3.75
1423701308355,37.499785,139.925447,9,7.56,0.183,5.363,3.75
1423701308456,37.499788,139.925448,9,7.569,0.113,5.455,3.75
1423701308551,37.499791,139.92545,9,7.652,0.078,5.568,3.75
1423701308652,37.499794,139.925452,9,7.663,0.113,5.609,3.75
1423701308753,37.499797,139.925452,7,7.554,0.138,5.501,3.613
1423701308853,37.4998,139.925451,7,7.454,0.078,5.401,3.47
1423701308954,37.499804,139.925451,7,7.517,0.009,5.478,3.331
1423701309055,37.499807,139.92545,7,7.643,-0.007,5.591,3.197
1423701309155,37.49981,139.92545,7,7.626,0.042,5.573,3.069
1423701309251,37.499813,139.925449,7,7.528,0.107,5.457,2.951
1423701309357,37.499815,139.925449,7,7.56,0.062,5.516,2.826
1423701309453,37.499818,139.925449,7,7.649,0.061,5.611,2.718
1423701309552,37.49982,139.925448,7,7.797,0.086,5.505,2.611
1423701309654,37.499823,139.925448,7,7.892,0.089,5.143,2.506
1423701309753,37.499827,139.925449,7,7.89,0.076,4.794,2.476
1423701309855,37.49983,139.92545,7,7.965,0.045,4.681,2.449
1423701309951,37.499834,139.92545,7,8.05,0.002,4.712,2.425
1423701310052,37.499838,139.925451,7,8.078,-0.057,4.729,2.399
1423701310152,37.499841,139.925452,7,8.091,-0.065,4.731,2.374
1423701310253,37.499845,139.925453,7,8.16,-0.106,4.703,2.349
1423701310354,37.499848,139.925454,7,8.255,-0.062,4.392,2.324
1423701310455,37.499852,139.925454,7,8.404,-0.007,3.966,2.299
1423701310555,37.499855,139.925455,7,8.593,0.006,3.601,2.275
1423701310651,37.499859,139.925456,7,8.733,0.003,3.373,2.252
1423701310752,37.499862,139.925459,8,8.819,-0.018,3.258,2.31
1423701310852,37.499865,139.925462,8,8.838,-0.036,3.19,2.377
1423701310953,37.499868,139.925465,8,8.832,-0.059,3.103,2.448
1423701311054,37.499871,139.925468,8,8.832,-0.012,3.014,2.52
1423701311154,37.499874,139.925472,8,8.832,0.001,2.977,2.594
1423701311255,37.499877,139.925475,8,8.806,0.006,2.883,2.67
1423701311351,37.499881,139.925478,8,8.968,0.058,3.023,2.745
1423701311452,37.499884,139.925482,8,9.048,0.07,3.091,2.826
1423701311552,37.499888,139.925486,8,8.942,-0.002,3.002,2.909
1423701311653,37.499892,139.92549,8,8.888,-0.072,2.972,2.994
1423701311754,37.499895,139.925491,8,8.842,-0.044,2.935,3.044
1423701311854,37.499897,139.925493,8,8.928,-0.023,3.014,3.091
1423701311955,37.4999,139.925495,8,8.92,0.013,2.962,3.14
1423701312051,37.499903,139.925496,8,8.895,-0.041,2.959,3.186
1423701312152,37.499906,139.925498,8,8.869,-0.123,2.961,3.236
1423701312252,37.499909,139.9255,8,8.801,-0.061,2.927,3.287
1423701312353,37.499912,139.925501,8,8.822,0.028,2.901,3.338
1423701312454,37.499915,139.925503,8,8.938,0.112,3.108,3.391
1423701312554,37.499919,139.925505,8,8.983,0.062,3.386,3.443
1423701312655,37.499922,139.925507,8,8.672,0.138,3.246,3.497
1423701312751,37.499925,139.925509,6,8.448,0.261,3.156,3.522
1423701312851,37.499929,139.92551,6,8.544,0.165,3.565,3.546
1423701312952,37.499932,139.925512,6,8.6,0.008,3.917,3.571
1423701313053,37.499935,139.925514,6,8.525,-0.195,3.937,3.596
1423701313154,37.499939,139.925515,6,8.638,-0.239,4.082,3.621
1423701313254,37.499943,139.925517,6,8.652,-0.184,4.195,3.646
1423701313355,37.499946,139.925519,6,8.351,-0.211,4.134,3.672
1423701313451,37.499949,139.92552,6,8.139,-0.137,3.953,3.696
1423701313551,37.499953,139.925522,6,8.263,-0.084,4.065,3.722
1423701313652,37.499957,139.925524,6,8.315,-0.061,4.333,3.748
1423701313753,37.49996,139.925526,6,8.139,-0.15,4.368,3.75
1423701313854,37.499963,139.925527,6,8.438,-0.162,4.802,3.75
1423701313954,37.499966,139.925529,6,8.445,-0.183,4.869,3.75
1423701314055,37.49997,139.925531,6,7.909,-0.27,4.286,3.75
1423701314151,37.499973,139.925533,6,7.94,-0.198,4.399,3.75
1423701314251,37.499976,139.925535,6,8.375,-0.204,4.798,3.75
1423701314352,37.499979,139.925536,6,8.154,-0.24,4.699,3.75
1423701314453,37.499982,139.925538,6,7.906,-0.258,4.556,3.75
1423701314553,37.499986,139.92554,6,8.019,-0.267,4.436,3.75
1423701314654,37.499989,139.925542,6,8.014,-0.329,4.119,3.75
1423701314755,37.499993,139.925544,6,7.791,-0.335,4.153,3.795
1423701314855,37.499998,139.925546,6,7.933,-0.118,4.299,3.843
1423701314951,37.500002,139.925548,6,8.423,-0.129,4.516,3.889
1423701315052,37.500007,139.925551,6,8.424,-0.098,4.343,3.939
1423701315153,37.500011,139.925553,6,8.12,-0.104,3.966,3.989
1423701315253,37.500016,139.925555,6,8.219,-0.091,4.036,4.039
1423701315354,37.500021,139.925558,6,8.511,-0.13,4.274,4.09
1423701315455,37.500026,139.92556,6,8.574,-0.154,4.351,4.142
1423701315555,37.500031,139.925562,6,8.557,-0.076,4.309,4.195
1423701315651,37.500036,139.925565,6,8.359,-0.149,4.12,4.245
1423701315752,37.500041,139.925568,8,8.135,-0.266,3.895,4.352
1423701315852,37.500047,139.925571,8,8.298,-0.21,4.059,4.465
1423701315953,37.500052,139.925574,8,8.538,-0.18,4.322,4.583
1423701316054,37.500058,139.925578,8,8.728,-0.009,4.454,4.704
1423701316155,37.500064,139.925581,8,8.551,0.165,4.314,4.829
1423701316255,37.50007,139.925585,8,8.334,0.262,4.144,4.955
1423701316351,37.500076,139.925588,8,8.196,0.197,3.971,5.08
1423701316452,37.500083,139.925592,8,8.235,0.015,4.046,5.214
1423701316552,37.50009,139.925596,8,8.358,-0.115,4.149,5.35
1423701316653,37.500097,139.9256,8,8.255,-0.146,3.944,5.49
1423701316754,37.500102,139.925603,8,8.17,-0.136,3.876,5.523
1423701316855,37.500108,139.925606,8,8.247,0.058,4.07,5.548
1423701316955,37.500113,139.925609,8,8.38,0.074,4.226,5.573
1423701317051,37.500119,139.925612,8,8.394,0.222,4.181,5.596
1423701317152,37.500124,139.925615,8,8.446,0.211,4.171,5.622
1423701317252,37.50013,139.925618,8,8.434,0.088,4.229,5.647
1423701317353,37.500136,139.925621,8,8.305,-0.051,4.16,5.672
1423701317454,37.500141,139.925624,8,8.31,-0.009,4.186,5.698
1423701317554,37.500147,139.925627,8,8.28,0.035,4.073,5.723
1423701317655,37.500153,139.92563,8,8.337,0.068,4.027,5.749
1423701317751,37.500157,139.925633,7,8.403,0.064,4.013,5.794
1423701317852,37.500161,139.925636,7,8.497,0.108,4.028,5.843
1423701317952,37.500165,139.92564,7,8.368,0.062,3.955,5.892
1423701318053,37.500169,139.925643,7,8.184,0.08,3.904,5.942
1423701318154,37.500174,139.925647,7,8.343,0.146,4.008,5.992
1423701318254,37.500178,139.92565,7,8.493,0.12,4.081,6.042
1423701318355,37.500183,139.925654,7,8.408,0.169,4.011,6.093
1423701318451,37.500187,139.925657,7,8.338,0.136,3.96,6.142
1423701318551,37.500191,139.925661,7,8.432,0.149,4.082,6.193
1423701318652,37.500196,139.925665,7,8.463,0.075,4.169,6.246
1423701318753,37.500201,139.925667,7,8.517,-0.006,4.112,6.202
1423701318854,37.500206,139.925669,7,8.465,0.08,3.91,6.15
1423701318954,37.500211,139.925671,7,8.398,0.152,3.795,6.099
1423701319055,37.500216,139.925673,7,8.451,0.208,3.836,6.048
1423701319151,37.500221,139.925675,7,8.542,0.137,3.988,5.999
1423701319251,37.500226,139.925677,7,8.427,0.063,3.915,5.949
1423701319352,37.500231,139.925679,7,8.448,0.021,3.931,5.9
1423701319453,37.500236,139.925681,7,8.508,0.061,4.055,5.85
1423701319554,37.500241,139.925683,7,8.429,0.155,4.039,5.801
1423701319654,37.500246,139.925685,7,8.345,0.211,3.96,5.753
1423701319756,37.500252,139.925688,9,8.404,0.207,3.966,5.796
1423701319851,37.500258,139.925691,9,8.384,0.244,3.954,5.842
1423701319951,37.500264,139.925694,9,8.279,0.238,4.006,5.891
1423701320052,37.50027,139.925697,9,8.354,0.219,4.278,5.941
1423701320153,37.500276,139.9257,9,8.352,0.276,4.383,5.991
1423701320253,37.500283,139.925704,9,8.396,0.3,4.446,6.041
1423701320354,37.500289,139.925707,9,8.476,0.3,4.532,6.093
1423701320455,37.500296,139.92571,9,8.39,0.248,4.464,6.144
1423701320551,37.500302,139.925713,9,8.119,0.238,4.198,6.193
1423701320651,37.500308,139.925717,9,8.074,0.217,4.143,6.245
1423701320752,37.500315,139.925718,10,8.393,0.153,4.426,6.315
1423701320853,37.500322,139.92572,10,8.138,0.074,4.2,6.388
1423701320953,37.500329,139.925721,10,7.829,0.098,3.882,6.461
1423701321054,37.500336,139.925723,10,8.099,0.099,4.241,6.535
1423701321155,37.500344,139.925724,10,8.4,-0.041,4.711,6.611
1423701321256,37.500351,139.925726,10,8.439,-0.014,4.745,6.687
1423701321351,37.500358,139.925727,10,8.244,0.053,4.423,6.759
1423701321452,37.500365,139.925729,10,8.14,0.006,4.322,6.837
1423701321553,37.500373,139.92573,10,8.134,-0.063,4.406,6.916
1423701321653,37.50038,139.925732,10,8.257,0.001,4.424,6.994
1423701321754,37.500387,139.925734,10,8.273,0.11,4.338,7.0
1423701321855,37.500393,139.925737,10,8.048,0.158,4.224,7.0
1423701321955,37.500399,139.92574,10,8.039,0.137,4.343,7.0
1423701322051,37.500404,139.925742,10,8.174,0.076,4.417,7.0
1423701322152,37.500411,139.925745,10,8.212,0.043,4.361,7.0
1423701322253,37.500417,139.925747,10,8.203,0.107,4.335,7.0
1423701322353,37.500423,139.92575,10,8.242,0.219,4.412,7.0
1423701322454,37.500429,139.925753,10,8.375,0.223,4.555,7.0
1423701322555,37.500435,139.925755,10,8.219,0.221,4.414,7.0
1423701322655,37.500441,139.925758,10,8.313,0.189,4.557,7.0
1423701322751,37.500447,139.925763,11,8.368,0.207,4.57,6.953
1423701322852,37.500454,139.925768,11,8.2,0.144,4.368,6.901
1423701322952,37.50046,139.925774,11,8.142,0.08,4.238,6.85
1423701323053,37.500467,139.925779,11,8.09,-0.123,4.214,6.799
1423701323154,37.500474,139.925785,11,8.178,-0.256,4.242,6.748
1423701323255,37.50048,139.92579,11,8.198,-0.154,4.4,6.698
1423701323355,37.500487,139.925795,11,8.091,-0.26,4.233,6.649
1423701323456,37.500493,139.925801,11,8.042,-0.288,4.093,6.599
1423701323552,37.500499,139.925805,11,8.154,-0.184,4.279,6.552
1423701323651,37.500505,139.925811,11,8.375,-0.289,4.495,6.504
1423701323753,37.500512,139.925811,11,8.236,-0.307,4.39,6.5
1423701323852,37.500518,139.925811,11,8.247,-0.122,4.38,6.5
1423701323955,37.500525,139.925811,11,8.466,-0.043,4.619,6.5
1423701324054,37.500532,139.925811,11,8.498,0.044,4.653,6.5
1423701324151,37.500538,139.925811,11,8.381,0.1,4.597,6.5
1423701324252,37.500544,139.92581,11,8.38,-0.01,4.508,6.5
1423701324352,37.500551,139.92581,11,8.158,-0.004,4.24,6.5
1423701324453,37.500558,139.92581,11,8.131,0.014,4.162,6.5
1423701324554,37.500564,139.92581,11,8.209,-0.038,4.2,6.5
1423701324654,37.500571,139.92581,11,8.177,-0.006,4.093,6.5
1423701324755,37.500576,139.925813,10,8.344,-0.068,4.356,6.476
1423701324851,37.500581,139.925816,10,8.422,-0.114,4.529,6.451
1423701324952,37.500587,139.925819,10,8.032,-0.317,4.223,6.426
1423701325052,37.500592,139.925822,10,7.988,-0.316,4.162,6.401
1423701325153,37.500598,139.925825,10,8.118,-0.253,4.236,6.376
1423701325254,37.500603,139.925829,10,8.089,-0.292,4.251,6.35
1423701325354,37.500609,139.925832,10,8.202,-0.263,4.35,6.325
1423701325455,37.500614,139.925835,10,8.307,-0.316,4.421,6.3
1423701325551,37.500619,139.925838,10,8.192,-0.284,4.441,6.277
1423701325651,37.500625,139.925841,10,8.196,-0.378,4.426,6.252
1423701325752,37.50063,139.925843,9,8.27,-0.252,4.488,6.25
1423701325853,37.500635,139.925845,9,7.856,-0.053,3.927,6.25
1423701325953,37.500641,139.925847,9,7.996,0.027,4.016,6.25
1423701326054,37.500646,139.925849,9,8.249,-0.025,4.22,6.25
1423701326155,37.500652,139.925851,9,8.003,-0.348,4.443,6.25
1423701326251,37.500657,139.925853,9,8.643,-0.498,4.896,6.25
1423701326351,37.500662,139.925856,9,8.882,-0.701,5.398,6.25
1423701326452,37.500668,139.925858,9,8.207,-0.622,4.642,6.25
1423701326553,37.500673,139.92586,9,7.568,-0.318,3.859,6.25
1423701326653,37.500679,139.925862,9,7.897,-0.097,3.908,6.25
1423701326754,37.500686,139.925865,9,8.395,-0.17,4.436,6.317
1423701326855,37.500694,139.925868,9,8.584,-0.34,4.616,6.39
1423701326951,37.500701,139.925871,9,8.225,-0.457,4.317,6.459
1423701327051,37.500708,139.925874,9,7.95,-0.52,4.208,6.533
1423701327152,37.500716,139.925877,9,8.278,-0.451,4.699,6.608
1423701327253,37.500724,139.92588,9,8.568,-0.336,4.74,6.685
1423701327353,37.500732,139.925883,9,8.323,-0.184,4.283,6.761
1423701327454,37.50074,139.925886,9,7.885,-0.119,3.822,6.839
1423701327555,37.500748,139.92589,9,7.858,0.034,4.162,6.917
1423701327655,37.500757,139.925893,9,8.634,-0.035,4.699,6.996
1423701327751,37.500762,139.925895,8,8.812,-0.123,5.044,7.0
1423701327852,37.500768,139.925898,8,8.305,-0.146,4.47,7.0
1423701327953,37.500774,139.9259,8,7.808,0.05,3.953,7.0
1423701328053,37.50078,139.925902,8,8.034,0.291,4.008,7.0
1423701328154,37.500786,139.925905,8,8.537,0.299,4.412,7.0
1423701328255,37.500792,139.925907,8,8.864,0.103,4.631,7.0
1423701328355,37.500797,139.92591,8,8.516,0.142,4.424,7.0
1423701328451,37.500803,139.925912,8,7.584,0.249,3.718,7.0
1423701328552,37.500809,139.925914,8,7.711,0.14,3.647,7.0
1423701328653,37.500815,139.925917,8,8.333,-0.09,4.191,7.0
1423701328753,37.500821,139.925917,9,8.584,-0.177,4.401,6.952
1423701328854,37.500827,139.925918,9,8.346,-0.122,4.334,6.9
1423701328955,37.500833,139.925919,9,8.306,-0.206,4.416,6.849
1423701329055,37.50084,139.925919,9,8.523,-0.254,4.815,6.798
1423701329151,37.500846,139.925919,9,8.413,-0.154,4.459,6.75
1423701329252,37.500852,139.92592,9,8.263,-0.404,4.195,6.7
1423701329352,37.500858,139.92592,9,8.063,-0.148,3.87,6.65
1423701329453,37.500864,139.925921,9,8.163,0.008,4.118,6.6
1423701329554,37.50087,139.925921,9,8.67,-0.159,4.928,6.551
1423701329655,37.500876,139.925922,9,8.75,-0.199,5.17,6.502
1423701329755,37.500882,139.925926,9,8.095,0.033,4.497,6.523
1423701329851,37.500889,139.92593,9,7.537,0.048,3.889,6.547
1423701329952,37.500896,139.925935,9,7.812,-0.022,3.9,6.572
1423701330052,37.500903,139.925939,9,7.885,-0.165,4.055,6.597
1423701330153,37.50091,139.925944,9,8.237,-0.379,4.233,6.622
1423701330254,37.500917,139.925949,9,8.177,-0.197,4.16,6.647
1423701330355,37.500924,139.925953,9,8.349,-0.149,4.809,6.673
1423701330455,37.500931,139.925958,9,8.768,0.29,5.162,6.698
1423701330551,37.500937,139.925962,9,8.205,0.098,4.623,6.722
1423701330652,37.500944,139.925967,9,7.771,-0.016,3.933,6.748
1423701330752,37.500948,139.925968,8,8.159,0.101,4.32,6.75
1423701330853,37.500952,139.925969,8,8.489,0.053,4.786,6.75
1423701330954,37.500956,139.92597,8,8.361,0.018,4.627,6.75
1423701331054,37.500959,139.925971,8,8.154,0.283,4.131,6.75
1423701331155,37.500963,139.925972,8,7.883,0.296,4.116,6.75
1423701331251,37.500966,139.925973,8,8.071,-0.067,4.198,6.75
1423701331352,37.50097,139.925974,8,8.544,-0.13,4.342,6.75
1423701331452,37.500974,139.925975,8,8.502,-0.107,4.28,6.75
1423701331553,37.500977,139.925976,8,8.153,-0.24,4.379,6.75
1423701331654,37.500981,139.925977,8,7.877,-0.125,4.26,6.75
1423701331754,37.500986,139.925979,8,8.172,-0.001,4.157,6.75
1423701331855,37.500992,139.925982,8,8.626,-0.102,4.366,6.75
1423701331951,37.500998,139.925984,8,8.581,-0.174,4.498,6.75
1423701332051,37.501003,139.925986,8,8.516,-0.028,4.616,6.75
1423701332152,37.501009,139.925989,8,8.39,0.002,4.587,6.75
1423701332253,37.501015,139.925991,8,8.099,0.019,4.408,6.75
1423701332354,37.501021,139.925994,8,8.571,-0.068,4.489,6.75
1423701332454,37.501026,139.925996,8,8.287,-0.253,4.184,6.75
1423701332555,37.501032,139.925998,8,8.176,-0.395,4.05,6.75
1423701332651,37.501037,139.926001,8,8.073,-0.17,4.082,6.75
1423701332751,37.501043,139.926005,6,8.278,-0.097,4.412,6.727
1423701332852,37.501049,139.926008,6,8.299,0.025,4.37,6.701
1423701332953,37.501055,139.926012,6,8.156,-0.06,4.195,6.676
1423701333053,37.501061,139.926016,6,8.213,-0.157,4.228,6.651
1423701333154,37.501066,139.92602,6,8.408,-0.098,4.601,6.625
1423701333255,37.501072,139.926024,6,8.336,0.008,4.528,6.6
1423701333351,37.501078,139.926027,6,8.122,-0.052,4.296,6.576
1423701333451,37.501083,139.926031,6,8.303,0.004,4.542,6.551
1423701333552,37.501089,139.926035,6,8.273,-0.038,4.588,6.527
1423701333653,37.501095,139.926039,6,8.219,-0.218,4.475,6.502
1423701333753,37.5011,139.926042,6,8.068,-0.275,4.269,6.476
1423701333854,37.501105,139.926045,6,8.0,-0.102,4.312,6.451
1423701333955,37.50111,139.926048,6,8.142,-0.083,4.451,6.425
1423701334055,37.501115,139.926051,6,8.248,-0.094,4.436,6.4
1423701334151,37.50112,139.926053,6,8.371,0.004,4.591,6.376
1423701334252,37.501125,139.926056,6,8.078,0.09,4.423,6.351
1423701334353,37.50113,139.926059,6,7.83,0.154,4.212,6.326
1423701334453,37.501135,139.926062,6,7.963,0.207,4.195,6.301
1423701334554,37.50114,139.926065,6,8.64,0.055,4.873,6.276
1423701334655,37.501145,139.926068,6,8.587,0.071,4.777,6.251
1423701334755,37.50115,139.92607,6,8.196,0.157,4.444,6.273
1423701334851,37.501155,139.926073,6,7.96,0.118,4.176,6.297
1423701334952,37.50116,139.926075,6,8.343,0.131,4.579,6.322
1423701335052,37.501166,139.926078,6,7.943,0.003,4.06,6.347
1423701335153,37.501171,139.92608,6,8.166,0.013,4.236,6.372
1423701335254,37.501176,139.926083,6,8.722,-0.191,4.923,6.397
1423701335355,37.501182,139.926085,6,8.278,-0.046,4.73,6.423
1423701335455,37.501187,139.926088,6,7.988,0.265,4.423,6.448
1423701335551,37.501192,139.92609,6,7.339,0.385,3.621,6.472
1423701335652,37.501198,139.926093,6,7.355,0.464,3.403,6.498
1423701335752,37.501203,139.926095,7,8.78,0.359,4.818,6.5
1423701335853,37.501209,139.926097,7,9.439,0.161,5.897,6.5
1423701335954,37.501214,139.9261,7,8.548,0.119,5.402,6.5
1423701336055,37.50122,139.926102,7,7.714,0.343,4.247,6.5
1423701336155,37.501225,139.926104,7,7.687,0.322,3.884,6.5
1423701336251,37.501231,139.926107,7,8.141,0.573,3.99,6.5
1423701336352,37.501236,139.926109,7,8.178,0.397,4.015,6.5
1423701336452,37.501242,139.926111,7,8.236,0.422,4.098,6.5
1423701336553,37.501247,139.926114,7,8.575,0.216,4.467,6.5
1423701336654,37.501253,139.926116,7,8.251,-0.15,4.55,6.5
1423701336754,37.501259,139.926119,7,7.493,0.066,3.97,6.545
1423701336855,37.501266,139.926123,7,7.881,0.187,3.95,6.595
1423701336951,37.501273,139.926126,7,8.66,0.144,4.616,6.642
1423701337052,37.50128,139.926129,7,8.651,0.101,4.804,6.692
1423701337152,37.501287,139.926133,7,8.163,0.172,4.432,6.741
1423701337253,37.501294,139.926136,7,8.043,0.162,4.332,6.792
1423701337354,37.501301,139.92614,7,8.246,0.269,4.406,6.843
1423701337454,37.501308,139.926144,7,8.177,0.315,4.145,6.894
1423701337555,37.501315,139.926147,7,8.222,0.307,3.995,6.946
1423701337651,37.501322,139.926151,7,8.117,0.39,3.978,6.995
1423701337757,37.501327,139.926153,8,8.217,0.529,4.449,6.896
1423701337852,37.501332,139.926156,8,8.443,0.487,4.672,6.796
1423701337951,37.501336,139.926158,8,8.397,0.499,4.56,6.693
1423701338054,37.501341,139.926161,8,8.198,0.295,4.238,6.588
1423701338153,37.501345,139.926163,8,8.21,0.096,4.331,6.488
1423701338255,37.501349,139.926166,8,8.387,-0.013,4.392,6.386
1423701338351,37.501353,139.926168,8,8.348,0.154,4.377,6.293
1423701338451,37.501358,139.92617,8,8.085,0.386,4.247,6.196
1423701338552,37.501362,139.926173,8,7.894,0.495,4.075,6.101
1423701338653,37.501366,139.926175,8,7.93,0.405,4.229,6.006
1423701338753,37.501371,139.926178,8,8.06,0.325,4.447,6.087
1423701338854,37.501376,139.926181,8,8.208,0.311,4.705,6.182
1423701338955,37.501382,139.926184,8,8.174,0.404,4.78,6.279
1423701339051,37.501387,139.926187,8,8.057,0.546,4.747,6.373
1423701339151,37.501392,139.92619,8,8.014,0.608,4.585,6.472
1423701339252,37.501398,139.926193,8,8.036,0.527,4.599,6.573
1423701339353,37.501404,139.926196,8,7.995,0.452,4.458,6.677
1423701339453,37.50141,139.926199,8,8.09,0.395,4.616,6.78
1423701339554,37.501416,139.926202,8,8.266,0.323,4.806,6.887
1423701339655,37.501422,139.926206,8,8.123,0.202,4.712,6.995
1423701339751,37.501427,139.926208,8,7.976,0.168,4.545,6.953
1423701339851,37.501433,139.926211,8,7.955,0.156,4.592,6.902
1423701339952,37.501438,139.926213,8,8.132,0.175,4.656,6.85
1423701340053,37.501444,139.926216,8,8.009,0.101,4.574,6.799
1423701340153,37.50145,139.926218,8,8.023,0.111,4.366,6.749
1423701340254,37.501455,139.92622,8,8.415,0.192,4.357,6.699
1423701340355,37.501461,139.926223,8,8.729,0.228,4.306,6.649
1423701340451,37.501466,139.926225,8,8.542,0.415,3.755,6.601
1423701340551,37.501471,139.926227,8,8.304,0.539,3.278,6.553
1423701340652,37.501477,139.92623,8,8.355,0.502,3.386,6.504
1423701340753,37.501482,139.926232,9,8.688,0.384,3.697,6.5
1423701340853,37.501488,139.926235,9,8.533,0.202,3.52,6.5
1423701340954,37.501494,139.926237,9,8.593,0.164,3.597,6.5
1423701341055,37.5015,139.926239,9,8.733,0.25,3.826,6.5
1423701341155,37.501505,139.926242,9,8.88,0.275,3.991,6.5
1423701341251,37.501511,139.926244,9,8.817,0.175,3.862,6.5
1423701341352,37.501516,139.926247,9,8.544,0.088,3.695,6.5
1423701341453,37.501522,139.926249,9,8.399,0.021,3.668,6.5
1423701341553,37.501528,139.926251,9,8.37,-0.098,3.719,6.5
1423701341654,37.501534,139.926254,9,8.381,-0.125,3.788,6.5
1423701341755,37.501542,139.92625,18,8.318,-0.096,3.896,6.546
1423701341855,37.501551,139.926245,18,8.004,-0.321,3.721,6.595
1423701341951,37.501559,139.92624,18,8.184,-0.25,3.899,6.642
1423701342052,37.501568,139.926236,18,8.774,-0.135,5.001,6.692
1423701342152,37.501576,139.926231,18,8.739,-0.142,5.495,6.741
1423701342253,37.501585,139.926226,18,8.399,-0.134,5.015,6.792
1423701342354,37.501594,139.926221,18,7.742,-0.201,4.395,6.843
1423701342455,37.501603,139.926216,18,7.602,-0.367,4.013,6.894
1423701342555,37.501612,139.926211,18,8.055,-0.304,4.045,6.946
1423701342651,37.501621,139.926206,18,8.42,-0.366,4.673,6.995
1423701342752,37.501627,139.926207,18,8.23,-0.537,4.768,6.977
1423701342852,37.501633,139.926209,18,7.814,-0.653,4.701,6.951
1423701342953,37.501638,139.92621,18,7.926,-0.676,4.578,6.926
1423701343054,37.501644,139.926212,18,8.128,-0.653,4.771,6.9
1423701343154,37.501649,139.926213,18,8.184,-0.501,4.724,6.875
1423701343255,37.501654,139.926214,18,8.112,-0.374,4.781,6.85
1423701343351,37.50166,139.926216,18,8.056,-0.316,4.769,6.826
1423701343452,37.501665,139.926217,18,8.009,-0.293,4.665,6.801
1423701343552,37.50167,139.926219,18,8.169,-0.355,4.583,6.777
1423701343653,37.501676,139.92622,18,8.166,-0.47,4.546,6.752
1423701343754,37.501683,139.926223,10,8.033,-0.39,4.508,6.916
1423701343854,37.501692,139.926227,10,8.21,-0.364,4.68,7.098
1423701343955,37.5017,139.92623,10,8.284,-0.39,4.72,7.286
1423701344051,37.501708,139.926234,10,8.096,-0.408,4.331,7.471
1423701344151,37.501717,139.926238,10,8.015,-0.439,4.11,7.668
1423701344252,37.501726,139.926242,10,8.192,-0.394,4.263,7.872
1423701344353,37.501736,139.926246,10,8.22,-0.351,4.274,8.081
1423701344454,37.501746,139.92625,10,8.061,-0.229,4.237,8.296
1423701344554,37.501755,139.926254,10,8.074,-0.222,4.29,8.514
1423701344655,37.501765,139.926259,10,8.148,-0.217,4.499,8.739
1423701344751,37.501776,139.92626,12,8.178,-0.165,4.645,8.602
1423701344851,37.501787,139.926261,12,8.215,-0.174,4.76,8.442
1423701344952,37.501798,139.926263,12,8.04,0.003,4.626,8.283
1423701345053,37.501809,139.926264,12,7.844,-0.004,4.441,8.127
1423701345154,37.501819,139.926265,12,7.498,-0.104,4.07,7.974
1423701345254,37.50183,139.926266,12,7.773,-0.145,4.477,7.825
1423701345355,37.50184,139.926268,12,8.493,-0.172,5.046,7.678
1423701345451,37.501849,139.926269,12,9.155,-0.499,6.042,7.54
1423701345551,37.501859,139.92627,12,8.835,-0.561,5.848,7.4
1423701345652,37.501868,139.926271,12,7.98,-0.413,4.909,7.261
1423701345753,37.501875,139.926274,12,7.541,-0.355,4.18,7.295
1423701345853,37.501881,139.926276,12,7.494,-0.362,3.881,7.344
1423701345954,37.501887,139.926279,12,7.774,-0.401,4.113,7.394
1423701346055,37.501893,139.926282,12,7.981,-0.572,4.643,7.444
1423701346151,37.501899,139.926285,12,7.949,-0.521,4.996,7.491
1423701346251,37.501905,139.926287,12,8.124,-0.549,5.074,7.541
1423701346352,37.501911,139.92629,12,8.072,-0.311,4.877,7.592
1423701346453,37.501918,139.926293,12,7.928,-0.221,4.66,7.644
1423701346553,37.501924,139.926296,12,8.026,-0.155,4.588,7.695
1423701346654,37.501931,139.926299,12,7.983,-0.229,4.647,7.747
1423701346755,37.501937,139.926303,8,8.085,-0.403,4.798,7.773
1423701346851,37.501944,139.926306,8,8.231,-0.356,4.921,7.797
1423701346952,37.501951,139.92631,8,8.078,-0.312,4.791,7.822
1423701347052,37.501957,139.926314,8,7.762,-0.227,4.481,7.847
1423701347153,37.501964,139.926318,8,7.761,-0.137,4.341,7.872
1423701347253,37.501971,139.926322,8,7.926,-0.12,4.409,7.897
1423701347354,37.501978,139.926326,8,8.188,-0.25,4.656,7.923
1423701347455,37.501985,139.92633,8,8.301,-0.462,4.963,7.948
1423701347555,37.501992,139.926334,8,8.213,-0.436,4.821,7.973
1423701347651,37.501998,139.926338,8,8.117,-0.291,4.791,7.998
1423701347752,37.502005,139.92634,8,8.045,-0.109,4.654,8.0
1423701347853,37.502012,139.926343,8,8.087,0.002,4.554,8.0
1423701347953,37.502019,139.926345,8,7.912,-0.052,4.345,8.0
1423701348054,37.502026,139.926347,8,8.055,-0.265,4.605,8.0
1423701348155,37.502033,139.92635,8,8.371,-0.485,5.017,8.0
1423701348255,37.502039,139.926352,8,8.212,-0.483,4.831,8.0
1423701348351,37.502046,139.926355,8,8.11,-0.388,4.714,8.0
1423701348452,37.502053,139.926357,8,8.014,-0.347,4.662,8.0
1423701348552,37.50206,139.926359,8,7.739,-0.342,4.279,8.0
1423701348653,37.502067,139.926362,8,7.88,-0.247,4.422,8.0
1423701348754,37.502073,139.926364,7,8.064,-0.436,4.769,8.0
1423701348855,37.50208,139.926366,7,8.123,-0.432,4.977,8.0
1423701348955,37.502086,139.926368,7,8.035,-0.302,4.933,8.0
1423701349051,37.502092,139.92637,7,8.018,-0.271,4.808,8.0
1423701349152,37.502099,139.926372,7,7.725,-0.165,4.743,8.0
1423701349252,37.502105,139.926374,7,7.869,-0.164,4.747,8.0
1423701349353,37.502112,139.926376,7,7.872,-0.12,4.663,8.0
1423701349454,37.502119,139.926378,7,7.801,-0.189,4.755,8.0
1423701349555,37.502125,139.92638,7,7.968,-0.247,4.85,8.0
1423701349655,37.502132,139.926382,7,7.772,-0.283,4.743,8.0
1423701349751,37.502138,139.926385,7,7.795,-0.337,4.824,7.977
1423701349852,37.502144,139.926387,7,8.014,-0.405,4.992,7.951
1423701349952,37.50215,139.92639,7,8.128,-0.413,4.985,7.926
1423701350054,37.502156,139.926393,7,8.044,-0.326,4.786,7.901
1423701350154,37.502162,139.926396,7,7.881,-0.212,4.596,7.876
1423701350254,37.502168,139.926399,7,8.145,-0.252,4.813,7.851
1423701350355,37.502174,139.926402,7,8.337,-0.32,4.994,7.825
1423701350451,37.50218,139.926404,7,7.979,-0.293,4.593,7.802
1423701350551,37.502186,139.926407,7,7.965,-0.262,4.631,7.777
1423701350652,37.502192,139.92641,7,8.016,-0.204,4.561,7.752
1423701350753,37.502199,139.926412,9,7.983,-0.071,4.555,7.702
1423701350854,37.502207,139.926415,9,8.163,-0.058,4.655,7.65
1423701350954,37.502215,139.926418,9,7.804,0.002,4.495,7.6
1423701351055,37.502223,139.92642,9,7.882,0.001,4.601,7.549
1423701351151,37.50223,139.926422,9,8.068,-0.098,4.924,7.5
1423701351251,37.502238,139.926425,9,7.959,-0.164,4.872,7.45
1423701351352,37.502246,139.926427,9,7.856,-0.121,4.608,7.4
1423701351453,37.502253,139.92643,9,7.957,-0.2,4.908,7.351
1423701351554,37.502261,139.926432,9,8.057,-0.207,4.922,7.301
1423701351654,37.502269,139.926435,9,7.914,0.003,4.542,7.253
1423701351755,37.502275,139.926438,9,8.08,-0.063,4.814,7.201
1423701351856,37.50228,139.926442,9,8.033,0.04,4.727,7.149
1423701351951,37.502286,139.926445,9,8.069,0.016,4.647,7.101
1423701352057,37.502292,139.926449,9,8.264,-0.11,4.937,7.047
1423701352153,37.502298,139.926453,9,8.178,-0.183,5.056,6.999
1423701352252,37.502303,139.926456,9,8.092,-0.318,4.734,6.95
1423701352354,37.502309,139.92646,9,8.144,-0.26,4.795,6.899
1423701352453,37.502315,139.926463,9,7.981,-0.12,4.668,6.851
1423701352551,37.50232,139.926466,9,7.99,-0.006,4.446,6.803
1423701352651,37.502326,139.92647,9,8.158,0.084,4.739,6.754
1423701352752,37.50233,139.926473,7,8.062,0.18,4.701,6.727
1423701352853,37.502335,139.926476,7,7.763,0.211,4.442,6.701
1423701352953,37.50234,139.92648,7,7.87,0.058,4.647,6.676
1423701353055,37.502345,139.926483,7,8.098,-0.102,5.004,6.65
1423701353155,37.502349,139.926486,7,7.999,-0.105,4.87,6.625
1423701353255,37.502354,139.92649,7,7.989,-0.125,4.975,6.6
1423701353351,37.502359,139.926493,7,8.037,-0.075,5.057,6.576
1423701353452,37.502363,139.926496,7,7.959,-0.056,4.974,6.551
1423701353553,37.502368,139.9265,7,7.889,-0.112,4.802,6.526
1423701353653,37.502373,139.926503,7,7.982,-0.229,4.972,6.502
1423701353754,37.502378,139.926506,7,8.062,-0.258,5.076,6.476
1423701353855,37.502384,139.92651,7,8.057,-0.204,5.067,6.45
1423701353955,37.502389,139.926513,7,7.966,-0.122,4.986,6.425
1423701354051,37.502395,139.926516,7,7.973,-0.056,5.008,6.401
1423701354152,37.5024,139.92652,7,8.063,-0.065,5.072,6.376
1423701354253,37.502406,139.926523,7,7.873,-0.037,4.885,6.351
1423701354353,37.502411,139.926527,7,7.726,0.019,4.705,6.326
1423701354454,37.502417,139.92653,7,7.865,-0.016,4.847,6.301
1423701354555,37.502422,139.926533,7,8.008,0.04,5.054,6.276
1423701354655,37.502428,139.926537,7,7.835,0.109,4.773,6.251
1423701354751,37.502432,139.926541,6,7.919,0.023,4.958,6.25
1423701354852,37.502437,139.926544,6,8.003,-0.019,5.109,6.25
1423701354952,37.502441,139.926548,6,7.791,-0.093,4.97,6.25
1423701355053,37.502446,139.926552,6,7.535,-0.108,4.64,6.25
1423701355154,37.502451,139.926556,6,7.771,-0.233,4.856,6.25
1423701355255,37.502455,139.92656,6,8.067,-0.131,5.222,6.25
1423701355355,37.50246,139.926564,6,7.969,0.005,5.19,6.25
1423701355451,37.502464,139.926568,6,7.648,0.108,4.917,6.25
1423701355552,37.502469,139.926572,6,7.69,0.1,5.238,6.25
1423701355652,37.502474,139.926576,6,7.816,-0.034,5.574,6.25
1423701355753,37.50248,139.926578,7,7.656,-0.132,5.479,6.15
1423701355854,37.502487,139.92658,7,7.517,-0.046,5.445,6.042
1423701355954,37.502493,139.926583,7,7.583,0.036,5.622,5.938
1423701356055,37.502499,139.926585,7,7.652,0.007,5.809,5.834
1423701356151,37.502505,139.926587,7,7.511,0.081,5.642,5.737
1423701356252,37.502511,139.926589,7,7.514,0.009,5.667,5.637
1423701356352,37.502517,139.926591,7,7.5,-0.123,5.703,5.539
1423701356453,37.502523,139.926593,7,7.389,-0.073,5.582,5.443
1423701356554,37.502529,139.926595,7,7.364,0.081,5.526,5.348
1423701356654,37.502535,139.926597,7,7.636,0.073,5.848,5.255
1423701356755,37.502539,139.926599,7,7.409,0.189,5.427,5.174
1423701356851,37.502543,139.926601,7,7.391,0.096,5.492,5.098
1423701356951,37.502547,139.926603,7,7.757,0.042,5.92,5.02
1423701357052,37.502551,139.926606,7,7.629,0.015,5.8,4.942
1423701357153,37.502555,139.926608,7,7.486,-0.074,5.6,4.866
1423701357254,37.502559,139.92661,7,7.568,-0.004,5.782,4.791
1423701357354,37.502563,139.926612,7,7.523,0.139,5.639,4.717
1423701357455,37.502566,139.926614,7,7.574,0.087,5.647,4.644
1423701357551,37.50257,139.926616,7,7.485,0.122,5.749,4.576
1423701357651,37.502574,139.926618,7,7.595,0.244,5.653,4.506
1423701357752,37.502577,139.926619,4,7.594,0.174,5.541,4.398
1423701357853,37.502579,139.926621,4,7.514,0.021,5.482,4.288
1423701357953,37.502582,139.926622,4,7.4,-0.016,5.555,4.181
1423701358054,37.502585,139.926623,4,7.324,0.201,5.441,4.076
1423701358155,37.502587,139.926624,4,7.525,0.178,5.607,3.974
1423701358251,37.50259,139.926625,4,7.726,0.032,5.991,3.879
1423701358351,37.502592,139.926627,4,7.586,-0.166,6.003,3.782
1423701358452,37.502594,139.926628,4,7.262,-0.136,5.652,3.687
1423701358553,37.502597,139.926629,4,7.198,-0.018,5.603,3.595
1423701358653,37.502599,139.92663,4,7.273,0.1,5.648,3.506
1423701358754,37.502602,139.926631,4,7.476,0.012,5.856,3.244
1423701358855,37.502605,139.926632,4,7.483,-0.04,5.96,2.984
1423701358951,37.502608,139.926633,4,7.307,-0.013,5.807,2.753
1423701359051,37.502611,139.926634,4,7.276,-0.025,5.804,2.528
1423701359152,37.502613,139.926635,4,7.34,-0.064,5.906,2.316
1423701359253,37.502616,139.926636,4,7.329,-0.072,5.942,2.121
1423701359353,37.502618,139.926637,4,7.354,0.024,5.919,1.944
1423701359454,37.50262,139.926638,4,7.375,0.168,5.893,1.781
1423701359555,37.502621,139.926638,4,7.36,0.126,5.858,1.635
1423701359655,37.502623,139.926639,4,7.3,-0.035,5.847,1.506
1423701359751,37.502625,139.926639,5,7.309,-0.203,5.856,1.411
1423701359852,37.502626,139.926639,5,7.3,-0.253,5.916,1.317
1423701359953,37.502628,139.926639,5,7.323,-0.173,5.858,1.228
1423701360053,37.50263,139.926639,5,7.368,-0.106,5.876,1.146
1423701360154,37.502631,139.926639,5,7.437,-0.107,5.95,1.067
1423701360255,37.502632,139.926639,5,7.398,-0.077,5.869,0.994
1423701360355,37.502634,139.926639,5,7.376,-0.007,5.694,0.926
1423701360451,37.502635,139.926639,5,7.528,-0.003,5.549,0.865
1423701360552,37.502636,139.926639,5,7.706,-0.046,5.404,0.807
1423701360653,37.502637,139.926639,5,7.776,-0.072,5.199,0.754
1423701360753,37.502639,139.92664,5,7.789,-0.013,5.063,0.617
1423701360854,37.502641,139.926641,5,7.834,0.014,4.988,0.487
1423701360955,37.502643,139.926642,5,7.851,-0.054,5.0,0.373
1423701361055,37.502645,139.926643,5,7.876,-0.147,5.014,0.275
1423701361151,37.502646,139.926643,5,7.887,-0.149,5.009,0.194
1423701361252,37.502647,139.926644,5,7.866,-0.076,4.998,0.125
1423701361352,37.502648,139.926644,5,7.854,-0.035,5.005,0.071
1423701361453,37.502648,139.926645,5,7.849,-0.068,5.03,0.032
1423701361554,37.502649,139.926645,5,7.844,-0.11,5.044,0.008
1423701368754,37.502649,139.926635,4,8.337,-0.215,4.316,0.013
1423701368855,37.502649,139.926635,4,8.299,-0.261,4.349,0.057
1423701368951,37.502649,139.926635,4,8.354,-0.226,4.342,0.127
1423701369052,37.502649,139.926635,4,8.439,-0.166,4.061,0.23
1423701369152,37.502649,139.926635,4,8.557,-0.134,3.573,0.363
1423701369253,37.502649,139.926635,4,8.727,-0.106,3.312,0.527
1423701369354,37.502649,139.926635,4,8.97,-0.126,3.244,0.722
1423701369454,37.50265,139.926635,4,8.851,-0.165,3.006,0.946
1423701369555,37.50265,139.926635,4,8.878,-0.156,2.9,1.202
1423701369651,37.50265,139.926635,4,8.998,-0.035,2.884,1.473
1423701369751,37.502651,139.926636,4,9.035,-0.047,2.837,1.57
1423701369852,37.502653,139.926638,4,9.028,-0.125,2.752,1.653
1423701369953,37.502654,139.926639,4,9.049,-0.016,2.66,1.741
1423701370054,37.502656,139.926641,4,9.088,-0.098,2.708,1.834
1423701370154,37.502658,139.926642,4,8.956,-0.187,2.776,1.932
1423701370255,37.50266,139.926644,4,8.649,-0.091,2.832,2.035
1423701370351,37.502661,139.926646,4,8.63,-0.07,3.221,2.138
1423701370451,37.502663,139.926648,4,8.798,-0.017,3.535,2.25
1423701370552,37.502666,139.92665,4,8.779,-0.002,3.667,2.368
1423701370653,37.502668,139.926652,4,8.581,0.056,3.495,2.491
1423701370754,37.50267,139.926653,4,8.628,-0.04,3.669,2.5
