measurement_ms,latitude,longitude,gps_error_meter,accel_x_transverse,accel_y_longitudinal,accel_z_vertical,speed
1425694348482,37.497424,139.932547,11,-0.207,-0.095,9.808,4.004
1425694348582,37.49742,139.932546,11,-0.09,-0.131,10.056,4.016
1425694348683,37.497416,139.932544,11,-0.026,-0.218,9.938,4.028
1425694348784,37.497413,139.932542,11,-0.047,-0.13,9.412,4.041
1425694348884,37.497409,139.93254,11,-0.018,0.026,9.803,4.053
1425694348985,37.497405,139.932538,11,-0.074,0.159,9.623,4.065
1425694349081,37.497402,139.932536,11,-0.202,0.141,9.424,4.077
1425694349181,37.497398,139.932534,11,-0.311,0.197,9.241,4.09
1425694349282,37.497394,139.932532,11,-0.452,0.291,8.887,4.102
1425694349383,37.497391,139.932531,11,-0.432,0.263,8.668,4.115
1425694371382,37.496202,139.931935,6,-0.432,0.252,8.707,6.783
1425694371483,37.496198,139.931931,7,-0.345,0.114,8.948,6.742
1425694371584,37.496194,139.931928,7,-0.254,0.009,9.228,6.716
1425694371685,37.49619,139.931926,7,-0.2,-0.042,9.368,6.69
1425694371785,37.496186,139.931923,7,-0.155,-0.069,9.336,6.665
1425694371881,37.496182,139.93192,7,-0.162,-0.095,9.428,6.641
1425694371982,37.496179,139.931918,7,-0.222,-0.134,9.356,6.616
1425694372082,37.496175,139.931915,7,-0.224,-0.153,9.469,6.591
1425694372183,37.496171,139.931912,7,-0.212,-0.122,9.456,6.566
1425694372284,37.496167,139.931909,7,-0.174,-0.099,9.358,6.541
1425694372384,37.496163,139.931907,7,-0.157,-0.118,9.495,6.516
1425694372485,37.496159,139.931904,7,-0.165,-0.094,9.536,6.5
1425694372581,37.496155,139.931901,7,-0.156,-0.082,9.399,6.5
1425694372682,37.496151,139.931898,7,-0.169,-0.05,9.197,6.5
1425694372782,37.496146,139.931895,7,-0.13,-0.072,9.333,6.5
1425694372883,37.496142,139.931892,7,-0.087,-0.09,9.461,6.5
1425694372984,37.496137,139.931888,7,-0.056,-0.093,9.328,6.5
1425694373084,37.496132,139.931885,7,-0.038,-0.11,9.366,6.5
1425694373185,37.496128,139.931882,7,-0.026,-0.159,9.457,6.5
1425694373281,37.496124,139.931879,7,0.032,-0.143,9.466,6.5
1425694373382,37.496119,139.931876,7,0.102,-0.138,9.509,6.5
1425694373482,37.496114,139.931873,6,0.133,-0.061,9.289,6.5
1425694373583,37.496109,139.931869,6,0.09,-0.114,9.291,6.5
1425694373684,37.496104,139.931864,6,0.02,-0.157,9.543,6.5
1425694373784,37.496099,139.93186,6,-0.056,-0.167,9.711,6.5
1425694373885,37.496094,139.931856,6,-0.097,-0.129,9.496,6.5
1425694373986,37.496089,139.931852,6,-0.12,-0.09,9.336,6.5
1425694374082,37.496084,139.931848,6,-0.094,-0.037,9.182,6.5
1425694374181,37.496079,139.931844,6,-0.018,-0.053,9.255,6.5
1425694374283,37.496074,139.93184,6,-0.037,-0.061,9.418,6.5
1425694374382,37.496068,139.931836,6,-0.048,-0.125,9.527,6.5
1425694374484,37.496064,139.931831,8,-0.085,-0.135,9.534,6.5
1425694374583,37.49606,139.931824,8,-0.057,-0.102,9.426,6.5
1425694374681,37.496056,139.931818,8,-0.037,-0.108,9.348,6.5
1425694374781,37.496052,139.931811,8,-0.006,-0.127,9.407,6.5
1425694374882,37.496048,139.931805,8,-0.005,-0.117,9.56,6.5
1425694374983,37.496044,139.931798,8,0.022,-0.122,9.366,6.5
1425694375083,37.49604,139.931792,8,0.051,-0.03,8.728,6.5
1425694375184,37.496036,139.931785,8,-0.024,-0.073,9.001,6.5
1425694375285,37.496032,139.931779,8,-0.122,-0.218,9.774,6.5
1425694375381,37.496028,139.931772,8,-0.05,-0.257,10.11,6.5
1425694375481,37.496023,139.931767,8,-0.079,-0.243,9.742,6.508
1425694375582,37.496017,139.931765,8,-0.122,-0.193,9.406,6.532
1425694375683,37.496011,139.931762,8,-0.112,-0.191,9.308,6.557
1425694375783,37.496005,139.931759,8,-0.09,-0.133,9.313,6.582
1425694375884,37.495999,139.931757,8,-0.136,-0.032,9.181,6.607
1425694375985,37.495993,139.931754,8,-0.287,-0.092,9.056,6.633
1425694376081,37.495987,139.931752,8,-0.31,-0.135,9.344,6.657
1425694376181,37.495981,139.931749,8,-0.271,-0.19,9.817,6.682
1425694376282,37.495974,139.931746,8,-0.143,-0.175,9.717,6.707
1425694376383,37.495968,139.931744,8,-0.091,-0.121,9.296,6.733
1425694376483,37.495963,139.931741,7,-0.077,-0.066,9.105,6.742
1425694376584,37.495958,139.931736,7,-0.036,-0.024,9.107,6.716
1425694376685,37.495954,139.931732,7,-0.036,-0.113,9.495,6.69
1425694376786,37.49595,139.931727,7,-0.07,-0.198,9.734,6.665
1425694376881,37.495946,139.931723,7,-0.105,-0.206,9.581,6.641
1425694376982,37.495942,139.931718,7,-0.124,-0.171,9.418,6.616
1425694377083,37.495938,139.931714,7,-0.152,-0.119,9.358,6.591
1425694377183,37.495934,139.93171,7,-0.171,-0.09,9.287,6.566
1425694377284,37.49593,139.931705,7,-0.109,-0.074,9.383,6.541
1425694377385,37.495926,139.931701,7,-0.004,-0.122,9.619,6.516
1425694377485,37.495921,139.931697,5,0.049,-0.135,9.393,6.509
1425694377581,37.495916,139.931694,5,0.081,-0.135,9.359,6.532
1425694377682,37.495911,139.93169,5,0.135,-0.12,9.366,6.557
1425694377782,37.495906,139.931687,5,0.205,-0.158,9.53,6.582
1425694377883,37.495901,139.931683,5,0.23,-0.108,9.452,6.607
1425694377984,37.495896,139.93168,5,0.19,-0.067,9.193,6.632
1425694378085,37.495891,139.931677,5,0.13,-0.104,9.201,6.658
1425694378185,37.495886,139.931673,5,0.063,-0.094,9.378,6.683
1425694378281,37.495881,139.93167,5,-0.028,-0.113,9.504,6.707
1425694378382,37.495876,139.931666,5,-0.092,-0.153,9.536,6.733
1425694378482,37.495871,139.931662,5,-0.117,-0.155,9.497,6.742
1425694378583,37.495867,139.931658,5,-0.125,-0.18,9.566,6.716
1425694378684,37.495863,139.931653,5,-0.145,-0.181,9.524,6.691
1425694378785,37.495858,139.931648,5,-0.223,-0.139,9.257,6.665
1425694378885,37.495854,139.931643,5,-0.306,-0.107,9.292,6.64
1425694378981,37.495851,139.931639,5,-0.36,-0.132,9.544,6.616
1425694379082,37.495847,139.931634,5,-0.347,-0.132,9.356,6.591
1425694379182,37.495843,139.931629,5,-0.383,-0.073,9.017,6.566
1425694379283,37.495839,139.931625,5,-0.383,-0.004,8.807,6.541
1425694379384,37.495835,139.93162,5,-0.378,-0.039,9.054,6.516
1425694379484,37.49583,139.931616,5,-0.432,-0.123,9.52,6.5
1425694379585,37.495825,139.931613,5,-0.541,-0.161,9.568,6.5
1425694379681,37.49582,139.93161,5,-0.649,-0.16,9.404,6.5
1425694379782,37.495814,139.931607,5,-0.715,-0.162,9.388,6.5
1425694379882,37.495809,139.931604,5,-0.779,-0.216,9.756,6.5
1425694379983,37.495803,139.9316,5,-0.732,-0.211,9.904,6.5
1425694380084,37.495798,139.931597,5,-0.664,-0.106,9.425,6.5
1425694380184,37.495792,139.931594,5,-0.68,-0.034,9.049,6.5
1425694380285,37.495787,139.931591,5,-0.703,-0.066,9.193,6.5
1425694380381,37.495782,139.931588,5,-0.751,-0.072,9.482,6.5
1425694380481,37.495776,139.931585,5,-0.783,-0.034,9.475,6.5
1425694380582,37.49577,139.931582,5,-0.847,-0.069,9.169,6.5
1425694380683,37.495764,139.931578,5,-0.786,0.018,9.091,6.5
1425694380784,37.495759,139.931575,5,-0.791,0.193,9.528,6.5
1425694380884,37.495753,139.931572,5,-0.766,0.185,9.589,6.5
1425694380985,37.495747,139.931568,5,-0.722,0.284,9.406,6.5
1425694381081,37.495741,139.931565,5,-0.622,0.367,9.276,6.5
1425694381181,37.495736,139.931562,5,-0.545,0.373,9.352,6.5
1425694381282,37.49573,139.931559,5,-0.571,0.374,9.452,6.5
1425694381383,37.495724,139.931555,5,-0.607,0.377,9.425,6.5
1425694385381,37.49547,139.931464,6,-0.609,0.378,9.427,7.267
1425694385482,37.495464,139.931462,6,-0.265,0.156,9.498,7.25
1425694385582,37.495457,139.93146,6,-0.024,-0.023,9.692,7.25
1425694385683,37.495451,139.931458,6,0.101,-0.123,9.664,7.25
1425694385784,37.495444,139.931455,6,0.18,-0.064,9.208,7.25
1425694385885,37.495437,139.931453,6,0.198,-0.043,8.965,7.25
1425694385985,37.495431,139.931451,6,0.2,-0.093,9.178,7.25
1425694386081,37.495424,139.931448,6,0.147,-0.171,9.57,7.25
1425694386182,37.495418,139.931446,6,0.086,-0.245,9.827,7.25
1425694386282,37.495411,139.931444,6,0.036,-0.276,9.642,7.25
1425694386383,37.495404,139.931442,6,-0.012,-0.207,9.402,7.25
1425694386484,37.495398,139.931439,6,-0.054,-0.138,9.402,7.258
1425694386584,37.495391,139.931437,6,-0.225,-0.142,9.397,7.283
1425694386685,37.495384,139.931435,6,-0.419,-0.128,9.266,7.308
1425694386781,37.495377,139.931432,6,-0.565,-0.097,9.195,7.332
1425694386881,37.49537,139.93143,6,-0.622,-0.144,9.34,7.357
1425694386982,37.495363,139.931428,6,-0.641,-0.168,9.633,7.382
1425694387083,37.495356,139.931426,6,-0.701,-0.135,9.364,7.407
1425694387184,37.495349,139.931423,6,-0.762,-0.161,9.309,7.433
1425694387284,37.495342,139.931421,6,-0.854,-0.153,9.438,7.458
1425694387385,37.495335,139.931419,6,-0.916,-0.14,9.293,7.483
1425694387481,37.495328,139.931416,6,-0.898,-0.128,9.318,7.476
1425694387581,37.495322,139.931413,6,-0.9,-0.137,9.556,7.397
1425694387682,37.495316,139.93141,6,-0.862,-0.114,9.462,7.319
1425694387783,37.49531,139.931407,6,-0.836,-0.089,9.259,7.241
1425694387884,37.495305,139.931404,6,-0.777,0.017,9.033,7.165
1425694387984,37.495299,139.931401,6,-0.743,0.018,9.24,7.09
1425694388085,37.495293,139.931398,6,-0.686,0.028,9.608,7.015
1425694388181,37.495288,139.931395,6,-0.619,0.073,9.573,6.944
1425694388286,37.495282,139.931392,6,-0.573,0.081,9.434,6.868
1425694388382,37.495277,139.931389,6,-0.591,0.144,9.319,6.798
1425694391383,37.495111,139.93134,7,-0.592,0.148,9.323,6.75
1425694391484,37.495106,139.931339,7,-0.386,0.022,9.388,6.741
1425694391585,37.4951,139.931337,7,-0.188,-0.049,9.416,6.716
1425694391685,37.495093,139.931335,7,-0.108,-0.104,9.501,6.69
1425694391781,37.495088,139.931334,7,-0.099,-0.094,9.359,6.666
1425694391882,37.495081,139.931332,7,-0.1,-0.097,9.149,6.641
1425694391983,37.495075,139.93133,7,-0.079,-0.085,9.191,6.616
1425694392083,37.495069,139.931328,7,-0.058,-0.179,9.638,6.591
1425694392184,37.495063,139.931326,7,0.035,-0.169,9.455,6.566
1425694392285,37.495057,139.931324,7,0.025,-0.127,9.396,6.541
1425694392385,37.495051,139.931322,7,0.012,-0.124,9.357,6.516
1425694392481,37.495045,139.931321,8,-0.016,-0.099,9.424,6.492
1425694392582,37.495038,139.931322,8,-0.094,-0.074,9.219,6.466
1425694392682,37.495031,139.931323,8,-0.145,-0.028,9.074,6.441
1425694392783,37.495025,139.931324,8,-0.117,-0.03,9.023,6.416
1425694392884,37.495018,139.931325,8,-0.109,-0.12,9.442,6.39
1425694392984,37.495011,139.931325,8,-0.2,-0.158,9.583,6.365
1425694393085,37.495005,139.931326,8,-0.194,-0.168,9.642,6.34
1425694393181,37.494999,139.931327,8,-0.28,-0.215,9.832,6.316
1425694393281,37.494992,139.931328,8,-0.338,-0.102,9.491,6.292
1425694393382,37.494985,139.931328,8,-0.263,0.06,9.022,6.267
1425694405381,37.494225,139.931181,5,-0.254,0.072,9.006,7.299
1425694405482,37.494218,139.93118,5,-0.158,0.06,9.141,7.242
1425694405583,37.494211,139.931179,5,-0.065,0.071,9.288,7.216
1425694405684,37.494205,139.931179,5,-0.052,-0.083,9.576,7.191
1425694405784,37.494198,139.931178,5,-0.028,-0.129,9.964,7.166
1425694405885,37.494192,139.931177,5,-0.074,-0.134,9.803,7.14
1425694405981,37.494186,139.931177,5,-0.074,0.003,9.443,7.116
1425694406081,37.494179,139.931176,5,-0.028,0.102,8.988,7.091
1425694406182,37.494173,139.931176,5,0.015,0.156,8.925,7.066
1425694406283,37.494167,139.931175,5,0.036,0.171,9.129,7.041
1425694433383,37.492329,139.930842,4,0.119,0.144,9.13,8.25
1425694433484,37.492323,139.93084,5,0.045,0.057,9.333,8.241
1425694433585,37.492316,139.930837,5,-0.042,-0.082,9.392,8.216
1425694433686,37.492309,139.930835,5,-0.124,-0.065,9.325,8.19
1425694433781,37.492302,139.930832,5,-0.152,-0.106,9.427,8.166
1425694433882,37.492295,139.930829,5,-0.119,-0.1,9.517,8.141
1425694433983,37.492288,139.930827,5,-0.115,-0.094,9.577,8.116
1425694434083,37.492281,139.930824,5,-0.118,-0.084,9.519,8.091
1425694434184,37.492274,139.930821,5,-0.166,-0.024,9.346,8.066
1425694434285,37.492267,139.930818,5,-0.119,0.066,9.13,8.041
1425694438384,37.491977,139.930752,5,-0.123,0.074,9.094,8.016
1425694438484,37.49197,139.93075,5,-0.041,0.042,9.224,7.991
1425694438585,37.491963,139.930748,5,-0.037,-0.018,9.271,7.966
1425694438681,37.491957,139.930747,5,-0.126,0.021,9.177,7.942
1425694438781,37.49195,139.930746,5,-0.105,0.056,8.909,7.916
1425694438882,37.491944,139.930745,5,0.031,0.031,9.039,7.891
1425694438983,37.491937,139.930744,5,0.154,-0.014,9.377,7.866
1425694439084,37.491931,139.930743,5,0.311,-0.062,9.568,7.841
1425694439184,37.491924,139.930742,5,0.426,-0.061,9.456,7.816
1425694439285,37.491918,139.930741,5,0.465,-0.056,9.397,7.791
1425694439381,37.491911,139.93074,5,0.411,-0.059,9.5,7.767
1425694439481,37.491905,139.930738,4,0.341,-0.071,9.402,7.75
1425694439582,37.491898,139.930737,4,0.306,-0.039,9.324,7.75
1425694439683,37.491891,139.930735,4,0.258,-0.055,9.411,7.75
1425694439783,37.491884,139.930734,4,0.197,-0.055,9.301,7.75
1425694439884,37.491877,139.930732,4,0.191,-0.038,9.134,7.75
1425694439985,37.49187,139.93073,4,0.202,-0.037,9.11,7.75
1425694440086,37.491863,139.930729,4,0.227,-0.079,9.367,7.75
1425694440181,37.491857,139.930727,4,0.307,-0.162,9.673,7.75
1425694440282,37.49185,139.930726,4,0.362,-0.175,9.63,7.75
1425694440383,37.491843,139.930724,4,0.346,-0.148,9.473,7.75
1425694440483,37.491836,139.930722,4,0.371,-0.114,9.484,7.742
1425694440584,37.49183,139.930721,4,0.395,-0.073,9.612,7.716
1425694440685,37.491824,139.930719,4,0.332,-0.068,9.339,7.691
1425694440785,37.491818,139.930717,4,0.19,-0.02,9.047,7.665
1425694440881,37.491813,139.930715,4,0.101,-0.007,9.122,7.641
1425694440982,37.491807,139.930713,4,0.096,-0.053,9.479,7.616
1425694441083,37.491801,139.930712,4,0.149,-0.133,9.597,7.591
1425694441183,37.491795,139.93071,4,0.201,-0.262,9.449,7.566
1425694441284,37.49179,139.930708,4,0.213,-0.402,9.489,7.541
1425694441385,37.491784,139.930706,4,0.208,-0.548,9.551,7.516
1425694441485,37.491778,139.930704,4,0.159,-0.646,9.191,7.482
1425694441581,37.491772,139.930703,4,0.107,-0.708,9.086,7.433
1425694441682,37.491765,139.930701,4,0.1,-0.776,9.249,7.381
1425694441783,37.491759,139.9307,4,0.096,-0.844,9.502,7.33
1425694441883,37.491753,139.930698,4,0.07,-0.853,9.295,7.279
1425694441984,37.491746,139.930697,4,0.158,-0.989,9.792,7.229
1425694442085,37.49174,139.930695,4,0.237,-1.047,10.006,7.179
1425694442185,37.491734,139.930694,4,0.256,-0.946,9.474,7.129
1425694442281,37.491728,139.930692,4,0.219,-0.819,8.804,7.082
1425694442382,37.491722,139.930691,4,0.201,-0.774,8.771,7.033
1425694442482,37.491716,139.930689,3,0.216,-0.863,9.346,6.966
1425694442583,37.49171,139.930688,3,0.174,-0.968,9.577,6.858
1425694442684,37.491705,139.930686,3,0.096,-1.086,9.282,6.752
1425694442785,37.491699,139.930685,3,0.039,-1.159,9.197,6.648
1425694442885,37.491694,139.930683,3,0.023,-1.204,9.227,6.546
1425694442981,37.491689,139.930682,3,0.065,-1.29,9.517,6.45
1425694443082,37.491684,139.93068,3,0.183,-1.33,9.89,6.35
1425694443182,37.491678,139.930679,3,0.262,-1.462,9.774,6.253
1425694443283,37.491673,139.930677,3,0.244,-1.464,9.197,6.156
1425694443384,37.491668,139.930676,3,0.221,-1.495,9.123,6.061
1425694443484,37.491663,139.930675,3,0.163,-1.509,9.204,5.953
1425694443585,37.491659,139.930673,3,0.073,-1.534,9.249,5.814
1425694443681,37.491654,139.930672,3,-0.02,-1.608,9.515,5.685
1425694443781,37.49165,139.930671,3,-0.04,-1.63,9.603,5.554
1425694443882,37.491645,139.930669,3,-0.002,-1.622,9.258,5.424
1425694443983,37.491641,139.930668,3,0.05,-1.626,8.896,5.298
1425694444084,37.491637,139.930667,3,0.109,-1.691,9.16,5.174
1425694444184,37.491632,139.930666,3,0.243,-1.823,9.721,5.054
1425694444285,37.491628,139.930665,3,0.272,-1.979,9.739,4.936
1425694444381,37.491625,139.930664,3,0.18,-2.042,9.359,4.827
1425694444481,37.491621,139.930663,4,0.018,-2.067,9.235,4.672
1425694444582,37.491618,139.930663,4,-0.12,-2.103,9.36,4.425
1425694444683,37.491616,139.930663,4,-0.138,-2.098,9.213,4.189
1425694444784,37.491613,139.930663,4,-0.09,-2.127,9.115,3.963
1425694444884,37.491611,139.930663,4,0.021,-2.162,9.318,3.751
1425694444985,37.491609,139.930662,4,0.068,-2.25,9.544,3.547
1425694445086,37.491607,139.930662,4,0.054,-2.35,9.583,3.355
1425694445181,37.491605,139.930662,4,0.036,-2.392,9.489,3.183
1425694445287,37.491603,139.930662,4,-0.011,-2.327,9.171,3.003
1425694445383,37.491601,139.930662,4,-0.079,-2.365,9.033,2.851
1425694445482,37.4916,139.930662,4,-0.084,-2.496,9.317,2.605
1425694445584,37.4916,139.930662,4,-0.022,-2.624,9.592,2.173
1425694445683,37.491601,139.930662,4,0.049,-2.7,9.578,1.795
1425694445781,37.491601,139.930661,4,0.079,-2.724,9.382,1.461
1425694445881,37.491601,139.930661,4,0.053,-2.633,9.28,1.162
1425694445982,37.491601,139.930661,4,0.066,-1.791,9.799,0.901
1425694446083,37.491602,139.930661,4,0.109,-0.929,9.872,0.684
1425694446183,37.491602,139.930661,4,0.126,-0.41,9.259,0.51
1425694446284,37.491602,139.930661,4,0.135,-0.117,8.794,0.377
1425694446385,37.491602,139.930661,4,0.136,0.014,8.85,0.286
1425694446481,37.491602,139.930661,4,0.135,-0.004,9.246,0.25
1425694446581,37.491602,139.930661,4,0.15,-0.027,9.666,0.25
1425694446682,37.491602,139.930661,4,0.182,-0.02,9.638,0.25
1425694446783,37.491602,139.930662,4,0.211,0.041,9.334,0.25
1425694446883,37.491602,139.930662,4,0.216,0.088,9.155,0.25
1425694446984,37.491603,139.930662,4,0.21,0.09,9.286,0.25
1425694447085,37.491603,139.930662,4,0.182,0.094,9.526,0.25
1425694447185,37.491603,139.930662,4,0.166,0.188,9.596,0.25
1425694447281,37.491603,139.930663,4,0.178,0.562,9.589,0.25
1425694447382,37.491603,139.930663,4,0.199,0.821,9.37,0.25
1425694447482,37.491603,139.930663,5,0.21,0.616,8.938,0.234
1425694447583,37.491605,139.930663,5,0.204,0.277,8.965,0.188
1425694447684,37.491606,139.930662,5,0.198,0.065,9.441,0.147
1425694447785,37.491607,139.930662,5,0.178,-0.111,9.783,0.111
1425694447885,37.491608,139.930662,5,0.171,-0.154,9.656,0.08
1425694447981,37.491609,139.930661,5,0.171,-0.066,9.398,0.055
1425694448082,37.49161,139.930661,5,0.185,0.046,9.249,0.034
1425694448182,37.49161,139.930661,5,0.187,0.104,9.317,0.018
1425694448283,37.491611,139.930661,5,0.177,0.099,9.408,0.007
1425694448384,37.491611,139.930661,5,0.166,0.104,9.421,0.001
1425694501381,37.491029,139.930544,8,0.2,0.102,9.421,6.267
1425694509383,37.490559,139.930435,6,0.198,0.095,9.422,7.0
1425694509483,37.490553,139.930434,6,0.132,-0.102,9.502,6.992
1425694509584,37.490546,139.930432,6,0.125,-0.177,9.707,6.966
1425694509685,37.49054,139.930431,6,0.189,-0.28,9.831,6.94
1425694509786,37.490533,139.93043,6,0.208,-0.267,9.326,6.915
1425694509881,37.490527,139.930429,6,0.178,-0.117,9.177,6.891
1425694509982,37.49052,139.930428,6,0.121,-0.161,9.125,6.866
1425694510083,37.490514,139.930426,6,0.199,-0.189,9.343,6.841
1425694510183,37.490507,139.930425,6,0.152,-0.226,9.508,6.816
1425694510284,37.490501,139.930424,6,0.12,-0.219,9.215,6.791
1425694510385,37.490494,139.930423,6,0.275,-0.261,9.362,6.766
1425694510485,37.490488,139.930421,6,0.28,-0.303,9.599,6.732
1425694510581,37.490482,139.930419,6,0.284,-0.249,9.727,6.682
1425694510682,37.490477,139.930417,6,0.266,-0.175,8.993,6.631
1425694510782,37.490471,139.930415,6,0.268,-0.16,8.968,6.58
1425694510883,37.490465,139.930413,6,0.319,-0.235,9.268,6.529
1425694510984,37.49046,139.930411,6,0.32,-0.279,9.656,6.478
1425694511085,37.490454,139.930408,6,0.354,-0.259,9.526,6.428
1425694511185,37.490448,139.930406,6,0.404,-0.219,9.376,6.379
1425694511281,37.490443,139.930404,6,0.459,-0.171,9.364,6.332
1425694511382,37.490438,139.930402,6,0.412,-0.124,9.248,6.283
1425694511482,37.490433,139.9304,6,0.457,-0.108,9.355,6.25
1425694511583,37.490428,139.930398,6,0.487,-0.201,9.681,6.25
1425694511684,37.490423,139.930396,6,0.552,-0.178,9.436,6.25
1425694511785,37.490419,139.930394,6,0.534,-0.224,9.489,6.25
1425694511885,37.490414,139.930392,6,0.493,-0.27,9.611,6.25
1425694511981,37.49041,139.93039,6,0.433,-0.216,9.344,6.25
1425694512082,37.490405,139.930388,6,0.387,-0.198,9.1,6.25
1425694512182,37.4904,139.930386,6,0.282,-0.271,9.013,6.25
1425694512283,37.490396,139.930384,6,0.211,-0.321,8.746,6.25
1425694512384,37.490391,139.930382,6,0.171,-0.538,9.116,6.25
1425694512485,37.490386,139.930381,6,0.156,-0.794,9.716,6.212
1425694512585,37.49038,139.93038,6,0.073,-0.99,10.028,6.105
1425694512681,37.490375,139.93038,6,0.049,-1.074,9.817,6.004
1425694512782,37.490369,139.930379,6,-0.034,-0.972,8.973,5.899
1425694512882,37.490364,139.930378,6,-0.085,-0.972,9.107,5.797
1425694512983,37.490358,139.930378,6,-0.022,-1.048,9.601,5.695
1425694513084,37.490353,139.930377,6,0.023,-1.054,9.864,5.596
1425694513184,37.490347,139.930376,6,0.078,-0.838,9.517,5.499
1425694513285,37.490342,139.930376,6,0.144,-0.54,9.083,5.403
1425694513381,37.490337,139.930375,6,0.14,-0.338,9.026,5.313
1425694513482,37.490332,139.930375,6,0.161,-0.25,9.283,5.242
1425694513582,37.490328,139.930374,6,0.101,-0.287,9.756,5.216
1425694513683,37.490323,139.930374,6,-0.096,-0.249,9.837,5.191
1425694513784,37.490318,139.930373,6,-0.378,-0.144,9.276,5.165
1425694513884,37.490314,139.930372,6,-0.615,-0.081,8.992,5.14
1425694513985,37.490309,139.930372,6,-0.729,-0.091,9.104,5.115
1425694514081,37.490305,139.930371,6,-0.792,-0.285,9.174,5.091
1425694514181,37.4903,139.930371,6,-0.836,-0.539,9.258,5.066
1425694514282,37.490296,139.93037,6,-0.879,-0.717,9.169,5.041
1425694514383,37.490291,139.930369,6,-0.996,-0.859,9.153,5.016
1425694514484,37.490287,139.930369,6,-1.175,-1.047,9.676,4.973
1425694514584,37.490283,139.930369,6,-1.278,-1.126,9.707,4.892
1425694514685,37.49028,139.930369,6,-1.515,-1.107,9.078,4.813
1425694514781,37.490276,139.930369,6,-1.759,-1.229,9.335,4.738
1425694514881,37.490273,139.930369,6,-1.882,-1.292,9.5,4.662
1425694514982,37.49027,139.93037,6,-1.97,-1.231,9.191,4.586
1425694515083,37.490266,139.93037,6,-2.113,-1.259,9.051,4.511
1425694515184,37.490263,139.93037,6,-2.168,-1.36,9.42,4.438
1425694515284,37.49026,139.93037,6,-2.19,-1.508,9.813,4.366
1425694515385,37.490257,139.93037,6,-2.205,-1.534,9.597,4.295
1425694515481,37.490254,139.930371,6,-2.198,-1.509,8.862,4.225
1425694515581,37.490251,139.930372,6,-2.268,-1.536,8.846,4.143
1425694515682,37.490247,139.930374,6,-2.294,-1.653,9.525,4.063
1425694515783,37.490244,139.930376,6,-2.3,-1.681,9.959,3.984
1425694515883,37.490241,139.930377,6,-2.287,-1.519,9.707,3.907
1425694515984,37.490238,139.930379,6,-2.153,-1.319,9.125,3.831
1425694516085,37.490235,139.930381,6,-1.885,-1.286,9.198,3.757
1425694516186,37.490232,139.930382,6,-1.564,-1.29,9.67,3.684
1425694516281,37.490229,139.930384,6,-1.28,-1.074,9.381,3.617
1425694516387,37.490226,139.930385,6,-1.098,-0.873,8.693,3.543
1425694516483,37.490223,139.930387,7,-1.284,-0.923,9.016,3.472
1425694516582,37.490222,139.930391,7,-1.498,-0.831,9.757,3.391
1425694516684,37.49022,139.930395,7,-1.592,-0.671,10.021,3.308
1425694516783,37.490218,139.930398,7,-1.551,-0.441,9.698,3.23
1425694516885,37.490217,139.930402,7,-1.543,-0.233,9.105,3.152
1425694516981,37.490215,139.930405,7,-1.435,-0.082,8.363,3.079
1425694517082,37.490213,139.930408,7,-1.319,-0.029,8.504,3.005
1425694517182,37.490212,139.930412,7,-1.3,-0.121,9.337,2.933
1425694517283,37.49021,139.930415,7,-1.143,-0.279,9.924,2.863
1425694517384,37.490209,139.930418,7,-0.75,-0.158,9.656,2.794
1425694517485,37.490208,139.930421,7,-0.416,0.012,9.319,2.758
1425694517585,37.490208,139.930425,7,-0.325,0.131,9.395,2.782
1425694517681,37.490209,139.930428,7,-0.293,0.244,9.547,2.806
1425694517782,37.490209,139.930431,7,-0.182,0.308,9.392,2.831
1425694517882,37.490209,139.930435,7,-0.001,0.394,9.181,2.855
1425694517983,37.49021,139.930438,7,0.188,0.437,9.195,2.881
1425694518084,37.49021,139.930442,7,0.305,0.497,9.381,2.906
1425694518185,37.49021,139.930445,7,0.274,0.484,9.543,2.932
1425694518285,37.49021,139.930449,7,0.09,0.422,9.657,2.957
1425694518381,37.490211,139.930452,7,-0.063,0.429,9.37,2.982
1425694538382,37.490096,139.931877,5,-0.073,0.426,9.361,7.75
1425694538482,37.490095,139.931886,5,-0.095,0.113,9.453,7.75
1425694538583,37.490094,139.931895,5,0.015,-0.057,9.751,7.75
1425694538684,37.490093,139.931904,5,0.136,-0.148,9.68,7.75
1425694538784,37.490093,139.931913,5,0.233,-0.209,9.654,7.75
1425694538885,37.490092,139.931922,5,0.251,-0.147,9.559,7.75
1425694538981,37.490091,139.93193,5,0.199,-0.129,9.327,7.75
1425694539081,37.490091,139.931939,5,0.076,-0.094,9.015,7.75
1425694539182,37.49009,139.931948,5,0.068,-0.159,9.289,7.75
1425694539283,37.490089,139.931957,5,0.035,-0.227,9.652,7.75
1425694539384,37.490088,139.931966,5,0.007,-0.186,9.693,7.75
1425694539484,37.490088,139.931975,4,-0.091,-0.122,9.498,7.732
1425694539585,37.490087,139.931984,4,-0.147,-0.061,9.373,7.681
1425694539681,37.490086,139.931992,4,-0.245,-0.073,9.209,7.632
1425694539781,37.490085,139.932001,4,-0.234,-0.009,9.044,7.581
1425694539882,37.490084,139.93201,4,-0.164,0.024,9.191,7.53
1425694539983,37.490083,139.932019,4,-0.067,0.084,9.312,7.479
1425694540084,37.490082,139.932027,4,-0.074,0.167,9.459,7.429
1425694540185,37.490081,139.932036,4,-0.071,0.159,9.361,7.379
1425694540281,37.49008,139.932044,4,-0.084,0.26,9.359,7.332
1425694540381,37.490079,139.932052,4,0.058,0.232,9.302,7.283
1425694540481,37.490078,139.932061,4,0.117,0.278,9.228,7.25
1425694540582,37.490077,139.93207,4,0.139,0.214,9.604,7.25
1425694540683,37.490076,139.932078,4,0.135,0.164,9.735,7.25
1425694540783,37.490076,139.932087,4,0.086,0.068,9.677,7.25
1425694540884,37.490075,139.932096,4,-0.051,0.093,9.778,7.25
1425694540985,37.490074,139.932105,4,-0.104,0.142,9.289,7.25
1425694541081,37.490074,139.932114,4,-0.099,0.195,8.905,7.25
1425694541181,37.490073,139.932122,4,-0.125,0.21,8.839,7.25
1425694541282,37.490072,139.932131,4,-0.112,0.106,9.336,7.25
1425694541383,37.490071,139.93214,4,-0.098,0.035,9.525,7.25
1425694541483,37.490071,139.932149,4,-0.069,0.01,9.313,7.25
1425694541584,37.49007,139.932158,4,-0.098,-0.005,9.335,7.25
1425694541685,37.490069,139.932166,4,-0.167,-0.013,9.424,7.25
1425694541786,37.490068,139.932175,4,-0.068,0.022,9.296,7.25
1425694541881,37.490067,139.932183,4,-0.164,-0.008,9.242,7.25
1425694541982,37.490066,139.932192,4,-0.155,-0.007,9.351,7.25
1425694542083,37.490065,139.9322,4,-0.083,-0.041,9.614,7.25
1425694542183,37.490064,139.932209,4,-0.142,-0.044,9.467,7.25
1425694542284,37.490063,139.932218,4,-0.185,-0.009,9.415,7.25
1425694542385,37.490063,139.932226,4,-0.23,0.037,9.407,7.25
1425694542485,37.490062,139.932235,4,-0.303,0.023,9.294,7.241
1425694542581,37.490061,139.932243,4,-0.278,0.083,9.306,7.217
1425694542682,37.490061,139.932251,4,-0.22,0.033,9.447,7.191
1425694542782,37.49006,139.932259,4,-0.182,0.047,9.387,7.166
1425694542883,37.49006,139.932267,4,-0.184,0.015,9.298,7.141
1425694542984,37.490059,139.932275,4,-0.109,0.038,9.281,7.115
1425694543085,37.490059,139.932283,4,-0.11,0.009,9.409,7.09
1425694543185,37.490058,139.932291,4,-0.094,0.037,9.234,7.065
1425694543281,37.490058,139.932299,4,-0.042,0.06,9.169,7.042
1425694543382,37.490057,139.932307,4,0.053,0.034,9.423,7.017
1425694543482,37.490057,139.932314,5,0.076,0.005,9.524,6.992
1425694543583,37.490056,139.932322,5,0.038,0.048,9.241,6.966
1425694543684,37.490056,139.932329,5,0.019,0.067,9.145,6.941
1425694543785,37.490055,139.932336,5,0.012,0.059,9.248,6.915
1425694543885,37.490054,139.932344,5,0.011,0.042,9.312,6.89
1425694543981,37.490054,139.932351,5,-0.003,0.054,9.283,6.866
1425694544082,37.490053,139.932358,5,0.044,0.026,9.484,6.841
1425694544182,37.490053,139.932365,5,-0.019,-0.028,9.647,6.816
1425694544283,37.490052,139.932372,5,0.018,0.083,9.433,6.791
1425694544384,37.490051,139.932379,5,0.01,0.193,9.305,6.766
1425694551383,37.489979,139.932965,6,0.012,0.2,9.31,7.282
1425694551484,37.489978,139.932973,6,-0.011,0.087,9.69,7.25
1425694551584,37.489976,139.93298,6,-0.016,-0.052,9.855,7.25
1425694551685,37.489975,139.932988,6,0.005,-0.138,9.474,7.25
1425694551781,37.489974,139.932995,6,0.053,-0.033,9.058,7.25
1425694551881,37.489973,139.933003,6,0.074,0.04,8.759,7.25
1425694551982,37.489972,139.93301,6,0.08,-0.01,8.816,7.25
1425694552083,37.48997,139.933018,6,0.069,-0.064,9.305,7.25
1425694552184,37.489969,139.933026,6,0.073,-0.185,9.556,7.25
1425694552284,37.489968,139.933033,6,0.087,-0.193,9.469,7.25
1425694552385,37.489967,139.933041,6,0.108,-0.202,9.468,7.25
1425694552481,37.489966,139.933048,5,0.148,-0.229,9.793,7.242
1425694552581,37.489964,139.933056,5,0.209,-0.21,9.823,7.217
1425694552682,37.489963,139.933063,5,0.262,-0.155,9.436,7.191
1425694552783,37.489962,139.933071,5,0.246,-0.089,9.111,7.166
1425694552884,37.489961,139.933078,5,0.169,-0.012,9.081,7.14
1425694552984,37.48996,139.933086,5,0.071,-0.084,9.334,7.115
1425694553085,37.489958,139.933093,5,0.048,-0.119,9.541,7.09
1425694553181,37.489957,139.9331,5,0.069,-0.115,9.458,7.066
1425694553281,37.489956,139.933108,5,0.14,-0.116,9.35,7.042
1425694553382,37.489955,139.933115,5,0.178,-0.109,9.442,7.017
1425694553483,37.489954,139.933123,4,0.169,-0.078,9.418,6.992
1425694553583,37.489952,139.933131,4,0.192,-0.067,9.243,6.966
1425694553684,37.489951,139.933139,4,0.192,-0.004,9.067,6.941
1425694553785,37.48995,139.933147,4,0.18,0.0,9.137,6.915
1425694553886,37.489949,139.933155,4,0.175,-0.045,9.364,6.89
1425694553981,37.489948,139.933162,4,0.181,-0.15,9.504,6.866
1425694554082,37.489946,139.93317,4,0.216,-0.376,9.413,6.841
1425694554183,37.489945,139.933178,4,0.217,-0.611,9.343,6.816
1425694554283,37.489944,139.933186,4,0.259,-0.777,9.422,6.791
1425694554384,37.489943,139.933194,4,0.308,-0.886,9.508,6.766
1425694554485,37.489941,139.933201,5,0.338,-0.959,9.531,6.712
1425694554585,37.48994,139.933207,5,0.264,-0.957,9.4,6.606
1425694554681,37.489938,139.933212,5,0.294,-0.914,9.156,6.505
1425694554782,37.489936,139.933218,5,0.316,-0.954,9.2,6.4
1425694554883,37.489935,139.933224,5,0.361,-0.984,9.286,6.297
1425694554983,37.489933,139.933229,5,0.387,-1.033,9.519,6.197
1425694555084,37.489932,139.933235,5,0.403,-1.08,9.724,6.097
1425694555185,37.48993,139.93324,5,0.434,-1.025,9.584,5.999
1425694555285,37.489928,139.933246,5,0.445,-0.937,9.304,5.904
1425694555381,37.489927,139.93325,5,0.481,-0.777,9.469,5.814
1425694555482,37.489926,139.933256,5,0.639,-0.62,9.695,5.733
1425694555582,37.489925,139.933261,5,0.794,-0.448,9.346,5.681
1425694555683,37.489925,139.933266,5,0.861,-0.303,9.145,5.629
1425694555784,37.489924,139.933271,5,0.99,-0.227,9.276,5.578
1425694555885,37.489923,139.933276,5,1.106,-0.182,9.194,5.527
1425694555985,37.489923,139.933281,5,1.17,-0.198,9.233,5.477
1425694556081,37.489922,139.933285,5,1.275,-0.228,9.455,5.429
1425694556182,37.489922,139.93329,5,1.421,-0.266,9.332,5.38
1425694556282,37.489921,139.933295,5,1.593,-0.245,8.956,5.331
1425694556383,37.48992,139.9333,5,1.749,-0.28,8.891,5.282
1425694556484,37.489919,139.933304,6,1.871,-0.372,9.037,5.232
1425694556585,37.489915,139.933306,6,1.842,-0.414,8.944,5.18
1425694556685,37.489911,139.933309,6,1.651,-0.523,9.308,5.128
1425694556781,37.489908,139.933311,6,1.478,-0.685,9.955,5.079
1425694556882,37.489904,139.933314,6,1.547,-0.864,10.399,5.028
1425694556982,37.489901,139.933316,6,1.839,-0.911,9.98,4.978
1425694557083,37.489897,139.933318,6,2.091,-0.762,9.067,4.928
1425694557184,37.489894,139.933321,6,2.025,-0.512,8.104,4.878
1425694557284,37.489891,139.933323,6,1.33,-0.643,9.237,4.83
1425694557385,37.489887,139.933326,6,1.226,-0.923,10.79,4.781
1425694557481,37.489884,139.933328,6,1.49,-0.978,10.447,4.75
1425694557582,37.489879,139.933331,6,1.56,-0.78,8.908,4.75
1425694557682,37.489874,139.933334,6,1.36,-0.593,8.005,4.75
1425694557783,37.48987,139.933336,6,1.525,-0.894,9.706,4.75
1425694557884,37.489865,139.933339,6,2.047,-1.016,10.617,4.75
1425694557984,37.48986,139.933342,6,2.175,-0.856,9.695,4.75
1425694558085,37.489856,139.933345,6,2.116,-0.787,8.709,4.75
1425694558181,37.489851,139.933347,6,1.767,-0.659,7.869,4.75
1425694558281,37.489847,139.93335,6,1.464,-0.57,7.747,4.75
1425694558382,37.489842,139.933353,6,1.273,-0.595,8.46,4.75
1425694558483,37.489838,139.933355,7,1.31,-0.875,9.663,4.742
1425694558584,37.489835,139.933354,7,1.446,-0.932,10.121,4.716
1425694558684,37.489832,139.933353,7,1.426,-0.966,9.865,4.69
1425694558785,37.489829,139.933352,7,1.363,-0.987,9.693,4.665
1425694558886,37.489826,139.933351,7,1.346,-0.991,9.869,4.639
1425694558981,37.489823,139.93335,7,1.247,-0.947,9.881,4.616
1425694559087,37.48982,139.933349,7,1.114,-0.787,9.629,4.589
1425694559183,37.489817,139.933348,7,0.984,-0.701,9.566,4.565
1425694559282,37.489814,139.933347,7,0.871,-0.621,9.609,4.541
1425694559384,37.489811,139.933347,7,0.765,-0.536,9.47,4.516
1425694559483,37.489808,139.933345,7,0.629,-0.421,9.192,4.5
1425694559581,37.489804,139.933342,7,0.402,-0.341,9.156,4.5
1425694559681,37.4898,139.933339,7,0.223,-0.379,9.671,4.5
1425694559782,37.489796,139.933336,7,0.151,-0.302,9.216,4.5
1425694559883,37.489792,139.933333,7,0.166,-0.305,8.97,4.5
1425694559983,37.489788,139.933329,7,0.321,-0.28,9.097,4.5
1425694560084,37.489784,139.933326,7,0.437,-0.316,9.659,4.5
1425694560185,37.48978,139.933323,7,0.526,-0.333,9.685,4.5
1425694560281,37.489777,139.93332,7,0.686,-0.264,9.272,4.5
1425694560381,37.489773,139.933317,7,0.712,-0.214,9.313,4.5
1425694560482,37.489769,139.933314,6,0.578,-0.29,9.695,4.492
1425694560583,37.489765,139.933312,6,0.365,-0.222,9.423,4.466
1425694560683,37.48976,139.933309,6,0.135,-0.214,9.184,4.44
1425694560784,37.489756,139.933306,6,0.097,-0.133,8.994,4.415
1425694560885,37.489752,139.933304,6,0.19,-0.11,9.177,4.389
1425694560985,37.489748,139.933301,6,0.418,-0.104,9.226,4.364
1425694561081,37.489744,139.933299,6,0.501,-0.18,9.434,4.341
1425694561182,37.489741,139.933297,6,0.55,-0.268,9.641,4.316
1425694561283,37.489737,139.933294,6,0.574,-0.231,9.521,4.291
1425694561383,37.489733,139.933292,6,0.553,-0.222,9.354,4.266
1425694561484,37.489729,139.933289,6,0.516,-0.161,9.19,4.25
1425694561585,37.489726,139.933284,6,0.451,-0.161,9.149,4.25
1425694561685,37.489722,139.93328,6,0.323,-0.16,9.28,4.25
1425694561781,37.489719,139.933276,6,0.24,-0.218,9.415,4.25
1425694561882,37.489716,139.933271,6,0.387,-0.267,9.709,4.25
1425694561983,37.489712,139.933267,6,0.634,-0.206,9.625,4.25
1425694562083,37.489709,139.933263,6,0.798,-0.162,9.398,4.25
1425694562184,37.489706,139.933258,6,0.727,-0.07,8.813,4.25
1425694562285,37.489702,139.933254,6,0.568,-0.016,8.645,4.25
1425694562385,37.489699,139.93325,6,0.508,-0.047,9.463,4.25
1425694562481,37.489696,139.933246,6,0.661,-0.06,10.246,4.25
1425694562582,37.489694,139.933242,6,0.909,0.069,9.964,4.25
1425694562682,37.489691,139.933238,6,1.037,0.16,9.323,4.25
1425694562783,37.489688,139.933234,6,1.038,0.186,9.181,4.25
1425694562884,37.489686,139.93323,6,1.123,0.215,9.19,4.25
1425694562984,37.489683,139.933226,6,1.22,0.15,9.323,4.25
1425694563085,37.48968,139.933222,6,1.234,0.124,9.587,4.25
1425694563181,37.489678,139.933218,6,1.15,0.112,9.581,4.25
1425694563282,37.489675,139.933214,6,0.904,0.14,9.502,4.25
1425694563382,37.489673,139.93321,6,0.704,0.038,9.611,4.25
1425694563483,37.48967,139.933206,4,0.581,0.065,9.054,4.266
1425694563584,37.489668,139.933201,4,0.51,0.072,8.839,4.314
1425694563685,37.489665,139.933196,4,0.542,0.024,9.341,4.363
1425694563785,37.489663,139.933192,4,0.712,0.058,9.191,4.411
1425694563881,37.48966,139.933187,4,0.89,0.096,9.036,4.459
1425694563982,37.489658,139.933182,4,0.888,0.09,9.314,4.509
1425694564082,37.489655,139.933177,4,0.883,-0.024,9.982,4.56
1425694564183,37.489652,139.933172,4,0.821,-0.22,10.131,4.611
1425694564284,37.48965,139.933167,4,0.617,-0.138,9.256,4.663
1425694564384,37.489647,139.933162,4,0.443,-0.133,8.745,4.715
1425694564485,37.489644,139.933157,4,0.335,-0.284,9.261,4.75
1425694564581,37.489643,139.933152,4,0.27,-0.235,9.088,4.75
1425694564681,37.489642,139.933147,4,0.324,-0.306,9.346,4.75
1425694564782,37.48964,139.933142,4,0.796,-0.408,10.073,4.75
1425694564883,37.489639,139.933137,4,1.066,-0.288,9.885,4.75
1425694564984,37.489637,139.933132,4,1.205,-0.283,9.622,4.75
1425694565084,37.489635,139.933127,4,1.136,-0.109,9.066,4.75
1425694565185,37.489634,139.933122,4,1.019,-0.134,8.772,4.75
1425694565281,37.489633,139.933117,4,0.948,-0.163,8.942,4.75
1425694565381,37.489631,139.933112,4,0.864,-0.28,9.595,4.75
1425694565482,37.48963,139.933108,5,0.883,-0.413,9.965,4.75
1425694565583,37.489629,139.933103,5,0.871,-0.31,9.562,4.75
1425694565684,37.489628,139.933098,5,0.792,-0.193,9.041,4.75
1425694565784,37.489627,139.933094,5,0.931,-0.206,8.977,4.75
1425694565885,37.489626,139.933089,5,1.17,-0.207,9.472,4.75
1425694565981,37.489625,139.933085,5,1.26,-0.248,10.093,4.75
1425694566081,37.489624,139.93308,5,1.191,-0.272,10.217,4.75
1425694566182,37.489623,139.933075,5,0.969,-0.172,9.736,4.75
1425694566283,37.489622,139.933071,5,0.839,0.138,8.708,4.75
1425694566383,37.489621,139.933066,5,0.65,0.221,8.369,4.75
1425694566484,37.48962,139.933061,5,0.446,0.202,9.129,4.75
1425694566585,37.489621,139.933056,5,0.38,0.025,9.874,4.75
1425694566686,37.489621,139.933051,5,0.474,-0.072,9.778,4.75
1425694566781,37.489621,139.933046,5,0.594,0.002,9.317,4.75
1425694566882,37.489622,139.933041,5,0.631,0.047,8.953,4.75
1425694566983,37.489622,139.933036,5,0.69,0.04,9.107,4.75
1425694567083,37.489623,139.933031,5,0.734,-0.007,9.569,4.75
1425694567184,37.489623,139.933026,5,0.597,0.023,9.656,4.75
1425694567285,37.489623,139.93302,5,0.32,0.013,9.628,4.75
1425694567385,37.489624,139.933015,5,0.088,-0.045,9.659,4.75
1425694567481,37.489624,139.93301,4,0.001,-0.007,9.314,4.75
1425694567582,37.489625,139.933005,4,-0.138,-0.109,9.367,4.75
1425694567683,37.489625,139.933,4,-0.421,-0.072,9.039,4.75
1425694567783,37.489625,139.932994,4,-0.654,-0.098,9.239,4.75
1425694567884,37.489626,139.932989,4,-0.713,-0.164,9.376,4.75
1425694567985,37.489626,139.932984,4,-0.72,-0.174,9.46,4.75
1425694568085,37.489627,139.932978,4,-0.665,-0.006,8.932,4.75
1425694568181,37.489627,139.932973,4,-0.557,-0.072,9.003,4.75
1425694568282,37.489627,139.932968,4,-0.339,-0.176,9.548,4.75
1425694568382,37.489628,139.932963,4,-0.122,-0.316,9.968,4.75
1425694568483,37.489628,139.932957,3,-0.17,-0.145,9.09,4.742
1425694568584,37.489628,139.932952,3,-0.267,0.004,8.429,4.716
1425694568685,37.489628,139.932947,3,-0.452,-0.04,8.932,4.69
1425694568785,37.489628,139.932941,3,-0.694,-0.217,10.004,4.665
1425694568881,37.489628,139.932936,3,-0.868,-0.164,9.788,4.641
1425694568982,37.489628,139.932931,3,-1.049,-0.089,9.264,4.615
1425694569082,37.489628,139.932926,3,-1.037,0.025,9.029,4.59
1425694569183,37.489628,139.932921,3,-1.017,0.051,8.809,4.565
1425694569284,37.489628,139.932915,3,-0.931,0.096,8.596,4.541
1425694569384,37.489628,139.93291,3,-0.833,0.065,9.083,4.516
1425694569485,37.489628,139.932905,4,-0.69,0.012,9.71,4.5
1425694569581,37.489628,139.9329,4,-0.517,-0.064,10.162,4.5
1425694569682,37.489628,139.932894,4,-0.356,0.019,9.689,4.5
1425694569782,37.489629,139.932889,4,-0.266,0.114,8.952,4.5
1425694569883,37.489629,139.932884,4,-0.287,0.057,9.118,4.5
1425694569984,37.489629,139.932878,4,-0.305,-0.056,9.833,4.5
1425694570084,37.489629,139.932873,4,-0.365,-0.149,10.21,4.5
1425694570185,37.489629,139.932867,4,-0.444,-0.019,9.544,4.5
1425694570281,37.48963,139.932862,4,-0.569,0.109,8.871,4.5
1425694570382,37.48963,139.932857,4,-0.733,0.184,8.835,4.5
1425694570482,37.48963,139.932851,4,-0.851,0.156,9.164,4.5
1425694570583,37.48963,139.932846,4,-0.829,0.104,9.41,4.5
1425694570684,37.48963,139.932841,4,-0.714,0.019,9.607,4.5
1425694570784,37.489629,139.932835,4,-0.568,0.017,9.665,4.5
1425694570885,37.489629,139.93283,4,-0.44,0.01,9.433,4.5
1425694570981,37.489629,139.932825,4,-0.382,0.013,9.095,4.5
1425694571082,37.489629,139.932819,4,-0.384,0.017,9.279,4.5
1425694571182,37.489629,139.932814,4,-0.371,-0.014,9.586,4.5
1425694571283,37.489628,139.932809,4,-0.389,-0.001,9.647,4.5
1425694571384,37.489628,139.932804,4,-0.495,0.055,9.207,4.5
1425694571484,37.489628,139.932798,4,-0.597,0.046,8.979,4.5
1425694571585,37.489627,139.932793,4,-0.622,0.046,9.111,4.5
1425694571681,37.489626,139.932788,4,-0.636,-0.026,9.415,4.5
1425694571781,37.489626,139.932782,4,-0.651,-0.095,9.635,4.5
1425694571882,37.489625,139.932777,4,-0.592,-0.08,9.548,4.5
1425694571983,37.489624,139.932772,4,-0.493,-0.08,9.505,4.5
1425694572083,37.489624,139.932766,4,-0.438,-0.039,9.391,4.5
1425694572184,37.489623,139.932761,4,-0.441,0.009,9.112,4.5
1425694572285,37.489622,139.932756,4,-0.563,0.012,9.225,4.5
1425694572381,37.489621,139.932751,4,-0.683,-0.025,9.405,4.5
1425694572481,37.489621,139.932745,4,-0.728,-0.103,9.377,4.5
1425694572582,37.48962,139.93274,4,-0.789,-0.155,9.168,4.5
1425694572683,37.489619,139.932734,4,-0.855,-0.235,9.151,4.5
1425694572783,37.489618,139.932729,4,-0.909,-0.352,9.392,4.5
1425694572884,37.489617,139.932723,4,-0.89,-0.396,9.366,4.5
1425694572985,37.489616,139.932718,4,-0.866,-0.414,9.237,4.5
1425694573081,37.489615,139.932712,4,-0.801,-0.405,9.319,4.5
1425694573186,37.489614,139.932707,4,-0.883,-0.436,9.366,4.5
1425694573282,37.489614,139.932701,4,-0.851,-0.493,9.557,4.5
1425694573381,37.489613,139.932696,4,-0.776,-0.51,9.549,4.5
1425694573483,37.489612,139.93269,4,-0.641,-0.49,9.559,4.5
1425694573582,37.489611,139.932685,4,-0.5,-0.45,9.327,4.5
1425694573685,37.489609,139.93268,4,-0.446,-0.437,9.173,4.5
1425694573784,37.489608,139.932675,4,-0.417,-0.431,9.188,4.5
1425694573881,37.489607,139.93267,4,-0.432,-0.449,9.435,4.5
1425694573982,37.489606,139.932665,4,-0.414,-0.426,9.358,4.5
1425694574083,37.489605,139.93266,4,-0.329,-0.39,9.096,4.5
1425694574183,37.489604,139.932655,4,-0.224,-0.397,9.211,4.5
1425694574284,37.489603,139.93265,4,0.011,-0.466,9.443,4.5
1425694574385,37.489602,139.932645,4,0.19,-0.547,9.879,4.5
1425694574485,37.489601,139.93264,4,0.384,-0.58,9.938,4.491
1425694574581,37.4896,139.932636,4,0.526,-0.535,9.538,4.466
1425694574682,37.489598,139.932631,4,0.588,-0.45,9.086,4.441
1425694574782,37.489597,139.932626,4,0.486,-0.388,8.932,4.415
1425694574883,37.489596,139.932621,4,0.278,-0.363,9.061,4.39
1425694574984,37.489595,139.932617,4,-0.02,-0.318,8.911,4.365
1425694575085,37.489594,139.932612,4,-0.199,-0.414,9.174,4.34
1425694575185,37.489593,139.932607,4,-0.222,-0.603,9.919,4.315
1425694575281,37.489592,139.932603,4,-0.272,-0.826,10.121,4.291
1425694575382,37.489591,139.932598,4,-0.247,-1.023,10.089,4.267
1425694575482,37.48959,139.932594,4,-0.264,-0.98,9.353,4.192
1425694575583,37.489589,139.93259,4,-0.348,-0.898,8.564,4.013
1425694575684,37.489588,139.932587,4,-0.406,-0.926,8.635,3.841
1425694575785,37.489587,139.932584,4,-0.392,-1.078,9.332,3.676
1425694575885,37.489587,139.932581,4,-0.328,-1.197,9.855,3.519
1425694575981,37.489586,139.932578,4,-0.295,-1.193,9.843,3.373
1425694576082,37.489585,139.932575,4,-0.313,-1.079,9.473,3.227
1425694576182,37.489585,139.932573,4,-0.413,-0.933,9.065,3.089
1425694576283,37.489584,139.93257,4,-0.528,-0.834,9.081,2.956
1425694576384,37.489583,139.932568,4,-0.593,-0.61,9.532,2.829
1425694576485,37.489583,139.932565,4,-0.558,-0.366,9.748,2.731
1425694576585,37.489582,139.932563,4,-0.365,-0.157,9.484,2.677
1425694576681,37.489582,139.932561,4,-0.118,-0.011,9.059,2.626
1425694576782,37.489581,139.932559,4,0.0,0.001,8.909,2.573
1425694576882,37.48958,139.932556,4,0.002,-0.006,9.178,2.522
1425694576983,37.48958,139.932554,4,-0.065,0.084,9.51,2.471
1425694577084,37.489579,139.932552,4,-0.125,0.377,9.783,2.421
1425694577185,37.489578,139.93255,4,-0.242,0.593,9.81,2.373
1425694577285,37.489578,139.932548,4,-0.43,0.872,9.497,2.326
1425694577381,37.489577,139.932546,4,-0.533,1.032,8.999,2.281
1425694577481,37.489577,139.932544,4,-0.574,1.109,8.643,2.25
1425694577582,37.489576,139.932541,4,-0.549,0.968,8.745,2.25
1425694577683,37.489576,139.932539,4,-0.516,0.632,9.349,2.25
1425694577784,37.489575,139.932536,4,-0.347,0.34,9.839,2.25
1425694577884,37.489575,139.932533,4,-0.128,0.165,9.949,2.25
1425694577985,37.489574,139.932531,4,0.004,0.118,9.622,2.25
1425694578081,37.489574,139.932528,4,-0.012,0.169,9.27,2.25
1425694578181,37.489573,139.932525,4,-0.156,0.178,8.998,2.25
1425694578282,37.489573,139.932523,4,-0.363,0.142,9.111,2.25
1425694578383,37.489572,139.93252,4,-0.502,0.095,9.426,2.25
1425694578484,37.489572,139.932517,4,-0.464,0.049,9.599,2.258
1425694578584,37.489571,139.932515,4,-0.316,0.063,9.479,2.282
1425694578685,37.489571,139.932512,4,-0.243,0.082,9.203,2.306
1425694578781,37.489571,139.932509,4,-0.183,0.11,9.156,2.33
1425694578881,37.48957,139.932507,4,-0.11,0.123,9.354,2.355
1425694578982,37.48957,139.932504,4,-0.088,0.148,9.43,2.38
1425694579083,37.48957,139.932501,4,-0.089,0.228,9.212,2.405
1425694579183,37.489569,139.932498,4,-0.182,0.309,9.013,2.431
1425694579284,37.489569,139.932496,4,-0.297,0.277,9.179,2.457
1425694579385,37.489568,139.932493,4,-0.376,0.25,9.396,2.483
1425694579486,37.489568,139.93249,3,-0.416,0.216,9.488,2.5
1425694579581,37.489568,139.932488,3,-0.346,0.242,9.506,2.5
1425694579682,37.489568,139.932485,3,-0.266,0.255,9.4,2.5
1425694579783,37.489567,139.932482,3,-0.339,0.261,9.321,2.5
1425694579883,37.489567,139.93248,3,-0.459,0.242,9.334,2.5
1425694579984,37.489567,139.932477,3,-0.427,0.226,9.441,2.5
1425694580085,37.489567,139.932474,3,-0.314,0.251,9.227,2.5
1425694580185,37.489567,139.932472,3,-0.145,0.249,9.076,2.5
1425694580281,37.489566,139.932469,3,-0.07,0.231,9.149,2.5
1425694580382,37.489566,139.932467,3,-0.096,0.209,9.433,2.5
1425694580483,37.489566,139.932464,3,-0.193,0.142,9.789,2.5
1425694580583,37.489566,139.932461,3,-0.265,0.128,9.83,2.5
1425694580684,37.489566,139.932458,3,-0.311,0.212,9.48,2.5
1425694580785,37.489565,139.932456,3,-0.319,0.317,9.094,2.5
1425694580885,37.489565,139.932453,3,-0.318,0.315,9.125,2.5
1425694580981,37.489565,139.93245,3,-0.289,0.257,9.335,2.5
1425694581082,37.489565,139.932447,3,-0.305,0.203,9.472,2.5
1425694581182,37.489565,139.932445,3,-0.295,0.268,9.336,2.5
1425694581283,37.489564,139.932442,3,-0.179,0.343,9.002,2.5
1425694581384,37.489564,139.932439,3,-0.136,0.369,8.808,2.5
1425694581485,37.489564,139.932436,3,-0.133,0.257,9.285,2.508
1425694581585,37.489564,139.932433,3,-0.1,0.237,9.826,2.532
1425694581681,37.489564,139.93243,3,-0.058,0.214,9.846,2.556
1425694581782,37.489564,139.932427,3,-0.062,0.2,9.568,2.58
1425694581882,37.489564,139.932424,3,-0.103,0.228,9.134,2.605
1425694581983,37.489564,139.932421,3,-0.146,0.261,9.105,2.63
1425694582084,37.489564,139.932418,3,-0.17,0.247,9.312,2.656
1425694582185,37.489564,139.932414,3,-0.167,0.191,9.371,2.681
1425694582285,37.489564,139.932411,3,-0.097,0.191,9.327,2.707
1425694582381,37.489564,139.932408,3,-0.1,0.196,9.425,2.732
1425694584380,37.489562,139.93234,4,-0.102,0.196,9.432,2.75
1425694584385,37.489562,139.93234,4,-0.1,0.193,9.437,2.75
1425694584481,37.489562,139.932337,4,0.289,0.021,9.484,2.75
1425694584581,37.489562,139.932334,4,0.52,-0.11,9.469,2.75
1425694584682,37.489562,139.932331,4,0.532,-0.164,9.37,2.75
1425694584783,37.489563,139.932328,4,0.486,-0.196,9.306,2.75
1425694584883,37.489563,139.932325,4,0.441,-0.195,9.289,2.75
1425694584984,37.489563,139.932322,4,0.458,-0.216,9.199,2.75
1425694585085,37.489563,139.932319,4,0.56,-0.264,9.261,2.75
1425694585181,37.489563,139.932316,4,0.688,-0.317,9.48,2.75
1425694585281,37.489564,139.932313,4,0.822,-0.338,9.478,2.75
1425694585382,37.489564,139.93231,4,0.883,-0.302,9.356,2.75
1425694585483,37.489565,139.932307,4,0.891,-0.311,9.388,2.75
1425694585583,37.489566,139.932303,4,0.918,-0.297,9.232,2.75
1425694585684,37.489568,139.932299,4,0.954,-0.311,9.081,2.75
1425694585785,37.489569,139.932296,4,1.048,-0.353,9.237,2.75
1425694585885,37.489571,139.932292,4,1.172,-0.426,9.384,2.75
1425694585981,37.489573,139.932288,4,1.317,-0.458,9.359,2.75
1425694586082,37.489574,139.932285,4,1.421,-0.537,9.39,2.75
1425694586183,37.489576,139.932281,4,1.454,-0.592,9.49,2.75
1425694586283,37.489577,139.932277,4,1.331,-0.596,9.432,2.75
1425694586384,37.489579,139.932273,4,1.126,-0.513,9.2,2.75
1425694586485,37.48958,139.93227,4,0.933,-0.482,9.108,2.75
1425694586585,37.489582,139.932267,4,0.879,-0.495,9.238,2.75
1425694586681,37.489583,139.932265,4,0.958,-0.532,9.44,2.75
1425694586782,37.489584,139.932262,4,1.134,-0.655,9.769,2.75
1425694586882,37.489586,139.93226,4,1.383,-0.72,9.738,2.75
1425694586983,37.489587,139.932257,4,1.535,-0.64,9.2,2.75
1425694587084,37.489588,139.932255,4,1.473,-0.572,8.934,2.75
1425694587185,37.48959,139.932252,4,1.39,-0.582,9.207,2.75
1425694587285,37.489591,139.932249,4,1.339,-0.614,9.475,2.75
1425694587381,37.489592,139.932247,4,1.298,-0.635,9.604,2.75
1425694587487,37.489593,139.932244,5,1.24,-0.647,9.543,2.75
1425694587582,37.489595,139.932242,5,1.256,-0.597,9.296,2.75
1425694587682,37.489596,139.932239,5,1.26,-0.561,9.037,2.75
1425694587784,37.489597,139.932236,5,1.193,-0.592,9.084,2.75
1425694587883,37.489598,139.932234,5,1.159,-0.626,9.242,2.75
1425694587985,37.489599,139.932231,5,1.204,-0.636,9.301,2.75
1425694588081,37.489601,139.932229,5,1.361,-0.705,9.577,2.75
1425694588182,37.489602,139.932226,5,1.56,-0.722,9.6,2.75
1425694588282,37.489603,139.932223,5,1.579,-0.635,9.158,2.75
1425694588383,37.489604,139.932221,5,1.476,-0.617,9.156,2.75
1425694588484,37.489606,139.932219,7,1.357,-0.603,9.378,2.75
1425694588584,37.48961,139.932219,7,1.29,-0.61,9.423,2.75
1425694588685,37.489614,139.932218,7,1.253,-0.611,9.267,2.75
1425694588781,37.489618,139.932218,7,1.173,-0.553,9.18,2.75
1425694588882,37.489621,139.932218,7,1.064,-0.511,9.292,2.75
1425694588982,37.489625,139.932217,7,0.989,-0.534,9.471,2.75
1425694589083,37.489629,139.932217,7,0.962,-0.608,9.604,2.75
1425694589184,37.489633,139.932217,7,1.002,-0.627,9.54,2.75
1425694589284,37.489637,139.932217,7,1.033,-0.616,9.547,2.75
1425694589385,37.489641,139.932216,7,1.04,-0.572,9.481,2.75
1425694589481,37.489644,139.932216,7,0.977,-0.492,9.23,2.75
1425694589582,37.489647,139.932216,7,0.862,-0.45,9.112,2.75
1425694589682,37.48965,139.932216,7,0.811,-0.387,9.131,2.75
1425694589783,37.489653,139.932216,7,0.82,-0.334,9.082,2.75
1425694589884,37.489656,139.932216,7,0.838,-0.313,9.358,2.75
1425694589984,37.489659,139.932216,7,0.792,-0.408,9.906,2.75
1425694590085,37.489662,139.932216,7,0.703,-0.42,9.798,2.75
1425694590181,37.489665,139.932216,7,0.579,-0.343,9.286,2.75
1425694590281,37.489668,139.932216,7,0.419,-0.238,8.943,2.75
1425694590382,37.489671,139.932216,7,0.284,-0.211,9.062,2.75
1425694590483,37.489674,139.932216,5,0.209,-0.248,9.397,2.75
1425694590584,37.489677,139.932217,5,0.22,-0.284,9.669,2.75
1425694590684,37.48968,139.932218,5,0.215,-0.261,9.607,2.75
1425694590785,37.489682,139.932219,5,0.158,-0.152,9.232,2.75
1425694590881,37.489685,139.932219,5,0.064,-0.062,8.982,2.75
1425694590981,37.489688,139.93222,5,0.006,-0.063,9.277,2.75
1425694591082,37.489691,139.932221,5,-0.012,-0.148,9.777,2.75
1425694591183,37.489694,139.932222,5,0.048,-0.13,9.668,2.75
1425694591283,37.489696,139.932223,5,0.179,-0.076,9.089,2.75
1425694591384,37.489699,139.932223,5,0.217,-0.016,8.832,2.75
1425694591485,37.489702,139.932224,6,0.096,0.01,9.044,2.75
1425694591581,37.489705,139.932226,6,-0.012,-0.009,9.349,2.75
1425694591681,37.489708,139.932227,6,-0.019,0.022,9.178,2.75
1425694591782,37.48971,139.932228,6,-0.012,-0.067,9.433,2.75
1425694591883,37.489713,139.93223,6,-0.027,-0.196,9.964,2.75
1425694591983,37.489716,139.932231,6,0.013,-0.193,9.942,2.75
1425694592084,37.489719,139.932233,6,0.133,-0.149,9.576,2.75
1425694592185,37.489722,139.932234,6,0.251,-0.061,9.211,2.75
1425694592286,37.489725,139.932235,6,0.233,-0.009,8.934,2.75
1425694592381,37.489728,139.932237,6,0.218,-0.016,8.942,2.75
1425694592482,37.48973,139.932238,6,0.187,-0.075,9.408,2.75
1425694592583,37.489733,139.932239,6,0.075,-0.166,9.822,2.75
1425694592683,37.489736,139.932241,6,-0.069,-0.068,9.679,2.75
1425694592784,37.489739,139.932242,6,-0.108,-0.017,9.429,2.75
1425694592885,37.489742,139.932243,6,-0.245,0.103,9.252,2.75
1425694592986,37.489745,139.932245,6,-0.168,0.132,9.015,2.75
1425694593081,37.489747,139.932246,6,0.119,0.193,8.809,2.75
1425694593182,37.48975,139.932247,6,0.266,0.13,8.964,2.75
1425694593283,37.489753,139.932249,6,0.227,-0.028,9.366,2.75
1425694593383,37.489756,139.93225,6,0.124,-0.139,9.785,2.75
1425694593484,37.489759,139.932251,6,0.016,-0.157,9.924,2.75
1425694593585,37.489762,139.932253,6,-0.063,-0.095,9.742,2.75
1425694593685,37.489765,139.932254,6,-0.054,-0.065,9.419,2.75
1425694593781,37.489768,139.932255,6,0.001,0.028,9.081,2.75
1425694593882,37.489771,139.932256,6,0.089,0.032,9.06,2.75
1425694593983,37.489775,139.932257,6,0.099,-0.013,9.317,2.75
1425694594083,37.489778,139.932259,6,0.029,-0.08,9.692,2.75
1425694594184,37.489781,139.93226,6,-0.011,-0.073,9.665,2.75
1425694594285,37.489784,139.932261,6,-0.067,0.025,9.202,2.75
1425694596379,37.48985,139.932286,4,-0.177,0.158,9.053,2.75
1425694598383,37.489912,139.932308,5,-0.182,0.171,9.065,2.75
1425694598484,37.489915,139.932309,5,-0.311,0.062,8.989,2.75
1425694598585,37.489918,139.93231,5,-0.353,-0.01,8.868,2.75
1425694598686,37.489921,139.932311,5,-0.234,-0.017,8.892,2.75
1425694598781,37.489924,139.932312,5,-0.07,-0.006,9.011,2.75
1425694598882,37.489927,139.932313,5,0.016,0.009,9.21,2.75
1425694598983,37.489929,139.932314,5,-0.001,0.085,9.208,2.75
1425694599083,37.489932,139.932315,5,-0.121,0.168,9.007,2.75
1425694599184,37.489935,139.932316,5,-0.331,0.206,9.012,2.75
1425694599285,37.489938,139.932317,5,-0.484,0.135,9.229,2.75
1425694599385,37.489941,139.932317,5,-0.534,0.176,9.475,2.75
1425694599481,37.489944,139.932318,5,-0.544,0.327,9.454,2.742
1425694599582,37.489947,139.932318,5,-0.558,0.521,9.319,2.716
1425694599683,37.489949,139.932318,5,-0.508,0.606,9.311,2.69
1425694599783,37.489952,139.932317,5,-0.36,0.605,9.68,2.664
1425694599884,37.489955,139.932317,5,-0.172,0.628,9.764,2.639
1425694599985,37.489957,139.932317,5,0.009,0.681,9.433,2.613
1425694600085,37.48996,139.932317,5,0.085,0.725,9.102,2.588
1425694600181,37.489962,139.932317,5,0.016,0.736,8.726,2.565
1425694600282,37.489965,139.932316,5,-0.144,0.633,8.603,2.54
1425694600382,37.489967,139.932316,5,-0.194,0.58,8.886,2.516
1425694600483,37.48997,139.932316,5,-0.146,0.443,9.443,2.5
1425694600584,37.489972,139.932314,5,-0.084,0.402,9.719,2.5
1425694600685,37.489974,139.932313,5,-0.033,0.433,9.444,2.5
1425694600785,37.489976,139.932311,5,-0.143,0.48,9.003,2.5
1425694600881,37.489978,139.93231,5,-0.27,0.482,9.096,2.5
1425694600982,37.48998,139.932309,5,-0.383,0.419,9.503,2.5
1425694601082,37.489982,139.932307,5,-0.387,0.416,9.591,2.5
1425694601183,37.489984,139.932306,5,-0.445,0.482,9.338,2.5
1425694601284,37.489987,139.932304,5,-0.636,0.522,9.094,2.5
1425694601384,37.489989,139.932303,5,-0.884,0.578,9.11,2.5
1425694603379,37.490019,139.932258,4,-0.893,0.582,9.13,2.5
1425694603384,37.490019,139.932258,4,-0.902,0.586,9.149,2.5
1425694603484,37.49002,139.932255,4,-1.148,0.534,9.357,2.5
1425694603585,37.490021,139.932252,4,-1.346,0.406,9.333,2.5
1425694603681,37.490022,139.932249,4,-1.425,0.405,9.416,2.5
1425694603781,37.490023,139.932246,4,-1.385,0.374,9.434,2.5
1425694603882,37.490023,139.932243,4,-1.268,0.396,9.192,2.5
1425694603983,37.490024,139.93224,4,-1.108,0.439,9.169,2.5
1425694604084,37.490025,139.932237,4,-0.925,0.426,9.155,2.5
1425694604184,37.490026,139.932234,4,-0.72,0.465,9.33,2.5
1425694604285,37.490027,139.932231,4,-0.489,0.46,9.359,2.5
1425694604381,37.490027,139.932228,4,-0.297,0.544,9.556,2.5
1425694608379,37.490036,139.932029,4,-0.29,0.544,9.566,4.232
1425694614381,37.490065,139.931559,4,-0.282,0.541,9.578,6.75
1425694614482,37.490066,139.931552,5,-0.091,0.366,9.593,6.75
1425694614582,37.490067,139.931544,5,0.019,0.217,9.625,6.75
1425694614683,37.490068,139.931537,5,0.099,0.212,9.505,6.75
1425694614784,37.490069,139.931529,5,0.052,0.132,9.288,6.75
1425694614884,37.49007,139.931521,5,0.052,0.19,9.291,6.75
1425694614985,37.490071,139.931514,5,0.054,0.214,9.22,6.75
1425694615081,37.490072,139.931507,5,0.078,0.221,9.432,6.75
1425694615181,37.490073,139.931499,5,0.036,0.246,9.349,6.75
1425694615282,37.490073,139.931492,5,0.015,0.295,9.218,6.75
1425694615383,37.490074,139.931484,5,0.065,0.289,9.433,6.75
1425694615484,37.490075,139.931476,6,0.102,0.257,9.572,6.758
1425694615584,37.490076,139.931466,6,0.119,0.315,9.553,6.783
1425694615685,37.490076,139.931457,6,0.093,0.393,9.253,6.808
1425694615781,37.490077,139.931448,6,0.083,0.453,9.166,6.832
1425694615886,37.490077,139.931438,6,0.065,0.471,9.37,6.858
1425694615982,37.490078,139.931429,6,0.063,0.466,9.399,6.882
1425694616081,37.490078,139.931419,6,0.067,0.45,9.26,6.907
1425694616184,37.490079,139.93141,6,0.035,0.289,9.151,6.933
1425694616283,37.490079,139.9314,6,0.013,-0.048,9.23,6.958
1425694616385,37.49008,139.93139,6,-0.023,-0.09,9.397,6.983
1425694616481,37.49008,139.931381,6,-0.033,-0.122,9.538,7.008
1425694616581,37.490082,139.931373,6,-0.086,-0.207,9.564,7.032
1425694616682,37.490083,139.931365,6,-0.12,-0.149,9.412,7.057
1425694616783,37.490084,139.931356,6,-0.117,-0.183,9.687,7.082
1425694616883,37.490086,139.931348,6,-0.118,-0.233,9.781,7.107
1425694616984,37.490087,139.931339,6,-0.088,-0.178,9.453,7.132
1425694617085,37.490088,139.93133,6,-0.038,-0.093,9.095,7.158
1425694617181,37.490089,139.931322,6,0.01,-0.033,9.032,7.182
1425694617281,37.490091,139.931314,6,0.019,-0.042,9.074,7.207
1425694617382,37.490092,139.931305,6,0.004,-0.1,9.276,7.233
1425694617483,37.490093,139.931296,4,0.025,-0.106,9.296,7.242
1425694617583,37.490094,139.931288,4,-0.011,-0.165,9.417,7.216
1425694617684,37.490095,139.931279,4,-0.025,-0.161,9.59,7.191
1425694617785,37.490095,139.931271,4,-0.037,-0.123,9.436,7.165
1425694617881,37.490096,139.931262,4,-0.03,-0.113,9.077,7.141
1425694617981,37.490097,139.931254,4,-0.068,-0.061,9.058,7.116
1425694618082,37.490097,139.931246,4,-0.026,-0.121,9.468,7.091
1425694618183,37.490098,139.931237,4,0.02,-0.213,9.722,7.066
1425694618283,37.490099,139.931229,4,0.071,-0.179,9.5,7.041
1425694618384,37.4901,139.93122,4,-0.006,0.023,8.46,7.016
1425694618485,37.4901,139.931212,4,0.212,-0.086,9.083,7.0
1425694618585,37.490101,139.931203,4,0.221,-0.347,10.554,7.0
1425694618681,37.490103,139.931195,4,0.275,-0.372,10.502,7.0
1425694618782,37.490104,139.931186,4,0.285,-0.24,9.56,7.0
1425694618883,37.490105,139.931178,4,0.177,-0.166,9.049,7.0
1425694618983,37.490106,139.931169,4,-0.013,-0.09,9.08,7.0
1425694619084,37.490107,139.93116,4,-0.091,-0.028,9.357,7.0
1425694619185,37.490108,139.931152,4,0.039,0.037,8.891,7.0
1425694619285,37.490109,139.931143,4,0.205,0.02,8.663,7.0
1425694619381,37.49011,139.931135,4,0.198,-0.112,9.164,7.0
1425694619482,37.490111,139.931126,4,0.111,-0.243,9.992,7.0
1425694619582,37.490112,139.931117,4,0.014,-0.189,10.136,7.0
1425694619683,37.490112,139.931108,4,-0.031,-0.08,9.422,7.0
1425694619784,37.490112,139.9311,4,-0.06,0.029,8.8,7.0
1425694619884,37.490113,139.931091,4,-0.037,0.014,8.926,7.0
1425694619985,37.490113,139.931082,4,0.014,-0.025,9.249,7.0
1425694620081,37.490114,139.931073,4,0.061,-0.087,9.515,7.0
1425694620182,37.490114,139.931065,4,0.125,-0.064,9.509,7.0
1425694620282,37.490114,139.931056,4,0.157,-0.034,9.37,7.0
1425694620383,37.490115,139.931047,4,0.186,-0.086,9.439,7.0
1425694620484,37.490115,139.931038,4,0.19,-0.039,9.313,7.0
1425694620584,37.490116,139.93103,4,0.139,-0.037,9.161,7.0
1425694620685,37.490117,139.931022,4,0.116,-0.015,9.209,7.0
1425694620781,37.490118,139.931015,4,0.145,-0.074,9.467,7.0
1425694620882,37.490118,139.931007,4,0.09,-0.051,9.266,7.0
1425694620982,37.490119,139.930999,4,0.236,-0.153,9.643,7.0
1425694621083,37.49012,139.930991,4,0.263,-0.101,9.328,7.0
1425694621184,37.490121,139.930983,4,0.31,-0.095,9.493,7.0
1425694621284,37.490122,139.930975,4,0.279,-0.127,9.591,7.0
1425694621385,37.490122,139.930967,4,0.218,-0.106,9.318,7.0
1425694621481,37.490123,139.93096,6,0.289,-0.127,9.302,7.0
1425694621582,37.490124,139.930952,6,0.42,0.006,9.594,7.0
1425694621682,37.490125,139.930944,6,0.381,-0.033,9.475,7.0
1425694621783,37.490126,139.930936,6,0.473,-0.025,9.453,7.0
1425694621884,37.490126,139.930929,6,0.475,-0.082,9.523,7.0
1425694621984,37.490127,139.930921,6,0.353,-0.117,9.493,7.0
1425694622085,37.490128,139.930913,6,0.261,-0.056,9.088,7.0
1425694622181,37.490129,139.930906,6,0.178,-0.032,9.144,7.0
1425694622281,37.49013,139.930898,6,0.106,-0.026,9.276,7.0
1425694622382,37.49013,139.93089,6,-0.02,-0.045,9.269,7.0
1425694622483,37.490131,139.930883,6,-0.108,-0.055,9.3,6.983
1425694622584,37.490132,139.930875,6,-0.099,-0.06,9.428,6.931
1425694622684,37.490132,139.930868,6,-0.048,-0.082,9.555,6.88
1425694622785,37.490133,139.930861,6,0.008,-0.055,9.372,6.828
1425694622881,37.490133,139.930854,6,0.081,-0.066,9.223,6.78
1425694622981,37.490134,139.930847,6,0.137,-0.036,9.342,6.73
1425694623082,37.490134,139.93084,6,0.147,-0.013,9.387,6.68
1425694623183,37.490135,139.930833,6,0.198,0.0,9.323,6.63
1425694623283,37.490135,139.930826,6,0.234,-0.01,9.352,6.581
1425694623384,37.490136,139.930819,6,0.262,0.129,8.79,6.532
1425694623485,37.490137,139.930813,6,0.24,0.027,9.158,6.5
1425694623585,37.490139,139.930807,6,0.225,-0.126,9.844,6.5
1425694623681,37.490141,139.930801,6,0.203,-0.095,9.75,6.5
1425694623782,37.490143,139.930794,6,0.211,-0.04,9.58,6.5
1425694623883,37.490146,139.930788,6,0.202,0.05,9.214,6.5
1425694623983,37.490148,139.930782,6,0.18,-0.072,9.59,6.5
1425694624084,37.49015,139.930776,6,0.142,0.035,9.672,6.5
1425694624185,37.490152,139.930769,6,0.106,0.106,9.255,6.5
1425694624285,37.490154,139.930763,6,0.068,0.121,9.082,6.5
1425694624381,37.490156,139.930757,6,0.149,0.105,9.348,6.5
1425694624482,37.490158,139.93075,6,0.142,0.058,9.376,6.5
1425694624583,37.490159,139.930741,6,0.104,0.084,9.364,6.5
1425694624683,37.49016,139.930733,6,0.14,0.109,9.014,6.5
1425694624784,37.490161,139.930724,6,0.124,0.12,8.977,6.5
1425694624885,37.490162,139.930715,6,0.052,0.078,9.295,6.5
1425694624985,37.490163,139.930706,6,-0.015,0.046,9.367,6.5
1425694625081,37.490164,139.930697,6,-0.103,0.056,9.133,6.5
1425694625182,37.490165,139.930689,6,-0.091,0.113,8.903,6.5
1425694625283,37.490166,139.93068,6,-0.162,-0.012,9.638,6.5
1425694625383,37.490166,139.930671,6,-0.223,-0.13,10.137,6.5
1425694625484,37.490167,139.930662,5,-0.039,-0.199,10.197,6.5
1425694625585,37.490168,139.930655,5,0.104,-0.06,9.656,6.5
1425694625685,37.490169,139.930647,5,0.076,0.056,9.111,6.5
1425694625781,37.490169,139.93064,5,0.11,0.106,8.979,6.5
1425694625882,37.49017,139.930633,5,0.226,0.084,9.185,6.5
1425694625982,37.490171,139.930625,5,0.352,-0.016,9.405,6.5
1425694626083,37.490171,139.930618,5,0.443,0.025,9.337,6.5
1425694626184,37.490172,139.93061,5,0.609,-0.076,9.552,6.5
1425694626285,37.490173,139.930602,5,0.55,0.032,9.306,6.5
1425694626385,37.490174,139.930595,5,0.328,0.088,9.16,6.5
1425694626481,37.490175,139.930587,8,0.25,0.055,9.256,6.522
1425694626582,37.490177,139.930578,8,0.215,0.057,9.349,6.594
1425694626682,37.49018,139.930568,8,0.201,0.029,9.302,6.667
1425694626783,37.490182,139.930559,8,0.186,0.024,9.287,6.741
1425694626884,37.490185,139.930549,8,0.077,0.003,9.242,6.815
1425694626984,37.490188,139.930539,8,0.162,-0.034,9.443,6.89
1425694627085,37.49019,139.930529,8,0.108,-0.062,9.66,6.967
1425694627181,37.490193,139.930519,8,0.048,0.049,9.294,7.04
1425694627282,37.490195,139.930509,8,0.111,-0.002,9.246,7.118
1425694627382,37.490198,139.930499,8,0.255,-0.031,9.161,7.196
1425694627483,37.4902,139.930489,8,0.381,0.004,8.892,7.242
1425694627584,37.4902,139.930481,8,0.274,0.01,9.429,7.216
1425694627684,37.4902,139.930472,8,0.43,-0.254,10.158,7.191
1425694627785,37.490201,139.930464,8,0.397,-0.174,9.696,7.165
1425694627881,37.490201,139.930455,8,0.396,-0.276,9.913,7.141
1425694627982,37.490201,139.930447,8,0.283,-0.177,10.074,7.116
1425694628082,37.490201,139.930439,8,0.216,-0.129,9.82,7.091
1425694628183,37.490201,139.93043,8,0.262,0.072,9.118,7.066
1425694628284,37.490202,139.930422,8,0.277,0.158,8.492,7.041
1425694628384,37.490202,139.930413,8,0.179,0.05,8.776,7.016
1425694628485,37.490202,139.930405,7,0.06,-0.033,9.287,7.0
1425694628581,37.490203,139.930398,7,0.068,-0.127,9.787,7.0
1425694628681,37.490205,139.93039,7,0.128,-0.294,10.089,7.0
1425694628782,37.490206,139.930381,7,0.259,-0.168,9.69,7.0
1425694628883,37.490207,139.930373,7,0.338,-0.107,9.499,7.0
1425694628984,37.490208,139.930365,7,0.407,-0.034,9.257,7.0
1425694629084,37.490209,139.930357,7,0.38,0.022,9.103,7.0
1425694629185,37.49021,139.930349,7,0.455,0.066,8.996,7.0
1425694629281,37.490211,139.930342,7,0.451,0.033,8.933,7.0
1425694629381,37.490212,139.930334,7,0.331,-0.137,9.42,7.0
1425694629482,37.490213,139.930326,7,0.259,-0.137,9.636,7.0
1425694629583,37.490213,139.930318,7,0.167,-0.104,9.423,7.0
1425694629683,37.490214,139.93031,7,0.057,-0.062,9.249,7.0
1425694629784,37.490214,139.930302,7,0.034,-0.111,9.423,7.0
1425694629885,37.490214,139.930294,7,-0.0,-0.142,9.66,7.0
1425694629986,37.490215,139.930286,7,0.053,-0.162,9.919,7.0
1425694630081,37.490215,139.930279,7,0.052,-0.147,9.723,7.0
1425694630187,37.490215,139.930271,7,0.054,-0.043,9.203,7.0
1425694630283,37.490215,139.930263,7,0.061,0.039,9.017,7.0
1425694630382,37.490216,139.930255,7,0.132,0.105,9.007,7.0
1425694630484,37.490217,139.930248,6,0.19,0.028,9.299,6.991
1425694630583,37.490219,139.93024,6,0.256,-0.055,9.573,6.966
1425694630685,37.490221,139.930233,6,0.25,-0.097,9.524,6.94
1425694630781,37.490223,139.930226,6,0.188,-0.076,9.398,6.916
1425694630882,37.490225,139.930219,6,0.098,-0.035,9.314,6.891
1425694630983,37.490227,139.930211,6,0.045,0.024,9.174,6.866
1425694631083,37.490229,139.930204,6,0.005,0.055,8.93,6.841
1425694631184,37.490231,139.930197,6,-0.005,0.018,8.981,6.816
1425694631285,37.490234,139.93019,6,0.054,-0.012,9.078,6.791
1425694631385,37.490236,139.930183,6,0.056,-0.099,9.362,6.766
1425694631481,37.490237,139.930177,7,0.092,-0.132,9.511,6.75
1425694631582,37.490237,139.930172,7,0.109,-0.233,9.718,6.75
1425694631683,37.490236,139.930168,7,0.162,-0.201,9.759,6.75
1425694631783,37.490236,139.930163,7,0.195,-0.122,9.525,6.75
1425694631884,37.490236,139.930158,7,0.208,-0.268,9.961,6.75
1425694631985,37.490235,139.930154,7,0.283,-0.19,9.536,6.75
1425694632085,37.490235,139.930149,7,0.159,0.035,8.772,6.75
1425694632181,37.490235,139.930145,7,0.053,-0.013,8.782,6.75
1425694632282,37.490234,139.930141,7,0.081,-0.011,9.209,6.75
1425694632382,37.490234,139.930136,7,0.025,-0.137,9.669,6.75
1425694632483,37.490234,139.93013,7,0.038,-0.186,9.345,6.75
1425694632584,37.490235,139.930123,7,0.044,-0.102,9.2,6.75
1425694632685,37.490236,139.930115,7,-0.091,0.006,9.054,6.75
1425694632785,37.490237,139.930108,7,-0.273,0.136,9.422,6.75
1425694632881,37.490238,139.9301,7,-0.305,0.05,9.795,6.75
1425694632982,37.490239,139.930093,7,-0.197,0.133,9.339,6.75
1425694633082,37.49024,139.930085,7,-0.165,0.243,8.827,6.75
1425694633183,37.490241,139.930077,7,-0.169,0.176,9.261,6.75
1425694633284,37.490242,139.93007,7,-0.159,0.162,9.767,6.75
1425694635379,37.49026,139.929911,4,-0.196,0.149,9.907,7.463
1425694635384,37.49026,139.929911,4,-0.192,0.154,9.885,7.466
1425694635484,37.490261,139.929902,4,-0.043,0.173,9.577,7.5
1425694635585,37.490262,139.929894,4,0.141,0.066,9.914,7.5
1425694635681,37.490263,139.929886,4,0.235,0.015,10.243,7.5
1425694635781,37.490264,139.929878,4,0.268,0.073,9.917,7.5
1425694635882,37.490264,139.92987,4,0.319,0.041,9.691,7.5
1425694635983,37.490265,139.929861,4,0.299,0.158,9.393,7.5
1425694636083,37.490266,139.929853,4,0.277,0.219,9.251,7.5
1425694636184,37.490267,139.929845,4,0.293,0.267,8.964,7.5
1425694636285,37.490268,139.929837,4,0.327,0.24,8.679,7.5
1425694636386,37.490268,139.929828,4,0.319,0.017,8.957,7.5
1425694636481,37.490269,139.92982,4,0.396,-0.157,9.455,7.5
1425694636582,37.49027,139.929811,4,0.384,-0.275,9.863,7.5
1425694636683,37.49027,139.929802,4,0.276,-0.227,9.614,7.5
1425694636783,37.490271,139.929793,4,0.189,-0.169,9.379,7.5
1425694636884,37.490272,139.929784,4,0.161,-0.102,9.474,7.5
1425694636985,37.490272,139.929775,4,0.203,-0.132,9.308,7.5
1425694637086,37.490273,139.929766,4,0.221,-0.119,9.245,7.5
1425694637181,37.490273,139.929758,4,0.313,-0.127,9.368,7.5
1425694637282,37.490274,139.929749,4,0.256,-0.21,9.827,7.5
1425694637383,37.490275,139.92974,4,0.229,-0.229,9.77,7.5
1425694637483,37.490276,139.929731,4,0.291,-0.18,9.342,7.508
1425694637584,37.490277,139.929723,4,0.325,-0.011,8.486,7.533
1425694637685,37.490279,139.929714,4,0.241,0.038,8.506,7.558
1425694637785,37.490281,139.929706,4,0.143,-0.052,9.17,7.583
1425694637881,37.490282,139.929697,4,0.084,-0.159,9.671,7.607
1425694637982,37.490284,139.929689,4,-0.058,-0.247,9.623,7.632
1425694638083,37.490286,139.92968,4,-0.148,-0.281,9.54,7.657
1425694638183,37.490287,139.929671,4,-0.101,-0.288,9.969,7.682
1425694638284,37.490289,139.929662,4,-0.012,-0.184,9.38,7.708
1425694638385,37.490291,139.929654,4,0.071,-0.079,9.156,7.734
1425694638485,37.490292,139.929645,4,0.167,-0.057,9.026,7.75
1425694638581,37.490293,139.929637,4,0.202,-0.137,9.341,7.75
1425694638682,37.490294,139.929628,4,0.234,-0.132,9.576,7.75
1425694638782,37.490295,139.92962,4,0.273,-0.173,9.569,7.75
1425694638883,37.490296,139.929611,4,0.364,-0.187,9.563,7.75
1425694638984,37.490297,139.929603,4,0.434,-0.161,9.432,7.75
1425694639085,37.490298,139.929594,4,0.45,-0.132,9.188,7.75
1425694639181,37.490299,139.929586,4,0.443,-0.133,9.231,7.75
1425694639281,37.4903,139.929577,4,0.376,-0.157,9.47,7.75
1425694639382,37.490301,139.929569,4,0.326,-0.173,9.463,7.75
1425694639482,37.490302,139.929561,4,0.3,-0.125,9.209,7.75
1425694639583,37.490303,139.929553,4,0.286,-0.138,9.142,7.75
1425694639684,37.490304,139.929545,4,0.277,-0.145,9.458,7.75
1425694639784,37.490305,139.929538,4,0.277,-0.083,9.5,7.75
1425694639885,37.490306,139.92953,4,0.306,0.156,9.453,7.75
1425694639981,37.490307,139.929523,4,0.303,0.249,9.284,7.75
1425694640082,37.490308,139.929515,4,0.264,0.326,9.186,7.75
1425694640182,37.490309,139.929507,4,0.236,0.295,9.279,7.75
1425694640283,37.49031,139.9295,4,0.223,0.342,9.416,7.75
1425694643380,37.490358,139.929225,5,0.227,0.389,9.568,8.232
1425694643385,37.490358,139.929224,5,0.227,0.39,9.574,8.234
1425694643485,37.490359,139.929215,5,0.228,0.185,9.699,8.246
1425694643581,37.490361,139.929206,5,0.168,-0.051,9.827,8.233
1425694643682,37.490362,139.929197,5,0.223,0.014,9.463,8.221
1425694643783,37.490363,139.929187,5,0.262,-0.15,9.588,8.208
1425694643883,37.490364,139.929178,5,0.205,-0.168,9.606,8.195
1425694643984,37.490366,139.929169,5,0.207,-0.147,9.496,8.182
1425694644085,37.490367,139.92916,5,0.233,-0.111,9.308,8.17
1425694644185,37.490368,139.92915,5,0.174,-0.205,9.33,8.157
1425694644286,37.49037,139.929141,5,0.139,-0.185,9.554,8.145
1425694644382,37.490371,139.929132,5,0.116,-0.204,9.396,8.133
1425694644481,37.490372,139.929123,5,0.128,-0.086,8.956,8.12
1425694644583,37.490373,139.929114,5,0.032,-0.043,8.634,8.107
1425694644682,37.490374,139.929105,5,0.032,-0.045,9.17,8.095
1425694644785,37.490376,139.929096,5,-0.04,-0.179,9.489,8.082
1425694644884,37.490377,139.929087,5,-0.089,-0.174,9.568,8.07
1425694644981,37.490378,139.929078,5,-0.1,-0.22,9.773,8.058
1425694645082,37.490379,139.929069,5,-0.082,-0.244,9.888,8.045
1425694645182,37.490381,139.92906,5,-0.047,-0.16,9.534,8.033
1425694645283,37.490382,139.929051,5,0.002,-0.057,8.978,8.021
1425694645384,37.490383,139.929042,5,0.135,0.0,8.843,8.008
1425694645485,37.490384,139.929033,4,0.208,-0.075,9.071,8.0
1425694645585,37.490385,139.929024,4,0.223,-0.123,9.201,8.0
1425694645681,37.490386,139.929016,4,0.262,-0.174,9.424,8.0
1425694645782,37.490387,139.929007,4,0.314,-0.229,9.836,8.0
1425694645882,37.490388,139.928998,4,0.239,-0.234,9.716,8.0
1425694645983,37.490389,139.92899,4,0.259,-0.164,9.324,8.0
1425694646084,37.49039,139.928981,4,0.199,-0.162,9.449,8.0
1425694646184,37.490391,139.928972,4,0.143,-0.221,9.843,8.0
1425694646285,37.490392,139.928963,4,0.081,-0.226,9.657,8.0
1425694646381,37.490393,139.928955,4,0.24,-0.125,9.157,8.0
1425694646481,37.490394,139.928946,6,0.333,-0.119,9.422,8.0
1425694646582,37.490395,139.928938,6,0.342,-0.056,9.401,8.0
1425694646683,37.490396,139.928929,6,0.32,-0.052,9.027,8.0
1425694646784,37.490397,139.92892,6,0.239,-0.077,8.902,8.0
1425694646884,37.490398,139.928911,6,0.125,-0.108,9.26,8.0
1425694646985,37.490399,139.928902,6,0.088,-0.15,9.378,8.0
1425694647081,37.4904,139.928894,6,0.042,-0.144,9.249,8.0
1425694647181,37.490401,139.928885,6,0.054,-0.191,9.261,8.0
1425694647282,37.490402,139.928877,6,0.063,-0.213,9.476,8.0
1425694647383,37.490403,139.928868,6,0.071,-0.168,9.339,8.0
1425694647484,37.490405,139.92886,7,0.057,-0.085,9.087,7.973
1425694647584,37.490407,139.928853,7,-0.017,-0.159,9.235,7.895
1425694647685,37.490409,139.928846,7,0.014,-0.153,9.41,7.817
1425694647781,37.490411,139.928839,7,0.13,-0.227,9.73,7.744
1425694647881,37.490413,139.928832,7,0.21,-0.284,9.789,7.668
1425694647982,37.490415,139.928826,7,0.224,-0.282,9.814,7.592
1425694648083,37.490418,139.928819,7,0.134,-0.222,9.586,7.517
1425694648184,37.49042,139.928812,7,-0.006,-0.172,9.474,7.442
1425694648285,37.490422,139.928806,7,-0.081,-0.106,9.374,7.369
1425694648385,37.490424,139.928799,7,-0.061,-0.057,9.025,7.297
1425694648481,37.490425,139.928792,7,0.049,-0.096,9.148,7.258
1425694648581,37.490426,139.928784,7,0.077,-0.167,9.324,7.282
1425694648682,37.490427,139.928775,7,0.136,-0.354,9.538,7.307
1425694648783,37.490427,139.928766,7,0.118,-0.379,9.879,7.332
1425694648883,37.490428,139.928757,7,0.203,-0.367,9.963,7.357
1425694648984,37.490429,139.928748,7,0.189,-0.232,9.592,7.382
1425694649085,37.490429,139.928739,7,0.187,-0.099,8.986,7.408
1425694649185,37.49043,139.928731,7,0.059,-0.147,8.77,7.433
1425694649281,37.490431,139.928722,7,0.204,0.042,8.975,7.457
1425694649382,37.490432,139.928713,7,0.184,-0.129,9.566,7.483
1425694649483,37.490432,139.928704,6,0.357,-0.038,8.94,7.492
1425694649583,37.490433,139.928695,6,0.286,0.136,9.011,7.466
1425694649684,37.490434,139.928685,6,0.182,0.062,9.437,7.441
1425694649785,37.490434,139.928676,6,0.065,-0.085,9.592,7.415
1425694649885,37.490435,139.928667,6,-0.046,-0.081,9.23,7.39
1425694649981,37.490436,139.928658,6,-0.096,-0.125,9.014,7.366
1425694650082,37.490436,139.928648,6,-0.07,-0.071,9.115,7.341
1425694650183,37.490437,139.928639,6,-0.053,-0.181,9.676,7.316
1425694650283,37.490438,139.92863,6,0.076,-0.154,9.774,7.291
1425694650384,37.490439,139.928621,6,0.12,-0.209,9.662,7.266
1425694650485,37.490439,139.928611,9,0.119,-0.193,9.665,7.25
1425694650585,37.490437,139.928599,9,0.191,-0.256,9.835,7.25
1425694650681,37.490436,139.928588,9,0.314,-0.169,9.48,7.25
1425694650782,37.490435,139.928576,9,0.297,-0.125,9.28,7.25
1425694650882,37.490433,139.928565,9,0.278,-0.057,8.918,7.25
1425694650983,37.490432,139.928553,9,0.302,0.001,8.787,7.25
1425694651084,37.490431,139.928541,9,0.287,-0.062,9.115,7.25
1425694651185,37.490429,139.92853,9,0.282,-0.203,9.581,7.25
1425694651286,37.490428,139.928518,9,0.266,-0.251,9.901,7.25
1425694651381,37.490427,139.928507,9,0.248,-0.153,9.435,7.25
1425694651482,37.490426,139.928497,9,0.188,-0.119,9.31,7.233
1425694651582,37.490426,139.928491,9,0.106,-0.114,9.478,7.182
1425694651683,37.490426,139.928485,9,0.077,-0.166,9.589,7.13
1425694651784,37.490426,139.928478,9,0.078,-0.117,9.254,7.079
1425694651885,37.490426,139.928472,9,0.086,-0.066,9.045,7.028
1425694651985,37.490425,139.928466,9,0.127,-0.083,9.159,6.978
1425694652081,37.490425,139.928461,9,0.148,-0.074,9.306,6.93
1425694652182,37.490425,139.928455,9,0.131,-0.086,9.378,6.88
1425694652282,37.490425,139.928449,9,0.114,-0.123,9.357,6.832
1425694652383,37.490425,139.928443,9,0.082,-0.11,9.165,6.782
1425694652484,37.490425,139.928436,5,0.056,-0.122,9.296,6.75
1425694652584,37.490426,139.928429,5,0.023,-0.128,9.373,6.75
1425694652685,37.490427,139.928421,5,0.025,-0.156,9.619,6.75
1425694652781,37.490428,139.928414,5,0.05,-0.182,9.694,6.75
1425694652881,37.490429,139.928406,5,0.014,-0.134,9.287,6.75
1425694652982,37.49043,139.928399,5,-0.067,-0.132,9.134,6.75
1425694653083,37.490431,139.928391,5,-0.137,-0.17,9.656,6.75
1425694653184,37.490432,139.928383,5,-0.129,-0.192,9.874,6.75
1425694653284,37.490433,139.928376,5,-0.092,-0.152,9.441,6.75
1425694653385,37.490434,139.928368,5,-0.028,-0.107,9.066,6.75
1425694653481,37.490435,139.928361,5,0.03,-0.056,8.984,6.75
1425694653581,37.490437,139.928355,5,0.052,-0.05,9.271,6.75
1425694653682,37.490438,139.928348,5,0.083,-0.107,9.467,6.75
1425694653783,37.490439,139.928342,5,0.158,-0.128,9.431,6.75
1425694653884,37.490441,139.928335,5,0.165,-0.171,9.519,6.75
1425694653984,37.490442,139.928329,5,0.117,-0.161,9.578,6.75
1425694654085,37.490443,139.928322,5,0.04,-0.111,9.425,6.75
1425694654181,37.490445,139.928316,5,-0.03,-0.064,9.267,6.75
1425694654281,37.490446,139.92831,5,-0.064,-0.056,9.262,6.75
1425694654382,37.490447,139.928303,5,-0.066,-0.065,9.21,6.75
1425694654483,37.490448,139.928297,5,-0.044,-0.086,9.308,6.75
1425694654583,37.490449,139.928289,5,-0.032,-0.108,9.5,6.75
1425694654684,37.49045,139.928281,5,0.015,-0.114,9.48,6.75
1425694654785,37.490451,139.928274,5,0.066,-0.073,9.25,6.75
1425694654881,37.490452,139.928267,5,0.085,-0.076,9.266,6.75
1425694654981,37.490453,139.928259,5,0.042,-0.145,9.661,6.75
1425694655082,37.490454,139.928252,5,0.007,-0.121,9.377,6.75
1425694655183,37.490455,139.928244,5,-0.032,-0.052,9.016,6.75
1425694655283,37.490456,139.928237,5,-0.062,-0.062,9.126,6.75
1425694655384,37.490456,139.928229,5,-0.053,-0.095,9.328,6.75
1425694655485,37.490457,139.928221,4,-0.019,-0.157,9.556,6.75
1425694655586,37.490459,139.928214,4,0.079,-0.189,9.661,6.75
1425694655681,37.49046,139.928207,4,0.149,-0.142,9.418,6.75
1425694655782,37.490461,139.928199,4,0.185,-0.155,9.533,6.75
1425694655883,37.490462,139.928192,4,-0.011,-0.054,9.381,6.75
1425694655983,37.490463,139.928185,4,-0.099,0.02,8.918,6.75
1425694656084,37.490464,139.928177,4,-0.145,0.052,8.823,6.75
1425694656185,37.490465,139.92817,4,-0.096,-0.039,9.306,6.75
1425694656285,37.490466,139.928162,4,-0.086,-0.15,9.799,6.75
1425694656381,37.490467,139.928155,4,-0.046,-0.238,9.872,6.75
1425694656482,37.490468,139.928148,5,0.032,-0.117,9.42,6.75
1425694656583,37.490469,139.92814,5,0.038,-0.076,9.121,6.75
1425694656683,37.49047,139.928133,5,-0.048,-0.072,9.278,6.75
1425694656784,37.490471,139.928125,5,-0.119,-0.05,9.536,6.75
1425694656885,37.490472,139.928118,5,-0.142,-0.069,9.392,6.75
1425694656985,37.490473,139.92811,5,-0.13,-0.091,9.248,6.75
1425694657081,37.490474,139.928103,5,-0.039,-0.069,9.243,6.75
1425694657182,37.490475,139.928096,5,-0.005,-0.081,9.267,6.75
1425694657282,37.490475,139.928088,5,0.011,-0.098,9.383,6.75
1425694657383,37.490476,139.928081,5,-0.011,-0.129,9.533,6.75
1425694657484,37.490477,139.928073,5,0.025,-0.113,9.495,6.732
1425694657585,37.490477,139.928065,5,0.02,-0.057,9.194,6.68
1425694657685,37.490477,139.928057,5,-0.034,-0.084,9.236,6.629
1425694657781,37.490476,139.928049,5,-0.024,-0.102,9.444,6.58
1425694657882,37.490476,139.928041,5,-0.006,-0.091,9.456,6.529
1425694657982,37.490476,139.928033,5,0.005,-0.055,9.218,6.479
1425694658083,37.490476,139.928025,5,-0.019,-0.106,9.332,6.429
1425694658184,37.490476,139.928017,5,0.0,-0.137,9.573,6.379
1425694658285,37.490475,139.92801,5,0.027,-0.14,9.513,6.33
1425694658385,37.490475,139.928002,5,0.045,-0.09,9.328,6.281
1425694658481,37.490475,139.927995,5,0.055,-0.082,9.246,6.25
1425694658587,37.490477,139.927989,5,0.116,-0.099,9.352,6.25
1425694658682,37.490478,139.927984,5,0.171,-0.076,9.409,6.25
1425694658781,37.490479,139.927978,5,0.232,-0.126,9.446,6.25
1425694658884,37.490481,139.927972,5,0.321,-0.115,9.484,6.25
1425694658983,37.490482,139.927966,5,0.391,-0.068,9.405,6.25
1425694659085,37.490483,139.92796,5,0.381,-0.074,9.295,6.25
1425694659181,37.490485,139.927955,5,0.389,-0.083,9.242,6.25
1425694659281,37.490486,139.927949,5,0.345,-0.119,9.439,6.25
1425694659382,37.490487,139.927943,5,0.321,-0.103,9.347,6.25
1425694659483,37.490488,139.927937,5,0.286,-0.11,9.136,6.25
1425694659584,37.490489,139.92793,5,0.288,-0.114,9.157,6.25
1425694659684,37.49049,139.927923,5,0.291,-0.068,9.071,6.25
1425694659785,37.49049,139.927916,5,0.343,-0.105,9.206,6.25
1425694659881,37.490491,139.927909,5,0.369,-0.164,9.608,6.25
1425694659981,37.490492,139.927902,5,0.356,-0.184,9.679,6.25
1425694660082,37.490492,139.927895,5,0.287,-0.176,9.546,6.25
1425694660183,37.490493,139.927888,5,0.273,-0.143,9.362,6.25
1425694660284,37.490494,139.927881,5,0.258,-0.124,9.349,6.25
1425694660384,37.490495,139.927875,5,0.297,-0.119,9.438,6.25
1425694660485,37.490495,139.927868,5,0.342,-0.144,9.504,6.25
1425694660581,37.490496,139.927861,5,0.358,-0.128,9.402,6.25
1425694660681,37.490496,139.927854,5,0.31,-0.122,9.259,6.25
1425694660782,37.490497,139.927847,5,0.243,-0.136,9.432,6.25
1425694660883,37.490498,139.92784,5,0.211,-0.163,9.717,6.25
1425694660983,37.490498,139.927833,5,0.241,-0.163,9.594,6.25
1425694661084,37.490499,139.927826,5,0.279,-0.09,9.39,6.25
1425694661185,37.490499,139.927819,5,0.263,-0.064,9.249,6.25
1425694661281,37.4905,139.927812,5,0.297,-0.06,9.165,6.25
1425694661381,37.490501,139.927805,5,0.293,-0.068,9.257,6.25
1425694661482,37.490502,139.927798,7,0.285,-0.027,9.156,6.242
1425694661583,37.490504,139.92779,7,0.303,-0.05,9.058,6.216
1425694661683,37.490506,139.927783,7,0.381,-0.046,9.107,6.191
1425694661784,37.490508,139.927775,7,0.476,-0.134,9.421,6.165
1425694661885,37.490511,139.927768,7,0.477,-0.153,9.649,6.14
1425694661981,37.490513,139.927761,7,0.403,-0.192,9.744,6.116
1425694662081,37.490515,139.927754,7,0.358,-0.134,9.485,6.091
1425694662182,37.490517,139.927746,7,0.31,-0.1,9.373,6.066
1425694662283,37.490519,139.927739,7,0.212,-0.036,9.137,6.041
1425694662383,37.490522,139.927732,7,0.234,-0.044,9.302,6.016
1425694662484,37.490523,139.927725,7,0.248,-0.043,9.434,6.0
1425694662585,37.490524,139.927718,7,0.257,0.091,9.647,6.0
1425694662685,37.490525,139.927712,7,0.215,0.133,9.551,6.0
1425694662781,37.490526,139.927705,7,0.2,0.207,9.306,6.0
1425694662882,37.490527,139.927699,7,0.188,0.248,9.145,6.0
1425694662983,37.490528,139.927692,7,0.217,0.239,9.448,6.0
1425694663083,37.490529,139.927686,7,0.181,0.178,9.783,6.0
1425694663184,37.49053,139.927679,7,0.156,0.216,9.428,6.0
1425694663285,37.490531,139.927673,7,0.15,0.288,9.159,6.0
1425694663385,37.490531,139.927666,7,0.192,0.233,9.42,6.0
1425694663481,37.490532,139.92766,7,0.208,0.169,9.621,6.0
1425694663582,37.490533,139.927653,7,0.192,0.226,9.308,6.0
1425694663682,37.490534,139.927647,7,0.199,0.255,9.086,6.0
1425694663783,37.490535,139.92764,7,0.211,0.251,9.186,6.0
1425694663884,37.490536,139.927634,7,0.159,0.217,9.421,6.0
1425694663985,37.490537,139.927627,7,0.134,0.177,9.448,6.0
1425694664085,37.490538,139.927621,7,0.093,0.193,9.303,6.0
1425694664181,37.490539,139.927614,7,0.057,0.156,9.091,6.0
1425694664282,37.490539,139.927608,7,-0.037,0.067,9.326,6.0
1425694664382,37.49054,139.927601,7,0.056,0.061,9.645,6.0
1425694664483,37.490541,139.927595,6,0.162,0.045,9.592,6.0
1425694664584,37.490542,139.927588,6,0.248,0.125,9.221,6.0
1425694664684,37.490543,139.927581,6,0.202,0.117,9.269,6.0
1425694664785,37.490543,139.927575,6,0.15,0.058,9.176,6.0
1425694664881,37.490544,139.927568,6,0.055,0.086,9.22,6.0
1425694664982,37.490545,139.927561,6,0.016,-0.005,9.321,6.0
1425694665082,37.490545,139.927555,6,-0.042,-0.015,9.649,6.0
1425694665183,37.490546,139.927548,6,-0.043,-0.06,9.491,6.0
1425694665284,37.490547,139.927541,6,-0.013,-0.07,9.46,6.0
1425694670380,37.490595,139.927163,14,0.014,-0.027,9.412,6.034
1425694672379,37.490577,139.927028,9,0.011,-0.033,9.416,5.767
1425694672384,37.490577,139.927027,9,0.008,-0.045,9.428,5.766
1425694672484,37.490578,139.927021,9,0.207,-0.234,9.949,5.75
1425694672585,37.490582,139.927014,9,0.41,-0.172,9.492,5.75
1425694672686,37.490586,139.927008,9,0.561,-0.153,9.4,5.75
1425694672781,37.490589,139.927001,9,0.685,-0.204,9.821,5.75
1425694672881,37.490593,139.926995,9,0.667,-0.079,9.341,5.75
1425694672983,37.490596,139.926988,9,0.618,-0.049,9.189,5.75
1425694673082,37.4906,139.926982,9,0.598,-0.04,9.249,5.75
1425694673184,37.490603,139.926975,9,0.572,0.026,9.033,5.75
1425694673283,37.490607,139.926969,9,0.561,-0.056,9.156,5.75
1425694673381,37.490611,139.926962,9,0.577,-0.161,9.633,5.75
1425694673481,37.490614,139.926956,9,0.549,-0.219,9.606,5.75
1425694673582,37.490615,139.926949,9,0.485,-0.135,9.439,5.75
1425694673683,37.490617,139.926943,9,0.351,-0.11,9.388,5.75
1425694673783,37.490619,139.926936,9,0.193,-0.101,9.407,5.75
1425694673884,37.490621,139.92693,9,0.108,-0.086,9.391,5.75
1425694673985,37.490623,139.926923,9,0.117,-0.108,9.381,5.75
1425694674081,37.490624,139.926917,9,0.119,-0.068,9.203,5.75
1425694674181,37.490626,139.92691,9,0.117,-0.038,9.258,5.75
1425694674282,37.490628,139.926904,9,0.13,-0.02,9.239,5.75
1425694674383,37.49063,139.926897,9,-0.061,-0.092,9.481,5.75
1425694674483,37.490631,139.926891,5,-0.199,-0.131,9.536,5.75
1425694674584,37.490632,139.926883,5,-0.316,-0.116,9.44,5.75
1425694674685,37.490633,139.926876,5,-0.367,-0.128,9.658,5.75
1425694674781,37.490634,139.92687,5,-0.367,-0.14,9.75,5.75
1425694674881,37.490634,139.926862,5,-0.308,-0.094,9.385,5.75
1425694674982,37.490635,139.926855,5,-0.137,-0.061,9.437,5.75
1425694675083,37.490636,139.926848,5,-0.157,0.005,9.235,5.75
1425694675183,37.490637,139.926841,5,-0.278,0.058,9.045,5.75
1425694675284,37.490638,139.926834,5,-0.492,0.023,9.142,5.75
1425694675385,37.490638,139.926827,5,-0.678,0.014,9.173,5.75
1425694675485,37.490639,139.92682,5,-0.564,0.192,8.95,5.759
1425694675581,37.490641,139.926813,5,-0.472,0.133,9.12,5.782
1425694675682,37.490642,139.926806,5,-0.264,0.076,9.805,5.807
1425694675782,37.490643,139.9268,5,-0.104,0.071,10.226,5.832
1425694675883,37.490645,139.926793,5,-0.073,0.08,9.993,5.857
1425694675984,37.490646,139.926786,5,-0.117,0.257,9.562,5.882
1425694676085,37.490647,139.926779,5,-0.182,0.325,9.019,5.908
1425694676185,37.490648,139.926772,5,-0.257,0.396,9.019,5.933
1425694676281,37.49065,139.926766,5,-0.3,0.406,9.187,5.957
1425694676382,37.490651,139.926759,5,-0.293,0.428,9.076,5.983
1425694678381,37.490661,139.926603,4,-0.286,0.424,9.059,6.5
1425694678481,37.490662,139.926596,4,-0.054,0.241,9.175,6.515
1425694678582,37.490663,139.926588,4,0.055,0.088,9.374,6.564
1425694678683,37.490663,139.92658,4,0.064,-0.066,9.547,6.613
1425694678784,37.490664,139.926572,4,0.084,-0.075,9.439,6.663
1425694678884,37.490665,139.926564,4,0.077,-0.066,9.258,6.712
1425694678985,37.490665,139.926555,4,0.062,-0.089,9.298,6.763
1425694679081,37.490666,139.926548,4,0.059,-0.095,9.369,6.811
1425694679181,37.490666,139.926539,4,0.045,-0.098,9.389,6.862
1425694679282,37.490667,139.926531,4,0.027,-0.101,9.286,6.913
1425694679383,37.490668,139.926523,4,0.055,-0.144,9.436,6.965
1425694679484,37.490668,139.926514,4,-0.059,-0.132,9.223,6.991
1425694679584,37.490669,139.926507,4,-0.151,-0.086,9.103,6.966
1425694679685,37.49067,139.9265,4,-0.27,-0.01,8.756,6.94
1425694679781,37.49067,139.926493,4,-0.289,-0.027,8.978,6.916
1425694679881,37.490671,139.926485,4,-0.37,-0.015,8.877,6.891
1425694679982,37.490672,139.926478,4,-0.189,-0.253,9.735,6.866
1425694680083,37.490672,139.92647,4,-0.052,-0.474,10.891,6.841
1425694680183,37.490673,139.926463,4,-0.084,-0.427,10.477,6.816
1425694680284,37.490674,139.926456,4,-0.077,-0.225,9.21,6.791
1425694680385,37.490675,139.926449,4,0.115,-0.021,9.087,6.766
1425694680481,37.490675,139.926442,4,0.213,-0.047,9.592,6.758
1425694680581,37.490675,139.926434,4,0.268,0.067,9.786,6.782
1425694680682,37.490675,139.926426,4,0.372,0.181,9.095,6.807
1425694680783,37.490676,139.926419,4,0.523,0.225,8.709,6.832
1425694680883,37.490676,139.926411,4,0.419,0.191,9.208,6.857
1425694680984,37.490676,139.926403,4,0.304,0.105,9.908,6.882
1425694681085,37.490676,139.926395,4,0.244,0.184,9.723,6.908
1425694681181,37.490676,139.926388,4,0.227,0.233,8.904,6.932
1425694681281,37.490677,139.92638,4,0.374,0.174,8.733,6.957
1425694681382,37.490677,139.926372,4,0.404,-0.079,9.449,6.983
1425694681483,37.490677,139.926365,5,0.419,-0.202,10.035,7.0
1425694681583,37.490677,139.926358,5,0.49,-0.187,9.985,7.0
1425694681684,37.490677,139.926352,5,0.649,-0.156,9.377,7.0
1425694681785,37.490676,139.926345,5,0.863,-0.118,9.178,7.0
1425694681885,37.490676,139.926338,5,1.042,-0.104,9.328,7.0
1425694681982,37.490676,139.926332,5,1.155,-0.123,9.168,7.0
1425694682082,37.490676,139.926325,5,1.139,-0.127,9.258,7.0
1425694682183,37.490676,139.926319,5,1.03,-0.165,9.353,7.0
1425694682283,37.490675,139.926312,5,0.908,-0.139,9.22,7.0
1425694682384,37.490675,139.926305,5,0.771,-0.123,9.043,7.0
1425694682485,37.490675,139.926298,5,0.734,-0.188,9.233,7.0
1425694682585,37.490676,139.92629,5,0.711,-0.229,9.634,7.0
1425694682681,37.490676,139.926283,5,0.667,-0.242,9.584,7.0
1425694682782,37.490677,139.926275,5,0.57,-0.173,9.212,7.0
1425694682882,37.490678,139.926267,5,0.501,-0.12,9.156,7.0
1425694682983,37.490678,139.926259,5,0.506,-0.093,9.2,7.0
1425694683084,37.490679,139.926252,5,0.422,-0.12,9.307,7.0
1425694683185,37.490679,139.926244,5,0.275,-0.2,9.64,7.0
1425694683285,37.49068,139.926236,5,0.17,-0.261,9.707,7.0
1425694683381,37.490681,139.926228,5,0.079,-0.205,9.572,7.0
1425694683482,37.490681,139.926221,4,0.04,-0.145,9.395,7.0
1425694683582,37.490682,139.926213,4,0.031,-0.185,9.531,7.0
1425694683683,37.490682,139.926205,4,0.075,-0.169,9.575,7.0
1425694683784,37.490682,139.926198,4,0.16,-0.065,9.193,7.0
1425694683885,37.490683,139.92619,4,0.172,-0.003,9.184,7.0
1425694683985,37.490683,139.926182,4,0.117,0.184,9.425,7.0
1425694684081,37.490684,139.926175,4,0.082,0.309,9.302,7.0
1425694684182,37.490684,139.926167,4,0.033,0.301,9.006,7.0
1425694684282,37.490684,139.92616,4,0.037,0.315,9.281,7.0
1425694684383,37.490685,139.926152,4,0.067,0.181,9.638,7.0
1425694686382,37.490698,139.925986,4,0.059,0.159,9.664,7.25
1425694686483,37.490698,139.925977,4,-0.019,0.025,9.692,7.25
1425694686584,37.490699,139.925968,4,-0.04,-0.015,9.255,7.25
1425694686684,37.4907,139.925959,4,0.013,0.01,9.023,7.25
1425694686785,37.490701,139.925951,4,0.119,-0.01,9.392,7.25
1425694686881,37.490702,139.925942,4,0.194,-0.049,9.797,7.25
1425694686986,37.490703,139.925933,4,0.267,-0.077,9.741,7.25
1425694687082,37.490704,139.925924,4,0.251,-0.022,9.35,7.25
1425694687181,37.490705,139.925916,4,0.232,0.025,9.073,7.25
1425694687283,37.490705,139.925907,4,0.174,-0.015,9.381,7.25
1425694687382,37.490706,139.925898,4,0.141,-0.046,9.603,7.25
1425694687485,37.490707,139.925889,4,0.05,-0.011,9.578,7.25
1425694687584,37.490708,139.925881,4,-0.041,0.001,9.431,7.25
1425694687681,37.490709,139.925873,4,-0.056,-0.016,9.327,7.25
1425694687782,37.49071,139.925865,4,-0.056,-0.057,9.355,7.25
1425694687883,37.49071,139.925856,4,-0.036,0.033,9.092,7.25
1425694687983,37.490711,139.925848,4,-0.099,-0.019,9.184,7.25
1425694688084,37.490712,139.92584,4,-0.102,-0.063,9.461,7.25
1425694688185,37.490713,139.925832,4,-0.196,-0.091,9.653,7.25
1425694688286,37.490714,139.925823,4,-0.247,-0.132,9.388,7.25
1425694688381,37.490714,139.925816,4,-0.24,-0.041,9.127,7.25
1425694688482,37.490715,139.925807,3,-0.251,-0.057,9.339,7.242
1425694688583,37.490716,139.925799,3,-0.257,-0.106,9.527,7.216
1425694688683,37.490717,139.925791,3,-0.327,-0.112,9.536,7.191
1425694688784,37.490717,139.925783,3,-0.367,-0.099,9.366,7.166
1425694688885,37.490718,139.925774,3,-0.366,-0.093,9.264,7.14
1425694688985,37.490719,139.925766,3,-0.288,-0.062,9.432,7.115
1425694689081,37.490719,139.925759,3,-0.2,-0.089,9.43,7.091
1425694689182,37.49072,139.92575,3,-0.125,-0.064,9.249,7.066
1425694689282,37.490721,139.925742,3,-0.065,-0.06,9.141,7.041
1425694689383,37.490722,139.925734,3,-0.009,0.022,8.91,7.016
1425694689484,37.490722,139.925726,4,-0.11,0.051,9.058,7.0
1425694689585,37.490723,139.925718,4,-0.24,-0.069,9.562,7.0
1425694689685,37.490724,139.925709,4,-0.167,-0.157,9.553,7.0
1425694689781,37.490725,139.925702,4,-0.048,-0.189,9.98,7.0
1425694689882,37.490726,139.925693,4,0.0,-0.106,9.83,7.0
1425694689982,37.490727,139.925685,4,-0.036,-0.081,9.483,7.0
1425694690083,37.490728,139.925676,4,-0.032,0.022,9.331,7.0
1425694690184,37.490729,139.925668,4,-0.049,0.093,9.142,7.0
1425694690284,37.49073,139.92566,4,-0.168,-0.068,8.89,7.0
1425694690385,37.49073,139.925651,4,-0.24,0.176,8.698,7.0
1425694690481,37.490731,139.925644,4,-0.321,0.151,8.786,7.008
1425694690582,37.490733,139.925635,4,-0.248,0.023,10.123,7.032
1425694690682,37.490734,139.925627,4,-0.198,0.05,10.493,7.057
1425694690783,37.490736,139.925619,4,-0.126,0.037,10.208,7.082
1425694690884,37.490737,139.925611,4,-0.1,0.229,9.57,7.107
1425694690984,37.490738,139.925603,4,-0.068,0.294,9.164,7.132
1425694691085,37.49074,139.925595,4,-0.338,0.431,8.638,7.158
1425694691181,37.490741,139.925587,4,-0.323,0.451,8.789,7.182
1425694691281,37.490743,139.925579,4,-0.337,0.457,9.035,7.207
1425694691382,37.490744,139.925571,4,-0.235,0.285,9.289,7.233
1425694691483,37.490745,139.925562,4,-0.083,0.274,9.463,7.258
1425694691584,37.490746,139.925554,4,0.122,0.15,9.711,7.283
1425694691684,37.490747,139.925545,4,0.347,0.047,9.904,7.308
1425694691785,37.490748,139.925537,4,0.387,0.061,9.541,7.333
1425694691881,37.490748,139.925528,4,0.392,0.009,9.0,7.357
1425694691981,37.490749,139.92552,4,0.325,-0.051,8.713,7.382
1425694692082,37.49075,139.925511,4,0.212,-0.128,9.46,7.407
1425694692183,37.490751,139.925502,4,0.078,-0.241,10.009,7.432
1425694692284,37.490752,139.925493,4,-0.032,-0.165,9.603,7.458
1425694692384,37.490752,139.925485,4,-0.128,-0.069,9.077,7.483
1425694692485,37.490753,139.925476,4,-0.172,-0.086,9.189,7.5
1425694692581,37.490754,139.925468,4,-0.169,-0.145,9.769,7.5
1425694692681,37.490755,139.92546,4,-0.281,-0.124,9.525,7.5
1425694692782,37.490756,139.925451,4,-0.249,-0.146,9.286,7.5
1425694692883,37.490757,139.925443,4,-0.204,-0.147,9.404,7.5
1425694692984,37.490758,139.925434,4,-0.245,-0.09,9.248,7.5
1425694693084,37.490759,139.925426,4,-0.292,0.008,8.989,7.5
1425694693185,37.49076,139.925417,4,-0.227,-0.036,9.103,7.5
1425694693281,37.49076,139.925409,4,-0.179,-0.135,9.514,7.5
1425694693381,37.490761,139.925401,4,-0.168,-0.123,9.633,7.5
1425694693482,37.490762,139.925392,4,-0.232,-0.116,9.441,7.492
1425694693583,37.490763,139.925383,4,-0.332,-0.035,9.285,7.466
1425694693683,37.490763,139.925374,4,-0.456,0.039,9.362,7.441
1425694693784,37.490764,139.925366,4,-0.476,0.184,9.318,7.416
1425694693885,37.490764,139.925357,4,-0.398,0.218,9.113,7.39
1425694693981,37.490765,139.925348,4,-0.341,0.243,9.331,7.366
1425694694081,37.490765,139.92534,4,-0.272,0.18,9.691,7.341
1425694694182,37.490766,139.925331,4,-0.208,0.218,9.605,7.316
1425694694283,37.490766,139.925322,4,-0.186,0.253,9.189,7.291
1425694694383,37.490767,139.925314,4,-0.208,0.345,9.032,7.266
1425694694484,37.490767,139.925305,4,-0.141,0.284,9.276,7.258
1425694694585,37.490768,139.925297,4,-0.048,0.236,9.475,7.283
1425694694685,37.490769,139.925288,4,0.005,0.158,9.477,7.308
1425694694781,37.49077,139.92528,4,0.079,0.031,9.41,7.332
1425694694882,37.490771,139.925272,4,0.131,-0.093,9.368,7.357
1425694694983,37.490772,139.925263,4,0.087,-0.052,9.438,7.382
1425694695083,37.490773,139.925255,4,-0.008,-0.112,9.305,7.407
1425694695184,37.490774,139.925246,4,0.03,-0.092,9.272,7.433
1425694695285,37.490774,139.925237,4,-0.028,-0.031,9.068,7.458
1425694695385,37.490775,139.925229,4,-0.024,-0.108,9.249,7.483
1425694695481,37.490776,139.92522,4,0.053,-0.174,9.72,7.492
1425694695582,37.490777,139.925212,4,0.142,-0.271,9.884,7.467
1425694695682,37.490777,139.925204,4,0.173,-0.232,9.594,7.441
1425694695783,37.490778,139.925195,4,0.097,-0.117,9.279,7.416
1425694695884,37.490778,139.925187,4,-0.049,-0.144,9.344,7.39
1425694695985,37.490779,139.925179,4,-0.096,-0.07,9.151,7.365
1425694696085,37.490779,139.925171,4,-0.074,-0.102,9.226,7.34
1425694696181,37.49078,139.925163,4,0.042,-0.108,9.134,7.316
1425694696282,37.49078,139.925155,4,0.123,-0.203,9.475,7.291
1425694696382,37.490781,139.925146,4,0.133,-0.218,9.679,7.267
1425694696483,37.490781,139.925138,4,0.018,-0.171,9.482,7.25
1425694696584,37.490781,139.925129,4,-0.059,-0.139,9.29,7.25
1425694696685,37.490781,139.92512,4,-0.086,-0.091,9.185,7.25
1425694696785,37.490781,139.925112,4,-0.055,-0.107,9.287,7.25
1425694696881,37.490781,139.925103,4,0.012,-0.143,9.477,7.25
1425694696982,37.490781,139.925094,4,0.117,-0.134,9.449,7.25
1425694697082,37.490781,139.925085,4,0.173,-0.088,9.243,7.25
1425694697183,37.490781,139.925076,4,0.231,-0.098,9.246,7.25
1425694697284,37.490781,139.925068,4,0.266,-0.088,9.271,7.25
1425694697385,37.490781,139.925059,4,0.338,-0.13,9.373,7.25
1425694697485,37.490781,139.92505,4,0.514,-0.083,9.103,7.241
1425694697581,37.490782,139.925042,4,0.484,-0.115,9.195,7.217
1425694697681,37.490783,139.925034,4,0.473,-0.238,9.896,7.191
1425694697782,37.490784,139.925025,4,0.458,-0.292,10.017,7.166
1425694697883,37.490784,139.925017,4,0.381,-0.26,9.525,7.141
1425694697984,37.490785,139.925009,4,0.344,-0.087,8.632,7.115
1425694698084,37.490786,139.925001,4,0.362,-0.078,8.946,7.09
1425694698185,37.490787,139.924992,4,0.367,-0.191,9.762,7.065
1425694698281,37.490788,139.924985,4,0.43,-0.146,9.36,7.042
1425694698381,37.490788,139.924977,4,0.366,-0.107,8.601,7.017
1425694698482,37.490789,139.924968,4,0.353,-0.179,8.913,7.0
1425694698583,37.490791,139.924959,4,0.425,-0.27,9.823,7.0
1425694698684,37.490793,139.924951,4,0.506,-0.354,10.486,7.0
1425694698784,37.490794,139.924942,4,0.53,-0.406,10.426,7.0
1425694698885,37.490796,139.924933,4,0.532,-0.419,9.949,7.0
1425694698981,37.490797,139.924925,4,0.453,-0.328,9.573,7.0
1425694699081,37.490798,139.924916,4,0.315,-0.105,9.168,7.0
1425694699182,37.4908,139.924907,4,0.11,-0.014,9.172,7.0
1425694699283,37.490801,139.924899,4,-0.022,0.066,8.966,7.0
1425694699383,37.490803,139.92489,4,-0.231,0.092,8.573,7.0
1425694699484,37.490804,139.924881,4,-0.448,-0.037,8.61,6.982
1425694699585,37.490805,139.924872,4,-0.7,-0.204,9.469,6.93
1425694699681,37.490806,139.924864,4,-0.851,-0.317,10.269,6.881
1425694699781,37.490806,139.924856,4,-0.984,-0.32,10.194,6.83
1425694699882,37.490807,139.924847,4,-1.094,-0.157,9.579,6.779
1425694699983,37.490808,139.924839,4,-1.15,-0.08,8.908,6.729
1425694700083,37.490808,139.924831,4,-0.996,0.042,8.75,6.679
1425694700184,37.490809,139.924822,4,-0.824,-0.034,9.218,6.629
1425694700285,37.49081,139.924814,4,-0.602,-0.067,9.107,6.58
1425694700385,37.490811,139.924806,4,-0.434,-0.027,8.826,6.531
1425694700481,37.490811,139.924799,4,-0.291,-0.08,9.322,6.5
1425694700582,37.490813,139.924792,4,-0.067,-0.099,9.578,6.5
1425694700683,37.490814,139.924786,4,-0.079,-0.158,9.64,6.5
1425694700783,37.490816,139.924779,4,-0.036,-0.182,9.819,6.5
1425694700884,37.490818,139.924773,4,0.016,-0.233,10.029,6.5
1425694700985,37.490819,139.924766,4,-0.051,-0.124,9.624,6.5
1425694701085,37.490821,139.92476,4,-0.074,-0.019,9.079,6.5
1425694701181,37.490822,139.924753,4,-0.052,0.061,8.822,6.5
1425694701287,37.490824,139.924747,4,-0.011,0.078,8.974,6.5
1425694701383,37.490825,139.92474,4,-0.105,0.028,9.146,6.5
1425694701482,37.490827,139.924734,4,-0.181,-0.047,9.324,6.508
1425694701584,37.490829,139.924726,4,-0.179,-0.104,9.41,6.533
1425694701683,37.490831,139.924719,4,0.001,-0.106,9.261,6.557
1425694701785,37.490833,139.924711,4,0.094,-0.06,9.481,6.583
1425694701881,37.490835,139.924704,4,0.241,-0.059,9.808,6.607
1425694701982,37.490837,139.924696,4,0.29,-0.123,9.742,6.632
1425694702082,37.490839,139.924689,4,0.297,-0.124,9.412,6.657
1425694702183,37.490841,139.924681,4,0.247,-0.046,8.904,6.682
1425694702284,37.490843,139.924674,4,0.167,-0.05,9.207,6.708
1425694702385,37.490845,139.924666,4,0.107,-0.094,9.632,6.733
1425694702485,37.490846,139.924658,5,0.004,-0.117,9.663,6.75
1425694702581,37.490848,139.924651,5,-0.073,-0.054,9.279,6.75
1425694702682,37.490849,139.924644,5,-0.099,-0.096,9.165,6.75
1425694702782,37.490851,139.924637,5,-0.083,-0.079,9.434,6.75
1425694702883,37.490852,139.924629,5,0.008,-0.113,9.672,6.75
1425694702984,37.490853,139.924622,5,0.154,-0.079,9.508,6.75
1425694703085,37.490855,139.924615,5,0.304,0.034,9.113,6.75
1425694703185,37.490856,139.924607,5,0.32,-0.052,9.16,6.75
1425694703281,37.490858,139.9246,5,0.307,-0.057,9.341,6.75
1425694703382,37.490859,139.924593,5,0.25,-0.068,9.523,6.75
1425694703482,37.49086,139.924586,5,0.142,-0.061,9.259,6.742
1425694703583,37.49086,139.92458,5,0.014,-0.039,9.209,6.716
1425694703684,37.49086,139.924574,5,-0.087,-0.024,9.337,6.691
1425694703784,37.49086,139.924567,5,-0.146,-0.144,9.454,6.665
1425694703885,37.49086,139.924561,5,-0.158,-0.089,9.279,6.64
1425694703981,37.49086,139.924555,5,-0.149,-0.074,9.282,6.616
1425694704081,37.49086,139.924549,5,-0.162,-0.084,9.491,6.591
1425694704182,37.49086,139.924543,5,-0.218,-0.111,9.629,6.566
1425694704283,37.49086,139.924537,5,-0.391,0.029,8.769,6.541
1425694704384,37.49086,139.924531,5,-0.321,0.054,8.884,6.516
1425694704484,37.49086,139.924525,5,-0.287,-0.187,9.677,6.5
1425694704585,37.490861,139.924517,5,-0.178,-0.235,9.991,6.5
1425694704681,37.490862,139.92451,5,-0.155,-0.286,9.839,6.5
1425694704781,37.490863,139.924503,5,-0.04,-0.143,9.403,6.5
1425694704882,37.490864,139.924496,5,-0.074,-0.065,9.01,6.5
1425694704983,37.490865,139.924489,5,-0.157,-0.045,9.301,6.5
1425694705084,37.490866,139.924481,5,-0.124,-0.112,9.621,6.5
1425694705184,37.490867,139.924474,5,-0.083,-0.062,9.334,6.5
1425694705285,37.490868,139.924467,5,0.017,0.007,9.051,6.5
1425694705381,37.490868,139.92446,5,-0.017,-0.046,9.208,6.5
1425694705481,37.49087,139.924454,8,-0.021,-0.08,9.492,6.484
1425694705582,37.490872,139.924452,8,-0.011,-0.079,9.517,6.432
1425694705683,37.490874,139.92445,8,0.062,-0.094,9.463,6.38
1425694705783,37.490876,139.924448,8,0.036,-0.047,9.268,6.329
1425694705884,37.490878,139.924446,8,-0.008,-0.035,9.281,6.278
1425694705985,37.49088,139.924444,8,-0.051,-0.043,9.308,6.228
1425694706081,37.490882,139.924442,8,0.051,-0.099,9.533,6.18
1425694706181,37.490885,139.92444,8,0.1,-0.086,9.542,6.131
1425694706282,37.490887,139.924438,8,-0.009,0.008,8.91,6.081
1425694706383,37.490889,139.924436,8,0.05,-0.037,9.232,6.032
1425694706483,37.49089,139.924433,8,0.067,-0.12,9.926,6.008
1425694706584,37.490892,139.924425,8,-0.043,-0.182,9.812,6.033
1425694706685,37.490893,139.924418,8,-0.047,-0.074,9.397,6.058
1425694706785,37.490895,139.924411,8,-0.053,-0.037,9.218,6.083
1425694706881,37.490896,139.924404,8,-0.102,0.012,8.766,6.106
1425694706982,37.490897,139.924397,8,-0.089,-0.042,9.289,6.132
1425694707083,37.490899,139.924389,8,-0.074,-0.051,9.796,6.157
1425694707183,37.4909,139.924382,8,-0.074,-0.199,9.894,6.182
1425694707284,37.490902,139.924374,8,-0.018,-0.125,9.377,6.208
1425694707385,37.490903,139.924367,8,-0.025,-0.042,8.986,6.233
1425694707485,37.490904,139.924359,6,0.021,-0.008,9.061,6.212
1425694707581,37.490905,139.924352,6,0.097,-0.045,9.419,6.109
1425694707682,37.490905,139.924345,6,-0.039,-0.053,9.435,6.003
1425694707783,37.490906,139.924338,6,-0.152,0.068,9.029,5.898
1425694707883,37.490907,139.924331,6,-0.367,-0.084,9.045,5.796
1425694707984,37.490907,139.924324,6,-0.444,-0.097,9.292,5.694
1425694708085,37.490908,139.924317,6,-0.48,-0.092,9.49,5.595
1425694708185,37.490909,139.92431,6,-0.542,-0.138,9.724,5.498
1425694708281,37.490909,139.924304,6,-0.697,-0.037,9.194,5.407
1425694708382,37.49091,139.924297,6,-0.947,-0.103,9.65,5.312
1425694708482,37.49091,139.924291,6,-0.932,-0.188,9.915,5.265
1425694708583,37.49091,139.924285,6,-0.74,-0.157,9.6,5.314
1425694708684,37.49091,139.924279,6,-0.563,-0.03,9.148,5.363
1425694708785,37.490911,139.924273,6,-0.405,0.176,8.215,5.412
1425694708885,37.490911,139.924267,6,-0.489,0.112,8.804,5.462
1425694708981,37.490911,139.924261,6,-0.354,-0.027,9.746,5.51
1425694709082,37.490911,139.924254,6,-0.343,-0.175,10.139,5.561
1425694709182,37.490911,139.924248,6,-0.245,-0.148,9.831,5.612
1425694709283,37.490912,139.924242,6,-0.026,-0.079,9.285,5.663
1425694709384,37.490912,139.924235,6,0.097,0.018,8.854,5.716
1425694709484,37.490912,139.924229,5,0.214,0.002,9.053,5.75
1425694709585,37.490913,139.924222,5,0.351,-0.036,9.872,5.75
1425694709681,37.490913,139.924216,5,0.425,-0.059,9.8,5.75
1425694709782,37.490914,139.924209,5,0.401,0.036,8.902,5.75
1425694709882,37.490915,139.924203,5,0.379,0.07,8.492,5.75
1425694709983,37.490915,139.924196,5,0.365,-0.011,9.005,5.75
1425694710084,37.490916,139.92419,5,0.421,-0.172,9.934,5.75
1425694710184,37.490916,139.924183,5,0.436,-0.195,10.074,5.75
1425694710285,37.490917,139.924177,5,0.421,-0.12,9.581,5.75
1425694710381,37.490918,139.92417,5,0.317,-0.052,9.062,5.75
1425694710481,37.490918,139.924164,6,0.183,-0.098,9.031,5.75
1425694710582,37.490919,139.924157,6,0.152,-0.218,9.634,5.75
1425694710683,37.490919,139.924151,6,0.101,-0.115,9.72,5.75
1425694710784,37.49092,139.924144,6,0.123,-0.112,9.467,5.75
1425694710884,37.490921,139.924138,6,0.226,-0.063,9.215,5.75
1425694710985,37.490921,139.924131,6,0.034,-0.045,9.335,5.75
1425694711081,37.490922,139.924125,6,-0.185,0.01,9.326,5.75
1425694711181,37.490922,139.924118,6,-0.434,0.001,9.276,5.75
1425694711282,37.490923,139.924112,6,-0.595,-0.071,9.249,5.75
1425694711383,37.490924,139.924105,6,-0.758,-0.081,9.473,5.75
1425694711483,37.490925,139.924099,10,-0.804,-0.066,9.647,5.742
1425694711584,37.490928,139.924091,10,-0.825,-0.047,9.394,5.716
1425694711685,37.490931,139.924084,10,-0.813,-0.007,9.093,5.69
1425694711781,37.490934,139.924077,10,-0.755,-0.005,9.15,5.666
1425694711881,37.490938,139.92407,10,-0.648,0.009,9.388,5.641
1425694711982,37.490941,139.924062,10,-0.515,0.003,9.361,5.616
1425694712083,37.490944,139.924055,10,-0.364,-0.028,9.112,5.59
1425694712183,37.490947,139.924048,10,-0.188,0.036,9.133,5.566
1425694712284,37.49095,139.924041,10,-0.152,0.029,9.317,5.541
1425694712385,37.490953,139.924034,10,-0.086,-0.124,9.75,5.516
1425694712481,37.490955,139.924027,10,-0.039,-0.185,9.962,5.508
1425694712581,37.490956,139.924022,10,-0.073,-0.1,9.715,5.532
1425694712682,37.490956,139.924017,10,-0.086,-0.011,9.28,5.557
1425694712783,37.490957,139.924012,10,-0.138,0.019,9.095,5.582
1425694712883,37.490958,139.924007,10,-0.16,0.041,9.306,5.607
1425694712984,37.490958,139.924002,10,-0.16,0.027,9.553,5.632
1425694713085,37.490959,139.923997,10,-0.159,0.021,9.355,5.657
1425694713185,37.490959,139.923992,10,-0.237,0.018,9.204,5.683
1425694713281,37.49096,139.923987,10,-0.259,0.06,9.038,5.707
1425694713382,37.490961,139.923982,10,-0.277,0.031,9.205,5.733
1425694713483,37.490961,139.923976,7,-0.405,-0.08,9.641,5.75
1425694713583,37.490962,139.92397,7,-0.514,-0.106,9.711,5.75
1425694713684,37.490962,139.923964,7,-0.528,-0.05,9.429,5.75
1425694713785,37.490963,139.923958,7,-0.542,-0.006,9.24,5.75
1425694713885,37.490964,139.923951,7,-0.497,0.033,9.23,5.75
1425694713981,37.490964,139.923946,7,-0.46,-0.021,9.161,5.75
1425694714082,37.490965,139.923939,7,-0.384,-0.048,9.444,5.75
1425694714183,37.490965,139.923933,7,-0.304,-0.02,9.595,5.75
1425694714283,37.490966,139.923927,7,-0.268,-0.003,9.465,5.75
1425694714384,37.490967,139.923921,7,-0.205,-0.032,9.355,5.75
1425694714485,37.490967,139.923915,5,-0.178,0.003,9.319,5.75
1425694714585,37.490967,139.923909,5,-0.063,0.035,9.174,5.75
1425694714681,37.490968,139.923903,5,0.042,0.053,9.211,5.75
1425694714782,37.490968,139.923897,5,0.083,-0.013,9.481,5.75
1425694714882,37.490968,139.923892,5,0.107,-0.149,9.918,5.75
1425694714983,37.490969,139.923886,5,0.037,-0.041,9.336,5.75
1425694715084,37.490969,139.92388,5,0.008,0.08,8.833,5.75
1425694715185,37.490969,139.923874,5,0.016,0.099,8.912,5.75
1425694715285,37.490969,139.923868,5,-0.057,-0.001,9.484,5.75
1425694715386,37.49097,139.923862,5,-0.083,-0.18,9.992,5.75
1425694715482,37.49097,139.923856,5,-0.106,-0.188,9.854,5.75
1425694715581,37.490971,139.92385,5,-0.104,-0.028,9.22,5.75
1425694715683,37.490971,139.923843,5,-0.274,0.052,8.88,5.75
1425694715782,37.490972,139.923837,5,-0.475,0.03,9.115,5.75
1425694715884,37.490972,139.92383,5,-0.65,0.006,9.161,5.75
1425694715984,37.490973,139.923824,5,-0.598,-0.006,9.527,5.75
1425694716081,37.490973,139.923818,5,-0.496,-0.044,9.602,5.75
1425694716182,37.490974,139.923811,5,-0.383,-0.01,9.387,5.75
1425694716283,37.490974,139.923805,5,-0.316,-0.046,9.448,5.75
1425694716383,37.490975,139.923798,5,-0.325,-0.112,9.675,5.75
1425694716484,37.490975,139.923792,6,-0.333,-0.044,9.497,5.741
1425694716584,37.490977,139.923787,6,-0.408,0.003,9.474,5.716
1425694716685,37.490978,139.923781,6,-0.457,0.074,9.352,5.69
1425694716781,37.490979,139.923776,6,-0.499,0.112,9.12,5.666
1425694716881,37.49098,139.92377,6,-0.409,0.054,8.997,5.641
1425694716982,37.490981,139.923765,6,-0.267,0.019,9.267,5.616
1425694717083,37.490983,139.92376,6,-0.166,0.013,9.5,5.59
1425694717184,37.490984,139.923754,6,-0.147,0.028,9.458,5.565
1425694717284,37.490985,139.923749,6,-0.219,0.189,9.413,5.541
1425694723382,37.491018,139.923238,6,-0.313,0.541,9.451,7.0
1425694723483,37.491019,139.923229,6,-0.066,0.26,9.435,6.992
1425694723584,37.49102,139.923221,6,0.028,0.006,10.001,6.966
1425694723684,37.491021,139.923213,6,0.003,-0.134,10.164,6.941
1425694723785,37.491022,139.923205,6,-0.116,-0.086,9.545,6.915
1425694723881,37.491022,139.923197,6,-0.191,-0.043,9.042,6.891
1425694723981,37.491023,139.923189,6,-0.212,-0.038,8.996,6.866
1425694724082,37.491024,139.92318,6,-0.17,-0.1,9.407,6.841
1425694724183,37.491025,139.923172,6,-0.13,-0.173,9.776,6.816
1425694724284,37.491026,139.923164,6,-0.072,-0.137,9.516,6.791
1425694724384,37.491026,139.923156,6,-0.033,-0.104,9.26,6.766
1425694724485,37.491027,139.923148,4,-0.022,-0.091,9.364,6.75
1425694724581,37.491028,139.923141,4,-0.045,-0.082,9.427,6.75
1425694724681,37.491029,139.923133,4,-0.017,-0.08,9.324,6.75
1425694724782,37.49103,139.923124,4,-0.025,-0.074,9.241,6.75
1425694724883,37.49103,139.923116,4,-0.035,-0.063,9.324,6.75
1425694724983,37.491031,139.923108,4,-0.044,-0.105,9.484,6.75
1425694725084,37.491032,139.9231,4,-0.025,-0.103,9.384,6.75
1425694725185,37.491033,139.923092,4,-0.013,-0.058,9.294,6.75
1425694725281,37.491034,139.923085,4,-0.037,-0.006,9.018,6.75
1425694725381,37.491034,139.923077,4,-0.066,-0.068,9.139,6.75
1425694725482,37.491035,139.923068,4,-0.068,-0.118,9.594,6.75
1425694725583,37.491036,139.92306,4,-0.073,-0.182,9.668,6.75
1425694725683,37.491038,139.923052,4,-0.042,-0.13,9.421,6.75
1425694725784,37.491039,139.923044,4,0.022,-0.102,9.453,6.75
1425694725885,37.49104,139.923035,4,0.05,-0.115,9.475,6.75
1425694725981,37.491041,139.923027,4,0.054,-0.08,9.498,6.75
1425694726081,37.491042,139.923019,4,0.034,-0.108,9.492,6.75
1425694726182,37.491043,139.923011,4,0.118,-0.026,9.41,6.75
1425694726283,37.491044,139.923003,4,0.053,-0.104,9.406,6.75
1425694726383,37.491045,139.922994,4,0.019,-0.039,9.335,6.75
1425694726484,37.491046,139.922987,4,-0.011,-0.079,9.352,6.741
1425694726585,37.491046,139.92298,4,0.003,-0.105,9.416,6.716
1425694726685,37.491047,139.922974,4,-0.022,-0.087,9.347,6.69
1425694726781,37.491047,139.922968,4,-0.047,-0.089,9.421,6.666
1425694726882,37.491047,139.922961,4,-0.068,-0.081,9.421,6.641
1425694726982,37.491048,139.922955,4,-0.102,-0.095,9.545,6.616
1425694727083,37.491048,139.922949,4,-0.158,-0.066,9.377,6.591
1425694727184,37.491048,139.922943,4,-0.212,-0.05,9.201,6.566
1425694727285,37.491049,139.922936,4,-0.22,-0.031,9.273,6.541
1425694727385,37.491049,139.92293,4,-0.219,-0.077,9.407,6.516
1425694727481,37.491049,139.922923,5,-0.167,-0.042,9.325,6.492
1425694727582,37.491051,139.922915,5,-0.18,-0.054,9.18,6.466
1425694727682,37.491052,139.922906,5,-0.236,-0.081,9.195,6.441
1425694727783,37.491053,139.922898,5,-0.225,-0.099,9.371,6.416
1425694727884,37.491054,139.922889,5,-0.206,-0.089,9.438,6.39
1425694727985,37.491055,139.922881,5,-0.23,-0.102,9.359,6.365
1425694728085,37.491057,139.922872,5,-0.231,-0.113,9.431,6.34
1425694728181,37.491058,139.922864,5,-0.228,-0.088,9.33,6.316
1425694728282,37.491059,139.922856,5,-0.222,-0.097,9.294,6.291
1425694728382,37.49106,139.922848,5,-0.13,-0.093,9.332,6.267
1425694728483,37.491061,139.92284,5,-0.102,-0.081,9.55,6.25
1425694728584,37.491062,139.922834,5,-0.167,-0.067,9.509,6.25
1425694728684,37.491063,139.922828,5,-0.2,-0.048,9.484,6.25
1425694728785,37.491063,139.922822,5,-0.151,-0.05,9.463,6.25
1425694728881,37.491064,139.922816,5,-0.173,-0.086,9.473,6.25
1425694728982,37.491065,139.92281,5,-0.209,-0.036,9.217,6.25
1425694729082,37.491065,139.922803,5,-0.17,-0.027,9.22,6.25
1425694729183,37.491066,139.922797,5,-0.133,-0.037,9.356,6.25
1425694729284,37.491067,139.922791,5,-0.119,0.02,9.286,6.25
1425694729384,37.491068,139.922785,5,-0.155,-0.037,9.308,6.25
1425694729485,37.491068,139.922779,5,-0.156,-0.034,9.343,6.246
1425694729581,37.491069,139.922772,5,-0.125,-0.034,9.292,6.233
1425694729687,37.49107,139.922765,5,-0.091,-0.009,9.336,6.22
1425694729782,37.491071,139.922758,5,-0.053,-0.054,9.432,6.208
1425694729881,37.491071,139.922752,5,0.012,-0.073,9.492,6.195
1425694729984,37.491072,139.922745,5,0.035,-0.065,9.59,6.182
1425694730083,37.491073,139.922738,5,0.057,-0.059,9.302,6.17
1425694730185,37.491074,139.922731,5,0.134,-0.031,9.064,6.157
1425694730281,37.491075,139.922725,5,0.214,-0.057,9.305,6.145
1425694730381,37.491076,139.922718,5,0.257,-0.094,9.655,6.132
1425694730482,37.491076,139.922711,5,0.274,-0.121,9.615,6.12
1425694730583,37.491077,139.922704,5,0.213,-0.087,9.302,6.107
1425694730683,37.491078,139.922698,5,0.155,-0.057,9.133,6.095
1425694730784,37.491079,139.922691,5,0.079,-0.071,9.225,6.082
1425694730885,37.49108,139.922684,5,0.026,-0.099,9.416,6.07
1425694730981,37.49108,139.922678,5,0.054,-0.099,9.476,6.058
1425694731081,37.491081,139.922671,5,0.119,-0.083,9.418,6.045
1425694731182,37.491082,139.922665,5,0.104,-0.094,9.337,6.033
1425694731283,37.491083,139.922658,5,0.056,-0.095,9.28,6.02
1425694731383,37.491083,139.922651,5,0.063,-0.062,9.279,6.008
1425694731484,37.491084,139.922645,3,0.076,-0.067,9.368,6.0
1425694731585,37.491085,139.922638,3,0.09,-0.055,9.294,6.0
1425694731681,37.491087,139.922632,3,0.049,-0.08,9.515,6.0
1425694731781,37.491088,139.922625,3,0.036,-0.121,9.645,6.0
1425694731882,37.491089,139.922618,3,-0.024,-0.089,9.375,6.0
1425694731983,37.49109,139.922612,3,-0.031,-0.073,9.306,6.0
1425694732083,37.491091,139.922605,3,-0.034,-0.086,9.482,6.0
1425694732184,37.491092,139.922599,3,0.015,-0.051,9.489,6.0
1425694732285,37.491093,139.922592,3,0.07,-0.004,9.274,6.0
1425694732381,37.491094,139.922586,3,0.053,-0.021,9.189,6.0
1425694732481,37.491095,139.922579,4,-0.011,-0.061,9.332,6.0
1425694732582,37.491097,139.922572,4,-0.073,-0.108,9.579,6.0
1425694732683,37.491098,139.922565,4,-0.07,0.043,8.704,6.0
1425694732783,37.491099,139.922558,4,0.1,0.13,8.428,6.0
1425694732884,37.4911,139.922551,4,0.286,0.027,9.025,6.0
1425694732985,37.491101,139.922544,4,0.263,-0.226,10.173,6.0
1425694733085,37.491103,139.922537,4,0.232,-0.33,10.476,6.0
1425694733181,37.491104,139.92253,4,0.248,-0.273,10.033,6.0
1425694733282,37.491105,139.922523,4,0.208,-0.09,9.086,6.0
1425694733382,37.491106,139.922516,4,0.09,-0.01,8.786,6.0
1425694733483,37.491107,139.922509,5,0.005,-0.039,9.318,5.992
1425694733584,37.491108,139.922503,5,-0.027,-0.102,9.907,5.966
1425694733685,37.491109,139.922497,5,-0.012,-0.052,9.496,5.94
1425694733785,37.491109,139.922491,5,-0.037,-0.038,9.102,5.915
1425694733881,37.49111,139.922485,5,-0.18,-0.087,9.343,5.891
1425694733982,37.491111,139.922479,5,-0.26,-0.146,9.805,5.866
1425694734082,37.491111,139.922473,5,-0.293,-0.082,9.719,5.841
1425694734183,37.491112,139.922468,5,-0.27,-0.019,9.257,5.816
1425694734284,37.491113,139.922462,5,-0.117,0.073,9.002,5.791
1425694734385,37.491114,139.922456,5,-0.084,0.021,9.353,5.766
1425694734485,37.491114,139.92245,5,0.054,-0.06,9.666,5.75
1425694734581,37.491116,139.922444,5,0.155,-0.197,10.098,5.75
1425694734682,37.491117,139.922438,5,0.224,-0.081,9.535,5.75
1425694734782,37.491118,139.922432,5,0.006,0.003,9.16,5.75
1425694734883,37.49112,139.922426,5,-0.169,0.055,8.873,5.75
1425694734984,37.491121,139.922419,5,-0.079,0.065,8.816,5.75
1425694735084,37.491122,139.922413,5,0.104,0.058,8.956,5.75
1425694735185,37.491124,139.922407,5,0.25,-0.034,9.391,5.75
1425694735281,37.491125,139.922401,5,0.305,-0.174,9.971,5.75
1425694735382,37.491126,139.922395,5,0.208,-0.232,9.875,5.75
1425694735482,37.491127,139.922389,5,0.032,-0.111,9.528,5.742
1425694735583,37.491128,139.922383,5,-0.143,-0.046,9.446,5.716
1425694735684,37.491129,139.922378,5,-0.258,0.034,9.198,5.691
1425694735784,37.49113,139.922372,5,-0.297,0.06,9.051,5.665
1425694735885,37.491131,139.922366,5,-0.097,0.054,9.048,5.64
1425694735981,37.491132,139.922361,5,0.035,0.057,9.045,5.616
1425694736081,37.491133,139.922355,5,0.077,0.017,9.22,5.591
1425694736182,37.491134,139.92235,5,-0.059,-0.037,9.498,5.566
1425694736283,37.491135,139.922344,5,-0.182,-0.073,9.461,5.541
1425694736384,37.491136,139.922339,5,-0.248,-0.061,9.309,5.516
1425694736484,37.491138,139.922333,6,-0.208,-0.039,9.256,5.491
1425694736585,37.49114,139.922328,6,-0.184,-0.042,9.279,5.466
1425694736681,37.491142,139.922323,6,-0.161,-0.05,9.476,5.441
1425694736781,37.491144,139.922318,6,-0.184,-0.078,9.539,5.416
1425694736882,37.491146,139.922313,6,-0.241,-0.073,9.469,5.391
1425694736983,37.491148,139.922308,6,-0.387,-0.06,9.525,5.365
1425694737083,37.49115,139.922302,6,-0.495,-0.081,9.43,5.34
1425694737184,37.491152,139.922297,6,-0.545,-0.021,9.306,5.315
1425694737285,37.491154,139.922292,6,-0.536,0.008,9.19,5.29
1425694737381,37.491156,139.922287,6,-0.476,0.023,9.188,5.267
1425694737481,37.491157,139.922282,6,-0.392,-0.005,9.293,5.25
1425694737582,37.491158,139.922276,6,-0.29,-0.06,9.542,5.25
1425694737683,37.491159,139.92227,6,-0.203,-0.085,9.775,5.25
1425694737784,37.49116,139.922264,6,-0.168,-0.069,9.477,5.25
1425694737884,37.491161,139.922258,6,-0.19,0.001,9.145,5.25
1425694737985,37.491162,139.922252,6,-0.246,0.042,9.096,5.25
1425694738081,37.491163,139.922246,6,-0.273,0.064,9.15,5.25
1425694738181,37.491164,139.92224,6,-0.335,0.022,9.322,5.25
1425694738282,37.491164,139.922234,6,-0.337,0.004,9.437,5.25
1425694738383,37.491165,139.922228,6,-0.273,-0.025,9.441,5.25
1425694738483,37.491166,139.922222,6,-0.157,-0.062,9.411,5.266
1425694738584,37.491166,139.922215,6,-0.071,-0.095,9.585,5.314
1425694738685,37.491166,139.922209,6,-0.062,-0.103,9.693,5.363
1425694738785,37.491166,139.922202,6,-0.071,-0.091,9.606,5.412
1425694738881,37.491166,139.922195,6,-0.082,-0.038,9.43,5.46
1425694738982,37.491165,139.922189,6,0.002,-0.003,9.237,5.51
1425694739083,37.491165,139.922182,6,0.09,-0.196,9.087,5.561
1425694739183,37.491165,139.922175,6,0.175,-0.557,8.941,5.612
1425694739284,37.491165,139.922168,6,0.265,-0.865,9.086,5.664
1425694739385,37.491165,139.922161,6,0.332,-1.067,9.386,5.716
1425694739485,37.491165,139.922153,9,0.34,-1.187,9.483,5.678
1425694739581,37.491164,139.922146,9,0.334,-1.184,9.501,5.485
1425694739682,37.491163,139.922138,9,0.305,-1.157,9.409,5.288
1425694739782,37.491162,139.922131,9,0.273,-1.141,9.416,5.099
1425694739883,37.491161,139.922124,9,0.273,-1.147,9.415,4.915
1425694739984,37.49116,139.922117,9,0.221,-1.134,9.41,4.737
1425694740084,37.49116,139.922111,9,0.168,-1.095,9.267,4.568
1425694740185,37.491159,139.922104,9,0.062,-1.096,9.465,4.403
1425694740281,37.491158,139.922099,9,-0.011,-1.069,9.392,4.252
1425694740382,37.491157,139.922093,9,-0.034,-1.055,9.348,4.099
1425694740482,37.491157,139.922088,9,-0.026,-0.97,9.393,4.0
1425694740583,37.491158,139.922083,9,0.008,-0.788,9.388,4.0
1425694740684,37.491158,139.922078,9,0.067,-0.648,9.358,4.0
1425694740785,37.491159,139.922074,9,0.155,-0.561,9.44,4.0
1425694740885,37.491159,139.922069,9,0.231,-0.49,9.445,4.0
1425694740981,37.49116,139.922065,9,0.255,-0.445,9.438,4.0
1425694741081,37.49116,139.92206,9,0.217,-0.407,9.386,4.0
1425694741182,37.491161,139.922055,9,0.145,-0.345,9.331,4.0
1425694741283,37.491161,139.922051,9,0.075,-0.351,9.201,4.0
1425694741384,37.491162,139.922046,9,-0.014,-0.507,9.165,4.0
1425694741485,37.491162,139.922042,7,-0.06,-0.708,9.342,3.96
1425694741585,37.491163,139.922038,7,-0.044,-0.853,9.512,3.848
1425694741681,37.491164,139.922035,7,-0.015,-0.922,9.413,3.744
1425694741782,37.491165,139.922032,7,0.037,-0.983,9.234,3.636
1425694741882,37.491165,139.922029,7,0.106,-1.033,9.259,3.533
1425694741983,37.491166,139.922026,7,0.128,-1.085,9.392,3.431
1425694742084,37.491167,139.922023,7,0.121,-1.293,9.441,3.333
1425694742184,37.491167,139.92202,7,0.117,-1.527,9.368,3.238
1425694742285,37.491168,139.922017,7,0.104,-1.65,9.35,3.145
1425694742381,37.491169,139.922015,7,0.064,-1.716,9.375,3.06
1425694742481,37.491169,139.922012,7,-0.015,-1.717,9.422,2.951
1425694742582,37.491169,139.92201,7,-0.059,-1.466,9.518,2.797
1425694742683,37.491168,139.922007,7,-0.056,-1.153,9.506,2.65
1425694742784,37.491168,139.922005,7,-0.032,-0.86,9.33,2.509
1425694742884,37.491168,139.922003,7,0.014,-0.69,9.14,2.377
1425694742985,37.491167,139.922,7,0.074,-0.66,9.205,2.249
1425694743081,37.491167,139.921998,7,0.088,-0.875,9.316,2.135
1425694743181,37.491167,139.921997,7,0.074,-1.185,9.377,2.022
1425694743282,37.491166,139.921995,7,0.058,-1.377,9.438,1.914
1425694743383,37.491166,139.921993,7,0.014,-1.472,9.444,1.813
1425694743483,37.491166,139.921991,8,-0.034,-1.502,9.358,1.75
1425694743584,37.491166,139.921989,8,-0.074,-1.535,9.291,1.75
1425694743685,37.491166,139.921988,8,-0.067,-1.591,9.35,1.75
1425694743786,37.491166,139.921986,8,-0.021,-1.612,9.398,1.75
1425694743881,37.491166,139.921984,8,0.022,-1.603,9.374,1.75
1425694743987,37.491167,139.921982,8,0.04,-1.59,9.321,1.75
1425694744083,37.491167,139.92198,8,0.057,-1.297,9.499,1.75
1425694744182,37.491167,139.921978,8,0.073,-0.684,9.732,1.75
1425694744284,37.491167,139.921976,8,0.079,-0.1,9.577,1.75
1425694744383,37.491167,139.921974,8,0.091,0.229,9.127,1.75
1425694744481,37.491167,139.921974,8,0.107,0.341,8.849,1.643
1425694744581,37.491167,139.921975,8,0.117,0.259,9.032,1.322
1425694744682,37.491167,139.921977,8,0.113,0.069,9.413,1.032
1425694744783,37.491167,139.921978,8,0.088,-0.141,9.602,0.779
1425694744883,37.491167,139.921979,8,0.072,-0.208,9.524,0.563
1425694744984,37.491167,139.92198,8,0.082,-0.088,9.421,0.38
1425694745085,37.491167,139.921981,8,0.105,0.092,9.364,0.233
1425694745185,37.491167,139.921981,8,0.125,0.16,9.268,0.123
1425694745281,37.491167,139.921982,8,0.112,0.094,9.249,0.05
1425694745382,37.491167,139.921982,8,0.1,0.019,9.394,0.008
1425694769381,37.491187,139.921915,6,0.102,0.037,9.375,2.516
1425694769481,37.491188,139.921912,6,0.081,-0.137,9.381,2.492
1425694769582,37.491189,139.92191,6,0.053,-0.213,9.375,2.465
1425694769683,37.491189,139.921907,6,0.043,-0.242,9.369,2.439
1425694769783,37.49119,139.921904,6,0.012,-0.239,9.312,2.414
1425694769884,37.491191,139.921902,6,-0.029,-0.281,9.29,2.388
1425694769985,37.491191,139.921899,6,-0.036,-0.33,9.322,2.363
1425694770085,37.491192,139.921897,6,0.004,-0.354,9.384,2.338
1425694770181,37.491192,139.921894,6,0.037,-0.373,9.449,2.315
1425694770282,37.491193,139.921892,6,0.03,-0.375,9.444,2.29
1425694770383,37.491194,139.92189,6,0.006,-0.358,9.368,2.266
1425694770483,37.491194,139.921887,6,0.017,-0.33,9.289,2.241
1425694770584,37.491195,139.921886,6,0.04,-0.293,9.335,2.215
1425694770685,37.491196,139.921884,6,0.025,-0.302,9.373,2.189
1425694770785,37.491197,139.921883,6,0.047,-0.314,9.346,2.163
1425694770881,37.491198,139.921881,6,0.066,-0.329,9.366,2.139
1425694770982,37.491198,139.92188,6,0.062,-0.331,9.385,2.113
1425694771082,37.491199,139.921878,6,0.042,-0.295,9.338,2.089
1425694771183,37.4912,139.921877,6,0.001,-0.255,9.371,2.064
1425694771284,37.491201,139.921875,6,-0.041,-0.234,9.447,2.039
1425694771385,37.491202,139.921874,6,-0.04,-0.204,9.303,2.015
1425694771485,37.491202,139.921872,6,0.026,-0.212,9.224,1.991
1425694771581,37.491203,139.921871,6,0.065,-0.225,9.372,1.965
1425694771682,37.491203,139.921869,6,0.05,-0.253,9.482,1.939
1425694771782,37.491204,139.921867,6,0.05,-0.228,9.372,1.913
1425694771883,37.491204,139.921865,6,0.007,-0.202,9.309,1.888
1425694771984,37.491205,139.921863,6,-0.037,-0.167,9.306,1.862
1425694772085,37.491205,139.921861,6,-0.036,-0.169,9.323,1.837
1425694772185,37.491206,139.92186,6,0.035,-0.148,9.412,1.813
1425694772281,37.491206,139.921858,6,0.102,-0.116,9.511,1.79
1425694779381,37.491245,139.921491,10,0.151,0.167,9.577,5.267
1425694779482,37.491245,139.921481,10,0.067,0.006,9.542,5.258
1425694779582,37.491246,139.921475,10,0.1,-0.16,10.026,5.282
1425694779683,37.491246,139.921469,10,0.103,-0.264,9.94,5.307
1425694779784,37.491246,139.921463,10,0.153,-0.338,9.556,5.332
1425694779884,37.491247,139.921457,10,0.079,-0.39,9.389,5.357
1425694779985,37.491247,139.921451,10,0.069,-0.359,9.603,5.382
1425694780081,37.491248,139.921445,10,0.001,-0.334,9.624,5.406
1425694780182,37.491248,139.921439,10,-0.101,-0.347,9.616,5.432
1425694780282,37.491248,139.921432,10,-0.188,-0.239,9.076,5.457
1425694780383,37.491249,139.921426,10,-0.16,-0.168,8.877,5.483
1425694780484,37.491249,139.92142,6,-0.029,-0.152,9.165,5.482
1425694780584,37.491249,139.921413,6,0.036,-0.214,9.323,5.43
1425694780685,37.491249,139.921407,6,0.084,-0.3,9.285,5.378
1425694780781,37.491249,139.9214,6,0.14,-0.314,9.341,5.329
1425694780881,37.491249,139.921394,6,0.107,-0.359,9.653,5.279
1425694780982,37.491249,139.921388,6,0.081,-0.383,9.814,5.228
1425694781083,37.491249,139.921381,6,0.017,-0.389,9.563,5.178
1425694781184,37.491249,139.921375,6,-0.026,-0.332,9.123,5.128
1425694781284,37.491249,139.921369,6,0.035,-0.285,9.27,5.08
1425694781385,37.491249,139.921363,6,0.142,-0.24,9.281,5.031
1425694781481,37.491249,139.921357,6,0.219,-0.241,9.31,4.992
1425694781581,37.491249,139.921351,6,0.276,-0.259,9.252,4.967
1425694781682,37.491249,139.921345,6,0.342,-0.251,9.266,4.941
1425694781783,37.491249,139.921339,6,0.35,-0.255,9.373,4.915
1425694781883,37.491249,139.921334,6,0.244,-0.262,9.413,4.89
1425694781984,37.49125,139.921328,6,0.066,-0.296,9.413,4.865
1425694782085,37.49125,139.921322,6,-0.099,-0.32,9.302,4.84
1425694782181,37.49125,139.921316,6,-0.198,-0.228,9.086,4.816
1425694782281,37.49125,139.921311,6,-0.16,-0.191,9.076,4.791
1425694782382,37.49125,139.921305,6,0.108,-0.155,8.82,4.767
1425694782483,37.49125,139.921299,6,0.033,-0.275,9.297,4.742
1425694782583,37.49125,139.921294,6,0.017,-0.431,9.934,4.716
1425694782684,37.49125,139.921289,6,0.108,-0.447,9.906,4.69
1425694782785,37.49125,139.921284,6,0.101,-0.379,9.416,4.665
1425694782881,37.49125,139.921279,6,-0.022,-0.32,9.206,4.641
1425694782981,37.49125,139.921274,6,-0.132,-0.31,9.297,4.616
1425694783082,37.49125,139.921268,6,-0.109,-0.292,9.292,4.59
1425694783183,37.49125,139.921263,6,-0.029,-0.321,9.4,4.565
1425694783283,37.49125,139.921258,6,0.121,-0.336,9.649,4.541
1425694783384,37.49125,139.921253,6,0.269,-0.346,9.71,4.516
1425694783485,37.49125,139.921248,5,0.208,-0.311,9.604,4.5
1425694783585,37.491251,139.921243,5,0.072,-0.236,9.296,4.5
1425694783681,37.491251,139.921238,5,-0.118,-0.222,9.137,4.5
1425694783782,37.491252,139.921232,5,-0.176,-0.216,9.131,4.5
1425694783883,37.491253,139.921227,5,-0.28,-0.254,9.129,4.5
1425694783983,37.491253,139.921222,5,-0.26,-0.269,9.53,4.5
1425694784084,37.491254,139.921216,5,-0.199,-0.286,9.679,4.5
1425694784185,37.491254,139.921211,5,-0.065,-0.282,9.53,4.5
1425694784285,37.491255,139.921206,5,-0.075,-0.293,9.36,4.5
1425694784381,37.491256,139.921201,5,-0.129,-0.269,9.37,4.5
1425694784482,37.491256,139.921196,5,-0.226,-0.293,9.498,4.483
1425694784582,37.491256,139.921191,5,-0.28,-0.347,9.458,4.431
1425694784683,37.491257,139.921187,5,-0.234,-0.324,9.357,4.378
1425694784784,37.491257,139.921183,5,-0.197,-0.22,9.265,4.326
1425694784885,37.491257,139.921179,5,-0.258,-0.156,9.221,4.275
1425694784985,37.491258,139.921174,5,-0.306,-0.21,9.412,4.225
1425694785081,37.491258,139.921171,5,-0.334,-0.299,9.604,4.178
1425694785182,37.491258,139.921167,5,-0.274,-0.289,9.322,4.128
1425694785282,37.491259,139.921163,5,-0.241,-0.215,9.155,4.08
1425694785383,37.491259,139.921159,5,-0.227,-0.111,9.052,4.032
1425694785484,37.491259,139.921154,4,-0.212,-0.102,9.179,4.0
1425694785584,37.491259,139.92115,4,-0.201,-0.11,9.367,4.0
1425694785685,37.49126,139.921145,4,-0.162,-0.089,9.679,4.0
1425694785781,37.49126,139.921141,4,-0.109,0.052,9.704,4.0
1425694785882,37.49126,139.921137,4,-0.065,0.447,9.403,4.0
1425694785982,37.491261,139.921132,4,-0.165,0.638,9.129,4.0
1425694786083,37.491261,139.921128,4,-0.275,0.587,8.898,4.0
1425694786184,37.491261,139.921123,4,-0.38,0.454,9.019,4.0
1425694786284,37.491262,139.921118,4,-0.282,0.432,9.116,4.0
1425694786385,37.491262,139.921114,4,-0.203,0.379,9.706,4.0
1425694786486,37.491262,139.921109,4,-0.013,0.358,9.893,4.009
1425694786582,37.491263,139.921105,4,0.133,0.401,9.508,4.032
1425694786681,37.491264,139.9211,4,0.18,0.516,9.259,4.056
1425694786783,37.491264,139.921096,4,0.094,0.487,9.158,4.082
1425694786882,37.491265,139.921091,4,0.033,0.496,9.296,4.106
1425694786984,37.491266,139.921086,4,-0.136,0.424,9.388,4.132
1425694787083,37.491266,139.921082,4,-0.303,0.408,9.265,4.156
1425694787181,37.491267,139.921077,4,-0.366,0.365,9.273,4.181
1425694787282,37.491268,139.921072,4,-0.329,0.281,9.438,4.207
1425694787382,37.491269,139.921067,4,-0.284,0.28,9.185,4.233
1425694787483,37.491269,139.921062,4,-0.079,0.302,9.13,4.266
1425694787584,37.49127,139.921057,4,0.184,0.291,9.084,4.314
1425694787684,37.491271,139.921051,4,0.197,0.179,9.698,4.362
1425694787785,37.491271,139.921046,4,0.157,0.092,9.86,4.411
1425694787881,37.491272,139.921041,4,0.04,0.088,9.608,4.459
1425694787981,37.491273,139.921035,4,-0.013,0.186,9.037,4.509
1425694788082,37.491273,139.921029,4,-0.119,0.231,8.942,4.56
1425694788183,37.491274,139.921024,4,-0.302,0.269,8.702,4.611
1425694788283,37.491275,139.921018,4,-0.223,0.217,9.135,4.663
1425694790383,37.491287,139.920905,3,-0.138,-0.001,10.02,4.75
1425694790484,37.491287,139.9209,3,-0.154,-0.045,9.691,4.741
1425694790585,37.491288,139.920895,3,-0.201,-0.035,9.391,4.715
1425694790685,37.491288,139.92089,3,-0.207,-0.039,9.432,4.69
1425694790781,37.491289,139.920885,3,-0.246,-0.076,9.578,4.666
1425694790882,37.491289,139.92088,3,-0.27,-0.102,9.574,4.64
1425694790982,37.49129,139.920875,3,-0.237,-0.098,9.38,4.615
1425694791083,37.49129,139.920869,3,-0.215,-0.092,9.406,4.59
1425694791184,37.491291,139.920864,3,-0.228,-0.062,9.411,4.565
1425694791285,37.491291,139.920859,3,-0.192,-0.066,9.262,4.54
1425694791385,37.491292,139.920854,3,-0.116,-0.053,9.339,4.516
1425694791481,37.491292,139.920849,3,-0.024,-0.034,9.336,4.5
1425694791582,37.491292,139.920844,3,0.037,-0.027,9.146,4.5
1425694791682,37.491293,139.920839,3,-0.024,-0.021,9.301,4.5
1425694791783,37.491293,139.920834,3,-0.11,-0.14,9.56,4.5
1425694791884,37.491293,139.920829,3,-0.108,-0.172,9.586,4.5
1425694791985,37.491294,139.920824,3,-0.155,-0.167,9.394,4.5
1425694792085,37.491294,139.920819,3,-0.163,-0.159,9.327,4.5
1425694792181,37.491294,139.920814,3,-0.147,-0.157,9.382,4.5
1425694792282,37.491295,139.920809,3,-0.131,-0.171,9.322,4.5
1425694792382,37.491295,139.920804,3,-0.079,-0.229,9.166,4.5
1425694792483,37.491295,139.920799,4,-0.038,-0.231,9.32,4.5
1425694792584,37.491296,139.920794,4,-0.082,-0.243,9.351,4.5
1425694792684,37.491296,139.92079,4,-0.011,-0.191,9.319,4.5
1425694792785,37.491296,139.920785,4,-0.022,-0.293,9.772,4.5
1425694792881,37.491297,139.92078,4,0.051,-0.3,9.839,4.5
1425694792981,37.491297,139.920775,4,0.13,-0.336,9.66,4.5
1425694793082,37.491298,139.92077,4,0.178,-0.273,9.228,4.5
1425694793183,37.491298,139.920765,4,0.114,-0.226,9.177,4.5
1425694793284,37.491298,139.92076,4,0.09,-0.233,9.291,4.5
1425694793384,37.491299,139.920755,4,0.033,-0.273,9.419,4.5
1425694793485,37.491299,139.92075,4,-0.027,-0.276,9.339,4.491
1425694793581,37.4913,139.920746,4,-0.088,-0.176,9.24,4.466
1425694793681,37.4913,139.920741,4,-0.086,-0.056,9.116,4.441
1425694793782,37.491301,139.920736,4,-0.014,-0.008,9.093,4.415
1425694793883,37.491301,139.920731,4,0.076,0.09,9.111,4.39
1425694793984,37.491302,139.920726,4,0.16,0.222,9.254,4.365
1425694794084,37.491302,139.920721,4,0.166,0.221,9.555,4.34
1425694794185,37.491303,139.920716,4,0.121,0.209,9.579,4.315
1425694794281,37.491303,139.920712,4,-0.033,0.25,9.585,4.291
1425694794381,37.491304,139.920707,4,-0.112,0.363,9.375,4.267
1425694794482,37.491304,139.920703,4,-0.11,0.377,9.204,4.25
1425694794583,37.491305,139.920698,4,-0.126,0.354,9.139,4.25
1425694794683,37.491305,139.920693,4,-0.05,0.298,9.398,4.25
1425694794784,37.491306,139.920688,4,-0.007,0.19,9.687,4.25
1425694794885,37.491306,139.920684,4,-0.055,0.21,9.589,4.25
1425694794981,37.491307,139.920679,4,-0.107,0.319,9.178,4.25
1425694795081,37.491307,139.920674,4,-0.192,0.428,9.035,4.25
1425694795182,37.491308,139.92067,4,-0.339,0.39,9.159,4.25
1425694795283,37.491308,139.920665,4,-0.386,0.318,9.295,4.25
1425694795383,37.491309,139.92066,4,-0.315,0.343,9.565,4.25
1425694795484,37.491309,139.920655,4,-0.331,0.252,9.825,4.25
1425694795585,37.49131,139.920651,4,-0.295,0.307,9.474,4.25
1425694795686,37.49131,139.920646,4,-0.203,0.347,9.166,4.25
1425694795781,37.491311,139.920641,4,-0.076,0.398,9.095,4.25
1425694795882,37.491311,139.920637,4,-0.02,0.354,9.374,4.25
1425694795983,37.491312,139.920632,4,-0.132,0.247,9.645,4.25
1425694796083,37.491312,139.920627,4,-0.323,0.261,9.588,4.25
1425694796184,37.491313,139.920623,4,-0.518,0.342,9.017,4.25
1425694796285,37.491313,139.920618,4,-0.637,0.328,8.809,4.25
1425694800384,37.491338,139.920405,4,-0.538,0.341,9.065,4.75
1425694800484,37.491338,139.9204,4,-0.394,0.109,9.276,4.75
1425694800585,37.491339,139.920395,4,-0.303,0.007,9.258,4.75
1425694800681,37.49134,139.92039,4,-0.241,-0.032,9.279,4.75
1425694800786,37.49134,139.920384,4,-0.221,-0.038,9.236,4.75
1425694800882,37.491341,139.920379,4,-0.138,-0.038,9.241,4.75
1425694800981,37.491342,139.920374,4,-0.018,-0.043,9.409,4.75
1425694801083,37.491342,139.920368,4,0.056,-0.041,9.438,4.75
1425694801183,37.491343,139.920363,4,0.092,-0.035,9.343,4.75
1425694801285,37.491344,139.920358,4,0.094,-0.051,9.453,4.75
1425694801381,37.491345,139.920353,4,0.075,-0.049,9.57,4.75
1425694801481,37.491345,139.920347,4,-0.036,0.027,9.223,4.75
1425694801582,37.491346,139.920342,4,-0.155,0.08,8.958,4.75
1425694801683,37.491347,139.920336,4,-0.078,0.034,9.355,4.75
1425694801783,37.491347,139.920331,4,-0.156,0.023,9.591,4.75
1425694801884,37.491348,139.920326,4,-0.22,0.016,9.51,4.75
1425694801985,37.491349,139.92032,4,-0.242,-0.006,9.458,4.75
1425694802086,37.491349,139.920315,4,-0.242,0.035,9.329,4.75
1425694802181,37.49135,139.92031,4,-0.311,0.133,8.817,4.75
1425694802282,37.491351,139.920304,4,-0.24,0.132,9.034,4.75
1425694802382,37.491352,139.920299,4,-0.195,0.041,9.646,4.75
1425694802483,37.491352,139.920293,4,-0.266,0.017,9.523,4.75
1425694802584,37.491353,139.920288,4,-0.231,-0.03,9.708,4.75
1425694802685,37.491354,139.920283,4,-0.201,0.012,9.514,4.75
1425694802785,37.491354,139.920278,4,-0.115,0.021,9.214,4.75
1425694802881,37.491355,139.920273,4,-0.053,0.09,9.097,4.75
1425694802982,37.491356,139.920268,4,-0.076,0.118,9.229,4.75
1425694803082,37.491356,139.920263,4,-0.23,0.07,9.416,4.75
1425694803183,37.491357,139.920258,4,-0.331,0.081,9.401,4.75
1425694803284,37.491358,139.920252,4,-0.323,0.075,9.248,4.75
1425694803385,37.491359,139.920247,4,-0.235,0.029,9.172,4.75
1425694803485,37.491359,139.920242,3,-0.13,0.051,9.483,4.741
1425694803581,37.49136,139.920237,3,-0.046,0.018,9.516,4.716
1425694803682,37.49136,139.920232,3,-0.015,0.03,9.366,4.691
1425694803782,37.491361,139.920227,3,-0.028,0.055,9.344,4.666
1425694803883,37.491362,139.920222,3,-0.092,0.027,9.464,4.64
1425694803984,37.491362,139.920217,3,-0.159,0.04,9.397,4.615
1425694804085,37.491363,139.920212,3,-0.235,0.067,9.319,4.59
1425694804185,37.491363,139.920207,3,-0.285,0.057,9.373,4.565
1425694804281,37.491364,139.920202,3,-0.227,0.013,9.678,4.541
1425694804382,37.491365,139.920197,3,-0.286,0.006,9.627,4.517
1425694804482,37.491365,139.920192,4,-0.349,0.059,9.238,4.5
1425694804583,37.491366,139.920187,4,-0.28,0.098,9.167,4.5
1425694804684,37.491366,139.920182,4,-0.219,0.091,9.511,4.5
1425694804784,37.491367,139.920177,4,-0.215,0.035,9.648,4.5
1425694804885,37.491367,139.920172,4,-0.249,0.022,9.583,4.5
1425694804981,37.491368,139.920167,4,-0.324,0.11,9.363,4.5
1425694805082,37.491368,139.920162,4,-0.312,0.298,9.016,4.5
1425694805182,37.491369,139.920157,4,-0.192,0.436,9.065,4.5
1425694805283,37.491369,139.920152,4,-0.278,0.485,8.999,4.5
1425694807383,37.491379,139.920045,4,-0.299,0.489,9.092,4.733
1425694809382,37.491388,139.919943,3,-0.295,0.489,9.111,4.75
1425694809483,37.491388,139.919938,3,-0.131,0.368,9.464,4.75
1425694809583,37.491389,139.919933,3,-0.047,0.229,9.417,4.75
1425694809684,37.491389,139.919928,3,0.066,0.222,9.285,4.75
1425694809785,37.49139,139.919922,3,0.109,0.183,9.328,4.75
1425694809885,37.49139,139.919917,3,0.051,0.123,9.303,4.75
1425694809981,37.491391,139.919912,3,0.029,0.132,9.231,4.75
1425694810082,37.491391,139.919906,3,0.023,0.108,9.42,4.75
1425694810182,37.491392,139.919901,3,-0.001,0.074,9.565,4.75
1425694810283,37.491392,139.919896,3,0.037,0.096,9.295,4.75
1425694810384,37.491393,139.919891,3,0.1,0.125,9.148,4.75
1425694810485,37.491393,139.919885,3,0.197,0.156,9.081,4.75
1425694810585,37.491394,139.91988,3,0.098,0.0,9.572,4.75
1425694810681,37.491394,139.919875,3,0.014,-0.043,9.856,4.75
1425694810782,37.491395,139.919869,3,-0.088,0.008,9.49,4.75
1425694810882,37.491395,139.919864,3,-0.135,0.083,9.181,4.75
1425694810983,37.491396,139.919859,3,-0.06,0.095,9.161,4.75
1425694811084,37.491396,139.919853,3,-0.037,0.076,9.304,4.75
1425694811184,37.491397,139.919848,3,-0.003,0.057,9.395,4.75
1425694811285,37.491397,139.919843,3,0.063,0.013,9.535,4.75
1425694811381,37.491398,139.919838,3,0.113,-0.002,9.512,4.75
1425694811482,37.491398,139.919832,3,0.132,0.088,9.19,4.75
1425694811582,37.491399,139.919827,3,0.134,0.084,9.211,4.75
1425694811683,37.491399,139.919822,3,-0.04,0.113,9.266,4.75
1425694811784,37.4914,139.919816,3,-0.156,0.022,9.787,4.75
1425694811884,37.491401,139.919811,3,-0.157,0.019,9.53,4.75
1425694811985,37.491401,139.919806,3,-0.016,0.071,9.092,4.75
1425694812081,37.491402,139.919801,3,0.07,0.069,9.298,4.75
1425694812182,37.491402,139.919795,3,0.083,0.048,9.425,4.75
1425694812282,37.491403,139.91979,3,0.061,-0.013,9.535,4.75
1425694812383,37.491404,139.919785,3,0.047,0.021,9.407,4.75
1425694812484,37.491404,139.919779,3,0.014,0.048,9.356,4.75
1425694812584,37.491405,139.919774,3,-0.063,0.046,9.351,4.75
1425694812685,37.491405,139.919768,3,-0.072,0.118,9.171,4.75
1425694812781,37.491406,139.919763,3,-0.097,0.066,9.202,4.75
1425694812881,37.491407,139.919758,3,-0.1,0.026,9.513,4.75
1425694812982,37.491407,139.919752,3,-0.115,0.024,9.517,4.75
1425694813083,37.491408,139.919747,3,-0.148,0.015,9.385,4.75
1425694813183,37.491408,139.919741,3,-0.118,0.061,9.27,4.75
1425694813284,37.491409,139.919736,3,-0.139,0.06,9.279,4.75
1425694813385,37.49141,139.919731,3,-0.131,0.057,9.264,4.75
1425694813481,37.49141,139.919725,3,-0.083,0.056,9.297,4.75
1425694813581,37.491411,139.91972,3,-0.008,0.047,9.442,4.75
1425694813682,37.491411,139.919714,3,-0.029,0.034,9.565,4.75
1425694813783,37.491412,139.919709,3,-0.036,0.038,9.415,4.75
1425694813883,37.491413,139.919704,3,-0.151,0.08,9.021,4.75
1425694813984,37.491413,139.919698,3,-0.175,0.018,9.413,4.75
1425694814085,37.491414,139.919693,3,-0.163,-0.061,9.768,4.75
1425694814181,37.491414,139.919688,3,-0.124,0.036,9.316,4.75
1425694814281,37.491415,139.919682,3,-0.134,-0.021,9.372,4.75
1425694814382,37.491416,139.919677,3,-0.047,-0.017,9.583,4.75
1425694816381,37.491427,139.919568,3,-0.045,-0.015,9.584,4.75
1425694816482,37.491427,139.919562,4,-0.042,-0.17,9.475,4.758
1425694816582,37.491428,139.919555,4,0.005,-0.249,9.575,4.782
1425694816683,37.491428,139.919548,4,0.033,-0.239,9.69,4.807
1425694816784,37.491429,139.919541,4,-0.048,-0.261,9.507,4.832
1425694816885,37.491429,139.919534,4,-0.115,-0.186,9.027,4.857
1425694816985,37.49143,139.919527,4,-0.174,-0.18,9.127,4.882
1425694817081,37.49143,139.91952,4,-0.101,-0.195,9.587,4.906
1425694817182,37.491431,139.919513,4,-0.06,-0.182,9.67,4.932
1425694817282,37.491431,139.919506,4,-0.009,-0.159,9.421,4.957
1425694817383,37.491432,139.919499,4,-0.011,-0.139,9.479,4.983
1425694817484,37.491432,139.919492,4,-0.027,-0.063,9.312,4.991
1425694817584,37.491433,139.919487,4,-0.03,0.012,8.984,4.966
1425694817685,37.491434,139.919481,4,-0.108,0.012,9.031,4.94
1425694817781,37.491435,139.919476,4,-0.193,-0.038,9.542,4.916
1425694817882,37.491436,139.91947,4,-0.138,-0.065,9.741,4.89
1425694817982,37.491436,139.919465,4,-0.042,-0.053,9.422,4.865
1425694818083,37.491437,139.919459,4,0.052,-0.011,9.257,4.84
1425694818184,37.491438,139.919454,4,0.065,-0.002,9.293,4.815
1425694818284,37.491439,139.919449,4,0.016,-0.033,9.402,4.791
1425694818385,37.491439,139.919443,4,-0.031,-0.044,9.519,4.766
1425694818481,37.49144,139.919438,4,-0.048,-0.0,9.528,4.75
1425694818581,37.491441,139.919433,4,-0.051,0.074,9.313,4.75
1425694818682,37.491442,139.919427,4,-0.069,0.142,8.956,4.75
1425694818783,37.491443,139.919422,4,-0.124,0.117,9.103,4.75
1425694818884,37.491443,139.919416,4,-0.15,0.122,9.306,4.75
1425694818984,37.491444,139.919411,4,-0.186,0.033,9.797,4.75
1425694819085,37.491445,139.919405,4,-0.209,-0.033,9.74,4.75
1425694819181,37.491446,139.9194,4,-0.187,0.019,9.148,4.75
1425694819281,37.491447,139.919394,4,-0.208,-0.093,9.315,4.75
1425694819382,37.491447,139.919389,4,-0.193,-0.264,9.347,4.75
1425694819483,37.491448,139.919383,4,-0.248,-0.346,9.395,4.75
1425694819583,37.491449,139.919378,4,-0.177,-0.278,9.55,4.75
1425694819684,37.49145,139.919373,4,-0.06,-0.201,9.445,4.75
1425694819785,37.491451,139.919368,4,-0.137,-0.168,9.283,4.75
1425694819881,37.491451,139.919363,4,-0.222,-0.144,9.156,4.75
1425694819981,37.491452,139.919358,4,-0.244,-0.236,9.518,4.75
1425694820082,37.491453,139.919353,4,-0.275,-0.249,9.872,4.75
1425694820183,37.491454,139.919348,4,-0.328,-0.178,9.324,4.75
1425694820283,37.491455,139.919343,4,-0.238,-0.039,8.75,4.75
1425694820384,37.491455,139.919338,4,-0.235,0.004,8.821,4.75
1425694820485,37.491456,139.919333,4,-0.324,-0.015,9.332,4.741
1425694820586,37.491457,139.919328,4,-0.347,-0.133,9.705,4.715
1425694820681,37.491457,139.919322,4,-0.273,-0.127,9.821,4.691
1425694820782,37.491457,139.919317,4,-0.164,-0.042,9.144,4.666
1425694820883,37.491458,139.919312,4,-0.118,0.053,8.751,4.64
1425694820983,37.491458,139.919306,4,0.059,0.051,8.943,4.615
1425694821084,37.491459,139.919301,4,-0.054,-0.089,9.545,4.59
1425694821185,37.491459,139.919296,4,-0.204,-0.132,10.014,4.565
1425694821285,37.491459,139.919291,4,-0.211,-0.09,9.744,4.54
1425694821381,37.49146,139.919286,4,-0.088,-0.012,9.381,4.517
1425694821482,37.49146,139.91928,3,0.022,0.033,9.104,4.5
1425694821583,37.491461,139.919275,3,0.134,0.025,9.041,4.5
1425694821683,37.491462,139.91927,3,0.19,-0.01,9.372,4.5
1425694821784,37.491463,139.919265,3,0.162,-0.079,9.822,4.5
1425694821885,37.491464,139.91926,3,0.182,-0.049,9.614,4.5
1425694821985,37.491465,139.919255,3,0.245,0.05,9.175,4.5
1425694822081,37.491466,139.91925,3,0.294,0.065,8.977,4.5
1425694822182,37.491467,139.919245,3,0.267,0.06,9.393,4.5
1425694822282,37.491467,139.91924,3,0.102,0.012,9.631,4.5
1425694822383,37.491468,139.919235,3,-0.046,0.028,9.416,4.5
1425694822484,37.491469,139.91923,4,-0.198,-0.0,9.287,4.5
1425694822585,37.491469,139.919225,4,-0.21,0.048,9.397,4.5
1425694822685,37.491469,139.919219,4,-0.225,0.03,9.309,4.5
1425694822781,37.49147,139.919214,4,-0.17,0.092,9.138,4.5
1425694822882,37.49147,139.919209,4,-0.126,0.08,9.212,4.5
1425694822982,37.49147,139.919203,4,-0.142,0.068,9.307,4.5
1425694823083,37.49147,139.919198,4,-0.125,-0.031,9.538,4.5
1425694823184,37.49147,139.919192,4,-0.021,-0.042,9.692,4.5
1425694823285,37.491471,139.919187,4,-0.096,0.102,8.913,4.5
1425694823385,37.491471,139.919182,4,-0.095,0.133,8.835,4.5
1425694823481,37.491471,139.919176,4,-0.106,0.014,9.617,4.5
1425694823582,37.491472,139.919171,4,-0.221,-0.044,9.925,4.5
1425694823682,37.491472,139.919166,4,-0.26,-0.015,9.464,4.5
1425694823783,37.491472,139.919161,4,-0.087,0.025,9.382,4.5
1425694823884,37.491473,139.919156,4,-0.042,0.004,9.423,4.5
1425694823984,37.491473,139.919151,4,0.02,0.024,9.374,4.5
1425694824085,37.491474,139.919146,4,0.059,0.002,9.325,4.5
1425694824181,37.491474,139.919141,4,-0.009,0.058,9.319,4.5
1425694824282,37.491474,139.919136,4,-0.109,0.042,9.229,4.5
1425694824382,37.491475,139.919131,4,-0.193,0.103,9.31,4.5
1425694824483,37.491475,139.919126,4,-0.112,0.164,9.008,4.492
1425694824584,37.491476,139.919122,4,-0.01,0.119,9.1,4.466
1425694824684,37.491477,139.919117,4,-0.005,-0.008,9.683,4.44
1425694824785,37.491478,139.919112,4,-0.118,-0.032,9.985,4.415
1425694824881,37.491479,139.919107,4,-0.111,-0.066,9.681,4.39
1425694824981,37.49148,139.919103,4,-0.064,0.091,8.991,4.365
1425694825082,37.491481,139.919098,4,-0.077,0.106,8.93,4.34
1425694825183,37.491482,139.919093,4,-0.05,0.043,9.602,4.315
1425694825283,37.491483,139.919089,4,-0.156,0.048,9.64,4.291
1425694825384,37.491484,139.919084,4,-0.21,0.07,9.371,4.266
1425694825485,37.491485,139.919079,4,-0.135,0.075,9.184,4.25
1425694825581,37.491486,139.919075,4,0.059,0.154,9.062,4.25
1425694825681,37.491486,139.91907,4,0.069,0.133,9.071,4.25
1425694825782,37.491487,139.919065,4,-0.145,-0.005,9.095,4.25
1425694825883,37.491488,139.919061,4,-0.2,-0.34,9.292,4.25
1425694825983,37.491488,139.919056,4,-0.217,-0.504,9.737,4.25
1425694826084,37.491489,139.919051,4,-0.121,-0.38,9.772,4.25
1425694826185,37.491489,139.919046,4,-0.031,-0.215,9.395,4.25
1425694826281,37.49149,139.919042,4,0.069,-0.137,9.187,4.25
1425694826381,37.491491,139.919037,4,0.071,-0.202,9.173,4.25
1425694826482,37.491491,139.919033,4,0.026,-0.301,9.42,4.242
1425694826583,37.491492,139.919028,4,0.028,-0.318,9.777,4.216
1425694826683,37.491493,139.919023,4,0.031,-0.278,9.748,4.19
1425694826784,37.491494,139.919019,4,-0.002,-0.226,9.421,4.165
1425694826885,37.491495,139.919014,4,-0.094,-0.184,9.062,4.139
1425694826981,37.491496,139.91901,4,-0.153,-0.158,9.045,4.115
1425694827081,37.491497,139.919005,4,-0.091,-0.234,9.537,4.09
1425694827182,37.491498,139.919001,4,-0.023,-0.264,9.601,4.066
1425694827283,37.491499,139.918996,4,-0.05,-0.245,9.303,4.041
1425694827383,37.491499,139.918992,4,-0.009,-0.219,9.293,4.016
1425694827484,37.4915,139.918988,3,0.049,-0.208,9.467,4.0
1425694827585,37.491501,139.918983,3,-0.038,-0.207,9.416,4.0
1425694827685,37.491501,139.918979,3,-0.195,-0.307,9.386,4.0
1425694827781,37.491502,139.918975,3,-0.247,-0.274,9.366,4.0
1425694827882,37.491502,139.91897,3,-0.15,-0.188,9.285,4.0
1425694827983,37.491503,139.918966,3,-0.114,-0.204,9.231,4.0
1425694828083,37.491503,139.918962,3,-0.096,-0.249,9.504,4.0
1425694828184,37.491504,139.918957,3,-0.079,-0.269,9.541,4.0
1425694828285,37.491504,139.918953,3,-0.046,-0.267,9.48,4.0
1425694828385,37.491505,139.918949,3,-0.098,-0.305,9.594,4.0
1425694828481,37.491505,139.918945,3,-0.202,-0.193,9.121,3.992
1425694828582,37.491506,139.918941,3,-0.221,-0.161,9.107,3.966
1425694828682,37.491506,139.918936,3,-0.253,-0.175,9.287,3.941
1425694828783,37.491507,139.918932,3,-0.393,-0.222,9.381,3.915
1425694828884,37.491508,139.918928,3,-0.552,-0.249,9.335,3.89
1425694828985,37.491508,139.918924,3,-0.671,-0.243,9.341,3.864
1425694829085,37.491509,139.91892,3,-0.632,-0.211,9.405,3.839
1425694829186,37.491509,139.918916,3,-0.467,-0.199,9.328,3.814
1425694829282,37.49151,139.918913,3,-0.351,-0.196,9.248,3.791
1425694829381,37.491511,139.918909,3,-0.259,-0.228,9.372,3.767
1425694829483,37.491511,139.918905,3,-0.24,-0.239,9.454,3.75
1425694829582,37.491512,139.918901,3,-0.244,-0.239,9.437,3.75
1425694829685,37.491512,139.918897,3,-0.176,-0.075,8.921,3.75
1425694829784,37.491513,139.918893,3,-0.087,-0.034,9.029,3.75
1425694829881,37.491513,139.918889,3,0.012,-0.071,9.684,3.75
1425694829982,37.491514,139.918885,3,0.107,0.027,9.883,3.75
1425694830082,37.491514,139.918881,3,0.112,0.257,9.642,3.75
1425694830183,37.491515,139.918877,3,0.055,0.353,9.269,3.75
1425694830284,37.491515,139.918873,3,-0.02,0.268,9.097,3.75
1425694830384,37.491516,139.91887,3,-0.112,0.26,9.239,3.75
1425694830485,37.491516,139.918866,3,-0.17,0.311,9.422,3.731
1425694830581,37.491516,139.918862,3,-0.182,0.295,9.425,3.68
1425694830682,37.491517,139.918858,3,-0.183,0.16,9.389,3.628
1425694830782,37.491517,139.918855,3,-0.203,0.07,9.387,3.576
1425694830883,37.491517,139.918851,3,-0.149,-0.191,9.34,3.525
1425694830984,37.491518,139.918848,3,-0.077,-0.427,9.57,3.474
1425694831084,37.491518,139.918844,3,-0.059,-0.358,9.88,3.425
1425694831185,37.491518,139.918841,3,-0.054,-0.217,9.523,3.376
1425694831281,37.491519,139.918838,3,-0.011,-0.077,9.346,3.329
1425694831381,37.491519,139.918834,3,-0.009,-0.024,9.099,3.282
1425694831482,37.491519,139.918831,3,-0.005,-0.044,8.531,3.25
1425694831583,37.491519,139.918827,3,-0.217,-0.112,8.792,3.25
1425694831684,37.49152,139.918824,3,-0.276,-0.099,9.562,3.25
1425694831784,37.49152,139.91882,3,-0.199,-0.111,9.846,3.25
1425694831885,37.49152,139.918817,3,-0.04,-0.274,9.7,3.25
1425694831981,37.491521,139.918813,3,-0.053,-0.338,9.853,3.25
1425694832081,37.491521,139.91881,3,-0.115,-0.212,9.39,3.25
1425694832182,37.491521,139.918806,3,-0.074,-0.101,9.102,3.25
1425694832283,37.491521,139.918803,3,-0.053,-0.074,9.111,3.25
1425694832383,37.491522,139.918799,3,-0.094,-0.107,9.137,3.25
1425694832484,37.491522,139.918796,3,-0.144,-0.244,9.32,3.241
1425694832585,37.491522,139.918793,3,-0.345,-0.355,9.946,3.215
1425694832681,37.491522,139.91879,3,-0.482,-0.32,9.938,3.19
1425694832781,37.491523,139.918787,3,-0.287,-0.166,9.32,3.165
1425694832882,37.491523,139.918784,3,-0.074,-0.004,8.943,3.14
1425694832983,37.491523,139.918781,3,-0.023,0.099,8.903,3.114
1425694833083,37.491523,139.918778,3,-0.077,0.091,9.164,3.089
1425694833184,37.491523,139.918775,3,-0.172,-0.064,9.484,3.065
1425694833285,37.491524,139.918772,3,-0.082,-0.185,9.663,3.04
1425694833381,37.491524,139.918769,3,0.082,-0.235,9.663,3.017
1425694833481,37.491524,139.918766,3,0.232,-0.224,9.756,3.0
1425694833582,37.491524,139.918763,3,0.231,-0.085,9.459,3.0
1425694833683,37.491525,139.91876,3,0.043,0.011,9.019,3.0
1425694833783,37.491525,139.918757,3,-0.077,0.033,8.958,3.0
1425694833884,37.491525,139.918754,3,-0.269,-0.002,9.187,3.0
1425694833985,37.491526,139.918751,3,-0.443,-0.038,9.242,3.0
1425694834085,37.491526,139.918748,3,-0.505,-0.085,9.227,3.0
1425694834181,37.491526,139.918745,3,-0.526,-0.111,9.407,3.0
1425694834282,37.491526,139.918742,3,-0.298,-0.053,9.514,3.0
1425694834383,37.491527,139.918739,3,0.071,0.034,9.384,3.0
1425694834483,37.491527,139.918736,4,0.376,0.142,9.086,2.982
1425694834584,37.491527,139.918734,4,0.43,0.141,9.05,2.928
1425694834685,37.491527,139.918731,4,0.412,0.003,9.517,2.874
1425694834785,37.491527,139.918728,4,0.316,-0.139,9.818,2.822
1425694834881,37.491527,139.918726,4,0.14,-0.214,9.773,2.773
1425694834982,37.491526,139.918724,4,0.035,-0.133,9.437,2.723
1425694835082,37.491526,139.918721,4,-0.003,-0.007,9.062,2.673
1425694835183,37.491526,139.918719,4,-0.113,0.029,9.187,2.625
1425694835284,37.491526,139.918717,4,-0.18,-0.004,9.497,2.577
1425694835385,37.491526,139.918714,4,-0.233,0.013,9.346,2.53
1425694835485,37.491526,139.918712,4,-0.184,0.016,9.151,2.5
1425694835581,37.491526,139.91871,4,-0.121,-0.056,9.328,2.5
1425694835682,37.491526,139.918707,4,-0.14,-0.11,9.578,2.5
1425694835782,37.491526,139.918705,4,-0.113,-0.092,9.551,2.5
1425694835883,37.491526,139.918702,4,-0.134,-0.027,9.408,2.5
1425694835984,37.491525,139.9187,4,-0.163,0.0,9.303,2.5
1425694836085,37.491525,139.918697,4,-0.079,-0.019,9.479,2.5
1425694836185,37.491525,139.918695,4,0.067,-0.029,9.416,2.5
1425694836281,37.491525,139.918692,4,0.226,-0.104,9.587,2.5
1425694836382,37.491525,139.91869,4,0.355,-0.145,9.668,2.5
1425694836482,37.491525,139.918687,4,0.398,-0.106,9.467,2.492
1425694836583,37.491525,139.918685,4,0.318,-0.048,9.27,2.465
1425694836684,37.491525,139.918682,4,0.171,0.05,9.231,2.439
1425694836784,37.491525,139.91868,4,-0.039,0.05,9.3,2.414
1425694836885,37.491525,139.918678,4,-0.17,0.002,9.435,2.388
1425694836981,37.491526,139.918675,4,-0.173,-0.002,9.532,2.364
1425694837082,37.491526,139.918673,4,-0.132,0.069,9.418,2.339
1425694837182,37.491526,139.918671,4,-0.074,0.118,9.158,2.314
1425694837283,37.491526,139.918669,4,-0.071,0.077,9.267,2.29
1425694837384,37.491526,139.918666,4,-0.072,0.01,9.44,2.266
1425694837484,37.491526,139.918664,3,-0.014,0.058,9.436,2.25
1425694837585,37.491527,139.918662,3,-0.075,0.015,9.578,2.25
1425694837681,37.491527,139.91866,3,-0.179,0.08,9.448,2.25
1425694837781,37.491528,139.918657,3,-0.239,0.109,9.015,2.25
1425694837882,37.491528,139.918655,3,-0.246,0.075,8.983,2.25
1425694837983,37.491529,139.918653,3,-0.081,0.043,9.153,2.25
1425694838084,37.491529,139.91865,3,0.113,-0.0,9.402,2.25
1425694838184,37.49153,139.918648,3,0.201,-0.034,9.728,2.25
1425694838285,37.49153,139.918646,3,0.185,-0.014,9.794,2.25
1425694838381,37.491531,139.918644,3,0.109,0.046,9.445,2.25
1425694838481,37.491531,139.918641,3,0.008,0.096,9.026,2.25
1425694838582,37.491531,139.918639,3,-0.033,0.078,8.971,2.25
1425694838683,37.491532,139.918637,3,0.009,0.037,9.322,2.25
1425694838783,37.491532,139.918634,3,0.079,0.014,9.655,2.25
1425694838884,37.491532,139.918632,3,0.09,-0.0,9.617,2.25
1425694838985,37.491533,139.91863,3,0.04,0.044,9.255,2.25
1425694839081,37.491533,139.918627,3,-0.01,0.066,8.985,2.25
1425694839181,37.491533,139.918625,3,-0.024,0.029,9.249,2.25
1425694839282,37.491534,139.918623,3,0.057,-0.057,9.701,2.25
1425694839383,37.491534,139.918621,3,0.116,-0.033,9.52,2.25
1425694839483,37.491534,139.918618,3,0.077,0.015,9.139,2.25
1425694839584,37.491534,139.918616,3,-0.003,0.008,9.278,2.25
1425694839685,37.491534,139.918613,3,-0.032,-0.102,9.494,2.25
1425694839781,37.491535,139.918611,3,-0.031,-0.332,9.355,2.25
1425694839881,37.491535,139.918609,3,0.015,-0.546,9.177,2.25
1425694839982,37.491535,139.918606,3,0.07,-0.713,9.239,2.25
1425694840083,37.491535,139.918604,3,0.08,-0.849,9.444,2.25
1425694840183,37.491535,139.918601,3,0.047,-0.71,9.685,2.25
1425694840284,37.491536,139.918599,3,-0.034,-0.425,9.689,2.25
1425694840385,37.491536,139.918597,3,-0.077,-0.203,9.372,2.25
1425694840486,37.491536,139.918594,3,-0.07,-0.057,8.993,2.24
1425694840581,37.491536,139.918592,3,-0.051,-0.261,8.867,2.216
1425694840682,37.491536,139.91859,3,-0.006,-0.769,9.088,2.189
1425694840783,37.491536,139.918588,3,-0.004,-1.164,9.579,2.163
1425694840883,37.491536,139.918586,3,0.037,-1.017,10.083,2.138
1425694840984,37.491537,139.918583,3,0.047,-0.628,9.988,2.113
1425694841085,37.491537,139.918581,3,0.038,-0.263,9.328,2.088
1425694841185,37.491537,139.918579,3,0.053,-0.01,8.743,2.063
1425694841281,37.491537,139.918577,3,0.061,-0.006,8.698,2.04
1425694841382,37.491537,139.918575,3,-0.0,-0.457,9.009,2.016
1425694841482,37.491537,139.918573,3,-0.046,-0.854,9.574,2.0
1425694841583,37.491537,139.918571,3,-0.051,-1.095,9.971,2.0
1425694841684,37.491537,139.918569,3,-0.04,-1.137,9.872,2.0
1425694841785,37.491537,139.918567,3,-0.027,-0.968,9.461,2.0
1425694841885,37.491537,139.918565,3,-0.042,-0.809,9.057,2.0
1425694841981,37.491538,139.918563,3,-0.036,-0.73,8.951,2.0
1425694842082,37.491538,139.918561,3,-0.004,-0.75,9.246,2.0
1425694842182,37.491538,139.918559,3,0.037,-0.831,9.561,2.0
1425694842283,37.491538,139.918557,3,0.046,-0.994,9.506,2.0
1425694842384,37.491538,139.918555,3,0.003,-1.196,9.278,2.0
1425694842485,37.491538,139.918555,3,-0.077,-1.423,9.178,1.862
1425694842585,37.491537,139.918557,3,-0.167,-1.542,9.385,1.496
1425694842681,37.491537,139.918558,3,-0.13,-1.038,9.865,1.183
1425694842782,37.491537,139.91856,3,-0.032,-0.355,9.896,0.892
1425694842882,37.491537,139.918561,3,0.059,0.079,9.328,0.645
1425694842983,37.491536,139.918563,3,0.095,0.235,8.799,0.436
1425694843084,37.491536,139.918564,3,0.095,0.231,8.836,0.268
1425694843184,37.491536,139.918564,3,0.063,0.13,9.317,0.142
1425694843285,37.491536,139.918565,3,0.047,0.04,9.742,0.054
1425694843381,37.491536,139.918565,3,0.056,0.041,9.698,0.01
1425694848381,37.491535,139.918561,3,0.097,0.483,9.519,0.477
1425694848482,37.491535,139.918561,3,0.145,0.602,9.882,0.469
1425694848582,37.491535,139.918561,3,0.176,0.537,9.389,0.377
1425694848683,37.491535,139.918561,3,0.119,0.431,8.819,0.294
1425694848784,37.491535,139.91856,3,0.031,0.327,8.756,0.222
1425694848885,37.491535,139.91856,3,-0.018,0.203,9.182,0.16
1425694848985,37.491535,139.91856,3,-0.005,0.087,9.641,0.108
1425694849081,37.491535,139.91856,3,0.086,0.123,9.731,0.068
1425694849182,37.491535,139.91856,3,0.157,0.28,9.463,0.036
1425694849282,37.491535,139.91856,3,0.203,0.637,9.341,0.014
1425694857384,37.491557,139.918393,5,0.221,1.049,9.382,2.25
1425694857485,37.491558,139.91839,5,0.871,0.603,9.358,2.25
1425694857586,37.491559,139.918388,5,1.404,0.137,9.67,2.25
1425694857681,37.49156,139.918385,5,1.622,-0.122,9.475,2.25
1425694857787,37.491562,139.918383,5,1.705,-0.263,9.261,2.25
1425694857883,37.491563,139.91838,5,1.665,-0.348,9.455,2.25
1425694857982,37.491565,139.918378,5,1.583,-0.436,9.939,2.25
1425694858084,37.491567,139.918375,5,1.346,-0.373,9.657,2.25
1425694858183,37.491568,139.918373,5,1.061,-0.307,9.304,2.25
1425694858281,37.491569,139.91837,5,0.888,-0.233,9.239,2.25
1425694858381,37.491571,139.918368,5,0.829,-0.145,9.042,2.25
1425694858482,37.491573,139.918366,6,0.881,-0.121,8.963,2.258
1425694858583,37.491576,139.918365,6,0.963,-0.137,9.159,2.282
1425694858683,37.491578,139.918364,6,1.05,-0.163,9.229,2.306
1425694858785,37.491581,139.918363,6,1.166,-0.246,9.31,2.331
1425694858885,37.491584,139.918363,6,1.238,-0.309,9.586,2.356
1425694858981,37.491587,139.918362,6,1.227,-0.252,9.501,2.379
1425694859081,37.49159,139.918361,6,1.185,-0.221,9.204,2.405
1425694859182,37.491593,139.91836,6,1.079,-0.207,8.973,2.43
1425694859283,37.491596,139.918359,6,1.126,-0.252,9.036,2.456
1425694859383,37.491599,139.918359,6,1.191,-0.418,9.302,2.482
1425694859484,37.491602,139.918358,6,1.155,-0.588,9.659,2.5
1425694859585,37.491605,139.918358,6,1.037,-0.655,9.825,2.5
1425694859685,37.491608,139.918358,6,0.921,-0.627,9.564,2.5
1425694859781,37.491611,139.918359,6,0.911,-0.566,9.285,2.5
1425694859882,37.491614,139.918359,6,0.907,-0.504,9.131,2.5
1425694859983,37.491618,139.918359,6,0.886,-0.483,9.236,2.5
1425694860083,37.491621,139.918359,6,0.853,-0.491,9.612,2.5
1425694860184,37.491624,139.918359,6,0.682,-0.462,9.628,2.5
1425694860285,37.491627,139.91836,6,0.432,-0.361,9.188,2.5
1425694860385,37.49163,139.91836,6,0.17,-0.33,9.094,2.5
1425694860481,37.491633,139.91836,6,0.042,-0.302,9.445,2.514
1425694860582,37.491636,139.91836,6,0.042,-0.275,9.548,2.561
1425694860682,37.49164,139.918361,6,0.186,-0.214,9.303,2.608
1425694860783,37.491643,139.918361,6,0.372,-0.212,9.24,2.656
1425694860884,37.491646,139.918362,6,0.493,-0.164,9.274,2.706
1425694860985,37.49165,139.918362,6,0.584,-0.199,9.385,2.756
1425694861085,37.491653,139.918362,6,0.703,-0.239,9.613,2.807
1425694861181,37.491657,139.918363,6,0.689,-0.219,9.661,2.857
1425694861282,37.491661,139.918363,6,0.507,-0.162,9.507,2.91
1425694861382,37.491664,139.918364,6,0.302,-0.122,9.319,2.963
1425694861483,37.491668,139.918364,6,0.195,-0.118,9.282,3.0
1425694861585,37.491672,139.918365,6,0.14,-0.121,9.271,3.0
1425694861685,37.491675,139.918365,6,0.153,-0.178,9.151,3.0
1425694861785,37.491679,139.918365,6,0.218,-0.268,9.203,3.0
1425694861881,37.491682,139.918366,6,0.306,-0.343,9.386,3.0
1425694861982,37.491686,139.918366,6,0.321,-0.41,9.488,3.0
1425694862082,37.491689,139.918367,6,0.282,-0.417,9.454,3.0
1425694862183,37.491693,139.918367,6,0.204,-0.36,9.423,3.0
1425694862284,37.491696,139.918367,6,0.127,-0.278,9.415,3.0
1425694862384,37.4917,139.918368,6,0.04,-0.194,9.428,3.0
1425694862485,37.491703,139.918368,6,-0.039,-0.087,9.207,2.981
1425694862581,37.491705,139.918369,6,-0.175,-0.038,9.079,2.929
1425694862682,37.491708,139.918369,6,-0.342,-0.031,9.076,2.876
1425694862782,37.49171,139.91837,6,-0.33,-0.09,9.374,2.824
1425694862883,37.491713,139.91837,6,-0.133,-0.127,9.614,2.772
1425694862984,37.491715,139.918371,6,0.166,-0.073,9.483,2.722
1425694863084,37.491718,139.918371,6,0.43,-0.04,9.278,2.672
1425694863185,37.49172,139.918372,6,0.613,-0.026,9.267,2.624
1425694863281,37.491722,139.918372,6,0.678,-0.061,9.375,2.578
1425694863381,37.491724,139.918373,6,0.646,-0.084,9.535,2.532
1425694863482,37.491727,139.918373,7,0.558,-0.098,9.457,2.5
1425694863583,37.49173,139.918374,7,0.477,-0.206,9.185,2.5
1425694863684,37.491732,139.918374,7,0.484,-0.382,9.159,2.5
1425694863784,37.491735,139.918375,7,0.521,-0.768,9.209,2.5
1425694863885,37.491738,139.918376,7,0.512,-1.167,9.341,2.5
1425694863981,37.49174,139.918376,7,0.447,-1.514,9.45,2.5
1425694864081,37.491743,139.918377,7,0.315,-1.79,9.517,2.5
1425694864182,37.491746,139.918377,7,0.219,-1.895,9.54,2.5
1425694864283,37.491748,139.918378,7,0.164,-1.866,9.553,2.5
1425694864383,37.491751,139.918379,7,0.126,-1.745,9.496,2.5
1425694864484,37.491754,139.918379,7,0.084,-1.544,9.34,2.491
1425694864585,37.491756,139.91838,7,0.047,-1.374,9.215,2.465
1425694864681,37.491758,139.918381,7,0.007,-1.284,9.26,2.44
1425694864781,37.491761,139.918381,7,-0.056,-1.248,9.363,2.414
1425694864882,37.491763,139.918382,7,-0.089,-1.26,9.385,2.389
1425694864983,37.491765,139.918383,7,-0.049,-1.249,9.342,2.363
1425694865083,37.491767,139.918384,7,0.015,-1.221,9.258,2.339
1425694865184,37.491769,139.918384,7,0.058,-1.195,9.252,2.314
1425694865285,37.491772,139.918385,7,0.079,-1.198,9.379,2.289
1425694865385,37.491774,139.918386,7,0.028,-1.254,9.411,2.265
1425694865481,37.491776,139.918386,6,-0.049,-1.347,9.299,2.242
1425694865582,37.491777,139.918387,6,-0.108,-1.483,9.246,2.215
1425694865683,37.491779,139.918387,6,-0.152,-1.644,9.257,2.189
1425694865783,37.491781,139.918387,6,-0.11,-1.731,9.393,2.163
1425694865884,37.491783,139.918388,6,0.022,-1.155,9.783,2.138
1425694865985,37.491784,139.918388,6,0.131,-0.346,9.848,2.113
1425694866085,37.491786,139.918389,6,0.154,0.225,9.355,2.088
1425694866181,37.491788,139.918389,6,0.135,0.441,8.818,2.064
1425694866282,37.491789,139.918389,6,0.146,0.452,8.73,2.04
1425694866382,37.491791,139.91839,6,0.157,0.307,9.161,2.016
1425694866483,37.491791,139.91839,6,0.159,0.05,9.585,1.87
1425694866584,37.49179,139.91839,6,0.113,-0.17,9.678,1.5
1425694866685,37.491788,139.91839,6,0.052,-0.19,9.509,1.17
1425694866785,37.491787,139.918389,6,0.036,-0.048,9.351,0.884
1425694866881,37.491786,139.918389,6,0.038,0.055,9.253,0.648
1425694866982,37.491785,139.918389,6,0.08,0.102,9.257,0.438
1425694867082,37.491784,139.918389,6,0.14,0.127,9.396,0.271
1425694867183,37.491784,139.918389,6,0.18,0.149,9.438,0.143
1425694867284,37.491783,139.918389,6,0.168,0.189,9.362,0.055
1425694867385,37.491783,139.918389,6,0.128,0.182,9.287,0.008
1425694901379,37.492414,139.918663,6,0.091,0.122,9.334,5.982
1425694901384,37.492414,139.918664,6,0.093,0.125,9.337,5.983
1425694901484,37.492419,139.918668,7,0.215,0.229,9.288,5.991
1425694901585,37.492423,139.918673,7,0.177,0.267,9.164,5.966
1425694901681,37.492426,139.918678,7,0.192,0.329,9.105,5.941
1425694901781,37.49243,139.918682,7,0.199,0.364,9.285,5.916
1425694901882,37.492434,139.918687,7,0.235,0.338,9.394,5.891
1425694901983,37.492437,139.918692,7,0.213,0.253,9.43,5.865
1425694902083,37.492441,139.918697,7,0.175,0.142,9.556,5.841
1425694902184,37.492445,139.918702,7,0.231,0.099,9.428,5.815
1425694902285,37.492448,139.918707,7,0.173,0.069,9.232,5.791
1425694902381,37.492452,139.918712,7,0.077,-0.116,9.445,5.767
1425694902481,37.492455,139.918716,7,0.07,-0.25,9.543,5.758
1425694902582,37.49246,139.918719,7,0.115,-0.166,9.461,5.782
1425694902683,37.492465,139.918722,7,0.128,-0.112,9.343,5.807
1425694902783,37.49247,139.918725,7,0.121,-0.133,9.252,5.832
1425694902884,37.492475,139.918727,7,0.138,-0.128,9.322,5.857
1425694902985,37.492479,139.91873,7,0.132,-0.151,9.485,5.882
1425694903081,37.492484,139.918733,7,0.086,-0.25,9.561,5.907
1425694903181,37.492489,139.918736,7,0.08,-0.169,9.215,5.932
1425694903282,37.492494,139.918739,7,0.11,-0.136,9.275,5.957
1425694903383,37.492499,139.918742,7,0.025,-0.173,9.482,5.983
1425694903483,37.492504,139.918745,5,-0.067,-0.157,9.37,5.983
1425694903584,37.492508,139.918749,5,-0.08,-0.203,9.276,5.93
1425694903685,37.492513,139.918752,5,0.035,-0.145,9.435,5.879
1425694903785,37.492518,139.918756,5,0.156,-0.148,9.294,5.828
1425694903881,37.492522,139.918759,5,0.218,-0.134,9.252,5.779
1425694903982,37.492526,139.918762,5,0.23,-0.142,9.369,5.729
1425694904083,37.492531,139.918766,5,0.176,-0.093,9.348,5.678
1425694904183,37.492535,139.918769,5,0.145,-0.063,9.33,5.629
1425694904284,37.49254,139.918773,5,0.123,-0.04,9.539,5.58
1425694910382,37.492861,139.918985,5,0.126,0.139,9.529,7.446
1425694910483,37.492867,139.918989,6,0.047,-0.042,9.871,7.508
1425694910583,37.492873,139.918994,6,0.027,-0.104,9.804,7.533
1425694910684,37.492879,139.918998,6,0.068,-0.074,9.199,7.558
1425694910785,37.492885,139.919002,6,0.123,-0.131,9.052,7.583
1425694910885,37.492891,139.919007,6,0.209,-0.087,9.436,7.608
1425694910981,37.492897,139.919011,6,0.198,-0.046,9.556,7.632
1425694911082,37.492903,139.919015,6,0.131,0.071,9.339,7.657
1425694911182,37.492909,139.919019,6,0.041,0.258,9.193,7.682
1425694911283,37.492915,139.919024,6,0.033,0.374,9.448,7.708
1425694916379,37.493176,139.919222,7,0.075,0.468,9.302,6.963
1425694916384,37.493177,139.919222,7,0.078,0.465,9.287,6.966
1425694916485,37.493182,139.919226,7,0.094,0.219,9.244,6.982
1425694916585,37.493187,139.919231,7,0.063,0.005,9.4,6.93
1425694916681,37.493191,139.919235,7,0.114,-0.054,9.317,6.881
1425694916782,37.493196,139.919239,7,0.061,-0.115,9.405,6.83
1425694916883,37.493201,139.919243,7,0.018,-0.149,9.349,6.779
1425694916983,37.493206,139.919247,7,0.049,-0.174,9.336,6.729
1425694917084,37.493211,139.919251,7,0.138,-0.192,9.439,6.679
1425694917185,37.493216,139.919255,7,0.163,-0.2,9.466,6.629
1425694917285,37.49322,139.919259,7,0.268,-0.129,9.033,6.58
1425694917381,37.493225,139.919263,7,0.352,-0.028,8.593,6.533
1425694917482,37.49323,139.919267,6,0.339,-0.171,9.406,6.508
1425694917583,37.493235,139.91927,6,0.39,-0.301,10.106,6.533
1425694917683,37.493241,139.919273,6,0.452,-0.338,9.878,6.557
1425694917784,37.493246,139.919276,6,0.438,-0.27,9.274,6.582
1425694917885,37.493252,139.919279,6,0.38,-0.144,9.081,6.608
1425694917985,37.493258,139.919282,6,0.335,-0.139,9.381,6.633
1425694918081,37.493263,139.919285,6,0.306,-0.188,9.687,6.657
1425694918182,37.493269,139.919288,6,0.247,-0.131,9.473,6.682
1425694918282,37.493274,139.919291,6,0.198,-0.133,9.248,6.707
1425694918383,37.49328,139.919294,6,0.194,-0.162,9.487,6.733
1425694918484,37.493286,139.919297,8,0.236,-0.208,9.481,6.741
1425694918584,37.493292,139.919301,8,0.16,-0.14,9.409,6.716
1425694918685,37.493298,139.919305,8,0.029,-0.17,9.48,6.69
1425694918781,37.493303,139.919308,8,-0.108,-0.188,9.316,6.666
1425694918882,37.493309,139.919312,8,-0.123,-0.148,8.907,6.641
1425694918982,37.493315,139.919315,8,-0.052,-0.106,8.979,6.616
1425694919083,37.493321,139.919319,8,0.065,-0.107,9.268,6.591
1425694919184,37.493327,139.919323,8,0.114,-0.24,9.812,6.566
1425694919284,37.493333,139.919326,8,0.281,-0.252,9.978,6.541
1425694919385,37.493338,139.91933,8,0.303,-0.15,9.476,6.516
1425694919481,37.493343,139.919333,8,0.171,-0.11,9.079,6.475
1425694919582,37.493347,139.919335,8,0.027,-0.154,9.134,6.396
1425694919682,37.493351,139.919338,8,-0.043,-0.166,9.379,6.318
1425694919783,37.493354,139.91934,8,-0.074,-0.149,9.393,6.24
1425694919884,37.493358,139.919342,8,-0.042,-0.156,9.279,6.163
1425694919984,37.493362,139.919345,8,-0.009,-0.257,9.437,6.088
1425694920085,37.493365,139.919347,8,0.177,-0.233,9.668,6.013
1425694920181,37.493369,139.919349,8,0.281,-0.288,9.939,5.943
1425694920281,37.493372,139.919351,8,0.03,-0.313,10.014,5.87
1425694920382,37.493376,139.919354,8,-0.122,-0.115,8.863,5.798
1425694920483,37.493379,139.919356,7,-0.096,0.011,8.715,5.742
1425694920584,37.493383,139.919359,7,-0.065,-0.016,8.988,5.716
1425694920684,37.493387,139.919361,7,-0.116,-0.001,8.914,5.691
1425694920785,37.493391,139.919364,7,-0.091,-0.106,9.01,5.665
1425694920881,37.493395,139.919366,7,-0.035,-0.188,9.28,5.641
1425694920982,37.493398,139.919369,7,0.107,-0.193,9.432,5.616
1425694921082,37.493402,139.919372,7,0.146,-0.346,10.041,5.591
1425694921183,37.493406,139.919374,7,0.071,-0.436,10.555,5.566
1425694921284,37.49341,139.919377,7,0.006,-0.38,10.041,5.541
1425694921384,37.493414,139.919379,7,0.023,-0.169,9.118,5.516
1425694921485,37.493418,139.919382,7,-0.009,-0.029,8.477,5.491
1425694921581,37.493423,139.919385,7,-0.007,-0.0,8.863,5.467
1425694921681,37.493428,139.919387,7,0.027,-0.135,9.568,5.441
1425694921782,37.493433,139.91939,7,0.112,-0.222,9.852,5.416
1425694921883,37.493437,139.919393,7,0.162,-0.196,9.538,5.39
1425694921983,37.493442,139.919396,7,0.12,-0.138,9.131,5.365
1425694922084,37.493447,139.919398,7,0.038,-0.047,8.822,5.34
1425694922185,37.493452,139.919401,7,0.018,-0.089,9.264,5.315
1425694922281,37.493457,139.919404,7,0.079,-0.18,9.874,5.291
1425694922381,37.493462,139.919406,7,0.114,-0.191,9.879,5.267
1425694922482,37.493466,139.919409,7,0.159,-0.139,9.24,5.242
1425694922583,37.493469,139.919412,7,0.2,-0.164,9.364,5.216
1425694922683,37.493473,139.919415,7,0.168,-0.151,9.346,5.191
1425694922784,37.493476,139.919419,7,0.085,-0.113,9.127,5.165
1425694922885,37.49348,139.919422,7,-0.033,-0.119,9.26,5.14
1425694922985,37.493483,139.919425,7,0.005,-0.123,9.337,5.115
1425694923081,37.493486,139.919428,7,0.112,-0.124,9.354,5.091
1425694923182,37.493489,139.919431,7,0.175,-0.142,9.221,5.066
1425694923283,37.493493,139.919434,7,0.2,-0.151,9.263,5.041
1425694923383,37.493496,139.919437,7,0.196,-0.148,9.43,5.016
1425694923484,37.4935,139.91944,8,0.211,-0.227,9.563,5.016
1425694923585,37.493505,139.919442,8,0.169,-0.233,9.53,5.065
1425694923685,37.49351,139.919445,8,0.097,-0.184,9.499,5.113
1425694923781,37.493515,139.919447,8,0.04,-0.115,9.305,5.16
1425694923882,37.49352,139.91945,8,0.01,-0.127,9.246,5.21
1425694923982,37.493526,139.919453,8,0.039,-0.152,9.34,5.26
1425694924083,37.493531,139.919455,8,0.054,-0.131,9.424,5.311
1425694924184,37.493536,139.919458,8,0.081,-0.097,9.308,5.362
1425694924285,37.493542,139.919461,8,0.104,-0.054,9.075,5.414
1425694924385,37.493547,139.919463,8,0.029,-0.086,9.196,5.466
1425694924481,37.493552,139.919466,8,-0.043,-0.114,9.492,5.492
1425694924582,37.493556,139.919469,8,-0.054,-0.131,9.449,5.466
1425694924682,37.49356,139.919473,8,-0.037,-0.152,9.434,5.441
1425694924783,37.493563,139.919476,8,0.009,-0.137,9.535,5.415
1425694924884,37.493567,139.91948,8,0.013,-0.158,9.432,5.39
1425694924984,37.49357,139.919483,8,0.022,-0.132,9.379,5.365
1425694925085,37.493574,139.919486,8,0.058,-0.136,9.452,5.34
1425694925181,37.493577,139.919489,8,0.094,-0.12,9.431,5.316
1425694925282,37.493581,139.919493,8,0.066,-0.064,9.21,5.291
1425694925382,37.493585,139.919496,8,0.03,-0.058,9.285,5.267
1425694925483,37.493588,139.919499,8,0.08,-0.098,9.455,5.25
1425694925584,37.493592,139.919501,8,0.113,-0.114,9.476,5.25
1425694925684,37.493596,139.919504,8,0.183,-0.077,9.354,5.25
1425694925785,37.4936,139.919506,8,0.167,-0.038,9.353,5.25
1425694925881,37.493603,139.919509,8,0.113,0.001,9.429,5.25
1425694925981,37.493607,139.919511,8,0.064,0.055,9.287,5.25
1425694926082,37.493611,139.919514,8,0.063,0.131,9.262,5.25
1425694926183,37.493615,139.919516,8,0.059,0.088,9.448,5.25
1425694926284,37.493619,139.919519,8,0.061,0.088,9.555,5.25
1425694926384,37.493622,139.919521,8,0.131,0.165,9.303,5.25
1425694926485,37.493626,139.919524,8,0.21,0.18,9.135,5.232
1425694926581,37.49363,139.919527,8,0.3,0.175,9.241,5.182
1425694926681,37.493633,139.919529,8,0.312,0.153,9.414,5.13
1425694926782,37.493636,139.919532,8,0.298,0.126,9.449,5.078
1425694926883,37.49364,139.919535,8,0.309,0.095,9.576,5.027
1425694926984,37.493643,139.919538,8,0.272,0.15,9.378,4.977
1425694927085,37.493646,139.91954,8,0.314,0.158,9.178,4.927
1425694927185,37.49365,139.919543,8,0.304,0.114,9.24,4.878
1425694927281,37.493653,139.919546,8,0.288,0.089,9.418,4.831
1425694927381,37.493656,139.919548,8,0.315,0.063,9.518,4.783
1425694927482,37.493659,139.919551,7,0.338,0.095,9.425,4.758
1425694927583,37.493664,139.919552,7,0.311,0.134,9.194,4.783
1425694927683,37.493669,139.919554,7,0.266,0.142,9.297,4.807
1425694927784,37.493674,139.919556,7,0.255,0.114,9.446,4.832
1425694927885,37.493679,139.919558,7,0.229,0.075,9.507,4.857
1425694927981,37.493683,139.91956,7,0.189,0.076,9.47,4.881
1425694928081,37.493688,139.919562,7,0.149,0.101,9.35,4.906
1425694928182,37.493693,139.919564,7,0.103,0.097,9.307,4.932
1425694928283,37.493698,139.919566,7,0.06,0.089,9.452,4.957
1425694928383,37.493703,139.919568,7,0.159,0.133,9.399,4.983
1425694935383,37.494031,139.919785,5,0.162,0.136,9.394,6.465
1425694938379,37.494175,139.919881,4,0.163,0.138,9.394,6.5
1425694942382,37.494375,139.920036,5,0.161,0.137,9.394,6.767
1425694944381,37.494481,139.920123,4,0.157,0.135,9.394,6.982
1425694944482,37.494487,139.920127,4,0.048,0.011,9.732,7.0
1425694944582,37.494492,139.920131,4,-0.009,-0.081,9.591,7.0
1425694944683,37.494498,139.920134,4,-0.032,-0.13,9.34,7.0
1425694944784,37.494503,139.920138,4,0.005,-0.098,9.108,7.0
1425694944884,37.494508,139.920141,4,-0.009,-0.121,9.298,7.0
1425694944985,37.494514,139.920145,4,0.071,-0.126,9.245,7.0
1425694945081,37.494519,139.920148,4,0.142,-0.193,9.356,7.0
1425694945182,37.494525,139.920152,4,0.169,-0.213,9.417,7.0
1425694945282,37.49453,139.920155,4,0.131,-0.201,9.491,7.0
1425694945383,37.494535,139.920159,4,0.021,-0.235,9.546,7.0
1425694945484,37.494541,139.920162,4,0.023,-0.217,9.315,6.991
1425694945584,37.494546,139.920165,4,0.152,-0.091,9.209,6.966
1425694945685,37.494552,139.920168,4,0.111,-0.1,9.28,6.94
1425694945781,37.494557,139.920171,4,0.041,-0.192,9.368,6.916
1425694945881,37.494562,139.920174,4,0.007,-0.233,9.538,6.891
1425694945982,37.494567,139.920177,4,-0.019,-0.173,9.494,6.866
1425694946083,37.494573,139.92018,4,-0.06,-0.183,9.292,6.841
1425694946184,37.494578,139.920183,4,-0.018,-0.206,9.313,6.816
1425694946284,37.494583,139.920186,4,0.104,-0.189,9.316,6.791
1425694946385,37.494589,139.920189,4,0.207,-0.128,9.26,6.766
1425694946481,37.494594,139.920192,4,0.207,-0.11,9.32,6.734
1425694946581,37.494599,139.920195,4,0.102,-0.176,9.588,6.682
1425694946682,37.494603,139.920199,4,0.082,-0.253,9.851,6.631
1425694946783,37.494608,139.920202,4,0.099,-0.164,9.496,6.579
1425694946883,37.494613,139.920205,4,0.124,-0.059,9.053,6.529
1425694946984,37.494618,139.920208,4,0.164,-0.012,9.099,6.478
1425694947085,37.494623,139.920212,4,0.182,-0.098,9.39,6.428
1425694947181,37.494627,139.920215,4,0.187,-0.133,9.491,6.381
1425694947281,37.494632,139.920218,4,0.095,-0.161,9.558,6.332
1425694947382,37.494637,139.920221,4,-0.07,-0.232,9.593,6.283
1425694947483,37.494642,139.920224,5,-0.168,-0.214,9.448,6.242
1425694947583,37.494648,139.920227,5,-0.104,-0.181,9.202,6.216
1425694947684,37.494654,139.920229,5,-0.052,-0.196,9.316,6.191
1425694947785,37.494659,139.920232,5,0.045,-0.204,9.56,6.165
1425694947881,37.494665,139.920234,5,0.171,-0.326,9.945,6.141
1425694947981,37.494671,139.920237,5,0.127,-0.25,9.708,6.116
1425694948082,37.494676,139.92024,5,-0.043,-0.1,9.173,6.091
1425694948183,37.494682,139.920242,5,-0.112,0.059,8.831,6.066
1425694948283,37.494688,139.920245,5,-0.154,0.113,9.094,6.041
1425694948384,37.494693,139.920247,5,-0.069,0.159,9.659,6.016
1425694948485,37.494699,139.92025,5,0.045,0.243,9.444,6.009
1425694948585,37.494704,139.920253,5,0.091,0.431,9.074,6.033
1425694948681,37.49471,139.920256,5,0.189,0.574,9.092,6.057
1425694948782,37.494715,139.920259,5,0.203,0.536,9.306,6.082
1425694948882,37.494721,139.920262,5,0.113,0.458,9.436,6.107
1425694948983,37.494727,139.920265,5,-0.097,0.396,9.453,6.132
1425694949084,37.494732,139.920269,5,-0.279,0.423,9.198,6.157
1425694949185,37.494738,139.920272,5,-0.316,0.385,9.199,6.183
1425694949285,37.494744,139.920275,5,-0.235,0.339,9.431,6.208
1425694949381,37.494749,139.920278,5,-0.164,0.276,9.403,6.232
1425694949482,37.494754,139.920281,5,-0.099,0.207,9.043,6.242
1425694949582,37.494759,139.920285,5,-0.141,-0.023,9.232,6.216
1425694949683,37.494764,139.920288,5,-0.248,-0.269,9.581,6.191
1425694949784,37.494768,139.920292,5,-0.283,-0.208,9.666,6.165
1425694949885,37.494773,139.920295,5,-0.424,-0.145,9.731,6.14
1425694949985,37.494777,139.920299,5,-0.474,-0.194,9.418,6.115
1425694950081,37.494782,139.920302,5,-0.43,-0.191,9.293,6.091
1425694950182,37.494786,139.920306,5,-0.387,-0.124,9.433,6.066
1425694950282,37.494791,139.920309,5,-0.331,-0.012,9.235,6.041
1425694950383,37.494795,139.920313,5,-0.341,0.106,8.878,6.016
1425694950484,37.4948,139.920316,5,-0.381,0.323,9.036,6.008
1425694950585,37.494805,139.920318,5,-0.367,0.414,8.974,6.033
1425694950685,37.494809,139.92032,5,-0.181,0.484,8.852,6.058
1425694950781,37.494814,139.920322,5,-0.104,0.594,8.925,6.082
1425694950882,37.494819,139.920324,5,-0.055,0.541,9.373,6.107
1425694950982,37.494824,139.920326,5,0.103,0.501,9.763,6.132
1425694951083,37.494829,139.920328,5,0.206,0.515,9.92,6.157
1425694951184,37.494834,139.92033,5,0.231,0.589,9.447,6.183
1425694951284,37.494839,139.920332,5,0.192,0.57,9.275,6.208
1425694955383,37.495103,139.920392,7,0.22,0.623,9.41,6.782
1425694957382,37.495222,139.920425,11,0.218,0.621,9.414,6.983
1425694957481,37.495228,139.920427,11,0.109,0.383,9.138,6.984
1425694957584,37.495233,139.920428,11,0.054,0.203,9.059,6.931
1425694957683,37.495238,139.92043,11,0.058,0.04,9.388,6.88
1425694957785,37.495243,139.920432,11,0.143,-0.077,10.01,6.828
1425694957881,37.495247,139.920434,11,0.073,-0.043,9.778,6.78
1425694957981,37.495252,139.920436,11,-0.114,0.047,9.034,6.73
1425694958083,37.495257,139.920438,11,-0.208,0.089,8.753,6.679
1425694958184,37.495261,139.920439,11,-0.325,0.135,8.931,6.629
1425694958284,37.495266,139.920441,11,-0.395,-0.001,9.343,6.58
1425694958384,37.49527,139.920443,11,-0.321,-0.081,9.896,6.532
1425694958485,37.495276,139.920444,10,-0.274,-0.132,9.839,6.509
1425694958581,37.495283,139.920445,10,-0.23,-0.021,9.43,6.532
1425694958681,37.495291,139.920446,10,-0.324,0.004,9.151,6.557
1425694958782,37.495298,139.920447,10,-0.239,0.095,9.176,6.582
1425694958883,37.495306,139.920448,10,-0.236,0.037,9.241,6.607
1425694958984,37.495314,139.920449,10,-0.164,0.044,9.272,6.632
1425694959084,37.495321,139.92045,10,-0.132,0.027,9.086,6.657
1425694959185,37.495329,139.920451,10,-0.108,0.036,9.274,6.683
1425694959281,37.495337,139.920451,10,-0.146,0.011,9.493,6.707
1425694959381,37.495345,139.920452,10,-0.183,0.037,9.216,6.732
1425694959482,37.495352,139.920454,10,-0.21,0.071,9.067,6.758
1425694959583,37.495357,139.920455,10,-0.205,0.01,9.285,6.783
1425694959683,37.495363,139.920457,10,-0.145,0.007,9.634,6.807
1425694959784,37.495368,139.920459,10,-0.201,-0.129,9.831,6.832
1425694959885,37.495374,139.920461,10,-0.213,-0.065,9.736,6.858
1425694959981,37.495379,139.920462,10,-0.286,0.006,9.409,6.882
1425694960081,37.495384,139.920464,10,-0.319,0.047,9.371,6.907
1425694960182,37.49539,139.920466,10,-0.278,0.075,9.216,6.932
1425694960283,37.495396,139.920468,10,-0.165,0.053,9.326,6.958
1425694960383,37.495401,139.92047,10,-0.093,0.036,9.364,6.983
1425694960484,37.495407,139.920472,8,-0.086,0.045,9.191,6.991
1425694960585,37.495413,139.920476,8,-0.067,0.039,9.444,6.966
1425694960685,37.495418,139.920479,8,-0.186,-0.054,9.752,6.94
1425694960781,37.495423,139.920482,8,-0.322,0.041,9.405,6.916
1425694960882,37.495429,139.920485,8,-0.395,0.111,8.819,6.891
1425694960983,37.495435,139.920489,8,-0.374,0.148,8.952,6.866
1425694961083,37.49544,139.920492,8,-0.335,0.072,9.422,6.841
1425694961185,37.495446,139.920495,8,-0.266,-0.002,9.675,6.815
1425694961285,37.495451,139.920499,8,-0.149,0.008,9.511,6.791
1425694961385,37.495456,139.920502,8,-0.147,0.021,9.24,6.766
1425694961481,37.495462,139.920505,8,-0.113,0.035,9.423,6.765
1425694961582,37.495469,139.920507,8,-0.147,0.024,9.594,6.814
1425694961682,37.495475,139.920509,8,-0.124,0.064,9.508,6.863
1425694961783,37.495482,139.920511,8,-0.125,0.051,9.251,6.913
1425694961884,37.495489,139.920513,8,-0.131,0.059,9.157,6.963
1425694961985,37.495496,139.920516,8,-0.033,0.015,9.699,7.013
1425694962085,37.495503,139.920518,8,-0.033,-0.032,9.779,7.063
1425694962181,37.495509,139.92052,8,-0.045,0.029,9.379,7.112
1425694962282,37.495516,139.920522,8,-0.163,0.056,8.991,7.164
1425694962382,37.495523,139.920524,8,-0.146,0.135,8.957,7.215
1425694962483,37.49553,139.920527,7,-0.139,0.127,9.2,7.233
1425694962584,37.495534,139.920528,7,-0.167,0.055,9.455,7.181
1425694962685,37.495539,139.92053,7,-0.088,0.081,9.333,7.129
1425694962785,37.495543,139.920532,7,-0.062,0.042,9.254,7.079
1425694962881,37.495548,139.920533,7,-0.015,0.026,9.531,7.03
1425694962982,37.495552,139.920535,7,-0.067,-0.018,9.784,6.98
1425694963082,37.495557,139.920537,7,-0.067,0.026,9.448,6.93
1425694963183,37.495561,139.920539,7,0.032,0.069,9.211,6.88
1425694963284,37.495566,139.92054,7,0.156,0.042,9.204,6.831
1425694963384,37.49557,139.920542,7,0.308,0.054,9.537,6.782
1425694963485,37.495575,139.920544,7,0.314,0.044,9.411,6.741
1425694963581,37.495581,139.920546,7,0.2,0.087,9.045,6.717
1425694963682,37.495587,139.920549,7,0.077,0.085,9.336,6.691
1425694963782,37.495593,139.920551,7,-0.081,0.049,9.3,6.666
1425694963883,37.495599,139.920554,7,-0.078,0.075,9.209,6.641
1425694963984,37.495605,139.920556,7,-0.028,0.064,9.438,6.615
1425694964084,37.495611,139.920559,7,-0.024,-0.038,9.763,6.59
1425694964186,37.495617,139.920561,7,0.042,-0.01,9.801,6.565
1425694964281,37.495622,139.920564,7,0.016,0.034,9.437,6.542
1425694964381,37.495628,139.920566,7,-0.048,0.098,9.064,6.517
1425694964482,37.495634,139.920568,7,-0.095,0.073,9.356,6.508
1425694964583,37.49564,139.92057,7,-0.111,0.01,9.582,6.533
1425694964684,37.495645,139.920571,7,-0.042,0.075,9.429,6.558
1425694964784,37.495651,139.920572,7,-0.015,0.055,9.224,6.582
1425694964885,37.495657,139.920574,7,0.064,0.058,9.426,6.608
1425694964981,37.495663,139.920575,7,0.053,0.029,9.621,6.632
1425694965081,37.495668,139.920576,7,-0.033,0.05,9.489,6.657
1425694965182,37.495674,139.920577,7,-0.132,0.245,8.923,6.682
1425694965283,37.49568,139.920579,7,-0.117,0.227,9.118,6.708
1425694965383,37.495686,139.92058,7,-0.074,0.126,9.646,6.733
1425694967383,37.495797,139.920618,7,-0.073,0.127,9.655,6.75
1425694967483,37.495803,139.920621,6,-0.071,0.052,9.842,6.75
1425694967584,37.495809,139.920623,6,-0.024,0.034,9.681,6.75
1425694967685,37.495815,139.920626,6,0.023,0.013,9.254,6.75
1425694967785,37.49582,139.920628,6,0.059,0.03,9.312,6.75
1425694967881,37.495826,139.92063,6,0.053,0.001,9.388,6.75
1425694967982,37.495832,139.920633,6,0.098,0.003,9.541,6.75
1425694968082,37.495838,139.920635,6,0.074,-0.006,9.47,6.75
1425694968183,37.495844,139.920638,6,0.063,0.041,9.263,6.75
1425694968284,37.495849,139.92064,6,0.006,0.051,9.288,6.75
1425694973380,37.496158,139.920738,7,-0.057,0.059,9.348,7.284
1425694973385,37.496159,139.920738,7,-0.059,0.059,9.361,7.281
1425694973485,37.496164,139.920739,7,-0.041,0.015,9.494,7.241
1425694973581,37.496171,139.920741,7,-0.03,0.016,9.555,7.217
1425694973682,37.496178,139.920742,7,-0.036,-0.019,9.416,7.191
1425694973783,37.496185,139.920744,7,-0.044,0.007,9.254,7.166
1425694973883,37.496192,139.920745,7,-0.099,0.003,9.353,7.141
1425694973984,37.496199,139.920747,7,-0.145,0.012,9.403,7.115
1425694974085,37.496205,139.920748,7,-0.207,0.039,9.145,7.09
1425694974186,37.496212,139.920749,7,-0.229,0.037,9.201,7.065
1425694974281,37.496219,139.920751,7,-0.244,-0.037,9.522,7.042
1425694974382,37.496225,139.920752,7,-0.192,-0.042,9.606,7.017
1425694974483,37.496232,139.920754,9,-0.123,-0.09,9.747,6.983
1425694974583,37.496236,139.920755,9,-0.096,-0.046,9.556,6.931
1425694974684,37.496241,139.920757,9,-0.122,0.04,9.361,6.88
1425694974785,37.496245,139.920759,9,-0.179,0.097,9.205,6.828
1425694974885,37.49625,139.920761,9,-0.223,0.11,9.004,6.778
1425694974981,37.496254,139.920762,9,-0.194,0.1,9.142,6.73
1425694975082,37.496259,139.920764,9,-0.145,0.054,9.36,6.68
1425694975182,37.496263,139.920766,9,-0.119,0.008,9.49,6.63
1425694975283,37.496268,139.920767,9,-0.145,0.018,9.517,6.581
1425694975384,37.496272,139.920769,9,-0.207,-0.001,9.464,6.532
1425694975485,37.496277,139.92077,9,-0.208,0.047,9.545,6.509
1425694975585,37.496283,139.920771,9,-0.199,0.039,9.613,6.533
1425694975681,37.49629,139.920772,9,-0.174,0.061,9.49,6.557
1425694975782,37.496296,139.920774,9,-0.148,0.071,9.381,6.582
1425694975882,37.496302,139.920775,9,-0.149,0.076,9.53,6.607
1425694975983,37.496309,139.920776,9,-0.191,0.09,9.351,6.632
1425694976084,37.496315,139.920777,9,-0.221,0.132,9.011,6.657
1425694976184,37.496322,139.920778,9,-0.248,0.168,8.608,6.683
1425694976285,37.496328,139.920779,9,-0.138,0.217,8.788,6.708
1425694976381,37.496335,139.92078,9,-0.093,0.129,9.301,6.732
1425694976482,37.496341,139.920782,8,-0.054,0.002,9.666,6.75
1425694976582,37.496346,139.920783,8,-0.043,-0.016,9.572,6.75
1425694976683,37.496352,139.920785,8,-0.09,-0.003,9.358,6.75
1425694976784,37.496357,139.920786,8,-0.073,0.061,9.402,6.75
1425694976884,37.496362,139.920788,8,-0.153,0.03,9.594,6.75
1425694976985,37.496368,139.92079,8,-0.25,0.16,9.085,6.75
1425694977081,37.496373,139.920791,8,-0.165,0.166,8.658,6.75
1425694977181,37.496378,139.920793,8,-0.122,0.092,9.094,6.75
1425694977282,37.496384,139.920794,8,-0.085,0.03,9.67,6.75
1425694977383,37.496389,139.920796,8,-0.036,-0.081,10.121,6.75
1425694977484,37.496395,139.920798,7,-0.128,-0.112,9.898,6.758
1425694977584,37.496401,139.9208,7,-0.094,0.084,8.86,6.783
1425694977685,37.496407,139.920802,7,-0.045,0.066,9.103,6.808
1425694977781,37.496413,139.920804,7,-0.095,0.082,9.457,6.832
1425694977881,37.496419,139.920806,7,-0.119,0.071,9.488,6.857
1425694977982,37.496425,139.920808,7,-0.038,0.072,9.294,6.882
1425694978083,37.496431,139.92081,7,-0.037,0.036,9.244,6.907
1425694978184,37.496437,139.920812,7,-0.111,0.035,9.469,6.933
1425694978284,37.496443,139.920814,7,-0.147,0.026,9.65,6.958
1425694978385,37.496449,139.920816,7,-0.087,0.082,9.355,6.983
1425694978481,37.496455,139.920818,6,0.027,0.1,9.168,7.015
1425694978581,37.49646,139.92082,6,0.141,0.088,9.316,7.064
1425694978682,37.496466,139.920822,6,0.157,0.06,9.587,7.113
1425694978783,37.496472,139.920824,6,0.102,0.036,9.624,7.163
1425694978883,37.496477,139.920827,6,0.067,0.068,9.338,7.212
1425694978984,37.496483,139.920829,6,0.062,0.104,9.202,7.263
1425694979085,37.496489,139.920831,6,0.037,0.048,9.421,7.314
1425694979181,37.496494,139.920834,6,0.063,0.048,9.377,7.362
1425694979281,37.4965,139.920836,6,0.133,0.058,9.296,7.413
1425694979382,37.496506,139.920838,6,0.17,0.075,9.329,7.465
1425694982383,37.496732,139.920883,5,0.169,0.079,9.334,7.75
1425694982484,37.496738,139.920885,6,0.091,0.129,9.244,7.741
1425694982585,37.496746,139.920886,6,0.003,-0.044,10.068,7.716
1425694982685,37.496753,139.920888,6,-0.049,-0.061,9.927,7.691
1425694982781,37.49676,139.920889,6,-0.073,-0.023,9.66,7.666
1425694982882,37.496767,139.920891,6,-0.118,0.043,9.314,7.641
1425694982982,37.496775,139.920892,6,-0.175,0.008,9.131,7.616
1425694983083,37.496782,139.920894,6,-0.212,0.047,8.989,7.591
1425694983184,37.496789,139.920895,6,-0.253,0.056,8.925,7.566
1425694983284,37.496796,139.920897,6,-0.202,0.026,9.443,7.541
1425694983385,37.496803,139.920898,6,-0.145,-0.068,9.93,7.516
1425694983481,37.49681,139.9209,6,0.156,-0.025,9.57,7.484
1425694983581,37.496816,139.920901,6,0.212,-0.015,9.561,7.433
1425694983682,37.496823,139.920903,6,0.189,-0.017,9.363,7.381
1425694983783,37.496829,139.920904,6,0.063,-0.079,9.718,7.33
1425694983884,37.496835,139.920906,6,0.002,-0.021,9.386,7.279
1425694983984,37.496842,139.920908,6,-0.066,0.11,8.844,7.229
1425694984085,37.496848,139.920909,6,-0.241,0.126,8.879,7.179
1425694984181,37.496854,139.920911,6,-0.224,0.108,9.2,7.131
1425694984281,37.49686,139.920912,6,-0.127,0.196,9.53,7.082
1425694984382,37.496866,139.920914,6,-0.116,0.123,9.438,7.033
1425694988380,37.497108,139.921003,8,-0.12,0.111,9.428,6.315
1425694993380,37.497404,139.921101,6,-0.121,0.1,9.42,7.232
1425694993385,37.497405,139.921101,6,-0.117,0.094,9.412,7.233
1425694993481,37.497411,139.921103,6,0.028,-0.085,9.692,7.242
1425694993582,37.497418,139.921105,6,0.105,-0.205,9.81,7.216
1425694993682,37.497425,139.921106,6,0.108,-0.265,9.472,7.191
1425694993783,37.497431,139.921108,6,0.034,-0.292,9.426,7.166
1425694993884,37.497438,139.92111,6,-0.073,-0.167,9.551,7.14
1425694993985,37.497445,139.921112,6,-0.207,-0.205,9.62,7.115
1425694994085,37.497451,139.921114,6,-0.275,-0.155,9.297,7.09
1425694994181,37.497457,139.921116,6,-0.276,-0.087,9.062,7.066
1425694994282,37.497464,139.921118,6,-0.244,-0.106,9.289,7.041
1425694994382,37.497471,139.92112,6,-0.22,-0.141,9.556,7.017
1425694994483,37.497477,139.921122,5,-0.225,-0.086,9.358,7.0
1425694994584,37.497484,139.921124,5,-0.192,-0.102,9.29,7.0
1425694994685,37.497491,139.921126,5,-0.14,-0.097,9.399,7.0
1425694994785,37.497497,139.921129,5,-0.126,-0.074,9.481,7.0
1425694994881,37.497503,139.921131,5,-0.127,-0.034,9.19,7.0
1425694994982,37.49751,139.921133,5,-0.137,-0.012,9.195,7.0
1425694995082,37.497517,139.921136,5,-0.166,-0.076,9.505,7.0
1425694995183,37.497523,139.921138,5,-0.157,-0.035,9.464,7.0
1425694995284,37.49753,139.92114,5,-0.173,-0.059,9.335,7.0
1425694995384,37.497537,139.921142,5,-0.156,0.016,9.183,7.0
1425694995485,37.497543,139.921145,5,-0.219,-0.027,9.408,6.991
1425694995581,37.49755,139.921147,5,-0.159,-0.022,9.644,6.967
1425694995681,37.497557,139.921149,5,-0.126,-0.028,9.421,6.941
1425694995782,37.497564,139.921152,5,-0.08,0.007,9.246,6.916
1425694995884,37.49757,139.921154,5,-0.065,0.034,9.195,6.89
1425694995984,37.497577,139.921156,5,-0.166,-0.048,9.585,6.865
1425694996084,37.497584,139.921159,5,-0.158,-0.052,9.517,6.84
1425694996185,37.49759,139.921161,5,-0.096,-0.001,9.347,6.815
1425694996281,37.497597,139.921163,5,-0.053,0.012,9.136,6.792
1425694996381,37.497603,139.921165,5,-0.008,0.007,9.365,6.767
1425694996482,37.49761,139.921168,5,0.008,-0.025,9.642,6.75
1425694996583,37.497616,139.92117,5,0.052,0.065,9.582,6.75
1425694996684,37.497623,139.921172,5,0.032,0.148,9.322,6.75
1425694996784,37.497629,139.921174,5,-0.076,0.232,9.202,6.75
1425694996885,37.497635,139.921176,5,-0.197,0.372,9.379,6.75
1425694996981,37.497641,139.921178,5,-0.291,0.507,9.397,6.75
1425694997081,37.497647,139.92118,5,-0.339,0.616,9.124,6.75
1425694997182,37.497653,139.921182,5,-0.348,0.717,8.956,6.75
1425694997283,37.49766,139.921184,5,-0.273,0.709,9.187,6.75
1425694997383,37.497666,139.921186,5,-0.18,0.626,9.526,6.75
1425695000379,37.497864,139.921225,6,-0.179,0.619,9.523,7.232
1425695000383,37.497865,139.921225,6,-0.177,0.605,9.527,7.233
1425695000485,37.497871,139.921226,6,-0.079,0.258,9.726,7.25
1425695000581,37.497877,139.921227,6,-0.084,0.096,9.728,7.25
1425695000682,37.497882,139.921228,6,0.055,0.017,9.403,7.25
1425695000782,37.497888,139.921229,6,0.089,-0.033,9.202,7.25
1425695000883,37.497894,139.92123,6,0.125,0.049,9.473,7.25
1425695000984,37.4979,139.921231,6,0.052,0.01,9.97,7.25
1425695001084,37.497906,139.921232,6,0.086,0.138,9.81,7.25
1425695001185,37.497912,139.921233,6,0.075,0.301,8.939,7.25
1425695001281,37.497917,139.921234,6,0.099,0.531,8.433,7.25
1425695001382,37.497923,139.921235,6,0.105,0.498,9.084,7.25
1425695003381,37.49804,139.921277,5,0.098,0.487,9.121,6.732
1425695005380,37.498184,139.921284,8,0.09,0.473,9.151,6.982
1425695005385,37.498184,139.921284,8,0.082,0.457,9.18,6.983
1425695005485,37.498191,139.921285,7,0.017,0.073,9.641,6.982
1425695005581,37.498198,139.921288,7,0.104,-0.056,9.638,6.932
1425695005682,37.498205,139.92129,7,0.147,-0.012,9.0,6.881
1425695005783,37.498212,139.921293,7,0.121,-0.052,9.145,6.829
1425695005883,37.498219,139.921295,7,0.109,-0.161,9.604,6.779
1425695005984,37.498226,139.921298,7,-0.055,-0.201,9.63,6.728
1425695006085,37.498233,139.921301,7,-0.102,-0.15,9.364,6.678
1425695006185,37.498239,139.921303,7,-0.118,-0.062,8.66,6.629
1425695006281,37.498246,139.921306,7,-0.067,-0.145,9.066,6.582
1425695006382,37.498253,139.921308,7,0.013,-0.245,10.03,6.533
1425695006482,37.498259,139.921311,6,0.056,-0.256,9.933,6.492
1425695006583,37.498263,139.921313,6,0.1,-0.175,9.179,6.466
1425695006684,37.498268,139.921315,6,-0.012,-0.233,9.318,6.441
1425695006785,37.498273,139.921317,6,-0.021,-0.133,9.272,6.415
1425695006885,37.498278,139.921319,6,-0.133,-0.088,9.275,6.39
1425695006981,37.498283,139.921321,6,-0.2,-0.079,9.082,6.366
1425695007082,37.498288,139.921323,6,-0.237,-0.092,8.83,6.341
1425695007182,37.498292,139.921325,6,-0.119,-0.067,8.925,6.316
1425695007283,37.498297,139.921328,6,-0.034,-0.043,9.529,6.291
1425695010380,37.498458,139.921388,9,0.165,-0.03,10.293,6.267
1425695010385,37.498459,139.921389,9,0.17,-0.013,10.285,6.266
1425695010481,37.498464,139.921391,9,0.002,0.059,10.004,6.25
1425695010581,37.498469,139.921392,9,-0.082,-0.062,9.739,6.25
1425695010682,37.498474,139.921394,9,-0.214,-0.001,9.309,6.25
1425695010783,37.498479,139.921396,9,-0.291,-0.107,9.297,6.25
1425695010883,37.498484,139.921398,9,-0.297,-0.161,9.41,6.25
1425695010984,37.498489,139.9214,9,-0.274,-0.223,9.448,6.25
1425695011085,37.498494,139.921401,9,-0.246,-0.2,9.381,6.25
1425695011185,37.498499,139.921403,9,-0.255,-0.192,9.218,6.25
1425695011281,37.498504,139.921405,9,-0.255,-0.134,9.15,6.25
1425695011382,37.49851,139.921407,9,-0.226,-0.161,9.317,6.25
1425695011483,37.498515,139.921409,8,-0.218,-0.142,9.315,6.25
1425695011583,37.498521,139.92141,8,-0.152,-0.321,9.284,6.25
1425695011684,37.498528,139.921412,8,-0.064,-0.475,9.251,6.25
1425695011785,37.498534,139.921414,8,-0.027,-0.605,9.389,6.25
1425695011885,37.49854,139.921415,8,-0.041,-0.706,9.388,6.25
1425695011981,37.498546,139.921417,8,-0.038,-0.817,9.217,6.25
1425695012082,37.498553,139.921419,8,-0.047,-1.059,9.323,6.25
1425695012183,37.498559,139.92142,8,0.026,-1.212,9.297,6.25
1425695012283,37.498565,139.921422,8,0.184,-1.42,9.67,6.25
1425695012384,37.498572,139.921424,8,0.488,-1.331,9.139,6.25
1425695012485,37.498578,139.921426,7,0.702,-1.329,9.072,6.212
1425695012585,37.498582,139.921427,7,0.918,-1.342,9.375,6.105
1425695012681,37.498587,139.921429,7,1.115,-1.426,9.655,6.004
1425695012782,37.498591,139.921431,7,1.182,-1.471,9.769,5.899
1425695012883,37.498596,139.921432,7,1.259,-1.565,9.806,5.796
1425695012983,37.4986,139.921434,7,1.389,-1.577,9.444,5.695
1425695013084,37.498605,139.921435,7,1.473,-1.46,8.843,5.596
1425695013185,37.498609,139.921437,7,1.616,-1.38,9.023,5.498
1425695013285,37.498613,139.921439,7,1.865,-1.233,9.456,5.403
1425695013381,37.498617,139.92144,7,2.069,-1.057,9.303,5.313
1425695013482,37.498622,139.921442,8,2.197,-0.915,8.825,5.265
1425695013582,37.498628,139.921443,8,2.177,-0.954,8.674,5.313
1425695013683,37.498635,139.921445,8,2.32,-1.108,9.183,5.362
1425695013784,37.498641,139.921447,8,2.418,-1.355,9.345,5.412
1425695013885,37.498648,139.921449,8,2.474,-1.697,9.687,5.462
1425695013985,37.498654,139.921451,8,2.519,-1.992,10.173,5.512
1425695014086,37.498661,139.921453,8,2.256,-2.296,10.405,5.563
1425695014182,37.498667,139.921455,8,2.036,-2.284,9.866,5.612
1425695014281,37.498674,139.921457,8,1.891,-2.065,8.782,5.662
1425695014383,37.49868,139.921459,8,1.68,-1.927,8.321,5.715
1425695014482,37.498686,139.921461,8,1.477,-1.926,8.991,5.733
1425695014584,37.498691,139.921463,8,1.305,-1.969,9.854,5.68
1425695014683,37.498696,139.921465,8,1.152,-1.913,10.218,5.629
1425695014781,37.4987,139.921467,8,1.088,-1.603,9.905,5.579
1425695014881,37.498705,139.921469,8,0.963,-1.066,9.194,5.529
1425695014982,37.498709,139.921471,8,0.661,-0.762,9.05,5.478
1425695015083,37.498714,139.921474,8,0.605,-0.554,9.237,5.428
1425695015184,37.498718,139.921476,8,0.537,-0.403,9.138,5.379
1425695015284,37.498723,139.921478,8,0.489,-0.184,9.2,5.33
1425695015385,37.498727,139.92148,8,0.565,0.482,10.116,5.281
1425695015481,37.498729,139.921483,13,0.85,0.99,10.016,5.196
1425695015581,37.498726,139.92149,13,1.181,1.018,9.075,5.025
1425695015682,37.498723,139.921497,13,1.23,0.793,8.214,4.857
1425695015783,37.49872,139.921504,13,1.08,0.736,8.251,4.695
1425695015884,37.498717,139.92151,13,1.173,0.831,9.244,4.538
1425695015984,37.498714,139.921517,13,1.61,0.795,9.858,4.387
1425695016085,37.498712,139.921523,13,1.937,0.622,9.49,4.24
1425695016181,37.498709,139.921528,13,1.94,0.566,8.99,4.104
1425695016281,37.498707,139.921534,13,1.826,0.681,9.084,3.968
1425695016382,37.498705,139.921539,13,1.703,0.692,9.208,3.836
1425695016483,37.498701,139.921544,13,1.645,0.566,9.098,3.766
1425695016584,37.498697,139.921548,13,1.514,0.384,9.079,3.813
1425695016684,37.498692,139.921552,13,1.262,0.32,9.215,3.861
1425695016785,37.498687,139.921556,13,0.945,0.346,9.488,3.911
1425695016881,37.498682,139.92156,13,0.658,0.329,9.706,3.958
1425695016981,37.498677,139.921565,13,0.51,0.288,9.832,4.008
1425695017082,37.498672,139.921569,13,0.49,0.238,9.531,4.059
1425695017183,37.498667,139.921573,13,0.537,0.21,9.414,4.11
1425695017283,37.498662,139.921578,13,0.593,0.155,9.692,4.162
1425695034379,37.498295,139.922587,9,0.585,0.188,9.667,2.46
1425695034384,37.498295,139.922587,9,0.581,0.19,9.655,2.457
1425695034484,37.498294,139.922589,8,0.349,0.12,9.674,2.424
1425695034585,37.498292,139.922592,8,0.174,0.032,9.755,2.473
1425695034681,37.498291,139.922594,8,0.065,0.003,9.535,2.519
1425695034781,37.49829,139.922597,8,-0.014,0.032,9.152,2.569
1425695034882,37.498289,139.922599,8,-0.063,0.041,9.245,2.621
1425695034983,37.498287,139.922602,8,-0.088,0.095,9.547,2.673
1425695035084,37.498286,139.922605,8,-0.077,0.151,9.326,2.727
1425695035184,37.498284,139.922608,8,-0.071,0.165,9.166,2.781
1425695035285,37.498283,139.922611,8,0.003,0.25,9.257,2.836
1425695035381,37.498281,139.922614,8,0.081,0.192,9.643,2.89
1425695040381,37.498212,139.922895,6,0.085,0.189,9.661,5.0
1425695040481,37.498212,139.9229,6,0.113,0.092,9.451,4.992
1425695040582,37.498211,139.922904,6,0.067,0.071,9.227,4.966
1425695040683,37.49821,139.922908,6,-0.033,0.05,9.218,4.941
1425695040784,37.498209,139.922912,6,-0.152,-0.079,9.516,4.915
1425695040884,37.498208,139.922916,6,-0.162,-0.136,9.659,4.89
1425695040985,37.498208,139.92292,6,-0.166,-0.101,9.536,4.865
1425695041081,37.498207,139.922924,6,-0.102,-0.007,9.23,4.841
1425695041181,37.498206,139.922928,6,0.011,-0.004,9.025,4.816
1425695041282,37.498205,139.922932,6,0.059,-0.036,9.221,4.791
1425695041383,37.498205,139.922935,6,0.097,-0.041,9.594,4.766
1425695041484,37.498204,139.92294,6,0.095,-0.055,9.641,4.758
1425695041584,37.498203,139.922946,6,-0.014,0.005,9.334,4.783
1425695041685,37.498203,139.922952,6,-0.169,0.038,9.083,4.808
1425695041781,37.498202,139.922958,6,-0.276,0.06,9.06,4.831
1425695041881,37.498201,139.922964,6,-0.281,-0.015,9.297,4.856
1425695041982,37.498201,139.92297,6,-0.224,-0.045,9.554,4.881
1425695042083,37.4982,139.922976,6,-0.131,-0.039,9.557,4.907
1425695042183,37.4982,139.922982,6,-0.057,-0.012,9.375,4.932
1425695042284,37.498199,139.922989,6,-0.021,0.025,9.241,4.958
1425695042385,37.498198,139.922995,6,-0.075,-0.09,9.707,4.983
1425695042486,37.498197,139.923001,7,-0.032,-0.058,9.687,4.981
1425695042581,37.498194,139.923005,7,-0.088,0.03,9.245,4.932
1425695042687,37.498191,139.92301,7,-0.158,0.106,9.02,4.877
1425695042783,37.498188,139.923014,7,-0.172,0.084,9.236,4.828
1425695042882,37.498185,139.923018,7,-0.215,0.199,8.749,4.778
1425695042984,37.498182,139.923023,7,-0.199,0.129,8.989,4.726
1425695043083,37.498179,139.923027,7,-0.089,-0.003,9.859,4.677
1425695043186,37.498176,139.923031,7,-0.002,-0.072,10.083,4.627
1425695043281,37.498174,139.923035,7,-0.007,-0.092,9.789,4.581
1425695043382,37.498171,139.923039,7,-0.058,0.015,9.167,4.532
1425695043483,37.498169,139.923043,7,-0.041,0.112,8.771,4.483
1425695043583,37.498168,139.923046,7,-0.017,0.076,9.21,4.43
1425695043684,37.498167,139.92305,7,-0.063,0.051,9.423,4.378
1425695043785,37.498166,139.923053,7,-0.072,0.049,9.372,4.326
1425695043885,37.498165,139.923056,7,-0.129,0.022,9.465,4.275
1425695043981,37.498164,139.923059,7,-0.183,-0.023,9.705,4.227
1425695044082,37.498163,139.923062,7,-0.14,0.042,9.41,4.177
1425695044183,37.498162,139.923065,7,-0.085,0.096,8.968,4.128
1425695044283,37.498161,139.923068,7,0.018,0.102,9.005,4.079
1425695044384,37.498161,139.923071,7,0.075,0.028,9.433,4.031
1425695044485,37.49816,139.923074,7,0.015,-0.044,9.796,3.991
1425695044585,37.498159,139.923078,7,-0.09,0.009,9.565,3.965
1425695044681,37.498159,139.923081,7,-0.169,0.043,9.245,3.941
1425695044782,37.498158,139.923085,7,-0.16,0.065,9.131,3.915
1425695044882,37.498158,139.923088,7,-0.091,0.037,9.273,3.89
1425695044983,37.498157,139.923092,7,-0.006,0.001,9.47,3.865
1425695045084,37.498157,139.923095,7,0.08,-0.01,9.457,3.84
1425695045185,37.498156,139.923099,7,0.128,0.011,9.387,3.815
1425695045285,37.498156,139.923102,7,0.07,0.022,9.346,3.79
1425695045381,37.498155,139.923106,7,0.008,0.036,9.286,3.767
1425695045482,37.498155,139.923109,7,0.005,0.014,9.384,3.742
1425695045582,37.498155,139.923114,7,-0.001,-0.026,9.51,3.716
1425695045683,37.498156,139.923118,7,-0.033,-0.01,9.451,3.69
1425695045784,37.498156,139.923122,7,-0.043,0.04,9.212,3.665
1425695045884,37.498156,139.923126,7,-0.034,0.027,9.224,3.639
1425695045985,37.498157,139.92313,7,0.017,0.001,9.454,3.614
1425695046081,37.498157,139.923134,7,0.084,0.006,9.501,3.59
1425695046182,37.498157,139.923138,7,0.144,0.021,9.402,3.565
1425695046282,37.498158,139.923142,7,0.119,0.041,9.322,3.541
1425695046383,37.498158,139.923146,7,0.032,0.039,9.35,3.516
1425695046484,37.498158,139.92315,6,-0.015,-0.015,9.419,3.491
1425695046584,37.498157,139.923154,6,-0.052,-0.136,9.319,3.465
1425695046685,37.498157,139.923157,6,-0.074,-0.336,9.197,3.44
1425695046781,37.498156,139.923161,6,-0.092,-0.484,9.257,3.415
1425695046881,37.498155,139.923164,6,-0.087,-0.603,9.439,3.39
1425695046982,37.498155,139.923167,6,-0.071,-0.686,9.522,3.365
1425695047083,37.498154,139.923171,6,-0.083,-0.714,9.384,3.34
1425695047184,37.498154,139.923174,6,-0.081,-0.764,9.414,3.315
1425695047284,37.498153,139.923178,6,-0.03,-0.778,9.447,3.29
1425695047385,37.498152,139.923181,6,-0.046,-0.723,9.264,3.266
1425695047481,37.498152,139.923184,7,-0.099,-0.609,9.218,3.233
1425695047581,37.498152,139.923186,7,-0.148,-0.494,9.32,3.18
1425695047682,37.498152,139.923188,7,-0.127,-0.478,9.517,3.127
1425695047783,37.498152,139.923191,7,-0.043,-0.439,9.574,3.074
1425695047884,37.498152,139.923193,7,0.026,-0.351,9.348,3.023
1425695047984,37.498152,139.923195,7,0.058,-0.288,9.2,2.973
1425695048085,37.498152,139.923197,7,0.034,-0.256,9.253,2.923
1425695048181,37.498152,139.923199,7,0.001,-0.284,9.452,2.876
1425695048281,37.498152,139.923202,7,-0.023,-0.272,9.552,2.829
1425695048382,37.498152,139.923204,7,-0.044,-0.24,9.39,2.781
1425695048483,37.498151,139.923205,8,-0.007,-0.192,9.244,2.732
1425695048583,37.498149,139.923206,8,0.02,-0.175,9.315,2.678
1425695048684,37.498146,139.923207,8,0.022,-0.185,9.435,2.624
1425695048785,37.498143,139.923208,8,-0.003,-0.194,9.442,2.571
1425695048886,37.498141,139.923209,8,0.003,-0.203,9.366,2.52
1425695048981,37.498139,139.923209,8,0.003,-0.236,9.304,2.472
1425695049082,37.498136,139.92321,8,-0.049,-0.284,9.32,2.422
1425695049183,37.498134,139.923211,8,-0.084,-0.314,9.365,2.374
1425695049283,37.498132,139.923212,8,-0.133,-0.309,9.316,2.327
1425695049384,37.498129,139.923213,8,-0.124,-0.33,9.29,2.28
1425695049485,37.498127,139.923214,8,-0.081,-0.365,9.309,2.25
1425695049585,37.498124,139.923215,8,0.039,-0.369,9.361,2.25
1425695049681,37.498121,139.923217,8,0.127,-0.341,9.472,2.25
1425695049782,37.498118,139.923219,8,0.163,-0.271,9.514,2.25
1425695049883,37.498115,139.92322,8,0.12,-0.2,9.38,2.25
1425695049983,37.498113,139.923222,8,0.03,-0.158,9.294,2.25
1425695050084,37.49811,139.923224,8,-0.064,-0.143,9.318,2.25
1425695050185,37.498107,139.923225,8,-0.108,-0.143,9.375,2.25
1425695050285,37.498104,139.923227,8,-0.109,-0.142,9.391,2.25
1425695050381,37.498101,139.923229,8,-0.058,-0.122,9.333,2.25
1425695050482,37.498099,139.923231,8,0.018,-0.104,9.293,2.242
1425695050583,37.498097,139.923232,8,0.075,-0.107,9.38,2.215
1425695050683,37.498096,139.923234,8,0.062,-0.108,9.433,2.189
1425695050784,37.498094,139.923235,8,0.026,-0.102,9.381,2.163
1425695050885,37.498093,139.923237,8,-0.011,-0.095,9.328,2.138
1425695050985,37.498091,139.923238,8,-0.024,-0.102,9.36,2.113
1425695051081,37.49809,139.92324,8,-0.036,-0.122,9.386,2.089
1425695051182,37.498089,139.923241,8,-0.048,-0.138,9.387,2.064
1425695051282,37.498087,139.923243,8,-0.023,-0.161,9.339,2.04
1425695051383,37.498086,139.923244,8,-0.009,-0.207,9.291,2.016
1425695051484,37.498085,139.923245,6,0.001,-0.28,9.356,2.0
1425695051585,37.498083,139.923247,6,-0.002,-0.339,9.433,2.0
1425695051685,37.498082,139.923248,6,0.006,-0.378,9.411,2.0
1425695051781,37.498081,139.923249,6,-0.008,-0.405,9.346,2.0
1425695051882,37.498079,139.923251,6,-0.018,-0.43,9.349,2.0
1425695051982,37.498078,139.923252,6,-0.023,-0.46,9.379,2.0
1425695052083,37.498077,139.923253,6,-0.034,-0.478,9.399,2.0
1425695052184,37.498075,139.923255,6,-0.027,-0.478,9.376,2.0
1425695052284,37.498074,139.923256,6,-0.038,-0.476,9.35,2.0
1425695052385,37.498073,139.923257,6,-0.03,-0.482,9.351,2.0
1425695052481,37.498073,139.923259,6,-0.025,-0.484,9.38,1.878
1425695052582,37.498077,139.92326,6,-0.014,-0.416,9.434,1.507
1425695052682,37.49808,139.923262,6,0.009,-0.152,9.501,1.18
1425695052783,37.498083,139.923264,6,0.005,0.078,9.424,0.89
1425695052884,37.498085,139.923265,6,-0.007,0.196,9.224,0.641
1425695052984,37.498087,139.923266,6,-0.023,0.231,9.188,0.434
1425695053085,37.498088,139.923267,6,-0.008,0.218,9.369,0.266
1425695053181,37.49809,139.923267,6,-0.01,0.194,9.483,0.145
1425695053281,37.49809,139.923268,6,-0.013,0.195,9.397,0.057
1425695053382,37.498091,139.923268,6,-0.005,0.212,9.263,0.009
1425695071379,37.49802,139.923632,5,0.036,0.245,9.556,3.25
1425695071384,37.49802,139.923633,5,0.034,0.242,9.566,3.25
1425695071490,37.498019,139.923636,4,0.064,0.27,9.429,3.25
1425695071585,37.498018,139.92364,4,0.032,0.228,9.264,3.25
1425695071681,37.498017,139.923644,4,-0.043,0.08,9.426,3.25
1425695071782,37.498016,139.923647,4,-0.118,0.047,9.506,3.25
1425695071882,37.498015,139.923651,4,-0.18,0.059,9.474,3.25
1425695071983,37.498014,139.923655,4,-0.162,0.101,9.555,3.25
1425695072084,37.498013,139.923658,4,-0.042,0.145,9.451,3.25
1425695072184,37.498012,139.923662,4,0.071,0.218,9.22,3.25
1425695072285,37.498011,139.923666,4,0.105,0.286,8.979,3.25
1425695072381,37.498011,139.923669,4,0.01,0.276,9.249,3.25
1425695074380,37.497995,139.923742,4,0.003,0.279,9.273,3.25
1425695079380,37.497952,139.923949,6,-0.002,0.282,9.297,3.75
1425695079385,37.497952,139.923949,6,-0.005,0.281,9.315,3.75
1425695079481,37.497952,139.923953,6,0.045,0.136,9.202,3.742
1425695079581,37.497951,139.923958,6,0.135,0.019,9.099,3.716
1425695079682,37.49795,139.923962,6,0.176,-0.063,9.334,3.69
1425695079783,37.497949,139.923967,6,0.162,-0.113,9.552,3.665
1425695079883,37.497948,139.923971,6,0.137,-0.15,9.347,3.64
1425695079984,37.497947,139.923976,6,0.134,-0.142,9.255,3.614
1425695080085,37.497946,139.92398,6,0.157,-0.108,9.36,3.589
1425695080181,37.497945,139.923984,6,0.202,-0.108,9.46,3.566
1425695080281,37.497944,139.923989,6,0.198,-0.105,9.368,3.541
1425695080382,37.497944,139.923993,6,0.175,-0.128,9.333,3.516
1425695080483,37.497943,139.923997,6,0.15,-0.128,9.383,3.5
1425695080583,37.497942,139.924001,6,0.148,-0.102,9.37,3.5
1425695080684,37.49794,139.924005,6,0.161,-0.093,9.404,3.5
1425695080785,37.497939,139.924009,6,0.176,-0.1,9.438,3.5
1425695080885,37.497938,139.924013,6,0.203,-0.102,9.367,3.5
1425695080981,37.497937,139.924017,6,0.203,-0.094,9.381,3.5
1425695081082,37.497936,139.924021,6,0.168,-0.062,9.31,3.5
1425695081183,37.497935,139.924025,6,0.136,-0.046,9.281,3.5
1425695081283,37.497934,139.924029,6,0.098,-0.056,9.476,3.5
1425695081384,37.497933,139.924033,6,0.098,-0.05,9.493,3.5
1425695081485,37.497932,139.924037,5,0.103,0.002,9.277,3.5
1425695081585,37.49793,139.924041,5,0.113,-0.023,9.337,3.5
1425695081681,37.497929,139.924045,5,0.157,0.015,9.157,3.5
1425695081782,37.497928,139.924049,5,0.228,-0.185,9.22,3.5
1425695081883,37.497926,139.924053,5,0.232,-0.629,9.472,3.5
1425695081983,37.497925,139.924057,5,0.225,-1.002,9.633,3.5
1425695082084,37.497924,139.924061,5,0.175,-1.201,9.608,3.5
1425695082185,37.497922,139.924065,5,0.129,-1.278,9.458,3.5
1425695082285,37.497921,139.924069,5,0.077,-1.205,9.265,3.5
1425695082381,37.49792,139.924073,5,0.053,-1.043,9.234,3.5
1425695082482,37.497918,139.924077,6,0.056,-0.918,9.241,3.5
1425695082582,37.497917,139.924081,6,0.079,-0.833,9.335,3.5
1425695082683,37.497915,139.924085,6,0.091,-0.789,9.411,3.5
1425695082784,37.497913,139.924088,6,0.102,-0.762,9.43,3.5
1425695082885,37.497912,139.924092,6,0.108,-0.753,9.409,3.5
1425695082985,37.49791,139.924096,6,0.107,-0.742,9.354,3.5
1425695083081,37.497908,139.924099,6,0.099,-0.754,9.345,3.5
1425695083182,37.497907,139.924103,6,0.089,-0.74,9.413,3.5
1425695083282,37.497905,139.924107,6,0.091,-0.666,9.434,3.5
1425695083383,37.497903,139.924111,6,0.099,-0.523,9.394,3.5
1425695083484,37.497901,139.924114,6,0.118,-0.364,9.344,3.496
1425695083585,37.497899,139.924117,6,0.132,-0.245,9.308,3.483
1425695083685,37.497897,139.92412,6,0.159,-0.188,9.304,3.47
1425695083781,37.497895,139.924123,6,0.194,-0.143,9.347,3.457
1425695083882,37.497893,139.924125,6,0.197,-0.107,9.397,3.444
1425695083982,37.497891,139.924128,6,0.148,-0.082,9.417,3.432
1425695084083,37.497889,139.924131,6,0.095,-0.086,9.353,3.419
1425695084184,37.497887,139.924134,6,0.082,-0.12,9.297,3.406
1425695084284,37.497885,139.924137,6,0.115,-0.199,9.3,3.393
1425695084385,37.497883,139.92414,6,0.177,-0.297,9.385,3.381
1425695084481,37.497882,139.924142,6,0.194,-0.407,9.443,3.369
1425695084582,37.49788,139.924145,6,0.146,-0.543,9.4,3.356
1425695084682,37.497878,139.924148,6,0.05,-0.683,9.328,3.344
1425695084783,37.497876,139.924151,6,0.0,-0.796,9.312,3.331
1425695084884,37.497874,139.924154,6,0.029,-0.9,9.358,3.319
1425695084984,37.497872,139.924156,6,0.148,-0.681,9.591,3.307
1425695085085,37.49787,139.924159,6,0.252,-0.208,9.709,3.294
1425695085186,37.497868,139.924162,6,0.282,0.229,9.486,3.282
1425695085281,37.497866,139.924164,6,0.218,0.42,9.118,3.27
1425695085387,37.497864,139.924167,6,0.137,0.452,8.954,3.258
1425695085483,37.497863,139.924168,5,0.125,0.356,9.222,3.039
1425695085582,37.497864,139.924165,5,0.151,0.181,9.509,2.449
1425695085684,37.497865,139.924163,5,0.161,0.054,9.549,1.907
1425695085783,37.497865,139.924161,5,0.147,0.1,9.45,1.446
1425695085881,37.497866,139.924159,5,0.12,0.229,9.359,1.052
1425695085981,37.497866,139.924157,5,0.155,0.339,9.282,0.715
1425695086082,37.497866,139.924156,5,0.196,0.296,9.264,0.44
1425695086183,37.497867,139.924155,5,0.223,0.228,9.392,0.232
1425695086283,37.497867,139.924154,5,0.197,0.19,9.501,0.091
1425695086384,37.497867,139.924154,5,0.144,0.2,9.418,0.014
1425695131380,37.497858,139.924246,10,0.153,0.203,9.413,2.5
1425695140379,37.497796,139.924475,11,0.144,0.194,9.412,2.75
1425695140384,37.497796,139.924475,11,0.128,0.182,9.413,2.75
1425695140485,37.497796,139.924478,11,-0.776,-0.091,9.307,2.75
1425695140585,37.497797,139.924482,11,-1.532,-0.28,9.174,2.75
1425695140681,37.497797,139.924485,11,-1.968,-0.453,9.02,2.75
1425695140782,37.497798,139.924488,11,-2.158,-0.595,9.055,2.75
1425695140882,37.497798,139.924492,11,-2.189,-0.672,8.93,2.75
1425695140983,37.497799,139.924495,11,-2.085,-0.739,9.077,2.75
1425695141084,37.497799,139.924499,11,-1.923,-0.78,9.467,2.75
1425695141184,37.4978,139.924502,11,-1.707,-0.814,9.618,2.75
1425695141285,37.4978,139.924505,11,-1.514,-0.781,9.424,2.75
1425695141381,37.497801,139.924509,11,-1.404,-0.765,9.229,2.75
1425695141482,37.497801,139.924512,7,-1.35,-0.736,9.299,2.75
1425695141582,37.497803,139.924515,7,-1.384,-0.699,9.449,2.75
1425695141683,37.497804,139.924518,7,-1.509,-0.721,9.381,2.75
1425695141784,37.497806,139.924522,7,-1.601,-0.712,9.295,2.75
1425695141884,37.497807,139.924525,7,-1.624,-0.709,9.334,2.75
1425695141985,37.497808,139.924528,7,-1.513,-0.673,9.42,2.75
1425695142081,37.49781,139.924531,7,-1.367,-0.608,9.374,2.75
1425695142186,37.497811,139.924535,7,-1.186,-0.541,9.263,2.75
1425695142282,37.497813,139.924538,7,-0.983,-0.479,9.229,2.75
1425695142381,37.497814,139.924541,7,-0.771,-0.272,8.86,2.75
1425695142484,37.497816,139.924544,7,-0.534,-0.286,9.107,2.75
1425695142583,37.497818,139.924546,7,-0.564,-0.366,10.096,2.75
1425695142685,37.49782,139.924548,7,-0.616,-0.32,9.917,2.75
1425695142781,37.497822,139.92455,7,-0.624,-0.182,9.382,2.75
1425695142881,37.497824,139.924552,7,-0.55,-0.058,9.081,2.75
1425695142982,37.497826,139.924554,7,-0.389,0.103,9.04,2.75
1425695143083,37.497828,139.924556,7,-0.272,0.125,9.154,2.75
1425695143184,37.49783,139.924558,7,-0.191,0.138,9.448,2.75
1425695143284,37.497833,139.924561,7,-0.104,0.191,9.539,2.75
1425695143385,37.497835,139.924563,7,-0.039,0.278,9.431,2.75
1425695143481,37.497837,139.924564,6,-0.013,0.293,9.299,2.75
1425695143581,37.49784,139.924565,6,-0.015,0.327,9.398,2.75
1425695143682,37.497843,139.924566,6,-0.008,0.35,9.465,2.75
1425695143783,37.497846,139.924567,6,-0.024,0.318,9.526,2.75
1425695143883,37.497849,139.924567,6,-0.065,0.291,9.512,2.75
1425695143984,37.497852,139.924568,6,-0.086,0.329,9.289,2.75
1425695144085,37.497855,139.924569,6,-0.069,0.349,9.217,2.75
1425695144186,37.497858,139.92457,6,-0.03,0.351,9.371,2.75
1425695144281,37.497861,139.924571,6,0.012,0.329,9.433,2.75
1425695144382,37.497864,139.924571,6,0.075,0.295,9.45,2.75
1425695144483,37.497867,139.924572,6,0.167,0.3,9.431,2.75
1425695144583,37.49787,139.924572,6,0.276,0.294,9.385,2.75
1425695144684,37.497873,139.924572,6,0.323,0.309,9.469,2.75
1425695144785,37.497877,139.924572,6,0.325,0.266,9.468,2.75
1425695144881,37.49788,139.924572,6,0.258,0.326,9.168,2.75
1425695144981,37.497883,139.924573,6,0.217,0.351,9.204,2.75
1425695145082,37.497886,139.924573,6,0.161,0.299,9.348,2.75
1425695145183,37.497889,139.924573,6,0.158,0.253,9.457,2.75
1425695145283,37.497893,139.924573,6,0.236,0.227,9.34,2.75
1425695145384,37.497896,139.924573,6,0.323,0.287,9.202,2.75
1425695145485,37.497899,139.924573,6,0.422,0.242,9.283,2.75
1425695145585,37.497902,139.924574,6,0.497,0.186,9.441,2.75
1425695145681,37.497906,139.924574,6,0.53,0.089,9.554,2.75
1425695145782,37.497909,139.924575,6,0.503,-0.02,9.487,2.75
1425695145882,37.497912,139.924575,6,0.524,0.014,9.452,2.75
1425695145983,37.497916,139.924576,6,0.425,0.004,9.46,2.75
1425695146084,37.497919,139.924576,6,0.253,-0.006,9.406,2.75
1425695146185,37.497922,139.924577,6,0.148,0.013,9.188,2.75
1425695146285,37.497926,139.924577,6,0.121,-0.003,9.266,2.75
1425695146381,37.497929,139.924578,6,0.16,0.006,9.384,2.75
1425695146482,37.497932,139.924578,6,0.198,-0.021,9.559,2.765
1425695146582,37.497935,139.924579,6,0.276,-0.02,9.483,2.811
1425695146683,37.497939,139.92458,6,0.379,-0.016,9.348,2.859
1425695146784,37.497942,139.924581,6,0.431,-0.018,9.359,2.908
1425695146885,37.497946,139.924583,6,0.417,-0.017,9.41,2.957
1425695146985,37.497949,139.924584,6,0.388,-0.025,9.436,3.007
1425695147081,37.497952,139.924585,6,0.334,-0.016,9.354,3.056
1425695147182,37.497956,139.924586,6,0.283,-0.014,9.325,3.108
1425695147282,37.49796,139.924587,6,0.285,0.012,9.42,3.16
1425695147383,37.497963,139.924588,6,0.274,0.007,9.376,3.214
1425695147484,37.497967,139.924589,6,0.298,0.013,9.325,3.25
1425695147584,37.49797,139.924591,6,0.322,0.007,9.414,3.25
1425695147685,37.497974,139.924592,6,0.345,0.002,9.444,3.25
1425695147781,37.497977,139.924593,6,0.36,0.011,9.365,3.25
1425695147882,37.49798,139.924595,6,0.327,-0.005,9.314,3.25
1425695147982,37.497983,139.924596,6,0.293,-0.009,9.377,3.25
1425695148083,37.497986,139.924597,6,0.261,-0.012,9.421,3.25
1425695148184,37.497989,139.924599,6,0.269,-0.007,9.344,3.25
1425695148284,37.497993,139.9246,6,0.288,0.003,9.234,3.25
1425695148385,37.497996,139.924601,6,0.305,-0.018,9.409,3.25
1425695148481,37.497999,139.924602,6,0.306,-0.014,9.466,3.25
1425695148581,37.498002,139.924604,6,0.258,0.009,9.318,3.25
1425695148682,37.498005,139.924605,6,0.236,0.009,9.313,3.25
1425695148783,37.498008,139.924607,6,0.251,-0.054,9.551,3.25
1425695148884,37.498011,139.924609,6,0.28,-0.029,9.472,3.25
1425695148984,37.498013,139.92461,6,0.234,0.01,9.284,3.25
1425695149085,37.498016,139.924612,6,0.219,0.026,9.252,3.25
1425695149181,37.498019,139.924613,6,0.196,-0.008,9.389,3.25
1425695149281,37.498022,139.924614,6,0.216,-0.029,9.568,3.25
1425695149382,37.498025,139.924616,6,0.214,-0.026,9.525,3.25
1425695149483,37.498028,139.924618,5,0.187,0.04,9.313,3.25
1425695149584,37.498031,139.924619,5,0.152,0.052,9.179,3.25
1425695149684,37.498033,139.924621,5,0.145,0.007,9.43,3.25
1425695149785,37.498036,139.924622,5,0.124,-0.026,9.621,3.25
1425695149881,37.498039,139.924624,5,0.109,-0.02,9.385,3.25
1425695149981,37.498041,139.924625,5,0.14,0.018,9.223,3.25
1425695150082,37.498044,139.924627,5,0.202,0.038,9.386,3.25
1425695150183,37.498047,139.924629,5,0.208,0.012,9.507,3.25
1425695150283,37.498049,139.92463,5,0.202,0.01,9.445,3.25
1425695150384,37.498052,139.924632,5,0.182,0.039,9.368,3.25
1425695150485,37.498055,139.924633,6,0.159,0.061,9.255,3.25
1425695150581,37.498058,139.924635,6,0.159,0.057,9.243,3.25
1425695150681,37.498061,139.924636,6,0.162,0.018,9.431,3.25
1425695150782,37.498064,139.924638,6,0.16,0.016,9.509,3.25
1425695150883,37.498067,139.924639,6,0.144,0.05,9.254,3.25
1425695150983,37.49807,139.92464,6,0.136,0.059,9.16,3.25
1425695151084,37.498073,139.924642,6,0.114,0.049,9.453,3.25
1425695151185,37.498076,139.924643,6,0.103,0.024,9.574,3.25
1425695151286,37.498079,139.924645,6,0.124,0.023,9.414,3.25
1425695151381,37.498082,139.924646,6,0.152,0.052,9.269,3.25
1425695151482,37.498085,139.924647,6,0.15,0.028,9.316,3.25
1425695151583,37.498089,139.924649,6,0.152,-0.009,9.473,3.25
1425695151683,37.498092,139.92465,6,0.144,-0.027,9.489,3.25
1425695151784,37.498096,139.924651,6,0.117,0.026,9.274,3.25
1425695151885,37.498099,139.924652,6,0.052,0.044,9.192,3.25
1425695151985,37.498103,139.924653,6,0.031,0.03,9.314,3.25
1425695152081,37.498106,139.924655,6,0.064,-0.027,9.595,3.25
1425695152182,37.49811,139.924656,6,0.099,-0.05,9.618,3.25
1425695152282,37.498113,139.924657,6,0.125,-0.029,9.435,3.25
1425695152383,37.498117,139.924658,6,0.15,-0.009,9.399,3.25
1425695152484,37.49812,139.924659,5,0.198,0.014,9.37,3.25
1425695152585,37.498124,139.92466,5,0.208,0.076,9.066,3.25
1425695152685,37.498127,139.924661,5,0.112,0.123,9.085,3.25
1425695152781,37.498131,139.924662,5,-0.043,0.068,9.33,3.25
1425695152882,37.498134,139.924663,5,-0.093,0.086,9.364,3.25
1425695152982,37.498138,139.924664,5,0.015,0.098,9.252,3.25
1425695153083,37.498141,139.924665,5,0.132,0.121,9.26,3.25
1425695153184,37.498145,139.924666,5,0.111,0.049,9.59,3.25
1425695153285,37.498148,139.924667,5,0.072,0.001,9.644,3.25
1425695153385,37.498152,139.924667,5,0.058,-0.075,9.71,3.25
1425695153481,37.498155,139.924668,6,0.071,-0.053,9.476,3.25
1425695153582,37.498159,139.924669,6,0.069,-0.022,9.076,3.25
1425695153682,37.498163,139.92467,6,0.011,-0.042,9.258,3.25
1425695153783,37.498166,139.924671,6,-0.031,-0.095,9.71,3.25
1425695153884,37.49817,139.924672,6,-0.057,-0.076,9.782,3.25
1425695153984,37.498174,139.924673,6,-0.094,0.031,9.401,3.25
1425695154085,37.498177,139.924674,6,-0.143,0.1,9.085,3.25
1425695154181,37.498181,139.924675,6,-0.166,0.15,9.143,3.25
1425695154281,37.498185,139.924676,6,-0.13,0.135,9.301,3.25
1425695154382,37.498188,139.924677,6,0.003,0.119,9.349,3.25
1425695156381,37.498258,139.924703,5,0.007,0.114,9.352,3.25
1425695156487,37.498261,139.924705,5,0.024,-0.21,9.349,3.25
1425695156583,37.498264,139.924706,5,0.028,-0.42,9.268,3.25
1425695156682,37.498267,139.924707,5,0.036,-0.569,9.375,3.25
1425695156784,37.49827,139.924709,5,0.053,-0.622,9.489,3.25
1425695156883,37.498273,139.92471,5,0.049,-0.614,9.318,3.25
1425695156985,37.498277,139.924712,5,0.016,-0.605,9.259,3.25
1425695157081,37.49828,139.924713,5,-0.001,-0.635,9.367,3.25
1425695157182,37.498283,139.924715,5,-0.015,-0.66,9.417,3.25
1425695157283,37.498286,139.924716,5,-0.036,-0.685,9.447,3.25
1425695157383,37.498289,139.924718,5,-0.042,-0.741,9.353,3.25
1425695157484,37.498292,139.924719,5,-0.016,-0.917,9.213,3.25
1425695157585,37.498295,139.924721,5,0.022,-1.066,9.292,3.25
1425695157685,37.498298,139.924722,5,0.018,-1.201,9.508,3.25
1425695157781,37.498301,139.924724,5,0.008,-1.235,9.582,3.25
1425695157882,37.498304,139.924725,5,-0.021,-1.167,9.466,3.25
1425695157983,37.498306,139.924726,5,0.006,-0.888,9.496,3.25
1425695158083,37.498309,139.924728,5,0.042,-0.58,9.481,3.25
1425695158184,37.498312,139.924729,5,0.035,-0.388,9.295,3.25
1425695158285,37.498315,139.924731,5,0.019,-0.277,9.168,3.25
1425695158385,37.498318,139.924732,5,-0.002,-0.253,9.283,3.25
1425695158481,37.498321,139.924734,4,0.011,-0.259,9.47,3.242
1425695158582,37.498323,139.924735,4,0.026,-0.247,9.501,3.216
1425695158683,37.498326,139.924737,4,0.04,-0.214,9.371,3.19
1425695158783,37.498329,139.924739,4,0.03,-0.199,9.288,3.165
1425695158884,37.498331,139.924741,4,0.022,-0.186,9.357,3.139
1425695158985,37.498334,139.924742,4,0.003,-0.186,9.442,3.114
1425695159085,37.498336,139.924744,4,-0.003,-0.178,9.419,3.089
1425695159181,37.498338,139.924746,4,0.006,-0.183,9.352,3.065
1425695159282,37.498341,139.924747,4,0.043,-0.186,9.341,3.041
1425695159382,37.498343,139.924749,4,0.076,-0.195,9.435,3.016
1425695159483,37.498345,139.92475,5,0.08,-0.201,9.478,2.919
1425695159584,37.498346,139.924751,5,0.06,-0.154,9.434,2.682
1425695159684,37.498347,139.924751,5,0.044,-0.055,9.378,2.461
1425695159785,37.498347,139.924751,5,0.024,0.002,9.332,2.253
1425695159881,37.498348,139.924752,5,0.023,0.031,9.326,2.069
1425695159982,37.498348,139.924752,5,0.046,0.054,9.392,1.89
1425695160082,37.498349,139.924752,5,0.075,0.07,9.413,1.726
1425695160183,37.498349,139.924752,5,0.091,0.066,9.393,1.576
1425695160284,37.498349,139.924753,5,0.093,0.069,9.39,1.441
1425695160384,37.49835,139.924753,5,0.076,0.069,9.401,1.321
1425695160485,37.49835,139.924753,5,0.052,0.071,9.429,1.24
1425695160581,37.498351,139.924753,5,0.035,0.072,9.421,1.214
1425695160682,37.498351,139.924754,5,0.043,0.07,9.394,1.187
1425695160782,37.498351,139.924754,5,0.054,0.112,9.397,1.161
1425695160883,37.498352,139.924754,5,0.072,0.148,9.402,1.135
1425695160984,37.498352,139.924755,5,0.076,0.212,9.403,1.11
1425695161084,37.498353,139.924755,5,0.078,0.299,9.37,1.085
1425695161185,37.498353,139.924755,5,0.081,0.386,9.364,1.061
1425695161281,37.498353,139.924756,5,0.08,0.442,9.363,1.038
1425695161381,37.498354,139.924756,5,0.073,0.563,9.387,1.015
1425695164383,37.498368,139.924765,4,0.075,0.566,9.391,0.765
1425695164483,37.498368,139.924765,5,0.047,0.377,9.399,0.75
1425695164584,37.498368,139.924765,5,0.027,0.222,9.414,0.75
1425695164685,37.498368,139.924765,5,0.042,0.144,9.366,0.75
1425695164785,37.498368,139.924765,5,0.072,0.114,9.329,0.75
1425695164881,37.498368,139.924765,5,0.095,0.085,9.358,0.75
1425695164982,37.498369,139.924766,5,0.107,0.049,9.415,0.75
1425695165082,37.498369,139.924766,5,0.102,0.051,9.411,0.75
1425695165183,37.498369,139.924766,5,0.104,0.077,9.375,0.75
1425695165284,37.498369,139.924766,5,0.09,0.074,9.358,0.75
1425695165385,37.498369,139.924766,5,0.076,0.06,9.383,0.75
1425695165485,37.498369,139.924766,5,0.082,0.046,9.394,0.75
1425695165581,37.498369,139.924766,5,0.112,0.046,9.396,0.75
1425695165682,37.49837,139.924766,5,0.149,0.063,9.418,0.75
1425695165782,37.49837,139.924766,5,0.138,0.041,9.371,0.75
1425695165883,37.49837,139.924766,5,0.108,0.021,9.379,0.75
1425695165984,37.498371,139.924767,5,0.099,0.018,9.406,0.75
1425695166084,37.498371,139.924767,5,0.109,0.018,9.411,0.75
1425695166185,37.498371,139.924767,5,0.138,0.024,9.405,0.75
1425695166281,37.498371,139.924767,5,0.162,0.039,9.367,0.75
1425695166382,37.498372,139.924767,5,0.127,0.037,9.357,0.75
1425695166482,37.498372,139.924767,5,0.087,0.034,9.385,0.75
1425695166583,37.498372,139.924768,5,0.069,0.025,9.39,0.75
1425695166684,37.498372,139.924768,5,0.084,0.042,9.402,0.75
1425695166784,37.498372,139.924768,5,0.11,0.051,9.378,0.75
1425695166885,37.498372,139.924769,5,0.148,0.059,9.338,0.75
1425695166981,37.498372,139.924769,5,0.18,0.073,9.4,0.75
1425695167082,37.498372,139.92477,5,0.179,0.081,9.442,0.75
1425695167182,37.498372,139.92477,5,0.123,0.059,9.367,0.75
1425695167283,37.498372,139.92477,5,0.064,0.092,9.312,0.75
1425695173381,37.498478,139.924846,5,0.039,0.161,9.309,4.673
1425695173482,37.498482,139.924849,5,-0.914,-0.103,9.352,4.724
1425695173582,37.498486,139.924851,5,-1.657,-0.356,9.318,4.644
1425695173683,37.49849,139.924853,5,-2.152,-0.545,9.241,4.564
1425695173784,37.498494,139.924855,5,-2.48,-0.685,9.212,4.485
1425695173884,37.498497,139.924857,5,-2.776,-0.904,9.238,4.409
1425695173985,37.498501,139.924859,5,-3.022,-1.068,9.251,4.333
1425695174081,37.498504,139.924861,5,-3.169,-1.249,9.275,4.262
1425695174181,37.498508,139.924863,5,-3.224,-1.364,9.197,4.189
1425695174282,37.498511,139.924865,5,-3.209,-1.489,9.024,4.117
1425695174383,37.498515,139.924867,5,-3.116,-1.547,9.117,4.046
1425695174484,37.498518,139.924868,5,-3.098,-1.681,9.189,3.991
1425695174584,37.498522,139.924869,5,-3.015,-1.842,9.258,3.966
1425695174685,37.498526,139.92487,5,-3.047,-2.02,9.257,3.94
1425695174781,37.498529,139.924871,5,-2.995,-2.093,9.221,3.915
1425695174881,37.498533,139.924872,5,-2.824,-2.076,9.302,3.89
1425695174982,37.498536,139.924872,5,-2.579,-2.003,9.208,3.865
1425695175083,37.49854,139.924873,5,-2.157,-1.78,9.048,3.84
1425695175183,37.498544,139.924874,5,-1.717,-1.624,9.181,3.815
1425695175284,37.498547,139.924875,5,-1.49,-1.538,9.27,3.79
1425695175385,37.498551,139.924876,5,-1.402,-1.458,9.089,3.766
1425695175481,37.498554,139.924876,5,-1.374,-1.421,8.938,3.75
1425695175581,37.498557,139.924874,5,-1.369,-1.561,9.38,3.75
1425695175682,37.498561,139.924873,5,-1.506,-1.723,10.118,3.75
1425695175783,37.498564,139.924871,5,-1.67,-1.683,9.713,3.75
1425695175883,37.498568,139.92487,5,-1.671,-1.545,9.086,3.75
1425695175984,37.498571,139.924868,5,-1.57,-1.492,8.932,3.75
1425695176085,37.498575,139.924866,5,-1.446,-1.465,9.3,3.75
1425695176185,37.498578,139.924865,5,-1.379,-1.394,9.261,3.75
1425695176281,37.498581,139.924864,5,-1.246,-1.44,9.085,3.75
1425695176382,37.498585,139.924862,5,-1.016,-1.809,9.172,3.75
1425695176483,37.498588,139.92486,6,-0.605,-2.188,9.282,3.75
1425695176583,37.49859,139.924857,6,0.112,-2.283,9.794,3.75
1425695176684,37.498593,139.924854,6,0.706,-2.17,9.919,3.75
1425695176785,37.498596,139.924851,6,0.854,-1.817,9.606,3.75
1425695176885,37.498598,139.924848,6,0.588,-1.422,9.457,3.75
1425695176981,37.498601,139.924845,6,0.318,-1.024,9.469,3.75
1425695177082,37.498603,139.924841,6,0.244,-0.662,9.275,3.75
1425695177182,37.498606,139.924838,6,0.312,-0.358,9.162,3.75
1425695177283,37.498609,139.924835,6,0.295,-0.334,9.147,3.75
1425695177384,37.498611,139.924832,6,0.374,-0.486,9.216,3.75
1425695177485,37.498613,139.924829,6,0.485,-0.536,9.148,3.731
1425695177585,37.498614,139.924824,6,0.513,-0.598,9.288,3.678
1425695177681,37.498615,139.924821,6,0.397,-0.654,9.685,3.628
1425695177782,37.498616,139.924816,6,0.247,-0.585,9.922,3.576
1425695177882,37.498617,139.924812,6,0.285,-0.429,9.57,3.525
1425695177983,37.498618,139.924809,6,0.455,-0.571,8.973,3.475
1425695178084,37.498619,139.924805,6,0.671,-0.929,8.781,3.425
1425695178185,37.49862,139.924801,6,0.735,-1.246,9.15,3.376
1425695178285,37.498621,139.924797,6,0.63,-1.352,9.843,3.328
1425695178381,37.498621,139.924794,6,0.333,-1.22,10.205,3.282
1425695178482,37.498622,139.92479,6,0.105,-1.091,9.871,3.242
1425695178582,37.498622,139.924786,6,0.002,-0.986,9.193,3.216
1425695178683,37.498622,139.924783,6,0.001,-0.913,8.732,3.19
1425695178784,37.498622,139.924779,6,-0.017,-0.694,9.032,3.164
1425695178884,37.498622,139.924776,6,-0.1,-0.414,9.624,3.139
1425695178985,37.498621,139.924772,6,-0.217,-0.239,9.765,3.114
1425695179081,37.498621,139.924769,6,-0.333,-0.102,9.435,3.09
1425695179182,37.498621,139.924766,6,-0.356,0.01,9.107,3.065
1425695179282,37.498621,139.924763,6,-0.272,0.09,9.116,3.041
1425695179383,37.498621,139.924759,6,-0.176,0.214,9.46,3.016
1425695179484,37.49862,139.924756,6,-0.147,0.264,9.641,2.899
1425695179584,37.498619,139.924755,6,-0.217,0.3,9.467,2.616
1425695179685,37.498617,139.924753,6,-0.296,0.407,9.273,2.35
1425695179781,37.498616,139.924752,6,-0.322,0.412,9.289,2.117
1425695179881,37.498615,139.924751,6,-0.231,0.414,9.468,1.893
1425695179982,37.498614,139.92475,6,-0.074,0.48,9.655,1.687
1425695180083,37.498613,139.924749,6,0.01,0.57,9.621,1.502
1425695180184,37.498612,139.924748,6,0.014,0.698,9.537,1.337
1425695180284,37.498611,139.924747,6,-0.004,0.819,9.37,1.194
1425695188381,37.498634,139.924494,5,-0.003,0.911,9.204,3.75
1425695188482,37.498635,139.92449,4,-0.029,0.312,9.342,3.742
1425695188583,37.498636,139.924485,4,-0.027,-0.129,9.228,3.716
1425695188683,37.498637,139.924481,4,-0.064,-0.368,9.238,3.69
1425695188784,37.498638,139.924476,4,-0.114,-0.522,9.511,3.665
1425695188885,37.498639,139.924472,4,-0.091,-0.576,9.491,3.639
1425695188986,37.49864,139.924468,4,-0.019,-0.595,9.253,3.614
1425695189081,37.498641,139.924464,4,-0.011,-0.626,9.271,3.59
1425695189182,37.498642,139.924459,4,-0.047,-0.637,9.43,3.565
1425695189283,37.498643,139.924455,4,-0.096,-0.653,9.424,3.541
1425695189383,37.498644,139.924451,4,-0.096,-0.682,9.366,3.516
1425695189484,37.498645,139.924447,4,-0.034,-0.671,9.365,3.491
1425695189585,37.498647,139.924443,4,0.031,-0.682,9.458,3.465
1425695189685,37.498648,139.924439,4,0.053,-0.689,9.441,3.44
1425695189781,37.498649,139.924435,4,0.036,-0.671,9.366,3.415
1425695189882,37.49865,139.924431,4,-0.013,-0.683,9.388,3.39
1425695189983,37.498651,139.924427,4,-0.028,-0.67,9.338,3.364
1425695190083,37.498652,139.924424,4,0.001,-0.675,9.278,3.34
1425695190184,37.498653,139.92442,4,0.063,-0.681,9.419,3.315
1425695190285,37.498654,139.924416,4,0.1,-0.742,9.438,3.29
1425695190385,37.498655,139.924412,4,0.114,-0.839,9.331,3.266
1425695190481,37.498656,139.924409,4,0.102,-0.95,9.354,3.242
1425695190582,37.498657,139.924406,4,0.023,-1.09,9.43,3.216
1425695190682,37.498658,139.924402,4,-0.06,-1.192,9.467,3.19
1425695190783,37.498659,139.924399,4,-0.126,-1.255,9.437,3.165
1425695190884,37.49866,139.924396,4,-0.126,-1.263,9.383,3.139
1425695190985,37.498661,139.924393,4,-0.117,-1.296,9.306,3.114
1425695191085,37.498662,139.924389,4,-0.099,-1.336,9.316,3.089
1425695191181,37.498663,139.924386,4,-0.111,-1.406,9.378,3.065
1425695191282,37.498664,139.924383,4,-0.104,-1.476,9.408,3.041
1425695191382,37.498665,139.92438,4,-0.088,-1.588,9.362,3.016
1425695191483,37.498666,139.924378,3,-0.072,-1.736,9.32,2.861
1425695191584,37.498666,139.924378,3,-0.076,-1.92,9.332,2.458
1425695191684,37.498666,139.924378,3,-0.093,-2.122,9.38,2.095
1425695191785,37.498666,139.924378,3,-0.094,-1.832,9.728,1.765
1425695191881,37.498667,139.924377,3,-0.06,-1.0,10.052,1.485
1425695191982,37.498667,139.924377,3,-0.027,-0.177,9.732,1.225
1425695192082,37.498667,139.924377,3,-0.002,0.211,8.98,1.005
1425695192183,37.498667,139.924377,3,-0.003,0.311,8.604,0.818
1425695192284,37.498667,139.924377,3,-0.003,0.236,8.903,0.668
1425695192384,37.498667,139.924377,3,-0.011,0.113,9.485,0.555
1425695192485,37.498667,139.924377,3,-0.004,0.017,9.838,0.466
1425695192581,37.498667,139.924378,3,-0.013,-0.119,9.584,0.378
1425695192682,37.498667,139.924379,3,-0.003,-0.077,9.284,0.295
1425695192782,37.498667,139.924379,3,0.0,0.121,9.307,0.223
1425695192883,37.498667,139.92438,3,-0.001,0.162,9.358,0.161
1425695192984,37.498667,139.92438,3,-0.008,0.026,9.305,0.109
1425695193084,37.498667,139.92438,3,-0.006,-0.05,9.398,0.067
1425695193185,37.498667,139.924381,3,0.002,-0.038,9.508,0.035
1425695193281,37.498667,139.924381,3,-0.008,-0.014,9.419,0.014
1425695193381,37.498667,139.924381,3,-0.028,0.031,9.307,0.002
1425695232381,37.498727,139.92424,6,0.003,0.037,9.394,2.5
1425695240382,37.498823,139.923701,6,0.004,0.039,9.393,6.233
1425695243383,37.498866,139.923492,5,0.004,0.039,9.392,6.215
1425695243484,37.498867,139.923486,5,0.016,0.043,9.233,6.25
1425695243584,37.498869,139.923479,5,-0.021,0.057,9.155,6.25
1425695243685,37.49887,139.923472,5,-0.095,0.045,9.278,6.25
1425695243781,37.498871,139.923465,5,-0.083,0.016,9.447,6.25
1425695243881,37.498873,139.923459,5,-0.025,0.011,9.476,6.25
1425695243982,37.498874,139.923452,5,0.024,0.013,9.353,6.25
1425695244083,37.498875,139.923445,5,0.075,0.011,9.168,6.25
1425695244184,37.498877,139.923438,5,0.153,-0.025,9.415,6.25
1425695244284,37.498878,139.923431,5,0.182,-0.016,9.486,6.25
1425695247381,37.498941,139.923195,10,0.194,0.006,9.325,6.0
1425695247482,37.498943,139.923189,7,0.012,-0.029,9.114,6.0
1425695247582,37.498947,139.923184,7,0.001,-0.042,9.426,6.0
1425695247683,37.498952,139.923179,7,-0.067,-0.054,9.734,6.0
1425695247784,37.498956,139.923174,7,-0.025,-0.059,9.712,6.0
1425695247885,37.49896,139.92317,7,0.093,-0.011,9.51,6.0
1425695247985,37.498964,139.923165,7,0.142,0.041,9.357,6.0
1425695248081,37.498968,139.92316,7,0.098,0.087,9.159,6.0
1425695248182,37.498972,139.923156,7,-0.023,0.065,9.329,6.0
1425695248282,37.498976,139.923151,7,-0.1,0.035,9.476,6.0
1425695248383,37.49898,139.923146,7,-0.042,0.051,9.228,6.0
1425695250382,37.499007,139.92301,6,-0.042,0.048,9.207,6.0
1425695250483,37.499008,139.923002,13,0.114,0.027,9.124,5.983
1425695250584,37.499008,139.922988,13,0.249,-0.013,9.32,5.93
1425695250684,37.499008,139.922976,13,0.322,-0.06,9.649,5.879
1425695250785,37.499008,139.922963,13,0.256,-0.012,9.401,5.828
1425695250881,37.499008,139.92295,13,0.158,-0.038,9.405,5.779
1425695250981,37.499009,139.922938,13,0.089,0.005,9.219,5.729
1425695251082,37.499009,139.922925,13,0.097,0.047,9.035,5.679
1425695251183,37.499009,139.922913,13,0.094,0.061,9.205,5.629
1425695251283,37.499009,139.9229,13,0.05,0.009,9.463,5.58
1425695251384,37.499009,139.922888,13,0.068,-0.013,9.518,5.532
1425695251485,37.49901,139.922878,13,0.082,-0.095,9.62,5.5
1425695251581,37.499013,139.922873,13,0.079,-0.077,9.571,5.5
1425695251681,37.499016,139.922868,13,0.058,-0.052,9.302,5.5
1425695251782,37.49902,139.922863,13,0.027,-0.016,9.321,5.5
1425695251883,37.499023,139.922858,13,0.018,-0.052,9.586,5.5
1425695251983,37.499026,139.922853,13,0.004,-0.034,9.427,5.5
1425695252084,37.499029,139.922848,13,-0.041,0.017,9.213,5.5
1425695252185,37.499033,139.922843,13,-0.052,0.045,9.084,5.5
1425695252281,37.499036,139.922838,13,-0.061,0.018,9.295,5.5
1425695252381,37.499039,139.922833,13,-0.03,-0.027,9.579,5.5
1425695252482,37.499042,139.922828,6,0.015,0.025,9.509,5.508
1425695252583,37.499044,139.922822,6,0.082,0.029,9.132,5.533
1425695252683,37.499046,139.922816,6,0.115,0.031,9.055,5.557
1425695252784,37.499048,139.92281,6,0.113,0.044,9.098,5.582
1425695252885,37.49905,139.922804,6,0.128,-0.106,9.747,5.607
1425695252985,37.499052,139.922798,6,0.139,-0.2,10.24,5.632
1425695253081,37.499054,139.922792,6,0.034,-0.14,9.733,5.656
1425695253182,37.499056,139.922786,6,-0.064,-0.0,9.19,5.682
1425695253282,37.499058,139.92278,6,-0.067,0.061,9.039,5.707
1425695253383,37.499061,139.922774,6,-0.007,0.012,9.386,5.733
1425695255382,37.499092,139.922662,5,-0.011,-0.006,9.405,5.75
1425695259381,37.499159,139.922434,4,-0.015,-0.025,9.42,5.5
1425695261379,37.4992,139.922315,4,-0.017,-0.042,9.438,5.5
1425695264380,37.499248,139.922156,4,-0.019,-0.057,9.455,5.267
1425695264386,37.499248,139.922156,4,-0.02,-0.069,9.468,5.266
1425695264481,37.49925,139.922151,4,-0.001,-0.076,9.393,5.25
1425695264582,37.499252,139.922145,4,0.043,-0.019,9.218,5.25
1425695264683,37.499253,139.92214,4,0.087,0.002,9.323,5.25
1425695264783,37.499255,139.922134,4,0.156,0.011,9.491,5.25
1425695264884,37.499257,139.922128,4,0.14,-0.018,9.511,5.25
1425695264985,37.499259,139.922123,4,0.12,-0.031,9.677,5.25
1425695265086,37.499261,139.922117,4,0.132,0.007,9.466,5.25
1425695265181,37.499263,139.922111,4,0.084,0.051,9.125,5.25
1425695265282,37.499265,139.922106,4,0.085,0.102,8.865,5.25
1425695265383,37.499267,139.9221,4,0.094,0.054,9.288,5.25
1425695265483,37.499269,139.922094,4,0.107,-0.045,9.638,5.25
1425695265584,37.49927,139.922089,4,0.167,-0.066,9.809,5.25
1425695265685,37.499272,139.922083,4,0.187,-0.02,9.511,5.25
1425695265785,37.499274,139.922078,4,0.188,0.025,9.109,5.25
1425695265881,37.499275,139.922072,4,0.211,0.029,8.994,5.25
1425695265982,37.499277,139.922067,4,0.246,0.016,9.245,5.25
1425695266083,37.499279,139.922061,4,0.255,0.002,9.565,5.25
1425695266183,37.49928,139.922056,4,0.175,0.026,9.488,5.25
1425695266284,37.499282,139.92205,4,0.045,0.017,9.287,5.25
1425695266385,37.499284,139.922045,4,-0.016,-0.037,9.257,5.25
1425695266485,37.499285,139.922039,4,0.094,-0.138,9.767,5.25
1425695266581,37.499286,139.922033,4,0.148,-0.174,10.048,5.25
1425695266682,37.499287,139.922027,4,0.178,-0.115,9.698,5.25
1425695266782,37.499288,139.922021,4,0.163,-0.018,9.235,5.25
1425695266883,37.499288,139.922015,4,0.135,0.064,9.082,5.25
1425695266984,37.499289,139.922009,4,0.102,0.066,9.071,5.25
1425695267085,37.49929,139.922004,4,0.099,0.099,9.179,5.25
1425695267185,37.499291,139.921998,4,0.021,0.026,9.37,5.25
1425695267281,37.499292,139.921992,4,-0.018,-0.032,9.586,5.25
1425695267382,37.499292,139.921986,4,0.035,-0.035,9.339,5.25
1425695269381,37.499322,139.921874,4,0.042,-0.034,9.338,5.017
1425695269481,37.499323,139.921869,4,0.07,-0.355,9.278,4.984
1425695269582,37.499325,139.921864,4,0.056,-0.589,9.198,4.931
1425695269683,37.499327,139.92186,4,0.013,-0.699,9.189,4.879
1425695269784,37.499328,139.921855,4,-0.033,-0.763,9.156,4.827
1425695269884,37.49933,139.921851,4,-0.026,-0.725,9.076,4.777
1425695269985,37.499331,139.921847,4,-0.074,-0.83,9.292,4.726
1425695270086,37.499333,139.921843,4,-0.025,-0.948,9.682,4.676
1425695270181,37.499334,139.921839,4,0.046,-0.992,9.905,4.629
1425695270287,37.499336,139.921835,4,0.023,-0.967,9.498,4.578
1425695270383,37.499337,139.921831,4,0.034,-0.878,9.084,4.532
1425695270482,37.499338,139.921827,4,0.047,-0.841,9.001,4.443
1425695270584,37.499339,139.921822,4,0.075,-0.901,9.251,4.264
1425695270683,37.499339,139.921818,4,0.139,-0.895,9.484,4.097
1425695270781,37.49934,139.921814,4,0.167,-0.9,9.585,3.937
1425695270881,37.49934,139.92181,4,0.153,-0.907,9.551,3.78
1425695270982,37.499341,139.921806,4,0.161,-0.862,9.488,3.627
1425695271083,37.499341,139.921802,4,0.152,-0.844,9.208,3.481
1425695271183,37.499342,139.921799,4,0.15,-0.862,9.131,3.342
1425695271284,37.499342,139.921795,4,0.156,-0.912,9.4,3.207
1425695271385,37.499343,139.921792,4,0.097,-0.99,9.712,3.079
1425695271486,37.499343,139.921789,4,0.007,-0.915,9.496,2.98
1425695271581,37.499344,139.921786,4,-0.061,-0.842,9.147,2.929
1425695271682,37.499345,139.921783,4,-0.066,-0.916,9.332,2.876
1425695271783,37.499345,139.92178,4,0.02,-0.94,9.573,2.823
1425695271883,37.499346,139.921777,4,0.061,-0.933,9.51,2.772
1425695271984,37.499347,139.921774,4,0.06,-0.942,9.481,2.722
1425695272085,37.499348,139.921772,4,0.097,-0.933,9.505,2.672
1425695272185,37.499348,139.921769,4,0.119,-0.945,9.365,2.624
1425695272281,37.499349,139.921766,4,0.1,-0.938,9.356,2.578
1425695272382,37.49935,139.921764,4,0.012,-0.963,9.529,2.531
1425695272482,37.49935,139.921761,4,-0.089,-0.932,9.342,2.5
1425695272583,37.499351,139.921759,4,-0.116,-0.837,9.051,2.5
1425695272684,37.499352,139.921756,4,-0.088,-0.753,9.053,2.5
1425695272785,37.499352,139.921753,4,-0.064,-0.781,9.225,2.5
1425695272885,37.499353,139.921751,4,0.003,-0.835,9.464,2.5
1425695272981,37.499354,139.921748,4,0.045,-0.895,9.584,2.5
1425695273082,37.499354,139.921746,4,0.061,-0.896,9.509,2.5
1425695273182,37.499355,139.921743,4,0.065,-0.819,9.367,2.5
1425695273283,37.499356,139.92174,4,0.041,-0.695,9.216,2.5
1425695273384,37.499357,139.921738,4,0.026,-0.491,9.197,2.5
1425695273485,37.499357,139.921735,5,0.025,-0.343,9.247,2.5
1425695273585,37.499358,139.921732,5,0.073,-0.241,9.318,2.5
1425695273681,37.499358,139.92173,5,0.155,-0.213,9.471,2.5
1425695273782,37.499359,139.921727,5,0.202,-0.244,9.652,2.5
1425695273882,37.49936,139.921724,5,0.152,-0.239,9.683,2.5
1425695273983,37.49936,139.921722,5,0.033,-0.17,9.381,2.5
1425695274084,37.499361,139.921719,5,-0.081,-0.145,9.145,2.5
1425695274185,37.499361,139.921716,5,-0.128,-0.305,9.44,2.5
1425695274285,37.499362,139.921713,5,-0.087,-0.425,9.755,2.5
1425695274381,37.499363,139.921711,5,-0.001,-0.385,9.59,2.5
1425695274482,37.499363,139.92171,6,0.064,-0.291,9.242,2.415
1425695274582,37.499363,139.921711,6,0.104,-0.227,9.01,2.161
1425695274683,37.499363,139.921713,6,0.167,-0.22,9.168,1.924
1425695274784,37.499363,139.921714,6,0.158,-0.298,9.501,1.706
1425695274884,37.499364,139.921716,6,0.093,-0.344,9.688,1.509
1425695274985,37.499364,139.921717,6,0.009,-0.353,9.494,1.329
1425695275081,37.499364,139.921718,6,-0.079,-0.379,9.199,1.176
1425695275182,37.499364,139.921719,6,-0.108,-0.404,9.179,1.034
1425695275282,37.499364,139.92172,6,-0.108,-0.484,9.418,0.912
1425695275383,37.499364,139.921721,6,-0.061,-0.535,9.616,0.808
1425695275484,37.499364,139.921721,6,-0.023,-0.57,9.476,0.7
1425695275584,37.499363,139.921721,6,0.004,-0.577,9.291,0.562
1425695275685,37.499363,139.921721,6,0.035,-0.585,9.261,0.439
1425695275781,37.499362,139.921721,6,0.01,-0.692,9.284,0.336
1425695275881,37.499362,139.921721,6,-0.03,-0.865,9.365,0.243
1425695275982,37.499362,139.921721,6,-0.068,-0.999,9.445,0.164
1425695276083,37.499361,139.921721,6,-0.112,-1.125,9.434,0.101
1425695276184,37.499361,139.921721,6,-0.092,-1.168,9.426,0.053
1425695276284,37.499361,139.921721,6,-0.07,-1.209,9.357,0.021
1425695276385,37.499361,139.921721,6,-0.016,-1.027,9.491,0.003
1425695300379,37.499678,139.920761,5,0.015,0.153,9.398,7.25
1425695300384,37.499678,139.92076,5,0.014,0.151,9.4,7.25
1425695300484,37.499679,139.920753,6,-0.019,0.0,9.634,7.232
1425695300585,37.499681,139.920745,6,-0.031,-0.033,9.418,7.18
1425695300681,37.499682,139.920739,6,-0.022,-0.082,9.146,7.131
1425695300782,37.499683,139.920732,6,-0.047,-0.129,9.374,7.08
1425695300882,37.499684,139.920725,6,-0.015,-0.128,9.567,7.03
1425695300983,37.499685,139.920718,6,0.083,-0.033,9.304,6.979
1425695301084,37.499686,139.920711,6,0.102,-0.075,9.245,6.929
1425695301184,37.499687,139.920704,6,0.073,-0.08,9.159,6.88
1425695301285,37.499688,139.920697,6,0.071,-0.156,9.595,6.83
1425695301381,37.499689,139.920691,6,0.037,-0.263,10.193,6.783
1425695301481,37.499691,139.920684,6,-0.0,-0.275,9.948,6.75
1425695301582,37.499693,139.920677,6,0.012,-0.183,9.459,6.75
1425695301683,37.499695,139.920669,6,-0.002,-0.064,8.96,6.75
1425695301784,37.499697,139.920662,6,-0.02,0.052,8.849,6.75
1425695301884,37.499699,139.920655,6,0.02,0.012,9.221,6.75
1425695301985,37.499701,139.920648,6,0.025,-0.02,9.458,6.75
1425695302081,37.499703,139.920641,6,-0.035,-0.111,9.375,6.75
1425695302181,37.499705,139.920634,6,-0.031,-0.136,9.512,6.75
1425695302282,37.499707,139.920627,6,-0.01,-0.089,9.392,6.75
1425695302383,37.49971,139.92062,6,-0.001,-0.078,9.302,6.75
1425695302483,37.499712,139.920613,5,0.046,-0.054,9.435,6.742
1425695302584,37.499714,139.920606,5,-0.005,-0.034,9.185,6.716
1425695302685,37.499716,139.9206,5,-0.005,-0.048,9.25,6.69
1425695302785,37.499718,139.920593,5,-0.039,-0.129,9.649,6.665
1425695302881,37.49972,139.920587,5,-0.026,-0.121,9.581,6.641
1425695302982,37.499722,139.920581,5,0.017,-0.077,9.424,6.616
1425695303083,37.499724,139.920574,5,0.093,-0.083,9.426,6.591
1425695303183,37.499726,139.920568,5,0.17,-0.059,9.443,6.566
1425695303284,37.499728,139.920561,5,0.132,-0.032,9.242,6.541
1425695303385,37.49973,139.920555,5,0.101,-0.032,9.187,6.516
1425695303485,37.499731,139.920548,6,0.108,-0.041,9.586,6.491
1425695303581,37.499732,139.920541,6,0.014,-0.16,9.849,6.467
1425695303682,37.499733,139.920534,6,-0.015,-0.152,9.698,6.441
1425695303783,37.499734,139.920526,6,0.061,0.034,8.909,6.416
1425695303883,37.499735,139.920519,6,0.082,0.067,8.729,6.391
1425695303984,37.499735,139.920511,6,0.112,0.096,8.726,6.365
1425695304085,37.499736,139.920504,6,0.091,0.035,9.203,6.34
1425695304185,37.499737,139.920496,6,0.018,-0.192,10.202,6.315
1425695304281,37.499738,139.920489,6,0.038,-0.443,11.095,6.292
1425695304382,37.499738,139.920482,6,0.047,-0.418,10.435,6.267
1425695304482,37.49974,139.920475,6,0.084,0.037,8.32,6.258
1425695304583,37.499742,139.920468,6,0.006,0.268,7.76,6.283
1425695304684,37.499744,139.920461,6,0.148,0.345,8.259,6.308
1425695304785,37.499746,139.920454,6,0.13,0.092,9.075,6.333
1425695304885,37.499748,139.920446,6,0.258,-0.131,9.773,6.358
1425695304981,37.49975,139.92044,6,0.307,-0.388,10.294,6.382
1425695305082,37.499752,139.920432,6,0.1,-0.489,10.629,6.407
1425695305182,37.499754,139.920425,6,0.01,-0.603,10.877,6.432
1425695305283,37.499756,139.920418,6,0.007,-0.471,10.575,6.458
1425695305384,37.499759,139.920411,6,0.011,-0.006,9.357,6.483
1425695305485,37.49976,139.920403,5,0.037,0.41,7.648,6.5
1425695305585,37.499762,139.920395,5,0.069,0.487,7.089,6.5
1425695305681,37.499763,139.920388,5,0.066,0.318,8.084,6.5
1425695305782,37.499765,139.92038,5,-0.047,-0.079,9.685,6.5
1425695305882,37.499766,139.920372,5,-0.344,-0.323,10.774,6.5
1425695305983,37.499767,139.920364,5,-0.35,-0.237,10.387,6.5
1425695306084,37.499769,139.920357,5,-0.193,0.013,9.863,6.5
1425695306184,37.49977,139.920349,5,-0.099,0.115,9.206,6.5
1425695306285,37.499772,139.920341,5,-0.085,0.338,8.633,6.5
1425695306381,37.499773,139.920333,5,-0.094,0.308,8.764,6.5
1425695314382,37.499944,139.919765,4,-0.088,0.301,8.782,6.75
1425695314483,37.499947,139.919757,4,0.07,0.027,9.039,6.742
1425695314584,37.499949,139.919751,4,0.07,-0.227,9.556,6.716
1425695314684,37.499951,139.919744,4,0.048,-0.097,9.046,6.691
1425695314785,37.499952,139.919738,4,-0.046,-0.112,9.063,6.665
1425695314881,37.499954,139.919732,4,-0.0,-0.113,8.984,6.641
1425695314981,37.499956,139.919726,4,-0.037,-0.314,9.751,6.616
1425695315082,37.499958,139.91972,4,-0.086,-0.411,9.383,6.591
1425695315183,37.49996,139.919713,4,0.004,-0.539,9.021,6.566
1425695315283,37.499962,139.919707,4,0.057,-0.742,9.34,6.541
1425695315384,37.499964,139.919701,4,0.017,-1.035,9.81,6.516
1425695315485,37.499966,139.919695,4,0.024,-1.172,9.718,6.472
1425695315586,37.499968,139.919688,4,0.018,-1.262,9.469,6.393
1425695315681,37.49997,139.919682,4,0.063,-1.224,8.987,6.319
1425695315782,37.499972,139.919676,4,0.024,-1.243,9.406,6.241
1425695315883,37.499974,139.919669,4,0.027,-1.127,9.461,6.164
1425695315983,37.499976,139.919663,4,-0.008,-0.889,9.001,6.089
1425695316084,37.499978,139.919657,4,0.038,-0.827,9.51,6.014
1425695316185,37.49998,139.919651,4,-0.045,-0.785,9.733,5.94
1425695316286,37.499982,139.919645,4,-0.104,-0.831,9.894,5.867
1425695316381,37.499984,139.919639,4,-0.067,-0.735,9.086,5.799
1425695316482,37.499986,139.919633,4,-0.08,-0.847,8.694,5.724
1425695316583,37.499987,139.919628,4,-0.111,-0.982,8.608,5.644
1425695316683,37.499989,139.919622,4,-0.09,-1.246,9.247,5.566
1425695316784,37.499991,139.919617,4,-0.045,-1.542,10.138,5.488
1425695316885,37.499993,139.919611,4,-0.034,-1.726,10.362,5.411
1425695316985,37.499994,139.919606,4,-0.061,-1.608,9.216,5.336
1425695317081,37.499996,139.919601,4,-0.062,-1.659,8.797,5.265
1425695317182,37.499998,139.919596,4,-0.039,-1.777,9.385,5.191
1425695317283,37.499999,139.919591,4,-0.081,-1.892,9.835,5.118
1425695317383,37.500001,139.919586,4,-0.179,-1.899,9.882,5.047
1425695317484,37.500002,139.919582,5,-0.321,-1.786,9.231,4.928
1425695317585,37.500004,139.919579,5,-0.418,-1.651,8.726,4.72
1425695317685,37.500005,139.919575,5,-0.317,-1.559,8.494,4.522
1425695317781,37.500006,139.919572,5,-0.15,-1.634,9.018,4.339
1425695317882,37.500007,139.919569,5,-0.09,-1.749,9.54,4.153
1425695317982,37.500008,139.919567,5,-0.027,-1.827,9.741,3.977
1425695318083,37.500009,139.919564,5,0.01,-1.844,9.644,3.806
1425695318184,37.50001,139.919561,5,0.006,-1.859,9.719,3.643
1425695318285,37.500011,139.919559,5,-0.007,-1.867,9.648,3.488
1425695318385,37.500011,139.919556,5,0.004,-1.839,9.178,3.341
1425695318481,37.500012,139.919555,5,-0.081,-1.813,8.841,3.126
1425695318582,37.500012,139.919555,5,-0.212,-1.896,9.093,2.741
1425695318682,37.500012,139.919554,5,-0.303,-2.009,9.66,2.392
1425695318783,37.500012,139.919554,5,-0.32,-2.053,9.86,2.07
1425695318884,37.500012,139.919554,5,-0.279,-2.012,9.456,1.781
1425695318984,37.500012,139.919554,5,-0.17,-1.772,9.274,1.526
1425695319085,37.500012,139.919553,5,-0.119,-1.213,9.513,1.3
1425695319181,37.500012,139.919553,5,-0.114,-0.728,9.601,1.115
1425695319281,37.500012,139.919553,5,-0.11,-0.405,9.323,0.953
1425695319382,37.500012,139.919553,5,-0.109,-0.215,9.029,0.821
1425695319483,37.500012,139.919553,5,-0.084,-0.11,9.101,0.74
1425695319584,37.500013,139.919552,5,-0.063,-0.086,9.426,0.711
1425695319684,37.500013,139.919551,5,-0.025,0.041,9.613,0.683
1425695319785,37.500014,139.919551,5,-0.051,0.212,9.476,0.655
1425695319881,37.500014,139.91955,5,-0.052,0.569,9.456,0.63
1425695319981,37.500015,139.91955,5,-0.005,1.119,9.581,0.605
1425695320082,37.500015,139.919549,5,0.077,1.37,9.386,0.58
1425695320183,37.500016,139.919548,5,0.149,1.593,9.143,0.557
1425695320284,37.500016,139.919548,5,0.186,1.721,9.138,0.535
1425695323380,37.50006,139.919478,5,0.174,1.74,9.406,2.732
1425695323385,37.50006,139.919478,5,0.181,1.723,9.417,2.733
1425695323481,37.500063,139.919477,5,0.543,0.866,9.582,2.757
1425695323582,37.500066,139.919477,5,0.833,0.218,9.554,2.782
1425695323683,37.500068,139.919477,5,0.945,-0.044,9.288,2.806
1425695323783,37.500071,139.919477,5,0.984,-0.119,8.946,2.831
1425695323884,37.500074,139.919477,5,1.016,-0.175,9.086,2.856
1425695323985,37.500077,139.919476,5,1.054,-0.267,9.665,2.881
1425695324085,37.500079,139.919476,5,0.949,-0.372,9.993,2.906
1425695324181,37.500082,139.919476,5,0.835,-0.381,9.743,2.931
1425695324282,37.500085,139.919476,5,0.72,-0.176,9.358,2.956
1425695324382,37.500088,139.919476,5,0.583,0.118,9.218,2.982
1425695324483,37.500091,139.919476,5,0.511,0.349,9.013,2.991
1425695324584,37.500093,139.919477,5,0.462,0.388,9.072,2.965
1425695324685,37.500096,139.919478,5,0.521,0.253,9.194,2.939
1425695324785,37.500099,139.919478,5,0.749,0.142,9.029,2.914
1425695324881,37.500101,139.919479,5,0.83,-0.118,9.406,2.89
1425695324982,37.500104,139.91948,5,0.915,-0.278,9.621,2.864
1425695325082,37.500106,139.91948,5,0.93,-0.456,9.746,2.839
1425695325183,37.500109,139.919481,5,0.99,-0.455,9.725,2.815
1425695325284,37.500111,139.919482,5,1.025,-0.449,9.577,2.79
1425695325384,37.500113,139.919483,5,0.872,-0.453,9.494,2.766
1425695325485,37.500116,139.919484,5,0.672,-0.458,9.435,2.758
1425695325581,37.500119,139.919485,5,0.6,-0.376,9.52,2.782
1425695325682,37.500122,139.919487,5,0.505,-0.374,9.477,2.806
1425695325782,37.500125,139.919489,5,0.469,-0.322,9.102,2.831
1425695325883,37.500128,139.919491,5,0.309,-0.305,8.918,2.856
1425695325984,37.500131,139.919493,5,0.21,-0.357,9.335,2.881
1425695326084,37.500134,139.919495,5,0.227,-0.396,9.892,2.906
1425695326185,37.500137,139.919497,5,0.361,-0.332,9.853,2.932
1425695326281,37.50014,139.919499,5,0.437,-0.205,9.333,2.956
1425695326381,37.500143,139.919501,5,0.472,-0.014,9.261,2.982
1425695336382,37.500595,139.919685,5,0.478,0.002,9.266,5.517
1425695336482,37.500599,139.919687,4,0.432,0.055,9.371,5.492
1425695336583,37.500604,139.919689,4,0.332,-0.005,9.503,5.466
1425695336684,37.500608,139.919691,4,0.283,-0.05,9.419,5.44
1425695336785,37.500613,139.919693,4,0.274,-0.073,9.288,5.415
1425695336885,37.500617,139.919696,4,0.243,-0.152,9.278,5.39
1425695336981,37.500622,139.919698,4,0.211,-0.217,9.352,5.366
1425695337082,37.500626,139.9197,4,0.211,-0.277,9.307,5.341
1425695337182,37.50063,139.919702,4,0.295,-0.375,9.495,5.316
1425695337283,37.500635,139.919704,4,0.381,-0.522,9.609,5.291
1425695337384,37.500639,139.919707,4,0.361,-0.657,9.329,5.266
1425695337484,37.500644,139.919708,5,0.363,-0.756,9.314,5.232
1425695337585,37.500648,139.919709,5,0.406,-0.864,9.432,5.18
1425695337681,37.500653,139.919709,5,0.4,-0.892,9.581,5.13
1425695337782,37.500657,139.919709,5,0.296,-0.903,9.37,5.078
1425695337882,37.500662,139.91971,5,0.219,-0.925,9.424,5.028
1425695337983,37.500667,139.91971,5,0.277,-0.842,9.403,4.977
1425695338084,37.500671,139.919711,5,0.422,-0.676,9.325,4.927
1425695338184,37.500675,139.919711,5,0.526,-0.58,9.312,4.878
1425695338285,37.50068,139.919711,5,0.629,-0.507,9.498,4.829
1425695338381,37.500684,139.919712,5,0.576,-0.44,9.459,4.783
1425695338482,37.500688,139.919712,5,0.461,-0.49,9.245,4.742
1425695338582,37.500693,139.919713,5,0.246,-0.673,9.125,4.716
1425695338683,37.500698,139.919715,5,0.171,-0.884,9.459,4.691
1425695338784,37.500702,139.919716,5,0.075,-0.995,9.469,4.665
1425695338884,37.500707,139.919717,5,-0.003,-1.143,9.518,4.64
1425695338985,37.500711,139.919718,5,-0.149,-1.205,9.622,4.615
1425695339081,37.500716,139.919719,5,-0.23,-1.158,9.263,4.591
1425695339181,37.50072,139.91972,5,-0.254,-1.143,9.036,4.566
1425695339282,37.500725,139.919721,5,-0.316,-1.211,9.335,4.541
1425695339383,37.500729,139.919722,5,-0.446,-1.27,9.585,4.516
1425695339484,37.500733,139.919724,5,-0.412,-1.346,9.81,4.439
1425695339584,37.500736,139.919725,5,-0.442,-1.337,9.754,4.264
1425695339685,37.500738,139.919727,5,-0.395,-1.215,9.178,4.094
1425695339781,37.500741,139.919728,5,-0.286,-1.129,8.899,3.937
1425695339881,37.500744,139.919729,5,-0.271,-1.144,9.19,3.78
1425695339982,37.500746,139.919731,5,-0.235,-1.279,9.686,3.627
1425695340083,37.500748,139.919732,5,-0.208,-1.347,9.798,3.481
1425695340183,37.500751,139.919733,5,-0.057,-1.232,9.261,3.342
1425695340284,37.500753,139.919734,5,-0.021,-1.145,8.961,3.207
1425695340385,37.500755,139.919735,5,-0.072,-1.212,9.252,3.079
1425695340481,37.500756,139.919737,5,-0.071,-1.311,9.604,2.963
1425695340581,37.500758,139.919739,5,-0.064,-1.342,9.606,2.846
1425695340682,37.500759,139.919741,5,-0.051,-1.252,9.319,2.732
1425695340783,37.500761,139.919743,5,-0.033,-1.208,9.101,2.623
1425695340883,37.500762,139.919745,5,-0.036,-1.192,9.103,2.518
1425695340984,37.500763,139.919747,5,-0.084,-1.223,9.487,2.416
1425695341085,37.500764,139.919748,5,-0.175,-1.142,9.858,2.319
1425695341186,37.500765,139.91975,5,-0.202,-0.852,9.67,2.225
1425695341281,37.500766,139.919751,5,-0.207,-0.525,9.257,2.141
1425695341387,37.500767,139.919753,5,-0.213,-0.26,8.987,2.051
1425695341483,37.500768,139.919754,5,-0.211,-0.208,9.156,1.941
1425695341582,37.500768,139.919755,5,-0.181,-0.219,9.474,1.77
1425695341684,37.500768,139.919757,5,-0.169,-0.482,9.325,1.606
1425695341783,37.500768,139.919757,5,-0.146,-0.981,9.119,1.458
1425695341885,37.500768,139.919758,5,-0.098,-1.411,9.24,1.317
1425695341981,37.500768,139.919759,5,-0.05,-1.68,9.554,1.195
1425695342082,37.500768,139.91976,5,-0.027,-1.358,10.041,1.078
1425695342183,37.500768,139.919761,5,-0.074,-0.77,10.058,0.973
1425695342283,37.500768,139.919761,5,-0.086,-0.317,9.458,0.88
1425695342384,37.500768,139.919762,5,-0.033,-0.005,8.92,0.797
1425695342485,37.500768,139.919762,5,0.017,0.343,8.942,0.74
1425695342585,37.500768,139.919762,5,-0.01,0.551,9.328,0.71
1425695342681,37.500768,139.919761,5,-0.018,0.705,9.628,0.683
1425695342782,37.500768,139.919761,5,-0.055,0.819,9.516,0.656
1425695342883,37.500768,139.919761,5,-0.044,0.874,9.25,0.629
1425695342983,37.500769,139.919761,5,0.03,0.911,9.161,0.604
1425695343084,37.500769,139.919761,5,0.135,0.921,9.342,0.58
1425695343185,37.500769,139.91976,5,0.24,0.96,9.517,0.557
1425695343285,37.500769,139.91976,5,0.361,1.079,9.591,0.534
1425695343381,37.500769,139.91976,5,0.478,1.265,9.485,0.514
1425695347379,37.500818,139.919841,4,0.488,1.273,9.478,2.767
1425695358381,37.500638,139.920474,6,0.499,1.276,9.47,5.767
1425695358482,37.500636,139.920481,5,0.528,0.704,9.169,5.742
1425695358583,37.500635,139.920487,5,0.575,0.207,9.385,5.716
1425695358684,37.500633,139.920494,5,0.518,-0.029,9.695,5.691
1425695358784,37.500631,139.9205,5,0.61,-0.145,9.642,5.665
1425695358885,37.500629,139.920506,5,0.659,-0.219,9.783,5.64
1425695358981,37.500627,139.920512,5,0.708,-0.148,9.534,5.616
1425695359081,37.500626,139.920518,5,0.743,-0.129,8.954,5.591
1425695359182,37.500624,139.920524,5,0.768,-0.102,8.991,5.566
1425695359283,37.500622,139.92053,5,0.706,-0.202,9.726,5.541
1425695359383,37.50062,139.920536,5,0.764,-0.007,9.704,5.516
1425695374379,37.500338,139.921566,4,0.764,0.008,9.698,6.732
1425695376383,37.50029,139.921706,5,0.763,0.021,9.69,6.75
1425695376484,37.500288,139.921713,5,0.57,0.132,9.51,6.741
1425695376585,37.500285,139.921719,5,0.673,-0.239,11.361,6.716
1425695376685,37.500283,139.921726,5,0.557,-0.341,11.943,6.69
1425695376781,37.50028,139.921731,5,0.494,-0.244,10.669,6.666
1425695376882,37.500277,139.921738,5,0.234,-0.044,9.611,6.641
1425695376982,37.500275,139.921744,5,0.106,0.011,9.895,6.616
1425695377083,37.500272,139.92175,5,-0.229,0.211,9.073,6.591
1425695377184,37.500269,139.921756,5,-0.301,0.479,8.463,6.566
1425695377284,37.500266,139.921762,5,-0.321,0.468,8.296,6.541
1425695386383,37.500097,139.922389,7,-0.124,0.387,8.625,6.483
1425695386484,37.500095,139.922396,6,0.026,0.148,8.994,6.491
1425695386585,37.500093,139.922403,6,0.071,0.093,9.076,6.466
1425695386685,37.500091,139.922411,6,0.055,0.061,9.052,6.44
1425695386781,37.50009,139.922418,6,0.1,0.058,9.174,6.416
1425695386882,37.500088,139.922425,6,0.167,0.05,9.49,6.391
1425695386982,37.500086,139.922433,6,0.246,0.094,9.577,6.366
1425695387083,37.500084,139.92244,6,0.307,0.158,9.464,6.341
1425695387184,37.500082,139.922448,6,0.353,0.287,9.232,6.316
1425695387285,37.50008,139.922455,6,0.346,0.389,9.158,6.291
1425695389379,37.500033,139.922602,5,0.234,0.383,9.323,6.25
1425695389384,37.500033,139.922602,5,0.225,0.379,9.339,6.25
1425695389485,37.50003,139.922608,5,0.125,0.087,9.657,6.241
1425695389581,37.500029,139.922615,5,0.152,-0.083,9.635,6.217
1425695389681,37.500027,139.922622,5,0.153,-0.08,9.28,6.191
1425695389782,37.500025,139.922629,5,0.146,-0.068,9.198,6.166
1425695389883,37.500023,139.922635,5,0.107,-0.153,9.347,6.14
1425695389984,37.500021,139.922642,5,0.087,-0.178,9.483,6.115
1425695390084,37.50002,139.922649,5,0.061,-0.184,9.616,6.09
1425695390185,37.500018,139.922656,5,0.046,-0.168,9.365,6.065
1425695390281,37.500016,139.922662,5,0.073,-0.124,9.158,6.042
1425695390381,37.500014,139.922668,5,0.084,-0.17,9.422,6.017
1425695390482,37.500013,139.922675,5,-0.001,-0.186,9.51,5.983
1425695390583,37.500012,139.922682,5,-0.012,-0.159,9.462,5.931
1425695390684,37.500011,139.922688,5,-0.014,-0.17,9.392,5.879
1425695390784,37.50001,139.922695,5,-0.004,-0.176,9.427,5.828
1425695390885,37.500009,139.922701,5,-0.025,-0.13,9.215,5.777
1425695390981,37.500008,139.922707,5,-0.002,-0.146,9.332,5.729
1425695391081,37.500007,139.922713,5,0.02,-0.142,9.427,5.679
1425695391182,37.500006,139.92272,5,-0.006,-0.194,9.486,5.63
1425695391283,37.500005,139.922726,5,0.037,-0.156,9.382,5.58
1425695391383,37.500004,139.922732,5,0.057,-0.135,9.289,5.532
1425695391484,37.500002,139.922738,5,0.013,-0.205,9.638,5.482
1425695391585,37.5,139.922743,5,0.064,-0.211,9.596,5.43
1425695391686,37.499998,139.922748,5,0.003,-0.19,9.439,5.378
1425695391781,37.499996,139.922752,5,0.009,-0.068,9.221,5.329
1425695391882,37.499994,139.922757,5,0.131,-0.076,9.222,5.278
1425695391983,37.499992,139.922762,5,0.178,-0.074,9.406,5.228
1425695392083,37.499989,139.922766,5,0.275,-0.136,9.511,5.178
1425695392184,37.499987,139.922771,5,0.333,-0.149,9.708,5.128
1425695392285,37.499985,139.922776,5,0.24,-0.09,9.401,5.079
1425695392385,37.499983,139.92278,5,0.126,-0.055,9.061,5.031
1425695392481,37.499981,139.922785,5,0.057,-0.128,9.178,4.992
1425695392582,37.49998,139.92279,5,0.065,-0.148,9.494,4.966
1425695392683,37.499978,139.922795,5,0.049,-0.16,9.656,4.941
1425695392783,37.499976,139.9228,5,0.108,-0.354,9.33,4.915
1425695392884,37.499975,139.922805,5,0.274,-0.503,9.127,4.89
1425695392985,37.499973,139.92281,5,0.337,-0.646,9.325,4.865
1425695393085,37.499971,139.922814,5,0.246,-0.795,9.647,4.84
1425695393181,37.499969,139.922819,5,0.095,-0.868,9.63,4.816
1425695393282,37.499968,139.922824,5,0.012,-0.895,9.486,4.791
1425695393382,37.499966,139.922829,5,0.047,-0.852,9.431,4.767
1425695393483,37.499965,139.922834,4,0.053,-0.798,9.27,4.723
1425695393584,37.499963,139.922839,4,0.059,-0.766,9.25,4.642
1425695393685,37.499962,139.922844,4,0.044,-0.8,9.539,4.562
1425695393785,37.49996,139.922849,4,0.044,-0.802,9.532,4.484
1425695393881,37.499959,139.922854,4,0.082,-0.693,9.397,4.411
1425695393982,37.499958,139.922859,4,0.122,-0.57,9.424,4.335
1425695394082,37.499957,139.922863,4,0.121,-0.459,9.516,4.261
1425695394183,37.499955,139.922868,4,0.129,-0.304,9.104,4.188
1425695394284,37.499954,139.922873,4,0.08,-0.294,9.243,4.116
1425695394385,37.499953,139.922877,4,0.051,-0.277,9.521,4.045
1425695394485,37.499951,139.922881,5,0.038,-0.281,9.447,3.981
1425695394581,37.49995,139.922884,5,-0.005,-0.255,9.447,3.931
1425695394682,37.499949,139.922887,5,-0.031,-0.343,9.503,3.878
1425695394782,37.499947,139.92289,5,0.071,-0.472,9.284,3.827
1425695394883,37.499946,139.922893,5,0.137,-0.615,9.094,3.775
1425695394984,37.499944,139.922896,5,0.038,-0.788,9.399,3.725
1425695395084,37.499943,139.922899,5,-0.013,-0.899,9.524,3.675
1425695395185,37.499942,139.922902,5,0.011,-0.93,9.366,3.626
1425695395281,37.49994,139.922904,5,0.026,-0.991,9.506,3.58
1425695395381,37.499939,139.922907,5,0.057,-0.93,9.293,3.532
1425695395482,37.499938,139.92291,5,0.113,-0.873,8.93,3.463
1425695395583,37.499937,139.922913,5,0.157,-0.963,9.321,3.348
1425695395684,37.499936,139.922917,5,0.159,-1.082,9.83,3.236
1425695395784,37.499935,139.92292,5,0.131,-1.087,9.7,3.129
1425695395885,37.499934,139.922923,5,0.062,-1.063,9.27,3.024
1425695395981,37.499933,139.922926,5,-0.015,-1.043,9.14,2.927
1425695396081,37.499932,139.922928,5,-0.041,-1.066,9.252,2.83
1425695396182,37.499931,139.922931,5,-0.0,-1.115,9.482,2.735
1425695396283,37.49993,139.922934,5,0.1,-1.09,9.585,2.644
1425695396384,37.49993,139.922936,5,0.17,-1.081,9.436,2.556
1425695396484,37.499929,139.922939,4,0.155,-1.077,9.222,2.444
1425695396585,37.499928,139.92294,4,0.075,-1.09,9.25,2.283
1425695396681,37.499928,139.922942,4,-0.021,-1.144,9.462,2.137
1425695396781,37.499927,139.922944,4,-0.061,-1.162,9.532,1.994
1425695396882,37.499926,139.922945,4,-0.018,-1.136,9.354,1.858
1425695396983,37.499926,139.922947,4,0.068,-1.12,9.31,1.73
1425695397084,37.499925,139.922948,4,0.115,-1.169,9.395,1.611
1425695397184,37.499925,139.922949,4,0.107,-1.202,9.375,1.501
1425695397285,37.499925,139.92295,4,0.041,-1.203,9.393,1.399
1425695397381,37.499924,139.922951,4,-0.035,-1.221,9.439,1.309
1425695397481,37.499924,139.922952,4,-0.034,-1.203,9.364,1.199
1425695397582,37.499924,139.922951,4,0.056,-1.101,9.364,1.042
1425695397683,37.499924,139.922951,4,0.137,-0.894,9.488,0.898
1425695397783,37.499924,139.92295,4,0.154,-0.647,9.504,0.769
1425695397884,37.499923,139.92295,4,0.109,-0.449,9.358,0.652
1425695397985,37.499923,139.922949,4,0.055,-0.312,9.235,0.549
1425695398081,37.499923,139.922949,4,0.046,-0.18,9.299,0.464
1425695398186,37.499923,139.922949,4,0.093,-0.041,9.436,0.384
1425695398282,37.499923,139.922948,4,0.158,0.04,9.431,0.325
1425695398381,37.499923,139.922948,4,0.182,0.095,9.358,0.276
1425695398483,37.499923,139.922948,4,0.163,0.128,9.317,0.234
1425695398582,37.499923,139.922948,4,0.113,0.131,9.369,0.188
1425695398685,37.499922,139.922948,4,0.076,0.127,9.431,0.146
1425695398784,37.499922,139.922947,4,0.096,0.144,9.433,0.111
1425695398881,37.499922,139.922947,4,0.14,0.158,9.375,0.081
1425695398982,37.499921,139.922947,4,0.169,0.159,9.353,0.055
1425695399083,37.499921,139.922947,4,0.168,0.147,9.397,0.034
1425695399183,37.499921,139.922947,4,0.128,0.13,9.43,0.018
1425695399284,37.499921,139.922947,4,0.105,0.132,9.399,0.007
1425695399385,37.499921,139.922947,4,0.107,0.147,9.366,0.001
1425695438380,37.499849,139.923232,4,0.12,0.125,9.393,2.5
1425695438384,37.499849,139.923232,4,0.117,0.118,9.383,2.5
1425695438485,37.499848,139.923235,4,0.15,0.205,8.954,2.5
1425695438585,37.499847,139.923238,4,-0.006,0.189,9.066,2.5
1425695438681,37.499846,139.92324,4,-0.144,0.051,9.808,2.5
1425695438782,37.499845,139.923243,4,-0.127,-0.028,10.104,2.5
1425695438882,37.499845,139.923245,4,-0.035,-0.013,9.731,2.5
1425695438983,37.499844,139.923248,4,0.099,0.08,9.271,2.5
1425695439084,37.499843,139.92325,4,0.134,0.012,9.146,2.5
1425695439185,37.499842,139.923253,4,0.101,-0.023,9.134,2.5
1425695439285,37.499841,139.923256,4,0.013,-0.05,9.198,2.5
1425695439381,37.499841,139.923258,4,-0.046,-0.115,9.525,2.5
1425695445383,37.499799,139.923411,4,-0.044,-0.112,9.545,2.5
1425695455382,37.499731,139.923716,4,-0.042,-0.109,9.561,2.281
1425695455484,37.499731,139.923718,4,0.04,-0.399,9.495,2.231
1425695455583,37.49973,139.92372,4,0.108,-0.69,9.319,2.176
1425695455686,37.499729,139.923722,4,0.166,-0.927,9.447,2.121
1425695455781,37.499728,139.923723,4,0.21,-1.042,9.637,2.071
1425695455882,37.499728,139.923725,4,0.19,-1.102,9.561,2.019
1425695455983,37.499727,139.923727,4,0.114,-1.098,9.343,1.968
1425695456083,37.499726,139.923729,4,0.049,-1.094,9.268,1.919
1425695456184,37.499726,139.923731,4,0.015,-1.127,9.339,1.871
1425695456285,37.499725,139.923732,4,0.038,-1.125,9.432,1.824
1425695456385,37.499724,139.923734,4,0.057,-1.123,9.494,1.779
1425695456481,37.499724,139.923735,5,0.059,-1.087,9.431,1.732
1425695456582,37.499723,139.923737,5,0.068,-1.023,9.295,1.674
1425695456683,37.499723,139.923738,5,0.075,-0.984,9.294,1.619
1425695456783,37.499723,139.923739,5,0.094,-0.931,9.454,1.565
1425695456884,37.499722,139.92374,5,0.115,-0.855,9.493,1.513
1425695456985,37.499722,139.923741,5,0.112,-0.762,9.419,1.462
1425695457085,37.499721,139.923742,5,0.109,-0.663,9.347,1.413
1425695457181,37.499721,139.923743,5,0.086,-0.562,9.355,1.368
1425695457282,37.499721,139.923744,5,0.087,-0.479,9.371,1.322
1425695457382,37.49972,139.923744,5,0.099,-0.424,9.409,1.279
1425695457483,37.49972,139.923744,5,0.122,-0.378,9.399,1.169
1425695457584,37.49972,139.923743,5,0.141,-0.345,9.369,0.937
1425695457685,37.49972,139.923741,5,0.141,-0.307,9.365,0.732
1425695457785,37.499719,139.92374,5,0.123,-0.29,9.395,0.553
1425695457881,37.499719,139.923739,5,0.128,-0.227,9.444,0.405
1425695457982,37.499719,139.923738,5,0.131,-0.108,9.487,0.274
1425695458082,37.499719,139.923737,5,0.152,0.034,9.451,0.169
1425695458183,37.499719,139.923737,5,0.165,0.149,9.324,0.089
1425695458284,37.499719,139.923736,5,0.164,0.216,9.242,0.034
1425695458385,37.499719,139.923736,5,0.158,0.226,9.35,0.005
1425695498381,37.499699,139.923834,6,0.155,0.15,9.398,2.266
1425695498481,37.499698,139.923837,6,0.14,0.078,9.379,2.242
1425695498582,37.499697,139.923839,6,0.104,-0.02,9.306,2.215
1425695498683,37.499696,139.923842,6,0.11,-0.062,9.391,2.189
1425695498783,37.499695,139.923844,6,0.107,-0.109,9.475,2.163
1425695498884,37.499694,139.923846,6,0.14,-0.084,9.496,2.138
1425695498985,37.499694,139.923849,6,0.148,-0.059,9.326,2.113
1425695499081,37.499693,139.923851,6,0.146,-0.029,9.274,2.089
1425695499181,37.499692,139.923853,6,0.099,-0.052,9.376,2.064
1425695499282,37.499691,139.923855,6,0.067,-0.098,9.478,2.04
1425695499383,37.499691,139.923858,6,0.083,-0.116,9.409,2.016
1425695499483,37.49969,139.92386,5,0.152,-0.169,9.319,1.991
1425695499584,37.499689,139.923862,5,0.199,-0.249,9.331,1.965
1425695499685,37.499688,139.923864,5,0.195,-0.413,9.365,1.938
1425695499781,37.499687,139.923866,5,0.155,-0.573,9.426,1.914
1425695499881,37.499686,139.923868,5,0.105,-0.728,9.453,1.888
1425695499982,37.499686,139.92387,5,0.029,-0.843,9.432,1.863
1425695500083,37.499685,139.923872,5,-0.002,-0.896,9.421,1.838
1425695500183,37.499684,139.923874,5,-0.016,-0.936,9.352,1.813
1425695500284,37.499683,139.923876,5,0.021,-0.95,9.322,1.789
1425695500385,37.499682,139.923878,5,0.062,-0.982,9.366,1.765
1425695500485,37.499682,139.923879,5,0.087,-1.007,9.401,1.63
1425695500581,37.499683,139.923879,5,0.075,-1.03,9.399,1.322
1425695500682,37.499684,139.923879,5,0.067,-1.068,9.382,1.032
1425695500783,37.499684,139.923878,5,0.051,-0.909,9.488,0.779
1425695500883,37.499685,139.923878,5,0.084,-0.402,9.675,0.563
1425695500984,37.499685,139.923878,5,0.103,0.04,9.54,0.38
1425695501085,37.499685,139.923878,5,0.104,0.26,9.143,0.233
1425695501181,37.499686,139.923878,5,0.127,0.301,8.95,0.127
1425695501282,37.499686,139.923878,5,0.153,0.233,9.213,0.049
1425695501382,37.499686,139.923878,5,0.159,0.157,9.607,0.008
1425695525381,37.499515,139.924491,4,0.12,0.173,9.46,3.282
1425695525481,37.499514,139.924494,4,0.062,0.163,9.257,3.242
1425695525582,37.499513,139.924497,4,-0.012,0.092,9.278,3.216
1425695525683,37.499512,139.9245,4,-0.019,0.027,9.462,3.19
1425695525783,37.499511,139.924504,4,0.027,0.027,9.425,3.165
1425695525884,37.49951,139.924507,4,0.135,0.004,9.474,3.139
1425695525985,37.499509,139.92451,4,0.287,-0.001,9.48,3.114
1425695526085,37.499508,139.924513,4,0.366,0.001,9.36,3.089
1425695526181,37.499507,139.924516,4,0.345,0.016,9.389,3.065
1425695526287,37.499506,139.924519,4,0.265,0.026,9.414,3.039
1425695526382,37.499506,139.924522,4,0.202,0.013,9.381,3.016
1425695526482,37.499505,139.924525,3,0.128,0.013,9.399,3.0
1425695526584,37.499504,139.924528,3,0.111,0.013,9.461,3.0
1425695526683,37.499503,139.924531,3,0.096,0.018,9.355,3.0
1425695526785,37.499502,139.924534,3,0.116,0.048,9.253,3.0
1425695526881,37.499501,139.924537,3,0.137,0.061,9.281,3.0
1425695526982,37.4995,139.92454,3,0.149,0.027,9.465,3.0
1425695527082,37.499499,139.924544,3,0.161,0.004,9.475,3.0
1425695527183,37.499498,139.924547,3,0.166,0.007,9.447,3.0
1425695527284,37.499497,139.92455,3,0.176,-0.008,9.491,3.0
1425695527385,37.499497,139.924553,3,0.194,0.037,9.277,3.0
1425695527485,37.499496,139.924556,3,0.215,0.044,9.137,2.991
1425695527581,37.499495,139.924559,3,0.215,0.031,9.392,2.966
1425695527682,37.499494,139.924562,3,0.158,0.018,9.542,2.94
1425695527782,37.499494,139.924565,3,0.122,-0.004,9.528,2.915
1425695527883,37.499493,139.924567,3,0.134,0.032,9.381,2.889
1425695527984,37.499492,139.92457,3,0.171,0.066,9.242,2.864
1425695528084,37.499491,139.924573,3,0.16,0.054,9.265,2.839
1425695528185,37.499491,139.924576,3,0.135,-0.007,9.467,2.814
1425695528281,37.49949,139.924578,3,0.178,0.022,9.39,2.791
1425695528382,37.499489,139.924581,3,0.165,0.002,9.552,2.766
1425695528482,37.499489,139.924584,3,0.174,-0.0,9.585,2.75
1425695528583,37.499488,139.924586,3,0.138,0.037,9.273,2.75
1425695528684,37.499487,139.924589,3,0.141,0.048,9.22,2.75
1425695528784,37.499487,139.924592,3,0.125,0.038,9.451,2.75
1425695528885,37.499486,139.924594,3,0.097,0.034,9.427,2.75
1425695528981,37.499485,139.924597,3,0.055,0.047,9.312,2.75
1425695529082,37.499485,139.924599,3,0.02,0.019,9.479,2.75
1425695529182,37.499484,139.924602,3,0.055,-0.009,9.599,2.75
1425695529283,37.499483,139.924605,3,0.139,0.037,9.338,2.75
1425695529384,37.499482,139.924607,3,0.226,0.065,9.18,2.75
1425695529484,37.499482,139.92461,4,0.26,0.077,9.233,2.721
1425695529581,37.499482,139.924612,4,0.311,0.051,9.345,2.638
1425695529681,37.499481,139.924614,4,0.368,-0.028,9.651,2.556
1425695529781,37.499481,139.924616,4,0.318,-0.068,9.861,2.476
1425695529882,37.499481,139.924618,4,0.212,-0.054,9.563,2.397
1425695529983,37.49948,139.92462,4,0.148,0.059,9.118,2.321
1425695530084,37.49948,139.924622,4,0.128,0.059,9.101,2.247
1425695530184,37.49948,139.924624,4,0.14,0.048,9.35,2.176
1425695530285,37.499479,139.924625,4,0.14,0.054,9.352,2.107
1425695530381,37.499479,139.924627,4,0.11,0.052,9.381,2.044
1425695530481,37.499479,139.924629,4,0.082,0.053,9.487,2.0
1425695530582,37.499478,139.924631,4,0.062,0.069,9.347,2.0
1425695530683,37.499478,139.924633,4,0.129,0.081,9.22,2.0
1425695530783,37.499478,139.924635,4,0.207,0.063,9.427,2.0
1425695530884,37.499477,139.924637,4,0.194,0.045,9.568,2.0
1425695530985,37.499477,139.924639,4,0.193,0.038,9.417,2.0
1425695531081,37.499476,139.924641,4,0.144,0.045,9.271,2.0
1425695531181,37.499476,139.924643,4,0.091,0.053,9.296,2.0
1425695531282,37.499476,139.924645,4,0.121,0.055,9.382,2.0
1425695531383,37.499475,139.924647,4,0.184,0.045,9.444,2.0
1425695531483,37.499475,139.924649,4,0.324,0.054,9.415,2.0
1425695531584,37.499474,139.924651,4,0.419,0.089,9.328,2.0
1425695531685,37.499474,139.924652,4,0.436,0.054,9.439,2.0
1425695531785,37.499474,139.924654,4,0.331,0.026,9.486,2.0
1425695531881,37.499473,139.924656,4,0.114,-0.001,9.326,2.0
1425695531982,37.499473,139.924658,4,-0.066,-0.016,9.228,2.0
1425695532083,37.499472,139.92466,4,-0.064,-0.009,9.382,2.0
1425695532183,37.499472,139.924662,4,0.051,-0.02,9.482,2.0
1425695532284,37.499472,139.924664,4,0.225,-0.018,9.429,2.0
1425695532385,37.499471,139.924666,4,0.342,0.002,9.365,2.0
1425695532485,37.499471,139.924668,4,0.395,-0.005,9.446,1.991
1425695532581,37.49947,139.92467,4,0.411,-0.0,9.504,1.965
1425695532682,37.49947,139.924672,4,0.339,0.031,9.382,1.939
1425695532782,37.49947,139.924674,4,0.209,0.053,9.259,1.913
1425695532883,37.499469,139.924676,4,0.102,0.063,9.293,1.888
1425695532984,37.499469,139.924677,4,0.054,0.049,9.383,1.862
1425695533085,37.499468,139.924679,4,0.098,0.014,9.438,1.837
1425695533185,37.499468,139.924681,4,0.232,0.026,9.421,1.813
1425695533281,37.499468,139.924683,4,0.355,0.03,9.356,1.79
1425695533382,37.499467,139.924685,4,0.393,0.009,9.335,1.766
1425695533482,37.499467,139.924686,4,0.328,-0.006,9.419,1.75
1425695533583,37.499467,139.924688,4,0.241,-0.001,9.456,1.75
1425695533684,37.499466,139.92469,4,0.168,0.02,9.329,1.75
1425695533785,37.499466,139.924691,4,0.161,0.043,9.264,1.75
1425695533885,37.499466,139.924693,4,0.182,0.033,9.384,1.75
1425695533981,37.499465,139.924694,4,0.246,0.021,9.479,1.75
1425695534082,37.499465,139.924695,4,0.303,0.023,9.457,1.75
1425695534182,37.499465,139.924697,4,0.326,0.066,9.392,1.75
1425695534283,37.499465,139.924699,4,0.313,0.082,9.375,1.75
1425695534384,37.499464,139.9247,4,0.258,0.079,9.394,1.75
1425695534484,37.499464,139.924701,4,0.195,0.037,9.399,1.718
1425695534585,37.499464,139.924702,4,0.189,0.023,9.415,1.625
1425695534681,37.499464,139.924704,4,0.203,0.004,9.39,1.54
1425695534782,37.499464,139.924705,4,0.236,0.004,9.362,1.456
1425695534882,37.499463,139.924705,4,0.289,0.013,9.373,1.376
1425695534983,37.499463,139.924706,4,0.291,0.017,9.401,1.299
1425695535084,37.499463,139.924707,4,0.279,0.024,9.374,1.227
1425695535184,37.499463,139.924708,4,0.265,0.043,9.35,1.16
1425695535285,37.499463,139.924709,4,0.237,0.073,9.392,1.096
1425695535381,37.499463,139.92471,4,0.223,0.122,9.409,1.039
1425695544379,37.499436,139.924807,3,0.224,0.127,9.403,1.25
1425695544384,37.499436,139.924807,3,0.222,0.125,9.397,1.25
1425695544485,37.499436,139.924808,3,0.188,-0.122,9.37,1.24
1425695544585,37.499435,139.924809,3,0.169,-0.388,9.363,1.213
1425695544681,37.499435,139.924811,3,0.157,-0.693,9.292,1.187
1425695544782,37.499435,139.924812,3,0.129,-1.046,9.26,1.161
1425695544883,37.499434,139.924813,3,0.093,-1.376,9.313,1.135
1425695544983,37.499434,139.924814,3,0.055,-1.254,9.721,1.11
1425695545084,37.499433,139.924815,3,0.074,-0.531,10.051,1.085
1425695545185,37.499433,139.924816,3,0.102,0.118,9.704,1.061
1425695545285,37.499433,139.924816,3,0.165,0.484,9.04,1.037
1425695545381,37.499432,139.924817,3,0.245,0.634,8.722,1.015
1425695545482,37.499432,139.924817,3,0.284,0.593,8.953,0.937
1425695545583,37.499432,139.924816,3,0.259,0.356,9.381,0.752
1425695545683,37.499431,139.924815,3,0.183,0.077,9.674,0.588
1425695545784,37.499431,139.924814,3,0.105,-0.055,9.655,0.444
1425695545885,37.499431,139.924813,3,0.093,0.097,9.525,0.319
1425695545985,37.49943,139.924812,3,0.135,0.336,9.398,0.216
1425695546081,37.49943,139.924811,3,0.185,0.453,9.236,0.136
1425695546182,37.49943,139.924811,3,0.21,0.397,9.188,0.072
1425695546282,37.49943,139.92481,3,0.192,0.282,9.383,0.028
1425695546383,37.49943,139.92481,3,0.184,0.179,9.558,0.004
1425695582381,37.499411,139.924858,4,0.189,0.181,9.561,1.0
1425695582482,37.499411,139.924859,4,0.195,0.16,9.627,1.0
1425695582583,37.499411,139.92486,4,0.177,0.116,9.631,1.0
1425695582683,37.499411,139.924861,4,0.16,0.142,9.489,1.0
1425695582784,37.49941,139.924862,4,0.131,0.167,9.337,1.0
1425695582885,37.49941,139.924863,4,0.11,0.156,9.323,1.0
1425695582985,37.49941,139.924864,4,0.097,0.136,9.439,1.0
1425695583086,37.49941,139.924865,4,0.124,0.24,9.535,1.0
1425695583182,37.49941,139.924866,4,0.128,0.394,9.473,1.0
1425695583281,37.499409,139.924866,4,0.129,0.55,9.373,1.0
1425695598379,37.499295,139.925219,3,0.137,0.656,9.314,3.267
1425695598384,37.499295,139.92522,3,0.125,0.644,9.303,3.266
1425695598484,37.499295,139.925223,4,-0.479,-0.266,8.795,3.241
1425695598585,37.499295,139.925226,4,-0.539,-0.754,8.728,3.215
1425695598681,37.499295,139.92523,4,-0.452,-0.862,9.158,3.19
1425695598782,37.499295,139.925233,4,-0.291,-0.858,9.615,3.165
1425695598882,37.499295,139.925236,4,-0.181,-0.782,9.612,3.14
1425695598983,37.499296,139.925239,4,-0.141,-0.653,9.411,3.114
1425695599084,37.499296,139.925243,4,-0.172,-0.527,9.275,3.089
1425695599184,37.499296,139.925246,4,-0.176,-0.55,9.548,3.065
1425695599285,37.499296,139.925249,4,-0.266,-0.571,9.728,3.04
1425695599381,37.499296,139.925252,4,-0.359,-0.514,9.43,3.017
1425695599482,37.499296,139.925254,5,-0.393,-0.407,9.128,2.95
1425695599582,37.499298,139.925256,5,-0.392,-0.308,8.958,2.797
1425695599683,37.499299,139.925257,5,-0.272,-0.245,9.019,2.65
1425695599784,37.4993,139.925258,5,-0.149,-0.269,9.41,2.509
1425695599884,37.499301,139.925259,5,-0.128,-0.313,9.735,2.377
1425695599985,37.499303,139.925261,5,-0.141,-0.346,9.633,2.249
1425695600081,37.499304,139.925262,5,-0.192,-0.346,9.336,2.135
1425695600181,37.499305,139.925263,5,-0.167,-0.341,9.333,2.022
1425695600282,37.499306,139.925264,5,-0.095,-0.279,9.47,1.914
1425695600383,37.499306,139.925264,5,-0.016,-0.166,9.399,1.813
1425695600484,37.499308,139.925265,5,0.09,-0.072,9.258,1.75
1425695600584,37.499309,139.925266,5,0.154,0.027,9.315,1.75
1425695600685,37.499311,139.925267,5,0.23,0.091,9.402,1.75
1425695600781,37.499312,139.925267,5,0.251,0.181,9.38,1.75
1425695600881,37.499314,139.925268,5,0.206,0.288,9.434,1.75
1425695600982,37.499316,139.925269,5,0.098,0.416,9.409,1.75
1425695601083,37.499317,139.925269,5,-0.01,0.624,9.256,1.75
1425695601183,37.499319,139.92527,5,-0.151,0.772,9.365,1.75
1425695601284,37.49932,139.925271,5,-0.326,0.756,9.575,1.75
1425695625383,37.500519,139.92578,5,-0.429,0.821,9.55,6.516
1425695631381,37.500862,139.925923,6,-0.429,0.825,9.545,6.5
1425695639382,37.501325,139.926142,6,-0.426,0.828,9.548,6.298
1425695646381,37.501739,139.926263,6,-0.42,0.83,9.556,6.299
1425695646482,37.501745,139.926265,5,-0.108,0.625,9.363,6.258
1425695646583,37.50175,139.926267,5,0.015,0.287,9.373,6.283
1425695646683,37.501756,139.926269,5,0.075,0.122,9.571,6.307
1425695646784,37.501762,139.926271,5,0.091,0.05,9.662,6.332
1425695646885,37.501768,139.926273,5,0.061,0.084,9.549,6.358
1425695646985,37.501773,139.926275,5,0.044,0.11,9.222,6.383
1425695647081,37.501779,139.926277,5,0.087,0.134,9.11,6.407
1425695647182,37.501784,139.926279,5,0.105,0.084,9.243,6.432
1425695647282,37.50179,139.926281,5,0.078,0.045,9.551,6.457
1425695647383,37.501796,139.926283,5,0.063,-0.015,9.68,6.483
1425695647484,37.501802,139.926284,6,0.08,0.006,9.531,6.508
1425695647585,37.501807,139.926285,6,0.137,0.039,9.184,6.533
1425695647685,37.501812,139.926286,6,0.201,0.083,9.155,6.558
1425695647781,37.501817,139.926287,6,0.247,0.092,9.335,6.582
1425695647882,37.501822,139.926288,6,0.237,0.046,9.457,6.607
1425695647982,37.501827,139.926289,6,0.17,0.014,9.417,6.632
1425695648083,37.501832,139.92629,6,0.104,0.063,9.14,6.657
1425695648184,37.501837,139.926291,6,0.044,0.024,9.139,6.683
1425695648284,37.501842,139.926292,6,0.072,-0.112,9.479,6.708
1425695651381,37.502033,139.92631,8,0.049,-0.218,9.489,6.964
1425695659382,37.502489,139.926527,8,0.047,-0.216,9.483,6.313
1425695659483,37.502493,139.92653,8,-0.008,0.007,9.372,6.273
1425695659584,37.502498,139.926533,8,-0.008,0.145,9.361,6.346
1425695659685,37.502504,139.926537,8,0.013,0.143,9.572,6.419
1425695659785,37.50251,139.92654,8,0.023,0.144,9.741,6.492
1425695659881,37.502515,139.926543,8,0.014,0.218,9.543,6.563
1425695659982,37.502521,139.926547,8,0.001,0.284,9.232,6.638
1425695660082,37.502527,139.92655,8,-0.056,0.221,9.159,6.714
1425695660183,37.502533,139.926554,8,-0.107,0.149,9.246,6.791
1425695660284,37.502539,139.926557,8,-0.177,-0.016,9.243,6.87
1425695662379,37.502654,139.926625,7,-0.196,-0.251,9.303,7.0
1425695662384,37.502654,139.926625,7,-0.194,-0.255,9.311,7.0
1425695662484,37.50266,139.926628,7,-0.116,-0.202,9.196,6.991
1425695662585,37.502665,139.926631,7,-0.051,-0.16,9.025,6.966
1425695662681,37.50267,139.926633,7,-0.01,-0.125,9.05,6.941
1425695662781,37.502675,139.926636,7,0.014,-0.165,9.445,6.916
1425695662882,37.50268,139.926639,7,0.069,-0.216,9.711,6.891
1425695662983,37.502685,139.926642,7,0.115,-0.218,9.664,6.866
1425695663084,37.502691,139.926644,7,0.09,-0.166,9.345,6.84
1425695663184,37.502696,139.926647,7,-0.053,-0.194,9.217,6.816
1425695663285,37.502701,139.92665,7,-0.142,-0.123,9.235,6.791
1425695663381,37.502706,139.926652,7,0.001,-0.124,9.439,6.767
1425695663481,37.502711,139.926655,7,0.078,-0.189,9.568,6.75
1425695663582,37.502717,139.926658,7,-0.02,-0.182,9.263,6.75
1425695663683,37.502723,139.926661,7,0.001,-0.101,9.066,6.75
1425695663783,37.502728,139.926664,7,-0.016,-0.102,9.214,6.75
1425695663884,37.502734,139.926667,7,-0.07,-0.194,9.46,6.75
1425695663985,37.50274,139.926671,7,-0.093,-0.252,9.522,6.75
1425695664081,37.502746,139.926674,7,-0.143,-0.212,9.374,6.75
1425695664181,37.502751,139.926677,7,-0.118,-0.175,9.503,6.75
1425695664282,37.502757,139.92668,7,-0.093,-0.177,9.652,6.75
1425695664383,37.502763,139.926683,7,-0.034,-0.17,9.391,6.75
1425695664483,37.502769,139.926686,7,-0.056,-0.131,9.16,6.742
1425695664584,37.502773,139.926689,7,-0.125,-0.138,9.248,6.716
1425695664685,37.502778,139.926691,7,-0.156,-0.195,9.424,6.69
1425695664781,37.502782,139.926694,7,-0.176,-0.184,9.262,6.666
1425695664881,37.502787,139.926696,7,-0.196,-0.13,8.856,6.641
1425695664982,37.502792,139.926699,7,-0.281,-0.058,8.741,6.616
1425695665083,37.502796,139.926702,7,-0.235,-0.158,9.415,6.591
1425695665183,37.502801,139.926704,7,-0.087,-0.316,9.962,6.566
1425695665284,37.502805,139.926707,7,-0.038,-0.392,10.129,6.541
1425695665385,37.50281,139.926709,7,-0.107,-0.413,10.007,6.516
1425695665485,37.502815,139.926712,8,-0.149,-0.308,9.575,6.491
1425695665581,37.502822,139.926714,8,-0.28,-0.198,9.199,6.467
1425695665682,37.502829,139.926717,8,-0.295,-0.043,8.786,6.441
1425695665783,37.502837,139.926719,8,-0.276,0.009,8.692,6.416
1425695665883,37.502844,139.926722,8,-0.2,-0.075,9.109,6.391
1425695665984,37.502851,139.926724,8,-0.089,-0.12,9.284,6.365
1425695666085,37.502858,139.926727,8,0.034,-0.209,9.325,6.34
1425695666185,37.502865,139.926729,8,0.162,-0.245,9.588,6.315
1425695666281,37.502871,139.926732,8,0.188,-0.215,9.507,6.292
1425695666382,37.502878,139.926734,8,0.145,-0.184,9.413,6.267
1425695666483,37.502885,139.926737,8,0.056,-0.225,9.537,6.233
1425695666584,37.50289,139.926739,8,0.016,-0.194,9.539,6.181
1425695666684,37.502895,139.926741,8,0.076,-0.167,9.364,6.129
1425695666785,37.502901,139.926744,8,0.068,-0.18,9.174,6.078
1425695666885,37.502906,139.926746,8,0.149,-0.182,9.531,6.027
1425695666981,37.502911,139.926748,8,0.326,-0.2,9.601,5.979
1425695667082,37.502916,139.92675,8,0.38,-0.216,9.478,5.929
1425695667182,37.502921,139.926752,8,0.426,-0.138,9.4,5.88
1425695667283,37.502926,139.926754,8,0.399,-0.115,9.227,5.831
1425695667384,37.502931,139.926757,8,0.41,-0.162,9.363,5.782
1425695667484,37.502935,139.926759,6,0.312,-0.229,9.556,5.741
1425695667585,37.502939,139.926762,6,0.231,-0.209,9.534,5.716
1425695667681,37.502943,139.926764,6,0.12,-0.12,9.075,5.691
1425695667782,37.502947,139.926767,6,0.119,-0.136,9.173,5.666
1425695667882,37.502952,139.92677,6,0.027,-0.198,9.555,5.641
1425695667983,37.502956,139.926773,6,-0.03,-0.177,9.323,5.615
1425695668084,37.50296,139.926775,6,-0.024,-0.207,9.506,5.59
1425695668184,37.502964,139.926778,6,-0.095,-0.188,9.682,5.565
1425695668285,37.502968,139.926781,6,-0.215,-0.172,9.346,5.54
1425695668381,37.502971,139.926783,6,-0.257,-0.116,9.276,5.517
1425695676382,37.503365,139.926975,5,-0.261,-0.113,9.279,5.533
1425695686382,37.503918,139.927244,4,-0.263,-0.11,9.286,7.25
1425695686483,37.503924,139.927246,5,-0.104,-0.183,9.697,7.224
1425695686584,37.503929,139.927249,5,-0.026,-0.203,9.769,7.145
1425695686684,37.503935,139.927252,5,-0.063,-0.216,9.462,7.067
1425695686785,37.50394,139.927255,5,-0.059,-0.2,9.238,6.99
1425695686881,37.503945,139.927258,5,0.025,-0.176,9.241,6.917
1425695686982,37.50395,139.927261,5,0.197,-0.109,9.282,6.841
1425695687082,37.503956,139.927264,5,0.285,-0.117,9.492,6.766
1425695687183,37.503961,139.927267,5,0.38,-0.179,9.63,6.692
1425695687284,37.503966,139.927269,5,0.45,-0.179,9.496,6.619
1425695687384,37.503971,139.927272,5,0.431,-0.167,9.279,6.547
1425695687485,37.503976,139.927275,5,0.382,-0.196,9.294,6.5
1425695687581,37.50398,139.927277,5,0.3,-0.233,9.442,6.5
1425695687681,37.503985,139.92728,5,0.197,-0.24,9.41,6.5
1425695687782,37.50399,139.927283,5,0.084,-0.204,9.175,6.5
1425695687883,37.503995,139.927285,5,-0.096,-0.191,9.149,6.5
1425695687984,37.504,139.927288,5,-0.255,-0.198,9.233,6.5
1425695688084,37.504004,139.92729,5,-0.34,-0.213,9.386,6.5
1425695688185,37.504009,139.927293,5,-0.375,-0.174,9.362,6.5
1425695688281,37.504014,139.927296,5,-0.343,-0.153,9.236,6.5
1425695688381,37.504019,139.927298,5,-0.254,-0.185,9.395,6.5
1425695688482,37.504024,139.927301,5,-0.153,-0.201,9.582,6.475
1425695688583,37.504029,139.927303,5,-0.001,-0.251,9.377,6.395
1425695688684,37.504034,139.927305,5,-0.001,-0.209,9.272,6.316
1425695688784,37.504039,139.927308,5,0.092,-0.19,9.399,6.239
1425695688885,37.504044,139.92731,5,0.122,-0.189,9.466,6.162
1425695688981,37.504048,139.927312,5,0.124,-0.202,9.493,6.09
1425695689081,37.504053,139.927314,5,0.091,-0.169,9.473,6.016
1425695689182,37.504058,139.927316,5,0.093,-0.172,9.383,5.942
1425695689283,37.504062,139.927319,5,0.027,-0.19,9.427,5.869
1425695689383,37.504067,139.927321,5,0.189,-0.16,9.352,5.797
1425695689484,37.504071,139.927323,6,0.274,-0.217,9.396,5.741
1425695689585,37.504075,139.927326,6,0.291,-0.229,9.398,5.716
1425695689681,37.504079,139.92733,6,0.234,-0.28,9.305,5.691
1425695689781,37.504083,139.927333,6,0.146,-0.479,9.08,5.666
1425695689882,37.504087,139.927336,6,0.111,-0.647,9.224,5.641
1425695689983,37.504091,139.927339,6,0.082,-0.81,9.532,5.615
1425697452484,37.506839,139.930994,5,-0.078,0.051,9.585,4.212
1425697452584,37.506839,139.930998,5,-0.025,-0.184,9.236,4.101
1425697452685,37.506838,139.931003,5,-0.074,-0.436,9.44,3.991
1425697452781,37.506838,139.931007,5,0.016,-0.585,9.681,3.889
1425697452881,37.506838,139.931011,5,0.136,-0.636,9.729,3.786
1425697452982,37.506837,139.931015,5,0.124,-0.575,9.292,3.685
1425697453083,37.506837,139.931019,5,0.16,-0.553,9.003,3.586
1425697453184,37.506837,139.931023,5,0.124,-0.557,9.124,3.49
1425697453284,37.506836,139.931027,5,0.1,-0.63,9.527,3.398
1425697453385,37.506836,139.931031,5,0.139,-0.752,9.875,3.307
1425697453481,37.506836,139.931034,5,0.137,-0.86,9.715,3.224
1425697453581,37.506835,139.931038,5,0.148,-0.92,9.501,3.141
1425697453682,37.506834,139.931041,5,0.09,-0.978,9.324,3.059
1425697453783,37.506833,139.931044,5,0.043,-0.991,9.477,2.979
1425697453883,37.506833,139.931047,5,0.03,-1.043,9.558,2.901
1425697453984,37.506832,139.931051,5,-0.013,-1.066,9.444,2.825
1425697454085,37.506831,139.931054,5,-0.075,-1.153,9.321,2.751
1425697454185,37.506831,139.931057,5,-0.061,-1.126,9.269,2.68
1425697454281,37.50683,139.931059,5,-0.02,-1.125,9.319,2.613
1425697454382,37.506829,139.931062,5,0.072,-1.141,9.639,2.545
1425697454483,37.506829,139.931065,5,0.106,-1.141,9.686,2.459
1425697454583,37.506829,139.931066,5,0.065,-1.105,9.451,2.338
1425697454684,37.50683,139.931068,5,-0.057,-1.044,9.363,2.221
1425697454785,37.50683,139.931069,5,-0.107,-0.959,9.415,2.109
1425697454885,37.50683,139.931071,5,-0.12,-0.938,9.443,2.004
1425697454981,37.506831,139.931072,5,-0.086,-0.902,9.428,1.907
1425697455082,37.506831,139.931074,5,-0.01,-0.797,9.451,1.81
1425697455183,37.506831,139.931075,5,0.055,-0.666,9.396,1.718
1425697455283,37.506832,139.931076,5,0.109,-0.556,9.401,1.632
1425697455384,37.506832,139.931077,5,0.138,-0.487,9.475,1.551
1425697455485,37.506832,139.931078,5,0.112,-0.43,9.505,1.465
1425697455585,37.506831,139.93108,5,0.032,-0.341,9.467,1.37
1425697455681,37.506831,139.931081,5,-0.038,-0.136,9.368,1.282
1425697455782,37.50683,139.931082,5,-0.071,0.12,9.196,1.196
1425697455882,37.506829,139.931083,5,-0.109,0.208,9.119,1.115
1425697455983,37.506829,139.931084,5,-0.052,0.113,9.376,1.038
1425697456084,37.506828,139.931084,5,0.089,-0.031,9.782,0.966
1425697456185,37.506828,139.931085,5,0.201,-0.155,9.951,0.9
1425697456285,37.506828,139.931086,5,0.256,-0.131,9.724,0.839
1425697456381,37.506827,139.931087,5,0.245,-0.067,9.371,0.786
1425697463380,37.506841,139.931251,8,0.244,-0.062,9.355,3.191
1425697463385,37.506841,139.931252,8,0.241,-0.06,9.342,3.195
1425697463481,37.506844,139.931255,10,0.138,-0.096,9.373,3.242
1425697463582,37.506848,139.931256,10,0.035,-0.131,9.301,3.216
1425697463682,37.506852,139.931258,10,-0.123,-0.228,9.439,3.19
1425697463783,37.506856,139.93126,10,-0.184,-0.477,9.575,3.165
1425697463884,37.50686,139.931262,10,-0.117,-0.739,9.511,3.139
1425697463984,37.506864,139.931263,10,0.001,-0.93,9.31,3.114
1425697464085,37.506868,139.931265,10,0.153,-1.048,9.316,3.089
1425697464181,37.506872,139.931267,10,0.346,-1.136,9.578,3.065
1425697464282,37.506876,139.931268,10,0.585,-1.141,9.696,3.041
1425697464382,37.506879,139.93127,10,0.678,-1.123,9.551,3.016
1425697464483,37.506883,139.931271,10,0.68,-1.112,9.356,2.991
1425697464584,37.506886,139.931272,10,0.667,-1.139,9.404,2.965
1425697464684,37.50689,139.931273,10,0.612,-1.156,9.499,2.94
1425697464785,37.506893,139.931274,10,0.494,-1.15,9.407,2.914
1425697464881,37.506896,139.931275,10,0.404,-1.17,9.361,2.89
1425697464981,37.506899,139.931275,10,0.363,-1.16,9.415,2.865
1425697465082,37.506903,139.931276,10,0.397,-1.134,9.539,2.839
1425697465183,37.506906,139.931277,10,0.415,-1.129,9.489,2.815
1425697465284,37.506909,139.931278,10,0.395,-1.101,9.319,2.79
1425697465384,37.506912,139.931278,10,0.309,-1.129,9.247,2.766
1425697465485,37.506915,139.931279,8,0.274,-1.162,9.48,2.731
1425697465581,37.506918,139.93128,8,0.255,-1.175,9.652,2.679
1425697465681,37.50692,139.93128,8,0.245,-1.101,9.513,2.626
1425697465782,37.506923,139.931281,8,0.244,-1.092,9.295,2.573
1425697465883,37.506926,139.931282,8,0.274,-1.1,9.337,2.521
1425697465984,37.506929,139.931282,8,0.28,-1.135,9.52,2.471
1425697466084,37.506931,139.931283,8,0.245,-1.176,9.595,2.421
1425697466185,37.506934,139.931284,8,0.186,-1.158,9.505,2.373
1425697466281,37.506936,139.931284,8,0.129,-1.182,9.319,2.327
1425697466381,37.506938,139.931285,8,0.127,-1.294,9.273,2.281
1425697466482,37.506941,139.931285,7,0.167,-0.916,9.722,2.108
1425697466583,37.506942,139.931284,7,0.176,-0.307,9.946,1.691
1425697466683,37.506944,139.931283,7,0.149,0.102,9.538,1.324
1425697466784,37.506946,139.931282,7,0.132,0.29,9.029,0.998
1425697466885,37.506947,139.931282,7,0.186,0.392,8.98,0.718
1425697466986,37.506948,139.931281,7,0.232,0.307,9.285,0.484
1425697467081,37.506949,139.931281,7,0.214,0.1,9.589,0.306
1425697467182,37.506949,139.93128,7,0.153,-0.06,9.662,0.162
1425697467283,37.50695,139.93128,7,0.095,-0.06,9.553,0.063
1425697467383,37.50695,139.93128,7,0.102,0.068,9.455,0.01
1425697493381,37.507291,139.931909,12,0.169,0.118,9.433,5.048
1425697493482,37.50729,139.931914,10,0.116,-0.163,9.426,4.954
1425697493582,37.507289,139.931917,10,0.066,-0.377,9.443,4.815
1425697493683,37.507287,139.931919,10,0.031,-0.478,9.407,4.677
1425697493784,37.507285,139.931922,10,0.004,-0.528,9.437,4.543
1425697493885,37.507283,139.931925,10,-0.004,-0.52,9.487,4.412
1425697493985,37.507282,139.931927,10,-0.002,-0.495,9.421,4.287
1425697494081,37.50728,139.93193,10,-0.009,-0.471,9.395,4.17
1425697494182,37.507279,139.931932,10,0.015,-0.412,9.391,4.05
1425697494282,37.507277,139.931934,10,0.039,-0.381,9.562,3.935
1425697494383,37.507276,139.931937,10,0.012,-0.334,9.52,3.823
1425697494484,37.507275,139.931939,8,-0.016,-0.247,9.364,3.741
1425697494585,37.507273,139.931943,8,-0.022,-0.196,9.412,3.715
1425697494685,37.507272,139.931947,8,-0.002,-0.151,9.476,3.69
1425697494781,37.507271,139.93195,8,0.019,-0.144,9.427,3.665
1425697494882,37.50727,139.931954,8,0.043,-0.101,9.351,3.64
1425697494982,37.507269,139.931957,8,0.038,-0.104,9.446,3.615
1425697495083,37.507267,139.931961,8,0.039,-0.129,9.541,3.59
1425697495184,37.507266,139.931965,8,0.071,-0.104,9.445,3.565
1425697495284,37.507265,139.931968,8,0.031,-0.103,9.433,3.54
1425697495385,37.507264,139.931972,8,-0.049,-0.1,9.509,3.516
1425697495481,37.507262,139.931975,8,-0.07,-0.077,9.398,3.474
1425697495582,37.50726,139.931979,8,-0.068,-0.055,9.406,3.391
1425697495682,37.507258,139.931982,8,-0.043,-0.079,9.442,3.31
1425697495783,37.507256,139.931985,8,-0.018,-0.124,9.529,3.23
1425697495884,37.507254,139.931988,8,0.0,-0.164,9.5,3.152
1425697495984,37.507252,139.931991,8,-0.02,-0.189,9.398,3.077
1425697496085,37.50725,139.931995,8,-0.043,-0.279,9.324,3.003
1425697496181,37.507248,139.931997,8,-0.07,-0.431,9.335,2.934
1425697496282,37.507246,139.932,8,-0.072,-0.566,9.518,2.863
1425697496382,37.507244,139.932003,8,-0.061,-0.672,9.578,2.795
1425697496483,37.507242,139.932005,9,-0.028,-0.692,9.432,2.71
1425697496584,37.50724,139.932005,9,-0.018,-0.723,9.448,2.59
1425697496684,37.507237,139.932004,9,-0.031,-0.75,9.459,2.476
1425697496785,37.507235,139.932004,9,-0.063,-0.779,9.343,2.365
1425697496881,37.507233,139.932004,9,-0.078,-0.813,9.391,2.265
1425697496981,37.507231,139.932003,9,-0.088,-0.801,9.464,2.164
1425697497082,37.507229,139.932003,9,-0.076,-0.807,9.463,2.066
1425697497183,37.507227,139.932003,9,-0.056,-0.826,9.438,1.974
1425697497283,37.507225,139.932002,9,-0.017,-0.832,9.455,1.886
1425697497384,37.507223,139.932002,9,0.02,-0.828,9.476,1.802
1425697497485,37.507222,139.932003,9,0.017,-0.841,9.407,1.717
1425697497581,37.507223,139.932005,9,-0.031,-0.871,9.408,1.628
1425697497681,37.507224,139.932007,9,-0.093,-0.878,9.461,1.54
1425697497782,37.507225,139.932009,9,-0.13,-0.88,9.455,1.456
1425697497883,37.507225,139.932011,9,-0.118,-0.814,9.476,1.375
1425697497983,37.507226,139.932013,9,-0.068,-0.569,9.563,1.299
1425697498084,37.507227,139.932015,9,-0.032,-0.31,9.524,1.227
1425697498185,37.507228,139.932016,9,-0.009,-0.122,9.364,1.159
1425697498281,37.507228,139.932018,9,-0.002,-0.029,9.26,1.098
1425697498381,37.507229,139.932019,9,-0.024,-0.031,9.357,1.039
1425697498482,37.507229,139.93202,6,-0.019,-0.019,9.524,0.991
1425697498583,37.50723,139.932022,6,-0.019,-0.002,9.515,0.963
1425697498683,37.50723,139.932023,6,0.001,0.049,9.395,0.935
1425697498784,37.507231,139.932024,6,-0.006,0.056,9.358,0.909
1425697498885,37.507231,139.932025,6,-0.008,0.033,9.436,0.882
1425697498985,37.507232,139.932026,6,-0.004,0.038,9.54,0.857
1425697499081,37.507232,139.932027,6,-0.01,0.051,9.497,0.834
1425697499182,37.507233,139.932028,6,-0.009,0.06,9.416,0.81
1425697499283,37.507233,139.932029,6,0.001,0.056,9.397,0.787
1425697499383,37.507234,139.93203,6,0.019,0.053,9.453,0.765
1425697499484,37.507234,139.932031,5,0.01,0.041,9.503,0.7
1425697499585,37.507236,139.932031,5,-0.008,0.049,9.451,0.561
1425697499685,37.507236,139.932031,5,-0.022,0.05,9.427,0.439
1425697499781,37.507237,139.932032,5,-0.013,0.049,9.447,0.336
1425697499882,37.507238,139.932032,5,0.003,0.039,9.461,0.242
1425697499983,37.507239,139.932032,5,0.026,0.052,9.455,0.164
1425697500083,37.507239,139.932032,5,0.022,0.059,9.439,0.101
1425697500184,37.50724,139.932032,5,0.002,0.056,9.428,0.053
1425697500285,37.50724,139.932032,5,-0.004,0.054,9.451,0.02
1425697599381,37.506953,139.933278,8,-0.014,0.043,9.481,6.767
1425697599482,37.50695,139.933285,9,-0.052,-0.021,9.501,6.733
1425697599583,37.506946,139.933293,9,-0.073,-0.057,9.52,6.681
1425697599683,37.506943,139.933301,9,-0.096,-0.098,9.517,6.63
1425697599784,37.506939,139.933308,9,-0.104,-0.156,9.486,6.579
1425697599885,37.506935,139.933316,9,-0.114,-0.188,9.376,6.528
1425697599981,37.506932,139.933323,9,-0.083,-0.207,9.337,6.48
1425697600081,37.506929,139.93333,9,-0.02,-0.209,9.375,6.43
1425697600182,37.506925,139.933338,9,0.037,-0.199,9.415,6.38
1425697600283,37.506922,139.933345,9,0.067,-0.183,9.414,6.331
1425697600383,37.506918,139.933352,9,0.091,-0.199,9.408,6.282
1425697600484,37.506916,139.933359,9,0.096,-0.198,9.408,6.223
1425697600585,37.506914,139.933366,9,0.081,-0.199,9.362,6.143
1425697600685,37.506913,139.933372,9,0.103,-0.202,9.395,6.065
1425697600781,37.506912,139.933378,9,0.146,-0.184,9.402,5.991
1425697600882,37.506911,139.933385,9,0.142,-0.177,9.412,5.914
1425697600983,37.50691,139.933391,9,0.131,-0.169,9.465,5.838
1425697601083,37.506909,139.933397,9,0.14,-0.107,9.5,5.764
1425697601184,37.506908,139.933403,9,0.125,-0.029,9.465,5.69
1425697601285,37.506907,139.933409,9,0.095,0.163,9.545,5.617
1425697635379,37.505711,139.933996,7,0.032,0.215,9.455,4.034
1425697635384,37.505711,139.933996,7,0.027,0.21,9.446,4.031
1425697635485,37.505708,139.933996,6,-0.14,-0.115,9.41,3.981
1425697635581,37.505705,139.933995,6,-0.249,-0.325,9.518,3.931
1425697635682,37.505702,139.933994,6,-0.226,-0.441,9.441,3.878
1425697635782,37.505699,139.933993,6,-0.069,-0.653,9.219,3.827
1425697635883,37.505696,139.933992,6,0.299,-0.672,9.036,3.775
1425697635984,37.505693,139.933991,6,0.643,-0.731,9.204,3.725
1425697636084,37.50569,139.93399,6,0.756,-0.823,9.771,3.675
1425697636185,37.505687,139.933989,6,0.505,-0.899,10.091,3.626
1425697636281,37.505685,139.933988,6,0.074,-0.936,9.841,3.58
1425697636381,37.505682,139.933988,6,-0.255,-0.884,9.203,3.532
1425697636482,37.505679,139.933987,7,-0.4,-0.856,8.86,3.483
1425697636583,37.505675,139.933987,7,-0.408,-0.92,9.109,3.429
1425697636684,37.505672,139.933988,7,-0.312,-1.024,9.476,3.376
1425697636784,37.505669,139.933988,7,-0.12,-1.095,9.543,3.324
1425697636885,37.505665,139.933988,7,0.05,-1.13,9.494,3.273
1425697636981,37.505662,139.933988,7,0.188,-1.175,9.491,3.225
1425697637081,37.505659,139.933988,7,0.303,-1.166,9.54,3.176
1425697637182,37.505656,139.933988,7,0.308,-1.146,9.498,3.126
1425697637283,37.505653,139.933989,7,0.22,-1.15,9.45,3.078
1425697637383,37.50565,139.933989,7,0.119,-1.147,9.444,3.031
1425697637484,37.505647,139.933989,7,0.005,-1.174,9.392,2.971
1425697637585,37.505645,139.933989,7,-0.056,-1.211,9.385,2.886
1425697637681,37.505643,139.93399,7,-0.018,-1.239,9.434,2.808
1425697637781,37.505641,139.93399,7,0.083,-1.269,9.477,2.728
1425697637882,37.505639,139.93399,7,0.187,-1.278,9.456,2.65
1425697637983,37.505637,139.93399,7,0.243,-1.3,9.439,2.574
1425697638083,37.505635,139.93399,7,0.235,-1.285,9.455,2.5
1425697638184,37.505634,139.933991,7,0.16,-1.299,9.459,2.429
1425697638285,37.505632,139.933991,7,0.086,-1.288,9.432,2.359
1425697638381,37.50563,139.933991,7,0.041,-1.277,9.419,2.295
1425697638481,37.505628,139.933992,6,0.037,-1.235,9.433,2.113
1425697638582,37.505626,139.933994,6,0.112,-1.105,9.489,1.695
1425697638683,37.505624,139.933996,6,0.202,-0.652,9.706,1.324
1425697638783,37.505623,139.933997,6,0.239,-0.18,9.705,1.001
1425697638884,37.505622,139.933998,6,0.217,0.147,9.379,0.721
1425697638985,37.50562,139.934,6,0.193,0.342,9.101,0.487
1425697639085,37.505619,139.934001,6,0.179,0.32,9.129,0.3
1425697639181,37.505619,139.934001,6,0.183,0.191,9.402,0.163
1425697639282,37.505618,139.934002,6,0.174,-0.013,9.59,0.064
1425697639383,37.505618,139.934002,6,0.171,-0.13,9.597,0.01
1425697719380,37.502678,139.936379,9,0.178,0.099,9.516,6.034
1425697719385,37.502677,139.936379,9,0.169,0.096,9.526,6.031
1425697719481,37.502672,139.936382,8,-0.701,-0.274,9.642,5.975
1425697719581,37.502667,139.936385,8,-1.473,-0.532,9.388,5.896
1425697719682,37.502663,139.936388,8,-1.925,-0.636,9.137,5.817
1425697719783,37.502658,139.936391,8,-2.194,-0.736,8.999,5.739
1425697719883,37.502654,139.936394,8,-2.355,-0.791,9.352,5.663
1425697719984,37.502649,139.936398,8,-2.465,-0.845,9.765,5.587
1425697720085,37.502645,139.936401,8,-2.576,-0.854,9.765,5.512
1425697720181,37.502641,139.936403,8,-2.641,-0.843,9.449,5.442
1425697720281,37.502637,139.936406,8,-2.706,-0.843,9.193,5.37
1425697720382,37.502633,139.936409,8,-2.729,-0.858,9.337,5.298
1425697720483,37.502629,139.936412,6,-2.802,-0.845,9.53,5.233
1425697720583,37.502627,139.936417,6,-2.864,-0.864,9.604,5.181
1425697720684,37.502624,139.936421,6,-2.949,-0.865,9.351,5.129
1425697720785,37.502622,139.936425,6,-2.927,-0.848,8.925,5.077
1425697720885,37.50262,139.936429,6,-2.871,-0.922,9.142,5.026
1425697720981,37.502617,139.936433,6,-2.832,-1.051,9.413,4.978
1425697721082,37.502615,139.936437,6,-2.783,-1.147,9.388,4.928
1425697721183,37.502613,139.936441,6,-2.801,-1.236,9.507,4.879
1425697721283,37.502611,139.936445,6,-2.818,-1.23,9.677,4.83
1425697721384,37.502608,139.936449,6,-2.64,-1.123,9.401,4.781
1425697721485,37.502607,139.936455,10,-2.276,-0.922,9.003,4.759
1425697721585,37.502608,139.936463,10,-1.807,-0.651,8.934,4.783
1425697721681,37.502609,139.936471,10,-1.359,-0.471,9.213,4.807
1425697721782,37.50261,139.93648,10,-0.943,-0.301,9.618,4.832
1425697721883,37.502611,139.936489,10,-0.583,-0.037,9.697,4.857
1425697721983,37.502612,139.936497,10,-0.346,0.161,9.515,4.882
1425697722084,37.502613,139.936506,10,-0.124,0.306,9.336,4.907
1425697722185,37.502614,139.936515,10,0.008,0.477,9.074,4.933
1425697722285,37.502614,139.936524,10,0.109,0.517,9.168,4.958
1425697722381,37.502615,139.936532,10,0.254,0.543,9.533,4.982
1425697738384,37.502797,139.937567,7,0.263,0.548,9.557,7.0
1425697741380,37.502758,139.937726,11,0.271,0.55,9.58,4.283
1425697741385,37.502758,139.937726,11,0.283,0.546,9.599,4.281
1425697741485,37.502756,139.937731,9,1.03,0.21,9.501,4.25
1425697741581,37.502756,139.937735,9,1.437,0.065,9.135,4.25
1425697741682,37.502756,139.93774,9,1.584,-0.09,8.793,4.25
1425697741782,37.502755,139.937744,9,1.803,-0.189,8.534,4.25
1425697741883,37.502755,139.937749,9,1.93,-0.335,9.025,4.25
1425697741984,37.502755,139.937754,9,1.972,-0.542,9.688,4.25
1425697742085,37.502755,139.937758,9,1.89,-0.761,10.098,4.25
1425697742185,37.502755,139.937763,9,1.78,-0.917,10.479,4.25
1425697742281,37.502754,139.937767,9,1.716,-0.928,10.024,4.25
1425697742382,37.502754,139.937772,9,1.567,-0.869,9.418,4.25
1425697742482,37.502754,139.937776,8,1.654,-0.815,9.352,4.25
1425697742583,37.502754,139.937781,8,1.889,-0.916,9.116,4.25
1425697742684,37.502753,139.937786,8,2.208,-1.038,9.265,4.25
1425697742784,37.502753,139.93779,8,2.546,-0.965,9.835,4.25
1425697742885,37.502753,139.937795,8,2.717,-0.988,9.83,4.25
1425697742982,37.502752,139.937799,8,2.516,-1.058,9.302,4.25
1425697743082,37.502752,139.937804,8,2.084,-0.872,9.22,4.25
1425697743182,37.502752,139.937809,8,1.717,-0.66,9.482,4.25
1425697743283,37.502752,139.937813,8,1.496,-0.741,9.687,4.25
1425697743384,37.502751,139.937818,8,1.348,-0.745,9.464,4.25
1425697743484,37.502748,139.937819,15,1.222,-0.474,9.367,4.258
1425697743585,37.502741,139.937814,15,1.253,-0.362,9.317,4.283
1425697743681,37.502733,139.937809,15,1.161,-0.262,9.182,4.306
1425697743782,37.502726,139.937804,15,1.018,-0.089,9.321,4.331
1425697743882,37.502718,139.937799,15,0.979,-0.074,9.289,4.356
1425697743983,37.50271,139.937794,15,1.03,-0.105,9.382,4.381
1425697744084,37.502702,139.937789,15,1.108,-0.056,9.748,4.407
1425697744184,37.502694,139.937784,15,1.146,0.014,9.725,4.432
1425697744285,37.502686,139.937779,15,1.1,0.091,9.321,4.458
1425697744381,37.502679,139.937774,15,1.073,0.167,9.166,4.482
1425697753379,37.502068,139.937522,6,1.067,0.169,9.181,7.25
1425697753384,37.502068,139.937522,6,1.055,0.169,9.198,7.25
1425697753485,37.502061,139.937519,6,0.556,-0.039,9.611,7.241
1425697753585,37.502054,139.937516,6,0.167,-0.166,9.559,7.216
1425697753681,37.502047,139.937514,6,0.006,-0.139,9.319,7.191
1425697753782,37.50204,139.937511,6,-0.041,-0.143,9.331,7.166
1425697753883,37.502033,139.937508,6,-0.06,-0.17,9.523,7.141
1425697753983,37.502026,139.937505,6,-0.156,-0.206,9.568,7.116
1425697754084,37.50202,139.937503,6,-0.228,-0.13,9.186,7.09
1425697754185,37.502013,139.9375,6,-0.242,-0.07,9.411,7.065
1425697754285,37.502006,139.937497,6,-0.292,-0.093,9.65,7.041
1425697754381,37.502,139.937495,6,-0.313,-0.013,9.602,7.017
1425697757382,37.501812,139.937418,4,-0.317,-0.011,9.606,7.267
1425697757483,37.501806,139.937415,4,-0.065,-0.167,9.955,7.25
1425697757584,37.5018,139.937413,4,0.023,-0.489,11.268,7.25
1425697757684,37.501793,139.937411,4,0.03,-0.437,10.602,7.25
1425697757785,37.501787,139.937409,4,-0.002,-0.149,8.76,7.25
1425697757881,37.501781,139.937407,4,0.01,0.154,7.805,7.25
1425697757981,37.501775,139.937405,4,-0.083,0.035,8.891,7.25
1425697758082,37.501768,139.937403,4,-0.071,0.044,9.543,7.25
1425697758183,37.501762,139.937401,4,0.034,-0.054,9.574,7.25
1425697758283,37.501756,139.937399,4,0.153,-0.139,9.698,7.25
1425697758384,37.501749,139.937396,4,0.085,-0.4,10.581,7.25
1425697758485,37.501743,139.937394,4,0.093,-0.587,11.428,7.25
1425697758581,37.501737,139.93739,4,0.079,-0.387,10.815,7.25
1425697758681,37.50173,139.937386,4,-0.004,0.031,9.121,7.25
1425697758782,37.501724,139.937382,4,-0.069,0.275,7.778,7.25
1425697758883,37.501717,139.937378,4,-0.095,0.293,7.793,7.25
1425697758983,37.501711,139.937374,4,-0.109,0.111,8.882,7.25
1425697759084,37.501704,139.93737,4,-0.144,-0.095,9.928,7.25
1425697759185,37.501698,139.937366,4,-0.201,-0.24,10.775,7.25
1425697759285,37.501692,139.937362,4,-0.151,-0.248,10.39,7.25
1425697794382,37.49964,139.936376,6,-0.132,-0.051,9.385,6.0
1425697794483,37.499634,139.936373,6,-0.099,-0.34,9.275,5.992
1425697794584,37.499629,139.936372,6,-0.055,-0.612,9.471,5.966
1425697794684,37.499624,139.93637,6,-0.061,-0.735,9.655,5.941
1425697794785,37.499619,139.936369,6,-0.107,-0.786,9.479,5.915
1425697794881,37.499614,139.936367,6,-0.124,-0.755,9.193,5.891
1425697794981,37.499609,139.936365,6,-0.11,-0.774,9.163,5.866
1425697795082,37.499604,139.936364,6,-0.078,-0.823,9.413,5.841
1425697795183,37.499599,139.936362,6,-0.1,-0.836,9.592,5.816
1425697795284,37.499594,139.936361,6,-0.114,-0.825,9.417,5.791
1425697795384,37.499589,139.936359,6,-0.044,-0.844,9.439,5.766
1425697795485,37.499585,139.936357,7,0.022,-0.707,9.183,5.722
1425697795581,37.499581,139.936355,7,0.002,-0.622,9.725,5.646
1425697795681,37.499577,139.936354,7,-0.063,-0.543,9.819,5.567
1425697795782,37.499573,139.936352,7,-0.034,-0.328,9.17,5.489
1425697795883,37.499569,139.93635,7,-0.142,-0.368,9.083,5.412
1425697795983,37.499566,139.936348,7,-0.204,-0.429,9.37,5.337
1425697796084,37.499562,139.936346,7,-0.209,-0.582,9.508,5.262
1425697796185,37.499558,139.936345,7,-0.207,-0.693,9.542,5.189
1425697796281,37.499555,139.936343,7,-0.19,-0.712,9.257,5.119
1425697796381,37.499551,139.936341,7,-0.144,-0.929,9.26,5.048
1425697796482,37.499548,139.93634,8,-0.11,-1.145,9.448,4.974
1425697796583,37.499546,139.936339,8,-0.139,-1.328,9.338,4.893
1425697796683,37.499543,139.936338,8,-0.044,-1.487,9.575,4.814
1425697796784,37.499541,139.936338,8,-0.098,-1.504,9.559,4.736
1425697796885,37.499538,139.936337,8,-0.113,-1.54,9.645,4.659
1425697796981,37.499536,139.936336,8,-0.097,-1.514,9.214,4.587
1425697797081,37.499533,139.936335,8,-0.145,-1.536,9.128,4.513
1425697797182,37.499531,139.936335,8,-0.235,-1.589,9.555,4.439
1425697797283,37.499529,139.936334,8,-0.206,-1.635,9.728,4.367
1425697797383,37.499526,139.936333,8,-0.152,-1.605,9.501,4.296
1425697797484,37.499525,139.936333,8,-0.153,-1.542,9.271,4.131
1425697797585,37.499526,139.936331,8,-0.193,-1.548,9.317,3.791
1425697797685,37.499527,139.93633,8,-0.204,-1.602,9.315,3.475
1425697797781,37.499528,139.936329,8,-0.133,-1.657,9.417,3.192
1425697797882,37.499528,139.936328,8,-0.085,-1.713,9.572,2.914
1425697797983,37.499529,139.936327,8,-0.095,-1.718,9.619,2.658
1425697798083,37.499529,139.936326,8,-0.192,-1.718,9.422,2.426
1425697798184,37.49953,139.936325,8,-0.313,-1.711,9.166,2.212
1425697798285,37.49953,139.936324,8,-0.392,-1.738,9.143,2.019
1425697798385,37.499531,139.936323,8,-0.348,-1.811,9.442,1.849
1425697798481,37.499531,139.936323,6,-0.231,-1.869,9.55,1.67
1425697798582,37.499532,139.936323,6,-0.066,-1.886,9.502,1.423
1425697798682,37.499532,139.936323,6,0.032,-1.852,9.476,1.202
1425697798783,37.499533,139.936323,6,0.03,-1.384,9.75,1.001
1425697798884,37.499533,139.936323,6,-0.058,-0.598,9.955,0.823
1425697798985,37.499533,139.936323,6,-0.132,0.046,9.615,0.668
1425697799085,37.499533,139.936323,6,-0.119,0.41,9.064,0.537
1425697799181,37.499534,139.936323,6,-0.035,0.501,8.781,0.432
1425697799282,37.499534,139.936323,6,0.018,0.41,9.014,0.345
1425697799382,37.499534,139.936323,6,-0.011,0.197,9.467,0.281
1425697799483,37.499535,139.936323,5,-0.116,-0.085,9.731,0.234
1425697799584,37.499537,139.936323,5,-0.165,-0.212,9.662,0.187
1425697799685,37.499539,139.936324,5,-0.106,-0.085,9.544,0.146
1425697799785,37.49954,139.936324,5,-0.004,0.153,9.449,0.111
1425697799881,37.499541,139.936324,5,0.034,0.265,9.31,0.081
1425697799982,37.499543,139.936325,5,-0.007,0.221,9.25,0.055
1425697800082,37.499544,139.936325,5,-0.089,0.125,9.415,0.034
1425697800183,37.499544,139.936325,5,-0.127,0.04,9.569,0.018
1425697800284,37.499545,139.936325,5,-0.097,0.018,9.516,0.007
1425697800384,37.499545,139.936325,5,-0.035,0.093,9.417,0.001
1425697835380,37.499484,139.935996,4,-0.018,0.1,9.498,3.75
1425697835385,37.499484,139.935996,4,-0.013,0.102,9.497,3.75
1425697835481,37.499485,139.935992,4,0.05,0.038,9.541,3.75
1425697835582,37.499487,139.935987,4,0.075,0.037,9.62,3.75
1425697835683,37.499488,139.935983,4,0.093,0.166,9.447,3.75
1425697835783,37.499489,139.935979,4,0.065,0.26,9.37,3.75
1425697835884,37.49949,139.935975,4,0.008,0.218,9.391,3.75
1425697835985,37.499491,139.935971,4,-0.022,0.163,9.493,3.75
1425697836085,37.499493,139.935966,4,0.036,0.273,9.469,3.75
1425697836181,37.499494,139.935962,4,0.028,0.277,9.475,3.75
1425697836282,37.499495,139.935958,4,0.046,0.329,9.491,3.75
1425697836383,37.499496,139.935954,4,0.083,0.356,9.385,3.75
1425697838382,37.49952,139.935867,4,0.081,0.351,9.379,3.75
1425697838482,37.499521,139.935863,5,0.102,0.104,9.525,3.75
1425697838583,37.499522,139.935859,5,0.099,-0.114,9.554,3.75
1425697838684,37.499524,139.935854,5,0.089,-0.208,9.439,3.75
1425697838784,37.499525,139.93585,5,0.077,-0.22,9.452,3.75
1425697838885,37.499526,139.935846,5,0.032,-0.261,9.483,3.75
1425697838981,37.499527,139.935842,5,0.003,-0.253,9.45,3.75
1425697839081,37.499528,139.935838,5,-0.04,-0.307,9.431,3.75
1425697839182,37.499529,139.935834,5,-0.006,-0.307,9.543,3.75
1425697839283,37.49953,139.93583,5,-0.015,-0.285,9.478,3.75
1425697839384,37.499531,139.935826,5,-0.086,-0.289,9.334,3.75
1425697839484,37.499533,139.935821,5,-0.136,-0.272,9.372,3.75
1425697839585,37.499534,139.935816,5,-0.178,-0.26,9.546,3.75
1425697839681,37.499536,139.935811,5,-0.222,-0.289,9.518,3.75
1425697839781,37.499537,139.935806,5,-0.22,-0.278,9.295,3.75
1425697839882,37.499539,139.935801,5,-0.176,-0.224,9.335,3.75
1425697839983,37.499541,139.935796,5,-0.131,-0.206,9.46,3.75
1425697840084,37.499542,139.935791,5,-0.117,-0.217,9.362,3.75
1425697840184,37.499544,139.935786,5,-0.065,-0.276,9.441,3.75
1425697840285,37.499545,139.935781,5,-0.023,-0.308,9.499,3.75
1425697840381,37.499547,139.935776,5,-0.037,-0.304,9.399,3.75
1425697840481,37.499548,139.935772,5,-0.093,-0.256,9.271,3.75
1425697840582,37.49955,139.935767,5,-0.098,-0.252,9.595,3.75
1425697840683,37.499551,139.935763,5,-0.057,-0.267,9.73,3.75
1425697840784,37.499552,139.935759,5,-0.017,-0.239,9.469,3.75
1425697840884,37.499554,139.935754,5,0.041,-0.182,9.364,3.75
1425697840985,37.499555,139.93575,5,0.077,-0.136,9.403,3.75
1425697841081,37.499556,139.935746,5,0.095,-0.158,9.565,3.75
1425697841181,37.499558,139.935742,5,0.093,-0.185,9.608,3.75
1425697841282,37.499559,139.935737,5,0.07,-0.25,9.656,3.75
1425697841383,37.49956,139.935733,5,0.048,-0.24,9.469,3.75
1425697841483,37.499561,139.935729,4,0.029,-0.212,9.242,3.75
1425697841584,37.499563,139.935724,4,0.014,-0.244,9.389,3.75
1425697841685,37.499564,139.935719,4,0.076,-0.248,9.327,3.75
1425697841781,37.499565,139.935715,4,0.149,-0.303,9.411,3.75
1425697841881,37.499567,139.935711,4,0.134,-0.337,9.691,3.75
1425697841982,37.499568,139.935706,4,0.029,-0.292,9.471,3.75
1425697842083,37.499569,139.935702,4,-0.067,-0.234,9.32,3.75
1425697842183,37.499571,139.935697,4,-0.133,-0.229,9.442,3.75
1425697842284,37.499572,139.935692,4,-0.184,-0.269,9.523,3.75
1425697842385,37.499573,139.935688,4,-0.241,-0.311,9.394,3.75
1425697842485,37.499574,139.935684,4,-0.177,-0.265,9.427,3.75
1425697842581,37.499575,139.93568,4,-0.077,-0.199,9.455,3.75
1425697842682,37.499576,139.935675,4,-0.034,-0.213,9.305,3.75
1425697842783,37.499578,139.935671,4,-0.022,-0.22,9.409,3.75
1425697842883,37.499579,139.935667,4,-0.028,-0.245,9.534,3.75
1425697842984,37.49958,139.935663,4,-0.061,-0.256,9.368,3.75
1425697843085,37.499581,139.935659,4,-0.047,-0.217,9.392,3.75
1425697843185,37.499582,139.935655,4,-0.032,-0.228,9.345,3.75
1425697843281,37.499583,139.935651,4,-0.022,-0.23,9.443,3.75
1425697843382,37.499584,139.935647,4,-0.018,-0.252,9.468,3.75
1425697843482,37.499585,139.935643,4,-0.01,-0.199,9.501,3.75
1425697843583,37.499586,139.935639,4,-0.019,-0.118,9.451,3.75
1425697843684,37.499587,139.935634,4,-0.032,-0.043,9.448,3.75
1425697843785,37.499588,139.93563,4,-0.025,0.009,9.317,3.75
1425697843885,37.499589,139.935626,4,-0.031,0.017,9.294,3.75
1425697843981,37.49959,139.935622,4,-0.041,-0.011,9.516,3.75
1425697844082,37.499591,139.935618,4,-0.016,-0.021,9.639,3.75
1425697844182,37.499592,139.935614,4,0.035,-0.002,9.457,3.75
1425697844283,37.499593,139.93561,4,0.081,0.013,9.316,3.75
1425697844384,37.499594,139.935606,4,0.094,0.019,9.36,3.75
1425697846383,37.499617,139.935523,4,0.098,0.018,9.362,3.75
1425697846484,37.499618,139.935519,4,0.061,-0.206,9.376,3.741
1425697846584,37.499619,139.935514,4,-0.014,-0.328,9.392,3.715
1425697846685,37.49962,139.93551,4,-0.116,-0.391,9.41,3.69
1425697846781,37.499621,139.935506,4,-0.18,-0.394,9.439,3.665
1425697846881,37.499622,139.935502,4,-0.199,-0.361,9.292,3.64
1425697846982,37.499622,139.935497,4,-0.133,-0.383,9.344,3.615
1425697847083,37.499623,139.935493,4,-0.066,-0.43,9.451,3.59
1425697847183,37.499624,139.935489,4,-0.066,-0.529,9.833,3.565
1425697847284,37.499625,139.935485,4,-0.039,-0.507,9.689,3.54
1425697847385,37.499626,139.935481,4,-0.024,-0.428,9.126,3.516
1425697847481,37.499626,139.935477,4,0.021,-0.422,8.981,3.5
1425697847581,37.499627,139.935473,4,0.039,-0.511,9.357,3.5
1425697847682,37.499627,139.935469,4,0.009,-0.712,9.595,3.5
1425697847783,37.499628,139.935465,4,-0.005,-0.881,9.632,3.5
1425697847883,37.499629,139.935461,4,0.035,-0.958,9.561,3.5
1425697847984,37.499629,139.935457,4,0.066,-0.978,9.408,3.5
1425697848085,37.49963,139.935453,4,0.023,-1.003,9.352,3.5
1425697848181,37.49963,139.935449,4,-0.049,-1.041,9.458,3.5
1425697848281,37.499631,139.935446,4,-0.112,-1.074,9.549,3.5
1425697848382,37.499632,139.935442,4,-0.14,-1.056,9.432,3.5
1425697848483,37.499632,139.935438,4,-0.105,-1.034,9.308,3.45
1425697848583,37.499632,139.935435,4,-0.056,-1.059,9.417,3.302
1425697848684,37.499633,139.935433,4,-0.069,-1.094,9.362,3.159
1425697848785,37.499633,139.93543,4,-0.106,-1.091,9.327,3.021
1425697848885,37.499633,139.935428,4,-0.114,-1.092,9.447,2.889
1425697848981,37.499633,139.935426,4,-0.111,-1.072,9.462,2.769
1425697849082,37.499633,139.935423,4,-0.101,-1.069,9.454,2.647
1425697849183,37.499634,139.935421,4,-0.122,-1.067,9.486,2.531
1425697849283,37.499634,139.935419,4,-0.121,-1.032,9.362,2.421
1425697849384,37.499634,139.935417,4,-0.118,-1.027,9.274,2.316
1425697849485,37.499634,139.935416,4,-0.094,-1.048,9.423,2.172
1425697849585,37.499634,139.935415,4,-0.092,-1.096,9.558,1.96
1425697849681,37.499634,139.935414,4,-0.084,-1.108,9.461,1.77
1425697849782,37.499634,139.935413,4,-0.109,-1.122,9.374,1.586
1425697849882,37.499633,139.935413,4,-0.108,-1.121,9.399,1.418
1425697849983,37.499633,139.935412,4,-0.109,-1.147,9.414,1.264
1425697850084,37.499633,139.935411,4,-0.099,-1.162,9.467,1.125
1425697850185,37.499633,139.935411,4,-0.114,-1.177,9.475,1.001
1425697850285,37.499633,139.935411,4,-0.123,-1.189,9.397,0.894
1425697850381,37.499633,139.93541,4,-0.13,-1.187,9.4,0.805
1425697850482,37.499632,139.93541,4,-0.117,-0.878,9.651,0.703
1425697850582,37.499631,139.93541,4,-0.063,-0.39,9.729,0.565
1425697850683,37.499629,139.93541,4,-0.016,-0.011,9.443,0.441
1425697850784,37.499628,139.935411,4,0.001,0.156,9.094,0.333
1425697850884,37.499627,139.935411,4,-0.011,0.19,9.082,0.24
1425697850985,37.499626,139.935411,4,-0.02,0.091,9.385,0.162
1425697851081,37.499625,139.935411,4,-0.021,-0.052,9.6,0.102
1425697851182,37.499625,139.935411,4,-0.036,-0.174,9.569,0.054
1425697851282,37.499624,139.935411,4,-0.036,-0.119,9.478,0.021
1425697851383,37.499624,139.935411,4,-0.044,0.028,9.421,0.003
1425697876379,37.499817,139.934511,5,-0.014,0.054,9.428,5.5
1425697876384,37.499817,139.934511,5,-0.015,0.054,9.428,5.5
1425697876484,37.499819,139.934505,5,0.004,-0.079,9.495,5.496
1425697876585,37.49982,139.934499,5,0.057,-0.185,9.551,5.483
1425697876681,37.499822,139.934493,5,0.087,-0.256,9.516,5.471
1425697876781,37.499823,139.934487,5,0.093,-0.238,9.431,5.458
1425697876882,37.499825,139.934481,5,0.059,-0.221,9.348,5.445
1425697876983,37.499826,139.934476,5,0.017,-0.223,9.324,5.432
1425697877084,37.499828,139.93447,5,0.01,-0.211,9.428,5.419
1425697877184,37.49983,139.934464,5,0.007,-0.201,9.508,5.407
1425697877285,37.499831,139.934458,5,-0.004,-0.153,9.424,5.394
1425697877381,37.499833,139.934452,5,0.0,-0.08,9.288,5.382
1425697877481,37.499834,139.934447,5,-0.014,-0.055,9.304,5.37
1425697877582,37.499836,139.934441,5,-0.01,-0.027,9.391,5.357
1425697877683,37.499837,139.934435,5,-0.056,-0.023,9.476,5.345
1425697877784,37.499839,139.934429,5,-0.111,-0.027,9.398,5.332
1425697877884,37.49984,139.934423,5,-0.142,-0.032,9.354,5.32
1425697877985,37.499842,139.934417,5,-0.118,-0.036,9.324,5.307
1425697878081,37.499843,139.934412,5,-0.061,-0.064,9.453,5.295
1425697878181,37.499845,139.934406,5,-0.034,-0.063,9.63,5.283
1425697878282,37.499846,139.934401,5,-0.022,-0.089,9.453,5.271
1425697878383,37.499848,139.934395,5,-0.042,-0.177,9.356,5.258
1425697878483,37.499849,139.934389,5,-0.037,-0.272,9.391,5.242
1425697878584,37.49985,139.934384,5,-0.018,-0.329,9.471,5.216
1425697878685,37.499851,139.934378,5,0.006,-0.319,9.589,5.19
1425697878781,37.499852,139.934373,5,-0.011,-0.313,9.614,5.166
1425697878881,37.499853,139.934367,5,-0.014,-0.298,9.453,5.141
1425697878982,37.499854,139.934362,5,-0.013,-0.295,9.33,5.115
1425697879083,37.499855,139.934357,5,-0.027,-0.289,9.412,5.09
1425697879183,37.499856,139.934351,5,-0.023,-0.26,9.402,5.066
1425697879284,37.499857,139.934346,5,-0.024,-0.283,9.429,5.041
1425697879385,37.499858,139.93434,5,-0.019,-0.302,9.457,5.016
1425697879481,37.499859,139.934335,4,-0.028,-0.291,9.41,5.0
1425697879581,37.49986,139.934331,4,-0.053,-0.247,9.327,5.0
1425697879682,37.499862,139.934326,4,-0.053,-0.232,9.408,5.0
1425697879783,37.499863,139.934321,4,-0.053,-0.225,9.526,5.0
1425697879883,37.499864,139.934316,4,-0.04,-0.195,9.474,5.0
1425697879984,37.499865,139.934311,4,-0.051,-0.174,9.418,5.0
1425697880085,37.499866,139.934306,4,-0.06,-0.133,9.408,5.0
1425697880186,37.499867,139.934301,4,-0.07,-0.124,9.313,5.0
1425697880281,37.499868,139.934296,4,-0.042,-0.116,9.353,5.0
1425697880382,37.499869,139.934291,4,-0.0,-0.124,9.509,5.0
1425697880483,37.49987,139.934286,4,0.009,-0.111,9.457,4.992
1425697880583,37.499871,139.934281,4,0.016,-0.094,9.3,4.966
1425697880684,37.499872,139.934275,4,0.025,-0.123,9.446,4.94
1425697880785,37.499873,139.93427,4,0.02,-0.141,9.568,4.915
1425697880885,37.499874,139.934264,4,0.031,-0.125,9.508,4.89
1425697880981,37.499875,139.934259,4,0.02,-0.131,9.454,4.866
1425697881082,37.499876,139.934254,4,0.01,-0.116,9.382,4.841
1425697881182,37.499877,139.934248,4,0.022,-0.127,9.362,4.816
1425697881283,37.499878,139.934243,4,0.059,-0.123,9.405,4.791
1425697881384,37.499879,139.934237,4,0.097,-0.141,9.543,4.766
1425697881485,37.49988,139.934232,4,0.116,-0.148,9.567,4.75
1425697881585,37.499881,139.934227,4,0.135,-0.138,9.449,4.75
1425697881681,37.499883,139.934221,4,0.093,-0.166,9.514,4.75
1425697881782,37.499884,139.934216,4,0.026,-0.157,9.494,4.75
1425697881882,37.499885,139.93421,4,-0.028,-0.139,9.306,4.75
1425697881983,37.499886,139.934205,4,-0.033,-0.115,9.348,4.75
1425697882084,37.499887,139.934199,4,0.001,-0.116,9.522,4.75
1425697882184,37.499888,139.934194,4,0.025,-0.119,9.52,4.75
1425697882281,37.499889,139.934188,4,0.061,-0.095,9.379,4.75
1425697882381,37.49989,139.934183,4,0.027,-0.094,9.401,4.75
1425697882482,37.499891,139.934177,5,-0.035,-0.107,9.483,4.758
1425697882582,37.499892,139.934172,5,-0.074,-0.123,9.441,4.782
1425697882683,37.499893,139.934166,5,-0.062,-0.139,9.4,4.807
1425697882784,37.499894,139.93416,5,-0.014,-0.107,9.435,4.832
1425697882884,37.499895,139.934155,5,0.035,-0.085,9.312,4.857
1425697882985,37.499896,139.934149,5,0.096,-0.061,9.242,4.882
1425697883081,37.499897,139.934143,5,0.131,-0.07,9.431,4.906
1425697883181,37.499898,139.934138,5,0.112,-0.093,9.564,4.931
1425697883282,37.499898,139.934132,5,0.099,-0.088,9.403,4.957
1425697883383,37.499899,139.934126,5,0.056,-0.055,9.203,4.983
1425697885382,37.499927,139.934018,4,0.052,-0.056,9.199,5.0
1425697885483,37.499928,139.934012,5,-0.082,-0.439,9.094,5.0
1425697885584,37.49993,139.934007,5,-0.154,-0.812,9.026,5.0
1425697885684,37.499931,139.934002,5,-0.136,-1.048,9.207,5.0
1425697885785,37.499933,139.933996,5,-0.132,-1.225,9.563,5.0
1425697885881,37.499934,139.933991,5,-0.068,-1.334,9.692,5.0
1425697885981,37.499935,139.933986,5,0.004,-1.309,9.396,5.0
1425697886082,37.499937,139.93398,5,0.057,-1.268,9.126,5.0
1425697886183,37.499938,139.933975,5,0.045,-1.314,9.222,5.0
1425697886283,37.49994,139.93397,5,-0.051,-1.41,9.504,5.0
1425697886384,37.499941,139.933965,5,-0.125,-1.492,9.602,5.0
1425697886485,37.499942,139.93396,7,-0.143,-1.547,9.425,4.961
1425697886585,37.499941,139.933956,7,-0.123,-1.585,9.273,4.852
1425697886681,37.499941,139.933952,7,-0.096,-1.623,9.373,4.749
1425697886782,37.49994,139.933948,7,-0.083,-1.624,9.409,4.643
1425697886883,37.49994,139.933944,7,-0.092,-1.621,9.35,4.54
1425697886983,37.499939,139.93394,7,-0.13,-1.648,9.309,4.439
1425697887084,37.499939,139.933937,7,-0.143,-1.664,9.422,4.34
1425697887185,37.499938,139.933933,7,-0.096,-1.655,9.522,4.243
1425697887285,37.499938,139.93393,7,-0.093,-1.647,9.491,4.15
1425697887381,37.499937,139.933926,7,-0.096,-1.652,9.411,4.062
1425697887487,37.499938,139.933925,10,-0.093,-1.708,9.436,3.885
1425697887582,37.499941,139.933928,10,-0.095,-1.722,9.402,3.602
1425697887681,37.499943,139.93393,10,-0.074,-1.735,9.433,3.324
1425697887784,37.499945,139.933933,10,-0.041,-1.694,9.479,3.053
1425697887883,37.499948,139.933935,10,-0.026,-1.551,9.469,2.81
1425697887985,37.49995,139.933937,10,-0.034,-1.421,9.429,2.577
1425697888081,37.499951,139.933939,10,-0.082,-1.356,9.38,2.375
1425697888182,37.499953,139.933941,10,-0.141,-1.354,9.341,2.18
1425697888282,37.499955,139.933943,10,-0.118,-1.349,9.4,2.005
1425697888383,37.499956,139.933944,10,-0.067,-1.32,9.467,1.846
1425697888484,37.499957,139.933944,10,-0.032,-1.232,9.463,1.685
1425697888584,37.499956,139.933941,10,-0.03,-1.145,9.424,1.502
1425697888685,37.499955,139.933939,10,-0.026,-1.099,9.378,1.331
1425697888781,37.499955,139.933936,10,-0.036,-1.074,9.401,1.182
1425697888882,37.499954,139.933934,10,-0.008,-1.038,9.448,1.04
1425697888982,37.499954,139.933932,10,0.01,-1.005,9.457,0.912
1425697889083,37.499953,139.933931,10,-0.029,-0.996,9.437,0.797
1425697889184,37.499953,139.933929,10,-0.091,-0.996,9.374,0.697
1425697889284,37.499952,139.933928,10,-0.095,-0.992,9.39,0.611
1425697889385,37.499952,139.933927,10,-0.067,-1.027,9.456,0.539
1425697889481,37.499952,139.933926,6,-0.038,-1.03,9.45,0.469
1425697889582,37.499952,139.933924,6,-0.009,-0.958,9.461,0.377
1425697889682,37.499952,139.933923,6,0.01,-0.692,9.598,0.295
1425697889783,37.499952,139.933922,6,0.016,-0.362,9.604,0.222
1425697889884,37.499952,139.933921,6,0.015,-0.101,9.379,0.16
1425697889984,37.499952,139.93392,6,0.007,-0.014,9.151,0.109
1425697890085,37.499952,139.933919,6,0.023,-0.022,9.207,0.067
1425697890181,37.499952,139.933919,6,0.042,-0.105,9.478,0.036
1425697890282,37.499952,139.933918,6,0.03,-0.25,9.563,0.014
1425697890382,37.499952,139.933918,6,0.027,-0.313,9.51,0.002
1425697938380,37.499999,139.93373,5,0.033,-0.025,9.452,2.982
1425697938385,37.499999,139.933729,5,0.024,-0.031,9.455,2.983
1425697938485,37.5,139.933726,5,-0.521,-0.353,9.535,2.981
1425697938581,37.499998,139.933724,5,-0.927,-0.522,9.589,2.929
1425697938682,37.499997,139.933721,5,-1.156,-0.57,9.449,2.876
1425697938782,37.499996,139.933719,5,-1.252,-0.554,9.248,2.824
1425697938883,37.499995,139.933717,5,-1.315,-0.564,9.129,2.772
1425697938984,37.499993,139.933714,5,-1.287,-0.581,9.283,2.722
1425697939085,37.499992,139.933712,5,-1.289,-0.616,9.359,2.672
1425697939185,37.499991,139.93371,5,-1.193,-0.798,9.945,2.624
1425697939281,37.49999,139.933708,5,-1.231,-0.903,10.272,2.578
1425697939382,37.499989,139.933705,5,-1.271,-0.84,9.786,2.531
1425697939482,37.499988,139.933703,5,-1.285,-0.715,9.268,2.482
1425697939583,37.499987,139.9337,5,-1.372,-0.598,8.968,2.427
1425697939684,37.499986,139.933697,5,-1.538,-0.545,8.732,2.373
1425697939784,37.499986,139.933694,5,-1.603,-0.63,8.969,2.321
1425697939885,37.499985,139.933692,5,-1.885,-0.855,9.908,2.269
1425697939981,37.499985,139.933689,5,-2.038,-0.896,10.134,2.221
1425697940082,37.499984,139.933686,5,-1.989,-0.836,9.571,2.171
1425697940182,37.499983,139.933684,5,-1.953,-0.758,9.173,2.123
1425697940283,37.499983,139.933681,5,-1.755,-0.649,9.109,2.076
1425697940384,37.499982,139.933679,5,-1.584,-0.559,9.236,2.03
1425697940484,37.499981,139.933677,5,-1.484,-0.634,9.378,2.015
1425697940585,37.499979,139.933676,5,-1.332,-0.658,9.493,2.061
1425697940681,37.499976,139.933676,5,-1.213,-0.61,9.238,2.106
1425697940782,37.499974,139.933675,5,-0.999,-0.549,9.027,2.154
1425697940882,37.499971,139.933674,5,-0.751,-0.473,9.277,2.202
1425697940983,37.499968,139.933673,5,-0.535,-0.396,9.188,2.253
1425697941084,37.499966,139.933673,5,-0.349,-0.377,9.212,2.304
1425697941184,37.499963,139.933672,5,-0.275,-0.391,9.728,2.356
1425697941285,37.49996,139.933671,5,-0.235,-0.496,10.082,2.41
1425697941381,37.499957,139.933671,5,-0.378,-0.469,9.72,2.462
1425697941481,37.499954,139.93367,4,-0.479,-0.381,9.006,2.514
1425697941582,37.499951,139.93367,4,-0.471,-0.262,8.655,2.561
1425697941683,37.499948,139.93367,4,-0.364,-0.266,9.16,2.608
1425697941783,37.499945,139.93367,4,-0.239,-0.234,9.888,2.656
1425697941884,37.499942,139.93367,4,-0.191,-0.149,10.001,2.706
1425697941985,37.499939,139.933669,4,-0.166,0.033,9.6,2.756
1425697942081,37.499936,139.933669,4,-0.173,0.161,9.388,2.805
1425697942181,37.499933,139.933669,4,-0.164,0.225,9.48,2.857
1425697942282,37.49993,139.933669,4,-0.132,0.247,9.491,2.91
1425697942383,37.499926,139.933669,4,-0.059,0.269,9.129,2.964
1425697942483,37.499923,139.933669,5,-0.147,0.105,9.423,2.982
1425697942584,37.49992,139.933669,5,-0.115,0.045,9.59,2.928
1425697942685,37.499917,139.933668,5,0.046,0.034,9.582,2.874
1425697942785,37.499914,139.933668,5,0.185,0.078,9.462,2.822
1425697942881,37.499912,139.933668,5,0.263,0.059,9.428,2.773
1425697942982,37.499909,139.933667,5,0.282,0.035,9.432,2.723
1425697943083,37.499906,139.933667,5,0.266,-0.016,9.449,2.673
1425697943183,37.499904,139.933667,5,0.221,-0.027,9.497,2.625
1425697943284,37.499901,139.933666,5,0.143,-0.004,9.461,2.577
1425697953380,37.499558,139.933535,5,0.112,-0.005,9.427,4.25
1425697953385,37.499558,139.933535,5,0.113,-0.01,9.429,4.25
1425697953481,37.499554,139.933534,5,0.061,-0.565,9.682,4.25
1425697953581,37.49955,139.933533,5,-0.001,-0.999,9.709,4.25
1425697953682,37.499546,139.933531,5,-0.042,-1.164,9.463,4.25
1425697953783,37.499542,139.93353,5,-0.04,-1.251,9.256,4.25
1425697953884,37.499538,139.933529,5,0.006,-1.383,9.342,4.25
1425697953984,37.499534,139.933528,5,0.055,-1.525,9.575,4.25
1425697954085,37.49953,139.933527,5,0.065,-1.637,9.609,4.25
1425697954181,37.499526,139.933526,5,0.072,-1.674,9.485,4.25
1425697954282,37.499522,139.933525,5,0.057,-1.709,9.344,4.25
1425697954382,37.499518,139.933524,5,0.02,-1.781,9.387,4.25
1425697954483,37.499514,139.933523,5,0.027,-1.815,9.566,4.242
1425697954584,37.499511,139.933522,5,-0.001,-1.842,9.431,4.216
1425697954684,37.499507,139.933521,5,0.001,-1.815,9.322,4.19
1425697954785,37.499504,139.933521,5,-0.014,-1.821,9.376,4.165
1425697954881,37.499501,139.93352,5,-0.032,-1.853,9.469,4.14
1425697954981,37.499498,139.933519,5,-0.021,-1.876,9.531,4.115
1425697955082,37.499495,139.933519,5,0.02,-1.877,9.47,4.09
1425697955183,37.499491,139.933518,5,0.035,-1.894,9.315,4.065
1425697955283,37.499488,139.933517,5,0.039,-1.923,9.339,4.041
1425697955384,37.499485,139.933516,5,0.017,-1.987,9.446,4.016
1425697955485,37.499485,139.933516,5,-0.034,-2.041,9.466,3.725
1425697955585,37.499489,139.933517,5,-0.06,-2.059,9.41,2.993
1425697955681,37.499493,139.933518,5,-0.025,-1.631,9.656,2.365
1425697955782,37.499496,139.933518,5,0.068,-0.737,9.953,1.785
1425697955883,37.499499,139.933519,5,0.131,0.032,9.675,1.286
1425697955983,37.499502,139.933519,5,0.167,0.359,9.001,0.872
1425697956084,37.499504,139.933519,5,0.202,0.362,8.731,0.536
1425697956185,37.499505,139.93352,5,0.186,0.256,9.094,0.281
1425697956285,37.499506,139.93352,5,0.155,0.056,9.599,0.109
1425697956381,37.499507,139.93352,5,0.113,-0.184,9.796,0.019
1425698045382,37.497576,139.932656,7,0.13,0.027,9.426,4.25
1425698045483,37.497572,139.932655,6,0.092,-0.356,9.585,4.233
1425698045583,37.497567,139.932653,6,0.042,-0.617,9.617,4.18
1425698045684,37.497563,139.932652,6,-0.016,-0.709,9.394,4.127
1425698045785,37.497559,139.93265,6,-0.007,-0.753,9.284,4.076
1425698045885,37.497555,139.932649,6,0.009,-0.827,9.384,4.025
1425698045981,37.497551,139.932648,6,0.026,-0.865,9.483,3.977
1425698046082,37.497547,139.932647,6,0.012,-0.845,9.527,3.927
1425698046182,37.497543,139.932645,6,0.013,-0.802,9.461,3.878
1425698046283,37.497539,139.932644,6,-0.03,-0.767,9.276,3.829
1425698046384,37.497535,139.932643,6,-0.093,-0.781,9.356,3.781
1425698046484,37.497532,139.932642,6,-0.124,-0.789,9.53,3.722
1425698046585,37.497529,139.932641,6,-0.096,-0.763,9.378,3.639
1425698046681,37.497526,139.932639,6,-0.053,-0.742,9.351,3.562
1425698046782,37.497523,139.932638,6,-0.023,-0.596,9.547,3.483
1425698046882,37.49752,139.932637,6,0.016,-0.432,9.628,3.406
1425698046983,37.497517,139.932636,6,0.029,-0.249,9.452,3.33
1425698047084,37.497515,139.932635,6,0.052,-0.096,9.269,3.255
1425698047184,37.497512,139.932634,6,0.029,-0.015,9.232,3.183
1425698047285,37.497509,139.932634,6,0.001,-0.021,9.398,3.112
1425698047381,37.497507,139.932633,6,-0.012,-0.034,9.598,3.046
1425698047482,37.497504,139.932632,6,-0.025,-0.012,9.568,2.983
1425698047582,37.497503,139.93263,6,-0.049,0.022,9.359,2.929
1425698047683,37.497501,139.932629,6,-0.036,0.037,9.273,2.875
1425698047784,37.4975,139.932627,6,-0.041,0.025,9.447,2.823
1425698047884,37.497498,139.932626,6,-0.039,0.012,9.555,2.772
1425698047985,37.497497,139.932624,6,-0.049,0.012,9.453,2.721
1425698048081,37.497495,139.932623,6,-0.059,0.009,9.36,2.674
1425698048182,37.497494,139.932622,6,-0.06,-0.129,9.309,2.625
1425698048282,37.497492,139.93262,6,-0.081,-0.362,9.288,2.578
1425698048383,37.497491,139.932619,6,-0.057,-0.577,9.382,2.531
1425698048484,37.49749,139.932617,6,-0.074,-0.788,9.599,2.491
1425698048584,37.497489,139.932615,6,-0.107,-0.92,9.633,2.465
1425698048685,37.497488,139.932613,6,-0.103,-0.946,9.425,2.439
1425698048781,37.497487,139.932611,6,-0.103,-0.954,9.315,2.414
1425698048881,37.497486,139.932609,6,-0.134,-0.978,9.343,2.389
1425698048982,37.497485,139.932607,6,-0.127,-0.961,9.453,2.364
1425698049083,37.497484,139.932604,6,-0.091,-0.825,9.563,2.339
1425698049184,37.497483,139.932602,6,-0.065,-0.652,9.518,2.314
1425698049284,37.497482,139.9326,6,-0.049,-0.503,9.345,2.29
1425698049385,37.497481,139.932598,6,-0.056,-0.418,9.28,2.265
1425698049481,37.49748,139.932597,6,-0.054,-0.405,9.352,2.197
1425698049581,37.497479,139.932597,6,-0.058,-0.455,9.475,2.032
1425698049682,37.497479,139.932597,6,-0.088,-0.487,9.514,1.874
1425698049783,37.497479,139.932597,6,-0.127,-0.458,9.38,1.727
1425698049884,37.497478,139.932596,6,-0.14,-0.438,9.33,1.589
1425698049984,37.497478,139.932596,6,-0.105,-0.427,9.355,1.463
1425698050085,37.497478,139.932596,6,-0.065,-0.41,9.448,1.345
1425698050181,37.497478,139.932596,6,-0.065,-0.406,9.538,1.242
1425698050281,37.497477,139.932596,6,-0.087,-0.401,9.45,1.144
1425698050382,37.497477,139.932596,6,-0.118,-0.389,9.32,1.055
1425698050483,37.497477,139.932596,6,-0.13,-0.373,9.399,0.978
1425698050583,37.497477,139.932596,6,-0.1,-0.372,9.484,0.914
1425698050684,37.497477,139.932596,6,-0.084,-0.387,9.449,0.853
1425698050785,37.497477,139.932596,6,-0.08,-0.375,9.395,0.795
1425698050885,37.497477,139.932597,6,-0.102,-0.378,9.356,0.742
1425698050981,37.497477,139.932597,6,-0.123,-0.377,9.405,0.693
1425698051082,37.497477,139.932597,6,-0.128,-0.377,9.478,0.645
1425698051183,37.497477,139.932597,6,-0.112,-0.359,9.451,0.601
1425698051283,37.497477,139.932597,6,-0.084,-0.224,9.461,0.56
1425698051384,37.497477,139.932597,6,-0.047,-0.017,9.515,0.523
1425698051485,37.497477,139.932597,6,-0.062,0.114,9.422,0.466
1425698051585,37.497478,139.932597,6,-0.065,0.206,9.308,0.374
1425698051681,37.497479,139.932597,6,-0.086,0.24,9.323,0.296
1425698051782,37.49748,139.932598,6,-0.072,0.251,9.456,0.223
1425698051883,37.49748,139.932598,6,-0.063,0.281,9.504,0.161
1425698051983,37.497481,139.932598,6,-0.047,0.344,9.435,0.109
1425698052084,37.497481,139.932598,6,-0.046,0.425,9.394,0.067
1425698052185,37.497482,139.932598,6,-0.059,0.476,9.391,0.035
1425698052285,37.497482,139.932598,6,-0.063,0.375,9.342,0.014
1425698052381,37.497482,139.932598,6,-0.048,0.271,9.415,0.002
1425698124382,37.495791,139.931696,7,-0.045,0.27,9.423,6.798
1425698124483,37.495787,139.931691,7,-0.2,0.22,9.147,6.75
1425698124584,37.495781,139.931687,7,-0.352,0.109,8.927,6.75
1425698124684,37.495776,139.931682,7,-0.445,0.006,9.172,6.75
1425698124785,37.49577,139.931677,7,-0.581,-0.113,9.605,6.75
1425698124881,37.495764,139.931673,7,-0.693,-0.152,9.531,6.75
1425698124981,37.495759,139.931668,7,-0.805,-0.164,9.531,6.75
1425698125082,37.495753,139.931663,7,-0.929,-0.204,9.657,6.75
1425698125183,37.495747,139.931659,7,-0.98,-0.218,9.945,6.75
1425698125284,37.495741,139.931654,7,-0.991,-0.154,9.691,6.75
1425698125384,37.495736,139.931649,7,-0.977,-0.06,9.198,6.75
1425698125485,37.49573,139.931645,7,-0.983,-0.01,9.0,6.75
1425698125581,37.495724,139.931642,7,-0.996,-0.035,9.401,6.75
1425698125681,37.495717,139.931638,7,-0.974,-0.048,9.627,6.75
1425698125782,37.495711,139.931635,7,-0.94,-0.008,9.284,6.75
1425698125883,37.495704,139.931632,7,-0.871,0.001,9.026,6.75
1425698125984,37.495698,139.931628,7,-0.818,-0.024,9.307,6.75
1425698126084,37.495691,139.931625,7,-0.737,-0.079,9.706,6.75
1425698126185,37.495685,139.931622,7,-0.634,-0.128,9.595,6.75
1425698126281,37.495679,139.931619,7,-0.544,-0.109,9.381,6.75
1425698126381,37.495672,139.931615,7,-0.48,-0.1,9.489,6.75
1425698126482,37.495666,139.931612,7,-0.473,-0.108,9.53,6.75
1425698126583,37.495659,139.931609,7,-0.515,-0.096,9.377,6.75
1425698126683,37.495653,139.931605,7,-0.554,-0.05,9.367,6.75
1425698126784,37.495646,139.931602,7,-0.641,-0.046,9.38,6.75
1425698126885,37.49564,139.931599,7,-0.663,0.011,9.334,6.75
1425698126981,37.495633,139.931595,7,-0.677,-0.04,9.495,6.75
1425698127081,37.495627,139.931592,7,-0.637,-0.03,9.566,6.75
1425698127182,37.49562,139.931589,7,-0.586,-0.035,9.624,6.75
1425698127283,37.495614,139.931586,7,-0.581,0.014,9.369,6.75
1425698127383,37.495607,139.931582,7,-0.603,0.073,9.014,6.75
1425698127484,37.495602,139.931579,8,-0.627,0.018,9.217,6.774
1425698127585,37.495598,139.931575,8,-0.671,0.037,9.422,6.847
1425698127685,37.495594,139.931571,8,-0.712,-0.009,9.418,6.919
1425698127781,37.495591,139.931567,8,-0.677,-0.057,9.488,6.99
1425698127882,37.495587,139.931562,8,-0.604,-0.01,9.563,7.064
1425698127983,37.495583,139.931558,8,-0.547,0.02,9.404,7.14
1425698128083,37.495579,139.931554,8,-0.411,0.054,9.331,7.216
1425698128184,37.495575,139.93155,8,-0.338,0.015,9.324,7.293
1425698128285,37.495571,139.931545,8,-0.284,0.023,9.355,7.371
1425698128385,37.495567,139.931541,8,-0.236,0.004,9.454,7.449
1425698128481,37.495562,139.931537,8,-0.157,-0.048,9.498,7.476
1425698128582,37.495555,139.931535,8,-0.033,-0.034,9.5,7.396
1425698128683,37.495548,139.931532,8,-0.034,-0.074,9.559,7.318
1425698128783,37.495541,139.93153,8,-0.081,-0.159,9.497,7.241
1425698128884,37.495534,139.931528,8,-0.099,-0.273,9.546,7.165
1425698128985,37.495528,139.931525,8,-0.096,-0.339,9.548,7.089
1425698129085,37.495521,139.931523,8,-0.082,-0.406,9.444,7.015
1425698129186,37.495515,139.931521,8,-0.008,-0.485,9.558,6.94
1425698129282,37.495509,139.931519,8,0.054,-0.559,9.658,6.87
1425698129381,37.495502,139.931517,8,0.082,-0.531,9.471,6.799
1425698129483,37.495496,139.931514,6,0.002,-0.517,9.179,6.724
1425698129582,37.495492,139.931511,6,-0.115,-0.435,9.235,6.646
1425698129685,37.495487,139.931508,6,-0.166,-0.336,9.561,6.566
1425698129784,37.495483,139.931505,6,-0.163,-0.257,9.621,6.49
1425698129881,37.495478,139.931502,6,-0.079,-0.169,9.437,6.416
1425698129982,37.495474,139.931499,6,-0.038,-0.097,9.235,6.34
1425698130082,37.49547,139.931496,6,-0.068,-0.119,9.373,6.266
1425698130183,37.495465,139.931493,6,-0.137,-0.119,9.606,6.192
1425698130284,37.495461,139.931491,6,-0.212,-0.073,9.42,6.118
1425698130384,37.495457,139.931488,6,-0.243,-0.089,9.444,6.047
1425698130485,37.495452,139.931486,6,-0.212,-0.038,9.41,5.991
1425698130581,37.495447,139.931484,6,-0.2,-0.02,9.276,5.967
1425698130682,37.495442,139.931483,6,-0.224,0.039,9.163,5.941
1425698130782,37.495437,139.931481,6,-0.225,0.015,9.291,5.916
1425698130883,37.495432,139.93148,6,-0.192,-0.056,9.649,5.89
1425698130984,37.495427,139.931478,6,-0.17,-0.049,9.708,5.865
1425698131084,37.495421,139.931477,6,-0.144,-0.029,9.384,5.84
1425698131185,37.495416,139.931476,6,-0.137,-0.006,9.35,5.815
1425698131281,37.495411,139.931474,6,-0.24,-0.1,9.52,5.792
1425698131381,37.495406,139.931473,6,-0.35,-0.12,9.6,5.767
1425698131482,37.495401,139.931471,5,-0.334,-0.078,9.293,5.773
1425698131583,37.495396,139.93147,5,-0.295,-0.101,9.055,5.844
1425698131684,37.495391,139.931468,5,-0.269,-0.106,9.148,5.917
1425698131784,37.495386,139.931467,5,-0.259,-0.281,9.492,5.99
1425698131885,37.49538,139.931465,5,-0.258,-0.523,9.684,6.065
1425698131981,37.495375,139.931463,5,-0.252,-0.708,9.56,6.137
1425698132081,37.49537,139.931462,5,-0.218,-0.834,9.411,6.213
1425698132182,37.495364,139.93146,5,-0.186,-0.841,9.408,6.29
1425698132283,37.495358,139.931458,5,-0.222,-0.894,9.433,6.368
1425698132383,37.495353,139.931456,5,-0.213,-0.888,9.44,6.447
1425698132484,37.495347,139.931455,8,-0.254,-0.853,9.404,6.482
1425698132585,37.49534,139.931456,8,-0.31,-0.877,9.417,6.43
1425698132681,37.495334,139.931456,8,-0.36,-0.84,9.208,6.381
1425698132781,37.495328,139.931456,8,-0.321,-0.797,9.185,6.33
1425698132882,37.495322,139.931457,8,-0.233,-0.787,9.519,6.279
1425698132983,37.495316,139.931457,8,-0.113,-0.651,9.669,6.229
1425698133083,37.49531,139.931458,8,-0.079,-0.463,9.533,6.179
1425698133184,37.495304,139.931458,8,-0.069,-0.314,9.275,6.129
1425698133285,37.495298,139.931458,8,-0.062,-0.249,9.349,6.08
1425698133381,37.495292,139.931459,8,-0.062,-0.225,9.481,6.033
1425698133481,37.495287,139.931458,8,-0.08,-0.224,9.567,5.975
1425698133582,37.495282,139.931456,8,-0.077,-0.177,9.558,5.895
1425698133683,37.495278,139.931454,8,-0.043,-0.101,9.354,5.816
1425698133783,37.495274,139.931452,8,-0.02,-0.032,9.147,5.739
1425698133884,37.49527,139.93145,8,-0.015,-0.043,9.235,5.662
1425698133985,37.495266,139.931447,8,0.025,-0.031,9.489,5.586
1425698134085,37.495262,139.931445,8,0.009,-0.024,9.405,5.512
1425698134181,37.495258,139.931443,8,-0.023,-0.054,9.27,5.442
1425698134282,37.495254,139.931441,8,-0.015,-0.08,9.287,5.369
1425698134383,37.495251,139.931439,8,0.056,-0.172,9.64,5.297
1425698134483,37.495247,139.931438,8,0.146,-0.172,9.538,5.242
1425698134584,37.495243,139.931437,8,0.178,-0.301,9.327,5.216
1425698134685,37.495239,139.931437,8,0.169,-0.426,9.43,5.19
1425698134785,37.495235,139.931436,8,0.044,-0.603,9.541,5.165
1425698134881,37.495231,139.931436,8,-0.015,-0.71,9.498,5.141
1425698134982,37.495227,139.931435,8,-0.033,-0.753,9.327,5.115
1425698135083,37.495223,139.931435,8,0.026,-0.763,9.22,5.09
1425698135183,37.495219,139.931434,8,0.076,-0.81,9.383,5.066
1425698135284,37.495215,139.931434,8,0.135,-0.885,9.576,5.041
1425698135385,37.495211,139.931433,8,0.137,-0.923,9.557,5.016
1425698135485,37.495209,139.931432,8,0.169,-0.893,9.443,4.926
1425698135581,37.495207,139.931429,8,0.188,-0.881,9.323,4.728
1425698135682,37.495206,139.931426,8,0.176,-0.9,9.311,4.528
1425698135782,37.495205,139.931424,8,0.116,-0.919,9.321,4.337
1425698135883,37.495204,139.931421,8,0.162,-0.936,9.642,4.151
1425698135984,37.495203,139.931418,8,0.223,-0.95,9.586,3.973
1425698136085,37.495202,139.931416,8,0.218,-0.948,9.482,3.803
1425698136185,37.495201,139.931414,8,0.188,-0.884,9.271,3.641
1425698136281,37.4952,139.931411,8,0.184,-0.844,9.204,3.494
1425698136382,37.4952,139.931409,8,0.182,-0.886,9.369,3.345
1425698136482,37.495198,139.931407,7,0.179,-0.94,9.545,3.242
1425698136583,37.495195,139.931406,7,0.147,-0.943,9.574,3.216
1425698136684,37.495192,139.931404,7,0.113,-0.955,9.59,3.19
1425698136784,37.495189,139.931402,7,0.162,-0.914,9.4,3.164
1425698136885,37.495187,139.9314,7,0.192,-0.888,9.237,3.139
1425698136981,37.495184,139.931399,7,0.13,-0.949,9.495,3.115
1425698137081,37.495181,139.931397,7,0.055,-0.971,9.497,3.09
1425698137182,37.495178,139.931395,7,0.084,-0.917,9.333,3.065
1425698137283,37.495176,139.931394,7,0.146,-0.912,9.37,3.04
1425698137384,37.495173,139.931392,7,0.22,-0.883,9.381,3.016
1425698137484,37.49517,139.931391,5,0.213,-0.879,9.312,2.947
1425698137585,37.495169,139.93139,5,0.121,-0.905,9.417,2.793
1425698137681,37.495168,139.93139,5,0.001,-0.924,9.534,2.653
1425698137781,37.495166,139.931389,5,-0.022,-0.877,9.427,2.513
1425698137882,37.495165,139.931389,5,-0.005,-0.871,9.239,2.379
1425698137983,37.495164,139.931388,5,0.084,-0.867,9.379,2.252
1425698138084,37.495163,139.931388,5,0.147,-0.877,9.55,2.131
1425698138184,37.495162,139.931387,5,0.151,-0.888,9.459,2.018
1425698138285,37.495161,139.931387,5,0.085,-0.915,9.333,1.911
1425698138381,37.49516,139.931386,5,0.035,-0.931,9.412,1.815
1425698138482,37.495159,139.931386,5,0.0,-0.967,9.415,1.72
1425698138582,37.495158,139.931385,5,-0.002,-0.97,9.343,1.628
1425698138683,37.495157,139.931385,5,0.038,-0.972,9.401,1.539
1425698138783,37.495156,139.931384,5,0.069,-0.981,9.47,1.455
1425698138884,37.495155,139.931384,5,0.099,-0.972,9.438,1.374
1425698138985,37.495155,139.931383,5,0.092,-0.978,9.41,1.298
1425698139081,37.495154,139.931383,5,0.054,-0.99,9.406,1.229
1425698139181,37.495154,139.931382,5,0.017,-0.99,9.38,1.162
1425698139282,37.495153,139.931382,5,-0.011,-0.996,9.387,1.097
1425698139383,37.495152,139.931381,5,0.003,-0.936,9.491,1.037
1425698139483,37.495151,139.93138,4,0.051,-0.558,9.633,0.935
1425698139584,37.495149,139.931377,4,0.114,-0.064,9.653,0.75
1425698139685,37.495147,139.931375,4,0.129,0.266,9.346,0.585
1425698139781,37.495146,139.931373,4,0.136,0.394,9.056,0.448
1425698139881,37.495145,139.931371,4,0.149,0.39,9.096,0.324
1425698139982,37.495143,139.931369,4,0.146,0.244,9.399,0.219
1425698140083,37.495142,139.931368,4,0.127,0.087,9.615,0.135
1425698140183,37.495142,139.931367,4,0.076,0.014,9.541,0.071
1425698140284,37.495141,139.931366,4,0.074,0.075,9.413,0.028
1425698140385,37.495141,139.931366,4,0.077,0.136,9.346,0.004
1425698184379,37.492933,139.9309,5,0.132,0.196,9.402,9.268
1425698184384,37.492933,139.9309,5,0.132,0.198,9.406,9.266
1425698184485,37.492925,139.930899,7,0.149,0.063,9.346,9.241
1425698184585,37.492916,139.9309,7,0.144,-0.031,9.284,9.216
1425698184681,37.492907,139.9309,7,0.142,-0.109,9.499,9.192
1425698184782,37.492898,139.930901,7,0.089,-0.131,9.495,9.166
1425698184883,37.492889,139.930901,7,0.05,-0.129,9.324,9.141
1425698184983,37.49288,139.930902,7,0.059,-0.11,9.32,9.116
1425698185084,37.492871,139.930902,7,0.071,-0.071,9.332,9.091
1425698185185,37.492862,139.930903,7,0.084,-0.043,9.395,9.066
1425698185285,37.492853,139.930903,7,0.067,0.003,9.654,9.041
1425698185381,37.492844,139.930904,7,0.068,0.187,9.704,9.017
1425698189379,37.492536,139.930836,4,0.069,0.191,9.697,8.518
1425698191383,37.492383,139.930816,4,0.069,0.19,9.691,8.25
1425698191484,37.492376,139.930814,5,0.041,0.064,9.581,8.241
1425698191585,37.492369,139.930811,5,0.033,0.007,9.337,8.216
1425698191685,37.492362,139.930809,5,0.032,-0.047,9.262,8.191
1425698191781,37.492356,139.930806,5,0.049,-0.062,9.336,8.166
1425698191882,37.492349,139.930804,5,0.081,-0.081,9.267,8.141
1425698191983,37.492342,139.930801,5,0.072,-0.071,9.219,8.116
1425698192083,37.492335,139.930798,5,0.048,-0.097,9.336,8.091
1425698192184,37.492329,139.930796,5,0.045,-0.158,9.568,8.066
1425698192285,37.492322,139.930793,5,0.019,-0.162,9.569,8.041
1425698192385,37.492315,139.930791,5,0.002,-0.123,9.498,8.016
1425698192481,37.492309,139.930789,5,-0.018,-0.114,9.335,7.992
1425698192582,37.492301,139.930787,5,-0.009,-0.145,9.519,7.967
1425698192682,37.492294,139.930785,5,-0.007,-0.15,9.655,7.941
1425698192783,37.492287,139.930784,5,-0.055,-0.144,9.564,7.916
1425698192884,37.492279,139.930782,5,-0.059,-0.099,9.409,7.891
1425698192984,37.492272,139.930781,5,-0.062,-0.1,9.377,7.866
1425698193085,37.492265,139.930779,5,-0.028,-0.03,9.275,7.84
1425698193181,37.492258,139.930778,5,-0.025,0.01,9.117,7.816
1425698193282,37.492251,139.930776,5,-0.049,-0.008,9.204,7.791
1425698193382,37.492244,139.930775,5,-0.062,-0.048,9.453,7.767
1425698193483,37.492236,139.930774,5,-0.079,-0.075,9.385,7.75
1425698193584,37.492229,139.930772,5,-0.052,-0.103,9.405,7.75
1425698193685,37.492221,139.930771,5,-0.021,-0.119,9.587,7.75
1425698193785,37.492213,139.93077,5,-0.043,-0.12,9.583,7.75
1425698193881,37.492205,139.930768,5,-0.082,-0.095,9.384,7.75
1425698193982,37.492198,139.930767,5,-0.065,-0.087,9.377,7.75
1425698194082,37.49219,139.930766,5,-0.047,-0.076,9.446,7.75
1425698194183,37.492182,139.930764,5,-0.037,-0.087,9.465,7.75
1425698194284,37.492174,139.930763,5,-0.018,-0.082,9.356,7.75
1425698194384,37.492166,139.930762,5,-0.03,-0.059,9.283,7.75
1425698194485,37.492159,139.930761,5,-0.059,-0.059,9.314,7.732
1425698194581,37.492152,139.93076,5,-0.068,-0.074,9.385,7.683
1425698194682,37.492146,139.930759,5,-0.031,-0.095,9.519,7.631
1425698194782,37.492139,139.930758,5,-0.01,-0.103,9.498,7.58
1425698194883,37.492132,139.930757,5,0.008,-0.073,9.36,7.529
1425698194984,37.492126,139.930756,5,0.001,-0.071,9.426,7.479
1425698195084,37.492119,139.930755,5,-0.002,-0.044,9.398,7.429
1425698195185,37.492113,139.930754,5,0.032,-0.035,9.224,7.379
1425698195281,37.492107,139.930753,5,0.09,-0.067,9.424,7.332
1425698195381,37.4921,139.930752,5,0.111,-0.082,9.534,7.283
1425698195482,37.492094,139.930751,4,0.091,-0.085,9.368,7.25
1425698195583,37.492088,139.930749,4,0.06,-0.098,9.34,7.25
1425698195683,37.492081,139.930748,4,0.067,-0.09,9.435,7.25
1425698195784,37.492075,139.930747,4,0.104,-0.135,9.604,7.25
1425698195885,37.492069,139.930745,4,0.109,-0.069,9.45,7.25
1425698195981,37.492063,139.930744,4,0.092,-0.033,9.15,7.25
1425698196081,37.492056,139.930743,4,0.052,-0.048,9.226,7.25
1425698196182,37.49205,139.930741,4,0.045,-0.089,9.51,7.25
1425698196283,37.492044,139.93074,4,0.071,-0.129,9.788,7.25
1425698196383,37.492037,139.930739,4,0.108,-0.116,9.545,7.25
1425698196484,37.492031,139.930738,6,0.065,-0.078,9.227,7.258
1425698196585,37.492025,139.930737,6,0.087,-0.041,9.27,7.283
1425698196681,37.492019,139.930737,6,0.042,-0.106,9.491,7.307
1425698196781,37.492013,139.930736,6,0.05,-0.128,9.73,7.332
1425698196882,37.492007,139.930736,6,0.128,-0.143,9.601,7.357
1425698196983,37.492001,139.930735,6,0.234,-0.104,9.438,7.382
1425698197083,37.491995,139.930735,6,0.3,-0.067,9.282,7.407
1425698197184,37.491988,139.930734,6,0.212,-0.049,9.311,7.433
1425698197285,37.491982,139.930734,6,0.155,0.004,9.186,7.458
1425698197381,37.491976,139.930733,6,0.147,0.051,8.964,7.482
1425698199380,37.491855,139.930713,5,0.143,0.055,8.959,6.767
1425698199385,37.491855,139.930713,5,0.143,0.057,8.966,6.766
1425698199485,37.491849,139.930712,5,0.1,-0.311,9.235,6.722
1425698199581,37.491844,139.93071,5,0.107,-0.496,9.051,6.647
1425698199682,37.491839,139.930709,5,0.14,-0.64,9.15,6.568
1425698199782,37.491834,139.930708,5,0.136,-0.747,9.52,6.491
1425698199883,37.49183,139.930707,5,0.091,-0.839,9.751,6.414
1425698199984,37.491825,139.930706,5,0.066,-0.825,9.545,6.339
1425698200084,37.49182,139.930705,5,0.034,-0.799,9.335,6.264
1425698200185,37.491815,139.930704,5,0.009,-0.777,9.276,6.19
1425698200286,37.49181,139.930703,5,0.082,-0.803,9.376,6.117
1425698200382,37.491806,139.930702,5,0.177,-0.846,9.784,6.048
1425698200481,37.491801,139.9307,6,0.099,-0.817,9.635,5.966
1425698200583,37.491796,139.930698,6,0.041,-0.772,9.188,5.857
1425698200682,37.491791,139.930695,6,-0.014,-0.722,8.975,5.752
1425698200784,37.491786,139.930693,6,-0.046,-0.74,9.186,5.646
1425698200881,37.491781,139.930691,6,-0.042,-0.765,9.509,5.547
1425698200981,37.491776,139.930688,6,-0.006,-0.805,9.682,5.446
1425698201081,37.491772,139.930686,6,0.029,-0.782,9.518,5.348
1425698201182,37.491767,139.930684,6,0.089,-0.765,9.292,5.25
1425698201283,37.491762,139.930682,6,0.15,-0.76,9.246,5.154
1425698201384,37.491758,139.930679,6,0.178,-0.809,9.499,5.06
1425698201484,37.491753,139.930678,6,0.152,-0.845,9.731,4.973
1425698201585,37.491749,139.930676,6,0.075,-0.798,9.609,4.892
1425698201681,37.491745,139.930675,6,-0.048,-0.76,9.337,4.816
1425698201781,37.49174,139.930673,6,-0.106,-0.727,9.114,4.738
1425698201882,37.491736,139.930672,6,-0.08,-0.721,9.283,4.661
1425698201983,37.491732,139.930671,6,0.04,-0.701,9.268,4.585
1425698202084,37.491728,139.93067,6,0.104,-0.766,9.469,4.51
1425698202184,37.491724,139.930668,6,0.252,-0.826,9.661,4.438
1425698202285,37.491719,139.930667,6,0.379,-0.798,9.442,4.365
1425698202381,37.491716,139.930666,6,0.396,-0.756,9.238,4.298
1425698202481,37.491712,139.930664,6,0.338,-0.757,9.286,4.215
1425698202582,37.491708,139.930662,6,0.153,-0.773,9.228,4.103
1425698202683,37.491705,139.93066,6,0.122,-0.829,9.259,3.993
1425698202783,37.491702,139.930658,6,0.224,-0.877,9.498,3.887
1425698202884,37.491699,139.930656,6,0.187,-0.971,9.545,3.783
1425698202985,37.491695,139.930654,6,0.131,-1.109,9.515,3.682
1425698203081,37.491692,139.930652,6,0.137,-1.33,9.751,3.588
1425698203181,37.49169,139.930651,6,0.11,-1.422,9.745,3.493
1425698203282,37.491687,139.930649,6,0.071,-1.389,9.272,3.399
1425698203383,37.491684,139.930647,6,0.04,-1.366,8.909,3.309
1425698203483,37.491681,139.930646,5,0.067,-1.388,9.059,3.199
1425698203584,37.491679,139.930645,5,0.112,-1.421,9.536,3.048
1425698203685,37.491678,139.930644,5,0.111,-1.433,9.735,2.903
1425698203786,37.491676,139.930643,5,0.099,-1.27,9.591,2.764
1425698203881,37.491674,139.930643,5,0.1,-0.984,9.364,2.638
1425698203982,37.491673,139.930642,5,0.1,-0.729,9.181,2.511
1425698204083,37.491671,139.930641,5,0.111,-0.579,9.172,2.39
1425698204183,37.49167,139.930641,5,0.14,-0.504,9.416,2.276
1425698204284,37.491668,139.93064,5,0.194,-0.474,9.6,2.166
1425698204385,37.491667,139.930639,5,0.224,-0.531,9.458,2.063
1425698204485,37.491666,139.930639,6,0.185,-0.732,9.253,1.98
1425698204581,37.491665,139.93064,6,0.123,-0.91,9.34,1.926
1425698204682,37.491664,139.930641,6,0.055,-1.035,9.531,1.871
1425698204783,37.491663,139.930641,6,-0.001,-1.086,9.548,1.818
1425698204883,37.491662,139.930642,6,-0.004,-0.951,9.448,1.766
1425698204984,37.491661,139.930642,6,-0.015,-0.753,9.372,1.715
1425698205085,37.49166,139.930643,6,0.023,-0.521,9.4,1.666
1425698205185,37.491659,139.930644,6,0.086,-0.338,9.424,1.619
1425698205281,37.491658,139.930644,6,0.151,-0.235,9.403,1.574
1425698205382,37.491658,139.930645,6,0.215,-0.191,9.381,1.529
1425698205482,37.491657,139.930644,7,0.24,-0.164,9.403,1.5
1425698205583,37.491655,139.930642,7,0.223,-0.119,9.429,1.5
1425698205684,37.491654,139.93064,7,0.154,-0.119,9.418,1.5
1425698205785,37.491652,139.930637,7,0.089,-0.126,9.374,1.5
1425698205885,37.491651,139.930635,7,0.057,-0.146,9.356,1.5
1425698205981,37.49165,139.930633,7,0.08,-0.168,9.365,1.5
1425698206082,37.491648,139.93063,7,0.104,-0.226,9.402,1.5
1425698206182,37.491647,139.930628,7,0.14,-0.259,9.415,1.5
1425698206283,37.491645,139.930626,7,0.144,-0.259,9.431,1.5
1425698206384,37.491644,139.930624,7,0.121,-0.243,9.43,1.5
1425698206484,37.491643,139.930624,17,0.097,-0.216,9.397,1.45
1425698206585,37.491644,139.930631,17,0.08,-0.203,9.398,1.307
1425698206681,37.491645,139.930636,17,0.095,-0.189,9.415,1.18
1425698206781,37.491646,139.930642,17,0.125,-0.181,9.396,1.058
1425698206882,37.491646,139.930647,17,0.149,-0.171,9.388,0.945
1425698206983,37.491647,139.930652,17,0.135,-0.171,9.391,0.843
1425698207084,37.491647,139.930656,17,0.123,-0.173,9.406,0.75
1425698207184,37.491648,139.930659,17,0.116,-0.161,9.426,0.668
1425698207285,37.491648,139.930663,17,0.108,-0.157,9.417,0.596
1425698207381,37.491649,139.930665,17,0.109,-0.153,9.39,0.537
1425698207481,37.491649,139.930669,17,0.123,-0.147,9.411,0.469
1425698207582,37.491648,139.930674,17,0.132,-0.146,9.435,0.377
1425698207683,37.491647,139.930679,17,0.139,-0.114,9.454,0.294
1425698207784,37.491647,139.930684,17,0.17,-0.028,9.476,0.222
1425698207884,37.491646,139.930687,17,0.165,0.028,9.425,0.16
1425698207985,37.491646,139.930691,17,0.15,0.065,9.373,0.108
1425698208081,37.491646,139.930693,17,0.13,0.079,9.381,0.068
1425698208181,37.491645,139.930695,17,0.125,0.085,9.421,0.036
1425698208282,37.491645,139.930696,17,0.134,0.09,9.425,0.014
1425698208383,37.491645,139.930697,17,0.135,0.084,9.382,0.002
1425698238379,37.4904,139.930408,5,0.151,0.118,9.412,7.267
1425698238384,37.490399,139.930407,5,0.151,0.113,9.417,7.266
1425698238484,37.490393,139.930405,5,0.184,-0.248,9.581,7.223
1425698238585,37.490387,139.930403,5,0.165,-0.536,9.374,7.144
1425698238681,37.490381,139.930401,5,0.125,-0.68,9.047,7.069
1425698238781,37.490375,139.930399,5,0.124,-0.617,8.71,6.993
1425698238882,37.490369,139.930398,5,0.187,-0.72,9.274,6.916
1425698238983,37.490363,139.930396,5,0.174,-0.915,9.909,6.84
1425698239084,37.490357,139.930394,5,0.176,-1.072,10.17,6.765
1425698239184,37.490351,139.930392,5,0.152,-0.968,9.467,6.692
1425698239285,37.490345,139.93039,5,0.037,-0.901,9.13,6.618
1425698239381,37.49034,139.930388,5,0.025,-0.898,9.413,6.549
1425698239481,37.490334,139.930386,5,-0.0,-0.919,9.716,6.475
1425698239582,37.490329,139.930384,5,-0.004,-0.847,9.486,6.396
1425698239683,37.490323,139.930381,5,0.014,-0.772,9.065,6.317
1425698239784,37.490318,139.930379,5,0.033,-0.738,9.145,6.239
1425698239884,37.490313,139.930377,5,0.024,-0.797,9.393,6.163
1425698239985,37.490307,139.930374,5,-0.034,-0.93,9.848,6.087
1425698240081,37.490302,139.930372,5,-0.212,-0.882,9.822,6.016
1425698240181,37.490297,139.93037,5,-0.518,-0.768,9.309,5.943
1425698240282,37.490292,139.930368,5,-0.813,-0.725,9.094,5.87
1425698240383,37.490287,139.930365,5,-1.146,-0.767,9.125,5.797
1425698240483,37.490283,139.930365,6,-1.43,-0.784,9.302,5.704
1425698240584,37.490279,139.930366,6,-1.672,-0.816,9.424,5.565
1425698240685,37.490276,139.930368,6,-1.841,-0.752,9.019,5.429
1425698240781,37.490272,139.930369,6,-1.987,-0.771,9.296,5.302
1425698240881,37.490269,139.930371,6,-2.197,-0.787,9.711,5.174
1425698240982,37.490265,139.930372,6,-2.338,-0.744,9.438,5.047
1425698241083,37.490262,139.930374,6,-2.434,-0.738,9.092,4.923
1425698241183,37.490259,139.930375,6,-2.548,-0.797,9.585,4.804
1425698241284,37.490256,139.930377,6,-2.591,-0.801,9.505,4.686
1425698241385,37.490253,139.930378,6,-2.64,-0.764,8.96,4.572
1425698241485,37.49025,139.93038,6,-2.668,-0.821,9.299,4.491
1425698241581,37.490246,139.930383,6,-2.661,-0.922,9.814,4.466
1425698241682,37.490242,139.930387,6,-2.607,-0.908,9.445,4.441
1425698241782,37.490239,139.93039,6,-2.583,-0.935,9.225,4.415
1425698241883,37.490235,139.930394,6,-2.749,-1.099,9.724,4.39
1425698241984,37.490232,139.930397,6,-2.79,-1.034,9.653,4.365
1425698242085,37.490228,139.9304,6,-2.696,-0.95,9.223,4.34
1425698242186,37.490224,139.930403,6,-2.411,-0.976,9.155,4.315
1425698242281,37.490221,139.930407,6,-2.025,-0.955,9.482,4.291
1425698242382,37.490217,139.93041,6,-1.797,-0.752,9.231,4.267
1425698242483,37.490215,139.930414,5,-1.889,-0.624,9.217,4.213
1425698242583,37.490215,139.930418,5,-2.094,-0.72,9.327,4.102
1425698242684,37.490215,139.930423,5,-2.215,-0.73,9.89,3.992
1425698242785,37.490215,139.930428,5,-2.121,-0.46,9.192,3.885
1425698242885,37.490215,139.930432,5,-2.146,-0.313,8.876,3.782
1425698242986,37.490214,139.930436,5,-2.105,-0.215,9.287,3.681
1425698243082,37.490214,139.930441,5,-1.944,-0.235,9.538,3.587
1425698243181,37.490214,139.930445,5,-1.856,-0.146,9.471,3.493
1425698243283,37.490214,139.930449,5,-1.863,-0.01,9.303,3.398
1425698243382,37.490214,139.930452,5,-1.717,0.089,9.362,3.31
1425698243485,37.490214,139.930457,5,-1.332,0.257,9.223,3.293
1425698243584,37.490214,139.930461,5,-1.046,0.392,9.087,3.418
1425698243681,37.490214,139.930465,5,-0.939,0.423,9.342,3.547
1425698243782,37.490214,139.93047,5,-0.964,0.379,9.682,3.686
1425698243882,37.490214,139.930475,5,-0.997,0.449,9.715,3.829
1425698243983,37.490214,139.930481,5,-0.952,0.568,9.355,3.979
1425698244084,37.490215,139.930486,5,-0.956,0.677,9.002,4.136
1425698244185,37.490215,139.930492,5,-1.043,0.733,8.913,4.298
1425698244285,37.490215,139.930498,5,-1.102,0.721,9.071,4.464
1425698244381,37.490215,139.930504,5,-0.995,0.713,9.317,4.628
1425698272383,37.489994,139.932783,4,-0.984,0.711,9.326,7.016
1425698272483,37.489994,139.932791,4,-0.571,0.379,9.343,6.983
1425698272584,37.489993,139.932798,4,-0.236,0.068,9.348,6.931
1425698272685,37.489993,139.932806,4,-0.067,-0.003,9.437,6.879
1425698272781,37.489992,139.932813,4,-0.026,-0.16,9.65,6.83
1425698272881,37.489991,139.93282,4,0.047,-0.192,9.456,6.78
1425698272982,37.489991,139.932828,4,0.121,-0.076,9.162,6.729
1425698273083,37.48999,139.932835,4,0.002,0.005,9.315,6.679
1425698273183,37.48999,139.932842,4,-0.093,-0.063,9.535,6.63
1425698273284,37.489989,139.932849,4,-0.044,0.123,9.526,6.58
1425698277383,37.489955,139.933145,5,-0.068,0.319,9.282,6.0
1425698277484,37.489954,139.933152,6,-0.034,-0.093,9.266,5.973
1425698277584,37.489953,139.933158,6,0.024,-0.421,9.164,5.894
1425698277685,37.489952,139.933163,6,0.081,-0.628,9.181,5.815
1425698277781,37.489951,139.933168,6,0.068,-0.736,9.29,5.741
1425698277881,37.48995,139.933174,6,0.023,-0.818,9.425,5.664
1425698277982,37.489949,139.933179,6,0.029,-0.877,9.632,5.589
1425698278083,37.489948,139.933184,6,0.017,-0.898,9.596,5.514
1425698278184,37.489947,139.93319,6,0.061,-0.845,9.295,5.44
1425698278284,37.489946,139.933195,6,0.113,-0.823,9.219,5.368
1425698278385,37.489945,139.9332,6,0.098,-0.85,9.412,5.296
1425698278481,37.489944,139.933205,6,0.082,-0.86,9.488,5.25
1425698278581,37.489943,139.933211,6,0.048,-0.866,9.554,5.25
1425698278682,37.489942,139.933216,6,0.009,-0.842,9.455,5.25
1425698278783,37.489941,139.933222,6,0.036,-0.828,9.252,5.25
1425698278883,37.48994,139.933228,6,0.169,-0.806,9.236,5.25
1425698278984,37.489939,139.933234,6,0.305,-0.849,9.432,5.25
1425698279085,37.489938,139.93324,6,0.433,-0.845,9.517,5.25
1425698279186,37.489937,139.933246,6,0.59,-0.756,9.467,5.25
1425698279281,37.489937,139.933251,6,0.855,-0.568,9.516,5.25
1425698279382,37.489936,139.933257,6,1.047,-0.45,9.387,5.25
1425698279483,37.489934,139.933261,7,1.204,-0.341,9.261,5.169
1425698279583,37.489932,139.933263,7,1.273,-0.26,9.337,4.93
1425698279684,37.489931,139.933264,7,1.276,-0.21,9.435,4.698
1425698279785,37.489929,139.933265,7,1.229,-0.193,9.309,4.475
1425698279885,37.489927,139.933266,7,1.264,-0.161,9.251,4.264
1425698279981,37.489926,139.933267,7,1.342,-0.18,9.287,4.071
1425698280082,37.489924,139.933268,7,1.382,-0.291,9.473,3.877
1425698280183,37.489923,139.933269,7,1.398,-0.24,9.673,3.692
1425698280283,37.489921,139.93327,7,1.4,0.001,9.692,3.519
1425698280384,37.48992,139.93327,7,1.332,0.298,9.528,3.353
1425698280485,37.489919,139.933272,7,1.426,0.6,9.471,3.25
1425698280585,37.489917,139.933275,7,1.515,0.785,9.182,3.25
1425698280681,37.489916,139.933278,7,1.652,0.766,9.224,3.25
1425698280782,37.489914,139.933281,7,1.927,0.66,9.281,3.25
1425698280883,37.489913,139.933284,7,2.207,0.529,9.049,3.25
1425698280983,37.489912,139.933288,7,2.395,0.419,8.817,3.25
1425698281084,37.48991,139.933291,7,2.415,0.43,8.782,3.25
1425698281185,37.489909,139.933294,7,2.086,0.262,9.24,3.25
1425698281285,37.489907,139.933297,7,1.751,-0.074,10.205,3.25
1425698281381,37.489906,139.9333,7,1.708,-0.388,10.878,3.25
1425698281482,37.489905,139.933303,7,1.787,-0.356,9.672,3.25
1425698281582,37.489903,139.933306,7,1.545,-0.119,7.802,3.25
1425698281683,37.489902,139.933309,7,0.807,-0.446,8.437,3.25
1425698281784,37.4899,139.933313,7,0.803,-1.016,10.763,3.25
1425698281885,37.489898,139.933316,7,1.328,-1.289,10.914,3.25
1425698281985,37.489897,139.933319,7,1.68,-1.162,9.547,3.25
1425698282081,37.489896,139.933322,7,1.751,-1.398,10.085,3.25
1425698282182,37.489894,139.933325,7,1.998,-1.163,9.65,3.25
1425698282282,37.489893,139.933329,7,1.725,-0.779,8.438,3.25
1425698282383,37.489891,139.933332,7,1.356,-0.562,8.329,3.25
1425698282484,37.48989,139.933335,14,1.101,-0.487,9.12,3.25
1425698282584,37.48989,139.933339,14,1.036,-0.407,9.336,3.25
1425698282685,37.48989,139.933343,14,0.702,-0.243,8.439,3.25
1425698282781,37.48989,139.933347,14,0.413,-0.179,7.879,3.25
1425698282882,37.48989,139.933351,14,0.245,-0.312,8.81,3.25
1425698282982,37.489891,139.933355,14,0.499,-0.327,9.999,3.25
1425698283083,37.489891,139.933359,14,0.959,-0.45,10.362,3.25
1425698283184,37.489891,139.933363,14,1.434,-0.679,10.591,3.25
1425698283284,37.489891,139.933367,14,1.621,-0.668,10.224,3.25
1425698283381,37.489891,139.933371,14,1.527,-0.595,9.823,3.25
1425698283481,37.489889,139.933373,18,1.437,-0.469,9.33,3.277
1425698283581,37.48988,139.933368,18,1.243,-0.379,9.385,3.366
1425698283682,37.489872,139.933363,18,1.061,-0.257,9.533,3.458
1425698283783,37.489863,139.933357,18,0.909,-0.213,9.166,3.553
1425698283884,37.489854,139.933352,18,0.834,-0.255,9.181,3.651
1425698283984,37.489845,139.933346,18,0.801,-0.326,10.015,3.751
1425698284085,37.489836,139.933341,18,0.832,-0.281,9.632,3.854
1425698284181,37.489827,139.933335,18,0.87,-0.165,8.765,3.955
1425698284281,37.489817,139.933329,18,0.888,-0.194,8.594,4.062
1425698284382,37.489807,139.933323,18,1.004,-0.263,9.354,4.174
1425698284483,37.489798,139.933318,18,1.104,-0.339,10.1,4.266
1425698284584,37.489793,139.933314,18,1.223,-0.327,9.738,4.314
1425698284684,37.489787,139.93331,18,1.265,-0.251,9.327,4.362
1425698284785,37.489782,139.933306,18,1.279,-0.294,9.287,4.411
1425698284881,37.489776,139.933302,18,1.232,-0.303,9.556,4.459
1425698284981,37.489771,139.933298,18,1.186,-0.258,9.295,4.509
1425698285082,37.489765,139.933294,18,1.06,-0.151,8.617,4.56
1425698285183,37.489759,139.933289,18,1.017,-0.164,8.782,4.611
1425698285283,37.489753,139.933285,18,0.997,-0.312,9.509,4.663
1425698285384,37.489747,139.933281,18,0.976,-0.333,10.328,4.715
1425698285485,37.489741,139.933277,10,0.953,-0.38,9.958,4.75
1425698285581,37.489736,139.933273,10,0.889,-0.293,9.436,4.75
1425698285686,37.489731,139.933269,10,0.763,-0.316,9.245,4.75
1425698285782,37.489726,139.933265,10,0.745,-0.194,9.031,4.75
1425698285881,37.489721,139.933261,10,0.792,-0.13,8.767,4.75
1425698285983,37.489716,139.933257,10,0.858,-0.168,9.25,4.75
1425698286082,37.489711,139.933253,10,1.014,-0.302,9.956,4.75
1425698286185,37.489706,139.933249,10,1.096,-0.295,10.051,4.75
1425698286284,37.4897,139.933245,10,0.981,-0.225,9.448,4.75
1425698286381,37.489696,139.933241,10,0.797,-0.088,8.872,4.75
1425698286482,37.489691,139.933236,9,0.574,-0.046,8.602,4.758
1425698286583,37.489686,139.93323,9,0.432,-0.111,9.037,4.783
1425698286683,37.489682,139.933224,9,0.363,-0.325,9.987,4.807
1425698286784,37.489677,139.933218,9,0.491,-0.506,10.739,4.832
1425698286885,37.489673,139.933212,9,0.629,-0.438,10.098,4.857
1425698286985,37.489668,139.933206,9,0.766,-0.257,9.091,4.882
1425698287081,37.489664,139.9332,9,0.882,-0.161,8.74,4.906
1425698287182,37.489659,139.933194,9,1.105,-0.251,9.111,4.932
1425698287283,37.489655,139.933188,9,1.304,-0.371,9.883,4.957
1425698287383,37.48965,139.933182,9,1.423,-0.448,10.297,4.983
1425698287484,37.489647,139.933176,8,1.316,-0.46,10.022,4.991
1425698287585,37.489645,139.93317,8,1.071,-0.261,9.203,4.966
1425698287685,37.489644,139.933163,8,0.73,-0.022,8.282,4.94
1425698287781,37.489643,139.933157,8,0.363,0.134,8.062,4.916
1425698287882,37.489641,139.933151,8,0.299,-0.026,8.839,4.89
1425698287982,37.48964,139.933145,8,0.432,-0.257,10.272,4.865
1425698288083,37.489639,139.933139,8,0.588,-0.36,10.351,4.84
1425698288184,37.489637,139.933133,8,0.766,-0.245,9.428,4.815
1425698288285,37.489636,139.933127,8,0.822,-0.181,8.86,4.79
1425698288385,37.489635,139.933121,8,0.881,-0.087,9.06,4.766
1425698288481,37.489634,139.933115,5,0.739,-0.111,9.19,4.75
1425698288582,37.489633,139.933109,5,0.509,-0.221,9.943,4.75
1425698288682,37.489632,139.933104,5,0.113,-0.267,10.093,4.75
1425698288783,37.489632,139.933098,5,-0.355,-0.207,9.518,4.75
1425698288884,37.489631,139.933092,5,-0.571,-0.033,8.851,4.75
1425698288985,37.48963,139.933086,5,-0.431,0.03,8.769,4.75
1425698289085,37.48963,139.93308,5,-0.187,-0.033,9.269,4.75
1425698289181,37.489629,139.933075,5,0.156,-0.143,9.665,4.75
1425698289281,37.489628,139.933069,5,0.548,-0.124,9.786,4.75
1425698289382,37.489627,139.933063,5,0.854,-0.128,9.692,4.75
1425698291381,37.489607,139.932958,6,0.861,-0.125,9.695,4.732
1425698291482,37.489606,139.932952,6,0.344,0.024,9.145,4.742
1425698291583,37.489604,139.932947,6,0.124,0.039,9.514,4.716
1425698291683,37.489603,139.932942,6,0.022,0.073,9.849,4.691
1425698291784,37.489602,139.932936,6,0.011,0.13,9.438,4.665
1425698291885,37.489601,139.932931,6,-0.064,0.147,9.337,4.64
1425698291981,37.4896,139.932926,6,-0.227,0.115,9.321,4.616
1425698292081,37.489599,139.932921,6,-0.332,0.152,9.28,4.591
1425698292182,37.489598,139.932916,6,-0.41,0.122,9.141,4.566
1425698292283,37.489597,139.93291,6,-0.458,0.092,9.274,4.541
1425698292383,37.489596,139.932905,6,-0.547,0.037,9.542,4.516
1425698292484,37.489595,139.9329,4,-0.649,-0.01,9.74,4.5
1425698292585,37.489594,139.932895,4,-0.521,0.092,9.371,4.5
1425698292685,37.489593,139.93289,4,-0.299,0.058,9.233,4.5
1425698292781,37.489592,139.932884,4,-0.17,0.03,9.623,4.5
1425698292882,37.489591,139.932879,4,-0.224,-0.067,9.835,4.5
1425698292983,37.48959,139.932874,4,-0.302,0.007,9.481,4.5
1425698293083,37.489589,139.932868,4,-0.383,0.081,9.124,4.5
1425698293184,37.489588,139.932863,4,-0.508,0.086,9.356,4.5
1425698293285,37.489587,139.932858,4,-0.551,0.099,9.393,4.5
1425698296381,37.489561,139.932699,4,-0.517,0.08,9.334,4.5
1425698303381,37.489505,139.932328,4,-0.516,0.074,9.336,4.5
1425698303481,37.489506,139.932323,5,0.094,-0.17,9.397,4.5
1425698303582,37.489507,139.932318,5,0.579,-0.257,9.355,4.5
1425698303683,37.489509,139.932313,5,0.869,-0.246,9.28,4.5
1425698303783,37.489511,139.932309,5,1.103,-0.267,9.283,4.5
1425698303884,37.489512,139.932304,5,1.268,-0.313,9.463,4.5
1425698303985,37.489514,139.932299,5,1.309,-0.343,9.828,4.5
1425698304081,37.489516,139.932295,5,1.278,-0.312,9.88,4.5
1425698304181,37.489517,139.93229,5,1.242,-0.174,9.548,4.5
1425698304282,37.489519,139.932286,5,1.247,0.108,9.135,4.5
1425698304383,37.489521,139.932281,5,1.272,0.287,8.876,4.5
1425698304483,37.489523,139.932277,5,1.303,0.28,8.756,4.5
1425698304584,37.489526,139.932273,5,1.403,0.151,9.081,4.5
1425698304685,37.489529,139.932269,5,1.556,0.011,9.655,4.5
1425698304785,37.489532,139.932266,5,1.667,-0.126,9.742,4.5
1425698304881,37.489535,139.932262,5,1.648,-0.192,9.432,4.5
1425698304982,37.489538,139.932258,5,1.552,-0.245,8.901,4.5
1425698305083,37.489542,139.932255,5,1.504,-0.344,9.062,4.5
1425698305183,37.489545,139.932251,5,1.568,-0.563,9.722,4.5
1425698305284,37.489548,139.932247,5,1.767,-0.665,9.889,4.5
1425698305385,37.489551,139.932243,5,1.923,-0.692,9.624,4.5
1425698305485,37.489554,139.93224,5,1.893,-0.667,9.32,4.5
1425698305581,37.489558,139.932238,5,1.727,-0.576,9.084,4.5
1425698305682,37.489562,139.932235,5,1.418,-0.505,8.964,4.5
1425698305783,37.489566,139.932232,5,1.171,-0.438,9.127,4.5
1425698305883,37.489569,139.93223,5,1.088,-0.456,9.31,4.5
1425698305984,37.489573,139.932227,5,1.172,-0.456,9.231,4.5
1425698306085,37.489577,139.932224,5,1.271,-0.489,9.145,4.5
1425698306185,37.489581,139.932222,5,1.472,-0.627,9.608,4.5
1425698306281,37.489585,139.932219,5,1.705,-0.662,9.748,4.5
1425698306382,37.489588,139.932217,5,1.852,-0.698,9.559,4.5
1425698306483,37.489592,139.932214,6,1.859,-0.722,9.34,4.5
1425698306583,37.489597,139.932213,6,1.687,-0.72,9.157,4.5
1425698306684,37.489601,139.932211,6,1.458,-0.614,8.968,4.5
1425698306785,37.489606,139.932209,6,1.288,-0.622,9.17,4.5
1425698306885,37.48961,139.932208,6,1.373,-0.717,9.738,4.5
1425698306981,37.489614,139.932206,6,1.529,-0.774,9.891,4.5
1425698307082,37.489619,139.932204,6,1.647,-0.757,9.659,4.5
1425698307182,37.489623,139.932203,6,1.707,-0.709,9.371,4.5
1425698307283,37.489628,139.932201,6,1.76,-0.699,9.305,4.5
1425698307384,37.489632,139.932199,6,1.75,-0.632,9.13,4.5
1425698307484,37.489637,139.932198,6,1.598,-0.607,9.165,4.5
1425698307585,37.489641,139.932198,6,1.497,-0.663,9.914,4.5
1425698307681,37.489646,139.932199,6,1.457,-0.699,10.022,4.5
1425698307782,37.48965,139.932199,6,1.379,-0.574,9.426,4.5
1425698307882,37.489655,139.932199,6,1.287,-0.513,8.995,4.5
1425698307983,37.48966,139.9322,6,1.218,-0.438,9.101,4.5
1425698308084,37.489664,139.9322,6,1.122,-0.442,9.237,4.5
1425698308184,37.489669,139.9322,6,1.018,-0.394,9.336,4.5
1425698308285,37.489673,139.9322,6,0.867,-0.431,9.676,4.5
1425698308381,37.489678,139.932201,6,0.731,-0.416,9.998,4.5
1425698308482,37.489683,139.932201,6,0.629,-0.319,9.642,4.5
1425698308582,37.489687,139.932203,6,0.431,-0.143,8.65,4.5
1425698308683,37.489692,139.932205,6,0.251,-0.046,8.485,4.5
1425698308784,37.489697,139.932206,6,0.08,-0.078,8.889,4.5
1425698308884,37.489702,139.932208,6,0.078,-0.251,10.103,4.5
1425698308985,37.489707,139.932209,6,0.108,-0.399,10.754,4.5
1425698309081,37.489711,139.93221,6,0.218,-0.314,10.096,4.5
1425698309181,37.489716,139.932212,6,0.219,-0.084,9.142,4.5
1425698309282,37.489721,139.932213,6,0.171,-0.009,8.881,4.5
1425698309383,37.489726,139.932215,6,0.174,0.005,9.156,4.5
1425698309484,37.48973,139.932217,6,0.223,-0.026,9.181,4.5
1425698309584,37.489735,139.93222,6,0.272,-0.069,9.786,4.5
1425698309685,37.489739,139.932222,6,0.384,0.036,9.687,4.5
1425698309781,37.489743,139.932225,6,0.421,0.062,9.265,4.5
1425698309881,37.489747,139.932228,6,0.337,0.126,8.869,4.5
1425698309982,37.489751,139.93223,6,0.327,0.164,8.974,4.5
1425698310083,37.489756,139.932233,6,0.234,-0.035,9.653,4.5
1425698310183,37.48976,139.932236,6,0.257,-0.2,10.273,4.5
1425698310284,37.489764,139.932239,6,0.345,-0.108,9.991,4.5
1425698310385,37.489768,139.932241,6,0.324,-0.008,9.38,4.5
1425698310481,37.489772,139.932244,6,0.288,0.025,9.167,4.5
1425698310581,37.489776,139.932247,6,0.172,0.149,8.94,4.5
1425698310682,37.489781,139.932251,6,0.148,0.2,9.042,4.5
1425698310783,37.489785,139.932254,6,0.16,0.129,9.536,4.5
1425698310883,37.489789,139.932258,6,0.143,-0.021,9.597,4.5
1425698310984,37.489793,139.932261,6,0.086,-0.257,9.265,4.5
1425698311085,37.489797,139.932265,6,-0.009,-0.301,8.965,4.5
1425698311186,37.489801,139.932268,6,-0.103,-0.271,9.552,4.5
1425698311281,37.489805,139.932271,6,-0.109,-0.216,9.809,4.5
1425698311382,37.489809,139.932275,6,-0.094,-0.25,9.547,4.5
1425698311483,37.489813,139.932278,6,-0.128,-0.281,9.189,4.463
1425698311583,37.489816,139.93228,6,-0.12,-0.289,9.285,4.353
1425698311684,37.489819,139.932282,6,-0.095,-0.305,9.878,4.244
1425698311785,37.489822,139.932285,6,-0.084,-0.213,9.61,4.137
1425698311885,37.489825,139.932287,6,-0.056,-0.121,8.966,4.034
1425698311981,37.489828,139.932289,6,-0.015,-0.071,8.656,3.938
1425698312082,37.489831,139.932291,6,-0.094,-0.173,9.332,3.839
1425698312183,37.489833,139.932293,6,-0.203,-0.253,10.018,3.743
1425698312283,37.489836,139.932295,6,-0.337,-0.38,9.988,3.65
1425698312384,37.489838,139.932297,6,-0.48,-0.383,9.628,3.558
1425698312485,37.489841,139.932299,4,-0.533,-0.243,9.227,3.459
1425698312585,37.489843,139.9323,4,-0.538,-0.125,9.014,3.346
1425698312681,37.489845,139.932302,4,-0.548,-0.109,9.233,3.239
1425698312782,37.489848,139.932303,4,-0.526,-0.168,9.382,3.131
1425698312882,37.48985,139.932305,4,-0.532,-0.277,9.468,3.027
1425698312983,37.489852,139.932306,4,-0.568,-0.338,9.842,2.926
1425698313084,37.489854,139.932307,4,-0.577,-0.267,9.745,2.827
1425698313185,37.489856,139.932309,4,-0.649,-0.173,9.34,2.733
1425698313285,37.489858,139.93231,4,-0.787,-0.12,9.005,2.642
1425698313381,37.48986,139.932311,4,-0.946,-0.246,9.388,2.558
1425698313482,37.489862,139.932312,4,-1.112,-0.33,9.741,2.5
1425698313582,37.489864,139.932313,4,-1.167,-0.345,9.439,2.5
1425698313683,37.489867,139.932313,4,-1.101,-0.388,9.508,2.5
1425698313784,37.48987,139.932314,4,-0.959,-0.488,10.262,2.5
1425698313885,37.489872,139.932314,4,-0.79,-0.489,10.337,2.5
1425698313985,37.489875,139.932315,4,-0.69,-0.428,9.894,2.5
1425698314086,37.489878,139.932315,4,-0.61,-0.269,9.378,2.5
1425698314182,37.48988,139.932316,4,-0.578,-0.081,8.885,2.5
1425698314281,37.489883,139.932316,4,-0.536,0.049,8.594,2.5
1425698314383,37.489885,139.932317,4,-0.559,0.077,8.828,2.5
1425698314482,37.489888,139.932317,4,-0.688,0.055,9.259,2.508
1425698314584,37.48989,139.932316,4,-0.811,0.139,9.493,2.532
1425698314681,37.489893,139.932315,4,-0.967,0.239,9.552,2.556
1425698314781,37.489896,139.932315,4,-1.157,0.419,9.623,2.58
1425698314882,37.489898,139.932314,4,-1.213,0.746,9.719,2.605
1425698314982,37.489901,139.932313,4,-1.046,1.085,9.314,2.63
1425698315083,37.489904,139.932313,4,-0.983,1.288,8.903,2.655
1425698315184,37.489907,139.932312,4,-1.082,1.382,8.152,2.681
1425698315284,37.489909,139.932311,4,-1.08,1.329,8.154,2.707
1425698315385,37.489912,139.93231,4,-1.048,1.119,8.842,2.733
1425698315481,37.489915,139.932309,4,-1.066,0.891,9.517,2.75
1425698315581,37.489917,139.932307,4,-1.205,0.73,9.912,2.75
1425698315682,37.48992,139.932304,4,-1.405,0.72,9.689,2.75
1425698315783,37.489922,139.932302,4,-1.635,0.766,9.233,2.75
1425698315884,37.489924,139.932299,4,-1.86,0.732,8.943,2.75
1425698315984,37.489927,139.932297,4,-2.096,0.686,8.701,2.75
1425698316085,37.489929,139.932294,4,-2.339,0.443,8.888,2.75
1425698316181,37.489932,139.932292,4,-2.506,0.066,9.729,2.75
1425698316281,37.489934,139.932289,4,-2.326,-0.166,10.118,2.75
1425698316382,37.489936,139.932287,4,-1.981,-0.251,9.822,2.75
1425698316483,37.489939,139.932284,4,-1.748,-0.279,9.707,2.75
1425698316583,37.48994,139.93228,4,-1.675,-0.221,9.801,2.75
1425698316684,37.489942,139.932277,4,-1.768,-0.156,9.77,2.75
1425698316785,37.489944,139.932274,4,-1.892,-0.114,9.337,2.75
1425698316881,37.489946,139.93227,4,-2.05,-0.06,9.012,2.75
1425698316981,37.489948,139.932267,4,-2.166,0.001,8.862,2.75
1425698317082,37.489949,139.932264,4,-2.169,0.071,8.757,2.75
1425698317183,37.489951,139.93226,4,-2.167,0.05,8.939,2.75
1425698317283,37.489953,139.932257,4,-2.185,-0.074,9.234,2.75
1425698317384,37.489955,139.932253,4,-2.184,-0.222,9.61,2.75
1425698317485,37.489957,139.93225,5,-2.044,-0.279,9.76,2.766
1425698317586,37.489958,139.932246,5,-1.735,-0.219,9.469,2.813
1425698317681,37.489959,139.932242,5,-1.398,-0.148,9.087,2.858
1425698317782,37.489961,139.932238,5,-1.063,-0.082,8.999,2.907
1425698317883,37.489963,139.932234,5,-0.788,-0.067,9.259,2.956
1425698317983,37.489964,139.932231,5,-0.619,-0.096,9.656,3.006
1425698318084,37.489966,139.932226,5,-0.524,-0.115,9.687,3.057
1425698318185,37.489967,139.932222,5,-0.45,-0.075,9.491,3.109
1425698318285,37.489969,139.932218,5,-0.387,0.029,9.234,3.162
1425698318381,37.489971,139.932214,5,-0.408,0.082,9.165,3.213
1425698318482,37.489972,139.932209,5,-0.38,0.105,9.322,3.278
1425698318583,37.489974,139.932204,5,-0.294,0.086,9.374,3.368
1425698318683,37.489975,139.932199,5,-0.2,0.083,9.345,3.459
1425698318784,37.489976,139.932194,5,-0.108,0.087,9.374,3.554
1425698318885,37.489978,139.932188,5,-0.048,0.072,9.378,3.652
1425698318985,37.489979,139.932183,5,0.009,0.05,9.454,3.752
1425698319081,37.48998,139.932177,5,0.044,0.032,9.471,3.85
1425698319182,37.489982,139.932171,5,0.048,0.057,9.378,3.956
1425698319282,37.489983,139.932165,5,0.01,0.049,9.236,4.063
1425698319383,37.489985,139.932159,5,-0.022,0.04,9.271,4.175
1425698319484,37.489986,139.932153,5,-0.047,-0.017,9.549,4.258
1425698319585,37.489987,139.932147,5,-0.05,-0.004,9.683,4.283
1425698319685,37.489988,139.932142,5,-0.037,-0.001,9.501,4.307
1425698319781,37.489989,139.932136,5,-0.041,0.062,9.201,4.331
1425698319882,37.48999,139.93213,5,-0.067,0.076,9.088,4.356
1425698319982,37.489991,139.932125,5,-0.1,0.016,9.496,4.381
1425698320083,37.489992,139.932119,5,-0.109,-0.032,9.806,4.407
1425698320184,37.489993,139.932113,5,-0.115,-0.032,9.773,4.432
1425698320285,37.489993,139.932107,5,-0.094,0.043,9.366,4.458
1425698327379,37.490044,139.931655,5,-0.019,0.118,8.922,5.5
1425698327384,37.490044,139.931655,5,-0.012,0.116,8.915,5.5
1425698327485,37.490044,139.931649,3,-0.065,0.06,8.763,5.5
1425698327581,37.490046,139.931643,3,-0.078,-0.057,9.364,5.5
1425698327682,37.490047,139.931637,3,-0.074,-0.18,9.886,5.5
1425698327782,37.490048,139.931631,3,-0.121,-0.262,9.799,5.5
1425698327883,37.490049,139.931625,3,-0.158,-0.133,8.915,5.5
1425698327984,37.49005,139.931619,3,-0.054,-0.01,9.072,5.5
1425698328084,37.490052,139.931613,3,-0.028,-0.118,9.795,5.5
1425698328185,37.490053,139.931607,3,-0.087,-0.185,9.733,5.5
1425698328281,37.490054,139.931601,3,-0.116,-0.158,9.445,5.5
1425698328387,37.490055,139.931595,3,-0.14,-0.102,9.225,5.5
1425698328482,37.490056,139.931589,4,-0.145,0.003,9.017,5.483
1425698328581,37.490057,139.931583,4,-0.16,-0.037,9.035,5.432
1425698328684,37.490057,139.931576,4,-0.231,-0.183,9.4,5.379
1425698328783,37.490058,139.93157,4,-0.228,-0.178,9.72,5.328
1425698328885,37.490058,139.931563,4,-0.161,-0.17,9.522,5.277
1425698328981,37.490059,139.931557,4,-0.1,-0.113,9.245,5.229
1425698329081,37.490059,139.931551,4,-0.113,-0.089,9.292,5.179
1425698329182,37.49006,139.931545,4,-0.16,-0.121,9.412,5.129
1425698329283,37.49006,139.931539,4,-0.167,-0.12,9.47,5.08
1425698329383,37.490061,139.931533,4,-0.13,-0.111,9.351,5.032
1425698329484,37.490061,139.931527,4,-0.078,-0.104,9.297,5.0
1425698329585,37.490062,139.931522,4,-0.033,-0.118,9.487,5.0
1425698329681,37.490062,139.931516,4,-0.041,-0.106,9.422,5.0
1425698329781,37.490063,139.931511,4,-0.072,-0.087,9.317,5.0
1425698329882,37.490064,139.931505,4,-0.075,-0.043,9.402,5.0
1425698329983,37.490064,139.9315,4,-0.054,-0.01,9.44,5.0
1425698330083,37.490065,139.931494,4,-0.009,0.01,9.463,5.0
1425698330184,37.490065,139.931489,4,0.069,0.106,9.583,5.0
1425698330285,37.490066,139.931483,4,0.079,0.119,9.589,5.0
1425698330381,37.490067,139.931478,4,0.081,0.177,9.326,5.0
1425698334379,37.490096,139.931233,4,0.083,0.18,9.317,5.517
1425698334384,37.490096,139.931233,4,0.086,0.181,9.306,5.516
1425698334484,37.490097,139.931227,4,0.149,0.262,8.957,5.491
1425698334585,37.490098,139.931221,4,0.106,0.158,8.913,5.466
1425698334681,37.490099,139.931216,4,-0.045,0.041,9.143,5.441
1425698334781,37.490099,139.93121,4,-0.306,-0.058,9.633,5.416
1425698334882,37.4901,139.931204,4,-0.184,-0.059,9.52,5.391
1425698334983,37.490101,139.931198,4,0.101,-0.069,8.972,5.365
1425698335084,37.490101,139.931193,4,0.241,-0.109,9.044,5.34
1425698335184,37.490102,139.931187,4,0.233,-0.2,9.704,5.315
1425698335285,37.490103,139.931181,4,0.161,-0.258,9.96,5.29
1425698335381,37.490104,139.931176,4,0.115,-0.207,9.561,5.267
1425698335481,37.490105,139.93117,4,0.056,-0.14,9.163,5.25
1425698335582,37.490106,139.931165,4,0.017,-0.118,9.123,5.25
1425698335683,37.490108,139.93116,4,-0.012,-0.123,9.292,5.25
1425698335783,37.49011,139.931155,4,-0.015,-0.177,9.47,5.25
1425698335884,37.490111,139.931149,4,0.03,-0.201,9.633,5.25
1425698335985,37.490113,139.931144,4,0.106,-0.149,9.442,5.25
1425698336081,37.490115,139.931139,4,0.144,-0.115,9.242,5.25
1425698336181,37.490116,139.931134,4,0.172,-0.151,9.291,5.25
1425698336282,37.490118,139.931129,4,0.149,-0.183,9.434,5.25
1425698336383,37.49012,139.931123,4,0.111,-0.158,9.415,5.25
1425698336483,37.490121,139.931118,5,0.074,-0.175,9.434,5.242
1425698336584,37.490121,139.931113,5,0.086,-0.19,9.495,5.216
1425698336685,37.490122,139.931107,5,0.124,-0.167,9.399,5.19
1425698336785,37.490122,139.931102,5,0.103,-0.15,9.25,5.165
1425698336881,37.490122,139.931097,5,0.057,-0.152,9.278,5.141
1425698336982,37.490123,139.931091,5,0.06,-0.167,9.294,5.115
1425698337083,37.490123,139.931086,5,0.153,-0.231,9.531,5.09
1425698337183,37.490123,139.931081,5,0.202,-0.25,9.596,5.066
1425698337284,37.490124,139.931076,5,0.128,-0.266,9.242,5.041
1425698337385,37.490124,139.93107,5,0.163,-0.369,9.356,5.016
1425698337485,37.490124,139.931065,5,0.255,-0.469,9.703,4.991
1425698337581,37.490125,139.93106,5,0.243,-0.472,9.228,4.967
1425698337682,37.490125,139.931055,5,0.205,-0.62,9.551,4.941
1425698337783,37.490125,139.93105,5,0.186,-0.743,9.69,4.915
1425698337883,37.490126,139.931045,5,0.108,-0.843,9.443,4.89
1425698337984,37.490126,139.931041,5,0.059,-0.856,9.245,4.865
1425698338085,37.490127,139.931036,5,0.046,-0.921,9.421,4.84
1425698338185,37.490127,139.931031,5,0.209,-1.014,9.553,4.815
1425698338281,37.490127,139.931026,5,0.226,-1.06,9.82,4.791
1425698338382,37.490128,139.931021,5,0.249,-0.955,9.133,4.767
1425698338482,37.490128,139.931017,5,0.264,-1.033,9.246,4.714
1425698338583,37.490128,139.931012,5,0.198,-1.052,9.637,4.603
1425698338684,37.490128,139.931008,5,0.171,-1.03,9.594,4.495
1425698338784,37.490128,139.931004,5,0.149,-1.021,9.388,4.39
1425698338885,37.490128,139.930999,5,0.07,-1.002,9.411,4.286
1425698338981,37.490129,139.930996,5,0.029,-1.01,9.416,4.19
1425698339082,37.490129,139.930992,5,0.016,-0.973,9.217,4.091
1425698339182,37.490129,139.930988,5,0.044,-1.017,9.05,3.995
1425698339283,37.490129,139.930984,5,0.167,-1.011,9.368,3.901
1425698339384,37.490129,139.93098,5,0.283,-1.08,9.793,3.809
1425698339484,37.490129,139.930977,5,0.37,-1.03,9.808,3.718
1425698339585,37.49013,139.930974,5,0.308,-0.949,9.361,3.625
1425698339681,37.490131,139.930971,5,0.135,-0.917,8.959,3.538
1425698339782,37.490132,139.930968,5,-0.004,-0.917,9.098,3.449
1425698339882,37.490133,139.930965,5,-0.061,-0.909,9.511,3.362
1425698339983,37.490133,139.930962,5,0.012,-0.854,9.672,3.277
1425698340084,37.490134,139.930959,5,0.164,-0.739,9.489,3.193
1425698340184,37.490135,139.930957,5,0.256,-0.613,9.282,3.112
1425698340285,37.490136,139.930954,5,0.319,-0.536,9.326,3.033
1425698340381,37.490136,139.930952,5,0.368,-0.484,9.488,2.958
1425698340482,37.490137,139.930949,5,0.343,-0.446,9.537,2.882
1425698340582,37.490138,139.930947,5,0.226,-0.458,9.483,2.809
1425698340683,37.490138,139.930944,5,0.17,-0.508,9.29,2.737
1425698340784,37.490139,139.930942,5,0.157,-0.621,9.294,2.666
1425698340884,37.49014,139.93094,5,0.132,-0.701,9.419,2.598
1425698340985,37.49014,139.930937,5,0.082,-0.732,9.404,2.532
1425698341081,37.490141,139.930935,5,0.069,-0.796,9.386,2.47
1425698341181,37.490142,139.930933,5,0.09,-0.989,9.354,2.408
1425698341282,37.490142,139.930931,5,0.13,-1.257,9.369,2.347
1425698341383,37.490143,139.930929,5,0.147,-1.496,9.457,2.288
1425698341484,37.490143,139.930927,5,0.126,-1.646,9.524,2.22
1425698341584,37.490143,139.930925,5,0.061,-1.708,9.489,2.132
1425698341685,37.490143,139.930924,5,-0.004,-1.721,9.367,2.047
1425698341781,37.490143,139.930922,5,-0.013,-1.718,9.298,1.969
1425698341881,37.490143,139.93092,5,0.023,-1.719,9.341,1.89
1425698341982,37.490143,139.930919,5,0.04,-1.762,9.454,1.814
1425698342083,37.490143,139.930917,5,0.073,-1.771,9.484,1.74
1425698342183,37.490143,139.930916,5,0.087,-1.779,9.372,1.671
1425698342284,37.490143,139.930914,5,0.075,-1.791,9.323,1.604
1425698342385,37.490143,139.930913,5,0.085,-1.783,9.442,1.54
1425698342486,37.490143,139.930912,4,0.113,-1.365,9.71,1.394
1425698342581,37.490143,139.930912,4,0.141,-0.711,9.82,1.133
1425698342687,37.490142,139.930913,4,0.152,-0.144,9.437,0.873
1425698342783,37.490142,139.930913,4,0.131,0.098,8.985,0.667
1425698342882,37.490142,139.930913,4,0.115,0.168,8.878,0.484
1425698342984,37.490141,139.930914,4,0.124,0.109,9.263,0.326
1425698343083,37.490141,139.930914,4,0.165,0.059,9.679,0.202
1425698343185,37.490141,139.930914,4,0.175,0.061,9.678,0.105
1425698343281,37.490141,139.930914,4,0.169,0.093,9.387,0.043
1425698343382,37.490141,139.930914,4,0.145,0.11,9.194,0.007
1425698344585,37.490137,139.930911,4,0.155,0.022,9.479,0.005
1425698344681,37.490137,139.930911,4,0.142,0.019,9.442,0.013
1425698344782,37.490137,139.930911,4,0.133,0.03,9.375,0.028
1425698344882,37.490137,139.930911,4,0.131,0.032,9.378,0.047
1425698344983,37.490137,139.930911,4,0.141,0.023,9.443,0.071
1425698345084,37.490137,139.930911,4,0.139,0.015,9.458,0.1
1425698345185,37.490137,139.93091,4,0.14,0.03,9.412,0.135
1425698345285,37.490137,139.93091,4,0.151,0.041,9.371,0.174
1425698345381,37.490137,139.93091,4,0.155,0.045,9.396,0.217
1425698345482,37.490137,139.93091,4,0.158,0.049,9.457,0.25
1425698345582,37.490137,139.93091,4,0.149,0.038,9.451,0.25
1425698345683,37.490136,139.93091,4,0.147,0.038,9.406,0.25
1425698345784,37.490136,139.93091,4,0.161,0.069,9.403,0.25
1425698345885,37.490136,139.93091,4,0.16,0.063,9.442,0.25
1425698345985,37.490135,139.930909,4,0.154,0.045,9.46,0.25
1425698346081,37.490135,139.930909,4,0.163,0.046,9.436,0.25
1425698346182,37.490135,139.930909,4,0.17,0.044,9.411,0.25
1425698346282,37.490135,139.930909,4,0.168,0.032,9.413,0.25
1425698346383,37.490134,139.930909,4,0.155,0.028,9.419,0.25
1425698366379,37.490262,139.929717,5,0.157,0.034,9.421,7.517
1425698366384,37.490262,139.929716,5,0.156,0.037,9.417,7.516
1425698366484,37.490263,139.929708,7,0.086,-0.054,9.311,7.5
1425698366585,37.490265,139.9297,7,0.01,-0.253,9.958,7.5
1425698366681,37.490266,139.929692,7,-0.04,-0.235,9.774,7.5
1425698366781,37.490267,139.929684,7,-0.129,-0.131,9.286,7.5
1425698366882,37.490268,139.929675,7,-0.19,-0.119,9.155,7.5
1425698366983,37.490269,139.929667,7,-0.122,-0.168,9.273,7.5
1425698367084,37.490271,139.929658,7,-0.093,-0.205,9.618,7.5
1425698367184,37.490272,139.92965,7,-0.047,-0.196,9.575,7.5
1425698367285,37.490273,139.929642,7,-0.037,-0.224,9.429,7.5
1425698367381,37.490274,139.929634,7,0.028,-0.181,9.448,7.5
1425698367481,37.490275,139.929625,8,0.069,-0.206,9.448,7.5
1425698367582,37.490276,139.929615,8,0.114,-0.18,9.286,7.5
1425698367683,37.490276,139.929604,8,0.127,-0.189,9.38,7.5
1425698367783,37.490276,139.929594,8,0.111,-0.197,9.554,7.5
1425698367884,37.490277,139.929584,8,0.083,-0.16,9.423,7.5
1425698367985,37.490277,139.929574,8,0.057,-0.083,9.223,7.5
1425698368081,37.490278,139.929564,8,0.027,-0.082,9.161,7.5
1425698368181,37.490278,139.929554,8,0.045,-0.139,9.511,7.5
1425698368282,37.490278,139.929544,8,0.057,-0.15,9.54,7.5
1425698368383,37.490279,139.929534,8,0.077,-0.139,9.403,7.5
1425698368483,37.490279,139.929524,8,0.106,-0.088,9.275,7.492
1425698368584,37.49028,139.929516,8,0.106,-0.079,9.256,7.466
1425698368685,37.490282,139.929507,8,0.149,-0.068,9.366,7.44
1425698368785,37.490283,139.929499,8,0.11,-0.153,9.59,7.415
1425698368881,37.490284,139.929491,8,0.139,-0.082,9.473,7.391
1425698368982,37.490285,139.929483,8,0.185,-0.066,9.407,7.366
1425698369083,37.490286,139.929475,8,0.157,-0.073,9.309,7.341
1425698369183,37.490287,139.929467,8,0.154,-0.044,9.365,7.316
1425698369284,37.490288,139.929458,8,0.132,-0.065,9.541,7.291
1425698369385,37.490289,139.92945,8,0.161,-0.116,9.613,7.266
1425698369485,37.490291,139.929442,7,0.237,-0.137,9.681,7.241
1425698369581,37.490292,139.929435,7,0.343,-0.131,9.535,7.217
1425698369682,37.490294,139.929427,7,0.437,-0.032,9.316,7.191
1425698369782,37.490295,139.929419,7,0.434,-0.055,9.241,7.166
1425698369883,37.490297,139.929411,7,0.388,-0.045,9.283,7.141
1425698369984,37.490298,139.929403,7,0.344,-0.098,9.481,7.115
1425698370085,37.4903,139.929395,7,0.302,-0.175,9.417,7.09
1425698370185,37.490301,139.929387,7,0.249,-0.218,9.305,7.065
1425698370281,37.490302,139.92938,7,0.201,-0.187,9.26,7.042
1425698370382,37.490304,139.929372,7,0.158,-0.17,9.323,7.017
1425698370482,37.490306,139.929365,10,0.168,-0.167,9.202,6.992
1425698370583,37.490309,139.929358,10,0.134,-0.225,9.384,6.966
1425698370684,37.490312,139.929352,10,0.12,-0.203,9.621,6.941
1425698370784,37.490315,139.929346,10,0.124,-0.227,9.607,6.915
1425698370885,37.490318,139.929339,10,0.103,-0.252,9.64,6.89
1425698370981,37.490321,139.929333,10,0.105,-0.217,9.497,6.866
1425698371087,37.490324,139.929327,10,0.059,-0.245,9.538,6.84
1425698371182,37.490327,139.929321,10,0.061,-0.266,9.694,6.816
1425698371281,37.49033,139.929314,10,0.154,-0.173,9.345,6.792
1425698371384,37.490333,139.929308,10,0.148,-0.184,9.291,6.766
1425698371483,37.490335,139.929301,10,0.133,-0.156,9.311,6.75
1425698371585,37.490336,139.929294,10,0.116,-0.154,9.299,6.75
1425698371681,37.490337,139.929286,10,0.228,-0.148,9.359,6.75
1425698371782,37.490338,139.929279,10,0.16,-0.222,9.858,6.75
1425698371882,37.490339,139.929271,10,-0.012,-0.269,9.658,6.75
1425698371983,37.49034,139.929263,10,-0.019,-0.194,9.348,6.75
1425698372084,37.490341,139.929256,10,0.073,-0.175,9.24,6.75
1425698372184,37.490342,139.929248,10,0.058,-0.149,9.272,6.75
1425698372285,37.490343,139.929241,10,0.002,-0.27,9.631,6.75
1425698372381,37.490344,139.929233,10,-0.041,-0.223,9.389,6.75
1425698372481,37.490346,139.929225,9,-0.055,-0.172,9.25,6.75
1425698372582,37.490348,139.929217,9,-0.062,-0.221,9.424,6.75
1425698372683,37.490351,139.929209,9,-0.049,-0.221,9.629,6.75
1425698372784,37.490353,139.9292,9,-0.039,-0.149,9.452,6.75
1425698372884,37.490355,139.929192,9,-0.015,-0.216,9.428,6.75
1425698372985,37.490358,139.929184,9,0.001,-0.166,9.72,6.75
1425698373081,37.49036,139.929176,9,-0.114,-0.225,9.772,6.75
1425698373181,37.490363,139.929167,9,-0.079,-0.202,9.513,6.75
1425698373282,37.490365,139.929159,9,0.015,-0.087,9.187,6.75
1425698373383,37.490367,139.929151,9,-0.001,-0.099,9.191,6.75
1425698373483,37.49037,139.929143,9,0.014,-0.1,9.492,6.733
1425698373584,37.490371,139.929136,9,-0.037,-0.24,9.809,6.681
1425698373685,37.490373,139.929129,9,0.032,-0.166,9.492,6.629
1425698373781,37.490375,139.929122,9,0.03,-0.095,9.183,6.58
1425698373881,37.490377,139.929115,9,-0.044,0.021,8.839,6.53
1425698373982,37.490379,139.929109,9,-0.117,0.024,8.784,6.479
1425698374083,37.490381,139.929102,9,-0.125,-0.175,9.43,6.429
1425698374183,37.490382,139.929095,9,-0.084,-0.248,9.593,6.38
1425698374284,37.490384,139.929089,9,-0.092,-0.293,9.377,6.33
1425698374385,37.490386,139.929082,9,-0.074,-0.282,9.504,6.281
1425698374481,37.490387,139.929076,8,-0.043,-0.268,9.725,6.25
1425698374581,37.490388,139.929069,8,-0.02,-0.247,9.72,6.25
1425698374682,37.490389,139.929062,8,0.083,-0.154,9.488,6.25
1425698374783,37.490389,139.929055,8,0.216,-0.026,9.169,6.25
1425698374883,37.49039,139.929048,8,0.332,-0.085,9.258,6.25
1425698374984,37.490391,139.929041,8,0.476,-0.122,9.528,6.25
1425698375085,37.490391,139.929034,8,0.532,-0.14,9.546,6.25
1425698375185,37.490392,139.929027,8,0.502,-0.087,9.294,6.25
1425698375281,37.490393,139.929021,8,0.488,-0.082,9.403,6.25
1425698375382,37.490394,139.929014,8,0.547,-0.079,9.876,6.25
1425698383383,37.490442,139.928471,4,0.544,-0.082,9.907,6.0
1425698383484,37.490442,139.928465,4,0.274,-0.089,9.717,6.0
1425698383585,37.490443,139.928458,4,0.106,-0.099,9.514,6.0
1425698383685,37.490444,139.928452,4,0.085,-0.152,9.708,6.0
1425698383781,37.490444,139.928445,4,0.059,-0.21,9.769,6.0
1425698383882,37.490445,139.928439,4,0.071,-0.15,9.515,6.0
1425698383982,37.490446,139.928432,4,-0.012,-0.103,9.189,6.0
1425698384083,37.490446,139.928426,4,-0.123,-0.098,9.2,6.0
1425698384184,37.490447,139.928419,4,-0.131,-0.13,9.469,6.0
1425698384284,37.490448,139.928413,4,0.016,-0.201,10.001,6.0
1425698384385,37.490449,139.928406,4,0.072,-0.243,9.954,6.0
1425698384481,37.490449,139.9284,6,0.191,-0.184,9.563,6.0
1425698384581,37.49045,139.928393,6,0.238,-0.101,9.133,6.0
1425698384682,37.490451,139.928387,6,0.257,-0.024,9.043,6.0
1425698384783,37.490451,139.92838,6,0.162,-0.082,9.26,6.0
1425698384884,37.490452,139.928373,6,0.151,-0.066,9.378,6.0
1425698384984,37.490453,139.928367,6,0.186,-0.132,9.489,6.0
1425698385085,37.490453,139.92836,6,0.283,-0.115,9.408,6.0
1425698385186,37.490454,139.928353,6,0.35,-0.173,9.504,6.0
1425698385281,37.490455,139.928347,6,0.284,-0.176,9.667,6.0
1425698385381,37.490456,139.928341,6,0.18,-0.122,9.574,6.0
1425698385483,37.490456,139.928334,6,0.043,-0.082,9.254,5.983
1425698385582,37.490458,139.928327,6,-0.008,-0.07,9.186,5.932
1425698385684,37.490459,139.92832,6,-0.011,-0.083,9.423,5.879
1425698385783,37.490461,139.928313,6,0.029,-0.092,9.336,5.829
1425698385881,37.490462,139.928306,6,0.063,-0.05,9.244,5.779
1425698385981,37.490464,139.9283,6,0.136,-0.083,9.424,5.729
1425698386082,37.490465,139.928293,6,0.194,-0.081,9.527,5.679
1425698386183,37.490466,139.928286,6,0.202,-0.16,9.584,5.629
1425698386283,37.490468,139.92828,6,0.249,-0.11,9.453,5.58
1425698388383,37.490466,139.928133,7,0.218,-0.088,9.381,5.5
1425698388484,37.490466,139.928125,5,0.065,-0.101,9.541,5.491
1425698388585,37.490467,139.928118,5,-0.036,-0.057,9.491,5.466
1425698388685,37.490467,139.928111,5,-0.026,-0.005,9.322,5.44
1425698388781,37.490467,139.928103,5,0.024,0.016,9.201,5.416
1425698388882,37.490468,139.928096,5,0.104,-0.005,9.413,5.391
1425698388982,37.490468,139.928089,5,0.123,-0.029,9.621,5.366
1425698389083,37.490469,139.928081,5,0.116,-0.003,9.51,5.34
1425698389184,37.490469,139.928074,5,0.148,0.05,9.215,5.315
1425698389285,37.490469,139.928067,5,0.105,0.025,9.374,5.29
1425698391379,37.49049,139.927939,5,0.062,-0.001,9.492,5.25
1425698391384,37.490491,139.927939,5,0.063,-0.005,9.487,5.25
1425698391485,37.490491,139.927934,7,0.059,-0.127,9.367,5.241
1425698391581,37.490492,139.927931,7,0.07,-0.223,9.3,5.217
1425698391681,37.490494,139.927928,7,0.094,-0.249,9.335,5.191
1425698391782,37.490495,139.927926,7,0.08,-0.301,9.549,5.166
1425698391883,37.490496,139.927923,7,0.063,-0.307,9.507,5.14
1425698391984,37.490497,139.92792,7,0.064,-0.296,9.273,5.115
1425698392084,37.490498,139.927917,7,0.112,-0.267,9.167,5.09
1425698392185,37.490499,139.927914,7,0.177,-0.317,9.438,5.065
1425698392281,37.4905,139.927912,7,0.166,-0.31,9.382,5.041
1425698392381,37.490501,139.927909,7,0.166,-0.296,9.284,5.017
1425698392482,37.490502,139.927905,7,0.191,-0.307,9.358,5.0
1425698392583,37.490503,139.9279,7,0.214,-0.342,9.576,5.0
1425698392683,37.490503,139.927894,7,0.275,-0.4,9.593,5.0
1425698392784,37.490504,139.927889,7,0.271,-0.401,9.472,5.0
1425698392885,37.490504,139.927884,7,0.272,-0.339,9.36,5.0
1425698392981,37.490505,139.927878,7,0.2,-0.371,9.484,5.0
1425698393081,37.490505,139.927873,7,0.237,-0.331,9.376,5.0
1425698393182,37.490506,139.927867,7,0.237,-0.379,9.439,5.0
1425698393283,37.490506,139.927862,7,0.29,-0.373,9.599,5.0
1425698393383,37.490507,139.927857,7,0.363,-0.365,9.431,5.0
1425698393484,37.490507,139.927851,6,0.382,-0.365,9.303,5.0
1425698393585,37.490508,139.927845,6,0.378,-0.372,9.403,5.0
1425698393681,37.490508,139.92784,6,0.341,-0.443,9.467,5.0
1425698393781,37.490509,139.927834,6,0.209,-0.486,9.409,5.0
1425698393882,37.49051,139.927829,6,0.118,-0.564,9.411,5.0
1425698393983,37.49051,139.927823,6,0.104,-0.657,9.461,5.0
1425698394083,37.490511,139.927818,6,0.156,-0.767,9.485,5.0
1425698394184,37.490511,139.927812,6,0.237,-0.829,9.434,5.0
1425698394285,37.490512,139.927806,6,0.324,-0.891,9.436,5.0
1425698394385,37.490513,139.927801,6,0.279,-0.947,9.525,5.0
1425698394481,37.490513,139.927798,10,0.168,-0.932,9.358,4.911
1425698394582,37.490513,139.9278,10,0.085,-0.931,9.347,4.628
1425698394683,37.490512,139.927803,10,0.07,-0.933,9.443,4.359
1425698394783,37.490512,139.927805,10,0.089,-0.93,9.392,4.106
1425698394884,37.490512,139.927807,10,0.086,-0.923,9.319,3.863
1425698394985,37.490512,139.927809,10,0.097,-0.904,9.305,3.634
1425698395085,37.490512,139.927811,10,0.185,-0.929,9.312,3.42
1425698395181,37.490511,139.927813,10,0.298,-0.965,9.345,3.227
1425698395282,37.490511,139.927814,10,0.353,-0.98,9.419,3.037
1425698395382,37.490511,139.927816,10,0.392,-1.005,9.508,2.862
1425698395483,37.490511,139.927815,10,0.379,-0.988,9.475,2.721
1425698395584,37.490512,139.92781,10,0.305,-0.981,9.181,2.636
1425698395685,37.490513,139.927805,10,0.251,-1.026,9.237,2.552
1425698395785,37.490514,139.9278,10,0.187,-1.088,9.59,2.472
1425698395881,37.490514,139.927796,10,0.124,-1.111,9.617,2.398
1425698395982,37.490515,139.927791,10,0.158,-1.109,9.438,2.322
1425698396082,37.490516,139.927787,10,0.295,-1.128,9.382,2.248
1425698396183,37.490516,139.927783,10,0.435,-1.099,9.29,2.177
1425698396284,37.490517,139.927778,10,0.453,-1.122,9.327,2.108
1425698396385,37.490518,139.927774,10,0.36,-1.144,9.45,2.042
1425698396485,37.490518,139.927771,6,0.237,-1.129,9.468,2.0
1425698396581,37.490518,139.927769,6,0.158,-1.113,9.408,2.0
1425698396682,37.490518,139.927767,6,0.11,-1.087,9.345,2.0
1425698396782,37.490519,139.927765,6,0.123,-1.093,9.404,2.0
1425698396883,37.490519,139.927762,6,0.178,-1.129,9.463,2.0
1425698396984,37.490519,139.92776,6,0.209,-1.168,9.435,2.0
1425698397084,37.490519,139.927758,6,0.182,-1.18,9.452,2.0
1425698397185,37.490519,139.927756,6,0.14,-1.188,9.433,2.0
1425698397281,37.49052,139.927754,6,0.112,-1.181,9.394,2.0
1425698397381,37.49052,139.927752,6,0.106,-1.175,9.385,2.0
1425698397482,37.49052,139.927749,5,0.12,-1.195,9.359,1.874
1425698397583,37.490519,139.927747,5,0.166,-1.197,9.404,1.503
1425698397684,37.490519,139.927744,5,0.197,-1.211,9.455,1.174
1425698397784,37.490518,139.927742,5,0.207,-1.213,9.445,0.887
1425698397885,37.490518,139.92774,5,0.185,-1.222,9.37,0.638
1425698397981,37.490518,139.927739,5,0.157,-1.205,9.396,0.44
1425698398081,37.490517,139.927738,5,0.17,-0.832,9.625,0.272
1425698398182,37.490517,139.927737,5,0.207,-0.361,9.667,0.144
1425698398283,37.490517,139.927736,5,0.245,-0.012,9.393,0.056
1425698398384,37.490517,139.927736,5,0.261,0.151,9.085,0.009
1425698398585,37.490517,139.927736,6,0.228,0.055,9.38,0.005
1425698398681,37.490517,139.927736,6,0.215,-0.103,9.57,0.013
1425698398781,37.490517,139.927737,6,0.21,-0.205,9.532,0.027
1425698398882,37.490517,139.927737,6,0.224,-0.137,9.443,0.047
1425698398983,37.490518,139.927738,6,0.235,0.014,9.405,0.071
1425698399084,37.490518,139.927739,6,0.235,0.092,9.347,0.1
1425698399184,37.490518,139.92774,6,0.225,0.033,9.317,0.135
1425698399285,37.490518,139.927742,6,0.23,-0.034,9.424,0.174
1425698399381,37.490519,139.927743,6,0.236,-0.077,9.5,0.217
1425698399486,37.490519,139.927744,6,0.239,-0.071,9.467,0.256
1425698399582,37.490519,139.927744,6,0.232,-0.022,9.396,0.273
1425698399681,37.490519,139.927744,6,0.22,0.032,9.374,0.293
1425698399783,37.49052,139.927744,6,0.219,0.02,9.396,0.315
1425698399882,37.49052,139.927744,6,0.233,-0.035,9.425,0.338
1425698399985,37.49052,139.927744,6,0.242,-0.063,9.437,0.363
1425698400084,37.49052,139.927745,6,0.241,-0.028,9.441,0.389
1425698400182,37.49052,139.927745,6,0.232,0.004,9.419,0.417
1425698400282,37.490521,139.927745,6,0.22,0.015,9.403,0.446
1425698400383,37.490521,139.927745,6,0.216,-0.001,9.415,0.478
1425698400483,37.490521,139.927745,5,0.218,-0.025,9.447,0.484
1425698400584,37.490521,139.927745,5,0.231,-0.025,9.457,0.435
1425698400685,37.490521,139.927745,5,0.243,-0.017,9.434,0.389
1425698400785,37.490521,139.927744,5,0.237,0.005,9.418,0.347
1425698400881,37.490521,139.927744,5,0.235,-0.007,9.408,0.308
1425698400982,37.490521,139.927744,5,0.232,-0.02,9.43,0.269
1425698401083,37.490521,139.927744,5,0.234,-0.029,9.439,0.234
1425698401183,37.490521,139.927744,5,0.239,-0.028,9.422,0.201
1425698401284,37.490521,139.927744,5,0.234,-0.021,9.396,0.17
1425698446381,37.490593,139.927036,4,0.237,-0.011,9.399,5.75
1425698446482,37.490594,139.92703,4,0.203,0.17,8.984,5.75
1425698446582,37.490595,139.927024,4,0.037,0.081,9.338,5.75
1425698446683,37.490596,139.927018,4,-0.008,0.142,9.512,5.75
1425698446784,37.490597,139.927013,4,-0.066,0.14,9.638,5.75
1425698446885,37.490598,139.927007,4,-0.115,0.146,9.367,5.75
1425698446985,37.490599,139.927001,4,-0.16,0.231,8.965,5.75
1425698447081,37.4906,139.926995,4,-0.173,0.242,8.846,5.75
1425698447182,37.490601,139.92699,4,-0.139,0.124,9.17,5.75
1425698447282,37.490601,139.926984,4,-0.042,0.046,9.56,5.75
1425698447383,37.490602,139.926978,4,-0.064,0.053,9.68,5.75
1425698456381,37.490665,139.926322,4,-0.064,0.058,9.682,7.0
1425698464383,37.490725,139.925716,4,-0.061,0.064,9.681,6.766
1425698464483,37.490726,139.925708,4,-0.134,0.146,9.417,6.742
1425698464584,37.490726,139.925701,4,-0.253,0.042,9.205,6.716
1425698464685,37.490727,139.925693,4,-0.216,-0.036,8.893,6.69
1425698464785,37.490727,139.925685,4,-0.096,-0.037,9.27,6.665
1425698464881,37.490727,139.925677,4,0.013,-0.218,10.258,6.641
1425698464982,37.490728,139.92567,4,0.056,-0.264,10.326,6.616
1425698465083,37.490728,139.925662,4,0.215,-0.261,9.983,6.591
1425698465183,37.490728,139.925654,4,0.313,-0.209,9.577,6.566
1425698465284,37.490729,139.925647,4,0.425,-0.061,9.1,6.541
1425698480380,37.490877,139.924576,5,0.22,0.066,9.164,6.017
1425698480385,37.490877,139.924576,5,0.205,0.077,9.161,6.016
1425698480481,37.490877,139.92457,5,-0.096,-0.033,9.247,5.992
1425698480581,37.490877,139.924563,5,-0.144,-0.312,9.33,5.967
1425698480682,37.490877,139.924557,5,-0.103,-0.505,9.342,5.941
1425698480783,37.490878,139.92455,5,-0.023,-0.669,9.523,5.916
1425698480884,37.490878,139.924543,5,0.089,-0.734,9.408,5.89
1425698480984,37.490878,139.924537,5,0.218,-0.739,9.416,5.865
1425698481085,37.490878,139.92453,5,0.283,-0.758,9.316,5.84
1425698481181,37.490878,139.924524,5,0.292,-0.843,9.482,5.816
1425698481281,37.490879,139.924518,5,0.222,-0.917,9.436,5.792
1425698481382,37.490879,139.924511,5,0.139,-0.997,9.223,5.767
1425698481483,37.490879,139.924505,4,0.139,-1.098,9.27,5.714
1425698481584,37.49088,139.924499,4,0.208,-1.225,9.605,5.605
1425698481684,37.490881,139.924493,4,0.215,-1.41,9.796,5.499
1425698481785,37.490882,139.924488,4,0.187,-1.531,9.429,5.394
1425698481881,37.490883,139.924482,4,0.066,-1.492,8.838,5.296
1425698481981,37.490883,139.924477,4,0.038,-1.514,8.547,5.195
1425698482082,37.490884,139.924472,4,0.109,-1.743,9.616,5.096
1425698482183,37.490885,139.924466,4,0.05,-2.018,10.568,4.998
1425698482283,37.490886,139.924461,4,-0.001,-2.0,9.949,4.904
1425698482384,37.490887,139.924456,4,-0.141,-1.976,9.279,4.81
1425698482485,37.490887,139.924452,4,-0.173,-1.885,8.901,4.675
1425698482581,37.490888,139.924448,4,-0.168,-1.906,8.94,4.476
1425698482681,37.490889,139.924444,4,-0.117,-2.009,9.414,4.276
1425698482782,37.490889,139.924441,4,-0.168,-2.069,9.69,4.081
1425698482883,37.49089,139.924437,4,-0.294,-1.946,9.328,3.895
1425698482983,37.490891,139.924434,4,-0.446,-1.891,9.148,3.719
1425698483084,37.490891,139.924431,4,-0.486,-1.935,9.623,3.549
1425698483185,37.490892,139.924428,4,-0.405,-1.986,9.712,3.387
1425698483285,37.490892,139.924425,4,-0.305,-1.992,9.304,3.234
1425698483381,37.490893,139.924423,4,-0.16,-2.002,9.037,3.095
1425698483482,37.490893,139.924421,4,-0.091,-2.116,9.37,2.905
1425698483583,37.490893,139.92442,4,-0.17,-2.177,9.733,2.619
1425698483683,37.490892,139.924419,4,-0.284,-2.135,9.418,2.355
1425698483784,37.490892,139.924418,4,-0.35,-2.111,9.109,2.11
1425698483885,37.490892,139.924417,4,-0.329,-2.134,9.255,1.884
1425698483985,37.490892,139.924416,4,-0.3,-2.191,9.519,1.681
1425698484081,37.490892,139.924416,4,-0.259,-2.235,9.605,1.505
1425698484182,37.490891,139.924415,4,-0.2,-2.209,9.451,1.34
1425698484282,37.490891,139.924415,4,-0.109,-1.746,9.531,1.196
1425698484383,37.490891,139.924414,4,-0.018,-0.748,9.865,1.071
1425698484484,37.490891,139.924414,4,-0.03,0.086,9.686,0.933
1425698484585,37.49089,139.924415,4,-0.102,0.393,9.025,0.748
1425698484685,37.49089,139.924415,4,-0.101,0.321,8.656,0.585
1425698484781,37.490889,139.924415,4,-0.04,0.263,8.981,0.448
1425698484887,37.490889,139.924415,4,-0.015,0.105,9.584,0.317
1425698484982,37.490889,139.924416,4,-0.065,-0.125,9.808,0.219
1425698485081,37.490888,139.924416,4,-0.118,-0.219,9.618,0.136
1425698485184,37.490888,139.924416,4,-0.113,-0.073,9.433,0.071
1425698485283,37.490888,139.924416,4,-0.067,0.106,9.374,0.028
1425698485385,37.490888,139.924416,4,-0.032,0.208,9.323,0.004
1425698519379,37.490947,139.923932,4,-0.065,0.073,9.434,4.5
1425698519384,37.490948,139.923932,4,-0.069,0.069,9.435,4.5
1425698519485,37.490948,139.923927,5,-0.074,-0.054,9.556,4.491
1425698519581,37.490949,139.923923,5,-0.134,-0.16,9.678,4.466
1425698519681,37.49095,139.923919,5,-0.216,-0.237,9.756,4.441
1425698519782,37.490951,139.923915,5,-0.292,-0.148,8.993,4.415
1425698519883,37.490952,139.923911,5,-0.246,-0.082,8.625,4.39
1425698519983,37.490953,139.923906,5,-0.229,-0.092,9.034,4.365
1425698520084,37.490954,139.923902,5,-0.16,-0.209,9.537,4.34
1425698520185,37.490955,139.923898,5,-0.174,-0.339,10.003,4.315
1425698520281,37.490956,139.923894,5,-0.175,-0.393,9.996,4.291
1425698520381,37.490956,139.92389,5,-0.152,-0.324,9.654,4.267
1425698520482,37.490957,139.923886,5,-0.118,-0.174,9.168,4.25
1425698520583,37.490958,139.923881,5,-0.114,-0.08,8.903,4.25
1425698520683,37.490959,139.923877,5,-0.162,-0.096,9.039,4.25
1425698520784,37.49096,139.923872,5,-0.417,-0.212,9.494,4.25
1425698520885,37.490961,139.923868,5,-0.629,-0.242,9.995,4.25
1425698520986,37.490962,139.923863,5,-0.708,-0.046,9.617,4.25
1425698521081,37.490963,139.923859,5,-0.702,0.087,9.013,4.25
1425698521182,37.490964,139.923855,5,-0.561,0.171,9.055,4.25
1425698521283,37.490964,139.92385,5,-0.412,0.278,9.409,4.25
1425698521383,37.490965,139.923846,5,-0.311,0.369,9.586,4.25
1425698540382,37.491103,139.922567,5,-0.306,0.371,9.589,7.017
1425698540483,37.491105,139.92256,5,-0.272,0.209,9.366,6.992
1425698540583,37.491107,139.922553,5,-0.282,-0.048,9.572,6.966
1425698540684,37.491109,139.922546,5,-0.297,-0.18,9.995,6.941
1425698540785,37.49111,139.922539,5,-0.255,-0.204,10.058,6.915
1425698540885,37.491112,139.922532,5,-0.163,-0.093,9.65,6.89
1425698540981,37.491114,139.922526,5,-0.092,-0.127,9.234,6.866
1425698541082,37.491116,139.922519,5,0.15,-0.139,9.103,6.841
1425698541182,37.491118,139.922512,5,0.137,-0.173,9.4,6.816
1425698541283,37.49112,139.922505,5,0.081,-0.201,9.439,6.791
1425698541384,37.491122,139.922498,5,0.028,-0.185,9.561,6.766
1425698541485,37.491124,139.922492,5,0.071,-0.098,9.18,6.741
1425698541585,37.491125,139.922485,5,0.215,-0.102,8.991,6.716
1425698541686,37.491127,139.922479,5,0.326,-0.312,9.52,6.69
1425698541782,37.491128,139.922473,5,0.171,-0.302,9.801,6.666
1425698541881,37.49113,139.922467,5,-0.015,-0.258,9.651,6.641
1425698541983,37.491132,139.92246,5,-0.247,-0.246,9.684,6.616
1425698542082,37.491133,139.922454,5,-0.499,-0.113,9.356,6.591
1425698542185,37.491135,139.922447,5,-0.67,-0.075,9.086,6.565
1425698542284,37.491136,139.922441,5,-0.552,-0.062,8.841,6.541
1425698542381,37.491138,139.922435,5,-0.374,-0.048,8.89,6.517
1425698542482,37.491139,139.922429,5,-0.284,-0.132,9.249,6.492
1425698542582,37.49114,139.922421,5,-0.288,-0.21,9.471,6.466
1425698542683,37.491141,139.922413,5,-0.295,-0.26,9.556,6.441
1425698542784,37.491141,139.922406,5,-0.271,-0.196,9.475,6.415
1425698542884,37.491142,139.922398,5,-0.29,-0.153,9.447,6.39
1425698542985,37.491143,139.922391,5,-0.361,-0.17,9.574,6.365
1425698543081,37.491143,139.922383,5,-0.39,-0.173,9.49,6.341
1425698543182,37.491144,139.922376,5,-0.409,-0.186,9.445,6.316
1425698543282,37.491145,139.922368,5,-0.442,-0.218,9.53,6.291
1425698543383,37.491146,139.922361,5,-0.417,-0.216,9.518,6.266
1425698543484,37.491146,139.922354,5,-0.373,-0.175,9.42,6.232
1425698543584,37.491147,139.922348,5,-0.281,-0.119,9.166,6.181
1425698543685,37.491148,139.922341,5,-0.13,-0.099,9.162,6.129
1425698543781,37.491148,139.922335,5,0.002,-0.112,9.448,6.08
1425698543881,37.491149,139.922329,5,0.069,-0.254,9.856,6.029
1425698543982,37.49115,139.922323,5,0.082,-0.234,9.627,5.979
1425698544083,37.491151,139.922317,5,0.087,-0.147,9.291,5.929
1425698544184,37.491151,139.922311,5,-0.01,-0.152,9.224,5.879
1425698544284,37.491152,139.922305,5,-0.092,-0.118,9.206,5.83
1425698544385,37.491153,139.922299,5,-0.065,-0.125,9.355,5.781
1425698544481,37.491153,139.922293,5,-0.018,-0.166,9.409,5.75
1425698544581,37.491153,139.922286,5,0.107,-0.172,9.486,5.75
1425698544682,37.491153,139.922279,5,0.164,-0.242,9.615,5.75
1425698544783,37.491154,139.922272,5,0.218,-0.253,9.684,5.75
1425698544884,37.491154,139.922265,5,0.219,-0.259,9.636,5.75
1425698544984,37.491154,139.922259,5,0.187,-0.224,9.597,5.75
1425698545085,37.491154,139.922252,5,0.107,-0.194,9.432,5.75
1425698545181,37.491154,139.922245,5,0.085,-0.151,9.34,5.75
1425698545281,37.491155,139.922238,5,0.054,-0.115,9.213,5.75
1425698545382,37.491155,139.922232,5,0.043,-0.086,9.076,5.75
1425698545483,37.491155,139.922225,5,0.047,-0.084,9.077,5.742
1425698545583,37.491156,139.92222,5,0.046,-0.163,9.246,5.716
1425698545684,37.491157,139.922214,5,0.093,-0.178,9.419,5.691
1425698545785,37.491158,139.922208,5,0.07,-0.237,9.608,5.665
1425698545886,37.491159,139.922203,5,0.078,-0.282,9.576,5.64
1425698545981,37.491159,139.922197,5,0.105,-0.272,9.421,5.616
1425698546082,37.49116,139.922192,5,0.077,-0.19,9.218,5.591
1425698546183,37.491161,139.922186,5,-0.01,-0.195,9.461,5.566
1425698546283,37.491162,139.922181,5,-0.123,-0.239,9.57,5.541
1425698546384,37.491162,139.922176,5,-0.2,-0.235,9.467,5.516
1425698546485,37.491163,139.92217,4,-0.179,-0.222,9.425,5.491
1425698546585,37.491164,139.922164,4,-0.136,-0.219,9.435,5.466
1425698546681,37.491165,139.922159,4,-0.037,-0.178,9.348,5.441
1425698546782,37.491166,139.922153,4,0.077,-0.146,9.334,5.416
1425698546883,37.491167,139.922148,4,0.149,-0.134,9.375,5.39
1425698546983,37.491168,139.922142,4,0.149,-0.128,9.405,5.365
1425698547084,37.491169,139.922137,4,0.126,-0.149,9.414,5.34
1425698547185,37.49117,139.922131,4,0.062,-0.142,9.429,5.315
1425698547285,37.491171,139.922126,4,0.013,-0.116,9.321,5.29
1425698547381,37.491171,139.922121,4,0.02,-0.129,9.336,5.267
1425698547482,37.491172,139.922115,4,0.069,-0.143,9.513,5.242
1425698547583,37.491173,139.922109,4,0.169,-0.054,9.471,5.216
1425698547683,37.491173,139.922104,4,0.165,-0.037,9.513,5.191
1425698547784,37.491174,139.922098,4,0.121,-0.013,9.478,5.165
1425698547885,37.491174,139.922092,4,0.132,0.011,9.276,5.14
1425698547985,37.491175,139.922087,4,0.12,-0.011,9.387,5.115
1425698548081,37.491175,139.922081,4,0.117,-0.045,9.562,5.091
1425698548182,37.491176,139.922076,4,0.128,-0.004,9.485,5.066
1425698548282,37.491176,139.92207,4,0.106,0.014,9.262,5.041
1425698548383,37.491177,139.922065,4,0.093,0.033,9.327,5.016
1425698550382,37.491195,139.921968,5,0.093,0.039,9.342,4.767
1425698550483,37.491196,139.921963,5,0.059,0.019,9.488,4.75
1425698550584,37.491197,139.921957,5,0.06,0.055,9.226,4.75
1425698550684,37.491198,139.921951,5,0.025,0.019,9.17,4.75
1425698550785,37.491199,139.921946,5,0.008,0.014,9.344,4.75
1425698550881,37.491199,139.92194,5,0.015,-0.025,9.513,4.75
1425698550981,37.4912,139.921934,5,0.063,-0.025,9.598,4.75
1425698551082,37.491201,139.921928,5,0.084,-0.017,9.435,4.75
1425698551183,37.491202,139.921922,5,0.062,0.007,9.322,4.75
1425698551284,37.491203,139.921917,5,0.04,0.031,9.187,4.75
1425698551384,37.491203,139.921911,5,0.022,-0.01,9.352,4.75
1425698551485,37.491204,139.921905,5,0.002,-0.055,9.602,4.75
1425698551581,37.491205,139.9219,5,-0.012,-0.041,9.671,4.75
1425698551681,37.491205,139.921894,5,-0.046,-0.019,9.6,4.75
1425698551782,37.491205,139.921888,5,-0.023,-0.022,9.416,4.75
1425698551883,37.491206,139.921882,5,0.024,-0.029,9.194,4.75
1425698551983,37.491206,139.921877,5,0.027,-0.135,9.158,4.75
1425698552084,37.491207,139.921871,5,-0.016,-0.371,9.288,4.75
1425698552185,37.491207,139.921865,5,-0.084,-0.523,9.387,4.75
1425698552285,37.491207,139.921859,5,-0.057,-0.627,9.577,4.75
1425698552381,37.491208,139.921854,5,0.028,-0.63,9.916,4.75
1425698552482,37.491208,139.921849,5,0.093,-0.437,10.093,4.742
1425698552583,37.491209,139.921844,5,0.012,-0.208,9.529,4.716
1425698552683,37.49121,139.92184,5,-0.012,-0.064,9.041,4.691
1425698552784,37.491211,139.921836,5,0.02,-0.028,9.1,4.665
1425698552885,37.491212,139.921832,5,0.114,-0.013,9.293,4.64
1425698552986,37.491213,139.921828,5,0.149,-0.031,9.508,4.614
1425698553081,37.491214,139.921824,5,0.106,-0.029,9.684,4.591
1425698553182,37.491215,139.92182,5,0.084,-0.015,9.551,4.566
1425698553283,37.491216,139.921816,5,0.056,-0.002,9.236,4.541
1425698553383,37.491216,139.921812,5,0.042,-0.036,9.327,4.516
1425698570383,37.491341,139.920681,11,0.036,-0.041,9.341,6.282
1425698588379,37.491468,139.919345,6,0.029,-0.044,9.356,7.017
1425698590383,37.491485,139.91919,6,0.019,-0.043,9.374,6.766
1425698590484,37.491486,139.919183,6,-0.062,-0.029,9.455,6.741
1425698590585,37.491487,139.919176,6,-0.096,-0.191,9.594,6.716
1425698590685,37.491489,139.919169,6,-0.134,-0.216,9.848,6.69
1425698590781,37.491491,139.919162,6,-0.118,-0.135,9.482,6.666
1425698590882,37.491493,139.919155,6,-0.044,-0.206,9.502,6.641
1425698590983,37.491495,139.919148,6,-0.052,-0.186,9.523,6.616
1425698591083,37.491496,139.919142,6,-0.075,-0.145,9.548,6.591
1425698591184,37.491498,139.919135,6,0.041,-0.032,9.133,6.566
1425698591285,37.4915,139.919128,6,0.071,-0.014,8.78,6.541
1425698591385,37.491502,139.919121,6,0.059,-0.125,9.124,6.516
1425698591481,37.491503,139.919115,6,-0.018,-0.226,9.64,6.492
1425698591582,37.491505,139.919109,6,-0.11,-0.282,9.732,6.466
1425698591683,37.491507,139.919103,6,-0.045,-0.259,9.771,6.441
1425698591783,37.491508,139.919097,6,-0.01,-0.164,9.431,6.416
1425698591884,37.49151,139.919092,6,0.035,-0.151,9.472,6.39
1425698591985,37.491511,139.919086,6,0.098,-0.15,9.661,6.365
1425698592085,37.491513,139.91908,6,0.094,-0.122,9.446,6.34
1425698592181,37.491514,139.919074,6,0.109,-0.086,9.292,6.316
1425698592282,37.491516,139.919069,6,0.154,-0.104,9.401,6.291
1425698592382,37.491517,139.919063,6,0.176,-0.141,9.594,6.267
1425698592483,37.491518,139.919057,6,0.165,-0.081,9.311,6.242
1425698592584,37.491518,139.919049,6,-0.059,-0.08,9.343,6.216
1425698592685,37.491518,139.919042,6,-0.22,-0.173,9.606,6.19
1425698592785,37.491517,139.919034,6,-0.274,-0.274,9.707,6.165
1425698592881,37.491517,139.919027,6,-0.251,-0.299,9.78,6.141
1425698592982,37.491517,139.91902,6,-0.199,-0.19,9.495,6.116
1425698593082,37.491517,139.919013,6,-0.054,-0.137,9.117,6.091
1425698593183,37.491517,139.919005,6,0.061,-0.067,8.866,6.066
1425698593284,37.491516,139.918998,6,0.1,-0.099,9.312,6.041
1425698593384,37.491516,139.918991,6,0.097,-0.169,9.7,6.016
1425698593485,37.491516,139.918984,6,0.003,-0.228,9.769,5.991
1425698593581,37.491517,139.918977,6,-0.116,-0.25,9.566,5.967
1425698593682,37.491518,139.91897,6,-0.254,-0.149,8.984,5.941
1425698593782,37.491519,139.918963,6,-0.242,-0.026,8.738,5.916
1425698593883,37.49152,139.918956,6,-0.259,-0.14,9.423,5.89
1425698593984,37.49152,139.918949,6,-0.286,-0.255,9.854,5.865
1425698594084,37.491521,139.918943,6,-0.255,-0.246,9.801,5.84
1425698594185,37.491522,139.918936,6,-0.292,-0.224,9.337,5.815
1425698594281,37.491523,139.918929,6,-0.267,-0.201,9.478,5.792
1425698594381,37.491523,139.918923,6,-0.312,-0.183,9.632,5.767
1425698596380,37.491542,139.918787,6,-0.311,-0.17,9.624,5.982
1425698598380,37.491543,139.91865,8,-0.306,-0.155,9.613,5.714
1425698602383,37.491547,139.918424,5,-0.296,-0.14,9.596,4.516
1425698602483,37.491549,139.918419,6,0.69,-0.357,9.089,4.523
1425698602584,37.491551,139.918414,6,1.516,-0.666,8.93,4.594
1425698602685,37.491553,139.918409,6,2.108,-1.058,9.3,4.666
1425698602781,37.491555,139.918404,6,2.527,-1.557,9.709,4.735
1425698602881,37.491557,139.918398,6,2.822,-1.928,9.565,4.809
1425698602982,37.49156,139.918393,6,2.969,-2.25,9.715,4.885
1425698603083,37.491562,139.918387,6,2.909,-2.328,9.788,4.961
1425698603183,37.491565,139.918382,6,2.734,-2.174,10.049,5.038
1425698603284,37.491567,139.918376,6,2.451,-1.834,9.883,5.118
1425698603385,37.491569,139.91837,6,2.028,-1.384,8.879,5.198
1425698603481,37.491571,139.918365,8,1.669,-1.129,8.432,5.216
1425698603581,37.491573,139.918362,8,1.454,-0.984,8.599,5.107
1425698603682,37.491574,139.918358,8,1.376,-0.96,9.0,4.999
1425698603783,37.491575,139.918355,8,1.462,-1.004,9.27,4.894
1425698603883,37.491576,139.918352,8,1.615,-1.198,9.262,4.791
1425698603984,37.491577,139.918349,8,1.698,-1.604,9.318,4.69
1425698604085,37.491578,139.918346,8,1.623,-2.057,9.312,4.591
1425698604185,37.491579,139.918343,8,1.51,-2.39,9.458,4.494
1425698604281,37.49158,139.91834,8,1.257,-2.518,9.775,4.404
1425698604382,37.491581,139.918337,8,0.857,-2.374,9.975,4.311
1425698604482,37.491583,139.918335,8,0.377,-2.209,9.641,4.214
1425698604583,37.491587,139.918333,8,-0.037,-2.255,9.143,4.102
1425698604684,37.491591,139.918332,8,-0.213,-2.321,9.005,3.992
1425698604785,37.491595,139.918331,8,-0.112,-2.113,9.394,3.885
1425698604885,37.491599,139.91833,8,0.125,-1.649,9.803,3.782
1425698604981,37.491602,139.918329,8,0.209,-1.483,9.729,3.686
1425698605082,37.491606,139.918328,8,0.174,-1.601,9.268,3.587
1425698605182,37.491609,139.918327,8,0.154,-1.679,8.889,3.492
1425698605283,37.491613,139.918326,8,0.236,-1.497,9.224,3.398
1425698605384,37.491616,139.918325,8,0.283,-1.221,9.752,3.308
1425698605485,37.491619,139.918325,8,0.127,-1.267,9.718,3.182
1425698605585,37.491621,139.918326,8,-0.021,-1.421,9.324,2.995
1425698605681,37.491624,139.918327,8,-0.12,-1.721,9.061,2.824
1425698605782,37.491626,139.918328,8,-0.282,-2.057,9.184,2.652
1425698605882,37.491628,139.91833,8,-0.446,-2.336,9.554,2.492
1425698605983,37.49163,139.918331,8,-0.545,-2.384,9.804,2.338
1425698606084,37.491632,139.918332,8,-0.499,-1.947,9.833,2.195
1425698606185,37.491634,139.918333,8,-0.346,-1.255,9.654,2.06
1425698606285,37.491636,139.918334,8,-0.186,-0.671,9.329,1.936
1425698606381,37.491637,139.918334,8,-0.083,-0.335,8.945,1.825
1425698606482,37.491639,139.918335,8,-0.02,-0.162,8.893,1.688
1425698606582,37.491642,139.918335,8,0.013,-0.113,9.32,1.505
1425698606683,37.491645,139.918336,8,0.118,-0.098,9.693,1.335
1425698606784,37.491648,139.918336,8,0.269,-0.065,9.595,1.178
1425698606884,37.491651,139.918336,8,0.314,-0.028,9.371,1.037
1425698606985,37.491653,139.918336,8,0.251,0.012,9.309,0.908
1425698607081,37.491655,139.918337,8,0.169,0.159,9.553,0.8
1425698607181,37.491656,139.918337,8,0.112,0.263,9.626,0.7
1425698607282,37.491658,139.918337,8,0.12,0.438,9.52,0.613
1425698607383,37.491659,139.918337,8,0.25,0.765,9.468,0.54
1425698628381,37.492563,139.918825,5,0.256,0.78,9.467,6.049
1425698654383,37.493892,139.919767,5,0.262,0.79,9.469,6.233
1425698670381,37.494775,139.920287,3,0.267,0.796,9.473,6.964
1425698670481,37.494781,139.92029,4,0.179,0.567,9.308,6.975
1425698670582,37.494787,139.920292,4,0.177,0.337,9.365,6.896
1425698670683,37.494794,139.920294,4,0.212,0.138,9.61,6.818
1425698670784,37.4948,139.920296,4,0.235,-0.003,9.785,6.74
1425698670884,37.494806,139.920298,4,0.252,0.004,9.681,6.664
1425698670985,37.494812,139.9203,4,0.251,0.041,9.528,6.588
1425698671081,37.494818,139.920302,4,0.17,0.002,9.543,6.517
1425698671181,37.494824,139.920304,4,0.126,0.057,9.238,6.443
1425698671282,37.494829,139.920306,4,0.082,0.106,9.233,6.37
1425698671383,37.494835,139.920308,4,0.036,0.057,9.525,6.298
1425698679379,37.495299,139.920483,5,0.035,0.047,9.548,6.75
1425698696379,37.496343,139.920798,7,0.035,0.037,9.572,7.017
1425698701379,37.49666,139.920879,5,0.029,0.029,9.593,6.784
1425698716379,37.49765,139.921165,10,0.017,0.021,9.611,7.517
1425698725382,37.498226,139.921361,9,0.005,0.01,9.625,7.0
1425698730383,37.498515,139.921419,5,-0.003,-0.004,9.633,6.25
1425698730483,37.49852,139.921421,4,-0.044,-0.427,9.565,6.233
1425698730584,37.498525,139.921422,4,-0.133,-0.957,9.42,6.181
1425698730685,37.49853,139.921424,4,-0.13,-1.219,9.174,6.129
1425698730785,37.498536,139.921426,4,-0.146,-1.414,9.471,6.078
1425698730881,37.49854,139.921427,4,-0.142,-1.453,9.57,6.029
1425698730982,37.498546,139.921429,4,-0.148,-1.335,9.421,5.979
1425698731083,37.498551,139.92143,4,-0.034,-1.125,9.707,5.929
1425698731183,37.498556,139.921432,4,0.212,-0.785,9.201,5.879
1425698731284,37.498561,139.921433,4,0.512,-0.457,9.015,5.83
1425698731385,37.498566,139.921435,4,0.838,-0.297,9.331,5.781
1425698731485,37.498571,139.921436,5,1.15,-0.223,9.518,5.722
1425698731581,37.498575,139.921437,5,1.45,-0.218,9.645,5.646
1425698731682,37.498579,139.921437,5,1.539,-0.236,9.662,5.567
1425698731782,37.498584,139.921438,5,1.723,-0.34,9.82,5.489
1425698731883,37.498588,139.921438,5,1.932,-0.372,9.508,5.412
1425698731984,37.498592,139.921439,5,2.051,-0.306,8.934,5.336
1425698732085,37.498596,139.921439,5,2.179,-0.386,9.028,5.262
1425698732185,37.4986,139.92144,5,2.347,-0.441,9.28,5.189
1425698732281,37.498604,139.92144,5,2.41,-0.467,9.183,5.119
1425698732382,37.498608,139.921441,5,2.468,-0.587,9.084,5.048
1425698732482,37.498611,139.921442,6,2.539,-0.835,8.911,4.983
1425698732583,37.498613,139.921447,6,2.61,-1.066,8.77,4.93
1425698732684,37.498614,139.921451,6,2.425,-1.326,9.077,4.878
1425698732784,37.498616,139.921455,6,2.225,-1.729,10.202,4.827
1425698732885,37.498617,139.921459,6,2.103,-2.07,10.976,4.776
1425698732981,37.498619,139.921463,6,1.722,-2.33,11.101,4.728
1425698733082,37.49862,139.921467,6,1.495,-2.088,9.697,4.678
1425698733182,37.498621,139.921471,6,1.154,-1.742,8.329,4.629
1425698733283,37.498623,139.921475,6,0.96,-1.522,8.345,4.58
1425698733384,37.498624,139.921478,6,0.829,-1.531,9.162,4.531
1425698733484,37.498625,139.921483,6,0.916,-1.43,10.03,4.462
1425698733585,37.498623,139.921488,6,1.102,-1.137,9.877,4.35
1425698733681,37.498622,139.921492,6,1.325,-0.902,9.812,4.247
1425698733782,37.498621,139.921497,6,1.37,-0.769,9.614,4.14
1425698733882,37.49862,139.921502,6,1.363,-0.508,9.283,4.037
1425698733983,37.498619,139.921506,6,1.061,-0.495,9.129,3.936
1425698734084,37.498618,139.921511,6,0.895,-0.584,9.255,3.837
1425698734184,37.498617,139.921515,6,0.74,-0.323,9.379,3.742
1425698734285,37.498616,139.921519,6,0.761,0.086,9.39,3.648
1425698734381,37.498615,139.921523,6,0.834,0.581,9.235,3.561
1425698734481,37.498614,139.921527,6,0.929,0.863,8.965,3.507
1425698734582,37.498613,139.921531,6,1.109,0.795,8.909,3.532
1425698734683,37.498612,139.921535,6,1.366,0.592,9.086,3.557
1425698734784,37.498612,139.921539,6,1.552,0.546,9.215,3.582
1425698734884,37.498611,139.921543,6,1.68,0.533,9.283,3.606
1425698734985,37.49861,139.921547,6,1.806,0.517,9.327,3.632
1425698735081,37.49861,139.921551,6,1.844,0.433,9.228,3.656
1425698735181,37.498609,139.921555,6,1.85,0.282,9.214,3.681
1425698735282,37.498608,139.921559,6,1.828,0.183,9.295,3.707
1425698735383,37.498607,139.921563,6,1.738,0.169,9.342,3.733
1425698760383,37.498229,139.923071,8,1.727,0.168,9.343,5.483
1425698760484,37.49823,139.923078,8,0.977,-0.107,9.974,5.5
1425698760585,37.498228,139.923083,8,0.522,-0.138,9.435,5.5
1425698760681,37.498227,139.923088,8,0.311,-0.087,8.903,5.5
1425698760781,37.498225,139.923094,8,0.197,-0.065,8.935,5.5
1425698760882,37.498224,139.923099,8,0.115,-0.091,9.237,5.5
1425698760983,37.498223,139.923105,8,0.062,-0.068,9.414,5.5
1425698761083,37.498221,139.92311,8,-0.078,-0.15,9.627,5.5
1425698761184,37.49822,139.923116,8,-0.031,-0.064,9.416,5.5
1425698761285,37.498218,139.923121,8,0.076,-0.003,9.031,5.5
1425698774382,37.498059,139.923587,6,0.149,-0.007,9.278,2.266
1425698774483,37.498059,139.92359,5,0.06,-0.366,9.567,2.241
1425698774583,37.498058,139.923592,5,-0.019,-0.589,9.576,2.215
1425698774684,37.498057,139.923594,5,-0.027,-0.639,9.343,2.189
1425698774785,37.498056,139.923596,5,0.012,-0.67,9.217,2.163
1425698774885,37.498055,139.923598,5,0.008,-0.783,9.362,2.138
1425698774981,37.498055,139.923599,5,-0.014,-0.894,9.567,2.114
1425698775082,37.498054,139.923601,5,-0.075,-0.975,9.566,2.089
1425698775183,37.498053,139.923603,5,-0.115,-1.009,9.364,2.064
1425698775283,37.498052,139.923605,5,-0.097,-1.029,9.27,2.04
1425698775384,37.498052,139.923607,5,-0.048,-1.092,9.377,2.016
1425698775485,37.498051,139.923608,4,-0.021,-1.213,9.456,1.98
1425698775585,37.49805,139.92361,4,-0.023,-1.458,9.352,1.924
1425698775681,37.49805,139.923611,4,-0.045,-1.618,9.365,1.872
1425698775782,37.49805,139.923612,4,-0.033,-1.057,9.855,1.818
1425698775882,37.498049,139.923614,4,-0.027,-0.187,10.052,1.766
1425698775983,37.498049,139.923615,4,-0.008,0.401,9.506,1.716
1425698776084,37.498048,139.923616,4,0.033,0.613,8.834,1.666
1425698776185,37.498048,139.923617,4,0.1,0.632,8.717,1.619
1425698776285,37.498048,139.923618,4,0.112,0.529,9.156,1.573
1425698776381,37.498047,139.923619,4,0.08,0.288,9.602,1.53
1425698776482,37.498047,139.92362,4,-0.002,0.025,9.753,1.406
1425698776582,37.498048,139.923619,4,-0.024,0.03,9.624,1.13
1425698776683,37.498049,139.923618,4,-0.011,0.232,9.492,0.882
1425698776784,37.49805,139.923617,4,0.032,0.429,9.354,0.665
1425698776885,37.498051,139.923616,4,0.061,0.477,9.214,0.479
1425698776985,37.498052,139.923615,4,0.048,0.379,9.282,0.324
1425698777081,37.498052,139.923615,4,0.028,0.292,9.498,0.204
1425698777182,37.498053,139.923614,4,0.022,0.223,9.57,0.108
1425698777282,37.498053,139.923614,4,0.04,0.216,9.448,0.042
1425698777383,37.498053,139.923614,4,0.047,0.238,9.348,0.007
1425698815380,37.49787,139.924217,7,0.048,0.241,9.346,5.033
1425698815385,37.49787,139.924217,7,0.048,0.241,9.348,5.031
1425698815481,37.497869,139.924223,6,0.099,0.039,9.579,4.992
1425698815582,37.497867,139.924228,6,0.146,-0.052,9.341,4.966
1425698815682,37.497866,139.924233,6,0.141,-0.042,9.02,4.941
1425698815783,37.497865,139.924238,6,0.107,-0.072,9.152,4.915
1425698815884,37.497863,139.924243,6,0.173,-0.12,9.527,4.89
1425698815984,37.497862,139.924249,6,0.183,-0.15,9.744,4.865
1425698816085,37.497861,139.924254,6,0.157,-0.057,9.378,4.84
1425698816181,37.497859,139.924259,6,0.206,-0.025,9.148,4.816
1425698816282,37.497858,139.924264,6,0.293,-0.045,9.095,4.791
1425698816382,37.497857,139.924269,6,0.449,-0.115,9.52,4.767
1425698816483,37.497856,139.924273,6,0.558,-0.19,9.881,4.742
1425698816584,37.497855,139.924278,6,0.642,-0.249,10.03,4.716
1425698816684,37.497854,139.924282,6,0.612,-0.337,9.559,4.69
1425698816785,37.497854,139.924287,6,0.497,-0.436,8.842,4.665
1425698816881,37.497853,139.924291,6,0.358,-0.529,8.778,4.641
1425698816982,37.497852,139.924295,6,0.315,-0.734,9.411,4.615
1425698817082,37.497852,139.924299,6,0.306,-0.939,10.109,4.59
1425698817183,37.497851,139.924304,6,0.334,-1.002,10.051,4.565
1425698817284,37.49785,139.924308,6,0.374,-0.929,9.439,4.541
1425698817384,37.497849,139.924312,6,0.328,-0.875,9.003,4.516
1425698817485,37.497849,139.924317,6,0.327,-0.832,8.814,4.471
1425698817581,37.497848,139.924321,6,0.306,-0.857,8.942,4.394
1425698817681,37.497847,139.924325,6,0.273,-0.933,9.365,4.315
1425698817782,37.497846,139.924329,6,0.228,-1.055,9.975,4.236
1425698817883,37.497845,139.924334,6,0.261,-1.061,10.04,4.159
1425698817983,37.497844,139.924338,6,0.326,-1.018,9.447,4.083
1425698818084,37.497843,139.924342,6,0.408,-0.949,8.898,4.009
1425698818185,37.497842,139.924346,6,0.488,-0.942,8.878,3.935
1425698818281,37.497841,139.92435,6,0.654,-1.056,9.474,3.867
1425698818381,37.497841,139.924353,6,0.721,-1.231,9.858,3.797
1425698818482,37.49784,139.924357,6,0.633,-1.379,9.929,3.69
1425698818583,37.49784,139.924359,6,0.436,-1.395,9.466,3.507
1425698818683,37.49784,139.92436,6,0.178,-1.377,9.077,3.333
1425698818784,37.49784,139.924362,6,0.015,-1.417,9.183,3.166
1425698818885,37.49784,139.924364,6,-0.013,-1.457,9.404,3.005
1425698818985,37.49784,139.924366,6,0.055,-1.482,9.472,2.854
1425698819081,37.49784,139.924367,6,0.122,-1.482,9.44,2.716
1425698819182,37.49784,139.924369,6,0.168,-1.491,9.297,2.578
1425698819283,37.49784,139.92437,6,0.243,-1.508,9.175,2.448
1425698819383,37.49784,139.924371,6,0.365,-1.544,9.304,2.327
1425698819484,37.497839,139.924373,7,0.427,-1.596,9.596,2.22
1425698819585,37.497838,139.924374,7,0.408,-1.604,9.679,2.131
1425698819685,37.497836,139.924376,7,0.3,-1.583,9.425,2.047
1425698819781,37.497835,139.924377,7,0.148,-1.59,9.238,1.969
1425698819882,37.497834,139.924379,7,0.053,-1.63,9.322,1.889
1425698819983,37.497832,139.92438,7,0.077,-1.625,9.524,1.813
1425698820083,37.497831,139.924382,7,0.264,-1.071,9.849,1.74
1425698820184,37.49783,139.924383,7,0.436,-0.268,9.894,1.67
1425698820285,37.497829,139.924384,7,0.483,0.339,9.407,1.603
1425698820385,37.497828,139.924385,7,0.449,0.597,8.851,1.54
1425698820481,37.497827,139.924386,7,0.408,0.586,8.751,1.408
1425698820582,37.497827,139.924385,7,0.413,0.438,9.162,1.13
1425698820682,37.497828,139.924385,7,0.414,0.168,9.603,0.885
1425698820783,37.497828,139.924384,7,0.394,-0.055,9.758,0.667
1425698820884,37.497828,139.924384,7,0.32,-0.052,9.604,0.481
1425698820985,37.497829,139.924384,7,0.269,0.154,9.45,0.324
1425698821085,37.497829,139.924383,7,0.288,0.364,9.317,0.2
1425698821181,37.497829,139.924383,7,0.342,0.406,9.208,0.109
1425698821282,37.497829,139.924383,7,0.442,0.3,9.282,0.042
1425698821382,37.497829,139.924383,7,0.476,0.2,9.51,0.007
1425698877381,37.497786,139.924509,4,0.384,0.267,9.381,2.5
1425698877482,37.497786,139.924512,4,-0.359,0.131,9.277,2.5
1425698877582,37.497787,139.924515,4,-0.841,0.021,9.127,2.5
1425698877683,37.497788,139.924517,4,-1.031,0.004,9.009,2.5
1425698877784,37.497789,139.92452,4,-1.081,-0.047,9.269,2.5
1425698877885,37.49779,139.924523,4,-1.167,-0.167,9.623,2.5
1425698877985,37.497791,139.924525,4,-1.227,-0.254,9.505,2.5
1425698878081,37.497792,139.924528,4,-1.196,-0.297,9.203,2.5
1425698878182,37.497793,139.924531,4,-1.049,-0.231,9.039,2.5
1425698878283,37.497794,139.924533,4,-0.876,-0.134,9.141,2.5
1425698878383,37.497795,139.924536,4,-0.847,-0.118,9.449,2.5
1425698878484,37.497797,139.924539,5,-0.928,-0.199,9.654,2.5
1425698878585,37.497798,139.924541,5,-0.988,-0.222,9.525,2.5
1425698878685,37.4978,139.924543,5,-1.048,-0.267,9.34,2.5
1425698878781,37.497802,139.924545,5,-1.095,-0.319,9.378,2.5
1425698878882,37.497804,139.924547,5,-1.078,-0.325,9.426,2.5
1425698878982,37.497806,139.924549,5,-0.981,-0.276,9.488,2.5
1425698879083,37.497807,139.924551,5,-0.881,-0.234,9.384,2.5
1425698879184,37.497809,139.924553,5,-0.793,-0.284,9.361,2.5
1425698879284,37.497811,139.924555,5,-0.617,-0.165,9.021,2.5
1425698879385,37.497813,139.924557,5,-0.362,-0.106,9.138,2.5
1425698879481,37.497815,139.924558,5,-0.296,-0.262,9.74,2.5
1425698879581,37.497817,139.924559,5,-0.456,-0.348,10.066,2.5
1425698879682,37.497819,139.924561,5,-0.465,-0.259,9.532,2.5
1425698879783,37.497822,139.924562,5,-0.39,-0.154,9.144,2.5
1425698879884,37.497824,139.924563,5,-0.268,-0.098,9.156,2.5
1425698879984,37.497826,139.924564,5,-0.129,-0.012,9.308,2.5
1425698880085,37.497829,139.924565,5,-0.102,-0.044,9.386,2.5
1425698880181,37.497831,139.924566,5,-0.066,-0.046,9.615,2.5
1425698880281,37.497833,139.924567,5,-0.042,-0.039,9.571,2.5
1425698880382,37.497835,139.924568,5,-0.007,-0.04,9.26,2.5
1425698880483,37.497838,139.924569,5,0.036,0.031,9.275,2.5
1425698880584,37.49784,139.92457,5,0.007,-0.011,9.496,2.5
1425698880684,37.497843,139.92457,5,-0.032,0.004,9.573,2.5
1425698880785,37.497846,139.924571,5,-0.087,0.04,9.303,2.5
1425698880881,37.497848,139.924572,5,-0.078,0.044,9.37,2.5
1425698880981,37.497851,139.924572,5,-0.016,0.05,9.592,2.5
1425698881082,37.497853,139.924573,5,0.004,0.027,9.456,2.5
1425698881183,37.497856,139.924573,5,0.053,0.082,9.409,2.5
1425698881284,37.497859,139.924574,5,-0.004,0.077,9.469,2.5
1425698889380,37.498089,139.924684,4,-0.008,0.115,9.485,3.517
1425698889385,37.498089,139.924684,4,-0.007,0.114,9.484,3.516
1425698889481,37.498092,139.924686,4,0.089,0.007,9.414,3.5
1425698889582,37.498095,139.924687,4,0.128,0.004,8.999,3.5
1425698889682,37.498098,139.924689,4,0.056,-0.014,9.039,3.5
1425698889783,37.498102,139.924691,4,-0.016,-0.082,9.341,3.5
1425698889884,37.498105,139.924692,4,-0.0,-0.137,9.396,3.5
1425698889985,37.498108,139.924694,4,-0.013,-0.144,9.202,3.5
1425698890085,37.498111,139.924696,4,-0.022,-0.162,9.397,3.5
1425698890181,37.498114,139.924697,4,-0.016,-0.195,9.713,3.5
1425698890282,37.498118,139.924699,4,0.023,-0.252,9.67,3.5
1425698890382,37.498121,139.924701,4,0.075,-0.305,9.582,3.5
1425698890483,37.498124,139.924703,4,0.078,-0.252,9.344,3.5
1425698890584,37.498127,139.924704,4,0.088,-0.212,9.205,3.5
1425698890685,37.498129,139.924706,4,0.143,-0.219,9.474,3.5
1425698890785,37.498132,139.924707,4,0.155,-0.281,9.76,3.5
1425698890881,37.498135,139.924709,4,0.078,-0.278,9.65,3.5
1425698890982,37.498137,139.924711,4,-0.027,-0.16,9.365,3.5
1425698891082,37.49814,139.924712,4,-0.122,-0.067,9.239,3.5
1425698891183,37.498143,139.924714,4,-0.138,-0.04,9.321,3.5
1425698891284,37.498146,139.924715,4,-0.053,-0.075,9.302,3.5
1425698891385,37.498148,139.924717,4,0.073,-0.082,9.228,3.5
1425698891485,37.498151,139.924719,4,0.203,-0.1,9.377,3.491
1425698891581,37.498153,139.92472,4,0.341,-0.098,9.521,3.466
1425698891682,37.498156,139.924721,4,0.353,-0.114,9.435,3.44
1425698891782,37.498159,139.924723,4,0.248,-0.125,9.376,3.415
1425698891883,37.498161,139.924724,4,0.087,-0.126,9.471,3.389
1425698891984,37.498164,139.924726,4,-0.037,-0.12,9.544,3.364
1425698892084,37.498166,139.924727,4,-0.083,-0.094,9.422,3.339
1425698892185,37.498169,139.924728,4,-0.115,-0.104,9.268,3.314
1425698892281,37.498171,139.92473,4,-0.052,-0.131,9.438,3.291
1425698892381,37.498173,139.924731,4,0.048,-0.129,9.535,3.267
1425698892482,37.498176,139.924732,4,0.144,-0.107,9.478,3.233
1425698892583,37.498178,139.924734,4,0.214,-0.071,9.397,3.179
1425698892684,37.49818,139.924735,4,0.226,-0.084,9.46,3.126
1425698892784,37.498183,139.924736,4,0.184,-0.061,9.451,3.074
1425698892885,37.498185,139.924737,4,0.109,-0.044,9.365,3.022
1425698892981,37.498187,139.924739,4,0.07,-0.036,9.411,2.974
1425698893081,37.498189,139.92474,4,0.032,-0.034,9.429,2.925
1425698893182,37.498191,139.924741,4,0.041,-0.027,9.356,2.876
1425698893283,37.498194,139.924742,4,0.045,-0.035,9.421,2.828
1425698897380,37.498281,139.924781,3,0.099,-0.001,9.431,2.5
1425698897387,37.498282,139.924781,3,0.105,-0.003,9.424,2.5
1425698897482,37.498284,139.924782,4,0.167,-0.075,9.434,2.491
1425698897581,37.498286,139.924783,4,0.172,-0.097,9.399,2.464
1425698897684,37.498288,139.924784,4,0.155,-0.08,9.323,2.436
1425698897783,37.49829,139.924785,4,0.16,-0.055,9.307,2.409
1425698897885,37.498292,139.924786,4,0.119,-0.053,9.379,2.382
1425698897981,37.498294,139.924787,4,0.116,-0.032,9.384,2.356
1425698898082,37.498296,139.924787,4,0.165,-0.048,9.488,2.33
1425698898182,37.498298,139.924788,4,0.216,-0.075,9.571,2.304
1425698898283,37.4983,139.924789,4,0.232,-0.074,9.493,2.278
1425698900383,37.498333,139.924801,4,0.204,-0.027,9.313,1.766
1425698900483,37.498334,139.924801,4,0.207,-0.238,9.397,1.741
1425698900584,37.498336,139.924801,4,0.166,-0.406,9.426,1.714
1425698900685,37.498337,139.924801,4,0.106,-0.507,9.383,1.688
1425698900781,37.498339,139.924801,4,0.1,-0.575,9.428,1.663
1425698900881,37.49834,139.924801,4,0.119,-0.593,9.399,1.638
1425698900982,37.498341,139.924802,4,0.126,-0.618,9.371,1.612
1425698901083,37.498342,139.924802,4,0.107,-0.655,9.422,1.587
1425698901183,37.498344,139.924802,4,0.064,-0.717,9.416,1.563
1425698901284,37.498345,139.924802,4,0.037,-0.8,9.373,1.539
1425698901385,37.498346,139.924802,4,0.062,-0.837,9.424,1.515
1425698901481,37.498347,139.924802,4,0.102,-0.839,9.446,1.492
1425698901581,37.498348,139.924802,4,0.144,-0.808,9.394,1.465
1425698901682,37.498349,139.924802,4,0.145,-0.815,9.334,1.438
1425698901783,37.49835,139.924802,4,0.142,-0.796,9.401,1.412
1425698901883,37.498351,139.924802,4,0.1,-0.807,9.421,1.386
1425698901984,37.498352,139.924803,4,0.077,-0.8,9.426,1.361
1425698902085,37.498353,139.924803,4,0.073,-0.8,9.411,1.336
1425698902185,37.498354,139.924803,4,0.092,-0.785,9.387,1.312
1425698902281,37.498355,139.924803,4,0.11,-0.8,9.382,1.289
1425698902382,37.498355,139.924803,4,0.137,-0.761,9.463,1.266
1425698902483,37.498356,139.924802,4,0.145,-0.452,9.611,1.169
1425698902583,37.498355,139.924801,4,0.149,-0.1,9.581,0.94
1425698902684,37.498354,139.924799,4,0.157,0.152,9.35,0.733
1425698902785,37.498353,139.924798,4,0.17,0.245,9.136,0.553
1425698902885,37.498353,139.924797,4,0.159,0.182,9.242,0.399
1425698902981,37.498352,139.924796,4,0.173,0.116,9.533,0.275
1425698903082,37.498352,139.924795,4,0.172,0.083,9.622,0.169
1425698903182,37.498351,139.924795,4,0.175,0.108,9.45,0.09
1425698903283,37.498351,139.924794,4,0.169,0.131,9.294,0.035
1425698919381,37.498493,139.92483,6,0.157,0.108,9.351,1.732
1425698919482,37.498496,139.924829,5,-0.732,-0.337,9.076,1.757
1425698919583,37.498498,139.924828,5,-1.263,-0.758,8.915,1.781
1425698919683,37.4985,139.924826,5,-1.407,-1.169,9.069,1.805
1425698919784,37.498502,139.924824,5,-1.342,-1.575,9.475,1.83
1425698919885,37.498504,139.924822,5,-1.218,-1.877,9.805,1.855
1425698919981,37.498506,139.92482,5,-1.02,-1.978,9.705,1.879
1425698920081,37.498509,139.924818,5,-0.768,-1.99,9.552,1.904
1425698920182,37.498511,139.924816,5,-0.524,-1.908,9.318,1.93
1425698920283,37.498513,139.924814,5,-0.22,-1.787,9.162,1.956
1425698920383,37.498515,139.924812,5,0.138,-1.672,9.232,1.982
1425698920484,37.498517,139.924811,4,0.272,-1.533,9.872,2.0
1425698920585,37.498519,139.924809,4,0.097,-1.12,10.164,2.0
1425698920686,37.49852,139.924808,4,-0.07,-0.675,9.659,2.0
1425698920781,37.498522,139.924807,4,-0.069,-0.328,9.044,2.0
1425698920882,37.498523,139.924805,4,0.008,-0.107,8.803,2.0
1425698920983,37.498524,139.924804,4,0.079,0.041,9.17,2.0
1425698921083,37.498526,139.924803,4,0.058,0.459,9.787,2.0
1425698921184,37.498527,139.924801,4,-0.124,0.938,9.901,2.0
1425698921285,37.498529,139.9248,4,-0.327,1.207,9.291,2.0
1425698929382,37.498615,139.924467,6,-0.268,1.218,8.865,3.5
1425698929482,37.498616,139.924463,6,-0.168,0.63,8.947,3.5
1425698929583,37.498617,139.924459,6,-0.102,0.245,9.04,3.5
1425698929684,37.498618,139.924455,6,-0.039,0.052,9.119,3.5
1425698929784,37.498619,139.924451,6,0.014,-0.101,9.288,3.5
1425698929885,37.49862,139.924447,6,0.057,-0.207,9.671,3.5
1425698929981,37.498621,139.924443,6,0.029,-0.315,9.803,3.5
1425698930082,37.498622,139.924439,6,0.021,-0.313,9.572,3.5
1425698930182,37.498623,139.924435,6,0.059,-0.187,9.318,3.5
1425698930283,37.498624,139.924432,6,0.081,-0.081,9.023,3.5
1425698930384,37.498624,139.924428,6,0.064,-0.14,9.095,3.5
1425698930484,37.498626,139.924423,8,0.055,-0.233,9.397,3.5
1425698930585,37.498629,139.924418,8,0.043,-0.313,9.598,3.5
1425698930681,37.498633,139.924413,8,0.074,-0.248,9.311,3.5
1425698930781,37.498636,139.924408,8,0.095,-0.152,9.127,3.5
1425698930882,37.498639,139.924403,8,0.071,-0.129,9.4,3.5
1425698930983,37.498643,139.924398,8,0.064,-0.179,9.645,3.5
1425698931084,37.498646,139.924393,8,0.077,-0.234,9.531,3.5
1425698931184,37.498649,139.924388,8,0.117,-0.269,9.53,3.5
1425698931285,37.498653,139.924382,8,0.182,-0.213,9.701,3.5
1425698931381,37.498656,139.924378,8,0.224,-0.152,9.627,3.5
1425698931481,37.498659,139.924373,8,0.221,-0.055,9.355,3.5
1425698931582,37.498661,139.924369,8,0.129,-0.047,9.329,3.5
1425698931683,37.498663,139.924365,8,0.094,-0.079,9.514,3.5
1425698931783,37.498666,139.924361,8,0.055,-0.205,9.54,3.5
1425698931884,37.498668,139.924357,8,0.014,-0.304,9.073,3.5
1425698931985,37.49867,139.924353,8,0.043,-0.492,9.503,3.5
1425698932081,37.498673,139.924349,8,0.005,-0.604,9.667,3.5
1425698932181,37.498675,139.924345,8,0.009,-0.693,9.743,3.5
1425698932282,37.498677,139.924341,8,0.034,-0.677,9.561,3.5
1425698932383,37.498679,139.924337,8,0.058,-0.634,9.225,3.5
1425698932483,37.498682,139.924333,6,0.095,-0.615,9.213,3.5
1425698932584,37.498683,139.924329,6,0.083,-0.608,9.505,3.5
1425698932685,37.498685,139.924326,6,0.072,-0.597,9.557,3.5
1425698932786,37.498687,139.924323,6,0.065,-0.548,9.468,3.5
1425698932881,37.498689,139.924319,6,0.095,-0.494,9.427,3.5
1425698932982,37.498691,139.924316,6,0.079,-0.544,9.564,3.5
1425698933083,37.498692,139.924312,6,0.08,-0.457,9.351,3.5
1425698933183,37.498694,139.924309,6,0.106,-0.399,8.948,3.5
1425698933284,37.498696,139.924306,6,0.109,-0.441,9.214,3.5
1425698933385,37.498698,139.924302,6,0.075,-0.512,9.658,3.5
1425698933485,37.4987,139.924299,6,0.078,-0.541,9.655,3.5
1425698933581,37.498701,139.924295,6,0.087,-0.527,9.487,3.5
1425698933682,37.498703,139.924291,6,0.088,-0.472,9.343,3.5
1425698933783,37.498705,139.924287,6,0.091,-0.44,9.168,3.5
1425698933883,37.498707,139.924283,6,0.027,-0.492,9.281,3.5
1425698933984,37.498709,139.924279,6,-0.002,-0.528,9.572,3.5
1425698934085,37.498711,139.924275,6,0.039,-0.509,9.495,3.5
1425698934185,37.498713,139.924271,6,0.081,-0.493,9.358,3.5
1425698934281,37.498715,139.924267,6,0.158,-0.626,9.684,3.5
1425698934382,37.498717,139.924263,6,0.227,-0.636,9.784,3.5
1425698934482,37.498719,139.924259,6,0.102,-0.597,9.415,3.5
1425698934583,37.49872,139.924256,6,-0.057,-0.52,9.183,3.5
1425698934684,37.498722,139.924252,6,-0.111,-0.46,9.062,3.5
1425698934785,37.498724,139.924249,6,-0.111,-0.459,8.974,3.5
1425698934885,37.498725,139.924246,6,-0.031,-0.574,9.39,3.5
1425698934981,37.498727,139.924242,6,0.03,-0.687,9.887,3.5
1425698935082,37.498729,139.924239,6,0.074,-0.685,9.823,3.5
1425698935182,37.49873,139.924236,6,0.096,-0.616,9.362,3.5
1425698935283,37.498732,139.924233,6,0.154,-0.551,9.144,3.5
1425698935384,37.498734,139.924229,6,0.187,-0.567,9.298,3.5
1425698935485,37.498735,139.924226,6,0.153,-0.632,9.536,3.5
1425698935585,37.498736,139.924221,6,0.092,-0.689,9.609,3.5
1425698935681,37.498737,139.924217,6,-0.017,-0.675,9.558,3.5
1425698935782,37.498738,139.924213,6,-0.114,-0.629,9.438,3.5
1425698935882,37.498738,139.924209,6,-0.124,-0.562,9.246,3.5
1425698935983,37.498739,139.924205,6,-0.089,-0.65,9.175,3.5
1425698936084,37.49874,139.9242,6,0.021,-0.74,9.395,3.5
1425698936184,37.498741,139.924196,6,0.122,-0.782,9.621,3.5
1425698936285,37.498742,139.924192,6,0.158,-0.797,9.68,3.5
1425698936381,37.498742,139.924188,6,0.128,-0.767,9.644,3.5
1425698936482,37.498743,139.924184,6,-0.002,-0.718,9.428,3.5
1425698936582,37.498745,139.92418,6,-0.164,-0.665,9.145,3.5
1425698936683,37.498746,139.924177,6,-0.259,-0.645,9.183,3.5
1425698936784,37.498747,139.924173,6,-0.247,-0.622,9.471,3.5
1425698936884,37.498748,139.924169,6,-0.153,-0.554,9.57,3.5
1425698936985,37.498749,139.924166,6,-0.026,-0.406,9.518,3.5
1425698937081,37.498751,139.924162,6,0.008,-0.309,9.459,3.5
1425698937182,37.498752,139.924159,6,-0.036,-0.25,9.379,3.5
1425698937282,37.498753,139.924155,6,-0.032,-0.199,9.236,3.5
1425698937383,37.498754,139.924151,6,0.047,-0.193,9.313,3.5
1425698937484,37.498755,139.924149,6,0.158,-0.214,9.57,3.388
1425698937584,37.498756,139.924149,6,0.17,-0.235,9.571,3.075
1425698937685,37.498757,139.92415,6,0.109,-0.265,9.354,2.78
1425698937781,37.498758,139.92415,6,-0.013,-0.342,9.3,2.519
1425698937881,37.498758,139.92415,6,-0.125,-0.455,9.413,2.269
1425698937982,37.498759,139.92415,6,-0.138,-0.579,9.479,2.038
1425698938083,37.498759,139.92415,6,-0.049,-0.678,9.506,1.828
1425698938183,37.49876,139.924151,6,0.047,-0.75,9.47,1.642
1425698938284,37.49876,139.924151,6,0.104,-0.806,9.384,1.476
1425698938385,37.498761,139.924151,6,0.056,-0.873,9.364,1.331
1425698938481,37.498761,139.924151,6,-0.039,-0.928,9.448,1.241
1425698938581,37.498761,139.924151,6,-0.119,-0.99,9.485,1.214
1425698938682,37.498762,139.924151,6,-0.137,-1.058,9.44,1.187
1425698938783,37.498762,139.924151,6,-0.075,-0.78,9.595,1.161
1425698938883,37.498762,139.924151,6,0.012,-0.301,9.691,1.135
1425698938984,37.498763,139.924151,6,0.041,0.048,9.43,1.11
1425698939085,37.498763,139.924151,6,0.0,0.188,9.105,1.085
1425698939181,37.498763,139.924151,6,-0.005,0.189,9.118,1.062
1425698939281,37.498764,139.924151,6,0.036,0.094,9.413,1.038
1425698939382,37.498764,139.924151,6,0.078,-0.049,9.602,1.015
1425698939483,37.498764,139.924151,6,0.066,-0.137,9.542,1.0
1425698939583,37.498765,139.92415,6,0.009,-0.087,9.447,1.0
1425698939684,37.498765,139.924149,6,-0.051,0.022,9.402,1.0
1425698939785,37.498765,139.924148,6,-0.045,0.107,9.389,1.0
1425698939886,37.498766,139.924147,6,0.007,0.114,9.386,1.0
1425698939981,37.498766,139.924146,6,0.054,0.08,9.432,1.0
1425698940087,37.498767,139.924145,6,0.071,0.058,9.468,1.0
1425698940183,37.498767,139.924144,6,0.056,0.043,9.456,1.0
1425698940282,37.498767,139.924143,6,0.007,0.041,9.43,1.0
1425698940384,37.498768,139.924142,6,-0.036,0.04,9.409,1.0
1425698940483,37.498767,139.924142,6,-0.035,0.038,9.427,0.935
1425698940585,37.498766,139.924144,6,0.001,0.038,9.452,0.748
1425698940681,37.498764,139.924146,6,0.044,0.032,9.437,0.591
1425698940782,37.498763,139.924148,6,0.056,0.032,9.43,0.446
1425698940883,37.498762,139.924149,6,0.039,0.021,9.425,0.321
1425698940983,37.498761,139.92415,6,0.022,0.007,9.429,0.218
1425698941084,37.49876,139.924151,6,-0.0,0.003,9.431,0.134
1425698941185,37.49876,139.924152,6,-0.002,0.016,9.424,0.07
1425698941285,37.498759,139.924153,6,0.01,0.02,9.415,0.027
1425698941381,37.498759,139.924153,6,0.03,0.015,9.434,0.005
1425698950379,37.498755,139.924125,5,0.038,0.016,9.435,0.25
1425698956381,37.498763,139.924104,3,0.046,0.019,9.434,0.0
1425698992379,37.499275,139.922298,9,0.053,0.02,9.432,10.25
1425698992385,37.499275,139.922297,9,0.057,0.02,9.429,10.25
1425698992485,37.499278,139.922285,9,0.207,-0.018,9.401,10.25
1425698992581,37.499281,139.922275,9,0.268,-0.16,9.592,10.25
1425698992682,37.499284,139.922265,9,0.24,-0.24,9.887,10.25
1425698992782,37.499287,139.922254,9,0.2,-0.266,9.998,10.25
1425698992883,37.49929,139.922244,9,0.133,-0.225,9.74,10.25
1425698992984,37.499293,139.922233,9,0.089,-0.188,9.634,10.25
1425698993084,37.499296,139.922222,9,0.012,-0.075,8.951,10.25
1425698993185,37.499299,139.922212,9,-0.05,-0.006,8.798,10.25
1425698993281,37.499302,139.922202,9,-0.059,-0.089,9.299,10.25
1425698993382,37.499305,139.922191,9,0.014,-0.129,9.501,10.25
1425698993482,37.499308,139.92218,8,0.081,-0.13,9.13,10.242
1425698993583,37.499311,139.922168,8,0.108,-0.079,9.149,10.216
1425698993684,37.499314,139.922155,8,0.138,-0.162,9.597,10.191
1425698993784,37.499316,139.922143,8,0.166,-0.312,10.224,10.166
1425698993885,37.499319,139.922131,8,0.158,-0.326,10.084,10.14
1425698993981,37.499322,139.922119,8,0.19,-0.253,9.402,10.116
1425698994082,37.499325,139.922107,8,0.196,-0.259,8.923,10.091
1425698994182,37.499328,139.922095,8,0.039,-0.58,9.027,10.066
1425698994283,37.49933,139.922083,8,-0.006,-0.958,8.886,10.041
1425698994384,37.499333,139.922071,8,-0.018,-1.284,9.107,10.016
1425698994484,37.499336,139.92206,10,0.084,-1.639,10.011,9.964
1425698994581,37.49934,139.922052,10,0.146,-1.91,10.949,9.863
1425698994681,37.499343,139.922044,10,0.121,-1.812,10.519,9.76
1425698994781,37.499347,139.922035,10,0.173,-1.56,9.143,9.657
1425698994882,37.499351,139.922027,10,0.212,-1.396,8.156,9.555
1425698994983,37.499354,139.922019,10,0.252,-1.372,8.481,9.454
1425698995083,37.499358,139.922011,10,0.278,-1.473,9.168,9.355
1425698995184,37.499361,139.922003,10,0.23,-1.64,9.672,9.256
1425698995285,37.499364,139.921995,10,0.088,-1.718,10.064,9.158
1425698995381,37.499368,139.921987,10,-0.042,-1.746,10.161,9.066
1425698995481,37.49937,139.921979,10,-0.173,-1.629,9.785,8.958
1425698995582,37.499372,139.921969,10,-0.178,-1.392,8.888,8.824
1425698995683,37.499374,139.92196,10,-0.183,-1.218,8.295,8.692
1425698995783,37.499375,139.92195,10,-0.172,-1.377,8.925,8.563
1425698995884,37.499377,139.921941,10,-0.141,-1.749,9.743,8.435
1425698995985,37.499378,139.921932,10,-0.121,-2.09,9.744,8.308
1425698996081,37.49938,139.921923,10,-0.059,-2.256,9.317,8.19
1425698996181,37.499381,139.921914,10,0.015,-2.368,9.28,8.068
1425698996282,37.499383,139.921905,10,0.038,-2.483,9.733,7.947
1425698996383,37.499384,139.921897,10,0.065,-2.472,9.553,7.828
1425698996483,37.499386,139.921889,10,0.069,-2.474,9.239,7.664
1425698996584,37.499388,139.921885,10,0.024,-2.484,9.119,7.404
1425698996685,37.49939,139.92188,10,0.034,-2.576,9.717,7.153
1425698996781,37.499392,139.921876,10,0.049,-2.62,10.131,6.921
1425698996886,37.499394,139.921871,10,0.028,-2.58,9.885,6.675
1425698996982,37.499396,139.921867,10,0.013,-2.519,9.468,6.458
1425698997081,37.499398,139.921863,10,-0.057,-2.399,8.909,6.241
1425698997183,37.4994,139.921859,10,-0.095,-2.292,8.597,6.026
1425698997282,37.499401,139.921855,10,-0.111,-2.329,9.057,5.825
1425698997385,37.499403,139.921851,10,-0.009,-2.329,9.313,5.623
1425698997484,37.499404,139.921848,10,0.007,-2.289,8.975,5.404
1425698997582,37.499405,139.921844,10,-0.061,-2.376,9.19,5.137
1425698997682,37.499405,139.92184,10,-0.138,-2.489,9.785,4.875
1425698997782,37.499406,139.921837,10,-0.174,-2.746,10.175,4.625
1425698997883,37.499406,139.921834,10,-0.057,-2.747,9.98,4.384
1425698997984,37.499406,139.92183,10,0.024,-2.602,9.255,4.155
1425698998085,37.499407,139.921827,10,0.036,-2.546,8.89,3.937
1425698998185,37.499407,139.921825,10,-0.049,-2.607,9.117,3.734
1425698998281,37.499407,139.921822,10,-0.131,-2.713,9.457,3.549
1425698998382,37.499408,139.92182,10,-0.18,-2.799,9.668,3.366
1425698998482,37.499408,139.921818,8,-0.237,-2.821,9.656,3.122
1425698998583,37.499407,139.921817,8,-0.292,-2.797,9.354,2.737
1425698998684,37.499406,139.921817,8,-0.288,-2.761,9.081,2.385
1425698998785,37.499406,139.921816,8,-0.235,-2.711,9.233,2.064
1425698998885,37.499405,139.921816,8,-0.129,-1.985,9.907,1.778
1425698998981,37.499405,139.921815,8,-0.033,-0.966,10.27,1.533
1425698999082,37.499404,139.921815,8,0.046,-0.152,9.653,1.307
1425698999182,37.499404,139.921815,8,0.089,0.249,8.801,1.113
1425698999283,37.499403,139.921814,8,0.058,0.307,8.509,0.95
1425698999384,37.499403,139.921814,8,0.052,0.228,8.922,0.819
1425698999484,37.499402,139.921813,7,0.039,0.085,9.573,0.7
1425698999585,37.499401,139.921811,7,0.016,-0.017,9.972,0.561
1425698999681,37.4994,139.921809,7,-0.022,-0.022,9.744,0.444
1425698999782,37.499399,139.921807,7,-0.033,0.049,9.293,0.335
1425698999882,37.499398,139.921805,7,-0.049,0.069,9.064,0.242
1425698999983,37.499397,139.921804,7,-0.022,0.038,9.299,0.164
1425699000084,37.499396,139.921803,7,0.011,-0.014,9.591,0.1
1425699000184,37.499396,139.921802,7,0.047,-0.038,9.594,0.053
1425699000285,37.499395,139.921801,7,0.056,-0.006,9.397,0.02
1425699000381,37.499395,139.921801,7,0.029,0.012,9.266,0.004
1425699016383,37.499664,139.920717,7,0.109,1.624,9.399,8.783
1425699016484,37.499667,139.920707,7,-0.011,0.825,10.008,8.741
1425699016585,37.499671,139.9207,7,-0.054,0.217,10.234,8.716
1425699016685,37.499674,139.920692,7,-0.084,-0.012,9.768,8.691
1425699016781,37.499678,139.920685,7,-0.114,0.003,9.011,8.666
1425699016882,37.499681,139.920677,7,-0.089,0.017,8.937,8.641
1425699016983,37.499685,139.920669,7,-0.105,-0.02,9.257,8.616
1425699017083,37.499688,139.920662,7,-0.095,-0.111,9.23,8.591
1425699017184,37.499692,139.920654,7,-0.06,-0.155,9.074,8.566
1425699017285,37.499695,139.920646,7,-0.032,-0.222,9.474,8.541
1425699017385,37.499699,139.920639,7,-0.002,-0.267,9.931,8.516
1425699017481,37.499702,139.920631,7,-0.036,-0.224,9.665,8.5
1425699017582,37.499704,139.920621,7,-0.013,-0.183,9.324,8.5
1425699017682,37.499706,139.920611,7,-0.041,-0.171,9.15,8.5
1425699017783,37.499709,139.920601,7,-0.019,-0.195,9.352,8.5
1425699017884,37.499711,139.920591,7,0.101,-0.204,9.733,8.5
1425699017984,37.499713,139.920582,7,0.102,-0.165,9.498,8.5
1425699018085,37.499716,139.920572,7,0.11,-0.127,9.224,8.5
1425699018181,37.499718,139.920562,7,0.072,-0.194,9.55,8.5
1425699018282,37.49972,139.920552,7,0.048,-0.254,9.886,8.5
1425699018382,37.499722,139.920543,7,0.085,-0.138,9.299,8.5
1425699018483,37.499725,139.920533,7,0.136,-0.101,8.901,8.5
1425699018584,37.499727,139.920522,7,0.162,0.042,8.386,8.5
1425699018685,37.499729,139.920512,7,0.101,-0.127,9.325,8.5
1425699018785,37.499731,139.920502,7,0.154,-0.561,10.899,8.5
1425699018881,37.499733,139.920492,7,0.069,-0.625,10.913,8.5
1425699018982,37.499736,139.920482,7,0.06,-0.277,8.821,8.5
1425699019082,37.499738,139.920472,7,0.006,-0.156,7.983,8.5
1425699019183,37.49974,139.920461,7,0.091,0.045,8.438,8.5
1425699019284,37.499742,139.920451,7,0.171,-0.045,9.407,8.5
1425699019384,37.499745,139.920441,7,0.177,-0.467,10.012,8.5
1425699019485,37.499747,139.920432,8,0.054,-0.606,10.021,8.473
1425699019581,37.49975,139.920425,8,0.044,-0.771,10.544,8.398
1425699019681,37.499753,139.920418,8,-0.058,-1.255,10.948,8.321
1425699019782,37.499756,139.920411,8,-0.116,-1.256,10.105,8.243
1425699019883,37.499758,139.920404,8,-0.127,-0.932,8.45,8.167
1425699019984,37.499761,139.920397,8,-0.048,-0.636,7.111,8.091
1425699020084,37.499764,139.920391,8,-0.134,-0.582,7.151,8.016
1425699020185,37.499767,139.920384,8,-0.276,-0.749,8.705,7.942
1425699020281,37.499769,139.920378,8,-0.229,-1.224,10.902,7.872
1425699020381,37.499772,139.920371,8,-0.089,-1.257,12.278,7.8
1425699020482,37.499775,139.920365,10,-0.187,-0.818,11.061,7.725
1425699020583,37.499778,139.92036,10,-0.109,-0.22,8.671,7.646
1425699020684,37.499782,139.920354,10,-0.087,-0.004,7.659,7.568
1425699020784,37.499785,139.920349,10,-0.07,0.049,8.108,7.491
1425699020885,37.499788,139.920344,10,-0.076,-0.295,9.442,7.414
1425699020981,37.499791,139.920339,10,-0.081,-0.791,10.052,7.342
1425699021081,37.499795,139.920334,10,0.007,-1.088,9.904,7.268
1425699021182,37.499798,139.920328,10,0.013,-1.313,9.791,7.194
1425699021283,37.499801,139.920323,10,0.022,-1.398,9.66,7.12
1425699021383,37.499804,139.920318,10,-0.0,-1.371,9.2,7.048
1425699021484,37.499806,139.920313,10,-0.052,-1.385,8.943,6.963
1425699021585,37.499808,139.920306,10,-0.091,-1.458,9.066,6.856
1425699021681,37.499809,139.920299,10,-0.104,-1.626,9.553,6.755
1425699021781,37.499811,139.920293,10,-0.084,-1.688,9.47,6.652
1425699021882,37.499812,139.920286,10,0.007,-1.741,9.128,6.549
1425699021983,37.499813,139.92028,10,0.046,-1.864,9.307,6.448
1425699022083,37.499814,139.920273,10,0.085,-1.87,9.332,6.349
1425699022184,37.499816,139.920267,10,0.058,-1.934,9.552,6.251
1425699022285,37.499817,139.920261,10,-0.12,-1.995,9.676,6.154
1425699022385,37.499818,139.920255,10,-0.251,-2.009,9.824,6.06
1425699022481,37.499819,139.920249,7,-0.15,-1.706,9.844,5.947
1425699022582,37.499819,139.920243,7,-0.106,-1.329,9.489,5.777
1425699022683,37.499819,139.920237,7,-0.106,-1.085,9.2,5.612
1425699022783,37.499819,139.920231,7,-0.084,-1.204,8.852,5.453
1425699022884,37.499819,139.920226,7,0.032,-1.517,8.818,5.296
1425699022985,37.499818,139.92022,7,0.056,-1.852,9.479,5.144
1425699023085,37.499818,139.920215,7,-0.019,-1.796,10.106,4.998
1425699023181,37.499818,139.92021,7,-0.083,-1.254,10.083,4.861
1425699023282,37.499818,139.920205,7,-0.2,-0.658,9.556,4.722
1425699023382,37.499818,139.9202,7,-0.4,-0.29,9.023,4.588
1425699023483,37.499818,139.920196,7,-0.438,-0.525,8.485,4.441
1425699023584,37.499818,139.920191,7,-0.296,-0.93,8.66,4.264
1425699023685,37.499817,139.920188,7,-0.103,-1.272,9.435,4.094
1425699023785,37.499817,139.920184,7,0.068,-1.499,10.119,3.931
1425699023881,37.499817,139.92018,7,0.115,-1.533,10.106,3.78
1425699023982,37.499816,139.920177,7,0.064,-1.533,9.581,3.627
1425699024082,37.499816,139.920173,7,0.011,-1.488,9.168,3.482
1425699024183,37.499816,139.92017,7,-0.017,-1.506,9.079,3.342
1425699024284,37.499815,139.920167,7,-0.038,-1.583,9.42,3.207
1425699024385,37.499815,139.920164,7,-0.039,-1.401,9.797,3.079
1425699024485,37.499815,139.920161,6,-0.049,-1.028,9.75,2.945
1425699024581,37.499816,139.920157,6,-0.059,-0.743,9.402,2.799
1425699024682,37.499817,139.920153,6,-0.049,-0.445,9.247,2.651
1425699024782,37.499817,139.92015,6,-0.054,-0.228,9.207,2.512
1425699024883,37.499818,139.920147,6,-0.042,-0.123,9.221,2.378
1425699024984,37.499819,139.920143,6,-0.01,-0.078,9.466,2.251
1425699025084,37.499819,139.92014,6,-0.002,-0.044,9.603,2.131
1425699025185,37.49982,139.920138,6,-0.025,0.011,9.4,2.017
1425699025286,37.49982,139.920135,6,-0.048,0.066,9.212,1.91
1425699025382,37.499821,139.920133,6,-0.062,0.052,9.35,1.814
1425699025481,37.499821,139.92013,6,0.018,0.005,9.673,1.757
1425699025583,37.499822,139.920128,6,0.088,0.153,9.561,1.781
1425699025682,37.499822,139.920127,6,0.097,0.448,9.262,1.805
1425699025784,37.499823,139.920125,6,0.126,0.761,9.329,1.83
1425699025883,37.499823,139.920123,6,0.147,0.929,9.418,1.854
1425699025981,37.499824,139.920121,6,0.102,1.034,9.355,1.879
1425699026081,37.499824,139.920119,6,0.011,1.062,9.495,1.904
1425699026182,37.499825,139.920117,6,-0.004,1.03,9.726,1.93
1425699026283,37.499825,139.920115,6,-0.039,1.06,9.53,1.956
1425699037381,37.499967,139.919648,9,0.042,1.132,9.353,3.982
1425699037482,37.499968,139.919643,9,-0.037,0.44,9.591,3.974
1425699037582,37.49997,139.91964,9,-0.031,-0.214,10.318,3.892
1425699037683,37.499973,139.919638,9,-0.008,-0.632,10.565,3.811
1425699037784,37.499975,139.919635,9,0.006,-0.797,9.88,3.732
1425699037884,37.499978,139.919633,9,-0.034,-0.779,8.634,3.655
1425699037986,37.49998,139.91963,9,-0.096,-0.854,8.379,3.579
1425699038081,37.499982,139.919628,9,-0.107,-1.1,9.368,3.509
1425699038181,37.499984,139.919625,9,-0.145,-1.335,10.3,3.436
1425699038282,37.499986,139.919623,9,-0.131,-1.478,10.264,3.365
1425699038383,37.499989,139.919621,9,-0.172,-1.516,9.803,3.295
1425699038484,37.499991,139.919618,7,-0.227,-1.341,9.144,3.241
1425699038584,37.499994,139.919616,7,-0.294,-1.286,8.917,3.215
1425699038685,37.499997,139.919614,7,-0.255,-1.198,8.635,3.189
1425699038781,37.499999,139.919612,7,-0.165,-1.236,8.79,3.165
1425699038881,37.500002,139.91961,7,-0.069,-1.395,9.534,3.14
1425699038982,37.500005,139.919608,7,-0.004,-1.494,10.06,3.115
1425699039083,37.500007,139.919606,7,0.004,-1.432,9.792,3.089
1425699039184,37.50001,139.919604,7,-0.007,-0.984,9.586,3.065
1425699039284,37.500013,139.919602,7,-0.015,-0.511,9.493,3.04
1425699039385,37.500015,139.9196,7,-0.031,-0.173,9.406,3.016
1425699051379,37.500461,139.919654,6,-0.03,-0.157,9.407,4.784
1425699051384,37.500461,139.919654,6,-0.026,-0.141,9.41,4.781
1425699051485,37.500465,139.919656,5,0.02,-0.364,9.51,4.722
1425699051581,37.500468,139.919657,5,0.088,-0.541,9.499,4.644
1425699051681,37.50047,139.919659,5,0.157,-0.619,9.582,4.565
1425699051782,37.500473,139.91966,5,0.17,-0.673,9.633,4.487
1425699051883,37.500476,139.919662,5,0.088,-0.655,9.323,4.409
1425699051984,37.500478,139.919663,5,0.037,-0.711,9.069,4.334
1425699052084,37.500481,139.919665,5,0.029,-0.846,9.336,4.26
1425699052185,37.500484,139.919666,5,-0.034,-0.967,9.608,4.186
1425699052281,37.500486,139.919668,5,-0.084,-1.094,9.752,4.118
1425699052381,37.500488,139.919669,5,-0.073,-1.15,9.615,4.048
1425699052482,37.500491,139.919671,5,-0.005,-1.154,9.112,3.983
1425699052583,37.500494,139.919672,5,0.004,-1.211,9.098,3.93
1425699052684,37.500498,139.919674,5,-0.072,-1.217,9.408,3.877
1425699052784,37.500501,139.919675,5,-0.129,-1.283,9.613,3.826
1425699052885,37.500504,139.919677,5,-0.155,-1.321,9.657,3.774
1425699052981,37.500507,139.919678,5,-0.202,-1.288,9.364,3.726
1425699053081,37.50051,139.91968,5,-0.203,-1.26,9.197,3.677
1425699053182,37.500513,139.919681,5,-0.119,-1.236,9.295,3.627
1425699053283,37.500516,139.919683,5,-0.054,-1.264,9.416,3.579
1425699053383,37.500519,139.919684,5,-0.04,-1.298,9.529,3.531
1425699053484,37.500521,139.919685,4,-0.067,-1.31,9.517,3.421
1425699053585,37.500522,139.919686,4,-0.13,-1.332,9.319,3.196
1425699053685,37.500523,139.919686,4,-0.198,-1.333,9.337,2.984
1425699053781,37.500524,139.919687,4,-0.234,-1.36,9.372,2.792
1425699053887,37.500525,139.919688,4,-0.168,-1.359,9.5,2.592
1425699053983,37.500526,139.919688,4,-0.094,-1.336,9.487,2.422
1425699054082,37.500527,139.919689,4,-0.051,-1.307,9.4,2.258
1425699054184,37.500527,139.919689,4,-0.06,-1.312,9.341,2.102
1425699054283,37.500528,139.919689,4,-0.13,-1.363,9.35,1.961
1425699054385,37.500529,139.91969,4,-0.166,-1.375,9.47,1.828
1425699054481,37.500529,139.91969,4,-0.208,-1.383,9.476,1.696
1425699054582,37.500528,139.919692,4,-0.206,-1.365,9.408,1.527
1425699054682,37.500528,139.919693,4,-0.195,-1.385,9.335,1.368
1425699054783,37.500527,139.919694,4,-0.146,-1.409,9.397,1.216
1425699054884,37.500527,139.919695,4,-0.098,-1.432,9.474,1.073
1425699054985,37.500526,139.919696,4,-0.041,-1.415,9.487,0.939
1425699055085,37.500526,139.919696,4,0.004,-1.019,9.645,0.815
1425699055181,37.500525,139.919697,4,0.007,-0.453,9.756,0.705
1425699055282,37.500525,139.919698,4,-0.014,0.035,9.49,0.597
1425699055382,37.500525,139.919699,4,-0.054,0.263,9.059,0.499
1425699055483,37.500524,139.919699,4,-0.079,0.263,8.926,0.409
1425699055584,37.500524,139.9197,4,-0.048,0.206,9.294,0.328
1425699055685,37.500524,139.9197,4,-0.026,0.114,9.672,0.256
1425699055785,37.500524,139.919701,4,0.003,0.091,9.668,0.193
1425699055881,37.500523,139.919701,4,0.014,0.128,9.4,0.142
1425699055982,37.500523,139.919701,4,0.002,0.147,9.214,0.096
1425699056082,37.500523,139.919702,4,-0.019,0.118,9.328,0.059
1425699056183,37.500523,139.919702,4,-0.03,0.071,9.527,0.031
1425699056284,37.500523,139.919702,4,-0.024,0.064,9.556,0.012
1425699056384,37.500523,139.919702,4,-0.02,0.1,9.4,0.002
1425699075383,37.500748,139.919836,5,0.014,0.085,9.396,3.233
1425699075484,37.500751,139.919841,10,0.97,-0.191,9.623,3.303
1425699075584,37.500752,139.919849,10,1.657,-0.248,9.375,3.463
1425699075685,37.500754,139.919858,10,2.014,-0.228,9.119,3.635
1425699075781,37.500756,139.919867,10,2.161,-0.193,9.06,3.808
1425699075882,37.500758,139.919877,10,1.997,-0.209,9.32,3.999
1425699075982,37.50076,139.919887,10,1.593,-0.326,9.866,4.197
1425699076083,37.500762,139.919898,10,1.092,-0.359,9.913,4.407
1425699076184,37.500764,139.91991,10,0.7,-0.293,9.569,4.626
1425699076284,37.500767,139.919921,10,0.393,-0.221,9.188,4.853
1425699078379,37.500737,139.920033,6,0.186,-0.212,8.959,4.767
1425699118380,37.499956,139.922928,7,0.178,-0.215,8.958,9.75
1425699118385,37.499956,139.922928,7,0.173,-0.218,8.96,9.75
1425699118481,37.499953,139.922938,15,0.044,-0.172,9.142,9.734
1425699118582,37.49995,139.922946,15,0.005,-0.155,9.516,9.682
1425699118683,37.499946,139.922955,15,0.007,-0.214,9.627,9.631
1425699118783,37.499943,139.922963,15,0.094,-0.183,9.465,9.581
1425699118884,37.49994,139.922972,15,0.025,-0.264,9.804,9.53
1425699118985,37.499937,139.92298,15,0.045,-0.164,9.696,9.479
1425699119085,37.499933,139.922989,15,0.081,-0.081,9.14,9.429
1425699119181,37.49993,139.922997,15,0.166,-0.013,8.783,9.382
1425699119282,37.499927,139.923005,15,0.232,-0.113,9.225,9.332
1425699119382,37.499924,139.923013,15,0.209,-0.17,9.331,9.283
1425699119483,37.499921,139.923022,15,0.092,-0.243,9.555,9.224
1425699119584,37.499919,139.923031,15,0.074,-0.258,9.823,9.146
1425699119685,37.499917,139.92304,15,0.076,-0.298,9.812,9.068
1425699119785,37.499914,139.923048,15,0.084,-0.17,9.36,8.992
1425699119881,37.499912,139.923057,15,0.15,-0.145,9.376,8.919
1425699119982,37.49991,139.923065,15,0.068,-0.101,9.348,8.843
1425699120082,37.499908,139.923074,15,0.066,-0.063,9.321,8.769
1425699120183,37.499906,139.923082,15,0.059,-0.12,9.449,8.694
1425699120284,37.499904,139.92309,15,0.075,-0.148,9.568,8.62
1425699120384,37.499901,139.923099,15,0.163,-0.154,9.635,8.548
1425699120485,37.499899,139.923107,10,0.194,-0.158,9.453,8.482
1425699120581,37.499898,139.923114,10,0.235,-0.075,9.303,8.433
1425699120681,37.499896,139.923121,10,0.339,-0.096,9.316,8.382
1425699120782,37.499894,139.923128,10,0.261,-0.101,9.389,8.331
1425699120883,37.499892,139.923135,10,0.215,-0.186,9.8,8.28
1425699120984,37.49989,139.923142,10,0.165,-0.176,9.538,8.229
1425699121084,37.499888,139.92315,10,0.084,-0.132,9.276,8.179
1425699121185,37.499887,139.923157,10,0.111,-0.11,9.31,8.13
1425699121281,37.499885,139.923163,10,0.151,-0.153,9.602,8.082
1425699121381,37.499883,139.92317,10,0.313,-0.108,9.47,8.034
1425699121482,37.499882,139.923178,10,0.297,-0.181,9.499,8.0
1425699121583,37.499881,139.923188,10,0.298,-0.332,10.0,8.0
1425699121684,37.49988,139.923198,10,0.362,-0.261,10.1,8.0
1425699121784,37.49988,139.923208,10,0.284,-0.145,9.348,8.0
1425699121885,37.499879,139.923218,10,0.215,0.096,7.985,8.0
1425699121981,37.499878,139.923228,10,0.047,0.18,7.883,8.0
1425699122081,37.499878,139.923238,10,0.051,0.001,8.869,8.0
1425699122182,37.499877,139.923248,10,-0.046,-0.171,9.898,8.0
1425699122283,37.499876,139.923258,10,-0.164,-0.271,9.91,8.0
1425699122383,37.499875,139.923268,10,-0.226,-0.319,9.621,8.0
1425699122484,37.499875,139.923278,10,-0.193,-0.311,10.045,7.982
1425699122585,37.499873,139.923285,10,-0.177,-0.227,10.086,7.931
1425699122681,37.499872,139.923293,10,-0.106,-0.016,9.423,7.882
1425699122781,37.49987,139.9233,10,0.053,0.071,8.625,7.831
1425699122882,37.499869,139.923308,10,0.085,0.002,8.58,7.78
1425699122983,37.499867,139.923315,10,0.189,-0.104,9.334,7.729
1425699123083,37.499866,139.923322,10,0.332,-0.214,10.213,7.68
1425699123184,37.499865,139.92333,10,0.391,-0.242,10.22,7.63
1425699123285,37.499863,139.923337,10,0.42,-0.211,9.611,7.58
1425699123385,37.499862,139.923344,10,0.301,-0.046,8.98,7.532
1425699123481,37.499861,139.923351,8,0.223,-0.018,8.847,7.492
1425699123582,37.49986,139.923359,8,0.159,-0.087,9.394,7.467
1425699123683,37.499858,139.923367,8,0.166,-0.161,9.751,7.441
1425699123783,37.499857,139.923375,8,0.196,-0.132,9.567,7.416
1425699123884,37.499856,139.923383,8,0.213,-0.099,9.257,7.39
1425699123985,37.499855,139.923391,8,0.181,-0.046,9.106,7.365
1425699124086,37.499854,139.923399,8,0.144,-0.108,9.382,7.34
1425699124181,37.499853,139.923406,8,0.113,-0.179,9.69,7.316
1425699124282,37.499852,139.923414,8,0.2,-0.207,9.772,7.291
1425699124383,37.499851,139.923422,8,0.143,-0.188,9.53,7.266
1425699124483,37.499849,139.923429,8,0.137,-0.13,9.378,7.233
1425699124584,37.499845,139.923436,8,0.119,-0.123,9.535,7.181
1425699124685,37.499841,139.923442,8,0.034,-0.129,9.613,7.129
1425699124785,37.499838,139.923449,8,0.006,-0.093,9.391,7.079
1425699124881,37.499834,139.923455,8,0.098,-0.021,8.877,7.03
1425699124987,37.49983,139.923462,8,0.082,0.019,9.014,6.977
1425699125082,37.499827,139.923468,8,0.124,-0.103,9.471,6.93
1425699125181,37.499823,139.923474,8,0.128,-0.138,9.701,6.881
1425699125284,37.49982,139.923481,8,0.119,-0.159,9.574,6.831
1425699125383,37.499816,139.923487,8,0.142,-0.151,9.434,6.782
1425699125485,37.499813,139.923493,7,0.183,-0.156,9.962,6.741
1425699125581,37.499811,139.923499,7,0.175,-0.233,10.125,6.717
1425699125682,37.499809,139.923505,7,0.189,-0.106,9.521,6.691
1425699125782,37.499807,139.92351,7,0.159,-0.01,8.989,6.666
1425699125883,37.499805,139.923516,7,0.117,0.038,8.791,6.641
1425699125984,37.499803,139.923522,7,0.032,-0.058,9.329,6.615
1425699126084,37.499801,139.923528,7,0.09,-0.048,9.426,6.59
1425699126185,37.499798,139.923534,7,0.184,-0.066,9.299,6.565
1425699126281,37.499796,139.923539,7,0.325,-0.126,9.413,6.542
1425699126382,37.499794,139.923545,7,0.247,-0.138,9.626,6.517
1425699128381,37.499759,139.923675,7,0.228,-0.137,9.615,5.783
1425699130380,37.49972,139.923801,5,0.213,-0.138,9.607,5.767
1425699130385,37.49972,139.923801,5,0.198,-0.147,9.603,5.766
1425699130485,37.499718,139.923807,6,0.04,-0.486,9.522,5.741
1425699130581,37.499716,139.923812,6,0.067,-0.689,9.524,5.717
1425699130682,37.499713,139.923818,6,0.212,-0.565,9.556,5.691
1425699130783,37.499711,139.923823,6,0.242,-0.344,9.626,5.666
1425699130883,37.499708,139.923829,6,0.217,-0.174,9.467,5.64
1425699130984,37.499706,139.923834,6,0.166,-0.063,9.232,5.615
1425699131085,37.499703,139.92384,6,0.123,-0.018,9.295,5.59
1425699131185,37.499701,139.923845,6,0.081,-0.058,9.385,5.565
1425699131281,37.499698,139.92385,6,-0.001,-0.462,9.284,5.541
1425699131382,37.499696,139.923855,6,-0.091,-1.0,9.329,5.517
1425699131482,37.499693,139.923861,6,-0.096,-1.324,9.612,5.474
1425699131583,37.499691,139.923866,6,0.011,-1.119,9.979,5.394
1425699131684,37.499689,139.923872,6,0.113,-0.674,9.927,5.315
1425699131785,37.499686,139.923877,6,0.085,-0.291,9.343,5.237
1425699131885,37.499684,139.923883,6,0.049,-0.072,8.949,5.16
1425699131981,37.499682,139.923888,6,0.036,0.003,8.967,5.088
1425699132082,37.49968,139.923893,6,0.009,-0.35,9.057,5.013
1425699132182,37.499678,139.923898,6,-0.025,-0.818,9.122,4.94
1425699132283,37.499675,139.923903,6,-0.118,-1.118,9.399,4.868
1425699132384,37.499673,139.923908,6,0.06,-0.972,10.055,4.796
1425699132484,37.499671,139.923912,7,0.056,-0.666,10.303,4.722
1425699132585,37.499669,139.923917,7,0.032,-0.347,9.675,4.641
1425699132681,37.499667,139.92392,7,0.109,-0.117,8.995,4.565
1425699132782,37.499665,139.923924,7,0.226,0.001,8.939,4.487
1425699132882,37.499662,139.923928,7,0.259,-0.07,9.071,4.41
1425699132983,37.49966,139.923932,7,0.247,-0.63,9.443,4.334
1425699133084,37.499658,139.923936,7,0.131,-1.06,9.92,4.26
1425699133184,37.499656,139.92394,7,0.117,-1.067,9.889,4.187
1425699133285,37.499654,139.923943,7,0.14,-0.694,9.587,4.115
1425699133381,37.499652,139.923947,7,0.029,-0.367,9.279,4.048
1425699133482,37.499651,139.92395,7,-0.114,-0.179,8.923,3.953
1425699133582,37.499652,139.923954,7,-0.135,-0.105,8.79,3.808
1425699133683,37.499652,139.923958,7,0.008,-0.304,9.115,3.667
1425699133784,37.499653,139.923962,7,0.187,-0.601,9.637,3.531
1425699133884,37.499653,139.923965,7,0.246,-0.863,9.875,3.401
1425699133985,37.499654,139.923969,7,0.277,-0.985,9.55,3.274
1425699134081,37.499654,139.923972,7,0.347,-1.077,9.304,3.157
1425699134181,37.499655,139.923975,7,0.409,-1.21,9.568,3.041
1425699134282,37.499655,139.923978,7,0.335,-1.278,9.649,2.928
1425699134383,37.499656,139.923981,7,0.18,-1.299,9.302,2.819
1425699134484,37.499656,139.923983,7,0.018,-1.363,9.097,2.695
1425699134585,37.499656,139.923984,7,-0.114,-1.446,9.36,2.538
1425699134685,37.499656,139.923985,7,-0.153,-1.516,9.563,2.39
1425699134781,37.499656,139.923986,7,-0.115,-1.559,9.476,2.255
1425699134881,37.499656,139.923987,7,-0.017,-1.615,9.4,2.121
1425699134982,37.499656,139.923988,7,0.027,-1.65,9.406,1.993
1425699135083,37.499656,139.923989,7,0.02,-1.7,9.43,1.873
1425699135183,37.499656,139.923989,7,-0.013,-1.734,9.448,1.762
1425699135284,37.499656,139.92399,7,-0.02,-1.747,9.433,1.657
1425699135385,37.499656,139.923991,7,-0.027,-1.832,9.338,1.559
1425699135481,37.499655,139.923991,5,0.002,-1.976,9.291,1.408
1425699135581,37.499652,139.923992,5,0.014,-1.714,9.604,1.133
1425699135682,37.499649,139.923992,5,0.05,-0.849,10.079,0.885
1425699135783,37.499647,139.923993,5,0.036,0.01,9.853,0.667
1425699135883,37.499645,139.923993,5,0.078,0.453,9.116,0.482
1425699135984,37.499643,139.923993,5,0.164,0.531,8.642,0.326
1425699136085,37.499642,139.923994,5,0.23,0.451,8.869,0.2
1425699136181,37.499641,139.923994,5,0.239,0.291,9.429,0.109
1425699136281,37.49964,139.923994,5,0.152,0.017,9.829,0.043
1425699136382,37.49964,139.923994,5,0.075,-0.13,9.751,0.007
1425699150380,37.499593,139.924304,5,0.152,0.562,9.625,2.045
1425699165381,37.499528,139.924587,5,0.151,0.566,9.623,1.75
1425699165481,37.499528,139.924589,4,0.08,-0.099,9.608,1.742
1425699165582,37.499528,139.92459,4,0.062,-0.634,9.627,1.715
1425699165683,37.499528,139.924592,4,0.065,-0.898,9.576,1.688
1425699165784,37.499528,139.924594,4,0.055,-1.016,9.454,1.662
1425699165884,37.499528,139.924595,4,0.04,-0.935,9.457,1.637
1425699165985,37.499527,139.924597,4,0.074,-0.459,9.732,1.611
1425699166081,37.499527,139.924598,4,0.093,-0.077,9.658,1.588
1425699166181,37.499527,139.9246,4,0.1,0.106,9.249,1.563
1425699166282,37.499527,139.924601,4,0.12,0.184,9.027,1.539
1425699166383,37.499527,139.924603,4,0.137,0.174,9.268,1.516
1425699252383,37.499363,139.925225,4,0.136,0.172,9.285,2.25
1425699252483,37.499363,139.925228,4,-0.272,-0.363,9.407,2.241
1425699252584,37.499363,139.92523,4,-0.518,-0.769,9.459,2.215
1425699252685,37.499363,139.925233,4,-0.362,-0.876,9.384,2.189
1425699252785,37.499363,139.925235,4,0.045,-0.728,9.324,2.163
1425699252886,37.499363,139.925237,4,0.454,-0.432,9.427,2.137
1425699252982,37.499363,139.92524,4,0.628,-0.26,9.458,2.113
1425699253081,37.499363,139.925242,4,0.559,-0.264,9.451,2.089
1425699253183,37.499363,139.925244,4,0.279,-0.382,9.529,2.064
1425699253282,37.499363,139.925246,4,-0.023,-0.564,9.589,2.04
1425699253384,37.499363,139.925249,4,-0.172,-0.681,9.494,2.016
1425699253484,37.499363,139.925251,4,-0.088,-0.723,9.372,1.991
1425699253581,37.499364,139.925252,4,0.13,-0.721,9.414,1.965
1425699253682,37.499364,139.925254,4,0.391,-0.644,9.424,1.939
1425699253782,37.499364,139.925256,4,0.617,-0.554,9.382,1.913
1425699253883,37.499365,139.925258,4,0.73,-0.445,9.357,1.888
1425699253984,37.499365,139.925259,4,0.661,-0.325,9.375,1.862
1425699254084,37.499366,139.925261,4,0.434,-0.23,9.36,1.838
1425699254185,37.499366,139.925263,4,0.19,-0.157,9.392,1.813
1425699254281,37.499366,139.925264,4,0.05,-0.1,9.492,1.79
1425699254381,37.499367,139.925266,4,0.011,-0.079,9.497,1.766
1425699254482,37.499367,139.925267,4,0.041,-0.039,9.392,1.741
1425699254583,37.499368,139.925269,4,0.121,-0.035,9.332,1.715
1425699254684,37.499369,139.92527,4,0.247,-0.069,9.497,1.688
1425699254784,37.49937,139.925271,4,0.277,0.007,9.676,1.662
1425699254885,37.499371,139.925272,4,0.214,0.159,9.542,1.637
1425699254981,37.499371,139.925273,4,0.125,0.467,9.438,1.612
1425699255081,37.499372,139.925274,4,-0.074,0.661,9.476,1.588
1425699255182,37.499373,139.925275,4,-0.429,0.715,9.438,1.563
1425699255283,37.499374,139.925276,4,-0.753,0.667,9.361,1.539
1425699292379,37.501668,139.926246,6,-0.969,0.7,9.307,9.732
1425699294383,37.501851,139.926303,5,-0.963,0.696,9.314,9.983
1425699294483,37.50186,139.926306,4,-0.358,0.14,10.195,9.974
1425699294584,37.501868,139.926309,4,0.056,-0.089,9.997,9.896
1425699294685,37.501877,139.926312,4,0.201,-0.029,9.201,9.818
1425699294786,37.501885,139.926315,4,0.352,0.125,8.416,9.741
1425699294881,37.501893,139.926318,4,0.384,0.153,8.222,9.67
1425699294982,37.501901,139.926321,4,0.462,0.039,8.213,9.594
1425699295083,37.50191,139.926324,4,0.461,-0.195,8.951,9.518
1425699295183,37.501918,139.926327,4,0.419,-0.388,10.24,9.445
1425699295284,37.501926,139.92633,4,0.39,-0.524,11.0,9.37
1425699295385,37.501934,139.926333,4,0.28,-0.364,10.436,9.297
1425699295485,37.501942,139.926336,5,0.268,-0.13,9.398,9.259
1425699295586,37.501951,139.926339,5,0.214,-0.068,8.667,9.284
1425699295682,37.501959,139.926342,5,0.21,0.004,8.542,9.307
1425699295781,37.501968,139.926345,5,0.24,-0.042,8.963,9.332
1425699295883,37.501977,139.926347,5,0.283,-0.135,9.128,9.357
1425699295982,37.501986,139.92635,5,0.441,-0.215,9.451,9.382
1425699296085,37.501995,139.926353,5,0.495,-0.311,9.787,9.408
1425699296184,37.502004,139.926356,5,0.331,-0.312,9.469,9.433
1425699296281,37.502013,139.926359,5,0.279,-0.38,9.776,9.457
1425699296382,37.502022,139.926362,5,0.081,-0.326,9.432,9.483
1425699296482,37.502031,139.926365,5,0.227,-0.334,9.664,9.5
1425699296583,37.502039,139.926368,5,0.591,-0.389,10.15,9.5
1425699296684,37.502047,139.926371,5,0.508,-0.357,9.816,9.5
1425699296785,37.502055,139.926373,5,0.548,-0.131,9.413,9.5
1425699296885,37.502063,139.926376,5,0.401,-0.117,9.038,9.5
1425699296981,37.50207,139.926379,5,0.334,0.118,8.016,9.5
1425699297082,37.502079,139.926382,5,0.249,-0.083,8.158,9.5
1425699297182,37.502087,139.926385,5,0.269,-0.295,9.21,9.5
1425699297283,37.502095,139.926387,5,0.245,-0.615,10.337,9.5
1425699297384,37.502103,139.92639,5,0.202,-0.825,10.894,9.5
1425699297484,37.502111,139.926393,5,0.225,-0.794,10.366,9.491
1425699297585,37.502119,139.926397,5,0.169,-0.606,9.318,9.466
1425699297681,37.502127,139.9264,5,0.23,-0.5,8.643,9.442
1425699297782,37.502135,139.926403,5,0.296,-0.494,8.244,9.416
1425699297882,37.502143,139.926406,5,0.25,-0.653,8.592,9.391
1425699297983,37.502151,139.92641,5,0.406,-0.851,9.65,9.366
1425699298084,37.502159,139.926413,5,0.534,-1.167,10.837,9.341
1425699298184,37.502167,139.926416,5,0.719,-1.269,11.088,9.316
1425699298285,37.502175,139.92642,5,0.767,-1.101,10.08,9.291
1425699298381,37.502183,139.926423,5,0.693,-0.879,8.997,9.267
1425699298482,37.50219,139.926426,6,0.488,-0.71,8.584,9.225
1425699298582,37.502197,139.926428,6,0.43,-0.597,8.545,9.147
1425699298683,37.502203,139.92643,6,0.31,-0.599,8.72,9.07
1425699298784,37.50221,139.926432,6,0.389,-0.701,9.607,8.992
1425699298884,37.502216,139.926434,6,0.301,-0.732,10.293,8.917
1425699298985,37.502222,139.926436,6,0.1,-0.643,10.036,8.841
1425699299081,37.502228,139.926438,6,-0.019,-0.555,9.617,8.769
1425699299181,37.502235,139.92644,6,-0.006,-0.356,9.026,8.696
1425699299282,37.502241,139.926442,6,0.023,-0.265,8.702,8.622
1425699299383,37.502247,139.926444,6,0.151,-0.292,9.033,8.548
1425699299483,37.502253,139.926446,6,0.376,-0.441,9.501,8.483
1425699299584,37.502258,139.92645,6,0.389,-0.589,9.626,8.431
1425699299685,37.502264,139.926454,6,0.35,-0.731,9.801,8.38
1425699299781,37.502269,139.926457,6,0.375,-0.736,9.534,8.331
1425699299881,37.502275,139.926461,6,0.296,-0.897,9.753,8.281
1425699299982,37.50228,139.926465,6,0.227,-1.032,9.961,8.23
1425699300083,37.502286,139.926469,6,0.256,-1.013,9.524,8.18
1425699300183,37.502291,139.926472,6,0.101,-1.017,9.458,8.131
1425699300284,37.502296,139.926476,6,-0.037,-0.999,9.416,8.081
1425699300385,37.502302,139.92648,6,-0.138,-0.94,9.345,8.032
1425699300481,37.502307,139.926483,6,-0.174,-0.895,9.269,7.976
1425699300581,37.502315,139.926486,6,-0.205,-0.796,8.866,7.898
1425699300682,37.502323,139.926489,6,-0.154,-0.628,8.982,7.819
1425699300783,37.502331,139.926492,6,-0.02,-0.499,9.716,7.742
1425699300883,37.502338,139.926495,6,-0.04,-0.375,10.047,7.666
1425699300984,37.502346,139.926498,6,-0.073,-0.213,9.565,7.59
1425699301085,37.502353,139.926501,6,-0.121,-0.084,9.078,7.515
1425699301185,37.502361,139.926504,6,-0.213,-0.063,9.112,7.442
1425699301281,37.502368,139.926507,6,-0.229,-0.093,9.359,7.372
1425699301382,37.502375,139.92651,6,-0.15,-0.224,9.469,7.299
1425699301483,37.502382,139.926513,6,0.029,-0.399,9.436,7.224
1425699301583,37.502388,139.926516,6,0.174,-0.603,9.543,7.146
1425699301684,37.502394,139.926519,6,0.254,-0.763,9.8,7.067
1425699301785,37.5024,139.926522,6,0.212,-0.875,9.756,6.99
1425699301885,37.502406,139.926525,6,0.073,-0.926,9.538,6.914
1425699301981,37.502412,139.926527,6,-0.021,-0.984,9.68,6.842
1425699302082,37.502417,139.92653,6,-0.13,-0.985,9.6,6.766
1425699302182,37.502423,139.926533,6,-0.154,-0.913,9.155,6.693
1425699302283,37.502429,139.926536,6,-0.154,-0.879,9.033,6.62
1425699302384,37.502434,139.926538,6,-0.179,-0.898,9.357,6.547
1425699302485,37.50244,139.926541,4,-0.252,-0.948,9.672,6.465
1425699302585,37.502444,139.926544,4,-0.266,-0.801,9.313,6.365
1425699302681,37.502449,139.926546,4,-0.142,-0.624,9.3,6.27
1425699302782,37.502453,139.926549,4,-0.121,-0.524,9.491,6.172
1425699302882,37.502457,139.926551,4,-0.14,-0.438,9.512,6.076
1425699302983,37.502462,139.926554,4,-0.132,-0.366,9.37,5.98
1425699303084,37.502466,139.926556,4,-0.133,-0.3,9.16,5.886
1425699303185,37.50247,139.926559,4,-0.08,-0.315,9.272,5.794
1425699303285,37.502474,139.926561,4,-0.099,-0.392,9.321,5.703
1425699303381,37.502478,139.926563,4,-0.248,-0.581,9.478,5.618
1425699303482,37.502482,139.926566,4,-0.356,-0.762,9.458,5.529
1425699303582,37.502486,139.926568,4,-0.337,-0.932,9.471,5.443
1425699303683,37.50249,139.92657,4,-0.287,-1.013,9.404,5.357
1425699303784,37.502494,139.926572,4,-0.292,-1.106,9.475,5.272
1425699303884,37.502498,139.926574,4,-0.284,-1.123,9.465,5.19
1425699303985,37.502502,139.926577,4,-0.226,-1.144,9.512,5.108
1425699304081,37.502505,139.926579,4,-0.151,-1.209,9.486,5.032
1425699304182,37.502509,139.926581,4,-0.144,-1.19,9.401,4.953
1425699304282,37.502512,139.926583,4,-0.203,-1.187,9.493,4.876
1425699304383,37.502516,139.926585,4,-0.284,-1.215,9.67,4.8
1425699304484,37.502519,139.926587,5,-0.352,-1.149,9.248,4.736
1425699304584,37.502523,139.926589,5,-0.328,-1.164,9.291,4.696
1425699304685,37.502526,139.926591,5,-0.283,-1.174,9.452,4.655
1425699304781,37.50253,139.926593,5,-0.265,-1.176,9.49,4.617
1425699304881,37.502533,139.926595,5,-0.307,-1.165,9.379,4.578
1425699304982,37.502537,139.926597,5,-0.3,-1.163,9.402,4.538
1425699305083,37.50254,139.926599,5,-0.253,-1.193,9.56,4.499
1425699305184,37.502544,139.926601,5,-0.255,-1.21,9.504,4.46
1425699305284,37.502547,139.926603,5,-0.422,-1.11,8.921,4.422
1425699305385,37.50255,139.926605,5,-0.526,-1.118,8.785,4.383
1425699305481,37.502553,139.926606,5,-0.369,-1.271,9.402,4.347
1425699305581,37.502557,139.926608,5,-0.149,-1.41,10.06,4.31
1425699305682,37.50256,139.92661,5,-0.112,-1.49,10.075,4.273
1425699305783,37.502563,139.926612,5,-0.224,-1.461,9.612,4.236
1425699305884,37.502566,139.926614,5,-0.377,-1.357,9.096,4.199
1425699305984,37.50257,139.926616,5,-0.436,-1.3,8.916,4.163
1425699306085,37.502573,139.926618,5,-0.343,-1.391,9.302,4.127
1425699306181,37.502576,139.926619,5,-0.235,-1.496,9.815,4.093
1425699306281,37.502579,139.926621,5,-0.213,-1.527,9.844,4.058
1425699306382,37.502582,139.926623,5,-0.296,-1.469,9.407,4.023
1425699306483,37.502582,139.926622,18,-0.408,-1.407,9.042,3.798
1425699306584,37.502577,139.926616,18,-0.426,-1.427,9.109,3.215
1425699306684,37.502572,139.92661,18,-0.303,-1.473,9.5,2.693
1425699306785,37.502568,139.926605,18,-0.176,-1.421,9.763,2.221
1425699306881,37.502564,139.926601,18,-0.169,-1.307,9.603,1.824
1425699306981,37.502561,139.926597,18,-0.249,-1.194,9.281,1.464
1425699307082,37.502558,139.926594,18,-0.368,-1.178,9.185,1.155
1425699307183,37.502556,139.926591,18,-0.467,-1.35,9.287,0.902
1425699307283,37.502554,139.926589,18,-0.454,-1.659,9.382,0.706
1425699307384,37.502553,139.926588,18,-0.363,-1.722,9.59,0.563
1425699307485,37.502551,139.926587,18,-0.25,-1.03,10.022,0.466
1425699307585,37.50255,139.926587,18,-0.217,-0.173,9.932,0.374
1425699307681,37.502548,139.926586,18,-0.266,0.295,9.296,0.296
1425699307783,37.502547,139.926586,18,-0.289,0.43,8.744,0.222
1425699307883,37.502546,139.926586,18,-0.234,0.368,8.786,0.161
1425699307983,37.502545,139.926585,18,-0.175,0.229,9.316,0.109
1425699308084,37.502544,139.926585,18,-0.177,0.061,9.809,0.067
1425699308185,37.502544,139.926585,18,-0.247,-0.029,9.847,0.035
1425699308285,37.502543,139.926585,18,-0.288,-0.017,9.478,0.014
1425699308381,37.502543,139.926585,18,-0.323,0.024,9.197,0.002
1425699370383,37.503679,139.927049,8,-0.245,0.088,9.44,8.75
