measurement_ms,latitude,longitude,gps_error_meter,accel_x_transverse,accel_y_longitudinal,accel_z_vertical,speed
1427781868233,37.506859,139.931061,4,0.189,0.266,9.121,4.577
1427781868334,37.506858,139.931065,4,0.151,0.274,9.071,4.553
1427781868435,37.506857,139.93107,4,0.064,0.247,9.171,4.528
1427781868535,37.506856,139.931075,4,-0.047,0.203,9.253,4.504
1427781868636,37.506855,139.93108,4,-0.065,0.131,9.412,4.48
1427781868737,37.506854,139.931085,4,0.011,0.139,9.452,4.456
1427781868837,37.506853,139.93109,4,0.077,0.157,9.599,4.432
1427781868933,37.506852,139.931094,4,0.144,0.14,9.605,4.409
1427781869034,37.506851,139.931099,4,0.154,0.183,9.446,4.385
1427781879130,37.507043,139.931312,4,0.015,0.189,9.235,3.393
1427781879135,37.507043,139.931312,4,0.009,0.176,9.238,3.391
1427781879236,37.507046,139.931314,4,0.239,-0.555,9.487,3.366
1427781879336,37.507048,139.931315,4,0.459,-1.067,9.695,3.342
1427781879437,37.507051,139.931316,4,0.58,-1.318,9.526,3.317
1427781879533,37.507053,139.931317,4,0.616,-1.461,9.282,3.294
1427781879633,37.507056,139.931318,4,0.614,-1.593,9.266,3.27
1427781879734,37.507058,139.931319,4,0.608,-1.735,9.412,3.246
1427781879835,37.507061,139.93132,4,0.618,-1.62,9.64,3.222
1427781879935,37.507063,139.931321,4,0.563,-1.105,9.806,3.198
1427781880036,37.507065,139.931322,4,0.417,-0.63,9.604,3.175
1427781880137,37.507067,139.931323,5,0.278,-0.334,9.236,3.04
1427781880233,37.507066,139.931323,5,0.192,-0.237,8.949,2.743
1427781880333,37.507066,139.931323,5,0.207,-0.594,8.809,2.456
1427781880434,37.507066,139.931323,5,0.373,-0.883,9.21,2.189
1427781880535,37.507065,139.931324,5,0.517,-0.453,10.058,1.945
1427781880635,37.507065,139.931324,5,0.478,0.063,10.199,1.725
1427781880736,37.507065,139.931324,5,0.295,0.204,9.553,1.527
1427781880837,37.507064,139.931324,5,0.139,0.232,8.988,1.351
1427781880933,37.507064,139.931324,5,0.119,0.409,8.945,1.205
1427781881033,37.507064,139.931324,5,0.236,0.571,9.218,1.075
1427781881134,37.507064,139.931324,5,0.286,0.498,9.46,1.0
1427781881235,37.507064,139.931324,5,0.27,0.238,9.468,1.0
1427781881335,37.507064,139.931325,5,0.202,0.073,9.493,1.0
1427781881436,37.507064,139.931325,5,0.123,0.146,9.548,1.0
1427781881537,37.507064,139.931325,5,0.122,0.308,9.45,1.0
1427781881637,37.507064,139.931326,5,0.202,0.381,9.277,1.0
1427781881733,37.507064,139.931326,5,0.265,0.383,9.26,1.0
1427781881834,37.507064,139.931326,5,0.245,0.333,9.423,1.0
1427781881935,37.507064,139.931327,5,0.22,0.243,9.525,1.0
1427781882035,37.507064,139.931327,5,0.208,0.199,9.483,1.0
1427781957128,37.50718,139.931408,5,0.209,0.251,9.4,2.46
1427781957133,37.50718,139.931408,5,0.209,0.252,9.398,2.46
1427781957234,37.507182,139.931409,5,0.202,0.076,9.426,2.46
1427781957335,37.507184,139.93141,5,0.205,-0.029,9.402,2.46
1427781957435,37.507186,139.93141,5,0.232,-0.093,9.277,2.46
1427781957536,37.507188,139.931411,5,0.255,-0.174,9.262,2.46
1427781957637,37.50719,139.931412,5,0.255,-0.299,9.441,2.46
1427781957737,37.507192,139.931412,5,0.244,-0.407,9.507,2.46
1427781957833,37.507194,139.931413,5,0.246,-0.471,9.411,2.46
1427781957934,37.507196,139.931414,5,0.255,-0.521,9.333,2.46
1427781958034,37.507198,139.931415,5,0.297,-0.565,9.354,2.46
1427781958135,37.507199,139.931415,5,0.348,-0.604,9.371,2.414
1427781958236,37.5072,139.931415,5,0.371,-0.615,9.392,2.284
1427781958337,37.507201,139.931415,5,0.372,-0.596,9.409,2.16
1427781958437,37.507202,139.931415,5,0.343,-0.592,9.427,2.042
1427781958533,37.507202,139.931416,5,0.282,-0.595,9.412,1.935
1427781958634,37.507203,139.931416,5,0.205,-0.602,9.364,1.828
1427781958735,37.507204,139.931416,5,0.191,-0.614,9.357,1.727
1427781958835,37.507205,139.931416,5,0.243,-0.586,9.386,1.633
1427781958936,37.507205,139.931416,5,0.308,-0.483,9.43,1.543
1427781959037,37.507206,139.931416,5,0.361,-0.364,9.436,1.459
1427781959137,37.507206,139.931416,5,0.335,-0.273,9.395,1.394
1427781959233,37.507206,139.931416,5,0.255,-0.22,9.367,1.353
1427781959334,37.507207,139.931416,5,0.17,-0.208,9.375,1.31
1427781959434,37.507207,139.931416,5,0.138,-0.195,9.395,1.27
1427781959535,37.507207,139.931416,5,0.154,-0.167,9.403,1.23
1427781959636,37.507208,139.931415,5,0.183,-0.139,9.392,1.192
1427781959736,37.507208,139.931415,5,0.231,-0.115,9.381,1.155
1427781959837,37.507208,139.931415,5,0.234,-0.014,9.454,1.118
1427781959933,37.507209,139.931415,5,0.199,0.067,9.46,1.085
1427781960034,37.507209,139.931415,5,0.152,0.113,9.376,1.051
1427781960134,37.507209,139.931415,6,0.121,0.148,9.321,1.029
1427781960235,37.507209,139.931414,6,0.117,0.167,9.368,1.026
1427781960336,37.507208,139.931414,6,0.115,0.169,9.429,1.023
1427781960436,37.507208,139.931413,6,0.132,0.181,9.412,1.02
1427781960537,37.507208,139.931412,6,0.14,0.2,9.351,1.017
1427781960633,37.507207,139.931412,6,0.148,0.202,9.343,1.014
1427781960733,37.507207,139.931411,6,0.141,0.232,9.402,1.011
1427781960834,37.507207,139.931411,6,0.144,0.253,9.425,1.008
1427781960935,37.507206,139.93141,6,0.117,0.277,9.373,1.005
1427781961036,37.507206,139.931409,6,0.102,0.317,9.383,1.002
1427781996132,37.507142,139.932102,5,0.082,0.347,9.397,2.922
1427781996137,37.507142,139.932102,5,0.082,0.347,9.399,2.921
1427781996233,37.507141,139.932105,5,0.117,0.074,9.278,2.897
1427781996334,37.50714,139.932108,5,0.168,-0.182,9.322,2.872
1427781996435,37.50714,139.932111,5,0.182,-0.332,9.492,2.847
1427781996535,37.507139,139.932114,5,0.196,-0.407,9.528,2.823
1427781996636,37.507138,139.932117,5,0.22,-0.41,9.407,2.799
1427781996737,37.507137,139.93212,5,0.243,-0.386,9.338,2.775
1427781996837,37.507137,139.932123,5,0.261,-0.401,9.355,2.751
1427781996933,37.507136,139.932125,5,0.283,-0.41,9.432,2.729
1427781997034,37.507135,139.932128,5,0.29,-0.429,9.467,2.705
1427781997134,37.507135,139.932131,5,0.251,-0.457,9.442,2.682
1427781997235,37.507134,139.932134,5,0.233,-0.472,9.366,2.658
1427781997336,37.507134,139.932136,5,0.226,-0.492,9.39,2.634
1427781997437,37.507133,139.932139,5,0.204,-0.478,9.476,2.61
1427781997537,37.507132,139.932142,5,0.216,-0.406,9.466,2.587
1427781997633,37.507132,139.932144,5,0.199,-0.296,9.386,2.565
1427781997734,37.507131,139.932147,5,0.173,-0.199,9.324,2.542
1427781997834,37.507131,139.932149,5,0.176,-0.144,9.352,2.519
1427781997935,37.50713,139.932152,5,0.167,-0.118,9.398,2.497
1427781998036,37.507129,139.932154,5,0.152,-0.093,9.422,2.474
1427781998136,37.507129,139.932156,6,0.139,-0.084,9.394,2.412
1427781998237,37.507128,139.932157,6,0.108,-0.081,9.374,2.282
1427781998333,37.507128,139.932158,6,0.107,-0.081,9.39,2.164
1427781998433,37.507128,139.932159,6,0.122,-0.049,9.426,2.047
1427781998534,37.507128,139.93216,6,0.141,-0.007,9.44,1.934
1427781998635,37.507127,139.932161,6,0.142,0.023,9.407,1.827
1427781998736,37.507127,139.932162,6,0.142,0.052,9.395,1.726
1427781998836,37.507127,139.932162,6,0.13,0.048,9.409,1.632
1427781998937,37.507126,139.932163,6,0.092,0.03,9.398,1.542
1427781999033,37.507126,139.932164,6,0.09,0.031,9.376,1.463
1427781999133,37.507126,139.932164,6,0.091,0.042,9.399,1.399
1427781999234,37.507126,139.932164,6,0.1,0.047,9.39,1.367
1427781999335,37.507126,139.932165,6,0.117,0.045,9.371,1.336
1427781999436,37.507126,139.932165,6,0.116,0.054,9.406,1.305
1427781999536,37.507126,139.932165,6,0.106,0.048,9.415,1.275
1427781999637,37.507125,139.932165,6,0.106,0.009,9.388,1.246
1427781999733,37.507125,139.932165,6,0.119,-0.03,9.405,1.219
1427781999833,37.507125,139.932166,6,0.121,-0.084,9.432,1.191
1427781999934,37.507125,139.932166,6,0.143,-0.127,9.432,1.164
1427782000035,37.507125,139.932166,6,0.164,-0.146,9.426,1.137
1427782102128,37.506688,139.933859,4,0.152,-0.178,9.396,6.073
1427782104132,37.506672,139.933985,5,0.15,-0.178,9.394,5.296
1427782104137,37.506672,139.933986,5,0.149,-0.178,9.395,5.289
1427782104237,37.506671,139.93399,5,0.195,-0.359,9.288,5.154
1427782104333,37.50667,139.933994,5,0.237,-0.508,9.213,5.028
1427782104434,37.506669,139.933999,5,0.281,-0.588,9.256,4.898
1427782104534,37.506668,139.934003,5,0.304,-0.689,9.358,4.772
1427782104635,37.506667,139.934007,5,0.364,-0.723,9.335,4.648
1427782104736,37.506667,139.934011,5,0.403,-0.761,9.422,4.528
1427782104837,37.506666,139.934014,5,0.379,-0.817,9.581,4.41
1427782104937,37.506665,139.934018,5,0.325,-0.91,9.558,4.297
1427782105033,37.506664,139.934022,5,0.301,-0.96,9.361,4.192
1427782105134,37.506664,139.934025,5,0.306,-0.996,9.22,4.073
1427782105234,37.506662,139.934028,5,0.343,-1.063,9.299,3.937
1427782105335,37.506661,139.934031,5,0.359,-1.131,9.554,3.804
1427782105436,37.50666,139.934034,5,0.369,-1.154,9.512,3.675
1427782105537,37.506659,139.934036,5,0.388,-1.144,9.35,3.551
1427782105637,37.506658,139.934039,5,0.394,-1.146,9.388,3.431
1427782105733,37.506657,139.934041,5,0.373,-1.176,9.388,3.32
1427782105834,37.506656,139.934044,5,0.357,-1.22,9.356,3.207
1427782105934,37.506655,139.934046,5,0.356,-1.248,9.39,3.1
1427782106035,37.506655,139.934049,5,0.368,-1.274,9.392,2.995
1427782106136,37.506654,139.934051,4,0.407,-1.267,9.343,2.869
1427782106236,37.506654,139.934052,4,0.445,-1.25,9.386,2.703
1427782106337,37.506654,139.934053,4,0.435,-1.273,9.409,2.544
1427782106433,37.506654,139.934055,4,0.41,-1.287,9.353,2.4
1427782106533,37.506653,139.934056,4,0.368,-1.283,9.369,2.258
1427782106634,37.506653,139.934057,4,0.35,-1.324,9.384,2.123
1427782106735,37.506653,139.934058,4,0.354,-1.376,9.4,1.995
1427782106836,37.506653,139.93406,4,0.382,-1.419,9.417,1.875
1427782106936,37.506653,139.934061,4,0.399,-1.364,9.473,1.765
1427782107037,37.506653,139.934061,4,0.403,-1.165,9.481,1.661
1427782107133,37.506653,139.934062,4,0.364,-1.032,9.379,1.576
1427782107233,37.506652,139.934062,4,0.31,-0.954,9.304,1.504
1427782107334,37.506652,139.934062,4,0.266,-0.585,9.507,1.435
1427782107435,37.506651,139.934062,4,0.184,-0.247,9.588,1.368
1427782107536,37.506651,139.934062,4,0.1,-0.01,9.393,1.304
1427782107636,37.506651,139.934062,4,0.039,0.135,9.167,1.244
1427782107737,37.50665,139.934062,4,0.019,0.176,9.042,1.186
1427782107833,37.50665,139.934062,4,0.036,0.222,9.259,1.133
1427782107933,37.50665,139.934062,4,0.038,0.299,9.557,1.081
1427782108034,37.506649,139.934062,4,0.073,0.349,9.536,1.031
1427782108135,37.506649,139.934062,4,0.079,0.4,9.394,1.0
1427782108235,37.506648,139.934062,4,0.057,0.433,9.378,1.0
1427782108336,37.506648,139.934062,4,0.017,0.426,9.475,1.0
1427782108437,37.506648,139.934062,4,-0.019,0.402,9.577,1.0
1427782108533,37.506647,139.934062,4,-0.06,0.406,9.536,1.0
1427782108633,37.506647,139.934061,4,-0.105,0.445,9.434,1.0
1427782108734,37.506646,139.934061,4,-0.186,0.635,9.501,1.0
1427782108835,37.506646,139.934061,4,-0.143,0.924,9.52,1.0
1427782108935,37.506646,139.934061,4,-0.084,0.967,9.269,1.0
1427782109036,37.506645,139.934061,4,-0.162,1.011,9.213,1.0
1427782136132,37.505648,139.934015,7,-0.255,1.031,9.322,4.585
1427782136137,37.505648,139.934015,7,-0.256,1.021,9.331,4.581
1427782136237,37.505646,139.934013,7,-0.003,0.274,9.208,4.503
1427782136333,37.505645,139.934011,7,0.146,-0.269,9.249,4.429
1427782136434,37.505643,139.934008,7,0.23,-0.568,9.391,4.352
1427782136534,37.505641,139.934006,7,0.335,-0.718,9.385,4.278
1427782136635,37.50564,139.934004,7,0.413,-0.802,9.318,4.204
1427782136736,37.505638,139.934002,7,0.459,-0.828,9.343,4.131
1427782136837,37.505636,139.933999,7,0.477,-0.82,9.398,4.06
1427782136937,37.505635,139.933997,7,0.449,-0.828,9.29,3.99
1427782137033,37.505633,139.933995,7,0.421,-0.876,9.264,3.925
1427782137134,37.505631,139.933994,7,0.448,-0.914,9.384,3.843
1427782137234,37.505629,139.933994,7,0.471,-0.897,9.483,3.737
1427782137335,37.505627,139.933994,7,0.493,-0.867,9.427,3.633
1427782137436,37.505625,139.933994,7,0.479,-0.878,9.339,3.531
1427782137537,37.505623,139.933994,7,0.438,-0.921,9.302,3.432
1427782137637,37.505621,139.933993,7,0.407,-0.964,9.403,3.337
1427782137733,37.505619,139.933993,7,0.387,-0.989,9.505,3.248
1427782137834,37.505617,139.933993,7,0.382,-0.963,9.454,3.157
1427782137934,37.505615,139.933993,7,0.377,-0.939,9.314,3.069
1427782138035,37.505613,139.933993,7,0.371,-0.973,9.325,2.984
1427782138136,37.505612,139.933993,6,0.386,-1.04,9.417,2.869
1427782138236,37.505612,139.933993,6,0.405,-1.089,9.453,2.703
1427782138337,37.505612,139.933993,6,0.403,-1.115,9.459,2.544
1427782138433,37.505612,139.933993,6,0.396,-1.121,9.393,2.4
1427782138533,37.505613,139.933994,6,0.4,-1.129,9.35,2.258
1427782138634,37.505613,139.933994,6,0.398,-1.119,9.402,2.123
1427782138735,37.505613,139.933994,6,0.379,-1.132,9.414,1.995
1427782138836,37.505613,139.933994,6,0.369,-1.145,9.37,1.875
1427782138936,37.505613,139.933994,6,0.381,-1.15,9.348,1.765
1427782139037,37.505613,139.933994,6,0.397,-1.176,9.355,1.661
1427782139133,37.505613,139.933994,6,0.427,-1.157,9.417,1.576
1427782139233,37.505614,139.933995,6,0.442,-1.091,9.47,1.504
1427782139334,37.505615,139.933995,6,0.407,-1.029,9.404,1.435
1427782139435,37.505616,139.933996,6,0.314,-0.801,9.472,1.368
1427782139536,37.505617,139.933996,6,0.205,-0.28,9.649,1.304
1427782139636,37.505618,139.933996,6,0.143,0.144,9.53,1.244
1427782139737,37.505619,139.933997,6,0.08,0.409,9.247,1.186
1427782139833,37.50562,139.933997,6,0.024,0.547,9.056,1.133
1427782139933,37.505621,139.933997,6,0.019,0.516,9.1,1.081
1427782140034,37.505622,139.933998,6,0.045,0.357,9.337,1.031
1427782140135,37.505622,139.933998,4,0.104,0.217,9.543,1.0
1427782140235,37.505623,139.933998,4,0.152,0.135,9.542,1.0
1427782140336,37.505623,139.933998,4,0.141,0.199,9.451,1.0
1427782140437,37.505624,139.933997,4,0.087,0.347,9.379,1.0
1427782140533,37.505625,139.933997,4,0.058,0.402,9.302,1.0
1427782140633,37.505625,139.933997,4,0.069,0.34,9.28,1.0
1427782140734,37.505626,139.933997,4,0.095,0.288,9.421,1.0
1427782140835,37.505626,139.933997,4,0.115,0.251,9.489,1.0
1427782140935,37.505627,139.933996,4,0.122,0.24,9.418,1.0
1427782141036,37.505628,139.933996,4,0.108,0.258,9.325,1.0
1427782224130,37.503918,139.935379,6,0.08,0.263,9.349,5.558
1427782224135,37.503918,139.935379,6,0.08,0.255,9.35,5.553
1427782224236,37.503915,139.935382,6,0.216,-0.256,9.38,5.446
1427782224337,37.503912,139.935385,6,0.333,-0.486,9.367,5.341
1427782224437,37.503909,139.935388,6,0.269,-0.621,9.239,5.239
1427782224533,37.503906,139.935391,6,0.416,-0.662,9.497,5.143
1427782224634,37.503903,139.935394,6,0.565,-0.522,9.705,5.043
1427782224735,37.503901,139.935397,6,0.521,-0.408,9.496,4.946
1427782224835,37.503898,139.9354,6,0.389,-0.365,9.252,4.851
1427782224936,37.503895,139.935403,6,0.294,-0.323,9.398,4.758
1427782225037,37.503893,139.935405,6,0.257,-0.286,9.547,4.666
1427782225137,37.50389,139.935408,6,0.228,-0.259,9.442,4.591
1427782225233,37.503887,139.93541,6,0.206,-0.243,9.263,4.542
1427782225334,37.503885,139.935413,6,0.251,-0.193,9.276,4.49
1427782225434,37.503882,139.935416,6,0.307,-0.17,9.393,4.44
1427782225535,37.503879,139.935418,6,0.336,-0.199,9.386,4.39
1427782225636,37.503877,139.935421,6,0.388,-0.228,9.433,4.341
1427782225737,37.503874,139.935423,6,0.429,-0.193,9.525,4.292
1427782225837,37.503872,139.935426,6,0.409,-0.167,9.538,4.244
1427782225933,37.503869,139.935428,6,0.301,-0.216,9.43,4.198
1427782226034,37.503867,139.93543,6,0.191,-0.274,9.381,4.151
1427782226134,37.503865,139.935433,7,0.164,-0.226,9.211,4.073
1427782226235,37.503864,139.935434,7,0.166,-0.182,9.086,3.936
1427782226336,37.503864,139.935436,7,0.232,-0.193,9.26,3.803
1427782226436,37.503864,139.935438,7,0.281,-0.085,9.506,3.675
1427782226537,37.503863,139.935439,7,0.282,0.02,9.599,3.551
1427782226633,37.503863,139.935441,7,0.228,0.102,9.481,3.436
1427782226734,37.503862,139.935442,7,0.188,0.149,9.339,3.319
1427782226834,37.503862,139.935443,7,0.13,0.174,9.274,3.207
1427782226935,37.503862,139.935445,7,0.054,0.148,9.343,3.099
1427782227036,37.503861,139.935446,7,0.053,0.118,9.513,2.994
1427782227136,37.503861,139.935448,7,0.082,0.132,9.49,2.921
1427782227237,37.50386,139.935449,7,0.102,0.179,9.298,2.896
1427782227333,37.503859,139.935451,7,0.109,0.167,9.191,2.872
1427782227433,37.503858,139.935453,7,0.145,0.158,9.342,2.848
1427782227534,37.503857,139.935455,7,0.205,0.134,9.637,2.823
1427782227635,37.503856,139.935456,7,0.207,0.143,9.707,2.799
1427782227736,37.503855,139.935458,7,0.183,0.17,9.443,2.775
1427782227836,37.503854,139.93546,7,0.129,0.202,9.146,2.751
1427782227937,37.503853,139.935461,7,0.097,0.185,9.209,2.728
1427782228033,37.503853,139.935463,7,0.098,0.06,9.395,2.705
1427782228133,37.503852,139.935465,6,0.143,-0.108,9.415,2.682
1427782228234,37.50385,139.935466,6,0.193,-0.254,9.378,2.658
1427782228335,37.503849,139.935468,6,0.243,-0.363,9.44,2.634
1427782228435,37.503848,139.93547,6,0.236,-0.454,9.395,2.611
1427782228536,37.503847,139.935472,6,0.128,-0.472,9.078,2.587
1427782228637,37.503846,139.935473,6,-0.082,-0.482,8.798,2.564
1427782228733,37.503845,139.935475,6,-0.131,-0.561,9.023,2.542
1427782228833,37.503844,139.935477,6,0.109,-0.636,9.542,2.519
1427782228934,37.503843,139.935478,6,0.437,-0.696,9.986,2.497
1427782229035,37.503842,139.93548,6,0.804,-0.79,10.204,2.474
1427782229135,37.503841,139.935482,8,1.061,-0.788,10.097,2.433
1427782229236,37.503841,139.935483,8,0.97,-0.73,9.516,2.358
1427782229337,37.503841,139.935484,8,0.613,-0.685,8.942,2.285
1427782229433,37.503841,139.935486,8,0.252,-0.635,8.841,2.218
1427782229533,37.503841,139.935487,8,0.032,-0.43,9.21,2.149
1427782229634,37.50384,139.935488,8,-0.017,-0.228,9.56,2.082
1427782229735,37.50384,139.93549,8,-0.008,-0.071,9.529,2.017
1427782229835,37.50384,139.935491,8,-0.034,0.047,9.281,1.955
1427782229936,37.50384,139.935492,8,-0.056,0.131,9.103,1.894
1427782230037,37.50384,139.935493,8,-0.045,0.174,9.215,1.836
1427782264131,37.502761,139.936294,4,0.009,0.2,9.419,3.347
1427782264137,37.502761,139.936295,4,0.02,0.198,9.425,3.336
1427782264237,37.50276,139.936296,4,0.145,-0.176,9.364,3.169
1427782264333,37.502759,139.936297,4,0.181,-0.469,9.272,3.016
1427782264434,37.502758,139.936298,4,0.203,-0.66,9.265,2.861
1427782264534,37.502758,139.936299,4,0.264,-0.806,9.37,2.715
1427782264635,37.502757,139.936301,4,0.323,-0.888,9.478,2.574
1427782264736,37.502756,139.936302,4,0.374,-0.92,9.44,2.441
1427782264836,37.502755,139.936303,4,0.409,-0.942,9.372,2.316
1427782264937,37.502755,139.936304,4,0.407,-0.929,9.432,2.197
1427782265033,37.502754,139.936304,4,0.383,-0.969,9.435,2.09
1427782265134,37.502754,139.936305,4,0.375,-0.998,9.42,1.981
1427782265234,37.502754,139.936306,4,0.364,-0.699,9.606,1.869
1427782265335,37.502754,139.936306,4,0.292,-0.29,9.61,1.762
1427782265436,37.502754,139.936307,4,0.216,-0.075,9.353,1.66
1427782265536,37.502754,139.936308,4,0.165,0.098,9.169,1.564
1427782265637,37.502754,139.936308,4,0.135,0.184,9.166,1.473
1427782265733,37.502754,139.936308,4,-0.006,0.427,9.555,1.39
1427782265833,37.502754,139.936309,4,-0.012,0.577,9.615,1.31
1427782265934,37.502754,139.936309,4,-0.019,0.679,9.477,1.234
1427782266035,37.502754,139.93631,4,-0.106,0.822,9.425,1.163
1427782298130,37.502603,139.93773,5,-0.0,0.829,9.32,3.633
1427782298135,37.502603,139.93773,5,0.013,0.825,9.311,3.631
1427782298236,37.502601,139.937731,5,0.492,0.428,9.177,3.606
1427782298337,37.502599,139.937733,5,0.781,0.085,9.44,3.582
1427782298433,37.502597,139.937735,5,1.037,-0.076,9.556,3.558
1427782298533,37.502594,139.937736,5,1.321,-0.068,9.13,3.534
1427782298634,37.502592,139.937738,5,1.364,-0.151,9.026,3.51
1427782298735,37.50259,139.93774,5,1.231,-0.167,9.51,3.486
1427782298835,37.502588,139.937742,5,1.208,-0.144,9.818,3.462
1427782298936,37.502586,139.937743,5,1.409,-0.023,9.692,3.438
1427782299037,37.502583,139.937745,5,1.53,0.156,9.085,3.415
1427782299133,37.502581,139.937746,6,1.478,0.097,8.751,3.4
1427782299233,37.502579,139.937746,6,1.436,-0.06,9.211,3.4
1427782299334,37.502578,139.937747,6,1.429,-0.184,9.645,3.4
1427782299435,37.502576,139.937747,6,1.434,-0.216,9.581,3.4
1427782299535,37.502574,139.937747,6,1.461,-0.18,9.325,3.4
1427782299636,37.502572,139.937748,6,1.52,-0.158,9.339,3.4
1427782299737,37.50257,139.937748,6,1.561,-0.177,9.544,3.4
1427782299837,37.502568,139.937748,6,1.529,-0.155,9.554,3.4
1427782299933,37.502566,139.937748,6,1.492,-0.067,9.522,3.4
1427782300034,37.502564,139.937749,6,1.346,0.028,9.53,3.4
1427782300135,37.502562,139.937749,6,0.967,0.065,9.445,3.4
1427782300235,37.50256,139.937748,6,0.396,-0.059,9.32,3.4
1427782300336,37.502557,139.937748,6,-0.077,-0.066,9.225,3.4
1427782300437,37.502555,139.937747,6,-0.078,-0.044,9.222,3.4
1427782300537,37.502552,139.937746,6,0.264,0.086,9.37,3.4
1427782300633,37.50255,139.937746,6,0.593,0.226,9.551,3.4
1427782300734,37.502547,139.937745,6,0.789,0.274,9.658,3.4
1427782300835,37.502545,139.937745,6,0.742,0.325,9.527,3.4
1427782300935,37.502542,139.937744,6,0.604,0.462,9.287,3.4
1427782301036,37.50254,139.937743,6,0.535,0.494,9.31,3.4
1427782316132,37.50194,139.937495,3,0.483,0.505,9.57,6.08
1427782316137,37.50194,139.937495,3,0.473,0.512,9.585,6.08
1427782316233,37.501935,139.937493,3,0.239,0.224,9.759,6.08
1427782316333,37.50193,139.93749,3,0.055,-0.036,9.676,6.08
1427782316434,37.501924,139.937488,3,-0.015,-0.107,9.41,6.08
1427782316535,37.501919,139.937485,3,-0.052,-0.11,9.236,6.08
1427782316636,37.501914,139.937483,3,-0.013,-0.067,9.271,6.08
1427782316736,37.501908,139.93748,3,0.041,-0.041,9.321,6.08
1427782316837,37.501903,139.937478,3,0.009,-0.073,9.232,6.08
1427782316933,37.501898,139.937475,3,-0.039,-0.171,9.307,6.08
1427782317033,37.501893,139.937473,3,0.248,-0.237,9.996,6.08
1427782317134,37.501887,139.93747,4,0.172,-0.182,9.973,6.08
1427782317235,37.501882,139.937467,4,0.033,-0.138,9.472,6.08
1427782317336,37.501877,139.937465,4,0.034,-0.098,9.074,6.08
1427782317436,37.501872,139.937462,4,0.067,-0.083,9.022,6.08
1427782317537,37.501866,139.93746,4,0.156,-0.094,9.406,6.08
1427782317633,37.501861,139.937457,4,0.073,-0.109,9.641,6.08
1427782317733,37.501856,139.937455,4,0.11,-0.053,9.443,6.08
1427782317834,37.501851,139.937452,4,0.272,-0.083,9.134,6.08
1427782317935,37.501846,139.937449,4,0.357,-0.033,9.123,6.08
1427782318035,37.50184,139.937447,4,0.331,0.013,9.496,6.08
1427782360131,37.499688,139.936334,9,0.326,0.032,9.59,5.824
1427782360136,37.499688,139.936334,9,0.321,0.037,9.595,5.821
1427782360237,37.499683,139.936334,9,0.231,-0.209,9.367,5.769
1427782360333,37.499678,139.936333,9,0.17,-0.49,9.422,5.72
1427782360433,37.499673,139.936333,9,0.105,-0.716,9.584,5.669
1427782360534,37.499667,139.936333,9,0.136,-0.89,9.537,5.618
1427782360635,37.499662,139.936332,9,0.173,-0.985,9.213,5.567
1427782360736,37.499657,139.936332,9,0.232,-1.034,9.368,5.517
1427782360836,37.499652,139.936332,9,0.259,-1.053,9.58,5.468
1427782360937,37.499647,139.936331,9,0.177,-1.058,9.263,5.418
1427782361033,37.499642,139.936331,9,0.184,-1.136,9.421,5.372
1427782361133,37.499638,139.936331,9,0.186,-1.114,9.588,5.305
1427782361234,37.499633,139.936329,9,0.23,-1.114,9.403,5.199
1427782361335,37.499629,139.936328,9,0.271,-1.106,9.202,5.095
1427782361436,37.499625,139.936327,9,0.305,-1.098,9.319,4.992
1427782361536,37.499622,139.936325,9,0.246,-1.097,9.448,4.893
1427782361637,37.499618,139.936324,9,0.265,-1.166,9.643,4.795
1427782361733,37.499614,139.936323,9,0.203,-1.169,9.426,4.703
1427782361833,37.49961,139.936322,9,0.101,-1.137,9.172,4.61
1427782361934,37.499607,139.936321,9,0.112,-1.122,9.25,4.518
1427782362035,37.499603,139.93632,9,0.198,-1.164,9.453,4.427
1427782362135,37.4996,139.936319,9,0.183,-1.197,9.441,4.332
1427782362236,37.499597,139.936319,9,0.185,-1.226,9.322,4.224
1427782362337,37.499594,139.936319,9,0.282,-1.177,9.308,4.118
1427782362433,37.499591,139.936319,9,0.377,-1.214,9.616,4.02
1427782362533,37.499588,139.936319,9,0.338,-1.18,9.725,3.92
1427782362634,37.499585,139.936319,9,0.282,-1.165,9.312,3.822
1427782362735,37.499582,139.936319,9,0.239,-1.217,9.208,3.726
1427782362835,37.49958,139.936319,9,0.211,-1.271,9.369,3.633
1427782362936,37.499577,139.936319,9,0.224,-1.302,9.455,3.542
1427782363037,37.499575,139.936319,9,0.217,-1.326,9.479,3.454
1427782363137,37.499573,139.936318,11,0.228,-1.339,9.511,3.275
1427782363233,37.499574,139.936315,11,0.266,-1.332,9.385,2.964
1427782363334,37.499575,139.936312,11,0.321,-1.287,9.308,2.66
1427782363435,37.499576,139.936309,11,0.339,-1.305,9.401,2.38
1427782363535,37.499577,139.936307,11,0.297,-1.367,9.476,2.126
1427782363636,37.499578,139.936304,11,0.244,-1.407,9.461,1.892
1427782363737,37.499578,139.936302,11,0.204,-1.37,9.438,1.682
1427782363837,37.499579,139.936301,11,0.185,-1.112,9.452,1.497
1427782363933,37.499579,139.936299,11,0.181,-0.772,9.509,1.341
1427782364034,37.49958,139.936298,11,0.108,-0.387,9.521,1.2
1427782364134,37.49958,139.936297,11,0.02,-0.13,9.358,1.116
1427782364235,37.499579,139.936297,11,-0.028,0.025,9.173,1.103
1427782364336,37.499579,139.936297,11,-0.052,0.095,9.177,1.09
1427782364437,37.499578,139.936297,11,-0.029,0.12,9.373,1.078
1427782364537,37.499578,139.936297,11,-0.004,0.136,9.514,1.066
1427782364633,37.499577,139.936296,11,-0.011,0.165,9.447,1.054
1427782364734,37.499577,139.936296,11,-0.064,0.181,9.301,1.042
1427782364834,37.499576,139.936296,11,-0.09,0.172,9.284,1.031
1427782364935,37.499576,139.936296,11,-0.074,0.167,9.391,1.019
1427782365036,37.499575,139.936296,11,-0.051,0.165,9.477,1.007
1427782365137,37.499575,139.936296,8,-0.025,0.183,9.423,1.0
1427782365237,37.499575,139.936295,8,-0.022,0.188,9.332,1.0
1427782365333,37.499575,139.936295,8,-0.058,0.207,9.389,1.0
1427782365434,37.499575,139.936294,8,-0.094,0.206,9.457,1.0
1427782365534,37.499575,139.936293,8,-0.088,0.176,9.416,1.0
1427782365635,37.499575,139.936293,8,-0.056,0.204,9.384,1.0
1427782365736,37.499575,139.936292,8,-0.047,0.233,9.403,1.0
1427782365836,37.499575,139.936292,8,-0.037,0.225,9.378,1.0
1427782365937,37.499575,139.936291,8,-0.045,0.207,9.385,1.0
1427782366033,37.499575,139.93629,8,-0.05,0.206,9.414,1.0
1427782420128,37.4995,139.935926,11,-0.065,0.2,9.392,3.64
1427782420133,37.4995,139.935926,11,-0.064,0.202,9.394,3.64
1427782420234,37.499501,139.935922,11,-0.028,0.136,9.421,3.64
1427782420335,37.499502,139.935917,11,-0.031,0.082,9.398,3.64
1427782420435,37.499503,139.935913,11,0.024,0.093,9.239,3.64
1427782420536,37.499503,139.935909,11,0.034,0.073,9.34,3.64
1427782420637,37.499504,139.935905,11,0.023,0.046,9.526,3.64
1427782420737,37.499505,139.935901,11,-0.0,0.026,9.485,3.64
1427782420833,37.499506,139.935897,11,-0.023,0.047,9.322,3.64
1427782420934,37.499507,139.935893,11,-0.006,0.069,9.335,3.64
1427782421035,37.499507,139.935889,11,0.006,0.075,9.427,3.64
1427782426130,37.499548,139.935627,12,0.032,0.087,9.359,4.37
1427782426135,37.499548,139.935626,12,0.036,0.081,9.363,4.37
1427782426236,37.499549,139.935621,12,0.04,-0.355,9.404,4.37
1427782426337,37.49955,139.935616,12,0.028,-0.643,9.295,4.37
1427782426433,37.499551,139.935612,12,0.068,-0.738,9.27,4.37
1427782426533,37.499552,139.935607,12,0.162,-0.788,9.302,4.37
1427782426634,37.499553,139.935602,12,0.231,-0.846,9.416,4.37
1427782426735,37.499554,139.935597,12,0.266,-0.797,9.446,4.37
1427782426835,37.499555,139.935592,12,0.254,-0.685,9.517,4.37
1427782426936,37.499556,139.935587,12,0.236,-0.538,9.415,4.37
1427782427037,37.499557,139.935582,12,0.203,-0.376,9.413,4.37
1427782427137,37.499558,139.935577,12,0.183,-0.226,9.414,4.36
1427782427233,37.49956,139.935573,12,0.217,-0.119,9.347,4.336
1427782427334,37.499561,139.935569,12,0.317,-0.042,9.305,4.31
1427782427434,37.499562,139.935565,12,0.379,-0.009,9.312,4.285
1427782427535,37.499564,139.935561,12,0.365,-0.036,9.392,4.259
1427782427636,37.499565,139.935557,12,0.3,-0.142,9.449,4.234
1427782427737,37.499566,139.935553,12,0.235,-0.241,9.41,4.209
1427782427837,37.499568,139.935549,12,0.205,-0.321,9.428,4.184
1427782427933,37.499569,139.935545,12,0.201,-0.368,9.428,4.161
1427782428034,37.49957,139.935541,12,0.192,-0.377,9.462,4.136
1427782428134,37.499571,139.935537,12,0.168,-0.371,9.444,4.112
1427782428235,37.499573,139.935533,12,0.112,-0.416,9.34,4.087
1427782428336,37.499574,139.935529,12,0.093,-0.441,9.307,4.062
1427782428437,37.499575,139.935525,12,0.135,-0.452,9.455,4.038
1427782428537,37.499576,139.935521,12,0.185,-0.437,9.487,4.013
1427782428633,37.499577,139.935517,12,0.243,-0.446,9.495,3.99
1427782428734,37.499579,139.935514,12,0.27,-0.46,9.466,3.966
1427782428834,37.49958,139.93551,12,0.217,-0.473,9.363,3.942
1427782428935,37.499581,139.935506,12,0.169,-0.472,9.391,3.919
1427782429036,37.499582,139.935502,12,0.142,-0.469,9.454,3.895
1427782429136,37.499583,139.935499,12,0.099,-0.453,9.29,3.841
1427782429237,37.499584,139.935496,12,0.065,-0.474,9.219,3.734
1427782429333,37.499585,139.935493,12,0.115,-0.491,9.375,3.635
1427782429434,37.499586,139.93549,12,0.168,-0.487,9.456,3.533
1427782429534,37.499587,139.935487,12,0.22,-0.509,9.523,3.435
1427782429636,37.499588,139.935485,12,0.265,-0.596,9.411,3.338
1427782429736,37.499588,139.935482,12,0.295,-0.682,9.15,3.245
1427782429836,37.499589,139.935479,12,0.324,-0.751,9.124,3.155
1427782429937,37.49959,139.935477,12,0.353,-0.858,9.354,3.067
1427782430033,37.499591,139.935475,12,0.347,-0.946,9.597,2.985
1427782430133,37.499591,139.935472,12,0.318,-1.034,9.625,2.904
1427782430234,37.499591,139.93547,12,0.314,-1.054,9.353,2.827
1427782430335,37.499592,139.935468,12,0.336,-1.031,9.13,2.751
1427782430436,37.499592,139.935466,12,0.386,-1.047,9.239,2.678
1427782430536,37.499592,139.935464,12,0.4,-1.103,9.44,2.607
1427782430637,37.499593,139.935462,12,0.361,-1.162,9.483,2.537
1427782430733,37.499593,139.93546,12,0.328,-1.202,9.424,2.472
1427782430833,37.499593,139.935458,12,0.36,-1.214,9.377,2.406
1427782430934,37.499594,139.935456,12,0.447,-1.213,9.37,2.342
1427782431035,37.499594,139.935454,12,0.495,-1.221,9.406,2.279
1427782431136,37.499594,139.935453,11,0.489,-1.256,9.414,2.187
1427782431236,37.499594,139.935453,11,0.426,-1.316,9.391,2.044
1427782431337,37.499594,139.935454,11,0.341,-1.385,9.373,1.907
1427782431433,37.499594,139.935454,11,0.332,-1.446,9.357,1.784
1427782431533,37.499595,139.935454,11,0.355,-1.307,9.504,1.663
1427782431634,37.499595,139.935454,11,0.307,-0.653,9.768,1.549
1427782431735,37.499595,139.935454,11,0.197,-0.014,9.65,1.442
1427782431836,37.499595,139.935455,11,0.073,0.245,9.161,1.343
1427782431936,37.499595,139.935455,11,-0.005,0.233,8.828,1.252
1427782432037,37.499595,139.935455,11,0.025,0.222,9.046,1.169
1427782432133,37.499595,139.935455,12,0.124,0.186,9.428,1.116
1427782432233,37.499595,139.935457,12,0.205,0.018,9.596,1.103
1427782432334,37.499595,139.935458,12,0.195,-0.103,9.526,1.091
1427782432435,37.499595,139.935459,12,0.084,-0.046,9.435,1.078
1427782432535,37.499595,139.93546,12,-0.024,0.125,9.381,1.066
1427782432636,37.499596,139.935462,12,0.008,0.179,9.251,1.054
1427782432737,37.499596,139.935463,12,0.105,0.131,9.222,1.042
1427782432837,37.499596,139.935464,12,0.153,0.104,9.419,1.03
1427782432933,37.499596,139.935465,12,0.135,0.038,9.519,1.019
1427782433034,37.499596,139.935466,12,0.085,0.018,9.434,1.008
1427782433135,37.499596,139.935467,12,0.062,0.109,9.35,1.0
1427782433235,37.499596,139.935468,12,0.079,0.161,9.331,1.0
1427782433336,37.499596,139.935469,12,0.105,0.116,9.357,1.0
1427782433437,37.499596,139.93547,12,0.098,0.063,9.417,1.0
1427782433537,37.499596,139.935471,12,0.081,0.044,9.449,1.0
1427782433633,37.499597,139.935472,12,0.083,0.076,9.398,1.0
1427782433734,37.499597,139.935473,12,0.103,0.131,9.335,1.0
1427782433835,37.499597,139.935474,12,0.123,0.135,9.347,1.0
1427782433935,37.499597,139.935475,12,0.119,0.102,9.39,1.0
1427782434036,37.499597,139.935475,12,0.08,0.059,9.408,1.0
1427782434137,37.499597,139.935476,11,0.06,0.066,9.392,1.0
1427782434237,37.499597,139.935477,11,0.089,0.109,9.342,1.0
1427782434333,37.499597,139.935478,11,0.114,0.127,9.336,1.0
1427782434434,37.499598,139.935479,11,0.116,0.098,9.366,1.0
1427782434535,37.499598,139.93548,11,0.1,0.058,9.388,1.0
1427782434635,37.499598,139.935481,11,0.083,0.062,9.397,1.0
1427782434736,37.499598,139.935482,11,0.08,0.09,9.373,1.0
1427782434837,37.499598,139.935483,11,0.089,0.108,9.342,1.0
1427782434937,37.499599,139.935484,11,0.098,0.097,9.363,1.0
1427782435033,37.499599,139.935484,11,0.096,0.077,9.416,1.0
1427782468131,37.49982,139.934498,12,0.088,0.072,9.421,5.832
1427782468136,37.499821,139.934498,12,0.087,0.07,9.419,5.831
1427782468236,37.499822,139.934492,12,0.044,0.073,9.442,5.805
1427782468337,37.499824,139.934486,12,0.032,0.075,9.453,5.78
1427782468433,37.499825,139.93448,12,0.013,0.042,9.417,5.756
1427782468533,37.499827,139.934475,12,0.014,0.072,9.313,5.73
1427782468634,37.499828,139.934469,12,0.03,0.071,9.28,5.705
1427782468735,37.49983,139.934463,12,0.048,0.061,9.377,5.68
1427782468836,37.499831,139.934457,12,0.05,0.03,9.324,5.655
1427782468936,37.499833,139.934451,12,0.044,0.047,9.256,5.63
1427782469037,37.499834,139.934446,12,0.068,0.078,9.248,5.605
1427782469133,37.499836,139.934439,13,0.097,0.081,9.121,5.59
1427782469233,37.499838,139.934432,13,0.089,0.081,9.209,5.59
1427782469334,37.49984,139.934424,13,0.083,0.055,9.405,5.59
1427782469435,37.499843,139.934416,13,0.114,0.084,9.419,5.59
1427782469535,37.499845,139.934408,13,0.146,0.126,9.319,5.59
1427782469636,37.499847,139.9344,13,0.132,0.107,9.39,5.59
1427782469737,37.49985,139.934392,13,0.089,0.08,9.533,5.59
1427782469833,37.499852,139.934385,13,0.066,0.018,9.452,5.59
1427782469933,37.499854,139.934377,13,0.082,-0.083,9.273,5.59
1427782470034,37.499856,139.934369,13,0.158,-0.206,9.197,5.59
1427782470135,37.499859,139.934363,14,0.234,-0.333,9.298,5.572
1427782470235,37.499861,139.934361,14,0.267,-0.43,9.513,5.521
1427782470336,37.499862,139.93436,14,0.282,-0.523,9.597,5.47
1427782470437,37.499864,139.934358,14,0.271,-0.565,9.538,5.42
1427782470533,37.499866,139.934356,14,0.257,-0.603,9.227,5.372
1427782470633,37.499868,139.934354,14,0.242,-0.629,9.141,5.323
1427782470734,37.49987,139.934352,14,0.264,-0.634,9.426,5.274
1427782470835,37.499871,139.934351,14,0.285,-0.669,9.553,5.225
1427782470935,37.499873,139.934349,14,0.273,-0.69,9.436,5.178
1427782471036,37.499875,139.934347,14,0.277,-0.718,9.314,5.13
1427782471137,37.499876,139.934344,14,0.264,-0.721,9.221,5.091
1427782471233,37.499878,139.934338,14,0.238,-0.691,9.302,5.066
1427782471333,37.499879,139.934331,14,0.198,-0.727,9.451,5.041
1427782471434,37.49988,139.934325,14,0.197,-0.751,9.454,5.015
1427782471535,37.499881,139.934319,14,0.21,-0.724,9.356,4.99
1427782471635,37.499882,139.934312,14,0.217,-0.708,9.164,4.965
1427782471736,37.499884,139.934306,14,0.195,-0.712,9.26,4.94
1427782471837,37.499885,139.9343,14,0.178,-0.755,9.416,4.915
1427782471937,37.499886,139.934294,14,0.204,-0.704,9.378,4.89
1427782472033,37.499887,139.934288,14,0.209,-0.734,9.315,4.866
1427782472134,37.499889,139.934282,11,0.236,-0.765,9.395,4.833
1427782472235,37.499891,139.934278,11,0.3,-0.724,9.381,4.782
1427782472335,37.499893,139.934274,11,0.289,-0.749,9.307,4.733
1427782472436,37.499895,139.934269,11,0.25,-0.753,9.38,4.683
1427782472537,37.499897,139.934265,11,0.239,-0.765,9.376,4.634
1427782472637,37.499899,139.934261,11,0.244,-0.726,9.365,4.586
1427782472733,37.499901,139.934257,11,0.25,-0.76,9.391,4.54
1427782472834,37.499903,139.934253,11,0.268,-0.788,9.337,4.493
1427782472934,37.499905,139.934249,11,0.338,-0.863,9.373,4.446
1427782473035,37.499907,139.934245,11,0.415,-0.943,9.392,4.4
1427782473136,37.499909,139.93424,12,0.426,-0.999,9.475,4.351
1427782473237,37.49991,139.934236,12,0.375,-1.098,9.463,4.299
1427782473337,37.499912,139.934232,12,0.37,-1.128,9.45,4.249
1427782473433,37.499914,139.934228,12,0.357,-1.131,9.462,4.2
1427782473534,37.499916,139.934224,12,0.279,-0.875,9.564,4.15
1427782473634,37.499917,139.93422,12,0.172,-0.527,9.568,4.101
1427782473735,37.499919,139.934216,12,0.098,-0.21,9.359,4.052
1427782473836,37.499921,139.934212,12,0.094,0.012,9.124,4.004
1427782473937,37.499922,139.934208,12,0.09,0.143,9.084,3.956
1427782474037,37.499924,139.934204,12,0.102,0.152,9.38,3.909
1427782474133,37.499925,139.934201,12,0.117,0.155,9.648,3.863
1427782474234,37.499926,139.934197,12,0.068,0.127,9.694,3.812
1427782474334,37.499927,139.934193,12,0.032,0.153,9.414,3.762
1427782474435,37.499928,139.934189,12,0.024,0.13,9.192,3.712
1427782474536,37.499929,139.934186,12,0.071,0.135,9.221,3.663
1427782474636,37.499929,139.934182,12,0.084,0.109,9.439,3.615
1427782474737,37.49993,139.934179,12,0.119,0.13,9.518,3.567
1427782474833,37.499931,139.934175,12,0.09,0.099,9.413,3.522
1427782474933,37.499932,139.934172,12,0.021,0.053,9.33,3.476
1427782475034,37.499932,139.934168,12,-0.019,-0.025,9.341,3.43
1427782475135,37.499933,139.934164,12,0.01,-0.112,9.462,3.391
1427782475236,37.499934,139.93416,12,0.131,-0.173,9.46,3.366
1427782475336,37.499935,139.934156,12,0.242,-0.174,9.407,3.342
1427782475437,37.499936,139.934151,12,0.256,-0.191,9.334,3.317
1427782475533,37.499937,139.934147,12,0.244,-0.155,9.333,3.294
1427782475633,37.499938,139.934143,12,0.18,-0.167,9.293,3.27
1427782475734,37.499939,139.934138,12,0.137,-0.198,9.343,3.246
1427782475835,37.49994,139.934134,12,0.09,-0.257,9.459,3.222
1427782475936,37.499941,139.93413,12,0.068,-0.296,9.48,3.198
1427782476036,37.499941,139.934126,12,0.074,-0.299,9.335,3.175
1427782476137,37.499942,139.934122,12,0.157,-0.288,9.253,3.151
1427782476233,37.499941,139.93412,12,0.214,-0.298,9.217,3.128
1427782476333,37.499941,139.934118,12,0.247,-0.291,9.355,3.105
1427782476434,37.499941,139.934116,12,0.242,-0.309,9.53,3.081
1427782476535,37.49994,139.934115,12,0.225,-0.263,9.513,3.058
1427782476635,37.49994,139.934113,12,0.201,-0.276,9.247,3.035
1427782476736,37.499939,139.934111,12,0.19,-0.27,9.134,3.012
1427782476837,37.499939,139.934109,12,0.18,-0.326,9.275,2.989
1427782476933,37.499939,139.934107,12,0.187,-0.325,9.519,2.967
1427782477033,37.499938,139.934105,12,0.159,-0.318,9.554,2.945
1427782477134,37.499938,139.934103,12,0.164,-0.275,9.414,2.913
1427782477235,37.499938,139.934099,12,0.159,-0.307,9.278,2.862
1427782477335,37.499938,139.934096,12,0.214,-0.352,9.273,2.812
1427782477436,37.499938,139.934092,12,0.252,-0.39,9.394,2.763
1427782477537,37.499938,139.934089,12,0.28,-0.361,9.484,2.715
1427782477637,37.499937,139.934086,12,0.249,-0.325,9.418,2.667
1427782477733,37.499937,139.934082,12,0.232,-0.321,9.309,2.623
1427782477834,37.499937,139.934079,12,0.194,-0.378,9.372,2.577
1427782477935,37.499937,139.934076,12,0.225,-0.431,9.444,2.532
1427782478035,37.499937,139.934073,12,0.268,-0.432,9.473,2.488
1427782478136,37.499936,139.93407,13,0.297,-0.374,9.422,2.452
1427782478237,37.499934,139.934069,13,0.28,-0.326,9.376,2.429
1427782478338,37.499932,139.934067,13,0.272,-0.314,9.354,2.406
1427782478433,37.49993,139.934066,13,0.233,-0.373,9.411,2.384
1427782478534,37.499929,139.934064,13,0.202,-0.445,9.421,2.362
1427782478635,37.499927,139.934062,13,0.207,-0.442,9.36,2.34
1427782478735,37.499925,139.934061,13,0.224,-0.394,9.296,2.318
1427782478836,37.499923,139.934059,13,0.234,-0.334,9.333,2.296
1427782478937,37.499921,139.934058,13,0.24,-0.356,9.372,2.274
1427782479037,37.499919,139.934056,13,0.253,-0.381,9.357,2.253
1427782479133,37.499918,139.934055,13,0.268,-0.417,9.381,2.232
1427782479234,37.499919,139.934053,13,0.274,-0.418,9.371,2.208
1427782479334,37.49992,139.934052,13,0.296,-0.425,9.355,2.184
1427782479435,37.499921,139.934051,13,0.281,-0.391,9.419,2.16
1427782479536,37.499922,139.93405,13,0.242,-0.355,9.412,2.136
1427782479637,37.499923,139.934049,13,0.196,-0.334,9.39,2.112
1427782479737,37.499924,139.934047,13,0.189,-0.375,9.291,2.089
1427782479833,37.499925,139.934046,13,0.22,-0.403,9.325,2.068
1427782479934,37.499926,139.934045,13,0.275,-0.446,9.387,2.045
1427782480034,37.499926,139.934044,13,0.321,-0.423,9.439,2.023
1427782480135,37.499927,139.934043,13,0.335,-0.449,9.433,2.0
1427782480236,37.499928,139.934042,13,0.313,-0.429,9.408,1.978
1427782480336,37.499929,139.934041,13,0.266,-0.439,9.326,1.957
1427782480437,37.49993,139.93404,13,0.228,-0.396,9.361,1.935
1427782480533,37.499931,139.934039,13,0.194,-0.401,9.394,1.915
1427782480634,37.499931,139.934038,13,0.207,-0.372,9.409,1.894
1427782480734,37.499932,139.934037,13,0.202,-0.402,9.371,1.873
1427782480835,37.499933,139.934036,13,0.227,-0.429,9.375,1.853
1427782480936,37.499934,139.934035,13,0.242,-0.478,9.406,1.832
1427782481036,37.499935,139.934034,13,0.252,-0.483,9.389,1.813
1427782481137,37.499935,139.934032,12,0.223,-0.494,9.348,1.792
1427782481233,37.499936,139.934031,12,0.21,-0.469,9.376,1.772
1427782481334,37.499937,139.93403,12,0.179,-0.479,9.403,1.751
1427782481434,37.499938,139.934028,12,0.207,-0.487,9.362,1.731
1427782481535,37.499939,139.934027,12,0.234,-0.489,9.371,1.71
1427782481635,37.499939,139.934026,12,0.248,-0.467,9.362,1.69
1427782481736,37.49994,139.934025,12,0.225,-0.443,9.363,1.67
1427782481837,37.499941,139.934023,12,0.211,-0.445,9.369,1.65
1427782481933,37.499942,139.934022,12,0.205,-0.448,9.394,1.632
1427782482033,37.499942,139.934021,12,0.213,-0.466,9.347,1.613
1427782482134,37.499943,139.93402,11,0.216,-0.461,9.359,1.593
1427782482235,37.499942,139.934019,11,0.199,-0.473,9.364,1.573
1427782482335,37.499942,139.934018,11,0.201,-0.491,9.386,1.553
1427782482436,37.499941,139.934017,11,0.225,-0.535,9.376,1.533
1427782482537,37.49994,139.934016,11,0.26,-0.535,9.369,1.514
1427782482633,37.49994,139.934015,11,0.262,-0.574,9.355,1.496
1427782482733,37.499939,139.934014,11,0.247,-0.591,9.358,1.477
1427782482834,37.499939,139.934013,11,0.215,-0.995,9.168,1.458
1427782482935,37.499938,139.934012,11,0.267,-1.076,9.358,1.44
1427782483035,37.499937,139.934012,11,0.264,-0.516,9.869,1.422
1427782483136,37.499937,139.934011,11,0.202,0.032,9.785,1.393
1427782483237,37.499936,139.934012,11,0.104,0.121,9.221,1.346
1427782483333,37.499936,139.934013,11,0.044,0.088,8.894,1.302
1427782483433,37.499936,139.934014,11,-0.002,0.117,9.074,1.258
1427782483534,37.499935,139.934015,11,0.067,0.096,9.403,1.215
1427782483635,37.499935,139.934016,11,0.2,-0.049,9.474,1.173
1427782483735,37.499934,139.934016,11,0.257,-0.159,9.422,1.133
1427782483836,37.499934,139.934017,11,0.178,-0.077,9.439,1.095
1427782483937,37.499934,139.934018,11,0.057,0.084,9.445,1.057
1427782484037,37.499933,139.934019,11,0.033,0.105,9.303,1.022
1427782484133,37.499933,139.934019,11,0.107,0.1,9.29,1.0
1427782484234,37.499933,139.934019,11,0.157,0.046,9.41,1.0
1427782484335,37.499933,139.934019,11,0.169,-0.02,9.46,1.0
1427782484435,37.499933,139.93402,11,0.122,-0.053,9.384,1.0
1427782484536,37.499933,139.93402,11,0.07,0.039,9.357,1.0
1427782484637,37.499933,139.93402,11,0.063,0.084,9.353,1.0
1427782484737,37.499933,139.93402,11,0.106,0.035,9.338,1.0
1427782484833,37.499933,139.93402,11,0.135,-0.018,9.368,1.0
1427782484934,37.499933,139.934021,11,0.123,-0.027,9.369,1.0
1427782485035,37.499933,139.934021,11,0.116,-0.006,9.356,1.0
1427782485135,37.499933,139.934021,10,0.128,0.057,9.349,1.0
1427782485236,37.499933,139.934021,10,0.15,0.077,9.378,1.0
1427782485337,37.499934,139.934021,10,0.15,0.065,9.413,1.0
1427782485437,37.499934,139.93402,10,0.104,0.001,9.419,1.0
1427782485533,37.499934,139.93402,10,0.064,-0.015,9.411,1.0
1427782485634,37.499935,139.93402,10,0.055,-0.022,9.345,1.0
1427782485734,37.499935,139.93402,10,0.093,0.005,9.301,1.0
1427782485835,37.499935,139.93402,10,0.136,-0.005,9.283,1.0
1427782485936,37.499936,139.934019,10,0.171,0.008,9.346,1.0
1427782486037,37.499936,139.934019,10,0.152,0.012,9.388,1.0
1427782486137,37.499936,139.934019,10,0.133,0.043,9.405,1.0
1427782486233,37.499936,139.934019,10,0.117,0.053,9.387,1.0
1427782486334,37.499936,139.934019,10,0.128,0.051,9.39,1.0
1427782486434,37.499937,139.934018,10,0.134,0.01,9.384,1.0
1427782486535,37.499937,139.934018,10,0.124,-0.012,9.352,1.0
1427782486636,37.499937,139.934018,10,0.125,-0.008,9.345,1.0
1427782486736,37.499937,139.934018,10,0.14,0.042,9.368,1.0
1427782486837,37.499937,139.934018,10,0.138,0.048,9.371,1.0
1427782486933,37.499938,139.934017,10,0.13,0.051,9.413,1.0
1427782487034,37.499938,139.934017,10,0.108,0.024,9.424,1.0
1427782493131,37.499947,139.934003,7,0.096,0.006,9.408,1.029
1427782493136,37.499947,139.934003,7,0.094,0.001,9.407,1.029
1427782493237,37.499946,139.934002,7,0.085,0.094,9.418,1.026
1427782493333,37.499945,139.934001,7,0.075,0.162,9.238,1.023
1427782493434,37.499944,139.934,7,0.05,0.191,9.064,1.02
1427782493534,37.499943,139.933999,7,0.06,0.199,9.145,1.017
1427782493635,37.499942,139.933999,7,0.052,0.159,9.403,1.014
1427782493736,37.499941,139.933998,7,0.045,0.135,9.511,1.011
1427782493836,37.49994,139.933997,7,0.042,0.103,9.419,1.008
1427782493937,37.499939,139.933996,7,0.073,0.103,9.303,1.005
1427782494033,37.499938,139.933996,7,0.089,0.113,9.294,1.002
1427782503132,37.499986,139.933803,9,0.111,0.115,9.333,2.93
1427782503137,37.499986,139.933803,9,0.116,0.12,9.338,2.93
1427782503237,37.499987,139.933799,9,0.161,-0.141,9.471,2.93
1427782503333,37.499988,139.933795,9,0.236,-0.388,9.675,2.93
1427782503434,37.499989,139.933792,9,0.192,-0.424,9.705,2.93
1427782503535,37.499989,139.933788,9,0.012,-0.446,9.361,2.93
1427782503635,37.49999,139.933784,9,-0.197,-0.466,9.065,2.93
1427782503736,37.499991,139.93378,9,-0.334,-0.511,9.117,2.93
1427782503837,37.499992,139.933777,9,-0.446,-0.584,9.469,2.93
1427782503937,37.499993,139.933773,9,-0.533,-0.596,9.508,2.93
1427782504033,37.499993,139.933769,9,-0.583,-0.593,9.271,2.93
1427782504134,37.499994,139.933766,8,-0.623,-0.554,9.209,2.93
1427782504234,37.499995,139.933762,8,-0.644,-0.569,9.414,2.93
1427782504335,37.499996,139.933759,8,-0.657,-0.49,9.287,2.93
1427782504436,37.499997,139.933755,8,-0.684,-0.44,9.173,2.93
1427782504537,37.499998,139.933751,8,-0.679,-0.494,9.402,2.93
1427782504637,37.499999,139.933748,8,-0.616,-0.522,9.574,2.93
1427782504733,37.5,139.933744,8,-0.709,-0.541,9.526,2.93
1427782504834,37.500001,139.933741,8,-0.806,-0.529,9.328,2.93
1427782504934,37.500002,139.933737,8,-0.877,-0.55,9.515,2.93
1427782505035,37.500002,139.933733,8,-0.89,-0.551,9.527,2.93
1427782505136,37.500003,139.93373,7,-0.965,-0.581,9.331,2.93
1427782505237,37.500003,139.933726,7,-1.075,-0.66,9.151,2.93
1427782505337,37.500004,139.933722,7,-1.198,-0.725,9.269,2.93
1427782505433,37.500004,139.933719,7,-1.314,-0.838,9.342,2.93
1427782505534,37.500004,139.933715,7,-1.289,-0.939,9.549,2.93
1427782505634,37.500005,139.933712,7,-1.234,-1.046,9.819,2.93
1427782505735,37.500005,139.933708,7,-1.21,-1.036,9.658,2.93
1427782505836,37.500005,139.933705,7,-1.174,-1.001,9.217,2.93
1427782505936,37.500006,139.933701,7,-1.079,-0.919,8.952,2.93
1427782506037,37.500006,139.933697,7,-1.005,-0.931,9.185,2.93
1427782506133,37.500006,139.933694,6,-0.946,-1.003,9.811,2.93
1427782506234,37.500005,139.933691,6,-0.976,-0.959,9.703,2.93
1427782506334,37.500003,139.933688,6,-1.082,-1.024,9.337,2.93
1427782506435,37.500002,139.933684,6,-1.293,-1.01,8.976,2.93
1427782506536,37.500001,139.933681,6,-1.281,-0.864,8.648,2.93
1427782506636,37.5,139.933678,6,-0.988,-0.826,9.265,2.93
1427782506737,37.499999,139.933675,6,-1.052,-1.024,10.105,2.93
1427782506833,37.499998,139.933672,6,-1.072,-1.101,9.926,2.93
1427782506933,37.499997,139.933668,6,-1.105,-1.167,9.914,2.93
1427782507034,37.499996,139.933665,6,-1.345,-1.146,9.112,2.93
1427782507135,37.499994,139.933662,6,-1.387,-1.093,8.6,2.93
1427782507236,37.499991,139.93366,6,-1.189,-0.986,8.74,2.93
1427782507336,37.499989,139.933658,6,-0.761,-0.829,9.331,2.93
1427782507437,37.499986,139.933656,6,-0.354,-0.522,9.649,2.93
1427782507533,37.499984,139.933653,6,0.034,-0.302,9.561,2.93
1427782507633,37.499981,139.933651,6,0.065,-0.118,9.379,2.93
1427782507734,37.499979,139.933649,6,-0.292,-0.205,9.273,2.93
1427782507835,37.499976,139.933647,6,-0.791,-0.469,9.035,2.93
1427782507935,37.499973,139.933645,6,-0.949,-0.551,9.068,2.93
1427782508036,37.499971,139.933642,6,-0.782,-0.563,9.27,2.93
1427782508137,37.499968,139.933641,6,-0.245,-0.319,9.543,2.93
1427782508233,37.499965,139.93364,6,0.123,-0.108,9.501,2.93
1427782508333,37.499962,139.933639,6,0.176,-0.022,9.305,2.93
1427782508434,37.499958,139.933638,6,0.068,-0.132,9.224,2.93
1427782508535,37.499955,139.933637,6,0.004,-0.129,9.422,2.93
1427782508635,37.499952,139.933636,6,-0.104,-0.172,9.71,2.93
1427782508736,37.499949,139.933635,6,-0.176,-0.164,9.903,2.93
1427782508837,37.499945,139.933634,6,-0.192,-0.062,9.586,2.93
1427782508933,37.499942,139.933633,6,-0.211,0.106,9.067,2.93
1427782509033,37.499939,139.933632,6,-0.147,0.094,8.977,2.93
1427782509134,37.499936,139.933631,6,-0.044,0.106,9.074,2.93
1427782509235,37.499933,139.93363,6,0.119,0.131,9.273,2.93
1427782509335,37.499929,139.933629,6,0.279,0.219,9.512,2.93
1427782509436,37.499926,139.933628,6,0.392,0.263,9.65,2.93
1427782509537,37.499923,139.933627,6,0.451,0.275,9.572,2.93
1427782509637,37.499919,139.933626,6,0.434,0.332,9.429,2.93
1427782509733,37.499916,139.933625,6,0.426,0.369,9.229,2.93
1427782509834,37.499913,139.933624,6,0.396,0.368,9.209,2.93
1427782509935,37.499909,139.933623,6,0.346,0.382,9.302,2.93
1427782510035,37.499906,139.933623,6,0.32,0.354,9.405,2.93
1427782516128,37.499736,139.933571,8,0.32,0.367,9.426,2.93
1427782516133,37.499736,139.933571,8,0.322,0.363,9.427,2.93
1427782516234,37.499734,139.933571,8,0.383,0.057,9.512,2.93
1427782516335,37.499731,139.93357,8,0.377,-0.087,9.512,2.93
1427782516435,37.499728,139.93357,8,0.325,-0.157,9.446,2.93
1427782516536,37.499726,139.93357,8,0.281,-0.143,9.3,2.93
1427782516637,37.499723,139.933569,8,0.238,-0.09,9.281,2.93
1427782516737,37.49972,139.933569,8,0.171,-0.083,9.326,2.93
1427782516833,37.499718,139.933569,8,0.141,-0.088,9.419,2.93
1427782516934,37.499715,139.933569,8,0.193,-0.083,9.402,2.93
1427782517034,37.499713,139.933568,8,0.29,-0.025,9.343,2.93
1427782517135,37.49971,139.933568,8,0.353,-0.007,9.368,2.921
1427782517236,37.499708,139.933568,8,0.401,-0.0,9.473,2.896
1427782517337,37.499705,139.933568,8,0.402,-0.037,9.475,2.871
1427782517437,37.499703,139.933568,8,0.387,-0.021,9.373,2.847
1427782517533,37.499701,139.933568,8,0.351,-0.013,9.262,2.824
1427782517634,37.499698,139.933567,8,0.293,0.012,9.29,2.799
1427782517734,37.499696,139.933567,8,0.25,0.016,9.345,2.775
1427782517835,37.499694,139.933567,8,0.247,0.011,9.387,2.752
1427782517936,37.499692,139.933567,8,0.256,0.029,9.372,2.728
1427782518037,37.499689,139.933567,8,0.255,0.014,9.318,2.705
1427782518137,37.499687,139.933567,7,0.268,0.002,9.41,2.651
1427782518233,37.499686,139.933568,7,0.29,-0.057,9.468,2.551
1427782518334,37.499685,139.933568,7,0.348,-0.129,9.373,2.45
1427782518434,37.499683,139.933569,7,0.395,-0.299,9.269,2.353
1427782518535,37.499682,139.933569,7,0.386,-0.539,9.268,2.259
1427782518636,37.49968,139.933569,7,0.34,-0.793,9.358,2.169
1427782518736,37.499679,139.93357,7,0.324,-0.994,9.421,2.083
1427782518837,37.499678,139.93357,7,0.362,-1.139,9.434,2.0
1427782518933,37.499677,139.93357,7,0.433,-1.19,9.444,1.924
1427782519033,37.499676,139.933571,7,0.472,-1.19,9.42,1.849
1427782519134,37.499675,139.933571,6,0.516,-1.151,9.342,1.772
1427782519235,37.499674,139.933572,6,0.512,-0.999,9.423,1.69
1427782519336,37.499674,139.933573,6,0.434,-0.932,9.406,1.611
1427782519436,37.499673,139.933574,6,0.342,-0.885,9.354,1.536
1427782519537,37.499673,139.933574,6,0.315,-0.865,9.314,1.464
1427782519633,37.499672,139.933575,6,0.347,-0.724,9.435,1.398
1427782519733,37.499672,139.933576,6,0.353,-0.555,9.485,1.333
1427782519834,37.499671,139.933576,6,0.316,-0.312,9.473,1.27
1427782519935,37.499671,139.933577,6,0.262,-0.078,9.427,1.21
1427782520036,37.49967,139.933578,6,0.224,0.127,9.311,1.154
1427782520136,37.49967,139.933579,6,0.181,0.232,9.248,1.115
1427782520237,37.499671,139.93358,6,0.147,0.266,9.301,1.103
1427782520333,37.499671,139.933581,6,0.152,0.246,9.423,1.091
1427782520433,37.499671,139.933583,6,0.178,0.23,9.416,1.079
1427782520534,37.499672,139.933584,6,0.208,0.239,9.331,1.066
1427782520635,37.499672,139.933586,6,0.183,0.216,9.305,1.054
1427782520735,37.499673,139.933587,6,0.171,0.179,9.385,1.042
1427782520836,37.499673,139.933588,6,0.168,0.146,9.436,1.03
1427782520937,37.499673,139.93359,6,0.193,0.14,9.388,1.019
1427782521033,37.499674,139.933591,6,0.227,0.162,9.303,1.008
1427782521133,37.499674,139.933592,6,0.233,0.186,9.314,1.0
1427782521234,37.499675,139.933593,6,0.205,0.171,9.395,1.0
1427782521335,37.499675,139.933594,6,0.179,0.175,9.441,1.0
1427782521435,37.499676,139.933595,6,0.158,0.143,9.367,1.0
1427782521536,37.499676,139.933595,6,0.179,0.157,9.31,1.0
1427782521637,37.499677,139.933596,6,0.206,0.179,9.366,1.0
1427782521738,37.499677,139.933597,6,0.218,0.197,9.422,1.0
1427782521833,37.499678,139.933598,6,0.199,0.168,9.403,1.0
1427782521934,37.499678,139.933599,6,0.176,0.144,9.332,1.0
1427782522035,37.499679,139.933599,6,0.18,0.143,9.291,1.0
1427782566130,37.498338,139.932978,7,0.195,0.173,9.373,4.843
1427782566135,37.498338,139.932977,7,0.198,0.176,9.385,4.841
1427782566235,37.498334,139.932976,7,0.235,0.125,9.349,4.817
1427782566336,37.49833,139.932974,7,0.16,0.115,9.04,4.792
1427782566437,37.498326,139.932973,7,0.048,0.067,9.002,4.768
1427782566537,37.498322,139.932971,7,-0.02,0.004,9.252,4.744
1427782566633,37.498318,139.93297,7,-0.047,-0.081,9.451,4.721
1427782566734,37.498314,139.932968,7,-0.028,-0.064,9.415,4.696
1427782566835,37.49831,139.932967,7,-0.034,-0.006,9.226,4.672
1427782566935,37.498306,139.932965,7,-0.001,-0.007,9.285,4.649
1427782567036,37.498302,139.932964,7,0.039,-0.055,9.478,4.625
1427782569131,37.498241,139.932937,7,0.063,-0.063,9.566,3.872
1427782569136,37.498241,139.932936,7,0.059,-0.066,9.564,3.871
1427782569236,37.498239,139.932935,7,0.106,-0.336,9.523,3.846
1427782569337,37.498236,139.932933,7,0.177,-0.476,9.433,3.822
1427782569433,37.498234,139.932932,7,0.198,-0.576,9.385,3.798
1427782569534,37.498232,139.93293,7,0.203,-0.633,9.331,3.774
1427782569634,37.49823,139.932929,7,0.195,-0.655,9.375,3.75
1427782569735,37.498227,139.932927,7,0.178,-0.636,9.375,3.726
1427782569836,37.498225,139.932926,7,0.183,-0.654,9.453,3.702
1427782569936,37.498223,139.932924,7,0.222,-0.693,9.411,3.678
1427782570037,37.49822,139.932923,7,0.276,-0.657,9.323,3.655
1427782570133,37.498218,139.932921,7,0.237,-0.683,9.386,3.604
1427782570233,37.498217,139.93292,7,0.183,-0.697,9.5,3.497
1427782570334,37.498215,139.932918,7,0.178,-0.696,9.391,3.392
1427782570435,37.498213,139.932917,7,0.203,-0.658,9.276,3.29
1427782570536,37.498212,139.932915,7,0.199,-0.71,9.358,3.191
1427782570636,37.49821,139.932914,7,0.213,-0.748,9.394,3.095
1427782570737,37.498209,139.932913,7,0.239,-0.754,9.489,3.002
1427782570833,37.498208,139.932911,7,0.233,-0.732,9.477,2.916
1427782570933,37.498206,139.93291,7,0.258,-0.733,9.333,2.829
1427782571034,37.498205,139.932909,7,0.267,-0.747,9.33,2.744
1427782571135,37.498203,139.932908,7,0.23,-0.817,9.414,2.663
1427782571235,37.498201,139.932907,7,0.216,-0.85,9.379,2.588
1427782571336,37.4982,139.932906,7,0.267,-0.869,9.327,2.515
1427782571437,37.498198,139.932906,7,0.282,-0.886,9.469,2.443
1427782571533,37.498196,139.932905,7,0.289,-0.901,9.45,2.376
1427782571633,37.498194,139.932905,7,0.288,-0.895,9.323,2.309
1427782571734,37.498193,139.932904,7,0.245,-0.868,9.347,2.243
1427782571835,37.498191,139.932903,7,0.25,-0.921,9.359,2.179
1427782571935,37.498189,139.932903,7,0.285,-0.917,9.35,2.117
1427782572036,37.498188,139.932902,7,0.265,-0.949,9.389,2.057
1427782572137,37.498187,139.932902,7,0.264,-0.973,9.416,1.985
1427782572237,37.498187,139.932902,7,0.222,-0.96,9.364,1.893
1427782572333,37.498187,139.932902,7,0.193,-0.91,9.344,1.808
1427782572434,37.498187,139.932902,7,0.211,-0.775,9.387,1.722
1427782572535,37.498187,139.932902,7,0.197,-0.611,9.396,1.64
1427782572635,37.498187,139.932902,7,0.158,-0.477,9.339,1.563
1427782572736,37.498187,139.932902,7,0.143,-0.378,9.336,1.488
1427782572837,37.498187,139.932902,7,0.122,-0.295,9.364,1.417
1427782572938,37.498187,139.932902,7,0.083,-0.228,9.368,1.35
1427782573033,37.498187,139.932902,7,0.061,-0.217,9.341,1.29
1427782573134,37.498187,139.932902,7,0.083,-0.18,9.37,1.241
1427782573235,37.498187,139.932902,7,0.069,-0.166,9.398,1.213
1427782573335,37.498188,139.932903,7,0.074,-0.123,9.405,1.186
1427782573436,37.498188,139.932903,7,0.082,0.013,9.418,1.16
1427782573537,37.498188,139.932903,7,0.058,0.129,9.387,1.134
1427782573637,37.498189,139.932904,7,0.01,0.211,9.311,1.109
1427782573733,37.498189,139.932904,7,-0.033,0.213,9.285,1.085
1427782573834,37.498189,139.932904,7,-0.026,0.202,9.355,1.061
1427782573934,37.49819,139.932905,7,0.009,0.198,9.392,1.038
1427782574035,37.49819,139.932905,7,0.024,0.247,9.392,1.015
1427782574136,37.49819,139.932905,7,-0.011,0.235,9.33,1.0
1427782574237,37.49819,139.932905,7,-0.02,0.232,9.333,1.0
1427782574337,37.498191,139.932905,7,-0.013,0.175,9.373,1.0
1427782574433,37.498191,139.932905,7,0.018,0.152,9.376,1.0
1427782574534,37.498191,139.932905,7,0.042,0.144,9.341,1.0
1427782574634,37.498192,139.932906,7,0.032,0.173,9.364,1.0
1427782574735,37.498192,139.932906,7,0.003,0.187,9.397,1.0
1427782574836,37.498192,139.932906,7,-0.008,0.187,9.388,1.0
1427782574937,37.498193,139.932906,7,-0.007,0.161,9.351,1.0
1427782575037,37.498193,139.932906,7,0.032,0.174,9.326,1.0
1427782664129,37.496383,139.932063,14,0.048,0.189,9.39,6.573
1427782664134,37.496383,139.932063,14,0.044,0.185,9.393,6.571
1427782664234,37.496379,139.932058,14,0.09,0.031,9.63,6.546
1427782664335,37.496375,139.932054,14,0.156,0.031,9.427,6.52
1427782664436,37.496371,139.932049,14,0.093,0.047,8.909,6.495
1427782664536,37.496367,139.932045,14,0.068,0.024,8.823,6.47
1427782664637,37.496363,139.932041,14,0.003,-0.031,9.055,6.445
1427782664733,37.49636,139.932037,14,-0.084,-0.061,9.273,6.421
1427782664834,37.496356,139.932032,14,-0.171,-0.061,9.395,6.396
1427782664934,37.496352,139.932028,14,-0.286,0.102,9.223,6.371
1427782665035,37.496348,139.932024,14,-0.292,0.088,9.171,6.346
1427782665136,37.496344,139.93202,13,-0.284,0.021,9.324,6.33
1427782665236,37.496338,139.932018,13,-0.244,0.011,9.571,6.33
1427782665337,37.496332,139.932016,13,-0.204,0.062,9.426,6.33
1427782665433,37.496326,139.932014,13,-0.197,0.111,9.219,6.33
1427782665533,37.49632,139.932011,13,-0.232,0.184,9.1,6.33
1427782665634,37.496314,139.932009,13,-0.221,0.247,9.233,6.33
1427782665735,37.496308,139.932007,13,-0.271,0.224,9.545,6.33
1427782665835,37.496302,139.932005,13,-0.321,0.178,9.621,6.33
1427782665936,37.496296,139.932003,13,-0.287,0.185,9.246,6.33
1427782666037,37.49629,139.932,13,-0.241,0.194,9.136,6.33
1427782672130,37.495988,139.93179,10,-0.209,0.147,9.37,6.58
1427782672135,37.495988,139.93179,10,-0.21,0.137,9.383,6.58
1427782672236,37.495983,139.931786,10,-0.17,-0.005,9.784,6.58
1427782672336,37.495977,139.931783,10,-0.055,-0.047,9.732,6.58
1427782672437,37.495972,139.931779,10,0.103,-0.023,9.487,6.58
1427782672533,37.495967,139.931776,10,0.225,0.002,9.445,6.58
1427782672633,37.495961,139.931772,10,0.307,-0.07,9.41,6.58
1427782672734,37.495956,139.931769,10,0.305,-0.07,9.343,6.58
1427782672835,37.49595,139.931765,10,0.247,-0.056,9.187,6.58
1427782672935,37.495945,139.931762,10,0.22,-0.047,9.201,6.58
1427782673036,37.495939,139.931758,10,0.213,-0.106,9.499,6.58
1427782673137,37.495934,139.931755,10,0.242,-0.091,9.664,6.571
1427782673233,37.495929,139.931751,10,0.306,-0.057,9.599,6.546
1427782673333,37.495924,139.931747,10,0.34,-0.022,9.298,6.521
1427782673434,37.495919,139.931743,10,0.284,0.018,9.052,6.495
1427782673535,37.495914,139.931739,10,0.217,0.068,9.139,6.47
1427782673635,37.495909,139.931735,10,0.325,0.057,9.464,6.445
1427782673736,37.495904,139.931731,10,0.401,-0.017,9.604,6.42
1427782673837,37.495899,139.931727,10,0.405,-0.043,9.48,6.395
1427782673938,37.495894,139.931723,10,0.421,-0.037,9.424,6.37
1427782674033,37.495889,139.93172,10,0.373,-0.04,9.512,6.346
1427782674134,37.495884,139.931716,10,0.292,-0.053,9.437,6.33
1427782674235,37.495879,139.931711,10,0.22,-0.073,9.238,6.33
1427782674335,37.495874,139.931707,10,0.217,-0.038,9.19,6.33
1427782674436,37.495869,139.931703,10,0.307,-0.024,9.387,6.33
1427782674537,37.495864,139.931698,10,0.323,-0.069,9.389,6.33
1427782674637,37.495859,139.931694,10,0.285,-0.076,9.391,6.33
1427782674733,37.495854,139.93169,10,0.203,-0.052,9.319,6.33
1427782674834,37.495849,139.931685,10,0.147,-0.04,9.377,6.33
1427782674935,37.495844,139.931681,10,0.085,-0.012,9.493,6.33
1427782675035,37.495839,139.931677,10,0.049,-0.019,9.421,6.33
1427782675136,37.495834,139.931672,10,-0.001,0.008,9.307,6.321
1427782675237,37.49583,139.931668,10,-0.031,-0.013,9.366,6.295
1427782675337,37.495825,139.931664,10,-0.087,-0.076,9.569,6.27
1427782675433,37.495821,139.93166,10,-0.132,-0.149,9.626,6.246
1427782675534,37.495816,139.931656,10,-0.136,-0.177,9.412,6.22
1427782675634,37.495812,139.931651,10,-0.047,-0.181,9.273,6.195
1427782675735,37.495807,139.931647,10,0.022,-0.126,9.313,6.17
1427782675836,37.495803,139.931643,10,0.037,-0.082,9.471,6.145
1427782675937,37.495798,139.931639,10,0.019,-0.034,9.409,6.12
1427782676037,37.495794,139.931635,10,-0.073,-0.067,9.405,6.095
1427782676133,37.495789,139.931631,10,-0.125,-0.088,9.366,6.08
1427782676234,37.495785,139.931627,10,-0.138,-0.125,9.227,6.08
1427782676334,37.49578,139.931623,10,-0.103,-0.075,9.131,6.08
1427782676435,37.495776,139.931619,10,-0.079,-0.022,9.032,6.08
1427782676536,37.495771,139.931615,10,-0.022,-0.002,8.959,6.08
1427782676637,37.495766,139.931611,10,-0.056,-0.098,9.237,6.08
1427782676737,37.495762,139.931607,10,-0.102,-0.172,9.565,6.08
1427782676833,37.495757,139.931603,10,-0.265,-0.227,9.519,6.08
1427782676934,37.495753,139.931599,10,-0.413,-0.252,9.355,6.08
1427782677034,37.495748,139.931595,10,-0.427,-0.307,9.394,6.08
1427782677135,37.495743,139.931591,10,-0.484,-0.345,9.794,6.104
1427782677236,37.495739,139.931586,10,-0.496,-0.311,9.842,6.176
1427782677336,37.495734,139.931582,10,-0.577,-0.255,9.437,6.247
1427782677437,37.495729,139.931578,10,-0.518,-0.169,8.936,6.32
1427782677533,37.495724,139.931574,10,-0.534,-0.126,9.027,6.39
1427782677633,37.49572,139.931569,10,-0.606,-0.152,9.323,6.464
1427782677734,37.495715,139.931565,10,-0.614,-0.287,9.612,6.539
1427782677835,37.49571,139.93156,10,-0.693,-0.287,9.413,6.616
1427782677936,37.495704,139.931556,10,-0.901,-0.298,9.077,6.693
1427782678036,37.495699,139.931551,10,-1.113,-0.34,8.985,6.77
1427782678137,37.495694,139.931547,11,-1.2,-0.423,9.407,6.791
1427782678233,37.49569,139.931543,11,-1.168,-0.419,9.53,6.717
1427782678333,37.495686,139.931539,11,-1.21,-0.456,9.503,6.64
1427782678434,37.495681,139.931536,11,-1.266,-0.532,9.572,6.563
1427782678535,37.495677,139.931532,11,-1.385,-0.527,9.422,6.488
1427782678636,37.495673,139.931529,11,-1.446,-0.584,9.331,6.413
1427782678736,37.495669,139.931525,11,-1.516,-0.558,9.346,6.34
1427782678837,37.495665,139.931522,11,-1.546,-0.52,9.051,6.266
1427782678933,37.495661,139.931519,11,-1.521,-0.483,8.964,6.198
1427782679033,37.495657,139.931515,11,-1.514,-0.516,9.228,6.127
1427782679134,37.495652,139.931512,11,-1.424,-0.534,9.295,6.053
1427782679235,37.495647,139.931509,11,-1.357,-0.557,9.306,5.975
1427782679335,37.495642,139.931506,11,-1.208,-0.536,9.521,5.897
1427782679436,37.495638,139.931503,11,-1.184,-0.54,9.592,5.821
1427782679537,37.495633,139.9315,11,-1.069,-0.465,9.435,5.745
1427782679633,37.495628,139.931498,11,-0.894,-0.409,9.382,5.674
1427782679733,37.495624,139.931495,11,-0.666,-0.268,9.244,5.6
1427782679834,37.495619,139.931492,11,-0.502,-0.196,9.157,5.527
1427782679935,37.495614,139.931489,11,-0.459,-0.131,9.269,5.455
1427782680035,37.49561,139.931487,11,-0.469,-0.18,9.34,5.385
1427782680136,37.495605,139.931485,14,-0.509,-0.206,9.397,5.349
1427782680237,37.495598,139.931484,14,-0.563,-0.224,9.358,5.374
1427782680338,37.495591,139.931484,14,-0.587,-0.19,9.39,5.398
1427782680433,37.495584,139.931484,14,-0.582,-0.177,9.313,5.422
1427782680534,37.495577,139.931483,14,-0.53,-0.151,9.181,5.447
1427782680635,37.49557,139.931483,14,-0.468,-0.155,9.25,5.472
1427782680735,37.495564,139.931482,14,-0.447,-0.171,9.401,5.497
1427782680836,37.495557,139.931482,14,-0.435,-0.182,9.468,5.523
1427782680937,37.495549,139.931482,14,-0.387,-0.141,9.279,5.548
1427782681038,37.495542,139.931481,14,-0.298,-0.114,9.263,5.574
1427782681133,37.495536,139.931481,14,-0.212,-0.089,9.218,5.59
1427782681234,37.495531,139.93148,14,-0.117,-0.098,9.369,5.59
1427782681335,37.495526,139.931479,14,-0.048,-0.11,9.579,5.59
1427782681435,37.495521,139.931478,14,-0.038,-0.134,9.642,5.59
1427782681536,37.495516,139.931477,14,-0.069,-0.115,9.388,5.59
1427782681637,37.495511,139.931476,14,0.003,-0.108,9.434,5.59
1427782681737,37.495506,139.931475,14,0.059,-0.073,9.486,5.59
1427782681833,37.495501,139.931474,14,0.102,-0.024,9.413,5.59
1427782681934,37.495495,139.931473,14,0.151,0.008,9.371,5.59
1427782682034,37.49549,139.931473,14,0.214,0.096,9.52,5.59
1427782682135,37.495485,139.931472,13,0.367,0.154,9.628,5.59
1427782682236,37.495479,139.931472,13,0.483,0.204,9.526,5.59
1427782682337,37.495474,139.931472,13,0.49,0.245,9.341,5.59
1427782682437,37.495468,139.931473,13,0.438,0.247,9.098,5.59
1427782682533,37.495463,139.931473,13,0.39,-0.003,9.086,5.59
1427782682634,37.495457,139.931473,13,0.437,-0.414,9.24,5.59
1427782682734,37.495452,139.931473,13,0.486,-0.814,9.392,5.59
1427782682835,37.495446,139.931473,13,0.561,-1.087,9.629,5.59
1427782682936,37.49544,139.931474,13,0.669,-1.305,9.583,5.59
1427782683036,37.495435,139.931474,13,0.714,-1.5,9.446,5.59
1427782683137,37.49543,139.931474,13,0.704,-1.614,9.43,5.55
1427782683233,37.495426,139.931473,13,0.639,-1.675,9.487,5.449
1427782683334,37.495422,139.931472,13,0.584,-1.758,9.457,5.344
1427782683434,37.495419,139.931471,13,0.544,-1.799,9.388,5.242
1427782683535,37.495415,139.93147,13,0.549,-1.837,9.414,5.141
1427782683636,37.495412,139.931469,13,0.591,-1.857,9.38,5.041
1427782683736,37.495409,139.931468,13,0.615,-1.993,9.23,4.945
1427782683837,37.495405,139.931467,13,0.668,-2.2,9.2,4.849
1427782683933,37.495402,139.931466,13,0.726,-2.261,9.392,4.761
1427782684034,37.495399,139.931466,13,0.648,-1.722,9.813,4.669
1427782684134,37.495397,139.931465,13,0.347,-0.975,9.882,4.515
1427782684235,37.495395,139.931466,13,0.095,-0.46,9.434,4.243
1427782684336,37.495394,139.931466,13,-0.018,-0.407,8.828,3.985
1427782684436,37.495393,139.931467,13,0.066,-0.57,8.592,3.742
1427782684537,37.495392,139.931467,13,0.236,-0.876,8.784,3.51
1427782684633,37.495392,139.931467,13,0.443,-1.11,9.333,3.301
1427782684733,37.495391,139.931468,13,0.535,-1.148,10.082,3.097
1427782684834,37.49539,139.931468,13,0.506,-1.099,10.152,2.904
1427782684935,37.495389,139.931469,13,0.35,-0.741,9.885,2.725
1427782685036,37.495388,139.931469,13,0.214,-0.408,9.392,2.558
1427782685136,37.495387,139.931469,13,0.149,-0.184,8.942,2.452
1427782685237,37.495385,139.931468,13,0.201,-0.056,8.822,2.429
1427782685333,37.495384,139.931468,13,0.209,-0.011,9.117,2.407
1427782685433,37.495382,139.931468,13,0.129,0.054,9.554,2.384
1427782685534,37.49538,139.931467,13,-0.01,0.056,9.704,2.362
1427782685635,37.495378,139.931467,13,-0.086,0.071,9.552,2.34
1427782685735,37.495376,139.931466,13,0.003,-0.265,9.063,2.318
1427782685836,37.495375,139.931466,13,0.14,-0.805,8.932,2.296
1427782685937,37.495373,139.931466,13,0.315,-1.151,9.182,2.274
1427782686033,37.495371,139.931465,13,0.484,-1.366,9.639,2.254
1427782686133,37.49537,139.931465,12,0.578,-1.397,9.925,2.207
1427782686234,37.495371,139.931466,12,0.521,-1.037,9.863,2.107
1427782686335,37.495372,139.931466,12,0.413,-0.827,9.431,2.011
1427782686435,37.495373,139.931467,12,0.342,-0.669,9.075,1.92
1427782686536,37.495373,139.931467,12,0.308,-0.578,9.079,1.832
1427782686637,37.495374,139.931467,12,0.283,-0.566,9.309,1.747
1427782686733,37.495375,139.931468,12,0.257,-0.61,9.507,1.671
1427782686833,37.495375,139.931468,12,0.227,-0.657,9.508,1.595
1427782686934,37.495376,139.931468,12,0.231,-0.617,9.397,1.522
1427782687035,37.495377,139.931469,12,0.216,-0.442,9.367,1.452
1427782687135,37.495377,139.931469,12,0.21,-0.165,9.445,1.404
1427782687236,37.495377,139.93147,12,0.216,0.006,9.387,1.387
1427782687337,37.495376,139.93147,12,0.215,0.117,9.335,1.37
1427782687437,37.495376,139.93147,12,0.189,0.142,9.292,1.354
1427782687533,37.495376,139.931471,12,0.154,0.148,9.382,1.338
1427782687634,37.495376,139.931471,12,0.124,0.115,9.467,1.322
1427782687735,37.495376,139.931472,12,0.099,0.129,9.346,1.306
1427782687835,37.495376,139.931472,12,0.075,0.128,9.234,1.291
1427782687936,37.495375,139.931472,12,0.094,0.158,9.214,1.275
1427782688037,37.495375,139.931473,12,0.137,0.149,9.31,1.26
1427782688137,37.495375,139.931473,11,0.168,0.15,9.36,1.245
1427782688233,37.495375,139.931473,11,0.188,0.139,9.286,1.232
1427782688334,37.495374,139.931473,11,0.182,0.121,9.252,1.218
1427782688434,37.495374,139.931473,11,0.16,0.119,9.299,1.205
1427782688535,37.495374,139.931473,11,0.117,0.157,9.398,1.192
1427782688636,37.495373,139.931472,11,0.162,0.181,9.433,1.179
1427782688737,37.495373,139.931472,11,0.197,0.171,9.426,1.166
1427782688837,37.495373,139.931472,11,0.142,0.197,9.372,1.153
1427782688933,37.495372,139.931472,11,0.14,0.169,9.278,1.141
1427782689034,37.495372,139.931472,11,0.046,0.214,9.399,1.128
1427782719130,37.494056,139.931157,10,0.014,0.248,9.386,5.092
1427782719135,37.494055,139.931157,10,0.012,0.248,9.384,5.091
1427782719236,37.494051,139.931156,10,0.094,0.1,9.367,5.065
1427782719337,37.494047,139.931155,10,0.191,-0.054,9.252,5.04
1427782719437,37.494042,139.931154,10,0.227,-0.09,9.286,5.014
1427782719533,37.494038,139.931153,10,0.324,-0.168,9.33,4.99
1427782719634,37.494034,139.931152,10,0.433,-0.22,9.378,4.965
1427782719734,37.494029,139.931151,10,0.446,-0.257,9.34,4.94
1427782719835,37.494025,139.93115,10,0.43,-0.3,9.263,4.915
1427782719936,37.494021,139.931149,10,0.35,-0.327,9.369,4.89
1427782720037,37.494017,139.931148,10,0.251,-0.442,9.53,4.865
1427782720137,37.494013,139.931147,10,0.135,-0.519,9.359,4.821
1427782720233,37.49401,139.931145,10,0.099,-0.564,9.174,4.746
1427782720334,37.494007,139.931144,10,0.157,-0.606,9.241,4.669
1427782720434,37.494004,139.931143,10,0.185,-0.642,9.483,4.593
1427782720535,37.494002,139.931142,10,0.237,-0.676,9.441,4.518
1427782720636,37.493999,139.931141,10,0.279,-0.67,9.418,4.444
1427782720737,37.493996,139.93114,10,0.287,-0.655,9.409,4.371
1427782720837,37.493994,139.931139,10,0.284,-0.632,9.395,4.3
1427782720933,37.493991,139.931138,10,0.25,-0.692,9.338,4.234
1427782721034,37.493989,139.931137,10,0.264,-0.751,9.422,4.165
1427782721134,37.493986,139.931136,10,0.301,-0.753,9.412,4.073
1427782721235,37.493983,139.931136,10,0.286,-0.73,9.258,3.936
1427782721336,37.493981,139.931135,10,0.329,-0.711,9.227,3.803
1427782721436,37.493978,139.931135,10,0.368,-0.683,9.242,3.675
1427782721537,37.493976,139.931135,10,0.353,-0.697,9.376,3.551
1427782721633,37.493973,139.931134,10,0.334,-0.742,9.583,3.436
1427782721734,37.493971,139.931134,10,0.354,-0.776,9.599,3.319
1427782721834,37.493969,139.931134,10,0.337,-0.791,9.366,3.207
1427782721935,37.493966,139.931133,10,0.372,-0.784,9.168,3.099
1427782722036,37.493964,139.931133,10,0.427,-0.738,9.126,2.994
1427782722136,37.493962,139.931133,10,0.345,-0.794,9.502,2.891
1427782722237,37.49396,139.931133,10,0.274,-0.823,9.625,2.786
1427782722333,37.493959,139.931133,10,0.253,-0.81,9.489,2.688
1427782722433,37.493957,139.931133,10,0.23,-0.754,9.302,2.59
1427782722534,37.493955,139.931133,10,0.283,-0.613,9.165,2.494
1427782722635,37.493954,139.931133,10,0.337,-0.504,9.324,2.402
1427782722736,37.493952,139.931133,10,0.343,-0.434,9.53,2.313
1427782722836,37.493951,139.931133,10,0.306,-0.349,9.499,2.228
1427782722937,37.493949,139.931133,10,0.26,-0.337,9.327,2.146
1427782723033,37.493948,139.931133,10,0.268,-0.299,9.255,2.071
1427782723133,37.493947,139.931133,10,0.297,-0.289,9.285,2.005
1427782723234,37.493946,139.931133,10,0.318,-0.262,9.425,1.958
1427782723335,37.493944,139.931133,10,0.299,-0.3,9.441,1.913
1427782723436,37.493943,139.931133,10,0.265,-0.337,9.313,1.868
1427782723536,37.493942,139.931133,10,0.234,-0.37,9.283,1.825
1427782723637,37.493941,139.931133,10,0.221,-0.363,9.386,1.782
1427782723733,37.49394,139.931133,10,0.223,-0.398,9.44,1.743
1427782723833,37.493939,139.931133,10,0.284,-0.443,9.416,1.703
1427782723934,37.493938,139.931133,10,0.347,-0.427,9.286,1.663
1427782724035,37.493938,139.931133,10,0.397,-0.39,9.282,1.624
1427782724135,37.493937,139.931133,10,0.386,-0.373,9.445,1.58
1427782724236,37.493937,139.931133,10,0.349,-0.363,9.477,1.525
1427782724337,37.493937,139.931134,10,0.289,-0.38,9.379,1.471
1427782724433,37.493937,139.931134,10,0.249,-0.39,9.323,1.421
1427782724533,37.493937,139.931134,10,0.235,-0.376,9.351,1.371
1427782724634,37.493936,139.931135,10,0.239,-0.367,9.371,1.323
1427782724735,37.493936,139.931135,10,0.286,-0.359,9.405,1.276
1427782724835,37.493936,139.931135,10,0.329,-0.388,9.384,1.231
1427782724936,37.493936,139.931136,10,0.347,-0.317,9.406,1.187
1427782725037,37.493936,139.931136,10,0.286,-0.046,9.529,1.145
1427782725137,37.493936,139.931136,10,0.201,0.242,9.527,1.115
1427782725233,37.493936,139.931136,10,0.1,0.388,9.324,1.103
1427782725334,37.493936,139.931136,10,0.026,0.489,9.164,1.091
1427782725435,37.493935,139.931136,10,0.012,0.481,9.178,1.078
1427782725535,37.493935,139.931136,10,0.101,0.401,9.284,1.066
1427782725636,37.493935,139.931137,10,0.179,0.311,9.39,1.054
1427782725737,37.493935,139.931137,10,0.223,0.297,9.467,1.042
1427782725837,37.493935,139.931137,10,0.202,0.296,9.412,1.03
1427782725933,37.493934,139.931137,10,0.182,0.304,9.375,1.019
1427782726034,37.493934,139.931137,10,0.157,0.296,9.402,1.008
1427782750128,37.492932,139.930916,10,0.168,0.284,9.459,6.33
1427782768130,37.491924,139.930719,10,0.174,0.284,9.455,5.819
1427782768135,37.491924,139.930719,10,0.179,0.28,9.45,5.816
1427782768236,37.491919,139.930718,10,0.25,0.13,9.286,5.747
1427782768336,37.491915,139.930718,10,0.265,-0.044,9.328,5.68
1427782768437,37.491911,139.930717,10,0.29,-0.129,9.361,5.612
1427782768533,37.491907,139.930716,10,0.337,-0.159,9.308,5.549
1427782768633,37.491903,139.930716,10,0.436,-0.182,9.272,5.484
1427782768734,37.491899,139.930715,10,0.497,-0.177,9.413,5.419
1427782768835,37.491895,139.930715,10,0.499,-0.164,9.424,5.354
1427782768935,37.491892,139.930714,10,0.408,-0.163,9.33,5.291
1427782769036,37.491888,139.930714,10,0.33,-0.189,9.416,5.228
1427782769137,37.491884,139.930713,10,0.263,-0.25,9.334,5.166
1427782769237,37.49188,139.930712,10,0.25,-0.331,9.334,5.105
1427782769333,37.491877,139.930712,10,0.278,-0.403,9.33,5.047
1427782769434,37.491873,139.930711,10,0.338,-0.474,9.5,4.987
1427782769535,37.491869,139.930711,10,0.296,-0.491,9.461,4.928
1427782769635,37.491866,139.93071,10,0.243,-0.544,9.44,4.87
1427782769736,37.491862,139.93071,10,0.233,-0.506,9.415,4.812
1427782769837,37.491859,139.930709,10,0.231,-0.381,9.288,4.755
1427782769937,37.491855,139.930709,10,0.247,-0.26,9.241,4.699
1427782770033,37.491852,139.930708,10,0.255,-0.213,9.366,4.647
1427782770134,37.491849,139.930708,10,0.255,-0.167,9.35,4.592
1427782770235,37.491846,139.930707,10,0.256,-0.161,9.438,4.541
1427782770335,37.491843,139.930706,10,0.277,-0.102,9.373,4.49
1427782770436,37.49184,139.930705,10,0.277,-0.026,9.278,4.439
1427782770537,37.491837,139.930703,10,0.248,0.03,9.215,4.389
1427782770637,37.491834,139.930702,10,0.244,0.052,9.32,4.34
1427782770733,37.491831,139.930702,10,0.303,0.023,9.446,4.293
1427782770834,37.491828,139.930701,10,0.318,-0.012,9.538,4.245
1427782770934,37.491826,139.9307,10,0.291,0.042,9.392,4.198
1427782771035,37.491823,139.930699,10,0.201,-0.011,9.413,4.15
1427782771136,37.49182,139.930698,10,0.206,-0.072,9.4,4.111
1427782771237,37.491817,139.930696,10,0.258,-0.25,9.294,4.086
1427782771337,37.491813,139.930695,10,0.335,-0.454,9.33,4.062
1427782771433,37.49181,139.930694,10,0.369,-0.567,9.323,4.038
1427782771534,37.491807,139.930692,10,0.479,-0.603,9.385,4.014
1427782771634,37.491804,139.930691,10,0.573,-0.63,9.658,3.99
1427782771735,37.491801,139.93069,10,0.626,-0.653,9.732,3.966
1427782771836,37.491798,139.930688,10,0.541,-0.655,9.343,3.942
1427782771937,37.491795,139.930687,10,0.492,-0.663,9.096,3.918
1427782772037,37.491792,139.930686,10,0.431,-0.664,9.213,3.895
1427782772133,37.491789,139.930684,10,0.347,-0.669,9.284,3.854
1427782772234,37.491785,139.930683,10,0.258,-0.743,9.414,3.775
1427782772334,37.491782,139.930681,10,0.232,-0.778,9.464,3.698
1427782772435,37.491779,139.93068,10,0.279,-0.695,9.392,3.622
1427782772536,37.491776,139.930678,10,0.276,-0.652,9.265,3.548
1427782772636,37.491773,139.930677,10,0.298,-0.631,9.38,3.476
1427782772737,37.49177,139.930675,10,0.354,-0.644,9.454,3.404
1427782772833,37.491767,139.930674,10,0.455,-0.651,9.455,3.338
1427782772933,37.491764,139.930672,10,0.545,-0.639,9.415,3.27
1427782773034,37.491761,139.930671,10,0.598,-0.589,9.313,3.203
1427782773135,37.491759,139.93067,10,0.566,-0.61,9.36,3.123
1427782773236,37.491757,139.93067,10,0.476,-0.686,9.485,3.016
1427782773336,37.491756,139.930669,10,0.357,-0.806,9.435,2.915
1427782773437,37.491755,139.930669,10,0.283,-0.88,9.226,2.815
1427782773533,37.491754,139.930669,10,0.3,-0.921,9.245,2.723
1427782773633,37.491753,139.930668,10,0.397,-0.993,9.459,2.631
1427782773734,37.491752,139.930668,10,0.513,-1.061,9.5,2.54
1427782773835,37.491751,139.930668,10,0.565,-1.144,9.284,2.453
1427782773936,37.49175,139.930667,10,0.562,-1.199,9.271,2.369
1427782774036,37.491749,139.930667,10,0.546,-1.272,9.395,2.289
1427782774137,37.491748,139.930666,10,0.556,-1.325,9.464,2.185
1427782774233,37.491747,139.930665,10,0.598,-1.389,9.408,2.048
1427782774333,37.491746,139.930663,10,0.663,-1.394,9.372,1.912
1427782774434,37.491745,139.930662,10,0.675,-1.431,9.346,1.783
1427782774535,37.491744,139.93066,10,0.656,-1.493,9.326,1.661
1427782774636,37.491744,139.930659,10,0.653,-1.531,9.377,1.547
1427782774736,37.491743,139.930658,10,0.612,-1.232,9.6,1.441
1427782774837,37.491742,139.930657,10,0.516,-0.561,9.786,1.342
1427782774933,37.491742,139.930656,10,0.422,-0.143,9.494,1.255
1427782775033,37.491741,139.930655,10,0.313,0.145,9.119,1.172
1427782775134,37.491741,139.930654,10,0.198,0.24,8.991,1.116
1427782775235,37.491742,139.930654,10,0.164,0.282,9.224,1.103
1427782775335,37.491742,139.930655,10,0.188,0.265,9.521,1.091
1427782775436,37.491742,139.930655,10,0.227,0.278,9.637,1.078
1427782775537,37.491743,139.930655,10,0.225,0.308,9.464,1.066
1427782775637,37.491743,139.930656,10,0.192,0.309,9.243,1.054
1427782775733,37.491744,139.930656,10,0.161,0.28,9.212,1.042
1427782775834,37.491744,139.930656,10,0.17,0.237,9.358,1.031
1427782775935,37.491744,139.930657,10,0.193,0.225,9.444,1.019
1427782776035,37.491745,139.930657,10,0.21,0.232,9.352,1.007
1427782776136,37.491745,139.930657,10,0.242,0.285,9.215,1.0
1427782776237,37.491745,139.930656,10,0.255,0.292,9.217,1.0
1427782776337,37.491745,139.930656,10,0.27,0.312,9.364,1.0
1427782776433,37.491746,139.930655,10,0.256,0.307,9.449,1.0
1427782776534,37.491746,139.930654,10,0.248,0.325,9.419,1.0
1427782776635,37.491746,139.930654,10,0.233,0.332,9.353,1.0
1427782776735,37.491746,139.930653,10,0.246,0.344,9.405,1.0
1427782776836,37.491746,139.930653,10,0.234,0.324,9.454,1.0
1427782776937,37.491747,139.930652,10,0.208,0.311,9.453,1.0
1427782777037,37.491747,139.930651,10,0.181,0.282,9.392,1.0
1427782821132,37.490504,139.930413,11,0.175,0.264,9.373,6.322
1427782821137,37.490504,139.930413,11,0.176,0.255,9.369,6.321
1427782821233,37.490499,139.930412,11,0.247,0.125,9.13,6.296
1427782821334,37.490494,139.930411,11,0.319,0.057,9.439,6.271
1427782821435,37.490489,139.930411,11,0.409,0.017,9.567,6.245
1427782821535,37.490484,139.93041,11,0.429,-0.017,9.543,6.22
1427782821636,37.490479,139.930409,11,0.44,-0.015,9.529,6.195
1427782821737,37.490474,139.930409,11,0.38,0.086,9.05,6.17
1427782821837,37.490469,139.930408,11,0.315,0.083,9.033,6.145
1427782821933,37.490464,139.930407,11,0.32,0.004,9.244,6.121
1427782822034,37.490459,139.930406,11,0.277,-0.058,9.633,6.096
1427782822134,37.490454,139.930406,10,0.301,-0.091,9.635,6.072
1427782822235,37.49045,139.930405,10,0.361,-0.026,9.417,6.047
1427782822336,37.490445,139.930404,10,0.361,0.034,9.303,6.022
1427782822437,37.490441,139.930403,10,0.345,0.043,9.251,5.998
1427782822537,37.490436,139.930402,10,0.301,0.013,9.25,5.974
1427782822633,37.490432,139.930401,10,0.355,0.056,9.311,5.951
1427782822734,37.490427,139.9304,10,0.396,0.04,9.544,5.927
1427782822834,37.490423,139.930399,10,0.408,0.057,9.217,5.903
1427782822935,37.490418,139.930398,10,0.37,0.011,9.422,5.879
1427782823036,37.490414,139.930398,10,0.352,-0.008,9.598,5.855
1427782823137,37.490409,139.930396,10,0.323,0.04,9.405,5.831
1427782823237,37.490405,139.930395,10,0.281,0.072,9.256,5.805
1427782823333,37.490401,139.930393,10,0.237,0.1,9.029,5.781
1427782823434,37.490396,139.930392,10,0.229,-0.013,8.748,5.755
1427782823534,37.490392,139.93039,10,0.234,-0.208,8.987,5.73
1427782823635,37.490387,139.930389,10,0.36,-0.328,9.582,5.705
1427782823736,37.490383,139.930387,10,0.455,-0.51,9.985,5.68
1427782823836,37.490378,139.930386,10,0.463,-0.613,9.867,5.655
1427782823937,37.490374,139.930384,10,0.444,-0.537,9.348,5.63
1427782824033,37.49037,139.930383,10,0.349,-0.513,8.899,5.606
1427782824133,37.490365,139.930382,10,0.294,-0.574,9.295,5.564
1427782824234,37.49036,139.93038,10,0.394,-0.562,9.785,5.485
1427782824335,37.490356,139.930379,10,0.404,-0.626,9.737,5.407
1427782824436,37.490351,139.930377,10,0.368,-0.584,9.273,5.33
1427782824536,37.490346,139.930376,10,0.364,-0.506,8.906,5.254
1427782824637,37.490341,139.930375,10,0.369,-0.603,9.034,5.18
1427782824733,37.490337,139.930374,10,0.383,-0.609,9.436,5.109
1427782824833,37.490333,139.930372,10,0.431,-0.651,9.72,5.037
1427782824934,37.490328,139.930371,10,0.367,-0.691,9.752,4.966
1427782825035,37.490324,139.93037,10,0.192,-0.672,9.342,4.895
1427782825135,37.49032,139.930369,10,0.064,-0.6,8.949,4.822
1427782825236,37.490316,139.930369,10,0.007,-0.649,8.983,4.744
1427782825337,37.490312,139.930368,10,-0.092,-0.702,9.411,4.666
1427782825438,37.490308,139.930368,10,-0.216,-0.735,9.597,4.59
1427782825533,37.490305,139.930368,10,-0.319,-0.76,9.459,4.519
1427782825634,37.490301,139.930367,10,-0.438,-0.79,9.27,4.445
1427782825735,37.490297,139.930367,10,-0.552,-0.71,9.056,4.373
1427782825835,37.490294,139.930367,10,-0.738,-0.752,9.135,4.302
1427782825937,37.49029,139.930366,10,-0.805,-0.924,9.557,4.231
1427782826037,37.490287,139.930366,10,-0.844,-1.025,9.811,4.162
1427782826133,37.490284,139.930366,10,-0.885,-0.946,9.543,4.063
1427782826233,37.490282,139.930367,10,-1.054,-0.919,8.96,3.895
1427782826334,37.490279,139.930368,10,-1.228,-0.988,9.219,3.732
1427782826435,37.490277,139.930368,10,-1.269,-0.951,9.64,3.574
1427782826535,37.490275,139.930369,10,-1.251,-0.85,9.632,3.424
1427782826636,37.490273,139.93037,10,-1.291,-0.722,9.21,3.279
1427782826737,37.490271,139.93037,10,-1.35,-0.699,9.102,3.14
1427782826837,37.490269,139.930371,10,-1.339,-0.742,9.525,3.008
1427782826933,37.490267,139.930371,10,-1.254,-0.797,9.852,2.887
1427782827034,37.490265,139.930372,10,-1.239,-0.736,9.567,2.766
1427782827135,37.490263,139.930372,10,-1.292,-0.721,9.036,2.69
1427782827235,37.490261,139.930374,10,-1.382,-0.832,9.057,2.69
1427782827336,37.490259,139.930375,10,-1.409,-1.019,9.575,2.69
1427782827437,37.490257,139.930377,10,-1.398,-1.095,9.82,2.69
1427782827537,37.490254,139.930378,10,-1.411,-1.033,9.46,2.69
1427782827633,37.490252,139.930379,10,-1.331,-0.981,9.186,2.69
1427782827734,37.49025,139.930381,10,-1.264,-0.861,9.238,2.69
1427782827834,37.490248,139.930382,10,-1.16,-0.578,9.871,2.69
1427782827935,37.490246,139.930384,10,-1.031,-0.255,9.9,2.69
1427782828036,37.490243,139.930385,10,-1.104,-0.006,9.153,2.69
1427782828137,37.490242,139.930387,10,-1.47,-0.071,9.015,2.713
1427782828237,37.490241,139.93039,10,-1.922,-0.377,9.267,2.777
1427782828333,37.49024,139.930393,10,-2.118,-0.725,9.624,2.841
1427782828434,37.490239,139.930396,10,-2.001,-0.87,9.812,2.909
1427782828534,37.490238,139.9304,10,-1.88,-0.821,8.938,2.978
1427782828635,37.490237,139.930403,10,-1.79,-0.743,8.174,3.049
1427782828736,37.490236,139.930407,10,-1.781,-0.769,8.655,3.122
1427782828837,37.490235,139.93041,10,-1.387,-0.643,9.584,3.197
1427782828937,37.490234,139.930414,10,-0.873,-0.514,9.789,3.273
1427782829033,37.490233,139.930417,10,-0.733,-0.356,9.744,3.347
1427782829133,37.490232,139.930421,10,-0.722,-0.181,9.618,3.422
1427782829234,37.490231,139.930426,10,-0.613,-0.127,9.437,3.488
1427782829335,37.49023,139.930431,10,-0.496,0.066,9.339,3.557
1427782829436,37.490229,139.930436,10,-0.326,0.325,9.001,3.627
1427782829536,37.490229,139.930441,10,-0.196,0.528,8.968,3.697
1427782829637,37.490228,139.930446,10,-0.26,0.561,9.231,3.77
1427782829733,37.490227,139.930451,10,-0.435,0.547,9.595,3.84
1427782829834,37.490226,139.930456,10,-0.619,0.519,9.584,3.915
1427782829934,37.490225,139.930461,10,-0.669,0.518,9.201,3.991
1427782830035,37.490225,139.930466,10,-0.554,0.602,8.881,4.069
1427782868128,37.489897,139.93312,12,-0.415,0.69,8.926,6.308
1427782868133,37.489897,139.93312,12,-0.407,0.685,8.947,6.304
1427782868233,37.489896,139.933127,12,-0.197,0.185,9.169,6.226
1427782868335,37.489896,139.933134,12,-0.034,-0.164,9.323,6.148
1427782868436,37.489895,139.93314,12,0.047,-0.33,9.22,6.071
1427782868536,37.489894,139.933147,12,0.099,-0.417,9.14,5.996
1427782868636,37.489894,139.933153,12,0.098,-0.504,9.197,5.922
1427782868737,37.489893,139.93316,12,0.09,-0.553,9.381,5.848
1427782868833,37.489893,139.933166,12,0.118,-0.582,9.439,5.779
1427782868933,37.489892,139.933172,12,0.2,-0.568,9.61,5.707
1427782869034,37.489891,139.933178,12,0.254,-0.495,9.465,5.636
1427782869135,37.489891,139.933184,12,0.214,-0.447,9.223,5.59
1427782869236,37.48989,139.933191,12,0.211,-0.468,9.316,5.59
1427782869336,37.489889,139.933198,12,0.324,-0.489,9.524,5.59
1427782869437,37.489888,139.933205,12,0.506,-0.457,9.358,5.59
1427782869533,37.489887,139.933212,12,0.711,-0.335,9.371,5.59
1427782869633,37.489886,139.933219,12,0.884,-0.217,9.451,5.59
1427782869734,37.489885,139.933226,12,1.042,-0.079,9.253,5.59
1427782869835,37.489884,139.933233,12,1.048,0.041,9.061,5.59
1427782869935,37.489883,139.93324,12,1.028,0.075,9.31,5.59
1427782870036,37.489882,139.933247,12,1.117,0.05,9.586,5.59
1427782870137,37.489879,139.933252,14,1.39,0.074,9.508,5.55
1427782870238,37.489874,139.933254,14,1.706,0.188,9.321,5.444
1427782870333,37.48987,139.933256,14,1.929,0.161,9.231,5.345
1427782870434,37.489865,139.933259,14,2.154,0.157,9.132,5.242
1427782870535,37.489861,139.933261,14,2.302,0.172,9.048,5.141
1427782870635,37.489856,139.933263,14,2.336,0.081,8.954,5.042
1427782870736,37.489852,139.933265,14,2.261,0.053,9.124,4.945
1427782870837,37.489848,139.933268,14,2.024,-0.048,9.183,4.849
1427782870937,37.489844,139.93327,14,1.697,-0.26,9.587,4.757
1427782871033,37.48984,139.933272,14,1.489,-0.468,10.239,4.67
1427782871134,37.489836,139.933275,14,1.611,-0.558,10.232,4.618
1427782871235,37.489834,139.933279,14,1.87,-0.416,9.586,4.642
1427782871335,37.489831,139.933284,14,1.927,-0.148,8.457,4.665
1427782871436,37.489829,139.933288,14,1.539,-0.17,8.334,4.689
1427782871537,37.489826,139.933293,14,1.115,-0.477,10.237,4.713
1427782871637,37.489824,139.933297,14,1.368,-0.602,10.884,4.737
1427782871733,37.489821,139.933302,14,1.639,-0.465,9.92,4.761
1427782871834,37.489819,139.933307,14,1.599,-0.311,8.547,4.785
1427782871934,37.489816,139.933311,14,1.178,-0.448,8.399,4.809
1427782872035,37.489814,139.933316,14,1.405,-0.541,10.164,4.834
1427782872136,37.48981,139.933319,12,1.497,-0.416,10.245,4.832
1427782872237,37.489805,139.933319,12,1.505,-0.287,9.246,4.781
1427782872337,37.4898,139.933319,12,1.586,-0.175,8.883,4.732
1427782872433,37.489795,139.933319,12,1.519,-0.066,8.677,4.685
1427782872534,37.48979,139.933319,12,1.148,-0.083,8.121,4.636
1427782872634,37.489785,139.933318,12,0.833,-0.109,7.944,4.587
1427782872735,37.48978,139.933318,12,0.797,-0.278,8.921,4.539
1427782872836,37.489775,139.933318,12,1.105,-0.381,10.199,4.492
1427782872937,37.489771,139.933318,12,1.364,-0.356,10.538,4.445
1427782873037,37.489766,139.933318,12,1.483,-0.243,9.711,4.399
1427782873133,37.489763,139.933317,14,1.492,-0.268,9.142,4.353
1427782873234,37.489761,139.933315,14,1.45,-0.377,9.498,4.301
1427782873334,37.48976,139.933313,14,1.336,-0.37,9.991,4.25
1427782873435,37.489759,139.933311,14,1.183,-0.359,9.828,4.199
1427782873536,37.489758,139.933309,14,1.067,-0.304,9.486,4.149
1427782873636,37.489756,139.933308,14,0.958,-0.241,9.453,4.1
1427782873737,37.489755,139.933306,14,0.817,-0.187,9.577,4.051
1427782873833,37.489754,139.933304,14,0.655,-0.146,9.418,4.005
1427782873934,37.489753,139.933302,14,0.578,-0.07,9.178,3.957
1427782874034,37.489752,139.9333,14,0.373,-0.074,9.181,3.911
1427782874135,37.48975,139.933299,14,0.381,-0.114,9.712,3.896
1427782874236,37.489746,139.933297,14,0.44,-0.104,9.593,3.943
1427782874336,37.489742,139.933296,14,0.459,-0.049,8.953,3.99
1427782874437,37.489739,139.933294,14,0.529,-0.046,8.868,4.039
1427782874533,37.489735,139.933293,14,0.628,-0.052,9.262,4.085
1427782874634,37.489731,139.933291,14,0.739,-0.021,9.66,4.134
1427782874734,37.489727,139.93329,14,0.849,-0.02,9.765,4.184
1427782874835,37.489724,139.933288,14,0.903,0.065,9.323,4.234
1427782874935,37.48972,139.933287,14,0.949,0.135,9.225,4.285
1427782875036,37.489716,139.933285,14,1.018,0.183,9.425,4.337
1427782875137,37.489712,139.933283,12,0.912,0.184,9.502,4.36
1427782875233,37.48971,139.933279,12,0.749,0.184,9.343,4.336
1427782875333,37.489707,139.933275,12,0.561,0.159,9.084,4.31
1427782875434,37.489704,139.933272,12,0.458,0.218,8.993,4.285
1427782875535,37.489702,139.933268,12,0.403,0.243,9.292,4.259
1427782875635,37.489699,139.933264,12,0.468,0.294,9.501,4.234
1427782875736,37.489697,139.933261,12,0.636,0.397,9.208,4.209
1427782875837,37.489694,139.933257,12,0.859,0.419,9.39,4.184
1427782875933,37.489692,139.933254,12,0.969,0.429,9.441,4.161
1427782876033,37.48969,139.93325,12,1.025,0.382,9.664,4.136
1427782892132,37.489538,139.932464,9,1.05,0.442,9.749,4.37
1427782895128,37.489527,139.932339,10,1.05,0.441,9.747,3.647
1427782895133,37.489527,139.932339,10,1.052,0.435,9.747,3.648
1427782895233,37.489529,139.932335,10,1.386,0.202,9.59,3.671
1427782895334,37.48953,139.932331,10,1.553,0.066,9.472,3.695
1427782895435,37.489531,139.932328,10,1.42,-0.06,9.537,3.719
1427782895535,37.489533,139.932324,10,1.288,-0.174,9.579,3.743
1427782895636,37.489534,139.93232,10,1.209,-0.138,9.416,3.767
1427782895737,37.489535,139.932316,10,1.164,-0.122,9.189,3.791
1427782895833,37.489536,139.932312,10,1.214,-0.124,9.11,3.814
1427782895933,37.489538,139.932309,10,1.277,-0.084,9.205,3.839
1427782896034,37.489539,139.932305,10,1.352,-0.142,9.553,3.864
1427782896135,37.489541,139.932301,11,1.527,-0.137,9.705,3.871
1427782896235,37.489543,139.932297,11,1.644,-0.094,9.442,3.847
1427782896336,37.489545,139.932294,11,1.599,-0.037,9.153,3.822
1427782896437,37.489548,139.932291,11,1.42,-0.047,9.089,3.797
1427782896538,37.48955,139.932287,11,1.187,-0.12,9.145,3.773
1427782896633,37.489552,139.932284,11,1.046,-0.135,9.144,3.75
1427782896734,37.489554,139.932281,11,1.05,-0.136,9.022,3.726
1427782896835,37.489556,139.932278,11,1.129,-0.164,9.22,3.702
1427782896935,37.489558,139.932274,11,1.294,-0.205,9.462,3.679
1427782897036,37.489561,139.932271,11,1.399,-0.213,9.47,3.655
1427782897137,37.489563,139.932268,11,1.526,-0.183,9.566,3.64
1427782897237,37.489566,139.932267,11,1.634,-0.179,9.516,3.64
1427782897333,37.489569,139.932265,11,1.555,-0.142,9.306,3.64
1427782897434,37.489572,139.932263,11,1.305,-0.128,9.319,3.64
1427782897534,37.489575,139.932261,11,1.009,-0.184,9.27,3.64
1427782897635,37.489579,139.932259,11,0.783,-0.199,9.064,3.64
1427782897736,37.489582,139.932258,11,0.593,-0.226,9.047,3.64
1427782897837,37.489585,139.932256,11,0.562,-0.246,9.311,3.64
1427782897937,37.489588,139.932254,11,0.776,-0.24,9.585,3.64
1427782898033,37.489591,139.932252,11,1.086,-0.197,9.744,3.64
1427782898134,37.489594,139.932251,12,1.246,-0.107,9.636,3.64
1427782898234,37.489598,139.93225,12,1.185,-0.061,9.321,3.64
1427782898335,37.489601,139.93225,12,0.969,-0.039,9.133,3.64
1427782898436,37.489605,139.932249,12,0.786,-0.022,9.079,3.64
1427782898537,37.489609,139.932249,12,0.616,0.034,9.041,3.64
1427782898637,37.489612,139.932248,12,0.379,-0.046,9.185,3.64
1427782898733,37.489616,139.932248,12,0.203,-0.072,9.227,3.64
1427782898834,37.489619,139.932247,12,0.204,-0.089,9.44,3.64
1427782898934,37.489623,139.932247,12,0.334,-0.049,9.521,3.64
1427782899035,37.489627,139.932246,12,0.469,-0.056,9.517,3.64
1427782899136,37.48963,139.932246,12,0.575,-0.043,9.318,3.64
1427782899236,37.489634,139.932246,12,0.623,0.014,9.295,3.64
1427782899337,37.489638,139.932247,12,0.584,-0.049,9.604,3.64
1427782899433,37.489642,139.932247,12,0.518,-0.059,9.701,3.64
1427782899534,37.489645,139.932247,12,0.459,-0.03,9.331,3.64
1427782899634,37.489649,139.932248,12,0.461,0.087,9.117,3.64
1427782899735,37.489653,139.932248,12,0.391,0.144,9.28,3.64
1427782899836,37.489657,139.932248,12,0.273,0.163,9.475,3.64
1427782899936,37.489661,139.932249,12,0.04,0.069,9.371,3.64
1427782900037,37.489665,139.932249,12,-0.107,0.019,9.163,3.64
1427782900133,37.489668,139.932249,11,-0.05,0.013,9.223,3.64
1427782900233,37.489672,139.93225,11,0.157,0.033,9.508,3.64
1427782900334,37.489675,139.93225,11,0.335,0.057,9.705,3.64
1427782900435,37.489679,139.93225,11,0.441,0.094,9.509,3.64
1427782900536,37.489683,139.932251,11,0.445,0.14,9.131,3.64
1427782900636,37.489686,139.932251,11,0.411,0.158,9.056,3.64
1427782900737,37.48969,139.932252,11,0.339,0.18,9.423,3.64
1427782900833,37.489693,139.932252,11,0.314,0.171,9.618,3.64
1427782900933,37.489697,139.932252,11,0.247,0.161,9.57,3.64
1427782901034,37.489701,139.932253,11,0.153,0.167,9.251,3.64
1427782907132,37.489905,139.932297,10,0.143,0.213,8.976,3.632
1427782907137,37.489905,139.932297,10,0.144,0.204,8.984,3.631
1427782907233,37.489908,139.932298,10,0.388,-0.537,9.209,3.607
1427782907333,37.489911,139.932299,10,0.506,-1.05,8.962,3.583
1427782907434,37.489914,139.932299,10,0.537,-1.318,8.816,3.558
1427782907535,37.489916,139.9323,10,0.581,-1.517,8.997,3.534
1427782907636,37.489919,139.932301,10,0.697,-1.635,9.242,3.509
1427782907736,37.489922,139.932302,10,0.809,-1.683,9.354,3.485
1427782907837,37.489925,139.932302,10,0.817,-1.712,9.216,3.462
1427782907933,37.489927,139.932303,10,0.739,-1.548,9.244,3.439
1427782908033,37.48993,139.932304,10,0.547,-0.999,9.518,3.416
1427782908134,37.489933,139.932304,11,0.313,-0.52,9.519,3.4
1427782908235,37.489935,139.932305,11,0.167,-0.19,9.281,3.4
1427782908335,37.489937,139.932305,11,0.104,0.062,9.053,3.4
1427782908436,37.48994,139.932306,11,0.165,0.186,8.971,3.4
1427782908537,37.489942,139.932307,11,0.282,0.23,9.202,3.4
1427782908633,37.489944,139.932307,11,0.32,0.241,9.505,3.4
1427782908733,37.489947,139.932308,11,0.282,0.243,9.552,3.4
1427782908834,37.489949,139.932308,11,0.204,0.253,9.359,3.4
1427782908935,37.489951,139.932309,11,0.164,0.291,9.176,3.4
1427782909035,37.489954,139.93231,11,0.162,0.309,9.227,3.4
1427782933130,37.490117,139.931229,12,0.191,0.328,9.373,6.08
1427782933135,37.490117,139.931228,12,0.191,0.318,9.365,6.08
1427782933236,37.490119,139.931221,12,0.328,0.071,9.42,6.08
1427782933336,37.49012,139.931213,12,0.58,-0.093,10.922,6.08
1427782933437,37.490121,139.931205,12,0.514,-0.328,11.121,6.08
1427782933533,37.490123,139.931198,12,0.5,-0.349,9.933,6.08
1427782933633,37.490124,139.93119,12,0.444,-0.229,8.972,6.08
1427782933734,37.490125,139.931183,12,0.369,-0.149,8.876,6.08
1427782933835,37.490127,139.931175,12,0.297,-0.164,9.113,6.08
1427782933935,37.490128,139.931168,12,0.133,-0.351,9.523,6.08
1427782934036,37.490129,139.93116,12,0.131,-0.143,9.2,6.08
1427782934137,37.49013,139.931153,12,0.311,-0.103,8.741,6.071
1427782934238,37.490132,139.931146,12,0.424,-0.056,9.143,6.046
1427782934333,37.490133,139.93114,12,0.451,-0.145,9.888,6.023
1427782934434,37.490134,139.931134,12,0.37,-0.18,10.23,5.999
1427782934535,37.490135,139.931127,12,0.257,-0.13,9.567,5.974
1427782934635,37.490136,139.931121,12,0.124,-0.01,8.906,5.95
1427782934736,37.490137,139.931115,12,0.097,0.035,8.699,5.926
1427782934837,37.490138,139.931108,12,0.082,-0.041,9.029,5.902
1427782934937,37.490139,139.931102,12,0.152,-0.075,9.552,5.878
1427782935033,37.49014,139.931096,12,0.194,-0.117,9.658,5.856
1427782935134,37.490141,139.93109,11,0.231,-0.082,9.509,5.831
1427782935235,37.490143,139.931084,11,0.26,-0.041,9.333,5.806
1427782935335,37.490144,139.931078,11,0.255,-0.03,9.211,5.78
1427782935436,37.490145,139.931073,11,0.296,-0.01,9.205,5.755
1427782935537,37.490146,139.931067,11,0.305,-0.056,9.371,5.729
1427782935637,37.490148,139.931061,11,0.301,-0.087,9.577,5.704
1427782935733,37.490149,139.931056,11,0.257,-0.062,9.401,5.68
1427782935834,37.49015,139.93105,11,0.202,-0.069,9.143,5.655
1427782935934,37.490151,139.931044,11,0.189,-0.032,9.084,5.631
1427782936035,37.490152,139.931039,11,0.29,-0.033,9.292,5.606
1427782936136,37.490153,139.931033,11,0.342,-0.003,9.294,5.59
1427782936237,37.490154,139.931027,11,0.327,-0.122,9.312,5.59
1427782936337,37.490154,139.931021,11,0.389,-0.152,9.627,5.59
1427782936433,37.490154,139.931015,11,0.499,-0.055,9.509,5.59
1427782936534,37.490155,139.931009,11,0.445,-0.052,9.119,5.59
1427782936634,37.490155,139.931003,11,0.41,-0.056,9.435,5.59
1427782936735,37.490156,139.930998,11,0.363,-0.106,9.579,5.59
1427782936836,37.490156,139.930992,11,0.323,-0.087,9.375,5.59
1427782936936,37.490156,139.930986,11,0.234,-0.083,9.43,5.59
1427782937037,37.490157,139.93098,11,0.106,-0.225,9.191,5.59
1427782937133,37.490157,139.930974,11,0.369,0.036,9.605,5.582
1427782937234,37.490158,139.930968,11,0.344,0.085,9.7,5.556
1427782937334,37.490158,139.930962,11,0.25,0.018,9.688,5.53
1427782937435,37.490158,139.930956,11,0.233,0.057,9.486,5.505
1427782937536,37.490159,139.93095,11,0.354,0.132,9.218,5.48
1427782937636,37.490159,139.930945,11,0.299,0.161,9.177,5.455
1427782937737,37.49016,139.930939,11,0.115,0.163,9.131,5.429
1427782937833,37.49016,139.930933,11,0.066,0.164,9.217,5.406
1427782937934,37.49016,139.930927,11,0.158,0.14,9.403,5.381
1427782938034,37.490161,139.930922,11,0.243,0.195,9.466,5.356
1427782944132,37.490157,139.930544,13,0.272,0.222,9.254,5.59
1427782944137,37.490157,139.930544,13,0.258,0.218,9.249,5.59
1427782944233,37.490156,139.93054,13,0.105,0.179,9.387,5.59
1427782944334,37.490155,139.930535,13,0.169,0.126,9.82,5.59
1427782944434,37.490155,139.93053,13,0.236,0.09,9.691,5.59
1427782944535,37.490154,139.930526,13,0.197,0.202,8.934,5.59
1427782944636,37.490153,139.930521,13,0.367,0.227,9.156,5.59
1427782944736,37.490153,139.930516,13,0.458,0.18,9.833,5.59
1427782944837,37.490152,139.930511,13,0.511,0.211,9.582,5.59
1427782944933,37.490151,139.930507,13,0.487,0.251,9.204,5.59
1427782945033,37.49015,139.930502,13,0.421,0.136,9.048,5.59
1427782954132,37.490223,139.929893,15,0.213,0.166,9.201,6.572
1427782957128,37.490273,139.929689,18,0.205,0.162,9.247,6.813
1427782970130,37.490387,139.92865,12,0.199,0.157,9.285,6.82
1427782973131,37.49041,139.928465,14,0.194,0.153,9.315,6.338
1427782979128,37.490451,139.928006,13,0.19,0.153,9.342,6.337
1427782979133,37.490451,139.928006,13,0.184,0.154,9.365,6.338
1427782979234,37.490451,139.928,13,0.147,0.119,9.421,6.363
1427782979335,37.490452,139.927995,13,0.152,0.082,9.543,6.388
1427782979435,37.490452,139.927989,13,0.18,0.036,9.519,6.413
1427782979536,37.490452,139.927983,13,0.196,0.091,9.381,6.438
1427782979637,37.490453,139.927978,13,0.247,0.144,9.267,6.463
1427782979737,37.490453,139.927972,13,0.339,0.21,9.35,6.488
1427782979833,37.490453,139.927966,13,0.23,0.164,9.24,6.512
1427782979934,37.490453,139.927961,13,0.169,0.131,9.212,6.538
1427782980034,37.490454,139.927955,13,0.276,0.078,9.177,6.563
1427782982129,37.490465,139.927791,15,0.43,0.096,9.226,6.057
1427782982134,37.490465,139.927791,15,0.43,0.085,9.241,6.053
1427782982235,37.490467,139.927784,15,0.582,-0.266,9.22,5.975
1427782982336,37.490469,139.927778,15,0.675,-0.496,9.293,5.897
1427782982436,37.490471,139.927772,15,0.837,-0.707,9.709,5.821
1427782982537,37.490473,139.927765,15,0.921,-0.81,9.768,5.745
1427782982633,37.490475,139.92776,15,0.835,-0.848,9.386,5.674
1427782982733,37.490477,139.927753,15,0.712,-0.83,9.146,5.6
1427782982834,37.490479,139.927747,15,0.639,-0.858,9.233,5.527
1427782982935,37.490481,139.927742,15,0.642,-0.864,9.397,5.455
1427782983036,37.490483,139.927736,15,0.635,-0.884,9.404,5.384
1427782983136,37.490483,139.927731,16,0.497,-0.854,9.441,5.302
1427782983237,37.490481,139.927727,16,0.513,-0.913,9.362,5.196
1427782983333,37.490479,139.927724,16,0.57,-0.842,9.179,5.097
1427782983433,37.490477,139.927721,16,0.539,-0.707,9.361,4.995
1427782983534,37.490475,139.927718,16,0.431,-0.657,9.496,4.895
1427782983635,37.490473,139.927715,16,0.365,-0.596,9.447,4.797
1427782983736,37.490471,139.927712,16,0.415,-0.533,9.329,4.701
1427782983836,37.49047,139.927709,16,0.432,-0.41,9.199,4.607
1427782983937,37.490468,139.927706,16,0.396,-0.418,9.333,4.515
1427782984033,37.490466,139.927703,16,0.363,-0.421,9.454,4.429
1427782984133,37.490465,139.927699,16,0.327,-0.421,9.398,4.353
1427782984234,37.490465,139.927694,16,0.304,-0.385,9.259,4.301
1427782984335,37.490465,139.927688,16,0.3,-0.346,9.21,4.25
1427782984435,37.490464,139.927683,16,0.369,-0.365,9.406,4.199
1427782984536,37.490464,139.927677,16,0.429,-0.36,9.528,4.149
1427782984637,37.490464,139.927672,16,0.377,-0.475,9.403,4.1
1427782984737,37.490464,139.927667,16,0.221,-0.516,9.242,4.051
1427782984833,37.490464,139.927662,16,0.161,-0.634,9.2,4.005
1427782984934,37.490463,139.927656,16,0.279,-0.683,9.256,3.957
1427782985035,37.490463,139.927651,16,0.466,-0.701,9.442,3.91
1427782985135,37.490463,139.927646,14,0.546,-0.665,9.465,3.862
1427782985236,37.490465,139.927642,14,0.378,-0.721,9.26,3.811
1427782985337,37.490466,139.927638,14,0.348,-0.795,9.189,3.761
1427782985437,37.490467,139.927634,14,0.368,-0.827,9.419,3.711
1427782985533,37.490468,139.92763,14,0.403,-0.855,9.471,3.664
1427782985634,37.490469,139.927625,14,0.509,-0.848,9.405,3.616
1427782985735,37.49047,139.927621,14,0.611,-0.864,9.395,3.568
1427782985835,37.490471,139.927617,14,0.596,-0.935,9.307,3.521
1427782985936,37.490472,139.927613,14,0.504,-0.993,9.303,3.474
1427782986037,37.490473,139.927609,14,0.449,-1.029,9.355,3.428
1427782986137,37.490474,139.927606,13,0.381,-1.054,9.374,3.336
1427782986233,37.490474,139.927604,13,0.314,-1.082,9.344,3.176
1427782986334,37.490473,139.927602,13,0.336,-1.064,9.367,3.014
1427782986434,37.490473,139.9276,13,0.398,-1.037,9.334,2.861
1427782986535,37.490473,139.927598,13,0.52,-1.024,9.305,2.713
1427782986636,37.490473,139.927596,13,0.605,-0.928,9.328,2.573
1427782986737,37.490473,139.927594,13,0.575,-0.855,9.331,2.44
1427782986837,37.490472,139.927592,13,0.485,-0.738,9.524,2.315
1427782986933,37.490472,139.927591,13,0.384,-0.567,9.634,2.202
1427782987034,37.490472,139.927589,13,0.253,-0.451,9.375,2.089
1427782987134,37.490472,139.927587,13,0.156,-0.351,9.125,1.996
1427782987235,37.490474,139.927585,13,0.134,-0.278,9.144,1.925
1427782987336,37.490475,139.927583,13,0.221,-0.23,9.295,1.856
1427782987437,37.490476,139.927581,13,0.318,-0.249,9.404,1.79
1427782987537,37.490477,139.927579,13,0.421,-0.354,9.356,1.727
1427782987633,37.490478,139.927578,13,0.418,-0.513,9.269,1.668
1427782987734,37.490479,139.927576,13,0.405,-0.733,9.242,1.608
1427782987834,37.49048,139.927574,13,0.436,-0.93,9.303,1.551
1427782987935,37.490481,139.927573,13,0.461,-1.107,9.408,1.496
1427782988036,37.490482,139.927571,13,0.486,-1.191,9.469,1.443
1427782988136,37.490483,139.92757,13,0.496,-1.274,9.419,1.393
1427782988237,37.490481,139.927571,13,0.512,-1.295,9.343,1.346
1427782988333,37.49048,139.927572,13,0.514,-1.328,9.316,1.302
1427782988434,37.490479,139.927572,13,0.482,-1.043,9.577,1.258
1427782988534,37.490478,139.927573,13,0.385,-0.342,9.812,1.215
1427782988635,37.490477,139.927573,13,0.225,0.16,9.526,1.173
1427782988736,37.490476,139.927574,13,0.106,0.281,8.958,1.133
1427782988836,37.490475,139.927575,13,0.097,0.29,8.81,1.095
1427782988937,37.490474,139.927575,13,0.155,0.305,9.166,1.057
1427782989033,37.490474,139.927576,13,0.23,0.212,9.505,1.023
1427782989133,37.490473,139.927576,13,0.282,-0.023,9.531,1.0
1427782989234,37.490473,139.927575,13,0.258,-0.061,9.474,1.0
1427782989335,37.490472,139.927574,13,0.162,0.097,9.437,1.0
1427782989436,37.490472,139.927574,13,0.13,0.216,9.299,1.0
1427782989536,37.490472,139.927573,13,0.174,0.218,9.152,1.0
1427782989637,37.490471,139.927572,13,0.223,0.206,9.249,1.0
1427782989733,37.490471,139.927572,13,0.23,0.143,9.445,1.0
1427782989833,37.490471,139.927571,13,0.211,0.055,9.452,1.0
1427782989934,37.490471,139.92757,13,0.204,0.109,9.393,1.0
1427782990035,37.49047,139.927569,13,0.186,0.194,9.324,1.0
1427782990136,37.49047,139.927569,12,0.191,0.214,9.296,1.0
1427782990236,37.490471,139.927569,12,0.191,0.127,9.303,1.0
1427782990337,37.490471,139.927569,12,0.203,0.093,9.392,1.0
1427782990433,37.490472,139.92757,12,0.202,0.105,9.429,1.0
1427782990533,37.490473,139.92757,12,0.196,0.169,9.365,1.0
1427782990634,37.490473,139.92757,12,0.194,0.183,9.321,1.0
1427782990735,37.490474,139.92757,12,0.205,0.164,9.315,1.0
1427782990835,37.490474,139.92757,12,0.21,0.144,9.382,1.0
1427782990936,37.490475,139.927571,12,0.186,0.118,9.411,1.0
1427782991037,37.490476,139.927571,12,0.178,0.115,9.372,1.0
1427783085128,37.490557,139.926922,11,0.194,0.136,9.3,5.347
1427783089132,37.490617,139.926659,12,0.197,0.139,9.296,5.84
1427783089137,37.490617,139.926659,12,0.2,0.138,9.293,5.84
1427783089237,37.490619,139.926652,12,0.118,0.104,9.379,5.84
1427783089333,37.49062,139.926645,12,0.011,0.044,9.546,5.84
1427783089434,37.490621,139.926639,12,0.053,-0.043,9.572,5.84
1427783089534,37.490623,139.926632,12,0.136,0.02,9.393,5.84
1427783089635,37.490624,139.926625,12,0.19,0.078,9.321,5.84
1427783089736,37.490625,139.926618,12,0.206,0.065,9.409,5.84
1427783089836,37.490627,139.926612,12,0.249,0.08,9.211,5.84
1427783089937,37.490628,139.926605,12,0.277,0.172,9.059,5.84
1427783090033,37.490629,139.926598,12,0.278,0.227,9.219,5.84
1427783090134,37.49063,139.926592,12,0.299,0.166,9.331,5.848
1427783090234,37.490631,139.926586,12,0.373,0.125,9.469,5.872
1427783090335,37.490632,139.92658,12,0.401,0.179,9.426,5.896
1427783090436,37.490633,139.926574,12,0.343,0.224,9.203,5.92
1427783090536,37.490634,139.926568,12,0.25,0.191,9.22,5.943
1427783090637,37.490635,139.926562,12,0.267,0.127,9.363,5.968
1427783090733,37.490636,139.926556,12,0.249,0.139,9.382,5.991
1427783090833,37.490637,139.92655,12,0.224,0.164,9.335,6.015
1427783090934,37.490637,139.926543,12,0.151,0.193,9.188,6.039
1427783091035,37.490638,139.926537,12,0.128,0.155,9.381,6.064
1427783091136,37.49064,139.926531,12,0.024,0.118,9.235,6.08
1427783091236,37.490642,139.926524,12,0.025,0.088,9.156,6.08
1427783091337,37.490643,139.926517,12,0.003,0.153,8.824,6.08
1427783091433,37.490645,139.926511,12,-0.029,0.158,8.826,6.08
1427783091533,37.490647,139.926504,12,-0.075,0.11,9.117,6.08
1427783091634,37.490649,139.926498,12,-0.173,0.006,9.126,6.08
1427783091735,37.490651,139.926491,12,0.143,-0.127,10.082,6.08
1427783091836,37.490653,139.926484,12,0.462,-0.217,10.619,6.08
1427783091936,37.490655,139.926478,12,0.468,-0.148,9.91,6.08
1427783092037,37.490657,139.926471,12,0.341,-0.034,8.797,6.08
1427783092133,37.490657,139.926465,15,0.385,0.12,8.722,6.08
1427783092233,37.490654,139.926458,15,0.564,0.152,9.336,6.08
1427783092334,37.490651,139.926451,15,0.674,0.128,9.558,6.08
1427783092435,37.490649,139.926444,15,0.743,0.11,9.187,6.08
1427783092535,37.490646,139.926437,15,0.854,0.185,8.767,6.08
1427783092636,37.490643,139.926431,15,1.017,0.231,8.98,6.08
1427783092737,37.49064,139.926424,15,0.948,0.136,9.584,6.08
1427783092833,37.490637,139.926417,15,0.779,0.08,9.772,6.08
1427783092933,37.490635,139.92641,15,0.641,0.113,9.27,6.08
1427783093034,37.490632,139.926403,15,0.54,0.19,8.596,6.08
1427783093135,37.49063,139.926396,15,0.44,0.169,8.558,6.089
1427783093235,37.490631,139.926389,15,0.373,0.07,9.104,6.113
1427783093336,37.490631,139.926381,15,0.395,-0.008,9.728,6.138
1427783093437,37.490632,139.926373,15,0.351,0.045,9.487,6.163
1427783093537,37.490633,139.926365,15,0.33,0.135,8.994,6.188
1427783093633,37.490633,139.926357,15,0.483,0.227,8.826,6.212
1427783093734,37.490634,139.926349,15,0.71,0.255,9.144,6.237
1427783093835,37.490634,139.926341,15,0.906,0.237,9.645,6.263
1427783093935,37.490635,139.926333,15,0.978,0.29,9.409,6.288
1427783094036,37.490636,139.926325,15,1.035,0.347,9.066,6.314
1427783094137,37.490637,139.926318,13,1.055,0.367,9.208,6.33
1427783094237,37.490639,139.926311,13,0.996,0.34,9.355,6.33
1427783094333,37.49064,139.926305,13,0.907,0.359,9.15,6.33
1427783094434,37.490642,139.926298,13,0.882,0.339,9.065,6.33
1427783094534,37.490644,139.926291,13,0.904,0.289,9.31,6.33
1427783094635,37.490646,139.926285,13,0.9,0.242,9.553,6.33
1427783094736,37.490648,139.926278,13,0.796,0.197,9.525,6.33
1427783094837,37.49065,139.926271,13,0.677,0.238,9.231,6.33
1427783094937,37.490652,139.926265,13,0.611,0.261,9.062,6.33
1427783095033,37.490654,139.926258,13,0.583,0.262,9.205,6.33
1427783095134,37.490655,139.926252,14,0.592,0.27,9.202,6.303
1427783095234,37.490655,139.926246,14,0.453,0.156,9.584,6.226
1427783095335,37.490655,139.92624,14,0.374,0.095,9.665,6.148
1427783095436,37.490655,139.926235,14,0.286,0.059,9.626,6.071
1427783095537,37.490655,139.926229,14,0.212,0.071,9.451,5.995
1427783095637,37.490654,139.926224,14,0.063,0.047,9.382,5.921
1427783095733,37.490654,139.926218,14,0.09,0.024,9.437,5.851
1427783095834,37.490654,139.926213,14,0.262,0.043,9.403,5.778
1427783095934,37.490654,139.926208,14,0.365,0.086,9.103,5.706
1427783096035,37.490654,139.926202,14,0.33,0.111,8.908,5.635
1427783096136,37.490654,139.926197,14,0.309,0.036,9.177,5.615
1427783096236,37.490655,139.92619,14,0.262,0.03,9.234,5.685
1427783096337,37.490655,139.926183,14,0.203,0.019,9.112,5.757
1427783096433,37.490656,139.926177,14,0.161,0.022,8.956,5.826
1427783096534,37.490656,139.92617,14,0.107,-0.016,9.474,5.9
1427783096634,37.490657,139.926163,14,0.147,-0.087,9.787,5.974
1427783096735,37.490657,139.926156,14,0.147,-0.131,9.805,6.049
1427783096836,37.490658,139.926148,14,0.163,-0.081,9.604,6.126
1427783096936,37.490658,139.926141,14,0.116,-0.061,9.297,6.202
1427783097037,37.490659,139.926134,14,0.05,-0.09,9.22,6.281
1427783097133,37.490659,139.926127,12,-0.027,-0.085,9.264,6.322
1427783097233,37.490658,139.92612,12,-0.019,-0.041,9.227,6.296
1427783097334,37.490658,139.926114,12,-0.162,-0.038,9.072,6.271
1427783097435,37.490658,139.926107,12,-0.264,-0.042,9.051,6.245
1427783097536,37.490657,139.9261,12,-0.288,-0.124,9.209,6.22
1427783097636,37.490657,139.926094,12,-0.21,-0.173,9.496,6.195
1427783097737,37.490656,139.926087,12,-0.028,-0.191,9.669,6.17
1427783097833,37.490656,139.926081,12,-0.031,-0.139,9.638,6.146
1427783097933,37.490656,139.926075,12,0.073,-0.059,9.16,6.121
1427783098034,37.490655,139.926068,12,0.221,-0.005,9.024,6.096
1427783098135,37.490655,139.926062,12,0.313,0.043,9.296,6.08
1427783098235,37.490656,139.926054,12,0.184,-0.01,9.557,6.08
1427783098336,37.490657,139.926047,12,0.067,0.032,8.891,6.08
1427783098437,37.490658,139.92604,12,0.065,-0.003,8.973,6.08
1427783098533,37.490659,139.926033,12,0.041,-0.085,9.717,6.08
1427783098633,37.49066,139.926026,12,0.045,-0.239,10.023,6.08
1427783098734,37.490661,139.926019,12,0.091,-0.205,9.671,6.08
1427783098835,37.490662,139.926012,12,0.114,-0.035,9.171,6.08
1427783098935,37.490663,139.926005,12,0.247,0.076,8.887,6.08
1427783099036,37.490664,139.925998,12,0.34,0.082,9.139,6.08
1427783099137,37.490665,139.925991,14,0.369,0.042,9.495,6.061
1427783099233,37.490667,139.925986,14,0.447,0.056,9.462,6.012
1427783099333,37.490668,139.925981,14,0.504,0.066,9.179,5.962
1427783099434,37.490669,139.925977,14,0.611,0.07,8.996,5.912
1427783099535,37.490671,139.925972,14,0.678,0.049,9.36,5.862
1427783099635,37.490672,139.925967,14,0.717,0.057,9.411,5.813
1427783099736,37.490673,139.925962,14,0.785,0.079,9.49,5.764
1427783099837,37.490675,139.925957,14,0.862,0.065,9.412,5.715
1427783099937,37.490676,139.925953,14,0.773,0.05,9.321,5.667
1427783100033,37.490677,139.925948,14,0.667,-0.003,9.343,5.622
1427783100134,37.490679,139.925943,14,0.54,-0.001,9.296,5.598
1427783100235,37.490681,139.925937,14,0.4,-0.03,9.235,5.623
1427783100335,37.490684,139.925932,14,0.201,-0.107,9.417,5.648
1427783100436,37.490687,139.925926,14,0.142,-0.159,9.588,5.673
1427783100537,37.490689,139.92592,14,0.058,-0.165,9.439,5.698
1427783100637,37.490692,139.925915,14,-0.045,-0.145,9.305,5.723
1427783100733,37.490694,139.925909,14,-0.156,-0.154,9.239,5.747
1427783100834,37.490697,139.925903,14,-0.223,-0.155,9.185,5.772
1427783100934,37.4907,139.925898,14,-0.114,-0.096,9.175,5.798
1427783101035,37.490702,139.925892,14,-0.17,-0.097,9.272,5.823
1427783101136,37.490705,139.925886,14,-0.137,-0.072,8.969,5.821
1427783101237,37.490707,139.925881,14,-0.422,-0.221,9.498,5.769
1427783101337,37.490708,139.925876,14,-0.517,-0.309,9.693,5.717
1427783101433,37.49071,139.925871,14,-0.605,-0.327,9.492,5.669
1427783101534,37.490712,139.925866,14,-0.677,-0.238,9.436,5.618
1427783101634,37.490714,139.925861,14,-0.71,-0.13,9.204,5.567
1427783101735,37.490716,139.925856,14,-0.682,-0.049,8.944,5.517
1427783101836,37.490717,139.925851,14,-0.625,0.06,9.143,5.468
1427783101937,37.490719,139.925846,14,-0.477,0.146,9.568,5.418
1427783102037,37.490721,139.925841,14,-0.399,0.134,9.455,5.37
1427783102133,37.490722,139.925836,14,-0.359,0.116,9.244,5.348
1427783102234,37.490722,139.925831,14,-0.355,0.187,9.234,5.373
1427783102334,37.490723,139.925825,14,-0.248,0.228,9.235,5.397
1427783102435,37.490723,139.925819,14,-0.138,0.195,9.252,5.422
1427783102536,37.490723,139.925813,14,-0.104,0.229,9.499,5.448
1427783102636,37.490724,139.925808,14,-0.022,0.236,9.492,5.473
1427783102737,37.490724,139.925802,14,0.063,0.253,9.359,5.498
1427783102833,37.490724,139.925796,14,0.075,0.287,9.248,5.522
1427783102933,37.490724,139.925791,14,0.138,0.299,9.088,5.547
1427783103034,37.490725,139.925785,14,0.116,0.326,9.116,5.573
1427783103135,37.490725,139.925778,13,0.095,0.348,9.0,5.606
1427783103236,37.490727,139.92577,13,-0.053,0.294,9.18,5.654
1427783103336,37.490728,139.925762,13,-0.0,0.229,9.468,5.702
1427783103437,37.490729,139.925754,13,0.076,0.182,9.249,5.751
1427783103533,37.49073,139.925747,13,0.011,0.079,9.615,5.797
1427783103633,37.490732,139.925739,13,0.118,-0.205,9.762,5.846
1427783103734,37.490733,139.92573,13,0.129,-0.15,9.338,5.896
1427783103835,37.490734,139.925722,13,0.185,0.081,9.135,5.946
1427783103936,37.490736,139.925714,13,0.28,0.164,9.378,5.997
1427783104036,37.490737,139.925705,13,0.326,0.038,9.425,6.047
1427783119132,37.490791,139.924568,13,0.232,0.039,9.239,6.82
1427783119137,37.490791,139.924567,13,0.236,0.032,9.246,6.82
1427783119233,37.490792,139.92456,13,-0.025,0.072,8.972,6.82
1427783119334,37.490792,139.924552,13,-0.008,0.066,8.797,6.82
1427783119435,37.490792,139.924545,13,-0.024,-0.008,9.26,6.82
1427783119535,37.490793,139.924537,13,-0.175,0.002,9.583,6.82
1427783119636,37.490793,139.92453,13,-0.084,-0.071,9.57,6.82
1427783119737,37.490794,139.924522,13,-0.021,-0.032,9.401,6.82
1427783119837,37.490794,139.924515,13,-0.07,0.012,9.361,6.82
1427783119933,37.490794,139.924508,13,-0.067,0.054,9.332,6.82
1427783120034,37.490795,139.9245,13,-0.053,-0.015,9.325,6.82
1427783120134,37.490795,139.924493,11,-0.181,-0.003,9.404,6.812
1427783120235,37.490796,139.924485,11,-0.145,0.068,9.301,6.787
1427783120336,37.490797,139.924478,11,-0.055,0.058,9.082,6.763
1427783120437,37.490798,139.92447,11,-0.026,0.109,9.202,6.738
1427783120537,37.490799,139.924463,11,0.008,0.125,9.417,6.714
1427783120633,37.4908,139.924456,11,0.013,0.106,9.439,6.691
1427783120734,37.490801,139.924449,11,0.003,0.033,9.3,6.667
1427783120834,37.490802,139.924442,11,-0.086,0.034,9.347,6.643
1427783120935,37.490803,139.924435,11,-0.165,0.019,9.451,6.619
1427783121036,37.490803,139.924428,11,-0.14,-0.035,9.414,6.595
1427783130130,37.490852,139.923765,13,-0.167,0.002,9.048,6.58
1427783130135,37.490852,139.923765,13,-0.172,0.0,9.034,6.58
1427783130235,37.490854,139.923758,13,-0.222,-0.143,9.277,6.58
1427783130336,37.490855,139.923751,13,-0.303,-0.11,9.756,6.58
1427783130437,37.490856,139.923744,13,-0.438,-0.009,9.459,6.58
1427783130533,37.490858,139.923738,13,-0.391,0.072,9.14,6.58
1427783130633,37.490859,139.923731,13,-0.325,0.119,8.786,6.58
1427783130734,37.49086,139.923725,13,-0.264,0.152,8.873,6.58
1427783130835,37.490862,139.923718,13,-0.202,0.178,9.177,6.58
1427783130935,37.490863,139.923711,13,-0.135,0.118,9.532,6.58
1427783131036,37.490864,139.923704,13,-0.107,0.051,9.615,6.58
1427783131137,37.490865,139.923697,12,-0.165,-0.012,9.536,6.58
1427783131237,37.490866,139.92369,12,-0.286,0.013,9.319,6.58
1427783131333,37.490867,139.923683,12,-0.265,0.052,9.444,6.58
1427783131434,37.490868,139.923675,12,-0.246,0.12,9.28,6.58
1427783131535,37.490869,139.923667,12,-0.127,0.134,9.071,6.58
1427783131635,37.49087,139.92366,12,-0.059,0.053,9.397,6.58
1427783131736,37.490871,139.923652,12,-0.123,0.094,9.292,6.58
1427783131837,37.490872,139.923645,12,-0.175,0.197,9.075,6.58
1427783131937,37.490873,139.923637,12,-0.164,0.215,9.408,6.58
1427783132033,37.490873,139.92363,12,-0.133,0.157,9.495,6.58
1427783135130,37.490899,139.923416,14,-0.07,0.118,9.262,6.322
1427783135135,37.490899,139.923416,14,-0.07,0.117,9.251,6.321
1427783135236,37.490901,139.92341,14,-0.152,0.091,9.401,6.295
1427783135336,37.490903,139.923404,14,-0.186,0.048,9.846,6.27
1427783135437,37.490906,139.923398,14,-0.194,0.051,9.65,6.245
1427783135533,37.490908,139.923392,14,-0.145,0.078,9.264,6.221
1427783135633,37.49091,139.923386,14,-0.009,0.053,9.169,6.195
1427783135734,37.490912,139.92338,14,0.072,0.01,9.461,6.17
1427783135835,37.490914,139.923374,14,0.023,-0.02,9.831,6.145
1427783135936,37.490916,139.923368,14,-0.07,-0.009,9.525,6.12
1427783136036,37.490919,139.923362,14,-0.179,0.101,9.222,6.096
1427783136137,37.490921,139.923356,14,-0.274,0.218,9.145,6.071
1427783136233,37.490922,139.92335,14,-0.313,0.139,9.351,6.048
1427783136333,37.490923,139.923344,14,-0.228,0.024,9.378,6.023
1427783136434,37.490925,139.923338,14,0.008,0.051,9.366,5.999
1427783136535,37.490926,139.923332,14,0.071,0.106,9.023,5.974
1427783136635,37.490928,139.923327,14,0.124,0.031,8.717,5.95
1427783136736,37.490929,139.923321,14,0.125,0.101,9.446,5.926
1427783136837,37.49093,139.923315,14,0.171,-0.094,10.214,5.902
1427783136938,37.490932,139.923309,14,0.183,-0.081,9.789,5.878
1427783137033,37.490933,139.923304,14,0.117,-0.035,9.15,5.856
1427783137134,37.490934,139.923298,13,0.116,0.07,8.72,5.848
1427783137235,37.490935,139.923291,13,0.205,0.339,9.161,5.872
1427783137335,37.490935,139.923284,13,0.309,0.226,9.492,5.896
1427783137436,37.490936,139.923277,13,0.226,0.26,9.198,5.92
1427783137537,37.490936,139.92327,13,0.209,0.177,9.093,5.944
1427783137637,37.490937,139.923263,13,0.221,0.2,9.137,5.968
1427783137733,37.490937,139.923256,13,0.193,0.175,9.289,5.991
1427783137834,37.490938,139.923249,13,0.231,0.111,9.578,6.015
1427783137935,37.490938,139.923242,13,0.287,0.133,9.658,6.04
1427783138035,37.490939,139.923235,13,0.285,0.236,9.3,6.064
1427783140130,37.490989,139.923065,14,0.22,0.281,8.936,6.08
1427783140135,37.490989,139.923064,14,0.215,0.272,8.931,6.08
1427783140236,37.49099,139.923057,14,0.176,0.061,8.855,6.08
1427783140336,37.490991,139.923049,14,0.201,-0.042,9.073,6.08
1427783140437,37.490991,139.923042,14,0.238,0.028,9.4,6.08
1427783140533,37.490992,139.923035,14,0.231,-0.003,9.427,6.08
1427783140634,37.490993,139.923027,14,0.147,-0.11,9.345,6.08
1427783140734,37.490993,139.923019,14,0.246,-0.107,9.368,6.08
1427783140835,37.490994,139.923012,14,0.285,0.059,9.339,6.08
1427783140936,37.490995,139.923004,14,0.261,0.026,9.247,6.08
1427783141036,37.490996,139.922997,14,0.184,-0.073,9.113,6.08
1427783141137,37.490996,139.92299,14,0.117,-0.021,9.318,6.061
1427783141233,37.490998,139.922986,14,0.166,-0.076,9.486,6.012
1427783141333,37.490999,139.922982,14,0.166,-0.042,9.379,5.962
1427783141434,37.491,139.922978,14,0.198,0.053,9.152,5.912
1427783141535,37.491001,139.922974,14,0.176,0.108,9.304,5.862
1427783141636,37.491003,139.92297,14,0.121,0.167,9.485,5.812
1427783141736,37.491004,139.922966,14,0.073,0.271,9.55,5.764
1427783141837,37.491005,139.922962,14,0.017,0.264,9.362,5.715
1427783141933,37.491006,139.922958,14,-0.01,0.26,9.056,5.669
1427783142033,37.491007,139.922955,14,-0.089,0.328,9.13,5.622
1427783142134,37.491008,139.92295,14,-0.059,0.274,9.211,5.598
1427783142235,37.49101,139.922944,14,0.029,0.27,9.272,5.623
1427783142335,37.491011,139.922937,14,0.123,0.226,9.272,5.648
1427783142436,37.491012,139.922931,14,0.093,0.165,9.053,5.673
1427783142537,37.491014,139.922925,14,0.097,0.063,9.059,5.698
1427783142633,37.491015,139.922919,14,0.119,-0.017,9.325,5.722
1427783142733,37.491016,139.922912,14,0.216,0.052,9.673,5.747
1427783142834,37.491017,139.922906,14,0.122,0.024,9.562,5.772
1427783142935,37.491019,139.9229,14,0.056,-0.02,9.294,5.798
1427783143035,37.49102,139.922893,14,0.003,0.0,9.265,5.823
1427783143136,37.491021,139.922887,12,0.091,0.067,9.266,5.831
1427783143237,37.491023,139.922881,12,0.005,0.028,9.304,5.805
1427783143338,37.491024,139.922875,12,0.056,0.026,9.424,5.78
1427783143433,37.491025,139.92287,12,0.04,0.042,9.397,5.756
1427783143534,37.491027,139.922864,12,-0.033,0.068,9.299,5.73
1427783143635,37.491028,139.922858,12,-0.036,0.024,9.345,5.705
1427783143735,37.491029,139.922853,12,-0.0,0.048,9.404,5.68
1427783143836,37.491031,139.922847,12,0.063,0.013,9.453,5.655
1427783143937,37.491032,139.922841,12,-0.073,0.027,9.406,5.63
1427783144037,37.491033,139.922836,12,-0.135,0.025,9.121,5.605
1427783144133,37.491034,139.92283,12,-0.083,0.086,9.159,5.59
1427783144234,37.491035,139.922824,12,0.015,0.115,9.32,5.59
1427783144335,37.491036,139.922818,12,0.082,0.165,9.196,5.59
1427783144435,37.491036,139.922813,12,0.035,0.135,9.227,5.59
1427783144536,37.491037,139.922807,12,-0.013,0.163,9.363,5.59
1427783144637,37.491038,139.922801,12,-0.036,0.389,9.337,5.59
1427783144737,37.491038,139.922795,12,0.069,0.372,9.069,5.59
1427783144833,37.491039,139.922789,12,0.048,0.343,9.195,5.59
1427783144934,37.49104,139.922784,12,0.014,0.367,9.403,5.59
1427783145034,37.491041,139.922778,12,0.04,0.326,9.412,5.59
1427783145135,37.491041,139.922772,13,0.104,0.354,9.386,5.599
1427783145236,37.491039,139.922767,13,0.083,0.425,9.246,5.623
1427783145337,37.491038,139.922761,13,0.135,0.408,9.061,5.648
1427783145437,37.491037,139.922756,13,0.169,0.405,9.25,5.673
1427783145533,37.491036,139.92275,13,0.208,0.341,9.494,5.697
1427783145634,37.491035,139.922745,13,0.239,0.28,9.499,5.722
1427783145734,37.491033,139.922739,13,0.219,0.205,9.375,5.747
1427783145835,37.491032,139.922734,13,0.173,0.108,9.184,5.773
1427783145936,37.491031,139.922728,13,0.165,-0.118,9.085,5.798
1427783146037,37.49103,139.922723,13,0.103,-0.06,9.419,5.824
1427783146133,37.491029,139.922717,13,0.078,-0.008,9.541,5.836
1427783146233,37.49103,139.922711,13,0.107,-0.036,9.301,5.823
1427783146334,37.491031,139.922705,13,0.185,-0.082,9.166,5.81
1427783146434,37.491032,139.922699,13,0.109,-0.048,9.497,5.797
1427783146535,37.491033,139.922694,13,0.058,-0.049,9.421,5.785
1427783146636,37.491034,139.922688,13,0.053,-0.078,9.187,5.772
1427783146736,37.491035,139.922682,13,0.141,-0.023,9.099,5.759
1427783146837,37.491036,139.922676,13,0.089,0.024,9.345,5.747
1427783146933,37.491037,139.92267,13,0.132,-0.003,9.362,5.735
1427783147034,37.491038,139.922665,13,0.157,-0.106,9.592,5.722
1427783147134,37.491039,139.922659,13,0.118,-0.076,9.55,5.709
1427783147235,37.49104,139.922653,13,0.139,-0.026,9.269,5.697
1427783147336,37.491041,139.922647,13,0.15,-0.046,9.205,5.684
1427783147436,37.491042,139.922642,13,0.159,-0.061,9.455,5.672
1427783147537,37.491043,139.922636,13,0.185,-0.011,9.507,5.659
1427783147633,37.491044,139.92263,13,0.186,0.021,9.258,5.647
1427783147733,37.491045,139.922625,13,0.174,0.036,9.09,5.635
1427783147834,37.491046,139.922619,13,0.168,0.017,9.238,5.623
1427783147935,37.491046,139.922613,13,0.156,-0.036,9.513,5.61
1427783148036,37.491047,139.922608,13,0.14,-0.067,9.431,5.598
1427783148136,37.491048,139.922602,12,0.049,0.094,8.366,5.572
1427783148237,37.491049,139.922598,12,0.142,0.194,8.255,5.52
1427783148333,37.49105,139.922594,12,0.195,0.032,9.105,5.472
1427783148433,37.491051,139.92259,12,0.238,-0.249,10.441,5.422
1427783148534,37.491052,139.922586,12,0.358,-0.299,10.598,5.372
1427783148635,37.491053,139.922582,12,0.368,-0.234,9.871,5.322
1427783148736,37.491054,139.922577,12,0.206,-0.145,9.158,5.273
1427783148836,37.491055,139.922573,12,0.058,-0.119,8.796,5.225
1427783148937,37.491056,139.922569,12,-0.061,0.012,8.876,5.177
1427783149033,37.491056,139.922566,12,-0.026,-0.018,9.475,5.131
1427783149133,37.491057,139.922561,12,0.056,-0.038,9.894,5.1
1427783149234,37.491059,139.922555,12,0.018,-0.098,9.432,5.1
1427783149335,37.49106,139.92255,12,-0.056,-0.067,8.889,5.1
1427783149435,37.491061,139.922544,12,-0.153,-0.098,9.241,5.1
1427783149536,37.491062,139.922538,12,-0.195,-0.21,9.808,5.1
1427783149637,37.491063,139.922532,12,-0.233,-0.198,9.671,5.1
1427783149733,37.491065,139.922527,12,-0.219,-0.104,9.226,5.1
1427783149833,37.491066,139.922521,12,-0.198,-0.023,9.054,5.1
1427783149934,37.491067,139.922515,12,-0.078,-0.037,9.301,5.1
1427783150035,37.491068,139.92251,12,-0.063,-0.061,9.356,5.1
1427783150135,37.49107,139.922504,12,-0.006,-0.086,9.483,5.091
1427783150236,37.491071,139.922499,12,0.107,-0.038,9.495,5.065
1427783150337,37.491073,139.922493,12,0.003,-0.073,9.467,5.04
1427783150437,37.491075,139.922488,12,-0.231,-0.123,9.466,5.014
1427783150533,37.491076,139.922483,12,-0.461,-0.133,9.141,4.99
1427783150634,37.491078,139.922477,12,-0.513,-0.136,9.201,4.965
1427783150735,37.49108,139.922472,12,-0.378,-0.061,9.062,4.94
1427783150835,37.491082,139.922467,12,-0.203,0.015,8.921,4.915
1427783150936,37.491083,139.922462,12,0.018,0.027,9.102,4.89
1427783151037,37.491085,139.922456,12,0.227,-0.01,9.461,4.865
1427783151137,37.491086,139.922451,12,0.318,-0.04,9.942,4.85
1427783151233,37.491087,139.922446,12,0.305,-0.086,10.047,4.85
1427783151334,37.491088,139.922441,12,0.037,-0.057,9.444,4.85
1427783151434,37.491088,139.922436,12,-0.302,-0.007,8.931,4.85
1427783151535,37.491089,139.922431,12,-0.515,-0.043,8.927,4.85
1427783151636,37.49109,139.922426,12,-0.608,-0.049,9.001,4.85
1427783151737,37.49109,139.922421,12,-0.537,-0.032,9.039,4.85
1427783151837,37.491091,139.922415,12,-0.301,0.035,9.177,4.85
1427783151933,37.491092,139.922411,12,0.03,0.086,9.313,4.85
1427783152034,37.491093,139.922405,12,0.331,0.189,9.368,4.85
1427783152134,37.491093,139.9224,12,0.426,0.172,9.331,4.842
1427783152235,37.491094,139.922396,12,0.32,0.12,9.376,4.817
1427783152336,37.491094,139.922391,12,0.074,0.03,9.406,4.792
1427783152436,37.491095,139.922386,12,-0.163,-0.043,9.382,4.768
1427783152533,37.491096,139.922381,12,-0.208,-0.014,9.188,4.745
1427783152633,37.491096,139.922377,12,-0.163,0.029,9.007,4.721
1427783152734,37.491097,139.922372,12,-0.045,0.059,9.118,4.696
1427783152834,37.491097,139.922367,12,0.041,0.047,9.27,4.673
1427783152935,37.491098,139.922363,12,0.155,0.043,9.465,4.649
1427783153036,37.491099,139.922358,12,0.245,0.086,9.445,4.625
1427783153136,37.491099,139.922353,13,0.262,0.143,9.33,4.61
1427783153237,37.4911,139.922346,13,0.199,0.143,9.381,4.61
1427783153333,37.4911,139.922339,13,0.097,0.099,9.5,4.61
1427783153434,37.4911,139.922333,13,0.031,0.083,9.465,4.61
1427783153534,37.491101,139.922326,13,-0.011,0.093,9.242,4.61
1427783153635,37.491101,139.922319,13,-0.001,0.116,9.165,4.61
1427783153736,37.491102,139.922312,13,0.083,0.132,9.126,4.61
1427783153836,37.491102,139.922306,13,0.134,0.167,9.242,4.61
1427783153937,37.491102,139.922299,13,0.221,0.19,9.386,4.61
1427783154033,37.491103,139.922292,13,0.227,0.184,9.382,4.61
1427783154133,37.491104,139.922287,14,0.238,0.159,9.341,4.593
1427783154234,37.491106,139.922285,14,0.221,0.096,9.301,4.541
1427783154335,37.491108,139.922283,14,0.239,0.139,9.121,4.49
1427783154436,37.491111,139.922281,14,0.236,0.16,9.159,4.439
1427783154536,37.491113,139.922279,14,0.206,0.17,9.351,4.39
1427783154637,37.491115,139.922277,14,0.19,0.195,9.409,4.34
1427783154733,37.491117,139.922275,14,0.164,0.233,9.335,4.293
1427783154833,37.491119,139.922273,14,0.126,0.252,9.263,4.245
1427783154934,37.491122,139.922271,14,0.127,0.236,9.314,4.198
1427783155035,37.491124,139.922269,14,0.161,0.222,9.435,4.15
1427783157130,37.491147,139.922175,14,0.183,0.187,9.42,4.362
1427783157135,37.491147,139.922175,14,0.185,0.187,9.409,4.361
1427783157235,37.491149,139.92217,14,0.28,-0.047,9.476,4.335
1427783157336,37.491151,139.922165,14,0.292,-0.287,9.464,4.31
1427783157437,37.491153,139.92216,14,0.27,-0.351,9.324,4.284
1427783157537,37.491154,139.922155,14,0.212,-0.397,9.316,4.259
1427783157633,37.491156,139.92215,14,0.214,-0.42,9.214,4.235
1427783157734,37.491158,139.922145,14,0.237,-0.398,9.216,4.21
1427783157834,37.49116,139.92214,14,0.301,-0.407,9.397,4.185
1427783157935,37.491162,139.922135,14,0.406,-0.377,9.52,4.16
1427783158036,37.491164,139.92213,14,0.521,-0.395,9.45,4.136
1427783158137,37.491166,139.922125,14,0.541,-0.338,9.331,4.101
1427783158237,37.491167,139.92212,14,0.399,-0.336,9.286,4.051
1427783158333,37.491168,139.922115,14,0.315,-0.265,9.282,4.003
1427783158434,37.49117,139.92211,14,0.257,-0.205,9.231,3.953
1427783158534,37.491171,139.922105,14,0.217,-0.128,9.226,3.904
1427783158635,37.491172,139.922099,14,0.158,-0.056,9.357,3.856
1427783158736,37.491173,139.922094,14,0.135,0.009,9.395,3.808
1427783158837,37.491175,139.92209,14,0.133,0.024,9.219,3.76
1427783158937,37.491176,139.922085,14,0.189,0.041,9.064,3.714
1427783159033,37.491177,139.92208,14,0.277,0.041,9.206,3.67
1427783159134,37.491178,139.922076,14,0.333,0.035,9.453,3.623
1427783159234,37.491179,139.922071,14,0.376,0.003,9.55,3.572
1427783159335,37.49118,139.922067,14,0.419,-0.046,9.395,3.521
1427783159436,37.491181,139.922063,14,0.413,-0.055,9.198,3.471
1427783159536,37.491182,139.922058,14,0.316,-0.19,9.15,3.422
1427783159637,37.491182,139.922054,14,0.253,-0.409,9.264,3.374
1427783159733,37.491183,139.92205,14,0.201,-0.602,9.31,3.328
1427783159834,37.491184,139.922046,14,0.182,-0.741,9.287,3.281
1427783159934,37.491185,139.922042,14,0.19,-0.801,9.391,3.235
1427783160035,37.491186,139.922038,14,0.239,-0.826,9.316,3.189
1427783160136,37.491186,139.922035,13,0.363,-0.84,9.284,3.146
1427783160236,37.491187,139.922032,13,0.486,-0.856,9.383,3.107
1427783160337,37.491188,139.922029,13,0.494,-0.824,9.454,3.068
1427783160433,37.491189,139.922026,13,0.474,-0.825,9.384,3.031
1427783160533,37.49119,139.922022,13,0.412,-0.809,9.269,2.994
1427783160634,37.491191,139.922019,13,0.324,-0.779,9.277,2.956
1427783160735,37.491192,139.922016,13,0.274,-0.791,9.329,2.919
1427783160836,37.491192,139.922013,13,0.28,-0.742,9.341,2.882
1427783160936,37.491193,139.92201,13,0.268,-0.71,9.335,2.846
1427783161037,37.491194,139.922008,13,0.28,-0.644,9.212,2.81
1427783161133,37.491195,139.922005,13,0.322,-0.597,9.205,2.777
1427783161233,37.491196,139.922002,13,0.316,-0.597,9.349,2.742
1427783161334,37.491196,139.921999,13,0.339,-0.606,9.452,2.707
1427783161435,37.491197,139.921996,13,0.353,-0.588,9.346,2.673
1427783161536,37.491198,139.921994,13,0.312,-0.547,9.263,2.64
1427783161636,37.491199,139.921991,13,0.259,-0.561,9.219,2.607
1427783161737,37.491199,139.921988,13,0.246,-0.565,9.301,2.574
1427783161833,37.4912,139.921986,13,0.232,-0.578,9.434,2.543
1427783161933,37.491201,139.921983,13,0.231,-0.609,9.389,2.512
1427783162034,37.491202,139.921981,13,0.318,-0.607,9.258,2.48
1427783162135,37.491202,139.921978,13,0.376,-0.604,9.238,2.452
1427783162235,37.491202,139.921976,13,0.392,-0.599,9.334,2.429
1427783162336,37.491202,139.921974,13,0.365,-0.65,9.359,2.406
1427783162437,37.491202,139.921972,13,0.34,-0.667,9.333,2.384
1427783162533,37.491202,139.921971,13,0.305,-0.672,9.324,2.362
1427783162633,37.491202,139.921969,13,0.261,-0.688,9.26,2.34
1427783162734,37.491202,139.921967,13,0.312,-0.698,9.273,2.318
1427783162835,37.491202,139.921965,13,0.329,-0.701,9.345,2.296
1427783162935,37.491202,139.921963,13,0.347,-0.702,9.34,2.275
1427783163036,37.491202,139.921961,13,0.358,-0.638,9.346,2.253
1427783163137,37.491202,139.921961,14,0.309,-0.28,9.511,2.177
1427783163237,37.491202,139.921963,14,0.206,0.061,9.495,2.014
1427783163333,37.491201,139.921966,14,0.107,0.244,9.248,1.866
1427783163434,37.491201,139.921968,14,0.062,0.298,9.014,1.72
1427783163535,37.491201,139.92197,14,0.078,0.287,9.028,1.584
1427783163635,37.491201,139.921972,14,0.137,0.232,9.319,1.459
1427783163736,37.491201,139.921974,14,0.165,0.13,9.487,1.341
1427783163837,37.4912,139.921975,14,0.172,0.086,9.463,1.234
1427783163937,37.4912,139.921977,14,0.152,0.122,9.328,1.137
1427783164033,37.4912,139.921978,14,0.136,0.24,9.294,1.053
1427783164134,37.4912,139.921979,14,0.105,0.269,9.265,1.0
1427783164235,37.4912,139.92198,14,0.109,0.198,9.258,1.0
1427783164335,37.4912,139.921982,14,0.157,0.162,9.343,1.0
1427783164436,37.4912,139.921983,14,0.143,0.145,9.384,1.0
1427783164537,37.4912,139.921984,14,0.119,0.169,9.334,1.0
1427783164637,37.4912,139.921985,14,0.106,0.189,9.256,1.0
1427783164733,37.4912,139.921986,14,0.139,0.216,9.239,1.0
1427783164834,37.4912,139.921987,14,0.14,0.183,9.304,1.0
1427783164934,37.4912,139.921988,14,0.147,0.165,9.357,1.0
1427783165035,37.4912,139.921989,14,0.145,0.151,9.348,1.0
1427783165136,37.4912,139.92199,11,0.159,0.186,9.269,1.0
1427783165237,37.4912,139.921991,11,0.129,0.217,9.276,1.0
1427783165337,37.4912,139.921992,11,0.105,0.215,9.308,1.0
1427783165433,37.4912,139.921993,11,0.122,0.182,9.334,1.0
1427783165534,37.4912,139.921993,11,0.165,0.164,9.314,1.0
1427783165634,37.491199,139.921994,11,0.182,0.201,9.352,1.0
1427783165735,37.491199,139.921995,11,0.13,0.214,9.31,1.0
1427783165836,37.491199,139.921996,11,0.112,0.203,9.289,1.0
1427783165936,37.491199,139.921997,11,0.136,0.176,9.28,1.0
1427783166037,37.491199,139.921998,11,0.144,0.183,9.329,1.0
1427783166133,37.491199,139.921998,12,0.136,0.178,9.333,1.0
1427783166234,37.491198,139.921999,12,0.141,0.188,9.29,1.0
1427783166334,37.491198,139.922,12,0.154,0.208,9.292,1.0
1427783166435,37.491198,139.922001,12,0.12,0.202,9.319,1.0
1427783166536,37.491197,139.922001,12,0.118,0.182,9.336,1.0
1427783166636,37.491197,139.922002,12,0.143,0.164,9.297,1.0
1427783166737,37.491196,139.922003,12,0.173,0.185,9.284,1.0
1427783166833,37.491196,139.922004,12,0.133,0.192,9.293,1.0
1427783166933,37.491196,139.922005,12,0.114,0.213,9.317,1.0
1427783167034,37.491195,139.922005,12,0.107,0.181,9.311,1.0
1427783167135,37.491195,139.922006,12,0.154,0.183,9.3,1.0
1427783167236,37.491194,139.922007,12,0.165,0.183,9.324,1.0
1427783167336,37.491194,139.922007,12,0.141,0.198,9.334,1.0
1427783167437,37.491193,139.922008,12,0.119,0.179,9.314,1.0
1427783167533,37.491193,139.922009,12,0.127,0.161,9.282,1.0
1427783167633,37.491192,139.922009,12,0.157,0.19,9.329,1.0
1427783167734,37.491192,139.92201,12,0.151,0.199,9.339,1.0
1427783167835,37.491191,139.92201,12,0.148,0.184,9.34,1.0
1427783167935,37.491191,139.922011,12,0.132,0.152,9.29,1.0
1427783168036,37.49119,139.922012,12,0.134,0.184,9.31,1.0
1427783168137,37.49119,139.922012,12,0.133,0.187,9.323,1.0
1427783168233,37.49119,139.922012,12,0.146,0.195,9.336,1.0
1427783168333,37.49119,139.922013,12,0.142,0.166,9.316,1.0
1427783168434,37.491189,139.922013,12,0.144,0.175,9.271,1.0
1427783168535,37.491189,139.922013,12,0.13,0.187,9.312,1.0
1427783168635,37.491189,139.922014,12,0.123,0.2,9.321,1.0
1427783168736,37.491189,139.922014,12,0.139,0.182,9.302,1.0
1427783168837,37.491189,139.922014,12,0.159,0.184,9.305,1.0
1427783168933,37.491188,139.922014,12,0.156,0.191,9.34,1.0
1427783169033,37.491188,139.922015,12,0.14,0.174,9.334,1.0
1427783182130,37.491266,139.92144,15,0.125,0.181,9.328,6.08
1427783182135,37.491267,139.92144,15,0.123,0.176,9.331,6.08
1427783182236,37.491268,139.921433,15,0.206,0.022,9.731,6.08
1427783182337,37.49127,139.921427,15,0.244,-0.06,9.702,6.08
1427783182437,37.491271,139.92142,15,0.206,-0.072,9.227,6.08
1427783182533,37.491273,139.921414,15,0.194,-0.022,9.159,6.08
1427783182634,37.491274,139.921408,15,0.256,0.067,9.062,6.08
1427783182735,37.491276,139.921401,15,0.302,0.011,9.071,6.08
1427783182835,37.491277,139.921395,15,0.359,0.103,9.174,6.08
1427783182936,37.491279,139.921389,15,0.48,0.078,9.248,6.08
1427783183037,37.49128,139.921382,15,0.486,0.041,9.283,6.08
1427783183137,37.491281,139.921376,14,0.312,0.001,9.325,6.061
1427783183233,37.491283,139.92137,14,0.136,-0.067,9.312,6.012
1427783183334,37.491284,139.921363,14,-0.065,-0.088,9.192,5.962
1427783183434,37.491285,139.921357,14,0.034,0.048,8.569,5.912
1427783183535,37.491287,139.921351,14,0.029,0.044,8.718,5.862
1427783183636,37.491288,139.921345,14,0.121,-0.067,9.479,5.812
1427783183737,37.491289,139.921339,14,0.233,-0.135,9.977,5.763
1427783183837,37.491291,139.921333,14,0.334,-0.089,9.668,5.715
1427783183933,37.491292,139.921327,14,0.236,-0.063,9.43,5.669
1427783184034,37.491293,139.921321,14,0.127,-0.055,9.259,5.621
1427783186128,37.491297,139.921185,13,-0.007,-0.018,9.222,5.833
1427783186133,37.491297,139.921185,13,-0.002,-0.028,9.226,5.832
1427783186234,37.491297,139.921179,13,-0.061,-0.103,9.278,5.806
1427783186335,37.491297,139.921173,13,-0.215,-0.122,9.015,5.78
1427783186436,37.491297,139.921167,13,-0.282,-0.045,8.717,5.755
1427783186536,37.491297,139.921161,13,-0.247,-0.094,9.106,5.73
1427783186637,37.491297,139.921155,13,-0.028,-0.115,9.674,5.704
1427783186733,37.491297,139.921149,13,0.091,-0.022,9.751,5.68
1427783186833,37.491297,139.921143,13,0.23,0.118,9.589,5.656
1427783186934,37.491297,139.921138,13,0.255,0.376,9.331,5.631
1427783187035,37.491297,139.921132,13,0.286,0.437,8.932,5.606
1427783187135,37.491298,139.921126,14,0.249,0.491,8.835,5.59
1427783187236,37.4913,139.92112,14,0.172,0.506,9.252,5.59
1427783187337,37.491303,139.921114,14,0.188,0.467,9.249,5.59
1427783187433,37.491305,139.921109,14,0.164,0.483,9.264,5.59
1427783187533,37.491308,139.921103,14,0.284,0.45,9.343,5.59
1427783187634,37.49131,139.921097,14,0.372,0.547,9.508,5.59
1427783187735,37.491313,139.921091,14,0.484,0.503,9.557,5.59
1427783187835,37.491315,139.921085,14,0.519,0.602,9.158,5.59
1427783187936,37.491318,139.92108,14,0.456,0.626,8.881,5.59
1427783188037,37.49132,139.921074,14,0.34,0.619,8.68,5.59
1427783188133,37.491322,139.921068,14,0.381,0.508,9.52,5.598
1427783191129,37.491349,139.920891,15,0.383,0.512,9.584,6.073
1427783191134,37.491349,139.920891,15,0.384,0.512,9.636,6.072
1427783191234,37.491348,139.920885,15,0.238,0.296,9.63,6.047
1427783191335,37.491347,139.920879,15,0.195,0.215,9.477,6.023
1427783191436,37.491346,139.920873,15,0.005,0.078,9.311,5.998
1427783191536,37.491345,139.920867,15,0.031,0.129,9.364,5.974
1427783191637,37.491344,139.920862,15,0.027,0.107,9.621,5.95
1427783191733,37.491343,139.920856,15,0.026,-0.001,9.651,5.927
1427783191833,37.491342,139.92085,15,0.008,-0.022,9.41,5.903
1427783191934,37.491341,139.920844,15,-0.018,0.007,9.119,5.879
1427783192035,37.491341,139.920839,15,-0.079,0.042,9.105,5.855
1427783192136,37.491341,139.920833,15,-0.173,0.036,9.102,5.831
1427783192236,37.491344,139.920827,15,-0.177,-0.023,9.121,5.805
1427783192337,37.491347,139.92082,15,-0.147,-0.014,8.959,5.78
1427783192433,37.491349,139.920814,15,-0.118,-0.047,9.06,5.756
1427783192533,37.491352,139.920808,15,-0.026,-0.146,9.568,5.73
1427783192634,37.491355,139.920802,15,-0.012,-0.125,9.789,5.705
1427783192735,37.491357,139.920796,15,-0.077,-0.081,9.387,5.68
1427783192836,37.49136,139.92079,15,-0.097,-0.044,9.025,5.655
1427783192936,37.491363,139.920784,15,-0.095,-0.056,9.335,5.63
1427783193037,37.491365,139.920778,15,-0.166,-0.062,9.292,5.605
1427783193133,37.491367,139.920771,18,-0.233,-0.063,9.081,5.59
1427783193233,37.491366,139.920761,18,-0.249,-0.065,9.041,5.59
1427783193334,37.491366,139.920751,18,-0.142,-0.124,9.392,5.59
1427783193435,37.491365,139.920741,18,-0.035,-0.112,9.68,5.59
1427783193535,37.491365,139.920731,18,-0.094,-0.08,9.542,5.59
1427783193636,37.491364,139.920721,18,-0.056,-0.001,9.314,5.59
1427783193737,37.491364,139.920712,18,-0.034,0.058,9.21,5.59
1427783193833,37.491363,139.920702,18,-0.039,0.066,9.302,5.59
1427783193933,37.491363,139.920692,18,-0.193,0.128,9.168,5.59
1427783194034,37.491362,139.920682,18,-0.33,0.038,8.927,5.59
1427783194135,37.491362,139.920673,18,-0.415,0.062,8.94,5.59
1427783194235,37.491363,139.920666,18,-0.359,0.122,9.225,5.59
1427783194336,37.491364,139.920659,18,-0.329,0.352,9.286,5.59
1427783194437,37.491365,139.920652,18,-0.208,0.281,9.328,5.59
1427783194538,37.491366,139.920644,18,-0.052,0.269,9.432,5.59
1427783194633,37.491366,139.920638,18,0.044,0.379,9.775,5.59
1427783194734,37.491367,139.92063,18,0.097,0.47,9.958,5.59
1427783194835,37.491368,139.920623,18,0.037,0.516,9.55,5.59
1427783194935,37.491369,139.920616,18,-0.172,0.644,8.747,5.59
1427783195036,37.491369,139.920609,18,-0.275,0.654,8.908,5.59
1427783198128,37.491361,139.920385,14,-0.262,0.606,9.189,6.33
1427783198133,37.491361,139.920385,14,-0.263,0.601,9.206,6.33
1427783198233,37.491361,139.920378,14,-0.057,0.448,9.028,6.33
1427783198334,37.491361,139.920371,14,0.007,0.255,9.357,6.33
1427783198435,37.491362,139.920364,14,0.023,0.122,9.435,6.33
1427783198536,37.491362,139.920356,14,0.054,0.101,9.501,6.33
1427783198636,37.491362,139.920349,14,-0.072,0.146,9.075,6.33
1427783198737,37.491362,139.920342,14,0.029,0.144,9.067,6.33
1427783198833,37.491362,139.920336,14,0.065,0.159,9.391,6.33
1427783198933,37.491363,139.920329,14,0.171,0.069,9.675,6.33
1427783199034,37.491363,139.920322,14,-0.08,-0.017,9.77,6.33
1427783201129,37.491367,139.92019,12,-0.091,-0.066,9.423,6.087
1427783210132,37.491456,139.919565,13,-0.079,-0.059,9.421,6.064
1427783210137,37.491456,139.919564,13,-0.068,-0.055,9.421,6.061
1427783210233,37.491456,139.919558,13,0.051,-0.281,9.546,6.012
1427783210334,37.491457,139.919551,13,0.187,-0.189,9.892,5.962
1427783210434,37.491457,139.919544,13,0.238,-0.028,9.738,5.912
1427783210535,37.491457,139.919538,13,0.172,0.041,9.394,5.862
1427783210636,37.491458,139.919531,13,0.133,-0.031,8.938,5.812
1427783210736,37.491458,139.919524,13,0.088,0.039,8.894,5.764
1427783210837,37.491458,139.919518,13,-0.039,0.04,9.452,5.715
1427783210933,37.491459,139.919512,13,-0.013,0.005,9.594,5.669
1427783211033,37.491459,139.919505,13,0.08,-0.076,9.341,5.622
1427783211134,37.491459,139.919499,13,0.13,-0.037,9.312,5.598
1427783211235,37.491459,139.919493,13,0.194,-0.005,9.405,5.623
1427783211336,37.491459,139.919487,13,0.167,-0.043,9.49,5.648
1427783211436,37.491459,139.919481,13,0.174,-0.051,9.344,5.673
1427783211537,37.491459,139.919476,13,0.167,0.053,9.198,5.698
1427783211633,37.491458,139.91947,13,0.118,0.094,9.086,5.722
1427783211733,37.491458,139.919464,13,0.031,0.075,9.058,5.747
1427783211834,37.491458,139.919458,13,0.048,-0.051,9.359,5.772
1427783211935,37.491458,139.919452,13,0.021,-0.048,9.756,5.798
1427783212035,37.491458,139.919446,13,-0.003,-0.118,9.49,5.823
1427783212136,37.491458,139.91944,13,-0.059,-0.127,9.475,5.831
1427783212237,37.491458,139.919435,13,-0.046,-0.094,9.267,5.805
1427783212333,37.491458,139.91943,13,0.062,-0.039,9.24,5.781
1427783212433,37.491458,139.919425,13,0.124,-0.021,9.277,5.756
1427783212534,37.491458,139.91942,13,0.124,0.031,9.207,5.73
1427783212635,37.491458,139.919414,13,0.075,0.054,9.207,5.705
1427783212735,37.491458,139.919409,13,0.057,-0.116,9.587,5.68
1427783212836,37.491458,139.919404,13,-0.055,-0.107,9.613,5.655
1427783212937,37.491458,139.919399,13,-0.05,-0.045,8.96,5.63
1427783213033,37.491458,139.919394,13,-0.015,0.094,8.692,5.606
1427783213133,37.491458,139.919389,13,-0.074,0.002,9.066,5.582
1427783213234,37.491458,139.919383,13,-0.123,-0.099,9.458,5.556
1427783213335,37.491458,139.919376,13,-0.151,-0.169,9.619,5.53
1427783213435,37.491458,139.91937,13,-0.155,-0.072,8.942,5.505
1427783213536,37.491458,139.919364,13,-0.001,0.025,8.875,5.48
1427783213637,37.491459,139.919358,13,0.042,-0.097,9.249,5.454
1427783213737,37.491459,139.919352,13,-0.116,-0.198,9.614,5.429
1427783213833,37.491459,139.919346,13,-0.171,-0.222,9.667,5.406
1427783213934,37.491459,139.91934,13,-0.117,-0.17,9.519,5.381
1427783214035,37.491459,139.919334,13,-0.068,-0.121,9.265,5.356
1427783214135,37.491459,139.919328,12,-0.004,-0.079,9.108,5.331
1427783214236,37.49146,139.919322,12,0.004,-0.102,9.315,5.307
1427783214337,37.49146,139.919316,12,0.026,-0.087,9.507,5.282
1427783214437,37.491461,139.919309,12,0.125,-0.019,9.301,5.258
1427783214533,37.491462,139.919304,12,0.258,0.051,9.07,5.235
1427783214634,37.491462,139.919298,12,0.313,0.038,9.325,5.21
1427783214735,37.491463,139.919292,12,0.24,-0.025,9.557,5.186
1427783214835,37.491463,139.919286,12,0.07,-0.104,9.527,5.163
1427783214936,37.491464,139.91928,12,-0.015,-0.075,9.3,5.139
1427783215037,37.491465,139.919274,12,-0.006,-0.038,9.152,5.115
1427783215137,37.491465,139.919268,12,-0.045,-0.003,9.041,5.1
1427783215233,37.491466,139.919263,12,0.012,0.012,9.145,5.1
1427783215334,37.491467,139.919257,12,-0.008,-0.037,9.278,5.1
1427783215434,37.491468,139.919252,12,0.038,-0.096,9.598,5.1
1427783215535,37.491469,139.919247,12,0.127,-0.056,9.454,5.1
1427783215636,37.49147,139.919241,12,0.085,0.105,8.828,5.1
1427783215737,37.491471,139.919236,12,0.119,0.088,9.335,5.1
1427783215837,37.491472,139.91923,12,0.061,-0.073,9.939,5.1
1427783215933,37.491473,139.919225,12,-0.025,-0.162,9.712,5.1
1427783216034,37.491473,139.91922,12,0.049,-0.107,9.407,5.1
1427783216134,37.491474,139.919214,14,0.108,-0.04,9.396,5.091
1427783216235,37.491476,139.919209,14,0.106,-0.032,9.371,5.066
1427783216336,37.491477,139.919203,14,0.115,-0.039,9.302,5.04
1427783216436,37.491478,139.919198,14,0.061,-0.054,9.026,5.015
1427783216537,37.49148,139.919192,14,-0.093,0.057,9.121,4.989
1427783216633,37.491481,139.919187,14,-0.115,-0.047,9.35,4.965
1427783216734,37.491482,139.919181,14,-0.015,0.009,9.084,4.94
1427783216834,37.491484,139.919176,14,0.11,0.002,9.171,4.915
1427783216935,37.491485,139.919171,14,0.131,0.001,9.595,4.89
1427783217036,37.491486,139.919165,14,0.061,-0.142,9.826,4.866
1427783217136,37.491487,139.91916,14,0.027,-0.145,9.559,4.841
1427783217237,37.491489,139.919156,14,0.002,0.005,8.888,4.816
1427783217333,37.49149,139.919151,14,0.062,0.041,9.056,4.793
1427783217433,37.491491,139.919146,14,0.045,0.06,9.512,4.769
1427783217534,37.491492,139.919142,14,-0.057,0.088,9.467,4.744
1427783217635,37.491493,139.919137,14,-0.1,0.083,9.291,4.72
1427783217736,37.491494,139.919132,14,-0.018,0.159,9.141,4.696
1427783217836,37.491495,139.919128,14,0.117,0.267,8.899,4.672
1427783217937,37.491496,139.919123,14,0.119,0.246,8.873,4.648
1427783218033,37.491497,139.919119,14,0.005,0.178,9.226,4.626
1427783220132,37.49149,139.919013,13,-0.075,0.053,9.827,4.593
1427783220137,37.49149,139.919013,13,-0.078,0.042,9.843,4.591
1427783220233,37.491489,139.919009,13,-0.018,-0.006,9.692,4.542
1427783220334,37.491488,139.919005,13,-0.056,-0.043,9.375,4.49
1427783220435,37.491488,139.919001,13,-0.075,-0.025,9.054,4.44
1427783220535,37.491487,139.918997,13,-0.036,-0.003,9.318,4.39
1427783220636,37.491486,139.918993,13,-0.011,0.016,9.564,4.341
1427783220737,37.491485,139.918989,13,-0.119,-0.022,9.537,4.292
1427783220837,37.491485,139.918986,13,-0.295,-0.049,9.307,4.244
1427783220933,37.491484,139.918982,13,-0.351,-0.036,9.085,4.198
1427783221034,37.491483,139.918978,13,-0.294,-0.006,9.069,4.151
1427783221134,37.491483,139.918975,13,-0.217,-0.011,9.187,4.093
1427783221235,37.491485,139.918972,13,-0.164,-0.02,9.309,4.015
1427783221336,37.491486,139.918968,13,-0.165,-0.008,9.26,3.938
1427783221437,37.491487,139.918965,13,-0.192,0.141,8.777,3.862
1427783221537,37.491489,139.918962,13,-0.163,0.106,9.303,3.788
1427783221633,37.49149,139.918959,13,-0.139,0.087,9.723,3.719
1427783221734,37.491491,139.918956,13,-0.13,0.064,9.664,3.648
1427783221834,37.491492,139.918953,13,-0.189,0.049,9.433,3.578
1427783221935,37.491493,139.918951,13,-0.231,0.026,9.406,3.509
1427783222036,37.491494,139.918948,13,-0.287,0.02,9.235,3.442
1427783222136,37.491495,139.918944,12,-0.289,0.008,9.117,3.416
1427783222237,37.491495,139.91894,12,-0.248,-0.048,9.286,3.462
1427783222333,37.491495,139.918935,12,-0.233,-0.032,9.404,3.506
1427783222434,37.491494,139.91893,12,-0.126,0.017,9.395,3.553
1427783222534,37.491494,139.918925,12,-0.09,0.022,9.727,3.601
1427783222635,37.491494,139.91892,12,-0.188,0.102,9.449,3.649
1427783222736,37.491494,139.918915,12,-0.091,0.059,9.243,3.698
1427783222836,37.491494,139.91891,12,-0.043,0.232,8.911,3.747
1427783222937,37.491493,139.918905,12,-0.152,0.236,8.702,3.797
1427783223033,37.491493,139.9189,12,-0.208,0.204,8.966,3.846
1427783223134,37.491493,139.918894,11,-0.02,0.125,9.34,3.88
1427783223234,37.491493,139.918889,11,0.1,0.04,10.07,3.88
1427783223335,37.491494,139.918884,11,0.053,-0.006,9.758,3.88
1427783223436,37.491494,139.91888,11,0.06,0.051,9.248,3.88
1427783223536,37.491494,139.918875,11,0.034,0.124,8.888,3.88
1427783223637,37.491495,139.91887,11,0.055,0.11,9.066,3.88
1427783223733,37.491495,139.918865,11,-0.011,-0.122,9.659,3.88
1427783223833,37.491495,139.91886,11,0.097,0.049,9.332,3.88
1427783223934,37.491495,139.918855,11,0.236,0.081,8.921,3.88
1427783224035,37.491496,139.91885,11,0.449,0.051,9.075,3.88
1427783224136,37.491496,139.918846,11,0.405,-0.07,9.619,3.871
1427783224236,37.491496,139.918842,11,0.233,-0.078,9.668,3.846
1427783224337,37.491495,139.918838,11,0.196,-0.215,9.271,3.822
1427783224433,37.491495,139.918835,11,0.397,-0.172,9.105,3.798
1427783224533,37.491495,139.918831,11,0.534,-0.116,9.221,3.774
1427783224634,37.491494,139.918827,11,0.508,-0.133,9.532,3.75
1427783224735,37.491494,139.918824,11,0.235,-0.16,9.351,3.726
1427783224836,37.491494,139.91882,11,-0.12,-0.268,8.811,3.702
1427783224936,37.491493,139.918817,11,-0.319,-0.391,8.706,3.678
1427783225037,37.491493,139.918813,11,-0.233,-0.397,9.114,3.655
1427783225133,37.491493,139.91881,11,0.026,-0.301,9.49,3.632
1427783225233,37.491494,139.918805,11,0.235,-0.191,9.297,3.607
1427783225334,37.491494,139.918801,11,0.422,-0.213,9.241,3.582
1427783225435,37.491495,139.918797,11,0.641,-0.335,9.331,3.558
1427783225535,37.491495,139.918793,11,0.685,-0.332,9.468,3.534
1427783225636,37.491496,139.918789,11,0.581,-0.36,9.393,3.509
1427783225737,37.491496,139.918785,11,0.506,-0.433,9.525,3.485
1427783225837,37.491497,139.918781,11,0.342,-0.468,9.669,3.462
1427783225934,37.491497,139.918777,11,0.077,-0.398,9.406,3.439
1427783226034,37.491498,139.918773,11,-0.154,-0.392,8.973,3.415
1427783226135,37.491498,139.918769,10,-0.341,-0.488,8.928,3.391
1427783226235,37.491499,139.918766,10,-0.414,-0.603,9.132,3.367
1427783226336,37.491499,139.918762,10,-0.438,-0.629,9.252,3.342
1427783226437,37.4915,139.918759,10,-0.402,-0.608,9.401,3.317
1427783226537,37.491501,139.918756,10,-0.173,-0.499,9.569,3.293
1427783226633,37.491501,139.918753,10,0.185,-0.443,9.479,3.27
1427783226734,37.491502,139.918749,10,0.62,-0.445,9.534,3.246
1427783226835,37.491502,139.918746,10,0.818,-0.476,9.363,3.222
1427783226935,37.491503,139.918743,10,0.831,-0.565,9.205,3.198
1427783227036,37.491504,139.91874,10,0.735,-0.64,9.267,3.175
1427783227137,37.491504,139.918737,10,0.586,-0.722,9.363,3.141
1427783227237,37.491505,139.918734,10,0.368,-0.815,9.41,3.091
1427783227333,37.491505,139.918732,10,0.116,-0.921,9.398,3.044
1427783227434,37.491506,139.918729,10,-0.044,-0.989,9.26,2.995
1427783227535,37.491507,139.918726,10,-0.039,-1.014,9.213,2.946
1427783227635,37.491507,139.918724,10,0.05,-0.936,9.292,2.899
1427783227736,37.491508,139.918721,10,0.141,-0.756,9.2,2.852
1427783227837,37.491509,139.918718,10,0.26,-0.602,9.099,2.806
1427783227937,37.491509,139.918716,10,0.361,-0.494,9.335,2.761
1427783228033,37.49151,139.918714,10,0.315,-0.528,9.562,2.719
1427783228134,37.49151,139.918712,11,0.235,-0.589,9.502,2.644
1427783228234,37.491511,139.918711,11,0.228,-0.548,9.325,2.512
1427783228335,37.491511,139.918709,11,0.22,-0.485,9.156,2.384
1427783228436,37.491512,139.918708,11,0.215,-0.406,9.176,2.262
1427783228537,37.491512,139.918708,11,0.202,-0.301,9.378,2.146
1427783228637,37.491513,139.918707,11,0.123,-0.15,9.483,2.036
1427783228733,37.491513,139.918706,11,-0.039,-0.103,9.393,1.936
1427783228834,37.491514,139.918705,11,-0.119,-0.076,9.192,1.836
1427783228934,37.491514,139.918704,11,-0.073,-0.072,9.102,1.743
1427783229035,37.491515,139.918703,11,0.071,-0.02,9.218,1.654
1427783229136,37.491515,139.918703,11,0.187,0.058,9.386,1.58
1427783229236,37.491515,139.918703,11,0.204,0.1,9.364,1.525
1427783229337,37.491516,139.918702,11,0.119,-0.059,9.182,1.471
1427783229433,37.491516,139.918702,11,0.062,-0.287,9.132,1.421
1427783229534,37.491516,139.918702,11,0.092,-0.529,9.245,1.371
1427783229634,37.491516,139.918701,11,0.258,-0.617,9.407,1.323
1427783229735,37.491516,139.918701,11,0.407,-0.336,9.611,1.276
1427783229836,37.491517,139.918701,11,0.41,-0.064,9.56,1.23
1427783229936,37.491517,139.9187,11,0.25,0.044,9.277,1.187
1427783230037,37.491517,139.9187,11,0.076,0.015,9.051,1.145
1427783230133,37.491517,139.9187,11,-0.014,-0.041,9.09,1.116
1427783230233,37.491517,139.9187,11,0.028,-0.086,9.262,1.103
1427783230334,37.491517,139.9187,11,0.14,-0.309,9.289,1.091
1427783230435,37.491516,139.918699,11,0.256,-0.527,9.306,1.078
1427783230536,37.491516,139.918699,11,0.245,-0.214,9.627,1.066
1427783230636,37.491516,139.918699,11,0.134,0.201,9.638,1.054
1427783230737,37.491516,139.918699,11,0.014,0.358,9.257,1.042
1427783230833,37.491516,139.918699,11,-0.042,0.363,8.946,1.031
1427783230933,37.491515,139.918698,11,0.014,0.415,9.041,1.019
1427783231034,37.491515,139.918698,11,0.127,0.365,9.272,1.008
1427783231135,37.491515,139.918698,11,0.198,0.209,9.374,1.0
1427783231235,37.491514,139.918697,11,0.143,0.119,9.368,1.0
1427783231336,37.491513,139.918697,11,0.043,0.219,9.38,1.0
1427783231437,37.491513,139.918697,11,-0.022,0.328,9.292,1.0
1427783231533,37.491512,139.918696,11,-0.002,0.377,9.216,1.0
1427783231633,37.491511,139.918696,11,0.065,0.319,9.221,1.0
1427783231734,37.491511,139.918695,11,0.129,0.258,9.297,1.0
1427783231835,37.49151,139.918695,11,0.121,0.209,9.363,1.0
1427783231935,37.491509,139.918695,11,0.075,0.264,9.364,1.0
1427783232036,37.491508,139.918694,11,0.031,0.319,9.29,1.0
1427783232137,37.491508,139.918694,11,0.046,0.319,9.225,1.0
1427783232233,37.491507,139.918694,11,0.076,0.296,9.269,1.0
1427783232333,37.491507,139.918694,11,0.077,0.267,9.371,1.0
1427783232434,37.491506,139.918693,11,0.044,0.253,9.397,1.0
1427783232535,37.491506,139.918693,11,0.045,0.278,9.318,1.0
1427783232635,37.491505,139.918693,11,0.088,0.314,9.241,1.0
1427783232736,37.491505,139.918693,11,0.111,0.327,9.267,1.0
1427783232837,37.491504,139.918693,11,0.074,0.289,9.338,1.0
1427783232938,37.491504,139.918692,11,0.029,0.262,9.362,1.0
1427783233033,37.491503,139.918692,11,0.036,0.242,9.333,1.0
1427783268130,37.491506,139.918572,12,0.076,0.265,9.257,2.683
1427783274132,37.491482,139.918415,12,0.081,0.268,9.253,2.233
1427783274137,37.491482,139.918415,12,0.09,0.268,9.252,2.231
1427783274233,37.491482,139.918414,12,0.644,0.211,9.239,2.209
1427783274333,37.491482,139.918412,12,1.006,0.246,9.158,2.187
1427783274434,37.491482,139.91841,12,1.323,0.254,8.969,2.164
1427783274535,37.491482,139.918409,12,1.46,0.256,9.134,2.142
1427783274636,37.491483,139.918407,12,1.516,0.251,9.326,2.119
1427783274737,37.491483,139.918406,12,1.223,0.171,9.261,2.097
1427783274837,37.491483,139.918404,12,1.134,-0.075,9.612,2.076
1427783274933,37.491483,139.918403,12,1.182,-0.169,9.858,2.055
1427783275033,37.491483,139.918401,12,1.149,-0.166,9.498,2.034
1427783275134,37.491484,139.9184,12,1.071,-0.13,9.106,2.02
1427783275235,37.491485,139.918398,12,1.059,-0.039,8.898,2.02
1427783275336,37.491487,139.918397,12,1.212,0.032,8.839,2.02
1427783275436,37.491488,139.918396,12,1.34,0.125,9.008,2.02
1427783275537,37.49149,139.918394,12,1.626,0.05,8.994,2.02
1427783275633,37.491491,139.918393,12,1.725,0.037,9.14,2.02
1427783275733,37.491492,139.918392,12,1.782,-0.041,9.352,2.02
1427783275834,37.491494,139.91839,12,1.678,-0.19,9.681,2.02
1427783275935,37.491496,139.918389,12,1.481,-0.418,9.713,2.02
1427783276035,37.491497,139.918388,12,1.159,-0.513,9.588,2.02
1427783276136,37.491499,139.918387,12,0.881,-0.481,9.265,2.02
1427783276237,37.491501,139.918387,12,0.691,-0.457,8.926,2.02
1427783276333,37.491504,139.918387,12,0.432,-0.399,9.027,2.02
1427783276433,37.491506,139.918386,12,0.325,-0.351,9.364,2.02
1427783276534,37.491508,139.918386,12,0.429,-0.306,9.483,2.02
1427783276635,37.491511,139.918386,12,0.546,-0.203,9.396,2.02
1427783276735,37.491513,139.918386,12,0.62,-0.152,9.316,2.02
1427783276836,37.491516,139.918386,12,0.655,-0.14,9.355,2.02
1427783276937,37.491518,139.918385,12,0.619,-0.134,9.427,2.02
1427783277038,37.491521,139.918385,12,0.566,-0.131,9.468,2.02
1427783277133,37.491523,139.918385,12,0.514,-0.099,9.397,2.02
1427783277234,37.491525,139.918385,12,0.438,-0.068,9.211,2.02
1427783277335,37.491528,139.918385,12,0.4,-0.033,9.131,2.02
1427783277435,37.491531,139.918386,12,0.451,-0.037,9.221,2.02
1427783277536,37.491533,139.918386,12,0.491,-0.01,9.395,2.02
1427783277637,37.491536,139.918386,12,0.569,0.02,9.432,2.02
1427783277737,37.491539,139.918386,12,0.609,0.043,9.354,2.02
1427783277833,37.491541,139.918386,12,0.609,0.06,9.245,2.02
1427783277934,37.491544,139.918387,12,0.569,0.098,9.266,2.02
1427783278035,37.491546,139.918387,12,0.586,0.106,9.332,2.02
1427783278135,37.491549,139.918387,11,0.515,0.044,9.37,2.02
1427783278236,37.491552,139.918387,11,0.477,0.045,9.299,2.02
1427783278337,37.491554,139.918388,11,0.495,0.063,9.215,2.02
1427783278437,37.491557,139.918388,11,0.524,0.074,9.207,2.02
1427783278533,37.491559,139.918388,11,0.567,0.099,9.205,2.02
1427783278634,37.491562,139.918389,11,0.461,0.129,9.08,2.02
1427783278734,37.491564,139.918389,11,0.399,0.087,9.103,2.02
1427783278835,37.491567,139.918389,11,0.494,0.054,9.4,2.02
1427783278936,37.49157,139.91839,11,0.702,0.015,9.737,2.02
1427783279037,37.491572,139.91839,11,0.869,0.141,9.422,2.02
1427783279137,37.491575,139.91839,11,0.786,0.184,8.981,2.028
1427783279233,37.491577,139.918391,11,0.607,0.186,8.914,2.048
1427783279334,37.49158,139.918391,11,0.473,0.125,9.142,2.069
1427783279434,37.491583,139.918391,11,0.505,0.108,9.365,2.091
1427783279535,37.491585,139.918392,11,0.564,0.119,9.356,2.113
1427783279636,37.491588,139.918392,11,0.568,0.158,9.184,2.135
1427783279737,37.491591,139.918393,11,0.528,0.201,8.993,2.158
1427783279837,37.491594,139.918393,11,0.485,0.196,9.054,2.18
1427783279933,37.491596,139.918393,11,0.512,0.189,9.293,2.202
1427783280034,37.491599,139.918394,11,0.573,0.205,9.421,2.225
1427783280134,37.491602,139.918394,11,0.601,0.239,9.403,2.247
1427783280235,37.491605,139.918395,11,0.465,0.201,9.301,2.268
1427783280336,37.491608,139.918395,11,0.29,0.165,9.219,2.29
1427783280436,37.491611,139.918396,11,0.267,0.152,9.263,2.312
1427783280537,37.491614,139.918397,11,0.34,0.169,9.502,2.334
1427783280633,37.491617,139.918397,11,0.361,0.157,9.632,2.355
1427783280734,37.49162,139.918398,11,0.279,0.17,9.371,2.377
1427783280834,37.491623,139.918398,11,0.136,0.152,8.989,2.399
1427783280935,37.491627,139.918399,11,0.006,0.132,8.93,2.422
1427783281036,37.49163,139.9184,11,-0.004,0.113,9.096,2.445
1427783281136,37.491633,139.9184,11,0.149,0.136,9.393,2.46
1427783281237,37.491636,139.918401,11,0.335,0.185,9.611,2.46
1427783281333,37.491639,139.918401,11,0.485,0.246,9.522,2.46
1427783281433,37.491642,139.918402,11,0.593,0.299,9.261,2.46
1427783281534,37.491645,139.918403,11,0.65,0.311,9.141,2.46
1427783281635,37.491648,139.918403,11,0.659,0.226,9.243,2.46
1427783281736,37.491651,139.918404,11,0.616,0.021,9.36,2.46
1427783281836,37.491654,139.918404,11,0.558,-0.172,9.386,2.46
1427783281937,37.491657,139.918405,11,0.462,-0.321,9.424,2.46
1427783282033,37.49166,139.918406,11,0.388,-0.446,9.373,2.46
1427783282133,37.491663,139.918406,11,0.35,-0.503,9.274,2.46
1427783282234,37.491665,139.918406,11,0.337,-0.538,9.178,2.46
1427783282335,37.491668,139.918407,11,0.359,-0.543,9.338,2.46
1427783282435,37.491671,139.918407,11,0.402,-0.556,9.363,2.46
1427783282536,37.491673,139.918407,11,0.544,-0.503,9.287,2.46
1427783282637,37.491676,139.918408,11,0.646,-0.469,9.267,2.46
1427783282733,37.491678,139.918408,11,0.663,-0.467,9.354,2.46
1427783282833,37.491681,139.918408,11,0.607,-0.512,9.372,2.46
1427783282934,37.491684,139.918408,11,0.545,-0.573,9.258,2.46
1427783283035,37.491686,139.918409,11,0.46,-0.605,9.279,2.46
1427783283135,37.491689,139.918409,10,0.364,-0.657,9.369,2.452
1427783283236,37.491691,139.918409,10,0.323,-0.689,9.429,2.429
1427783283337,37.491694,139.918409,10,0.378,-0.684,9.323,2.406
1427783283437,37.491696,139.918409,10,0.488,-0.627,9.288,2.384
1427783283533,37.491698,139.918409,10,0.542,-0.612,9.334,2.362
1427783283634,37.491701,139.91841,10,0.538,-0.623,9.387,2.34
1427783283735,37.491703,139.91841,10,0.498,-0.626,9.342,2.318
1427783283835,37.491705,139.91841,10,0.421,-0.479,9.35,2.296
1427783283936,37.491707,139.91841,10,0.311,-0.24,9.378,2.275
1427783284037,37.49171,139.91841,10,0.243,-0.103,9.281,2.253
1427783284137,37.491712,139.91841,10,0.219,0.024,9.256,2.231
1427783284233,37.491713,139.91841,10,0.22,0.068,9.262,2.209
1427783284334,37.491715,139.91841,10,0.283,0.118,9.325,2.186
1427783284434,37.491717,139.918411,10,0.323,0.1,9.381,2.164
1427783284535,37.491718,139.918411,10,0.35,0.06,9.302,2.142
1427783284636,37.49172,139.918411,10,0.319,0.018,9.233,2.119
1427783284737,37.491721,139.918411,10,0.263,-0.005,9.323,2.097
1427783284837,37.491723,139.918411,10,0.212,-0.09,9.332,2.076
1427783284933,37.491724,139.918412,10,0.245,-0.235,9.234,2.055
1427783285034,37.491726,139.918412,10,0.331,-0.381,9.218,2.034
1427783285134,37.491727,139.918412,11,0.447,-0.464,9.331,1.988
1427783285235,37.491728,139.918412,11,0.48,-0.534,9.403,1.895
1427783285336,37.491729,139.918412,11,0.434,-0.633,9.335,1.806
1427783285437,37.491729,139.918412,11,0.377,-1.108,9.035,1.72
1427783285537,37.49173,139.918412,11,0.423,-1.126,9.311,1.639
1427783285633,37.491731,139.918413,11,0.431,-0.39,9.919,1.564
1427783285734,37.491731,139.918413,11,0.341,0.236,9.806,1.49
1427783285834,37.491732,139.918413,11,0.246,0.376,9.103,1.419
1427783285935,37.491732,139.918413,11,0.126,0.304,8.718,1.352
1427783286036,37.491733,139.918413,11,0.056,0.384,8.988,1.288
1427783286137,37.491733,139.918413,11,0.129,0.393,9.382,1.245
1427783286237,37.491734,139.918414,11,0.315,0.214,9.464,1.231
1427783286333,37.491734,139.918414,11,0.412,0.042,9.387,1.218
1427783286434,37.491735,139.918414,11,0.31,0.132,9.467,1.205
1427783286534,37.491736,139.918415,11,0.124,0.273,9.414,1.192
1427783286635,37.491736,139.918415,11,0.095,0.311,9.205,1.179
1427783286736,37.491737,139.918416,11,0.201,0.281,9.138,1.166
1427783286836,37.491737,139.918416,11,0.305,0.285,9.29,1.153
1427783286937,37.491738,139.918416,11,0.308,0.227,9.438,1.14
1427783287033,37.491739,139.918417,11,0.228,0.187,9.397,1.128
1427783287134,37.491739,139.918417,11,0.155,0.244,9.343,1.116
1427783287234,37.49174,139.918418,11,0.181,0.286,9.246,1.103
1427783287335,37.49174,139.918418,11,0.261,0.276,9.216,1.091
1427783287436,37.49174,139.918418,11,0.297,0.262,9.291,1.078
1427783287536,37.491741,139.918419,11,0.239,0.23,9.383,1.066
1427783287637,37.491741,139.918419,11,0.18,0.227,9.356,1.054
1427783287733,37.491742,139.91842,11,0.193,0.259,9.291,1.042
1427783287833,37.491742,139.91842,11,0.239,0.276,9.237,1.031
1427783287934,37.491742,139.91842,11,0.269,0.285,9.314,1.019
1427783288035,37.491743,139.918421,11,0.223,0.238,9.352,1.007
1427783288136,37.491743,139.918421,11,0.182,0.21,9.362,1.0
1427783288236,37.491744,139.918421,11,0.176,0.211,9.286,1.0
1427783288337,37.491744,139.918421,11,0.23,0.254,9.221,1.0
1427783288433,37.491745,139.918421,11,0.269,0.261,9.257,1.0
1427783288533,37.491746,139.918421,11,0.263,0.256,9.333,1.0
1427783288634,37.491746,139.918421,11,0.213,0.237,9.355,1.0
1427783288735,37.491747,139.918421,11,0.192,0.258,9.35,1.0
1427783288835,37.491747,139.918421,11,0.202,0.241,9.288,1.0
1427783288936,37.491748,139.918421,11,0.26,0.248,9.266,1.0
1427783289037,37.491749,139.918421,11,0.26,0.233,9.299,1.0
1427783317129,37.492277,139.918678,11,0.223,0.245,9.355,4.85
1427783337130,37.493272,139.919294,12,0.223,0.248,9.361,6.572
1427783339129,37.493372,139.919362,11,0.224,0.251,9.367,6.323
1427783342130,37.493525,139.919448,13,0.227,0.254,9.378,6.073
1427783344129,37.493594,139.919521,11,0.231,0.257,9.392,5.59
1427783344134,37.493595,139.919521,11,0.234,0.26,9.404,5.59
1427783344235,37.493599,139.919524,11,0.322,0.218,9.355,5.59
1427783344336,37.493604,139.919526,11,0.284,0.153,9.189,5.59
1427783344436,37.493608,139.919529,11,0.273,0.155,9.082,5.59
1427783344537,37.493613,139.919531,11,0.343,0.153,9.325,5.59
1427783344633,37.493617,139.919534,11,0.431,0.179,9.476,5.59
1427783344733,37.493621,139.919536,11,0.452,0.228,9.31,5.59
1427783344834,37.493626,139.919539,11,0.473,0.248,9.186,5.59
1427783344935,37.493631,139.919542,11,0.464,0.304,9.295,5.59
1427783345036,37.493635,139.919544,11,0.421,0.36,9.53,5.59
1427783348132,37.493763,139.919619,11,0.348,0.315,9.461,4.858
1427783357131,37.494127,139.919868,13,0.345,0.31,9.452,5.598
1427783357136,37.494127,139.919868,13,0.341,0.3,9.447,5.599
1427783357236,37.494132,139.919872,13,0.3,0.154,9.646,5.623
1427783357337,37.494137,139.919875,13,0.203,0.079,9.694,5.648
1427783357433,37.494142,139.919879,13,0.135,0.08,9.455,5.672
1427783357533,37.494148,139.919882,13,0.027,0.038,9.396,5.697
1427783357634,37.494153,139.919886,13,-0.08,0.001,9.491,5.722
1427783357735,37.494158,139.91989,13,-0.075,0.002,9.328,5.747
1427783357835,37.494164,139.919893,13,-0.031,0.033,9.182,5.773
1427783357936,37.494169,139.919897,13,-0.017,0.047,9.109,5.798
1427783358037,37.494175,139.919901,13,-0.02,0.048,9.042,5.824
1427783358133,37.494179,139.919904,13,-0.042,0.02,9.165,5.814
1427783358233,37.494183,139.919907,13,-0.079,0.009,9.098,5.736
1427783358334,37.494186,139.919911,13,-0.02,0.009,9.186,5.658
1427783358435,37.49419,139.919914,13,0.096,0.01,9.322,5.581
1427783358535,37.494193,139.919917,13,0.192,-0.028,9.421,5.506
1427783358636,37.494196,139.91992,13,0.308,-0.034,9.554,5.431
1427783358737,37.4942,139.919923,13,0.414,0.024,9.451,5.357
1427783358833,37.494203,139.919926,13,0.425,0.095,9.341,5.288
1427783358933,37.494206,139.919929,13,0.393,0.068,9.525,5.217
1427783359034,37.494209,139.919932,13,0.33,0.075,9.354,5.146
1427783359135,37.494212,139.919935,13,0.195,0.076,9.127,5.091
1427783359235,37.494214,139.919936,13,0.041,0.065,9.186,5.066
1427783359336,37.494217,139.919937,13,0.089,0.111,9.029,5.04
1427783359437,37.494219,139.919939,13,0.192,0.113,9.255,5.014
1427783359533,37.494222,139.91994,13,0.347,0.096,9.569,4.99
1427783359633,37.494224,139.919942,13,0.375,0.083,9.694,4.965
1427783359734,37.494226,139.919943,13,0.367,0.15,9.327,4.94
1427783359835,37.494229,139.919944,13,0.363,0.186,9.193,4.915
1427783359935,37.494231,139.919946,13,0.333,0.171,9.244,4.89
1427783360036,37.494233,139.919947,13,0.265,0.131,9.259,4.866
1427783360137,37.494237,139.919949,13,0.185,0.074,9.433,4.85
1427783360237,37.494242,139.919952,13,0.127,0.031,9.584,4.85
1427783360333,37.494247,139.919955,13,0.062,0.012,9.426,4.85
1427783360434,37.494252,139.919957,13,0.03,0.066,9.064,4.85
1427783360535,37.494257,139.91996,13,0.073,0.089,8.948,4.85
1427783360635,37.494262,139.919963,13,0.174,0.064,9.316,4.85
1427783360736,37.494267,139.919966,13,0.269,0.028,9.765,4.85
1427783360837,37.494273,139.919969,13,0.337,0.018,9.757,4.85
1427783360937,37.494278,139.919971,13,0.322,0.086,9.396,4.85
1427783361033,37.494283,139.919974,13,0.202,0.164,8.887,4.85
1427783361134,37.494288,139.919977,12,0.132,0.18,8.806,4.85
1427783361234,37.494292,139.919979,12,0.168,0.129,9.138,4.85
1427783361335,37.494297,139.919982,12,0.24,0.086,9.563,4.85
1427783361436,37.494301,139.919984,12,0.317,0.067,9.613,4.85
1427783361537,37.494306,139.919987,12,0.304,0.129,9.281,4.85
1427783361637,37.494311,139.919989,12,0.322,0.177,8.938,4.85
1427783361733,37.494315,139.919992,12,0.382,0.137,9.151,4.85
1427783361834,37.49432,139.919994,12,0.415,0.175,9.445,4.85
1427783361934,37.494324,139.919997,12,0.428,0.164,9.525,4.85
1427783362035,37.494329,139.919999,12,0.339,0.152,9.51,4.85
1427783366129,37.494484,139.920101,11,0.239,0.173,9.225,4.347
1427783366134,37.494484,139.920101,11,0.239,0.174,9.217,4.343
1427783366235,37.494487,139.920103,11,0.278,-0.067,9.305,4.264
1427783366335,37.49449,139.920104,11,0.308,-0.236,9.312,4.186
1427783366436,37.494492,139.920106,11,0.38,-0.308,9.296,4.11
1427783366537,37.494495,139.920107,11,0.366,-0.377,9.185,4.035
1427783366637,37.494498,139.920108,11,0.353,-0.415,9.316,3.961
1427783366733,37.4945,139.920109,11,0.321,-0.407,9.548,3.892
1427783366834,37.494503,139.920111,11,0.34,-0.341,9.351,3.821
1427783366935,37.494505,139.920112,11,0.361,-0.333,9.038,3.751
1427783367035,37.494507,139.920113,11,0.331,-0.403,9.261,3.683
1427783367136,37.49451,139.920115,11,0.313,-0.447,9.563,3.622
1427783367237,37.494513,139.920116,11,0.31,-0.39,9.549,3.57
1427783367337,37.494515,139.920118,11,0.299,-0.347,9.337,3.52
1427783367433,37.494518,139.920119,11,0.298,-0.313,9.148,3.473
1427783367534,37.494521,139.920121,11,0.324,-0.325,9.117,3.423
1427783367634,37.494523,139.920122,11,0.399,-0.331,9.341,3.375
1427783367735,37.494526,139.920124,11,0.459,-0.33,9.441,3.327
1427783367836,37.494528,139.920125,11,0.462,-0.318,9.354,3.28
1427783367937,37.494531,139.920127,11,0.444,-0.378,9.307,3.234
1427783368037,37.494533,139.920128,11,0.445,-0.454,9.361,3.188
1427783368133,37.494536,139.920129,11,0.383,-0.493,9.271,3.143
1427783368234,37.494538,139.92013,11,0.301,-0.518,9.211,3.093
1427783368334,37.494539,139.920131,11,0.297,-0.538,9.443,3.043
1427783368435,37.494541,139.920133,11,0.352,-0.52,9.454,2.994
1427783368536,37.494543,139.920134,11,0.397,-0.546,9.253,2.946
1427783368636,37.494545,139.920135,11,0.352,-0.665,9.213,2.899
1427783368737,37.494547,139.920136,11,0.29,-0.749,9.344,2.852
1427783368833,37.494548,139.920136,11,0.285,-0.743,9.431,2.808
1427783368934,37.49455,139.920137,11,0.392,-0.595,9.444,2.763
1427783369034,37.494552,139.920138,11,0.507,-0.38,9.348,2.719
1427783369135,37.494553,139.920139,11,0.568,-0.189,9.261,2.673
1427783369236,37.494554,139.92014,11,0.522,-0.089,9.287,2.624
1427783369336,37.494556,139.920141,11,0.425,-0.025,9.339,2.576
1427783369437,37.494557,139.920142,11,0.31,-0.022,9.318,2.529
1427783369533,37.494558,139.920143,11,0.272,-0.017,9.304,2.485
1427783369634,37.494559,139.920144,11,0.315,-0.015,9.275,2.439
1427783369734,37.49456,139.920145,11,0.386,0.02,9.302,2.395
1427783369835,37.494561,139.920146,11,0.415,0.057,9.379,2.351
1427783369936,37.494561,139.920147,11,0.408,0.144,9.435,2.308
1427783370036,37.494562,139.920147,11,0.363,0.199,9.367,2.266
1427783387132,37.495264,139.920453,11,0.336,0.214,9.318,5.855
1427783387137,37.495264,139.920453,11,0.334,0.212,9.32,5.857
1427783387237,37.49527,139.920453,11,0.115,0.13,9.249,5.905
1427783387333,37.495275,139.920453,11,-0.063,0.054,9.237,5.951
1427783387434,37.495281,139.920453,11,-0.145,-0.001,9.208,5.999
1427783387534,37.495287,139.920453,11,-0.198,0.038,9.14,6.048
1427783387635,37.495292,139.920454,11,-0.172,0.064,9.233,6.097
1427783387736,37.495298,139.920454,11,-0.165,0.049,9.403,6.147
1427783387837,37.495304,139.920454,11,-0.073,-0.021,9.574,6.197
1427783387937,37.49531,139.920454,11,0.003,-0.041,9.667,6.247
1427783388033,37.495316,139.920454,11,-0.046,-0.02,9.552,6.296
1427783390128,37.495417,139.920494,10,-0.201,0.004,9.38,5.84
1427783390133,37.495418,139.920494,10,-0.204,0.006,9.37,5.84
1427783390233,37.495422,139.920496,10,-0.15,0.047,9.285,5.84
1427783390334,37.495427,139.920499,10,-0.117,0.066,9.126,5.84
1427783390435,37.495432,139.920501,10,0.003,0.046,9.425,5.84
1427783390535,37.495437,139.920504,10,0.049,0.064,9.79,5.84
1427783390636,37.495442,139.920506,10,-0.011,0.064,9.488,5.84
1427783390737,37.495447,139.920509,10,-0.009,0.129,9.123,5.84
1427783390838,37.495451,139.920511,10,-0.096,0.197,8.942,5.84
1427783390933,37.495456,139.920514,10,-0.165,0.186,8.938,5.84
1427783391034,37.495461,139.920516,10,-0.088,0.124,9.227,5.84
1427783400128,37.495966,139.920649,10,-0.105,0.095,9.532,6.82
1427783406130,37.496297,139.920756,12,-0.107,0.091,9.538,6.58
1427783406135,37.496297,139.920756,12,-0.109,0.087,9.547,6.58
1427783406236,37.496302,139.920758,12,0.042,0.04,9.605,6.58
1427783406336,37.496308,139.920759,12,0.116,0.01,9.45,6.58
1427783406437,37.496314,139.92076,12,0.157,-0.004,9.445,6.58
1427783406533,37.496319,139.920761,12,0.03,-0.021,9.528,6.58
1427783406634,37.496324,139.920762,12,-0.067,0.005,9.643,6.58
1427783406734,37.49633,139.920764,12,-0.154,0.06,8.879,6.58
1427783406835,37.496335,139.920765,12,-0.014,0.117,8.509,6.58
1427783406936,37.496341,139.920766,12,-0.058,0.025,9.111,6.58
1427783407036,37.496346,139.920767,12,-0.03,-0.023,9.738,6.58
1427783409131,37.496457,139.920802,11,0.121,-0.071,10.177,6.33
1427783411130,37.496555,139.920836,12,0.123,-0.074,10.178,6.08
1427783411135,37.496555,139.920836,12,0.126,-0.08,10.174,6.08
1427783411236,37.496562,139.920838,12,0.063,-0.061,10.055,6.08
1427783411337,37.496569,139.920839,12,-0.049,-0.092,10.066,6.08
1427783411437,37.496576,139.920841,12,0.053,-0.105,10.073,6.08
1427783411533,37.496583,139.920843,12,-0.043,0.038,9.107,6.08
1427783411634,37.49659,139.920845,12,-0.184,0.181,8.184,6.08
1427783411735,37.496597,139.920847,12,-0.157,0.37,7.948,6.08
1427783411835,37.496604,139.920849,12,-0.04,0.156,9.122,6.08
1427783411936,37.496611,139.920851,12,0.091,0.06,10.266,6.08
1427783412037,37.496618,139.920853,12,0.074,-0.041,10.112,6.08
1427783415128,37.496807,139.920879,12,-0.003,-0.061,9.395,6.323
1427783418129,37.49694,139.920954,13,-0.003,-0.068,9.377,5.833
1427783423130,37.497204,139.921049,11,-0.004,-0.075,9.361,6.08
1427783423135,37.497204,139.921049,11,-0.008,-0.082,9.347,6.08
1427783423235,37.497209,139.92105,11,-0.092,-0.036,9.106,6.08
1427783423336,37.497215,139.921051,11,-0.023,0.045,9.152,6.08
1427783423437,37.497221,139.921052,11,0.052,0.043,9.564,6.08
1427783423537,37.497226,139.921053,11,0.02,0.066,9.615,6.08
1427783423633,37.497231,139.921054,11,-0.007,0.127,9.112,6.08
1427783423734,37.497237,139.921055,11,0.014,0.174,8.746,6.08
1427783423834,37.497242,139.921056,11,0.042,0.118,8.962,6.08
1427783423935,37.497248,139.921057,11,0.114,0.01,9.412,6.08
1427783424036,37.497253,139.921058,11,0.21,-0.04,9.568,6.08
1427783424137,37.497259,139.921059,11,0.278,0.038,9.519,6.08
1427783424237,37.497263,139.92106,11,0.312,0.106,9.416,6.08
1427783424333,37.497268,139.921061,11,0.314,0.114,9.403,6.08
1427783424434,37.497272,139.921062,11,0.207,0.107,9.356,6.08
1427783424534,37.497277,139.921063,11,0.063,0.084,9.308,6.08
1427783424635,37.497282,139.921064,11,-0.036,0.0,9.336,6.08
1427783424736,37.497286,139.921065,11,-0.029,-0.077,9.37,6.08
1427783424837,37.497291,139.921066,11,0.026,-0.09,9.323,6.08
1427783424937,37.497295,139.921067,11,0.106,-0.026,9.272,6.08
1427783425033,37.4973,139.921068,11,0.134,0.031,9.311,6.08
1427783425134,37.497305,139.921069,11,0.107,0.055,9.299,6.072
