measurement_ms,latitude,longitude,gps_error_meter,accel_x_transverse,accel_y_longitudinal,accel_z_vertical,speed
1427413822948,37.53798,139.943611,6,1.13,-0.55,9.814,14.275
1427413823049,37.537969,139.943607,6,0.447,-0.375,9.788,14.25
1427413823149,37.537958,139.943603,6,0.049,-0.282,9.676,14.225
1427413823250,37.537946,139.943598,6,-0.169,-0.217,9.661,14.2
1427413823351,37.537934,139.943594,6,-0.247,-0.218,9.647,14.174
1427413823451,37.537923,139.94359,6,-0.296,-0.176,9.709,14.149
1427413823547,37.537912,139.943586,6,-0.296,-0.202,9.656,14.125
1427413823648,37.5379,139.943581,6,-0.316,-0.185,9.695,14.1
1427413823749,37.537888,139.943577,6,-0.343,-0.178,9.649,14.075
1427413823849,37.537877,139.943573,6,-0.359,-0.174,9.728,14.05
1427413823950,37.537865,139.943568,6,-0.322,-0.178,9.703,14.025
1427413824051,37.537854,139.943564,7,-0.3,-0.185,9.735,14.0
1427413824151,37.537842,139.943562,7,-0.301,-0.147,9.658,14.0
1427413824247,37.537831,139.94356,7,-0.305,-0.125,9.78,14.0
1427413824348,37.537819,139.943558,7,-0.303,-0.062,9.738,14.0
1427413824448,37.537808,139.943556,7,-0.307,0.127,9.753,14.0
1427413824549,37.537796,139.943554,7,-0.357,0.196,9.597,14.0
1427413824650,37.537784,139.943551,7,-0.419,0.245,9.515,14.0
1427413824751,37.537773,139.943549,7,-0.459,0.281,9.402,14.0
1427413830848,37.537014,139.943433,5,-0.492,0.18,9.805,14.0
1427413881847,37.531299,139.944297,5,-0.491,0.18,9.826,12.0
1427413881948,37.531288,139.944296,5,-0.346,-0.011,9.896,12.0
1427413882048,37.531277,139.944295,5,-0.216,-0.122,9.784,12.0
1427413882149,37.531267,139.944295,5,-0.12,-0.132,9.546,11.975
1427413882250,37.531256,139.944294,5,-0.085,-0.188,9.705,11.95
1427413882351,37.531246,139.944294,5,-0.033,-0.304,9.868,11.924
1427413882451,37.531236,139.944293,5,0.063,-0.283,9.944,11.899
1427413882547,37.531226,139.944293,5,0.074,-0.248,9.676,11.875
1427413882648,37.531216,139.944293,5,0.107,-0.182,9.436,11.85
1427413882748,37.531206,139.944292,5,0.042,-0.185,9.632,11.825
1427413882849,37.531195,139.944292,5,0.026,-0.244,9.666,11.8
1427413882950,37.531185,139.944291,5,0.019,-0.236,9.682,11.775
1427413883051,37.531175,139.944291,5,0.084,-0.176,9.448,11.75
1427413883151,37.531165,139.94429,5,0.104,-0.235,9.729,11.75
1427413883247,37.531155,139.944288,5,-0.023,-0.259,9.891,11.75
1427413883348,37.531146,139.944287,5,-0.007,-0.222,9.616,11.75
1427413883448,37.531136,139.944285,5,0.036,-0.143,9.704,11.75
1427413883549,37.531126,139.944284,5,0.054,-0.178,9.753,11.75
1427413883650,37.531116,139.944283,5,0.017,-0.212,9.741,11.75
1427413883750,37.531106,139.944281,5,-0.033,-0.236,9.721,11.75
1427413883851,37.531096,139.94428,5,-0.028,-0.192,9.657,11.75
1427413883947,37.531086,139.944278,5,-0.051,-0.217,9.926,11.75
1427413884047,37.531076,139.944277,5,0.004,-0.195,9.799,11.75
1427413884148,37.531066,139.944277,5,0.024,-0.173,9.381,11.725
1427413884249,37.531056,139.944276,5,-0.024,-0.16,9.539,11.7
1427413884350,37.531045,139.944276,5,-0.035,-0.218,9.696,11.674
1427413884450,37.531035,139.944275,5,-0.044,-0.183,9.597,11.649
1427413884551,37.531025,139.944275,5,-0.049,-0.174,9.749,11.624
1427413884647,37.531015,139.944275,5,-0.094,-0.156,9.626,11.6
1427413884747,37.531005,139.944274,5,-0.085,-0.187,9.517,11.575
1427413884848,37.530994,139.944274,5,-0.045,-0.149,9.509,11.55
1427413884949,37.530984,139.944273,5,-0.079,-0.229,9.678,11.525
1427413885050,37.530974,139.944273,5,-0.141,-0.241,9.878,11.5
1427413885150,37.530965,139.944272,5,-0.184,-0.276,9.787,11.5
1427413885251,37.530956,139.944271,5,-0.254,-0.212,9.771,11.5
1427413885347,37.530947,139.94427,5,-0.255,-0.207,9.611,11.5
1427413885447,37.530937,139.944269,5,-0.269,-0.117,9.388,11.5
1427413885548,37.530928,139.944268,5,-0.273,-0.076,9.086,11.5
1427413885649,37.530919,139.944266,5,-0.281,-0.094,9.229,11.5
1427413885749,37.53091,139.944265,5,-0.253,-0.202,9.903,11.5
1427413885850,37.5309,139.944264,5,-0.234,-0.248,10.281,11.5
1427413885951,37.530891,139.944263,5,-0.151,-0.281,9.915,11.5
1427413886047,37.530882,139.944262,5,-0.141,-0.237,10.141,11.5
1427413886147,37.530872,139.944261,5,-0.103,-0.264,9.793,11.476
1427413886248,37.530862,139.944259,5,0.01,-0.142,9.56,11.45
1427413886349,37.530852,139.944257,5,-0.092,-0.141,9.407,11.425
1427413886449,37.530842,139.944256,5,-0.034,-0.143,9.354,11.4
1427413886550,37.530832,139.944254,5,-0.012,-0.14,9.501,11.374
1427413886651,37.530822,139.944253,5,-0.047,-0.181,9.74,11.349
1427413886751,37.530812,139.944251,5,-0.157,-0.203,9.766,11.324
1427413886847,37.530802,139.94425,5,-0.186,-0.245,9.879,11.3
1427413886948,37.530792,139.944249,5,-0.205,-0.217,9.862,11.275
1427413887048,37.530782,139.944247,5,-0.21,-0.102,9.727,11.25
1427413887149,37.530772,139.944247,5,-0.254,-0.041,9.561,11.275
1427413887250,37.530761,139.944247,5,-0.259,-0.007,9.401,11.3
1427413887351,37.530751,139.944246,5,-0.222,-0.097,9.733,11.325
1427413887451,37.53074,139.944246,5,-0.234,-0.024,9.822,11.35
1427413887547,37.53073,139.944246,5,-0.187,-0.009,9.636,11.374
1427413887648,37.530719,139.944246,5,-0.131,-0.011,9.463,11.399
1427413887748,37.530709,139.944246,5,-0.125,0.008,9.591,11.424
1427413887849,37.530698,139.944245,5,-0.183,-0.035,9.794,11.449
1427413887950,37.530688,139.944245,5,-0.157,0.01,9.62,11.475
1427413888051,37.530677,139.944245,5,-0.168,-0.028,9.754,11.5
1427413888151,37.530667,139.944245,5,-0.156,-0.013,9.655,11.5
1427413888247,37.530657,139.944245,5,-0.161,-0.074,9.707,11.5
1427413888348,37.530647,139.944245,5,-0.132,-0.07,9.831,11.5
1427413888448,37.530636,139.944245,5,-0.098,-0.014,9.518,11.5
1427413888549,37.530626,139.944245,5,-0.196,-0.074,9.459,11.5
1427413888650,37.530616,139.944246,5,-0.135,-0.186,9.86,11.5
1427413888750,37.530606,139.944246,5,-0.226,-0.441,9.503,11.5
1427413888851,37.530595,139.944246,5,-0.291,-0.665,9.344,11.5
1427413888947,37.530586,139.944246,5,-0.342,-0.918,9.872,11.5
1427413889048,37.530575,139.944246,5,-0.353,-0.837,9.502,11.5
1427413889148,37.530563,139.944247,7,-0.433,-0.945,9.534,11.5
1427413889249,37.530551,139.944248,7,-0.415,-0.966,9.621,11.5
1427413889350,37.530539,139.944249,7,-0.4,-0.934,9.653,11.5
1427413889450,37.530527,139.94425,7,-0.371,-0.957,9.871,11.5
1427413889551,37.530515,139.944251,7,-0.39,-0.814,9.375,11.5
1427413889647,37.530504,139.944251,7,-0.342,-0.762,9.498,11.5
1427413889748,37.530492,139.944252,7,-0.294,-0.829,9.612,11.5
1427413889848,37.53048,139.944253,7,-0.227,-0.804,9.605,11.5
1427413889949,37.530468,139.944254,7,-0.241,-0.878,10.122,11.5
1427413890050,37.530456,139.944255,7,-0.323,-0.896,10.041,11.5
1427413890150,37.530446,139.944254,7,-0.252,-0.733,9.108,11.449
1427413890251,37.530437,139.944254,7,-0.231,-0.784,9.775,11.398
1427413890347,37.530427,139.944253,7,-0.22,-0.729,9.661,11.349
1427413890447,37.530418,139.944253,7,-0.223,-0.647,9.373,11.299
1427413890548,37.530408,139.944252,7,-0.11,-0.837,9.774,11.248
1427413890649,37.530399,139.944252,7,-0.121,-0.873,10.294,11.198
1427413890750,37.530389,139.944251,7,-0.161,-0.787,9.867,11.148
1427413890850,37.53038,139.944251,7,-0.222,-0.656,9.316,11.098
1427413890951,37.53037,139.94425,7,-0.181,-0.651,9.275,11.049
1427413891047,37.530361,139.94425,7,-0.19,-0.754,9.477,11.001
1427413891147,37.530352,139.944249,5,-0.263,-0.97,9.88,10.925
1427413891248,37.530343,139.944248,5,-0.267,-1.0,9.579,10.847
1427413891349,37.530335,139.944247,5,-0.279,-1.083,9.779,10.77
1427413891449,37.530326,139.944246,5,-0.433,-1.148,10.051,10.694
1427413891550,37.530317,139.944245,5,-0.384,-1.124,9.704,10.618
1427413891651,37.530309,139.944244,5,-0.365,-1.03,9.177,10.543
1427413891747,37.5303,139.944243,5,-0.305,-1.088,9.57,10.472
1427413891847,37.530292,139.944242,5,-0.321,-1.067,9.712,10.398
1427413891948,37.530283,139.944241,5,-0.191,-1.051,9.598,10.324
1427413892049,37.530275,139.94424,5,-0.245,-1.139,9.944,10.251
1427413892149,37.530266,139.94424,5,-0.323,-1.144,9.886,10.173
1427413892250,37.530257,139.94424,5,-0.284,-1.134,9.62,10.095
1427413892351,37.530249,139.944241,5,-0.357,-1.15,9.633,10.018
1427413892451,37.53024,139.944241,5,-0.322,-1.162,9.857,9.942
1427413892547,37.530232,139.944241,5,-0.258,-1.123,9.433,9.87
1427413892648,37.530223,139.944241,5,-0.264,-1.255,9.265,9.795
1427413892749,37.530215,139.944241,5,-0.261,-1.403,9.74,9.72
1427413892849,37.530207,139.944242,5,-0.361,-1.508,10.055,9.646
1427413892950,37.530198,139.944242,5,-0.37,-1.511,9.832,9.572
1427413893051,37.53019,139.944242,3,-0.34,-1.538,9.709,9.499
1427413893152,37.530182,139.944242,3,-0.287,-1.48,9.659,9.393
1427413893247,37.530174,139.944243,3,-0.22,-1.476,9.538,9.294
1427413893348,37.530166,139.944243,3,-0.249,-1.48,9.517,9.19
1427413893449,37.530159,139.944244,3,-0.285,-1.478,9.609,9.088
1427413893549,37.530151,139.944244,3,-0.337,-1.491,9.798,8.987
1427413893650,37.530143,139.944244,3,-0.407,-1.49,9.895,8.887
1427413893751,37.530136,139.944245,3,-0.407,-1.443,9.685,8.787
1427413893851,37.530128,139.944245,3,-0.361,-1.442,9.625,8.69
1427413893947,37.530121,139.944246,3,-0.312,-1.438,9.625,8.598
1427413894048,37.530114,139.944246,3,-0.265,-1.473,9.822,8.502
1427413894148,37.530107,139.944246,3,-0.254,-1.472,9.757,8.369
1427413894249,37.5301,139.944247,3,-0.204,-1.483,9.779,8.235
1427413894350,37.530093,139.944247,3,-0.188,-1.491,9.734,8.104
1427413894451,37.530086,139.944248,3,-0.268,-1.455,9.652,7.975
1427413894551,37.530079,139.944248,3,-0.27,-1.396,9.632,7.849
1427413894647,37.530073,139.944248,3,-0.19,-1.292,9.84,7.73
1427413894748,37.530066,139.944249,3,-0.123,-1.23,9.835,7.607
1427413894848,37.53006,139.944249,3,-0.157,-1.172,9.643,7.487
1427413894949,37.530053,139.94425,3,-0.196,-1.123,9.633,7.367
1427413895050,37.530047,139.94425,3,-0.215,-1.077,9.567,7.25
1427413895150,37.530041,139.944251,3,-0.243,-1.05,9.461,7.114
1427413895251,37.530035,139.944252,3,-0.185,-1.078,9.615,6.98
1427413895347,37.530029,139.944252,3,-0.256,-1.076,9.679,6.854
1427413895448,37.530023,139.944253,3,-0.268,-1.084,9.823,6.724
1427413895548,37.530018,139.944254,3,-0.198,-1.081,9.753,6.598
1427413895649,37.530012,139.944254,3,-0.168,-1.03,9.576,6.473
1427413895750,37.530007,139.944255,3,-0.143,-1.007,9.593,6.35
1427413895850,37.530001,139.944256,3,-0.175,-1.036,9.662,6.231
1427413895951,37.529996,139.944256,3,-0.219,-1.095,9.936,6.113
1427413896047,37.529991,139.944257,3,-0.274,-1.067,9.812,6.003
1427413896147,37.529986,139.944258,4,-0.281,-1.073,9.686,5.895
1427413896248,37.529981,139.944258,4,-0.234,-1.03,9.574,5.788
1427413896349,37.529976,139.944259,4,-0.167,-1.018,9.416,5.682
1427413896450,37.529971,139.94426,4,-0.177,-1.038,9.585,5.578
1427413896550,37.529966,139.944261,4,-0.128,-1.071,9.847,5.477
1427413896651,37.529961,139.944261,4,-0.105,-1.12,9.922,5.377
1427413896747,37.529957,139.944262,4,-0.055,-1.13,9.675,5.284
1427413896847,37.529952,139.944263,4,-0.037,-1.068,9.467,5.188
1427413896948,37.529947,139.944263,4,0.006,-1.084,9.614,5.094
1427413897049,37.529943,139.944264,4,-0.014,-1.141,9.764,5.001
1427413897149,37.529939,139.944265,4,-0.118,-1.148,9.607,4.891
1427413897250,37.529934,139.944265,4,-0.248,-1.213,9.508,4.782
1427413897351,37.52993,139.944266,4,-0.28,-1.313,9.743,4.676
1427413897447,37.529926,139.944266,4,-0.231,-1.375,9.811,4.576
1427413897547,37.529922,139.944267,4,-0.176,-1.419,9.728,4.475
1427413897648,37.529918,139.944267,4,-0.157,-1.504,9.706,4.375
1427413897749,37.529914,139.944268,4,-0.163,-1.574,9.589,4.278
1427413897849,37.52991,139.944268,4,-0.235,-1.598,9.529,4.183
1427413897950,37.529907,139.944269,4,-0.338,-1.647,9.732,4.09
1427413898051,37.529903,139.944269,4,-0.396,-1.689,9.856,3.999
1427413898147,37.5299,139.944269,4,-0.396,-1.71,9.598,3.89
1427413898247,37.529896,139.944269,4,-0.38,-1.768,9.419,3.78
1427413898348,37.529893,139.944269,4,-0.322,-1.846,9.617,3.672
1427413898449,37.52989,139.944269,4,-0.252,-1.923,9.781,3.567
1427413898549,37.529887,139.944268,4,-0.272,-1.976,9.773,3.465
1427413898650,37.529884,139.944268,4,-0.345,-1.989,9.687,3.366
1427413898751,37.529881,139.944268,4,-0.39,-2.008,9.622,3.269
1427413898851,37.529878,139.944268,4,-0.384,-2.039,9.627,3.176
1427413898947,37.529876,139.944268,4,-0.363,-2.084,9.685,3.09
1427413899048,37.529873,139.944268,4,-0.278,-2.066,9.741,3.002
1427413899149,37.529872,139.94427,4,-0.239,-2.034,9.669,2.807
1427413899249,37.52987,139.944271,4,-0.263,-2.023,9.594,2.622
1427413899350,37.529869,139.944272,4,-0.273,-1.989,9.674,2.445
1427413899451,37.529868,139.944274,4,-0.155,-1.558,9.988,2.278
1427413899551,37.529867,139.944275,4,-0.053,-0.955,10.07,2.124
1427413899647,37.529866,139.944276,4,-0.041,-0.477,9.769,1.984
1427413899748,37.529865,139.944277,4,-0.076,-0.152,9.387,1.848
1427413899849,37.529864,139.944278,4,-0.086,0.009,9.227,1.721
1427413899949,37.529864,139.944279,4,-0.021,0.044,9.419,1.606
1427413900050,37.529863,139.94428,4,0.054,0.02,9.74,1.5
1427413900151,37.529865,139.944281,4,0.069,0.013,9.87,1.212
1427413900251,37.529867,139.944283,4,0.036,0.04,9.706,0.958
1427413900347,37.529869,139.944284,4,-0.015,0.072,9.545,0.741
1427413900448,37.52987,139.944284,4,-0.042,0.072,9.571,0.544
1427413900548,37.529871,139.944285,4,-0.012,0.039,9.715,0.378
1427413900649,37.529872,139.944286,4,-0.096,-0.417,9.436,0.241
1427413900750,37.529873,139.944286,4,-0.195,-1.074,9.32,0.135
1427413900851,37.529874,139.944287,4,-0.06,-0.861,10.031,0.059
1427413900951,37.529874,139.944287,4,0.046,-0.331,10.412,0.015
1427413925846,37.529191,139.944484,4,0.052,0.029,9.628,7.55
1427413925851,37.529191,139.944484,4,0.05,0.032,9.62,7.549
1427413925947,37.529184,139.944486,4,0.098,-0.034,9.559,7.525
1427413926048,37.529177,139.944488,4,0.023,-0.121,9.641,7.5
1427413926148,37.529171,139.944491,4,-0.055,-0.148,9.728,7.5
1427413926249,37.529164,139.944493,4,-0.13,-0.147,9.852,7.5
1427413926350,37.529157,139.944496,4,-0.117,-0.067,9.702,7.5
1427413926451,37.529151,139.944498,4,-0.055,0.007,9.465,7.5
1427413926551,37.529144,139.944501,4,-0.048,-0.006,9.682,7.5
1427413926647,37.529138,139.944504,4,0.033,0.056,9.874,7.5
1427413926748,37.529132,139.944506,4,0.103,0.222,9.761,7.5
1427413926848,37.529125,139.944509,4,0.127,0.314,9.669,7.5
1427413981845,37.523768,139.94531,8,0.133,0.314,9.656,12.801
1427413987847,37.52322,139.944948,9,0.137,0.311,9.639,11.897
1427413987948,37.52321,139.944943,9,0.156,0.123,9.559,11.948
1427413988049,37.5232,139.944939,9,0.136,-0.024,9.56,11.999
1427413988149,37.523189,139.944936,11,0.118,-0.156,9.632,12.0
1427413988250,37.523179,139.944933,11,0.092,-0.178,9.9,12.0
1427413988351,37.523168,139.944929,11,0.105,-0.195,9.492,12.0
1427413988451,37.523157,139.944926,11,0.058,-0.068,9.06,12.0
1427413988547,37.523147,139.944923,11,0.024,-0.147,9.332,12.0
1427413988648,37.523136,139.94492,11,0.017,-0.214,9.999,12.0
1427413988748,37.523125,139.944917,11,-0.004,-0.273,10.133,12.0
1427413988849,37.523115,139.944913,11,-0.045,-0.256,10.085,12.0
1427413988950,37.523104,139.94491,11,-0.093,-0.166,9.838,12.0
1427413989051,37.523093,139.944907,12,-0.084,-0.069,9.399,11.999
1427413989151,37.523085,139.944904,12,-0.052,-0.017,9.111,11.895
1427413989247,37.523077,139.944902,12,-0.041,-0.092,9.344,11.796
1427413989348,37.523069,139.9449,12,-0.013,-0.138,9.756,11.693
1427413989448,37.523061,139.944897,12,-0.041,-0.235,10.063,11.592
1427413989549,37.523053,139.944895,12,-0.024,-0.23,10.062,11.49
1427413989650,37.523045,139.944892,12,-0.024,-0.186,9.718,11.39
1427413989751,37.523037,139.94489,12,-0.005,-0.139,9.486,11.29
1427413989851,37.523029,139.944888,12,0.057,-0.076,9.491,11.192
1427413989947,37.523022,139.944885,12,0.087,-0.071,9.338,11.099
1427413990048,37.523014,139.944883,12,0.11,-0.131,9.542,11.002
1427413990148,37.523004,139.94488,12,0.086,-0.191,9.814,11.048
1427413990249,37.522994,139.944876,12,0.082,-0.211,9.975,11.098
1427413990350,37.522984,139.944873,12,0.06,-0.2,10.023,11.148
1427413990451,37.522974,139.94487,12,0.02,-0.164,9.744,11.198
1427413990551,37.522964,139.944866,12,-0.015,-0.136,9.653,11.248
1427413990647,37.522954,139.944863,12,0.018,-0.163,9.559,11.296
1427413990748,37.522944,139.944859,12,0.065,-0.183,9.613,11.347
1427413990848,37.522934,139.944856,12,0.066,-0.272,9.848,11.397
1427413990949,37.522923,139.944852,12,0.092,-0.304,9.832,11.448
1427413991050,37.522913,139.944849,11,0.133,-0.257,9.744,11.5
1427413991150,37.522901,139.944845,11,0.145,-0.216,9.592,11.475
1427413991251,37.522888,139.944841,11,0.167,-0.151,9.628,11.449
1427413991347,37.522876,139.944837,11,0.17,-0.156,9.563,11.425
1427413991447,37.522864,139.944833,11,0.175,-0.161,9.59,11.4
1427413991548,37.522851,139.944829,11,0.159,-0.158,9.732,11.375
1427413991649,37.522839,139.944826,11,0.147,-0.202,9.829,11.35
1427413991750,37.522827,139.944822,11,0.141,-0.188,9.867,11.324
1427413991850,37.522814,139.944818,11,0.044,-0.192,9.728,11.3
1427413991951,37.522802,139.944814,11,0.031,-0.14,9.462,11.275
1427413992047,37.52279,139.94481,11,0.034,-0.111,9.478,11.251
1427413992147,37.52278,139.944806,11,0.02,-0.145,9.55,11.201
1427413992248,37.522769,139.944801,11,0.033,-0.14,9.749,11.149
1427413992349,37.522759,139.944797,11,0.015,-0.165,9.687,11.098
1427413992450,37.522748,139.944792,11,0.042,-0.163,9.668,11.047
1427413992550,37.522738,139.944788,11,0.027,-0.14,9.75,10.997
1427413992651,37.522728,139.944783,11,0.026,-0.156,9.687,10.947
1427413992747,37.522718,139.944779,11,0.034,-0.162,9.759,10.899
1427413992847,37.522708,139.944775,11,0.015,-0.153,9.775,10.85
1427413995848,37.522403,139.944656,10,0.01,-0.152,9.769,10.5
1427413995949,37.522394,139.944653,10,0.001,-0.42,9.74,10.5
1427413996050,37.522384,139.944649,13,-0.047,-0.676,9.684,10.5
1427413996151,37.522375,139.944651,13,-0.05,-0.845,9.674,10.422
1427413996251,37.522366,139.944652,13,-0.075,-0.914,9.698,10.345
1427413996348,37.522357,139.944654,13,-0.077,-0.967,9.72,10.271
1427413996448,37.522348,139.944655,13,-0.035,-0.987,9.801,10.195
1427413996548,37.522339,139.944657,13,-0.032,-0.944,9.747,10.12
1427413996649,37.52233,139.944658,13,-0.034,-0.996,9.633,10.044
1427413996750,37.522321,139.94466,13,-0.035,-1.037,9.713,9.969
1427413996850,37.522312,139.944661,13,-0.041,-1.013,9.714,9.896
1427413996951,37.522304,139.944663,13,-0.032,-1.011,9.651,9.822
1427413997047,37.522295,139.944664,13,-0.041,-1.05,9.585,9.752
1427413997148,37.522287,139.944662,13,-0.057,-1.027,9.478,9.656
1427413997248,37.52228,139.94466,13,-0.064,-1.089,9.627,9.561
1427413997349,37.522272,139.944658,13,-0.061,-1.224,9.739,9.466
1427413997450,37.522264,139.944656,13,-0.115,-1.374,9.809,9.372
1427413997550,37.522257,139.944654,13,-0.173,-1.456,9.868,9.28
1427413997651,37.522249,139.944652,13,-0.133,-1.482,9.802,9.188
1427413997747,37.522242,139.944651,13,-0.137,-1.472,9.74,9.101
1427413997847,37.522235,139.944649,13,-0.105,-1.439,9.645,9.011
1427413997948,37.522228,139.944647,13,-0.072,-1.428,9.622,8.922
1427413998049,37.522221,139.944645,13,-0.022,-1.393,9.64,8.833
1427413998150,37.522213,139.944643,13,-0.039,-1.357,9.691,8.745
1427413998250,37.522206,139.944642,13,-0.079,-1.322,9.742,8.659
1427413998351,37.522199,139.94464,13,-0.071,-1.24,9.724,8.572
1427413998447,37.522193,139.944638,13,-0.034,-1.089,9.78,8.491
1427413998547,37.522186,139.944636,13,0.003,-0.934,9.701,8.408
1427413998648,37.522179,139.944635,13,0.023,-0.798,9.702,8.324
1427413998749,37.522173,139.944633,13,0.019,-0.714,9.683,8.241
1427413998850,37.522166,139.944631,13,0.003,-0.664,9.699,8.159
1427413998950,37.522159,139.94463,13,-0.062,-0.644,9.58,8.079
1427413999051,37.522153,139.944628,12,-0.101,-0.592,9.542,7.999
1427413999147,37.522147,139.944625,12,-0.112,-0.621,9.633,7.897
1427413999247,37.52214,139.944621,12,-0.114,-0.647,9.773,7.792
1427413999348,37.522134,139.944617,12,-0.092,-0.626,9.784,7.688
1427413999449,37.522127,139.944614,12,-0.121,-0.599,9.638,7.585
1427413999549,37.522121,139.94461,12,-0.114,-0.564,9.627,7.484
1427413999650,37.522115,139.944607,12,-0.111,-0.606,9.768,7.384
1427413999751,37.522109,139.944604,12,-0.069,-0.603,9.923,7.285
1427413999852,37.522103,139.9446,12,-0.085,-0.604,9.652,7.187
1427413999947,37.522097,139.944597,12,-0.126,-0.53,9.471,7.097
1427414000048,37.522091,139.944594,12,-0.13,-0.537,9.524,7.002
1427414000149,37.522085,139.944591,10,-0.143,-0.631,9.79,6.975
1427414000249,37.522078,139.944588,10,-0.112,-0.641,9.941,6.95
1427414000350,37.522072,139.944584,10,-0.113,-0.608,9.724,6.924
1427414000451,37.522065,139.944581,10,-0.129,-0.547,9.495,6.899
1427414000547,37.522059,139.944578,10,-0.107,-0.535,9.567,6.875
1427414000647,37.522053,139.944575,10,-0.112,-0.6,9.777,6.85
1427414000748,37.522047,139.944572,10,-0.117,-0.6,9.849,6.825
1427414000849,37.52204,139.944568,10,-0.163,-0.618,9.76,6.8
1427414000949,37.522034,139.944565,10,-0.219,-0.616,9.563,6.775
1427414001050,37.522028,139.944562,10,-0.196,-0.552,9.458,6.75
1427414001151,37.522023,139.944561,10,-0.157,-0.587,9.585,6.581
1427414001251,37.522018,139.94456,10,-0.121,-0.624,9.812,6.418
1427414001347,37.522014,139.944559,10,-0.12,-0.622,9.793,6.265
1427414001448,37.52201,139.944559,10,-0.171,-0.615,9.594,6.108
1427414001549,37.522005,139.944558,10,-0.231,-0.607,9.545,5.955
1427414001649,37.522001,139.944557,10,-0.274,-0.609,9.578,5.806
1427414001750,37.521997,139.944556,10,-0.262,-0.657,9.625,5.661
1427414001851,37.521993,139.944555,10,-0.202,-0.69,9.638,5.519
1427414001951,37.521989,139.944555,10,-0.164,-0.704,9.791,5.382
1427414002047,37.521985,139.944554,10,-0.156,-0.686,9.806,5.254
1427414002148,37.521982,139.944551,10,-0.185,-0.714,9.551,5.171
1427414002248,37.521978,139.944548,10,-0.216,-0.723,9.577,5.092
1427414002349,37.521975,139.944545,10,-0.206,-0.689,9.702,5.014
1427414002450,37.521972,139.944543,10,-0.193,-0.669,9.667,4.936
1427414002551,37.521968,139.94454,10,-0.14,-0.507,9.694,4.86
1427414002651,37.521965,139.944537,10,-0.121,-0.359,9.732,4.785
1427414002747,37.521962,139.944535,10,-0.153,-0.232,9.728,4.715
1427414002848,37.521959,139.944532,10,-0.168,-0.096,9.571,4.642
1427414002948,37.521956,139.94453,10,-0.181,-0.017,9.494,4.571
1427414003049,37.521953,139.944527,10,-0.201,-0.012,9.593,4.501
1427414003150,37.521949,139.944524,11,-0.154,0.013,9.621,4.474
1427414003250,37.521945,139.94452,11,-0.138,0.033,9.534,4.449
1427414003351,37.521942,139.944517,11,-0.159,0.032,9.568,4.423
1427414003447,37.521938,139.944514,11,-0.153,0.04,9.656,4.399
1427414003548,37.521934,139.944511,11,-0.169,0.026,9.705,4.374
1427414003648,37.521931,139.944508,11,-0.18,0.031,9.701,4.349
1427414003749,37.521927,139.944504,11,-0.172,0.053,9.562,4.324
1427414003850,37.521923,139.944501,11,-0.207,0.05,9.612,4.299
1427414003950,37.52192,139.944498,11,-0.207,-0.015,9.683,4.274
1427414004051,37.521916,139.944495,11,-0.269,-0.173,9.647,4.249
1427414004147,37.521914,139.944492,11,-0.313,-0.341,9.603,4.171
1427414004247,37.521911,139.944488,11,-0.359,-0.553,9.576,4.091
1427414004348,37.521909,139.944484,11,-0.459,-0.881,9.62,4.011
1427414004449,37.521907,139.944481,11,-0.563,-1.182,9.716,3.933
1427414004550,37.521904,139.944478,11,-0.633,-1.402,9.768,3.857
1427414004650,37.521902,139.944474,11,-0.67,-1.543,9.797,3.783
1427414004751,37.5219,139.944471,11,-0.601,-1.503,9.844,3.709
1427414004847,37.521898,139.944468,11,-0.523,-1.378,9.791,3.641
1427414004947,37.521896,139.944465,11,-0.44,-1.229,9.695,3.571
1427414005048,37.521894,139.944462,11,-0.379,-1.066,9.647,3.501
1427414005149,37.521891,139.944459,11,-0.362,-0.947,9.704,3.418
1427414005250,37.521889,139.944457,11,-0.345,-0.849,9.748,3.336
1427414005350,37.521886,139.944454,11,-0.375,-0.817,9.741,3.256
1427414005451,37.521883,139.944452,11,-0.422,-0.787,9.732,3.178
1427414005547,37.521881,139.944449,11,-0.441,-0.737,9.703,3.105
1427414005647,37.521878,139.944447,11,-0.452,-0.701,9.715,3.031
1427414005748,37.521876,139.944445,11,-0.425,-0.684,9.748,2.958
1427414005849,37.521874,139.944442,11,-0.397,-0.692,9.688,2.886
1427414005949,37.521871,139.94444,11,-0.382,-0.737,9.591,2.818
1427414006050,37.521869,139.944438,11,-0.359,-0.668,9.721,2.75
1427414006151,37.521865,139.944437,11,-0.297,-0.484,9.845,2.724
1427414006252,37.521862,139.944435,11,-0.257,-0.227,9.822,2.698
1427414006347,37.521858,139.944434,11,-0.249,-0.07,9.603,2.673
1427414006448,37.521855,139.944433,11,-0.256,0.051,9.437,2.648
1427414006549,37.521851,139.944431,11,-0.241,0.089,9.442,2.622
1427414006649,37.521848,139.94443,11,-0.235,0.099,9.654,2.597
1427414006750,37.521844,139.944429,11,-0.227,0.073,9.775,2.572
1427414006851,37.521841,139.944427,11,-0.229,0.092,9.716,2.548
1427414006947,37.521837,139.944426,11,-0.236,0.13,9.583,2.525
1427414007047,37.521834,139.944425,11,-0.234,0.151,9.554,2.501
1427414007148,37.521833,139.944425,11,-0.234,0.117,9.646,2.341
1427414007249,37.521833,139.944425,11,-0.221,0.072,9.725,2.185
1427414007349,37.521833,139.944425,11,-0.221,0.07,9.677,2.039
1427414007450,37.521832,139.944425,11,-0.27,-0.063,9.492,1.9
1427414007551,37.521832,139.944424,11,-0.339,-0.309,9.409,1.77
1427414007651,37.521831,139.944424,11,-0.431,-0.752,9.4,1.649
1427414007747,37.521831,139.944424,11,-0.51,-1.24,9.503,1.541
1427414007848,37.521831,139.944424,11,-0.546,-1.697,9.738,1.435
1427414007949,37.52183,139.944424,11,-0.506,-1.928,10.002,1.338
1427414008049,37.52183,139.944424,11,-0.424,-1.829,10.147,1.251
1427414008150,37.521828,139.944424,10,-0.288,-1.086,10.293,1.189
1427414008251,37.521826,139.944424,10,-0.272,-0.412,9.895,1.129
1427414008351,37.521824,139.944425,10,-0.326,-0.019,9.31,1.073
1427414008447,37.521822,139.944425,10,-0.352,0.193,9.071,1.022
1427414008548,37.52182,139.944425,10,-0.307,0.247,9.263,0.97
1427414008648,37.521818,139.944425,10,-0.204,0.241,9.679,0.921
1427414008749,37.521816,139.944425,10,-0.143,0.202,9.93,0.874
1427414008850,37.521815,139.944426,10,-0.162,0.223,9.828,0.83
1427414008951,37.521813,139.944426,10,-0.223,0.414,9.656,0.788
1427414009051,37.521812,139.944426,10,-0.258,0.618,9.538,0.749
1427414009147,37.521812,139.944425,10,-0.26,0.492,9.399,0.68
1427414009248,37.521813,139.944424,10,-0.2,0.295,9.508,0.611
1427414009348,37.521813,139.944424,10,-0.141,0.112,9.743,0.549
1427414009449,37.521813,139.944423,10,-0.157,0.07,9.899,0.491
1427414009550,37.521813,139.944422,10,-0.246,0.077,9.779,0.438
1427414009650,37.521813,139.944422,10,-0.301,0.161,9.621,0.39
1427414009751,37.521814,139.944421,10,-0.273,0.286,9.589,0.347
1427414009847,37.521814,139.944421,10,-0.242,0.249,9.574,0.311
1427414101844,37.518876,139.941981,5,-0.243,0.245,9.574,10.101
1427414101849,37.518875,139.94198,5,-0.242,0.247,9.579,10.099
1427414101949,37.518868,139.941972,5,-0.166,0.132,9.577,10.049
1427414102050,37.518861,139.941964,5,-0.155,0.003,9.377,10.0
1427414102151,37.518855,139.941955,5,-0.161,-0.013,9.619,10.0
1427414102251,37.518849,139.941947,5,-0.163,-0.116,9.664,10.0
1427414102347,37.518844,139.941938,5,-0.236,-0.137,9.733,10.0
1427414102448,37.518838,139.941929,5,-0.232,-0.106,9.758,10.0
1427414102549,37.518832,139.941921,5,-0.262,-0.173,9.622,10.0
1427414102649,37.518826,139.941912,5,-0.389,-0.104,9.633,10.0
1427414102750,37.51882,139.941903,5,-0.438,-0.05,9.616,10.0
1427414102851,37.518815,139.941894,5,-0.485,-0.081,9.636,10.0
1427414102952,37.518809,139.941886,5,-0.535,-0.103,9.814,10.0
1427414103047,37.518803,139.941877,5,-0.551,-0.074,9.838,10.0
1427414103148,37.518799,139.941868,6,-0.558,-0.088,9.609,9.95
1427414103249,37.518795,139.941859,6,-0.581,-0.162,9.507,9.898
1427414103349,37.518791,139.94185,6,-0.664,-0.196,9.474,9.848
1427414103450,37.518786,139.94184,6,-0.698,-0.231,9.612,9.797
1427414103551,37.518782,139.941831,6,-0.638,-0.319,9.865,9.746
1427414103651,37.518778,139.941822,6,-0.596,-0.392,10.064,9.696
1427414103747,37.518774,139.941814,6,-0.586,-0.43,9.782,9.649
1427414103848,37.51877,139.941805,6,-0.536,-0.432,9.557,9.599
1427414103948,37.518766,139.941796,6,-0.521,-0.474,9.485,9.55
1427414104049,37.518762,139.941787,6,-0.494,-0.499,9.454,9.5
1427414104150,37.518756,139.941779,6,-0.441,-0.468,9.58,9.475
1427414104251,37.518751,139.941771,6,-0.463,-0.425,9.628,9.449
1427414104351,37.518745,139.941764,6,-0.555,-0.396,9.685,9.424
1427414104447,37.51874,139.941756,6,-0.619,-0.398,9.684,9.4
1427414104548,37.518734,139.941748,6,-0.654,-0.441,9.477,9.375
1427414104648,37.518729,139.941741,6,-0.65,-0.432,9.472,9.35
1427414104749,37.518723,139.941733,6,-0.665,-0.439,9.673,9.325
1427414104850,37.518718,139.941725,6,-0.675,-0.459,9.615,9.299
1427414104950,37.518712,139.941718,6,-0.657,-0.446,9.571,9.275
1427414105051,37.518707,139.94171,6,-0.637,-0.434,9.545,9.249
1427414105147,37.518701,139.941704,6,-0.574,-0.43,9.607,9.148
1427414105248,37.518695,139.941699,6,-0.626,-0.405,9.66,9.043
1427414105348,37.51869,139.941693,6,-0.631,-0.431,9.748,8.94
1427414105449,37.518684,139.941687,6,-0.568,-0.501,9.898,8.837
1427414105550,37.518678,139.941682,6,-0.519,-0.472,9.918,8.736
1427414105650,37.518673,139.941676,6,-0.492,-0.411,9.679,8.636
1427414105751,37.518667,139.941671,6,-0.445,-0.406,9.524,8.537
1427414105847,37.518662,139.941666,6,-0.455,-0.403,9.486,8.444
1427414105947,37.518656,139.94166,6,-0.434,-0.426,9.539,8.348
1427414106048,37.518651,139.941655,6,-0.404,-0.408,9.563,8.252
1427414106149,37.518646,139.941648,6,-0.32,-0.44,9.654,8.225
1427414106250,37.518641,139.941641,6,-0.314,-0.439,9.61,8.199
1427414106350,37.518636,139.941634,6,-0.331,-0.399,9.636,8.174
1427414106451,37.518632,139.941627,6,-0.287,-0.33,9.629,8.149
1427414106547,37.518627,139.941621,6,-0.267,-0.309,9.598,8.125
1427414106647,37.518622,139.941614,6,-0.261,-0.311,9.533,8.1
1427414106748,37.518617,139.941607,6,-0.227,-0.323,9.615,8.075
1427414106849,37.518613,139.9416,6,-0.146,-0.327,9.722,8.05
1427414106950,37.518608,139.941594,6,-0.098,-0.333,9.561,8.025
1427414107050,37.518603,139.941587,6,-0.034,-0.348,9.465,8.0
1427414107151,37.518598,139.941581,6,0.021,-0.41,9.48,7.974
1427414107247,37.518593,139.941575,6,0.054,-0.514,9.601,7.95
1427414107347,37.518588,139.941569,6,0.028,-0.603,9.708,7.925
1427414107448,37.518583,139.941563,6,0.003,-0.649,9.785,7.9
1427414107549,37.518577,139.941557,6,-0.013,-0.711,9.803,7.874
1427414107649,37.518572,139.941551,6,0.016,-0.72,9.743,7.849
1427414107750,37.518567,139.941545,6,0.018,-0.722,9.692,7.824
1427414107851,37.518562,139.941539,6,-0.05,-0.679,9.564,7.799
1427414107947,37.518557,139.941533,6,-0.148,-0.652,9.459,7.775
1427414108047,37.518552,139.941527,6,-0.155,-0.639,9.564,7.751
1427414108148,37.518546,139.94152,7,-0.154,-0.706,9.635,7.646
1427414108249,37.518541,139.941513,7,-0.15,-0.734,9.778,7.54
1427414108349,37.518535,139.941506,7,-0.158,-0.763,9.765,7.437
1427414108450,37.51853,139.941499,7,-0.151,-0.725,9.577,7.333
1427414108551,37.518525,139.941492,7,-0.141,-0.707,9.513,7.232
1427414108651,37.518519,139.941485,7,-0.174,-0.697,9.595,7.132
1427414108747,37.518514,139.941479,7,-0.183,-0.754,9.784,7.038
1427414108848,37.518509,139.941472,7,-0.117,-0.78,9.917,6.941
1427414108949,37.518504,139.941465,7,0.008,-0.678,9.967,6.845
1427414109049,37.518499,139.941459,7,0.063,-0.485,9.784,6.751
1427414109150,37.518495,139.941453,7,0.031,-0.313,9.655,6.671
1427414109251,37.518491,139.941447,7,-0.075,-0.203,9.43,6.592
1427414109351,37.518487,139.941441,7,-0.149,-0.132,9.412,6.515
1427414109447,37.518483,139.941436,7,-0.196,-0.133,9.476,6.442
1427414109548,37.518479,139.94143,7,-0.214,-0.134,9.518,6.365
1427414109649,37.518475,139.941424,7,-0.18,-0.157,9.685,6.29
1427414109749,37.518471,139.941418,7,-0.114,-0.22,9.874,6.216
1427414109850,37.518467,139.941413,7,-0.096,-0.199,9.842,6.143
1427414109951,37.518464,139.941407,7,-0.141,-0.146,9.562,6.07
1427414110051,37.51846,139.941402,5,-0.198,-0.119,9.542,5.999
1427414110147,37.518458,139.941397,5,-0.201,-0.095,9.741,5.95
1427414110248,37.518455,139.941391,5,-0.239,-0.111,9.762,5.898
1427414110348,37.518453,139.941386,5,-0.219,-0.135,9.633,5.846
1427414110449,37.518451,139.94138,5,-0.217,-0.17,9.425,5.795
1427414110550,37.518448,139.941375,5,-0.198,-0.2,9.375,5.745
1427414110650,37.518446,139.94137,5,-0.178,-0.286,9.544,5.695
1427414110751,37.518444,139.941364,5,-0.2,-0.404,9.718,5.645
1427414110847,37.518442,139.941359,5,-0.225,-0.496,9.797,5.598
1427414110948,37.518439,139.941354,5,-0.251,-0.58,9.706,5.549
1427414111048,37.518437,139.941349,5,-0.279,-0.646,9.644,5.501
1427414111149,37.518434,139.941343,5,-0.325,-0.688,9.667,5.448
1427414111250,37.518432,139.941337,5,-0.363,-0.721,9.662,5.396
1427414111350,37.518429,139.941332,5,-0.449,-0.775,9.597,5.345
1427414111451,37.518426,139.941326,5,-0.45,-0.756,9.555,5.294
1427414111547,37.518424,139.94132,5,-0.415,-0.796,9.621,5.246
1427414111648,37.518421,139.941315,5,-0.392,-0.861,9.616,5.195
1427414111748,37.518419,139.941309,5,-0.359,-0.833,9.446,5.146
1427414111849,37.518416,139.941304,5,-0.339,-0.786,9.511,5.097
1427414111950,37.518413,139.941298,5,-0.323,-0.734,9.701,5.048
1427414112050,37.518411,139.941293,5,-0.327,-0.645,9.742,5.0
1427414112151,37.518409,139.941289,5,-0.317,-0.502,9.544,4.919
1427414112247,37.518407,139.941285,5,-0.286,-0.453,9.614,4.843
1427414112347,37.518406,139.941281,5,-0.216,-0.426,9.505,4.765
1427414112448,37.518404,139.941277,5,-0.233,-0.461,9.599,4.687
1427414112549,37.518402,139.941273,5,-0.23,-0.554,10.02,4.611
1427414112649,37.5184,139.94127,5,-0.234,-0.627,10.034,4.536
1427414112750,37.518399,139.941266,5,-0.246,-0.639,9.7,4.462
1427414112851,37.518397,139.941262,5,-0.25,-0.604,9.515,4.39
1427414112947,37.518396,139.941259,5,-0.244,-0.639,9.579,4.322
1427414113047,37.518394,139.941255,5,-0.251,-0.686,9.593,4.252
1427414113148,37.518394,139.94125,6,-0.273,-0.677,9.578,4.14
1427414113249,37.518394,139.941246,6,-0.325,-0.67,9.722,4.03
1427414113350,37.518395,139.941241,6,-0.366,-0.621,9.706,3.922
1427414113450,37.518395,139.941237,6,-0.386,-0.634,9.547,3.818
1427414113551,37.518395,139.941233,6,-0.392,-0.687,9.659,3.716
1427414113647,37.518395,139.941229,6,-0.341,-0.71,9.763,3.621
1427414113747,37.518395,139.941225,6,-0.301,-0.718,9.607,3.525
1427414113848,37.518396,139.941221,6,-0.289,-0.743,9.567,3.431
1427414113949,37.518396,139.941217,6,-0.29,-0.775,9.741,3.339
1427414114049,37.518396,139.941213,6,-0.321,-0.805,9.818,3.251
1427414114150,37.518394,139.94121,6,-0.368,-0.753,9.689,3.25
1427414114251,37.518392,139.941207,6,-0.42,-0.688,9.501,3.25
1427414114347,37.51839,139.941204,6,-0.459,-0.707,9.481,3.25
1427414114447,37.518388,139.9412,6,-0.454,-0.807,9.647,3.25
1427414114548,37.518386,139.941197,6,-0.435,-0.96,9.831,3.25
1427414114649,37.518384,139.941194,6,-0.41,-1.063,9.761,3.25
1427414114749,37.518382,139.941191,6,-0.418,-1.17,9.565,3.25
1427414114850,37.51838,139.941187,6,-0.449,-1.269,9.531,3.25
1427414114951,37.518378,139.941184,6,-0.459,-1.349,9.64,3.25
1427414115051,37.518376,139.941181,6,-0.506,-1.416,9.753,3.25
1427414115147,37.518374,139.941179,6,-0.562,-1.482,9.697,3.225
1427414115248,37.518371,139.941176,6,-0.607,-1.484,9.648,3.199
1427414115349,37.518369,139.941174,6,-0.598,-1.485,9.619,3.173
1427414115449,37.518367,139.941171,6,-0.548,-1.5,9.614,3.148
1427414115550,37.518364,139.941169,6,-0.482,-1.516,9.664,3.123
1427414115651,37.518362,139.941166,6,-0.438,-1.556,9.688,3.097
1427414115751,37.51836,139.941164,6,-0.439,-1.584,9.639,3.073
1427414115848,37.518358,139.941162,6,-0.456,-1.59,9.604,3.049
1427414115948,37.518355,139.941159,6,-0.517,-1.603,9.655,3.025
1427414116048,37.518353,139.941157,6,-0.526,-1.577,9.702,3.0
1427414116149,37.518352,139.941156,7,-0.439,-1.221,9.871,2.883
1427414116250,37.518351,139.941155,7,-0.301,-0.58,9.995,2.768
1427414116351,37.51835,139.941154,7,-0.228,-0.191,9.693,2.657
1427414116451,37.518349,139.941153,7,-0.17,0.037,9.349,2.551
1427414116547,37.518348,139.941153,7,-0.182,0.13,9.293,2.453
1427414116648,37.518347,139.941152,7,-0.203,0.126,9.529,2.354
1427414116748,37.518346,139.941151,7,-0.209,0.106,9.802,2.26
1427414116849,37.518345,139.94115,7,-0.199,0.107,9.82,2.169
1427414116950,37.518344,139.94115,7,-0.186,0.155,9.632,2.082
1427414117050,37.518343,139.941149,9,-0.191,0.185,9.52,2.0
1427414117151,37.518341,139.941149,9,-0.201,0.182,9.605,2.0
1427414117247,37.518339,139.941148,9,-0.198,0.152,9.741,2.0
1427414117348,37.518337,139.941148,9,-0.18,0.14,9.752,2.0
1427414117448,37.518335,139.941147,9,-0.154,0.151,9.637,2.0
1427414117549,37.518334,139.941147,9,-0.156,0.138,9.572,2.0
1427414117650,37.518332,139.941147,9,-0.179,0.121,9.652,2.0
1427414117750,37.51833,139.941146,9,-0.221,0.013,9.63,2.0
1427414117851,37.518328,139.941146,9,-0.282,-0.21,9.577,2.0
1427414117947,37.518326,139.941145,9,-0.245,-0.153,9.784,2.0
1427414118048,37.518324,139.941145,9,-0.212,0.011,9.842,2.0
1427414118148,37.518326,139.941146,9,-0.179,0.07,9.618,1.627
1427414118249,37.518328,139.941146,9,-0.148,0.11,9.49,1.283
1427414118350,37.518329,139.941147,9,-0.165,0.119,9.614,0.98
1427414118450,37.51833,139.941148,9,-0.192,0.061,9.744,0.72
1427414118551,37.518332,139.941148,9,-0.211,-0.01,9.714,0.498
1427414118647,37.518332,139.941148,9,-0.216,-0.008,9.658,0.325
1427414118747,37.518333,139.941149,9,-0.214,0.064,9.664,0.184
1427414118848,37.518334,139.941149,9,-0.202,0.109,9.634,0.082
1427414118949,37.518334,139.941149,9,-0.19,0.077,9.586,0.02
1427414148844,37.518218,139.94094,5,-0.177,0.044,9.681,4.642
1427414180845,37.515668,139.941919,7,-0.18,0.044,9.68,9.301
1427414187848,37.515183,139.942089,6,-0.18,0.046,9.682,6.848
1427414187949,37.515178,139.942092,6,-0.067,-0.186,9.618,6.799
1427414188050,37.515173,139.942095,6,-0.017,-0.362,9.596,6.75
1427414188150,37.515168,139.942099,6,0.001,-0.519,9.683,6.698
1427414188251,37.515163,139.942102,6,0.022,-0.575,9.746,6.646
1427414188347,37.515158,139.942106,6,0.05,-0.619,9.626,6.597
1427414188447,37.515153,139.942109,6,0.054,-0.616,9.615,6.547
1427414188548,37.515149,139.942113,6,0.073,-0.625,9.678,6.496
1427414188649,37.515144,139.942116,6,0.062,-0.649,9.654,6.446
1427414188750,37.515139,139.94212,6,0.075,-0.628,9.692,6.396
1427414188850,37.515134,139.942123,6,0.065,-0.629,9.557,6.347
1427414188951,37.51513,139.942127,6,0.03,-0.617,9.516,6.298
1427414189047,37.515125,139.94213,6,-0.013,-0.639,9.702,6.251
1427414189147,37.51512,139.942131,6,-0.006,-0.657,9.77,6.173
1427414189248,37.515115,139.942133,6,0.008,-0.642,9.741,6.094
1427414189349,37.515111,139.942134,6,0.048,-0.596,9.604,6.016
1427414189449,37.515106,139.942136,6,0.059,-0.534,9.538,5.939
1427414189550,37.515101,139.942137,6,0.058,-0.475,9.635,5.863
1427414189651,37.515097,139.942139,6,0.057,-0.442,9.709,5.788
1427414189747,37.515092,139.94214,6,0.058,-0.39,9.705,5.717
1427414189847,37.515088,139.942141,6,0.053,-0.317,9.652,5.645
1427414189948,37.515083,139.942143,6,0.067,-0.247,9.536,5.572
1427414190049,37.515079,139.942144,6,0.041,-0.232,9.569,5.501
1427414190149,37.515073,139.942145,6,0.041,-0.199,9.631,5.5
1427414190250,37.515067,139.942146,6,0.026,-0.199,9.703,5.5
1427414190351,37.515062,139.942147,6,0.054,-0.181,9.695,5.5
1427414190451,37.515056,139.942148,6,0.058,-0.17,9.628,5.5
1427414190547,37.51505,139.942148,6,0.062,-0.16,9.55,5.5
1427414190648,37.515044,139.942149,6,0.056,-0.15,9.566,5.5
1427414190749,37.515038,139.94215,6,0.044,-0.168,9.636,5.5
1427414190849,37.515033,139.942151,6,0.005,-0.206,9.692,5.5
1427414190950,37.515027,139.942152,6,-0.009,-0.211,9.671,5.5
1427414191051,37.515021,139.942153,6,-0.019,-0.223,9.607,5.498
1427414191151,37.515019,139.942153,6,0.004,-0.194,9.628,5.327
1427414191247,37.515017,139.942152,6,0.024,-0.233,9.652,5.167
1427414191348,37.515014,139.942152,6,0.038,-0.249,9.663,5.003
1427414191449,37.515012,139.942151,6,0.035,-0.24,9.619,4.845
1427414191549,37.51501,139.942151,6,-0.038,-0.241,9.619,4.692
1427414191650,37.515008,139.94215,6,-0.079,-0.267,9.616,4.543
1427414191751,37.515006,139.94215,6,-0.082,-0.321,9.664,4.399
1427414191851,37.515004,139.94215,6,-0.042,-0.349,9.698,4.261
1427414191947,37.515003,139.942149,6,-0.021,-0.387,9.598,4.133
1427414192048,37.515001,139.942149,6,0.017,-0.386,9.564,4.003
1427414192149,37.514998,139.94215,6,0.006,-0.436,9.63,3.948
1427414192249,37.514994,139.94215,6,-0.032,-0.452,9.733,3.895
1427414192350,37.514991,139.942151,6,-0.058,-0.458,9.702,3.843
1427414192451,37.514987,139.942151,6,-0.085,-0.451,9.646,3.791
1427414192551,37.514984,139.942152,6,-0.079,-0.442,9.58,3.741
1427414192647,37.514981,139.942152,6,-0.079,-0.493,9.617,3.693
1427414192748,37.514978,139.942153,6,-0.074,-0.469,9.789,3.644
1427414192848,37.514974,139.942153,6,-0.012,-0.289,9.807,3.596
1427414192949,37.514971,139.942154,6,0.013,-0.126,9.676,3.547
1427414193050,37.514968,139.942154,5,0.014,-0.007,9.515,3.5
1427414193151,37.514965,139.942156,5,0.015,0.041,9.478,3.416
1427414193251,37.514963,139.942157,5,0.01,0.035,9.649,3.335
1427414193347,37.51496,139.942159,5,0.025,0.038,9.747,3.258
1427414193448,37.514958,139.94216,5,0.01,0.045,9.717,3.18
1427414193548,37.514955,139.942162,5,0.017,0.078,9.585,3.104
1427414193649,37.514953,139.942163,5,0.028,0.073,9.518,3.029
1427414193750,37.514951,139.942165,5,0.04,0.042,9.685,2.956
1427414193850,37.514948,139.942166,5,0.052,0.038,9.73,2.886
1427414193951,37.514946,139.942168,5,0.03,0.028,9.617,2.816
1427414194047,37.514944,139.942169,5,0.018,0.022,9.558,2.752
1427414194147,37.514942,139.94217,5,0.013,-0.014,9.586,2.725
1427414194248,37.514941,139.942171,5,0.011,-0.05,9.665,2.699
1427414194349,37.514939,139.942172,5,0.017,-0.08,9.729,2.673
1427414194450,37.514937,139.942173,5,0.036,-0.06,9.656,2.647
1427414194550,37.514936,139.942174,5,0.021,-0.041,9.542,2.622
1427414194651,37.514934,139.942175,5,-0.005,-0.054,9.591,2.597
1427414194747,37.514933,139.942175,5,0.003,-0.066,9.666,2.573
1427414194847,37.514931,139.942176,5,0.013,-0.091,9.663,2.549
1427414194948,37.51493,139.942177,5,0.018,-0.104,9.685,2.524
1427414195049,37.514928,139.942178,5,0.024,-0.103,9.663,2.5
1427414195150,37.514924,139.942179,6,0.023,-0.085,9.599,2.445
1427414195250,37.514921,139.94218,6,0.016,-0.067,9.676,2.391
1427414195351,37.514917,139.942181,6,0.012,-0.103,9.666,2.338
1427414195447,37.514914,139.942182,6,0.0,-0.176,9.549,2.288
1427414195547,37.51491,139.942183,6,-0.009,-0.248,9.582,2.238
1427414195648,37.514907,139.942184,6,-0.047,-0.33,9.721,2.188
1427414195749,37.514903,139.942184,6,-0.066,-0.405,9.723,2.139
1427414195849,37.5149,139.942185,6,-0.088,-0.5,9.612,2.092
1427414195950,37.514897,139.942186,6,-0.122,-0.584,9.595,2.045
1427414196051,37.514894,139.942187,6,-0.116,-0.657,9.639,2.0
1427414196147,37.514892,139.942188,6,-0.119,-0.747,9.66,1.974
1427414196247,37.51489,139.942189,6,-0.12,-0.822,9.682,1.948
1427414196348,37.514888,139.94219,6,-0.105,-0.862,9.644,1.922
1427414196449,37.514887,139.942192,6,-0.137,-0.903,9.614,1.896
1427414196549,37.514885,139.942193,6,-0.171,-0.935,9.636,1.871
1427414196650,37.514883,139.942194,6,-0.163,-0.955,9.653,1.846
1427414196751,37.514881,139.942195,6,-0.183,-0.979,9.647,1.821
1427414196847,37.514879,139.942196,6,-0.192,-1.005,9.625,1.798
1427414196947,37.514878,139.942197,6,-0.184,-1.019,9.614,1.774
1427414197048,37.514876,139.942198,6,-0.166,-1.009,9.63,1.75
1427414197149,37.514876,139.942198,4,-0.16,-0.992,9.658,1.615
1427414197249,37.514875,139.942198,4,-0.08,-0.692,9.83,1.487
1427414197350,37.514875,139.942198,4,-0.008,-0.307,9.824,1.366
1427414197451,37.514875,139.942198,4,-0.015,-0.054,9.588,1.253
1427414197552,37.514874,139.942198,4,-0.029,0.089,9.415,1.148
1427414197647,37.514874,139.942198,4,-0.039,0.128,9.46,1.057
1427414197748,37.514874,139.942198,4,0.001,0.155,9.678,0.968
1427414197849,37.514873,139.942198,4,0.031,0.144,9.768,0.887
1427414197949,37.514873,139.942198,4,0.056,0.165,9.672,0.815
1427414198050,37.514873,139.942198,4,0.07,0.201,9.546,0.75
1427414198151,37.514874,139.942199,4,0.035,0.209,9.59,0.606
1427414198251,37.514874,139.942199,4,0.026,0.214,9.715,0.479
1427414198347,37.514875,139.9422,4,0.041,0.212,9.748,0.371
1427414198448,37.514876,139.9422,4,0.126,0.197,9.608,0.272
1427414198548,37.514876,139.9422,4,0.088,0.194,9.518,0.189
1427414198649,37.514876,139.942201,4,0.088,0.204,9.573,0.121
1427414198750,37.514877,139.942201,4,0.054,0.274,9.689,0.068
1427414298844,37.506134,139.941608,12,0.1,0.495,9.766,8.351
1427414298849,37.506133,139.941608,12,0.101,0.503,9.767,8.348
1427414298949,37.506125,139.941609,12,0.04,0.202,9.751,8.299
1427414299050,37.506116,139.941609,12,0.011,-0.074,9.754,8.25
1427414299151,37.506108,139.941609,12,-0.056,-0.222,9.714,8.224
1427414299251,37.506101,139.941609,12,-0.066,-0.226,9.503,8.199
1427414299347,37.506094,139.941609,12,-0.05,-0.258,9.413,8.175
1427414299448,37.506086,139.941609,12,-0.03,-0.311,9.662,8.15
1427414299549,37.506079,139.941609,12,-0.045,-0.368,9.886,8.124
1427414299649,37.506071,139.941608,12,-0.031,-0.374,9.796,8.099
1427414299750,37.506064,139.941608,12,-0.025,-0.339,9.587,8.074
1427414299851,37.506057,139.941608,12,-0.051,-0.347,9.65,8.049
1427414299951,37.506049,139.941608,12,-0.044,-0.313,9.637,8.024
1427414300047,37.506042,139.941608,12,-0.062,-0.308,9.496,8.001
1427414300148,37.506034,139.941606,13,-0.034,-0.314,9.515,7.95
1427414300248,37.506027,139.941604,13,-0.008,-0.349,9.712,7.898
1427414300349,37.506019,139.941602,13,-0.024,-0.342,9.776,7.847
1427414300450,37.506011,139.9416,13,0.0,-0.306,9.634,7.796
1427414300551,37.506004,139.941598,13,0.012,-0.281,9.477,7.745
1427414300647,37.505997,139.941596,13,-0.013,-0.314,9.613,7.698
1427414300747,37.505989,139.941594,13,-0.021,-0.3,9.718,7.648
1427414300848,37.505982,139.941592,13,-0.01,-0.329,9.602,7.598
1427414300948,37.505974,139.94159,13,0.047,-0.315,9.552,7.55
1427414301049,37.505967,139.941588,13,0.053,-0.356,9.728,7.5
1427414301150,37.505961,139.941587,13,0.046,-0.389,9.757,7.394
1427414301250,37.505956,139.941587,13,0.046,-0.414,9.582,7.289
1427414301351,37.50595,139.941586,13,0.025,-0.448,9.474,7.184
1427414301447,37.505945,139.941585,13,0.018,-0.498,9.655,7.086
1427414301548,37.505939,139.941584,13,0.012,-0.534,9.767,6.984
1427414301648,37.505934,139.941584,13,0.018,-0.503,9.657,6.885
1427414301749,37.505928,139.941583,13,0.014,-0.526,9.424,6.786
1427414301850,37.505923,139.941582,13,0.021,-0.564,9.597,6.689
1427414301950,37.505918,139.941582,13,-0.002,-0.621,9.83,6.594
1427414302051,37.505913,139.941581,11,-0.04,-0.626,9.729,6.499
1427414302147,37.505908,139.941582,11,-0.108,-0.696,9.499,6.45
1427414302248,37.505903,139.941583,11,-0.12,-0.775,9.58,6.398
1427414302348,37.505898,139.941584,11,-0.101,-0.873,9.702,6.347
1427414302449,37.505893,139.941585,11,-0.096,-0.984,9.639,6.296
1427414302550,37.505888,139.941586,11,-0.074,-0.991,9.602,6.245
1427414302650,37.505883,139.941586,11,-0.073,-1.004,9.546,6.195
1427414302751,37.505878,139.941587,11,-0.062,-1.078,9.568,6.145
1427414302847,37.505873,139.941588,11,-0.012,-1.134,9.866,6.098
1427414302947,37.505868,139.941589,11,-0.016,-1.169,9.888,6.05
1427414303048,37.505863,139.94159,11,-0.01,-1.125,9.635,6.001
1427414303149,37.505859,139.94159,10,0.005,-1.056,9.446,5.893
1427414303250,37.505854,139.94159,10,-0.012,-1.075,9.553,5.785
1427414303350,37.50585,139.94159,10,-0.024,-1.111,9.717,5.681
1427414303451,37.505845,139.94159,10,-0.061,-1.095,9.844,5.577
1427414303547,37.505841,139.94159,10,-0.093,-1.041,9.678,5.48
1427414303647,37.505837,139.94159,10,-0.14,-1.013,9.413,5.381
1427414303748,37.505833,139.94159,10,-0.161,-0.941,9.318,5.283
1427414303849,37.505829,139.94159,10,-0.142,-0.885,9.486,5.186
1427414303950,37.505825,139.94159,10,-0.117,-0.872,9.752,5.092
1427414304050,37.505821,139.94159,11,-0.054,-0.7,9.892,5.0
1427414304151,37.505818,139.94159,11,-0.038,-0.514,9.898,4.858
1427414304247,37.505815,139.94159,11,-0.058,-0.363,9.734,4.726
1427414304347,37.505812,139.941589,11,-0.067,-0.243,9.41,4.591
1427414304448,37.505809,139.941589,11,-0.051,-0.21,9.322,4.46
1427414304549,37.505806,139.941589,11,-0.053,-0.253,9.539,4.332
1427414304649,37.505803,139.941589,11,-0.077,-0.331,9.781,4.208
1427414304750,37.505801,139.941589,11,-0.109,-0.47,9.783,4.088
1427414304851,37.505798,139.941588,11,-0.14,-0.563,9.698,3.97
1427414304952,37.505795,139.941588,11,-0.154,-0.598,9.444,3.857
1427414305047,37.505793,139.941588,11,-0.152,-0.602,9.416,3.753
1427414305148,37.50579,139.941587,11,-0.21,-0.675,9.55,3.669
1427414305249,37.505787,139.941586,11,-0.238,-0.738,9.658,3.587
1427414305349,37.505785,139.941585,11,-0.19,-0.79,9.804,3.508
1427414305450,37.505782,139.941585,11,-0.123,-0.842,9.695,3.43
1427414305551,37.505779,139.941584,11,-0.084,-0.874,9.521,3.353
1427414305651,37.505777,139.941583,11,-0.075,-0.874,9.556,3.279
1427414305747,37.505774,139.941582,11,-0.092,-0.888,9.73,3.21
1427414305848,37.505772,139.941581,11,-0.132,-0.893,9.813,3.138
1427414305949,37.505769,139.941581,11,-0.141,-0.857,9.671,3.068
1427414306049,37.505767,139.94158,11,-0.134,-0.814,9.561,3.001
1427414306150,37.505766,139.941579,11,-0.137,-0.799,9.576,2.882
1427414306251,37.505765,139.941578,11,-0.145,-0.757,9.642,2.767
1427414306351,37.505765,139.941577,11,-0.137,-0.613,9.674,2.657
1427414306447,37.505764,139.941576,11,-0.106,-0.446,9.635,2.555
1427414306548,37.505763,139.941575,11,-0.079,-0.348,9.569,2.452
1427414306648,37.505762,139.941574,11,-0.036,-0.287,9.54,2.354
1427414306749,37.505762,139.941573,11,0.03,-0.255,9.579,2.259
1427414306850,37.505761,139.941572,11,0.064,-0.258,9.658,2.168
1427414306951,37.505761,139.941571,11,0.069,-0.226,9.655,2.081
1427414307051,37.50576,139.94157,11,0.042,-0.192,9.647,1.999
1427414307147,37.50576,139.941569,11,-0.03,-0.186,9.658,1.912
1427414307248,37.50576,139.941568,11,-0.062,-0.203,9.604,1.824
1427414307348,37.50576,139.941567,11,-0.008,-0.213,9.573,1.74
1427414307449,37.50576,139.941566,11,0.056,-0.239,9.634,1.659
1427414307550,37.505759,139.941565,11,0.077,-0.25,9.676,1.582
1427414307651,37.505759,139.941564,11,0.053,-0.25,9.624,1.508
1427414307751,37.505759,139.941563,11,-0.001,-0.233,9.608,1.438
1427414307847,37.505759,139.941562,11,-0.028,-0.215,9.633,1.374
1427414307948,37.505759,139.941562,11,-0.006,-0.219,9.645,1.311
1427414308048,37.505759,139.941561,11,0.064,-0.229,9.624,1.251
1427414308149,37.505758,139.941561,10,0.156,-0.209,9.616,1.189
1427414308250,37.505757,139.941562,10,0.173,-0.211,9.62,1.13
1427414308350,37.505757,139.941562,10,0.115,-0.216,9.649,1.074
1427414308451,37.505756,139.941562,10,0.028,-0.206,9.653,1.019
1427414308547,37.505755,139.941563,10,-0.031,-0.186,9.63,0.97
1427414308647,37.505754,139.941563,10,-0.019,-0.178,9.615,0.921
1427414308748,37.505754,139.941563,10,0.066,-0.18,9.633,0.875
1427414308849,37.505753,139.941564,10,0.132,-0.197,9.647,0.83
1427414308950,37.505753,139.941564,10,0.146,-0.207,9.635,0.789
1427414309050,37.505752,139.941564,10,0.113,-0.205,9.616,0.75
1427414309151,37.505751,139.941564,10,0.043,-0.202,9.626,0.677
1427414309247,37.505751,139.941564,10,0.004,-0.194,9.643,0.612
1427414309347,37.50575,139.941564,10,0.015,-0.174,9.656,0.549
1427414309448,37.50575,139.941564,10,0.063,-0.141,9.657,0.491
1427414309549,37.50575,139.941564,10,0.113,-0.035,9.692,0.438
1427414309649,37.505749,139.941564,10,0.147,0.101,9.681,0.39
1427414309750,37.505749,139.941564,10,0.141,0.204,9.611,0.348
1427414404844,37.500375,139.943177,6,0.142,0.276,9.574,8.649
1427414404849,37.500375,139.943177,6,0.14,0.273,9.576,8.646
1427414404950,37.500368,139.943179,6,0.167,-0.072,9.633,8.572
1427414405050,37.500362,139.943181,7,0.167,-0.305,9.661,8.5
1427414405151,37.500356,139.94318,7,0.186,-0.426,9.807,8.421
1427414405247,37.500351,139.943179,7,0.197,-0.472,9.627,8.347
1427414405347,37.500345,139.943178,7,0.152,-0.45,9.345,8.27
1427414405448,37.500339,139.943177,7,0.131,-0.452,9.317,8.193
1427414405549,37.500333,139.943176,7,0.173,-0.447,9.291,8.117
1427414405650,37.500328,139.943175,7,0.13,-0.449,8.945,8.042
1427414405750,37.500322,139.943175,7,0.112,-0.525,9.386,7.968
1427414405851,37.500317,139.943174,7,0.068,-0.621,10.011,7.894
1427414405947,37.500312,139.943173,7,0.038,-0.662,10.195,7.824
1427414406047,37.500306,139.943172,7,0.01,-0.629,9.84,7.752
1427414406148,37.500299,139.943173,7,-0.014,-0.549,9.502,7.7
1427414406249,37.500293,139.943174,7,-0.024,-0.518,9.554,7.648
1427414406349,37.500286,139.943175,7,0.01,-0.459,9.68,7.597
1427414406450,37.500279,139.943176,7,-0.047,-0.465,9.417,7.546
1427414406551,37.500273,139.943177,7,-0.112,-0.487,9.259,7.495
1427414406651,37.500266,139.943178,7,-0.062,-0.464,9.629,7.446
1427414406747,37.50026,139.943179,7,-0.023,-0.348,10.014,7.398
1427414406848,37.500254,139.94318,7,-0.028,-0.206,9.927,7.348
1427414406949,37.500247,139.943181,7,-0.002,-0.091,9.561,7.299
1427414407049,37.500241,139.943182,7,0.01,-0.018,9.374,7.25
1427414407150,37.500234,139.943184,6,0.019,-0.016,9.461,7.322
1427414407251,37.500227,139.943186,6,0.033,-0.009,9.608,7.395
1427414407351,37.500219,139.943188,6,0.051,0.009,9.606,7.468
1427414407447,37.500212,139.94319,6,0.069,0.026,9.532,7.539
1427414407548,37.500205,139.943192,6,0.019,0.001,9.581,7.614
1427414407648,37.500197,139.943194,6,-0.057,-0.053,9.705,7.69
1427414407749,37.500189,139.943196,6,-0.1,-0.163,9.666,7.766
1427414407850,37.500182,139.943198,6,-0.108,-0.263,9.615,7.844
1427414407951,37.500174,139.9432,6,-0.12,-0.368,9.771,7.922
1427414408051,37.500166,139.943202,8,-0.132,-0.427,9.771,7.999
1427414408147,37.500158,139.943205,8,-0.133,-0.453,9.657,7.924
1427414408248,37.50015,139.943208,8,-0.161,-0.467,9.479,7.846
1427414408348,37.500143,139.943211,8,-0.177,-0.518,9.333,7.769
1427414408449,37.500135,139.943214,8,-0.203,-0.623,9.397,7.692
1427414408550,37.500127,139.943216,8,-0.206,-0.736,9.575,7.616
1427414408651,37.500119,139.943219,8,-0.227,-0.839,9.663,7.54
1427414408751,37.500112,139.943222,8,-0.175,-0.905,9.638,7.467
1427414408847,37.500105,139.943225,8,-0.109,-0.948,9.616,7.396
1427414408948,37.500097,139.943227,8,-0.055,-0.988,9.56,7.323
1427414409048,37.50009,139.94323,8,-0.024,-0.975,9.639,7.251
1427414409149,37.500085,139.943231,8,-0.061,-1.012,9.625,7.172
1427414409250,37.500079,139.943233,8,-0.041,-1.013,9.54,7.093
1427414409351,37.500074,139.943234,8,-0.032,-1.028,9.588,7.016
1427414409451,37.500069,139.943236,8,0.013,-1.027,9.638,6.939
1427414409547,37.500064,139.943237,8,0.024,-1.057,9.682,6.867
1427414409648,37.500059,139.943239,8,-0.001,-1.125,9.602,6.792
1427414409748,37.500054,139.94324,8,-0.034,-1.194,9.554,6.718
1427414409849,37.500049,139.943241,8,-0.076,-1.335,9.594,6.644
1427414409950,37.500044,139.943243,8,-0.103,-1.431,9.583,6.571
1427414410050,37.500039,139.943244,8,-0.128,-1.476,9.667,6.5
1427414410151,37.500037,139.943243,8,-0.09,-1.513,9.706,6.331
1427414410247,37.500035,139.943242,8,-0.098,-1.515,9.641,6.174
1427414410347,37.500033,139.94324,8,-0.079,-1.513,9.559,6.014
1427414410448,37.500031,139.943239,8,-0.065,-1.528,9.618,5.856
1427414410549,37.500029,139.943238,8,-0.073,-1.535,9.69,5.703
1427414410650,37.500028,139.943237,8,-0.14,-1.54,9.625,5.553
1427414410750,37.500026,139.943236,8,-0.179,-1.532,9.57,5.409
1427414410851,37.500024,139.943235,8,-0.167,-1.524,9.585,5.267
1427414410947,37.500023,139.943234,8,-0.155,-1.536,9.632,5.136
1427414411047,37.500021,139.943233,8,-0.107,-1.417,9.775,5.004
1427414411148,37.500019,139.943233,8,-0.017,-1.078,9.847,4.83
1427414411249,37.500017,139.943232,8,0.026,-0.671,9.839,4.659
1427414411350,37.500016,139.943232,8,0.061,-0.339,9.6,4.494
1427414411450,37.500014,139.943232,8,0.105,-0.112,9.322,4.336
1427414411551,37.500012,139.943231,8,0.123,-0.014,9.298,4.182
1427414411647,37.500011,139.943231,8,0.141,0.015,9.529,4.041
1427414411747,37.500009,139.943231,8,0.11,-0.015,9.792,3.899
1427414411848,37.500008,139.943231,8,0.175,0.019,9.82,3.76
1427414411949,37.500006,139.94323,8,0.144,0.1,9.638,3.627
1427414412049,37.500005,139.94323,8,0.142,0.213,9.606,3.501
1427414412150,37.500002,139.943232,6,0.2,0.3,9.645,3.474
1427414412251,37.499999,139.943234,6,0.136,0.375,9.677,3.448
1427414412347,37.499996,139.943236,6,0.204,0.423,9.645,3.424
1427414412447,37.499994,139.943238,6,0.247,0.605,9.64,3.399
1427414412548,37.499991,139.94324,6,0.186,0.727,9.63,3.373
1427414412649,37.499988,139.943242,6,0.165,0.724,9.555,3.348
1427414412749,37.499985,139.943243,6,0.164,0.722,9.6,3.323
1427414449845,37.496916,139.942962,8,0.202,0.837,9.782,10.149
1427414449850,37.496916,139.942962,8,0.197,0.837,9.803,10.146
1427414449951,37.496909,139.942956,8,0.096,0.291,10.112,10.072
1427414450047,37.496902,139.94295,8,0.097,-0.157,10.079,10.002
1427414450147,37.496892,139.942949,8,0.103,-0.26,9.825,10.024
1427414450248,37.496882,139.942948,8,0.053,-0.344,9.358,10.049
1427414450349,37.496872,139.942947,8,0.006,-0.282,9.372,10.074
1427414450449,37.496862,139.942946,8,0.01,-0.405,9.423,10.099
1427414450550,37.496851,139.942945,8,0.001,-0.483,9.597,10.124
1427414450651,37.496841,139.942943,8,0.037,-0.447,9.777,10.15
1427414450752,37.496831,139.942942,8,0.1,-0.459,9.598,10.175
1427414450847,37.496821,139.942941,8,0.124,-0.512,9.409,10.199
1427414450948,37.496811,139.94294,8,0.078,-0.481,9.527,10.224
1427414451049,37.4968,139.942939,8,0.01,-0.488,9.655,10.25
1427414451149,37.49679,139.942939,8,0.023,-0.478,9.759,10.25
1427414451250,37.49678,139.942938,8,0.07,-0.439,9.919,10.25
1427414451351,37.496769,139.942938,8,0.087,-0.416,9.886,10.25
1427414451451,37.496759,139.942937,8,0.131,-0.398,9.725,10.25
1427414451547,37.496749,139.942937,8,0.175,-0.394,9.75,10.25
1427414451648,37.496739,139.942937,8,0.125,-0.399,9.747,10.25
1427414451749,37.496729,139.942936,8,0.089,-0.385,9.759,10.25
1427414451849,37.496719,139.942936,8,0.053,-0.345,9.926,10.25
1427414451950,37.496708,139.942935,8,-0.032,-0.371,9.751,10.25
1427414452051,37.496698,139.942935,9,-0.053,-0.406,9.51,10.25
1427414452151,37.496687,139.942936,9,0.048,-0.429,9.605,10.275
1427414452247,37.496677,139.942936,9,0.095,-0.344,9.859,10.299
1427414452348,37.496665,139.942937,9,0.11,-0.218,9.78,10.324
1427414452448,37.496655,139.942938,9,0.124,-0.172,9.539,10.349
1427414452549,37.496643,139.942938,9,0.098,-0.077,9.473,10.374
1427414452650,37.496632,139.942939,9,0.047,-0.0,9.433,10.399
1427414452751,37.496621,139.94294,9,0.078,0.026,9.598,10.425
1427414452851,37.49661,139.942941,9,0.066,-0.008,9.786,10.45
1427414452947,37.496599,139.942941,9,0.058,0.006,9.646,10.474
1427414453048,37.496588,139.942942,9,0.042,0.052,9.536,10.499
1427414453148,37.496581,139.942938,9,0.036,0.049,9.554,10.371
1427414453249,37.496574,139.942934,9,-0.002,0.034,9.63,10.239
1427414453350,37.496567,139.942931,9,-0.034,0.037,9.577,10.108
1427414453451,37.49656,139.942927,9,-0.018,0.033,9.661,9.98
1427414453551,37.496553,139.942923,9,-0.014,-0.025,9.754,9.854
1427414453647,37.496546,139.94292,9,-0.019,-0.093,9.578,9.735
1427414453748,37.49654,139.942916,9,0.003,-0.185,9.563,9.611
1427414453848,37.496533,139.942913,9,0.005,-0.273,9.592,9.49
1427414453949,37.496526,139.942909,9,-0.009,-0.337,9.597,9.369
1427414454050,37.49652,139.942906,9,-0.005,-0.404,9.64,9.25
1427414454150,37.496512,139.942904,9,-0.009,-0.419,9.636,9.199
1427414454251,37.496503,139.942903,9,-0.016,-0.466,9.59,9.147
1427414454347,37.496495,139.942901,9,0.026,-0.487,9.636,9.099
1427414454448,37.496487,139.942899,9,0.055,-0.507,9.646,9.048
1427414454548,37.496479,139.942897,9,0.012,-0.506,9.65,8.998
1427414454649,37.496471,139.942896,9,-0.022,-0.482,9.515,8.947
1427414454750,37.496463,139.942894,9,-0.027,-0.48,9.577,8.897
1427414454850,37.496455,139.942892,9,-0.039,-0.48,9.627,8.848
1427414454951,37.496447,139.942891,9,-0.08,-0.478,9.592,8.798
1427414455047,37.496439,139.942889,9,-0.054,-0.489,9.633,8.751
1427414455147,37.496433,139.942888,7,-0.084,-0.572,9.732,8.674
1427414455248,37.496427,139.942888,7,-0.105,-0.652,9.615,8.596
1427414455349,37.496421,139.942887,7,-0.139,-0.709,9.494,8.519
1427414455450,37.496415,139.942886,7,-0.142,-0.772,9.606,8.442
1427414455550,37.496409,139.942885,7,-0.087,-0.794,9.644,8.367
1427414455651,37.496403,139.942885,7,-0.071,-0.807,9.612,8.291
1427414455747,37.496397,139.942884,7,-0.083,-0.81,9.611,8.22
1427414455847,37.496392,139.942883,7,-0.08,-0.856,9.698,8.147
1427414455948,37.496386,139.942883,7,-0.103,-0.827,9.72,8.073
1427414456049,37.49638,139.942882,7,-0.134,-0.829,9.588,8.001
1427414456149,37.496373,139.94288,7,-0.177,-0.844,9.659,7.895
1427414456250,37.496366,139.942878,7,-0.118,-0.824,9.573,7.789
1427414456351,37.496359,139.942876,7,-0.115,-0.804,9.599,7.685
1427414456447,37.496352,139.942874,7,-0.187,-0.83,9.699,7.587
1427414456547,37.496345,139.942872,7,-0.291,-0.822,9.725,7.486
1427414456648,37.496338,139.94287,7,-0.392,-0.789,9.518,7.386
1427414456749,37.496332,139.942868,7,-0.497,-0.742,9.377,7.287
1427414456849,37.496325,139.942867,7,-0.574,-0.724,9.421,7.19
1427414456950,37.496318,139.942865,7,-0.624,-0.781,9.608,7.094
1427414457051,37.496312,139.942863,5,-0.64,-0.795,9.803,6.999
1427414457152,37.496306,139.942862,5,-0.669,-0.835,9.82,6.92
1427414457247,37.4963,139.942861,5,-0.731,-0.85,9.573,6.846
1427414457348,37.496295,139.94286,5,-0.927,-0.942,9.411,6.768
1427414457449,37.496289,139.942859,5,-1.215,-1.036,9.498,6.691
1427414457549,37.496283,139.942858,5,-1.569,-1.101,9.676,6.615
1427414457650,37.496278,139.942857,5,-1.922,-1.185,9.728,6.54
1427414457751,37.496272,139.942856,5,-2.211,-1.22,9.566,6.465
1427414457851,37.496267,139.942855,5,-2.504,-1.234,9.461,6.392
1427414457947,37.496261,139.942854,5,-2.781,-1.247,9.368,6.323
1427414458048,37.496256,139.942853,5,-2.895,-1.278,9.295,6.251
1427414458148,37.496252,139.942849,9,-2.906,-1.308,9.653,6.144
1427414458249,37.496247,139.942845,9,-2.965,-1.154,9.844,6.037
1427414458350,37.496243,139.942841,9,-3.012,-0.982,9.728,5.932
1427414458451,37.496239,139.942837,9,-3.105,-0.854,9.353,5.828
1427414458551,37.496235,139.942833,9,-3.115,-0.77,9.059,5.727
1427414458647,37.496231,139.94283,9,-3.019,-0.779,9.123,5.632
1427414458748,37.496227,139.942826,9,-2.906,-0.885,9.617,5.534
1427414458849,37.496223,139.942822,9,-2.714,-0.85,9.733,5.437
1427414458949,37.496219,139.942819,9,-2.644,-0.876,9.515,5.343
1427414459050,37.496215,139.942815,9,-2.685,-0.865,9.516,5.25
1427414459151,37.496212,139.94282,9,-2.589,-0.869,9.19,5.041
1427414459251,37.496208,139.942824,9,-2.385,-0.933,9.083,4.842
1427414459347,37.496205,139.942829,9,-2.133,-0.968,9.317,4.657
1427414459448,37.496202,139.942833,9,-2.003,-0.978,9.602,4.47
1427414459548,37.496199,139.942837,9,-2.025,-0.953,9.755,4.291
1427414459649,37.496196,139.942841,9,-2.1,-0.938,9.584,4.118
1427414459750,37.496193,139.942845,9,-1.985,-0.889,9.338,3.952
1427414459851,37.496191,139.942848,9,-1.603,-0.73,9.171,3.792
1427414459951,37.496188,139.942852,9,-1.118,-0.603,9.039,3.642
1427414460047,37.496186,139.942855,9,-0.726,-0.582,9.432,3.504
1427414460148,37.496185,139.942859,6,-0.313,-0.641,10.325,3.524
1427414460248,37.496184,139.942864,6,-0.056,-0.573,10.336,3.548
1427414460349,37.496184,139.942868,6,0.058,-0.57,10.44,3.573
1427414460450,37.496183,139.942873,6,0.034,-0.432,9.965,3.598
1427414460550,37.496182,139.942877,6,-0.09,-0.357,9.775,3.623
1427414460651,37.496181,139.942882,6,-0.191,-0.267,9.67,3.648
1427414460747,37.49618,139.942886,6,-0.17,-0.085,9.358,3.672
1427414460847,37.49618,139.942891,6,-0.21,0.088,9.469,3.698
1427414467847,37.496173,139.943356,9,-0.214,0.091,9.489,6.145
1427414467947,37.496172,139.943362,9,-0.483,-0.277,9.57,6.073
1427414468048,37.496172,139.943368,9,-0.802,-0.62,9.455,6.001
1427414468149,37.496171,139.943375,7,-1.07,-0.841,9.478,5.949
1427414468250,37.49617,139.943382,7,-1.372,-0.99,9.738,5.897
1427414468350,37.496169,139.943388,7,-1.572,-1.054,9.749,5.845
1427414468451,37.496168,139.943395,7,-1.697,-1.089,9.579,5.794
1427414468547,37.496167,139.943402,7,-1.763,-1.098,9.335,5.746
1427414468647,37.496166,139.943408,7,-1.812,-1.12,9.344,5.696
1427414468748,37.496165,139.943415,7,-1.756,-1.144,9.503,5.646
1427414468849,37.496164,139.943421,7,-1.651,-1.098,9.61,5.597
1427414468949,37.496163,139.943428,7,-1.606,-0.997,9.698,5.549
1427414469050,37.496162,139.943434,7,-1.62,-0.87,9.753,5.5
1427414469151,37.496164,139.943439,7,-1.753,-0.755,9.533,5.359
1427414469247,37.496165,139.943444,7,-1.851,-0.728,9.391,5.228
1427414469347,37.496167,139.94345,7,-2.001,-0.756,9.474,5.095
1427414469448,37.496168,139.943455,7,-2.266,-0.999,10.062,4.964
1427414469549,37.49617,139.943459,7,-2.537,-1.122,10.292,4.836
1427414469649,37.496171,139.943464,7,-2.836,-1.085,9.428,4.713
1427414469750,37.496173,139.943469,7,-3.036,-0.972,8.89,4.591
1427414469851,37.496174,139.943473,7,-3.012,-0.977,9.097,4.473
1427414469947,37.496176,139.943478,7,-2.981,-1.076,9.641,4.364
1427414470047,37.496177,139.943482,7,-2.957,-1.138,9.708,4.253
1427414470148,37.496179,139.943486,6,-2.819,-1.108,9.11,4.17
1427414470249,37.496181,139.94349,6,-2.643,-1.217,9.628,4.089
1427414470349,37.496183,139.943493,6,-2.467,-1.357,10.131,4.011
1427414470450,37.496185,139.943497,6,-2.33,-1.348,10.01,3.933
1427414470551,37.496187,139.943501,6,-2.257,-1.262,9.41,3.856
1427414470651,37.496189,139.943504,6,-2.126,-1.018,8.687,3.782
1427414470747,37.496191,139.943508,6,-2.067,-1.106,9.054,3.712
1427414470848,37.496193,139.943511,6,-2.26,-1.125,9.751,3.64
1427414470949,37.496195,139.943515,6,-2.391,-1.073,9.742,3.569
1427414471049,37.496197,139.943518,6,-2.479,-1.042,9.3,3.501
1427414471150,37.496199,139.943516,7,-2.36,-0.897,9.421,3.385
1427414471251,37.496201,139.943515,7,-2.037,-0.499,9.492,3.272
1427414471351,37.496203,139.943513,7,-1.594,-0.302,9.293,3.164
1427414471447,37.496205,139.943512,7,-1.366,-0.091,9.622,3.063
1427414471548,37.496207,139.94351,7,-1.298,-0.073,9.9,2.96
1427414471648,37.496208,139.943509,7,-1.516,-0.104,9.747,2.862
1427414471749,37.49621,139.943508,7,-1.614,0.168,9.668,2.766
1427414471850,37.496212,139.943506,7,-1.568,0.3,9.265,2.673
1427414471951,37.496213,139.943505,7,-1.687,0.458,9.08,2.584
1427414472051,37.496215,139.943504,8,-1.752,0.64,9.279,2.5
1427414472147,37.496216,139.943503,8,-1.844,0.54,9.592,2.545
1427414472248,37.496217,139.943502,8,-2.006,0.595,9.493,2.592
1427414472348,37.496218,139.943501,8,-1.995,0.699,9.621,2.639
1427414472449,37.496218,139.943499,8,-1.92,0.587,9.55,2.689
1427414472550,37.496219,139.943498,8,-1.927,0.751,9.81,2.739
1427414472650,37.49622,139.943497,8,-1.849,0.699,9.157,2.789
1427414472751,37.496221,139.943496,8,-1.942,0.642,9.223,2.841
1427414472847,37.496222,139.943495,8,-2.028,0.441,9.444,2.891
1427414472948,37.496223,139.943493,8,-2.178,0.351,9.797,2.945
1427414473048,37.496224,139.943492,8,-2.351,0.217,9.903,2.999
1427414473149,37.496227,139.943491,8,-2.42,0.102,9.666,3.138
1427414473250,37.496231,139.943489,8,-2.426,0.07,9.376,3.287
1427414473350,37.496234,139.943488,8,-2.43,0.049,9.399,3.442
1427414473451,37.496238,139.943486,8,-2.409,0.001,9.395,3.607
1427414473547,37.496242,139.943485,8,-2.411,-0.058,9.455,3.771
1427414473647,37.496246,139.943483,8,-2.41,-0.103,9.747,3.95
1427414473748,37.49625,139.943481,8,-2.319,-0.098,9.605,4.138
1427414473849,37.496255,139.943479,8,-2.18,-0.001,9.426,4.335
1427414473950,37.496259,139.943477,8,-2.132,0.042,9.287,4.539
1427414474050,37.496264,139.943475,5,-2.269,0.0,9.423,4.75
1427414474151,37.496268,139.94347,5,-2.368,-0.132,9.605,4.75
1427414474247,37.496271,139.943466,5,-2.447,-0.127,9.637,4.75
1427414474347,37.496275,139.943461,5,-2.472,-0.033,9.343,4.75
1427414474448,37.496278,139.943456,5,-2.446,0.013,9.291,4.75
1427414474549,37.496282,139.943452,5,-2.388,-0.035,9.528,4.75
1427414474650,37.496286,139.943447,5,-2.297,-0.005,9.632,4.75
1427414474750,37.496289,139.943442,5,-2.185,0.012,9.621,4.75
1427414474851,37.496293,139.943437,5,-1.995,0.025,9.593,4.75
1427414474947,37.496296,139.943433,5,-1.924,0.071,9.459,4.75
1427414475047,37.4963,139.943428,5,-1.974,0.122,9.277,4.75
1427414475148,37.496302,139.943423,5,-2.048,0.07,9.172,4.725
1427414475249,37.496305,139.943418,5,-2.062,0.059,9.488,4.699
1427414475349,37.496307,139.943414,5,-2.025,0.064,9.77,4.674
1427414475450,37.496309,139.943409,5,-1.979,0.037,9.451,4.648
1427414475551,37.496312,139.943404,5,-1.947,0.107,9.265,4.623
1427414475647,37.496314,139.9434,5,-1.947,0.123,9.51,4.599
1427414475747,37.496316,139.943395,5,-1.923,0.08,9.58,4.574
1427414475848,37.496318,139.94339,5,-1.869,0.079,9.495,4.549
1427414475949,37.496321,139.943386,5,-1.872,0.111,9.583,4.525
1427414476049,37.496323,139.943381,5,-1.892,0.04,9.57,4.5
1427414476150,37.496325,139.943375,5,-1.913,-0.041,9.543,4.5
1427414476251,37.496326,139.94337,5,-1.981,-0.109,9.435,4.5
1427414476352,37.496328,139.943364,5,-2.052,-0.14,9.672,4.5
1427414476447,37.496329,139.943359,5,-2.128,-0.159,9.826,4.5
1427414476548,37.496331,139.943353,5,-2.24,-0.15,9.601,4.5
1427414476649,37.496333,139.943347,5,-2.338,-0.176,9.343,4.5
1427414476749,37.496334,139.943342,5,-2.436,-0.242,9.533,4.5
1427414476850,37.496336,139.943336,5,-2.535,-0.341,9.773,4.5
1427414476951,37.496337,139.943331,5,-2.574,-0.387,9.674,4.5
1427414477051,37.496339,139.943325,4,-2.571,-0.376,9.454,4.5
1427414477147,37.496338,139.94332,4,-2.546,-0.411,9.428,4.524
1427414477248,37.496337,139.943315,4,-2.53,-0.448,9.529,4.548
1427414477348,37.496337,139.94331,4,-2.525,-0.505,9.483,4.573
1427414477449,37.496336,139.943304,4,-2.645,-0.593,9.481,4.598
1427414477550,37.496335,139.943299,4,-2.758,-0.632,9.409,4.623
1427414477651,37.496334,139.943293,4,-2.877,-0.706,9.363,4.649
1427414477751,37.496333,139.943288,4,-2.974,-0.781,9.389,4.674
1427414477847,37.496333,139.943283,4,-2.986,-0.85,9.526,4.698
1427414477948,37.496332,139.943278,4,-2.905,-0.945,9.561,4.724
1427414478048,37.496331,139.943272,4,-2.733,-0.973,9.426,4.749
1427414478149,37.496327,139.94327,7,-2.466,-1.029,9.222,4.698
1427414478250,37.496322,139.943268,7,-2.225,-1.103,9.276,4.646
1427414478351,37.496318,139.943266,7,-2.018,-1.122,9.36,4.594
1427414478451,37.496314,139.943264,7,-1.775,-1.129,9.423,4.543
1427414478547,37.49631,139.943262,7,-1.573,-1.123,9.418,4.495
1427414478648,37.496306,139.94326,7,-1.375,-1.105,9.42,4.444
1427414478748,37.496302,139.943258,7,-1.165,-1.1,9.552,4.395
1427414478849,37.496298,139.943256,7,-0.942,-1.094,9.668,4.346
1427414478950,37.496294,139.943254,7,-0.683,-1.019,9.706,4.298
1427414479051,37.49629,139.943252,7,-0.492,-0.966,9.652,4.249
1427414479151,37.496286,139.943251,7,-0.422,-0.93,9.639,4.197
1427414479247,37.496283,139.94325,7,-0.399,-0.958,9.672,4.147
1427414479348,37.496279,139.943248,7,-0.337,-0.952,9.549,4.094
1427414479448,37.496276,139.943247,7,-0.22,-1.042,9.359,4.044
1427414479549,37.496273,139.943246,7,0.014,-1.121,9.314,3.993
1427414479650,37.496269,139.943245,7,0.248,-1.214,9.538,3.942
1427414479750,37.496266,139.943243,7,0.361,-1.3,9.766,3.893
1427414479851,37.496262,139.943242,7,0.379,-1.348,9.855,3.845
1427414479947,37.496259,139.943241,7,0.328,-1.406,9.686,3.799
1427414480048,37.496256,139.94324,7,0.351,-1.536,9.477,3.751
1427414480148,37.496253,139.94324,6,0.429,-1.675,9.483,3.725
1427414480249,37.49625,139.94324,6,0.485,-1.8,9.596,3.699
1427414480350,37.496247,139.94324,6,0.474,-1.922,9.737,3.673
1427414480450,37.496244,139.94324,6,0.429,-2.011,9.765,3.648
1427414480551,37.496241,139.943239,6,0.414,-2.063,9.668,3.623
1427414480647,37.496238,139.943239,6,0.461,-2.095,9.605,3.599
1427414480747,37.496235,139.943239,6,0.544,-2.146,9.608,3.574
1427414480848,37.496232,139.943239,6,0.628,-2.205,9.647,3.549
1427414480949,37.496229,139.943239,6,0.691,-2.278,9.637,3.524
1427414481050,37.496226,139.943239,6,0.687,-2.351,9.641,3.5
1427414481150,37.496223,139.943238,6,0.605,-1.969,9.93,3.417
1427414481251,37.496221,139.943238,6,0.365,-0.978,10.286,3.335
1427414481347,37.496218,139.943237,6,0.149,-0.137,9.969,3.258
1427414481447,37.496216,139.943237,6,0.115,0.194,9.204,3.181
1427414481548,37.496213,139.943236,6,0.207,0.239,8.843,3.104
1427414481649,37.496211,139.943236,6,0.257,0.211,9.129,3.029
1427414481749,37.496209,139.943235,6,0.243,0.129,9.618,2.957
1427414481850,37.496206,139.943235,6,0.1,0.03,9.947,2.886
1427414481951,37.496204,139.943234,6,-0.032,0.005,9.87,2.816
1427414482047,37.496202,139.943234,6,-0.061,-0.033,9.539,2.752
1427414482147,37.496203,139.943233,5,0.073,-0.099,9.362,2.242
1427414482248,37.496205,139.943231,5,0.276,-0.182,9.49,1.769
1427414482349,37.496206,139.94323,5,0.418,-0.251,9.702,1.351
1427414482449,37.496207,139.94323,5,0.387,-0.303,9.759,0.993
1427414482550,37.496208,139.943229,5,0.243,-0.3,9.669,0.688
1427414482651,37.496209,139.943228,5,0.134,-0.218,9.582,0.438
1427414482752,37.496209,139.943228,5,0.129,-0.102,9.596,0.244
1427414482847,37.49621,139.943227,5,0.169,0.01,9.657,0.113
1427414482948,37.49621,139.943227,5,0.186,0.093,9.631,0.029
1427414862844,37.496163,139.942843,10,0.224,-0.04,9.602,3.5
1427414862849,37.496163,139.942843,10,0.214,-0.045,9.601,3.5
1427414862949,37.496163,139.942839,10,-0.583,-0.19,9.66,3.5
1427414863050,37.496163,139.942835,10,-1.201,-0.271,9.678,3.5
1427414863151,37.496162,139.942831,10,-1.599,-0.294,9.574,3.5
1427414863252,37.496161,139.942827,10,-1.77,-0.357,9.483,3.5
1427414863347,37.49616,139.942824,10,-1.808,-0.212,9.751,3.5
1427414863448,37.496159,139.94282,10,-1.628,0.151,9.882,3.5
1427414863549,37.496158,139.942816,10,-1.434,0.351,9.486,3.5
1427414863649,37.496156,139.942812,10,-1.327,0.383,9.206,3.5
1427414863750,37.496155,139.942808,10,-1.397,0.397,9.339,3.5
1427414935847,37.489781,139.941237,18,-1.474,0.475,9.568,11.648
1427414935948,37.489768,139.941237,18,-0.938,0.279,9.528,11.574
1427414936048,37.489755,139.941237,18,-0.603,0.064,9.71,11.501
1427414936149,37.489744,139.941235,16,-0.418,0.001,9.769,11.475
1427414936250,37.489733,139.941233,16,-0.32,-0.037,9.686,11.45
1427414936350,37.489722,139.941231,16,-0.264,-0.016,9.581,11.424
1427414936451,37.489711,139.941229,16,-0.231,-0.043,9.494,11.399
1427414936547,37.489701,139.941227,16,-0.255,-0.043,9.517,11.375
1427414936648,37.48969,139.941224,16,-0.219,-0.088,9.612,11.35
1427414936748,37.489679,139.941222,16,-0.178,-0.144,9.675,11.325
1427414936849,37.489668,139.94122,16,-0.142,-0.2,9.673,11.3
1427414936950,37.489657,139.941218,16,-0.147,-0.304,9.665,11.275
1427414937050,37.489646,139.941216,10,-0.202,-0.346,9.565,11.25
1427414937151,37.489634,139.941214,10,-0.182,-0.362,9.541,11.198
1427414937247,37.489623,139.941212,10,-0.191,-0.44,9.838,11.15
1427414937347,37.489611,139.94121,10,-0.191,-0.555,9.881,11.099
1427414937448,37.4896,139.941208,10,-0.255,-0.688,9.788,11.048
1427414937549,37.489588,139.941205,10,-0.298,-0.745,9.758,10.998
1427414937650,37.489576,139.941203,10,-0.255,-0.722,9.521,10.947
1427414937750,37.489565,139.941201,10,-0.221,-0.696,9.373,10.898
1427414937851,37.489553,139.941199,10,-0.207,-0.714,9.307,10.848
1427414937947,37.489543,139.941197,10,-0.248,-0.775,9.057,10.8
1427414938047,37.489531,139.941195,10,-0.277,-0.91,9.302,10.751
1427414938148,37.489522,139.941191,9,-0.327,-1.044,9.798,10.725
1427414938249,37.489513,139.941188,9,-0.326,-1.133,10.03,10.7
1427414938350,37.489503,139.941184,9,-0.308,-1.134,9.826,10.674
1427414938450,37.489494,139.94118,9,-0.329,-1.127,9.688,10.649
1427414938551,37.489485,139.941176,9,-0.361,-1.148,9.552,10.624
1427414938647,37.489476,139.941173,9,-0.379,-1.194,9.549,10.6
1427414938747,37.489467,139.941169,9,-0.378,-1.215,9.314,10.575
1427414938848,37.489457,139.941165,9,-0.333,-1.292,9.328,10.55
1427414938949,37.489448,139.941162,9,-0.313,-1.304,9.486,10.525
1427414939049,37.489439,139.941158,9,-0.287,-1.393,9.836,10.5
1427414939150,37.489432,139.941156,8,-0.23,-1.396,9.788,10.311
1427414939251,37.489426,139.941153,8,-0.129,-1.425,9.72,10.123
1427414939352,37.489419,139.941151,8,-0.111,-1.408,9.57,9.938
1427414939447,37.489413,139.941149,8,-0.09,-1.402,9.638,9.767
1427414939548,37.489407,139.941147,8,-0.081,-1.401,9.676,9.589
1427414939649,37.489401,139.941144,8,-0.074,-1.413,9.758,9.414
1427414939749,37.489395,139.941142,8,-0.093,-1.415,9.776,9.243
1427414939850,37.489389,139.94114,8,-0.129,-1.365,9.493,9.075
1427414939951,37.489384,139.941138,8,-0.198,-1.307,9.401,8.909
1427414940051,37.489378,139.941136,7,-0.238,-1.307,9.567,8.748
1427414940147,37.489371,139.941135,7,-0.225,-1.289,9.479,8.592
1427414940248,37.489364,139.941133,7,-0.196,-1.305,9.439,8.431
1427414940349,37.489357,139.941132,7,-0.162,-1.335,9.562,8.272
1427414940449,37.48935,139.941131,7,-0.115,-1.191,9.798,8.118
1427414940550,37.489343,139.941129,7,-0.147,-0.991,9.784,7.965
1427414940651,37.489336,139.941128,7,-0.166,-0.847,9.672,7.815
1427414940751,37.48933,139.941127,7,-0.165,-0.742,9.559,7.669
1427414940847,37.489324,139.941125,7,-0.132,-0.715,9.651,7.532
1427414940948,37.489317,139.941124,7,-0.127,-0.715,9.697,7.39
1427414941048,37.489311,139.941123,7,-0.147,-0.704,9.53,7.253
1427414941149,37.489305,139.941122,6,-0.139,-0.73,9.499,7.116
1427414941250,37.4893,139.941121,6,-0.135,-0.83,9.591,6.981
1427414941351,37.489294,139.941121,6,-0.137,-0.946,9.559,6.849
1427414941451,37.489289,139.94112,6,-0.185,-1.09,9.503,6.72
1427414941547,37.489284,139.941119,6,-0.213,-1.202,9.554,6.599
1427414941648,37.489279,139.941119,6,-0.224,-1.314,9.677,6.474
1427414941748,37.489274,139.941118,6,-0.233,-1.383,9.724,6.353
1427414941849,37.489269,139.941117,6,-0.228,-1.418,9.766,6.232
1427414941950,37.489264,139.941117,6,-0.256,-1.4,9.711,6.114
1427414942050,37.489259,139.941116,7,-0.263,-1.36,9.544,6.0
1427414942151,37.489255,139.941115,7,-0.21,-1.203,9.496,5.891
1427414942247,37.489252,139.941114,7,-0.147,-1.091,9.538,5.789
1427414942348,37.489249,139.941113,7,-0.154,-1.04,9.553,5.683
1427414942448,37.489246,139.941111,7,-0.133,-1.008,9.502,5.58
1427414942549,37.489242,139.94111,7,-0.146,-1.018,9.73,5.478
1427414942650,37.489239,139.941109,7,-0.273,-0.962,9.552,5.378
1427414942750,37.489236,139.941108,7,-0.222,-0.982,9.558,5.281
1427414942851,37.489233,139.941107,7,-0.128,-1.053,9.804,5.185
1427414942947,37.48923,139.941106,7,-0.07,-1.001,9.603,5.095
1427414943048,37.489227,139.941105,7,-0.124,-1.006,9.435,5.002
1427414943148,37.489223,139.941104,7,-0.248,-1.028,9.608,4.921
1427414943249,37.489219,139.941104,7,-0.254,-1.043,9.728,4.841
1427414943350,37.489215,139.941103,7,-0.219,-1.077,9.737,4.762
1427414943450,37.489211,139.941102,7,-0.198,-1.065,9.509,4.685
1427414943547,37.489207,139.941101,7,-0.234,-1.043,9.484,4.612
1427414943647,37.489204,139.941101,7,-0.324,-1.063,9.515,4.538
1427414943747,37.4892,139.9411,7,-0.353,-1.1,9.632,4.464
1427414943848,37.489196,139.941099,7,-0.217,-1.091,9.758,4.392
1427414943949,37.489193,139.941099,7,-0.082,-0.961,9.775,4.32
1427414944050,37.489189,139.941098,8,-0.109,-0.735,9.653,4.25
1427414944150,37.489186,139.941098,8,-0.189,-0.537,9.509,4.138
1427414944251,37.489183,139.941098,8,-0.11,-0.501,9.478,4.028
1427414944347,37.489181,139.941098,8,0.033,-0.535,9.592,3.925
1427414944447,37.489178,139.941098,8,0.108,-0.704,9.631,3.821
1427414944548,37.489175,139.941098,8,0.009,-1.003,9.638,3.719
1427414944649,37.489173,139.941098,8,-0.198,-1.253,9.625,3.619
1427414944750,37.48917,139.941098,8,-0.397,-1.389,9.561,3.522
1427414944850,37.489168,139.941098,8,-0.476,-1.515,9.571,3.429
1427414944951,37.489165,139.941098,8,-0.446,-1.603,9.712,3.337
1427414945047,37.489163,139.941098,8,-0.338,-1.579,9.723,3.253
1427414945147,37.489163,139.941096,9,-0.221,-1.544,9.537,3.024
1427414945248,37.489164,139.941094,9,-0.13,-1.428,9.511,2.801
1427414945349,37.489164,139.941093,9,-0.126,-1.236,9.707,2.592
1427414945449,37.489164,139.941091,9,-0.115,-0.965,9.835,2.397
1427414945550,37.489164,139.94109,9,-0.132,-0.745,9.703,2.214
1427414945651,37.489164,139.941088,9,-0.154,-0.593,9.539,2.044
1427414945747,37.489165,139.941087,9,-0.108,-0.523,9.438,1.894
1427414945847,37.489165,139.941086,9,-0.045,-0.503,9.508,1.751
1427414945948,37.489165,139.941085,9,-0.015,-0.484,9.688,1.619
1427414946049,37.489165,139.941084,9,-0.031,-0.493,9.714,1.501
1427414946149,37.489164,139.941085,9,-0.076,-0.472,9.597,1.403
1427414946250,37.489162,139.941087,9,-0.085,-0.369,9.585,1.31
1427414946351,37.489161,139.941088,9,-0.027,-0.169,9.725,1.222
1427414946451,37.48916,139.941089,9,0.053,0.017,9.725,1.139
1427414946547,37.489159,139.94109,9,0.079,0.129,9.57,1.065
1427414946648,37.489158,139.941091,9,0.043,0.162,9.453,0.991
1427414946748,37.489157,139.941092,9,-0.006,0.158,9.514,0.924
1427414946850,37.489156,139.941093,9,-0.047,0.099,9.653,0.86
1427414946950,37.489155,139.941093,9,-0.01,0.034,9.677,0.802
1427414947051,37.489154,139.941094,9,0.042,0.041,9.634,0.749
1427414947151,37.489154,139.941093,9,0.048,0.109,9.611,0.606
1427414947247,37.489154,139.941092,9,0.042,0.137,9.575,0.484
1427414947348,37.489155,139.941091,9,0.021,0.145,9.593,0.37
1427414947448,37.489155,139.94109,9,0.011,0.162,9.641,0.272
1427414947549,37.489155,139.94109,9,0.017,0.154,9.633,0.188
1427414947650,37.489155,139.941089,9,0.03,0.141,9.597,0.12
1427414947751,37.489155,139.941089,9,0.045,0.132,9.572,0.067
1427414988845,37.48928,139.938541,7,0.046,0.125,9.612,9.051
1427415014847,37.489632,139.93569,5,0.042,0.118,9.609,10.05
1427415813850,37.490794,139.925395,5,-0.088,-0.246,10.16,8.0
1427415813950,37.490795,139.925386,5,0.045,-0.202,9.976,8.0
1427415814051,37.490796,139.925377,5,0.102,-0.22,9.895,8.0
1427415814147,37.490796,139.925369,5,0.042,-0.298,10.023,7.975
1427415814247,37.490797,139.92536,5,-0.006,-0.229,9.893,7.95
1427415814348,37.490798,139.925352,5,0.007,-0.244,9.819,7.925
1427415814449,37.490798,139.925344,5,-0.015,-0.23,9.74,7.899
1427415814549,37.490799,139.925335,5,-0.039,-0.173,9.563,7.874
1427415814651,37.490799,139.925327,5,-0.149,-0.028,9.142,7.849
1427415814751,37.4908,139.925319,5,-0.371,-0.128,9.028,7.824
1427415814847,37.4908,139.925311,5,-0.405,-0.129,9.301,7.8
1427415814947,37.4908,139.925302,5,-0.313,-0.189,10.341,7.775
1427415815048,37.490801,139.925294,5,-0.099,-0.293,10.614,7.75
1427415815149,37.490802,139.925285,5,-0.02,-0.224,10.047,7.725
1427415815249,37.490803,139.925277,5,-0.055,-0.122,9.433,7.7
1427415815350,37.490804,139.925268,5,-0.03,-0.06,9.177,7.674
1427415815451,37.490805,139.925259,5,-0.051,-0.019,9.161,7.649
1427415815552,37.490806,139.92525,5,-0.033,-0.077,9.118,7.623
1427415815647,37.490806,139.925242,5,0.027,-0.11,9.244,7.6
1427415815748,37.490807,139.925234,5,0.174,-0.211,9.824,7.575
1427415815849,37.490808,139.925225,5,0.204,-0.283,10.125,7.55
1427415815949,37.490809,139.925217,5,0.215,-0.259,9.775,7.525
1427415816050,37.49081,139.925208,5,0.189,-0.187,9.377,7.5
1427415816151,37.490811,139.9252,5,0.112,-0.14,9.371,7.474
1427415816251,37.490812,139.925193,5,0.039,-0.125,9.468,7.449
1427415816347,37.490813,139.925185,5,0.041,-0.184,9.647,7.425
1427415816448,37.490814,139.925177,5,0.1,-0.192,9.603,7.399
1427415816549,37.490815,139.92517,5,0.152,-0.143,9.453,7.374
1427415816649,37.490816,139.925162,5,0.156,-0.166,9.569,7.349
1427415816750,37.490817,139.925155,5,0.182,-0.192,9.392,7.324
1427415816851,37.490818,139.925147,5,0.152,-0.258,9.354,7.299
1427415816951,37.490819,139.925139,5,0.116,-0.474,9.068,7.274
1427415817047,37.49082,139.925132,5,0.011,-0.575,9.437,7.251
1427415817148,37.490821,139.925124,5,-0.154,-0.971,9.939,7.225
1427415817248,37.490822,139.925116,5,-0.196,-1.004,10.354,7.2
1427415817349,37.490824,139.925108,5,-0.192,-0.969,9.864,7.174
1427415817450,37.490825,139.9251,5,-0.281,-0.917,9.027,7.149
1427415817551,37.490826,139.925092,5,-0.34,-0.796,8.643,7.124
1427415817651,37.490827,139.925084,5,-0.266,-0.761,9.346,7.099
1427415817747,37.490828,139.925077,5,-0.168,-0.848,9.942,7.075
1427415817848,37.49083,139.925069,5,-0.151,-0.829,9.193,7.05
1427415817948,37.490831,139.925061,5,-0.193,-0.785,8.759,7.025
1427415818049,37.490832,139.925053,5,-0.159,-0.95,9.121,7.0
1427415818150,37.490832,139.925046,6,0.072,-0.974,9.986,6.921
1427415818250,37.490833,139.925039,6,0.187,-1.023,10.416,6.843
1427415818351,37.490833,139.925033,6,0.299,-1.02,10.212,6.765
1427415818447,37.490834,139.925026,6,0.409,-1.014,9.953,6.692
1427415818548,37.490834,139.92502,6,0.507,-1.039,9.882,6.616
1427415818648,37.490834,139.925013,6,0.479,-1.036,10.028,6.541
1427415818749,37.490835,139.925007,6,0.411,-0.741,9.408,6.467
1427415818850,37.490835,139.925,6,0.184,-0.416,9.295,6.393
1427415818950,37.490836,139.924994,6,0.014,-0.189,9.142,6.321
1427415819051,37.490836,139.924988,6,0.04,-0.094,9.087,6.249
1427415819147,37.490837,139.924982,6,0.088,-0.058,9.157,6.173
1427415819247,37.490838,139.924976,6,0.058,0.118,9.413,6.095
1427415819348,37.490839,139.92497,6,-0.117,0.504,9.588,6.016
1427415819449,37.49084,139.924964,6,-0.347,0.374,9.625,5.939
1427415819550,37.490841,139.924959,6,-0.475,0.411,9.914,5.863
1427415819650,37.490842,139.924953,6,-0.438,0.581,9.943,5.789
1427415819751,37.490843,139.924947,6,-0.433,0.773,9.681,5.714
1427415819847,37.490844,139.924942,6,-0.438,0.853,9.05,5.645
1427415848846,37.491115,139.922735,6,-0.431,0.862,9.03,6.55
1427415848851,37.491115,139.922734,6,-0.421,0.867,9.013,6.549
1427415848951,37.491117,139.922727,6,-0.25,0.481,9.083,6.524
1427415849047,37.491119,139.92272,6,-0.215,0.13,9.584,6.501
1427415849148,37.49112,139.922712,6,-0.231,-0.011,9.764,6.5
1427415849248,37.491122,139.922704,6,-0.246,-0.053,9.545,6.5
1427415849349,37.491123,139.922696,6,-0.198,-0.081,9.474,6.5
1427415849450,37.491125,139.922688,6,-0.112,-0.108,9.612,6.5
1427415849550,37.491126,139.922679,6,-0.035,-0.141,9.706,6.5
1427415849651,37.491127,139.922671,6,0.047,-0.14,9.414,6.5
1427415849747,37.491129,139.922664,6,0.052,-0.172,9.277,6.5
1427415849848,37.49113,139.922655,6,0.14,-0.261,9.304,6.5
1427415849948,37.491132,139.922647,6,0.178,-0.289,9.301,6.5
1427415850049,37.491133,139.922639,6,0.412,-0.159,8.785,6.5
1427415850150,37.491134,139.922631,6,0.653,-0.132,9.018,6.475
1427415850251,37.491135,139.922623,6,0.609,-0.235,9.832,6.449
1427415850351,37.491135,139.922616,6,0.518,-0.43,10.415,6.424
1427415850447,37.491136,139.922608,6,0.552,-0.521,10.207,6.4
1427415850548,37.491137,139.9226,6,0.514,-0.413,9.658,6.374
1427415850648,37.491138,139.922593,6,0.397,-0.287,9.123,6.349
1427415850749,37.491139,139.922585,6,0.116,-0.19,9.28,6.324
1427415850850,37.491139,139.922577,6,0.086,-0.264,9.882,6.299
1427415850950,37.49114,139.92257,6,0.073,-0.259,9.93,6.275
1427415851051,37.491141,139.922562,8,0.022,-0.151,9.399,6.249
1427415851147,37.491141,139.922556,8,-0.116,-0.139,9.272,6.2
1427415851247,37.491141,139.92255,8,-0.237,-0.243,9.64,6.148
1427415851348,37.491141,139.922544,8,-0.293,-0.224,10.014,6.097
1427415851449,37.491141,139.922538,8,-0.394,-0.155,9.8,6.046
1427415851550,37.491142,139.922532,8,-0.361,-0.067,9.384,5.995
1427415851650,37.491142,139.922527,8,-0.235,-0.047,9.278,5.945
1427415851751,37.491142,139.922521,8,-0.215,-0.141,9.571,5.895
1427415851847,37.491142,139.922515,8,-0.102,-0.175,9.82,5.848
1427415851947,37.491142,139.92251,8,-0.034,-0.21,9.908,5.8
1427415852048,37.491142,139.922504,8,-0.103,-0.098,9.526,5.751
1427415852149,37.491143,139.922498,8,-0.226,-0.096,9.195,5.75
1427415852249,37.491144,139.922493,8,-0.43,-0.075,9.516,5.75
1427415852350,37.491145,139.922487,8,-0.363,-0.045,9.32,5.75
1427415852451,37.491146,139.922481,8,-0.221,-0.043,9.206,5.75
1427415852547,37.491147,139.922476,8,-0.038,-0.127,9.322,5.75
1427415852647,37.491148,139.92247,8,-0.003,-0.278,9.936,5.75
1427415852748,37.491149,139.922464,8,-0.011,-0.308,10.109,5.75
1427415852849,37.49115,139.922458,8,-0.211,-0.241,9.716,5.75
1427415852949,37.491151,139.922453,8,-0.419,-0.139,9.445,5.75
1427415853050,37.491152,139.922447,6,-0.587,-0.034,9.169,5.75
1427415853151,37.491153,139.922442,6,-0.607,0.022,9.013,5.697
1427415853252,37.491154,139.922436,6,-0.441,0.091,9.175,5.645
1427415853347,37.491154,139.922431,6,-0.118,0.076,9.314,5.597
1427415853448,37.491155,139.922426,6,0.127,0.083,9.498,5.546
1427415853549,37.491156,139.922421,6,0.191,0.026,9.616,5.495
1427415853649,37.491157,139.922416,6,0.072,-0.037,9.567,5.445
1427415853750,37.491158,139.922411,6,-0.064,-0.014,9.536,5.395
1427415855845,37.491174,139.922293,6,-0.163,0.029,9.524,5.025
1427415855850,37.491174,139.922292,6,-0.163,0.018,9.522,5.024
1427415855951,37.491175,139.922287,6,-0.107,-0.213,9.627,5.012
1427415856051,37.491176,139.922281,6,-0.032,-0.35,9.705,5.0
1427415856147,37.491177,139.922276,6,0.063,-0.463,9.56,4.975
1427415856248,37.491178,139.922272,6,0.131,-0.536,9.689,4.949
1427415856348,37.491178,139.922267,6,0.195,-0.542,9.802,4.924
1427415856449,37.491179,139.922262,6,0.171,-0.517,9.742,4.899
1427415856550,37.49118,139.922258,6,0.131,-0.394,9.744,4.873
1427415856650,37.491181,139.922253,6,0.034,-0.301,9.704,4.848
1427415856751,37.491182,139.922249,6,0.002,-0.18,9.47,4.823
1427415856847,37.491182,139.922244,6,0.025,-0.105,9.372,4.8
1427415856948,37.491183,139.92224,6,0.048,-0.04,9.419,4.775
1427415857048,37.491184,139.922235,6,0.021,-0.042,9.475,4.75
1427415857149,37.491185,139.92223,6,0.0,-0.035,9.304,4.725
1427415857250,37.491186,139.922226,6,0.025,-0.06,9.462,4.699
1427415857350,37.491186,139.922221,6,0.024,-0.095,9.483,4.674
1427415857451,37.491187,139.922217,6,0.081,-0.105,9.343,4.648
1427415857547,37.491188,139.922212,6,0.092,-0.173,9.418,4.624
1427415857647,37.491189,139.922208,6,0.056,-0.201,9.641,4.599
1427415857748,37.49119,139.922203,6,0.098,-0.244,9.701,4.574
1427415857849,37.49119,139.922199,6,0.18,-0.287,9.703,4.549
1427415857950,37.491191,139.922194,6,0.155,-0.276,9.698,4.524
1427415858050,37.491192,139.92219,6,0.143,-0.237,9.396,4.5
1427415858151,37.491192,139.922186,6,0.068,-0.286,9.327,4.418
1427415858247,37.491193,139.922182,6,-0.011,-0.335,9.588,4.341
1427415858347,37.491193,139.922177,6,-0.062,-0.405,9.616,4.263
1427415858448,37.491194,139.922173,6,-0.004,-0.467,9.589,4.185
1427415858549,37.491194,139.922169,6,0.098,-0.496,9.583,4.109
1427415858649,37.491194,139.922165,6,0.131,-0.542,9.511,4.034
1427415858750,37.491195,139.922161,6,0.122,-0.621,9.5,3.961
1427415858851,37.491195,139.922157,6,0.081,-0.711,9.537,3.888
1427415858947,37.491196,139.922154,6,0.11,-0.724,9.617,3.821
1427415859047,37.491196,139.92215,6,0.132,-0.759,9.648,3.752
1427415859148,37.491197,139.922145,7,0.11,-0.763,9.585,3.725
1427415859249,37.491199,139.922141,7,0.026,-0.776,9.561,3.699
1427415859349,37.4912,139.922136,7,-0.096,-0.765,9.456,3.673
1427415859450,37.491201,139.922132,7,-0.185,-0.758,9.481,3.648
1427415859551,37.491203,139.922127,7,-0.235,-0.777,9.512,3.623
1427415859652,37.491204,139.922123,7,-0.203,-0.781,9.52,3.597
1427415859747,37.491205,139.922118,7,-0.147,-0.804,9.528,3.574
1427415859848,37.491206,139.922114,7,-0.089,-0.834,9.501,3.549
1427415859949,37.491208,139.922109,7,-0.021,-0.826,9.494,3.524
1427415860049,37.491209,139.922105,7,0.024,-0.82,9.522,3.5
1427415860150,37.49121,139.922102,7,0.025,-0.842,9.604,3.417
1427415860251,37.491211,139.922098,7,-0.013,-0.867,9.695,3.335
1427415860352,37.491212,139.922095,7,-0.043,-0.877,9.622,3.255
1427415860447,37.491213,139.922092,7,-0.031,-0.855,9.55,3.181
1427415860548,37.491214,139.922089,7,-0.042,-0.814,9.475,3.104
1427415860649,37.491215,139.922086,7,-0.051,-0.784,9.476,3.029
1427415860749,37.491216,139.922083,7,-0.071,-0.761,9.521,2.957
1427415860850,37.491216,139.92208,7,-0.088,-0.776,9.533,2.886
1427415860951,37.491217,139.922078,7,-0.071,-0.742,9.611,2.816
1427415861051,37.491218,139.922075,7,-0.048,-0.696,9.572,2.749
1427415861147,37.491219,139.922073,7,-0.025,-0.653,9.476,2.634
1427415861248,37.49122,139.922071,7,0.009,-0.626,9.538,2.517
1427415861348,37.491221,139.922069,7,0.017,-0.616,9.627,2.406
1427415861449,37.491222,139.922067,7,0.035,-0.583,9.59,2.298
1427415861550,37.491223,139.922066,7,0.035,-0.558,9.517,2.194
1427415861651,37.491224,139.922064,7,0.017,-0.556,9.488,2.096
1427415861751,37.491225,139.922062,7,0.007,-0.568,9.515,2.002
1427415861847,37.491225,139.922061,7,-0.009,-0.598,9.564,1.917
1427415861948,37.491226,139.922059,7,-0.035,-0.638,9.585,1.832
1427415862048,37.491227,139.922058,7,-0.038,-0.678,9.559,1.752
1427415862149,37.491227,139.922056,7,-0.014,-0.703,9.524,1.658
1427415862250,37.491228,139.922054,7,0.01,-0.704,9.576,1.567
1427415862351,37.491228,139.922052,7,0.032,-0.601,9.664,1.481
1427415862451,37.491229,139.92205,7,0.05,-0.355,9.714,1.4
1427415862547,37.491229,139.922048,7,0.057,-0.158,9.599,1.326
1427415862648,37.49123,139.922046,7,0.065,-0.027,9.414,1.252
1427415862748,37.49123,139.922044,7,0.063,0.032,9.357,1.183
1427415862849,37.49123,139.922043,7,0.081,0.03,9.49,1.118
1427415862950,37.491231,139.922041,7,0.092,0.001,9.652,1.057
1427415863050,37.491231,139.92204,7,0.114,-0.008,9.639,1.0
1427415863151,37.491231,139.92204,7,0.127,0.025,9.501,0.934
1427415863247,37.491231,139.92204,7,0.117,0.047,9.451,0.875
1427415863348,37.491231,139.92204,7,0.09,0.044,9.553,0.816
1427415863448,37.491231,139.92204,7,0.054,0.028,9.59,0.761
1427415863549,37.49123,139.922039,7,0.013,-0.097,9.489,0.709
1427415863650,37.49123,139.922039,7,-0.012,-0.33,9.4,0.66
1427415863750,37.49123,139.922039,7,-0.026,-0.567,9.443,0.615
1427415863851,37.49123,139.922039,7,-0.033,-0.784,9.586,0.573
1427415863947,37.49123,139.922039,7,-0.032,-0.924,9.706,0.536
1427415864047,37.49123,139.922039,7,-0.057,-1.017,9.662,0.501
1427415864148,37.491229,139.922038,13,-0.094,-1.037,9.543,0.5
1427415864249,37.491228,139.922037,13,-0.084,-0.874,9.588,0.5
1427415864350,37.491227,139.922036,13,-0.017,-0.507,9.738,0.5
1427415864450,37.491226,139.922035,13,0.043,-0.192,9.684,0.5
1427415864551,37.491225,139.922034,13,0.082,0.021,9.44,0.5
1427415864647,37.491225,139.922033,13,0.09,0.142,9.308,0.5
1427415864747,37.491224,139.922032,13,0.092,0.181,9.391,0.5
1427415864848,37.491223,139.922031,13,0.099,0.156,9.591,0.5
1427415864949,37.491222,139.92203,13,0.104,0.142,9.672,0.5
1427415865050,37.491221,139.922029,13,0.09,0.119,9.541,0.5
1427415865150,37.491221,139.92203,13,0.092,0.105,9.444,0.405
1427415865251,37.491221,139.922031,13,0.093,0.098,9.529,0.319
1427415865347,37.491221,139.922032,13,0.092,0.082,9.626,0.247
1427415865447,37.491221,139.922033,13,0.085,0.06,9.594,0.182
1427415865548,37.491221,139.922033,13,0.089,0.055,9.512,0.126
1427415865649,37.491221,139.922034,13,0.095,0.067,9.522,0.08
1427415865749,37.491221,139.922034,13,0.092,0.079,9.573,0.045
1427415883847,37.491308,139.92148,15,0.081,0.078,9.559,5.144
1427415883947,37.491308,139.92147,15,0.093,-0.237,9.694,5.196
1427415884048,37.491309,139.921459,15,0.043,-0.502,9.788,5.249
1427415884149,37.49131,139.921453,15,-0.08,-0.67,9.768,5.198
1427415884249,37.491312,139.921447,15,-0.178,-0.639,9.409,5.147
1427415884350,37.491313,139.921441,15,-0.138,-0.705,9.474,5.095
1427415884451,37.491314,139.921435,15,0.0,-0.734,9.471,5.043
1427415884547,37.491316,139.921429,15,0.091,-0.726,9.384,4.995
1427415884647,37.491317,139.921424,15,0.131,-0.729,9.539,4.945
1427415884748,37.491318,139.921418,15,0.158,-0.761,9.509,4.896
1427415884849,37.491319,139.921412,15,0.197,-0.767,9.516,4.846
1427415884949,37.491321,139.921407,15,0.218,-0.776,9.586,4.798
1427415885050,37.491322,139.921401,12,0.163,-0.778,9.494,4.75
1427415885151,37.491323,139.921396,12,0.038,-0.736,9.412,4.697
1427415885251,37.491323,139.921391,12,-0.082,-0.749,9.566,4.645
1427415885347,37.491324,139.921387,12,-0.155,-0.686,9.565,4.596
1427415885448,37.491324,139.921382,12,-0.147,-0.619,9.374,4.544
1427415885549,37.491325,139.921377,12,-0.08,-0.583,9.452,4.494
1427415885649,37.491326,139.921372,12,-0.004,-0.573,9.683,4.444
1427415885750,37.491326,139.921368,12,0.05,-0.565,9.693,4.394
1427415885851,37.491327,139.921363,12,0.202,-0.542,9.417,4.345
1427415885951,37.491327,139.921358,12,0.247,-0.542,9.277,4.297
1427415886047,37.491328,139.921354,12,0.187,-0.519,9.322,4.251
1427415886148,37.491329,139.921351,11,0.015,-0.589,9.679,4.14
1427415886249,37.49133,139.921347,11,-0.051,-0.664,9.896,4.03
1427415886349,37.491332,139.921344,11,-0.057,-0.642,9.704,3.923
1427415886450,37.491333,139.921341,11,-0.101,-0.589,9.552,3.818
1427415886551,37.491334,139.921338,11,-0.17,-0.546,9.56,3.716
1427415886651,37.491335,139.921335,11,-0.245,-0.54,9.455,3.617
1427415886747,37.491336,139.921332,11,-0.233,-0.536,9.345,3.525
1427415886848,37.491337,139.921329,11,-0.079,-0.526,9.42,3.431
1427415886948,37.491338,139.921327,11,0.136,-0.368,9.725,3.34
1427415887049,37.491339,139.921324,11,0.227,-0.225,9.779,3.251
1427415887150,37.49134,139.92132,11,0.227,-0.128,9.67,3.196
1427415887251,37.491341,139.921316,11,0.257,-0.013,9.429,3.143
1427415887351,37.491342,139.921313,11,0.235,0.019,9.51,3.091
1427415887447,37.491343,139.921309,11,0.066,-0.025,9.89,3.042
1427415887548,37.491344,139.921306,11,-0.155,0.013,9.863,2.991
1427415887648,37.491345,139.921302,11,-0.369,0.081,9.46,2.941
1427415887749,37.491346,139.921299,11,-0.486,0.145,9.208,2.892
1427415887850,37.491347,139.921296,11,-0.502,0.168,9.241,2.843
1427415887951,37.491348,139.921292,11,-0.445,0.151,9.336,2.796
1427415888051,37.491349,139.921289,11,-0.365,0.127,9.377,2.75
1427415888147,37.491349,139.921286,11,-0.259,0.099,9.551,2.75
1427415888248,37.491349,139.921282,11,-0.171,0.031,9.88,2.75
1427415888348,37.49135,139.921279,11,-0.066,0.027,9.878,2.75
1427415888449,37.49135,139.921275,11,0.002,0.043,9.606,2.75
1427415888550,37.49135,139.921272,11,-0.012,0.086,9.334,2.75
1427415888650,37.49135,139.921269,11,-0.061,0.152,9.52,2.75
1427415888751,37.49135,139.921265,11,-0.118,0.086,9.839,2.75
1427415888847,37.491351,139.921262,11,-0.259,0.056,9.642,2.75
1427415918848,37.491489,139.919274,10,-0.268,0.055,9.624,6.3
1427415918948,37.49149,139.919268,10,-0.31,-0.077,9.422,6.275
1427415919049,37.491491,139.919262,10,-0.219,-0.182,9.457,6.25
1427415919150,37.491492,139.919255,10,-0.085,-0.158,9.657,6.225
1427415919251,37.491493,139.919247,10,0.001,-0.078,9.596,6.199
1427415919351,37.491494,139.91924,10,-0.212,0.028,9.223,6.174
1427415919447,37.491495,139.919233,10,-0.284,0.018,9.101,6.15
1427415919548,37.491496,139.919226,10,-0.212,0.018,9.287,6.124
1427415919648,37.491496,139.919219,10,-0.134,-0.09,9.727,6.099
1427415919749,37.491497,139.919211,10,-0.219,-0.206,10.021,6.074
1427415928848,37.491584,139.918638,11,-0.223,-0.212,9.84,5.3
1427415928949,37.491584,139.918633,11,-0.223,-0.577,9.661,5.275
1427415929049,37.491585,139.918628,11,-0.263,-0.883,9.604,5.25
1427415929150,37.491585,139.918622,12,-0.24,-0.976,9.352,5.198
1427415929251,37.491586,139.918617,12,-0.269,-1.075,9.368,5.145
1427415929352,37.491586,139.918611,12,-0.354,-1.169,9.568,5.094
1427415929447,37.491587,139.918606,12,-0.377,-1.195,9.472,5.046
1427415929548,37.491587,139.918601,12,-0.366,-1.307,9.465,4.995
1427415929649,37.491587,139.918596,12,-0.28,-1.42,9.585,4.944
1427415929749,37.491588,139.91859,12,-0.221,-1.53,9.393,4.895
1427415929850,37.491588,139.918585,12,-0.181,-1.655,9.326,4.846
1427415929951,37.491589,139.91858,12,-0.128,-1.767,9.506,4.797
1427415930051,37.491589,139.918575,12,-0.118,-1.858,9.595,4.748
1427415930147,37.49159,139.918571,12,-0.128,-1.986,9.689,4.58
1427415930248,37.491591,139.918566,12,-0.124,-2.045,9.707,4.408
1427415930349,37.491591,139.918562,12,-0.128,-2.044,9.519,4.243
1427415930449,37.491592,139.918558,12,-0.188,-2.064,9.435,4.084
1427415930550,37.491593,139.918554,12,-0.24,-2.115,9.546,3.93
1427415930651,37.491594,139.91855,12,-0.218,-2.202,9.676,3.781
1427415930751,37.491594,139.918546,12,-0.131,-2.241,9.59,3.64
1427415930847,37.491595,139.918543,12,-0.111,-2.231,9.431,3.509
1427415930948,37.491595,139.918539,12,-0.191,-2.233,9.371,3.377
1427415931048,37.491596,139.918536,12,-0.328,-2.298,9.455,3.252
1427415931149,37.491597,139.918533,11,-0.413,-2.369,9.59,2.973
1427415931250,37.491598,139.918531,11,-0.267,-1.854,9.978,2.708
1427415931351,37.491598,139.918528,11,-0.023,-0.954,10.101,2.461
1427415931451,37.491599,139.918526,11,0.124,-0.354,9.615,2.234
1427415931547,37.4916,139.918524,11,0.201,0.002,9.138,2.034
1427415931648,37.4916,139.918522,11,0.214,0.203,8.976,1.84
1427415931748,37.491601,139.91852,11,0.168,0.235,9.219,1.667
1427415931849,37.491601,139.918519,11,0.143,0.194,9.603,1.509
1427415931950,37.491602,139.918517,11,0.149,0.172,9.835,1.37
1427415932050,37.491602,139.918516,11,0.177,0.194,9.737,1.25
1427415932151,37.491601,139.918518,11,0.21,0.241,9.488,1.01
1427415932247,37.491601,139.918521,11,0.179,0.268,9.369,0.806
1427415932348,37.4916,139.918523,11,0.116,0.248,9.484,0.616
1427415932448,37.491599,139.918524,11,0.088,0.212,9.646,0.453
1427415932549,37.491599,139.918526,11,0.112,0.192,9.638,0.314
1427415932650,37.491599,139.918527,11,0.168,0.201,9.518,0.2
1427415932750,37.491598,139.918528,11,0.21,0.185,9.472,0.112
1427415932851,37.491598,139.918528,11,0.187,0.096,9.526,0.05
1427415932947,37.491598,139.918529,11,0.133,-0.015,9.598,0.013
1427416031847,37.491787,139.918379,11,0.127,0.18,9.547,1.798
1427416031948,37.491788,139.918379,11,0.117,-0.132,9.625,1.774
1427416032049,37.49179,139.91838,11,0.095,-0.371,9.619,1.75
1427416032149,37.491791,139.918381,11,0.055,-0.503,9.565,1.75
1427416032250,37.491793,139.918382,11,0.028,-0.571,9.507,1.75
1427416032351,37.491794,139.918383,11,0.022,-0.617,9.511,1.75
1427416032451,37.491795,139.918384,11,0.02,-0.668,9.529,1.75
1427416032547,37.491796,139.918385,11,0.024,-0.706,9.551,1.75
1427416032648,37.491798,139.918386,11,0.049,-0.726,9.554,1.75
1427416032749,37.491799,139.918387,11,0.073,-0.727,9.553,1.75
1427416032849,37.4918,139.918388,11,0.08,-0.724,9.559,1.75
1427416032950,37.491802,139.918389,11,0.073,-0.701,9.56,1.75
1427416033051,37.491803,139.91839,10,0.064,-0.661,9.542,1.748
1427416033151,37.491803,139.918391,10,0.058,-0.534,9.594,1.561
1427416033247,37.491804,139.918392,10,0.102,-0.286,9.675,1.394
1427416033348,37.491804,139.918393,10,0.154,-0.022,9.642,1.232
1427416033448,37.491805,139.918394,10,0.19,0.131,9.488,1.086
1427416033549,37.491805,139.918395,10,0.213,0.204,9.403,0.953
1427416033650,37.491805,139.918396,10,0.232,0.188,9.467,0.833
1427416033751,37.491805,139.918397,10,0.214,0.109,9.602,0.728
1427416111845,37.49423,139.919972,6,0.184,0.022,9.638,5.3
1427416111850,37.49423,139.919972,6,0.181,0.014,9.635,5.299
1427416111950,37.494233,139.919975,6,0.001,-0.346,9.594,5.274
1427416112051,37.494237,139.919978,6,-0.012,-0.658,9.418,5.25
1427416112147,37.494241,139.919981,6,0.073,-0.857,9.462,5.225
1427416112247,37.494245,139.919983,6,0.131,-1.029,9.651,5.2
1427416112348,37.49425,139.919986,6,0.037,-1.082,9.773,5.174
1427416112449,37.494254,139.919989,6,-0.046,-1.134,9.763,5.149
1427416112549,37.494258,139.919991,6,-0.055,-1.133,9.432,5.124
1427416112650,37.494262,139.919994,6,-0.079,-1.186,9.47,5.099
1427416112751,37.494267,139.919996,6,-0.224,-1.396,9.516,5.073
1427416112847,37.494271,139.919999,6,-0.351,-1.544,9.434,5.05
1427416112947,37.494275,139.920001,6,-0.424,-1.691,9.458,5.025
1427416113048,37.494279,139.920004,6,-0.436,-1.81,9.693,5.0
1427416113149,37.494284,139.920006,8,-0.352,-1.88,9.827,4.92
1427416113249,37.494288,139.920008,8,-0.246,-1.909,9.678,4.841
1427416113350,37.494293,139.92001,8,-0.144,-1.926,9.438,4.762
1427416113451,37.494298,139.920012,8,-0.087,-1.922,9.352,4.685
1427416113551,37.494302,139.920013,8,-0.157,-1.914,9.381,4.609
1427416113647,37.494306,139.920015,8,-0.339,-1.971,9.577,4.538
1427416113748,37.49431,139.920017,8,-0.452,-1.987,9.686,4.464
1427416113849,37.494315,139.920019,8,-0.449,-1.955,9.568,4.391
1427416113949,37.494319,139.92002,8,-0.336,-1.889,9.586,4.32
1427416114050,37.494323,139.920022,8,-0.195,-1.757,9.672,4.25
1427416114151,37.494325,139.920024,8,-0.088,-1.551,9.658,4.104
1427416114251,37.494328,139.920025,8,-0.017,-1.215,9.659,3.964
1427416114347,37.49433,139.920027,8,0.002,-0.817,9.672,3.834
1427416114448,37.494332,139.920029,8,0.0,-0.457,9.6,3.701
1427416114548,37.494334,139.92003,8,-0.013,-0.213,9.456,3.574
1427416114649,37.494336,139.920032,8,0.007,-0.057,9.36,3.449
1427416114750,37.494338,139.920033,8,0.029,-0.011,9.421,3.33
1427416114851,37.49434,139.920034,8,0.024,-0.006,9.598,3.214
1427416114951,37.494342,139.920036,8,0.027,-0.003,9.645,3.105
1427416115047,37.494344,139.920037,8,0.035,0.012,9.544,3.003
1427416115148,37.494346,139.920039,7,0.066,0.044,9.517,2.884
1427416115248,37.494348,139.92004,7,0.113,0.052,9.574,2.77
1427416115349,37.49435,139.920041,7,0.126,0.037,9.612,2.659
1427416115450,37.494352,139.920043,7,0.13,0.048,9.601,2.552
1427416115551,37.494354,139.920044,7,0.103,0.062,9.567,2.449
1427416115651,37.494356,139.920045,7,0.041,0.07,9.54,2.351
1427416115747,37.494357,139.920047,7,0.024,0.072,9.566,2.261
1427416115848,37.494359,139.920048,7,0.052,0.069,9.593,2.17
1427416115948,37.49436,139.920049,7,0.08,0.035,9.568,2.084
1427416116049,37.494362,139.92005,7,0.096,0.027,9.56,2.001
1427416116150,37.494362,139.920049,7,0.111,0.049,9.565,1.909
1427416116251,37.494362,139.920049,7,0.081,0.057,9.557,1.821
1427416116351,37.494362,139.920048,7,0.057,0.066,9.557,1.738
1427416116447,37.494362,139.920048,7,0.064,0.058,9.552,1.661
1427416116548,37.494363,139.920047,7,0.062,0.055,9.57,1.583
1427416116648,37.494363,139.920047,7,0.107,0.012,9.473,1.51
1427416116749,37.494363,139.920046,7,0.157,-0.021,9.402,1.439
1427416192844,37.498371,139.92131,13,0.182,0.197,9.497,7.198
1427416192849,37.498372,139.92131,13,0.188,0.209,9.502,7.199
1427416192950,37.49838,139.921311,13,0.086,-0.011,9.598,7.225
1427416193050,37.498388,139.921313,13,-0.025,-0.217,9.841,7.25
1427416193151,37.498395,139.921314,13,-0.106,-0.251,9.626,7.25
1427416193247,37.498402,139.921315,13,-0.171,-0.34,9.594,7.25
1427416193347,37.498409,139.921317,13,-0.205,-0.321,9.421,7.25
1427416193448,37.498416,139.921318,13,-0.211,-0.364,9.581,7.25
1427416193549,37.498423,139.921319,13,-0.298,-0.391,9.854,7.25
1427416193650,37.498431,139.92132,13,-0.351,-0.4,9.679,7.25
1427416193750,37.498438,139.921321,13,-0.336,-0.34,9.444,7.25
1427416193851,37.498445,139.921323,13,-0.23,-0.304,9.307,7.25
1427416193947,37.498452,139.921324,13,-0.246,-0.34,9.523,7.25
1427416194047,37.498459,139.921325,13,-0.277,-0.417,9.654,7.25
1427416194148,37.498465,139.921326,12,-0.22,-0.45,9.709,7.199
1427416194249,37.498471,139.921327,12,-0.172,-0.406,9.484,7.148
1427416194350,37.498478,139.921329,12,-0.187,-0.486,9.385,7.096
1427416194450,37.498484,139.92133,12,-0.226,-0.614,9.534,7.046
1427416194551,37.49849,139.921331,12,-0.293,-0.721,9.646,6.995
1427416194647,37.498496,139.921332,12,-0.304,-0.789,9.64,6.947
1427416194747,37.498502,139.921333,12,-0.262,-0.821,9.552,6.898
1427416194848,37.498508,139.921335,12,-0.259,-0.873,9.604,6.848
1427416194949,37.498514,139.921336,12,-0.264,-0.909,9.676,6.799
1427416195049,37.49852,139.921337,12,-0.237,-0.884,9.398,6.75
1427416195150,37.498527,139.921338,14,-0.29,-0.873,9.442,6.671
1427416195251,37.498533,139.921338,14,-0.262,-0.877,9.694,6.592
1427416195352,37.49854,139.921339,14,-0.165,-0.896,9.683,6.514
1427416195447,37.498546,139.921339,14,-0.105,-0.874,9.596,6.442
1427416195548,37.498552,139.92134,14,-0.114,-0.824,9.663,6.365
1427416195649,37.498559,139.921341,14,-0.192,-0.768,9.576,6.29
1427416195749,37.498565,139.921341,14,-0.239,-0.648,9.481,6.216
1427416195850,37.498571,139.921342,14,-0.178,-0.484,9.466,6.143
1427416195951,37.498577,139.921342,14,-0.095,-0.469,9.585,6.07
1427416196047,37.498583,139.921343,14,-0.021,-0.407,9.641,6.002
1427416196147,37.498588,139.921344,14,-0.001,-0.354,9.518,5.866
1427416196248,37.498593,139.921344,14,0.044,-0.349,9.467,5.729
1427416196349,37.498598,139.921345,14,0.168,-0.37,9.62,5.596
1427416196449,37.498603,139.921345,14,0.389,-0.373,9.523,5.466
1427416196550,37.498608,139.921346,14,0.63,-0.339,9.234,5.339
1427416196651,37.498613,139.921346,14,0.818,-0.404,9.374,5.214
1427416196751,37.498617,139.921347,14,0.937,-0.536,9.809,5.093
1427416196847,37.498621,139.921347,14,1.007,-0.614,9.853,4.98
1427416196948,37.498626,139.921348,14,1.033,-0.619,9.79,4.864
1427416197049,37.49863,139.921348,14,0.959,-0.74,10.122,4.751
1427416197149,37.498633,139.921349,12,1.025,-0.736,9.761,4.641
1427416197250,37.498636,139.921351,12,0.989,-0.632,9.102,4.531
1427416197351,37.498639,139.921352,12,0.787,-0.624,9.127,4.424
1427416197451,37.498642,139.921353,12,0.648,-0.657,9.602,4.321
1427416197547,37.498645,139.921354,12,0.551,-0.716,9.889,4.224
1427416197648,37.498648,139.921356,12,0.562,-0.753,10.027,4.124
1427416197748,37.49865,139.921357,12,0.613,-0.728,9.795,4.027
1427416197849,37.498653,139.921358,12,0.756,-0.611,9.431,3.932
1427416197950,37.498655,139.921359,12,0.776,-0.536,9.044,3.839
1427416198051,37.498658,139.92136,13,0.818,-0.562,8.99,3.75
1427416198151,37.498658,139.921364,13,1.031,-0.723,9.111,3.75
1427416198247,37.498659,139.921368,13,0.985,-0.901,9.707,3.75
1427416198348,37.498659,139.921372,13,0.933,-0.958,9.819,3.75
1427416198448,37.49866,139.921376,13,0.856,-0.96,9.684,3.75
1427416198549,37.49866,139.921379,13,0.719,-1.086,9.887,3.75
1427416198650,37.49866,139.921383,13,0.719,-1.112,10.204,3.75
1427416198750,37.498661,139.921387,13,0.622,-1.133,10.042,3.75
1427416198851,37.498661,139.921391,13,0.412,-1.077,9.929,3.75
1427416198947,37.498662,139.921395,13,0.307,-0.978,9.631,3.75
1427416199048,37.498662,139.921399,13,0.443,-0.877,9.192,3.75
1427416199148,37.498664,139.921402,13,0.696,-0.784,9.175,3.698
1427416199249,37.498665,139.921406,13,0.845,-0.738,9.623,3.645
1427416199350,37.498667,139.921409,13,0.874,-0.689,9.938,3.592
1427416199450,37.498669,139.921413,13,0.845,-0.631,9.855,3.541
1427416199551,37.49867,139.921416,13,0.75,-0.544,9.615,3.491
1427416199647,37.498672,139.921419,13,0.596,-0.459,9.636,3.443
1427416199748,37.498673,139.921423,13,0.482,-0.358,9.597,3.393
1427416199848,37.498675,139.921426,13,0.436,-0.161,9.291,3.345
1427416199949,37.498676,139.921429,13,0.34,-0.165,9.281,3.297
1427416200050,37.498678,139.921432,11,0.45,-0.227,9.944,3.25
1427416200150,37.498678,139.921436,11,0.657,-0.234,9.747,3.166
1427416200251,37.498678,139.92144,11,0.642,0.021,9.479,3.084
1427416200347,37.498678,139.921443,11,0.671,0.216,9.473,3.007
1427416200447,37.498678,139.921447,11,0.613,0.321,9.599,2.929
1427416200548,37.498677,139.92145,11,0.662,0.423,9.474,2.852
1427416200649,37.498677,139.921453,11,0.882,0.444,9.016,2.777
1427416200750,37.498677,139.921457,11,0.994,0.429,8.632,2.704
1427416242846,37.498058,139.923627,5,0.889,0.442,8.845,2.0
1427416242851,37.498058,139.923627,5,0.888,0.428,8.859,2.0
1427416242951,37.498058,139.923629,5,0.399,-0.192,9.152,2.0
1427416243047,37.498057,139.923631,5,0.053,-0.619,9.293,2.0
1427416243148,37.498056,139.923633,6,-0.104,-0.886,9.414,1.974
1427416243248,37.498056,139.923634,6,-0.134,-1.057,9.483,1.948
1427416243349,37.498055,139.923636,6,-0.102,-0.973,9.674,1.922
1427416243450,37.498055,139.923638,6,-0.025,-0.394,9.93,1.896
1427416243550,37.498054,139.923639,6,-0.002,0.188,9.79,1.871
1427416243651,37.498054,139.923641,6,-0.028,0.378,9.29,1.846
1427416243747,37.498053,139.923642,6,-0.064,0.383,9.043,1.822
1427416243848,37.498053,139.923644,6,-0.056,0.309,9.229,1.798
1427416315844,37.497559,139.923487,12,-0.058,0.303,9.246,4.0
1427416315849,37.497559,139.923487,12,-0.06,0.3,9.26,4.0
1427416315949,37.497556,139.923485,12,-0.062,0.195,9.204,4.0
1427416316050,37.497552,139.923483,11,-0.074,0.002,9.451,4.0
1427416316151,37.497548,139.923481,11,-0.091,-0.162,9.798,4.0
1427416316247,37.497545,139.92348,11,-0.134,-0.194,9.893,4.0
1427416316347,37.497542,139.923478,11,-0.139,-0.16,9.629,4.0
1427416316448,37.497538,139.923476,11,-0.221,-0.111,9.507,4.0
1427416316549,37.497535,139.923475,11,-0.335,-0.136,9.564,4.0
1427416316649,37.497531,139.923473,11,-0.46,-0.167,9.537,4.0
1427416316750,37.497527,139.923471,11,-0.46,-0.186,9.541,4.0
1427416316851,37.497524,139.923469,11,-0.405,-0.192,9.603,4.0
1427416316951,37.49752,139.923468,11,-0.323,-0.171,9.548,4.0
1427416317047,37.497517,139.923466,11,-0.236,-0.139,9.473,4.0
1427416317148,37.497513,139.923464,12,-0.194,-0.138,9.556,4.0
1427416317249,37.49751,139.923462,12,-0.185,-0.075,9.722,4.0
1427416317349,37.497506,139.923461,12,-0.187,0.009,9.634,4.0
1427416317450,37.497503,139.923459,12,-0.196,0.08,9.441,4.0
1427416317551,37.497499,139.923457,12,-0.191,0.161,9.318,4.0
1427416317651,37.497495,139.923455,12,-0.138,0.126,9.438,4.0
1427416317747,37.497492,139.923453,12,-0.044,0.063,9.705,4.0
1427416317848,37.497488,139.923452,12,-0.033,0.034,9.716,4.0
1427416317949,37.497485,139.92345,12,-0.036,-0.052,9.617,4.0
1427416318049,37.497481,139.923448,12,-0.06,-0.159,9.563,4.0
1427416318150,37.497477,139.923446,12,-0.065,-0.27,9.296,4.0
1427416318251,37.497474,139.923444,12,0.001,-0.389,9.401,4.0
1427416318351,37.49747,139.923442,12,0.059,-0.539,9.727,4.0
1427416318447,37.497466,139.92344,12,0.114,-0.628,9.725,4.0
1427416318548,37.497463,139.923438,12,0.162,-0.623,9.557,4.0
1427416318648,37.497459,139.923435,12,0.214,-0.47,9.67,4.0
1427416318749,37.497455,139.923433,12,0.215,-0.294,9.651,4.0
1427416321846,37.497355,139.923383,12,0.145,-0.196,9.579,3.75
1427416321851,37.497355,139.923383,12,0.148,-0.197,9.581,3.75
1427416321947,37.497352,139.923381,12,0.364,-0.583,9.592,3.75
1427416322047,37.497349,139.923379,12,0.535,-0.782,9.341,3.75
1427416322148,37.497347,139.923376,10,0.558,-0.836,9.295,3.698
1427416322249,37.497346,139.923374,10,0.559,-0.819,9.489,3.645
1427416322349,37.497344,139.923371,10,0.5,-0.788,9.66,3.593
1427416322450,37.497342,139.923369,10,0.424,-0.764,9.658,3.541
1427416322551,37.497341,139.923366,10,0.355,-0.71,9.509,3.491
1427416322652,37.497339,139.923364,10,0.361,-0.612,9.229,3.44
1427416322747,37.497338,139.923361,10,0.388,-0.64,9.376,3.394
1427416322848,37.497336,139.923359,10,0.507,-0.67,9.614,3.345
1427416322949,37.497335,139.923356,10,0.644,-0.726,9.601,3.297
1427416323049,37.497333,139.923354,10,0.717,-0.767,9.38,3.25
1427416323150,37.497333,139.92335,6,0.694,-0.789,9.381,3.25
1427416323251,37.497333,139.923346,6,0.656,-0.836,9.833,3.25
1427416323352,37.497332,139.923342,6,0.598,-0.841,10.168,3.25
1427416323447,37.497332,139.923339,6,0.443,-0.752,9.956,3.25
1427416323548,37.497332,139.923335,6,0.126,-0.549,9.471,3.25
1427416323649,37.497332,139.923331,6,-0.218,-0.362,9.248,3.25
1427416323750,37.497332,139.923327,6,-0.327,-0.253,9.363,3.25
1427416323850,37.497331,139.923323,6,-0.265,-0.23,9.575,3.25
1427416323951,37.497331,139.923319,6,-0.154,-0.182,9.455,3.25
1427416324051,37.497331,139.923315,6,-0.148,-0.196,9.675,3.25
1427416324147,37.497332,139.923311,6,-0.181,-0.182,9.694,3.25
1427416324248,37.497333,139.923307,6,-0.157,-0.109,9.466,3.25
1427416324349,37.497334,139.923303,6,-0.191,0.021,9.486,3.25
1427416324449,37.497335,139.923299,6,-0.239,0.09,9.666,3.25
1427416324550,37.497337,139.923294,6,-0.331,0.117,9.682,3.25
1427416324651,37.497338,139.92329,6,-0.189,0.243,9.773,3.25
1427416324751,37.497339,139.923286,6,-0.096,0.249,9.501,3.25
1427416324847,37.49734,139.923282,6,-0.166,0.366,9.848,3.25
1427416359848,37.49775,139.921344,5,-0.175,0.372,9.872,4.5
1427416359949,37.497751,139.921339,5,-0.205,0.104,9.329,4.5
1427416360050,37.497752,139.921334,7,-0.263,-0.163,9.356,4.5
1427416360150,37.497754,139.921328,7,-0.347,-0.425,9.84,4.5
1427416360251,37.497757,139.921323,7,-0.293,-0.583,10.137,4.5
1427416360347,37.497759,139.921318,7,-0.103,-0.579,9.729,4.5
1427416360447,37.497762,139.921312,7,0.012,-0.537,9.278,4.5
1427416360548,37.497764,139.921307,7,-0.001,-0.66,9.344,4.5
1427416360649,37.497766,139.921301,7,-0.046,-0.917,9.701,4.5
1427416360749,37.497769,139.921296,7,-0.003,-1.182,9.731,4.5
1427416360850,37.497771,139.92129,7,0.005,-1.332,9.514,4.5
1427416360951,37.497774,139.921284,7,-0.201,-1.399,9.52,4.5
1427416361051,37.497776,139.921279,7,-0.415,-1.469,9.734,4.499
1427416361147,37.497776,139.921275,7,-0.473,-1.429,9.625,4.392
1427416361248,37.497776,139.921271,7,-0.419,-1.446,9.407,4.282
1427416361349,37.497777,139.921267,7,-0.353,-1.425,9.329,4.175
1427416361449,37.497777,139.921263,7,-0.289,-1.482,9.368,4.071
1427416361550,37.497777,139.921259,7,-0.163,-1.513,9.512,3.969
1427416361651,37.497777,139.921256,7,-0.068,-1.567,9.734,3.869
1427416361751,37.497777,139.921252,7,-0.036,-1.622,9.877,3.773
1427416361847,37.497778,139.921249,7,-0.085,-1.595,9.679,3.683
1427416361948,37.497778,139.921245,7,-0.212,-1.608,9.478,3.591
1427416362049,37.497778,139.921242,7,-0.319,-1.642,9.537,3.501
1427416362149,37.497777,139.921241,7,-0.358,-1.634,9.418,3.275
1427416362250,37.497775,139.92124,7,-0.385,-1.603,9.285,3.057
1427416362351,37.497774,139.921239,7,-0.372,-1.482,9.513,2.851
1427416362451,37.497773,139.921239,7,-0.302,-1.257,9.779,2.658
1427416362547,37.497772,139.921238,7,-0.222,-1.124,9.68,2.484
1427416362648,37.497771,139.921237,7,-0.149,-1.066,9.472,2.313
1427416362748,37.49777,139.921237,7,-0.086,-1.05,9.428,2.156
1427416362849,37.497769,139.921236,7,-0.046,-1.079,9.523,2.008
1427416362950,37.497768,139.921235,7,-0.093,-1.116,9.611,1.872
1427416363051,37.497767,139.921235,7,-0.16,-1.016,9.697,1.748
1427416363151,37.497767,139.921234,7,-0.131,-0.551,9.859,1.561
1427416363247,37.497768,139.921234,7,-0.045,-0.04,9.771,1.394
1427416363348,37.497768,139.921233,7,0.008,0.23,9.38,1.232
1427416363448,37.497769,139.921232,7,0.048,0.293,9.104,1.086
1427416363549,37.497769,139.921232,7,0.054,0.279,9.233,0.953
1427416363650,37.497769,139.921231,7,0.045,0.21,9.568,0.833
1427416363751,37.497769,139.921231,7,0.029,0.084,9.751,0.728
1427416363851,37.49777,139.921231,7,0.031,-0.009,9.66,0.638
1427416363947,37.49777,139.92123,7,0.054,0.006,9.539,0.565
1427416364048,37.49777,139.92123,7,0.069,0.084,9.518,0.501
1427416364148,37.49777,139.921229,5,0.041,0.121,9.524,0.407
1427416364249,37.49777,139.921229,5,0.018,0.14,9.557,0.321
1427416364350,37.497769,139.921228,5,0.02,0.154,9.569,0.245
1427416364450,37.497769,139.921228,5,0.038,0.161,9.53,0.18
1427416364551,37.497769,139.921228,5,0.06,0.154,9.517,0.125
1427416364647,37.497769,139.921227,5,0.084,0.135,9.547,0.081
1427416364748,37.497769,139.921227,5,0.061,0.113,9.565,0.046
1427416364848,37.497769,139.921227,5,0.043,0.102,9.559,0.02
1427416383847,37.497886,139.921184,5,0.039,0.103,9.561,3.198
1427416398847,37.498655,139.921393,16,0.034,0.106,9.567,5.848
1427416401848,37.498779,139.921434,10,0.028,0.107,9.573,4.799
1427416401949,37.498783,139.921435,10,-0.149,-0.143,9.338,4.775
1427416402050,37.498787,139.921437,11,-0.251,-0.196,9.199,4.75
1427416402151,37.498791,139.921439,11,-0.271,-0.179,9.335,4.724
1427416402251,37.498796,139.921441,11,-0.21,-0.181,9.596,4.699
1427416402347,37.4988,139.921443,11,-0.155,-0.137,9.591,4.674
1427416402448,37.498804,139.921445,11,-0.09,-0.088,9.472,4.649
1427416402548,37.498808,139.921448,11,-0.021,-0.044,9.451,4.624
1427416402649,37.498812,139.92145,11,0.015,-0.097,9.527,4.599
1427416402750,37.498817,139.921452,11,-0.022,-0.11,9.619,4.574
1427416402850,37.498821,139.921454,11,-0.086,-0.096,9.704,4.549
1427416402951,37.498825,139.921456,11,-0.083,-0.056,9.501,4.524
1427416403047,37.498829,139.921458,11,-0.059,-0.027,9.438,4.501
1427416403147,37.49883,139.921459,13,-0.097,-0.035,9.484,4.421
1427416403248,37.498831,139.921461,13,-0.169,-0.108,9.548,4.341
1427416403349,37.498832,139.921462,13,-0.21,-0.187,9.527,4.261
1427416403450,37.498834,139.921463,13,-0.158,-0.246,9.513,4.184
1427416403550,37.498835,139.921465,13,-0.099,-0.264,9.519,4.108
1427416403651,37.498836,139.921466,13,-0.105,-0.345,9.701,4.033
1427416403747,37.498837,139.921467,13,-0.158,-0.392,9.696,3.963
1427416403847,37.498838,139.921469,13,-0.206,-0.398,9.435,3.891
1427416403948,37.498839,139.92147,13,-0.27,-0.416,9.388,3.82
1427416404049,37.49884,139.921471,13,-0.364,-0.456,9.587,3.751
1427416404149,37.498844,139.921472,13,-0.461,-0.529,9.735,3.75
1427416404250,37.498848,139.921473,13,-0.484,-0.581,9.542,3.75
1427416404351,37.498852,139.921474,13,-0.434,-0.641,9.312,3.75
1427416404447,37.498856,139.921475,13,-0.411,-0.738,9.43,3.75
1427416404547,37.49886,139.921476,13,-0.384,-0.683,9.766,3.75
1427416404648,37.498864,139.921478,13,-0.343,-0.455,9.916,3.75
1427416404749,37.498868,139.921479,13,-0.311,-0.191,9.655,3.75
1427416404849,37.498872,139.92148,13,-0.223,-0.03,9.371,3.75
1427416404950,37.498876,139.921481,13,-0.145,0.041,9.392,3.75
1427416405051,37.49888,139.921482,11,-0.033,-0.005,9.589,3.749
1427416405147,37.498882,139.921483,11,-0.085,-0.033,9.855,3.67
1427416405247,37.498884,139.921484,11,-0.184,0.029,9.65,3.589
1427416405348,37.498886,139.921486,11,-0.259,0.083,9.372,3.509
1427416405449,37.498889,139.921487,11,-0.215,0.141,9.272,3.431
1427416405549,37.498891,139.921488,11,-0.158,0.17,9.333,3.355
1427416405650,37.498893,139.921489,11,-0.068,0.211,9.246,3.28
1427416405751,37.498894,139.92149,11,-0.0,0.159,9.506,3.207
1427416408848,37.498947,139.921521,12,0.005,0.066,9.946,1.916
1427416412846,37.498997,139.921548,10,0.003,0.061,9.951,1.25
1427416412851,37.498997,139.921548,10,-0.001,0.051,9.948,1.25
1427416412951,37.498998,139.921549,10,-0.154,-0.772,9.64,1.25
1427416413047,37.498999,139.921549,10,-0.182,-1.418,9.919,1.25
1427416413148,37.499,139.921549,10,-0.157,-1.307,10.742,1.25
1427416413248,37.499001,139.921549,10,-0.172,-0.631,10.96,1.25
1427416413349,37.499002,139.92155,10,-0.276,-0.06,10.108,1.25
1427416413450,37.499003,139.92155,10,-0.307,0.302,9.172,1.25
1427416413551,37.499004,139.92155,10,-0.211,0.478,8.728,1.25
1427416413651,37.499004,139.92155,10,-0.096,0.456,8.804,1.25
1427416413747,37.499005,139.92155,10,-0.113,0.329,9.263,1.25
1427416413848,37.499006,139.921551,10,-0.208,0.203,9.869,1.25
1427416446845,37.499291,139.921626,11,-0.209,0.197,9.891,4.084
1427416446850,37.499292,139.921626,11,-0.21,0.189,9.909,4.088
1427416446950,37.499296,139.921628,11,-0.162,-0.112,9.878,4.168
1427416447051,37.499301,139.92163,11,-0.153,-0.295,9.66,4.25
1427416447147,37.499305,139.921631,11,-0.163,-0.399,9.493,4.225
1427416447247,37.499309,139.921633,11,-0.097,-0.45,9.504,4.2
1427416447348,37.499313,139.921635,11,-0.016,-0.492,9.636,4.174
1427416447449,37.499318,139.921636,11,0.023,-0.533,9.648,4.148
1427416447550,37.499322,139.921638,11,0.069,-0.586,9.625,4.123
1427416447650,37.499326,139.921639,11,0.08,-0.571,9.557,4.098
1427416447751,37.49933,139.921641,11,0.041,-0.532,9.481,4.073
1427416447847,37.499334,139.921642,11,-0.048,-0.518,9.599,4.05
1427416447947,37.499338,139.921643,11,-0.17,-0.559,9.702,4.025
1427416448048,37.499342,139.921645,11,-0.216,-0.57,9.61,4.0
1427416448149,37.499346,139.921646,12,-0.184,-0.56,9.544,3.975
1427416448250,37.49935,139.921648,12,-0.129,-0.516,9.519,3.949
1427416448350,37.499354,139.921649,12,-0.087,-0.527,9.607,3.923
1427416448451,37.499358,139.92165,12,-0.076,-0.56,9.588,3.898
1427416448547,37.499362,139.921652,12,-0.088,-0.577,9.449,3.874
1427416448647,37.499366,139.921653,12,-0.062,-0.589,9.49,3.849
1427416448748,37.499369,139.921654,12,0.03,-0.621,9.712,3.824
1427416448849,37.499373,139.921655,12,0.085,-0.634,9.823,3.799
1427416448949,37.499377,139.921657,12,0.062,-0.594,9.639,3.775
1427416449050,37.499381,139.921658,12,-0.064,-0.544,9.404,3.75
1427416449151,37.499384,139.921659,12,-0.192,-0.548,9.44,3.724
1427416449252,37.499388,139.92166,12,-0.258,-0.57,9.586,3.698
1427416449347,37.499391,139.921662,12,-0.239,-0.555,9.609,3.674
1427416449448,37.499394,139.921663,12,-0.19,-0.529,9.572,3.648
1427416449549,37.499398,139.921664,12,-0.115,-0.485,9.479,3.623
1427416449649,37.499401,139.921665,12,-0.1,-0.476,9.455,3.598
1427416449750,37.499404,139.921666,12,-0.096,-0.432,9.634,3.573
1427416449851,37.499408,139.921668,12,-0.076,-0.321,9.752,3.548
1427416449947,37.499411,139.921669,12,-0.054,-0.186,9.643,3.525
1427416450047,37.499414,139.92167,12,-0.048,-0.077,9.506,3.501
1427416450148,37.499416,139.921671,11,-0.072,-0.027,9.454,3.475
1427416450249,37.499419,139.921673,11,-0.087,-0.005,9.457,3.449
1427416450349,37.499421,139.921674,11,-0.072,0.017,9.433,3.423
1427416450450,37.499424,139.921675,11,-0.028,0.011,9.538,3.398
1427416450551,37.499426,139.921677,11,0.072,-0.037,9.729,3.372
1427416450651,37.499429,139.921678,11,0.137,-0.033,9.696,3.348
1427416450747,37.499431,139.921679,11,0.076,-0.038,9.367,3.324
1427416450848,37.499433,139.92168,11,-0.03,-0.075,9.241,3.299
1427416450949,37.499436,139.921682,11,-0.039,-0.169,9.429,3.274
1427416451049,37.499438,139.921683,11,0.007,-0.277,9.693,3.25
1427416451150,37.499439,139.921684,11,0.071,-0.346,9.823,2.97
1427416451251,37.49944,139.921685,11,0.088,-0.377,9.722,2.705
1427416451351,37.49944,139.921685,11,0.039,-0.369,9.54,2.461
1427416451447,37.499441,139.921686,11,-0.042,-0.38,9.463,2.243
1427416451548,37.499442,139.921687,11,-0.146,-0.41,9.544,2.032
1427416451648,37.499442,139.921687,11,-0.183,-0.459,9.605,1.84
1427416451749,37.499443,139.921688,11,-0.156,-0.505,9.55,1.665
1427416451850,37.499443,139.921688,11,-0.1,-0.56,9.486,1.508
1427416451951,37.499444,139.921689,11,-0.055,-0.612,9.519,1.369
1427416452051,37.499444,139.921689,10,-0.067,-0.694,9.605,1.25
1427416452147,37.499445,139.92169,10,-0.124,-0.76,9.669,1.25
1427416452248,37.499446,139.92169,10,-0.175,-0.842,9.597,1.25
1427416452348,37.499446,139.921691,10,-0.208,-0.895,9.495,1.25
1427416452449,37.499447,139.921691,10,-0.196,-0.895,9.519,1.25
1427416452550,37.499448,139.921692,10,-0.082,-0.557,9.758,1.25
1427416452650,37.499449,139.921693,10,0.016,-0.056,9.822,1.25
1427416452751,37.49945,139.921693,10,0.041,0.276,9.562,1.25
1427416452847,37.49945,139.921694,10,0.019,0.379,9.269,1.25
1427416452948,37.499451,139.921694,10,0.002,0.307,9.204,1.25
1427416453048,37.499452,139.921695,10,0.015,0.168,9.457,1.25
1427416453149,37.499451,139.921695,10,0.026,0.05,9.725,1.015
1427416453250,37.49945,139.921695,10,0.033,0.014,9.787,0.8
1427416453350,37.499449,139.921695,10,0.011,0.041,9.605,0.613
1427416453451,37.499448,139.921695,10,-0.02,0.074,9.401,0.449
1427416453547,37.499448,139.921695,10,-0.007,0.116,9.378,0.316
1427416453648,37.499447,139.921695,10,0.055,0.272,9.662,0.202
1427416453748,37.499447,139.921695,10,0.135,0.469,9.788,0.114
1427416473845,37.499556,139.92125,4,0.128,0.596,9.662,4.3
1427416486846,37.500031,139.921292,4,0.132,0.598,9.656,4.5
1427416491846,37.500161,139.921363,5,0.136,0.597,9.653,3.0
1427416491851,37.500161,139.921363,5,0.139,0.593,9.651,3.0
1427416491947,37.500163,139.921364,5,0.087,0.278,9.535,3.0
1427416492047,37.500166,139.921365,5,-0.026,0.009,9.621,3.0
1427416492148,37.500168,139.921366,6,-0.085,-0.14,9.665,3.0
1427416492249,37.50017,139.921367,6,-0.053,-0.216,9.533,3.0
1427416492350,37.500172,139.921368,6,0.037,-0.256,9.539,3.0
1427416492450,37.500174,139.921369,6,0.068,-0.259,9.549,3.0
1427416492551,37.500177,139.92137,6,0.037,-0.233,9.468,3.0
1427416492647,37.500179,139.92137,6,-0.067,-0.252,9.549,3.0
1427416492747,37.500181,139.921371,6,-0.14,-0.297,9.782,3.0
1427416492848,37.500183,139.921372,6,-0.122,-0.301,9.767,3.0
1427416492949,37.500185,139.921373,6,-0.088,-0.283,9.516,3.0
1427416493050,37.500187,139.921374,6,-0.077,-0.271,9.37,3.0
1427416493150,37.500189,139.921375,6,-0.086,-0.292,9.429,2.974
1427416493251,37.50019,139.921375,6,-0.088,-0.337,9.612,2.948
1427416493347,37.500192,139.921376,6,-0.067,-0.345,9.721,2.923
1427416493447,37.500194,139.921377,6,-0.048,-0.336,9.606,2.898
1427416493548,37.500195,139.921378,6,-0.03,-0.325,9.46,2.873
1427416493649,37.500197,139.921378,6,-0.06,-0.367,9.441,2.848
1427416493749,37.500198,139.921379,6,-0.121,-0.512,9.525,2.823
1427416493850,37.5002,139.92138,6,-0.183,-0.697,9.586,2.798
1427416493951,37.500201,139.92138,6,-0.226,-0.852,9.615,2.774
1427416494047,37.500203,139.921381,6,-0.224,-0.959,9.625,2.751
1427416494147,37.500204,139.921381,6,-0.197,-1.024,9.619,2.634
1427416494248,37.500205,139.921382,6,-0.181,-1.056,9.566,2.517
1427416494349,37.500205,139.921382,6,-0.196,-1.091,9.544,2.404
1427416494449,37.500206,139.921383,6,-0.23,-1.141,9.563,2.298
1427416494550,37.500207,139.921383,6,-0.264,-1.191,9.57,2.194
1427416494651,37.500208,139.921384,6,-0.278,-1.234,9.566,2.096
1427416494751,37.500208,139.921384,6,-0.219,-1.068,9.691,2.002
1427416494847,37.500209,139.921384,6,-0.079,-0.548,9.863,1.917
1427416494948,37.500209,139.921385,6,-0.018,-0.175,9.655,1.832
1427416495049,37.50021,139.921385,6,-0.036,0.03,9.342,1.751
1427416495149,37.500206,139.921386,6,-0.066,0.136,9.247,1.421
1427416495250,37.500203,139.921386,6,-0.06,0.145,9.446,1.12
1427416495351,37.5002,139.921387,6,-0.01,0.13,9.712,0.855
1427416495451,37.500197,139.921387,6,0.081,0.323,9.832,0.628
1427416495547,37.500195,139.921387,6,0.087,0.414,9.579,0.443
1427416495648,37.500193,139.921388,6,0.009,0.315,9.275,0.283
1427416495749,37.500192,139.921388,6,-0.045,0.241,9.39,0.159
1427416594845,37.499426,139.924699,7,-0.052,0.177,9.67,10.301
1427416594850,37.499426,139.924699,7,-0.054,0.163,9.679,10.3
1427416594951,37.499424,139.92471,7,0.043,-0.294,9.713,10.274
1427416595047,37.499421,139.924721,7,0.015,-0.587,9.607,10.251
1427416595147,37.499418,139.92473,8,-0.026,-0.803,9.474,10.143
1427416595248,37.499416,139.924739,8,-0.111,-1.006,9.477,10.033
1427416595349,37.499413,139.924747,8,0.031,-1.062,9.749,9.924
1427416595449,37.499411,139.924756,8,0.044,-1.144,9.688,9.816
1427416595550,37.499408,139.924765,8,-0.03,-1.178,9.42,9.709
1427416595651,37.499405,139.924773,8,-0.187,-1.191,9.272,9.604
1427416595747,37.499403,139.924781,8,-0.22,-1.229,9.309,9.504
1427416595847,37.499401,139.92479,8,-0.243,-1.338,9.375,9.401
1427416595948,37.499398,139.924798,8,-0.183,-1.407,9.403,9.299
1427416596049,37.499396,139.924806,8,-0.173,-1.413,9.349,9.197
1427416596149,37.499393,139.924814,8,-0.185,-1.49,9.507,9.097
1427416596250,37.499391,139.924822,8,-0.156,-1.533,9.817,8.998
1427416596351,37.499389,139.92483,8,-0.3,-1.609,10.131,8.9
1427416596451,37.499386,139.924838,8,-0.315,-1.637,10.213,8.804
1427416596547,37.499384,139.924846,8,-0.282,-1.571,9.774,8.712
1427416596648,37.499382,139.924853,8,-0.239,-1.458,9.411,8.617
1427416596749,37.49938,139.924861,8,-0.19,-1.415,9.08,8.523
1427416596849,37.499377,139.924868,8,-0.169,-1.48,9.272,8.431
1427416596950,37.499375,139.924876,8,-0.167,-1.605,9.231,8.34
1427416597051,37.499373,139.924883,8,-0.22,-1.743,9.177,8.249
1427416597151,37.49937,139.924891,8,-0.177,-1.879,9.411,8.143
1427416597247,37.499368,139.924898,8,-0.158,-2.06,9.93,8.043
1427416597348,37.499365,139.924905,8,-0.229,-2.068,9.839,7.939
1427416597449,37.499362,139.924913,8,-0.201,-2.045,9.566,7.836
1427416597549,37.49936,139.92492,8,-0.209,-2.022,9.548,7.735
1427416597650,37.499357,139.924927,8,-0.169,-2.031,9.54,7.635
1427416597751,37.499354,139.924934,8,-0.097,-1.985,9.442,7.535
1427416597851,37.499352,139.924941,8,-0.077,-2.004,9.501,7.439
1427416597947,37.49935,139.924948,8,-0.092,-1.975,9.518,7.347
1427416598048,37.499347,139.924955,8,-0.17,-1.988,9.413,7.252
1427416598148,37.499346,139.924958,7,-0.196,-1.999,9.395,6.887
1427416598249,37.499345,139.92496,7,-0.179,-2.061,9.508,6.528
1427416598350,37.499343,139.924963,7,-0.127,-2.17,9.788,6.186
1427416598451,37.499342,139.924965,7,-0.131,-2.203,9.842,5.859
1427416598551,37.499341,139.924967,7,-0.145,-2.16,9.523,5.551
1427416598647,37.49934,139.92497,7,-0.189,-2.022,9.337,5.271
1427416598748,37.499339,139.924972,7,-0.193,-1.756,9.504,4.991
1427416598848,37.499339,139.924973,7,-0.131,-1.381,9.79,4.73
1427416598949,37.499338,139.924975,7,-0.035,-1.147,9.839,4.482
1427416599050,37.499337,139.924977,6,0.099,-0.952,9.582,4.25
1427416599150,37.499336,139.92498,6,0.202,-0.881,9.215,4.034
1427416599251,37.499336,139.924983,6,0.245,-0.838,9.082,3.825
1427416599347,37.499335,139.924985,6,0.203,-0.818,9.271,3.636
1427416599448,37.499335,139.924988,6,0.102,-0.885,9.558,3.445
1427416599548,37.499334,139.92499,6,-0.027,-1.004,9.727,3.265
1427416599649,37.499334,139.924992,6,-0.087,-1.11,9.635,3.093
1427416599750,37.499333,139.924994,6,-0.117,-1.2,9.557,2.93
1427416599850,37.499333,139.924996,6,-0.088,-1.307,9.532,2.777
1427416599951,37.499332,139.924998,6,-0.069,-1.52,9.448,2.633
1427416600047,37.499332,139.925,6,-0.071,-1.617,9.586,2.504
1427416600147,37.499331,139.925001,4,0.044,-1.019,10.084,2.248
1427416600248,37.49933,139.925002,4,0.197,-0.125,10.193,2.004
1427416600349,37.49933,139.925003,4,0.302,0.393,9.569,1.779
1427416600450,37.499329,139.925004,4,0.325,0.471,8.915,1.574
1427416600550,37.499328,139.925005,4,0.309,0.375,8.883,1.389
1427416600651,37.499328,139.925006,4,0.291,0.312,9.369,1.222
1427416600747,37.499327,139.925006,4,0.243,0.253,9.838,1.081
1427416600847,37.499327,139.925007,4,0.221,0.251,9.961,0.953
1427416600948,37.499326,139.925008,4,0.207,0.272,9.678,0.842
1427416601049,37.499326,139.925008,4,0.215,0.286,9.39,0.751
1427416601149,37.499327,139.925008,4,0.236,0.274,9.34,0.609
1427416601250,37.499327,139.925009,4,0.237,0.241,9.539,0.48
1427416601351,37.499328,139.925009,4,0.252,0.234,9.724,0.366
1427416601447,37.499328,139.925009,4,0.245,0.257,9.674,0.273
1427416601547,37.499328,139.925009,4,0.245,0.284,9.494,0.19
1427416601648,37.499329,139.92501,4,0.258,0.3,9.462,0.121
1427416601749,37.499329,139.92501,4,0.254,0.301,9.589,0.068
1427416646846,37.499286,139.925168,3,0.24,0.29,9.638,2.25
1427416646851,37.499286,139.925169,3,0.233,0.286,9.642,2.25
1427416646947,37.499287,139.925171,3,-0.17,-0.029,9.633,2.25
1427416647047,37.499287,139.925174,3,-0.606,-0.232,9.075,2.25
1427416647148,37.499288,139.925176,4,-0.779,-0.294,8.878,2.25
1427416647249,37.499289,139.925179,4,-0.77,-0.327,9.217,2.25
1427416647349,37.49929,139.925181,4,-0.667,-0.374,9.565,2.25
1427416647450,37.499291,139.925183,4,-0.613,-0.429,9.701,2.25
1427416647551,37.499293,139.925186,4,-0.642,-0.449,9.681,2.25
1427416647651,37.499294,139.925188,4,-0.673,-0.545,9.774,2.25
1427416647747,37.499295,139.92519,4,-0.681,-0.615,9.822,2.25
1427416647848,37.499296,139.925192,4,-0.612,-0.593,9.517,2.25
1427416647948,37.499297,139.925195,4,-0.511,-0.509,9.248,2.25
1427416648049,37.499298,139.925197,4,-0.462,-0.403,9.168,2.25
1427416648150,37.499299,139.925199,4,-0.364,-0.333,9.205,2.25
1427416648251,37.4993,139.925201,4,-0.14,-0.276,9.525,2.25
1427416648351,37.499301,139.925203,4,0.095,-0.243,9.788,2.25
1427416648447,37.499302,139.925205,4,0.184,0.011,9.865,2.25
1427416648548,37.499303,139.925207,4,0.104,0.125,9.595,2.25
1427416648648,37.499304,139.92521,4,0.02,0.178,9.407,2.25
1427416648749,37.499305,139.925212,4,0.043,0.427,9.634,2.25
1427416664847,37.499745,139.925406,6,0.192,0.543,9.55,2.75
1427416664949,37.499747,139.925407,6,0.101,0.171,9.548,2.75
1427416665049,37.499749,139.925408,6,0.005,-0.066,9.409,2.75
1427416665149,37.499751,139.925409,7,-0.109,-0.189,9.325,2.75
1427416665250,37.499754,139.92541,7,-0.219,-0.299,9.456,2.75
1427416665351,37.499757,139.925412,7,-0.278,-0.371,9.593,2.75
1427416665447,37.499759,139.925413,7,-0.265,-0.411,9.634,2.75
1427416665547,37.499761,139.925414,7,-0.19,-0.434,9.644,2.75
1427416665648,37.499764,139.925415,7,-0.151,-0.421,9.511,2.75
1427416665749,37.499766,139.925416,7,-0.178,-0.456,9.366,2.75
1427416665849,37.499769,139.925418,7,-0.254,-0.551,9.409,2.75
1427416665950,37.499772,139.925419,7,-0.319,-0.658,9.558,2.75
1427416666051,37.499774,139.92542,8,-0.31,-0.746,9.627,2.75
1427416666151,37.499776,139.925421,8,-0.287,-0.83,9.616,2.75
1427416666247,37.499778,139.925422,8,-0.262,-0.905,9.533,2.75
1427416666348,37.499781,139.925423,8,-0.27,-0.965,9.502,2.75
1427416666449,37.499783,139.925424,8,-0.309,-1.022,9.513,2.75
1427416666549,37.499785,139.925425,8,-0.367,-1.086,9.53,2.75
1427416666650,37.499787,139.925427,8,-0.416,-1.132,9.558,2.75
1427416666751,37.499789,139.925428,8,-0.422,-1.175,9.547,2.75
1427416666851,37.499792,139.925429,8,-0.382,-1.183,9.542,2.75
1427416666947,37.499794,139.92543,8,-0.299,-0.976,9.667,2.75
1427416667048,37.499796,139.925431,8,-0.201,-0.597,9.74,2.75
1427416667149,37.499798,139.925432,8,-0.162,-0.259,9.619,2.724
1427416667249,37.499801,139.925433,8,-0.177,-0.032,9.396,2.698
1427416667350,37.499803,139.925434,8,-0.195,0.083,9.291,2.672
1427416667451,37.499805,139.925436,8,-0.185,0.104,9.418,2.647
1427416667551,37.499807,139.925437,8,-0.133,0.094,9.63,2.622
1427416667647,37.499809,139.925438,8,-0.097,0.096,9.672,2.598
1427416667748,37.499812,139.925439,8,-0.085,0.117,9.52,2.573
1427416667848,37.499814,139.92544,8,-0.115,0.139,9.43,2.549
1427416667949,37.499816,139.925441,8,-0.157,0.126,9.483,2.524
1427416668050,37.499818,139.925442,8,-0.169,0.122,9.61,2.5
1427416668150,37.499816,139.925441,8,-0.145,0.114,9.612,2.025
1427416668251,37.499815,139.925441,8,-0.101,0.123,9.531,1.596
1427416668347,37.499813,139.92544,8,-0.084,0.127,9.491,1.236
1427416668448,37.499812,139.92544,8,-0.095,0.12,9.537,0.906
1427416668548,37.499811,139.92544,8,-0.131,0.115,9.596,0.63
1427416668649,37.49981,139.925439,8,-0.151,0.134,9.572,0.402
1427416668750,37.49981,139.925439,8,-0.154,0.146,9.524,0.225
1427416710846,37.501749,139.926237,13,-0.136,0.149,9.499,5.394
1427416710851,37.501749,139.926237,13,-0.132,0.143,9.499,5.397
1427416710951,37.501754,139.926239,13,-0.015,-0.055,9.603,5.448
1427416711047,37.501759,139.926241,13,0.058,-0.133,9.695,5.498
1427416711148,37.501764,139.926243,11,0.116,-0.138,9.677,5.5
1427416711249,37.501768,139.926245,11,0.112,-0.094,9.624,5.5
1427416711349,37.501773,139.926248,11,0.138,-0.088,9.457,5.5
1427416711450,37.501778,139.92625,11,0.166,-0.144,9.392,5.5
1427416711551,37.501783,139.926252,11,0.198,-0.185,9.535,5.5
1427416711651,37.501787,139.926254,11,0.22,-0.181,9.599,5.5
1427416711747,37.501792,139.926256,11,0.186,-0.164,9.715,5.5
1427416711848,37.501797,139.926259,11,0.099,-0.177,9.411,5.5
1427416711948,37.501801,139.926261,11,0.087,-0.162,9.201,5.5
1427416712049,37.501806,139.926263,11,0.095,-0.159,9.496,5.5
1427416712150,37.501812,139.926264,12,0.105,-0.209,9.726,5.571
1427416712251,37.501818,139.926264,12,0.113,-0.24,9.633,5.643
1427416712351,37.501824,139.926265,12,0.087,-0.183,9.514,5.716
1427416712447,37.501829,139.926265,12,0.06,-0.168,9.52,5.786
1427416712548,37.501835,139.926266,12,0.036,-0.173,9.615,5.862
1427416712648,37.501842,139.926266,12,0.059,-0.168,9.542,5.937
1427416712749,37.501848,139.926267,12,0.145,-0.116,9.266,6.014
1427416712850,37.501854,139.926268,12,0.201,-0.044,8.972,6.092
1427416712950,37.501861,139.926268,12,0.151,-0.076,9.23,6.171
1427416713051,37.501867,139.926269,12,-0.044,-0.175,9.519,6.249
1427416713147,37.501873,139.926271,12,-0.021,-0.42,10.447,6.173
1427416713248,37.501878,139.926273,12,-0.026,-0.527,10.838,6.094
1427416713348,37.501884,139.926276,12,-0.065,-0.405,10.003,6.016
1427416713449,37.50189,139.926278,12,-0.068,-0.252,9.284,5.939
1427416713550,37.501895,139.92628,12,0.108,-0.155,9.316,5.863
1427416713650,37.501901,139.926282,12,0.188,-0.073,9.591,5.789
1427416713751,37.501906,139.926284,12,0.176,0.003,9.342,5.714
1427416713847,37.501911,139.926286,12,0.019,0.052,8.863,5.645
1427416713948,37.501917,139.926288,12,-0.034,0.037,8.889,5.572
1427416714048,37.501922,139.92629,12,0.051,-0.103,9.287,5.501
1427416714149,37.501927,139.92629,11,0.21,-0.217,9.869,5.475
1427416714250,37.501931,139.92629,11,0.268,-0.27,10.315,5.449
1427416714350,37.501936,139.92629,11,0.241,-0.23,9.991,5.424
1427416714451,37.501941,139.92629,11,0.252,-0.131,9.295,5.398
1427416714547,37.501945,139.92629,11,0.153,-0.098,9.254,5.374
1427416714647,37.50195,139.926291,11,0.102,-0.115,9.528,5.349
1427416714748,37.501954,139.926291,11,0.153,-0.137,9.524,5.324
1427416739845,37.503014,139.926794,12,0.161,-0.141,9.551,5.3
1427416739850,37.503014,139.926794,12,0.16,-0.139,9.553,5.299
1427416739950,37.503018,139.926795,12,-0.137,-0.264,9.356,5.274
1427416740051,37.503022,139.926796,12,-0.307,-0.4,9.344,5.249
1427416740147,37.503025,139.926798,12,-0.33,-0.502,9.339,5.172
1427416740247,37.503028,139.9268,12,-0.327,-0.64,9.727,5.093
1427416740348,37.503031,139.926803,12,-0.215,-0.68,9.771,5.014
1427416740449,37.503035,139.926805,12,-0.102,-0.705,9.806,4.937
1427416740549,37.503038,139.926807,12,-0.024,-0.665,9.579,4.861
1427416740650,37.503041,139.926809,12,0.047,-0.637,9.248,4.786
1427416740751,37.503044,139.926811,12,-0.003,-0.693,9.414,4.712
1427416740847,37.503046,139.926813,12,-0.134,-0.746,9.71,4.643
1427416740947,37.503049,139.926815,12,-0.225,-0.803,9.786,4.572
1427416741048,37.503052,139.926817,12,-0.262,-0.784,9.579,4.501
1427416741149,37.503055,139.926819,11,-0.239,-0.819,9.53,4.42
1427416741249,37.503058,139.92682,11,-0.229,-0.884,9.494,4.34
1427416741350,37.503061,139.926822,11,-0.226,-1.005,9.362,4.261
1427416741451,37.503063,139.926823,11,-0.196,-1.119,9.329,4.183
1427416741547,37.503066,139.926825,11,-0.148,-1.225,9.515,4.11
1427416741647,37.503069,139.926826,11,-0.054,-1.298,9.658,4.036
1427416741748,37.503071,139.926828,11,0.003,-1.334,9.706,3.962
1427416741849,37.503074,139.926829,11,-0.009,-1.289,9.68,3.89
1427416741949,37.503076,139.926831,11,-0.092,-1.242,9.637,3.82
1427416742050,37.503079,139.926832,11,-0.159,-1.214,9.496,3.75
1427416742151,37.503082,139.926833,11,-0.198,-1.197,9.342,3.635
1427416742251,37.503084,139.926835,11,-0.207,-1.208,9.414,3.524
1427416742347,37.503086,139.926836,11,-0.204,-1.245,9.571,3.421
1427416742448,37.503089,139.926837,11,-0.212,-1.295,9.605,3.315
1427416742549,37.503091,139.926838,11,-0.194,-1.3,9.585,3.213
1427416742649,37.503093,139.92684,11,-0.159,-1.287,9.624,3.114
1427416742750,37.503095,139.926841,11,-0.07,-1.176,9.669,3.018
1427416742851,37.503097,139.926842,11,0.052,-0.816,9.749,2.924
1427416742951,37.503099,139.926843,11,0.083,-0.435,9.692,2.835
1427416743047,37.503101,139.926844,11,0.037,-0.18,9.487,2.753
1427416743148,37.503102,139.926844,11,-0.0,-0.018,9.29,2.666
1427416743248,37.503104,139.926845,11,0.052,0.046,9.314,2.583
1427416743349,37.503105,139.926845,11,0.082,0.034,9.514,2.501
1427416743450,37.503106,139.926846,11,0.123,0.013,9.697,2.422
1427416743551,37.503107,139.926846,11,0.124,0.018,9.634,2.345
1427416743651,37.503109,139.926847,11,0.09,0.05,9.481,2.271
1427416743747,37.50311,139.926847,11,0.042,0.074,9.462,2.202
1427416743848,37.503111,139.926847,11,-0.0,0.057,9.566,2.132
1427416743948,37.503112,139.926848,11,0.007,0.028,9.632,2.066
1427416744049,37.503113,139.926848,11,0.09,0.02,9.592,2.001
1427416744150,37.503111,139.926849,14,0.166,0.043,9.528,1.909
1427416744251,37.50311,139.926849,14,0.194,0.061,9.52,1.821
1427416744351,37.503108,139.92685,14,0.15,0.069,9.582,1.738
1427416744447,37.503107,139.926851,14,0.057,0.062,9.594,1.661
1427416744548,37.503106,139.926851,14,0.001,0.073,9.526,1.583
1427416744648,37.503104,139.926852,14,-0.008,0.077,9.498,1.51
1427416744749,37.503103,139.926852,14,0.038,0.081,9.525,1.439
1427416798844,37.505288,139.9281,12,0.104,0.066,9.556,6.551
1427418178851,37.507109,139.931346,19,0.254,0.056,9.755,5.049
1427418178947,37.507114,139.931348,19,0.149,-0.381,9.948,5.025
1427418179048,37.50712,139.93135,19,0.041,-0.716,10.008,5.0
1427418179148,37.507123,139.931351,10,-0.069,-0.861,9.666,4.949
1427418179249,37.507126,139.931351,10,-0.142,-0.917,9.392,4.896
1427418179350,37.507129,139.931352,10,-0.173,-0.972,9.401,4.844
1427418179451,37.507132,139.931353,10,-0.149,-1.049,9.658,4.793
1427418179551,37.507135,139.931354,10,-0.115,-1.132,9.823,4.743
1427418179647,37.507138,139.931354,10,-0.078,-1.127,9.738,4.695
1427418179748,37.507141,139.931355,10,-0.091,-1.104,9.622,4.645
1427418179848,37.507143,139.931356,10,-0.165,-1.092,9.546,4.597
1427418179949,37.507146,139.931356,10,-0.193,-1.112,9.484,4.548
1427418180050,37.507149,139.931357,13,-0.171,-1.144,9.538,4.5
1427418180150,37.507154,139.931358,13,-0.136,-1.173,9.692,4.419
1427418180251,37.507158,139.931359,13,-0.116,-1.173,9.728,4.338
1427418180347,37.507163,139.93136,13,-0.132,-1.18,9.634,4.263
1427418180447,37.507167,139.931362,13,-0.145,-1.157,9.591,4.186
1427418180548,37.507171,139.931363,13,-0.184,-1.169,9.584,4.109
1427418180649,37.507176,139.931364,13,-0.216,-1.193,9.619,4.034
1427418180750,37.50718,139.931365,13,-0.198,-1.162,9.616,3.961
1427418180850,37.507184,139.931366,13,-0.164,-1.151,9.543,3.889
1427418180951,37.507188,139.931367,13,-0.146,-1.18,9.569,3.818
1427418181047,37.507192,139.931368,13,-0.156,-1.237,9.668,3.752
1427418181147,37.507197,139.931368,14,-0.167,-1.267,9.732,3.698
1427418181248,37.507202,139.931369,14,-0.189,-1.262,9.67,3.645
1427418181349,37.507207,139.931369,14,-0.223,-1.268,9.57,3.593
1427418181449,37.507212,139.931369,14,-0.23,-1.286,9.571,3.542
1427418181550,37.507217,139.93137,14,-0.22,-1.332,9.617,3.491
1427418181651,37.507222,139.93137,14,-0.2,-1.388,9.651,3.441
1427418181747,37.507226,139.93137,14,-0.179,-1.313,9.744,3.394
1427418181847,37.507231,139.93137,14,-0.075,-0.805,9.926,3.346
1427418181948,37.507235,139.931371,14,-0.031,-0.391,9.781,3.298
1427418182049,37.50724,139.931371,14,-0.012,-0.135,9.471,3.25
1427418182149,37.507243,139.931372,14,0.02,0.013,9.306,3.224
1427418182250,37.507245,139.931373,14,0.049,0.046,9.415,3.198
1427418182351,37.507248,139.931374,14,0.09,0.013,9.661,3.173
1427418182447,37.50725,139.931375,14,0.153,0.003,9.786,3.148
1427418182547,37.507253,139.931376,14,0.163,0.09,9.62,3.123
1427418182648,37.507255,139.931376,14,0.07,0.35,9.563,3.098
1427418182749,37.507258,139.931377,14,0.155,0.811,9.692,3.073
1427418200846,37.507159,139.931988,11,0.135,1.125,9.616,2.75
1427418200851,37.507159,139.931988,11,0.127,1.133,9.619,2.75
1427418200952,37.507157,139.931991,11,-0.043,0.454,9.555,2.75
1427418201047,37.507156,139.931994,11,-0.127,-0.115,9.561,2.75
1427418201148,37.507155,139.931996,5,-0.146,-0.481,9.65,2.724
1427418201249,37.507153,139.931999,5,-0.131,-0.67,9.704,2.698
1427418201349,37.507152,139.932001,5,-0.085,-0.713,9.702,2.673
1427418201450,37.50715,139.932004,5,-0.043,-0.525,9.747,2.647
1427418201551,37.507149,139.932006,5,-0.058,-0.292,9.695,2.622
1427418201647,37.507147,139.932009,5,-0.06,-0.103,9.573,2.598
1427418201747,37.507146,139.932011,5,-0.054,0.005,9.451,2.573
1427418201848,37.507145,139.932013,5,-0.028,0.036,9.48,2.549
1427418201949,37.507143,139.932016,5,0.022,0.04,9.653,2.524
1427418202049,37.507142,139.932018,5,0.059,0.052,9.74,2.5
1427418202150,37.507141,139.93202,6,0.055,0.073,9.638,2.5
1427418202251,37.50714,139.932022,6,0.025,0.11,9.534,2.5
1427418202351,37.507139,139.932025,6,-0.036,0.105,9.563,2.5
1427418202447,37.507138,139.932027,6,-0.049,0.09,9.633,2.5
1427418202548,37.507137,139.932029,6,-0.035,0.086,9.654,2.5
1427418202649,37.507136,139.932031,6,-0.005,0.097,9.625,2.5
1427418202749,37.507135,139.932033,6,0.036,0.104,9.558,2.5
1427418291846,37.506695,139.933826,12,0.036,0.099,9.577,9.05
1427418291851,37.506695,139.933827,12,0.037,0.096,9.581,9.049
1427418291951,37.506694,139.933836,12,-0.015,-0.183,9.718,9.024
1427418292047,37.506692,139.933846,12,-0.059,-0.393,9.655,9.001
1427418292148,37.50669,139.933855,12,-0.088,-0.486,9.551,8.924
1427418292248,37.506687,139.933864,12,-0.079,-0.518,9.565,8.846
1427418292349,37.506685,139.933873,12,-0.102,-0.542,9.56,8.769
1427418292450,37.506683,139.933881,12,-0.098,-0.555,9.52,8.692
1427418292551,37.506681,139.93389,12,-0.129,-0.587,9.562,8.616
1427418292651,37.506679,139.933899,12,-0.132,-0.614,9.673,8.541
1427418292747,37.506676,139.933907,12,-0.115,-0.584,9.647,8.47
1427418292848,37.506674,139.933915,12,-0.076,-0.598,9.506,8.396
1427418292948,37.506672,139.933924,12,-0.052,-0.573,9.375,8.324
1427418293049,37.50667,139.933932,12,0.033,-0.637,9.72,8.251
1427418293150,37.506666,139.933938,14,0.135,-0.72,10.035,8.144
1427418293251,37.506663,139.933944,14,0.261,-0.701,9.666,8.039
1427418293351,37.506659,139.93395,14,0.382,-0.68,9.251,7.935
1427418293447,37.506656,139.933956,14,0.497,-0.737,9.363,7.838
1427418293548,37.506653,139.933962,14,0.601,-0.759,9.46,7.736
1427418293648,37.506649,139.933968,14,0.665,-0.819,9.566,7.636
1427418293749,37.506646,139.933973,14,0.725,-0.881,9.577,7.537
1427418293850,37.506642,139.933979,14,0.773,-0.906,9.52,7.44
1427418293950,37.506639,139.933985,14,0.707,-1.018,9.608,7.344
1427418294051,37.506636,139.93399,15,0.499,-1.207,9.773,7.249
1427418294147,37.506633,139.933994,15,0.313,-1.321,9.775,7.118
1427418294247,37.506631,139.933997,15,0.171,-1.412,9.545,6.985
1427418294348,37.506628,139.934001,15,0.076,-1.45,9.449,6.853
1427418294449,37.506626,139.934004,15,0.073,-1.485,9.568,6.723
1427418294550,37.506623,139.934008,15,0.073,-1.508,9.634,6.596
1427418294650,37.506621,139.934011,15,0.019,-1.505,9.442,6.472
1427418294751,37.506619,139.934015,15,0.014,-1.452,9.337,6.349
1427418294847,37.506617,139.934018,15,0.047,-1.459,9.34,6.235
1427418294947,37.506614,139.934021,15,0.102,-1.484,9.467,6.118
1427418295048,37.506612,139.934024,15,0.15,-1.556,9.656,6.002
1427418295149,37.506609,139.93403,15,0.209,-1.589,9.76,5.921
1427418295250,37.506607,139.934036,15,0.243,-1.587,9.65,5.842
1427418295350,37.506604,139.934042,15,0.246,-1.571,9.473,5.764
1427418295451,37.506602,139.934048,15,0.198,-1.587,9.397,5.687
1427418295547,37.5066,139.934053,15,0.144,-1.602,9.478,5.615
1427418295647,37.506597,139.934059,15,0.121,-1.614,9.643,5.54
1427418295748,37.506595,139.934065,15,0.089,-1.6,9.651,5.466
1427418295849,37.506593,139.93407,15,0.078,-1.49,9.598,5.393
1427418295950,37.50659,139.934076,15,0.155,-1.264,9.634,5.321
1427418296050,37.506588,139.934081,13,0.283,-0.914,9.679,5.25
1427418296151,37.506587,139.934084,13,0.362,-0.633,9.624,5.041
1427418296247,37.506586,139.934087,13,0.41,-0.395,9.53,4.85
1427418296347,37.506585,139.93409,13,0.418,-0.251,9.462,4.657
1427418296448,37.506584,139.934093,13,0.408,-0.195,9.49,4.47
1427418296549,37.506584,139.934096,13,0.353,-0.18,9.583,4.289
1427418296649,37.506583,139.934099,13,0.29,-0.166,9.613,4.118
1427418296750,37.506582,139.934102,13,0.227,-0.131,9.572,3.952
1427418316846,37.505733,139.934004,12,0.208,0.047,9.555,5.55
1427418316851,37.505732,139.934004,12,0.21,0.057,9.553,5.549
1427418316947,37.505728,139.934002,12,0.243,-0.06,9.149,5.525
1427418317048,37.505724,139.934001,12,0.197,-0.108,8.982,5.5
1427418317149,37.50572,139.934,12,0.087,-0.149,9.187,5.421
1427418317249,37.505715,139.933999,12,0.014,-0.179,9.406,5.342
1427418317350,37.505711,139.933998,12,-0.03,-0.195,9.548,5.263
1427418317451,37.505706,139.933998,12,0.019,-0.197,9.434,5.186
1427418317551,37.505702,139.933997,12,0.16,-0.139,9.363,5.111
1427418317647,37.505698,139.933996,12,0.351,-0.157,9.425,5.039
1427418317748,37.505694,139.933995,12,0.444,-0.188,9.676,4.965
1427418317848,37.50569,139.933995,12,0.377,-0.158,9.816,4.893
1427418317949,37.505686,139.933994,12,0.191,-0.105,9.717,4.821
1427418318050,37.505682,139.933993,11,0.004,-0.04,9.489,4.75
1427418318151,37.505678,139.933992,11,-0.125,-0.001,9.34,4.724
1427418318251,37.505673,139.933991,11,-0.162,-0.01,9.416,4.699
1427418318347,37.505669,139.933989,11,-0.099,-0.016,9.535,4.674
1427418318448,37.505665,139.933988,11,0.015,-0.067,9.596,4.649
1427418318548,37.505661,139.933987,11,0.149,-0.096,9.609,4.624
1427418318649,37.505657,139.933986,11,0.282,-0.175,9.631,4.599
1427418318750,37.505652,139.933985,11,0.339,-0.326,9.683,4.574
1427418318850,37.505648,139.933983,11,0.357,-0.472,9.732,4.549
1427418318951,37.505644,139.933982,11,0.301,-0.607,9.672,4.524
1427418319047,37.50564,139.933981,11,0.17,-0.691,9.542,4.501
1427418319148,37.505636,139.933981,11,0.047,-0.733,9.493,4.5
1427418319248,37.505632,139.93398,11,-0.037,-0.829,9.533,4.5
1427418319349,37.505628,139.933979,11,-0.083,-0.949,9.529,4.5
1427418319450,37.505624,139.933979,11,-0.067,-1.067,9.464,4.5
1427418319550,37.50562,139.933978,11,-0.023,-1.218,9.463,4.5
1427418319651,37.505616,139.933978,11,0.023,-1.328,9.544,4.5
1427418319747,37.505612,139.933978,11,0.015,-1.427,9.599,4.5
1427418319847,37.505608,139.933977,11,-0.032,-1.469,9.556,4.5
1427418319948,37.505604,139.933977,11,-0.061,-1.474,9.536,4.5
1427418320049,37.5056,139.933976,11,-0.08,-1.514,9.53,4.5
1427418320150,37.505597,139.933975,11,-0.126,-1.567,9.511,4.389
1427418320250,37.505594,139.933974,11,-0.147,-1.607,9.524,4.28
1427418320351,37.505591,139.933974,11,-0.148,-1.612,9.571,4.173
1427418320447,37.505589,139.933973,11,-0.131,-1.57,9.56,4.073
1427418320547,37.505586,139.933972,11,-0.133,-1.548,9.506,3.972
1427418320648,37.505584,139.933972,11,-0.152,-1.583,9.524,3.872
1427418320749,37.505581,139.933971,11,-0.157,-1.628,9.583,3.775
1427418320849,37.505579,139.93397,11,-0.177,-1.67,9.572,3.681
1427418320950,37.505576,139.93397,11,-0.194,-1.701,9.55,3.589
1427418321051,37.505574,139.933969,11,-0.217,-1.748,9.549,3.498
1427418321147,37.505571,139.933968,11,-0.23,-1.783,9.575,3.279
1427418321247,37.505568,139.933968,11,-0.164,-1.618,9.691,3.063
1427418321348,37.505565,139.933967,11,-0.114,-1.299,9.712,2.856
1427418321449,37.505563,139.933967,11,-0.076,-0.932,9.643,2.662
1427418321549,37.50556,139.933966,11,-0.07,-0.633,9.502,2.481
1427418321650,37.505558,139.933966,11,-0.045,-0.45,9.353,2.31
1427418321751,37.505555,139.933965,11,0.005,-0.36,9.366,2.151
1427418321847,37.505554,139.933965,11,0.04,-0.373,9.541,2.011
1427418321947,37.505552,139.933964,11,0.056,-0.459,9.654,1.876
1427418322048,37.50555,139.933964,11,0.027,-0.578,9.56,1.752
1427418322149,37.505551,139.933964,12,-0.035,-0.67,9.494,1.564
1427418322249,37.505552,139.933963,12,-0.04,-0.579,9.674,1.391
1427418322350,37.505553,139.933963,12,0.022,-0.232,9.837,1.229
1427418322451,37.505553,139.933962,12,0.084,0.1,9.707,1.082
1427418322552,37.505554,139.933962,12,0.115,0.229,9.402,0.949
1427418322647,37.505554,139.933962,12,0.124,0.289,9.301,0.837
1427418322748,37.505555,139.933962,12,0.118,0.278,9.466,0.731
1427418322849,37.505555,139.933961,12,0.109,0.145,9.633,0.64
1427418322949,37.505556,139.933961,12,0.093,0.062,9.69,0.563
1427418323050,37.505556,139.933961,12,0.118,0.095,9.636,0.5
1427418323151,37.505558,139.933961,12,0.118,0.182,9.548,0.404
1427418323251,37.505559,139.93396,12,0.117,0.237,9.493,0.319
1427418323347,37.50556,139.93396,12,0.092,0.196,9.497,0.247
1427418323448,37.505561,139.93396,12,0.092,0.131,9.593,0.181
1427418323548,37.505562,139.933959,12,0.119,0.095,9.645,0.126
1427418323649,37.505563,139.933959,12,0.127,0.111,9.582,0.08
1427418323750,37.505563,139.933959,12,0.126,0.173,9.513,0.045
1427418415847,37.502736,139.936377,14,0.091,0.192,9.507,4.75
1427418415948,37.502732,139.936381,14,-0.659,0.152,9.552,4.75
1427418416049,37.502728,139.936386,14,-1.225,0.141,9.677,4.75
1427418416149,37.502727,139.936391,14,-1.586,0.129,9.626,4.641
1427418416250,37.502727,139.936397,14,-1.85,0.173,9.774,4.531
1427418416351,37.502726,139.936402,14,-1.907,0.353,9.429,4.424
1427418416447,37.502725,139.936407,14,-1.961,0.509,9.296,4.325
1427418416547,37.502725,139.936412,14,-1.995,0.474,9.366,4.224
1427418416648,37.502724,139.936417,14,-1.791,0.358,9.327,4.124
1427418416749,37.502724,139.936422,14,-1.461,0.382,9.23,4.026
1427418434846,37.502634,139.937543,17,-1.386,0.466,9.513,4.143
1427418434851,37.502634,139.937544,17,-1.378,0.463,9.531,4.139
1427418434947,37.502631,139.937548,17,-0.749,0.078,9.648,4.071
1427418435047,37.502628,139.937552,17,-0.299,-0.236,9.673,4.002
1427418435148,37.502629,139.937557,17,-0.059,-0.407,9.577,3.92
1427418435249,37.50263,139.937561,17,0.082,-0.463,9.518,3.838
1427418435349,37.502631,139.937566,17,0.184,-0.488,9.504,3.759
1427418435450,37.502632,139.93757,17,0.247,-0.477,9.429,3.681
1427418435551,37.502633,139.937575,17,0.252,-0.332,9.478,3.605
1427418435652,37.502634,139.937579,17,0.257,-0.203,9.579,3.53
1427418435747,37.502635,139.937583,17,0.287,-0.134,9.626,3.461
1427418435848,37.502636,139.937587,17,0.312,-0.08,9.56,3.389
1427418497844,37.499576,139.936291,11,0.31,-0.081,9.553,5.599
1427418497849,37.499576,139.936291,11,0.306,-0.079,9.545,5.597
1427418497950,37.499572,139.936289,11,0.045,-0.218,9.557,5.548
1427418498050,37.499567,139.936287,11,-0.035,-0.343,9.779,5.5
1427418498151,37.499562,139.936285,11,-0.124,-0.33,9.566,5.474
1427418498247,37.499557,139.936282,11,-0.176,-0.301,9.309,5.45
1427418498347,37.499552,139.93628,11,-0.179,-0.309,9.343,5.425
1427418498448,37.499547,139.936278,11,-0.199,-0.355,9.682,5.399
1427418498549,37.499542,139.936275,11,-0.216,-0.355,9.764,5.374
1427418498649,37.499537,139.936273,11,-0.295,-0.321,9.531,5.349
1427418498750,37.499532,139.936271,11,-0.299,-0.283,9.339,5.324
1427418498851,37.499528,139.936268,11,-0.337,-0.284,9.288,5.299
1427418498947,37.499523,139.936266,11,-0.228,-0.306,9.469,5.275
1427418499047,37.499518,139.936264,11,-0.148,-0.335,9.677,5.251
1427418499148,37.499516,139.936263,12,-0.096,-0.369,9.652,5.171
1427418499249,37.499513,139.936262,12,-0.118,-0.367,9.645,5.092
1427418499349,37.499511,139.936261,12,-0.225,-0.349,9.561,5.014
1427418499450,37.499508,139.93626,12,-0.251,-0.305,9.362,4.936
1427418499551,37.499506,139.936259,12,-0.248,-0.306,9.29,4.86
1427418499652,37.499504,139.936258,12,-0.245,-0.328,9.54,4.785
1427418499747,37.499502,139.936257,12,-0.099,-0.358,9.808,4.715
1427418499848,37.499499,139.936256,12,0.007,-0.36,9.688,4.642
1427418499949,37.499497,139.936255,12,0.026,-0.369,9.678,4.571
1427418500050,37.499495,139.936254,12,0.155,-0.286,9.341,4.5
1427418500150,37.499493,139.936253,12,0.351,-0.283,9.19,4.419
1427418500251,37.499491,139.936251,12,0.59,-0.4,9.581,4.338
1427418500351,37.49949,139.93625,12,0.683,-0.475,9.913,4.26
1427418500447,37.499488,139.936249,12,0.754,-0.499,9.924,4.186
1427418500548,37.499486,139.936247,12,0.857,-0.496,9.755,4.109
1427418500648,37.499484,139.936246,12,0.875,-0.347,9.506,4.035
1427418500749,37.499483,139.936245,12,0.822,-0.164,9.111,3.961
1427418500850,37.499481,139.936243,12,0.852,-0.152,9.293,3.889
1427418500951,37.49948,139.936242,12,0.877,-0.169,9.493,3.818
1427418501051,37.499478,139.936241,12,0.992,-0.196,9.516,3.75
1427418501147,37.499475,139.93624,12,1.118,-0.241,9.676,3.774
1427418501248,37.499471,139.936239,12,1.064,-0.277,9.771,3.798
1427418501348,37.499468,139.936238,12,0.952,-0.275,9.5,3.823
1427418501449,37.499464,139.936237,12,0.849,-0.245,9.301,3.848
1427418501550,37.499461,139.936237,12,0.8,-0.337,9.394,3.873
1427418501651,37.499457,139.936236,12,0.909,-0.406,9.563,3.898
1427418501751,37.499454,139.936235,12,1.09,-0.423,9.523,3.924
1427418501847,37.49945,139.936234,12,1.185,-0.43,9.627,3.948
1427418501948,37.499447,139.936233,12,1.239,-0.525,9.98,3.974
1427418502048,37.499443,139.936232,12,1.251,-0.475,9.745,3.999
1427418502149,37.499439,139.936232,13,1.177,-0.398,9.221,4.0
1427418502250,37.499436,139.936233,13,0.991,-0.436,9.368,4.0
1427418502350,37.499432,139.936233,13,0.793,-0.483,9.735,4.0
1427418502451,37.499429,139.936233,13,0.658,-0.458,9.754,4.0
1427418502547,37.499425,139.936233,13,0.64,-0.417,9.506,4.0
1427418502648,37.499421,139.936234,13,0.732,-0.387,9.338,4.0
1427418502748,37.499418,139.936234,13,0.704,-0.416,9.622,4.0
1427418502849,37.499414,139.936234,13,0.622,-0.459,9.687,4.0
1427418502950,37.499411,139.936235,13,0.506,-0.451,9.49,4.0
1427418503050,37.499407,139.936235,13,0.506,-0.447,9.399,4.0
1427418503151,37.499404,139.936233,13,0.564,-0.439,9.353,3.946
1427418503247,37.499402,139.936231,13,0.593,-0.367,9.209,3.896
1427418503347,37.499399,139.936229,13,0.54,-0.399,9.408,3.845
1427418503448,37.499397,139.936228,13,0.574,-0.471,9.799,3.793
1427418503549,37.499394,139.936226,13,0.64,-0.47,9.737,3.742
1427418503650,37.499392,139.936224,13,0.603,-0.382,9.415,3.692
1427418503750,37.499389,139.936222,13,0.487,-0.451,9.566,3.643
1427418503851,37.499387,139.93622,13,0.342,-0.477,9.887,3.594
1427418503947,37.499384,139.936219,13,0.296,-0.391,9.634,3.548
1427418504047,37.499382,139.936217,13,0.357,-0.318,9.244,3.501
1427418504148,37.499384,139.936212,15,0.462,-0.28,9.173,3.5
1427418504249,37.499386,139.936206,15,0.444,-0.329,9.685,3.5
1427418504350,37.499388,139.936201,15,0.343,-0.39,9.937,3.5
1427418504450,37.49939,139.936195,15,0.345,-0.307,9.576,3.5
1427418504551,37.499392,139.93619,15,0.428,-0.235,9.203,3.5
1427418504647,37.499394,139.936185,15,0.509,-0.261,9.33,3.5
1427418504747,37.499396,139.936179,15,0.472,-0.293,9.617,3.5
1427418504848,37.499398,139.936174,15,0.386,-0.269,9.565,3.5
1427418504949,37.4994,139.936168,15,0.277,-0.25,9.441,3.5
1427418505050,37.499402,139.936163,15,0.114,-0.238,9.53,3.5
1427418505150,37.499403,139.936158,15,0.057,-0.262,9.572,3.474
1427418505251,37.499404,139.936153,15,0.173,-0.258,9.6,3.448
1427418505347,37.499405,139.936148,15,0.321,-0.257,9.539,3.424
1427418505447,37.499406,139.936144,15,0.41,-0.261,9.425,3.399
1427418505548,37.499407,139.936139,15,0.381,-0.283,9.472,3.373
1427418505649,37.499408,139.936134,15,0.306,-0.299,9.728,3.348
1427418505749,37.499409,139.936129,15,0.327,-0.286,9.765,3.323
1427418505850,37.49941,139.936124,15,0.405,-0.275,9.609,3.299
1427418505951,37.499411,139.93612,15,0.486,-0.282,9.509,3.274
1427418506047,37.499412,139.936115,15,0.522,-0.295,9.513,3.251
1427418506147,37.499413,139.936111,6,0.55,-0.282,9.635,3.273
1427418506248,37.499413,139.936107,6,0.535,-0.267,9.616,3.298
1427418506349,37.499414,139.936103,6,0.473,-0.245,9.551,3.323
1427418506449,37.499414,139.936099,6,0.33,-0.215,9.594,3.348
1427418506550,37.499415,139.936094,6,0.151,-0.156,9.627,3.373
1427418506651,37.499416,139.93609,6,-0.027,-0.114,9.503,3.398
1427418506751,37.499416,139.936086,6,-0.115,-0.052,9.387,3.423
1427418506847,37.499417,139.936082,6,-0.145,-0.031,9.388,3.448
1427418514848,37.499498,139.935723,4,-0.145,-0.032,9.391,4.0
1427418514949,37.4995,139.935719,4,-0.147,-0.05,9.469,4.0
1427418515050,37.499501,139.935714,4,-0.147,0.011,9.358,4.0
1427418515151,37.499502,139.93571,4,-0.136,0.062,9.234,4.0
1427418515251,37.499503,139.935705,4,-0.117,0.017,9.434,4.0
1427418515347,37.499505,139.935701,4,-0.075,-0.009,9.577,4.0
1427418515448,37.499506,139.935696,4,-0.002,-0.025,9.522,4.0
1427418515548,37.499507,139.935692,4,0.009,-0.018,9.696,4.0
1427418515649,37.499508,139.935688,4,-0.005,0.035,9.592,4.0
1427418515750,37.499509,139.935683,4,-0.056,0.045,9.439,4.0
1427418515850,37.499511,139.935679,4,-0.052,0.038,9.515,4.0
1427418515951,37.499512,139.935674,4,-0.016,0.029,9.61,4.0
1427418516047,37.499513,139.93567,4,0.007,0.033,9.538,4.0
1427418516148,37.499514,139.935665,5,-0.0,0.0,9.591,4.0
1427418516248,37.499516,139.935661,5,0.023,0.011,9.674,4.0
1427418516349,37.499517,139.935656,5,0.014,0.044,9.488,4.0
1427418516450,37.499518,139.935652,5,-0.005,0.033,9.336,4.0
1427418516550,37.499519,139.935647,5,-0.064,-0.142,9.406,4.0
1427418516651,37.499521,139.935642,5,-0.082,-0.374,9.475,4.0
1427418516747,37.499522,139.935638,5,-0.083,-0.57,9.536,4.0
1427418516847,37.499523,139.935633,5,-0.095,-0.668,9.643,4.0
1427418516948,37.499525,139.935629,5,-0.092,-0.753,9.641,4.0
1427418517049,37.499526,139.935624,5,-0.08,-0.762,9.495,4.0
1427418517150,37.499527,139.93562,5,-0.102,-0.78,9.433,4.0
1427418517250,37.499529,139.935616,5,-0.115,-0.815,9.513,4.0
1427418517351,37.49953,139.935611,5,-0.108,-0.812,9.597,4.0
1427418517447,37.499531,139.935607,5,-0.041,-0.568,9.787,4.0
1427418517547,37.499532,139.935603,5,0.011,-0.305,9.692,4.0
1427418517648,37.499534,139.935599,5,0.03,-0.111,9.479,4.0
1427418517749,37.499535,139.935595,5,0.018,-0.022,9.353,4.0
1427418517849,37.499536,139.93559,5,-0.011,0.007,9.442,4.0
1427418517950,37.499538,139.935586,5,-0.036,-0.006,9.633,4.0
1427418518051,37.499539,139.935582,4,-0.031,0.008,9.612,3.999
1427418518147,37.49954,139.935578,4,-0.008,0.047,9.532,3.92
1427418518247,37.499541,139.935575,4,0.049,0.058,9.481,3.84
1427418518348,37.499543,139.935571,4,0.108,0.056,9.546,3.76
1427418518449,37.499544,139.935568,4,0.136,0.017,9.618,3.682
1427418518549,37.499545,139.935564,4,0.129,-0.007,9.661,3.606
1427418518650,37.499546,139.935561,4,0.096,0.005,9.598,3.531
1427418518751,37.499547,139.935557,4,0.028,-0.005,9.511,3.458
1427418518851,37.499548,139.935554,4,-0.049,-0.202,9.361,3.387
1427418518947,37.499549,139.935551,4,-0.105,-0.423,9.375,3.32
1427418519048,37.49955,139.935548,4,-0.115,-0.65,9.549,3.251
1427418519149,37.499551,139.935545,3,-0.107,-0.804,9.71,3.25
1427418519249,37.499552,139.935541,3,-0.08,-0.908,9.745,3.25
1427418519350,37.499553,139.935538,3,-0.059,-0.965,9.671,3.25
1427418519451,37.499554,139.935534,3,-0.076,-0.897,9.528,3.25
1427418519551,37.499556,139.93553,3,-0.073,-0.676,9.588,3.25
1427418519647,37.499557,139.935527,3,-0.064,-0.453,9.66,3.25
1427418519748,37.499558,139.935524,3,-0.068,-0.257,9.554,3.25
1427418519848,37.499559,139.93552,3,-0.066,-0.105,9.328,3.25
1427418519949,37.49956,139.935517,3,-0.039,-0.03,9.344,3.25
1427418520050,37.499561,139.935513,3,0.013,-0.008,9.511,3.25
1427418520151,37.499562,139.93551,3,0.032,-0.037,9.688,3.224
1427418520251,37.499563,139.935506,3,0.065,-0.016,9.7,3.198
1427418520347,37.499564,139.935503,3,0.054,0.049,9.465,3.174
1427418520448,37.499565,139.9355,3,0.029,0.088,9.299,3.148
1427418520548,37.499566,139.935496,3,-0.052,-0.082,9.353,3.123
1427418520649,37.499567,139.935493,3,-0.15,-0.518,9.443,3.098
1427418520750,37.499568,139.93549,3,-0.213,-0.94,9.51,3.073
1427418520851,37.499569,139.935486,3,-0.238,-1.209,9.624,3.048
1427418520951,37.49957,139.935483,3,-0.271,-1.382,9.668,3.024
1427418521047,37.499571,139.93548,3,-0.256,-1.483,9.69,3.001
1427418521148,37.499572,139.935477,3,-0.187,-1.418,9.695,3.0
1427418521248,37.499573,139.935474,3,-0.093,-0.923,9.791,3.0
1427418521349,37.499574,139.935471,3,-0.059,-0.485,9.699,3.0
1427418521450,37.499575,139.935468,3,-0.061,-0.203,9.476,3.0
1427418521551,37.499576,139.935465,3,-0.062,-0.033,9.268,3.0
1427418521651,37.499576,139.935463,3,-0.068,-0.041,9.191,3.0
1427418521747,37.499577,139.93546,3,-0.108,-0.37,9.231,3.0
1427418521848,37.499578,139.935457,3,-0.149,-0.767,9.472,3.0
1427418521948,37.499579,139.935454,3,-0.197,-1.065,9.742,3.0
1427418522049,37.49958,139.935451,3,-0.231,-1.222,9.809,3.0
1427418522150,37.499581,139.935449,3,-0.24,-1.246,9.632,2.882
1427418522250,37.499581,139.935447,3,-0.252,-1.259,9.515,2.768
1427418522351,37.499582,139.935445,3,-0.315,-1.327,9.541,2.657
1427418522447,37.499583,139.935443,3,-0.4,-1.385,9.566,2.555
1427418522547,37.499583,139.935441,3,-0.399,-1.435,9.55,2.453
1427418522648,37.499584,139.935439,3,-0.283,-1.227,9.686,2.354
1427418522749,37.499584,139.935438,3,-0.128,-0.791,9.736,2.259
1427418522850,37.499585,139.935436,3,-0.031,-0.413,9.58,2.168
1427418522950,37.499586,139.935434,3,0.006,-0.14,9.343,2.082
1427418523051,37.499586,139.935433,3,-0.005,-0.014,9.231,1.998
1427418523147,37.499586,139.935432,3,-0.037,0.013,9.373,1.829
1427418523247,37.499587,139.935431,3,-0.045,-0.004,9.617,1.664
1427418523348,37.499587,139.935431,3,-0.028,0.001,9.683,1.509
1427418523449,37.499588,139.93543,3,-0.009,0.048,9.531,1.365
1427418523550,37.499588,139.935429,3,-0.014,0.095,9.391,1.233
1427418523650,37.499588,139.935429,3,-0.013,0.134,9.45,1.114
1427418523751,37.499588,139.935428,3,-0.038,0.119,9.58,1.005
1427418523847,37.499589,139.935428,3,-0.034,0.098,9.637,0.912
1427418538847,37.499754,139.93477,5,-0.03,0.096,9.636,5.5
1427418538948,37.499756,139.934763,5,-0.058,-0.057,9.706,5.5
1427418539049,37.499757,139.934757,5,-0.084,-0.125,9.639,5.5
1427418539149,37.499758,139.934752,4,-0.064,-0.121,9.4,5.475
1427418539250,37.49976,139.934746,4,-0.024,-0.142,9.394,5.449
1427418539351,37.499761,139.93474,4,0.041,-0.156,9.552,5.424
1427418539451,37.499763,139.934735,4,0.095,-0.163,9.453,5.398
1427418539547,37.499764,139.93473,4,0.122,-0.159,9.491,5.374
1427418539648,37.499765,139.934724,4,0.083,-0.204,9.628,5.349
1427418539748,37.499767,139.934719,4,0.039,-0.162,9.609,5.324
1427418539849,37.499768,139.934714,4,0.012,-0.13,9.505,5.299
1427418539950,37.49977,139.934708,4,0.005,-0.154,9.609,5.274
1427418540050,37.499771,139.934703,5,0.009,-0.155,9.636,5.25
1427418540151,37.499772,139.934697,5,0.007,-0.143,9.532,5.25
1427418540247,37.499772,139.934692,5,0.004,-0.137,9.605,5.25
1427418540348,37.499773,139.934686,5,-0.004,-0.141,9.536,5.25
1427418540448,37.499774,139.93468,5,0.014,-0.131,9.431,5.25
1427418540549,37.499774,139.934675,5,0.023,-0.14,9.444,5.25
1427418540650,37.499775,139.934669,5,0.028,-0.145,9.6,5.25
1427418540750,37.499776,139.934663,5,0.006,-0.145,9.639,5.25
1427418540851,37.499777,139.934657,5,0.013,-0.157,9.645,5.25
1427418540947,37.499777,139.934652,5,-0.007,-0.178,9.579,5.25
1427418541048,37.499778,139.934646,5,-0.038,-0.161,9.458,5.25
1427418541148,37.49978,139.934642,5,-0.041,-0.139,9.481,5.225
1427418541249,37.499781,139.934637,5,-0.069,-0.133,9.515,5.199
1427418541350,37.499783,139.934633,5,-0.085,-0.113,9.549,5.174
1427418541450,37.499785,139.934628,5,-0.07,-0.145,9.537,5.149
1427418541551,37.499787,139.934624,5,-0.034,-0.157,9.477,5.123
1427418541647,37.499788,139.934619,5,-0.012,-0.153,9.468,5.099
1427418541747,37.49979,139.934615,5,-0.026,-0.139,9.436,5.074
1427418541848,37.499792,139.934611,5,-0.064,-0.123,9.504,5.05
1427418541949,37.499793,139.934606,5,-0.04,-0.136,9.455,5.025
1427418542050,37.499795,139.934602,6,-0.02,-0.144,9.51,5.0
1427418542150,37.499797,139.934598,6,-0.025,-0.134,9.581,5.0
1427418542251,37.499799,139.934593,6,0.005,-0.153,9.589,5.0
1427418542347,37.499801,139.934589,6,0.044,-0.131,9.571,5.0
1427418542447,37.499803,139.934585,6,0.051,-0.149,9.59,5.0
1427418542548,37.499805,139.93458,6,0.024,-0.171,9.608,5.0
1427418542649,37.499808,139.934576,6,0.005,-0.17,9.587,5.0
1427418542750,37.49981,139.934571,6,0.005,-0.166,9.585,5.0
1427418542850,37.499812,139.934567,6,0.01,-0.114,9.581,5.0
1427418542951,37.499814,139.934562,6,0.058,-0.088,9.513,5.0
1427418543047,37.499816,139.934558,6,0.099,-0.114,9.617,5.0
1427418543147,37.499817,139.934552,6,0.068,-0.201,9.633,5.0
1427418543248,37.499819,139.934545,6,0.035,-0.159,9.514,5.0
1427418543349,37.49982,139.934539,6,-0.005,-0.097,9.424,5.0
1427418543449,37.499822,139.934532,6,-0.001,-0.093,9.419,5.0
1427418543550,37.499823,139.934526,6,0.022,-0.132,9.511,5.0
1427418543651,37.499825,139.93452,6,0.03,-0.116,9.537,5.0
1427418543747,37.499826,139.934513,6,0.043,-0.12,9.492,5.0
1427418543847,37.499828,139.934507,6,0.067,-0.114,9.469,5.0
1427418543948,37.499829,139.934501,6,0.034,-0.088,9.415,5.0
1427418544049,37.499831,139.934494,6,0.033,-0.109,9.476,5.0
1427418544149,37.499832,139.934489,6,0.026,-0.134,9.589,4.975
1427418544250,37.499833,139.934484,6,0.029,-0.142,9.601,4.949
1427418544351,37.499834,139.934479,6,0.011,-0.137,9.444,4.923
1427418544452,37.499835,139.934474,6,-0.013,-0.159,9.496,4.898
1427418544547,37.499837,139.934469,6,-0.015,-0.153,9.591,4.874
1427418544648,37.499838,139.934464,6,-0.005,-0.181,9.594,4.849
1427418544749,37.499839,139.934459,6,0.0,-0.165,9.587,4.824
1427418544849,37.49984,139.934455,6,0.022,-0.145,9.56,4.799
1427418544950,37.499841,139.93445,6,0.03,-0.201,9.492,4.774
1427418545051,37.499842,139.934445,6,-0.017,-0.383,9.469,4.75
1427418545151,37.499844,139.93444,6,-0.044,-0.567,9.567,4.75
1427418545247,37.499846,139.934434,6,-0.058,-0.737,9.687,4.75
1427418545348,37.499848,139.934429,6,-0.055,-0.843,9.781,4.75
1427418545449,37.49985,139.934423,6,-0.061,-0.878,9.574,4.75
1427418545549,37.499851,139.934418,6,-0.102,-0.816,9.406,4.75
1427418545650,37.499853,139.934413,6,-0.051,-0.621,9.515,4.75
1427418545751,37.499855,139.934407,6,0.028,-0.478,9.642,4.75
1427418545851,37.499857,139.934402,6,0.069,-0.395,9.556,4.75
1427418545947,37.499859,139.934397,6,0.066,-0.371,9.429,4.75
1427418546048,37.499861,139.934391,6,0.035,-0.33,9.472,4.75
1427418546148,37.499862,139.934386,6,0.007,-0.333,9.566,4.725
1427418546249,37.499862,139.93438,6,0.055,-0.309,9.573,4.699
1427418546350,37.499863,139.934374,6,0.048,-0.345,9.565,4.674
1427418546451,37.499863,139.934369,6,0.017,-0.317,9.642,4.648
1427418546551,37.499864,139.934364,6,-0.001,-0.295,9.571,4.623
1427418546647,37.499864,139.934358,6,-0.0,-0.272,9.447,4.599
1427418546748,37.499865,139.934353,6,-0.041,-0.263,9.476,4.574
1427418546848,37.499865,139.934348,6,-0.058,-0.275,9.561,4.549
1427418546949,37.499866,139.934342,6,-0.055,-0.295,9.552,4.525
1427418547050,37.499866,139.934337,5,-0.05,-0.319,9.472,4.5
1427418547151,37.499867,139.934331,5,-0.044,-0.322,9.605,4.474
1427418547251,37.499868,139.934326,5,-0.039,-0.327,9.607,4.449
1427418547347,37.499869,139.934321,5,-0.055,-0.308,9.533,4.424
1427418547448,37.49987,139.934315,5,-0.093,-0.287,9.503,4.399
1427418547548,37.499872,139.93431,5,-0.087,-0.276,9.548,4.374
1427418547649,37.499873,139.934304,5,-0.073,-0.298,9.569,4.349
1427418547750,37.499874,139.934299,5,-0.109,-0.332,9.61,4.324
1427418547850,37.499875,139.934294,5,-0.082,-0.298,9.544,4.299
1427418547951,37.499876,139.934288,5,-0.026,-0.327,9.582,4.274
1427418548047,37.499877,139.934283,5,-0.027,-0.32,9.638,4.251
1427418548147,37.499878,139.934278,5,-0.017,-0.344,9.662,4.25
1427418548248,37.499879,139.934273,5,-0.032,-0.386,9.621,4.25
1427418548349,37.49988,139.934269,5,-0.068,-0.433,9.64,4.25
1427418548450,37.499881,139.934264,5,-0.136,-0.413,9.587,4.25
1427418548550,37.499882,139.934259,5,-0.147,-0.389,9.448,4.25
1427418548651,37.499884,139.934254,5,-0.181,-0.366,9.404,4.25
1427418548747,37.499885,139.93425,5,-0.147,-0.384,9.436,4.25
1427418548847,37.499886,139.934245,5,-0.103,-0.409,9.585,4.25
1427418548948,37.499887,139.93424,5,-0.087,-0.428,9.666,4.25
1427418549049,37.499888,139.934235,5,-0.059,-0.415,9.603,4.25
1427418549150,37.499889,139.934231,4,-0.063,-0.407,9.503,4.197
1427418549250,37.49989,139.934226,4,-0.095,-0.407,9.573,4.145
1427418549351,37.499891,139.934222,4,-0.145,-0.426,9.572,4.093
1427418549447,37.499892,139.934218,4,-0.178,-0.493,9.505,4.044
1427418549547,37.499893,139.934213,4,-0.224,-0.6,9.481,3.994
1427418549648,37.499894,139.934209,4,-0.256,-0.719,9.463,3.943
1427418549749,37.499895,139.934205,4,-0.245,-0.895,9.532,3.894
1427418549849,37.499896,139.934201,4,-0.169,-1.019,9.593,3.845
1427418549950,37.499897,139.934197,4,-0.112,-1.085,9.524,3.797
1427418550051,37.499898,139.934193,4,-0.134,-1.104,9.479,3.75
1427418550147,37.499899,139.934189,4,-0.159,-1.1,9.496,3.725
1427418550247,37.499899,139.934185,4,-0.173,-1.056,9.582,3.699
1427418550348,37.4999,139.934181,4,-0.098,-0.806,9.698,3.674
1427418550449,37.4999,139.934177,4,-0.034,-0.548,9.618,3.648
1427418550549,37.499901,139.934173,4,-0.007,-0.342,9.489,3.623
1427418550650,37.499902,139.934169,4,0.027,-0.216,9.346,3.598
1427418550751,37.499902,139.934165,4,0.037,-0.182,9.38,3.573
1427418550851,37.499903,139.934161,4,0.009,-0.177,9.57,3.548
1427418550947,37.499903,139.934157,4,0.006,-0.181,9.688,3.525
1427418551048,37.499904,139.934153,4,-0.039,-0.158,9.592,3.5
1427418551148,37.499905,139.93415,4,-0.036,-0.137,9.369,3.448
1427418551249,37.499906,139.934147,4,-0.012,-0.15,9.359,3.394
1427418551350,37.499907,139.934144,4,-0.01,-0.216,9.571,3.342
1427418551451,37.499907,139.934141,4,-0.014,-0.277,9.756,3.29
1427418551551,37.499908,139.934138,4,-0.023,-0.335,9.664,3.24
1427418551647,37.499909,139.934135,4,-0.012,-0.354,9.463,3.192
1427418551748,37.49991,139.934132,4,-0.031,-0.428,9.412,3.143
1427418551848,37.49991,139.93413,4,-0.053,-0.471,9.51,3.095
1427418551949,37.499911,139.934127,4,-0.064,-0.493,9.635,3.047
1427418552050,37.499912,139.934124,4,-0.083,-0.503,9.669,3.0
1427418552151,37.499913,139.934121,4,-0.081,-0.518,9.612,2.974
1427418552251,37.499913,139.934118,4,-0.018,-0.544,9.501,2.948
1427418552347,37.499914,139.934115,4,0.043,-0.573,9.509,2.923
1427418552448,37.499915,139.934112,4,0.067,-0.583,9.587,2.898
1427418552548,37.499916,139.934109,4,0.034,-0.586,9.633,2.873
1427418552649,37.499916,139.934106,4,-0.01,-0.583,9.677,2.848
1427418552750,37.499917,139.934103,4,-0.048,-0.565,9.564,2.823
1427418552851,37.499918,139.934101,4,-0.064,-0.545,9.378,2.798
1427418552951,37.499918,139.934098,4,-0.055,-0.543,9.398,2.774
1427418553047,37.499919,139.934095,4,-0.068,-0.579,9.562,2.751
1427418553148,37.49992,139.934092,4,-0.075,-0.671,9.609,2.75
1427418553248,37.49992,139.93409,4,-0.07,-0.743,9.562,2.75
1427418553349,37.499921,139.934087,4,-0.042,-0.825,9.515,2.75
1427418553450,37.499921,139.934084,4,0.022,-0.877,9.54,2.75
1427418553550,37.499922,139.934081,4,-0.003,-0.928,9.584,2.75
1427418553651,37.499923,139.934079,4,-0.049,-0.967,9.589,2.75
1427418553747,37.499923,139.934076,4,-0.126,-0.962,9.52,2.75
1427418553848,37.499924,139.934073,4,-0.188,-0.974,9.442,2.75
1427418553948,37.499924,139.934071,4,-0.171,-0.997,9.45,2.75
1427418554049,37.499925,139.934068,4,-0.118,-1.034,9.589,2.75
1427418554150,37.499926,139.934065,4,-0.067,-1.074,9.609,2.724
1427418554250,37.499926,139.934063,4,-0.033,-1.074,9.547,2.698
1427418554351,37.499927,139.93406,4,-0.083,-1.065,9.519,2.672
1427418554447,37.499928,139.934058,4,-0.128,-0.978,9.579,2.648
1427418554547,37.499929,139.934055,4,-0.136,-0.652,9.713,2.623
1427418554648,37.499929,139.934053,4,-0.099,-0.347,9.681,2.598
1427418554749,37.49993,139.93405,4,-0.012,-0.152,9.475,2.573
1427418554850,37.499931,139.934048,4,0.054,-0.033,9.33,2.548
1427418554950,37.499931,139.934045,4,0.088,0.014,9.386,2.524
1427418555051,37.499932,139.934043,4,0.088,-0.018,9.538,2.498
1427418555147,37.499932,139.934042,4,0.025,-0.197,9.593,2.342
1427418555247,37.499933,139.93404,4,-0.087,-0.483,9.502,2.188
1427418555348,37.499933,139.934039,4,-0.116,-0.695,9.453,2.04
1427418555449,37.499933,139.934038,4,-0.101,-0.858,9.561,1.901
1427418555550,37.499934,139.934037,4,-0.055,-0.96,9.67,1.771
1427418555650,37.499934,139.934036,4,-0.079,-1.02,9.663,1.65
1427418555751,37.499934,139.934035,4,-0.179,-1.06,9.518,1.536
1427418555847,37.499935,139.934034,4,-0.258,-1.133,9.432,1.436
1427418555947,37.499935,139.934033,4,-0.293,-1.319,9.416,1.34
1427418556048,37.499935,139.934032,4,-0.317,-1.589,9.424,1.252
1427418556149,37.499935,139.934031,3,-0.256,-1.693,9.636,1.189
1427418556249,37.499935,139.934031,3,-0.047,-1.085,10.125,1.131
1427418556350,37.499936,139.93403,3,0.046,-0.369,10.075,1.074
1427418556451,37.499936,139.934029,3,-0.018,-0.002,9.451,1.019
1427418556552,37.499936,139.934029,3,-0.064,0.094,8.954,0.968
1427418556647,37.499936,139.934028,3,0.011,0.154,9.016,0.921
1427418556748,37.499936,139.934028,3,0.112,0.096,9.403,0.875
1427418556849,37.499937,139.934027,3,0.158,0.012,9.783,0.83
1427418556949,37.499937,139.934026,3,0.119,0.002,9.872,0.789
1427418557050,37.499937,139.934026,3,0.027,0.058,9.657,0.75
1427418557151,37.499937,139.934027,3,-0.052,0.107,9.402,0.606
1427418557251,37.499938,139.934027,3,-0.056,0.115,9.33,0.479
1427418557347,37.499938,139.934028,3,-0.013,0.077,9.485,0.371
1427418557448,37.499938,139.934029,3,-0.021,-0.289,9.406,0.272
1427418557549,37.499938,139.934029,3,-0.069,-0.715,9.414,0.188
1427418557649,37.499939,139.934029,3,-0.037,-0.518,9.872,0.121
1427418557750,37.499939,139.93403,3,0.009,-0.16,10.0,0.068
1427418557851,37.499939,139.93403,3,0.021,-0.049,9.574,0.03
1427418557951,37.499939,139.93403,3,0.04,-0.052,9.252,0.007
1427418577846,37.499971,139.933822,4,0.012,-0.089,9.537,4.3
1427418577851,37.499971,139.933821,4,0.006,-0.092,9.532,4.299
1427418577947,37.499973,139.933816,4,-0.341,-0.308,9.377,4.275
1427418578048,37.499974,139.933811,4,-0.709,-0.476,9.488,4.25
1427418578148,37.499975,139.933806,4,-0.928,-0.56,9.495,4.25
1427418578249,37.499976,139.933801,4,-1.187,-0.604,9.507,4.25
1427418578350,37.499978,139.933796,4,-1.368,-0.641,9.529,4.25
1427418578450,37.499979,139.933791,4,-1.487,-0.603,9.379,4.25
1427418578551,37.49998,139.933786,4,-1.56,-0.674,9.464,4.25
1427418578647,37.499981,139.933782,4,-1.643,-0.723,9.64,4.25
1427418578748,37.499982,139.933777,4,-1.599,-0.805,9.549,4.25
1427418578848,37.499984,139.933772,4,-1.538,-0.811,9.487,4.25
1427418578949,37.499985,139.933767,4,-1.565,-0.841,9.488,4.25
1427418579050,37.499986,139.933762,4,-1.611,-0.932,9.585,4.25
1427418579150,37.499987,139.933757,4,-1.732,-0.921,9.618,4.197
1427418579251,37.499988,139.933752,4,-1.796,-0.979,9.438,4.144
1427418579347,37.499989,139.933748,4,-1.816,-0.976,9.369,4.095
1427418579448,37.49999,139.933743,4,-1.829,-0.946,9.554,4.044
1427418579548,37.499991,139.933739,4,-1.872,-0.882,9.703,3.993
1427418579649,37.499992,139.933734,4,-1.783,-0.861,9.653,3.943
1427418579750,37.499993,139.93373,4,-1.663,-0.835,9.663,3.893
1427418579850,37.499994,139.933726,4,-1.572,-0.736,9.394,3.845
1427418579951,37.499995,139.933721,4,-1.427,-0.661,9.113,3.797
1427418580047,37.499996,139.933717,4,-1.37,-0.632,9.21,3.751
1427418580147,37.499996,139.933713,4,-1.42,-0.758,9.79,3.64
1427418580248,37.499996,139.93371,4,-1.401,-0.761,9.894,3.528
1427418580349,37.499997,139.933706,4,-1.349,-0.688,9.452,3.419
1427418580450,37.499997,139.933703,4,-1.415,-0.603,9.285,3.313
1427418580550,37.499997,139.9337,4,-1.323,-0.413,8.913,3.212
1427418580651,37.499997,139.933697,4,-1.148,-0.362,8.98,3.112
1427418580747,37.499997,139.933694,4,-1.089,-0.528,9.725,3.021
1427418580847,37.499998,139.933691,4,-0.927,-0.508,10.137,2.928
1427418580948,37.499998,139.933688,4,-0.804,-0.612,10.289,2.838
1427418581049,37.499998,139.933685,4,-1.094,-0.503,9.575,2.751
1427418581149,37.499997,139.933682,5,-1.162,-0.441,8.921,2.75
1427418581250,37.499995,139.933679,5,-1.027,-0.367,8.89,2.75
1427418581351,37.499994,139.933676,5,-0.763,-0.374,9.303,2.75
1427418581447,37.499993,139.933673,5,-0.424,-0.339,9.783,2.75
1427418581547,37.499992,139.933671,5,-0.229,-0.297,9.76,2.75
1427418581648,37.49999,139.933668,5,-0.308,-0.202,9.55,2.75
1427418581749,37.499989,139.933665,5,-0.681,-0.213,9.484,2.75
1427418581849,37.499988,139.933662,5,-1.259,-0.189,9.296,2.75
1427418581950,37.499986,139.933659,5,-1.566,-0.24,9.154,2.75
1427418582051,37.499985,139.933656,5,-1.47,-0.27,9.252,2.75
1427418582151,37.499982,139.933654,5,-0.899,-0.305,9.622,2.75
1427418582247,37.49998,139.933653,5,-0.272,-0.248,9.736,2.75
1427418582348,37.499978,139.933651,5,0.034,-0.206,9.483,2.75
1427418582449,37.499975,139.933649,5,-0.002,-0.193,9.376,2.75
1427418582549,37.499973,139.933648,5,-0.075,-0.211,9.515,2.75
1427418582651,37.49997,139.933646,5,-0.086,-0.197,9.803,2.75
1427418582751,37.499967,139.933644,5,-0.157,-0.192,9.972,2.75
1427418582851,37.499965,139.933642,5,-0.213,-0.122,9.927,2.75
1427418582947,37.499963,139.933641,5,-0.181,0.019,9.559,2.75
1427418583048,37.49996,139.933639,5,-0.172,0.108,9.158,2.75
1427418583148,37.499957,139.933638,5,-0.181,0.109,9.157,2.774
1427418583249,37.499954,139.933637,5,-0.085,0.08,9.349,2.798
1427418583350,37.499952,139.933637,5,0.11,0.026,9.617,2.823
1427418583451,37.499949,139.933636,5,0.276,-0.01,9.814,2.848
1427418583551,37.499946,139.933635,5,0.332,-0.01,9.838,2.873
1427418583647,37.499943,139.933634,5,0.314,0.033,9.725,2.897
1427418583748,37.49994,139.933633,5,0.301,0.06,9.496,2.922
1427418583848,37.499937,139.933633,5,0.289,0.059,9.432,2.948
1427418607847,37.49891,139.933214,8,0.284,0.054,9.427,4.8
1427418607948,37.498905,139.93321,8,0.069,-0.402,9.448,4.775
1427418608049,37.498901,139.933207,8,-0.081,-0.724,9.59,4.75
1427418608149,37.498899,139.933206,8,-0.17,-0.896,9.662,4.609
1427418608250,37.498896,139.933205,8,-0.23,-0.989,9.592,4.47
1427418608351,37.498894,139.933204,8,-0.253,-1.048,9.551,4.334
1427418608451,37.498892,139.933203,8,-0.297,-1.049,9.574,4.203
1427418608547,37.49889,139.933202,8,-0.308,-1.062,9.601,4.081
1427418608648,37.498888,139.933201,8,-0.317,-1.08,9.618,3.957
1427418608749,37.498886,139.9332,8,-0.316,-1.06,9.501,3.836
1427418608849,37.498884,139.933199,8,-0.315,-1.095,9.438,3.721
1427418608950,37.498882,139.933198,8,-0.298,-1.127,9.537,3.608
1427418609051,37.49888,139.933197,9,-0.275,-1.152,9.661,3.499
1427418609151,37.498876,139.933196,9,-0.288,-1.178,9.612,3.384
1427418609247,37.498873,139.933195,9,-0.33,-1.197,9.472,3.276
1427418609348,37.49887,139.933195,9,-0.375,-1.243,9.447,3.165
1427418609448,37.498867,139.933194,9,-0.397,-1.294,9.563,3.059
1427418609549,37.498863,139.933193,9,-0.394,-1.336,9.625,2.954
1427418609650,37.49886,139.933193,9,-0.364,-1.373,9.512,2.853
1427418609751,37.498857,139.933192,9,-0.342,-1.42,9.461,2.754
1427418609851,37.498855,139.933191,9,-0.351,-1.488,9.517,2.659
1427418609947,37.498852,139.933191,9,-0.346,-1.546,9.59,2.571
1427418610048,37.498849,139.93319,9,-0.374,-1.613,9.602,2.481
1427418610148,37.498847,139.933189,9,-0.386,-1.563,9.635,2.395
1427418610249,37.498844,139.933189,9,-0.285,-0.927,9.943,2.311
1427418610350,37.498842,139.933188,9,-0.12,-0.187,9.908,2.23
1427418610451,37.498839,139.933188,9,-0.067,0.175,9.401,2.152
1427418610551,37.498837,139.933187,9,-0.056,0.386,9.065,2.077
1427418610647,37.498835,139.933187,9,-0.066,0.451,9.109,2.009
1427418610748,37.498833,139.933186,9,-0.067,0.436,9.447,1.939
1427418610848,37.498831,139.933186,9,-0.049,0.393,9.741,1.874
1427418610949,37.498829,139.933185,9,-0.064,0.267,9.7,1.81
1427418611050,37.498827,139.933185,9,-0.082,0.206,9.517,1.75
1427418611150,37.498829,139.933186,9,-0.072,0.274,9.517,1.417
1427418611251,37.498831,139.933188,9,-0.071,0.327,9.575,1.117
1427418611347,37.498832,139.933189,9,-0.086,0.31,9.531,0.865
1427418611447,37.498833,139.933189,9,-0.075,0.274,9.524,0.636
1427418611548,37.498834,139.93319,9,-0.066,0.28,9.597,0.441
1427418611649,37.498835,139.933191,9,-0.067,0.27,9.582,0.281
1427418611750,37.498836,139.933191,9,-0.08,0.267,9.529,0.158
1427418687845,37.49738,139.932514,13,-0.088,0.287,9.542,6.198
1427418711848,37.496188,139.931954,11,-0.092,0.287,9.547,6.25
1427418711949,37.496182,139.931951,11,-0.191,0.1,9.64,6.25
1427418712050,37.496177,139.931948,11,-0.26,-0.034,9.56,6.25
1427418712150,37.496172,139.931944,11,-0.252,-0.163,9.361,6.25
1427418712251,37.496166,139.93194,11,-0.219,-0.168,9.221,6.25
1427418712347,37.496161,139.931936,11,-0.073,-0.131,9.465,6.25
1427418712448,37.496156,139.931931,11,-0.007,-0.112,9.671,6.25
1427418712548,37.49615,139.931927,11,-0.032,-0.094,9.579,6.25
1427418712649,37.496145,139.931923,11,-0.07,-0.09,9.604,6.25
1427418712750,37.496139,139.931919,11,-0.098,-0.185,9.552,6.25
1427418714844,37.496036,139.931838,10,-0.029,-0.231,9.483,6.0
1427418720847,37.495749,139.9316,11,-0.024,-0.228,9.483,6.698
1427418720947,37.495743,139.931596,11,-0.228,-0.271,9.372,6.724
1427418721048,37.495738,139.931593,11,-0.403,-0.246,9.394,6.749
1427418721149,37.495732,139.93159,11,-0.474,-0.196,9.478,6.725
1427418721249,37.495727,139.931586,11,-0.565,-0.16,9.489,6.699
1427418721350,37.495721,139.931583,11,-0.578,-0.121,9.477,6.674
1427418721451,37.495715,139.93158,11,-0.605,-0.113,9.544,6.649
1427418721552,37.49571,139.931576,11,-0.664,-0.118,9.499,6.623
1427418721647,37.495704,139.931573,11,-0.682,-0.135,9.435,6.6
1427418721748,37.495699,139.93157,11,-0.691,-0.142,9.593,6.575
1427418721849,37.495693,139.931567,11,-0.648,-0.239,9.62,6.549
1427418721949,37.495688,139.931563,11,-0.586,-0.363,9.546,6.525
1427418722050,37.495682,139.93156,11,-0.586,-0.432,9.389,6.5
1427418722151,37.495676,139.931557,11,-0.551,-0.454,9.158,6.525
1427418722251,37.49567,139.931554,11,-0.5,-0.515,9.34,6.549
1427418722347,37.495664,139.931552,11,-0.504,-0.489,9.68,6.573
1427418722448,37.495658,139.931549,11,-0.582,-0.474,9.655,6.598
1427418722549,37.495651,139.931546,11,-0.646,-0.515,9.464,6.624
1427418722649,37.495645,139.931543,11,-0.602,-0.525,9.602,6.649
1427418722750,37.495639,139.931541,11,-0.566,-0.523,9.721,6.674
1427418722851,37.495633,139.931538,11,-0.571,-0.479,9.551,6.699
1427418722951,37.495626,139.931535,11,-0.59,-0.493,9.5,6.725
1427418723047,37.49562,139.931532,11,-0.588,-0.491,9.533,6.749
1427418723148,37.495615,139.931531,11,-0.488,-0.496,9.599,6.673
1427418723248,37.49561,139.931531,11,-0.408,-0.502,9.568,6.594
1427418723349,37.495604,139.93153,11,-0.38,-0.515,9.596,6.517
1427418723450,37.495599,139.93153,11,-0.339,-0.51,9.464,6.439
1427418723551,37.495594,139.931529,11,-0.279,-0.503,9.508,6.363
1427418723651,37.495589,139.931528,11,-0.214,-0.521,9.641,6.289
1427418723747,37.495585,139.931528,11,-0.223,-0.531,9.743,6.218
1427418723848,37.49558,139.931527,11,-0.275,-0.501,9.597,6.144
1427418723948,37.495575,139.931527,11,-0.321,-0.499,9.62,6.072
1427418724049,37.49557,139.931526,11,-0.321,-0.488,9.645,6.001
1427418724150,37.495565,139.931524,11,-0.298,-0.452,9.512,5.975
1427418724251,37.49556,139.931522,11,-0.267,-0.436,9.447,5.949
1427418724351,37.495554,139.93152,11,-0.212,-0.433,9.603,5.924
1427418724447,37.495549,139.931518,11,-0.086,-0.468,9.766,5.899
1427418724548,37.495544,139.931516,11,0.042,-0.477,9.715,5.874
1427418724648,37.495539,139.931514,11,0.141,-0.436,9.645,5.849
1427418724749,37.495534,139.931512,11,0.147,-0.4,9.388,5.824
1427418724850,37.495529,139.93151,11,0.085,-0.348,9.363,5.799
1427418724950,37.495524,139.931508,11,-0.022,-0.359,9.484,5.775
1427418725051,37.495519,139.931506,12,-0.104,-0.405,9.719,5.75
1427418725147,37.495514,139.931504,12,-0.149,-0.386,9.658,5.774
1427418725247,37.495509,139.931502,12,-0.115,-0.406,9.502,5.798
1427418725348,37.495503,139.931499,12,-0.052,-0.446,9.501,5.823
1427418725449,37.495498,139.931497,12,0.037,-0.409,9.464,5.848
1427418725550,37.495492,139.931495,12,0.032,-0.406,9.554,5.874
1427418725650,37.495487,139.931492,12,-0.054,-0.435,9.678,5.899
1427418725751,37.495481,139.93149,12,-0.167,-0.369,9.623,5.924
1427418725847,37.495476,139.931488,12,-0.216,-0.356,9.46,5.948
1427418725947,37.495471,139.931485,12,-0.2,-0.313,9.451,5.974
1427418726048,37.495465,139.931483,12,-0.137,-0.26,9.654,5.999
1427418726149,37.495461,139.931483,13,-0.032,-0.198,9.783,5.863
1427418726249,37.495457,139.931483,13,-0.007,-0.077,9.548,5.728
1427418726350,37.495453,139.931483,13,-0.027,-0.014,9.393,5.594
1427418726451,37.495449,139.931483,13,-0.063,0.055,9.246,5.464
1427418726547,37.495445,139.931482,13,-0.104,0.054,9.354,5.342
1427418726647,37.495441,139.931482,13,-0.08,0.021,9.552,5.219
1427418726748,37.495438,139.931482,13,-0.012,-0.006,9.717,5.097
1427418726849,37.495434,139.931482,13,0.024,-0.011,9.754,4.978
1427418726950,37.49543,139.931482,13,0.019,0.003,9.578,4.862
1427418727050,37.495427,139.931482,13,0.046,0.034,9.431,4.75
1427418727151,37.495424,139.931481,13,0.084,0.049,9.373,4.668
1427418727247,37.495421,139.931481,13,0.098,0.014,9.642,4.592
1427418727347,37.495418,139.93148,13,0.039,-0.028,9.878,4.514
1427418727448,37.495414,139.931479,13,-0.058,0.014,9.718,4.436
1427418727549,37.495411,139.931479,13,-0.181,0.038,9.456,4.36
1427418727649,37.495408,139.931478,13,-0.21,0.021,9.329,4.285
1427418727750,37.495405,139.931478,13,-0.095,-0.035,9.371,4.212
1427418742846,37.494904,139.931281,10,0.037,-0.093,9.504,4.25
1427418742851,37.494904,139.931281,10,0.038,-0.102,9.508,4.25
1427418742947,37.4949,139.931279,10,-0.193,-1.025,9.284,4.25
1427418743048,37.494896,139.931278,10,-0.369,-1.803,9.17,4.25
1427418743148,37.494892,139.931277,10,-0.423,-2.237,9.354,4.225
1427418743249,37.494889,139.931276,10,-0.531,-2.499,9.613,4.199
1427418743350,37.494885,139.931274,10,-0.653,-2.666,9.894,4.173
1427418743450,37.494881,139.931273,10,-0.769,-2.77,9.884,4.148
1427418743551,37.494878,139.931272,10,-0.604,-2.244,9.866,4.123
1427418743647,37.494874,139.931271,10,-0.329,-1.486,9.821,4.099
1427418743748,37.494871,139.93127,10,0.009,-0.801,9.501,4.074
1427418743848,37.494867,139.931268,10,0.287,-0.357,9.173,4.049
1427418743949,37.494864,139.931267,10,0.409,-0.171,9.085,4.025
1427418744050,37.49486,139.931266,10,0.344,-0.131,9.372,4.0
1427418744150,37.494857,139.931265,10,0.17,-0.104,9.708,3.947
1427418744251,37.494854,139.931264,10,0.007,-0.017,9.712,3.894
1427418744347,37.494851,139.931263,10,-0.087,0.09,9.509,3.845
1427418744447,37.494848,139.931262,10,-0.113,0.103,9.341,3.794
1427418744548,37.494845,139.931261,10,-0.072,0.036,9.464,3.743
1427418744649,37.494842,139.93126,10,0.071,-0.056,9.503,3.692
1427418744750,37.494839,139.93126,10,0.198,0.127,9.585,3.643
1427418815845,37.490564,139.930401,7,0.294,0.697,9.761,5.5
1427418815850,37.490564,139.930401,7,0.297,0.727,9.761,5.5
1427418815950,37.490558,139.9304,7,0.129,0.279,9.682,5.5
1427418816051,37.490553,139.930399,7,0.102,-0.112,9.151,5.499
1427418816147,37.490548,139.930397,7,0.102,-0.413,9.346,5.422
1427418816247,37.490543,139.930394,7,0.196,-0.622,9.9,5.344
1427418816348,37.490537,139.930392,7,0.232,-0.679,9.846,5.265
1427418816449,37.490532,139.93039,7,0.227,-0.667,9.589,5.188
1427418816549,37.490527,139.930388,7,0.178,-0.692,9.646,5.112
1427418816650,37.490522,139.930385,7,0.144,-0.577,9.374,5.037
1427418816751,37.490517,139.930383,7,0.092,-0.464,9.068,4.963
1427418816847,37.490513,139.930381,7,0.085,-0.425,9.515,4.893
1427418816947,37.490508,139.930379,7,0.117,-0.365,9.652,4.822
1427418817048,37.490503,139.930377,7,0.082,-0.371,9.77,4.751
1427418817149,37.490499,139.930376,7,0.099,-0.344,9.69,4.698
1427418817249,37.490494,139.930375,7,0.178,-0.32,9.559,4.646
1427418817350,37.49049,139.930373,7,0.264,-0.287,9.459,4.594
1427418817451,37.490486,139.930372,7,0.271,-0.27,9.337,4.543
1427418817551,37.490482,139.930371,7,0.15,-0.325,9.601,4.493
1427418817647,37.490478,139.93037,7,0.126,-0.344,9.687,4.445
1427418817748,37.490474,139.930368,7,0.114,-0.428,9.726,4.395
1427418817849,37.49047,139.930367,7,0.046,-0.33,9.383,4.346
1427418817949,37.490466,139.930366,7,0.059,-0.365,9.383,4.298
1427418818050,37.490462,139.930365,6,0.107,-0.386,9.459,4.25
1427418818151,37.490458,139.930364,6,0.071,-0.516,9.602,4.197
1427418818251,37.490455,139.930364,6,0.067,-0.633,9.733,4.144
1427418818347,37.490451,139.930363,6,0.081,-0.697,9.449,4.095
1427418818448,37.490448,139.930363,6,0.101,-0.782,9.456,4.044
1427418818548,37.490445,139.930362,6,0.087,-0.872,9.739,3.993
1427418818649,37.490441,139.930361,6,0.046,-0.931,9.664,3.943
1427418818750,37.490438,139.930361,6,-0.006,-0.956,9.425,3.893
1427418818851,37.490434,139.93036,6,-0.065,-0.972,9.441,3.845
1427418818951,37.490431,139.93036,6,-0.086,-0.982,9.497,3.797
1427418819047,37.490428,139.930359,6,-0.099,-1.034,9.564,3.751
1427418819148,37.490425,139.930358,6,-0.155,-1.122,9.609,3.669
1427418819248,37.490421,139.930357,6,-0.104,-1.118,9.513,3.588
1427418819349,37.490418,139.930357,6,-0.027,-1.152,9.375,3.508
1427418819450,37.490414,139.930356,6,0.039,-1.246,9.432,3.43
1427418819550,37.490411,139.930355,6,0.078,-1.313,9.561,3.354
1427418819651,37.490408,139.930355,6,0.055,-1.306,9.434,3.279
1427418819747,37.490405,139.930354,6,0.057,-1.312,9.374,3.21
1427418819848,37.490402,139.930353,6,0.003,-1.396,9.669,3.138
1427418819948,37.490399,139.930353,6,-0.13,-1.466,9.788,3.069
1427418820049,37.490396,139.930352,6,-0.208,-1.493,9.636,3.001
1427418820150,37.490394,139.930351,6,-0.217,-1.504,9.47,2.845
1427418820250,37.490391,139.930351,6,-0.208,-1.554,9.428,2.697
1427418820351,37.490389,139.93035,6,-0.197,-1.626,9.459,2.555
1427418820447,37.490387,139.930349,6,-0.199,-1.678,9.57,2.425
1427418820548,37.490385,139.930349,6,-0.164,-1.716,9.645,2.295
1427418820648,37.490383,139.930348,6,-0.122,-1.769,9.576,2.173
1427418820749,37.490381,139.930347,6,-0.093,-1.778,9.547,2.057
1427418820850,37.490379,139.930347,6,0.022,-1.248,9.887,1.947
1427418820950,37.490378,139.930346,6,0.139,-0.464,10.009,1.845
1427418821047,37.490376,139.930346,6,0.119,-0.114,9.534,1.753
1427418821147,37.490376,139.930345,6,0.059,0.088,9.107,1.506
1427418821247,37.490377,139.930345,6,0.056,0.175,9.067,1.277
1427418821348,37.490377,139.930344,6,0.109,0.152,9.375,1.068
1427418821449,37.490377,139.930344,6,0.186,0.114,9.719,0.882
1427418821550,37.490377,139.930343,6,0.234,0.112,9.797,0.719
1427418821650,37.490378,139.930343,6,0.227,0.144,9.59,0.58
1427418821751,37.490378,139.930343,6,0.188,0.178,9.4,0.463
1427418821847,37.490378,139.930342,6,0.143,0.17,9.429,0.372
1427418821947,37.490378,139.930342,6,0.134,0.145,9.584,0.301
1427418822048,37.490378,139.930342,6,0.163,0.149,9.662,0.251
1427418822149,37.490378,139.930343,6,0.177,0.144,9.545,0.203
1427418822249,37.490378,139.930343,6,0.177,0.152,9.462,0.16
1427418822350,37.490377,139.930344,6,0.162,0.133,9.502,0.122
1427418822451,37.490377,139.930344,6,0.158,0.114,9.608,0.09
1427418822547,37.490377,139.930344,6,0.167,0.11,9.628,0.063
1427418822647,37.490377,139.930345,6,0.18,0.109,9.546,0.041
1427418822748,37.490377,139.930345,6,0.186,0.105,9.496,0.023
1427418867845,37.490243,139.930363,10,0.17,0.101,9.539,2.5
1427418867850,37.490243,139.930363,10,0.171,0.105,9.536,2.5
1427418867951,37.490241,139.930364,10,-0.044,0.261,9.059,2.5
1427418868051,37.490239,139.930365,5,-0.49,0.223,8.908,2.5
1427418868147,37.490238,139.930367,5,-1.076,0.262,9.408,2.475
1427418868248,37.490237,139.93037,5,-1.376,0.168,9.812,2.448
1427418868349,37.490236,139.930372,5,-1.436,-0.091,9.999,2.422
1427418868449,37.490235,139.930374,5,-1.152,0.092,10.088,2.397
1427418868550,37.490234,139.930377,5,-0.74,0.283,9.404,2.372
1427418868651,37.490233,139.930379,5,-0.713,0.492,8.857,2.347
1427418868751,37.490232,139.930381,5,-0.853,0.49,8.84,2.322
1427418868847,37.490231,139.930384,5,-1.131,0.399,9.486,2.299
1427418910847,37.489884,139.933086,9,-1.139,0.388,9.523,5.948
1427418910948,37.489883,139.933093,9,-0.694,0.029,9.645,5.974
1427418911049,37.489882,139.933101,9,-0.377,-0.294,9.615,6.0
1427418911150,37.489881,139.933104,10,-0.224,-0.545,9.621,5.798
1427418911250,37.48988,139.933107,10,-0.168,-0.719,9.633,5.602
1427418911351,37.489879,139.933109,10,-0.167,-0.819,9.639,5.41
1427418911447,37.489878,139.933112,10,-0.134,-0.855,9.513,5.234
1427418911547,37.489877,139.933114,10,-0.039,-0.89,9.408,5.056
1427418911648,37.489876,139.933117,10,0.014,-0.933,9.516,4.882
1427418911749,37.489875,139.933119,10,-0.013,-0.965,9.716,4.714
1427418911849,37.489874,139.933122,10,-0.085,-0.951,9.639,4.554
1427418911950,37.489873,139.933124,10,-0.124,-0.921,9.464,4.398
1427418912051,37.489872,139.933126,10,-0.135,-0.912,9.401,4.249
1427418912152,37.489871,139.933131,10,-0.102,-0.939,9.505,4.196
1427418912247,37.489871,139.933135,10,-0.047,-0.953,9.608,4.147
1427418912348,37.48987,139.93314,10,-0.016,-0.94,9.604,4.094
1427418912449,37.48987,139.933144,10,0.001,-0.911,9.513,4.043
1427418912549,37.489869,139.933149,10,0.0,-0.908,9.507,3.993
1427418912650,37.489869,139.933153,10,-0.064,-0.892,9.531,3.942
1427418912751,37.489868,139.933157,10,-0.122,-0.862,9.508,3.893
1427418912851,37.489868,139.933162,10,-0.101,-0.851,9.501,3.845
1427418912947,37.489867,139.933166,10,-0.03,-0.861,9.531,3.799
1427418913048,37.489867,139.93317,10,0.048,-0.901,9.531,3.751
1427418913149,37.489867,139.933173,8,0.073,-0.947,9.559,3.604
1427418913249,37.489866,139.933175,8,0.003,-0.939,9.555,3.461
1427418913350,37.489866,139.933178,8,-0.102,-0.928,9.48,3.322
1427418913451,37.489865,139.93318,8,-0.186,-0.942,9.469,3.189
1427418913551,37.489865,139.933182,8,-0.216,-0.979,9.527,3.061
1427418913647,37.489864,139.933184,8,-0.182,-1.01,9.537,2.944
1427418913748,37.489864,139.933186,8,-0.107,-1.043,9.495,2.825
1427418913848,37.489864,139.933188,8,-0.066,-1.087,9.493,2.712
1427418913949,37.489863,139.93319,8,-0.068,-1.127,9.534,2.604
1427418914050,37.489863,139.933192,8,-0.094,-1.165,9.572,2.5
1427418914151,37.489862,139.933194,8,-0.145,-1.206,9.558,2.376
1427418914251,37.489862,139.933196,8,-0.188,-1.259,9.511,2.259
1427418914347,37.489861,139.933197,8,-0.213,-1.319,9.485,2.151
1427418914448,37.48986,139.933199,8,-0.165,-1.165,9.661,2.042
1427418914548,37.48986,139.9332,8,-0.03,-0.53,9.932,1.94
1427418914649,37.489859,139.933202,8,0.085,0.099,9.806,1.841
1427418914750,37.489858,139.933203,8,0.1,0.391,9.311,1.748
1427418914850,37.489858,139.933205,8,0.101,0.428,8.993,1.66
1427418914951,37.489857,139.933206,8,0.126,0.4,9.181,1.577
1427418915047,37.489857,139.933207,8,0.153,0.306,9.528,1.502
1427418915148,37.489856,139.933209,8,0.139,0.12,9.73,1.22
1427418915248,37.489854,139.933211,8,0.077,0.028,9.709,0.965
1427418915349,37.489853,139.933212,8,0.069,0.162,9.652,0.737
1427418915450,37.489853,139.933213,8,0.086,0.311,9.529,0.54
1427418915550,37.489852,139.933214,8,0.099,0.33,9.373,0.375
1427418915651,37.489851,139.933215,8,0.1,0.269,9.393,0.239
1427418915747,37.489851,139.933216,8,0.106,0.185,9.555,0.138
1427418915848,37.48985,139.933217,8,0.085,0.135,9.651,0.061
1427418927847,37.489774,139.933286,6,0.087,0.134,9.65,2.765
1427418927948,37.489771,139.933288,6,0.658,-0.214,9.625,2.88
1427418928048,37.489768,139.93329,6,0.869,-0.554,9.65,2.998
1427418928149,37.489765,139.933291,6,0.663,-0.67,9.999,3.0
1427418928250,37.489763,139.933291,6,0.345,-0.601,9.827,3.0
1427418928350,37.48976,139.933292,6,-0.028,-0.447,9.324,3.0
1427418928451,37.489758,139.933293,6,-0.111,-0.332,9.361,3.0
1427418928547,37.489755,139.933293,6,0.021,-0.362,9.6,3.0
1427418928648,37.489752,139.933294,6,0.045,-0.482,9.933,3.0
1427418928748,37.48975,139.933295,6,0.099,-0.503,9.976,3.0
1427418928849,37.489747,139.933296,6,-0.021,-0.484,9.53,3.0
1427418928950,37.489745,139.933296,6,-0.145,-0.364,9.37,3.0
1427418929050,37.489742,139.933297,10,-0.233,-0.281,9.363,3.0
1427418929151,37.489739,139.933296,10,-0.079,-0.128,9.373,3.0
1427418929247,37.489737,139.933296,10,0.113,-0.147,9.361,3.0
1427418929347,37.489734,139.933295,10,0.183,-0.206,10.022,3.0
1427418929448,37.489732,139.933294,10,0.113,-0.195,9.872,3.0
1427418929549,37.489729,139.933294,10,-0.045,-0.125,9.265,3.0
1427418929650,37.489726,139.933293,10,-0.163,-0.072,8.958,3.0
1427418929750,37.489724,139.933292,10,-0.187,-0.041,9.257,3.0
1427418945848,37.48955,139.932738,4,0.006,-0.039,9.54,3.5
1427418958845,37.489554,139.932259,5,0.019,-0.038,9.547,3.25
1427418958850,37.489554,139.932258,5,0.029,-0.04,9.552,3.25
1427418958951,37.489556,139.932255,5,0.334,-0.21,9.484,3.25
1427418959051,37.489558,139.932252,5,0.507,-0.342,9.56,3.25
1427418959147,37.489561,139.932249,5,0.56,-0.417,9.678,3.25
1427418959248,37.489563,139.932247,5,0.606,-0.454,9.678,3.25
1427418959348,37.489566,139.932244,5,0.707,-0.482,9.619,3.25
1427418959449,37.489568,139.932241,5,0.851,-0.553,9.555,3.25
1427418959550,37.489571,139.932239,5,0.998,-0.519,9.356,3.25
1427418959650,37.489574,139.932236,5,1.039,-0.515,9.388,3.25
1427418959751,37.489576,139.932233,5,1.124,-0.577,9.624,3.25
1427418959847,37.489579,139.93223,5,1.203,-0.602,9.716,3.25
1427418959948,37.489581,139.932228,5,1.191,-0.599,9.589,3.25
1427418960048,37.489584,139.932225,5,1.175,-0.579,9.465,3.25
1427418960149,37.489587,139.932223,5,1.09,-0.521,9.271,3.25
1427418960250,37.48959,139.932221,5,1.035,-0.505,9.251,3.25
1427418960350,37.489593,139.93222,5,1.026,-0.555,9.501,3.25
1427418960451,37.489596,139.932218,5,1.018,-0.588,9.565,3.25
1427418960547,37.489599,139.932216,5,1.024,-0.601,9.392,3.25
1427418960647,37.489603,139.932214,5,1.057,-0.646,9.528,3.25
1427418960748,37.489606,139.932212,5,1.076,-0.681,9.735,3.25
1427418960849,37.489609,139.932211,5,1.052,-0.651,9.595,3.25
1427418960950,37.489612,139.932209,5,0.993,-0.595,9.405,3.25
1427418961050,37.489615,139.932207,5,0.94,-0.531,9.472,3.25
1427418961151,37.489618,139.932206,5,0.869,-0.474,9.473,3.25
1427418961247,37.489621,139.932206,5,0.785,-0.426,9.358,3.25
1427418961347,37.489624,139.932205,5,0.77,-0.399,9.229,3.25
1427418961448,37.489627,139.932204,5,0.736,-0.396,9.307,3.25
1427418961549,37.48963,139.932204,5,0.655,-0.416,9.686,3.25
1427418961650,37.489633,139.932203,5,0.649,-0.488,10.009,3.25
1427418961750,37.489636,139.932202,5,0.711,-0.549,9.991,3.25
1427418961851,37.489639,139.932201,5,0.744,-0.476,9.56,3.25
1427418961947,37.489642,139.932201,5,0.746,-0.396,9.144,3.25
1427418962047,37.489645,139.9322,5,0.698,-0.375,9.199,3.25
1427418962148,37.489648,139.9322,4,0.615,-0.406,9.574,3.25
1427418962249,37.489651,139.9322,4,0.571,-0.416,9.822,3.25
1427418962349,37.489654,139.932201,4,0.581,-0.389,9.709,3.25
1427418962450,37.489657,139.932201,4,0.601,-0.337,9.464,3.25
1427418962551,37.48966,139.932201,4,0.55,-0.248,9.214,3.25
1427418962647,37.489663,139.932201,4,0.467,-0.184,9.108,3.25
1427418962747,37.489666,139.932201,4,0.407,-0.193,9.53,3.25
1427418962848,37.489669,139.932202,4,0.406,-0.283,10.027,3.25
1427418971846,37.48992,139.932298,4,0.408,-0.288,10.034,3.0
1427418971851,37.489921,139.932298,4,0.406,-0.295,10.035,3.0
1427418971947,37.489923,139.932299,4,0.249,-0.578,9.708,3.0
1427418972048,37.489926,139.9323,4,0.172,-0.842,9.603,3.0
1427418972148,37.489929,139.932301,4,0.161,-0.996,9.631,3.0
1427418972249,37.489931,139.932302,4,0.154,-1.02,9.552,3.0
1427418972350,37.489934,139.932302,4,0.147,-0.92,9.39,3.0
1427418972450,37.489936,139.932303,4,0.083,-0.731,9.422,3.0
1427418972551,37.489939,139.932304,4,-0.005,-0.502,9.551,3.0
1427418972647,37.489942,139.932305,4,-0.084,-0.352,9.581,3.0
1427418972748,37.489944,139.932306,4,-0.078,-0.223,9.546,3.0
1427418972848,37.489947,139.932306,4,0.016,-0.133,9.478,3.0
1427418972949,37.489949,139.932307,4,0.153,-0.093,9.416,3.0
1427418973050,37.489952,139.932308,5,0.252,-0.081,9.467,3.0
1427418973150,37.489954,139.932308,5,0.295,-0.08,9.558,3.0
1427418973251,37.489956,139.932309,5,0.282,-0.089,9.585,3.0
1427418973347,37.489958,139.932309,5,0.237,-0.095,9.55,3.0
1427418973447,37.48996,139.93231,5,0.199,-0.122,9.497,3.0
1427418973548,37.489962,139.93231,5,0.198,-0.2,9.482,3.0
1427418973649,37.489965,139.93231,5,0.233,-0.273,9.542,3.0
1427418973750,37.489967,139.932311,5,0.268,-0.326,9.587,3.0
1427418982848,37.489961,139.932291,4,0.304,-0.177,9.677,2.162
1427418982949,37.489964,139.932288,4,-0.019,-0.177,9.383,2.444
1427418983050,37.489967,139.932284,4,-0.287,-0.242,9.574,2.75
1427418983151,37.489969,139.932281,4,-0.426,-0.254,9.876,2.75
1427418983251,37.48997,139.932278,4,-0.53,-0.226,9.76,2.75
1427418983347,37.489971,139.932275,4,-0.578,-0.169,9.554,2.75
1427418983448,37.489973,139.932272,4,-0.576,-0.118,9.392,2.75
1427418983548,37.489974,139.932269,4,-0.505,-0.077,9.326,2.75
1427418983649,37.489976,139.932266,4,-0.396,-0.087,9.365,2.75
1427418983750,37.489978,139.932263,4,-0.286,-0.122,9.523,2.75
1427419008846,37.490204,139.930485,5,-0.19,-0.162,9.649,7.05
1427419008851,37.490204,139.930485,5,-0.184,-0.16,9.654,7.049
1427419008947,37.490205,139.930478,5,-0.14,-0.233,9.832,7.025
1427419009048,37.490206,139.93047,5,-0.074,-0.266,10.063,7.0
1427419009148,37.490207,139.930462,5,-0.035,-0.284,9.809,7.0
1427419009249,37.490208,139.930453,5,-0.15,-0.221,9.476,7.0
1427419009350,37.490209,139.930444,5,-0.094,-0.191,9.474,7.0
1427419009451,37.49021,139.930436,5,-0.104,-0.2,9.686,7.0
1427419009551,37.490212,139.930427,5,-0.049,-0.144,9.866,7.0
1427419009647,37.490213,139.930419,5,0.051,-0.138,9.406,7.0
1427419009748,37.490214,139.930411,5,0.06,-0.079,8.962,7.0
1427419009848,37.490215,139.930402,5,0.024,-0.057,9.223,7.0
1427419009949,37.490216,139.930394,5,-0.002,-0.087,9.646,7.0
1427419010050,37.490217,139.930385,6,-0.013,-0.129,9.506,7.0
1427419010151,37.490217,139.930378,6,-0.09,-0.121,9.318,6.948
1427419010251,37.490217,139.930371,6,-0.109,-0.121,9.697,6.897
1427419010347,37.490217,139.930364,6,0.072,-0.167,9.841,6.848
1427419010448,37.490217,139.930357,6,0.209,-0.222,9.896,6.797
1427419010548,37.490217,139.930349,6,0.233,-0.272,9.95,6.746
1427419010649,37.490217,139.930342,6,0.199,-0.184,9.691,6.696
1427419010750,37.490217,139.930335,6,0.176,-0.037,9.416,6.646
1427419023847,37.49032,139.929372,7,0.185,0.018,9.212,6.698
1427419023947,37.49032,139.929364,7,0.202,-0.066,9.274,6.724
1427419024049,37.49032,139.929356,7,0.083,-0.137,9.488,6.75
1427419024150,37.490321,139.929349,7,0.121,-0.099,9.512,6.75
1427419024250,37.490323,139.929342,7,0.263,-0.162,9.249,6.75
1427419024350,37.490324,139.929335,7,0.214,-0.151,9.369,6.75
1427419024451,37.490325,139.929328,7,0.194,-0.179,9.45,6.75
1427419024547,37.490326,139.929322,7,0.062,-0.231,9.397,6.75
1427419024647,37.490328,139.929315,7,-0.033,-0.232,9.653,6.75
1427419024748,37.490329,139.929308,7,0.055,-0.237,9.672,6.75
1427419024849,37.49033,139.929301,7,0.109,-0.261,9.479,6.75
1427419024950,37.490332,139.929294,7,0.04,-0.171,9.291,6.75
1427419025050,37.490333,139.929287,7,0.022,-0.074,9.333,6.75
1427419025151,37.490334,139.92928,7,0.148,-0.177,9.597,6.724
1427419025247,37.490335,139.929274,7,0.138,-0.232,9.59,6.7
1427419025347,37.490336,139.929267,7,0.015,-0.19,9.354,6.675
1427419025448,37.490337,139.92926,7,0.012,-0.173,9.381,6.649
1427419025549,37.490338,139.929254,7,0.114,-0.176,9.605,6.624
1427419025649,37.490339,139.929247,7,0.143,-0.225,9.74,6.599
1427419025750,37.49034,139.929241,7,0.07,-0.257,9.556,6.574
1427419025851,37.490341,139.929234,7,0.047,-0.213,9.446,6.549
1427419025947,37.490342,139.929228,7,0.04,-0.197,9.677,6.525
1427419026047,37.490343,139.929221,7,-0.034,-0.201,9.808,6.501
1427419026148,37.490344,139.929214,7,-0.006,-0.169,9.703,6.5
1427419026249,37.490345,139.929206,7,0.086,-0.112,9.418,6.5
1427419026349,37.490346,139.929199,7,0.142,-0.137,9.325,6.5
1427419026450,37.490347,139.929191,7,0.157,-0.219,9.408,6.5
1427419026551,37.490349,139.929183,7,0.104,-0.261,9.643,6.5
1427419026647,37.49035,139.929176,7,0.116,-0.28,9.524,6.5
1427419026747,37.490351,139.929169,7,0.125,-0.265,9.146,6.5
1427419026848,37.490352,139.929161,7,0.103,-0.199,8.897,6.5
1427419026949,37.490353,139.929154,7,-0.015,-0.146,8.868,6.5
1427419027049,37.490354,139.929146,7,-0.065,-0.137,9.171,6.5
1427419027150,37.490354,139.929138,6,-0.023,-0.212,9.63,6.475
1427419027251,37.490355,139.929131,6,-0.062,-0.06,9.455,6.449
1427419027351,37.490355,139.929123,6,-0.059,0.244,9.506,6.424
1427419027447,37.490355,139.929116,6,-0.058,0.316,9.602,6.4
1427419027548,37.490356,139.929108,6,-0.048,0.401,9.82,6.374
1427419027648,37.490356,139.929101,6,0.076,0.53,9.863,6.349
1427419027749,37.490356,139.929093,6,0.207,0.528,9.503,6.324
1427419030846,37.490385,139.928874,6,0.271,0.517,9.05,6.25
1427419030851,37.490385,139.928874,6,0.278,0.521,9.045,6.25
1427419030947,37.490387,139.928867,6,0.299,0.272,9.189,6.25
1427419031047,37.490388,139.92886,6,0.325,-0.045,9.338,6.25
1427419031148,37.49039,139.928854,6,0.313,-0.297,9.546,6.25
1427419031249,37.490391,139.928848,6,0.242,-0.289,9.513,6.25
1427419031350,37.490393,139.928842,6,0.093,-0.184,9.419,6.25
1427419031450,37.490395,139.928836,6,-0.001,-0.27,9.371,6.25
1427419031551,37.490397,139.928829,6,-0.013,-0.287,9.114,6.25
1427419031647,37.490398,139.928824,6,0.025,-0.206,8.967,6.25
1427419031747,37.4904,139.928817,6,0.148,-0.216,9.173,6.25
1427419031848,37.490402,139.928811,6,0.199,-0.308,9.392,6.25
1427419031949,37.490403,139.928805,6,0.26,-0.327,9.398,6.25
1427419032049,37.490405,139.928799,6,0.447,-0.323,10.013,6.25
1427419032150,37.490406,139.928793,6,0.333,-0.278,10.161,6.25
1427419032251,37.490406,139.928786,6,0.218,-0.193,9.852,6.25
1427419032347,37.490407,139.92878,6,0.121,-0.15,9.555,6.25
1427419032447,37.490408,139.928774,6,0.074,-0.06,9.224,6.25
1427419032548,37.490408,139.928767,6,0.117,-0.053,9.008,6.25
1427419032649,37.490409,139.928761,6,0.175,-0.016,9.261,6.25
1427419032749,37.49041,139.928754,6,0.16,-0.072,9.744,6.25
1427419032850,37.490411,139.928748,6,0.127,-0.127,9.847,6.25
1427419032951,37.490411,139.928741,6,0.23,-0.022,8.94,6.25
1427419033051,37.490412,139.928735,6,0.216,0.027,8.986,6.249
1427419033147,37.490414,139.928728,6,0.097,0.026,9.454,6.173
1427419033248,37.490416,139.928721,6,-0.022,0.003,9.708,6.094
1427419033349,37.490417,139.928714,6,-0.104,-0.039,9.499,6.016
1427419033449,37.490419,139.928708,6,-0.156,0.066,9.328,5.939
1427419033550,37.490421,139.928701,6,-0.167,0.113,9.234,5.863
1427419033651,37.490422,139.928694,6,-0.116,-0.03,9.366,5.788
1427419033751,37.490424,139.928688,6,-0.016,-0.01,9.611,5.714
1427419033847,37.490426,139.928682,6,-0.025,-0.069,9.879,5.645
1427419042845,37.490495,139.92808,5,-0.029,-0.073,9.886,6.3
1427419042850,37.490495,139.928079,5,-0.031,-0.078,9.889,6.299
1427419042951,37.490496,139.928072,5,-0.004,-0.169,9.687,6.274
1427419043047,37.490497,139.928064,5,0.032,-0.223,9.573,6.251
1427419043147,37.490498,139.928056,5,0.109,-0.225,9.579,6.25
1427419043248,37.490498,139.928048,5,0.146,-0.229,9.691,6.25
1427419043349,37.490499,139.92804,5,0.168,-0.18,9.6,6.25
1427419043450,37.4905,139.928032,5,0.136,-0.1,9.566,6.25
1427419043550,37.490501,139.928023,5,0.121,-0.101,9.466,6.25
1427419043651,37.490501,139.928015,5,0.113,-0.194,9.493,6.25
1427419043747,37.490502,139.928008,5,0.179,-0.231,9.547,6.25
1427419043847,37.490503,139.927999,5,0.208,-0.191,9.499,6.25
1427419043948,37.490503,139.927991,5,0.151,-0.159,9.384,6.25
1427419044049,37.490504,139.927983,5,0.114,-0.212,9.48,6.25
1427419044149,37.490504,139.927976,5,0.128,-0.226,9.358,6.225
1427419044250,37.490503,139.927969,5,0.198,-0.181,9.479,6.199
1427419044351,37.490503,139.927963,5,0.198,-0.205,9.737,6.174
1427419044447,37.490502,139.927956,5,0.25,-0.244,9.736,6.15
1427419044547,37.490502,139.927949,5,0.239,-0.118,9.727,6.124
1427419044648,37.490502,139.927943,5,0.223,-0.083,9.584,6.099
1427419044749,37.490501,139.927936,5,0.234,0.007,9.463,6.074
1427419046848,37.49051,139.927799,6,0.222,-0.018,9.607,5.75
1427419046949,37.490511,139.927793,6,0.152,-0.184,9.506,5.75
1427419047050,37.490512,139.927787,6,0.101,-0.267,9.29,5.75
1427419047151,37.490513,139.927782,6,0.117,-0.393,9.549,5.697
1427419047251,37.490513,139.927776,6,0.165,-0.437,9.633,5.646
1427419047347,37.490514,139.927771,6,0.176,-0.466,9.494,5.597
1427419047448,37.490514,139.927766,6,0.107,-0.497,9.71,5.546
1427419047548,37.490515,139.927761,6,0.059,-0.482,9.575,5.495
1427419047649,37.490516,139.927755,6,0.094,-0.442,9.403,5.445
1427419047750,37.490516,139.92775,6,0.116,-0.445,9.438,5.395
1427419047850,37.490517,139.927745,6,0.094,-0.477,9.707,5.346
1427419047951,37.490517,139.92774,6,0.072,-0.484,9.794,5.297
1427419048047,37.490518,139.927735,6,0.027,-0.403,9.62,5.251
1427419048148,37.490518,139.92773,6,0.005,-0.274,9.276,5.199
1427419048248,37.490518,139.927724,6,0.051,-0.209,9.378,5.147
1427419048349,37.490518,139.927719,6,0.093,-0.205,9.621,5.095
1427419048450,37.490518,139.927714,6,0.052,-0.187,9.667,5.044
1427419048550,37.490517,139.927708,6,-0.007,-0.158,9.529,4.994
1427419048651,37.490517,139.927703,6,0.037,-0.113,9.418,4.944
1427419048747,37.490517,139.927698,6,0.143,-0.106,9.335,4.896
1427419048848,37.490517,139.927693,6,0.098,-0.108,9.33,4.847
1427419048948,37.490517,139.927688,6,0.107,-0.136,9.608,4.799
1427419049049,37.490517,139.927683,6,0.128,-0.203,9.764,4.75
1427419049150,37.490517,139.927678,6,0.212,-0.217,9.757,4.724
1427419049250,37.490518,139.927672,6,0.226,-0.184,9.432,4.699
1427419049351,37.490518,139.927667,6,0.188,-0.177,9.201,4.673
1427419049447,37.490518,139.927662,6,0.097,-0.196,9.38,4.649
1427419049547,37.490519,139.927656,6,0.107,-0.244,9.667,4.624
1427419049648,37.490519,139.927651,6,0.184,-0.294,9.859,4.599
1427419049749,37.490519,139.927646,6,0.205,-0.28,9.664,4.574
1427419049850,37.490519,139.92764,6,0.25,-0.229,9.347,4.549
1427419049950,37.49052,139.927635,6,0.247,-0.218,9.205,4.524
1427419050051,37.49052,139.92763,5,0.168,-0.371,9.55,4.5
1427419050147,37.490521,139.927626,5,0.191,-0.574,9.686,4.5
1427419050247,37.490522,139.927621,5,0.241,-0.692,9.464,4.5
1427419050348,37.490522,139.927617,5,0.096,-0.806,9.572,4.5
1427419050449,37.490523,139.927612,5,-0.092,-0.876,9.688,4.5
1427419050550,37.490524,139.927607,5,-0.205,-0.931,9.617,4.5
1427419050650,37.490525,139.927603,5,-0.277,-0.89,9.417,4.5
1427419050751,37.490526,139.927598,5,-0.304,-0.916,9.484,4.5
1427419050852,37.490526,139.927594,5,-0.25,-0.88,9.349,4.5
1427419050947,37.490527,139.92759,5,-0.198,-0.881,9.37,4.5
1427419051048,37.490528,139.927585,5,-0.21,-0.919,9.551,4.5
1427419051149,37.490529,139.92758,5,-0.26,-0.963,9.69,4.42
1427419051249,37.490529,139.927575,5,-0.232,-0.946,9.566,4.34
1427419051350,37.49053,139.92757,5,-0.143,-0.884,9.429,4.261
1427419051451,37.490531,139.927566,5,-0.13,-0.889,9.525,4.183
1427419051547,37.490531,139.927561,5,-0.194,-0.895,9.505,4.11
1427419051647,37.490532,139.927557,5,-0.265,-0.889,9.439,4.036
1427419051748,37.490532,139.927552,5,-0.29,-0.918,9.61,3.962
1427419051849,37.490533,139.927548,5,-0.251,-0.971,9.745,3.89
1427419051949,37.490533,139.927543,5,-0.23,-0.992,9.641,3.82
1427419052050,37.490534,139.927539,5,-0.262,-0.963,9.467,3.75
1427419052151,37.490534,139.927535,5,-0.238,-0.892,9.365,3.667
1427419052251,37.490534,139.927531,5,-0.185,-0.835,9.301,3.586
1427419052347,37.490534,139.927527,5,-0.201,-0.89,9.387,3.51
1427419052448,37.490534,139.927524,5,-0.276,-1.03,9.559,3.432
1427419052548,37.490534,139.92752,5,-0.359,-1.183,9.661,3.356
1427419052649,37.490534,139.927516,5,-0.421,-1.304,9.64,3.281
1427419052750,37.490534,139.927513,5,-0.433,-1.411,9.552,3.208
1427419052851,37.490534,139.92751,5,-0.352,-1.473,9.489,3.136
1427419052951,37.490534,139.927506,5,-0.258,-1.547,9.415,3.067
1427419053047,37.490534,139.927503,5,-0.224,-1.631,9.377,3.002
1427419053148,37.490534,139.927501,5,-0.274,-1.711,9.46,2.848
1427419053249,37.490534,139.927499,5,-0.393,-1.776,9.592,2.699
1427419053349,37.490534,139.927497,5,-0.494,-1.826,9.645,2.557
1427419053450,37.490534,139.927495,5,-0.509,-1.86,9.526,2.421
1427419053551,37.490534,139.927493,5,-0.437,-1.903,9.429,2.292
1427419053651,37.490534,139.927492,5,-0.362,-1.984,9.475,2.17
1427419053747,37.490534,139.92749,5,-0.326,-2.008,9.577,2.059
1427419053848,37.490534,139.927489,5,-0.196,-1.346,9.971,1.949
1427419053948,37.490534,139.927487,5,-0.049,-0.401,10.097,1.847
1427419054049,37.490534,139.927486,5,0.004,0.127,9.538,1.751
1427419054150,37.490534,139.927485,4,0.008,0.215,8.895,1.499
1427419054251,37.490534,139.927484,4,0.053,0.226,8.871,1.268
1427419054351,37.490534,139.927484,4,0.055,0.224,9.352,1.062
1427419054447,37.490534,139.927483,4,0.002,0.059,9.717,0.885
1427419054548,37.490534,139.927483,4,-0.126,-0.228,9.762,0.722
1427419054648,37.490534,139.927482,4,-0.154,-0.277,9.722,0.583
1427419054749,37.490534,139.927482,4,-0.08,-0.079,9.682,0.465
1427419054850,37.490534,139.927481,4,-0.007,0.081,9.518,0.37
1427419054950,37.490534,139.927481,4,0.033,0.124,9.342,0.299
1427419055051,37.490534,139.927481,4,0.021,0.087,9.36,0.25
1427419055147,37.490534,139.927481,4,-0.026,0.017,9.531,0.204
1427419055248,37.490535,139.927481,4,-0.041,-0.074,9.653,0.161
1427419055348,37.490535,139.92748,4,-0.036,-0.085,9.607,0.123
1427419055449,37.490535,139.92748,4,-0.03,0.004,9.529,0.09
1427419055550,37.490536,139.92748,4,-0.035,0.077,9.481,0.062
1427419055650,37.490536,139.92748,4,-0.043,0.058,9.465,0.04
1427419055751,37.490536,139.92748,4,-0.027,0.01,9.526,0.022
1427419055847,37.490536,139.92748,4,-0.026,-0.035,9.598,0.01
1427419055947,37.490536,139.92748,4,-0.024,-0.027,9.593,0.003
1427419137848,37.490657,139.926514,7,-0.002,0.009,9.53,6.8
1427419137949,37.490657,139.926507,7,0.19,-0.019,8.852,6.775
1427419138050,37.490657,139.9265,6,0.488,-0.087,8.675,6.75
1427419138150,37.490657,139.926492,6,0.589,-0.204,9.38,6.75
1427419138251,37.490657,139.926484,6,0.623,-0.344,10.492,6.75
1427419138347,37.490658,139.926476,6,0.603,-0.316,10.523,6.75
1427419138447,37.490658,139.926467,6,0.643,-0.153,9.466,6.75
1427419138548,37.490658,139.926459,6,0.583,-0.105,8.763,6.75
1427419138649,37.490658,139.926451,6,0.606,-0.129,9.071,6.75
1427419138750,37.490658,139.926443,6,0.634,-0.194,9.722,6.75
1427419138850,37.490659,139.926434,6,0.626,-0.29,10.012,6.75
1427419138951,37.490659,139.926426,6,0.637,-0.384,9.731,6.75
1427419139047,37.490659,139.926418,6,0.712,-0.466,9.546,6.75
1427419139147,37.490659,139.926411,6,0.699,-0.5,9.475,6.725
1427419139248,37.490659,139.926403,6,0.641,-0.557,9.59,6.7
1427419139349,37.490659,139.926396,6,0.688,-0.51,9.311,6.674
1427419139450,37.490659,139.926388,6,0.621,-0.521,9.401,6.649
1427419139550,37.490659,139.926381,6,0.566,-0.546,9.52,6.624
1427419139651,37.490658,139.926373,6,0.412,-0.542,9.564,6.599
1427419139747,37.490658,139.926366,6,0.327,-0.484,9.232,6.575
1427419139847,37.490658,139.926359,6,0.268,-0.468,9.224,6.55
1427419139948,37.490658,139.926351,6,0.286,-0.495,9.575,6.525
1427419140049,37.490658,139.926344,6,0.313,-0.522,9.86,6.5
1427419140149,37.490657,139.926337,5,0.33,-0.506,9.726,6.449
1427419140250,37.490657,139.92633,5,0.313,-0.423,9.298,6.397
1427419140351,37.490656,139.926323,5,0.265,-0.379,9.239,6.345
1427419140452,37.490655,139.926316,5,0.211,-0.406,9.628,6.294
1427419140547,37.490654,139.92631,5,0.201,-0.359,9.516,6.247
1427419140648,37.490654,139.926303,5,0.12,-0.361,9.481,6.196
1427419140749,37.490653,139.926297,5,-0.073,-0.416,9.585,6.146
1427419140849,37.490652,139.92629,5,-0.153,-0.585,9.56,6.097
1427419140950,37.490652,139.926283,5,-0.215,-0.773,9.522,6.048
1427419141051,37.490651,139.926277,7,-0.268,-0.984,9.512,5.999
1427419141152,37.490652,139.926271,7,-0.282,-1.209,9.497,5.913
1427419141247,37.490653,139.926265,7,-0.242,-1.45,9.595,5.833
1427419141348,37.490654,139.92626,7,-0.185,-1.691,9.76,5.749
1427419141449,37.490655,139.926254,7,-0.121,-1.841,9.622,5.667
1427419141549,37.490656,139.926248,7,-0.089,-1.919,9.337,5.586
1427419141650,37.490657,139.926243,7,-0.113,-2.026,9.458,5.505
1427419141751,37.490658,139.926237,7,-0.161,-2.17,9.71,5.425
1427419141851,37.490658,139.926232,7,-0.246,-2.272,9.556,5.348
1427419141947,37.490659,139.926227,7,-0.284,-2.367,9.259,5.274
1427419142048,37.49066,139.926221,7,-0.31,-2.461,9.221,5.198
1427419142148,37.490661,139.926216,7,-0.432,-2.509,9.377,5.123
1427419142249,37.490662,139.926211,7,-0.417,-2.475,9.143,5.049
1427419142350,37.490663,139.926206,7,-0.634,-2.73,9.523,4.976
1427419142451,37.490663,139.926201,7,-0.609,-2.919,10.205,4.904
1427419142551,37.490664,139.926196,7,-0.418,-2.927,10.022,4.834
1427419142647,37.490665,139.926192,7,-0.403,-2.842,9.507,4.768
1427419142748,37.490666,139.926187,7,-0.533,-2.641,9.348,4.699
1427419142848,37.490667,139.926182,7,-0.647,-2.285,9.528,4.632
1427419142949,37.490667,139.926178,7,-0.672,-1.792,9.689,4.565
1427419143050,37.490668,139.926173,7,-0.582,-1.17,9.727,4.5
1427419143151,37.490667,139.926169,7,-0.416,-0.658,9.533,4.321
1427419143251,37.490667,139.926166,7,-0.221,-0.302,9.28,4.15
1427419143347,37.490666,139.926163,7,-0.132,-0.087,9.181,3.992
1427419143448,37.490666,139.92616,7,-0.113,0.008,9.27,3.831
1427419143548,37.490665,139.926157,7,-0.147,0.004,9.511,3.678
1427419143649,37.490665,139.926154,7,-0.211,-0.025,9.682,3.529
1427419143750,37.490664,139.926151,7,-0.172,-0.049,9.537,3.387
1427419150845,37.490693,139.9259,6,-0.131,0.246,9.523,4.0
1427419150850,37.490693,139.9259,6,-0.12,0.261,9.521,4.0
1427419150950,37.490694,139.925895,6,-0.167,0.157,9.405,4.0
1427419151051,37.490695,139.92589,6,-0.232,0.065,9.312,4.0
1427419151147,37.490696,139.925886,6,-0.323,-0.027,9.323,3.975
1427419151247,37.490697,139.925881,6,-0.378,-0.018,9.494,3.949
1427419151348,37.490699,139.925876,6,-0.344,-0.026,9.618,3.924
1427419151449,37.4907,139.925872,6,-0.264,0.012,9.635,3.898
1427419151550,37.490701,139.925867,6,-0.218,0.049,9.607,3.873
1427419151650,37.490702,139.925863,6,-0.191,0.061,9.439,3.848
1427419151751,37.490703,139.925858,6,-0.169,0.119,9.59,3.823
1427419151847,37.490705,139.925854,6,-0.144,0.429,9.693,3.799
1427419172845,37.490882,139.924543,7,-0.14,0.447,9.69,5.646
1427419172850,37.490882,139.924542,7,-0.136,0.46,9.686,5.642
1427419172951,37.490883,139.924536,7,-0.193,-0.061,9.612,5.57
1427419173047,37.490884,139.92453,7,-0.327,-0.429,9.531,5.502
1427419173148,37.490885,139.924525,6,-0.32,-0.68,9.497,5.422
1427419173248,37.490886,139.924519,6,-0.28,-0.845,9.458,5.343
1427419173349,37.490887,139.924514,6,-0.17,-0.983,9.595,5.264
1427419173450,37.490888,139.924508,6,-0.173,-1.031,9.619,5.187
1427419173550,37.490889,139.924503,6,-0.23,-1.061,9.413,5.111
1427419173651,37.49089,139.924498,6,-0.221,-1.129,9.456,5.036
1427419173747,37.49089,139.924493,6,-0.225,-1.151,9.468,4.966
1427419173848,37.490891,139.924488,6,-0.209,-1.179,9.658,4.893
1427419173948,37.490892,139.924483,6,-0.185,-1.31,9.686,4.821
1427419174049,37.490893,139.924478,6,-0.27,-1.374,9.41,4.751
1427419174149,37.490894,139.924473,7,-0.335,-1.468,9.379,4.641
1427419174250,37.490895,139.924468,7,-0.368,-1.579,9.535,4.531
1427419174351,37.490897,139.924463,7,-0.433,-1.627,9.628,4.424
1427419174447,37.490898,139.924458,7,-0.401,-1.633,9.576,4.325
1427419174547,37.490899,139.924453,7,-0.291,-1.647,9.5,4.224
1427419174648,37.4909,139.924449,7,-0.24,-1.7,9.677,4.124
1427419174749,37.490901,139.924444,7,-0.281,-1.681,9.521,4.026
1427419174850,37.490902,139.92444,7,-0.345,-1.702,9.382,3.931
1427419174950,37.490903,139.924435,7,-0.37,-1.778,9.634,3.839
1427419175051,37.490904,139.924431,7,-0.438,-1.695,9.502,3.747
1427419175147,37.490902,139.92443,7,-0.468,-1.59,9.04,3.492
1427419175247,37.4909,139.924429,7,-0.367,-1.662,9.177,3.241
1427419175348,37.490899,139.924428,7,-0.255,-1.803,9.706,3.002
1427419175449,37.490897,139.924428,7,-0.237,-1.968,10.032,2.778
1427419175549,37.490896,139.924427,7,-0.332,-2.051,9.897,2.57
1427419175650,37.490894,139.924426,7,-0.501,-2.068,9.527,2.375
1427419175751,37.490893,139.924426,7,-0.607,-2.089,9.283,2.196
1427419175852,37.490892,139.924425,7,-0.568,-2.157,9.262,2.031
1427419175947,37.490891,139.924424,7,-0.454,-2.255,9.445,1.889
1427419176048,37.49089,139.924424,7,-0.375,-2.374,9.609,1.753
1427419176149,37.49089,139.924424,7,-0.322,-2.172,9.79,1.421
1427419176249,37.49089,139.924424,7,-0.221,-1.2,10.143,1.123
1427419176350,37.49089,139.924425,7,-0.152,-0.112,10.016,0.857
1427419176451,37.49089,139.924425,7,-0.118,0.374,9.2,0.628
1427419176551,37.49089,139.924425,7,-0.059,0.34,8.595,0.436
1427419176647,37.49089,139.924425,7,0.028,0.293,8.812,0.284
1427419176748,37.49089,139.924425,7,0.041,0.241,9.466,0.16
1427419176849,37.49089,139.924425,7,-0.05,-0.022,9.886,0.071
1427419176949,37.49089,139.924425,7,-0.152,-0.275,9.905,0.018
1427419232847,37.491131,139.922538,7,-0.08,0.024,9.517,6.25
1427419232948,37.491132,139.922531,7,0.072,-0.018,9.111,6.25
1427419233049,37.491133,139.922524,7,-0.007,-0.069,9.507,6.25
1427419233149,37.491136,139.922519,8,-0.097,-0.077,9.967,6.199
1427419233250,37.491139,139.922513,8,-0.155,-0.048,9.438,6.147
1427419233351,37.491141,139.922508,8,-0.234,-0.142,9.016,6.095
1427419233451,37.491144,139.922503,8,-0.297,-0.214,9.604,6.044
1427419233548,37.491147,139.922498,8,-0.375,-0.254,10.065,5.996
1427419233648,37.491149,139.922493,8,-0.434,-0.233,9.92,5.946
1427419233749,37.491152,139.922488,8,-0.372,-0.14,9.642,5.896
1427419233849,37.491155,139.922483,8,-0.238,-0.111,9.588,5.847
1427419233950,37.491157,139.922478,8,-0.189,-0.061,9.164,5.798
1427419234051,37.49116,139.922473,8,-0.071,-0.143,9.204,5.75
1427419234151,37.491162,139.922466,8,-0.196,-0.112,9.614,5.724
1427419234247,37.491163,139.92246,8,-0.284,-0.179,9.902,5.7
1427419234348,37.491165,139.922453,8,-0.409,-0.111,9.9,5.674
1427419234448,37.491166,139.922447,8,-0.469,-0.008,9.485,5.649
1427419234549,37.491168,139.92244,8,-0.432,0.114,9.134,5.624
1427419234650,37.491169,139.922434,8,-0.322,0.109,9.146,5.599
1427419234751,37.491171,139.922427,8,-0.048,0.141,9.507,5.574
1427419240849,37.491232,139.922067,7,0.076,0.131,10.068,5.097
1427419243845,37.491236,139.921889,7,0.084,0.141,10.074,4.348
1427419243850,37.491236,139.921889,7,0.091,0.149,10.076,4.346
1427419243950,37.491236,139.921882,7,0.061,0.035,9.85,4.298
1427419244051,37.491237,139.921876,7,-0.028,-0.078,9.541,4.249
1427419244147,37.491237,139.921872,7,-0.06,-0.106,9.453,4.199
1427419244247,37.491236,139.921868,7,-0.066,-0.112,9.379,4.147
1427419244348,37.491236,139.921864,7,-0.08,-0.159,9.419,4.094
1427419244449,37.491236,139.92186,7,-0.062,-0.158,9.619,4.043
1427419244549,37.491235,139.921856,7,-0.017,-0.172,9.704,3.993
1427419244650,37.491235,139.921852,7,0.019,-0.159,9.594,3.942
1427419244751,37.491235,139.921848,7,0.054,-0.155,9.488,3.893
1427419244847,37.491235,139.921845,7,0.082,-0.162,9.285,3.846
1427419244947,37.491234,139.921841,7,0.082,-0.283,9.297,3.799
1427419245048,37.491234,139.921837,7,0.082,-0.48,9.617,3.751
1427419245149,37.491234,139.921833,6,0.049,-0.605,9.704,3.697
1427419245249,37.491234,139.921829,6,-0.008,-0.71,9.716,3.645
1427419245350,37.491233,139.921825,6,-0.062,-0.776,9.732,3.592
1427419245451,37.491233,139.921822,6,-0.003,-0.764,9.62,3.541
1427419245547,37.491233,139.921818,6,0.097,-0.74,9.373,3.493
1427419245647,37.491233,139.921814,6,0.102,-0.764,9.314,3.443
1427419245748,37.491233,139.921811,6,0.046,-0.762,9.426,3.393
1427419245849,37.491232,139.921807,6,0.005,-0.764,9.603,3.345
1427419245949,37.491232,139.921804,6,-0.04,-0.709,9.538,3.297
1427419246050,37.491232,139.9218,9,-0.082,-0.713,9.403,3.25
1427419246151,37.491231,139.921795,9,-0.059,-0.722,9.484,3.25
1427419246251,37.49123,139.921791,9,-0.008,-0.796,9.749,3.25
1427419246347,37.49123,139.921787,9,0.084,-0.839,9.908,3.25
1427419246448,37.491229,139.921782,9,0.114,-0.877,9.803,3.25
1427419246548,37.491228,139.921778,9,-0.013,-0.862,9.468,3.25
1427419246649,37.491227,139.921773,9,-0.124,-0.818,9.298,3.25
1427419246750,37.491226,139.921769,9,-0.156,-0.783,9.388,3.25
1427419246851,37.491226,139.921764,9,-0.063,-0.805,9.568,3.25
1427419246951,37.491225,139.921759,9,0.016,-0.809,9.626,3.25
1427419247047,37.491224,139.921755,9,0.036,-0.78,9.479,3.25
1427419247148,37.491225,139.921752,9,0.005,-0.758,9.388,3.063
1427419247248,37.491226,139.921748,9,-0.028,-0.838,9.454,2.882
1427419247349,37.491227,139.921745,9,-0.047,-1.022,9.544,2.707
1427419247450,37.491228,139.921742,9,-0.135,-1.159,9.635,2.542
1427419247551,37.491229,139.921739,9,-0.23,-1.272,9.608,2.386
1427419247651,37.49123,139.921736,9,-0.243,-1.304,9.431,2.241
1427419247747,37.491231,139.921734,9,-0.203,-1.375,9.398,2.109
1427419247848,37.491232,139.921731,9,-0.136,-1.439,9.517,1.98
1427419247948,37.491232,139.921729,9,-0.106,-1.481,9.578,1.862
1427419248049,37.491233,139.921727,9,-0.155,-1.504,9.499,1.751
1427419248150,37.491234,139.921725,8,-0.252,-1.57,9.46,1.692
1427419248251,37.491235,139.921724,8,-0.349,-1.67,9.518,1.636
1427419248351,37.491235,139.921722,8,-0.381,-1.791,9.522,1.582
1427419248447,37.491236,139.921721,8,-0.374,-1.93,9.459,1.532
1427419248548,37.491237,139.921719,8,-0.36,-2.064,9.459,1.48
1427419248648,37.491237,139.921718,8,-0.296,-1.879,9.7,1.431
1427419248749,37.491238,139.921717,8,-0.128,-0.98,10.133,1.383
1427419248850,37.491239,139.921715,8,-0.008,-0.039,10.011,1.337
1427419248950,37.491239,139.921714,8,0.056,0.367,9.254,1.292
1427419249051,37.49124,139.921713,8,0.07,0.368,8.692,1.248
1427419249147,37.491242,139.921713,8,0.108,0.353,8.885,1.019
1427419249248,37.491243,139.921713,8,0.151,0.314,9.443,0.804
1427419249348,37.491245,139.921712,8,0.1,0.077,9.81,0.616
1427419249449,37.491246,139.921712,8,0.006,-0.185,9.814,0.452
1427419249550,37.491247,139.921712,8,-0.034,-0.189,9.706,0.312
1427419249650,37.491248,139.921712,8,-0.022,0.004,9.619,0.2
1427419249751,37.491248,139.921712,8,-0.005,0.176,9.481,0.112
1427419249847,37.491249,139.921712,8,0.016,0.257,9.351,0.052
1427419249947,37.491249,139.921712,8,0.053,0.271,9.376,0.013
1427419347846,37.491562,139.918614,4,0.057,0.072,9.593,3.25
1427419347851,37.491562,139.918613,4,0.059,0.068,9.591,3.25
1427419347951,37.491562,139.91861,4,0.071,-0.301,9.509,3.25
1427419348047,37.491563,139.918606,4,0.129,-0.576,9.497,3.25
1427419348148,37.491564,139.918603,4,0.157,-0.763,9.649,3.225
1427419348249,37.491564,139.9186,4,-0.01,-0.861,9.709,3.199
1427419348350,37.491565,139.918597,4,-0.246,-0.884,9.542,3.173
1427419348450,37.491565,139.918594,4,-0.362,-0.825,9.331,3.148
1427419348551,37.491566,139.918591,4,-0.272,-0.818,9.461,3.122
1427419348651,37.491566,139.918588,4,-0.088,-0.923,9.747,3.097
1427419348747,37.491567,139.918585,4,-0.001,-0.97,9.601,3.074
1427419348848,37.491567,139.918582,4,-0.07,-1.036,9.215,3.049
1427419348948,37.491568,139.918579,4,-0.207,-1.098,9.241,3.025
1427419349049,37.491568,139.918576,4,-0.224,-1.145,9.608,3.0
1427419349150,37.491568,139.918573,5,-0.131,-1.054,9.95,2.974
1427419349251,37.491568,139.918571,5,-0.014,-0.947,9.771,2.948
1427419349351,37.491569,139.918568,5,0.07,-0.881,9.397,2.922
1427419349447,37.491569,139.918566,5,0.043,-0.867,9.22,2.898
1427419349548,37.491569,139.918563,5,-0.092,-0.905,9.304,2.873
1427419349648,37.491569,139.918561,5,-0.261,-1.065,9.447,2.848
1427419349749,37.491569,139.918558,5,-0.344,-1.315,9.558,2.823
1427419349850,37.49157,139.918556,5,-0.295,-1.54,9.625,2.798
1427419349950,37.49157,139.918553,5,-0.198,-1.706,9.628,2.774
1427419350051,37.49157,139.918551,5,-0.124,-1.824,9.566,2.745
1427419350147,37.491569,139.918554,5,-0.129,-1.729,9.642,2.242
1427419350247,37.491567,139.918557,5,-0.082,-1.009,9.975,1.773
1427419350348,37.491566,139.91856,5,-0.026,-0.194,9.92,1.355
1427419350449,37.491565,139.918562,5,0.049,0.231,9.349,0.993
1427419350550,37.491564,139.918564,5,0.152,0.283,8.855,0.688
1427419350650,37.491563,139.918565,5,0.201,0.256,8.975,0.44
1427419350751,37.491563,139.918566,5,0.154,0.2,9.441,0.246
1427419350847,37.491562,139.918567,5,0.063,-0.0,9.733,0.113
1427419350947,37.491562,139.918568,5,-0.013,-0.172,9.767,0.029
1427419382847,37.491549,139.918451,11,0.102,0.058,9.538,1.128
1427419382948,37.491551,139.918451,11,0.203,-0.175,9.55,1.188
1427419383048,37.491554,139.918451,11,0.304,-0.365,9.568,1.249
1427419383149,37.491556,139.918451,11,0.408,-0.434,9.587,1.292
1427419383250,37.491558,139.918451,11,0.479,-0.475,9.645,1.337
1427419383350,37.49156,139.918451,11,0.527,-0.553,9.753,1.383
1427419383451,37.491563,139.918451,11,0.454,-0.637,9.66,1.43
1427419383547,37.491565,139.918451,11,0.258,-0.811,9.394,1.478
1427419383647,37.491567,139.91845,11,-0.016,-0.932,9.224,1.528
1427419383748,37.49157,139.91845,11,-0.337,-0.987,9.283,1.581
1427419383849,37.491573,139.91845,11,-0.545,-0.978,9.567,1.636
1427419383949,37.491575,139.91845,11,-0.492,-0.772,9.856,1.692
1427419384050,37.491578,139.91845,11,-0.305,-0.535,9.807,1.75
1427419384151,37.491581,139.91845,11,-0.175,-0.351,9.436,1.774
1427419384247,37.491583,139.918449,11,-0.134,-0.189,9.14,1.797
1427419384348,37.491586,139.918449,11,-0.104,-0.128,9.139,1.821
1427419384448,37.491588,139.918448,11,0.024,-0.163,9.446,1.846
1427419384549,37.491591,139.918448,11,0.235,-0.211,9.783,1.871
1427419384649,37.491594,139.918448,11,0.432,-0.148,9.865,1.896
1427419384750,37.491597,139.918447,11,0.506,-0.044,9.696,1.921
1427419384851,37.491599,139.918447,11,0.43,0.029,9.526,1.948
1427419384947,37.491602,139.918446,11,0.333,0.034,9.469,1.973
1427419385047,37.491605,139.918446,11,0.221,0.037,9.339,1.999
1427419385148,37.491607,139.918445,11,0.125,0.032,9.204,2.0
1427419385249,37.49161,139.918444,11,0.079,0.003,9.245,2.0
1427419385349,37.491612,139.918443,11,0.102,-0.013,9.369,2.0
1427419385450,37.491615,139.918442,11,0.215,0.005,9.361,2.0
1427419385551,37.491618,139.918441,11,0.336,0.111,9.283,2.0
1427419385651,37.49162,139.91844,11,0.429,0.306,9.345,2.0
1427419385747,37.491622,139.918439,11,0.402,0.425,9.46,2.0
1427419385848,37.491625,139.918438,11,0.309,0.387,9.528,2.0
1427419387847,37.491669,139.918415,10,0.304,0.375,9.521,2.0
1427419387948,37.491671,139.918414,10,0.24,-0.14,9.614,2.0
1427419388048,37.491673,139.918413,10,0.262,-0.496,9.765,2.0
1427419388149,37.491675,139.918412,10,0.252,-0.696,9.718,1.974
1427419388250,37.491677,139.918411,10,0.142,-0.771,9.538,1.947
1427419388350,37.49168,139.91841,10,0.019,-0.765,9.383,1.921
1427419388451,37.491682,139.918409,10,0.009,-0.806,9.358,1.896
1427419388547,37.491684,139.918408,10,0.165,-0.836,9.456,1.872
1427419388648,37.491686,139.918407,10,0.296,-0.859,9.69,1.846
1427419388748,37.491688,139.918407,10,0.312,-0.851,9.746,1.822
1427419388849,37.49169,139.918406,10,0.18,-0.806,9.593,1.798
1427419388950,37.491692,139.918405,10,-0.028,-0.744,9.4,1.774
1427419389050,37.491694,139.918404,10,-0.169,-0.637,9.337,1.75
1427419389151,37.491696,139.918403,10,-0.116,-0.437,9.446,1.75
1427419389247,37.491698,139.918403,10,0.065,-0.281,9.544,1.75
1427419389347,37.491699,139.918402,10,0.274,-0.167,9.571,1.75
1427419389448,37.491701,139.918401,10,0.414,-0.096,9.535,1.75
1427419389549,37.491703,139.918401,10,0.428,-0.042,9.473,1.75
1427419389650,37.491705,139.9184,10,0.339,-0.005,9.426,1.75
1427419389750,37.491707,139.918399,10,0.199,0.015,9.468,1.75
1427419389851,37.491708,139.918398,10,0.093,-0.019,9.572,1.75
1427419389947,37.49171,139.918398,10,0.078,-0.085,9.596,1.75
1427419390047,37.491712,139.918397,10,0.103,-0.164,9.535,1.75
1427419390148,37.491714,139.918396,11,0.126,-0.402,9.393,1.724
1427419390249,37.491715,139.918396,11,0.118,-0.755,9.332,1.697
1427419390350,37.491717,139.918395,11,0.16,-1.017,9.493,1.671
1427419390450,37.491718,139.918394,11,0.208,-1.165,9.697,1.645
1427419390551,37.49172,139.918394,11,0.262,-0.951,9.873,1.62
1427419390647,37.491721,139.918393,11,0.281,-0.679,9.706,1.596
1427419390748,37.491723,139.918393,11,0.246,-0.498,9.391,1.571
1427419390848,37.491724,139.918392,11,0.166,-0.528,9.152,1.547
1427419390949,37.491726,139.918392,11,0.118,-0.787,9.176,1.524
1427419391049,37.491727,139.918391,11,0.108,-1.111,9.418,1.5
1427419391150,37.491727,139.918388,11,0.112,-1.38,9.685,1.215
1427419391251,37.491726,139.918385,11,0.133,-1.371,9.899,0.958
1427419391347,37.491726,139.918382,11,0.219,-0.836,10.065,0.741
1427419391447,37.491726,139.91838,11,0.247,-0.175,9.849,0.545
1427419391548,37.491726,139.918378,11,0.284,0.244,9.332,0.378
1427419391649,37.491725,139.918377,11,0.361,0.369,8.917,0.241
1427419391749,37.491725,139.918376,11,0.439,0.329,9.006,0.136
1427419391850,37.491725,139.918375,11,0.451,0.194,9.405,0.06
1427419391951,37.491725,139.918374,11,0.348,-0.053,9.728,0.015
1427419426846,37.492151,139.918472,5,0.338,0.001,9.565,4.25
1427419441846,37.492799,139.918937,10,0.34,0.005,9.562,5.3
1427419441852,37.492799,139.918938,10,0.341,0.006,9.561,5.299
1427419441947,37.492803,139.918942,10,0.147,-0.225,9.275,5.275
1427419442048,37.492807,139.918946,10,0.088,-0.4,9.017,5.25
1427419442149,37.492811,139.918949,8,0.024,-0.572,9.36,5.171
1427419442249,37.492815,139.918951,8,-0.012,-0.715,9.841,5.092
1427419442350,37.492819,139.918954,8,-0.047,-0.751,9.989,5.013
1427419442451,37.492823,139.918956,8,-0.045,-0.708,9.623,4.935
1427419442547,37.492826,139.918958,8,0.055,-0.637,9.227,4.863
1427419442647,37.49283,139.918961,8,0.165,-0.595,9.084,4.788
1427419442748,37.492833,139.918963,8,0.181,-0.671,9.507,4.714
1427419442849,37.492837,139.918965,8,0.182,-0.752,9.822,4.641
1427419442949,37.492841,139.918968,8,0.135,-0.843,9.669,4.571
1427419443050,37.492844,139.91897,6,0.054,-0.892,9.374,4.5
1427419443151,37.492848,139.918973,6,-0.034,-0.969,9.362,4.447
1427419443251,37.492851,139.918976,6,-0.14,-1.001,9.455,4.395
1427419443347,37.492854,139.918979,6,-0.185,-1.059,9.55,4.345
1427419443448,37.492858,139.918982,6,-0.166,-1.128,9.637,4.294
1427419443549,37.492861,139.918984,6,-0.027,-1.108,9.577,4.243
1427419443649,37.492864,139.918987,6,0.12,-1.052,9.349,4.193
1427419443750,37.492868,139.91899,6,0.225,-1.086,9.322,4.144
1427419443851,37.492871,139.918993,6,0.215,-1.149,9.537,4.095
1427419443951,37.492874,139.918995,6,0.149,-1.203,9.782,4.047
1427419444047,37.492877,139.918998,6,0.06,-1.191,9.779,4.001
1427419444148,37.49288,139.919,6,-0.068,-1.175,9.538,3.948
1427419444248,37.492882,139.919002,6,-0.166,-1.145,9.328,3.896
1427419444349,37.492885,139.919005,6,-0.181,-1.1,9.35,3.844
1427419444450,37.492888,139.919007,6,-0.112,-1.09,9.467,3.792
1427419444551,37.49289,139.919009,6,-0.04,-1.149,9.499,3.741
1427419444651,37.492893,139.919011,6,-0.026,-1.26,9.468,3.692
1427419444747,37.492895,139.919013,6,-0.051,-1.378,9.496,3.644
1427419444848,37.492898,139.919015,6,-0.057,-1.512,9.656,3.596
1427419444948,37.492901,139.919017,6,-0.055,-1.676,9.701,3.548
1427419445049,37.492903,139.919019,6,-0.053,-1.808,9.553,3.5
1427419445150,37.492905,139.919022,6,-0.082,-1.901,9.417,3.474
1427419445251,37.492907,139.919025,6,-0.146,-2.014,9.455,3.448
1427419445351,37.492909,139.919028,6,-0.227,-2.111,9.588,3.423
1427419445447,37.49291,139.919031,6,-0.267,-2.169,9.607,3.399
1427419445548,37.492912,139.919034,6,-0.261,-2.217,9.504,3.373
1427419445648,37.492914,139.919037,6,-0.173,-2.109,9.538,3.348
1427419445749,37.492916,139.91904,6,-0.064,-1.866,9.656,3.323
1427419445850,37.492918,139.919043,6,0.026,-1.459,9.752,3.299
1427419445950,37.492919,139.919046,6,0.082,-0.929,9.751,3.274
1427419446051,37.492921,139.919049,7,0.098,-0.472,9.55,3.248
1427419446147,37.492921,139.919049,7,0.099,-0.187,9.294,3.065
1427419446248,37.49292,139.919048,7,0.144,-0.032,9.167,2.882
1427419446348,37.49292,139.919048,7,0.204,0.008,9.346,2.709
1427419446449,37.492919,139.919047,7,0.245,-0.006,9.622,2.544
1427419446550,37.492919,139.919047,7,0.238,0.003,9.694,2.388
1427419446650,37.492918,139.919046,7,0.197,0.031,9.528,2.242
1427419446751,37.492918,139.919046,7,0.172,0.071,9.405,2.104
1427419446847,37.492918,139.919046,7,0.167,0.082,9.445,1.982
1427419446947,37.492917,139.919045,7,0.194,0.057,9.579,1.863
1427419447048,37.492917,139.919045,7,0.216,0.04,9.62,1.752
1427419447149,37.492917,139.919044,7,0.226,0.06,9.545,1.564
1427419447250,37.492917,139.919044,7,0.213,0.096,9.501,1.389
1427419447350,37.492917,139.919043,7,0.14,0.142,9.562,1.229
1427419447451,37.492916,139.919042,7,0.17,0.227,9.709,1.082
1427419447547,37.492916,139.919042,7,0.214,0.465,9.724,0.955
1427419447647,37.492916,139.919041,7,0.213,0.718,9.584,0.837
1427419447748,37.492916,139.919041,7,0.289,0.978,9.563,0.731
1427419472844,37.494314,139.920052,9,0.31,1.025,9.373,10.25
1427419478847,37.494831,139.920333,8,0.308,1.023,9.383,9.75
1427419504844,37.496895,139.920938,6,0.31,1.012,9.399,7.801
1427419504849,37.496895,139.920938,6,0.312,0.997,9.425,7.8
1427419504950,37.496901,139.920941,6,0.145,0.43,10.169,7.775
1427419505051,37.496908,139.920943,6,0.047,0.085,10.424,7.75
1427419505151,37.496915,139.920945,6,-0.024,0.015,9.877,7.724
1427419505247,37.496921,139.920946,6,-0.083,-0.121,9.962,7.7
1427419505348,37.496928,139.920948,6,-0.109,-0.112,10.207,7.675
1427419505449,37.496935,139.92095,6,-0.051,0.03,9.256,7.649
1427419505549,37.496941,139.920952,6,-0.042,0.206,8.534,7.624
1427419505650,37.496948,139.920953,6,-0.163,0.116,8.518,7.599
1427419505751,37.496954,139.920955,6,-0.364,-0.067,9.177,7.574
1427419530847,37.49844,139.921349,6,-0.383,-0.108,9.709,5.75
1427419530948,37.498445,139.921352,6,-0.366,-0.213,9.625,5.75
1427419531049,37.49845,139.921354,6,-0.396,-0.314,9.789,5.75
1427419531149,37.498453,139.921355,8,-0.409,-0.385,9.736,5.698
1427419531250,37.498456,139.921357,8,-0.394,-0.343,9.507,5.646
1427419531351,37.49846,139.921358,8,-0.343,-0.355,9.449,5.595
1427419531451,37.498463,139.92136,8,-0.308,-0.364,9.577,5.544
1427419531547,37.498466,139.921361,8,-0.227,-0.356,9.536,5.496
1427419531648,37.498469,139.921363,8,-0.271,-0.321,9.424,5.446
1427419531749,37.498472,139.921364,8,-0.329,-0.366,9.663,5.396
1427419531849,37.498475,139.921365,8,-0.281,-0.337,9.631,5.347
1427419531950,37.498478,139.921367,8,-0.28,-0.359,9.518,5.298
1427419532051,37.498481,139.921368,8,-0.272,-0.357,9.575,5.249
1427419532151,37.498486,139.92137,8,-0.28,-0.386,9.556,5.197
1427419532247,37.49849,139.921373,8,-0.262,-0.406,9.405,5.148
1427419532348,37.498494,139.921375,8,-0.118,-0.459,9.354,5.096
1427419532449,37.498499,139.921377,8,0.009,-0.477,9.526,5.045
1427419532549,37.498503,139.921379,8,0.083,-0.52,9.661,4.994
1427419532650,37.498507,139.921381,8,0.241,-0.523,9.548,4.944
1427419532751,37.498512,139.921384,8,0.31,-0.635,9.55,4.894
1427419532851,37.498516,139.921386,8,0.468,-0.6,9.311,4.846
1427419532947,37.49852,139.921388,8,0.598,-0.595,9.106,4.799
1427419533048,37.498524,139.92139,8,0.639,-0.675,9.391,4.751
1427419533148,37.498529,139.921392,7,0.657,-0.784,9.781,4.75
1427419533249,37.498534,139.921393,7,0.791,-0.864,9.826,4.75
1427419533350,37.498539,139.921395,7,0.796,-0.977,10.129,4.75
1427419533450,37.498544,139.921396,7,0.89,-0.996,9.939,4.75
1427419533551,37.498549,139.921398,7,1.026,-0.916,9.109,4.75
1427419533647,37.498553,139.9214,7,1.052,-0.893,8.853,4.75
1427419533748,37.498558,139.921401,7,1.062,-0.971,9.183,4.75
1427419533848,37.498563,139.921403,7,1.077,-1.1,9.601,4.75
1427419533949,37.498568,139.921404,7,1.127,-1.171,9.968,4.75
1427419534050,37.498573,139.921406,7,1.252,-1.107,10.037,4.75
1427419534150,37.498576,139.921407,7,1.395,-0.946,9.675,4.724
1427419534251,37.49858,139.921408,7,1.454,-0.828,9.143,4.699
1427419534347,37.498583,139.921409,7,1.476,-0.764,9.047,4.674
1427419534448,37.498586,139.92141,7,1.446,-0.788,9.4,4.649
1427419534548,37.49859,139.921412,7,1.325,-0.785,9.292,4.624
1427419534649,37.498593,139.921413,7,1.186,-0.878,9.275,4.599
1427419534750,37.498596,139.921414,7,1.042,-1.045,9.85,4.574
1427419534850,37.4986,139.921415,7,1.029,-1.147,10.324,4.549
1427419534947,37.498603,139.921416,7,0.999,-1.275,10.088,4.525
1427419535047,37.498606,139.921417,7,1.023,-1.304,9.723,4.501
1427419535147,37.498607,139.921423,9,1.177,-1.307,9.243,4.328
1427419535248,37.498609,139.921429,9,1.311,-1.314,8.851,4.155
1427419535349,37.49861,139.921435,9,1.286,-1.385,9.189,3.989
1427419535450,37.498611,139.921441,9,1.215,-1.497,9.858,3.828
1427419535550,37.498613,139.921446,9,1.124,-1.56,10.117,3.675
1427419535651,37.498614,139.921451,9,1.062,-1.437,9.969,3.527
1427419535747,37.498615,139.921456,9,0.991,-1.173,9.901,3.391
1427419535847,37.498616,139.921461,9,0.874,-0.828,9.595,3.256
1427419535948,37.498617,139.921466,9,0.635,-0.482,9.061,3.126
1427419536049,37.498618,139.92147,9,0.411,-0.43,9.439,3.001
1427419536150,37.498618,139.921475,9,0.477,-0.354,9.513,3.024
1427419536250,37.498618,139.92148,9,0.605,-0.28,9.281,3.048
1427419536351,37.498618,139.921485,9,0.733,-0.234,9.509,3.073
1427419536447,37.498618,139.921489,9,0.701,-0.194,9.801,3.097
1427419536547,37.498618,139.921494,9,0.747,-0.102,9.477,3.122
1427419536648,37.498618,139.921499,9,0.879,-0.06,9.055,3.147
1427419536749,37.498618,139.921505,9,0.843,0.055,8.608,3.173
1427419536849,37.498618,139.92151,9,0.719,0.247,8.55,3.198
1427419536950,37.498618,139.921515,9,0.62,0.378,9.125,3.224
1427419537051,37.498618,139.92152,8,0.763,0.186,9.826,3.25
1427419537147,37.498617,139.921523,8,1.098,-0.156,9.957,3.225
1427419537247,37.498617,139.921527,8,1.183,-0.324,9.758,3.199
1427419537348,37.498616,139.92153,8,1.002,-0.316,9.532,3.173
1427419537449,37.498615,139.921533,8,0.694,-0.255,9.389,3.148
1427419537549,37.498614,139.921536,8,0.442,-0.262,9.472,3.123
1427419537650,37.498614,139.92154,8,0.348,-0.223,9.537,3.098
1427419537751,37.498613,139.921543,8,0.345,-0.3,9.454,3.073
1427419537851,37.498612,139.921546,8,0.304,-0.383,9.479,3.048
1427419537947,37.498612,139.921549,8,0.295,-0.417,9.571,3.025
1427419538048,37.498611,139.921552,8,0.248,-0.357,9.582,3.0
1427419538149,37.498607,139.921555,14,0.197,-0.3,9.479,2.974
1427419538250,37.498602,139.921557,14,0.153,-0.234,9.367,2.948
1427419538350,37.498598,139.92156,14,0.124,-0.231,9.526,2.923
1427419538451,37.498593,139.921562,14,0.132,-0.254,9.715,2.897
1427419538551,37.498589,139.921565,14,0.218,-0.329,9.635,2.872
1427419538647,37.498585,139.921567,14,0.148,-0.28,9.605,2.848
1427419538748,37.498581,139.92157,14,0.167,0.029,9.674,2.823
1427419538849,37.498576,139.921572,14,0.207,0.408,9.554,2.799
1427419615845,37.497786,139.92428,13,0.21,0.402,9.534,5.646
1427419615850,37.497786,139.92428,13,0.214,0.39,9.515,5.642
1427419615951,37.497786,139.924284,13,0.274,-0.222,9.16,5.57
1427419616051,37.497786,139.924288,13,0.332,-0.664,8.978,5.498
1427419616147,37.497785,139.924292,13,0.333,-0.909,8.94,5.334
1427419616248,37.497784,139.924296,13,0.302,-1.109,9.313,5.165
1427419616348,37.497782,139.9243,13,0.207,-1.33,9.949,5.003
1427419616449,37.497781,139.924304,13,0.086,-1.52,10.079,4.845
1427419616550,37.49778,139.924307,13,-0.03,-1.532,9.481,4.691
1427419616650,37.497779,139.924311,13,0.034,-1.583,9.125,4.543
1427419616751,37.497778,139.924314,13,0.225,-1.7,9.331,4.399
1427419616847,37.497777,139.924318,13,0.342,-1.854,9.732,4.266
1427419616947,37.497776,139.924321,13,0.339,-1.887,9.791,4.133
1427419617048,37.497775,139.924324,13,0.159,-1.867,9.681,4.003
1427419617149,37.497775,139.924327,11,-0.034,-1.777,9.583,3.783
1427419617250,37.497775,139.924331,11,-0.183,-1.731,9.36,3.572
1427419617350,37.497775,139.924334,11,-0.235,-1.721,9.115,3.372
1427419617451,37.497775,139.924337,11,-0.174,-1.758,9.084,3.181
1427419617547,37.497775,139.92434,11,-0.039,-1.839,9.309,3.008
1427419617647,37.497775,139.924343,11,0.178,-1.935,9.683,2.837
1427419617748,37.497775,139.924345,11,0.345,-1.981,9.862,2.675
1427419617849,37.497775,139.924348,11,0.365,-1.959,9.702,2.523
1427419617950,37.497775,139.92435,11,0.243,-1.951,9.487,2.381
1427419618050,37.497775,139.924352,11,0.059,-1.893,9.464,2.25
1427419618151,37.497776,139.924353,11,-0.041,-1.55,9.679,2.03
1427419618247,37.497777,139.924353,11,-0.028,-1.104,9.789,1.836
1427419618347,37.497778,139.924354,11,0.07,-0.658,9.645,1.648
1427419618448,37.497779,139.924354,11,0.187,-0.318,9.346,1.473
1427419618549,37.497779,139.924354,11,0.274,-0.133,9.112,1.314
1427419618650,37.49778,139.924355,11,0.315,-0.194,9.091,1.17
1427419618750,37.497781,139.924355,11,0.251,-0.644,9.144,1.042
1427419618851,37.497781,139.924356,11,0.189,-1.302,9.305,0.929
1427419618947,37.497782,139.924356,11,0.253,-1.396,9.897,0.835
1427419619047,37.497782,139.924356,11,0.444,-0.693,10.532,0.752
1427419619148,37.497784,139.924358,10,0.516,-0.006,10.178,0.61
1427419619249,37.497786,139.92436,10,0.417,0.267,9.249,0.481
1427419619349,37.497787,139.924362,10,0.315,0.409,8.761,0.369
1427419619450,37.497788,139.924364,10,0.345,0.534,8.929,0.27
1427419619551,37.49779,139.924365,10,0.393,0.394,9.276,0.187
1427419619647,37.49779,139.924366,10,0.416,0.227,9.637,0.122
1427419619747,37.497791,139.924367,10,0.41,0.118,9.861,0.069
1427419619848,37.497792,139.924368,10,0.413,0.097,9.731,0.031
1427419619949,37.497792,139.924368,10,0.402,0.12,9.431,0.008
1427419679844,37.497798,139.924525,10,0.43,0.262,9.532,1.548
1427419689845,37.498108,139.924655,5,0.429,0.263,9.532,4.25
1427419689850,37.498109,139.924655,5,0.426,0.265,9.532,4.25
1427419689950,37.498113,139.924656,5,0.251,0.065,9.38,4.25
1427419690051,37.498117,139.924658,6,0.064,-0.121,9.494,4.25
1427419690147,37.498121,139.92466,6,0.015,-0.212,9.493,4.225
1427419690247,37.498125,139.924661,6,-0.03,-0.213,9.418,4.2
1427419690348,37.498129,139.924663,6,-0.061,-0.282,9.598,4.174
1427419690449,37.498132,139.924665,6,-0.07,-0.374,9.767,4.148
1427419690550,37.498136,139.924667,6,-0.044,-0.434,9.697,4.123
1427419690650,37.49814,139.924668,6,-0.002,-0.463,9.601,4.098
1427419690751,37.498144,139.92467,6,0.02,-0.427,9.373,4.073
1427419690847,37.498147,139.924672,6,0.082,-0.44,9.366,4.05
1427419690947,37.498151,139.924673,6,0.185,-0.49,9.672,4.025
1427419691048,37.498155,139.924675,6,0.249,-0.488,9.866,4.0
1427419691149,37.498158,139.924677,6,0.15,-0.419,9.678,4.0
1427419691249,37.498161,139.924678,6,-0.018,-0.297,9.394,4.0
1427419691350,37.498164,139.92468,6,-0.188,-0.214,9.255,4.0
1427419691451,37.498167,139.924682,6,-0.231,-0.164,9.357,4.0
1427419691547,37.49817,139.924683,6,-0.149,-0.136,9.363,4.0
1427419691647,37.498174,139.924685,6,-0.003,-0.136,9.316,4.0
1427419691748,37.498177,139.924687,6,0.131,-0.182,9.459,4.0
1427419691849,37.49818,139.924689,6,0.25,-0.216,9.587,4.0
1427419691949,37.498183,139.92469,6,0.281,-0.229,9.604,4.0
1427419692050,37.498186,139.924692,6,0.198,-0.194,9.553,4.0
1427419692151,37.498188,139.924693,6,0.066,-0.162,9.588,3.886
1427419692251,37.49819,139.924694,6,-0.053,-0.184,9.551,3.776
1427419692347,37.498192,139.924696,6,-0.106,-0.23,9.427,3.673
1427419692448,37.498194,139.924697,6,-0.158,-0.266,9.305,3.568
1427419692549,37.498196,139.924698,6,-0.127,-0.331,9.486,3.465
1427419692649,37.498198,139.924699,6,-0.053,-0.428,9.622,3.367
1427419692750,37.4982,139.9247,6,-0.007,-0.49,9.607,3.27
1427419692851,37.498202,139.924701,6,0.084,-0.51,9.52,3.176
1427419692951,37.498203,139.924702,6,0.169,-0.51,9.551,3.086
1427419693047,37.498205,139.924703,6,0.178,-0.514,9.622,3.003
1427419693148,37.498207,139.924704,7,0.128,-0.496,9.492,3.0
1427419693249,37.498209,139.924705,7,0.054,-0.499,9.4,3.0
1427419693349,37.498211,139.924706,7,-0.006,-0.522,9.448,3.0
1427419693450,37.498213,139.924707,7,-0.03,-0.538,9.509,3.0
1427419693551,37.498216,139.924709,7,-0.006,-0.509,9.454,3.0
1427419693651,37.498218,139.92471,7,0.015,-0.459,9.49,3.0
1427419693747,37.49822,139.924711,7,0.026,-0.459,9.527,3.0
1427419693848,37.498222,139.924712,7,0.007,-0.473,9.455,3.0
1427419693948,37.498224,139.924713,7,0.008,-0.488,9.419,3.0
1427419694049,37.498226,139.924714,7,0.013,-0.51,9.514,3.0
1427419694150,37.498228,139.924715,7,0.039,-0.524,9.58,2.974
1427419694251,37.49823,139.924716,7,0.055,-0.546,9.539,2.948
1427419694351,37.498232,139.924717,7,0.073,-0.557,9.492,2.922
1427419694447,37.498234,139.924718,7,0.113,-0.541,9.515,2.898
1427419694548,37.498236,139.924719,7,0.122,-0.523,9.543,2.873
1427419694648,37.498238,139.924719,7,0.074,-0.511,9.514,2.848
1427419694749,37.498239,139.92472,7,0.01,-0.514,9.428,2.823
1427419694850,37.498241,139.924721,7,-0.066,-0.603,9.416,2.798
1427419694950,37.498243,139.924722,7,-0.096,-0.765,9.43,2.774
1427419695051,37.498245,139.924723,6,-0.092,-0.927,9.472,2.749
1427419695147,37.498247,139.924724,6,-0.064,-1.031,9.529,2.697
1427419695248,37.498248,139.924725,6,-0.053,-1.082,9.571,2.643
1427419695348,37.49825,139.924726,6,-0.1,-1.11,9.55,2.591
1427419695449,37.498252,139.924726,6,-0.171,-1.133,9.47,2.539
1427419695550,37.498253,139.924727,6,-0.19,-1.16,9.454,2.487
1427419695650,37.498255,139.924728,6,-0.166,-1.197,9.515,2.438
1427419695751,37.498257,139.924729,6,-0.126,-1.235,9.523,2.389
1427419695847,37.498258,139.92473,6,-0.1,-1.271,9.481,2.343
1427419695947,37.49826,139.92473,6,-0.077,-1.139,9.574,2.297
1427419696048,37.498261,139.924731,6,0.013,-0.58,9.826,2.251
1427419696149,37.49826,139.92473,6,0.07,-0.027,9.733,1.827
1427419696250,37.498259,139.924728,6,0.083,0.222,9.31,1.44
1427419696350,37.498258,139.924727,6,0.099,0.257,9.042,1.103
1427419696451,37.498257,139.924727,6,0.146,0.254,9.241,0.807
1427419696547,37.498257,139.924726,6,0.154,0.166,9.555,0.569
1427419696647,37.498256,139.924725,6,0.127,0.013,9.692,0.365
1427419696748,37.498256,139.924725,6,0.063,-0.069,9.62,0.205
1427419696849,37.498255,139.924724,6,0.039,0.025,9.541,0.091
1427419696950,37.498255,139.924724,6,0.076,0.177,9.485,0.022
1427419729846,37.498363,139.924723,11,0.109,0.082,9.525,4.3
1427419729851,37.498363,139.924723,11,0.094,0.078,9.528,4.299
1427419729947,37.498368,139.924726,11,-1.009,-0.063,9.564,4.275
1427419730047,37.498373,139.924729,11,-1.926,-0.155,9.4,4.251
1427419730148,37.498378,139.924731,11,-2.538,-0.266,9.171,4.25
1427419730249,37.498383,139.924733,11,-2.992,-0.445,9.314,4.25
1427419730349,37.498388,139.924735,11,-3.37,-0.67,9.448,4.25
1427419730450,37.498393,139.924737,11,-3.666,-0.934,9.43,4.25
1427419730551,37.498398,139.924739,11,-3.83,-1.116,9.354,4.25
1427419730651,37.498402,139.92474,11,-3.813,-1.232,9.251,4.25
1427419730747,37.498407,139.924742,11,-3.724,-1.281,9.259,4.25
1427419730848,37.498412,139.924744,11,-3.585,-1.27,9.057,4.25
1427419730949,37.498417,139.924746,11,-3.355,-1.293,9.05,4.25
1427419731049,37.498422,139.924748,11,-3.037,-1.319,9.297,4.25
1427419731150,37.498427,139.924748,11,-2.821,-1.341,9.476,4.25
1427419731251,37.498432,139.924748,11,-2.664,-1.254,9.255,4.25
1427419731351,37.498437,139.924749,11,-2.48,-1.179,8.87,4.25
1427419731447,37.498442,139.924749,11,-2.355,-1.2,9.038,4.25
1427419731548,37.498447,139.924749,11,-2.259,-1.308,9.767,4.25
1427419731648,37.498452,139.924749,11,-2.113,-1.289,9.763,4.25
1427419731749,37.498457,139.924749,11,-1.954,-1.243,9.381,4.25
1427419731850,37.498462,139.92475,11,-1.783,-1.204,9.483,4.25
1427419731951,37.498467,139.92475,11,-1.724,-1.072,9.261,4.25
1427419732051,37.498472,139.92475,9,-1.539,-1.003,9.326,4.25
1427419732147,37.498477,139.924749,9,-1.245,-0.924,9.615,4.25
1427419732248,37.498483,139.924747,9,-0.969,-0.798,9.685,4.25
1427419732348,37.498488,139.924746,9,-0.894,-0.676,9.771,4.25
1427419732449,37.498494,139.924745,9,-0.941,-0.507,9.424,4.25
1427419732550,37.4985,139.924744,9,-1.056,-0.419,9.155,4.25
1427419732651,37.498505,139.924742,9,-0.975,-0.356,9.231,4.25
1427419732751,37.498511,139.924741,9,-0.703,-0.252,9.436,4.25
1427419732847,37.498516,139.92474,9,-0.522,-0.166,9.327,4.25
1427419732948,37.498521,139.924738,9,-0.456,-0.134,9.354,4.25
1427419733048,37.498527,139.924737,9,-0.464,-0.12,9.609,4.25
1427419733149,37.498532,139.924735,9,-0.317,-0.091,9.523,4.25
1427419733250,37.498536,139.924732,9,-0.103,0.083,9.205,4.25
1427419733350,37.498541,139.92473,9,0.01,0.655,9.343,4.25
1427419733451,37.498546,139.924727,9,-0.07,1.197,10.128,4.25
1427419733547,37.49855,139.924725,9,-0.161,1.343,9.895,4.25
1427419733647,37.498555,139.924723,9,-0.177,1.311,9.394,4.25
1427419733748,37.49856,139.92472,9,-0.073,1.164,9.204,4.25
1427419739846,37.498712,139.924261,5,0.084,1.376,9.452,6.599
1427419739851,37.498712,139.924261,5,0.103,1.371,9.456,6.597
1427419739947,37.498714,139.924255,5,0.196,0.457,9.396,6.55
1427419740048,37.498716,139.924249,5,0.058,-0.325,9.626,6.501
1427419740148,37.498718,139.924243,5,-0.064,-0.802,9.708,6.366
1427419740249,37.49872,139.924237,5,-0.22,-1.05,9.534,6.23
1427419740350,37.498721,139.924231,5,-0.29,-1.156,9.398,6.097
1427419740450,37.498723,139.924225,5,-0.32,-1.261,9.508,5.968
1427419740551,37.498725,139.924219,5,-0.294,-1.257,9.584,5.841
1427419740647,37.498727,139.924214,5,-0.289,-1.286,9.531,5.722
1427419740747,37.498728,139.924208,5,-0.181,-1.247,9.283,5.601
1427419740848,37.49873,139.924203,5,-0.11,-1.232,9.306,5.481
1427419740949,37.498731,139.924197,5,-0.103,-1.303,9.588,5.364
1427419741050,37.498733,139.924192,4,-0.11,-1.328,9.678,5.25
1427419741150,37.498734,139.924187,4,-0.105,-1.327,9.425,5.11
1427419741251,37.498735,139.924182,4,-0.154,-1.38,9.349,4.972
1427419741347,37.498736,139.924177,4,-0.149,-1.425,9.351,4.843
1427419741447,37.498736,139.924172,4,-0.142,-1.59,9.809,4.713
1427419741548,37.498737,139.924168,4,-0.127,-1.623,9.831,4.585
1427419741649,37.498738,139.924163,4,-0.197,-1.562,9.383,4.461
1427419741750,37.498739,139.924158,4,-0.175,-1.485,9.13,4.34
1427419741850,37.49874,139.924154,4,-0.052,-1.538,9.416,4.223
1427419741951,37.49874,139.92415,4,0.03,-1.628,9.62,4.109
1427419742047,37.498741,139.924146,4,0.075,-1.658,9.529,4.003
1427419742147,37.498741,139.924142,5,0.071,-1.64,9.407,3.824
1427419742248,37.498742,139.924139,5,-0.012,-1.638,9.596,3.648
1427419742349,37.498742,139.924135,5,-0.142,-1.648,9.626,3.479
1427419742449,37.498742,139.924132,5,-0.21,-1.62,9.453,3.318
1427419742550,37.498743,139.924129,5,-0.249,-1.665,9.313,3.163
1427419742651,37.498743,139.924126,5,-0.252,-1.681,9.44,3.015
1427419742752,37.498743,139.924123,5,-0.246,-1.712,9.584,2.875
1427419742847,37.498744,139.92412,5,-0.199,-1.752,9.706,2.748
1427419742948,37.498744,139.924118,5,-0.267,-1.714,9.67,2.621
1427419743049,37.498744,139.924115,5,-0.482,-1.632,9.411,2.501
1427419743149,37.498745,139.924113,5,-0.669,-1.551,9.192,2.243
1427419743250,37.498746,139.924111,5,-0.724,-1.595,9.265,1.999
1427419743351,37.498747,139.924109,5,-0.618,-1.693,9.475,1.775
1427419743451,37.498748,139.924107,5,-0.389,-1.797,9.509,1.572
1427419743547,37.498748,139.924106,5,-0.182,-1.886,9.505,1.395
1427419743648,37.498749,139.924104,5,-0.083,-1.966,9.569,1.227
1427419743749,37.49875,139.924103,5,-0.119,-2.023,9.616,1.078
1427419743849,37.49875,139.924102,5,-0.259,-2.053,9.568,0.95
1427419743950,37.498751,139.924101,5,-0.335,-1.796,9.72,0.84
1427419744051,37.498751,139.9241,5,-0.199,-0.948,10.098,0.749
1427419744151,37.498752,139.924098,5,-0.019,-0.168,9.904,0.606
1427419744247,37.498752,139.924097,5,0.053,0.192,9.276,0.484
1427419744348,37.498753,139.924095,5,0.001,0.345,8.852,0.37
1427419744448,37.498753,139.924094,5,-0.043,0.336,8.931,0.272
1427419744549,37.498753,139.924093,5,-0.051,0.233,9.366,0.188
1427419744650,37.498754,139.924092,5,0.004,0.113,9.793,0.12
1427419744751,37.498754,139.924092,5,0.087,-0.149,9.754,0.067
1427419744851,37.498754,139.924091,5,0.157,-0.199,9.613,0.03
1427419744947,37.498754,139.924091,5,0.144,-0.022,9.608,0.008
1427419801847,37.499348,139.921881,5,0.029,0.032,9.484,6.348
1427419801948,37.499349,139.921875,5,0.019,-0.33,9.855,6.299
1427419802048,37.499351,139.921869,5,0.063,-0.707,10.164,6.251
1427419802149,37.499353,139.921862,4,0.12,-0.861,9.834,6.143
1427419802250,37.499354,139.921856,4,0.18,-0.913,9.346,6.036
1427419802351,37.499356,139.92185,4,0.193,-0.972,9.085,5.931
1427419802451,37.499357,139.921843,4,0.226,-1.071,9.294,5.828
1427419802547,37.499359,139.921837,4,0.216,-1.294,9.655,5.731
1427419802648,37.49936,139.921831,4,0.197,-1.507,9.805,5.631
1427419802748,37.499362,139.921825,4,0.211,-1.64,9.545,5.534
1427419802849,37.499363,139.921819,4,0.162,-1.744,9.305,5.437
1427419802950,37.499365,139.921814,4,0.052,-1.812,9.476,5.342
1427419803050,37.499366,139.921808,4,-0.074,-1.848,9.91,5.25
1427419803151,37.499368,139.921803,4,-0.217,-1.876,9.905,5.041
1427419803247,37.499369,139.921797,4,-0.269,-1.868,9.773,4.85
1427419803347,37.499371,139.921792,4,-0.205,-1.826,9.67,4.657
1427419803448,37.499373,139.921787,4,-0.265,-1.783,9.476,4.47
1427419803549,37.499374,139.921783,4,-0.375,-1.684,9.043,4.289
1427419803650,37.499376,139.921778,4,-0.392,-1.503,8.824,4.116
1427419803750,37.499377,139.921774,4,-0.305,-1.418,9.272,3.952
1427419803851,37.499378,139.92177,4,-0.248,-1.408,9.651,3.792
1427419803947,37.49938,139.921766,4,-0.198,-1.333,9.306,3.648
1427419804047,37.499381,139.921762,4,-0.127,-1.263,9.075,3.504
1427419804148,37.499382,139.921759,4,-0.092,-1.288,9.395,3.317
1427419804249,37.499383,139.921755,4,-0.239,-1.347,9.712,3.136
1427419804350,37.499384,139.921752,4,-0.411,-1.555,10.09,2.964
1427419804450,37.499385,139.921749,4,-0.421,-1.584,9.987,2.802
1427419804551,37.499386,139.921746,4,-0.282,-1.562,9.531,2.646
1427419804647,37.499386,139.921743,4,-0.118,-1.52,9.247,2.506
1427419804747,37.499387,139.921741,4,-0.066,-1.524,9.221,2.368
1427419804848,37.499388,139.921738,4,-0.143,-1.565,9.435,2.237
1427419804949,37.499388,139.921736,4,-0.306,-1.639,9.685,2.114
1427419805049,37.499389,139.921734,4,-0.433,-1.663,9.735,2.001
1427419805150,37.49939,139.921733,4,-0.444,-1.632,9.543,1.824
1427419805251,37.499391,139.921732,4,-0.346,-1.612,9.337,1.658
1427419805347,37.499391,139.921731,4,-0.255,-1.55,9.417,1.51
1427419805447,37.499392,139.92173,4,-0.123,-1.083,9.787,1.368
1427419805548,37.499393,139.92173,4,-0.064,-0.711,9.777,1.235
1427419805649,37.499393,139.921729,4,-0.037,-0.477,9.498,1.115
1427419805749,37.499394,139.921728,4,-0.056,-0.447,9.17,1.007
1427419805850,37.499394,139.921728,4,-0.067,-0.666,9.062,0.909
1427419805951,37.499395,139.921727,4,-0.095,-1.012,9.241,0.823
1427419806047,37.499395,139.921727,4,-0.163,-1.385,9.48,0.752
1427419806147,37.499395,139.921727,4,-0.257,-1.68,9.745,0.612
1427419806248,37.499395,139.921727,4,-0.329,-1.767,9.862,0.482
1427419806349,37.499394,139.921726,4,-0.288,-1.254,10.018,0.369
1427419806449,37.499394,139.921726,4,-0.138,-0.528,9.903,0.271
1427419806550,37.499394,139.921726,4,-0.027,-0.097,9.342,0.188
1427419806651,37.499394,139.921726,4,0.049,0.125,8.935,0.119
1427419806751,37.499394,139.921726,4,0.088,0.181,9.009,0.067
1427419806847,37.499394,139.921726,4,0.109,0.143,9.398,0.031
1427419806948,37.499394,139.921726,4,0.081,0.097,9.783,0.008
1427419808151,37.499395,139.921724,4,0.008,0.107,9.533,0.003
1427419808247,37.499395,139.921724,4,0.002,0.117,9.482,0.01
1427419808348,37.499395,139.921724,4,0.016,0.115,9.492,0.022
1427419808448,37.499395,139.921724,4,0.037,0.112,9.545,0.04
1427419808549,37.499395,139.921724,4,0.056,0.125,9.551,0.062
1427419808650,37.499395,139.921724,4,0.049,0.15,9.515,0.09
1427419808751,37.499395,139.921724,4,0.04,0.179,9.482,0.123
1427419808851,37.499395,139.921723,4,0.035,0.196,9.5,0.16
1427419808947,37.499395,139.921723,4,0.03,0.209,9.527,0.201
1427419809048,37.499395,139.921723,4,-0.034,-0.146,9.305,0.249
1427419809148,37.499396,139.921722,4,-0.142,-0.722,9.198,0.203
1427419809249,37.499398,139.921722,4,-0.097,-0.755,9.72,0.16
1427419809350,37.499399,139.921721,4,0.023,-0.323,10.203,0.122
1427419809450,37.499399,139.921721,4,0.046,-0.083,9.876,0.09
1427419809551,37.4994,139.921721,4,-0.018,-0.04,9.33,0.062
1427419809647,37.499401,139.92172,4,-0.008,0.072,9.164,0.041
1427419809748,37.499401,139.92172,4,0.052,0.213,9.333,0.023
1427419809848,37.499402,139.92172,4,0.094,0.152,9.497,0.01
1427419820846,37.499539,139.92124,5,0.092,0.142,9.5,5.348
1427419820851,37.499539,139.92124,5,0.095,0.129,9.495,5.346
1427419820951,37.499542,139.921235,5,0.596,-0.001,9.061,5.297
1427419821047,37.499545,139.92123,5,1.071,-0.176,9.182,5.251
1427419821148,37.499549,139.921226,5,1.481,-0.362,9.732,5.297
1427419821248,37.499553,139.921222,5,1.759,-0.505,9.969,5.345
1427419821349,37.499557,139.921218,5,1.927,-0.569,9.676,5.395
1427419821450,37.499561,139.921213,5,2.02,-0.595,9.406,5.445
1427419821551,37.499565,139.921209,5,2.058,-0.567,9.18,5.495
1427419821651,37.499569,139.921205,5,2.06,-0.621,9.326,5.545
1427419821747,37.499573,139.9212,5,1.984,-0.672,9.498,5.594
1427419821848,37.499577,139.921196,5,1.866,-0.68,9.461,5.645
1427419821948,37.499582,139.921192,5,1.778,-0.68,9.346,5.697
1427419822049,37.499586,139.921187,5,1.715,-0.68,9.243,5.749
1427419822150,37.499591,139.921185,5,1.555,-0.717,9.458,5.775
1427419822250,37.499595,139.921183,5,1.482,-0.805,9.967,5.799
1427419822351,37.4996,139.921182,5,1.604,-0.893,10.098,5.824
1427419822447,37.499605,139.92118,5,1.69,-0.868,9.664,5.848
1427419822547,37.49961,139.921178,5,1.763,-0.749,9.175,5.873
1427419822648,37.499614,139.921176,5,1.818,-0.751,9.321,5.898
1427419822749,37.499619,139.921175,5,1.862,-0.801,9.931,5.924
1427419822850,37.499624,139.921173,5,1.934,-0.952,9.932,5.949
1427419822950,37.499629,139.921171,5,1.815,-0.889,9.466,5.975
1427419823051,37.499634,139.921169,6,1.664,-0.795,9.574,6.0
1427419823147,37.499639,139.92117,6,1.68,-0.681,9.656,6.0
1427419823247,37.499643,139.921171,6,1.747,-0.462,9.481,6.0
1427419823348,37.499648,139.921171,6,1.794,-0.386,9.662,6.0
1427419823449,37.499653,139.921172,6,2.027,-0.422,9.879,6.0
1427419823550,37.499658,139.921173,6,2.264,-0.465,9.583,6.0
1427419823650,37.499663,139.921174,6,2.473,-0.45,9.107,6.0
1427419823751,37.499668,139.921175,6,2.542,-0.524,9.15,6.0
1427419823847,37.499672,139.921175,6,2.359,-0.572,9.44,6.0
1427419831848,37.500106,139.921328,7,2.336,-0.572,9.445,5.55
1427419831949,37.500111,139.921331,7,1.173,-0.475,9.524,5.525
1427419832049,37.500115,139.921333,7,0.391,-0.383,9.498,5.5
1427419832150,37.500119,139.921335,7,-0.009,-0.326,9.512,5.42
1427419832251,37.500123,139.921336,7,-0.196,-0.319,9.494,5.34
1427419832351,37.500127,139.921338,7,-0.275,-0.291,9.547,5.263
1427419832447,37.500131,139.92134,7,-0.304,-0.318,9.555,5.189
1427419832548,37.500135,139.921341,7,-0.319,-0.454,9.444,5.113
1427419832649,37.500139,139.921343,7,-0.338,-0.645,9.343,5.038
1427419832749,37.500143,139.921344,7,-0.342,-0.858,9.348,4.964
1427419832850,37.500147,139.921346,7,-0.338,-1.005,9.51,4.891
1427419832951,37.50015,139.921348,7,-0.315,-1.116,9.659,4.819
1427419833051,37.500154,139.921349,8,-0.238,-1.171,9.631,4.748
1427419833148,37.500161,139.921353,8,-0.167,-1.206,9.558,4.544
1427419833248,37.500168,139.921357,8,-0.119,-1.212,9.466,4.341
1427419833348,37.500174,139.921361,8,-0.086,-1.186,9.397,4.146
1427419833449,37.50018,139.921364,8,-0.086,-1.195,9.482,3.957
1427419833550,37.500186,139.921368,8,-0.129,-1.181,9.545,3.776
1427419833651,37.500192,139.921371,8,-0.154,-1.158,9.548,3.603
1427419833751,37.500197,139.921374,8,-0.151,-1.144,9.507,3.44
1427419833847,37.500202,139.921377,8,-0.147,-1.165,9.5,3.291
1427419833948,37.500207,139.92138,8,-0.165,-1.18,9.541,3.142
1427419834048,37.500212,139.921383,8,-0.184,-1.136,9.601,3.003
1427419834149,37.500216,139.921384,8,-0.213,-1.041,9.53,3.0
1427419834250,37.50022,139.921384,8,-0.268,-0.92,9.573,3.0
1427419834350,37.500224,139.921385,8,-0.275,-0.823,9.444,3.0
1427419834451,37.500228,139.921385,8,-0.21,-0.755,9.39,3.0
1427419834547,37.500232,139.921386,8,-0.128,-0.68,9.309,3.0
1427419834648,37.500236,139.921387,8,-0.094,-0.676,9.413,3.0
1427419834748,37.50024,139.921387,8,-0.078,-0.739,9.712,3.0
1427419834849,37.500244,139.921388,8,-0.064,-0.783,9.719,3.0
1427419834950,37.500248,139.921388,8,-0.091,-0.762,9.532,3.0
1427419835050,37.500252,139.921389,8,-0.145,-0.731,9.389,3.0
1427419835151,37.500254,139.921391,8,-0.18,-0.699,9.403,2.758
1427419835247,37.500256,139.921393,8,-0.188,-0.709,9.516,2.541
1427419835347,37.500258,139.921396,8,-0.175,-0.718,9.548,2.33
1427419835448,37.50026,139.921397,8,-0.168,-0.725,9.491,2.131
1427419835549,37.500262,139.921399,8,-0.163,-0.741,9.449,1.947
1427419835650,37.500263,139.921401,8,-0.162,-0.787,9.504,1.777
1427419835750,37.500265,139.921402,8,-0.156,-0.827,9.593,1.624
1427419835851,37.500266,139.921404,8,-0.146,-0.825,9.562,1.483
1427419835947,37.500267,139.921405,8,-0.116,-0.805,9.472,1.364
1427419836047,37.500268,139.921406,8,-0.116,-0.841,9.409,1.253
1427419836148,37.500267,139.921405,6,-0.152,-0.902,9.439,1.017
1427419836249,37.500267,139.921404,6,-0.209,-0.971,9.478,0.802
1427419836350,37.500266,139.921403,6,-0.258,-1.066,9.538,0.613
1427419836450,37.500265,139.921403,6,-0.26,-1.169,9.578,0.45
1427419836551,37.500265,139.921402,6,-0.191,-1.266,9.546,0.311
1427419836647,37.500265,139.921402,6,-0.151,-1.358,9.489,0.203
1427419836747,37.500264,139.921401,6,-0.16,-1.443,9.478,0.115
1427419836848,37.500264,139.921401,6,-0.228,-1.509,9.518,0.051
1427419836949,37.500264,139.921401,6,-0.247,-1.213,9.756,0.013
1427419935844,37.499631,139.923904,6,0.014,0.115,9.549,2.426
1427419935849,37.499631,139.923904,6,0.017,0.11,9.554,2.422
1427419935950,37.499631,139.923906,6,0.03,-0.297,9.72,2.334
1427419936050,37.49963,139.923908,4,-0.021,-0.525,9.595,2.25
1427419936151,37.49963,139.923909,4,-0.056,-0.595,9.372,2.123
1427419936247,37.49963,139.92391,4,-0.004,-0.597,9.244,2.008
1427419936348,37.499629,139.923912,4,0.078,-0.616,9.281,1.892
1427419936448,37.499629,139.923913,4,0.127,-0.625,9.484,1.784
1427419936549,37.499629,139.923914,4,0.108,-0.643,9.662,1.68
1427419936650,37.499629,139.923915,4,0.007,-0.65,9.552,1.581
1427419936750,37.499628,139.923916,4,-0.119,-0.63,9.292,1.49
1427419936851,37.499628,139.923916,4,-0.158,-0.642,9.299,1.403
1427419936947,37.499628,139.923917,4,-0.047,-0.706,9.508,1.327
1427419937047,37.499628,139.923918,4,0.173,-0.769,9.668,1.252
1427419937148,37.499628,139.923918,4,0.325,-0.791,9.595,1.131
1427419937249,37.499629,139.923918,4,0.291,-0.774,9.452,1.014
1427419937350,37.499629,139.923917,4,0.106,-0.775,9.442,0.903
1427419937450,37.499629,139.923917,4,-0.115,-0.797,9.507,0.8
1427419937551,37.499629,139.923917,4,-0.184,-0.812,9.544,0.702
1427419937647,37.49963,139.923917,4,-0.055,-0.815,9.548,0.615
1427419937747,37.49963,139.923917,4,0.139,-0.854,9.488,0.531
1427419937848,37.49963,139.923917,4,0.214,-1.008,9.401,0.452
1427419937949,37.49963,139.923917,4,0.206,-0.875,9.642,0.379
1427419938049,37.49963,139.923916,4,0.183,-0.305,9.942,0.313
1427419938150,37.49963,139.923916,4,0.139,0.149,9.733,0.253
1427419938251,37.499631,139.923916,4,0.21,0.305,9.234,0.2
1427419938347,37.499631,139.923916,4,0.331,0.35,9.029,0.154
1427419938447,37.499631,139.923916,4,0.386,0.367,9.262,0.114
1427419938548,37.499631,139.923916,4,0.329,0.261,9.563,0.079
1427419938649,37.499631,139.923916,4,0.197,0.068,9.653,0.05
1427419938749,37.499631,139.923916,4,0.155,0.055,9.64,0.028
1427419949847,37.499577,139.92416,11,0.212,0.186,9.59,2.75
1427419949948,37.499576,139.924164,11,0.171,-0.106,9.678,2.75
1427419950049,37.499575,139.924167,11,0.153,-0.137,9.611,2.75
1427419950150,37.499574,139.92417,10,0.134,-0.008,9.349,2.75
1427419950250,37.499572,139.924172,10,0.17,0.055,9.233,2.75
1427419950351,37.499571,139.924175,10,0.229,0.034,9.395,2.75
1427419950447,37.49957,139.924178,10,0.246,-0.038,9.646,2.75
1427419950547,37.499569,139.92418,10,0.232,-0.104,9.91,2.75
1427419950648,37.499567,139.924183,10,0.208,-0.109,9.647,2.75
1427419950749,37.499566,139.924186,10,0.184,-0.063,9.195,2.75
1427419975845,37.499339,139.924946,10,0.14,0.037,9.107,3.0
1427419981847,37.499248,139.925188,5,0.134,0.034,9.11,4.5
1427419981948,37.499247,139.925194,5,-0.888,-0.246,9.018,4.5
1427419982049,37.499245,139.925199,5,-1.598,-0.531,9.01,4.5
1427419982150,37.499244,139.925203,5,-1.862,-0.882,9.743,4.419
1427419982250,37.499243,139.925208,5,-2.126,-1.104,10.259,4.339
1427419982351,37.499242,139.925212,5,-2.2,-1.179,9.543,4.26
1427419982447,37.499242,139.925216,5,-2.071,-1.291,8.85,4.186
1427419982547,37.499241,139.92522,5,-1.829,-1.532,8.766,4.11
1427419982648,37.49924,139.925224,5,-1.591,-1.805,9.426,4.035
1427419982749,37.499239,139.925228,5,-1.49,-2.003,10.28,3.961
1427419982850,37.499238,139.925232,5,-1.393,-2.031,10.048,3.889
1427419982950,37.499238,139.925236,5,-1.427,-1.91,9.236,3.819
1427419983051,37.499237,139.92524,6,-1.364,-1.822,8.728,3.75
1427419983147,37.499238,139.925243,6,-1.183,-1.571,9.198,3.725
1427419983247,37.499239,139.925246,6,-1.04,-1.241,9.744,3.699
1427419983348,37.499239,139.925249,6,-0.856,-1.08,9.858,3.674
1427419983449,37.49924,139.925252,6,-0.517,-0.899,9.773,3.648
1427419983549,37.499241,139.925255,6,-0.073,-0.659,9.593,3.623
1427419983650,37.499242,139.925258,6,0.345,-0.424,9.4,3.598
1427419983751,37.499243,139.925261,6,0.593,-0.224,9.198,3.573
1427419983852,37.499243,139.925264,6,0.598,-0.1,9.056,3.548
1427419983947,37.499244,139.925267,6,0.489,-0.042,9.302,3.525
1427419984048,37.499245,139.92527,6,0.22,-0.062,9.738,3.5
1427419984149,37.499247,139.925271,8,-0.106,-0.11,9.822,3.386
1427419984250,37.49925,139.925273,8,-0.212,0.105,9.63,3.273
1427419984351,37.499252,139.925274,8,-0.017,0.145,9.418,3.164
1427419984451,37.499254,139.925275,8,0.199,0.386,9.467,3.059
1427419984551,37.499256,139.925277,8,0.406,0.553,9.43,2.957
1427419984647,37.499258,139.925278,8,0.487,0.914,9.858,2.863
1427419984748,37.49926,139.925279,8,0.575,1.182,9.845,2.767
1427420034845,37.502348,139.926434,11,0.642,1.414,9.618,6.55
1427420034850,37.502348,139.926434,11,0.635,1.409,9.631,6.549
1427420034951,37.502354,139.926436,11,0.283,0.587,10.069,6.524
1427420035052,37.502359,139.926439,7,0.089,0.034,10.278,6.499
1427420035147,37.502364,139.926442,7,0.03,-0.249,9.796,6.45
1427420035248,37.502369,139.926444,7,0.012,-0.227,9.541,6.398
1427420035349,37.502375,139.926447,7,-0.151,-0.251,9.609,6.346
1427420035449,37.50238,139.926449,7,-0.273,-0.187,9.405,6.296
1427420035550,37.502385,139.926452,7,-0.287,-0.052,9.085,6.245
1427420035651,37.50239,139.926454,7,-0.249,-0.049,9.189,6.195
1427420035751,37.502395,139.926457,7,-0.195,-0.048,9.286,6.145
1427420035847,37.5024,139.926459,7,-0.201,-0.06,9.296,6.098
1427420035948,37.502405,139.926462,7,-0.129,-0.103,9.507,6.049
1427420036049,37.50241,139.926464,7,-0.036,-0.183,9.688,6.0
1427420036149,37.502415,139.926466,8,-0.034,-0.461,9.705,5.921
1427420036250,37.502419,139.926469,8,-0.167,-0.716,9.478,5.842
1427420036351,37.502424,139.926471,8,-0.287,-0.942,9.342,5.764
1427420036451,37.502428,139.926474,8,-0.365,-1.087,9.37,5.687
1427420036547,37.502432,139.926476,8,-0.45,-1.177,9.546,5.615
1427420036648,37.502436,139.926478,8,-0.53,-1.244,9.665,5.539
1427420036748,37.502441,139.92648,8,-0.507,-1.252,9.696,5.466
1427420036849,37.502445,139.926483,8,-0.377,-1.215,9.489,5.393
1427420036950,37.502449,139.926485,8,-0.217,-1.228,9.382,5.321
1427420037051,37.502453,139.926487,10,-0.092,-1.318,9.354,5.248
1427420037151,37.502456,139.926487,10,-0.057,-1.471,9.55,5.076
1427420037247,37.502459,139.926488,10,-0.184,-1.616,9.755,4.915
1427420037348,37.502462,139.926488,10,-0.327,-1.694,9.738,4.751
1427420037448,37.502465,139.926488,10,-0.401,-1.711,9.533,4.593
1427420037549,37.502468,139.926489,10,-0.495,-1.758,9.396,4.439
1427420037650,37.50247,139.926489,10,-0.542,-1.812,9.438,4.29
1427420037750,37.502473,139.926489,10,-0.495,-1.647,9.649,4.147
1427420037851,37.502475,139.926489,10,-0.394,-1.283,9.821,4.009
1427420037947,37.502478,139.92649,10,-0.304,-0.978,9.713,3.881
1427420038048,37.50248,139.92649,10,-0.258,-0.733,9.411,3.753
1427420038148,37.50248,139.926491,10,-0.224,-0.567,9.193,3.605
1427420038249,37.50248,139.926493,10,-0.167,-0.485,9.287,3.461
1427420038350,37.50248,139.926494,10,-0.145,-0.458,9.497,3.322
1427420038450,37.50248,139.926496,10,-0.216,-0.528,9.493,3.19
1427420038551,37.502481,139.926497,10,-0.307,-0.719,9.352,3.061
1427420038647,37.502481,139.926498,10,-0.374,-0.898,9.33,2.944
1427420038747,37.502481,139.9265,10,-0.415,-1.053,9.459,2.826
1427420038848,37.502481,139.926501,10,-0.414,-1.201,9.591,2.712
1427420038949,37.502481,139.926502,10,-0.41,-1.305,9.611,2.604
1427420039050,37.502481,139.926503,20,-0.395,-1.36,9.543,2.5
1427420039150,37.502476,139.926502,20,-0.371,-1.397,9.423,2.337
1427420039251,37.502472,139.926502,20,-0.329,-1.439,9.389,2.182
1427420039347,37.502467,139.926502,20,-0.315,-1.498,9.45,2.042
1427420039447,37.502463,139.926501,20,-0.345,-1.55,9.571,1.904
1427420039548,37.502459,139.926501,20,-0.431,-1.569,9.601,1.773
1427420039649,37.502456,139.9265,20,-0.421,-1.333,9.662,1.651
1427420039749,37.502453,139.9265,20,-0.388,-0.985,9.629,1.539
1427420039850,37.502449,139.9265,20,-0.36,-0.766,9.464,1.433
1427420039951,37.502447,139.926499,20,-0.304,-0.609,9.333,1.337
1427420040047,37.502444,139.926499,20,-0.256,-0.554,9.336,1.253
1427420040147,37.502448,139.926501,20,-0.229,-0.561,9.499,1.149
1427420040248,37.502452,139.926503,20,-0.239,-0.585,9.624,1.05
1427420040349,37.502456,139.926504,20,-0.262,-0.571,9.576,0.958
1427420040449,37.502459,139.926506,20,-0.291,-0.555,9.434,0.874
1427420040550,37.502462,139.926508,20,-0.28,-0.528,9.455,0.795
1427420040651,37.502465,139.926509,20,-0.257,-0.466,9.581,0.722
1427420040752,37.502468,139.92651,20,-0.229,-0.367,9.59,0.656
1427420040847,37.50247,139.926511,20,-0.214,-0.282,9.502,0.6
1427420040948,37.502472,139.926512,20,-0.2,-0.201,9.436,0.547
1427420041049,37.502474,139.926513,20,-0.187,-0.122,9.471,0.5
1427420041149,37.502473,139.926507,12,-0.165,-0.007,9.571,0.406
1427420041250,37.502473,139.926502,12,-0.135,0.088,9.556,0.32
1427420041351,37.502472,139.926498,12,-0.126,0.152,9.474,0.244
1427420041452,37.502472,139.926494,12,-0.117,0.189,9.409,0.179
1427420041547,37.502472,139.926491,12,-0.118,0.204,9.459,0.127
1427420041648,37.502471,139.926488,12,-0.129,0.198,9.519,0.081
1427420041749,37.502471,139.926486,12,-0.141,0.204,9.54,0.045
1427420041849,37.502471,139.926484,12,-0.128,0.212,9.501,0.02
1427420041950,37.502471,139.926483,12,-0.105,0.228,9.479,0.005
1427420086846,37.504183,139.927271,8,-0.128,0.178,9.523,6.05
1427420098845,37.504833,139.927638,6,-0.129,0.176,9.523,6.397
1427421766849,37.506847,139.931126,5,0.078,0.937,9.792,3.178
1427421766950,37.506846,139.931129,5,0.038,0.25,9.889,3.087
1427421767051,37.506846,139.931132,5,0.084,-0.287,9.855,2.999
1427421767147,37.506846,139.931134,5,0.137,-0.53,9.764,2.885
1427421767247,37.506846,139.931137,5,0.155,-0.547,9.49,2.771
1427421767348,37.506845,139.931139,5,0.135,-0.461,9.39,2.66
1427421767449,37.506845,139.931141,5,0.001,-0.691,9.773,2.553
1427421767549,37.506845,139.931144,5,-0.143,-0.87,10.154,2.451
1427421767650,37.506845,139.931146,5,-0.326,-0.905,9.704,2.352
1427421767751,37.506845,139.931148,5,-0.325,-0.94,9.161,2.257
1427421767851,37.506844,139.931149,5,-0.078,-0.96,9.309,2.167
1427421767947,37.506844,139.931151,5,0.136,-0.997,9.849,2.085
1427421768048,37.506844,139.931153,5,0.193,-1.041,10.123,2.002
1427421768149,37.506844,139.931153,5,0.105,-1.047,9.715,1.771
1427421768249,37.506845,139.931154,5,-0.015,-0.979,9.271,1.558
1427421768350,37.506845,139.931154,5,-0.087,-0.98,9.269,1.361
1427421768451,37.506845,139.931155,5,-0.096,-1.051,9.578,1.182
1427421768551,37.506845,139.931155,5,-0.098,-1.1,9.874,1.024
1427421768647,37.506845,139.931155,5,-0.171,-1.081,9.835,0.888
1427421768748,37.506846,139.931155,5,-0.272,-1.068,9.559,0.763
1427421768848,37.506846,139.931156,5,-0.351,-1.049,9.449,0.658
1427421768949,37.506846,139.931156,5,-0.235,-0.643,9.777,0.57
1427421769050,37.506846,139.931156,5,-0.008,-0.157,9.909,0.5
1427421769151,37.506848,139.931156,5,0.177,0.061,9.619,0.404
1427421769251,37.50685,139.931156,5,0.289,0.196,9.374,0.319
1427421769347,37.506851,139.931157,5,0.297,0.226,9.398,0.247
1427421769448,37.506852,139.931157,5,0.234,0.19,9.619,0.181
1427421769548,37.506853,139.931157,5,0.186,0.39,9.922,0.126
1427421769649,37.506854,139.931157,5,0.142,0.68,9.872,0.08
1427421769750,37.506855,139.931157,5,0.059,0.61,9.428,0.045
1427421793844,37.507108,139.931351,4,0.022,0.405,9.258,1.409
1427421793849,37.507108,139.931351,4,0.018,0.391,9.26,1.405
1427421793950,37.507109,139.931351,4,0.037,0.182,9.415,1.324
1427421794051,37.50711,139.931351,4,0.077,0.089,9.461,1.25
1427421794151,37.507111,139.931351,4,0.13,0.027,9.491,1.25
1427421794257,37.507112,139.931351,4,0.147,-0.018,9.598,1.25
1427421794348,37.507113,139.931351,4,0.124,-0.039,9.637,1.25
1427421794448,37.507114,139.931351,4,0.092,-0.04,9.636,1.25
1427421794549,37.507115,139.931351,4,0.043,-0.06,9.532,1.25
1427421794650,37.507116,139.931351,4,0.025,-0.093,9.571,1.25
1427421794751,37.507117,139.931351,4,0.068,-0.091,9.692,1.25
1427421794851,37.507118,139.931351,4,0.114,-0.061,9.788,1.25
1427421794947,37.507119,139.931351,4,0.127,-0.065,9.73,1.25
1427421795048,37.50712,139.931351,4,0.141,-0.079,9.564,1.25
1427421795148,37.507121,139.931351,5,0.132,-0.138,9.472,1.25
1427421795249,37.507122,139.931351,5,0.126,-0.215,9.597,1.25
1427421795350,37.507123,139.931351,5,0.11,-0.305,9.779,1.25
1427421795450,37.507124,139.931351,5,0.089,-0.403,9.747,1.25
1427421795551,37.507125,139.931351,5,0.054,-0.465,9.612,1.25
1427421795647,37.507125,139.93135,5,0.033,-0.498,9.577,1.25
1427421795748,37.507126,139.93135,5,0.01,-0.558,9.661,1.25
1427421795848,37.507127,139.93135,5,0.002,-0.6,9.7,1.25
1427421795949,37.507128,139.93135,5,0.034,-0.617,9.653,1.25
1427421796050,37.507129,139.93135,5,0.076,-0.642,9.607,1.25
1427421796150,37.50713,139.93135,5,0.108,-0.549,9.709,1.222
1427421796251,37.50713,139.93135,5,0.168,-0.295,9.814,1.195
1427421796347,37.507131,139.93135,5,0.187,-0.13,9.689,1.17
1427421796447,37.507132,139.93135,5,0.152,-0.014,9.552,1.144
1427421796548,37.507132,139.93135,5,0.097,0.02,9.515,1.119
1427421796649,37.507133,139.93135,5,0.097,-0.031,9.48,1.094
1427421796750,37.507133,139.93135,5,0.133,0.03,9.612,1.069
1427421801845,37.507184,139.931371,4,0.233,0.145,9.551,1.25
1427421801851,37.507184,139.931371,4,0.24,0.15,9.551,1.25
1427421801951,37.507185,139.931372,4,0.212,-0.009,9.567,1.25
1427421802047,37.507186,139.931372,4,0.161,-0.142,9.651,1.25
1427421802148,37.507187,139.931372,4,0.139,-0.234,9.667,1.25
1427421802248,37.507188,139.931373,4,0.136,-0.298,9.708,1.25
1427421802349,37.507189,139.931374,4,0.127,-0.35,9.667,1.25
1427421802450,37.50719,139.931374,4,0.119,-0.39,9.604,1.25
1427421802550,37.507191,139.931375,4,0.112,-0.423,9.643,1.25
1427421802651,37.507192,139.931375,4,0.112,-0.42,9.701,1.25
1427421802747,37.507193,139.931375,4,0.1,-0.411,9.647,1.25
1427421802847,37.507194,139.931376,4,0.107,-0.395,9.618,1.25
1427421802948,37.507195,139.931376,4,0.121,-0.371,9.659,1.25
1427421803049,37.507196,139.931377,4,0.129,-0.36,9.665,1.25
1427421803150,37.507197,139.931377,4,0.13,-0.353,9.646,1.012
1427421803250,37.507197,139.931376,4,0.123,-0.354,9.624,0.8
1427421803351,37.507198,139.931376,4,0.109,-0.349,9.632,0.611
1427421803447,37.507198,139.931376,4,0.101,-0.341,9.66,0.455
1427421803547,37.507198,139.931376,4,0.138,-0.258,9.728,0.316
1427421803648,37.507199,139.931375,4,0.197,-0.056,9.767,0.202
1427421803749,37.507199,139.931375,4,0.231,0.122,9.68,0.113
1427421829847,37.507288,139.931487,12,0.223,0.209,9.551,2.197
1427421829948,37.507288,139.931491,12,0.057,0.051,9.493,2.223
1427421830049,37.507289,139.931494,12,-0.06,-0.08,9.506,2.25
1427421830149,37.507289,139.931498,12,-0.176,-0.164,9.389,2.333
1427421830250,37.507289,139.931502,12,-0.223,-0.161,9.359,2.421
1427421830351,37.50729,139.931506,12,-0.238,-0.151,9.239,2.513
1427421830447,37.50729,139.93151,12,-0.21,-0.217,9.446,2.603
1427421830547,37.50729,139.931515,12,-0.169,-0.285,9.491,2.702
1427421830648,37.50729,139.93152,12,-0.018,-0.073,9.567,2.804
1427421830749,37.50729,139.931524,12,0.157,0.375,9.723,2.911
1427421841847,37.507136,139.932086,6,0.216,0.628,9.932,3.799
1427421841947,37.507135,139.93209,6,0.097,0.114,9.838,3.775
1427421842048,37.507134,139.932094,6,0.044,-0.296,9.594,3.75
1427421842149,37.507133,139.932097,6,-0.019,-0.49,9.569,3.697
1427421842249,37.507132,139.932101,6,-0.064,-0.591,9.685,3.645
1427421842350,37.507131,139.932104,6,-0.08,-0.65,9.696,3.592
1427421842451,37.50713,139.932107,6,-0.058,-0.683,9.616,3.541
1427421842547,37.507129,139.93211,6,-0.034,-0.707,9.596,3.493
1427421842647,37.507128,139.932114,6,-0.07,-0.733,9.587,3.443
1427421842748,37.507127,139.932117,6,-0.082,-0.747,9.66,3.393
1427421842849,37.507126,139.93212,6,-0.049,-0.73,9.727,3.345
1427421842949,37.507125,139.932123,6,-0.056,-0.706,9.633,3.297
1427421843050,37.507124,139.932126,5,-0.066,-0.687,9.55,3.25
1427421843151,37.507124,139.932127,5,-0.106,-0.667,9.598,2.967
1427421843252,37.507123,139.932128,5,-0.119,-0.665,9.66,2.703
1427421843347,37.507123,139.93213,5,-0.11,-0.649,9.689,2.47
1427421843448,37.507122,139.932131,5,-0.103,-0.649,9.651,2.241
1427421843549,37.507122,139.932131,5,-0.065,-0.63,9.622,2.03
1427421843649,37.507122,139.932132,5,-0.052,-0.628,9.621,1.838
1427421843750,37.507122,139.932133,5,-0.061,-0.621,9.628,1.663
1427421843851,37.507121,139.932134,5,-0.082,-0.625,9.654,1.506
1427421843952,37.507121,139.932134,5,-0.098,-0.632,9.658,1.367
1427421844047,37.507121,139.932135,5,-0.105,-0.648,9.639,1.253
1427421844148,37.507121,139.932134,5,-0.105,-0.662,9.623,1.017
1427421844249,37.50712,139.932134,5,-0.096,-0.657,9.63,0.802
1427421844349,37.50712,139.932133,5,-0.102,-0.686,9.618,0.614
1427421844450,37.50712,139.932133,5,-0.098,-0.688,9.628,0.45
1427421844551,37.50712,139.932133,5,-0.098,-0.696,9.633,0.311
1427421844651,37.507119,139.932132,5,-0.105,-0.714,9.616,0.199
1427421844747,37.507119,139.932132,5,-0.124,-0.735,9.622,0.115
1427421844848,37.507119,139.932132,5,-0.113,-0.75,9.635,0.051
1427421844948,37.507119,139.932132,5,-0.073,-0.545,9.779,0.013
1427421935848,37.506611,139.934098,9,0.052,0.258,9.627,5.187
1427421935948,37.506606,139.934098,9,0.388,-0.205,9.914,5.094
1427421936049,37.506602,139.934098,9,0.662,-0.372,9.76,5.001
1427421936150,37.506597,139.934101,9,0.748,-0.353,9.532,5.07
1427421936250,37.506591,139.934104,9,0.74,-0.369,9.428,5.142
1427421936351,37.506585,139.934108,9,0.736,-0.399,9.601,5.215
1427421936447,37.50658,139.934111,9,0.767,-0.297,9.882,5.285
1427421936547,37.506574,139.934114,9,0.84,-0.106,9.841,5.36
1427421936648,37.506568,139.934118,9,1.008,0.002,9.513,5.436
1427421936749,37.506562,139.934121,9,1.124,-0.004,9.413,5.513
1427421955848,37.505644,139.934012,6,1.152,-0.021,9.749,4.25
1427421955949,37.505641,139.934012,6,0.581,-0.139,9.473,4.25
1427421956050,37.505638,139.934011,6,0.145,-0.196,9.361,4.25
1427421956150,37.505634,139.93401,6,-0.031,-0.283,9.471,4.224
1427421956251,37.50563,139.934009,6,-0.012,-0.373,9.643,4.199
1427421956347,37.505626,139.934008,6,0.065,-0.427,9.717,4.174
1427421956447,37.505621,139.934007,6,0.144,-0.424,9.705,4.149
1427421956548,37.505617,139.934006,6,0.21,-0.445,9.687,4.124
1427421956649,37.505613,139.934005,6,0.27,-0.474,9.781,4.098
1427421956750,37.505609,139.934004,6,0.254,-0.455,9.774,4.073
1427421956850,37.505605,139.934003,6,0.222,-0.413,9.604,4.049
1427421956951,37.505601,139.934002,6,0.153,-0.408,9.565,4.024
1427421957047,37.505597,139.934001,6,0.044,-0.401,9.58,4.001
1427421957147,37.505592,139.934001,7,0.001,-0.398,9.594,4.0
1427421957248,37.505587,139.934,7,0.019,-0.375,9.568,4.0
1427421957349,37.505582,139.934,7,0.068,-0.394,9.613,4.0
1427421957449,37.505577,139.934,7,0.145,-0.401,9.63,4.0
1427421957550,37.505572,139.933999,7,0.208,-0.398,9.656,4.0
1427421957651,37.505568,139.933999,7,0.245,-0.396,9.618,4.0
1427421957752,37.505563,139.933999,7,0.266,-0.388,9.506,4.0
1427421957847,37.505558,139.933999,7,0.201,-0.432,9.534,4.0
1427421957948,37.505553,139.933998,7,0.1,-0.503,9.65,4.0
1427421958049,37.505548,139.933998,7,-0.0,-0.596,9.606,4.0
1427421958149,37.505545,139.933998,7,-0.024,-0.649,9.503,3.948
1427421958250,37.505542,139.933998,7,0.005,-0.736,9.483,3.895
1427421958351,37.505539,139.933997,7,0.059,-0.802,9.636,3.842
1427421958451,37.505535,139.933997,7,0.08,-0.883,9.704,3.791
1427421958547,37.505533,139.933997,7,0.057,-0.941,9.66,3.743
1427421958648,37.50553,139.933997,7,0.051,-1.028,9.549,3.693
1427421958749,37.505527,139.933997,7,0.016,-1.148,9.544,3.643
1427421958849,37.505524,139.933996,7,-0.057,-1.266,9.64,3.595
1427421958950,37.505521,139.933996,7,-0.107,-1.342,9.699,3.547
1427421959051,37.505518,139.933996,8,-0.126,-1.36,9.701,3.498
1427421959151,37.505517,139.933996,8,-0.14,-1.365,9.61,3.311
1427421959247,37.505517,139.933996,8,-0.134,-1.369,9.559,3.14
1427421959348,37.505516,139.933996,8,-0.107,-1.4,9.569,2.967
1427421959448,37.505515,139.933996,8,-0.113,-1.43,9.604,2.805
1427421959549,37.505515,139.933997,8,-0.116,-1.454,9.589,2.649
1427421959650,37.505514,139.933997,8,-0.126,-1.484,9.592,2.502
1427421959751,37.505513,139.933997,8,-0.141,-1.523,9.607,2.363
1427421959851,37.505513,139.933997,8,-0.144,-1.458,9.667,2.233
1427421959947,37.505512,139.933997,8,-0.117,-1.271,9.678,2.117
1427421960048,37.505512,139.933997,8,-0.086,-1.076,9.601,2.002
1427421960148,37.505513,139.933997,8,-0.041,-0.833,9.591,1.627
1427421960249,37.505515,139.933997,8,0.019,-0.546,9.657,1.283
1427421960350,37.505516,139.933998,8,0.048,-0.362,9.588,0.98
1427421960451,37.505516,139.933998,8,0.047,-0.297,9.471,0.718
1427421960551,37.505517,139.933998,8,-0.003,-0.467,9.371,0.498
1427421960647,37.505518,139.933998,8,-0.015,-0.63,9.541,0.325
1427421960748,37.505518,139.933998,8,0.115,-0.345,9.955,0.182
1427421960848,37.505519,139.933998,8,0.178,-0.004,9.945,0.082
1427421960949,37.505519,139.933998,8,0.141,0.147,9.558,0.02
1427422042845,37.502599,139.936376,5,0.118,0.182,9.532,3.294
1427422042850,37.502599,139.936376,5,0.115,0.177,9.539,3.287
1427422042951,37.502597,139.936377,5,-0.622,0.036,9.751,3.138
1427422043051,37.502595,139.936379,8,-1.163,-0.031,9.661,3.0
1427422043147,37.502596,139.936384,8,-1.45,-0.06,9.495,3.045
1427422043248,37.502596,139.936389,8,-1.588,-0.099,9.397,3.093
1427422043348,37.502597,139.936395,8,-1.692,-0.161,9.51,3.141
1427422043449,37.502598,139.9364,8,-1.723,-0.226,9.681,3.19
1427422043550,37.502598,139.936406,8,-1.763,-0.269,9.78,3.24
1427422043650,37.502599,139.936412,8,-1.7,-0.212,9.58,3.291
1427422043751,37.5026,139.936417,8,-1.563,-0.124,9.472,3.342
1427422043847,37.5026,139.936423,8,-1.383,-0.112,9.544,3.392
1427422043947,37.502601,139.936429,8,-1.414,-0.153,9.687,3.445
1427422044048,37.502602,139.936435,8,-1.46,0.032,9.48,3.499
1427422044149,37.502603,139.936438,8,-1.427,0.133,9.322,3.474
1427422044250,37.502605,139.936441,8,-1.366,0.089,9.494,3.449
1427422044350,37.502606,139.936444,8,-1.303,-0.059,9.671,3.423
1427422044451,37.502608,139.936447,8,-1.354,-0.173,9.709,3.398
1427422044547,37.502609,139.93645,8,-1.461,-0.115,9.629,3.373
1427422044647,37.50261,139.936453,8,-1.428,0.014,9.573,3.349
1427422044748,37.502612,139.936456,8,-1.376,0.002,9.339,3.324
1427422062845,37.502676,139.937596,4,-1.312,0.251,9.477,4.689
1427422062850,37.502676,139.937597,4,-1.287,0.256,9.485,4.684
1427422062951,37.502676,139.937601,4,-0.412,-0.147,9.626,4.59
1427422063047,37.502676,139.937606,4,0.158,-0.495,9.845,4.503
1427422063147,37.502675,139.937611,5,0.496,-0.685,9.83,4.392
1427422063248,37.502674,139.937615,5,0.642,-0.745,9.588,4.282
1427422063349,37.502673,139.93762,5,0.712,-0.758,9.409,4.175
1427422063450,37.502672,139.937624,5,0.817,-0.699,9.466,4.07
1427422063550,37.502671,139.937629,5,0.954,-0.541,9.566,3.969
1427422063651,37.50267,139.937633,5,1.13,-0.424,9.624,3.869
1427422063747,37.502669,139.937637,5,1.293,-0.366,9.572,3.777
1427422063847,37.502668,139.937641,5,1.472,-0.378,9.652,3.683
1427422063948,37.502667,139.937645,5,1.616,-0.362,9.499,3.591
1427422064049,37.502666,139.937649,5,1.672,-0.383,9.467,3.501
1427422064150,37.502665,139.937653,6,1.649,-0.425,9.619,3.547
1427422064250,37.502663,139.937657,6,1.51,-0.444,9.683,3.595
1427422064351,37.502661,139.937661,6,1.401,-0.454,9.627,3.643
1427422064447,37.50266,139.937665,6,1.402,-0.452,9.453,3.691
1427422064547,37.502658,139.937669,6,1.483,-0.47,9.39,3.74
1427422064648,37.502657,139.937673,6,1.573,-0.509,9.442,3.791
1427422064749,37.502655,139.937677,6,1.655,-0.577,9.45,3.842
1427422064850,37.502653,139.937681,6,1.745,-0.634,9.378,3.895
1427422064950,37.502652,139.937686,6,1.857,-0.735,9.445,3.947
1427422065051,37.50265,139.93769,8,1.954,-0.856,9.626,3.999
1427422065147,37.502646,139.937691,8,1.964,-0.92,9.698,3.949
1427422065247,37.502643,139.937692,8,1.914,-0.942,9.633,3.896
1427422065348,37.502639,139.937692,8,1.807,-0.901,9.458,3.844
1427422065449,37.502635,139.937693,8,1.659,-0.867,9.192,3.793
1427422065549,37.502631,139.937694,8,1.452,-0.89,9.337,3.742
1427422065650,37.502628,139.937695,8,1.412,-0.911,9.333,3.692
1427422065751,37.502624,139.937696,8,1.424,-0.985,9.254,3.643
1427422065851,37.502621,139.937696,8,1.289,-1.083,9.805,3.594
1427422065947,37.502617,139.937697,8,1.2,-1.149,10.047,3.548
1427422066048,37.502614,139.937698,8,1.18,-1.176,9.827,3.501
1427422066149,37.502611,139.937699,8,1.141,-1.098,9.431,3.447
1427422066249,37.502608,139.937701,8,0.906,-0.928,9.112,3.394
1427422066350,37.502605,139.937702,8,0.657,-0.851,9.373,3.342
1427422066451,37.502603,139.937703,8,0.539,-0.833,9.731,3.29
1427422066551,37.5026,139.937705,8,0.607,-0.934,10.039,3.24
1427422066647,37.502597,139.937706,8,0.801,-0.895,9.926,3.192
1427422066748,37.502595,139.937707,8,0.869,-0.853,9.363,3.143
1427422066849,37.502592,139.937709,8,0.896,-0.742,9.455,3.094
1427422066949,37.50259,139.93771,8,1.013,-0.628,10.178,3.047
1427422067050,37.502587,139.937711,6,1.193,-0.65,10.229,3.0
1427422067151,37.502584,139.93771,6,1.235,-0.527,9.601,3.024
1427422067251,37.502581,139.937709,6,1.009,-0.405,9.103,3.049
1427422067347,37.502578,139.937708,6,0.617,-0.369,9.175,3.072
1427422067448,37.502575,139.937707,6,0.34,-0.253,9.498,3.097
1427422067548,37.502572,139.937707,6,0.357,-0.234,9.5,3.122
1427422067649,37.502569,139.937706,6,0.619,-0.277,9.598,3.147
1427422067750,37.502566,139.937705,6,0.981,-0.342,9.612,3.173
1427422094845,37.501232,139.937105,5,1.196,-0.41,10.051,4.895
1427422108844,37.500628,139.936756,6,1.196,-0.405,10.067,3.475
1427422108849,37.500628,139.936756,6,1.187,-0.402,10.075,3.469
1427422108949,37.500626,139.936756,6,0.582,-0.531,9.889,3.358
1427422109050,37.500624,139.936755,5,0.156,-0.65,9.898,3.25
1427422109151,37.500621,139.936754,5,-0.035,-0.662,9.851,3.224
1427422109247,37.500618,139.936753,5,-0.11,-0.663,9.654,3.199
1427422109347,37.500615,139.936752,5,-0.174,-0.663,9.473,3.174
1427422109448,37.500612,139.936751,5,-0.24,-0.649,9.458,3.148
1427422109549,37.500609,139.93675,5,-0.264,-0.656,9.628,3.123
1427422109649,37.500606,139.93675,5,-0.254,-0.71,9.749,3.098
1427422109750,37.500603,139.936749,5,-0.241,-0.801,9.597,3.073
1427422109851,37.500601,139.936748,5,-0.238,-0.855,9.36,3.048
1427422109947,37.500598,139.936747,5,-0.267,-0.987,9.389,3.025
1427422110047,37.500595,139.936746,5,-0.274,-1.157,9.649,3.001
1427422110148,37.500593,139.936746,5,-0.296,-1.24,9.562,2.848
1427422110249,37.500592,139.936745,5,-0.322,-1.322,9.47,2.699
1427422110350,37.50059,139.936745,5,-0.281,-1.393,9.693,2.556
1427422110450,37.500589,139.936744,5,-0.228,-1.411,9.68,2.421
1427422110551,37.500588,139.936744,5,-0.221,-1.4,9.549,2.292
1427422110651,37.500586,139.936743,5,-0.235,-1.413,9.539,2.17
1427422110747,37.500585,139.936743,5,-0.254,-1.408,9.576,2.059
1427422110848,37.500584,139.936743,5,-0.254,-1.221,9.714,1.949
1427422110949,37.500583,139.936742,5,-0.227,-0.876,9.817,1.846
1427422111049,37.500582,139.936742,5,-0.213,-0.562,9.741,1.751
1427422111150,37.500581,139.936743,5,-0.224,-0.341,9.491,1.657
1427422111251,37.500579,139.936743,5,-0.222,-0.194,9.282,1.566
1427422111351,37.500578,139.936744,5,-0.176,-0.132,9.301,1.481
1427422111447,37.500576,139.936744,5,-0.149,-0.156,9.553,1.403
1427422111548,37.500575,139.936745,5,-0.111,-0.142,9.776,1.325
1427422111649,37.500574,139.936745,5,-0.067,-0.033,9.713,1.252
1427422111749,37.500573,139.936746,5,-0.078,0.042,9.514,1.183
1427422111850,37.500572,139.936746,5,-0.116,0.101,9.461,1.117
1427422111951,37.500571,139.936747,5,-0.165,0.122,9.49,1.056
1427422112051,37.50057,139.936747,5,-0.195,0.097,9.557,1.0
1427422112147,37.50057,139.936747,5,-0.182,0.069,9.641,1.0
1427422112248,37.500569,139.936746,5,-0.115,0.06,9.616,1.0
1427422112348,37.500569,139.936746,5,-0.055,0.039,9.534,1.0
1427422112449,37.500568,139.936746,5,-0.023,0.035,9.535,1.0
1427422112550,37.500568,139.936746,5,-0.033,0.061,9.609,1.0
1427422112651,37.500568,139.936745,5,-0.106,0.103,9.672,1.0
1427422112751,37.500567,139.936745,5,-0.226,0.119,9.612,1.0
1427422112847,37.500567,139.936745,5,-0.304,0.128,9.503,1.0
1427422135844,37.499693,139.936331,5,-0.308,0.126,9.497,4.55
1427422135849,37.499693,139.936331,5,-0.308,0.125,9.49,4.549
1427422135949,37.499688,139.936329,5,-0.271,0.047,9.352,4.525
1427422136050,37.499683,139.936327,4,-0.207,-0.003,9.424,4.5
1427422136151,37.49968,139.936324,4,-0.171,-0.038,9.576,4.525
1427422136251,37.499677,139.936322,4,-0.172,-0.049,9.71,4.549
1427422136347,37.499675,139.936319,4,-0.21,-0.065,9.705,4.573
1427422136448,37.499672,139.936317,4,-0.217,-0.03,9.511,4.598
1427422136549,37.499669,139.936314,4,-0.153,0.016,9.36,4.623
1427422136649,37.499666,139.936312,4,-0.163,-0.006,9.487,4.648
1427422136750,37.499663,139.936309,4,-0.173,-0.126,9.644,4.674
1427422136851,37.49966,139.936306,4,-0.117,-0.213,9.507,4.699
1427422136951,37.499657,139.936304,4,-0.09,-0.345,9.702,4.725
1427422137047,37.499654,139.936301,4,-0.111,-0.42,9.84,4.749
1427422137148,37.49965,139.936299,4,-0.151,-0.38,9.433,4.75
1427422137248,37.499646,139.936296,4,-0.218,-0.375,9.34,4.75
1427422137349,37.499642,139.936294,4,-0.196,-0.438,9.537,4.75
1427422137450,37.499638,139.936292,4,-0.181,-0.472,9.718,4.75
1427422137551,37.499634,139.936289,4,-0.174,-0.464,9.782,4.75
1427422137651,37.499631,139.936287,4,-0.151,-0.347,9.593,4.75
1427422137747,37.499627,139.936285,4,-0.145,-0.259,9.44,4.75
1427422137848,37.499623,139.936283,4,-0.123,-0.204,9.449,4.75
1427422137948,37.499619,139.93628,4,-0.142,-0.167,9.531,4.75
1427422138049,37.499615,139.936278,4,-0.132,-0.169,9.546,4.75
1427422138150,37.499613,139.936278,6,-0.152,-0.137,9.567,4.539
1427422138251,37.49961,139.936279,6,-0.162,-0.132,9.633,4.335
1427422138351,37.499608,139.936279,6,-0.184,-0.093,9.576,4.14
1427422138447,37.499606,139.936279,6,-0.163,-0.083,9.439,3.961
1427422138548,37.499604,139.93628,6,-0.122,-0.124,9.5,3.78
1427422138648,37.499603,139.93628,6,-0.106,-0.114,9.464,3.609
1427422138749,37.499601,139.93628,6,-0.119,-0.26,9.683,3.444
1427422138850,37.499599,139.936281,6,-0.044,-0.34,9.728,3.287
1427422138950,37.499598,139.936281,6,-0.093,-0.423,9.652,3.139
1427422139051,37.499596,139.936281,6,-0.156,-0.36,9.189,3.0
1427422139147,37.499594,139.93628,6,-0.193,-0.49,9.273,3.0
1427422139248,37.499591,139.936278,6,-0.239,-0.608,9.739,3.0
1427422139348,37.499589,139.936277,6,-0.217,-0.641,9.775,3.0
1427422139449,37.499586,139.936275,6,-0.211,-0.637,9.634,3.0
1427422139550,37.499583,139.936273,6,-0.203,-0.627,9.506,3.0
1427422139650,37.499581,139.936272,6,-0.2,-0.655,9.44,3.0
1427422139751,37.499578,139.93627,6,-0.215,-0.648,9.327,3.0
1427422139847,37.499576,139.936269,6,-0.232,-0.753,9.661,3.0
1427422139947,37.499574,139.936268,6,-0.198,-0.874,10.032,3.0
1427422140048,37.499571,139.936266,6,-0.237,-0.854,9.618,3.0
1427422140149,37.499569,139.936265,5,-0.338,-0.841,9.115,3.0
1427422140250,37.499566,139.936263,5,-0.346,-0.869,9.247,3.0
1427422140350,37.499564,139.936262,5,-0.304,-0.881,9.624,3.0
1427422140451,37.499561,139.93626,5,-0.316,-0.971,9.788,3.0
1427422140547,37.499559,139.936259,5,-0.231,-1.044,9.765,3.0
1427422140647,37.499556,139.936257,5,-0.134,-1.064,9.411,3.0
1427422140748,37.499554,139.936256,5,-0.141,-1.108,9.329,3.0
1427422140849,37.499551,139.936254,5,-0.246,-1.139,9.618,3.0
1427422140949,37.499549,139.936253,5,-0.287,-1.185,9.813,3.0
1427422141050,37.499546,139.936251,9,-0.271,-1.162,9.623,3.0
1427422141147,37.499546,139.936254,9,-0.259,-1.136,9.409,2.718
1427422141247,37.499547,139.936256,9,-0.257,-1.137,9.467,2.448
1427422141347,37.499547,139.936258,9,-0.245,-1.166,9.605,2.197
1427422141448,37.499547,139.93626,9,-0.251,-1.191,9.6,1.964
1427422141549,37.499547,139.936262,9,-0.246,-1.202,9.553,1.752
1427422141649,37.499547,139.936264,9,-0.268,-1.211,9.536,1.562
1427422141750,37.499548,139.936265,9,-0.291,-1.231,9.52,1.39
1427422141851,37.499548,139.936267,9,-0.31,-1.27,9.548,1.239
1427422141951,37.499548,139.936268,9,-0.315,-1.301,9.579,1.109
1427422142047,37.499548,139.936269,9,-0.309,-1.349,9.556,1.003
1427422142148,37.499549,139.936268,9,-0.192,-1.072,9.753,0.814
1427422142249,37.49955,139.936268,9,-0.046,-0.576,9.884,0.642
1427422142349,37.499551,139.936267,9,-0.003,-0.229,9.688,0.491
1427422142450,37.499551,139.936267,9,-0.013,0.016,9.399,0.36
1427422142551,37.499552,139.936267,9,-0.05,0.138,9.27,0.249
1427422142651,37.499552,139.936266,9,-0.064,0.152,9.429,0.159
1427422142747,37.499553,139.936266,9,-0.024,0.186,9.685,0.092
1427422142848,37.499553,139.936266,9,-0.004,0.147,9.69,0.041
1427422142949,37.499553,139.936266,9,-0.014,0.105,9.517,0.01
1427422180845,37.49952,139.935699,7,-0.043,0.148,9.579,4.75
1427422184848,37.499568,139.93548,6,-0.046,0.143,9.577,4.597
1427422184949,37.499569,139.935476,6,-0.045,-0.036,9.461,4.548
1427422185050,37.49957,139.935471,7,-0.021,-0.206,9.424,4.5
1427422185150,37.49957,139.935466,7,0.006,-0.299,9.593,4.447
1427422185251,37.499571,139.935461,7,-0.002,-0.332,9.723,4.395
1427422185347,37.499571,139.935456,7,-0.038,-0.349,9.648,4.345
1427422185447,37.499572,139.935451,7,-0.051,-0.36,9.514,4.294
1427422185548,37.499572,139.935446,7,-0.063,-0.416,9.51,4.244
1427422185649,37.499572,139.935441,7,-0.144,-0.494,9.67,4.193
1427422185749,37.499573,139.935436,7,-0.21,-0.54,9.394,4.144
1427422185850,37.499573,139.935431,7,-0.241,-0.617,9.363,4.095
1427422185951,37.499574,139.935427,7,-0.231,-0.734,9.651,4.047
1427422186047,37.499574,139.935422,7,-0.169,-0.814,9.814,4.001
1427422186147,37.499575,139.935418,7,-0.13,-0.92,9.634,3.89
1427422186248,37.499576,139.935414,7,-0.099,-1.014,9.444,3.779
1427422186349,37.499577,139.93541,7,-0.149,-1.098,9.465,3.671
1427422186449,37.499577,139.935406,7,-0.223,-1.155,9.595,3.567
1427422186550,37.499578,139.935403,7,-0.263,-1.208,9.622,3.464
1427422186651,37.499579,139.935399,7,-0.301,-1.192,9.522,3.365
1427422186751,37.49958,139.935396,7,-0.291,-1.164,9.328,3.269
1427422186847,37.499581,139.935392,7,-0.315,-1.192,9.524,3.18
1427422186948,37.499581,139.935389,7,-0.339,-1.184,9.671,3.089
1427422187049,37.499582,139.935386,7,-0.279,-1.206,9.541,3.001
1427422187149,37.499582,139.935384,8,-0.161,-1.21,9.363,2.847
1427422187250,37.499582,139.935382,8,-0.069,-1.225,9.438,2.697
1427422187351,37.499582,139.93538,8,-0.068,-1.255,9.643,2.555
1427422187451,37.499582,139.935378,8,-0.135,-1.276,9.697,2.42
1427422187547,37.499581,139.935376,8,-0.228,-1.274,9.687,2.297
1427422187648,37.499581,139.935374,8,-0.292,-1.282,9.623,2.173
1427422187749,37.499581,139.935372,8,-0.304,-1.261,9.488,2.057
1427422187849,37.499581,139.935371,8,-0.321,-1.233,9.371,1.948
1427422187950,37.499581,139.935369,8,-0.325,-1.27,9.429,1.845
1427422188051,37.499581,139.935368,8,-0.295,-1.349,9.622,1.749
1427422188151,37.499581,139.935368,8,-0.227,-1.4,9.741,1.613
1427422188247,37.499582,139.935368,8,-0.148,-1.387,9.609,1.49
1427422188348,37.499582,139.935368,8,-0.121,-1.355,9.416,1.368
1427422188448,37.499582,139.935368,8,-0.184,-1.337,9.441,1.256
1427422188549,37.499583,139.935368,8,-0.226,-1.337,9.534,1.151
1427422188650,37.499583,139.935368,8,-0.304,-1.316,9.641,1.054
1427422188750,37.499583,139.935368,8,-0.318,-1.279,9.54,0.966
1427422188851,37.499584,139.935368,8,-0.258,-1.247,9.423,0.885
1427422188947,37.499584,139.935368,8,-0.211,-1.27,9.455,0.816
1427422189048,37.499584,139.935368,8,-0.17,-1.307,9.582,0.751
1427422189148,37.499584,139.935368,8,-0.189,-1.327,9.655,0.61
1427422189249,37.499584,139.935368,8,-0.215,-1.21,9.659,0.481
1427422189350,37.499583,139.935368,8,-0.164,-0.703,9.828,0.368
1427422189450,37.499583,139.935368,8,-0.053,-0.169,9.775,0.27
1427422189551,37.499583,139.935368,8,-0.005,0.097,9.392,0.187
1427422189647,37.499583,139.935368,8,-0.01,0.136,9.094,0.122
1427422189748,37.499583,139.935368,8,-0.016,0.11,9.204,0.068
1427422189848,37.499583,139.935368,8,-0.025,0.027,9.547,0.031
1427422189949,37.499583,139.935368,8,-0.028,-0.102,9.762,0.008
1427422216848,37.499829,139.934545,5,-0.007,0.03,9.564,5.55
1427422216949,37.499831,139.934539,5,-0.012,-0.068,9.509,5.525
1427422217049,37.499832,139.934532,5,-0.038,-0.084,9.439,5.5
1427422217150,37.499834,139.934526,5,-0.026,-0.122,9.502,5.5
1427422217251,37.499837,139.934519,5,-0.035,-0.164,9.718,5.5
1427422217352,37.499839,139.934513,5,0.009,-0.203,9.709,5.5
1427422217447,37.499841,139.934507,5,0.016,-0.174,9.542,5.5
1427422217548,37.499843,139.9345,5,-0.003,-0.177,9.511,5.5
1427422217649,37.499846,139.934494,5,-0.051,-0.202,9.575,5.5
1427422217749,37.499848,139.934487,5,-0.056,-0.23,9.714,5.5
1427422217850,37.49985,139.934481,5,-0.037,-0.238,9.624,5.5
1427422217951,37.499853,139.934474,5,-0.017,-0.169,9.507,5.5
1427422218047,37.499855,139.934468,5,0.017,-0.166,9.493,5.5
1427422218147,37.499856,139.934462,5,-0.005,-0.187,9.639,5.5
1427422218248,37.499858,139.934456,5,-0.058,-0.213,9.663,5.5
1427422218349,37.499859,139.93445,5,-0.07,-0.171,9.539,5.5
1427422218449,37.499861,139.934444,5,-0.06,-0.121,9.446,5.5
1427422218550,37.499862,139.934438,5,-0.068,-0.163,9.417,5.5
1427422218651,37.499864,139.934433,5,-0.04,-0.185,9.524,5.5
1427422218751,37.499866,139.934427,5,0.009,-0.192,9.632,5.5
1427422218847,37.499867,139.934421,5,0.011,-0.197,9.493,5.5
1427422218948,37.499868,139.934415,5,0.003,-0.166,9.322,5.5
1427422219049,37.49987,139.934409,5,-0.006,-0.135,9.411,5.5
1427422219149,37.49987,139.934405,8,-0.024,-0.196,9.637,5.475
1427422219250,37.49987,139.934401,8,-0.006,-0.223,9.671,5.449
1427422219351,37.499871,139.934398,8,0.006,-0.191,9.567,5.424
1427422219451,37.499871,139.934394,8,0.008,-0.173,9.515,5.398
1427422219547,37.499871,139.93439,8,-0.033,-0.17,9.567,5.374
1427422219648,37.499871,139.934387,8,-0.021,-0.228,9.63,5.349
1427422219748,37.499871,139.934383,8,0.011,-0.233,9.656,5.324
1427422219849,37.499872,139.934379,8,0.039,-0.228,9.58,5.299
1427422219950,37.499872,139.934376,8,0.022,-0.225,9.477,5.274
1427422220051,37.499872,139.934372,8,0.007,-0.216,9.504,5.25
1427422220151,37.499874,139.934366,8,0.015,-0.235,9.617,5.25
1427422220247,37.499875,139.934359,8,0.02,-0.222,9.716,5.25
1427422220348,37.499877,139.934353,8,0.04,-0.18,9.509,5.25
1427422220448,37.499878,139.934347,8,0.074,-0.121,9.345,5.25
1427422220549,37.49988,139.93434,8,0.098,-0.156,9.46,5.25
1427422220650,37.499882,139.934334,8,0.101,-0.177,9.64,5.25
1427422220750,37.499883,139.934327,8,0.082,-0.24,9.704,5.25
1427422220851,37.499885,139.934321,8,0.09,-0.213,9.599,5.25
1427422220947,37.499886,139.934315,8,0.04,-0.229,9.407,5.25
1427422221048,37.499888,139.934308,8,0.004,-0.195,9.398,5.25
1427422221148,37.49989,139.934304,8,-0.002,-0.224,9.573,5.25
1427422221249,37.499893,139.9343,8,-0.02,-0.236,9.662,5.25
1427422221350,37.499895,139.934296,8,-0.034,-0.194,9.568,5.25
1427422221450,37.499898,139.934292,8,-0.037,-0.137,9.407,5.25
1427422221551,37.4999,139.934288,8,-0.045,-0.139,9.428,5.25
1427422221647,37.499902,139.934284,8,-0.052,-0.205,9.491,5.25
1427422221748,37.499905,139.93428,8,-0.021,-0.255,9.699,5.25
1427422221848,37.499907,139.934276,8,0.008,-0.31,9.715,5.25
1427422221949,37.49991,139.934272,8,0.019,-0.259,9.558,5.25
1427422222050,37.499912,139.934268,8,0.023,-0.228,9.448,5.25
1427422222150,37.499913,139.934262,8,-0.009,-0.274,9.488,5.224
1427422222251,37.499914,139.934255,8,0.008,-0.318,9.599,5.199
1427422222347,37.499915,139.934249,8,-0.02,-0.311,9.649,5.174
1427422222447,37.499916,139.934243,8,0.0,-0.292,9.647,5.149
1427422222548,37.499917,139.934236,8,0.023,-0.222,9.596,5.124
1427422222649,37.499918,139.93423,8,0.036,-0.223,9.595,5.099
1427422222750,37.499919,139.934224,8,0.001,-0.238,9.649,5.074
1427422222850,37.49992,139.934217,8,-0.046,-0.169,9.67,5.049
1427422222951,37.499921,139.934211,8,-0.064,-0.119,9.452,5.024
1427422223047,37.499922,139.934205,8,-0.08,-0.091,9.351,5.001
1427422223147,37.499924,139.934199,7,-0.055,-0.115,9.519,5.0
1427422223248,37.499925,139.934194,7,-0.034,-0.168,9.676,5.0
1427422223349,37.499927,139.934188,7,-0.058,-0.195,9.689,5.0
1427422223449,37.499929,139.934182,7,-0.065,-0.218,9.615,5.0
1427422223550,37.49993,139.934177,7,-0.077,-0.229,9.435,5.0
1427422223651,37.499932,139.934171,7,-0.133,-0.323,9.397,5.0
1427422223747,37.499934,139.934165,7,-0.149,-0.381,9.526,5.0
1427422223847,37.499936,139.93416,7,-0.12,-0.437,9.69,5.0
1427422223948,37.499937,139.934154,7,-0.061,-0.394,9.476,5.0
1427422224049,37.499939,139.934148,7,-0.05,-0.434,9.319,5.0
1427422224149,37.49994,139.934143,7,-0.041,-0.474,9.421,4.975
1427422224250,37.499941,139.934137,7,-0.05,-0.545,9.542,4.949
1427422224351,37.499942,139.934132,7,-0.067,-0.543,9.508,4.923
1427422224447,37.499943,139.934127,7,-0.067,-0.507,9.624,4.899
1427422224547,37.499945,139.934121,7,-0.074,-0.514,9.527,4.874
1427422224648,37.499946,139.934116,7,-0.052,-0.486,9.295,4.849
1427422224749,37.499947,139.934111,7,-0.08,-0.487,9.43,4.824
1427422224849,37.499948,139.934105,7,-0.079,-0.546,9.671,4.799
1427422224950,37.499949,139.9341,7,-0.059,-0.568,9.696,4.774
1427422225051,37.49995,139.934095,6,-0.069,-0.533,9.557,4.75
1427422225151,37.499951,139.93409,6,-0.06,-0.524,9.436,4.724
1427422225247,37.499952,139.934085,6,-0.038,-0.577,9.571,4.7
1427422225348,37.499953,139.93408,6,0.016,-0.584,9.668,4.674
1427422225449,37.499954,139.934075,6,0.076,-0.578,9.704,4.649
1427422225549,37.499956,139.93407,6,0.105,-0.578,9.762,4.624
1427422225650,37.499957,139.934065,6,0.078,-0.522,9.632,4.598
1427422225751,37.499958,139.93406,6,0.044,-0.504,9.432,4.573
1427422225851,37.499959,139.934056,6,0.03,-0.518,9.465,4.549
1427422225947,37.49996,139.934051,6,0.007,-0.535,9.646,4.525
1427422226048,37.499961,139.934046,6,-0.003,-0.554,9.696,4.5
1427422226148,37.499962,139.934042,6,0.025,-0.569,9.568,4.42
1427422226249,37.499963,139.934037,6,0.047,-0.559,9.498,4.34
1427422226350,37.499965,139.934033,6,0.058,-0.589,9.554,4.261
1427422226451,37.499966,139.934029,6,0.051,-0.61,9.568,4.183
1427422226551,37.499967,139.934025,6,-0.022,-0.657,9.567,4.107
1427422226647,37.499968,139.934021,6,-0.104,-0.685,9.571,4.036
1427422226748,37.499969,139.934017,6,-0.139,-0.734,9.59,3.962
1427422226848,37.49997,139.934013,6,-0.175,-0.81,9.526,3.891
1427422226949,37.499971,139.93401,6,-0.21,-0.904,9.446,3.82
1427422227050,37.499972,139.934006,7,-0.205,-1.044,9.424,3.75
1427422227151,37.499972,139.934001,7,-0.196,-1.171,9.513,3.635
1427422227251,37.499972,139.933997,7,-0.219,-1.248,9.654,3.524
1427422227347,37.499971,139.933993,7,-0.226,-1.298,9.619,3.421
1427422227448,37.499971,139.933988,7,-0.257,-1.347,9.452,3.315
1427422227548,37.499971,139.933984,7,-0.298,-1.371,9.425,3.214
1427422227649,37.499971,139.93398,7,-0.334,-1.39,9.539,3.114
1427422227750,37.499971,139.933976,7,-0.348,-1.406,9.588,3.018
1427422227850,37.49997,139.933972,7,-0.338,-1.379,9.613,2.925
1427422227951,37.49997,139.933968,7,-0.269,-1.353,9.481,2.835
1427422228047,37.49997,139.933965,7,-0.199,-1.359,9.404,2.753
1427422228147,37.49997,139.933963,7,-0.203,-1.396,9.515,2.597
1427422228248,37.499969,139.93396,7,-0.236,-1.404,9.638,2.444
1427422228349,37.499969,139.933958,7,-0.224,-1.418,9.644,2.299
1427422228450,37.499969,139.933956,7,-0.2,-1.392,9.566,2.162
1427422228550,37.499968,139.933954,7,-0.192,-1.405,9.502,2.033
1427422228651,37.499968,139.933952,7,-0.22,-1.423,9.544,1.911
1427422228747,37.499968,139.933951,7,-0.234,-1.433,9.521,1.801
1427422228847,37.499967,139.933949,7,-0.252,-1.451,9.525,1.694
1427422228948,37.499967,139.933947,7,-0.266,-1.481,9.541,1.594
1427422229049,37.499967,139.933946,7,-0.264,-1.495,9.545,1.501
1427422229150,37.499966,139.933944,6,-0.249,-1.515,9.557,1.355
1427422229250,37.499966,139.933941,6,-0.214,-1.506,9.546,1.22
1427422229351,37.499965,139.933939,6,-0.182,-1.415,9.607,1.094
1427422229447,37.499964,139.933937,6,-0.175,-1.249,9.664,0.983
1427422229547,37.499964,139.933935,6,-0.168,-0.974,9.69,0.878
1427422229648,37.499963,139.933934,6,-0.119,-0.702,9.596,0.782
1427422229749,37.499963,139.933932,6,-0.063,-0.494,9.442,0.696
1427422229849,37.499963,139.933931,6,-0.031,-0.354,9.38,0.621
1427422229950,37.499962,139.93393,6,-0.036,-0.315,9.45,0.555
1427422230051,37.499962,139.933929,6,-0.063,-0.373,9.583,0.499
1427422230147,37.499961,139.933928,6,-0.118,-0.552,9.535,0.408
1427422230247,37.499959,139.933927,6,-0.149,-0.736,9.458,0.322
1427422230348,37.499958,139.933926,6,-0.148,-0.889,9.509,0.246
1427422230449,37.499957,139.933926,6,-0.117,-0.986,9.662,0.181
1427422230549,37.499956,139.933925,6,-0.107,-1.047,9.688,0.126
1427422230650,37.499955,139.933925,6,-0.079,-0.83,9.724,0.08
1427422230751,37.499955,139.933924,6,-0.053,-0.427,9.736,0.045
1427422230847,37.499954,139.933924,6,-0.047,-0.127,9.569,0.021
1427422230947,37.499954,139.933924,6,-0.03,-0.008,9.301,0.005
1427422255847,37.499941,139.933698,4,0.016,-0.045,9.524,2.75
1427422255948,37.499942,139.933695,4,-0.077,-0.143,9.45,2.75
1427422256049,37.499942,139.933692,4,-0.154,-0.247,9.402,2.75
1427422256149,37.499942,139.933689,5,-0.189,-0.307,9.46,2.724
1427422256250,37.499942,139.933686,5,-0.202,-0.347,9.447,2.698
1427422256351,37.499943,139.933683,5,-0.268,-0.431,9.498,2.672
1427422256451,37.499943,139.93368,5,-0.265,-0.362,9.393,2.647
1427422256547,37.499943,139.933677,5,-0.303,-0.301,9.346,2.623
1427422256648,37.499943,139.933674,5,-0.372,-0.207,9.62,2.598
1427422256749,37.499943,139.933671,5,-0.444,-0.152,9.967,2.573
1427422256849,37.499944,139.933668,5,-0.505,-0.101,9.897,2.548
1427422256950,37.499944,139.933665,5,-0.583,-0.123,9.486,2.524
1427422257051,37.499944,139.933662,5,-0.724,-0.139,9.189,2.5
1427422257151,37.499944,139.933659,5,-0.788,-0.192,9.32,2.5
1427422257247,37.499945,139.933656,5,-0.874,-0.179,9.553,2.5
1427422257348,37.499945,139.933654,5,-0.981,-0.155,9.605,2.5
1427422257449,37.499945,139.933651,5,-1.03,-0.097,9.443,2.5
1427422257549,37.499946,139.933648,5,-1.058,-0.123,9.508,2.5
1427422257650,37.499946,139.933645,5,-1.053,-0.21,9.542,2.5
1427422257751,37.499946,139.933642,5,-1.002,-0.319,9.453,2.5
1427422257851,37.499946,139.93364,5,-0.898,-0.335,9.556,2.5
1427422257947,37.499947,139.933637,5,-0.892,-0.356,9.607,2.5
1427422258048,37.499947,139.933634,5,-0.991,-0.329,9.662,2.5
1427422258148,37.499946,139.933632,5,-1.084,-0.286,9.627,2.5
1427422258249,37.499946,139.933629,5,-1.161,-0.362,9.67,2.5
1427422258350,37.499945,139.933627,5,-1.327,-0.477,9.704,2.5
1427422258451,37.499945,139.933624,5,-1.278,-0.514,9.478,2.5
1427422258551,37.499944,139.933621,5,-1.076,-0.507,9.618,2.5
1427422258647,37.499943,139.933619,5,-0.97,-0.457,9.659,2.5
1427422258748,37.499943,139.933617,5,-0.984,-0.384,9.466,2.5
1427422258848,37.499942,139.933614,5,-1.116,-0.378,9.475,2.5
1427422258949,37.499942,139.933612,5,-1.278,-0.507,9.703,2.5
1427422259051,37.499941,139.933609,6,-1.299,-0.71,10.062,2.5
1427422259150,37.49994,139.933607,6,-1.259,-0.677,9.664,2.474
1427422259251,37.499938,139.933605,6,-1.218,-0.524,9.318,2.448
1427422259347,37.499937,139.933603,6,-1.236,-0.423,9.251,2.423
1427422259448,37.499936,139.933601,6,-1.157,-0.317,9.022,2.397
1427422259548,37.499935,139.933599,6,-0.988,-0.351,8.839,2.372
1427422259649,37.499934,139.933597,6,-0.867,-0.57,9.555,2.347
1427422259750,37.499932,139.933595,6,-0.92,-0.73,10.347,2.322
1427422259850,37.499931,139.933594,6,-0.559,-0.724,10.225,2.298
1427422259951,37.49993,139.933592,6,-0.781,-0.659,9.93,2.274
1427422260047,37.499929,139.93359,6,-1.133,-0.513,9.036,2.251
1427422260147,37.499927,139.933589,6,-1.207,-0.487,8.644,2.25
1427422260248,37.499925,139.933589,6,-1.026,-0.43,8.915,2.25
1427422260349,37.499923,139.933588,6,-0.758,-0.391,9.291,2.25
1427422260450,37.499921,139.933587,6,-0.412,-0.334,9.616,2.25
1427422260550,37.499919,139.933586,6,-0.197,-0.265,9.565,2.25
1427422260651,37.499917,139.933586,6,-0.132,-0.098,9.447,2.25
1427422260747,37.499915,139.933585,6,-0.193,-0.059,9.481,2.25
1427422260847,37.499913,139.933584,6,-0.447,-0.082,9.467,2.25
1427422260948,37.499911,139.933584,6,-0.908,-0.178,9.067,2.25
1427422261049,37.499909,139.933583,6,-1.194,-0.331,9.145,2.25
1427422261150,37.499907,139.933583,5,-1.135,-0.383,9.443,2.25
1427422261250,37.499905,139.933583,5,-0.602,-0.352,9.76,2.25
1427422261351,37.499903,139.933582,5,0.025,-0.253,9.77,2.25
1427422261447,37.499901,139.933582,5,0.362,-0.191,9.533,2.25
1427422261547,37.499899,139.933582,5,0.432,-0.21,9.452,2.25
1427422261648,37.499896,139.933582,5,0.29,-0.316,9.568,2.25
1427422261749,37.499894,139.933582,5,0.07,-0.351,9.842,2.25
1427422261849,37.499892,139.933581,5,-0.163,-0.291,9.968,2.25
1427422261950,37.49989,139.933581,5,-0.291,-0.231,9.912,2.25
1427422262051,37.499888,139.933581,5,-0.252,-0.197,9.685,2.25
1427422262147,37.499886,139.933581,5,-0.161,-0.115,9.268,2.273
1427422262247,37.499883,139.933581,5,-0.098,0.042,9.084,2.297
1427422262348,37.499881,139.933581,5,-0.112,-0.027,9.452,2.322
1427422262449,37.499879,139.933581,5,-0.032,-0.006,9.686,2.347
1427422262549,37.499876,139.933581,5,0.279,0.078,9.733,2.371
1427422262650,37.499874,139.93358,5,0.509,0.301,9.746,2.397
1427422262751,37.499871,139.93358,5,0.623,0.359,9.608,2.422
1427422314847,37.497482,139.932531,6,0.571,0.451,9.626,2.424
1427422314948,37.497481,139.932531,6,0.265,0.133,9.534,2.335
1427422315048,37.49748,139.932531,6,-0.014,-0.117,9.47,2.252
1427422315149,37.497479,139.93253,6,-0.105,-0.244,9.417,2.195
1427422315250,37.497478,139.932529,6,-0.118,-0.353,9.543,2.14
1427422315351,37.497476,139.932528,6,-0.081,-0.456,9.652,2.086
1427422315451,37.497475,139.932527,6,-0.065,-0.55,9.598,2.034
1427422315547,37.497474,139.932526,6,-0.104,-0.622,9.496,1.986
1427422315648,37.497473,139.932525,6,-0.136,-0.666,9.523,1.936
1427422315748,37.497472,139.932524,6,-0.167,-0.73,9.606,1.888
1427422315849,37.497471,139.932524,6,-0.181,-0.753,9.622,1.84
1427422315950,37.49747,139.932523,6,-0.221,-0.756,9.539,1.794
1427422316050,37.497469,139.932522,6,-0.263,-0.766,9.492,1.75
1427422316151,37.497468,139.932521,6,-0.285,-0.78,9.501,1.723
1427422316247,37.497467,139.93252,6,-0.268,-0.797,9.514,1.698
1427422316348,37.497466,139.932519,6,-0.235,-0.803,9.544,1.671
1427422316448,37.497464,139.932518,6,-0.197,-0.824,9.572,1.646
1427422316549,37.497463,139.932517,6,-0.181,-0.825,9.586,1.62
1427422316650,37.497462,139.932516,6,-0.196,-0.825,9.545,1.595
1427422316750,37.497461,139.932516,6,-0.228,-0.821,9.538,1.571
1427422316851,37.49746,139.932515,6,-0.279,-0.847,9.571,1.547
1427422316947,37.497459,139.932514,6,-0.295,-0.878,9.568,1.524
1427422317048,37.497458,139.932513,6,-0.284,-0.922,9.587,1.5
1427422317148,37.497458,139.932514,5,-0.259,-0.94,9.565,1.22
1427422317249,37.497459,139.932515,5,-0.242,-1.0,9.479,0.962
1427422317350,37.497459,139.932516,5,-0.237,-1.116,9.453,0.735
1427422317450,37.497459,139.932516,5,-0.237,-1.046,9.646,0.54
1427422317551,37.497459,139.932517,5,-0.156,-0.47,9.972,0.374
1427422317647,37.49746,139.932517,5,-0.08,0.095,9.901,0.244
1427422317747,37.49746,139.932518,5,-0.03,0.396,9.445,0.138
1427422317848,37.49746,139.932518,5,0.015,0.469,9.068,0.061
1427422317949,37.49746,139.932518,5,0.002,0.48,9.165,0.015
1427422394844,37.495897,139.931774,12,-0.079,0.205,9.652,6.5
1427422394849,37.495896,139.931774,12,-0.078,0.2,9.656,6.5
1427422394950,37.495889,139.93177,12,-0.03,0.019,9.833,6.5
1427422395051,37.495882,139.931767,12,0.026,-0.097,9.448,6.5
1427422395147,37.495878,139.931763,12,-0.005,-0.093,9.109,6.5
1427422395247,37.495874,139.93176,12,-0.024,-0.059,9.165,6.5
1427422395348,37.49587,139.931756,12,0.002,-0.085,9.594,6.5
1427422395449,37.495866,139.931752,12,-0.027,-0.165,9.872,6.5
1427422395549,37.495862,139.931749,12,0.02,-0.187,9.801,6.5
1427422395650,37.495857,139.931745,12,0.049,-0.231,9.66,6.5
1427422395751,37.495853,139.931741,12,-0.019,-0.266,9.64,6.5
1427422395847,37.495849,139.931738,12,-0.106,-0.232,9.419,6.5
1427422395947,37.495845,139.931734,12,-0.152,-0.193,9.272,6.5
1427422396048,37.495841,139.93173,12,-0.108,-0.176,9.504,6.5
1427422396149,37.495836,139.931726,6,-0.05,-0.191,9.604,6.475
1427422396249,37.495832,139.931721,6,-0.029,-0.165,9.655,6.449
1427422396350,37.495827,139.931717,6,-0.015,-0.174,9.714,6.424
1427422396451,37.495822,139.931712,6,0.009,-0.132,9.722,6.399
1427422396551,37.495817,139.931708,6,0.038,-0.121,9.835,6.374
1427422396647,37.495813,139.931704,6,0.028,-0.086,9.691,6.35
1427422396748,37.495808,139.931699,6,0.022,-0.073,9.429,6.324
1427422396848,37.495803,139.931695,6,0.024,-0.065,9.447,6.3
1427422396949,37.495799,139.93169,6,-0.042,-0.104,9.75,6.275
1427422397050,37.495794,139.931686,6,-0.113,-0.109,9.915,6.25
1427422397151,37.495791,139.931682,6,-0.163,-0.089,9.867,6.224
1427422397251,37.495787,139.931679,6,-0.146,-0.081,9.692,6.199
1427422397347,37.495784,139.931675,6,-0.13,-0.101,9.726,6.175
1427422397448,37.495781,139.931671,6,-0.128,-0.087,9.849,6.149
1427422397548,37.495778,139.931668,6,-0.161,-0.092,9.647,6.124
1427422397649,37.495775,139.931664,6,-0.221,-0.066,9.423,6.099
1427422397750,37.495771,139.931661,6,-0.251,-0.141,9.548,6.074
1427422397851,37.495768,139.931657,6,-0.284,-0.216,9.512,6.049
1427422397951,37.495765,139.931654,6,-0.256,-0.186,9.24,6.024
1427422398047,37.495762,139.93165,6,-0.25,-0.138,9.09,6.001
1427422398148,37.495756,139.931645,7,-0.246,-0.051,9.019,6.024
1427422398248,37.495751,139.931639,7,-0.294,-0.046,9.448,6.049
1427422398349,37.495745,139.931634,7,-0.444,-0.164,9.802,6.074
1427422398450,37.495739,139.931628,7,-0.623,-0.173,9.664,6.099
1427422398551,37.495733,139.931623,7,-0.699,-0.2,9.466,6.124
1427422398651,37.495727,139.931617,7,-0.758,-0.137,9.558,6.149
1427422398747,37.495722,139.931612,7,-0.855,-0.17,9.986,6.173
1427422398848,37.495716,139.931606,7,-0.848,-0.187,10.02,6.199
1427422398948,37.49571,139.931601,7,-0.757,-0.2,9.5,6.224
1427422399049,37.495704,139.931595,7,-0.655,-0.071,9.15,6.25
1427422399150,37.495699,139.931591,7,-0.61,-0.019,9.224,6.171
1427422399250,37.495695,139.931586,7,-0.622,-0.033,9.588,6.092
1427422399351,37.49569,139.931582,7,-0.649,-0.111,9.636,6.014
1427422399447,37.495685,139.931578,7,-0.587,-0.094,9.344,5.941
1427422399548,37.495681,139.931573,7,-0.52,-0.039,9.263,5.865
1427422399648,37.495676,139.931569,7,-0.509,-0.079,9.448,5.79
1427422399749,37.495672,139.931565,7,-0.505,-0.178,9.58,5.716
1427422399850,37.495668,139.931561,7,-0.435,-0.171,9.719,5.642
1427422399950,37.495663,139.931557,7,-0.427,-0.146,9.635,5.571
1427422400051,37.495659,139.931553,5,-0.464,-0.154,9.434,5.5
1427422400147,37.495654,139.93155,5,-0.406,-0.143,9.578,5.547
1427422400247,37.495649,139.931548,5,-0.395,-0.096,9.667,5.595
1427422400348,37.495645,139.931545,5,-0.467,-0.137,9.664,5.644
1427422400449,37.49564,139.931543,5,-0.493,-0.128,9.539,5.694
1427422400550,37.495635,139.93154,5,-0.534,-0.126,9.655,5.745
1427422400650,37.49563,139.931537,5,-0.613,-0.154,9.532,5.795
1427422400751,37.495624,139.931534,5,-0.638,-0.123,9.439,5.846
1427422400847,37.495619,139.931532,5,-0.629,-0.09,9.499,5.895
1427422400947,37.495614,139.931529,5,-0.627,-0.136,9.566,5.946
1427422401048,37.495609,139.931526,5,-0.575,-0.145,9.608,5.999
1427422401149,37.495604,139.931523,5,-0.54,-0.153,9.605,5.975
1427422401249,37.495599,139.93152,5,-0.493,-0.108,9.546,5.949
1427422401350,37.495593,139.931517,5,-0.461,-0.069,9.315,5.924
1427422401451,37.495588,139.931514,5,-0.463,-0.11,9.476,5.898
1427422401547,37.495583,139.931511,5,-0.501,-0.13,9.694,5.874
1427422401647,37.495578,139.931508,5,-0.554,-0.122,9.576,5.849
1427422401748,37.495573,139.931505,5,-0.6,-0.097,9.394,5.824
1427422401849,37.495568,139.931502,5,-0.627,-0.113,9.431,5.799
1427422401949,37.495563,139.931499,5,-0.66,-0.106,9.638,5.775
1427422402050,37.495558,139.931496,5,-0.654,-0.116,9.548,5.75
1427422402151,37.495553,139.931495,5,-0.643,-0.101,9.458,5.724
1427422402251,37.495548,139.931493,5,-0.595,-0.088,9.417,5.699
1427422402347,37.495543,139.931492,5,-0.586,-0.072,9.512,5.675
1427422402448,37.495538,139.93149,5,-0.523,-0.074,9.531,5.649
1427422402549,37.495533,139.931489,5,-0.348,0.262,9.59,5.624
1427422402649,37.495528,139.931488,5,-0.251,0.652,9.49,5.599
1427422402750,37.495523,139.931486,5,-0.224,0.643,9.147,5.574
1427422407846,37.495243,139.931377,6,-0.161,0.626,9.296,6.0
1427422407851,37.495243,139.931377,6,-0.165,0.616,9.319,6.0
1427422407947,37.495239,139.931375,6,-0.409,0.359,9.462,6.0
1427422408047,37.495234,139.931373,6,-0.561,0.117,9.346,6.0
1427422408148,37.495231,139.931372,6,-0.577,0.064,9.312,5.894
1427422408249,37.495228,139.931371,6,-0.58,0.09,9.273,5.787
1427422408349,37.495225,139.93137,6,-0.543,-0.015,9.3,5.682
1427422408450,37.495222,139.931369,6,-0.514,-0.079,9.673,5.578
1427422408551,37.495219,139.931368,6,-0.457,-0.074,9.726,5.476
1427422408652,37.495217,139.931367,6,-0.427,-0.083,9.643,5.376
1427422408747,37.495214,139.931367,6,-0.426,-0.056,9.508,5.284
1427422408848,37.495211,139.931366,6,-0.419,-0.073,9.448,5.187
1427422408949,37.495209,139.931365,6,-0.464,-0.069,9.627,5.093
1427422409049,37.495206,139.931364,6,-0.488,-0.081,9.701,5.001
1427422409150,37.495202,139.931363,6,-0.453,-0.071,9.608,5.024
1427422409251,37.495197,139.931361,6,-0.348,-0.038,9.412,5.049
1427422409351,37.495193,139.93136,6,-0.315,-0.055,9.375,5.074
1427422409447,37.495188,139.931358,6,-0.24,-0.087,9.509,5.098
1427422409548,37.495184,139.931357,6,-0.181,-0.14,9.645,5.123
1427422409648,37.495179,139.931355,6,-0.136,-0.066,9.74,5.148
1427422409749,37.495175,139.931354,6,-0.176,-0.003,9.543,5.173
1427422411844,37.495095,139.931323,5,-0.217,0.047,9.432,4.144
1427422411849,37.495095,139.931323,5,-0.215,0.039,9.43,4.14
1427422411950,37.495092,139.931322,5,0.028,-0.338,9.568,4.069
1427422412050,37.495089,139.93132,5,0.181,-0.588,9.69,4.0
1427422412151,37.495086,139.931318,5,0.256,-0.701,9.501,3.974
1427422412247,37.495083,139.931316,5,0.258,-0.787,9.475,3.949
1427422412348,37.49508,139.931315,5,0.248,-0.822,9.528,3.924
1427422412448,37.495077,139.931313,5,0.239,-0.817,9.494,3.899
1427422412549,37.495074,139.931311,5,0.231,-0.819,9.377,3.873
1427422412650,37.495071,139.931309,5,0.185,-0.82,9.366,3.848
1427422412750,37.495068,139.931307,5,0.102,-0.828,9.576,3.823
1427422412851,37.495065,139.931305,5,0.041,-0.805,9.569,3.798
1427422412947,37.495062,139.931304,5,-0.013,-0.81,9.495,3.775
1427422413047,37.495059,139.931302,5,-0.053,-0.8,9.51,3.751
1427422413148,37.495057,139.931302,5,-0.052,-0.764,9.512,3.638
1427422413249,37.495055,139.931302,5,-0.065,-0.748,9.463,3.526
1427422413350,37.495053,139.931302,5,-0.119,-0.75,9.458,3.418
1427422413450,37.495051,139.931302,5,-0.163,-0.794,9.533,3.313
1427422413551,37.495049,139.931302,5,-0.142,-0.811,9.681,3.211
1427422413647,37.495047,139.931302,5,-0.091,-0.833,9.761,3.116
1427422413747,37.495045,139.931302,5,-0.058,-0.829,9.677,3.021
1427422413848,37.495043,139.931302,5,-0.128,-0.794,9.532,2.927
1427422413949,37.495042,139.931302,5,-0.232,-0.769,9.405,2.837
1427422414049,37.49504,139.931302,5,-0.322,-0.704,9.285,2.751
1427422414150,37.495038,139.931301,5,-0.366,-0.666,9.334,2.63
1427422414251,37.495037,139.9313,5,-0.353,-0.718,9.587,2.513
1427422414347,37.495036,139.931299,5,-0.28,-0.757,9.672,2.407
1427422414447,37.495034,139.931298,5,-0.152,-0.801,9.619,2.3
1427422414548,37.495033,139.931298,5,-0.056,-0.795,9.536,2.196
1427422414649,37.495032,139.931297,5,-0.095,-0.767,9.47,2.098
1427422414749,37.49503,139.931296,5,-0.184,-0.739,9.497,2.004
1427422414850,37.495029,139.931295,5,-0.234,-0.703,9.484,1.914
1427422414951,37.495028,139.931295,5,-0.244,-0.702,9.461,1.829
1427422415052,37.495027,139.931294,5,-0.252,-0.74,9.514,1.749
1427422415147,37.495027,139.931294,5,-0.229,-0.765,9.502,1.694
1427422415248,37.495027,139.931294,5,-0.189,-0.799,9.528,1.638
1427422415349,37.495027,139.931294,5,-0.152,-0.851,9.629,1.583
1427422415449,37.495027,139.931294,5,-0.143,-0.893,9.691,1.531
1427422415551,37.495026,139.931294,5,-0.152,-0.894,9.572,1.479
1427422415651,37.495026,139.931294,5,-0.168,-0.867,9.483,1.43
1427422415752,37.495026,139.931294,5,-0.186,-0.858,9.449,1.382
1427422415847,37.495026,139.931294,5,-0.209,-0.841,9.42,1.338
1427422415948,37.495026,139.931294,5,-0.238,-0.861,9.447,1.293
1427422416049,37.495026,139.931294,5,-0.263,-0.903,9.571,1.25
1427422416149,37.495025,139.931294,5,-0.271,-0.955,9.585,1.015
1427422416250,37.495025,139.931294,5,-0.254,-1.0,9.503,0.8
1427422416351,37.495024,139.931294,5,-0.25,-1.06,9.491,0.611
1427422416451,37.495024,139.931294,5,-0.269,-1.12,9.54,0.449
1427422416547,37.495024,139.931294,5,-0.281,-1.133,9.559,0.316
1427422416648,37.495023,139.931294,5,-0.214,-0.725,9.778,0.202
1427422416748,37.495023,139.931294,5,-0.118,-0.158,9.844,0.114
1427422416849,37.495023,139.931294,5,-0.04,0.21,9.534,0.051
1427422416950,37.495023,139.931294,5,0.017,0.327,9.145,0.012
1427422479847,37.494582,139.931227,12,0.009,0.211,9.575,4.25
1427422479948,37.494578,139.931227,12,0.039,-0.239,9.596,4.25
1427422480048,37.494573,139.931226,12,-0.002,-0.615,9.733,4.25
1427422480149,37.494569,139.931225,11,0.014,-0.875,9.795,4.225
1427422480250,37.494564,139.931225,11,-0.007,-0.978,9.715,4.199
1427422480351,37.494559,139.931224,11,0.0,-1.002,9.471,4.173
1427422480451,37.494555,139.931223,11,0.031,-1.015,9.278,4.148
1427422480547,37.494551,139.931222,11,0.051,-1.067,9.469,4.124
1427422480648,37.494546,139.931222,11,-0.019,-1.11,9.683,4.099
1427422480748,37.494542,139.931221,11,-0.034,-1.111,9.524,4.074
1427422480849,37.494538,139.93122,11,-0.065,-1.104,9.381,4.049
1427422480950,37.494533,139.93122,11,-0.075,-1.085,9.38,4.024
1427422481050,37.494529,139.931219,11,-0.029,-1.003,9.695,4.0
1427422481151,37.494526,139.931218,11,0.075,-0.798,9.757,3.853
1427422481247,37.494522,139.931217,11,0.133,-0.595,9.594,3.717
1427422481348,37.494519,139.931217,11,0.162,-0.439,9.425,3.579
1427422481448,37.494516,139.931216,11,0.156,-0.314,9.347,3.447
1427422481549,37.494513,139.931215,11,0.122,-0.277,9.46,3.318
1427422481650,37.49451,139.931214,11,0.104,-0.237,9.652,3.194
1427422481750,37.494508,139.931214,11,0.098,-0.187,9.59,3.076
1427422481851,37.494505,139.931213,11,0.051,-0.147,9.507,2.962
1427422481947,37.494502,139.931213,11,-0.005,-0.074,9.546,2.857
1427422482047,37.4945,139.931212,11,0.01,-0.07,9.547,2.753
1427422482148,37.494497,139.931211,11,0.075,-0.029,9.514,2.724
1427422482249,37.494494,139.93121,11,0.097,-0.005,9.518,2.698
1427422482350,37.494492,139.931209,11,0.155,-0.007,9.481,2.672
1427422482450,37.494489,139.931208,11,0.183,0.014,9.504,2.647
1427422482551,37.494486,139.931207,11,0.193,0.147,9.589,2.622
1427422482647,37.494484,139.931207,11,0.16,0.264,9.47,2.598
1427422482747,37.494481,139.931206,11,0.103,0.607,9.52,2.573
1427422482848,37.494478,139.931205,11,0.202,0.862,9.5,2.549
1427422524848,37.492012,139.930712,3,0.21,0.868,9.497,6.3
1427422524949,37.492007,139.930711,3,0.177,0.48,9.282,6.275
1427422525050,37.492001,139.93071,3,0.041,0.128,9.197,6.25
1427422525150,37.491996,139.930709,3,0.043,-0.074,9.233,6.225
1427422525251,37.491991,139.930708,3,0.067,-0.189,9.403,6.199
1427422525347,37.491986,139.930707,3,0.094,-0.248,9.568,6.175
1427422525448,37.49198,139.930706,3,0.178,-0.219,9.573,6.149
1427422525548,37.491975,139.930705,3,0.263,-0.173,9.483,6.124
1427422525649,37.49197,139.930705,3,0.304,-0.123,9.512,6.099
1427422525750,37.491965,139.930704,3,0.269,-0.108,9.375,6.074
1427422525850,37.49196,139.930703,3,0.151,-0.184,9.461,6.049
1427422525951,37.491955,139.930702,3,0.146,-0.129,9.313,6.024
1427422526047,37.49195,139.930701,3,0.097,-0.086,9.204,6.001
1427422526147,37.491946,139.930699,5,0.085,-0.093,9.399,5.95
1427422526248,37.491941,139.930698,5,0.161,-0.206,9.664,5.898
1427422526349,37.491937,139.930696,5,0.205,-0.248,9.849,5.846
1427422526450,37.491932,139.930695,5,0.2,-0.269,9.86,5.795
1427422526550,37.491928,139.930693,5,0.241,-0.227,9.623,5.745
1427422526651,37.491924,139.930692,5,0.191,-0.134,9.399,5.694
1427422526747,37.49192,139.93069,5,0.095,-0.118,9.32,5.647
1427422526847,37.491915,139.930689,5,0.062,-0.108,9.461,5.598
1427422526948,37.491911,139.930687,5,0.08,-0.146,9.405,5.549
1427422527049,37.491907,139.930686,5,0.19,-0.133,9.392,5.5
1427422527150,37.491903,139.930685,5,0.241,-0.177,9.484,5.5
1427422527250,37.491899,139.930683,5,0.27,-0.193,9.52,5.5
1427422527351,37.491895,139.930682,5,0.28,-0.232,9.568,5.5
1427422527447,37.491891,139.930681,5,0.296,-0.209,9.546,5.5
1427422527547,37.491887,139.93068,5,0.239,-0.195,9.438,5.5
1427422527648,37.491883,139.930678,5,0.187,-0.148,9.402,5.5
1427422527749,37.491879,139.930677,5,0.239,-0.175,9.566,5.5
1427422527850,37.491875,139.930676,5,0.243,-0.218,9.656,5.5
1427422527950,37.491871,139.930674,5,0.225,-0.186,9.617,5.5
1427422528051,37.491867,139.930673,4,0.211,-0.138,9.41,5.5
1427422528147,37.491863,139.930671,4,0.191,-0.12,9.244,5.475
1427422528247,37.491858,139.93067,4,0.184,-0.11,9.349,5.45
1427422528348,37.491854,139.930668,4,0.203,-0.157,9.568,5.424
1427422528449,37.49185,139.930666,4,0.193,-0.183,9.626,5.399
1427422528549,37.491845,139.930664,4,0.175,-0.155,9.479,5.374
1427422528650,37.491841,139.930663,4,0.173,-0.085,9.235,5.349
1427422528751,37.491837,139.930661,4,0.198,-0.096,9.285,5.324
1427422528847,37.491833,139.930659,4,0.206,-0.153,9.677,5.3
1427422528947,37.491828,139.930658,4,0.156,-0.193,9.854,5.275
1427422529048,37.491824,139.930656,4,0.093,-0.177,9.745,5.25
1427422529149,37.491819,139.930655,4,0.09,-0.153,9.454,5.225
1427422529249,37.491814,139.930655,4,0.039,-0.122,9.381,5.199
1427422529350,37.491809,139.930654,4,0.065,-0.142,9.356,5.174
1427422529451,37.491804,139.930654,4,0.17,-0.257,9.744,5.148
1427422529552,37.491799,139.930653,4,0.167,-0.292,9.889,5.123
1427422529647,37.491794,139.930653,4,0.126,-0.274,9.583,5.099
1427422529748,37.491789,139.930652,4,0.116,-0.214,9.206,5.074
1427422529849,37.491784,139.930652,4,0.049,-0.207,9.182,5.049
1427422529949,37.491779,139.930651,4,0.057,-0.223,9.462,5.025
1427422530050,37.491774,139.930651,4,0.064,-0.27,9.63,5.0
1427422530151,37.49177,139.930649,4,0.013,-0.266,9.575,4.947
1427422530251,37.491767,139.930647,4,0.044,-0.256,9.513,4.895
1427422530347,37.491763,139.930645,4,0.199,-0.243,9.405,4.846
1427422530448,37.49176,139.930644,4,0.388,-0.279,9.431,4.795
1427422530548,37.491756,139.930642,4,0.48,-0.326,9.666,4.744
1427422530649,37.491753,139.93064,4,0.451,-0.345,9.853,4.694
1427422530750,37.491749,139.930638,4,0.324,-0.284,9.641,4.644
1427422530851,37.491746,139.930636,4,0.185,-0.225,9.345,4.595
1427422530951,37.491742,139.930635,4,0.126,-0.203,9.275,4.547
1427422531047,37.491739,139.930633,4,0.153,-0.183,9.255,4.501
1427422531148,37.491735,139.930632,4,0.176,-0.277,9.675,4.475
1427422531248,37.491732,139.930632,4,0.212,-0.354,9.728,4.449
1427422531349,37.491728,139.930631,4,0.193,-0.384,9.456,4.424
1427422531450,37.491725,139.930631,4,0.093,-0.355,9.208,4.398
1427422531551,37.491721,139.93063,4,0.099,-0.409,9.155,4.373
1427422531651,37.491718,139.930629,4,0.194,-0.494,9.516,4.348
1427422531747,37.491714,139.930629,4,0.183,-0.58,9.909,4.324
1427422531848,37.491711,139.930628,4,0.14,-0.699,10.311,4.299
1427422531948,37.491707,139.930628,4,0.009,-0.661,9.962,4.275
1427422532049,37.491704,139.930627,4,-0.033,-0.51,9.218,4.25
1427422532150,37.4917,139.930626,4,0.001,-0.396,8.831,4.197
1427422532250,37.491697,139.930625,4,0.049,-0.421,9.063,4.145
1427422532351,37.491693,139.930624,4,0.08,-0.435,9.37,4.093
1427422532447,37.49169,139.930624,4,0.081,-0.481,9.586,4.044
1427422532547,37.491686,139.930623,4,0.043,-0.526,9.797,3.994
1427422532648,37.491683,139.930622,4,0.016,-0.508,9.672,3.943
1427422532749,37.491679,139.930621,4,-0.007,-0.516,9.454,3.894
1427422532850,37.491676,139.930621,4,0.02,-0.528,9.266,3.845
1427422532950,37.491672,139.93062,4,0.038,-0.579,9.278,3.797
1427422533051,37.491669,139.930619,5,0.029,-0.662,9.45,3.749
1427422533147,37.491667,139.930618,5,-0.008,-0.761,9.792,3.607
1427422533247,37.491665,139.930617,5,0.006,-0.801,9.808,3.464
1427422533348,37.491664,139.930617,5,0.111,-0.797,9.432,3.325
1427422533449,37.491662,139.930616,5,0.198,-0.774,9.09,3.191
1427422533550,37.49166,139.930615,5,0.201,-0.833,9.229,3.062
1427422533650,37.491659,139.930614,5,0.262,-0.963,9.914,2.94
1427422533751,37.491657,139.930614,5,0.266,-1.019,9.949,2.821
1427422533847,37.491656,139.930613,5,0.216,-1.051,9.673,2.713
1427422533947,37.491654,139.930613,5,0.07,-1.037,9.517,2.606
1427422534048,37.491653,139.930612,5,-0.098,-1.019,9.448,2.502
1427422534149,37.491652,139.93061,6,-0.218,-1.007,9.395,2.414
1427422534249,37.49165,139.930608,6,-0.247,-0.988,9.332,2.33
1427422534350,37.491649,139.930606,6,-0.18,-1.002,9.343,2.247
1427422534451,37.491647,139.930604,6,-0.031,-0.921,9.559,2.167
1427422534547,37.491646,139.930602,6,0.063,-0.738,9.759,2.094
1427422534647,37.491645,139.9306,6,0.049,-0.533,9.628,2.02
1427422534748,37.491643,139.930598,6,0.025,-0.349,9.342,1.949
1427422534849,37.491642,139.930596,6,0.071,-0.236,9.237,1.879
1427422534949,37.491641,139.930595,6,0.108,-0.194,9.42,1.814
1427422535050,37.49164,139.930593,6,0.102,-0.194,9.652,1.75
1427422535151,37.491638,139.930592,6,0.064,-0.171,9.697,1.723
1427422535251,37.491637,139.930592,6,0.018,-0.153,9.525,1.697
1427422535347,37.491635,139.930591,6,0.031,-0.135,9.425,1.672
1427422535448,37.491634,139.93059,6,0.119,-0.077,9.417,1.646
1427422535549,37.491632,139.930589,6,0.24,-0.075,9.496,1.62
1427422535649,37.491631,139.930589,6,0.273,-0.109,9.667,1.596
1427422535750,37.491629,139.930588,6,0.166,-0.065,9.633,1.571
1427422535851,37.491628,139.930587,6,0.066,-0.01,9.415,1.547
1427422535951,37.491626,139.930587,6,0.031,0.047,9.334,1.523
1427422536047,37.491625,139.930586,6,0.015,0.041,9.485,1.501
1427422536148,37.491623,139.930586,5,0.081,0.039,9.547,1.473
1427422536249,37.491622,139.930585,5,0.112,0.056,9.403,1.447
1427422536349,37.49162,139.930585,5,0.146,0.044,9.475,1.42
1427422536450,37.491618,139.930584,5,0.183,0.005,9.651,1.395
1427422536551,37.491617,139.930584,5,0.19,-0.002,9.668,1.369
1427422536651,37.491615,139.930584,5,0.228,0.012,9.498,1.344
1427422536747,37.491614,139.930583,5,0.269,0.027,9.376,1.321
1427422536848,37.491612,139.930583,5,0.242,0.017,9.444,1.297
1427422561849,37.490476,139.930378,13,0.237,0.015,9.452,5.847
1427422563847,37.490369,139.930365,12,0.234,0.012,9.46,5.188
1427422563948,37.490365,139.930365,12,0.164,-0.269,9.756,5.094
1427422564049,37.490362,139.930364,12,0.096,-0.488,10.094,5.001
1427422564150,37.490357,139.930363,11,0.046,-0.599,10.043,4.948
1427422564250,37.490353,139.930362,11,-0.018,-0.519,9.336,4.896
1427422564351,37.490348,139.930362,11,-0.129,-0.476,8.976,4.844
1427422564447,37.490344,139.930361,11,-0.147,-0.537,9.371,4.795
1427422564547,37.490339,139.93036,11,-0.096,-0.615,9.934,4.745
1427422564648,37.490335,139.930359,11,-0.052,-0.679,9.878,4.695
1427422564749,37.49033,139.930358,11,-0.016,-0.659,9.371,4.645
1427422564850,37.490326,139.930358,11,0.01,-0.682,9.061,4.596
1427422564950,37.490321,139.930357,11,0.011,-0.774,9.337,4.548
1427422565051,37.490317,139.930356,11,0.07,-0.854,9.616,4.499
1427422565147,37.490314,139.930356,11,0.053,-1.004,9.843,4.449
1427422565247,37.490311,139.930356,11,-0.038,-1.07,9.8,4.397
1427422565348,37.490307,139.930357,11,-0.185,-1.01,9.35,4.345
1427422565449,37.490304,139.930357,11,-0.232,-1.01,9.223,4.293
1427422565550,37.490301,139.930357,11,-0.196,-1.062,9.401,4.243
1427422565650,37.490298,139.930357,11,-0.187,-1.042,9.507,4.193
1427422565751,37.490295,139.930357,11,-0.231,-1.02,9.474,4.143
1427422565847,37.490292,139.930358,11,-0.301,-0.972,9.482,4.097
1427422565947,37.490289,139.930358,11,-0.424,-0.816,9.42,4.049
1427422566048,37.490286,139.930358,11,-0.58,-0.608,9.33,4.001
1427422566149,37.490282,139.930358,11,-0.71,-0.577,9.702,3.919
1427422566249,37.490279,139.930359,11,-0.891,-0.555,9.846,3.838
1427422566350,37.490275,139.930359,11,-1.01,-0.451,9.549,3.759
1427422566451,37.490272,139.93036,11,-1.196,-0.331,8.952,3.681
1427422566547,37.490268,139.93036,11,-1.421,-0.395,9.196,3.608
1427422566647,37.490265,139.93036,11,-1.478,-0.475,9.722,3.534
1427422566748,37.490262,139.930361,11,-1.528,-0.501,9.724,3.46
1427422566849,37.490258,139.930361,11,-1.687,-0.445,9.315,3.388
1427422566949,37.490255,139.930362,11,-1.832,-0.479,9.247,3.319
1427422567050,37.490252,139.930362,11,-1.875,-0.571,9.618,3.25
1427422567151,37.490249,139.930363,11,-1.892,-0.657,9.907,3.132
1427422567247,37.490247,139.930364,11,-1.996,-0.669,9.683,3.024
1427422567347,37.490244,139.930366,11,-2.048,-0.634,9.037,2.915
1427422567448,37.490242,139.930367,11,-2.136,-0.633,9.074,2.808
1427422567549,37.490239,139.930368,11,-2.226,-0.711,9.552,2.706
1427422567649,37.490237,139.930369,11,-2.166,-0.795,9.928,2.607
1427422567750,37.490235,139.93037,11,-2.06,-0.768,9.746,2.512
1427422567851,37.490233,139.930371,11,-1.934,-0.71,9.316,2.42
1427422567951,37.490231,139.930372,11,-1.781,-0.744,9.216,2.333
1427422568047,37.490229,139.930373,11,-1.592,-0.846,9.564,2.252
1427422568148,37.490227,139.930374,11,-1.176,-0.822,10.078,2.224
1427422568249,37.490224,139.930374,11,-0.887,-0.412,9.77,2.198
1427422568349,37.490222,139.930375,11,-0.915,-0.008,9.148,2.172
1427422568450,37.490219,139.930375,11,-1.283,0.243,9.12,2.146
1427422568551,37.490217,139.930376,11,-1.75,0.209,9.292,2.121
1427422568651,37.490215,139.930376,11,-1.923,-0.118,9.528,2.096
1427422568747,37.490213,139.930377,11,-1.863,-0.214,9.944,2.073
1427422568848,37.49021,139.930377,11,-1.632,0.064,9.538,2.048
1427422568948,37.490208,139.930378,11,-1.495,0.353,8.833,2.024
1427422569049,37.490206,139.930378,11,-1.515,0.482,8.76,2.0
1427422569150,37.490205,139.930381,11,-1.483,0.375,9.306,2.0
1427422569251,37.490204,139.930383,11,-1.141,0.317,9.778,2.0
1427422569351,37.490203,139.930386,11,-0.702,0.327,9.736,2.0
1427422569447,37.490202,139.930389,11,-0.555,0.431,9.742,2.0
1427422569548,37.490201,139.930391,11,-0.653,0.45,9.732,2.0
1427422569648,37.490199,139.930394,11,-0.722,0.441,9.744,2.0
1427422569749,37.490198,139.930397,11,-0.507,0.404,9.432,2.0
1427422607847,37.489934,139.933195,11,-0.081,0.567,9.263,5.8
1427422607948,37.489934,139.933201,11,0.208,0.143,9.546,5.775
1427422608048,37.489933,139.933207,11,0.464,-0.208,9.533,5.75
1427422608149,37.48993,139.933212,11,0.654,-0.372,9.297,5.643
1427422608250,37.489928,139.933217,11,0.799,-0.521,9.252,5.535
1427422608350,37.489925,139.933222,11,0.898,-0.679,9.468,5.43
1427422608451,37.489923,139.933227,11,0.968,-0.793,9.674,5.326
1427422608547,37.48992,139.933231,11,1.022,-0.865,9.64,5.229
1427422608648,37.489918,139.933236,11,1.017,-0.877,9.464,5.129
1427422608748,37.489916,139.933241,11,1.035,-0.881,9.335,5.032
1427422608849,37.489913,139.933245,11,1.134,-0.944,9.371,4.936
1427422608950,37.489911,139.93325,11,1.267,-1.02,9.562,4.841
1427422609050,37.489909,139.933254,11,1.432,-1.062,9.617,4.75
1427422609151,37.489907,139.933258,11,1.612,-1.013,9.324,4.724
1427422609247,37.489905,139.933262,11,1.634,-0.918,9.178,4.7
1427422609347,37.489903,139.933266,11,1.564,-0.901,9.531,4.674
1427422609448,37.489901,139.933269,11,1.56,-0.896,9.678,4.649
1427422609549,37.489899,139.933273,11,1.478,-0.874,9.55,4.624
1427422609650,37.489897,139.933277,11,1.415,-0.881,9.658,4.598
1427422609750,37.489896,139.933281,11,1.281,-0.853,9.568,4.574
1427422609851,37.489894,139.933285,11,1.299,-0.838,9.302,4.549
1427422609947,37.489892,139.933288,11,1.455,-0.809,9.024,4.525
1427422610047,37.48989,139.933292,11,1.608,-0.746,8.87,4.501
1427422610148,37.489886,139.93329,16,1.588,-0.74,9.123,4.391
1427422610249,37.489882,139.933288,16,1.306,-0.734,9.316,4.281
1427422610349,37.489878,139.933286,16,0.907,-0.858,9.932,4.175
1427422610450,37.489875,139.933284,16,0.734,-1.039,10.5,4.07
1427422610551,37.489871,139.933282,16,0.829,-1.117,10.217,3.968
1427422610647,37.489867,139.93328,16,0.952,-0.949,9.083,3.873
1427422610747,37.489864,139.933278,16,0.842,-0.661,7.973,3.777
1427422610848,37.489861,139.933276,16,0.255,-0.698,8.819,3.682
1427422610949,37.489857,139.933275,16,0.165,-0.988,10.951,3.59
1427422611049,37.489854,139.933273,16,0.866,-1.159,11.272,3.501
1427422611150,37.48985,139.933272,16,1.337,-1.025,9.806,3.524
1427422611251,37.489845,139.933271,16,1.397,-0.787,8.414,3.549
1427422611347,37.489841,139.933271,16,1.052,-0.998,9.292,3.572
1427422611447,37.489836,139.93327,16,1.232,-1.015,10.116,3.597
1427422611548,37.489831,139.933269,16,1.115,-0.833,9.491,3.622
1427422611649,37.489827,139.933268,16,0.9,-0.614,9.036,3.648
1427422611749,37.489822,139.933267,16,0.72,-0.579,9.41,3.673
1427422611850,37.489817,139.933267,16,0.724,-0.499,9.674,3.699
1427422611951,37.489813,139.933266,16,0.606,-0.304,8.871,3.724
1427422612051,37.489808,139.933265,12,0.308,-0.148,7.608,3.75
1427422612147,37.489805,139.933263,12,0.172,-0.134,7.92,3.725
1427422612248,37.489802,139.933262,12,0.152,-0.491,9.391,3.699
1427422612349,37.489799,139.93326,12,0.484,-0.711,10.832,3.673
1427422612449,37.489796,139.933258,12,0.978,-0.758,10.778,3.648
1427422612550,37.489793,139.933257,12,1.231,-0.752,9.794,3.623
1427422612651,37.48979,139.933255,12,1.147,-0.817,9.497,3.598
1427422612751,37.489787,139.933254,12,0.894,-0.806,9.877,3.573
1427422612847,37.489785,139.933252,12,0.609,-0.702,10.015,3.549
1427422612948,37.489782,139.933251,12,0.404,-0.59,9.712,3.525
1427422613048,37.489779,139.933249,12,0.352,-0.464,9.306,3.5
1427422613149,37.489774,139.93325,13,0.297,-0.361,9.348,3.5
1427422613250,37.489769,139.93325,13,0.266,-0.293,9.527,3.5
1427422613351,37.489765,139.933251,13,0.297,-0.271,9.585,3.5
1427422613451,37.48976,139.933252,13,0.387,-0.223,9.484,3.5
1427422613547,37.489755,139.933252,13,0.408,-0.193,9.383,3.5
1427422613648,37.48975,139.933253,13,0.365,-0.253,9.732,3.5
1427422613748,37.489745,139.933254,13,0.415,-0.247,9.601,3.5
1427422613849,37.489741,139.933255,13,0.464,-0.087,9.021,3.5
1427422613950,37.489736,139.933255,13,0.469,0.029,8.759,3.5
1427422614051,37.489731,139.933256,13,0.424,0.051,9.287,3.501
1427422614151,37.489727,139.933253,13,0.389,0.059,10.043,3.569
1427422614247,37.489723,139.93325,13,0.417,-0.01,10.161,3.636
1427422614348,37.489719,139.933246,13,0.387,-0.031,9.961,3.708
1427422614448,37.489715,139.933243,13,0.391,0.003,9.244,3.781
1427422614549,37.489711,139.933239,13,0.46,0.054,8.85,3.856
1427422614650,37.489707,139.933236,13,0.506,0.048,9.264,3.933
1427422614750,37.489702,139.933232,13,0.534,0.067,9.818,4.01
1427422619846,37.489588,139.933066,4,0.424,0.139,9.732,4.05
1427422619851,37.489588,139.933066,4,0.42,0.145,9.716,4.049
1427422619947,37.489587,139.933061,4,0.299,0.034,9.64,4.025
1427422620048,37.489587,139.933057,4,0.284,-0.133,9.843,4.0
1427422620148,37.489586,139.933053,4,0.327,-0.17,9.651,3.975
1427422620249,37.489586,139.933048,4,0.242,-0.178,9.26,3.949
1427422620350,37.489585,139.933043,4,0.131,-0.159,9.219,3.923
1427422620450,37.489585,139.933039,4,0.064,-0.142,9.4,3.898
1427422620551,37.489584,139.933035,4,0.011,-0.163,9.59,3.873
1427422620647,37.489583,139.93303,4,-0.06,-0.135,9.456,3.849
1427422620748,37.489583,139.933026,4,-0.34,-0.097,9.444,3.824
1427422620848,37.489582,139.933022,4,-0.602,-0.103,9.651,3.799
1427422623844,37.489585,139.932894,5,-0.612,-0.112,9.678,3.75
1427422636846,37.489596,139.932289,5,-0.617,-0.119,9.709,4.5
1427422636851,37.489596,139.932289,5,-0.611,-0.127,9.737,4.5
1427422636952,37.489599,139.932284,5,0.23,-0.349,9.647,4.5
1427422637047,37.489602,139.93228,5,0.773,-0.474,9.504,4.5
1427422637148,37.489606,139.932277,5,1.011,-0.538,9.68,4.5
1427422637249,37.489609,139.932274,5,1.036,-0.555,9.753,4.5
1427422637349,37.489613,139.932271,5,0.877,-0.469,9.403,4.5
1427422637450,37.489617,139.932268,5,0.727,-0.365,8.931,4.5
1427422637551,37.489621,139.932264,5,0.629,-0.372,9.076,4.5
1427422637651,37.489624,139.932261,5,0.666,-0.464,9.642,4.5
1427422637747,37.489628,139.932258,5,0.873,-0.511,9.768,4.5
1427422637848,37.489632,139.932255,5,1.19,-0.563,9.647,4.5
1427422637949,37.489635,139.932252,5,1.37,-0.556,9.464,4.5
1427422638049,37.489639,139.932249,5,1.325,-0.53,9.515,4.5
1427422638150,37.489643,139.932247,5,1.248,-0.485,9.397,4.487
1427422638251,37.489647,139.932246,5,1.247,-0.425,9.031,4.474
1427422638351,37.489651,139.932244,5,1.169,-0.451,9.198,4.461
1427422638447,37.489655,139.932243,5,1.078,-0.505,9.622,4.449
1427422638548,37.489659,139.932241,5,1.006,-0.495,9.597,4.436
1427422638648,37.489663,139.93224,5,1.004,-0.454,9.258,4.424
1427422638749,37.489667,139.932238,5,1.026,-0.503,9.297,4.411
1427422638850,37.489671,139.932237,5,1.14,-0.573,9.657,4.398
1427422638951,37.489675,139.932235,5,1.219,-0.632,9.845,4.386
1427422639051,37.489679,139.932234,5,1.366,-0.653,9.738,4.373
1427422639147,37.489683,139.932232,5,1.49,-0.623,9.378,4.361
1427422639248,37.489687,139.932231,5,1.496,-0.586,9.291,4.349
1427422639348,37.489691,139.932229,5,1.373,-0.535,9.411,4.336
1427422639449,37.489695,139.932228,5,1.297,-0.572,9.702,4.324
1427422639550,37.489699,139.932226,5,1.192,-0.65,9.966,4.311
1427422639650,37.489703,139.932225,5,1.07,-0.583,9.691,4.299
1427422639751,37.489706,139.932223,5,0.998,-0.514,9.347,4.286
1427422639847,37.48971,139.932222,5,1.046,-0.499,9.262,4.275
1427422639948,37.489714,139.93222,5,1.108,-0.486,9.251,4.262
1427422640048,37.489718,139.932219,5,1.149,-0.491,9.36,4.25
1427422640149,37.489722,139.932219,5,1.196,-0.505,9.661,4.25
1427422640250,37.489727,139.93222,5,1.11,-0.48,9.822,4.25
1427422640350,37.489731,139.93222,5,0.912,-0.392,9.519,4.25
1427422640451,37.489735,139.93222,5,0.674,-0.239,8.953,4.25
1427422640547,37.489739,139.93222,5,0.468,-0.152,8.712,4.25
1427422640647,37.489744,139.932221,5,0.229,-0.206,9.174,4.25
1427422640748,37.489748,139.932221,5,0.12,-0.378,10.186,4.25
1427422640849,37.489752,139.932221,5,0.291,-0.444,10.546,4.25
1427422640950,37.489757,139.932222,5,0.372,-0.398,10.126,4.25
1427422641050,37.489761,139.932222,5,0.318,-0.208,9.248,4.25
1427422641151,37.489765,139.932223,5,0.294,-0.116,8.99,4.25
1427422641247,37.489769,139.932224,5,0.482,-0.061,9.208,4.25
1427422641347,37.489773,139.932225,5,0.511,-0.068,9.42,4.25
1427422641448,37.489777,139.932226,5,0.44,-0.105,9.78,4.25
1427422641549,37.489781,139.932227,5,0.372,-0.041,9.466,4.25
1427422641650,37.489785,139.932228,5,0.193,-0.013,9.393,4.25
1427422641750,37.489789,139.932229,5,0.095,0.035,9.212,4.25
1427422641851,37.489793,139.93223,5,0.121,-0.008,9.197,4.25
1427422641947,37.489797,139.932231,5,0.211,-0.085,9.557,4.25
1427422642047,37.489801,139.932232,5,0.335,-0.219,9.927,4.25
1427422642148,37.489805,139.932233,5,0.317,-0.253,9.934,4.25
1427422642249,37.489808,139.932235,5,0.349,-0.258,9.52,4.25
1427422642350,37.489812,139.932236,5,0.438,-0.296,9.26,4.25
1427422642450,37.489816,139.932237,5,0.424,-0.325,8.983,4.25
1427422642551,37.48982,139.932239,5,0.362,-0.363,9.014,4.25
1427422642647,37.489823,139.93224,5,0.316,-0.466,9.655,4.25
1427422642747,37.489827,139.932241,5,0.311,-0.603,9.943,4.25
1427422642848,37.489831,139.932242,5,0.175,-0.692,9.68,4.25
1427422642949,37.489834,139.932244,5,-0.109,-0.726,9.219,4.25
1427422643049,37.489838,139.932245,5,-0.323,-0.76,9.122,4.25
1427422643150,37.489841,139.932246,5,-0.292,-0.81,9.251,4.138
1427422643251,37.489843,139.932248,5,-0.167,-0.902,9.537,4.028
1427422643347,37.489846,139.932249,5,-0.083,-0.998,9.804,3.925
1427422643447,37.489848,139.93225,5,-0.085,-1.046,9.896,3.821
1427422643548,37.489851,139.932251,5,-0.029,-1.005,9.614,3.719
1427422643649,37.489853,139.932253,5,-0.012,-0.982,9.393,3.619
1427422643749,37.489855,139.932254,5,-0.052,-0.961,9.557,3.523
1427422643850,37.489858,139.932255,5,-0.009,-0.913,9.472,3.429
1427422643951,37.48986,139.932256,5,0.012,-0.895,9.176,3.337
1427422644051,37.489862,139.932257,5,-0.061,-0.929,9.286,3.249
1427422644147,37.489864,139.932258,5,-0.095,-0.944,9.532,3.169
1427422644248,37.489866,139.93226,5,-0.078,-0.972,9.67,3.086
1427422644349,37.489869,139.932261,5,-0.138,-0.924,9.504,3.005
1427422644449,37.489871,139.932262,5,-0.182,-0.882,9.284,2.927
1427422644550,37.489873,139.932263,5,-0.204,-0.949,9.46,2.851
1427422644651,37.489875,139.932265,5,-0.137,-1.03,9.706,2.776
1427422644751,37.489877,139.932266,5,0.005,-1.107,9.701,2.704
1427422644847,37.489878,139.932267,5,0.158,-1.149,9.586,2.636
1427422644948,37.48988,139.932268,5,0.214,-1.174,9.501,2.568
1427422645048,37.489882,139.932269,5,0.166,-1.165,9.494,2.501
1427422645149,37.489882,139.93227,4,0.027,-1.117,9.464,2.294
1427422645250,37.489883,139.93227,4,-0.107,-1.062,9.408,2.097
1427422645351,37.489883,139.932271,4,-0.185,-1.006,9.432,1.913
1427422645451,37.489883,139.932272,4,-0.125,-0.917,9.511,1.744
1427422645547,37.489883,139.932272,4,-0.039,-0.849,9.485,1.594
1427422645648,37.489883,139.932273,4,0.007,-0.808,9.411,1.448
1427422645748,37.489884,139.932273,4,0.012,-0.811,9.429,1.317
1427422645849,37.489884,139.932273,4,0.03,-0.847,9.501,1.198
1427422645950,37.489884,139.932274,4,0.064,-0.897,9.564,1.092
1427422646051,37.489884,139.932274,4,0.128,-0.923,9.57,0.998
1427422646151,37.489882,139.932275,4,0.164,-0.941,9.511,0.808
1427422646247,37.489879,139.932276,4,0.132,-0.964,9.443,0.645
1427422646348,37.489877,139.932277,4,0.037,-0.996,9.435,0.493
1427422646448,37.489876,139.932278,4,-0.038,-0.93,9.543,0.362
1427422646549,37.489874,139.932278,4,0.021,-0.531,9.758,0.251
1427422646650,37.489873,139.932279,4,0.167,-0.065,9.727,0.16
1427422646750,37.489872,139.932279,4,0.29,0.216,9.412,0.09
1427422646851,37.489872,139.93228,4,0.324,0.3,9.119,0.04
1427422646947,37.489871,139.93228,4,0.3,0.297,9.167,0.011
1427422672844,37.489888,139.932229,5,0.281,0.064,9.59,1.695
1427422672849,37.489888,139.932229,5,0.278,0.064,9.589,1.697
1427422672950,37.489888,139.932225,5,-0.108,-0.009,9.521,1.723
1427422673050,37.489888,139.932222,6,-0.294,-0.021,9.308,1.75
1427422673151,37.489888,139.932218,6,-0.328,0.005,9.176,1.846
1427422673247,37.489889,139.932215,6,-0.295,-0.01,9.281,1.944
1427422673347,37.489889,139.93221,6,-0.251,-0.043,9.486,2.053
1427422673448,37.48989,139.932206,6,-0.193,-0.101,9.584,2.169
1427422673549,37.48989,139.932201,6,-0.068,-0.114,9.615,2.292
1427422673650,37.489891,139.932196,6,0.034,-0.032,9.466,2.421
1427422673750,37.489891,139.932191,6,-0.057,0.209,9.48,2.556
1427422695846,37.490099,139.930656,6,-0.103,0.523,9.715,6.75
1427422695851,37.490099,139.930656,6,-0.103,0.528,9.708,6.75
1427422695951,37.4901,139.930648,6,-0.049,0.33,9.651,6.75
1427422696047,37.4901,139.930641,6,0.001,0.193,9.196,6.75
1427422696148,37.490102,139.930634,6,-0.064,-0.037,9.637,6.774
1427422696248,37.490103,139.930626,6,-0.02,-0.151,10.322,6.799
1427422696349,37.490105,139.930618,6,0.16,-0.377,10.683,6.824
1427422696450,37.490106,139.930611,6,0.231,-0.311,10.15,6.849
1427422696551,37.490108,139.930603,6,0.247,-0.132,9.326,6.874
1427422696651,37.49011,139.930595,6,0.239,-0.052,8.611,6.899
1427422696747,37.490111,139.930588,6,0.231,0.055,9.007,6.923
1427422696848,37.490113,139.93058,6,0.242,-0.043,9.475,6.949
1427422696948,37.490114,139.930572,6,0.338,-0.179,9.492,6.974
1427422697049,37.490116,139.930564,6,0.428,-0.217,9.599,7.0
1427422697150,37.490119,139.930557,6,0.574,-0.305,9.806,6.948
1427422697250,37.490121,139.930551,6,0.426,-0.355,9.855,6.897
1427422697351,37.490124,139.930544,6,0.231,-0.201,9.248,6.846
1427422697447,37.490126,139.930538,6,0.072,-0.146,9.375,6.797
1427422697548,37.490129,139.930531,6,0.049,-0.042,9.299,6.746
1427422697648,37.490131,139.930525,6,0.097,-0.061,9.29,6.697
1427422697749,37.490134,139.930518,6,0.141,-0.236,9.628,6.647
1427422697850,37.490136,139.930512,6,0.126,-0.275,9.606,6.597
1427422697950,37.490139,139.930505,6,0.086,-0.237,9.491,6.548
1427422698051,37.490141,139.930499,6,0.04,-0.256,9.797,6.5
1427422698147,37.490141,139.930491,6,0.06,-0.229,10.017,6.475
1427422698247,37.490142,139.930484,6,0.125,-0.123,9.304,6.45
1427422698348,37.490143,139.930476,6,0.236,-0.191,9.027,6.424
1427422698449,37.490143,139.930468,6,0.327,-0.246,9.317,6.399
1427422698550,37.490144,139.93046,6,0.253,-0.316,9.388,6.374
1427422698650,37.490144,139.930452,6,0.227,-0.326,9.306,6.349
1427422698751,37.490145,139.930445,6,0.279,-0.235,9.279,6.324
1427422698847,37.490145,139.930437,6,0.328,-0.341,9.666,6.3
1427422698947,37.490145,139.93043,6,0.197,-0.391,9.808,6.275
1427422699048,37.490146,139.930422,6,0.027,-0.275,9.573,6.25
1427422699149,37.490146,139.930415,6,0.045,-0.268,9.774,6.225
1427422699249,37.490147,139.930409,6,0.06,-0.396,10.137,6.199
1427422699350,37.490147,139.930402,6,0.01,-0.317,9.847,6.174
1427422699451,37.490148,139.930396,6,0.108,-0.029,8.928,6.149
1427422699547,37.490148,139.930389,6,0.086,0.023,8.481,6.124
1427422699647,37.490148,139.930383,6,0.076,-0.033,8.566,6.1
1427422699748,37.490149,139.930376,6,0.099,-0.234,9.414,6.074
1427422699849,37.490149,139.93037,6,0.151,-0.34,10.065,6.049
1427422699949,37.49015,139.930363,6,0.231,-0.384,10.445,6.025
1427422700050,37.49015,139.930357,7,0.211,-0.357,10.083,6.0
1427422700151,37.490149,139.930353,7,0.254,-0.434,10.215,5.974
1427422700247,37.490148,139.930348,7,0.031,-0.288,9.586,5.95
1427422700347,37.490147,139.930344,7,-0.144,-0.073,8.878,5.925
1427422700448,37.490146,139.93034,7,-0.081,0.063,8.595,5.899
1427422700549,37.490145,139.930335,7,-0.091,0.097,8.707,5.874
1427422700649,37.490145,139.930331,7,0.12,-0.041,8.99,5.849
1427422700750,37.490144,139.930327,7,0.407,-0.132,9.451,5.824
1427422721848,37.490395,139.928798,7,0.713,-0.124,10.008,6.098
1427422721949,37.490398,139.928793,7,0.508,-0.131,9.778,6.049
1427422722050,37.490401,139.928788,7,0.38,-0.259,9.897,6.0
1427422722150,37.490403,139.92878,7,0.321,-0.334,9.905,6.025
1427422722251,37.490405,139.928773,7,0.263,-0.361,9.762,6.049
1427422722347,37.490407,139.928765,7,0.227,-0.359,9.862,6.073
1427422722448,37.490409,139.928757,7,0.17,-0.263,9.705,6.098
1427422722548,37.490411,139.92875,7,0.024,-0.154,9.388,6.123
1427422722649,37.490413,139.928742,7,-0.051,-0.238,9.583,6.149
1427422722750,37.490415,139.928734,7,-0.022,-0.188,9.502,6.174
1427422722850,37.490417,139.928726,7,0.063,-0.17,9.217,6.199
1427422722951,37.490419,139.928718,7,0.169,-0.215,9.224,6.225
1427422723047,37.490421,139.92871,7,0.216,-0.295,9.434,6.249
1427422723147,37.490421,139.928704,7,0.188,-0.219,9.348,6.225
1427422723248,37.490422,139.928697,7,0.277,-0.31,9.971,6.2
1427422723349,37.490422,139.92869,7,0.256,-0.253,10.153,6.174
1427422723450,37.490422,139.928684,7,0.236,-0.197,9.941,6.149
1427422723550,37.490423,139.928677,7,0.073,-0.19,9.582,6.124
1427422723651,37.490423,139.928671,7,0.043,-0.07,9.223,6.099
1427422723747,37.490423,139.928664,7,0.051,-0.103,8.964,6.075
1427422723847,37.490423,139.928658,7,0.002,-0.153,9.072,6.05
1427422723948,37.490424,139.928652,7,0.034,-0.094,9.504,6.025
1427422724049,37.490424,139.928645,7,0.06,-0.203,9.64,6.0
1427422724149,37.490425,139.928638,6,0.151,-0.152,9.197,5.975
1427422724250,37.490426,139.928631,6,0.175,-0.115,9.021,5.949
1427422724351,37.490427,139.928624,6,0.064,-0.157,9.26,5.924
1427422724447,37.490428,139.928617,6,-0.006,-0.211,9.791,5.899
1427422724547,37.490429,139.92861,6,-0.082,-0.168,9.565,5.874
1427422724648,37.490429,139.928603,6,-0.129,-0.147,9.299,5.849
1427422724749,37.49043,139.928596,6,-0.131,-0.144,9.198,5.824
1427422724849,37.490431,139.928589,6,-0.112,-0.212,9.356,5.799
1427422724950,37.490432,139.928582,6,-0.113,-0.216,9.589,5.775
1427422725051,37.490433,139.928575,5,-0.076,-0.211,9.72,5.75
1427422725147,37.490434,139.928569,5,-0.053,-0.216,9.894,5.725
1427422725247,37.490436,139.928564,5,0.077,-0.209,9.618,5.7
1427422725348,37.490437,139.928558,5,0.061,-0.215,9.391,5.674
1427422725449,37.490439,139.928552,5,-0.072,-0.215,9.622,5.649
1427422725549,37.49044,139.928547,5,-0.105,-0.254,9.791,5.624
1427422725650,37.490441,139.928541,5,0.046,-0.235,9.887,5.599
1427422725751,37.490443,139.928535,5,0.193,-0.181,9.515,5.574
1427422725852,37.490444,139.92853,5,0.209,-0.129,9.465,5.549
1427422725947,37.490446,139.928525,5,0.137,-0.107,9.187,5.525
1427422726048,37.490447,139.928519,5,0.168,-0.123,9.265,5.5
1427422726149,37.490447,139.928513,5,0.244,-0.103,9.364,5.475
1427422726249,37.490447,139.928507,5,0.219,-0.154,9.456,5.449
1427422726350,37.490448,139.928501,5,0.143,-0.197,9.533,5.424
1427422726451,37.490448,139.928495,5,0.065,-0.242,9.672,5.398
1427422726551,37.490448,139.92849,5,0.073,-0.271,9.765,5.373
1427422726647,37.490448,139.928484,5,0.126,-0.185,9.311,5.349
1427422726748,37.490448,139.928478,5,0.183,-0.146,9.274,5.324
1427422726849,37.490449,139.928472,5,0.173,-0.189,9.506,5.299
1427422726949,37.490449,139.928467,5,0.12,-0.224,9.738,5.275
1427422727050,37.490449,139.928461,5,0.122,-0.222,9.778,5.25
1427422727151,37.490449,139.928455,5,0.154,-0.158,9.45,5.224
1427422727251,37.490448,139.928449,5,0.183,-0.119,9.252,5.199
1427422727348,37.490448,139.928443,5,0.204,-0.134,9.326,5.174
1427422727448,37.490448,139.928437,5,0.173,-0.172,9.504,5.149
1427422727548,37.490447,139.928431,5,0.134,-0.196,9.587,5.124
1427422727649,37.490447,139.928425,5,0.167,-0.11,9.346,5.099
1427422727750,37.490447,139.928419,5,0.14,-0.119,9.364,5.074
1427422727851,37.490447,139.928414,5,0.091,-0.164,9.54,5.049
1427422727951,37.490446,139.928408,5,0.028,-0.167,9.476,5.024
1427422728047,37.490446,139.928402,5,-0.011,-0.113,9.406,5.001
1427422728148,37.490446,139.928397,5,-0.02,-0.09,9.427,5.0
1427422728248,37.490446,139.928391,5,-0.046,-0.109,9.316,5.0
1427422728349,37.490446,139.928386,5,-0.025,-0.147,9.535,5.0
1427422728450,37.490446,139.92838,5,0.026,-0.189,9.816,5.0
1427422728550,37.490445,139.928375,5,0.032,-0.179,9.714,5.0
1427422728651,37.490445,139.92837,5,0.007,-0.13,9.366,5.0
1427422728747,37.490445,139.928364,5,-0.046,-0.076,9.161,5.0
1427422728848,37.490445,139.928359,5,-0.111,-0.079,9.356,5.0
1427422728948,37.490445,139.928354,5,-0.198,-0.104,9.527,5.0
1427422729049,37.490445,139.928348,5,-0.038,-0.186,9.976,5.0
1427422729150,37.490444,139.928341,7,0.071,-0.205,9.986,5.0
1427422729250,37.490443,139.928334,7,0.115,-0.173,9.549,5.0
1427422729351,37.490442,139.928327,7,0.169,-0.11,9.216,5.0
1427422729447,37.490441,139.928321,7,0.216,-0.085,9.26,5.0
1427422729548,37.490441,139.928314,7,0.212,-0.102,9.435,5.0
1427422729648,37.49044,139.928307,7,0.125,-0.113,9.513,5.0
1427422729749,37.490439,139.9283,7,0.087,-0.096,9.371,5.0
1427422729850,37.490438,139.928293,7,0.107,-0.069,9.337,5.0
1427422729950,37.490437,139.928286,7,0.255,-0.153,9.507,5.0
1427422730051,37.490436,139.928279,7,0.371,-0.178,9.656,5.0
1427422730147,37.490436,139.928273,7,0.374,-0.183,9.665,5.0
1427422730247,37.490435,139.928267,7,0.299,-0.172,9.643,5.0
1427422730348,37.490435,139.928261,7,0.188,-0.143,9.546,5.0
1427422730449,37.490434,139.928255,7,0.134,-0.056,9.381,5.0
1427422730550,37.490434,139.928248,7,0.065,-0.037,9.377,5.0
1427422730650,37.490433,139.928242,7,0.001,-0.079,9.479,5.0
1427422730751,37.490432,139.928236,7,0.019,-0.054,9.513,5.0
1427422730847,37.490432,139.92823,7,0.07,-0.023,9.366,5.0
1427422733848,37.49046,139.928102,5,0.077,-0.019,9.37,4.299
1427422733948,37.49046,139.928096,5,-0.009,-0.312,9.493,4.275
1427422734049,37.49046,139.928089,5,-0.125,-0.544,9.564,4.25
1427422734150,37.49046,139.928084,5,-0.08,-0.615,9.465,4.224
1427422734251,37.49046,139.928078,5,0.041,-0.535,9.399,4.199
1427422734351,37.49046,139.928073,5,0.12,-0.453,9.381,4.173
1427422734447,37.49046,139.928068,5,0.12,-0.447,9.558,4.149
1427422734548,37.490461,139.928062,5,0.092,-0.453,9.68,4.124
1427422734648,37.490461,139.928057,5,0.097,-0.422,9.578,4.099
1427422734749,37.490461,139.928052,5,0.083,-0.369,9.548,4.074
1427422734850,37.490461,139.928046,5,0.078,-0.305,9.449,4.049
1427422734951,37.490461,139.928041,5,0.099,-0.252,9.31,4.024
1427422735051,37.490461,139.928036,5,0.109,-0.211,9.463,3.999
1427422735147,37.490461,139.928033,5,0.123,-0.188,9.629,3.949
1427422735248,37.490461,139.92803,5,0.142,-0.147,9.557,3.896
1427422735348,37.490461,139.928026,5,0.153,-0.09,9.439,3.844
1427422735449,37.490461,139.928023,5,0.106,-0.074,9.486,3.793
1427422735550,37.49046,139.92802,5,0.067,-0.08,9.493,3.742
1427422735650,37.49046,139.928017,5,0.062,-0.106,9.499,3.692
1427422735751,37.49046,139.928014,5,0.097,-0.085,9.476,3.643
1427422735847,37.49046,139.928011,5,0.154,-0.137,9.421,3.596
1427422735947,37.49046,139.928008,5,0.182,-0.305,9.391,3.548
1427422736048,37.49046,139.928005,5,0.176,-0.497,9.507,3.501
1427422736149,37.490461,139.928002,4,0.133,-0.648,9.597,3.447
1427422736250,37.490463,139.927999,4,0.078,-0.747,9.614,3.394
1427422736350,37.490464,139.927996,4,0.035,-0.783,9.538,3.342
1427422736451,37.490465,139.927992,4,-0.006,-0.814,9.422,3.29
1427422736547,37.490466,139.92799,4,-0.021,-0.832,9.397,3.242
1427422736647,37.490467,139.927987,4,-0.011,-0.856,9.489,3.192
1427422736748,37.490469,139.927984,4,0.011,-0.904,9.614,3.143
1427422736849,37.49047,139.927981,4,0.024,-0.938,9.61,3.094
1427422736950,37.490471,139.927978,4,0.066,-0.936,9.533,3.047
1427422737050,37.490472,139.927975,4,0.061,-0.892,9.452,3.0
1427422737151,37.490472,139.927973,4,0.041,-0.884,9.439,2.881
1427422737247,37.490472,139.927971,4,0.005,-0.882,9.484,2.771
1427422737347,37.490472,139.927969,4,-0.014,-0.901,9.569,2.661
1427422737448,37.490472,139.927967,4,-0.015,-0.906,9.503,2.554
1427422737549,37.490473,139.927965,4,-0.003,-0.891,9.403,2.451
1427422737649,37.490473,139.927963,4,-0.004,-0.871,9.452,2.353
1427422737750,37.490473,139.927961,4,0.018,-0.869,9.529,2.258
1427422737851,37.490473,139.927959,4,0.044,-0.892,9.534,2.167
1427422737947,37.490473,139.927958,4,0.072,-0.918,9.564,2.085
1427422738047,37.490473,139.927956,4,0.04,-1.009,9.464,2.002
1427422738148,37.490473,139.927956,5,-0.007,-1.124,9.383,1.827
1427422738249,37.490472,139.927956,5,-0.052,-1.255,9.423,1.661
1427422738349,37.490472,139.927956,5,-0.07,-1.373,9.546,1.507
1427422738450,37.490472,139.927957,5,-0.08,-1.472,9.598,1.364
1427422738551,37.490472,139.927957,5,-0.065,-1.527,9.563,1.232
1427422738652,37.490472,139.927957,5,-0.06,-1.557,9.494,1.111
1427422738747,37.490471,139.927957,5,-0.072,-1.592,9.466,1.009
1427422738848,37.490471,139.927957,5,-0.073,-1.604,9.53,0.911
1427422738949,37.490471,139.927957,5,-0.01,-1.295,9.709,0.825
1427422739049,37.490471,139.927957,5,0.059,-0.946,9.718,0.751
1427422739150,37.490472,139.927959,5,0.105,-0.669,9.513,0.607
1427422739251,37.490472,139.92796,5,0.134,-0.488,9.308,0.479
1427422739351,37.490473,139.927962,5,0.148,-0.41,9.276,0.366
1427422739447,37.490474,139.927963,5,0.136,-0.448,9.424,0.273
1427422739548,37.490474,139.927964,5,0.127,-0.577,9.575,0.189
1427422739649,37.490474,139.927965,5,0.119,-0.693,9.567,0.121
1427422739749,37.490475,139.927965,5,0.104,-0.783,9.485,0.068
1427422739850,37.490475,139.927966,5,0.068,-0.871,9.452,0.03
1427422739951,37.490475,139.927966,5,0.098,-0.607,9.689,0.007
1427422788844,37.490676,139.926504,6,0.217,0.019,9.487,7.0
1427422788849,37.490676,139.926504,6,0.216,0.021,9.481,7.0
1427422788950,37.490677,139.926495,6,0.052,-0.026,9.184,7.0
1427422789051,37.490678,139.926487,6,-0.15,-0.008,9.215,7.0
1427422789147,37.490679,139.92648,6,-0.276,-0.091,9.01,6.975
1427422789247,37.49068,139.926473,6,0.007,-0.369,10.378,6.95
1427422789348,37.490682,139.926465,6,0.133,-0.589,11.261,6.925
1427422789449,37.490683,139.926458,6,0.109,-0.537,10.244,6.899
1427422789549,37.490684,139.926451,6,0.141,-0.277,9.223,6.874
1427422789650,37.490685,139.926443,6,0.308,-0.18,9.429,6.849
1427422789751,37.490686,139.926436,6,0.372,-0.296,9.787,6.824
1427422789851,37.490688,139.926429,6,0.421,-0.226,9.467,6.799
1427422789947,37.490689,139.926422,6,0.587,-0.162,8.747,6.775
1427422790048,37.49069,139.926415,6,0.792,-0.192,8.703,6.75
1427422790149,37.49069,139.926408,6,0.746,-0.323,9.516,6.75
1427422790249,37.49069,139.926401,6,0.636,-0.476,10.424,6.75
1427422790350,37.49069,139.926394,6,0.506,-0.329,10.228,6.75
1427422790451,37.49069,139.926387,6,0.616,-0.202,9.295,6.75
1427422790551,37.49069,139.926379,6,0.511,-0.122,8.942,6.75
1427422790647,37.490691,139.926373,6,0.393,-0.264,9.232,6.75
1427422790748,37.490691,139.926365,6,0.314,-0.295,9.893,6.75
1427422790848,37.490691,139.926358,6,0.376,-0.354,10.013,6.75
1427422790949,37.490691,139.926351,6,0.478,-0.254,9.642,6.75
1427422791050,37.490691,139.926344,6,0.714,-0.279,9.26,6.75
1427422791151,37.49069,139.926335,6,0.846,-0.235,9.491,6.75
1427422791251,37.49069,139.926327,6,1.007,-0.278,9.461,6.75
1427422791347,37.490689,139.926319,6,0.938,-0.288,9.434,6.75
1427422791448,37.490688,139.92631,6,0.848,-0.258,9.357,6.75
1427422791548,37.490688,139.926302,6,0.763,-0.292,9.32,6.75
1427422791649,37.490687,139.926293,6,0.652,-0.218,9.391,6.75
1427422791750,37.490686,139.926285,6,0.639,-0.245,9.343,6.75
1427422803845,37.490775,139.925349,8,0.588,-0.364,9.478,6.85
1427422803850,37.490775,139.925349,8,0.578,-0.352,9.496,6.847
1427422803951,37.490778,139.925343,8,0.146,-0.117,9.483,6.798
1427422804051,37.490781,139.925338,8,-0.247,-0.015,9.331,6.75
1427422804147,37.490781,139.925331,8,-0.352,-0.0,9.447,6.774
1427422804248,37.49078,139.925324,8,-0.426,0.048,9.707,6.799
1427422804348,37.49078,139.925317,8,-0.405,0.032,9.667,6.824
1427422804449,37.490779,139.92531,8,-0.317,0.105,9.264,6.849
1427422804550,37.490779,139.925303,8,-0.227,0.191,9.037,6.874
1427422804651,37.490779,139.925296,8,0.039,0.127,9.319,6.899
1427422804751,37.490778,139.925289,8,0.249,0.073,9.735,6.924
1427422804847,37.490778,139.925282,8,0.356,-0.046,10.051,6.949
1427422808845,37.490806,139.924961,5,0.353,-0.047,10.044,7.25
1427422811846,37.490842,139.924709,7,0.347,-0.047,10.04,7.198
1427422813845,37.49084,139.924556,8,0.34,-0.048,10.038,7.0
1427422813850,37.49084,139.924556,8,0.333,-0.047,10.037,7.0
1427422813951,37.490841,139.924548,8,0.101,-0.106,9.898,7.0
1427422814047,37.490842,139.92454,8,-0.118,-0.209,9.911,7.0
1427422814147,37.490845,139.924532,9,-0.31,-0.066,9.25,7.0
1427422814248,37.490849,139.924523,9,-0.391,-0.101,9.09,7.0
1427422814349,37.490852,139.924515,9,-0.348,-0.152,9.649,7.0
1427422814449,37.490856,139.924506,9,-0.45,-0.256,9.652,7.0
1427422814550,37.490859,139.924498,9,-0.41,-0.279,9.804,7.0
1427422814651,37.490863,139.924489,9,-0.227,-0.267,9.64,7.0
1427422814752,37.490867,139.92448,9,-0.302,-0.206,9.514,7.0
1427422814847,37.49087,139.924472,9,-0.294,-0.13,9.381,7.0
1427422814948,37.490873,139.924464,9,-0.309,-0.14,9.418,7.0
1427422815049,37.490877,139.924455,9,-0.187,-0.086,9.585,7.0
1427422815149,37.490878,139.924447,9,-0.078,-0.107,9.441,6.975
1427422815250,37.490878,139.924439,9,-0.117,-0.168,9.272,6.949
1427422815351,37.490879,139.924432,9,0.011,-0.132,9.371,6.924
1427422815451,37.490879,139.924424,9,0.219,-0.212,9.78,6.899
1427422815548,37.49088,139.924416,9,0.319,-0.242,9.662,6.874
1427422815648,37.490881,139.924409,9,0.269,-0.277,9.555,6.849
1427422815748,37.490881,139.924401,9,0.224,-0.146,9.43,6.825
1427422826847,37.490969,139.923536,7,0.355,-0.147,9.512,6.5
1427422828846,37.49098,139.92342,8,0.353,-0.143,9.519,6.25
1427422828851,37.49098,139.923419,8,0.345,-0.139,9.527,6.25
1427422828951,37.49098,139.923415,8,0.168,-0.131,9.819,6.25
1427422829047,37.49098,139.92341,8,-0.068,-0.102,9.937,6.25
1427422829148,37.490979,139.923402,8,-0.208,-0.073,9.587,6.25
1427422829248,37.490978,139.923394,8,-0.158,-0.017,9.307,6.25
1427422829349,37.490977,139.923385,8,-0.128,0.033,9.042,6.25
1427422829450,37.490976,139.923377,8,-0.235,-0.022,9.205,6.25
1427422829551,37.490974,139.923369,8,-0.291,-0.043,9.529,6.25
1427422829651,37.490973,139.923361,8,-0.201,0.072,9.215,6.25
1427422829747,37.490972,139.923353,8,-0.055,0.124,8.942,6.25
1427422829848,37.490971,139.923345,8,0.038,0.148,9.09,6.25
1427422829948,37.49097,139.923336,8,0.158,0.096,9.588,6.25
1427422830049,37.490969,139.923328,8,0.146,0.02,10.12,6.25
1427422830150,37.490969,139.92332,8,0.036,0.026,10.191,6.25
1427422830250,37.490968,139.923312,8,0.092,0.165,9.718,6.25
1427422830351,37.490968,139.923305,8,-0.173,0.098,10.099,6.25
1427422830447,37.490967,139.923297,8,-0.064,0.183,9.75,6.25
1427422830548,37.490967,139.923289,8,-0.069,0.31,9.165,6.25
1427422830648,37.490967,139.923281,8,0.008,0.326,9.176,6.25
1427422830749,37.490966,139.923273,8,0.084,0.415,8.694,6.25
1427422830850,37.490966,139.923266,8,0.199,0.291,9.023,6.25
1427422830950,37.490965,139.923258,8,0.225,-0.068,10.339,6.25
1427422831051,37.490965,139.92325,6,0.276,-0.275,10.88,6.25
1427422831147,37.490965,139.923243,6,0.039,-0.191,10.11,6.25
1427422831247,37.490966,139.923235,6,0.063,-0.051,9.021,6.25
1427422831348,37.490966,139.923227,6,0.27,-0.006,8.672,6.25
1427422831449,37.490967,139.92322,6,0.298,0.093,9.119,6.25
1427422831550,37.490967,139.923212,6,0.33,0.039,9.551,6.25
1427422831650,37.490967,139.923204,6,0.268,0.017,9.199,6.25
1427422831751,37.490968,139.923197,6,0.259,0.042,8.79,6.25
1427422831847,37.490968,139.923189,6,0.38,-0.006,8.915,6.25
1427422831947,37.490969,139.923182,6,0.522,-0.085,9.522,6.25
1427422832048,37.490969,139.923174,6,0.482,-0.072,10.002,6.25
1427422832149,37.49097,139.923167,5,0.307,-0.001,9.753,6.25
1427422832250,37.490972,139.923159,5,0.195,0.108,8.972,6.25
1427422832350,37.490973,139.923152,5,0.165,0.137,8.737,6.25
1427422832451,37.490975,139.923145,5,0.133,0.131,9.028,6.25
1427422832547,37.490976,139.923138,5,0.161,0.069,9.499,6.25
1427422832647,37.490977,139.92313,5,0.196,0.0,9.828,6.25
1427422832748,37.490979,139.923123,5,0.144,0.007,9.651,6.25
1427422832849,37.49098,139.923116,5,0.035,0.002,9.318,6.25
1427422832949,37.490982,139.923108,5,-0.12,0.017,9.187,6.25
1427422833050,37.490983,139.923101,6,-0.312,0.012,9.222,6.25
1427422833151,37.490984,139.923094,6,-0.54,-0.014,9.311,6.25
1427422833247,37.490986,139.923088,6,-0.691,-0.03,9.378,6.25
1427422833347,37.490987,139.923081,6,-0.759,0.038,9.271,6.25
1427422833448,37.490989,139.923074,6,-0.695,0.041,9.09,6.25
1427422833549,37.49099,139.923067,6,-0.513,0.021,9.245,6.25
1427422833649,37.490991,139.92306,6,-0.363,0.068,9.576,6.25
1427422833750,37.490993,139.923053,6,-0.26,0.066,9.659,6.25
1427422841847,37.491068,139.922491,8,-0.067,0.17,9.313,6.25
1427422841948,37.491068,139.922484,8,-0.095,0.011,9.578,6.25
1427422842048,37.491069,139.922476,8,-0.1,-0.055,9.938,6.25
1427422842149,37.491069,139.922468,8,-0.115,-0.038,9.491,6.25
1427422842250,37.491069,139.922461,8,-0.174,-0.092,9.119,6.25
1427422842351,37.491069,139.922453,8,-0.317,-0.142,9.576,6.25
1427422842451,37.491069,139.922446,8,-0.416,-0.234,9.958,6.25
1427422842547,37.491069,139.922438,8,-0.409,-0.181,9.873,6.25
1427422842648,37.491069,139.922431,8,-0.377,-0.042,9.602,6.25
1427422842748,37.491069,139.922423,8,-0.257,-0.038,9.464,6.25
1427422852844,37.491155,139.921832,8,-0.285,-0.044,9.305,5.051
1427422858846,37.491191,139.921482,11,-0.289,-0.042,9.304,5.55
1427422871848,37.491303,139.920609,11,-0.291,-0.044,9.308,6.0
1427422878847,37.491364,139.920133,8,-0.295,-0.047,9.309,6.05
1427422887845,37.491421,139.919524,7,-0.301,-0.046,9.306,5.75
1427422887850,37.491421,139.919524,7,-0.307,-0.043,9.302,5.75
1427422887951,37.491422,139.919517,7,-0.218,0.009,9.205,5.75
1427422888047,37.491422,139.91951,7,-0.149,0.014,9.095,5.75
1427422888147,37.491422,139.919505,5,-0.189,-0.012,9.257,5.7
1427422888248,37.491422,139.9195,5,-0.358,-0.069,9.544,5.647
1427422888349,37.491422,139.919495,5,-0.242,-0.093,9.491,5.596
1427422888450,37.491422,139.919489,5,-0.054,-0.102,9.663,5.545
1427422888550,37.491423,139.919484,5,-0.024,-0.133,9.683,5.494
1427422888651,37.491423,139.919479,5,-0.129,-0.103,9.645,5.444
1427422888747,37.491423,139.919475,5,-0.191,-0.053,9.257,5.397
1427422888847,37.491423,139.91947,5,-0.185,-0.044,9.425,5.348
1427422892846,37.491445,139.919273,4,-0.182,-0.042,9.45,3.892
1427422892851,37.491445,139.919273,4,-0.179,-0.045,9.475,3.888
1427422892951,37.491445,139.919269,4,-0.158,-0.565,9.817,3.818
1427422893047,37.491445,139.919265,4,-0.32,-0.983,10.066,3.752
1427422893148,37.491446,139.919264,5,-0.473,-1.175,10.015,3.595
1427422893248,37.491446,139.919262,5,-0.489,-1.206,9.605,3.441
1427422893349,37.491447,139.919261,5,-0.363,-1.123,9.311,3.291
1427422893450,37.491447,139.919259,5,-0.188,-0.899,9.346,3.146
1427422893550,37.491448,139.919258,5,-0.084,-0.659,9.581,3.007
1427422893651,37.491448,139.919257,5,-0.088,-0.431,9.653,2.871
1427422893747,37.491449,139.919256,5,-0.073,-0.252,9.482,2.747
1427422893848,37.491449,139.919254,5,-0.024,-0.185,9.313,2.621
1427422893948,37.491449,139.919253,5,0.003,-0.491,9.331,2.501
1427422894049,37.49145,139.919252,5,-0.031,-0.872,9.421,2.385
1427422894150,37.49145,139.919251,5,-0.102,-1.189,9.485,2.274
1427422894250,37.491451,139.91925,5,-0.18,-1.384,9.58,2.169
1427422894351,37.491451,139.919249,5,-0.188,-1.463,9.599,2.067
1427422894447,37.491451,139.919248,5,-0.165,-1.516,9.567,1.975
1427422894548,37.491452,139.919248,5,-0.194,-1.545,9.522,1.883
1427422894648,37.491452,139.919247,5,-0.303,-1.568,9.504,1.797
1427422894749,37.491452,139.919246,5,-0.321,-1.276,9.661,1.715
1427422894850,37.491453,139.919245,5,-0.274,-0.734,9.773,1.638
1427422894950,37.491453,139.919245,5,-0.193,-0.338,9.57,1.567
1427422895051,37.491453,139.919244,5,-0.043,-0.1,9.292,1.5
1427422895147,37.491454,139.919242,5,0.135,-0.001,9.146,1.523
1427422895247,37.491454,139.91924,5,0.206,0.034,9.315,1.546
1427422895348,37.491455,139.919238,5,0.087,0.038,9.625,1.57
1427422895449,37.491455,139.919235,5,0.01,0.124,9.835,1.595
1427422895549,37.491456,139.919233,5,-0.143,0.284,9.668,1.62
1427422895650,37.491456,139.919231,5,-0.154,0.669,9.636,1.645
1427422895751,37.491457,139.919228,5,-0.098,0.83,9.377,1.671
1427422895847,37.491458,139.919226,5,-0.051,0.962,9.295,1.696
1427422897846,37.491452,139.919168,7,-0.05,0.965,9.292,1.798
1427422897851,37.491451,139.919168,7,-0.054,0.963,9.287,1.797
1427422897951,37.49145,139.919165,7,-0.308,0.491,9.421,1.773
1427422898047,37.491449,139.919161,7,-0.356,0.15,9.639,1.751
1427422898148,37.491449,139.91916,7,-0.265,-0.088,9.734,1.694
1427422898248,37.49145,139.919159,7,-0.19,-0.209,9.639,1.638
1427422898349,37.49145,139.919158,7,-0.188,-0.274,9.498,1.583
1427422898450,37.491451,139.919157,7,-0.24,-0.29,9.481,1.53
1427422898551,37.491451,139.919157,7,-0.269,-0.265,9.495,1.479
1427422898651,37.491452,139.919156,7,-0.267,-0.264,9.504,1.43
1427422898747,37.491452,139.919155,7,-0.23,-0.251,9.449,1.384
1427422898848,37.491452,139.919154,7,-0.165,-0.224,9.284,1.338
1427422898948,37.491453,139.919154,7,-0.052,-0.225,9.279,1.293
1427422899049,37.491453,139.919153,7,0.1,-0.254,9.528,1.25
1427422899150,37.491453,139.919152,4,0.21,-0.226,9.808,1.25
1427422899251,37.491453,139.91915,4,0.243,-0.128,9.799,1.25
1427422899351,37.491453,139.919149,4,0.175,-0.014,9.523,1.25
1427422899447,37.491453,139.919148,4,0.046,0.071,9.325,1.25
1427422899548,37.491453,139.919147,4,-0.151,0.018,9.184,1.25
1427422899648,37.491454,139.919145,4,-0.353,0.112,9.491,1.25
1427422899749,37.491454,139.919144,4,-0.252,0.068,9.528,1.25
1427422903848,37.491465,139.919092,4,-0.125,0.151,9.472,1.25
1427422903949,37.491466,139.91909,4,-0.057,-0.16,9.423,1.25
1427422904049,37.491466,139.919089,4,-0.181,-0.532,9.477,1.25
1427422904150,37.491466,139.919088,4,-0.323,-0.781,9.591,1.222
1427422904251,37.491467,139.919087,4,-0.406,-0.897,9.628,1.195
1427422904351,37.491467,139.919086,4,-0.418,-0.936,9.54,1.169
1427422904447,37.491467,139.919085,4,-0.404,-0.956,9.398,1.144
1427422904548,37.491468,139.919084,4,-0.398,-0.985,9.352,1.119
1427422904649,37.491468,139.919083,4,-0.417,-1.067,9.439,1.094
1427422904749,37.491468,139.919082,4,-0.443,-1.153,9.551,1.069
1427422904850,37.491468,139.919081,4,-0.342,-0.915,9.736,1.046
1427422904951,37.491469,139.91908,4,-0.17,-0.356,9.847,1.022
1427422905051,37.491469,139.919079,4,-0.068,0.093,9.603,0.998
1427422905147,37.49147,139.91908,4,-0.064,0.296,9.236,0.815
1427422905248,37.49147,139.919082,4,-0.126,0.332,9.058,0.643
1427422905348,37.491471,139.919083,4,-0.157,0.286,9.28,0.493
1427422905449,37.491472,139.919084,4,-0.184,0.163,9.573,0.361
1427422905550,37.491472,139.919085,4,-0.203,0.06,9.708,0.25
1427422905651,37.491472,139.919086,4,-0.214,-0.02,9.58,0.159
1427422905751,37.491473,139.919086,4,-0.195,0.029,9.462,0.089
1427422905847,37.491473,139.919087,4,-0.165,0.159,9.479,0.041
1427422905948,37.491473,139.919087,4,-0.143,0.217,9.486,0.01
1427422928844,37.491546,139.918498,4,-0.155,0.094,9.529,2.387
1427422928849,37.491546,139.918498,4,-0.149,0.091,9.535,2.384
1427422928949,37.491547,139.918496,4,0.016,-0.289,9.724,2.316
1427422929050,37.491547,139.918494,5,-0.011,-0.64,9.401,2.25
1427422929151,37.491547,139.918493,5,-0.134,-0.836,9.107,2.123
1427422929252,37.491548,139.918492,5,-0.219,-0.986,9.273,2.002
1427422929347,37.491548,139.918491,5,-0.254,-1.124,9.645,1.893
1427422929448,37.491548,139.91849,5,-0.182,-1.21,9.809,1.784
1427422929548,37.491548,139.918489,5,-0.045,-1.264,9.573,1.681
1427422929650,37.491548,139.918489,5,0.063,-1.296,9.331,1.581
1427422929750,37.491549,139.918488,5,0.03,-1.31,9.303,1.49
1427422929851,37.491549,139.918487,5,-0.086,-1.318,9.51,1.403
1427422929951,37.491549,139.918487,5,-0.206,-1.36,9.664,1.324
1427422930047,37.491549,139.918486,5,-0.207,-1.385,9.598,1.252
1427422930148,37.491548,139.918487,5,-0.129,-1.396,9.445,1.017
1427422930248,37.491547,139.918488,5,-0.046,-1.38,9.466,0.804
1427422930349,37.491546,139.918489,5,-0.053,-1.408,9.526,0.614
1427422930450,37.491546,139.918489,5,-0.127,-1.325,9.61,0.45
1427422930551,37.491545,139.91849,5,-0.096,-0.79,9.842,0.311
1427422930651,37.491545,139.91849,5,-0.036,-0.296,9.724,0.199
1427422930747,37.491544,139.918491,5,0.069,-0.07,9.332,0.115
1427422930848,37.491544,139.918491,5,0.158,0.052,9.098,0.051
1427422930948,37.491544,139.918491,5,0.195,0.072,9.224,0.013
1427422982848,37.491595,139.918372,11,0.111,0.019,9.511,1.75
1427422982949,37.491597,139.918373,11,0.301,-0.115,9.741,1.75
1427422983050,37.491599,139.918373,11,0.431,-0.2,9.717,1.75
1427422983150,37.491601,139.918374,11,0.493,-0.223,9.423,1.774
1427422983251,37.491603,139.918375,11,0.478,-0.23,9.257,1.798
1427422983347,37.491604,139.918376,11,0.452,-0.252,9.316,1.821
1427422983448,37.491606,139.918376,11,0.423,-0.254,9.514,1.846
1427422983548,37.491608,139.918377,11,0.375,-0.263,9.6,1.87
1427422983649,37.49161,139.918378,11,0.325,-0.26,9.626,1.896
1427422983750,37.491612,139.918379,11,0.298,-0.276,9.533,1.921
1427422983850,37.491614,139.91838,11,0.302,-0.273,9.379,1.947
1427422983951,37.491616,139.918381,11,0.295,-0.261,9.385,1.974
1427422984047,37.491618,139.918382,11,0.32,-0.254,9.497,1.999
1427422984147,37.49162,139.918382,11,0.38,-0.27,9.577,2.0
1427422984248,37.491622,139.918383,11,0.44,-0.261,9.539,2.0
1427422984349,37.491624,139.918383,11,0.49,-0.256,9.513,2.0
1427422984450,37.491626,139.918383,11,0.493,-0.237,9.61,2.0
1427422984550,37.491628,139.918384,11,0.473,-0.213,9.559,2.0
1427422984651,37.491631,139.918384,11,0.406,-0.169,9.419,2.0
1427422984747,37.491633,139.918384,11,0.315,-0.157,9.365,2.0
1427422984847,37.491635,139.918384,11,0.273,-0.133,9.432,2.0
1427422991847,37.491768,139.918399,4,0.275,-0.132,9.431,1.798
1427422991947,37.49177,139.918399,4,0.236,-0.221,9.524,1.774
1427422992048,37.491772,139.918399,4,0.206,-0.285,9.512,1.75
1427422992149,37.491774,139.918399,4,0.214,-0.312,9.435,1.75
1427422992249,37.491775,139.918399,4,0.238,-0.354,9.457,1.75
1427422992350,37.491777,139.9184,4,0.224,-0.399,9.561,1.75
1427422992451,37.491778,139.9184,4,0.183,-0.407,9.582,1.75
1427422992552,37.49178,139.9184,4,0.124,-0.397,9.458,1.75
1427422992647,37.491782,139.9184,4,0.08,-0.379,9.374,1.75
1427422992748,37.491783,139.9184,4,0.041,-0.397,9.443,1.75
1427422992849,37.491785,139.918401,4,0.035,-0.446,9.579,1.75
1427422992949,37.491786,139.918401,4,0.078,-0.48,9.592,1.75
1427422993050,37.491788,139.918401,4,0.139,-0.486,9.499,1.75
1427422993151,37.491788,139.918401,4,0.165,-0.509,9.422,1.561
1427422993251,37.491789,139.918401,4,0.134,-0.565,9.46,1.387
1427422993347,37.491789,139.918401,4,0.059,-0.638,9.514,1.234
1427422993448,37.491789,139.9184,4,-0.008,-0.732,9.513,1.086
1427422993549,37.491789,139.9184,4,-0.032,-0.821,9.464,0.953
1427422993649,37.491789,139.9184,4,-0.025,-0.911,9.437,0.834
1427422993750,37.49179,139.9184,4,-0.001,-1.014,9.435,0.729
1427422993851,37.49179,139.9184,4,-0.017,-1.137,9.466,0.638
1427422993951,37.49179,139.9184,4,0.016,-0.935,9.699,0.562
1427422994047,37.49179,139.9184,4,0.097,-0.419,9.88,0.502
1427422994148,37.49179,139.9184,3,0.142,0.035,9.67,0.407
1427422994248,37.49179,139.918401,3,0.193,0.247,9.278,0.322
1427422994349,37.491791,139.918401,3,0.252,0.281,9.089,0.246
1427422994450,37.491791,139.918401,3,0.279,0.244,9.298,0.18
1427422994551,37.491791,139.918401,3,0.238,0.114,9.583,0.125
1427422994651,37.491791,139.918402,3,0.156,-0.058,9.684,0.08
1427422994747,37.491791,139.918402,3,0.118,-0.063,9.636,0.046
1427422994848,37.491791,139.918402,3,0.15,0.072,9.547,0.02
1427423028847,37.492226,139.918627,5,0.151,0.075,9.544,4.597
1427423028947,37.492229,139.918631,5,0.29,-0.566,9.699,4.549
1427423029048,37.492232,139.918634,5,0.324,-1.048,9.683,4.501
1427423029149,37.492234,139.918637,5,0.28,-1.268,9.516,4.358
1427423029250,37.492237,139.91864,5,0.254,-1.395,9.522,4.218
1427423029350,37.492239,139.918643,5,0.222,-1.47,9.493,4.083
1427423029451,37.492241,139.918645,5,0.111,-1.547,9.64,3.95
1427423029547,37.492243,139.918648,5,0.038,-1.556,9.628,3.828
1427423029647,37.492245,139.918651,5,-0.041,-1.605,9.456,3.705
1427423029748,37.492247,139.918653,5,-0.083,-1.401,9.548,3.585
1427423029849,37.492249,139.918655,5,-0.106,-0.96,9.627,3.469
1427423029949,37.49225,139.918658,5,-0.097,-0.532,9.59,3.358
1427423030050,37.492252,139.91866,5,-0.098,-0.226,9.397,3.25
1427423030151,37.492254,139.918662,5,-0.063,-0.089,9.401,3.224
1427423030252,37.492256,139.918664,5,-0.083,0.012,9.344,3.198
1427423030347,37.492258,139.918666,5,-0.133,0.069,9.36,3.174
1427423030448,37.49226,139.918668,5,-0.16,0.05,9.371,3.148
1427423030549,37.492262,139.91867,5,-0.037,0.103,9.633,3.123
1427423030649,37.492264,139.918672,5,0.131,0.302,9.927,3.098
1427423030750,37.492265,139.918673,5,0.268,0.374,9.546,3.073
1427423060847,37.493756,139.919588,11,0.291,0.601,9.32,5.348
1427423060947,37.49376,139.919591,11,0.318,0.105,9.285,5.299
1427423061048,37.493764,139.919593,11,0.344,-0.252,9.486,5.251
1427423061149,37.493767,139.919594,12,0.286,-0.419,9.669,5.142
1427423061249,37.49377,139.919595,12,0.173,-0.504,9.702,5.034
1427423061350,37.493773,139.919596,12,0.208,-0.508,9.554,4.928
1427423061451,37.493776,139.919597,12,0.201,-0.406,9.297,4.824
1427423061547,37.493779,139.919598,12,0.194,-0.329,9.284,4.727
1427423061647,37.493781,139.919599,12,0.23,-0.282,9.481,4.628
1427423061748,37.493784,139.919599,12,0.246,-0.256,9.658,4.53
1427423061849,37.493787,139.9196,12,0.157,-0.212,9.622,4.434
1427423061949,37.493789,139.919601,12,0.137,-0.174,9.415,4.341
1427423062050,37.493792,139.919602,12,0.169,-0.133,9.234,4.25
1427423062151,37.493796,139.919606,12,0.177,-0.142,9.259,4.224
1427423062252,37.493799,139.91961,12,0.152,-0.209,9.436,4.198
1427423062347,37.493803,139.919614,12,0.154,-0.278,9.625,4.174
1427423062448,37.493807,139.919618,12,0.105,-0.348,9.686,4.149
1427423062549,37.49381,139.919622,12,0.056,-0.444,9.582,4.123
1427423062649,37.493814,139.919626,12,0.017,-0.56,9.48,4.098
1427423062750,37.493817,139.91963,12,0.038,-0.675,9.395,4.073
1427423062851,37.493821,139.919633,12,0.043,-0.784,9.43,4.049
1427423062951,37.493825,139.919637,12,-0.01,-0.86,9.558,4.024
1427423063047,37.493828,139.919641,12,-0.102,-0.9,9.602,4.001
1427423063148,37.49383,139.919644,12,-0.203,-0.918,9.549,3.92
1427423063248,37.493833,139.919647,12,-0.281,-0.956,9.592,3.839
1427423063349,37.493835,139.919649,12,-0.314,-0.956,9.613,3.759
1427423063450,37.493837,139.919652,12,-0.407,-0.932,9.425,3.681
1427423063551,37.493839,139.919655,12,-0.538,-0.892,9.223,3.605
1427423063651,37.493841,139.919657,12,-0.683,-0.907,9.349,3.531
1427423063747,37.493843,139.91966,12,-0.732,-0.948,9.691,3.461
1427423063848,37.493845,139.919662,12,-0.737,-0.986,9.77,3.389
1427423063948,37.493847,139.919665,12,-0.716,-0.984,9.662,3.319
1427423064049,37.493849,139.919667,12,-0.663,-0.947,9.501,3.251
1427423064150,37.493851,139.919668,10,-0.581,-0.897,9.294,3.134
1427423064251,37.493852,139.919669,10,-0.433,-0.888,9.225,3.02
1427423064351,37.493854,139.91967,10,-0.215,-0.912,9.424,2.911
1427423064447,37.493855,139.919671,10,-0.094,-0.927,9.569,2.809
1427423064548,37.493857,139.919671,10,-0.041,-0.941,9.547,2.707
1427423064648,37.493858,139.919672,10,-0.059,-0.95,9.542,2.608
1427423064749,37.493859,139.919673,10,-0.113,-0.858,9.574,2.513
1427423064850,37.493861,139.919674,10,-0.136,-0.668,9.651,2.421
1427423064950,37.493862,139.919674,10,-0.109,-0.492,9.487,2.334
1427423065051,37.493863,139.919675,10,-0.046,-0.365,9.242,2.25
1427423065147,37.493864,139.919676,10,0.08,-0.328,9.193,2.224
1427423065248,37.493866,139.919677,10,0.19,-0.356,9.439,2.198
1427423065348,37.493867,139.919677,10,0.225,-0.377,9.673,2.172
1427423065449,37.493869,139.919678,10,0.234,-0.394,9.691,2.147
1427423065550,37.49387,139.919679,10,0.204,-0.377,9.533,2.121
1427423065650,37.493872,139.91968,10,0.22,-0.377,9.42,2.096
1427423065751,37.493873,139.919681,10,0.282,-0.391,9.47,2.072
1427423065847,37.493874,139.919681,10,0.337,-0.405,9.592,2.048
1427423065947,37.493876,139.919682,10,0.412,-0.41,9.593,2.024
1427423066048,37.493877,139.919683,10,0.426,-0.398,9.499,2.0
1427423066149,37.493878,139.919683,11,0.383,-0.398,9.395,1.974
1427423066250,37.493879,139.919683,11,0.336,-0.423,9.446,1.947
1427423066350,37.49388,139.919683,11,0.322,-0.43,9.582,1.921
1427423066451,37.49388,139.919683,11,0.356,-0.433,9.62,1.896
1427423066547,37.493881,139.919682,11,0.362,-0.427,9.534,1.872
1427423066647,37.493882,139.919682,11,0.297,-0.382,9.405,1.847
1427423066748,37.493883,139.919682,11,0.182,-0.303,9.504,1.822
1427423066849,37.493883,139.919682,11,0.094,-0.192,9.591,1.798
1427423066950,37.493884,139.919682,11,0.065,-0.1,9.52,1.774
1427423067050,37.493885,139.919682,11,0.114,-0.044,9.391,1.75
1427423067151,37.493886,139.919682,11,0.132,-0.022,9.364,1.723
1427423067247,37.493886,139.919682,11,0.12,0.004,9.49,1.698
1427423067347,37.493887,139.919683,11,0.103,0.021,9.585,1.672
1427423067448,37.493887,139.919683,11,0.094,0.036,9.521,1.646
1427423067549,37.493888,139.919683,11,0.12,0.051,9.417,1.62
1427423067649,37.493889,139.919683,11,0.153,0.042,9.408,1.596
1427423067750,37.493889,139.919683,11,0.165,0.04,9.515,1.571
1427423070847,37.493897,139.919682,10,0.167,0.037,9.584,0.543
1427423070948,37.493898,139.919681,10,0.068,-0.387,9.556,0.521
1427423071048,37.493898,139.919681,10,0.002,-0.683,9.553,0.5
1427423071149,37.493898,139.919682,10,0.058,-0.435,9.766,0.406
1427423071250,37.493898,139.919682,10,0.148,-0.014,9.731,0.32
1427423071350,37.493899,139.919683,10,0.197,0.191,9.396,0.245
1427423071451,37.493899,139.919683,10,0.166,0.226,9.13,0.179
1427423071547,37.493899,139.919683,10,0.147,0.207,9.201,0.127
1427423071647,37.493899,139.919684,10,0.169,0.152,9.497,0.081
1427423071748,37.493899,139.919684,10,0.168,0.102,9.698,0.046
1427423101845,37.494144,139.919829,11,0.165,0.09,9.611,4.084
1427423101850,37.494145,139.919829,11,0.163,0.09,9.609,4.088
1427423101951,37.494149,139.919832,11,0.061,-0.049,9.566,4.169
1427423102051,37.494153,139.919835,11,0.049,-0.194,9.566,4.25
1427423102147,37.494156,139.919838,11,0.111,-0.242,9.407,4.225
1427423102248,37.49416,139.91984,11,0.086,-0.319,9.349,4.199
1427423102348,37.494163,139.919843,11,0.102,-0.321,9.54,4.174
1427423102449,37.494167,139.919846,11,0.027,-0.309,9.764,4.148
1427423102550,37.49417,139.919848,11,-0.029,-0.27,9.743,4.123
1427423102651,37.494174,139.919851,11,-0.057,-0.175,9.591,4.098
1427423102751,37.494177,139.919853,11,-0.06,-0.16,9.442,4.073
1427423102847,37.49418,139.919856,11,0.006,-0.169,9.4,4.05
1427423102948,37.494184,139.919858,11,0.041,-0.139,9.524,4.025
1427423103048,37.494187,139.919861,11,0.008,-0.156,9.552,4.0
1427423103149,37.49419,139.919863,10,-0.009,-0.199,9.619,3.975
1427423103250,37.494194,139.919866,10,-0.006,-0.192,9.605,3.949
1427423103350,37.494197,139.919868,10,0.031,-0.143,9.477,3.923
1427423103451,37.4942,139.91987,10,0.05,-0.095,9.331,3.898
1427423103547,37.494203,139.919873,10,0.055,-0.062,9.252,3.874
1427423103647,37.494206,139.919875,10,0.013,-0.092,9.398,3.849
1427423103748,37.49421,139.919877,10,-0.052,-0.137,9.615,3.824
1427423106845,37.494292,139.919935,9,-0.077,-0.122,9.555,2.425
1427423106850,37.494292,139.919935,9,-0.079,-0.124,9.543,2.421
1427423106951,37.494293,139.919936,9,-0.108,-0.574,9.666,2.333
1427423107051,37.494295,139.919937,9,-0.097,-0.939,9.746,2.248
1427423107147,37.494296,139.919938,9,-0.04,-1.161,9.565,2.087
1427423107248,37.494297,139.919939,9,-0.004,-1.305,9.414,1.926
1427423107349,37.494298,139.91994,9,-0.075,-1.426,9.484,1.775
1427423107449,37.494299,139.91994,9,-0.161,-1.492,9.564,1.636
1427423107550,37.4943,139.919941,9,-0.217,-1.509,9.523,1.505
1427423107651,37.494301,139.919942,9,-0.234,-1.513,9.452,1.383
1427423107751,37.494301,139.919942,9,-0.23,-1.503,9.407,1.273
1427423107847,37.494302,139.919943,9,-0.253,-1.499,9.414,1.176
1427423107948,37.494302,139.919944,9,-0.285,-1.509,9.508,1.083
1427423108048,37.494303,139.919944,9,-0.304,-1.537,9.557,1.002
1427423108149,37.494303,139.919944,9,-0.178,-1.246,9.683,0.886
1427423108250,37.494303,139.919945,9,0.013,-0.734,9.79,0.778
1427423108351,37.494303,139.919945,9,0.144,-0.334,9.609,0.68
1427423108451,37.494304,139.919946,9,0.18,-0.092,9.295,0.591
1427423108547,37.494304,139.919946,9,0.135,0.014,9.138,0.515
1427423108648,37.494304,139.919946,9,0.041,-0.006,9.264,0.443
1427423108748,37.494304,139.919946,9,-0.125,-0.508,9.227,0.382
1427423108849,37.494304,139.919947,9,-0.183,-0.927,9.462,0.328
1427423108950,37.494304,139.919947,9,-0.006,-0.621,10.088,0.284
1427423109051,37.494304,139.919947,9,0.132,-0.113,10.157,0.25
1427423109151,37.494304,139.919947,9,0.129,0.135,9.588,0.25
1427423109247,37.494304,139.919947,9,0.078,0.225,9.101,0.25
1427423109348,37.494304,139.919948,9,0.07,0.376,9.046,0.25
1427423109448,37.494304,139.919948,9,0.149,0.399,9.312,0.25
1427423109549,37.494304,139.919948,9,0.22,0.205,9.541,0.25
1427423109650,37.494304,139.919948,9,0.194,-0.031,9.629,0.25
1427423109751,37.494304,139.919948,9,0.096,-0.072,9.696,0.25
1427423109851,37.494304,139.919949,9,0.029,0.067,9.653,0.25
1427423109947,37.494304,139.919949,9,0.034,0.18,9.473,0.25
1427423110048,37.494304,139.919949,9,0.124,0.236,9.329,0.25
1427423110148,37.494304,139.919949,9,0.176,0.225,9.391,0.203
1427423110249,37.494305,139.919949,9,0.17,0.145,9.534,0.16
1427423110350,37.494305,139.919949,9,0.107,0.062,9.598,0.122
1427423110450,37.494305,139.919949,9,0.068,0.086,9.58,0.09
1427423110551,37.494306,139.919949,9,0.083,0.158,9.502,0.062
1427423110647,37.494306,139.919949,9,0.128,0.201,9.445,0.041
1427423110748,37.494306,139.919949,9,0.151,0.197,9.453,0.023
1427423110848,37.494306,139.919949,9,0.131,0.148,9.53,0.01
1427423182844,37.496679,139.920826,11,0.128,0.141,9.538,6.051
1427423182849,37.496679,139.920826,11,0.121,0.12,9.55,6.049
1427423182950,37.496684,139.920828,11,0.023,-0.294,9.975,6.025
1427423183051,37.496688,139.920829,11,0.121,-0.286,9.987,6.0
1427423183151,37.496694,139.920832,11,0.192,0.002,9.194,6.0
1427423183247,37.496699,139.920834,11,0.147,0.089,8.34,6.0
1427423183348,37.496704,139.920837,11,-0.005,-0.132,8.477,6.0
1427423183449,37.49671,139.92084,11,-0.046,-0.303,9.286,6.0
1427423183549,37.496715,139.920842,11,-0.116,-0.467,10.413,6.0
1427423183650,37.496721,139.920845,11,-0.069,-0.4,10.076,6.0
1427423183751,37.496727,139.920848,11,-0.037,-0.187,9.259,6.0
1427423183851,37.496732,139.920851,11,-0.035,-0.03,9.057,6.0
1427423183947,37.496737,139.920853,11,-0.065,-0.004,9.206,6.0
1427423184048,37.496743,139.920856,11,-0.156,-0.041,9.268,6.0
1427423184148,37.496749,139.920858,11,-0.251,-0.138,9.357,6.0
1427423184249,37.496755,139.92086,11,-0.164,-0.172,9.266,6.0
1427423184350,37.496761,139.920862,11,-0.044,-0.21,9.641,6.0
1427423184451,37.496767,139.920864,11,-0.08,-0.181,10.092,6.0
1427423184551,37.496773,139.920867,11,-0.081,-0.094,9.71,6.0
1427423184647,37.496778,139.920869,11,0.077,-0.108,9.543,6.0
1427423184748,37.496784,139.920871,11,-0.04,-0.128,9.507,6.0
1427423184848,37.49679,139.920873,11,0.097,0.04,9.53,6.0
1427423207845,37.498127,139.921273,12,0.076,0.028,9.553,5.896
1427423207850,37.498127,139.921273,12,0.058,0.017,9.572,5.893
1427423207951,37.498132,139.921274,12,0.107,-0.119,9.467,5.82
1427423208052,37.498137,139.921275,10,0.163,-0.197,9.232,5.75
1427423208147,37.498142,139.921276,10,0.169,-0.17,9.14,5.75
1427423208248,37.498146,139.921277,10,0.106,-0.18,9.47,5.75
1427423208349,37.498151,139.921278,10,0.058,-0.067,9.534,5.75
1427423208449,37.498156,139.921279,10,0.047,0.066,9.677,5.75
1427423208550,37.498161,139.92128,10,0.073,0.36,9.592,5.75
1427423208651,37.498166,139.921281,10,0.174,0.463,9.402,5.75
1427423208751,37.498171,139.921282,10,0.405,0.556,9.308,5.75
1427423208847,37.498175,139.921283,10,0.597,0.568,9.179,5.75
1427423214844,37.498508,139.921356,12,0.6,0.558,9.186,5.528
1427423214849,37.498508,139.921356,12,0.596,0.545,9.194,5.521
1427423214950,37.498511,139.921356,12,0.273,0.126,9.321,5.383
1427423215051,37.498515,139.921357,12,0.023,-0.233,9.326,5.249
1427423215151,37.49852,139.921358,12,-0.071,-0.471,9.354,5.197
1427423215247,37.498525,139.92136,12,-0.054,-0.645,9.401,5.148
1427423215348,37.49853,139.921361,12,0.016,-0.798,9.433,5.096
1427423215449,37.498535,139.921363,12,0.077,-0.889,9.554,5.045
1427423215549,37.49854,139.921364,12,0.098,-0.981,9.594,4.994
1427423215650,37.498545,139.921366,12,0.164,-1.04,9.454,4.944
1427423215751,37.49855,139.921367,12,0.239,-1.107,9.512,4.894
1427423215851,37.498555,139.921368,12,0.41,-1.087,9.204,4.846
1427423215947,37.498559,139.92137,12,0.524,-1.116,9.129,4.799
1427423216048,37.498564,139.921371,12,0.6,-1.211,9.532,4.751
1427423216148,37.498567,139.921371,12,0.711,-1.295,9.771,4.671
1427423216249,37.49857,139.921372,12,0.791,-1.371,9.742,4.591
1427423216350,37.498574,139.921372,12,0.741,-1.496,10.13,4.511
1427423216451,37.498577,139.921373,12,0.857,-1.422,9.766,4.434
1427423216551,37.49858,139.921373,12,0.96,-1.144,9.186,4.358
1427423216647,37.498583,139.921373,12,1.018,-0.859,9.078,4.287
1427423216748,37.498585,139.921374,12,1.14,-0.683,9.327,4.213
1427423216848,37.498588,139.921374,12,1.306,-0.654,9.57,4.141
1427423216949,37.498591,139.921375,12,1.49,-0.662,9.668,4.07
1427423217050,37.498594,139.921375,12,1.643,-0.676,9.668,4.0
1427423217150,37.498595,139.921376,12,1.836,-0.679,9.404,3.887
1427423217251,37.498597,139.921377,12,2.028,-0.716,9.071,3.776
1427423217347,37.498598,139.921379,12,2.125,-0.818,9.249,3.673
1427423217448,37.498599,139.92138,12,2.022,-0.907,9.474,3.568
1427423217548,37.4986,139.921381,12,1.794,-0.903,9.138,3.466
1427423217649,37.498602,139.921382,12,1.529,-0.98,9.363,3.367
1427423217750,37.498603,139.921383,12,1.278,-1.125,10.129,3.27
1427423217850,37.498604,139.921384,12,1.207,-1.236,10.319,3.177
1427423217951,37.498605,139.921385,12,0.991,-1.292,10.208,3.086
1427423218047,37.498606,139.921386,12,0.85,-1.224,9.617,3.003
1427423218148,37.498605,139.921391,14,0.732,-1.103,8.833,2.975
1427423218248,37.498603,139.921395,14,0.538,-1.277,8.739,2.949
1427423218349,37.498602,139.9214,14,0.423,-1.631,9.305,2.923
1427423218450,37.4986,139.921404,14,0.447,-1.948,10.009,2.897
1427423218550,37.498599,139.921409,14,0.482,-2.171,10.306,2.872
1427423218651,37.498597,139.921414,14,0.564,-1.995,10.149,2.847
1427423218747,37.498596,139.921418,14,0.557,-1.52,9.689,2.823
1427423218847,37.498595,139.921422,14,0.208,-1.087,9.489,2.799
1427423218948,37.498593,139.921427,14,0.117,-0.633,9.689,2.775
1427423219049,37.498592,139.921431,14,0.124,-0.254,9.274,2.75
1427423219150,37.498592,139.921435,14,0.128,-0.097,8.809,2.75
1427423219250,37.498592,139.921438,14,0.176,-0.177,9.091,2.75
1427423219351,37.498591,139.921442,14,0.188,-0.041,10.047,2.75
1427423219447,37.498591,139.921446,14,0.398,0.201,10.269,2.75
1427423219547,37.498591,139.921449,14,0.593,0.437,9.73,2.75
1427423219648,37.498591,139.921453,14,0.808,0.605,8.887,2.75
1427423219749,37.498591,139.921457,14,0.69,0.784,8.597,2.75
1427423254845,37.498085,139.923228,10,0.767,0.933,8.976,2.344
1427423254850,37.498085,139.923228,10,0.768,0.925,8.994,2.342
1427423254951,37.498084,139.92323,10,0.576,0.334,9.345,2.295
1427423255047,37.498084,139.923232,10,0.395,-0.064,9.464,2.251
1427423255148,37.498084,139.923234,10,0.194,-0.298,9.43,2.163
1427423255248,37.498084,139.923235,10,0.012,-0.402,9.402,2.078
1427423255349,37.498083,139.923237,10,-0.099,-0.454,9.463,1.994
1427423255450,37.498083,139.923238,10,-0.145,-0.5,9.51,1.914
1427423255550,37.498083,139.92324,10,-0.107,-0.519,9.52,1.837
1427423255651,37.498083,139.923241,10,-0.073,-0.54,9.516,1.763
1427423255747,37.498083,139.923242,10,-0.06,-0.548,9.507,1.696
1427423255848,37.498082,139.923244,10,-0.091,-0.579,9.456,1.627
1427423255948,37.498082,139.923245,10,-0.129,-0.616,9.49,1.563
1427423256049,37.498082,139.923246,10,-0.138,-0.645,9.544,1.501
1427423256150,37.498082,139.923247,9,-0.112,-0.656,9.532,1.403
1427423256250,37.498082,139.923248,9,-0.085,-0.65,9.498,1.31
1427423256351,37.498082,139.923249,9,-0.052,-0.465,9.607,1.222
1427423256447,37.498082,139.923249,9,-0.061,-0.254,9.635,1.142
1427423256547,37.498082,139.92325,9,-0.071,-0.088,9.508,1.065
1427423256648,37.498082,139.923251,9,-0.062,0.016,9.376,0.991
1427423256749,37.498082,139.923251,9,-0.032,0.062,9.378,0.923
1427423256850,37.498082,139.923252,9,0.002,0.059,9.526,0.86
1427423256950,37.498082,139.923253,9,0.028,0.042,9.631,0.802
1427423257051,37.498082,139.923253,9,0.019,0.051,9.568,0.75
1427423257147,37.498082,139.923254,9,0.003,0.094,9.465,0.75
1427423257247,37.498082,139.923254,9,-0.02,0.104,9.449,0.75
1427423257348,37.498082,139.923255,9,-0.029,0.093,9.521,0.75
1427423257449,37.498082,139.923256,9,-0.029,0.087,9.569,0.75
1427423257550,37.498082,139.923257,9,-0.001,0.098,9.542,0.75
1427423257650,37.498082,139.923257,9,0.031,0.105,9.489,0.75
1427423257751,37.498082,139.923258,9,0.038,0.101,9.471,0.75
1427423257847,37.498082,139.923259,9,0.006,0.084,9.506,0.75
1427423311846,37.497953,139.92372,10,0.004,0.085,9.51,2.447
1427423325845,37.497402,139.923443,4,0.006,0.089,9.518,4.143
1427423325850,37.497402,139.923443,4,0.01,0.092,9.528,4.14
1427423325950,37.497398,139.923442,4,0.096,-0.071,9.636,4.069
1427423326051,37.497395,139.923441,5,0.208,-0.128,9.694,4.0
1427423326147,37.497392,139.923439,5,0.343,-0.131,9.619,3.975
1427423326248,37.49739,139.923437,5,0.456,-0.113,9.487,3.949
1427423326348,37.497387,139.923435,5,0.544,-0.076,9.424,3.924
1427423326449,37.497384,139.923433,5,0.602,-0.072,9.506,3.898
1427423326550,37.497381,139.923431,5,0.672,-0.096,9.492,3.873
1427423326650,37.497379,139.923429,5,0.782,-0.08,9.348,3.848
1427423326751,37.497376,139.923428,5,0.926,-0.128,9.313,3.823
1427423326847,37.497373,139.923426,5,1.114,-0.229,9.6,3.799
1427423326947,37.497371,139.923424,5,1.268,-0.314,9.798,3.775
1427423327048,37.497368,139.923422,5,1.364,-0.32,9.622,3.75
1427423327149,37.497365,139.923418,5,1.397,-0.326,9.404,3.774
1427423327250,37.497363,139.923414,5,1.431,-0.32,9.249,3.799
1427423327350,37.49736,139.923411,5,1.502,-0.399,9.331,3.823
1427423327451,37.497357,139.923407,5,1.533,-0.47,9.563,3.848
1427423327547,37.497354,139.923403,5,1.521,-0.563,9.679,3.872
1427423327647,37.497352,139.923399,5,1.485,-0.616,9.665,3.897
1427423327748,37.497349,139.923395,5,1.446,-0.613,9.561,3.923
1427423327849,37.497346,139.923391,5,1.396,-0.645,9.562,3.948
1427423327949,37.497343,139.923387,5,1.44,-0.689,9.495,3.974
1427423328050,37.49734,139.923383,6,1.463,-0.728,9.307,4.0
1427423328151,37.497339,139.923379,6,1.501,-0.797,9.338,3.974
1427423328247,37.497338,139.923376,6,1.588,-0.891,9.461,3.949
1427423328347,37.497337,139.923372,6,1.61,-0.94,9.382,3.924
1427423328448,37.497336,139.923368,6,1.56,-1.037,9.399,3.899
1427423328549,37.497334,139.923364,6,1.52,-1.1,9.666,3.873
1427423328649,37.497333,139.923361,6,1.561,-1.111,9.434,3.848
1427423328750,37.497332,139.923357,6,1.615,-1.132,9.106,3.823
1427423328851,37.497331,139.923353,6,1.613,-1.128,9.074,3.798
1427423328951,37.49733,139.92335,6,1.608,-1.293,9.606,3.774
1427423329047,37.497329,139.923346,6,1.595,-1.352,9.828,3.751
1427423329148,37.497332,139.923341,7,1.533,-1.431,9.748,3.774
1427423329249,37.497335,139.923335,7,1.496,-1.407,9.497,3.798
1427423329349,37.497337,139.92333,7,1.389,-1.365,9.39,3.823
1427423329450,37.49734,139.923324,7,1.285,-1.324,9.435,3.848
1427423329551,37.497343,139.923319,7,1.226,-1.316,9.451,3.873
1427423329651,37.497346,139.923313,7,1.144,-1.296,9.514,3.898
1427423329747,37.497349,139.923308,7,0.956,-1.278,9.503,3.923
1427423329848,37.497352,139.923302,7,0.672,-1.4,9.522,3.948
1427423329948,37.497355,139.923297,7,0.303,-1.456,9.57,3.974
1427423330049,37.497358,139.923291,7,-0.114,-1.412,9.582,4.0
1427423330150,37.497359,139.923287,7,-0.517,-1.239,9.539,3.918
1427423330251,37.49736,139.923283,7,-0.595,-0.993,9.668,3.837
1427423330351,37.497362,139.923279,7,-0.392,-0.79,9.706,3.758
1427423330447,37.497363,139.923275,7,-0.236,-0.684,9.583,3.684
1427423330548,37.497364,139.923272,7,-0.301,-0.5,9.541,3.607
1427423330648,37.497365,139.923268,7,-0.453,-0.335,9.458,3.533
1427423330749,37.497366,139.923264,7,-0.442,-0.227,9.474,3.459
1427423330850,37.497367,139.923261,7,-0.277,-0.11,9.373,3.388
1427423330950,37.497368,139.923257,7,-0.232,-0.133,9.58,3.318
1427423331051,37.497369,139.923254,3,-0.209,-0.108,9.685,3.25
1427423331147,37.49737,139.92325,3,-0.216,-0.07,9.416,3.273
1427423331248,37.497371,139.923246,3,-0.301,0.014,9.38,3.298
1427423331348,37.497372,139.923242,3,-0.39,0.105,9.544,3.323
1427423331449,37.497373,139.923238,3,-0.349,0.19,9.701,3.348
1427423331550,37.497373,139.923233,3,-0.202,0.265,9.661,3.373
1427423331650,37.497374,139.923229,3,-0.199,0.254,9.787,3.398
1427423331751,37.497375,139.923225,3,-0.228,0.352,9.657,3.423
1427423331847,37.497376,139.923221,3,-0.182,0.433,9.164,3.448
1427423362845,37.497695,139.921333,5,-0.18,0.434,9.151,4.348
1427423362850,37.497696,139.921333,5,-0.178,0.43,9.145,4.346
1427423362951,37.497697,139.921329,5,-0.117,0.066,9.247,4.297
1427423363051,37.497699,139.921326,5,-0.088,-0.195,9.202,4.25
1427423363147,37.4977,139.921322,5,-0.073,-0.358,9.336,4.225
1427423363248,37.497701,139.921317,5,-0.125,-0.417,9.484,4.199
1427423363348,37.497701,139.921313,5,-0.22,-0.479,9.516,4.174
1427423363449,37.497702,139.921309,5,-0.205,-0.484,9.38,4.148
1427423363550,37.497703,139.921305,5,-0.159,-0.562,9.801,4.123
1427423363650,37.497704,139.9213,5,-0.121,-0.582,9.847,4.098
1427423363751,37.497705,139.921296,5,-0.168,-0.53,9.369,4.073
1427423363847,37.497705,139.921292,5,-0.161,-0.486,9.184,4.05
1427423363947,37.497706,139.921288,5,-0.129,-0.526,9.455,4.025
1427423364048,37.497707,139.921284,5,-0.054,-0.604,9.729,4.0
1427423364149,37.497708,139.921279,5,0.039,-0.624,9.794,3.919
1427423364250,37.497708,139.921275,5,0.083,-0.573,9.622,3.838
1427423364350,37.497709,139.92127,5,0.047,-0.593,9.682,3.759
1427423364451,37.497709,139.921266,5,-0.12,-0.59,9.722,3.681
1427423364547,37.49771,139.921262,5,-0.286,-0.518,9.5,3.608
1427423364647,37.49771,139.921258,5,-0.313,-0.399,8.889,3.534
1427423364748,37.497711,139.921254,5,-0.292,-0.385,8.863,3.46
1427423364849,37.497711,139.92125,5,-0.311,-0.47,9.37,3.388
1427423364950,37.497712,139.921246,5,-0.343,-0.655,9.818,3.318
1427423365050,37.497712,139.921242,5,-0.311,-0.873,9.915,3.25
1427423365151,37.497713,139.92124,5,-0.188,-0.993,9.64,3.097
1427423365247,37.497714,139.921238,5,0.0,-1.039,9.241,2.957
1427423365347,37.497715,139.921236,5,0.053,-1.12,9.235,2.817
1427423365448,37.497716,139.921234,5,-0.034,-1.176,9.582,2.681
1427423365549,37.497717,139.921233,5,-0.187,-1.286,9.875,2.552
1427423365650,37.497718,139.921231,5,-0.238,-1.321,9.833,2.429
1427423365750,37.497719,139.921229,5,-0.194,-1.293,9.514,2.312
1427423365851,37.49772,139.921228,5,-0.176,-1.271,9.281,2.201
1427423365947,37.49772,139.921226,5,-0.252,-1.165,9.379,2.101
1427423366047,37.497721,139.921225,5,-0.356,-0.864,9.662,2.003
1427423366148,37.497722,139.921224,4,-0.406,-0.558,9.712,1.911
1427423366249,37.497723,139.921223,4,-0.271,-0.293,9.519,1.823
1427423366349,37.497724,139.921222,4,-0.052,-0.124,9.328,1.739
1427423366450,37.497725,139.921221,4,0.1,-0.039,9.276,1.658
1427423366551,37.497725,139.92122,4,0.149,-0.034,9.314,1.581
1427423366652,37.497726,139.921219,4,0.077,-0.164,9.499,1.507
1427423366747,37.497727,139.921218,4,-0.032,-0.307,9.753,1.441
1427423366848,37.497728,139.921217,4,-0.074,-0.369,9.711,1.374
1427423366949,37.497728,139.921217,4,-0.06,-0.368,9.435,1.31
1427423367049,37.497729,139.921216,4,-0.026,-0.377,9.328,1.251
1427423367150,37.497729,139.921215,4,-0.019,-0.41,9.404,1.222
1427423367251,37.497729,139.921214,4,-0.042,-0.438,9.544,1.195
1427423367351,37.497729,139.921213,4,-0.047,-0.46,9.671,1.169
1427423367447,37.497729,139.921212,4,-0.069,-0.493,9.691,1.144
1427423367548,37.497728,139.921211,4,-0.087,-0.505,9.51,1.119
1427423367648,37.497728,139.92121,4,-0.115,-0.491,9.328,1.094
1427423367749,37.497728,139.921209,4,-0.138,-0.521,9.456,1.069
1427423367850,37.497728,139.921208,4,-0.146,-0.666,9.632,1.046
1427423367951,37.497728,139.921207,4,-0.117,-0.841,9.563,1.022
1427423368051,37.497728,139.921206,4,-0.064,-0.967,9.419,0.999
1427423368147,37.497728,139.921206,4,-0.078,-1.059,9.418,0.937
1427423368248,37.497727,139.921205,4,-0.151,-1.1,9.52,0.875
1427423368348,37.497727,139.921205,4,-0.221,-1.137,9.546,0.816
1427423368449,37.497727,139.921205,4,-0.245,-1.184,9.512,0.761
1427423368550,37.497726,139.921204,4,-0.23,-1.254,9.501,0.708
1427423368651,37.497726,139.921204,4,-0.094,-0.992,9.728,0.66
1427423368751,37.497726,139.921204,4,0.061,-0.399,9.903,0.615
1427423368847,37.497725,139.921203,4,0.089,-0.006,9.636,0.575
1427423368948,37.497725,139.921203,4,0.038,0.147,9.214,0.536
1427423369048,37.497725,139.921203,4,-0.011,0.206,9.085,0.501
1427423369149,37.497725,139.921203,6,-0.001,0.178,9.321,0.468
1427423369250,37.497724,139.921203,6,0.054,0.149,9.646,0.437
1427423369351,37.497724,139.921203,6,0.091,0.148,9.757,0.407
1427423369451,37.497724,139.921203,6,0.073,0.178,9.571,0.38
1427423369547,37.497723,139.921204,6,0.026,0.203,9.384,0.355
1427423369648,37.497723,139.921204,6,-0.012,0.203,9.388,0.33
1427423369748,37.497723,139.921204,6,-0.02,0.179,9.557,0.308
1427423377845,37.497853,139.92116,6,0.023,0.162,9.635,3.0
1427423394845,37.498595,139.92139,5,0.025,0.16,9.627,4.75
1427423396844,37.498671,139.921412,4,0.026,0.155,9.623,4.348
1427423412846,37.499288,139.92167,5,0.028,0.148,9.625,4.25
1427423412851,37.499288,139.92167,5,0.031,0.137,9.628,4.25
1427423412947,37.499292,139.921672,5,0.136,-0.174,9.572,4.25
1427423413048,37.499296,139.921674,5,0.146,-0.378,9.523,4.25
1427423413148,37.499299,139.921675,4,0.037,-0.548,9.632,4.14
1427423413249,37.499302,139.921676,4,-0.082,-0.675,9.621,4.03
1427423413350,37.499305,139.921678,4,-0.127,-0.803,9.531,3.922
1427423413450,37.499308,139.921679,4,-0.167,-0.917,9.552,3.818
1427423413551,37.49931,139.92168,4,-0.211,-0.981,9.575,3.716
1427423413647,37.499313,139.921681,4,-0.25,-1.009,9.398,3.621
1427423413748,37.499316,139.921682,4,-0.21,-1.051,9.366,3.524
1427423413848,37.499318,139.921683,4,-0.104,-1.122,9.587,3.431
1427423413949,37.499321,139.921684,4,-0.051,-1.15,9.727,3.339
1427423414050,37.499323,139.921685,4,-0.129,-1.143,9.584,3.25
1427423414150,37.499325,139.921686,4,-0.229,-1.126,9.539,3.166
1427423414251,37.499328,139.921687,4,-0.292,-1.102,9.501,3.084
1427423414347,37.49933,139.921688,4,-0.308,-1.095,9.462,3.007
1427423414448,37.499332,139.921688,4,-0.301,-1.076,9.407,2.928
1427423414548,37.499335,139.921689,4,-0.327,-1.071,9.445,2.852
1427423414649,37.499337,139.92169,4,-0.337,-1.081,9.548,2.777
1427423414750,37.499339,139.921691,4,-0.279,-1.086,9.567,2.704
1427423414850,37.499341,139.921692,4,-0.241,-1.072,9.493,2.634
1427423414951,37.499343,139.921692,4,-0.215,-1.079,9.397,2.566
1427423415047,37.499345,139.921693,4,-0.177,-1.079,9.341,2.502
1427423415147,37.499347,139.921694,4,-0.133,-1.02,9.43,2.416
1427423415248,37.499348,139.921694,4,-0.102,-0.804,9.747,2.33
1427423415349,37.49935,139.921695,4,-0.078,-0.575,9.881,2.248
1427423415450,37.499351,139.921695,4,-0.019,-0.327,9.656,2.168
1427423415550,37.499353,139.921696,4,0.029,-0.101,9.272,2.092
1427423415651,37.499354,139.921696,4,0.041,0.04,9.022,2.018
1427423415747,37.499355,139.921697,4,0.07,0.058,9.149,1.949
1427423415847,37.499357,139.921697,4,0.086,0.018,9.488,1.881
1427423415948,37.499358,139.921698,4,0.088,-0.039,9.771,1.814
1427423416049,37.499359,139.921698,4,0.088,-0.071,9.786,1.751
1427423416149,37.49936,139.921698,4,0.076,-0.073,9.58,1.615
1427423416250,37.499361,139.921699,4,0.015,-0.083,9.393,1.486
1427423416351,37.499361,139.921699,4,-0.047,-0.153,9.427,1.365
1427423416447,37.499362,139.921699,4,-0.084,-0.254,9.572,1.257
1427423416547,37.499363,139.9217,4,-0.109,-0.329,9.61,1.153
1427423416648,37.499363,139.9217,4,-0.073,-0.352,9.523,1.056
1427423416749,37.499364,139.9217,4,-0.036,-0.379,9.388,0.967
1427423416849,37.499364,139.921701,4,-0.056,-0.454,9.39,0.887
1427423416950,37.499365,139.921701,4,-0.084,-0.526,9.509,0.814
1427423417051,37.499365,139.921701,4,-0.124,-0.591,9.617,0.749
1427423417147,37.499364,139.921701,4,-0.142,-0.658,9.594,0.612
1427423417247,37.499364,139.921701,4,-0.172,-0.731,9.499,0.484
1427423417348,37.499363,139.921702,4,-0.189,-0.842,9.432,0.37
1427423417449,37.499362,139.921702,4,-0.135,-0.82,9.525,0.271
1427423417549,37.499362,139.921702,4,-0.013,-0.368,9.822,0.188
1427423417650,37.499362,139.921702,4,0.048,0.101,9.779,0.12
1427423417751,37.499361,139.921702,4,0.045,0.314,9.418,0.067
1427423417851,37.499361,139.921702,4,0.048,0.336,9.137,0.03
1427423417947,37.499361,139.921702,4,0.066,0.268,9.208,0.008
1427423432847,37.499474,139.921339,5,0.069,0.209,9.53,3.549
1427423432948,37.499476,139.921334,5,-0.076,-0.404,9.925,3.525
1427423433048,37.499477,139.92133,5,-0.121,-0.835,9.833,3.5
1427423433149,37.499478,139.921327,5,-0.158,-0.986,9.368,3.447
1427423433250,37.499479,139.921323,5,-0.231,-1.031,9.055,3.394
1427423433350,37.49948,139.92132,5,-0.248,-0.96,8.841,3.342
1427423433451,37.499482,139.921316,5,-0.216,-1.091,9.003,3.29
1427423433547,37.499483,139.921313,5,-0.274,-1.31,9.838,3.242
1427423433648,37.499484,139.92131,5,-0.245,-1.443,10.277,3.192
1427423433748,37.499485,139.921306,5,-0.118,-1.426,9.927,3.143
1427423433849,37.499486,139.921303,5,-0.011,-1.361,9.46,3.094
1427423433950,37.499487,139.9213,5,-0.01,-1.279,9.269,3.047
1427423434050,37.499488,139.921297,4,-0.048,-1.238,9.303,3.0
1427423434151,37.499489,139.921294,4,-0.037,-1.204,9.419,2.974
1427423434247,37.49949,139.921292,4,0.047,-0.927,9.689,2.949
1427423434347,37.499491,139.921289,4,0.123,-0.508,9.898,2.923
1427423434448,37.499492,139.921286,4,0.133,-0.233,9.749,2.898
1427423434549,37.499493,139.921284,4,0.081,-0.106,9.394,2.873
1427423434650,37.499494,139.921281,4,-0.059,0.004,9.079,2.847
1427423434750,37.499495,139.921279,4,-0.212,0.035,8.959,2.823
1427423457848,37.500163,139.921365,4,-0.235,0.049,9.364,2.799
1427423457948,37.500165,139.921365,4,-0.219,-0.238,9.411,2.775
1427423458049,37.500167,139.921366,4,-0.218,-0.504,9.503,2.75
1427423458150,37.500169,139.921367,4,-0.202,-0.668,9.646,2.696
1427423458251,37.500171,139.921367,4,-0.175,-0.746,9.596,2.641
1427423458351,37.500172,139.921368,4,-0.147,-0.767,9.457,2.589
1427423458447,37.500174,139.921368,4,-0.146,-0.799,9.445,2.54
1427423458548,37.500176,139.921369,4,-0.144,-0.841,9.562,2.489
1427423458648,37.500178,139.921369,4,-0.155,-0.872,9.627,2.439
1427423458749,37.500179,139.92137,4,-0.173,-0.88,9.583,2.39
1427423458850,37.500181,139.92137,4,-0.199,-0.862,9.499,2.342
1427423458950,37.500182,139.921371,4,-0.206,-0.847,9.48,2.296
1427423459051,37.500184,139.921371,4,-0.182,-0.821,9.571,2.247
1427423459147,37.500184,139.921371,4,-0.162,-0.784,9.593,1.983
1427423459248,37.500183,139.92137,4,-0.149,-0.725,9.51,1.727
1427423459348,37.500183,139.92137,4,-0.155,-0.683,9.452,1.496
1427423459449,37.500182,139.921369,4,-0.157,-0.65,9.499,1.285
1427423459550,37.500182,139.921369,4,-0.152,-0.567,9.59,1.097
1427423459650,37.500182,139.921369,4,-0.126,-0.458,9.598,0.933
1427423459751,37.500181,139.921368,4,-0.095,-0.369,9.527,0.79
1427423459847,37.500181,139.921368,4,-0.053,-0.317,9.457,0.675
1427423459947,37.500181,139.921368,4,-0.02,-0.289,9.467,0.577
1427423460048,37.500181,139.921368,4,-0.022,-0.286,9.542,0.501
1427423460149,37.500179,139.921367,4,-0.035,-0.275,9.589,0.406
1427423460249,37.500178,139.921366,4,-0.068,-0.267,9.538,0.321
1427423460350,37.500176,139.921365,4,-0.069,-0.183,9.54,0.245
1427423460451,37.500175,139.921365,4,-0.039,-0.06,9.582,0.179
1427423460547,37.500174,139.921364,4,-0.017,0.025,9.556,0.127
1427423460647,37.500173,139.921364,4,0.006,0.096,9.477,0.081
1427423460748,37.500173,139.921363,4,0.018,0.133,9.433,0.046
1427423460849,37.500172,139.921363,4,0.02,0.183,9.509,0.02
1427423460949,37.500172,139.921363,4,0.035,0.253,9.584,0.005
1427423536848,37.49958,139.92414,4,0.006,0.111,9.534,3.299
1427423536949,37.499579,139.924143,4,-0.037,-0.283,9.439,3.274
1427423537050,37.499578,139.924146,4,-0.066,-0.605,9.381,3.25
1427423537150,37.499577,139.924147,4,-0.024,-0.812,9.495,2.97
1427423537251,37.499577,139.924148,4,0.031,-0.953,9.628,2.705
1427423537347,37.499576,139.92415,4,0.075,-1.039,9.666,2.47
1427423537447,37.499576,139.924151,4,0.109,-1.077,9.599,2.243
1427423537548,37.499576,139.924151,4,0.088,-1.101,9.488,2.032
1427423537649,37.499575,139.924152,4,0.054,-1.115,9.454,1.838
1427423537749,37.499575,139.924153,4,0.021,-1.122,9.51,1.665
1427423537850,37.499575,139.924154,4,0.016,-1.118,9.528,1.508
1427423537951,37.499574,139.924154,4,0.036,-1.087,9.537,1.369
1427423538051,37.499574,139.924155,4,0.112,-0.728,9.674,1.249
1427423538147,37.499574,139.924155,4,0.16,-0.403,9.652,1.191
1427423538248,37.499574,139.924156,4,0.186,-0.157,9.444,1.131
1427423538349,37.499573,139.924156,4,0.216,-0.014,9.262,1.074
1427423538449,37.499573,139.924156,4,0.265,0.023,9.301,1.021
1427423538550,37.499573,139.924157,4,0.272,0.001,9.51,0.969
1427423538651,37.499573,139.924157,4,0.267,-0.007,9.672,0.92
1427423538751,37.499572,139.924157,4,0.219,-0.06,9.557,0.873
1427423538847,37.499572,139.924158,4,0.159,-0.162,9.381,0.831
1427423538948,37.499572,139.924158,4,0.135,-0.26,9.399,0.79
1427423539048,37.499572,139.924158,4,0.14,-0.348,9.564,0.751
1427423539149,37.499572,139.924157,4,0.15,-0.427,9.655,0.609
1427423539250,37.499572,139.924156,4,0.151,-0.516,9.533,0.48
1427423539351,37.499572,139.924155,4,0.146,-0.65,9.415,0.366
1427423539451,37.499572,139.924154,4,0.12,-0.78,9.43,0.269
1427423539547,37.499572,139.924154,4,0.084,-0.887,9.507,0.19
1427423539648,37.499572,139.924153,4,0.098,-0.712,9.757,0.121
1427423539748,37.499572,139.924153,4,0.148,-0.264,9.867,0.068
1427423539849,37.499572,139.924152,4,0.167,0.1,9.625,0.03
1427423539950,37.499572,139.924152,4,0.211,0.27,9.262,0.007
1427423575847,37.499554,139.924216,10,0.253,0.15,9.485,1.046
1427423611845,37.499332,139.924987,9,0.251,0.149,9.493,2.299
1427423611850,37.499332,139.924987,9,0.247,0.147,9.499,2.298
1427423611951,37.499331,139.924989,9,0.185,0.105,9.498,2.274
1427423612047,37.49933,139.924991,9,0.136,-0.133,9.535,2.251
1427423612147,37.499329,139.924993,9,0.078,-0.46,9.593,2.224
1427423612248,37.499329,139.924995,9,0.094,-0.62,9.745,2.198
1427423612349,37.499328,139.924996,9,0.172,-0.53,9.832,2.172
1427423612450,37.499327,139.924998,9,0.174,-0.41,9.626,2.146
1427423612550,37.499326,139.925,9,0.12,-0.321,9.405,2.121
1427423612651,37.499326,139.925001,9,0.074,-0.24,9.372,2.096
1427423612747,37.499325,139.925003,9,0.074,-0.129,9.531,2.073
1427423612847,37.499324,139.925005,9,0.13,-0.055,9.619,2.048
1427423612948,37.499324,139.925006,9,0.2,-0.012,9.546,2.024
1427423613049,37.499323,139.925008,9,0.243,0.002,9.433,2.0
1427423613150,37.499323,139.925006,9,0.221,-0.08,9.41,1.62
1427423613250,37.499324,139.925003,9,0.106,-0.422,9.39,1.28
1427423613351,37.499324,139.925001,9,-0.01,-0.908,9.379,0.977
1427423613447,37.499324,139.925,9,0.076,-0.883,9.786,0.727
1427423613547,37.499324,139.924998,9,0.246,-0.325,10.175,0.506
1427423613648,37.499325,139.924997,9,0.278,0.179,9.901,0.323
1427423613749,37.499325,139.924996,9,0.228,0.374,9.274,0.181
1427423764846,37.499272,139.9252,10,0.222,0.47,8.95,2.344
1427423764851,37.499272,139.9252,10,0.226,0.464,8.952,2.342
1427423764947,37.499272,139.925202,10,0.4,-0.455,9.209,2.297
1427423765047,37.499273,139.925205,10,0.54,-1.205,9.274,2.251
1427423765148,37.499274,139.925207,10,0.779,-1.498,9.485,2.195
1427423765249,37.499275,139.925208,10,1.077,-1.686,9.682,2.141
1427423765350,37.499276,139.92521,10,1.342,-1.736,9.592,2.087
1427423765450,37.499277,139.925211,10,1.533,-1.662,9.401,2.035
1427423765551,37.499278,139.925213,10,1.589,-1.607,9.282,1.984
1427423765647,37.499279,139.925214,10,1.523,-1.394,9.487,1.936
1427423765747,37.49928,139.925216,10,1.391,-1.048,9.692,1.888
1427423765848,37.499281,139.925217,10,1.124,-0.628,9.796,1.841
1427423765949,37.499282,139.925219,10,0.755,-0.269,9.677,1.795
1427423766049,37.499283,139.92522,10,0.439,-0.099,9.342,1.75
1427423766150,37.499285,139.925219,10,0.228,0.017,9.204,1.417
1427423766251,37.499286,139.925218,10,0.187,0.131,9.364,1.117
1427423766352,37.499288,139.925217,10,0.18,0.166,9.453,0.853
1427423766447,37.499289,139.925217,10,0.156,0.181,9.499,0.636
1427423766548,37.49929,139.925216,10,0.167,0.132,9.427,0.441
1427423766649,37.499291,139.925216,10,0.136,0.161,9.345,0.281
1427423766749,37.499291,139.925215,10,0.099,0.237,9.44,0.159
1427423766850,37.499292,139.925215,10,0.165,0.216,9.465,0.07
1427423766951,37.499292,139.925215,10,0.256,0.31,9.556,0.017
1427423767147,37.499292,139.925215,10,0.124,0.513,9.493,0.002
1427423767248,37.499292,139.925215,10,-0.057,0.608,9.461,0.01
1427423767348,37.499293,139.925215,10,-0.234,0.637,9.465,0.022
1427423767449,37.499293,139.925215,10,-0.328,0.624,9.464,0.04
1427423767550,37.499294,139.925215,10,-0.388,0.644,9.464,0.062
1427423767651,37.499294,139.925215,10,-0.43,0.681,9.437,0.09
1427423767751,37.499295,139.925215,10,-0.386,0.659,9.399,0.123
1427423767847,37.499296,139.925216,10,-0.294,0.617,9.392,0.159
1427423799847,37.500676,139.925814,11,-0.289,0.611,9.392,6.05
1427423811846,37.501272,139.926125,10,-0.276,0.6,9.39,6.145
1427423821847,37.501884,139.926276,8,-0.257,0.584,9.391,6.348
1427423824848,37.502055,139.926334,9,-0.234,0.567,9.397,6.25
1427423852845,37.503807,139.927157,11,-0.211,0.552,9.403,7.85
1427423852850,37.503807,139.927157,11,-0.195,0.539,9.405,7.848
1427423852950,37.503814,139.927163,11,0.046,0.28,9.592,7.799
1427425368948,37.507032,139.930302,6,-0.755,-0.011,9.739,2.084
1427425369049,37.507033,139.930303,6,-0.372,-0.188,9.649,2.001
1427425369150,37.507034,139.930304,6,-0.234,-0.274,9.504,1.974
1427425369250,37.507036,139.930305,6,-0.213,-0.326,9.531,1.947
1427425369351,37.507037,139.930306,6,-0.194,-0.357,9.649,1.921
1427425369447,37.507038,139.930306,6,-0.197,-0.464,9.584,1.897
1427425369547,37.507039,139.930307,6,-0.157,-0.62,9.512,1.872
1427425369648,37.50704,139.930308,6,-0.169,-0.89,9.456,1.846
1427425369749,37.507042,139.930309,6,-0.199,-1.111,9.548,1.822
1427425393848,37.506927,139.931105,4,-0.067,-0.691,9.997,4.049
1427425393949,37.506926,139.931109,4,0.071,-0.555,10.044,4.025
1427425394050,37.506925,139.931114,4,-0.059,-0.515,9.714,4.0
1427425394150,37.506924,139.931118,4,-0.153,-0.474,9.637,4.0
1427425394251,37.506924,139.931123,4,-0.168,-0.417,9.694,4.0
1427425394347,37.506923,139.931127,4,-0.237,-0.411,9.575,4.0
1427425394448,37.506923,139.931131,4,-0.16,-0.347,9.495,4.0
1427425394548,37.506922,139.931135,4,-0.126,-0.353,9.613,4.0
1427425394649,37.506921,139.93114,4,-0.061,-0.384,9.94,4.0
1427425394750,37.506921,139.931144,4,0.051,-0.378,9.893,4.0
1427425394850,37.50692,139.931148,4,0.064,-0.388,9.801,4.0
1427425394951,37.50692,139.931153,4,0.012,-0.256,9.649,4.0
1427425395047,37.506919,139.931157,4,-0.074,-0.333,9.648,4.0
1427425395147,37.506919,139.931159,4,-0.117,-0.415,10.07,3.787
1427425395248,37.506919,139.931162,4,-0.047,-0.457,9.98,3.576
1427425395349,37.506918,139.931164,4,0.033,-0.443,9.577,3.374
1427425395450,37.506918,139.931166,4,0.07,-0.463,9.519,3.182
1427425395550,37.506918,139.931168,4,0.015,-0.507,9.81,3.002
1427425395651,37.506918,139.93117,4,-0.11,-0.405,9.781,2.831
1427425395747,37.506917,139.931172,4,-0.118,-0.354,9.28,2.677
1427425395848,37.506917,139.931174,4,0.025,-0.352,9.056,2.525
1427425395948,37.506917,139.931175,4,0.054,-0.487,9.323,2.384
1427425396049,37.506917,139.931177,4,-0.033,-0.797,9.762,2.251
1427425396150,37.506917,139.931178,4,-0.2,-1.095,10.085,2.124
1427425396250,37.506917,139.931179,4,-0.203,-1.313,10.065,2.004
1427425396351,37.506916,139.931181,4,-0.052,-1.424,9.819,1.889
1427425396447,37.506916,139.931182,4,0.157,-1.442,9.673,1.785
1427425396547,37.506916,139.931183,4,0.264,-1.367,9.574,1.682
1427425396648,37.506916,139.931184,4,0.13,-1.376,9.592,1.583
1427425396749,37.506915,139.931185,4,-0.108,-1.345,9.666,1.491
1427425396849,37.506915,139.931185,4,-0.3,-1.234,9.682,1.405
1427425396950,37.506915,139.931186,4,-0.241,-0.849,9.732,1.324
1427425397051,37.506915,139.931187,4,-0.074,-0.435,9.658,1.248
1427425397147,37.506914,139.931186,4,0.084,-0.11,9.475,1.019
1427425397247,37.506914,139.931185,4,0.18,0.057,9.241,0.806
1427425397348,37.506913,139.931183,4,0.204,0.089,9.234,0.616
1427425397449,37.506913,139.931183,4,0.149,0.07,9.513,0.452
1427425397549,37.506913,139.931182,4,0.152,0.083,9.814,0.314
1427425397650,37.506912,139.931181,4,0.204,0.203,9.879,0.2
1427425397751,37.506912,139.931181,4,0.298,0.322,9.657,0.112
1427425409846,37.507038,139.931288,4,0.255,0.628,9.662,1.75
1427425409851,37.507038,139.931288,4,0.257,0.634,9.665,1.75
1427425409951,37.507039,139.931289,4,0.186,0.297,9.661,1.75
1427425410047,37.507041,139.93129,4,0.121,0.062,9.577,1.75
1427425410148,37.507042,139.931291,4,0.085,-0.058,9.497,1.75
1427425410249,37.507044,139.931292,4,0.057,-0.12,9.477,1.75
1427425410349,37.507045,139.931292,4,0.008,-0.169,9.608,1.75
1427425410450,37.507047,139.931293,4,-0.019,-0.206,9.67,1.75
1427425410551,37.507048,139.931294,4,-0.033,-0.268,9.587,1.75
1427425410651,37.507049,139.931295,4,-0.042,-0.448,9.575,1.75
1427425410747,37.507051,139.931296,4,-0.014,-0.613,9.646,1.75
1427425410848,37.507052,139.931296,4,0.002,-0.764,9.769,1.75
1427425410949,37.507054,139.931297,4,0.036,-0.855,9.833,1.75
1427425411049,37.507055,139.931298,4,0.029,-0.922,9.72,1.75
1427425411150,37.507055,139.931299,4,-0.005,-0.956,9.597,1.417
1427425411251,37.507054,139.9313,4,-0.044,-0.994,9.516,1.117
1427425411351,37.507054,139.931301,4,-0.052,-1.044,9.561,0.855
1427425411447,37.507054,139.931301,4,0.003,-0.948,9.725,0.636
1427425411548,37.507053,139.931302,4,0.123,-0.523,9.894,0.441
1427425411648,37.507053,139.931302,4,0.223,-0.024,9.83,0.283
1427425411749,37.507053,139.931303,4,0.223,0.224,9.417,0.159
1427425411850,37.507053,139.931303,4,0.177,0.278,9.136,0.07
1427425411951,37.507053,139.931303,4,0.144,0.276,9.247,0.017
1427425424846,37.507177,139.931366,8,0.168,0.087,9.501,2.25
1427425474848,37.50719,139.932129,4,0.167,0.088,9.501,1.085
1427425474948,37.507189,139.932129,4,0.1,-0.153,9.526,1.042
1427425475049,37.507189,139.93213,4,0.062,-0.283,9.546,1.0
1427425475150,37.507189,139.932131,4,0.038,-0.373,9.525,0.935
1427425475251,37.507189,139.932131,4,-0.008,-0.385,9.541,0.873
1427425475351,37.507189,139.932131,4,-0.058,-0.348,9.527,0.814
1427425475447,37.507189,139.932132,4,-0.078,-0.303,9.555,0.762
1427425475548,37.507188,139.932132,4,-0.056,-0.233,9.608,0.709
1427425475648,37.507188,139.932133,4,-0.01,-0.118,9.702,0.661
1427425475749,37.507188,139.932133,4,0.04,-0.029,9.695,0.615
1427425475850,37.507188,139.932133,4,0.061,0.031,9.567,0.573
1427425475951,37.507188,139.932134,4,0.066,0.04,9.483,0.535
1427425476051,37.507188,139.932134,5,0.059,0.049,9.491,0.5
1427425476147,37.507188,139.932134,5,0.03,0.023,9.518,0.468
1427425476248,37.507188,139.932135,5,-0.005,0.027,9.539,0.437
1427425476348,37.507187,139.932135,5,-0.017,0.094,9.556,0.408
1427425476449,37.507187,139.932135,5,-0.005,0.108,9.587,0.38
1427425476550,37.507187,139.932136,5,0.041,0.115,9.666,0.354
1427425476650,37.507187,139.932136,5,0.079,0.102,9.625,0.33
1427425476751,37.507186,139.932136,5,0.068,0.015,9.533,0.307
1427425476847,37.507186,139.932137,5,-0.025,-0.361,9.309,0.287
1427425571845,37.506753,139.933918,12,-0.036,-0.39,9.301,5.599
1427425571850,37.506753,139.933918,12,-0.042,-0.414,9.296,5.597
1427425571950,37.506752,139.933924,12,-0.048,-0.575,9.227,5.548
1427425572051,37.506751,139.93393,10,-0.025,-0.482,9.284,5.499
1427425572147,37.50675,139.933935,10,0.029,-0.466,9.448,5.422
1427425572247,37.506748,139.933941,10,0.062,-0.547,9.583,5.344
1427425572348,37.506747,139.933946,10,-0.026,-0.618,9.677,5.265
1427425572449,37.506745,139.933952,10,-0.103,-0.568,9.624,5.188
1427425572550,37.506744,139.933957,10,-0.163,-0.531,9.458,5.111
1427425572650,37.506742,139.933962,10,-0.114,-0.541,9.463,5.037
1427425572751,37.506741,139.933967,10,-0.062,-0.623,9.614,4.963
1427425572847,37.50674,139.933972,10,-0.059,-0.73,9.601,4.893
1427425572947,37.506738,139.933977,10,-0.167,-0.761,9.554,4.822
1427425573048,37.506737,139.933982,10,-0.227,-0.78,9.526,4.751
1427425573149,37.506734,139.933986,12,-0.218,-0.854,9.723,4.641
1427425573250,37.506732,139.933989,12,-0.136,-0.903,9.791,4.531
1427425573350,37.506729,139.933993,12,-0.045,-0.898,9.571,4.425
1427425573451,37.506727,139.933996,12,-0.056,-0.934,9.376,4.321
1427425573547,37.506724,139.933999,12,-0.152,-0.945,9.422,4.224
1427425573647,37.506722,139.934003,12,-0.244,-0.971,9.563,4.125
1427425573748,37.50672,139.934006,12,-0.273,-0.944,9.777,4.027
1427425573849,37.506717,139.934009,12,-0.215,-0.867,9.52,3.932
1427425573949,37.506715,139.934012,12,-0.16,-0.852,9.387,3.84
1427425574050,37.506713,139.934015,12,-0.091,-0.901,9.464,3.75
1427425574151,37.506713,139.934019,12,-0.057,-0.971,9.546,3.696
1427425574247,37.506713,139.934023,12,-0.097,-1.079,9.613,3.646
1427425574347,37.506713,139.934027,12,-0.1,-1.072,9.688,3.594
1427425574448,37.506713,139.93403,12,-0.123,-1.026,9.614,3.542
1427425574549,37.506712,139.934034,12,-0.17,-0.968,9.594,3.492
1427425574649,37.506712,139.934038,12,-0.22,-0.912,9.607,3.442
1427425574750,37.506712,139.934041,12,-0.272,-0.815,9.652,3.393
1427425574851,37.506712,139.934045,12,-0.231,-0.566,9.818,3.344
1427425574947,37.506712,139.934048,12,-0.139,-0.323,9.816,3.298
1427425575047,37.506712,139.934052,12,0.002,-0.144,9.635,3.251
1427425575148,37.506711,139.934054,11,0.128,-0.051,9.362,3.136
1427425575249,37.50671,139.934056,11,0.108,-0.026,9.355,3.022
1427425575349,37.506709,139.934057,11,0.027,0.017,9.622,2.913
1427425575450,37.506708,139.934059,11,-0.029,0.078,9.771,2.806
1427425575551,37.506707,139.934061,11,-0.029,0.093,9.621,2.704
1427425575651,37.506706,139.934062,11,0.013,0.056,9.462,2.605
1427425575747,37.506705,139.934064,11,0.005,0.084,9.542,2.515
1427425575848,37.506705,139.934065,11,0.027,0.076,9.577,2.423
1427425578844,37.506691,139.934118,11,0.024,0.074,9.572,1.376
1427425578849,37.506691,139.934119,11,0.021,0.071,9.569,1.373
1427425578950,37.506692,139.934119,11,-0.077,-0.455,9.651,1.309
1427425579050,37.506692,139.93412,11,-0.128,-0.781,9.731,1.25
1427425579151,37.506692,139.934118,11,-0.032,-0.406,10.028,1.01
1427425579247,37.506693,139.934116,11,0.102,0.197,10.023,0.806
1427425579347,37.506693,139.934115,11,0.138,0.497,9.502,0.618
1427425579448,37.506693,139.934114,11,0.106,0.471,8.99,0.453
1427425579549,37.506693,139.934113,11,0.057,0.448,9.067,0.314
1427425579650,37.506694,139.934112,11,0.039,0.406,9.517,0.2
1427425579750,37.506694,139.934111,11,0.056,0.245,9.85,0.112
1427425599847,37.505806,139.933992,13,0.05,0.069,9.8,4.3
1427425599947,37.505803,139.933992,13,0.144,-0.135,9.745,4.275
1427425600048,37.505801,139.933991,13,0.03,-0.264,9.576,4.25
1427425600149,37.505798,139.933991,13,-0.019,-0.352,9.667,4.198
1427425600249,37.505795,139.933991,13,-0.008,-0.423,9.643,4.146
1427425600350,37.505791,139.933991,13,-0.013,-0.574,9.542,4.093
1427425600451,37.505788,139.933991,13,-0.09,-0.706,9.464,4.042
1427425600552,37.505785,139.93399,13,-0.152,-0.716,9.463,3.991
1427425600647,37.505782,139.93399,13,-0.159,-0.714,9.572,3.944
1427425600749,37.505779,139.93399,13,-0.134,-0.741,9.698,3.894
1427425600849,37.505776,139.93399,13,-0.109,-0.762,9.635,3.845
1427425600949,37.505773,139.93399,13,-0.049,-0.678,9.504,3.798
1427425601050,37.50577,139.93399,12,-0.006,-0.587,9.618,3.75
1427425601151,37.505767,139.93399,12,0.023,-0.519,9.647,3.696
1427425601251,37.505764,139.933989,12,-0.012,-0.463,9.496,3.644
1427425601347,37.505762,139.933989,12,-0.014,-0.39,9.461,3.594
1427425601448,37.505759,139.933989,12,0.028,-0.308,9.596,3.542
1427425601548,37.505756,139.933988,12,0.058,-0.229,9.662,3.492
1427425601649,37.505753,139.933988,12,0.08,-0.15,9.552,3.442
1427425601750,37.505751,139.933988,12,0.062,-0.138,9.446,3.393
1427425601851,37.505748,139.933988,12,0.011,-0.255,9.587,3.344
1427425601951,37.505746,139.933987,12,-0.087,-0.335,9.532,3.296
1427425602047,37.505743,139.933987,12,-0.136,-0.349,9.349,3.251
1427425602148,37.50574,139.933987,12,-0.11,-0.445,9.425,3.168
1427425602248,37.505736,139.933987,12,-0.04,-0.571,9.661,3.086
1427425602349,37.505733,139.933987,12,0.027,-0.716,9.66,3.005
1427425602450,37.50573,139.933987,12,0.035,-0.867,9.592,2.927
1427425602551,37.505726,139.933987,12,0.021,-0.94,9.584,2.85
1427425602651,37.505723,139.933987,12,-0.011,-0.956,9.503,2.776
1427425602747,37.505721,139.933987,12,-0.09,-0.99,9.406,2.707
1427425602848,37.505718,139.933987,12,-0.047,-1.032,9.485,2.636
1427425602948,37.505715,139.933987,12,0.018,-1.132,9.836,2.568
1427425603049,37.505712,139.933987,12,0.084,-1.195,10.03,2.501
1427425603150,37.505712,139.933989,13,0.2,-1.183,9.863,2.377
1427425603250,37.505712,139.93399,13,0.231,-1.278,9.757,2.26
1427425603351,37.505712,139.933992,13,0.191,-1.353,9.765,2.146
1427425603447,37.505712,139.933993,13,0.1,-1.353,9.55,2.043
1427425603548,37.505712,139.933994,13,-0.091,-1.374,9.279,1.94
1427425603648,37.505712,139.933996,13,-0.224,-1.382,9.23,1.842
1427425603749,37.505712,139.933997,13,-0.287,-1.413,9.338,1.748
1427425603850,37.505712,139.933998,13,-0.251,-1.436,9.473,1.66
1427425603950,37.505712,139.933999,13,-0.133,-1.128,9.722,1.578
1427425604051,37.505712,139.934,13,-0.048,-0.686,9.752,1.497
1427425604147,37.505712,139.934,13,-0.043,-0.337,9.524,1.223
1427425604248,37.505712,139.934,13,-0.055,-0.081,9.252,0.965
1427425604348,37.505713,139.933999,13,-0.009,0.052,9.222,0.739
1427425604449,37.505713,139.933999,13,0.09,-0.047,9.425,0.542
1427425604550,37.505713,139.933999,13,0.153,-0.421,9.552,0.375
1427425604650,37.505713,139.933999,13,0.142,-0.863,9.579,0.24
1427425604751,37.505713,139.933999,13,0.013,-1.196,9.646,0.134
1427425604847,37.505713,139.933999,13,-0.061,-1.069,9.907,0.062
1427425604947,37.505713,139.933999,13,-0.025,-0.432,10.076,0.016
1427425675846,37.503042,139.936112,8,0.23,0.186,9.555,3.432
1427425680846,37.502945,139.936161,5,0.227,0.19,9.548,2.049
1427425680851,37.502945,139.936161,5,0.221,0.188,9.542,2.047
1427425680947,37.502943,139.936162,5,0.105,0.002,9.506,2.024
1427425681047,37.502942,139.936163,5,0.068,-0.114,9.408,2.001
1427425681148,37.502941,139.936164,4,0.016,-0.189,9.428,1.974
1427425681249,37.50294,139.936165,4,-0.028,-0.207,9.53,1.948
1427425681350,37.502939,139.936166,4,0.012,-0.199,9.598,1.921
1427425681450,37.502938,139.936168,4,0.056,-0.199,9.598,1.896
1427425681551,37.502937,139.936169,4,0.011,-0.219,9.544,1.871
1427425681647,37.502936,139.93617,4,-0.052,-0.231,9.519,1.847
1427425681747,37.502935,139.936171,4,-0.068,-0.213,9.569,1.822
1427425681848,37.502934,139.936172,4,-0.025,-0.219,9.643,1.798
1427425681949,37.502933,139.936173,4,0.032,-0.249,9.571,1.774
1427425682049,37.502932,139.936174,4,0.018,-0.264,9.506,1.75
1427425682150,37.502934,139.936174,4,-0.014,-0.237,9.578,1.417
1427425682251,37.502936,139.936174,4,0.015,-0.224,9.646,1.117
1427425682351,37.502937,139.936175,4,0.051,-0.236,9.54,0.855
1427425682447,37.502938,139.936175,4,-0.006,-0.23,9.478,0.636
1427425682548,37.502939,139.936175,4,-0.064,-0.22,9.495,0.441
1427425682649,37.50294,139.936175,4,-0.042,-0.207,9.619,0.281
1427425682749,37.502941,139.936175,4,-0.008,-0.24,9.6,0.159
1427425682850,37.502942,139.936175,4,-0.019,-0.285,9.526,0.07
1427425682951,37.502942,139.936175,4,-0.042,-0.27,9.501,0.017
1427425728848,37.502652,139.937735,5,0.103,0.282,9.583,4.5
1427425728949,37.502649,139.937738,5,0.739,-0.19,9.414,4.5
1427425729050,37.502645,139.937741,5,1.22,-0.363,9.378,4.5
1427425729151,37.502642,139.937743,5,1.582,-0.185,9.54,4.474
1427425729251,37.502639,139.937744,5,2.014,-0.044,8.886,4.449
1427425729347,37.502636,139.937746,5,2.077,-0.094,9.222,4.424
1427425729448,37.502632,139.937747,5,2.049,-0.291,10.014,4.399
1427425729548,37.502629,139.937749,5,2.106,-0.582,10.314,4.374
1427425729649,37.502626,139.937751,5,2.319,-0.627,9.628,4.349
1427425729750,37.502623,139.937752,5,2.381,-0.701,9.272,4.324
1427425729851,37.50262,139.937754,5,2.505,-0.87,9.523,4.299
1427425729951,37.502617,139.937755,5,2.492,-1.129,9.538,4.274
1427425730047,37.502614,139.937757,5,2.395,-1.159,9.425,4.251
1427425730148,37.50261,139.937758,5,2.355,-1.235,9.563,4.225
1427425730248,37.502606,139.937759,5,2.284,-1.298,10.209,4.199
1427425730349,37.502602,139.937759,5,2.107,-1.182,10.55,4.174
1427425730450,37.502598,139.93776,5,1.741,-1.079,10.096,4.148
1427425730550,37.502594,139.937761,5,1.216,-0.914,9.425,4.123
1427425730651,37.50259,139.937762,5,0.696,-0.678,8.931,4.098
1427425730747,37.502587,139.937763,5,0.39,-0.527,8.916,4.074
1427425730847,37.502583,139.937763,5,0.321,-0.5,9.528,4.05
1427425730948,37.502579,139.937764,5,0.631,-0.465,9.735,4.025
1427425731049,37.502575,139.937765,5,0.919,-0.503,9.959,4.0
1427425731150,37.502571,139.937765,5,1.284,-0.555,9.913,4.0
1427425731250,37.502567,139.937765,5,1.564,-0.516,9.775,4.0
1427425731351,37.502563,139.937765,5,1.642,-0.456,9.584,4.0
1427425731447,37.502559,139.937765,5,1.602,-0.414,9.489,4.0
1427425731547,37.502555,139.937766,5,1.367,-0.317,9.622,4.0
1427425731648,37.502551,139.937766,5,1.128,-0.299,9.573,4.0
1427425731749,37.502547,139.937766,5,0.923,-0.165,9.604,4.0
1427425745848,37.501905,139.937415,5,0.581,-0.128,9.606,5.449
1427425745949,37.5019,139.937412,5,0.145,-0.274,9.757,5.474
1427425746049,37.501895,139.93741,5,-0.005,-0.228,9.496,5.5
1427425746150,37.501891,139.937408,5,-0.029,-0.224,9.591,5.5
1427425746251,37.501887,139.937406,5,-0.096,-0.202,9.758,5.5
1427425746347,37.501883,139.937403,5,-0.211,-0.162,9.593,5.5
1427425746447,37.50188,139.937401,5,-0.353,-0.123,9.36,5.5
1427425746548,37.501876,139.937399,5,-0.419,-0.053,9.36,5.5
1427425746649,37.501872,139.937397,5,-0.373,-0.103,9.48,5.5
1427425746749,37.501868,139.937395,5,-0.253,-0.161,9.529,5.5
1427425786846,37.49968,139.936378,6,-0.225,-0.141,9.53,5.849
1427425789847,37.499548,139.936322,5,-0.23,-0.132,9.527,5.3
1427425789948,37.499544,139.93632,5,-0.257,-0.328,9.607,5.275
1427425790049,37.49954,139.936318,5,-0.251,-0.46,9.511,5.25
1427425790149,37.499536,139.936316,5,-0.197,-0.517,9.373,5.171
1427425790250,37.499532,139.936315,5,-0.201,-0.581,9.579,5.091
1427425790351,37.499528,139.936313,5,-0.248,-0.545,9.343,5.012
1427425790452,37.499524,139.936311,5,-0.221,-0.487,9.33,4.935
1427425790547,37.49952,139.93631,5,-0.191,-0.536,9.661,4.863
1427425790648,37.499517,139.936308,5,-0.144,-0.507,9.711,4.788
1427425790749,37.499513,139.936307,5,-0.134,-0.493,9.508,4.714
1427425790849,37.499509,139.936305,5,-0.157,-0.503,9.479,4.641
1427425790950,37.499506,139.936303,5,-0.147,-0.46,9.556,4.57
1427425791051,37.499502,139.936302,5,-0.171,-0.417,9.681,4.499
1427425791151,37.499498,139.9363,5,-0.131,-0.269,9.574,4.447
1427425791247,37.499495,139.936298,5,-0.036,-0.143,9.285,4.397
1427425791348,37.499492,139.936296,5,-0.052,0.02,9.193,4.345
1427425791449,37.499488,139.936295,5,0.141,-0.037,9.724,4.293
1427425791549,37.499485,139.936293,5,0.235,-0.077,9.686,4.243
1427425791650,37.499482,139.936291,5,0.214,-0.051,9.56,4.193
1427425791751,37.499478,139.936289,5,0.336,-0.0,9.418,4.143
1427425794847,37.499422,139.936174,11,0.5,-0.049,9.47,4.0
1427425794948,37.499423,139.936168,11,1.001,-0.428,9.765,4.0
1427425795049,37.499424,139.936162,11,1.294,-0.641,9.777,4.0
1427425795150,37.499427,139.936157,11,1.33,-0.633,9.56,4.024
1427425795250,37.499429,139.936152,11,1.339,-0.473,9.574,4.049
1427425795351,37.499432,139.936147,11,1.337,-0.186,9.64,4.074
1427425795447,37.499435,139.936142,11,1.315,0.051,9.358,4.097
1427425795547,37.499438,139.936137,11,1.366,0.115,8.841,4.122
1427425795648,37.499441,139.936132,11,1.343,-0.018,8.924,4.148
1427425795749,37.499443,139.936127,11,1.366,-0.046,9.666,4.173
1427425805845,37.499603,139.93552,5,1.403,-0.037,9.836,5.145
1427425805850,37.499604,139.935519,5,1.395,-0.04,9.828,5.142
1427425805951,37.499605,139.935514,5,0.776,-0.021,9.667,5.07
1427425806051,37.499606,139.935509,5,0.423,0.024,9.566,5.0
1427425806147,37.499607,139.935504,5,0.263,0.018,9.42,5.0
1427425806248,37.499608,139.935498,5,0.103,0.043,9.527,5.0
1427425806348,37.499608,139.935492,5,0.137,0.047,9.634,5.0
1427425806449,37.499609,139.935487,5,0.118,0.032,9.468,5.0
1427425806550,37.49961,139.935481,5,0.09,0.05,9.657,5.0
1427425806650,37.499611,139.935475,5,0.107,0.025,9.423,5.0
1427425806751,37.499612,139.93547,5,0.02,0.028,9.417,5.0
1427425806847,37.499612,139.935464,5,-0.016,-0.001,9.467,5.0
1427425808846,37.499641,139.935347,4,-0.017,0.003,9.467,5.448
1427425822844,37.499837,139.934433,5,-0.016,0.008,9.463,5.801
1427425822849,37.499837,139.934432,5,-0.013,0.01,9.455,5.799
1427425822950,37.499839,139.934426,5,-0.02,-0.199,9.384,5.775
1427425823051,37.49984,139.934419,6,-0.039,-0.391,9.523,5.75
1427425823151,37.499841,139.934412,6,-0.048,-0.559,9.546,5.75
1427425823247,37.499843,139.934406,6,-0.065,-0.592,9.462,5.75
1427425823348,37.499844,139.934399,6,-0.073,-0.598,9.45,5.75
1427425823449,37.499846,139.934392,6,-0.076,-0.583,9.451,5.75
1427425823549,37.499847,139.934386,6,-0.016,-0.556,9.475,5.75
1427425823650,37.499848,139.934379,6,-0.029,-0.544,9.618,5.75
1427425823751,37.49985,139.934372,6,-0.056,-0.484,9.583,5.75
1427425823851,37.499851,139.934365,6,-0.044,-0.435,9.444,5.75
1427425823947,37.499853,139.934359,6,-0.005,-0.42,9.483,5.75
1427425824048,37.499854,139.934352,6,-0.021,-0.427,9.66,5.75
1427425824148,37.499855,139.934346,6,-0.049,-0.415,9.691,5.699
1427425824249,37.499857,139.93434,6,-0.053,-0.386,9.523,5.647
1427425824350,37.499858,139.934334,6,-0.014,-0.375,9.51,5.595
1427425824451,37.499859,139.934328,6,0.051,-0.392,9.545,5.544
1427425824551,37.499861,139.934322,6,0.092,-0.417,9.623,5.494
1427425824647,37.499862,139.934316,6,0.116,-0.408,9.666,5.446
1427425824748,37.499863,139.93431,6,0.094,-0.411,9.533,5.396
1427425824848,37.499864,139.934304,6,0.056,-0.346,9.517,5.347
1427425824949,37.499866,139.934299,6,0.007,-0.35,9.386,5.298
1427425825050,37.499867,139.934293,5,-0.031,-0.342,9.442,5.25
1427425825151,37.499869,139.934288,5,-0.001,-0.365,9.627,5.197
1427425825251,37.499871,139.934284,5,-0.016,-0.355,9.554,5.145
1427425825347,37.499872,139.934279,5,-0.016,-0.374,9.393,5.096
1427425825448,37.499874,139.934275,5,-0.047,-0.394,9.507,5.045
1427425825548,37.499876,139.934271,5,-0.056,-0.421,9.555,4.995
1427425825649,37.499877,139.934266,5,-0.047,-0.502,9.507,4.944
1427425825750,37.499879,139.934262,5,-0.075,-0.577,9.492,4.895
1427425825850,37.499881,139.934257,5,-0.108,-0.61,9.488,4.846
1427425825951,37.499882,139.934253,5,-0.152,-0.68,9.448,4.797
1427425826047,37.499884,139.934249,5,-0.174,-0.706,9.411,4.751
1427425826148,37.499885,139.934244,5,-0.169,-0.723,9.504,4.725
1427425826248,37.499886,139.934238,5,-0.157,-0.726,9.596,4.699
1427425826349,37.499887,139.934233,5,-0.12,-0.727,9.416,4.674
1427425826450,37.499888,139.934227,5,-0.135,-0.681,9.48,4.648
1427425826550,37.499889,139.934222,5,-0.092,-0.785,9.54,4.623
1427425826651,37.499889,139.934217,5,-0.189,-0.866,9.544,4.598
1427425826747,37.49989,139.934212,5,-0.164,-0.871,9.543,4.574
1427425826847,37.499891,139.934207,5,-0.116,-0.926,9.501,4.55
1427425826948,37.499892,139.934201,5,-0.166,-0.997,9.404,4.525
1427425827049,37.499893,139.934196,5,-0.236,-1.016,9.422,4.5
1427425827150,37.499894,139.934192,5,-0.215,-1.025,9.583,4.389
1427425827250,37.499895,139.934188,5,-0.152,-1.115,9.573,4.28
1427425827351,37.499895,139.934184,5,-0.15,-1.168,9.621,4.173
1427425827447,37.499896,139.934181,5,-0.112,-1.141,9.659,4.073
1427425827547,37.499897,139.934177,5,-0.072,-1.173,9.598,3.972
1427425827648,37.499897,139.934173,5,-0.155,-1.171,9.536,3.872
1427425827749,37.499898,139.93417,5,-0.215,-1.135,9.648,3.775
1427425827849,37.499899,139.934167,5,-0.242,-1.145,9.555,3.681
1427425827950,37.499899,139.934163,5,-0.286,-1.132,9.461,3.589
1427425828051,37.4999,139.93416,6,-0.318,-1.113,9.496,3.499
1427425828147,37.499901,139.934157,6,-0.23,-1.088,9.552,3.419
1427425828247,37.499901,139.934155,6,-0.157,-1.129,9.424,3.338
1427425828348,37.499902,139.934152,6,-0.146,-1.159,9.523,3.258
1427425828449,37.499903,139.934149,6,-0.156,-1.149,9.66,3.179
1427425828549,37.499903,139.934147,6,-0.113,-1.149,9.544,3.103
1427425828650,37.499904,139.934144,6,-0.167,-1.146,9.374,3.028
1427425828747,37.499904,139.934142,6,-0.243,-1.11,9.44,2.958
1427425828852,37.499905,139.934139,6,-0.227,-1.093,9.511,2.884
1427425828947,37.499905,139.934137,6,-0.204,-1.166,9.509,2.819
1427425829048,37.499906,139.934135,6,-0.262,-1.19,9.609,2.751
1427425829149,37.499907,139.934133,7,-0.191,-1.048,9.599,2.696
1427425829249,37.499908,139.934131,7,-0.127,-0.905,9.518,2.643
1427425829350,37.499909,139.934129,7,-0.136,-0.772,9.487,2.59
1427425829451,37.499909,139.934127,7,-0.11,-0.626,9.517,2.537
1427425829551,37.49991,139.934126,7,-0.097,-0.558,9.546,2.487
1427425829647,37.499911,139.934124,7,-0.152,-0.583,9.482,2.439
1427425829748,37.499912,139.934122,7,-0.186,-0.541,9.502,2.39
1427425829849,37.499913,139.93412,7,-0.12,-0.475,9.591,2.342
1427425829949,37.499913,139.934119,7,-0.044,-0.47,9.488,2.296
1427425830050,37.499914,139.934117,7,-0.056,-0.48,9.441,2.25
1427425830151,37.499914,139.934114,7,-0.082,-0.456,9.554,2.08
1427425830251,37.499914,139.934112,7,-0.065,-0.495,9.548,1.922
1427425830347,37.499914,139.93411,7,-0.11,-0.543,9.418,1.778
1427425830448,37.499914,139.934108,7,-0.152,-0.557,9.461,1.637
1427425830548,37.499915,139.934106,7,-0.118,-0.59,9.587,1.507
1427425830649,37.499915,139.934104,7,-0.11,-0.721,9.51,1.386
1427425830750,37.499915,139.934102,7,-0.17,-0.825,9.468,1.274
1427425830851,37.499915,139.934101,7,-0.159,-0.864,9.543,1.172
1427425830951,37.499915,139.934099,7,-0.104,-0.895,9.59,1.081
1427425831047,37.499915,139.934098,7,-0.082,-1.005,9.506,1.002
1427425831148,37.499915,139.934096,6,-0.139,-1.051,9.514,0.814
1427425831248,37.499915,139.934095,6,-0.215,-1.043,9.513,0.643
1427425831349,37.499914,139.934093,6,-0.216,-1.065,9.531,0.491
1427425831450,37.499914,139.934092,6,-0.191,-1.13,9.539,0.36
1427425831550,37.499914,139.934091,6,-0.199,-1.188,9.463,0.25
1427425831651,37.499914,139.93409,6,-0.212,-1.211,9.467,0.159
1427425831747,37.499914,139.93409,6,-0.196,-1.233,9.554,0.092
1427425831848,37.499914,139.934089,6,-0.122,-1.033,9.753,0.041
1427425831948,37.499914,139.934089,6,-0.053,-0.553,9.846,0.01
1427425862846,37.500018,139.93376,5,-0.038,-0.05,9.529,3.935
1427425862851,37.500018,139.93376,5,-0.047,-0.063,9.525,3.93
1427425862951,37.50002,139.933757,5,-0.476,-0.537,9.578,3.839
1427425863047,37.500022,139.933755,5,-0.8,-0.919,9.484,3.753
1427425863148,37.500022,139.933751,5,-0.992,-1.1,9.398,3.638
1427425863248,37.500022,139.933748,5,-1.163,-1.224,9.238,3.528
1427425863349,37.500023,139.933744,5,-1.335,-1.36,9.608,3.419
1427425863450,37.500023,139.933741,5,-1.385,-1.369,9.848,3.313
1427425863550,37.500023,139.933738,5,-1.503,-1.179,9.6,3.212
1427425863651,37.500023,139.933735,5,-1.67,-0.933,9.368,3.112
1427425863747,37.500023,139.933732,5,-1.693,-0.678,9.407,3.021
1427425863848,37.500024,139.933729,5,-1.762,-0.513,9.49,2.927
1427425863948,37.500024,139.933726,5,-1.86,-0.416,9.345,2.838
1427425864049,37.500024,139.933723,5,-2.013,-0.421,9.263,2.751
1427425864150,37.500024,139.93372,5,-2.104,-0.511,9.521,2.696
1427425864250,37.500024,139.933718,5,-2.229,-0.606,9.795,2.642
1427425864351,37.500023,139.933715,5,-2.258,-0.657,9.791,2.589
1427425864447,37.500023,139.933713,5,-2.187,-0.701,9.634,2.54
1427425864548,37.500023,139.93371,5,-2.11,-0.715,9.325,2.489
1427425864648,37.500023,139.933708,5,-2.2,-0.791,9.029,2.439
1427425864749,37.500023,139.933706,5,-2.169,-0.969,9.277,2.39
1427425864850,37.500022,139.933703,5,-2.14,-1.135,9.889,2.342
1427425864950,37.500022,139.933701,5,-2.246,-1.028,9.231,2.296
1427425865051,37.500022,139.933699,6,-2.228,-1.017,9.04,2.251
1427425865147,37.500018,139.933698,6,-2.331,-1.096,9.082,2.347
1427425865247,37.500015,139.933697,6,-1.981,-1.116,9.585,2.453
1427425865348,37.500011,139.933696,6,-1.757,-1.204,10.256,2.566
1427425865449,37.500006,139.933694,6,-1.62,-1.096,10.032,2.684
1427425865549,37.500002,139.933693,6,-1.617,-0.947,9.374,2.806
1427425865650,37.499997,139.933692,6,-1.71,-0.9,9.023,2.935
1427425865751,37.499993,139.93369,6,-1.63,-0.891,8.937,3.069
1427425865847,37.499988,139.933689,6,-1.35,-0.831,9.381,3.202
1427425865947,37.499983,139.933688,6,-1.04,-0.822,9.903,3.346
1427425866048,37.499977,139.933686,6,-0.687,-0.7,10.119,3.497
1427425866149,37.499974,139.933685,6,-0.319,-0.379,9.722,3.5
1427425866249,37.499971,139.933683,6,-0.153,-0.213,9.013,3.5
1427425866350,37.499968,139.933682,6,-0.375,-0.179,8.842,3.5
1427425866451,37.499965,139.933681,6,-0.677,-0.173,9.0,3.5
1427425866547,37.499963,139.93368,6,-0.789,-0.258,9.418,3.5
1427425866647,37.49996,139.933678,6,-0.574,-0.287,9.914,3.5
1427425866748,37.499957,139.933677,6,-0.139,-0.204,10.059,3.5
1427425866849,37.499954,139.933676,6,0.206,-0.19,9.576,3.5
1427425866949,37.499951,139.933674,6,0.356,-0.18,9.18,3.5
1427425867050,37.499948,139.933673,5,0.299,-0.176,9.249,3.5
1427425867151,37.499945,139.933672,5,0.148,-0.151,9.631,3.474
1427425867251,37.499942,139.933672,5,-0.028,-0.096,10.003,3.448
1427425867347,37.499939,139.933671,5,-0.175,-0.099,10.095,3.424
1427425867448,37.499935,139.933671,5,-0.162,-0.039,9.709,3.398
1427425867549,37.499932,139.93367,5,-0.082,0.063,9.144,3.373
1427425867649,37.499929,139.933669,5,-0.049,0.117,9.17,3.348
1427425867750,37.499926,139.933669,5,0.11,0.111,9.311,3.323
1427425867851,37.499923,139.933668,5,0.358,0.074,9.487,3.298
1427425867951,37.49992,139.933668,5,0.534,0.01,9.587,3.274
1427425868047,37.499917,139.933667,5,0.547,-0.061,9.775,3.251
1427425868148,37.499914,139.933666,5,0.427,-0.045,9.816,3.225
1427425868248,37.499912,139.933664,5,0.291,0.033,9.626,3.199
1427425868349,37.499909,139.933663,5,0.206,0.046,9.435,3.173
1427425868450,37.499906,139.933661,5,0.171,0.036,9.356,3.148
1427425868551,37.499904,139.93366,5,0.146,0.013,9.445,3.122
1427425868651,37.499901,139.933658,5,0.105,-0.002,9.571,3.097
1427425868747,37.499899,139.933657,5,0.149,0.05,9.602,3.074
1427425868848,37.499896,139.933656,5,0.202,-0.083,9.418,3.049
1427425868948,37.499894,139.933654,5,0.197,-0.327,9.365,3.025
1427425869049,37.499891,139.933653,5,0.121,-0.564,9.487,3.0
1427425869150,37.49989,139.933653,5,0.068,-0.712,9.657,2.845
1427425869251,37.499889,139.933654,5,0.037,-0.827,9.638,2.696
1427425869351,37.499887,139.933654,5,0.04,-0.879,9.57,2.555
1427425869447,37.499886,139.933655,5,0.026,-0.93,9.446,2.425
1427425869548,37.499885,139.933655,5,-0.033,-1.01,9.426,2.295
1427425869648,37.499884,139.933656,5,-0.07,-1.045,9.493,2.173
1427425869749,37.499883,139.933656,5,-0.127,-1.078,9.515,2.057
1427425869850,37.499883,139.933656,5,-0.104,-1.064,9.475,1.947
1427425869950,37.499882,139.933657,5,-0.017,-1.055,9.447,1.845
1427425870051,37.499881,139.933657,5,0.072,-1.093,9.592,1.749
1427425870147,37.49988,139.933656,5,0.136,-1.102,9.714,1.694
1427425870248,37.499879,139.933655,5,0.152,-1.105,9.635,1.638
1427425870348,37.499879,139.933655,5,0.096,-1.115,9.465,1.584
1427425870449,37.499878,139.933654,5,0.016,-1.108,9.423,1.531
1427425870550,37.499877,139.933653,5,-0.045,-1.079,9.521,1.479
1427425870650,37.499877,139.933653,5,-0.069,-1.064,9.62,1.43
1427425870751,37.499876,139.933652,5,-0.008,-0.988,9.585,1.382
1427425870847,37.499875,139.933651,5,0.015,-0.95,9.484,1.338
1427425870947,37.499875,139.933651,5,0.073,-0.928,9.565,1.294
1427425871048,37.499874,139.93365,5,0.075,-0.947,9.603,1.251
1427425871149,37.499873,139.93365,5,0.044,-0.977,9.508,1.223
1427425871250,37.499872,139.933649,5,0.019,-0.921,9.475,1.196
1427425871350,37.499872,139.933649,5,-0.004,-0.774,9.479,1.169
1427425871451,37.499871,139.933649,5,-0.01,-0.591,9.526,1.143
1427425871547,37.49987,139.933648,5,0.027,-0.398,9.575,1.119
1427425871647,37.49987,139.933648,5,0.082,-0.274,9.56,1.094
1427425871748,37.499869,139.933648,5,0.149,-0.166,9.53,1.07
1427425871849,37.499868,139.933648,5,0.181,-0.127,9.46,1.046
1427425871950,37.499868,139.933647,5,0.141,-0.116,9.459,1.022
1427425872050,37.499867,139.933647,5,0.119,-0.06,9.524,1.0
1427425872151,37.499866,139.933647,5,0.149,-0.03,9.616,1.0
1427425872247,37.499865,139.933647,5,0.187,-0.039,9.578,1.0
1427425872347,37.499865,139.933646,5,0.176,-0.066,9.456,1.0
1427425872448,37.499864,139.933646,5,0.12,-0.045,9.498,1.0
1427425872549,37.499863,139.933646,5,0.119,-0.015,9.564,1.0
1427425872649,37.499862,139.933646,5,0.174,-0.009,9.594,1.0
1427425872750,37.499861,139.933646,5,0.221,-0.032,9.512,1.0
1427425872851,37.499861,139.933645,5,0.17,-0.041,9.466,1.0
1427425872947,37.49986,139.933645,5,0.112,-0.024,9.503,1.0
1427425873047,37.499859,139.933645,5,0.156,0.004,9.613,1.0
1427425873148,37.499858,139.933645,7,0.204,-0.015,9.564,1.0
1427425873249,37.499857,139.933644,7,0.198,-0.064,9.485,1.0
1427425873349,37.499857,139.933644,7,0.163,-0.031,9.492,1.0
1427425873450,37.499856,139.933644,7,0.146,-0.132,9.505,1.0
1427425873551,37.499855,139.933643,7,0.126,-0.34,9.541,1.0
1427425873647,37.499854,139.933643,7,0.126,-0.53,9.531,1.0
1427425873748,37.499853,139.933643,7,0.065,-0.72,9.525,1.0
1427425873848,37.499853,139.933643,7,-0.012,-0.825,9.572,1.0
1427425873949,37.499852,139.933642,7,-0.011,-0.84,9.579,1.0
1427425874049,37.499851,139.933642,7,0.029,-0.878,9.544,1.0
1427425874150,37.499852,139.933642,9,0.054,-0.949,9.552,0.885
1427425874251,37.499854,139.933643,9,0.086,-0.898,9.613,0.777
1427425874351,37.499855,139.933643,9,0.085,-0.571,9.709,0.68
1427425874447,37.499856,139.933644,9,0.078,-0.286,9.593,0.595
1427425874548,37.499857,139.933644,9,0.113,-0.032,9.409,0.514
1427425874649,37.499858,139.933644,9,0.21,0.051,9.312,0.443
1427425874749,37.499858,139.933644,9,0.231,0.078,9.435,0.381
1427425905848,37.498252,139.932975,7,0.178,0.039,9.57,5.894
1427425905949,37.498247,139.932974,7,-0.002,-0.351,9.566,5.822
1427425906049,37.498242,139.932972,7,-0.073,-0.605,9.54,5.751
1427425906150,37.498239,139.932971,7,-0.134,-0.725,9.471,5.641
1427425906251,37.498235,139.93297,7,-0.13,-0.732,9.524,5.534
1427425906351,37.498232,139.932969,7,-0.179,-0.745,9.56,5.429
1427425906447,37.498229,139.932968,7,-0.221,-0.738,9.458,5.33
1427425906548,37.498226,139.932967,7,-0.204,-0.745,9.327,5.228
1427425906648,37.498223,139.932966,7,-0.194,-0.821,9.263,5.129
1427425906749,37.49822,139.932966,7,-0.184,-0.938,9.285,5.031
1427425906850,37.498217,139.932965,7,-0.219,-1.047,9.382,4.935
1427425906951,37.498214,139.932964,7,-0.242,-1.109,9.588,4.841
1427425907051,37.498211,139.932963,8,-0.232,-1.146,9.59,4.749
1427425907147,37.498209,139.932963,8,-0.26,-1.166,9.554,4.612
1427425907248,37.498207,139.932964,8,-0.253,-1.189,9.366,4.472
1427425907348,37.498205,139.932964,8,-0.249,-1.132,9.4,4.338
1427425907449,37.498204,139.932964,8,-0.214,-1.187,9.492,4.206
1427425907550,37.498202,139.932965,8,-0.244,-1.265,9.566,4.078
1427425907650,37.4982,139.932965,8,-0.237,-1.263,9.466,3.955
1427425907751,37.498199,139.932965,8,-0.246,-1.196,9.408,3.834
1427425907847,37.498197,139.932965,8,-0.24,-1.196,9.474,3.723
1427425907948,37.498196,139.932966,8,-0.193,-1.163,9.558,3.61
1427425908048,37.498194,139.932966,8,-0.144,-1.177,9.551,3.502
1427425908149,37.498192,139.932964,8,-0.131,-1.249,9.523,3.418
1427425908250,37.49819,139.932963,8,-0.179,-1.263,9.413,3.336
1427425908350,37.498189,139.932961,8,-0.259,-1.224,9.39,3.256
1427425908451,37.498187,139.93296,8,-0.35,-1.229,9.577,3.178
1427425908547,37.498186,139.932959,8,-0.297,-1.033,9.708,3.105
1427425908648,37.498184,139.932957,8,-0.239,-0.841,9.613,3.03
1427425908748,37.498182,139.932956,8,-0.142,-0.739,9.477,2.958
1427425908849,37.498181,139.932955,8,-0.121,-0.684,9.405,2.886
1427425908950,37.498179,139.932953,8,-0.155,-0.691,9.468,2.817
1427425909050,37.498178,139.932952,6,-0.167,-0.765,9.507,2.75
1427425909151,37.498176,139.93295,6,-0.161,-0.785,9.558,2.629
1427425909247,37.498174,139.932949,6,-0.169,-0.884,9.574,2.518
1427425909347,37.498172,139.932948,6,-0.203,-0.96,9.517,2.407
1427425909448,37.49817,139.932946,6,-0.226,-0.96,9.367,2.299
1427425909549,37.498169,139.932945,6,-0.267,-0.992,9.364,2.195
1427425909650,37.498167,139.932944,6,-0.257,-1.029,9.619,2.097
1427425909750,37.498165,139.932942,6,-0.211,-1.004,9.672,2.003
1427425909851,37.498164,139.932941,6,-0.171,-0.993,9.48,1.914
1427425909947,37.498162,139.93294,6,-0.168,-0.975,9.409,1.832
1427425910047,37.498161,139.932939,6,-0.217,-0.955,9.42,1.752
1427425910148,37.498162,139.932939,7,-0.276,-0.976,9.505,1.617
1427425910249,37.498163,139.932938,7,-0.284,-0.956,9.627,1.487
1427425910349,37.498164,139.932938,7,-0.288,-0.967,9.607,1.367
1427425910450,37.498165,139.932938,7,-0.277,-1.016,9.449,1.254
1427425910551,37.498166,139.932937,7,-0.251,-1.087,9.395,1.149
1427425910647,37.498167,139.932937,7,-0.253,-1.163,9.463,1.057
1427425910747,37.498168,139.932937,7,-0.277,-1.212,9.536,0.969
1427425910848,37.498169,139.932936,7,-0.296,-1.219,9.5,0.888
1427425910949,37.498169,139.932936,7,-0.334,-1.263,9.479,0.815
1427425911049,37.49817,139.932936,7,-0.256,-0.896,9.785,0.751
1427425911150,37.49817,139.932937,7,-0.102,-0.24,9.952,0.607
1427425911251,37.49817,139.932937,7,-0.011,0.147,9.548,0.479
1427425911347,37.498171,139.932938,7,-0.029,0.239,9.083,0.371
1427425911447,37.498171,139.932938,7,-0.079,0.252,8.995,0.273
1427425911548,37.498171,139.932938,7,-0.084,0.252,9.393,0.189
1427425911649,37.498171,139.932939,7,-0.042,0.136,9.732,0.121
1427425911749,37.498171,139.932939,7,-0.023,-0.048,9.712,0.068
1427425911850,37.498171,139.932939,7,-0.053,-0.076,9.596,0.03
1427425911951,37.498171,139.932939,7,-0.068,0.11,9.551,0.007
1427426002845,37.496189,139.931995,4,-0.027,0.076,9.482,7.25
1427426002850,37.496189,139.931995,4,-0.034,0.06,9.483,7.25
1427426002951,37.496184,139.93199,4,-0.072,-0.125,9.334,7.25
1427426003051,37.496178,139.931986,4,-0.158,-0.122,9.311,7.25
1427426003147,37.496173,139.931982,4,-0.198,-0.092,9.445,7.225
1427426003248,37.496167,139.931977,4,-0.191,-0.103,9.497,7.2
1427426003348,37.496161,139.931973,4,-0.171,-0.098,9.425,7.175
1427426003449,37.496156,139.931969,4,-0.194,-0.039,9.375,7.149
1427426003550,37.49615,139.931964,4,-0.147,-0.083,9.39,7.124
1427426003650,37.496145,139.93196,4,-0.062,-0.167,9.525,7.099
1427426003751,37.496139,139.931956,4,-0.045,-0.125,9.696,7.074
1427426003847,37.496134,139.931952,4,-0.016,-0.171,9.862,7.05
1427426008847,37.495885,139.93173,6,-0.021,-0.166,9.872,7.0
1427426008948,37.495879,139.931725,6,-0.051,-0.117,9.713,7.0
1427426009048,37.495874,139.931721,6,0.01,-0.112,9.537,7.0
1427426009149,37.49587,139.931716,5,-0.027,-0.093,9.345,7.0
1427426009250,37.495865,139.931711,5,-0.031,-0.158,9.472,7.0
1427426009351,37.49586,139.931706,5,-0.068,-0.154,9.729,7.0
1427426009451,37.495856,139.931701,5,-0.081,-0.184,9.589,7.0
1427426009547,37.495852,139.931696,5,-0.098,-0.131,9.447,7.0
1427426009648,37.495847,139.931691,5,-0.107,-0.138,9.251,7.0
1427426009748,37.495843,139.931686,5,-0.109,-0.128,9.34,7.0
1427426009849,37.495838,139.931681,5,-0.25,-0.107,9.403,7.0
1427426009950,37.495834,139.931676,5,-0.268,-0.167,9.568,7.0
1427426010050,37.495829,139.931671,5,-0.341,-0.159,9.743,7.0
1427426010151,37.495824,139.931667,5,-0.269,-0.179,9.664,6.974
1427426010247,37.495818,139.931662,5,-0.316,-0.148,9.498,6.95
1427426010347,37.495813,139.931658,5,-0.251,-0.165,9.323,6.925
1427426010448,37.495808,139.931654,5,-0.373,-0.123,9.406,6.899
1427426010549,37.495802,139.931649,5,-0.331,-0.147,9.571,6.874
1427426010650,37.495797,139.931645,5,-0.371,-0.12,9.423,6.849
1427426010750,37.495792,139.931641,5,-0.378,-0.094,9.213,6.824
1427426010851,37.495786,139.931636,5,-0.441,-0.112,8.93,6.799
1427426010947,37.495781,139.931632,5,-0.44,-0.025,9.126,6.775
1427426011047,37.495776,139.931628,5,-0.462,-0.121,9.392,6.751
1427426011148,37.495771,139.931624,4,-0.624,-0.161,9.481,6.725
1427426011249,37.495766,139.931619,4,-0.73,-0.178,9.643,6.699
1427426011350,37.495761,139.931615,4,-0.775,-0.179,9.541,6.674
1427426011450,37.495756,139.931611,4,-0.896,-0.205,9.911,6.649
1427426011551,37.495751,139.931606,4,-0.896,-0.186,9.912,6.624
1427426011647,37.495747,139.931602,4,-0.896,-0.128,9.458,6.6
1427426011747,37.495742,139.931598,4,-0.855,-0.01,9.202,6.575
1427426011848,37.495737,139.931594,4,-0.787,-0.019,9.099,6.55
1427426011949,37.495732,139.931589,4,-0.797,-0.078,9.417,6.525
1427426012050,37.495727,139.931585,4,-0.82,-0.015,9.553,6.5
1427426012150,37.495722,139.931582,4,-0.775,-0.03,9.266,6.5
1427426012251,37.495716,139.931578,4,-0.749,0.003,9.231,6.5
1427426012347,37.495711,139.931575,4,-0.679,0.015,9.528,6.5
1427426012447,37.495706,139.931572,4,-0.591,-0.088,9.731,6.5
1427426012548,37.4957,139.931569,4,-0.569,-0.079,9.644,6.5
1427426012649,37.495695,139.931565,4,-0.525,-0.06,9.505,6.5
1427426012749,37.495689,139.931562,4,-0.46,-0.073,9.407,6.5
1427426012850,37.495684,139.931559,4,-0.476,-0.136,9.48,6.5
1427426012951,37.495678,139.931555,4,-0.488,-0.039,9.627,6.5
1427426013047,37.495673,139.931552,4,-0.5,-0.012,9.496,6.5
1427426013147,37.495669,139.93155,6,-0.617,-0.017,9.25,6.524
1427426013249,37.495665,139.931547,6,-0.716,0.047,9.424,6.549
1427426013349,37.495661,139.931545,6,-0.753,0.052,9.676,6.574
1427426013449,37.495656,139.931542,6,-0.753,-0.018,9.61,6.599
1427426013550,37.495652,139.93154,6,-0.748,0.087,9.606,6.624
1427426013651,37.495648,139.931537,6,-0.705,0.127,9.329,6.649
1427426013751,37.495644,139.931535,6,-0.72,0.115,9.153,6.674
1427426013847,37.49564,139.931532,6,-0.633,0.16,9.375,6.698
1427426013948,37.495635,139.93153,6,-0.67,0.157,9.351,6.724
1427426014048,37.495631,139.931527,6,-0.704,0.216,9.469,6.749
1427426014149,37.495625,139.931525,6,-0.606,0.144,9.574,6.75
1427426014250,37.495618,139.931524,6,-0.631,0.163,9.544,6.75
1427426014351,37.495612,139.931522,6,-0.602,0.204,9.454,6.75
1427426014451,37.495606,139.931521,6,-0.561,0.126,9.359,6.75
1427426014547,37.4956,139.931519,6,-0.573,-0.091,9.373,6.75
1427426014648,37.495593,139.931517,6,-0.503,-0.124,9.5,6.75
1427426014748,37.495587,139.931516,6,-0.429,-0.131,9.46,6.75
1427426020846,37.495274,139.931405,8,-0.376,-0.093,9.533,5.198
1427426020851,37.495273,139.931405,8,-0.368,-0.096,9.542,5.199
1427426020947,37.495269,139.931404,8,-0.212,-0.101,9.577,5.224
1427426021048,37.495265,139.931402,8,-0.11,-0.12,9.655,5.249
1427426021148,37.495259,139.931402,9,0.043,-0.141,9.59,5.274
1427426021249,37.495253,139.931401,9,0.144,-0.146,9.587,5.299
1427426021350,37.495246,139.931401,9,0.151,-0.176,9.561,5.324
1427426021450,37.49524,139.9314,9,0.149,-0.172,9.52,5.349
1427426021551,37.495234,139.9314,9,0.091,-0.376,9.445,5.374
1427426021647,37.495228,139.9314,9,0.019,-0.538,9.383,5.398
1427426021748,37.495221,139.931399,9,0.011,-0.683,9.494,5.423
1427426021848,37.495215,139.931399,9,0.033,-0.835,9.719,5.449
1427426021949,37.495208,139.931398,9,0.095,-0.874,9.785,5.474
1427426022050,37.495202,139.931398,9,0.1,-0.913,9.762,5.5
1427426022150,37.495197,139.931397,9,0.125,-0.866,9.434,5.448
1427426022251,37.495191,139.931395,9,0.132,-0.842,9.314,5.396
1427426022347,37.495186,139.931394,9,0.094,-0.794,9.242,5.347
1427426022448,37.495181,139.931393,9,0.038,-0.811,9.282,5.295
1427426022548,37.495175,139.931391,9,-0.018,-0.861,9.447,5.245
1427426022649,37.49517,139.93139,9,-0.061,-0.922,9.436,5.195
1427426022750,37.495165,139.931389,9,-0.03,-0.994,9.598,5.145
1427426022850,37.49516,139.931387,9,-0.051,-1.114,9.612,5.096
1427426022951,37.495155,139.931386,9,-0.111,-1.17,9.433,5.047
1427426023047,37.49515,139.931385,9,-0.18,-1.179,9.375,5.001
1427426023148,37.495149,139.931386,10,-0.142,-1.201,9.552,4.76
1427426023248,37.495148,139.931388,10,-0.157,-1.27,9.689,4.525
1427426023349,37.495147,139.931389,10,-0.227,-1.227,9.495,4.297
1427426023450,37.495146,139.93139,10,-0.202,-1.21,9.515,4.08
1427426023550,37.495145,139.931391,10,-0.151,-1.239,9.673,3.875
1427426023651,37.495144,139.931392,10,-0.182,-1.208,9.418,3.678
1427426023747,37.495143,139.931393,10,-0.207,-1.152,9.265,3.5
1427426023847,37.495142,139.931394,10,-0.176,-1.148,9.299,3.325
1427426023948,37.495142,139.931395,10,-0.147,-1.223,9.445,3.158
1427426024049,37.495141,139.931396,10,-0.168,-1.239,9.594,3.002
1427426024150,37.49514,139.931395,10,-0.135,-1.187,9.589,2.882
1427426024250,37.495138,139.931395,10,-0.104,-1.185,9.523,2.768
1427426024351,37.495137,139.931394,10,-0.154,-1.209,9.364,2.657
1427426024447,37.495136,139.931394,10,-0.212,-1.072,9.454,2.555
1427426024547,37.495135,139.931393,10,-0.196,-0.869,9.565,2.453
1427426024648,37.495134,139.931393,10,-0.142,-0.76,9.49,2.354
1427426024749,37.495133,139.931392,10,-0.128,-0.703,9.419,2.259
1427426024849,37.495132,139.931392,10,-0.149,-0.62,9.414,2.169
1427426024950,37.495131,139.931391,10,-0.139,-0.587,9.391,2.082
1427426025051,37.49513,139.931391,8,-0.12,-0.645,9.366,1.999
1427426025147,37.495128,139.931391,8,-0.124,-0.663,9.547,1.912
1427426025247,37.495126,139.931391,8,-0.15,-0.611,9.709,1.825
1427426025348,37.495124,139.931391,8,-0.091,-0.574,9.547,1.74
1427426025449,37.495123,139.931391,8,-0.091,-0.554,9.282,1.659
1427426025549,37.495121,139.93139,8,-0.198,-0.533,9.217,1.582
1427426025650,37.49512,139.93139,8,-0.278,-0.561,9.444,1.508
1427426025751,37.495118,139.93139,8,-0.24,-0.643,9.58,1.438
1427426025852,37.495117,139.93139,8,-0.169,-0.703,9.508,1.371
1427426025947,37.495115,139.93139,8,-0.162,-0.71,9.459,1.311
1427426026048,37.495114,139.93139,8,-0.121,-0.731,9.489,1.251
1427426026149,37.495113,139.93139,8,-0.098,-0.806,9.48,1.092
1427426026249,37.495112,139.931389,8,-0.171,-0.926,9.435,0.945
1427426026350,37.49511,139.931389,8,-0.273,-1.013,9.46,0.81
1427426026451,37.49511,139.931389,8,-0.289,-1.049,9.533,0.689
1427426026551,37.495109,139.931389,8,-0.228,-1.116,9.486,0.582
1427426026647,37.495108,139.931388,8,-0.205,-1.228,9.393,0.493
1427426026748,37.495107,139.931388,8,-0.225,-1.321,9.387,0.411
1427426026849,37.495107,139.931388,8,-0.239,-1.058,9.64,0.344
1427426026949,37.495106,139.931388,8,-0.214,-0.577,9.769,0.29
1427426027050,37.495106,139.931388,7,-0.148,-0.191,9.585,0.25
1427426027151,37.495106,139.931389,7,-0.061,0.038,9.299,0.202
1427426027251,37.495106,139.93139,7,0.015,0.102,9.128,0.16
1427426027347,37.495105,139.931391,7,0.028,0.138,9.308,0.124
1427426027448,37.495105,139.931392,7,0.018,0.159,9.623,0.091
1427426027548,37.495105,139.931392,7,0.009,0.147,9.682,0.063
1427426027649,37.495105,139.931393,7,-0.012,0.166,9.487,0.04
1427426027750,37.495105,139.931393,7,-0.057,0.204,9.337,0.023
1427426027851,37.495105,139.931394,7,-0.071,0.209,9.427,0.01
1427426027951,37.495105,139.931394,7,0.03,0.188,9.573,0.002
1427426047846,37.494866,139.93132,6,0.018,0.172,9.466,3.299
1427426047851,37.494866,139.93132,6,0.013,0.162,9.462,3.298
1427426047947,37.494863,139.93132,6,-0.097,-0.273,9.545,3.275
1427426048048,37.49486,139.931319,6,-0.046,-0.266,9.878,3.25
1427426048148,37.494857,139.931318,6,-0.051,-0.207,9.905,3.25
1427426048249,37.494855,139.931317,6,-0.061,-0.223,9.722,3.25
1427426048350,37.494852,139.931317,6,0.039,-0.158,9.509,3.25
1427426048450,37.49485,139.931316,6,0.168,-0.151,9.284,3.25
1427426048551,37.494847,139.931315,6,0.275,-0.088,9.376,3.25
1427426048647,37.494844,139.931314,6,0.353,-0.07,9.488,3.25
1427426048747,37.494842,139.931313,6,0.333,-0.069,9.515,3.25
1427426048848,37.494839,139.931313,6,0.22,0.019,9.544,3.25
1427426048949,37.494837,139.931312,6,0.079,0.141,9.449,3.25
1427426049050,37.494834,139.931311,5,-0.032,0.099,9.427,3.25
1427426049150,37.494831,139.93131,5,-0.054,-0.002,9.738,3.224
1427426049251,37.494828,139.931309,5,0.006,0.01,9.816,3.198
1427426049347,37.494826,139.931309,5,0.187,0.119,9.131,3.174
1427426049447,37.494823,139.931308,5,0.376,0.125,8.718,3.148
1427426049548,37.49482,139.931307,5,0.433,-0.126,9.007,3.123
1427426049649,37.494818,139.931306,5,0.419,-0.622,9.481,3.098
1427426049750,37.494815,139.931305,5,0.336,-1.004,9.895,3.073
1427426049850,37.494812,139.931305,5,0.298,-0.866,10.201,3.048
1427426049951,37.49481,139.931304,5,0.276,-0.583,9.901,3.024
1427426050047,37.494807,139.931303,5,0.083,-0.676,9.377,3.001
1427426050147,37.494805,139.931302,4,-0.16,-0.914,9.04,2.885
1427426050248,37.494804,139.931302,4,-0.274,-1.167,9.123,2.77
1427426050349,37.494802,139.931301,4,-0.207,-0.991,9.56,2.659
1427426050449,37.494801,139.931301,4,-0.153,-0.606,9.853,2.553
1427426050550,37.494799,139.9313,4,-0.154,-0.352,9.798,2.45
1427426050651,37.494798,139.9313,4,-0.149,-0.202,9.372,2.351
1427426050747,37.494797,139.931299,4,-0.066,-0.062,8.927,2.261
1427426050847,37.494795,139.931299,4,0.066,0.006,8.973,2.171
1427426082847,37.492654,139.930862,14,0.077,0.012,8.997,8.5
1427426082948,37.492647,139.930861,14,0.049,0.017,9.359,8.5
1427426083049,37.492639,139.93086,14,0.049,-0.082,9.675,8.5
1427426083149,37.492631,139.930858,11,0.066,0.036,9.542,8.449
1427426083250,37.492623,139.930857,11,0.077,0.14,9.324,8.398
1427426083351,37.492615,139.930855,11,0.096,0.192,9.399,8.346
1427426083451,37.492608,139.930853,11,0.043,0.294,9.357,8.296
1427426083547,37.4926,139.930852,11,0.022,0.241,9.436,8.248
1427426083648,37.492592,139.93085,11,0.068,0.298,9.183,8.197
1427426083748,37.492585,139.930849,11,0.068,0.348,9.061,8.148
1427426085848,37.492445,139.930805,12,-0.006,0.173,9.796,7.8
1427426085949,37.492439,139.930802,12,-0.069,-0.008,10.061,7.775
1427426086060,37.492432,139.9308,12,-0.057,-0.067,9.758,7.75
1427426086150,37.492426,139.930799,12,-0.087,-0.136,9.705,7.75
1427426086251,37.492419,139.930798,12,-0.101,-0.178,10.008,7.75
1427426086347,37.492412,139.930797,12,-0.033,-0.161,10.111,7.75
1427426086448,37.492405,139.930796,12,-0.008,-0.053,9.511,7.75
1427426086548,37.492398,139.930795,12,-0.034,0.055,8.907,7.75
1427426086649,37.49239,139.930794,12,-0.068,0.057,8.847,7.75
1427426086750,37.492383,139.930793,12,-0.112,0.03,9.165,7.75
1427426088844,37.492254,139.930767,12,-0.176,-0.033,9.484,7.301
1427426091845,37.492063,139.930728,11,-0.175,-0.03,9.491,7.051
1427426091850,37.492062,139.930728,11,-0.173,-0.025,9.496,7.049
1427426091951,37.492056,139.930726,11,-0.15,-0.059,9.516,7.024
1427426092047,37.49205,139.930725,11,-0.141,-0.072,9.547,7.001
1427426092148,37.492044,139.930723,11,-0.111,-0.098,9.548,7.0
1427426092248,37.492037,139.930722,11,-0.067,-0.093,9.604,7.0
1427426092349,37.49203,139.93072,11,-0.052,-0.058,9.489,7.0
1427426092450,37.492024,139.930719,11,0.0,-0.044,9.224,7.0
1427426092550,37.492017,139.930717,11,0.014,-0.05,9.34,7.0
1427426092651,37.49201,139.930715,11,0.03,-0.083,9.472,7.0
1427426092747,37.492004,139.930714,11,0.061,-0.112,9.738,7.0
1427426092847,37.491997,139.930712,11,0.151,-0.126,9.689,7.0
1427426092948,37.491991,139.930711,11,0.194,-0.12,9.448,7.0
1427426093049,37.491984,139.930709,11,0.196,-0.104,9.375,7.0
1427426093150,37.491979,139.930708,11,0.207,-0.075,9.414,6.975
1427426093250,37.491973,139.930707,11,0.204,-0.123,9.703,6.949
1427426093351,37.491968,139.930706,11,0.275,-0.152,9.716,6.924
1427426093447,37.491963,139.930705,11,0.319,-0.152,9.521,6.9
1427426093547,37.491958,139.930704,11,0.378,-0.082,9.385,6.875
1427426093648,37.491953,139.930703,11,0.401,-0.081,9.35,6.849
1427426093749,37.491947,139.930702,11,0.329,-0.062,9.427,6.824
1427426093850,37.491942,139.930701,11,0.262,-0.033,9.114,6.799
1427426093950,37.491937,139.9307,11,0.24,-0.047,9.111,6.775
1427426094051,37.491932,139.930699,13,0.279,-0.122,9.547,6.75
1427426094147,37.491927,139.930697,13,0.311,-0.212,9.863,6.725
1427426094247,37.491922,139.930694,13,0.306,-0.199,9.945,6.7
1427426094348,37.491917,139.930692,13,0.29,-0.212,9.71,6.675
1427426094449,37.491912,139.930689,13,0.228,-0.066,9.412,6.649
1427426094549,37.491907,139.930687,13,0.169,-0.059,9.366,6.624
1427426094650,37.491902,139.930684,13,0.128,-0.044,9.287,6.599
1427426094751,37.491897,139.930682,13,0.13,-0.047,9.274,6.574
1427426094847,37.491892,139.93068,13,0.164,-0.084,9.35,6.55
1427426094947,37.491887,139.930677,13,0.276,-0.104,9.487,6.525
1427426095048,37.491882,139.930675,13,0.303,-0.135,9.598,6.5
1427426095149,37.491877,139.930673,13,0.3,-0.113,9.464,6.5
1427426095249,37.491871,139.930671,13,0.293,-0.067,9.437,6.5
1427426095350,37.491866,139.930669,13,0.336,-0.132,9.548,6.5
1427426095451,37.49186,139.930667,13,0.319,-0.106,9.646,6.5
1427426095552,37.491855,139.930664,13,0.244,-0.103,9.502,6.5
1427426095647,37.49185,139.930662,13,0.193,-0.04,9.277,6.5
1427426095748,37.491844,139.93066,13,0.182,-0.051,9.33,6.5
1427426098845,37.491678,139.930638,13,0.167,-0.105,9.408,6.0
1427426098850,37.491678,139.930638,13,0.158,-0.104,9.4,6.0
1427426098950,37.491672,139.930638,13,0.109,-0.238,8.943,6.0
1427426099051,37.491666,139.930638,13,0.092,-0.336,9.021,5.999
1427426099147,37.491661,139.930636,13,-0.005,-0.472,9.551,5.95
1427426099247,37.491656,139.930635,13,-0.068,-0.634,9.875,5.898
1427426099348,37.491651,139.930633,13,-0.076,-0.623,9.657,5.846
1427426099449,37.491646,139.930632,13,-0.062,-0.614,9.199,5.795
1427426099550,37.49164,139.93063,13,-0.081,-0.627,9.351,5.745
1427426099650,37.491635,139.930629,13,-0.033,-0.684,9.518,5.695
1427426099751,37.49163,139.930627,13,0.099,-0.657,9.416,5.645
1427426099847,37.491626,139.930626,13,0.337,-0.688,9.799,5.598
1427426099947,37.491621,139.930624,13,0.454,-0.782,9.784,5.549
1427426100048,37.491616,139.930623,13,0.352,-0.851,9.479,5.501
1427426100149,37.491614,139.930622,12,0.212,-0.841,9.232,5.262
1427426100250,37.491611,139.930621,12,0.093,-0.89,9.231,5.029
1427426100350,37.491609,139.93062,12,-0.072,-0.936,9.466,4.807
1427426100451,37.491607,139.930619,12,-0.124,-0.924,9.345,4.591
1427426100547,37.491605,139.930619,12,-0.207,-0.951,9.433,4.395
1427426100647,37.491603,139.930618,12,-0.255,-1.067,9.51,4.199
1427426100748,37.491601,139.930617,12,-0.229,-1.127,9.574,4.01
1427426100849,37.491599,139.930616,12,-0.116,-1.086,9.389,3.831
1427426100950,37.491598,139.930616,12,0.002,-1.049,9.132,3.66
1427426101050,37.491596,139.930615,14,-0.026,-1.118,9.187,3.5
1427426101151,37.491594,139.930613,14,-0.048,-1.246,9.757,3.446
1427426101247,37.491593,139.930612,14,0.014,-1.209,9.988,3.395
1427426101347,37.491591,139.93061,14,-0.05,-1.236,9.602,3.343
1427426101448,37.49159,139.930608,14,-0.211,-1.26,9.225,3.292
1427426101549,37.491588,139.930607,14,-0.29,-1.221,9.225,3.241
1427426101650,37.491587,139.930605,14,-0.288,-1.225,9.54,3.191
1427426101750,37.491585,139.930604,14,-0.323,-1.286,9.603,3.142
1427426101851,37.491584,139.930602,14,-0.286,-1.315,9.437,3.093
1427426101952,37.491582,139.9306,14,-0.071,-1.275,9.377,3.046
1427426102047,37.491581,139.930599,14,0.121,-1.345,9.391,3.001
1427426102148,37.491581,139.9306,14,0.072,-1.448,9.478,2.765
1427426102249,37.491581,139.930601,14,-0.103,-1.482,9.657,2.537
1427426102349,37.491581,139.930602,14,-0.212,-1.432,9.703,2.326
1427426102450,37.491581,139.930603,14,-0.158,-1.337,9.442,2.127
1427426102551,37.491581,139.930604,14,-0.053,-1.293,9.207,1.943
1427426102651,37.491581,139.930605,14,-0.056,-1.368,9.304,1.775
1427426102747,37.491581,139.930606,14,-0.147,-1.404,9.523,1.628
1427426102848,37.491581,139.930607,14,-0.211,-1.378,9.688,1.487
1427426102948,37.491581,139.930607,14,-0.136,-1.165,9.798,1.362
1427426103049,37.491581,139.930608,14,0.008,-0.957,9.659,1.251
1427426103150,37.491579,139.930606,14,0.145,-0.777,9.377,1.25
1427426103251,37.491577,139.930603,14,0.155,-0.601,9.13,1.25
1427426103351,37.491575,139.930601,14,0.111,-0.522,9.146,1.25
1427426103447,37.491573,139.930598,14,0.024,-0.534,9.37,1.25
1427426103548,37.491571,139.930596,14,-0.068,-0.535,9.582,1.25
1427426103648,37.491568,139.930594,14,-0.077,-0.481,9.539,1.25
1427426103749,37.491566,139.930591,14,0.058,-0.43,9.395,1.25
1427426103850,37.491564,139.930589,14,0.209,-0.423,9.336,1.25
1427426103951,37.491562,139.930586,14,0.208,-0.46,9.406,1.25
1427426104051,37.49156,139.930584,14,0.087,-0.484,9.526,1.248
1427426104147,37.491558,139.930581,14,0.035,-0.446,9.599,1.019
1427426104248,37.491557,139.930578,14,0.037,-0.438,9.451,0.804
1427426104348,37.491555,139.930576,14,0.047,-0.478,9.344,0.616
1427426104449,37.491554,139.930574,14,0.073,-0.472,9.447,0.452
1427426104550,37.491553,139.930572,14,0.127,-0.448,9.6,0.312
1427426104651,37.491552,139.930571,14,0.184,-0.351,9.606,0.199
1427426104751,37.491552,139.930569,14,0.163,-0.147,9.561,0.112
1427426104847,37.491551,139.930569,14,0.129,0.085,9.504,0.052
1427426104948,37.491551,139.930568,14,0.164,0.195,9.387,0.013
1427426151847,37.490682,139.930433,14,0.125,0.136,9.495,6.8
1427426151948,37.490677,139.930434,14,0.089,-0.002,9.422,6.775
1427426152049,37.490673,139.930434,14,0.111,-0.059,9.436,6.75
1427426152149,37.490666,139.930431,14,0.113,-0.161,9.502,6.75
1427426152250,37.490659,139.930428,14,0.127,-0.158,9.407,6.75
1427426152351,37.490651,139.930425,14,0.083,-0.137,9.311,6.75
1427426152452,37.490644,139.930422,14,0.15,-0.191,9.274,6.75
1427426152547,37.490637,139.930419,14,0.115,-0.149,9.441,6.75
1427426152648,37.49063,139.930415,14,0.135,-0.188,9.347,6.75
1427426152749,37.490623,139.930412,14,0.1,-0.112,9.478,6.75
1427426152849,37.490615,139.930409,14,0.086,-0.155,9.459,6.75
1427426152950,37.490608,139.930406,14,0.055,-0.13,9.563,6.75
1427426153051,37.490601,139.930403,13,0.13,-0.188,9.364,6.75
1427426153151,37.490593,139.930401,13,0.15,-0.104,9.459,6.75
1427426153247,37.490585,139.9304,13,0.184,-0.164,9.4,6.75
1427426153348,37.490577,139.930399,13,0.151,-0.191,9.454,6.75
1427426153448,37.490569,139.930397,13,0.227,-0.144,9.462,6.75
1427426153549,37.490561,139.930396,13,0.229,-0.219,9.428,6.75
1427426153650,37.490552,139.930394,13,0.212,-0.199,9.382,6.75
1427426153751,37.490544,139.930392,13,0.135,-0.045,9.351,6.75
1427426153851,37.490536,139.930391,13,0.265,-0.137,9.335,6.75
1427426153947,37.490528,139.93039,13,0.25,-0.263,9.713,6.75
1427426154048,37.49052,139.930388,13,0.258,-0.302,9.922,6.75
1427426154148,37.490514,139.930386,12,0.339,-0.174,9.515,6.725
1427426154249,37.490507,139.930385,12,0.398,-0.2,9.259,6.699
1427426154350,37.490501,139.930383,12,0.302,-0.286,9.184,6.674
1427426154451,37.490495,139.930382,12,0.268,-0.206,9.508,6.649
1427426154551,37.490489,139.93038,12,0.22,-0.145,9.588,6.624
1427426154647,37.490483,139.930378,12,0.216,-0.162,9.423,6.6
1427426154748,37.490476,139.930377,12,0.384,-0.179,9.641,6.575
1427426154848,37.49047,139.930375,12,0.453,-0.22,9.743,6.55
1427426154949,37.490464,139.930374,12,0.501,-0.233,9.806,6.525
1427426155050,37.490458,139.930372,12,0.556,-0.13,9.132,6.5
1427426155151,37.490452,139.930371,12,0.576,-0.148,9.107,6.5
1427426155251,37.490446,139.930371,12,0.57,-0.207,9.233,6.5
1427426155347,37.49044,139.93037,12,0.494,-0.257,9.52,6.5
1427426155448,37.490434,139.930369,12,0.479,-0.29,9.612,6.5
1427426155548,37.490428,139.930369,12,0.505,-0.236,9.46,6.5
1427426155649,37.490422,139.930368,12,0.537,-0.164,9.485,6.5
1427426155750,37.490416,139.930367,12,0.463,-0.113,9.382,6.5
1427426155850,37.49041,139.930366,12,0.339,-0.108,9.449,6.5
1427426155951,37.490404,139.930366,12,0.302,-0.182,9.658,6.5
1427426156047,37.490398,139.930365,12,0.358,-0.243,9.552,6.5
1427426156147,37.490395,139.930366,14,0.432,-0.325,9.281,6.396
1427426156248,37.490392,139.930366,14,0.332,-0.395,9.485,6.289
1427426156349,37.490389,139.930367,14,0.174,-0.573,9.537,6.184
1427426156450,37.490387,139.930368,14,0.098,-0.785,9.411,6.08
1427426156550,37.490384,139.930368,14,0.064,-0.862,9.286,5.979
1427426156651,37.490381,139.930369,14,-0.002,-0.835,9.029,5.879
1427426156747,37.490379,139.930369,14,-0.095,-0.834,9.028,5.785
1427426156847,37.490376,139.93037,14,-0.06,-0.894,9.536,5.69
1427426156948,37.490374,139.93037,14,0.031,-0.995,9.942,5.594
1427426157049,37.490371,139.930371,14,0.012,-0.993,9.973,5.501
1427426157150,37.490366,139.930369,14,0.0,-0.96,9.576,5.391
1427426157250,37.490362,139.930366,14,-0.092,-0.834,8.908,5.284
1427426157351,37.490357,139.930364,14,-0.21,-0.849,9.196,5.178
1427426157447,37.490353,139.930362,14,-0.143,-0.917,9.696,5.079
1427426157547,37.490349,139.93036,14,-0.085,-0.945,10.043,4.978
1427426157648,37.490345,139.930358,14,-0.02,-0.906,9.701,4.878
1427426157749,37.490341,139.930356,14,-0.037,-0.818,9.158,4.78
1427426157849,37.490337,139.930354,14,-0.03,-0.838,8.902,4.685
1427426157950,37.490333,139.930352,14,-0.018,-0.86,9.402,4.591
1427426158051,37.490329,139.93035,12,0.126,-0.916,9.671,4.499
1427426158147,37.490327,139.930351,12,0.067,-0.98,9.906,4.392
1427426158247,37.490325,139.930352,12,-0.117,-0.921,9.856,4.283
1427426158348,37.490323,139.930354,12,-0.318,-0.817,9.402,4.176
1427426158449,37.49032,139.930355,12,-0.519,-0.795,8.951,4.071
1427426158549,37.490318,139.930356,12,-0.67,-0.826,9.029,3.97
1427426158650,37.490316,139.930357,12,-0.682,-0.815,9.499,3.87
1427426158751,37.490314,139.930358,12,-0.622,-0.829,9.702,3.773
1427426158852,37.490313,139.930359,12,-0.609,-0.703,9.659,3.678
1427426158947,37.490311,139.93036,12,-0.684,-0.461,9.494,3.591
1427426159048,37.490309,139.930361,12,-0.723,-0.237,9.298,3.502
1427426159149,37.490305,139.930362,12,-0.719,-0.034,9.007,3.474
1427426159249,37.490301,139.930362,12,-0.764,0.042,9.212,3.449
1427426159350,37.490297,139.930363,12,-0.673,0.024,9.691,3.423
1427426159451,37.490293,139.930363,12,-0.632,-0.073,9.827,3.398
1427426159551,37.490289,139.930364,12,-0.673,0.006,9.41,3.372
1427426159647,37.490285,139.930364,12,-0.851,0.116,9.149,3.349
1427426159748,37.490281,139.930365,12,-1.015,0.033,9.548,3.324
1427426159849,37.490278,139.930365,12,-0.954,-0.013,9.798,3.299
1427426159949,37.490274,139.930366,12,-0.956,-0.013,9.482,3.274
1427426160050,37.49027,139.930366,5,-1.102,-0.01,9.138,3.25
1427426160151,37.490267,139.930369,5,-1.304,-0.062,9.343,3.224
1427426160251,37.490264,139.930371,5,-1.415,-0.129,9.807,3.198
1427426160347,37.490261,139.930373,5,-1.487,-0.193,10.035,3.174
1427426160448,37.490259,139.930376,5,-1.57,-0.188,9.689,3.148
1427426160549,37.490256,139.930378,5,-1.683,-0.168,9.067,3.123
1427426160649,37.490253,139.930381,5,-1.934,-0.237,9.066,3.098
1427426160750,37.49025,139.930383,5,-2.183,-0.414,9.563,3.073
1427426160851,37.490247,139.930385,5,-2.374,-0.596,9.983,3.048
1427426160951,37.490245,139.930388,5,-2.358,-0.646,10.005,3.024
1427426161047,37.490242,139.93039,5,-2.386,-0.661,9.438,3.001
1427426161148,37.490241,139.930394,5,-2.236,-0.746,9.299,3.0
1427426161248,37.490241,139.930398,5,-1.925,-0.866,9.879,3.0
1427426161349,37.49024,139.930403,5,-1.52,-0.763,9.792,3.0
1427426161450,37.490239,139.930407,5,-1.195,-0.524,8.812,3.0
1427426161551,37.490238,139.930411,5,-1.253,-0.523,8.923,3.0
1427426161651,37.490238,139.930415,5,-1.511,-0.473,9.589,3.0
1427426161747,37.490237,139.930419,5,-1.603,-0.536,10.244,3.0
1427426161848,37.490236,139.930424,5,-1.466,-0.454,10.19,3.0
1427426161948,37.490236,139.930428,5,-1.214,-0.214,9.275,3.0
1427426162049,37.490235,139.930432,5,-1.144,0.172,8.34,3.0
1427426162150,37.490235,139.930436,5,-1.218,0.443,8.34,3.047
1427426162250,37.490234,139.930439,5,-1.337,0.39,9.001,3.094
1427426162351,37.490234,139.930443,5,-1.226,0.303,9.764,3.142
1427426162447,37.490233,139.930447,5,-0.97,0.339,10.117,3.189
1427426162547,37.490233,139.930451,5,-0.742,0.365,9.952,3.239
1427426162648,37.490232,139.930455,5,-0.713,0.504,9.742,3.29
1427426162749,37.490232,139.930459,5,-0.74,0.608,9.302,3.341
1427426162850,37.490231,139.930463,5,-0.694,0.697,9.219,3.394
1427426162950,37.490231,139.930467,5,-0.579,0.783,9.055,3.447
1427426163051,37.49023,139.930471,4,-0.49,0.813,9.043,3.5
1427426163147,37.49023,139.930475,4,-0.521,0.777,9.475,3.546
1427426163247,37.490229,139.930479,4,-0.524,0.726,9.719,3.593
1427426163348,37.490229,139.930484,4,-0.464,0.88,9.673,3.642
1427426163449,37.490228,139.930488,4,-0.294,0.959,9.286,3.692
1427426163550,37.490228,139.930492,4,-0.176,1.038,9.297,3.742
1427426163650,37.490227,139.930497,4,-0.11,1.028,9.241,3.792
1427426163751,37.490227,139.930501,4,-0.138,1.034,9.397,3.844
1427426163847,37.490226,139.930506,4,-0.167,1.011,9.442,3.893
1427426184844,37.490071,139.932079,3,-0.168,1.007,9.442,6.5
1427426197846,37.489963,139.933019,5,-0.166,0.999,9.444,5.8
1427426197851,37.489963,139.93302,5,-0.162,0.983,9.446,5.799
1427426197951,37.489962,139.933026,5,-0.044,0.526,9.366,5.774
1427426198047,37.489961,139.933033,5,0.053,0.207,9.371,5.751
1427426198148,37.48996,139.933039,4,0.087,-0.001,9.726,5.725
1427426198248,37.489959,139.933045,4,0.094,-0.148,9.888,5.7
1427426198349,37.489958,139.933052,4,0.071,-0.142,9.706,5.674
1427426198450,37.489957,139.933058,4,0.047,-0.1,9.389,5.649
1427426198551,37.489956,139.933064,4,0.022,-0.05,9.248,5.623
1427426198651,37.489956,139.933071,4,0.004,-0.055,9.294,5.598
1427426198747,37.489955,139.933076,4,-0.036,-0.078,9.475,5.575
1427426198848,37.489954,139.933083,4,-0.022,-0.108,9.653,5.55
1427426198948,37.489953,139.933089,4,0.041,-0.131,9.565,5.525
1427426199049,37.489952,139.933095,4,0.106,-0.123,9.341,5.5
1427426199151,37.489952,139.933102,5,0.13,-0.107,9.395,5.474
1427426199251,37.489951,139.933108,5,0.125,-0.115,9.489,5.449
1427426199351,37.489951,139.933115,5,0.098,-0.143,9.633,5.424
1427426199447,37.48995,139.933121,5,0.084,-0.136,9.579,5.399
1427426199548,37.48995,139.933128,5,0.088,-0.082,9.31,5.374
1427426199648,37.48995,139.933134,5,0.087,-0.049,9.089,5.349
1427426199749,37.489949,139.933141,5,0.098,-0.065,9.192,5.324
1427426199850,37.489949,139.933147,5,0.09,-0.051,9.517,5.299
1427426199950,37.489948,139.933154,5,0.137,-0.041,9.568,5.274
1427426200051,37.489948,139.93316,6,0.142,0.006,9.442,5.25
1427426200147,37.489948,139.933164,6,0.163,0.028,9.354,5.225
1427426200248,37.489947,139.933169,6,0.16,0.005,9.461,5.2
1427426200348,37.489947,139.933173,6,0.145,-0.03,9.651,5.174
1427426200449,37.489947,139.933178,6,0.167,-0.023,9.61,5.149
1427426200550,37.489946,139.933182,6,0.202,0.024,9.435,5.123
1427426200650,37.489946,139.933187,6,0.189,0.063,9.35,5.099
1427426200751,37.489946,139.933191,6,0.176,0.033,9.53,5.073
1427426200847,37.489946,139.933195,6,0.175,0.041,9.58,5.05
1427426200947,37.489945,139.9332,6,0.136,0.038,9.367,5.025
1427426201048,37.489945,139.933204,6,0.173,0.097,9.383,5.0
1427426201149,37.489943,139.933209,6,0.28,0.025,9.409,4.975
1427426201250,37.489941,139.933213,6,0.306,-0.048,9.538,4.949
1427426201350,37.489939,139.933218,6,0.349,-0.002,9.628,4.924
1427426201451,37.489936,139.933223,6,0.492,-0.01,9.428,4.898
1427426201547,37.489934,139.933227,6,0.613,-0.022,9.312,4.874
1427426201647,37.489932,139.933232,6,0.647,-0.04,9.524,4.849
1427426201748,37.48993,139.933236,6,0.776,-0.056,9.496,4.824
1427426201849,37.489928,139.933241,6,0.917,-0.083,9.379,4.799
1427426201950,37.489926,139.933246,6,1.03,-0.083,9.426,4.774
1427426202050,37.489924,139.93325,5,1.183,-0.084,9.355,4.75
1427426202151,37.489921,139.933254,5,1.346,-0.141,9.352,4.724
1427426202247,37.489919,139.933258,5,1.391,-0.21,9.36,4.7
1427426202347,37.489916,139.933262,5,1.252,-0.314,9.59,4.674
1427426202448,37.489913,139.933266,5,1.134,-0.412,9.732,4.649
1427426202549,37.48991,139.93327,5,1.057,-0.501,9.485,4.624
1427426202649,37.489908,139.933274,5,0.94,-0.594,9.322,4.599
1427426202750,37.489905,139.933278,5,0.872,-0.668,9.512,4.574
1427426202851,37.489902,139.933281,5,0.882,-0.673,9.451,4.549
1427426202947,37.4899,139.933285,5,0.942,-0.742,9.365,4.525
1427426203047,37.489897,139.933289,5,1.043,-0.87,9.553,4.501
1427426203148,37.489894,139.933291,6,1.138,-0.81,9.504,4.448
1427426203249,37.489892,139.933292,6,1.255,-0.724,9.168,4.396
1427426203349,37.489889,139.933294,6,1.347,-0.741,8.872,4.344
1427426203450,37.489886,139.933296,6,1.224,-0.809,8.894,4.293
1427426203551,37.489884,139.933297,6,1.023,-0.817,9.058,4.242
1427426203651,37.489881,139.933299,6,0.73,-0.905,9.493,4.192
1427426203747,37.489879,139.9333,6,0.668,-1.102,10.137,4.145
1427426203848,37.489876,139.933302,6,0.93,-1.278,10.537,4.096
1427426203949,37.489873,139.933303,6,1.378,-1.376,10.071,4.048
1427426204049,37.489871,139.933305,6,1.72,-1.252,8.843,4.0
1427426204150,37.489869,139.933304,6,1.754,-1.012,8.055,3.947
1427426204251,37.489866,139.933302,6,1.283,-0.977,9.1,3.894
1427426204351,37.489864,139.933301,6,1.076,-1.198,11.075,3.842
1427426204447,37.489862,139.9333,6,1.458,-1.349,11.186,3.794
1427426204548,37.48986,139.933299,6,1.699,-1.226,9.811,3.743
1427426204649,37.489857,139.933298,6,1.574,-0.982,8.358,3.692
1427426204749,37.489855,139.933296,6,0.853,-0.999,8.859,3.643
1427426204850,37.489853,139.933295,6,0.974,-1.038,10.046,3.595
1427426204951,37.489851,139.933294,6,1.014,-0.834,9.808,3.547
1427426205051,37.489849,139.933293,6,0.903,-0.692,9.117,3.5
1427426205147,37.489845,139.933292,6,0.64,-0.624,9.143,3.523
1427426205248,37.489841,139.933292,6,0.662,-0.553,9.51,3.548
1427426205348,37.489838,139.933291,6,0.538,-0.368,8.845,3.573
1427426205449,37.489834,139.93329,6,0.203,-0.306,7.632,3.598
1427426205550,37.48983,139.93329,6,0.006,-0.299,8.102,3.623
1427426205650,37.489826,139.933289,6,0.077,-0.521,9.659,3.648
1427426205751,37.489822,139.933288,6,0.428,-0.686,10.888,3.673
1427426205847,37.489818,139.933287,6,0.844,-0.712,10.491,3.698
1427426205948,37.489814,139.933287,6,1.016,-0.663,9.376,3.724
1427426206048,37.48981,139.933286,6,0.956,-0.707,9.224,3.749
1427426206149,37.489806,139.933285,6,0.817,-0.788,9.831,3.75
1427426206250,37.489803,139.933284,6,0.667,-0.767,10.044,3.75
1427426206350,37.489799,139.933282,6,0.63,-0.639,9.743,3.75
1427426206451,37.489796,139.933281,6,0.649,-0.552,9.466,3.75
1427426206547,37.489792,139.93328,6,0.617,-0.505,9.535,3.75
1427426206648,37.489788,139.933279,6,0.465,-0.511,9.684,3.75
1427426206748,37.489785,139.933278,6,0.396,-0.414,9.578,3.75
1427426206849,37.489781,139.933276,6,0.434,-0.314,9.261,3.75
1427426206950,37.489778,139.933275,6,0.474,-0.175,9.075,3.75
1427426207050,37.489774,139.933274,6,0.405,-0.225,9.582,3.75
1427426207151,37.489771,139.933272,6,0.51,-0.119,9.942,3.775
1427426207247,37.489768,139.933271,6,0.59,-0.051,9.366,3.798
1427426207348,37.489764,139.933269,6,0.665,0.067,8.819,3.823
1427426207448,37.489761,139.933267,6,0.723,0.031,9.012,3.848
1427426207549,37.489758,139.933265,6,0.752,0.011,9.591,3.873
1427426207650,37.489754,139.933263,6,0.923,-0.036,9.731,3.898
1427426207750,37.489751,139.933262,6,0.968,-0.087,9.675,3.923
1427426207851,37.489748,139.93326,6,0.955,-0.006,9.407,3.949
1427426207947,37.489745,139.933258,6,1.001,0.04,9.194,3.974
1427426208047,37.489741,139.933256,6,0.928,-0.005,9.486,3.999
1427426208148,37.489737,139.933254,5,0.871,-0.034,9.583,4.024
1427426208249,37.489734,139.933253,5,0.537,-0.052,9.483,4.049
1427426208350,37.48973,139.933251,5,0.351,-0.077,9.309,4.073
1427426208450,37.489726,139.933249,5,0.257,0.011,9.336,4.098
1427426208551,37.489723,139.933247,5,0.297,0.031,9.271,4.123
1427426208647,37.489719,139.933245,5,0.377,0.072,9.34,4.147
1427426208747,37.489715,139.933244,5,0.438,0.088,9.409,4.173
1427426208848,37.489712,139.933242,5,0.623,-0.04,9.718,4.198
1427426214845,37.489592,139.932997,8,0.626,-0.043,9.742,4.025
1427426216844,37.489569,139.932899,7,0.626,-0.044,9.769,4.0
1427426216849,37.489569,139.932899,7,0.622,-0.044,9.794,4.0
1427426216950,37.489568,139.932894,7,0.327,-0.008,9.564,4.0
1427426217051,37.489567,139.932889,6,0.042,0.108,9.153,4.0
1427426217151,37.489566,139.932884,6,-0.081,0.201,8.792,4.0
1427426217247,37.489566,139.932879,6,-0.16,0.236,8.791,4.0
1427426217348,37.489565,139.932874,6,-0.169,0.22,9.059,4.0
1427426217448,37.489564,139.93287,6,-0.14,0.123,9.332,4.0
1427426217549,37.489564,139.932865,6,-0.171,0.063,9.775,4.0
1427426217650,37.489563,139.93286,6,-0.115,0.005,10.18,4.0
1427426217751,37.489562,139.932855,6,-0.156,0.004,9.841,4.0
1427426217851,37.489561,139.93285,6,-0.195,0.152,9.099,4.0
1427426217947,37.489561,139.932845,6,-0.204,0.173,8.716,4.0
1427426218048,37.48956,139.93284,6,-0.183,0.086,9.054,4.0
1427426218148,37.48956,139.932835,6,-0.127,-0.006,9.773,4.0
1427426218249,37.48956,139.932831,6,-0.092,-0.082,10.242,4.0
1427426218350,37.489559,139.932826,6,-0.065,-0.03,9.994,4.0
1427426218450,37.489559,139.932821,6,-0.053,0.077,9.439,4.0
1427426218551,37.489559,139.932816,6,-0.086,0.133,9.046,4.0
1427426218647,37.489559,139.932812,6,-0.175,0.158,9.089,4.0
1427426218748,37.489559,139.932807,6,-0.214,0.146,9.292,4.0
1427426218848,37.489558,139.932802,6,-0.205,0.094,9.533,4.0
1427426218949,37.489558,139.932798,6,-0.213,0.068,9.742,4.0
1427426219050,37.489558,139.932793,5,-0.247,0.089,9.647,4.0
1427426219150,37.489558,139.932788,5,-0.263,0.145,9.337,4.0
1427426219251,37.489558,139.932784,5,-0.255,0.17,9.208,4.0
1427426219347,37.489558,139.932779,5,-0.293,0.168,9.331,4.0
1427426219448,37.489558,139.932775,5,-0.304,0.128,9.516,4.0
1427426219548,37.489558,139.93277,5,-0.258,0.111,9.609,4.0
1427426219649,37.489558,139.932765,5,-0.206,0.1,9.642,4.0
1427426219750,37.489558,139.932761,5,-0.093,0.099,9.552,4.0
1427426219850,37.489558,139.932756,5,-0.081,0.13,9.421,4.0
1427426219951,37.489558,139.932752,5,-0.144,0.132,9.338,4.0
1427426220047,37.489558,139.932747,5,-0.175,0.115,9.415,4.0
1427426220147,37.489558,139.932743,5,-0.262,0.079,9.656,4.0
1427426220248,37.489558,139.932738,5,-0.321,0.068,9.712,4.0
1427426220349,37.489559,139.932733,5,-0.4,0.133,9.531,4.0
1427426220450,37.489559,139.932729,5,-0.478,0.177,9.33,4.0
1427426220550,37.489559,139.932724,5,-0.506,0.218,9.231,4.0
1427426220651,37.489559,139.932719,5,-0.485,0.209,9.266,4.0
1427426220747,37.489559,139.932715,5,-0.381,0.182,9.347,4.0
1427426220847,37.48956,139.93271,5,-0.314,0.129,9.595,4.0
1427426220948,37.48956,139.932706,5,-0.311,0.117,9.726,4.0
1427426221049,37.48956,139.932701,5,-0.326,0.199,9.379,4.0
1427426221150,37.48956,139.932696,4,-0.399,0.221,9.159,4.0
1427426221250,37.48956,139.932692,4,-0.472,0.201,9.332,4.0
1427426221351,37.48956,139.932687,4,-0.483,0.155,9.498,4.0
1427426221447,37.48956,139.932682,4,-0.557,0.162,9.402,4.0
1427426221547,37.48956,139.932678,4,-0.705,0.245,8.939,4.0
1427426221648,37.48956,139.932673,4,-0.664,0.208,9.113,4.0
1427426221749,37.48956,139.932668,4,-0.521,0.025,9.735,4.0
1427426221849,37.48956,139.932663,4,-0.419,-0.027,9.805,4.0
1427426221950,37.48956,139.932659,4,-0.339,-0.104,9.714,4.0
1427426222051,37.48956,139.932654,4,-0.265,-0.184,9.944,4.0
1427426222147,37.48956,139.932649,4,-0.147,-0.238,10.093,4.0
1427426222247,37.489559,139.932645,4,-0.093,-0.13,9.599,4.0
1427426222348,37.489559,139.93264,4,-0.203,0.049,8.927,4.0
1427426222449,37.489558,139.932635,4,-0.364,0.212,8.628,4.0
1427426222549,37.489558,139.932631,4,-0.461,0.201,8.882,4.0
1427426222650,37.489558,139.932626,4,-0.549,0.063,9.702,4.0
1427426222751,37.489557,139.932621,4,-0.426,0.023,9.904,4.0
1427426224846,37.489548,139.932525,4,-0.217,-0.023,9.693,4.0
1427426224851,37.489548,139.932525,4,-0.207,-0.028,9.693,4.0
1427426224951,37.489547,139.93252,4,-0.13,-0.146,10.071,4.0
1427426225047,37.489547,139.932516,4,-0.27,-0.141,10.316,4.0
1427426225148,37.489547,139.932511,4,-0.452,-0.036,9.855,4.0
1427426225248,37.489546,139.932506,4,-0.468,0.093,9.242,4.0
1427426225349,37.489546,139.932502,4,-0.366,0.123,9.092,4.0
1427426225450,37.489546,139.932497,4,-0.108,0.088,9.353,4.0
1427426225550,37.489545,139.932492,4,0.135,0.051,9.341,4.0
1427426225651,37.489545,139.932487,4,0.258,0.011,9.37,4.0
1427426225747,37.489545,139.932483,4,0.326,-0.025,9.594,4.0
1427426225848,37.489545,139.932478,4,0.349,-0.018,9.606,4.0
1427426225948,37.489544,139.932473,4,0.289,-0.054,9.759,4.0
1427426226049,37.489544,139.932468,4,0.155,-0.036,9.719,4.0
1427426226150,37.489544,139.932463,4,0.087,0.049,9.198,4.0
1427426226250,37.489544,139.932459,4,0.068,0.12,9.053,4.0
1427426226351,37.489543,139.932454,4,0.016,0.11,9.377,4.0
1427426226447,37.489543,139.932449,4,-0.04,0.062,9.677,4.0
1427426226547,37.489543,139.932445,4,-0.035,0.062,9.565,4.0
1427426226648,37.489543,139.93244,4,-0.053,0.04,9.535,4.0
1427426226749,37.489543,139.932435,4,-0.0,0.034,9.585,4.0
1427426226850,37.489542,139.93243,4,0.186,0.068,9.356,4.0
1427426226950,37.489542,139.932426,4,0.359,0.068,9.161,4.0
1427426227051,37.489542,139.932421,4,0.521,0.004,9.424,4.0
1427426227147,37.489543,139.932417,4,0.624,-0.128,9.82,4.0
1427426227247,37.489543,139.932413,4,0.663,-0.153,9.811,4.0
1427426227348,37.489544,139.932408,4,0.652,-0.125,9.558,4.0
1427426227449,37.489545,139.932404,4,0.62,-0.06,9.401,4.0
1427426227549,37.489545,139.9324,4,0.584,-0.023,9.309,4.0
1427426227650,37.489546,139.932395,4,0.578,-0.037,9.207,4.0
1427426227751,37.489547,139.932391,4,0.589,-0.076,9.207,4.0
1427426227847,37.489548,139.932387,4,0.565,-0.061,9.237,4.0
1427426227947,37.489548,139.932382,4,0.623,-0.183,9.454,4.0
1427426228048,37.489549,139.932378,4,0.699,-0.159,9.48,4.0
1427426228149,37.48955,139.932374,4,0.753,-0.21,9.571,4.0
1427426228249,37.489552,139.93237,4,0.858,-0.327,9.763,4.0
1427426228350,37.489553,139.932365,4,0.927,-0.408,9.769,4.0
1427426228451,37.489554,139.932361,4,0.832,-0.357,9.52,4.0
1427426228547,37.489555,139.932357,4,0.743,-0.325,9.362,4.0
1427426228647,37.489557,139.932353,4,0.601,-0.287,9.488,4.0
1427426228748,37.489558,139.932349,4,0.518,-0.24,9.229,4.0
1427426230848,37.489605,139.932273,5,0.453,-0.187,9.111,4.0
1427426230948,37.489607,139.93227,5,0.45,-0.211,9.215,4.0
1427426231049,37.48961,139.932267,5,0.498,-0.186,9.299,4.0
1427426231150,37.489613,139.932264,5,0.497,-0.151,9.407,3.974
1427426231251,37.489616,139.932262,5,0.472,-0.212,9.57,3.948
1427426231351,37.48962,139.932259,5,0.459,-0.212,9.584,3.923
1427426231447,37.489623,139.932257,5,0.467,-0.189,9.399,3.899
1427426231548,37.489626,139.932254,5,0.529,-0.233,9.212,3.873
1427426231648,37.489629,139.932252,5,0.653,-0.25,9.232,3.849
1427426231749,37.489632,139.932249,5,0.807,-0.256,9.444,3.824
1427426231850,37.489635,139.932247,5,0.959,-0.273,9.688,3.799
1427426231950,37.489638,139.932244,5,1.007,-0.312,9.873,3.774
1427426232051,37.489641,139.932242,5,0.965,-0.265,9.702,3.75
1427426232147,37.489644,139.93224,5,0.866,-0.167,9.348,3.75
1427426232248,37.489648,139.932239,5,0.796,-0.07,8.902,3.75
1427426232348,37.489651,139.932237,5,0.712,-0.06,8.954,3.75
1427426232449,37.489655,139.932236,5,0.536,-0.146,9.549,3.75
1427426232550,37.489658,139.932234,5,0.513,-0.196,9.799,3.75
1427426232650,37.489661,139.932232,5,0.556,-0.123,9.35,3.75
1427426232751,37.489665,139.932231,5,0.651,-0.075,9.126,3.75
1427426232847,37.489668,139.932229,5,0.768,-0.134,9.369,3.75
1427426232947,37.489672,139.932228,5,0.878,-0.248,9.692,3.75
1427426233048,37.489675,139.932226,5,0.992,-0.289,9.686,3.75
1427426233149,37.489679,139.932225,5,1.001,-0.313,9.642,3.75
1427426233250,37.489683,139.932225,5,0.989,-0.3,9.586,3.75
1427426233350,37.489687,139.932224,5,1.07,-0.257,9.313,3.75
1427426233451,37.489691,139.932224,5,1.135,-0.256,9.408,3.75
1427426233547,37.489694,139.932223,5,1.099,-0.261,9.614,3.75
1427426233647,37.489698,139.932222,5,0.906,-0.256,9.36,3.75
1427426233748,37.489702,139.932222,5,0.622,-0.266,9.273,3.75
1427426233849,37.489706,139.932221,5,0.45,-0.292,9.561,3.75
1427426233949,37.48971,139.932221,5,0.531,-0.313,9.589,3.75
1427426234050,37.489714,139.93222,5,0.772,-0.346,9.49,3.75
1427426234151,37.489718,139.93222,5,1.015,-0.376,9.439,3.75
1427426234247,37.489722,139.932221,5,1.144,-0.393,9.394,3.75
1427426234347,37.489726,139.932221,5,1.224,-0.433,9.378,3.75
1427426234448,37.48973,139.932222,5,1.292,-0.408,9.376,3.75
1427426234549,37.489733,139.932222,5,1.267,-0.396,9.538,3.75
1427426234649,37.489737,139.932222,5,1.141,-0.435,9.855,3.75
1427426234750,37.489741,139.932223,5,0.918,-0.383,9.761,3.75
1427426234851,37.489745,139.932223,5,0.703,-0.247,9.263,3.75
1427426234947,37.489749,139.932224,5,0.546,-0.15,8.846,3.75
1427426235047,37.489753,139.932224,5,0.417,-0.076,8.81,3.75
1427426235148,37.489757,139.932225,5,0.25,-0.189,9.422,3.75
1427426235249,37.489761,139.932226,5,0.288,-0.372,10.192,3.75
1427426235349,37.489765,139.932227,5,0.475,-0.44,10.345,3.75
1427426235450,37.489769,139.932228,5,0.589,-0.354,9.872,3.75
1427426235551,37.489773,139.932229,5,0.561,-0.227,9.265,3.75
1427426235651,37.489776,139.93223,5,0.373,-0.117,9.322,3.75
1427426235747,37.48978,139.932231,5,0.274,-0.02,9.3,3.75
1427426235848,37.489784,139.932232,5,0.124,0.029,9.113,3.75
1427426237847,37.489864,139.932256,6,0.115,0.027,9.124,3.75
1427426237948,37.489868,139.932258,6,0.053,-0.0,9.242,3.75
1427426238048,37.489872,139.932259,6,-0.034,-0.027,9.509,3.75
1427426238149,37.489876,139.93226,6,-0.065,0.01,9.614,3.75
1427426238250,37.489879,139.932262,6,-0.036,0.016,9.568,3.75
1427426238350,37.489883,139.932263,6,0.066,0.063,9.401,3.75
1427426238451,37.489887,139.932264,6,0.15,0.11,9.147,3.75
1427426238547,37.48989,139.932265,6,0.226,0.146,8.957,3.75
1427426238647,37.489894,139.932267,6,0.304,0.063,9.288,3.75
1427426238748,37.489898,139.932268,6,0.242,0.025,9.634,3.75
1427426240848,37.48997,139.932303,6,0.217,-0.029,9.957,3.75
1427426240949,37.489973,139.932305,6,0.208,-0.962,9.833,3.75
1427426241049,37.489976,139.932307,6,0.182,-1.694,9.726,3.75
1427426241151,37.489975,139.932309,6,0.152,-1.773,9.71,3.031
1427426241251,37.489975,139.93231,6,0.093,-1.291,9.759,2.394
1427426241347,37.489974,139.932311,6,0.028,-0.706,9.548,1.853
1427426241447,37.489974,139.932312,6,-0.04,-0.242,9.205,1.364
1427426241548,37.489974,139.932313,6,-0.001,0.008,8.899,0.945
1427426241649,37.489973,139.932314,6,0.09,0.068,8.943,0.603
1427426241749,37.489973,139.932314,6,0.104,0.146,9.377,0.34
1427426241850,37.489973,139.932315,6,0.247,0.448,9.895,0.15
1427426241951,37.489973,139.932315,6,0.287,0.672,9.697,0.037
1427426256845,37.490043,139.932261,4,0.241,0.192,9.448,3.141
1427426256850,37.490043,139.932261,4,0.23,0.192,9.45,3.143
1427426256951,37.490045,139.932257,4,-0.288,0.021,9.465,3.197
1427426257047,37.490046,139.932253,4,-0.574,-0.063,9.426,3.248
1427426257148,37.490047,139.932249,4,-0.595,-0.096,9.201,3.25
1427426257248,37.490047,139.932244,4,-0.468,-0.105,9.124,3.25
1427426257349,37.490048,139.93224,4,-0.301,-0.136,9.236,3.25
1427426257450,37.490048,139.932236,4,-0.136,-0.158,9.498,3.25
1427426257550,37.490049,139.932232,4,-0.001,-0.072,9.718,3.25
1427426257651,37.49005,139.932227,4,0.063,0.147,9.684,3.25
1427426257747,37.49005,139.932223,4,-0.096,0.496,9.727,3.25
1427426257847,37.490051,139.932219,4,-0.258,0.849,9.562,3.25
1427426264847,37.490087,139.93187,5,-0.263,0.858,9.554,4.25
1427426266846,37.490094,139.931759,5,-0.265,0.862,9.542,4.5
1427426270844,37.490112,139.931539,4,-0.263,0.859,9.528,4.5
1427426270849,37.490112,139.931539,4,-0.26,0.851,9.519,4.5
1427426270950,37.490113,139.931534,4,-0.221,0.531,9.617,4.5
1427426271050,37.490113,139.931528,4,-0.187,0.295,9.706,4.5
1427426271151,37.490114,139.931523,4,-0.135,0.196,9.493,4.5
1427426271247,37.490114,139.931518,4,-0.099,0.178,9.254,4.5
1427426271347,37.490115,139.931512,4,-0.031,0.139,9.366,4.5
1427426271448,37.490115,139.931507,4,-0.014,0.101,9.483,4.5
1427426271549,37.490116,139.931502,4,-0.037,0.064,9.534,4.5
1427426271650,37.490117,139.931496,4,-0.035,0.068,9.581,4.5
1427426271750,37.490117,139.931491,4,-0.043,0.076,9.491,4.5
1427426274847,37.490145,139.931309,7,-0.045,0.088,9.368,4.894
1427426274948,37.490147,139.931302,7,-0.053,-0.082,9.671,4.947
1427426275048,37.490149,139.931294,7,-0.075,-0.168,9.727,4.999
1427426275149,37.490149,139.931288,7,-0.059,-0.159,9.394,5.0
1427426275250,37.49015,139.931282,7,-0.033,-0.191,9.197,5.0
1427426275351,37.49015,139.931276,7,-0.051,-0.184,9.192,5.0
1427426275451,37.49015,139.93127,7,-0.07,-0.209,9.47,5.0
1427426275547,37.49015,139.931264,7,-0.084,-0.199,9.537,5.0
1427426275648,37.490151,139.931258,7,-0.081,-0.232,9.618,5.0
1427426275748,37.490151,139.931252,7,-0.065,-0.238,9.584,5.0
1427426275849,37.490151,139.931246,7,-0.047,-0.22,9.416,5.0
1427426275950,37.490152,139.93124,7,-0.075,-0.202,9.384,5.0
1427426276050,37.490152,139.931234,5,-0.172,-0.071,8.869,5.0
1427426276151,37.490152,139.93123,5,-0.301,-0.086,8.764,4.974
1427426276247,37.490153,139.931226,5,0.01,-0.379,9.969,4.95
1427426276348,37.490153,139.931222,5,0.222,-0.566,10.939,4.924
1427426276448,37.490154,139.931218,5,0.167,-0.602,10.437,4.899
1427426276549,37.490154,139.931214,5,0.157,-0.451,9.431,4.874
1427426276650,37.490154,139.93121,5,0.149,-0.209,8.895,4.848
1427426276750,37.490155,139.931206,5,0.116,-0.017,9.031,4.824
1427426276851,37.490155,139.931203,5,0.012,-0.02,9.163,4.799
1427426276947,37.490156,139.931199,5,-0.137,-0.117,9.374,4.775
1427426277047,37.490156,139.931195,5,-0.477,-0.21,9.756,4.751
1427426277148,37.490156,139.93119,4,-0.425,-0.143,9.657,4.725
1427426277249,37.490156,139.931184,4,-0.087,-0.077,9.153,4.699
1427426277350,37.490156,139.931179,4,0.181,-0.064,9.035,4.674
1427426277450,37.490156,139.931174,4,0.301,-0.255,9.46,4.648
1427426277551,37.490156,139.931169,4,0.159,-0.296,10.038,4.623
1427426277647,37.490156,139.931164,4,0.107,-0.327,9.956,4.599
1427426277747,37.490156,139.931158,4,-0.068,-0.157,9.551,4.574
1427426277848,37.490156,139.931153,4,-0.091,-0.118,9.167,4.549
1427426277949,37.490156,139.931148,4,-0.185,-0.046,9.144,4.525
1427426278050,37.490156,139.931143,4,-0.099,-0.029,9.334,4.5
1427426278150,37.490157,139.931138,4,-0.088,-0.102,9.387,4.5
1427426278251,37.490158,139.931133,4,-0.116,-0.068,9.656,4.5
1427426278347,37.490159,139.931129,4,0.032,-0.085,9.62,4.5
1427426278447,37.49016,139.931124,4,0.03,0.007,9.459,4.5
1427426278548,37.49016,139.931119,4,0.103,0.089,9.323,4.5
1427426278649,37.490161,139.931114,4,0.055,0.316,9.518,4.5
1427426278749,37.490162,139.931109,4,0.186,0.286,9.539,4.5
1427426281846,37.490187,139.930952,4,0.101,0.317,9.508,4.75
1427426281851,37.490187,139.930952,4,0.103,0.311,9.516,4.75
1427426281947,37.490187,139.930947,4,0.179,0.099,9.48,4.75
1427426282048,37.490188,139.930941,4,0.256,-0.065,9.152,4.75
1427426282148,37.490188,139.930936,4,0.133,-0.04,9.157,4.725
1427426282249,37.490189,139.93093,4,0.084,-0.146,9.356,4.699
1427426282350,37.490189,139.930925,4,0.132,-0.208,9.698,4.674
1427426282450,37.490189,139.93092,4,0.211,-0.288,9.601,4.648
1427426282551,37.49019,139.930915,4,0.268,-0.243,9.528,4.623
1427426282647,37.49019,139.93091,4,0.241,-0.202,9.455,4.599
1427426282748,37.49019,139.930904,4,0.244,-0.121,9.377,4.574
1427426282848,37.49019,139.930899,4,0.2,-0.177,9.233,4.549
1427426282949,37.490191,139.930894,4,0.19,-0.15,9.631,4.525
1427426283050,37.490191,139.930889,5,0.165,-0.208,9.658,4.5
1427426283150,37.490191,139.930883,5,0.096,-0.076,9.493,4.474
1427426283251,37.490191,139.930878,5,0.16,-0.104,9.184,4.449
1427426283347,37.490192,139.930873,5,0.1,-0.056,9.271,4.424
1427426283447,37.490192,139.930867,5,0.145,-0.039,9.501,4.399
1427426283548,37.490192,139.930862,5,0.174,-0.182,9.542,4.374
1427426283649,37.490192,139.930856,5,0.077,-0.12,9.581,4.349
1427426283750,37.490192,139.930851,5,0.129,0.055,8.944,4.324
1427426288845,37.490218,139.930569,4,0.058,-0.093,9.026,4.75
1427426288851,37.490218,139.930568,4,0.05,-0.104,9.048,4.75
1427426288951,37.490219,139.930563,4,-0.159,-0.168,9.394,4.75
1427426289047,37.490219,139.930557,4,-0.178,-0.296,9.921,4.75
1427426289148,37.490219,139.930552,4,-0.113,-0.308,9.846,4.725
1427426289248,37.49022,139.930547,4,-0.039,-0.281,9.539,4.699
1427426289349,37.49022,139.930542,4,-0.066,-0.146,8.936,4.674
1427426289450,37.49022,139.930537,4,0.091,-0.207,9.425,4.648
1427426289550,37.490221,139.930532,4,0.086,-0.225,9.879,4.623
1427426289651,37.490221,139.930527,4,0.107,-0.239,9.718,4.598
1427426289747,37.490221,139.930523,4,0.006,-0.282,9.379,4.574
1427426289847,37.490221,139.930518,4,0.021,-0.247,9.146,4.55
1427426289948,37.490222,139.930513,4,-0.041,-0.171,9.34,4.525
1427426290049,37.490222,139.930508,4,0.078,-0.272,9.144,4.5
1427426290150,37.490223,139.930503,4,0.367,-0.45,10.039,4.447
1427426290250,37.490223,139.930498,4,0.374,-0.541,9.82,4.395
1427426290351,37.490224,139.930494,4,0.326,-0.456,9.67,4.343
1427426290447,37.490224,139.930489,4,0.335,-0.397,9.535,4.294
1427426290547,37.490225,139.930484,4,0.42,-0.286,9.741,4.244
1427426290648,37.490226,139.93048,4,0.578,-0.411,9.587,4.194
1427426290749,37.490226,139.930475,4,0.514,-0.383,9.696,4.144
1427426292844,37.490231,139.930371,5,0.377,-0.153,9.284,4.25
1427426292849,37.490231,139.930371,5,0.379,-0.145,9.269,4.25
1427426292949,37.490231,139.930366,5,0.439,-0.198,9.635,4.25
1427426293050,37.490231,139.93036,5,0.422,-0.091,9.913,4.25
1427426293151,37.490232,139.930355,5,0.309,-0.048,9.429,4.25
1427426293251,37.490233,139.930351,5,0.111,0.069,9.187,4.25
1427426293347,37.490235,139.930346,5,0.037,0.15,9.151,4.25
1427426293448,37.490236,139.930342,5,-0.1,0.039,9.253,4.25
1427426293548,37.490237,139.930337,5,-0.217,0.092,9.263,4.25
1427426293649,37.490238,139.930332,5,-0.175,0.032,9.122,4.25
1427426293750,37.490239,139.930328,5,-0.001,-0.006,9.74,4.25
1427426295845,37.490258,139.930213,5,0.255,-0.207,10.277,4.698
1427426301847,37.490304,139.929866,7,0.265,-0.201,10.282,5.5
1427426301948,37.490305,139.929859,7,0.32,-0.174,9.945,5.5
1427426302048,37.490307,139.929852,7,0.313,-0.11,9.382,5.5
1427426302149,37.490308,139.929845,7,0.241,0.006,9.023,5.475
1427426302250,37.490309,139.929837,7,0.232,-0.005,9.407,5.449
1427426302350,37.490309,139.92983,7,0.069,0.015,9.582,5.424
1427426302451,37.49031,139.929822,7,-0.058,0.043,9.43,5.398
1427426302547,37.490311,139.929815,7,-0.024,0.084,9.163,5.374
1427426302647,37.490312,139.929808,7,0.161,0.108,9.014,5.349
1427426302748,37.490313,139.929801,7,0.39,0.042,9.258,5.324
1427426309848,37.490391,139.929275,7,0.399,0.075,9.579,7.0
1427426309949,37.490394,139.929269,7,0.397,-0.13,9.702,7.0
1427426310050,37.490396,139.929263,7,0.494,-0.172,9.546,7.0
1427426310150,37.490396,139.929257,7,0.522,-0.117,9.339,6.975
1427426310251,37.490396,139.929251,7,0.525,-0.193,9.311,6.949
1427426310347,37.490396,139.929245,7,0.462,-0.168,9.401,6.925
1427426310447,37.490396,139.929239,7,0.324,-0.146,9.235,6.9
1427426310548,37.490396,139.929233,7,0.352,-0.221,9.407,6.874
1427426310649,37.490396,139.929227,7,0.144,-0.312,9.814,6.849
1427426310749,37.490396,139.929221,7,-0.034,-0.294,9.597,6.824
1427426310850,37.490396,139.929215,7,-0.016,-0.157,9.388,6.799
1427426310951,37.490396,139.929209,7,0.052,-0.18,9.11,6.774
1427426311047,37.490396,139.929203,7,-0.111,-0.231,9.567,6.751
1427426311147,37.490398,139.929196,7,-0.113,-0.213,9.505,6.75
1427426311248,37.490399,139.929189,7,-0.167,-0.111,9.239,6.75
1427426311349,37.490401,139.929181,7,-0.132,-0.14,9.157,6.75
1427426311449,37.490402,139.929174,7,-0.109,-0.21,9.659,6.75
1427426311550,37.490404,139.929167,7,-0.084,-0.268,9.723,6.75
1427426311651,37.490405,139.929159,7,-0.027,-0.059,9.551,6.75
1427426311751,37.490407,139.929152,7,0.072,-0.148,9.542,6.75
1427426311847,37.490408,139.929145,7,0.031,-0.152,9.719,6.75
1427426311948,37.49041,139.929138,7,0.016,-0.174,9.614,6.75
1427426312049,37.490411,139.929131,7,-0.025,-0.075,9.479,6.75
1427426312149,37.490413,139.929123,7,0.071,-0.028,9.258,6.75
1427426312250,37.490415,139.929116,7,0.081,-0.144,9.247,6.75
1427426312351,37.490416,139.929109,7,0.036,-0.117,9.802,6.75
1427426312451,37.490418,139.929101,7,0.103,-0.092,9.715,6.75
1427426312547,37.490419,139.929094,7,0.121,-0.056,9.25,6.75
1427426312649,37.490421,139.929087,7,0.098,0.08,9.021,6.75
1427426312748,37.490422,139.92908,7,0.07,0.07,8.896,6.75
1427426312849,37.490424,139.929073,7,0.005,0.039,9.225,6.75
1427426312950,37.490425,139.929065,7,0.027,0.177,9.795,6.75
1427426313051,37.490427,139.929058,7,0.07,0.227,9.591,6.75
1427426313151,37.490427,139.92905,7,0.052,0.346,9.634,6.799
1427426313247,37.490428,139.929042,7,0.153,0.273,9.685,6.846
1427426313348,37.490428,139.929033,7,0.084,0.352,9.795,6.895
1427426313448,37.490429,139.929025,7,0.157,0.367,9.645,6.945
1427426313549,37.490429,139.929016,7,0.137,0.312,9.175,6.995
1427426313650,37.490429,139.929008,7,0.262,0.404,9.009,7.046
1427426313750,37.49043,139.928999,7,0.246,0.281,9.08,7.096
1427426315845,37.490453,139.928831,6,0.31,0.157,9.487,6.55
1427426315850,37.490453,139.92883,6,0.313,0.142,9.498,6.549
1427426315951,37.490455,139.928823,6,0.236,-0.002,9.567,6.524
1427426316047,37.490456,139.928816,6,0.182,-0.091,9.146,6.501
1427426316147,37.490457,139.928809,6,0.049,-0.08,9.014,6.5
1427426316248,37.490457,139.928802,6,-0.039,-0.082,9.46,6.5
1427426316349,37.490458,139.928794,6,-0.018,-0.134,9.666,6.5
1427426316450,37.490458,139.928787,6,0.146,-0.201,9.61,6.5
1427426316550,37.490459,139.92878,6,0.162,-0.19,9.579,6.5
1427426316651,37.49046,139.928773,6,0.182,-0.211,9.871,6.5
1427426316747,37.49046,139.928766,6,0.161,-0.191,9.873,6.5
1427426316847,37.490461,139.928759,6,0.111,-0.155,9.48,6.5
1427426318846,37.49047,139.928609,8,0.111,-0.143,9.468,6.5
1427426322008,37.490462,139.928351,8,0.108,-0.129,9.46,6.25
1427426322048,37.490462,139.928348,8,0.049,-0.078,9.379,6.25
1427426322149,37.490462,139.928341,7,-0.08,-0.127,9.375,6.225
1427426322249,37.490462,139.928334,7,-0.149,-0.135,9.404,6.199
1427426322350,37.490462,139.928328,7,-0.14,-0.197,9.611,6.174
1427426322451,37.490462,139.928321,7,-0.136,-0.227,9.731,6.149
1427426322547,37.490462,139.928314,7,-0.122,-0.238,9.51,6.124
1427426322647,37.490462,139.928308,7,-0.136,-0.178,9.149,6.1
1427426322748,37.490462,139.928301,7,-0.179,-0.122,9.163,6.074
1427426322849,37.490462,139.928294,7,-0.183,-0.143,9.585,6.049
1427426322949,37.490462,139.928288,7,-0.153,-0.054,9.797,6.025
1427426323050,37.490462,139.928281,12,-0.068,0.158,9.566,6.0
1427426323151,37.490463,139.928276,12,-0.014,0.246,9.1,6.0
1427426323247,37.490463,139.928271,12,0.022,0.283,9.079,6.0
1427426323347,37.490464,139.928266,12,0.05,0.303,9.433,6.0
1427426323448,37.490465,139.928261,12,0.04,0.185,9.77,6.0
1427426323549,37.490465,139.928256,12,0.041,0.129,9.701,6.0
1427426323649,37.490466,139.928251,12,0.049,0.095,9.599,6.0
1427426323750,37.490467,139.928246,12,0.003,-0.009,9.568,6.0
1427426323851,37.490468,139.928241,12,-0.044,-0.268,9.401,6.0
1427426323951,37.490468,139.928236,12,-0.076,-0.263,9.453,6.0
1427426324047,37.490469,139.928231,12,-0.131,-0.135,9.461,6.0
1427426324148,37.490472,139.928227,14,-0.169,-0.136,9.24,6.0
1427426324249,37.490474,139.928223,14,-0.105,-0.228,9.117,6.0
1427426324349,37.490477,139.928218,14,-0.039,-0.221,9.305,6.0
1427426324450,37.490479,139.928214,14,0.022,-0.204,9.459,6.0
1427426324551,37.490482,139.92821,14,0.03,-0.195,9.444,6.0
1427426324651,37.490485,139.928206,14,0.036,-0.138,9.391,6.0
1427426324747,37.490487,139.928202,14,0.067,-0.051,9.447,6.0
1427426324848,37.49049,139.928197,14,0.005,-0.105,9.702,6.0
1427426324949,37.490492,139.928193,14,-0.046,-0.208,9.722,6.0
1427426325049,37.490495,139.928189,14,-0.029,-0.184,9.242,6.0
1427426325150,37.490495,139.928182,14,0.022,-0.092,9.001,6.0
1427426325251,37.490495,139.928175,14,-0.032,-0.095,9.349,6.0
1427426325351,37.490496,139.928168,14,-0.071,-0.112,9.545,6.0
1427426325447,37.490496,139.928162,14,-0.071,-0.162,9.569,6.0
1427426325548,37.490496,139.928155,14,0.053,-0.198,9.566,6.0
1427426325648,37.490496,139.928148,14,0.161,-0.219,9.771,6.0
1427426325749,37.490496,139.928141,14,0.153,-0.187,9.674,6.0
1427426325850,37.490497,139.928134,14,0.18,-0.243,9.587,6.0
1427426325951,37.490497,139.928127,14,0.047,-0.042,9.13,6.0
1427426326051,37.490497,139.92812,12,-0.069,-0.002,8.941,6.0
1427426326147,37.490498,139.928113,12,-0.155,-0.012,8.995,5.975
1427426326248,37.490498,139.928106,12,-0.026,-0.124,9.446,5.95
1427426326348,37.490499,139.928099,12,0.086,-0.215,9.898,5.924
1427426326449,37.4905,139.928092,12,0.148,-0.318,9.855,5.899
1427426326550,37.490501,139.928085,12,0.258,-0.234,9.754,5.874
1427426326650,37.490501,139.928078,12,0.238,-0.202,9.474,5.849
1427426326751,37.490502,139.928071,12,0.142,-0.129,9.314,5.824
1427426326847,37.490503,139.928064,12,-0.043,-0.101,9.452,5.8
1427426326947,37.490503,139.928057,12,-0.157,-0.132,9.516,5.775
1427426327048,37.490504,139.92805,12,-0.163,-0.127,9.444,5.75
1427426327149,37.490505,139.928044,12,-0.097,-0.126,9.374,5.75
1427426327250,37.490506,139.928038,12,0.041,-0.147,9.452,5.75
1427426327350,37.490507,139.928032,12,0.1,-0.129,9.391,5.75
1427426327451,37.490508,139.928026,12,0.145,-0.146,9.338,5.75
1427426327547,37.490508,139.92802,12,0.154,-0.193,9.581,5.75
1427426327647,37.490509,139.928014,12,0.152,-0.215,9.686,5.75
1427426327748,37.49051,139.928008,12,0.138,-0.185,9.536,5.75
1427426327849,37.490511,139.928002,12,0.145,-0.158,9.376,5.75
1427426327950,37.490512,139.927996,12,0.151,-0.167,9.263,5.75
1427426328050,37.490513,139.92799,11,0.06,-0.195,9.514,5.75
1427426328151,37.490514,139.927984,11,0.04,-0.217,9.593,5.724
1427426328247,37.490515,139.927979,11,0.039,-0.161,9.504,5.7
1427426328347,37.490515,139.927973,11,0.069,-0.101,9.27,5.675
1427426328448,37.490516,139.927968,11,0.069,-0.159,9.408,5.649
1427426328549,37.490517,139.927962,11,0.081,-0.203,9.654,5.624
1427426328650,37.490518,139.927957,11,0.13,-0.206,9.641,5.599
1427426328750,37.490519,139.927951,11,0.142,-0.169,9.474,5.574
1427426328851,37.490519,139.927946,11,0.139,-0.121,9.337,5.549
1427426328947,37.49052,139.927941,11,0.124,-0.14,9.391,5.525
1427426329047,37.490521,139.927935,11,0.11,-0.174,9.566,5.501
1427426329148,37.490523,139.927932,14,0.105,-0.162,9.566,5.449
1427426329249,37.490525,139.927929,14,0.098,-0.128,9.388,5.397
1427426329349,37.490527,139.927927,14,0.121,-0.137,9.431,5.346
1427426329450,37.490529,139.927924,14,0.159,-0.185,9.624,5.294
1427426329551,37.490531,139.927921,14,0.196,-0.193,9.604,5.244
1427426329647,37.490533,139.927919,14,0.184,-0.138,9.494,5.196
1427426329747,37.490534,139.927916,14,0.171,-0.105,9.303,5.146
1427426329848,37.490536,139.927913,14,0.189,-0.122,9.316,5.097
1427426329949,37.490538,139.927911,14,0.174,-0.176,9.554,5.048
1427426330049,37.49054,139.927908,14,0.2,-0.194,9.542,5.0
1427426330150,37.49054,139.927901,14,0.206,-0.141,9.331,5.0
1427426330251,37.49054,139.927894,14,0.211,-0.159,9.328,5.0
1427426330352,37.49054,139.927887,14,0.222,-0.127,9.311,5.0
1427426330447,37.49054,139.92788,14,0.242,-0.147,9.27,5.0
1427426330548,37.49054,139.927873,14,0.262,-0.194,9.439,5.0
1427426330649,37.49054,139.927866,14,0.256,-0.231,9.674,5.0
1427426330749,37.49054,139.927859,14,0.302,-0.243,9.664,5.0
1427426330850,37.49054,139.927852,14,0.247,-0.223,9.501,5.0
1427426330951,37.49054,139.927845,14,0.193,-0.245,9.415,5.0
1427426331051,37.49054,139.927838,14,0.224,-0.195,9.424,5.0
1427426331147,37.490542,139.927837,14,0.216,-0.235,9.48,4.975
1427426331248,37.490544,139.927835,14,0.235,-0.225,9.568,4.949
1427426331349,37.490545,139.927833,14,0.236,-0.196,9.485,4.924
1427426331449,37.490547,139.927832,14,0.248,-0.208,9.505,4.899
1427426331550,37.490549,139.92783,14,0.292,-0.199,9.59,4.873
1427426331651,37.490551,139.927829,14,0.288,-0.194,9.513,4.848
1427426331751,37.490553,139.927827,14,0.215,-0.156,9.44,4.823
1427426331847,37.490554,139.927826,14,0.128,-0.166,9.51,4.8
1427426331948,37.490556,139.927824,14,0.103,-0.173,9.608,4.775
1427426332048,37.490558,139.927823,14,0.115,-0.195,9.613,4.75
1427426332149,37.490559,139.927819,14,0.232,-0.211,9.654,4.725
1427426332250,37.490561,139.927816,14,0.26,-0.162,9.505,4.699
1427426332351,37.490562,139.927812,14,0.279,-0.125,9.293,4.673
1427426332451,37.490563,139.927808,14,0.301,-0.089,9.211,4.648
1427426332547,37.490565,139.927805,14,0.329,-0.114,9.295,4.624
1427426332648,37.490566,139.927801,14,0.291,-0.139,9.483,4.599
1427426332748,37.490567,139.927798,14,0.24,-0.112,9.331,4.574
1427426332849,37.490568,139.927794,14,0.253,-0.095,9.275,4.549
1427426332950,37.49057,139.927791,14,0.32,-0.158,9.386,4.524
1427426333050,37.490571,139.927787,12,0.406,-0.185,9.433,4.5
1427426333151,37.490572,139.927782,12,0.462,-0.242,9.573,4.5
1427426333247,37.490573,139.927778,12,0.432,-0.26,9.654,4.5
1427426333348,37.490573,139.927773,12,0.358,-0.305,9.753,4.5
1427426333448,37.490574,139.927768,12,0.306,-0.23,9.558,4.5
1427426333549,37.490575,139.927763,12,0.269,-0.159,9.338,4.5
1427426333650,37.490576,139.927758,12,0.238,-0.142,9.365,4.5
1427426333750,37.490577,139.927753,12,0.215,-0.149,9.444,4.5
1427426335845,37.490594,139.927663,12,0.226,-0.128,9.429,4.3
1427426335850,37.490594,139.927663,12,0.227,-0.132,9.452,4.299
1427426335951,37.490595,139.927658,12,0.106,-0.126,9.608,4.274
1427426336047,37.490595,139.927653,12,-0.029,-0.088,9.424,4.251
1427426336147,37.490596,139.927648,10,-0.073,-0.045,9.328,4.25
1427426336248,37.490596,139.927644,10,-0.051,-0.061,9.354,4.25
1427426336349,37.490597,139.927639,10,-0.043,-0.104,9.514,4.25
1427426336449,37.490597,139.927634,10,-0.049,-0.062,9.43,4.25
1427426336550,37.490598,139.927629,10,-0.102,0.011,9.425,4.25
1427426336651,37.490598,139.927624,10,-0.089,-0.024,9.705,4.25
1427426336747,37.490599,139.92762,10,-0.083,-0.073,9.672,4.25
1427426336847,37.490599,139.927615,10,0.019,-0.078,9.485,4.25
1427426336948,37.4906,139.92761,10,0.126,-0.049,9.575,4.25
1427426337049,37.4906,139.927606,10,0.146,-0.087,9.46,4.25
1427426337149,37.490601,139.927601,10,0.146,-0.05,9.22,4.25
1427426337250,37.490602,139.927596,10,0.017,-0.028,9.405,4.25
1427426337351,37.490602,139.927591,10,-0.087,-0.048,9.539,4.25
1427426337451,37.490603,139.927586,10,-0.101,0.002,9.514,4.25
1427426337547,37.490603,139.927582,10,-0.125,-0.08,9.625,4.25
1427426337648,37.490604,139.927577,10,-0.048,0.013,9.465,4.25
1427426337748,37.490604,139.927572,10,0.042,0.063,9.211,4.25
1427426337849,37.490605,139.927568,10,0.051,0.027,9.486,4.25
1427426337950,37.490605,139.927563,10,0.011,-0.012,9.673,4.25
1427426338051,37.490606,139.927558,7,0.063,0.012,9.496,4.25
1427426338151,37.490606,139.927553,7,0.143,0.004,9.48,4.25
1427426338247,37.490606,139.927548,7,0.143,0.023,9.596,4.25
1427426338348,37.490606,139.927543,7,0.078,-0.002,9.369,4.25
1427426338448,37.490606,139.927538,7,0.036,-0.007,9.361,4.25
1427426338549,37.490606,139.927533,7,0.016,-0.139,9.518,4.25
1427426338650,37.490606,139.927527,7,0.031,-0.125,9.6,4.25
1427426338751,37.490606,139.927522,7,0.136,-0.166,9.404,4.25
1427426338851,37.490606,139.927517,7,0.01,-0.155,9.449,4.25
1427426338947,37.490606,139.927512,7,-0.044,-0.132,9.458,4.25
1427426339048,37.490606,139.927507,7,-0.116,-0.209,9.434,4.25
1427426339148,37.490606,139.927501,8,-0.12,-0.184,9.638,4.225
1427426339249,37.490605,139.927496,8,-0.159,-0.204,9.43,4.199
1427426339350,37.490605,139.92749,8,-0.088,-0.167,9.486,4.173
1427426339450,37.490605,139.927485,8,0.09,-0.245,9.439,4.148
1427426339551,37.490604,139.927479,8,0.207,-0.288,9.609,4.123
1427426339647,37.490604,139.927474,8,0.285,-0.288,9.736,4.099
1427426339748,37.490604,139.927468,8,0.185,-0.249,9.615,4.074
1427426339848,37.490604,139.927463,8,0.124,-0.182,9.395,4.049
1427426339949,37.490603,139.927457,8,-0.072,-0.14,9.136,4.025
1427426340050,37.490603,139.927452,9,-0.099,-0.149,9.309,4.0
1427426340150,37.490605,139.927451,9,-0.157,-0.308,9.49,3.918
1427426340251,37.490607,139.92745,9,-0.098,-0.487,9.434,3.837
1427426340347,37.490609,139.927448,9,-0.174,-0.609,9.436,3.761
1427426340447,37.490611,139.927447,9,-0.013,-0.664,9.501,3.684
1427426340548,37.490612,139.927446,9,-0.046,-0.748,9.47,3.607
1427426340649,37.490614,139.927445,9,0.074,-0.684,9.673,3.532
1427426340750,37.490616,139.927444,9,0.098,-0.573,9.602,3.459
1427426340850,37.490618,139.927443,9,0.1,-0.363,9.645,3.388
1427426340951,37.490619,139.927442,9,0.071,-0.234,9.576,3.317
1427426341047,37.490621,139.927441,9,-0.092,-0.067,9.559,3.252
1427426341147,37.490621,139.927437,9,-0.179,-0.056,9.401,3.25
1427426341248,37.490621,139.927433,9,-0.289,0.008,9.295,3.25
1427426341349,37.490621,139.927429,9,-0.173,-0.012,9.407,3.25
1427426341449,37.490621,139.927425,9,-0.128,0.033,9.628,3.25
1427426341550,37.490622,139.927422,9,-0.024,-0.01,9.557,3.25
1427426341651,37.490622,139.927418,9,-0.01,0.034,9.585,3.25
1427426341747,37.490622,139.927414,9,0.031,-0.039,9.471,3.25
1427426341847,37.490622,139.92741,9,0.065,-0.011,9.46,3.25
1427426341948,37.490622,139.927406,9,0.067,-0.145,9.265,3.25
1427426342049,37.490622,139.927402,9,0.045,-0.222,9.3,3.25
1427426342149,37.490622,139.927399,6,-0.027,-0.523,9.399,3.197
1427426342250,37.490622,139.927396,6,-0.11,-0.668,9.691,3.143
1427426342351,37.490622,139.927392,6,-0.067,-0.821,9.494,3.091
1427426342447,37.490622,139.927389,6,-0.081,-0.872,9.387,3.042
1427426342547,37.490623,139.927386,6,-0.042,-0.928,9.621,2.991
1427426342648,37.490623,139.927383,6,-0.021,-1.008,9.524,2.941
1427426342749,37.490623,139.92738,6,-0.107,-1.022,9.378,2.892
1427426342849,37.490623,139.927378,6,-0.098,-1.086,9.498,2.844
1427426342950,37.490623,139.927375,6,-0.117,-1.137,9.457,2.796
1427426343051,37.490623,139.927372,6,-0.12,-1.107,9.45,2.749
1427426343147,37.490623,139.92737,6,-0.085,-1.181,9.441,2.697
1427426343247,37.490623,139.927368,6,-0.179,-1.171,9.453,2.644
1427426343348,37.490623,139.927366,6,-0.211,-1.105,9.337,2.591
1427426343449,37.490623,139.927364,6,-0.195,-1.212,9.298,2.539
1427426343549,37.490624,139.927362,6,-0.218,-1.306,9.677,2.488
1427426343650,37.490624,139.92736,6,-0.122,-1.348,9.862,2.438
1427426343751,37.490624,139.927358,6,-0.049,-1.384,9.535,2.389
1427426343851,37.490624,139.927356,6,-0.107,-1.304,9.318,2.342
1427426343947,37.490624,139.927355,6,-0.182,-1.284,9.251,2.297
1427426344048,37.490624,139.927353,6,-0.231,-1.347,9.254,2.251
1427426344148,37.490624,139.927356,5,-0.33,-1.378,9.504,1.831
1427426344249,37.490624,139.927358,5,-0.262,-1.357,9.724,1.444
1427426344350,37.490625,139.927361,5,-0.187,-1.4,9.489,1.103
1427426344451,37.490625,139.927363,5,-0.211,-1.378,9.319,0.807
1427426344551,37.490625,139.927364,5,-0.157,-1.362,9.417,0.56
1427426344647,37.490625,139.927366,5,-0.177,-1.43,9.449,0.365
1427426344748,37.490625,139.927367,5,-0.173,-1.072,9.741,0.205
1427426344848,37.490625,139.927367,5,-0.071,-0.382,9.904,0.092
1427426344949,37.490625,139.927368,5,0.031,0.068,9.58,0.023
1427426406844,37.49074,139.926571,12,0.006,0.026,9.419,5.551
1427426406849,37.49074,139.926571,12,0.004,0.031,9.426,5.549
1427426406950,37.490743,139.926565,12,-0.051,-0.045,9.603,5.524
1427426407051,37.490745,139.92656,12,-0.067,-0.123,9.642,5.5
1427426407151,37.490745,139.926554,12,-0.075,-0.178,9.504,5.525
1427426407247,37.490746,139.926548,12,-0.07,-0.172,9.355,5.548
1427426407348,37.490746,139.926541,12,-0.044,-0.15,9.409,5.573
1427426407448,37.490746,139.926535,12,-0.056,-0.081,9.506,5.598
1427426407549,37.490746,139.926528,12,-0.111,0.007,9.394,5.623
1427426407650,37.490747,139.926522,12,-0.086,0.25,9.369,5.649
1427426407751,37.490747,139.926515,12,-0.053,0.595,9.135,5.674
1427426411844,37.490776,139.926247,13,-0.03,0.683,9.007,6.051
1427426411849,37.490776,139.926247,13,-0.029,0.677,9.016,6.049
1427426411950,37.490779,139.926241,13,-0.142,0.347,9.125,6.025
1427426412051,37.490782,139.926236,13,-0.219,0.1,9.404,6.0
1427426412152,37.490782,139.926229,13,-0.11,-0.01,9.563,6.0
1427426412247,37.490781,139.926222,13,-0.003,-0.011,9.453,6.0
1427426412348,37.490781,139.926214,13,-0.0,0.026,9.148,6.0
1427426412449,37.490781,139.926207,13,-0.064,-0.003,9.154,6.0
1427426412549,37.49078,139.9262,13,-0.075,-0.009,9.361,6.0
1427426412650,37.49078,139.926192,13,-0.135,-0.015,9.409,6.0
1427426412751,37.49078,139.926185,13,-0.12,0.055,9.029,6.0
1427426412851,37.49078,139.926178,13,-0.203,-0.052,9.326,6.0
1427426412947,37.490779,139.926171,13,-0.174,-0.16,9.751,6.0
1427426413048,37.490779,139.926163,13,-0.075,-0.238,9.84,6.0
1427426413149,37.490779,139.926156,11,0.046,-0.237,9.74,6.0
1427426413249,37.490779,139.92615,11,0.07,-0.171,9.461,6.0
1427426413350,37.490779,139.926143,11,0.037,-0.145,9.334,6.0
1427426413451,37.490779,139.926137,11,0.019,-0.165,9.481,6.0
1427426413551,37.490779,139.92613,11,-0.073,-0.12,9.533,6.0
1427426413647,37.490779,139.926124,11,-0.22,-0.103,9.328,6.0
1427426413748,37.490779,139.926117,11,-0.244,-0.078,9.102,6.0
1427426413848,37.490779,139.92611,11,-0.168,-0.048,9.045,6.0
1427426413949,37.490779,139.926104,11,-0.062,-0.087,9.47,6.0
1427426414050,37.490779,139.926097,11,0.016,-0.211,9.927,6.0
1427426414151,37.490779,139.926091,11,0.04,-0.229,9.926,5.974
1427426414251,37.49078,139.926084,11,0.149,-0.189,9.42,5.949
1427426414347,37.49078,139.926078,11,0.24,-0.109,9.076,5.925
1427426414448,37.49078,139.926072,11,0.311,-0.102,9.353,5.899
1427426414548,37.490781,139.926065,11,0.279,-0.148,9.709,5.874
1427426414649,37.490781,139.926059,11,0.154,-0.12,9.424,5.849
1427426414750,37.490781,139.926053,11,0.051,-0.015,8.773,5.824
1427426414851,37.490781,139.926046,11,-0.06,-0.065,9.295,5.799
1427426414951,37.490782,139.92604,11,-0.115,-0.182,10.149,5.774
1427426415047,37.490782,139.926034,11,-0.149,-0.24,10.216,5.751
1427426415148,37.490782,139.926028,11,-0.112,-0.214,9.648,5.75
1427426415248,37.490783,139.926021,11,-0.031,-0.117,9.191,5.75
1427426415349,37.490783,139.926014,11,0.116,-0.023,9.146,5.75
1427426415450,37.490784,139.926008,11,0.154,-0.042,9.566,5.75
1427426415550,37.490784,139.926001,11,0.144,-0.038,9.652,5.75
1427426415651,37.490785,139.925994,11,0.168,-0.052,9.398,5.75
1427426415747,37.490785,139.925988,11,0.156,-0.08,9.151,5.75
1427426415848,37.490786,139.925981,11,0.186,-0.09,9.405,5.75
1427426429846,37.490904,139.924985,4,0.186,-0.093,9.428,6.25
1427426431845,37.490912,139.92483,5,0.184,-0.094,9.449,6.698
1427426434846,37.490947,139.924619,5,0.179,-0.092,9.466,6.349
1427426434851,37.490947,139.924619,5,0.174,-0.087,9.478,6.346
1427426434947,37.490948,139.924612,5,0.074,-0.042,9.395,6.3
1427426435048,37.490949,139.924605,5,-0.02,0.005,9.377,6.251
1427426435148,37.490949,139.924597,6,-0.112,0.075,9.532,6.25
1427426435249,37.490949,139.92459,6,-0.146,-0.001,9.648,6.25
1427426435350,37.490949,139.924582,6,-0.199,0.041,9.321,6.25
1427426435450,37.490949,139.924574,6,-0.194,0.06,9.204,6.25
1427426435551,37.490949,139.924566,6,-0.154,0.007,9.477,6.25
1427426435647,37.49095,139.924559,6,-0.07,-0.061,9.862,6.25
1427426435747,37.49095,139.924551,6,-0.169,0.049,9.315,6.25
1427426435848,37.49095,139.924544,6,-0.169,0.124,9.057,6.25
1427426435949,37.49095,139.924536,6,0.029,0.038,9.385,6.25
1427426436050,37.49095,139.924528,6,-0.11,-0.024,9.66,6.25
1427426436150,37.49095,139.92452,6,-0.211,-0.081,9.627,6.225
1427426436251,37.490951,139.924511,6,-0.144,-0.062,9.495,6.199
1427426436347,37.490951,139.924503,6,-0.115,0.021,9.435,6.175
1427426436447,37.490951,139.924495,6,-0.159,0.047,9.428,6.15
1427426436548,37.490952,139.924486,6,-0.259,0.05,9.589,6.124
1427426436649,37.490952,139.924478,6,-0.276,0.096,9.418,6.099
1427426436750,37.490952,139.92447,6,-0.258,0.061,9.234,6.074
1427426436850,37.490952,139.924461,6,-0.314,0.03,9.288,6.049
1427426436951,37.490953,139.924453,6,-0.408,-0.406,9.177,6.024
1427426437047,37.490953,139.924445,6,-0.414,-0.764,9.238,6.001
1427426437147,37.490954,139.924438,6,-0.274,-0.756,9.834,6.024
1427426437248,37.490955,139.92443,6,-0.141,-0.416,10.013,6.049
1427426437349,37.490956,139.924423,6,-0.025,-0.217,9.856,6.074
1427426437449,37.490957,139.924415,6,0.003,-0.056,9.452,6.099
1427426437550,37.490958,139.924407,6,-0.03,0.039,9.009,6.124
1427426437651,37.49096,139.9244,6,0.051,-0.16,9.079,6.149
1427426437752,37.490961,139.924392,6,0.106,-0.119,9.219,6.174
1427426437847,37.490962,139.924385,6,0.236,0.078,9.728,6.198
1427426444846,37.491049,139.923885,5,0.244,0.091,9.768,6.75
1427426444851,37.491049,139.923884,5,0.255,0.099,9.81,6.75
1427426444947,37.49105,139.923877,5,0.116,0.06,9.753,6.75
1427426445048,37.491051,139.923869,5,-0.071,0.174,9.741,6.75
1427426445149,37.491051,139.923861,7,-0.065,0.107,9.473,6.75
1427426445249,37.491051,139.923852,7,-0.183,0.207,9.386,6.75
1427426445350,37.491051,139.923844,7,-0.059,0.149,9.238,6.75
1427426445451,37.491051,139.923835,7,-0.037,0.034,9.657,6.75
1427426445551,37.491051,139.923827,7,-0.053,0.053,9.869,6.75
1427426445647,37.491052,139.923819,7,-0.159,0.063,9.265,6.75
1427426445748,37.491052,139.92381,7,-0.244,0.15,8.958,6.75
1427426445848,37.491052,139.923802,7,-0.122,0.053,9.204,6.75
1427426448845,37.491075,139.923582,6,-0.121,0.042,9.218,6.55
1427426448850,37.491075,139.923582,6,-0.121,0.031,9.234,6.549
1427426448950,37.491076,139.923574,6,-0.156,-0.115,9.448,6.525
1427426449051,37.491076,139.923567,6,-0.233,-0.147,9.285,6.499
1427426449147,37.491077,139.923559,6,-0.258,-0.128,9.123,6.45
1427426449247,37.491077,139.923551,6,-0.234,-0.127,9.328,6.398
1427426449348,37.491078,139.923543,6,-0.198,-0.151,9.613,6.347
1427426449449,37.491079,139.923535,6,-0.134,-0.084,9.468,6.296
1427426449549,37.49108,139.923527,6,-0.244,-0.09,9.718,6.246
1427426449650,37.49108,139.923519,6,-0.295,-0.064,9.845,6.195
1427426449751,37.491081,139.923511,6,-0.289,-0.041,9.732,6.145
1427426449847,37.491082,139.923504,6,-0.289,0.002,9.479,6.098
1427426449947,37.491082,139.923496,6,-0.294,0.035,9.319,6.05
1427426450048,37.491083,139.923488,6,-0.296,-0.015,9.426,6.001
1427426450149,37.491084,139.923483,6,-0.305,-0.107,9.823,5.975
1427426450250,37.491085,139.923478,6,-0.398,-0.19,9.894,5.949
1427426450350,37.491086,139.923473,6,-0.491,-0.217,9.454,5.924
1427426450451,37.491087,139.923469,6,-0.449,-0.235,9.394,5.898
1427426450551,37.491088,139.923464,6,-0.416,-0.196,9.389,5.873
1427426450647,37.491089,139.923459,6,-0.474,-0.026,9.013,5.849
1427426450748,37.49109,139.923454,6,-0.525,0.079,9.037,5.824
1427426450849,37.491091,139.923449,6,-0.525,-0.037,9.516,5.799
1427426450949,37.491092,139.923445,6,-0.401,-0.151,9.681,5.775
1427426451050,37.491093,139.92344,6,-0.347,-0.079,9.303,5.75
1427426451151,37.491094,139.923433,6,-0.395,-0.001,9.254,5.775
1427426451251,37.491095,139.923427,6,-0.43,-0.037,9.27,5.799
1427426451347,37.491096,139.92342,6,-0.434,-0.116,9.597,5.823
1427426451448,37.491097,139.923414,6,-0.488,-0.123,9.985,5.848
1427426451549,37.491097,139.923407,6,-0.581,-0.134,9.697,5.873
1427426451649,37.491098,139.9234,6,-0.461,-0.086,9.093,5.898
1427426451750,37.491099,139.923393,6,-0.374,-0.057,8.998,5.924
1427426451851,37.4911,139.923387,6,-0.216,-0.115,9.412,5.949
1427426451951,37.491101,139.92338,6,-0.145,-0.161,9.912,5.975
1427426452047,37.491102,139.923373,6,-0.103,-0.122,9.51,5.999
1427426452148,37.491103,139.923366,4,-0.015,-0.038,9.224,5.949
1427426452248,37.491104,139.92336,4,0.146,-0.067,9.334,5.898
1427426452349,37.491104,139.923353,4,0.146,-0.143,9.689,5.846
1427426452450,37.491105,139.923346,4,0.1,-0.251,10.068,5.795
1427426452551,37.491106,139.92334,4,-0.031,-0.205,10.037,5.744
1427426452651,37.491107,139.923333,4,-0.116,-0.1,9.379,5.694
1427426452747,37.491108,139.923327,4,-0.144,0.054,9.133,5.647
1427426452848,37.491108,139.923321,4,-0.293,-0.01,9.239,5.597
1427426460844,37.491158,139.922815,4,-0.286,0.007,9.22,6.448
1427426460849,37.491158,139.922815,4,-0.28,0.026,9.205,6.449
1427426460950,37.491159,139.922807,4,-0.381,0.078,9.194,6.475
1427426461050,37.491159,139.922799,4,-0.467,-0.151,9.261,6.5
1427426461151,37.49116,139.922792,4,-0.493,-0.232,9.4,6.448
1427426461247,37.49116,139.922785,4,-0.464,-0.119,9.465,6.398
1427426461347,37.491161,139.922778,4,-0.405,-0.146,9.372,6.347
1427426461448,37.491161,139.922771,4,-0.296,-0.252,9.283,6.296
1427426461549,37.491162,139.922764,4,-0.282,-0.272,9.6,6.246
1427426461650,37.491163,139.922757,4,-0.227,-0.245,9.468,6.195
1427426461750,37.491163,139.92275,4,-0.039,-0.257,9.133,6.146
1427426461851,37.491164,139.922743,4,0.116,-0.226,9.287,6.096
1427426461947,37.491164,139.922737,4,0.218,-0.192,9.643,6.05
1427426462047,37.491165,139.92273,4,0.252,-0.168,9.747,6.001
1427426462148,37.491166,139.922724,4,0.232,-0.151,9.559,5.975
1427426462249,37.491168,139.922717,4,0.212,-0.121,9.344,5.949
1427426462350,37.491169,139.922711,4,0.227,-0.19,9.311,5.924
1427426462450,37.49117,139.922705,4,0.281,-0.237,9.542,5.899
1427426462551,37.491172,139.922699,4,0.325,-0.206,9.541,5.873
1427426462647,37.491173,139.922693,4,0.36,-0.178,9.567,5.849
1427426462747,37.491174,139.922687,4,0.337,-0.246,9.542,5.825
1427426462848,37.491175,139.92268,4,0.328,-0.239,9.45,5.8
1427426462949,37.491177,139.922674,4,0.306,-0.188,9.459,5.775
1427426463049,37.491178,139.922668,4,0.298,-0.185,9.371,5.75
1427426463150,37.491179,139.922662,4,0.274,-0.221,9.484,5.75
1427426463251,37.491179,139.922655,4,0.245,-0.22,9.553,5.75
1427426463352,37.49118,139.922649,4,0.157,-0.261,9.764,5.75
1427426463447,37.491181,139.922643,4,0.12,-0.224,9.626,5.75
1427426463548,37.491181,139.922637,4,0.081,-0.212,9.417,5.75
1427426463649,37.491182,139.92263,4,0.078,-0.238,9.469,5.75
1427426463749,37.491183,139.922624,4,0.068,-0.233,9.693,5.75
1427426463850,37.491184,139.922618,4,0.111,-0.23,9.558,5.75
1427426463951,37.491184,139.922611,4,0.152,-0.158,9.282,5.75
1427426464051,37.491185,139.922605,4,0.156,-0.151,9.247,5.75
1427426464147,37.491186,139.922598,4,0.107,-0.18,9.5,5.75
1427426464248,37.491188,139.922592,4,0.054,-0.251,9.768,5.75
1427426464349,37.491189,139.922585,4,0.023,-0.059,8.943,5.75
1427426464449,37.49119,139.922578,4,0.042,-0.005,8.407,5.75
1427426464550,37.491191,139.922571,4,0.118,-0.055,8.668,5.75
1427426464651,37.491193,139.922564,4,0.004,-0.313,10.045,5.75
1427426464751,37.491194,139.922557,4,0.024,-0.514,10.883,5.75
1427426464847,37.491195,139.922551,4,0.074,-0.469,10.416,5.75
1427426464948,37.491197,139.922544,4,-0.015,-0.321,9.642,5.75
1427426465048,37.491198,139.922537,4,-0.197,-0.182,9.049,5.75
1427426465149,37.491199,139.922531,5,-0.165,-0.069,8.941,5.698
1427426465250,37.4912,139.922524,5,-0.209,-0.062,9.569,5.646
1427426465351,37.4912,139.922518,5,-0.192,-0.13,10.013,5.595
1427426465451,37.491201,139.922511,5,-0.146,-0.139,9.555,5.544
1427426465547,37.491202,139.922505,5,-0.187,-0.086,9.037,5.496
1427426465648,37.491203,139.922499,5,-0.339,-0.112,9.389,5.446
1427426465748,37.491204,139.922493,5,-0.442,-0.182,10.093,5.396
1427426467848,37.491224,139.92237,5,-0.446,-0.039,9.956,5.3
1427426467949,37.491224,139.922364,5,-0.206,0.033,9.741,5.275
1427426468050,37.491225,139.922359,5,0.053,-0.018,9.832,5.25
1427426468150,37.491225,139.922353,5,0.054,-0.089,9.821,5.224
1427426468251,37.491226,139.922347,5,-0.088,-0.217,9.653,5.199
1427426468347,37.491226,139.922342,5,-0.204,-0.226,9.546,5.174
1427426468447,37.491227,139.922336,5,-0.223,-0.099,9.424,5.149
1427426468548,37.491227,139.92233,5,-0.158,-0.116,9.271,5.124
1427426468649,37.491227,139.922325,5,-0.124,-0.151,9.462,5.099
1427426468750,37.491228,139.922319,5,-0.104,-0.157,9.748,5.074
1427426468850,37.491228,139.922313,5,-0.097,-0.13,9.636,5.049
1427426468951,37.491229,139.922308,5,-0.147,-0.129,9.34,5.024
1427426469047,37.491229,139.922302,5,-0.195,-0.172,9.435,5.001
1427426469147,37.49123,139.922297,4,-0.128,-0.154,9.56,4.975
1427426469248,37.491231,139.922292,4,-0.059,-0.183,9.565,4.949
1427426469349,37.491232,139.922286,4,-0.024,-0.167,9.527,4.924
1427426469449,37.491233,139.922281,4,-0.013,-0.112,9.354,4.899
1427426469551,37.491234,139.922276,4,0.024,-0.068,9.24,4.873
1427426469651,37.491235,139.922271,4,0.09,-0.11,9.386,4.848
1427426469751,37.491236,139.922266,4,0.15,-0.22,9.765,4.823
1427426469847,37.491237,139.922261,4,0.176,-0.241,9.893,4.8
1427426469948,37.491238,139.922256,4,0.173,-0.212,9.576,4.775
1427426470049,37.491239,139.922251,4,0.149,-0.142,9.296,4.75
1427426470149,37.49124,139.922247,5,0.111,-0.143,9.225,4.67
1427426470250,37.491241,139.922242,5,0.093,-0.107,9.267,4.59
1427426470351,37.491242,139.922238,5,0.057,-0.18,9.412,4.511
1427426470451,37.491243,139.922233,5,0.025,-0.319,9.481,4.434
1427426470547,37.491244,139.922229,5,0.007,-0.465,9.555,4.361
1427426470648,37.491245,139.922225,5,0.02,-0.54,9.443,4.286
1427426470749,37.491246,139.922221,5,0.117,-0.611,9.515,4.212
1427426470849,37.491247,139.922217,5,0.14,-0.698,9.686,4.14
1427426470950,37.491248,139.922213,5,0.129,-0.759,9.714,4.069
1427426471051,37.491249,139.922209,5,0.069,-0.803,9.629,3.999
1427426471151,37.491249,139.922204,5,0.012,-0.803,9.535,3.946
1427426471247,37.491249,139.9222,5,-0.052,-0.807,9.435,3.896
1427426471348,37.491248,139.922195,5,-0.052,-0.751,9.334,3.844
1427426471448,37.491248,139.922191,5,0.011,-0.732,9.385,3.793
1427426471549,37.491248,139.922186,5,0.018,-0.783,9.505,3.742
1427426471650,37.491248,139.922182,5,-0.019,-0.684,9.417,3.692
1427426471751,37.491248,139.922178,5,-0.042,-0.571,9.327,3.643
1427426471851,37.491247,139.922173,5,0.008,-0.563,9.241,3.594
1427426471947,37.491247,139.922169,5,0.032,-0.555,9.35,3.548
1427426472048,37.491247,139.922165,5,0.015,-0.571,9.401,3.501
1427426472148,37.491248,139.922162,5,0.053,-0.509,9.441,3.475
1427426472249,37.49125,139.922159,5,0.098,-0.488,9.525,3.449
1427426472350,37.491251,139.922156,5,0.077,-0.425,9.747,3.423
1427426472451,37.491253,139.922153,5,0.069,-0.379,9.523,3.398
1427426472551,37.491254,139.92215,5,0.004,-0.304,9.455,3.372
1427426472647,37.491255,139.922147,5,0.076,-0.205,9.42,3.349
1427426472748,37.491257,139.922145,5,0.127,-0.201,9.342,3.324
1427426472848,37.491258,139.922142,5,0.059,-0.103,9.282,3.299
1427426472949,37.49126,139.922139,5,0.018,-0.042,9.45,3.274
1427426473050,37.491261,139.922136,5,0.049,-0.086,9.584,3.25
1427426473150,37.491261,139.922132,5,-0.052,-0.026,9.57,3.224
1427426473251,37.491262,139.922129,5,-0.051,0.02,9.604,3.198
1427426473347,37.491262,139.922126,5,-0.047,-0.027,9.473,3.174
1427426473448,37.491263,139.922122,5,-0.071,0.05,9.444,3.148
1427426473548,37.491263,139.922119,5,0.049,0.029,9.424,3.123
1427426473649,37.491263,139.922115,5,0.057,-0.042,9.435,3.098
1427426473750,37.491264,139.922112,5,0.036,-0.011,9.556,3.073
1427426473850,37.491264,139.922109,5,0.123,-0.005,9.531,3.048
1427426473951,37.491265,139.922105,5,0.113,-0.031,9.329,3.024
1427426474047,37.491265,139.922102,5,0.063,0.011,9.459,3.001
1427426474147,37.491265,139.922098,4,0.133,0.03,9.651,3.023
1427426474248,37.491266,139.922094,4,0.08,0.034,9.462,3.048
1427426474349,37.491266,139.92209,4,0.061,0.079,9.432,3.073
1427426474450,37.491266,139.922086,4,0.085,0.064,9.437,3.098
1427426474550,37.491266,139.922082,4,-0.015,0.011,9.409,3.123
1427426474651,37.491267,139.922078,4,-0.004,0.046,9.507,3.148
1427426474747,37.491267,139.922074,4,0.042,0.055,9.432,3.172
1427426474847,37.491267,139.92207,4,0.013,0.063,9.408,3.198
1427426484848,37.49132,139.92156,4,0.013,0.078,9.421,4.5
1427426484948,37.49132,139.921555,4,0.061,0.043,9.76,4.5
1427426485049,37.491321,139.92155,4,0.156,-0.032,9.804,4.5
1427426485150,37.491321,139.921545,5,0.133,0.091,9.358,4.5
1427426485250,37.491321,139.921539,5,-0.015,0.127,9.115,4.5
1427426485351,37.491322,139.921534,5,-0.141,0.109,9.302,4.5
1427426485447,37.491322,139.921529,5,-0.186,0.128,9.438,4.5
1427426485548,37.491322,139.921524,5,-0.206,0.064,9.755,4.5
1427426485648,37.491322,139.921518,5,-0.152,0.033,9.524,4.5
1427426485749,37.491322,139.921513,5,0.012,0.182,9.364,4.5
1427426487844,37.491324,139.921403,5,0.087,0.203,9.063,4.5
1427426506847,37.491425,139.920297,6,0.074,0.19,9.079,5.348
1427426508846,37.491436,139.920192,7,0.06,0.18,9.095,5.394
1427426508851,37.491436,139.920192,7,0.045,0.171,9.116,5.397
1427426508947,37.491436,139.920185,7,-0.21,-0.006,9.809,5.446
1427426509048,37.491436,139.920177,7,-0.213,-0.057,9.95,5.499
1427426509148,37.491437,139.92017,6,-0.138,-0.008,9.545,5.5
1427426509249,37.491438,139.920162,6,-0.119,0.044,9.208,5.5
1427426509350,37.491438,139.920155,6,-0.083,0.05,9.318,5.5
1427426509451,37.491439,139.920148,6,-0.172,0.098,9.525,5.5
1427426509551,37.49144,139.92014,6,-0.149,0.097,9.489,5.5
1427426509647,37.491441,139.920133,6,-0.076,0.13,9.191,5.5
1427426509748,37.491442,139.920126,6,-0.047,0.106,9.073,5.5
1427426509848,37.491442,139.920119,6,-0.068,0.059,9.372,5.5
1427426511847,37.491454,139.919989,5,-0.069,0.052,9.386,5.5
1427426522845,37.491546,139.919323,6,-0.074,0.046,9.405,5.448
1427426524844,37.491555,139.919209,7,-0.079,0.042,9.429,5.051
1427426524849,37.491555,139.919208,7,-0.082,0.036,9.461,5.049
1427426524950,37.491556,139.919202,7,-0.036,-0.063,9.836,5.024
1427426525050,37.491556,139.919196,7,-0.026,-0.07,9.55,5.0
1427426525151,37.491558,139.919191,7,0.093,-0.035,9.521,5.0
1427426525247,37.491559,139.919186,7,0.125,-0.019,9.574,5.0
1427426525347,37.491561,139.91918,7,0.17,-0.047,9.636,5.0
1427426525448,37.491562,139.919175,7,0.2,0.033,9.383,5.0
1427426525549,37.491564,139.91917,7,0.061,0.014,9.073,5.0
1427426525649,37.491566,139.919164,7,-0.109,0.047,9.35,5.0
1427426525750,37.491567,139.919159,7,-0.049,0.2,9.373,5.0
1427426525851,37.491569,139.919154,7,0.03,0.211,9.56,5.0
1427426525947,37.49157,139.919148,7,0.007,0.207,9.786,5.0
1427426526047,37.491572,139.919143,7,-0.082,0.15,9.947,5.0
1427426526148,37.491573,139.919137,7,-0.097,0.236,9.425,5.024
1427426526249,37.491574,139.919131,7,-0.027,0.263,9.142,5.049
1427426526349,37.491575,139.919125,7,0.048,0.14,9.479,5.073
1427426526450,37.491576,139.919119,7,-0.055,0.079,9.687,5.099
1427426526551,37.491576,139.919113,7,-0.143,-0.101,9.595,5.124
1427426526647,37.491577,139.919108,7,-0.089,-0.242,9.25,5.148
1427426526747,37.491578,139.919101,7,0.047,-0.187,9.017,5.173
1427426526848,37.491579,139.919095,7,0.029,-0.065,9.188,5.199
1427426526949,37.49158,139.919089,7,-0.025,-0.122,9.623,5.224
1427426527049,37.491581,139.919083,7,-0.093,-0.299,9.867,5.25
1427426527150,37.491582,139.919078,6,-0.157,-0.358,9.632,5.198
1427426527251,37.491582,139.919073,6,-0.116,-0.314,9.439,5.145
1427426527351,37.491583,139.919068,6,-0.019,-0.201,9.394,5.094
1427426527447,37.491584,139.919063,6,-0.008,-0.206,9.481,5.046
1427426527548,37.491585,139.919058,6,0.048,-0.28,9.66,4.995
1427426527649,37.491585,139.919053,6,0.005,-0.312,9.656,4.944
1427426527749,37.491586,139.919048,6,-0.095,-0.231,9.566,4.895
1427426527850,37.491587,139.919043,6,-0.218,-0.072,9.347,4.846
1427426527951,37.491587,139.919039,6,-0.23,-0.004,9.357,4.797
1427426528051,37.491588,139.919034,6,-0.146,-0.007,9.415,4.75
1427426528147,37.491589,139.91903,6,-0.101,0.005,9.433,4.725
1427426528248,37.49159,139.919025,6,-0.084,0.03,9.504,4.699
1427426528348,37.49159,139.91902,6,-0.066,0.04,9.456,4.674
1427426528449,37.491591,139.919016,6,-0.145,0.058,9.405,4.649
1427426528550,37.491592,139.919011,6,-0.199,0.122,9.46,4.623
1427426528651,37.491593,139.919007,6,-0.155,0.164,9.421,4.598
1427426528751,37.491594,139.919002,6,-0.136,0.189,9.492,4.573
1427426528847,37.491594,139.918998,6,-0.181,0.154,9.629,4.55
1427426531848,37.491615,139.918829,8,-0.182,0.154,9.632,4.5
1427426531949,37.491616,139.918822,8,-0.33,0.015,9.083,4.5
1427426532049,37.491618,139.918816,8,-0.427,0.106,9.45,4.5
1427426532150,37.491618,139.918811,8,-0.282,0.058,9.579,4.474
1427426532251,37.491617,139.918806,8,-0.086,0.115,9.32,4.449
1427426532347,37.491617,139.918801,8,-0.111,0.122,9.461,4.424
1427426532447,37.491616,139.918797,8,-0.185,0.065,9.68,4.399
1427426532548,37.491616,139.918792,8,-0.115,-0.026,9.846,4.374
1427426532649,37.491616,139.918787,8,0.014,0.049,9.469,4.349
1427426532749,37.491615,139.918782,8,0.189,0.087,9.053,4.324
1427426532850,37.491615,139.918777,8,0.185,0.062,9.308,4.299
1427426532951,37.491614,139.918773,8,-0.139,0.066,9.631,4.274
1427426533052,37.491614,139.918768,7,-0.454,0.128,9.182,4.25
1427426533147,37.491614,139.918763,7,-0.578,0.278,8.843,4.25
1427426533248,37.491613,139.918758,7,-0.424,0.166,9.155,4.25
1427426533349,37.491613,139.918753,7,-0.114,0.035,9.725,4.25
1427426533449,37.491613,139.918748,7,0.184,-0.001,9.947,4.25
1427426533550,37.491613,139.918744,7,0.438,0.01,9.327,4.25
1427426533651,37.491612,139.918739,7,0.543,-0.098,9.238,4.25
1427426533751,37.491612,139.918734,7,0.464,-0.071,9.64,4.25
1427426533847,37.491612,139.918729,7,0.334,-0.082,9.937,4.25
1427426535846,37.491604,139.918637,7,0.315,-0.089,9.946,3.346
1427426535851,37.491604,139.918637,7,0.299,-0.096,9.952,3.344
1427426535947,37.491604,139.918633,7,0.171,-0.526,9.855,3.298
1427426536048,37.491604,139.918629,7,0.085,-0.766,9.842,3.251
1427426536148,37.491604,139.918626,5,-0.039,-0.74,9.689,3.197
1427426536249,37.491604,139.918623,5,-0.12,-0.63,9.545,3.144
1427426536350,37.491604,139.91862,5,-0.179,-0.597,9.384,3.091
1427426536450,37.491604,139.918617,5,-0.244,-0.571,9.394,3.04
1427426536551,37.491603,139.918614,5,-0.202,-0.497,9.424,2.989
1427426536647,37.491603,139.918611,5,-0.063,-0.489,9.407,2.941
1427426536748,37.491603,139.918608,5,-0.019,-0.595,9.299,2.892
1427426536848,37.491603,139.918605,5,-0.07,-0.772,9.464,2.844
1427426536949,37.491603,139.918603,5,-0.115,-0.801,9.619,2.797
1427426537050,37.491603,139.9186,4,-0.143,-0.889,9.571,2.75
1427426537150,37.491603,139.918597,4,-0.178,-0.985,9.439,2.724
1427426537251,37.491603,139.918594,4,-0.254,-1.032,9.374,2.698
1427426537347,37.491603,139.918591,4,-0.307,-1.021,9.476,2.673
1427426537447,37.491603,139.918589,4,-0.288,-1.06,9.545,2.648
1427426537548,37.491603,139.918586,4,-0.138,-0.995,9.42,2.623
1427426537649,37.491603,139.918583,4,-0.011,-1.008,9.21,2.597
1427426537750,37.491603,139.91858,4,-0.089,-1.146,9.33,2.572
1427426537850,37.491603,139.918577,4,-0.267,-1.247,9.611,2.548
1427426537951,37.491603,139.918575,4,-0.331,-1.267,9.654,2.524
1427426538047,37.491603,139.918572,4,-0.279,-1.293,9.516,2.501
1427426538147,37.491603,139.918572,4,-0.162,-1.322,9.389,2.039
1427426538248,37.491603,139.918572,4,-0.105,-1.418,9.378,1.608
1427426538349,37.491604,139.918571,4,-0.104,-1.529,9.425,1.229
1427426538449,37.491604,139.918571,4,-0.119,-1.494,9.522,0.903
1427426538550,37.491604,139.918571,4,-0.088,-1.213,9.621,0.625
1427426538651,37.491604,139.918571,4,-0.038,-0.89,9.61,0.398
1427426538747,37.491604,139.918571,4,0.044,-0.584,9.563,0.23
1427426538847,37.491604,139.918571,4,0.054,-0.389,9.376,0.103
1427426538948,37.491604,139.918571,4,0.001,-0.262,9.284,0.026
1427426580848,37.491625,139.918328,5,0.092,0.081,9.544,2.447
1427426580948,37.491626,139.918326,5,0.747,-0.17,9.72,2.473
1427426581049,37.491627,139.918323,5,1.209,-0.434,9.897,2.5
1427426581150,37.491629,139.918321,6,1.475,-0.592,9.765,2.5
1427426581250,37.491631,139.91832,6,1.75,-0.634,9.363,2.5
1427426581351,37.491632,139.918318,6,1.917,-0.688,9.367,2.5
1427426581447,37.491634,139.918317,6,2.001,-0.838,9.682,2.5
1427426581547,37.491636,139.918316,6,1.787,-0.726,9.578,2.5
1427426581648,37.491638,139.918314,6,1.322,-0.702,9.584,2.5
1427426581749,37.49164,139.918313,6,0.988,-0.765,9.786,2.5
1427426581850,37.491641,139.918311,6,0.654,-0.74,9.666,2.5
1427426581950,37.491643,139.918309,6,0.319,-0.626,9.562,2.5
1427426582051,37.491645,139.918308,8,0.162,-0.478,9.193,2.5
1427426582147,37.491648,139.918307,8,0.327,-0.378,8.809,2.5
1427426582247,37.491651,139.918307,8,0.576,-0.433,8.911,2.5
1427426582348,37.491653,139.918306,8,0.838,-0.518,9.374,2.5
1427426582449,37.491656,139.918305,8,1.21,-0.591,9.436,2.5
1427426582550,37.491659,139.918305,8,1.432,-0.699,9.458,2.5
1427426582650,37.491662,139.918304,8,1.511,-0.742,9.683,2.5
1427426582751,37.491665,139.918303,8,1.491,-0.728,9.738,2.5
1427426582847,37.491667,139.918302,8,1.444,-0.682,9.545,2.5
1427426582947,37.49167,139.918302,8,1.236,-0.63,9.358,2.5
1427426583048,37.491673,139.918301,8,0.944,-0.571,9.313,2.5
1427426583149,37.491676,139.918301,8,0.665,-0.558,9.476,2.5
1427426583249,37.491679,139.918301,8,0.491,-0.534,9.538,2.5
1427426583350,37.491682,139.918302,8,0.432,-0.515,9.446,2.5
1427426583452,37.491685,139.918302,8,0.473,-0.486,9.365,2.5
1427426583547,37.491688,139.918302,8,0.502,-0.47,9.398,2.5
1427426583647,37.491692,139.918302,8,0.493,-0.444,9.522,2.5
1427426583748,37.491695,139.918302,8,0.392,-0.398,9.572,2.5
1427426583849,37.491698,139.918303,8,0.282,-0.336,9.529,2.5
1427426583949,37.491701,139.918303,8,0.156,-0.267,9.47,2.5
1427426584050,37.491704,139.918303,7,0.045,-0.196,9.57,2.5
1427426584151,37.491707,139.918304,7,0.008,-0.131,9.509,2.524
1427426584251,37.49171,139.918304,7,-0.015,-0.121,9.251,2.548
1427426584347,37.491713,139.918305,7,-0.064,-0.111,9.175,2.572
1427426584448,37.491716,139.918306,7,-0.112,-0.147,9.45,2.597
1427426584549,37.491719,139.918306,7,-0.045,-0.141,9.697,2.622
1427426584649,37.491722,139.918307,7,0.113,-0.153,9.573,2.647
1427426584750,37.491725,139.918308,7,0.25,-0.095,9.43,2.672
1427426586845,37.491791,139.918325,6,0.41,-0.162,9.354,2.75
1427426586850,37.491792,139.918325,6,0.41,-0.161,9.356,2.75
1427426586950,37.491795,139.918326,6,0.307,-0.131,9.409,2.75
1427426587051,37.491798,139.918327,6,0.206,-0.241,9.382,2.75
1427426587147,37.491801,139.918328,6,0.133,-0.389,9.543,2.75
1427426587248,37.491804,139.918329,6,0.236,-0.445,9.776,2.75
1427426587348,37.491807,139.91833,6,0.458,-0.509,9.664,2.75
1427426587449,37.49181,139.918331,6,0.595,-0.575,9.417,2.75
1427426587550,37.491813,139.918331,6,0.616,-0.497,9.459,2.75
1427426587650,37.491816,139.918332,6,0.542,-0.521,9.505,2.75
1427426587751,37.491819,139.918333,6,0.406,-0.58,9.463,2.75
1427426587847,37.491822,139.918334,6,0.197,-0.556,9.525,2.75
1427426587947,37.491825,139.918335,6,0.067,-0.504,9.595,2.75
1427426588048,37.491828,139.918336,6,0.021,-0.513,9.446,2.75
1427426588149,37.491831,139.918337,5,-0.054,-0.503,9.342,2.724
1427426588250,37.491834,139.918338,5,-0.056,-0.445,9.463,2.698
1427426588350,37.491836,139.918338,5,0.067,-0.483,9.472,2.672
1427426588451,37.491839,139.918339,5,0.192,-0.544,9.393,2.647
1427426588547,37.491842,139.91834,5,0.222,-0.564,9.481,2.623
1427426588647,37.491844,139.918341,5,0.275,-0.531,9.629,2.598
1427426588748,37.491847,139.918342,5,0.288,-0.56,9.49,2.573
1427426588849,37.49185,139.918342,5,0.21,-0.569,9.445,2.548
1427426588950,37.491852,139.918343,5,0.12,-0.518,9.564,2.524
1427426589050,37.491855,139.918344,5,0.094,-0.549,9.55,2.5
1427426589151,37.491857,139.918345,5,0.067,-0.578,9.477,2.5
1427426589247,37.49186,139.918346,5,0.052,-0.559,9.491,2.5
1427426589347,37.491862,139.918346,5,0.132,-0.556,9.481,2.5
1427426589448,37.491864,139.918347,5,0.143,-0.644,9.351,2.5
1427426589549,37.491866,139.918348,5,0.025,-0.766,9.443,2.5
1427426589649,37.491869,139.918349,5,-0.053,-0.836,9.596,2.5
1427426589750,37.491871,139.91835,5,-0.023,-0.934,9.558,2.5
1427426589851,37.491873,139.91835,5,-0.035,-1.008,9.414,2.5
1427426589947,37.491876,139.918351,5,-0.093,-1.056,9.377,2.5
1427426590047,37.491878,139.918352,5,-0.084,-1.055,9.469,2.5
1427426590148,37.491878,139.918354,5,-0.043,-1.086,9.517,2.034
1427426590249,37.491878,139.918356,5,-0.038,-1.165,9.441,1.604
1427426590349,37.491879,139.918358,5,-0.117,-1.21,9.433,1.229
1427426590450,37.491879,139.918359,5,-0.146,-1.158,9.477,0.9
1427426590551,37.491879,139.91836,5,-0.089,-1.027,9.596,0.623
1427426590651,37.491879,139.918361,5,-0.005,-0.873,9.529,0.398
1427426590747,37.491879,139.918362,5,0.034,-0.713,9.4,0.23
1427426590848,37.491879,139.918363,5,-0.005,-0.546,9.362,0.102
1427426590949,37.491879,139.918363,5,-0.009,-0.412,9.42,0.026
1427426647844,37.493383,139.919372,12,0.185,0.098,9.46,6.75
1427426665845,37.494349,139.919983,11,0.185,0.097,9.461,6.3
1427426665850,37.494349,139.919983,11,0.185,0.097,9.467,6.299
1427426665951,37.494355,139.919986,11,0.239,0.022,9.363,6.274
1427426666052,37.49436,139.919989,11,0.312,-0.053,9.534,6.249
1427426666147,37.494365,139.919992,11,0.427,-0.128,9.482,6.225
1427426666248,37.494369,139.919995,11,0.354,-0.262,9.252,6.2
1427426666349,37.494374,139.919999,11,0.278,-0.136,9.29,6.174
1427426666449,37.494379,139.920002,11,0.194,-0.048,9.373,6.149
1427426666550,37.494383,139.920005,11,0.146,-0.042,9.759,6.124
1427426666651,37.494388,139.920008,11,0.057,-0.205,9.663,6.099
1427426666751,37.494392,139.920012,11,0.001,-0.242,9.274,6.074
1427426666847,37.494397,139.920015,11,0.0,-0.207,9.307,6.05
1427426674848,37.494843,139.920302,13,0.001,-0.2,9.321,6.05
1427426676848,37.494952,139.920353,8,-0.0,-0.193,9.333,6.646
1427426676948,37.494958,139.920356,8,-0.167,-0.12,9.799,6.697
1427426677049,37.494965,139.920358,8,-0.252,-0.111,10.157,6.749
1427426677150,37.494974,139.920358,10,-0.392,-0.104,9.76,6.927
1427426677250,37.494983,139.920358,10,-0.71,-0.022,9.268,7.109
1427426677351,37.494992,139.920359,10,-0.993,0.096,8.967,7.298
1427426677447,37.495001,139.920359,10,-0.979,0.101,9.488,7.482
1427426677547,37.495011,139.920359,10,-0.804,0.092,10.114,7.679
1427426677648,37.495021,139.920359,10,-0.653,0.068,9.878,7.884
1427426677749,37.495031,139.920359,10,-0.646,0.05,9.433,8.094
1427426677849,37.495041,139.92036,10,-0.708,0.171,9.151,8.307
1427426677950,37.495052,139.92036,10,-0.817,0.307,8.873,8.527
1427426678052,37.495063,139.92036,10,-0.779,0.291,9.42,8.748
1427426678147,37.49507,139.920361,10,-0.679,0.074,10.149,8.648
1427426678247,37.495076,139.920362,10,-0.484,-0.033,10.117,8.543
1427426678348,37.495083,139.920364,10,-0.387,0.027,9.578,8.439
1427426678449,37.49509,139.920365,10,-0.315,0.183,9.124,8.336
1427426678549,37.495096,139.920366,10,-0.328,0.187,9.239,8.236
1427426678650,37.495103,139.920367,10,-0.359,0.072,9.499,8.135
1427426678751,37.495109,139.920369,10,-0.462,0.073,9.497,8.036
1427426678852,37.495116,139.92037,10,-0.573,0.132,9.083,7.938
1427426678947,37.495122,139.920371,10,-0.643,0.229,8.824,7.847
1427426679048,37.495128,139.920372,10,-0.596,0.201,9.182,7.752
1427426679149,37.495133,139.920375,8,-0.504,0.091,10.059,7.587
1427426679249,37.495138,139.920378,8,-0.398,-0.068,10.604,7.426
1427426679350,37.495143,139.920381,8,-0.446,-0.069,10.06,7.266
1427426679451,37.495148,139.920384,8,-0.445,0.147,9.114,7.11
1427426679551,37.495152,139.920386,8,-0.443,0.255,8.756,6.958
1427426679647,37.495157,139.920389,8,-0.43,0.258,9.032,6.816
1427426679748,37.495161,139.920391,8,-0.392,0.13,9.438,6.669
1427426692845,37.495827,139.920644,6,-0.281,0.022,9.607,6.448
1427426704844,37.496517,139.920827,5,-0.276,0.003,9.625,6.448
1427426709844,37.496778,139.920904,5,-0.27,-0.016,9.644,5.75
1427426709849,37.496778,139.920904,5,-0.262,-0.039,9.668,5.75
1427426709950,37.496783,139.920906,5,-0.16,-0.233,10.409,5.75
1427426710051,37.496788,139.920908,6,-0.054,-0.267,10.314,5.75
1427426710147,37.496793,139.92091,6,-0.14,-0.146,9.694,5.75
1427426710247,37.496797,139.920911,6,-0.153,-0.092,9.263,5.75
1427426710348,37.496802,139.920913,6,-0.151,-0.013,9.526,5.75
1427426710449,37.496807,139.920914,6,-0.121,-0.072,10.035,5.75
1427426710549,37.496811,139.920916,6,0.022,0.099,9.978,5.75
1427426710650,37.496816,139.920918,6,0.188,0.289,9.102,5.75
1427426710751,37.496821,139.920919,6,0.143,0.401,8.777,5.75
1427426714845,37.497079,139.920975,6,0.067,0.284,9.012,7.0
1427426726844,37.497706,139.921186,7,0.062,0.267,9.058,6.051
1427426726849,37.497706,139.921186,7,0.059,0.25,9.101,6.049
1427426726950,37.497712,139.921188,7,0.154,0.1,9.527,6.025
1427426727050,37.497718,139.92119,6,0.158,-0.002,9.388,6.0
1427426727151,37.497723,139.921191,6,0.055,-0.09,9.241,6.0
1427426727247,37.497727,139.921193,6,-0.054,-0.032,9.375,6.0
1427426727348,37.497732,139.921194,6,-0.062,0.042,9.377,6.0
1427426727448,37.497737,139.921195,6,-0.078,-0.072,9.234,6.0
1427426727549,37.497742,139.921196,6,-0.087,-0.182,9.211,6.0
1427426727650,37.497747,139.921198,6,-0.037,-0.19,9.304,6.0
1427426727750,37.497752,139.921199,6,0.043,-0.261,9.365,6.0
1427426727851,37.497756,139.9212,6,0.163,-0.26,9.389,6.0
1427426727947,37.497761,139.921202,6,0.167,-0.194,9.691,6.0
1427426728047,37.497766,139.921203,6,0.111,-0.132,9.819,6.0
1427426728148,37.49777,139.921204,7,0.007,-0.152,9.687,6.0
1427426728249,37.497774,139.921204,7,0.021,-0.205,9.527,6.0
1427426728350,37.497778,139.921205,7,0.072,-0.187,9.561,6.0
1427426728450,37.497782,139.921205,7,0.126,-0.015,9.427,6.0
1427426728551,37.497786,139.921206,7,0.142,0.729,9.475,6.0
1427426728647,37.49779,139.921207,7,0.116,1.127,9.124,6.0
1427426728747,37.497794,139.921207,7,0.043,0.807,8.612,6.0
1427426728848,37.497798,139.921208,7,-0.192,0.223,8.915,6.0
1427426728949,37.497802,139.921208,7,-0.169,-0.208,9.252,6.0
1427426729049,37.497806,139.921209,7,-0.046,-0.232,9.394,6.0
1427426729150,37.497811,139.92121,7,-0.237,-0.257,10.07,6.0
1427426729251,37.497817,139.921211,7,-0.261,-0.257,10.238,6.0
1427426729347,37.497822,139.921212,7,-0.291,-0.261,9.704,6.0
1427426729447,37.497827,139.921213,7,-0.294,-0.105,8.844,6.0
1427426729548,37.497833,139.921214,7,-0.397,0.12,8.918,6.0
1427426729649,37.497838,139.921215,7,-0.445,0.118,9.207,6.0
1427426729749,37.497844,139.921216,7,-0.303,-0.022,9.71,6.0
1427426729850,37.497849,139.921217,7,-0.187,-0.153,9.975,6.0
1427426729951,37.497855,139.921218,7,-0.201,-0.068,9.84,6.0
1427426730047,37.49786,139.921219,7,-0.265,-0.021,9.658,6.0
1427426730147,37.497865,139.92122,5,-0.175,-0.011,9.578,6.024
1427426730248,37.49787,139.921221,5,0.025,0.108,9.169,6.049
1427426730349,37.497874,139.921222,5,-0.055,0.177,9.38,6.074
1427426730449,37.497879,139.921223,5,-0.097,0.285,9.605,6.099
1427426730550,37.497884,139.921223,5,-0.181,0.442,9.298,6.124
1427426730651,37.497889,139.921224,5,-0.133,0.414,9.141,6.149
1427426730751,37.497894,139.921225,5,-0.122,0.435,9.328,6.174
1427426730847,37.497899,139.921226,5,-0.005,0.584,9.714,6.198
1427426742846,37.498543,139.92143,12,0.002,0.596,9.713,5.198
1427426742852,37.498543,139.92143,12,0.008,0.597,9.709,5.2
1427426742947,37.498547,139.92143,12,-0.107,0.317,9.572,5.224
1427426743048,37.498552,139.92143,12,-0.187,-0.006,9.453,5.249
1427426743149,37.498558,139.921431,13,-0.252,-0.187,9.551,5.274
1427426743249,37.498563,139.921432,13,-0.217,-0.306,9.392,5.299
1427426743350,37.498569,139.921432,13,-0.284,-0.362,9.306,5.324
1427426743451,37.498575,139.921433,13,-0.28,-0.474,9.599,5.349
1427426743551,37.49858,139.921434,13,-0.248,-0.555,9.536,5.374
1427426743647,37.498586,139.921435,13,-0.244,-0.626,9.568,5.398
1427426743748,37.498592,139.921436,13,-0.202,-0.706,9.612,5.423
1427426743849,37.498597,139.921436,13,-0.226,-0.802,9.465,5.449
1427426743949,37.498603,139.921437,13,-0.304,-0.778,9.379,5.474
1427426744050,37.498609,139.921438,14,-0.183,-0.789,9.371,5.5
1427426744151,37.498611,139.921437,14,-0.074,-0.893,9.44,5.258
1427426744251,37.498612,139.921436,14,-0.063,-0.92,9.694,5.027
1427426744347,37.498614,139.921436,14,-0.003,-0.976,9.594,4.813
1427426744448,37.498615,139.921435,14,0.072,-0.982,9.338,4.598
1427426744548,37.498617,139.921434,14,0.199,-0.967,9.46,4.393
1427426744649,37.498618,139.921433,14,0.41,-0.934,9.083,4.195
1427426744750,37.498619,139.921433,14,0.57,-1.014,9.097,4.007
1427426744851,37.498621,139.921432,14,0.663,-1.046,9.643,3.827
1427426744951,37.498622,139.921432,14,0.722,-1.123,9.935,3.658
1427426745047,37.498623,139.921431,14,0.725,-1.097,9.798,3.505
1427426745148,37.498626,139.921433,14,0.58,-0.97,10.013,3.5
1427426745248,37.498629,139.921435,14,0.573,-0.796,9.855,3.5
1427426745349,37.498632,139.921438,14,0.712,-0.601,9.178,3.5
1427426745450,37.498635,139.92144,14,0.847,-0.51,8.853,3.5
1427426745550,37.498638,139.921442,14,0.947,-0.55,9.228,3.5
1427426745651,37.498642,139.921444,14,1.011,-0.512,9.71,3.5
1427426745747,37.498645,139.921446,14,1.114,-0.51,10.03,3.5
1427426745848,37.498648,139.921449,14,1.276,-0.526,9.833,3.5
1427426745948,37.498651,139.921451,14,1.445,-0.542,9.44,3.5
1427426746049,37.498654,139.921453,14,1.597,-0.468,9.043,3.5
1427426746150,37.498657,139.921455,13,1.614,-0.455,8.857,3.447
1427426746250,37.498659,139.921456,13,1.666,-0.537,8.946,3.394
1427426746351,37.498662,139.921458,13,1.579,-0.697,9.529,3.341
1427426746447,37.498664,139.921459,13,1.413,-0.764,9.781,3.292
1427426746548,37.498666,139.921461,13,1.361,-0.834,9.511,3.241
1427426746648,37.498669,139.921462,13,1.26,-0.952,9.678,3.192
1427426746749,37.498671,139.921464,13,1.297,-1.016,10.024,3.142
1427426746850,37.498674,139.921465,13,1.177,-1.152,10.054,3.094
1427426746950,37.498676,139.921467,13,1.019,-1.099,10.097,3.047
1427426747051,37.498678,139.921468,14,1.0,-0.926,9.531,3.0
1427426747147,37.498676,139.921473,14,1.007,-0.784,8.865,3.023
1427426747247,37.498674,139.921479,14,0.998,-0.736,9.082,3.048
1427426747348,37.498672,139.921484,14,1.069,-0.793,9.634,3.072
1427426747449,37.498671,139.92149,14,1.076,-0.853,9.931,3.097
1427426747550,37.498669,139.921495,14,1.104,-0.836,9.936,3.123
1427426747650,37.498667,139.921501,14,1.149,-0.721,9.365,3.148
1427426747751,37.498665,139.921507,14,1.052,-0.455,9.59,3.173
1427426747847,37.498663,139.921512,14,1.114,-0.23,9.792,3.198
1427426747947,37.498661,139.921518,14,1.228,0.205,9.782,3.223
1427426748048,37.498659,139.921524,14,1.501,0.242,9.159,3.249
1427426748149,37.498656,139.921527,14,1.593,0.115,9.262,3.317
1427426748249,37.498652,139.92153,14,1.484,0.172,9.638,3.387
1427426748350,37.498649,139.921533,14,1.376,0.282,9.648,3.459
1427426748451,37.498645,139.921536,14,1.294,0.354,9.288,3.532
1427426748552,37.498641,139.921539,14,1.11,0.375,8.998,3.607
1427426748647,37.498638,139.921542,14,0.977,0.335,9.0,3.679
1427426748748,37.498634,139.921546,14,0.975,0.365,9.211,3.757
1427426786846,37.498099,139.923363,4,1.168,0.397,9.259,2.299
1427426786851,37.498099,139.923363,4,1.169,0.402,9.263,2.298
1427426786947,37.498099,139.923365,4,0.645,0.064,9.43,2.275
1427426787047,37.498098,139.923368,4,0.257,-0.261,9.525,2.251
1427426787148,37.498097,139.92337,4,0.047,-0.527,9.435,2.224
1427426787249,37.498097,139.923372,4,-0.111,-0.612,9.46,2.198
1427426787349,37.498096,139.923374,4,-0.113,-0.649,9.566,2.172
1427426787450,37.498096,139.923376,4,-0.145,-0.71,9.515,2.146
1427426787551,37.498095,139.923378,4,-0.216,-0.691,9.518,2.121
1427426787651,37.498095,139.92338,4,-0.183,-0.71,9.512,2.096
1427426787747,37.498094,139.923382,4,-0.185,-0.748,9.427,2.073
1427426787848,37.498094,139.923384,4,-0.207,-0.729,9.48,2.048
1427426787948,37.498093,139.923386,4,-0.156,-0.774,9.539,2.024
1427426788049,37.498093,139.923388,4,-0.179,-0.82,9.496,2.0
1427426788150,37.498094,139.923386,3,-0.201,-0.787,9.53,1.62
1427426788251,37.498094,139.923384,3,-0.184,-0.827,9.514,1.277
1427426788351,37.498095,139.923382,3,-0.236,-0.904,9.439,0.977
1427426788447,37.498095,139.923381,3,-0.273,-0.904,9.488,0.727
1427426788548,37.498095,139.92338,3,-0.233,-0.912,9.562,0.504
1427426788649,37.498096,139.923379,3,-0.116,-0.653,9.632,0.322
1427426788749,37.498096,139.923378,3,-0.077,-0.161,9.719,0.181
1427426788850,37.498096,139.923377,3,-0.029,0.203,9.544,0.08
1427426788951,37.498096,139.923377,3,0.021,0.345,9.187,0.02
1427426808845,37.497976,139.923727,5,0.049,0.319,9.569,3.05
1427426808850,37.497975,139.923727,5,0.058,0.313,9.573,3.048
1427426808951,37.497973,139.923728,5,0.325,-0.046,9.602,3.024
1427426809047,37.49797,139.923729,5,0.707,-0.206,8.986,3.001
1427426809148,37.497967,139.923729,5,0.592,-0.357,8.985,3.0
1427426809248,37.497964,139.923729,5,0.032,-0.479,9.764,3.0
1427426809349,37.497961,139.923728,5,-0.552,-0.447,10.381,3.0
1427426809450,37.497958,139.923728,5,-0.594,-0.252,9.576,3.0
1427426809550,37.497956,139.923728,5,-0.352,-0.106,8.728,3.0
1427426809651,37.497953,139.923728,5,0.122,-0.125,8.801,3.0
1427426809747,37.49795,139.923728,5,0.486,-0.151,9.271,3.0
1427426809847,37.497947,139.923727,5,0.634,-0.221,9.749,3.0
1427426809948,37.497944,139.923727,5,0.764,-0.35,9.978,3.0
1427426810049,37.497941,139.923727,5,0.9,-0.356,9.775,3.0
1427426810150,37.497938,139.923726,4,1.0,-0.25,9.399,2.974
1427426810250,37.497936,139.923725,4,0.979,-0.219,9.234,2.948
1427426810351,37.497933,139.923723,4,0.75,-0.178,9.359,2.922
1427426810447,37.497931,139.923722,4,0.332,-0.222,9.616,2.898
1427426810547,37.497928,139.923721,4,-0.078,-0.147,9.779,2.873
1427426810648,37.497926,139.92372,4,-0.24,0.014,9.526,2.848
1427426810749,37.497923,139.923719,4,-0.147,0.142,9.283,2.823
1427426821847,37.497491,139.923489,4,0.123,0.188,9.5,4.55
1427426821947,37.497487,139.923487,4,-0.065,0.128,9.63,4.525
1427426822048,37.497483,139.923485,4,-0.224,-0.109,9.692,4.5
1427426822149,37.497479,139.923484,4,-0.386,-0.101,9.669,4.5
1427426822250,37.497475,139.923482,4,-0.27,-0.1,9.421,4.5
1427426822350,37.497471,139.923481,4,-0.186,-0.147,9.221,4.5
1427426822451,37.497467,139.923479,4,-0.119,-0.084,9.363,4.5
1427426822547,37.497463,139.923478,4,-0.075,-0.172,9.458,4.5
1427426822647,37.497459,139.923476,4,-0.095,-0.226,9.393,4.5
1427426822748,37.497455,139.923475,4,-0.111,-0.147,9.497,4.5
1427426822849,37.497451,139.923473,4,-0.149,-0.133,9.641,4.5
1427426822950,37.497447,139.923472,4,-0.154,-0.152,9.656,4.5
1427426823050,37.497443,139.92347,4,-0.141,-0.175,9.442,4.5
1427426823151,37.497439,139.923469,4,-0.187,-0.209,9.323,4.447
1427426823247,37.497436,139.923468,4,-0.196,-0.256,9.408,4.397
1427426823347,37.497432,139.923466,4,-0.202,-0.278,9.391,4.345
1427426823448,37.497429,139.923465,4,-0.234,-0.286,9.358,4.294
1427426823549,37.497426,139.923464,4,-0.219,-0.278,9.355,4.243
1427426823650,37.497422,139.923463,4,-0.147,-0.291,9.318,4.193
1427426823750,37.497419,139.923461,4,-0.116,-0.259,9.219,4.144
1427426823851,37.497415,139.92346,4,-0.053,-0.228,9.18,4.095
1427426823947,37.497412,139.923459,4,-0.008,-0.195,9.362,4.049
1427426824047,37.497409,139.923458,4,0.053,-0.192,9.559,4.001
1427426824148,37.497406,139.923456,4,0.099,-0.206,9.555,4.0
1427426824249,37.497402,139.923454,4,0.195,-0.269,9.403,4.0
1427426824349,37.497399,139.923452,4,0.308,-0.214,9.4,4.0
1427426824450,37.497395,139.92345,4,0.397,-0.189,9.521,4.0
1427426824551,37.497391,139.923448,4,0.498,-0.267,9.51,4.0
1427426824647,37.497388,139.923447,4,0.639,-0.302,9.553,4.0
1427426824747,37.497385,139.923445,4,0.802,-0.335,9.54,4.0
1427426824848,37.497381,139.923443,4,0.923,-0.35,9.506,4.0
1427426824949,37.497378,139.923441,4,0.949,-0.367,9.47,4.0
1427426825049,37.497374,139.923439,4,0.963,-0.372,9.329,4.0
1427426825150,37.497371,139.923436,5,1.035,-0.439,9.402,4.0
1427426825251,37.497367,139.923433,5,1.115,-0.517,9.652,4.0
1427426825351,37.497364,139.92343,5,1.218,-0.572,9.721,4.0
1427426825447,37.497361,139.923427,5,1.195,-0.611,9.611,4.0
1427426825548,37.497358,139.923424,5,1.106,-0.595,9.526,4.0
1427426825649,37.497354,139.92342,5,1.003,-0.58,9.426,4.0
1427426825749,37.497351,139.923417,5,0.932,-0.566,9.417,4.0
1427426825850,37.497348,139.923414,5,0.859,-0.589,9.476,4.0
1427426825951,37.497344,139.923411,5,0.824,-0.619,9.593,4.0
1427426826051,37.497341,139.923408,5,0.833,-0.62,9.548,4.0
1427426826147,37.497341,139.923404,5,0.865,-0.634,9.489,3.975
1427426826248,37.497342,139.9234,5,0.951,-0.647,9.482,3.949
1427426826348,37.497342,139.923396,5,1.134,-0.664,9.257,3.924
1427426826449,37.497342,139.923391,5,1.303,-0.726,9.128,3.898
1427426826550,37.497343,139.923387,5,1.375,-0.843,9.297,3.873
1427426826651,37.497343,139.923383,5,1.342,-0.933,9.554,3.848
1427426826751,37.497343,139.923379,5,1.275,-1.029,9.721,3.823
1427426826847,37.497343,139.923375,5,1.265,-1.119,9.715,3.799
1427426826948,37.497344,139.923371,5,1.241,-1.121,9.563,3.775
1427426827048,37.497344,139.923367,5,1.184,-0.991,9.225,3.75
1427426827149,37.497345,139.923363,5,1.043,-0.916,9.045,3.724
1427426827250,37.497345,139.923359,5,0.879,-0.947,9.288,3.699
1427426827350,37.497346,139.923355,5,0.806,-1.027,9.55,3.673
1427426827451,37.497346,139.923351,5,0.786,-1.093,9.694,3.648
1427426827547,37.497347,139.923347,5,0.779,-1.126,9.898,3.624
1427426827648,37.497347,139.923343,5,0.857,-1.053,9.617,3.598
1427426827748,37.497348,139.923339,5,0.943,-0.96,9.241,3.574
1427426827849,37.497348,139.923336,5,0.97,-0.919,9.317,3.549
1427426827950,37.497349,139.923332,5,0.938,-0.923,9.533,3.524
1427426828050,37.497349,139.923328,4,0.893,-0.918,9.495,3.5
1427426828151,37.49735,139.923324,4,0.784,-0.88,9.445,3.5
1427426828247,37.49735,139.92332,4,0.505,-0.83,9.672,3.5
1427426828348,37.497351,139.923316,4,0.298,-0.76,9.675,3.5
1427426828448,37.497351,139.923312,4,0.17,-0.652,9.462,3.5
1427426828549,37.497352,139.923308,4,0.075,-0.544,9.331,3.5
1427426828650,37.497353,139.923304,4,0.087,-0.482,9.395,3.5
1427426828750,37.497353,139.9233,4,0.194,-0.429,9.573,3.5
1427426828851,37.497354,139.923296,4,0.206,-0.245,9.671,3.5
1427426828947,37.497354,139.923292,4,0.089,-0.076,9.662,3.5
1427426829047,37.497355,139.923288,4,-0.058,0.046,9.583,3.5
1427426829148,37.497356,139.923284,5,-0.075,0.067,9.471,3.5
1427426829249,37.497357,139.92328,5,-0.044,0.149,9.328,3.5
1427426829350,37.497359,139.923276,5,-0.095,0.199,9.647,3.5
1427426829450,37.49736,139.923272,5,-0.015,0.322,9.552,3.5
1427426829551,37.497361,139.923268,5,0.045,0.471,9.418,3.5
1427426829647,37.497362,139.923265,5,0.017,0.477,9.358,3.5
1427426829747,37.497363,139.923261,5,-0.072,0.435,9.416,3.5
1427426829848,37.497365,139.923257,5,-0.097,0.33,9.563,3.5
1427426836847,37.497454,139.92287,5,-0.097,0.33,9.571,5.0
1427426860846,37.497732,139.921426,5,-0.094,0.332,9.581,4.848
1427426860851,37.497732,139.921426,5,-0.089,0.332,9.594,4.846
1427426860947,37.497734,139.921422,5,0.062,0.121,9.883,4.799
1427426861047,37.497736,139.921417,5,0.129,0.005,9.542,4.751
1427426861148,37.497737,139.921411,5,0.071,-0.072,9.584,4.797
1427426861249,37.497737,139.921405,5,-0.099,-0.174,9.928,4.846
1427426861350,37.497738,139.921398,5,-0.038,-0.187,9.6,4.895
1427426861450,37.497738,139.921392,5,0.014,-0.117,9.206,4.944
1427426861551,37.497739,139.921386,5,0.09,-0.092,9.249,4.994
1427426861647,37.49774,139.92138,5,0.142,-0.136,9.516,5.042
1427426861747,37.49774,139.921373,5,0.154,-0.178,9.663,5.093
1427426861848,37.497741,139.921366,5,0.138,-0.162,9.552,5.145
1427426861949,37.497741,139.92136,5,0.104,-0.082,9.469,5.197
1427426862049,37.497742,139.921353,5,0.077,-0.058,9.342,5.249
1427426862150,37.497744,139.921348,5,-0.088,-0.107,9.395,5.198
1427426862251,37.497745,139.921343,5,-0.198,-0.073,9.277,5.145
1427426862352,37.497747,139.921337,5,-0.193,-0.107,9.44,5.094
1427426862447,37.497748,139.921333,5,-0.119,-0.126,9.706,5.046
1427426862548,37.49775,139.921327,5,0.003,-0.074,9.679,4.995
1427426862649,37.497751,139.921322,5,0.107,0.021,9.367,4.944
1427426862749,37.497753,139.921318,5,0.112,0.051,9.303,4.895
1427426862850,37.497754,139.921313,5,0.077,0.066,9.478,4.846
1427426862951,37.497756,139.921308,5,0.079,0.027,9.666,4.797
1427426863047,37.497757,139.921303,5,0.078,0.053,9.501,4.751
1427426863147,37.497758,139.921298,4,0.08,0.091,9.262,4.699
1427426863248,37.497758,139.921294,4,0.035,0.056,9.404,4.647
1427426863349,37.497759,139.921289,4,-0.098,0.008,9.558,4.595
1427426863449,37.49776,139.921284,4,-0.202,0.042,9.427,4.544
1427426863550,37.497761,139.92128,4,-0.152,-0.14,9.589,4.493
1427426863651,37.497761,139.921275,4,-0.15,-0.351,9.672,4.443
1427426863751,37.497762,139.921271,4,-0.188,-0.431,9.412,4.394
1427426863847,37.497763,139.921267,4,-0.141,-0.543,9.193,4.347
1427426863948,37.497763,139.921262,4,-0.176,-0.699,9.521,4.298
1427426864049,37.497764,139.921258,4,-0.156,-0.749,9.865,4.25
1427426864149,37.497765,139.921254,4,-0.008,-0.817,9.809,4.198
1427426864250,37.497765,139.92125,4,0.037,-0.854,9.557,4.145
1427426864351,37.497766,139.921245,4,-0.048,-0.8,9.691,4.093
1427426864451,37.497767,139.921241,4,-0.205,-0.768,9.421,4.042
1427426864547,37.497768,139.921237,4,-0.319,-0.675,8.815,3.994
1427426864648,37.497768,139.921233,4,-0.371,-0.622,8.941,3.943
1427426864748,37.497769,139.92123,4,-0.399,-0.725,9.331,3.894
1427426864849,37.49777,139.921226,4,-0.453,-0.853,9.822,3.845
1427426864950,37.49777,139.921222,4,-0.357,-0.875,9.934,3.797
1427426865051,37.497771,139.921218,6,-0.11,-0.853,9.375,3.747
1427426865151,37.497772,139.921217,6,-0.045,-0.855,8.994,3.482
1427426865247,37.497774,139.921216,6,-0.077,-0.893,9.268,3.241
1427426865348,37.497775,139.921215,6,-0.064,-1.106,9.755,3.002
1427426865448,37.497776,139.921215,6,-0.105,-1.215,9.879,2.78
1427426865549,37.497777,139.921214,6,-0.069,-1.25,9.622,2.57
1427426865650,37.497778,139.921213,6,-0.169,-1.298,9.308,2.375
1427426865751,37.497779,139.921213,6,-0.485,-1.321,9.422,2.196
1427426865851,37.49778,139.921212,6,-0.578,-1.285,9.604,2.032
1427426865947,37.49778,139.921211,6,-0.49,-1.362,9.423,1.889
1427426866048,37.497781,139.921211,6,-0.38,-1.397,9.17,1.753
1427426866148,37.497781,139.92121,6,-0.214,-1.386,9.363,1.617
1427426866249,37.497782,139.921208,6,-0.091,-1.508,9.706,1.487
1427426866350,37.497782,139.921207,6,-0.094,-1.544,9.682,1.366
1427426866450,37.497782,139.921206,6,-0.159,-1.494,9.486,1.254
1427426866551,37.497783,139.921205,6,-0.137,-1.482,9.338,1.149
1427426866647,37.497783,139.921204,6,-0.116,-1.207,9.527,1.057
1427426866747,37.497783,139.921203,6,-0.132,-0.75,9.772,0.969
1427426866848,37.497784,139.921202,6,-0.04,-0.369,9.712,0.888
1427426866949,37.497784,139.921202,6,-0.005,-0.155,9.357,0.815
1427426867050,37.497784,139.921201,4,-0.078,-0.011,9.218,0.75
1427426867150,37.497785,139.921201,4,-0.126,-0.186,9.221,0.75
1427426867251,37.497786,139.9212,4,-0.192,-0.422,9.281,0.75
1427426867347,37.497786,139.9212,4,-0.202,-0.482,9.597,0.75
1427426867447,37.497787,139.921199,4,-0.097,-0.478,9.889,0.75
1427426867548,37.497788,139.921199,4,0.011,-0.354,9.752,0.75
1427426867649,37.497789,139.921199,4,0.068,-0.147,9.553,0.75
1427426867750,37.49779,139.921198,4,0.17,-0.025,9.352,0.75
1427426890847,37.498685,139.921435,7,0.209,-0.047,9.166,5.598
1427426890948,37.498689,139.921436,7,0.019,-0.288,10.041,5.549
1427426891048,37.498693,139.921437,7,-0.01,-0.439,10.945,5.501
1427426891149,37.498698,139.921438,6,-0.148,-0.414,10.614,5.548
1427426891250,37.498704,139.92144,6,-0.254,-0.24,9.715,5.597
1427426891350,37.498709,139.921441,6,-0.129,0.044,9.027,5.645
1427426891451,37.498714,139.921442,6,0.025,0.244,8.661,5.695
1427426891547,37.49872,139.921444,6,0.147,0.257,8.681,5.743
1427426891648,37.498725,139.921445,6,0.255,0.166,8.956,5.794
1427426891748,37.498731,139.921447,6,0.122,0.087,9.431,5.844
1427426903848,37.499341,139.921682,5,0.01,-0.161,9.938,4.937
1427426903949,37.499345,139.921683,5,-0.041,-0.426,9.7,4.842
1427426904050,37.499348,139.921685,4,0.012,-0.614,9.455,4.75
1427426904150,37.499352,139.921687,4,-0.018,-0.726,9.599,4.697
1427426904251,37.499356,139.921688,4,-0.081,-0.772,9.709,4.645
1427426904347,37.499359,139.92169,4,-0.041,-0.803,9.721,4.596
1427426904448,37.499363,139.921691,4,-0.096,-0.809,9.386,4.544
1427426904548,37.499366,139.921693,4,-0.166,-0.739,9.242,4.494
1427426904649,37.49937,139.921694,4,-0.181,-0.718,9.38,4.444
1427426904750,37.499374,139.921696,4,-0.166,-0.702,9.39,4.394
1427426904850,37.499377,139.921697,4,-0.216,-0.685,9.465,4.346
1427426904951,37.499381,139.921699,4,-0.227,-0.624,9.535,4.297
1427426905047,37.499384,139.9217,4,-0.11,-0.612,9.533,4.251
1427426905147,37.499387,139.921701,4,-0.029,-0.593,9.38,4.141
1427426905248,37.49939,139.921702,4,0.022,-0.503,9.399,4.031
1427426905349,37.499393,139.921703,4,0.091,-0.43,9.585,3.923
1427426905450,37.499396,139.921704,4,0.105,-0.431,9.519,3.818
1427426905550,37.499399,139.921705,4,0.018,-0.419,9.57,3.717
1427426905651,37.499402,139.921706,4,-0.083,-0.378,9.666,3.617
1427426905747,37.499404,139.921707,4,-0.099,-0.412,9.563,3.525
1427426905847,37.499407,139.921708,4,-0.163,-0.528,9.394,3.431
1427426905948,37.499409,139.921709,4,-0.265,-0.648,9.413,3.34
1427426906049,37.499412,139.92171,4,-0.286,-0.814,9.324,3.251
1427426906150,37.499414,139.921711,4,-0.229,-1.044,9.348,3.224
1427426906250,37.499417,139.921713,4,-0.129,-1.191,9.642,3.198
1427426906351,37.499419,139.921714,4,-0.075,-1.263,9.749,3.173
1427426906447,37.499422,139.921716,4,-0.074,-1.347,9.739,3.148
1427426906547,37.499424,139.921717,4,-0.128,-1.412,9.577,3.123
1427426906648,37.499427,139.921719,4,-0.243,-1.432,9.422,3.098
1427426906749,37.499429,139.92172,4,-0.317,-1.399,9.323,3.073
1427426906849,37.499431,139.921721,4,-0.343,-1.396,9.374,3.049
1427426906950,37.499434,139.921723,4,-0.403,-1.464,9.497,3.024
1427426907051,37.499436,139.921724,4,-0.442,-1.512,9.54,2.999
1427426907152,37.499438,139.921725,4,-0.437,-1.491,9.454,2.914
1427426907247,37.49944,139.921725,4,-0.312,-1.272,9.419,2.835
1427426907348,37.499442,139.921726,4,-0.109,-0.99,9.467,2.754
1427426907449,37.499444,139.921726,4,0.063,-0.821,9.569,2.675
1427426907549,37.499446,139.921727,4,0.043,-0.775,9.587,2.599
1427426907650,37.499448,139.921727,4,-0.025,-0.653,9.432,2.524
1427426907751,37.49945,139.921728,4,-0.025,-0.502,9.259,2.452
1427426907851,37.499452,139.921728,4,0.024,-0.445,9.229,2.382
1427426907947,37.499453,139.921729,4,0.041,-0.506,9.395,2.317
1427426908048,37.499455,139.921729,4,0.038,-0.598,9.643,2.251
1427426908149,37.499453,139.921727,8,0.064,-0.552,9.85,1.977
1427426908249,37.499452,139.921726,8,0.049,-0.529,9.688,1.724
1427426908350,37.499451,139.921725,8,-0.04,-0.524,9.374,1.491
1427426908451,37.499449,139.921723,8,-0.184,-0.497,9.307,1.281
1427426908551,37.499448,139.921722,8,-0.23,-0.473,9.462,1.095
1427426908647,37.499448,139.921721,8,-0.136,-0.473,9.645,0.937
1427426908748,37.499447,139.921721,8,0.001,-0.497,9.526,0.794
1427426908849,37.499446,139.92172,8,0.001,-0.508,9.36,0.673
1427426908949,37.499445,139.921719,8,-0.05,-0.486,9.382,0.576
1427426909050,37.499445,139.921719,8,-0.068,-0.49,9.589,0.5
1427426909151,37.499446,139.921719,8,-0.062,-0.534,9.609,0.467
1427426909251,37.499447,139.921719,8,-0.076,-0.385,9.617,0.436
1427426909347,37.499448,139.921719,8,-0.06,-0.156,9.571,0.408
1427426909448,37.499449,139.921719,8,-0.002,0.015,9.453,0.381
1427426909548,37.49945,139.921718,8,0.072,0.034,9.289,0.355
1427426909649,37.499451,139.921718,8,0.047,0.049,9.408,0.33
1427426909750,37.499452,139.921718,8,0.042,0.076,9.631,0.307
1427426909851,37.499453,139.921718,8,0.045,0.165,9.773,0.286
1427426909951,37.499453,139.921718,8,0.1,0.306,9.726,0.267
1427426910047,37.499454,139.921718,8,0.188,0.416,9.561,0.251
1427426910148,37.499454,139.921718,5,0.201,0.575,9.441,0.267
1427426910248,37.499455,139.921718,5,0.14,0.742,9.421,0.286
1427426910349,37.499455,139.921719,5,0.077,0.828,9.311,0.307
1427426910450,37.499456,139.921719,5,0.056,0.815,9.177,0.33
1427426910550,37.499456,139.921719,5,0.053,0.726,9.228,0.354
1427426910651,37.499457,139.92172,5,0.051,0.607,9.365,0.38
1427426910747,37.499457,139.92172,5,0.051,0.537,9.421,0.407
1427426910848,37.499458,139.92172,5,0.035,0.445,9.456,0.436
1427426916845,37.499501,139.9217,5,0.032,0.44,9.46,1.445
1427426916850,37.499501,139.9217,5,0.026,0.43,9.461,1.446
1427426916950,37.499502,139.921698,5,-0.446,0.059,9.319,1.473
1427426917051,37.499503,139.921696,5,-0.558,-0.117,8.899,1.501
1427426917147,37.499504,139.921693,5,-0.573,-0.159,8.745,1.575
1427426917248,37.499504,139.92169,5,-0.41,-0.178,9.138,1.658
1427426917348,37.499505,139.921687,5,-0.365,-0.24,9.517,1.746
1427426917449,37.499505,139.921684,5,-0.405,-0.253,9.437,1.839
1427426917550,37.499506,139.921681,5,-0.272,-0.219,9.565,1.938
1427426917650,37.499507,139.921677,5,0.087,-0.208,9.76,2.04
1427426917751,37.499508,139.921673,5,0.354,-0.15,9.731,2.149
1427426917847,37.499508,139.92167,5,0.381,-0.107,9.499,2.257
1427426924846,37.499623,139.921278,4,0.384,-0.107,9.494,5.5
1427426924851,37.499623,139.921278,4,0.39,-0.109,9.488,5.5
1427426924947,37.499626,139.921274,4,0.793,-0.272,9.269,5.5
1427426925047,37.49963,139.921269,4,1.042,-0.364,9.405,5.5
1427426925148,37.499635,139.921267,5,1.072,-0.398,9.464,5.449
1427426925249,37.49964,139.921265,5,0.986,-0.531,9.61,5.397
1427426925350,37.499645,139.921263,5,1.104,-0.635,9.998,5.345
1427426925450,37.499649,139.921261,5,1.236,-0.613,9.868,5.294
1427426925551,37.499654,139.921259,5,1.423,-0.605,9.495,5.244
1427426925647,37.499659,139.921257,5,1.51,-0.607,9.243,5.196
1427426925747,37.499663,139.921256,5,1.53,-0.593,9.549,5.146
1427426925848,37.499668,139.921254,5,1.67,-0.674,10.003,5.097
1427426925949,37.499672,139.921252,5,1.924,-0.72,9.739,5.048
1427426926049,37.499677,139.92125,5,1.844,-0.822,9.623,5.0
1427426926150,37.499682,139.921249,5,1.694,-0.786,9.615,5.048
1427426926251,37.499686,139.921249,5,1.693,-0.683,9.13,5.097
1427426926352,37.499691,139.921248,5,1.636,-0.621,9.06,5.146
1427426926447,37.499696,139.921247,5,1.732,-0.748,9.666,5.193
1427426926548,37.499701,139.921247,5,1.749,-0.667,9.48,5.243
1427426926649,37.499706,139.921246,5,1.852,-0.63,9.391,5.294
1427426926749,37.499711,139.921245,5,2.042,-0.505,9.437,5.344
1427426926850,37.499716,139.921244,5,2.089,-0.329,9.288,5.396
1427426926951,37.499721,139.921244,5,1.941,-0.051,9.194,5.448
1427426927051,37.499726,139.921243,5,1.735,0.122,9.216,5.5
1427426927147,37.499731,139.921243,5,1.554,0.26,9.178,5.547
1427426927248,37.499737,139.921244,5,1.53,0.271,9.16,5.596
1427426927349,37.499743,139.921244,5,1.488,0.273,9.3,5.645
1427426927449,37.499749,139.921245,5,1.515,0.262,9.468,5.694
1427426927550,37.499754,139.921245,5,1.563,0.231,9.381,5.745
1427426927651,37.49976,139.921246,5,1.686,0.204,9.229,5.795
1427426927751,37.499766,139.921246,5,1.769,0.244,9.383,5.846
1427426927847,37.499772,139.921247,5,1.776,0.145,9.443,5.895
1427426934846,37.500144,139.921384,6,1.77,0.129,9.444,4.894
1427426934851,37.500144,139.921384,6,1.751,0.109,9.442,4.891
1427426934947,37.500148,139.921386,6,0.859,-0.208,9.492,4.822
1427426935048,37.500152,139.921387,6,0.183,-0.434,9.4,4.751
1427426935148,37.500156,139.921388,6,-0.214,-0.539,9.456,4.699
1427426935249,37.500161,139.921389,6,-0.359,-0.576,9.553,4.646
1427426935350,37.500165,139.921391,6,-0.368,-0.6,9.601,4.594
1427426935451,37.500169,139.921392,6,-0.344,-0.642,9.452,4.543
1427426935551,37.500174,139.921393,6,-0.37,-0.624,9.401,4.493
1427426935647,37.500178,139.921394,6,-0.362,-0.601,9.521,4.445
1427426935748,37.500182,139.921396,6,-0.314,-0.615,9.554,4.395
1427426935848,37.500186,139.921397,6,-0.319,-0.653,9.483,4.347
1427426935949,37.50019,139.921398,6,-0.299,-0.618,9.422,4.298
1427426936050,37.500194,139.921399,6,-0.253,-0.621,9.488,4.25
1427426936150,37.500196,139.9214,6,-0.184,-0.637,9.476,4.138
1427426936251,37.500199,139.921401,6,-0.17,-0.692,9.466,4.028
1427426936347,37.500201,139.921401,6,-0.211,-0.705,9.495,3.925
1427426936447,37.500203,139.921402,6,-0.211,-0.641,9.622,3.821
1427426936548,37.500205,139.921403,6,-0.197,-0.647,9.49,3.719
1427426936649,37.500207,139.921403,6,-0.219,-0.669,9.314,3.619
1427426936750,37.500209,139.921404,6,-0.238,-0.651,9.445,3.522
1427426936850,37.500211,139.921405,6,-0.192,-0.619,9.604,3.429
1427426936951,37.500213,139.921405,6,-0.16,-0.643,9.511,3.337
1427426937047,37.500215,139.921406,6,-0.16,-0.687,9.387,3.253
1427426937147,37.500217,139.921407,5,-0.174,-0.686,9.45,3.137
1427426937248,37.500219,139.921408,5,-0.16,-0.683,9.598,3.023
1427426937349,37.500221,139.921408,5,-0.098,-0.715,9.558,2.913
1427426937450,37.500223,139.921409,5,-0.098,-0.744,9.386,2.806
1427426937550,37.500224,139.92141,5,-0.139,-0.759,9.357,2.705
1427426937651,37.500226,139.921411,5,-0.205,-0.849,9.545,2.605
1427426937747,37.500228,139.921411,5,-0.14,-0.996,9.499,2.515
1427426937847,37.500229,139.921412,5,-0.068,-1.181,9.331,2.424
1427426937948,37.500231,139.921412,5,-0.097,-1.322,9.29,2.335
1427426938049,37.500232,139.921413,5,-0.223,-1.375,9.5,2.251
1427426938149,37.500233,139.921414,4,-0.271,-1.423,9.766,2.111
1427426938250,37.500234,139.921415,4,-0.284,-1.499,9.648,1.975
1427426938351,37.500234,139.921415,4,-0.266,-1.508,9.403,1.844
1427426938447,37.500235,139.921416,4,-0.293,-1.468,9.312,1.725
1427426938547,37.500236,139.921417,4,-0.302,-1.241,9.481,1.607
1427426938648,37.500236,139.921417,4,-0.246,-0.912,9.676,1.493
1427426938749,37.500237,139.921418,4,-0.17,-0.705,9.637,1.385
1427426938849,37.500238,139.921419,4,-0.145,-0.658,9.458,1.284
1427426938950,37.500238,139.921419,4,-0.124,-0.585,9.307,1.187
1427426939051,37.500239,139.92142,4,-0.108,-0.496,9.401,1.096
1427426939147,37.500239,139.92142,4,-0.118,-0.507,9.619,1.014
1427426939247,37.50024,139.921421,4,-0.078,-0.501,9.661,0.935
1427426939348,37.50024,139.921421,4,-0.064,-0.501,9.46,0.861
1427426939449,37.50024,139.921421,4,-0.142,-0.471,9.386,0.792
1427426939549,37.500241,139.921422,4,-0.17,-0.448,9.462,0.729
1427426939650,37.500241,139.921422,4,-0.106,-0.453,9.582,0.672
1427426939751,37.500241,139.921422,4,-0.069,-0.517,9.494,0.62
1427426939851,37.500242,139.921423,4,-0.141,-0.509,9.476,0.574
1427426939947,37.500242,139.921423,4,-0.151,-0.448,9.466,0.536
1427426940048,37.500242,139.921423,4,-0.117,-0.462,9.523,0.501
1427426940148,37.500242,139.921424,4,-0.094,-0.542,9.475,0.407
1427426940249,37.500241,139.921424,4,-0.162,-0.557,9.501,0.321
1427426940350,37.500241,139.921425,4,-0.191,-0.512,9.496,0.245
1427426940451,37.500241,139.921425,4,-0.174,-0.561,9.505,0.179
1427426940551,37.50024,139.921425,4,-0.141,-0.642,9.435,0.125
1427426940647,37.50024,139.921426,4,-0.161,-0.67,9.495,0.081
1427426940748,37.50024,139.921426,4,-0.139,-0.566,9.622,0.046
1427426940848,37.50024,139.921426,4,-0.036,-0.261,9.761,0.02
1427426940949,37.50024,139.921426,4,0.046,0.042,9.614,0.005
1427427016848,37.499761,139.923469,6,-0.042,0.206,9.407,6.3
1427427016948,37.49976,139.923476,6,0.024,-0.06,9.526,6.275
1427427017049,37.499758,139.923483,6,0.095,-0.184,9.722,6.25
1427427017150,37.499756,139.923489,6,0.194,-0.204,9.506,6.225
1427427017251,37.499754,139.923496,6,0.211,-0.172,9.189,6.199
1427427017351,37.499752,139.923502,6,0.281,-0.198,9.341,6.174
1427427017447,37.49975,139.923508,6,0.319,-0.31,9.902,6.15
1427427017548,37.499747,139.923515,6,0.338,-0.285,10.002,6.124
1427427017648,37.499745,139.923521,6,0.364,-0.093,9.376,6.099
1427427017749,37.499743,139.923527,6,0.299,0.072,8.889,6.074
1427427017850,37.499741,139.923534,6,0.287,0.171,8.883,6.049
1427427017951,37.499739,139.92354,6,0.148,0.133,9.443,6.024
1427427018051,37.499737,139.923546,6,0.096,0.135,9.683,5.999
1427427018147,37.499735,139.923552,6,0.115,0.137,9.429,5.95
1427427018248,37.499734,139.923558,6,0.188,0.038,9.282,5.898
1427427018348,37.499732,139.923564,6,0.306,-0.079,9.572,5.846
1427427018449,37.49973,139.92357,6,0.226,0.069,9.479,5.795
1427427018550,37.499729,139.923576,6,-0.01,0.143,9.371,5.745
1427427018650,37.499727,139.923582,6,-0.107,0.152,9.486,5.695
1427427018751,37.499726,139.923588,6,-0.103,0.055,9.426,5.645
1427427018847,37.499724,139.923593,6,0.03,0.022,9.391,5.598
1427427040847,37.499422,139.924692,4,0.037,0.028,9.385,2.799
1427427042846,37.499409,139.92474,3,0.041,0.032,9.38,2.093
1427427042851,37.499409,139.924741,3,0.044,0.035,9.38,2.091
1427427042951,37.499408,139.924742,3,0.063,-0.274,9.403,2.045
1427427043047,37.499408,139.924744,3,0.16,-0.511,9.425,2.001
1427427043148,37.499408,139.924745,4,0.214,-0.698,9.424,1.974
1427427043248,37.499407,139.924747,4,0.125,-0.736,9.459,1.948
1427427043349,37.499407,139.924748,4,0.092,-0.518,9.593,1.922
1427427043450,37.499406,139.924749,4,0.105,-0.339,9.608,1.896
1427427043550,37.499406,139.924751,4,0.188,-0.279,9.395,1.871
1427427043651,37.499406,139.924752,4,0.174,-0.251,9.373,1.846
1427427043747,37.499405,139.924753,4,0.187,-0.234,9.519,1.822
1427427043848,37.499405,139.924755,4,0.234,-0.277,9.616,1.798
1427427043948,37.499404,139.924756,4,0.205,-0.411,9.454,1.774
1427427044049,37.499404,139.924757,4,0.121,-0.571,9.356,1.75
1427427044150,37.499404,139.924755,4,0.065,-0.714,9.445,1.417
1427427044250,37.499404,139.924753,4,0.08,-0.857,9.604,1.12
1427427044351,37.499405,139.924751,4,0.087,-0.988,9.576,0.855
1427427044447,37.499405,139.92475,4,0.001,-1.094,9.468,0.636
1427427044548,37.499405,139.924749,4,-0.053,-1.103,9.429,0.441
1427427044648,37.499405,139.924748,4,-0.051,-1.132,9.485,0.283
1427427044749,37.499405,139.924747,4,0.089,-0.79,9.819,0.159
1427427044850,37.499405,139.924746,4,0.265,-0.206,9.907,0.07
1427427044950,37.499405,139.924746,4,0.303,0.234,9.563,0.018
1427427101845,37.499331,139.925033,5,0.271,0.303,9.381,2.799
1427427103844,37.499324,139.925055,4,0.276,0.293,9.375,0.106
1427427103849,37.499324,139.925055,4,0.283,0.285,9.374,0.101
1427427103950,37.499324,139.925055,4,0.292,0.32,9.381,0.025
1427427113845,37.499315,139.925209,5,0.382,0.358,9.495,3.05
1427427113850,37.499315,139.925209,5,0.373,0.356,9.491,3.048
1427427113950,37.499316,139.925213,5,-0.474,-0.579,9.351,3.024
1427427114051,37.499318,139.925216,5,-0.76,-1.321,8.812,3.0
1427427114147,37.49932,139.925218,5,-0.624,-1.577,8.59,3.0
1427427114248,37.499323,139.925221,5,-0.082,-1.481,9.174,3.0
1427427114348,37.499325,139.925223,5,0.408,-1.109,9.975,3.0
1427427114449,37.499328,139.925225,5,0.736,-0.804,10.166,3.0
1427427114550,37.49933,139.925228,5,0.746,-0.516,9.874,3.0
1427427114650,37.499333,139.92523,5,0.721,-0.347,9.496,3.0
1427427114751,37.499336,139.925232,5,0.728,-0.216,9.318,3.0
1427427114847,37.499338,139.925234,5,0.703,-0.077,9.33,3.0
1427427114947,37.49934,139.925237,5,0.497,0.06,9.398,3.0
1427427115048,37.499343,139.925239,5,0.354,0.645,9.845,3.0
1427427115149,37.499346,139.92524,5,0.034,1.403,9.972,2.974
1427427115250,37.499349,139.925242,5,-0.336,2.042,9.694,2.948
1427427115350,37.499351,139.925243,5,-0.6,2.16,8.983,2.923
1427427115451,37.499354,139.925244,5,-0.856,2.297,8.768,2.897
1427427115547,37.499357,139.925246,5,-0.834,2.109,8.942,2.873
1427427115647,37.499359,139.925247,5,-0.876,1.53,9.188,2.848
1427427115748,37.499362,139.925248,5,-1.006,1.16,9.567,2.823
1427427148846,37.501413,139.926169,5,-1.087,0.831,9.694,7.349
1427427156847,37.501959,139.926281,6,-1.082,0.813,9.707,7.55
1427427156948,37.501966,139.926283,6,-0.706,0.501,9.381,7.525
1427427157048,37.501974,139.926284,6,-0.469,0.244,9.31,7.5
1427427157149,37.50198,139.926286,6,-0.289,-0.07,10.118,7.524
1427427157250,37.501987,139.926289,6,-0.074,-0.334,10.969,7.549
1427427157351,37.501993,139.926291,6,0.121,-0.487,10.63,7.574
1427427157451,37.501999,139.926294,6,0.217,-0.339,10.074,7.599
1427427157547,37.502006,139.926296,6,0.276,-0.187,9.458,7.623
1427427157648,37.502012,139.926298,6,0.301,0.055,8.652,7.649
1427427157748,37.502018,139.926301,6,0.326,0.232,8.17,7.674
1427427160845,37.50221,139.926383,5,0.357,0.106,8.22,7.551
1427427163846,37.502385,139.926476,6,0.357,0.09,8.25,6.849
1427427163851,37.502385,139.926476,6,0.352,0.07,8.282,6.847
1427427163947,37.50239,139.926479,6,0.25,-0.256,9.082,6.8
1427427164048,37.502394,139.926483,6,0.176,-0.395,9.449,6.751
1427427164148,37.5024,139.926485,6,0.126,-0.416,9.539,6.699
1427427164249,37.502406,139.926487,6,0.02,-0.447,9.358,6.647
1427427164350,37.502412,139.926489,6,-0.122,-0.373,9.271,6.596
1427427164450,37.502417,139.926491,6,-0.127,-0.345,9.437,6.545
1427427164551,37.502423,139.926493,6,-0.173,-0.387,9.165,6.495
1427427164647,37.502429,139.926495,6,-0.161,-0.354,8.839,6.447
1427427164748,37.502434,139.926497,6,-0.016,-0.478,8.89,6.397
1427427164848,37.50244,139.926499,6,0.116,-0.749,9.586,6.348
1427427164949,37.502445,139.926501,6,0.086,-0.973,10.272,6.299
1427427165050,37.502451,139.926503,6,0.007,-1.093,9.984,6.25
1427427165150,37.502456,139.926506,6,-0.086,-1.168,9.24,6.142
1427427165251,37.50246,139.926509,6,-0.244,-1.195,9.168,6.035
1427427165347,37.502465,139.926512,6,-0.293,-1.222,9.54,5.935
1427427165447,37.502469,139.926515,6,-0.276,-1.312,9.621,5.832
1427427165548,37.502474,139.926518,6,-0.204,-1.305,9.595,5.73
1427427165649,37.502478,139.926521,6,-0.066,-1.284,9.504,5.63
1427427165750,37.502483,139.926524,6,0.081,-1.276,9.62,5.532
1427427165850,37.502487,139.926527,6,0.031,-1.246,9.804,5.436
1427427165951,37.502491,139.926529,6,-0.155,-1.136,9.654,5.341
1427427166047,37.502495,139.926532,6,-0.22,-0.948,9.434,5.253
1427427166147,37.502499,139.926534,6,-0.248,-0.925,9.409,5.172
1427427166248,37.502503,139.926537,6,-0.379,-0.916,9.603,5.092
1427427166349,37.502506,139.926539,6,-0.428,-0.813,9.703,5.014
1427427166449,37.50251,139.926541,6,-0.322,-0.637,9.485,4.937
1427427166550,37.502514,139.926543,6,-0.239,-0.489,9.211,4.861
1427427166651,37.502517,139.926546,6,-0.227,-0.404,9.25,4.785
1427427166747,37.502521,139.926548,6,-0.147,-0.357,9.527,4.715
1427427166847,37.502524,139.92655,6,-0.145,-0.383,9.709,4.643
1427427166948,37.502528,139.926552,6,-0.26,-0.353,9.51,4.571
1427427167049,37.502531,139.926554,6,-0.302,-0.263,9.323,4.501
1427427167150,37.502535,139.926556,5,-0.258,-0.272,9.399,4.474
1427427167250,37.502538,139.926557,5,-0.307,-0.34,9.49,4.449
1427427167351,37.502542,139.926559,5,-0.374,-0.343,9.613,4.423
1427427167447,37.502545,139.92656,5,-0.33,-0.322,9.669,4.399
1427427167547,37.502549,139.926562,5,-0.243,-0.278,9.391,4.374
1427427167648,37.502552,139.926564,5,-0.263,-0.271,9.118,4.349
1427427167749,37.502556,139.926565,5,-0.273,-0.32,9.315,4.324
1427427167849,37.502559,139.926567,5,-0.147,-0.266,9.612,4.299
1427427167950,37.502563,139.926568,5,-0.166,-0.35,9.642,4.274
1427427168051,37.502566,139.92657,7,-0.381,-0.378,9.65,4.25
1427427168152,37.502569,139.926573,7,-0.429,-0.278,9.569,4.224
1427427168247,37.502572,139.926576,7,-0.381,-0.254,9.248,4.2
1427427168348,37.502576,139.926579,7,-0.321,-0.362,9.237,4.174
1427427168449,37.502579,139.926581,7,-0.253,-0.358,9.514,4.148
1427427168549,37.502582,139.926584,7,-0.113,-0.335,9.83,4.123
1427427168650,37.502585,139.926587,7,-0.074,-0.363,9.594,4.098
1427427168751,37.502589,139.92659,7,-0.17,-0.374,9.344,4.073
1427427168851,37.502592,139.926593,7,-0.237,-0.397,9.287,4.049
1427427168947,37.502595,139.926595,7,-0.225,-0.573,9.507,4.025
1427427169048,37.502598,139.926598,7,-0.305,-0.74,9.628,4.0
1427427169148,37.502601,139.926599,7,-0.369,-0.832,9.565,3.948
1427427169249,37.502603,139.9266,7,-0.4,-0.913,9.55,3.895
1427427169351,37.502606,139.926601,7,-0.415,-1.065,9.508,3.842
1427427169451,37.502608,139.926603,7,-0.391,-1.09,9.378,3.791
1427427169551,37.502611,139.926604,7,-0.316,-0.92,9.557,3.741
1427427169647,37.502613,139.926605,7,-0.222,-0.788,9.777,3.693
1427427169748,37.502616,139.926606,7,-0.155,-0.655,9.642,3.644
1427427169848,37.502618,139.926607,7,-0.133,-0.544,9.412,3.596
1427427169949,37.502621,139.926608,7,-0.216,-0.43,9.291,3.547
1427427170050,37.502623,139.926609,7,-0.274,-0.424,9.292,3.5
1427427170151,37.502626,139.926611,7,-0.302,-0.469,9.493,3.446
1427427170251,37.502629,139.926613,7,-0.383,-0.548,9.699,3.393
1427427170347,37.502632,139.926614,7,-0.298,-0.526,9.755,3.343
1427427170448,37.502635,139.926616,7,-0.186,-0.404,9.488,3.292
1427427170548,37.502637,139.926618,7,-0.226,-0.235,8.962,3.241
1427427170649,37.50264,139.926619,7,-0.319,-0.231,8.888,3.191
1427427170750,37.502643,139.926621,7,-0.305,-0.333,9.498,3.142
1427427170850,37.502646,139.926623,7,-0.095,-0.385,10.127,3.094
1427427170951,37.502648,139.926624,7,0.05,-0.418,10.043,3.046
1427427171047,37.502651,139.926626,7,-0.08,-0.4,9.648,3.001
1427427171148,37.502655,139.926627,8,-0.304,-0.417,9.367,2.947
1427427171248,37.502659,139.926628,8,-0.384,-0.491,9.177,2.894
1427427171349,37.502662,139.926629,8,-0.405,-0.645,9.02,2.841
1427427171450,37.502666,139.926629,8,-0.391,-0.834,9.378,2.789
1427427171550,37.50267,139.92663,8,-0.316,-1.029,9.911,2.739
1427427171651,37.502673,139.926631,8,-0.316,-1.268,9.927,2.689
1427427171747,37.502677,139.926632,8,-0.424,-1.425,9.561,2.642
1427427171847,37.50268,139.926632,8,-0.557,-1.514,9.239,2.594
1427427171948,37.502684,139.926633,8,-0.646,-1.561,9.193,2.547
1427427172049,37.502687,139.926634,8,-0.614,-1.646,9.438,2.5
1427427172150,37.502685,139.926631,8,-0.49,-1.746,9.664,2.025
1427427172250,37.502683,139.926628,8,-0.393,-1.878,9.641,1.6
1427427172351,37.502681,139.926625,8,-0.377,-1.868,9.567,1.222
1427427172447,37.50268,139.926623,8,-0.321,-1.382,9.669,0.909
1427427172547,37.502679,139.926621,8,-0.361,-0.84,9.677,0.633
1427427172648,37.502678,139.92662,8,-0.384,-0.419,9.507,0.404
1427427172749,37.502677,139.926619,8,-0.33,-0.195,9.221,0.227
1427427172850,37.502676,139.926618,8,-0.252,-0.089,9.127,0.1
1427427172950,37.502676,139.926617,8,-0.21,-0.011,9.421,0.025
1427427219845,37.503858,139.927203,5,-0.166,0.146,9.551,6.05
1427427254846,37.505585,139.92883,8,-0.162,0.139,9.547,8.194
