measurement_ms,latitude,longitude,gps_error_meter,accel_x_transverse,accel_y_longitudinal,accel_z_vertical,speed
1425108939580,37.506895,139.930766,6,0.395,0.535,9.486,5.997
1425108939681,37.506895,139.930772,7,0.152,0.285,9.629,5.977
1425108939782,37.506894,139.930777,7,0.122,0.09,9.714,5.951
1425108939882,37.506894,139.930783,7,0.258,-0.026,9.607,5.926
1425108939983,37.506893,139.930788,7,0.232,-0.104,9.415,5.9
1425108940084,37.506892,139.930793,7,0.211,-0.179,9.587,5.875
1425108940184,37.506892,139.930799,7,0.168,-0.208,9.554,5.85
1425108940280,37.506892,139.930804,7,0.169,-0.178,9.486,5.826
1425108940381,37.506891,139.930809,7,0.115,-0.146,9.497,5.801
1425108940482,37.506891,139.930814,7,0.096,-0.178,9.565,5.776
1425108940582,37.50689,139.93082,7,0.194,-0.198,9.614,5.752
1425108940683,37.506889,139.930826,7,0.199,-0.23,9.479,5.676
1425108940784,37.506887,139.930832,7,0.132,-0.192,9.342,5.596
1425108940884,37.506885,139.930838,7,0.103,-0.235,9.524,5.519
1425108940980,37.506884,139.930844,7,0.159,-0.423,9.814,5.445
1425108941081,37.506882,139.93085,7,0.138,-0.434,9.641,5.369
1425108941181,37.506881,139.930856,7,0.245,-0.538,9.641,5.294
1425108941282,37.506879,139.930862,7,0.377,-0.648,9.574,5.22
1425108941383,37.506878,139.930867,7,0.121,-0.404,9.067,5.147
1425108941484,37.506876,139.930873,7,-0.127,-0.397,9.248,5.075
1425108941584,37.506875,139.930879,7,-0.318,-0.546,9.815,5.004
1425108941680,37.506873,139.930884,8,-0.377,-0.444,9.767,4.928
1425108941781,37.506872,139.93089,8,-0.131,-0.349,9.472,4.847
1425108941881,37.50687,139.930896,8,0.055,-0.465,9.429,4.769
1425108941982,37.506868,139.930901,8,0.131,-0.62,9.67,4.692
1425108942083,37.506866,139.930907,8,0.284,-0.626,9.543,4.615
1425108942183,37.506865,139.930912,8,0.267,-0.7,9.232,4.541
1425108942284,37.506863,139.930917,8,0.184,-0.676,9.304,4.467
1425108942380,37.506861,139.930922,8,-0.042,-0.601,9.745,4.397
1425108942481,37.50686,139.930928,8,-0.255,-0.508,9.687,4.326
1425108942581,37.506858,139.930933,8,-0.361,-0.573,9.547,4.256
1425108942682,37.506857,139.930937,8,-0.278,-0.667,9.514,4.175
1425108942783,37.506856,139.93094,8,-0.086,-0.804,9.575,4.094
1425108942883,37.506855,139.930944,8,0.066,-0.912,9.529,4.015
1425108942984,37.506854,139.930948,8,0.132,-1.008,9.451,3.937
1425108943080,37.506853,139.930952,8,0.115,-1.146,9.468,3.864
1425108943180,37.506852,139.930955,8,-0.013,-1.214,9.549,3.79
1425108943281,37.506851,139.930959,8,-0.169,-1.198,9.591,3.716
1425108943382,37.50685,139.930962,8,-0.229,-1.186,9.573,3.644
1425108943483,37.506849,139.930965,8,-0.241,-1.168,9.598,3.573
1425108943583,37.506848,139.930969,8,-0.276,-1.199,9.628,3.505
1425108943684,37.506846,139.930972,6,-0.3,-1.203,9.507,3.286
1425108943780,37.506845,139.930975,6,-0.288,-1.186,9.479,3.078
1425108943880,37.506843,139.930978,6,-0.188,-1.1,9.351,2.872
1425108943981,37.506842,139.930981,6,-0.132,-1.251,9.507,2.677
1425108944082,37.506841,139.930983,6,-0.256,-1.3,9.829,2.493
1425108944183,37.506839,139.930986,6,-0.255,-1.18,9.522,2.321
1425108944283,37.506838,139.930988,6,-0.197,-1.19,9.521,2.163
1425108944384,37.506837,139.93099,6,-0.104,-1.308,9.744,2.015
1425108944480,37.506836,139.930992,6,-0.13,-1.13,9.485,1.885
1425108944580,37.506835,139.930994,6,-0.193,-0.84,9.326,1.762
1425108944681,37.506834,139.930995,6,-0.173,-0.72,9.549,1.626
1425108944782,37.506833,139.930995,6,-0.099,-0.707,9.674,1.496
1425108944882,37.506832,139.930996,6,-0.067,-0.663,9.534,1.375
1425108944983,37.506832,139.930996,6,-0.057,-0.523,9.502,1.262
1425108945084,37.506831,139.930997,6,0.008,-0.319,9.579,1.156
1425108945180,37.50683,139.930997,6,0.111,-0.189,9.525,1.063
1425108945280,37.50683,139.930998,6,0.2,-0.063,9.472,0.974
1425108945381,37.506829,139.930998,6,0.198,0.101,9.497,0.893
1425108945482,37.506828,139.930999,6,0.209,0.273,9.489,0.819
1425108945582,37.506828,139.930999,6,0.226,0.396,9.465,0.755
1425108945683,37.506827,139.930999,6,0.279,0.447,9.495,0.75
1425108945784,37.506826,139.930999,6,0.269,0.388,9.5,0.75
1425108945884,37.506826,139.931,6,0.201,0.207,9.513,0.75
1425108945980,37.506825,139.931,6,0.181,0.099,9.572,0.75
1425108946081,37.506824,139.931,6,0.157,0.034,9.536,0.75
1425108946182,37.506823,139.931,6,0.191,-0.016,9.518,0.75
1425108946282,37.506822,139.931,6,0.2,-0.061,9.54,0.75
1425108946383,37.506822,139.931001,6,0.164,-0.073,9.508,0.75
1425108946484,37.506821,139.931001,6,0.138,-0.016,9.483,0.75
1425108946584,37.50682,139.931001,6,0.123,0.032,9.526,0.75
1425108946680,37.506819,139.931001,6,0.145,0.002,9.544,0.75
1425108946781,37.506818,139.931001,6,0.178,0.016,9.579,0.75
1425108946881,37.506817,139.931002,6,0.23,0.164,9.551,0.75
1425108946982,37.506816,139.931002,6,0.291,0.327,9.481,0.75
1425108947083,37.506816,139.931002,6,0.299,0.393,9.447,0.75
1425108947184,37.506815,139.931002,6,0.255,0.367,9.483,0.75
1425108947284,37.506814,139.931002,6,0.195,0.266,9.529,0.75
1425108947380,37.506813,139.931003,6,0.154,0.157,9.542,0.75
1425108947486,37.506812,139.931003,6,0.151,0.116,9.51,0.75
1425108947581,37.506811,139.931003,6,0.145,0.109,9.494,0.75
1425108947680,37.50681,139.931003,6,0.185,0.097,9.489,0.723
1425108947783,37.506809,139.931004,6,0.229,0.05,9.515,0.694
1425108947882,37.506809,139.931004,6,0.125,0.054,9.542,0.667
1425108947984,37.506808,139.931005,6,0.009,0.058,9.542,0.64
1425108948080,37.506807,139.931005,6,0.0,0.104,9.522,0.615
1425108948181,37.506807,139.931006,6,0.107,0.211,9.546,0.59
1425108948281,37.506806,139.931006,6,0.239,0.314,9.547,0.567
1425108948382,37.506805,139.931006,6,0.298,0.391,9.537,0.544
1425108948483,37.506805,139.931007,6,0.386,0.455,9.506,0.522
1425108951574,37.506773,139.931046,7,0.446,0.552,9.459,1.504
1425108951580,37.506773,139.931046,7,0.447,0.548,9.465,1.502
1425108951680,37.506773,139.931048,7,0.295,0.351,10.344,1.521
1425108951781,37.506773,139.93105,7,-0.012,0.379,10.272,1.545
1425108951882,37.506772,139.931052,7,-0.104,0.352,9.328,1.569
1425108951982,37.506772,139.931053,7,-0.045,0.152,8.997,1.593
1425108952083,37.506772,139.931055,7,0.082,0.018,9.43,1.618
1425108952184,37.506772,139.931058,7,0.221,0.245,9.679,1.644
1425108952284,37.506772,139.93106,7,-0.014,0.351,9.456,1.669
1425108952380,37.506771,139.931062,7,-0.296,0.359,9.174,1.694
1425108952481,37.506771,139.931064,7,-0.451,0.411,9.439,1.721
1425108952582,37.506771,139.931066,7,-0.374,0.429,9.705,1.748
1425108952682,37.506771,139.931068,6,-0.179,0.439,9.537,1.75
1425108952783,37.506771,139.93107,6,-0.25,0.436,9.415,1.75
1425108952884,37.506771,139.931072,6,-0.409,0.454,9.551,1.75
1425108952984,37.506771,139.931075,6,-0.489,0.346,9.665,1.75
1425108953080,37.506771,139.931077,6,-0.395,0.288,9.56,1.75
1425108953181,37.506772,139.931079,6,-0.128,0.272,9.244,1.75
1425108953281,37.506772,139.931081,6,-0.067,0.339,9.35,1.75
1425108953382,37.506772,139.931083,6,-0.247,0.36,9.47,1.75
1425108953483,37.506772,139.931086,6,-0.393,0.354,9.699,1.75
1425108953584,37.506772,139.931088,6,-0.468,0.382,9.657,1.75
1425108953684,37.506772,139.93109,6,-0.515,0.274,9.512,1.75
1425108953780,37.506773,139.931093,6,-0.622,0.193,9.443,1.75
1425108953881,37.506773,139.931095,6,-0.613,0.415,9.281,1.75
1425108953981,37.506774,139.931097,6,-0.686,0.305,9.505,1.75
1425108954082,37.506774,139.9311,6,-0.913,0.136,9.889,1.75
1425108954183,37.506774,139.931102,6,-1.1,0.206,9.54,1.75
1425108954283,37.506775,139.931105,6,-1.095,0.196,9.303,1.75
1425108954384,37.506775,139.931107,6,-0.898,0.202,9.306,1.75
1425108954480,37.506776,139.931109,6,-0.629,0.015,9.575,1.75
1425108954581,37.506776,139.931112,6,-0.315,-0.119,9.721,1.75
1425108954681,37.506777,139.931114,6,-0.21,-0.073,9.455,1.726
1425108954782,37.506778,139.931116,6,-0.238,-0.103,9.327,1.699
1425108954883,37.506779,139.931118,6,-0.206,-0.225,9.654,1.673
1425108954983,37.50678,139.93112,6,-0.254,-0.155,9.66,1.647
1425108955084,37.506781,139.931122,6,-0.349,0.066,9.35,1.622
1425108955180,37.506781,139.931124,6,-0.464,0.174,9.389,1.598
1425108955281,37.506782,139.931126,6,-0.566,0.185,9.617,1.573
1425108955381,37.506783,139.931128,6,-0.583,0.195,9.621,1.549
1425108955482,37.506784,139.93113,6,-0.549,0.239,9.533,1.525
1425108955583,37.506785,139.931132,6,-0.353,0.241,9.443,1.502
1425108955683,37.506786,139.931134,6,-0.088,0.251,9.46,1.5
1425108955784,37.506788,139.931135,6,0.168,0.271,9.422,1.5
1425108955880,37.506789,139.931137,6,0.338,0.304,9.489,1.5
1425108955980,37.506791,139.931139,6,0.409,0.245,9.498,1.5
1425108956081,37.506792,139.93114,6,0.331,0.234,9.468,1.5
1425108956182,37.506794,139.931142,6,0.166,0.241,9.472,1.5
1425108956283,37.506795,139.931144,6,0.14,0.302,9.506,1.5
1425108956383,37.506797,139.931145,6,0.2,0.268,9.574,1.5
1425108956484,37.506798,139.931147,6,0.23,0.141,9.515,1.5
1425108956580,37.5068,139.931149,6,0.25,0.041,9.489,1.5
1425108956680,37.506802,139.93115,7,0.083,0.096,9.547,1.5
1425108956781,37.506804,139.931152,7,-0.006,0.071,9.5,1.5
1425108956882,37.506806,139.931153,7,0.127,0.003,9.496,1.5
1425108956982,37.506808,139.931155,7,0.17,-0.01,9.569,1.5
1425108957083,37.50681,139.931156,7,0.091,0.031,9.496,1.5
1425108957184,37.506812,139.931158,7,0.076,0.013,9.4,1.5
1425108957280,37.506814,139.931159,7,0.118,-0.024,9.543,1.5
1425108957380,37.506816,139.931161,7,0.122,-0.032,9.561,1.5
1425108957481,37.506818,139.931162,7,0.103,0.023,9.464,1.5
1425108957582,37.50682,139.931164,7,0.048,0.103,9.446,1.5
1425108957682,37.506822,139.931165,7,0.048,0.114,9.559,1.5
1425108957783,37.506823,139.931167,7,0.192,0.026,9.593,1.5
1425108957884,37.506825,139.931168,7,0.302,-0.027,9.461,1.5
1425108957980,37.506827,139.931169,7,0.313,-0.009,9.385,1.5
1425108958080,37.506829,139.93117,7,0.193,0.032,9.541,1.5
1425108958181,37.506831,139.931172,7,0.162,0.042,9.681,1.5
1425108958282,37.506832,139.931173,7,0.291,-0.05,9.527,1.5
1425108958382,37.506834,139.931174,7,0.358,-0.08,9.431,1.5
1425108958483,37.506836,139.931176,7,0.323,-0.101,9.515,1.5
1425108958584,37.506838,139.931177,7,0.299,-0.115,9.567,1.5
1425108958684,37.50684,139.931178,7,0.325,-0.095,9.467,1.5
1425108958780,37.506842,139.93118,7,0.32,-0.078,9.457,1.5
1425108958881,37.506844,139.931181,7,0.238,-0.115,9.506,1.5
1425108958982,37.506846,139.931183,7,0.16,-0.219,9.515,1.5
1425108959082,37.506848,139.931184,7,0.128,-0.331,9.495,1.5
1425108959183,37.50685,139.931186,7,0.173,-0.434,9.519,1.5
1425108959284,37.506853,139.931187,7,0.23,-0.484,9.55,1.5
1425108959384,37.506855,139.931189,7,0.244,-0.499,9.526,1.5
1425108959480,37.506857,139.93119,7,0.25,-0.528,9.507,1.5
1425108959581,37.506859,139.931192,7,0.249,-0.534,9.524,1.5
1425108959681,37.506861,139.931193,7,0.221,-0.5,9.533,1.5
1425108959782,37.506862,139.931195,7,0.194,-0.447,9.509,1.5
1425108959883,37.506864,139.931196,7,0.19,-0.348,9.514,1.5
1425108959984,37.506866,139.931198,7,0.236,-0.275,9.513,1.5
1425108960084,37.506868,139.931199,7,0.262,-0.275,9.505,1.5
1425108960180,37.50687,139.9312,7,0.235,-0.29,9.52,1.5
1425108960281,37.506871,139.931202,7,0.221,-0.303,9.538,1.5
1425108960381,37.506873,139.931203,7,0.271,-0.336,9.521,1.5
1425108960482,37.506875,139.931204,7,0.297,-0.369,9.513,1.5
1425108960583,37.506877,139.931206,7,0.273,-0.372,9.521,1.5
1425108960683,37.506879,139.931207,7,0.239,-0.378,9.51,1.475
1425108960784,37.50688,139.931208,7,0.246,-0.386,9.534,1.448
1425108960880,37.506882,139.93121,7,0.269,-0.363,9.537,1.423
1425108960981,37.506883,139.931211,7,0.286,-0.192,9.556,1.397
1425108961081,37.506885,139.931212,7,0.321,0.066,9.554,1.372
1425108961182,37.506886,139.931213,7,0.404,0.26,9.484,1.347
1425108961283,37.506888,139.931215,7,0.448,0.299,9.46,1.322
1425108961383,37.506889,139.931216,7,0.399,0.234,9.463,1.298
1425108961484,37.506891,139.931217,7,0.328,0.134,9.505,1.274
1425108961585,37.506892,139.931218,7,0.315,0.072,9.55,1.251
1425108961681,37.506894,139.931221,7,0.346,0.072,9.546,1.033
1425108961780,37.506896,139.931223,7,0.358,0.139,9.524,0.82
1425108961882,37.506897,139.931225,7,0.371,0.217,9.504,0.627
1425108961981,37.506899,139.931227,7,0.391,0.216,9.482,0.464
1425108962083,37.5069,139.931229,7,0.389,0.161,9.497,0.321
1425108962182,37.506901,139.93123,7,0.357,0.137,9.517,0.208
1425108962280,37.506902,139.931232,7,0.336,0.148,9.516,0.12
1425108962380,37.506903,139.931232,7,0.351,0.171,9.504,0.055
1425108962481,37.506903,139.931233,7,0.364,0.182,9.502,0.015
1425109016577,37.507222,139.931433,12,0.402,0.541,9.499,7.243
1425109016582,37.507222,139.931433,12,0.4,0.536,9.5,7.246
1425109016682,37.50723,139.931435,12,0.325,0.155,9.679,7.25
1425109016783,37.507237,139.931437,12,0.388,-0.028,9.563,7.25
1425109016884,37.507244,139.931439,12,0.416,-0.074,9.377,7.25
1425109016984,37.507252,139.93144,12,0.41,-0.201,9.395,7.25
1425109017080,37.507259,139.931442,12,0.37,-0.365,9.516,7.25
1425109017181,37.507266,139.931444,12,0.48,-0.222,9.752,7.25
1425109017281,37.507273,139.931446,12,0.56,0.089,9.647,7.25
1425109017382,37.507281,139.931448,12,0.672,0.292,9.315,7.25
1425109017483,37.507288,139.93145,12,0.754,0.385,9.433,7.25
1425109022574,37.507693,139.931615,5,0.703,0.39,9.537,9.492
1425109022584,37.507694,139.931616,5,0.718,0.405,9.573,9.497
1425109022684,37.507702,139.931619,5,0.52,-0.037,9.563,9.476
1425109022780,37.50771,139.931622,5,0.413,-0.255,9.369,9.452
1425109022881,37.507719,139.931626,5,0.323,-0.326,9.317,9.427
1425109022982,37.507727,139.931629,5,0.277,-0.286,9.577,9.401
1425109023082,37.507736,139.931632,5,0.319,-0.225,9.666,9.376
1425109023183,37.507744,139.931636,5,0.364,-0.226,9.726,9.351
1425109023284,37.507753,139.931639,5,0.504,-0.041,9.226,9.326
1425109023384,37.507761,139.931642,5,0.54,0.004,9.273,9.301
1425109023485,37.507769,139.931646,5,0.621,-0.057,9.467,9.276
1425109023581,37.507777,139.931649,5,0.654,-0.024,9.813,9.252
1425109023681,37.507785,139.931652,5,0.508,-0.063,9.757,9.227
1425109023782,37.507793,139.931655,5,0.38,0.246,9.164,9.201
1425109023883,37.5078,139.931658,5,0.445,0.337,9.067,9.176
1425109023984,37.507808,139.931661,5,0.619,0.287,9.433,9.151
1425109024084,37.507816,139.931664,5,0.654,0.146,9.692,9.126
1425109024180,37.507823,139.931667,5,0.49,0.092,9.437,9.102
1425109024281,37.507831,139.931671,5,0.452,0.152,9.292,9.077
1425109024381,37.507838,139.931674,5,0.412,0.113,9.496,9.052
1425109024482,37.507846,139.931677,5,0.475,0.169,9.496,9.027
1425109024583,37.507853,139.93168,5,0.465,0.087,9.323,9.002
1425109024684,37.507861,139.931683,5,0.396,-0.049,9.601,9.023
1425109024784,37.507868,139.931686,5,0.354,-0.126,9.769,9.048
1425109024880,37.507876,139.931688,5,0.378,-0.094,9.566,9.072
1425109024981,37.507883,139.931691,5,0.484,-0.081,9.285,9.097
1425109025081,37.507891,139.931694,5,0.578,-0.128,9.569,9.122
1425109025182,37.507898,139.931697,5,0.566,-0.151,9.675,9.147
1425109025283,37.507906,139.9317,5,0.512,-0.182,9.557,9.173
1425109025383,37.507913,139.931703,5,0.388,-0.246,9.532,9.198
1425109025484,37.507921,139.931706,5,0.414,-0.249,9.488,9.223
1425109025580,37.507928,139.931709,5,0.415,-0.248,9.587,9.247
1425109025680,37.507936,139.931712,6,0.4,-0.276,9.58,9.227
1425109025781,37.507944,139.931716,6,0.331,-0.262,9.491,9.202
1425109025882,37.507952,139.93172,6,0.225,-0.233,9.519,9.176
1425109025983,37.50796,139.931723,6,0.218,-0.273,9.602,9.151
1425109026083,37.507968,139.931727,6,0.24,-0.256,9.523,9.126
1425109026184,37.507976,139.93173,6,0.268,-0.221,9.311,9.101
1425109026280,37.507983,139.931734,6,0.207,-0.378,9.594,9.077
1425109026380,37.507991,139.931738,6,0.153,-0.459,9.892,9.052
1425109026481,37.507999,139.931741,6,0.045,-0.513,10.063,9.027
1425109026582,37.508006,139.931745,6,0.126,-0.034,8.989,9.002
1425109026683,37.508013,139.931748,6,0.021,0.322,8.147,8.976
1425109026783,37.50802,139.93175,6,-0.259,0.213,9.327,8.951
1425109026884,37.508027,139.931753,6,-0.275,-0.054,10.665,8.926
1425109026980,37.508033,139.931756,6,-0.369,-0.204,10.144,8.902
1425109027080,37.50804,139.931759,6,-0.527,-0.137,8.846,8.877
1425109027181,37.508047,139.931762,6,-0.466,0.088,8.888,8.851
1425109027282,37.508054,139.931764,6,-0.406,0.329,9.78,8.826
1425109027382,37.50806,139.931767,6,-0.406,0.358,9.879,8.801
1425109027483,37.508067,139.93177,6,-0.499,0.241,9.376,8.776
1425109027584,37.508074,139.931773,6,-0.586,0.068,9.386,8.751
1425109027680,37.508081,139.931776,6,-0.703,0.012,9.531,8.704
1425109027780,37.508089,139.93178,6,-0.689,0.143,9.616,8.653
1425109027881,37.508097,139.931784,6,-0.749,0.158,9.531,8.601
1425109027982,37.508106,139.931787,6,-0.797,0.156,9.445,8.55
1425109028082,37.508113,139.931791,6,-0.851,0.142,9.401,8.5
1425109028183,37.508121,139.931795,6,-0.986,0.104,9.516,8.45
1425109028284,37.508129,139.931798,6,-0.888,0.035,9.64,8.4
1425109028385,37.508137,139.931802,6,-0.855,-0.003,9.722,8.35
1425109028480,37.508145,139.931805,6,-0.801,0.103,9.442,8.304
1425109028581,37.508152,139.931809,6,-0.736,0.153,9.313,8.254
1425109028682,37.50816,139.931814,8,-0.752,0.224,9.485,8.203
1425109028782,37.508167,139.931819,8,-0.738,0.395,9.501,8.152
1425109028883,37.508174,139.931825,8,-0.757,0.51,9.371,8.1
1425109028984,37.508181,139.93183,8,-0.761,0.529,9.457,8.049
1425109029084,37.508189,139.931836,8,-0.727,0.409,9.786,7.999
1425109029180,37.508195,139.931841,8,-0.681,0.533,9.557,7.951
1425109029281,37.508203,139.931846,8,-0.703,0.667,9.276,7.901
1425109029382,37.50821,139.931851,8,-0.863,0.634,9.521,7.851
1425109029482,37.508217,139.931856,8,-0.851,0.73,9.848,7.802
1425109029583,37.508224,139.931862,8,-0.702,1.071,9.217,7.753
1425109029684,37.50823,139.931865,8,-0.648,1.025,9.183,7.773
1425109029784,37.508237,139.931869,8,-0.673,0.897,9.659,7.798
1425109029880,37.508244,139.931872,8,-0.747,0.992,9.81,7.822
1425109029981,37.508251,139.931876,8,-0.878,0.965,9.145,7.847
1425109030081,37.508258,139.93188,8,-0.838,0.952,9.216,7.872
1425109030182,37.508265,139.931883,8,-0.814,1.047,9.543,7.897
1425109030283,37.508272,139.931887,8,-0.85,1.086,9.595,7.922
1425109030384,37.508279,139.93189,8,-0.856,1.013,9.398,7.948
1425109030484,37.508286,139.931894,8,-0.793,0.947,9.42,7.973
1425109032574,37.50848,139.931891,9,-0.738,0.912,9.535,9.479
1425109032584,37.508481,139.931891,9,-0.732,0.895,9.526,9.492
1425109032685,37.508489,139.931889,10,-0.429,0.449,9.431,9.451
1425109032780,37.508495,139.931887,10,-0.188,0.219,9.28,9.403
1425109032886,37.508503,139.931885,10,-0.058,0.196,9.166,9.349
1425109032982,37.508509,139.931883,10,-0.077,0.066,9.616,9.301
1425109033081,37.508516,139.931882,10,-0.186,0.056,9.768,9.251
1425109033183,37.508523,139.93188,10,-0.159,0.132,9.525,9.2
1425109033282,37.50853,139.931878,10,-0.102,0.036,9.42,9.151
1425109033380,37.508537,139.931876,10,-0.054,0.14,9.486,9.103
1425109033480,37.508544,139.931874,10,-0.05,0.156,9.735,9.054
1425109033581,37.50855,139.931872,10,0.003,0.178,9.722,9.004
1425109033682,37.508558,139.931871,10,0.091,0.215,9.587,8.977
1425109033782,37.508566,139.931869,10,0.148,0.197,9.343,8.951
1425109033883,37.508574,139.931868,10,0.278,0.182,9.462,8.926
1425109033984,37.508582,139.931866,10,0.321,0.182,9.609,8.901
1425109034080,37.50859,139.931865,10,0.338,0.205,9.487,8.877
1425109034180,37.508598,139.931864,10,0.274,0.178,9.459,8.852
1425109034281,37.508606,139.931862,10,0.278,0.17,9.59,8.826
1425109034382,37.508614,139.931861,10,0.213,0.215,9.463,8.801
1425109034482,37.508622,139.931859,10,0.201,0.273,9.479,8.777
1425109034583,37.508629,139.931858,10,0.135,0.255,9.7,8.752
1425109034684,37.508637,139.931857,9,0.085,0.362,9.673,8.796
1425109034785,37.508645,139.931855,9,0.06,0.415,9.457,8.845
1425109034880,37.508653,139.931853,9,0.063,0.368,9.542,8.892
1425109034981,37.508661,139.931852,9,0.228,0.298,9.781,8.942
1425109035081,37.508669,139.93185,9,0.317,0.264,9.575,8.992
1425109035182,37.508677,139.931849,9,0.386,0.306,9.216,9.043
1425109035283,37.508686,139.931847,9,0.439,0.258,9.405,9.094
1425109035384,37.508694,139.931845,9,0.464,0.312,9.444,9.145
1425109035484,37.508702,139.931844,9,0.457,0.297,9.399,9.196
1425109035580,37.50871,139.931842,9,0.319,0.241,9.427,9.245
1425109035681,37.508719,139.931842,8,0.372,0.183,9.561,9.179
1425109035781,37.508727,139.931842,8,0.362,0.161,9.484,9.102
1425109035882,37.508736,139.931842,8,0.38,0.198,9.388,9.024
1425109035983,37.508744,139.931842,8,0.243,0.257,9.582,8.948
1425109036084,37.508753,139.931842,8,0.1,0.415,9.362,8.872
1425109036184,37.508761,139.931843,8,0.376,0.071,9.792,8.797
1425109036280,37.508769,139.931843,8,0.422,-0.167,10.082,8.726
1425109036381,37.508777,139.931843,8,0.356,0.263,8.953,8.652
1425109036481,37.508785,139.931843,8,0.255,0.19,9.069,8.579
1425109036582,37.508793,139.931843,8,0.216,0.285,9.607,8.506
1425109036683,37.508801,139.931842,9,0.446,0.086,9.792,8.545
1425109036784,37.508809,139.93184,9,0.243,-0.059,9.393,8.595
1425109036884,37.508816,139.931839,9,0.179,0.092,9.292,8.644
1425109036980,37.508824,139.931837,9,0.219,0.102,9.441,8.692
1425109037081,37.508831,139.931836,9,0.153,0.132,9.583,8.742
1425109037181,37.508839,139.931834,9,0.151,0.123,9.715,8.792
1425109037282,37.508847,139.931833,9,0.066,0.069,9.572,8.843
1425109037383,37.508855,139.931831,9,0.179,0.13,9.41,8.894
1425109037483,37.508863,139.93183,9,0.294,0.138,9.544,8.945
1425109037584,37.508871,139.931828,9,0.276,0.048,9.613,8.997
1425109037680,37.508879,139.931827,9,0.243,0.081,9.425,9.065
1425109037781,37.508887,139.931825,9,0.296,0.085,9.19,9.139
1425109037881,37.508896,139.931824,9,0.331,0.039,9.461,9.212
1425109037982,37.508905,139.931823,9,0.306,0.039,9.501,9.287
1425109038083,37.508914,139.931821,9,0.21,-0.017,9.52,9.362
1425109038183,37.508923,139.93182,9,0.168,-0.022,9.417,9.438
1425109038284,37.508932,139.931818,9,0.197,0.048,9.34,9.514
1425109038380,37.508941,139.931817,9,0.255,0.036,9.455,9.588
1425109038480,37.50895,139.931816,9,0.264,0.013,9.474,9.665
1425109038581,37.508959,139.931814,9,0.295,0.036,9.322,9.743
1425109038682,37.508968,139.931813,7,0.268,-0.043,9.409,9.75
1425109038783,37.508978,139.931812,7,0.301,-0.128,9.673,9.75
1425109038883,37.508987,139.931811,7,0.319,-0.097,9.64,9.75
1425109038984,37.508996,139.93181,7,0.345,-0.12,9.371,9.75
1425109039080,37.509005,139.931809,7,0.304,-0.086,9.402,9.75
1425109039180,37.509014,139.931808,7,0.346,-0.073,9.487,9.75
1425109039281,37.509023,139.931806,7,0.31,-0.027,9.417,9.75
1425109039382,37.509032,139.931805,7,0.258,-0.066,9.53,9.75
1425109039483,37.509041,139.931804,7,0.232,-0.109,9.488,9.75
1425109039583,37.50905,139.931803,7,0.309,-0.103,9.547,9.75
1425109039684,37.50906,139.931802,6,0.269,-0.125,9.54,9.75
1425109039780,37.509068,139.931801,6,0.232,-0.147,9.515,9.75
1425109039880,37.509077,139.9318,6,0.233,-0.027,9.382,9.75
1425109039981,37.509087,139.931799,6,0.244,-0.124,9.635,9.75
1425109040082,37.509096,139.931798,6,0.251,-0.233,9.944,9.75
1425109040182,37.509105,139.931796,6,0.168,-0.081,9.642,9.75
1425109040283,37.509114,139.931795,6,0.049,0.173,8.981,9.75
1425109040384,37.509123,139.931794,6,-0.024,0.314,9.253,9.75
1425109040480,37.509132,139.931793,6,0.173,0.075,9.908,9.75
1425109040580,37.509141,139.931792,6,0.026,-0.062,9.776,9.75
1425109040681,37.509149,139.931792,7,-0.005,-0.069,9.305,9.75
1425109040782,37.509157,139.931792,7,-0.079,-0.041,9.322,9.75
1425109040882,37.509164,139.931792,7,-0.034,0.012,9.571,9.75
1425109040983,37.509172,139.931792,7,0.109,0.107,9.83,9.75
1425109041084,37.50918,139.931792,7,0.087,-0.087,9.698,9.75
1425109041184,37.509187,139.931791,7,0.219,-0.245,9.505,9.75
1425109041280,37.509194,139.931791,7,0.2,-0.053,9.444,9.75
1425109041381,37.509202,139.931791,7,0.212,0.007,9.605,9.75
1425109041482,37.50921,139.931791,7,0.138,0.064,9.703,9.75
1425109041582,37.509217,139.931791,7,0.215,-0.087,9.765,9.75
1425109041683,37.509227,139.931791,7,0.201,0.11,9.26,9.75
1425109041784,37.509236,139.931791,7,0.17,0.205,9.341,9.75
1425109041884,37.509245,139.931791,7,0.162,0.154,9.622,9.75
1425109041980,37.509254,139.931791,7,0.265,0.23,9.591,9.75
1425109042081,37.509263,139.931791,7,0.138,0.066,9.403,9.75
1425109042181,37.509272,139.931792,7,0.29,0.124,9.553,9.75
1425109042282,37.509282,139.931792,7,0.365,0.264,9.439,9.75
1425109042383,37.509291,139.931792,7,0.452,0.226,9.416,9.75
1425109042484,37.5093,139.931792,7,0.428,0.148,9.701,9.75
1425109042584,37.509309,139.931792,7,0.355,0.214,9.479,9.75
1425109042680,37.509317,139.931791,6,0.327,0.239,9.409,9.772
1425109042781,37.509326,139.931789,6,0.203,0.286,9.594,9.797
1425109042881,37.509334,139.931788,6,0.254,0.223,9.759,9.822
1425109042982,37.509342,139.931786,6,0.258,0.298,9.417,9.847
1425109043083,37.509351,139.931785,6,0.266,0.345,9.282,9.872
1425109043184,37.509359,139.931783,6,0.369,0.253,9.529,9.898
1425109043284,37.509367,139.931782,6,0.257,0.282,9.62,9.923
1425109043380,37.509375,139.93178,6,0.225,0.294,9.482,9.947
1425109043481,37.509384,139.931779,6,0.186,0.308,9.343,9.972
1425109043581,37.509392,139.931777,6,0.363,0.238,9.335,9.998
1425109043682,37.509402,139.931776,6,0.327,0.209,9.465,10.0
1425109043783,37.509411,139.931774,6,0.279,0.199,9.422,10.0
1425109043884,37.509421,139.931773,6,0.269,0.177,9.578,10.0
1425109043984,37.50943,139.931771,6,0.28,0.186,9.477,10.0
1425109044080,37.509439,139.93177,6,0.358,0.238,9.321,10.0
1425109044181,37.509449,139.931768,6,0.269,0.159,9.632,10.0
1425109044281,37.509458,139.931767,6,0.182,0.191,9.68,10.0
1425109044382,37.509467,139.931765,6,0.153,0.257,9.427,10.0
1425109044483,37.509477,139.931764,6,0.215,0.261,9.352,10.0
1425109044583,37.509486,139.931762,6,0.192,0.306,9.579,10.0
1425109044684,37.509496,139.931762,5,0.179,0.224,9.733,10.046
1425109044780,37.509505,139.931761,5,0.181,0.205,9.464,10.093
1425109044880,37.509515,139.931761,5,0.321,0.177,9.376,10.142
1425109044981,37.509525,139.93176,5,0.444,0.11,9.466,10.193
1425109045082,37.509535,139.93176,5,0.374,0.194,9.364,10.243
1425109045183,37.509545,139.93176,5,0.364,0.07,9.443,10.294
1425109045283,37.509555,139.931759,5,0.384,0.063,9.317,10.344
1425109045384,37.509565,139.931759,5,0.359,-0.077,9.399,10.395
1425109045480,37.509575,139.931758,5,0.273,-0.16,9.638,10.444
1425109045580,37.509585,139.931758,5,0.157,-0.108,9.673,10.495
1425109045681,37.509594,139.931757,5,0.176,-0.076,9.395,10.5
1425109045782,37.509603,139.931756,5,0.194,-0.037,9.446,10.5
1425109045883,37.509611,139.931755,5,0.184,-0.152,9.771,10.5
1425109045983,37.50962,139.931754,5,0.167,-0.091,9.588,10.5
1425109046084,37.509628,139.931754,5,0.151,-0.076,9.268,10.5
1425109046180,37.509637,139.931753,5,0.282,-0.177,9.598,10.5
1425109046280,37.509645,139.931752,5,0.319,-0.181,9.479,10.5
1425109046381,37.509654,139.931751,5,0.282,-0.249,9.544,10.5
1425109046482,37.509663,139.93175,5,0.278,-0.269,9.673,10.5
1425109046582,37.509671,139.931749,5,0.339,-0.259,9.509,10.5
1425109046683,37.509681,139.931748,5,0.211,-0.212,9.478,10.5
1425109046784,37.50969,139.931747,5,0.175,-0.182,9.505,10.5
1425109046880,37.509699,139.931746,5,0.178,-0.189,9.584,10.5
1425109046985,37.509709,139.931745,5,0.109,-0.263,9.57,10.5
1425109047081,37.509718,139.931744,5,0.024,-0.231,9.582,10.5
1425109047180,37.509727,139.931743,5,0.072,-0.141,9.304,10.5
1425109047282,37.509736,139.931741,5,0.082,-0.188,9.475,10.5
1425109047381,37.509746,139.93174,5,0.077,-0.188,9.602,10.5
1425109047484,37.509755,139.931739,5,0.056,-0.187,9.527,10.5
1425109047583,37.509764,139.931738,5,0.038,-0.2,9.565,10.5
1425109047680,37.509774,139.931738,5,0.031,-0.129,9.439,10.477
1425109047781,37.509783,139.931737,5,0.076,-0.134,9.482,10.452
1425109047882,37.509793,139.931737,5,0.058,-0.097,9.491,10.426
1425109047982,37.509803,139.931736,5,0.023,-0.11,9.513,10.401
1425109048083,37.509812,139.931736,5,0.011,-0.088,9.55,10.376
1425109048184,37.509822,139.931735,5,-0.05,-0.124,9.653,10.351
1425109048284,37.509831,139.931735,5,-0.031,-0.058,9.45,10.326
1425109048380,37.50984,139.931734,5,-0.013,0.013,9.312,10.302
1425109048481,37.50985,139.931734,5,-0.034,0.079,9.313,10.277
1425109048581,37.509859,139.931733,5,0.008,0.005,9.645,10.252
1425109048682,37.509868,139.931732,5,-0.045,-0.093,9.501,10.227
1425109048783,37.509877,139.931731,5,-0.043,-0.067,9.388,10.201
1425109048884,37.509885,139.931731,5,-0.022,-0.066,9.441,10.176
1425109048984,37.509894,139.93173,5,0.166,-0.08,9.788,10.151
1425109049080,37.509902,139.931729,5,0.167,-0.009,9.33,10.127
1425109049181,37.50991,139.931728,5,0.054,-0.056,9.517,10.102
1425109049281,37.509919,139.931727,5,-0.034,0.063,9.389,10.077
1425109049382,37.509927,139.931727,5,0.034,-0.063,9.283,10.051
1425109049483,37.509936,139.931726,5,0.051,-0.156,9.518,10.026
1425109049583,37.509944,139.931725,5,0.099,-0.057,10.053,10.002
1425109049684,37.509954,139.931723,5,-0.015,-0.037,9.523,10.0
1425109049780,37.509963,139.931721,5,-0.028,0.079,9.194,10.0
1425109049881,37.509973,139.931719,5,0.131,0.096,9.58,10.0
1425109049981,37.509982,139.931717,5,0.202,-0.006,9.599,10.0
1425109050082,37.509992,139.931715,5,0.202,-0.139,9.51,10.0
1425109050183,37.510001,139.931713,5,0.197,-0.197,9.484,10.0
1425109050283,37.510011,139.931711,5,0.096,-0.13,9.293,10.0
1425109050384,37.51002,139.931709,5,-0.01,-0.135,9.552,10.0
1425109050480,37.51003,139.931707,5,-0.044,-0.147,9.542,10.0
1425109050581,37.510039,139.931705,5,0.065,-0.233,9.392,10.0
1425109050681,37.510048,139.931704,5,0.081,-0.369,9.68,9.977
1425109050782,37.510057,139.931702,5,0.142,-0.33,9.505,9.952
1425109050883,37.510065,139.931701,5,0.225,-0.23,9.303,9.926
1425109050983,37.510074,139.9317,5,0.416,-0.404,9.713,9.901
1425109051084,37.510083,139.931699,5,0.498,-0.46,9.846,9.876
1425109051180,37.510091,139.931697,5,0.505,-0.419,9.301,9.852
1425109051280,37.5101,139.931696,5,0.457,-0.326,9.283,9.827
1425109051381,37.510108,139.931695,5,0.486,-0.293,9.656,9.802
1425109051482,37.510117,139.931693,5,0.371,-0.219,9.518,9.777
1425109051583,37.510125,139.931692,5,0.226,-0.296,9.347,9.752
1425109051683,37.510134,139.931691,5,0.136,-0.345,9.549,9.726
1425109051784,37.510142,139.93169,5,0.05,-0.287,9.714,9.701
1425109051880,37.510149,139.931689,5,-0.018,-0.209,9.377,9.677
1425109051980,37.510157,139.931688,5,-0.02,-0.198,9.401,9.652
1425109052081,37.510166,139.931687,5,-0.091,-0.169,9.481,9.626
1425109052182,37.510174,139.931685,5,-0.036,-0.153,9.561,9.601
1425109052282,37.510182,139.931684,5,-0.035,-0.237,9.457,9.576
1425109052383,37.51019,139.931683,5,0.02,-0.317,9.642,9.551
1425109052484,37.510198,139.931682,5,0.046,-0.344,9.739,9.526
1425109052580,37.510205,139.931681,5,0.017,-0.3,9.528,9.502
1425109052680,37.510214,139.93168,5,0.071,-0.253,9.547,9.477
1425109052781,37.510224,139.931679,5,0.067,-0.072,9.293,9.452
1425109052882,37.510233,139.931678,5,0.117,-0.154,9.421,9.426
1425109052982,37.510242,139.931677,5,0.121,-0.353,9.588,9.401
1425109053083,37.510251,139.931676,5,0.113,-0.355,9.638,9.376
1425109053184,37.51026,139.931675,5,0.135,-0.498,9.576,9.351
1425109053285,37.510269,139.931674,5,0.042,-0.358,9.558,9.326
1425109053380,37.510278,139.931673,5,0.145,-0.314,9.57,9.302
1425109053481,37.510287,139.931672,5,0.197,-0.21,9.398,9.277
1425109053582,37.510296,139.931671,5,0.194,-0.236,9.408,9.252
1425109053682,37.510304,139.931669,6,0.222,-0.331,9.532,9.227
1425109053783,37.510311,139.931667,6,0.141,-0.296,9.397,9.201
1425109053884,37.510318,139.931666,6,0.15,-0.403,9.52,9.176
1425109053984,37.510326,139.931664,6,0.273,-0.53,9.685,9.151
1425109054080,37.510333,139.931662,6,0.278,-0.396,9.454,9.127
1425109054181,37.51034,139.93166,6,0.263,-0.261,9.383,9.101
1425109054282,37.510347,139.931658,6,0.119,-0.319,9.444,9.076
1425109054382,37.510354,139.931657,6,0.025,-0.146,9.635,9.051
1425109054483,37.510361,139.931655,6,0.105,-0.292,9.492,9.026
1425109054584,37.510369,139.931653,6,0.16,-0.462,9.62,9.001
1425109054684,37.510377,139.931652,6,0.137,-0.33,9.457,8.976
1425109054780,37.510386,139.931651,6,0.1,-0.255,9.532,8.952
1425109054881,37.510395,139.931649,6,-0.039,-0.199,9.436,8.927
1425109054981,37.510404,139.931648,6,-0.099,-0.141,9.559,8.901
1425109055082,37.510413,139.931647,6,-0.225,-0.25,9.466,8.876
1425109055183,37.510421,139.931646,6,-0.206,-0.193,9.445,8.851
1425109055284,37.51043,139.931645,6,-0.101,-0.253,9.61,8.826
1425109055384,37.510439,139.931643,6,-0.157,-0.335,9.559,8.801
1425109055480,37.510447,139.931642,6,-0.037,-0.194,9.313,8.777
1425109055581,37.510456,139.931641,6,-0.023,-0.214,9.669,8.752
1425109055681,37.510465,139.93164,5,0.02,-0.251,9.55,8.727
1425109055782,37.510473,139.931639,5,0.149,-0.145,9.434,8.701
1425109055883,37.510481,139.931639,5,0.213,-0.278,9.271,8.676
1425109055984,37.51049,139.931638,5,0.323,-0.342,9.436,8.651
1425109056084,37.510498,139.931637,5,0.104,-0.452,9.983,8.626
1425109056180,37.510506,139.931636,5,0.06,-0.407,9.589,8.602
1425109056281,37.510514,139.931635,5,0.089,-0.298,9.253,8.576
1425109056381,37.510522,139.931635,5,0.078,-0.35,9.489,8.552
1425109056482,37.51053,139.931634,5,0.023,-0.342,9.754,8.527
1425109056583,37.510538,139.931633,5,-0.042,-0.273,9.904,8.502
1425109056683,37.510546,139.931633,6,-0.063,-0.183,9.395,8.452
1425109056784,37.510554,139.931634,6,0.074,-0.195,9.226,8.401
1425109056880,37.510562,139.931634,6,0.142,-0.23,9.545,8.352
1425109056980,37.510569,139.931635,6,0.272,-0.235,9.661,8.301
1425109057081,37.510577,139.931635,6,0.18,-0.288,9.658,8.251
1425109057182,37.510585,139.931635,6,0.077,-0.301,9.202,8.2
1425109057283,37.510592,139.931636,6,0.129,-0.228,9.25,8.15
1425109057383,37.5106,139.931636,6,0.129,-0.464,9.976,8.101
1425109057484,37.510607,139.931637,6,0.172,-0.434,9.776,8.052
1425109057580,37.510614,139.931637,6,0.217,-0.083,8.915,8.005
1425109057680,37.510622,139.931637,6,0.144,-0.249,9.115,7.977
1425109057781,37.510631,139.931638,6,0.041,-0.488,10.038,7.952
1425109057882,37.510639,139.931638,6,0.118,-0.323,10.003,7.926
1425109057983,37.510648,139.931638,6,0.091,-0.207,9.323,7.901
1425109058083,37.510656,139.931638,6,0.072,-0.377,9.203,7.876
1425109058184,37.510664,139.931639,6,0.23,-0.398,9.641,7.851
1425109058280,37.510672,139.931639,6,0.391,-0.29,9.749,7.827
1425109058380,37.51068,139.931639,6,0.342,-0.205,9.302,7.802
1425109058481,37.510688,139.93164,6,0.18,-0.297,9.394,7.777
1425109058582,37.510696,139.93164,6,0.068,-0.382,9.646,7.752
1425109058683,37.510703,139.93164,6,0.027,-0.31,9.528,7.726
1425109058783,37.51071,139.931639,6,0.197,-0.238,9.11,7.701
1425109058884,37.510716,139.931639,6,0.1,-0.406,9.312,7.676
1425109058980,37.510723,139.931639,6,-0.031,-0.532,9.795,7.652
1425109059080,37.510729,139.931639,6,-0.071,-0.41,9.54,7.626
1425109059181,37.510736,139.931638,6,-0.112,-0.489,9.625,7.601
1425109059282,37.510742,139.931638,6,-0.251,-0.568,9.826,7.576
1425109059382,37.510749,139.931638,6,-0.109,-0.324,9.415,7.551
1425109059483,37.510755,139.931637,6,0.067,-0.163,9.401,7.526
1425109059584,37.510762,139.931637,6,0.137,-0.217,9.391,7.501
1425109059680,37.510768,139.931637,5,0.234,-0.229,9.564,7.454
1425109059780,37.510774,139.931637,5,0.216,-0.198,9.603,7.402
1425109059881,37.510781,139.931637,5,0.078,-0.19,9.272,7.351
1425109059982,37.510787,139.931637,5,0.038,-0.317,9.36,7.3
1425109060082,37.510794,139.931637,5,0.04,-0.61,10.045,7.25
1425109060183,37.5108,139.931638,5,0.082,-0.705,9.789,7.199
1425109060284,37.510806,139.931638,5,0.089,-0.549,9.19,7.149
1425109060385,37.510812,139.931638,5,0.026,-0.562,9.228,7.1
1425109060480,37.510818,139.931638,5,-0.11,-0.719,9.584,7.053
1425109060581,37.510824,139.931638,5,-0.159,-0.788,9.926,7.004
1425109060682,37.510831,139.931638,5,-0.166,-0.653,9.624,6.952
1425109060782,37.510838,139.931637,5,-0.097,-0.836,9.43,6.901
1425109060883,37.510845,139.931637,5,-0.001,-1.004,9.329,6.85
1425109060984,37.510852,139.931636,5,0.156,-1.081,9.34,6.799
1425109061084,37.510859,139.931636,5,0.231,-1.066,9.861,6.748
1425109061180,37.510865,139.931636,5,0.236,-0.974,9.518,6.701
1425109061286,37.510872,139.931635,5,0.178,-1.045,9.504,6.648
1425109061382,37.510878,139.931635,5,0.142,-1.095,9.705,6.601
1425109061481,37.510885,139.931634,5,0.256,-1.056,9.492,6.553
1425109061583,37.510892,139.931634,5,0.353,-1.095,9.297,6.503
1425109061682,37.510896,139.931635,5,0.371,-0.962,9.406,6.401
1425109061784,37.5109,139.931636,5,0.361,-0.936,9.337,6.293
1425109061880,37.510904,139.931637,5,0.395,-1.14,9.812,6.193
1425109061981,37.510908,139.931638,5,0.53,-1.254,9.863,6.089
1425109062081,37.510912,139.931639,5,0.366,-1.118,9.476,5.988
1425109062182,37.510916,139.93164,5,0.358,-1.046,9.377,5.888
1425109062283,37.51092,139.93164,5,0.474,-1.174,9.693,5.789
1425109062384,37.510924,139.931641,5,0.738,-1.21,9.34,5.692
1425109062484,37.510928,139.931642,5,0.863,-1.358,9.482,5.598
1425109062580,37.510932,139.931643,5,1.048,-1.406,9.783,5.509
1425109062681,37.510936,139.931644,5,1.369,-1.393,9.671,5.427
1425109062781,37.510941,139.931645,5,1.525,-1.447,9.257,5.348
1425109062882,37.510946,139.931646,5,1.406,-1.544,9.394,5.27
1425109062983,37.51095,139.931648,5,1.132,-1.454,9.621,5.192
1425109063084,37.510955,139.931649,5,1.027,-1.416,9.69,5.116
1425109063184,37.510959,139.93165,5,1.126,-1.519,9.681,5.041
1425109063280,37.510963,139.931651,5,1.372,-1.536,9.599,4.971
1425109063381,37.510967,139.931652,5,1.362,-1.359,9.304,4.898
1425109063481,37.510972,139.931653,5,1.217,-1.353,9.343,4.826
1425109063582,37.510976,139.931654,5,1.131,-1.245,9.292,4.756
1425109063683,37.510979,139.931656,5,0.985,-1.167,9.596,4.647
1425109063783,37.510981,139.931659,5,0.946,-1.153,9.886,4.539
1425109063884,37.510984,139.931662,5,0.956,-0.982,9.465,4.432
1425109063980,37.510987,139.931664,5,0.932,-0.951,9.164,4.332
1425109064080,37.51099,139.931666,5,1.051,-1.118,9.164,4.231
1425109064181,37.510992,139.931669,5,1.127,-1.209,9.254,4.131
1425109064282,37.510995,139.931671,5,0.981,-1.201,9.481,4.033
1425109064383,37.510997,139.931673,5,0.618,-1.31,9.929,3.938
1425109064483,37.511,139.931676,5,0.38,-1.266,9.772,3.846
1425109064584,37.511002,139.931678,5,0.445,-1.278,9.579,3.755
1425109064680,37.511002,139.93168,7,0.308,-0.98,9.019,3.676
1425109064780,37.511003,139.931682,7,-0.014,-0.673,9.041,3.595
1425109064881,37.511003,139.931685,7,0.204,-0.671,9.476,3.515
1425109064982,37.511004,139.931687,7,0.592,-0.859,9.839,3.436
1425109065083,37.511004,139.931689,7,0.714,-0.879,9.868,3.359
1425109065183,37.511004,139.931691,7,0.728,-0.636,9.416,3.285
1425109065284,37.511005,139.931693,7,0.816,-0.468,9.026,3.212
1425109065380,37.511005,139.931695,7,0.814,-0.508,9.214,3.144
1425109065480,37.511006,139.931697,7,0.662,-0.44,9.02,3.074
1425109065581,37.511006,139.931699,7,0.192,-0.581,9.53,3.006
1425109065682,37.511006,139.931701,7,-0.565,-0.887,10.439,2.95
1425109065782,37.511006,139.931704,7,-0.894,-0.917,10.106,2.897
1425109065883,37.511005,139.931706,7,-0.654,-0.552,9.027,2.844
1425109065984,37.511005,139.931709,7,-0.745,0.038,8.756,2.792
1425109066084,37.511005,139.931711,7,-0.373,-0.161,9.588,2.742
1425109066180,37.511005,139.931714,7,0.156,-0.885,10.334,2.694
1425109066281,37.511005,139.931716,7,0.7,-1.257,9.671,2.645
1425109066382,37.511004,139.931718,7,0.896,-1.056,8.898,2.597
1425109066482,37.511004,139.931721,7,0.726,-0.984,9.149,2.55
1425109066583,37.511004,139.931723,7,0.082,-0.893,9.553,2.503
1425109066684,37.511004,139.931725,6,-0.423,-0.974,9.584,2.448
1425109066784,37.511004,139.931727,6,-0.589,-0.874,9.353,2.394
1425109066880,37.511004,139.931729,6,-0.679,-0.733,9.368,2.344
1425109066981,37.511004,139.931731,6,-0.73,-0.645,9.545,2.291
1425109067082,37.511003,139.931733,6,-0.539,-0.639,9.569,2.24
1425109067182,37.511003,139.931735,6,-0.195,-0.701,9.445,2.191
1425109067283,37.511003,139.931737,6,-0.062,-0.776,9.51,2.142
1425109067384,37.511003,139.931738,6,-0.348,-0.613,9.7,2.094
1425109067480,37.511003,139.93174,6,-0.725,-0.52,9.639,2.05
1425109067580,37.511003,139.931742,6,-0.688,-0.504,9.46,2.004
1425109067681,37.511004,139.931743,5,-0.453,-0.501,9.523,1.949
1425109067781,37.511005,139.931745,5,-0.19,-0.585,9.652,1.893
1425109067882,37.511006,139.931747,5,0.083,-0.782,9.615,1.839
1425109067983,37.511007,139.931748,5,0.365,-1.004,9.396,1.786
1425109068084,37.511008,139.931749,5,0.474,-1.109,9.239,1.735
1425109068184,37.511009,139.931751,5,0.23,-0.997,9.387,1.686
1425109068280,37.51101,139.931752,5,-0.246,-0.744,9.582,1.64
1425109068381,37.511011,139.931753,5,-0.677,-0.591,9.615,1.593
1425109068481,37.511012,139.931755,5,-0.796,-0.639,9.601,1.548
1425109068582,37.511013,139.931756,5,-0.724,-0.784,9.608,1.503
1425109068683,37.511013,139.931758,5,-0.622,-0.822,9.585,1.409
1425109068784,37.511012,139.93176,5,-0.533,-0.827,9.566,1.315
1425109068884,37.511012,139.931762,5,-0.369,-0.892,9.559,1.228
1425109068980,37.511011,139.931764,5,-0.152,-0.975,9.499,1.148
1425109069081,37.511011,139.931765,5,-0.019,-0.938,9.478,1.069
1425109069181,37.51101,139.931767,5,-0.116,-0.776,9.478,0.996
1425109069282,37.51101,139.931768,5,-0.253,-0.672,9.498,0.928
1425109069383,37.51101,139.93177,5,-0.308,-0.671,9.535,0.864
1425109069483,37.511009,139.931771,5,-0.321,-0.679,9.558,0.806
1425109069584,37.511009,139.931772,5,-0.334,-0.646,9.527,0.753
1425109069680,37.511009,139.931772,5,-0.335,-0.602,9.509,0.723
1425109069781,37.511009,139.931772,5,-0.279,-0.59,9.512,0.695
1425109069881,37.511009,139.931772,5,-0.17,-0.618,9.493,0.667
1425109069982,37.511009,139.931772,5,-0.12,-0.624,9.509,0.64
1425109070083,37.511009,139.931772,5,-0.159,-0.612,9.503,0.614
1425109070183,37.511009,139.931772,5,-0.195,-0.59,9.506,0.59
1425109070284,37.511009,139.931772,5,-0.21,-0.586,9.521,0.566
1425109070380,37.511009,139.931772,5,-0.214,-0.596,9.529,0.544
1425109070480,37.511009,139.931772,5,-0.221,-0.565,9.523,0.523
1425109070581,37.511009,139.931772,5,-0.224,-0.544,9.513,0.502
1425109070682,37.511007,139.931772,4,-0.197,-0.545,9.514,0.412
1425109070783,37.511006,139.931772,4,-0.152,-0.568,9.491,0.326
1425109070883,37.511004,139.931772,4,-0.147,-0.569,9.49,0.25
1425109070984,37.511003,139.931773,4,-0.172,-0.564,9.495,0.184
1425109071080,37.511002,139.931773,4,-0.198,-0.577,9.487,0.13
1425109071180,37.511002,139.931773,4,-0.204,-0.598,9.478,0.084
1425109071281,37.511001,139.931773,4,-0.21,-0.61,9.494,0.048
1425109071382,37.511,139.931773,4,-0.186,-0.523,9.508,0.022
1425109071482,37.511,139.931773,4,-0.129,-0.388,9.523,0.006
1425109108684,37.510961,139.931743,5,0.286,0.69,9.5,0.004
1425109108780,37.510961,139.931743,5,0.278,0.771,9.462,0.018
1425109108880,37.510961,139.931743,5,0.28,0.811,9.453,0.042
1425109108981,37.510961,139.931743,5,0.302,0.789,9.482,0.076
1425109109082,37.510961,139.931744,5,0.355,0.761,9.461,0.121
1425109109183,37.510961,139.931744,5,0.424,0.747,9.448,0.176
1425109109283,37.510961,139.931744,5,0.419,0.772,9.451,0.24
1425109109384,37.510962,139.931745,5,0.422,0.772,9.455,0.315
1425109109480,37.510962,139.931745,5,0.382,0.749,9.507,0.396
1425109109580,37.510962,139.931746,5,0.297,0.736,9.581,0.49
1425109109681,37.510962,139.931747,5,0.145,0.714,9.499,0.519
1425109109782,37.510962,139.931748,5,0.067,0.538,9.496,0.54
1425109109882,37.510963,139.931749,5,0.185,0.378,9.594,0.563
1425109109983,37.510963,139.931749,5,0.309,0.249,9.585,0.586
1425109110084,37.510963,139.93175,5,0.396,0.153,9.575,0.611
1425109110180,37.510964,139.931751,5,0.406,0.217,9.56,0.635
1425109110280,37.510964,139.931752,5,0.324,0.174,9.591,0.662
1425109110381,37.510964,139.931754,5,0.223,0.207,9.595,0.689
1425109110482,37.510965,139.931755,5,0.159,0.265,9.477,0.718
1425109110582,37.510965,139.931756,5,0.131,0.221,9.462,0.748
1425109110683,37.510965,139.931758,5,0.074,0.156,9.4,0.786
1425109110784,37.510966,139.931759,5,0.016,0.117,9.378,0.827
1425109110884,37.510967,139.931761,5,-0.043,0.034,9.559,0.871
1425109110980,37.510967,139.931763,5,-0.001,-0.034,9.686,0.915
1425109111081,37.510968,139.931765,5,0.068,-0.016,9.499,0.964
1425109111182,37.510969,139.931768,5,0.039,0.035,9.402,1.016
1425109111282,37.510969,139.93177,5,0.025,0.068,9.5,1.069
1425109111383,37.51097,139.931773,5,0.059,0.062,9.57,1.126
1425109111484,37.510971,139.931775,5,0.097,0.069,9.519,1.185
1425109111584,37.510972,139.931778,5,0.079,0.067,9.49,1.246
1425109111680,37.510973,139.93178,5,0.039,0.064,9.581,1.271
1425109111781,37.510973,139.931782,5,0.047,0.068,9.604,1.294
1425109111882,37.510974,139.931784,5,0.061,0.04,9.475,1.318
1425109111982,37.510975,139.931787,5,-0.052,-0.124,9.425,1.343
1425109112083,37.510975,139.931789,5,-0.175,-0.283,9.57,1.368
1425109112184,37.510976,139.931791,5,-0.265,-0.348,9.614,1.393
1425109112284,37.510977,139.931794,5,-0.303,-0.354,9.485,1.419
1425109112380,37.510977,139.931796,5,-0.306,-0.324,9.469,1.444
1425109112481,37.510978,139.931798,5,-0.329,-0.254,9.495,1.471
1425109112581,37.510979,139.931801,5,-0.301,-0.118,9.546,1.498
1425109112682,37.51098,139.931803,5,-0.264,0.023,9.539,1.521
1425109112783,37.510981,139.931806,5,-0.242,0.102,9.533,1.545
1425109112884,37.510981,139.931809,5,-0.257,0.098,9.536,1.57
1425109112984,37.510982,139.931811,5,-0.277,0.112,9.516,1.594
1425109113080,37.510983,139.931814,5,-0.27,0.169,9.495,1.618
1425109113181,37.510984,139.931816,5,-0.262,0.204,9.509,1.643
1425109113281,37.510985,139.931819,5,-0.278,0.211,9.493,1.669
1425109113382,37.510986,139.931822,5,-0.302,0.188,9.528,1.695
1425109113483,37.510987,139.931825,5,-0.343,0.201,9.541,1.721
1425109113584,37.510988,139.931828,5,-0.38,0.213,9.5,1.748
1425109113684,37.510989,139.931831,5,-0.365,0.184,9.46,1.75
1425109113780,37.51099,139.931833,5,-0.308,0.12,9.466,1.75
1425109113881,37.510991,139.931836,5,-0.252,0.033,9.492,1.75
1425109113981,37.510992,139.931839,5,-0.312,0.006,9.507,1.75
1425109114082,37.510993,139.931842,5,-0.45,0.022,9.51,1.75
1425109114183,37.510995,139.931845,5,-0.546,0.082,9.531,1.75
1425109114283,37.510996,139.931847,5,-0.557,0.185,9.573,1.75
1425109114384,37.510997,139.93185,5,-0.547,0.314,9.526,1.75
1425109114480,37.510998,139.931853,5,-0.559,0.47,9.499,1.75
1425109114580,37.510999,139.931856,5,-0.632,0.483,9.507,1.75
1425109114681,37.511,139.931858,5,-0.552,0.485,9.684,1.75
1425109114782,37.511002,139.93186,5,-0.481,0.634,9.592,1.75
1425109114883,37.511003,139.931862,5,-0.43,0.881,9.338,1.75
1425109114983,37.511005,139.931865,5,-0.381,0.997,9.29,1.75
1425109115084,37.511006,139.931867,5,-0.427,1.029,9.392,1.75
1425109115180,37.511008,139.931869,5,-0.613,1.095,9.481,1.75
1425109115280,37.511009,139.931871,5,-0.85,1.121,9.685,1.75
1425109115381,37.511011,139.931873,5,-1.02,1.208,9.671,1.75
1425109115482,37.511012,139.931876,5,-1.117,1.29,9.338,1.75
1425109121575,37.511364,139.931758,5,-1.148,1.302,9.386,7.25
1425109121580,37.511364,139.931758,5,-1.144,1.298,9.406,7.25
1425109121680,37.511371,139.931755,5,-0.597,0.662,9.21,7.227
1425109121781,37.511378,139.931751,5,-0.19,0.322,9.237,7.202
1425109121882,37.511385,139.931748,5,0.011,0.194,9.074,7.176
1425109121983,37.511392,139.931745,5,0.265,0.084,9.254,7.151
1425109122083,37.511399,139.931741,5,0.537,-0.006,9.274,7.126
1425109122184,37.511406,139.931738,5,0.667,-0.335,9.394,7.1
1425109122280,37.511413,139.931734,5,0.626,-0.434,9.57,7.077
1425109122380,37.51142,139.931731,5,0.566,-0.212,9.74,7.052
1425109122481,37.511427,139.931728,5,0.442,0.05,9.468,7.027
1425109122582,37.511433,139.931724,5,0.531,0.387,9.237,7.002
1425109122682,37.51144,139.931722,5,0.62,0.386,9.365,7.0
1425109122783,37.511446,139.931719,5,0.714,0.419,9.584,7.0
1425109122884,37.511452,139.931717,5,0.602,0.473,9.693,7.0
1425109122980,37.511457,139.931715,5,0.525,0.524,9.544,7.0
1425109123080,37.511463,139.931712,5,0.427,0.443,9.594,7.0
1425109123181,37.511469,139.93171,5,0.418,0.522,9.619,7.0
1425109123282,37.511476,139.931707,5,0.481,0.594,9.438,7.0
1425109123382,37.511482,139.931705,5,0.647,0.601,9.402,7.0
1425109123483,37.511488,139.931703,5,0.627,0.571,9.54,7.0
1425109128574,37.511906,139.931606,6,0.739,0.48,9.601,9.496
1425109128584,37.511906,139.931606,6,0.737,0.452,9.599,9.498
1425109128680,37.511915,139.931606,5,0.525,0.111,9.412,9.477
1425109128780,37.511923,139.931605,5,0.42,-0.111,9.339,9.452
1425109128881,37.511931,139.931605,5,0.334,-0.196,9.437,9.427
1425109128982,37.51194,139.931604,5,0.344,-0.231,9.549,9.401
1425109129082,37.511948,139.931604,5,0.321,-0.28,9.525,9.376
1425109129183,37.511956,139.931603,5,0.325,-0.306,9.423,9.351
1425109129284,37.511965,139.931603,5,0.296,-0.207,9.38,9.326
1425109129380,37.511973,139.931602,5,0.287,-0.156,9.409,9.302
1425109129480,37.511981,139.931602,5,0.334,-0.204,9.558,9.277
1425109129581,37.511989,139.931601,5,0.403,0.026,9.537,9.252
1425109129682,37.511998,139.9316,4,0.398,0.058,9.305,9.25
1425109129782,37.512006,139.931599,4,0.466,0.221,9.41,9.25
1425109129883,37.512015,139.931599,4,0.457,0.356,9.512,9.25
1425109129984,37.512023,139.931598,4,0.519,0.42,9.621,9.25
1425109130085,37.512032,139.931597,4,0.512,0.449,9.535,9.25
1425109130180,37.51204,139.931596,4,0.461,0.545,9.445,9.25
1425109130281,37.512049,139.931595,4,0.44,0.572,9.522,9.25
1425109130382,37.512057,139.931595,4,0.414,0.678,9.547,9.25
1425109130482,37.512066,139.931594,4,0.455,0.622,9.542,9.25
1425109132577,37.512248,139.931581,4,0.494,0.592,9.548,10.243
1425109132580,37.512248,139.931581,4,0.491,0.588,9.548,10.245
1425109132683,37.512258,139.93158,5,0.298,0.313,9.485,10.226
1425109132782,37.512268,139.93158,5,0.118,0.028,9.464,10.202
1425109132884,37.512278,139.931579,5,0.032,-0.065,9.504,10.176
1425109132980,37.512287,139.931579,5,-0.035,-0.154,9.442,10.152
1425109133081,37.512297,139.931578,5,-0.049,-0.256,9.656,10.126
1425109133181,37.512307,139.931577,5,-0.008,-0.209,9.513,10.102
1425109133282,37.512316,139.931577,5,0.068,-0.144,9.233,10.076
1425109133383,37.512326,139.931576,5,0.102,-0.149,9.556,10.051
1425109133483,37.512336,139.931576,5,0.136,-0.159,9.74,10.026
1425109133584,37.512345,139.931575,5,0.161,-0.101,9.439,10.001
1425109133680,37.512353,139.931574,5,0.139,0.005,9.426,10.0
1425109133780,37.512361,139.931573,5,0.156,0.006,9.611,10.0
1425109133881,37.51237,139.931572,5,0.139,0.131,9.609,10.0
1425109133982,37.512378,139.931571,5,0.125,0.132,9.342,10.0
1425109134083,37.512386,139.931571,5,0.059,0.135,9.323,10.0
1425109134183,37.512394,139.93157,5,-0.074,0.007,9.518,10.0
1425109134284,37.512402,139.931569,5,-0.201,-0.18,9.857,10.0
1425109134380,37.51241,139.931568,5,-0.207,-0.215,9.751,10.0
1425109134480,37.512418,139.931567,5,-0.122,-0.2,9.359,10.0
1425109134581,37.512426,139.931566,5,-0.085,-0.094,9.418,10.0
1425109134682,37.512436,139.931566,6,-0.063,-0.134,9.598,9.977
1425109134783,37.512446,139.931566,6,-0.08,-0.102,9.55,9.951
1425109134883,37.512456,139.931566,6,-0.129,-0.207,9.419,9.926
1425109134984,37.512466,139.931566,6,-0.042,-0.253,9.531,9.901
1425109135080,37.512476,139.931566,6,-0.046,-0.263,9.64,9.877
1425109135180,37.512486,139.931566,6,-0.039,-0.162,9.318,9.852
1425109135281,37.512496,139.931566,6,-0.071,-0.141,9.363,9.827
1425109135382,37.512506,139.931566,6,-0.09,-0.215,9.544,9.801
1425109135482,37.512515,139.931566,6,-0.14,-0.214,9.614,9.777
1425109135583,37.512525,139.931566,6,-0.154,-0.293,9.627,9.752
1425109135684,37.512534,139.931567,6,-0.142,-0.282,9.552,9.726
1425109135780,37.512542,139.931568,6,-0.127,-0.181,9.459,9.702
1425109135880,37.51255,139.931569,6,-0.076,-0.146,9.379,9.677
1425109135981,37.512559,139.93157,6,-0.002,-0.11,9.42,9.651
1425109136082,37.512567,139.931571,6,-0.064,-0.155,9.401,9.626
1425109136182,37.512575,139.931572,6,-0.071,-0.347,9.722,9.601
1425109136283,37.512584,139.931573,6,-0.118,-0.291,9.551,9.576
1425109136384,37.512592,139.931574,6,-0.093,-0.266,9.295,9.551
1425109136484,37.5126,139.931575,6,-0.076,-0.287,9.558,9.526
1425109136580,37.512608,139.931576,6,-0.057,-0.254,9.739,9.502
1425109136681,37.512617,139.931575,6,-0.048,-0.221,9.522,9.477
1425109136782,37.512626,139.931575,6,-0.082,-0.229,9.453,9.451
1425109136882,37.512634,139.931574,6,-0.068,-0.267,9.619,9.426
1425109136983,37.512643,139.931574,6,-0.058,-0.188,9.591,9.401
1425109137084,37.512652,139.931573,6,-0.061,-0.184,9.42,9.376
1425109137184,37.51266,139.931572,6,-0.004,-0.233,9.5,9.351
1425109137280,37.512669,139.931572,6,0.034,-0.222,9.592,9.327
1425109137381,37.512677,139.931571,6,0.048,-0.254,9.452,9.302
1425109137482,37.512686,139.931571,6,0.049,-0.326,9.463,9.277
1425109137582,37.512694,139.93157,6,0.032,-0.426,9.554,9.252
1425109137683,37.512703,139.93157,5,0.019,-0.492,9.522,9.202
1425109137784,37.512712,139.93157,5,-0.008,-0.47,9.434,9.151
1425109137884,37.512721,139.93157,5,0.021,-0.482,9.587,9.1
1425109137980,37.512729,139.93157,5,0.071,-0.431,9.637,9.052
1425109138081,37.512738,139.931569,5,0.077,-0.276,9.465,9.001
1425109138181,37.512746,139.931569,5,0.069,-0.286,9.352,8.951
1425109138282,37.512755,139.931569,5,0.104,-0.325,9.512,8.901
1425109138383,37.512764,139.931569,5,0.135,-0.3,9.595,8.851
1425109138484,37.512772,139.931569,5,0.177,-0.362,9.442,8.802
1425109138584,37.51278,139.931569,5,0.127,-0.388,9.422,8.753
1425109138680,37.512787,139.931568,5,0.065,-0.474,9.54,8.704
1425109138781,37.512794,139.931566,5,0.068,-0.56,9.527,8.652
1425109138881,37.512802,139.931565,5,0.011,-0.577,9.533,8.601
1425109138982,37.512809,139.931563,5,-0.045,-0.643,9.553,8.55
1425109139083,37.512816,139.931562,5,-0.047,-0.702,9.541,8.5
1425109139183,37.512822,139.931561,5,-0.068,-0.654,9.47,8.45
1425109139284,37.512829,139.931559,5,-0.046,-0.706,9.48,8.4
1425109139380,37.512836,139.931558,5,-0.028,-0.755,9.558,8.353
1425109139481,37.512843,139.931556,5,-0.052,-0.657,9.477,8.303
1425109139581,37.512849,139.931555,5,-0.106,-0.641,9.321,8.254
1425109139682,37.512856,139.931555,4,-0.092,-0.687,9.487,8.203
1425109139783,37.512863,139.931555,4,-0.081,-0.542,9.645,8.151
1425109139883,37.51287,139.931555,4,-0.058,-0.392,9.528,8.1
1425109139984,37.512877,139.931555,4,0.001,-0.355,9.407,8.049
1425109140080,37.512884,139.931555,4,-0.008,-0.319,9.487,8.001
1425109140181,37.512891,139.931554,4,-0.004,-0.288,9.551,7.951
1425109140281,37.512897,139.931554,4,0.005,-0.27,9.516,7.901
1425109140382,37.512904,139.931554,4,0.039,-0.265,9.465,7.851
1425109140483,37.512911,139.931554,4,-0.011,-0.435,9.49,7.802
1425109140583,37.512918,139.931554,4,-0.016,-0.653,9.55,7.753
1425109140684,37.512925,139.931554,5,-0.052,-0.729,9.584,7.702
1425109140780,37.512931,139.931553,5,-0.1,-0.744,9.503,7.652
1425109140880,37.512938,139.931553,5,-0.088,-0.806,9.492,7.602
1425109140981,37.512946,139.931552,5,-0.05,-0.828,9.6,7.551
1425109141082,37.512953,139.931552,5,-0.113,-0.834,9.57,7.5
1425109141183,37.512959,139.931552,5,-0.113,-0.934,9.449,7.449
1425109141283,37.512966,139.931551,5,-0.11,-1.016,9.487,7.4
1425109141384,37.512973,139.931551,5,-0.124,-1.055,9.607,7.35
1425109141480,37.51298,139.93155,5,-0.105,-1.097,9.522,7.303
1425109141580,37.512986,139.93155,5,-0.153,-1.081,9.308,7.255
1425109141681,37.512992,139.93155,5,-0.217,-1.108,9.499,7.153
1425109141782,37.512997,139.93155,5,-0.25,-1.178,9.628,7.047
1425109141882,37.513001,139.93155,5,-0.211,-1.236,9.527,6.943
1425109141983,37.513006,139.93155,5,-0.124,-1.305,9.57,6.839
1425109142085,37.513011,139.931551,5,-0.092,-1.334,9.609,6.736
1425109142180,37.513016,139.931551,5,-0.146,-1.304,9.454,6.642
1425109142280,37.51302,139.931551,5,-0.154,-1.317,9.462,6.544
1425109142381,37.513025,139.931551,5,-0.195,-1.285,9.575,6.447
1425109142482,37.513029,139.931551,5,-0.243,-1.245,9.57,6.351
1425109142582,37.513034,139.931551,5,-0.251,-1.228,9.466,6.257
1425109142683,37.513038,139.931551,5,-0.249,-1.251,9.524,6.122
1425109142784,37.513043,139.931551,5,-0.214,-1.301,9.572,5.986
1425109142884,37.513048,139.931551,5,-0.187,-1.289,9.49,5.854
1425109142980,37.513052,139.931551,5,-0.176,-1.276,9.518,5.729
1425109143081,37.513056,139.93155,5,-0.185,-1.278,9.554,5.602
1425109143182,37.513061,139.93155,5,-0.25,-1.28,9.505,5.476
1425109143282,37.513065,139.93155,5,-0.308,-1.259,9.5,5.355
1425109143383,37.513069,139.93155,5,-0.321,-1.256,9.538,5.236
1425109143484,37.513073,139.93155,5,-0.332,-1.256,9.564,5.119
1425109143584,37.513077,139.93155,5,-0.346,-1.227,9.516,5.007
1425109143680,37.51308,139.93155,4,-0.356,-1.246,9.51,4.843
1425109143781,37.513083,139.931551,4,-0.334,-1.275,9.532,4.673
1425109143882,37.513087,139.931551,4,-0.296,-1.261,9.504,4.507
1425109143982,37.51309,139.931551,4,-0.291,-1.234,9.526,4.349
1425109144083,37.513093,139.931552,4,-0.308,-1.213,9.585,4.194
1425109144184,37.513095,139.931552,4,-0.291,-1.116,9.526,4.045
1425109144284,37.513098,139.931552,4,-0.214,-0.958,9.511,3.903
1425109144380,37.513101,139.931552,4,-0.168,-0.811,9.544,3.771
1425109144481,37.513103,139.931553,4,-0.152,-0.714,9.541,3.638
1425109144581,37.513106,139.931553,4,-0.112,-0.695,9.499,3.511
1425109144682,37.513108,139.931553,5,-0.059,-0.703,9.498,3.394
1425109144783,37.51311,139.931553,5,-0.06,-0.73,9.528,3.281
1425109144884,37.513112,139.931552,5,-0.089,-0.767,9.54,3.171
1425109144984,37.513113,139.931552,5,-0.135,-0.804,9.476,3.066
1425109145080,37.513115,139.931552,5,-0.178,-0.823,9.472,2.968
1425109145181,37.513117,139.931552,5,-0.214,-0.856,9.503,2.869
1425109145281,37.513118,139.931552,5,-0.252,-0.868,9.505,2.773
1425109145382,37.51312,139.931551,5,-0.272,-0.863,9.509,2.681
1425109145483,37.513121,139.931551,5,-0.25,-0.872,9.518,2.591
1425109145583,37.513123,139.931551,5,-0.212,-0.895,9.53,2.506
1425109145684,37.513125,139.93155,5,-0.206,-0.905,9.494,2.418
1425109145780,37.513127,139.931549,5,-0.194,-0.918,9.533,2.337
1425109145881,37.513129,139.931549,5,-0.162,-0.913,9.54,2.254
1425109145981,37.51313,139.931548,5,-0.164,-0.892,9.503,2.175
1425109146082,37.513132,139.931547,5,-0.19,-0.872,9.528,2.098
1425109146183,37.513134,139.931547,5,-0.206,-0.823,9.56,2.023
1425109146283,37.513135,139.931546,5,-0.203,-0.814,9.524,1.952
1425109146384,37.513137,139.931545,5,-0.19,-0.784,9.525,1.883
1425109146485,37.513138,139.931545,5,-0.155,-0.748,9.534,1.816
1425109146580,37.51314,139.931544,5,-0.119,-0.727,9.513,1.756
1425109146686,37.513141,139.931544,5,-0.105,-0.703,9.492,1.66
1425109146782,37.513142,139.931543,5,-0.114,-0.671,9.529,1.574
1425109146881,37.513143,139.931543,5,-0.123,-0.616,9.55,1.49
1425109146983,37.513144,139.931543,5,-0.111,-0.539,9.507,1.406
1425109147082,37.513144,139.931542,5,-0.092,-0.481,9.499,1.33
1425109147180,37.513145,139.931542,5,-0.085,-0.473,9.501,1.258
1425109147280,37.513146,139.931542,5,-0.083,-0.47,9.516,1.189
1425109147381,37.513147,139.931541,5,-0.069,-0.465,9.498,1.123
1425109147482,37.513147,139.931541,5,-0.063,-0.448,9.516,1.061
1425109147582,37.513148,139.931541,5,-0.062,-0.423,9.545,1.004
1425109147683,37.513148,139.931541,5,-0.061,-0.395,9.52,0.939
1425109147784,37.513148,139.931542,5,-0.04,-0.344,9.54,0.877
1425109147885,37.513148,139.931542,5,-0.016,-0.291,9.532,0.818
1425109147980,37.513148,139.931542,5,0.002,-0.253,9.5,0.765
1425109148081,37.513147,139.931543,5,0.018,-0.209,9.51,0.713
1425109148182,37.513147,139.931543,5,0.033,-0.174,9.517,0.664
1425109148282,37.513147,139.931543,5,0.045,-0.157,9.485,0.618
1425109148383,37.513147,139.931544,5,0.055,-0.147,9.482,0.576
1425109148484,37.513147,139.931544,5,0.051,-0.163,9.499,0.537
1425109148584,37.513147,139.931544,5,0.057,-0.157,9.504,0.502
1425109148680,37.513148,139.931543,5,0.056,-0.148,9.502,0.471
1425109148781,37.513148,139.931543,5,0.064,-0.128,9.525,0.439
1425109148882,37.513149,139.931542,5,0.086,-0.098,9.534,0.41
1425109148982,37.513149,139.931541,5,0.091,-0.073,9.503,0.382
1425109149083,37.51315,139.931541,5,0.091,-0.057,9.492,0.356
1425109149184,37.51315,139.93154,5,0.095,-0.042,9.517,0.331
1425109149284,37.513151,139.931539,5,0.093,-0.046,9.494,0.309
1425109149380,37.513151,139.931539,5,0.103,-0.034,9.486,0.289
1425109149481,37.513152,139.931538,5,0.11,-0.018,9.493,0.269
1425109149582,37.513152,139.931538,5,0.127,0.003,9.503,0.251
1425109149682,37.513152,139.931537,6,0.124,-0.009,9.5,0.25
1425109149783,37.513151,139.931536,6,0.119,-0.012,9.506,0.25
1425109149884,37.513151,139.931535,6,0.106,-0.026,9.517,0.25
1425109149984,37.51315,139.931534,6,0.1,-0.03,9.508,0.25
1425109150080,37.51315,139.931534,6,0.098,-0.036,9.504,0.25
1425109150181,37.513149,139.931533,6,0.09,-0.054,9.485,0.25
1425109150281,37.513149,139.931532,6,0.071,-0.107,9.5,0.25
1425109150382,37.513148,139.931531,6,0.048,-0.153,9.504,0.25
1425109150483,37.513148,139.93153,6,0.038,-0.17,9.502,0.25
1425109150584,37.513147,139.931529,6,0.047,-0.173,9.51,0.25
1425109150684,37.513146,139.931529,6,0.053,-0.178,9.507,0.205
1425109150780,37.513146,139.93153,6,0.055,-0.187,9.498,0.164
1425109150881,37.513146,139.93153,6,0.054,-0.178,9.513,0.126
1425109150981,37.513145,139.93153,6,0.047,-0.182,9.505,0.093
1425109151082,37.513145,139.93153,6,0.053,-0.176,9.519,0.065
1425109151183,37.513145,139.931531,6,0.072,-0.154,9.501,0.041
1425109151284,37.513144,139.931531,6,0.1,-0.079,9.507,0.023
1425109151384,37.513144,139.931531,6,0.123,0.01,9.532,0.011
1425109151480,37.513144,139.931531,6,0.127,0.052,9.492,0.003
1425109177684,37.513163,139.931544,4,0.169,0.143,9.51,0.002
1425109177780,37.513163,139.931544,4,0.238,0.323,9.508,0.009
1425109177881,37.513163,139.931544,4,0.318,0.507,9.481,0.021
1425109177981,37.513163,139.931544,4,0.359,0.656,9.478,0.038
1425109178082,37.513163,139.931544,4,0.378,0.795,9.494,0.061
1425109178183,37.513163,139.931544,4,0.412,0.89,9.462,0.088
1425109178283,37.513163,139.931544,4,0.443,0.973,9.444,0.12
1425109178384,37.513164,139.931544,4,0.462,1.045,9.454,0.158
1425109178480,37.513164,139.931544,4,0.484,1.108,9.466,0.198
1425109185575,37.513435,139.93157,6,0.497,1.131,9.448,6.0
1425109185580,37.513435,139.93157,6,0.495,1.123,9.443,6.0
1425109185680,37.513441,139.931571,5,0.462,0.793,9.497,6.0
1425109185781,37.513447,139.931572,5,0.447,0.602,9.54,6.0
1425109185882,37.513452,139.931572,5,0.459,0.663,9.418,6.0
1425109185982,37.513458,139.931573,5,0.439,0.632,9.374,6.0
1425109186083,37.513464,139.931574,5,0.48,0.56,9.499,6.0
1425109186184,37.513469,139.931575,5,0.517,0.544,9.553,6.0
1425109186280,37.513475,139.931576,5,0.505,0.593,9.45,6.0
1425109186380,37.51348,139.931576,5,0.484,0.607,9.373,6.0
1425109186481,37.513486,139.931577,5,0.465,0.595,9.457,6.0
1425109189578,37.513682,139.931618,5,0.448,0.611,9.534,7.497
1425109189581,37.513682,139.931618,5,0.445,0.611,9.533,7.498
1425109189683,37.513689,139.931619,5,0.362,0.315,9.545,7.523
1425109189782,37.513696,139.931619,5,0.342,0.105,9.608,7.547
1425109189880,37.513703,139.93162,5,0.313,0.043,9.515,7.572
1425109189981,37.51371,139.931621,5,0.287,-0.041,9.471,7.597
1425109190081,37.513717,139.931621,5,0.286,-0.071,9.536,7.622
1425109190182,37.513724,139.931622,5,0.273,0.008,9.394,7.647
1425109190283,37.513731,139.931623,5,0.271,-0.026,9.437,7.672
1425109190383,37.513738,139.931624,5,0.288,-0.02,9.542,7.698
1425109190484,37.513745,139.931624,5,0.263,-0.007,9.547,7.723
1425109190580,37.513752,139.931625,5,0.257,-0.031,9.518,7.747
1425109190680,37.51376,139.931627,6,0.31,-0.094,9.635,7.75
1425109190781,37.513768,139.931629,6,0.316,-0.023,9.596,7.75
1425109190882,37.513776,139.931632,6,0.3,0.015,9.445,7.75
1425109190983,37.513784,139.931634,6,0.387,0.016,9.54,7.75
1425109191083,37.513792,139.931636,6,0.42,-0.002,9.654,7.75
1425109191184,37.513801,139.931639,6,0.373,0.047,9.547,7.75
1425109191280,37.513808,139.931641,6,0.385,0.047,9.621,7.75
1425109191380,37.513816,139.931643,6,0.336,0.048,9.718,7.75
1425109191481,37.513824,139.931645,6,0.336,0.043,9.752,7.75
1425109191582,37.513832,139.931648,6,0.42,0.437,8.695,7.75
1425109191683,37.513839,139.931649,6,0.566,0.529,8.479,7.773
1425109191783,37.513846,139.93165,6,0.452,0.095,9.708,7.798
1425109191884,37.513852,139.931651,6,0.471,-0.146,10.469,7.823
1425109191980,37.513858,139.931653,6,0.469,-0.006,9.783,7.847
1425109192080,37.513865,139.931654,6,0.47,-0.119,8.938,7.872
1425109192181,37.513872,139.931655,6,0.486,-0.038,9.245,7.897
1425109192282,37.513878,139.931656,6,0.556,0.281,9.815,7.922
1425109192382,37.513885,139.931657,6,0.64,0.374,9.756,7.947
1425109192483,37.513892,139.931659,6,0.512,0.273,9.463,7.973
1425109192584,37.513899,139.93166,6,0.346,0.136,9.567,7.998
1425109192685,37.513904,139.931663,5,0.352,0.072,9.754,8.023
1425109192780,37.51391,139.931665,5,0.38,0.167,9.647,8.047
1425109192882,37.513916,139.931668,5,0.277,0.281,9.399,8.072
1425109192982,37.513922,139.931671,5,0.254,0.271,9.501,8.097
1425109193082,37.513927,139.931674,5,0.306,0.217,9.675,8.122
1425109193183,37.513933,139.931677,5,0.374,0.191,9.56,8.147
1425109193284,37.513939,139.931679,5,0.489,0.159,9.37,8.173
1425109193384,37.513945,139.931682,5,0.452,0.193,9.275,8.198
1425109193480,37.513951,139.931685,5,0.425,0.157,9.435,8.222
1425109193581,37.513956,139.931688,5,0.477,0.11,9.561,8.248
1425109193682,37.513963,139.93169,5,0.406,0.127,9.478,8.25
1425109193782,37.51397,139.931693,5,0.389,0.091,9.428,8.25
1425109193883,37.513978,139.931695,5,0.428,0.075,9.502,8.25
1425109193984,37.513985,139.931697,5,0.411,0.124,9.514,8.25
1425109194084,37.513992,139.9317,5,0.424,0.124,9.404,8.25
1425109194180,37.513998,139.931702,5,0.441,0.122,9.405,8.25
1425109194281,37.514005,139.931705,5,0.435,0.061,9.518,8.25
1425109194382,37.514012,139.931707,5,0.491,-0.035,9.621,8.25
1425109194482,37.514019,139.931709,5,0.502,-0.001,9.487,8.25
1425109194583,37.514027,139.931712,5,0.462,-0.001,9.427,8.25
1425109194684,37.514034,139.931714,4,0.464,-0.008,9.456,8.273
1425109194784,37.514042,139.931717,4,0.485,0.061,9.539,8.298
1425109194880,37.514049,139.931719,4,0.456,0.053,9.473,8.322
1425109194981,37.514056,139.931721,4,0.467,0.025,9.453,8.347
1425109195081,37.514064,139.931724,4,0.414,-0.009,9.549,8.372
1425109195182,37.514072,139.931726,4,0.39,-0.005,9.489,8.397
1425109195283,37.514079,139.931729,4,0.424,0.01,9.462,8.422
1425109195384,37.514087,139.931731,4,0.345,0.006,9.582,8.448
1425109195484,37.514095,139.931733,4,0.303,0.041,9.494,8.473
1425109195580,37.514102,139.931736,4,0.324,0.09,9.406,8.497
1425109195681,37.514108,139.931739,7,0.319,-0.003,9.572,8.453
1425109195781,37.514114,139.931742,7,0.389,-0.03,9.607,8.402
1425109195882,37.51412,139.931746,7,0.45,0.108,9.278,8.351
1425109195983,37.514126,139.931749,7,0.322,0.061,9.419,8.3
1425109196083,37.514132,139.931753,7,0.219,0.037,9.739,8.25
1425109196184,37.514138,139.931756,7,0.205,0.167,9.614,8.199
1425109196280,37.514143,139.931759,7,0.208,0.17,9.413,8.152
1425109196381,37.514149,139.931762,7,0.29,0.148,9.47,8.102
1425109196481,37.514155,139.931766,7,0.24,0.246,9.518,8.053
1425109196582,37.514161,139.931769,7,0.195,0.271,9.505,8.004
1425109196683,37.514169,139.931771,7,0.143,0.288,9.488,8.045
1425109196783,37.514178,139.931773,7,0.116,0.334,9.362,8.094
1425109196884,37.514187,139.931775,7,0.229,0.28,9.341,8.144
1425109196980,37.514195,139.931777,7,0.313,0.196,9.513,8.191
1425109197080,37.514204,139.93178,7,0.331,0.163,9.505,8.241
1425109197181,37.514213,139.931782,7,0.402,0.162,9.444,8.292
1425109197282,37.514222,139.931784,7,0.335,0.135,9.542,8.343
1425109197383,37.514231,139.931786,7,0.355,0.144,9.536,8.394
1425109197483,37.51424,139.931789,7,0.422,0.175,9.512,8.445
1425109197584,37.514249,139.931791,7,0.376,0.237,9.451,8.497
1425109197680,37.514257,139.931795,7,0.329,0.214,9.498,8.522
1425109197780,37.514265,139.931799,7,0.286,0.238,9.52,8.547
1425109197881,37.514273,139.931803,7,0.253,0.26,9.496,8.572
1425109197982,37.514281,139.931808,7,0.274,0.228,9.462,8.597
1425109198083,37.51429,139.931812,7,0.225,0.249,9.441,8.622
1425109198183,37.514298,139.931816,7,0.247,0.22,9.474,8.647
1425109198284,37.514306,139.931821,7,0.286,0.26,9.373,8.673
1425109198380,37.514314,139.931825,7,0.251,0.196,9.48,8.697
1425109198480,37.514322,139.931829,7,0.241,0.081,9.635,8.722
1425109198581,37.51433,139.931834,7,0.385,0.109,9.392,8.748
1425109198682,37.514338,139.931837,6,0.345,0.073,9.427,8.773
1425109198782,37.514345,139.93184,6,0.307,0.042,9.665,8.797
1425109198883,37.514353,139.931844,6,0.258,0.173,9.521,8.823
1425109198984,37.51436,139.931847,6,0.23,0.18,9.3,8.848
1425109199080,37.514367,139.93185,6,0.336,0.121,9.398,8.872
1425109199180,37.514375,139.931853,6,0.322,0.144,9.582,8.897
1425109199281,37.514383,139.931857,6,0.296,0.125,9.484,8.922
1425109199382,37.51439,139.93186,6,0.302,0.142,9.437,8.947
1425109199482,37.514398,139.931863,6,0.223,0.151,9.414,8.973
1425109199583,37.514405,139.931867,6,0.28,0.195,9.459,8.998
1425109199684,37.514413,139.93187,5,0.291,0.191,9.529,9.0
1425109199784,37.514421,139.931873,5,0.231,0.194,9.481,9.0
1425109199880,37.514429,139.931876,5,0.23,0.247,9.477,9.0
1425109199981,37.514437,139.931879,5,0.154,0.265,9.572,9.0
1425109200082,37.514444,139.931882,5,0.208,0.283,9.497,9.0
1425109200182,37.514452,139.931885,5,0.21,0.358,9.392,9.0
1425109200283,37.51446,139.931888,5,0.167,0.32,9.524,9.0
1425109200384,37.514468,139.931892,5,0.138,0.366,9.516,9.0
1425109200484,37.514476,139.931895,5,0.13,0.325,9.543,9.0
1425109200580,37.514483,139.931898,5,0.15,0.315,9.439,9.0
1425109200681,37.514491,139.931901,5,0.205,0.366,9.417,9.022
1425109200781,37.514499,139.931904,5,0.112,0.325,9.596,9.047
1425109200882,37.514507,139.931907,5,0.132,0.316,9.628,9.072
1425109200983,37.514515,139.93191,5,0.112,0.37,9.351,9.097
1425109201084,37.514523,139.931914,5,0.195,0.268,9.418,9.123
1425109201184,37.514531,139.931917,5,0.232,0.226,9.635,9.148
1425109201280,37.514539,139.93192,5,0.192,0.223,9.466,9.172
1425109201381,37.514547,139.931923,5,0.199,0.185,9.366,9.197
1425109201481,37.514555,139.931926,5,0.155,0.149,9.487,9.222
1425109201583,37.514563,139.93193,5,0.231,0.14,9.515,9.248
1425109201683,37.514572,139.931934,4,0.247,0.105,9.486,9.273
1425109201784,37.51458,139.931939,4,0.196,0.12,9.442,9.298
1425109201884,37.514589,139.931943,4,0.183,0.156,9.399,9.323
1425109201980,37.514597,139.931948,4,0.156,0.126,9.474,9.347
1425109202081,37.514605,139.931952,4,0.142,0.061,9.63,9.372
1425109202181,37.514614,139.931957,4,0.146,0.096,9.485,9.397
1425109202282,37.514623,139.931962,4,0.163,0.074,9.375,9.422
1425109202383,37.514631,139.931966,4,0.238,0.063,9.456,9.448
1425109202483,37.51464,139.931971,4,0.254,0.092,9.45,9.473
1425109202584,37.514648,139.931976,4,0.221,0.034,9.463,9.498
1425109202680,37.514655,139.931981,6,0.26,0.004,9.526,9.5
1425109202781,37.514661,139.931986,6,0.21,-0.013,9.602,9.5
1425109202881,37.514668,139.931991,6,0.269,-0.08,9.647,9.5
1425109202982,37.514674,139.931997,6,0.221,0.059,9.426,9.5
1425109203083,37.514681,139.932002,6,0.233,0.073,9.488,9.5
1425109203183,37.514687,139.932007,6,0.243,0.143,9.452,9.5
1425109203284,37.514693,139.932013,6,0.217,0.114,9.522,9.5
1425109203380,37.5147,139.932018,6,0.152,0.058,9.529,9.5
1425109203486,37.514706,139.932023,6,0.128,0.051,9.544,9.5
1425109203581,37.514712,139.932029,6,0.118,0.026,9.409,9.5
1425109203680,37.51472,139.93203,6,0.199,0.054,9.469,9.5
1425109203783,37.514729,139.932031,6,0.16,0.062,9.432,9.5
1425109203882,37.514737,139.932031,6,0.166,0.024,9.583,9.5
1425109203984,37.514745,139.932032,6,0.085,0.018,9.525,9.5
1425109204080,37.514753,139.932033,6,0.043,-0.006,9.466,9.5
1425109204180,37.514761,139.932034,6,0.076,0.014,9.519,9.5
1425109204282,37.51477,139.932035,6,0.064,0.023,9.61,9.5
1425109204382,37.514778,139.932035,6,0.122,-0.034,9.609,9.5
1425109204482,37.514786,139.932036,6,0.077,0.004,9.493,9.5
1425109204583,37.514794,139.932037,6,0.059,0.103,9.284,9.5
1425109204684,37.514803,139.932042,6,0.079,0.057,9.453,9.5
1425109204780,37.514811,139.932047,6,0.137,-0.092,9.61,9.5
1425109204880,37.514819,139.932052,6,0.194,-0.127,9.578,9.5
1425109204981,37.514827,139.932057,6,0.095,-0.076,9.284,9.5
1425109205082,37.514836,139.932062,6,0.064,0.042,9.16,9.5
1425109205182,37.514844,139.932067,6,0.029,-0.065,9.777,9.5
1425109205283,37.514853,139.932072,6,-0.006,-0.201,10.089,9.5
1425109205384,37.514861,139.932077,6,0.037,-0.059,9.554,9.5
1425109205480,37.514869,139.932082,6,0.009,0.14,8.958,9.5
1425109205580,37.514877,139.932086,6,0.009,0.194,9.26,9.5
1425109205681,37.514884,139.932091,6,0.084,0.236,9.726,9.477
1425109205782,37.514891,139.932095,6,0.005,0.132,9.422,9.451
1425109205882,37.514898,139.932099,6,-0.068,-0.038,9.471,9.426
1425109205983,37.514905,139.932103,6,-0.144,-0.091,9.717,9.401
1425109206084,37.514912,139.932107,6,-0.005,0.026,9.582,9.376
1425109206184,37.514919,139.932111,6,0.059,0.156,9.347,9.351
1425109206280,37.514926,139.932115,6,0.088,0.196,9.373,9.327
1425109206381,37.514933,139.93212,6,0.132,0.087,9.629,9.302
1425109206482,37.51494,139.932124,6,0.085,0.08,9.444,9.277
1425109206582,37.514946,139.932128,6,0.1,0.035,9.293,9.252
1425109206683,37.514955,139.932132,8,0.135,0.078,9.165,9.25
1425109206784,37.514965,139.932136,8,0.165,-0.059,9.689,9.25
1425109206884,37.514974,139.932139,8,0.101,-0.155,9.859,9.25
1425109206980,37.514982,139.932143,8,0.058,-0.102,9.65,9.25
1425109207081,37.514992,139.932147,8,0.09,-0.025,9.344,9.25
1425109207181,37.515001,139.932151,8,0.111,0.134,9.483,9.25
1425109207282,37.51501,139.932155,8,0.014,0.16,9.787,9.25
1425109207384,37.515019,139.932159,8,-0.001,0.145,9.693,9.25
1425109207484,37.515028,139.932163,8,-0.053,0.169,9.26,9.25
1425109207584,37.515037,139.932167,8,-0.023,0.191,9.041,9.25
1425109207680,37.515045,139.93217,8,-0.088,0.102,9.618,9.25
1425109207781,37.515053,139.932174,8,-0.17,0.003,9.75,9.25
1425109207881,37.51506,139.932177,8,0.008,0.031,9.252,9.25
1425109207982,37.515068,139.932181,8,0.076,-0.014,9.121,9.25
1425109208083,37.515076,139.932184,8,0.11,-0.107,9.453,9.25
1425109208184,37.515084,139.932188,8,0.125,-0.195,9.984,9.25
1425109208284,37.515091,139.932191,8,0.148,-0.214,9.768,9.25
1425109208380,37.515099,139.932195,8,0.297,-0.212,9.401,9.25
1425109208481,37.515107,139.932198,8,0.371,-0.129,9.381,9.25
1425109208581,37.515114,139.932202,8,0.428,0.062,9.24,9.25
1425109208682,37.515122,139.932205,6,0.387,0.039,9.418,9.25
1425109208783,37.51513,139.932208,6,0.363,-0.202,9.73,9.25
1425109208884,37.515138,139.932211,6,0.479,-0.215,9.53,9.25
1425109208984,37.515145,139.932214,6,0.357,-0.124,9.234,9.25
1425109209080,37.515153,139.932217,6,0.253,-0.119,9.41,9.25
1425109209181,37.515161,139.93222,6,0.326,0.036,9.508,9.25
1425109209281,37.515168,139.932223,6,0.32,0.027,9.455,9.25
1425109209382,37.515176,139.932226,6,0.165,-0.099,9.582,9.25
1425109209483,37.515184,139.932229,6,-0.049,-0.095,10.016,9.25
1425109209583,37.515191,139.932232,6,-0.132,0.11,9.514,9.25
1425109209684,37.5152,139.932236,6,-0.073,0.316,9.021,9.25
1425109209780,37.515208,139.932241,6,-0.05,0.271,9.411,9.25
1425109209880,37.515216,139.932245,6,0.005,0.201,9.918,9.25
1425109209981,37.515224,139.93225,6,0.047,0.097,9.687,9.25
1425109210082,37.515233,139.932255,6,0.037,0.123,9.259,9.25
1425109210183,37.515241,139.932259,6,0.13,0.11,9.465,9.25
1425109210283,37.51525,139.932264,6,0.184,0.202,9.68,9.25
1425109210384,37.515258,139.932269,6,0.278,0.208,9.474,9.25
1425109210480,37.515266,139.932273,6,0.365,0.178,9.362,9.25
1425109210580,37.515274,139.932278,6,0.353,0.217,9.384,9.25
1425109210681,37.515282,139.932282,5,0.358,0.125,9.679,9.25
1425109210782,37.51529,139.932286,5,0.394,0.262,9.361,9.25
1425109210883,37.515298,139.93229,5,0.291,0.248,9.462,9.25
1425109210983,37.515306,139.932295,5,0.343,0.15,9.662,9.25
1425109211084,37.515314,139.932299,5,0.304,0.251,9.638,9.25
1425109211180,37.515321,139.932303,5,0.268,0.257,9.322,9.25
1425109211280,37.515329,139.932307,5,0.291,0.257,9.441,9.25
1425109211381,37.515337,139.932311,5,0.287,0.337,9.393,9.25
1425109211482,37.515345,139.932315,5,0.298,0.23,9.621,9.25
1425109211582,37.515352,139.93232,5,0.217,0.242,9.488,9.25
1425109211683,37.515361,139.932324,4,0.289,0.273,9.375,9.273
1425109211784,37.515369,139.932328,4,0.271,0.206,9.554,9.298
1425109211880,37.515377,139.932331,4,0.277,0.195,9.7,9.322
1425109211980,37.515386,139.932335,4,0.306,0.215,9.638,9.347
1425109212081,37.515394,139.93234,4,0.38,0.212,9.482,9.372
1425109212182,37.515403,139.932344,4,0.442,0.242,9.502,9.397
1425109212282,37.515412,139.932348,4,0.422,0.258,9.447,9.422
1425109212383,37.51542,139.932352,4,0.46,0.189,9.446,9.448
1425109212484,37.515429,139.932356,4,0.46,0.185,9.421,9.473
1425109212585,37.515438,139.93236,4,0.474,0.178,9.412,9.499
1425109212680,37.515445,139.932364,4,0.529,0.153,9.29,9.522
1425109212781,37.515453,139.932368,4,0.347,0.115,9.551,9.547
1425109212882,37.515461,139.932372,4,0.218,0.039,9.756,9.572
1425109212982,37.515468,139.932376,4,0.239,0.107,9.394,9.597
1425109213083,37.515476,139.93238,4,0.282,0.104,9.34,9.622
1425109213184,37.515484,139.932384,4,0.274,0.06,9.593,9.648
1425109213284,37.515492,139.932388,4,0.217,0.1,9.736,9.673
1425109213380,37.515499,139.932392,4,0.188,0.113,9.472,9.697
1425109213482,37.515507,139.932396,4,0.229,0.085,9.424,9.723
1425109213581,37.515515,139.9324,4,0.237,0.038,9.538,9.748
1425109213682,37.515522,139.932404,5,0.354,-0.057,9.702,9.727
1425109213783,37.515529,139.932408,5,0.315,0.056,9.457,9.701
1425109213884,37.515536,139.932412,5,0.341,0.031,9.453,9.676
1425109213984,37.515543,139.932415,5,0.355,0.017,9.508,9.651
1425109214080,37.51555,139.932419,5,0.324,0.081,9.489,9.627
1425109214181,37.515557,139.932423,5,0.252,-0.004,9.453,9.601
1425109214281,37.515564,139.932427,5,0.196,0.012,9.503,9.577
1425109214382,37.515571,139.932431,5,0.192,-0.052,9.608,9.551
1425109214483,37.515578,139.932435,5,0.168,0.013,9.494,9.526
1425109214584,37.515585,139.932439,5,0.108,0.095,9.425,9.501
1425109214684,37.515593,139.932443,5,0.097,0.068,9.625,9.523
1425109214780,37.5156,139.932447,5,0.079,0.144,9.59,9.547
1425109214881,37.515608,139.932451,5,0.228,0.165,9.267,9.572
1425109214981,37.515616,139.932456,5,0.248,0.051,9.53,9.597
1425109215082,37.515625,139.93246,5,0.301,-0.04,9.944,9.622
1425109215183,37.515633,139.932464,5,0.408,0.003,9.394,9.647
1425109215284,37.515641,139.932469,5,0.371,0.077,9.064,9.673
1425109215384,37.515649,139.932473,5,0.353,0.036,9.429,9.698
1425109215480,37.515657,139.932477,5,0.378,0.107,9.719,9.722
1425109215581,37.515665,139.932482,5,0.356,0.043,9.37,9.748
1425109215681,37.515673,139.932486,4,0.374,-0.053,9.483,9.75
1425109215782,37.515681,139.932491,4,0.282,-0.019,9.626,9.75
1425109215883,37.515689,139.932495,4,0.282,0.041,9.51,9.75
1425109215983,37.515697,139.9325,4,0.236,0.105,9.541,9.75
1425109216084,37.515705,139.932505,4,0.224,0.113,9.542,9.75
1425109216180,37.515713,139.932509,4,0.217,0.109,9.52,9.75
1425109216280,37.515721,139.932514,4,0.182,0.093,9.485,9.75
1425109216381,37.515728,139.932518,4,0.22,0.081,9.44,9.75
1425109216482,37.515736,139.932523,4,0.253,0.132,9.403,9.75
1425109216583,37.515744,139.932528,4,0.204,0.111,9.399,9.75
1425109216683,37.515752,139.932532,4,0.176,0.041,9.567,9.75
1425109216784,37.51576,139.932536,4,0.19,0.024,9.585,9.75
1425109216880,37.515768,139.93254,4,0.29,0.01,9.518,9.75
1425109216980,37.515775,139.932544,4,0.319,0.06,9.308,9.75
1425109217081,37.515783,139.932548,4,0.28,0.03,9.474,9.75
1425109217182,37.515791,139.932552,4,0.246,-0.006,9.672,9.75
1425109217283,37.515799,139.932556,4,0.236,-0.059,9.555,9.75
1425109217383,37.515807,139.93256,4,0.226,-0.029,9.434,9.75
1425109217484,37.515815,139.932564,4,0.187,-0.029,9.6,9.75
1425109217585,37.515823,139.932568,4,0.152,-0.072,9.625,9.75
1425109217680,37.515831,139.932573,5,0.223,0.125,9.366,9.75
1425109217786,37.51584,139.932578,5,0.316,0.148,9.1,9.75
1425109217882,37.515848,139.932583,5,0.349,0.036,9.466,9.75
1425109217981,37.515857,139.932588,5,0.392,0.094,9.443,9.75
1425109218083,37.515865,139.932594,5,0.304,-0.045,9.434,9.75
1425109218182,37.515874,139.932599,5,0.252,-0.137,9.628,9.75
1425109218280,37.515882,139.932604,5,0.291,-0.078,9.494,9.75
1425109218380,37.515891,139.932609,5,0.284,-0.095,9.376,9.75
1425109218481,37.5159,139.932614,5,0.29,0.012,9.487,9.75
1425109218582,37.515908,139.93262,5,0.211,-0.092,9.502,9.75
1425109218682,37.515916,139.932622,6,0.209,-0.02,9.591,9.727
1425109218783,37.515923,139.932624,6,0.251,-0.071,9.498,9.701
1425109218884,37.515931,139.932626,6,0.306,-0.07,9.394,9.676
1425109218984,37.515938,139.932628,6,0.304,-0.058,9.453,9.651
1425109219080,37.515945,139.93263,6,0.378,-0.087,9.516,9.627
1425109219181,37.515952,139.932632,6,0.362,-0.048,9.602,9.601
1425109219281,37.51596,139.932635,6,0.281,0.002,9.46,9.577
1425109219382,37.515967,139.932637,6,0.31,-0.032,9.446,9.551
1425109219483,37.515974,139.932639,6,0.257,-0.001,9.478,9.526
1425109219584,37.515982,139.932641,6,0.331,-0.126,9.793,9.501
1425109219684,37.515989,139.932645,6,0.242,-0.109,9.648,9.476
1425109219780,37.515997,139.93265,6,0.282,0.001,9.409,9.452
1425109219881,37.516005,139.932655,6,0.235,0.068,9.314,9.427
1425109219981,37.516012,139.932659,6,0.238,0.094,9.69,9.401
1425109220082,37.51602,139.932664,6,0.25,-0.038,9.851,9.376
1425109220183,37.516028,139.932668,6,0.437,0.175,8.767,9.351
1425109220284,37.516036,139.932673,6,0.366,0.042,9.082,9.326
1425109220384,37.516043,139.932678,6,0.178,-0.184,10.165,9.301
1425109220480,37.516051,139.932682,6,0.165,-0.153,9.631,9.277
1425109220581,37.516058,139.932687,6,0.2,-0.159,9.173,9.252
1425109220681,37.516066,139.932691,4,0.283,-0.201,9.325,9.25
1425109220782,37.516075,139.932695,4,0.402,-0.083,9.875,9.25
1425109220883,37.516083,139.9327,4,0.382,-0.025,9.603,9.25
1425109220984,37.516091,139.932704,4,0.266,-0.113,9.61,9.25
1425109221084,37.516099,139.932708,4,0.254,-0.047,9.386,9.25
1425109221180,37.516107,139.932712,4,0.295,0.091,9.338,9.25
1425109221281,37.516115,139.932717,4,0.242,-0.008,9.471,9.25
1425109221381,37.516123,139.932721,4,0.189,-0.041,9.704,9.25
1425109221482,37.516131,139.932725,4,0.191,-0.002,9.327,9.25
1425109221583,37.516139,139.93273,4,0.153,0.01,9.259,9.25
1425109221683,37.516147,139.932735,5,0.02,0.121,9.726,9.25
1425109221784,37.516155,139.93274,5,0.051,0.302,9.498,9.25
1425109221880,37.516162,139.932744,5,0.104,0.37,9.098,9.25
1425109221981,37.51617,139.932749,5,0.158,0.32,9.175,9.25
1425109222081,37.516178,139.932754,5,0.219,0.216,9.573,9.25
1425109222182,37.516186,139.932759,5,0.2,0.056,9.896,9.25
1425109222283,37.516193,139.932764,5,0.267,0.016,9.643,9.25
1425109222383,37.516201,139.932769,5,0.296,0.093,9.299,9.25
1425109222494,37.51621,139.932774,5,0.312,0.211,9.276,9.25
1425109222580,37.516216,139.932779,5,0.311,0.174,9.636,9.25
1425109222680,37.516225,139.932784,6,0.196,0.102,9.785,9.272
1425109222781,37.516235,139.932789,6,0.061,0.096,9.5,9.297
1425109222882,37.516244,139.932795,6,0.049,0.096,9.313,9.322
1425109222983,37.516253,139.9328,6,0.054,0.166,9.437,9.347
1425109223083,37.516263,139.932805,6,0.054,0.142,9.562,9.372
1425109223184,37.516272,139.932811,6,0.062,0.08,9.548,9.398
1425109223280,37.516281,139.932816,6,0.069,0.021,9.438,9.422
1425109223380,37.51629,139.932822,6,0.156,-0.016,9.366,9.447
1425109223481,37.5163,139.932827,6,0.191,0.021,9.481,9.472
1425109223582,37.516309,139.932833,6,0.218,-0.035,9.533,9.498
1425109223682,37.516316,139.932836,6,0.217,-0.06,9.547,9.477
1425109223783,37.516323,139.932839,6,0.148,-0.139,9.422,9.451
1425109223884,37.51633,139.932842,6,0.137,-0.198,9.552,9.426
1425109223980,37.516337,139.932846,6,0.095,-0.203,9.647,9.402
1425109224080,37.516344,139.932849,6,0.07,-0.21,9.542,9.377
1425109224181,37.51635,139.932852,6,0.077,-0.203,9.461,9.351
1425109224282,37.516357,139.932855,6,0.041,-0.251,9.554,9.326
1425109224382,37.516364,139.932858,6,0.059,-0.278,9.612,9.301
1425109224483,37.516371,139.932862,6,0.052,-0.213,9.461,9.276
1425109224584,37.516378,139.932865,6,0.076,-0.203,9.451,9.251
1425109224680,37.516384,139.932868,6,0.05,-0.225,9.504,9.204
1425109224780,37.51639,139.93287,6,0.04,-0.232,9.565,9.153
1425109224881,37.516396,139.932873,6,0.034,-0.243,9.56,9.102
1425109224982,37.516402,139.932876,6,-0.108,-0.213,9.596,9.051
1425109225082,37.516408,139.932879,6,-0.16,-0.182,9.594,9.001
1425109225183,37.516414,139.932882,6,-0.072,-0.155,9.433,8.95
1425109225284,37.51642,139.932885,6,0.036,-0.114,9.395,8.9
1425109225384,37.516426,139.932887,6,0.032,-0.18,9.484,8.851
1425109225480,37.516432,139.93289,6,-0.009,-0.193,9.643,8.804
1425109225581,37.516437,139.932893,6,-0.042,-0.192,9.544,8.754
1425109225681,37.516446,139.932899,8,0.004,-0.252,9.409,8.75
1425109225782,37.516454,139.932905,8,0.131,-0.255,9.338,8.75
1425109225883,37.516463,139.932912,8,0.161,-0.235,9.462,8.75
1425109225984,37.516471,139.932918,8,0.168,-0.257,9.543,8.75
1425109226084,37.51648,139.932925,8,0.049,-0.258,9.565,8.75
1425109226180,37.516488,139.932931,8,0.021,-0.268,9.51,8.75
1425109226281,37.516496,139.932937,8,0.002,-0.244,9.382,8.75
1425109226382,37.516505,139.932944,8,-0.02,-0.146,9.452,8.75
1425109226482,37.516513,139.93295,8,-0.002,-0.164,9.467,8.75
1425109226583,37.516521,139.932957,8,0.014,-0.191,9.54,8.75
1425109226684,37.516529,139.932961,8,0.012,-0.262,9.513,8.75
1425109226784,37.516537,139.932965,8,0.023,-0.26,9.389,8.75
1425109226880,37.516544,139.932969,8,-0.026,-0.227,9.386,8.75
1425109226981,37.516551,139.932973,8,-0.075,-0.173,9.475,8.75
1425109227081,37.516559,139.932977,8,-0.109,-0.174,9.473,8.75
1425109227182,37.516566,139.932981,8,-0.081,-0.169,9.456,8.75
1425109227283,37.516574,139.932985,8,-0.048,-0.206,9.478,8.75
1425109227383,37.516581,139.932989,8,-0.027,-0.214,9.43,8.75
1425109227484,37.516589,139.932993,8,-0.099,-0.064,9.308,8.75
1425109227580,37.516596,139.932997,8,-0.125,-0.182,9.591,8.75
1425109227681,37.516602,139.932998,9,-0.16,-0.231,9.686,8.679
1425109227781,37.516607,139.932998,9,-0.056,-0.301,9.743,8.602
1425109227882,37.516613,139.932999,9,0.063,-0.338,9.535,8.524
1425109227983,37.516618,139.932999,9,0.101,-0.306,9.459,8.447
1425109228083,37.516623,139.933,9,-0.016,-0.047,9.345,8.372
1425109228184,37.516628,139.933001,9,-0.001,0.022,9.355,8.296
1425109228280,37.516633,139.933001,9,0.326,-0.263,9.543,8.225
1425109228381,37.516639,139.933002,9,0.335,-0.555,10.139,8.151
1425109228481,37.516644,139.933002,9,0.255,-0.556,9.927,8.078
1425109228582,37.516649,139.933003,9,0.164,-0.377,9.278,8.006
1425109228683,37.516656,139.933007,9,-0.006,-0.152,9.26,8.0
1425109228783,37.516663,139.933011,9,-0.031,0.004,9.441,8.0
1425109228884,37.516671,139.933015,9,0.028,0.123,9.375,8.0
1425109228980,37.516678,139.933019,9,-0.125,0.119,9.194,8.0
1425109229080,37.516685,139.933024,9,-0.314,-0.049,9.399,8.0
1425109229181,37.516693,139.933028,9,-0.477,-0.178,9.688,8.0
1425109229282,37.5167,139.933032,9,-0.479,-0.161,9.674,8.0
1425109229383,37.516708,139.933036,9,-0.469,-0.182,9.526,8.0
1425109229483,37.516715,139.933041,9,-0.391,-0.301,9.683,8.0
1425109229584,37.516723,139.933045,9,-0.35,-0.254,9.797,8.0
1425109229680,37.516729,139.933047,7,-0.222,-0.032,9.453,7.954
1425109229780,37.516735,139.933049,7,-0.065,-0.087,9.504,7.903
1425109229881,37.516741,139.933051,7,0.023,-0.155,9.621,7.851
1425109229982,37.516748,139.933053,7,0.137,-0.133,9.569,7.8
1425109230082,37.516754,139.933054,7,0.176,-0.145,9.464,7.75
1425109230183,37.51676,139.933056,7,0.103,-0.176,9.305,7.7
1425109230284,37.516766,139.933058,7,-0.04,-0.164,9.556,7.65
1425109230380,37.516772,139.93306,7,-0.024,-0.142,9.507,7.602
1425109230480,37.516778,139.933062,7,-0.055,-0.22,9.516,7.553
1425109230581,37.516784,139.933064,7,-0.118,-0.122,9.537,7.504
1425109230682,37.516791,139.933067,6,-0.148,-0.124,9.434,7.477
1425109230782,37.516798,139.93307,6,-0.185,-0.148,9.503,7.451
1425109230883,37.516805,139.933073,6,-0.247,-0.102,9.579,7.426
1425109230984,37.516812,139.933076,6,-0.276,-0.036,9.554,7.4
1425109231080,37.516819,139.933078,6,-0.196,-0.084,9.551,7.376
1425109231180,37.516826,139.933081,6,-0.273,-0.064,9.486,7.351
1425109231281,37.516833,139.933084,6,-0.289,0.013,9.506,7.326
1425109231382,37.51684,139.933087,6,-0.289,-0.028,9.599,7.301
1425109231482,37.516847,139.93309,6,-0.316,-0.071,9.588,7.277
1425109231583,37.516854,139.933093,6,-0.251,-0.071,9.587,7.252
1425109231684,37.516859,139.933093,6,-0.189,-0.128,9.646,7.176
1425109231784,37.516865,139.933094,6,-0.172,-0.123,9.443,7.098
1425109231885,37.51687,139.933094,6,-0.183,-0.062,9.342,7.02
1425109231981,37.516875,139.933095,6,-0.148,-0.041,9.582,6.947
1425109232080,37.516881,139.933095,6,-0.18,-0.062,9.623,6.872
1425109232182,37.516886,139.933095,6,-0.188,-0.062,9.555,6.796
1425109232281,37.516891,139.933096,6,-0.175,-0.02,9.472,6.723
1425109232384,37.516897,139.933096,6,-0.233,-0.05,9.533,6.648
1425109232483,37.516902,139.933097,6,-0.257,-0.096,9.634,6.576
1425109232580,37.516906,139.933097,6,-0.246,-0.051,9.6,6.507
1425109232681,37.516911,139.933097,6,-0.217,-0.016,9.527,6.477
1425109232781,37.516916,139.933098,6,-0.231,0.042,9.438,6.451
1425109232882,37.51692,139.933098,6,-0.223,-0.069,9.581,6.426
1425109232983,37.516925,139.933099,6,-0.21,-0.055,9.56,6.401
1425109233084,37.516929,139.933099,6,-0.203,0.087,9.413,6.375
1425109233184,37.516934,139.9331,6,-0.182,0.031,9.505,6.35
1425109233280,37.516938,139.9331,6,-0.238,-0.088,9.677,6.326
1425109233381,37.516943,139.933101,6,-0.238,-0.057,9.554,6.301
1425109233481,37.516947,139.933101,6,-0.171,0.063,9.446,6.277
1425109233582,37.516952,139.933102,6,-0.111,0.03,9.454,6.252
1425109233683,37.516956,139.933102,6,-0.113,-0.109,9.576,6.226
1425109233784,37.51696,139.933102,6,-0.1,-0.121,9.743,6.201
1425109233884,37.516964,139.933101,6,-0.085,0.05,9.513,6.175
1425109233980,37.516968,139.933101,6,-0.031,0.099,9.414,6.151
1425109234081,37.516972,139.933101,6,-0.093,-0.01,9.551,6.126
1425109234181,37.516976,139.933101,6,-0.125,-0.044,9.686,6.101
1425109234282,37.51698,139.933101,6,-0.099,0.058,9.5,6.076
1425109234383,37.516984,139.9331,6,-0.07,0.092,9.513,6.051
1425109234483,37.516988,139.9331,6,-0.08,0.038,9.521,6.026
1425109234584,37.516992,139.9331,6,-0.074,0.023,9.42,6.001
1425109234680,37.516996,139.933101,6,-0.067,0.068,9.358,5.953
1425109234781,37.517001,139.933101,6,-0.02,0.046,9.448,5.901
1425109234881,37.517005,139.933102,6,-0.052,-0.073,9.42,5.85
1425109234982,37.517009,139.933102,6,-0.094,-0.156,9.44,5.799
1425109235083,37.517014,139.933103,6,-0.236,-0.289,9.766,5.748
1425109235183,37.517018,139.933104,6,-0.155,-0.276,9.562,5.698
1425109235284,37.517022,139.933104,6,-0.161,-0.305,9.379,5.648
1425109235380,37.517026,139.933105,6,-0.07,-0.419,9.397,5.601
1425109235480,37.51703,139.933105,6,0.006,-0.452,9.547,5.553
1425109235581,37.517035,139.933106,6,0.017,-0.373,9.427,5.504
1425109235682,37.51704,139.933107,6,0.055,-0.334,9.353,5.477
1425109235782,37.517046,139.933109,6,0.042,-0.371,9.53,5.451
1425109235883,37.517051,139.93311,6,-0.051,-0.396,9.676,5.426
1425109235984,37.517057,139.933111,6,-0.123,-0.393,9.494,5.4
1425109236080,37.517062,139.933112,6,-0.171,-0.396,9.382,5.376
1425109236180,37.517067,139.933114,6,-0.131,-0.516,9.589,5.351
1425109236281,37.517073,139.933115,6,-0.041,-0.629,9.67,5.326
1425109236382,37.517078,139.933116,6,-0.089,-0.566,9.427,5.301
1425109236482,37.517083,139.933118,6,-0.124,-0.495,9.444,5.276
1425109236583,37.517089,139.933119,6,-0.085,-0.422,9.388,5.252
1425109236684,37.517092,139.93312,6,-0.085,-0.404,9.301,5.118
1425109236780,37.517096,139.93312,6,-0.092,-0.528,9.672,4.987
1425109236880,37.517099,139.933121,6,-0.126,-0.608,9.707,4.853
1425109236981,37.517103,139.933122,6,-0.157,-0.497,9.438,4.721
1425109237082,37.517106,139.933122,6,-0.107,-0.489,9.526,4.593
1425109237182,37.517109,139.933123,6,-0.092,-0.535,9.62,4.469
1425109237283,37.517112,139.933123,6,-0.085,-0.575,9.507,4.348
1425109237384,37.517115,139.933124,6,-0.056,-0.595,9.464,4.23
1425109237480,37.517118,139.933124,6,0.036,-0.59,9.421,4.121
1425109237580,37.517121,139.933125,6,0.045,-0.609,9.501,4.011
1425109237681,37.517123,139.933124,5,0.015,-0.625,9.487,3.897
1425109237782,37.517125,139.933124,5,-0.044,-0.564,9.546,3.786
1425109237882,37.517128,139.933123,5,-0.102,-0.488,9.608,3.678
1425109237983,37.51713,139.933123,5,-0.083,-0.521,9.412,3.573
1425109238084,37.517132,139.933122,5,-0.085,-0.628,9.494,3.47
1425109238184,37.517134,139.933122,5,-0.079,-0.689,9.61,3.372
1425109238280,37.517136,139.933121,5,-0.006,-0.629,9.515,3.279
1425109238381,37.517138,139.933121,5,0.026,-0.654,9.478,3.185
1425109238482,37.51714,139.93312,5,-0.016,-0.7,9.515,3.094
1425109238582,37.517142,139.93312,5,-0.054,-0.67,9.529,3.007
1425109238683,37.517144,139.93312,4,-0.027,-0.636,9.493,2.921
1425109238784,37.517146,139.93312,4,0.041,-0.704,9.57,2.838
1425109238884,37.517148,139.93312,4,0.133,-0.731,9.53,2.757
1425109238980,37.517149,139.93312,4,0.165,-0.654,9.422,2.682
1425109239081,37.517151,139.93312,4,0.066,-0.536,9.503,2.605
1425109239181,37.517153,139.93312,4,-0.031,-0.501,9.57,2.531
1425109239282,37.517154,139.93312,4,0.014,-0.468,9.486,2.458
1425109239383,37.517156,139.93312,4,0.078,-0.422,9.46,2.388
1425109239484,37.517157,139.93312,4,0.073,-0.374,9.515,2.319
1425109239584,37.517159,139.93312,4,0.035,-0.347,9.488,2.254
1425109239680,37.51716,139.93312,5,0.056,-0.298,9.438,2.17
1425109239781,37.517161,139.933119,5,0.146,-0.241,9.452,2.084
1425109239881,37.517162,139.933119,5,0.24,-0.199,9.482,2.001
1425109239982,37.517163,139.933119,5,0.272,-0.166,9.515,1.92
1425109240083,37.517164,139.933118,5,0.28,-0.139,9.507,1.843
1425109240184,37.517165,139.933118,5,0.248,-0.145,9.521,1.768
1425109240284,37.517166,139.933118,5,0.174,-0.128,9.527,1.698
1425109240380,37.517167,139.933118,5,0.129,-0.097,9.513,1.633
1425109240481,37.517168,139.933117,5,0.138,-0.072,9.467,1.567
1425109240581,37.517169,139.933117,5,0.181,-0.074,9.481,1.505
1425109240682,37.517169,139.933117,5,0.191,-0.096,9.51,1.41
1425109240783,37.517169,139.933118,5,0.186,-0.139,9.491,1.316
1425109240883,37.51717,139.933118,5,0.185,-0.169,9.476,1.228
1425109240984,37.51717,139.933118,5,0.172,-0.191,9.499,1.145
1425109241080,37.51717,139.933119,5,0.161,-0.204,9.514,1.07
1425109241180,37.51717,139.933119,5,0.155,-0.21,9.511,0.997
1425109241281,37.517171,139.933119,5,0.156,-0.212,9.508,0.928
1425109241382,37.517171,139.93312,5,0.164,-0.215,9.5,0.865
1425109241483,37.517171,139.93312,5,0.171,-0.205,9.487,0.806
1425109241583,37.517171,139.93312,5,0.174,-0.149,9.491,0.754
1425109241684,37.517171,139.93312,5,0.191,-0.096,9.494,0.682
1425109241780,37.517171,139.93312,5,0.209,-0.061,9.484,0.617
1425109241880,37.517171,139.93312,5,0.214,-0.045,9.486,0.554
1425109241981,37.517172,139.933119,5,0.214,-0.042,9.491,0.495
1425109242082,37.517172,139.933119,5,0.223,-0.025,9.493,0.442
1425109242183,37.517172,139.933119,5,0.233,-0.022,9.49,0.393
1425109242283,37.517172,139.933119,5,0.243,-0.017,9.494,0.35
1425109242384,37.517172,139.933119,5,0.233,-0.006,9.487,0.312
1425109242480,37.517172,139.933119,5,0.236,-0.009,9.479,0.281
1425109242580,37.517172,139.933119,5,0.257,0.011,9.489,0.253
1425109242681,37.517171,139.93312,4,0.262,0.044,9.486,0.207
1425109242782,37.51717,139.93312,4,0.257,0.085,9.482,0.163
1425109242883,37.517169,139.933121,4,0.268,0.139,9.499,0.125
1425109242983,37.517168,139.933122,4,0.296,0.238,9.519,0.092
1425109243084,37.517168,139.933122,4,0.331,0.341,9.495,0.064
1425109243180,37.517167,139.933122,4,0.352,0.393,9.456,0.042
1425109243280,37.517167,139.933123,4,0.376,0.423,9.476,0.024
1425109243381,37.517166,139.933123,4,0.397,0.45,9.493,0.011
1425109243482,37.517166,139.933123,4,0.41,0.459,9.476,0.003
1425109293574,37.517433,139.933113,8,0.343,0.332,9.469,4.754
1425109298574,37.517667,139.933092,6,0.34,0.331,9.469,5.258
1425109298584,37.517668,139.933092,6,0.313,0.347,9.463,5.253
1425109298680,37.517672,139.933091,6,-0.312,0.478,9.425,5.25
1425109298780,37.517676,139.933089,6,-0.965,0.647,9.437,5.25
1425109298881,37.51768,139.933088,6,-1.265,0.63,9.891,5.25
1425109298982,37.517684,139.933086,6,-1.676,0.765,10.017,5.25
1425109299083,37.517689,139.933085,6,-1.662,0.959,9.066,5.25
1425109299183,37.517693,139.933083,6,-1.772,0.95,8.677,5.25
1425109299284,37.517697,139.933082,6,-1.748,0.384,10.177,5.25
1425109299380,37.517701,139.93308,6,-1.715,0.383,10.132,5.25
1425109299480,37.517705,139.933079,6,-1.422,0.632,9.122,5.25
1425109299581,37.51771,139.933077,6,-1.289,0.697,8.716,5.25
1425109299682,37.517715,139.933075,6,-1.504,0.621,9.415,5.315
1425109299782,37.517721,139.933074,6,-1.774,0.584,9.819,5.386
1425109299883,37.517726,139.933072,6,-1.954,0.419,10.149,5.459
1425109299984,37.517732,139.93307,6,-2.048,0.602,9.619,5.534
1425109300080,37.517738,139.933068,6,-1.744,0.712,9.215,5.605
1425109300180,37.517744,139.933066,6,-1.314,0.867,8.942,5.68
1425109300281,37.51775,139.933064,6,-1.201,0.813,9.503,5.758
1425109300382,37.517756,139.933062,6,-1.286,0.99,9.553,5.836
1425109300482,37.517762,139.93306,6,-1.435,0.949,9.621,5.914
1425109311575,37.517902,139.931987,6,-1.465,1.316,9.117,11.25
1425109311580,37.517902,139.931986,6,-1.457,1.318,9.111,11.25
1425109311681,37.517903,139.931974,5,-1.123,0.738,9.19,11.204
1425109311782,37.517903,139.931961,5,-0.823,0.278,9.417,11.152
1425109311883,37.517904,139.931949,5,-0.756,-0.009,9.562,11.101
1425109311983,37.517905,139.931937,5,-0.686,-0.158,9.364,11.051
1425109312084,37.517905,139.931925,5,-0.688,-0.314,9.249,11.0
1425109312180,37.517906,139.931913,5,-0.647,-0.478,9.487,10.952
1425109312280,37.517907,139.931901,5,-0.673,-0.631,9.458,10.903
1425109312381,37.517908,139.931889,5,-0.68,-0.776,9.515,10.853
1425109312482,37.517908,139.931877,5,-0.653,-0.816,9.387,10.803
1425109312582,37.517909,139.931865,5,-0.631,-0.908,9.391,10.754
1425109312683,37.51791,139.931853,6,-0.696,-1.101,9.408,10.727
1425109312784,37.517911,139.931841,6,-0.799,-1.33,9.431,10.701
1425109312880,37.517912,139.93183,6,-0.805,-1.509,9.52,10.677
1425109312980,37.517913,139.931818,6,-0.808,-1.642,9.566,10.652
1425109313081,37.517914,139.931807,6,-0.835,-1.683,9.519,10.627
1425109313182,37.517915,139.931795,6,-0.779,-1.727,9.47,10.601
1425109313282,37.517916,139.931783,6,-0.715,-1.766,9.407,10.576
1425109313383,37.517917,139.931772,6,-0.63,-1.8,9.531,10.551
1425109313484,37.517918,139.93176,6,-0.588,-1.881,9.509,10.526
1425109313580,37.517919,139.931749,6,-0.588,-1.963,9.54,10.502
1425109313680,37.517919,139.931739,6,-0.468,-2.073,9.528,10.189
1425109313781,37.517919,139.93173,6,-0.31,-2.183,9.422,9.85
1425109313882,37.517919,139.931721,6,-0.166,-2.3,9.484,9.521
1425109313982,37.517919,139.931712,6,0.085,-2.481,9.659,9.205
1425109314083,37.517918,139.931703,6,0.285,-2.544,9.764,8.896
1425109314184,37.517918,139.931695,6,0.462,-2.477,9.179,8.597
1425109314284,37.517918,139.931687,6,0.581,-2.597,9.358,8.312
1425109314380,37.517918,139.931679,6,0.721,-2.714,9.676,8.047
1425109314481,37.517918,139.931672,6,0.818,-2.816,9.619,7.778
1425109314582,37.517918,139.931665,6,0.986,-2.589,9.428,7.52
1425109314682,37.517919,139.931659,6,0.889,-2.289,9.462,7.29
1425109314783,37.517921,139.931654,6,0.964,-2.064,9.388,7.066
1425109314884,37.517922,139.931648,6,1.055,-1.751,9.322,6.848
1425109314984,37.517923,139.931643,6,1.13,-1.522,9.398,6.639
1425109315080,37.517924,139.931639,6,1.226,-1.451,9.567,6.443
1425109315181,37.517926,139.931634,6,1.345,-1.298,9.583,6.244
1425109315281,37.517927,139.931629,6,1.456,-1.215,9.279,6.052
1425109315382,37.517928,139.931625,6,1.641,-1.194,9.299,5.865
1425109315483,37.517929,139.93162,6,1.7,-1.268,9.463,5.685
1425109315584,37.51793,139.931616,6,1.68,-1.33,9.595,5.51
1425109315684,37.517933,139.931612,6,1.663,-1.202,9.441,5.425
1425109315780,37.517935,139.931609,6,1.624,-1.039,9.173,5.349
1425109315881,37.517938,139.931605,6,1.611,-1.04,9.169,5.27
1425109315981,37.517941,139.931601,6,1.679,-1.228,9.502,5.194
1425109316082,37.517943,139.931597,6,1.766,-1.365,9.74,5.117
1425109316183,37.517946,139.931593,6,1.693,-1.236,9.457,5.042
1425109316284,37.517948,139.93159,6,1.59,-1.081,9.141,4.968
1425109316384,37.517951,139.931586,6,1.6,-1.211,9.228,4.896
1425109316480,37.517953,139.931583,6,1.715,-1.362,9.604,4.827
1425109316581,37.517956,139.931579,6,1.629,-1.445,10.061,4.756
1425109316681,37.51796,139.931576,6,1.728,-1.328,9.624,4.772
1425109316782,37.517964,139.931573,6,1.808,-1.175,9.002,4.797
1425109316883,37.517968,139.93157,6,1.945,-1.386,9.336,4.822
1425109316983,37.517972,139.931566,6,1.875,-1.449,9.622,4.847
1425109317084,37.517976,139.931563,6,1.72,-1.263,9.54,4.872
1425109317180,37.51798,139.93156,6,1.711,-1.15,9.161,4.896
1425109317286,37.517984,139.931556,6,1.989,-1.424,9.692,4.923
1425109317381,37.517988,139.931553,6,1.869,-1.26,9.431,4.947
1425109317480,37.517992,139.93155,6,1.814,-1.175,9.261,4.972
1425109317583,37.517997,139.931546,6,1.943,-1.135,8.928,4.998
1425109317682,37.518,139.931545,6,1.639,-1.061,9.125,4.952
1425109317784,37.518003,139.931544,6,1.303,-1.086,9.719,4.899
1425109317880,37.518007,139.931542,6,1.073,-0.792,9.757,4.85
1425109317980,37.51801,139.931541,6,1.107,-0.731,9.437,4.799
1425109318081,37.518013,139.93154,6,1.176,-0.996,9.317,4.748
1425109318182,37.518016,139.931539,6,1.304,-1.289,9.706,4.698
1425109318283,37.51802,139.931538,6,1.521,-1.249,9.525,4.648
1425109318383,37.518023,139.931536,6,1.738,-1.081,9.198,4.599
1425109318487,37.518026,139.931535,6,1.658,-1.006,9.397,4.549
1425109318580,37.518029,139.931534,6,1.499,-1.008,9.615,4.505
1425109318680,37.518034,139.931535,6,1.373,-0.962,9.429,4.543
1425109318781,37.518039,139.931537,6,1.329,-0.836,9.355,4.591
1425109318882,37.518044,139.931538,6,1.305,-0.817,9.599,4.641
1425109318983,37.51805,139.93154,6,1.312,-0.889,9.563,4.69
1425109319083,37.518055,139.931541,6,1.355,-0.918,9.322,4.74
1425109319184,37.51806,139.931543,6,1.296,-0.874,9.269,4.791
1425109319280,37.518066,139.931544,6,1.215,-0.863,9.446,4.839
1425109319380,37.518071,139.931546,6,1.121,-0.806,9.469,4.891
1425109319481,37.518077,139.931547,6,1.084,-0.736,9.399,4.943
1425109319582,37.518083,139.931549,6,1.035,-0.667,9.404,4.996
1425109319682,37.518087,139.931551,6,0.879,-0.607,9.464,5.022
1425109319783,37.518092,139.931552,6,0.686,-0.492,9.36,5.047
1425109319884,37.518096,139.931554,6,0.518,-0.403,9.404,5.072
1425109319980,37.518101,139.931556,6,0.43,-0.346,9.499,5.096
1425109320080,37.518105,139.931557,6,0.307,-0.248,9.469,5.121
1425109320181,37.51811,139.931559,6,0.245,-0.174,9.349,5.146
1425109320282,37.518115,139.931561,6,0.189,-0.206,9.402,5.172
1425109320382,37.518119,139.931562,6,0.119,-0.208,9.547,5.197
1425109320483,37.518124,139.931564,6,0.104,-0.154,9.464,5.223
1425109320584,37.518129,139.931566,6,0.067,-0.159,9.425,5.248
1425109320684,37.518132,139.931567,5,0.014,-0.189,9.553,5.25
1425109320780,37.518135,139.931569,5,-0.032,-0.195,9.483,5.25
1425109320881,37.518138,139.93157,5,-0.046,-0.189,9.397,5.25
1425109320982,37.518142,139.931572,5,-0.043,-0.137,9.46,5.25
1425109321082,37.518145,139.931573,5,-0.081,-0.093,9.467,5.25
1425109321183,37.518148,139.931575,5,-0.151,-0.052,9.508,5.25
1425109321284,37.518151,139.931576,5,-0.184,-0.007,9.489,5.25
1425109321384,37.518154,139.931578,5,-0.191,0.042,9.446,5.25
1425109321480,37.518157,139.931579,5,-0.19,0.019,9.427,5.25
1425109321581,37.518161,139.931581,5,-0.238,0.037,9.406,5.25
1425109321682,37.518166,139.931583,5,-0.242,0.027,9.424,5.294
1425109321782,37.518172,139.931585,5,-0.164,-0.048,9.572,5.342
1425109321883,37.518177,139.931588,5,-0.164,-0.062,9.477,5.392
1425109321984,37.518183,139.93159,5,-0.186,-0.035,9.427,5.442
1425109322084,37.518189,139.931593,5,-0.192,-0.094,9.386,5.491
1425109322180,37.518194,139.931595,5,-0.131,-0.07,9.311,5.54
1425109322281,37.5182,139.931597,5,-0.094,-0.1,9.444,5.591
1425109322381,37.518206,139.9316,5,-0.046,-0.085,9.515,5.642
1425109322482,37.518212,139.931602,5,-0.022,-0.125,9.437,5.694
1425109322583,37.518218,139.931605,5,-0.001,-0.154,9.438,5.746
1425109322683,37.518223,139.931606,5,-0.038,-0.118,9.446,5.773
1425109322784,37.518228,139.931607,5,-0.107,-0.15,9.424,5.798
1425109322880,37.518232,139.931607,5,-0.057,-0.131,9.482,5.821
1425109322981,37.518237,139.931608,5,-0.053,-0.134,9.604,5.846
1425109323081,37.518242,139.931609,5,-0.014,-0.302,9.809,5.871
1425109323182,37.518247,139.93161,5,0.014,-0.193,9.403,5.897
1425109323283,37.518252,139.931611,5,0.031,-0.113,9.322,5.922
1425109323383,37.518257,139.931611,5,-0.025,-0.183,9.596,5.947
1425109323484,37.518263,139.931612,5,-0.143,-0.194,9.682,5.973
1425109323580,37.518267,139.931613,5,-0.133,-0.109,9.482,5.997
1425109323681,37.518273,139.931614,5,0.026,-0.039,9.409,6.022
1425109323781,37.518278,139.931614,5,0.048,-0.261,9.47,6.047
1425109323882,37.518284,139.931615,5,0.024,-0.329,9.577,6.072
1425109323983,37.518289,139.931616,5,-0.064,-0.169,9.448,6.097
1425109324083,37.518294,139.931616,5,-0.254,0.02,9.321,6.122
1425109324184,37.5183,139.931617,5,-0.412,-0.004,9.351,6.147
1425109324280,37.518305,139.931618,5,-0.396,-0.068,9.46,6.171
1425109324380,37.51831,139.931619,5,-0.273,-0.021,9.395,6.197
1425109324481,37.518316,139.931619,5,-0.198,-0.075,9.469,6.222
1425109324582,37.518322,139.93162,5,-0.251,-0.223,9.556,6.248
1425109324683,37.518326,139.93162,6,-0.347,-0.279,9.667,6.273
1425109324783,37.518331,139.93162,6,-0.414,-0.137,9.444,6.297
1425109324884,37.518336,139.93162,6,-0.409,-0.017,9.288,6.322
1425109324980,37.51834,139.93162,6,-0.377,-0.111,9.404,6.346
1425109325080,37.518345,139.93162,6,-0.321,-0.117,9.566,6.371
1425109325181,37.51835,139.931621,6,-0.221,-0.03,9.577,6.397
1425109325282,37.518354,139.931621,6,-0.252,-0.108,9.576,6.422
1425109325382,37.518359,139.931621,6,-0.285,-0.168,9.442,6.447
1425109325483,37.518364,139.931621,6,-0.324,-0.131,9.435,6.473
1425109325584,37.518369,139.931621,6,-0.345,-0.094,9.423,6.498
1425109325680,37.518374,139.931622,6,-0.296,-0.137,9.48,6.543
1425109325780,37.51838,139.931622,6,-0.25,-0.176,9.612,6.592
1425109325881,37.518387,139.931623,6,-0.331,-0.181,9.595,6.642
1425109325982,37.518393,139.931623,6,-0.391,-0.151,9.495,6.692
1425109326082,37.518399,139.931624,6,-0.33,-0.099,9.416,6.741
1425109326183,37.518405,139.931624,6,-0.3,-0.117,9.472,6.792
1425109326284,37.518412,139.931625,6,-0.296,-0.105,9.486,6.843
1425109326385,37.518418,139.931626,6,-0.308,-0.113,9.575,6.894
1425109326480,37.518424,139.931626,6,-0.33,-0.111,9.499,6.943
1425109326581,37.51843,139.931627,6,-0.35,-0.11,9.406,6.995
1425109326682,37.518438,139.931629,6,-0.32,-0.115,9.449,7.0
1425109326782,37.518445,139.93163,6,-0.323,-0.094,9.339,7.0
1425109326883,37.518452,139.931632,6,-0.403,-0.085,9.473,7.0
1425109326984,37.51846,139.931634,6,-0.581,-0.072,9.557,7.0
1425109327084,37.518467,139.931635,6,-0.612,-0.033,9.457,7.0
1425109327180,37.518474,139.931637,6,-0.589,-0.036,9.417,7.0
1425109327281,37.518481,139.931639,6,-0.612,-0.106,9.581,7.0
1425109327382,37.518489,139.93164,6,-0.608,-0.081,9.57,7.0
1425109327482,37.518496,139.931642,6,-0.54,-0.045,9.473,7.0
1425109327583,37.518503,139.931644,6,-0.556,-0.069,9.532,7.0
1425109327684,37.51851,139.931643,6,-0.504,-0.114,9.497,7.046
1425109327784,37.518516,139.931642,6,-0.44,-0.044,9.504,7.094
1425109327880,37.518522,139.931642,6,-0.504,-0.035,9.503,7.141
1425109327981,37.518529,139.931641,6,-0.462,-0.048,9.374,7.191
1425109328082,37.518535,139.93164,6,-0.506,-0.078,9.512,7.242
1425109328182,37.518542,139.931639,6,-0.557,-0.109,9.598,7.292
1425109328283,37.518549,139.931639,6,-0.505,-0.148,9.604,7.343
1425109328384,37.518555,139.931638,6,-0.504,-0.112,9.502,7.394
1425109328484,37.518562,139.931637,6,-0.518,-0.087,9.437,7.445
1425109328580,37.518568,139.931636,6,-0.496,-0.067,9.511,7.495
1425109328681,37.518575,139.931635,4,-0.584,-0.011,9.548,7.522
1425109328781,37.518582,139.931633,4,-0.614,0.011,9.549,7.547
1425109328882,37.518589,139.931632,4,-0.601,-0.045,9.578,7.572
1425109328983,37.518595,139.93163,4,-0.528,-0.075,9.478,7.597
1425109329084,37.518602,139.931629,4,-0.443,-0.075,9.383,7.622
1425109329184,37.518609,139.931627,4,-0.419,-0.128,9.486,7.648
1425109329280,37.518616,139.931626,4,-0.367,-0.164,9.573,7.672
1425109329381,37.518623,139.931624,4,-0.304,-0.142,9.423,7.697
1425109329481,37.518629,139.931623,4,-0.25,-0.142,9.364,7.722
1425109329582,37.518636,139.931621,4,-0.372,-0.156,9.5,7.748
1425109329683,37.518644,139.931619,5,-0.3,-0.207,9.662,7.75
1425109329783,37.518652,139.931617,5,-0.274,-0.139,9.449,7.75
1425109329884,37.518661,139.931615,5,-0.291,-0.126,9.327,7.75
1425109329980,37.518668,139.931614,5,-0.317,-0.098,9.16,7.75
1425109330080,37.518676,139.931612,5,-0.316,-0.177,9.388,7.75
1425109330181,37.518684,139.93161,5,-0.249,-0.198,9.656,7.75
1425109330282,37.518692,139.931608,5,-0.178,-0.276,9.515,7.75
1425109330383,37.5187,139.931606,5,-0.165,-0.306,9.354,7.75
1425109330483,37.518708,139.931604,5,-0.218,-0.254,9.333,7.75
1425109330584,37.518717,139.931602,5,-0.136,-0.226,9.517,7.75
1425109330680,37.518723,139.9316,5,-0.027,-0.276,9.611,7.772
1425109330780,37.51873,139.931598,5,0.031,-0.249,9.419,7.797
1425109330881,37.518737,139.931596,5,0.007,-0.262,9.368,7.822
1425109330982,37.518744,139.931594,5,0.021,-0.31,9.485,7.847
1425109331083,37.518751,139.931592,5,0.059,-0.281,9.516,7.872
1425109331183,37.518758,139.93159,5,-0.041,-0.245,9.504,7.897
1425109331284,37.518765,139.931588,5,-0.119,-0.287,9.503,7.923
1425109331385,37.518772,139.931585,5,-0.132,-0.232,9.431,7.948
1425109331480,37.518779,139.931583,5,-0.143,-0.157,9.372,7.972
1425109331586,37.518787,139.931581,5,-0.089,-0.228,9.42,7.999
1425109331682,37.518794,139.93158,4,-0.112,-0.265,9.539,8.023
1425109331781,37.518801,139.931578,4,-0.159,-0.325,9.73,8.047
1425109331883,37.518809,139.931577,4,-0.116,-0.398,9.733,8.072
1425109331982,37.518816,139.931575,4,-0.094,-0.233,9.347,8.097
1425109332080,37.518823,139.931574,4,-0.051,-0.265,9.411,8.122
1425109332180,37.518831,139.931572,4,0.079,-0.254,9.448,8.147
1425109332281,37.518839,139.931571,4,0.053,-0.243,9.54,8.172
1425109332382,37.518846,139.931569,4,-0.019,-0.281,9.567,8.197
1425109332482,37.518854,139.931568,4,-0.011,-0.344,9.416,8.223
1425109332583,37.518861,139.931566,4,0.052,-0.275,9.399,8.248
1425109332684,37.518869,139.931564,4,-0.019,-0.311,9.488,8.25
1425109332784,37.518876,139.931562,4,-0.074,-0.292,9.52,8.25
1425109332880,37.518883,139.93156,4,-0.226,-0.209,9.477,8.25
1425109332981,37.518891,139.931557,4,-0.247,-0.218,9.43,8.25
1425109333082,37.518898,139.931555,4,-0.178,-0.241,9.486,8.25
1425109333182,37.518906,139.931553,4,-0.195,-0.257,9.603,8.25
1425109333283,37.518913,139.931551,4,-0.169,-0.245,9.474,8.25
1425109333384,37.518921,139.931549,4,-0.169,-0.207,9.32,8.25
1425109333484,37.518928,139.931546,4,-0.176,-0.28,9.541,8.25
1425109333580,37.518935,139.931544,4,-0.142,-0.31,9.654,8.25
1425109333681,37.518942,139.931542,4,-0.09,-0.317,9.462,8.272
1425109333782,37.518948,139.93154,4,-0.138,-0.314,9.572,8.297
1425109333882,37.518954,139.931538,4,-0.196,-0.281,9.486,8.322
1425109333983,37.518961,139.931536,4,-0.23,-0.198,9.49,8.347
1425109334084,37.518967,139.931534,4,-0.216,-0.15,9.446,8.373
1425109334184,37.518973,139.931532,4,-0.213,-0.24,9.508,8.398
1425109334280,37.518979,139.93153,4,-0.254,-0.189,9.52,8.422
1425109334381,37.518986,139.931527,4,-0.215,-0.25,9.524,8.447
1425109334481,37.518992,139.931525,4,-0.217,-0.248,9.468,8.472
1425109334582,37.518998,139.931523,4,-0.235,-0.192,9.364,8.498
1425109334683,37.519006,139.93152,4,-0.204,-0.222,9.507,8.523
1425109334784,37.519014,139.931516,4,-0.297,-0.219,9.574,8.548
1425109334884,37.519021,139.931513,4,-0.247,-0.239,9.584,8.573
1425109334980,37.519029,139.931509,4,-0.224,-0.266,9.491,8.597
1425109335081,37.519037,139.931506,4,-0.22,-0.177,9.416,8.622
1425109335181,37.519044,139.931502,4,-0.257,-0.161,9.574,8.647
1425109335282,37.519052,139.931499,4,-0.272,-0.252,9.656,8.672
1425109335383,37.51906,139.931495,4,-0.25,-0.172,9.315,8.698
1425109335483,37.519068,139.931492,4,-0.135,-0.223,9.411,8.723
1425109335584,37.519076,139.931488,4,-0.26,-0.205,9.323,8.748
1425109335680,37.519083,139.931485,4,-0.172,-0.257,9.486,8.75
1425109335781,37.519091,139.931482,4,-0.116,-0.227,9.298,8.75
1425109335881,37.519099,139.93148,4,-0.133,-0.368,9.47,8.75
1425109335982,37.519107,139.931477,4,-0.22,-0.415,9.973,8.75
1425109336083,37.519115,139.931474,4,-0.254,-0.374,9.578,8.75
1425109336183,37.519123,139.931471,4,-0.123,-0.341,9.421,8.75
1425109336284,37.519131,139.931468,4,-0.151,-0.437,9.158,8.75
1425109336380,37.519138,139.931465,4,-0.035,-0.119,9.702,8.75
1425109336481,37.519146,139.931462,4,-0.32,-0.178,9.6,8.75
1425109336581,37.519154,139.931459,4,-0.508,-0.296,9.588,8.75
1425109336682,37.519161,139.931456,5,-0.479,-0.309,9.826,8.75
1425109336783,37.519168,139.931453,5,-0.353,-0.232,9.636,8.75
1425109336883,37.519175,139.93145,5,-0.359,-0.184,9.57,8.75
1425109336984,37.519181,139.931446,5,-0.364,-0.177,9.725,8.75
1425109337080,37.519188,139.931443,5,-0.272,-0.166,9.635,8.75
1425109337180,37.519195,139.93144,5,-0.169,-0.177,9.455,8.75
1425109337281,37.519201,139.931437,5,-0.144,-0.249,9.531,8.75
1425109337382,37.519208,139.931434,5,-0.138,-0.258,9.651,8.75
1425109337483,37.519215,139.93143,5,-0.21,-0.309,9.744,8.75
1425109337583,37.519222,139.931427,5,-0.237,-0.264,9.617,8.75
1425109337684,37.51923,139.931424,6,-0.163,-0.261,9.61,8.75
1425109337780,37.519238,139.931422,6,-0.201,-0.252,9.677,8.75
1425109337880,37.519246,139.931419,6,-0.177,-0.263,9.802,8.75
1425109337981,37.519254,139.931416,6,-0.236,-0.216,9.725,8.75
1425109338082,37.519263,139.931413,6,-0.203,-0.201,9.533,8.75
1425109338182,37.519271,139.93141,6,-0.072,-0.188,9.467,8.75
1425109338283,37.51928,139.931408,6,-0.035,-0.232,9.596,8.75
1425109338384,37.519288,139.931405,6,-0.044,-0.237,9.626,8.75
1425109338480,37.519296,139.931402,6,-0.02,-0.272,9.55,8.75
1425109338580,37.519304,139.931399,6,-0.081,-0.289,9.51,8.75
1425109338681,37.519311,139.931396,6,-0.05,-0.31,9.61,8.727
1425109338782,37.519318,139.931393,6,0.0,-0.28,9.545,8.701
1425109338882,37.519325,139.931389,6,-0.012,-0.306,9.562,8.676
1425109338983,37.519332,139.931386,6,-0.031,-0.374,9.663,8.651
1425109339084,37.519339,139.931383,6,-0.075,-0.212,9.579,8.626
1425109339185,37.519346,139.931379,6,0.038,-0.183,9.348,8.6
1425109339280,37.519353,139.931376,6,0.177,-0.395,9.75,8.577
1425109339381,37.51936,139.931373,6,0.163,-0.382,9.758,8.552
1425109339482,37.519367,139.93137,6,0.157,-0.308,9.427,8.527
1425109339582,37.519373,139.931366,6,0.09,-0.312,9.55,8.502
1425109339683,37.519379,139.931365,7,0.037,-0.244,9.626,8.476
1425109339784,37.519385,139.931364,7,0.147,-0.161,9.468,8.451
1425109339884,37.519391,139.931362,7,0.215,-0.272,9.357,8.426
1425109339980,37.519396,139.931361,7,0.252,-0.373,9.518,8.402
1425109340081,37.519402,139.93136,7,0.326,-0.419,9.575,8.376
1425109340182,37.519407,139.931359,7,0.347,-0.396,9.409,8.351
1425109340282,37.519413,139.931358,7,0.222,-0.386,9.373,8.326
1425109340383,37.519419,139.931356,7,0.099,-0.509,9.86,8.301
1425109340484,37.519424,139.931355,7,0.104,-0.472,9.936,8.276
1425109340580,37.519429,139.931354,7,0.127,-0.234,9.329,8.252
1425109340680,37.519438,139.93135,7,0.109,-0.337,9.382,8.227
1425109340781,37.519446,139.931345,7,0.041,-0.406,9.92,8.202
1425109340881,37.519454,139.93134,7,-0.073,-0.204,9.983,8.176
1425109340982,37.519463,139.931336,7,-0.225,-0.121,9.632,8.151
1425109341083,37.519471,139.931331,7,-0.257,-0.176,9.539,8.126
1425109341184,37.51948,139.931327,7,-0.233,-0.136,9.718,8.101
1425109341284,37.519488,139.931322,7,-0.12,-0.12,9.684,8.076
1425109341380,37.519496,139.931318,7,-0.073,-0.123,9.495,8.052
1425109341481,37.519504,139.931313,7,-0.044,-0.141,9.372,8.027
1425109341581,37.519512,139.931308,7,0.056,-0.15,9.321,8.002
1425109341682,37.51952,139.931306,7,0.109,-0.135,9.25,7.953
1425109341783,37.519527,139.931303,7,0.082,-0.186,9.345,7.901
1425109341883,37.519534,139.931301,7,-0.005,-0.311,9.681,7.85
1425109341984,37.519541,139.931298,7,-0.231,-0.325,9.82,7.799
1425109342080,37.519547,139.931296,7,-0.193,-0.205,9.386,7.751
1425109342181,37.519554,139.931294,7,-0.061,-0.151,9.17,7.701
1425109342281,37.519561,139.931291,7,0.091,-0.24,9.389,7.651
1425109342382,37.519568,139.931289,7,0.237,-0.207,9.428,7.601
1425109342483,37.519575,139.931286,7,0.059,-0.121,9.461,7.552
1425109342583,37.519582,139.931284,7,-0.206,-0.117,9.474,7.503
1425109342684,37.519588,139.931281,5,-0.287,-0.046,9.031,7.452
1425109342780,37.519594,139.931279,5,-0.256,-0.104,9.229,7.402
1425109342881,37.519601,139.931276,5,-0.124,-0.352,9.885,7.351
1425109342981,37.519607,139.931274,5,-0.102,-0.357,9.733,7.3
1425109343082,37.519614,139.931271,5,-0.08,-0.166,9.144,7.25
1425109343183,37.51962,139.931268,5,-0.136,-0.118,9.055,7.199
1425109343283,37.519626,139.931266,5,-0.307,-0.251,9.326,7.15
1425109343384,37.519632,139.931263,5,-0.248,-0.07,9.705,7.1
1425109343480,37.519638,139.931261,5,-0.004,-0.065,9.555,7.053
1425109343580,37.519644,139.931258,5,0.124,-0.272,9.399,7.005
1425109343681,37.51965,139.931256,4,0.195,-0.418,9.391,6.977
1425109343782,37.519656,139.931254,4,0.176,-0.419,9.516,6.951
1425109343883,37.519661,139.931252,4,0.2,-0.31,9.523,6.926
1425109343983,37.519666,139.93125,4,0.204,-0.282,9.406,6.901
1425109344084,37.519672,139.931248,4,0.159,-0.309,9.462,6.875
1425109344180,37.519677,139.931246,4,0.124,-0.43,9.542,6.851
1425109344280,37.519682,139.931244,4,0.13,-0.54,9.503,6.827
1425109344381,37.519688,139.931242,4,0.049,-0.661,9.648,6.801
1425109344482,37.519693,139.93124,4,-0.021,-0.643,9.433,6.777
1425109344582,37.519699,139.931238,4,-0.079,-0.556,9.215,6.752
1425109344683,37.519704,139.931236,4,-0.07,-0.701,9.564,6.702
1425109344784,37.519709,139.931234,4,0.002,-0.793,9.724,6.65
1425109344880,37.519714,139.931232,4,0.018,-0.758,9.533,6.601
1425109344980,37.51972,139.93123,4,0.094,-0.68,9.355,6.55
1425109345081,37.519725,139.931227,4,0.057,-0.788,9.402,6.5
1425109345182,37.51973,139.931225,4,-0.058,-0.875,9.563,6.449
1425109345282,37.519735,139.931223,4,-0.082,-0.758,9.61,6.4
1425109345383,37.519741,139.931221,4,0.018,-0.694,9.541,6.35
1425109345484,37.519746,139.931219,4,0.081,-0.743,9.447,6.301
1425109345585,37.519751,139.931217,4,0.022,-0.791,9.481,6.252
1425109345685,37.519756,139.931215,4,0.001,-0.792,9.571,6.175
1425109345781,37.519761,139.931214,4,0.065,-0.729,9.455,6.099
1425109345880,37.519767,139.931212,4,0.083,-0.731,9.418,6.023
1425109345982,37.519772,139.931211,4,-0.029,-0.789,9.543,5.945
1425109346081,37.519777,139.931209,4,-0.125,-0.831,9.595,5.87
1425109346184,37.519783,139.931208,4,-0.125,-0.858,9.462,5.793
1425109346283,37.519788,139.931206,4,-0.106,-0.944,9.463,5.72
1425109346380,37.519793,139.931205,4,-0.217,-1.004,9.541,5.65
1425109346482,37.519798,139.931204,4,-0.378,-1.083,9.628,5.576
1425109346582,37.519803,139.931202,4,-0.423,-1.146,9.574,5.506
1425109346682,37.519807,139.931203,4,-0.327,-1.147,9.483,5.372
1425109346783,37.519811,139.931204,4,-0.294,-1.179,9.48,5.234
1425109346884,37.519815,139.931205,4,-0.387,-1.15,9.525,5.099
1425109346984,37.519818,139.931205,4,-0.408,-1.193,9.548,4.969
1425109347080,37.519822,139.931206,4,-0.444,-1.14,9.57,4.847
1425109347181,37.519825,139.931207,4,-0.405,-1.126,9.546,4.723
1425109347281,37.519829,139.931208,4,-0.381,-1.152,9.489,4.602
1425109347382,37.519832,139.931208,4,-0.422,-1.194,9.527,4.484
1425109347483,37.519836,139.931209,4,-0.45,-1.266,9.576,4.368
1425109347584,37.519839,139.93121,4,-0.432,-1.288,9.515,4.257
1425109347684,37.519841,139.931211,4,-0.435,-1.276,9.487,4.114
1425109347780,37.519844,139.931211,4,-0.495,-1.247,9.525,3.979
1425109347881,37.519846,139.931212,4,-0.547,-1.193,9.503,3.842
1425109347981,37.519849,139.931212,4,-0.516,-1.092,9.483,3.71
1425109348082,37.519851,139.931213,4,-0.498,-1.059,9.495,3.581
1425109348183,37.519853,139.931213,4,-0.55,-1.065,9.567,3.457
1425109348284,37.519855,139.931214,4,-0.573,-1.017,9.524,3.337
1425109348384,37.519857,139.931214,4,-0.588,-0.966,9.471,3.222
1425109348480,37.519859,139.931215,4,-0.562,-0.946,9.435,3.116
1425109348581,37.519861,139.931215,4,-0.545,-1.009,9.505,3.009
1425109348681,37.519863,139.931216,4,-0.512,-1.001,9.561,2.859
1425109348782,37.519866,139.931217,4,-0.515,-0.95,9.458,2.709
1425109348883,37.519868,139.931218,4,-0.536,-0.935,9.467,2.566
1425109348983,37.519871,139.931219,4,-0.544,-0.932,9.536,2.43
1425109349084,37.519873,139.93122,4,-0.518,-0.881,9.562,2.3
1425109349180,37.519875,139.931221,4,-0.46,-0.756,9.474,2.183
1425109349281,37.519877,139.931222,4,-0.397,-0.555,9.451,2.066
1425109349381,37.519879,139.931223,4,-0.345,-0.377,9.491,1.957
1425109349482,37.51988,139.931223,4,-0.305,-0.231,9.491,1.853
1425109349583,37.519882,139.931224,4,-0.265,-0.125,9.485,1.756
1425109349683,37.519884,139.931224,4,-0.273,-0.021,9.442,1.696
1425109349784,37.519886,139.931224,4,-0.297,0.049,9.471,1.64
1425109349880,37.519888,139.931224,4,-0.294,0.076,9.545,1.588
1425109349980,37.519889,139.931224,4,-0.18,0.206,9.569,1.535
1425109350081,37.519891,139.931225,4,-0.041,0.412,9.451,1.484
1425109350182,37.519893,139.931225,4,0.067,0.557,9.439,1.434
1425109350283,37.519894,139.931225,4,0.121,0.657,9.463,1.386
1425109350383,37.519896,139.931225,4,0.151,0.744,9.456,1.34
1425109350484,37.519897,139.931225,4,0.18,0.834,9.388,1.295
1425109350580,37.519899,139.931225,4,0.19,0.865,9.404,1.254
1425109350680,37.5199,139.931226,4,0.176,0.846,9.515,1.303
1425109350781,37.519902,139.931227,4,0.177,0.823,9.567,1.367
1425109350882,37.519903,139.931228,4,0.158,0.878,9.437,1.433
1425109350982,37.519905,139.931229,4,0.175,0.873,9.441,1.503
1425109351083,37.519907,139.931231,4,0.189,0.834,9.569,1.576
1425109351184,37.519909,139.931232,4,0.188,0.847,9.431,1.654
1425109351280,37.519911,139.931233,4,0.194,0.841,9.386,1.73
1425109351380,37.519913,139.931235,4,0.221,0.753,9.479,1.814
1425109351481,37.519915,139.931236,4,0.294,0.658,9.552,1.901
1425109351582,37.519917,139.931238,4,0.302,0.571,9.568,1.993
1425109351682,37.519918,139.931238,4,0.309,0.44,9.683,2.041
1425109351783,37.51992,139.931239,4,0.333,0.478,9.424,2.088
1425109351884,37.519922,139.931239,4,0.313,0.54,9.348,2.135
1425109351980,37.519924,139.931239,4,0.295,0.464,9.509,2.182
1425109352081,37.519925,139.93124,4,0.24,0.462,9.49,2.232
1425109352181,37.519927,139.93124,4,0.274,0.505,9.363,2.282
1425109352282,37.519929,139.931241,4,0.391,0.443,9.484,2.334
1425109352382,37.519931,139.931241,4,0.48,0.331,9.608,2.387
1425109352483,37.519933,139.931242,4,0.427,0.356,9.539,2.441
1425109352584,37.519935,139.931242,4,0.458,0.339,9.38,2.497
1425109352684,37.519937,139.931242,4,0.521,0.302,9.407,2.543
1425109352780,37.519939,139.931243,4,0.567,0.298,9.438,2.588
1425109352881,37.519942,139.931243,4,0.635,0.321,9.517,2.636
1425109352982,37.519944,139.931244,4,0.652,0.295,9.573,2.685
1425109353082,37.519946,139.931244,4,0.597,0.249,9.416,2.735
1425109353183,37.519949,139.931245,4,0.539,0.225,9.535,2.786
1425109353284,37.519951,139.931245,4,0.525,0.243,9.553,2.837
1425109353384,37.519954,139.931246,4,0.614,0.232,9.423,2.89
1425109353480,37.519956,139.931246,4,0.759,0.173,9.493,2.941
1425109353581,37.519959,139.931247,4,0.529,0.085,9.948,2.995
1425109353681,37.519962,139.931248,4,0.562,0.061,9.844,3.022
1425109353782,37.519965,139.931249,4,0.736,0.153,9.286,3.046
1425109353883,37.519968,139.93125,4,0.76,0.172,9.313,3.071
1425109353984,37.519971,139.931251,4,0.837,0.015,9.664,3.096
1425109354084,37.519974,139.931252,4,0.848,-0.02,9.636,3.121
1425109354180,37.519976,139.931253,4,1.01,0.012,9.395,3.145
1425109354281,37.519979,139.931255,4,1.001,0.158,9.082,3.171
1425109354381,37.519983,139.931256,4,0.821,0.282,9.251,3.196
1425109354482,37.519986,139.931257,4,0.554,0.349,9.619,3.222
1425109354583,37.519989,139.931258,4,0.461,0.249,9.951,3.248
1425109354683,37.519992,139.931259,3,0.369,0.297,9.827,3.272
1425109354784,37.519995,139.931261,3,0.313,0.552,9.306,3.297
1425109354880,37.519997,139.931262,3,0.32,0.526,9.208,3.321
1425109354981,37.52,139.931263,3,0.712,0.013,9.751,3.346
1425109355081,37.520003,139.931265,3,1.098,-0.125,9.844,3.37
1425109355182,37.520006,139.931266,3,1.273,0.192,9.361,3.396
1425109355283,37.52001,139.931268,3,1.349,0.218,8.959,3.421
1425109355383,37.520013,139.931269,3,1.457,0.196,8.627,3.447
1425109355484,37.520016,139.93127,3,1.087,0.159,9.228,3.473
1425109357574,37.520083,139.931307,4,0.899,0.236,9.563,3.746
1425109357584,37.520084,139.931307,4,0.853,0.259,9.574,3.748
1425109357680,37.520087,139.931308,4,0.341,0.325,9.731,3.75
1425109357781,37.52009,139.93131,4,-0.26,0.395,9.572,3.75
1425109357882,37.520093,139.931311,4,-0.576,0.351,9.452,3.75
1425109357982,37.520097,139.931312,4,-0.514,0.343,9.538,3.75
1425109358082,37.5201,139.931314,4,-0.235,0.277,9.683,3.75
1425109358183,37.520103,139.931315,4,0.153,0.068,9.569,3.75
1425109358284,37.520106,139.931317,4,0.424,-0.144,9.414,3.75
1425109358380,37.520109,139.931318,4,0.52,-0.173,9.418,3.75
1425109358480,37.520112,139.931319,4,0.441,-0.133,9.466,3.75
1425109358581,37.520116,139.931321,4,0.342,-0.091,9.494,3.75
1425109358682,37.520119,139.931323,4,0.187,-0.094,9.519,3.75
1425109358782,37.520123,139.931324,4,0.026,-0.02,9.469,3.75
1425109358883,37.520126,139.931326,4,-0.081,0.066,9.472,3.75
1425109358984,37.52013,139.931328,4,-0.126,0.084,9.542,3.75
1425109359084,37.520133,139.931329,4,-0.101,0.07,9.61,3.75
1425109359180,37.520137,139.931331,4,-0.008,0.06,9.628,3.75
1425109359281,37.52014,139.931333,4,0.124,0.134,9.382,3.75
1425109359382,37.520144,139.931334,4,0.234,0.205,9.421,3.75
1425109359482,37.520147,139.931336,4,0.239,0.236,9.504,3.75
1425109359583,37.520151,139.931338,4,0.225,0.283,9.523,3.75
1425109359684,37.520154,139.931339,4,0.279,0.347,9.473,3.75
1425109359784,37.520157,139.931341,4,0.28,0.419,9.421,3.75
1425109359880,37.520161,139.931342,4,0.313,0.481,9.458,3.75
1425109359986,37.520164,139.931343,4,0.294,0.482,9.414,3.75
1425109360081,37.520167,139.931344,4,0.256,0.499,9.492,3.75
1425109360180,37.52017,139.931346,4,0.246,0.461,9.536,3.75
1425109360283,37.520174,139.931347,4,0.221,0.465,9.398,3.75
1425109360382,37.520177,139.931348,4,0.265,0.484,9.323,3.75
1425109360484,37.520181,139.93135,4,0.335,0.502,9.438,3.75
1425109360580,37.520184,139.931351,4,0.337,0.536,9.429,3.75
1425109360681,37.520187,139.931352,4,0.283,0.476,9.415,3.75
1425109360781,37.52019,139.931353,4,0.316,0.48,9.49,3.75
1425109360882,37.520193,139.931354,4,0.305,0.434,9.444,3.75
1425109360983,37.520196,139.931355,4,0.356,0.479,9.402,3.75
1425109361083,37.520199,139.931356,4,0.362,0.471,9.372,3.75
1425109361184,37.520202,139.931358,4,0.23,0.291,9.353,3.75
1425109361280,37.520205,139.931359,4,0.16,0.197,9.596,3.75
1425109361381,37.520208,139.93136,4,0.153,0.117,9.564,3.75
1425109361481,37.520211,139.931361,4,0.217,0.145,9.361,3.75
1425109361582,37.520214,139.931362,4,0.257,0.17,9.34,3.75
1425109361683,37.520217,139.931363,3,0.27,0.151,9.478,3.773
1425109361783,37.520221,139.931364,3,0.277,0.142,9.552,3.797
1425109361884,37.520225,139.931365,3,0.281,0.229,9.415,3.822
1425109361980,37.520229,139.931367,3,0.256,0.203,9.32,3.846
1425109362080,37.520232,139.931368,3,0.258,0.249,9.446,3.87
1425109362181,37.520236,139.931369,3,0.176,0.257,9.503,3.896
1425109362282,37.52024,139.93137,3,0.128,0.332,9.488,3.921
1425109362383,37.520244,139.931371,3,0.092,0.282,9.418,3.947
1425109362483,37.520248,139.931373,3,0.204,0.319,9.408,3.972
1425109362584,37.520252,139.931374,3,0.256,0.303,9.394,3.998
1425109362680,37.520255,139.931375,4,0.241,0.336,9.478,4.0
1425109362780,37.520259,139.931376,4,0.207,0.299,9.54,4.0
1425109362881,37.520262,139.931377,4,0.201,0.383,9.489,4.0
1425109362982,37.520266,139.931378,4,0.195,0.378,9.372,4.0
1425109363083,37.52027,139.931378,4,0.152,0.457,9.376,4.0
1425109363183,37.520273,139.931379,4,0.055,0.452,9.494,4.0
1425109363284,37.520277,139.93138,4,0.085,0.478,9.542,4.0
1425109363380,37.52028,139.931381,4,0.168,0.45,9.383,4.0
1425109363480,37.520284,139.931382,4,0.246,0.446,9.411,4.0
1425109363581,37.520288,139.931383,4,0.228,0.434,9.515,4.0
1425109363682,37.520293,139.931383,5,0.172,0.413,9.618,4.118
1425109363783,37.520299,139.931384,5,0.192,0.434,9.421,4.253
1425109363883,37.520305,139.931385,5,0.184,0.412,9.372,4.39
1425109363984,37.520312,139.931385,5,0.169,0.33,9.739,4.534
1425109364080,37.520318,139.931386,5,0.122,0.326,9.685,4.676
1425109364180,37.520325,139.931386,5,0.175,0.468,9.406,4.828
1425109364281,37.520332,139.931387,5,0.19,0.429,9.441,4.986
1425109364382,37.520339,139.931388,5,0.157,0.425,9.608,5.149
1425109364482,37.520347,139.931388,5,0.056,0.376,9.561,5.315
1425109368576,37.520605,139.931385,4,0.185,0.445,9.656,7.496
1425109368581,37.520605,139.931385,4,0.2,0.439,9.66,7.498
1425109368682,37.520612,139.931384,5,0.233,0.344,9.727,7.5
1425109368783,37.520618,139.931384,5,0.219,0.341,9.595,7.5
1425109368883,37.520624,139.931383,5,0.184,0.395,9.424,7.5
1425109368984,37.52063,139.931383,5,0.231,0.37,9.46,7.5
1425109369080,37.520635,139.931382,5,0.232,0.354,9.488,7.5
1425109369180,37.520641,139.931381,5,0.188,0.395,9.549,7.5
1425109369281,37.520647,139.931381,5,0.256,0.388,9.481,7.5
1425109369382,37.520654,139.93138,5,0.276,0.358,9.349,7.5
1425109369482,37.52066,139.93138,5,0.296,0.356,9.449,7.5
1425109369583,37.520666,139.931379,5,0.32,0.337,9.543,7.5
1425109369684,37.520672,139.931378,6,0.331,0.366,9.578,7.523
1425109369780,37.520678,139.931376,6,0.383,0.404,9.489,7.547
1425109369880,37.520684,139.931375,6,0.46,0.394,9.343,7.572
1425109369981,37.52069,139.931374,6,0.437,0.385,9.404,7.597
1425109370082,37.520697,139.931372,6,0.427,0.392,9.557,7.622
1425109370182,37.520703,139.931371,6,0.521,0.384,9.5,7.647
1425109370283,37.520709,139.931369,6,0.5,0.364,9.399,7.672
1425109370384,37.520716,139.931368,6,0.415,0.332,9.475,7.698
1425109370480,37.520722,139.931367,6,0.391,0.362,9.58,7.722
1425109372574,37.520882,139.931363,4,0.344,0.398,9.505,8.496
1425109372585,37.520883,139.931363,4,0.336,0.391,9.495,8.499
1425109372680,37.520891,139.931363,5,0.275,0.211,9.56,8.522
1425109372781,37.520899,139.931362,5,0.225,0.155,9.491,8.547
1425109372881,37.520907,139.931362,5,0.199,0.141,9.475,8.572
1425109372982,37.520916,139.931361,5,0.122,0.054,9.584,8.597
1425109373083,37.520925,139.931361,5,0.173,0.025,9.529,8.622
1425109373184,37.520933,139.93136,5,0.353,0.008,9.367,8.648
1425109373284,37.520942,139.93136,5,0.405,-0.06,9.433,8.673
1425109373380,37.52095,139.931359,5,0.424,-0.105,9.547,8.697
1425109373481,37.520959,139.931359,5,0.486,-0.102,9.55,8.722
1425109373581,37.520967,139.931358,5,0.524,-0.133,9.413,8.748
1425109373682,37.520975,139.931358,5,0.615,-0.123,9.414,8.75
1425109373783,37.520984,139.931357,5,0.664,-0.181,9.494,8.75
1425109373883,37.520992,139.931357,5,0.684,-0.169,9.462,8.75
1425109373984,37.521,139.931356,5,0.669,-0.166,9.488,8.75
1425109374085,37.521008,139.931356,5,0.548,-0.167,9.508,8.75
1425109374181,37.521016,139.931356,5,0.449,-0.105,9.491,8.75
1425109374280,37.521024,139.931355,5,0.462,-0.106,9.52,8.75
1425109374382,37.521032,139.931355,5,0.349,-0.05,9.459,8.75
1425109374481,37.52104,139.931354,5,0.234,0.028,9.524,8.75
1425109374583,37.521048,139.931354,5,0.236,0.019,9.519,8.75
1425109374682,37.521057,139.931355,6,0.203,0.021,9.459,8.75
1425109374780,37.521066,139.931356,6,0.125,0.008,9.538,8.75
1425109374880,37.521074,139.931357,6,0.099,0.058,9.493,8.75
1425109374981,37.521083,139.931358,6,0.104,0.039,9.504,8.75
1425109375082,37.521092,139.931359,6,0.234,-0.008,9.462,8.75
1425109375183,37.521101,139.93136,6,0.215,0.031,9.464,8.75
1425109375283,37.521109,139.931361,6,0.172,0.002,9.563,8.75
1425109375384,37.521118,139.931362,6,0.247,-0.09,9.574,8.75
1425109375480,37.521126,139.931363,6,0.385,-0.093,9.509,8.75
1425109375580,37.521135,139.931364,6,0.439,-0.095,9.484,8.75
1425109375681,37.521144,139.931365,6,0.429,-0.048,9.503,8.75
1425109375782,37.521153,139.931366,6,0.379,0.027,9.496,8.75
1425109375883,37.521163,139.931367,6,0.382,0.049,9.415,8.75
1425109375983,37.521172,139.931368,6,0.388,0.06,9.385,8.75
1425109376084,37.521181,139.931369,6,0.328,0.055,9.477,8.75
1425109376180,37.52119,139.93137,6,0.339,0.007,9.508,8.75
1425109376280,37.521199,139.931371,6,0.249,0.089,9.337,8.75
1425109376381,37.521208,139.931372,6,0.183,0.101,9.454,8.75
1425109376482,37.521217,139.931373,6,0.139,0.106,9.561,8.75
1425109376582,37.521226,139.931374,6,0.163,0.14,9.517,8.75
1425109376683,37.521234,139.931375,5,0.181,0.15,9.439,8.75
1425109376784,37.521241,139.931376,5,0.137,0.153,9.497,8.75
1425109376880,37.521248,139.931377,5,0.14,0.194,9.574,8.75
1425109376980,37.521255,139.931378,5,0.192,0.162,9.644,8.75
1425109377081,37.521263,139.931379,5,0.207,0.159,9.562,8.75
1425109377182,37.52127,139.931381,5,0.217,0.235,9.401,8.75
1425109377282,37.521278,139.931382,5,0.222,0.257,9.376,8.75
1425109377383,37.521285,139.931383,5,0.167,0.236,9.605,8.75
1425109377484,37.521292,139.931384,5,0.241,0.172,9.6,8.75
1425109377585,37.5213,139.931385,5,0.219,0.168,9.42,8.75
1425109377680,37.521307,139.931385,5,0.157,0.152,9.503,8.772
1425109377781,37.521316,139.931384,5,0.131,0.225,9.554,8.797
1425109377882,37.521324,139.931384,5,0.113,0.294,9.401,8.822
1425109377982,37.521332,139.931383,5,0.153,0.286,9.314,8.847
1425109378083,37.521341,139.931383,5,0.144,0.268,9.389,8.872
1425109378184,37.521349,139.931383,5,0.034,0.183,9.697,8.898
1425109378284,37.521357,139.931382,5,0.017,0.146,9.672,8.923
1425109378380,37.521365,139.931382,5,0.033,0.182,9.455,8.947
1425109378481,37.521374,139.931381,5,0.123,0.221,9.408,8.972
1425109378581,37.521382,139.931381,5,0.237,0.208,9.512,8.998
1425109378682,37.52139,139.931382,5,0.295,0.205,9.472,9.0
1425109378783,37.521398,139.931383,5,0.346,0.146,9.448,9.0
1425109378884,37.521405,139.931384,5,0.218,0.05,9.617,9.0
1425109378984,37.521413,139.931385,5,0.217,0.103,9.445,9.0
1425109379080,37.52142,139.931385,5,0.275,0.062,9.33,9.0
1425109379181,37.521428,139.931386,5,0.243,0.002,9.434,9.0
1425109379281,37.521436,139.931387,5,0.214,-0.024,9.796,9.0
1425109379382,37.521443,139.931388,5,0.137,-0.121,9.716,9.0
1425109379483,37.521451,139.931389,5,0.149,0.099,9.148,9.0
1425109379583,37.521458,139.93139,5,0.305,-0.044,9.506,9.0
1425109379684,37.521467,139.93139,5,0.162,0.13,9.37,9.0
1425109379780,37.521474,139.93139,5,0.238,-0.024,9.775,9.0
1425109379881,37.521483,139.93139,5,0.3,-0.181,9.596,9.0
1425109379981,37.521491,139.93139,5,0.368,-0.063,9.475,9.0
1425109380082,37.521499,139.93139,5,0.516,-0.118,9.284,9.0
1425109380183,37.521507,139.93139,5,0.461,0.012,9.319,9.0
1425109380284,37.521515,139.93139,5,0.422,-0.086,9.797,9.0
1425109380384,37.521523,139.93139,5,0.344,-0.063,9.625,9.0
1425109380480,37.521531,139.93139,5,0.27,-0.092,9.603,9.0
1425109380581,37.521539,139.93139,5,0.263,-0.071,9.438,9.0
1425109380681,37.521548,139.931391,6,0.308,0.047,9.463,9.022
1425109380782,37.521558,139.931391,6,0.291,0.078,9.522,9.047
1425109380883,37.521567,139.931392,6,0.244,0.076,9.515,9.073
1425109380983,37.521576,139.931393,6,0.129,0.056,9.432,9.097
1425109381084,37.521586,139.931393,6,0.142,0.049,9.399,9.123
1425109381180,37.521595,139.931394,6,0.179,0.047,9.404,9.147
1425109381280,37.521604,139.931395,6,0.189,0.071,9.405,9.172
1425109381381,37.521613,139.931396,6,0.203,0.083,9.421,9.197
1425109381482,37.521623,139.931396,6,0.119,0.107,9.356,9.223
1425109381583,37.521632,139.931397,6,0.098,0.104,9.489,9.248
1425109381683,37.52164,139.931398,6,0.097,0.095,9.566,9.25
1425109381784,37.521648,139.9314,6,0.111,0.188,9.33,9.25
1425109381880,37.521655,139.931401,6,0.122,0.187,9.393,9.25
1425109381980,37.521662,139.931402,6,0.092,0.201,9.532,9.25
1425109382081,37.52167,139.931404,6,0.125,0.262,9.491,9.25
1425109382182,37.521677,139.931405,6,0.152,0.201,9.471,9.25
1425109382282,37.521685,139.931407,6,0.139,0.209,9.511,9.25
1425109382383,37.521692,139.931408,6,0.196,0.277,9.455,9.25
1425109382484,37.5217,139.93141,6,0.238,0.291,9.404,9.25
1425109382580,37.521707,139.931411,6,0.473,0.305,9.176,9.25
1425109382680,37.521716,139.931411,5,0.203,0.22,9.876,9.272
1425109382781,37.521725,139.931411,5,-0.117,0.228,9.756,9.297
1425109382882,37.521735,139.931411,5,0.013,0.165,9.765,9.322
1425109382982,37.521744,139.931411,5,0.03,0.22,9.536,9.347
1425109383083,37.521753,139.931411,5,0.202,0.328,9.467,9.372
1425109383184,37.521762,139.93141,5,-0.05,0.437,9.546,9.398
1425109383285,37.521772,139.93141,5,-0.085,0.477,9.698,9.423
1425109383380,37.52178,139.93141,5,0.006,0.278,9.619,9.447
1425109383481,37.52179,139.93141,5,0.073,0.195,9.472,9.472
1425109383582,37.521799,139.93141,5,0.129,0.283,9.262,9.498
1425109383682,37.521808,139.93141,4,0.16,0.204,9.448,9.5
1425109383783,37.521816,139.93141,4,0.119,0.178,9.602,9.5
1425109383884,37.521825,139.931411,4,0.169,0.15,9.353,9.5
1425109383984,37.521833,139.931411,4,0.161,0.1,9.238,9.5
1425109384080,37.521841,139.931411,4,0.092,0.097,9.547,9.5
1425109384181,37.52185,139.931411,4,0.096,0.108,9.598,9.5
1425109384281,37.521858,139.931411,4,0.064,0.103,9.457,9.5
1425109384382,37.521867,139.931412,4,0.127,0.073,9.463,9.5
1425109384483,37.521875,139.931412,4,0.105,0.135,9.428,9.5
1425109384584,37.521884,139.931412,4,0.05,0.218,9.327,9.5
1425109384684,37.521891,139.931413,5,-0.035,0.139,9.619,9.523
1425109384780,37.521899,139.931413,5,-0.109,0.11,9.706,9.547
1425109384881,37.521906,139.931414,5,-0.056,0.161,9.442,9.572
1425109384981,37.521914,139.931415,5,-0.031,0.17,9.352,9.597
1425109385082,37.521922,139.931415,5,0.032,0.186,9.569,9.622
1425109385183,37.52193,139.931416,5,0.071,0.202,9.536,9.647
1425109385284,37.521938,139.931417,5,-0.026,0.298,9.238,9.673
1425109385384,37.521946,139.931418,5,-0.036,0.327,9.103,9.698
1425109385480,37.521953,139.931418,5,0.042,0.268,9.287,9.722
1425109385581,37.521961,139.931419,5,0.097,0.086,9.612,9.748
1425109385681,37.521971,139.93142,5,-0.01,-0.07,9.868,9.75
1425109385782,37.52198,139.93142,5,-0.116,0.068,9.505,9.75
1425109385883,37.52199,139.931421,5,0.032,0.233,9.236,9.75
1425109385984,37.521999,139.931422,5,0.074,0.253,9.539,9.75
1425109386084,37.522009,139.931422,5,0.143,0.221,9.699,9.75
1425109386180,37.522018,139.931423,5,0.118,0.167,9.453,9.75
1425109386281,37.522028,139.931424,5,0.137,0.104,9.352,9.75
1425109386381,37.522037,139.931425,5,0.214,0.091,9.528,9.75
1425109386482,37.522047,139.931425,5,0.209,0.156,9.512,9.75
1425109386583,37.522056,139.931426,5,0.207,0.151,9.449,9.75
1425109386683,37.522065,139.931425,5,0.174,0.111,9.546,9.75
1425109386784,37.522075,139.931423,5,0.164,0.103,9.578,9.75
1425109386880,37.522083,139.931421,5,0.108,0.104,9.54,9.75
1425109386981,37.522093,139.93142,5,0.064,0.145,9.526,9.75
1425109387081,37.522102,139.931418,5,0.086,0.186,9.525,9.75
1425109387182,37.522111,139.931417,5,0.047,0.225,9.406,9.75
1425109387283,37.52212,139.931415,5,0.002,0.201,9.485,9.75
1425109387383,37.522129,139.931413,5,-0.057,0.238,9.428,9.75
1425109387484,37.522138,139.931412,5,-0.066,0.171,9.527,9.75
1425109387580,37.522147,139.93141,5,-0.06,0.17,9.526,9.75
1425109387680,37.522156,139.93141,5,-0.034,0.171,9.485,9.772
1425109387781,37.522164,139.931411,5,0.023,0.138,9.515,9.797
1425109387882,37.522173,139.931411,5,0.08,0.159,9.541,9.822
1425109387983,37.522181,139.931411,5,0.143,0.163,9.514,9.847
1425109388083,37.52219,139.931411,5,0.162,0.154,9.524,9.872
1425109388184,37.522198,139.931412,5,0.181,0.133,9.573,9.898
1425109388280,37.522206,139.931412,5,0.21,0.126,9.55,9.922
1425109388385,37.522215,139.931412,5,0.208,0.165,9.378,9.948
1425109388501,37.522225,139.931413,5,0.273,0.167,9.388,9.977
1425109388580,37.522232,139.931413,5,0.265,0.195,9.5,9.997
1425109388682,37.522241,139.931412,4,0.291,0.143,9.441,10.0
1425109388781,37.52225,139.931411,4,0.216,0.1,9.502,10.0
1425109388884,37.522259,139.93141,4,0.218,0.154,9.435,10.0
1425109388980,37.522268,139.931409,4,0.263,0.165,9.365,10.0
1425109389080,37.522277,139.931408,4,0.207,0.16,9.478,10.0
1425109389181,37.522286,139.931407,4,0.175,0.134,9.635,10.0
1425109389282,37.522295,139.931405,4,0.099,0.164,9.515,10.0
1425109389382,37.522303,139.931404,4,0.029,0.185,9.501,10.0
1425109389483,37.522312,139.931403,4,-0.106,0.237,9.615,10.0
1425109389584,37.522321,139.931402,4,-0.068,0.205,9.675,10.0
1425109389680,37.52233,139.931402,4,0.008,0.257,9.418,10.022
1425109389780,37.522338,139.931402,4,-0.004,0.225,9.56,10.047
1425109389881,37.522347,139.931403,4,-0.107,0.336,9.577,10.072
1425109389982,37.522355,139.931403,4,0.058,0.291,9.277,10.097
1425109390082,37.522364,139.931403,4,0.318,0.173,9.249,10.122
1425109390183,37.522373,139.931403,4,0.499,0.021,9.521,10.148
1425109390284,37.522381,139.931403,4,0.501,-0.079,9.615,10.173
1425109390384,37.52239,139.931404,4,0.475,-0.056,9.503,10.198
1425109390480,37.522398,139.931404,4,0.532,0.047,9.332,10.222
1425109390581,37.522407,139.931404,4,0.608,0.057,9.447,10.248
1425109390682,37.522417,139.931404,5,0.491,0.043,9.613,10.25
1425109390782,37.522427,139.931403,5,0.437,0.061,9.448,10.25
1425109390883,37.522437,139.931403,5,0.398,0.047,9.405,10.25
1425109390984,37.522447,139.931403,5,0.432,-0.002,9.578,10.25
1425109391084,37.522457,139.931403,5,0.484,-0.032,9.534,10.25
1425109391180,37.522467,139.931402,5,0.563,-0.044,9.42,10.25
1425109391281,37.522477,139.931402,5,0.644,-0.132,9.528,10.25
1425109391381,37.522487,139.931402,5,0.651,-0.155,9.609,10.25
1425109391482,37.522497,139.931401,5,0.707,-0.196,9.469,10.25
1425109391583,37.522507,139.931401,5,0.661,-0.142,9.351,10.25
1425109391684,37.522517,139.931401,5,0.702,-0.159,9.534,10.25
1425109391784,37.522526,139.931402,5,0.562,-0.086,9.376,10.25
1425109391880,37.522535,139.931402,5,0.497,-0.164,9.527,10.25
1425109391981,37.522545,139.931403,5,0.403,-0.17,9.604,10.25
1425109392081,37.522554,139.931403,5,0.386,-0.079,9.373,10.25
1425109392182,37.522564,139.931404,5,0.433,-0.13,9.325,10.25
1425109392283,37.522573,139.931404,5,0.414,-0.059,9.318,10.25
1425109392383,37.522583,139.931405,5,0.273,-0.089,9.524,10.25
1425109392484,37.522592,139.931405,5,0.14,-0.1,9.536,10.25
1425109392580,37.522601,139.931406,5,0.201,-0.092,9.347,10.25
1425109392681,37.52261,139.931406,5,0.176,-0.209,9.571,10.25
1425109392781,37.522619,139.931406,5,0.162,-0.189,9.645,10.25
1425109392882,37.522627,139.931406,5,0.131,-0.086,9.351,10.25
1425109392983,37.522636,139.931406,5,0.167,-0.071,9.274,10.25
1425109393083,37.522645,139.931406,5,0.258,-0.086,9.507,10.25
1425109393184,37.522654,139.931405,5,0.278,-0.211,9.603,10.25
1425109393280,37.522662,139.931405,5,0.371,-0.32,9.517,10.25
1425109393381,37.522671,139.931405,5,0.414,-0.297,9.363,10.25
1425109393481,37.52268,139.931405,5,0.468,-0.225,9.369,10.25
1425109393582,37.522688,139.931405,5,0.439,-0.192,9.487,10.25
1425109393683,37.522698,139.931404,6,0.377,-0.194,9.478,10.226
1425109393783,37.522708,139.931403,6,0.35,-0.209,9.4,10.201
1425109393884,37.522718,139.931402,6,0.283,-0.202,9.503,10.176
1425109393980,37.522728,139.931401,6,0.249,-0.125,9.495,10.152
1425109394080,37.522737,139.9314,6,0.192,-0.098,9.455,10.127
1425109394181,37.522747,139.931398,6,0.227,-0.121,9.452,10.102
1425109394282,37.522757,139.931397,6,0.179,-0.122,9.567,10.076
1425109394383,37.522767,139.931396,6,0.171,-0.132,9.536,10.051
1425109394483,37.522777,139.931395,6,0.21,-0.126,9.547,10.026
1425109394584,37.522786,139.931394,6,0.182,-0.091,9.494,10.001
1425109394680,37.522794,139.931393,7,0.208,-0.059,9.466,10.0
1425109394780,37.522801,139.931391,7,0.21,-0.073,9.569,10.0
1425109394881,37.522809,139.93139,7,0.277,-0.099,9.69,10.0
1425109394982,37.522816,139.931389,7,0.278,-0.075,9.574,10.0
1425109395082,37.522823,139.931387,7,0.249,0.063,9.332,10.0
1425109395183,37.522831,139.931386,7,0.212,0.236,9.16,10.0
1425109395284,37.522838,139.931384,7,0.164,0.109,9.406,10.0
1425109395385,37.522846,139.931383,7,0.162,0.06,9.522,10.0
1425109395480,37.522853,139.931382,7,0.148,-0.16,9.641,10.0
1425109395581,37.52286,139.93138,7,0.063,-0.013,9.448,10.0
1425109395682,37.52287,139.931379,7,0.102,0.074,9.607,10.023
1425109395782,37.522879,139.931379,7,0.217,0.163,9.746,10.048
1425109395883,37.522889,139.931378,7,0.32,0.092,9.658,10.073
1425109395984,37.522898,139.931377,7,0.447,0.086,9.4,10.098
1425109396080,37.522907,139.931377,7,0.508,0.086,9.424,10.122
1425109396180,37.522917,139.931376,7,0.462,0.039,9.594,10.147
1425109396281,37.522926,139.931375,7,0.433,0.055,9.603,10.172
1425109396382,37.522936,139.931374,7,0.442,0.009,9.477,10.197
1425109396482,37.522946,139.931374,7,0.615,0.017,9.331,10.223
1425109396583,37.522955,139.931373,7,0.649,-0.012,9.391,10.248
1425109396684,37.522965,139.931372,4,0.576,-0.045,9.559,10.25
1425109396784,37.522975,139.931371,4,0.566,-0.077,9.524,10.25
1425109396880,37.522984,139.93137,4,0.505,-0.105,9.453,10.25
1425109396981,37.522994,139.931369,4,0.539,-0.067,9.422,10.25
1425109397082,37.523004,139.931369,4,0.538,-0.065,9.428,10.25
1425109397182,37.523014,139.931368,4,0.523,-0.078,9.553,10.25
1425109397283,37.523024,139.931367,4,0.427,-0.105,9.558,10.25
1425109397384,37.523034,139.931366,4,0.475,-0.071,9.437,10.25
1425109397484,37.523044,139.931365,4,0.488,-0.02,9.282,10.25
1425109397580,37.523053,139.931364,4,0.41,-0.031,9.511,10.25
1425109397681,37.523062,139.931365,4,0.343,-0.09,9.711,10.273
1425109397781,37.523071,139.931366,4,0.308,-0.068,9.497,10.297
1425109397882,37.523081,139.931367,4,0.366,-0.048,9.288,10.322
1425109397983,37.52309,139.931368,4,0.358,-0.055,9.569,10.348
1425109398084,37.523099,139.931368,4,0.366,-0.107,9.802,10.373
1425109398184,37.523108,139.931369,4,0.372,-0.098,9.5,10.398
1425109398280,37.523117,139.93137,4,0.427,-0.08,9.311,10.422
1425109398381,37.523127,139.931371,4,0.518,-0.076,9.476,10.447
1425109398481,37.523136,139.931372,4,0.562,-0.124,9.527,10.472
1425109398582,37.523145,139.931373,4,0.62,-0.154,9.448,10.498
1425109398683,37.523156,139.931374,5,0.601,-0.19,9.43,10.476
1425109398783,37.523166,139.931375,5,0.669,-0.181,9.388,10.451
1425109398884,37.523176,139.931375,5,0.623,-0.13,9.404,10.426
1425109398980,37.523186,139.931376,5,0.627,-0.133,9.362,10.402
1425109399081,37.523196,139.931377,5,0.532,-0.15,9.459,10.376
1425109399181,37.523206,139.931378,5,0.479,-0.155,9.489,10.352
1425109399282,37.523216,139.931379,5,0.519,-0.172,9.461,10.326
1425109399383,37.523226,139.931379,5,0.492,-0.131,9.452,10.301
1425109399483,37.523236,139.93138,5,0.469,-0.11,9.507,10.276
1425109399584,37.523246,139.931381,5,0.43,-0.07,9.475,10.251
1425109399680,37.523255,139.931381,5,0.426,-0.07,9.466,10.272
1425109399780,37.523265,139.931382,5,0.322,-0.108,9.64,10.297
1425109399881,37.523274,139.931382,5,0.252,-0.035,9.534,10.322
1425109399982,37.523284,139.931383,5,0.251,-0.016,9.361,10.347
1425109400083,37.523293,139.931383,5,0.195,-0.022,9.612,10.372
1425109400183,37.523302,139.931383,5,0.25,-0.02,9.593,10.398
1425109400284,37.523312,139.931384,5,0.245,-0.038,9.428,10.423
1425109400380,37.523321,139.931384,5,0.198,-0.074,9.603,10.447
1425109400480,37.523331,139.931385,5,0.159,0.003,9.612,10.472
1425109400581,37.52334,139.931385,5,0.193,0.049,9.387,10.498
1425109400682,37.523349,139.931385,5,0.229,-0.001,9.429,10.477
1425109400783,37.523358,139.931386,5,0.162,0.067,9.47,10.451
1425109400883,37.523366,139.931386,5,0.148,0.093,9.302,10.426
1425109400984,37.523375,139.931386,5,0.133,0.032,9.42,10.401
1425109401080,37.523383,139.931386,5,0.084,-0.065,9.573,10.377
1425109401180,37.523391,139.931387,5,-0.007,-0.035,9.616,10.352
1425109401281,37.5234,139.931387,5,0.023,0.021,9.395,10.327
1425109401382,37.523408,139.931387,5,0.067,0.079,9.432,10.302
1425109401482,37.523417,139.931388,5,0.126,0.09,9.48,10.277
1425109401583,37.523425,139.931388,5,0.099,0.043,9.495,10.252
1425109401684,37.523435,139.931388,5,0.047,0.024,9.413,10.25
1425109401780,37.523445,139.931388,5,0.041,-0.009,9.567,10.25
1425109401880,37.523455,139.931388,5,0.062,0.003,9.593,10.25
1425109401981,37.523465,139.931388,5,0.129,-0.012,9.546,10.25
1425109402082,37.523475,139.931388,5,0.16,0.027,9.474,10.25
1425109402182,37.523485,139.931388,5,0.228,0.043,9.477,10.25
1425109402283,37.523495,139.931388,5,0.209,0.002,9.583,10.25
1425109402384,37.523505,139.931388,5,0.213,-0.007,9.504,10.25
1425109402485,37.523515,139.931388,5,0.296,-0.0,9.399,10.25
1425109402580,37.523524,139.931388,5,0.31,-0.014,9.413,10.25
1425109402686,37.523534,139.931388,5,0.277,0.007,9.478,10.274
1425109402781,37.523542,139.931388,5,0.198,0.027,9.396,10.297
1425109402881,37.523551,139.931388,5,0.153,0.006,9.449,10.322
1425109402983,37.523561,139.931388,5,0.102,0.01,9.52,10.348
1425109403082,37.52357,139.931388,5,0.036,0.004,9.625,10.372
1425109403184,37.523579,139.931388,5,0.02,0.058,9.39,10.398
1425109403280,37.523588,139.931388,5,-0.035,0.098,9.368,10.422
1425109403381,37.523597,139.931388,5,0.052,-0.008,9.663,10.447
1425109403481,37.523606,139.931388,5,0.08,-0.011,9.633,10.472
1425109403582,37.523615,139.931388,5,0.074,-0.042,9.45,10.498
1425109403683,37.523625,139.931388,5,0.06,-0.012,9.529,10.476
1425109403784,37.523634,139.931389,5,0.053,0.099,9.431,10.451
1425109403884,37.523643,139.931389,5,0.041,0.056,9.536,10.426
1425109403980,37.523652,139.931389,5,0.035,-0.002,9.493,10.402
1425109404081,37.523661,139.931389,5,0.074,-0.047,9.514,10.376
1425109404181,37.52367,139.93139,5,0.011,-0.055,9.518,10.352
1425109404282,37.523679,139.93139,5,-0.002,0.041,9.455,10.326
1425109404383,37.523688,139.93139,5,0.041,0.028,9.456,10.301
1425109404484,37.523697,139.931391,5,0.124,-0.042,9.572,10.276
1425109404584,37.523706,139.931391,5,0.092,0.01,9.329,10.251
1425109404680,37.523716,139.931392,5,0.078,-0.025,9.349,10.25
1425109404781,37.523727,139.931392,5,0.035,-0.109,9.779,10.25
1425109404881,37.523737,139.931393,5,0.01,-0.011,9.416,10.25
1425109404982,37.523747,139.931394,5,0.026,0.051,9.1,10.25
1425109405083,37.523758,139.931394,5,-0.087,-0.0,9.656,10.25
1425109405183,37.523768,139.931395,5,-0.051,-0.103,9.984,10.25
1425109405284,37.523778,139.931396,5,-0.01,-0.041,9.422,10.25
1425109405380,37.523788,139.931397,5,0.2,-0.059,9.378,10.25
1425109405481,37.523799,139.931397,5,0.354,-0.039,9.57,10.25
1425109405581,37.523809,139.931398,5,0.471,0.034,9.31,10.25
1425109405682,37.523817,139.931399,5,0.449,-0.059,9.341,10.25
1425109405783,37.523826,139.9314,5,0.344,-0.179,9.766,10.25
1425109405883,37.523834,139.931401,5,0.192,-0.125,9.659,10.25
1425109405984,37.523842,139.931402,5,0.04,-0.025,9.437,10.25
1425109406080,37.52385,139.931402,5,-0.012,0.027,9.661,10.25
1425109406180,37.523858,139.931403,5,-0.087,0.187,9.577,10.25
1425109406281,37.523866,139.931404,5,-0.158,0.228,9.391,10.25
1425109406382,37.523874,139.931405,5,-0.124,0.153,9.481,10.25
1425109406483,37.523882,139.931406,5,-0.001,0.063,9.564,10.25
1425109406583,37.52389,139.931407,5,0.157,-0.029,9.433,10.25
1425109406684,37.5239,139.931407,5,0.29,-0.1,9.493,10.273
1425109406780,37.52391,139.931407,5,0.356,-0.038,9.429,10.297
1425109406880,37.52392,139.931406,5,0.353,0.012,9.432,10.322
1425109406981,37.52393,139.931406,5,0.349,0.017,9.442,10.347
1425109407082,37.52394,139.931406,5,0.307,0.013,9.43,10.372
1425109407183,37.523951,139.931406,5,0.208,0.064,9.333,10.398
1425109407283,37.523961,139.931406,5,0.132,0.085,9.421,10.423
1425109407384,37.523971,139.931405,5,0.08,0.059,9.483,10.448
1425109407480,37.523981,139.931405,5,0.106,0.059,9.438,10.472
1425109407580,37.523991,139.931405,5,0.174,-0.009,9.403,10.497
1425109407681,37.524,139.931406,4,0.173,-0.111,9.655,10.453
1425109407782,37.524009,139.931406,4,0.363,-0.182,9.625,10.402
1425109407882,37.524018,139.931407,4,0.371,0.056,9.175,10.351
1425109407983,37.524027,139.931407,4,0.435,-0.001,9.435,10.301
1425109408084,37.524036,139.931408,4,0.345,-0.022,9.682,10.25
1425109408180,37.524044,139.931409,4,0.289,0.06,9.427,10.202
1425109408280,37.524052,139.931409,4,0.13,0.092,9.172,10.152
1425109408381,37.524061,139.93141,4,0.07,0.153,9.424,10.102
1425109408482,37.52407,139.93141,4,-0.032,0.167,9.511,10.053
1425109408582,37.524078,139.931411,4,-0.083,0.101,9.423,10.004
1425109408683,37.524087,139.931412,5,-0.07,0.024,9.536,10.023
1425109408780,37.524095,139.931412,5,0.05,-0.021,9.544,10.047
1425109408880,37.524104,139.931413,5,0.156,-0.014,9.443,10.072
1425109408980,37.524113,139.931413,5,0.256,0.009,9.347,10.097
1425109409081,37.524121,139.931414,5,0.352,-0.024,9.43,10.122
1425109409182,37.52413,139.931415,5,0.409,-0.067,9.441,10.147
1425109409282,37.524139,139.931415,5,0.412,-0.099,9.307,10.172
1425109409383,37.524148,139.931416,5,0.424,-0.138,9.39,10.198
1425109409484,37.524157,139.931416,5,0.336,-0.159,9.566,10.223
1425109409584,37.524165,139.931417,5,0.297,-0.132,9.479,10.248
1425109409680,37.524175,139.931417,5,0.268,-0.079,9.426,10.25
1425109409781,37.524185,139.931417,5,0.281,-0.087,9.527,10.25
1425109409882,37.524195,139.931417,5,0.274,-0.124,9.698,10.25
1425109409982,37.524205,139.931417,5,0.261,-0.152,9.565,10.25
1425109410083,37.524215,139.931417,5,0.265,-0.18,9.643,10.25
1425109410184,37.524225,139.931418,5,0.266,-0.036,9.446,10.25
1425109410284,37.524235,139.931418,5,0.265,0.0,9.5,10.25
1425109410380,37.524244,139.931418,5,0.233,-0.076,9.708,10.25
1425109410481,37.524254,139.931418,5,0.233,-0.052,9.542,10.25
1425109410581,37.524264,139.931418,5,0.241,-0.082,9.379,10.25
1425109410682,37.524273,139.931418,5,0.332,-0.125,9.466,10.273
1425109410783,37.524282,139.931418,5,0.321,-0.114,9.596,10.298
1425109410884,37.524291,139.931418,5,0.277,-0.058,9.369,10.323
1425109410984,37.524299,139.931418,5,0.339,-0.031,9.328,10.348
1425109411080,37.524308,139.931418,5,0.346,-0.071,9.476,10.372
1425109411181,37.524317,139.931418,5,0.266,-0.132,9.539,10.397
1425109411281,37.524326,139.931418,5,0.253,-0.114,9.431,10.422
1425109411382,37.524335,139.931418,5,0.28,-0.133,9.435,10.448
1425109411483,37.524343,139.931418,5,0.241,-0.077,9.575,10.473
1425109411584,37.524352,139.931418,5,0.241,-0.103,9.543,10.498
1425109411684,37.524362,139.931419,5,0.253,-0.056,9.416,10.5
1425109411781,37.524371,139.93142,5,0.269,-0.036,9.424,10.5
1425109411881,37.52438,139.931421,5,0.292,-0.037,9.532,10.5
1425109411981,37.524389,139.931422,5,0.344,-0.106,9.512,10.5
1425109412082,37.524399,139.931423,5,0.293,-0.149,9.641,10.5
1425109412183,37.524408,139.931424,5,0.302,-0.09,9.468,10.5
1425109412283,37.524417,139.931425,5,0.356,-0.048,9.472,10.5
1425109412384,37.524427,139.931426,5,0.376,-0.048,9.569,10.5
1425109412480,37.524436,139.931427,5,0.405,-0.031,9.389,10.5
1425109412580,37.524445,139.931428,5,0.455,-0.094,9.367,10.5
1425109412681,37.524456,139.931429,6,0.381,-0.147,9.632,10.477
1425109412782,37.524466,139.931431,6,0.307,-0.131,9.656,10.452
1425109412883,37.524477,139.931432,6,0.305,-0.108,9.502,10.426
1425109412983,37.524487,139.931434,6,0.406,-0.076,9.478,10.401
1425109413084,37.524498,139.931435,6,0.367,0.013,9.481,10.376
1425109413180,37.524508,139.931437,6,0.293,0.017,9.511,10.352
1425109413280,37.524518,139.931438,6,0.227,-0.034,9.528,10.327
1425109413381,37.524528,139.93144,6,0.265,-0.054,9.459,10.302
1425109413482,37.524539,139.931441,6,0.307,-0.023,9.293,10.277
1425109413583,37.524549,139.931443,6,0.284,-0.009,9.388,10.252
1425109413683,37.524558,139.931443,6,0.19,-0.012,9.53,10.25
1425109413784,37.524566,139.931442,6,0.092,0.003,9.508,10.25
1425109413880,37.524573,139.931442,6,0.02,-0.031,9.552,10.25
1425109413980,37.524582,139.931441,6,0.068,0.01,9.446,10.25
1425109414081,37.52459,139.931441,6,0.143,-0.011,9.558,10.25
1425109414182,37.524598,139.93144,6,0.134,-0.038,9.656,10.25
1425109414282,37.524606,139.93144,6,0.163,-0.003,9.589,10.25
1425109414383,37.524614,139.931439,6,0.224,-0.009,9.5,10.25
1425109414484,37.524622,139.931439,6,0.36,-0.017,9.526,10.25
1425109414580,37.52463,139.931438,6,0.422,-0.067,9.54,10.25
1425109414680,37.52464,139.931438,6,0.413,-0.1,9.534,10.25
1425109414782,37.524651,139.931438,6,0.34,-0.055,9.519,10.25
1425109414882,37.524661,139.931438,6,0.305,-0.013,9.557,10.25
1425109414982,37.524671,139.931438,6,0.214,0.014,9.528,10.25
1425109415083,37.524682,139.931438,6,0.226,0.068,9.37,10.25
1425109415184,37.524692,139.931439,6,0.155,0.097,9.341,10.25
1425109415285,37.524703,139.931439,6,0.132,0.037,9.53,10.25
1425109415380,37.524712,139.931439,6,0.132,0.039,9.536,10.25
1425109415481,37.524723,139.931439,6,0.139,0.051,9.384,10.25
1425109415582,37.524733,139.931439,6,0.187,0.1,9.391,10.25
1425109415682,37.524742,139.931439,5,0.211,0.088,9.456,10.273
1425109415783,37.524751,139.93144,5,0.316,0.07,9.444,10.298
1425109415884,37.524759,139.93144,5,0.348,0.031,9.397,10.323
1425109415984,37.524768,139.931441,5,0.366,0.013,9.397,10.348
1425109416080,37.524776,139.931441,5,0.365,0.012,9.509,10.372
1425109416181,37.524785,139.931442,5,0.367,-0.01,9.529,10.397
1425109416282,37.524794,139.931442,5,0.318,0.064,9.456,10.422
1425109416382,37.524803,139.931443,5,0.24,0.095,9.433,10.448
1425109416483,37.524812,139.931443,5,0.211,0.107,9.524,10.473
1425109416584,37.52482,139.931444,5,0.213,0.127,9.437,10.498
1425109416684,37.52483,139.931443,5,0.177,0.072,9.527,10.5
1425109416785,37.524841,139.931442,5,0.173,0.054,9.473,10.5
1425109416881,37.52485,139.931441,5,0.258,0.02,9.43,10.5
1425109416980,37.52486,139.93144,5,0.269,-0.037,9.5,10.5
1425109417082,37.524871,139.931439,5,0.314,-0.084,9.51,10.5
1425109417181,37.524881,139.931438,5,0.355,-0.138,9.554,10.5
1425109417284,37.524891,139.931437,5,0.426,-0.167,9.557,10.5
1425109417383,37.524901,139.931436,5,0.456,-0.094,9.442,10.5
1425109417480,37.524911,139.931435,5,0.505,-0.112,9.359,10.5
1425109417581,37.524921,139.931434,5,0.455,-0.166,9.626,10.5
1425109417681,37.524931,139.931434,5,0.413,-0.159,9.577,10.5
1425109417783,37.52494,139.931433,5,0.29,-0.085,9.317,10.5
1425109417883,37.52495,139.931433,5,0.299,-0.068,9.34,10.5
1425109417983,37.524959,139.931432,5,0.257,-0.037,9.37,10.5
1425109418084,37.524969,139.931432,5,0.206,-0.091,9.487,10.5
1425109418180,37.524978,139.931431,5,0.173,-0.176,9.506,10.5
1425109418281,37.524988,139.931431,5,0.175,-0.195,9.481,10.5
1425109418381,37.524997,139.93143,5,0.192,-0.143,9.422,10.5
1425109418482,37.525007,139.93143,5,0.202,-0.091,9.453,10.5
1425109418583,37.525016,139.931429,5,0.234,-0.096,9.545,10.5
1425109418683,37.525026,139.931428,4,0.181,-0.093,9.553,10.5
1425109418784,37.525036,139.931427,4,0.115,-0.102,9.453,10.5
1425109418880,37.525045,139.931426,4,0.107,-0.124,9.55,10.5
1425109418980,37.525055,139.931425,4,0.021,-0.085,9.628,10.5
1425109419081,37.525065,139.931424,4,0.078,-0.081,9.559,10.5
1425109419182,37.525075,139.931423,4,0.153,-0.069,9.463,10.5
1425109419283,37.525085,139.931422,4,0.25,-0.055,9.396,10.5
1425109419383,37.525095,139.931421,4,0.292,-0.099,9.492,10.5
1425109419484,37.525105,139.93142,4,0.284,-0.15,9.488,10.5
1425109419580,37.525114,139.931419,4,0.335,-0.142,9.372,10.5
1425109419680,37.525123,139.931419,5,0.375,-0.133,9.31,10.5
1425109419781,37.525132,139.931419,5,0.365,-0.2,9.511,10.5
1425109419882,37.525141,139.931419,5,0.251,-0.197,9.566,10.5
1425109419983,37.52515,139.931419,5,0.207,-0.143,9.394,10.5
1425109420083,37.525158,139.931419,5,0.201,-0.106,9.391,10.5
1425109420184,37.525167,139.931419,5,0.239,-0.082,9.471,10.5
1425109420280,37.525176,139.931419,5,0.259,-0.14,9.477,10.5
1425109420380,37.525185,139.931419,5,0.301,-0.188,9.492,10.5
1425109420481,37.525193,139.931419,5,0.31,-0.212,9.562,10.5
1425109420582,37.525202,139.931419,5,0.313,-0.234,9.682,10.5
1425109420683,37.525212,139.931419,5,0.408,-0.237,9.632,10.476
1425109420783,37.525222,139.93142,5,0.472,-0.171,9.488,10.451
1425109420884,37.525232,139.93142,5,0.504,-0.152,9.491,10.426
1425109420980,37.525242,139.931421,5,0.541,-0.149,9.585,10.402
1425109421080,37.525252,139.931421,5,0.574,-0.162,9.478,10.377
1425109421181,37.525262,139.931421,5,0.614,-0.219,9.468,10.352
1425109421282,37.525272,139.931422,5,0.589,-0.216,9.514,10.326
1425109421382,37.525282,139.931422,5,0.537,-0.19,9.459,10.302
1425109421483,37.525292,139.931423,5,0.417,-0.151,9.409,10.276
1425109421584,37.525301,139.931423,5,0.326,-0.112,9.459,10.251
1425109421685,37.52531,139.931425,6,0.256,-0.104,9.493,10.25
1425109421780,37.525318,139.931427,6,0.178,-0.075,9.502,10.25
1425109421881,37.525326,139.931429,6,0.143,-0.071,9.454,10.25
1425109421982,37.525335,139.93143,6,0.187,-0.069,9.443,10.25
1425109422082,37.525343,139.931432,6,0.292,-0.129,9.533,10.25
1425109422183,37.525352,139.931434,6,0.4,-0.169,9.566,10.25
1425109422284,37.52536,139.931436,6,0.406,-0.148,9.421,10.25
1425109422384,37.525369,139.931438,6,0.402,-0.235,9.629,10.25
1425109422480,37.525377,139.93144,6,0.474,-0.229,9.603,10.25
1425109422581,37.525385,139.931442,6,0.487,-0.147,9.348,10.25
1425109422681,37.525395,139.931443,6,0.41,-0.106,9.48,10.25
1425109422782,37.525405,139.931444,6,0.248,-0.146,9.761,10.25
1425109422883,37.525415,139.931445,6,0.213,-0.15,9.55,10.25
1425109422984,37.525425,139.931446,6,0.251,-0.132,9.401,10.25
1425109423084,37.525435,139.931447,6,0.309,-0.09,9.489,10.25
1425109423180,37.525445,139.931448,6,0.361,-0.115,9.46,10.25
1425109423281,37.525455,139.931449,6,0.392,-0.161,9.468,10.25
1425109423381,37.525465,139.93145,6,0.44,-0.217,9.539,10.25
1425109423482,37.525475,139.931451,6,0.488,-0.268,9.587,10.25
1425109423583,37.525485,139.931452,6,0.563,-0.265,9.521,10.25
1425109423684,37.525494,139.931453,6,0.611,-0.26,9.532,10.25
1425109423784,37.525503,139.931454,6,0.616,-0.226,9.533,10.25
1425109423880,37.525511,139.931455,6,0.59,-0.216,9.546,10.25
1425109423981,37.52552,139.931457,6,0.6,-0.227,9.544,10.25
1425109424081,37.525528,139.931458,6,0.58,-0.258,9.561,10.25
1425109424182,37.525537,139.931459,6,0.586,-0.218,9.487,10.25
1425109424283,37.525546,139.93146,6,0.582,-0.181,9.44,10.25
1425109424383,37.525554,139.931462,6,0.625,-0.2,9.468,10.25
1425109424484,37.525563,139.931463,6,0.652,-0.173,9.262,10.25
1425109424580,37.525571,139.931464,6,0.563,-0.214,9.436,10.25
1425109424681,37.52558,139.931464,6,0.481,-0.198,9.477,10.25
1425109424781,37.525589,139.931463,6,0.388,-0.155,9.368,10.25
1425109424882,37.525598,139.931463,6,0.345,-0.202,9.541,10.25
1425109424983,37.525607,139.931463,6,0.315,-0.179,9.655,10.25
1425109425083,37.525616,139.931463,6,0.253,-0.128,9.485,10.25
1425109425184,37.525625,139.931462,6,0.231,-0.084,9.396,10.25
1425109425280,37.525633,139.931462,6,0.263,-0.094,9.59,10.25
1425109425381,37.525642,139.931462,6,0.339,-0.133,9.579,10.25
1425109425481,37.525651,139.931461,6,0.351,-0.147,9.457,10.25
1425109425582,37.52566,139.931461,6,0.342,-0.13,9.386,10.25
1425109425683,37.52567,139.931461,5,0.35,-0.154,9.532,10.25
1425109425783,37.52568,139.93146,5,0.389,-0.161,9.524,10.25
1425109425884,37.525689,139.93146,5,0.416,-0.136,9.342,10.25
1425109425980,37.525698,139.931459,5,0.388,-0.154,9.467,10.25
1425109426080,37.525708,139.931459,5,0.34,-0.146,9.616,10.25
1425109426181,37.525718,139.931459,5,0.297,-0.174,9.585,10.25
1425109426282,37.525727,139.931458,5,0.35,-0.194,9.459,10.25
1425109426383,37.525737,139.931458,5,0.42,-0.173,9.447,10.25
1425109426483,37.525747,139.931457,5,0.413,-0.177,9.543,10.25
1425109426585,37.525757,139.931457,5,0.406,-0.153,9.438,10.25
1425109426680,37.525765,139.931458,4,0.422,-0.172,9.461,10.227
1425109426780,37.525774,139.931459,4,0.434,-0.176,9.487,10.202
1425109426881,37.525783,139.93146,4,0.381,-0.164,9.401,10.177
1425109426982,37.525792,139.931461,4,0.386,-0.19,9.492,10.151
1425109427082,37.525801,139.931462,4,0.362,-0.155,9.396,10.126
1425109427183,37.525809,139.931464,4,0.332,-0.195,9.536,10.101
1425109427284,37.525818,139.931465,4,0.209,-0.214,9.722,10.076
1425109427380,37.525827,139.931466,4,0.21,-0.196,9.654,10.052
1425109427480,37.525835,139.931467,4,0.302,-0.106,9.4,10.027
1425109427581,37.525844,139.931468,4,0.427,-0.068,9.364,10.002
1425109427682,37.525853,139.931468,4,0.465,-0.089,9.473,10.0
1425109427782,37.525861,139.931469,4,0.44,-0.17,9.568,10.0
1425109427883,37.52587,139.931469,4,0.381,-0.187,9.526,10.0
1425109427984,37.525878,139.931469,4,0.405,-0.168,9.49,10.0
1425109428080,37.525887,139.931469,4,0.379,-0.139,9.515,10.0
1425109428180,37.525895,139.93147,4,0.371,-0.122,9.506,10.0
1425109428281,37.525904,139.93147,4,0.386,-0.09,9.394,10.0
1425109428382,37.525912,139.93147,4,0.323,-0.05,9.424,10.0
1425109428482,37.525921,139.931471,4,0.276,-0.05,9.435,10.0
1425109428583,37.525929,139.931471,4,0.206,-0.067,9.486,10.0
1425109428684,37.525939,139.93147,4,0.201,-0.064,9.518,9.976
1425109428785,37.525948,139.931469,4,0.229,-0.122,9.533,9.951
1425109428880,37.525957,139.931468,4,0.399,-0.142,9.426,9.927
1425109428981,37.525966,139.931467,4,0.746,-0.049,8.796,9.901
1425109429082,37.525975,139.931467,4,0.398,-0.023,9.233,9.876
1425109429182,37.525984,139.931466,4,0.154,-0.388,10.55,9.851
1425109429283,37.525993,139.931465,4,0.157,-0.238,9.927,9.826
1425109429384,37.526002,139.931464,4,0.142,-0.087,9.158,9.801
1425109429484,37.526011,139.931463,4,0.153,0.2,8.944,9.776
1425109429580,37.52602,139.931462,4,0.177,0.459,9.466,9.752
1425109429681,37.526028,139.931462,5,0.107,0.269,9.587,9.75
1425109429781,37.526036,139.931461,5,0.088,0.092,9.614,9.75
1425109429882,37.526045,139.931461,5,0.116,-0.06,9.456,9.75
1425109429983,37.526053,139.931461,5,0.147,0.082,9.39,9.75
1425109430084,37.526061,139.931461,5,0.293,0.228,9.304,9.75
1425109430184,37.526069,139.93146,5,0.449,0.406,8.849,9.75
1425109430280,37.526077,139.93146,5,0.475,0.128,9.504,9.75
1425109430381,37.526085,139.93146,5,0.324,-0.237,10.033,9.75
1425109430481,37.526093,139.931459,5,0.25,-0.206,9.611,9.75
1425109430582,37.526101,139.931459,5,0.193,0.029,9.14,9.75
1425109430683,37.52611,139.931458,5,0.226,0.32,9.435,9.726
1425109430783,37.526119,139.931458,5,0.185,0.449,9.698,9.701
1425109430884,37.526128,139.931457,5,0.063,0.336,9.455,9.676
1425109430980,37.526136,139.931457,5,-0.028,0.222,9.438,9.652
1425109431086,37.526145,139.931456,5,-0.032,0.193,9.501,9.625
1425109431181,37.526154,139.931455,5,-0.008,0.203,9.5,9.601
1425109431280,37.526162,139.931455,5,0.045,0.278,9.32,9.577
1425109431383,37.526171,139.931454,5,0.059,0.193,9.439,9.551
1425109431482,37.52618,139.931454,5,0.11,0.115,9.575,9.527
1425109431584,37.526188,139.931453,5,0.182,0.14,9.395,9.501
1425109431680,37.526198,139.931452,6,0.21,0.093,9.428,9.544
1425109431781,37.526209,139.931452,6,0.222,0.078,9.57,9.594
1425109431881,37.526219,139.931451,6,0.255,0.066,9.513,9.643
1425109431982,37.52623,139.93145,6,0.3,0.068,9.41,9.693
1425109432083,37.52624,139.93145,6,0.326,0.063,9.486,9.743
1425109432183,37.526251,139.931449,6,0.331,0.053,9.541,9.793
1425109432285,37.526261,139.931448,6,0.278,0.057,9.513,9.845
1425109432380,37.526272,139.931447,6,0.24,0.053,9.438,9.893
1425109432480,37.526282,139.931447,6,0.315,0.028,9.454,9.944
1425109432581,37.526293,139.931446,6,0.378,-0.04,9.622,9.995
1425109432682,37.526302,139.931446,6,0.452,-0.074,9.553,10.0
1425109432783,37.526311,139.931446,6,0.381,0.008,9.436,10.0
1425109432883,37.52632,139.931446,6,0.404,-0.115,9.783,10.0
1425109432984,37.526329,139.931446,6,0.46,-0.051,9.688,10.0
1425109433080,37.526337,139.931446,6,0.438,0.017,9.317,10.0
1425109433180,37.526346,139.931446,6,0.405,0.049,9.325,10.0
1425109433281,37.526355,139.931446,6,0.35,0.052,9.538,10.0
1425109433382,37.526364,139.931446,6,0.159,0.066,9.484,10.0
1425109433483,37.526373,139.931446,6,0.03,0.05,9.361,10.0
1425109433583,37.526381,139.931446,6,-0.023,0.033,9.476,10.0
1425109433684,37.526391,139.931446,6,-0.03,0.015,9.626,10.023
1425109433780,37.526401,139.931446,6,-0.026,0.035,9.522,10.047
1425109433880,37.526411,139.931446,6,0.043,0.062,9.349,10.072
1425109433981,37.526422,139.931446,6,0.107,-0.003,9.461,10.097
1425109434082,37.526432,139.931446,6,0.221,-0.015,9.557,10.122
1425109434182,37.526442,139.931445,6,0.244,-0.031,9.391,10.147
1425109434283,37.526452,139.931445,6,0.219,-0.08,9.526,10.173
1425109434384,37.526463,139.931445,6,0.198,-0.115,9.644,10.198
1425109434485,37.526473,139.931445,6,0.157,-0.113,9.657,10.223
1425109434580,37.526483,139.931445,6,0.122,0.038,9.414,10.247
1425109434681,37.526492,139.931446,6,0.117,0.04,9.426,10.25
1425109434782,37.526501,139.931446,6,0.071,0.074,9.408,10.25
1425109434882,37.52651,139.931447,6,0.006,0.117,9.361,10.25
1425109434983,37.526519,139.931447,6,-0.066,0.066,9.392,10.25
1425109435084,37.526527,139.931448,6,-0.002,0.03,9.542,10.25
1425109435184,37.526536,139.931449,6,-0.017,-0.031,9.513,10.25
1425109435280,37.526545,139.931449,6,0.1,0.004,9.43,10.25
1425109435381,37.526554,139.93145,6,0.11,-0.001,9.462,10.25
1425109435482,37.526562,139.93145,6,0.097,0.024,9.546,10.25
1425109435582,37.526571,139.931451,6,0.051,0.043,9.573,10.25
1425109435683,37.526579,139.93145,5,0.028,0.079,9.429,10.226
1425109435784,37.526587,139.93145,5,0.036,0.06,9.528,10.201
1425109435884,37.526595,139.931449,5,0.043,0.034,9.565,10.176
1425109435980,37.526602,139.931449,5,0.054,0.082,9.447,10.152
1425109436081,37.52661,139.931448,5,0.071,0.054,9.393,10.126
1425109436181,37.526618,139.931447,5,0.058,0.086,9.388,10.102
1425109436282,37.526625,139.931447,5,0.024,0.073,9.458,10.076
1425109436383,37.526633,139.931446,5,-0.024,0.064,9.377,10.051
1425109436484,37.526641,139.931446,5,-0.071,0.113,9.372,10.026
1425109436584,37.526649,139.931445,5,-0.16,0.069,9.622,10.001
1425109436680,37.526658,139.931445,5,-0.189,0.082,9.632,10.0
1425109436781,37.526668,139.931446,5,-0.155,0.072,9.534,10.0
1425109436881,37.526679,139.931446,5,-0.083,0.125,9.361,10.0
1425109436982,37.526689,139.931447,5,-0.022,0.133,9.387,10.0
1425109437083,37.526699,139.931447,5,-0.005,0.069,9.516,10.0
1425109437184,37.52671,139.931448,5,0.181,-0.023,9.517,10.0
1425109437284,37.52672,139.931448,5,0.204,-0.1,9.387,10.0
1425109437380,37.52673,139.931449,5,0.29,-0.078,9.467,10.0
1425109437481,37.52674,139.931449,5,0.346,-0.219,9.695,10.0
1425109437581,37.52675,139.93145,5,0.416,-0.139,9.505,10.0
1425109437682,37.526759,139.931449,5,0.303,-0.032,9.332,10.0
1425109437783,37.526767,139.931448,5,0.187,0.092,9.299,10.0
1425109437883,37.526776,139.931448,5,0.157,0.022,9.528,10.0
1425109437984,37.526784,139.931447,5,0.216,-0.149,9.71,10.0
1425109438080,37.526793,139.931446,5,0.222,-0.155,9.471,10.0
1425109438180,37.526801,139.931445,5,0.149,-0.168,9.4,10.0
1425109438281,37.52681,139.931444,5,0.12,-0.123,9.628,10.0
1425109438382,37.526818,139.931444,5,0.199,-0.073,9.593,10.0
1425109438483,37.526827,139.931443,5,0.193,-0.078,9.468,10.0
1425109438583,37.526835,139.931442,5,0.149,-0.054,9.441,10.0
1425109438684,37.526845,139.931443,4,0.1,-0.07,9.564,9.976
1425109438780,37.526854,139.931444,4,0.071,-0.044,9.441,9.952
1425109438880,37.526863,139.931445,4,0.033,-0.055,9.441,9.927
1425109438981,37.526873,139.931446,4,0.034,-0.076,9.435,9.901
1425109439082,37.526882,139.931447,4,0.08,-0.084,9.403,9.876
1425109439183,37.526891,139.931448,4,0.117,-0.096,9.463,9.851
1425109439283,37.526901,139.931449,4,0.117,-0.132,9.531,9.826
1425109439384,37.52691,139.93145,4,0.132,-0.136,9.473,9.801
1425109439480,37.526919,139.931451,4,0.152,-0.116,9.373,9.777
1425109439580,37.526928,139.931452,4,0.178,-0.119,9.489,9.752
1425109439681,37.526937,139.931452,4,0.128,-0.1,9.502,9.75
1425109439782,37.526946,139.931453,4,0.159,-0.086,9.348,9.75
1425109439883,37.526954,139.931453,4,0.109,-0.126,9.566,9.75
1425109439983,37.526963,139.931454,4,0.104,-0.119,9.589,9.75
1425109440084,37.526971,139.931454,4,0.159,-0.077,9.441,9.75
1425109440180,37.52698,139.931455,4,0.11,-0.047,9.401,9.75
1425109440280,37.526988,139.931455,4,0.107,-0.047,9.564,9.75
1425109440381,37.526997,139.931456,4,0.065,-0.019,9.525,9.75
1425109440482,37.527006,139.931456,4,0.178,-0.012,9.463,9.75
1425109440582,37.527014,139.931457,4,0.217,-0.076,9.612,9.75
1425109440683,37.527023,139.931457,4,0.313,-0.008,9.49,9.75
1425109440784,37.527032,139.931457,4,0.326,0.055,9.375,9.75
1425109440884,37.527041,139.931458,4,0.34,-0.0,9.655,9.75
1425109440980,37.527049,139.931458,4,0.365,0.038,9.659,9.75
1425109441081,37.527058,139.931458,4,0.317,0.087,9.387,9.75
1425109441182,37.527067,139.931458,4,0.357,0.076,9.416,9.75
1425109441282,37.527076,139.931458,4,0.371,0.105,9.489,9.75
1425109441383,37.527085,139.931459,4,0.358,0.125,9.36,9.75
1425109441484,37.527094,139.931459,4,0.307,0.087,9.402,9.75
1425109441584,37.527102,139.931459,4,0.257,0.048,9.57,9.75
1425109441680,37.527112,139.931458,4,0.263,0.06,9.481,9.772
1425109441781,37.527121,139.931458,4,0.297,0.06,9.416,9.797
1425109441881,37.527131,139.931457,4,0.297,0.048,9.568,9.822
1425109441982,37.52714,139.931456,4,0.248,0.085,9.588,9.847
1425109442083,37.52715,139.931456,4,0.229,0.108,9.44,9.872
1425109442184,37.52716,139.931455,4,0.232,0.099,9.479,9.898
1425109442284,37.527169,139.931454,4,0.169,0.054,9.673,9.923
1425109442380,37.527179,139.931453,4,0.11,0.098,9.545,9.947
1425109442481,37.527188,139.931453,4,0.046,0.1,9.466,9.972
1425109442581,37.527198,139.931452,4,-0.007,0.165,9.394,9.998
1425109442682,37.527207,139.931452,4,-0.009,0.181,9.402,10.0
1425109442783,37.527215,139.931452,4,-0.069,0.132,9.457,10.0
1425109442884,37.527223,139.931452,4,-0.085,0.142,9.365,10.0
1425109442984,37.527231,139.931452,4,-0.13,0.096,9.362,10.0
1425109443080,37.527239,139.931452,4,-0.061,0.103,9.346,10.0
1425109443181,37.527247,139.931453,4,-0.006,0.027,9.526,10.0
1425109443281,37.527256,139.931453,4,0.003,0.003,9.578,10.0
1425109443382,37.527264,139.931453,4,0.03,0.017,9.441,10.0
1425109443483,37.527272,139.931453,4,0.041,0.018,9.422,10.0
1425109443583,37.52728,139.931453,4,0.092,0.079,9.515,10.0
1425109443684,37.527289,139.931453,4,0.09,-0.149,9.799,10.0
1425109443780,37.527298,139.931454,4,0.09,-0.215,9.897,10.0
1425109443881,37.527307,139.931454,4,0.193,0.05,9.162,10.0
1425109443981,37.527316,139.931454,4,0.02,0.484,8.462,10.0
1425109444082,37.527325,139.931454,4,0.109,0.243,9.608,10.0
1425109444183,37.527334,139.931455,4,-0.044,-0.171,10.482,10.0
1425109444283,37.527343,139.931455,4,0.032,-0.296,9.796,10.0
1425109444384,37.527352,139.931455,4,0.023,-0.17,9.062,10.0
1425109444480,37.527361,139.931456,4,0.196,0.103,9.428,10.0
1425109444580,37.52737,139.931456,4,0.408,0.213,9.795,10.0
1425109444681,37.52738,139.931456,5,0.355,0.05,9.606,10.0
1425109444782,37.52739,139.931457,5,0.295,-0.082,9.428,10.0
1425109444883,37.527399,139.931457,5,0.283,-0.101,9.448,10.0
1425109444983,37.527409,139.931457,5,0.335,-0.012,9.427,10.0
1425109445084,37.527419,139.931457,5,0.242,0.026,9.485,10.0
1425109445185,37.527429,139.931458,5,0.146,0.011,9.545,10.0
1425109445280,37.527438,139.931458,5,0.076,0.022,9.47,10.0
1425109445386,37.527448,139.931458,5,0.072,0.02,9.456,10.0
1425109445482,37.527458,139.931459,5,0.105,0.02,9.491,10.0
1425109445581,37.527467,139.931459,5,0.087,0.035,9.454,10.0
1425109445683,37.527475,139.931459,5,0.115,0.029,9.411,10.0
1425109445782,37.527483,139.93146,5,0.1,0.014,9.5,10.0
1425109445880,37.527491,139.93146,5,0.065,0.032,9.502,10.0
1425109445980,37.527498,139.93146,5,0.09,0.037,9.535,10.0
1425109446081,37.527506,139.93146,5,0.125,0.036,9.424,10.0
1425109446182,37.527514,139.931461,5,0.169,0.099,9.447,10.0
1425109446282,37.527522,139.931461,5,0.183,0.082,9.449,10.0
1425109446383,37.52753,139.931461,5,0.232,0.091,9.471,10.0
1425109446484,37.527538,139.931462,5,0.226,0.034,9.5,10.0
1425109446580,37.527545,139.931462,5,0.233,0.038,9.459,10.0
1425109446680,37.527555,139.931462,5,0.228,0.112,9.383,10.0
1425109446781,37.527565,139.931463,5,0.241,0.081,9.474,10.0
1425109446882,37.527574,139.931463,5,0.237,0.124,9.476,10.0
1425109446982,37.527584,139.931463,5,0.14,0.095,9.532,10.0
1425109447083,37.527594,139.931463,5,0.118,0.124,9.455,10.0
1425109447184,37.527604,139.931464,5,0.075,0.14,9.474,10.0
1425109447284,37.527613,139.931464,5,0.009,0.107,9.568,10.0
1425109447380,37.527623,139.931464,5,0.012,0.147,9.556,10.0
1425109447481,37.527632,139.931465,5,-0.054,0.156,9.42,10.0
1425109447582,37.527642,139.931465,5,-0.006,0.215,9.273,10.0
1425109447682,37.527651,139.931465,5,-0.048,0.193,9.351,10.023
1425109447783,37.527659,139.931465,5,-0.065,0.176,9.444,10.048
1425109447884,37.527668,139.931466,5,-0.106,0.108,9.497,10.073
1425109447984,37.527677,139.931466,5,-0.135,0.051,9.639,10.098
1425109448080,37.527685,139.931466,5,0.012,0.12,9.382,10.122
1425109448181,37.527694,139.931466,5,0.103,0.247,9.126,10.147
1425109448281,37.527702,139.931466,5,0.109,0.258,9.296,10.172
1425109448382,37.527711,139.931467,5,0.041,0.166,9.573,10.197
1425109448483,37.52772,139.931467,5,0.042,0.08,9.59,10.223
1425109448584,37.527728,139.931467,5,0.063,-0.01,9.532,10.248
1425109448684,37.527737,139.931466,5,0.189,0.058,9.557,10.25
1425109448780,37.527745,139.931465,5,0.17,0.096,9.662,10.25
1425109448881,37.527754,139.931465,5,0.204,0.188,9.628,10.25
1425109448981,37.527762,139.931464,5,0.213,0.252,9.461,10.25
1425109449082,37.527771,139.931463,5,0.241,0.197,9.582,10.25
1425109449183,37.527779,139.931462,5,0.289,0.154,9.642,10.25
1425109449283,37.527788,139.931461,5,0.24,0.111,9.617,10.25
1425109449384,37.527796,139.931461,5,0.254,0.126,9.557,10.25
1425109449480,37.527805,139.93146,5,0.24,0.15,9.588,10.25
1425109449581,37.527813,139.931459,5,0.232,0.21,9.433,10.25
1425109449681,37.527823,139.93146,5,0.227,0.201,9.415,10.273
1425109449782,37.527834,139.931461,5,0.201,0.171,9.484,10.298
1425109449883,37.527844,139.931461,5,0.213,0.187,9.451,10.323
1425109449983,37.527855,139.931462,5,0.18,0.157,9.403,10.348
1425109450084,37.527865,139.931463,5,0.173,0.168,9.484,10.373
1425109450180,37.527875,139.931464,5,0.126,0.197,9.402,10.397
1425109450281,37.527886,139.931465,5,0.159,0.278,9.23,10.422
1425109450381,37.527896,139.931465,5,0.118,0.228,9.358,10.447
1425109450482,37.527907,139.931466,5,0.078,0.178,9.532,10.473
1425109450583,37.527917,139.931467,5,0.078,0.143,9.418,10.498
1425109450683,37.527927,139.931467,5,0.187,0.043,9.396,10.523
1425109450784,37.527937,139.931467,5,0.322,0.086,9.43,10.548
1425109450880,37.527946,139.931467,5,0.318,0.105,9.375,10.572
1425109450980,37.527956,139.931467,5,0.29,0.06,9.604,10.597
1425109451081,37.527966,139.931467,5,0.278,0.013,9.657,10.622
1425109451182,37.527976,139.931467,5,0.239,0.005,9.413,10.647
1425109451283,37.527986,139.931467,5,0.23,0.069,9.444,10.673
1425109451383,37.527996,139.931467,5,0.137,0.146,9.605,10.698
1425109451484,37.528005,139.931467,5,-0.009,0.162,9.571,10.723
1425109451580,37.528015,139.931467,5,-0.06,0.179,9.391,10.747
1425109451680,37.528024,139.931467,5,-0.075,0.099,9.525,10.772
1425109451781,37.528033,139.931468,5,-0.036,0.054,9.601,10.797
1425109451882,37.528043,139.931468,5,0.031,-0.001,9.722,10.822
1425109451983,37.528052,139.931468,5,0.172,-0.025,9.49,10.848
1425109452083,37.528061,139.931468,5,0.253,-0.016,9.407,10.873
1425109452184,37.52807,139.931469,5,0.337,-0.088,9.519,10.898
1425109452280,37.528079,139.931469,5,0.366,-0.07,9.565,10.922
1425109452380,37.528089,139.931469,5,0.408,-0.144,9.358,10.947
1425109452481,37.528098,139.93147,5,0.537,-0.14,9.374,10.972
1425109452582,37.528107,139.93147,5,0.522,-0.222,9.592,10.998
1425109452682,37.528118,139.931471,5,0.433,-0.282,9.633,11.0
1425109452783,37.528128,139.931472,5,0.335,-0.127,9.449,11.0
1425109452884,37.528139,139.931473,5,0.229,0.131,8.964,11.0
1425109452980,37.528149,139.931474,5,0.261,0.048,9.509,11.0
1425109453080,37.528159,139.931474,5,0.158,-0.093,9.795,11.0
1425109453181,37.528169,139.931475,5,0.147,-0.165,9.525,11.0
1425109453282,37.52818,139.931476,5,0.11,-0.178,9.381,11.0
1425109453382,37.52819,139.931477,5,0.245,-0.048,9.669,11.0
1425109453483,37.528201,139.931478,5,0.365,-0.093,9.645,11.0
1425109453584,37.528211,139.931479,5,0.462,-0.176,9.654,11.0
1425109453684,37.52822,139.931478,5,0.472,-0.197,9.575,10.976
1425109453780,37.528228,139.931477,5,0.541,-0.141,9.457,10.952
1425109453881,37.528237,139.931477,5,0.546,-0.127,9.513,10.927
1425109453982,37.528246,139.931476,5,0.528,-0.102,9.529,10.901
1425109454082,37.528255,139.931475,5,0.404,-0.155,9.542,10.876
1425109454183,37.528263,139.931474,5,0.402,-0.11,9.437,10.851
1425109454284,37.528272,139.931473,5,0.315,-0.104,9.468,10.826
1425109454384,37.52828,139.931473,5,0.315,-0.115,9.513,10.801
1425109454480,37.528289,139.931472,5,0.32,-0.106,9.477,10.777
1425109454581,37.528297,139.931471,5,0.287,-0.142,9.474,10.752
1425109454681,37.528307,139.931471,5,0.178,-0.102,9.595,10.75
1425109454782,37.528318,139.931471,5,0.15,-0.103,9.575,10.75
1425109454883,37.528328,139.931471,5,0.119,-0.066,9.493,10.75
1425109454984,37.528338,139.931471,5,0.11,0.022,9.358,10.75
1425109455084,37.528348,139.931471,5,-0.003,0.074,9.281,10.75
1425109455180,37.528358,139.931472,5,-0.073,-0.019,9.447,10.75
1425109455281,37.528368,139.931472,5,-0.004,-0.093,9.522,10.75
1425109455381,37.528379,139.931472,5,0.031,-0.185,9.459,10.75
1425109455482,37.528389,139.931472,5,0.082,-0.179,9.537,10.75
1425109455584,37.528399,139.931472,5,0.159,-0.128,9.521,10.75
1425109455684,37.52841,139.931473,5,0.247,-0.147,9.491,10.726
1425109455784,37.528421,139.931474,5,0.229,-0.168,9.611,10.701
1425109455880,37.528431,139.931474,5,0.187,-0.156,9.49,10.677
1425109455981,37.528442,139.931475,5,0.131,-0.099,9.312,10.652
1425109456081,37.528452,139.931476,5,0.045,-0.102,9.398,10.627
1425109456182,37.528463,139.931477,5,0.039,-0.115,9.623,10.601
1425109456283,37.528474,139.931478,5,-0.02,-0.193,9.746,10.576
1425109456383,37.528484,139.931478,5,0.079,-0.147,9.523,10.551
1425109456484,37.528495,139.931479,5,0.155,-0.124,9.488,10.526
1425109456580,37.528505,139.93148,5,0.26,-0.07,9.615,10.502
1425109456681,37.528513,139.93148,5,0.242,-0.08,9.681,10.477
1425109456781,37.528521,139.93148,5,0.194,-0.13,9.588,10.452
1425109456882,37.52853,139.93148,5,0.147,-0.126,9.527,10.426
1425109456983,37.528538,139.93148,5,0.111,-0.097,9.522,10.401
1425109457083,37.528546,139.93148,5,0.121,-0.008,9.516,10.376
1425109457184,37.528554,139.931481,5,0.014,-0.041,9.618,10.351
1425109457280,37.528561,139.931481,5,-0.013,-0.001,9.634,10.327
1425109457380,37.528569,139.931481,5,-0.021,0.006,9.514,10.302
1425109457481,37.528577,139.931481,5,-0.047,0.009,9.564,10.277
1425109457582,37.528585,139.931481,5,-0.018,-0.002,9.623,10.252
1425109457683,37.528595,139.931481,5,0.042,0.012,9.358,10.25
1425109457783,37.528605,139.93148,5,0.1,-0.01,9.387,10.25
1425109457884,37.528616,139.93148,5,0.098,-0.099,9.681,10.25
1425109457980,37.528625,139.931479,5,0.109,-0.081,9.645,10.25
1425109458080,37.528635,139.931479,5,0.076,-0.038,9.487,10.25
1425109458181,37.528646,139.931479,5,0.073,-0.112,9.746,10.25
1425109458282,37.528656,139.931478,5,0.07,-0.02,9.572,10.25
1425109458383,37.528666,139.931478,5,0.09,-0.03,9.475,10.25
1425109458483,37.528676,139.931477,5,0.09,-0.391,10.564,10.25
1425109458584,37.528686,139.931477,5,0.221,-0.484,10.732,10.25
1425109458680,37.528695,139.931478,5,0.338,-0.251,9.488,10.25
1425109458780,37.528704,139.931478,5,0.496,0.012,9.267,10.25
1425109458881,37.528713,139.931479,5,0.616,0.188,9.959,10.25
1425109458982,37.528723,139.93148,5,0.509,0.144,9.379,10.25
1425109459082,37.528732,139.93148,5,0.436,-0.218,9.365,10.25
1425109459183,37.528741,139.931481,5,0.284,-0.419,10.031,10.25
1425109459284,37.52875,139.931482,5,0.179,-0.499,10.112,10.25
1425109459380,37.528759,139.931483,5,0.049,-0.07,9.096,10.25
1425109459485,37.528768,139.931483,5,-0.061,0.064,9.464,10.25
1425109459581,37.528777,139.931484,5,-0.168,0.106,10.081,10.25
1425109459680,37.528787,139.931482,6,-0.057,0.272,9.128,10.18
1425109459782,37.528798,139.93148,6,-0.182,-0.119,8.62,10.102
1425109459881,37.528808,139.931478,6,0.024,-0.191,9.117,10.026
1425109459984,37.528818,139.931476,6,0.296,0.203,9.18,9.948
1425109460083,37.528828,139.931474,6,0.092,-0.058,8.96,9.873
1425109460180,37.528838,139.931472,6,0.129,-0.294,9.708,9.801
1425109460281,37.528848,139.93147,6,0.441,-0.393,9.691,9.726
1425109460382,37.528858,139.931468,6,0.512,-0.304,9.06,9.651
1425109460482,37.528868,139.931466,6,0.496,-0.129,8.803,9.578
1425109460583,37.528877,139.931464,6,0.428,0.011,9.363,9.505
1425109460684,37.528886,139.931463,6,0.292,0.078,9.459,9.476
1425109460784,37.528895,139.931463,6,0.101,0.099,8.958,9.451
1425109460880,37.528903,139.931462,6,-0.086,0.042,9.067,9.427
1425109460981,37.528912,139.931461,6,-0.253,0.099,9.217,9.401
1425109461082,37.528921,139.931461,6,-0.283,0.196,9.171,9.376
1425109461182,37.528929,139.93146,6,-0.333,0.143,9.159,9.351
1425109461283,37.528938,139.931459,6,-0.301,0.112,9.225,9.326
1425109461384,37.528946,139.931458,6,-0.305,0.136,9.213,9.301
1425109461484,37.528955,139.931458,6,-0.267,0.095,9.196,9.276
1425109461580,37.528963,139.931457,6,-0.292,-0.008,9.511,9.252
1425109461681,37.528971,139.931457,5,-0.206,-0.133,9.671,9.25
1425109461781,37.528979,139.931457,5,-0.237,-0.063,9.572,9.25
1425109461882,37.528987,139.931458,5,0.15,0.197,8.419,9.25
1425109461983,37.528995,139.931458,5,0.16,0.501,7.284,9.25
1425109462084,37.529003,139.931458,5,0.092,0.277,8.805,9.25
1425109462184,37.529011,139.931458,5,-0.269,-0.424,10.689,9.25
1425109462280,37.529019,139.931458,5,-0.312,-0.709,10.28,9.25
1425109462381,37.529026,139.931459,5,-0.346,-0.554,8.759,9.25
1425109462481,37.529034,139.931459,5,-0.099,-0.049,9.23,9.25
1425109462582,37.529042,139.931459,5,0.001,0.361,10.252,9.25
1425109462683,37.529051,139.931459,5,-0.11,0.375,10.161,9.295
1425109462783,37.529061,139.931459,5,-0.232,0.266,9.486,9.344
1425109462884,37.52907,139.931459,5,-0.259,0.284,9.262,9.394
1425109462980,37.529079,139.931459,5,-0.188,0.272,9.752,9.442
1425109463081,37.529088,139.931459,5,-0.006,0.185,9.871,9.492
1425109463181,37.529097,139.931458,5,0.078,0.087,9.695,9.542
1425109463282,37.529107,139.931458,5,0.026,0.067,9.427,9.593
1425109463383,37.529116,139.931458,5,-0.036,0.031,9.931,9.644
1425109463483,37.529126,139.931458,5,-0.035,0.031,10.147,9.695
1425109463584,37.529135,139.931458,5,0.007,0.088,9.893,9.747
1425109463680,37.529144,139.931457,5,0.04,0.098,9.723,9.75
1425109463780,37.529153,139.931456,5,0.041,0.202,9.693,9.75
1425109463881,37.529162,139.931455,5,0.063,0.345,9.657,9.75
1425109463982,37.529171,139.931454,5,0.137,0.274,9.588,9.75
1425109464083,37.52918,139.931453,5,0.303,0.169,9.596,9.75
1425109464183,37.529189,139.931452,5,0.333,0.036,9.667,9.75
1425109464284,37.529198,139.931451,5,0.381,0.021,9.469,9.75
1425109464380,37.529206,139.93145,5,0.452,0.067,9.394,9.75
1425109464480,37.529215,139.931449,5,0.483,0.111,9.361,9.75
1425109464581,37.529224,139.931448,5,0.428,0.17,9.417,9.75
1425109464682,37.529232,139.931448,5,0.301,0.13,9.394,9.75
1425109464782,37.529241,139.931447,5,0.186,0.114,9.479,9.75
1425109464883,37.529249,139.931447,5,0.106,0.033,9.66,9.75
1425109464984,37.529257,139.931447,5,0.092,0.094,9.492,9.75
1425109465080,37.529265,139.931447,5,0.08,0.22,9.358,9.75
1425109465180,37.529273,139.931446,5,0.054,0.258,9.359,9.75
1425109465281,37.529281,139.931446,5,-0.004,0.329,9.402,9.75
1425109465382,37.529289,139.931446,5,-0.024,0.21,9.449,9.75
1425109465482,37.529297,139.931445,5,0.035,0.035,9.62,9.75
1425109465583,37.529305,139.931445,5,0.088,-0.044,9.808,9.75
1425109465684,37.529315,139.931444,5,0.253,-0.027,9.661,9.773
1425109465785,37.529324,139.931444,5,0.319,0.208,9.029,9.798
1425109465880,37.529333,139.931443,5,0.356,0.241,9.207,9.822
1425109465981,37.529342,139.931442,5,0.284,0.074,9.929,9.847
1425109466082,37.529352,139.931442,5,0.323,0.054,9.735,9.872
1425109466182,37.529361,139.931441,5,0.271,-0.001,9.151,9.897
1425109466283,37.529371,139.93144,5,0.264,0.166,9.185,9.923
1425109466384,37.52938,139.931439,5,0.167,0.17,9.802,9.948
1425109466480,37.52939,139.931439,5,0.037,0.205,9.585,9.972
1425109466580,37.529399,139.931438,5,-0.047,0.145,9.352,9.997
1425109466681,37.529408,139.931438,5,-0.045,0.106,9.479,10.0
1425109466782,37.529417,139.931437,5,0.046,0.147,9.602,10.0
1425109466882,37.529426,139.931437,5,0.145,0.151,9.532,10.0
1425109466983,37.529435,139.931437,5,0.211,0.066,9.714,10.0
1425109467084,37.529444,139.931437,5,0.299,0.018,9.455,10.0
1425109467184,37.529453,139.931436,5,0.455,0.077,9.212,10.0
1425109467280,37.529461,139.931436,5,0.539,0.072,9.283,10.0
1425109467381,37.52947,139.931436,5,0.559,0.043,9.801,10.0
1425109467481,37.529479,139.931435,5,0.451,-0.095,9.769,10.0
1425109467582,37.529488,139.931435,5,0.441,-0.117,9.507,10.0
1425109467683,37.529497,139.931435,5,0.488,-0.039,9.391,10.0
1425109467784,37.529505,139.931435,5,0.494,0.091,9.603,10.0
1425109467884,37.529513,139.931434,5,0.348,0.138,9.449,10.0
1425109467980,37.529521,139.931434,5,0.308,0.173,9.085,10.0
1425109468081,37.529529,139.931434,5,0.292,0.254,8.833,10.0
1425109468181,37.529537,139.931434,5,0.077,-0.016,9.814,10.0
1425109468282,37.529545,139.931434,5,-0.025,-0.168,10.114,10.0
1425109468383,37.529553,139.931433,5,-0.059,0.232,9.097,10.0
1425109468484,37.529561,139.931433,5,-0.14,0.485,8.064,10.0
1425109468584,37.52957,139.931433,5,0.095,0.018,9.888,10.0
1425109468680,37.529579,139.931433,6,0.184,-0.003,10.347,10.0
1425109468781,37.529588,139.931432,6,0.184,-0.035,9.227,10.0
1425109468881,37.529598,139.931432,6,0.086,0.261,8.436,10.0
1425109468982,37.529607,139.931431,6,0.226,0.547,9.0,10.0
1425109469083,37.529617,139.931431,6,0.335,0.179,9.687,10.0
1425109469183,37.529626,139.93143,6,0.25,-0.107,9.612,10.0
1425109469284,37.529636,139.93143,6,0.058,-0.018,9.0,10.0
1425109469380,37.529645,139.931429,6,0.039,0.323,8.572,10.0
1425109469481,37.529655,139.931429,6,-0.24,-0.134,10.663,10.0
1425109469581,37.529664,139.931428,6,0.004,-0.423,10.846,10.0
1425109469682,37.529673,139.931428,6,0.044,-0.052,9.019,10.0
1425109469783,37.529682,139.931429,6,0.206,0.19,8.169,10.0
1425109469883,37.52969,139.931429,6,0.643,0.46,9.354,10.0
1425109469984,37.529699,139.931429,6,0.59,0.077,9.922,10.0
1425109470080,37.529707,139.931429,6,0.534,-0.308,9.584,10.0
1425109470180,37.529716,139.93143,6,0.474,-0.299,9.027,10.0
1425109470281,37.529724,139.93143,6,0.475,-0.077,8.94,10.0
1425109470382,37.529733,139.93143,6,0.416,0.164,9.262,10.0
1425109470483,37.529742,139.931431,6,0.292,-0.061,10.074,10.0
1425109470583,37.52975,139.931431,6,0.058,-0.146,9.906,10.0
1425109470684,37.52976,139.93143,6,0.073,-0.093,9.196,10.0
1425109470780,37.529769,139.93143,6,0.045,0.037,9.631,10.0
1425109470880,37.529778,139.931429,6,0.16,0.018,10.425,10.0
1425109470981,37.529787,139.931428,6,0.241,0.123,10.021,10.0
1425109471082,37.529797,139.931428,6,0.453,0.179,9.356,10.0
1425109471183,37.529806,139.931427,6,0.535,0.182,9.368,10.0
1425109471283,37.529815,139.931426,6,0.687,0.106,9.538,10.0
1425109471384,37.529825,139.931425,6,0.739,0.068,9.4,10.0
1425109471480,37.529834,139.931425,6,0.588,0.062,9.286,10.0
1425109471580,37.529843,139.931424,6,0.426,0.115,9.567,10.0
1425109471681,37.529852,139.931425,5,0.284,0.211,9.526,10.022
1425109471782,37.529862,139.931426,5,0.193,0.265,9.462,10.048
1425109471882,37.529871,139.931427,5,0.183,0.303,9.62,10.072
1425109471983,37.52988,139.931428,5,0.218,0.397,9.441,10.098
1425109472084,37.52989,139.931429,5,0.263,0.479,9.343,10.123
1425109472180,37.529899,139.93143,5,0.262,0.391,9.437,10.147
1425109472280,37.529908,139.931431,5,0.343,0.335,9.449,10.172
1425109472381,37.529917,139.931432,5,0.299,0.326,9.332,10.197
1425109472482,37.529927,139.931433,5,0.478,0.186,9.457,10.223
1425109472582,37.529936,139.931434,5,0.547,0.19,9.543,10.248
1425109472683,37.529945,139.931434,6,0.597,0.185,9.437,10.25
1425109472784,37.529954,139.931433,6,0.657,0.245,9.375,10.25
1425109472885,37.529964,139.931433,6,0.493,0.258,9.564,10.25
1425109472980,37.529972,139.931433,6,0.406,0.283,9.634,10.25
1425109473081,37.529981,139.931433,6,0.452,0.206,9.501,10.25
1425109473182,37.52999,139.931432,6,0.503,0.178,9.438,10.25
1425109473282,37.529999,139.931432,6,0.395,0.144,9.576,10.25
1425109473383,37.530008,139.931432,6,0.48,0.185,9.463,10.25
1425109473484,37.530017,139.931431,6,0.425,0.153,9.578,10.25
1425109473584,37.530026,139.931431,6,0.372,0.222,9.29,10.25
1425109473680,37.530037,139.93143,8,0.414,0.193,9.272,10.272
1425109473786,37.530049,139.931429,8,0.388,0.192,9.394,10.299
1425109473881,37.530059,139.931428,8,0.303,0.247,9.422,10.322
1425109473981,37.53007,139.931427,8,0.297,0.093,9.508,10.347
1425109474083,37.530082,139.931426,8,0.299,0.106,9.323,10.372
1425109474182,37.530093,139.931425,8,0.257,0.076,9.479,10.397
1425109474284,37.530104,139.931424,8,0.392,0.104,9.436,10.423
1425109474380,37.530115,139.931423,8,0.483,0.137,9.5,10.447
1425109474481,37.530127,139.931422,8,0.524,0.044,9.433,10.472
1425109474581,37.530138,139.931421,8,0.525,0.039,9.688,10.498
1425109474682,37.530146,139.931421,8,0.593,0.026,9.468,10.5
1425109474783,37.530154,139.931421,8,0.582,0.112,9.513,10.5
1425109474884,37.530163,139.93142,8,0.485,0.113,9.492,10.5
1425109474984,37.530171,139.93142,8,0.501,0.154,9.571,10.5
1425109475080,37.530178,139.93142,8,0.492,0.132,9.563,10.5
1425109475181,37.530186,139.93142,8,0.465,0.154,9.467,10.5
1425109475281,37.530194,139.93142,8,0.405,0.175,9.555,10.5
1425109475382,37.530202,139.931419,8,0.299,0.273,9.508,10.5
1425109475493,37.530211,139.931419,8,0.243,0.312,9.502,10.5
1425109475583,37.530218,139.931419,8,0.238,0.256,9.661,10.5
1425109475684,37.530227,139.931419,6,0.168,0.242,9.405,10.452
1425109475780,37.530235,139.93142,6,0.223,0.263,9.212,10.403
1425109475881,37.530244,139.93142,6,0.349,0.282,9.345,10.352
1425109475981,37.530253,139.93142,6,0.283,0.213,9.648,10.302
1425109476082,37.530261,139.93142,6,0.285,0.212,9.452,10.251
1425109476183,37.53027,139.931421,6,0.244,0.09,9.548,10.201
1425109476283,37.530278,139.931421,6,0.35,0.084,9.602,10.151
1425109476384,37.530287,139.931421,6,0.408,0.154,9.583,10.101
1425109476480,37.530295,139.931422,6,0.32,0.18,9.423,10.054
1425109476580,37.530303,139.931422,6,0.262,0.275,9.51,10.005
1425109476681,37.530313,139.931424,6,0.178,0.247,9.488,10.044
1425109476782,37.530323,139.931426,6,0.151,0.318,9.345,10.094
1425109476883,37.530333,139.931428,6,0.041,0.336,9.23,10.144
1425109476983,37.530343,139.931431,6,-0.135,0.286,9.465,10.194
1425109477084,37.530353,139.931433,6,-0.248,0.283,9.452,10.244
1425109477180,37.530362,139.931435,6,-0.257,0.317,9.222,10.292
1425109477280,37.530372,139.931437,6,-0.191,0.088,9.596,10.342
1425109477381,37.530383,139.931439,6,-0.024,-0.064,10.03,10.393
1425109477482,37.530393,139.931442,6,0.114,0.104,9.559,10.445
1425109477583,37.530403,139.931444,6,0.222,0.196,9.242,10.496
1425109477683,37.530413,139.931446,7,0.418,0.349,9.597,10.523
1425109477784,37.530423,139.931447,7,0.568,0.097,9.566,10.548
1425109477880,37.530432,139.931449,7,0.629,-0.082,9.63,10.572
1425109477980,37.530442,139.931451,7,0.469,-0.064,9.499,10.597
1425109478081,37.530451,139.931453,7,0.427,-0.008,9.539,10.622
1425109478182,37.530461,139.931455,7,0.311,0.226,9.592,10.647
1425109478282,37.530471,139.931456,7,0.061,0.19,9.578,10.672
1425109478383,37.530481,139.931458,7,0.039,0.209,9.677,10.698
1425109478484,37.530491,139.93146,7,-0.071,0.262,9.412,10.723
1425109478580,37.5305,139.931462,7,-0.031,0.297,9.317,10.747
1425109478680,37.53051,139.931464,10,0.017,0.296,9.406,10.75
1425109478781,37.530521,139.931467,10,0.015,0.267,9.593,10.75
1425109478882,37.530532,139.93147,10,0.016,0.242,9.468,10.75
1425109478982,37.530542,139.931473,10,0.157,0.169,9.339,10.75
1425109479083,37.530553,139.931475,10,0.17,0.161,9.533,10.75
1425109479184,37.530563,139.931478,10,0.156,0.226,9.428,10.75
1425109479284,37.530574,139.931481,10,0.18,0.24,9.461,10.75
1425109479380,37.530584,139.931483,10,0.166,0.208,9.398,10.75
1425109479481,37.530595,139.931486,10,0.17,0.228,9.575,10.75
1425109479582,37.530605,139.931489,10,0.109,0.264,9.435,10.75
1425109479682,37.530614,139.93149,10,0.101,0.269,9.463,10.727
1425109479783,37.530623,139.93149,10,0.157,0.272,9.399,10.701
1425109479884,37.530632,139.931491,10,0.169,0.345,9.319,10.676
1425109479984,37.530641,139.931492,10,0.092,0.29,9.533,10.651
1425109480080,37.530649,139.931492,10,0.01,0.297,9.582,10.627
1425109480181,37.530658,139.931493,10,-0.04,0.34,9.563,10.602
1425109480281,37.530667,139.931494,10,-0.068,0.47,9.351,10.577
1425109480382,37.530676,139.931495,10,-0.054,0.567,9.402,10.552
1425109480483,37.530685,139.931495,10,-0.138,0.465,9.583,10.526
1425109480584,37.530693,139.931496,10,-0.173,0.611,9.293,10.501
1425109480684,37.530701,139.931491,9,-0.211,0.618,9.078,10.5
1425109480780,37.530708,139.931485,9,-0.162,0.493,9.487,10.5
1425109480881,37.530716,139.931479,9,-0.257,0.352,9.84,10.5
1425109480981,37.530724,139.931474,9,-0.191,0.346,9.384,10.5
1425109481082,37.530731,139.931468,9,-0.079,0.515,9.246,10.5
1425109481183,37.530739,139.931462,9,0.005,0.542,9.479,10.5
1425109481283,37.530747,139.931456,9,0.042,0.464,9.77,10.5
1425109481384,37.530754,139.931451,9,0.012,0.343,9.609,10.5
1425109481480,37.530762,139.931445,9,-0.001,0.382,9.339,10.5
1425109481581,37.530769,139.93144,9,0.024,0.414,9.431,10.5
1425109481681,37.530779,139.931439,9,0.073,0.38,9.657,10.5
1425109481782,37.530789,139.931438,9,-0.011,0.409,9.512,10.5
1425109481883,37.530799,139.931438,9,-0.08,0.392,9.465,10.5
1425109481983,37.530809,139.931438,9,-0.118,0.428,9.576,10.5
1425109482084,37.530818,139.931438,9,-0.141,0.469,9.46,10.5
1425109482180,37.530828,139.931437,9,-0.159,0.492,9.476,10.5
1425109482281,37.530838,139.931437,9,-0.155,0.416,9.51,10.5
1425109482381,37.530848,139.931437,9,-0.179,0.411,9.572,10.5
1425109482482,37.530857,139.931436,9,-0.188,0.438,9.484,10.5
1425109482583,37.530867,139.931436,9,-0.138,0.474,9.444,10.5
1425109482683,37.530876,139.931437,5,-0.105,0.489,9.391,10.523
1425109482784,37.530885,139.931437,5,-0.071,0.48,9.303,10.548
1425109482880,37.530894,139.931438,5,-0.035,0.445,9.436,10.572
1425109482980,37.530903,139.931438,5,-0.022,0.388,9.451,10.597
1425109483081,37.530912,139.931439,5,-0.037,0.39,9.396,10.622
1425109483182,37.530922,139.93144,5,-0.054,0.37,9.429,10.647
1425109483283,37.530931,139.93144,5,-0.026,0.413,9.504,10.673
1425109483383,37.53094,139.931441,5,0.098,0.402,9.445,10.698
1425109483484,37.530949,139.931441,5,0.115,0.458,9.306,10.723
1425109483580,37.530958,139.931442,5,0.107,0.438,9.319,10.747
1425109483680,37.530967,139.931441,4,0.123,0.414,9.395,10.75
1425109483781,37.530977,139.931441,4,0.088,0.403,9.347,10.75
1425109483882,37.530986,139.93144,4,0.068,0.339,9.424,10.75
1425109483982,37.530996,139.931439,4,0.145,0.315,9.53,10.75
1425109484083,37.531005,139.931439,4,0.201,0.308,9.379,10.75
1425109484184,37.531015,139.931438,4,0.205,0.283,9.512,10.75
1425109484280,37.531024,139.931437,4,0.148,0.278,9.433,10.75
1425109484380,37.531033,139.931436,4,0.138,0.304,9.394,10.75
1425109484481,37.531043,139.931436,4,0.18,0.172,9.493,10.75
1425109484582,37.531052,139.931435,4,0.221,0.102,9.595,10.75
1425109484682,37.531063,139.931435,6,0.413,-0.082,9.64,10.75
1425109484783,37.531074,139.931434,6,0.409,0.053,9.331,10.75
1425109484884,37.531085,139.931434,6,0.354,0.145,9.328,10.75
1425109484985,37.531096,139.931433,6,0.444,0.123,9.441,10.75
1425109485080,37.531106,139.931433,6,0.534,0.034,9.536,10.75
1425109485181,37.531117,139.931433,6,0.336,-0.077,9.355,10.75
1425109485282,37.531128,139.931432,6,0.203,0.101,9.452,10.75
1425109485382,37.531139,139.931432,6,0.042,0.081,9.394,10.75
1425109485483,37.53115,139.931431,6,0.257,0.082,9.495,10.75
1425109485584,37.531161,139.931431,6,0.236,0.02,9.458,10.75
1425109485684,37.531171,139.931431,6,0.227,0.04,9.486,10.75
1425109485780,37.531179,139.931432,6,0.228,0.063,9.497,10.75
1425109485881,37.531189,139.931432,6,0.289,0.122,9.275,10.75
1425109485982,37.531198,139.931433,6,0.289,0.05,9.464,10.75
1425109486082,37.531207,139.931433,6,0.16,0.034,9.635,10.75
1425109486183,37.531217,139.931434,6,0.088,0.114,9.41,10.75
1425109486284,37.531226,139.931434,6,0.025,0.125,9.55,10.75
1425109486384,37.531235,139.931435,6,0.036,0.158,9.65,10.75
1425109486480,37.531244,139.931435,6,0.096,0.154,9.393,10.75
1425109486581,37.531253,139.931436,6,0.096,0.157,9.39,10.75
1425109486681,37.531264,139.931436,5,0.041,0.135,9.591,10.75
1425109486782,37.531274,139.931435,5,-0.003,0.182,9.548,10.75
1425109486883,37.531285,139.931435,5,-0.061,0.145,9.447,10.75
1425109486984,37.531295,139.931434,5,-0.063,0.201,9.445,10.75
1425109487084,37.531306,139.931434,5,-0.025,0.189,9.463,10.75
1425109487180,37.531316,139.931433,5,-0.085,0.164,9.619,10.75
1425109487281,37.531327,139.931433,5,-0.05,0.08,9.69,10.75
1425109487381,37.531337,139.931432,5,0.026,0.14,9.372,10.75
1425109487482,37.531348,139.931432,5,0.091,0.231,9.375,10.75
1425109487583,37.531358,139.931431,5,0.146,0.197,9.463,10.75
1425109487684,37.531368,139.93143,5,0.112,0.09,9.602,10.75
1425109487784,37.531377,139.931429,5,0.162,0.049,9.307,10.75
1425109487885,37.531387,139.931428,5,0.217,0.07,9.397,10.75
1425109487981,37.531396,139.931427,5,0.178,0.115,9.633,10.75
1425109488080,37.531406,139.931426,5,0.172,0.244,9.377,10.75
1425109488182,37.531415,139.931425,5,0.096,0.206,9.546,10.75
1425109488281,37.531425,139.931424,5,0.115,0.195,9.584,10.75
1425109488383,37.531434,139.931423,5,0.074,0.276,9.459,10.75
1425109488482,37.531444,139.931422,5,0.127,0.266,9.445,10.75
1425109488580,37.531453,139.931421,5,-0.041,0.402,9.663,10.75
1425109488680,37.531462,139.931421,4,-0.005,0.322,9.586,10.75
1425109488781,37.531471,139.93142,4,0.002,0.288,9.732,10.75
1425109488882,37.53148,139.93142,4,0.1,0.351,9.517,10.75
1425109488983,37.531489,139.931419,4,0.113,0.41,9.367,10.75
1425109489083,37.531498,139.931419,4,0.184,0.452,9.418,10.75
1425109489184,37.531507,139.931419,4,0.138,0.406,9.492,10.75
1425109489280,37.531515,139.931418,4,-0.036,0.181,9.861,10.75
1425109489380,37.531524,139.931418,4,0.047,0.325,9.473,10.75
1425109489481,37.531533,139.931417,4,0.262,0.305,9.04,10.75
1425109489582,37.531542,139.931417,4,0.366,0.339,9.396,10.75
1425109489683,37.531552,139.931416,5,0.249,0.347,9.623,10.75
1425109489783,37.531563,139.931415,5,0.24,0.191,9.38,10.75
1425109489884,37.531573,139.931413,5,0.261,0.231,9.351,10.75
1425109489980,37.531583,139.931412,5,0.32,0.161,9.622,10.75
1425109490080,37.531593,139.931411,5,0.482,0.137,9.591,10.75
1425109490181,37.531603,139.93141,5,0.525,0.144,9.375,10.75
1425109490282,37.531614,139.931409,5,0.417,0.244,9.389,10.75
1425109490382,37.531624,139.931408,5,0.345,0.271,9.373,10.75
1425109490483,37.531634,139.931406,5,0.333,0.214,9.39,10.75
1425109490584,37.531644,139.931405,5,0.267,0.196,9.493,10.75
1425109490680,37.531654,139.931406,5,0.194,0.199,9.46,10.772
1425109490780,37.531664,139.931407,5,0.1,0.225,9.505,10.797
1425109490881,37.531674,139.931408,5,0.039,0.268,9.554,10.822
1425109490982,37.531684,139.93141,5,0.006,0.302,9.698,10.847
1425109491082,37.531694,139.931411,5,0.019,0.263,9.484,10.872
1425109491183,37.531704,139.931412,5,0.035,0.349,9.456,10.898
1425109491284,37.531714,139.931413,5,0.067,0.336,9.454,10.923
1425109491384,37.531724,139.931415,5,0.038,0.366,9.421,10.948
1425109491480,37.531734,139.931416,5,0.118,0.305,9.26,10.972
1425109491581,37.531744,139.931417,5,0.138,0.33,9.296,10.998
1425109491682,37.531754,139.931416,5,0.15,0.181,9.465,11.0
1425109491782,37.531763,139.931416,5,0.149,0.118,9.637,11.0
1425109491883,37.531773,139.931415,5,0.11,0.167,9.46,11.0
1425109491984,37.531783,139.931415,5,0.1,0.291,9.487,11.0
1425109492084,37.531792,139.931414,5,0.109,0.298,9.433,11.0
1425109492180,37.531802,139.931413,5,0.237,0.362,9.551,11.0
1425109492281,37.531811,139.931413,5,0.138,0.263,9.679,11.0
1425109492382,37.531821,139.931412,5,0.063,0.307,9.516,11.0
1425109492482,37.531831,139.931412,5,-0.014,0.285,9.475,11.0
1425109492583,37.53184,139.931411,5,0.057,0.318,9.452,11.0
1425109492684,37.531851,139.931411,4,0.036,0.321,9.501,11.023
1425109492784,37.531862,139.93141,4,-0.006,0.225,9.489,11.048
1425109492880,37.531872,139.93141,4,-0.035,0.259,9.56,11.072
1425109492981,37.531883,139.93141,4,-0.008,0.188,9.501,11.097
1425109493081,37.531893,139.93141,4,0.024,0.234,9.537,11.122
1425109493182,37.531904,139.931409,4,-0.013,0.219,9.512,11.147
1425109493283,37.531915,139.931409,4,-0.013,0.239,9.603,11.173
1425109493384,37.531926,139.931409,4,-0.02,0.189,9.522,11.198
1425109493484,37.531937,139.931408,4,0.012,0.225,9.426,11.223
1425109493580,37.531947,139.931408,4,0.063,0.198,9.408,11.247
1425109493681,37.531956,139.931407,4,0.029,0.198,9.474,11.25
1425109493781,37.531965,139.931407,4,0.011,0.177,9.409,11.25
1425109493882,37.531974,139.931406,4,0.016,0.154,9.49,11.25
1425109493983,37.531983,139.931405,4,0.05,0.108,9.636,11.25
1425109494084,37.531992,139.931405,4,0.11,0.181,9.403,11.25
1425109494184,37.532001,139.931404,4,0.157,0.21,9.191,11.25
1425109494280,37.53201,139.931403,4,0.145,0.183,9.466,11.25
1425109494381,37.532019,139.931402,4,0.079,0.16,9.662,11.25
1425109494481,37.532028,139.931402,4,0.02,0.157,9.434,11.25
1425109494582,37.532037,139.931401,4,0.011,0.152,9.431,11.25
1425109494683,37.532048,139.931401,5,0.034,0.243,9.55,11.25
1425109494783,37.532059,139.931402,5,0.008,0.262,9.54,11.25
1425109494884,37.53207,139.931402,5,-0.009,0.22,9.542,11.25
1425109494980,37.532081,139.931403,5,0.062,0.256,9.412,11.25
1425109495080,37.532091,139.931403,5,0.062,0.143,9.438,11.25
1425109495181,37.532102,139.931403,5,0.126,0.169,9.578,11.25
1425109495282,37.532113,139.931404,5,0.204,0.103,9.571,11.25
1425109495383,37.532124,139.931404,5,0.292,0.094,9.667,11.25
1425109495483,37.532135,139.931405,5,0.344,0.157,9.332,11.25
1425109495584,37.532146,139.931405,5,0.352,0.199,9.388,11.25
1425109495680,37.532156,139.931404,5,0.329,0.2,9.465,11.25
1425109495780,37.532167,139.931403,5,0.261,0.094,9.544,11.25
1425109495881,37.532177,139.931402,5,0.291,-0.07,9.612,11.25
1425109495982,37.532187,139.931401,5,0.293,0.107,9.243,11.25
1425109496083,37.532198,139.9314,5,0.285,0.113,9.314,11.25
1425109496183,37.532208,139.931399,5,0.322,-0.037,9.652,11.25
1425109496284,37.532218,139.931398,5,0.382,-0.086,9.442,11.25
1425109496380,37.532228,139.931397,5,0.42,-0.02,9.145,11.25
1425109496480,37.532239,139.931396,5,0.377,0.069,9.241,11.25
1425109496581,37.532249,139.931395,5,0.292,0.02,9.425,11.25
1425109496682,37.532259,139.931395,5,0.183,-0.011,9.418,11.273
1425109496782,37.532269,139.931395,5,0.075,0.018,9.399,11.298
1425109496883,37.532278,139.931395,5,0.038,0.09,9.463,11.323
1425109496984,37.532288,139.931395,5,-0.004,0.19,9.419,11.348
1425109497080,37.532298,139.931395,5,-0.032,0.141,9.487,11.372
1425109497180,37.532308,139.931395,5,-0.05,0.123,9.538,11.397
1425109497281,37.532317,139.931395,5,-0.01,0.102,9.557,11.422
1425109497382,37.532327,139.931395,5,0.023,0.119,9.526,11.448
1425109497482,37.532337,139.931395,5,0.051,0.162,9.496,11.473
1425109497583,37.532347,139.931395,5,0.087,0.197,9.529,11.498
1425109497684,37.532358,139.931394,5,0.051,0.271,9.511,11.5
1425109497784,37.532369,139.931393,5,0.016,0.279,9.428,11.5
1425109497880,37.53238,139.931392,5,-0.013,0.252,9.556,11.5
1425109497981,37.532391,139.931391,5,0.001,0.243,9.504,11.5
1425109498081,37.532402,139.93139,5,0.008,0.218,9.588,11.5
1425109498182,37.532413,139.931389,5,0.06,0.275,9.622,11.5
1425109498283,37.532424,139.931388,5,0.159,0.268,9.645,11.5
1425109498384,37.532435,139.931387,5,0.21,0.231,9.568,11.5
1425109498484,37.532446,139.931386,5,0.223,0.35,9.369,11.5
1425109498580,37.532457,139.931385,5,0.214,0.344,9.455,11.5
1425109498681,37.532467,139.931384,5,0.197,0.37,9.5,11.5
1425109498781,37.532477,139.931383,5,0.102,0.332,9.377,11.5
1425109498882,37.532487,139.931381,5,0.081,0.368,9.336,11.5
1425109498983,37.532497,139.93138,5,-0.041,0.313,9.54,11.5
1425109499084,37.532506,139.931379,5,-0.095,0.386,9.59,11.5
1425109499184,37.532516,139.931378,5,-0.066,0.376,9.288,11.5
1425109499280,37.532526,139.931377,5,-0.014,0.408,9.414,11.5
1425109499381,37.532536,139.931376,5,-0.019,0.388,9.417,11.5
1425109499481,37.532545,139.931374,5,0.014,0.403,9.356,11.5
1425109499582,37.532555,139.931373,5,0.097,0.235,9.55,11.5
1425109499683,37.532566,139.931374,5,0.134,0.204,9.656,11.5
1425109499784,37.532576,139.931375,5,0.238,0.216,9.31,11.5
1425109499884,37.532587,139.931376,5,0.269,0.294,9.367,11.5
1425109499980,37.532597,139.931377,5,0.425,0.097,9.697,11.5
1425109500081,37.532608,139.931377,5,0.207,-0.079,10.068,11.5
1425109500181,37.532618,139.931378,5,0.231,-0.018,9.754,11.5
1425109500282,37.532629,139.931379,5,0.259,0.304,8.978,11.5
1425109500383,37.532639,139.93138,5,0.339,0.345,9.219,11.5
1425109500483,37.53265,139.931381,5,0.132,0.201,9.707,11.5
1425109500584,37.53266,139.931382,5,-0.032,-0.009,9.578,11.5
1425109500680,37.532672,139.931381,6,-0.001,-0.018,9.447,11.5
1425109500781,37.532683,139.93138,6,0.086,0.087,9.402,11.5
1425109500881,37.532695,139.931379,6,0.153,0.181,9.557,11.5
1425109500982,37.532707,139.931378,6,0.194,0.142,9.503,11.5
1425109501083,37.532719,139.931377,6,0.226,0.083,9.494,11.5
1425109501183,37.53273,139.931375,6,0.211,0.009,9.641,11.5
1425109501284,37.532742,139.931374,6,0.14,0.083,9.576,11.5
1425109501380,37.532753,139.931373,6,0.141,0.111,9.536,11.5
1425109501481,37.532765,139.931372,6,0.103,0.169,9.511,11.5
1425109501581,37.532777,139.931371,6,-0.007,0.202,9.479,11.5
1425109501682,37.532787,139.93137,6,-0.099,0.238,9.516,11.5
1425109501783,37.532796,139.931368,6,-0.122,0.251,9.392,11.5
1425109501883,37.532806,139.931367,6,-0.108,0.273,9.299,11.5
1425109501984,37.532815,139.931366,6,-0.113,0.223,9.464,11.5
1425109502080,37.532824,139.931365,6,-0.109,0.203,9.362,11.5
1425109502185,37.532834,139.931363,6,-0.056,0.226,9.157,11.5
1425109502281,37.532843,139.931362,6,-0.07,0.233,9.268,11.5
1425109502380,37.532852,139.931361,6,-0.1,0.161,9.554,11.5
1425109502483,37.532862,139.931359,6,-0.162,0.125,9.524,11.5
1425109502582,37.532871,139.931358,6,-0.194,0.15,9.533,11.5
1425109502684,37.532883,139.931358,6,-0.203,0.25,9.466,11.5
1425109502780,37.532893,139.931358,6,-0.198,0.332,9.45,11.5
1425109502880,37.532905,139.931357,6,-0.276,0.275,9.577,11.5
1425109502981,37.532916,139.931357,6,-0.325,0.26,9.645,11.5
1425109503082,37.532928,139.931357,6,-0.321,0.259,9.422,11.5
1425109503182,37.532939,139.931357,6,-0.269,0.332,9.365,11.5
1425109503283,37.53295,139.931357,6,-0.265,0.288,9.551,11.5
1425109503384,37.532962,139.931356,6,-0.262,0.262,9.585,11.5
1425109503480,37.532973,139.931356,6,-0.255,0.226,9.381,11.5
1425109503580,37.532984,139.931356,6,-0.237,0.273,9.467,11.5
1425109503681,37.532995,139.931356,4,-0.231,0.272,9.543,11.5
1425109503782,37.533005,139.931355,4,-0.289,0.301,9.453,11.5
1425109503882,37.533016,139.931355,4,-0.281,0.309,9.382,11.5
1425109503983,37.533027,139.931354,4,-0.313,0.361,9.377,11.5
1425109504084,37.533037,139.931354,4,-0.299,0.33,9.308,11.5
1425109504184,37.533048,139.931353,4,-0.352,0.344,9.351,11.5
1425109504280,37.533058,139.931353,4,-0.363,0.261,9.363,11.5
1425109504381,37.533069,139.931352,4,-0.392,0.263,9.436,11.5
1425109504482,37.53308,139.931352,4,-0.401,0.193,9.536,11.5
1425109504582,37.53309,139.931351,4,-0.337,0.229,9.456,11.5
1425109504683,37.5331,139.93135,5,-0.291,0.202,9.441,11.5
1425109504784,37.53311,139.93135,5,-0.289,0.24,9.551,11.5
1425109504884,37.533119,139.931349,5,-0.243,0.177,9.526,11.5
1425109504980,37.533128,139.931348,5,-0.224,0.157,9.547,11.5
1425109505081,37.533138,139.931348,5,-0.192,0.147,9.58,11.5
1425109505182,37.533148,139.931347,5,-0.249,0.217,9.528,11.5
1425109505282,37.533157,139.931346,5,-0.353,0.289,9.432,11.5
1425109505383,37.533167,139.931345,5,-0.508,0.336,9.445,11.5
1425109505484,37.533177,139.931345,5,-0.587,0.329,9.505,11.5
1425109505584,37.533186,139.931344,5,-0.662,0.28,9.562,11.5
1425109505680,37.533197,139.931342,5,-0.687,0.298,9.551,11.5
1425109505781,37.533208,139.931339,5,-0.687,0.305,9.513,11.5
1425109505881,37.533219,139.931337,5,-0.61,0.394,9.41,11.5
1425109505982,37.53323,139.931335,5,-0.516,0.276,9.578,11.5
1425109506083,37.533241,139.931332,5,-0.513,0.28,9.637,11.5
1425109506184,37.533252,139.93133,5,-0.503,0.312,9.337,11.5
1425109506284,37.533263,139.931327,5,-0.421,0.314,9.394,11.5
1425109506380,37.533273,139.931325,5,-0.434,0.282,9.582,11.5
1425109506481,37.533284,139.931323,5,-0.473,0.276,9.475,11.5
1425109506581,37.533295,139.93132,5,-0.414,0.266,9.486,11.5
1425109506682,37.533305,139.931316,5,-0.395,0.32,9.527,11.453
1425109506783,37.533315,139.931312,5,-0.375,0.362,9.452,11.402
1425109506883,37.533325,139.931308,5,-0.347,0.366,9.467,11.351
1425109506984,37.533336,139.931304,5,-0.295,0.279,9.533,11.3
1425109507080,37.533345,139.9313,5,-0.246,0.233,9.674,11.252
1425109507181,37.533355,139.931296,5,-0.204,0.289,9.437,11.202
1425109507281,37.533365,139.931292,5,-0.136,0.398,9.25,11.152
1425109507382,37.533375,139.931288,5,-0.098,0.358,9.432,11.102
1425109507483,37.533385,139.931284,5,-0.122,0.37,9.486,11.052
1425109507583,37.533394,139.93128,5,-0.12,0.258,9.413,11.003
1425109507684,37.533404,139.931278,4,-0.116,0.273,9.455,11.023
1425109507780,37.533414,139.931276,4,-0.097,0.268,9.469,11.047
1425109507880,37.533424,139.931274,4,-0.107,0.282,9.549,11.072
1425109507981,37.533434,139.931271,4,-0.095,0.315,9.442,11.097
1425109508082,37.533444,139.931269,4,-0.122,0.29,9.55,11.122
1425109508183,37.533455,139.931267,4,-0.104,0.307,9.622,11.148
1425109508283,37.533465,139.931265,4,-0.098,0.298,9.565,11.173
1425109508384,37.533475,139.931263,4,0.026,0.302,9.462,11.198
1425109508480,37.533485,139.93126,4,0.065,0.298,9.39,11.222
1425109508580,37.533495,139.931258,4,0.128,0.297,9.461,11.247
1425109508681,37.533506,139.931255,5,0.084,0.23,9.507,11.25
1425109508782,37.533517,139.931251,5,0.073,0.217,9.57,11.25
1425109508883,37.533527,139.931248,5,0.102,0.18,9.499,11.25
1425109508983,37.533538,139.931244,5,0.103,0.288,9.369,11.25
1425109509084,37.533549,139.931241,5,0.113,0.283,9.457,11.25
1425109509180,37.533559,139.931237,5,0.089,0.284,9.507,11.25
1425109509280,37.53357,139.931234,5,0.059,0.167,9.556,11.25
1425109509381,37.533581,139.93123,5,0.04,0.213,9.556,11.25
1425109509482,37.533591,139.931227,5,0.128,0.221,9.419,11.25
1425109509582,37.533602,139.931223,5,0.198,0.341,9.218,11.25
1425109509683,37.533612,139.931221,5,0.271,0.239,9.391,11.25
1425109509784,37.533622,139.931218,5,0.274,0.166,9.45,11.25
1425109509880,37.533631,139.931216,5,0.261,0.119,9.291,11.25
1425109509980,37.53364,139.931214,5,0.148,0.171,9.414,11.25
1425109510081,37.53365,139.931211,5,0.031,0.147,9.72,11.25
1425109510182,37.53366,139.931209,5,0.032,0.253,9.421,11.25
1425109510282,37.533669,139.931206,5,-0.047,0.272,9.313,11.25
1425109510383,37.533679,139.931204,5,-0.15,0.313,9.678,11.25
1425109510484,37.533689,139.931202,5,-0.25,0.271,9.75,11.25
1425109510584,37.533698,139.931199,5,-0.164,0.313,9.497,11.25
1425109510680,37.533709,139.931195,6,-0.114,0.28,9.567,11.272
1425109510781,37.53372,139.931191,6,0.021,0.249,9.725,11.297
1425109510882,37.533732,139.931186,6,0.187,0.16,9.649,11.322
1425109510982,37.533743,139.931182,6,0.277,0.231,9.393,11.347
1425109511083,37.533754,139.931177,6,0.34,0.28,9.218,11.373
1425109511184,37.533766,139.931173,6,0.375,0.234,9.407,11.398
1425109511284,37.533777,139.931169,6,0.311,0.177,9.358,11.423
1425109511380,37.533788,139.931164,6,0.157,0.188,9.311,11.447
1425109511481,37.5338,139.93116,6,0.093,0.141,9.508,11.472
1425109511582,37.533811,139.931155,6,-0.004,0.149,9.592,11.498
1425109511682,37.533821,139.931152,6,-0.03,0.237,9.35,11.5
1425109511783,37.533831,139.931148,6,-0.054,0.304,9.304,11.5
1425109511884,37.533842,139.931144,6,-0.013,0.223,9.434,11.5
1425109511984,37.533852,139.93114,6,-0.017,0.09,9.559,11.5
1425109512080,37.533861,139.931137,6,0.027,0.027,9.416,11.5
1425109512181,37.533872,139.931133,6,0.052,0.081,9.327,11.5
1425109512281,37.533882,139.931129,6,0.104,0.136,9.458,11.5
1425109512382,37.533892,139.931126,6,0.086,0.102,9.494,11.5
1425109512483,37.533902,139.931122,6,0.139,0.106,9.358,11.5
1425109512584,37.533912,139.931118,6,0.063,0.089,9.455,11.5
1425109512684,37.533922,139.931115,5,0.061,0.106,9.486,11.5
1425109512780,37.533932,139.931112,5,0.086,0.077,9.403,11.5
1425109512881,37.533942,139.931109,5,0.199,0.08,9.352,11.5
1425109512981,37.533952,139.931106,5,0.221,0.03,9.364,11.5
1425109513082,37.533962,139.931103,5,0.268,0.007,9.367,11.5
1425109513183,37.533972,139.9311,5,0.335,-0.071,9.375,11.5
1425109513283,37.533982,139.931097,5,0.347,-0.061,9.411,11.5
1425109513384,37.533992,139.931093,5,0.278,-0.044,9.328,11.5
1425109513480,37.534002,139.93109,5,0.234,-0.055,9.397,11.5
1425109513581,37.534012,139.931087,5,0.164,-0.102,9.464,11.5
1425109513681,37.534022,139.931084,6,0.097,-0.028,9.371,11.477
1425109513782,37.534033,139.931081,6,0.113,-0.067,9.383,11.452
1425109513883,37.534043,139.931077,6,0.131,-0.05,9.518,11.426
1425109513983,37.534054,139.931074,6,0.14,-0.155,9.544,11.401
1425109514084,37.534064,139.931071,6,0.164,-0.109,9.555,11.376
1425109514180,37.534074,139.931067,6,0.208,-0.105,9.547,11.352
1425109514280,37.534084,139.931064,6,0.253,-0.043,9.504,11.327
1425109514381,37.534095,139.931061,6,0.223,-0.039,9.458,11.302
1425109514482,37.534105,139.931058,6,0.179,-0.041,9.483,11.277
1425109514583,37.534115,139.931054,6,0.093,-0.086,9.586,11.252
1425109514683,37.534125,139.931051,6,-0.014,-0.05,9.537,11.25
1425109514784,37.534134,139.931047,6,-0.041,-0.093,9.672,11.25
1425109514880,37.534144,139.931044,6,-0.1,0.114,9.32,11.25
1425109514980,37.534153,139.93104,6,-0.099,0.241,9.015,11.25
1425109515081,37.534163,139.931036,6,-0.117,0.112,9.459,11.25
1425109515182,37.534172,139.931033,6,-0.092,-0.096,9.725,11.25
1425109515283,37.534182,139.931029,6,-0.143,-0.182,9.478,11.25
1425109515383,37.534191,139.931025,6,-0.0,-0.095,9.425,11.25
1425109515484,37.534201,139.931022,6,0.112,-0.041,9.534,11.25
1425109515580,37.53421,139.931018,6,0.231,-0.055,9.589,11.25
1425109515680,37.53422,139.931015,5,0.244,-0.11,9.58,11.25
1425109515781,37.53423,139.931013,5,0.269,-0.094,9.445,11.25
1425109515882,37.53424,139.93101,5,0.187,-0.08,9.511,11.25
1425109515982,37.534249,139.931007,5,0.141,-0.045,9.634,11.25
1425109516083,37.534259,139.931004,5,0.079,-0.017,9.487,11.25
1425109516184,37.534269,139.931001,5,0.114,-0.008,9.354,11.25
1425109516285,37.534279,139.930999,5,0.005,-0.049,9.651,11.25
1425109516380,37.534288,139.930996,5,-0.032,-0.02,9.61,11.25
1425109516486,37.534299,139.930993,5,-0.008,0.029,9.19,11.25
1425109516582,37.534308,139.93099,5,0.014,0.017,9.332,11.25
1425109516681,37.534318,139.930986,4,-0.064,-0.017,9.563,11.25
1425109516783,37.534329,139.930982,4,-0.134,-0.039,9.443,11.25
1425109516882,37.534339,139.930977,4,-0.189,-0.051,9.442,11.25
1425109516985,37.53435,139.930973,4,-0.258,-0.001,9.619,11.25
1425109517080,37.53436,139.930968,4,-0.267,0.03,9.568,11.25
1425109517181,37.53437,139.930964,4,-0.237,0.057,9.42,11.25
1425109517282,37.534381,139.93096,4,-0.221,0.033,9.45,11.25
1425109517382,37.534391,139.930955,4,-0.231,0.029,9.623,11.25
1425109517483,37.534402,139.930951,4,-0.212,-0.052,9.682,11.25
1425109517584,37.534412,139.930946,4,-0.189,-0.073,9.6,11.25
1425109517684,37.534421,139.930942,4,-0.089,-0.051,9.516,11.226
1425109517780,37.534429,139.930939,4,-0.052,-0.026,9.56,11.202
1425109517881,37.534438,139.930935,4,0.057,-0.021,9.542,11.177
1425109517982,37.534447,139.930931,4,0.107,-0.045,9.382,11.151
1425109518082,37.534456,139.930927,4,0.123,-0.097,9.451,11.126
1425109518183,37.534464,139.930923,4,0.057,-0.121,9.608,11.101
1425109518284,37.534473,139.930919,4,0.084,-0.109,9.539,11.076
1425109518384,37.534481,139.930915,4,0.129,-0.141,9.459,11.051
1425109518480,37.53449,139.930911,4,0.228,-0.109,9.452,11.027
1425109518581,37.534498,139.930907,4,0.179,-0.106,9.552,11.002
1425109518681,37.534509,139.930904,6,0.162,-0.076,9.499,11.0
1425109518782,37.53452,139.9309,6,0.153,-0.06,9.433,11.0
1425109518883,37.534531,139.930896,6,0.155,-0.034,9.485,11.0
1425109518984,37.534542,139.930893,6,0.132,-0.013,9.5,11.0
1425109519084,37.534553,139.930889,6,0.056,-0.011,9.625,11.0
1425109519180,37.534564,139.930886,6,0.057,-0.001,9.55,11.0
1425109519281,37.534575,139.930882,6,0.019,0.009,9.516,11.0
1425109519381,37.534586,139.930879,6,0.065,0.068,9.494,11.0
1425109519482,37.534597,139.930875,6,0.022,0.072,9.543,11.0
1425109519583,37.534608,139.930871,6,0.009,0.046,9.574,11.0
1425109519683,37.534618,139.930868,6,-0.037,0.051,9.541,10.977
1425109519784,37.534628,139.930864,6,0.014,0.088,9.473,10.951
1425109519880,37.534638,139.930861,6,-0.001,0.072,9.564,10.927
1425109519981,37.534648,139.930858,6,-0.059,0.074,9.717,10.902
1425109520081,37.534657,139.930854,6,-0.067,0.088,9.567,10.877
1425109520182,37.534667,139.930851,6,-0.063,0.16,9.528,10.851
1425109520283,37.534677,139.930847,6,-0.022,0.152,9.661,10.826
1425109520383,37.534687,139.930844,6,0.031,0.197,9.603,10.801
1425109520484,37.534697,139.930841,6,0.133,0.174,9.434,10.776
1425109520580,37.534706,139.930837,6,0.236,0.149,9.382,10.752
1425109520681,37.534715,139.930835,5,0.308,0.104,9.525,10.75
1425109520781,37.534723,139.930832,5,0.251,0.071,9.561,10.75
1425109520882,37.534732,139.930829,5,0.303,0.068,9.421,10.75
1425109520983,37.534741,139.930827,5,0.338,0.017,9.469,10.75
1425109521083,37.534749,139.930824,5,0.415,0.015,9.613,10.75
1425109521184,37.534758,139.930822,5,0.453,-0.005,9.548,10.75
1425109521280,37.534766,139.930819,5,0.485,0.015,9.43,10.75
1425109521380,37.534775,139.930816,5,0.484,0.011,9.468,10.75
1425109521481,37.534784,139.930814,5,0.448,-0.011,9.689,10.75
1425109521582,37.534792,139.930811,5,0.36,-0.028,9.699,10.75
1425109521683,37.534802,139.930808,5,0.259,0.027,9.61,10.75
1425109521783,37.534812,139.930804,5,0.189,0.086,9.679,10.75
1425109521884,37.534822,139.9308,5,0.14,0.166,9.636,10.75
1425109521980,37.534831,139.930797,5,0.162,0.175,9.522,10.75
1425109522080,37.534841,139.930793,5,0.109,0.121,9.686,10.75
1425109522181,37.534851,139.93079,5,0.142,0.134,9.689,10.75
1425109522282,37.534861,139.930786,5,0.2,0.079,9.606,10.75
1425109522382,37.534871,139.930782,5,0.296,0.134,9.564,10.75
1425109522483,37.534881,139.930779,5,0.366,0.132,9.595,10.75
1425109522584,37.53489,139.930775,5,0.424,0.108,9.569,10.75
1425109522685,37.534899,139.930772,5,0.421,0.187,9.292,10.75
1425109522780,37.534908,139.930769,5,0.29,0.326,9.042,10.75
1425109522881,37.534917,139.930765,5,0.159,0.341,9.251,10.75
1425109522982,37.534926,139.930762,5,0.005,0.321,9.435,10.75
1425109523082,37.534935,139.930759,5,-0.155,0.209,9.28,10.75
1425109523183,37.534944,139.930755,5,-0.156,0.158,9.395,10.75
1425109523284,37.534953,139.930752,5,-0.21,0.262,9.151,10.75
1425109523384,37.534962,139.930749,5,0.057,0.503,8.918,10.75
1425109523480,37.53497,139.930746,5,0.172,0.396,8.957,10.75
1425109523581,37.534979,139.930742,5,0.237,0.412,8.807,10.75
1425109523682,37.534987,139.930738,5,0.221,0.168,9.068,10.727
1425109523782,37.534995,139.930733,5,0.108,-0.125,9.803,10.702
1425109523883,37.535003,139.930728,5,0.161,-0.174,9.603,10.676
1425109523984,37.535011,139.930723,5,0.235,0.098,9.223,10.651
1425109524084,37.535019,139.930718,5,0.338,0.409,9.242,10.626
1425109524180,37.535027,139.930714,5,0.441,0.499,9.464,10.602
1425109524281,37.535035,139.930709,5,0.322,0.417,9.398,10.577
1425109524382,37.535043,139.930704,5,0.101,0.327,9.384,10.552
1425109524482,37.535051,139.930699,5,0.074,0.283,9.366,10.527
1425109524583,37.535058,139.930694,5,0.203,0.298,9.377,10.502
1425109524684,37.535068,139.93069,5,0.282,0.27,9.373,10.523
1425109524784,37.535079,139.930686,5,0.151,0.178,9.719,10.548
1425109524880,37.535088,139.930681,5,-0.063,0.293,9.552,10.572
1425109524981,37.535099,139.930677,5,0.01,0.312,9.48,10.597
1425109525081,37.535109,139.930673,5,0.105,0.351,9.626,10.622
1425109525182,37.535119,139.930668,5,-0.068,0.419,9.637,10.647
1425109525283,37.535129,139.930664,5,0.079,0.317,9.512,10.673
1425109525384,37.53514,139.930659,5,0.014,0.127,10.043,10.698
1425109525484,37.53515,139.930655,5,0.149,0.18,9.895,10.723
1425109525580,37.53516,139.93065,5,0.031,0.535,9.012,10.747
1425109525681,37.535169,139.930647,5,0.212,0.155,9.758,10.773
1425109525781,37.535178,139.930645,5,0.457,0.102,9.999,10.797
1425109525882,37.535187,139.930642,5,0.414,0.142,9.067,10.822
1425109525983,37.535197,139.930639,5,0.564,0.308,9.081,10.848
1425109526083,37.535206,139.930636,5,0.677,0.242,9.516,10.873
1425109526184,37.535215,139.930633,5,0.54,0.153,9.44,10.898
1425109526280,37.535224,139.93063,5,0.315,0.131,9.173,10.922
1425109526381,37.535233,139.930627,5,0.248,0.25,9.207,10.947
1425109526481,37.535242,139.930624,5,0.106,0.271,9.468,10.972
1425109526582,37.535251,139.930621,5,0.035,0.25,9.442,10.998
1425109526683,37.535262,139.930618,5,0.031,0.173,9.423,11.0
1425109526783,37.535272,139.930614,5,0.108,0.233,9.396,11.0
1425109526884,37.535283,139.930611,5,0.154,0.238,9.409,11.0
1425109526980,37.535293,139.930607,5,0.183,0.33,9.349,11.0
1425109527080,37.535303,139.930604,5,0.149,0.224,9.565,11.0
1425109527181,37.535313,139.9306,5,0.114,0.197,9.642,11.0
1425109527282,37.535324,139.930597,5,0.05,0.222,9.482,11.0
1425109527383,37.535334,139.930593,5,0.039,0.333,9.467,11.0
1425109527483,37.535345,139.93059,5,-0.014,0.398,9.49,11.0
1425109527584,37.535355,139.930586,5,-0.079,0.433,9.421,11.0
1425109527680,37.535365,139.930583,5,-0.098,0.383,9.385,11.0
1425109527780,37.535375,139.93058,5,-0.124,0.328,9.488,11.0
1425109527881,37.535385,139.930576,5,-0.047,0.296,9.434,11.0
1425109527982,37.535396,139.930573,5,-0.034,0.264,9.53,11.0
1425109528082,37.535406,139.930569,5,0.043,0.314,9.399,11.0
1425109528183,37.535416,139.930566,5,0.076,0.294,9.409,11.0
1425109528284,37.535426,139.930562,5,0.111,0.271,9.527,11.0
1425109528380,37.535436,139.930559,5,0.176,0.225,9.5,11.0
1425109528480,37.535446,139.930556,5,0.199,0.197,9.502,11.0
1425109528581,37.535456,139.930552,5,0.245,0.15,9.538,11.0
1425109528682,37.535465,139.930549,5,0.307,0.209,9.483,11.0
1425109528782,37.535475,139.930546,5,0.263,0.18,9.544,11.0
1425109528883,37.535484,139.930543,5,0.293,0.205,9.546,11.0
1425109528984,37.535493,139.93054,5,0.276,0.23,9.415,11.0
1425109529080,37.535502,139.930537,5,0.216,0.238,9.44,11.0
1425109529180,37.535511,139.930534,5,0.182,0.265,9.501,11.0
1425109529281,37.535521,139.930531,5,0.105,0.229,9.504,11.0
1425109529382,37.53553,139.930527,5,0.147,0.263,9.441,11.0
1425109529482,37.535539,139.930524,5,0.184,0.271,9.34,11.0
1425109529583,37.535548,139.930521,5,0.215,0.246,9.407,11.0
1425109529684,37.53556,139.930518,7,0.223,0.179,9.55,11.046
1425109529784,37.535571,139.930514,7,0.283,0.156,9.457,11.095
1425109529880,37.535582,139.930511,7,0.324,0.17,9.376,11.143
1425109529981,37.535594,139.930507,7,0.387,0.201,9.42,11.193
1425109530082,37.535605,139.930503,7,0.351,0.145,9.578,11.243
1425109530182,37.535617,139.9305,7,0.312,0.183,9.485,11.293
1425109530283,37.535629,139.930496,7,0.227,0.191,9.543,11.344
1425109530384,37.535641,139.930493,7,0.236,0.296,9.483,11.395
1425109530484,37.535652,139.930489,7,0.183,0.31,9.438,11.446
1425109530585,37.535664,139.930485,7,0.181,0.297,9.523,11.497
1425109530681,37.535674,139.930482,7,0.14,0.268,9.489,11.5
1425109530780,37.535684,139.930478,7,0.193,0.272,9.439,11.5
1425109530882,37.535695,139.930474,7,0.195,0.263,9.507,11.5
1425109530981,37.535705,139.930471,7,0.203,0.327,9.469,11.5
1425109531084,37.535715,139.930467,7,0.233,0.3,9.475,11.5
1425109531183,37.535725,139.930464,7,0.277,0.315,9.486,11.5
1425109531280,37.535735,139.93046,7,0.295,0.291,9.436,11.5
1425109531381,37.535746,139.930457,7,0.223,0.289,9.606,11.5
1425109531481,37.535756,139.930453,7,0.18,0.305,9.562,11.5
1425109531582,37.535766,139.930449,7,0.177,0.392,9.416,11.5
1425109531683,37.535776,139.930445,6,0.162,0.432,9.445,11.523
1425109531784,37.535787,139.930442,6,0.137,0.462,9.427,11.548
1425109531884,37.535797,139.930438,6,0.161,0.46,9.313,11.573
1425109531980,37.535807,139.930434,6,0.15,0.423,9.358,11.597
1425109532081,37.535817,139.93043,6,0.166,0.384,9.497,11.622
1425109532181,37.535828,139.930426,6,0.159,0.351,9.506,11.647
1425109532282,37.535838,139.930422,6,0.185,0.356,9.415,11.672
1425109532383,37.535849,139.930418,6,0.213,0.436,9.407,11.698
1425109532483,37.535859,139.930414,6,0.2,0.452,9.472,11.723
1425109532584,37.535869,139.93041,6,0.183,0.442,9.558,11.748
1425109532680,37.53588,139.930406,6,0.188,0.442,9.429,11.75
1425109532781,37.53589,139.930401,6,0.188,0.435,9.427,11.75
1425109532881,37.535901,139.930397,6,0.25,0.422,9.554,11.75
1425109532982,37.535912,139.930392,6,0.227,0.404,9.462,11.75
1425109533083,37.535922,139.930387,6,0.267,0.383,9.396,11.75
1425109533183,37.535933,139.930383,6,0.229,0.342,9.558,11.75
1425109533284,37.535944,139.930378,6,0.17,0.32,9.644,11.75
1425109533380,37.535954,139.930374,6,0.12,0.386,9.439,11.75
1425109533481,37.535964,139.930369,6,0.087,0.388,9.476,11.75
1425109533581,37.535975,139.930364,6,0.005,0.441,9.562,11.75
1425109533682,37.535983,139.930361,8,-0.061,0.391,9.514,11.773
1425109533783,37.535991,139.930358,8,-0.05,0.43,9.46,11.798
1425109533883,37.535999,139.930355,8,-0.048,0.425,9.389,11.823
1425109533984,37.536007,139.930352,8,0.013,0.426,9.414,11.848
1425109534080,37.536014,139.930349,8,0.07,0.375,9.357,11.872
1425109534180,37.536022,139.930346,8,0.112,0.319,9.367,11.897
1425109534281,37.53603,139.930343,8,0.122,0.223,9.469,11.922
1425109534382,37.536038,139.93034,8,0.194,0.286,9.343,11.948
1425109534483,37.536046,139.930336,8,0.192,0.267,9.432,11.973
1425109534583,37.536053,139.930333,8,0.224,0.249,9.533,11.998
1425109534684,37.536064,139.93033,8,0.237,0.195,9.492,12.023
1425109534780,37.536075,139.930326,8,0.238,0.221,9.533,12.047
1425109534880,37.536086,139.930323,8,0.228,0.28,9.477,12.072
1425109534981,37.536098,139.930319,8,0.243,0.33,9.389,12.097
1425109535082,37.536109,139.930315,8,0.225,0.297,9.476,12.122
1425109535183,37.53612,139.930312,8,0.195,0.299,9.454,12.148
1425109535283,37.536131,139.930308,8,0.2,0.224,9.492,12.173
1425109535384,37.536143,139.930304,8,0.278,0.262,9.364,12.198
1425109535480,37.536154,139.930301,8,0.276,0.263,9.414,12.222
1425109535580,37.536165,139.930297,8,0.238,0.223,9.575,12.247
1425109535681,37.536176,139.930294,6,0.203,0.183,9.631,12.25
1425109535782,37.536187,139.93029,6,0.208,0.257,9.384,12.25
1425109535882,37.536199,139.930286,6,0.219,0.271,9.453,12.25
1425109535983,37.53621,139.930282,6,0.199,0.27,9.501,12.25
1425109536084,37.536221,139.930278,6,0.151,0.215,9.468,12.25
1425109536184,37.536233,139.930274,6,0.148,0.214,9.403,12.25
1425109536280,37.536243,139.930271,6,0.195,0.212,9.424,12.25
1425109536381,37.536255,139.930267,6,0.246,0.163,9.497,12.25
1425109536482,37.536266,139.930263,6,0.236,0.108,9.637,12.25
1425109536582,37.536277,139.930259,6,0.275,0.131,9.479,12.25
1425109536683,37.536286,139.930253,8,0.297,0.197,9.254,12.273
1425109536784,37.536294,139.930246,8,0.245,0.198,9.474,12.298
1425109536884,37.536303,139.930239,8,0.152,0.179,9.619,12.323
1425109536980,37.536311,139.930233,8,0.022,0.127,9.57,12.347
1425109537081,37.536319,139.930226,8,-0.03,0.164,9.609,12.372
1425109537181,37.536327,139.93022,8,-0.098,0.237,9.664,12.397
1425109537282,37.536336,139.930213,8,-0.079,0.341,9.441,12.422
1425109537383,37.536344,139.930206,8,-0.038,0.324,9.366,12.448
1425109537484,37.536353,139.930199,8,0.027,0.255,9.368,12.473
1425109537584,37.536361,139.930192,8,0.088,0.13,9.52,12.498
1425109537680,37.536372,139.930188,8,0.196,0.1,9.424,12.5
1425109537781,37.536383,139.930183,8,0.295,0.089,9.368,12.5
1425109537881,37.536394,139.930179,8,0.381,0.107,9.488,12.5
1425109537982,37.536405,139.930174,8,0.355,0.026,9.681,12.5
1425109538083,37.536416,139.93017,8,0.311,0.039,9.506,12.5
1425109538184,37.536427,139.930165,8,0.29,0.14,9.391,12.5
1425109538284,37.536438,139.930161,8,0.197,0.219,9.46,12.5
1425109538380,37.536449,139.930156,8,0.076,0.181,9.6,12.5
1425109538481,37.53646,139.930152,8,0.01,0.129,9.612,12.5
1425109538581,37.536471,139.930147,8,0.052,0.158,9.519,12.5
1425109538682,37.536481,139.930143,8,0.112,0.182,9.453,12.5
1425109538783,37.536492,139.930139,8,0.213,0.222,9.413,12.5
1425109538883,37.536502,139.930135,8,0.221,0.168,9.321,12.5
1425109538984,37.536513,139.93013,8,0.271,0.115,9.45,12.5
1425109539080,37.536522,139.930126,8,0.213,0.112,9.423,12.5
1425109539181,37.536533,139.930122,8,0.213,0.138,9.391,12.5
1425109539281,37.536543,139.930118,8,0.144,0.163,9.408,12.5
1425109539382,37.536554,139.930114,8,0.041,0.168,9.533,12.5
1425109539483,37.536564,139.930109,8,-0.03,0.158,9.593,12.5
1425109539583,37.536574,139.930105,8,0.007,0.184,9.566,12.5
1425109539684,37.536586,139.930101,8,0.067,0.208,9.561,12.523
1425109539780,37.536598,139.930097,8,0.14,0.205,9.475,12.547
1425109539880,37.53661,139.930093,8,0.199,0.176,9.432,12.572
1425109539982,37.536623,139.930089,8,0.243,0.172,9.397,12.597
1425109540082,37.536635,139.930085,8,0.25,0.122,9.558,12.622
1425109540183,37.536648,139.930081,8,0.227,0.116,9.486,12.648
1425109540283,37.53666,139.930077,8,0.217,0.173,9.381,12.673
1425109540384,37.536672,139.930073,8,0.176,0.226,9.351,12.698
1425109540480,37.536684,139.930069,8,0.149,0.27,9.316,12.722
1425109540580,37.536697,139.930065,8,0.122,0.213,9.335,12.747
1425109540681,37.53671,139.930064,9,0.093,0.157,9.415,12.727
1425109540782,37.536724,139.930064,9,0.06,0.111,9.495,12.702
1425109540882,37.536737,139.930063,9,0.079,0.147,9.473,12.676
1425109540983,37.536751,139.930063,9,0.087,0.158,9.539,12.651
1425109541084,37.536764,139.930062,9,0.135,0.163,9.568,12.626
1425109541180,37.536777,139.930061,9,0.124,0.114,9.656,12.602
1425109541280,37.53679,139.930061,9,0.184,0.108,9.651,12.577
1425109541381,37.536803,139.93006,9,0.259,0.113,9.52,12.552
1425109541482,37.536817,139.93006,9,0.377,0.154,9.453,12.527
1425109541582,37.53683,139.930059,9,0.443,0.072,9.541,12.502
1425109541683,37.536841,139.930055,9,0.471,0.039,9.492,12.5
1425109541784,37.536851,139.930052,9,0.423,0.016,9.513,12.5
1425109541885,37.536862,139.930048,9,0.42,0.025,9.584,12.5
1425109541980,37.536872,139.930044,9,0.403,0.079,9.47,12.5
1425109542081,37.536882,139.93004,9,0.349,0.161,9.339,12.5
1425109542182,37.536893,139.930036,9,0.324,0.227,9.378,12.5
1425109542282,37.536903,139.930033,9,0.253,0.168,9.366,12.5
1425109542383,37.536913,139.930029,9,0.226,0.164,9.239,12.5
1425109542484,37.536924,139.930025,9,0.208,0.123,9.314,12.5
1425109542585,37.536934,139.930021,9,0.205,0.095,9.495,12.5
1425109542680,37.536944,139.930018,4,0.169,0.08,9.497,12.477
1425109542781,37.536955,139.930015,4,0.167,0.153,9.329,12.452
1425109542882,37.536965,139.930012,4,0.144,0.176,9.48,12.426
1425109542983,37.536975,139.930009,4,0.144,0.169,9.531,12.401
1425109543083,37.536986,139.930006,4,0.109,0.138,9.509,12.376
1425109543184,37.536996,139.930003,4,0.102,0.144,9.572,12.351
1425109543284,37.537006,139.929999,4,0.138,0.103,9.678,12.326
1425109543380,37.537016,139.929996,4,0.173,0.154,9.533,12.302
1425109543481,37.537026,139.929993,4,0.147,0.221,9.379,12.277
1425109543581,37.537036,139.92999,4,0.14,0.199,9.532,12.252
1425109543682,37.537047,139.929987,4,0.12,0.18,9.505,12.25
1425109543783,37.537058,139.929983,4,0.013,0.218,9.366,12.25
1425109543884,37.537069,139.929979,4,-0.025,0.237,9.414,12.25
1425109543984,37.53708,139.929976,4,-0.033,0.192,9.591,12.25
1425109544080,37.537091,139.929972,4,-0.009,0.178,9.552,12.25
1425109544181,37.537102,139.929969,4,0.003,0.161,9.502,12.25
1425109544281,37.537113,139.929965,4,0.126,0.17,9.572,12.25
1425109544382,37.537124,139.929961,4,0.256,0.155,9.428,12.25
1425109544483,37.537135,139.929958,4,0.374,0.112,9.389,12.25
1425109544584,37.537146,139.929954,4,0.43,0.001,9.553,12.25
1425109544684,37.537157,139.929951,6,0.495,-0.001,9.435,12.25
1425109544780,37.537167,139.929948,6,0.534,0.04,9.403,12.25
1425109544886,37.537177,139.929944,6,0.562,0.029,9.574,12.25
1425109544981,37.537187,139.929941,6,0.581,-0.023,9.517,12.25
1425109545080,37.537197,139.929937,6,0.602,-0.087,9.619,12.25
1425109545183,37.537208,139.929934,6,0.621,-0.038,9.693,12.25
1425109545282,37.537218,139.92993,6,0.628,-0.035,9.595,12.25
1425109545384,37.537229,139.929927,6,0.711,0.042,9.462,12.25
1425109545480,37.537239,139.929924,6,0.753,0.004,9.489,12.25
1425109545581,37.537249,139.92992,6,0.779,-0.061,9.566,12.25
1425109545681,37.53726,139.929915,7,0.787,-0.053,9.392,12.273
1425109545782,37.537271,139.92991,7,0.807,0.024,9.206,12.298
1425109545883,37.537282,139.929905,7,0.766,-0.017,9.421,12.323
1425109545983,37.537293,139.9299,7,0.708,-0.083,9.512,12.348
1425109546084,37.537304,139.929894,7,0.605,-0.107,9.482,12.373
1425109546180,37.537314,139.929889,7,0.569,0.003,9.418,12.397
1425109546280,37.537325,139.929884,7,0.522,0.044,9.505,12.422
1425109546381,37.537336,139.929879,7,0.489,0.071,9.53,12.447
1425109546482,37.537347,139.929874,7,0.437,0.048,9.555,12.473
1425109546583,37.537358,139.929868,7,0.387,0.065,9.528,12.498
1425109546683,37.537369,139.929865,7,0.396,0.127,9.4,12.477
1425109546784,37.53738,139.929861,7,0.396,0.128,9.546,12.451
1425109546880,37.537391,139.929858,7,0.44,0.093,9.592,12.427
1425109546980,37.537401,139.929855,7,0.383,0.095,9.418,12.402
1425109547081,37.537412,139.929851,7,0.475,0.207,9.172,12.377
1425109547182,37.537423,139.929848,7,0.484,-0.01,9.765,12.351
1425109547283,37.537434,139.929844,7,0.423,-0.028,9.813,12.326
1425109547383,37.537445,139.929841,7,0.442,-0.036,9.409,12.301
1425109547484,37.537456,139.929838,7,0.508,0.166,9.249,12.276
1425109547580,37.537466,139.929834,7,0.508,0.181,9.408,12.252
1425109547680,37.537476,139.929832,8,0.486,0.115,9.52,12.272
1425109547781,37.537486,139.929829,8,0.398,0.005,9.378,12.297
1425109547882,37.537495,139.929826,8,0.41,-0.076,9.604,12.322
1425109547982,37.537505,139.929823,8,0.481,-0.081,9.636,12.347
1425109548083,37.537515,139.929821,8,0.487,0.045,9.466,12.373
1425109548184,37.537525,139.929818,8,0.484,0.136,9.484,12.398
1425109548285,37.537535,139.929815,8,0.525,0.139,9.475,12.423
1425109548380,37.537544,139.929813,8,0.523,-0.094,9.608,12.447
1425109548481,37.537554,139.92981,8,0.516,0.169,9.047,12.473
1425109548582,37.537564,139.929807,8,0.453,0.023,9.34,12.498
1425109548682,37.537574,139.929804,8,0.517,0.001,9.484,12.5
1425109548784,37.537583,139.9298,8,0.456,-0.092,9.134,12.5
1425109548884,37.537593,139.929796,8,0.44,-0.073,9.444,12.5
1425109548984,37.537602,139.929793,8,0.442,-0.056,9.63,12.5
1425109549080,37.537611,139.929789,8,0.466,-0.113,9.742,12.5
1425109549181,37.537621,139.929786,8,0.433,-0.059,9.572,12.5
1425109549282,37.53763,139.929782,8,0.518,-0.048,9.65,12.5
1425109549382,37.537639,139.929778,8,0.593,0.007,9.555,12.5
1425109549483,37.537649,139.929775,8,0.548,0.038,9.4,12.5
1425109549584,37.537658,139.929771,8,0.493,-0.097,9.835,12.5
1425109549684,37.537669,139.929768,6,0.334,0.111,9.31,12.5
1425109549780,37.537679,139.929765,6,0.361,0.103,9.178,12.5
1425109549881,37.53769,139.929761,6,0.308,0.149,9.489,12.5
1425109549981,37.5377,139.929758,6,0.171,-0.028,9.491,12.5
1425109550082,37.537711,139.929754,6,0.146,0.017,9.493,12.5
1425109550183,37.537722,139.929751,6,0.008,0.097,9.717,12.5
1425109550284,37.537733,139.929747,6,0.064,0.109,9.601,12.5
1425109550384,37.537743,139.929744,6,0.211,0.097,9.499,12.5
1425109550485,37.537754,139.929741,6,0.217,0.113,9.57,12.5
1425109550581,37.537764,139.929737,6,0.121,0.143,9.54,12.5
1425109550681,37.537775,139.929735,4,0.061,0.194,9.451,12.5
1425109550782,37.537787,139.929732,4,0.11,0.183,9.403,12.5
1425109550883,37.537798,139.929729,4,0.206,0.03,9.645,12.5
1425109550984,37.537809,139.929727,4,0.112,0.02,9.432,12.5
1425109551084,37.53782,139.929724,4,0.133,0.125,9.405,12.5
1425109551180,37.537831,139.929722,4,0.131,0.15,9.782,12.5
1425109551281,37.537842,139.929719,4,0.175,0.119,9.503,12.5
1425109551381,37.537854,139.929716,4,0.124,0.127,9.481,12.5
1425109551482,37.537865,139.929714,4,0.161,0.192,9.47,12.5
1425109551583,37.537876,139.929711,4,0.2,0.156,9.391,12.5
1425109551684,37.537888,139.929708,5,0.355,0.175,9.219,12.5
1425109551784,37.537899,139.929706,5,0.416,0.102,9.14,12.5
1425109551880,37.53791,139.929703,5,0.4,-0.08,9.548,12.5
1425109551981,37.537921,139.9297,5,0.418,-0.188,9.727,12.5
1425109552081,37.537932,139.929698,5,0.627,-0.244,9.727,12.5
1425109552182,37.537944,139.929695,5,0.582,0.077,9.269,12.5
1425109552283,37.537955,139.929692,5,0.474,0.206,9.41,12.5
1425109552383,37.537967,139.92969,5,0.452,0.126,9.611,12.5
1425109552484,37.537978,139.929687,5,0.374,0.033,9.527,12.5
1425109552580,37.537989,139.929684,5,0.26,0.093,9.3,12.5
1425109552680,37.538,139.929685,7,0.18,0.214,9.289,12.477
1425109552781,37.538011,139.929686,7,0.122,0.261,9.455,12.452
1425109552882,37.538022,139.929687,7,0.056,0.196,9.505,12.426
1425109552983,37.538033,139.929688,7,0.091,0.113,9.496,12.401
1425109553083,37.538044,139.929688,7,0.141,0.14,9.418,12.376
1425109553184,37.538054,139.929689,7,0.191,0.157,9.531,12.351
1425109553280,37.538065,139.92969,7,0.276,0.152,9.458,12.327
1425109553380,37.538075,139.929691,7,0.251,0.136,9.345,12.302
1425109553481,37.538086,139.929692,7,0.216,0.145,9.379,12.277
1425109553582,37.538097,139.929693,7,0.184,0.139,9.571,12.252
1425109553682,37.538108,139.929691,7,0.091,0.156,9.386,12.25
1425109553783,37.53812,139.929689,7,0.052,0.154,9.587,12.25
1425109553884,37.538131,139.929687,7,-0.102,0.21,9.601,12.25
1425109553980,37.538142,139.929684,7,-0.041,0.234,9.576,12.25
1425109554080,37.538153,139.929682,7,0.091,0.162,9.699,12.25
1425109554181,37.538164,139.92968,7,0.227,0.045,9.423,12.25
1425109554282,37.538176,139.929678,7,0.241,0.119,9.189,12.25
1425109554382,37.538187,139.929676,7,0.254,0.156,9.358,12.25
1425109554483,37.538198,139.929673,7,0.394,-0.031,9.605,12.25
1425109554585,37.538209,139.929671,7,0.396,-0.054,9.528,12.25
1425109554685,37.53822,139.929669,5,0.442,-0.025,9.384,12.25
1425109554780,37.53823,139.929666,5,0.437,0.091,9.531,12.25
1425109554881,37.538241,139.929664,5,0.398,0.256,9.25,12.25
1425109554982,37.538251,139.929661,5,0.356,0.223,9.463,12.25
1425109555082,37.538262,139.929659,5,0.352,0.092,9.587,12.25
1425109555183,37.538272,139.929656,5,0.247,-0.056,9.591,12.25
1425109555284,37.538283,139.929654,5,0.237,0.088,9.42,12.25
1425109555384,37.538293,139.929651,5,0.211,0.132,9.515,12.25
1425109555480,37.538303,139.929649,5,0.169,0.252,9.726,12.25
1425109555581,37.538314,139.929646,5,0.113,0.304,9.375,12.25
1425109555682,37.538325,139.929644,6,0.145,0.309,9.108,12.25
1425109555782,37.538336,139.929641,6,0.137,0.203,9.28,12.25
1425109555883,37.538348,139.929638,6,0.084,0.022,9.664,12.25
1425109555984,37.538359,139.929636,6,0.205,-0.02,9.583,12.25
1425109556084,37.53837,139.929633,6,0.248,-0.041,9.547,12.25
1425109556180,37.53838,139.929631,6,0.305,0.128,9.541,12.25
1425109556281,37.538392,139.929628,6,0.188,0.179,9.629,12.25
1425109556381,37.538403,139.929625,6,0.144,0.293,9.623,12.25
1425109556482,37.538414,139.929623,6,0.082,0.164,9.542,12.25
1425109556583,37.538425,139.92962,6,0.15,0.183,9.518,12.25
1425109556684,37.538435,139.929617,7,0.09,0.184,9.441,12.226
1425109556784,37.538445,139.929613,7,0.266,0.188,9.337,12.201
1425109556880,37.538454,139.92961,7,0.269,0.097,9.439,12.177
1425109556981,37.538464,139.929606,7,0.226,0.082,9.571,12.152
1425109557081,37.538474,139.929603,7,0.153,0.129,9.416,12.127
1425109557182,37.538484,139.929599,7,0.108,0.291,9.149,12.101
1425109557283,37.538493,139.929596,7,0.181,0.212,9.559,12.076
1425109557383,37.538503,139.929592,7,0.153,0.197,9.513,12.051
1425109557484,37.538513,139.929589,7,0.17,0.166,9.288,12.026
1425109557580,37.538522,139.929585,7,0.303,0.185,9.615,12.002
1425109557681,37.538532,139.929584,7,0.198,0.055,9.718,12.0
1425109557781,37.538542,139.929584,7,0.218,0.15,9.458,12.0
1425109557882,37.538552,139.929583,7,0.228,0.166,9.43,12.0
1425109557983,37.538562,139.929582,7,0.223,0.21,9.551,12.0
1425109558083,37.538572,139.929582,7,0.183,0.155,9.556,12.0
1425109558184,37.538582,139.929581,7,0.126,0.185,9.52,12.0
1425109558280,37.538591,139.92958,7,0.14,0.185,9.388,12.0
1425109558380,37.538601,139.929579,7,0.253,0.157,9.317,12.0
1425109558481,37.538611,139.929579,7,0.387,0.131,9.315,12.0
1425109558582,37.538621,139.929578,7,0.438,0.094,9.368,12.0
1425109558683,37.538632,139.929574,7,0.41,0.067,9.339,12.023
1425109558783,37.538642,139.92957,7,0.338,0.034,9.413,12.048
1425109558884,37.538653,139.929566,7,0.263,0.035,9.505,12.073
1425109558985,37.538664,139.929562,7,0.268,0.131,9.459,12.098
1425109559080,37.538674,139.929558,7,0.348,0.118,9.497,12.122
1425109559186,37.538686,139.929554,7,0.141,0.274,9.362,12.148
1425109559282,37.538696,139.92955,7,0.097,0.184,9.569,12.172
1425109559381,37.538706,139.929546,7,0.08,0.082,9.546,12.197
1425109559483,37.538717,139.929541,7,0.29,0.028,9.572,12.223
1425109559582,37.538728,139.929537,7,0.242,0.196,9.391,12.248
1425109559680,37.538739,139.929535,6,0.259,0.228,9.339,12.227
1425109559780,37.53875,139.929533,6,0.371,0.122,9.544,12.202
1425109559881,37.538761,139.929531,6,0.5,0.052,9.362,12.177
1425109559982,37.538772,139.92953,6,0.47,0.015,9.366,12.151
1425109560082,37.538782,139.929528,6,0.434,-0.018,9.572,12.126
1425109560183,37.538793,139.929526,6,0.369,0.017,9.604,12.101
1425109560284,37.538804,139.929524,6,0.373,0.143,9.286,12.076
1425109560380,37.538815,139.929522,6,0.379,0.211,9.418,12.052
1425109560480,37.538825,139.92952,6,0.366,0.141,9.703,12.027
1425109560581,37.538836,139.929518,6,0.44,0.11,9.47,12.002
1425109560682,37.538847,139.929516,5,0.496,0.043,9.27,12.023
1425109560782,37.538857,139.929513,5,0.611,0.005,9.499,12.048
1425109560883,37.538868,139.92951,5,0.621,-0.07,9.509,12.073
1425109560984,37.538879,139.929507,5,0.672,-0.065,9.435,12.098
1425109561084,37.53889,139.929505,5,0.644,0.033,9.248,12.123
1425109561180,37.5389,139.929502,5,0.677,0.023,9.498,12.147
1425109561281,37.538911,139.929499,5,0.566,0.007,9.598,12.172
1425109561382,37.538922,139.929497,5,0.435,0.033,9.561,12.198
1425109561482,37.538932,139.929494,5,0.411,0.014,9.599,12.223
1425109561583,37.538943,139.929491,5,0.389,0.153,9.402,12.248
1425109561684,37.538954,139.929489,4,0.469,0.143,9.33,12.25
1425109561784,37.538966,139.929487,4,0.468,0.147,9.462,12.25
1425109561880,37.538976,139.929485,4,0.365,0.059,9.571,12.25
1425109561981,37.538987,139.929482,4,0.251,0.086,9.49,12.25
1425109562082,37.538999,139.92948,4,0.235,0.22,9.236,12.25
1425109562182,37.53901,139.929478,4,0.293,0.19,9.569,12.25
1425109562283,37.539021,139.929476,4,0.154,0.072,9.72,12.25
1425109562384,37.539032,139.929474,4,0.062,0.132,9.507,12.25
1425109562484,37.539043,139.929471,4,0.205,0.138,9.423,12.25
1425109562580,37.539054,139.929469,4,0.353,0.219,9.299,12.25
1425109562681,37.539065,139.929467,4,0.366,0.125,9.411,12.273
1425109562781,37.539076,139.929466,4,0.294,0.037,9.454,12.297
1425109562882,37.539087,139.929464,4,0.291,-0.038,9.395,12.322
1425109562983,37.539099,139.929462,4,0.353,-0.007,9.368,12.348
1425109563084,37.53911,139.92946,4,0.287,0.02,9.454,12.373
1425109563184,37.539121,139.929458,4,0.25,0.106,9.442,12.398
1425109563280,37.539132,139.929457,4,0.14,0.129,9.388,12.422
1425109563381,37.539143,139.929455,4,0.149,0.061,9.569,12.447
1425109563481,37.539155,139.929453,4,0.142,-0.042,9.685,12.473
1425109563582,37.539166,139.929451,4,0.159,-0.004,9.577,12.498
1425109563683,37.539176,139.92945,4,0.219,0.098,9.478,12.453
1425109563784,37.539186,139.929448,4,0.314,0.168,9.395,12.401
1425109563884,37.539196,139.929447,4,0.351,0.073,9.569,12.351
1425109563980,37.539205,139.929445,4,0.317,-0.03,9.479,12.303
1425109564081,37.539215,139.929444,4,0.246,-0.004,9.448,12.252
1425109564181,37.539225,139.929442,4,0.284,0.057,9.455,12.202
1425109564282,37.539235,139.929441,4,0.268,0.053,9.617,12.152
1425109564383,37.539244,139.929439,4,0.187,0.003,9.662,12.102
1425109564483,37.539254,139.929438,4,0.175,0.089,9.468,12.053
1425109564584,37.539263,139.929436,4,0.147,0.174,9.419,12.003
1425109564680,37.539274,139.929434,4,0.105,0.151,9.607,12.0
1425109564781,37.539285,139.929432,4,0.117,0.132,9.428,12.0
1425109564881,37.539296,139.92943,4,0.154,0.096,9.416,12.0
1425109564982,37.539307,139.929427,4,0.194,0.066,9.563,12.0
1425109565083,37.539318,139.929425,4,0.201,0.106,9.289,12.0
1425109565183,37.539329,139.929423,4,0.283,0.083,9.38,12.0
1425109565284,37.53934,139.929421,4,0.31,0.068,9.474,12.0
1425109565380,37.53935,139.929419,4,0.274,-0.0,9.486,12.0
1425109565480,37.539361,139.929416,4,0.255,0.026,9.484,12.0
1425109565581,37.539372,139.929414,4,0.22,0.075,9.265,12.0
1425109565682,37.539383,139.929412,4,0.196,0.108,9.49,12.0
1425109565783,37.539393,139.929409,4,0.141,0.049,9.65,12.0
1425109565883,37.539404,139.929407,4,0.101,0.029,9.549,12.0
1425109565984,37.539414,139.929404,4,0.061,0.073,9.446,12.0
1425109566080,37.539424,139.929402,4,0.083,0.116,9.515,12.0
1425109566180,37.539435,139.929399,4,0.115,0.099,9.623,12.0
1425109566281,37.539446,139.929397,4,0.087,0.083,9.619,12.0
1425109566382,37.539456,139.929394,4,0.05,0.099,9.588,12.0
1425109566483,37.539467,139.929392,4,0.113,0.095,9.516,12.0
1425109566583,37.539477,139.929389,4,0.185,0.078,9.534,12.0
1425109566684,37.539488,139.929388,4,0.191,0.112,9.517,12.0
1425109566780,37.539499,139.929386,4,0.047,0.185,9.498,12.0
1425109566880,37.53951,139.929385,4,0.019,0.167,9.609,12.0
1425109566981,37.539521,139.929383,4,-0.014,0.137,9.577,12.0
1425109567082,37.539533,139.929382,4,0.079,0.162,9.415,12.0
1425109567182,37.539544,139.92938,4,0.105,0.21,9.509,12.0
1425109567283,37.539555,139.929379,4,0.139,0.207,9.536,12.0
1425109567384,37.539566,139.929377,4,0.238,0.235,9.191,12.0
1425109567480,37.539577,139.929376,4,0.348,0.194,9.222,12.0
1425109567580,37.539588,139.929374,4,0.141,0.12,9.854,12.0
1425109567681,37.539599,139.929372,6,0.132,0.234,9.436,12.023
1425109567782,37.539611,139.92937,6,0.036,0.215,9.396,12.048
1425109567882,37.539623,139.929368,6,-0.082,0.367,9.4,12.072
1425109567983,37.539634,139.929366,6,-0.14,0.374,9.182,12.098
1425109568084,37.539646,139.929364,6,-0.071,0.262,9.499,12.123
1425109568184,37.539658,139.929362,6,0.004,0.116,9.607,12.148
1425109568280,37.539669,139.92936,6,0.123,0.01,9.611,12.172
1425109568381,37.539681,139.929357,6,0.365,0.027,9.474,12.197
1425109568482,37.539692,139.929355,6,0.533,0.062,9.383,12.223
1425109568582,37.539704,139.929353,6,0.557,0.023,9.601,12.248
1425109568683,37.539715,139.929352,7,0.489,0.007,9.64,12.273
1425109568784,37.539726,139.929352,7,0.475,0.007,9.549,12.298
1425109568884,37.539737,139.929351,7,0.451,0.098,9.458,12.323
1425109568980,37.539748,139.929351,7,0.429,0.117,9.576,12.347
1425109569081,37.539759,139.92935,7,0.463,0.127,9.449,12.372
1425109569181,37.53977,139.929349,7,0.46,0.055,9.487,12.397
1425109569282,37.539781,139.929349,7,0.435,0.066,9.579,12.422
1425109569383,37.539792,139.929348,7,0.375,0.012,9.6,12.448
1425109569484,37.539803,139.929348,7,0.373,0.04,9.567,12.473
1425109569584,37.539814,139.929347,7,0.388,0.087,9.508,12.498
1425109569680,37.539824,139.929344,7,0.347,0.141,9.535,12.477
1425109569781,37.539835,139.929341,7,0.291,0.075,9.554,12.452
1425109569881,37.539845,139.929339,7,0.352,0.082,9.405,12.427
1425109569982,37.539856,139.929336,7,0.399,0.082,9.351,12.401
1425109570083,37.539867,139.929333,7,0.338,0.048,9.492,12.376
1425109570184,37.539877,139.92933,7,0.263,-0.01,9.549,12.351
1425109570284,37.539887,139.929327,7,0.286,0.043,9.36,12.326
1425109570380,37.539897,139.929324,7,0.323,0.091,9.366,12.302
1425109570481,37.539908,139.929321,7,0.278,0.125,9.376,12.277
1425109570581,37.539918,139.929318,7,0.199,0.086,9.421,12.252
1425109570682,37.53993,139.929316,6,0.118,0.067,9.433,12.227
1425109570783,37.539943,139.929314,6,0.133,0.071,9.413,12.201
1425109570883,37.539955,139.929311,6,0.118,0.124,9.345,12.176
1425109570984,37.539968,139.929309,6,0.148,0.133,9.433,12.151
1425109571080,37.53998,139.929307,6,0.09,0.086,9.549,12.127
1425109571180,37.539992,139.929304,6,0.081,0.093,9.438,12.102
1425109571281,37.540004,139.929302,6,0.131,0.101,9.393,12.077
1425109571382,37.540017,139.9293,6,0.207,0.106,9.493,12.052
1425109571483,37.540029,139.929297,6,0.207,0.067,9.487,12.027
1425109571583,37.540041,139.929295,6,0.208,0.051,9.393,12.002
1425109571684,37.540054,139.929295,7,0.259,0.046,9.429,12.023
1425109571780,37.540065,139.929294,7,0.257,0.035,9.497,12.047
1425109571880,37.540078,139.929294,7,0.245,-0.01,9.625,12.072
1425109571981,37.54009,139.929293,7,0.204,0.087,9.463,12.097
1425109572082,37.540103,139.929293,7,0.244,0.119,9.424,12.122
1425109572183,37.540115,139.929292,7,0.222,0.064,9.547,12.148
1425109572283,37.540128,139.929292,7,0.265,0.036,9.543,12.173
1425109572384,37.54014,139.929291,7,0.237,0.02,9.557,12.198
1425109572480,37.540152,139.929291,7,0.233,0.128,9.463,12.222
1425109572580,37.540165,139.92929,7,0.21,0.172,9.414,12.247
1425109572681,37.540176,139.929288,7,0.176,0.175,9.411,12.25
1425109572782,37.540188,139.929286,7,0.141,0.107,9.566,12.25
1425109572883,37.540199,139.929284,7,0.064,0.111,9.486,12.25
1425109572983,37.54021,139.929282,7,0.108,0.128,9.54,12.25
1425109573084,37.540221,139.92928,7,0.103,0.183,9.422,12.25
1425109573180,37.540232,139.929278,7,0.083,0.193,9.376,12.25
1425109573285,37.540244,139.929276,7,0.135,0.128,9.565,12.25
1425109573381,37.540255,139.929274,7,0.17,0.108,9.512,12.25
1425109573480,37.540266,139.929272,7,0.122,0.135,9.419,12.25
1425109573582,37.540277,139.92927,7,0.197,0.128,9.466,12.25
1425109573681,37.540288,139.929268,6,0.219,0.137,9.519,12.25
1425109573784,37.540298,139.929267,6,0.19,0.112,9.598,12.25
1425109573883,37.540309,139.929265,6,0.275,0.07,9.465,12.25
1425109573980,37.540319,139.929263,6,0.312,0.056,9.492,12.25
1425109574081,37.54033,139.929261,6,0.352,0.088,9.417,12.25
1425109574182,37.54034,139.929259,6,0.523,-0.031,9.489,12.25
1425109574282,37.540351,139.929258,6,0.583,-0.049,9.539,12.25
1425109574383,37.540361,139.929256,6,0.652,-0.06,9.458,12.25
1425109574484,37.540372,139.929254,6,0.676,-0.043,9.464,12.25
1425109574584,37.540382,139.929252,6,0.694,-0.062,9.51,12.25
1425109574680,37.540394,139.929251,8,0.644,0.071,9.357,12.25
1425109574781,37.540406,139.92925,8,0.481,0.078,9.419,12.25
1425109574882,37.540419,139.929249,8,0.392,0.077,9.456,12.25
1425109574982,37.540431,139.929248,8,0.231,0.128,9.418,12.25
1425109575083,37.540444,139.929247,8,0.154,0.193,9.274,12.25
1425109575184,37.540456,139.929246,8,0.136,0.184,9.377,12.25
1425109575284,37.540468,139.929245,8,0.067,0.083,9.637,12.25
1425109575380,37.54048,139.929244,8,-0.038,0.013,9.726,12.25
1425109575481,37.540493,139.929243,8,-0.077,0.124,9.648,12.25
1425109575581,37.540505,139.929242,8,0.003,0.179,9.641,12.25
1425109575682,37.540517,139.929239,8,0.055,0.264,9.638,12.25
1425109575783,37.540529,139.929236,8,0.076,0.202,9.643,12.25
1425109575883,37.540541,139.929233,8,0.132,0.237,9.294,12.25
1425109575984,37.540552,139.92923,8,0.13,0.033,9.951,12.25
1425109576080,37.540564,139.929227,8,0.132,-0.041,9.896,12.25
1425109576181,37.540576,139.929224,8,0.149,-0.005,9.633,12.25
1425109576281,37.540588,139.929221,8,0.158,0.236,9.337,12.25
1425109576382,37.540599,139.929218,8,0.106,0.418,9.244,12.25
1425109576483,37.540611,139.929215,8,-0.15,0.508,9.407,12.25
1425109576584,37.540623,139.929212,8,-0.362,0.428,9.401,12.25
1425109576684,37.540634,139.929211,7,-0.43,0.449,9.224,12.25
1425109576780,37.540644,139.929209,7,-0.407,0.523,9.147,12.25
1425109576881,37.540654,139.929207,7,-0.286,0.394,9.575,12.25
1425109576981,37.540665,139.929206,7,-0.169,0.267,9.576,12.25
1425109577082,37.540675,139.929204,7,0.005,0.219,9.362,12.25
1425109577183,37.540686,139.929203,7,0.169,0.276,9.439,12.25
1425109577283,37.540696,139.929201,7,0.188,0.225,9.566,12.25
1425109577384,37.540707,139.929199,7,0.167,0.252,9.466,12.25
1425109577480,37.540717,139.929198,7,0.123,0.286,9.41,12.25
1425109577580,37.540727,139.929196,7,0.023,0.332,9.472,12.25
1425109577681,37.540737,139.929195,7,-0.029,0.286,9.6,12.25
1425109577782,37.540747,139.929194,7,-0.059,0.327,9.486,12.25
1425109577883,37.540757,139.929193,7,-0.012,0.269,9.47,12.25
1425109577983,37.540767,139.929192,7,0.034,0.287,9.669,12.25
1425109578084,37.540776,139.929191,7,0.094,0.25,9.523,12.25
1425109578180,37.540786,139.92919,7,0.16,0.252,9.411,12.25
1425109578280,37.540796,139.929188,7,0.251,0.261,9.461,12.25
1425109578381,37.540806,139.929187,7,0.204,0.25,9.52,12.25
1425109578482,37.540815,139.929186,7,0.179,0.242,9.418,12.25
1425109578583,37.540825,139.929185,7,0.163,0.241,9.501,12.25
1425109578683,37.540837,139.929183,7,0.102,0.217,9.506,12.25
1425109578784,37.540849,139.929181,7,0.096,0.208,9.561,12.25
1425109578880,37.54086,139.929179,7,0.109,0.235,9.474,12.25
1425109578980,37.540872,139.929178,7,0.163,0.222,9.502,12.25
1425109579081,37.540883,139.929176,7,0.193,0.231,9.406,12.25
1425109579182,37.540895,139.929174,7,0.181,0.218,9.394,12.25
1425109579282,37.540907,139.929172,7,0.178,0.207,9.433,12.25
1425109579383,37.540919,139.92917,7,0.164,0.153,9.519,12.25
1425109579484,37.540931,139.929168,7,0.17,0.167,9.455,12.25
1425109579580,37.540942,139.929166,7,0.172,0.192,9.397,12.25
1425109579680,37.540951,139.929165,8,0.166,0.197,9.456,12.227
1425109579781,37.540961,139.929163,8,0.137,0.195,9.577,12.202
1425109579882,37.54097,139.929162,8,0.112,0.207,9.431,12.176
1425109579982,37.540979,139.92916,8,0.146,0.206,9.479,12.151
1425109580083,37.540989,139.929159,8,0.127,0.208,9.521,12.126
1425109580184,37.540998,139.929158,8,0.1,0.225,9.467,12.101
1425109580284,37.541007,139.929156,8,0.105,0.241,9.461,12.076
1425109580380,37.541016,139.929155,8,0.097,0.256,9.486,12.052
1425109580481,37.541025,139.929154,8,0.03,0.257,9.478,12.027
1425109580582,37.541034,139.929152,8,-0.022,0.285,9.544,12.002
1425109580682,37.541043,139.929148,8,-0.062,0.297,9.55,11.904
1425109580783,37.541052,139.929144,8,-0.049,0.33,9.417,11.8
1425109580884,37.541061,139.92914,8,-0.043,0.336,9.485,11.697
1425109580984,37.54107,139.929136,8,-0.033,0.308,9.455,11.596
1425109581080,37.541078,139.929132,8,-0.028,0.27,9.493,11.499
1425109581181,37.541087,139.929129,8,0.008,0.237,9.533,11.398
1425109581282,37.541095,139.929125,8,0.008,0.251,9.536,11.299
1425109581382,37.541104,139.929121,8,0.071,0.298,9.408,11.201
1425109581483,37.541112,139.929117,8,0.112,0.303,9.418,11.103
1425109581584,37.541121,139.929113,8,0.089,0.277,9.48,11.006
1425109581684,37.541129,139.92911,8,0.032,0.225,9.457,11.112
1425109581780,37.541138,139.929108,8,0.07,0.273,9.316,11.227
1425109581881,37.541147,139.929105,8,0.066,0.29,9.422,11.35
1425109581981,37.541157,139.929102,8,0.03,0.277,9.532,11.473
1425109582082,37.541166,139.929099,8,-0.005,0.262,9.503,11.598
1425109582183,37.541176,139.929096,8,0.036,0.337,9.422,11.725
1425109582284,37.541185,139.929093,8,0.06,0.356,9.484,11.853
1425109582384,37.541195,139.92909,8,0.068,0.388,9.398,11.982
1425109582480,37.541204,139.929087,8,0.114,0.366,9.369,12.106
1425109582581,37.541214,139.929084,8,0.141,0.331,9.458,12.238
1425109582681,37.541226,139.929083,7,0.152,0.356,9.367,12.25
1425109582782,37.541239,139.929083,7,0.162,0.377,9.376,12.25
1425109582883,37.541251,139.929082,7,0.166,0.341,9.465,12.25
1425109582983,37.541263,139.929082,7,0.148,0.296,9.481,12.25
1425109583084,37.541276,139.929081,7,0.151,0.25,9.525,12.25
1425109583180,37.541288,139.92908,7,0.161,0.258,9.535,12.25
1425109583281,37.5413,139.92908,7,0.192,0.19,9.568,12.25
1425109583381,37.541312,139.929079,7,0.242,0.223,9.574,12.25
1425109583482,37.541325,139.929079,7,0.284,0.247,9.417,12.25
1425109583583,37.541337,139.929078,7,0.248,0.195,9.654,12.25
1425109583683,37.541348,139.929075,7,0.24,0.148,9.639,12.25
1425109583784,37.541359,139.929071,7,0.253,0.177,9.471,12.25
1425109583880,37.541369,139.929067,7,0.28,0.216,9.458,12.25
1425109583981,37.54138,139.929064,7,0.201,0.211,9.517,12.25
1425109584081,37.541391,139.92906,7,0.157,0.184,9.399,12.25
1425109584182,37.541402,139.929056,7,0.156,0.166,9.36,12.25
1425109584283,37.541413,139.929052,7,0.154,0.138,9.429,12.25
1425109584383,37.541424,139.929049,7,0.174,0.109,9.377,12.25
1425109584484,37.541435,139.929045,7,0.22,0.095,9.373,12.25
1425109584580,37.541445,139.929041,7,0.232,0.066,9.532,12.25
1425109584680,37.541455,139.929039,6,0.218,0.017,9.525,12.25
1425109584781,37.541465,139.929036,6,0.242,0.016,9.508,12.25
1425109584882,37.541475,139.929034,6,0.246,0.046,9.555,12.25
1425109584983,37.541485,139.929031,6,0.251,0.088,9.506,12.25
1425109585083,37.541494,139.929029,6,0.206,0.108,9.423,12.25
1425109585184,37.541504,139.929026,6,0.198,0.13,9.42,12.25
1425109585280,37.541514,139.929024,6,0.162,0.071,9.557,12.25
1425109585380,37.541523,139.929021,6,0.146,0.062,9.512,12.25
1425109585481,37.541533,139.929019,6,0.14,0.139,9.301,12.25
1425109585582,37.541543,139.929016,6,0.163,0.142,9.434,12.25
1425109585682,37.541553,139.929014,6,0.107,0.12,9.536,12.227
1425109585783,37.541564,139.929012,6,0.078,0.068,9.526,12.201
1425109585884,37.541574,139.92901,6,0.109,0.105,9.443,12.176
1425109585980,37.541584,139.929008,6,0.129,0.142,9.446,12.152
1425109586080,37.541594,139.929006,6,0.129,0.128,9.576,12.127
1425109586181,37.541605,139.929004,6,0.147,0.091,9.534,12.102
1425109586282,37.541615,139.929002,6,0.221,0.128,9.378,12.076
1425109586382,37.541625,139.929,6,0.261,0.128,9.385,12.052
1425109586483,37.541635,139.928998,6,0.238,0.109,9.534,12.027
1425109586584,37.541645,139.928996,6,0.157,0.081,9.49,12.001
1425109586684,37.541656,139.928994,5,0.069,0.163,9.366,12.0
1425109586780,37.541666,139.928992,5,0.079,0.217,9.39,12.0
1425109586881,37.541677,139.928989,5,-0.004,0.179,9.619,12.0
1425109586982,37.541688,139.928987,5,-0.084,0.158,9.623,12.0
1425109587082,37.541698,139.928985,5,-0.08,0.234,9.354,12.0
1425109587183,37.541709,139.928982,5,-0.053,0.273,9.409,12.0
1425109587284,37.54172,139.92898,5,-0.083,0.224,9.664,12.0
1425109587384,37.54173,139.928978,5,-0.072,0.183,9.509,12.0
1425109587480,37.54174,139.928976,5,-0.006,0.204,9.402,12.0
1425109587586,37.541752,139.928973,5,0.05,0.221,9.44,12.0
1425109587682,37.541761,139.928971,4,0.116,0.192,9.429,12.0
1425109587781,37.541771,139.928969,4,0.15,0.141,9.401,12.0
1425109587883,37.541781,139.928967,4,0.172,0.113,9.429,12.0
1425109587982,37.541791,139.928965,4,0.217,0.119,9.489,12.0
1425109588084,37.541801,139.928963,4,0.284,0.146,9.362,12.0
1425109588180,37.541811,139.928961,4,0.308,0.156,9.425,12.0
1425109588281,37.541821,139.928959,4,0.354,0.141,9.512,12.0
1425109588381,37.541831,139.928957,4,0.377,0.116,9.409,12.0
1425109588482,37.541841,139.928955,4,0.397,0.13,9.388,12.0
1425109588583,37.541851,139.928953,4,0.384,0.144,9.504,12.0
1425109588684,37.541862,139.928951,4,0.317,0.161,9.521,12.0
1425109588784,37.541873,139.928949,4,0.239,0.184,9.464,12.0
1425109588880,37.541884,139.928947,4,0.22,0.217,9.502,12.0
1425109588981,37.541895,139.928944,4,0.179,0.237,9.484,12.0
1425109589081,37.541906,139.928942,4,0.165,0.2,9.596,12.0
1425109589182,37.541917,139.92894,4,0.174,0.226,9.433,12.0
1425109589283,37.541928,139.928938,4,0.245,0.218,9.361,12.0
1425109589383,37.541938,139.928936,4,0.279,0.206,9.432,12.0
1425109589484,37.541949,139.928933,4,0.29,0.096,9.573,12.0
1425109589580,37.54196,139.928931,4,0.326,0.065,9.584,12.0
1425109589681,37.541971,139.92893,4,0.37,0.057,9.458,11.977
1425109589781,37.541982,139.928929,4,0.377,0.124,9.394,11.952
1425109589882,37.541993,139.928929,4,0.344,0.107,9.507,11.926
1425109589983,37.542004,139.928928,4,0.263,0.106,9.446,11.901
1425109590083,37.542015,139.928927,4,0.239,0.085,9.406,11.876
1425109590184,37.542025,139.928926,4,0.166,0.097,9.482,11.851
1425109590280,37.542036,139.928925,4,0.086,0.098,9.519,11.827
1425109590380,37.542047,139.928925,4,0.043,0.119,9.431,11.802
1425109590481,37.542057,139.928924,4,0.066,0.151,9.444,11.777
1425109590582,37.542068,139.928923,4,0.072,0.145,9.48,11.752
1425109590683,37.542079,139.928921,4,0.062,0.119,9.453,11.75
1425109590783,37.542089,139.928919,4,0.031,0.104,9.481,11.75
1425109590884,37.5421,139.928917,4,0.067,0.133,9.42,11.75
1425109590980,37.54211,139.928914,4,0.064,0.131,9.367,11.75
1425109591080,37.54212,139.928912,4,0.09,0.098,9.445,11.75
1425109591181,37.542131,139.92891,4,0.083,0.079,9.484,11.75
1425109591282,37.542142,139.928908,4,0.122,0.061,9.529,11.75
1425109591382,37.542152,139.928906,4,0.113,0.073,9.501,11.75
1425109591483,37.542163,139.928903,4,0.141,0.142,9.389,11.75
1425109591584,37.542173,139.928901,4,0.138,0.153,9.374,11.75
1425109591680,37.542184,139.928899,5,0.114,0.1,9.559,11.727
1425109591780,37.542195,139.928897,5,0.058,0.052,9.467,11.702
1425109591881,37.542207,139.928895,5,0.091,0.052,9.359,11.677
1425109591982,37.542218,139.928893,5,0.114,0.111,9.341,11.651
1425109592082,37.542229,139.928892,5,0.115,0.101,9.34,11.626
1425109592183,37.542241,139.92889,5,0.092,0.061,9.396,11.601
1425109592284,37.542252,139.928888,5,0.104,-0.034,9.573,11.576
1425109592380,37.542263,139.928886,5,0.005,-0.022,9.441,11.552
1425109592480,37.542274,139.928884,5,0.0,0.07,9.275,11.527
1425109592581,37.542285,139.928882,5,0.048,0.127,9.256,11.502
1425109592682,37.542295,139.928881,5,-0.007,0.203,9.096,11.5
1425109592782,37.542305,139.928879,5,-0.103,0.053,9.388,11.5
1425109592883,37.542315,139.928878,5,-0.061,-0.012,9.567,11.5
1425109592984,37.542325,139.928876,5,0.03,-0.26,9.761,11.5
1425109593080,37.542334,139.928875,5,0.1,-0.147,9.582,11.5
1425109593180,37.542344,139.928873,5,0.201,-0.045,9.5,11.5
1425109593281,37.542354,139.928872,5,0.025,0.295,9.465,11.5
1425109593382,37.542364,139.92887,5,0.305,-0.103,9.865,11.5
1425109593482,37.542373,139.928869,5,0.458,-0.069,9.495,11.5
1425109593583,37.542383,139.928867,5,0.532,-0.089,9.157,11.5
1425109593684,37.542394,139.928865,4,0.551,0.041,9.494,11.5
1425109593784,37.542404,139.928863,4,0.786,0.021,9.371,11.5
1425109593880,37.542414,139.928861,4,0.533,-0.033,9.392,11.5
1425109593981,37.542424,139.92886,4,0.285,-0.078,9.581,11.5
1425109594082,37.542434,139.928858,4,0.068,0.022,9.576,11.5
1425109594182,37.542444,139.928856,4,0.053,0.194,9.258,11.5
1425109594283,37.542455,139.928854,4,0.141,0.356,9.009,11.5
1425109594384,37.542465,139.928852,4,0.07,0.184,9.507,11.5
1425109594484,37.542475,139.92885,4,-0.042,-0.006,9.901,11.5
1425109594580,37.542485,139.928848,4,-0.031,-0.053,9.369,11.5
1425109594681,37.542496,139.928846,4,0.158,0.082,9.322,11.477
1425109594781,37.542507,139.928845,4,0.287,0.14,9.624,11.452
1425109594882,37.542517,139.928843,4,0.18,0.089,9.885,11.426
1425109594983,37.542528,139.928841,4,-0.052,0.243,9.326,11.401
1425109595084,37.542539,139.928839,4,0.165,-0.091,9.811,11.376
1425109595184,37.54255,139.928837,4,0.313,0.034,9.704,11.351
1425109595280,37.54256,139.928836,4,0.267,0.238,8.818,11.327
1425109595381,37.542571,139.928834,4,0.376,0.437,8.933,11.302
1425109595481,37.542581,139.928832,4,0.455,0.192,9.288,11.277
1425109595582,37.542592,139.92883,4,0.432,-0.192,9.518,11.252
1425109595683,37.542602,139.928828,5,0.362,-0.304,9.487,11.25
1425109595783,37.542611,139.928826,5,0.197,-0.104,9.519,11.25
1425109595884,37.54262,139.928824,5,0.235,0.15,9.517,11.25
1425109595980,37.542629,139.928823,5,0.355,0.275,9.398,11.25
1425109596081,37.542638,139.928821,5,0.303,0.163,9.573,11.25
1425109596181,37.542647,139.928819,5,0.248,0.057,9.631,11.25
1425109596282,37.542657,139.928817,5,0.281,-0.039,9.622,11.25
1425109596383,37.542666,139.928815,5,0.47,-0.047,9.655,11.25
1425109596483,37.542675,139.928813,5,0.625,0.019,9.54,11.25
1425109596584,37.542684,139.928811,5,0.641,0.085,9.511,11.25
1425109596680,37.542696,139.928811,7,0.628,0.108,9.471,11.25
1425109596781,37.542707,139.92881,7,0.639,0.092,9.454,11.25
1425109596881,37.542719,139.92881,7,0.656,0.052,9.363,11.25
1425109596982,37.542731,139.92881,7,0.606,-0.017,9.596,11.25
1425109597083,37.542743,139.92881,7,0.549,-0.18,9.95,11.25
1425109597183,37.542754,139.928809,7,0.424,0.179,9.105,11.25
1425109597284,37.542766,139.928809,7,0.459,0.464,8.527,11.25
1425109597380,37.542777,139.928809,7,0.395,0.383,9.204,11.25
1425109597480,37.542789,139.928808,7,0.207,-0.02,9.998,11.25
1425109597581,37.542801,139.928808,7,-0.092,-0.273,9.853,11.25
1425109597682,37.542811,139.928807,7,-0.059,-0.001,9.276,11.273
1425109597782,37.542822,139.928805,7,0.126,0.343,9.411,11.298
1425109597883,37.542832,139.928804,7,0.261,0.405,9.795,11.323
1425109597984,37.542842,139.928803,7,0.172,0.294,9.484,11.348
1425109598080,37.542852,139.928801,7,0.218,0.196,9.182,11.372
1425109598180,37.542862,139.9288,7,0.28,0.122,9.416,11.397
1425109598281,37.542873,139.928798,7,0.26,0.091,9.598,11.422
1425109598382,37.542883,139.928797,7,0.139,0.174,9.397,11.448
1425109598482,37.542894,139.928796,7,0.077,0.219,9.384,11.473
1425109598583,37.542904,139.928794,7,0.099,0.265,9.398,11.498
1425109598684,37.542915,139.928792,4,0.137,0.256,9.342,11.5
1425109598780,37.542924,139.92879,4,0.096,0.177,9.515,11.5
1425109598880,37.542935,139.928788,4,0.067,0.061,9.734,11.5
1425109598981,37.542945,139.928786,4,0.15,0.086,9.557,11.5
1425109599082,37.542955,139.928784,4,0.255,0.174,9.437,11.5
1425109599182,37.542965,139.928782,4,0.293,0.264,9.454,11.5
1425109599283,37.542976,139.928779,4,0.269,0.277,9.458,11.5
1425109599384,37.542986,139.928777,4,0.243,0.202,9.374,11.5
1425109599484,37.542996,139.928775,4,0.254,0.152,9.349,11.5
1425109599580,37.543006,139.928773,4,0.299,0.113,9.317,11.5
1425109599681,37.543017,139.928771,4,0.346,0.053,9.487,11.5
1425109599782,37.543028,139.928769,4,0.404,0.0,9.577,11.5
1425109599882,37.543038,139.928767,4,0.423,0.027,9.462,11.5
1425109599983,37.543049,139.928765,4,0.452,0.08,9.394,11.5
1425109600084,37.54306,139.928763,4,0.464,0.086,9.447,11.5
1425109600184,37.543071,139.928761,4,0.418,0.017,9.641,11.5
1425109600280,37.543081,139.928759,4,0.272,0.015,9.665,11.5
1425109600381,37.543092,139.928757,4,0.221,0.097,9.406,11.5
1425109600481,37.543102,139.928755,4,0.243,0.187,9.364,11.5
1425109600582,37.543113,139.928753,4,0.257,0.164,9.503,11.5
1425109600683,37.543123,139.928751,5,0.142,0.058,9.643,11.5
1425109600784,37.543132,139.92875,5,0.143,-0.013,9.632,11.5
1425109600884,37.543141,139.928748,5,0.162,0.049,9.421,11.5
1425109600980,37.54315,139.928746,5,0.285,0.157,9.282,11.5
1425109601081,37.54316,139.928745,5,0.344,0.151,9.321,11.5
1425109601181,37.543169,139.928743,5,0.315,0.039,9.427,11.5
1425109601282,37.543178,139.928741,5,0.22,-0.088,9.545,11.5
1425109601383,37.543188,139.92874,5,0.288,-0.061,9.363,11.5
1425109601484,37.543197,139.928738,5,0.27,-0.029,9.37,11.5
1425109601584,37.543206,139.928736,5,0.257,0.037,9.44,11.5
1425109601685,37.543216,139.928734,5,0.235,-0.007,9.391,11.476
1425109601781,37.543226,139.928732,5,0.253,-0.027,9.364,11.452
1425109601880,37.543236,139.92873,5,0.085,-0.067,9.522,11.427
1425109601982,37.543246,139.928728,5,0.067,-0.1,9.704,11.401
1425109602081,37.543256,139.928726,5,0.062,-0.039,9.479,11.377
1425109602183,37.543266,139.928723,5,0.156,0.008,9.304,11.351
1425109602280,37.543276,139.928721,5,0.168,-0.092,9.811,11.327
1425109602380,37.543285,139.928719,5,0.246,0.028,9.486,11.302
1425109602481,37.543295,139.928717,5,0.238,-0.06,9.385,11.277
1425109602581,37.543305,139.928715,5,0.25,-0.155,9.779,11.252
1425109602682,37.543315,139.928714,4,0.286,-0.233,9.962,11.273
1425109602783,37.543325,139.928712,4,0.215,-0.027,9.327,11.298
1425109602883,37.543335,139.92871,4,0.44,0.169,8.813,11.323
1425109602984,37.543346,139.928709,4,0.298,0.174,9.224,11.348
1425109603080,37.543355,139.928707,4,0.032,-0.142,10.087,11.372
1425109603180,37.543365,139.928706,4,-0.107,-0.285,9.697,11.397
1425109603281,37.543376,139.928704,4,0.172,-0.193,9.266,11.422
1425109603382,37.543386,139.928702,4,0.3,-0.062,9.406,11.448
1425109603483,37.543396,139.928701,4,0.357,-0.031,9.726,11.473
1425109603583,37.543406,139.928699,4,0.416,-0.101,9.452,11.498
1425109603684,37.543416,139.928697,4,0.563,-0.217,9.337,11.452
1425109603780,37.543426,139.928695,4,0.645,-0.226,9.296,11.403
1425109603880,37.543436,139.928693,4,0.594,-0.269,9.502,11.353
1425109603981,37.543445,139.928691,4,0.442,-0.212,9.595,11.302
1425109604082,37.543455,139.928689,4,0.301,-0.157,9.545,11.251
1425109604183,37.543465,139.928687,4,0.224,-0.102,9.533,11.201
1425109604283,37.543475,139.928685,4,0.177,-0.049,9.733,11.151
1425109604384,37.543484,139.928683,4,0.163,-0.02,9.645,11.101
1425109604480,37.543494,139.928681,4,0.125,0.032,9.576,11.054
1425109604580,37.543503,139.928679,4,0.137,0.118,9.571,11.005
1425109604681,37.543513,139.928678,5,0.142,0.191,9.436,11.0
1425109604782,37.543524,139.928676,5,0.224,0.187,9.484,11.0
1425109604882,37.543534,139.928675,5,0.25,0.195,9.391,11.0
1425109604983,37.543544,139.928673,5,0.222,0.209,9.339,11.0
1425109605084,37.543554,139.928672,5,0.153,0.186,9.543,11.0
1425109605180,37.543564,139.92867,5,0.062,0.2,9.589,11.0
1425109605281,37.543574,139.928669,5,0.015,0.284,9.361,11.0
1425109605381,37.543585,139.928667,5,0.07,0.32,9.436,11.0
1425109605482,37.543595,139.928666,5,0.137,0.373,9.421,11.0
1425109605582,37.543605,139.928664,5,0.205,0.343,9.422,11.0
1425109605683,37.543614,139.928663,6,0.231,0.259,9.572,11.0
1425109605784,37.543622,139.928661,6,0.299,0.235,9.673,11.0
1425109605880,37.543631,139.928659,6,0.412,0.261,9.426,11.0
1425109605980,37.543639,139.928658,6,0.439,0.376,9.353,11.0
1425109606081,37.543648,139.928656,6,0.38,0.448,9.532,11.0
1425109606182,37.543656,139.928655,6,0.284,0.452,9.577,11.0
1425109606282,37.543665,139.928653,6,0.173,0.401,9.639,11.0
1425109606383,37.543673,139.928651,6,0.046,0.496,9.649,11.0
1425109606484,37.543682,139.92865,6,-0.026,0.65,9.51,11.0
1425109606584,37.54369,139.928648,6,-0.0,0.778,9.306,11.0
1425109606680,37.5437,139.928647,6,0.013,0.737,9.461,11.022
1425109606781,37.54371,139.928645,6,-0.032,0.582,9.686,11.047
1425109606882,37.54372,139.928644,6,0.026,0.472,9.753,11.072
1425109606982,37.54373,139.928643,6,0.239,0.438,9.65,11.097
1425109607083,37.54374,139.928641,6,0.455,0.552,9.54,11.123
1425109607184,37.54375,139.92864,6,0.636,0.603,9.433,11.148
1425109607284,37.54376,139.928638,6,0.738,0.546,9.417,11.173
1425109607380,37.54377,139.928637,6,0.709,0.388,9.65,11.197
1425109607481,37.54378,139.928636,6,0.676,0.297,9.677,11.222
1425109607581,37.54379,139.928634,6,0.805,0.279,9.434,11.248
1425109607682,37.543801,139.928633,4,0.593,0.52,9.075,11.273
1425109607783,37.543811,139.928631,4,0.349,0.516,9.304,11.298
1425109607884,37.543822,139.92863,4,0.329,0.316,9.555,11.323
1425109607984,37.543832,139.928628,4,0.275,0.041,9.367,11.348
1425109608080,37.543843,139.928627,4,0.191,0.013,9.466,11.372
1425109608181,37.543853,139.928625,4,0.256,-0.012,9.497,11.397
1425109608282,37.543864,139.928624,4,0.375,0.078,9.505,11.422
1425109608382,37.543875,139.928622,4,0.468,0.101,9.279,11.448
1425109608483,37.543886,139.928621,4,0.397,0.024,9.354,11.473
1425109608583,37.543896,139.928619,4,0.281,-0.137,9.614,11.498
1425109608684,37.543906,139.928617,4,0.123,-0.138,9.63,11.427
1425109608780,37.543914,139.928616,4,0.054,-0.036,9.522,11.354
1425109608881,37.543924,139.928614,4,-0.028,0.069,9.528,11.277
1425109608981,37.543933,139.928613,4,0.089,0.043,9.629,11.201
1425109609082,37.543942,139.928611,4,-0.001,0.054,9.445,11.125
1425109609183,37.543951,139.928609,4,0.184,-0.152,9.684,11.049
1425109609283,37.543959,139.928608,4,0.305,-0.131,9.641,10.975
1425109609384,37.543968,139.928606,4,0.435,-0.059,9.377,10.9
1425109609480,37.543976,139.928605,4,0.375,-0.088,9.234,10.83
1425109609580,37.543985,139.928603,4,0.239,-0.149,9.641,10.757
1425109609681,37.543994,139.928601,4,0.174,-0.118,9.707,10.75
1425109609782,37.544003,139.928598,4,-0.039,-0.091,9.466,10.75
1425109609883,37.544012,139.928596,4,-0.002,0.115,9.095,10.75
1425109609983,37.544021,139.928593,4,-0.089,0.159,9.395,10.75
1425109610084,37.54403,139.928591,4,-0.193,0.086,9.712,10.75
1425109610180,37.544039,139.928588,4,-0.271,0.062,9.526,10.75
1425109610280,37.544047,139.928586,4,-0.136,0.045,9.276,10.75
1425109610381,37.544056,139.928583,4,-0.096,0.101,9.372,10.75
1425109610482,37.544065,139.928581,4,0.111,0.051,9.418,10.75
1425109610583,37.544074,139.928578,4,0.11,-0.152,9.549,10.75
1425109610683,37.544085,139.928577,4,0.065,-0.167,9.69,10.727
1425109610784,37.544095,139.928575,4,0.168,-0.115,9.429,10.701
1425109610880,37.544105,139.928574,4,0.24,0.003,9.245,10.677
1425109610981,37.544116,139.928572,4,0.162,0.007,9.524,10.652
1425109611081,37.544126,139.928571,4,-0.077,-0.068,9.673,10.627
1425109611182,37.544137,139.92857,4,-0.134,-0.098,9.447,10.601
1425109611282,37.544147,139.928568,4,-0.092,-0.072,9.239,10.576
1425109611383,37.544158,139.928567,4,-0.055,-0.104,9.364,10.551
1425109611484,37.544168,139.928565,4,-0.176,-0.159,9.565,10.526
1425109611580,37.544178,139.928564,4,-0.165,-0.116,9.422,10.502
1425109611680,37.544186,139.928562,5,-0.09,-0.114,9.071,10.454
1425109611781,37.544195,139.92856,5,-0.127,-0.143,9.338,10.403
1425109611882,37.544203,139.928559,5,-0.045,-0.232,9.577,10.351
1425109611982,37.544211,139.928557,5,-0.017,-0.319,9.529,10.301
1425109612083,37.544219,139.928555,5,0.133,-0.335,9.253,10.25
1425109612184,37.544228,139.928553,5,0.138,-0.274,9.227,10.2
1425109612284,37.544236,139.928551,5,0.199,-0.208,9.367,10.15
1425109612380,37.544243,139.92855,5,0.202,-0.232,9.456,10.103
1425109612481,37.544251,139.928548,5,0.214,-0.301,9.318,10.053
1425109612582,37.544259,139.928546,5,0.183,-0.433,9.49,10.004
1425109612682,37.544268,139.928544,5,0.072,-0.419,9.584,9.953
1425109612783,37.544277,139.928542,5,0.075,-0.226,9.258,9.902
1425109612884,37.544286,139.92854,5,0.106,-0.189,9.187,9.85
1425109612984,37.544295,139.928538,5,0.239,-0.434,9.879,9.8
1425109613080,37.544304,139.928536,5,0.071,-0.272,9.57,9.752
1425109613181,37.544313,139.928533,5,0.09,-0.008,8.552,9.701
1425109613282,37.544321,139.928531,5,0.109,-0.104,8.78,9.651
1425109613382,37.54433,139.928529,5,0.355,-0.52,10.283,9.602
1425109613483,37.544339,139.928527,5,0.408,-0.805,10.315,9.552
1425109613584,37.544347,139.928525,5,0.456,-0.76,9.221,9.503
1425109613684,37.544355,139.928524,5,0.525,-0.356,8.626,9.452
1425109613780,37.544363,139.928522,5,0.507,-0.065,9.461,9.403
1425109613881,37.54437,139.928521,5,0.587,-0.117,9.883,9.352
1425109613981,37.544378,139.928519,5,0.397,-0.253,9.497,9.301
1425109614082,37.544385,139.928518,5,0.16,-0.299,9.296,9.251
1425109614183,37.544393,139.928516,5,-0.075,-0.22,9.464,9.2
1425109614284,37.5444,139.928515,5,-0.16,-0.026,9.637,9.15
1425109614384,37.544408,139.928513,5,-0.184,0.057,9.45,9.101
1425109614480,37.544415,139.928512,5,-0.147,0.047,9.313,9.054
1425109614581,37.544422,139.92851,5,-0.018,-0.042,9.386,9.004
1425109614681,37.54443,139.928508,5,0.038,-0.156,9.562,9.0
1425109614782,37.544438,139.928505,5,0.137,-0.209,9.435,9.0
1425109614883,37.544446,139.928502,5,0.206,-0.178,9.271,9.0
1425109614983,37.544454,139.928499,5,0.104,-0.223,9.481,9.0
1425109615084,37.544463,139.928497,5,0.11,-0.143,9.455,9.0
1425109615180,37.54447,139.928494,5,0.123,-0.074,9.292,9.0
1425109615281,37.544478,139.928491,5,-0.024,-0.124,9.386,9.0
1425109615381,37.544486,139.928489,5,-0.141,-0.096,9.461,9.0
1425109615482,37.544494,139.928486,5,-0.19,-0.089,9.478,9.0
1425109615583,37.544502,139.928483,5,-0.162,-0.158,9.395,9.0
1425109615683,37.544511,139.928482,5,-0.067,-0.22,9.452,9.0
1425109615784,37.54452,139.928482,5,-0.072,-0.264,9.539,9.0
1425109615880,37.544528,139.928481,5,-0.044,-0.229,9.494,9.0
1425109615986,37.544537,139.928481,5,0.049,-0.188,9.35,9.0
1425109616081,37.544546,139.92848,5,0.022,-0.196,9.38,9.0
1425109616180,37.544554,139.928479,5,-0.001,-0.251,9.523,9.0
1425109616283,37.544563,139.928479,5,-0.009,-0.24,9.45,9.0
1425109616382,37.544572,139.928478,5,-0.099,-0.226,9.4,9.0
1425109616484,37.544581,139.928478,5,-0.051,-0.249,9.473,9.0
1425109616580,37.544589,139.928477,5,0.0,-0.289,9.526,9.0
1425109616680,37.544597,139.928476,5,-0.028,-0.28,9.551,9.022
1425109616781,37.544606,139.928475,5,-0.028,-0.222,9.417,9.047
1425109616882,37.544614,139.928474,5,-0.062,-0.211,9.429,9.072
1425109616982,37.544622,139.928473,5,-0.093,-0.187,9.57,9.097
1425109617083,37.544631,139.928473,5,-0.097,-0.204,9.62,9.122
1425109617184,37.544639,139.928472,5,-0.051,-0.306,9.525,9.148
1425109617280,37.544647,139.928471,5,-0.06,-0.25,9.324,9.172
1425109617380,37.544655,139.92847,5,0.013,-0.185,9.367,9.197
1425109617481,37.544664,139.928469,5,-0.008,-0.252,9.562,9.222
1425109617582,37.544672,139.928468,5,0.028,-0.292,9.592,9.248
1425109617682,37.544679,139.928467,6,0.195,-0.375,9.621,9.153
1425109617783,37.544686,139.928465,6,0.135,-0.362,9.484,9.048
1425109617884,37.544692,139.928464,6,0.211,-0.201,9.173,8.944
1425109617980,37.544698,139.928463,6,0.062,0.005,8.98,8.846
1425109618080,37.544704,139.928461,6,0.136,-0.483,10.137,8.746
1425109618181,37.544711,139.92846,6,0.103,-0.63,10.319,8.645
1425109618282,37.544717,139.928459,6,0.235,-0.335,9.254,8.546
1425109618382,37.544723,139.928458,6,0.199,-0.246,8.765,8.449
1425109618483,37.544729,139.928456,6,0.103,-0.203,9.168,8.352
1425109618584,37.544735,139.928455,6,0.152,-0.093,9.754,8.256
1425109618684,37.544743,139.928456,7,0.118,-0.183,9.645,8.25
1425109618780,37.54475,139.928457,7,-0.033,-0.296,9.364,8.25
1425109618881,37.544759,139.928458,7,-0.011,-0.334,9.214,8.25
1425109618982,37.544767,139.92846,7,0.016,-0.381,9.546,8.25
1425109619082,37.544775,139.928461,7,0.014,-0.454,10.088,8.25
1425109619183,37.544783,139.928462,7,-0.074,-0.214,9.559,8.25
1425109619284,37.544791,139.928463,7,-0.066,-0.165,9.143,8.25
1425109619384,37.544799,139.928465,7,-0.015,-0.051,8.966,8.25
1425109619480,37.544807,139.928466,7,-0.027,-0.197,9.779,8.25
1425109619581,37.544815,139.928467,7,-0.034,-0.344,10.196,8.25
1425109619681,37.544823,139.928467,7,-0.104,-0.301,9.594,8.227
1425109619783,37.544831,139.928466,7,-0.115,-0.239,9.256,8.201
1425109619883,37.544838,139.928466,7,-0.142,-0.324,9.351,8.176
1425109619984,37.544846,139.928465,7,0.125,-0.261,9.626,8.151
1425109620084,37.544853,139.928465,7,0.278,-0.143,9.532,8.126
1425109620180,37.544861,139.928465,7,0.21,-0.261,9.483,8.102
1425109620281,37.544868,139.928464,7,-0.019,-0.369,9.637,8.076
1425109620381,37.544876,139.928464,7,-0.073,-0.306,9.655,8.052
1425109620482,37.544883,139.928463,7,-0.074,-0.087,9.293,8.027
1425109620583,37.54489,139.928463,7,-0.008,-0.138,9.206,8.002
1425109620684,37.544898,139.928462,5,-0.048,-0.26,9.47,7.952
1425109620784,37.544905,139.92846,5,-0.154,-0.313,9.561,7.9
1425109620880,37.544912,139.928459,5,-0.166,-0.292,9.416,7.852
1425109620981,37.544919,139.928458,5,-0.161,-0.26,9.362,7.801
1425109621081,37.544926,139.928457,5,-0.118,-0.371,9.615,7.75
1425109621182,37.544933,139.928455,5,-0.1,-0.367,9.584,7.7
1425109621283,37.54494,139.928454,5,0.038,-0.443,9.365,7.65
1425109621383,37.544947,139.928453,5,0.05,-0.571,9.325,7.601
1425109621484,37.544954,139.928451,5,-0.044,-0.645,9.504,7.551
1425109621580,37.54496,139.92845,5,0.053,-0.791,9.753,7.505
1425109621681,37.544966,139.928449,5,0.038,-0.809,9.644,7.477
1425109621781,37.544971,139.928448,5,0.01,-0.801,9.359,7.452
1425109621882,37.544976,139.928447,5,0.037,-0.843,9.382,7.426
1425109621983,37.544981,139.928446,5,0.06,-0.957,9.713,7.401
1425109622083,37.544986,139.928445,5,0.013,-0.943,9.63,7.376
1425109622184,37.544991,139.928443,5,0.035,-0.873,9.514,7.35
1425109622280,37.544996,139.928442,5,-0.046,-0.948,9.468,7.327
1425109622380,37.545001,139.928441,5,-0.16,-1.054,9.515,7.302
1425109622481,37.545006,139.92844,5,-0.251,-1.103,9.49,7.277
1425109622582,37.545011,139.928439,5,-0.225,-1.076,9.611,7.252
1425109622683,37.545016,139.928438,5,-0.183,-1.147,9.56,7.177
1425109622783,37.545022,139.928436,5,-0.208,-1.183,9.388,7.099
1425109622884,37.545027,139.928434,5,-0.185,-1.217,9.422,7.021
1425109622980,37.545033,139.928433,5,-0.117,-1.322,9.738,6.948
1425109623080,37.545038,139.928431,5,0.027,-1.362,9.563,6.872
1425109623181,37.545044,139.92843,5,0.103,-1.416,9.46,6.797
1425109623282,37.545049,139.928428,5,0.004,-1.437,9.574,6.722
1425109623383,37.545054,139.928427,5,-0.05,-1.43,9.637,6.649
1425109623483,37.54506,139.928426,5,0.052,-1.525,9.656,6.576
1425109623584,37.545065,139.928424,5,0.146,-1.562,9.687,6.504
1425109623680,37.545069,139.928426,5,0.244,-1.487,9.557,6.29
1425109623780,37.545073,139.928427,5,0.335,-1.511,9.416,6.064
1425109623881,37.545077,139.928429,5,0.495,-1.524,9.424,5.843
1425109623982,37.545081,139.928431,5,0.746,-1.317,9.439,5.629
1425109624082,37.545084,139.928432,5,0.83,-0.955,9.553,5.425
1425109624183,37.545088,139.928434,5,0.774,-0.707,9.506,5.226
1425109624284,37.545091,139.928435,5,0.87,-0.627,9.475,5.035
1425109624380,37.545095,139.928436,5,0.978,-0.596,9.416,4.86
1425109624480,37.545098,139.928438,5,1.093,-0.66,9.266,4.684
1425109624581,37.545101,139.928439,5,1.211,-0.737,9.43,4.515
1425109624682,37.545105,139.92844,5,1.279,-0.938,9.637,4.476
1425109624782,37.545109,139.928442,5,1.353,-0.993,9.477,4.451
1425109624883,37.545113,139.928443,5,1.337,-0.905,9.355,4.425
1425109624984,37.545117,139.928445,5,1.283,-0.801,9.464,4.4
1425109625084,37.545121,139.928447,5,1.282,-0.841,9.552,4.375
1425109625180,37.545125,139.928448,5,1.248,-0.796,9.453,4.351
1425109625281,37.545129,139.928449,5,1.199,-0.66,9.185,4.326
1425109625382,37.545133,139.928451,5,1.079,-0.54,9.039,4.301
1425109625482,37.545137,139.928452,5,1.031,-0.781,9.752,4.276
1425109625584,37.545141,139.928454,5,1.065,-0.904,10.103,4.251
1425109625684,37.545144,139.928456,5,1.022,-0.755,9.632,4.226
1425109625784,37.545148,139.928458,5,1.004,-0.647,9.255,4.2
1425109625880,37.545151,139.92846,5,0.963,-0.572,9.282,4.176
1425109625981,37.545155,139.928462,5,0.714,-0.538,9.321,4.15
1425109626081,37.545158,139.928464,5,0.772,-0.505,9.199,4.125
1425109626182,37.545162,139.928467,5,0.598,-0.646,10.078,4.1
1425109626283,37.545165,139.928469,5,0.545,-0.429,9.825,4.075
1425109626384,37.545169,139.928471,5,0.574,-0.315,9.317,4.05
1425109626484,37.545172,139.928473,5,0.75,-0.451,9.292,4.026
1425109626580,37.545176,139.928475,5,0.866,-0.597,9.652,4.002
1425109626681,37.545179,139.928479,7,1.082,-0.732,9.753,3.977
1425109626781,37.545182,139.928483,7,1.166,-0.691,9.648,3.951
1425109626882,37.545186,139.928487,7,1.057,-0.645,9.398,3.925
1425109626983,37.545189,139.928491,7,0.951,-0.478,9.217,3.9
1425109627084,37.545193,139.928495,7,0.93,-0.469,9.392,3.874
1425109627184,37.545196,139.928498,7,0.992,-0.5,9.814,3.85
1425109627280,37.545199,139.928502,7,0.81,-0.563,9.76,3.826
1425109627381,37.545202,139.928506,7,0.594,-0.516,9.397,3.801
1425109627481,37.545206,139.92851,7,0.664,-0.436,9.317,3.776
1425109627582,37.545209,139.928514,7,0.937,-0.417,9.398,3.752
1425109627683,37.545206,139.928516,10,1.169,-0.725,9.515,3.673
1425109627783,37.545203,139.928519,10,1.281,-0.797,9.763,3.592
1425109627884,37.5452,139.928521,10,1.383,-0.4,9.439,3.512
1425109627980,37.545197,139.928524,10,1.42,-0.033,9.213,3.438
1425109628081,37.545194,139.928526,10,1.296,0.048,9.319,3.361
1425109628181,37.545191,139.928528,10,1.128,0.092,9.534,3.287
1425109628282,37.545188,139.92853,10,1.126,0.188,9.566,3.213
1425109628383,37.545185,139.928533,10,1.315,0.42,9.551,3.142
1425109628483,37.545183,139.928535,10,1.445,0.337,9.365,3.072
1425109628584,37.54518,139.928537,10,1.515,0.089,9.369,3.004
1425109628680,37.54518,139.928541,10,1.638,-0.113,9.449,3.061
1425109628780,37.54518,139.928546,10,1.61,-0.079,9.435,3.13
1425109628881,37.54518,139.928551,10,1.439,0.04,9.423,3.201
1425109628982,37.54518,139.928556,10,1.309,0.087,9.47,3.274
1425109629083,37.54518,139.928561,10,1.264,0.147,9.482,3.349
1425109629183,37.545181,139.928566,10,1.189,0.293,9.493,3.425
1425109629284,37.545181,139.928572,10,0.991,0.527,9.47,3.503
1425109629380,37.545181,139.928577,10,0.885,0.693,9.423,3.579
1425109629480,37.545181,139.928583,10,1.028,0.771,9.445,3.659
1425109634576,37.545149,139.928913,5,1.105,0.787,9.456,7.253
1425109634581,37.545149,139.928913,5,1.104,0.778,9.452,7.252
1425109634682,37.545149,139.928921,5,0.577,0.473,9.413,7.227
1425109634783,37.545149,139.928928,5,0.399,0.581,9.572,7.201
1425109634883,37.545148,139.928935,5,0.367,0.463,9.366,7.176
1425109634984,37.545148,139.928943,5,0.402,0.315,9.555,7.15
1425109635080,37.545148,139.92895,5,0.255,0.443,9.515,7.126
1425109635180,37.545148,139.928957,5,0.203,0.57,9.64,7.101
1425109635281,37.545148,139.928964,5,0.24,0.642,9.343,7.076
1425109635382,37.545147,139.928971,5,-0.026,0.736,9.24,7.051
1425109635483,37.545147,139.928978,5,-0.031,0.602,9.822,7.026
1425109640578,37.545169,139.929428,6,0.148,0.622,9.72,8.0
1425109640583,37.545169,139.929428,6,0.132,0.619,9.689,8.0
1425109640684,37.545169,139.929437,5,0.091,0.532,9.543,7.976
1425109640780,37.545169,139.929445,5,0.136,0.431,9.402,7.952
1425109640881,37.545169,139.929453,5,0.011,0.408,9.475,7.926
1425109640981,37.545169,139.929461,5,-0.006,0.362,9.663,7.901
1425109641082,37.545169,139.929469,5,0.076,0.297,9.477,7.876
1425109641183,37.545168,139.929477,5,0.028,0.291,9.355,7.851
1425109641283,37.545168,139.929485,5,0.086,0.24,9.453,7.826
1425109641384,37.545168,139.929494,5,0.17,0.196,9.563,7.801
1425109641480,37.545168,139.929501,5,0.086,0.224,9.522,7.777
1425109641580,37.545168,139.929509,5,0.095,0.24,9.383,7.752
1425109641681,37.545167,139.929518,4,0.137,0.318,9.224,7.75
1425109641782,37.545167,139.929527,4,0.113,0.237,9.461,7.75
1425109641883,37.545166,139.929535,4,0.123,0.167,9.636,7.75
1425109641983,37.545165,139.929544,4,0.136,0.264,9.445,7.75
1425109642084,37.545165,139.929553,4,0.085,0.269,9.254,7.75
1425109642180,37.545164,139.929561,4,0.05,0.178,9.458,7.75
1425109642280,37.545163,139.92957,4,0.048,0.2,9.634,7.75
1425109642381,37.545162,139.929579,4,0.125,0.251,9.344,7.75
1425109642482,37.545162,139.929588,4,0.081,0.24,9.315,7.75
1425109642582,37.545161,139.929596,4,0.093,0.141,9.482,7.75
1425109642683,37.545161,139.929606,4,0.031,0.209,9.429,7.726
1425109642784,37.545162,139.929615,4,0.02,0.204,9.467,7.701
1425109642880,37.545162,139.929625,4,0.142,0.124,9.411,7.677
1425109642980,37.545163,139.929634,4,0.081,0.021,9.606,7.652
1425109643081,37.545163,139.929644,4,0.01,0.107,9.486,7.626
1425109643182,37.545164,139.929653,4,0.013,0.144,9.339,7.601
1425109643282,37.545164,139.929662,4,0.058,0.174,9.338,7.576
1425109643383,37.545165,139.929672,4,-0.066,0.132,9.576,7.551
1425109643484,37.545165,139.929681,4,-0.011,0.085,9.639,7.526
1425109643585,37.545166,139.929691,4,0.046,0.092,9.461,7.501
1425109643680,37.545166,139.929698,4,-0.001,0.174,9.324,7.5
1425109643781,37.545167,139.929707,4,0.035,0.155,9.371,7.5
1425109643882,37.545167,139.929715,4,0.097,0.071,9.583,7.5
1425109643982,37.545168,139.929723,4,0.091,0.109,9.59,7.5
1425109644083,37.545168,139.929731,4,0.147,0.093,9.565,7.5
1425109644184,37.545168,139.92974,4,0.293,0.088,9.41,7.5
1425109644284,37.545169,139.929748,4,0.287,0.125,9.305,7.5
1425109644385,37.545169,139.929756,4,0.323,0.044,9.621,7.5
1425109644481,37.54517,139.929764,4,0.335,0.024,9.621,7.5
1425109644580,37.54517,139.929772,4,0.251,0.083,9.418,7.5
1425109644682,37.545169,139.929781,4,0.163,0.13,9.376,7.477
1425109644781,37.545169,139.929789,4,0.103,0.131,9.335,7.452
1425109644884,37.545168,139.929798,4,0.106,0.091,9.74,7.426
1425109644983,37.545167,139.929806,4,0.163,-0.071,10.126,7.401
1425109645080,37.545167,139.929814,4,0.21,0.092,9.746,7.376
1425109645181,37.545166,139.929822,4,0.219,0.386,9.104,7.351
1425109645281,37.545165,139.929831,4,0.298,0.495,8.972,7.326
1425109645382,37.545164,139.929839,4,0.196,0.375,9.624,7.301
1425109645483,37.545164,139.929847,4,0.261,0.441,9.883,7.276
1425109645584,37.545163,139.929856,4,0.316,0.418,9.595,7.251
1425109645684,37.545163,139.929864,4,0.161,0.198,9.523,7.25
1425109645780,37.545163,139.929871,4,0.069,0.189,9.544,7.25
1425109645881,37.545162,139.929879,4,0.164,0.311,9.529,7.25
1425109645981,37.545162,139.929887,4,0.142,0.463,9.409,7.25
1425109646082,37.545162,139.929895,4,0.154,0.48,9.469,7.25
1425109646183,37.545162,139.929903,4,0.172,0.533,9.44,7.25
1425109646284,37.545162,139.929912,4,0.127,0.6,9.217,7.25
1425109646384,37.545161,139.92992,4,0.171,0.544,9.292,7.25
1425109646480,37.545161,139.929927,4,0.094,0.366,9.744,7.25
1425109646581,37.545161,139.929935,4,0.065,0.193,9.925,7.25
1425109646681,37.545161,139.929944,4,0.294,0.372,9.325,7.25
1425109646782,37.545162,139.929953,4,0.299,0.467,8.929,7.25
1425109646883,37.545162,139.929961,4,0.291,0.368,9.297,7.25
1425109646983,37.545162,139.92997,4,0.096,0.387,9.76,7.25
1425109647084,37.545162,139.929978,4,0.055,0.517,9.811,7.25
1425109647180,37.545163,139.929987,4,0.107,0.445,9.602,7.25
1425109647280,37.545163,139.929995,4,0.19,0.405,9.215,7.25
1425109647381,37.545163,139.930004,4,0.23,0.354,9.219,7.25
1425109647482,37.545164,139.930013,4,0.257,0.459,9.559,7.25
1425109647583,37.545164,139.930021,4,0.12,0.613,9.459,7.25
1425109647683,37.545164,139.930031,6,0.009,0.608,9.443,7.25
1425109647784,37.545163,139.93004,6,0.034,0.519,9.427,7.25
1425109647880,37.545163,139.930049,6,0.006,0.451,9.366,7.25
1425109647980,37.545162,139.930058,6,0.025,0.461,9.304,7.25
1425109648081,37.545162,139.930067,6,0.08,0.399,9.429,7.25
1425109648182,37.545161,139.930076,6,-0.003,0.349,9.626,7.25
1425109648283,37.545161,139.930086,6,-0.095,0.437,9.463,7.25
1425109648383,37.54516,139.930095,6,-0.073,0.382,9.375,7.25
1425109648484,37.54516,139.930104,6,-0.033,0.344,9.515,7.25
1425109648580,37.545159,139.930113,6,0.004,0.268,9.569,7.25
1425109648680,37.545159,139.930121,6,0.03,0.315,9.491,7.25
1425109648781,37.54516,139.930129,6,0.112,0.315,9.291,7.25
1425109648882,37.54516,139.930137,6,-0.006,0.247,9.577,7.25
1425109648983,37.545161,139.930145,6,-0.147,0.206,9.578,7.25
1425109649083,37.545161,139.930152,6,-0.039,0.267,9.423,7.25
1425109649184,37.545161,139.93016,6,-0.038,0.248,9.422,7.25
1425109649280,37.545162,139.930168,6,-0.084,0.143,9.483,7.25
1425109649380,37.545162,139.930176,6,-0.06,0.121,9.505,7.25
1425109649481,37.545163,139.930183,6,-0.149,0.134,9.741,7.25
1425109649582,37.545163,139.930191,6,-0.221,0.126,9.615,7.25
1425109649682,37.545163,139.930198,5,-0.189,0.141,9.369,7.152
1425109649783,37.545163,139.930205,5,-0.087,0.198,9.294,7.045
1425109649884,37.545164,139.930211,5,0.014,0.173,9.548,6.941
1425109649985,37.545164,139.930218,5,0.102,0.198,9.589,6.837
1425109650080,37.545164,139.930224,5,0.148,0.24,9.345,6.741
1425109650181,37.545164,139.93023,5,0.165,0.271,9.433,6.641
1425109650282,37.545164,139.930237,5,0.182,0.268,9.465,6.542
1425109650382,37.545165,139.930243,5,0.248,0.258,9.29,6.446
1425109650483,37.545165,139.930249,5,0.235,0.299,9.462,6.35
1425109650584,37.545165,139.930255,5,0.285,0.258,9.791,6.256
1425109650684,37.545165,139.930261,5,0.357,0.289,9.541,6.25
1425109650780,37.545166,139.930268,5,0.319,0.393,9.379,6.25
1425109650881,37.545166,139.930274,5,0.354,0.346,9.513,6.25
1425109650981,37.545167,139.930281,5,0.36,0.365,9.349,6.25
1425109651082,37.545167,139.930287,5,0.341,0.37,9.522,6.25
1425109651183,37.545168,139.930294,5,0.278,0.344,9.544,6.25
1425109651284,37.545168,139.930301,5,0.198,0.245,9.403,6.25
1425109651384,37.545169,139.930307,5,0.134,0.174,9.485,6.25
1425109651480,37.545169,139.930314,5,0.083,0.118,9.532,6.25
1425109651581,37.54517,139.93032,5,0.039,0.061,9.466,6.25
1425109651681,37.545171,139.930326,6,0.055,0.046,9.493,6.227
1425109651782,37.545171,139.930331,6,0.076,0.049,9.432,6.201
1425109651883,37.545172,139.930337,6,0.098,0.003,9.324,6.176
1425109651984,37.545172,139.930342,6,0.082,0.001,9.355,6.15
1425109652084,37.545173,139.930347,6,0.187,0.004,9.391,6.125
1425109652180,37.545174,139.930353,6,0.091,-0.029,9.573,6.101
1425109652281,37.545174,139.930358,6,-0.091,0.027,9.522,6.076
1425109652381,37.545175,139.930363,6,-0.115,0.068,9.412,6.051
1425109652482,37.545175,139.930368,6,-0.203,0.019,9.569,6.027
1425109652583,37.545176,139.930374,6,-0.211,-0.002,9.621,6.002
1425109652683,37.545176,139.93038,6,-0.252,0.095,9.422,5.952
1425109652784,37.545177,139.930386,6,-0.201,0.265,9.027,5.9
1425109652880,37.545177,139.930392,6,-0.09,0.023,9.643,5.851
1425109652981,37.545177,139.930398,6,0.026,-0.252,10.017,5.799
1425109653081,37.545178,139.930405,6,-0.02,0.047,9.338,5.749
1425109653182,37.545178,139.930411,6,-0.099,0.254,9.008,5.699
1425109653283,37.545178,139.930417,6,-0.187,0.27,9.299,5.649
1425109653383,37.545178,139.930423,6,-0.375,0.242,9.533,5.6
1425109653484,37.545179,139.930429,6,-0.738,0.261,9.577,5.551
1425109653580,37.545179,139.930434,6,-0.858,0.459,9.51,5.505
1425109653681,37.54518,139.930441,5,-0.551,0.53,9.453,5.477
1425109653781,37.545181,139.930447,5,-0.284,0.22,9.384,5.451
1425109653882,37.545183,139.930454,5,-0.269,0.041,9.469,5.426
1425109653983,37.545184,139.930461,5,-0.338,0.129,9.379,5.4
1425109654083,37.545185,139.930467,5,-0.426,0.27,9.328,5.375
1425109654184,37.545186,139.930473,5,-0.552,0.352,9.38,5.35
1425109654280,37.545187,139.930479,5,-0.66,0.4,9.419,5.326
1425109654380,37.545189,139.930486,5,-0.761,0.338,9.445,5.302
1425109654481,37.54519,139.930492,5,-0.747,0.301,9.427,5.277
1425109654582,37.545191,139.930498,5,-0.738,0.324,9.434,5.252
1425109654683,37.545192,139.930504,5,-0.697,0.334,9.381,5.226
1425109654783,37.545193,139.930509,5,-0.745,0.306,9.484,5.201
1425109654884,37.545195,139.930515,5,-0.729,0.278,9.464,5.175
1425109654980,37.545196,139.93052,5,-0.688,0.289,9.37,5.151
1425109655080,37.545197,139.930525,5,-0.69,0.276,9.375,5.126
1425109655181,37.545198,139.93053,5,-0.69,0.28,9.463,5.101
