measurement_ms,latitude,longitude,gps_error_meter,accel_x_transverse,accel_y_longitudinal,accel_z_vertical,speed
1424930973604,37.499504,139.936266,6,0.139,0.071,9.451,2.309
1424930973704,37.499502,139.936264,6,0.058,0.044,9.504,2.333
1424930973800,37.4995,139.936263,6,-0.015,-0.113,9.797,2.357
1424930973901,37.499498,139.936262,6,0.077,-0.116,9.545,2.382
1424930974001,37.499496,139.93626,6,0.232,-0.117,9.487,2.407
1424930974102,37.499494,139.936259,6,0.327,-0.053,9.592,2.433
1424930974203,37.499492,139.936257,6,0.336,-0.006,9.554,2.459
1424930974304,37.49949,139.936256,6,0.201,0.019,9.496,2.485
1424930974404,37.499488,139.936254,6,0.195,0.053,9.619,2.488
1424930974500,37.499486,139.936253,6,0.281,0.16,9.564,2.463
1424930974601,37.499484,139.936252,6,0.214,0.168,9.491,2.437
1424930974701,37.499482,139.93625,6,0.157,0.054,9.616,2.412
1424930974802,37.49948,139.936249,6,0.351,-0.062,9.865,2.386
1424930974903,37.499478,139.936248,6,0.597,-0.044,9.83,2.361
1424930975004,37.499477,139.936246,6,0.499,0.149,9.302,2.336
1424930975104,37.499475,139.936245,6,0.378,0.188,9.144,2.311
1424930975200,37.499473,139.936244,6,0.389,0.093,9.502,2.288
1424930975301,37.499471,139.936243,6,0.445,-0.083,9.836,2.264
1424930975401,37.499469,139.936241,4,0.334,-0.083,9.853,2.25
1424930975502,37.499467,139.93624,4,0.236,-0.023,9.443,2.25
1424930975603,37.499465,139.936238,4,0.271,-0.01,9.228,2.25
1424930975703,37.499463,139.936237,4,0.312,-0.066,9.617,2.25
1424930975804,37.499462,139.936235,4,0.322,-0.125,9.71,2.25
1424930975900,37.49946,139.936233,4,0.425,-0.182,9.598,2.25
1424930976000,37.499458,139.936232,4,0.521,-0.217,9.478,2.25
1424930976101,37.499456,139.93623,4,0.395,-0.238,9.577,2.25
1424930976202,37.499454,139.936229,4,0.228,-0.169,9.612,2.25
1424930976303,37.499452,139.936227,4,0.145,0.05,9.319,2.25
1424930976403,37.49945,139.936225,5,0.145,0.035,9.408,2.25
1424930976504,37.499449,139.936223,5,0.143,-0.071,9.669,2.25
1424930976600,37.499448,139.93622,5,0.206,-0.16,9.693,2.25
1424930976700,37.499447,139.936218,5,0.313,-0.118,9.655,2.25
1424930976801,37.499445,139.936215,5,0.401,-0.065,9.55,2.25
1424930976902,37.499444,139.936213,5,0.435,-0.045,9.454,2.25
1424930977003,37.499443,139.936211,5,0.408,-0.024,9.431,2.25
1424930977103,37.499441,139.936208,5,0.398,-0.099,9.53,2.25
1424930977204,37.49944,139.936206,5,0.357,-0.157,9.567,2.25
1424930977300,37.499439,139.936203,5,0.236,-0.105,9.579,2.25
1424930977400,37.499438,139.936201,5,0.101,-0.046,9.657,2.25
1424930977501,37.499437,139.936198,5,0.094,-0.121,9.614,2.25
1424930977602,37.499437,139.936196,5,0.178,-0.202,9.494,2.25
1424930977702,37.499436,139.936193,5,0.232,-0.075,9.553,2.25
1424930977803,37.499436,139.93619,5,0.339,-0.013,9.527,2.25
1424930977904,37.499435,139.936188,5,0.511,-0.098,9.569,2.25
1424930978000,37.499435,139.936185,5,0.591,-0.09,9.537,2.25
1424930978100,37.499434,139.936183,5,0.62,-0.098,9.46,2.25
1424930978201,37.499434,139.93618,5,0.648,-0.125,9.559,2.25
1424930978302,37.499433,139.936178,5,0.593,-0.156,9.53,2.25
1424930978402,37.499433,139.936175,5,0.536,-0.19,9.512,2.25
1424930978503,37.499433,139.936172,5,0.444,-0.156,9.514,2.25
1424930978604,37.499433,139.936169,5,0.359,-0.164,9.591,2.25
1424930978705,37.499434,139.936166,5,0.386,-0.185,9.601,2.25
1424930978800,37.499434,139.936163,5,0.429,-0.2,9.623,2.25
1424930978901,37.499434,139.93616,5,0.486,-0.219,9.607,2.25
1424930979002,37.499434,139.936157,5,0.561,-0.242,9.58,2.25
1424930979102,37.499434,139.936154,5,0.63,-0.209,9.539,2.25
1424930979203,37.499435,139.936151,5,0.722,-0.207,9.487,2.25
1424930979304,37.499435,139.936148,5,0.736,-0.182,9.43,2.25
1424930979404,37.499435,139.936145,5,0.555,-0.132,9.472,2.25
1424930979500,37.499436,139.936142,5,0.316,-0.12,9.585,2.25
1424930979601,37.499436,139.936138,5,0.191,-0.133,9.679,2.25
1424930979701,37.499437,139.936135,5,0.149,-0.118,9.59,2.25
1424930979802,37.499438,139.936132,5,0.067,-0.03,9.511,2.25
1424930979903,37.499438,139.936129,5,0.107,-0.029,9.525,2.25
1424930980004,37.499439,139.936125,5,0.192,-0.08,9.537,2.25
1424930980104,37.499439,139.936122,5,0.25,-0.201,9.582,2.25
1424930980200,37.49944,139.936119,5,0.174,-0.193,9.617,2.25
1424930980301,37.499441,139.936116,5,0.066,-0.126,9.52,2.25
1424930980401,37.499441,139.936113,5,-0.018,-0.161,9.56,2.26
1424930980502,37.499442,139.93611,5,-0.048,-0.219,9.598,2.284
1424930980603,37.499443,139.936106,5,0.024,-0.184,9.514,2.308
1424930980704,37.499443,139.936103,5,0.063,-0.145,9.481,2.333
1424930980804,37.499444,139.9361,5,0.115,-0.146,9.49,2.358
1424930980900,37.499445,139.936097,5,0.11,-0.197,9.536,2.382
1424930981001,37.499445,139.936093,5,0.092,-0.231,9.549,2.407
1424930981101,37.499446,139.93609,5,0.07,-0.211,9.584,2.433
1424930981202,37.499447,139.936086,5,0.018,-0.179,9.49,2.459
1424930981303,37.499448,139.936083,5,0.008,-0.166,9.511,2.485
1424930981403,37.499448,139.93608,5,-0.024,-0.147,9.602,2.52
1424930981504,37.499449,139.936076,5,-0.06,-0.124,9.572,2.566
1424930981600,37.49945,139.936073,5,-0.012,-0.125,9.536,2.612
1424930981706,37.499451,139.936069,5,0.03,-0.11,9.582,2.663
1424930981801,37.499452,139.936066,5,0.004,-0.068,9.52,2.709
1424930981900,37.499453,139.936062,5,0.011,-0.064,9.537,2.759
1424930982003,37.499454,139.936058,5,0.052,-0.019,9.58,2.811
1424930982102,37.499455,139.936054,5,0.068,0.053,9.429,2.862
1424930982204,37.499455,139.93605,5,0.014,0.066,9.479,2.916
1424930982300,37.499456,139.936046,5,-0.047,0.021,9.647,2.967
1424930982400,37.499457,139.936042,5,-0.08,-0.014,9.62,3.0
1424930982501,37.499458,139.936038,5,-0.059,0.004,9.47,3.0
1424930982602,37.499459,139.936035,5,-0.055,0.014,9.534,3.0
1424930982703,37.49946,139.936031,5,-0.058,0.036,9.566,3.0
1424930982803,37.499461,139.936027,5,-0.026,0.003,9.551,3.0
1424930982904,37.499461,139.936023,5,-0.002,0.001,9.542,3.0
1424930983000,37.499462,139.936019,5,-0.03,0.007,9.533,3.0
1424930983100,37.499463,139.936015,5,-0.055,0.006,9.524,3.0
1424930983201,37.499464,139.936011,5,-0.058,0.018,9.444,3.0
1424930983302,37.499465,139.936007,5,-0.021,-0.007,9.393,3.0
1424930983403,37.499465,139.936003,5,-0.052,-0.025,9.561,3.0
1424930983503,37.499467,139.936,5,-0.124,-0.006,9.585,3.0
1424930983604,37.499468,139.935996,5,-0.12,-0.063,9.609,3.0
1424930983700,37.499469,139.935992,5,-0.112,-0.072,9.586,3.0
1424930983800,37.49947,139.935988,5,-0.12,-0.042,9.449,3.0
1424930983901,37.499471,139.935984,5,-0.084,-0.077,9.521,3.0
1424930984002,37.499472,139.935981,5,-0.058,-0.091,9.62,3.0
1424930984102,37.499473,139.935977,5,-0.078,-0.079,9.545,3.0
1424930984203,37.499474,139.935973,5,-0.077,-0.096,9.486,3.0
1424930984304,37.499475,139.935969,5,-0.125,-0.174,9.476,3.0
1424930984405,37.499476,139.935965,4,-0.201,-0.213,9.552,3.011
1424930984500,37.499477,139.935962,4,-0.227,-0.183,9.596,3.034
1424930984601,37.499479,139.935958,4,-0.251,-0.205,9.54,3.058
1424930984702,37.49948,139.935954,4,-0.261,-0.246,9.5,3.083
1424930984802,37.499481,139.935951,4,-0.232,-0.264,9.595,3.108
1424930984903,37.499482,139.935947,4,-0.219,-0.317,9.576,3.133
1424930985004,37.499483,139.935943,4,-0.182,-0.302,9.44,3.159
1424930985104,37.499484,139.935939,4,-0.096,-0.267,9.503,3.184
1424930985200,37.499485,139.935935,4,-0.054,-0.318,9.633,3.209
1424930985301,37.499486,139.935931,4,-0.159,-0.386,9.649,3.235
1424930985402,37.499487,139.935927,4,-0.147,-0.336,9.399,3.25
1424930985502,37.499488,139.935924,4,-0.142,-0.344,9.522,3.25
1424930985603,37.499489,139.93592,4,-0.119,-0.402,9.702,3.25
1424930985704,37.49949,139.935917,4,-0.122,-0.431,9.605,3.25
1424930985804,37.499491,139.935913,4,-0.171,-0.375,9.474,3.25
1424930985900,37.499492,139.93591,4,-0.113,-0.355,9.472,3.25
1424930986001,37.499493,139.935906,4,-0.082,-0.404,9.599,3.25
1424930986101,37.499494,139.935902,4,-0.121,-0.438,9.628,3.25
1424930986202,37.499495,139.935899,4,-0.129,-0.369,9.446,3.25
1424930986303,37.499495,139.935895,4,-0.083,-0.358,9.518,3.25
1424930986404,37.499496,139.935891,3,-0.036,-0.404,9.63,3.25
1424930986504,37.499497,139.935888,3,-0.079,-0.372,9.532,3.25
1424930986600,37.499498,139.935884,3,-0.091,-0.365,9.478,3.25
1424930986701,37.499499,139.935881,3,-0.082,-0.307,9.473,3.25
1424930986801,37.4995,139.935877,3,-0.108,-0.297,9.566,3.25
1424930986902,37.499501,139.935873,3,-0.116,-0.334,9.612,3.25
1424930987003,37.499502,139.93587,3,-0.086,-0.331,9.524,3.25
1424930987104,37.499503,139.935866,3,-0.035,-0.323,9.522,3.25
1424930987204,37.499504,139.935863,3,0.014,-0.315,9.585,3.25
1424930987300,37.499505,139.935859,3,0.019,-0.266,9.549,3.25
1424930987401,37.499506,139.935855,4,-0.035,-0.251,9.469,3.239
1424930987501,37.499507,139.935852,4,-0.053,-0.291,9.54,3.214
1424930987602,37.499508,139.935848,4,-0.063,-0.283,9.611,3.188
1424930987703,37.499509,139.935844,4,-0.024,-0.286,9.564,3.162
1424930987803,37.49951,139.935841,4,-0.038,-0.269,9.515,3.137
1424930987904,37.499511,139.935837,4,-0.079,-0.276,9.574,3.112
1424930988000,37.499512,139.935834,4,-0.111,-0.287,9.554,3.088
1424930988101,37.499513,139.93583,4,-0.067,-0.276,9.593,3.063
1424930988201,37.499514,139.935827,4,-0.037,-0.23,9.598,3.038
1424930988302,37.499514,139.935823,4,-0.002,-0.22,9.504,3.014
1424930988403,37.499515,139.93582,4,0.043,-0.217,9.465,3.0
1424930988503,37.499516,139.935816,4,0.068,-0.219,9.545,3.0
1424930988604,37.499517,139.935812,4,0.024,-0.226,9.548,3.0
1424930988700,37.499518,139.935809,4,-0.038,-0.24,9.572,3.0
1424930988800,37.499519,139.935806,4,-0.094,-0.193,9.543,3.0
1424930988901,37.49952,139.935802,4,-0.096,-0.159,9.493,3.0
1424930989002,37.499521,139.935799,4,-0.075,-0.174,9.634,3.0
1424930989103,37.499522,139.935795,4,-0.054,-0.191,9.579,3.0
1424930989203,37.499523,139.935791,4,-0.061,-0.179,9.49,3.0
1424930989304,37.499524,139.935788,4,-0.059,-0.197,9.586,3.0
1424930989400,37.499524,139.935785,5,-0.049,-0.155,9.531,3.0
1424930989500,37.499525,139.935781,5,0.005,-0.169,9.536,3.0
1424930989601,37.499526,139.935778,5,0.059,-0.185,9.456,3.0
1424930989702,37.499527,139.935775,5,0.05,-0.222,9.536,3.0
1424930989802,37.499528,139.935771,5,-0.016,-0.195,9.565,3.0
1424930989903,37.499528,139.935768,5,-0.045,-0.154,9.527,3.0
1424930990004,37.499529,139.935765,5,-0.077,-0.155,9.527,3.0
1424930990100,37.49953,139.935762,5,-0.12,-0.167,9.536,3.0
1424930990200,37.499531,139.935758,5,-0.126,-0.187,9.54,3.0
1424930990301,37.499532,139.935755,5,-0.044,-0.2,9.657,3.0
1424930990402,37.499532,139.935752,5,0.035,-0.202,9.632,3.0
1424930990502,37.499533,139.935748,5,0.113,-0.199,9.49,3.0
1424930990603,37.499533,139.935745,5,0.091,-0.119,9.391,3.0
1424930990704,37.499534,139.935742,5,0.018,-0.125,9.491,3.0
1424930990800,37.499534,139.935738,5,-0.048,-0.19,9.647,3.0
1424930990900,37.499535,139.935735,5,-0.079,-0.169,9.534,3.0
1424930991001,37.499535,139.935732,5,-0.075,-0.129,9.481,3.0
1424930991102,37.499536,139.935729,5,-0.061,-0.123,9.585,3.0
1424930991202,37.499536,139.935725,5,-0.04,-0.145,9.518,3.0
1424930991303,37.499537,139.935722,5,-0.004,-0.203,9.597,3.0
1424930991404,37.499537,139.935719,4,-0.014,-0.18,9.54,3.0
1424930991504,37.499538,139.935715,4,-0.044,-0.108,9.467,3.0
1424930991600,37.499538,139.935712,4,-0.038,-0.104,9.521,3.0
1424930991701,37.499539,139.935709,4,-0.025,-0.166,9.675,3.0
1424930991802,37.499539,139.935706,4,-0.044,-0.211,9.639,3.0
1424930991902,37.49954,139.935703,4,0.022,-0.158,9.41,3.0
1424930992003,37.49954,139.935699,4,0.046,-0.132,9.381,3.0
1424930992104,37.499541,139.935696,4,-0.009,-0.169,9.644,3.0
1424930992204,37.499541,139.935693,4,-0.053,-0.223,9.723,3.0
1424930992300,37.499542,139.93569,4,-0.061,-0.142,9.393,3.0
1424930992401,37.499542,139.935687,4,-0.09,-0.124,9.506,3.0
1424930992502,37.499543,139.935684,4,-0.089,-0.176,9.692,3.0
1424930992602,37.499543,139.935681,4,-0.013,-0.175,9.556,3.0
1424930992703,37.499543,139.935678,4,0.032,-0.128,9.488,3.0
1424930992804,37.499544,139.935676,4,0.024,-0.145,9.492,3.0
1424930992904,37.499544,139.935673,4,0.01,-0.196,9.582,3.0
1424930993000,37.499545,139.93567,4,0.036,-0.208,9.638,3.0
1424930993101,37.499545,139.935667,4,-0.01,-0.093,9.461,3.0
1424930993201,37.499545,139.935664,4,-0.034,-0.105,9.481,3.0
1424930993302,37.499546,139.935662,4,-0.032,-0.14,9.552,3.0
1424930993403,37.499546,139.935659,4,-0.029,-0.152,9.519,3.0
1424930993504,37.499547,139.935655,4,-0.046,-0.095,9.576,3.0
1424930993604,37.499548,139.935652,4,-0.048,-0.093,9.498,3.0
1424930993700,37.499549,139.935649,4,-0.058,-0.149,9.51,3.0
1424930993801,37.49955,139.935646,4,-0.016,-0.145,9.61,3.0
1424930993901,37.49955,139.935643,4,-0.004,-0.11,9.525,3.0
1424930994002,37.499551,139.935639,4,0.026,-0.124,9.468,3.0
1424930994103,37.499552,139.935636,4,0.016,-0.116,9.483,3.0
1424930994203,37.499553,139.935633,4,-0.02,-0.114,9.539,3.0
1424930994304,37.499554,139.93563,4,-0.04,-0.14,9.643,3.0
1424930994400,37.499554,139.935627,3,-0.035,-0.126,9.515,3.0
1424930994501,37.499555,139.935624,3,-0.018,-0.155,9.458,3.0
1424930994601,37.499556,139.935621,3,0.003,-0.149,9.622,3.0
1424930994702,37.499557,139.935618,3,-0.015,-0.124,9.528,3.0
1424930994803,37.499558,139.935615,3,-0.032,-0.152,9.501,3.0
1424930994903,37.499558,139.935612,3,-0.075,-0.152,9.589,3.0
1424930995004,37.499559,139.935609,3,-0.09,-0.144,9.558,3.0
1424930995100,37.49956,139.935607,3,-0.057,-0.126,9.524,3.0
1424930995201,37.499561,139.935604,3,-0.019,-0.173,9.568,3.0
1424930995301,37.499562,139.935601,3,-0.024,-0.206,9.526,3.0
1424930995402,37.499562,139.935598,3,-0.02,-0.23,9.552,3.0
1424930995503,37.499563,139.935595,3,-0.021,-0.277,9.53,3.0
1424930995603,37.499564,139.935591,3,-0.039,-0.293,9.534,3.0
1424930995704,37.499565,139.935588,3,-0.041,-0.319,9.553,3.0
1424930995805,37.499566,139.935585,3,-0.035,-0.37,9.598,3.0
1424930995900,37.499567,139.935582,3,-0.053,-0.354,9.574,3.0
1424930996006,37.499568,139.935579,3,-0.063,-0.337,9.528,3.0
1424930996102,37.499569,139.935576,3,-0.078,-0.366,9.55,3.0
1424930996201,37.49957,139.935573,3,-0.065,-0.337,9.545,3.0
1424930996303,37.49957,139.93557,3,-0.036,-0.31,9.507,3.0
1424930996402,37.499571,139.935567,4,-0.027,-0.338,9.569,3.0
1424930996504,37.499572,139.935564,4,-0.028,-0.325,9.58,3.0
1424930996600,37.499573,139.935561,4,-0.03,-0.293,9.532,3.0
1424930996701,37.499574,139.935557,4,-0.02,-0.28,9.47,3.0
1424930996802,37.499575,139.935554,4,-0.006,-0.362,9.605,3.0
1424930996902,37.499575,139.935551,4,0.011,-0.368,9.644,3.0
1424930997003,37.499576,139.935548,4,-0.035,-0.34,9.484,3.0
1424930997104,37.499577,139.935545,4,-0.024,-0.354,9.499,3.0
1424930997204,37.499578,139.935542,4,0.007,-0.361,9.59,3.0
1424930997300,37.499579,139.935539,4,0.016,-0.376,9.627,3.0
1424930997401,37.499579,139.935536,4,-0.01,-0.359,9.459,3.0
1424930997502,37.49958,139.935532,4,-0.019,-0.366,9.484,3.0
1424930997602,37.499581,139.935529,4,-0.028,-0.388,9.609,3.0
1424930997703,37.499581,139.935526,4,-0.049,-0.36,9.548,3.0
1424930997804,37.499582,139.935523,4,-0.061,-0.398,9.567,3.0
1424930997905,37.499583,139.93552,4,-0.042,-0.422,9.616,3.0
1424930998000,37.499583,139.935517,4,-0.021,-0.36,9.487,3.0
1424930998101,37.499584,139.935513,4,-0.03,-0.352,9.425,3.0
1424930998202,37.499585,139.93551,4,-0.048,-0.407,9.559,3.0
1424930998302,37.499586,139.935507,4,-0.108,-0.454,9.65,3.0
1424930998403,37.499586,139.935504,5,-0.136,-0.456,9.579,3.0
1424930998504,37.499587,139.935502,5,-0.082,-0.424,9.555,3.0
1424930998604,37.499588,139.9355,5,0.014,-0.432,9.469,3.0
1424930998700,37.499588,139.935498,5,0.025,-0.486,9.539,3.0
1424930998801,37.499589,139.935496,5,-0.067,-0.462,9.54,3.0
1424930998901,37.49959,139.935494,5,-0.103,-0.453,9.556,3.0
1424930999002,37.49959,139.935492,5,-0.036,-0.509,9.614,3.0
1424930999103,37.499591,139.935489,5,-0.028,-0.492,9.519,3.0
1424930999204,37.499592,139.935487,5,-0.073,-0.459,9.47,3.0
1424930999304,37.499593,139.935485,5,-0.111,-0.499,9.544,3.0
1424930999401,37.499593,139.935483,5,-0.099,-0.5,9.601,2.965
1424930999501,37.499594,139.935481,5,-0.081,-0.459,9.555,2.881
1424930999601,37.499594,139.935479,5,-0.083,-0.437,9.513,2.8
1424930999702,37.499595,139.935477,5,-0.102,-0.442,9.554,2.719
1424930999803,37.499595,139.935475,5,-0.098,-0.462,9.56,2.641
1424930999903,37.499596,139.935474,5,-0.056,-0.457,9.594,2.566
1424931000004,37.499596,139.935472,5,-0.036,-0.483,9.605,2.492
1424931000100,37.499597,139.93547,5,-0.052,-0.496,9.541,2.424
1424931000201,37.499597,139.935469,5,-0.069,-0.489,9.505,2.355
1424931000301,37.499598,139.935467,5,-0.094,-0.445,9.515,2.288
1424931000402,37.499598,139.935465,5,-0.115,-0.408,9.572,2.212
1424931000503,37.499598,139.935464,5,-0.168,-0.472,9.65,2.124
1424931000603,37.499599,139.935463,5,-0.224,-0.488,9.651,2.04
1424931000704,37.499599,139.935462,5,-0.182,-0.472,9.532,1.958
1424931000800,37.499599,139.935461,5,-0.09,-0.452,9.49,1.883
1424931000901,37.4996,139.93546,5,-0.055,-0.451,9.537,1.807
1424931001001,37.4996,139.935458,5,-0.059,-0.463,9.553,1.735
1424931001102,37.4996,139.935457,5,-0.05,-0.449,9.54,1.665
1424931001203,37.499601,139.935456,5,-0.04,-0.439,9.503,1.598
1424931001303,37.499601,139.935456,5,-0.06,-0.428,9.505,1.535
1424931001404,37.499601,139.935454,5,-0.108,-0.396,9.568,1.5
1424931001500,37.499602,139.935453,5,-0.118,-0.405,9.584,1.5
1424931001600,37.499602,139.935451,5,-0.088,-0.439,9.583,1.5
1424931001701,37.499602,139.93545,5,-0.075,-0.467,9.554,1.5
1424931001802,37.499603,139.935448,5,-0.089,-0.455,9.523,1.5
1424931001903,37.499603,139.935446,5,-0.104,-0.417,9.533,1.5
1424931002003,37.499604,139.935445,5,-0.095,-0.418,9.527,1.5
1424931002104,37.499604,139.935443,5,-0.069,-0.414,9.532,1.5
1424931002200,37.499604,139.935442,5,-0.064,-0.412,9.531,1.5
1424931002300,37.499605,139.93544,5,-0.067,-0.422,9.524,1.5
1424931002401,37.499605,139.935438,6,-0.049,-0.445,9.536,1.5
1424931002502,37.499605,139.935437,6,-0.035,-0.48,9.543,1.5
1424931002602,37.499606,139.935435,6,-0.042,-0.503,9.531,1.5
1424931002703,37.499606,139.935434,6,-0.075,-0.49,9.536,1.5
1424931002804,37.499606,139.935432,6,-0.109,-0.472,9.544,1.5
1424931002900,37.499607,139.935431,6,-0.124,-0.452,9.54,1.5
1424931003000,37.499607,139.935429,6,-0.118,-0.42,9.554,1.5
1424931003101,37.499607,139.935428,6,-0.108,-0.373,9.576,1.5
1424931003202,37.499608,139.935426,6,-0.1,-0.276,9.581,1.5
1424931003302,37.499608,139.935425,6,-0.091,-0.214,9.538,1.5
1424931003403,37.499608,139.935426,11,-0.081,-0.178,9.531,1.41
1424931003504,37.499607,139.93543,11,-0.074,-0.164,9.566,1.21
1424931003600,37.499606,139.935433,11,-0.083,-0.146,9.56,1.037
1424931003700,37.499606,139.935436,11,-0.088,-0.117,9.563,0.875
1424931003801,37.499605,139.935439,11,-0.091,-0.132,9.564,0.729
1424931003902,37.499604,139.935441,11,-0.076,-0.132,9.556,0.601
1424931004002,37.499604,139.935443,11,-0.068,-0.147,9.53,0.492
1424931004103,37.499604,139.935445,11,-0.06,-0.149,9.546,0.401
1424931004204,37.499603,139.935447,11,-0.066,-0.172,9.562,0.327
1424931004304,37.499603,139.935448,11,-0.07,-0.177,9.54,0.273
1424931004400,37.499603,139.935448,11,-0.074,-0.17,9.564,0.25
1424931004501,37.499603,139.935448,11,-0.071,-0.151,9.574,0.25
1424931004602,37.499603,139.935449,11,-0.073,-0.158,9.543,0.25
1424931004702,37.499603,139.935449,11,-0.066,-0.151,9.536,0.25
1424931004803,37.499603,139.935449,11,-0.069,-0.174,9.54,0.25
1424931004904,37.499602,139.93545,11,-0.075,-0.197,9.519,0.25
1424931005004,37.499602,139.93545,11,-0.083,-0.198,9.533,0.25
1424931005100,37.499602,139.93545,11,-0.081,-0.182,9.522,0.25
1424931005201,37.499602,139.935451,11,-0.072,-0.164,9.535,0.25
1424931005301,37.499602,139.935451,11,-0.061,-0.118,9.538,0.25
1424931005402,37.499602,139.935452,7,-0.065,-0.083,9.548,0.229
1424931005503,37.499601,139.935455,7,-0.064,-0.048,9.554,0.184
1424931005604,37.499601,139.935458,7,-0.064,-0.059,9.551,0.143
1424931005704,37.4996,139.93546,7,-0.066,-0.079,9.552,0.108
1424931005800,37.4996,139.935462,7,-0.06,-0.078,9.546,0.078
1424931005901,37.4996,139.935464,7,-0.064,-0.068,9.539,0.053
1424931006001,37.499599,139.935465,7,-0.068,-0.05,9.555,0.032
1424931006102,37.499599,139.935466,7,-0.067,-0.032,9.538,0.017
1424931006203,37.499599,139.935467,7,-0.073,-0.019,9.546,0.006
1424931006304,37.499599,139.935467,7,-0.069,0.005,9.56,0.001
1424931008504,37.499599,139.93548,9,-0.059,0.845,9.506,0.005
1424931008600,37.499599,139.93548,9,-0.091,0.882,9.532,0.014
1424931008700,37.499598,139.93548,9,-0.105,0.899,9.522,0.029
1424931008801,37.499598,139.93548,9,-0.104,0.915,9.525,0.049
1424931008902,37.499598,139.93548,9,-0.059,0.908,9.546,0.073
1424931009003,37.499597,139.93548,9,-0.032,0.916,9.554,0.103
1424931009103,37.499596,139.935479,9,-0.055,0.903,9.535,0.138
1424931009204,37.499595,139.935479,9,-0.086,0.93,9.499,0.178
1424931009300,37.499595,139.935479,9,-0.063,0.949,9.514,0.221
1424931009400,37.499594,139.935479,11,-0.072,0.931,9.574,0.257
1424931009501,37.499593,139.935479,11,-0.131,0.922,9.552,0.275
1424931009602,37.499592,139.935478,11,-0.128,0.946,9.434,0.295
1424931009702,37.499591,139.935478,11,-0.084,1.027,9.44,0.317
1424931009803,37.499589,139.935478,11,-0.044,1.041,9.566,0.34
1424931009904,37.499588,139.935478,11,-0.047,1.132,9.533,0.365
1424931010005,37.499587,139.935477,11,-0.071,1.151,9.418,0.392
1424931010105,37.499585,139.935477,11,-0.052,1.087,9.524,0.42
1424931010201,37.499584,139.935477,11,-0.029,1.075,9.521,0.449
1424931010300,37.499582,139.935476,11,0.006,1.061,9.472,0.48
1424931010402,37.499581,139.935475,11,0.008,1.074,9.512,0.532
1424931010501,37.499581,139.935474,11,0.0,1.013,9.598,0.629
1424931010604,37.499581,139.935471,11,-0.04,0.985,9.591,0.762
1424931010703,37.499581,139.935469,11,-0.127,1.053,9.416,0.921
1424931010800,37.49958,139.935465,11,-0.086,0.983,9.567,1.106
1424931010901,37.49958,139.935462,11,-0.117,0.911,9.528,1.33
1424931011002,37.49958,139.935457,11,-0.101,0.884,9.424,1.586
1424931011102,37.49958,139.935452,11,-0.065,0.916,9.417,1.871
1424931011203,37.49958,139.935447,11,-0.03,0.8,9.514,2.191
1424931011304,37.499579,139.935441,11,-0.024,0.543,9.887,2.542
1424931011404,37.499579,139.935435,7,-0.012,0.522,9.556,2.779
1424931011500,37.49958,139.935431,7,0.056,0.424,9.295,2.844
1424931011601,37.499581,139.935427,7,0.124,0.237,9.389,2.914
1424931011702,37.499582,139.935422,7,0.025,-0.108,9.875,2.986
1424931011802,37.499583,139.935418,7,-0.115,-0.024,9.645,3.059
1424931011903,37.499584,139.935413,7,-0.062,-0.063,9.59,3.135
1424931012004,37.499585,139.935408,7,-0.026,-0.108,9.667,3.212
1424931012104,37.499586,139.935403,7,-0.055,-0.059,9.57,3.291
1424931012200,37.499587,139.935398,7,-0.029,0.034,9.453,3.368
1424931012301,37.499588,139.935393,7,0.07,0.104,9.522,3.451
1424931012401,37.49959,139.935388,7,0.017,-0.001,9.558,3.51
1424931012502,37.499591,139.935384,7,0.009,-0.024,9.468,3.534
1424931012603,37.499593,139.935379,7,0.09,0.093,9.374,3.559
1424931012704,37.499595,139.935375,7,0.018,0.154,9.614,3.584
1424931012804,37.499596,139.93537,7,-0.05,0.084,9.68,3.609
1424931012900,37.499598,139.935366,7,0.038,0.099,9.441,3.633
1424931013001,37.4996,139.935361,7,0.092,0.031,9.504,3.658
1424931013101,37.499601,139.935356,7,0.114,-0.048,9.57,3.684
1424931013202,37.499603,139.935351,7,0.011,0.022,9.38,3.709
1424931013303,37.499605,139.935347,7,0.033,0.042,9.395,3.735
1424931013403,37.499607,139.935342,6,0.088,-0.049,9.756,3.75
1424931013504,37.499608,139.935338,6,-0.038,-0.081,9.675,3.75
1424931013600,37.49961,139.935334,6,-0.073,0.026,9.339,3.75
1424931013700,37.499612,139.935329,6,0.002,0.03,9.52,3.75
1424931013801,37.499614,139.935325,6,-0.065,0.104,9.395,3.75
1424931013902,37.499615,139.935321,6,0.03,0.011,9.486,3.75
1424931014003,37.499617,139.935316,6,0.092,0.074,9.416,3.75
1424931014103,37.499619,139.935312,6,0.046,-0.024,9.516,3.75
1424931014204,37.49962,139.935308,6,-0.163,-0.09,9.71,3.75
1424931014300,37.499622,139.935304,6,-0.149,0.013,9.585,3.75
1424931014400,37.499624,139.935299,5,-0.019,-0.047,9.729,3.75
1424931014501,37.499625,139.935295,5,0.001,-0.175,9.813,3.75
1424931014602,37.499627,139.93529,5,-0.052,-0.03,9.409,3.75
1424931014703,37.499628,139.935285,5,0.029,0.036,9.125,3.75
1424931014803,37.49963,139.935281,5,-0.014,-0.043,9.487,3.75
1424931014904,37.499632,139.935276,5,0.052,-0.088,9.701,3.75
1424931015000,37.499633,139.935272,5,0.118,0.058,9.229,3.75
1424931015100,37.499635,139.935267,5,-0.065,0.021,9.642,3.75
1424931015201,37.499636,139.935262,5,-0.27,-0.06,9.851,3.75
1424931015302,37.499638,139.935258,5,-0.293,0.01,9.609,3.75
1424931015402,37.49964,139.935253,5,-0.254,0.094,9.449,3.75
1424931015503,37.499641,139.935248,5,-0.229,0.021,9.469,3.75
1424931015604,37.499642,139.935244,5,-0.173,-0.075,9.49,3.75
1424931015700,37.499643,139.935239,5,-0.092,-0.012,9.477,3.75
1424931015800,37.499645,139.935234,5,-0.054,0.135,9.31,3.75
1424931015901,37.499646,139.93523,5,-0.031,0.083,9.251,3.75
1424931016002,37.499647,139.935225,5,-0.062,0.02,9.61,3.75
1424931016102,37.499649,139.93522,5,-0.174,-0.0,9.712,3.75
1424931016203,37.49965,139.935215,5,-0.226,0.002,9.509,3.75
1424931016304,37.499651,139.935211,5,-0.266,-0.089,9.567,3.75
1424931016400,37.499653,139.935206,4,-0.265,-0.154,9.657,3.76
1424931016500,37.499654,139.935202,4,-0.215,-0.148,9.709,3.784
1424931016601,37.499655,139.935197,4,-0.061,0.048,9.173,3.809
1424931016702,37.499656,139.935193,4,-0.025,0.085,8.908,3.834
1424931016802,37.499658,139.935188,4,-0.139,-0.155,9.712,3.859
1424931016903,37.499659,139.935183,4,-0.151,-0.189,9.817,3.884
1424931017004,37.49966,139.935179,4,-0.078,-0.189,9.82,3.909
1424931017104,37.499662,139.935174,4,-0.086,-0.111,9.54,3.934
1424931017200,37.499663,139.93517,4,-0.033,0.029,9.397,3.959
1424931017301,37.499664,139.935165,4,0.2,-0.082,9.549,3.985
1424931017402,37.499666,139.93516,4,0.234,-0.094,9.66,4.0
1424931017502,37.499667,139.935155,4,0.259,-0.167,9.332,4.0
1424931017603,37.499668,139.935151,4,0.33,-0.119,9.293,4.0
1424931017704,37.499669,139.935146,4,0.121,0.078,9.625,4.0
1424931017804,37.499671,139.935142,4,-0.23,0.047,9.803,4.0
1424931017900,37.499672,139.935137,4,-0.195,-0.023,9.747,4.0
1424931018001,37.499673,139.935133,4,-0.089,-0.025,9.487,4.0
1424931018101,37.499675,139.935128,4,0.016,-0.087,9.547,4.0
1424931018202,37.499676,139.935123,4,0.156,-0.055,9.619,4.0
1424931018303,37.499677,139.935119,4,0.181,-0.065,9.554,4.0
1424931018404,37.499679,139.935114,4,0.157,-0.046,9.443,4.0
1424931018504,37.49968,139.935109,4,0.088,-0.135,9.538,4.0
1424931018600,37.499681,139.935105,4,-0.056,-0.16,9.699,4.0
1424931018701,37.499683,139.9351,4,-0.132,-0.127,9.777,4.0
1424931018801,37.499684,139.935096,4,-0.159,-0.08,9.665,4.0
1424931018902,37.499686,139.935091,4,-0.091,-0.013,9.384,4.0
1424931019003,37.499687,139.935086,4,-0.017,-0.0,9.38,4.0
1424931019104,37.499688,139.935082,4,0.074,0.008,9.492,4.0
1424931019204,37.49969,139.935077,4,0.075,-0.01,9.53,4.0
1424931019300,37.499691,139.935073,4,0.07,-0.015,9.513,4.0
1424931019401,37.499693,139.935068,4,0.054,0.103,9.386,4.0
1424931019501,37.499694,139.935064,4,0.015,0.052,9.51,4.0
1424931019602,37.499695,139.935059,4,0.039,-0.023,9.753,4.0
1424931019703,37.499696,139.935054,4,0.019,-0.07,9.639,4.0
1424931019803,37.499698,139.93505,4,0.043,-0.051,9.35,4.0
1424931019904,37.499699,139.935045,4,0.059,-0.054,9.454,4.0
1424931020000,37.4997,139.935041,4,0.087,-0.051,9.589,4.0
1424931020100,37.499702,139.935036,4,0.06,-0.029,9.572,4.0
1424931020201,37.499703,139.935031,4,0.032,-0.001,9.504,4.0
1424931020303,37.499704,139.935027,4,-0.033,-0.026,9.433,4.0
1424931020403,37.499706,139.935022,4,-0.06,0.012,9.564,4.0
1424931020503,37.499707,139.935017,4,-0.013,0.026,9.526,4.0
1424931020604,37.499709,139.935013,4,0.021,0.002,9.451,4.0
1424931020700,37.49971,139.935008,4,0.026,-0.021,9.547,4.0
1424931020800,37.499712,139.935004,4,0.001,-0.006,9.582,4.0
1424931020901,37.499713,139.934999,4,-0.033,0.039,9.511,4.0
1424931021002,37.499715,139.934994,4,-0.015,0.021,9.532,4.0
1424931021103,37.499716,139.93499,4,-0.012,0.032,9.486,4.0
1424931021203,37.499718,139.934985,4,-0.059,0.058,9.46,4.0
1424931021304,37.499719,139.934981,4,-0.08,0.061,9.503,4.0
1424931021400,37.499721,139.934976,4,-0.063,0.044,9.539,4.019
1424931021500,37.499722,139.934971,4,0.027,0.048,9.564,4.066
1424931021601,37.499723,139.934967,4,0.08,0.025,9.554,4.115
1424931021702,37.499725,139.934962,4,0.076,0.026,9.503,4.164
1424931021803,37.499726,139.934957,4,0.075,-0.028,9.538,4.214
1424931021903,37.499728,139.934952,4,0.04,-0.088,9.563,4.264
1424931022004,37.499729,139.934947,4,0.049,-0.048,9.524,4.315
1424931022100,37.499731,139.934942,4,0.068,-0.032,9.41,4.364
1424931022200,37.499732,139.934937,4,0.048,-0.034,9.495,4.416
1424931022301,37.499734,139.934932,4,-0.011,-0.067,9.537,4.469
1424931022402,37.499736,139.934927,3,-0.034,-0.108,9.49,4.51
1424931022502,37.499737,139.934922,3,-0.045,-0.166,9.575,4.535
1424931022603,37.499738,139.934917,3,-0.051,-0.158,9.684,4.56
1424931022704,37.49974,139.934912,3,-0.046,-0.115,9.507,4.584
1424931022800,37.499741,139.934907,3,-0.025,-0.03,9.251,4.608
1424931022900,37.499742,139.934902,3,-0.016,-0.1,9.384,4.633
1424931023001,37.499744,139.934897,3,0.026,-0.272,9.838,4.659
1424931023102,37.499745,139.934891,3,0.054,-0.28,9.738,4.684
1424931023202,37.499747,139.934886,3,0.0,-0.01,9.051,4.71
1424931023303,37.499748,139.934881,3,-0.032,-0.089,9.472,4.735
1424931023404,37.49975,139.934876,4,-0.062,-0.331,9.998,4.75
1424931023504,37.499751,139.934871,4,-0.083,-0.282,9.673,4.75
1424931023600,37.499752,139.934866,4,-0.062,-0.224,9.3,4.75
1424931023701,37.499754,139.934861,4,-0.002,-0.122,9.295,4.75
1424931023802,37.499755,139.934855,4,0.003,-0.075,9.588,4.75
1424931023902,37.499757,139.93485,4,-0.038,-0.112,9.586,4.75
1424931024003,37.499758,139.934845,4,-0.064,-0.224,9.424,4.75
1424931024104,37.499759,139.93484,4,-0.029,-0.187,9.493,4.75
1424931024204,37.499761,139.934835,4,0.022,-0.058,9.632,4.75
1424931024300,37.499762,139.93483,4,-0.061,-0.14,9.627,4.75
1424931024406,37.499764,139.934825,4,-0.157,-0.28,9.658,4.75
1424931024501,37.499765,139.93482,4,-0.23,-0.281,9.658,4.75
1424931024600,37.499766,139.934815,4,-0.129,-0.195,9.494,4.75
1424931024703,37.499767,139.93481,4,-0.053,-0.11,9.412,4.75
1424931024802,37.499769,139.934804,4,-0.06,-0.142,9.56,4.75
1424931024904,37.49977,139.934799,4,-0.072,-0.193,9.626,4.75
1424931025000,37.499771,139.934794,4,-0.047,-0.162,9.536,4.75
1424931025101,37.499773,139.934789,4,-0.049,-0.127,9.556,4.75
1424931025201,37.499774,139.934784,4,-0.127,-0.142,9.675,4.75
1424931025302,37.499775,139.934779,4,-0.166,-0.169,9.603,4.75
1424931025403,37.499776,139.934774,3,-0.114,-0.159,9.457,4.75
1424931025504,37.499778,139.934769,3,-0.023,-0.198,9.54,4.75
1424931025604,37.499779,139.934764,3,0.043,-0.179,9.548,4.75
1424931025700,37.49978,139.934759,3,0.039,-0.109,9.408,4.75
1424931025801,37.499781,139.934754,3,0.025,-0.168,9.442,4.75
1424931025901,37.499782,139.934748,3,-0.011,-0.195,9.665,4.75
1424931026002,37.499783,139.934743,3,-0.04,-0.202,9.647,4.75
1424931026103,37.499784,139.934738,3,-0.049,-0.171,9.46,4.75
1424931026203,37.499785,139.934733,3,-0.041,-0.166,9.49,4.75
1424931026304,37.499786,139.934728,3,-0.039,-0.197,9.62,4.75
1424931026400,37.499787,139.934723,3,-0.057,-0.177,9.539,4.75
1424931026500,37.499789,139.934718,3,0.006,-0.17,9.473,4.75
1424931026601,37.49979,139.934713,3,0.072,-0.178,9.55,4.75
1424931026702,37.499791,139.934708,3,0.06,-0.107,9.543,4.75
1424931026803,37.499792,139.934703,3,-0.015,-0.081,9.527,4.75
1424931026903,37.499793,139.934698,3,-0.037,-0.139,9.51,4.75
1424931027004,37.499794,139.934693,3,-0.014,-0.147,9.569,4.75
1424931027100,37.499795,139.934688,3,0.05,-0.144,9.583,4.75
1424931027200,37.499796,139.934683,3,0.031,-0.123,9.525,4.75
1424931027301,37.499797,139.934678,3,0.005,-0.145,9.589,4.75
1424931027402,37.499798,139.934673,4,-0.014,-0.133,9.607,4.75
1424931027503,37.4998,139.934668,4,-0.03,-0.107,9.545,4.75
1424931027603,37.499801,139.934663,4,0.0,-0.125,9.537,4.75
1424931027704,37.499802,139.934658,4,-0.025,-0.111,9.492,4.75
1424931027800,37.499803,139.934653,4,-0.059,-0.081,9.504,4.75
1424931027900,37.499804,139.934648,4,-0.055,-0.137,9.596,4.75
1424931028001,37.499806,139.934643,4,-0.033,-0.145,9.569,4.75
1424931028102,37.499807,139.934638,4,0.017,-0.108,9.476,4.75
1424931028202,37.499808,139.934633,4,-0.014,-0.127,9.528,4.75
1424931028303,37.499809,139.934628,4,-0.052,-0.13,9.532,4.75
1424931028404,37.499811,139.934623,4,-0.054,-0.145,9.531,4.75
1424931028500,37.499812,139.934618,4,-0.009,-0.133,9.486,4.75
1424931028600,37.499813,139.934612,4,0.03,-0.148,9.466,4.75
1424931028701,37.499814,139.934607,4,0.032,-0.117,9.565,4.75
1424931028802,37.499815,139.934602,4,-0.01,-0.155,9.607,4.75
1424931028902,37.499817,139.934596,4,-0.001,-0.166,9.515,4.75
1424931029003,37.499818,139.934591,4,0.016,-0.166,9.541,4.75
1424931029104,37.499819,139.934586,4,0.017,-0.204,9.567,4.75
1424931029200,37.49982,139.93458,4,-0.008,-0.168,9.498,4.75
1424931029300,37.499821,139.934575,4,-0.007,-0.151,9.491,4.75
1424931029401,37.499822,139.93457,4,-0.024,-0.161,9.557,4.75
1424931029502,37.499824,139.934565,4,-0.033,-0.162,9.566,4.75
1424931029602,37.499825,139.93456,4,0.01,-0.155,9.535,4.75
1424931029703,37.499826,139.934556,4,0.023,-0.158,9.545,4.75
1424931029804,37.499827,139.934551,4,-0.018,-0.174,9.588,4.75
1424931029904,37.499828,139.934546,4,-0.086,-0.122,9.589,4.75
1424931030000,37.499829,139.934541,4,-0.104,-0.106,9.532,4.75
1424931030101,37.49983,139.934536,4,-0.068,-0.137,9.555,4.75
1424931030202,37.499831,139.934532,4,-0.019,-0.149,9.586,4.75
1424931030302,37.499832,139.934527,4,-0.078,-0.129,9.496,4.75
1424931030403,37.499833,139.934522,4,-0.053,-0.114,9.484,4.75
1424931030504,37.499834,139.934517,4,-0.003,-0.137,9.555,4.75
1424931030604,37.499835,139.934512,4,0.066,-0.153,9.546,4.75
1424931030700,37.499836,139.934507,4,0.063,-0.12,9.431,4.75
1424931030801,37.499837,139.934502,4,0.054,-0.129,9.489,4.75
1424931030901,37.499838,139.934496,4,0.045,-0.156,9.594,4.75
1424931031002,37.499839,139.934491,4,0.063,-0.181,9.573,4.75
1424931031103,37.49984,139.934486,4,0.105,-0.15,9.429,4.75
1424931031204,37.499841,139.934481,4,0.149,-0.197,9.497,4.75
1424931031304,37.499842,139.934476,4,0.113,-0.205,9.609,4.75
1424931031400,37.499843,139.934471,4,0.098,-0.181,9.554,4.75
1424931031501,37.499845,139.934466,4,0.075,-0.186,9.498,4.75
1424931031601,37.499846,139.934461,4,0.152,-0.185,9.497,4.75
1424931031702,37.499847,139.934456,4,0.194,-0.176,9.498,4.75
1424931031803,37.499848,139.93445,4,0.153,-0.176,9.549,4.75
1424931031904,37.499849,139.934445,4,0.081,-0.202,9.573,4.75
1424931032004,37.49985,139.93444,4,0.074,-0.174,9.545,4.75
1424931032100,37.499851,139.934435,4,0.13,-0.16,9.564,4.75
1424931032201,37.499852,139.93443,4,0.134,-0.184,9.6,4.75
1424931032301,37.499853,139.934425,4,0.069,-0.159,9.518,4.75
1424931032402,37.499854,139.93442,3,0.031,-0.124,9.441,4.75
1424931032503,37.499856,139.934415,3,0.018,-0.144,9.565,4.75
1424931032603,37.499857,139.93441,3,0.052,-0.157,9.607,4.75
1424931032704,37.499858,139.934404,3,0.068,-0.13,9.524,4.75
1424931032800,37.499859,139.9344,3,0.008,-0.136,9.525,4.75
1424931032901,37.49986,139.934394,3,-0.024,-0.163,9.589,4.75
1424931033001,37.499862,139.934389,3,-0.015,-0.166,9.553,4.75
1424931033102,37.499863,139.934384,3,0.024,-0.179,9.512,4.75
1424931033203,37.499864,139.934379,3,0.009,-0.196,9.459,4.75
1424931033303,37.499865,139.934374,3,-0.026,-0.186,9.518,4.75
1424931033404,37.499867,139.934369,3,-0.051,-0.151,9.53,4.75
1424931033500,37.499868,139.934364,3,-0.047,-0.166,9.496,4.75
1424931033600,37.499869,139.934359,3,-0.019,-0.182,9.539,4.75
1424931033701,37.49987,139.934354,3,-0.008,-0.173,9.555,4.75
1424931033802,37.499872,139.934349,3,-0.031,-0.169,9.459,4.75
1424931033903,37.499873,139.934344,3,-0.02,-0.204,9.533,4.75
1424931034003,37.499874,139.934339,3,0.018,-0.25,9.586,4.75
1424931034104,37.499876,139.934334,3,0.027,-0.256,9.525,4.75
1424931034200,37.499877,139.934329,3,0.018,-0.234,9.474,4.75
1424931034300,37.499878,139.934324,3,-0.013,-0.261,9.522,4.75
1424931034401,37.49988,139.934319,3,-0.051,-0.256,9.578,4.75
1424931034502,37.499881,139.934314,3,-0.052,-0.302,9.575,4.75
1424931034602,37.499882,139.934309,3,-0.013,-0.29,9.505,4.75
1424931034703,37.499883,139.934304,3,0.029,-0.26,9.501,4.75
1424931034804,37.499885,139.934298,3,0.052,-0.304,9.57,4.75
1424931034900,37.499886,139.934293,3,0.051,-0.343,9.541,4.75
1424931035000,37.499887,139.934288,3,-0.006,-0.408,9.662,4.75
1424931035101,37.499889,139.934283,3,-0.061,-0.413,9.52,4.75
1424931035202,37.49989,139.934278,3,-0.048,-0.401,9.5,4.75
1424931035302,37.499891,139.934273,3,-0.032,-0.383,9.471,4.75
1424931035403,37.499893,139.934268,4,-0.113,-0.415,9.551,4.75
1424931035504,37.499894,139.934263,4,-0.12,-0.492,9.617,4.75
1424931035600,37.499895,139.934258,4,-0.03,-0.452,9.603,4.75
1424931035700,37.499896,139.934253,4,0.022,-0.454,9.567,4.75
1424931035801,37.499898,139.934248,4,-0.011,-0.461,9.608,4.75
1424931035902,37.499899,139.934243,4,-0.064,-0.459,9.623,4.75
1424931036002,37.4999,139.934238,4,-0.108,-0.45,9.6,4.75
1424931036103,37.499902,139.934233,4,-0.119,-0.439,9.565,4.75
1424931036204,37.499903,139.934228,4,-0.046,-0.459,9.566,4.75
1424931036304,37.499904,139.934223,4,-0.032,-0.431,9.488,4.75
1424931036400,37.499905,139.934218,4,-0.065,-0.37,9.44,4.74
1424931036501,37.499907,139.934213,4,-0.006,-0.433,9.53,4.714
1424931036602,37.499908,139.934208,4,-0.007,-0.47,9.611,4.688
1424931036702,37.499909,139.934203,4,-0.049,-0.497,9.556,4.663
1424931036803,37.49991,139.934198,4,-0.027,-0.481,9.487,4.638
1424931036904,37.499912,139.934193,4,-0.01,-0.463,9.424,4.612
1424931037004,37.499913,139.934188,4,-0.053,-0.516,9.609,4.587
1424931037100,37.499914,139.934183,4,-0.088,-0.522,9.58,4.564
1424931037201,37.499915,139.934179,4,-0.072,-0.485,9.421,4.539
1424931037301,37.499916,139.934174,4,-0.026,-0.542,9.486,4.514
1424931037402,37.499918,139.934169,3,0.023,-0.561,9.614,4.5
1424931037503,37.499919,139.934165,3,-0.014,-0.565,9.529,4.5
1424931037604,37.49992,139.93416,3,-0.03,-0.592,9.539,4.5
1424931037704,37.499921,139.934156,3,-0.032,-0.642,9.547,4.5
1424931037800,37.499922,139.934151,3,-0.003,-0.688,9.562,4.5
1424931037901,37.499923,139.934147,3,0.081,-0.721,9.641,4.5
1424931038001,37.499925,139.934142,3,0.129,-0.71,9.552,4.5
1424931038102,37.499926,139.934138,3,0.143,-0.749,9.458,4.5
1424931038203,37.499927,139.934133,3,0.093,-0.811,9.53,4.5
1424931038304,37.499928,139.934129,3,0.066,-0.838,9.648,4.5
1424931038404,37.499929,139.934124,4,0.036,-0.85,9.523,4.437
1424931038505,37.49993,139.934121,4,-0.031,-0.901,9.509,4.294
1424931038601,37.499931,139.934118,4,-0.055,-1.009,9.638,4.162
1424931038700,37.499932,139.934115,4,-0.025,-1.055,9.593,4.03
1424931038802,37.499933,139.934112,4,-0.006,-1.101,9.539,3.898
1424931038901,37.499934,139.934109,4,-0.016,-1.123,9.537,3.774
1424931039003,37.499934,139.934106,4,-0.053,-1.148,9.582,3.65
1424931039103,37.499935,139.934103,4,-0.044,-1.153,9.556,3.533
1424931039200,37.499936,139.9341,4,-0.039,-1.18,9.516,3.423
1424931039301,37.499937,139.934098,4,-0.015,-1.187,9.556,3.313
1424931039401,37.499937,139.934095,4,-0.027,-1.201,9.562,3.202
1424931039502,37.499938,139.934093,4,-0.018,-1.19,9.525,3.086
1424931039603,37.499938,139.93409,4,-0.047,-1.192,9.54,2.974
1424931039703,37.499939,139.934088,4,-0.076,-1.203,9.58,2.866
1424931039804,37.499939,139.934086,4,-0.09,-1.177,9.517,2.761
1424931039900,37.49994,139.934084,4,-0.1,-1.15,9.551,2.665
1424931040000,37.49994,139.934082,4,-0.091,-1.161,9.601,2.568
1424931040101,37.499941,139.93408,4,-0.07,-1.181,9.565,2.474
1424931040202,37.499941,139.934079,4,-0.071,-1.166,9.52,2.384
1424931040303,37.499942,139.934077,4,-0.047,-1.163,9.559,2.297
1424931040403,37.499942,139.934075,3,-0.042,-1.123,9.571,2.195
1424931040504,37.499942,139.934074,3,-0.025,-1.113,9.527,2.071
1424931040600,37.499943,139.934073,3,-0.053,-1.076,9.54,1.958
1424931040700,37.499943,139.934072,3,-0.092,-1.055,9.555,1.846
1424931040801,37.499943,139.934071,3,-0.105,-1.021,9.561,1.739
1424931040902,37.499943,139.93407,3,-0.088,-0.99,9.522,1.637
1424931041002,37.499943,139.934069,3,-0.057,-0.993,9.535,1.542
1424931041103,37.499944,139.934068,3,-0.039,-0.996,9.577,1.452
1424931041204,37.499944,139.934067,3,-0.06,-0.934,9.555,1.368
1424931041300,37.499944,139.934066,3,-0.08,-0.816,9.54,1.294
1424931041400,37.499944,139.934066,3,-0.109,-0.718,9.59,1.225
1424931041501,37.499944,139.934065,3,-0.117,-0.615,9.569,1.164
1424931041602,37.499944,139.934065,3,-0.099,-0.554,9.561,1.106
1424931041702,37.499944,139.934064,3,-0.079,-0.57,9.562,1.051
1424931041803,37.499944,139.934064,3,-0.09,-0.581,9.541,0.998
1424931041904,37.499945,139.934064,3,-0.099,-0.562,9.566,0.947
1424931042000,37.499945,139.934063,3,-0.08,-0.553,9.551,0.901
1424931042100,37.499945,139.934063,3,-0.065,-0.548,9.543,0.856
1424931042201,37.499945,139.934063,3,-0.074,-0.568,9.565,0.813
1424931042302,37.499945,139.934062,3,-0.109,-0.572,9.55,0.772
1424931042402,37.499945,139.934062,3,-0.11,-0.518,9.513,0.719
1424931042503,37.499945,139.934062,3,-0.068,-0.46,9.514,0.648
1424931042604,37.499945,139.934062,3,-0.041,-0.426,9.536,0.582
1424931042704,37.499945,139.934062,3,-0.065,-0.424,9.548,0.522
1424931042800,37.499945,139.934062,3,-0.078,-0.409,9.544,0.468
1424931042901,37.499945,139.934062,3,-0.057,-0.413,9.532,0.417
1424931043002,37.499945,139.934062,3,-0.036,-0.436,9.529,0.372
1424931043102,37.499945,139.934062,3,-0.059,-0.447,9.527,0.331
1424931043203,37.499945,139.934062,3,-0.097,-0.449,9.549,0.295
1424931043304,37.499945,139.934062,3,-0.089,-0.446,9.545,0.265
1424931043404,37.499945,139.934062,3,-0.063,-0.404,9.561,0.228
1424931043500,37.499945,139.934063,3,-0.056,-0.277,9.577,0.185
1424931043601,37.499945,139.934064,3,-0.06,-0.13,9.524,0.144
1424931043701,37.499945,139.934064,3,-0.045,-0.06,9.498,0.109
1424931043802,37.499945,139.934065,3,-0.013,-0.063,9.538,0.078
1424931043903,37.499945,139.934065,3,-0.028,-0.137,9.538,0.052
1424931044004,37.499945,139.934065,3,-0.061,-0.163,9.566,0.032
1424931044104,37.499945,139.934066,3,-0.073,-0.15,9.566,0.016
1424931044200,37.499945,139.934066,3,-0.063,-0.132,9.542,0.006
1424931044301,37.499945,139.934066,3,-0.055,-0.106,9.558,0.001
1424931056501,37.499947,139.934069,3,-0.042,0.773,9.528,0.005
1424931056602,37.499947,139.934069,3,-0.053,0.835,9.514,0.015
1424931056703,37.499947,139.934068,3,-0.046,0.833,9.55,0.029
1424931056804,37.499947,139.934068,3,-0.077,0.853,9.553,0.049
1424931056904,37.499947,139.934068,3,-0.074,0.924,9.522,0.074
1424931057000,37.499947,139.934067,3,-0.042,0.963,9.476,0.102
1424931057101,37.499948,139.934066,3,-0.024,0.966,9.547,0.137
1424931057201,37.499948,139.934065,3,-0.04,0.978,9.537,0.177
1424931057302,37.499948,139.934065,3,-0.034,1.006,9.498,0.222
1424931057403,37.499948,139.934064,3,-0.021,1.005,9.534,0.261
1424931057503,37.499948,139.934063,3,-0.042,1.022,9.501,0.291
1424931057604,37.499948,139.934062,3,-0.044,1.014,9.506,0.326
1424931057700,37.499949,139.934062,3,-0.049,0.985,9.522,0.364
1424931057800,37.499949,139.934061,3,-0.042,0.991,9.512,0.408
1424931057901,37.499949,139.93406,3,-0.064,1.02,9.482,0.458
1424931058002,37.49995,139.934059,3,-0.072,0.982,9.547,0.514
1424931058103,37.49995,139.934058,3,-0.064,1.001,9.55,0.574
1424931058203,37.49995,139.934056,3,-0.027,1.029,9.495,0.638
1424931058304,37.499951,139.934055,3,0.001,0.978,9.534,0.709
1424931058400,37.499951,139.934053,3,0.053,0.947,9.506,0.786
1424931058500,37.499952,139.934052,3,0.035,0.828,9.457,0.892
1424931058601,37.499952,139.934049,3,0.031,0.781,9.509,1.023
1424931058702,37.499953,139.934047,3,0.021,0.75,9.483,1.177
1424931058803,37.499953,139.934044,3,-0.001,0.74,9.445,1.354
1424931058903,37.499954,139.93404,3,-0.077,0.718,9.529,1.552
1424931059004,37.499955,139.934037,3,-0.092,0.67,9.562,1.776
1424931059100,37.499956,139.934033,3,-0.085,0.627,9.58,2.01
1424931059200,37.499957,139.934028,3,-0.038,0.645,9.523,2.276
1424931059301,37.499958,139.934023,3,0.04,0.647,9.521,2.569
1424931059402,37.499959,139.934018,4,0.074,0.6,9.548,2.778
1424931059503,37.49996,139.934014,4,0.108,0.596,9.502,2.846
1424931059603,37.499961,139.93401,4,0.04,0.637,9.483,2.916
1424931059704,37.499962,139.934006,4,0.015,0.634,9.393,2.988
1424931059800,37.499964,139.934002,4,0.098,0.514,9.784,3.058
1424931059900,37.499965,139.933998,4,0.112,0.628,9.353,3.133
1424931060001,37.499966,139.933994,4,0.094,0.584,9.439,3.21
1424931060102,37.499967,139.933989,4,0.066,0.463,9.763,3.289
1424931060202,37.499968,139.933984,4,0.038,0.423,9.626,3.37
1424931060303,37.499969,139.93398,4,0.039,0.436,9.443,3.452
1424931060404,37.499971,139.933975,5,0.06,0.23,9.564,3.53
1424931060505,37.499972,139.93397,5,0.045,0.058,9.568,3.6
1424931060600,37.499973,139.933965,5,0.077,-0.174,9.437,3.667
1424931060701,37.499974,139.93396,5,0.064,-0.336,9.592,3.739
1424931060802,37.499975,139.933955,5,0.016,-0.384,9.638,3.814
1424931060902,37.499977,139.93395,5,-0.025,-0.293,9.6,3.888
1424931061003,37.499978,139.933945,5,-0.0,-0.328,9.577,3.966
1424931061104,37.499979,139.933939,5,0.05,-0.374,9.514,4.044
1424931061205,37.499981,139.933934,5,0.064,-0.458,9.682,4.124
1424931061300,37.499982,139.933928,5,0.01,-0.44,9.563,4.201
1424931061401,37.499983,139.933923,5,-0.02,-0.455,9.482,4.25
1424931061502,37.499985,139.933918,5,0.009,-0.445,9.535,4.25
1424931061602,37.499986,139.933914,5,0.029,-0.453,9.544,4.25
1424931061703,37.499987,139.933909,5,0.063,-0.442,9.448,4.25
1424931061804,37.499988,139.933905,5,0.042,-0.402,9.568,4.25
1424931061904,37.49999,139.9339,5,0.021,-0.418,9.6,4.25
1424931062000,37.499991,139.933896,5,0.032,-0.463,9.513,4.25
1424931062101,37.499992,139.933891,5,0.017,-0.403,9.423,4.25
1424931062201,37.499993,139.933886,5,0.026,-0.373,9.454,4.25
1424931062302,37.499994,139.933882,5,0.026,-0.447,9.548,4.25
1424931062403,37.499996,139.933877,4,-0.045,-0.472,9.547,4.239
1424931062504,37.499997,139.933872,4,-0.106,-0.351,9.293,4.213
1424931062604,37.499998,139.933868,4,-0.004,-0.594,9.805,4.188
1424931062700,37.499999,139.933863,4,0.043,-0.755,9.739,4.163
1424931062801,37.5,139.933858,4,0.012,-0.636,9.398,4.138
1424931062901,37.500002,139.933854,4,-0.006,-0.591,9.477,4.113
1424931063002,37.500003,139.933849,4,0.087,-0.675,9.476,4.088
1424931063103,37.500004,139.933845,4,-0.025,-0.754,9.558,4.063
1424931063204,37.500005,139.93384,4,-0.007,-0.759,9.657,4.038
1424931063304,37.500006,139.933835,4,-0.16,-0.629,9.518,4.014
1424931063400,37.500007,139.933831,5,-0.195,-0.643,9.489,3.99
1424931063501,37.500008,139.933827,5,-0.26,-0.752,9.476,3.964
1424931063601,37.500009,139.933822,5,-0.367,-0.755,9.603,3.938
1424931063702,37.50001,139.933818,5,-0.272,-0.69,9.703,3.913
1424931063803,37.500012,139.933814,5,-0.332,-0.723,9.476,3.887
1424931063904,37.500013,139.933809,5,-0.314,-0.82,9.439,3.862
1424931064004,37.500014,139.933805,5,-0.256,-0.901,9.622,3.837
1424931064100,37.500014,139.933801,5,-0.265,-0.735,9.374,3.813
1424931064201,37.500015,139.933797,5,-0.275,-0.714,9.496,3.789
1424931064301,37.500016,139.933792,5,-0.462,-0.859,9.69,3.764
1424931064402,37.500017,139.933789,5,-0.67,-0.86,9.6,3.715
1424931064503,37.500018,139.933785,5,-0.824,-0.764,9.34,3.633
1424931064603,37.500018,139.933782,5,-0.872,-0.775,9.479,3.552
1424931064704,37.500019,139.933779,5,-0.831,-0.776,9.607,3.473
1424931064800,37.500019,139.933776,5,-0.8,-0.814,9.558,3.399
1424931064900,37.50002,139.933772,5,-0.845,-0.779,9.381,3.324
1424931065001,37.50002,139.933769,5,-0.714,-0.667,9.625,3.25
1424931065102,37.500021,139.933766,5,-0.589,-0.537,9.669,3.178
1424931065203,37.500021,139.933763,5,-0.672,-0.331,9.488,3.107
1424931065303,37.500022,139.933761,5,-0.802,-0.295,9.478,3.038
1424931065404,37.500022,139.933757,5,-0.835,-0.322,9.666,2.989
1424931065500,37.500023,139.933754,5,-0.77,-0.339,9.585,2.964
1424931065600,37.500023,139.933751,5,-0.901,-0.189,9.226,2.938
1424931065701,37.500023,139.933747,5,-0.979,-0.11,9.265,2.912
1424931065802,37.500024,139.933744,5,-1.054,-0.277,9.703,2.887
1424931065903,37.500024,139.933741,5,-1.293,-0.398,9.755,2.862
1424931066003,37.500025,139.933737,5,-1.586,-0.387,9.451,2.837
1424931066104,37.500025,139.933734,5,-1.609,-0.424,9.424,2.812
1424931066200,37.500025,139.933731,5,-1.489,-0.468,9.544,2.789
1424931066300,37.500026,139.933728,5,-1.384,-0.378,9.256,2.764
1424931066401,37.500026,139.933725,5,-1.169,-0.593,9.761,2.75
1424931066502,37.500026,139.933722,5,-1.049,-0.518,9.56,2.75
1424931066602,37.500026,139.933719,5,-0.959,-0.435,9.274,2.75
1424931066703,37.500026,139.933716,5,-1.056,-0.365,9.405,2.75
1424931066804,37.500026,139.933713,5,-1.384,-0.252,9.537,2.75
1424931066905,37.500026,139.93371,5,-1.763,-0.499,9.876,2.75
1424931067000,37.500026,139.933707,5,-1.897,-0.673,9.918,2.75
1424931067106,37.500026,139.933704,5,-1.731,-0.514,9.299,2.75
1424931067202,37.500026,139.933701,5,-1.464,-0.415,9.199,2.75
1424931067301,37.500026,139.933698,5,-1.253,-0.427,9.429,2.75
1424931067403,37.500025,139.933695,5,-1.012,-0.386,9.486,2.75
1424931067502,37.500024,139.933693,5,-0.917,-0.32,9.444,2.75
1424931067604,37.500022,139.933691,5,-1.069,-0.267,9.347,2.75
1424931067700,37.50002,139.933689,5,-1.068,-0.251,9.435,2.75
1424931067801,37.500019,139.933687,5,-1.215,-0.36,9.783,2.75
1424931067902,37.500017,139.933685,5,-1.245,-0.324,9.681,2.75
1424931068002,37.500015,139.933683,5,-1.094,-0.24,9.387,2.75
1424931068103,37.500013,139.93368,5,-0.874,-0.223,9.283,2.75
1424931068204,37.500012,139.933678,5,-0.77,-0.161,9.55,2.75
1424931068304,37.50001,139.933676,5,-0.68,-0.24,9.673,2.75
1424931068400,37.500008,139.933675,7,-0.537,-0.321,9.588,2.75
1424931068501,37.500005,139.933673,7,-0.36,-0.293,9.458,2.75
1424931068601,37.500002,139.933672,7,-0.208,-0.268,9.439,2.75
1424931068702,37.499999,139.933671,7,-0.257,-0.288,9.508,2.75
1424931068803,37.499997,139.93367,7,-0.421,-0.247,9.524,2.75
1424931068904,37.499994,139.933669,7,-0.387,-0.105,9.499,2.75
1424931069004,37.499991,139.933668,7,-0.316,0.1,9.573,2.75
1424931069100,37.499988,139.933667,7,-0.411,0.143,9.364,2.75
1424931069201,37.499985,139.933666,7,-0.445,-0.014,9.745,2.75
1424931069301,37.499983,139.933665,7,-0.215,-0.002,9.75,2.75
1424931069402,37.49998,139.933664,7,-0.039,0.147,9.47,2.75
1424931069503,37.499977,139.933664,7,0.012,0.166,9.439,2.75
1424931069604,37.499974,139.933664,7,0.104,0.092,9.518,2.75
1424931069704,37.499971,139.933663,7,0.171,0.083,9.573,2.75
1424931069800,37.499968,139.933663,7,0.173,0.094,9.549,2.75
1424931069901,37.499965,139.933663,7,0.186,0.134,9.492,2.75
1424931070001,37.499962,139.933663,7,0.112,0.095,9.545,2.75
1424931070102,37.499959,139.933663,7,0.001,0.057,9.587,2.75
1424931070203,37.499956,139.933662,7,-0.019,0.07,9.523,2.75
1424931070303,37.499953,139.933662,7,0.008,0.096,9.57,2.75
1424931070404,37.49995,139.933662,6,0.045,0.115,9.518,2.75
1424931070500,37.499947,139.933661,6,0.048,0.081,9.527,2.75
1424931070601,37.499944,139.933661,6,0.108,0.026,9.577,2.75
1424931070701,37.499941,139.93366,6,0.159,0.074,9.463,2.75
1424931070802,37.499938,139.933659,6,0.167,0.081,9.505,2.75
1424931070903,37.499935,139.933659,6,0.15,0.051,9.536,2.75
1424931071003,37.499932,139.933658,6,0.105,0.045,9.534,2.75
1424931071104,37.499929,139.933658,6,0.03,0.035,9.556,2.75
1424931071200,37.499927,139.933657,6,0.021,0.044,9.57,2.75
1424931071300,37.499924,139.933656,6,0.025,0.017,9.566,2.75
1424931071401,37.499921,139.933656,5,0.046,-0.025,9.555,2.75
1424931071502,37.499918,139.933655,5,0.108,-0.019,9.566,2.75
1424931071603,37.499915,139.933655,5,0.158,-0.058,9.53,2.75
1424931071703,37.499912,139.933654,5,0.151,-0.081,9.535,2.75
1424931071804,37.499909,139.933653,5,0.109,-0.086,9.618,2.75
1424931071900,37.499906,139.933653,5,0.118,-0.101,9.561,2.75
1424931072000,37.499903,139.933652,5,0.148,-0.057,9.49,2.75
1424931072101,37.4999,139.933652,5,0.19,-0.06,9.46,2.75
1424931072202,37.499897,139.933651,5,0.227,-0.088,9.48,2.75
1424931072303,37.499894,139.93365,5,0.152,-0.054,9.487,2.75
1424931072403,37.499891,139.93365,5,0.096,-0.06,9.548,2.75
1424931072504,37.499888,139.933649,5,0.082,-0.089,9.556,2.75
1424931072600,37.499885,139.933649,5,0.101,-0.088,9.541,2.75
1424931072700,37.499882,139.933649,5,0.158,-0.071,9.541,2.75
1424931072801,37.499879,139.933648,5,0.18,-0.073,9.483,2.75
1424931072902,37.499876,139.933648,5,0.176,-0.075,9.47,2.75
1424931073002,37.499873,139.933647,5,0.202,-0.084,9.561,2.75
1424931073103,37.49987,139.933647,5,0.194,-0.101,9.582,2.75
1424931073204,37.499868,139.933647,5,0.163,-0.124,9.54,2.75
1424931073300,37.499865,139.933646,5,0.143,-0.127,9.504,2.75
1424931073400,37.499862,139.933646,5,0.131,-0.114,9.592,2.75
1424931073501,37.499859,139.933645,5,0.139,-0.112,9.587,2.75
1424931073602,37.499856,139.933645,5,0.122,-0.093,9.526,2.75
1424931073702,37.499853,139.933644,5,0.123,-0.083,9.504,2.75
1424931073803,37.49985,139.933644,5,0.146,-0.111,9.564,2.75
1424931073904,37.499847,139.933643,5,0.136,-0.122,9.63,2.75
1424931074005,37.499844,139.933643,5,0.111,-0.09,9.517,2.75
1424931074100,37.499842,139.933642,5,0.108,-0.09,9.518,2.75
1424931074201,37.499839,139.933642,5,0.096,-0.075,9.558,2.75
1424931074302,37.499836,139.933641,5,0.058,-0.048,9.527,2.75
1424931074402,37.499833,139.933641,5,0.036,-0.024,9.482,2.75
1424931074503,37.49983,139.93364,5,0.042,-0.043,9.522,2.75
1424931074604,37.499827,139.933639,5,0.047,-0.018,9.52,2.75
1424931074704,37.499825,139.933638,5,0.053,-0.068,9.6,2.75
1424931074800,37.499822,139.933637,5,0.011,-0.078,9.585,2.75
1424931074901,37.499819,139.933637,5,0.09,-0.094,9.54,2.75
1424931075001,37.499817,139.933636,5,0.174,-0.077,9.561,2.75
1424931075102,37.499814,139.933635,5,0.209,-0.076,9.527,2.75
1424931075203,37.499811,139.933634,5,0.108,-0.072,9.462,2.75
1424931075304,37.499809,139.933633,5,0.079,-0.091,9.516,2.75
1424931075404,37.499806,139.933632,4,0.089,-0.115,9.593,2.75
1424931075500,37.499803,139.933631,4,0.087,-0.114,9.508,2.75
1424931075601,37.4998,139.93363,4,0.088,-0.104,9.464,2.75
1424931075701,37.499798,139.933629,4,0.077,-0.103,9.587,2.75
1424931075802,37.499795,139.933627,4,0.026,-0.129,9.6,2.75
1424931075903,37.499792,139.933626,4,0.012,-0.141,9.594,2.75
1424931076003,37.49979,139.933625,4,0.104,-0.104,9.487,2.75
1424931076100,37.499787,139.933623,4,0.157,-0.085,9.49,2.75
1424931076200,37.499784,139.933622,4,0.185,-0.122,9.547,2.75
1424931076301,37.499782,139.933621,4,0.236,-0.192,9.594,2.75
1424931076401,37.499779,139.933619,4,0.179,-0.139,9.45,2.76
1424931076502,37.499776,139.933618,4,0.076,-0.14,9.509,2.784
1424931076603,37.499774,139.933616,4,0.031,-0.162,9.663,2.809
1424931076703,37.499771,139.933614,4,0.068,-0.147,9.585,2.833
1424931076804,37.499768,139.933613,4,0.123,-0.145,9.518,2.858
1424931076900,37.499766,139.933611,4,0.169,-0.103,9.434,2.882
1424931077001,37.499763,139.933609,4,0.178,-0.102,9.502,2.908
1424931077101,37.49976,139.933608,4,0.159,-0.151,9.616,2.933
1424931077202,37.499757,139.933606,4,0.069,-0.123,9.569,2.959
1424931077303,37.499755,139.933604,4,0.053,-0.105,9.52,2.985
1424931077403,37.499752,139.933602,4,0.128,-0.096,9.543,3.0
1424931077504,37.499749,139.933601,4,0.112,-0.073,9.545,3.0
1424931077600,37.499747,139.9336,4,0.118,-0.064,9.505,3.0
1424931077700,37.499744,139.933598,4,0.069,-0.092,9.515,3.0
1424931077801,37.499742,139.933597,4,-0.013,-0.065,9.528,3.0
1424931077902,37.499739,139.933595,4,-0.03,-0.004,9.534,3.0
1424931078003,37.499737,139.933594,4,-0.036,-0.059,9.594,3.0
1424931078103,37.499734,139.933593,4,-0.003,-0.066,9.558,3.0
1424931078204,37.499732,139.933591,4,0.002,-0.021,9.422,3.0
1424931078300,37.49973,139.93359,4,0.027,-0.051,9.565,3.0
1424931078400,37.499727,139.933588,4,0.108,-0.082,9.658,2.99
1424931078501,37.499724,139.933587,4,0.069,-0.048,9.47,2.963
1424931078602,37.499721,139.933586,4,0.055,-0.044,9.443,2.938
1424931078703,37.499719,139.933584,4,0.017,-0.07,9.568,2.912
1424931078803,37.499716,139.933583,4,-0.055,-0.078,9.536,2.887
1424931078904,37.499714,139.933582,4,-0.1,-0.076,9.55,2.861
1424931079000,37.499711,139.933581,4,-0.047,-0.115,9.63,2.837
1424931079100,37.499709,139.933579,4,-0.019,-0.074,9.503,2.813
1424931079201,37.499706,139.933578,4,0.004,-0.056,9.41,2.788
1424931079302,37.499703,139.933577,4,0.035,-0.085,9.552,2.764
1424931079402,37.499701,139.933575,4,0.072,-0.106,9.58,2.75
1424931079503,37.499698,139.933574,4,0.067,-0.127,9.49,2.75
1424931079604,37.499696,139.933573,4,-0.0,-0.087,9.467,2.75
1424931079700,37.499693,139.933571,4,-0.038,-0.08,9.559,2.75
1424931079800,37.499691,139.93357,4,-0.015,-0.107,9.551,2.75
1424931079901,37.499688,139.933568,4,0.013,-0.128,9.519,2.75
1424931080002,37.499686,139.933567,4,-0.014,-0.114,9.519,2.75
1424931080102,37.499683,139.933566,4,-0.034,-0.127,9.561,2.75
1424931080203,37.499681,139.933564,4,-0.062,-0.096,9.469,2.75
1424931080304,37.499678,139.933563,4,0.005,-0.133,9.626,2.75
1424931080404,37.499676,139.933561,4,0.049,-0.162,9.648,2.75
1424931080500,37.499674,139.93356,4,0.038,-0.163,9.471,2.75
1424931080601,37.499671,139.933559,4,0.043,-0.138,9.432,2.75
1424931080702,37.499668,139.933558,4,0.032,-0.111,9.551,2.75
1424931080802,37.499666,139.933556,4,0.028,-0.093,9.598,2.75
1424931080903,37.499663,139.933555,4,0.033,-0.106,9.521,2.75
1424931081004,37.499661,139.933554,4,0.005,-0.135,9.532,2.75
1424931081104,37.499658,139.933552,4,-0.025,-0.114,9.574,2.75
1424931081205,37.499656,139.933551,4,-0.029,-0.093,9.579,2.75
1424931081301,37.499653,139.93355,4,-0.026,-0.065,9.557,2.75
1424931081400,37.499651,139.933548,4,-0.003,-0.07,9.476,2.75
1424931081502,37.499649,139.933547,4,0.029,-0.132,9.638,2.75
1424931081601,37.499646,139.933546,4,-0.035,-0.111,9.571,2.75
1424931081704,37.499644,139.933544,4,-0.071,-0.034,9.46,2.75
1424931081800,37.499641,139.933543,4,-0.02,-0.059,9.511,2.75
1424931081900,37.499639,139.933541,4,0.014,-0.144,9.623,2.75
1424931082001,37.499637,139.93354,4,-0.019,-0.104,9.531,2.75
1424931082101,37.499634,139.933539,4,-0.059,-0.064,9.44,2.75
1424931082202,37.499632,139.933537,4,-0.087,-0.061,9.52,2.75
1424931082303,37.499629,139.933536,4,-0.122,-0.083,9.603,2.75
1424931082404,37.499627,139.933534,4,-0.139,-0.075,9.558,2.75
1424931082504,37.499625,139.933533,4,-0.086,-0.048,9.517,2.75
1424931082600,37.499622,139.933532,4,-0.019,-0.078,9.584,2.75
1424931082701,37.49962,139.933531,4,0.023,-0.081,9.578,2.75
1424931082801,37.499618,139.933529,4,0.007,-0.071,9.474,2.75
1424931082902,37.499616,139.933528,4,-0.024,-0.047,9.514,2.75
1424931083003,37.499613,139.933527,4,-0.037,-0.053,9.566,2.75
1424931083103,37.499611,139.933525,4,-0.054,-0.079,9.541,2.75
1424931083204,37.499609,139.933524,4,-0.093,-0.084,9.524,2.75
1424931083300,37.499606,139.933523,4,-0.088,-0.046,9.541,2.75
1424931083401,37.499604,139.933521,4,-0.02,-0.041,9.539,2.75
1424931083501,37.499602,139.93352,4,0.013,-0.087,9.543,2.75
1424931083602,37.4996,139.933519,4,-0.012,-0.025,9.531,2.75
1424931083703,37.499597,139.933518,4,-0.051,-0.003,9.478,2.75
1424931083803,37.499595,139.933516,4,-0.075,-0.009,9.538,2.75
1424931083904,37.499593,139.933515,4,-0.109,0.02,9.608,2.75
1424931084000,37.499591,139.933514,4,-0.103,0.143,9.548,2.75
1424931084100,37.499589,139.933512,4,-0.064,0.246,9.454,2.75
1424931084201,37.499586,139.933511,4,-0.019,0.276,9.537,2.75
1424931084302,37.499584,139.93351,4,-0.004,0.318,9.541,2.75
1424931084403,37.499582,139.933509,4,-0.021,0.372,9.527,2.75
1424931084503,37.49958,139.933508,4,-0.02,0.454,9.446,2.75
1424931084604,37.499577,139.933507,4,-0.039,0.549,9.412,2.75
1424931084700,37.499575,139.933506,4,-0.011,0.515,9.569,2.75
1424931084800,37.499573,139.933505,4,-0.033,0.515,9.624,2.75
1424931084901,37.499571,139.933504,4,-0.068,0.624,9.516,2.75
1424931085002,37.499568,139.933503,4,-0.048,0.647,9.483,2.75
1424931085103,37.499566,139.933502,4,-0.096,0.653,9.602,2.75
1424931085203,37.499564,139.933501,4,-0.109,0.692,9.571,2.75
1424931085304,37.499561,139.9335,4,-0.029,0.77,9.493,2.75
1424931085400,37.499559,139.933499,4,0.001,0.782,9.48,2.75
1424931085500,37.499557,139.933498,4,0.036,0.815,9.512,2.75
1424931085601,37.499554,139.933497,4,0.029,0.934,9.485,2.75
1424931085702,37.499552,139.933496,4,0.04,0.997,9.48,2.75
1424931085802,37.49955,139.933495,4,-0.026,1.105,9.538,2.75
1424931085903,37.499548,139.933494,4,-0.043,1.25,9.465,2.75
1424931086004,37.499545,139.933493,4,-0.086,1.305,9.348,2.75
1424931086105,37.499543,139.933492,4,-0.101,1.292,9.508,2.75
1424931086200,37.499541,139.933491,4,-0.132,1.33,9.567,2.75
1424931086301,37.499538,139.933491,4,-0.118,1.387,9.322,2.75
1424931086402,37.499536,139.93349,4,-0.042,1.425,9.435,2.76
1424931086502,37.499533,139.933489,4,-0.044,1.358,9.493,2.784
1424931086603,37.499531,139.933487,4,-0.021,1.26,9.705,2.809
1424931086704,37.499528,139.933486,4,0.061,1.187,9.777,2.834
1424931086804,37.499525,139.933485,4,0.158,1.292,9.434,2.858
1424931086900,37.499523,139.933484,4,0.106,1.362,9.39,2.882
1424931087001,37.49952,139.933483,4,0.074,1.285,9.655,2.908
1424931087102,37.499517,139.933482,4,0.028,1.214,9.574,2.933
1424931087202,37.499514,139.933481,4,-0.052,1.265,9.473,2.959
1424931087303,37.499512,139.93348,4,-0.141,1.369,9.608,2.985
1424931087404,37.499508,139.933478,5,-0.139,1.282,9.621,3.073
1424931087500,37.499505,139.933477,5,-0.124,0.963,9.393,3.241
1424931087600,37.4995,139.933475,5,-0.054,0.369,9.563,3.428
1424931087701,37.499496,139.933473,5,-0.085,0.055,9.761,3.629
1424931087801,37.499491,139.933472,5,-0.152,0.097,9.495,3.841
1424931087902,37.499486,139.93347,5,-0.151,0.062,9.395,4.067
1424931088003,37.499481,139.933467,5,-0.196,-0.013,9.413,4.306
1424931088104,37.499475,139.933465,5,-0.262,-0.115,9.56,4.557
1424931088204,37.49947,139.933463,5,-0.239,-0.106,9.688,4.818
1424931088300,37.499464,139.933461,5,-0.19,0.008,9.378,5.08
1424931088401,37.499457,139.933458,6,-0.214,-0.105,9.463,5.27
1424931088501,37.499451,139.933455,6,-0.223,-0.208,9.772,5.318
1424931088602,37.499445,139.933452,6,-0.172,-0.19,9.608,5.367
1424931088703,37.499439,139.93345,6,-0.069,-0.075,9.347,5.416
1424931088804,37.499432,139.933447,6,-0.009,0.011,9.419,5.466
1424931088904,37.499426,139.933444,6,-0.008,-0.135,9.565,5.516
1424931089000,37.49942,139.933441,6,-0.096,-0.204,9.7,5.565
1424931089101,37.499413,139.933438,6,-0.217,-0.014,9.483,5.616
1424931089201,37.499407,139.933436,6,-0.18,0.07,9.221,5.667
1424931089302,37.4994,139.933433,6,-0.271,-0.092,9.637,5.72
1424931089403,37.499394,139.93343,6,-0.273,-0.218,9.841,5.739
1424931089503,37.499389,139.933426,6,-0.221,-0.123,9.536,5.714
1424931089604,37.499383,139.933423,6,-0.175,-0.061,9.505,5.688
1424931089700,37.499378,139.933419,6,-0.175,-0.137,9.716,5.664
1424931089801,37.499373,139.933416,6,-0.202,-0.171,9.658,5.638
1424931089901,37.499368,139.933412,6,-0.214,-0.171,9.449,5.613
1424931090002,37.499363,139.933409,6,-0.175,-0.069,9.462,5.588
1424931090103,37.499358,139.933406,6,-0.159,-0.044,9.619,5.563
1424931090203,37.499353,139.933402,6,-0.122,-0.097,9.642,5.539
1424931090304,37.499348,139.933399,6,-0.08,-0.116,9.572,5.514
1424931090400,37.499343,139.933396,5,-0.056,-0.079,9.513,5.49
1424931090500,37.499338,139.933395,5,-0.052,-0.058,9.483,5.464
1424931090601,37.499334,139.933393,5,-0.054,-0.124,9.568,5.439
1424931090702,37.499329,139.933392,5,-0.028,-0.13,9.593,5.413
1424931090803,37.499324,139.93339,5,-0.03,-0.077,9.541,5.388
1424931090903,37.49932,139.933389,5,-0.049,-0.039,9.45,5.363
1424931091004,37.499315,139.933387,5,-0.053,-0.046,9.464,5.338
1424931091100,37.499311,139.933386,5,-0.05,-0.051,9.549,5.314
1424931091200,37.499306,139.933384,5,-0.05,-0.078,9.601,5.289
1424931091301,37.499302,139.933383,5,-0.075,-0.052,9.629,5.264
1424931091402,37.499297,139.933381,4,-0.058,-0.162,9.59,5.25
1424931091503,37.499293,139.933379,4,-0.06,-0.091,9.551,5.25
1424931091603,37.499289,139.933376,4,-0.05,-0.153,9.51,5.25
1424931091704,37.499285,139.933374,4,-0.031,-0.119,9.52,5.25
1424931091800,37.499281,139.933372,4,-0.036,-0.088,9.55,5.25
1424931091900,37.499277,139.93337,4,-0.033,-0.118,9.5,5.25
1424931092001,37.499273,139.933367,4,-0.035,-0.238,9.535,5.25
1424931092102,37.499269,139.933365,4,-0.045,-0.282,9.684,5.25
1424931092202,37.499264,139.933363,4,-0.099,-0.174,9.55,5.25
1424931092303,37.49926,139.93336,4,-0.115,-0.144,9.445,5.25
1424931092404,37.499256,139.933358,4,-0.139,-0.191,9.571,5.227
1424931092500,37.499252,139.933356,4,-0.091,-0.179,9.579,5.177
1424931092600,37.499247,139.933355,4,-0.104,-0.185,9.432,5.125
1424931092701,37.499243,139.933353,4,-0.092,-0.217,9.523,5.074
1424931092802,37.499238,139.933351,4,-0.057,-0.212,9.502,5.023
1424931092902,37.499234,139.933349,4,0.004,-0.386,9.584,4.973
1424931093003,37.499229,139.933347,4,0.016,-0.51,9.65,4.923
1424931093104,37.499225,139.933345,4,-0.009,-0.498,9.458,4.873
1424931093204,37.499221,139.933344,4,-0.064,-0.485,9.492,4.825
1424931093300,37.499217,139.933342,4,-0.041,-0.547,9.645,4.779
1424931093401,37.499213,139.93334,4,-0.055,-0.561,9.617,4.739
1424931093502,37.499209,139.933339,4,-0.089,-0.481,9.515,4.714
1424931093602,37.499205,139.933337,4,-0.105,-0.426,9.535,4.688
1424931093703,37.499202,139.933335,4,-0.098,-0.324,9.651,4.663
1424931093804,37.499198,139.933333,4,-0.11,-0.182,9.483,4.637
1424931093904,37.499195,139.933332,4,-0.076,-0.11,9.474,4.612
1424931094000,37.499191,139.93333,4,-0.086,-0.141,9.527,4.588
1424931094101,37.499188,139.933328,4,-0.105,-0.136,9.535,4.563
1424931094202,37.499184,139.933327,4,-0.079,-0.14,9.492,4.539
1424931094302,37.499181,139.933325,4,-0.136,-0.177,9.527,4.514
1424931094403,37.499178,139.933323,4,-0.159,-0.188,9.607,4.477
1424931094504,37.499174,139.933322,4,-0.218,-0.241,9.626,4.424
1424931094604,37.499171,139.93332,4,-0.23,-0.235,9.574,4.373
1424931094700,37.499167,139.933318,4,-0.192,-0.209,9.503,4.323
1424931094801,37.499164,139.933317,4,-0.16,-0.23,9.517,4.272
1424931094901,37.499161,139.933315,4,-0.149,-0.245,9.583,4.222
1424931095002,37.499157,139.933314,4,-0.153,-0.204,9.462,4.172
1424931095103,37.499154,139.933312,4,-0.129,-0.202,9.469,4.123
1424931095204,37.499151,139.93331,4,-0.121,-0.211,9.554,4.074
1424931095304,37.499148,139.933309,4,-0.176,-0.189,9.534,4.026
1424931095400,37.499145,139.933307,4,-0.16,-0.17,9.499,3.99
1424931095506,37.499141,139.933305,4,-0.156,-0.141,9.462,3.962
1424931095601,37.499138,139.933304,4,-0.168,-0.192,9.543,3.938
1424931095700,37.499134,139.933302,4,-0.164,-0.205,9.572,3.913
1424931095803,37.499131,139.9333,4,-0.179,-0.17,9.505,3.887
1424931095902,37.499127,139.933299,4,-0.172,-0.133,9.522,3.862
1424931096004,37.499124,139.933297,4,-0.146,-0.202,9.506,3.837
1424931096100,37.499121,139.933295,4,-0.151,-0.183,9.511,3.813
1424931096200,37.499117,139.933294,4,-0.166,-0.174,9.529,3.789
1424931096301,37.499114,139.933292,4,-0.137,-0.145,9.501,3.764
1424931096402,37.499111,139.93329,3,-0.098,-0.176,9.513,3.728
1424931096503,37.499108,139.933289,3,-0.131,-0.159,9.564,3.674
1424931096603,37.499105,139.933287,3,-0.146,-0.222,9.552,3.622
1424931096704,37.499103,139.933286,3,-0.127,-0.198,9.542,3.57
1424931096800,37.4991,139.933285,3,-0.171,-0.108,9.522,3.521
1424931096900,37.499097,139.933283,3,-0.161,-0.133,9.515,3.471
1424931097001,37.499095,139.933282,3,-0.178,-0.137,9.571,3.421
1424931097102,37.499092,139.93328,3,-0.153,-0.145,9.562,3.372
1424931097203,37.49909,139.933279,3,-0.179,-0.091,9.514,3.324
1424931097303,37.499087,139.933278,3,-0.145,-0.105,9.538,3.277
1424931097404,37.499085,139.933276,4,-0.15,-0.149,9.57,3.239
1424931097500,37.499083,139.933275,4,-0.165,-0.137,9.597,3.214
1424931097600,37.49908,139.933273,4,-0.161,-0.178,9.527,3.188
1424931097701,37.499078,139.933272,4,-0.13,-0.19,9.489,3.163
1424931097802,37.499075,139.93327,4,-0.158,-0.278,9.585,3.137
1424931097902,37.499073,139.933269,4,-0.15,-0.322,9.525,3.112
1424931098003,37.49907,139.933267,4,-0.152,-0.323,9.529,3.087
1424931098104,37.499068,139.933266,4,-0.189,-0.366,9.582,3.062
1424931098200,37.499066,139.933264,4,-0.222,-0.312,9.502,3.039
1424931098300,37.499063,139.933263,4,-0.22,-0.358,9.506,3.014
1424931098401,37.499061,139.933262,4,-0.193,-0.391,9.582,2.965
1424931098502,37.499059,139.933262,4,-0.181,-0.444,9.53,2.88
1424931098602,37.499057,139.933263,4,-0.149,-0.368,9.497,2.799
1424931098703,37.499054,139.933263,4,-0.129,-0.449,9.512,2.719
1424931098804,37.499052,139.933263,4,-0.147,-0.525,9.588,2.641
1424931098904,37.49905,139.933264,4,-0.168,-0.531,9.543,2.565
1424931099001,37.499049,139.933264,4,-0.183,-0.549,9.514,2.495
1424931099101,37.499047,139.933264,4,-0.185,-0.558,9.532,2.424
1424931099202,37.499045,139.933265,4,-0.158,-0.575,9.571,2.354
1424931099302,37.499043,139.933265,4,-0.114,-0.589,9.551,2.288
1424931099403,37.499041,139.933265,4,-0.076,-0.597,9.502,2.239
1424931099504,37.499039,139.933264,4,-0.101,-0.6,9.557,2.212
1424931099604,37.499037,139.933263,4,-0.13,-0.629,9.622,2.186
1424931099700,37.499036,139.933262,4,-0.192,-0.603,9.497,2.162
1424931099801,37.499034,139.933261,4,-0.212,-0.609,9.493,2.136
1424931099902,37.499032,139.933261,4,-0.186,-0.611,9.615,2.111
1424931100002,37.49903,139.93326,4,-0.176,-0.564,9.566,2.086
1424931100103,37.499028,139.933259,4,-0.14,-0.537,9.514,2.061
1424931100204,37.499027,139.933258,4,-0.126,-0.565,9.559,2.037
1424931100304,37.499025,139.933257,4,-0.131,-0.545,9.557,2.013
1424931100400,37.499024,139.933257,4,-0.154,-0.512,9.53,1.963
1424931100501,37.499022,139.933256,4,-0.166,-0.48,9.556,1.873
1424931100601,37.499021,139.933256,4,-0.146,-0.465,9.571,1.788
1424931100702,37.49902,139.933256,4,-0.125,-0.422,9.53,1.705
1424931100803,37.49902,139.933256,4,-0.128,-0.387,9.544,1.625
1424931100904,37.499019,139.933255,4,-0.143,-0.364,9.549,1.549
1424931101004,37.499018,139.933255,4,-0.134,-0.357,9.53,1.477
1424931101100,37.499017,139.933255,4,-0.122,-0.352,9.535,1.412
1424931101201,37.499016,139.933254,4,-0.144,-0.344,9.536,1.346
1424931101301,37.499015,139.933254,4,-0.172,-0.325,9.514,1.285
1424931101402,37.499015,139.933254,4,-0.177,-0.309,9.53,1.224
1424931101503,37.499014,139.933254,4,-0.181,-0.288,9.55,1.163
1424931101604,37.499014,139.933254,4,-0.174,-0.251,9.56,1.105
1424931101704,37.499013,139.933254,4,-0.168,-0.213,9.515,1.05
1424931101800,37.499013,139.933255,4,-0.165,-0.189,9.523,0.999
1424931101901,37.499013,139.933255,4,-0.145,-0.198,9.557,0.948
1424931102001,37.499012,139.933255,4,-0.123,-0.173,9.532,0.901
1424931102102,37.499012,139.933255,4,-0.12,-0.151,9.535,0.855
1424931102203,37.499012,139.933255,4,-0.128,-0.13,9.539,0.812
1424931102304,37.499011,139.933255,4,-0.149,-0.116,9.54,0.771
1424931102404,37.499011,139.933255,4,-0.166,-0.113,9.542,0.737
1424931102500,37.49901,139.933255,4,-0.165,-0.131,9.542,0.709
1424931102601,37.499009,139.933254,4,-0.152,-0.151,9.549,0.681
1424931102701,37.499008,139.933254,4,-0.134,-0.14,9.544,0.654
1424931102802,37.499008,139.933254,4,-0.127,-0.132,9.51,0.627
1424931102903,37.499007,139.933253,4,-0.149,-0.075,9.539,0.602
1424931103003,37.499006,139.933253,4,-0.137,-0.052,9.539,0.578
1424931103104,37.499006,139.933253,4,-0.13,-0.024,9.52,0.554
1424931103200,37.499005,139.933252,4,-0.143,-0.023,9.525,0.533
1424931103300,37.499004,139.933252,4,-0.157,-0.009,9.535,0.512
1424931103401,37.499004,139.933252,3,-0.17,-0.001,9.528,0.46
1424931103502,37.499004,139.933251,3,-0.175,0.011,9.536,0.368
1424931103603,37.499004,139.933251,3,-0.159,-0.002,9.541,0.287
1424931103703,37.499003,139.93325,3,-0.153,-0.02,9.53,0.216
1424931103804,37.499003,139.93325,3,-0.159,-0.013,9.549,0.155
1424931103900,37.499003,139.93325,3,-0.158,-0.014,9.539,0.106
1424931104000,37.499003,139.933249,3,-0.153,-0.0,9.553,0.065
1424931104101,37.499003,139.933249,3,-0.152,0.001,9.545,0.034
1424931104202,37.499003,139.933249,3,-0.156,0.001,9.513,0.012
1424931104302,37.499003,139.933249,3,-0.136,0.069,9.51,0.002
1424931104504,37.499003,139.933249,3,-0.104,0.302,9.51,0.005
1424931104600,37.499003,139.933249,3,-0.134,0.456,9.551,0.014
1424931104700,37.499003,139.933249,3,-0.151,0.611,9.528,0.029
1424931104801,37.499002,139.933249,3,-0.146,0.736,9.525,0.049
1424931104902,37.499002,139.933249,3,-0.136,0.852,9.524,0.073
1424931105002,37.499002,139.933249,3,-0.141,0.973,9.531,0.103
1424931105103,37.499001,139.933248,3,-0.144,1.025,9.5,0.138
1424931105204,37.499001,139.933248,3,-0.153,1.055,9.496,0.178
1424931105300,37.499,139.933248,3,-0.157,1.097,9.526,0.221
1424931105400,37.499,139.933248,3,-0.158,1.117,9.537,0.257
1424931105501,37.498999,139.933248,3,-0.142,1.119,9.537,0.275
1424931105602,37.498999,139.933247,3,-0.118,1.127,9.523,0.295
1424931105702,37.498998,139.933247,3,-0.1,1.144,9.493,0.317
1424931105803,37.498998,139.933247,3,-0.123,1.164,9.479,0.34
1424931105904,37.498997,139.933247,3,-0.149,1.188,9.52,0.365
1424931106004,37.498997,139.933246,3,-0.153,1.208,9.526,0.392
1424931106100,37.498996,139.933246,3,-0.142,1.241,9.495,0.419
1424931106201,37.498995,139.933246,3,-0.138,1.28,9.503,0.449
1424931106302,37.498994,139.933245,3,-0.145,1.32,9.511,0.481
1424931106402,37.498994,139.933245,3,-0.143,1.336,9.519,0.514
1424931106503,37.498993,139.933244,3,-0.16,1.344,9.537,0.551
1424931106604,37.498992,139.933244,3,-0.156,1.372,9.509,0.591
1424931106704,37.498991,139.933244,3,-0.162,1.409,9.494,0.634
1424931106800,37.49899,139.933243,3,-0.174,1.428,9.529,0.679
1424931106901,37.498989,139.933243,3,-0.141,1.422,9.534,0.729
1424931107001,37.498988,139.933242,3,-0.106,1.399,9.47,0.782
1424931107102,37.498987,139.933242,3,-0.089,1.345,9.442,0.839
1424931107203,37.498985,139.933241,3,-0.104,1.325,9.522,0.899
1424931107304,37.498984,139.93324,3,-0.207,1.287,9.567,0.963
1424931107404,37.498982,139.93324,4,-0.25,1.265,9.514,1.049
1424931107500,37.49898,139.933239,4,-0.233,1.319,9.509,1.172
1424931107601,37.498978,139.933238,4,-0.156,1.335,9.559,1.324
1424931107701,37.498976,139.933237,4,-0.169,1.34,9.575,1.5
1424931107802,37.498973,139.933236,4,-0.083,1.334,9.547,1.701
1424931107903,37.498969,139.933234,4,-0.086,1.367,9.48,1.926
1424931108004,37.498966,139.933233,4,-0.169,1.401,9.474,2.176
1424931108104,37.498962,139.933231,4,-0.21,1.416,9.478,2.447
1424931108200,37.498958,139.933229,4,-0.183,1.423,9.465,2.73
1424931108301,37.498953,139.933227,4,-0.128,1.464,9.48,3.051
1424931108401,37.498948,139.933225,4,-0.092,1.462,9.512,3.3
1424931108502,37.498945,139.933224,4,-0.051,1.423,9.524,3.429
1424931108603,37.498941,139.933222,4,-0.026,1.467,9.509,3.563
1424931108703,37.498936,139.93322,4,-0.039,1.482,9.592,3.701
1424931108804,37.498932,139.933218,4,-0.054,1.438,9.541,3.847
1424931108900,37.498928,139.933217,4,-0.056,1.381,9.514,3.99
1424931109000,37.498923,139.933215,4,-0.061,1.449,9.499,4.145
1424931109101,37.498918,139.933213,4,-0.088,1.461,9.498,4.308
1424931109202,37.498913,139.93321,4,-0.063,1.496,9.502,4.476
1424931109303,37.498908,139.933208,4,-0.063,1.521,9.42,4.649
1424931109403,37.498903,139.933206,4,-0.033,1.495,9.5,4.789
1424931109504,37.498898,139.933204,4,-0.1,1.458,9.442,4.882
1424931109605,37.498894,139.933202,4,-0.108,1.295,9.395,4.977
1424931109700,37.498889,139.9332,4,-0.107,0.832,9.459,5.069
1424931109800,37.498884,139.933198,4,-0.119,0.351,9.57,5.167
1424931109902,37.498879,139.933196,4,-0.1,0.057,9.642,5.268
1424931110001,37.498874,139.933193,4,-0.081,0.014,9.521,5.369
1424931110103,37.498869,139.933191,4,-0.037,-0.017,9.479,5.475
1424931110202,37.498864,139.933189,4,-0.044,-0.073,9.494,5.579
1424931110300,37.498858,139.933186,4,-0.085,-0.028,9.352,5.685
1424931110400,37.498853,139.933184,5,-0.06,-0.111,9.621,5.75
1424931110501,37.498847,139.933181,5,-0.103,-0.148,9.699,5.75
1424931110602,37.498841,139.933179,5,-0.217,-0.058,9.423,5.75
1424931110702,37.498836,139.933176,5,-0.239,-0.152,9.722,5.75
1424931110803,37.49883,139.933174,5,-0.249,-0.102,9.675,5.75
1424931110904,37.498825,139.933171,5,-0.16,-0.072,9.396,5.75
1424931111000,37.498819,139.933169,5,-0.133,-0.061,9.528,5.75
1424931111100,37.498814,139.933166,5,-0.085,-0.043,9.684,5.75
1424931111201,37.498808,139.933164,5,-0.099,-0.059,9.522,5.75
1424931111302,37.498802,139.933161,5,-0.087,-0.045,9.47,5.75
1424931111402,37.498797,139.933159,5,-0.175,-0.08,9.724,5.739
1424931111503,37.498792,139.933156,5,-0.213,-0.104,9.58,5.714
1424931111604,37.498787,139.933154,5,-0.161,-0.093,9.511,5.688
1424931111700,37.498782,139.933152,5,-0.143,-0.076,9.585,5.664
1424931111800,37.498778,139.933149,5,-0.188,-0.036,9.538,5.639
1424931111901,37.498773,139.933147,5,-0.231,-0.073,9.514,5.613
1424931112002,37.498768,139.933144,5,-0.23,-0.019,9.4,5.588
1424931112102,37.498763,139.933142,5,-0.267,0.008,9.389,5.563
1424931112203,37.498758,139.93314,5,-0.254,-0.098,9.646,5.539
1424931112304,37.498754,139.933137,5,-0.187,-0.114,9.663,5.514
1424931112405,37.498749,139.933135,4,-0.285,-0.114,9.606,5.489
1424931112500,37.498745,139.933133,4,-0.329,-0.078,9.464,5.464
1424931112601,37.49874,139.93313,4,-0.317,0.042,9.21,5.439
1424931112702,37.498736,139.933128,4,-0.332,-0.045,9.364,5.413
1424931112802,37.498732,139.933125,4,-0.244,-0.133,9.7,5.388
1424931112903,37.498727,139.933123,4,-0.109,-0.053,9.979,5.363
1424931113004,37.498723,139.93312,4,-0.116,0.237,9.622,5.338
1424931113104,37.498719,139.933118,4,-0.058,0.443,9.307,5.313
1424931113200,37.498715,139.933116,4,-0.155,0.432,9.52,5.289
1424931113301,37.49871,139.933113,4,-0.309,0.396,9.623,5.264
1424931113401,37.498706,139.933111,3,-0.398,0.551,9.602,5.26
1424931113502,37.498701,139.933109,3,-0.27,0.758,9.587,5.285
1424931113603,37.498697,139.933107,3,-0.103,0.794,9.586,5.31
1424931113704,37.498692,139.933104,3,-0.23,0.723,9.595,5.335
1424931113804,37.498687,139.933102,3,-0.255,0.807,9.343,5.36
1424931113900,37.498682,139.9331,3,-0.073,0.774,9.494,5.384
1424931114001,37.498677,139.933097,3,-0.035,0.675,9.518,5.409
1424931114101,37.498673,139.933095,3,-0.124,0.68,9.458,5.434
1424931114202,37.498668,139.933093,3,-0.182,0.627,9.476,5.46
1424931114303,37.498663,139.93309,3,-0.193,0.686,9.49,5.485
1424931114404,37.498658,139.933088,4,-0.25,0.715,9.49,5.521
1424931114504,37.498653,139.933085,4,-0.262,0.647,9.389,5.569
1424931114600,37.498647,139.933082,4,-0.212,0.607,9.452,5.616
1424931114701,37.498642,139.933079,4,-0.145,0.543,9.467,5.666
1424931114801,37.498637,139.933076,4,-0.078,0.501,9.501,5.715
1424931114902,37.498631,139.933073,4,-0.096,0.416,9.528,5.766
1424931115003,37.498626,139.93307,4,-0.182,0.324,9.552,5.817
1424931115103,37.49862,139.933067,4,-0.193,0.316,9.469,5.867
1424931115204,37.498615,139.933064,4,-0.154,0.293,9.511,5.919
1424931115300,37.498609,139.933061,4,-0.204,0.263,9.542,5.969
1424931115401,37.498604,139.933058,4,-0.211,0.268,9.547,6.0
1424931115501,37.498598,139.933055,4,-0.161,0.202,9.596,6.0
1424931115602,37.498593,139.933052,4,-0.156,0.099,9.613,6.0
1424931115703,37.498587,139.933048,4,-0.192,0.002,9.608,6.0
1424931115803,37.498582,139.933045,4,-0.172,0.017,9.516,6.0
1424931115904,37.498577,139.933042,4,-0.157,0.011,9.458,6.0
1424931116000,37.498571,139.933039,4,-0.162,-0.016,9.433,6.0
1424931116100,37.498566,139.933036,4,-0.176,-0.07,9.584,6.0
1424931116201,37.498561,139.933033,4,-0.143,-0.119,9.64,6.0
1424931116302,37.498555,139.93303,4,-0.096,-0.078,9.507,6.0
1424931116402,37.49855,139.933027,4,-0.109,-0.065,9.397,6.0
1424931116503,37.498544,139.933025,4,-0.108,-0.149,9.512,6.0
1424931116604,37.498539,139.933022,4,-0.107,-0.185,9.542,6.0
1424931116700,37.498534,139.93302,4,-0.093,-0.155,9.607,6.0
1424931116800,37.498529,139.933017,4,-0.098,-0.13,9.612,6.0
1424931116901,37.498523,139.933015,4,-0.103,-0.155,9.582,6.0
1424931117002,37.498518,139.933013,4,-0.09,-0.122,9.459,6.0
1424931117102,37.498513,139.93301,4,-0.094,-0.115,9.552,6.0
1424931117203,37.498507,139.933008,4,-0.116,-0.079,9.548,6.0
1424931117304,37.498502,139.933005,4,-0.086,-0.092,9.513,6.0
1424931117400,37.498497,139.933003,4,-0.062,-0.083,9.516,5.99
1424931117500,37.498492,139.933001,4,-0.039,-0.11,9.614,5.964
1424931117601,37.498487,139.932999,4,-0.074,-0.124,9.544,5.939
1424931117702,37.498483,139.932996,4,-0.105,-0.122,9.482,5.913
1424931117802,37.498478,139.932994,4,-0.098,-0.109,9.559,5.888
1424931117903,37.498473,139.932992,4,-0.097,-0.107,9.581,5.863
1424931118004,37.498469,139.93299,4,-0.069,-0.109,9.44,5.838
1424931118105,37.498464,139.932988,4,-0.084,-0.101,9.409,5.813
1424931118200,37.498459,139.932985,4,-0.09,-0.119,9.525,5.789
1424931118301,37.498455,139.932983,4,-0.084,-0.123,9.548,5.764
1424931118402,37.49845,139.932981,4,-0.023,-0.143,9.488,5.739
1424931118502,37.498445,139.932978,4,-0.028,-0.168,9.597,5.714
1424931118603,37.498441,139.932975,4,0.015,-0.173,9.645,5.688
1424931118704,37.498436,139.932972,4,0.066,-0.134,9.528,5.663
1424931118804,37.498431,139.932969,4,0.068,-0.128,9.552,5.638
1424931118900,37.498427,139.932966,4,0.099,-0.116,9.546,5.614
1424931119001,37.498422,139.932963,4,0.127,-0.073,9.458,5.588
1424931119102,37.498418,139.93296,4,0.078,-0.132,9.652,5.563
1424931119202,37.498413,139.932957,4,0.088,-0.115,9.644,5.539
1424931119303,37.498409,139.932954,4,0.218,0.062,9.139,5.514
1424931119404,37.498404,139.932951,4,0.285,0.022,9.256,5.489
1424931119504,37.498399,139.932949,4,0.216,-0.186,9.878,5.463
1424931119600,37.498395,139.932946,4,0.169,-0.247,9.783,5.439
1424931119701,37.49839,139.932944,4,0.158,-0.19,9.376,5.413
1424931119801,37.498386,139.932942,4,0.169,-0.225,9.475,5.388
1424931119902,37.498381,139.932939,4,0.057,-0.325,9.646,5.363
1424931120003,37.498377,139.932937,4,0.047,-0.45,9.508,5.338
1424931120104,37.498372,139.932935,4,0.191,-0.457,9.41,5.313
1424931120205,37.498368,139.932932,4,0.217,-0.372,9.511,5.288
1424931120300,37.498364,139.93293,4,0.082,-0.383,9.583,5.265
1424931120401,37.498359,139.932928,4,-0.005,-0.471,9.555,5.229
1424931120501,37.498355,139.932927,4,-0.043,-0.543,9.518,5.176
1424931120602,37.498351,139.932925,4,-0.088,-0.475,9.486,5.124
1424931120703,37.498348,139.932923,4,-0.094,-0.495,9.474,5.073
1424931120804,37.498344,139.932922,4,-0.11,-0.566,9.503,5.022
1424931120904,37.49834,139.93292,4,-0.089,-0.664,9.639,4.972
1424931121000,37.498336,139.932919,4,-0.037,-0.706,9.629,4.924
1424931121101,37.498332,139.932917,4,-0.007,-0.712,9.548,4.875
1424931121201,37.498329,139.932915,4,-0.003,-0.77,9.537,4.826
1424931121302,37.498325,139.932914,4,0.004,-0.828,9.589,4.778
1424931121403,37.498322,139.932912,4,-0.076,-0.895,9.548,4.702
1424931121503,37.498318,139.932911,4,-0.12,-0.936,9.514,4.593
1424931121604,37.498315,139.932909,4,-0.107,-1.016,9.582,4.484
1424931121700,37.498312,139.932908,4,-0.079,-1.023,9.549,4.384
1424931121800,37.498308,139.932906,4,-0.067,-1.026,9.515,4.281
1424931121901,37.498305,139.932905,4,-0.055,-1.051,9.567,4.18
1424931122002,37.498302,139.932904,4,-0.066,-1.087,9.564,4.081
1424931122103,37.498299,139.932902,4,-0.08,-1.066,9.51,3.985
1424931122203,37.498296,139.932901,4,-0.076,-1.066,9.529,3.891
1424931122304,37.498294,139.9329,4,-0.057,-1.094,9.554,3.8
1424931122400,37.498291,139.932899,4,-0.042,-1.109,9.502,3.704
1424931122500,37.498289,139.932897,4,-0.058,-1.102,9.515,3.591
1424931122601,37.498286,139.932896,4,-0.07,-1.13,9.581,3.481
1424931122702,37.498284,139.932895,4,-0.059,-1.144,9.586,3.373
1424931122803,37.498281,139.932894,4,-0.065,-1.122,9.5,3.269
1424931122903,37.498279,139.932893,4,-0.066,-1.147,9.497,3.169
1424931123004,37.498277,139.932892,4,-0.072,-1.163,9.577,3.071
1424931123100,37.498275,139.932891,4,-0.096,-1.153,9.587,2.98
1424931123200,37.498273,139.93289,4,-0.098,-1.151,9.518,2.889
1424931123301,37.498271,139.932889,4,-0.058,-1.103,9.47,2.8
1424931123402,37.498269,139.932888,4,-0.023,-1.099,9.572,2.727
1424931123502,37.498267,139.932887,4,-0.063,-1.059,9.583,2.673
1424931123603,37.498266,139.932886,4,-0.05,-0.99,9.533,2.619
1424931123704,37.498264,139.932885,4,-0.045,-0.916,9.524,2.567
1424931123800,37.498262,139.932884,4,-0.05,-0.887,9.539,2.518
1424931123905,37.49826,139.932883,4,-0.075,-0.847,9.552,2.465
1424931124001,37.498259,139.932882,4,-0.063,-0.81,9.559,2.418
1424931124100,37.498257,139.932881,4,-0.054,-0.768,9.544,2.37
1424931124202,37.498255,139.93288,4,-0.06,-0.726,9.516,2.322
1424931124302,37.498254,139.932879,4,-0.061,-0.654,9.539,2.276
1424931124404,37.498253,139.932878,5,-0.033,-0.562,9.525,2.194
1424931124500,37.498252,139.932877,5,-0.02,-0.471,9.541,2.076
1424931124600,37.498252,139.932877,5,-0.036,-0.435,9.552,1.958
1424931124701,37.498251,139.932877,5,-0.054,-0.439,9.562,1.845
1424931124802,37.49825,139.932876,5,-0.058,-0.418,9.554,1.738
1424931124902,37.49825,139.932876,5,-0.068,-0.391,9.547,1.637
1424931125003,37.498249,139.932876,5,-0.066,-0.345,9.551,1.541
1424931125104,37.498249,139.932876,5,-0.065,-0.287,9.556,1.452
1424931125204,37.498249,139.932875,5,-0.056,-0.261,9.513,1.368
1424931125300,37.498248,139.932875,5,-0.024,-0.283,9.544,1.294
1424931125401,37.498248,139.932875,5,-0.018,-0.289,9.545,1.225
1424931125502,37.498248,139.932876,5,-0.038,-0.256,9.537,1.164
1424931125602,37.498247,139.932876,5,-0.05,-0.223,9.556,1.106
1424931125703,37.498247,139.932877,5,-0.068,-0.18,9.538,1.05
1424931125804,37.498247,139.932878,5,-0.065,-0.13,9.539,0.997
1424931125904,37.498247,139.932878,5,-0.054,-0.128,9.571,0.947
1424931126000,37.498247,139.932878,5,-0.057,-0.131,9.555,0.901
1424931126101,37.498246,139.932879,5,-0.045,-0.123,9.542,0.856
1424931126201,37.498246,139.932879,5,-0.04,-0.122,9.557,0.813
1424931126302,37.498246,139.93288,5,-0.057,-0.1,9.539,0.772
1424931126403,37.498246,139.93288,5,-0.077,-0.086,9.523,0.737
1424931126504,37.498245,139.932881,5,-0.077,-0.088,9.556,0.708
1424931126604,37.498245,139.932882,5,-0.061,-0.099,9.535,0.68
1424931126700,37.498245,139.932882,5,-0.055,-0.099,9.514,0.654
1424931126801,37.498245,139.932883,5,-0.049,-0.093,9.548,0.627
1424931126901,37.498244,139.932884,5,-0.043,-0.089,9.533,0.602
1424931127002,37.498244,139.932884,5,-0.054,-0.074,9.523,0.578
1424931127103,37.498244,139.932885,5,-0.068,-0.057,9.526,0.555
1424931127204,37.498243,139.932885,5,-0.078,-0.047,9.52,0.532
1424931127304,37.498243,139.932886,5,-0.067,-0.041,9.537,0.511
1424931127400,37.498243,139.932886,5,-0.05,-0.048,9.542,0.487
1424931127501,37.498242,139.932885,5,-0.042,-0.035,9.532,0.455
1424931127601,37.498242,139.932885,5,-0.047,-0.024,9.523,0.425
1424931127702,37.498241,139.932885,5,-0.057,-0.033,9.524,0.396
1424931127803,37.498241,139.932884,5,-0.069,-0.032,9.554,0.369
1424931127903,37.498241,139.932884,5,-0.068,-0.041,9.539,0.344
1424931128004,37.49824,139.932884,5,-0.058,-0.05,9.525,0.32
1424931128100,37.49824,139.932884,5,-0.056,-0.064,9.541,0.299
1424931128201,37.498239,139.932883,5,-0.062,-0.068,9.529,0.279
1424931128301,37.498239,139.932883,5,-0.064,-0.045,9.538,0.26
1424931128402,37.49824,139.932883,4,-0.061,-0.047,9.545,0.229
1424931128503,37.498241,139.932884,4,-0.057,-0.044,9.538,0.184
1424931128603,37.498242,139.932885,4,-0.059,-0.038,9.538,0.143
1424931128704,37.498243,139.932885,4,-0.069,-0.037,9.541,0.108
1424931128800,37.498244,139.932886,4,-0.064,-0.031,9.534,0.078
1424931128900,37.498245,139.932886,4,-0.062,-0.042,9.529,0.053
1424931129001,37.498245,139.932886,4,-0.058,-0.023,9.575,0.032
1424931129102,37.498246,139.932887,4,-0.058,-0.015,9.566,0.017
1424931129203,37.498246,139.932887,4,-0.059,-0.017,9.529,0.006
1424931129303,37.498246,139.932887,4,-0.058,-0.011,9.532,0.001
1424931167502,37.498249,139.932909,4,0.009,0.72,9.506,0.005
1424931167603,37.498249,139.932909,4,-0.012,0.819,9.512,0.015
1424931167703,37.498249,139.932909,4,-0.006,0.885,9.525,0.029
1424931167804,37.498249,139.932909,4,0.002,0.915,9.497,0.049
1424931167900,37.498248,139.932909,4,-0.014,0.921,9.503,0.073
1424931168000,37.498248,139.932909,4,-0.014,0.962,9.53,0.102
1424931168101,37.498248,139.932909,4,-0.014,0.994,9.522,0.137
1424931168202,37.498248,139.932909,4,-0.031,1.002,9.508,0.177
1424931168302,37.498247,139.932909,4,-0.04,1.015,9.53,0.222
1424931168403,37.498247,139.932909,4,-0.059,1.058,9.509,0.264
1424931168504,37.498246,139.932909,4,-0.088,1.145,9.495,0.303
1424931168600,37.498246,139.932909,4,-0.023,1.171,9.528,0.348
1424931168700,37.498245,139.932909,4,0.018,1.182,9.533,0.404
1424931168801,37.498244,139.93291,4,-0.022,1.215,9.478,0.47
1424931168902,37.498243,139.93291,4,-0.048,1.23,9.493,0.545
1424931169002,37.498242,139.93291,4,-0.053,1.216,9.543,0.628
1424931169103,37.498241,139.93291,4,-0.021,1.234,9.524,0.721
1424931169204,37.49824,139.932911,4,0.011,1.242,9.501,0.824
1424931169305,37.498239,139.932911,4,-0.031,1.276,9.528,0.935
1424931169400,37.498238,139.932911,4,-0.044,1.282,9.512,0.989
1424931169501,37.498236,139.932911,4,-0.029,1.251,9.532,0.96
1424931169602,37.498235,139.932911,4,-0.06,1.145,9.518,0.933
1424931169702,37.498234,139.932911,4,-0.077,1.089,9.537,0.906
1424931169803,37.498233,139.932911,4,-0.1,1.05,9.493,0.88
1424931169904,37.498232,139.932911,4,-0.057,1.041,9.5,0.855
1424931170004,37.498231,139.932911,4,-0.043,1.024,9.561,0.831
1424931170100,37.49823,139.932911,4,-0.003,1.024,9.533,0.808
1424931170201,37.498229,139.932911,4,0.022,1.01,9.533,0.785
1424931170301,37.498229,139.932911,4,-0.078,1.005,9.568,0.763
1424931170402,37.498227,139.932911,6,-0.174,1.078,9.628,0.776
1424931170503,37.498226,139.93291,6,-0.199,1.153,9.514,0.844
1424931170604,37.498224,139.932909,6,-0.205,1.197,9.556,0.92
1424931170704,37.498222,139.932907,6,-0.047,1.182,9.7,1.004
1424931170800,37.49822,139.932906,6,-0.059,1.237,9.676,1.091
1424931170901,37.498217,139.932905,6,-0.15,1.382,9.434,1.192
1424931171001,37.498215,139.932903,6,-0.196,1.407,9.385,1.299
1424931171102,37.498212,139.932902,6,-0.17,1.297,9.751,1.415
1424931171203,37.498209,139.9329,6,-0.228,1.364,9.642,1.54
1424931171304,37.498206,139.932898,6,-0.222,1.506,9.421,1.673
1424931171404,37.498203,139.932896,6,-0.196,1.527,9.353,1.777
1424931171500,37.4982,139.932895,6,-0.164,1.498,9.34,1.839
1424931171601,37.498198,139.932894,6,-0.058,1.522,9.522,1.907
1424931171701,37.498195,139.932893,6,0.001,1.388,9.803,1.976
1424931171802,37.498192,139.932891,6,-0.058,1.407,9.58,2.049
1424931171903,37.498189,139.93289,6,-0.128,1.461,9.402,2.124
1424931172003,37.498185,139.932889,6,-0.145,1.277,9.447,2.202
1424931172104,37.498182,139.932887,6,-0.207,0.933,9.577,2.283
1424931172200,37.498179,139.932886,6,-0.224,0.495,9.469,2.362
1424931172301,37.498175,139.932884,6,-0.244,0.263,9.37,2.448
1424931172401,37.498172,139.932882,6,-0.15,0.2,9.476,2.519
1424931172502,37.498168,139.932881,6,0.013,0.041,9.617,2.565
1424931172603,37.498164,139.932879,6,0.064,-0.137,9.603,2.613
1424931172703,37.498161,139.932877,6,0.109,-0.132,9.534,2.661
1424931172804,37.498157,139.932875,6,0.104,-0.118,9.552,2.711
1424931172900,37.498153,139.932873,6,-0.005,-0.14,9.664,2.759
1424931173000,37.498149,139.932871,6,-0.143,-0.153,9.541,2.81
1424931173101,37.498145,139.932869,6,-0.273,-0.076,9.368,2.862
1424931173202,37.498141,139.932867,6,-0.25,-0.023,9.468,2.915
1424931173303,37.498137,139.932865,6,-0.203,-0.102,9.803,2.969
1424931173403,37.498132,139.932862,11,-0.101,-0.121,9.635,3.071
1424931173504,37.498124,139.932858,11,-0.008,-0.099,9.493,3.248
1424931173600,37.498117,139.932854,11,-0.018,-0.126,9.577,3.428
1424931173700,37.498108,139.93285,11,-0.035,-0.121,9.666,3.627
1424931173801,37.498099,139.932845,11,-0.051,-0.144,9.51,3.841
1424931173902,37.498089,139.93284,11,-0.09,-0.138,9.442,4.067
1424931174002,37.498079,139.932835,11,-0.156,-0.086,9.54,4.303
1424931174103,37.498069,139.932829,11,-0.17,0.001,9.621,4.555
1424931174204,37.498057,139.932824,11,-0.138,-0.081,9.568,4.818
1424931174300,37.498046,139.932818,11,-0.122,-0.054,9.529,5.08
1424931174400,37.498037,139.932813,11,-0.143,-0.031,9.599,5.24
1424931174501,37.498033,139.93281,11,-0.175,0.054,9.658,5.214
1424931174602,37.498029,139.932807,11,-0.103,0.101,9.562,5.188
1424931174702,37.498025,139.932805,11,-0.065,0.178,9.491,5.163
1424931174803,37.498021,139.932802,11,-0.055,0.218,9.475,5.138
1424931174904,37.498017,139.932799,11,-0.087,0.263,9.499,5.112
1424931175000,37.498013,139.932797,11,-0.055,0.334,9.448,5.089
1424931175100,37.498009,139.932794,11,-0.002,0.445,9.475,5.064
1424931175201,37.498005,139.932791,11,-0.021,0.472,9.464,5.039
1424931175302,37.498001,139.932789,11,-0.081,0.528,9.509,5.014
1424931175402,37.497997,139.932786,4,-0.069,0.554,9.534,5.01
1424931175503,37.497993,139.932785,4,-0.045,0.513,9.627,5.035
1424931175604,37.497988,139.932784,4,-0.037,0.574,9.605,5.06
1424931175705,37.497984,139.932783,4,-0.008,0.602,9.505,5.085
1424931175800,37.49798,139.932781,4,0.028,0.579,9.564,5.108
1424931175901,37.497975,139.93278,4,0.02,0.567,9.461,5.134
1424931176002,37.497971,139.932779,4,0.028,0.657,9.398,5.159
1424931176102,37.497967,139.932777,4,0.004,0.696,9.376,5.184
1424931176203,37.497962,139.932776,4,-0.015,0.649,9.575,5.21
1424931176304,37.497958,139.932775,4,-0.091,0.606,9.602,5.236
1424931176404,37.497953,139.932773,4,-0.088,0.638,9.53,5.271
1424931176500,37.497949,139.932772,4,-0.081,0.642,9.471,5.317
1424931176601,37.497944,139.93277,4,-0.052,0.629,9.5,5.366
1424931176701,37.49794,139.932769,4,-0.044,0.586,9.545,5.415
1424931176802,37.497935,139.932767,4,-0.008,0.553,9.621,5.465
1424931176903,37.497931,139.932765,4,0.036,0.646,9.609,5.516
1424931177004,37.497926,139.932764,4,0.021,0.693,9.455,5.567
1424931177104,37.497921,139.932762,4,0.0,0.717,9.408,5.618
1424931177200,37.497917,139.932761,4,-0.002,0.673,9.5,5.667
1424931177301,37.497912,139.932759,4,0.025,0.652,9.604,5.719
1424931177401,37.497907,139.932757,4,0.031,0.692,9.609,5.77
1424931177502,37.497902,139.932755,4,0.025,0.726,9.461,5.818
1424931177603,37.497897,139.932753,4,0.045,0.63,9.527,5.868
1424931177703,37.497892,139.932751,4,0.1,0.554,9.616,5.917
1424931177804,37.497887,139.932748,4,0.081,0.625,9.569,5.967
1424931177900,37.497882,139.932746,4,0.04,0.686,9.502,6.015
1424931178001,37.497877,139.932744,4,0.078,0.636,9.628,6.066
1424931178101,37.497872,139.932742,4,0.052,0.6,9.547,6.117
1424931178202,37.497866,139.93274,4,0.021,0.665,9.505,6.168
1424931178303,37.497861,139.932737,4,0.058,0.661,9.537,6.22
1424931178403,37.497856,139.932735,4,0.101,0.597,9.536,6.261
1424931178504,37.49785,139.932732,4,0.094,0.581,9.542,6.285
1424931178600,37.497844,139.93273,4,0.065,0.564,9.568,6.309
1424931178701,37.497838,139.932727,4,0.065,0.573,9.524,6.334
1424931178801,37.497832,139.932724,4,0.078,0.556,9.509,6.359
1424931178902,37.497826,139.932722,4,0.107,0.553,9.468,6.384
1424931179003,37.49782,139.932719,4,0.103,0.558,9.393,6.41
1424931179103,37.497814,139.932716,4,0.144,0.547,9.463,6.435
1424931179204,37.497808,139.932713,4,0.123,0.483,9.633,6.46
1424931179300,37.497803,139.932711,4,0.061,0.476,9.54,6.485
1424931179400,37.497797,139.932708,4,0.072,0.525,9.442,6.519
1424931179501,37.497791,139.932706,4,0.093,0.485,9.532,6.568
1424931179602,37.497785,139.932704,4,0.035,0.48,9.558,6.618
1424931179703,37.497779,139.932702,4,0.061,0.531,9.552,6.667
1424931179803,37.497773,139.932699,4,0.113,0.51,9.582,6.717
1424931179904,37.497767,139.932697,4,0.098,0.486,9.541,6.767
1424931180000,37.497761,139.932695,4,0.124,0.458,9.538,6.816
1424931180100,37.497755,139.932693,4,0.151,0.47,9.528,6.866
1424931180201,37.497749,139.932691,4,0.151,0.472,9.526,6.918
1424931180302,37.497743,139.932688,4,0.147,0.48,9.52,6.97
1424931180402,37.497736,139.932686,5,0.116,0.477,9.489,7.0
1424931180503,37.49773,139.932684,5,0.13,0.395,9.616,7.0
1424931180604,37.497724,139.932682,5,0.085,0.391,9.602,7.0
1424931180705,37.497717,139.932679,5,0.041,0.466,9.37,7.0
1424931180800,37.497711,139.932677,5,0.105,0.415,9.427,7.0
1424931180906,37.497705,139.932675,5,0.113,0.327,9.653,7.0
1424931181002,37.497699,139.932673,5,0.039,0.311,9.723,7.0
1424931181101,37.497692,139.932671,5,0.041,0.348,9.56,7.0
1424931181203,37.497686,139.932668,5,0.065,0.337,9.425,7.0
1424931181302,37.49768,139.932666,5,0.019,0.317,9.527,7.0
1424931181400,37.497674,139.932664,5,0.045,0.317,9.68,7.01
1424931181500,37.497668,139.93266,5,0.068,0.383,9.579,7.034
1424931181601,37.497662,139.932657,5,0.066,0.36,9.46,7.059
1424931181702,37.497656,139.932654,5,0.079,0.324,9.355,7.085
1424931181802,37.49765,139.93265,5,0.07,0.272,9.556,7.109
1424931181903,37.497644,139.932647,5,0.104,0.203,9.7,7.135
1424931182004,37.497638,139.932643,5,0.053,0.21,9.515,7.16
1424931182104,37.497632,139.93264,5,-0.023,0.207,9.414,7.185
1424931182200,37.497626,139.932637,5,-0.043,0.123,9.588,7.209
1424931182301,37.49762,139.932633,5,-0.071,0.16,9.602,7.235
1424931182402,37.497613,139.93263,4,0.004,0.133,9.574,7.25
1424931182502,37.497607,139.932628,4,0.033,0.111,9.453,7.25
1424931182603,37.4976,139.932625,4,-0.024,0.045,9.438,7.25
1424931182704,37.497594,139.932623,4,-0.05,-0.006,9.566,7.25
1424931182804,37.497588,139.932621,4,-0.048,-0.047,9.62,7.25
1424931182900,37.497581,139.932619,4,-0.071,-0.011,9.464,7.25
1424931183001,37.497575,139.932616,4,-0.043,-0.07,9.461,7.25
1424931183101,37.497569,139.932614,4,0.012,-0.146,9.673,7.25
1424931183202,37.497562,139.932612,4,-0.042,-0.17,9.647,7.25
1424931183303,37.497556,139.932609,4,-0.079,-0.09,9.488,7.25
1424931183404,37.497549,139.932607,4,-0.065,-0.157,9.611,7.239
1424931183504,37.497544,139.932603,4,-0.106,-0.128,9.59,7.213
1424931183600,37.497538,139.9326,4,-0.107,-0.126,9.52,7.189
1424931183701,37.497532,139.932597,4,-0.102,-0.11,9.587,7.164
1424931183801,37.497526,139.932594,4,-0.129,-0.129,9.511,7.139
1424931183902,37.49752,139.932591,4,-0.19,-0.111,9.465,7.113
1424931184003,37.497514,139.932588,4,-0.172,-0.034,9.361,7.088
1424931184104,37.497509,139.932585,4,-0.208,-0.072,9.491,7.063
1424931184204,37.497503,139.932582,4,-0.252,-0.155,9.584,7.038
1424931184300,37.497497,139.932579,4,-0.232,-0.057,9.407,7.015
1424931184401,37.497492,139.932576,4,-0.203,-0.122,9.591,6.99
1424931184501,37.497486,139.932573,4,-0.224,-0.27,9.751,6.964
1424931184602,37.49748,139.932571,4,-0.308,-0.209,9.587,6.939
1424931184703,37.497474,139.932568,4,-0.293,-0.152,9.621,6.913
1424931184803,37.497468,139.932566,4,-0.209,-0.147,9.608,6.888
1424931184904,37.497462,139.932563,4,-0.238,-0.128,9.842,6.863
1424931185000,37.497457,139.932561,4,-0.21,0.031,9.705,6.839
1424931185101,37.497451,139.932558,4,-0.045,0.126,9.546,6.814
1424931185201,37.497445,139.932556,4,-0.152,0.079,9.836,6.789
1424931185302,37.497439,139.932553,4,-0.382,-0.121,10.201,6.764
1424931185403,37.497433,139.932551,5,-0.377,-0.177,10.378,6.75
1424931185503,37.497427,139.932549,5,-0.295,0.369,8.876,6.75
1424931185604,37.497421,139.932546,5,-0.251,0.638,7.996,6.75
1424931185700,37.497415,139.932544,5,-0.143,0.536,8.722,6.75
1424931185800,37.497409,139.932542,5,-0.053,0.447,9.55,6.75
1424931185901,37.497403,139.93254,5,-0.286,0.392,9.843,6.75
1424931186002,37.497397,139.932537,5,-0.569,0.488,9.595,6.75
1424931186103,37.497391,139.932535,5,-0.717,-0.016,9.49,6.75
1424931186203,37.497385,139.932533,5,-0.354,-0.072,9.154,6.75
1424931186304,37.497378,139.93253,5,-0.206,0.2,9.037,6.75
1424931186400,37.497373,139.932528,5,0.061,0.075,10.121,6.76
1424931186500,37.497367,139.932525,5,0.172,0.46,10.607,6.784
1424931186601,37.497361,139.932522,5,0.07,0.629,10.011,6.809
1424931186702,37.497355,139.932519,5,-0.21,0.742,9.294,6.834
1424931186802,37.49735,139.932516,5,-0.211,0.699,9.061,6.859
1424931186903,37.497344,139.932513,5,-0.253,0.489,9.77,6.885
1424931187004,37.497338,139.93251,5,-0.268,0.428,10.096,6.91
1424931187100,37.497332,139.932508,5,-0.215,0.685,9.568,6.934
1424931187200,37.497326,139.932505,5,-0.348,0.562,9.308,6.959
1424931187301,37.49732,139.932502,5,-0.515,0.464,9.359,6.985
1424931187402,37.497314,139.932499,6,-0.581,0.464,9.491,7.01
1424931187502,37.497307,139.932497,6,-0.448,0.701,9.487,7.035
1424931187603,37.4973,139.932495,6,-0.397,0.724,9.575,7.06
1424931187704,37.497294,139.932493,6,-0.377,0.636,9.628,7.085
1424931187804,37.497287,139.93249,6,-0.33,0.613,9.493,7.11
1424931187900,37.49728,139.932488,6,-0.251,0.596,9.479,7.134
1424931188001,37.497273,139.932486,6,-0.304,0.644,9.41,7.159
1424931188102,37.497266,139.932484,6,-0.262,0.638,9.451,7.185
1424931188202,37.497259,139.932482,6,-0.275,0.59,9.47,7.21
1424931188303,37.497252,139.932479,6,-0.366,0.558,9.5,7.236
1424931188404,37.497245,139.932477,6,-0.378,0.632,9.468,7.271
1424931188505,37.497238,139.932475,6,-0.388,0.651,9.466,7.32
1424931188600,37.497231,139.932473,6,-0.372,0.613,9.601,7.367
1424931188701,37.497224,139.932471,6,-0.384,0.676,9.529,7.417
1424931188802,37.497216,139.932468,6,-0.306,0.643,9.466,7.467
1424931188902,37.497209,139.932466,6,-0.279,0.587,9.569,7.517
1424931189003,37.497202,139.932464,6,-0.224,0.606,9.586,7.568
1424931189104,37.497194,139.932462,6,-0.247,0.659,9.463,7.619
1424931189204,37.497187,139.93246,6,-0.229,0.672,9.455,7.67
1424931189300,37.49718,139.932457,6,-0.252,0.668,9.475,7.719
1424931189401,37.497172,139.932455,5,-0.241,0.607,9.54,7.77
1424931189502,37.497165,139.932453,5,-0.24,0.623,9.492,7.819
1424931189602,37.497158,139.932451,5,-0.29,0.608,9.452,7.868
1424931189703,37.497151,139.932448,5,-0.298,0.542,9.589,7.918
1424931189804,37.497144,139.932446,5,-0.288,0.52,9.573,7.968
1424931189900,37.497137,139.932444,5,-0.232,0.533,9.518,8.016
1424931190001,37.49713,139.932441,5,-0.239,0.449,9.596,8.067
1424931190101,37.497123,139.932439,5,-0.261,0.455,9.67,8.118
1424931190201,37.497116,139.932437,5,-0.284,0.501,9.414,8.168
1424931190302,37.497108,139.932434,5,-0.251,0.419,9.483,8.22
1424931190403,37.497101,139.932431,5,-0.234,0.325,9.674,8.261
1424931190503,37.497094,139.932428,5,-0.138,0.301,9.674,8.285
1424931190604,37.497086,139.932424,5,-0.122,0.286,9.552,8.31
1424931190700,37.497079,139.932421,5,-0.209,0.296,9.617,8.334
1424931190801,37.497072,139.932417,5,-0.161,0.253,9.838,8.359
1424931190901,37.497065,139.932414,5,-0.23,0.298,9.617,8.384
1424931191002,37.497057,139.93241,5,-0.273,0.291,9.386,8.41
1424931191103,37.49705,139.932406,5,-0.322,0.396,9.227,8.435
1424931191203,37.497043,139.932403,5,-0.278,0.202,9.673,8.46
1424931191304,37.497035,139.932399,5,-0.309,0.159,9.729,8.486
1424931191400,37.497028,139.932395,4,-0.259,0.096,9.654,8.5
1424931191501,37.497021,139.932391,4,-0.357,0.078,9.242,8.5
1424931191601,37.497013,139.932387,4,-0.271,0.154,9.399,8.5
1424931191702,37.497006,139.932383,4,-0.209,0.117,9.704,8.5
1424931191803,37.496999,139.932379,4,-0.144,0.059,9.688,8.5
1424931191903,37.496991,139.932375,4,-0.194,0.054,9.477,8.5
1424931192004,37.496984,139.932371,4,-0.151,0.002,9.47,8.5
1424931192100,37.496977,139.932367,4,-0.179,0.086,9.418,8.5
1424931192200,37.49697,139.932363,4,-0.185,0.135,9.45,8.5
1424931192301,37.496962,139.932358,4,-0.233,0.153,9.418,8.5
1424931192402,37.496955,139.932355,4,-0.213,0.077,9.614,8.5
1424931192503,37.496948,139.932352,4,-0.24,0.015,9.723,8.5
1424931192603,37.496941,139.932348,4,-0.246,0.08,9.584,8.5
1424931192704,37.496934,139.932345,4,-0.248,0.055,9.493,8.5
1424931192800,37.496928,139.932342,4,-0.276,0.038,9.693,8.5
1424931192901,37.496921,139.932339,4,-0.264,0.097,9.651,8.5
1424931193002,37.496914,139.932336,4,-0.214,0.151,9.457,8.5
1424931193102,37.496907,139.932333,4,-0.223,0.153,9.516,8.5
1424931193203,37.4969,139.93233,4,-0.238,0.18,9.569,8.5
1424931193303,37.496893,139.932327,4,-0.218,0.243,9.528,8.5
1424931193404,37.496886,139.932323,4,-0.237,0.232,9.43,8.532
1424931193500,37.496879,139.932319,4,-0.236,0.213,9.471,8.601
1424931193600,37.496872,139.932315,4,-0.233,0.176,9.576,8.674
1424931193701,37.496865,139.932311,4,-0.281,0.181,9.536,8.749
1424931193802,37.496857,139.932306,4,-0.211,0.176,9.487,8.824
1424931193902,37.49685,139.932302,4,-0.206,0.179,9.496,8.899
1424931194003,37.496843,139.932298,4,-0.215,0.222,9.619,8.975
1424931194104,37.496835,139.932293,4,-0.235,0.246,9.621,9.052
1424931194205,37.496828,139.932289,4,-0.265,0.255,9.581,9.13
1424931194300,37.496821,139.932285,4,-0.262,0.266,9.531,9.203
1424931194401,37.496813,139.932281,5,-0.196,0.227,9.592,9.25
1424931194502,37.496804,139.932278,5,-0.209,0.253,9.619,9.25
1424931194602,37.496795,139.932275,5,-0.254,0.315,9.465,9.25
1424931194703,37.496787,139.932271,5,-0.242,0.221,9.516,9.25
1424931194804,37.496778,139.932268,5,-0.238,0.306,9.39,9.25
1424931194904,37.49677,139.932265,5,-0.09,0.221,9.414,9.25
1424931195005,37.496761,139.932262,5,-0.15,0.114,9.693,9.25
1424931195101,37.496753,139.932259,5,-0.185,0.226,9.707,9.25
1424931195200,37.496745,139.932256,5,-0.246,0.244,9.358,9.25
1424931195302,37.496736,139.932253,5,-0.297,0.173,9.245,9.25
1424931195401,37.496728,139.93225,6,-0.209,0.227,9.72,9.25
1424931195504,37.49672,139.932248,6,-0.316,0.168,9.671,9.25
1424931195603,37.496713,139.932245,6,-0.391,0.131,9.56,9.25
1424931195700,37.496706,139.932243,6,-0.416,0.045,9.461,9.25
1424931195801,37.496698,139.93224,6,-0.387,0.015,9.498,9.25
1424931195901,37.496691,139.932238,6,-0.453,0.096,9.311,9.25
1424931196002,37.496683,139.932236,6,-0.472,0.065,9.456,9.25
1424931196103,37.496676,139.932233,6,-0.408,-0.031,9.662,9.25
1424931196204,37.496669,139.932231,6,-0.459,0.023,9.33,9.25
1424931196304,37.496661,139.932228,6,-0.351,-0.03,9.272,9.25
1424931196400,37.496654,139.932225,6,-0.378,-0.078,9.565,9.25
1424931196501,37.496647,139.932221,6,-0.341,-0.122,9.756,9.25
1424931196601,37.496639,139.932216,6,-0.357,-0.165,9.793,9.25
1424931196702,37.496632,139.932212,6,-0.32,-0.055,9.383,9.25
1424931196803,37.496625,139.932207,6,-0.205,0.017,9.204,9.25
1424931196903,37.496617,139.932203,6,-0.09,-0.045,9.444,9.25
1424931197004,37.49661,139.932198,6,-0.129,-0.159,9.625,9.25
1424931197100,37.496603,139.932194,6,-0.186,-0.249,9.542,9.25
1424931197201,37.496596,139.932189,6,-0.169,-0.262,9.322,9.25
1424931197301,37.496588,139.932185,6,-0.158,-0.338,9.58,9.25
1424931197402,37.496581,139.932181,5,-0.109,-0.356,9.802,9.206
1424931197503,37.496575,139.932179,5,-0.173,-0.291,9.626,9.1
1424931197603,37.496568,139.932176,5,-0.088,-0.291,9.539,8.996
1424931197704,37.496562,139.932174,5,-0.088,-0.286,9.666,8.893
1424931197800,37.496556,139.932172,5,-0.154,-0.216,9.674,8.796
1424931197901,37.49655,139.932169,5,-0.092,-0.2,9.574,8.695
1424931198001,37.496543,139.932167,5,-0.014,-0.273,9.504,8.596
1424931198102,37.496537,139.932165,5,0.048,-0.2,9.39,8.497
1424931198203,37.496531,139.932162,5,0.058,-0.265,9.375,8.399
1424931198303,37.496525,139.93216,5,-0.024,-0.347,9.733,8.304
1424931198404,37.496519,139.932157,5,-0.035,-0.343,9.653,8.239
1424931198500,37.496513,139.932154,5,0.065,-0.31,9.51,8.215
1424931198600,37.496506,139.932151,5,0.038,-0.351,9.468,8.189
1424931198701,37.496499,139.932147,5,-0.021,-0.368,9.697,8.164
1424931198802,37.496492,139.932144,5,-0.022,-0.223,9.619,8.139
1424931198903,37.496485,139.93214,5,0.006,-0.197,9.442,8.113
1424931199003,37.496479,139.932137,5,0.09,-0.221,9.385,8.088
1424931199104,37.496472,139.932134,5,0.153,-0.312,9.681,8.063
1424931199200,37.496466,139.93213,5,0.183,-0.271,9.733,8.039
1424931199300,37.496459,139.932127,5,0.136,-0.193,9.424,8.015
1424931199401,37.496452,139.932123,5,0.08,-0.193,9.365,8.0
1424931199502,37.496445,139.932119,5,0.186,-0.076,9.191,8.0
1424931199603,37.496439,139.932114,5,0.241,-0.018,9.35,8.0
1424931199703,37.496432,139.93211,5,0.116,-0.147,9.653,8.0
1424931199804,37.496425,139.932105,5,0.02,-0.158,9.537,8.0
1424931199900,37.496419,139.932101,5,-0.087,-0.156,9.482,8.0
1424931200000,37.496412,139.932096,5,-0.053,-0.181,9.41,8.0
1424931200101,37.496405,139.932092,5,0.033,-0.121,9.596,8.0
1424931200202,37.496399,139.932087,5,0.1,-0.062,9.547,8.0
1424931200302,37.496392,139.932083,5,0.16,-0.01,9.376,8.0
1424931200403,37.496385,139.932078,5,0.195,-0.051,9.416,7.989
1424931200504,37.496379,139.932074,5,0.191,-0.127,9.531,7.964
1424931200600,37.496373,139.932071,5,0.149,-0.155,9.421,7.939
1424931200700,37.496366,139.932067,5,0.155,-0.184,9.561,7.914
1424931200801,37.49636,139.932063,5,0.256,-0.28,9.587,7.889
1424931200902,37.496354,139.932059,5,0.248,-0.249,9.498,7.864
1424931201002,37.496347,139.932055,5,0.23,-0.205,9.517,7.839
1424931201103,37.496341,139.932051,5,0.179,-0.207,9.432,7.813
1424931201204,37.496335,139.932047,5,0.218,-0.145,9.292,7.788
1424931201304,37.496328,139.932043,5,0.318,-0.248,9.432,7.764
1424931201400,37.496322,139.93204,5,0.269,-0.416,9.838,7.75
1424931201501,37.496316,139.932037,5,0.077,-0.352,9.622,7.75
1424931201602,37.496309,139.932035,5,-0.05,-0.189,9.236,7.75
1424931201702,37.496303,139.932032,5,-0.043,-0.276,9.465,7.75
1424931201803,37.496296,139.93203,5,-0.014,-0.366,9.816,7.75
1424931201904,37.49629,139.932027,5,0.071,-0.241,9.682,7.75
1424931202004,37.496283,139.932025,5,0.204,-0.223,9.441,7.75
1424931202100,37.496277,139.932022,5,0.265,-0.286,9.292,7.75
1424931202201,37.49627,139.93202,5,0.299,-0.25,9.452,7.75
1424931202301,37.496264,139.932017,5,0.207,-0.154,9.611,7.75
1424931202402,37.496258,139.932013,6,0.25,-0.165,9.619,7.78
1424931202503,37.496252,139.932006,6,0.305,-0.186,9.515,7.853
1424931202604,37.496247,139.931998,6,0.279,-0.143,9.447,7.927
1424931202704,37.496241,139.931991,6,0.121,-0.089,9.342,8.0
1424931202800,37.496236,139.931983,6,-0.026,0.046,9.434,8.071
1424931202901,37.49623,139.931976,6,-0.074,-0.057,9.661,8.147
1424931203001,37.496225,139.931968,6,-0.141,-0.056,9.695,8.223
1424931203102,37.496219,139.93196,6,-0.173,-0.027,9.512,8.3
1424931203203,37.496213,139.931952,6,-0.215,-0.001,9.426,8.378
1424931203304,37.496207,139.931944,6,-0.259,-0.039,9.488,8.456
1424931203404,37.496202,139.931939,6,-0.232,0.006,9.56,8.453
1424931203500,37.496196,139.931935,6,-0.155,0.042,9.593,8.352
1424931203601,37.496191,139.931932,6,-0.12,0.024,9.436,8.248
1424931203701,37.496185,139.931929,6,-0.101,0.032,9.39,8.145
1424931203802,37.49618,139.931926,6,-0.053,-0.006,9.549,8.043
1424931203903,37.496174,139.931923,6,-0.044,0.021,9.59,7.941
1424931204003,37.496169,139.93192,6,-0.068,-0.012,9.549,7.843
1424931204104,37.496164,139.931917,6,-0.083,-0.005,9.459,7.744
1424931204200,37.496159,139.931914,6,-0.105,-0.035,9.56,7.652
1424931204300,37.496154,139.931911,6,-0.12,-0.016,9.611,7.556
1424931204401,37.496148,139.931907,6,-0.086,0.005,9.566,7.51
1424931204502,37.496142,139.931903,6,-0.125,-0.021,9.601,7.535
1424931204603,37.496135,139.931898,6,-0.096,-0.029,9.547,7.56
1424931204703,37.496128,139.931894,6,-0.077,0.016,9.418,7.585
1424931204804,37.496122,139.93189,6,-0.036,0.003,9.538,7.61
1424931204900,37.496115,139.931885,6,-0.015,-0.004,9.455,7.634
1424931205000,37.496108,139.931881,6,0.039,-0.035,9.491,7.659
1424931205101,37.496102,139.931877,6,-0.008,-0.118,9.611,7.684
1424931205202,37.496095,139.931872,6,-0.012,-0.107,9.524,7.71
1424931205303,37.496088,139.931868,6,0.036,-0.065,9.5,7.736
1424931205403,37.496081,139.931863,5,0.082,-0.078,9.458,7.761
1424931205504,37.496075,139.931857,5,0.042,-0.129,9.614,7.786
1424931205600,37.49607,139.931852,5,0.008,-0.143,9.787,7.809
1424931205700,37.496063,139.931847,5,0.008,-0.135,9.548,7.834
1424931205801,37.496057,139.931842,5,-0.028,-0.127,9.361,7.859
1424931205902,37.496051,139.931836,5,0.025,-0.119,9.414,7.885
1424931206003,37.496045,139.931831,5,0.035,-0.091,9.569,7.91
1424931206103,37.496039,139.931826,5,-0.011,-0.197,9.725,7.935
1424931206204,37.496033,139.93182,5,-0.001,-0.2,9.498,7.96
1424931206300,37.496027,139.931815,5,0.06,-0.24,9.455,7.985
1424931206400,37.496021,139.93181,5,0.064,-0.271,9.508,7.979
1424931206501,37.496015,139.931806,5,0.124,-0.29,9.636,7.928
1424931206602,37.496009,139.931802,5,0.176,-0.245,9.54,7.876
1424931206702,37.496003,139.931798,5,0.192,-0.151,9.079,7.825
1424931206803,37.495998,139.931794,5,0.195,-0.21,9.274,7.775
1424931206904,37.495992,139.93179,5,-0.062,-0.428,10.175,7.724
1424931207005,37.495986,139.931787,5,-0.12,-0.383,9.922,7.674
1424931207100,37.495981,139.931783,5,-0.084,-0.296,9.45,7.627
1424931207201,37.495976,139.931779,5,-0.007,-0.339,9.414,7.577
1424931207302,37.49597,139.931775,5,0.009,-0.292,9.525,7.528
1424931207402,37.495964,139.931771,5,-0.039,-0.126,9.513,7.5
1424931207503,37.495958,139.931767,5,-0.058,-0.275,9.721,7.5
1424931207604,37.495952,139.931763,5,0.057,-0.389,9.81,7.5
1424931207704,37.495946,139.931758,5,0.181,-0.337,9.599,7.5
1424931207800,37.49594,139.931754,5,0.19,-0.251,9.35,7.5
1424931207901,37.495933,139.93175,5,0.053,-0.22,9.311,7.5
1424931208001,37.495927,139.931745,5,0.054,-0.226,9.605,7.5
1424931208102,37.495921,139.931741,5,0.165,-0.289,9.83,7.5
1424931208203,37.495915,139.931737,5,0.205,-0.333,9.667,7.5
1424931208304,37.495908,139.931732,5,0.177,-0.32,9.43,7.5
1424931208404,37.495903,139.931728,5,0.159,-0.334,9.493,7.489
1424931208500,37.495897,139.931722,5,0.079,-0.257,9.52,7.464
1424931208601,37.495892,139.931717,5,0.104,-0.23,9.577,7.439
1424931208701,37.495887,139.931711,5,0.179,-0.353,9.8,7.414
1424931208802,37.495881,139.931706,5,0.159,-0.286,9.534,7.388
1424931208903,37.495876,139.9317,5,0.122,-0.282,9.371,7.363
1424931209004,37.495871,139.931695,5,0.105,-0.284,9.444,7.338
1424931209104,37.495865,139.93169,5,0.059,-0.297,9.596,7.313
1424931209200,37.49586,139.931685,5,0.041,-0.212,9.593,7.289
1424931209306,37.495855,139.931679,5,-0.011,-0.256,9.439,7.263
1424931209401,37.49585,139.931674,4,-0.115,-0.287,9.467,7.25
1424931209500,37.495845,139.931669,4,-0.199,-0.285,9.586,7.25
1424931209603,37.495839,139.931664,4,-0.319,-0.278,9.645,7.25
1424931209702,37.495834,139.931659,4,-0.316,-0.273,9.668,7.25
1424931209804,37.495828,139.931653,4,-0.277,-0.288,9.562,7.25
1424931209900,37.495823,139.931648,4,-0.197,-0.282,9.561,7.25
1424931210001,37.495818,139.931643,4,-0.252,-0.224,9.489,7.25
1424931210101,37.495813,139.931638,4,-0.364,-0.208,9.648,7.25
1424931210202,37.495807,139.931633,4,-0.456,-0.158,9.52,7.25
1424931210303,37.495802,139.931628,4,-0.477,-0.109,9.336,7.25
1424931210403,37.495797,139.931623,5,-0.533,-0.115,9.294,7.261
1424931210504,37.495791,139.931619,5,-0.502,-0.122,9.277,7.285
1424931210600,37.495786,139.931615,5,-0.541,-0.242,9.46,7.309
1424931210701,37.49578,139.931611,5,-0.691,-0.281,9.592,7.334
1424931210801,37.495775,139.931606,5,-0.87,-0.242,9.439,7.359
1424931210902,37.495769,139.931602,5,-0.941,-0.341,9.548,7.384
1424931211003,37.495763,139.931598,5,-1.106,-0.473,9.791,7.41
1424931211103,37.495758,139.931593,5,-1.116,-0.246,9.576,7.435
1424931211204,37.495752,139.931589,5,-1.177,-0.12,9.37,7.46
1424931211300,37.495746,139.931585,5,-1.179,-0.205,9.418,7.485
1424931211400,37.495741,139.93158,5,-1.242,-0.206,9.627,7.468
1424931211501,37.495735,139.931576,5,-1.194,-0.273,9.763,7.389
1424931211602,37.49573,139.931572,5,-1.223,-0.217,9.51,7.311
1424931211703,37.495725,139.931567,5,-1.203,-0.185,9.302,7.234
1424931211803,37.495719,139.931563,5,-1.221,-0.258,9.401,7.158
1424931211904,37.495714,139.931559,5,-1.194,-0.286,9.586,7.082
1424931212000,37.495709,139.931555,5,-1.177,-0.243,9.592,7.011
1424931212100,37.495704,139.931551,5,-1.105,-0.185,9.465,6.937
1424931212201,37.495699,139.931547,5,-1.017,-0.278,9.454,6.864
1424931212302,37.495694,139.931543,5,-0.943,-0.338,9.461,6.791
1424931212403,37.495688,139.931539,6,-0.848,-0.28,9.483,6.739
1424931212503,37.495682,139.931536,6,-0.784,-0.229,9.605,6.714
1424931212604,37.495676,139.931532,6,-0.794,-0.211,9.515,6.688
1424931212700,37.49567,139.931528,6,-0.758,-0.128,9.372,6.664
1424931212800,37.495663,139.931525,6,-0.717,-0.195,9.656,6.639
1424931212901,37.495657,139.931521,6,-0.643,-0.051,9.677,6.614
1424931213002,37.495651,139.931517,6,-0.526,0.011,9.422,6.588
1424931213102,37.495645,139.931513,6,-0.493,0.179,9.429,6.564
1424931213203,37.495639,139.93151,6,-0.564,0.215,9.31,6.539
1424931213304,37.495632,139.931506,6,-0.505,0.219,9.403,6.514
1424931213404,37.495627,139.931503,6,-0.575,0.191,9.649,6.531
1424931213500,37.495622,139.9315,6,-0.617,0.182,9.632,6.6
1424931213601,37.495616,139.931498,6,-0.553,0.168,9.462,6.673
1424931213702,37.495611,139.931495,6,-0.469,0.173,9.429,6.747
1424931213802,37.495605,139.931492,6,-0.432,0.247,9.4,6.821
1424931213903,37.4956,139.931489,6,-0.326,0.316,9.515,6.897
1424931214004,37.495594,139.931486,6,-0.253,0.325,9.568,6.974
1424931214104,37.495589,139.931483,6,-0.343,0.348,9.5,7.05
1424931214200,37.495583,139.931481,6,-0.326,0.347,9.501,7.125
1424931214301,37.495577,139.931478,6,-0.139,0.254,9.562,7.203
1424931214402,37.495571,139.931475,5,-0.046,0.19,9.748,7.26
1424931214502,37.495565,139.931472,5,-0.062,0.242,9.657,7.285
1424931214603,37.495559,139.93147,5,-0.054,0.203,9.579,7.31
1424931214704,37.495552,139.931467,5,-0.115,0.095,9.602,7.335
1424931214804,37.495546,139.931465,5,-0.159,0.087,9.777,7.36
1424931214900,37.49554,139.931462,5,0.018,0.091,9.761,7.384
1424931215001,37.495533,139.931459,5,0.035,0.022,9.617,7.409
1424931215101,37.495527,139.931457,5,0.013,0.057,9.52,7.434
1424931215202,37.49552,139.931454,5,-0.015,0.026,9.384,7.46
1424931215303,37.495514,139.931452,5,-0.045,-0.03,9.534,7.486
1424931215404,37.495507,139.93145,8,0.004,-0.077,9.714,7.477
1424931215504,37.495501,139.931449,8,0.105,-0.09,9.558,7.426
1424931215600,37.495495,139.931448,8,0.076,-0.128,9.44,7.377
1424931215701,37.495489,139.931448,8,0.05,-0.229,9.471,7.326
1424931215801,37.495483,139.931447,8,0.115,-0.224,9.668,7.275
1424931215902,37.495478,139.931446,8,0.159,-0.179,9.628,7.225
1424931216003,37.495472,139.931445,8,0.115,-0.203,9.423,7.175
1424931216103,37.495466,139.931445,8,-0.021,-0.166,9.376,7.125
1424931216204,37.49546,139.931444,8,-0.102,-0.234,9.491,7.076
1424931216300,37.495454,139.931443,8,-0.058,-0.296,9.821,7.029
1424931216401,37.495448,139.931442,8,-0.025,-0.282,9.72,7.01
1424931216501,37.495442,139.931438,8,-0.011,-0.2,9.279,7.035
1424931216602,37.495436,139.931435,8,0.014,-0.272,9.444,7.06
1424931216703,37.49543,139.931431,8,-0.078,-0.342,9.779,7.085
1424931216803,37.495423,139.931428,8,-0.076,-0.206,9.689,7.11
1424931216904,37.495417,139.931424,8,-0.058,-0.194,9.515,7.135
1424931217000,37.495411,139.931421,8,0.02,-0.277,9.5,7.159
1424931217100,37.495405,139.931417,8,0.078,-0.305,9.565,7.184
1424931217201,37.495398,139.931414,8,0.098,-0.238,9.565,7.21
1424931217302,37.495392,139.93141,8,0.043,-0.289,9.711,7.235
1424931217403,37.495385,139.931407,6,-0.077,-0.263,9.567,7.239
1424931217503,37.495379,139.931406,6,-0.025,-0.254,9.449,7.214
1424931217604,37.495372,139.931405,6,0.057,-0.256,9.541,7.188
1424931217700,37.495366,139.931404,6,0.045,-0.281,9.615,7.164
1424931217800,37.49536,139.931403,6,-0.001,-0.207,9.414,7.139
1424931217901,37.495353,139.931401,6,-0.083,-0.202,9.428,7.114
1424931218002,37.495347,139.9314,6,-0.145,-0.312,9.636,7.088
1424931218103,37.49534,139.931399,6,-0.088,-0.298,9.599,7.063
1424931218203,37.495334,139.931398,6,0.027,-0.205,9.353,7.039
1424931218304,37.495328,139.931397,6,0.057,-0.303,9.644,7.014
1424931218400,37.495322,139.931396,7,-0.029,-0.406,9.907,6.99
1424931218500,37.495316,139.931395,7,0.079,-0.327,9.614,6.964
1424931218601,37.495311,139.931395,7,0.067,-0.21,9.393,6.939
1424931218702,37.495305,139.931394,7,0.02,-0.257,9.349,6.913
1424931218803,37.4953,139.931393,7,0.029,-0.269,9.44,6.888
1424931218903,37.495294,139.931393,7,0.024,-0.226,9.607,6.863
1424931219004,37.495289,139.931392,7,-0.05,-0.268,9.577,6.838
1424931219100,37.495284,139.931392,7,0.026,-0.34,9.473,6.814
1424931219200,37.495279,139.931391,7,0.085,-0.421,9.475,6.789
1424931219301,37.495273,139.93139,7,0.01,-0.447,9.608,6.764
1424931219402,37.495267,139.93139,7,-0.119,-0.483,9.679,6.75
1424931219502,37.49526,139.931388,7,-0.098,-0.376,9.414,6.75
1424931219603,37.495253,139.931387,7,-0.062,-0.333,9.384,6.75
1424931219704,37.495246,139.931386,7,0.016,-0.405,9.737,6.75
1424931219805,37.495239,139.931385,7,0.102,-0.353,9.681,6.75
1424931219900,37.495233,139.931384,7,0.159,-0.221,9.464,6.75
1424931220001,37.495226,139.931383,7,0.073,-0.241,9.49,6.75
1424931220102,37.495219,139.931382,7,0.131,-0.382,9.604,6.75
1424931220202,37.495212,139.931381,7,0.154,-0.425,9.623,6.75
1424931220303,37.495205,139.93138,7,0.161,-0.415,9.529,6.75
1424931220404,37.495198,139.931378,7,0.177,-0.504,9.518,6.715
1424931220504,37.495193,139.931376,7,0.237,-0.677,9.789,6.637
1424931220600,37.495187,139.931374,7,0.245,-0.704,9.727,6.562
1424931220701,37.495182,139.931372,7,0.148,-0.609,9.561,6.484
1424931220802,37.495176,139.93137,7,0.165,-0.475,9.406,6.408
1424931220902,37.49517,139.931368,7,0.113,-0.334,9.441,6.333
1424931221003,37.495165,139.931366,7,0.088,-0.206,9.42,6.258
1424931221104,37.495159,139.931364,7,0.085,-0.126,9.526,6.184
1424931221204,37.495154,139.931362,7,0.045,-0.17,9.591,6.111
1424931221300,37.495149,139.93136,7,0.014,-0.333,9.705,6.043
1424931221401,37.495144,139.93136,8,0.025,-0.407,9.487,5.967
1424931221501,37.495138,139.931362,8,0.05,-0.466,9.369,5.888
1424931221602,37.495133,139.931364,8,0.035,-0.576,9.707,5.809
1424931221703,37.495127,139.931365,8,-0.034,-0.554,9.607,5.731
1424931221804,37.495122,139.931367,8,-0.018,-0.587,9.706,5.655
1424931221904,37.495116,139.931369,8,-0.065,-0.466,9.43,5.58
1424931222000,37.495111,139.931371,8,-0.094,-0.404,9.459,5.508
1424931222101,37.495106,139.931373,8,-0.084,-0.5,9.545,5.435
1424931222201,37.495101,139.931374,8,-0.013,-0.589,9.543,5.363
1424931222302,37.495096,139.931376,8,0.006,-0.618,9.535,5.291
1424931222403,37.495091,139.931376,8,-0.055,-0.782,9.469,5.227
1424931222504,37.495086,139.931374,8,-0.058,-0.821,9.65,5.175
1424931222604,37.495081,139.931371,8,-0.11,-0.87,9.575,5.123
1424931222700,37.495076,139.931369,8,-0.165,-0.806,9.4,5.074
1424931222801,37.495071,139.931367,8,-0.167,-0.82,9.455,5.023
1424931222901,37.495066,139.931364,8,-0.258,-0.853,9.624,4.973
1424931223002,37.495062,139.931362,8,-0.27,-0.829,9.552,4.923
1424931223103,37.495057,139.93136,8,-0.192,-0.842,9.605,4.874
1424931223203,37.495052,139.931357,8,-0.151,-0.827,9.452,4.825
1424931223304,37.495048,139.931355,8,-0.164,-0.842,9.448,4.777
1424931223405,37.495043,139.931354,7,-0.134,-0.864,9.508,4.686
1424931223500,37.495039,139.931353,7,-0.068,-0.896,9.563,4.552
1424931223600,37.495035,139.931352,7,-0.093,-0.852,9.469,4.415
1424931223702,37.495031,139.931351,7,-0.088,-0.789,9.513,4.28
1424931223801,37.495027,139.93135,7,-0.093,-0.795,9.63,4.152
1424931223903,37.495023,139.931349,7,-0.186,-0.808,9.375,4.024
1424931224002,37.495019,139.931349,7,-0.227,-0.784,9.497,3.904
1424931224100,37.495016,139.931348,7,-0.261,-0.773,9.642,3.789
1424931224200,37.495012,139.931347,7,-0.22,-0.613,9.552,3.675
1424931224301,37.495009,139.931346,7,-0.17,-0.388,9.552,3.563
1424931224402,37.495005,139.931346,7,-0.151,-0.255,9.597,3.477
1424931224503,37.495002,139.931346,7,-0.058,-0.244,9.579,3.424
1424931224603,37.494998,139.931346,7,-0.012,-0.294,9.619,3.371
1424931224704,37.494995,139.931346,7,0.047,-0.18,9.328,3.319
1424931224800,37.494991,139.931346,7,-0.001,-0.169,9.482,3.271
1424931224900,37.494988,139.931346,7,-0.052,-0.203,9.655,3.22
1424931225001,37.494985,139.931346,7,-0.123,-0.18,9.576,3.171
1424931225102,37.494981,139.931346,7,-0.176,-0.114,9.563,3.122
1424931225202,37.494978,139.931346,7,-0.232,-0.096,9.66,3.074
1424931225303,37.494975,139.931346,7,-0.174,-0.015,9.45,3.026
1424931225404,37.494972,139.931346,7,-0.075,0.021,9.295,3.011
1424931225500,37.494969,139.931347,7,-0.077,-0.015,9.492,3.034
1424931225600,37.494967,139.931348,7,-0.131,-0.064,9.66,3.058
1424931225701,37.494964,139.931348,7,-0.167,0.095,9.56,3.083
1424931225802,37.494961,139.931349,7,-0.228,0.278,9.417,3.108
1424931225902,37.494959,139.93135,7,-0.184,0.332,9.453,3.133
1424931226003,37.494956,139.93135,7,-0.172,0.452,9.557,3.158
1424931226104,37.494953,139.931351,7,-0.159,0.547,9.542,3.184
1424931226205,37.49495,139.931352,7,-0.14,0.665,9.441,3.21
1424931226300,37.494948,139.931353,7,-0.2,0.795,9.434,3.234
1424931226401,37.494944,139.931352,7,-0.313,0.806,9.713,3.26
1424931226502,37.49494,139.931351,7,-0.19,0.814,9.596,3.284
1424931226602,37.494936,139.931349,7,-0.123,0.875,9.315,3.309
1424931226703,37.494932,139.931347,7,-0.111,0.885,9.536,3.334
1424931226804,37.494928,139.931346,7,-0.131,0.91,9.48,3.359
1424931226904,37.494924,139.931344,7,-0.244,0.961,9.295,3.384
1424931227000,37.494919,139.931342,7,-0.207,0.864,9.543,3.408
1424931227101,37.494915,139.931341,7,-0.089,0.807,9.643,3.433
1424931227201,37.494911,139.931339,7,-0.077,0.883,9.262,3.459
1424931227302,37.494907,139.931337,7,-0.134,0.911,9.245,3.485
1424931227403,37.494903,139.931335,7,-0.19,0.862,9.757,3.477
1424931227504,37.4949,139.931333,7,-0.235,0.737,9.953,3.423
1424931227604,37.494898,139.931332,7,-0.148,0.818,9.646,3.371
1424931227700,37.494895,139.93133,7,-0.056,0.869,9.195,3.321
1424931227801,37.494893,139.931328,7,-0.015,0.711,9.551,3.27
1424931227901,37.494891,139.931326,7,-0.044,0.678,9.899,3.22
1424931228002,37.494888,139.931325,7,-0.051,0.771,9.436,3.17
1424931228103,37.494886,139.931323,7,-0.064,0.804,9.201,3.121
1424931228203,37.494884,139.931321,7,-0.14,0.785,9.666,3.073
1424931228304,37.494881,139.93132,7,-0.137,0.783,9.936,3.026
1424931228400,37.494878,139.931319,6,-0.182,0.794,9.745,3.066
1424931228501,37.494874,139.931317,6,-0.158,0.801,9.472,3.243
1424931228601,37.49487,139.931316,6,0.033,0.829,9.57,3.43
1424931228702,37.494865,139.931315,6,0.217,0.896,9.393,3.631
1424931228803,37.49486,139.931313,6,0.13,0.905,9.382,3.845
1424931228904,37.494854,139.931312,6,-0.047,0.83,9.822,4.072
1424931229004,37.494849,139.93131,6,-0.217,0.996,9.605,4.308
1424931229100,37.494843,139.931309,6,-0.054,1.121,9.359,4.547
1424931229201,37.494837,139.931307,6,0.11,0.865,9.749,4.81
1424931229301,37.49483,139.931305,6,0.075,0.847,9.664,5.083
1424931229402,37.494824,139.931304,7,0.14,0.893,9.428,5.289
1424931229503,37.49482,139.931303,7,0.183,1.001,9.373,5.382
1424931229603,37.494816,139.931303,7,0.139,1.006,9.405,5.477
1424931229704,37.494812,139.931302,7,0.056,0.842,9.395,5.574
1424931229800,37.494808,139.931301,7,0.087,0.913,9.782,5.669
1424931229900,37.494803,139.931301,7,0.313,0.725,10.015,5.768
1424931230001,37.494799,139.9313,7,0.23,0.891,9.408,5.871
1424931230102,37.494794,139.9313,7,0.2,0.934,9.155,5.975
1424931230203,37.494789,139.931299,7,0.158,0.867,9.626,6.081
1424931230303,37.494785,139.931298,7,0.377,0.824,10.165,6.188
1424931230404,37.494779,139.931297,7,0.4,0.803,9.963,6.281
1424931230500,37.494774,139.931296,7,0.38,0.973,9.458,6.35
1424931230600,37.494768,139.931294,7,0.282,0.962,9.043,6.422
1424931230701,37.494762,139.931293,7,0.195,0.79,9.568,6.496
1424931230802,37.494756,139.931291,7,0.164,0.81,9.926,6.571
1424931230903,37.49475,139.93129,7,0.064,1.044,9.645,6.647
1424931231003,37.494744,139.931288,7,0.061,1.14,9.203,6.723
1424931231104,37.494737,139.931286,7,0.022,0.84,9.479,6.8
1424931231200,37.494731,139.931285,7,-0.011,0.786,9.951,6.874
1424931231300,37.494725,139.931283,7,0.017,0.968,9.646,6.953
1424931231401,37.494719,139.931281,7,0.085,1.077,9.202,7.029
1424931231502,37.494713,139.93128,7,0.061,0.883,9.601,7.102
1424931231602,37.494707,139.931278,7,0.054,0.877,9.665,7.175
1424931231703,37.4947,139.931276,7,0.126,1.011,9.443,7.249
1424931231804,37.494694,139.931274,7,0.177,0.967,9.377,7.324
1424931231900,37.494688,139.931273,7,0.193,0.909,9.612,7.396
1424931232000,37.494682,139.931271,7,0.177,0.922,9.687,7.471
1424931232101,37.494676,139.931269,7,0.131,0.916,9.614,7.548
1424931232202,37.494669,139.931267,7,0.085,0.952,9.463,7.626
1424931232302,37.494663,139.931265,7,0.082,0.952,9.318,7.704
1424931232403,37.494656,139.931263,7,0.164,0.861,9.57,7.771
1424931232504,37.494649,139.931262,7,0.099,0.889,9.637,7.82
1424931232604,37.494643,139.93126,7,-0.043,0.775,9.329,7.869
1424931232700,37.494636,139.931259,7,-0.058,0.359,9.535,7.916
1424931232801,37.49463,139.931257,7,-0.021,0.016,9.781,7.967
1424931232902,37.494623,139.931256,7,-0.04,-0.02,9.782,8.017
1424931233002,37.494616,139.931254,7,0.0,0.043,9.284,8.067
1424931233103,37.494609,139.931253,7,0.1,0.045,9.333,8.119
1424931233204,37.494602,139.931251,7,0.108,-0.03,9.656,8.17
1424931233304,37.494595,139.93125,7,0.088,-0.148,9.905,8.221
1424931233400,37.494588,139.931248,6,0.146,-0.09,9.514,8.24
1424931233501,37.494581,139.931247,6,0.146,-0.108,9.258,8.214
1424931233601,37.494573,139.931245,6,0.207,-0.142,9.519,8.189
1424931233702,37.494566,139.931243,6,0.259,-0.091,9.597,8.164
1424931233803,37.494559,139.931241,6,0.249,-0.086,9.632,8.138
1424931233904,37.494552,139.93124,6,0.182,-0.179,9.561,8.113
1424931234004,37.494544,139.931238,6,0.092,-0.141,9.438,8.088
1424931234100,37.494538,139.931236,6,0.134,-0.13,9.523,8.064
1424931234201,37.49453,139.931235,6,0.142,-0.117,9.662,8.039
1424931234301,37.494523,139.931233,6,0.192,-0.074,9.559,8.015
1424931234402,37.494516,139.931231,4,0.133,-0.02,9.352,7.989
1424931234503,37.494509,139.93123,4,0.167,-0.146,9.443,7.964
1424931234604,37.494502,139.931229,4,0.231,-0.144,9.679,7.938
1424931234704,37.494495,139.931227,4,0.159,-0.204,9.815,7.913
1424931234800,37.494489,139.931226,4,0.064,-0.209,9.606,7.889
1424931234901,37.494482,139.931224,4,-0.007,-0.307,9.29,7.864
1424931235001,37.494475,139.931223,4,0.073,-0.19,9.621,7.839
1424931235102,37.494468,139.931222,4,0.091,0.102,9.547,7.814
1424931235203,37.494462,139.93122,4,0.063,0.236,9.423,7.789
1424931235303,37.494455,139.931219,4,0.031,0.461,9.406,7.764
1424931235404,37.494448,139.931218,6,0.024,0.355,9.62,7.739
1424931235500,37.494442,139.931217,6,-0.1,0.469,9.431,7.715
1424931235601,37.494436,139.931216,6,-0.158,0.34,9.63,7.689
1424931235701,37.494429,139.931215,6,-0.175,0.332,9.882,7.664
1424931235802,37.494423,139.931214,6,-0.211,0.468,9.414,7.638
1424931235903,37.494417,139.931213,6,-0.217,0.512,9.155,7.613
1424931236003,37.49441,139.931212,6,-0.267,0.4,9.218,7.588
1424931236104,37.494404,139.931211,6,-0.235,0.281,9.844,7.563
1424931236200,37.494398,139.93121,6,-0.131,0.207,9.907,7.539
1424931236301,37.494392,139.931209,6,-0.061,0.2,9.509,7.515
1424931236401,37.494385,139.931208,6,-0.035,0.202,9.507,7.51
1424931236502,37.494378,139.931207,6,-0.057,0.241,9.554,7.535
1424931236603,37.494371,139.931206,6,-0.051,0.386,9.547,7.56
1424931236703,37.494364,139.931205,6,0.047,0.427,9.349,7.585
1424931236804,37.494357,139.931204,6,0.098,0.42,9.53,7.61
1424931236900,37.49435,139.931203,6,-0.006,0.233,9.648,7.634
1424931237000,37.494343,139.931202,6,-0.082,0.326,9.436,7.659
1424931237101,37.494336,139.931201,6,-0.119,0.274,9.417,7.684
1424931237202,37.494328,139.9312,6,-0.055,0.233,9.57,7.71
1424931237303,37.494321,139.931199,6,-0.001,0.265,9.65,7.736
1424931237403,37.494314,139.931197,6,0.061,0.24,9.719,7.761
1424931237504,37.494307,139.931196,6,0.044,0.158,9.775,7.786
1424931237600,37.494301,139.931195,6,0.025,0.343,9.47,7.809
1424931237705,37.494294,139.931194,6,0.091,0.418,9.221,7.835
1424931237801,37.494288,139.931193,6,0.2,0.391,9.493,7.859
1424931237900,37.494281,139.931192,6,0.302,0.374,9.696,7.884
1424931238002,37.494274,139.93119,6,0.228,0.419,9.463,7.91
1424931238101,37.494268,139.931189,6,0.113,0.463,9.3,7.934
1424931238204,37.494261,139.931188,6,0.129,0.454,9.389,7.96
1424931238303,37.494254,139.931187,6,0.139,0.444,9.527,7.986
1424931238400,37.494247,139.931185,6,0.184,0.441,9.742,8.019
1424931238501,37.49424,139.931182,6,0.154,0.435,9.502,8.069
1424931238602,37.494232,139.931178,6,0.029,0.568,9.198,8.118
1424931238702,37.494225,139.931175,6,0.048,0.519,9.425,8.168
1424931238803,37.494217,139.931172,6,0.005,0.485,9.601,8.218
1424931238904,37.49421,139.931169,6,0.039,0.547,9.624,8.268
1424931239004,37.494202,139.931166,6,0.027,0.417,9.729,8.319
1424931239100,37.494195,139.931163,6,-0.037,0.325,9.771,8.367
1424931239201,37.494187,139.931159,6,-0.06,0.512,9.599,8.418
1424931239302,37.494179,139.931156,6,-0.049,0.614,9.359,8.47
1424931239402,37.494172,139.931153,6,-0.034,0.603,9.39,8.51
1424931239503,37.494164,139.931151,6,-0.014,0.607,9.675,8.535
1424931239604,37.494157,139.931149,6,0.001,0.543,9.475,8.559
1424931239704,37.494149,139.931147,6,0.0,0.415,9.509,8.584
1424931239800,37.494142,139.931145,6,-0.06,0.301,9.77,8.608
1424931239901,37.494134,139.931143,6,-0.122,0.344,9.589,8.632
1424931240002,37.494127,139.931141,6,-0.063,0.359,9.404,8.657
1424931240102,37.494119,139.931139,6,0.032,0.457,9.406,8.682
1424931240203,37.494111,139.931137,6,0.04,0.418,9.503,8.707
1424931240304,37.494103,139.931135,6,0.078,0.368,9.629,8.732
1424931240404,37.494096,139.931133,6,0.027,0.416,9.452,8.757
1424931240500,37.494088,139.931131,6,-0.031,0.395,9.298,8.781
1424931240601,37.49408,139.931129,6,0.054,0.361,9.483,8.807
1424931240701,37.494073,139.931127,6,0.07,0.327,9.57,8.832
1424931240802,37.494065,139.931125,6,0.02,0.189,9.753,8.858
1424931240903,37.494057,139.931123,6,-0.005,0.209,9.567,8.883
1424931241003,37.494049,139.931121,6,-0.055,0.3,9.442,8.909
1424931241104,37.494041,139.931119,6,-0.064,0.294,9.443,8.934
1424931241200,37.494034,139.931117,6,0.002,0.329,9.53,8.959
1424931241301,37.494026,139.931115,6,-0.059,0.33,9.547,8.985
1424931241401,37.494018,139.931113,5,-0.015,0.293,9.488,8.99
1424931241502,37.494009,139.931111,5,0.067,0.193,9.602,8.964
1424931241603,37.494001,139.931109,5,0.037,0.194,9.506,8.939
1424931241703,37.493993,139.931107,5,0.164,0.248,9.606,8.913
1424931241804,37.493985,139.931106,5,0.177,0.21,9.476,8.888
1424931241900,37.493978,139.931104,5,0.266,0.245,9.596,8.864
1424931242001,37.493969,139.931102,5,0.253,0.317,9.434,8.839
1424931242101,37.493961,139.9311,5,0.25,0.284,9.394,8.814
1424931242202,37.493953,139.931098,5,0.324,0.285,9.462,8.789
1424931242303,37.493946,139.931096,5,0.311,0.247,9.551,8.764
1424931242403,37.493938,139.931094,5,0.237,0.188,9.577,8.761
1424931242504,37.493929,139.931093,5,0.203,0.209,9.517,8.786
1424931242600,37.493922,139.931092,5,0.1,0.182,9.403,8.809
1424931242701,37.493913,139.93109,5,0.103,0.19,9.549,8.834
1424931242801,37.493905,139.931089,5,0.117,0.251,9.487,8.859
1424931242902,37.493897,139.931087,5,0.013,0.194,9.453,8.885
1424931243003,37.493889,139.931086,5,-0.048,0.12,9.576,8.91
1424931243103,37.49388,139.931085,5,-0.094,0.116,9.674,8.935
1424931243204,37.493872,139.931083,5,-0.125,0.064,9.614,8.961
1424931243300,37.493864,139.931082,5,-0.105,0.144,9.483,8.985
1424931243400,37.493856,139.93108,5,-0.113,0.108,9.508,9.0
1424931243501,37.493848,139.931078,5,-0.058,0.187,9.382,9.0
1424931243602,37.493841,139.931076,5,0.017,0.252,9.296,9.0
1424931243702,37.493833,139.931073,5,-0.018,0.148,9.447,9.0
1424931243803,37.493825,139.931071,5,-0.058,0.088,9.521,9.0
1424931243904,37.493818,139.931069,5,-0.086,-0.07,9.759,9.0
1424931244000,37.49381,139.931067,5,-0.124,0.081,9.402,9.0
1424931244100,37.493803,139.931065,5,-0.021,0.186,9.379,9.0
1424931244201,37.493795,139.931062,5,-0.083,0.129,9.46,9.0
1424931244302,37.493787,139.93106,5,-0.092,0.179,9.432,9.0
1424931244402,37.49378,139.931058,5,0.05,0.033,9.622,8.989
1424931244503,37.493771,139.931056,5,0.156,-0.029,9.719,8.964
1424931244604,37.493763,139.931054,5,0.334,0.058,9.468,8.938
1424931244700,37.493756,139.931052,5,0.291,-0.003,9.552,8.914
1424931244800,37.493748,139.93105,5,0.128,0.286,9.029,8.889
1424931244901,37.493739,139.931048,5,0.097,0.384,9.127,8.864
1424931245002,37.493731,139.931045,5,0.112,0.118,9.653,8.839
1424931245102,37.493723,139.931043,5,0.159,0.008,9.863,8.814
1424931245203,37.493715,139.931041,5,-0.082,-0.177,9.615,8.789
1424931245304,37.493707,139.931039,5,-0.357,-0.046,9.414,8.764
1424931245404,37.4937,139.931037,5,-0.416,0.15,9.594,8.75
1424931245500,37.493692,139.931036,5,-0.326,0.312,9.507,8.75
1424931245601,37.493684,139.931035,5,-0.201,0.393,9.385,8.75
1424931245702,37.493676,139.931033,5,-0.138,0.248,9.454,8.75
1424931245802,37.493669,139.931032,5,-0.126,0.02,9.641,8.75
1424931245903,37.493661,139.93103,5,-0.016,-0.027,9.612,8.75
1424931246004,37.493653,139.931029,5,0.168,0.096,9.242,8.75
1424931246104,37.493645,139.931028,5,0.193,0.03,9.452,8.75
1424931246200,37.493637,139.931026,5,0.036,0.168,9.567,8.75
1424931246301,37.49363,139.931025,5,0.119,0.22,9.463,8.75
1424931246401,37.493622,139.931023,5,0.001,0.148,9.364,8.75
1424931246502,37.493614,139.931022,5,0.019,0.187,9.447,8.75
1424931246603,37.493606,139.93102,5,-0.052,0.08,9.496,8.75
1424931246704,37.493598,139.931018,5,-0.148,0.046,9.568,8.75
1424931246804,37.49359,139.931016,5,-0.038,0.022,9.589,8.75
1424931246900,37.493583,139.931015,5,0.067,0.033,9.55,8.75
1424931247001,37.493575,139.931013,5,0.159,0.132,9.379,8.75
1424931247101,37.493567,139.931011,5,0.208,0.088,9.462,8.75
1424931247202,37.493559,139.93101,5,0.238,0.067,9.785,8.75
1424931247303,37.493551,139.931008,5,0.208,0.151,9.576,8.75
1424931247404,37.493544,139.931006,5,0.197,0.131,9.432,8.75
1424931247504,37.493536,139.931005,5,0.207,0.2,9.426,8.75
1424931247600,37.493529,139.931004,5,0.165,0.311,9.371,8.75
1424931247701,37.493521,139.931003,5,0.155,0.274,9.523,8.75
1424931247801,37.493513,139.931001,5,0.164,0.147,9.664,8.75
1424931247902,37.493506,139.931,5,0.178,0.233,9.393,8.75
1424931248003,37.493498,139.930999,5,0.208,0.153,9.515,8.75
1424931248103,37.493491,139.930997,5,0.141,0.228,9.613,8.75
1424931248204,37.493483,139.930996,5,0.205,0.306,9.492,8.75
1424931248300,37.493476,139.930995,5,0.242,0.242,9.574,8.75
1424931248401,37.493468,139.930994,8,0.231,0.288,9.566,8.75
1424931248501,37.493459,139.930994,8,0.167,0.325,9.406,8.75
1424931248602,37.49345,139.930994,8,0.105,0.285,9.465,8.75
1424931248703,37.493442,139.930993,8,0.039,0.232,9.659,8.75
1424931248803,37.493433,139.930993,8,0.009,0.198,9.689,8.75
1424931248904,37.493425,139.930993,8,-0.002,0.249,9.513,8.75
1424931249000,37.493417,139.930993,8,0.002,0.205,9.413,8.75
1424931249100,37.493408,139.930993,8,0.04,0.2,9.612,8.75
1424931249201,37.4934,139.930992,8,0.024,0.211,9.569,8.75
1424931249302,37.493391,139.930992,8,-0.002,0.175,9.497,8.75
1424931249403,37.493383,139.930991,8,0.063,0.188,9.551,8.761
1424931249503,37.493375,139.93099,8,0.05,0.211,9.433,8.785
1424931249604,37.493367,139.930988,8,0.083,0.145,9.53,8.81
1424931249700,37.49336,139.930987,8,0.16,0.198,9.45,8.834
1424931249801,37.493352,139.930985,8,0.098,0.177,9.427,8.859
1424931249901,37.493345,139.930984,8,0.059,0.126,9.57,8.884
1424931250002,37.493337,139.930982,8,0.127,0.148,9.6,8.91
1424931250102,37.493329,139.930981,8,0.157,0.152,9.455,8.935
1424931250203,37.493321,139.930979,8,0.259,0.142,9.526,8.96
1424931250304,37.493313,139.930978,8,0.173,0.173,9.553,8.986
1424931250400,37.493305,139.930975,8,0.088,0.171,9.65,9.0
1424931250500,37.493297,139.930972,8,0.128,0.179,9.524,9.0
1424931250601,37.493288,139.930968,8,0.094,0.209,9.442,9.0
1424931250702,37.493279,139.930964,8,0.129,0.226,9.492,9.0
1424931250802,37.49327,139.93096,8,0.151,0.193,9.586,9.0
1424931250903,37.493261,139.930956,8,0.134,0.194,9.592,9.0
1424931251004,37.493252,139.930952,8,0.183,0.189,9.445,9.0
1424931251100,37.493244,139.930948,8,0.191,0.187,9.412,9.0
1424931251200,37.493235,139.930944,8,0.218,0.255,9.45,9.0
1424931251301,37.493226,139.93094,8,0.178,0.203,9.557,9.0
1424931251402,37.493218,139.930937,8,0.138,0.192,9.508,9.01
1424931251502,37.49321,139.930936,8,0.131,0.225,9.45,9.035
1424931251603,37.493202,139.930935,8,-0.008,0.154,9.471,9.06
1424931251704,37.493193,139.930934,8,-0.062,0.168,9.639,9.085
1424931251804,37.493185,139.930932,8,-0.008,0.127,9.771,9.11
1424931251900,37.493178,139.930931,8,-0.016,0.118,9.636,9.134
1424931252006,37.493169,139.93093,8,0.063,0.186,9.496,9.161
1424931252102,37.493161,139.930928,8,0.051,0.2,9.597,9.185
1424931252201,37.493153,139.930927,8,0.034,0.233,9.603,9.21
1424931252303,37.493145,139.930926,8,0.119,0.358,9.223,9.236
1424931252402,37.493136,139.930925,7,0.164,0.234,9.421,9.25
1424931252504,37.493128,139.930924,7,0.149,0.013,10.078,9.25
1424931252600,37.49312,139.930924,7,0.154,0.172,9.59,9.25
1424931252702,37.493111,139.930923,7,0.113,0.189,9.124,9.25
1424931252801,37.493103,139.930923,7,0.131,0.137,9.542,9.25
1424931252902,37.493094,139.930922,7,-0.048,0.281,9.764,9.25
1424931253003,37.493086,139.930922,7,-0.154,0.247,9.512,9.25
1424931253104,37.493077,139.930921,7,-0.069,0.213,9.329,9.25
1424931253204,37.493069,139.930921,7,-0.052,0.173,9.611,9.25
1424931253300,37.493061,139.93092,7,-0.075,0.117,9.776,9.25
1424931253401,37.493053,139.93092,7,-0.067,0.131,9.572,9.25
1424931253501,37.493045,139.930919,7,-0.017,0.17,9.451,9.25
1424931253602,37.493037,139.930918,7,0.065,0.196,9.562,9.25
1424931253703,37.493029,139.930917,7,0.043,0.236,9.599,9.25
1424931253804,37.49302,139.930916,7,0.049,0.241,9.504,9.25
1424931253904,37.493012,139.930915,7,0.04,0.183,9.441,9.25
1424931254000,37.493005,139.930914,7,0.051,0.188,9.544,9.25
1424931254101,37.492997,139.930913,7,0.04,0.166,9.544,9.25
1424931254201,37.492989,139.930912,7,-0.012,0.099,9.654,9.25
1424931254302,37.492981,139.930911,7,-0.066,0.191,9.484,9.25
1424931254403,37.492972,139.930909,7,-0.068,0.205,9.355,9.261
1424931254503,37.492964,139.930905,7,0.021,0.184,9.535,9.285
1424931254604,37.492955,139.930902,7,0.109,0.18,9.595,9.31
1424931254700,37.492947,139.930899,7,0.117,0.148,9.499,9.334
1424931254801,37.492939,139.930895,7,0.14,0.17,9.475,9.359
1424931254901,37.49293,139.930892,7,0.089,0.189,9.434,9.384
1424931255002,37.492922,139.930888,7,0.092,0.203,9.528,9.41
1424931255103,37.492913,139.930885,7,0.069,0.18,9.521,9.435
1424931255203,37.492904,139.930881,7,0.072,0.116,9.57,9.46
1424931255304,37.492896,139.930878,7,0.035,0.151,9.507,9.486
1424931255400,37.492888,139.930875,7,-0.033,0.151,9.465,9.5
1424931255500,37.49288,139.930874,7,0.014,0.145,9.598,9.5
1424931255602,37.492872,139.930873,7,0.031,0.183,9.543,9.5
1424931255702,37.492865,139.930871,7,0.007,0.153,9.552,9.5
1424931255803,37.492857,139.93087,7,0.03,0.123,9.581,9.5
1424931255903,37.492849,139.930868,7,0.009,0.137,9.505,9.5
1424931256004,37.492841,139.930867,7,0.051,0.116,9.542,9.5
1424931256100,37.492834,139.930866,7,0.056,0.098,9.514,9.5
1424931256200,37.492826,139.930864,7,-0.036,0.052,9.521,9.5
1424931256301,37.492819,139.930863,7,-0.043,0.045,9.515,9.5
1424931256402,37.49281,139.930861,6,-0.095,-0.019,9.569,9.489
1424931256503,37.492801,139.930858,6,-0.076,-0.029,9.559,9.464
1424931256603,37.492792,139.930855,6,-0.042,-0.056,9.513,9.439
1424931256704,37.492783,139.930852,6,-0.06,-0.097,9.49,9.413
1424931256800,37.492775,139.93085,6,0.002,-0.139,9.474,9.389
1424931256900,37.492766,139.930847,6,-0.041,-0.188,9.469,9.364
1424931257001,37.492757,139.930844,6,0.023,-0.262,9.601,9.339
1424931257102,37.492748,139.930841,6,0.097,-0.324,9.688,9.314
1424931257203,37.49274,139.930838,6,0.089,-0.166,9.171,9.289
1424931257303,37.492731,139.930836,6,0.098,-0.245,9.383,9.264
1424931257404,37.492723,139.930833,6,-0.003,-0.335,9.737,9.239
1424931257500,37.492715,139.930831,6,-0.018,-0.366,9.869,9.215
1424931257600,37.492707,139.930829,6,-0.041,-0.33,9.352,9.189
1424931257701,37.492699,139.930827,6,-0.07,-0.266,9.295,9.164
1424931257802,37.492691,139.930826,6,-0.002,-0.215,9.451,9.139
1424931257902,37.492683,139.930824,6,-0.054,-0.263,9.658,9.114
1424931258003,37.492676,139.930822,6,-0.12,-0.301,9.512,9.088
1424931258104,37.492668,139.93082,6,-0.09,-0.308,9.421,9.063
1424931258204,37.49266,139.930818,6,-0.125,-0.334,9.521,9.039
1424931258300,37.492653,139.930816,6,-0.113,-0.375,9.961,9.015
1424931258401,37.492645,139.930814,5,-0.081,-0.327,9.633,8.99
1424931258501,37.492637,139.930813,5,-0.139,-0.272,9.319,8.964
1424931258602,37.492629,139.930812,5,-0.03,-0.364,9.471,8.939
1424931258703,37.492621,139.930811,5,-0.012,-0.226,9.712,8.913
1424931258804,37.492613,139.93081,5,-0.09,-0.252,9.569,8.888
1424931258904,37.492605,139.930808,5,-0.021,-0.275,9.411,8.863
1424931259000,37.492597,139.930807,5,-0.022,-0.28,9.404,8.839
1424931259101,37.492589,139.930806,5,-0.013,-0.318,9.671,8.814
1424931259202,37.492581,139.930805,5,-0.023,-0.358,9.858,8.789
1424931259302,37.492574,139.930804,5,-0.164,-0.356,9.674,8.764
1424931259403,37.492566,139.930802,5,-0.222,-0.251,9.332,8.728
1424931259504,37.492559,139.9308,5,-0.149,-0.176,9.394,8.676
1424931259604,37.492552,139.930799,5,-0.186,-0.242,9.672,8.625
1424931259700,37.492545,139.930797,5,-0.171,-0.23,9.715,8.577
1424931259801,37.492538,139.930795,5,-0.159,-0.177,9.386,8.526
1424931259901,37.492531,139.930794,5,-0.107,-0.151,9.079,8.476
1424931260002,37.492524,139.930792,5,0.002,-0.117,9.111,8.426
1424931260103,37.492517,139.93079,5,0.031,-0.229,9.672,8.376
1424931260204,37.492511,139.930789,5,-0.108,-0.385,9.954,8.326
1424931260304,37.492504,139.930787,5,-0.114,-0.338,9.614,8.277
1424931260400,37.492497,139.930785,5,-0.106,-0.322,9.375,8.24
1424931260501,37.49249,139.930784,5,-0.178,-0.283,9.571,8.214
1424931260601,37.492482,139.930783,5,-0.16,-0.135,9.794,8.189
1424931260702,37.492475,139.930782,5,-0.192,-0.032,9.677,8.164
1424931260803,37.492467,139.93078,5,-0.234,-0.055,9.557,8.138
1424931260903,37.49246,139.930779,5,-0.194,-0.027,9.459,8.113
1424931261004,37.492453,139.930778,5,-0.201,-0.031,9.53,8.088
1424931261100,37.492446,139.930776,5,-0.22,-0.026,9.57,8.064
1424931261201,37.492438,139.930775,5,-0.141,-0.022,9.527,8.039
1424931261301,37.492431,139.930774,5,-0.059,-0.035,9.405,8.015
1424931261402,37.492424,139.930772,6,-0.023,-0.107,9.482,8.0
1424931261503,37.492418,139.93077,6,-0.001,-0.107,9.546,8.0
1424931261603,37.492412,139.930768,6,-0.064,-0.118,9.601,8.0
1424931261704,37.492406,139.930766,6,-0.109,-0.102,9.504,8.0
1424931261800,37.492401,139.930764,6,-0.067,-0.055,9.5,8.0
1424931261900,37.492395,139.930762,6,-0.022,-0.104,9.655,8.0
1424931262001,37.492389,139.93076,6,-0.016,-0.115,9.571,8.0
1424931262102,37.492382,139.930758,6,-0.05,-0.101,9.486,8.0
1424931262203,37.492376,139.930756,6,-0.052,-0.125,9.53,8.0
1424931262303,37.49237,139.930754,6,-0.042,-0.151,9.523,8.0
1424931262404,37.492364,139.930752,6,0.009,-0.089,9.411,7.989
1424931262500,37.492357,139.930751,6,0.006,-0.131,9.444,7.965
1424931262600,37.49235,139.93075,6,-0.016,-0.232,9.544,7.939
1424931262701,37.492344,139.930749,6,0.011,-0.223,9.598,7.914
1424931262802,37.492337,139.930747,6,-0.023,-0.254,9.552,7.889
1424931262903,37.49233,139.930746,6,-0.064,-0.27,9.497,7.863
1424931263003,37.492323,139.930745,6,-0.017,-0.219,9.451,7.838
1424931263104,37.492316,139.930743,6,0.008,-0.269,9.692,7.813
1424931263200,37.49231,139.930742,6,-0.018,-0.298,9.778,7.789
1424931263300,37.492303,139.930741,6,0.003,-0.21,9.561,7.765
1424931263401,37.492296,139.930739,4,0.001,-0.219,9.492,7.74
1424931263502,37.49229,139.930738,4,-0.016,-0.253,9.53,7.714
1424931263602,37.492283,139.930736,4,0.069,-0.16,9.593,7.689
1424931263703,37.492276,139.930734,4,0.018,-0.104,9.444,7.663
1424931263804,37.49227,139.930732,4,-0.066,-0.181,9.438,7.638
1424931263905,37.492263,139.930731,4,-0.044,-0.258,9.58,7.613
1424931264000,37.492257,139.930729,4,-0.022,-0.223,9.524,7.589
1424931264101,37.492251,139.930727,4,-0.033,-0.217,9.389,7.564
1424931264202,37.492244,139.930726,4,0.026,-0.319,9.589,7.539
1424931264303,37.492238,139.930724,4,0.076,-0.307,9.642,7.514
1424931264403,37.492231,139.930723,5,-0.05,-0.206,9.398,7.489
1424931264504,37.492224,139.930723,5,-0.015,-0.254,9.502,7.463
1424931264604,37.492218,139.930722,5,0.044,-0.309,9.639,7.438
1424931264700,37.492211,139.930722,5,0.044,-0.224,9.564,7.414
1424931264801,37.492205,139.930722,5,0.047,-0.214,9.517,7.389
1424931264902,37.492198,139.930721,5,0.018,-0.207,9.451,7.363
1424931265002,37.492191,139.930721,5,-0.025,-0.205,9.535,7.339
1424931265103,37.492185,139.930721,5,-0.053,-0.217,9.618,7.313
1424931265204,37.492178,139.93072,5,0.013,-0.255,9.579,7.288
1424931265304,37.492172,139.93072,5,0.078,-0.201,9.496,7.264
1424931265400,37.492165,139.93072,5,0.065,-0.257,9.519,7.24
1424931265501,37.492159,139.930719,5,0.006,-0.29,9.573,7.214
1424931265601,37.492152,139.930719,5,0.009,-0.219,9.579,7.189
1424931265702,37.492146,139.930718,5,-0.021,-0.162,9.441,7.164
1424931265803,37.492139,139.930717,5,0.016,-0.214,9.433,7.138
1424931265904,37.492132,139.930717,5,0.133,-0.29,9.642,7.113
1424931266004,37.492126,139.930716,5,0.136,-0.236,9.599,7.088
1424931266105,37.492119,139.930716,5,0.038,-0.18,9.378,7.063
1424931266201,37.492113,139.930715,5,0.083,-0.256,9.553,7.039
1424931266300,37.492107,139.930714,5,0.148,-0.308,9.67,7.015
1424931266402,37.492101,139.930714,5,0.151,-0.248,9.587,6.989
1424931266501,37.492095,139.930712,5,0.099,-0.179,9.465,6.964
1424931266603,37.492089,139.930711,5,0.076,-0.189,9.473,6.938
1424931266703,37.492083,139.93071,5,0.03,-0.207,9.601,6.913
1424931266800,37.492078,139.930709,5,-0.064,-0.209,9.542,6.889
1424931266901,37.492072,139.930708,5,0.027,-0.239,9.719,6.864
1424931267001,37.492066,139.930707,5,0.123,-0.231,9.647,6.839
1424931267102,37.492061,139.930706,5,0.127,-0.174,9.39,6.814
1424931267203,37.492055,139.930705,5,-0.005,-0.214,9.534,6.789
1424931267304,37.492049,139.930704,5,0.085,-0.217,9.601,6.764
1424931267404,37.492044,139.930703,4,0.06,-0.236,9.716,6.739
1424931267500,37.492038,139.930702,4,0.051,-0.182,9.685,6.714
1424931267600,37.492033,139.930702,4,0.137,-0.232,9.517,6.689
1424931267701,37.492027,139.930701,4,0.189,-0.27,9.489,6.664
1424931267802,37.492022,139.9307,4,0.222,-0.128,9.41,6.638
1424931267903,37.492016,139.9307,4,0.091,-0.129,9.451,6.613
1424931268003,37.492011,139.930699,4,0.076,-0.146,9.627,6.588
1424931268104,37.492006,139.930699,4,-0.0,-0.085,9.42,6.563
1424931268200,37.492001,139.930698,4,-0.008,-0.14,9.516,6.539
1424931268300,37.491995,139.930697,4,-0.008,-0.235,9.723,6.515
1424931268401,37.49199,139.930697,5,0.115,-0.304,9.624,6.479
1424931268502,37.491984,139.930697,5,0.228,-0.239,9.515,6.427
1424931268603,37.491978,139.930696,5,0.165,-0.132,9.459,6.375
1424931268703,37.491972,139.930696,5,0.067,-0.214,9.546,6.324
1424931268804,37.491966,139.930696,5,0.053,-0.175,9.555,6.273
1424931268900,37.491961,139.930695,5,0.033,-0.077,9.508,6.225
1424931269000,37.491955,139.930695,5,0.026,-0.051,9.465,6.175
1424931269101,37.491949,139.930695,5,0.047,-0.169,9.574,6.126
1424931269202,37.491944,139.930694,5,0.085,-0.188,9.572,6.076
1424931269302,37.491938,139.930694,5,0.06,-0.079,9.467,6.028
1424931269403,37.491933,139.930694,5,0.075,-0.095,9.428,6.0
1424931269504,37.491928,139.930694,5,0.076,-0.219,9.568,6.0
1424931269600,37.491923,139.930694,5,0.04,-0.173,9.525,6.0
1424931269700,37.491917,139.930694,5,0.059,-0.115,9.521,6.0
1424931269801,37.491912,139.930694,5,-0.024,-0.13,9.551,6.0
1424931269902,37.491907,139.930694,5,-0.062,-0.168,9.542,6.0
1424931270003,37.491902,139.930694,5,0.108,-0.126,9.458,6.0
1424931270104,37.491896,139.930694,5,0.133,-0.079,9.509,6.0
1424931270204,37.491891,139.930694,5,0.171,-0.11,9.544,6.0
1424931270300,37.491886,139.930694,5,0.224,-0.171,9.553,6.0
1424931270400,37.491881,139.930694,5,0.259,-0.131,9.487,5.99
1424931270501,37.491876,139.930693,5,0.214,-0.051,9.478,5.964
1424931270602,37.491871,139.930693,5,0.205,-0.104,9.398,5.939
1424931270702,37.491866,139.930692,5,0.224,-0.186,9.579,5.913
1424931270803,37.491861,139.930692,5,0.293,-0.256,9.699,5.888
1424931270904,37.491856,139.930691,5,0.226,-0.251,9.559,5.863
1424931271004,37.491851,139.930691,5,0.162,-0.235,9.385,5.838
1424931271100,37.491846,139.93069,5,0.098,-0.276,9.491,5.814
1424931271201,37.491841,139.93069,5,0.191,-0.305,9.704,5.789
1424931271302,37.491836,139.930689,5,0.315,-0.316,9.853,5.764
1424931271402,37.491831,139.930689,4,0.298,-0.112,9.468,5.739
1424931271503,37.491826,139.930688,4,0.348,-0.013,9.236,5.714
1424931271604,37.491821,139.930687,4,0.339,-0.141,9.443,5.688
1424931271704,37.491816,139.930686,4,0.241,-0.253,9.555,5.663
1424931271800,37.491811,139.930685,4,0.181,-0.323,9.633,5.639
1424931271901,37.491806,139.930684,4,0.163,-0.366,9.595,5.613
1424931272001,37.491801,139.930683,4,0.285,-0.425,9.567,5.588
1424931272102,37.491796,139.930682,4,0.333,-0.497,9.551,5.563
1424931272203,37.491792,139.930681,4,0.328,-0.428,9.505,5.539
1424931272304,37.491787,139.93068,4,0.269,-0.273,9.536,5.514
1424931272404,37.491782,139.930679,5,0.187,-0.172,9.568,5.489
1424931272500,37.491777,139.930678,5,0.192,-0.107,9.535,5.464
1424931272601,37.491772,139.930676,5,0.216,-0.108,9.497,5.439
1424931272701,37.491767,139.930674,5,0.148,-0.254,9.473,5.413
1424931272802,37.491763,139.930673,5,0.092,-0.491,9.67,5.388
1424931272903,37.491758,139.930671,5,0.133,-0.557,9.562,5.363
1424931273003,37.491753,139.93067,5,0.125,-0.53,9.458,5.338
1424931273104,37.491748,139.930668,5,0.156,-0.502,9.343,5.313
1424931273200,37.491744,139.930667,5,0.163,-0.634,9.579,5.289
1424931273301,37.491739,139.930665,5,0.152,-0.812,9.954,5.264
1424931273401,37.491734,139.930663,6,0.114,-0.928,9.985,5.217
1424931273502,37.49173,139.93066,6,0.001,-0.611,9.29,5.136
1424931273603,37.491725,139.930657,6,-0.005,-0.586,9.147,5.057
1424931273703,37.491721,139.930655,6,-0.032,-0.8,9.568,4.98
1424931273804,37.491717,139.930652,6,-0.015,-0.873,9.504,4.903
1424931273900,37.491713,139.930649,6,0.158,-0.936,9.466,4.831
1424931274000,37.491709,139.930647,6,0.22,-1.006,9.664,4.757
1424931274101,37.491705,139.930644,6,0.161,-1.021,9.676,4.683
1424931274202,37.491701,139.930642,6,0.06,-1.03,9.567,4.611
1424931274303,37.491697,139.930639,6,-0.046,-1.168,9.528,4.54
1424931274403,37.491694,139.930637,6,-0.092,-1.235,9.441,4.452
1424931274504,37.49169,139.930636,6,-0.099,-1.247,9.633,4.341
1424931274600,37.491687,139.930635,6,-0.006,-1.154,9.608,4.237
1424931274700,37.491684,139.930634,6,-0.03,-1.061,9.298,4.132
1424931274801,37.491681,139.930633,6,-0.09,-1.073,9.257,4.028
1424931274902,37.491678,139.930632,6,0.162,-1.225,9.766,3.927
1424931275003,37.491675,139.930631,6,0.306,-1.208,9.874,3.828
1424931275103,37.491672,139.93063,6,0.229,-1.143,9.506,3.733
1424931275204,37.491669,139.930629,6,0.205,-1.129,9.512,3.64
1424931275300,37.491667,139.930628,6,0.233,-1.077,9.508,3.553
1424931275400,37.491664,139.930626,6,0.067,-1.015,9.56,3.44
1424931275501,37.491661,139.930624,6,-0.037,-0.942,9.52,3.291
1424931275603,37.491659,139.930622,6,0.012,-0.922,9.522,3.146
1424931275702,37.491656,139.93062,6,0.101,-0.927,9.596,3.011
1424931275803,37.491654,139.930618,6,0.012,-0.884,9.735,2.879
1424931275904,37.491652,139.930616,6,-0.079,-0.754,9.444,2.753
1424931276000,37.49165,139.930614,6,0.022,-0.713,9.373,2.637
1424931276100,37.491648,139.930612,6,0.121,-0.72,9.542,2.523
1424931276201,37.491646,139.93061,6,0.049,-0.682,9.625,2.412
1424931276302,37.491644,139.930609,6,-0.018,-0.583,9.52,2.308
1424931276402,37.491642,139.930607,7,0.091,-0.564,9.451,2.226
1424931276503,37.49164,139.930605,7,0.254,-0.613,9.591,2.171
1424931276604,37.491637,139.930602,7,0.227,-0.742,9.589,2.116
1424931276700,37.491635,139.9306,7,0.093,-0.722,9.519,2.066
1424931276800,37.491633,139.930598,7,0.043,-0.65,9.493,2.015
1424931276901,37.49163,139.930595,7,-0.005,-0.652,9.56,1.964
1424931277002,37.491628,139.930593,7,-0.018,-0.689,9.533,1.915
1424931277102,37.491626,139.930591,7,0.029,-0.651,9.454,1.867
1424931277203,37.491624,139.930589,7,0.065,-0.642,9.53,1.82
1424931277304,37.491622,139.930587,7,0.119,-0.689,9.621,1.775
1424931277404,37.49162,139.930585,7,0.082,-0.66,9.508,1.708
1424931277500,37.491619,139.930584,7,0.034,-0.593,9.463,1.62
1424931277601,37.491618,139.930583,7,0.075,-0.54,9.573,1.532
1424931277702,37.491617,139.930582,7,0.103,-0.531,9.627,1.447
1424931277802,37.491616,139.930581,7,0.054,-0.512,9.574,1.368
1424931277903,37.491615,139.93058,7,0.017,-0.467,9.531,1.292
1424931278004,37.491614,139.930579,7,0.083,-0.423,9.557,1.22
1424931278104,37.491613,139.930578,7,0.227,-0.385,9.522,1.153
1424931278200,37.491612,139.930577,7,0.268,-0.349,9.482,1.093
1424931278301,37.491611,139.930576,7,0.166,-0.345,9.509,1.033
1424931278401,37.491611,139.930576,5,0.057,-0.377,9.583,0.973
1424931278503,37.49161,139.930574,5,-0.005,-0.396,9.592,0.908
1424931278604,37.49161,139.930573,5,-0.008,-0.367,9.537,0.847
1424931278704,37.49161,139.930572,5,0.015,-0.325,9.508,0.79
1424931278804,37.491609,139.930571,5,0.056,-0.294,9.526,0.737
1424931278900,37.491609,139.93057,5,0.118,-0.257,9.551,0.689
1424931279001,37.491609,139.93057,5,0.16,-0.252,9.522,0.641
1424931279101,37.491609,139.930569,5,0.151,-0.281,9.518,0.598
1424931279202,37.491608,139.930568,5,0.11,-0.301,9.563,0.557
1424931279303,37.491608,139.930567,5,0.075,-0.305,9.552,0.52
1424931279404,37.491608,139.930567,5,0.067,-0.3,9.533,0.485
1424931279504,37.491607,139.930567,5,0.069,-0.306,9.528,0.454
1424931279600,37.491607,139.930568,5,0.068,-0.286,9.535,0.425
1424931279701,37.491607,139.930568,5,0.086,-0.244,9.524,0.396
1424931279801,37.491606,139.930568,5,0.123,-0.215,9.502,0.369
1424931279902,37.491606,139.930568,5,0.133,-0.195,9.514,0.344
1424931280003,37.491606,139.930568,5,0.112,-0.186,9.516,0.32
1424931280103,37.491606,139.930569,5,0.079,-0.165,9.507,0.298
1424931280204,37.491605,139.930569,5,0.07,-0.163,9.515,0.278
1424931280300,37.491605,139.930569,5,0.074,-0.171,9.532,0.26
1424931280406,37.491605,139.930569,5,0.075,-0.159,9.526,0.228
1424931280501,37.491605,139.93057,5,0.072,-0.155,9.515,0.184
1424931280600,37.491605,139.93057,5,0.079,-0.164,9.531,0.144
1424931280703,37.491606,139.93057,5,0.088,-0.165,9.539,0.108
1424931280802,37.491606,139.93057,5,0.085,-0.177,9.518,0.078
1424931280904,37.491606,139.930571,5,0.075,-0.175,9.529,0.052
1424931281000,37.491606,139.930571,5,0.065,-0.183,9.532,0.032
1424931281100,37.491606,139.930571,5,0.07,-0.193,9.512,0.017
1424931281201,37.491606,139.930571,5,0.074,-0.201,9.517,0.006
1424931281302,37.491606,139.930571,5,0.071,-0.201,9.529,0.001
1424931306504,37.491611,139.930538,4,0.137,0.218,9.551,0.005
1424931306600,37.491611,139.930538,4,0.154,0.49,9.522,0.014
1424931306700,37.491611,139.930538,4,0.142,0.749,9.491,0.029
1424931306801,37.491611,139.930538,4,0.132,0.961,9.489,0.049
1424931306902,37.49161,139.930538,4,0.099,1.11,9.525,0.073
1424931307002,37.49161,139.930538,4,0.049,1.213,9.523,0.103
1424931307103,37.49161,139.930538,4,0.031,1.327,9.52,0.138
1424931307204,37.49161,139.930538,4,0.048,1.391,9.524,0.178
1424931307300,37.491609,139.930538,4,0.068,1.416,9.533,0.221
1424931307400,37.491609,139.930538,5,0.067,1.437,9.552,0.266
1424931307501,37.491608,139.930538,5,0.063,1.48,9.483,0.318
1424931307602,37.491607,139.930537,5,0.078,1.523,9.452,0.389
1424931307702,37.491605,139.930536,5,0.127,1.528,9.485,0.477
1424931307803,37.491603,139.930536,5,0.175,1.516,9.489,0.583
1424931307904,37.491601,139.930535,5,0.215,1.49,9.464,0.709
1424931308000,37.491599,139.930534,5,0.146,1.498,9.518,0.844
1424931308100,37.491596,139.930533,5,0.104,1.477,9.571,1.003
1424931308201,37.491593,139.930531,5,0.151,1.426,9.655,1.182
1424931308302,37.491589,139.93053,5,0.057,1.538,9.385,1.379
1424931308402,37.491586,139.930529,5,0.027,1.569,9.446,1.543
1424931308503,37.491584,139.930528,5,0.209,1.338,9.88,1.653
1424931308604,37.491581,139.930528,5,0.223,1.124,9.927,1.774
1424931308704,37.491578,139.930527,5,0.082,1.346,9.337,1.903
1424931308805,37.491575,139.930526,5,0.163,1.493,9.108,2.044
1424931308901,37.491571,139.930526,5,0.237,1.449,9.15,2.187
1424931309000,37.491568,139.930525,5,0.284,1.283,9.637,2.345
1424931309102,37.491564,139.930524,5,0.219,1.216,9.781,2.517
1424931309201,37.49156,139.930523,5,0.03,1.285,9.436,2.695
1424931309304,37.491555,139.930523,5,0.05,1.336,9.449,2.89
1424931309403,37.491552,139.930522,4,0.117,1.311,9.731,3.022
1424931309500,37.491549,139.930521,4,0.182,1.269,9.512,3.073
1424931309601,37.491545,139.93052,4,0.208,1.44,9.369,3.128
1424931309701,37.491542,139.93052,4,0.338,1.489,9.474,3.183
1424931309802,37.491539,139.930519,4,0.197,1.246,9.541,3.239
1424931309903,37.491535,139.930518,4,0.029,1.096,9.667,3.297
1424931310004,37.491532,139.930518,4,0.032,1.376,9.534,3.355
1424931310104,37.491528,139.930517,4,0.097,1.6,9.443,3.415
1424931310200,37.491525,139.930516,4,0.124,1.55,9.513,3.473
1424931310301,37.491521,139.930516,4,0.104,1.467,9.489,3.534
1424931310401,37.491517,139.930515,4,0.288,1.202,9.647,3.597
1424931310502,37.491513,139.930514,4,0.335,1.083,9.911,3.661
1424931310603,37.491509,139.930513,4,0.343,1.515,9.214,3.726
1424931310704,37.491505,139.930512,4,0.295,1.637,9.346,3.792
1424931310804,37.491501,139.930512,4,0.278,1.204,9.967,3.859
1424931310900,37.491498,139.930511,4,0.256,1.113,9.801,3.924
1424931311001,37.491493,139.93051,4,0.228,1.283,9.169,3.994
1424931311101,37.491489,139.930509,4,0.27,1.512,9.36,4.064
1424931311202,37.491485,139.930508,4,0.211,1.34,9.649,4.136
1424931311303,37.491481,139.930508,4,0.196,0.987,9.669,4.208
1424931311404,37.491475,139.930507,7,0.263,0.937,9.731,4.322
1424931311504,37.491469,139.930506,7,0.143,0.919,9.179,4.491
1424931311600,37.491463,139.930506,7,0.143,0.428,9.201,4.661
1424931311701,37.491456,139.930506,7,0.219,-0.122,9.831,4.846
1424931311801,37.491449,139.930505,7,0.15,-0.023,9.661,5.038
1424931311902,37.491442,139.930505,7,0.078,0.157,9.239,5.239
1424931312003,37.491434,139.930504,7,0.31,-0.048,9.57,5.449
1424931312103,37.491426,139.930503,7,0.228,-0.238,9.603,5.663
1424931312204,37.491418,139.930503,7,0.043,-0.092,9.479,5.888
1424931312300,37.49141,139.930502,7,0.069,0.04,9.468,6.109
1424931312400,37.491403,139.930502,7,0.061,-0.019,9.334,6.25
1424931312501,37.491397,139.930501,7,-0.05,-0.165,9.526,6.25
1424931312602,37.491392,139.930501,7,-0.118,-0.092,9.705,6.25
1424931312703,37.491386,139.9305,7,-0.054,-0.027,9.434,6.25
1424931312803,37.491381,139.930499,7,0.05,-0.07,9.372,6.25
1424931312904,37.491376,139.930499,7,0.01,-0.084,9.478,6.25
1424931313000,37.49137,139.930498,7,0.005,-0.17,9.619,6.25
1424931313100,37.491365,139.930498,7,-0.058,-0.057,9.514,6.25
1424931313201,37.49136,139.930497,7,0.038,-0.057,9.505,6.25
1424931313302,37.491354,139.930496,7,0.22,-0.123,9.494,6.25
1424931313403,37.491349,139.930496,5,0.069,-0.101,9.47,6.239
1424931313503,37.491344,139.930495,5,0.06,-0.138,9.52,6.214
1424931313604,37.49134,139.930494,5,0.119,-0.171,9.719,6.188
1424931313700,37.491335,139.930493,5,0.222,-0.071,9.57,6.164
1424931313800,37.491331,139.930492,5,0.124,0.022,9.22,6.139
1424931313901,37.491326,139.930491,5,0.193,-0.199,9.684,6.113
1424931314002,37.491322,139.93049,5,0.149,-0.217,9.734,6.088
1424931314102,37.491317,139.930489,5,-0.005,0.013,9.498,6.064
1424931314203,37.491313,139.930488,5,0.054,0.349,10.037,6.039
1424931314304,37.491308,139.930487,5,-0.001,0.608,10.102,6.014
1424931314400,37.491304,139.930486,4,0.112,0.563,9.327,6.01
1424931314500,37.491299,139.930485,4,0.169,0.639,9.46,6.034
1424931314601,37.491294,139.930484,4,0.121,0.512,9.653,6.059
1424931314702,37.491289,139.930484,4,-0.001,0.521,9.82,6.084
1424931314802,37.491284,139.930483,4,0.066,0.509,9.354,6.109
1424931314903,37.491279,139.930482,4,0.224,0.604,9.401,6.134
1424931315004,37.491273,139.930482,4,0.166,0.396,9.493,6.16
1424931315105,37.491268,139.930481,4,0.145,0.398,9.49,6.185
1424931315200,37.491263,139.93048,4,0.147,0.586,9.453,6.209
1424931315301,37.491258,139.930479,4,0.083,0.618,9.47,6.235
1424931315402,37.491252,139.930479,4,0.015,0.563,9.413,6.27
1424931315502,37.491246,139.930478,4,0.055,0.605,9.491,6.319
1424931315603,37.49124,139.930478,4,0.073,0.675,9.522,6.368
1424931315704,37.491234,139.930477,4,0.035,0.668,9.497,6.418
1424931315804,37.491228,139.930477,4,0.029,0.632,9.424,6.467
1424931315900,37.491222,139.930476,4,0.085,0.639,9.486,6.515
1424931316001,37.491216,139.930476,4,0.092,0.646,9.493,6.566
1424931316102,37.491209,139.930475,4,0.084,0.612,9.491,6.617
1424931316202,37.491203,139.930475,4,0.13,0.594,9.545,6.668
1424931316303,37.491197,139.930474,4,0.149,0.642,9.475,6.72
1424931316404,37.49119,139.930473,4,0.109,0.588,9.58,6.771
1424931316504,37.491184,139.930471,4,0.137,0.559,9.672,6.82
1424931316600,37.491178,139.93047,4,0.171,0.619,9.646,6.867
1424931316701,37.491172,139.930468,4,0.152,0.696,9.537,6.916
1424931316801,37.491165,139.930466,4,0.141,0.662,9.492,6.966
1424931316902,37.491159,139.930464,4,0.192,0.644,9.566,7.017
1424931317003,37.491152,139.930462,4,0.172,0.637,9.591,7.067
1424931317104,37.491146,139.93046,4,0.189,0.679,9.477,7.119
1424931317204,37.491139,139.930458,4,0.183,0.585,9.525,7.17
1424931317300,37.491133,139.930456,4,0.124,0.532,9.563,7.219
1424931317401,37.491126,139.930454,4,0.091,0.535,9.41,7.297
1424931317501,37.491119,139.930452,4,0.085,0.495,9.508,7.414
1424931317602,37.491112,139.93045,4,0.08,0.428,9.607,7.534
1424931317703,37.491105,139.930448,4,-0.034,0.521,9.408,7.656
1424931317803,37.491098,139.930446,4,0.093,0.45,9.572,7.779
1424931317904,37.49109,139.930443,4,0.125,0.453,9.616,7.905
1424931318000,37.491083,139.930441,4,0.078,0.487,9.573,8.027
1424931318101,37.491075,139.930439,4,0.112,0.527,9.523,8.157
1424931318201,37.491068,139.930437,4,0.003,0.56,9.374,8.288
1424931318302,37.49106,139.930434,4,-0.023,0.529,9.545,8.422
1424931318403,37.491052,139.930432,4,0.091,0.543,9.524,8.489
1424931318503,37.491045,139.930431,4,0.081,0.5,9.515,8.464
1424931318604,37.491038,139.930429,4,-0.007,0.456,9.511,8.438
1424931318700,37.491031,139.930428,4,0.002,0.381,9.589,8.414
1424931318800,37.491024,139.930426,4,0.017,0.383,9.525,8.389
1424931318901,37.491017,139.930425,4,-0.02,0.355,9.477,8.364
1424931319002,37.49101,139.930423,4,0.018,0.307,9.546,8.339
1424931319103,37.491004,139.930422,4,0.032,0.296,9.518,8.314
1424931319203,37.490997,139.93042,4,0.077,0.295,9.499,8.289
1424931319304,37.49099,139.930419,4,-0.069,0.428,9.234,8.264
1424931319400,37.490983,139.930418,4,0.023,0.277,9.582,8.26
1424931319500,37.490975,139.930416,4,0.268,0.065,10.0,8.285
1424931319601,37.490968,139.930415,4,0.245,0.17,9.584,8.31
1424931319702,37.49096,139.930414,4,0.166,0.172,9.319,8.335
1424931319803,37.490953,139.930413,4,0.224,0.157,9.463,8.36
1424931319903,37.490945,139.930412,4,0.295,0.237,9.807,8.385
1424931320004,37.490937,139.93041,4,0.305,0.186,9.504,8.41
1424931320100,37.49093,139.930409,4,0.297,0.134,9.388,8.434
1424931320200,37.490922,139.930408,4,0.183,0.115,9.441,8.459
1424931320301,37.490915,139.930407,4,0.089,0.048,9.668,8.485
1424931320402,37.490907,139.930405,3,0.111,0.093,9.589,8.5
1424931320502,37.4909,139.930403,3,0.14,0.045,9.493,8.5
1424931320603,37.490892,139.930402,3,0.188,-0.015,9.614,8.5
1424931320704,37.490885,139.9304,3,0.175,0.01,9.648,8.5
1424931320800,37.490878,139.930398,3,0.077,0.017,9.414,8.5
1424931320900,37.490871,139.930396,3,0.151,-0.04,9.393,8.5
1424931321001,37.490863,139.930394,3,0.22,-0.062,9.553,8.5
1424931321102,37.490856,139.930393,3,0.163,-0.033,9.636,8.5
1424931321202,37.490849,139.930391,3,0.191,-0.063,9.589,8.5
1424931321303,37.490841,139.930389,3,0.105,-0.071,9.432,8.5
1424931321404,37.490834,139.930388,4,0.089,-0.085,9.407,8.489
1424931321500,37.490828,139.930387,4,0.12,-0.098,9.526,8.465
1424931321600,37.490821,139.930386,4,0.144,-0.133,9.503,8.439
1424931321701,37.490814,139.930385,4,0.156,-0.239,9.523,8.414
1424931321802,37.490808,139.930384,4,0.133,-0.292,9.57,8.389
1424931321902,37.490801,139.930383,4,0.142,-0.237,9.523,8.364
1424931322003,37.490794,139.930382,4,0.082,-0.229,9.435,8.338
1424931322104,37.490788,139.930381,4,0.134,-0.27,9.591,8.313
1424931322204,37.490781,139.93038,4,0.187,-0.251,9.588,8.289
1424931322300,37.490775,139.930379,4,0.173,-0.292,9.545,8.265
1424931322401,37.490768,139.930377,4,0.149,-0.25,9.499,8.24
1424931322502,37.490761,139.930376,4,0.039,-0.272,9.603,8.214
1424931322602,37.490754,139.930374,4,0.046,-0.285,9.676,8.189
1424931322703,37.490747,139.930373,4,0.078,-0.195,9.417,8.163
1424931322804,37.490741,139.930371,4,0.089,-0.201,9.406,8.138
1424931322904,37.490734,139.93037,4,0.072,-0.251,9.466,8.113
1424931323000,37.490727,139.930368,4,0.082,-0.214,9.592,8.089
1424931323106,37.49072,139.930367,4,-0.01,-0.255,9.538,8.063
1424931323201,37.490714,139.930365,4,-0.019,-0.364,9.661,8.039
1424931323301,37.490707,139.930364,4,0.018,-0.29,9.442,8.015
1424931323403,37.4907,139.930362,4,0.004,-0.277,9.414,7.989
1424931323502,37.490694,139.930361,4,0.031,-0.336,9.655,7.964
1424931323600,37.490687,139.930359,4,0.067,-0.279,9.643,7.939
1424931323700,37.490681,139.930358,4,0.052,-0.227,9.612,7.914
1424931323801,37.490674,139.930356,4,0.113,-0.267,9.48,7.889
1424931323901,37.490668,139.930355,4,0.156,-0.267,9.545,7.864
1424931324002,37.490661,139.930353,4,0.123,-0.198,9.631,7.839
1424931324103,37.490655,139.930352,4,0.152,-0.18,9.433,7.813
1424931324203,37.490648,139.93035,4,0.122,-0.227,9.559,7.789
1424931324304,37.490642,139.930349,4,0.093,-0.289,9.617,7.764
1424931324400,37.490635,139.930347,4,0.052,-0.234,9.37,7.729
1424931324501,37.490629,139.930346,4,0.065,-0.209,9.46,7.677
1424931324601,37.490623,139.930345,4,0.052,-0.286,9.615,7.626
1424931324702,37.490616,139.930343,4,0.017,-0.282,9.57,7.575
1424931324803,37.49061,139.930342,4,0.05,-0.22,9.554,7.524
1424931324903,37.490604,139.93034,4,0.056,-0.245,9.458,7.474
1424931325004,37.490598,139.930339,4,0.007,-0.275,9.509,7.424
1424931325100,37.490592,139.930338,4,0.14,-0.221,9.518,7.377
1424931325200,37.490586,139.930336,4,0.108,-0.225,9.674,7.328
1424931325301,37.49058,139.930335,4,0.101,-0.24,9.484,7.279
1424931325402,37.490573,139.930334,4,0.102,-0.259,9.445,7.239
1424931325503,37.490567,139.930334,4,0.161,-0.246,9.586,7.214
1424931325603,37.490561,139.930333,4,0.173,-0.312,9.723,7.188
1424931325704,37.490555,139.930333,4,0.245,-0.199,9.381,7.163
1424931325800,37.49055,139.930333,4,0.329,-0.24,9.442,7.139
1424931325900,37.490544,139.930332,4,0.182,-0.244,9.494,7.114
1424931326001,37.490538,139.930332,4,0.072,-0.221,9.557,7.089
1424931326102,37.490532,139.930332,4,0.099,-0.324,9.744,7.064
1424931326203,37.490526,139.930331,4,0.08,-0.266,9.617,7.039
1424931326303,37.49052,139.930331,4,0.131,-0.436,9.55,7.014
1424931326404,37.490514,139.93033,4,0.172,-0.43,9.377,6.977
1424931326505,37.490508,139.930329,4,0.159,-0.532,9.704,6.925
1424931326600,37.490503,139.930328,4,0.157,-0.447,9.403,6.877
1424931326701,37.490497,139.930327,4,0.089,-0.494,9.467,6.825
1424931326802,37.490491,139.930326,4,0.217,-0.6,9.665,6.774
1424931326902,37.490485,139.930325,4,0.245,-0.728,9.827,6.724
1424931327003,37.490479,139.930324,4,0.274,-0.627,9.507,6.674
1424931327104,37.490473,139.930323,4,0.292,-0.55,9.472,6.624
1424931327200,37.490468,139.930322,4,0.348,-0.683,9.471,6.578
1424931327300,37.490462,139.930321,4,0.286,-0.606,9.466,6.529
1424931327401,37.490457,139.93032,4,0.243,-0.527,9.523,6.479
1424931327502,37.490451,139.930319,4,0.231,-0.627,9.756,6.427
1424931327602,37.490445,139.930318,4,0.245,-0.644,9.558,6.375
1424931327703,37.490439,139.930317,4,0.228,-0.657,9.559,6.324
1424931327804,37.490434,139.930316,4,0.136,-0.668,9.598,6.273
1424931327904,37.490428,139.930316,4,0.133,-0.67,9.516,6.223
1424931328000,37.490423,139.930315,4,0.033,-0.707,9.498,6.175
1424931328101,37.490417,139.930314,4,0.049,-0.631,9.455,6.126
1424931328202,37.490412,139.930313,4,0.129,-0.615,9.16,6.076
1424931328302,37.490406,139.930312,4,0.209,-0.824,9.51,6.028
1424931328403,37.490401,139.930312,4,0.286,-1.013,9.872,5.953
1424931328504,37.490396,139.930311,4,0.212,-1.173,9.951,5.845
1424931328604,37.490391,139.93031,4,0.168,-1.174,9.672,5.739
1424931328700,37.490386,139.930309,4,0.181,-0.956,8.952,5.64
1424931328801,37.490382,139.930308,4,0.174,-1.061,9.27,5.537
1424931328902,37.490377,139.930307,4,0.098,-1.412,9.993,5.435
1424931329002,37.490373,139.930307,4,0.132,-1.344,9.875,5.337
1424931329103,37.490368,139.930306,4,0.108,-1.149,9.496,5.24
1424931329204,37.490364,139.930305,4,0.145,-1.104,9.438,5.144
1424931329304,37.490359,139.930304,4,0.108,-1.137,9.637,5.051
1424931329400,37.490356,139.930305,6,0.028,-1.288,9.755,4.943
1424931329501,37.490353,139.930306,6,-0.029,-1.446,9.463,4.802
1424931329602,37.490351,139.930307,6,0.114,-1.36,9.309,4.665
1424931329702,37.490348,139.930309,6,0.115,-1.169,9.71,4.532
1424931329803,37.490346,139.93031,6,0.036,-1.14,9.775,4.402
1424931329904,37.490344,139.930312,6,-0.06,-1.188,9.375,4.276
1424931330004,37.490341,139.930313,6,-0.1,-1.281,9.447,4.154
1424931330100,37.490339,139.930314,6,-0.097,-1.317,9.701,4.041
1424931330201,37.490337,139.930315,6,-0.12,-1.263,9.571,3.925
1424931330301,37.490335,139.930316,6,-0.188,-1.178,9.4,3.814
1424931330402,37.490333,139.930317,6,-0.175,-1.144,9.557,3.702
1424931330503,37.490331,139.930316,6,-0.131,-1.054,9.617,3.588
1424931330604,37.490328,139.930315,6,-0.134,-0.99,9.602,3.478
1424931330704,37.490326,139.930315,6,-0.127,-0.949,9.534,3.371
1424931330800,37.490324,139.930314,6,-0.15,-0.763,9.291,3.272
1424931330901,37.490322,139.930314,6,-0.183,-0.771,9.565,3.171
1424931331001,37.49032,139.930313,6,-0.264,-0.787,9.899,3.074
1424931331102,37.490318,139.930312,6,-0.401,-0.532,9.623,2.979
1424931331203,37.490316,139.930312,6,-0.399,-0.257,9.422,2.887
1424931331303,37.490314,139.930311,6,-0.403,-0.103,9.497,2.799
1424931331404,37.490312,139.930311,4,-0.391,0.097,9.177,2.726
1424931331500,37.49031,139.930312,4,-0.426,0.001,9.386,2.674
1424931331600,37.490308,139.930313,4,-0.449,-0.256,9.975,2.621
1424931331701,37.490306,139.930313,4,-0.381,-0.26,9.846,2.568
1424931331802,37.490304,139.930314,4,-0.396,0.002,9.242,2.517
1424931331903,37.490302,139.930314,4,-0.481,0.11,9.262,2.466
1424931332003,37.4903,139.930315,4,-0.577,0.079,9.44,2.417
1424931332104,37.490298,139.930316,4,-0.661,0.009,9.517,2.368
1424931332200,37.490296,139.930316,4,-0.714,-0.075,9.691,2.323
1424931332300,37.490294,139.930317,4,-0.742,-0.125,9.71,2.277
1424931332401,37.490292,139.930317,4,-0.751,-0.109,9.54,2.26
1424931332502,37.490289,139.930319,4,-0.825,-0.015,9.563,2.284
1424931332602,37.490286,139.93032,4,-0.749,0.112,9.485,2.308
1424931332703,37.490284,139.930321,4,-0.661,0.038,9.494,2.333
1424931332804,37.490281,139.930322,4,-0.726,-0.102,9.536,2.358
1424931332900,37.490278,139.930323,4,-1.06,-0.189,9.821,2.382
1424931333000,37.490275,139.930325,4,-1.382,-0.231,9.821,2.407
1424931333101,37.490273,139.930326,4,-1.278,-0.05,9.388,2.433
1424931333202,37.49027,139.930327,4,-1.112,0.078,9.358,2.459
1424931333302,37.490267,139.930328,4,-0.947,0.006,9.614,2.485
1424931333403,37.490264,139.93033,4,-0.708,-0.029,9.616,2.5
1424931333504,37.490262,139.930332,4,-0.538,0.065,9.445,2.5
1424931333600,37.490261,139.930333,4,-0.254,0.13,9.363,2.5
1424931333700,37.490259,139.930335,4,-0.257,0.124,9.359,2.5
1424931333801,37.490257,139.930337,4,-0.783,0.278,9.556,2.5
1424931333902,37.490255,139.930339,4,-1.411,0.283,9.524,2.5
1424931334002,37.490253,139.930341,4,-1.843,0.139,9.595,2.5
1424931334103,37.490252,139.930342,4,-1.892,0.168,9.557,2.5
1424931334204,37.49025,139.930344,4,-1.566,0.138,9.775,2.5
1424931334304,37.490248,139.930346,4,-1.38,-0.031,9.902,2.5
1424931334400,37.490246,139.930348,4,-1.143,0.133,9.355,2.518
1424931334501,37.490245,139.930351,4,-0.857,0.282,9.026,2.565
1424931334602,37.490244,139.930354,4,-0.681,0.355,9.233,2.613
1424931334702,37.490243,139.930358,4,-0.738,0.306,9.547,2.661
1424931334803,37.490241,139.930361,4,-0.787,0.375,9.814,2.71
1424931334904,37.49024,139.930364,4,-0.72,0.319,9.559,2.761
1424931335004,37.490238,139.930368,4,-0.943,0.157,9.225,2.812
1424931335100,37.490237,139.930371,4,-1.325,0.206,9.5,2.861
1424931335201,37.490235,139.930374,4,-1.618,0.347,9.718,2.914
1424931335302,37.490234,139.930378,4,-1.54,0.46,9.546,2.969
1424931335402,37.490233,139.930382,4,-0.926,0.595,9.567,3.01
1424931335503,37.490232,139.930385,4,-0.447,0.467,9.474,3.035
1424931335604,37.490232,139.930389,4,-0.252,0.443,9.505,3.059
1424931335704,37.490231,139.930393,4,-0.06,0.546,9.48,3.084
1424931335800,37.49023,139.930397,4,-0.073,0.536,9.33,3.108
1424931335901,37.49023,139.930401,4,-0.237,0.443,9.407,3.133
1424931336001,37.490229,139.930405,4,-0.436,0.565,9.68,3.158
1424931336102,37.490229,139.930409,4,-0.571,0.806,9.585,3.184
1424931336203,37.490228,139.930413,4,-0.575,0.738,9.419,3.209
1424931336303,37.490227,139.930417,4,-0.612,0.601,9.669,3.235
1424931336404,37.490227,139.930421,4,-0.472,0.593,9.716,3.261
1424931336500,37.490227,139.930424,4,-0.16,0.627,9.535,3.284
1424931336601,37.490227,139.930428,4,0.086,0.61,9.412,3.309
1424931336701,37.490227,139.930431,4,0.011,0.64,9.416,3.333
1424931336802,37.490227,139.930435,4,-0.127,0.672,9.475,3.358
1424931336903,37.490226,139.930439,4,-0.274,0.711,9.595,3.383
1424931337003,37.490226,139.930442,4,-0.321,0.772,9.614,3.409
1424931337104,37.490226,139.930446,4,-0.247,0.771,9.45,3.434
1424931337205,37.490226,139.93045,4,-0.046,0.789,9.395,3.46
1424931337301,37.490226,139.930454,4,0.132,0.835,9.436,3.485
1424931337400,37.490226,139.930458,4,0.167,0.852,9.482,3.527
1424931337502,37.490225,139.930463,4,0.058,0.88,9.44,3.598
1424931337601,37.490225,139.930467,4,0.026,0.773,9.615,3.667
1424931337703,37.490225,139.930472,4,-0.131,0.697,9.787,3.741
1424931337802,37.490224,139.930477,4,-0.376,0.847,9.535,3.814
1424931337900,37.490224,139.930482,4,-0.329,0.872,9.64,3.887
1424931338000,37.490224,139.930487,4,-0.274,0.944,9.359,3.963
1424931338101,37.490223,139.930492,4,-0.257,0.991,9.269,4.042
1424931338202,37.490223,139.930497,4,-0.283,0.925,9.557,4.122
1424931338303,37.490222,139.930503,4,-0.304,0.931,9.648,4.203
1424931338403,37.490222,139.930508,4,-0.35,0.992,9.726,4.289
1424931338504,37.490221,139.930514,4,-0.319,1.059,9.643,4.381
1424931338600,37.490221,139.930519,4,-0.207,1.02,9.466,4.471
1424931338700,37.49022,139.930525,4,-0.195,1.022,9.595,4.566
1424931338801,37.49022,139.930531,4,-0.172,0.939,9.489,4.665
1424931338902,37.490219,139.930537,4,-0.041,0.942,9.454,4.766
1424931339002,37.490218,139.930543,4,0.026,1.033,9.473,4.868
1424931339103,37.490218,139.930549,4,-0.01,1.064,9.482,4.973
1424931339204,37.490217,139.930556,4,-0.089,1.01,9.553,5.08
1424931339300,37.490216,139.930562,4,-0.176,0.982,9.672,5.184
1424931339400,37.490216,139.930569,4,-0.234,1.048,9.541,5.295
1424931339501,37.490215,139.930577,4,-0.224,1.088,9.388,5.41
1424931339602,37.490214,139.930585,4,-0.204,1.037,9.59,5.528
1424931339702,37.490212,139.930593,4,-0.163,1.034,9.615,5.648
1424931339803,37.490211,139.930601,4,-0.048,1.169,9.303,5.771
1424931339904,37.49021,139.93061,4,0.093,1.138,9.355,5.897
1424931340005,37.490209,139.930619,4,0.119,0.988,9.649,6.026
1424931340100,37.490208,139.930627,4,0.058,0.999,9.556,6.149
1424931340201,37.490207,139.930636,4,-0.03,1.082,9.432,6.283
1424931340302,37.490206,139.930646,4,-0.118,1.036,9.516,6.42
1424931340402,37.490204,139.930655,5,-0.087,0.966,9.457,6.51
1424931340503,37.490203,139.930664,5,0.029,0.941,9.596,6.535
1424931340604,37.490202,139.930673,5,0.083,0.961,9.583,6.56
1424931340704,37.490201,139.930682,5,0.042,0.927,9.415,6.585
1424931340800,37.490199,139.930691,5,0.024,0.929,9.439,6.609
1424931340901,37.490198,139.9307,5,0.007,0.805,9.598,6.634
1424931341002,37.490197,139.930709,5,-0.021,0.636,9.674,6.659
1424931341102,37.490195,139.930718,5,0.024,0.474,9.475,6.685
1424931341203,37.490194,139.930727,5,-0.006,0.286,9.3,6.71
1424931341304,37.490193,139.930737,5,-0.048,0.011,9.556,6.736
1424931341404,37.490191,139.930745,5,-0.12,-0.08,9.714,6.75
1424931341500,37.49019,139.930753,5,-0.159,-0.013,9.611,6.75
1424931341601,37.490188,139.93076,5,-0.075,0.018,9.478,6.75
1424931341701,37.490187,139.930768,5,-0.122,-0.251,9.801,6.75
1424931341802,37.490185,139.930775,5,-0.1,-0.177,9.602,6.75
1424931341903,37.490184,139.930783,5,-0.086,0.094,9.108,6.75
1424931342004,37.490182,139.93079,5,-0.061,0.006,9.318,6.75
1424931342104,37.490181,139.930798,5,-0.145,-0.193,9.722,6.75
1424931342200,37.490179,139.930805,5,-0.158,-0.187,9.714,6.75
1424931342301,37.490178,139.930813,5,-0.163,-0.072,9.641,6.75
1424931342401,37.490177,139.93082,5,-0.159,-0.136,9.431,6.74
1424931342502,37.490177,139.930827,5,-0.089,-0.164,9.252,6.714
1424931342603,37.490177,139.930834,5,-0.05,-0.123,9.56,6.688
1424931342704,37.490178,139.93084,5,0.0,-0.064,9.613,6.663
1424931342804,37.490178,139.930847,5,-0.064,-0.091,9.555,6.638
1424931342900,37.490178,139.930853,5,-0.133,-0.043,9.446,6.614
1424931343001,37.490178,139.93086,5,-0.13,-0.08,9.383,6.589
1424931343101,37.490178,139.930867,5,-0.131,-0.164,9.573,6.564
1424931343202,37.490179,139.930874,5,-0.131,-0.155,9.718,6.539
1424931343303,37.490179,139.93088,5,-0.117,-0.065,9.53,6.514
1424931343403,37.490179,139.930887,5,-0.117,-0.066,9.449,6.489
1424931343504,37.490178,139.930894,5,-0.137,-0.136,9.517,6.463
1424931343600,37.490177,139.930901,5,-0.111,-0.2,9.606,6.439
1424931343700,37.490177,139.930908,5,-0.043,-0.168,9.679,6.414
1424931343801,37.490176,139.930915,5,-0.052,0.045,9.586,6.389
1424931343902,37.490175,139.930922,5,-0.099,0.109,9.448,6.363
1424931344003,37.490174,139.930929,5,-0.148,0.216,9.413,6.338
1424931344103,37.490174,139.930936,5,-0.16,0.333,9.631,6.313
1424931344204,37.490173,139.930943,5,-0.184,0.458,9.612,6.288
1424931344300,37.490172,139.93095,5,-0.142,0.542,9.542,6.265
1424931344400,37.490172,139.930957,3,-0.079,0.586,9.485,6.25
1424931344501,37.490171,139.930963,3,-0.029,0.593,9.396,6.25
1424931344602,37.49017,139.93097,3,-0.054,0.593,9.435,6.25
1424931344703,37.490169,139.930977,3,-0.145,0.645,9.475,6.25
1424931344803,37.490168,139.930983,3,-0.195,0.658,9.547,6.25
1424931344904,37.490168,139.93099,3,-0.169,0.627,9.583,6.25
1424931345000,37.490167,139.930996,3,-0.104,0.565,9.533,6.25
1424931345100,37.490166,139.931003,3,-0.065,0.553,9.485,6.25
1424931345201,37.490165,139.93101,3,0.016,0.576,9.563,6.25
1424931345302,37.490164,139.931016,3,0.009,0.567,9.541,6.25
1424931345403,37.490163,139.931023,5,0.008,0.608,9.347,6.271
1424931345503,37.490162,139.931031,5,0.051,0.648,9.396,6.319
1424931345604,37.49016,139.931038,5,0.023,0.593,9.654,6.368
1424931345700,37.490159,139.931046,5,-0.027,0.517,9.749,6.416
1424931345800,37.490158,139.931054,5,-0.082,0.57,9.553,6.465
1424931345901,37.490156,139.931061,5,-0.11,0.641,9.459,6.516
1424931346002,37.490155,139.931069,5,-0.131,0.559,9.566,6.567
1424931346102,37.490153,139.931077,5,-0.222,0.634,9.47,6.617
1424931346203,37.490151,139.931085,5,-0.155,0.674,9.554,6.669
1424931346304,37.49015,139.931093,5,-0.119,0.633,9.664,6.721
1424931346400,37.490149,139.931101,5,-0.182,0.628,9.495,6.769
1424931346500,37.490148,139.931109,5,-0.197,0.688,9.425,6.818
1424931346601,37.490147,139.931117,5,-0.21,0.669,9.537,6.867
1424931346702,37.490146,139.931124,5,-0.252,0.669,9.48,6.917
1424931346802,37.490145,139.931132,5,-0.148,0.655,9.522,6.967
1424931346903,37.490144,139.93114,5,0.029,0.602,9.569,7.017
1424931347004,37.490143,139.931148,5,0.098,0.557,9.402,7.068
1424931347104,37.490142,139.931156,5,0.097,0.528,9.505,7.119
1424931347200,37.490141,139.931164,5,0.033,0.513,9.623,7.168
1424931347301,37.49014,139.931172,5,0.01,0.555,9.508,7.22
1424931347402,37.490138,139.931181,5,0.007,0.539,9.476,7.26
1424931347502,37.490137,139.931189,5,0.021,0.499,9.5,7.285
1424931347604,37.490135,139.931197,5,0.002,0.534,9.462,7.31
1424931347704,37.490134,139.931206,5,-0.029,0.552,9.365,7.335
1424931347804,37.490132,139.931214,5,0.018,0.449,9.59,7.36
1424931347900,37.490131,139.931223,5,0.061,0.39,9.761,7.384
1424931348001,37.490129,139.931231,5,0.055,0.47,9.355,7.409
1424931348101,37.490128,139.93124,5,0.086,0.436,9.4,7.434
1424931348202,37.490126,139.931248,5,0.005,0.398,9.515,7.46
1424931348303,37.490125,139.931257,5,0.06,0.469,9.552,7.486
1424931348404,37.490123,139.931266,5,0.223,0.492,9.664,7.511
1424931348504,37.490122,139.931274,5,0.135,0.49,9.644,7.535
1424931348600,37.490121,139.931282,5,-0.007,0.476,9.548,7.559
1424931348701,37.49012,139.931291,5,-0.064,0.411,9.542,7.584
1424931348801,37.490119,139.9313,5,-0.083,0.496,9.613,7.609
1424931348902,37.490118,139.931308,5,-0.081,0.517,9.67,7.634
1424931349003,37.490116,139.931317,5,-0.144,0.52,9.525,7.66
1424931349104,37.490115,139.931326,5,-0.152,0.554,9.444,7.685
1424931349204,37.490114,139.931334,5,-0.094,0.483,9.492,7.71
1424931349300,37.490113,139.931343,5,-0.048,0.507,9.498,7.735
1424931349401,37.490112,139.931352,3,-0.005,0.568,9.499,7.76
1424931349501,37.49011,139.93136,3,0.01,0.525,9.442,7.785
1424931349602,37.490109,139.931369,3,-0.021,0.469,9.492,7.81
1424931349703,37.490108,139.931378,3,-0.026,0.485,9.49,7.835
1424931349803,37.490107,139.931387,3,-0.007,0.458,9.444,7.86
1424931349904,37.490106,139.931396,3,-0.012,0.45,9.465,7.885
1424931350000,37.490104,139.931405,3,-0.002,0.447,9.517,7.909
1424931350101,37.490103,139.931414,3,-0.037,0.398,9.63,7.934
1424931350201,37.490102,139.931423,3,-0.175,0.407,9.595,7.96
1424931350302,37.490101,139.931432,3,-0.196,0.446,9.46,7.985
1424931350403,37.4901,139.931441,5,-0.218,0.403,9.438,8.021
1424931350503,37.4901,139.931451,5,-0.219,0.387,9.599,8.07
1424931350604,37.4901,139.931461,5,-0.178,0.415,9.51,8.119
1424931350700,37.490099,139.93147,5,-0.215,0.375,9.395,8.167
1424931350800,37.490099,139.93148,5,-0.278,0.388,9.413,8.216
1424931350901,37.490099,139.93149,5,-0.203,0.308,9.56,8.267
1424931351002,37.490099,139.9315,5,-0.133,0.241,9.633,8.318
1424931351103,37.490099,139.93151,5,-0.089,0.257,9.569,8.369
1424931351203,37.490098,139.93152,5,-0.069,0.259,9.46,8.419
1424931351304,37.490098,139.93153,5,-0.105,0.27,9.517,8.471
1424931351400,37.490098,139.93154,5,-0.114,0.326,9.552,8.5
1424931351505,37.490097,139.931551,5,-0.092,0.308,9.529,8.5
1424931351601,37.490097,139.931561,5,-0.12,0.275,9.536,8.5
1424931351700,37.490097,139.931571,5,-0.112,0.288,9.499,8.5
1424931351802,37.490096,139.931581,5,-0.075,0.247,9.472,8.5
1424931351902,37.490096,139.931591,5,-0.068,0.239,9.504,8.5
1424931352004,37.490095,139.931602,5,-0.047,0.227,9.544,8.5
1424931352100,37.490095,139.931611,5,-0.041,0.137,9.579,8.5
1424931352200,37.490095,139.931622,5,-0.048,0.146,9.586,8.5
1424931352301,37.490094,139.931632,5,0.017,0.21,9.418,8.5
1424931352402,37.490094,139.931642,5,0.058,0.14,9.432,8.489
1424931352502,37.490093,139.93165,5,0.015,0.115,9.608,8.464
1424931352603,37.490092,139.931659,5,-0.067,0.099,9.686,8.439
1424931352704,37.490092,139.931668,5,-0.145,0.082,9.611,8.413
1424931352804,37.490091,139.931677,5,-0.176,0.11,9.559,8.388
1424931352900,37.49009,139.931685,5,-0.094,0.138,9.458,8.364
1424931353001,37.490089,139.931693,5,-0.067,0.164,9.429,8.339
1424931353102,37.490089,139.931702,5,-0.051,0.169,9.468,8.314
1424931353202,37.490088,139.931711,5,-0.071,0.073,9.58,8.289
1424931353303,37.490087,139.931719,5,-0.12,0.01,9.626,8.264
1424931353404,37.490087,139.931728,5,-0.109,0.035,9.513,8.25
1424931353504,37.490086,139.931737,5,-0.042,0.039,9.394,8.25
1424931353600,37.490085,139.931745,5,0.003,0.058,9.48,8.25
1424931353701,37.490085,139.931754,5,0.058,0.064,9.579,8.25
1424931353801,37.490084,139.931763,5,0.044,0.005,9.555,8.25
1424931353902,37.490083,139.931772,5,-0.036,0.018,9.496,8.25
1424931354003,37.490082,139.931781,5,-0.028,0.037,9.371,8.25
1424931354104,37.490082,139.931789,5,-0.028,0.033,9.347,8.25
1424931354204,37.490081,139.931798,5,-0.056,0.009,9.59,8.25
1424931354300,37.49008,139.931807,5,-0.066,-0.094,9.733,8.25
1424931354401,37.49008,139.931816,4,0.029,-0.024,9.462,8.25
1424931354501,37.490079,139.931825,4,0.062,0.027,9.388,8.25
1424931354602,37.490078,139.931835,4,0.073,-0.016,9.527,8.25
1424931354703,37.490077,139.931844,4,-0.009,0.052,9.705,8.25
1424931354804,37.490076,139.931853,4,-0.135,0.138,9.458,8.25
1424931354904,37.490075,139.931863,4,-0.102,-0.01,9.461,8.25
1424931355000,37.490074,139.931872,4,-0.099,-0.039,9.688,8.25
1424931355101,37.490073,139.931881,4,-0.139,0.007,9.707,8.25
1424931355201,37.490072,139.93189,4,-0.222,0.058,9.562,8.25
1424931355302,37.490072,139.9319,4,-0.278,0.085,9.493,8.25
1424931355403,37.49007,139.931909,5,-0.233,0.177,9.546,8.239
1424931355504,37.490069,139.931918,5,-0.197,0.176,9.502,8.214
1424931355604,37.490067,139.931926,5,-0.182,0.148,9.452,8.188
1424931355700,37.490066,139.931935,5,-0.177,0.134,9.481,8.164
1424931355801,37.490064,139.931944,5,-0.176,0.062,9.516,8.139
1424931355901,37.490063,139.931952,5,-0.239,0.101,9.486,8.114
1424931356002,37.490061,139.931961,5,-0.211,0.163,9.281,8.089
1424931356103,37.49006,139.93197,5,-0.167,0.067,9.503,8.064
1424931356203,37.490058,139.931979,5,-0.116,-0.074,9.891,8.039
1424931356304,37.490057,139.931987,5,-0.031,0.015,9.679,8.014
1424931356400,37.490055,139.931995,5,-0.074,-0.054,9.722,8.0
1424931356500,37.490054,139.932004,5,-0.245,0.016,9.522,8.0
1424931356601,37.490052,139.932013,5,-0.149,0.293,9.359,8.0
1424931356702,37.490051,139.932022,5,-0.051,0.302,9.526,8.0
1424931356803,37.490049,139.932031,5,-0.026,0.221,9.745,8.0
1424931356903,37.490047,139.932039,5,0.028,0.301,9.538,8.0
1424931357004,37.490046,139.932048,5,-0.019,0.235,9.257,8.0
1424931357100,37.490044,139.932056,5,-0.033,0.223,9.363,8.0
1424931357200,37.490043,139.932065,5,0.009,0.286,9.508,8.0
1424931357301,37.490041,139.932074,5,-0.006,0.31,9.453,8.0
1424931357402,37.49004,139.932083,5,-0.069,0.214,9.623,8.01
1424931357503,37.490039,139.932092,5,-0.076,0.164,9.59,8.035
1424931357603,37.490038,139.932101,5,-0.068,0.168,9.565,8.06
1424931357704,37.490037,139.93211,5,-0.084,0.22,9.497,8.085
1424931357800,37.490037,139.932119,5,-0.069,0.283,9.472,8.109
1424931357900,37.490036,139.932128,5,-0.125,0.295,9.562,8.134
1424931358001,37.490035,139.932137,5,-0.159,0.283,9.623,8.159
1424931358102,37.490034,139.932146,5,-0.11,0.253,9.574,8.185
1424931358203,37.490033,139.932156,5,-0.114,0.189,9.542,8.21
1424931358303,37.490032,139.932165,5,-0.133,0.2,9.564,8.236
1424931358404,37.490031,139.932174,4,-0.155,0.231,9.463,8.25
1424931358500,37.49003,139.932183,4,-0.201,0.228,9.434,8.25
1424931358600,37.490029,139.932192,4,-0.215,0.202,9.561,8.25
1424931358701,37.490028,139.932201,4,-0.166,0.152,9.6,8.25
1424931358802,37.490026,139.932211,4,-0.173,0.163,9.543,8.25
1424931358902,37.490025,139.93222,4,-0.127,0.202,9.424,8.25
1424931359003,37.490024,139.932229,4,-0.116,0.165,9.424,8.25
1424931359104,37.490022,139.932238,4,-0.179,0.199,9.467,8.25
1424931359200,37.490021,139.932247,4,-0.213,0.251,9.438,8.25
1424931359300,37.49002,139.932256,4,-0.218,0.131,9.5,8.25
1424931359401,37.490019,139.932266,4,-0.188,0.121,9.676,8.27
1424931359502,37.490017,139.932277,4,-0.134,0.071,9.672,8.319
1424931359602,37.490016,139.932287,4,-0.14,0.088,9.584,8.368
1424931359703,37.490015,139.932298,4,-0.216,0.161,9.567,8.418
1424931359804,37.490014,139.932309,4,-0.164,0.25,9.484,8.468
1424931359900,37.490013,139.932319,4,-0.139,0.24,9.456,8.516
1424931360000,37.490011,139.93233,4,-0.105,0.227,9.483,8.567
1424931360101,37.49001,139.932341,4,-0.101,0.218,9.442,8.618
1424931360202,37.490009,139.932352,4,-0.152,0.106,9.518,8.669
1424931360302,37.490008,139.932363,4,-0.227,0.114,9.504,8.72
1424931360403,37.490007,139.932373,5,-0.256,0.087,9.466,8.705
1424931360504,37.490006,139.932382,5,-0.266,0.022,9.553,8.599
1424931360604,37.490006,139.932391,5,-0.224,0.138,9.396,8.495
1424931360700,37.490006,139.9324,5,-0.087,0.095,9.449,8.396
1424931360801,37.490005,139.932409,5,-0.105,-0.069,9.689,8.294
1424931360901,37.490005,139.932417,5,-0.076,-0.046,9.81,8.194
1424931361002,37.490004,139.932426,5,-0.169,0.062,9.492,8.094
1424931361103,37.490004,139.932435,5,-0.142,0.08,9.309,7.995
1424931361204,37.490004,139.932443,5,-0.091,0.059,9.604,7.898
1424931361304,37.490003,139.932451,5,-0.12,0.004,9.77,7.803
1424931361400,37.490003,139.93246,7,-0.129,0.06,9.574,7.779
1424931361501,37.490004,139.932471,7,-0.232,0.048,9.328,7.852
1424931361601,37.490005,139.932481,7,-0.245,-0.047,9.671,7.924
1424931361702,37.490006,139.932492,7,-0.228,-0.005,9.695,7.999
1424931361803,37.490007,139.932503,7,-0.237,0.153,9.352,8.074
1424931361904,37.490008,139.932514,7,-0.24,0.117,9.185,8.149
1424931362004,37.490009,139.932525,7,-0.241,-0.043,9.587,8.225
1424931362100,37.49001,139.932536,7,-0.226,-0.0,9.646,8.298
1424931362201,37.490011,139.932547,7,-0.144,-0.022,9.431,8.376
1424931362301,37.490012,139.932558,7,-0.133,-0.092,9.363,8.454
1424931362402,37.490013,139.932569,7,-0.101,-0.082,9.356,8.5
1424931362503,37.490014,139.932579,7,0.038,-0.158,9.715,8.5
1424931362603,37.490014,139.932588,7,0.12,-0.221,9.745,8.5
1424931362704,37.490014,139.932598,7,0.124,-0.088,9.387,8.5
1424931362800,37.490015,139.932607,7,0.097,-0.048,9.274,8.5
1424931362900,37.490015,139.932617,7,0.05,-0.103,9.452,8.5
1424931363001,37.490016,139.932627,7,0.08,-0.109,9.731,8.5
1424931363102,37.490016,139.932636,7,0.123,-0.14,9.641,8.5
1424931363203,37.490016,139.932646,7,0.074,-0.221,9.513,8.5
1424931363303,37.490017,139.932656,7,-0.012,-0.26,9.585,8.5
1424931363404,37.490016,139.932664,6,-0.109,-0.185,9.526,8.453
1424931363500,37.490015,139.932672,6,-0.173,-0.115,9.495,8.352
1424931363600,37.490013,139.932679,6,-0.184,-0.055,9.495,8.249
1424931363701,37.490012,139.932687,6,-0.149,-0.134,9.647,8.145
1424931363802,37.49001,139.932694,6,-0.131,-0.208,9.691,8.043
1424931363903,37.490009,139.932702,6,-0.143,-0.173,9.602,7.941
1424931364003,37.490007,139.932709,6,-0.147,-0.159,9.546,7.843
1424931364104,37.490006,139.932716,6,-0.101,-0.212,9.516,7.744
1424931364200,37.490004,139.932723,6,-0.009,-0.142,9.498,7.652
1424931364300,37.490003,139.93273,6,0.097,-0.156,9.568,7.556
1424931364401,37.490001,139.932738,6,0.148,-0.266,9.578,7.479
1424931364502,37.49,139.932747,6,0.123,-0.229,9.53,7.427
1424931364602,37.489998,139.932756,6,0.121,-0.231,9.51,7.376
1424931364703,37.489996,139.932765,6,0.18,-0.299,9.582,7.325
1424931364804,37.489995,139.932774,6,0.19,-0.288,9.641,7.274
1424931364900,37.489993,139.932783,6,0.194,-0.221,9.47,7.226
1424931365000,37.489992,139.932792,6,0.298,-0.207,9.492,7.176
1424931365101,37.48999,139.932801,6,0.167,-0.335,9.784,7.126
1424931365202,37.489988,139.932809,6,0.138,-0.269,9.654,7.077
1424931365302,37.489987,139.932818,6,0.185,-0.108,9.237,7.028
1424931365403,37.489986,139.932826,6,0.106,-0.194,9.427,6.989
1424931365504,37.489985,139.932833,6,-0.036,-0.284,9.801,6.963
1424931365605,37.489984,139.932839,6,-0.094,-0.198,9.538,6.938
1424931365700,37.489983,139.932846,6,-0.195,-0.099,9.35,6.914
1424931365806,37.489981,139.932853,6,-0.221,-0.251,9.516,6.887
1424931365902,37.489981,139.932859,6,-0.096,-0.29,9.57,6.863
1424931366001,37.48998,139.932866,6,0.022,-0.171,9.518,6.839
1424931366103,37.489979,139.932872,6,-0.022,-0.15,9.474,6.813
1424931366202,37.489978,139.932879,6,-0.112,-0.261,9.565,6.789
1424931366304,37.489977,139.932885,6,-0.181,-0.216,9.501,6.764
1424931366400,37.489975,139.932892,6,-0.15,-0.196,9.554,6.729
1424931366501,37.489973,139.932898,6,-0.118,-0.308,9.676,6.677
1424931366602,37.48997,139.932905,6,-0.117,-0.25,9.654,6.625
1424931366702,37.489968,139.932911,6,0.003,-0.156,9.359,6.575
1424931366803,37.489965,139.932918,6,0.084,-0.128,9.297,6.524
1424931366904,37.489963,139.932924,6,0.025,-0.125,9.333,6.473
1424931367004,37.48996,139.932931,6,-0.006,-0.128,9.528,6.424
1424931367100,37.489958,139.932937,6,0.08,-0.137,9.578,6.376
1424931367201,37.489956,139.932943,6,0.119,-0.215,9.603,6.327
1424931367302,37.489953,139.932949,6,-0.011,-0.253,9.471,6.278
1424931367402,37.489951,139.932955,6,0.002,-0.297,9.556,6.239
1424931367503,37.48995,139.932961,6,0.097,-0.371,9.702,6.214
1424931367604,37.489949,139.932966,6,0.147,-0.325,9.645,6.188
1424931367704,37.489948,139.932972,6,0.177,-0.185,9.438,6.163
1424931367800,37.489947,139.932977,6,0.231,-0.116,9.423,6.139
1424931367901,37.489945,139.932982,6,0.195,-0.251,9.451,6.113
1424931368001,37.489944,139.932988,6,0.052,-0.401,9.574,6.089
1424931368102,37.489943,139.932993,6,-0.046,-0.506,9.737,6.064
1424931368203,37.489942,139.932999,6,-0.004,-0.602,9.657,6.039
1424931368304,37.489941,139.933004,6,0.042,-0.665,9.466,6.014
1424931368404,37.48994,139.93301,6,0.128,-0.637,9.502,5.965
1424931368500,37.489939,139.933017,6,0.149,-0.447,9.589,5.889
1424931368601,37.489939,139.933024,6,0.158,-0.279,9.565,5.81
1424931368701,37.489939,139.93303,6,0.15,-0.163,9.458,5.733
1424931368802,37.489938,139.933037,6,0.097,-0.123,9.476,5.656
1424931368903,37.489938,139.933044,6,0.114,-0.101,9.511,5.58
1424931369003,37.489937,139.93305,6,0.142,-0.198,9.469,5.506
1424931369104,37.489937,139.933057,6,0.178,-0.354,9.416,5.432
1424931369200,37.489937,139.933063,6,0.217,-0.529,9.484,5.363
1424931369300,37.489936,139.933069,6,0.222,-0.673,9.576,5.292
1424931369401,37.489935,139.933076,6,0.188,-0.753,9.619,5.217
1424931369502,37.489934,139.933082,6,0.157,-0.816,9.591,5.136
1424931369603,37.489932,139.933088,6,0.128,-0.818,9.463,5.057
1424931369703,37.48993,139.933094,6,0.161,-0.85,9.508,4.98
1424931369804,37.489929,139.933099,6,0.182,-0.858,9.599,4.903
1424931369900,37.489927,139.933105,6,0.194,-0.835,9.585,4.831
1424931370000,37.489925,139.93311,6,0.138,-0.775,9.527,4.757
1424931370101,37.489924,139.933116,6,0.082,-0.772,9.523,4.683
1424931370202,37.489922,139.933122,6,0.054,-0.889,9.581,4.611
1424931370303,37.489921,139.933127,6,0.071,-1.018,9.654,4.54
1424931370403,37.48992,139.933131,6,0.08,-1.158,9.528,4.452
1424931370504,37.48992,139.933135,6,0.078,-1.208,9.526,4.341
1424931370600,37.489919,139.933138,6,0.127,-1.242,9.474,4.237
1424931370700,37.489919,139.933141,6,0.167,-1.28,9.421,4.132
1424931370801,37.489919,139.933144,6,0.087,-1.465,9.586,4.028
1424931370902,37.489919,139.933147,6,-0.006,-1.52,9.699,3.927
1424931371003,37.489919,139.933149,6,-0.066,-1.512,9.543,3.828
1424931371103,37.489918,139.933152,6,-0.17,-1.506,9.609,3.733
1424931371204,37.489918,139.933155,6,-0.15,-1.445,9.51,3.64
1424931371300,37.489918,139.933157,6,-0.064,-1.375,9.491,3.553
1424931371400,37.489918,139.93316,5,0.042,-1.299,9.57,3.424
1424931371501,37.489918,139.933162,5,0.154,-1.201,9.578,3.239
1424931371602,37.489918,139.933163,5,0.141,-1.054,9.547,3.062
1424931371702,37.489918,139.933165,5,0.013,-0.894,9.535,2.895
1424931371803,37.489917,139.933167,5,-0.066,-0.664,9.441,2.735
1424931371904,37.489917,139.933168,5,-0.112,-0.477,9.483,2.583
1424931372005,37.489917,139.93317,5,-0.168,-0.389,9.637,2.439
1424931372100,37.489917,139.933171,5,-0.197,-0.318,9.628,2.311
1424931372201,37.489917,139.933172,5,-0.161,-0.281,9.512,2.184
1424931372302,37.489917,139.933173,5,-0.073,-0.326,9.494,2.065
1424931372402,37.489917,139.933175,5,-0.027,-0.379,9.568,1.989
1424931372503,37.489917,139.933177,5,-0.06,-0.397,9.551,1.962
1424931372604,37.489916,139.933179,5,-0.089,-0.338,9.479,1.936
1424931372704,37.489916,139.933182,5,-0.144,-0.253,9.504,1.91
1424931372800,37.489916,139.933184,5,-0.267,-0.186,9.618,1.886
1424931372901,37.489916,139.933186,5,-0.368,-0.121,9.617,1.861
1424931373002,37.489916,139.933188,5,-0.358,-0.017,9.529,1.836
1424931373102,37.489915,139.93319,5,-0.27,0.084,9.497,1.811
1424931373203,37.489915,139.933192,5,-0.16,0.153,9.518,1.787
1424931373304,37.489915,139.933194,5,-0.096,0.206,9.514,1.763
1424931373404,37.489915,139.933196,5,-0.059,0.196,9.513,1.738
1424931373500,37.489914,139.933197,5,0.001,0.208,9.572,1.713
1424931373601,37.489912,139.933198,5,0.021,0.225,9.527,1.686
1424931373701,37.489911,139.933199,5,-0.021,0.221,9.466,1.66
1424931373802,37.48991,139.933201,5,-0.113,0.225,9.462,1.635
1424931373903,37.489909,139.933202,5,-0.133,0.218,9.501,1.609
1424931374004,37.489908,139.933203,5,-0.064,0.216,9.549,1.585
1424931374104,37.489907,139.933204,5,0.023,0.302,9.513,1.56
1424931374200,37.489906,139.933205,5,0.049,0.344,9.514,1.537
1424931374301,37.489906,139.933206,5,0.102,0.259,9.638,1.514
1424931374401,37.489905,139.933208,5,0.135,0.262,9.605,1.5
1424931374502,37.489904,139.933209,5,0.031,0.328,9.375,1.5
1424931374603,37.489903,139.933211,5,-0.001,0.26,9.449,1.5
1424931374704,37.489902,139.933213,5,0.027,0.075,9.609,1.5
1424931374804,37.489901,139.933215,5,0.005,-0.005,9.609,1.5
1424931374900,37.4899,139.933216,5,0.016,-0.002,9.519,1.5
1424931375001,37.489899,139.933218,5,0.094,0.013,9.512,1.5
1424931375101,37.489898,139.93322,5,0.185,0.02,9.483,1.5
1424931375202,37.489897,139.933221,5,0.16,0.043,9.376,1.5
1424931375303,37.489896,139.933223,5,0.165,0.056,9.448,1.5
1424931375403,37.489895,139.933224,7,0.237,0.097,9.479,1.5
1424931375504,37.489893,139.933224,7,0.253,0.18,9.347,1.5
1424931375600,37.489892,139.933224,7,0.136,0.233,9.29,1.5
1424931375700,37.489891,139.933224,7,-0.068,0.191,9.528,1.5
1424931375801,37.48989,139.933224,7,-0.173,-0.013,9.904,1.5
1424931375902,37.489889,139.933224,7,-0.105,-0.141,9.824,1.5
1424931376003,37.489888,139.933224,7,-0.009,-0.249,9.631,1.5
1424931376103,37.489887,139.933224,7,-0.043,-0.385,9.77,1.5
1424931376204,37.489886,139.933224,7,0.03,-0.416,9.758,1.5
1424931376300,37.489885,139.933224,7,0.167,-0.279,9.339,1.5
1424931376400,37.489883,139.933224,9,0.128,-0.169,9.162,1.509
1424931376501,37.489881,139.933225,9,-0.043,-0.043,9.182,1.533
1424931376602,37.489879,139.933225,9,-0.09,0.014,9.433,1.557
1424931376703,37.489877,139.933225,9,0.041,-0.039,9.535,1.581
1424931376803,37.489875,139.933226,9,0.165,-0.171,9.668,1.606
1424931376904,37.489873,139.933226,9,-0.024,-0.394,10.091,1.631
1424931377000,37.489871,139.933226,9,-0.173,-0.565,10.401,1.656
1424931377100,37.489869,139.933227,9,0.14,-0.243,9.475,1.681
1424931377201,37.489867,139.933227,9,0.192,0.107,8.975,1.708
1424931377302,37.489864,139.933228,9,0.319,0.351,8.87,1.734
1424931377402,37.489862,139.933228,10,0.403,0.196,9.461,1.76
1424931377503,37.489859,139.933228,10,0.473,0.075,9.722,1.784
1424931377604,37.489857,139.933228,10,0.532,-0.339,10.018,1.808
1424931377700,37.489854,139.933228,10,0.87,-0.713,10.258,1.831
1424931377800,37.489851,139.933228,10,0.572,-0.339,9.466,1.856
1424931377901,37.489848,139.933228,10,-0.014,0.218,8.737,1.881
1424931378002,37.489845,139.933228,10,-0.524,0.456,8.993,1.907
1424931378102,37.489843,139.933228,10,-0.617,0.368,9.696,1.932
1424931378203,37.48984,139.933228,10,-0.291,0.235,9.797,1.959
1424931378304,37.489837,139.933228,10,0.122,0.234,9.557,1.985
1424931378404,37.489834,139.933228,10,0.346,0.31,9.364,1.988
1424931378500,37.489832,139.933228,10,0.564,0.34,9.312,1.963
1424931378601,37.489829,139.933228,10,0.758,0.247,9.321,1.937
1424931378702,37.489827,139.933228,10,0.645,0.042,9.373,1.911
1424931378802,37.489824,139.933228,10,-0.22,0.173,9.649,1.885
1424931378903,37.489822,139.933228,10,-0.88,0.229,9.654,1.86
1424931379004,37.48982,139.933228,10,-0.737,0.184,9.332,1.835
1424931379104,37.489818,139.933228,10,-0.306,0.091,9.425,1.811
1424931379200,37.489815,139.933228,10,0.119,0.113,9.838,1.788
1424931379301,37.489813,139.933228,10,0.663,0.055,9.676,1.764
1424931379402,37.489811,139.933228,8,0.949,-0.19,9.122,1.75
1424931379502,37.489808,139.933227,8,0.83,-0.292,9.121,1.75
1424931379603,37.489806,139.933226,8,0.419,-0.232,9.761,1.75
1424931379704,37.489803,139.933225,8,-0.151,-0.199,10.042,1.75
1424931379804,37.489801,139.933224,8,-0.263,-0.315,9.947,1.75
1424931379905,37.489798,139.933223,8,-0.152,-0.232,9.542,1.75
1424931380001,37.489796,139.933222,8,-0.106,-0.183,9.389,1.75
1424931380100,37.489793,139.933221,8,-0.082,-0.144,9.493,1.75
1424931380202,37.489791,139.93322,8,0.126,-0.135,9.524,1.75
1424931380301,37.489788,139.93322,8,0.269,-0.096,9.355,1.75
1424931380403,37.489786,139.933219,6,0.27,-0.018,9.383,1.76
1424931380500,37.489784,139.933218,6,0.295,0.068,9.53,1.783
1424931380600,37.489782,139.933216,6,0.207,0.052,9.736,1.807
1424931380701,37.48978,139.933215,6,0.118,0.103,9.717,1.832
1424931380801,37.489778,139.933214,6,0.125,0.176,9.514,1.856
1424931380902,37.489775,139.933213,6,0.157,0.369,9.309,1.881
1424931381003,37.489773,139.933212,6,0.221,0.359,9.429,1.907
1424931381104,37.489771,139.933211,6,0.332,0.394,9.447,1.933
1424931381204,37.489769,139.93321,6,0.178,0.219,10.104,1.959
1424931381300,37.489766,139.933209,6,0.167,0.292,10.08,1.984
1424931381401,37.489764,139.933208,6,0.356,0.403,9.551,2.0
1424931381501,37.489762,139.933207,6,0.476,0.276,9.353,2.0
1424931381602,37.48976,139.933206,6,0.388,0.218,9.554,2.0
1424931381703,37.489758,139.933206,6,0.371,0.212,9.697,2.0
1424931381803,37.489756,139.933205,6,0.457,0.385,9.337,2.0
1424931381904,37.489754,139.933204,6,0.37,0.478,9.176,2.0
1424931382000,37.489752,139.933204,6,0.386,0.331,9.605,2.0
1424931382100,37.48975,139.933203,6,0.327,0.165,10.014,2.0
1424931382201,37.489748,139.933202,6,0.205,0.241,9.49,2.0
1424931382302,37.489746,139.933201,6,0.191,0.317,9.376,2.0
1424931382403,37.489744,139.933201,5,0.232,0.297,9.62,2.01
1424931382503,37.489742,139.9332,5,0.184,0.324,9.508,2.034
1424931382604,37.48974,139.933199,5,0.404,0.254,9.729,2.058
1424931382700,37.489738,139.933198,5,0.708,0.177,9.571,2.082
1424931382800,37.489736,139.933197,5,0.677,0.122,9.344,2.106
1424931382901,37.489734,139.933196,5,0.579,0.057,9.319,2.132
1424931383002,37.489732,139.933195,5,0.49,0.121,9.247,2.157
1424931383103,37.48973,139.933194,5,0.529,-0.009,9.516,2.183
1424931383203,37.489727,139.933193,5,0.439,-0.098,9.582,2.209
1424931383304,37.489725,139.933192,5,0.166,-0.143,9.712,2.235
1424931383400,37.489723,139.93319,5,0.107,-0.165,9.892,2.276
1424931383501,37.489721,139.933189,5,0.018,-0.178,9.65,2.343
1424931383601,37.489718,139.933187,5,-0.052,-0.158,9.511,2.411
1424931383702,37.489715,139.933185,5,-0.032,-0.127,9.55,2.482
1424931383802,37.489713,139.933183,5,0.123,-0.073,9.56,2.555
1424931383903,37.48971,139.933181,5,0.309,-0.057,9.413,2.631
1424931384004,37.489707,139.933179,5,0.465,-0.081,9.33,2.708
1424931384100,37.489704,139.933177,5,0.474,-0.132,9.468,2.784
1424931384200,37.489701,139.933175,5,0.364,-0.121,9.468,2.866
1424931384301,37.489698,139.933172,5,0.277,-0.089,9.472,2.95
1424931384402,37.489695,139.93317,5,0.229,-0.041,9.608,3.0
1424931384502,37.489693,139.933167,5,0.242,-0.084,9.581,3.0
1424931384603,37.489691,139.933165,5,0.267,-0.12,9.704,3.0
1424931384704,37.489689,139.933162,5,0.088,-0.12,9.642,3.0
1424931384800,37.489687,139.93316,5,-0.068,-0.145,9.477,3.0
1424931384900,37.489685,139.933157,5,0.015,-0.188,9.57,3.0
1424931385001,37.489683,139.933155,5,0.117,-0.032,9.315,3.0
1424931385102,37.48968,139.933152,5,0.06,-0.144,9.572,3.0
1424931385202,37.489678,139.93315,5,-0.094,-0.18,9.763,3.0
1424931385303,37.489676,139.933147,5,0.051,-0.214,9.781,3.0
1424931385404,37.489674,139.933145,5,0.141,-0.257,9.706,2.989
1424931385504,37.489672,139.933142,5,0.226,-0.197,9.48,2.963
1424931385600,37.489671,139.933139,5,0.264,-0.062,9.436,2.938
1424931385701,37.489669,139.933137,5,0.277,-0.013,9.486,2.912
1424931385802,37.489667,139.933134,5,0.324,-0.076,9.579,2.887
1424931385902,37.489666,139.933131,5,0.418,-0.107,9.501,2.862
1424931386003,37.489664,139.933128,5,0.537,-0.159,9.535,2.837
1424931386104,37.489662,139.933126,5,0.504,-0.18,9.665,2.812
1424931386204,37.489661,139.933123,5,0.371,-0.084,9.51,2.788
1424931386300,37.489659,139.933121,5,0.302,-0.068,9.445,2.764
1424931386401,37.489657,139.933118,5,0.201,-0.045,9.607,2.76
1424931386501,37.489656,139.933115,5,0.023,0.011,9.575,2.784
1424931386602,37.489655,139.933112,5,-0.088,0.128,9.449,2.809
1424931386703,37.489653,139.933108,5,-0.176,0.104,9.522,2.833
1424931386804,37.489652,139.933105,5,-0.252,0.041,9.703,2.858
1424931386904,37.489651,139.933102,5,-0.279,0.121,9.546,2.883
1424931387000,37.489649,139.933099,5,-0.211,0.147,9.403,2.907
1424931387101,37.489648,139.933096,5,-0.151,0.111,9.407,2.933
1424931387201,37.489646,139.933092,5,0.083,0.001,9.618,2.959
1424931387302,37.489645,139.933089,5,0.361,-0.128,9.808,2.985
1424931387403,37.489644,139.933086,5,0.328,-0.011,9.522,2.989
1424931387504,37.489642,139.933083,5,0.29,0.101,9.257,2.963
1424931387604,37.489641,139.93308,5,0.211,0.111,9.299,2.937
1424931387700,37.48964,139.933077,5,0.267,0.065,9.386,2.913
1424931387801,37.489639,139.933074,5,0.399,-0.065,9.55,2.887
1424931387901,37.489638,139.933071,5,0.425,-0.096,9.63,2.862
1424931388002,37.489637,139.933068,5,0.32,-0.05,9.545,2.837
1424931388103,37.489636,139.933065,5,0.045,-0.072,9.737,2.812
1424931388203,37.489635,139.933062,5,-0.211,-0.128,9.706,2.788
1424931388304,37.489634,139.93306,5,-0.375,-0.061,9.438,2.763
1424931388400,37.489633,139.933057,5,-0.461,0.027,9.365,2.75
1424931388501,37.489632,139.933053,5,-0.392,0.137,9.462,2.75
1424931388601,37.489631,139.93305,5,-0.112,0.172,9.513,2.75
1424931388702,37.48963,139.933047,5,0.236,0.1,9.453,2.75
1424931388803,37.489629,139.933043,5,0.423,-0.059,9.805,2.75
1424931388903,37.489629,139.93304,5,0.511,-0.028,9.717,2.75
1424931389004,37.489628,139.933037,5,0.475,0.062,9.47,2.75
1424931389100,37.489627,139.933034,5,0.485,0.121,9.387,2.75
1424931389200,37.489626,139.93303,5,0.492,0.224,9.245,2.75
1424931389301,37.489625,139.933027,5,0.408,0.178,9.399,2.75
1424931389402,37.489625,139.933024,5,0.133,0.095,9.668,2.75
1424931389502,37.489624,139.933021,5,-0.304,0.132,9.396,2.75
1424931389603,37.489624,139.933017,5,-0.715,0.123,9.448,2.75
1424931389704,37.489623,139.933014,5,-0.863,-0.036,9.816,2.75
1424931389800,37.489622,139.933011,5,-0.545,-0.188,9.955,2.75
1424931389900,37.489622,139.933008,5,-0.481,0.021,9.528,2.75
1424931390001,37.489621,139.933005,5,-0.281,0.186,9.534,2.75
1424931390102,37.489621,139.933002,5,0.021,0.174,9.543,2.75
1424931390202,37.48962,139.932999,5,-0.044,0.059,9.46,2.75
1424931390303,37.489619,139.932996,5,-0.047,0.071,9.272,2.75
1424931390404,37.489619,139.932993,6,-0.024,0.006,9.417,2.75
1424931390500,37.489618,139.93299,6,-0.097,-0.022,9.562,2.75
1424931390600,37.489618,139.932987,6,-0.256,0.074,9.665,2.75
1424931390701,37.489618,139.932984,6,-0.379,0.133,9.467,2.75
1424931390802,37.489617,139.932982,6,-0.69,0.122,9.442,2.75
1424931390902,37.489617,139.932979,6,-0.69,0.084,9.949,2.75
1424931391003,37.489616,139.932976,6,-0.458,0.149,9.801,2.75
1424931391104,37.489616,139.932973,6,-0.228,0.088,9.419,2.75
1424931391204,37.489616,139.93297,6,-0.112,0.115,9.253,2.75
1424931391300,37.489615,139.932968,6,-0.15,0.031,9.444,2.75
1424931391401,37.489615,139.932965,6,-0.368,0.01,9.571,2.75
1424931391502,37.489614,139.932962,6,-0.543,0.131,9.37,2.75
1424931391602,37.489614,139.932959,6,-0.58,0.209,9.389,2.75
1424931391703,37.489614,139.932956,6,-0.475,0.059,9.637,2.75
1424931391804,37.489613,139.932953,6,-0.483,-0.002,9.752,2.75
1424931391904,37.489613,139.93295,6,-0.442,0.205,9.23,2.75
1424931392000,37.489612,139.932947,6,-0.365,0.143,9.491,2.75
1424931392101,37.489612,139.932945,6,-0.329,0.082,9.821,2.75
1424931392201,37.489612,139.932942,6,-0.286,0.045,9.565,2.75
1424931392302,37.489611,139.932939,6,-0.035,0.109,9.229,2.75
1424931392403,37.489611,139.932936,6,-0.362,-0.051,9.561,2.75
1424931392504,37.48961,139.932933,6,-0.713,0.111,9.425,2.75
1424931392604,37.48961,139.93293,6,-0.534,0.07,9.576,2.75
1424931392700,37.489609,139.932927,6,-0.496,0.148,9.346,2.75
1424931392801,37.489609,139.932924,6,-0.648,0.244,9.172,2.75
1424931392901,37.489608,139.932921,6,-0.562,0.279,9.408,2.75
1424931393002,37.489608,139.932918,6,-0.313,0.229,9.602,2.75
1424931393103,37.489607,139.932915,6,-0.282,0.188,9.39,2.75
1424931393204,37.489607,139.932913,6,-0.281,0.184,9.289,2.75
1424931393304,37.489606,139.93291,6,-0.232,0.162,9.566,2.75
1424931393400,37.489606,139.932907,4,-0.149,0.125,9.583,2.75
1424931393501,37.489606,139.932904,4,-0.091,0.059,9.41,2.75
1424931393601,37.489606,139.932901,4,-0.087,-0.06,9.47,2.75
1424931393702,37.489606,139.932898,4,-0.472,-0.085,9.624,2.75
1424931393803,37.489606,139.932895,4,-0.674,-0.023,9.735,2.75
1424931393903,37.489605,139.932892,4,-0.526,-0.038,9.434,2.75
1424931394004,37.489605,139.932889,4,-0.364,-0.14,9.354,2.75
1424931394100,37.489605,139.932886,4,-0.299,-0.14,9.494,2.75
1424931394206,37.489605,139.932883,4,-0.23,-0.082,9.501,2.75
1424931394301,37.489605,139.93288,4,-0.277,-0.136,9.406,2.75
1424931394400,37.489605,139.932877,5,-0.272,-0.184,9.441,2.75
1424931394503,37.489605,139.932874,5,-0.271,-0.171,9.486,2.75
1424931394602,37.489605,139.932871,5,-0.328,-0.185,9.564,2.75
1424931394704,37.489605,139.932868,5,-0.262,-0.206,9.529,2.75
1424931394800,37.489605,139.932865,5,-0.216,-0.213,9.483,2.75
1424931394900,37.489605,139.932862,5,-0.224,-0.22,9.562,2.75
1424931395001,37.489605,139.932859,5,-0.246,-0.261,9.734,2.75
1424931395102,37.489605,139.932856,5,-0.275,-0.242,9.626,2.75
1424931395203,37.489605,139.932853,5,-0.307,-0.129,9.437,2.75
1424931395303,37.489605,139.93285,5,-0.322,-0.049,9.452,2.75
1424931395404,37.489605,139.932847,5,-0.336,-0.014,9.596,2.75
1424931395500,37.489605,139.932844,5,-0.229,0.051,9.57,2.75
1424931395600,37.489605,139.932841,5,-0.195,0.085,9.404,2.75
1424931395701,37.489605,139.932838,5,-0.185,0.066,9.406,2.75
1424931395802,37.489605,139.932835,5,-0.161,0.099,9.565,2.75
1424931395902,37.489605,139.932832,5,-0.205,0.127,9.579,2.75
1424931396003,37.489605,139.932829,5,-0.236,0.098,9.484,2.75
1424931396104,37.489605,139.932826,5,-0.255,0.065,9.564,2.75
1424931396200,37.489605,139.932824,5,-0.292,0.095,9.606,2.75
1424931396300,37.489605,139.932821,5,-0.242,0.066,9.544,2.75
1424931396401,37.489605,139.932818,4,-0.181,-0.008,9.506,2.75
1424931396502,37.489605,139.932815,4,-0.221,-0.014,9.484,2.75
1424931396602,37.489605,139.932812,4,-0.263,-0.034,9.501,2.75
1424931396703,37.489605,139.932809,4,-0.245,-0.136,9.559,2.75
1424931396804,37.489605,139.932806,4,-0.258,-0.202,9.65,2.75
1424931396900,37.489604,139.932803,4,-0.344,-0.248,9.666,2.75
1424931397000,37.489604,139.9328,4,-0.322,-0.281,9.541,2.75
1424931397101,37.489604,139.932797,4,-0.222,-0.236,9.447,2.75
1424931397202,37.489604,139.932794,4,-0.137,-0.216,9.449,2.75
1424931397302,37.489604,139.932791,4,-0.086,-0.297,9.582,2.75
1424931397403,37.489604,139.932788,4,-0.11,-0.342,9.628,2.75
1424931397504,37.489604,139.932785,4,-0.095,-0.275,9.516,2.75
1424931397604,37.489604,139.932782,4,-0.101,-0.214,9.444,2.75
1424931397700,37.489603,139.932779,4,-0.168,-0.242,9.5,2.75
1424931397801,37.489603,139.932776,4,-0.23,-0.231,9.57,2.75
1424931397902,37.489603,139.932773,4,-0.246,-0.15,9.556,2.75
1424931398002,37.489603,139.93277,4,-0.227,-0.104,9.538,2.75
1424931398103,37.489603,139.932767,4,-0.225,-0.058,9.513,2.75
1424931398204,37.489602,139.932765,4,-0.217,-0.039,9.521,2.75
1424931398304,37.489602,139.932762,4,-0.252,-0.062,9.563,2.75
1424931398400,37.489602,139.932759,4,-0.239,-0.093,9.578,2.75
1424931398501,37.489602,139.932756,4,-0.154,-0.031,9.436,2.75
1424931398602,37.489601,139.932752,4,-0.11,-0.003,9.496,2.75
1424931398702,37.489601,139.932749,4,-0.112,-0.006,9.647,2.75
1424931398803,37.489601,139.932746,4,-0.164,0.003,9.49,2.75
1424931398904,37.4896,139.932743,4,-0.213,0.028,9.383,2.75
1424931399004,37.4896,139.93274,4,-0.311,0.094,9.378,2.75
1424931399100,37.4896,139.932737,4,-0.207,0.009,9.654,2.75
1424931399201,37.489599,139.932734,4,-0.126,-0.089,9.817,2.75
1424931399301,37.489599,139.932731,4,-0.084,-0.058,9.568,2.75
1424931399402,37.489599,139.932728,4,-0.075,0.058,9.247,2.75
1424931399503,37.489599,139.932724,4,-0.087,0.03,9.369,2.75
1424931399604,37.489598,139.932721,4,-0.003,-0.172,9.874,2.75
1424931399704,37.489598,139.932718,4,0.049,-0.2,9.79,2.75
1424931399800,37.489598,139.932715,4,0.048,-0.13,9.458,2.75
1424931399901,37.489597,139.932712,4,-0.008,-0.035,9.368,2.75
1424931400001,37.489597,139.932708,4,-0.114,-0.033,9.442,2.75
1424931400102,37.489597,139.932705,4,-0.23,-0.082,9.54,2.75
1424931400203,37.489596,139.932702,4,-0.328,-0.112,9.408,2.75
1424931400303,37.489596,139.932699,4,-0.402,-0.078,9.412,2.75
1424931400404,37.489596,139.932695,4,-0.258,-0.033,9.489,2.75
1424931400500,37.489596,139.932692,4,-0.202,-0.184,9.892,2.75
1424931400601,37.489596,139.932689,4,-0.033,-0.217,9.523,2.75
1424931400701,37.489595,139.932685,4,0.099,-0.258,9.405,2.75
1424931400802,37.489595,139.932682,4,0.042,-0.281,9.694,2.75
1424931400903,37.489595,139.932679,4,-0.043,-0.219,9.83,2.75
1424931401003,37.489595,139.932675,4,-0.007,-0.195,9.508,2.75
1424931401104,37.489595,139.932672,4,0.036,-0.156,9.26,2.75
1424931401200,37.489594,139.932668,4,-0.021,-0.178,9.357,2.75
1424931401301,37.489594,139.932665,4,-0.179,-0.167,9.482,2.75
1424931401401,37.489594,139.932662,4,-0.349,-0.075,9.453,2.75
1424931401502,37.489594,139.932658,4,-0.461,0.004,9.402,2.75
1424931401603,37.489593,139.932655,4,-0.519,0.009,9.461,2.75
1424931401703,37.489593,139.932651,4,-0.49,-0.015,9.501,2.75
1424931401804,37.489593,139.932648,4,-0.316,-0.111,9.728,2.75
1424931401900,37.489592,139.932645,4,-0.165,-0.102,9.711,2.75
1424931402000,37.489592,139.932641,4,0.012,-0.136,9.61,2.75
1424931402101,37.489592,139.932638,4,0.121,-0.143,9.548,2.75
1424931402202,37.489591,139.932634,4,0.007,-0.089,9.444,2.75
1424931402303,37.489591,139.932631,4,-0.255,-0.036,9.347,2.75
1424931402403,37.489591,139.932628,4,-0.318,-0.243,9.771,2.75
1424931402504,37.489591,139.932624,4,-0.385,-0.219,9.67,2.75
1424931402600,37.48959,139.932621,4,-0.362,-0.084,9.465,2.75
1424931402700,37.48959,139.932618,4,-0.315,0.014,9.419,2.75
1424931402801,37.48959,139.932614,4,-0.257,0.003,9.535,2.75
1424931402902,37.489589,139.932611,4,-0.125,-0.048,9.538,2.75
1424931403002,37.489589,139.932608,4,-0.133,-0.009,9.504,2.75
1424931403103,37.489589,139.932604,4,-0.246,0.061,9.529,2.75
1424931403204,37.489588,139.932601,4,-0.265,0.123,9.685,2.75
1424931403300,37.489588,139.932598,4,-0.213,0.162,9.593,2.75
1424931403400,37.489588,139.932595,4,-0.061,0.13,9.557,2.75
1424931403501,37.489588,139.932591,4,0.029,0.016,9.522,2.75
1424931403602,37.489588,139.932588,4,-0.089,-0.021,9.47,2.75
1424931403702,37.489587,139.932585,4,-0.319,0.097,9.367,2.75
1424931403803,37.489587,139.932582,4,-0.444,0.229,9.455,2.75
1424931403904,37.489587,139.932579,4,-0.456,0.094,9.731,2.75
1424931404004,37.489587,139.932575,4,-0.331,-0.031,9.73,2.75
1424931404100,37.489587,139.932572,4,-0.193,-0.057,9.531,2.75
1424931404201,37.489586,139.932569,4,-0.123,0.052,9.459,2.75
1424931404302,37.489586,139.932566,4,-0.105,0.093,9.423,2.75
1424931404402,37.489586,139.932563,3,-0.04,-0.023,9.616,2.75
1424931404503,37.489586,139.932559,3,-0.03,-0.032,9.532,2.75
1424931404604,37.489585,139.932556,3,-0.147,0.085,9.332,2.75
1424931404704,37.489585,139.932553,3,-0.211,0.032,9.529,2.75
1424931404800,37.489585,139.932549,3,-0.128,-0.071,9.67,2.75
1424931404901,37.489584,139.932546,3,-0.073,-0.085,9.588,2.75
1424931405001,37.489584,139.932543,3,-0.069,-0.088,9.615,2.75
1424931405102,37.489584,139.93254,3,-0.15,-0.023,9.417,2.75
1424931405203,37.489583,139.932536,3,-0.263,0.005,9.377,2.75
1424931405304,37.489583,139.932533,3,-0.306,0.053,9.551,2.75
1424931405404,37.489583,139.93253,3,-0.274,0.049,9.584,2.75
1424931405500,37.489583,139.932527,3,-0.214,0.011,9.561,2.75
1424931405601,37.489582,139.932524,3,-0.219,-0.005,9.488,2.75
1424931405701,37.489582,139.932521,3,-0.253,-0.002,9.401,2.75
1424931405802,37.489582,139.932518,3,-0.243,-0.004,9.548,2.75
1424931405903,37.489581,139.932515,3,-0.277,-0.029,9.618,2.75
1424931406004,37.489581,139.932512,3,-0.249,-0.026,9.453,2.75
1424931406104,37.489581,139.932509,3,-0.163,-0.016,9.473,2.75
1424931406200,37.48958,139.932506,3,-0.126,-0.045,9.689,2.75
1424931406301,37.48958,139.932503,3,-0.023,-0.085,9.686,2.75
1424931406401,37.48958,139.9325,3,0.024,-0.036,9.458,2.75
1424931406502,37.48958,139.932497,3,-0.015,0.01,9.342,2.75
1424931406603,37.48958,139.932494,3,-0.095,-0.019,9.393,2.75
1424931406703,37.489579,139.932491,3,-0.272,-0.048,9.615,2.75
1424931406804,37.489579,139.932488,3,-0.409,-0.027,9.6,2.75
1424931406900,37.489579,139.932485,3,-0.404,-0.055,9.678,2.75
1424931407000,37.489579,139.932482,3,-0.32,-0.07,9.635,2.75
1424931407101,37.489579,139.932479,3,-0.263,-0.059,9.471,2.75
1424931407202,37.489578,139.932476,3,-0.237,0.014,9.417,2.75
1424931407303,37.489578,139.932473,3,-0.167,0.05,9.47,2.75
1424931407403,37.489578,139.93247,3,-0.164,0.025,9.595,2.75
1424931407504,37.489578,139.932467,3,-0.27,0.042,9.488,2.75
1424931407600,37.489577,139.932464,3,-0.303,0.04,9.49,2.75
1424931407700,37.489577,139.932461,3,-0.315,0.073,9.593,2.75
1424931407801,37.489577,139.932458,3,-0.419,0.155,9.405,2.75
1424931407902,37.489576,139.932455,3,-0.428,0.088,9.435,2.75
1424931408003,37.489576,139.932452,3,-0.412,0.017,9.542,2.75
1424931408103,37.489576,139.932449,3,-0.254,0.06,9.431,2.75
1424931408204,37.489575,139.932447,3,-0.143,0.143,9.412,2.75
1424931408305,37.489575,139.932444,3,-0.156,0.109,9.567,2.75
1424931408400,37.489575,139.932441,3,-0.164,0.074,9.657,2.75
1424931408506,37.489575,139.932438,3,-0.124,0.027,9.601,2.75
1424931408602,37.489575,139.932435,3,-0.078,-0.038,9.571,2.75
1424931408701,37.489574,139.932432,3,-0.056,-0.047,9.543,2.75
1424931408803,37.489574,139.93243,3,-0.053,-0.009,9.467,2.75
1424931408902,37.489574,139.932427,3,-0.0,0.009,9.502,2.75
1424931409000,37.489574,139.932424,3,-0.06,-0.02,9.527,2.75
1424931409100,37.489574,139.932421,3,-0.211,-0.057,9.576,2.75
1424931409201,37.489573,139.932418,3,-0.233,-0.035,9.549,2.75
1424931409302,37.489573,139.932416,3,-0.189,-0.059,9.509,2.75
1424931409402,37.489573,139.932413,3,-0.213,-0.035,9.545,2.75
1424931409503,37.489573,139.93241,3,-0.261,-0.015,9.59,2.75
1424931409604,37.489573,139.932407,3,-0.195,-0.024,9.608,2.75
1424931409704,37.489573,139.932404,3,-0.007,0.012,9.537,2.75
1424931409800,37.489573,139.932402,3,0.102,0.049,9.467,2.75
1424931409901,37.489572,139.932399,3,0.083,0.092,9.434,2.75
1424931410002,37.489572,139.932396,3,0.048,0.056,9.492,2.75
1424931410102,37.489572,139.932393,3,0.086,0.026,9.614,2.75
1424931410203,37.489572,139.93239,3,0.176,0.003,9.515,2.75
1424931410304,37.489572,139.932388,3,0.22,-0.018,9.493,2.75
1424931410404,37.489572,139.932385,3,0.214,-0.048,9.567,2.75
1424931410500,37.489572,139.932382,3,0.2,-0.04,9.539,2.75
1424931410601,37.489572,139.932379,3,0.145,0.013,9.517,2.75
1424931410702,37.489572,139.932376,3,0.06,0.01,9.583,2.75
1424931410802,37.489572,139.932374,3,0.041,-0.039,9.638,2.75
1424931410903,37.489571,139.932371,3,0.096,-0.077,9.562,2.75
1424931411004,37.489571,139.932368,3,0.161,-0.064,9.503,2.75
1424931411104,37.489571,139.932365,3,0.197,-0.047,9.538,2.75
1424931411200,37.489571,139.932362,3,0.206,-0.074,9.535,2.75
1424931411301,37.489571,139.93236,3,0.214,-0.111,9.448,2.75
1424931411402,37.489571,139.932357,4,0.198,-0.101,9.507,2.75
1424931411502,37.489571,139.932354,4,0.184,-0.065,9.54,2.75
1424931411603,37.489572,139.932351,4,0.235,-0.018,9.538,2.75
1424931411704,37.489572,139.932348,4,0.289,-0.046,9.498,2.75
1424931411804,37.489572,139.932345,4,0.27,-0.086,9.585,2.75
1424931411900,37.489573,139.932342,4,0.283,-0.092,9.636,2.75
1424931412001,37.489573,139.932339,4,0.323,-0.085,9.515,2.75
1424931412101,37.489573,139.932337,4,0.374,-0.111,9.503,2.75
1424931412202,37.489574,139.932334,4,0.391,-0.105,9.547,2.75
1424931412303,37.489574,139.932331,4,0.451,-0.119,9.614,2.75
1424931412403,37.489574,139.932328,4,0.497,-0.148,9.498,2.75
1424931412504,37.489575,139.932325,4,0.523,-0.184,9.491,2.75
1424931412600,37.489576,139.932322,4,0.549,-0.203,9.553,2.75
1424931412701,37.489577,139.932319,4,0.512,-0.179,9.511,2.75
1424931412801,37.489578,139.932317,4,0.527,-0.19,9.495,2.75
1424931412902,37.489578,139.932314,4,0.566,-0.182,9.541,2.75
1424931413003,37.489579,139.932311,4,0.591,-0.147,9.548,2.75
1424931413103,37.48958,139.932308,4,0.61,-0.164,9.45,2.75
1424931413204,37.489581,139.932305,4,0.645,-0.181,9.498,2.75
1424931413300,37.489582,139.932303,4,0.668,-0.179,9.559,2.75
1424931413401,37.489582,139.9323,4,0.656,-0.185,9.539,2.75
1424931413501,37.489584,139.932298,4,0.631,-0.177,9.444,2.75
1424931413602,37.489585,139.932295,4,0.608,-0.149,9.411,2.75
1424931413703,37.489586,139.932293,4,0.581,-0.198,9.559,2.75
1424931413803,37.489587,139.932291,4,0.6,-0.279,9.616,2.75
1424931413904,37.489589,139.932288,4,0.682,-0.323,9.576,2.75
1424931414000,37.48959,139.932286,4,0.683,-0.287,9.427,2.75
1424931414101,37.489591,139.932284,4,0.628,-0.25,9.43,2.75
1424931414201,37.489592,139.932282,4,0.591,-0.263,9.551,2.75
1424931414302,37.489593,139.932279,4,0.588,-0.315,9.669,2.75
1424931414403,37.489595,139.932277,5,0.636,-0.278,9.526,2.739
1424931414503,37.489596,139.932275,5,0.667,-0.232,9.381,2.713
1424931414604,37.489598,139.932273,5,0.7,-0.342,9.618,2.687
1424931414700,37.4896,139.932271,5,0.812,-0.417,9.708,2.662
1424931414800,37.489601,139.932269,5,0.983,-0.38,9.528,2.637
1424931414901,37.489603,139.932267,5,1.044,-0.233,9.197,2.612
1424931415002,37.489604,139.932265,5,1.037,-0.285,9.35,2.587
1424931415102,37.489606,139.932263,5,1.029,-0.392,9.679,2.562
1424931415203,37.489608,139.932261,5,0.981,-0.343,9.625,2.538
1424931415304,37.489609,139.932259,5,0.881,-0.238,9.471,2.513
1424931415400,37.489611,139.932257,5,0.779,-0.277,9.564,2.489
1424931415500,37.489613,139.932256,5,0.797,-0.363,9.634,2.463
1424931415601,37.489615,139.932255,5,0.923,-0.349,9.524,2.437
1424931415702,37.489616,139.932254,5,0.988,-0.287,9.464,2.412
1424931415802,37.489618,139.932253,5,0.951,-0.337,9.536,2.386
1424931415903,37.48962,139.932251,5,0.847,-0.421,9.621,2.361
1424931416004,37.489622,139.93225,5,0.751,-0.316,9.471,2.336
1424931416100,37.489624,139.932249,5,0.817,-0.27,9.422,2.312
1424931416200,37.489625,139.932248,5,0.953,-0.412,9.647,2.288
1424931416301,37.489627,139.932247,5,1.156,-0.473,9.698,2.264
1424931416402,37.489629,139.932246,5,1.246,-0.34,9.327,2.25
1424931416502,37.489631,139.932245,5,1.159,-0.269,9.155,2.25
1424931416603,37.489634,139.932244,5,1.02,-0.361,9.525,2.25
1424931416704,37.489636,139.932244,5,0.891,-0.404,9.771,2.25
1424931416804,37.489638,139.932243,5,0.84,-0.307,9.501,2.25
1424931416900,37.48964,139.932242,5,0.913,-0.311,9.435,2.25
1424931417001,37.489643,139.932242,5,0.992,-0.315,9.441,2.25
1424931417102,37.489645,139.932241,5,0.964,-0.288,9.457,2.25
1424931417202,37.489647,139.93224,5,0.841,-0.322,9.56,2.25
1424931417303,37.48965,139.932239,5,0.676,-0.354,9.621,2.25
1424931417404,37.489652,139.932239,5,0.515,-0.43,9.767,2.25
1424931417504,37.489654,139.932239,5,0.504,-0.583,9.697,2.25
1424931417600,37.489656,139.932238,5,0.621,-0.621,9.469,2.25
1424931417701,37.489658,139.932238,5,0.658,-0.684,9.502,2.25
1424931417801,37.48966,139.932238,5,0.662,-0.694,9.605,2.25
1424931417902,37.489662,139.932237,5,0.617,-0.635,9.473,2.25
1424931418003,37.489665,139.932237,5,0.566,-0.645,9.448,2.25
1424931418104,37.489667,139.932237,5,0.475,-0.659,9.582,2.25
1424931418204,37.489669,139.932236,5,0.426,-0.606,9.543,2.25
1424931418300,37.489671,139.932236,5,0.446,-0.554,9.35,2.25
1424931418401,37.489673,139.932236,5,0.477,-0.501,9.299,2.25
1424931418501,37.489675,139.932236,5,0.455,-0.471,9.507,2.25
1424931418602,37.489677,139.932236,5,0.325,-0.502,9.719,2.25
1424931418703,37.489679,139.932235,5,0.259,-0.555,9.776,2.25
1424931418804,37.489681,139.932235,5,0.301,-0.551,9.56,2.25
1424931418904,37.489683,139.932235,5,0.313,-0.513,9.45,2.25
1424931419000,37.489685,139.932235,5,0.29,-0.49,9.51,2.25
1424931419101,37.489687,139.932235,5,0.266,-0.487,9.467,2.25
1424931419201,37.489689,139.932234,5,0.226,-0.482,9.462,2.25
1424931419302,37.489691,139.932234,5,0.168,-0.521,9.592,2.25
1424931419403,37.489693,139.932234,5,0.087,-0.553,9.668,2.239
1424931419504,37.489695,139.932235,5,0.003,-0.526,9.567,2.212
1424931419604,37.489697,139.932235,5,0.015,-0.514,9.539,2.186
1424931419700,37.489699,139.932235,5,0.088,-0.55,9.604,2.162
1424931419801,37.489701,139.932236,5,0.148,-0.579,9.62,2.136
1424931419901,37.489703,139.932236,5,0.168,-0.582,9.521,2.111
1424931420002,37.489704,139.932237,5,0.115,-0.567,9.475,2.086
1424931420103,37.489706,139.932237,5,0.05,-0.557,9.531,2.061
1424931420203,37.489708,139.932237,5,-0.002,-0.486,9.474,2.037
1424931420304,37.48971,139.932238,5,-0.036,-0.451,9.46,2.013
1424931420400,37.489712,139.932238,5,-0.053,-0.475,9.565,2.0
1424931420500,37.489714,139.932239,5,-0.002,-0.465,9.591,2.0
1424931420601,37.489716,139.93224,5,0.106,-0.407,9.511,2.0
1424931420702,37.489717,139.93224,5,0.14,-0.389,9.52,2.0
1424931420803,37.489719,139.932241,5,0.123,-0.416,9.561,2.0
1424931420903,37.489721,139.932242,5,0.097,-0.467,9.582,2.0
1424931421004,37.489723,139.932243,5,0.076,-0.505,9.527,2.0
1424931421100,37.489725,139.932243,5,0.042,-0.559,9.523,2.0
1424931421200,37.489727,139.932244,5,-0.006,-0.574,9.569,2.0
1424931421301,37.489729,139.932245,5,-0.024,-0.525,9.547,2.0
1424931421402,37.48973,139.932245,5,-0.02,-0.5,9.497,1.945
1424931421503,37.489731,139.932246,5,-0.01,-0.513,9.523,1.816
1424931421603,37.489732,139.932246,5,0.045,-0.533,9.569,1.696
1424931421704,37.489733,139.932247,5,0.105,-0.523,9.538,1.581
1424931421800,37.489734,139.932247,5,0.111,-0.494,9.496,1.478
1424931421900,37.489734,139.932247,5,0.077,-0.48,9.493,1.377
1424931422001,37.489735,139.932248,5,0.029,-0.482,9.544,1.282
1424931422102,37.489736,139.932248,5,-0.002,-0.47,9.557,1.194
1424931422202,37.489736,139.932249,5,0.002,-0.396,9.556,1.114
1424931422303,37.489737,139.932249,5,0.02,-0.26,9.559,1.039
1424931422404,37.489737,139.932249,4,0.051,-0.15,9.503,0.971
1424931422505,37.489738,139.932249,4,0.085,-0.074,9.475,0.907
1424931422605,37.489738,139.93225,4,0.101,-0.035,9.517,0.847
1424931422701,37.489738,139.93225,4,0.084,-0.013,9.51,0.792
1424931422800,37.489739,139.93225,4,0.052,0.001,9.498,0.739
1424931422902,37.489739,139.93225,4,0.025,-0.007,9.518,0.688
1424931423001,37.489739,139.93225,4,0.009,0.002,9.544,0.641
1424931423104,37.489739,139.932251,4,0.023,0.047,9.544,0.596
1424931423203,37.48974,139.932251,4,0.044,0.103,9.54,0.556
1424931423300,37.48974,139.932251,4,0.057,0.161,9.552,0.521
1424931423401,37.48974,139.932251,4,0.078,0.252,9.53,0.5
1424931423502,37.489741,139.932251,4,0.079,0.336,9.518,0.5
1424931423602,37.489741,139.932252,4,0.073,0.41,9.512,0.5
1424931423703,37.489741,139.932252,4,0.062,0.459,9.497,0.5
1424931423804,37.489742,139.932252,4,0.041,0.526,9.526,0.5
1424931423904,37.489742,139.932253,4,0.067,0.595,9.502,0.5
1424931424000,37.489743,139.932253,4,0.074,0.662,9.497,0.5
1424931424101,37.489743,139.932253,4,0.053,0.738,9.498,0.5
1424931424201,37.489743,139.932254,4,0.013,0.822,9.494,0.5
1424931424302,37.489744,139.932254,4,-0.01,0.869,9.493,0.5
1424931424403,37.489744,139.932254,4,0.015,0.876,9.509,0.509
1424931424504,37.489745,139.932255,4,0.133,0.791,9.602,0.53
1424931424604,37.489745,139.932255,4,0.308,0.682,9.658,0.552
1424931424700,37.489745,139.932255,4,0.282,0.645,9.646,0.574
1424931424801,37.489746,139.932256,4,0.107,0.776,9.426,0.598
1424931424901,37.489746,139.932256,4,-0.004,0.836,9.316,0.623
1424931425002,37.489747,139.932257,4,-0.063,0.744,9.61,0.649
1424931425103,37.489748,139.932258,4,-0.166,0.773,9.669,0.676
1424931425204,37.489748,139.932258,4,-0.216,0.83,9.461,0.704
1424931425304,37.489749,139.932259,4,-0.13,0.857,9.432,0.733
1424931425400,37.489749,139.932259,5,0.045,0.825,9.555,0.759
1424931425501,37.489751,139.93226,5,0.222,0.866,9.517,0.781
1424931425601,37.489752,139.93226,5,0.229,0.818,9.349,0.804
1424931425702,37.489753,139.932261,5,0.223,0.767,9.489,0.827
1424931425803,37.489755,139.932261,5,0.381,0.633,9.53,0.852
1424931425903,37.489756,139.932262,5,0.279,0.672,9.505,0.877
1424931426004,37.489758,139.932263,5,0.159,0.435,9.805,0.903
1424931426100,37.489759,139.932263,5,0.027,0.475,9.579,0.928
1424931426201,37.489761,139.932264,5,0.054,0.384,9.496,0.955
1424931426301,37.489762,139.932265,5,0.077,0.426,9.275,0.983
1424931426402,37.489764,139.932265,5,0.156,0.408,9.394,1.029
1424931426503,37.489766,139.932266,5,0.117,0.23,9.785,1.102
1424931426603,37.489768,139.932266,5,-0.054,0.227,9.599,1.182
1424931426704,37.48977,139.932267,5,-0.063,0.434,9.272,1.269
1424931426800,37.489772,139.932268,5,0.159,0.406,9.404,1.358
1424931426900,37.489774,139.932269,5,0.187,0.115,9.659,1.457
1424931427001,37.489777,139.93227,5,-0.07,0.02,9.746,1.564
1424931427102,37.48978,139.93227,5,-0.28,0.171,9.501,1.678
1424931427203,37.489783,139.932271,5,-0.138,0.256,9.48,1.799
1424931427303,37.489786,139.932272,5,0.102,0.136,9.57,1.925
1424931427404,37.489789,139.932273,5,0.14,0.13,9.747,2.01
1424931427500,37.489791,139.932274,5,0.148,0.244,9.527,2.033
1424931427600,37.489793,139.932275,5,0.235,0.196,9.389,2.057
1424931427701,37.489796,139.932276,5,0.216,0.266,9.631,2.082
1424931427802,37.489798,139.932276,5,0.036,0.25,9.523,2.107
1424931427903,37.4898,139.932277,5,-0.077,0.055,9.43,2.132
1424931428003,37.489802,139.932278,5,-0.106,0.045,9.355,2.157
1424931428104,37.489805,139.932279,5,0.017,0.092,9.565,2.183
1424931428200,37.489807,139.93228,5,0.049,0.098,9.58,2.208
1424931428300,37.48981,139.93228,5,-0.139,-0.018,9.573,2.234
1424931428401,37.489812,139.932281,5,-0.153,0.038,9.574,2.25
1424931428502,37.489814,139.932282,5,0.065,0.184,9.384,2.25
1424931428602,37.489817,139.932282,5,0.248,0.167,9.423,2.25
1424931428703,37.489819,139.932283,5,0.166,0.007,9.671,2.25
1424931428804,37.489822,139.932284,5,0.023,0.004,9.622,2.25
1424931428905,37.489824,139.932284,5,0.05,0.174,9.4,2.25
1424931429000,37.489826,139.932285,5,0.11,0.211,9.435,2.25
1424931429101,37.489829,139.932285,5,-0.024,0.111,9.654,2.25
1424931429202,37.489831,139.932286,5,-0.191,0.103,9.624,2.25
1424931429302,37.489834,139.932287,5,-0.199,0.211,9.452,2.25
1424931429403,37.489836,139.932287,4,-0.129,0.229,9.419,2.25
1424931429504,37.489838,139.932288,4,-0.056,0.254,9.568,2.25
1424931429604,37.489841,139.932288,4,0.031,0.222,9.628,2.25
1424931429700,37.489843,139.932289,4,0.088,0.249,9.595,2.25
1424931429801,37.489845,139.93229,4,0.2,0.212,9.616,2.25
1424931429902,37.489847,139.93229,4,0.208,0.225,9.642,2.25
1424931430002,37.48985,139.932291,4,0.138,0.274,9.43,2.25
1424931430103,37.489852,139.932291,4,0.174,0.255,9.384,2.25
1424931430204,37.489854,139.932292,4,0.243,0.199,9.62,2.25
1424931430304,37.489857,139.932293,4,0.185,0.232,9.635,2.25
1424931430400,37.489859,139.932293,4,0.14,0.296,9.413,2.25
1424931430501,37.489861,139.932294,4,0.06,0.314,9.277,2.25
1424931430601,37.489864,139.932294,4,0.025,0.263,9.55,2.25
1424931430702,37.489866,139.932295,4,-0.056,0.257,9.677,2.25
1424931430803,37.489868,139.932296,4,-0.082,0.306,9.449,2.25
1424931430904,37.489871,139.932296,4,-0.054,0.269,9.535,2.25
1424931431004,37.489873,139.932297,4,-0.041,0.192,9.636,2.25
1424931431100,37.489875,139.932297,4,0.016,0.133,9.638,2.25
1424931431201,37.489877,139.932298,4,0.092,0.047,9.589,2.25
1424931431301,37.48988,139.932299,4,0.127,-0.031,9.584,2.25
1424931431402,37.489882,139.932299,4,0.119,-0.101,9.624,2.25
1424931431503,37.489884,139.9323,4,0.045,-0.025,9.373,2.25
1424931431603,37.489887,139.9323,4,0.056,0.015,9.406,2.25
1424931431704,37.489889,139.932301,4,0.005,-0.012,9.575,2.25
1424931431800,37.489891,139.932302,4,-0.094,-0.034,9.579,2.25
1424931431901,37.489893,139.932302,4,-0.11,-0.062,9.529,2.25
1424931432001,37.489896,139.932303,4,-0.012,-0.079,9.591,2.25
1424931432102,37.489898,139.932303,4,0.076,-0.077,9.688,2.25
1424931432203,37.4899,139.932304,4,0.086,0.003,9.51,2.25
1424931432303,37.489903,139.932305,4,0.1,0.038,9.432,2.25
1424931432404,37.489905,139.932305,5,0.137,0.002,9.636,2.25
1424931432500,37.489907,139.932306,5,-0.021,0.049,9.539,2.25
1424931432600,37.48991,139.932307,5,-0.216,0.037,9.54,2.25
1424931432701,37.489912,139.932308,5,-0.258,0.021,9.638,2.25
1424931432802,37.489915,139.932309,5,-0.048,0.001,9.631,2.25
1424931432903,37.489917,139.932309,5,0.106,-0.084,9.52,2.25
1424931433003,37.489919,139.93231,5,0.145,-0.399,9.687,2.25
1424931433104,37.489922,139.932311,5,0.061,-0.665,10.118,2.25
1424931433200,37.489924,139.932312,5,0.028,-0.605,9.933,2.25
1424931433300,37.489927,139.932313,5,-0.014,-0.366,9.57,2.25
1424931433401,37.489929,139.932313,5,-0.02,-0.235,9.555,2.25
1424931433502,37.489931,139.932314,5,0.029,-0.155,9.578,2.25
1424931433603,37.489933,139.932314,5,0.025,-0.002,9.365,2.25
1424931433703,37.489936,139.932315,5,-0.076,0.128,9.183,2.25
1424931433804,37.489938,139.932315,5,-0.159,0.164,9.293,2.25
1424931433900,37.48994,139.932316,5,-0.292,0.221,9.377,2.25
1424931434000,37.489942,139.932316,5,-0.376,0.27,9.435,2.25
1424931434101,37.489944,139.932317,5,-0.355,0.289,9.493,2.25
1424931434202,37.489947,139.932317,5,-0.246,0.304,9.421,2.25
1424931434302,37.489949,139.932318,5,-0.103,0.331,9.394,2.25
1424931434403,37.489951,139.932318,4,-0.071,0.393,9.463,2.25
1424931434504,37.489953,139.932319,4,-0.06,0.366,9.666,2.25
1424931434600,37.489955,139.932319,4,-0.008,0.286,9.794,2.25
1424931434700,37.489956,139.93232,4,-0.057,0.28,9.7,2.25
1424931434801,37.489958,139.93232,4,-0.107,0.378,9.584,2.25
1424931434902,37.48996,139.932321,4,-0.123,0.645,9.168,2.25
1424931435002,37.489962,139.932321,4,-0.102,0.7,9.32,2.25
1424931435103,37.489964,139.932322,4,-0.125,0.593,9.626,2.25
1424931435204,37.489966,139.932322,4,-0.171,0.442,9.599,2.25
1424931435300,37.489968,139.932323,4,-0.076,0.452,9.439,2.25
1424931435400,37.48997,139.932323,4,0.062,0.524,9.127,2.214
1424931435501,37.489971,139.932323,4,0.015,0.287,9.414,2.126
1424931435602,37.489973,139.932323,4,-0.072,0.044,9.719,2.041
1424931435702,37.489974,139.932323,4,-0.141,0.049,9.506,1.96
1424931435803,37.489975,139.932323,4,-0.184,0.079,9.353,1.881
1424931435904,37.489977,139.932323,4,-0.288,0.092,9.463,1.805
1424931436004,37.489978,139.932323,4,-0.46,0.121,9.61,1.733
1424931436100,37.489979,139.932323,4,-0.595,0.213,9.52,1.666
1424931436201,37.48998,139.932323,4,-0.697,0.265,9.376,1.599
1424931436302,37.489981,139.932323,4,-0.687,0.236,9.454,1.535
1424931436402,37.489983,139.932323,4,-0.612,0.159,9.55,1.5
1424931436503,37.489984,139.932323,4,-0.541,0.143,9.489,1.5
1424931436604,37.489985,139.932323,4,-0.506,0.118,9.5,1.5
1424931436704,37.489987,139.932322,4,-0.507,0.058,9.546,1.5
1424931436800,37.489988,139.932322,4,-0.561,0.06,9.49,1.5
1424931436906,37.48999,139.932322,4,-0.655,0.051,9.448,1.5
1424931437001,37.489991,139.932322,4,-0.767,-0.101,9.615,1.5
1424931437100,37.489992,139.932322,4,-0.994,-0.268,9.902,1.5
1424931437203,37.489994,139.932321,4,-1.072,-0.288,9.603,1.5
1424931437302,37.489995,139.932321,4,-1.042,-0.16,9.257,1.5
1424931437404,37.489997,139.932321,4,-0.825,-0.106,9.545,1.51
1424931437500,37.489998,139.93232,4,-0.413,-0.083,9.672,1.533
1424931437601,37.489999,139.93232,4,-0.269,-0.026,9.555,1.557
1424931437701,37.49,139.932319,4,-0.479,0.037,9.494,1.581
1424931437802,37.490001,139.932319,4,-0.547,0.126,9.377,1.606
1424931437903,37.490003,139.932318,4,-0.715,0.214,9.433,1.631
1424931438004,37.490004,139.932318,4,-0.934,0.186,9.52,1.657
1424931438104,37.490005,139.932317,4,-1.143,0.115,9.535,1.682
1424931438200,37.490007,139.932317,4,-1.341,0.135,9.483,1.707
1424931438301,37.490008,139.932316,4,-1.388,0.131,9.547,1.734
1424931438401,37.49001,139.932316,4,-1.301,0.105,9.555,1.75
1424931438502,37.490011,139.932315,4,-1.141,0.181,9.45,1.75
1424931438603,37.490012,139.932314,4,-0.979,0.286,9.379,1.75
1424931438703,37.490014,139.932313,4,-1.005,0.28,9.422,1.75
1424931438804,37.490015,139.932312,4,-1.102,0.253,9.423,1.75
1424931438900,37.490017,139.932311,4,-1.202,0.263,9.47,1.75
1424931439001,37.490018,139.93231,4,-1.263,0.277,9.435,1.75
1424931439101,37.490019,139.932309,4,-1.306,0.276,9.447,1.75
1424931439202,37.490021,139.932308,4,-1.422,0.249,9.642,1.75
1424931439303,37.490022,139.932308,4,-1.553,0.285,9.623,1.75
1424931439403,37.490023,139.932306,4,-1.526,0.247,9.328,1.76
1424931439504,37.490025,139.932304,4,-1.397,0.233,9.382,1.784
1424931439600,37.490026,139.932302,4,-1.254,0.207,9.462,1.807
1424931439700,37.490027,139.9323,4,-1.199,0.273,9.497,1.831
1424931439801,37.490028,139.932299,4,-1.106,0.307,9.481,1.856
1424931439902,37.490029,139.932296,4,-1.069,0.253,9.436,1.881
1424931440003,37.490031,139.932294,4,-0.862,0.228,9.453,1.907
1424931440103,37.490032,139.932292,4,-0.639,0.288,9.508,1.933
1424931440204,37.490033,139.93229,4,-0.531,0.303,9.52,1.959
1424931440300,37.490034,139.932288,4,-0.468,0.291,9.535,1.984
1424931440400,37.490035,139.932286,4,-0.382,0.265,9.493,2.032
1424931440501,37.490036,139.932283,4,-0.279,0.262,9.488,2.117
1424931440602,37.490037,139.93228,4,-0.231,0.313,9.461,2.205
1424931440702,37.490038,139.932276,4,-0.299,0.34,9.468,2.297
1424931440803,37.490039,139.932273,4,-0.387,0.379,9.564,2.394
1424931440904,37.49004,139.932269,4,-0.259,0.448,9.507,2.494
1424931441000,37.490041,139.932266,4,-0.068,0.499,9.509,2.594
1424931441100,37.490042,139.932262,4,-0.021,0.517,9.554,2.702
1424931441201,37.490043,139.932258,4,0.043,0.583,9.524,2.814
1424931441302,37.490044,139.932253,4,-0.006,0.676,9.524,2.931
1424931441402,37.490045,139.932249,4,-0.003,0.738,9.538,3.028
1424931441503,37.490046,139.932245,4,0.069,0.726,9.557,3.097
1424931441604,37.490047,139.932241,4,0.109,0.755,9.478,3.168
1424931441705,37.490048,139.932237,4,0.077,0.79,9.429,3.24
1424931441800,37.490048,139.932232,4,-0.035,0.8,9.492,3.309
1424931441901,37.490049,139.932228,4,-0.158,0.775,9.504,3.385
1424931442002,37.49005,139.932223,4,-0.159,0.779,9.507,3.462
1424931442102,37.490051,139.932219,4,-0.093,0.747,9.485,3.541
1424931442203,37.490052,139.932214,4,-0.024,0.747,9.52,3.621
1424931442304,37.490053,139.932209,4,-0.024,0.755,9.433,3.704
1424931442404,37.490053,139.932204,5,-0.08,0.767,9.367,3.78
1424931442500,37.490054,139.932199,5,0.008,0.637,9.58,3.847
1424931442601,37.490054,139.932193,5,0.007,0.515,9.798,3.918
1424931442701,37.490055,139.932188,5,-0.091,0.649,9.472,3.99
1424931442802,37.490056,139.932182,5,-0.091,0.645,9.453,4.065
1424931442903,37.490056,139.932176,5,-0.173,0.669,9.313,4.14
1424931443004,37.490057,139.93217,5,-0.114,0.491,9.588,4.217
1424931443104,37.490057,139.932165,5,-0.152,0.435,9.649,4.295
1424931443200,37.490058,139.932159,5,-0.208,0.485,9.499,4.371
1424931443301,37.490059,139.932153,5,-0.191,0.614,9.586,4.452
1424931443401,37.490059,139.932147,5,-0.165,0.611,9.438,4.528
1424931443502,37.49006,139.932141,5,-0.093,0.504,9.366,4.599
1424931443603,37.490061,139.932134,5,-0.088,0.36,9.535,4.672
1424931443704,37.490061,139.932128,5,-0.096,0.375,9.58,4.745
1424931443804,37.490062,139.932122,5,-0.142,0.338,9.452,4.819
1424931443900,37.490063,139.932116,5,-0.146,0.159,9.46,4.891
1424931444001,37.490063,139.932109,5,-0.178,0.002,9.541,4.967
1424931444101,37.490064,139.932103,5,-0.193,-0.061,9.443,5.045
1424931444202,37.490065,139.932096,5,-0.149,-0.058,9.45,5.124
1424931444303,37.490066,139.932089,5,-0.127,-0.002,9.579,5.204
1424931444404,37.490066,139.932081,7,-0.173,-0.013,9.435,5.261
1424931444504,37.490068,139.932071,7,-0.185,-0.089,9.469,5.285
1424931444600,37.490069,139.932061,7,-0.163,-0.109,9.615,5.309
1424931444701,37.49007,139.932051,7,-0.166,-0.017,9.387,5.334
1424931444801,37.490071,139.932041,7,0.15,-0.203,9.542,5.359
1424931444902,37.490072,139.932031,7,0.163,-0.267,9.714,5.384
1424931445003,37.490073,139.932021,7,0.106,-0.124,9.489,5.409
1424931445103,37.490074,139.932011,7,0.064,-0.009,9.291,5.435
1424931445204,37.490075,139.932001,7,0.075,-0.154,9.7,5.46
1424931445300,37.490076,139.931991,7,0.062,-0.24,9.927,5.485
1424931445401,37.490077,139.931982,7,-0.018,-0.14,9.4,5.51
1424931445501,37.490078,139.931976,7,0.018,0.091,9.382,5.535
1424931445602,37.490079,139.93197,7,0.105,0.029,9.552,5.559
1424931445703,37.490079,139.931963,7,0.009,-0.039,9.535,5.584
1424931445803,37.49008,139.931957,7,-0.075,-0.089,9.442,5.609
1424931445904,37.490081,139.93195,7,-0.123,-0.033,9.632,5.635
1424931446000,37.490081,139.931944,7,-0.058,0.045,9.77,5.659
1424931446100,37.490082,139.931937,7,-0.069,-0.038,9.636,5.684
1424931446201,37.490083,139.931931,7,-0.131,-0.036,9.341,5.71
1424931446302,37.490084,139.931924,7,-0.04,-0.096,9.575,5.735
1424931446403,37.490084,139.931917,5,-0.267,0.092,9.352,5.739
1424931446503,37.490084,139.931911,5,-0.2,-0.02,9.667,5.714
1424931446604,37.490084,139.931905,5,-0.234,-0.091,9.638,5.688
1424931446700,37.490084,139.931899,5,-0.197,-0.035,9.505,5.664
1424931446800,37.490084,139.931893,5,-0.096,0.002,9.287,5.639
1424931446901,37.490084,139.931887,5,-0.155,-0.02,9.627,5.613
1424931447002,37.490084,139.931881,5,-0.011,-0.151,9.873,5.588
1424931447102,37.490084,139.931874,5,-0.049,-0.187,9.449,5.563
1424931447203,37.490084,139.931868,5,-0.125,0.035,9.121,5.539
1424931447304,37.490084,139.931862,5,-0.143,-0.168,9.893,5.514
1424931447400,37.490084,139.931857,5,-0.056,-0.216,9.963,5.49
1424931447500,37.490085,139.931851,5,-0.019,-0.074,9.486,5.464
1424931447601,37.490086,139.931845,5,-0.029,-0.125,9.197,5.439
1424931447702,37.490087,139.931839,5,-0.069,-0.008,9.567,5.413
1424931447802,37.490088,139.931833,5,-0.118,0.009,9.781,5.388
1424931447903,37.490089,139.931827,5,-0.226,-0.014,9.53,5.363
1424931448004,37.49009,139.931821,5,-0.257,-0.085,9.485,5.338
1424931448104,37.490091,139.931816,5,-0.179,0.006,9.709,5.313
1424931448200,37.490092,139.93181,5,-0.131,0.046,9.607,5.289
1424931448301,37.490092,139.931804,5,-0.042,0.041,9.448,5.264
1424931448402,37.490093,139.931798,6,0.017,0.075,9.445,5.25
1424931448502,37.490093,139.931791,6,0.044,0.121,9.53,5.25
1424931448603,37.490093,139.931784,6,0.002,0.214,9.559,5.25
1424931448704,37.490094,139.931777,6,-0.022,0.273,9.561,5.25
1424931448804,37.490094,139.93177,6,-0.022,0.331,9.544,5.25
1424931448901,37.490094,139.931764,6,-0.008,0.308,9.465,5.25
1424931449001,37.490094,139.931757,6,0.065,0.327,9.494,5.25
1424931449101,37.490094,139.93175,6,0.054,0.322,9.502,5.25
1424931449202,37.490095,139.931743,6,0.05,0.377,9.512,5.25
1424931449303,37.490095,139.931736,6,0.031,0.327,9.462,5.25
1424931449404,37.490096,139.93173,6,0.077,0.346,9.487,5.25
1424931449504,37.490097,139.931725,6,0.098,0.394,9.5,5.25
1424931449600,37.490099,139.93172,6,0.1,0.422,9.526,5.25
1424931449701,37.4901,139.931714,6,0.071,0.413,9.553,5.25
1424931449801,37.490102,139.931709,6,0.056,0.369,9.493,5.25
1424931449902,37.490103,139.931704,6,0.042,0.436,9.456,5.25
1424931450003,37.490105,139.931699,6,0.039,0.417,9.618,5.25
1424931450104,37.490106,139.931693,6,0.012,0.428,9.553,5.25
1424931450204,37.490108,139.931688,6,0.032,0.419,9.473,5.25
1424931450300,37.490109,139.931683,6,0.046,0.398,9.437,5.25
1424931450401,37.49011,139.931678,6,0.026,0.453,9.554,5.25
1424931450501,37.490112,139.931673,6,-0.052,0.424,9.473,5.25
1424931450602,37.490113,139.931669,6,-0.24,0.555,9.099,5.25
1424931450703,37.490114,139.931664,6,-0.213,0.264,9.703,5.25
1424931450803,37.490115,139.931659,6,-0.243,0.165,9.869,5.25
1424931450904,37.490116,139.931654,6,-0.245,0.277,9.432,5.25
1424931451005,37.490117,139.93165,6,-0.136,0.17,9.385,5.25
1424931451101,37.490118,139.931645,6,-0.183,0.094,9.54,5.25
1424931451200,37.490119,139.931641,6,-0.248,0.133,9.465,5.25
1424931451302,37.49012,139.931636,6,-0.274,0.3,9.486,5.25
1424931451401,37.490121,139.931631,6,-0.312,0.343,9.431,5.27
1424931451503,37.490121,139.931625,6,-0.257,0.137,9.621,5.319
1424931451602,37.490121,139.931619,6,-0.227,0.074,9.625,5.367
1424931451700,37.490121,139.931613,6,-0.167,0.156,9.556,5.415
1424931451800,37.490121,139.931607,6,-0.114,0.136,9.385,5.464
1424931451902,37.490121,139.931601,6,-0.068,0.063,9.484,5.515
1424931452002,37.490121,139.931595,6,-0.078,0.023,9.536,5.566
1424931452103,37.490121,139.931589,6,-0.072,0.068,9.536,5.617
1424931452203,37.490121,139.931583,6,-0.045,0.065,9.414,5.668
1424931452304,37.490121,139.931577,6,-0.074,0.019,9.542,5.721
1424931452400,37.490121,139.93157,6,-0.114,-0.016,9.617,5.769
1424931452500,37.490122,139.931561,6,-0.085,0.033,9.469,5.817
1424931452601,37.490122,139.931553,6,-0.057,0.051,9.461,5.867
1424931452702,37.490123,139.931544,6,-0.084,0.077,9.608,5.916
1424931452803,37.490124,139.931536,6,-0.125,0.097,9.587,5.966
1424931452903,37.490124,139.931527,6,-0.103,0.138,9.528,6.016
1424931453004,37.490125,139.931518,6,-0.072,0.16,9.509,6.067
1424931453100,37.490125,139.93151,6,-0.06,0.184,9.545,6.116
1424931453200,37.490126,139.931501,6,-0.054,0.171,9.488,6.167
1424931453301,37.490127,139.931492,6,-0.033,0.168,9.462,6.219
1424931453402,37.490127,139.931484,6,-0.048,0.187,9.559,6.25
1424931453503,37.490128,139.931478,6,-0.083,0.181,9.555,6.25
1424931453603,37.490129,139.931472,6,-0.077,0.164,9.455,6.25
1424931453704,37.490129,139.931466,6,-0.062,0.136,9.42,6.25
1424931453800,37.49013,139.93146,6,-0.071,0.183,9.425,6.25
1424931453900,37.490131,139.931454,6,0.057,0.069,9.644,6.25
1424931454001,37.490131,139.931448,6,0.043,-0.007,9.638,6.25
1424931454102,37.490132,139.931442,6,0.003,0.027,9.531,6.25
1424931454202,37.490133,139.931436,6,0.101,-0.073,9.778,6.25
1424931454303,37.490134,139.931429,6,0.102,-0.122,9.752,6.25
1424931454404,37.490134,139.931423,6,0.072,-0.015,9.321,6.261
1424931454505,37.490134,139.931415,6,0.131,0.07,9.355,6.286
1424931454600,37.490134,139.931408,6,0.159,0.06,9.551,6.309
1424931454701,37.490135,139.9314,6,0.095,0.001,9.502,6.334
1424931454802,37.490135,139.931393,6,0.093,0.015,9.527,6.359
1424931454902,37.490135,139.931385,6,0.111,-0.065,9.628,6.384
1424931455003,37.490135,139.931377,6,0.091,-0.127,9.457,6.41
1424931455104,37.490135,139.93137,6,0.131,-0.143,9.432,6.435
1424931455204,37.490136,139.931362,6,0.116,-0.099,9.484,6.46
1424931455300,37.490136,139.931355,6,0.092,-0.064,9.509,6.485
1424931455401,37.490136,139.931346,7,0.037,-0.054,9.37,6.51
1424931455502,37.490137,139.931337,7,0.029,-0.105,9.503,6.535
1424931455602,37.490138,139.931327,7,-0.014,-0.125,9.679,6.56
1424931455703,37.490139,139.931317,7,-0.045,-0.111,9.579,6.585
1424931455804,37.49014,139.931308,7,-0.073,-0.093,9.387,6.61
1424931455904,37.490141,139.931298,7,-0.328,0.152,8.924,6.635
1424931456000,37.490142,139.931289,7,-0.202,-0.222,9.722,6.659
1424931456101,37.490143,139.931279,7,0.105,-0.627,10.655,6.684
1424931456201,37.490144,139.93127,7,0.117,-0.339,9.931,6.71
1424931456302,37.490145,139.93126,7,0.184,0.072,9.084,6.735
1424931456403,37.490147,139.931252,8,0.185,0.041,9.011,6.739
1424931456504,37.490148,139.931247,8,-0.049,-0.142,9.44,6.713
1424931456604,37.490149,139.931242,8,-0.231,0.071,10.128,6.688
1424931456700,37.49015,139.931237,8,-0.043,0.337,9.87,6.664
1424931456801,37.490152,139.931232,8,0.116,0.126,9.338,6.639
1424931456901,37.490153,139.931227,8,0.095,-0.134,9.362,6.614
1424931457002,37.490154,139.931222,8,0.044,-0.152,9.666,6.588
1424931457103,37.490156,139.931217,8,0.002,0.036,9.549,6.563
1424931457204,37.490157,139.931212,8,0.011,0.051,9.374,6.538
1424931457304,37.490158,139.931207,8,-0.045,-0.009,9.399,6.514
1424931457400,37.490159,139.931201,8,-0.079,-0.057,9.662,6.5
1424931457501,37.49016,139.931193,8,-0.062,-0.054,9.644,6.5
1424931457602,37.490161,139.931184,8,-0.017,-0.006,9.434,6.5
1424931457702,37.490162,139.931176,8,0.031,-0.008,9.423,6.5
1424931457803,37.490163,139.931168,8,0.032,-0.037,9.514,6.5
1424931457903,37.490164,139.93116,8,0.046,-0.065,9.472,6.5
1424931458004,37.490165,139.931152,8,0.028,-0.042,9.548,6.5
1424931458100,37.490166,139.931144,8,0.03,-0.001,9.553,6.5
1424931458200,37.490167,139.931136,8,-0.055,-0.008,9.4,6.5
1424931458301,37.490168,139.931128,8,-0.023,-0.039,9.471,6.5
1424931458402,37.490169,139.931119,5,0.004,-0.059,9.578,6.51
1424931458503,37.49017,139.931111,5,-0.047,-0.01,9.506,6.535
1424931458603,37.490171,139.931103,5,-0.034,-0.051,9.48,6.56
1424931458704,37.490171,139.931094,5,-0.116,0.039,9.222,6.585
1424931458800,37.490172,139.931086,5,0.048,-0.146,9.707,6.609
1424931458900,37.490173,139.931077,5,0.006,-0.155,9.819,6.634
1424931459001,37.490173,139.931069,5,-0.011,-0.077,9.544,6.659
1424931459102,37.490174,139.93106,5,-0.024,-0.11,9.675,6.685
1424931459203,37.490175,139.931052,5,-0.157,0.005,9.664,6.71
1424931459303,37.490176,139.931043,5,-0.142,-0.051,9.472,6.735
1424931459404,37.490177,139.931035,7,0.045,-0.046,9.627,6.75
1424931459500,37.490178,139.931029,7,0.07,-0.01,9.516,6.75
1424931459600,37.49018,139.931022,7,0.112,0.019,9.53,6.75
1424931459701,37.490181,139.931016,7,0.164,-0.036,9.397,6.75
1424931459802,37.490183,139.931009,7,0.144,-0.095,9.4,6.75
1424931459902,37.490185,139.931003,7,0.195,-0.005,9.606,6.75
1424931460003,37.490186,139.930996,7,0.136,0.088,9.471,6.75
1424931460104,37.490188,139.93099,7,0.083,0.04,9.477,6.75
1424931460205,37.49019,139.930983,7,0.083,-0.036,9.589,6.75
1424931460301,37.490191,139.930977,7,0.126,-0.017,9.581,6.75
1424931460402,37.490193,139.93097,7,0.183,0.009,9.516,6.739
1424931460502,37.490194,139.930964,7,0.173,-0.003,9.533,6.714
1424931460602,37.490196,139.930958,7,0.088,0.014,9.517,6.689
1424931460703,37.490198,139.930951,7,0.076,0.038,9.476,6.663
1424931460804,37.490199,139.930945,7,0.04,0.041,9.542,6.638
1424931460904,37.490201,139.930938,7,-0.036,0.046,9.588,6.613
1424931461000,37.490202,139.930932,7,-0.018,0.022,9.592,6.589
1424931461101,37.490204,139.930926,7,0.057,0.087,9.233,6.564
1424931461202,37.490206,139.93092,7,-0.041,0.04,9.591,6.539
1424931461302,37.490207,139.930914,7,-0.145,-0.112,9.955,6.514
1424931461403,37.490208,139.930906,7,-0.172,-0.025,9.52,6.521
1424931461504,37.490208,139.930897,7,-0.096,0.021,9.305,6.57
1424931461604,37.490208,139.930887,7,-0.103,0.022,9.485,6.619
1424931461700,37.490208,139.930878,7,0.095,-0.256,9.988,6.666
1424931461801,37.490208,139.930869,7,0.063,-0.061,9.701,6.716
1424931461901,37.490209,139.930859,7,-0.046,0.126,9.42,6.766
1424931462002,37.490209,139.930849,7,-0.087,-0.048,9.45,6.817
1424931462103,37.490209,139.930839,7,0.043,-0.135,9.534,6.868
1424931462204,37.490209,139.930829,7,0.128,-0.028,9.617,6.92
1424931462304,37.490209,139.93082,7,0.157,0.022,9.536,6.971
1424931462400,37.490209,139.93081,7,0.115,-0.035,9.248,6.99
1424931462501,37.490209,139.930801,7,0.132,-0.081,9.31,6.964
1424931462601,37.49021,139.930792,7,0.016,-0.152,9.625,6.939
1424931462702,37.49021,139.930783,7,-0.038,-0.15,9.631,6.913
1424931462803,37.49021,139.930773,7,-0.014,-0.156,9.416,6.888
1424931462904,37.490211,139.930764,7,-0.165,0.007,9.146,6.863
1424931463004,37.490211,139.930755,7,-0.198,-0.277,9.771,6.838
1424931463100,37.490211,139.930746,7,-0.172,-0.365,9.905,6.814
1424931463201,37.490212,139.930737,7,-0.025,-0.255,9.548,6.789
1424931463301,37.490212,139.930728,7,-0.031,-0.113,9.318,6.764
1424931463402,37.490212,139.93072,6,-0.024,-0.29,9.486,6.75
1424931463503,37.490213,139.930713,6,0.045,-0.247,9.643,6.75
1424931463603,37.490213,139.930706,6,-0.042,-0.073,9.542,6.75
1424931463704,37.490214,139.930699,6,-0.11,-0.064,9.588,6.75
1424931463800,37.490215,139.930692,6,-0.072,-0.192,9.544,6.75
1424931463901,37.490215,139.930685,6,0.023,-0.234,9.584,6.75
1424931464001,37.490216,139.930678,6,0.12,-0.201,9.665,6.75
1424931464102,37.490216,139.930671,6,0.099,-0.142,9.484,6.75
1424931464203,37.490217,139.930664,6,0.073,-0.115,9.394,6.75
1424931464303,37.490218,139.930657,6,0.042,-0.114,9.442,6.75
1424931464404,37.490218,139.93065,5,-0.084,-0.096,9.607,6.75
1424931464500,37.490219,139.930642,5,-0.113,-0.065,9.563,6.75
1424931464600,37.490219,139.930634,5,-0.001,-0.075,9.498,6.75
1424931464701,37.49022,139.930626,5,0.038,-0.121,9.571,6.75
1424931464802,37.49022,139.930618,5,0.046,-0.083,9.472,6.75
1424931464903,37.490221,139.93061,5,0.03,-0.083,9.477,6.75
1424931465003,37.490221,139.930602,5,-0.082,-0.111,9.639,6.75
1424931465104,37.490222,139.930594,5,-0.125,-0.04,9.535,6.75
1424931465200,37.490222,139.930587,5,-0.031,-0.014,9.375,6.75
1424931465305,37.490223,139.930578,5,-0.041,-0.044,9.479,6.75
1424931465401,37.490223,139.930571,5,0.125,-0.084,9.416,6.75
1424931465500,37.490224,139.930563,5,0.125,-0.091,9.632,6.75
1424931465603,37.490225,139.930555,5,0.039,-0.164,9.731,6.75
1424931465702,37.490226,139.930547,5,0.04,-0.182,9.606,6.75
1424931465804,37.490227,139.930538,5,-0.036,-0.131,9.656,6.75
1424931465900,37.490227,139.930531,5,-0.029,-0.083,9.617,6.75
1424931466000,37.490228,139.930523,5,0.037,-0.145,9.604,6.75
1424931466101,37.490229,139.930515,5,0.086,-0.138,9.747,6.75
1424931466202,37.49023,139.930507,5,0.034,0.052,9.2,6.75
1424931466302,37.490231,139.930499,5,-0.015,0.032,9.25,6.75
1424931466403,37.490232,139.930491,4,-0.111,-0.25,9.808,6.75
1424931466504,37.490233,139.930484,4,-0.161,-0.202,9.847,6.75
1424931466605,37.490235,139.930477,4,-0.092,-0.217,9.594,6.75
1424931466700,37.490236,139.930471,4,-0.089,-0.205,9.391,6.75
1424931466801,37.490238,139.930464,4,-0.138,-0.268,9.323,6.75
1424931466902,37.49024,139.930457,4,-0.128,-0.198,9.571,6.75
1424931467002,37.490241,139.93045,4,-0.087,-0.184,9.592,6.75
1424931467103,37.490243,139.930443,4,-0.044,-0.231,9.685,6.75
1424931467204,37.490245,139.930437,4,0.041,-0.149,9.389,6.75
1424931467304,37.490246,139.93043,4,0.113,-0.162,9.279,6.75
1424931467400,37.490247,139.930423,5,0.092,-0.248,9.484,6.74
1424931467501,37.490248,139.930414,5,0.017,-0.215,9.656,6.714
1424931467602,37.490248,139.930405,5,-0.072,0.029,9.272,6.689
1424931467702,37.490249,139.930397,5,-0.013,-0.073,9.491,6.663
1424931467803,37.49025,139.930388,5,0.003,-0.299,9.787,6.638
1424931467904,37.49025,139.930379,5,0.351,-0.211,9.671,6.613
1424931468004,37.490251,139.930371,5,0.435,-0.098,9.518,6.588
1424931468100,37.490251,139.930363,5,0.457,-0.033,9.516,6.564
1424931468201,37.490252,139.930354,5,0.322,-0.09,9.385,6.539
1424931468301,37.490253,139.930346,5,0.257,0.039,9.528,6.514
1424931468402,37.490254,139.930338,5,0.15,0.122,9.569,6.51
1424931468503,37.490255,139.93033,5,0.146,0.034,9.465,6.535
1424931468604,37.490257,139.930323,5,0.259,-0.089,9.779,6.56
1424931468704,37.490258,139.930316,5,0.198,-0.016,9.707,6.585
1424931468800,37.49026,139.930308,5,0.083,0.043,9.352,6.609
1424931468901,37.490262,139.930301,5,0.045,0.011,9.334,6.634
1424931469001,37.490263,139.930293,5,-0.067,0.016,9.455,6.659
1424931469102,37.490265,139.930286,5,0.008,0.045,9.574,6.685
1424931469203,37.490266,139.930278,5,-0.039,0.1,9.412,6.71
1424931469304,37.490268,139.93027,5,-0.165,0.093,9.359,6.736
1424931469404,37.490269,139.930263,5,-0.331,0.168,9.315,6.739
1424931469500,37.49027,139.930255,5,-0.13,0.169,9.614,6.714
1424931469601,37.490271,139.930248,5,-0.154,0.003,9.495,6.689
1424931469701,37.490272,139.93024,5,0.131,-0.198,9.548,6.664
1424931469802,37.490273,139.930232,5,0.289,-0.24,9.678,6.638
1424931469903,37.490274,139.930225,5,0.207,-0.029,9.679,6.613
1424931470003,37.490275,139.930217,5,0.586,-0.2,9.677,6.588
1424931470104,37.490276,139.93021,5,0.621,-0.15,10.212,6.563
1424931470200,37.490277,139.930203,5,0.375,0.322,9.513,6.539
1424931470301,37.490277,139.930195,5,0.301,0.558,8.944,6.514
1424931470401,37.490279,139.930188,5,0.134,0.268,9.409,6.5
1424931470502,37.490281,139.930181,5,0.038,0.01,10.026,6.5
1424931470603,37.490283,139.930175,5,0.153,0.077,9.901,6.5
1424931470703,37.490285,139.930168,5,0.202,0.173,9.371,6.5
1424931470804,37.490286,139.930161,5,0.155,-0.031,9.156,6.5
1424931470900,37.490288,139.930155,5,0.011,-0.075,9.444,6.5
1424931471000,37.49029,139.930148,5,-0.141,0.114,9.493,6.5
1424931471101,37.490292,139.930141,5,-0.104,0.083,9.852,6.5
1424931471202,37.490294,139.930135,5,-0.004,-0.055,9.787,6.5
1424931471303,37.490296,139.930128,5,-0.048,0.137,8.818,6.5
1424931471403,37.490297,139.930121,5,-0.049,-0.049,9.39,6.511
1424931471504,37.490298,139.930113,5,-0.007,-0.217,9.865,6.535
1424931471600,37.490298,139.930106,5,-0.173,-0.006,9.725,6.559
1424931471700,37.490298,139.930098,5,-0.178,0.207,9.38,6.584
1424931471801,37.490299,139.93009,5,-0.014,0.15,9.233,6.609
1424931471902,37.490299,139.930083,5,0.092,-0.034,9.468,6.634
1424931472002,37.4903,139.930075,5,0.106,0.104,9.733,6.659
1424931472103,37.4903,139.930067,5,0.063,0.208,9.326,6.685
1424931472204,37.4903,139.930059,5,0.133,0.13,9.486,6.71
1424931472300,37.490301,139.930052,5,0.081,-0.079,9.789,6.735
1424931472400,37.490301,139.930044,5,0.115,-0.045,9.694,6.75
1424931472501,37.490303,139.930036,5,0.177,0.076,9.424,6.75
1424931472602,37.490304,139.930028,5,0.278,0.08,9.538,6.75
1424931472702,37.490305,139.93002,5,0.259,0.07,9.535,6.75
1424931472803,37.490306,139.930012,5,0.187,0.169,9.335,6.75
1424931472904,37.490308,139.930003,5,0.175,0.13,9.434,6.75
1424931473000,37.490309,139.929996,5,0.098,0.029,9.58,6.75
1424931473100,37.49031,139.929988,5,0.033,-0.015,9.553,6.75
1424931473201,37.490311,139.92998,5,0.001,-0.05,9.611,6.75
1424931473302,37.490312,139.929972,5,-0.034,-0.034,9.447,6.75
1424931473402,37.490313,139.929964,6,-0.009,-0.044,9.41,6.76
1424931473503,37.490314,139.929955,6,0.033,-0.106,9.454,6.785
1424931473604,37.490315,139.929947,6,0.073,-0.143,9.548,6.81
1424931473704,37.490315,139.929939,6,-0.023,-0.065,9.47,6.835
1424931473800,37.490316,139.929931,6,-0.081,-0.09,9.285,6.859
1424931473901,37.490317,139.929922,6,-0.089,-0.221,9.534,6.884
1424931474002,37.490317,139.929914,6,0.032,-0.357,9.965,6.909
1424931474102,37.490318,139.929906,6,0.147,-0.327,9.806,6.935
1424931474203,37.490319,139.929897,6,0.224,-0.266,9.43,6.96
1424931474304,37.49032,139.929889,6,0.275,-0.319,9.59,6.986
1424931474404,37.49032,139.929881,7,0.219,-0.272,9.632,6.989
1424931474500,37.490319,139.929873,7,0.207,-0.157,9.621,6.964
1424931474601,37.490319,139.929866,7,0.23,-0.084,9.554,6.939
1424931474701,37.490318,139.929858,7,0.263,-0.125,9.509,6.914
1424931474802,37.490317,139.929851,7,0.225,-0.157,9.402,6.888
1424931474903,37.490317,139.929843,7,0.272,-0.214,9.508,6.863
1424931475004,37.490316,139.929835,7,0.305,-0.288,9.739,6.838
1424931475104,37.490316,139.929828,7,0.213,-0.27,9.6,6.813
1424931475200,37.490315,139.929821,7,0.161,-0.226,9.309,6.789
1424931475301,37.490314,139.929813,7,0.043,-0.173,9.285,6.764
1424931475401,37.490315,139.929807,7,0.146,-0.37,9.891,6.74
1424931475502,37.490316,139.929801,7,0.271,-0.347,9.765,6.714
1424931475603,37.490318,139.929796,7,0.4,-0.195,9.53,6.688
1424931475704,37.490319,139.929791,7,0.361,-0.235,9.329,6.663
1424931475804,37.490321,139.929785,7,0.427,-0.311,9.649,6.638
1424931475900,37.490322,139.92978,7,0.412,-0.346,9.857,6.614
1424931476001,37.490324,139.929775,7,0.336,-0.208,9.738,6.589
1424931476101,37.490325,139.92977,7,0.368,-0.212,9.505,6.564
1424931476202,37.490327,139.929764,7,0.446,-0.068,8.937,6.539
1424931476303,37.490328,139.929759,7,0.42,-0.045,9.016,6.514
1424931476404,37.49033,139.929753,7,0.28,-0.221,9.793,6.5
1424931476504,37.490331,139.929747,7,0.14,-0.332,9.916,6.5
1424931476600,37.490333,139.929741,7,0.136,-0.214,9.53,6.5
1424931476701,37.490335,139.929734,7,0.103,-0.271,9.275,6.5
1424931476801,37.490336,139.929728,7,0.029,-0.38,9.327,6.5
1424931476902,37.490338,139.929721,7,-0.007,-0.499,9.912,6.5
1424931477003,37.49034,139.929715,7,0.063,-0.112,9.494,6.5
1424931477103,37.490342,139.929708,7,0.129,-0.024,9.444,6.5
1424931477204,37.490343,139.929702,7,0.163,-0.235,9.842,6.5
1424931477300,37.490345,139.929696,7,0.191,-0.234,9.645,6.5
1424931477400,37.490346,139.929689,5,0.17,-0.085,9.387,6.5
1424931477501,37.490346,139.929682,5,0.12,0.103,9.541,6.5
1424931477602,37.490346,139.929674,5,0.102,-0.059,9.45,6.5
1424931477703,37.490346,139.929667,5,0.233,0.023,9.614,6.5
1424931477803,37.490346,139.929659,5,0.335,0.059,9.678,6.5
1424931477904,37.490346,139.929652,5,0.331,0.056,9.562,6.5
1424931478000,37.490346,139.929645,5,0.294,0.044,9.391,6.5
1424931478100,37.490346,139.929637,5,0.218,0.039,9.434,6.5
1424931478201,37.490346,139.92963,5,0.132,0.052,9.561,6.5
1424931478302,37.490346,139.929622,5,0.136,0.056,9.603,6.5
1424931478403,37.490346,139.929615,5,0.182,0.056,9.479,6.511
1424931478503,37.490347,139.929607,5,0.176,0.053,9.408,6.535
1424931478604,37.490348,139.929599,5,0.237,-0.052,9.617,6.56
1424931478700,37.490349,139.929592,5,0.227,-0.034,9.541,6.584
1424931478800,37.490349,139.929584,5,0.167,0.066,9.394,6.609
1424931478901,37.49035,139.929577,5,0.138,0.047,9.524,6.634
1424931479002,37.490351,139.929569,5,0.106,0.055,9.518,6.659
1424931479102,37.490352,139.929561,5,0.095,0.063,9.483,6.685
1424931479203,37.490353,139.929553,5,0.039,0.011,9.574,6.71
1424931479304,37.490354,139.929545,5,0.033,0.031,9.628,6.736
1424931479405,37.490354,139.929537,5,0.057,0.056,9.443,6.75
1424931479500,37.490355,139.92953,5,0.088,0.066,9.296,6.75
1424931479606,37.490356,139.929522,5,0.005,0.02,9.584,6.75
1424931479702,37.490357,139.929514,5,0.013,0.019,9.61,6.75
1424931479801,37.490358,139.929507,5,0.011,0.031,9.636,6.75
1424931479903,37.490358,139.929499,5,0.007,0.001,9.622,6.75
1424931480002,37.490359,139.929491,5,0.07,-0.017,9.59,6.75
1424931480104,37.49036,139.929483,5,0.125,0.045,9.476,6.75
1424931480200,37.490361,139.929475,5,0.14,0.058,9.418,6.75
1424931480301,37.490362,139.929468,5,0.07,0.063,9.532,6.75
1424931480402,37.490362,139.929459,7,0.096,0.082,9.595,6.76
1424931480502,37.490362,139.929451,7,0.099,0.084,9.488,6.785
1424931480603,37.490361,139.929442,7,0.084,0.028,9.53,6.81
1424931480704,37.490361,139.929433,7,0.062,0.035,9.503,6.835
1424931480804,37.490361,139.929424,7,0.055,0.035,9.442,6.86
1424931480900,37.49036,139.929415,7,0.01,0.027,9.466,6.884
1424931481001,37.49036,139.929406,7,-0.01,0.028,9.48,6.909
1424931481102,37.49036,139.929397,7,-0.023,0.001,9.491,6.935
1424931481202,37.490359,139.929388,7,0.06,-0.11,9.603,6.96
1424931481303,37.490359,139.929379,7,0.028,-0.108,9.608,6.986
1424931481404,37.49036,139.929371,7,0.074,-0.115,9.572,7.011
1424931481504,37.490362,139.929363,7,0.163,-0.142,9.484,7.035
1424931481600,37.490364,139.929355,7,0.163,-0.255,9.729,7.059
1424931481701,37.490366,139.929347,7,0.051,-0.256,9.497,7.084
1424931481801,37.490368,139.929339,7,0.221,-0.079,9.383,7.109
1424931481902,37.49037,139.929331,7,0.177,-0.174,9.487,7.134
1424931482003,37.490372,139.929323,7,0.12,-0.221,9.643,7.16
1424931482104,37.490375,139.929315,7,0.104,-0.223,9.61,7.185
1424931482204,37.490377,139.929307,7,0.057,-0.238,9.612,7.21
1424931482300,37.490379,139.929299,7,-0.086,-0.322,9.479,7.235
1424931482401,37.490381,139.929291,7,-0.006,-0.208,9.415,7.24
1424931482501,37.490382,139.929283,7,0.059,-0.175,9.439,7.214
1424931482602,37.490384,139.929275,7,0.031,-0.223,9.6,7.189
1424931482703,37.490385,139.929267,7,-0.014,-0.265,9.749,7.163
1424931482803,37.490387,139.92926,7,-0.069,-0.218,9.47,7.138
1424931482904,37.490388,139.929252,7,-0.079,-0.207,9.361,7.113
1424931483000,37.49039,139.929244,7,0.013,-0.307,9.649,7.089
1424931483100,37.490391,139.929237,7,0.082,-0.341,9.715,7.064
1424931483201,37.490393,139.929229,7,0.129,-0.206,9.546,7.039
1424931483302,37.490394,139.929221,7,0.08,-0.195,9.472,7.014
1424931483403,37.490395,139.929214,7,0.07,-0.277,9.669,6.989
1424931483503,37.490396,139.929206,7,0.088,-0.241,9.681,6.964
1424931483604,37.490397,139.929199,7,0.152,-0.119,9.553,6.938
1424931483700,37.490398,139.929192,7,0.118,-0.049,9.445,6.914
1424931483800,37.490399,139.929184,7,0.121,-0.097,9.363,6.889
1424931483901,37.4904,139.929177,7,0.113,-0.22,9.775,6.864
1424931484002,37.490401,139.929169,7,0.047,-0.17,9.939,6.838
1424931484103,37.490402,139.929162,7,-0.023,-0.011,9.342,6.813
1424931484203,37.490403,139.929154,7,0.014,0.022,9.197,6.789
1424931484304,37.490403,139.929147,7,-0.02,0.053,9.307,6.764
1424931484400,37.490405,139.929139,10,-0.119,-0.022,9.604,6.75
1424931484500,37.490408,139.92913,10,-0.038,-0.073,9.784,6.75
1424931484601,37.490411,139.929121,10,0.015,-0.042,9.495,6.75
1424931484702,37.490414,139.929112,10,0.015,-0.107,9.526,6.75
1424931484803,37.490416,139.929103,10,0.074,-0.158,9.506,6.75
1424931484903,37.490419,139.929094,10,0.151,-0.089,9.523,6.75
1424931485004,37.490422,139.929084,10,0.136,0.023,9.501,6.75
1424931485100,37.490425,139.929076,10,0.123,0.075,9.515,6.75
1424931485200,37.490428,139.929067,10,0.126,0.025,9.422,6.75
1424931485301,37.49043,139.929057,10,0.195,0.001,9.527,6.75
1424931485402,37.490433,139.929049,10,0.182,0.057,9.515,6.75
1424931485502,37.490434,139.929042,10,0.118,0.066,9.352,6.75
1424931485603,37.490435,139.929035,10,0.202,-0.007,9.394,6.75
1424931485704,37.490437,139.929028,10,0.266,-0.124,9.671,6.75
1424931485805,37.490438,139.929021,10,0.245,-0.084,9.683,6.75
1424931485900,37.49044,139.929014,10,0.211,0.034,9.258,6.75
1424931486001,37.490441,139.929007,10,0.207,-0.084,9.489,6.75
1424931486102,37.490442,139.929,10,0.201,-0.219,9.93,6.75
1424931486202,37.490444,139.928993,10,0.169,-0.108,9.723,6.75
1424931486303,37.490445,139.928986,10,0.179,0.034,9.412,6.75
1424931486404,37.490447,139.928979,7,0.321,-0.028,9.297,6.75
1424931486504,37.49045,139.928973,7,0.332,-0.154,9.79,6.75
1424931486600,37.490452,139.928966,7,0.27,-0.058,9.693,6.75
1424931486701,37.490455,139.92896,7,0.276,0.006,9.328,6.75
1424931486802,37.490457,139.928953,7,0.231,-0.063,9.43,6.75
1424931486902,37.49046,139.928947,7,0.083,-0.191,9.492,6.75
1424931487003,37.490463,139.92894,7,-0.008,-0.189,9.567,6.75
1424931487104,37.490465,139.928934,7,0.155,0.025,9.344,6.75
1424931487204,37.490468,139.928927,7,0.252,-0.129,9.477,6.75
1424931487300,37.49047,139.928921,7,0.312,-0.283,9.483,6.75
1424931487401,37.490473,139.928914,7,0.24,-0.297,9.526,6.75
1424931487502,37.490475,139.928906,7,0.222,-0.188,9.414,6.75
1424931487602,37.490477,139.928898,7,0.146,-0.219,9.18,6.75
1424931487703,37.490479,139.92889,7,0.093,-0.247,9.48,6.75
1424931487804,37.49048,139.928882,7,-0.053,-0.223,9.504,6.75
1424931487904,37.490482,139.928874,7,0.072,-0.225,9.603,6.75
1424931488000,37.490484,139.928866,7,0.171,-0.34,9.729,6.75
1424931488101,37.490486,139.928858,7,0.221,-0.423,9.735,6.75
1424931488201,37.490488,139.928851,7,0.212,-0.345,9.636,6.75
1424931488302,37.49049,139.928843,7,0.118,-0.221,9.461,6.75
1424931488403,37.490492,139.928834,7,0.096,-0.264,9.616,6.75
1424931488504,37.490493,139.928826,7,0.058,-0.182,9.696,6.75
1424931488604,37.490494,139.928818,7,0.137,-0.081,9.53,6.75
1424931488700,37.490495,139.928809,7,0.157,-0.106,9.51,6.75
1424931488801,37.490497,139.928801,7,0.145,-0.235,9.588,6.75
1424931488901,37.490498,139.928793,7,0.078,-0.27,9.618,6.75
1424931489002,37.490499,139.928784,7,0.3,-0.345,9.54,6.75
1424931489103,37.490501,139.928776,7,0.349,-0.541,9.507,6.75
1424931489203,37.490502,139.928767,7,0.079,-0.607,9.372,6.75
1424931489304,37.490503,139.928759,7,-0.011,-0.154,9.339,6.75
1424931489400,37.490504,139.928751,7,0.069,0.022,9.176,6.74
1424931489501,37.490505,139.928743,7,0.114,-0.132,9.308,6.714
1424931489601,37.490506,139.928735,7,0.108,-0.141,9.82,6.689
1424931489702,37.490507,139.928727,7,0.125,-0.199,9.787,6.663
1424931489803,37.490508,139.928719,7,0.068,-0.08,9.324,6.638
1424931489903,37.490509,139.928711,7,0.162,-0.017,9.161,6.613
1424931490004,37.49051,139.928703,7,0.02,-0.253,9.337,6.588
1424931490100,37.490511,139.928696,7,-0.024,-0.252,9.702,6.564
1424931490200,37.490512,139.928688,7,-0.199,-0.069,9.428,6.539
1424931490301,37.490513,139.928681,7,-0.303,-0.026,9.471,6.514
1424931490402,37.490514,139.928673,7,-0.317,-0.246,9.61,6.489
1424931490503,37.490515,139.928666,7,-0.163,-0.336,9.483,6.464
1424931490603,37.490515,139.928659,7,-0.113,-0.229,9.261,6.438
1424931490704,37.490515,139.928652,7,-0.036,-0.208,9.781,6.413
1424931490800,37.490516,139.928645,7,0.035,-0.31,9.888,6.389
1424931490900,37.490516,139.928638,7,0.046,-0.117,8.985,6.364
1424931491001,37.490517,139.928631,7,0.066,-0.226,9.653,6.339
1424931491102,37.490517,139.928625,7,-0.098,-0.255,9.836,6.314
1424931491203,37.490517,139.928618,7,0.07,-0.276,9.687,6.289
1424931491303,37.490518,139.928611,7,0.236,-0.092,9.409,6.264
1424931491404,37.490518,139.928604,7,0.312,-0.126,9.695,6.25
1424931491500,37.490519,139.928598,7,0.258,-0.212,9.487,6.25
1424931491600,37.490519,139.928592,7,0.339,-0.054,9.383,6.25
1424931491701,37.490519,139.928585,7,0.221,-0.03,9.399,6.25
1424931491802,37.49052,139.928579,7,0.133,-0.131,9.747,6.25
1424931491902,37.49052,139.928572,7,0.085,-0.287,9.705,6.25
1424931492003,37.490521,139.928566,7,0.159,-0.23,9.63,6.25
1424931492104,37.490521,139.928559,7,0.135,-0.071,9.253,6.25
1424931492200,37.490521,139.928553,7,0.044,-0.135,9.418,6.25
1424931492300,37.490522,139.928547,7,-0.018,-0.237,9.684,6.25
1424931492401,37.490522,139.92854,8,-0.009,-0.19,9.7,6.24
1424931492502,37.490521,139.928534,8,0.049,-0.068,9.501,6.214
1424931492602,37.49052,139.928527,8,0.068,-0.061,9.435,6.189
1424931492703,37.490519,139.928521,8,0.063,-0.127,9.574,6.163
1424931492804,37.490518,139.928514,8,0.028,-0.106,9.534,6.138
1424931492905,37.490518,139.928508,8,0.058,-0.023,9.459,6.112
1424931493000,37.490517,139.928502,8,0.06,-0.036,9.522,6.089
1424931493101,37.490516,139.928495,8,-0.01,-0.15,9.747,6.064
1424931493202,37.490515,139.928489,8,-0.081,-0.154,9.533,6.039
1424931493302,37.490514,139.928483,8,-0.156,-0.03,9.273,6.014
1424931493403,37.490514,139.928476,8,-0.197,-0.071,9.492,6.0
1424931493504,37.490515,139.92847,8,-0.214,-0.136,9.669,6.0
1424931493604,37.490515,139.928463,8,-0.141,-0.199,9.662,6.0
1424931493705,37.490515,139.928456,8,-0.04,-0.116,9.57,6.0
1424931493801,37.490516,139.92845,8,-0.035,-0.066,9.533,6.0
1424931493900,37.490516,139.928443,8,-0.096,-0.094,9.421,6.0
1424931494002,37.490517,139.928437,8,-0.137,-0.169,9.468,6.0
1424931494101,37.490517,139.92843,8,-0.104,-0.197,9.807,6.0
1424931494204,37.490517,139.928423,8,0.031,-0.159,9.875,6.0
1424931494303,37.490518,139.928417,8,0.069,-0.047,9.454,6.0
1424931494400,37.490518,139.92841,8,0.073,-0.029,9.29,6.0
1424931494501,37.490518,139.928403,8,0.116,-0.117,9.466,6.0
1424931494601,37.490519,139.928396,8,0.039,-0.067,9.489,6.0
1424931494702,37.490519,139.928389,8,-0.012,-0.038,9.637,6.0
1424931494803,37.490519,139.928382,8,0.039,-0.012,9.618,6.0
1424931494904,37.49052,139.928375,8,0.128,-0.105,9.556,6.0
1424931495004,37.49052,139.928369,8,0.103,-0.207,9.575,6.0
1424931495100,37.49052,139.928362,8,0.059,-0.161,9.527,6.0
1424931495201,37.490521,139.928355,8,0.071,-0.085,9.453,6.0
1424931495301,37.490521,139.928348,8,0.063,-0.086,9.508,6.0
1424931495402,37.490521,139.928341,8,0.028,-0.09,9.555,5.989
1424931495503,37.490522,139.928335,8,0.07,-0.1,9.66,5.964
1424931495604,37.490522,139.928328,8,0.121,-0.062,9.511,5.938
1424931495704,37.490522,139.928322,8,0.137,-0.089,9.458,5.913
1424931495800,37.490523,139.928316,8,0.149,-0.143,9.565,5.889
1424931495901,37.490523,139.92831,8,0.181,-0.15,9.622,5.863
1424931496001,37.490524,139.928303,8,0.19,-0.083,9.445,5.839
1424931496102,37.490524,139.928297,8,0.189,-0.088,9.479,5.813
1424931496203,37.490524,139.928291,8,0.183,-0.119,9.528,5.789
1424931496303,37.490525,139.928285,8,0.122,-0.172,9.689,5.764
1424931496404,37.490525,139.928278,7,0.04,-0.08,9.466,5.75
1424931496500,37.490525,139.928272,7,0.104,0.043,9.169,5.75
1424931496601,37.490525,139.928265,7,0.078,-0.072,9.53,5.75
1424931496701,37.490525,139.928259,7,0.037,-0.172,9.827,5.75
1424931496802,37.490525,139.928252,7,0.099,-0.113,9.499,5.75
1424931496903,37.490525,139.928246,7,0.181,-0.075,9.403,5.75
1424931497003,37.490525,139.928239,7,0.21,-0.137,9.608,5.75
1424931497104,37.490525,139.928233,7,0.203,-0.281,9.698,5.75
1424931497200,37.490525,139.928226,7,0.202,-0.183,9.4,5.75
1424931497300,37.490525,139.92822,7,0.208,-0.084,9.511,5.75
1424931497401,37.490525,139.928213,7,-0.172,0.051,9.348,5.75
1424931497502,37.490526,139.928207,7,-0.177,-0.007,9.423,5.75
1424931497603,37.490526,139.928201,7,-0.256,-0.025,9.441,5.75
1424931497703,37.490527,139.928195,7,-0.066,-0.116,9.795,5.75
1424931497804,37.490527,139.928188,7,0.109,-0.171,9.897,5.75
1424931497900,37.490528,139.928183,7,0.178,-0.174,9.523,5.75
1424931498000,37.490528,139.928176,7,0.257,-0.116,9.448,5.75
1424931498101,37.490529,139.92817,7,0.112,-0.178,9.367,5.75
1424931498202,37.490529,139.928164,7,-0.206,-0.169,9.456,5.75
1424931498302,37.49053,139.928158,7,-0.164,-0.035,9.727,5.75
1424931498403,37.49053,139.928151,7,-0.093,0.021,9.669,5.761
1424931498504,37.490531,139.928143,7,0.008,-0.011,9.563,5.785
1424931498600,37.490531,139.928135,7,0.028,-0.125,9.642,5.809
1424931498700,37.490532,139.928128,7,0.071,-0.133,9.567,5.834
1424931498801,37.490533,139.92812,7,0.107,-0.082,9.475,5.859
1424931498902,37.490533,139.928112,7,0.119,0.001,9.283,5.884
1424931499002,37.490534,139.928104,7,0.139,-0.091,9.598,5.909
1424931499103,37.490534,139.928096,7,0.14,-0.117,9.654,5.935
1424931499204,37.490535,139.928088,7,0.101,-0.081,9.59,5.96
1424931499304,37.490536,139.92808,7,0.097,-0.058,9.518,5.986
1424931499400,37.490536,139.928073,8,0.097,-0.092,9.457,5.979
1424931499501,37.490538,139.928069,8,0.044,-0.116,9.466,5.927
1424931499602,37.490539,139.928064,8,0.045,-0.099,9.578,5.875
1424931499702,37.49054,139.92806,8,0.047,-0.034,9.524,5.824
1424931499803,37.490541,139.928055,8,0.079,-0.055,9.499,5.773
1424931499904,37.490542,139.928051,8,0.059,-0.108,9.61,5.723
1424931500004,37.490543,139.928047,8,0.041,-0.134,9.681,5.673
1424931500100,37.490544,139.928043,8,0.053,-0.132,9.533,5.626
1424931500201,37.490545,139.928039,8,0.072,-0.077,9.42,5.577
1424931500301,37.490546,139.928034,8,0.06,-0.088,9.557,5.528
1424931500402,37.490547,139.928029,10,0.037,-0.132,9.651,5.5
1424931500503,37.490548,139.928023,10,0.078,-0.093,9.54,5.5
1424931500604,37.490548,139.928017,10,0.09,-0.07,9.469,5.5
1424931500704,37.490549,139.928011,10,0.061,-0.148,9.6,5.5
1424931500800,37.490549,139.928006,10,0.055,-0.248,9.702,5.5
1424931500901,37.49055,139.928,10,0.129,-0.165,9.49,5.5
1424931501001,37.49055,139.927994,10,0.166,-0.111,9.421,5.5
1424931501102,37.490551,139.927987,10,0.189,-0.219,9.46,5.5
1424931501203,37.490551,139.927981,10,0.199,-0.395,9.515,5.5
1424931501304,37.490552,139.927975,10,0.158,-0.578,9.628,5.5
1424931501404,37.490552,139.92797,11,0.142,-0.609,9.511,5.489
1424931501500,37.490553,139.927965,11,0.162,-0.659,9.531,5.464
1424931501601,37.490554,139.92796,11,0.107,-0.649,9.358,5.439
1424931501701,37.490554,139.927955,11,0.113,-0.78,9.586,5.413
1424931501802,37.490555,139.92795,11,0.096,-0.774,9.373,5.388
1424931501903,37.490556,139.927945,11,0.163,-0.869,9.371,5.363
1424931502003,37.490557,139.92794,11,0.226,-1.011,9.658,5.338
1424931502104,37.490557,139.927935,11,0.288,-1.142,9.675,5.313
1424931502200,37.490558,139.927931,11,0.258,-1.178,9.612,5.289
1424931502301,37.490559,139.927926,11,0.183,-1.24,9.334,5.264
1424931502401,37.490559,139.927921,11,0.134,-1.255,9.536,5.205
1424931502502,37.490559,139.927917,11,0.081,-1.36,9.618,5.095
1424931502603,37.490558,139.927912,11,0.103,-1.332,9.472,4.988
1424931502703,37.490558,139.927908,11,0.141,-1.38,9.586,4.883
1424931502804,37.490558,139.927903,11,0.241,-1.367,9.59,4.78
1424931502900,37.490557,139.927899,11,0.292,-1.345,9.516,4.684
1424931503000,37.490557,139.927895,11,0.319,-1.416,9.602,4.586
1424931503101,37.490557,139.927891,11,0.279,-1.442,9.573,4.489
1424931503202,37.490556,139.927887,11,0.204,-1.41,9.473,4.394
1424931503303,37.490556,139.927883,11,0.156,-1.402,9.528,4.301
1424931503403,37.490556,139.92788,11,0.149,-1.424,9.598,4.172
1424931503504,37.490557,139.927876,11,0.181,-1.412,9.619,3.994
1424931503600,37.490557,139.927873,11,0.245,-1.391,9.526,3.831
1424931503700,37.490557,139.927871,11,0.32,-1.417,9.542,3.668
1424931503801,37.490557,139.927868,11,0.388,-1.404,9.558,3.509
1424931503902,37.490558,139.927865,11,0.436,-1.38,9.465,3.357
1424931504003,37.490558,139.927862,11,0.492,-1.404,9.515,3.212
1424931504103,37.490558,139.92786,11,0.429,-1.454,9.738,3.074
1424931504204,37.490559,139.927857,11,0.209,-1.371,9.612,2.942
1424931504300,37.490559,139.927855,11,0.098,-1.318,9.46,2.822
1424931504400,37.490559,139.927853,11,0.109,-1.369,9.505,2.686
1424931504501,37.490558,139.927852,11,0.154,-1.39,9.632,2.529
1424931504602,37.490558,139.92785,11,0.186,-1.364,9.572,2.38
1424931504702,37.490558,139.927848,11,0.226,-1.331,9.474,2.24
1424931504803,37.490557,139.927847,11,0.304,-1.307,9.517,2.106
1424931504904,37.490557,139.927845,11,0.376,-1.264,9.587,1.979
1424931505000,37.490557,139.927844,11,0.355,-1.182,9.565,1.865
1424931505100,37.490557,139.927843,11,0.274,-1.051,9.524,1.754
1424931505201,37.490556,139.927842,11,0.252,-0.953,9.526,1.65
1424931505302,37.490556,139.927841,11,0.262,-0.884,9.542,1.552
1424931505402,37.490558,139.92784,17,0.268,-0.843,9.546,1.458
1424931505503,37.490561,139.927841,17,0.253,-0.826,9.544,1.362
1424931505604,37.490565,139.927842,17,0.248,-0.781,9.57,1.271
1424931505704,37.490568,139.927843,17,0.288,-0.693,9.574,1.186
1424931505800,37.490571,139.927843,17,0.318,-0.583,9.546,1.108
1424931505901,37.490574,139.927844,17,0.327,-0.491,9.513,1.032
1424931506002,37.490577,139.927844,17,0.319,-0.44,9.496,0.961
1424931506102,37.490579,139.927845,17,0.308,-0.415,9.512,0.896
1424931506203,37.490582,139.927845,17,0.315,-0.388,9.536,0.835
1424931506304,37.490584,139.927846,17,0.311,-0.36,9.551,0.779
1424931506404,37.490585,139.927845,17,0.3,-0.339,9.542,0.717
1424931506500,37.490584,139.927843,17,0.297,-0.332,9.528,0.65
1424931506601,37.490583,139.927841,17,0.309,-0.314,9.539,0.584
1424931506702,37.490583,139.927839,17,0.315,-0.304,9.532,0.523
1424931506802,37.490582,139.927837,17,0.294,-0.287,9.532,0.467
1424931506903,37.490582,139.927835,17,0.299,-0.275,9.538,0.416
1424931507004,37.490581,139.927834,17,0.301,-0.286,9.522,0.371
1424931507104,37.490581,139.927833,17,0.312,-0.291,9.524,0.33
1424931507200,37.49058,139.927831,17,0.304,-0.293,9.525,0.296
1424931507301,37.49058,139.92783,17,0.301,-0.295,9.522,0.266
1424931507401,37.490582,139.927831,13,0.303,-0.297,9.542,0.23
1424931507502,37.490586,139.927832,13,0.308,-0.272,9.558,0.184
1424931507603,37.490589,139.927833,13,0.302,-0.171,9.575,0.143
1424931507703,37.490592,139.927835,13,0.293,-0.036,9.551,0.108
1424931507804,37.490595,139.927836,13,0.297,0.056,9.519,0.077
1424931507900,37.490597,139.927836,13,0.299,0.059,9.519,0.053
1424931508006,37.490599,139.927837,13,0.301,-0.001,9.535,0.031
1424931508101,37.490601,139.927837,13,0.29,-0.046,9.54,0.017
1424931508200,37.490601,139.927838,13,0.291,-0.049,9.543,0.006
1424931508303,37.490602,139.927838,13,0.291,-0.013,9.53,0.001
1424931517402,37.490614,139.927828,10,0.364,0.73,9.51,0.002
1424931517502,37.490614,139.927828,10,0.377,0.717,9.54,0.02
1424931517603,37.490614,139.927828,10,0.272,0.687,9.526,0.059
1424931517704,37.490614,139.927827,10,0.199,0.708,9.546,0.118
1424931517804,37.490614,139.927827,10,0.213,0.739,9.503,0.197
1424931517900,37.490614,139.927826,10,0.268,0.745,9.466,0.292
1424931518001,37.490614,139.927825,10,0.325,0.694,9.485,0.411
1424931518102,37.490614,139.927824,10,0.325,0.69,9.525,0.551
1424931518202,37.490614,139.927823,10,0.313,0.723,9.515,0.709
1424931518303,37.490614,139.927822,10,0.272,0.651,9.497,0.889
1424931518404,37.490614,139.92782,10,0.266,0.543,9.539,1.03
1424931518504,37.490614,139.927819,10,0.262,0.483,9.558,1.103
1424931518600,37.490614,139.927817,10,0.304,0.487,9.408,1.179
1424931518701,37.490614,139.927815,10,0.317,0.379,9.542,1.266
1424931518802,37.490614,139.927813,10,0.283,0.342,9.621,1.36
1424931518902,37.490614,139.92781,10,0.265,0.372,9.524,1.459
1424931519003,37.490613,139.927808,10,0.276,0.364,9.489,1.566
1424931519104,37.490613,139.927805,10,0.301,0.31,9.529,1.681
1424931519204,37.490613,139.927803,10,0.276,0.337,9.551,1.8
1424931519300,37.490613,139.9278,10,0.215,0.344,9.543,1.921
1424931519401,37.490613,139.927797,10,0.211,0.355,9.518,2.01
1424931519501,37.490613,139.927794,10,0.211,0.333,9.548,2.033
1424931519602,37.490613,139.927792,10,0.216,0.362,9.517,2.058
1424931519703,37.490613,139.927789,10,0.243,0.381,9.452,2.082
1424931519804,37.490613,139.927786,10,0.155,0.4,9.279,2.107
1424931519904,37.490613,139.927783,10,0.228,0.286,9.633,2.132
1424931520000,37.490613,139.92778,10,0.205,0.297,9.721,2.157
1424931520101,37.490613,139.927778,10,0.143,0.422,9.391,2.182
1424931520201,37.490613,139.927775,10,0.213,0.421,9.306,2.208
1424931520302,37.490613,139.927772,10,0.244,0.361,9.667,2.235
1424931520403,37.490613,139.927769,10,0.175,0.321,9.721,2.26
1424931520503,37.490612,139.927767,10,0.124,0.37,9.526,2.284
1424931520604,37.490611,139.927765,10,0.095,0.416,9.382,2.309
1424931520700,37.490611,139.927762,10,0.142,0.388,9.428,2.332
1424931520801,37.49061,139.92776,10,0.211,0.361,9.525,2.357
1424931520901,37.490609,139.927758,10,0.243,0.322,9.58,2.382
1424931521002,37.490609,139.927756,10,0.187,0.293,9.491,2.407
1424931521103,37.490608,139.927753,10,0.191,0.291,9.475,2.433
1424931521203,37.490607,139.927751,10,0.142,0.257,9.614,2.459
1424931521304,37.490606,139.927748,10,0.086,0.29,9.608,2.485
1424931521400,37.490606,139.927746,10,0.085,0.274,9.515,2.518
1424931521501,37.490606,139.927742,10,0.132,0.274,9.487,2.565
1424931521601,37.490606,139.927738,10,0.171,0.354,9.419,2.612
1424931521702,37.490605,139.927735,10,0.169,0.353,9.556,2.661
1424931521803,37.490605,139.927731,10,0.112,0.261,9.608,2.71
1424931521903,37.490605,139.927727,10,0.031,0.249,9.559,2.76
1424931522004,37.490605,139.927723,10,0.053,0.303,9.621,2.812
1424931522105,37.490605,139.927719,10,0.191,0.408,9.531,2.864
1424931522200,37.490604,139.927716,10,0.191,0.422,9.432,2.914
1424931522306,37.490604,139.927711,10,0.098,0.437,9.412,2.971
1424931522402,37.490604,139.927707,10,0.155,0.444,9.502,3.01
1424931522501,37.490604,139.927704,10,0.1,0.407,9.648,3.034
1424931522603,37.490605,139.9277,10,0.2,0.396,9.593,3.059
1424931522702,37.490605,139.927696,10,0.149,0.394,9.502,3.083
1424931522800,37.490605,139.927692,10,0.212,0.442,9.468,3.108
1424931522900,37.490606,139.927688,10,0.225,0.506,9.449,3.133
1424931523001,37.490606,139.927684,10,0.153,0.464,9.569,3.158
1424931523102,37.490606,139.92768,10,0.12,0.46,9.526,3.184
1424931523202,37.490607,139.927676,10,0.122,0.486,9.495,3.209
1424931523303,37.490607,139.927671,10,0.033,0.459,9.577,3.235
1424931523404,37.490607,139.927667,10,-0.026,0.53,9.413,3.261
1424931523500,37.490607,139.927663,10,0.082,0.481,9.57,3.284
1424931523600,37.490608,139.927659,10,0.055,0.612,9.92,3.308
1424931523701,37.490608,139.927654,10,0.109,0.458,9.628,3.333
1424931523802,37.490608,139.92765,10,0.153,0.271,9.339,3.358
1424931523902,37.490609,139.927646,10,0.133,0.022,9.566,3.383
1424931524003,37.490609,139.927641,10,0.131,-0.115,9.49,3.409
1424931524104,37.490609,139.927637,10,0.182,-0.242,9.231,3.434
1424931524200,37.49061,139.927632,10,0.066,-0.294,9.594,3.459
1424931524300,37.49061,139.927628,10,-0.085,-0.317,9.776,3.484
1424931524401,37.49061,139.927623,10,-0.298,-0.482,9.365,3.5
1424931524502,37.490611,139.927618,10,-0.168,-0.34,9.638,3.5
1424931524602,37.490611,139.927613,10,-0.208,-0.332,9.694,3.5
1424931524703,37.490611,139.927608,10,-0.114,-0.323,9.298,3.5
1424931524804,37.490612,139.927603,10,-0.021,-0.417,9.397,3.5
1424931524904,37.490612,139.927598,10,-0.126,-0.49,9.832,3.5
1424931525000,37.490613,139.927594,10,-0.216,-0.463,9.684,3.5
1424931525101,37.490613,139.927589,10,-0.06,-0.384,9.233,3.5
1424931525202,37.490613,139.927584,10,0.019,-0.389,9.504,3.5
1424931525302,37.490614,139.927579,10,-0.148,-0.422,9.795,3.5
1424931525403,37.490614,139.927574,10,-0.197,-0.344,9.499,3.5
1424931525504,37.490614,139.92757,10,-0.113,-0.286,9.453,3.5
1424931525604,37.490615,139.927565,10,-0.097,-0.26,9.605,3.5
1424931525700,37.490615,139.927561,10,-0.114,-0.261,9.573,3.5
1424931525801,37.490615,139.927556,10,0.117,-0.181,9.265,3.5
1424931525901,37.490616,139.927552,10,0.089,-0.119,9.465,3.5
1424931526002,37.490616,139.927547,10,-0.113,-0.18,9.819,3.5
1424931526103,37.490616,139.927543,10,-0.232,-0.169,9.614,3.5
1424931526204,37.490617,139.927538,10,-0.18,-0.11,9.399,3.5
1424931526304,37.490617,139.927534,10,-0.121,-0.105,9.637,3.5
1424931526400,37.490617,139.927529,10,-0.113,0.034,9.776,3.5
1424931526501,37.490617,139.927525,10,-0.059,0.425,9.456,3.5
1424931526601,37.490617,139.92752,10,0.067,0.404,9.32,3.5
1424931526702,37.490618,139.927515,10,0.071,0.408,9.472,3.5
1424931526803,37.490618,139.927511,10,0.198,0.496,9.763,3.5
1424931526903,37.490618,139.927506,10,0.24,0.502,9.541,3.5
1424931527004,37.490618,139.927501,10,0.185,0.633,9.446,3.5
1424931527100,37.490618,139.927497,10,-0.02,0.839,9.529,3.5
1424931527201,37.490619,139.927492,10,-0.17,0.774,9.515,3.5
1424931527301,37.490619,139.927488,10,-0.163,0.673,9.544,3.5
1424931527402,37.490619,139.927483,10,-0.174,0.735,9.549,3.51
1424931527503,37.490619,139.927478,10,-0.142,0.736,9.456,3.535
1424931527603,37.49062,139.927473,10,-0.0,0.731,9.434,3.559
1424931527704,37.49062,139.927469,10,0.05,0.667,9.533,3.584
1424931527800,37.49062,139.927464,10,0.137,0.676,9.607,3.608
1424931527901,37.490621,139.927459,10,0.177,0.66,9.502,3.633
1424931528001,37.490621,139.927454,10,0.109,0.609,9.435,3.658
1424931528102,37.490621,139.927449,10,0.055,0.592,9.588,3.684
1424931528203,37.490622,139.927444,10,-0.036,0.619,9.546,3.71
1424931528303,37.490622,139.927439,10,-0.088,0.624,9.481,3.735
1424931528404,37.490622,139.927434,10,-0.12,0.619,9.48,3.75
1424931528500,37.490622,139.927429,10,-0.105,0.586,9.657,3.75
1424931528601,37.490623,139.927424,10,-0.037,0.568,9.607,3.75
1424931528701,37.490623,139.927419,10,0.0,0.559,9.287,3.75
1424931528802,37.490623,139.927414,10,-0.022,0.276,9.567,3.75
1424931528903,37.490624,139.927409,10,-0.052,0.057,9.706,3.75
1424931529003,37.490624,139.927404,10,-0.027,0.008,9.582,3.75
1424931529104,37.490624,139.927399,10,-0.051,0.028,9.371,3.75
1424931529200,37.490625,139.927394,10,0.027,0.009,9.407,3.75
1424931529300,37.490625,139.927389,10,0.062,-0.054,9.592,3.75
1424931529401,37.490625,139.927384,10,0.134,-0.103,9.528,3.794
1424931529502,37.490626,139.927378,10,0.194,-0.193,9.762,3.906
1424931529603,37.490626,139.927372,10,0.178,-0.099,9.712,4.021
1424931529703,37.490627,139.927366,10,0.131,-0.089,9.51,4.139
1424931529804,37.490627,139.92736,10,0.069,-0.089,9.419,4.261
1424931529900,37.490628,139.927354,10,-0.048,-0.199,9.803,4.381
1424931530000,37.490628,139.927348,10,-0.292,0.029,9.53,4.509
1424931530101,37.490629,139.927341,10,-0.279,0.223,8.873,4.642
1424931530202,37.490629,139.927334,10,-0.109,0.152,9.366,4.779
1424931530302,37.49063,139.927327,10,0.127,-0.235,10.194,4.918
1424931530403,37.49063,139.92732,12,0.319,-0.347,10.289,4.989
1424931530504,37.49063,139.927312,12,0.474,-0.077,9.219,4.963
1424931530600,37.49063,139.927305,12,0.479,-0.012,9.085,4.939
1424931530700,37.49063,139.927297,12,0.225,-0.193,9.757,4.914
1424931530801,37.49063,139.927289,12,-0.236,-0.394,10.005,4.888
1424931530902,37.49063,139.927282,12,-0.511,-0.191,9.476,4.863
1424931531002,37.49063,139.927274,12,-0.453,0.094,9.453,4.838
1424931531103,37.49063,139.927267,12,-0.203,0.224,9.695,4.813
1424931531204,37.49063,139.927259,12,0.091,0.072,9.672,4.788
1424931531304,37.49063,139.927252,12,0.266,-0.13,9.371,4.764
1424931531400,37.49063,139.927246,12,0.43,-0.095,9.473,4.75
1424931531501,37.49063,139.92724,12,0.425,0.08,9.455,4.75
1424931531602,37.490631,139.927235,12,0.185,0.122,9.355,4.75
1424931531703,37.490631,139.927229,12,-0.033,-0.105,9.616,4.75
1424931531803,37.490631,139.927224,12,-0.175,-0.169,9.733,4.75
1424931531904,37.490632,139.927218,12,-0.25,-0.061,9.638,4.75
1424931532004,37.490632,139.927213,12,-0.213,0.022,9.672,4.75
1424931532100,37.490632,139.927207,12,-0.18,0.118,9.468,4.75
1424931532201,37.490633,139.927202,12,-0.102,0.183,9.489,4.75
1424931532301,37.490633,139.927196,12,-0.019,0.171,9.543,4.75
1424931532402,37.490633,139.927191,9,-0.038,0.245,9.61,4.76
1424931532503,37.490634,139.927185,9,-0.001,0.44,9.415,4.785
1424931532604,37.490634,139.92718,9,0.057,0.565,9.402,4.81
1424931532704,37.490635,139.927175,9,0.002,0.51,9.516,4.835
1424931532800,37.490635,139.92717,9,-0.012,0.416,9.691,4.858
1424931532901,37.490636,139.927164,9,0.012,0.369,9.736,4.884
1424931533001,37.490636,139.927159,9,0.029,0.466,9.426,4.909
1424931533102,37.490637,139.927153,9,0.051,0.576,9.368,4.934
1424931533203,37.490637,139.927148,9,-0.006,0.518,9.294,4.96
1424931533304,37.490638,139.927142,9,0.041,0.385,9.714,4.986
1424931533404,37.490638,139.927137,9,0.056,0.275,9.804,5.011
1424931533500,37.490639,139.927132,9,0.023,0.36,9.808,5.034
1424931533601,37.490639,139.927126,9,0.021,0.47,9.652,5.059
1424931533701,37.49064,139.927121,9,0.05,0.67,9.163,5.084
1424931533802,37.490641,139.927115,9,0.046,0.481,9.301,5.109
1424931533903,37.490641,139.92711,9,0.056,0.298,9.922,5.134
1424931534003,37.490642,139.927105,9,-0.057,0.375,9.599,5.159
1424931534104,37.490642,139.927099,9,-0.025,0.553,9.402,5.185
1424931534200,37.490643,139.927094,9,0.027,0.412,9.527,5.209
1424931534300,37.490644,139.927088,9,-0.036,0.343,9.324,5.235
1424931534401,37.490644,139.927083,11,-0.073,0.236,9.006,5.25
1424931534503,37.490645,139.927078,11,-0.044,0.242,9.047,5.25
1424931534603,37.490646,139.927073,11,-0.024,0.222,9.508,5.25
1424931534703,37.490647,139.927069,11,0.014,0.104,9.494,5.25
1424931534804,37.490648,139.927064,11,0.047,-0.216,9.885,5.25
1424931534900,37.490648,139.927059,11,0.045,-0.209,9.651,5.25
1424931535000,37.490649,139.927054,11,0.006,-0.018,8.931,5.25
1424931535101,37.49065,139.927049,11,0.014,-0.245,9.402,5.25
1424931535202,37.490651,139.927045,11,0.142,-0.327,9.716,5.25
1424931535303,37.490652,139.92704,11,0.068,0.034,9.324,5.25
1424931535403,37.490652,139.927035,11,0.019,0.107,9.368,5.25
1424931535504,37.490653,139.927029,11,0.015,0.101,9.678,5.25
1424931535600,37.490654,139.927024,11,-0.009,0.116,9.525,5.25
1424931535700,37.490655,139.927018,11,-0.032,-0.037,9.361,5.25
1424931535801,37.490656,139.927012,11,0.04,-0.03,9.659,5.25
1424931535902,37.490657,139.927007,11,0.147,0.087,9.542,5.25
1424931536002,37.490658,139.927001,11,0.08,-0.001,9.353,5.25
1424931536103,37.490659,139.926995,11,0.029,0.02,9.529,5.25
1424931536204,37.49066,139.92699,11,-0.03,0.001,9.562,5.25
1424931536300,37.490661,139.926984,11,-0.036,-0.016,9.449,5.25
1424931536405,37.490663,139.926979,11,0.033,0.01,9.57,5.261
1424931536501,37.490664,139.926973,11,0.003,0.106,9.492,5.285
1424931536600,37.490665,139.926968,11,0.045,0.088,9.342,5.309
1424931536702,37.490666,139.926962,11,0.053,0.061,9.381,5.334
1424931536801,37.490667,139.926957,11,0.097,0.044,9.531,5.359
1424931536904,37.490668,139.926951,11,-0.149,0.013,9.754,5.385
1424931537003,37.49067,139.926945,11,-0.273,0.016,9.744,5.409
1424931537100,37.490671,139.92694,11,-0.3,0.089,9.417,5.434
1424931537201,37.490672,139.926934,11,-0.227,-0.036,9.689,5.459
1424931537302,37.490673,139.926928,11,-0.136,-0.088,9.789,5.485
1424931537403,37.490674,139.926922,11,0.093,0.064,9.434,5.511
1424931537504,37.490675,139.926915,11,0.313,0.025,9.542,5.535
1424931537604,37.490676,139.926909,11,0.193,0.111,9.483,5.56
1424931537704,37.490677,139.926902,11,-0.012,0.031,9.483,5.585
1424931537800,37.490678,139.926895,11,-0.117,0.024,9.668,5.609
1424931537901,37.490679,139.926889,11,-0.227,0.176,9.487,5.634
1424931538002,37.49068,139.926882,11,-0.136,0.12,9.388,5.659
1424931538102,37.490681,139.926875,11,0.052,0.05,9.23,5.684
1424931538203,37.490682,139.926868,11,0.181,-0.109,9.687,5.71
1424931538304,37.490683,139.926861,11,0.18,-0.265,9.993,5.736
1424931538404,37.490685,139.926854,13,0.005,-0.105,9.666,5.75
1424931538500,37.490688,139.926848,13,-0.057,-0.038,9.436,5.75
1424931538601,37.49069,139.926841,13,-0.122,0.039,9.309,5.75
1424931538701,37.490693,139.926834,13,-0.208,0.008,9.455,5.75
1424931538802,37.490695,139.926828,13,-0.196,0.027,9.555,5.75
1424931538903,37.490698,139.926821,13,-0.029,0.162,9.583,5.75
1424931539004,37.490701,139.926815,13,0.043,0.139,9.475,5.75
1424931539104,37.490703,139.926808,13,0.012,-0.045,9.639,5.75
1424931539200,37.490706,139.926802,13,-0.063,-0.138,9.646,5.75
1424931539301,37.490708,139.926795,13,-0.116,-0.085,9.554,5.75
1424931539401,37.490711,139.926788,13,-0.12,0.048,9.397,5.77
1424931539502,37.490712,139.926781,13,-0.078,0.015,9.474,5.818
1424931539603,37.490713,139.926774,13,-0.074,-0.07,9.628,5.868
1424931539704,37.490715,139.926766,13,-0.106,-0.011,9.632,5.917
1424931539804,37.490716,139.926759,13,-0.164,0.056,9.455,5.967
1424931539900,37.490717,139.926752,13,-0.194,-0.018,9.464,6.015
1424931540001,37.490719,139.926744,13,-0.174,-0.176,9.58,6.066
1424931540101,37.49072,139.926737,13,-0.111,-0.171,9.597,6.117
1424931540202,37.490722,139.926729,13,-0.072,-0.06,9.45,6.168
1424931540303,37.490723,139.926721,13,-0.056,-0.133,9.504,6.22
1424931540403,37.490724,139.926714,11,-0.141,-0.144,9.486,6.25
1424931540504,37.490725,139.926707,11,-0.164,-0.147,9.511,6.25
1424931540600,37.490726,139.926701,11,-0.163,-0.121,9.531,6.25
1424931540701,37.490727,139.926694,11,-0.094,-0.186,9.663,6.25
1424931540801,37.490728,139.926688,11,-0.08,-0.208,9.583,6.25
1424931540902,37.490728,139.926681,11,-0.014,-0.143,9.525,6.25
1424931541003,37.490729,139.926675,11,-0.059,-0.145,9.464,6.25
1424931541103,37.49073,139.926668,11,-0.113,-0.076,9.308,6.25
1424931541204,37.490731,139.926661,11,-0.055,-0.103,9.451,6.25
1424931541300,37.490732,139.926655,11,-0.02,-0.132,9.628,6.25
1424931541400,37.490732,139.926649,12,-0.077,-0.176,9.638,6.25
1424931541501,37.490732,139.926642,12,-0.064,-0.21,9.568,6.25
1424931541602,37.490732,139.926636,12,-0.049,-0.147,9.429,6.25
1424931541703,37.490731,139.92663,12,-0.106,-0.177,9.425,6.25
1424931541803,37.490731,139.926624,12,-0.09,-0.181,9.45,6.25
1424931541904,37.490731,139.926617,12,-0.071,-0.134,9.537,6.25
1424931542000,37.490731,139.926611,12,-0.078,-0.151,9.637,6.25
1424931542100,37.490731,139.926605,12,-0.198,-0.069,9.354,6.25
1424931542201,37.49073,139.926599,12,-0.032,-0.209,9.498,6.25
1424931542302,37.49073,139.926593,12,-0.196,-0.087,9.342,6.25
1424931542402,37.49073,139.926586,12,-0.126,-0.121,9.428,6.25
1424931542503,37.49073,139.926579,12,-0.144,-0.081,9.306,6.25
1424931542604,37.49073,139.926572,12,-0.234,0.002,9.311,6.25
1424931542700,37.490731,139.926565,12,-0.172,-0.183,9.6,6.25
1424931542800,37.490731,139.926558,12,-0.186,-0.063,9.293,6.25
1424931542901,37.490731,139.926551,12,0.146,-0.36,9.972,6.25
1424931543002,37.490731,139.926543,12,0.438,-0.52,10.229,6.25
1424931543102,37.490731,139.926536,12,0.427,-0.267,9.49,6.25
1424931543203,37.490732,139.926529,12,0.242,0.055,8.86,6.25
1424931543304,37.490732,139.926522,12,0.315,0.092,9.286,6.25
1424931543404,37.490732,139.926515,10,0.57,-0.211,10.108,6.25
1424931543500,37.490732,139.92651,10,0.621,-0.132,10.228,6.25
1424931543601,37.490733,139.926504,10,0.728,0.226,9.643,6.25
1424931543702,37.490733,139.926499,10,0.833,0.113,9.062,6.25
1424931543802,37.490733,139.926493,10,0.791,-0.133,9.152,6.25
1424931543903,37.490734,139.926487,10,0.658,-0.046,9.631,6.25
1424931544004,37.490734,139.926481,10,0.594,0.219,9.708,6.25
1424931544104,37.490734,139.926476,10,0.692,0.202,9.623,6.25
1424931544200,37.490735,139.92647,10,0.585,0.082,9.371,6.25
1424931544301,37.490735,139.926464,10,0.427,-0.061,9.479,6.25
1424931544402,37.490735,139.926458,11,0.356,-0.017,9.617,6.26
1424931544502,37.490735,139.92645,11,0.332,0.025,9.644,6.285
1424931544603,37.490735,139.926442,11,0.15,0.124,9.425,6.31
1424931544704,37.490735,139.926433,11,0.047,0.12,9.354,6.335
1424931544804,37.490735,139.926425,11,0.118,-0.024,9.589,6.36
1424931544900,37.490734,139.926418,11,0.326,-0.144,9.868,6.384
1424931545001,37.490734,139.926409,11,0.547,-0.028,9.753,6.409
1424931545101,37.490734,139.926401,11,0.529,0.09,9.2,6.434
1424931545202,37.490734,139.926393,11,0.565,0.035,9.172,6.46
1424931545303,37.490734,139.926385,11,0.59,-0.134,9.701,6.485
1424931545404,37.490734,139.926377,11,0.604,-0.087,9.733,6.5
1424931545504,37.490735,139.92637,11,0.656,0.03,9.4,6.5
1424931545600,37.490736,139.926363,11,0.718,-0.074,9.332,6.5
1424931545701,37.490736,139.926356,11,0.756,-0.276,9.532,6.5
1424931545801,37.490737,139.926349,11,0.573,-0.26,9.534,6.5
1424931545902,37.490738,139.926342,11,0.525,-0.083,9.345,6.5
1424931546003,37.490738,139.926334,11,0.459,-0.127,9.379,6.5
1424931546103,37.490739,139.926327,11,0.424,-0.224,9.577,6.5
1424931546204,37.49074,139.92632,11,0.487,-0.166,9.277,6.5
1424931546300,37.490741,139.926313,11,0.342,-0.19,9.476,6.5
1424931546401,37.490741,139.926306,11,0.116,-0.349,9.851,6.5
1424931546501,37.490742,139.926297,11,-0.054,-0.336,9.666,6.5
1424931546602,37.490742,139.926289,11,-0.154,-0.207,9.44,6.5
1424931546703,37.490742,139.92628,11,-0.164,-0.159,9.512,6.5
1424931546803,37.490743,139.926272,11,-0.192,-0.304,9.732,6.5
1424931546904,37.490743,139.926263,11,-0.092,-0.293,9.703,6.5
1424931547000,37.490744,139.926255,11,-0.097,-0.096,9.449,6.5
1424931547101,37.490744,139.926247,11,-0.12,-0.105,9.369,6.5
1424931547201,37.490744,139.926238,11,-0.024,-0.243,9.598,6.5
1424931547302,37.490745,139.92623,11,-0.047,-0.202,9.487,6.5
1424931547403,37.490745,139.926222,11,-0.117,-0.109,9.421,6.5
1424931547503,37.490746,139.926215,11,-0.13,-0.125,9.617,6.5
1424931547604,37.490746,139.926208,11,-0.131,-0.291,9.857,6.5
1424931547700,37.490747,139.926201,11,-0.104,-0.286,9.645,6.5
1424931547800,37.490748,139.926194,11,0.017,-0.142,9.377,6.5
1424931547901,37.490748,139.926187,11,0.109,-0.133,9.36,6.5
1424931548002,37.490749,139.926179,11,0.122,-0.167,9.484,6.5
1424931548103,37.490749,139.926172,11,0.115,-0.249,9.559,6.5
1424931548203,37.49075,139.926165,11,-0.004,-0.081,9.739,6.5
1424931548304,37.490751,139.926158,11,-0.074,-0.057,9.571,6.5
1424931548400,37.490751,139.926151,10,-0.127,-0.093,9.385,6.479
1424931548500,37.490752,139.926145,10,-0.006,-0.131,9.424,6.428
1424931548601,37.490752,139.926138,10,0.092,-0.138,9.551,6.376
1424931548702,37.490752,139.926131,10,0.14,-0.128,9.623,6.324
1424931548802,37.490753,139.926125,10,0.109,-0.1,9.549,6.274
1424931548903,37.490753,139.926118,10,0.108,-0.068,9.346,6.224
1424931549005,37.490754,139.926111,10,0.182,-0.096,9.414,6.173
1424931549100,37.490754,139.926105,10,0.2,-0.159,9.649,6.126
1424931549200,37.490754,139.926099,10,0.095,-0.113,9.562,6.077
1424931549301,37.490755,139.926093,10,-0.062,0.097,9.046,6.028
1424931549402,37.490755,139.926086,12,0.032,0.041,9.24,6.0
1424931549502,37.490755,139.92608,12,-0.001,-0.358,10.144,6.0
1424931549603,37.490755,139.926073,12,-0.112,-0.39,10.127,6.0
1424931549704,37.490755,139.926067,12,-0.025,-0.04,9.387,6.0
1424931549804,37.490755,139.926061,12,0.144,0.081,9.177,6.0
1424931549900,37.490755,139.926054,12,0.169,-0.092,9.263,6.0
1424931550001,37.490755,139.926048,12,0.113,-0.176,9.581,6.0
1424931550102,37.490755,139.926042,12,0.129,0.05,9.782,6.0
1424931550202,37.490755,139.926035,12,0.044,0.149,9.67,6.0
1424931550303,37.490755,139.926029,12,-0.068,0.011,9.441,6.0
1424931550404,37.490755,139.926022,12,-0.05,-0.095,9.377,6.0
1424931550504,37.490756,139.926015,12,0.076,-0.075,9.52,6.0
1424931550600,37.490757,139.926008,12,0.216,-0.039,9.602,6.0
1424931550706,37.490758,139.926,12,0.177,-0.053,9.542,6.0
1424931550801,37.490759,139.925993,12,0.046,-0.039,9.487,6.0
1424931550900,37.490759,139.925986,12,-0.061,-0.045,9.515,6.0
1424931551003,37.49076,139.925979,12,-0.037,-0.068,9.455,6.0
1424931551102,37.490761,139.925972,12,-0.045,-0.08,9.551,6.0
1424931551204,37.490762,139.925964,12,-0.024,-0.061,9.582,6.0
1424931551300,37.490763,139.925957,12,0.018,-0.036,9.515,6.0
1424931551401,37.490763,139.92595,12,-0.041,-0.073,9.523,6.01
1424931551501,37.490765,139.925942,12,-0.176,-0.081,9.594,6.035
1424931551602,37.490766,139.925934,12,-0.176,-0.06,9.613,6.06
1424931551703,37.490767,139.925927,12,-0.051,-0.02,9.516,6.085
1424931551804,37.490768,139.925919,12,-0.03,0.06,9.336,6.11
1424931551904,37.490769,139.925911,12,-0.105,0.015,9.446,6.135
1424931552000,37.49077,139.925903,12,-0.183,-0.062,9.669,6.159
1424931552101,37.490771,139.925896,12,-0.137,-0.048,9.632,6.184
1424931552201,37.490772,139.925888,12,-0.155,0.003,9.476,6.21
1424931552302,37.490773,139.92588,12,-0.2,-0.008,9.481,6.235
1424931552403,37.490774,139.925872,11,-0.165,-0.031,9.404,6.25
1424931552503,37.490774,139.925866,11,-0.011,-0.053,9.498,6.25
1424931552604,37.490774,139.925859,11,0.027,-0.05,9.627,6.25
1424931552700,37.490774,139.925853,11,-0.05,-0.079,9.645,6.25
1424931552801,37.490774,139.925846,11,-0.067,-0.078,9.556,6.25
1424931552901,37.490775,139.92584,11,-0.024,-0.037,9.405,6.25
1424931553002,37.490775,139.925833,11,-0.053,-0.011,9.406,6.25
1424931553103,37.490775,139.925827,11,-0.13,-0.043,9.651,6.25
1424931553203,37.490775,139.92582,11,-0.062,-0.036,9.697,6.25
1424931553304,37.490775,139.925814,11,0.008,0.021,9.475,6.25
1424931553400,37.490776,139.925807,11,-0.021,0.068,9.238,6.25
1424931553500,37.490778,139.925801,11,-0.027,0.005,9.308,6.25
1424931553601,37.490779,139.925794,11,0.099,0.08,9.259,6.25
1424931553702,37.490781,139.925788,11,0.077,0.007,9.759,6.25
1424931553803,37.490783,139.925781,11,-0.218,-0.168,9.858,6.25
1424931553903,37.490785,139.925775,11,-0.146,-0.103,9.351,6.25
1424931554004,37.490787,139.925768,11,-0.174,-0.135,9.707,6.25
1424931554100,37.490788,139.925762,11,-0.203,-0.081,9.603,6.25
1424931554200,37.49079,139.925755,11,-0.164,0.098,8.953,6.25
1424931554301,37.490792,139.925749,11,-0.145,0.015,9.471,6.25
1424931554402,37.490793,139.925742,11,-0.051,-0.084,10.033,6.25
1424931554502,37.490795,139.925735,11,-0.217,0.025,9.626,6.25
1424931554603,37.490796,139.925729,11,-0.341,0.072,9.372,6.25
1424931554704,37.490797,139.925722,11,-0.383,0.045,9.265,6.25
1424931554800,37.490798,139.925716,11,-0.378,0.006,9.227,6.25
1424931554900,37.490799,139.925709,11,-0.207,-0.205,9.907,6.25
1424931555001,37.4908,139.925702,11,-0.172,-0.289,10.18,6.25
1424931555102,37.490801,139.925695,11,-0.071,-0.176,9.559,6.25
1424931555202,37.490802,139.925689,11,0.03,-0.168,9.295,6.25
1424931555303,37.490803,139.925682,11,-0.005,-0.171,9.265,6.25
1424931555404,37.490804,139.925675,10,0.043,-0.122,9.231,6.25
1424931555500,37.490804,139.925669,10,-0.222,0.039,9.821,6.25
1424931555600,37.490804,139.925662,10,-0.24,0.072,10.017,6.25
1424931555701,37.490804,139.925656,10,-0.44,-0.081,9.699,6.25
1424931555802,37.490804,139.925649,10,-0.498,-0.108,9.471,6.25
1424931555902,37.490805,139.925643,10,-0.301,-0.185,9.56,6.25
1424931556003,37.490805,139.925636,10,-0.161,-0.187,9.531,6.25
1424931556104,37.490805,139.92563,10,-0.194,-0.089,9.367,6.25
1424931556204,37.490805,139.925623,10,-0.133,-0.049,9.526,6.25
1424931556300,37.490805,139.925617,10,-0.078,-0.089,9.654,6.25
1424931556401,37.490805,139.92561,10,-0.313,-0.107,9.412,6.24
1424931556502,37.490806,139.925602,10,-0.333,-0.097,9.49,6.214
1424931556602,37.490807,139.925594,10,-0.266,-0.069,9.516,6.189
1424931556703,37.490808,139.925586,10,-0.213,-0.186,9.819,6.163
1424931556804,37.490809,139.925578,10,-0.159,-0.092,9.6,6.138
1424931556904,37.490809,139.92557,10,-0.188,0.076,9.293,6.113
1424931557000,37.49081,139.925562,10,-0.12,0.012,9.393,6.089
1424931557101,37.490811,139.925554,10,-0.135,-0.077,9.644,6.064
1424931557201,37.490812,139.925546,10,-0.305,0.039,9.405,6.039
1424931557302,37.490813,139.925538,10,-0.073,-0.056,9.831,6.014
1424931557403,37.490813,139.925531,10,0.037,-0.182,9.922,6.0
1424931557504,37.490814,139.925525,10,-0.099,0.045,8.955,6.0
1424931557604,37.490815,139.925518,10,0.136,0.064,9.506,6.0
1424931557700,37.490816,139.925512,10,0.183,-0.211,9.802,6.0
1424931557801,37.490817,139.925505,10,0.094,-0.143,9.634,6.0
1424931557901,37.490818,139.925499,10,-0.025,0.066,9.327,6.0
1424931558002,37.490819,139.925492,10,0.139,0.059,9.483,6.0
1424931558103,37.49082,139.925486,10,0.16,-0.213,9.66,6.0
1424931558203,37.490821,139.925479,10,0.031,-0.126,9.532,6.0
1424931558304,37.490822,139.925473,10,0.122,0.131,9.328,6.0
1424931558400,37.490822,139.925466,10,0.05,0.084,9.417,6.01
1424931558501,37.490822,139.925459,10,-0.092,-0.052,9.568,6.035
1424931558601,37.490822,139.925452,10,-0.197,-0.062,9.619,6.059
1424931558702,37.490822,139.925445,10,-0.179,0.065,9.587,6.084
1424931558803,37.490822,139.925438,10,-0.105,0.055,9.494,6.109
1424931558903,37.490823,139.925431,10,-0.069,-0.064,9.546,6.134
1424931559004,37.490823,139.925424,10,-0.032,-0.027,9.609,6.16
1424931559100,37.490823,139.925417,10,-0.012,0.03,9.545,6.184
1424931559201,37.490823,139.925409,10,-0.01,0.054,9.49,6.21
1424931559301,37.490823,139.925402,10,-0.02,0.089,9.485,6.235
1424931559402,37.490823,139.925395,10,-0.02,0.069,9.478,6.25
1424931559503,37.490824,139.925388,10,-0.034,0.096,9.475,6.25
1424931559603,37.490825,139.925381,10,-0.075,0.058,9.587,6.25
1424931559704,37.490826,139.925375,10,-0.093,0.056,9.6,6.25
1424931559800,37.490827,139.925368,10,-0.061,0.05,9.531,6.25
1424931559900,37.490828,139.925361,10,-0.065,0.009,9.467,6.25
1424931560001,37.490829,139.925354,10,-0.082,0.041,9.454,6.25
1424931560102,37.49083,139.925348,10,-0.042,0.042,9.565,6.25
1424931560203,37.490831,139.925341,10,-0.024,0.014,9.586,6.25
1424931560303,37.490831,139.925334,10,-0.067,0.03,9.494,6.25
1424931560404,37.490832,139.925327,10,-0.084,0.059,9.458,6.25
1424931560500,37.490833,139.925321,10,-0.147,0.139,9.213,6.25
1424931560600,37.490834,139.925314,10,-0.174,0.097,9.502,6.25
1424931560701,37.490834,139.925307,10,-0.201,-0.121,9.746,6.25
1424931560802,37.490835,139.925301,10,-0.154,-0.097,9.967,6.25
1424931560902,37.490836,139.925294,10,0.059,0.024,9.579,6.25
1424931561003,37.490837,139.925288,10,0.062,0.168,9.029,6.25
1424931561104,37.490837,139.925281,10,0.1,0.031,9.47,6.25
1424931561200,37.490838,139.925275,10,0.073,-0.12,9.87,6.25
1424931561300,37.490839,139.925268,10,-0.001,0.04,9.651,6.25
1424931561401,37.490839,139.925261,10,-0.103,0.178,9.512,6.25
1424931561502,37.49084,139.925254,10,-0.108,0.03,9.554,6.25
1424931561602,37.490841,139.925247,10,-0.036,-0.076,9.56,6.25
1424931561703,37.490841,139.92524,10,0.108,-0.025,9.561,6.25
1424931561804,37.490842,139.925233,10,0.164,0.089,9.464,6.25
1424931561900,37.490843,139.925227,10,0.118,-0.001,9.575,6.25
1424931562000,37.490843,139.92522,10,0.039,-0.058,9.612,6.25
1424931562101,37.490844,139.925213,10,-0.08,-0.02,9.548,6.25
1424931562202,37.490845,139.925206,10,-0.147,-0.016,9.492,6.25
1424931562302,37.490846,139.925199,10,-0.121,0.01,9.56,6.25
1424931562403,37.490847,139.925192,11,-0.053,0.029,9.51,6.25
1424931562504,37.490848,139.925184,11,0.054,0.006,9.535,6.25
1424931562605,37.49085,139.925177,11,0.122,-0.006,9.459,6.25
1424931562700,37.490851,139.92517,11,0.075,0.065,9.375,6.25
1424931562801,37.490853,139.925162,11,0.097,0.008,9.589,6.25
1424931562902,37.490855,139.925155,11,0.006,0.014,9.458,6.25
1424931563002,37.490856,139.925147,11,-0.01,-0.034,9.534,6.25
1424931563103,37.490858,139.92514,11,-0.023,0.139,9.118,6.25
1424931563204,37.490859,139.925133,11,0.069,-0.003,9.71,6.25
1424931563304,37.490861,139.925125,11,-0.112,-0.207,9.911,6.25
1424931563400,37.490862,139.925118,11,-0.075,-0.145,9.863,6.25
1424931563501,37.490862,139.925111,11,-0.003,-0.004,9.43,6.25
1424931563602,37.490861,139.925104,11,0.079,-0.013,9.571,6.25
1424931563702,37.490861,139.925097,11,-0.118,-0.012,9.125,6.25
1424931563803,37.490861,139.92509,11,-0.013,0.06,9.317,6.25
1424931563904,37.49086,139.925083,11,0.094,-0.013,9.954,6.25
1424931564004,37.49086,139.925076,11,0.091,0.085,9.477,6.25
1424931564100,37.49086,139.925069,11,0.008,0.041,9.082,6.25
1424931564201,37.490859,139.925062,11,-0.052,-0.18,9.534,6.25
1424931564301,37.490859,139.925055,11,-0.2,-0.232,9.416,6.25
1424931564402,37.490859,139.925048,11,-0.121,-0.215,9.528,6.25
1424931564503,37.49086,139.925041,11,-0.046,-0.183,10.012,6.25
1424931564604,37.490861,139.925033,11,0.005,-0.381,10.072,6.25
1424931564704,37.490862,139.925026,11,0.214,-0.399,9.779,6.25
1424931564805,37.490863,139.925019,11,0.187,-0.07,9.129,6.25
1424931564901,37.490864,139.925012,11,0.013,0.149,8.799,6.25
1424931565000,37.490865,139.925005,11,-0.073,0.057,9.687,6.25
1424931565102,37.490866,139.924998,11,-0.032,-0.06,10.025,6.25
1424931565201,37.490867,139.92499,11,-0.092,0.029,9.706,6.25
1424931565303,37.490867,139.924983,11,-0.063,0.07,9.426,6.25
1424931565403,37.490868,139.924976,11,0.074,-0.011,9.389,6.25
1424931565500,37.490869,139.92497,11,0.07,-0.257,9.583,6.25
1424931565601,37.490869,139.924963,11,0.053,-0.167,9.766,6.25
1424931565701,37.49087,139.924956,11,-0.022,0.041,9.54,6.25
1424931565802,37.49087,139.92495,11,-0.09,0.043,9.476,6.25
1424931565903,37.490871,139.924943,11,-0.117,-0.051,9.509,6.25
1424931566003,37.490871,139.924937,11,-0.083,-0.102,9.45,6.25
1424931566104,37.490872,139.92493,11,0.043,-0.078,9.566,6.25
1424931566200,37.490872,139.924924,11,0.063,0.049,9.477,6.25
1424931566301,37.490873,139.924917,11,-0.069,0.073,9.203,6.25
1424931566401,37.490873,139.92491,11,-0.078,0.013,9.279,6.24
1424931566502,37.490874,139.924902,11,0.022,-0.186,9.781,6.214
1424931566603,37.490875,139.924895,11,0.078,-0.074,9.498,6.188
1424931566703,37.490876,139.924887,11,-0.141,-0.041,9.486,6.163
1424931566804,37.490877,139.92488,11,-0.242,-0.217,9.84,6.138
1424931566900,37.490878,139.924873,11,-0.217,-0.277,9.834,6.114
1424931567000,37.490879,139.924865,11,-0.199,-0.061,9.312,6.089
1424931567101,37.49088,139.924858,11,-0.1,0.167,9.236,6.064
1424931567202,37.490881,139.92485,11,-0.002,0.115,9.277,6.039
1424931567303,37.490882,139.924843,11,0.127,-0.105,9.66,6.014
1424931567403,37.490882,139.924836,11,0.019,-0.088,9.701,6.011
1424931567504,37.490883,139.924828,11,-0.11,-0.037,9.594,6.035
1424931567600,37.490883,139.924821,11,-0.09,-0.1,9.466,6.059
1424931567700,37.490883,139.924814,11,-0.037,-0.211,9.501,6.084
1424931567801,37.490884,139.924806,11,-0.095,-0.056,8.987,6.109
1424931567902,37.490884,139.924798,11,-0.151,-0.23,9.507,6.134
1424931568002,37.490885,139.924791,11,-0.059,-0.318,10.057,6.159
1424931568103,37.490885,139.924783,11,0.022,-0.302,9.752,6.185
1424931568204,37.490885,139.924775,11,0.039,-0.246,9.304,6.21
1424931568300,37.490886,139.924768,11,-0.083,-0.117,8.933,6.235
1424931568400,37.490886,139.92476,11,-0.208,-0.432,9.414,6.229
1424931568501,37.490887,139.924754,11,-0.165,-0.591,9.982,6.177
1424931568602,37.490887,139.924748,11,-0.271,-0.321,9.678,6.125
1424931568702,37.490888,139.924741,11,-0.305,-0.307,9.532,6.074
1424931568803,37.490889,139.924735,11,-0.255,-0.539,9.687,6.023
1424931568904,37.490889,139.924729,11,-0.071,-0.745,9.523,5.973
1424931569004,37.49089,139.924722,11,-0.009,-0.661,9.406,5.923
1424931569100,37.49089,139.924717,11,-0.072,-0.457,9.553,5.876
1424931569201,37.490891,139.924711,11,-0.123,-0.427,9.575,5.827
1424931569302,37.490892,139.924704,11,-0.115,-0.608,9.689,5.778
1424931569402,37.490892,139.924698,13,-0.096,-0.569,9.574,5.728
1424931569503,37.490892,139.924691,13,-0.121,-0.633,9.574,5.676
1424931569604,37.490891,139.924684,13,-0.036,-0.694,9.51,5.624
1424931569704,37.490891,139.924677,13,0.042,-0.819,9.53,5.573
1424931569800,37.490891,139.92467,13,0.051,-0.88,9.374,5.524
1424931569901,37.49089,139.924663,13,-0.046,-0.97,9.459,5.474
1424931570001,37.49089,139.924657,13,-0.151,-1.019,9.685,5.424
1424931570102,37.49089,139.92465,13,-0.217,-1.093,9.587,5.375
1424931570203,37.490889,139.924643,13,-0.154,-1.086,9.526,5.325
1424931570304,37.490889,139.924637,13,-0.111,-1.103,9.561,5.277
1424931570404,37.49089,139.924631,13,-0.153,-1.125,9.473,5.188
1424931570500,37.490891,139.924626,13,-0.075,-1.263,9.537,5.055
1424931570601,37.490892,139.924622,13,-0.047,-1.298,9.585,4.918
1424931570701,37.490893,139.924617,13,-0.027,-1.286,9.601,4.786
1424931570802,37.490894,139.924613,13,0.014,-1.274,9.574,4.656
1424931570903,37.490895,139.924608,13,-0.108,-1.205,9.362,4.529
1424931571004,37.490896,139.924604,13,-0.493,-1.025,8.907,4.406
1424931571104,37.490897,139.9246,13,-0.107,-1.529,9.887,4.288
1424931571200,37.490898,139.924596,13,-0.072,-1.569,10.028,4.177
1424931571301,37.490898,139.924592,13,-0.051,-1.408,9.528,4.064
1424931571401,37.490899,139.924589,11,0.097,-1.328,9.293,3.94
1424931571502,37.490899,139.924586,11,0.124,-1.322,9.397,3.794
1424931571603,37.490899,139.924583,11,-0.027,-1.34,9.503,3.654
1424931571703,37.490899,139.92458,11,-0.171,-1.431,9.709,3.519
1424931571804,37.490899,139.924577,11,-0.21,-1.402,9.628,3.388
1424931571900,37.490899,139.924575,11,-0.156,-1.351,9.442,3.268
1424931572001,37.490899,139.924572,11,-0.121,-1.404,9.46,3.145
1424931572101,37.490899,139.92457,11,-0.127,-1.374,9.525,3.029
1424931572202,37.490899,139.924567,11,-0.128,-1.366,9.54,2.917
1424931572303,37.490899,139.924565,11,-0.238,-1.346,9.523,2.809
1424931572403,37.490899,139.924563,12,-0.216,-1.193,9.68,2.698
1424931572504,37.490899,139.924561,12,0.049,-1.205,9.531,2.579
1424931572600,37.490899,139.924559,12,0.153,-1.302,9.47,2.469
1424931572700,37.490899,139.924557,12,0.042,-1.168,9.533,2.36
1424931572801,37.490899,139.924555,12,-0.084,-0.819,9.544,2.254
1424931572902,37.490898,139.924553,12,-0.081,-0.56,9.589,2.153
1424931573003,37.490898,139.924552,12,0.019,-0.488,9.596,2.056
1424931573103,37.490898,139.92455,12,-0.038,-0.472,9.492,1.965
1424931573204,37.490898,139.924548,12,-0.217,-0.391,9.466,1.877
1424931573300,37.490898,139.924547,12,-0.259,-0.316,9.498,1.797
1424931573400,37.490898,139.924545,12,-0.104,-0.312,9.539,1.727
1424931573501,37.490898,139.924543,12,-0.028,-0.358,9.548,1.669
1424931573602,37.490898,139.924541,12,-0.06,-0.343,9.582,1.614
1424931573703,37.490898,139.92454,12,-0.024,-0.312,9.533,1.56
1424931573803,37.490898,139.924538,12,0.077,-0.335,9.443,1.508
1424931573904,37.490897,139.924536,12,0.103,-0.374,9.468,1.457
1424931574000,37.490897,139.924534,12,0.005,-0.37,9.556,1.411
1424931574100,37.490897,139.924533,12,-0.108,-0.352,9.554,1.364
1424931574201,37.490897,139.924531,12,-0.131,-0.366,9.509,1.318
1424931574302,37.490897,139.92453,12,-0.109,-0.364,9.52,1.274
1424931574402,37.490897,139.924528,10,-0.105,-0.346,9.529,1.238
1424931574503,37.490897,139.924527,10,-0.093,-0.341,9.548,1.211
1424931574604,37.490897,139.924526,10,-0.035,-0.36,9.567,1.184
1424931574700,37.490897,139.924524,10,0.038,-0.366,9.561,1.159
1424931574800,37.490897,139.924523,10,0.052,-0.358,9.531,1.133
1424931574901,37.490897,139.924522,10,0.005,-0.371,9.515,1.108
1424931575002,37.490897,139.92452,10,-0.055,-0.378,9.54,1.083
1424931575102,37.490897,139.924519,10,-0.101,-0.363,9.518,1.059
1424931575203,37.490897,139.924518,10,-0.114,-0.342,9.506,1.036
1424931575304,37.490897,139.924517,10,-0.1,-0.336,9.505,1.013
1424931575404,37.490897,139.924516,10,-0.079,-0.34,9.522,0.987
1424931575500,37.490898,139.924515,10,-0.054,-0.338,9.538,0.961
1424931575601,37.490898,139.924515,10,-0.032,-0.347,9.534,0.933
1424931575702,37.490899,139.924514,10,-0.014,-0.346,9.533,0.906
1424931575802,37.490899,139.924514,10,-0.006,-0.341,9.517,0.881
1424931575903,37.4909,139.924513,10,-0.018,-0.338,9.504,0.855
1424931576004,37.4909,139.924513,10,-0.042,-0.308,9.526,0.831
1424931576104,37.490901,139.924512,10,-0.073,-0.291,9.534,0.807
1424931576200,37.490901,139.924512,10,-0.095,-0.293,9.531,0.785
1424931576301,37.490902,139.924511,10,-0.092,-0.301,9.561,0.763
1424931576402,37.490902,139.92451,10,-0.073,-0.322,9.569,0.737
1424931576502,37.490903,139.924509,10,-0.044,-0.33,9.544,0.708
1424931576603,37.490903,139.924507,10,-0.034,-0.325,9.543,0.68
1424931576704,37.490904,139.924506,10,-0.049,-0.338,9.551,0.653
1424931576804,37.490904,139.924505,10,-0.069,-0.352,9.541,0.627
1424931576900,37.490904,139.924503,10,-0.087,-0.364,9.541,0.603
1424931577001,37.490905,139.924502,10,-0.095,-0.368,9.549,0.578
1424931577101,37.490905,139.924501,10,-0.089,-0.36,9.558,0.555
1424931577202,37.490905,139.9245,10,-0.089,-0.349,9.54,0.533
1424931577303,37.490906,139.924499,10,-0.083,-0.34,9.54,0.512
1424931577403,37.490905,139.924499,10,-0.077,-0.331,9.562,0.458
1424931577504,37.490902,139.9245,10,-0.071,-0.323,9.544,0.366
1424931577600,37.490899,139.924502,10,-0.077,-0.305,9.547,0.289
1424931577701,37.490897,139.924503,10,-0.086,-0.292,9.557,0.217
1424931577801,37.490895,139.924504,10,-0.087,-0.277,9.539,0.156
1424931577902,37.490893,139.924505,10,-0.077,-0.249,9.54,0.105
1424931578003,37.490892,139.924506,10,-0.073,-0.235,9.547,0.064
1424931578103,37.490891,139.924506,10,-0.074,-0.219,9.533,0.033
1424931578204,37.49089,139.924507,10,-0.066,-0.194,9.519,0.012
1424931578300,37.49089,139.924507,10,-0.06,-0.174,9.517,0.002
1424931595400,37.490872,139.92454,4,-0.033,0.84,9.521,0.001
1424931595501,37.490872,139.92454,4,-0.018,0.864,9.53,0.015
1424931595602,37.490872,139.92454,4,0.008,0.883,9.514,0.044
1424931595702,37.490872,139.924539,4,0.021,0.878,9.494,0.088
1424931595803,37.490872,139.924538,4,0.048,0.869,9.501,0.147
1424931595904,37.490872,139.924538,4,0.058,0.862,9.491,0.222
1424931596004,37.490872,139.924537,4,0.032,0.865,9.494,0.311
1424931596100,37.490873,139.924536,4,0.011,0.885,9.519,0.411
1424931596201,37.490873,139.924534,4,-0.015,0.908,9.522,0.53
1424931596301,37.490873,139.924533,4,-0.054,0.93,9.498,0.664
1424931596402,37.490873,139.924531,4,-0.113,0.96,9.51,0.766
1424931596503,37.490873,139.92453,4,-0.159,0.966,9.566,0.806
1424931596604,37.490874,139.924528,4,-0.169,1.035,9.476,0.849
1424931596704,37.490874,139.924527,4,-0.146,1.118,9.435,0.894
1424931596800,37.490874,139.924525,4,-0.034,1.071,9.606,0.939
1424931596901,37.490874,139.924523,4,0.063,1.016,9.596,0.989
1424931597001,37.490875,139.924521,4,0.087,1.046,9.456,1.042
1424931597102,37.490875,139.924519,4,0.085,1.133,9.419,1.097
1424931597203,37.490875,139.924517,4,0.098,1.131,9.602,1.155
1424931597303,37.490876,139.924514,4,-0.076,1.269,9.362,1.215
1424931597405,37.490876,139.924512,4,-0.107,1.344,8.947,1.269
1424931597500,37.490876,139.92451,4,0.014,1.017,9.551,1.31
1424931597601,37.490877,139.924508,4,-0.118,0.763,10.136,1.355
1424931597701,37.490877,139.924506,4,-0.218,0.813,9.86,1.402
1424931597802,37.490878,139.924503,4,-0.132,0.917,9.466,1.45
1424931597903,37.490878,139.924501,4,-0.014,0.965,9.142,1.501
1424931598003,37.490878,139.924498,4,-0.115,0.782,9.573,1.552
1424931598104,37.490879,139.924496,4,-0.231,0.78,9.608,1.606
1424931598200,37.490879,139.924493,4,-0.237,0.934,9.436,1.659
1424931598300,37.49088,139.924491,4,-0.12,0.886,9.516,1.715
1424931598401,37.49088,139.924488,4,-0.084,0.767,9.645,1.768
1424931598502,37.490881,139.924485,4,-0.066,0.875,8.994,1.813
1424931598603,37.490881,139.924482,4,-0.036,0.73,9.265,1.86
1424931598703,37.490882,139.924478,4,-0.012,0.686,9.982,1.907
1424931598804,37.490882,139.924475,4,-0.216,0.75,10.101,1.957
1424931598900,37.490883,139.924472,4,-0.228,0.759,9.433,2.004
1424931599000,37.490883,139.924468,4,-0.221,0.486,9.401,2.056
1424931599101,37.490884,139.924465,4,-0.224,0.372,9.411,2.109
1424931599202,37.490884,139.924461,4,-0.189,0.425,9.347,2.163
1424931599302,37.490885,139.924457,4,-0.166,0.394,9.439,2.218
1424931599403,37.490885,139.924453,4,-0.153,0.12,9.41,2.299
1424931599504,37.490886,139.924449,4,-0.098,0.01,9.542,2.42
1424931599600,37.490886,139.924445,4,0.04,-0.025,9.611,2.542
1424931599700,37.490887,139.924441,4,0.035,-0.012,9.473,2.676
1424931599801,37.490888,139.924436,4,-0.186,-0.082,9.548,2.819
1424931599902,37.490888,139.924431,4,-0.152,-0.058,9.635,2.97
1424931600002,37.490889,139.924426,4,-0.108,0.183,9.574,3.127
1424931600103,37.49089,139.92442,4,-0.094,0.27,9.393,3.293
1424931600204,37.490891,139.924414,4,-0.047,0.361,9.454,3.467
1424931600305,37.490892,139.924408,4,-0.144,0.547,9.51,3.648
1424931600400,37.490892,139.924403,5,-0.14,0.548,9.509,3.769
1424931600501,37.490893,139.924398,5,-0.069,0.548,9.518,3.817
1424931600602,37.490894,139.924393,5,-0.174,0.713,9.14,3.865
1424931600702,37.490894,139.924387,5,-0.027,0.538,9.677,3.914
1424931600803,37.490895,139.924382,5,0.04,0.453,9.883,3.964
1424931600904,37.490896,139.924376,5,-0.121,0.614,9.525,4.014
1424931601005,37.490896,139.924371,5,-0.147,0.663,9.416,4.065
1424931601100,37.490897,139.924366,5,-0.194,0.655,9.295,4.114
1424931601201,37.490898,139.92436,5,-0.259,0.717,9.264,4.166
1424931601302,37.490899,139.924354,5,-0.114,0.944,8.9,4.219
1424931601402,37.490899,139.924349,5,0.025,0.451,9.775,4.279
1424931601503,37.4909,139.924343,5,0.053,0.254,10.089,4.35
1424931601604,37.490901,139.924337,5,-0.054,0.367,9.725,4.422
1424931601704,37.490902,139.924331,5,-0.104,0.179,9.471,4.494
1424931601800,37.490903,139.924325,5,-0.16,0.032,9.435,4.565
1424931601901,37.490904,139.924319,5,-0.287,-0.087,9.397,4.641
1424931602002,37.490905,139.924312,5,-0.389,-0.115,9.065,4.718
1424931602102,37.490906,139.924306,5,-0.151,0.033,9.509,4.795
1424931602203,37.490906,139.924299,5,0.057,0.017,9.984,4.874
1424931602304,37.490907,139.924293,5,0.084,0.064,9.645,4.955
1424931602404,37.490909,139.924286,6,-0.125,0.059,9.255,5.011
1424931602500,37.49091,139.924278,6,-0.271,-0.077,9.472,5.034
1424931602601,37.490912,139.92427,6,-0.301,0.068,9.027,5.059
1424931602701,37.490913,139.924262,6,-0.26,-0.157,9.722,5.084
1424931602802,37.490915,139.924255,6,-0.262,-0.229,9.712,5.109
1424931602903,37.490916,139.924247,6,-0.205,-0.039,9.497,5.134
1424931603003,37.490918,139.924239,6,-0.142,-0.002,9.434,5.159
1424931603104,37.490919,139.924231,6,-0.126,-0.146,9.626,5.185
1424931603200,37.490921,139.924223,6,-0.087,-0.232,9.663,5.209
1424931603301,37.490922,139.924215,6,-0.139,-0.195,9.349,5.235
1424931603401,37.490923,139.924208,6,-0.089,-0.201,9.509,5.24
1424931603502,37.490924,139.924202,6,-0.079,-0.039,9.626,5.214
1424931603603,37.490925,139.924196,6,-0.058,-0.023,9.507,5.188
1424931603703,37.490926,139.92419,6,-0.055,-0.1,9.442,5.163
1424931603804,37.490927,139.924184,6,-0.132,-0.096,9.493,5.137
1424931603900,37.490927,139.924179,6,-0.206,-0.086,9.579,5.113
1424931604000,37.490928,139.924173,6,-0.229,-0.083,9.496,5.089
1424931604101,37.490929,139.924168,6,-0.273,-0.024,9.546,5.064
1424931604202,37.49093,139.924162,6,-0.265,-0.108,9.63,5.039
1424931604303,37.490931,139.924156,6,-0.179,-0.15,9.623,5.014
1424931604403,37.490931,139.92415,6,-0.131,-0.135,9.544,5.0
1424931604504,37.490932,139.924143,6,-0.042,-0.087,9.49,5.0
1424931604600,37.490933,139.924136,6,-0.009,-0.083,9.471,5.0
1424931604700,37.490934,139.92413,6,-0.089,-0.116,9.51,5.0
1424931604801,37.490935,139.924123,6,-0.158,-0.07,9.47,5.0
1424931604902,37.490936,139.924116,6,-0.155,-0.033,9.46,5.0
1424931605003,37.490937,139.924109,6,-0.143,-0.008,9.512,5.0
1424931605103,37.490938,139.924102,6,-0.169,-0.02,9.435,5.0
1424931605204,37.490939,139.924095,6,-0.256,-0.06,9.5,5.0
1424931605300,37.49094,139.924088,6,-0.126,0.048,9.404,5.0
1424931605400,37.490941,139.924082,6,-0.192,0.065,9.532,5.0
1424931605501,37.490942,139.924076,6,-0.203,-0.068,9.755,5.0
1424931605602,37.490943,139.924071,6,-0.029,0.002,9.54,5.0
1424931605702,37.490944,139.924065,6,-0.209,0.035,9.67,5.0
1424931605803,37.490945,139.92406,6,-0.269,0.28,9.494,5.0
1424931605904,37.490946,139.924054,6,-0.258,0.247,9.434,5.0
1424931606000,37.490947,139.924049,6,-0.26,0.337,9.543,5.0
1424931606100,37.490948,139.924043,6,-0.177,0.316,9.492,5.0
1424931606201,37.490949,139.924038,6,-0.168,0.432,9.53,5.0
1424931606302,37.490949,139.924032,6,-0.223,0.477,9.55,5.0
1424931606402,37.49095,139.924027,3,-0.269,0.468,9.606,5.01
1424931606503,37.490951,139.924021,3,-0.43,0.441,9.494,5.035
1424931606604,37.490952,139.924015,3,-0.431,0.437,9.37,5.06
1424931606705,37.490953,139.92401,3,-0.499,0.48,9.487,5.085
1424931606800,37.490954,139.924004,3,-0.596,0.454,9.657,5.108
1424931606901,37.490955,139.923999,3,-0.482,0.416,9.613,5.134
1424931607002,37.490956,139.923993,3,-0.408,0.375,9.309,5.159
1424931607102,37.490957,139.923987,3,-0.501,0.294,9.645,5.184
1424931607203,37.490958,139.923981,3,-0.347,0.261,9.594,5.21
1424931607304,37.490959,139.923975,3,-0.251,0.259,9.477,5.236
1424931607404,37.49096,139.923969,4,-0.225,0.247,9.459,5.261
1424931607505,37.490961,139.923963,4,-0.176,0.189,9.576,5.286
1424931607601,37.490962,139.923958,4,-0.186,0.162,9.572,5.309
1424931607700,37.490963,139.923952,4,-0.279,0.122,9.634,5.334
1424931607802,37.490964,139.923945,4,-0.273,0.226,9.361,5.359
1424931607901,37.490965,139.923939,4,-0.2,0.15,9.329,5.384
1424931608004,37.490966,139.923933,4,-0.186,0.097,9.56,5.41
1424931608103,37.490967,139.923927,4,-0.079,-0.03,9.896,5.435
1424931608200,37.490968,139.923921,4,-0.165,0.017,9.791,5.459
1424931608301,37.490968,139.923915,4,-0.221,0.32,8.906,5.485
1424931608401,37.490969,139.923908,4,-0.299,0.253,8.988,5.51
1424931608502,37.49097,139.923902,4,-0.29,-0.018,9.734,5.535
1424931608603,37.490971,139.923895,4,-0.236,-0.164,10.05,5.56
1424931608704,37.490972,139.923888,4,-0.257,-0.006,9.621,5.585
1424931608804,37.490973,139.923882,4,-0.178,0.189,9.24,5.61
1424931608900,37.490974,139.923875,4,-0.13,0.074,9.176,5.634
1424931609001,37.490975,139.923868,4,-0.299,-0.178,9.559,5.659
1424931609101,37.490976,139.923862,4,-0.487,-0.016,9.324,5.684
1424931609202,37.490977,139.923855,4,-0.536,0.157,9.434,5.71
1424931609303,37.490978,139.923848,4,-0.449,-0.041,9.985,5.735
1424931609403,37.490979,139.923841,4,-0.402,-0.156,9.817,5.75
1424931609504,37.49098,139.923835,4,-0.341,-0.171,9.416,5.75
1424931609600,37.49098,139.923829,4,-0.244,-0.116,9.356,5.75
1424931609701,37.490981,139.923823,4,-0.127,-0.136,9.483,5.75
1424931609801,37.490982,139.923817,4,-0.307,-0.146,9.52,5.75
1424931609902,37.490982,139.92381,4,-0.408,0.013,9.572,5.75
1424931610003,37.490983,139.923804,4,-0.396,0.038,9.663,5.75
1424931610103,37.490983,139.923798,4,-0.457,0.032,9.587,5.75
1424931610204,37.490984,139.923792,4,-0.369,-0.026,9.49,5.75
1424931610300,37.490985,139.923786,4,-0.225,-0.043,9.488,5.75
1424931610400,37.490985,139.92378,4,-0.241,0.055,9.472,5.75
1424931610501,37.490986,139.923773,4,-0.275,-0.027,9.516,5.75
1424931610602,37.490987,139.923767,4,-0.215,0.008,9.487,5.75
1424931610703,37.490988,139.923761,4,-0.326,0.049,9.407,5.75
1424931610803,37.490989,139.923755,4,-0.383,0.05,9.567,5.75
1424931610904,37.49099,139.923748,4,-0.328,-0.136,9.988,5.75
1424931611000,37.490991,139.923742,4,-0.388,0.059,9.418,5.75
1424931611100,37.490992,139.923736,4,-0.395,0.111,9.369,5.75
1424931611201,37.490993,139.92373,4,-0.377,0.013,9.719,5.75
1424931611302,37.490994,139.923724,4,-0.395,0.028,9.569,5.75
1424931611403,37.490995,139.923717,7,-0.606,0.313,9.04,5.75
1424931611503,37.490996,139.92371,7,-0.549,0.147,9.603,5.75
1424931611604,37.490997,139.923703,7,-0.502,0.055,9.735,5.75
1424931611700,37.490998,139.923696,7,-0.455,0.093,9.39,5.75
1424931611800,37.490999,139.923689,7,-0.412,0.164,9.463,5.75
1424931611901,37.491,139.923682,7,-0.331,0.189,9.449,5.75
1424931612002,37.491001,139.923675,7,-0.416,0.051,9.466,5.75
1424931612102,37.491002,139.923668,7,-0.507,0.055,9.475,5.75
1424931612203,37.491003,139.923661,7,-0.426,0.087,9.636,5.75
1424931612304,37.491004,139.923654,7,-0.271,0.146,9.574,5.75
1424931612404,37.491005,139.923647,7,-0.222,0.2,9.268,5.761
1424931612500,37.491006,139.92364,7,-0.166,0.127,9.418,5.784
1424931612601,37.491006,139.923632,7,-0.058,0.014,9.701,5.809
1424931612702,37.491007,139.923625,7,0.132,0.142,9.279,5.834
1424931612802,37.491008,139.923618,7,-0.101,0.132,9.515,5.859
1424931612903,37.491008,139.92361,7,-0.261,-0.118,10.069,5.884
1424931613004,37.491009,139.923603,7,-0.209,0.005,9.585,5.91
1424931613105,37.491009,139.923595,7,-0.19,0.184,9.202,5.935
1424931613200,37.49101,139.923588,7,-0.208,0.204,9.3,5.959
1424931613301,37.491011,139.92358,7,-0.212,0.111,9.587,5.985
1424931613402,37.491011,139.923574,7,-0.032,-0.016,9.688,6.0
1424931613502,37.491013,139.923568,7,0.055,0.068,9.782,6.0
1424931613603,37.491014,139.923563,7,-0.096,0.168,9.586,6.0
1424931613704,37.491015,139.923557,7,-0.046,0.19,9.471,6.0
1424931613804,37.491016,139.923552,7,-0.005,0.167,9.526,6.0
1424931613900,37.491017,139.923546,7,-0.11,0.422,9.063,6.0
1424931614001,37.491018,139.923541,7,-0.221,0.453,9.19,6.0
1424931614102,37.491019,139.923535,7,-0.344,0.146,10.053,6.0
1424931614202,37.49102,139.92353,7,-0.343,-0.046,10.254,6.0
1424931614303,37.491021,139.923524,7,-0.427,0.203,9.199,6.0
1424931614404,37.491022,139.923518,7,-0.393,0.253,8.909,6.0
1424931614504,37.491023,139.923512,7,-0.457,0.003,9.249,6.0
1424931614600,37.491024,139.923507,7,-0.497,-0.188,9.797,6.0
1424931614701,37.491024,139.923501,7,-0.461,-0.041,9.918,6.0
1424931614801,37.491025,139.923495,7,-0.35,0.123,9.586,6.0
1424931614902,37.491026,139.923488,7,-0.339,0.003,9.427,6.0
1424931615003,37.491026,139.923482,7,-0.374,-0.062,9.358,6.0
1424931615104,37.491027,139.923476,7,-0.347,-0.029,9.523,6.0
1424931615204,37.491028,139.92347,7,-0.307,0.019,9.736,6.0
1424931615300,37.491029,139.923465,7,-0.236,0.188,9.328,6.0
1424931615401,37.491029,139.923458,5,-0.031,0.173,9.372,6.0
1424931615501,37.49103,139.923451,5,0.052,-0.008,9.596,6.0
1424931615602,37.491031,139.923444,5,0.12,-0.182,9.897,6.0
1424931615703,37.491032,139.923436,5,0.195,-0.036,9.673,6.0
1424931615803,37.491033,139.923429,5,0.039,0.084,9.161,6.0
1424931615904,37.491034,139.923422,5,-0.011,-0.101,9.165,6.0
1424931616000,37.491035,139.923415,5,-0.392,-0.195,9.792,6.0
1424931616101,37.491036,139.923408,5,-0.486,-0.072,9.85,6.0
1424931616201,37.491037,139.9234,5,-0.275,-0.007,9.591,6.0
1424931616302,37.491038,139.923393,5,0.195,-0.079,9.594,6.0
1424931616403,37.491039,139.923386,5,0.24,-0.08,9.104,6.0
1424931616503,37.49104,139.923379,5,0.109,-0.106,8.798,6.0
1424931616604,37.491041,139.923373,5,0.162,-0.346,9.918,6.0
1424931616700,37.491041,139.923366,5,0.024,-0.384,10.331,6.0
1424931616800,37.491042,139.92336,5,-0.145,-0.133,9.452,6.0
1424931616901,37.491043,139.923353,5,0.128,-0.004,9.132,6.0
1424931617002,37.491043,139.923346,5,0.351,-0.095,9.139,6.0
1424931617103,37.491044,139.923339,5,0.408,-0.197,9.714,6.0
1424931617203,37.491045,139.923333,5,0.194,-0.13,9.619,6.0
1424931617304,37.491046,139.923326,5,0.121,0.1,9.658,6.0
1424931617400,37.491046,139.92332,5,0.094,-0.011,9.642,5.99
1424931617500,37.491047,139.923313,5,-0.011,-0.17,9.459,5.964
1424931617601,37.491048,139.923307,5,-0.085,-0.168,9.328,5.939
1424931617702,37.491049,139.923301,5,-0.02,-0.094,9.51,5.913
1424931617803,37.49105,139.923295,5,0.042,-0.073,9.72,5.888
1424931617903,37.491051,139.923289,5,-0.067,-0.097,9.543,5.863
1424931618004,37.491052,139.923282,5,-0.115,-0.112,9.427,5.838
1424931618100,37.491053,139.923277,5,-0.119,-0.112,9.571,5.814
1424931618200,37.491054,139.923271,5,-0.077,-0.137,9.609,5.789
1424931618301,37.491054,139.923265,5,-0.063,-0.122,9.42,5.764
1424931618402,37.491056,139.923258,5,-0.055,-0.069,9.47,5.75
1424931618502,37.491057,139.923252,5,-0.01,-0.058,9.687,5.75
1424931618603,37.491058,139.923245,5,0.021,-0.097,9.579,5.75
1424931618704,37.491059,139.923239,5,0.004,-0.111,9.49,5.75
1424931618800,37.491061,139.923232,5,-0.054,-0.087,9.515,5.75
1424931618900,37.491062,139.923226,5,-0.07,-0.053,9.516,5.75
1424931619001,37.491063,139.923219,5,-0.047,-0.075,9.577,5.75
1424931619102,37.491065,139.923213,5,-0.036,-0.05,9.495,5.75
1424931619202,37.491066,139.923206,5,-0.099,-0.07,9.498,5.75
1424931619303,37.491067,139.9232,5,-0.074,-0.056,9.561,5.75
1424931619404,37.491069,139.923193,5,-0.025,-0.099,9.662,5.75
1424931619505,37.49107,139.923186,5,-0.049,-0.077,9.525,5.75
1424931619600,37.491071,139.923179,5,-0.041,-0.052,9.335,5.75
1424931619701,37.491073,139.923172,5,-0.049,-0.061,9.5,5.75
1424931619802,37.491074,139.923166,5,-0.009,-0.046,9.52,5.75
1424931619902,37.491076,139.923159,5,-0.005,-0.044,9.502,5.75
1424931620003,37.491077,139.923152,5,-0.055,-0.114,9.737,5.75
1424931620104,37.491078,139.923145,5,-0.11,-0.071,9.6,5.75
1424931620204,37.49108,139.923138,5,-0.087,-0.069,9.394,5.75
1424931620300,37.491081,139.923131,5,-0.023,-0.1,9.59,5.75
1424931620401,37.491082,139.923124,5,-0.017,-0.092,9.555,5.74
1424931620502,37.491083,139.923118,5,0.06,-0.158,9.603,5.714
1424931620602,37.491084,139.923112,5,0.104,-0.055,9.607,5.688
1424931620703,37.491085,139.923106,5,0.143,0.019,9.523,5.663
1424931620804,37.491086,139.9231,5,0.175,-0.046,9.506,5.638
1424931620904,37.491086,139.923093,5,0.213,-0.063,9.523,5.613
1424931621000,37.491087,139.923088,5,0.09,0.021,9.504,5.589
1424931621101,37.491088,139.923082,5,0.065,-0.059,9.503,5.564
1424931621202,37.491089,139.923075,5,0.094,-0.042,9.598,5.539
1424931621302,37.49109,139.923069,5,-0.013,-0.045,9.512,5.514
1424931621403,37.49109,139.923064,6,0.005,-0.011,9.415,5.5
1424931621504,37.491091,139.923059,6,0.084,0.01,9.593,5.5
1424931621604,37.491091,139.923054,6,0.043,-0.097,9.6,5.5
1424931621700,37.491092,139.923049,6,-0.034,-0.069,9.518,5.5
1424931621806,37.491093,139.923043,6,-0.064,0.001,9.537,5.5
1424931621901,37.491093,139.923038,6,-0.073,0.039,9.501,5.5
1424931622000,37.491094,139.923033,6,-0.12,-0.012,9.523,5.5
1424931622103,37.491094,139.923028,6,-0.147,-0.048,9.539,5.5
1424931622202,37.491095,139.923023,6,-0.085,-0.001,9.481,5.5
1424931622304,37.491096,139.923018,6,-0.001,0.049,9.441,5.5
1424931622400,37.491096,139.923013,6,0.04,-0.007,9.62,5.5
1424931622501,37.491097,139.923007,6,-0.039,-0.059,9.498,5.5
1424931622601,37.491097,139.923001,6,-0.087,-0.061,9.477,5.5
1424931622702,37.491098,139.922995,6,-0.027,-0.037,9.528,5.5
1424931622803,37.491098,139.922989,6,-0.044,-0.035,9.542,5.5
1424931622903,37.491099,139.922983,6,-0.132,-0.093,9.572,5.5
1424931623004,37.491099,139.922977,6,-0.188,-0.1,9.579,5.5
1424931623100,37.4911,139.922971,6,-0.109,-0.093,9.436,5.5
1424931623201,37.4911,139.922965,6,-0.028,-0.085,9.573,5.5
1424931623301,37.491101,139.922959,6,-0.131,-0.037,9.573,5.5
1424931623402,37.491101,139.922954,6,-0.125,-0.016,9.456,5.489
1424931623503,37.491102,139.922948,6,-0.052,-0.05,9.514,5.464
1424931623603,37.491103,139.922942,6,-0.134,-0.052,9.605,5.438
1424931623704,37.491104,139.922936,6,-0.21,-0.085,9.71,5.413
1424931623800,37.491105,139.92293,6,-0.22,-0.065,9.535,5.389
1424931623900,37.491105,139.922924,6,-0.211,-0.018,9.449,5.364
1424931624001,37.491106,139.922919,6,-0.28,-0.038,9.533,5.338
1424931624102,37.491107,139.922913,6,-0.266,-0.028,9.53,5.313
1424931624203,37.491108,139.922907,6,-0.132,-0.062,9.591,5.288
1424931624303,37.491109,139.922901,6,-0.133,-0.039,9.434,5.264
1424931624404,37.491109,139.922895,8,-0.135,0.046,9.426,5.261
1424931624500,37.491109,139.922888,8,-0.115,0.003,9.606,5.284
1424931624600,37.49111,139.922881,8,-0.116,-0.06,9.62,5.309
1424931624701,37.49111,139.922873,8,-0.144,-0.0,9.403,5.334
1424931624802,37.49111,139.922866,8,-0.151,0.037,9.459,5.359
1424931624902,37.491111,139.922858,8,-0.177,-0.027,9.621,5.384
1424931625003,37.491111,139.922851,8,-0.13,-0.106,9.685,5.409
1424931625104,37.491111,139.922843,8,-0.098,-0.098,9.464,5.435
1424931625200,37.491112,139.922836,8,-0.102,-0.038,9.467,5.459
1424931625300,37.491112,139.922829,8,-0.104,-0.013,9.564,5.485
1424931625401,37.491112,139.922821,8,-0.082,-0.078,9.565,5.5
1424931625502,37.491113,139.922815,8,-0.011,-0.07,9.435,5.5
1424931625602,37.491114,139.922809,8,-0.009,-0.052,9.522,5.5
1424931625703,37.491115,139.922803,8,0.014,-0.035,9.661,5.5
1424931625804,37.491116,139.922797,8,0.041,-0.03,9.531,5.5
1424931625904,37.491117,139.922791,8,0.015,-0.049,9.429,5.5
1424931626000,37.491118,139.922785,8,-0.042,-0.074,9.48,5.5
1424931626101,37.491119,139.922779,8,-0.049,-0.036,9.486,5.5
1424931626202,37.49112,139.922773,8,0.015,-0.069,9.604,5.5
1424931626302,37.49112,139.922767,8,0.064,-0.049,9.504,5.5
1424931626403,37.491121,139.92276,7,0.102,-0.058,9.508,5.489
1424931626504,37.491122,139.922755,7,0.093,-0.085,9.614,5.463
1424931626604,37.491123,139.922749,7,0.098,-0.066,9.505,5.438
1424931626700,37.491124,139.922743,7,0.127,-0.027,9.436,5.414
1424931626801,37.491125,139.922738,7,0.136,-0.013,9.355,5.388
1424931626902,37.491126,139.922732,7,0.105,-0.058,9.55,5.363
1424931627002,37.491127,139.922726,7,0.009,-0.095,9.626,5.338
1424931627103,37.491128,139.92272,7,0.032,-0.057,9.6,5.313
1424931627204,37.491129,139.922715,7,0.037,-0.086,9.673,5.288
1424931627304,37.49113,139.922709,7,-0.034,-0.066,9.465,5.264
1424931627400,37.49113,139.922703,7,-0.042,-0.073,9.464,5.25
1424931627501,37.491132,139.922697,7,0.011,-0.134,9.636,5.25
1424931627601,37.491133,139.92269,7,0.083,-0.07,9.597,5.25
1424931627702,37.491134,139.922684,7,0.097,-0.01,9.425,5.25
1424931627803,37.491135,139.922677,7,0.107,-0.013,9.442,5.25
1424931627904,37.491137,139.922671,7,0.18,-0.017,9.582,5.25
1424931628004,37.491138,139.922664,7,0.141,-0.076,9.62,5.25
1424931628100,37.491139,139.922658,7,0.094,-0.088,9.564,5.25
1424931628201,37.49114,139.922651,7,0.051,-0.002,9.43,5.25
1424931628301,37.491141,139.922645,7,0.009,0.268,8.889,5.25
1424931628402,37.491142,139.922639,6,0.163,0.071,9.403,5.25
1424931628503,37.491144,139.922633,6,0.285,-0.286,10.141,5.25
1424931628604,37.491145,139.922627,6,0.235,-0.305,9.98,5.25
1424931628704,37.491146,139.922621,6,0.243,-0.101,9.379,5.25
1424931628800,37.491147,139.922615,6,0.263,-0.062,9.356,5.25
1424931628901,37.491148,139.922609,6,0.136,-0.171,9.423,5.25
1424931629001,37.491149,139.922603,6,-0.07,-0.234,9.265,5.25
1424931629102,37.49115,139.922597,6,-0.203,-0.026,9.447,5.25
1424931629203,37.491151,139.922591,6,-0.135,0.049,9.899,5.25
1424931629303,37.491152,139.922585,6,-0.115,-0.031,9.918,5.25
1424931629404,37.491154,139.92258,6,-0.113,-0.064,9.438,5.25
1424931629500,37.491155,139.922574,6,-0.151,-0.092,9.411,5.25
1424931629600,37.491156,139.922569,6,-0.264,-0.168,9.739,5.25
1424931629701,37.491157,139.922564,6,-0.289,-0.088,9.624,5.25
1424931629802,37.491158,139.922558,6,-0.31,0.02,9.388,5.25
1424931629903,37.49116,139.922553,6,-0.305,0.025,9.655,5.25
1424931630003,37.491161,139.922547,6,-0.119,-0.06,9.857,5.25
1424931630104,37.491162,139.922542,6,-0.066,-0.1,9.671,5.25
1424931630200,37.491163,139.922537,6,-0.042,-0.091,9.601,5.25
1424931630300,37.491164,139.922531,6,0.204,0.071,9.388,5.25
1424931630401,37.491165,139.922526,6,-0.041,-0.012,9.693,5.25
1424931630502,37.491167,139.92252,6,-0.161,0.046,9.354,5.25
1424931630603,37.491168,139.922515,6,-0.438,0.012,9.479,5.25
1424931630703,37.491169,139.922509,6,-0.548,0.027,9.756,5.25
1424931630804,37.49117,139.922504,6,-0.423,0.089,9.456,5.25
1424931630900,37.491171,139.922499,6,-0.226,0.091,9.458,5.25
1424931631000,37.491172,139.922493,6,0.129,-0.046,9.541,5.25
1424931631101,37.491173,139.922488,6,0.406,-0.209,9.8,5.25
1424931631202,37.491174,139.922483,6,0.335,-0.242,9.682,5.25
1424931631302,37.491175,139.922477,6,-0.0,0.006,9.128,5.25
1424931631403,37.491176,139.922471,9,-0.287,-0.047,9.41,5.239
1424931631504,37.491177,139.922465,9,-0.482,-0.126,9.741,5.213
1424931631600,37.491177,139.92246,9,-0.485,-0.002,9.543,5.189
1424931631700,37.491178,139.922454,9,-0.276,0.139,9.429,5.164
1424931631801,37.491179,139.922448,9,0.056,0.13,9.361,5.138
1424931631902,37.491179,139.922442,9,0.261,0.081,9.438,5.113
1424931632002,37.49118,139.922436,9,0.194,-0.063,9.498,5.088
1424931632103,37.49118,139.92243,9,-0.105,-0.094,9.446,5.063
1424931632204,37.491181,139.922424,9,-0.333,0.067,9.455,5.038
1424931632304,37.491182,139.922418,9,-0.344,0.009,9.515,5.014
1424931632400,37.491181,139.922413,10,-0.322,-0.088,9.522,5.0
1424931632501,37.491179,139.922409,10,-0.185,-0.053,9.424,5.0
1424931632602,37.491177,139.922404,10,-0.109,0.006,9.332,5.0
1424931632702,37.491174,139.922399,10,-0.023,-0.069,9.551,5.0
1424931632803,37.491172,139.922395,10,-0.012,-0.04,9.588,5.0
1424931632904,37.49117,139.92239,10,-0.066,-0.033,9.474,5.0
1424931633004,37.491168,139.922385,10,-0.069,-0.095,9.638,5.0
1424931633100,37.491166,139.922381,10,-0.092,-0.103,9.626,5.0
1424931633201,37.491163,139.922376,10,-0.148,-0.024,9.46,5.0
1424931633302,37.491161,139.922372,10,-0.187,-0.03,9.436,5.0
1424931633402,37.49116,139.922367,10,-0.135,0.012,9.5,5.0
1424931633503,37.491161,139.922361,10,-0.046,0.036,9.535,5.0
1424931633604,37.491161,139.922355,10,-0.022,-0.035,9.563,5.0
1424931633704,37.491162,139.92235,10,-0.007,-0.055,9.593,5.0
1424931633801,37.491163,139.922344,10,0.114,-0.085,9.705,5.0
1424931633901,37.491163,139.922339,10,0.145,-0.039,9.488,5.0
1424931634001,37.491164,139.922333,10,0.12,-0.01,9.334,5.0
1424931634102,37.491164,139.922327,10,-0.003,-0.025,9.416,5.0
1424931634203,37.491165,139.922322,10,-0.068,-0.003,9.498,5.0
1424931634304,37.491166,139.922316,10,-0.117,0.029,9.489,5.0
1424931634404,37.491167,139.92231,6,-0.092,0.062,9.523,5.011
1424931634500,37.491168,139.922304,6,-0.114,-0.007,9.654,5.034
1424931634601,37.49117,139.922298,6,-0.051,-0.04,9.626,5.059
1424931634701,37.491171,139.922292,6,0.061,-0.114,9.593,5.084
1424931634802,37.491173,139.922285,6,0.106,-0.111,9.541,5.109
1424931634903,37.491175,139.922279,6,0.132,-0.068,9.543,5.134
1424931635003,37.491176,139.922272,6,0.144,-0.071,9.594,5.159
1424931635104,37.491178,139.922266,6,0.053,-0.046,9.553,5.185
1424931635200,37.491179,139.922259,6,0.052,-0.02,9.487,5.209
1424931635300,37.491181,139.922253,6,0.068,-0.001,9.534,5.235
1424931635401,37.491183,139.922246,8,0.039,0.053,9.527,5.229
1424931635502,37.491186,139.92224,8,-0.01,0.099,9.397,5.176
1424931635603,37.491188,139.922233,8,-0.047,0.014,9.505,5.124
1424931635703,37.491191,139.922227,8,-0.086,-0.006,9.524,5.073
1424931635804,37.491193,139.922221,8,-0.068,-0.004,9.485,5.022
1424931635905,37.491195,139.922214,8,-0.006,-0.167,9.616,4.971
1424931636000,37.491198,139.922209,8,0.008,-0.265,9.651,4.924
1424931636100,37.4912,139.922203,8,0.009,-0.23,9.478,4.875
1424931636202,37.491202,139.922196,8,0.035,-0.275,9.368,4.826
1424931636301,37.491205,139.92219,8,0.029,-0.241,9.305,4.778
1424931636403,37.491206,139.922184,8,0.007,-0.311,9.618,4.76
1424931636502,37.491207,139.922179,8,-0.071,-0.417,9.703,4.785
1424931636600,37.491207,139.922173,8,-0.131,-0.394,9.489,4.809
1424931636700,37.491207,139.922167,8,-0.158,-0.365,9.543,4.834
1424931636802,37.491208,139.922161,8,-0.15,-0.448,9.678,4.859
1424931636902,37.491208,139.922155,8,-0.118,-0.5,9.609,4.884
1424931637002,37.491209,139.922149,8,-0.023,-0.463,9.455,4.909
1424931637103,37.491209,139.922143,8,0.078,-0.461,9.381,4.935
1424931637204,37.491209,139.922137,8,0.198,-0.433,9.474,4.96
1424931637300,37.49121,139.922131,8,0.171,-0.41,9.536,4.985
1424931637400,37.49121,139.922125,6,0.116,-0.444,9.54,4.99
1424931637501,37.491211,139.922121,6,0.048,-0.482,9.51,4.964
1424931637602,37.491211,139.922117,6,-0.031,-0.428,9.555,4.938
1424931637702,37.491212,139.922112,6,-0.058,-0.404,9.502,4.913
1424931637803,37.491212,139.922108,6,-0.005,-0.474,9.521,4.888
1424931637904,37.491213,139.922104,6,0.057,-0.54,9.593,4.862
1424931638000,37.491213,139.9221,6,0.124,-0.477,9.487,4.839
1424931638100,37.491214,139.922096,6,0.151,-0.415,9.408,4.814
1424931638201,37.491214,139.922092,6,0.113,-0.482,9.522,4.789
1424931638302,37.491215,139.922087,6,0.009,-0.508,9.641,4.764
1424931638402,37.491215,139.922083,6,-0.01,-0.486,9.572,4.703
1424931638503,37.491216,139.922079,6,0.041,-0.446,9.444,4.593
1424931638604,37.491217,139.922075,6,0.069,-0.51,9.565,4.484
1424931638705,37.491218,139.922071,6,0.067,-0.539,9.578,4.378
1424931638800,37.491219,139.922068,6,0.057,-0.531,9.503,4.281
1424931638901,37.49122,139.922064,6,0.045,-0.55,9.51,4.18
1424931639002,37.49122,139.92206,6,-0.009,-0.545,9.484,4.081
1424931639102,37.491221,139.922057,6,0.01,-0.528,9.436,3.985
1424931639203,37.491222,139.922053,6,0.035,-0.543,9.624,3.891
1424931639304,37.491223,139.92205,6,-0.004,-0.555,9.629,3.8
1424931639404,37.491224,139.922046,12,-0.048,-0.584,9.583,3.726
1424931639500,37.491225,139.922041,12,-0.097,-0.612,9.602,3.676
1424931639601,37.491226,139.922036,12,-0.125,-0.607,9.613,3.623
1424931639702,37.491227,139.922031,12,-0.113,-0.548,9.551,3.571
1424931639802,37.491228,139.922026,12,-0.052,-0.555,9.502,3.52
1424931639903,37.491229,139.922021,12,0.001,-0.546,9.496,3.47
1424931640004,37.49123,139.922016,12,0.073,-0.535,9.505,3.42
1424931640104,37.491231,139.922012,12,0.084,-0.551,9.548,3.371
1424931640200,37.491232,139.922007,12,0.025,-0.57,9.523,3.325
1424931640301,37.491233,139.922003,12,0.003,-0.534,9.495,3.278
1424931640401,37.491234,139.921999,12,-0.028,-0.483,9.458,3.228
1424931640502,37.491235,139.921997,12,-0.055,-0.522,9.554,3.174
1424931640603,37.491236,139.921995,12,-0.088,-0.585,9.622,3.121
1424931640704,37.491237,139.921992,12,-0.085,-0.548,9.574,3.069
1424931640804,37.491238,139.92199,12,-0.092,-0.515,9.519,3.018
1424931640900,37.491239,139.921988,12,-0.095,-0.526,9.55,2.97
1424931641001,37.49124,139.921986,12,-0.064,-0.569,9.573,2.92
1424931641101,37.491241,139.921984,12,-0.02,-0.565,9.55,2.872
1424931641202,37.491242,139.921982,12,0.016,-0.527,9.492,2.823
1424931641303,37.491243,139.92198,12,0.035,-0.549,9.475,2.776
1424931641403,37.491243,139.921978,7,0.005,-0.571,9.548,2.713
1424931641504,37.491244,139.921975,7,-0.035,-0.551,9.576,2.627
1424931641600,37.491245,139.921972,7,-0.041,-0.538,9.534,2.548
1424931641701,37.491245,139.92197,7,-0.029,-0.572,9.527,2.468
1424931641801,37.491246,139.921967,7,-0.06,-0.556,9.529,2.39
1424931641902,37.491246,139.921964,7,-0.042,-0.558,9.526,2.314
1424931642003,37.491247,139.921962,7,0.051,-0.574,9.564,2.241
1424931642103,37.491248,139.92196,7,0.125,-0.556,9.497,2.17
1424931642204,37.491248,139.921957,7,0.025,-0.523,9.484,2.101
1424931642300,37.491249,139.921955,7,-0.07,-0.58,9.598,2.038
1424931642400,37.491249,139.921953,7,-0.076,-0.595,9.59,1.989
1424931642501,37.49125,139.92195,7,-0.052,-0.493,9.426,1.963
1424931642602,37.491251,139.921947,7,-0.015,-0.45,9.476,1.936
1424931642703,37.491251,139.921944,7,-0.039,-0.458,9.569,1.91
1424931642803,37.491252,139.921941,7,-0.03,-0.44,9.567,1.885
1424931642904,37.491252,139.921938,7,-0.021,-0.412,9.557,1.86
1424931643000,37.491253,139.921936,7,-0.007,-0.374,9.523,1.836
1424931643100,37.491254,139.921933,7,-0.008,-0.349,9.477,1.812
1424931643201,37.491254,139.92193,7,-0.009,-0.358,9.504,1.788
1424931643302,37.491255,139.921928,7,-0.016,-0.361,9.584,1.764
1424931643402,37.491255,139.921926,7,-0.0,-0.37,9.544,1.71
1424931643503,37.491256,139.921924,7,-0.033,-0.339,9.487,1.618
1424931643604,37.491256,139.921923,7,-0.046,-0.346,9.537,1.529
1424931643700,37.491257,139.921922,7,-0.027,-0.374,9.571,1.449
1424931643800,37.491257,139.921921,7,-0.036,-0.367,9.525,1.37
1424931643901,37.491257,139.921921,7,-0.062,-0.373,9.515,1.293
1424931644002,37.491258,139.92192,7,-0.076,-0.391,9.534,1.221
1424931644102,37.491258,139.921919,7,-0.05,-0.392,9.568,1.154
1424931644203,37.491259,139.921918,7,-0.005,-0.388,9.521,1.091
1424931644304,37.491259,139.921917,7,0.003,-0.38,9.509,1.031
1424931644400,37.491259,139.921916,6,-0.02,-0.385,9.563,0.989
1424931644500,37.491259,139.921915,6,-0.04,-0.374,9.547,0.961
1424931644601,37.49126,139.921914,6,-0.024,-0.343,9.532,0.933
1424931644702,37.49126,139.921912,6,-0.038,-0.326,9.528,0.906
1424931644802,37.49126,139.921911,6,-0.042,-0.307,9.543,0.881
1424931644903,37.49126,139.921909,6,-0.057,-0.283,9.506,0.855
1424931645004,37.49126,139.921908,6,-0.046,-0.259,9.514,0.831
1424931645105,37.491261,139.921907,6,0.007,-0.268,9.538,0.807
1424931645200,37.491261,139.921906,6,0.019,-0.279,9.518,0.785
1424931645301,37.491261,139.921905,6,-0.004,-0.265,9.531,0.763
1424931645401,37.491261,139.921904,6,-0.023,-0.227,9.533,0.75
1424931645503,37.491261,139.921903,6,-0.039,-0.205,9.544,0.75
1424931645603,37.491261,139.921902,6,-0.039,-0.208,9.543,0.75
1424931645704,37.491261,139.921901,6,0.007,-0.205,9.526,0.75
1424931645804,37.491261,139.9219,6,0.002,-0.225,9.484,0.75
1424931645900,37.491261,139.921899,6,-0.026,-0.213,9.512,0.75
1424931646001,37.491261,139.921898,6,-0.037,-0.179,9.53,0.75
1424931646101,37.491261,139.921897,6,-0.044,-0.182,9.489,0.75
1424931646202,37.491261,139.921896,6,-0.006,-0.189,9.52,0.75
1424931646303,37.491261,139.921895,6,0.017,-0.195,9.531,0.75
1424931646404,37.491261,139.921894,5,0.0,-0.193,9.518,0.685
1424931646504,37.491261,139.921894,5,-0.013,-0.161,9.526,0.55
1424931646600,37.491261,139.921894,5,-0.007,-0.144,9.525,0.433
1424931646701,37.491262,139.921893,5,0.014,-0.128,9.521,0.326
1424931646801,37.491262,139.921893,5,0.022,-0.12,9.512,0.234
1424931646902,37.491262,139.921893,5,0.006,-0.106,9.52,0.157
1424931647003,37.491262,139.921893,5,-0.01,-0.08,9.523,0.096
1424931647104,37.491262,139.921893,5,0.005,-0.076,9.527,0.049
1424931647204,37.491262,139.921893,5,-0.001,-0.098,9.528,0.018
1424931647300,37.491262,139.921893,5,-0.019,-0.115,9.518,0.003
1424931650502,37.491268,139.921886,5,-0.005,-0.121,9.519,0.005
1424931650602,37.491268,139.921886,5,-0.015,-0.112,9.524,0.015
1424931650704,37.491268,139.921886,5,-0.008,-0.124,9.515,0.03
1424931650800,37.491268,139.921886,5,0.003,-0.118,9.503,0.048
1424931650900,37.491268,139.921885,5,0.007,-0.116,9.509,0.073
1424931651001,37.491268,139.921885,5,-0.01,-0.124,9.526,0.103
1424931651102,37.491269,139.921885,5,0.001,-0.102,9.544,0.138
1424931651202,37.491269,139.921885,5,0.004,-0.11,9.542,0.177
1424931651303,37.491269,139.921884,5,0.006,-0.111,9.554,0.222
1424931651404,37.491269,139.921884,5,0.003,-0.101,9.557,0.228
1424931651504,37.491269,139.921883,5,-0.006,-0.091,9.535,0.183
1424931651600,37.491269,139.921883,5,-0.003,-0.087,9.537,0.144
1424931651701,37.49127,139.921883,5,0.001,-0.09,9.537,0.109
1424931651802,37.49127,139.921883,5,0.007,-0.087,9.519,0.078
1424931651902,37.49127,139.921882,5,0.004,-0.103,9.509,0.052
1424931652003,37.49127,139.921882,5,-0.002,-0.12,9.504,0.032
1424931652104,37.49127,139.921882,5,0.002,-0.115,9.512,0.016
1424931652204,37.49127,139.921882,5,0.001,-0.125,9.519,0.006
1424931652300,37.49127,139.921882,5,0.005,-0.109,9.557,0.001
1424931656500,37.491272,139.921862,6,0.057,0.857,9.539,0.005
1424931656600,37.491272,139.921862,6,0.046,0.868,9.509,0.014
1424931656701,37.491272,139.921862,6,0.015,0.887,9.502,0.029
1424931656802,37.491272,139.921861,6,0.004,0.875,9.554,0.049
1424931656902,37.491272,139.921861,6,0.009,0.874,9.544,0.073
1424931657003,37.491272,139.92186,6,0.005,0.85,9.532,0.103
1424931657104,37.491273,139.92186,6,-0.018,0.858,9.526,0.138
1424931657200,37.491273,139.921859,6,-0.011,0.836,9.503,0.176
1424931657300,37.491273,139.921858,6,-0.003,0.807,9.467,0.221
1424931657401,37.491273,139.921858,6,0.026,0.773,9.513,0.261
1424931657502,37.491273,139.921857,6,0.064,0.72,9.606,0.291
1424931657602,37.491274,139.921857,6,0.045,0.746,9.518,0.325
1424931657703,37.491274,139.921856,6,0.077,0.732,9.483,0.365
1424931657804,37.491274,139.921855,6,0.101,0.753,9.493,0.41
1424931657900,37.491275,139.921854,6,0.155,0.754,9.467,0.458
1424931658000,37.491275,139.921853,6,0.197,0.769,9.495,0.512
1424931658101,37.491276,139.921852,6,0.121,0.791,9.482,0.573
1424931658202,37.491276,139.921851,6,0.065,0.769,9.592,0.638
1424931658302,37.491277,139.92185,6,0.039,0.79,9.503,0.707
1424931658403,37.491277,139.921848,7,-0.014,0.742,9.392,0.759
1424931658504,37.491278,139.921847,7,-0.015,0.747,9.57,0.782
1424931658604,37.491278,139.921846,7,-0.011,0.685,9.61,0.804
1424931658700,37.491279,139.921844,7,0.044,0.67,9.582,0.827
1424931658801,37.491279,139.921843,7,0.103,0.643,9.581,0.851
1424931658901,37.49128,139.921841,7,0.138,0.621,9.659,0.876
1424931659002,37.49128,139.921839,7,0.172,0.664,9.661,0.902
1424931659103,37.491281,139.921838,7,0.128,0.742,9.603,0.929
1424931659204,37.491281,139.921836,7,0.03,0.763,9.549,0.956
1424931659304,37.491282,139.921834,7,-0.031,0.798,9.567,0.984
1424931659400,37.491282,139.921832,7,0.002,0.836,9.548,1.042
1424931659501,37.491283,139.921829,7,-0.017,0.916,9.519,1.161
1424931659601,37.491283,139.921826,7,0.105,0.965,9.35,1.299
1424931659702,37.491284,139.921823,7,0.127,0.93,9.468,1.459
1424931659803,37.491285,139.921819,7,-0.065,0.975,9.592,1.639
1424931659904,37.491286,139.921815,7,-0.062,1.049,9.528,1.84
1424931660004,37.491287,139.92181,7,-0.036,1.121,9.44,2.059
1424931660100,37.491288,139.921805,7,-0.077,1.074,9.561,2.288
1424931660201,37.491289,139.921799,7,-0.089,0.993,9.716,2.548
1424931660301,37.49129,139.921793,7,-0.091,0.998,9.579,2.826
1424931660402,37.491291,139.921787,6,-0.151,1.065,9.477,3.036
1424931660503,37.491292,139.921782,6,-0.102,1.145,9.172,3.125
1424931660603,37.491293,139.921777,6,0.106,1.097,9.338,3.217
1424931660704,37.491294,139.921772,6,0.202,1.073,9.498,3.312
1424931660800,37.491295,139.921767,6,0.156,0.869,9.784,3.405
1424931660901,37.491296,139.921761,6,0.108,0.78,9.661,3.506
1424931661001,37.491296,139.921756,6,0.057,0.822,9.371,3.608
1424931661102,37.491297,139.92175,6,-0.028,0.729,9.415,3.715
1424931661203,37.491298,139.921744,6,-0.157,0.5,9.737,3.824
1424931661303,37.491299,139.921738,6,-0.115,0.295,9.513,3.935
1424931661404,37.4913,139.921732,6,0.046,0.154,9.43,4.03
1424931661500,37.491301,139.921726,6,0.225,0.037,9.649,4.097
1424931661600,37.491302,139.92172,6,0.332,0.063,9.636,4.168
1424931661701,37.491303,139.921714,6,0.331,-0.037,9.545,4.241
1424931661802,37.491304,139.921708,6,0.329,-0.085,9.328,4.316
1424931661903,37.491305,139.921702,6,0.425,-0.013,9.287,4.391
1424931662003,37.491306,139.921696,6,0.254,-0.011,9.589,4.467
1424931662104,37.491307,139.92169,6,0.047,0.009,9.526,4.546
1424931662200,37.491308,139.921683,6,-0.03,0.041,9.459,4.621
1424931662300,37.491309,139.921677,6,-0.059,-0.034,9.471,4.701
1424931662401,37.49131,139.921671,6,-0.001,-0.121,9.638,4.75
1424931662502,37.491311,139.921665,6,0.043,-0.148,9.603,4.75
1424931662602,37.491312,139.921659,6,0.095,-0.053,9.304,4.75
1424931662703,37.491313,139.921653,6,0.197,-0.14,9.589,4.75
1424931662804,37.491314,139.921647,6,0.128,-0.036,9.359,4.75
1424931662900,37.491314,139.921641,6,0.044,0.003,9.301,4.75
1424931663000,37.491315,139.921635,6,-0.208,-0.045,9.458,4.75
1424931663101,37.491316,139.921629,6,-0.463,-0.306,10.18,4.75
1424931663202,37.491317,139.921623,6,-0.3,-0.119,9.963,4.75
1424931663302,37.491318,139.921617,6,-0.225,0.022,9.211,4.75
1424931663403,37.491318,139.921612,7,-0.22,-0.12,9.567,4.75
1424931663504,37.491319,139.921606,7,-0.145,-0.029,9.702,4.75
1424931663600,37.49132,139.9216,7,-0.182,0.116,9.135,4.75
1424931663700,37.491321,139.921594,7,-0.162,0.02,9.391,4.75
1424931663801,37.491322,139.921588,7,-0.031,-0.124,9.748,4.75
1424931663902,37.491322,139.921583,7,-0.167,0.217,9.428,4.75
1424931664002,37.491323,139.921577,7,-0.246,0.115,9.295,4.75
1424931664103,37.491324,139.921571,7,-0.143,-0.118,9.573,4.75
1424931664204,37.491325,139.921565,7,-0.097,0.012,9.441,4.75
1424931664304,37.491326,139.921559,7,-0.065,-0.287,9.766,4.75
1424931664400,37.491326,139.921554,7,-0.165,-0.186,9.573,4.75
1424931664506,37.491327,139.921548,7,-0.062,0.075,9.399,4.75
1424931664602,37.491327,139.921542,7,-0.054,0.199,9.483,4.75
1424931664701,37.491328,139.921537,7,-0.108,0.033,9.555,4.75
1424931664803,37.491328,139.921531,7,-0.001,0.111,9.402,4.75
1424931664902,37.491329,139.921526,7,0.103,0.238,9.362,4.75
1424931665004,37.491329,139.92152,7,0.117,0.256,9.579,4.75
1424931665100,37.49133,139.921515,7,0.066,0.254,9.834,4.75
1424931665201,37.49133,139.921509,7,-0.098,0.318,9.667,4.75
1424931665301,37.491331,139.921503,7,-0.261,0.38,9.42,4.75
1424931665402,37.491331,139.921498,5,-0.288,0.385,9.566,4.75
1424931665503,37.491332,139.921492,5,-0.28,0.389,9.709,4.75
1424931665604,37.491332,139.921486,5,-0.177,0.485,9.682,4.75
1424931665704,37.491332,139.92148,5,-0.049,0.501,9.513,4.75
1424931665800,37.491333,139.921475,5,-0.009,0.677,9.345,4.75
1424931665901,37.491333,139.921469,5,-0.124,0.57,9.521,4.75
1424931666001,37.491334,139.921463,5,-0.177,0.577,9.54,4.75
1424931666102,37.491334,139.921458,5,-0.109,0.559,9.46,4.75
1424931666203,37.491334,139.921452,5,-0.13,0.567,9.393,4.75
1424931666304,37.491335,139.921446,5,-0.06,0.53,9.532,4.75
1424931666404,37.491335,139.92144,6,0.019,0.453,9.563,4.761
1424931666500,37.491336,139.921434,6,-0.001,0.355,9.488,4.784
1424931666601,37.491336,139.921427,6,0.061,0.266,9.446,4.809
1424931666701,37.491336,139.921421,6,-0.011,0.328,9.378,4.834
1424931666802,37.491337,139.921414,6,0.073,0.344,9.449,4.859
1424931666903,37.491337,139.921408,6,0.077,0.289,9.479,4.884
1424931667003,37.491338,139.921401,6,0.119,0.275,9.479,4.909
1424931667104,37.491338,139.921394,6,0.131,0.212,9.358,4.935
1424931667200,37.491338,139.921388,6,0.216,0.16,9.554,4.959
1424931667300,37.491339,139.921381,6,0.223,0.042,9.436,4.985
1424931667401,37.491339,139.921374,7,0.196,0.077,9.473,5.02
1424931667502,37.491339,139.921368,7,0.041,0.082,9.366,5.068
1424931667603,37.491339,139.921362,7,-0.168,0.194,9.189,5.117
1424931667703,37.491339,139.921355,7,-0.287,0.195,9.301,5.166
1424931667804,37.491339,139.921348,7,-0.461,0.02,9.645,5.216
1424931667900,37.49134,139.921342,7,-0.526,0.018,9.747,5.264
1424931668000,37.49134,139.921335,7,-0.142,-0.097,9.639,5.315
1424931668101,37.49134,139.921329,7,0.098,-0.0,9.41,5.366
1424931668202,37.49134,139.921322,7,0.037,-0.035,9.559,5.418
1424931668303,37.49134,139.921315,7,-0.255,-0.011,9.33,5.47
1424931668403,37.49134,139.921308,8,-0.201,-0.067,9.669,5.53
1424931668504,37.491341,139.9213,8,-0.534,-0.034,9.937,5.602
1424931668600,37.491342,139.921293,8,-0.812,0.198,9.733,5.671
1424931668700,37.491343,139.921285,8,-0.748,0.343,9.31,5.744
1424931668801,37.491343,139.921277,8,-0.379,0.127,9.48,5.819
1424931668902,37.491344,139.921269,8,-0.225,0.004,9.591,5.895
1424931669002,37.491345,139.921261,8,-0.171,0.082,9.588,5.97
1424931669103,37.491346,139.921253,8,-0.185,0.07,9.706,6.048
1424931669204,37.491347,139.921244,8,-0.246,-0.038,9.77,6.127
1424931669300,37.491347,139.921236,8,-0.301,-0.037,9.49,6.202
1424931669400,37.491349,139.921228,9,-0.295,0.151,9.207,6.26
1424931669501,37.491351,139.921221,9,-0.492,0.079,9.487,6.285
1424931669602,37.491353,139.921214,9,-0.294,-0.149,10.185,6.31
1424931669702,37.491356,139.921206,9,-0.163,-0.002,9.716,6.334
1424931669803,37.491358,139.921199,9,-0.098,0.109,9.295,6.36
1424931669904,37.49136,139.921192,9,0.098,-0.017,9.413,6.385
1424931670000,37.491363,139.921185,9,0.22,-0.188,9.513,6.409
1424931670100,37.491365,139.921177,9,0.271,-0.013,9.424,6.434
1424931670201,37.491367,139.92117,9,0.038,0.137,9.646,6.46
1424931670302,37.49137,139.921162,9,-0.182,0.021,9.517,6.485
1424931670402,37.491371,139.921155,9,-0.234,-0.064,9.202,6.5
1424931670503,37.491372,139.921147,9,-0.226,-0.192,9.799,6.5
1424931670604,37.491373,139.921138,9,-0.135,-0.007,9.686,6.5
1424931670705,37.491374,139.92113,9,-0.032,0.068,9.376,6.5
1424931670800,37.491375,139.921123,9,0.107,0.082,9.319,6.5
1424931670901,37.491375,139.921115,9,0.024,0.05,9.518,6.5
1424931671002,37.491376,139.921107,9,-0.129,0.002,9.435,6.5
1424931671102,37.491377,139.921099,9,-0.108,0.078,9.542,6.5
1424931671203,37.491378,139.921091,9,-0.125,0.154,9.52,6.5
1424931671304,37.491379,139.921082,9,0.11,0.114,9.333,6.5
1424931671404,37.49138,139.921075,8,0.047,-0.051,9.584,6.465
1424931671500,37.491381,139.921069,8,0.084,-0.09,9.61,6.389
1424931671601,37.491383,139.921062,8,0.158,0.073,9.272,6.311
1424931671701,37.491384,139.921056,8,0.239,0.071,9.248,6.234
1424931671802,37.491385,139.92105,8,-0.082,0.147,9.027,6.157
1424931671903,37.491387,139.921043,8,0.095,-0.147,9.647,6.081
1424931672004,37.491388,139.921037,8,0.194,-0.307,10.243,6.006
1424931672104,37.49139,139.921031,8,0.237,-0.24,9.873,5.933
1424931672200,37.491391,139.921025,8,0.15,-0.016,9.181,5.864
1424931672301,37.491392,139.921019,8,0.283,0.094,8.865,5.792
1424931672401,37.491394,139.921013,7,0.215,-0.23,9.436,5.76
1424931672502,37.491395,139.921006,7,-0.036,-0.453,10.411,5.785
1424931672603,37.491396,139.920999,7,-0.066,-0.164,10.321,5.81
1424931672703,37.491397,139.920992,7,0.014,0.067,9.137,5.835
1424931672804,37.491399,139.920985,7,0.085,-0.104,9.007,5.86
1424931672900,37.4914,139.920978,7,0.012,-0.265,9.375,5.884
1424931673001,37.491401,139.920971,7,-0.042,-0.177,9.722,5.909
1424931673101,37.491403,139.920964,7,0.01,0.068,9.596,5.934
1424931673202,37.491404,139.920956,7,0.077,0.101,9.586,5.96
1424931673303,37.491405,139.920949,7,-0.052,-0.185,9.543,5.985
1424931673403,37.491406,139.920942,9,-0.141,-0.273,9.57,6.0
1424931673504,37.491405,139.920935,9,-0.14,-0.175,9.467,6.0
1424931673600,37.491404,139.920929,9,-0.089,-0.079,9.434,6.0
1424931673701,37.491403,139.920922,9,-0.061,-0.158,9.554,6.0
1424931673801,37.491402,139.920915,9,-0.072,-0.116,9.319,6.0
1424931673902,37.491401,139.920908,9,-0.05,-0.191,9.585,6.0
1424931674003,37.4914,139.920901,9,-0.103,-0.183,9.713,6.0
1424931674103,37.491399,139.920894,9,-0.284,-0.201,9.729,6.0
1424931674204,37.491398,139.920888,9,-0.31,-0.123,9.468,6.0
1424931674300,37.491398,139.920881,9,-0.176,-0.098,9.397,6.0
1424931674400,37.491397,139.920874,9,0.009,-0.103,9.44,5.99
1424931674501,37.491397,139.920868,9,0.086,-0.061,9.373,5.964
1424931674602,37.491397,139.920861,9,0.012,-0.173,9.676,5.939
1424931674702,37.491397,139.920855,9,0.092,-0.333,9.59,5.913
1424931674803,37.491397,139.920848,9,-0.06,-0.253,9.471,5.888
1424931674904,37.491397,139.920842,9,-0.18,-0.208,9.416,5.863
1424931675000,37.491397,139.920836,9,-0.233,-0.121,9.438,5.839
1424931675100,37.491397,139.920829,9,-0.153,-0.086,9.355,5.814
1424931675201,37.491397,139.920823,9,-0.095,-0.155,9.393,5.789
1424931675302,37.491397,139.920817,9,-0.075,-0.097,9.434,5.764
1424931675402,37.491397,139.92081,11,-0.152,-0.114,9.628,5.739
1424931675503,37.491397,139.920804,11,-0.091,-0.197,9.842,5.714
1424931675604,37.491397,139.920798,11,-0.172,-0.088,9.47,5.688
1424931675700,37.491397,139.920793,11,-0.298,-0.08,9.327,5.664
1424931675800,37.491397,139.920787,11,-0.297,-0.023,9.411,5.639
1424931675901,37.491398,139.920781,11,-0.274,-0.075,9.527,5.613
1424931676002,37.491398,139.920775,11,-0.268,0.012,9.552,5.588
1424931676102,37.491398,139.920769,11,-0.219,0.017,9.629,5.563
1424931676203,37.491398,139.920763,11,-0.273,0.046,9.44,5.539
1424931676304,37.491398,139.920757,11,-0.214,-0.061,9.449,5.514
1424931676400,37.491398,139.920751,11,-0.118,-0.125,9.664,5.5
1424931676500,37.491398,139.920743,11,0.047,-0.067,9.701,5.5
1424931676601,37.491398,139.920734,11,-0.081,0.119,9.325,5.5
1424931676702,37.491397,139.920726,11,-0.17,0.123,9.224,5.5
1424931676802,37.491397,139.920718,11,-0.034,0.088,9.551,5.5
1424931676903,37.491397,139.92071,11,0.015,0.039,9.791,5.5
1424931677004,37.491397,139.920702,11,-0.12,0.219,9.259,5.5
1424931677104,37.491397,139.920694,11,-0.325,0.243,9.359,5.5
1424931677200,37.491396,139.920686,11,-0.346,0.203,9.729,5.5
1424931677301,37.491396,139.920678,11,-0.235,0.095,9.743,5.5
1424931677402,37.491397,139.92067,11,-0.316,0.241,9.495,5.51
1424931677502,37.491398,139.920664,11,-0.2,0.416,9.409,5.535
1424931677603,37.4914,139.920658,11,0.047,0.3,9.455,5.56
1424931677704,37.491401,139.920652,11,0.029,0.282,9.565,5.585
1424931677804,37.491403,139.920646,11,-0.22,0.345,9.462,5.61
1424931677900,37.491404,139.92064,11,-0.367,0.515,9.149,5.634
1424931678001,37.491406,139.920634,11,-0.286,0.531,9.466,5.659
1424931678101,37.491407,139.920627,11,-0.282,0.3,9.869,5.684
1424931678202,37.491409,139.920621,11,-0.353,0.375,9.639,5.71
1424931678303,37.49141,139.920615,11,-0.202,0.489,9.125,5.735
1424931678403,37.491412,139.920608,9,-0.097,0.411,9.528,5.761
1424931678504,37.491414,139.920603,9,-0.036,0.212,10.036,5.785
1424931678605,37.491416,139.920597,9,0.026,0.104,9.973,5.81
1424931678701,37.491418,139.920591,9,0.015,0.34,9.518,5.834
1424931678800,37.49142,139.920585,9,-0.045,0.689,8.692,5.859
1424931678902,37.491422,139.920579,9,-0.181,0.308,9.434,5.884
1424931679001,37.491424,139.920573,9,-0.3,0.025,10.142,5.909
1424931679103,37.491426,139.920567,9,-0.302,0.136,9.964,5.935
1424931679203,37.491428,139.920561,9,-0.129,0.202,9.301,5.96
1424931679300,37.49143,139.920555,9,-0.075,0.026,9.411,5.985
1424931679401,37.491431,139.920548,9,-0.174,-0.269,9.439,6.0
1424931679501,37.491432,139.920542,9,-0.085,-0.099,9.497,6.0
1424931679602,37.491432,139.920535,9,-0.059,0.048,9.41,6.0
1424931679703,37.491433,139.920528,9,-0.101,-0.031,9.597,6.0
1424931679803,37.491434,139.920521,9,-0.298,-0.228,9.734,6.0
1424931679904,37.491434,139.920515,9,-0.276,-0.157,9.379,6.0
1424931680000,37.491435,139.920508,9,-0.22,-0.078,9.36,6.0
1424931680101,37.491435,139.920501,9,-0.251,-0.111,9.6,6.0
1424931680201,37.491436,139.920495,9,-0.232,-0.213,9.577,6.0
1424931680302,37.491437,139.920488,9,-0.137,-0.149,9.48,6.0
1424931680403,37.491437,139.920481,9,-0.141,-0.013,9.473,6.0
1424931680503,37.491438,139.920474,9,-0.189,-0.074,9.531,6.0
1424931680604,37.491439,139.920466,9,-0.082,-0.195,9.519,6.0
1424931680700,37.491439,139.92046,9,0.045,-0.177,9.551,6.0
1424931680800,37.49144,139.920452,9,-0.032,-0.153,9.631,6.0
1424931680901,37.491441,139.920445,9,-0.138,-0.099,9.528,6.0
1424931681002,37.491441,139.920438,9,-0.255,-0.177,9.477,6.0
1424931681103,37.491442,139.920431,9,-0.265,-0.163,9.523,6.0
1424931681203,37.491443,139.920423,9,-0.363,-0.087,9.521,6.0
1424931681304,37.491444,139.920416,9,-0.376,-0.106,9.601,6.0
1424931681400,37.491444,139.920409,9,-0.442,-0.146,9.551,6.0
1424931681500,37.491445,139.920402,9,-0.457,-0.079,9.462,6.0
1424931681601,37.491446,139.920396,9,-0.505,-0.104,9.666,6.0
1424931681702,37.491447,139.920389,9,-0.397,-0.063,9.673,6.0
1424931681802,37.491448,139.920382,9,-0.349,-0.133,9.537,6.0
1424931681903,37.491449,139.920375,9,-0.317,-0.17,9.552,6.0
1424931682004,37.49145,139.920368,9,-0.165,-0.054,9.474,6.0
1424931682100,37.491451,139.920362,9,-0.295,-0.021,9.338,6.0
1424931682200,37.491452,139.920355,9,-0.259,-0.157,9.909,6.0
1424931682301,37.491452,139.920348,9,-0.228,-0.148,9.696,6.0
1424931682402,37.491453,139.920342,8,-0.089,-0.095,9.547,5.989
1424931682502,37.491452,139.920336,8,-0.115,-0.02,9.365,5.964
1424931682603,37.491451,139.920331,8,-0.312,0.059,9.16,5.938
1424931682704,37.49145,139.920325,8,-0.208,-0.238,9.66,5.913
1424931682800,37.491449,139.92032,8,-0.188,-0.289,9.617,5.889
1424931682900,37.491448,139.920315,8,0.033,-0.198,9.752,5.864
1424931683001,37.491447,139.920309,8,-0.01,-0.089,9.583,5.839
1424931683102,37.491446,139.920304,8,-0.026,-0.065,9.351,5.813
1424931683202,37.491445,139.920298,8,-0.039,-0.175,9.212,5.789
1424931683303,37.491444,139.920293,8,-0.096,-0.105,9.467,5.764
1424931683404,37.491443,139.920287,8,-0.139,0.041,9.629,5.75
1424931683504,37.491444,139.920281,8,-0.1,0.018,9.561,5.75
1424931683600,37.491445,139.920275,8,0.018,-0.077,9.531,5.75
1424931683701,37.491446,139.920269,8,0.107,-0.127,9.566,5.75
1424931683802,37.491447,139.920263,8,0.032,-0.131,9.555,5.75
1424931683902,37.491448,139.920256,8,-0.032,-0.089,9.496,5.75
1424931684003,37.491449,139.92025,8,-0.077,-0.039,9.481,5.75
1424931684104,37.49145,139.920244,8,-0.165,-0.058,9.608,5.75
1424931684204,37.491451,139.920238,8,-0.226,-0.135,9.704,5.75
1424931684300,37.491452,139.920232,8,-0.212,-0.194,9.816,5.75
1424931684401,37.491453,139.920226,6,-0.162,0.031,9.285,5.74
1424931684501,37.491453,139.920221,6,-0.15,0.052,9.441,5.714
1424931684602,37.491453,139.920216,6,-0.163,-0.067,9.797,5.688
1424931684703,37.491453,139.920211,6,-0.081,-0.141,9.712,5.663
1424931684804,37.491453,139.920206,6,0.104,-0.135,9.7,5.638
1424931684904,37.491452,139.920201,6,0.006,0.068,9.481,5.613
1424931685000,37.491452,139.920196,6,-0.032,0.075,9.307,5.589
1424931685101,37.491452,139.920191,6,-0.019,-0.105,9.464,5.564
1424931685201,37.491452,139.920186,6,0.087,0.064,9.291,5.539
1424931685302,37.491452,139.920181,6,0.051,-0.006,9.789,5.514
1424931685403,37.491452,139.920176,6,0.005,-0.09,9.981,5.489
1424931685503,37.491453,139.920171,6,0.031,-0.056,9.587,5.464
1424931685604,37.491453,139.920166,6,-0.032,-0.091,9.226,5.438
1424931685700,37.491454,139.920161,6,-0.022,-0.092,9.352,5.414
1424931685801,37.491454,139.920156,6,-0.031,-0.038,9.647,5.388
1424931685901,37.491455,139.920151,6,0.053,-0.079,9.506,5.363
1424931686002,37.491455,139.920146,6,0.092,0.04,9.462,5.338
1424931686103,37.491456,139.920141,6,0.015,0.06,9.542,5.313
1424931686203,37.491456,139.920136,6,-0.042,-0.024,9.586,5.288
1424931686304,37.491457,139.920131,6,-0.098,-0.042,9.482,5.264
1424931686400,37.491457,139.920125,6,-0.092,-0.044,9.449,5.25
1424931686500,37.491459,139.920118,6,0.006,-0.028,9.511,5.25
1424931686601,37.49146,139.920111,6,0.068,-0.033,9.54,5.25
1424931686702,37.491461,139.920104,6,0.012,-0.081,9.627,5.25
1424931686803,37.491462,139.920097,6,-0.017,-0.088,9.561,5.25
1424931686903,37.491463,139.92009,6,-0.182,-0.04,9.453,5.25
1424931687004,37.491464,139.920083,6,-0.146,-0.068,9.582,5.25
1424931687100,37.491465,139.920076,6,-0.079,-0.056,9.687,5.25
1424931687200,37.491466,139.920069,6,-0.066,-0.084,9.747,5.25
1424931687301,37.491467,139.920062,6,-0.109,-0.038,9.481,5.25
1424931687402,37.491468,139.920056,7,-0.223,0.095,9.295,5.25
1424931687503,37.491467,139.920051,7,-0.31,-0.045,9.592,5.25
1424931687603,37.491466,139.920047,7,-0.317,-0.044,9.648,5.25
1424931687704,37.491465,139.920042,7,-0.354,0.012,9.476,5.25
1424931687800,37.491464,139.920038,7,-0.317,0.014,9.524,5.25
1424931687900,37.491464,139.920033,7,-0.217,0.048,9.49,5.25
1424931688001,37.491463,139.920029,7,-0.13,0.027,9.549,5.25
1424931688102,37.491462,139.920024,7,-0.22,0.089,9.35,5.25
1424931688202,37.491461,139.920019,7,-0.269,0.112,9.337,5.25
1424931688303,37.49146,139.920015,7,-0.288,0.0,9.705,5.25
1424931688404,37.49146,139.920009,7,-0.317,-0.076,9.721,5.25
1424931688500,37.491461,139.920002,7,-0.319,0.034,9.554,5.25
1424931688600,37.491462,139.919994,7,-0.323,0.037,9.376,5.25
1424931688701,37.491463,139.919987,7,-0.298,0.093,9.383,5.25
1424931688802,37.491464,139.91998,7,-0.274,0.035,9.545,5.25
1424931688902,37.491465,139.919972,7,-0.218,-0.003,9.636,5.25
1424931689003,37.491466,139.919965,7,-0.202,0.133,9.479,5.25
1424931689104,37.491467,139.919958,7,-0.209,0.16,9.482,5.25
1424931689200,37.491468,139.919951,7,-0.274,0.136,9.522,5.25
1424931689300,37.491468,139.919943,7,-0.256,0.09,9.533,5.25
1424931689401,37.491469,139.919937,7,-0.209,0.023,9.513,5.27
1424931689502,37.49147,139.919931,7,-0.168,0.072,9.555,5.318
1424931689602,37.49147,139.919926,7,-0.102,0.139,9.398,5.367
1424931689703,37.49147,139.91992,7,0.027,0.135,9.355,5.416
1424931689804,37.491471,139.919914,7,0.23,0.144,9.362,5.466
1424931689904,37.491471,139.919909,7,0.169,-0.028,9.818,5.516
1424931690000,37.491472,139.919903,7,-0.019,0.067,9.776,5.565
1424931690101,37.491472,139.919897,7,-0.235,0.279,9.223,5.616
1424931690202,37.491472,139.919891,7,-0.138,0.23,9.51,5.668
1424931690302,37.491473,139.919885,7,-0.122,0.061,9.88,5.72
1424931690403,37.491473,139.919879,6,-0.186,0.155,9.643,5.75
1424931690504,37.491473,139.919873,6,-0.131,0.125,9.351,5.75
1424931690604,37.491474,139.919867,6,0.034,0.158,9.483,5.75
1424931690700,37.491474,139.919861,6,0.166,0.146,9.52,5.75
1424931690801,37.491474,139.919854,6,0.061,0.092,9.345,5.75
1424931690901,37.491475,139.919848,6,-0.081,0.122,9.53,5.75
1424931691002,37.491475,139.919842,6,-0.136,0.089,9.846,5.75
1424931691103,37.491475,139.919835,6,-0.103,0.219,9.39,5.75
1424931691204,37.491476,139.919829,6,-0.068,0.083,9.499,5.75
1424931691304,37.491476,139.919823,6,0.001,0.058,9.615,5.75
1424931691400,37.491476,139.919817,6,0.046,0.099,9.539,5.75
1424931691501,37.491476,139.919811,6,0.088,0.104,9.364,5.75
1424931691601,37.491476,139.919805,6,0.054,0.141,9.575,5.75
1424931691702,37.491476,139.9198,6,-0.058,0.118,9.679,5.75
1424931691803,37.491476,139.919794,6,-0.065,0.065,9.463,5.75
1424931691903,37.491477,139.919788,6,-0.026,0.057,9.478,5.75
1424931692004,37.491477,139.919782,6,-0.04,-0.008,9.625,5.75
1424931692100,37.491477,139.919777,6,-0.092,-0.072,9.653,5.75
1424931692201,37.491477,139.919771,6,-0.097,-0.059,9.441,5.75
1424931692301,37.491477,139.919765,6,-0.062,-0.016,9.428,5.75
1424931692402,37.491477,139.919759,6,-0.062,-0.034,9.578,5.739
1424931692503,37.491478,139.919752,6,-0.037,-0.076,9.553,5.714
1424931692603,37.491478,139.919746,6,0.046,-0.102,9.503,5.688
1424931692704,37.491479,139.919739,6,0.13,-0.054,9.461,5.663
1424931692800,37.49148,139.919733,6,-0.089,0.058,9.283,5.639
1424931692906,37.49148,139.919726,6,-0.14,-0.188,9.849,5.612
1424931693001,37.491481,139.919719,6,-0.156,-0.259,9.894,5.588
1424931693100,37.491481,139.919713,6,-0.27,0.029,9.117,5.564
1424931693203,37.491482,139.919706,6,-0.107,-0.054,9.506,5.539
1424931693302,37.491483,139.9197,6,-0.049,-0.143,9.764,5.514
1424931693404,37.491483,139.919693,4,-0.045,-0.114,9.48,5.489
1424931693500,37.491484,139.919688,4,-0.043,-0.113,9.235,5.464
1424931693600,37.491485,139.919682,4,-0.063,0.034,9.549,5.439
1424931693701,37.491486,139.919677,4,-0.111,0.05,9.723,5.413
1424931693802,37.491487,139.919671,4,-0.067,-0.049,9.477,5.388
1424931693903,37.491487,139.919665,4,-0.11,-0.054,9.487,5.363
1424931694003,37.491488,139.91966,4,-0.075,-0.057,9.607,5.338
1424931694104,37.491489,139.919654,4,-0.104,-0.099,9.692,5.313
1424931694200,37.49149,139.919649,4,-0.182,-0.096,9.61,5.289
1424931694300,37.491491,139.919643,4,-0.217,-0.061,9.432,5.265
1424931694401,37.491491,139.919638,4,-0.119,-0.065,9.498,5.25
1424931694502,37.491492,139.919632,4,0.002,-0.096,9.715,5.25
1424931694602,37.491492,139.919626,4,0.037,-0.02,9.478,5.25
1424931694703,37.491492,139.91962,4,-0.047,0.001,9.372,5.25
1424931694804,37.491493,139.919614,4,-0.1,0.005,9.439,5.25
1424931694900,37.491493,139.919609,4,-0.111,0.01,9.463,5.25
1424931695000,37.491494,139.919603,4,-0.065,0.014,9.483,5.25
1424931695101,37.491494,139.919597,4,-0.058,-0.018,9.629,5.25
1424931695202,37.491494,139.919591,4,0.051,0.081,9.32,5.25
1424931695302,37.491495,139.919585,4,0.168,-0.123,9.551,5.25
1424931695403,37.491495,139.91958,6,0.099,-0.177,9.637,5.25
1424931695504,37.491494,139.919575,6,-0.088,-0.062,9.463,5.25
1424931695600,37.491494,139.91957,6,-0.214,0.015,9.263,5.25
1424931695700,37.491493,139.919565,6,-0.235,-0.135,9.593,5.25
1424931695801,37.491493,139.91956,6,-0.028,-0.153,9.821,5.25
1424931695902,37.491492,139.919554,6,0.034,-0.147,9.603,5.25
1424931696002,37.491492,139.919549,6,0.085,-0.028,9.519,5.25
1424931696103,37.491491,139.919544,6,0.095,0.018,9.446,5.25
1424931696204,37.491491,139.919539,6,0.128,0.01,9.434,5.25
1424931696304,37.49149,139.919534,6,0.008,0.009,9.258,5.25
1424931696400,37.49149,139.919529,6,-0.173,-0.009,9.604,5.25
1424931696501,37.491491,139.919524,6,-0.229,-0.067,9.952,5.25
1424931696601,37.491491,139.919518,6,-0.108,-0.041,9.622,5.25
1424931696702,37.491492,139.919513,6,-0.024,-0.017,9.401,5.25
1424931696803,37.491493,139.919508,6,-0.013,-0.042,9.476,5.25
1424931696904,37.491493,139.919502,6,-0.074,-0.044,9.563,5.25
1424931697004,37.491494,139.919497,6,-0.084,-0.056,9.424,5.25
1424931697100,37.491494,139.919492,6,-0.016,0.014,9.418,5.25
1424931697201,37.491495,139.919486,6,0.014,0.094,9.556,5.25
1424931697301,37.491496,139.919481,6,0.0,0.077,9.557,5.25
1424931697402,37.491496,139.919476,5,-0.159,0.097,9.332,5.239
1424931697503,37.491497,139.91947,5,-0.151,-0.04,9.583,5.214
1424931697604,37.491498,139.919464,5,-0.177,-0.151,9.886,5.188
1424931697704,37.491499,139.919458,5,-0.324,0.075,9.464,5.163
1424931697800,37.4915,139.919452,5,-0.282,0.001,9.603,5.138
1424931697901,37.4915,139.919446,5,-0.246,-0.085,9.699,5.113
1424931698001,37.491501,139.919441,5,-0.145,-0.039,9.49,5.088
1424931698102,37.491502,139.919435,5,-0.122,-0.011,9.478,5.063
1424931698203,37.491503,139.919429,5,-0.142,0.045,9.369,5.038
1424931698304,37.491504,139.919423,5,-0.128,0.182,9.476,5.014
1424931698404,37.491504,139.919418,6,-0.078,0.093,9.511,5.0
1424931698500,37.491505,139.919414,6,-0.163,-0.127,10.008,5.0
1424931698601,37.491506,139.91941,6,-0.249,-0.025,9.757,5.0
1424931698701,37.491507,139.919405,6,-0.26,0.212,9.002,5.0
1424931698802,37.491508,139.919401,6,-0.262,0.216,9.08,5.0
1424931698903,37.491509,139.919397,6,-0.277,-0.036,9.706,5.0
1424931699003,37.49151,139.919392,6,-0.354,-0.063,9.763,5.0
1424931699104,37.491511,139.919388,6,-0.311,0.105,9.553,5.0
1424931699200,37.491512,139.919384,6,-0.076,0.329,8.92,5.0
1424931699301,37.491512,139.91938,6,-0.057,0.13,9.351,5.0
1424931699401,37.491513,139.919375,6,-0.057,-0.268,9.853,5.01
1424931699502,37.491513,139.919369,6,-0.186,-0.198,9.637,5.035
1424931699603,37.491514,139.919364,6,-0.129,0.136,9.278,5.06
1424931699703,37.491514,139.919358,6,-0.094,0.062,9.56,5.084
1424931699804,37.491514,139.919352,6,-0.158,-0.087,9.729,5.109
1424931699900,37.491515,139.919347,6,-0.191,-0.102,9.445,5.133
1424931700000,37.491515,139.919341,6,-0.082,0.014,9.359,5.159
1424931700101,37.491515,139.919336,6,-0.009,0.224,9.629,5.184
1424931700202,37.491516,139.91933,6,0.021,0.165,9.531,5.21
1424931700303,37.491516,139.919324,6,0.03,-0.018,9.495,5.235
1424931700403,37.491516,139.919318,6,0.129,0.011,9.539,5.25
1424931700504,37.491517,139.919312,6,0.093,0.146,9.549,5.25
1424931700600,37.491518,139.919306,6,0.005,0.071,9.522,5.25
1424931700700,37.491519,139.919299,6,-0.035,0.011,9.478,5.25
1424931700801,37.49152,139.919293,6,-0.108,0.019,9.463,5.25
1424931700902,37.49152,139.919286,6,-0.171,0.013,9.64,5.25
1424931701002,37.491521,139.91928,6,-0.168,0.069,9.542,5.25
1424931701103,37.491522,139.919273,6,-0.101,0.048,9.55,5.25
1424931701204,37.491523,139.919267,6,0.075,-0.085,9.657,5.25
1424931701300,37.491524,139.919261,6,-0.064,0.127,9.118,5.25
1424931701400,37.491524,139.919255,6,0.049,-0.004,9.483,5.26
1424931701501,37.491525,139.919248,6,-0.095,-0.358,10.058,5.285
1424931701602,37.491525,139.919242,6,-0.19,-0.105,9.466,5.309
1424931701702,37.491526,139.919236,6,0.003,0.02,9.286,5.334
1424931701803,37.491527,139.91923,6,0.054,-0.063,9.673,5.359
1424931701904,37.491527,139.919224,6,0.051,-0.101,9.789,5.385
1424931702000,37.491528,139.919218,6,-0.109,-0.255,9.5,5.409
1424931702100,37.491528,139.919211,6,-0.14,0.061,9.351,5.434
1424931702201,37.491529,139.919205,6,-0.133,0.198,9.504,5.459
1424931702302,37.49153,139.919199,6,-0.271,0.037,9.743,5.485
1424931702402,37.49153,139.919192,4,-0.116,-0.107,9.557,5.489
1424931702503,37.491531,139.919186,4,-0.082,-0.139,9.563,5.464
1424931702604,37.491532,139.91918,4,-0.084,-0.091,9.697,5.438
1424931702704,37.491533,139.919174,4,-0.158,0.014,9.615,5.413
1424931702800,37.491534,139.919168,4,-0.318,-0.051,9.366,5.389
1424931702901,37.491534,139.919162,4,-0.187,-0.233,9.667,5.363
1424931703002,37.491535,139.919156,4,-0.214,0.0,9.432,5.338
1424931703102,37.491536,139.91915,4,-0.077,0.092,9.555,5.313
1424931703203,37.491537,139.919144,4,0.051,0.056,9.619,5.288
1424931703304,37.491538,139.919138,4,0.136,0.08,9.166,5.264
1424931703404,37.491538,139.919132,6,-0.041,0.039,9.316,5.25
1424931703500,37.49154,139.919126,6,-0.29,-0.178,9.89,5.25
1424931703601,37.491541,139.919119,6,-0.216,-0.106,9.964,5.25
1424931703701,37.491542,139.919113,6,-0.144,0.08,9.137,5.25
1424931703802,37.491543,139.919106,6,-0.171,-0.076,9.426,5.25
1424931703903,37.491544,139.9191,6,-0.035,-0.218,9.776,5.25
1424931704004,37.491545,139.919093,6,0.061,-0.102,9.377,5.25
1424931704104,37.491546,139.919087,6,0.057,-0.134,9.477,5.25
1424931704200,37.491547,139.91908,6,-0.05,-0.131,9.714,5.25
1424931704301,37.491548,139.919074,6,-0.123,0.011,9.551,5.25
1424931704401,37.49155,139.919068,6,-0.199,-0.08,9.32,5.24
1424931704502,37.491551,139.919063,6,-0.016,-0.152,9.514,5.214
1424931704603,37.491552,139.919057,6,0.044,-0.061,9.64,5.188
1424931704704,37.491554,139.919052,6,0.003,-0.066,9.52,5.163
1424931704804,37.491555,139.919047,6,0.134,-0.095,9.3,5.137
1424931704901,37.491556,139.919042,6,0.127,0.02,9.262,5.113
1424931705001,37.491557,139.919037,6,-0.088,-0.103,9.697,5.088
1424931705101,37.491559,139.919032,6,-0.246,-0.25,9.813,5.064
1424931705202,37.49156,139.919027,6,-0.259,-0.162,9.55,5.039
1424931705303,37.491561,139.919022,6,-0.216,-0.137,9.527,5.014
1424931705403,37.491563,139.919017,5,-0.171,-0.194,9.721,4.989
1424931705504,37.491564,139.919012,5,-0.29,-0.043,9.417,4.963
1424931705600,37.491565,139.919007,5,-0.145,-0.126,9.433,4.939
1424931705700,37.491566,139.919002,5,0.006,-0.065,9.233,4.914
1424931705801,37.491568,139.918997,5,-0.047,-0.115,9.512,4.888
1424931705902,37.491569,139.918992,5,-0.193,-0.132,9.786,4.863
1424931706003,37.49157,139.918987,5,-0.214,-0.106,9.538,4.838
1424931706103,37.491572,139.918982,5,-0.301,-0.083,9.444,4.813
1424931706204,37.491573,139.918977,5,-0.357,-0.107,9.518,4.788
1424931706300,37.491574,139.918973,5,-0.44,-0.163,9.47,4.765
1424931706400,37.491575,139.918968,5,-0.396,0.093,8.986,4.75
1424931706501,37.491576,139.918963,5,-0.233,-0.123,9.808,4.75
1424931706602,37.491576,139.918957,5,-0.1,-0.189,9.934,4.75
1424931706703,37.491577,139.918952,5,-0.07,-0.143,9.577,4.75
1424931706803,37.491577,139.918947,5,-0.044,-0.125,9.408,4.75
1424931706904,37.491578,139.918941,5,-0.016,-0.096,9.394,4.75
1424931707005,37.491578,139.918936,5,-0.137,-0.176,9.69,4.75
1424931707100,37.491579,139.918931,5,-0.317,-0.257,9.719,4.75
1424931707206,37.491579,139.918925,5,-0.261,-0.246,9.3,4.75
1424931707302,37.49158,139.91892,5,-0.146,-0.089,9.571,4.75
1424931707401,37.49158,139.918915,6,-0.322,0.034,9.757,4.75
1424931707503,37.491581,139.918909,6,-0.144,-0.259,9.954,4.75
1424931707602,37.491582,139.918903,6,-0.126,0.019,9.208,4.75
1424931707700,37.491583,139.918898,6,-0.243,0.084,8.965,4.75
1424931707800,37.491584,139.918892,6,-0.189,-0.028,9.61,4.75
1424931707901,37.491584,139.918886,6,-0.288,-0.153,10.192,4.75
1424931708002,37.491585,139.91888,6,-0.193,-0.214,9.815,4.75
1424931708102,37.491586,139.918875,6,-0.071,-0.09,9.182,4.75
1424931708203,37.491587,139.918869,6,-0.034,0.006,9.16,4.75
1424931708304,37.491588,139.918863,6,-0.299,-0.237,9.751,4.75
1424931708404,37.491588,139.918857,6,-0.37,-0.263,9.99,4.739
1424931708500,37.491589,139.918852,6,-0.189,-0.13,9.132,4.714
1424931708601,37.491589,139.918846,6,-0.186,0.085,8.994,4.689
1424931708702,37.491589,139.91884,6,-0.226,-0.091,9.64,4.663
1424931708802,37.49159,139.918834,6,-0.146,-0.407,10.066,4.638
1424931708903,37.49159,139.918828,6,0.283,-0.574,9.839,4.613
1424931709004,37.491591,139.918822,6,0.356,-0.331,8.978,4.587
1424931709104,37.491591,139.918817,6,0.266,-0.204,9.039,4.563
1424931709200,37.491591,139.918811,6,-0.104,-0.331,9.705,4.539
1424931709301,37.491592,139.918805,6,-0.564,-0.575,9.91,4.514
1424931709401,37.491592,139.9188,5,-0.76,-0.418,9.321,4.489
1424931709502,37.491592,139.918795,5,-0.536,-0.206,9.015,4.464
1424931709603,37.491592,139.91879,5,-0.269,-0.248,9.537,4.438
1424931709704,37.491592,139.918785,5,0.137,-0.46,10.192,4.412
1424931709804,37.491592,139.91878,5,0.445,-0.546,9.894,4.387
1424931709900,37.491593,139.918776,5,0.662,-0.422,8.917,4.363
1424931710001,37.491593,139.918771,5,0.638,-0.439,8.941,4.338
1424931710101,37.491593,139.918766,5,0.484,-0.45,9.586,4.313
1424931710202,37.491593,139.918761,5,0.199,-0.383,9.651,4.289
1424931710303,37.491593,139.918757,5,-0.268,-0.468,9.739,4.264
1424931710404,37.491593,139.918752,6,-0.713,-0.597,9.626,4.227
1424931710504,37.491594,139.918749,6,-0.925,-0.556,9.496,4.174
1424931710600,37.491594,139.918745,6,-0.788,-0.424,9.629,4.124
1424931710701,37.491595,139.918742,6,-0.24,-0.494,10.058,4.072
1424931710801,37.491595,139.918738,6,0.25,-0.545,9.885,4.022
1424931710903,37.491596,139.918734,6,0.448,-0.445,9.093,3.971
1424931711003,37.491596,139.918731,6,0.545,-0.374,8.964,3.921
1424931711103,37.491597,139.918728,6,0.484,-0.534,9.606,3.873
1424931711204,37.491597,139.918724,6,0.293,-0.581,9.834,3.824
1424931711300,37.491598,139.918721,6,0.04,-0.383,9.286,3.778
1424931711401,37.491598,139.918718,6,-0.223,-0.442,9.472,3.716
1424931711501,37.491598,139.918716,6,-0.382,-0.537,9.809,3.634
1424931711602,37.491599,139.918713,6,-0.357,-0.601,9.555,3.553
1424931711703,37.491599,139.918711,6,-0.393,-0.53,9.748,3.474
1424931711803,37.491599,139.918709,6,-0.336,-0.443,9.544,3.397
1424931711904,37.4916,139.918706,6,-0.076,-0.42,9.492,3.321
1424931712000,37.4916,139.918704,6,0.174,-0.537,9.378,3.251
1424931712101,37.4916,139.918702,6,0.253,-0.655,9.423,3.178
1424931712201,37.491601,139.9187,6,0.278,-0.649,9.524,3.108
1424931712302,37.491601,139.918698,6,0.209,-0.498,9.469,3.039
1424931712403,37.491601,139.918696,5,0.096,-0.443,9.512,2.963
1424931712503,37.491601,139.918693,5,0.013,-0.534,9.571,2.88
1424931712604,37.4916,139.91869,5,-0.081,-0.594,9.444,2.797
1424931712700,37.4916,139.918687,5,-0.083,-0.591,9.555,2.721
1424931712800,37.4916,139.918684,5,-0.08,-0.464,9.614,2.644
1424931712901,37.491599,139.918681,5,-0.06,-0.484,9.54,2.568
1424931713002,37.491599,139.918679,5,0.01,-0.556,9.447,2.494
1424931713103,37.491599,139.918676,5,0.154,-0.584,9.517,2.422
1424931713203,37.491598,139.918674,5,0.112,-0.545,9.564,2.354
1424931713304,37.491598,139.918671,5,0.059,-0.567,9.503,2.286
1424931713400,37.491598,139.918669,5,0.055,-0.583,9.459,2.214
1424931713500,37.4916,139.918668,5,0.058,-0.522,9.553,2.127
1424931713601,37.491601,139.918666,5,0.065,-0.541,9.568,2.042
1424931713702,37.491602,139.918665,5,-0.005,-0.55,9.545,1.96
1424931713802,37.491603,139.918663,5,-0.027,-0.492,9.507,1.882
1424931713904,37.491604,139.918662,5,0.013,-0.51,9.49,1.805
1424931714004,37.491605,139.91866,5,0.057,-0.59,9.568,1.733
1424931714100,37.491606,139.918659,5,0.06,-0.608,9.561,1.666
1424931714200,37.491607,139.918658,5,0.02,-0.56,9.509,1.6
1424931714301,37.491608,139.918657,5,-0.013,-0.518,9.476,1.536
1424931714402,37.491608,139.918655,5,-0.032,-0.517,9.501,1.5
1424931714502,37.491609,139.918654,5,-0.0,-0.531,9.554,1.5
1424931714603,37.491609,139.918652,5,0.0,-0.499,9.522,1.5
1424931714704,37.49161,139.918651,5,-0.007,-0.466,9.525,1.5
1424931714800,37.49161,139.918649,5,-0.004,-0.538,9.564,1.5
1424931714900,37.491611,139.918648,5,0.013,-0.564,9.589,1.5
1424931715001,37.491611,139.918646,5,0.014,-0.521,9.557,1.5
1424931715102,37.491612,139.918645,5,0.008,-0.426,9.54,1.5
1424931715202,37.491612,139.918643,5,0.027,-0.283,9.457,1.5
1424931715303,37.491613,139.918642,5,0.052,-0.122,9.298,1.5
1424931715404,37.491613,139.91864,4,0.022,-0.084,9.381,1.488
1424931715504,37.491613,139.918639,4,-0.048,-0.227,9.673,1.461
1424931715600,37.491613,139.918638,4,-0.095,-0.371,9.841,1.436
1424931715701,37.491613,139.918636,4,-0.075,-0.337,9.639,1.41
1424931715802,37.491613,139.918635,4,-0.02,-0.237,9.404,1.384
1424931715902,37.491613,139.918634,4,0.033,-0.253,9.459,1.359
1424931716003,37.491613,139.918632,4,0.042,-0.344,9.621,1.334
1424931716104,37.491613,139.918631,4,0.027,-0.319,9.566,1.31
1424931716204,37.491613,139.91863,4,0.054,-0.199,9.409,1.286
1424931716300,37.491613,139.918629,4,0.096,-0.157,9.463,1.264
1424931716401,37.491613,139.918628,4,0.089,-0.19,9.545,1.25
1424931716501,37.491613,139.918626,4,0.004,-0.212,9.564,1.25
1424931716602,37.491613,139.918625,4,-0.03,-0.199,9.544,1.25
1424931716703,37.491613,139.918624,4,0.0,-0.219,9.53,1.25
1424931716803,37.491613,139.918623,4,0.027,-0.27,9.574,1.25
1424931716904,37.491614,139.918621,4,0.017,-0.313,9.597,1.25
1424931717000,37.491614,139.91862,4,-0.008,-0.283,9.532,1.25
1424931717101,37.491614,139.918619,4,-0.008,-0.237,9.442,1.25
1424931717201,37.491614,139.918618,4,0.048,-0.202,9.47,1.25
1424931717302,37.491614,139.918617,4,0.11,-0.191,9.526,1.25
1424931717403,37.491614,139.918616,4,0.136,-0.187,9.546,1.223
1424931717503,37.491614,139.918615,4,0.113,-0.195,9.527,1.163
1424931717604,37.491614,139.918615,4,0.099,-0.206,9.524,1.105
1424931717700,37.491614,139.918614,4,0.084,-0.212,9.529,1.052
1424931717801,37.491614,139.918614,4,0.055,-0.213,9.525,0.999
1424931717901,37.491614,139.918614,4,0.015,-0.215,9.521,0.948
1424931718002,37.491614,139.918613,4,0.013,-0.21,9.53,0.9
1424931718103,37.491614,139.918613,4,0.046,-0.214,9.498,0.855
1424931718203,37.491614,139.918612,4,0.053,-0.218,9.509,0.812
1424931718304,37.491614,139.918612,4,0.024,-0.217,9.51,0.771
1424931718400,37.491614,139.918612,4,0.014,-0.221,9.501,0.738
1424931718500,37.491614,139.918611,4,0.04,-0.217,9.522,0.709
1424931718601,37.491614,139.918611,4,0.063,-0.202,9.531,0.681
1424931718702,37.491614,139.91861,4,0.071,-0.19,9.512,0.653
1424931718803,37.491614,139.91861,4,0.061,-0.169,9.517,0.627
1424931718903,37.491615,139.918609,4,0.055,-0.153,9.521,0.602
1424931719004,37.491615,139.918609,4,0.071,-0.142,9.498,0.578
1424931719100,37.491615,139.918608,4,0.074,-0.134,9.5,0.555
1424931719200,37.491615,139.918608,4,0.063,-0.105,9.52,0.533
1424931719301,37.491615,139.918607,4,0.067,-0.076,9.502,0.512
1424931719402,37.491615,139.918607,4,0.085,-0.055,9.514,0.5
1424931719503,37.491615,139.918606,4,0.098,-0.047,9.522,0.5
1424931719603,37.491615,139.918606,4,0.085,-0.039,9.52,0.5
1424931719704,37.491615,139.918606,4,0.065,-0.018,9.524,0.5
1424931719800,37.491615,139.918605,4,0.055,-0.014,9.526,0.5
1424931719900,37.491615,139.918605,4,0.057,-0.023,9.513,0.5
1424931720001,37.491615,139.918604,4,0.049,-0.046,9.521,0.5
1424931720102,37.491615,139.918604,4,0.041,-0.05,9.553,0.5
1424931720202,37.491615,139.918604,4,0.038,-0.067,9.571,0.5
1424931720303,37.491615,139.918603,4,0.056,-0.084,9.53,0.5
1424931720404,37.491615,139.918603,4,0.061,-0.094,9.511,0.5
1424931720500,37.491615,139.918603,4,0.054,-0.092,9.512,0.5
1424931720600,37.491615,139.918603,4,0.044,-0.098,9.508,0.5
1424931720701,37.491615,139.918602,4,0.041,-0.094,9.539,0.5
1424931720802,37.491615,139.918602,4,0.04,-0.098,9.55,0.5
1424931720902,37.491614,139.918602,4,0.037,-0.099,9.531,0.5
1424931721003,37.491614,139.918602,4,0.041,-0.096,9.537,0.5
1424931721104,37.491614,139.918602,4,0.047,-0.115,9.522,0.5
1424931721205,37.491614,139.918601,4,0.053,-0.123,9.518,0.5
1424931721305,37.491614,139.918601,4,0.05,-0.131,9.518,0.5
1424931721401,37.491614,139.918601,4,0.045,-0.136,9.514,0.46
1424931721500,37.491613,139.918602,4,0.039,-0.128,9.52,0.37
1424931721602,37.491613,139.918603,4,0.04,-0.125,9.521,0.287
1424931721701,37.491613,139.918604,4,0.052,-0.121,9.518,0.217
1424931721804,37.491613,139.918604,4,0.049,-0.113,9.518,0.155
1424931721903,37.491612,139.918605,4,0.048,-0.112,9.503,0.104
1424931722000,37.491612,139.918605,4,0.052,-0.102,9.522,0.065
1424931722101,37.491612,139.918606,4,0.054,-0.108,9.516,0.034
1424931722201,37.491612,139.918606,4,0.058,-0.095,9.526,0.013
1424931722302,37.491612,139.918606,4,0.056,-0.089,9.522,0.002
1424931759403,37.491608,139.91862,9,-0.012,0.766,9.572,0.001
1424931759504,37.491608,139.91862,9,0.016,0.754,9.464,0.016
1424931759604,37.491608,139.918619,9,0.054,0.799,9.501,0.045
1424931759700,37.491608,139.918619,9,0.095,0.769,9.497,0.087
1424931759801,37.491608,139.918618,9,0.171,0.774,9.473,0.146
1424931759902,37.491609,139.918617,9,0.172,0.803,9.522,0.22
1424931760002,37.491609,139.918616,9,0.111,0.779,9.576,0.309
1424931760103,37.491609,139.918615,9,0.031,0.748,9.573,0.414
1424931760204,37.491609,139.918614,9,-0.018,0.789,9.408,0.534
1424931760304,37.49161,139.918612,9,0.001,0.789,9.442,0.668
1424931760400,37.49161,139.918611,9,-0.012,0.712,9.72,0.759
1424931760501,37.49161,139.918609,9,0.023,0.605,9.723,0.781
1424931760602,37.49161,139.918608,9,0.083,0.631,9.359,0.804
1424931760702,37.49161,139.918607,9,0.127,0.661,9.3,0.827
1424931760803,37.49161,139.918605,9,0.129,0.488,9.575,0.852
1424931760904,37.49161,139.918604,9,0.356,0.409,9.523,0.877
1424931761004,37.49161,139.918602,9,0.398,0.34,9.33,0.903
1424931761100,37.49161,139.918601,9,0.233,0.13,9.6,0.928
1424931761201,37.49161,139.918599,9,-0.049,0.051,9.681,0.955
1424931761301,37.49161,139.918598,9,-0.102,0.054,9.672,0.983
1424931761402,37.49161,139.918596,9,-0.022,0.087,9.568,1.009
1424931761503,37.49161,139.918595,9,-0.085,0.13,9.468,1.032
1424931761604,37.49161,139.918593,9,-0.174,0.072,9.5,1.056
1424931761704,37.491611,139.918591,9,-0.145,0.026,9.693,1.08
1424931761800,37.491611,139.91859,9,-0.11,0.149,9.439,1.103
1424931761901,37.491611,139.918588,9,-0.08,0.276,9.169,1.128
1424931762001,37.491611,139.918586,9,-0.053,0.116,9.526,1.154
1424931762102,37.491611,139.918584,9,-0.128,0.043,9.869,1.18
1424931762203,37.491612,139.918582,9,-0.205,0.124,9.584,1.207
1424931762303,37.491612,139.91858,9,-0.191,0.142,9.409,1.234
1424931762404,37.491612,139.918578,11,-0.115,0.079,9.51,1.282
1424931762500,37.491612,139.918576,11,-0.071,0.128,9.586,1.356
1424931762601,37.491612,139.918573,11,0.009,0.174,9.378,1.439
1424931762701,37.491612,139.91857,11,0.016,0.158,9.58,1.527
1424931762802,37.491612,139.918567,11,-0.046,0.07,9.718,1.622
1424931762903,37.491612,139.918564,11,-0.126,0.055,9.675,1.722
1424931763003,37.491612,139.918561,11,-0.167,0.107,9.48,1.827
1424931763104,37.491612,139.918558,11,-0.189,0.033,9.506,1.94
1424931763200,37.491612,139.918554,11,-0.243,-0.064,9.59,2.052
1424931763300,37.491612,139.91855,11,-0.257,0.008,9.575,2.174
1424931763401,37.491612,139.918547,11,-0.117,0.051,9.324,2.25
1424931763502,37.491612,139.918544,11,-0.084,-0.041,9.423,2.25
1424931763603,37.491612,139.918541,11,-0.069,-0.005,9.624,2.25
1424931763703,37.491613,139.918538,11,-0.119,0.019,9.797,2.25
1424931763804,37.491613,139.918535,11,-0.15,0.009,9.655,2.25
1424931763900,37.491613,139.918532,11,-0.095,0.083,9.347,2.25
1424931764005,37.491613,139.918529,11,-0.038,0.083,9.449,2.25
1424931764101,37.491613,139.918526,11,0.004,0.033,9.638,2.25
1424931764200,37.491614,139.918523,11,0.053,0.038,9.531,2.25
1424931764302,37.491614,139.91852,11,0.132,0.101,9.423,2.25
1424931764401,37.491614,139.918517,10,0.135,0.132,9.532,2.25
1424931764504,37.491614,139.918514,10,0.067,0.128,9.518,2.25
1424931764600,37.491615,139.918511,10,0.042,0.107,9.457,2.25
1424931764700,37.491615,139.918508,10,0.057,0.121,9.491,2.25
1424931764801,37.491615,139.918505,10,0.106,0.102,9.539,2.25
1424931764902,37.491616,139.918502,10,0.166,0.104,9.558,2.25
1424931765002,37.491616,139.918499,10,0.299,0.105,9.477,2.25
1424931765103,37.491616,139.918496,10,0.473,0.091,9.509,2.25
1424931765204,37.491617,139.918493,10,0.538,0.002,9.711,2.25
1424931765300,37.491617,139.91849,10,0.552,-0.075,9.763,2.25
1424931765400,37.491617,139.918487,10,0.455,0.027,9.446,2.25
1424931765501,37.491617,139.918484,10,0.464,-0.039,9.388,2.25
1424931765602,37.491617,139.918481,10,0.622,-0.139,9.709,2.25
1424931765702,37.491618,139.918478,10,0.883,-0.191,9.672,2.25
1424931765803,37.491618,139.918476,10,1.052,-0.313,9.769,2.25
1424931765904,37.491618,139.918473,10,1.099,-0.208,9.382,2.25
1424931766005,37.491618,139.91847,10,0.968,-0.103,9.309,2.25
1424931766100,37.491618,139.918467,10,0.811,-0.095,9.454,2.25
1424931766201,37.491619,139.918464,10,0.671,-0.126,9.544,2.25
1424931766302,37.491619,139.918462,10,0.653,-0.048,9.434,2.25
1424931766402,37.491619,139.918459,9,0.522,0.065,9.38,2.25
1424931766503,37.49162,139.918456,9,0.47,0.062,9.554,2.25
1424931766604,37.49162,139.918453,9,0.574,0.036,9.581,2.25
1424931766704,37.491621,139.91845,9,0.752,0.065,9.404,2.25
1424931766800,37.491621,139.918448,9,0.937,0.041,9.461,2.25
1424931766901,37.491622,139.918445,9,1.166,0.035,9.501,2.25
1424931767001,37.491622,139.918442,9,1.078,0.001,9.305,2.25
1424931767102,37.491623,139.918439,9,0.814,0.012,9.388,2.25
1424931767203,37.491623,139.918436,9,0.732,-0.013,9.687,2.25
1424931767304,37.491624,139.918434,9,0.734,-0.045,9.799,2.25
1424931767400,37.491624,139.918431,9,0.75,-0.165,9.541,2.25
1424931767500,37.491625,139.918429,9,0.966,-0.215,9.451,2.25
1424931767601,37.491626,139.918426,9,1.053,-0.294,9.507,2.25
1424931767701,37.491627,139.918424,9,1.022,-0.385,9.65,2.25
1424931767802,37.491628,139.918422,9,0.871,-0.264,9.412,2.25
1424931767903,37.491629,139.91842,9,0.679,-0.12,9.232,2.25
1424931768004,37.49163,139.918417,9,0.466,-0.3,9.562,2.25
1424931768104,37.491631,139.918415,9,0.46,-0.565,9.956,2.25
1424931768200,37.491632,139.918413,9,0.529,-0.556,9.865,2.25
1424931768301,37.491632,139.91841,9,0.484,-0.257,9.39,2.25
1424931768401,37.491634,139.918408,9,0.51,-0.058,9.212,2.239
1424931768502,37.491635,139.918406,9,0.467,-0.071,9.377,2.213
1424931768603,37.491636,139.918405,9,0.62,-0.169,9.573,2.187
1424931768703,37.491637,139.918403,9,0.797,-0.252,9.602,2.161
1424931768804,37.491639,139.918401,9,0.853,-0.189,9.382,2.135
1424931768900,37.49164,139.9184,9,0.846,-0.135,9.474,2.111
1424931769000,37.491641,139.918398,9,0.79,-0.17,9.521,2.087
1424931769101,37.491642,139.918396,9,0.735,-0.186,9.51,2.062
1424931769202,37.491643,139.918395,9,0.706,-0.18,9.573,2.038
1424931769303,37.491644,139.918393,9,0.736,-0.202,9.596,2.013
1424931769403,37.491646,139.918392,9,0.839,-0.212,9.599,2.0
1424931769504,37.491647,139.918391,9,0.93,-0.244,9.548,2.0
1424931769600,37.491649,139.91839,9,0.979,-0.266,9.419,2.0
1424931769700,37.49165,139.918389,9,0.965,-0.267,9.438,2.0
1424931769801,37.491652,139.918388,9,0.951,-0.155,9.497,2.0
1424931769902,37.491654,139.918387,9,0.932,-0.173,9.416,2.0
1424931770003,37.491655,139.918386,9,0.655,-0.089,9.644,2.0
1424931770103,37.491657,139.918385,9,0.356,-0.203,9.631,2.0
1424931770200,37.491658,139.918384,9,0.328,-0.27,9.493,2.0
1424931770300,37.49166,139.918383,9,0.445,-0.297,9.482,2.0
1424931770400,37.491662,139.918382,10,0.56,-0.228,9.556,1.989
1424931770501,37.491663,139.918382,10,0.63,-0.213,9.616,1.963
1424931770602,37.491665,139.918381,10,0.644,-0.237,9.482,1.936
1424931770702,37.491666,139.918381,10,0.745,-0.253,9.468,1.911
1424931770803,37.491668,139.918381,10,0.825,-0.25,9.505,1.885
1424931770904,37.491669,139.918381,10,0.764,-0.238,9.526,1.86
1424931771000,37.491671,139.918381,10,0.714,-0.253,9.507,1.836
1424931771100,37.491672,139.91838,10,0.681,-0.23,9.478,1.812
1424931771201,37.491674,139.91838,10,0.689,-0.205,9.515,1.788
1424931771302,37.491675,139.91838,10,0.627,-0.182,9.554,1.764
1424931771402,37.491677,139.91838,10,0.427,-0.143,9.508,1.75
1424931771503,37.491678,139.91838,10,0.307,-0.127,9.503,1.75
1424931771604,37.49168,139.91838,10,0.303,-0.137,9.582,1.75
1424931771700,37.491681,139.91838,10,0.356,-0.088,9.576,1.75
1424931771800,37.491683,139.91838,10,0.433,-0.07,9.487,1.75
1424931771901,37.491685,139.918379,10,0.42,-0.108,9.559,1.75
1424931772002,37.491686,139.918379,10,0.357,-0.11,9.55,1.75
1424931772102,37.491688,139.918379,10,0.387,-0.096,9.508,1.75
1424931772203,37.491689,139.918379,10,0.398,-0.096,9.531,1.75
1424931772304,37.491691,139.918379,10,0.366,-0.102,9.586,1.75
1424931772404,37.491693,139.918379,10,0.33,-0.131,9.572,1.75
1424931772500,37.491694,139.918379,10,0.333,-0.088,9.41,1.75
1424931772601,37.491696,139.918379,10,0.348,-0.06,9.467,1.75
1424931772702,37.491697,139.91838,10,0.358,-0.079,9.548,1.75
1424931772802,37.491699,139.91838,10,0.339,-0.067,9.498,1.75
1424931772903,37.4917,139.91838,10,0.285,-0.069,9.538,1.75
1424931773004,37.491702,139.91838,10,0.211,-0.045,9.513,1.75
1424931773104,37.491703,139.91838,10,0.224,-0.106,9.581,1.75
1424931773200,37.491705,139.918381,10,0.288,-0.117,9.591,1.75
1424931773301,37.491706,139.918381,10,0.401,-0.086,9.529,1.75
1424931773401,37.491707,139.918381,11,0.543,-0.055,9.435,1.739
1424931773502,37.491708,139.918381,11,0.514,-0.068,9.443,1.712
1424931773603,37.491709,139.918382,11,0.412,-0.084,9.538,1.686
1424931773704,37.49171,139.918382,11,0.339,-0.072,9.556,1.66
1424931773804,37.491711,139.918382,11,0.26,-0.079,9.555,1.634
1424931773900,37.491711,139.918383,11,0.257,-0.065,9.561,1.61
1424931774001,37.491712,139.918383,11,0.329,-0.097,9.585,1.585
1424931774101,37.491713,139.918383,11,0.402,-0.098,9.568,1.561
1424931774202,37.491714,139.918384,11,0.439,-0.098,9.503,1.537
1424931774303,37.491715,139.918384,11,0.454,-0.091,9.474,1.513
1424931774403,37.491715,139.918384,11,0.494,-0.055,9.467,1.5
1424931774504,37.491716,139.918385,11,0.567,-0.051,9.491,1.5
1424931774600,37.491717,139.918386,11,0.552,-0.105,9.541,1.5
1424931774701,37.491718,139.918387,11,0.5,-0.09,9.542,1.5
1424931774801,37.491719,139.918388,11,0.414,-0.056,9.476,1.5
1424931774902,37.49172,139.918388,11,0.305,-0.076,9.566,1.5
1424931775003,37.491721,139.918389,11,0.233,-0.082,9.572,1.5
1424931775103,37.491722,139.91839,11,0.268,-0.109,9.542,1.5
1424931775204,37.491723,139.918391,11,0.34,-0.126,9.532,1.5
1424931775300,37.491724,139.918392,11,0.401,-0.151,9.486,1.5
1424931775401,37.491725,139.918392,11,0.389,-0.192,9.485,1.5
1424931775501,37.491727,139.918393,11,0.292,-0.216,9.567,1.5
1424931775602,37.491728,139.918394,11,0.178,-0.238,9.559,1.5
1424931775703,37.491729,139.918395,11,0.117,-0.212,9.473,1.5
1424931775803,37.49173,139.918396,11,0.124,-0.198,9.496,1.5
1424931775904,37.491732,139.918396,11,0.178,-0.247,9.586,1.5
1424931776000,37.491733,139.918397,11,0.23,-0.258,9.561,1.5
1424931776100,37.491734,139.918398,11,0.32,-0.246,9.502,1.5
1424931776202,37.491735,139.918399,11,0.374,-0.257,9.509,1.5
1424931776302,37.491736,139.9184,11,0.365,-0.282,9.555,1.5
1424931776403,37.491737,139.9184,11,0.329,-0.298,9.568,1.5
1424931776503,37.491738,139.918401,11,0.29,-0.276,9.503,1.5
1424931776604,37.491739,139.918401,11,0.293,-0.238,9.466,1.5
1424931776700,37.49174,139.918402,11,0.31,-0.221,9.526,1.5
1424931776800,37.491741,139.918403,11,0.319,-0.253,9.553,1.5
1424931776901,37.491741,139.918403,11,0.316,-0.265,9.485,1.5
1424931777002,37.491742,139.918404,11,0.347,-0.283,9.498,1.5
1424931777102,37.491743,139.918404,11,0.358,-0.302,9.549,1.5
1424931777203,37.491744,139.918405,11,0.281,-0.347,9.544,1.5
1424931777304,37.491745,139.918406,11,0.189,-0.395,9.534,1.5
1424931777400,37.491745,139.918406,11,0.179,-0.424,9.53,1.489
1424931777500,37.491746,139.918407,11,0.233,-0.439,9.54,1.462
1424931777601,37.491746,139.918407,11,0.247,-0.466,9.52,1.436
1424931777702,37.491746,139.918407,11,0.232,-0.482,9.535,1.409
1424931777802,37.491747,139.918408,11,0.233,-0.462,9.55,1.384
1424931777903,37.491747,139.918408,11,0.237,-0.456,9.517,1.359
1424931778004,37.491748,139.918409,11,0.213,-0.467,9.518,1.334
1424931778105,37.491748,139.918409,11,0.189,-0.471,9.551,1.309
1424931778200,37.491748,139.918409,11,0.166,-0.462,9.536,1.287
1424931778306,37.491749,139.91841,11,0.159,-0.457,9.549,1.262
1424931778402,37.491749,139.91841,10,0.178,-0.472,9.554,1.224
1424931778501,37.491749,139.918411,10,0.201,-0.474,9.561,1.164
1424931778603,37.491748,139.918411,10,0.201,-0.462,9.553,1.106
1424931778702,37.491748,139.918411,10,0.197,-0.476,9.545,1.051
1424931778804,37.491748,139.918412,10,0.194,-0.472,9.557,0.997
1424931778900,37.491748,139.918412,10,0.191,-0.461,9.549,0.949
1424931779001,37.491748,139.918412,10,0.199,-0.461,9.528,0.901
1424931779101,37.491747,139.918412,10,0.213,-0.468,9.529,0.856
1424931779202,37.491747,139.918413,10,0.22,-0.476,9.54,0.812
1424931779303,37.491747,139.918413,10,0.204,-0.466,9.532,0.772
1424931779404,37.491746,139.918414,10,0.188,-0.448,9.529,0.685
1424931779504,37.491742,139.918415,10,0.196,-0.413,9.551,0.55
1424931779600,37.49174,139.918416,10,0.203,-0.349,9.552,0.433
1424931779701,37.491737,139.918416,10,0.205,-0.287,9.543,0.326
1424931779801,37.491735,139.918417,10,0.204,-0.244,9.513,0.234
1424931779902,37.491734,139.918418,10,0.221,-0.235,9.524,0.157
1424931780003,37.491732,139.918418,10,0.223,-0.226,9.526,0.096
1424931780104,37.491731,139.918419,10,0.209,-0.229,9.524,0.049
1424931780204,37.49173,139.918419,10,0.202,-0.228,9.538,0.018
1424931780300,37.49173,139.918419,10,0.206,-0.227,9.523,0.003
1424931797501,37.491714,139.918443,9,0.188,0.431,9.519,0.005
1424931797602,37.491714,139.918443,9,0.203,0.25,9.532,0.015
1424931797702,37.491714,139.918443,9,0.237,0.128,9.537,0.029
1424931797803,37.491714,139.918443,9,0.251,0.045,9.517,0.049
1424931797904,37.491715,139.918443,9,0.223,-0.015,9.531,0.074
1424931798004,37.491715,139.918443,9,0.192,-0.046,9.512,0.104
1424931798100,37.491715,139.918443,9,0.149,-0.062,9.499,0.137
1424931798201,37.491715,139.918443,9,0.107,-0.083,9.557,0.177
1424931798301,37.491716,139.918443,9,0.1,-0.105,9.57,0.221
1424931798402,37.491716,139.918443,9,0.121,-0.121,9.489,0.257
1424931798503,37.491717,139.918443,9,0.135,-0.179,9.491,0.276
1424931798604,37.491717,139.918443,9,0.111,-0.302,9.547,0.296
1424931798704,37.491717,139.918442,9,0.099,-0.399,9.53,0.317
1424931798800,37.491718,139.918442,9,0.118,-0.432,9.51,0.339
1424931798901,37.491718,139.918442,9,0.109,-0.399,9.535,0.365
1424931799001,37.491719,139.918442,9,0.081,-0.274,9.587,0.391
1424931799102,37.491719,139.918442,9,0.095,-0.088,9.55,0.42
1424931799203,37.49172,139.918441,9,0.118,0.079,9.497,0.45
1424931799304,37.491721,139.918441,9,0.12,0.199,9.504,0.482
1424931799404,37.491721,139.918441,9,0.104,0.313,9.505,0.5
1424931799500,37.491722,139.918441,9,0.09,0.412,9.483,0.5
1424931799601,37.491723,139.918441,9,0.102,0.509,9.506,0.5
1424931799701,37.491723,139.918441,9,0.093,0.602,9.516,0.5
1424931799802,37.491724,139.918441,9,0.06,0.676,9.485,0.5
1424931799903,37.491725,139.918441,9,0.046,0.688,9.497,0.5
1424931800004,37.491726,139.918441,9,0.102,0.681,9.586,0.5
1424931800104,37.491726,139.918441,9,0.103,0.712,9.548,0.5
1424931800200,37.491727,139.918441,9,0.042,0.794,9.389,0.5
1424931800301,37.491728,139.918441,9,0.025,0.838,9.402,0.5
1424931800401,37.491728,139.918441,10,0.031,0.789,9.567,0.521
1424931800502,37.491729,139.918441,10,0.055,0.733,9.662,0.581
1424931800603,37.491731,139.918441,10,0.036,0.844,9.497,0.651
1424931800703,37.491732,139.918441,10,0.023,0.958,9.353,0.73
1424931800804,37.491734,139.918442,10,-0.053,1.024,9.316,0.821
1424931800900,37.491735,139.918442,10,-0.177,1.071,9.386,0.916
1424931801001,37.491737,139.918442,10,-0.08,0.97,9.65,1.026
1424931801101,37.49174,139.918442,10,0.014,0.888,9.691,1.145
1424931801202,37.491742,139.918443,10,0.03,0.974,9.444,1.275
1424931801303,37.491744,139.918443,10,0.06,1.005,9.361,1.416
1424931801403,37.491747,139.918443,10,0.126,0.93,9.54,1.526
1424931801504,37.491749,139.918443,10,0.238,0.793,9.675,1.59
1424931801600,37.491751,139.918443,10,0.272,0.771,9.513,1.653
1424931801700,37.491753,139.918444,10,0.234,0.753,9.419,1.721
1424931801801,37.491755,139.918444,10,0.229,0.653,9.643,1.794
1424931801902,37.491758,139.918444,10,0.145,0.61,9.488,1.869
1424931802002,37.49176,139.918444,10,0.258,0.654,9.363,1.947
1424931802103,37.491763,139.918444,10,0.211,0.599,9.568,2.029
1424931802204,37.491766,139.918445,10,0.097,0.51,9.55,2.113
1424931802300,37.491768,139.918445,10,-0.027,0.583,9.325,2.197
1424931802400,37.491771,139.918445,10,-0.163,0.709,9.606,2.268
1424931802501,37.491773,139.918445,10,-0.191,0.736,9.788,2.314
1424931802602,37.491776,139.918445,10,-0.05,0.678,9.606,2.362
1424931802702,37.491779,139.918445,10,0.246,0.782,9.322,2.41
1424931802803,37.491781,139.918445,10,0.469,0.802,9.378,2.459
1424931802904,37.491784,139.918445,10,0.694,0.706,9.507,2.51
1424931803000,37.491787,139.918445,10,0.819,0.676,9.548,2.558
1424931803100,37.491789,139.918445,10,0.748,0.682,9.273,2.61
1424931803201,37.491792,139.918445,10,0.589,0.648,9.406,2.664
1424931803302,37.491795,139.918445,10,0.398,0.655,9.574,2.718
1424931803402,37.491798,139.918445,5,0.278,0.612,9.558,2.769
1424931803503,37.491801,139.918446,5,0.113,0.624,9.429,2.816
1424931803604,37.491805,139.918447,5,-0.037,0.603,9.634,2.864
1424931803704,37.491808,139.918447,5,0.02,0.619,9.522,2.913
1424931803800,37.491811,139.918448,5,0.191,0.674,9.433,2.96
1424931803901,37.491814,139.918449,5,0.365,0.643,9.537,3.01
1424931804002,37.491818,139.918449,5,0.525,0.526,9.622,3.061
1424931804102,37.491821,139.91845,5,0.544,0.556,9.466,3.113
1424931804203,37.491824,139.918451,5,0.383,0.645,9.418,3.166
1424931804304,37.491828,139.918452,5,0.217,0.537,9.541,3.22
1424931804404,37.491832,139.918453,6,0.213,0.3,9.715,3.27
1424931804500,37.491835,139.918454,6,0.111,0.319,9.649,3.316
1424931804601,37.491838,139.918455,6,0.033,0.463,9.461,3.364
1424931804702,37.491842,139.918456,6,0.169,0.532,9.137,3.413
1424931804802,37.491846,139.918458,6,0.236,0.443,9.322,3.462
1424931804903,37.491849,139.918459,6,0.173,0.266,9.67,3.513
1424931805004,37.491853,139.91846,6,0.082,0.229,9.652,3.564
1424931805104,37.491857,139.918462,6,0.139,0.213,9.632,3.615
1424931805200,37.491861,139.918463,6,0.251,0.175,9.797,3.665
1424931805301,37.491865,139.918464,6,0.407,0.121,9.622,3.719
1424931805401,37.491868,139.918465,6,0.282,0.142,9.468,3.75
1424931805502,37.491872,139.918466,6,0.317,0.086,9.427,3.75
1424931805603,37.491876,139.918467,6,0.408,0.22,9.5,3.75
1424931805704,37.491879,139.918468,6,0.341,0.482,9.354,3.75
1424931805804,37.491883,139.918469,6,0.181,0.619,9.396,3.75
1424931805900,37.491886,139.91847,6,0.057,0.625,9.447,3.75
1424931806001,37.491889,139.918471,6,0.057,0.485,9.665,3.75
1424931806101,37.491893,139.918472,6,0.066,0.449,9.465,3.75
1424931806202,37.491896,139.918473,6,0.127,0.476,9.377,3.75
1424931806303,37.4919,139.918474,6,0.17,0.425,9.495,3.75
1424931806403,37.491904,139.918475,6,0.217,0.191,9.575,3.76
1424931806504,37.491908,139.918477,6,0.156,0.001,9.387,3.785
1424931806600,37.491912,139.918478,6,0.198,-0.055,9.364,3.809
1424931806706,37.491916,139.918479,6,0.234,-0.111,9.628,3.835
1424931806801,37.49192,139.91848,6,0.355,-0.101,9.614,3.858
1424931806900,37.491924,139.918481,6,0.48,-0.078,9.301,3.883
1424931807003,37.491928,139.918483,6,0.483,-0.147,9.475,3.909
1424931807102,37.491932,139.918484,6,0.476,-0.166,9.704,3.934
1424931807204,37.491936,139.918485,6,0.409,-0.078,9.455,3.96
1424931807300,37.49194,139.918486,6,0.37,-0.092,9.393,3.985
1424931807400,37.491945,139.918488,6,0.246,-0.146,9.567,4.0
1424931807501,37.491949,139.91849,6,0.174,-0.166,9.685,4.0
1424931807602,37.491954,139.918492,6,0.128,-0.089,9.561,4.0
1424931807703,37.491958,139.918494,6,0.29,-0.068,9.424,4.0
1424931807803,37.491963,139.918495,6,0.381,-0.118,9.556,4.0
1424931807904,37.491967,139.918497,6,0.369,-0.119,9.563,4.0
1424931808000,37.491972,139.918499,6,0.307,-0.086,9.38,4.0
1424931808100,37.491976,139.918501,6,0.305,-0.079,9.437,4.0
1424931808201,37.491981,139.918503,6,0.29,-0.077,9.571,4.0
1424931808302,37.491985,139.918505,6,0.202,-0.127,9.688,4.0
1424931808402,37.49199,139.918507,6,0.153,-0.136,9.593,4.01
1424931808503,37.491994,139.918509,6,0.198,-0.1,9.476,4.035
1424931808604,37.491999,139.918511,6,0.234,-0.067,9.533,4.06
1424931808700,37.492003,139.918513,6,0.284,-0.121,9.591,4.083
1424931808800,37.492008,139.918515,6,0.302,-0.142,9.563,4.108
1424931808901,37.492013,139.918517,6,0.367,-0.116,9.465,4.133
1424931809002,37.492017,139.918519,6,0.405,-0.084,9.378,4.159
1424931809102,37.492022,139.918521,6,0.434,-0.027,9.501,4.184
1424931809203,37.492027,139.918524,6,0.366,0.033,9.635,4.21
1424931809304,37.492031,139.918526,6,0.331,0.042,9.484,4.236
1424931809400,37.492036,139.918528,6,0.3,0.036,9.396,4.269
1424931809500,37.49204,139.91853,6,0.352,0.061,9.466,4.317
1424931809601,37.492045,139.918533,6,0.308,0.066,9.602,4.365
1424931809702,37.492049,139.918535,6,0.241,0.073,9.656,4.415
1424931809802,37.492054,139.918538,6,0.272,0.102,9.456,4.464
1424931809903,37.492059,139.91854,6,0.382,0.1,9.473,4.515
1424931810004,37.492064,139.918543,6,0.414,0.167,9.536,4.566
1424931810104,37.492068,139.918545,6,0.378,0.21,9.473,4.617
1424931810200,37.492073,139.918548,6,0.328,0.223,9.46,4.666
1424931810301,37.492078,139.91855,6,0.312,0.154,9.618,4.719
1424931810402,37.492083,139.918553,6,0.31,0.167,9.6,4.75
1424931810502,37.492087,139.918556,6,0.213,0.239,9.481,4.75
1424931810603,37.492092,139.918559,6,0.218,0.243,9.461,4.75
1424931810704,37.492096,139.918561,6,0.318,0.193,9.557,4.75
1424931810804,37.492101,139.918564,6,0.359,0.142,9.593,4.75
1424931810900,37.492105,139.918567,6,0.363,0.143,9.467,4.75
1424931811001,37.49211,139.918569,6,0.313,0.175,9.539,4.75
1424931811101,37.492114,139.918572,6,0.217,0.203,9.643,4.75
1424931811202,37.492119,139.918575,6,0.22,0.178,9.533,4.75
1424931811303,37.492123,139.918577,6,0.247,0.141,9.426,4.75
1424931811404,37.492128,139.91858,6,0.262,0.133,9.517,4.75
1424931811504,37.492132,139.918583,6,0.256,0.177,9.533,4.75
1424931811600,37.492136,139.918586,6,0.222,0.233,9.427,4.75
1424931811701,37.492141,139.918589,6,0.221,0.197,9.477,4.75
1424931811801,37.492145,139.918591,6,0.267,0.122,9.612,4.75
1424931811902,37.492149,139.918594,6,0.296,0.087,9.649,4.75
1424931812003,37.492154,139.918597,6,0.199,0.103,9.55,4.75
1424931812104,37.492158,139.9186,6,0.205,0.13,9.534,4.75
1424931812204,37.492162,139.918603,6,0.303,0.163,9.421,4.75
1424931812300,37.492166,139.918605,6,0.293,0.126,9.425,4.75
1424931812401,37.492171,139.918608,6,0.255,0.094,9.499,4.75
1424931812501,37.492175,139.918611,6,0.183,0.149,9.547,4.75
1424931812602,37.492179,139.918614,6,0.238,0.188,9.519,4.75
1424931812703,37.492184,139.918617,6,0.297,0.151,9.507,4.75
1424931812803,37.492188,139.91862,6,0.236,0.079,9.621,4.75
1424931812904,37.492192,139.918623,6,0.128,0.097,9.482,4.75
1424931813000,37.492197,139.918626,6,0.152,0.097,9.514,4.75
1424931813101,37.492201,139.918628,6,0.186,0.079,9.587,4.75
1424931813201,37.492205,139.918631,6,0.205,0.082,9.529,4.75
1424931813302,37.49221,139.918634,6,0.225,0.082,9.454,4.75
1424931813403,37.492214,139.918637,8,0.21,0.127,9.52,4.76
1424931813503,37.49222,139.918641,8,0.184,0.182,9.685,4.785
1424931813604,37.492226,139.918644,8,0.145,0.256,9.547,4.81
1424931813700,37.492231,139.918647,8,0.106,0.34,9.47,4.834
1424931813801,37.492237,139.91865,8,0.163,0.36,9.536,4.859
1424931813901,37.492242,139.918654,8,0.168,0.338,9.656,4.884
1424931814002,37.492248,139.918657,8,0.184,0.369,9.515,4.909
1424931814103,37.492254,139.91866,8,0.248,0.384,9.385,4.935
1424931814203,37.49226,139.918664,8,0.242,0.349,9.446,4.96
1424931814304,37.492266,139.918667,8,0.203,0.283,9.562,4.986
1424931814400,37.492271,139.918671,8,0.222,0.23,9.594,5.01
1424931814500,37.492274,139.918675,8,0.196,0.28,9.408,5.034
1424931814601,37.492278,139.918679,8,0.141,0.247,9.431,5.059
1424931814702,37.492282,139.918683,8,0.05,0.155,9.609,5.084
1424931814803,37.492286,139.918687,8,0.115,0.088,9.62,5.109
1424931814903,37.49229,139.918691,8,0.183,0.137,9.441,5.134
1424931815004,37.492295,139.918695,8,0.272,0.139,9.476,5.16
1424931815100,37.492298,139.918699,8,0.263,0.113,9.498,5.184
1424931815200,37.492302,139.918703,8,0.236,0.052,9.416,5.209
1424931815301,37.492307,139.918708,8,0.126,-0.001,9.573,5.235
1424931815402,37.492311,139.918712,6,0.029,0.028,9.632,5.25
1424931815502,37.492314,139.918717,6,0.077,0.072,9.408,5.25
1424931815603,37.492318,139.918721,6,0.184,-0.012,9.547,5.25
1424931815704,37.492322,139.918726,6,0.257,-0.056,9.61,5.25
1424931815800,37.492325,139.91873,6,0.225,-0.031,9.504,5.25
1424931815900,37.492329,139.918735,6,0.2,0.01,9.362,5.25
1424931816001,37.492333,139.918739,6,0.169,-0.028,9.537,5.25
1424931816102,37.492336,139.918744,6,0.16,-0.09,9.591,5.25
1424931816202,37.49234,139.918749,6,0.25,-0.063,9.437,5.25
1424931816303,37.492344,139.918753,6,0.307,-0.071,9.54,5.25
1424931816404,37.492348,139.918758,7,0.26,-0.091,9.598,5.261
1424931816504,37.492354,139.918761,7,0.188,-0.114,9.55,5.285
1424931816600,37.492359,139.918765,7,0.103,-0.102,9.472,5.309
1424931816701,37.492364,139.918768,7,0.057,-0.122,9.623,5.334
1424931816802,37.49237,139.918772,7,0.064,-0.079,9.54,5.359
1424931816902,37.492375,139.918776,7,0.115,-0.101,9.51,5.384
1424931817003,37.492381,139.91878,7,0.144,-0.086,9.58,5.409
1424931817104,37.492387,139.918783,7,0.083,-0.067,9.531,5.435
1424931817204,37.492392,139.918787,7,0.089,-0.096,9.527,5.46
1424931817300,37.492398,139.918791,7,0.091,-0.078,9.574,5.485
1424931817401,37.492403,139.918793,8,0.075,-0.046,9.536,5.49
1424931817501,37.492408,139.918793,8,0.11,-0.043,9.392,5.464
1424931817602,37.492414,139.918793,8,0.193,-0.065,9.481,5.438
1424931817703,37.492419,139.918794,8,0.113,-0.077,9.686,5.413
1424931817804,37.492424,139.918794,8,0.01,-0.059,9.669,5.388
1424931817904,37.49243,139.918794,8,0.066,0.044,9.423,5.363
1424931818000,37.492435,139.918794,8,0.143,0.001,9.555,5.339
1424931818101,37.49244,139.918794,8,0.138,-0.028,9.543,5.314
1424931818201,37.492445,139.918795,8,0.156,0.046,9.405,5.289
1424931818302,37.49245,139.918795,8,0.228,0.056,9.474,5.264
1424931818403,37.492455,139.918796,8,0.258,0.028,9.594,5.261
1424931818503,37.492458,139.918798,8,0.128,-0.005,9.564,5.285
1424931818604,37.492462,139.9188,8,0.067,0.018,9.381,5.31
1424931818700,37.492466,139.918802,8,0.066,0.047,9.558,5.334
1424931818801,37.49247,139.918804,8,0.107,-0.004,9.568,5.359
1424931818901,37.492474,139.918806,8,0.108,-0.006,9.476,5.384
1424931819002,37.492478,139.918808,8,0.132,-0.003,9.53,5.409
1424931819103,37.492482,139.91881,8,0.152,0.077,9.524,5.435
1424931819203,37.492486,139.918812,8,0.112,0.091,9.538,5.46
1424931819304,37.49249,139.918814,8,0.137,0.036,9.46,5.486
1424931819400,37.492494,139.918817,5,0.138,0.031,9.548,5.5
1424931819501,37.492499,139.918821,5,0.14,0.133,9.548,5.5
1424931819601,37.492504,139.918824,5,0.189,0.235,9.501,5.5
1424931819702,37.492509,139.918828,5,0.286,0.31,9.364,5.5
1424931819803,37.492514,139.918832,5,0.245,0.229,9.539,5.5
1424931819903,37.492519,139.918836,5,0.197,0.217,9.715,5.5
1424931820004,37.492524,139.91884,5,0.139,0.325,9.562,5.5
1424931820100,37.492529,139.918844,5,0.219,0.44,9.271,5.5
1424931820200,37.492534,139.918848,5,0.218,0.339,9.49,5.5
1424931820301,37.492539,139.918852,5,0.148,0.244,9.799,5.5
1424931820402,37.492544,139.918855,5,0.156,0.329,9.599,5.5
1424931820503,37.492548,139.918859,5,0.209,0.447,9.422,5.5
1424931820603,37.492552,139.918862,5,0.262,0.448,9.33,5.5
1424931820704,37.492556,139.918865,5,0.229,0.362,9.431,5.5
1424931820805,37.49256,139.918868,5,0.169,0.439,9.313,5.5
1424931820900,37.492564,139.918871,5,0.297,0.385,9.573,5.5
1424931821006,37.492568,139.918875,5,0.141,0.216,9.843,5.5
1424931821102,37.492572,139.918878,5,-0.063,0.234,9.566,5.5
1424931821201,37.492576,139.918881,5,-0.254,0.19,9.508,5.5
1424931821303,37.49258,139.918884,5,-0.145,0.218,9.46,5.5
1424931821400,37.492584,139.918887,5,0.063,0.155,9.261,5.519
1424931821500,37.492588,139.91889,5,0.198,0.079,9.553,5.567
1424931821600,37.492592,139.918893,5,0.269,0.157,9.607,5.616
1424931821701,37.492597,139.918897,5,0.344,0.092,9.662,5.666
1424931821802,37.492601,139.9189,5,0.331,-0.071,9.719,5.716
1424931821902,37.492606,139.918903,5,0.183,-0.104,9.608,5.766
1424931822003,37.49261,139.918906,5,0.057,0.127,9.364,5.817
1424931822104,37.492615,139.91891,5,0.201,0.152,9.435,5.868
1424931822200,37.49262,139.918913,5,0.236,0.126,9.519,5.917
1424931822300,37.492624,139.918916,5,0.255,0.22,9.34,5.969
1424931822401,37.492629,139.918919,5,0.245,0.257,9.426,6.0
1424931822502,37.492635,139.918921,5,0.263,0.154,9.686,6.0
1424931822602,37.49264,139.918923,5,0.248,0.055,9.535,6.0
1424931822703,37.492646,139.918926,5,0.126,0.186,9.275,6.0
1424931822804,37.492651,139.918928,5,0.116,0.122,9.539,6.0
1424931822905,37.492656,139.91893,5,0.146,-0.002,9.778,6.0
1424931823000,37.492662,139.918932,5,0.056,0.102,9.483,6.0
1424931823101,37.492667,139.918934,5,0.064,0.195,9.375,6.0
1424931823202,37.492672,139.918937,5,0.095,0.207,9.462,6.0
1424931823302,37.492678,139.918939,5,0.153,0.085,9.559,6.0
1424931823403,37.492683,139.918941,6,0.254,0.093,9.577,6.0
1424931823504,37.492689,139.918945,6,0.266,0.235,9.445,6.0
1424931823604,37.492694,139.918949,6,0.24,0.231,9.392,6.0
1424931823700,37.492699,139.918952,6,0.27,0.181,9.446,6.0
1424931823801,37.492705,139.918955,6,0.206,0.078,9.623,6.0
1424931823902,37.49271,139.918959,6,0.161,0.178,9.436,6.0
1424931824002,37.492716,139.918962,6,0.261,0.267,9.332,6.0
1424931824103,37.492721,139.918966,6,0.229,0.161,9.443,6.0
1424931824204,37.492727,139.91897,6,-0.005,0.099,9.547,6.0
1424931824304,37.492732,139.918973,6,-0.067,0.186,9.458,6.0
1424931824400,37.492737,139.918976,6,0.039,-0.002,10.014,6.0
1424931824501,37.492742,139.91898,6,-0.013,0.016,9.821,6.0
1424931824601,37.492747,139.918984,6,0.002,0.176,9.152,6.0
1424931824702,37.492751,139.918988,6,0.049,0.166,9.311,6.0
1424931824803,37.492756,139.918991,6,0.063,0.083,9.638,6.0
1424931824903,37.492761,139.918995,6,0.006,0.048,9.623,6.0
1424931825004,37.492766,139.918999,6,0.134,0.275,9.39,6.0
1424931825100,37.492771,139.919002,6,0.202,0.224,9.34,6.0
1424931825201,37.492775,139.919006,6,0.124,-0.045,9.656,6.0
1424931825301,37.49278,139.91901,6,-0.024,-0.088,9.781,6.0
1424931825402,37.492786,139.919013,7,-0.044,0.03,9.675,6.0
1424931825503,37.492792,139.919017,7,0.082,0.229,9.23,6.0
1424931825603,37.492798,139.91902,7,0.178,0.103,9.29,6.0
1424931825704,37.492804,139.919024,7,0.272,0.01,9.729,6.0
1424931825800,37.49281,139.919027,7,0.195,0.166,9.632,6.0
1424931825901,37.492816,139.91903,7,0.094,0.285,9.366,6.0
1424931826001,37.492822,139.919034,7,-0.039,0.29,9.356,6.0
1424931826102,37.492828,139.919037,7,-0.164,0.187,9.681,6.0
1424931826203,37.492834,139.919041,7,-0.073,0.258,9.609,6.0
1424931826303,37.492841,139.919044,7,0.11,0.423,9.321,6.0
1424931826404,37.492847,139.919048,7,0.152,0.34,9.396,6.021
1424931826500,37.492852,139.919051,7,0.143,0.263,9.639,6.068
1424931826600,37.492858,139.919054,7,0.135,0.321,9.514,6.116
1424931826701,37.492865,139.919058,7,0.123,0.413,9.371,6.166
1424931826802,37.492871,139.919062,7,0.071,0.33,9.468,6.216
1424931826903,37.492877,139.919065,7,0.053,0.321,9.532,6.267
1424931827003,37.492883,139.919069,7,0.166,0.337,9.566,6.317
1424931827104,37.49289,139.919073,7,0.221,0.302,9.554,6.368
1424931827200,37.492896,139.919076,7,0.116,0.258,9.561,6.417
1424931827301,37.492902,139.91908,7,0.04,0.32,9.545,6.469
1424931827401,37.492908,139.919084,7,0.082,0.324,9.507,6.51
1424931827502,37.492914,139.919089,7,0.056,0.302,9.545,6.535
1424931827602,37.49292,139.919093,7,0.045,0.371,9.497,6.56
1424931827703,37.492925,139.919098,7,0.098,0.397,9.518,6.585
1424931827804,37.492931,139.919103,7,0.047,0.329,9.508,6.61
1424931827900,37.492937,139.919107,7,-0.018,0.291,9.548,6.634
1424931828000,37.492942,139.919112,7,0.023,0.3,9.629,6.659
1424931828101,37.492948,139.919117,7,0.074,0.298,9.449,6.684
1424931828202,37.492954,139.919121,7,0.069,0.273,9.514,6.71
1424931828302,37.49296,139.919126,7,0.073,0.246,9.572,6.735
1424931828403,37.492965,139.919131,6,0.066,0.273,9.412,6.771
1424931828504,37.492971,139.919134,6,0.039,0.219,9.518,6.82
1424931828600,37.492976,139.919138,6,-0.002,0.147,9.599,6.867
1424931828700,37.492981,139.919142,6,0.067,0.153,9.452,6.916
1424931828801,37.492987,139.919145,6,0.119,0.097,9.416,6.966
1424931828902,37.492992,139.919149,6,0.083,0.041,9.548,7.017
1424931829002,37.492998,139.919153,6,0.064,0.034,9.555,7.067
1424931829103,37.493003,139.919157,6,0.07,0.034,9.523,7.118
1424931829204,37.493009,139.919161,6,0.048,0.001,9.501,7.17
1424931829304,37.493015,139.919165,6,0.096,0.008,9.497,7.221
1424931829400,37.49302,139.919169,6,0.169,-0.001,9.497,7.229
1424931829501,37.493025,139.919173,6,0.172,-0.044,9.523,7.177
1424931829602,37.493029,139.919177,6,0.175,-0.022,9.453,7.126
1424931829702,37.493034,139.919182,6,0.183,-0.055,9.548,7.075
1424931829803,37.493039,139.919186,6,0.081,-0.133,9.633,7.024
1424931829904,37.493043,139.91919,6,-0.031,-0.094,9.592,6.974
1424931830004,37.493048,139.919194,6,-0.016,-0.04,9.542,6.924
1424931830100,37.493052,139.919198,6,0.009,-0.08,9.515,6.877
1424931830201,37.493057,139.919203,6,0.061,-0.17,9.828,6.827
1424931830302,37.493061,139.919207,6,-0.032,0.04,9.427,6.778
1424931830402,37.493066,139.919211,5,-0.044,0.092,9.258,6.75
1424931830503,37.493072,139.919216,5,-0.031,-0.024,9.526,6.75
1424931830604,37.493077,139.919221,5,0.033,-0.151,9.783,6.75
1424931830704,37.493082,139.919226,5,0.059,-0.039,9.626,6.75
1424931830800,37.493087,139.91923,5,0.061,-0.098,9.451,6.75
1424931830901,37.493093,139.919235,5,0.004,-0.165,9.45,6.75
1424931831001,37.493098,139.91924,5,0.015,-0.078,9.427,6.75
1424931831102,37.493103,139.919245,5,0.09,-0.078,9.639,6.75
1424931831203,37.493109,139.919249,5,0.12,-0.143,9.713,6.75
1424931831304,37.493114,139.919254,5,0.198,-0.045,9.369,6.75
1424931831404,37.493119,139.919259,5,0.16,-0.045,9.422,6.761
1424931831500,37.493125,139.919263,5,0.104,-0.126,9.513,6.784
1424931831601,37.493131,139.919267,5,0.162,-0.055,9.507,6.809
1424931831701,37.493136,139.91927,5,0.18,0.047,9.587,6.834
1424931831802,37.493142,139.919275,5,0.15,-0.072,9.543,6.859
1424931831903,37.493148,139.919279,5,0.129,-0.073,9.591,6.885
1424931832003,37.493153,139.919283,5,0.248,-0.011,9.437,6.91
1424931832104,37.493159,139.919287,5,0.455,0.048,9.202,6.935
1424931832200,37.493165,139.91929,5,0.447,0.256,8.884,6.959
1424931832301,37.493171,139.919295,5,0.37,-0.133,9.838,6.985
1424931832401,37.493176,139.919298,5,0.298,-0.342,10.272,6.99
1424931832502,37.493182,139.919301,5,0.435,-0.167,9.409,6.964
1424931832603,37.493187,139.919304,5,0.382,0.114,8.807,6.938
1424931832703,37.493192,139.919307,5,0.37,-0.085,9.33,6.913
1424931832804,37.493198,139.91931,5,0.282,-0.295,9.769,6.888
1424931832900,37.493203,139.919313,5,0.11,-0.023,9.867,6.864
1424931833000,37.493208,139.919316,5,0.072,0.033,9.607,6.839
1424931833101,37.493213,139.919319,5,0.179,-0.224,9.527,6.814
1424931833202,37.493219,139.919322,5,0.208,-0.104,9.369,6.789
1424931833303,37.493224,139.919325,5,0.315,0.076,9.205,6.764
1424931833403,37.493229,139.919329,5,0.224,-0.045,9.725,6.761
1424931833505,37.493234,139.919333,5,0.036,-0.096,9.906,6.786
1424931833600,37.493239,139.919337,5,-0.07,0.035,9.331,6.809
1424931833700,37.493244,139.919342,5,-0.072,0.035,9.266,6.834
1424931833801,37.493249,139.919346,5,-0.021,-0.173,9.582,6.859
1424931833902,37.493254,139.919351,5,0.212,-0.257,9.786,6.884
1424931834002,37.493259,139.919355,5,0.412,0.044,9.442,6.909
1424931834103,37.493264,139.91936,5,0.221,0.084,9.313,6.935
1424931834204,37.493269,139.919364,5,-0.02,-0.097,9.384,6.96
1424931834300,37.493274,139.919368,5,-0.097,-0.054,9.582,6.985
1424931834400,37.493279,139.919372,6,-0.088,0.016,9.557,6.99
1424931834501,37.493285,139.919376,6,-0.044,0.017,9.521,6.964
1424931834602,37.49329,139.919379,6,-0.18,-0.264,9.705,6.939
1424931834702,37.493296,139.919383,6,0.198,-0.272,9.573,6.913
1424931834803,37.493302,139.919386,6,-0.083,-0.341,9.903,6.888
1424931834904,37.493307,139.91939,6,-0.256,-0.109,9.293,6.863
1424931835004,37.493313,139.919393,6,-0.181,-0.0,9.182,6.838
1424931835105,37.493318,139.919396,6,-0.082,-0.034,9.511,6.813
1424931835201,37.493323,139.9194,6,-0.117,-0.013,9.592,6.789
1424931835300,37.493329,139.919403,6,-0.133,-0.044,9.483,6.765
1424931835402,37.493334,139.919406,6,0.032,-0.122,9.571,6.75
1424931835501,37.49334,139.91941,6,0.02,-0.381,9.679,6.75
1424931835604,37.493346,139.919413,6,0.02,-0.44,10.042,6.75
1424931835703,37.493352,139.919416,6,0.041,-0.292,9.785,6.75
1424931835800,37.493358,139.919419,6,0.053,0.041,9.172,6.75
1424931835901,37.493363,139.919422,6,-0.053,0.19,9.024,6.75
1424931836001,37.493369,139.919426,6,-0.045,-0.036,9.742,6.75
1424931836102,37.493375,139.919429,6,0.042,0.027,9.997,6.75
1424931836203,37.493381,139.919432,6,0.171,0.156,9.674,6.75
1424931836304,37.493387,139.919435,6,0.067,0.097,9.383,6.75
1424931836404,37.493393,139.919439,8,-0.071,0.046,9.111,6.75
1424931836500,37.493398,139.919443,8,0.013,-0.007,9.454,6.75
1424931836601,37.493404,139.919447,8,0.101,0.0,9.932,6.75
1424931836701,37.49341,139.919452,8,0.16,0.057,9.533,6.75
1424931836802,37.493416,139.919456,8,0.172,-0.13,9.559,6.75
1424931836903,37.493421,139.91946,8,-0.022,-0.159,9.244,6.75
1424931837004,37.493427,139.919465,8,-0.04,-0.205,9.295,6.75
1424931837104,37.493433,139.919469,8,0.032,-0.212,9.465,6.75
1424931837200,37.493439,139.919473,8,0.059,-0.209,9.678,6.75
1424931837301,37.493445,139.919477,8,0.034,-0.239,9.48,6.75
1424931837401,37.49345,139.919481,8,0.061,-0.276,9.423,6.74
1424931837502,37.493455,139.919485,8,0.003,-0.394,9.409,6.714
1424931837603,37.49346,139.919488,8,-0.02,-0.388,9.562,6.688
1424931837704,37.493465,139.919491,8,-0.005,-0.293,9.545,6.663
1424931837804,37.49347,139.919494,8,0.011,-0.346,9.652,6.638
1424931837900,37.493475,139.919497,8,-0.028,-0.331,9.492,6.614
1424931838001,37.49348,139.919501,8,0.006,-0.256,9.403,6.589
1424931838101,37.493484,139.919504,8,0.145,-0.249,9.454,6.564
1424931838202,37.493489,139.919507,8,0.167,-0.251,9.413,6.539
1424931838303,37.493494,139.91951,8,0.023,-0.312,9.555,6.514
1424931838403,37.493499,139.919514,8,0.068,-0.295,9.565,6.489
1424931838504,37.493505,139.919518,8,0.089,-0.383,9.678,6.463
1424931838600,37.493511,139.919521,8,0.103,-0.399,9.561,6.439
1424931838701,37.493516,139.919525,8,0.027,-0.329,9.462,6.414
1424931838801,37.493522,139.919529,8,0.111,-0.288,9.48,6.389
1424931838902,37.493528,139.919533,8,0.152,-0.27,9.573,6.363
1424931839003,37.493533,139.919537,8,0.093,-0.254,9.549,6.338
1424931839103,37.493539,139.91954,8,0.141,-0.2,9.583,6.313
1424931839204,37.493544,139.919544,8,0.265,-0.113,9.582,6.288
1424931839300,37.49355,139.919548,8,0.286,-0.099,9.523,6.265
1424931839400,37.493555,139.919551,8,0.23,-0.012,9.503,6.24
1424931839501,37.493562,139.919554,8,0.129,-0.017,9.481,6.214
1424931839602,37.493568,139.919556,8,0.163,0.019,9.556,6.189
1424931839703,37.493574,139.919559,8,0.1,0.062,9.629,6.163
1424931839803,37.49358,139.919561,8,0.091,0.035,9.56,6.138
1424931839904,37.493586,139.919564,8,0.17,0.111,9.389,6.113
1424931840000,37.493592,139.919566,8,0.294,0.113,9.36,6.089
1424931840100,37.493598,139.919569,8,0.304,0.091,9.555,6.064
1424931840201,37.493604,139.919571,8,0.221,0.055,9.56,6.039
1424931840302,37.493611,139.919574,8,0.211,0.07,9.511,6.014
1424931840402,37.493615,139.919576,8,0.247,0.067,9.574,5.978
1424931840503,37.493619,139.919579,8,0.222,0.032,9.533,5.926
1424931840604,37.493623,139.919583,8,0.198,0.028,9.484,5.874
1424931840700,37.493626,139.919585,8,0.2,0.064,9.463,5.825
1424931840800,37.493629,139.919589,8,0.171,0.124,9.459,5.775
1424931840901,37.493633,139.919592,8,0.185,0.095,9.548,5.724
1424931841002,37.493636,139.919595,8,0.187,0.042,9.571,5.674
1424931841102,37.49364,139.919598,8,0.187,0.035,9.567,5.625
1424931841203,37.493643,139.9196,8,0.178,0.048,9.513,5.576
1424931841304,37.493646,139.919603,8,0.137,0.02,9.543,5.527
1424931841400,37.49365,139.919605,8,0.073,0.009,9.547,5.49
1424931841500,37.493653,139.919606,8,0.087,0.081,9.457,5.464
1424931841601,37.493657,139.919607,8,0.13,0.106,9.489,5.439
1424931841702,37.493661,139.919608,8,0.139,0.065,9.601,5.413
1424931841802,37.493665,139.919609,8,0.135,0.051,9.671,5.388
1424931841903,37.493668,139.91961,8,0.056,0.052,9.619,5.363
1424931842004,37.493672,139.919611,8,0.007,0.132,9.419,5.338
1424931842104,37.493676,139.919612,8,-0.002,0.072,9.469,5.313
1424931842200,37.493679,139.919613,8,0.082,0.011,9.582,5.289
1424931842301,37.493683,139.919614,8,0.101,0.034,9.576,5.264
1424931842402,37.493687,139.919616,8,0.177,0.128,9.386,5.27
1424931842502,37.493691,139.919619,8,0.25,0.134,9.43,5.318
1424931842603,37.493695,139.919621,8,0.143,0.007,9.534,5.367
1424931842704,37.493699,139.919624,8,0.022,-0.101,9.731,5.417
1424931842804,37.493704,139.919627,8,-0.012,-0.008,9.567,5.466
1424931842900,37.493708,139.919629,8,0.058,0.074,9.417,5.514
1424931843001,37.493712,139.919632,8,0.089,-0.02,9.472,5.565
1424931843101,37.493716,139.919635,8,0.127,-0.084,9.516,5.616
1424931843202,37.493721,139.919638,8,0.147,-0.187,9.466,5.668
1424931843303,37.493725,139.91964,8,0.148,-0.161,9.565,5.72
1424931843404,37.49373,139.919643,7,0.141,-0.128,9.468,5.739
1424931843504,37.493735,139.919647,7,0.084,-0.235,9.398,5.713
1424931843600,37.493739,139.91965,7,0.078,-0.215,9.464,5.689
1424931843701,37.493744,139.919653,7,0.133,-0.243,9.561,5.664
1424931843801,37.493749,139.919656,7,0.116,-0.308,9.68,5.638
1424931843902,37.493754,139.91966,7,0.073,-0.261,9.6,5.613
1424931844003,37.493758,139.919663,7,0.069,-0.177,9.398,5.588
1424931844104,37.493763,139.919666,7,0.139,-0.153,9.426,5.563
1424931844204,37.493768,139.919669,7,0.154,-0.175,9.538,5.538
1424931844300,37.493772,139.919672,7,0.121,-0.191,9.548,5.515
1424931844401,37.493777,139.919674,7,0.098,-0.155,9.63,5.5
1424931844501,37.493781,139.919676,7,0.007,-0.04,9.504,5.5
1424931844602,37.493786,139.919677,7,-0.051,-0.085,9.477,5.5
1424931844703,37.49379,139.919678,7,-0.042,-0.267,9.655,5.5
1424931844803,37.493794,139.919679,7,0.013,-0.319,9.729,5.5
1424931844904,37.493799,139.919681,7,0.072,-0.17,9.418,5.5
1424931845000,37.493803,139.919682,7,0.144,-0.112,9.341,5.5
1424931845100,37.493808,139.919683,7,0.191,-0.179,9.518,5.5
1424931845201,37.493812,139.919684,7,0.261,-0.352,9.685,5.5
1424931845302,37.493816,139.919685,7,0.228,-0.199,9.392,5.5
1424931845403,37.493821,139.919687,6,0.145,-0.082,9.333,5.465
1424931845503,37.493826,139.919688,6,-0.041,-0.19,9.621,5.386
1424931845604,37.49383,139.91969,6,-0.045,-0.437,9.926,5.307
1424931845700,37.493834,139.919692,6,-0.025,-0.447,9.787,5.233
1424931845800,37.493839,139.919693,6,-0.06,-0.251,9.484,5.156
1424931845901,37.493843,139.919695,6,0.093,-0.139,9.387,5.081
1424931846002,37.493847,139.919697,6,0.166,-0.121,9.117,5.006
1424931846103,37.493852,139.919698,6,0.226,-0.301,9.508,4.932
1424931846203,37.493856,139.9197,6,0.186,-0.304,9.738,4.86
1424931846304,37.49386,139.919701,6,0.066,-0.149,9.559,4.789
1424931846400,37.493863,139.919703,6,0.02,-0.065,9.453,4.75
1424931846500,37.493866,139.919706,6,0.036,-0.25,9.643,4.75
1424931846601,37.49387,139.919709,6,0.012,-0.31,9.596,4.75
1424931846702,37.493873,139.919711,6,0.021,-0.267,9.329,4.75
1424931846802,37.493876,139.919714,6,0.106,-0.211,9.396,4.75
1424931846903,37.493879,139.919717,6,0.142,-0.156,9.651,4.75
1424931847004,37.493883,139.919719,6,0.167,-0.147,9.53,4.75
1424931847100,37.493886,139.919722,6,0.197,-0.149,9.311,4.75
1424931847200,37.493889,139.919725,6,0.128,-0.165,9.499,4.75
1424931847301,37.493892,139.919727,6,0.03,-0.166,9.753,4.75
1424931847402,37.493895,139.91973,6,-0.015,-0.13,9.558,4.716
1424931847502,37.493898,139.919731,6,-0.023,-0.134,9.468,4.636
1424931847603,37.4939,139.919732,6,-0.073,-0.132,9.57,4.556
1424931847704,37.493903,139.919733,6,-0.063,-0.132,9.641,4.477
1424931847804,37.493905,139.919735,6,0.002,-0.085,9.491,4.401
1424931847900,37.493907,139.919736,6,0.093,-0.087,9.407,4.329
1424931848001,37.49391,139.919737,6,0.11,-0.096,9.576,4.254
1424931848102,37.493912,139.919738,6,0.043,-0.049,9.56,4.181
1424931848202,37.493914,139.919739,6,0.004,-0.03,9.433,4.11
1424931848303,37.493917,139.91974,6,-0.041,-0.041,9.505,4.039
1424931848404,37.493919,139.919742,6,-0.099,-0.071,9.607,3.977
1424931848504,37.493921,139.919744,6,-0.087,-0.036,9.562,3.924
1424931848600,37.493922,139.919746,6,-0.082,-0.006,9.484,3.874
1424931848701,37.493924,139.919748,6,-0.098,-0.016,9.521,3.822
1424931848802,37.493926,139.91975,6,-0.047,0.048,9.559,3.771
1424931848902,37.493927,139.919752,6,0.021,0.084,9.407,3.721
1424931849003,37.493929,139.919754,6,0.045,0.057,9.427,3.671
1424931849104,37.493931,139.919756,6,0.013,0.056,9.503,3.622
1424931849204,37.493932,139.919758,6,-0.039,0.136,9.469,3.574
1424931849300,37.493934,139.91976,6,-0.016,0.113,9.609,3.528
1424931849406,37.493937,139.919762,6,0.01,0.031,9.758,3.541
1424931849502,37.493941,139.919765,6,-0.059,0.043,9.679,3.627
1424931849601,37.493945,139.919768,6,-0.101,0.167,9.434,3.718
1424931849703,37.493949,139.919771,6,-0.12,0.2,9.396,3.815
1424931849802,37.493954,139.919774,6,-0.076,0.196,9.53,3.911
1424931849904,37.493958,139.919777,6,-0.041,0.224,9.501,4.013
1424931850000,37.493963,139.919781,6,-0.05,0.232,9.486,4.111
1424931850101,37.493967,139.919784,6,-0.021,0.285,9.503,4.217
1424931850201,37.493972,139.919787,6,-0.008,0.354,9.504,4.324
1424931850302,37.493977,139.919791,6,0.033,0.363,9.502,4.435
1424931850403,37.493982,139.919793,6,0.046,0.328,9.535,4.52
1424931850504,37.493986,139.919794,6,0.041,0.267,9.572,4.569
1424931850604,37.49399,139.919795,6,0.011,0.301,9.519,4.617
1424931850700,37.493994,139.919796,6,-0.006,0.363,9.455,4.664
1424931850801,37.493998,139.919796,6,0.023,0.372,9.478,4.714
1424931850901,37.494002,139.919797,6,-0.022,0.327,9.565,4.764
1424931851002,37.494006,139.919798,6,-0.066,0.302,9.556,4.815
1424931851103,37.494011,139.919799,6,-0.069,0.287,9.429,4.866
1424931851203,37.494015,139.9198,6,-0.022,0.303,9.425,4.918
1424931851304,37.49402,139.919801,6,0.028,0.265,9.413,4.971
1424931851400,37.494024,139.919802,6,0.035,0.13,9.63,5.0
1424931851501,37.494028,139.919805,6,0.043,0.002,9.72,5.0
1424931851601,37.494032,139.919807,6,-0.042,0.042,9.592,5.0
1424931851702,37.494036,139.91981,6,-0.084,0.106,9.46,5.0
1424931851803,37.494041,139.919813,6,-0.088,0.067,9.503,5.0
1424931851903,37.494045,139.919815,6,-0.112,-0.013,9.59,5.0
1424931852004,37.494049,139.919818,6,-0.112,-0.047,9.551,5.0
1424931852100,37.494053,139.91982,6,-0.111,-0.004,9.506,5.0
1424931852200,37.494057,139.919823,6,-0.06,0.112,9.498,5.0
1424931852301,37.494062,139.919825,6,0.026,-0.006,9.752,5.0
1424931852402,37.494066,139.919828,6,-0.101,-0.04,9.942,5.0
1424931852503,37.494072,139.919832,6,-0.075,0.325,9.328,5.0
1424931852603,37.494077,139.919835,6,-0.186,0.572,9.131,5.0
1424931852704,37.494083,139.919838,6,-0.072,0.571,9.472,5.0
1424931852800,37.494088,139.919842,6,0.012,0.495,9.656,5.0
1424931852900,37.494093,139.919845,6,0.022,0.495,9.641,5.0
1424931853001,37.494099,139.919848,6,0.004,0.801,9.121,5.0
1424931853102,37.494104,139.919851,6,0.097,0.831,9.364,5.0
1424931853202,37.494109,139.919855,6,0.125,0.702,9.519,5.0
1424931853303,37.494115,139.919858,6,0.154,0.563,9.4,5.0
1424931853404,37.49412,139.919862,6,0.105,0.674,9.383,5.031
1424931853500,37.494123,139.919866,6,0.075,0.789,9.488,5.099
1424931853600,37.494127,139.919871,6,0.167,0.684,9.682,5.17
1424931853701,37.494131,139.919876,6,0.092,0.607,9.528,5.244
1424931853802,37.494135,139.91988,6,0.086,0.675,9.593,5.319
1424931853902,37.49414,139.919885,6,0.007,0.759,9.629,5.394
1424931854003,37.494144,139.91989,6,-0.01,0.894,9.518,5.47
1424931854104,37.494148,139.919895,6,-0.016,0.831,9.555,5.548
1424931854205,37.494152,139.9199,6,-0.057,0.767,9.746,5.627
1424931854300,37.494156,139.919905,6,-0.063,0.822,9.687,5.702
1424931854401,37.494161,139.91991,7,-0.026,0.878,9.491,5.76
1424931854502,37.494165,139.919914,7,-0.05,0.876,9.439,5.785
1424931854602,37.49417,139.919919,7,-0.166,0.821,9.533,5.81
1424931854703,37.494174,139.919923,7,-0.223,0.947,9.417,5.835
1424931854804,37.494179,139.919928,7,-0.147,0.949,9.495,5.86
1424931854904,37.494183,139.919932,7,0.002,0.865,9.51,5.885
1424931855000,37.494188,139.919937,7,0.199,0.782,9.568,5.909
1424931855101,37.494192,139.919941,7,0.276,0.849,9.493,5.934
1424931855202,37.494197,139.919946,7,0.308,0.861,9.404,5.96
1424931855302,37.494201,139.91995,7,0.268,0.814,9.393,5.985
1424931855403,37.494207,139.919955,8,0.138,0.919,9.462,6.04
1424931855504,37.494214,139.91996,8,0.142,1.019,9.358,6.135
1424931855604,37.494221,139.919965,8,0.15,0.903,9.459,6.23
1424931855700,37.494227,139.919969,8,0.062,0.825,9.572,6.323
1424931855801,37.494234,139.919975,8,0.082,0.941,9.351,6.422
1424931855901,37.494242,139.91998,8,0.078,0.815,9.456,6.522
1424931856002,37.494249,139.919985,8,-0.069,0.59,9.493,6.624
1424931856103,37.494256,139.91999,8,-0.203,0.3,9.749,6.728
1424931856204,37.494264,139.919996,8,-0.204,0.215,9.481,6.834
1424931856304,37.494272,139.920001,8,-0.252,0.115,9.459,6.94
1424931856400,37.494279,139.920006,8,-0.198,-0.063,9.817,7.019
1424931856501,37.494286,139.92001,8,-0.069,-0.195,9.862,7.068
1424931856601,37.494293,139.920014,8,-0.014,0.123,9.078,7.117
1424931856702,37.4943,139.920019,8,0.075,0.042,9.159,7.167
1424931856803,37.494308,139.920023,8,0.149,-0.116,9.649,7.217
1424931856904,37.494315,139.920028,8,0.342,-0.096,9.682,7.268
1424931857004,37.494322,139.920032,8,0.455,-0.066,9.531,7.318
1424931857100,37.49433,139.920036,8,0.435,-0.127,9.213,7.367
1424931857201,37.494337,139.920041,8,0.33,-0.198,9.505,7.418
1424931857301,37.494345,139.920045,8,0.291,-0.113,9.511,7.47
1424931857402,37.494351,139.92005,8,0.475,-0.165,9.572,7.489
1424931857503,37.494356,139.920055,8,0.349,-0.061,9.348,7.464
1424931857603,37.49436,139.92006,8,0.493,-0.174,9.557,7.438
1424931857704,37.494365,139.920064,8,0.335,-0.196,9.775,7.413
1424931857800,37.494369,139.920069,8,0.132,-0.126,9.554,7.389
1424931857900,37.494374,139.920074,8,0.113,-0.109,9.582,7.364
1424931858001,37.494379,139.920078,8,0.245,-0.189,9.624,7.339
1424931858102,37.494383,139.920083,8,0.264,-0.096,9.631,7.314
1424931858203,37.494388,139.920088,8,0.287,0.032,9.134,7.289
1424931858303,37.494392,139.920092,8,0.331,-0.001,9.535,7.264
1424931858404,37.494397,139.920096,7,0.301,-0.204,9.98,7.25
1424931858500,37.494403,139.920099,7,0.256,-0.203,9.598,7.25
1424931858600,37.494408,139.920103,7,0.164,-0.182,9.328,7.25
1424931858701,37.494413,139.920106,7,0.245,-0.169,9.288,7.25
1424931858802,37.494419,139.920109,7,0.258,-0.101,9.674,7.25
1424931858903,37.494424,139.920112,7,0.265,0.014,9.532,7.25
1424931859003,37.49443,139.920116,7,0.186,-0.0,9.49,7.25
1424931859104,37.494435,139.920119,7,0.082,-0.084,9.579,7.25
1424931859200,37.49444,139.920122,7,0.147,-0.03,9.439,7.25
1424931859300,37.494446,139.920125,7,-0.018,0.107,9.697,7.25
1424931859401,37.494451,139.920129,5,-0.168,0.129,9.679,7.24
1424931859502,37.494457,139.920132,5,-0.158,0.174,9.541,7.214
1424931859602,37.494463,139.920136,5,-0.07,0.198,9.412,7.189
1424931859703,37.494469,139.92014,5,-0.061,0.247,9.555,7.163
1424931859804,37.494475,139.920144,5,-0.049,0.261,9.522,7.138
1424931859900,37.494481,139.920147,5,0.004,0.197,9.584,7.114
1424931860000,37.494486,139.920151,5,0.131,0.162,9.555,7.089
1424931860101,37.494492,139.920155,5,-0.029,0.101,9.658,7.064
1424931860202,37.494498,139.920158,5,-0.07,0.122,9.546,7.039
1424931860302,37.494504,139.920162,5,0.028,0.247,9.286,7.014
1424931860403,37.494509,139.920166,5,0.086,0.188,9.4,7.0
1424931860504,37.494514,139.920171,5,0.019,0.087,9.551,7.0
1424931860605,37.49452,139.920176,5,0.021,0.051,9.821,7.0
1424931860700,37.494525,139.920181,5,-0.143,0.024,9.597,7.0
1424931860801,37.49453,139.920186,5,-0.233,0.027,9.379,7.0
1424931860902,37.494535,139.920191,5,-0.038,0.031,9.333,7.0
1424931861002,37.49454,139.920196,5,0.093,0.104,9.385,7.0
1424931861103,37.494546,139.920201,5,0.002,0.113,9.532,7.0
1424931861204,37.494551,139.920206,5,-0.14,-0.007,9.757,7.0
1424931861304,37.494556,139.920211,5,-0.228,-0.126,9.829,7.0
1424931861400,37.494561,139.920215,5,-0.146,-0.028,9.454,7.01
1424931861501,37.494567,139.920219,5,-0.06,0.095,9.185,7.035
1424931861602,37.494573,139.920222,5,0.059,0.162,9.377,7.06
1424931861702,37.494579,139.920226,5,0.174,0.102,9.67,7.085
1424931861803,37.494584,139.920229,5,0.128,-0.008,9.685,7.11
1424931861904,37.49459,139.920233,5,-0.0,-0.015,9.439,7.135
1424931862004,37.494596,139.920236,5,-0.225,0.045,9.323,7.16
1424931862100,37.494602,139.92024,5,-0.21,0.005,9.502,7.184
1424931862201,37.494608,139.920243,5,-0.097,0.034,9.543,7.21
1424931862301,37.494614,139.920247,5,0.13,0.002,9.618,7.235
1424931862402,37.494619,139.920251,6,0.369,-0.048,9.461,7.239
1424931862503,37.494625,139.920255,6,-0.03,-0.078,9.599,7.214
1424931862604,37.494631,139.920258,6,-0.269,0.012,9.578,7.188
1424931862704,37.494636,139.920262,6,-0.423,0.045,9.595,7.163
1424931862800,37.494641,139.920266,6,-0.396,0.057,9.646,7.139
1424931862901,37.494647,139.92027,6,-0.149,0.275,9.006,7.114
1424931863001,37.494652,139.920274,6,0.058,0.125,9.297,7.089
1424931863102,37.494658,139.920277,6,-0.14,-0.106,9.819,7.064
1424931863203,37.494663,139.920281,6,-0.282,-0.01,9.66,7.039
1424931863303,37.494669,139.920285,6,-0.293,0.06,9.395,7.014
1424931863404,37.494675,139.920288,6,-0.286,-0.005,9.261,6.989
1424931863505,37.494681,139.920292,6,-0.154,-0.034,9.487,6.963
1424931863601,37.494687,139.920295,6,-0.092,0.071,9.647,6.939
1424931863700,37.494694,139.920298,6,-0.207,0.104,9.516,6.914
1424931863802,37.4947,139.920301,6,-0.303,0.053,9.472,6.888
1424931863901,37.494706,139.920304,6,-0.414,0.021,9.488,6.864
1424931864003,37.494713,139.920307,6,-0.561,0.003,9.58,6.838
1424931864102,37.494719,139.92031,6,-0.589,-0.021,9.672,6.814
1424931864200,37.494725,139.920313,6,-0.528,0.009,9.657,6.789
1424931864301,37.494731,139.920316,6,-0.458,0.032,9.617,6.764
1424931864401,37.494737,139.92032,9,-0.376,0.091,9.432,6.779
1424931864502,37.494743,139.920326,9,-0.335,0.15,9.211,6.852
1424931864603,37.494749,139.920332,9,-0.349,0.169,9.409,6.925
1424931864703,37.494756,139.920338,9,-0.28,0.124,9.518,6.998
1424931864804,37.494762,139.920344,9,-0.102,0.117,9.369,7.073
1424931864900,37.494768,139.92035,9,0.106,0.033,9.439,7.145
1424931865000,37.494774,139.920356,9,0.219,-0.087,9.463,7.221
1424931865101,37.49478,139.920362,9,0.306,-0.06,9.361,7.298
1424931865202,37.494787,139.920368,9,0.358,0.045,9.31,7.376
1424931865302,37.494793,139.920374,9,0.302,-0.004,9.374,7.454
1424931865403,37.4948,139.920379,9,0.213,0.025,9.489,7.521
1424931865504,37.494807,139.920382,9,0.122,0.134,9.353,7.57
1424931865600,37.494813,139.920385,9,-0.046,0.005,9.69,7.617
1424931865700,37.49482,139.920387,9,-0.129,-0.183,9.906,7.666
1424931865801,37.494827,139.92039,9,-0.158,-0.077,9.697,7.717
1424931865902,37.494834,139.920393,9,-0.102,0.065,9.3,7.767
1424931866002,37.494841,139.920396,9,0.056,0.128,8.951,7.817
1424931866103,37.494848,139.920399,9,-0.028,0.064,9.814,7.868
1424931866204,37.494855,139.920402,9,-0.172,-0.056,10.247,7.92
1424931866300,37.494862,139.920404,9,-0.224,0.069,9.625,7.969
1424931866400,37.494869,139.920407,7,-0.233,0.127,9.08,8.0
1424931866501,37.494876,139.92041,7,-0.183,0.046,9.248,8.0
1424931866602,37.494883,139.920412,7,-0.066,-0.031,9.761,8.0
1424931866702,37.49489,139.920415,7,-0.151,0.104,9.712,8.0
1424931866803,37.494897,139.920417,7,-0.245,0.18,9.314,8.0
1424931866904,37.494904,139.92042,7,-0.178,-0.013,9.217,8.0
1424931867000,37.49491,139.920422,7,-0.113,-0.233,9.777,8.0
1424931867100,37.494917,139.920424,7,-0.065,-0.155,9.847,8.0
1424931867201,37.494924,139.920427,7,-0.392,0.198,9.088,8.0
1424931867302,37.494931,139.92043,7,-0.377,-0.057,9.401,8.0
1424931867402,37.494937,139.920431,9,-0.342,-0.081,9.483,7.918
1424931867503,37.494942,139.920431,9,-0.239,0.074,9.539,7.723
1424931867604,37.494948,139.920432,9,-0.198,0.005,9.65,7.533
1424931867704,37.494952,139.920432,9,-0.298,-0.119,9.434,7.35
1424931867800,37.494957,139.920432,9,-0.469,-0.119,9.571,7.177
1424931867901,37.494962,139.920433,9,-0.421,-0.109,9.691,7.0
1424931868002,37.494966,139.920433,9,-0.219,-0.093,9.533,6.827
1424931868102,37.494971,139.920433,9,-0.079,-0.006,9.514,6.66
1424931868203,37.494975,139.920434,9,-0.092,-0.064,9.532,6.496
1424931868304,37.49498,139.920434,9,-0.139,-0.071,9.566,6.337
1424931868404,37.494985,139.920434,9,-0.246,-0.009,9.579,6.25
1424931868500,37.49499,139.920435,9,-0.295,-0.001,9.596,6.25
1424931868601,37.494996,139.920436,9,-0.379,-0.039,9.4,6.25
1424931868701,37.495002,139.920437,9,-0.426,0.013,9.38,6.25
1424931868802,37.495008,139.920438,9,-0.441,0.043,9.463,6.25
1424931868903,37.495013,139.920439,9,-0.406,-0.015,9.462,6.25
1424931869004,37.495019,139.92044,9,-0.3,-0.025,9.449,6.25
1424931869104,37.495025,139.920441,9,-0.208,-0.116,9.545,6.25
1424931869200,37.495031,139.920442,9,-0.191,-0.148,9.596,6.25
1424931869301,37.495037,139.920442,9,-0.25,-0.133,9.479,6.25
1424931869401,37.495042,139.920442,11,-0.178,-0.055,9.541,6.27
1424931869502,37.495049,139.92044,11,-0.097,-0.033,9.558,6.319
1424931869603,37.495055,139.920438,11,0.058,-0.003,9.583,6.368
1424931869704,37.495061,139.920436,11,0.023,0.051,9.52,6.418
1424931869800,37.495067,139.920434,11,-0.048,0.03,9.509,6.465
1424931869901,37.495073,139.920431,11,-0.29,0.062,9.474,6.516
1424931870001,37.495079,139.920429,11,-0.304,0.061,9.678,6.566
1424931870101,37.495085,139.920427,11,-0.314,0.118,9.555,6.617
1424931870202,37.495092,139.920425,11,-0.328,0.227,9.188,6.668
1424931870303,37.495098,139.920422,11,-0.226,0.143,9.363,6.72
1424931870403,37.495105,139.920421,11,-0.156,-0.078,9.867,6.771
1424931870504,37.495112,139.920421,11,-0.17,-0.124,10.05,6.82
1424931870600,37.495119,139.920421,11,-0.109,0.032,9.362,6.867
1424931870701,37.495127,139.920422,11,0.026,0.155,8.917,6.916
1424931870801,37.495134,139.920422,11,0.028,0.091,9.501,6.966
1424931870902,37.495141,139.920422,11,0.071,0.075,9.985,7.017
1424931871003,37.495149,139.920422,11,0.03,0.192,9.633,7.067
1424931871103,37.495156,139.920422,11,0.039,0.116,9.382,7.118
1424931871204,37.495164,139.920423,11,0.032,-0.008,9.363,7.17
1424931871300,37.495171,139.920423,11,0.129,0.017,9.708,7.219
1424931871400,37.495179,139.920424,10,-0.081,0.16,9.627,7.26
1424931871501,37.495187,139.920425,10,-0.295,0.236,9.292,7.285
1424931871602,37.495196,139.920427,10,-0.383,0.255,9.276,7.31
1424931871703,37.495204,139.920428,10,-0.487,0.095,9.56,7.335
1424931871803,37.495212,139.92043,10,-0.421,-0.011,9.953,7.36
1424931871904,37.49522,139.920432,10,-0.226,0.03,9.783,7.385
1424931872000,37.495228,139.920433,10,-0.221,0.098,9.324,7.409
1424931872100,37.495236,139.920435,10,-0.292,0.109,9.168,7.434
1424931872201,37.495245,139.920436,10,-0.179,0.152,9.49,7.46
1424931872302,37.495253,139.920438,10,-0.148,0.243,9.635,7.485
1424931872403,37.495261,139.92044,10,-0.119,0.136,9.649,7.511
1424931872503,37.495268,139.920443,10,-0.119,0.157,9.435,7.535
1424931872604,37.495276,139.920446,10,-0.34,0.205,9.201,7.56
1424931872700,37.495283,139.920448,10,-0.436,0.215,9.392,7.584
1424931872800,37.49529,139.920451,10,-0.394,0.184,9.576,7.609
1424931872901,37.495297,139.920454,10,-0.289,0.141,9.557,7.634
1424931873002,37.495305,139.920456,10,-0.266,0.032,9.569,7.66
1424931873102,37.495312,139.920459,10,-0.275,-0.033,9.517,7.685
1424931873203,37.495319,139.920462,10,-0.403,0.081,9.47,7.71
1424931873304,37.495327,139.920464,10,-0.47,0.163,9.607,7.736
1424931873404,37.495334,139.920467,6,-0.394,0.23,9.615,7.739
1424931873500,37.495341,139.920469,6,-0.341,0.237,9.554,7.715
1424931873601,37.495347,139.920471,6,-0.26,0.177,9.49,7.689
1424931873702,37.495354,139.920473,6,-0.221,0.186,9.347,7.664
1424931873802,37.495361,139.920475,6,-0.215,0.145,9.674,7.638
1424931873903,37.495368,139.920477,6,-0.407,0.092,9.644,7.613
1424931874004,37.495374,139.92048,6,-0.535,0.299,9.159,7.588
1424931874104,37.495381,139.920482,6,-0.539,0.238,9.328,7.563
1424931874200,37.495387,139.920484,6,-0.497,0.089,9.752,7.539
1424931874301,37.495394,139.920486,6,-0.367,0.134,9.657,7.515
1424931874402,37.495401,139.920488,6,-0.348,0.137,9.406,7.52
1424931874502,37.495407,139.920491,6,-0.352,0.042,9.322,7.569
1424931874603,37.495414,139.920494,6,-0.267,0.068,9.526,7.619
1424931874704,37.495421,139.920497,6,-0.239,0.155,9.68,7.668
1424931874804,37.495428,139.920501,6,-0.214,0.089,9.608,7.718
1424931874900,37.495434,139.920503,6,-0.267,0.083,9.41,7.766
1424931875001,37.495441,139.920507,6,-0.204,-0.053,9.719,7.817
1424931875101,37.495448,139.92051,6,-0.251,-0.021,9.677,7.867
1424931875202,37.495455,139.920513,6,-0.414,0.212,9.17,7.919
1424931875303,37.495462,139.920516,6,-0.471,0.167,9.294,7.971
1424931875404,37.495469,139.920519,6,-0.494,-0.047,9.785,8.0
1424931875504,37.495476,139.920522,6,-0.359,0.039,9.697,8.0
1424931875600,37.495482,139.920525,6,-0.243,-0.001,9.301,8.0
1424931875701,37.495489,139.920528,6,-0.116,-0.165,9.4,8.0
1424931875801,37.495496,139.92053,6,-0.126,-0.174,9.639,8.0
1424931875902,37.495503,139.920533,6,-0.128,0.017,9.55,8.0
1424931876003,37.49551,139.920536,6,-0.02,0.004,9.407,8.0
1424931876103,37.495517,139.920539,6,0.161,-0.025,9.373,8.0
1424931876204,37.495523,139.920542,6,0.255,-0.013,9.443,8.0
1424931876300,37.49553,139.920544,6,0.129,-0.074,9.445,8.0
1424931876401,37.495537,139.920547,5,-0.154,-0.079,9.519,7.99
1424931876501,37.495545,139.920549,5,-0.344,0.045,9.241,7.964
1424931876602,37.495553,139.920552,5,-0.331,-0.037,9.441,7.939
1424931876703,37.49556,139.920554,5,-0.357,-0.191,9.889,7.913
1424931876803,37.495568,139.920557,5,-0.295,-0.179,9.903,7.888
1424931876904,37.495576,139.920559,5,-0.228,-0.077,9.416,7.863
1424931877000,37.495583,139.920561,5,-0.269,-0.067,9.26,7.839
1424931877101,37.495591,139.920564,5,-0.263,-0.032,9.531,7.814
1424931877201,37.495598,139.920566,5,-0.201,-0.025,9.797,7.789
1424931877302,37.495606,139.920569,5,-0.117,0.017,9.652,7.764
1424931877403,37.495613,139.920571,5,-0.015,0.007,9.384,7.75
1424931877503,37.49562,139.920572,5,0.016,-0.104,9.46,7.75
1424931877604,37.495626,139.920573,5,-0.068,-0.039,9.53,7.75
1424931877700,37.495633,139.920575,5,-0.133,0.039,9.492,7.75
1424931877805,37.49564,139.920576,5,-0.193,-0.099,9.68,7.75
1424931877901,37.495646,139.920578,5,-0.247,-0.148,9.688,7.75
1424931878000,37.495653,139.920579,5,-0.274,-0.051,9.505,7.75
1424931878103,37.49566,139.92058,5,-0.358,0.1,8.876,7.75
1424931878202,37.495666,139.920582,5,-0.327,0.153,9.161,7.75
1424931878304,37.495673,139.920583,5,-0.256,-0.12,9.982,7.75
1424931878400,37.49568,139.920585,5,-0.121,-0.15,9.912,7.75
1424931878500,37.495687,139.920587,5,-0.097,-0.025,9.399,7.75
1424931878601,37.495694,139.920589,5,-0.104,-0.162,9.294,7.75
1424931878702,37.495701,139.920592,5,-0.124,-0.133,9.65,7.75
1424931878802,37.495708,139.920594,5,0.029,0.047,9.791,7.75
1424931878903,37.495715,139.920596,5,-0.028,0.027,9.64,7.75
1424931879004,37.495722,139.920598,5,-0.148,0.003,9.353,7.75
1424931879100,37.495729,139.9206,5,-0.201,0.071,9.377,7.75
1424931879200,37.495736,139.920602,5,-0.165,-0.018,9.776,7.75
1424931879301,37.495743,139.920605,5,-0.139,-0.011,9.722,7.75
1424931879402,37.49575,139.920607,6,-0.073,0.038,9.437,7.75
1424931879502,37.495757,139.920609,6,-0.101,0.005,9.39,7.75
1424931879603,37.495765,139.92061,6,-0.105,-0.055,9.622,7.75
1424931879704,37.495772,139.920612,6,0.039,-0.01,9.78,7.75
1424931879804,37.495779,139.920614,6,0.036,0.089,9.495,7.75
1424931879900,37.495786,139.920616,6,0.009,0.022,9.505,7.75
1424931880001,37.495794,139.920618,6,0.002,0.04,9.514,7.75
1424931880102,37.495801,139.920619,6,0.069,0.037,9.689,7.75
1424931880202,37.495808,139.920621,6,-0.003,0.055,9.623,7.75
1424931880303,37.495816,139.920623,6,-0.1,0.112,9.359,7.75
1424931880404,37.495823,139.920625,6,-0.131,0.096,9.442,7.75
1424931880504,37.495829,139.920627,6,-0.167,-0.012,9.642,7.75
1424931880600,37.495836,139.92063,6,-0.148,0.108,9.49,7.75
1424931880701,37.495842,139.920632,6,-0.131,0.078,9.378,7.75
1424931880801,37.495849,139.920634,6,-0.197,-0.108,9.46,7.75
1424931880902,37.495855,139.920636,6,-0.22,-0.145,9.703,7.75
1424931881003,37.495862,139.920639,6,-0.189,-0.094,9.632,7.75
1424931881104,37.495868,139.920641,6,-0.116,-0.089,9.476,7.75
1424931881204,37.495875,139.920643,6,-0.129,-0.078,9.464,7.75
1424931881300,37.495881,139.920646,6,-0.224,-0.055,9.643,7.75
1424931881401,37.495888,139.920648,6,-0.347,-0.092,9.807,7.75
1424931881501,37.495894,139.92065,6,-0.363,-0.068,9.631,7.75
1424931881602,37.495901,139.920653,6,-0.206,-0.035,9.466,7.75
1424931881703,37.495908,139.920655,6,-0.107,-0.001,9.368,7.75
1424931881804,37.495915,139.920658,6,-0.077,-0.0,9.425,7.75
1424931881904,37.495921,139.92066,6,-0.178,0.059,9.576,7.75
1424931882000,37.495928,139.920662,6,-0.244,0.035,9.607,7.75
1424931882101,37.495935,139.920665,6,-0.178,0.072,9.386,7.75
1424931882201,37.495941,139.920667,6,-0.168,0.028,9.381,7.75
1424931882302,37.495948,139.92067,6,-0.051,0.003,9.523,7.75
1424931882403,37.495955,139.920672,6,-0.004,0.082,9.452,7.771
1424931882504,37.495963,139.920674,6,-0.095,0.126,9.426,7.82
1424931882604,37.495971,139.920676,6,-0.063,0.061,9.49,7.869
1424931882700,37.495978,139.920678,6,-0.075,0.064,9.556,7.916
1424931882801,37.495986,139.920681,6,-0.19,0.124,9.532,7.967
1424931882901,37.495994,139.920683,6,-0.236,0.123,9.554,8.017
1424931883002,37.496002,139.920685,6,-0.253,0.141,9.375,8.067
1424931883103,37.496009,139.920687,6,-0.276,0.2,9.403,8.119
1424931883203,37.496017,139.920689,6,-0.309,0.172,9.563,8.169
1424931883304,37.496026,139.920692,6,-0.337,0.068,9.776,8.221
1424931883400,37.496033,139.920694,6,-0.46,0.153,9.604,8.26
1424931883500,37.49604,139.920696,6,-0.425,0.2,9.395,8.285
1424931883601,37.496048,139.920698,6,-0.366,0.196,9.473,8.31
1424931883702,37.496055,139.920699,6,-0.356,0.204,9.648,8.335
1424931883803,37.496063,139.920701,6,-0.275,0.198,9.668,8.36
1424931883903,37.49607,139.920703,6,-0.229,0.134,9.436,8.385
1424931884004,37.496078,139.920705,6,-0.171,0.134,9.467,8.41
1424931884100,37.496085,139.920707,6,-0.25,0.172,9.492,8.434
1424931884200,37.496093,139.920709,6,-0.301,0.216,9.495,8.459
1424931884301,37.496101,139.920711,6,-0.244,0.165,9.553,8.485
1424931884402,37.496108,139.920712,6,-0.128,0.131,9.516,8.467
1424931884503,37.496115,139.920713,6,-0.029,0.115,9.478,8.389
1424931884603,37.496122,139.920714,6,-0.115,0.072,9.434,8.311
1424931884704,37.496129,139.920714,6,-0.272,0.03,9.58,8.234
1424931884800,37.496136,139.920715,6,-0.336,0.053,9.624,8.161
1424931884900,37.496142,139.920716,6,-0.388,0.049,9.459,8.086
1424931885001,37.496149,139.920717,6,-0.35,0.058,9.377,8.011
1424931885102,37.496156,139.920717,6,-0.316,0.037,9.553,7.937
1424931885202,37.496163,139.920718,6,-0.293,-0.026,9.652,7.864
1424931885303,37.496169,139.920719,6,-0.227,-0.036,9.527,7.791
1424931885404,37.496176,139.92072,7,-0.264,0.017,9.385,7.761
1424931885500,37.496183,139.920723,7,-0.38,0.101,9.291,7.785
1424931885600,37.49619,139.920725,7,-0.378,-0.007,9.664,7.809
1424931885701,37.496197,139.920728,7,-0.389,-0.044,9.772,7.834
1424931885802,37.496204,139.920731,7,-0.28,-0.054,9.588,7.86
1424931885902,37.496211,139.920734,7,-0.18,-0.116,9.422,7.885
1424931886003,37.496218,139.920736,7,-0.181,-0.037,9.46,7.91
1424931886104,37.496225,139.920739,7,-0.223,-0.005,9.609,7.935
1424931886200,37.496232,139.920742,7,-0.205,0.121,9.461,7.959
1424931886300,37.496239,139.920744,7,-0.163,0.056,9.546,7.985
1424931886401,37.496246,139.920747,7,-0.157,-0.033,9.494,8.0
1424931886502,37.496254,139.92075,7,-0.202,-0.034,9.491,8.0
1424931886602,37.496262,139.920753,7,-0.265,-0.037,9.509,8.0
1424931886703,37.496269,139.920755,7,-0.343,-0.076,9.619,8.0
1424931886804,37.496277,139.920758,7,-0.189,-0.089,9.715,8.0
1424931886904,37.496285,139.920761,7,-0.192,-0.083,9.602,8.0
1424931887000,37.496292,139.920763,7,-0.269,-0.065,9.462,8.0
1424931887101,37.4963,139.920766,7,-0.266,-0.017,9.584,8.0
1424931887201,37.496308,139.920769,7,-0.335,0.078,9.516,8.0
1424931887302,37.496316,139.920771,7,-0.276,0.189,9.294,8.0
1424931887403,37.496323,139.920774,7,-0.232,0.157,9.073,8.0
1424931887504,37.496329,139.920776,7,-0.158,-0.001,9.552,8.0
1424931887604,37.496336,139.920778,7,-0.023,-0.136,9.712,8.0
1424931887700,37.496342,139.92078,7,-0.073,-0.065,9.297,8.0
1424931887801,37.496348,139.920782,7,-0.132,-0.122,9.093,8.0
1424931887901,37.496355,139.920784,7,-0.242,-0.003,9.345,8.0
1424931888003,37.496361,139.920786,7,-0.033,-0.062,9.854,8.0
1424931888103,37.496368,139.920788,7,0.057,0.066,9.564,8.0
1424931888203,37.496374,139.92079,7,0.048,0.045,9.298,8.0
1424931888304,37.49638,139.920792,7,0.092,-0.074,9.595,8.0
1424931888400,37.496387,139.920794,6,0.088,-0.177,9.792,8.0
1424931888501,37.496394,139.920796,6,-0.106,-0.094,9.541,8.0
1424931888601,37.496401,139.920798,6,0.084,0.117,9.141,8.0
1424931888702,37.496408,139.920799,6,-0.064,0.032,9.527,8.0
1424931888803,37.496415,139.920801,6,-0.105,-0.004,10.007,8.0
1424931888904,37.496422,139.920803,6,0.029,0.071,9.676,8.0
1424931889004,37.496429,139.920805,6,-0.055,0.074,9.245,8.0
1424931889100,37.496436,139.920807,6,-0.13,-0.005,9.411,8.0
1424931889201,37.496443,139.920809,6,-0.119,0.004,9.705,8.0
1424931889301,37.49645,139.920811,6,-0.073,0.094,9.638,8.0
1424931889402,37.496457,139.920813,4,-0.07,0.093,9.423,8.0
1424931889503,37.496464,139.920815,4,-0.107,-0.023,9.488,8.0
1424931889603,37.496472,139.920817,4,-0.182,-0.022,9.662,8.0
1424931889704,37.496479,139.920819,4,-0.209,0.046,9.544,8.0
1424931889800,37.496486,139.920821,4,-0.187,0.08,9.387,8.0
1424931889901,37.496493,139.920823,4,-0.2,-0.009,9.619,8.0
1424931890001,37.496501,139.920825,4,-0.117,-0.012,9.642,8.0
1424931890102,37.496508,139.920828,4,-0.022,0.026,9.442,8.0
1424931890203,37.496516,139.92083,4,-0.075,0.005,9.445,8.0
1424931890303,37.496523,139.920832,4,0.09,-0.108,9.625,8.0
1424931890404,37.49653,139.920834,4,0.069,-0.021,9.647,8.0
1424931890500,37.496538,139.920836,4,-0.077,0.009,9.539,8.0
1424931890600,37.496545,139.920838,4,-0.068,0.017,9.453,8.0
1424931890701,37.496553,139.92084,4,-0.022,0.016,9.417,8.0
1424931890802,37.49656,139.920842,4,0.007,0.019,9.515,8.0
1424931890902,37.496568,139.920844,4,0.076,-0.113,9.6,8.0
1424931891003,37.496575,139.920846,4,0.024,-0.075,9.572,8.0
1424931891104,37.496583,139.920848,4,-0.082,-0.159,9.561,8.0
1424931891200,37.49659,139.92085,4,-0.118,-0.148,9.585,8.0
1424931891300,37.496598,139.920852,4,-0.117,-0.04,9.456,8.0
1424931891401,37.496605,139.920854,6,0.105,-0.065,9.585,7.99
1424931891502,37.496611,139.920856,6,0.088,-0.065,9.344,7.964
1424931891602,37.496618,139.920858,6,0.171,-0.258,9.752,7.939
1424931891703,37.496624,139.92086,6,-0.005,-0.322,10.05,7.913
1424931891804,37.496631,139.920862,6,0.139,-0.092,10.074,7.888
1424931891905,37.496637,139.920864,6,0.112,0.181,8.75,7.863
1424931892000,37.496643,139.920866,6,0.004,0.284,8.147,7.839
1424931892106,37.49665,139.920868,6,-0.144,-0.17,9.825,7.813
1424931892202,37.496656,139.92087,6,-0.157,-0.424,10.713,7.789
1424931892301,37.496662,139.920872,6,0.017,-0.298,10.092,7.765
1424931892403,37.496669,139.920874,6,0.026,-0.34,8.762,7.75
1424931892502,37.496675,139.920876,6,0.002,-0.466,8.886,7.75
1424931892604,37.496682,139.920878,6,0.072,-0.164,9.764,7.75
1424931892700,37.496688,139.92088,6,0.118,0.081,9.955,7.75
1424931892801,37.496694,139.920882,6,-0.114,-0.075,9.732,7.75
1424931892902,37.496701,139.920884,6,-0.193,-0.334,9.485,7.75
1424931893002,37.496707,139.920886,6,-0.238,-0.244,9.489,7.75
1424931893103,37.496714,139.920888,6,-0.17,0.025,9.072,7.75
1424931893204,37.49672,139.92089,6,-0.064,-0.049,9.507,7.75
1424931893304,37.496726,139.920892,6,-0.06,-0.226,9.996,7.75
1424931893400,37.496732,139.920894,6,-0.078,-0.21,9.861,7.74
1424931893501,37.496737,139.920897,6,-0.217,-0.027,9.22,7.714
1424931893602,37.496743,139.920899,6,-0.284,-0.144,9.186,7.689
1424931893702,37.496748,139.920902,6,-0.142,-0.121,9.557,7.664
1424931893803,37.496753,139.920905,6,-0.121,0.049,9.633,7.638
1424931893904,37.496758,139.920907,6,-0.014,-0.002,9.628,7.613
1424931894004,37.496763,139.92091,6,0.027,-0.239,9.673,7.588
1424931894100,37.496768,139.920912,6,-0.015,-0.23,9.686,7.564
1424931894201,37.496773,139.920915,6,-0.144,0.047,9.277,7.539
1424931894301,37.496778,139.920917,6,-0.16,0.096,9.101,7.515
1424931894402,37.496784,139.92092,6,-0.203,0.008,9.541,7.5
1424931894503,37.496791,139.920922,6,-0.225,-0.03,9.887,7.5
1424931894603,37.496798,139.920923,6,-0.185,-0.039,9.626,7.5
1424931894704,37.496806,139.920925,6,-0.243,-0.112,9.309,7.5
1424931894800,37.496813,139.920927,6,-0.218,-0.095,9.334,7.5
1424931894901,37.49682,139.920929,6,-0.21,-0.023,9.514,7.5
1424931895001,37.496827,139.920931,6,-0.132,0.106,9.386,7.5
1424931895102,37.496834,139.920932,6,-0.205,0.104,9.326,7.5
1424931895203,37.496842,139.920934,6,-0.211,-0.123,9.697,7.5
1424931895303,37.496849,139.920936,6,-0.229,-0.392,10.291,7.5
1424931895404,37.496856,139.920939,6,-0.376,0.044,9.224,7.5
1424931895500,37.496862,139.920942,6,-0.213,0.141,9.018,7.5
1424931895601,37.496868,139.920946,6,-0.21,-0.008,9.302,7.5
1424931895701,37.496874,139.92095,6,-0.055,-0.089,10.026,7.5
1424931895802,37.49688,139.920953,6,-0.147,0.186,9.833,7.5
1424931895903,37.496886,139.920957,6,-0.131,0.082,9.004,7.5
1424931896003,37.496892,139.920961,6,-0.233,0.084,9.095,7.5
1424931896104,37.496898,139.920965,6,0.01,-0.024,9.71,7.5
1424931896200,37.496904,139.920968,6,0.093,0.104,9.717,7.5
1424931896301,37.49691,139.920972,6,0.047,0.129,9.449,7.5
1424931896401,37.496917,139.920975,6,-0.073,-0.087,9.585,7.5
1424931896502,37.496923,139.920979,6,-0.276,-0.078,9.642,7.5
1424931896603,37.496929,139.920982,6,-0.237,0.088,9.95,7.5
1424931896703,37.496936,139.920986,6,-0.124,0.313,9.219,7.5
1424931896804,37.496942,139.920989,6,0.086,0.331,9.01,7.5
1424931896900,37.496948,139.920992,6,-0.041,0.199,9.448,7.5
1424931897000,37.496954,139.920996,6,-0.184,0.084,9.905,7.5
1424931897101,37.496961,139.920999,6,-0.184,0.16,9.665,7.5
1424931897202,37.496967,139.921003,6,-0.13,0.175,8.909,7.5
1424931897303,37.496973,139.921006,6,-0.081,0.049,9.606,7.5
1424931897403,37.49698,139.921009,6,-0.133,0.002,10.099,7.511
1424931897504,37.496988,139.921011,6,-0.066,0.266,9.574,7.535
1424931897600,37.496995,139.921013,6,-0.084,0.344,9.213,7.559
1424931897700,37.497002,139.921015,6,-0.128,0.179,9.384,7.584
1424931897801,37.497009,139.921018,6,-0.078,0.243,9.75,7.609
1424931897902,37.497017,139.92102,6,-0.171,0.388,9.592,7.634
1424931898002,37.497024,139.921022,6,-0.173,0.296,9.43,7.66
1424931898103,37.497032,139.921024,6,-0.133,0.192,9.503,7.685
1424931898204,37.497039,139.921027,6,-0.165,0.223,9.598,7.71
1424931898300,37.497046,139.921029,6,-0.156,0.229,9.552,7.735
1424931898400,37.497054,139.921031,6,-0.13,0.174,9.471,7.75
1424931898501,37.49706,139.921033,6,0.008,0.214,9.433,7.75
1424931898602,37.497066,139.921035,6,0.099,0.121,9.531,7.75
1424931898702,37.497073,139.921037,6,0.124,0.057,9.551,7.75
1424931898803,37.497079,139.921039,6,0.047,0.1,9.559,7.75
1424931898904,37.497086,139.921041,6,0.078,0.049,9.517,7.75
1424931899000,37.497092,139.921043,6,0.097,0.065,9.447,7.75
1424931899100,37.497098,139.921046,6,0.053,0.088,9.543,7.75
1424931899201,37.497105,139.921048,6,0.054,0.053,9.62,7.75
1424931899302,37.497111,139.92105,6,0.027,0.072,9.465,7.75
1424931899402,37.497118,139.921052,6,-0.036,0.08,9.492,7.75
1424931899503,37.497124,139.921054,6,-0.03,0.021,9.547,7.75
1424931899604,37.497131,139.921056,6,-0.034,0.031,9.517,7.75
1424931899704,37.497137,139.921059,6,-0.047,0.099,9.512,7.75
1424931899800,37.497144,139.921061,6,-0.056,0.048,9.575,7.75
1424931899901,37.49715,139.921063,6,-0.037,-0.004,9.61,7.75
1424931900001,37.497157,139.921065,6,-0.006,0.071,9.55,7.75
1424931900102,37.497163,139.921067,6,0.035,0.114,9.469,7.75
1424931900203,37.49717,139.92107,6,0.065,0.069,9.486,7.75
1424931900304,37.497176,139.921072,6,0.057,0.084,9.617,7.75
1424931900404,37.497183,139.921074,6,-0.031,0.139,9.493,7.761
1424931900500,37.49719,139.921077,6,-0.052,0.033,9.718,7.785
1424931900601,37.497197,139.921079,6,-0.037,0.126,9.347,7.81
1424931900701,37.497204,139.921082,6,-0.199,0.278,9.144,7.834
1424931900802,37.497212,139.921084,6,-0.228,0.076,9.602,7.86
1424931900903,37.497219,139.921087,6,-0.344,-0.003,9.79,7.885
1424931901004,37.497226,139.92109,6,-0.394,0.121,9.624,7.91
1424931901104,37.497233,139.921092,6,-0.293,0.099,9.43,7.935
1424931901200,37.49724,139.921095,6,-0.254,0.034,9.538,7.959
1424931901301,37.497248,139.921097,6,-0.125,0.085,9.741,7.985
1424931901401,37.497255,139.9211,7,-0.088,0.154,9.417,8.0
1424931901502,37.497263,139.921101,7,-0.159,0.151,9.332,8.0
1424931901603,37.49727,139.921103,7,-0.208,0.072,9.501,8.0
1424931901703,37.497277,139.921104,7,-0.162,0.044,9.671,8.0
1424931901804,37.497285,139.921106,7,-0.1,0.069,9.582,8.0
1424931901900,37.497292,139.921107,7,-0.016,0.046,9.402,8.0
1424931902000,37.497299,139.921109,7,-0.1,0.03,9.423,8.0
1424931902101,37.497307,139.92111,7,-0.253,0.065,9.604,8.0
1424931902202,37.497314,139.921112,7,-0.279,0.057,9.634,8.0
1424931902303,37.497322,139.921113,7,-0.272,0.029,9.554,8.0
1424931902403,37.497329,139.921115,7,-0.24,0.03,9.487,8.0
1424931902504,37.497336,139.921116,7,-0.239,0.058,9.353,8.0
1424931902600,37.497343,139.921118,7,-0.302,0.058,9.463,8.0
1424931902700,37.49735,139.92112,7,-0.2,0.026,9.576,8.0
1424931902801,37.497357,139.921121,7,-0.099,-0.065,9.705,8.0
1424931902902,37.497364,139.921123,7,-0.124,-0.16,9.735,8.0
1424931903003,37.497372,139.921125,7,-0.321,0.248,8.736,8.0
1424931903103,37.497379,139.921127,7,-0.177,0.008,9.362,8.0
1424931903204,37.497386,139.921128,7,-0.369,0.082,9.389,8.0
1424931903300,37.497393,139.92113,7,0.121,-0.127,10.031,8.0
1424931903400,37.4974,139.921133,10,0.261,-0.183,9.482,8.019
1424931903501,37.497409,139.921137,10,0.144,-0.123,9.148,8.069
1424931903602,37.497418,139.921141,10,0.032,-0.1,9.45,8.118
1424931903702,37.497426,139.921145,10,0.069,-0.043,9.876,8.168
1424931903803,37.497435,139.921149,10,0.182,-0.056,9.815,8.218
1424931903904,37.497444,139.921153,10,0.146,-0.029,9.342,8.268
1424931904000,37.497452,139.921157,10,0.118,-0.119,9.343,8.317
1424931904100,37.497461,139.921161,10,0.012,-0.063,9.618,8.367
1424931904201,37.49747,139.921165,10,-0.062,0.067,9.633,8.418
1424931904302,37.497479,139.92117,10,-0.03,0.006,9.682,8.47
1424931904402,37.497487,139.921174,10,-0.112,0.104,9.386,8.467
1424931904503,37.497493,139.921179,10,-0.109,0.141,9.403,8.389
1424931904604,37.497499,139.921183,10,-0.031,0.07,9.541,8.311
1424931904704,37.497505,139.921188,10,-0.019,0.086,9.65,8.234
1424931904800,37.497511,139.921192,10,-0.033,0.188,9.472,8.161
1424931904901,37.497517,139.921197,10,-0.093,0.161,9.324,8.086
1424931905002,37.497523,139.921201,10,-0.163,0.213,9.442,8.011
1424931905102,37.497529,139.921206,10,-0.296,0.153,9.769,7.937
1424931905203,37.497535,139.92121,10,-0.24,0.22,9.772,7.863
1424931905304,37.497541,139.921215,10,-0.145,0.302,9.512,7.79
1424931905404,37.497547,139.921217,8,-0.19,0.349,9.382,7.75
1424931905500,37.497553,139.921218,8,-0.25,0.235,9.684,7.75
1424931905601,37.49756,139.921219,8,-0.323,0.363,9.656,7.75
1424931905701,37.497567,139.92122,8,-0.266,0.433,9.471,7.75
1424931905802,37.497574,139.921221,8,-0.207,0.351,9.384,7.75
1424931905903,37.49758,139.921222,8,-0.304,0.246,9.642,7.75
1424931906004,37.497587,139.921223,8,-0.28,0.343,9.618,7.75
1424931906104,37.497594,139.921224,8,-0.277,0.345,9.357,7.75
1424931906205,37.497601,139.921225,8,-0.443,0.327,9.439,7.75
1424931906301,37.497607,139.921225,8,-0.327,0.211,9.731,7.75
1424931906400,37.497614,139.921227,7,-0.461,0.275,9.526,7.769
1424931906502,37.49762,139.921229,7,-0.506,0.374,9.38,7.819
1424931906601,37.497627,139.921232,7,-0.398,0.303,9.451,7.868
1424931906704,37.497634,139.921234,7,-0.367,0.27,9.585,7.918
1424931906803,37.49764,139.921236,7,-0.416,0.244,9.506,7.968
1424931906900,37.497647,139.921239,7,-0.251,0.273,9.525,8.016
1424931907001,37.497653,139.921241,7,-0.134,0.188,9.595,8.067
1424931907101,37.49766,139.921244,7,-0.184,0.295,9.419,8.118
1424931907202,37.497667,139.921246,7,-0.164,0.391,9.235,8.169
1424931907303,37.497674,139.921249,7,-0.191,0.363,9.33,8.221
1424931907403,37.49768,139.921251,7,-0.259,0.27,9.882,8.216
1424931907504,37.497686,139.921252,7,-0.075,0.317,9.236,8.138
1424931907600,37.497691,139.921254,7,-0.13,0.279,9.383,8.063
1424931907701,37.497697,139.921256,7,-0.145,-0.022,9.895,7.986
1424931907801,37.497702,139.921257,7,-0.102,0.247,9.713,7.91
1424931907902,37.497708,139.921259,7,-0.121,0.368,9.449,7.835
1424931908003,37.497713,139.92126,7,-0.051,0.154,9.399,7.76
1424931908103,37.497719,139.921262,7,0.114,0.245,9.842,7.686
1424931908204,37.497724,139.921264,7,0.056,0.24,9.707,7.612
1424931908300,37.497729,139.921265,7,0.215,0.161,9.502,7.543
1424931908401,37.497735,139.921267,7,0.365,0.248,9.096,7.529
1424931908501,37.497742,139.921268,7,0.319,0.192,9.516,7.601
1424931908602,37.497749,139.92127,7,-0.024,0.379,9.408,7.675
1424931908703,37.497756,139.921271,7,-0.321,0.332,9.495,7.749
1424931908803,37.497763,139.921273,7,-0.319,0.301,9.586,7.823
1424931908904,37.49777,139.921275,7,-0.248,0.293,9.591,7.899
1424931909000,37.497777,139.921276,7,-0.104,0.39,9.474,7.972
1424931909100,37.497785,139.921278,7,-0.185,0.606,9.157,8.048
1424931909201,37.497792,139.921279,7,-0.113,0.528,9.613,8.126
1424931909302,37.4978,139.921281,7,-0.06,0.446,9.862,8.205
1424931909403,37.497807,139.921283,7,0.114,0.554,9.475,8.281
1424931909503,37.497815,139.921286,7,0.159,0.559,9.16,8.353
1424931909604,37.497823,139.921288,7,0.134,0.443,9.574,8.427
1424931909700,37.49783,139.921291,7,0.169,0.444,9.905,8.498
1424931909800,37.497838,139.921294,7,0.059,0.711,8.927,8.572
1424931909901,37.497846,139.921296,7,0.029,0.402,9.167,8.648
1424931910002,37.497854,139.921299,7,-0.03,0.112,9.991,8.724
1424931910103,37.497862,139.921302,7,-0.063,0.127,9.984,8.801
1424931910203,37.49787,139.921305,7,-0.094,0.12,9.138,8.878
1424931910304,37.497878,139.921307,7,-0.059,0.103,9.227,8.956
1424931910400,37.497886,139.92131,6,0.021,0.08,9.765,9.0
1424931910500,37.497893,139.921312,6,-0.014,-0.028,9.798,9.0
1424931910601,37.497901,139.921313,6,-0.067,-0.086,9.487,9.0
1424931910702,37.497908,139.921315,6,-0.026,-0.12,9.355,9.0
1424931910802,37.497915,139.921317,6,-0.043,-0.037,9.529,9.0
1424931910903,37.497923,139.921319,6,-0.043,0.005,9.54,9.0
1424931911004,37.49793,139.921321,6,-0.104,0.031,9.455,9.0
1424931911100,37.497937,139.921322,6,-0.115,-0.003,9.418,9.0
1424931911200,37.497944,139.921324,6,-0.043,-0.081,9.61,9.0
1424931911301,37.497952,139.921326,6,0.049,-0.096,9.612,9.0
1424931911402,37.49796,139.921328,6,0.046,0.07,9.257,9.0
1424931911502,37.497968,139.921331,6,-0.08,0.126,8.99,9.0
1424931911603,37.497977,139.921334,6,-0.194,0.112,9.35,9.0
1424931911704,37.497986,139.921336,6,-0.275,-0.182,9.717,9.0
1424931911804,37.497994,139.921339,6,-0.414,-0.304,9.938,9.0
1424931911900,37.498002,139.921342,6,-0.447,-0.311,9.702,9.0
1424931912001,37.498011,139.921344,6,-0.516,-0.177,9.491,9.0
1424931912102,37.49802,139.921347,6,-0.479,-0.044,9.523,9.0
1424931912202,37.498028,139.92135,6,-0.398,-0.034,9.575,9.0
1424931912303,37.498037,139.921352,6,-0.428,-0.05,9.498,9.0
1424931912404,37.498046,139.921355,6,-0.501,-0.229,9.555,9.0
1424931912504,37.498054,139.921357,6,-0.418,-0.301,9.61,9.0
1424931912600,37.498062,139.921359,6,-0.356,-0.265,9.422,9.0
1424931912701,37.49807,139.92136,6,-0.226,-0.335,9.55,9.0
1424931912801,37.498078,139.921362,6,-0.336,-0.29,9.523,9.0
1424931912902,37.498086,139.921364,6,-0.492,-0.224,9.465,9.0
1424931913003,37.498095,139.921366,6,-0.436,-0.355,9.663,9.0
1424931913104,37.498103,139.921368,6,-0.213,-0.3,9.558,9.0
1424931913204,37.498111,139.92137,6,0.04,-0.168,9.289,9.0
1424931913300,37.498119,139.921372,6,0.008,-0.288,9.468,9.0
1424931913401,37.498127,139.921374,6,-0.066,-0.413,9.701,8.979
1424931913501,37.498136,139.921375,6,0.026,-0.318,9.537,8.928
1424931913602,37.498144,139.921377,6,-0.039,-0.131,8.727,8.876
1424931913703,37.498152,139.921379,6,-0.021,-0.395,9.64,8.825
1424931913803,37.49816,139.92138,6,0.011,-0.492,9.965,8.775
1424931913904,37.498169,139.921382,6,-0.003,-0.327,9.476,8.724
1424931914000,37.498176,139.921383,6,0.012,-0.297,9.007,8.677
1424931914101,37.498184,139.921385,6,0.058,-0.26,9.163,8.627
1424931914201,37.498192,139.921387,6,-0.014,-0.182,9.757,8.578
1424931914302,37.4982,139.921388,6,0.042,-0.259,9.544,8.528
1424931914403,37.498209,139.921389,7,0.151,-0.361,9.371,8.489
1424931914503,37.498217,139.92139,7,0.291,-0.566,9.706,8.464
1424931914604,37.498225,139.921391,7,0.162,-0.508,9.729,8.438
1424931914700,37.498233,139.921392,7,0.237,-0.289,9.501,8.414
1424931914801,37.498241,139.921393,7,0.135,-0.178,9.176,8.389
1424931914901,37.49825,139.921394,7,0.07,-0.215,9.596,8.364
1424931915002,37.498258,139.921395,7,0.033,-0.25,9.926,8.339
1424931915103,37.498266,139.921396,7,-0.259,-0.407,9.617,8.314
1424931915203,37.498274,139.921397,7,-0.262,-0.364,9.54,8.289
1424931915304,37.498282,139.921398,7,-0.274,-0.373,9.311,8.264
1424931915400,37.49829,139.9214,7,-0.227,-0.299,9.667,8.24
1424931915500,37.498297,139.921402,7,-0.229,-0.355,9.906,8.215
1424931915601,37.498305,139.921404,7,-0.342,-0.297,9.756,8.189
1424931915702,37.498312,139.921407,7,-0.328,-0.269,9.383,8.164
1424931915803,37.498319,139.921409,7,-0.253,-0.295,9.454,8.138
1424931915903,37.498326,139.921411,7,-0.259,-0.245,9.605,8.113
1424931916004,37.498334,139.921413,7,-0.165,-0.258,9.616,8.088
1424931916100,37.49834,139.921415,7,-0.128,-0.496,9.303,8.064
1424931916200,37.498348,139.921418,7,-0.097,-0.682,9.425,8.039
1424931916301,37.498355,139.92142,7,0.007,-0.857,9.643,8.015
1424931916402,37.498362,139.921422,5,0.102,-0.908,9.499,7.978
1424931916502,37.498368,139.921426,5,0.024,-0.781,9.445,7.927
1424931916603,37.498375,139.921429,5,0.072,-0.85,9.563,7.876
1424931916704,37.498382,139.921433,5,0.03,-1.001,9.702,7.824
1424931916800,37.498388,139.921436,5,-0.05,-0.963,9.605,7.776
1424931916900,37.498395,139.921439,5,-0.139,-0.928,9.447,7.726
1424931917001,37.498401,139.921442,5,-0.017,-1.008,9.519,7.676
1424931917102,37.498408,139.921446,5,-0.164,-1.066,9.437,7.626
1424931917202,37.498414,139.921449,5,-0.012,-1.114,9.688,7.577
1424931917303,37.49842,139.921452,5,-0.07,-1.111,9.429,7.528
1424931917404,37.498427,139.921454,6,-0.093,-1.273,9.392,7.44
1424931917505,37.498433,139.921456,6,-0.104,-1.378,9.586,7.305
1424931917600,37.498438,139.921457,6,0.01,-1.358,9.473,7.179
1424931917701,37.498444,139.921458,6,0.007,-1.357,9.489,7.048
1424931917802,37.49845,139.921459,6,0.02,-1.417,9.598,6.919
1424931917902,37.498455,139.92146,6,-0.07,-1.392,9.416,6.794
1424931918003,37.498461,139.921461,6,-0.048,-1.37,9.387,6.67
1424931918104,37.498466,139.921462,6,-0.096,-1.517,9.713,6.548
1424931918204,37.498471,139.921463,6,-0.096,-1.482,9.686,6.43
1424931918300,37.498476,139.921463,6,-0.033,-1.4,9.521,6.319
1424931918401,37.498481,139.921465,6,-0.033,-1.426,9.524,6.18
1424931918502,37.498486,139.921467,6,-0.08,-1.522,9.568,6.012
1424931918602,37.498491,139.921469,6,-0.091,-1.533,9.588,5.849
1424931918703,37.498495,139.921471,6,-0.102,-1.523,9.327,5.689
1424931918804,37.4985,139.921474,6,-0.085,-1.457,9.618,5.534
1424931918904,37.498504,139.921476,6,-0.199,-1.466,9.671,5.383
1424931919000,37.498509,139.921477,6,-0.153,-1.391,9.559,5.243
1424931919101,37.498513,139.921479,6,-0.206,-1.528,9.606,5.099
1424931919202,37.498517,139.921481,6,-0.132,-1.434,9.508,4.96
1424931919302,37.498521,139.921483,6,-0.076,-1.222,9.14,4.826
1424931919403,37.498524,139.921485,6,-0.089,-1.329,9.531,4.658
1424931919504,37.498527,139.921487,6,-0.102,-1.468,9.805,4.449
1424931919604,37.498529,139.92149,6,-0.096,-1.397,9.537,4.25
1424931919700,37.498531,139.921492,6,0.032,-1.331,9.468,4.066
1424931919801,37.498533,139.921494,6,-0.09,-1.415,9.976,3.881
1424931919901,37.498536,139.921496,6,-0.341,-1.263,9.819,3.705
1424931920002,37.498538,139.921498,6,-0.053,-1.125,9.462,3.536
1424931920103,37.49854,139.9215,6,0.186,-1.023,9.449,3.374
1424931920204,37.498541,139.921501,6,-0.01,-0.9,9.488,3.221
1424931920304,37.498543,139.921503,6,-0.098,-0.823,9.514,3.077
1424931920400,37.498545,139.921504,6,-0.099,-0.828,9.359,2.952
1424931920506,37.498547,139.921504,6,0.103,-0.834,9.604,2.829
1424931920601,37.498549,139.921504,6,0.276,-0.553,9.656,2.722
1424931920700,37.498551,139.921504,6,0.278,-0.107,9.514,2.615
1424931920803,37.498552,139.921504,6,0.326,0.052,9.401,2.508
1424931920902,37.498554,139.921505,6,0.384,-0.018,9.36,2.408
1424931921004,37.498556,139.921505,6,0.401,-0.08,9.503,2.31
1424931921100,37.498557,139.921505,6,0.526,-0.036,9.492,2.222
1424931921200,37.498559,139.921505,6,0.732,-0.175,9.639,2.133
1424931921301,37.49856,139.921505,6,0.88,-0.107,9.714,2.048
1424931921402,37.498562,139.921505,6,0.854,-0.135,9.518,2.0
1424931921503,37.498564,139.921507,6,0.824,-0.128,9.228,2.0
1424931921603,37.498566,139.921508,6,0.718,-0.336,9.635,2.0
1424931921704,37.498568,139.921509,6,0.61,-0.433,9.875,2.0
1424931921800,37.498569,139.92151,6,0.63,-0.375,9.76,2.0
1424931921900,37.498571,139.921511,6,0.569,-0.214,9.471,2.0
1424931922001,37.498573,139.921512,6,0.453,-0.138,9.619,2.0
1424931922102,37.498575,139.921513,6,0.544,-0.067,9.989,2.0
1424931922203,37.498577,139.921514,6,0.917,-0.132,9.485,2.0
1424931922303,37.498579,139.921515,6,1.207,-0.069,8.969,2.0
1424931922404,37.49858,139.921517,6,1.376,0.107,9.07,2.0
1424931922500,37.498582,139.921518,6,1.403,0.163,9.563,2.0
1424931922600,37.498583,139.92152,6,1.479,0.09,9.811,2.0
1424931922701,37.498584,139.921522,6,1.622,0.051,9.523,2.0
1424931922802,37.498585,139.921524,6,1.669,0.06,9.216,2.0
1424931922902,37.498586,139.921525,6,1.681,0.018,9.347,2.0
1424931923003,37.498587,139.921527,6,1.622,0.027,9.612,2.0
1424931923104,37.498588,139.921529,6,1.566,0.238,9.534,2.0
1424931923200,37.498589,139.92153,6,1.916,0.19,9.668,2.0
1424931923300,37.49859,139.921532,6,1.901,-0.026,9.63,2.0
1424931923401,37.498591,139.921534,7,1.698,0.039,9.519,2.01
1424931923502,37.498592,139.921537,7,1.415,0.214,9.514,2.034
1424931923602,37.498593,139.921539,7,1.244,0.257,9.465,2.058
1424931923703,37.498594,139.921542,7,0.911,0.262,9.701,2.082
1424931923804,37.498595,139.921545,7,0.718,0.237,9.545,2.107
1424931923900,37.498596,139.921548,7,0.839,0.216,9.277,2.131
1424931924000,37.498597,139.921551,7,1.076,0.198,9.45,2.157
1424931924101,37.498598,139.921553,7,1.218,0.132,9.385,2.182
1424931924202,37.498599,139.921556,7,0.982,0.157,9.285,2.209
1424931924302,37.498599,139.921559,7,0.822,0.243,9.409,2.235
1424931924403,37.4986,139.921563,8,0.933,0.208,9.543,2.26
1424931924504,37.498599,139.921567,8,0.992,0.229,9.525,2.284
1424931924605,37.498599,139.921571,8,0.806,0.256,9.463,2.309
1424931924700,37.498598,139.921574,8,0.727,0.225,9.384,2.332
1424931924801,37.498598,139.921579,8,0.574,0.192,9.268,2.357
1424931924902,37.498597,139.921583,8,0.277,0.252,9.396,2.382
1424931925002,37.498597,139.921587,8,0.087,0.318,9.59,2.407
1424931925103,37.498596,139.921591,8,0.057,0.334,9.596,2.433
1424931925204,37.498596,139.921595,8,0.162,0.329,9.58,2.459
1424931925304,37.498595,139.9216,8,0.373,0.342,9.531,2.485
1424931925400,37.498595,139.921603,8,0.495,0.399,9.44,2.51
1424931925501,37.498594,139.921607,8,0.563,0.396,9.563,2.534
1424931925601,37.498593,139.92161,8,0.716,0.357,9.616,2.558
1424931925702,37.498592,139.921613,8,0.65,0.415,9.533,2.583
1424931925803,37.498591,139.921617,8,0.592,0.491,9.432,2.608
1424931925904,37.49859,139.92162,8,0.556,0.47,9.526,2.633
1424931926004,37.498589,139.921624,8,0.444,0.522,9.528,2.658
1424931926100,37.498588,139.921627,8,0.381,0.584,9.551,2.683
1424931926201,37.498587,139.92163,8,0.261,0.616,9.44,2.709
1424931926301,37.498587,139.921634,8,0.137,0.66,9.478,2.735
1424931926402,37.498586,139.921637,7,0.171,0.666,9.655,2.786
1424931926503,37.498585,139.921639,7,0.317,0.68,9.599,2.874
1424931926604,37.498584,139.921641,7,0.387,0.789,9.361,2.966
1424931926704,37.498584,139.921642,7,0.38,0.802,9.383,3.059
1424931926800,37.498583,139.921644,7,0.331,0.764,9.629,3.152
1424931926901,37.498582,139.921647,7,0.199,0.872,9.497,3.253
1424931927001,37.498581,139.921649,7,0.121,0.954,9.427,3.356
1424931927102,37.49858,139.921651,7,0.093,0.89,9.522,3.463
1424931927203,37.498579,139.921653,7,0.01,0.886,9.588,3.573
1424931927303,37.498579,139.921656,7,0.0,0.91,9.522,3.685
1424931927404,37.498577,139.921659,7,0.03,0.887,9.56,3.789
1424931927500,37.498576,139.921663,7,0.082,0.798,9.584,3.876
1424931927600,37.498575,139.921668,7,0.114,0.833,9.468,3.969
1424931927701,37.498573,139.921672,7,0.123,0.866,9.318,4.065
1424931927802,37.498572,139.921677,7,0.105,0.794,9.495,4.163
1424931927903,37.49857,139.921682,7,0.142,0.76,9.596,4.264
1424931928003,37.498569,139.921687,7,0.134,0.814,9.376,4.366
1424931928104,37.498567,139.921692,7,0.082,0.84,9.385,4.472
1424931928200,37.498566,139.921697,7,-0.017,0.794,9.544,4.574
1424931928300,37.498564,139.921703,7,-0.042,0.726,9.625,4.683
1424931928401,37.498563,139.921708,5,-0.022,0.673,9.483,4.76
1424931928502,37.498561,139.921714,5,-0.024,0.683,9.481,4.785
1424931928603,37.49856,139.921719,5,0.017,0.718,9.458,4.81
1424931928703,37.498559,139.921724,5,0.098,0.682,9.413,4.834
1424931928804,37.498558,139.92173,5,0.058,0.611,9.371,4.859
1424931928900,37.498557,139.921735,5,0.046,0.374,9.492,4.883
1424931929000,37.498555,139.92174,5,0.02,0.102,9.659,4.909
1424931929101,37.498554,139.921746,5,-0.001,-0.112,9.728,4.934
1424931929202,37.498553,139.921751,5,-0.05,-0.044,9.545,4.96
1424931929302,37.498552,139.921757,5,0.023,-0.027,9.506,4.985
1424931929403,37.49855,139.921763,5,-0.076,0.026,9.26,5.021
1424931929504,37.498548,139.921769,5,-0.086,-0.033,9.423,5.069
1424931929600,37.498546,139.921775,5,0.075,-0.113,9.734,5.116
1424931929700,37.498544,139.921781,5,-0.01,0.045,9.463,5.165
1424931929801,37.498542,139.921788,5,-0.082,0.082,9.312,5.215
1424931929902,37.49854,139.921794,5,-0.032,-0.278,9.551,5.265
1424931930002,37.498538,139.921801,5,-0.117,-0.402,9.761,5.316
1424931930103,37.498536,139.921808,5,-0.065,-0.282,9.546,5.367
1424931930204,37.498533,139.921814,5,0.061,-0.281,9.385,5.419
1424931930300,37.498531,139.921821,5,0.126,-0.196,9.501,5.469
1424931930400,37.498529,139.921827,5,0.11,-0.21,9.471,5.479
1424931930501,37.498527,139.921834,5,-0.017,-0.22,9.456,5.427
1424931930602,37.498525,139.92184,5,-0.012,0.009,9.571,5.375
1424931930702,37.498524,139.921845,5,0.031,0.015,9.497,5.324
1424931930803,37.498522,139.921851,5,0.005,0.076,9.425,5.273
1424931930904,37.49852,139.921857,5,-0.034,0.09,9.533,5.222
1424931931004,37.498518,139.921863,5,-0.007,0.087,9.613,5.173
1424931931100,37.498517,139.921868,5,0.028,0.11,9.514,5.125
1424931931201,37.498515,139.921874,5,0.056,0.181,9.414,5.076
1424931931302,37.498513,139.92188,5,0.067,0.172,9.561,5.028
1424931931402,37.498512,139.921885,5,0.06,0.146,9.579,4.989
1424931931503,37.498511,139.921891,5,0.002,0.189,9.453,4.963
1424931931604,37.49851,139.921896,5,-0.03,0.213,9.452,4.938
1424931931704,37.498509,139.921901,5,-0.129,0.194,9.619,4.913
1424931931800,37.498508,139.921906,5,-0.262,0.245,9.561,4.888
1424931931901,37.498507,139.921911,5,-0.242,0.228,9.461,4.863
1424931932001,37.498506,139.921917,5,-0.194,0.239,9.52,4.838
1424931932102,37.498505,139.921922,5,-0.248,0.182,9.656,4.813
1424931932203,37.498504,139.921927,5,-0.208,0.194,9.479,4.788
1424931932304,37.498503,139.921932,5,-0.171,0.189,9.412,4.764
1424931932404,37.498502,139.921937,5,-0.063,0.168,9.469,4.761
1424931932500,37.4985,139.921942,5,-0.058,0.054,9.576,4.784
1424931932601,37.498499,139.921948,5,-0.15,-0.053,9.728,4.809
1424931932702,37.498497,139.921953,5,-0.199,0.035,9.514,4.834
1424931932802,37.498495,139.921959,5,-0.149,0.108,9.463,4.859
1424931932903,37.498493,139.921964,5,-0.197,0.057,9.582,4.884
1424931933003,37.498491,139.921969,5,-0.228,0.033,9.499,4.909
1424931933104,37.498489,139.921975,5,-0.158,0.103,9.357,4.935
1424931933200,37.498487,139.92198,5,-0.078,0.117,9.471,4.959
1424931933301,37.498485,139.921986,5,-0.099,0.164,9.615,4.985
1424931933401,37.498484,139.921991,6,-0.301,0.136,9.652,4.989
1424931933502,37.498482,139.921996,6,-0.424,0.148,9.466,4.964
1424931933603,37.498481,139.922,6,-0.455,0.193,9.533,4.938
1424931933703,37.49848,139.922005,6,-0.392,0.231,9.534,4.913
1424931933804,37.498479,139.922009,6,-0.353,0.229,9.448,4.887
1424931933900,37.498478,139.922014,6,-0.247,0.201,9.566,4.863
1424931934000,37.498477,139.922018,6,-0.178,0.231,9.464,4.839
1424931934101,37.498476,139.922023,6,-0.211,0.33,9.364,4.814
1424931934202,37.498475,139.922027,6,-0.281,0.308,9.478,4.789
1424931934303,37.498474,139.922032,6,-0.245,0.225,9.583,4.764
1424931934403,37.498472,139.922036,6,-0.145,0.174,9.649,4.77
1424931934504,37.498471,139.922042,6,-0.083,0.209,9.527,4.819
1424931934605,37.498469,139.922048,6,-0.069,0.321,9.457,4.868
1424931934700,37.498468,139.922053,6,-0.089,0.327,9.463,4.914
1424931934806,37.498466,139.922059,6,-0.149,0.281,9.472,4.967
1424931934902,37.498465,139.922065,6,-0.295,0.293,9.484,5.015
1424931935001,37.498463,139.922071,6,-0.329,0.345,9.545,5.065
1424931935103,37.498461,139.922077,6,-0.181,0.393,9.604,5.117
1424931935202,37.49846,139.922082,6,-0.001,0.381,9.481,5.168
1424931935300,37.498458,139.922088,6,0.015,0.359,9.383,5.219
1424931935400,37.498456,139.922095,7,-0.016,0.317,9.519,5.26
1424931935501,37.498454,139.922102,7,-0.008,0.33,9.583,5.285
1424931935602,37.498452,139.922109,7,-0.086,0.287,9.663,5.309
1424931935702,37.49845,139.922117,7,-0.249,0.365,9.507,5.334
1424931935803,37.498448,139.922124,7,-0.245,0.434,9.347,5.359
1424931935904,37.498446,139.922131,7,-0.246,0.386,9.496,5.385
1424931936000,37.498444,139.922138,7,-0.197,0.304,9.774,5.409
1424931936100,37.498442,139.922146,7,-0.05,0.337,9.661,5.434
1424931936201,37.498439,139.922153,7,-0.156,0.384,9.631,5.459
1424931936302,37.498437,139.922161,7,-0.135,0.649,9.045,5.485
1424931936402,37.498436,139.922167,7,-0.143,0.593,9.082,5.489
1424931936503,37.498436,139.922172,7,-0.143,0.344,9.702,5.464
1424931936604,37.498436,139.922177,7,-0.015,0.446,9.549,5.438
1424931936704,37.498436,139.922182,7,0.106,0.613,9.363,5.413
1424931936800,37.498436,139.922187,7,0.034,0.483,9.687,5.389
1424931936901,37.498436,139.922192,7,-0.041,0.297,9.744,5.363
1424931937002,37.498436,139.922197,7,-0.092,0.326,9.376,5.338
1424931937102,37.498436,139.922202,7,-0.151,0.442,9.39,5.313
1424931937203,37.498436,139.922207,7,-0.106,0.513,9.699,5.288
1424931937304,37.498436,139.922212,7,0.032,0.487,9.586,5.264
1424931937404,37.498435,139.922217,7,0.133,0.582,9.377,5.261
1424931937500,37.498433,139.922222,7,0.035,0.545,9.516,5.284
1424931937601,37.498431,139.922227,7,-0.036,0.525,9.555,5.309
1424931937702,37.498428,139.922232,7,-0.099,0.48,9.476,5.334
1424931937802,37.498426,139.922236,7,-0.158,0.51,9.401,5.359
1424931937903,37.498424,139.922241,7,-0.109,0.486,9.506,5.384
1424931938004,37.498421,139.922246,7,-0.03,0.4,9.601,5.41
1424931938104,37.498419,139.922251,7,0.05,0.42,9.495,5.435
1424931938200,37.498417,139.922256,7,0.133,0.432,9.418,5.459
1424931938301,37.498414,139.922261,7,0.143,0.409,9.549,5.485
1424931938401,37.498412,139.922267,8,0.151,0.399,9.617,5.52
1424931938502,37.498409,139.922273,8,0.075,0.47,9.433,5.568
1424931938603,37.498406,139.922279,8,0.044,0.527,9.43,5.618
1424931938704,37.498403,139.922286,8,0.083,0.499,9.489,5.667
1424931938804,37.4984,139.922292,8,0.132,0.468,9.549,5.717
1424931938900,37.498398,139.922298,8,0.144,0.498,9.568,5.765
1424931939001,37.498395,139.922305,8,0.155,0.438,9.592,5.815
1424931939101,37.498392,139.922312,8,0.183,0.405,9.526,5.866
1424931939202,37.498389,139.922318,8,0.09,0.363,9.531,5.918
1424931939303,37.498386,139.922325,8,-0.035,0.369,9.514,5.97
1424931939404,37.498383,139.922332,8,-0.122,0.362,9.473,6.011
1424931939504,37.498381,139.922339,8,-0.151,0.394,9.504,6.035
1424931939600,37.498379,139.922346,8,-0.17,0.332,9.522,6.059
1424931939701,37.498377,139.922354,8,-0.104,0.325,9.46,6.084
1424931939801,37.498374,139.922361,8,-0.045,0.303,9.474,6.109
1424931939902,37.498372,139.922368,8,-0.065,0.216,9.672,6.134
1424931940003,37.49837,139.922376,8,-0.085,0.242,9.523,6.16
1424931940103,37.498368,139.922383,8,-0.153,0.302,9.31,6.185
1424931940204,37.498365,139.92239,8,-0.101,0.255,9.528,6.21
1424931940300,37.498363,139.922398,8,-0.153,0.086,9.772,6.235
1424931940400,37.498361,139.922405,8,-0.053,0.129,9.609,6.26
1424931940501,37.49836,139.922413,8,0.041,0.254,9.347,6.285
1424931940602,37.498358,139.922421,8,0.055,0.205,9.427,6.31
1424931940703,37.498356,139.922429,8,-0.054,0.052,9.572,6.335
1424931940803,37.498355,139.922437,8,-0.164,0.085,9.619,6.36
1424931940904,37.498353,139.922445,8,-0.113,0.306,9.291,6.385
1424931941000,37.498351,139.922453,8,-0.133,0.264,9.213,6.409
1424931941100,37.498349,139.922461,8,0.005,-0.092,9.805,6.434
1424931941201,37.498348,139.922469,8,0.029,-0.159,9.869,6.46
1424931941302,37.498346,139.922477,8,0.041,0.05,9.463,6.485
1424931941403,37.498344,139.922485,7,-0.058,0.102,9.282,6.5
1424931941503,37.498342,139.92249,7,-0.15,-0.052,9.377,6.5
1424931941604,37.498341,139.922496,7,-0.137,-0.059,9.584,6.5
1424931941700,37.498339,139.922502,7,-0.044,0.076,9.752,6.5
1424931941800,37.498337,139.922508,7,-0.068,0.069,9.641,6.5
1424931941901,37.498335,139.922514,7,-0.107,-0.058,9.511,6.5
1424931942002,37.498333,139.92252,7,-0.086,-0.039,9.339,6.5
1424931942103,37.498332,139.922526,7,-0.068,-0.082,9.592,6.5
1424931942203,37.49833,139.922532,7,-0.104,-0.081,9.638,6.5
1424931942304,37.498328,139.922538,7,-0.137,-0.021,9.549,6.5
1424931942400,37.498326,139.922544,6,-0.093,0.029,9.491,6.49
1424931942500,37.498323,139.92255,6,-0.057,-0.006,9.463,6.464
1424931942601,37.498321,139.922557,6,-0.037,-0.09,9.467,6.439
1424931942702,37.498318,139.922564,6,-0.017,-0.057,9.602,6.413
1424931942802,37.498315,139.92257,6,-0.112,0.013,9.455,6.388
1424931942903,37.498313,139.922577,6,-0.152,-0.082,9.512,6.363
1424931943004,37.49831,139.922583,6,-0.224,-0.129,9.526,6.338
1424931943100,37.498308,139.922589,6,-0.295,-0.025,9.344,6.314
1424931943200,37.498305,139.922596,6,-0.195,-0.024,9.385,6.289
1424931943301,37.498303,139.922602,6,-0.014,-0.201,9.84,6.264
1424931943402,37.4983,139.922609,6,0.05,-0.209,9.652,6.239
1424931943502,37.498298,139.922615,6,0.018,-0.057,9.387,6.214
1424931943603,37.498297,139.922621,6,0.014,-0.093,9.456,6.188
1424931943704,37.498295,139.922627,6,-0.074,-0.117,9.574,6.163
1424931943804,37.498293,139.922633,6,-0.24,-0.094,9.514,6.138
1424931943900,37.498291,139.922639,6,-0.188,0.034,9.559,6.114
1424931944001,37.498289,139.922645,6,-0.075,0.074,9.562,6.089
1424931944102,37.498288,139.922651,6,-0.021,-0.046,9.503,6.064
1424931944202,37.498286,139.922657,6,-0.008,-0.088,9.493,6.039
1424931944303,37.498284,139.922663,6,0.015,-0.01,9.403,6.014
1424931944404,37.498282,139.922669,7,0.006,-0.003,9.458,6.0
1424931944504,37.498279,139.922676,7,-0.032,-0.073,9.559,6.0
1424931944601,37.498276,139.922683,7,-0.07,-0.11,9.573,6.0
1424931944701,37.498273,139.92269,7,-0.018,-0.103,9.561,6.0
1424931944801,37.49827,139.922697,7,0.003,-0.055,9.536,6.0
1424931944902,37.498267,139.922704,7,0.006,-0.079,9.453,6.0
1424931945003,37.498264,139.922711,7,0.012,-0.111,9.45,6.0
1424931945104,37.498261,139.922718,7,0.021,-0.053,9.496,6.0
1424931945204,37.498258,139.922725,7,0.056,-0.01,9.477,6.0
1424931945300,37.498255,139.922732,7,0.103,-0.029,9.529,6.0
1424931945401,37.498252,139.922739,7,0.029,-0.067,9.444,5.979
1424931945501,37.49825,139.922745,7,0.008,-0.097,9.598,5.927
1424931945602,37.498248,139.922751,7,-0.012,-0.073,9.598,5.875
1424931945703,37.498246,139.922757,7,-0.02,-0.0,9.449,5.824
1424931945804,37.498244,139.922763,7,-0.011,0.032,9.421,5.773
1424931945904,37.498242,139.922769,7,-0.027,0.0,9.489,5.723
1424931946000,37.498241,139.922775,7,-0.01,0.086,9.393,5.675
1424931946101,37.498239,139.922781,7,0.001,0.066,9.393,5.625
1424931946201,37.498237,139.922787,7,0.014,-0.021,9.72,5.577
1424931946302,37.498235,139.922793,7,-0.072,-0.14,9.821,5.528
1424931946403,37.498234,139.922798,8,-0.065,-0.135,9.744,5.489
1424931946503,37.498234,139.922803,8,0.011,0.062,9.274,5.464
1424931946604,37.498234,139.922808,8,0.051,0.128,9.204,5.438
1424931946700,37.498234,139.922812,8,0.051,-0.02,9.538,5.414
1424931946800,37.498234,139.922817,8,0.087,-0.039,9.685,5.389
1424931946901,37.498235,139.922822,8,0.183,0.136,9.506,5.363
1424931947002,37.498235,139.922826,8,0.229,0.203,9.386,5.338
1424931947103,37.498235,139.922831,8,0.21,0.078,9.53,5.313
1424931947203,37.498235,139.922836,8,0.199,-0.11,9.675,5.288
1424931947304,37.498235,139.92284,8,0.175,-0.055,9.576,5.264
1424931947400,37.498235,139.922845,8,0.121,0.117,9.433,5.25
1424931947500,37.498233,139.922851,8,0.163,0.095,9.425,5.25
1424931947601,37.498232,139.922857,8,0.25,-0.041,9.613,5.25
1424931947702,37.498231,139.922863,8,0.234,-0.08,9.631,5.25
1424931947803,37.49823,139.922869,8,0.266,0.034,9.468,5.25
1424931947903,37.498229,139.922875,8,0.343,0.131,9.332,5.25
1424931948004,37.498228,139.922881,8,0.454,0.063,9.449,5.25
1424931948100,37.498227,139.922887,8,0.362,-0.098,9.731,5.25
1424931948200,37.498226,139.922893,8,0.087,-0.003,9.648,5.25
1424931948301,37.498225,139.922899,8,0.033,0.074,9.568,5.25
1424931948402,37.498224,139.922904,6,0.026,0.111,9.535,5.239
1424931948503,37.498223,139.92291,6,0.0,0.07,9.483,5.214
1424931948603,37.498223,139.922916,6,0.11,0.057,9.401,5.188
1424931948704,37.498222,139.922922,6,0.229,0.059,9.472,5.163
1424931948800,37.498222,139.922928,6,0.283,0.078,9.563,5.138
1424931948905,37.498221,139.922934,6,0.154,0.092,9.468,5.112
1424931949001,37.498221,139.92294,6,-0.013,0.067,9.525,5.088
1424931949100,37.49822,139.922945,6,-0.144,0.033,9.552,5.064
1424931949202,37.49822,139.922951,6,-0.202,0.042,9.542,5.039
1424931949301,37.498219,139.922957,6,-0.196,0.056,9.422,5.014
1424931949404,37.498218,139.922962,7,-0.021,0.024,9.494,4.989
1424931949500,37.498216,139.922968,7,0.067,0.053,9.503,4.964
1424931949600,37.498213,139.922973,7,0.097,-0.087,9.927,4.939
1424931949701,37.498211,139.922979,7,0.044,-0.005,9.496,4.913
1424931949802,37.498209,139.922985,7,0.095,0.139,9.172,4.888
1424931949902,37.498206,139.92299,7,0.032,0.08,9.415,4.863
1424931950003,37.498204,139.922996,7,-0.252,0.211,9.229,4.838
1424931950104,37.498202,139.923001,7,-0.111,0.153,9.387,4.813
1424931950204,37.4982,139.923007,7,-0.016,-0.171,10.054,4.788
1424931950300,37.498197,139.923012,7,-0.001,-0.123,10.018,4.765
1424931950401,37.498196,139.923017,7,0.021,0.115,9.391,4.75
1424931950502,37.498196,139.923022,7,0.167,0.141,9.079,4.75
1424931950602,37.498196,139.923028,7,0.238,0.066,9.354,4.75
1424931950703,37.498196,139.923033,7,0.07,-0.036,9.622,4.75
1424931950804,37.498196,139.923038,7,-0.192,-0.041,9.387,4.75
1424931950904,37.498196,139.923043,7,-0.232,0.123,9.626,4.75
1424931951000,37.498196,139.923048,7,-0.01,0.21,9.829,4.75
1424931951101,37.498196,139.923054,7,0.145,0.105,9.598,4.75
1424931951201,37.498196,139.923059,7,0.144,-0.055,9.381,4.75
1424931951302,37.498196,139.923064,7,0.181,-0.098,9.457,4.75
1424931951403,37.498195,139.92307,11,0.209,-0.046,9.521,4.814
1424931951504,37.498191,139.923079,11,0.166,0.064,9.582,4.968
1424931951604,37.498188,139.923087,11,0.037,0.08,9.471,5.127
1424931951700,37.498185,139.923096,11,0.022,0.006,9.571,5.284
1424931951801,37.498181,139.923105,11,0.099,-0.061,9.656,5.455
1424931951901,37.498177,139.923114,11,0.182,-0.027,9.561,5.629
1424931952002,37.498174,139.923124,11,0.356,0.007,9.584,5.811
1424931952103,37.49817,139.923134,11,0.335,0.036,9.481,5.998
1424931952203,37.498166,139.923144,11,0.206,0.083,9.285,6.189
1424931952304,37.498161,139.923155,11,0.105,0.031,9.448,6.388
1424931952400,37.498158,139.923163,11,0.029,-0.038,9.655,6.42
1424931952501,37.498155,139.923167,11,-0.029,0.023,9.589,6.22
1424931952601,37.498153,139.92317,11,-0.026,0.03,9.575,6.028
1424931952702,37.49815,139.923174,11,-0.049,0.069,9.41,5.84
1424931952803,37.498148,139.923178,11,0.07,-0.02,9.569,5.658
1424931952903,37.498146,139.923181,11,0.228,-0.076,9.605,5.482
1424931953004,37.498143,139.923185,11,0.132,-0.015,9.438,5.311
1424931953100,37.498141,139.923188,11,0.092,0.02,9.405,5.153
1424931953200,37.498139,139.923191,11,0.061,0.036,9.526,4.993
1424931953301,37.498137,139.923194,11,-0.064,0.07,9.45,4.838
1424931953402,37.498135,139.923198,8,-0.043,0.006,9.598,4.739
1424931953503,37.498133,139.923202,8,-0.038,0.011,9.55,4.713
1424931953603,37.498132,139.923206,8,-0.029,0.056,9.429,4.688
1424931953704,37.49813,139.92321,8,-0.003,0.001,9.59,4.662
1424931953800,37.498128,139.923213,8,0.039,-0.053,9.574,4.638
1424931953900,37.498126,139.923217,8,0.041,-0.006,9.414,4.613
1424931954001,37.498124,139.923221,8,0.13,-0.014,9.606,4.588
1424931954102,37.498123,139.923225,8,0.111,-0.037,9.57,4.563
1424931954203,37.498121,139.923229,8,0.038,-0.03,9.513,4.538
1424931954303,37.498119,139.923233,8,0.032,-0.037,9.513,4.514
1424931954404,37.498116,139.923237,12,0.069,-0.023,9.398,4.511
1424931954500,37.498112,139.923241,12,0.046,0.002,9.524,4.534
1424931954600,37.498108,139.923245,12,0.065,-0.008,9.684,4.559
1424931954701,37.498104,139.923249,12,0.057,-0.034,9.608,4.584
1424931954802,37.4981,139.923254,12,0.027,0.006,9.451,4.609
1424931954902,37.498096,139.923258,12,0.016,0.005,9.442,4.634
1424931955003,37.498091,139.923262,12,0.002,-0.044,9.571,4.659
1424931955104,37.498087,139.923267,12,0.045,-0.055,9.597,4.685
1424931955200,37.498083,139.923271,12,0.061,-0.055,9.537,4.709
1424931955300,37.498079,139.923275,12,0.011,-0.055,9.469,4.735
1424931955401,37.498076,139.92328,12,0.002,0.0,9.451,4.728
1424931955502,37.498076,139.923286,12,0.028,-0.016,9.603,4.676
1424931955602,37.498077,139.923291,12,-0.014,-0.021,9.568,4.624
1424931955703,37.498077,139.923296,12,-0.066,-0.012,9.455,4.572
1424931955804,37.498077,139.923302,12,-0.075,-0.044,9.579,4.521
1424931955900,37.498078,139.923307,12,-0.092,-0.012,9.593,4.473
1424931956000,37.498078,139.923312,12,-0.017,0.004,9.556,4.424
1424931956101,37.498078,139.923317,12,0.016,0.009,9.472,4.374
1424931956202,37.498079,139.923322,12,0.034,0.045,9.458,4.325
1424931956302,37.498079,139.923327,12,0.035,0.001,9.545,4.277
1424931956403,37.498079,139.923332,12,-0.007,0.012,9.551,4.239
1424931956504,37.49808,139.923337,12,-0.03,0.068,9.389,4.213
1424931956604,37.498081,139.923342,12,-0.001,0.058,9.421,4.188
1424931956700,37.498081,139.923346,12,0.015,-0.012,9.621,4.163
1424931956801,37.498082,139.923351,12,-0.038,-0.011,9.593,4.138
1424931956901,37.498082,139.923356,12,-0.05,0.017,9.497,4.113
1424931957002,37.498083,139.923361,12,0.041,0.04,9.508,4.088
1424931957103,37.498083,139.923365,12,0.049,0.001,9.493,4.063
1424931957204,37.498084,139.92337,12,0.011,0.014,9.479,4.038
1424931957304,37.498085,139.923374,12,-0.016,0.01,9.521,4.014
1424931957400,37.498084,139.923378,13,-0.01,0.006,9.566,3.979
1424931957501,37.498081,139.923382,13,0.058,-0.034,9.536,3.925
1424931957601,37.498079,139.923385,13,0.052,0.011,9.494,3.873
1424931957702,37.498076,139.923388,13,0.09,0.047,9.526,3.821
1424931957803,37.498074,139.923391,13,0.072,0.034,9.497,3.77
1424931957904,37.498071,139.923394,13,0.059,0.036,9.486,3.72
1424931958004,37.498069,139.923397,13,0.077,-0.024,9.608,3.67
1424931958100,37.498066,139.9234,13,0.029,-0.037,9.536,3.624
1424931958201,37.498064,139.923403,13,-0.06,-0.067,9.443,3.575
1424931958301,37.498061,139.923406,13,-0.047,-0.185,9.595,3.528
1424931958402,37.49806,139.923408,14,-0.004,-0.265,9.615,3.465
1424931958503,37.49806,139.923409,14,0.018,-0.185,9.42,3.382
1424931958603,37.498059,139.92341,14,0.033,-0.222,9.359,3.301
1424931958704,37.498059,139.92341,14,-0.04,-0.42,9.875,3.222
1424931958800,37.498059,139.923411,14,-0.07,-0.335,9.64,3.148
1424931958900,37.498059,139.923411,14,0.002,-0.244,9.342,3.073
1424931959001,37.498059,139.923412,14,0.106,-0.33,9.553,2.999
1424931959102,37.498058,139.923413,14,0.159,-0.334,9.578,2.926
1424931959203,37.498058,139.923413,14,0.162,-0.096,9.005,2.856
1424931959303,37.498058,139.923414,14,0.197,-0.166,9.136,2.788
1424931959404,37.498058,139.923416,14,0.084,-0.498,10.04,2.761
1424931959500,37.498058,139.92342,14,-0.051,-0.531,9.992,2.784
1424931959601,37.498058,139.923424,14,-0.124,-0.365,9.336,2.808
1424931959701,37.498058,139.923428,14,-0.083,-0.396,9.33,2.833
1424931959802,37.498058,139.923432,14,-0.094,-0.494,9.487,2.858
1424931959903,37.498057,139.923436,14,-0.055,-0.543,9.784,2.883
1424931960003,37.498057,139.923441,14,-0.085,-0.503,9.531,2.908
1424931960104,37.498057,139.923445,14,-0.087,-0.511,9.343,2.934
1424931960200,37.498057,139.923449,14,0.012,-0.556,9.484,2.959
1424931960300,37.498057,139.923453,14,0.129,-0.555,9.646,2.984
1424931960401,37.498056,139.923456,14,0.182,-0.538,9.493,2.951
1424931960502,37.498055,139.923457,14,0.189,-0.532,9.348,2.834
1424931960603,37.498054,139.923458,14,0.131,-0.516,9.426,2.72
1424931960703,37.498052,139.923458,14,0.045,-0.423,9.465,2.612
1424931960804,37.498051,139.923459,14,-0.019,-0.197,9.634,2.507
1424931960900,37.49805,139.92346,14,-0.057,-0.086,9.667,2.41
1424931961000,37.498049,139.92346,14,-0.052,-0.184,9.577,2.314
1424931961101,37.498048,139.923461,14,-0.014,-0.265,9.49,2.221
1424931961202,37.498047,139.923461,14,-0.005,-0.217,9.45,2.131
1424931961303,37.498046,139.923462,14,0.032,-0.142,9.523,2.046
1424931961403,37.498043,139.923463,15,0.064,-0.17,9.561,1.989
1424931961504,37.49804,139.923465,15,0.05,-0.206,9.484,1.962
1424931961600,37.498036,139.923467,15,0.01,-0.179,9.497,1.937
1424931961700,37.498033,139.923469,15,-0.039,-0.147,9.566,1.911
1424931961801,37.498029,139.923471,15,-0.044,-0.176,9.545,1.886
1424931961902,37.498025,139.923473,15,-0.005,-0.185,9.51,1.86
1424931962002,37.498022,139.923475,15,0.024,-0.126,9.504,1.836
1424931962103,37.498019,139.923477,15,0.082,-0.1,9.506,1.811
1424931962204,37.498015,139.923479,15,0.119,-0.104,9.489,1.787
1424931962305,37.498012,139.923481,15,0.11,-0.068,9.427,1.763
1424931962400,37.498009,139.923483,15,0.101,-0.074,9.482,1.739
1424931962501,37.498008,139.923484,15,0.053,-0.078,9.534,1.712
1424931962602,37.498006,139.923486,15,-0.011,-0.058,9.529,1.686
1424931962702,37.498005,139.923487,15,-0.014,-0.023,9.49,1.66
1424931962803,37.498003,139.923488,15,0.022,-0.031,9.492,1.635
1424931962904,37.498002,139.92349,15,0.042,-0.044,9.539,1.609
1424931963004,37.498,139.923491,15,0.015,-0.054,9.535,1.585
1424931963100,37.497999,139.923493,15,-0.003,-0.046,9.499,1.561
1424931963206,37.497997,139.923494,15,0.013,-0.048,9.495,1.536
1424931963302,37.497996,139.923495,15,0.042,-0.065,9.526,1.513
1424931963401,37.497995,139.923497,13,0.058,-0.071,9.526,1.509
1424931963503,37.497995,139.9235,13,0.075,-0.092,9.499,1.533
1424931963602,37.497996,139.923503,13,0.055,-0.091,9.515,1.557
1424931963704,37.497996,139.923506,13,0.008,-0.086,9.514,1.582
1424931963800,37.497996,139.923509,13,-0.036,-0.11,9.54,1.605
1424931963901,37.497997,139.923512,13,-0.065,-0.112,9.579,1.63
1424931964001,37.497997,139.923515,13,-0.066,-0.114,9.541,1.656
1424931964102,37.497997,139.923518,13,-0.007,-0.096,9.507,1.682
1424931964203,37.497997,139.923521,13,0.071,-0.081,9.475,1.708
1424931964304,37.497998,139.923524,13,0.083,-0.064,9.479,1.735
1424931964404,37.497998,139.923527,13,0.048,-0.066,9.488,1.738
1424931964500,37.497997,139.923529,13,0.0,-0.08,9.531,1.713
1424931964601,37.497997,139.92353,13,-0.034,-0.077,9.536,1.686
1424931964701,37.497997,139.923532,13,-0.059,-0.061,9.53,1.66
1424931964802,37.497996,139.923534,13,-0.054,-0.08,9.524,1.635
1424931964903,37.497996,139.923536,13,-0.022,-0.112,9.509,1.609
1424931965004,37.497995,139.923537,13,0.007,-0.121,9.482,1.585
1424931965104,37.497995,139.923539,13,0.023,-0.105,9.488,1.56
1424931965200,37.497995,139.92354,13,0.036,-0.103,9.514,1.537
1424931965301,37.497994,139.923542,13,0.024,-0.099,9.529,1.514
1424931965401,37.497994,139.923544,14,-0.007,-0.094,9.521,1.489
1424931965502,37.497994,139.923545,14,-0.045,-0.091,9.525,1.462
1424931965603,37.497995,139.923547,14,-0.052,-0.093,9.505,1.435
1424931965703,37.497995,139.923548,14,-0.037,-0.081,9.532,1.409
1424931965804,37.497995,139.92355,14,0.008,-0.087,9.536,1.383
1424931965900,37.497996,139.923551,14,0.018,-0.081,9.529,1.359
1424931966000,37.497996,139.923552,14,0.006,-0.085,9.508,1.335
1424931966101,37.497996,139.923554,14,-0.022,-0.097,9.54,1.31
1424931966202,37.497997,139.923555,14,-0.035,-0.11,9.549,1.286
1424931966303,37.497997,139.923556,14,-0.044,-0.131,9.543,1.263
1424931966403,37.497997,139.923557,14,-0.046,-0.126,9.543,1.238
1424931966504,37.497997,139.923558,14,-0.03,-0.112,9.515,1.211
1424931966600,37.497998,139.923559,14,-0.001,-0.101,9.496,1.185
1424931966700,37.497998,139.923559,14,0.014,-0.1,9.502,1.159
1424931966801,37.497998,139.92356,14,0.016,-0.096,9.475,1.133
1424931966902,37.497998,139.92356,14,0.005,-0.076,9.511,1.108
1424931967003,37.497998,139.923561,14,-0.002,-0.046,9.531,1.083
1424931967103,37.497999,139.923562,14,-0.008,-0.025,9.518,1.059
1424931967204,37.497999,139.923562,14,-0.014,-0.016,9.51,1.035
1424931967300,37.497999,139.923563,14,-0.024,-0.026,9.514,1.013
1424931967400,37.497999,139.923563,15,-0.02,-0.024,9.519,0.953
1424931967501,37.498,139.923563,15,-0.026,-0.028,9.522,0.84
1424931967602,37.498001,139.923562,15,-0.013,-0.016,9.521,0.736
1424931967702,37.498002,139.923562,15,-0.002,-0.002,9.527,0.642
1424931967803,37.498003,139.923562,15,0.002,0.005,9.513,0.557
1424931967904,37.498003,139.923562,15,-0.013,0.007,9.518,0.48
1424931968000,37.498004,139.923561,15,-0.022,0.011,9.512,0.416
1424931968100,37.498004,139.923561,15,-0.023,-0.001,9.5,0.358
1424931968201,37.498005,139.923561,15,-0.017,-0.0,9.531,0.309
1424931968302,37.498005,139.923561,15,-0.015,-0.005,9.52,0.269
1424931968402,37.498005,139.92356,15,-0.012,0.008,9.525,0.229
1424931968503,37.498006,139.923557,15,-0.015,0.024,9.538,0.184
1424931968604,37.498007,139.923555,15,-0.014,0.028,9.508,0.143
1424931968704,37.498007,139.923552,15,-0.016,0.02,9.5,0.108
1424931968800,37.498008,139.923551,15,-0.025,0.025,9.515,0.078
1424931968901,37.498008,139.923549,15,-0.022,0.041,9.513,0.053
1424931969002,37.498008,139.923548,15,-0.017,0.091,9.531,0.032
1424931969102,37.498009,139.923547,15,-0.005,0.15,9.507,0.017
1424931969203,37.498009,139.923546,15,0.001,0.229,9.506,0.006
1424931969304,37.498009,139.923546,15,-0.004,0.278,9.491,0.001
1424931976404,37.498016,139.923548,11,-0.053,1.345,9.53,0.001
1424931976504,37.498016,139.923548,11,-0.064,1.377,9.501,0.01
1424931976600,37.498016,139.923548,11,-0.04,1.451,9.455,0.029
1424931976701,37.498016,139.923548,11,-0.001,1.486,9.488,0.058
1424931976801,37.498016,139.923549,11,0.053,1.477,9.516,0.097
1424931976902,37.498015,139.923549,11,0.035,1.478,9.491,0.147
1424931977003,37.498015,139.92355,11,0.065,1.506,9.436,0.207
1424931977103,37.498015,139.92355,11,0.097,1.514,9.412,0.276
1424931977204,37.498015,139.923551,11,0.049,1.484,9.509,0.356
1424931977305,37.498014,139.923552,11,-0.05,1.477,9.552,0.447
1424931977401,37.498014,139.923552,13,-0.13,1.475,9.524,0.508
1424931977500,37.498014,139.923554,13,-0.075,1.469,9.396,0.529
1424931977602,37.498014,139.923555,13,0.003,1.348,9.353,0.551
1424931977701,37.498014,139.923556,13,-0.021,1.136,9.596,0.574
1424931977803,37.498014,139.923558,13,-0.067,1.061,9.658,0.598
1424931977903,37.498014,139.923559,13,-0.058,1.036,9.344,0.623
1424931978000,37.498015,139.92356,13,-0.044,0.888,9.279,0.648
1424931978101,37.498015,139.923562,13,-0.066,0.665,9.528,0.676
1424931978201,37.498015,139.923563,13,-0.003,0.619,9.586,0.704
1424931978302,37.498015,139.923565,13,0.013,0.578,9.401,0.733
1424931978403,37.498015,139.923567,13,0.006,0.455,9.433,0.759
1424931978504,37.498015,139.923568,13,-0.044,0.448,9.655,0.782
1424931978604,37.498014,139.92357,13,-0.088,0.484,9.524,0.804
1424931978700,37.498014,139.923571,13,-0.18,0.446,9.407,0.827
1424931978801,37.498014,139.923573,13,-0.095,0.309,9.752,0.851
1424931978901,37.498013,139.923575,13,0.072,0.364,9.562,0.876
1424931979002,37.498013,139.923576,13,0.15,0.548,9.081,0.902
1424931979103,37.498013,139.923578,13,0.243,0.375,9.485,0.929
1424931979203,37.498013,139.92358,13,0.224,0.256,9.701,0.956
1424931979304,37.498012,139.923582,13,0.055,0.368,9.42,0.984
1424931979400,37.498012,139.923584,13,0.024,0.354,9.426,1.032
1424931979500,37.498011,139.923586,13,-0.093,0.255,9.581,1.117
1424931979601,37.49801,139.923588,13,-0.139,0.174,9.611,1.213
1424931979702,37.498009,139.923591,13,-0.052,0.109,9.587,1.319
1424931979802,37.498008,139.923593,13,0.027,0.191,9.292,1.434
1424931979903,37.498007,139.923596,13,0.043,0.155,9.362,1.559
1424931980004,37.498005,139.9236,13,0.072,0.043,9.497,1.695
1424931980100,37.498004,139.923603,13,0.116,-0.131,9.798,1.833
1424931980200,37.498003,139.923607,13,0.154,-0.09,9.688,1.985
1424931980301,37.498001,139.923611,13,0.173,0.026,9.286,2.15
1424931980402,37.497999,139.923614,13,0.318,-0.086,9.343,2.25
1424931980502,37.497998,139.923617,13,0.583,-0.188,9.771,2.25
1424931980603,37.497997,139.92362,13,0.691,-0.156,9.681,2.25
1424931980704,37.497996,139.923623,13,0.636,-0.099,9.352,2.25
1424931980800,37.497994,139.923626,13,0.467,-0.104,9.481,2.25
1424931980900,37.497993,139.923629,13,0.403,-0.148,9.665,2.25
1424931981001,37.497992,139.923632,13,0.453,-0.144,9.679,2.25
1424931981102,37.49799,139.923635,13,0.486,-0.009,9.406,2.25
1424931981202,37.497989,139.923637,13,0.432,0.073,9.247,2.25
1424931981303,37.497988,139.92364,13,0.371,0.14,9.113,2.25
1424931981405,37.497987,139.923643,12,0.618,-0.114,9.871,2.238
1424931981500,37.497986,139.923646,12,0.924,-0.172,9.954,2.213
1424931981600,37.497985,139.923648,12,1.11,0.025,9.403,2.187
1424931981701,37.497984,139.923651,12,1.33,0.076,9.361,2.161
1424931981802,37.497983,139.923653,12,1.236,0.091,9.159,2.136
1424931981902,37.497982,139.923656,12,0.997,0.093,9.26,2.111
1424931982003,37.497981,139.923658,12,0.749,0.143,9.592,2.086
1424931982104,37.49798,139.923661,12,0.612,0.141,9.711,2.061
1424931982204,37.497979,139.923663,12,0.489,0.232,9.551,2.037
1424931982300,37.497979,139.923666,12,0.411,0.32,9.475,2.014
1424931982401,37.497978,139.923668,12,0.404,0.281,9.701,2.0
1424931982502,37.497977,139.92367,12,0.679,0.318,9.501,2.0
1424931982602,37.497976,139.923672,12,0.989,0.262,9.443,2.0
1424931982703,37.497975,139.923674,12,1.148,0.245,9.378,2.0
1424931982804,37.497974,139.923676,12,1.298,0.15,9.345,2.0
1424931982904,37.497973,139.923678,12,1.351,0.286,9.771,2.0
1424931983000,37.497972,139.92368,12,1.341,0.265,9.9,2.0
1424931983101,37.497971,139.923683,12,1.191,0.174,9.534,2.0
1424931983201,37.49797,139.923685,12,1.067,0.089,9.239,2.0
1424931983302,37.497969,139.923687,12,0.999,0.218,9.127,2.0
1424931983403,37.497967,139.923689,11,0.755,0.321,9.694,2.0
1424931983504,37.497965,139.92369,11,0.393,0.408,9.672,2.0
1424931983604,37.497964,139.923692,11,0.261,0.298,9.752,2.0
1424931983700,37.497962,139.923693,11,0.27,0.239,9.908,2.0
1424931983801,37.49796,139.923695,11,0.635,0.304,9.442,2.0
1424931983901,37.497958,139.923696,11,1.08,0.31,9.272,2.0
1424931984002,37.497956,139.923698,11,1.46,0.374,9.486,2.0
1424931984103,37.497955,139.923699,11,1.829,0.472,9.596,2.0
1424931984203,37.497953,139.923701,11,1.659,0.39,9.409,2.0
1424931984304,37.497951,139.923702,11,1.36,0.397,9.427,2.0
1424931984400,37.497949,139.923703,11,0.975,0.519,9.582,2.009
1424931984500,37.497946,139.923703,11,0.846,0.632,9.554,2.033
1424931984601,37.497944,139.923704,11,0.894,0.845,9.569,2.058
1424931984702,37.497941,139.923704,11,0.874,0.978,9.623,2.082
1424931984803,37.497938,139.923704,11,0.619,0.915,9.712,2.107
1424931984903,37.497936,139.923705,11,0.655,0.849,9.446,2.132
1424931985004,37.497933,139.923705,11,0.858,0.978,9.455,2.158
1424931985100,37.49793,139.923705,11,1.01,1.122,9.586,2.182
1424931985200,37.497928,139.923706,11,1.12,1.275,9.393,2.208
1424931985301,37.497925,139.923706,11,1.05,1.299,9.285,2.234
1424931985402,37.497922,139.923706,11,1.024,1.256,9.449,2.269
1424931985503,37.497919,139.923705,11,1.063,1.145,9.5,2.315
1424931985603,37.497916,139.923705,11,0.976,1.224,9.611,2.362
1424931985704,37.497913,139.923704,11,0.856,1.273,9.497,2.411
1424931985800,37.49791,139.923704,11,0.794,1.15,9.507,2.458
1424931985900,37.497907,139.923703,11,0.679,1.075,9.48,2.508
1424931986001,37.497904,139.923702,11,0.599,1.041,9.454,2.559
1424931986102,37.497901,139.923702,11,0.505,1.035,9.419,2.611
1424931986203,37.497897,139.923701,11,0.415,1.084,9.509,2.665
1424931986303,37.497894,139.9237,11,0.47,1.059,9.632,2.719
1424931986404,37.49789,139.923699,12,0.342,1.006,9.691,2.832
1424931986500,37.497886,139.923698,12,0.234,1.059,9.479,3.025
1424931986600,37.497882,139.923696,12,0.188,1.054,9.436,3.243
1424931986701,37.497877,139.923694,12,0.271,1.043,9.364,3.482
1424931986802,37.497871,139.923692,12,0.331,0.994,9.462,3.739
1424931986902,37.497865,139.92369,12,0.278,0.917,9.54,4.013
1424931987003,37.497859,139.923688,12,0.138,0.877,9.674,4.308
1424931987104,37.497853,139.923685,12,0.04,0.811,9.515,4.621
1424931987200,37.497846,139.923683,12,0.015,0.813,9.357,4.937
1424931987300,37.497839,139.92368,12,0.002,0.716,9.363,5.283
1424931987401,37.497831,139.923676,12,0.039,0.573,9.514,5.538
1424931987502,37.497823,139.923671,12,0.018,0.481,9.672,5.632
1424931987602,37.497815,139.923666,12,-0.082,0.479,9.57,5.727
1424931987703,37.497807,139.923661,12,-0.132,0.458,9.456,5.824
1424931987804,37.497798,139.923656,12,-0.118,0.279,9.466,5.923
1424931987904,37.49779,139.92365,12,-0.073,0.177,9.55,6.023
1424931988000,37.497782,139.923645,12,-0.059,0.187,9.497,6.121
1424931988101,37.497773,139.92364,12,0.009,0.1,9.569,6.225
1424931988202,37.497764,139.923634,12,0.058,-0.008,9.534,6.331
1424931988302,37.497755,139.923628,12,0.06,0.019,9.45,6.437
1424931988403,37.497748,139.923624,9,0.074,0.025,9.467,6.511
1424931988504,37.497742,139.923621,9,0.109,-0.019,9.51,6.535
1424931988604,37.497737,139.923618,9,0.018,-0.077,9.573,6.56
1424931988700,37.497732,139.923615,9,-0.033,0.009,9.562,6.584
1424931988801,37.497727,139.923612,9,-0.063,0.032,9.284,6.609
1424931988902,37.497722,139.923609,9,-0.029,-0.092,9.574,6.634
1424931989002,37.497716,139.923607,9,-0.054,-0.279,9.766,6.659
1424931989103,37.497711,139.923604,9,-0.063,-0.311,9.582,6.685
1424931989204,37.497705,139.923601,9,0.008,-0.237,9.425,6.71
1424931989304,37.4977,139.923598,9,0.001,-0.21,9.464,6.736
1424931989400,37.497695,139.923595,6,-0.066,-0.288,9.401,6.74
1424931989501,37.49769,139.923591,6,-0.074,-0.236,9.569,6.714
1424931989601,37.497685,139.923588,6,-0.117,-0.27,9.669,6.689
1424931989702,37.49768,139.923584,6,-0.155,-0.26,9.503,6.663
1424931989803,37.497676,139.923581,6,-0.157,-0.249,9.396,6.638
1424931989904,37.497671,139.923577,6,-0.04,-0.242,9.437,6.613
1424931990004,37.497666,139.923574,6,0.015,-0.262,9.527,6.588
1424931990100,37.497661,139.923571,6,-0.077,-0.215,9.479,6.564
1424931990201,37.497657,139.923567,6,-0.092,-0.225,9.582,6.539
1424931990301,37.497652,139.923564,6,0.044,-0.367,9.709,6.514
1424931990402,37.497646,139.923561,6,-0.157,-0.285,9.432,6.489
1424931990503,37.49764,139.923558,6,-0.17,-0.197,9.314,6.464
1424931990603,37.497634,139.923556,6,0.049,-0.355,9.692,6.438
1424931990704,37.497628,139.923553,6,0.109,-0.425,9.678,6.413
1424931990800,37.497623,139.92355,6,-0.037,-0.398,9.563,6.389
1424931990901,37.497617,139.923548,6,-0.112,-0.261,9.502,6.364
1424931991001,37.497611,139.923545,6,-0.119,-0.381,9.399,6.339
1424931991102,37.497605,139.923543,6,-0.175,-0.487,9.407,6.314
1424931991203,37.497599,139.92354,6,-0.15,-0.436,9.577,6.289
1424931991303,37.497593,139.923537,6,0.026,-0.392,9.554,6.264
1424931991404,37.497588,139.923535,7,0.117,-0.469,9.462,6.227
1424931991500,37.497582,139.923533,7,0.047,-0.57,9.479,6.177
1424931991605,37.497577,139.92353,7,-0.103,-0.582,9.56,6.124
1424931991701,37.497572,139.923528,7,-0.136,-0.538,9.518,6.075
1424931991800,37.497567,139.923526,7,-0.074,-0.51,9.418,6.025
1424931991903,37.497561,139.923524,7,-0.044,-0.554,9.526,5.973
1424931992002,37.497556,139.923522,7,-0.01,-0.612,9.775,5.924
1424931992104,37.497551,139.923519,7,-0.128,-0.466,9.495,5.874
1424931992200,37.497546,139.923517,7,-0.242,-0.355,9.254,5.827
1424931992300,37.497541,139.923515,7,-0.146,-0.412,9.282,5.779
1424931992401,37.497536,139.923513,7,-0.12,-0.509,9.645,5.729
1424931992502,37.497531,139.92351,7,-0.195,-0.58,9.766,5.676
1424931992603,37.497526,139.923507,7,-0.199,-0.503,9.59,5.624
1424931992703,37.497521,139.923505,7,-0.103,-0.449,9.491,5.573
1424931992804,37.497517,139.923502,7,-0.149,-0.527,9.532,5.522
1424931992900,37.497512,139.9235,7,-0.184,-0.589,9.487,5.474
1424931993000,37.497507,139.923497,7,-0.234,-0.56,9.495,5.425
1424931993101,37.497503,139.923495,7,-0.164,-0.49,9.586,5.375
1424931993202,37.497498,139.923492,7,-0.084,-0.407,9.633,5.326
1424931993302,37.497494,139.923489,7,-0.079,-0.377,9.536,5.278
1424931993403,37.497489,139.923487,6,-0.13,-0.423,9.511,5.227
1424931993504,37.497485,139.923486,6,-0.156,-0.478,9.537,5.175
1424931993604,37.497481,139.923484,6,-0.088,-0.416,9.411,5.123
1424931993700,37.497478,139.923482,6,-0.014,-0.442,9.514,5.074
1424931993801,37.497474,139.923481,6,-0.007,-0.508,9.647,5.023
1424931993902,37.49747,139.923479,6,-0.064,-0.514,9.611,4.973
1424931994002,37.497466,139.923478,6,-0.072,-0.449,9.464,4.923
1424931994103,37.497462,139.923476,6,-0.032,-0.474,9.468,4.874
1424931994204,37.497459,139.923474,6,0.021,-0.573,9.535,4.825
1424931994304,37.497455,139.923473,6,0.014,-0.645,9.488,4.777
1424931994400,37.497452,139.923471,7,-0.028,-0.692,9.499,4.729
1424931994501,37.497448,139.923469,7,0.012,-0.718,9.553,4.676
1424931994602,37.497445,139.923467,7,0.044,-0.733,9.529,4.624
1424931994702,37.497442,139.923465,7,0.048,-0.745,9.489,4.573
1424931994803,37.497439,139.923462,7,0.056,-0.835,9.517,4.522
1424931994904,37.497436,139.92346,7,0.119,-0.885,9.606,4.471
1424931995004,37.497433,139.923458,7,0.136,-0.818,9.539,4.422
1424931995100,37.49743,139.923456,7,0.187,-0.823,9.531,4.375
1424931995201,37.497427,139.923454,7,0.243,-0.878,9.574,4.326
1424931995302,37.497424,139.923452,7,0.347,-0.902,9.611,4.277
1424931995402,37.497421,139.92345,8,0.403,-0.877,9.449,4.216
1424931995503,37.497419,139.923448,8,0.178,-0.866,9.537,4.134
1424931995604,37.497418,139.923447,8,0.131,-0.874,9.528,4.054
1424931995704,37.497416,139.923445,8,0.085,-0.877,9.568,3.976
1424931995800,37.497414,139.923443,8,0.16,-0.891,9.608,3.902
1424931995901,37.497412,139.923441,8,0.296,-0.862,9.493,3.826
1424931996001,37.497411,139.92344,8,0.523,-0.931,9.555,3.753
1424931996102,37.497409,139.923438,8,0.629,-1.012,9.645,3.68
1424931996203,37.497407,139.923436,8,0.61,-0.959,9.543,3.608
1424931996304,37.497406,139.923435,8,0.585,-0.826,9.463,3.538
1424931996404,37.497404,139.923433,8,0.503,-0.843,9.551,3.449
1424931996500,37.497402,139.923432,8,0.385,-0.878,9.525,3.34
1424931996601,37.497401,139.923431,8,0.271,-0.823,9.547,3.229
1424931996701,37.497399,139.923429,8,0.329,-0.755,9.609,3.122
1424931996802,37.497397,139.923428,8,0.467,-0.75,9.571,3.017
1424931996903,37.497396,139.923427,8,0.567,-0.77,9.527,2.916
1424931997004,37.497394,139.923426,8,0.58,-0.743,9.529,2.818
1424931997104,37.497393,139.923425,8,0.543,-0.669,9.522,2.724
1424931997200,37.497391,139.923424,8,0.544,-0.605,9.52,2.638
1424931997301,37.49739,139.923423,8,0.562,-0.55,9.466,2.55
1424931997401,37.497389,139.923421,7,0.526,-0.5,9.563,2.51
1424931997502,37.497387,139.923417,7,0.442,-0.315,9.469,2.534
1424931997603,37.497386,139.923414,7,0.39,-0.225,9.363,2.559
1424931997703,37.497385,139.923411,7,0.44,-0.213,9.481,2.583
1424931997804,37.497384,139.923407,7,0.476,-0.293,9.594,2.608
1424931997900,37.497383,139.923404,7,0.59,-0.384,9.646,2.632
1424931998000,37.497381,139.923401,7,0.617,-0.525,9.535,2.657
1424931998101,37.49738,139.923397,7,0.578,-0.618,9.505,2.683
1424931998202,37.497379,139.923394,7,0.501,-0.716,9.462,2.709
1424931998303,37.497378,139.92339,7,0.431,-0.766,9.491,2.735
1424931998403,37.497377,139.923386,7,0.397,-0.736,9.525,2.726
1424931998504,37.497377,139.923381,7,0.34,-0.62,9.513,2.672
1424931998600,37.497377,139.923377,7,0.263,-0.61,9.487,2.621
1424931998700,37.497377,139.923373,7,0.229,-0.623,9.527,2.569
1424931998801,37.497377,139.923368,7,0.343,-0.584,9.579,2.517
1424931998902,37.497376,139.923364,7,0.406,-0.618,9.63,2.467
1424931999002,37.497376,139.92336,7,0.421,-0.763,9.661,2.418
1424931999103,37.497376,139.923356,7,0.317,-0.845,9.704,2.369
1424931999204,37.497376,139.923352,7,0.32,-0.788,9.497,2.321
1424931999300,37.497376,139.923348,7,0.316,-0.769,9.32,2.277
1424931999400,37.497376,139.923345,7,0.255,-0.788,9.441,2.214
1424931999501,37.497376,139.923341,7,0.199,-0.704,9.508,2.126
1424931999602,37.497376,139.923338,7,0.03,-0.589,9.469,2.041
1424931999702,37.497376,139.923335,7,-0.232,-0.512,9.522,1.96
1424931999803,37.497376,139.923332,7,-0.425,-0.316,9.482,1.881
1424931999904,37.497376,139.923329,7,-0.419,-0.21,9.625,1.805
1424932000000,37.497376,139.923327,7,-0.254,-0.141,9.66,1.735
1424932000100,37.497376,139.923324,7,-0.056,-0.088,9.598,1.666
1424932000201,37.497376,139.923322,7,0.017,-0.042,9.502,1.599
1424932000302,37.497376,139.923319,7,0.056,-0.009,9.52,1.535
1424932000402,37.497376,139.923317,6,0.079,0.017,9.591,1.51
1424932000503,37.497377,139.923315,6,0.15,0.045,9.503,1.533
1424932000604,37.497377,139.923312,6,0.19,-0.092,9.715,1.557
1424932000705,37.497377,139.92331,6,0.166,-0.112,9.674,1.582
1424932000800,37.497378,139.923307,6,0.118,0.04,9.269,1.605
1424932000901,37.497378,139.923305,6,0.098,0.21,9.221,1.63
1424932001002,37.497379,139.923302,6,-0.044,0.212,9.39,1.656
1424932001102,37.497379,139.9233,6,-0.311,0.275,9.612,1.682
1424932001203,37.497379,139.923297,6,-0.425,0.282,9.537,1.708
1424932001304,37.49738,139.923294,6,-0.224,0.182,9.548,1.735
1424932001404,37.49738,139.923292,6,0.003,0.115,9.665,1.769
1424932001500,37.497382,139.923291,6,0.123,0.218,9.614,1.812
1424932001601,37.497383,139.92329,6,0.271,0.349,9.299,1.859
1424932001701,37.497384,139.923288,6,0.232,0.212,9.611,1.906
1424932001802,37.497385,139.923286,6,0.206,0.164,9.648,1.956
1424932001903,37.497387,139.923285,6,0.248,0.329,9.321,2.006
1424932002004,37.497388,139.923283,6,0.144,0.385,9.28,2.058
1424932002104,37.497389,139.923281,6,-0.023,0.181,9.757,2.11
1424932002200,37.497391,139.92328,6,0.037,0.209,9.754,2.162
1424932002301,37.497392,139.923278,6,0.157,0.392,9.337,2.217
1424932002401,37.497393,139.923276,6,0.125,0.363,9.296,2.277
1424932002502,37.497394,139.923275,6,0.266,0.204,9.73,2.343
1424932002603,37.497395,139.923273,6,0.283,0.355,9.786,2.413
1424932002703,37.497396,139.923271,6,-0.071,0.826,9.259,2.483
1424932002804,37.497397,139.923269,6,-0.31,0.957,9.096,2.557
1424932002900,37.497398,139.923267,6,-0.255,0.711,9.581,2.628
1424932003001,37.497398,139.923265,6,-0.248,0.545,9.822,2.706
1424932003101,37.497399,139.923263,6,-0.268,0.72,9.576,2.785
1424932003202,37.4974,139.923261,6,-0.351,0.935,9.057,2.867
1424932003303,37.497401,139.923258,6,-0.293,0.986,9.179,2.951
1424932003403,37.497402,139.923255,6,0.091,0.698,10.084,3.02
1424932003504,37.497403,139.923252,6,0.407,0.659,9.849,3.067
1424932003600,37.497404,139.923248,6,0.405,0.827,9.382,3.113
1424932003700,37.497405,139.923244,6,0.547,0.88,9.409,3.161
1424932003801,37.497405,139.923241,6,0.343,0.683,9.239,3.211
1424932003902,37.497406,139.923237,6,0.035,0.609,9.492,3.261
1424932004003,37.497407,139.923233,6,-0.242,0.771,9.684,3.313
1424932004103,37.497408,139.923229,6,-0.532,0.85,9.504,3.364
1424932004204,37.497409,139.923224,6,-0.754,0.674,9.284,3.417
1424932004300,37.497409,139.923221,6,-0.71,0.79,9.61,3.468
1424932004400,37.49741,139.923216,5,-0.48,0.971,9.732,3.51
1424932004501,37.497411,139.923211,5,-0.141,0.892,9.622,3.534
1424932004602,37.497412,139.923207,5,0.172,0.793,9.488,3.559
1424932004703,37.497412,139.923202,5,0.237,0.785,9.38,3.584
1424932004803,37.497413,139.923197,5,0.195,0.8,9.4,3.609
1424932004904,37.497414,139.923192,5,0.112,0.761,9.568,3.634
1424932005000,37.497414,139.923188,5,-0.066,0.738,9.651,3.658
1424932005100,37.497415,139.923183,5,-0.245,0.81,9.497,3.683
1424932005201,37.497416,139.923178,5,-0.311,0.85,9.46,3.709
1424932005302,37.497417,139.923173,5,-0.285,0.811,9.546,3.735
1424932005402,37.497417,139.923168,5,-0.215,0.778,9.563,3.77
1424932005503,37.497418,139.923163,5,-0.17,0.755,9.426,3.818
1424932005604,37.497419,139.923158,5,-0.192,0.813,9.432,3.866
1424932005705,37.49742,139.923153,5,-0.127,0.814,9.534,3.915
1424932005800,37.49742,139.923149,5,-0.05,0.726,9.571,3.962
1424932005906,37.497421,139.923143,5,-0.036,0.599,9.44,4.015
1424932006002,37.497422,139.923139,5,-0.06,0.372,9.41,4.064
1424932006101,37.497423,139.923134,5,-0.019,0.044,9.557,4.115
1424932006203,37.497424,139.923128,5,-0.046,-0.022,9.564,4.167
1424932006302,37.497425,139.923123,5,-0.072,-0.064,9.455,4.219
1424932006405,37.497426,139.923117,7,-0.087,-0.037,9.515,4.308
1424932006500,37.497427,139.92311,7,-0.024,-0.088,9.681,4.433
1424932006601,37.497428,139.923102,7,0.062,-0.19,9.737,4.57
1424932006702,37.49743,139.923094,7,0.051,-0.123,9.486,4.712
1424932006802,37.497431,139.923086,7,0.096,0.035,9.043,4.858
1424932006903,37.497433,139.923077,7,-0.026,-0.06,9.521,5.009
1424932007004,37.497434,139.923068,7,-0.152,-0.312,10.173,5.164
1424932007104,37.497436,139.923059,7,-0.098,-0.22,9.695,5.323
1424932007200,37.497437,139.92305,7,-0.095,-0.02,9.36,5.48
1424932007301,37.497439,139.923041,7,-0.05,0.007,9.369,5.649
1424932007402,37.49744,139.923033,7,0.026,-0.082,9.385,5.76
1424932007502,37.497441,139.923027,7,0.07,-0.111,9.377,5.785
1424932007603,37.497441,139.923021,7,0.024,-0.004,9.581,5.81
1424932007704,37.497442,139.923015,7,-0.179,-0.005,9.613,5.835
1424932007804,37.497443,139.923009,7,-0.226,-0.088,9.547,5.86
1424932007900,37.497443,139.923003,7,-0.189,0.095,8.983,5.884
1424932008001,37.497444,139.922997,7,-0.132,-0.218,9.694,5.909
1424932008101,37.497444,139.922992,7,-0.11,-0.376,10.086,5.934
1424932008202,37.497445,139.922985,7,-0.112,-0.092,9.585,5.96
1424932008303,37.497446,139.922979,7,-0.045,0.201,9.167,5.985
1424932008404,37.497446,139.922974,8,-0.083,0.114,9.409,5.989
1424932008504,37.497446,139.922969,8,-0.153,0.04,9.595,5.963
1424932008600,37.497445,139.922964,8,-0.247,0.147,9.551,5.939
1424932008701,37.497445,139.922959,8,-0.281,0.456,9.532,5.914
1424932008801,37.497445,139.922954,8,-0.33,0.433,9.476,5.888
1424932008902,37.497444,139.922949,8,-0.21,0.176,9.553,5.863
1424932009003,37.497444,139.922944,8,-0.213,0.148,9.557,5.838
1424932009103,37.497444,139.922939,8,-0.234,0.235,9.541,5.813
1424932009204,37.497443,139.922934,8,-0.236,0.383,9.338,5.788
1424932009300,37.497443,139.922929,8,-0.384,0.358,9.208,5.765
1424932009401,37.497444,139.922923,8,-0.487,0.238,9.53,5.77
1424932009501,37.497445,139.922916,8,-0.166,0.171,9.921,5.818
1424932009602,37.497446,139.922909,8,-0.071,0.167,9.899,5.867
1424932009703,37.497447,139.922902,8,-0.164,0.31,9.571,5.917
1424932009803,37.497449,139.922894,8,-0.223,0.386,9.163,5.966
1424932009904,37.49745,139.922887,8,-0.244,0.317,9.29,6.017
1424932010000,37.497451,139.92288,8,-0.302,0.285,9.768,6.065
1424932010101,37.497453,139.922872,8,-0.237,0.428,9.521,6.117
1424932010201,37.497454,139.922865,8,-0.004,0.32,9.947,6.168
1424932010302,37.497455,139.922857,8,0.083,0.176,9.987,6.22
1424932010403,37.497456,139.92285,6,0.067,0.377,9.035,6.261
1424932010503,37.497457,139.922843,6,0.089,0.565,8.752,6.285
1424932010604,37.497457,139.922836,6,0.096,0.519,9.403,6.31
1424932010700,37.497458,139.922829,6,-0.035,0.298,9.855,6.334
1424932010800,37.497458,139.922822,6,-0.168,0.448,9.694,6.359
1424932010901,37.497459,139.922814,6,-0.163,0.52,9.26,6.384
1424932011002,37.497459,139.922807,6,-0.161,0.133,9.588,6.409
1424932011103,37.49746,139.9228,6,-0.049,-0.032,9.869,6.435
1424932011203,37.49746,139.922792,6,0.021,0.521,9.026,6.46
1424932011304,37.497461,139.922785,6,0.225,0.469,9.471,6.486
1424932011400,37.497462,139.922778,7,0.263,0.261,9.683,6.528
1424932011500,37.497464,139.922772,7,0.066,0.391,9.162,6.6
1424932011601,37.497467,139.922765,7,0.132,0.557,9.44,6.673
1424932011702,37.497469,139.922758,7,0.029,0.36,9.356,6.747
1424932011802,37.497471,139.922751,7,0.159,0.336,9.575,6.821
1424932011903,37.497474,139.922743,7,0.153,0.278,9.939,6.897
1424932012004,37.497476,139.922736,7,0.121,0.169,9.694,6.974
1424932012100,37.497479,139.922729,7,0.025,0.302,9.384,7.047
1424932012200,37.497481,139.922722,7,-0.059,0.462,9.129,7.125
1424932012301,37.497484,139.922714,7,0.061,0.399,9.515,7.203
1424932012402,37.497486,139.922706,7,0.101,0.271,9.845,7.26
1424932012502,37.497487,139.922697,7,0.003,0.371,9.659,7.285
1424932012603,37.497488,139.922688,7,0.04,0.536,8.89,7.31
1424932012704,37.497489,139.922679,7,0.061,0.46,8.922,7.335
1424932012800,37.49749,139.922671,7,0.176,0.205,9.922,7.359
1424932012900,37.497491,139.922662,7,0.261,0.315,9.965,7.384
1424932013001,37.497493,139.922653,7,0.237,0.514,9.161,7.409
1424932013102,37.497494,139.922644,7,-0.002,0.381,9.044,7.435
1424932013202,37.497495,139.922634,7,-0.089,0.29,9.677,7.46
1424932013303,37.497496,139.922625,7,-0.125,0.489,10.074,7.486
1424932013404,37.497498,139.922616,8,-0.079,0.6,9.724,7.541
1424932013504,37.497502,139.922606,8,-0.083,0.546,9.309,7.636
1424932013600,37.497505,139.922597,8,-0.024,0.533,9.338,7.729
1424932013701,37.497508,139.922587,8,-0.054,0.585,9.572,7.827
1424932013802,37.497512,139.922577,8,0.008,0.686,9.617,7.927
1424932013902,37.497515,139.922567,8,0.097,0.635,9.421,8.026
1424932014003,37.497519,139.922557,8,0.217,0.519,9.319,8.129
1424932014104,37.497523,139.922547,8,0.257,0.433,9.456,8.232
1424932014204,37.497526,139.922536,8,0.221,0.412,9.494,8.336
1424932014300,37.49753,139.922526,8,0.25,0.439,9.356,8.436
1424932014401,37.497533,139.922516,8,0.1,0.215,9.825,8.51
1424932014502,37.497534,139.922506,8,-0.079,0.374,9.335,8.535
1424932014602,37.497536,139.922496,8,0.027,0.443,9.25,8.56
1424932014703,37.497537,139.922486,8,0.039,0.292,9.59,8.585
1424932014804,37.497539,139.922476,8,0.102,0.289,9.8,8.61
1424932014904,37.49754,139.922465,8,0.091,0.403,9.471,8.635
1424932015000,37.497542,139.922456,8,0.027,0.384,9.358,8.659
1424932015101,37.497543,139.922445,8,-0.112,0.487,9.496,8.685
1424932015201,37.497545,139.922435,8,0.005,0.393,9.555,8.71
1424932015302,37.497546,139.922425,8,0.115,0.286,9.583,8.735
1424932015403,37.497548,139.922415,6,0.179,0.172,9.845,8.771
1424932015504,37.49755,139.922404,6,0.365,0.273,9.63,8.82
1424932015604,37.497552,139.922394,6,0.36,0.337,9.466,8.869
1424932015700,37.497554,139.922384,6,0.375,0.562,9.207,8.917
1424932015801,37.497556,139.922374,6,0.188,0.564,9.379,8.967
1424932015901,37.497558,139.922363,6,0.121,0.353,9.61,9.017
1424932016002,37.49756,139.922353,6,0.119,0.253,9.733,9.068
1424932016103,37.497562,139.922342,6,0.065,0.367,9.068,9.119
1424932016203,37.497564,139.922332,6,-0.019,0.31,8.949,9.17
1424932016304,37.497566,139.922321,6,-0.077,0.08,9.77,9.221
1424932016400,37.497568,139.922311,5,-0.296,0.086,9.926,9.269
1424932016501,37.497571,139.9223,5,-0.376,0.012,9.68,9.319
1424932016601,37.497574,139.92229,5,-0.181,-0.082,9.731,9.368
1424932016702,37.497577,139.922279,5,-0.177,0.021,9.64,9.418
1424932016803,37.49758,139.922269,5,-0.001,0.087,9.823,9.468
1424932016903,37.497583,139.922258,5,-0.046,-0.053,9.464,9.518
1424932017004,37.497585,139.922247,5,0.025,0.013,9.581,9.569
1424932017100,37.497588,139.922237,5,0.11,-0.186,9.669,9.617
1424932017200,37.497591,139.922226,5,0.046,-0.267,9.549,9.668
1424932017301,37.497594,139.922215,5,0.067,-0.224,9.349,9.72
1424932017402,37.497597,139.922205,6,0.188,-0.193,9.134,9.706
1424932017503,37.4976,139.922194,6,0.116,-0.308,9.756,9.6
1424932017603,37.497604,139.922184,6,0.015,-0.42,9.864,9.497
1424932017704,37.497607,139.922174,6,-0.079,-0.354,9.441,9.394
1424932017800,37.49761,139.922165,6,-0.018,-0.293,9.289,9.297
1424932017900,37.497613,139.922155,6,0.101,-0.224,9.296,9.197
1424932018001,37.497616,139.922145,6,-0.0,-0.323,10.108,9.097
1424932018102,37.497619,139.922135,6,-0.116,-0.408,10.031,8.998
1424932018202,37.497621,139.922126,6,-0.143,-0.288,9.483,8.901
1424932018303,37.497624,139.922116,6,-0.052,-0.352,9.239,8.804
1424932018404,37.497627,139.922107,6,0.148,-0.157,9.544,8.75
1424932018500,37.497629,139.922099,6,0.035,-0.153,9.609,8.75
1424932018600,37.497631,139.922091,6,-0.031,-0.252,9.544,8.75
1424932018701,37.497633,139.922083,6,-0.053,-0.349,9.534,8.75
1424932018802,37.497635,139.922074,6,-0.063,-0.333,9.41,8.75
1424932018902,37.497637,139.922066,6,-0.046,-0.305,9.456,8.75
1424932019003,37.497639,139.922058,6,-0.044,-0.289,9.461,8.75
1424932019104,37.497642,139.922049,6,-0.056,-0.217,9.446,8.75
1424932019205,37.497644,139.922041,6,-0.204,-0.417,9.923,8.75
1424932019300,37.497646,139.922033,6,-0.167,-0.451,9.812,8.75
1424932019401,37.497648,139.922024,5,-0.192,-0.268,9.549,8.729
1424932019502,37.497651,139.922015,5,-0.164,-0.245,9.366,8.677
1424932019602,37.497654,139.922006,5,-0.074,-0.256,9.68,8.626
1424932019703,37.497657,139.921997,5,-0.091,-0.157,9.712,8.575
1424932019804,37.497661,139.921988,5,-0.051,-0.192,9.574,8.524
1424932019904,37.497664,139.921979,5,-0.057,-0.293,9.491,8.474
1424932020005,37.497667,139.92197,5,0.029,-0.278,9.557,8.424
1424932020101,37.497669,139.921962,5,0.025,-0.211,9.579,8.377
1424932020200,37.497672,139.921953,5,-0.079,-0.189,9.545,8.328
1424932020302,37.497675,139.921944,5,-0.121,-0.095,9.366,8.278
1424932020401,37.497678,139.921935,5,-0.001,-0.16,9.39,8.25
1424932020504,37.49768,139.921925,5,-0.107,-0.167,9.509,8.25
1424932020603,37.497683,139.921916,5,-0.045,-0.273,9.667,8.25
1424932020700,37.497685,139.921907,5,-0.131,-0.238,9.704,8.25
1424932020801,37.497688,139.921897,5,-0.156,-0.172,9.43,8.25
1424932020902,37.49769,139.921888,5,-0.059,-0.134,9.268,8.25
1424932021002,37.497692,139.921878,5,-0.126,-0.108,9.584,8.25
1424932021103,37.497695,139.921868,5,-0.13,-0.095,9.637,8.25
1424932021204,37.497697,139.921859,5,-0.095,-0.121,9.457,8.25
1424932021304,37.4977,139.921849,5,-0.141,-0.132,9.404,8.25
1424932021400,37.497702,139.92184,5,-0.094,-0.124,9.443,8.26
1424932021501,37.497703,139.921832,5,-0.123,-0.133,9.52,8.285
1424932021601,37.497704,139.921823,5,-0.178,-0.183,9.53,8.31
1424932021702,37.497706,139.921814,5,-0.181,-0.183,9.486,8.335
1424932021803,37.497707,139.921805,5,-0.191,-0.191,9.452,8.36
1424932021904,37.497709,139.921796,5,-0.238,-0.255,9.567,8.385
1424932022004,37.49771,139.921787,5,-0.205,-0.284,9.75,8.41
1424932022100,37.497711,139.921778,5,-0.199,-0.044,8.956,8.434
1424932022201,37.497713,139.921769,5,-0.166,-0.192,9.375,8.46
1424932022301,37.497714,139.92176,5,-0.128,-0.433,9.994,8.485
1424932022402,37.497716,139.921751,5,-0.12,-0.334,9.889,8.455
1424932022503,37.497718,139.921743,5,-0.173,-0.213,9.394,8.349
1424932022603,37.49772,139.921734,5,-0.2,-0.28,9.263,8.246
1424932022704,37.497721,139.921726,5,-0.131,-0.265,9.604,8.142
1424932022800,37.497723,139.921718,5,-0.132,-0.189,9.77,8.045
1424932022901,37.497725,139.921709,5,-0.049,-0.256,9.732,7.943
1424932023001,37.497727,139.921701,5,-0.084,-0.346,9.521,7.845
1424932023102,37.497729,139.921693,5,-0.113,-0.332,9.423,7.746
1424932023203,37.49773,139.921685,5,-0.127,-0.23,9.474,7.649
1424932023303,37.497732,139.921677,5,-0.241,-0.18,9.377,7.554
1424932023404,37.497734,139.921669,5,-0.29,-0.306,9.475,7.511
1424932023500,37.497736,139.921661,5,-0.155,-0.532,9.671,7.535
1424932023601,37.497738,139.921652,5,-0.119,-0.516,9.428,7.56
1424932023701,37.49774,139.921643,5,-0.12,-0.459,9.32,7.584
1424932023802,37.497742,139.921634,5,-0.09,-0.604,9.576,7.609
1424932023903,37.497744,139.921626,5,-0.137,-0.575,9.932,7.635
1424932024003,37.497746,139.921617,5,-0.222,-0.274,9.521,7.66
1424932024104,37.497748,139.921608,5,-0.336,-0.237,9.165,7.685
1424932024200,37.49775,139.921599,5,-0.253,-0.192,9.293,7.709
1424932024300,37.497752,139.92159,5,-0.424,-0.184,9.363,7.735
1424932024401,37.497754,139.921582,5,-0.264,-0.36,9.971,7.718
1424932024502,37.497755,139.921574,5,-0.213,-0.652,10.007,7.639
1424932024603,37.497757,139.921567,5,-0.117,-0.598,9.389,7.561
1424932024703,37.497758,139.92156,5,-0.127,-0.617,9.315,7.484
1424932024804,37.49776,139.921553,5,-0.256,-0.606,9.277,7.408
1424932024900,37.497761,139.921546,5,-0.354,-0.648,9.734,7.336
1424932025000,37.497763,139.921539,5,-0.258,-0.592,10.049,7.261
1424932025101,37.497764,139.921532,5,-0.145,-0.599,9.631,7.187
1424932025202,37.497766,139.921525,5,0.088,-0.671,9.393,7.113
1424932025302,37.497767,139.921518,5,0.173,-0.731,9.218,7.041
1424932025403,37.497769,139.921511,4,0.053,-0.815,9.395,6.978
1424932025504,37.49777,139.921504,4,-0.134,-0.801,10.092,6.926
1424932025604,37.497772,139.921497,4,-0.098,-0.823,9.732,6.875
1424932025700,37.497774,139.921491,4,-0.074,-0.711,9.333,6.826
1424932025801,37.497775,139.921484,4,0.012,-0.74,9.381,6.775
1424932025902,37.497777,139.921478,4,0.146,-0.837,9.411,6.724
1424932026002,37.497778,139.921471,4,0.158,-0.717,9.415,6.675
1424932026103,37.49778,139.921465,4,0.088,-0.574,9.469,6.625
1424932026204,37.497782,139.921458,4,-0.092,-0.704,9.672,6.576
1424932026304,37.497783,139.921452,4,-0.16,-0.754,9.515,6.527
1424932026400,37.497784,139.921445,6,-0.13,-0.761,9.486,6.49
1424932026502,37.497785,139.921438,6,-0.055,-0.67,9.533,6.464
1424932026602,37.497786,139.92143,6,0.062,-0.643,9.455,6.439
1424932026702,37.497787,139.921423,6,0.104,-0.693,9.502,6.413
1424932026803,37.497788,139.921416,6,0.094,-0.69,9.57,6.388
1424932026904,37.497789,139.921408,6,0.091,-0.642,9.54,6.363
1424932027004,37.49779,139.921401,6,0.179,-0.636,9.322,6.338
1424932027100,37.497791,139.921394,6,0.197,-0.718,9.425,6.314
1424932027201,37.497792,139.921387,6,0.058,-0.786,9.661,6.289
1424932027301,37.497793,139.92138,6,0.109,-0.759,9.493,6.264
1424932027402,37.497794,139.921374,9,0.06,-0.885,9.815,6.205
1424932027503,37.497794,139.921369,9,-0.146,-0.826,9.568,6.096
1424932027604,37.497794,139.921365,9,-0.163,-0.762,9.329,5.99
1424932027704,37.497794,139.92136,9,-0.036,-0.928,9.603,5.886
1424932027800,37.497794,139.921356,9,0.132,-1.061,9.734,5.789
1424932027901,37.497795,139.921351,9,0.215,-1.013,9.562,5.687
1424932028001,37.497795,139.921347,9,0.298,-1.105,9.451,5.589
1424932028102,37.497795,139.921343,9,0.099,-1.3,9.632,5.491
1424932028203,37.497795,139.921338,9,-0.033,-1.322,9.51,5.395
1424932028304,37.497795,139.921334,9,-0.074,-1.338,9.137,5.301
1424932028404,37.497796,139.92133,9,-0.255,-1.506,9.503,5.158
1424932028500,37.497797,139.921327,9,-0.341,-1.595,9.784,4.963
1424932028601,37.497798,139.921324,9,-0.18,-1.456,9.643,4.764
1424932028701,37.497799,139.921321,9,0.033,-1.314,9.47,4.575
1424932028802,37.4978,139.921318,9,0.075,-1.186,9.334,4.39
1424932028903,37.497802,139.921315,9,0.082,-1.163,9.497,4.213
1424932029003,37.497803,139.921312,9,0.039,-1.25,9.828,4.044
1424932029104,37.497804,139.921309,9,0.02,-1.301,9.694,3.881
1424932029200,37.497805,139.921307,9,-0.028,-1.214,9.403,3.733
1424932029300,37.497805,139.921304,9,-0.089,-1.154,9.324,3.585
1424932029401,37.497807,139.921302,7,-0.212,-1.156,9.509,3.422
1424932029503,37.49781,139.921299,7,-0.126,-1.076,9.643,3.235
1424932029603,37.497812,139.921296,7,-0.043,-0.996,9.62,3.06
1424932029703,37.497814,139.921293,7,0.088,-0.983,9.415,2.893
1424932029804,37.497816,139.921291,7,0.209,-1.02,9.644,2.733
1424932029900,37.497818,139.921288,7,0.223,-0.998,9.521,2.588
1424932030000,37.49782,139.921286,7,0.286,-0.965,9.367,2.446
1424932030101,37.497822,139.921284,7,0.304,-0.992,9.427,2.31
1424932030202,37.497824,139.921282,7,0.205,-1.083,9.529,2.183
1424932030303,37.497825,139.92128,7,0.08,-1.141,9.598,2.064
1424932030403,37.497826,139.921277,7,-0.031,-1.053,9.54,1.976
1424932030504,37.497827,139.921274,7,-0.077,-1.108,9.539,1.919
1424932030600,37.497828,139.92127,7,-0.002,-1.182,9.626,1.867
1424932030700,37.497828,139.921267,7,-0.013,-1.152,9.537,1.814
1424932030801,37.497829,139.921264,7,-0.108,-1.01,9.398,1.762
1424932030902,37.497829,139.921261,7,-0.102,-0.91,9.442,1.711
1424932031003,37.49783,139.921257,7,-0.004,-0.873,9.616,1.662
1424932031103,37.497831,139.921254,7,0.067,-0.8,9.617,1.615
1424932031204,37.497831,139.921251,7,0.057,-0.612,9.505,1.569
1424932031300,37.497832,139.921249,7,0.009,-0.437,9.47,1.526
1424932031400,37.497831,139.921247,8,-0.025,-0.333,9.474,1.46
1424932031501,37.49783,139.921248,8,-0.037,-0.312,9.485,1.364
1424932031602,37.497828,139.921248,8,-0.048,-0.282,9.483,1.273
1424932031702,37.497827,139.921249,8,-0.05,-0.212,9.491,1.187
1424932031803,37.497825,139.921249,8,-0.063,-0.144,9.516,1.106
1424932031904,37.497824,139.92125,8,-0.095,-0.122,9.521,1.03
1424932032005,37.497823,139.92125,8,-0.118,-0.112,9.557,0.959
1424932032100,37.497822,139.92125,8,-0.109,-0.133,9.599,0.897
1424932032201,37.49782,139.921251,8,-0.056,-0.145,9.599,0.836
1424932032302,37.49782,139.921251,8,0.003,-0.151,9.539,0.78
1424932032402,37.497819,139.921251,8,0.031,-0.123,9.502,0.737
1424932032503,37.497819,139.921251,8,0.038,-0.094,9.497,0.708
1424932032604,37.497819,139.921251,8,0.032,-0.067,9.487,0.68
1424932032704,37.497819,139.921251,8,0.001,-0.039,9.518,0.653
1424932032800,37.497819,139.921251,8,-0.055,-0.022,9.531,0.628
1424932032901,37.497818,139.921252,8,-0.078,-0.012,9.519,0.602
1424932033001,37.497818,139.921252,8,-0.058,-0.001,9.527,0.578
1424932033102,37.497818,139.921252,8,0.0,-0.004,9.533,0.555
1424932033203,37.497818,139.921252,8,0.049,0.008,9.525,0.533
1424932033304,37.497818,139.921252,8,0.073,0.05,9.54,0.511
1424932033404,37.497818,139.921252,6,0.095,0.109,9.528,0.5
1424932033500,37.497818,139.921252,6,0.114,0.133,9.535,0.5
1424932033601,37.497817,139.921252,6,0.127,0.115,9.53,0.5
1424932033701,37.497817,139.921252,6,0.075,0.121,9.515,0.5
1424932033802,37.497817,139.921252,6,0.011,0.111,9.491,0.5
1424932033903,37.497816,139.921253,6,-0.04,0.082,9.476,0.5
1424932034004,37.497816,139.921253,6,-0.058,0.049,9.504,0.5
1424932034104,37.497816,139.921253,6,-0.045,0.036,9.539,0.5
1424932034200,37.497815,139.921253,6,-0.024,0.026,9.538,0.5
1424932034306,37.497815,139.921253,6,0.01,0.014,9.521,0.5
1424932034401,37.497815,139.921253,6,0.041,0.003,9.522,0.508
1424932034500,37.497815,139.921252,6,0.055,0.022,9.522,0.529
1424932034603,37.497815,139.921252,6,0.045,0.058,9.533,0.552
1424932034702,37.497815,139.921251,6,0.047,0.124,9.527,0.574
1424932034804,37.497815,139.921251,6,0.059,0.242,9.528,0.599
1424932034900,37.497815,139.92125,6,0.067,0.375,9.514,0.623
1424932035001,37.497814,139.921249,6,0.096,0.497,9.502,0.649
1424932035101,37.497814,139.921249,6,0.124,0.563,9.523,0.676
1424932035202,37.497814,139.921248,6,0.132,0.605,9.561,0.704
1424932035303,37.497814,139.921247,6,0.145,0.672,9.561,0.733
1424932035404,37.497814,139.921247,5,0.126,0.751,9.539,0.759
1424932035504,37.497815,139.921246,5,0.169,0.827,9.477,0.782
1424932035600,37.497815,139.921245,5,0.269,0.81,9.504,0.803
1424932035701,37.497816,139.921244,5,0.456,0.709,9.546,0.827
1424932035801,37.497816,139.921243,5,0.541,0.695,9.503,0.851
1424932035902,37.497817,139.921241,5,0.403,0.735,9.472,0.877
1424932036003,37.497817,139.92124,5,0.307,0.813,9.5,0.903
1424932036103,37.497818,139.921239,5,0.431,0.776,9.528,0.929
1424932036204,37.497818,139.921238,5,0.686,0.638,9.584,0.956
1424932036300,37.497819,139.921237,5,0.861,0.617,9.52,0.983
1424932036400,37.497819,139.921236,5,0.918,0.718,9.405,1.009
1424932036501,37.49782,139.921236,5,0.918,0.879,9.403,1.032
1424932036602,37.49782,139.921235,5,0.979,0.913,9.5,1.055
1424932036703,37.49782,139.921235,5,1.004,0.836,9.624,1.079
1424932036803,37.497821,139.921235,5,1.039,0.848,9.473,1.104
1424932036904,37.497821,139.921234,5,1.007,0.857,9.44,1.129
1424932037000,37.497821,139.921234,5,0.804,0.771,9.481,1.154
1424932037100,37.497822,139.921234,5,0.734,0.677,9.579,1.18
1424932037201,37.497822,139.921234,5,0.843,0.647,9.513,1.207
1424932037302,37.497823,139.921233,5,1.088,0.584,9.58,1.234
1424932037402,37.497823,139.921233,5,1.244,0.556,9.634,1.275
1424932037503,37.497824,139.921233,5,1.464,0.465,9.599,1.336
1424932037604,37.497825,139.921234,5,1.461,0.431,9.465,1.401
1424932037700,37.497826,139.921234,5,1.474,0.448,9.493,1.466
1424932037800,37.497826,139.921235,5,1.497,0.434,9.464,1.537
1424932037901,37.497827,139.921235,5,1.329,0.345,9.563,1.613
1424932038002,37.497828,139.921235,5,1.179,0.238,9.801,1.692
1424932038102,37.497829,139.921236,5,1.129,0.367,9.489,1.773
1424932038203,37.49783,139.921236,5,1.228,0.359,9.518,1.859
1424932038304,37.497831,139.921237,5,1.377,0.379,9.485,1.949
1424932038405,37.497833,139.921237,5,1.459,0.432,9.361,2.029
1424932038500,37.497835,139.921238,5,1.338,0.535,9.28,2.091
1424932038601,37.497837,139.921238,5,1.039,0.605,9.402,2.159
1424932038702,37.497839,139.921239,5,0.83,0.611,9.552,2.23
1424932038802,37.497842,139.921239,5,0.72,0.722,9.573,2.302
1424932038903,37.497844,139.92124,5,0.669,0.924,9.503,2.378
1424932039004,37.497847,139.921241,5,0.568,0.897,9.601,2.456
1424932039104,37.497849,139.921241,5,0.58,0.849,9.593,2.535
1424932039200,37.497852,139.921242,5,0.767,0.923,9.443,2.614
1424932039301,37.497854,139.921243,5,0.839,1.087,9.211,2.699
1424932039402,37.497857,139.921243,4,0.834,1.078,9.311,2.769
1424932039502,37.49786,139.921245,4,0.674,0.928,9.639,2.816
1424932039603,37.497863,139.921246,4,0.48,0.891,9.778,2.864
1424932039704,37.497866,139.921247,4,0.376,1.026,9.54,2.913
1424932039804,37.497869,139.921248,4,0.397,1.123,9.488,2.962
1424932039900,37.497872,139.921249,4,0.371,1.114,9.522,3.01
1424932040001,37.497875,139.92125,4,0.369,1.001,9.512,3.061
1424932040101,37.497878,139.921252,4,0.324,0.998,9.373,3.113
1424932040202,37.497882,139.921253,4,0.266,1.093,9.401,3.165
1424932040303,37.497885,139.921254,4,0.217,1.177,9.666,3.219
1424932040403,37.497889,139.921256,6,0.184,1.114,9.605,3.27
1424932040504,37.497892,139.921257,6,0.189,1.02,9.473,3.318
1424932040600,37.497896,139.921258,6,0.202,0.995,9.518,3.363
1424932040701,37.4979,139.92126,6,0.268,1.004,9.518,3.412
1424932040801,37.497904,139.921261,6,0.3,0.953,9.397,3.462
1424932040902,37.497908,139.921263,6,0.274,0.923,9.473,3.512
1424932041003,37.497912,139.921264,6,0.203,0.91,9.585,3.563
1424932041104,37.497916,139.921266,6,0.155,0.644,9.502,3.615
1424932041204,37.49792,139.921268,6,0.15,0.26,9.442,3.667
1424932041300,37.497924,139.921269,6,0.135,0.045,9.527,3.718
1424932041401,37.49793,139.921271,8,0.117,-0.029,9.51,3.834
1424932041501,37.497937,139.921275,8,0.137,-0.046,9.449,4.048
1424932041602,37.497944,139.921278,8,0.049,-0.124,9.623,4.28
1424932041703,37.497952,139.921282,8,-0.055,-0.185,9.723,4.527
1424932041803,37.497961,139.921286,8,-0.047,-0.112,9.547,4.786
1424932041904,37.49797,139.92129,8,0.05,-0.018,9.23,5.063
1424932042000,37.497979,139.921294,8,-0.133,-0.022,9.286,5.34
1424932042100,37.497989,139.921299,8,-0.205,-0.04,9.462,5.643
1424932042201,37.497999,139.921304,8,-0.247,0.006,9.401,5.964
1424932042302,37.49801,139.921309,8,-0.418,-0.025,9.576,6.3
1424932042403,37.49802,139.921312,8,-0.52,-0.151,9.795,6.489
1424932042503,37.498026,139.921312,8,-0.417,-0.268,9.715,6.464
1424932042604,37.498032,139.921313,8,-0.223,-0.214,9.53,6.438
1424932042700,37.498038,139.921313,8,-0.112,-0.132,9.434,6.414
1424932042800,37.498045,139.921313,8,-0.043,-0.138,9.566,6.389
1424932042901,37.498051,139.921314,8,0.037,-0.061,9.558,6.364
1424932043002,37.498057,139.921314,8,0.067,0.003,9.5,6.338
1424932043102,37.498063,139.921314,8,0.073,-0.013,9.649,6.314
1424932043203,37.498069,139.921315,8,0.019,-0.053,9.612,6.289
1424932043304,37.498076,139.921315,8,-0.04,-0.02,9.442,6.264
1424932043400,37.498081,139.921316,7,-0.059,-0.0,9.465,6.229
1424932043500,37.498085,139.921319,7,-0.005,-0.072,9.516,6.177
1424932043601,37.49809,139.921321,7,0.093,-0.133,9.577,6.126
1424932043702,37.498094,139.921324,7,0.136,-0.074,9.483,6.074
1424932043802,37.498098,139.921326,7,0.086,-0.031,9.342,6.024
1424932043903,37.498103,139.921329,7,0.084,-0.161,9.54,5.973
1424932044004,37.498107,139.921331,7,0.006,-0.162,9.632,5.923
1424932044100,37.498111,139.921334,7,-0.04,-0.071,9.372,5.876
1424932044200,37.498115,139.921336,7,-0.244,-0.034,9.549,5.827
1424932044301,37.49812,139.921339,7,-0.275,0.022,9.637,5.778
1424932044402,37.498124,139.92134,7,-0.13,-0.013,9.595,5.75
1424932044502,37.498129,139.921341,7,-0.054,0.205,9.548,5.75
1424932044603,37.498134,139.921342,7,0.111,0.294,9.504,5.75
1424932044704,37.49814,139.921342,7,0.206,0.271,9.434,5.75
1424932044805,37.498145,139.921343,7,0.277,0.385,9.371,5.75
1424932044900,37.49815,139.921344,7,0.138,0.428,9.621,5.75
1424932045001,37.498155,139.921344,7,-0.049,0.725,9.351,5.75
1424932045102,37.49816,139.921345,7,0.027,0.704,9.391,5.75
1424932045202,37.498165,139.921346,7,-0.015,0.78,9.122,5.75
1424932045303,37.49817,139.921347,7,0.15,0.569,9.648,5.75
1424932045404,37.498175,139.921348,6,0.173,0.472,9.852,5.771
1424932045504,37.498181,139.921349,6,0.21,0.606,9.409,5.819
1424932045600,37.498186,139.92135,6,0.147,0.59,9.237,5.866
1424932045701,37.498192,139.921351,6,0.177,0.62,9.447,5.916
1424932045801,37.498198,139.921353,6,0.231,0.64,9.369,5.965
1424932045902,37.498204,139.921354,6,0.228,0.807,9.418,6.016
1424932046003,37.49821,139.921355,6,0.165,0.746,9.535,6.067
1424932046104,37.498216,139.921357,6,0.215,0.64,9.39,6.118
1424932046204,37.498222,139.921358,6,0.093,0.498,9.682,6.169
1424932046300,37.498227,139.921359,6,0.025,0.476,9.818,6.219
1424932046401,37.498233,139.921361,7,0.197,0.498,9.599,6.26
1424932046501,37.498238,139.921362,7,0.224,0.622,9.304,6.285
1424932046602,37.498243,139.921364,7,0.273,0.647,9.349,6.31
1424932046703,37.498248,139.921366,7,0.151,0.84,9.204,6.335
1424932046804,37.498253,139.921368,7,0.019,0.712,9.504,6.36
1424932046904,37.498258,139.92137,7,-0.13,0.604,9.811,6.385
1424932047000,37.498263,139.921371,7,-0.3,0.498,9.622,6.409
1424932047101,37.498269,139.921373,7,-0.327,0.581,9.494,6.434
1424932047201,37.498274,139.921375,7,-0.332,0.592,9.398,6.46
1424932047302,37.498279,139.921377,7,-0.436,0.682,9.482,6.485
1424932047403,37.498285,139.921378,8,-0.364,0.639,9.884,6.54
1424932047503,37.498294,139.921379,8,-0.375,0.642,9.738,6.634
1424932047604,37.498302,139.921379,8,-0.439,0.695,9.486,6.731
1424932047700,37.49831,139.92138,8,-0.361,0.682,9.409,6.824
1424932047801,37.498319,139.921381,8,-0.246,0.694,9.543,6.923
1424932047901,37.498328,139.921381,8,-0.218,0.666,9.532,7.023
1424932048002,37.498336,139.921382,8,-0.029,0.732,9.527,7.126
1424932048103,37.498345,139.921382,8,-0.035,0.71,9.365,7.229
1424932048203,37.498355,139.921383,8,-0.033,0.657,9.505,7.334
1424932048304,37.498364,139.921384,8,-0.005,0.583,9.528,7.44
1424932048405,37.498373,139.921384,8,0.06,0.626,9.516,7.532
1424932048500,37.498381,139.921385,8,0.115,0.662,9.477,7.601
1424932048606,37.498391,139.921386,8,0.076,0.565,9.662,7.678
1424932048702,37.498399,139.921387,8,0.02,0.653,9.626,7.748
1424932048801,37.498408,139.921388,8,-0.098,0.624,9.267,7.822
1424932048903,37.498417,139.921389,8,-0.204,0.548,9.289,7.898
1424932049002,37.498426,139.92139,8,-0.187,0.354,9.57,7.973
1424932049100,37.498436,139.921391,8,-0.28,0.327,9.461,8.048
1424932049200,37.498445,139.921391,8,-0.292,0.12,9.45,8.125
1424932049301,37.498454,139.921392,8,-0.269,-0.045,9.487,8.204
1424932049402,37.498463,139.921393,8,-0.198,-0.156,9.585,8.25
1424932049503,37.49847,139.921394,8,-0.244,-0.19,9.518,8.25
1424932049603,37.498478,139.921394,8,-0.219,-0.202,9.317,8.25
1424932049704,37.498485,139.921395,8,-0.124,-0.201,9.594,8.25
1424932049800,37.498492,139.921395,8,-0.072,-0.231,9.612,8.25
1424932049900,37.498499,139.921396,8,-0.075,-0.205,9.451,8.25
1424932050001,37.498507,139.921396,8,-0.061,-0.202,9.399,8.25
1424932050102,37.498514,139.921397,8,-0.088,-0.246,9.547,8.25
1424932050203,37.498522,139.921397,8,-0.148,-0.332,9.969,8.25
1424932050303,37.498529,139.921398,8,-0.128,-0.084,9.03,8.25
1424932050404,37.498536,139.9214,8,-0.151,-0.083,9.061,8.261
1424932050505,37.498544,139.921403,8,-0.182,-0.478,10.043,8.286
1424932050600,37.498551,139.921407,8,-0.03,-0.462,10.263,8.309
1424932050701,37.498559,139.921411,8,-0.377,-0.017,9.052,8.334
1424932050802,37.498566,139.921415,8,-0.329,-0.176,8.683,8.36
1424932050902,37.498574,139.921418,8,-0.187,-0.008,8.768,8.385
1424932051003,37.498582,139.921422,8,0.225,0.083,9.589,8.41
1424932051104,37.498589,139.921426,8,0.223,-0.573,10.432,8.435
1424932051204,37.498597,139.92143,8,-0.396,-0.921,10.783,8.461
1424932051300,37.498604,139.921434,8,-0.384,-0.545,9.599,8.485
1424932051401,37.498611,139.921437,9,-0.299,0.084,8.403,8.468
1424932051502,37.498618,139.92144,9,-0.126,0.156,8.66,8.389
1424932051602,37.498624,139.921443,9,0.056,-0.045,10.346,8.312
1424932051703,37.498629,139.921446,9,-0.205,-0.339,10.63,8.235
1424932051804,37.498635,139.921449,9,-0.096,-0.644,10.12,8.158
1424932051904,37.498641,139.921452,9,-0.328,-0.627,8.97,8.083
1424932052000,37.498647,139.921454,9,-0.412,-0.2,8.648,8.012
1424932052101,37.498652,139.921457,9,-0.564,0.197,9.177,7.938
1424932052201,37.498658,139.92146,9,-0.599,0.207,9.523,7.865
1424932052302,37.498664,139.921462,9,-0.386,-0.24,10.151,7.792
1424932052403,37.49867,139.921465,9,-0.268,-0.554,9.854,7.739
1424932052504,37.498678,139.921466,9,-0.41,-0.456,9.151,7.713
1424932052604,37.498685,139.921467,9,-0.31,-0.36,9.183,7.688
1424932052700,37.498692,139.921468,9,-0.326,-0.241,9.801,7.664
1424932052801,37.498699,139.92147,9,-0.32,0.038,9.883,7.639
1424932052901,37.498707,139.921471,9,-0.155,0.054,9.476,7.614
1424932053002,37.498714,139.921472,9,0.022,-0.17,9.428,7.589
1424932053103,37.498721,139.921474,9,0.13,-0.157,9.545,7.563
1424932053204,37.498729,139.921475,9,0.059,-0.0,9.372,7.538
1424932053304,37.498736,139.921476,9,0.147,0.038,9.41,7.514
1424932053400,37.498742,139.921478,10,0.079,0.011,9.328,7.51
1424932053501,37.498749,139.921481,10,0.029,-0.049,9.488,7.535
1424932053601,37.498755,139.921483,10,-0.034,-0.01,9.557,7.56
1424932053702,37.498761,139.921486,10,-0.065,0.047,9.326,7.585
1424932053803,37.498768,139.921489,10,-0.09,0.043,9.448,7.61
1424932053903,37.498774,139.921492,10,-0.052,-0.031,9.541,7.635
1424932054004,37.49878,139.921494,10,0.052,0.031,9.556,7.66
1424932054100,37.498786,139.921497,10,0.148,0.161,9.281,7.684
1424932054201,37.498793,139.9215,10,0.165,0.07,9.455,7.71
1424932054301,37.498799,139.921502,10,0.109,-0.027,9.677,7.735
1424932054402,37.498806,139.921505,11,0.082,0.09,9.57,7.76
1424932054503,37.498814,139.921506,11,0.027,0.083,9.455,7.785
1424932054603,37.498822,139.921507,11,-0.118,-0.041,9.722,7.81
1424932054704,37.49883,139.921508,11,-0.07,0.185,9.14,7.835
1424932054800,37.498837,139.92151,11,0.017,0.133,9.339,7.859
1424932054900,37.498845,139.921511,11,-0.005,-0.077,9.85,7.884
1424932055001,37.498853,139.921512,11,0.031,-0.128,9.702,7.909
1424932055102,37.498861,139.921514,11,0.028,0.004,9.525,7.935
1424932055203,37.498869,139.921515,11,-0.061,-0.182,9.407,7.96
1424932055303,37.498877,139.921516,11,-0.046,-0.232,9.33,7.986
1424932055404,37.498883,139.921518,12,0.024,-0.059,9.458,7.965
1424932055500,37.498887,139.921521,12,0.01,-0.102,9.637,7.891
1424932055600,37.49889,139.921524,12,-0.034,-0.22,9.539,7.813
1424932055701,37.498893,139.921527,12,-0.012,-0.279,9.602,7.736
1424932055802,37.498897,139.92153,12,0.017,-0.324,9.61,7.659
1424932055902,37.4989,139.921533,12,0.013,-0.257,9.478,7.584
1424932056003,37.498903,139.921535,12,0.047,-0.291,9.621,7.509
1424932056104,37.498906,139.921538,12,0.068,-0.211,9.576,7.435
1424932056205,37.498909,139.921541,12,0.044,-0.09,9.392,7.361
1424932056300,37.498912,139.921543,12,0.024,0.022,9.377,7.293
1424932056401,37.498916,139.921547,12,-0.034,-0.095,9.575,7.229
1424932056502,37.498922,139.921552,12,-0.234,-0.351,10.012,7.177
1424932056602,37.498928,139.921557,12,-0.171,-0.265,9.608,7.126
1424932056703,37.498933,139.921562,12,-0.004,-0.3,9.458,7.074
1424932056804,37.498939,139.921567,12,0.062,-0.416,9.524,7.024
1424932056905,37.498944,139.921572,12,0.119,-0.316,9.509,6.973
1424932057000,37.49895,139.921577,12,0.044,-0.146,9.309,6.926
1424932057101,37.498955,139.921582,12,-0.139,-0.031,9.157,6.876
1424932057202,37.498961,139.921586,12,-0.225,-0.273,9.724,6.827
1424932057302,37.498966,139.921591,12,-0.281,-0.525,10.251,6.778
1424932057403,37.498972,139.921594,10,-0.101,-0.379,9.867,6.75
1424932057504,37.498978,139.921594,10,0.118,-0.214,9.295,6.75
1424932057604,37.498984,139.921594,10,0.083,-0.142,8.779,6.75
1424932057700,37.49899,139.921594,10,0.12,-0.307,9.142,6.75
1424932057801,37.498996,139.921594,10,-0.121,-0.183,9.608,6.75
1424932057902,37.499002,139.921595,10,-0.08,-0.047,9.452,6.75
1424932058002,37.499008,139.921595,10,-0.178,-0.183,9.577,6.75
1424932058103,37.499014,139.921595,10,-0.136,-0.307,9.483,6.75
1424932058204,37.49902,139.921595,10,0.045,-0.32,9.382,6.75
1424932058304,37.499027,139.921595,10,0.066,-0.351,9.481,6.75
1424932058400,37.499032,139.921596,9,0.07,-0.195,9.653,6.707
1424932058501,37.499035,139.921599,9,-0.055,-0.214,9.414,6.599
1424932058601,37.499039,139.921602,9,-0.092,-0.082,9.406,6.494
1424932058702,37.499043,139.921605,9,-0.134,-0.158,9.518,6.39
1424932058803,37.499046,139.921608,9,-0.122,-0.221,9.767,6.287
1424932058904,37.49905,139.921611,9,-0.132,-0.151,9.649,6.186
1424932059004,37.499053,139.921614,9,-0.178,-0.124,9.506,6.088
1424932059100,37.499056,139.921617,9,-0.189,-0.178,9.471,5.995
1424932059201,37.49906,139.92162,9,-0.181,-0.11,9.15,5.898
1424932059301,37.499063,139.921622,9,-0.255,-0.167,9.341,5.805
1424932059402,37.499067,139.921625,8,-0.308,-0.251,9.715,5.75
1424932059503,37.499073,139.921627,8,-0.286,-0.557,10.015,5.75
1424932059603,37.499079,139.921628,8,-0.168,-0.562,9.702,5.75
1424932059704,37.499085,139.92163,8,-0.143,-0.389,9.273,5.75
1424932059800,37.499091,139.921632,8,-0.099,-0.44,9.394,5.75
1424932059901,37.499096,139.921634,8,-0.015,-0.438,9.605,5.75
1424932060001,37.499102,139.921636,8,-0.074,-0.217,9.496,5.75
1424932060102,37.499108,139.921637,8,-0.12,0.007,9.445,5.75
1424932060203,37.499114,139.921639,8,-0.109,0.012,9.628,5.75
1424932060303,37.49912,139.921641,8,-0.118,-0.213,9.404,5.75
1424932060404,37.499125,139.921643,6,-0.067,-0.282,9.332,5.727
1424932060500,37.49913,139.921644,6,0.046,-0.286,9.293,5.677
1424932060600,37.499135,139.921645,6,-0.047,-0.557,9.796,5.626
1424932060701,37.499141,139.921647,6,0.023,-0.808,9.927,5.574
1424932060802,37.499146,139.921648,6,0.06,-0.648,9.42,5.523
1424932060903,37.499151,139.921649,6,-0.022,-0.468,9.249,5.473
1424932061003,37.499156,139.92165,6,-0.068,-0.577,9.532,5.423
1424932061104,37.499161,139.921652,6,-0.038,-0.76,9.785,5.374
1424932061200,37.499165,139.921653,6,-0.037,-0.694,9.554,5.327
1424932061300,37.49917,139.921654,6,-0.006,-0.527,9.445,5.279
1424932061401,37.499175,139.921656,7,-0.002,-0.359,9.423,5.229
1424932061502,37.499178,139.921657,7,-0.031,-0.302,9.524,5.176
1424932061603,37.499182,139.921659,7,-0.07,-0.313,9.565,5.124
1424932061703,37.499186,139.921661,7,-0.101,-0.198,9.584,5.073
1424932061804,37.49919,139.921662,7,-0.176,-0.044,9.606,5.022
1424932061900,37.499193,139.921664,7,-0.145,-0.04,9.527,4.974
1424932062000,37.499197,139.921665,7,-0.089,-0.102,9.44,4.924
1424932062101,37.499201,139.921667,7,-0.059,-0.197,9.457,4.875
1424932062202,37.499204,139.921669,7,-0.029,-0.288,9.625,4.826
1424932062303,37.499208,139.92167,7,-0.052,-0.261,9.502,4.777
1424932062403,37.499212,139.921672,7,-0.021,-0.238,9.436,4.727
1424932062504,37.499215,139.921673,7,-0.019,-0.367,9.567,4.675
1424932062600,37.499219,139.921674,7,-0.104,-0.434,9.661,4.625
1424932062705,37.499223,139.921675,7,-0.156,-0.379,9.483,4.571
1424932062801,37.499226,139.921676,7,-0.167,-0.381,9.442,4.523
1424932062900,37.49923,139.921677,7,-0.174,-0.428,9.611,4.473
1424932063002,37.499234,139.921678,7,-0.177,-0.319,9.628,4.423
1424932063101,37.499237,139.921679,7,-0.153,-0.218,9.469,4.374
1424932063204,37.499241,139.92168,7,-0.119,-0.184,9.441,4.324
1424932063300,37.499244,139.921681,7,-0.061,-0.218,9.513,4.278
1424932063400,37.499247,139.921683,6,-0.037,-0.304,9.531,4.24
1424932063501,37.499251,139.921684,6,-0.069,-0.398,9.48,4.214
1424932063602,37.499255,139.921685,6,-0.102,-0.435,9.368,4.188
1424932063702,37.499258,139.921687,6,-0.153,-0.453,9.484,4.163
1424932063803,37.499262,139.921688,6,-0.174,-0.447,9.527,4.137
1424932063904,37.499265,139.921689,6,-0.194,-0.537,9.562,4.112
1424932064004,37.499269,139.92169,6,-0.148,-0.589,9.561,4.087
1424932064100,37.499272,139.921692,6,-0.117,-0.579,9.453,4.064
1424932064201,37.499276,139.921693,6,-0.101,-0.554,9.457,4.039
1424932064302,37.499279,139.921694,6,-0.041,-0.657,9.57,4.014
1424932064402,37.499282,139.921697,8,-0.031,-0.781,9.692,3.965
1424932064503,37.499286,139.9217,8,-0.12,-0.789,9.455,3.883
1424932064604,37.499289,139.921704,8,-0.106,-0.767,9.378,3.803
1424932064704,37.499292,139.921708,8,-0.109,-0.841,9.562,3.724
1424932064800,37.499295,139.921711,8,-0.126,-0.938,9.662,3.651
1424932064901,37.499299,139.921715,8,-0.037,-0.952,9.549,3.575
1424932065001,37.499302,139.921718,8,-0.046,-0.98,9.498,3.501
1424932065102,37.499305,139.921722,8,-0.061,-0.97,9.518,3.429
1424932065203,37.499308,139.921725,8,-0.025,-1.038,9.655,3.357
1424932065304,37.49931,139.921728,8,-0.05,-1.028,9.529,3.288
1424932065404,37.499314,139.921731,8,-0.072,-0.978,9.472,3.165
1424932065500,37.499317,139.921732,8,-0.08,-0.965,9.56,2.986
1424932065601,37.49932,139.921734,8,-0.097,-1.022,9.63,2.806
1424932065701,37.499323,139.921736,8,-0.146,-1.095,9.607,2.637
1424932065802,37.499326,139.921737,8,-0.188,-1.057,9.484,2.476
1424932065903,37.499329,139.921739,8,-0.217,-1.044,9.502,2.324
1424932066003,37.499331,139.92174,8,-0.171,-1.082,9.592,2.182
1424932066104,37.499334,139.921741,8,-0.103,-1.192,9.512,2.048
1424932066200,37.499336,139.921742,8,-0.013,-1.35,9.563,1.93
1424932066301,37.499338,139.921743,8,0.088,-1.442,9.636,1.814
1424932066401,37.499339,139.921744,6,0.082,-1.32,9.404,1.693
1424932066502,37.499341,139.921744,6,0.072,-1.151,9.337,1.559
1424932066603,37.499342,139.921744,6,0.127,-1.051,9.545,1.433
1424932066703,37.499342,139.921744,6,0.048,-0.963,9.614,1.317
1424932066804,37.499343,139.921745,6,-0.077,-0.852,9.501,1.207
1424932066900,37.499344,139.921745,6,-0.123,-0.801,9.485,1.111
1424932067001,37.499345,139.921745,6,-0.108,-0.789,9.57,1.017
1424932067101,37.499346,139.921745,6,-0.089,-0.567,9.636,0.932
1424932067202,37.499346,139.921745,6,-0.102,-0.304,9.562,0.855
1424932067303,37.499347,139.921745,6,-0.096,-0.169,9.488,0.785
1424932067403,37.499347,139.921745,4,-0.039,-0.136,9.514,0.718
1424932067504,37.499348,139.921745,4,-0.002,-0.126,9.521,0.647
1424932067600,37.499348,139.921746,4,-0.015,-0.029,9.515,0.584
1424932067700,37.499349,139.921746,4,-0.035,0.11,9.523,0.524
1424932067801,37.499349,139.921746,4,-0.03,0.194,9.501,0.468
1424932067902,37.49935,139.921746,4,-0.025,0.236,9.51,0.417
1424932068003,37.49935,139.921747,4,-0.068,0.244,9.53,0.371
1424932068103,37.49935,139.921747,4,-0.118,0.214,9.585,0.331
1424932068204,37.499351,139.921747,4,-0.095,0.176,9.579,0.295
1424932068300,37.499351,139.921747,4,-0.04,0.183,9.521,0.266
1424932068400,37.499351,139.921747,5,-0.007,0.247,9.438,0.26
1424932068501,37.499352,139.921746,5,0.002,0.3,9.433,0.29
1424932068602,37.499352,139.921746,5,0.006,0.322,9.453,0.325
1424932068702,37.499353,139.921745,5,-0.016,0.334,9.489,0.365
1424932068803,37.499354,139.921745,5,-0.048,0.319,9.472,0.41
1424932068904,37.499354,139.921744,5,-0.056,0.322,9.409,0.46
1424932069000,37.499355,139.921743,5,-0.076,0.287,9.457,0.512
1424932069100,37.499356,139.921742,5,-0.096,0.187,9.553,0.572
1424932069201,37.499357,139.921742,5,-0.074,0.108,9.608,0.637
1424932069302,37.499358,139.921741,5,-0.051,0.1,9.524,0.707
1424932069402,37.499359,139.92174,5,-0.048,0.141,9.477,0.737
1424932069503,37.49936,139.92174,5,-0.057,0.162,9.55,0.708
1424932069604,37.499361,139.921739,5,-0.046,0.189,9.524,0.68
1424932069700,37.499361,139.921739,5,-0.049,0.219,9.489,0.654
1424932069800,37.499362,139.921739,5,-0.067,0.198,9.55,0.628
1424932069901,37.499363,139.921738,5,-0.089,0.064,9.686,0.602
1424932070002,37.499363,139.921738,5,-0.07,-0.083,9.753,0.578
1424932070102,37.499364,139.921738,5,0.018,-0.024,9.541,0.555
1424932070203,37.499364,139.921737,5,0.04,0.195,9.295,0.533
1424932070304,37.499365,139.921737,5,-0.059,0.237,9.303,0.511
1424932070404,37.499365,139.921737,4,-0.154,0.132,9.509,0.5
1424932070500,37.499365,139.921737,4,-0.178,0.05,9.617,0.5
1424932070601,37.499365,139.921737,4,-0.22,0.08,9.475,0.5
1424932070701,37.499366,139.921738,4,-0.316,0.121,9.492,0.5
1424932070802,37.499366,139.921738,4,-0.28,0.146,9.564,0.5
1424932070903,37.499366,139.921738,4,-0.206,0.116,9.632,0.5
1424932071004,37.499366,139.921738,4,-0.201,0.038,9.644,0.5
1424932071104,37.499366,139.921738,4,-0.306,0.033,9.618,0.5
1424932071200,37.499367,139.921739,4,-0.278,0.002,9.564,0.5
1424932071301,37.499367,139.921739,4,-0.241,-0.035,9.614,0.5
1424932071401,37.499367,139.921739,4,-0.3,0.049,9.584,0.5
1424932071502,37.499367,139.92174,4,-0.286,0.056,9.615,0.5
1424932071603,37.499367,139.92174,4,0.083,-0.003,9.666,0.5
1424932071704,37.499367,139.92174,4,0.411,0.13,9.534,0.5
1424932071804,37.499367,139.921741,4,0.24,0.435,9.217,0.5
1424932071900,37.499368,139.921741,4,-0.058,0.57,9.161,0.5
1424932072001,37.499368,139.921742,4,-0.212,0.533,9.464,0.5
1424932072101,37.499368,139.921742,4,-0.354,0.537,9.653,0.5
1424932072202,37.499368,139.921742,4,-0.547,0.601,9.518,0.5
1424932072303,37.499368,139.921743,4,-0.696,0.628,9.433,0.5
1424932072404,37.499368,139.921743,4,-0.685,0.672,9.482,0.509
1424932072504,37.499369,139.921743,4,-0.508,0.776,9.445,0.53
1424932072600,37.499369,139.921742,4,-0.371,0.878,9.369,0.551
1424932072701,37.49937,139.921742,4,-0.311,0.861,9.45,0.574
1424932072801,37.499371,139.921741,4,-0.367,0.754,9.583,0.598
1424932072902,37.499371,139.921741,4,-0.559,0.67,9.595,0.623
1424932073003,37.499372,139.921741,4,-0.701,0.717,9.475,0.649
1424932073103,37.499373,139.92174,4,-0.762,0.702,9.483,0.676
1424932073204,37.499374,139.92174,4,-0.85,0.687,9.66,0.704
1424932073300,37.499375,139.921739,4,-1.041,0.837,9.441,0.732
1424932073401,37.499375,139.921739,5,-1.133,1.002,9.147,0.759
1424932073501,37.499376,139.921738,5,-1.069,0.996,9.385,0.781
1424932073602,37.499377,139.921738,5,-1.139,0.968,9.713,0.804
1424932073703,37.499378,139.921737,5,-1.167,0.869,9.422,0.828
1424932073803,37.499379,139.921737,5,-1.172,0.8,9.269,0.852
1424932073904,37.499381,139.921736,5,-1.133,0.669,9.588,0.877
1424932074000,37.499382,139.921736,5,-0.919,0.585,9.736,0.902
1424932074101,37.499383,139.921735,5,-0.886,0.471,9.485,0.928
1424932074201,37.499384,139.921735,5,-1.229,0.579,9.468,0.955
1424932074302,37.499385,139.921734,5,-1.38,0.39,9.43,0.984
1424932074403,37.499387,139.921733,6,-1.27,0.152,9.405,1.01
1424932074503,37.499388,139.921732,6,-0.985,0.133,9.479,1.032
1424932074604,37.499389,139.921731,6,-0.634,0.224,9.506,1.056
1424932074700,37.499391,139.92173,6,-0.325,0.298,9.307,1.079
1424932074800,37.499392,139.921729,6,-0.12,0.211,9.156,1.103
1424932074901,37.499394,139.921727,6,-0.402,-0.018,9.218,1.128
1424932075002,37.499395,139.921726,6,-1.009,0.043,9.378,1.154
1424932075103,37.499397,139.921725,6,-1.502,0.085,9.64,1.18
1424932075203,37.499398,139.921723,6,-1.776,-0.036,9.579,1.207
1424932075304,37.4994,139.921722,6,-1.694,-0.25,9.598,1.235
1424932075400,37.499402,139.92172,6,-1.503,-0.143,9.387,1.279
1424932075500,37.499403,139.921718,6,-1.244,0.064,9.117,1.356
1424932075601,37.499404,139.921716,6,-0.787,-0.06,9.509,1.439
1424932075702,37.499406,139.921714,6,-0.595,-0.254,9.731,1.528
1424932075802,37.499408,139.921711,6,-0.586,-0.14,9.517,1.622
1424932075903,37.499409,139.921709,6,-0.614,-0.073,9.476,1.722
1424932076004,37.499411,139.921706,6,-0.471,-0.141,9.693,1.828
1424932076100,37.499413,139.921703,6,-0.296,-0.162,9.741,1.935
1424932076200,37.499415,139.9217,6,-0.195,-0.117,9.472,2.052
1424932076301,37.499418,139.921697,6,-0.109,-0.042,9.339,2.175
1424932076402,37.49942,139.921694,5,-0.122,0.053,9.526,2.239
1424932076502,37.499421,139.921691,5,-0.205,0.018,9.485,2.213
1424932076603,37.499422,139.921688,5,-0.111,0.053,9.457,2.187
1424932076704,37.499423,139.921685,5,-0.042,0.272,9.468,2.161
1424932076804,37.499425,139.921682,5,-0.078,0.472,9.354,2.135
1424932076900,37.499426,139.921679,5,0.068,0.49,9.391,2.111
1424932077006,37.499427,139.921677,5,0.045,0.605,9.445,2.085
1424932077102,37.499428,139.921674,5,-0.021,0.867,9.29,2.062
1424932077201,37.499429,139.921671,5,-0.04,0.971,9.462,2.038
1424932077303,37.49943,139.921669,5,-0.269,1.079,9.693,2.013
1424932077402,37.499431,139.921666,6,-0.444,1.139,9.681,2.01
1424932077504,37.499432,139.921663,6,-0.327,1.11,9.416,2.034
1424932077600,37.499432,139.92166,6,-0.32,1.128,9.464,2.057
1424932077701,37.499433,139.921657,6,-0.288,1.2,9.594,2.082
1424932077801,37.499434,139.921655,6,-0.103,1.219,9.447,2.107
1424932077902,37.499434,139.921652,6,0.126,1.295,9.428,2.132
1424932078003,37.499435,139.921649,6,0.223,1.354,9.456,2.157
1424932078104,37.499435,139.921646,6,0.267,1.389,9.441,2.183
1424932078204,37.499436,139.921643,6,0.29,1.401,9.463,2.209
1424932078300,37.499437,139.92164,6,0.23,1.412,9.459,2.234
1424932078401,37.499437,139.921636,6,0.127,1.403,9.54,2.269
1424932078501,37.499438,139.921633,6,0.032,1.428,9.513,2.314
1424932078602,37.499439,139.921629,6,0.032,1.453,9.41,2.362
1424932078703,37.49944,139.921625,6,0.142,1.38,9.544,2.41
1424932078804,37.49944,139.921621,6,0.286,1.369,9.553,2.46
1424932078904,37.499441,139.921617,6,0.429,1.434,9.393,2.51
1424932079000,37.499442,139.921613,6,0.497,1.473,9.384,2.558
1424932079101,37.499443,139.921608,6,0.476,1.49,9.436,2.611
1424932079201,37.499444,139.921604,6,0.433,1.399,9.579,2.664
1424932079302,37.499444,139.9216,6,0.362,1.35,9.803,2.718
1424932079403,37.499446,139.921595,7,0.222,1.558,9.492,2.779
1424932079503,37.499447,139.92159,7,0.13,1.68,9.187,2.846
1424932079604,37.499448,139.921585,7,0.121,1.542,9.379,2.916
1424932079700,37.49945,139.92158,7,0.049,1.475,9.515,2.985
1424932079800,37.499451,139.921575,7,0.035,1.606,9.572,3.058
1424932079901,37.499453,139.921569,7,0.058,1.598,9.528,3.133
1424932080002,37.499454,139.921564,7,0.123,1.216,9.419,3.211
1424932080103,37.499456,139.921558,7,0.136,0.607,9.397,3.29
1424932080203,37.499457,139.921552,7,0.174,0.178,9.577,3.37
1424932080304,37.499459,139.921546,7,0.224,-0.041,9.715,3.453
1424932080400,37.499461,139.921539,13,0.158,0.019,9.551,3.6
1424932080500,37.499464,139.921527,13,0.113,0.151,9.311,3.868
1424932080601,37.499468,139.921514,13,0.195,-0.088,9.617,4.164
1424932080702,37.499472,139.9215,13,0.211,-0.21,9.805,4.488
1424932080803,37.499476,139.921485,13,0.282,-0.128,9.642,4.838
1424932080903,37.499481,139.921469,13,0.232,-0.025,9.371,5.212
1424932081004,37.499485,139.921451,13,0.192,-0.158,9.665,5.615
1424932081100,37.49949,139.921433,13,0.055,0.109,9.032,6.023
1424932081200,37.499496,139.921414,13,-0.066,0.112,9.361,6.474
1424932081301,37.499501,139.921393,13,-0.072,-0.153,10.011,6.956
1424932081402,37.499506,139.921377,13,0.005,-0.184,9.729,7.25
1424932081503,37.499508,139.921368,13,0.052,-0.021,9.398,7.25
1424932081603,37.499511,139.92136,13,0.0,-0.092,9.164,7.25
1424932081704,37.499513,139.921352,13,0.058,-0.242,9.402,7.25
1424932081800,37.499516,139.921344,13,-0.023,-0.093,9.735,7.25
1424932081900,37.499518,139.921336,13,-0.122,0.087,9.504,7.25
1424932082001,37.49952,139.921328,13,-0.081,-0.053,9.427,7.25
1424932082102,37.499523,139.92132,13,-0.087,-0.272,9.697,7.25
1424932082202,37.499525,139.921312,13,-0.119,-0.163,9.621,7.25
1424932082303,37.499528,139.921304,13,-0.033,-0.009,9.275,7.25
1424932082404,37.49953,139.921295,6,-0.018,-0.033,9.365,7.25
1424932082505,37.499533,139.921287,6,-0.119,-0.169,9.641,7.25
1424932082600,37.499536,139.92128,6,-0.106,-0.054,9.466,7.25
1424932082701,37.49954,139.921272,6,-0.082,-0.007,9.364,7.25
1424932082802,37.499543,139.921264,6,-0.105,-0.201,9.493,7.25
1424932082902,37.499546,139.921256,6,0.002,-0.365,9.715,7.25
1424932083003,37.499549,139.921248,6,0.104,-0.078,9.727,7.25
1424932083104,37.499552,139.921239,6,0.089,0.057,9.398,7.25
1424932083204,37.499555,139.921231,6,0.108,0.094,9.331,7.25
1424932083300,37.499558,139.921224,6,0.126,0.111,9.404,7.25
1424932083401,37.499561,139.921217,8,0.172,0.125,9.65,7.218
1424932083501,37.499563,139.921211,8,0.062,0.23,9.593,7.139
1424932083602,37.499565,139.921205,8,0.002,0.261,9.362,7.061
1424932083703,37.499567,139.921199,8,-0.001,0.2,9.455,6.984
1424932083804,37.499569,139.921193,8,0.012,0.178,9.651,6.907
1424932083904,37.499571,139.921187,8,0.014,0.224,9.526,6.832
1424932084000,37.499573,139.921182,8,0.075,0.272,9.363,6.761
1424932084101,37.499575,139.921176,8,0.083,0.302,9.177,6.686
1424932084201,37.499577,139.921171,8,0.043,0.225,9.592,6.614
1424932084302,37.499579,139.921165,8,-0.05,0.212,9.701,6.541
1424932084403,37.499581,139.921158,9,0.026,0.194,9.636,6.531
1424932084504,37.499584,139.92115,9,0.036,0.097,9.703,6.603
1424932084604,37.499586,139.921141,9,0.05,0.037,9.774,6.675
1424932084700,37.499589,139.921133,9,-0.01,0.354,9.25,6.746
1424932084801,37.499591,139.921124,9,-0.151,0.558,8.931,6.821
1424932084901,37.499594,139.921116,9,-0.159,0.419,9.451,6.896
1424932085002,37.499596,139.921107,9,-0.151,0.191,10.142,6.972
1424932085103,37.499599,139.921098,9,-0.15,0.251,9.779,7.049
1424932085203,37.499602,139.921088,9,-0.129,0.231,9.059,7.127
1424932085304,37.499604,139.921079,9,-0.075,0.184,9.139,7.206
1424932085400,37.499607,139.92107,9,-0.041,0.242,9.485,7.26
1424932085501,37.499611,139.921059,9,-0.002,0.394,9.565,7.285
1424932085601,37.499615,139.921049,9,-0.053,0.355,9.341,7.309
1424932085702,37.499618,139.921038,9,-0.108,0.115,9.732,7.335
1424932085803,37.499622,139.921027,9,-0.153,0.067,9.699,7.36
1424932085903,37.499625,139.921017,9,-0.12,0.251,9.357,7.385
1424932086004,37.499629,139.921006,9,-0.115,0.295,9.354,7.41
1424932086100,37.499633,139.920996,9,-0.124,0.244,9.611,7.434
1424932086201,37.499636,139.920985,9,-0.081,0.268,9.722,7.46
1424932086301,37.49964,139.920974,9,-0.114,0.308,9.489,7.485
1424932086402,37.499643,139.920965,9,-0.139,0.243,9.333,7.51
1424932086503,37.499646,139.920957,9,-0.086,0.241,9.467,7.535
1424932086603,37.499649,139.92095,9,-0.027,0.278,9.593,7.56
1424932086704,37.499652,139.920942,9,0.082,0.232,9.592,7.585
1424932086800,37.499654,139.920934,9,-0.029,0.276,9.346,7.609
1424932086900,37.499657,139.920927,9,-0.06,0.238,9.468,7.634
1424932087001,37.49966,139.920919,9,-0.015,0.149,9.719,7.659
1424932087102,37.499663,139.920911,9,0.061,0.225,9.555,7.685
1424932087203,37.499666,139.920903,9,0.04,0.331,9.263,7.71
1424932087303,37.499668,139.920895,9,0.002,0.261,9.28,7.736
1424932087404,37.499671,139.920887,8,-0.132,0.107,9.96,7.761
1424932087500,37.499674,139.920877,8,-0.168,0.157,9.766,7.785
1424932087600,37.499677,139.920868,8,-0.097,0.303,9.147,7.809
1424932087701,37.49968,139.920858,8,-0.07,0.002,9.501,7.834
1424932087802,37.499684,139.920848,8,-0.034,0.023,9.762,7.86
1424932087903,37.499687,139.920838,8,-0.02,0.265,9.323,7.885
1424932088003,37.49969,139.920828,8,0.043,0.183,9.201,7.91
1424932088104,37.499693,139.920818,8,0.036,0.074,9.604,7.935
1424932088200,37.499696,139.920809,8,0.052,0.049,9.706,7.959
1424932088300,37.499699,139.920799,8,0.065,0.048,9.419,7.985
1424932088401,37.499702,139.92079,8,0.009,-0.041,9.336,7.979
1424932088502,37.499703,139.920782,8,0.103,-0.012,9.458,7.927
1424932088602,37.499705,139.920774,8,0.186,0.03,9.467,7.876
1424932088703,37.499707,139.920766,8,-0.026,0.018,9.352,7.825
1424932088804,37.499708,139.920758,8,-0.032,-0.132,9.708,7.774
1424932088905,37.49971,139.92075,8,-0.055,-0.496,10.166,7.724
1424932089000,37.499711,139.920743,8,-0.033,-0.376,9.762,7.676
1424932089101,37.499713,139.920735,8,0.004,-0.105,9.183,7.626
1424932089202,37.499715,139.920728,8,-0.055,-0.107,9.108,7.577
1424932089302,37.499716,139.92072,8,0.01,-0.067,9.735,7.528
1424932089403,37.499718,139.920713,9,-0.095,-0.23,10.025,7.5
1424932089504,37.49972,139.920705,9,-0.158,-0.295,9.537,7.5
1424932089604,37.499723,139.920697,9,-0.096,-0.317,9.145,7.5
1424932089700,37.499725,139.920689,9,-0.073,-0.248,9.261,7.5
1424932089801,37.499727,139.920681,9,0.036,-0.267,9.673,7.5
1424932089901,37.499729,139.920673,9,-0.038,-0.301,9.731,7.5
1424932090002,37.499732,139.920665,9,-0.041,-0.331,9.624,7.5
1424932090103,37.499734,139.920657,9,-0.04,-0.373,9.493,7.5
1424932090204,37.499736,139.920649,9,0.002,-0.346,9.31,7.5
1424932090304,37.499739,139.920641,9,0.029,-0.345,9.399,7.5
1424932090400,37.499742,139.920634,13,0.12,-0.704,9.632,7.5
1424932090501,37.499746,139.920625,13,0.05,-0.801,9.564,7.5
1424932090601,37.49975,139.920617,13,0.019,-0.968,9.621,7.5
1424932090702,37.499755,139.920608,13,-0.082,-1.099,9.799,7.5
1424932090803,37.499759,139.920599,13,-0.129,-1.039,9.574,7.5
1424932090904,37.499763,139.920591,13,-0.068,-0.723,9.016,7.5
1424932091004,37.499768,139.920582,13,0.024,-0.818,9.146,7.5
1424932091105,37.499772,139.920574,13,0.165,-0.85,9.096,7.5
1424932091201,37.499776,139.920566,13,0.25,-1.148,10.146,7.5
1424932091300,37.49978,139.920557,13,0.2,-1.526,10.655,7.5
1424932091402,37.499784,139.920548,13,-0.027,-1.516,10.166,7.489
1424932091501,37.499786,139.920538,13,-0.101,-0.627,8.317,7.464
1424932091604,37.499788,139.920528,13,-0.019,-0.146,7.818,7.438
1424932091703,37.49979,139.920519,13,0.086,-0.281,9.388,7.413
1424932091800,37.499792,139.920509,13,0.075,-0.415,10.635,7.389
1424932091901,37.499794,139.9205,13,0.096,-0.399,10.575,7.364
1424932092001,37.499797,139.92049,13,0.141,-0.607,9.691,7.339
1424932092102,37.499799,139.92048,13,-0.146,-1.03,9.155,7.314
1424932092203,37.499801,139.920471,13,-0.165,-0.702,9.327,7.289
1424932092303,37.499803,139.920461,13,0.03,-0.135,9.826,7.264
1424932092404,37.499805,139.920454,11,0.084,0.276,9.599,7.215
1424932092500,37.499809,139.92045,11,0.147,0.214,9.211,7.14
1424932092600,37.499812,139.920445,11,0.173,0.032,9.197,7.063
1424932092701,37.499815,139.920441,11,0.02,-0.415,10.007,6.985
1424932092802,37.499818,139.920436,11,-0.138,-0.29,9.849,6.908
1424932092903,37.499821,139.920432,11,-0.203,0.018,9.281,6.833
1424932093003,37.499824,139.920428,11,-0.21,0.228,8.815,6.758
1424932093104,37.499827,139.920424,11,-0.106,-0.117,9.454,6.684
1424932093200,37.49983,139.92042,11,0.063,-0.19,10.014,6.615
1424932093300,37.499833,139.920415,11,-0.029,0.084,9.897,6.543
1424932093401,37.499836,139.92041,11,-0.06,0.19,9.395,6.49
1424932093502,37.499838,139.920403,11,-0.048,0.032,9.342,6.464
1424932093603,37.49984,139.920397,11,-0.093,-0.052,9.363,6.438
1424932093703,37.499843,139.92039,11,-0.04,0.076,9.819,6.413
1424932093804,37.499845,139.920383,11,0.089,0.151,9.763,6.388
1424932093900,37.499847,139.920377,11,0.097,0.184,9.159,6.364
1424932094000,37.499849,139.92037,11,0.106,0.005,9.355,6.339
1424932094101,37.499851,139.920364,11,0.122,-0.155,9.905,6.314
1424932094202,37.499854,139.920357,11,0.097,-0.027,9.602,6.289
1424932094302,37.499856,139.920351,11,0.037,0.059,9.342,6.264
1424932094403,37.499858,139.920344,7,0.035,-0.049,9.466,6.261
1424932094504,37.49986,139.920336,7,0.032,-0.111,9.675,6.285
1424932094605,37.499863,139.920329,7,0.042,0.024,9.434,6.31
1424932094701,37.499865,139.920321,7,0.213,0.027,9.289,6.334
1424932094801,37.499867,139.920314,7,0.313,-0.155,9.491,6.359
1424932094902,37.499869,139.920306,7,0.315,-0.118,9.443,6.384
1424932095002,37.499872,139.920299,7,-0.054,-0.054,9.476,6.409
1424932095103,37.499874,139.920291,7,-0.25,-0.176,10.027,6.435
1424932095204,37.499876,139.920283,7,-0.262,-0.224,9.871,6.46
1424932095304,37.499879,139.920275,7,-0.196,-0.106,9.475,6.486
1424932095400,37.499881,139.920268,7,-0.059,0.028,9.159,6.5
1424932095501,37.499882,139.920261,7,0.182,-0.017,9.418,6.5
1424932095602,37.499884,139.920254,7,0.089,-0.07,9.342,6.5
1424932095702,37.499885,139.920247,7,-0.186,-0.06,9.712,6.5
1424932095803,37.499887,139.92024,7,-0.274,-0.039,9.656,6.5
1424932095904,37.499889,139.920233,7,-0.122,-0.056,9.48,6.5
1424932096004,37.49989,139.920226,7,-0.095,-0.143,9.385,6.5
1424932096100,37.499892,139.920219,7,0.005,-0.127,9.381,6.5
1424932096201,37.499893,139.920212,7,0.236,-0.032,9.336,6.5
1424932096302,37.499895,139.920205,7,0.245,-0.096,9.686,6.5
1424932096402,37.499897,139.920198,9,0.129,-0.125,9.682,6.489
1424932096503,37.499898,139.920191,9,0.074,0.028,9.15,6.464
1424932096604,37.4999,139.920183,9,0.162,-0.001,9.182,6.438
1424932096704,37.499901,139.920176,9,0.048,-0.242,9.879,6.413
1424932096800,37.499903,139.920169,9,0.024,-0.264,9.961,6.389
1424932096901,37.499904,139.920162,9,-0.078,0.049,9.268,6.364
1424932097001,37.499906,139.920155,9,-0.042,0.038,9.269,6.339
1424932097102,37.499907,139.920147,9,-0.022,-0.153,9.415,6.314
1424932097203,37.499909,139.92014,9,0.059,-0.263,9.81,6.289
1424932097304,37.49991,139.920133,9,0.117,-0.085,9.763,6.264
1424932097404,37.499912,139.920126,10,0.134,-0.032,9.707,6.25
1424932097500,37.499914,139.92012,10,0.131,-0.15,9.455,6.25
1424932097601,37.499916,139.920114,10,0.056,-0.153,9.544,6.25
1424932097701,37.499918,139.920107,10,0.073,0.134,9.029,6.25
1424932097802,37.49992,139.920101,10,0.261,0.215,9.124,6.25
1424932097903,37.499922,139.920094,10,0.228,-0.226,10.107,6.25
1424932098003,37.499924,139.920088,10,0.039,-0.359,10.089,6.25
1424932098104,37.499926,139.920081,10,-0.335,0.03,8.996,6.25
1424932098200,37.499928,139.920075,10,-0.102,-0.139,9.243,6.25
1424932098301,37.49993,139.920069,10,-0.178,-0.551,9.76,6.25
1424932098401,37.499932,139.920063,11,-0.042,-0.56,9.926,6.24
1424932098502,37.499934,139.920057,11,0.077,-0.055,9.543,6.214
1424932098603,37.499935,139.920051,11,0.158,0.103,9.138,6.188
1424932098703,37.499937,139.920045,11,-0.054,-0.277,9.253,6.163
1424932098804,37.499939,139.920039,11,-0.261,-0.355,9.921,6.138
1424932098900,37.499941,139.920033,11,-0.171,-0.058,9.83,6.114
1424932099001,37.499943,139.920028,11,0.012,0.032,9.347,6.089
1424932099101,37.499944,139.920022,11,0.008,-0.229,9.398,6.064
1424932099202,37.499946,139.920016,11,-0.122,-0.282,9.57,6.039
1424932099303,37.499948,139.92001,11,-0.078,-0.217,9.635,6.014
1424932099403,37.49995,139.920004,12,-0.066,-0.118,9.652,6.0
1424932099504,37.499953,139.919998,12,-0.165,-0.006,9.198,6.0
1424932099600,37.499956,139.919992,12,-0.097,-0.199,9.537,6.0
1424932099700,37.499959,139.919986,12,-0.026,-0.219,9.762,6.0
1424932099801,37.499961,139.919979,12,0.013,-0.108,9.399,6.0
1424932099902,37.499964,139.919973,12,-0.029,-0.123,9.456,6.0
1424932100003,37.499967,139.919966,12,-0.026,-0.151,9.663,6.0
1424932100103,37.49997,139.91996,12,-0.073,-0.11,9.239,6.0
1424932100204,37.499973,139.919954,12,-0.072,-0.015,9.086,6.0
1424932100300,37.499975,139.919948,12,-0.052,-0.191,9.764,6.0
1424932100400,37.499978,139.919941,13,-0.124,-0.374,10.068,5.99
1424932100502,37.499979,139.919933,13,-0.01,-0.323,9.602,5.964
1424932100602,37.49998,139.919926,13,-0.057,-0.155,9.153,5.939
1424932100703,37.499982,139.919918,13,-0.044,-0.251,9.597,5.913
1424932100803,37.499983,139.91991,13,-0.092,-0.327,9.558,5.888
1424932100904,37.499984,139.919903,13,-0.001,-0.129,9.496,5.863
1424932101000,37.499985,139.919896,13,-0.154,0.048,9.233,5.839
1424932101100,37.499987,139.919888,13,-0.123,-0.236,9.698,5.814
1424932101201,37.499988,139.919881,13,-0.063,-0.615,9.966,5.789
1424932101302,37.499989,139.919873,13,-0.041,-0.695,9.604,5.764
1424932101402,37.499991,139.919866,13,0.043,-0.673,9.406,5.728
1424932101503,37.499993,139.91986,13,-0.131,-0.628,9.32,5.676
1424932101604,37.499994,139.919853,13,-0.006,-0.846,9.709,5.624
1424932101704,37.499996,139.919847,13,0.036,-0.52,9.337,5.573
1424932101800,37.499998,139.919841,13,0.02,-0.269,9.568,5.524
1424932101901,37.499999,139.919834,13,-0.07,-0.169,9.728,5.474
1424932102002,37.500001,139.919828,13,-0.135,-0.118,9.582,5.424
1424932102102,37.500003,139.919822,13,-0.032,-0.222,9.453,5.375
1424932102203,37.500004,139.919816,13,0.014,-0.334,9.817,5.325
1424932102304,37.500006,139.919809,13,0.013,-0.004,9.309,5.277
1424932102404,37.500007,139.919803,11,0.06,-0.008,9.133,5.25
1424932102500,37.500009,139.919795,11,0.136,-0.004,9.341,5.25
1424932102601,37.50001,139.919787,11,0.173,-0.109,9.705,5.25
1424932102702,37.500011,139.919779,11,0.059,-0.338,10.217,5.25
1424932102802,37.500012,139.919772,11,0.001,-0.068,9.41,5.25
1424932102903,37.500013,139.919764,11,0.149,0.07,9.144,5.25
1424932103004,37.500014,139.919756,11,0.165,-0.319,9.52,5.25
1424932103104,37.500015,139.919748,11,0.096,-0.544,9.865,5.25
1424932103200,37.500016,139.91974,11,0.033,-0.453,9.664,5.25
1424932103301,37.500017,139.919733,11,0.184,-0.205,9.177,5.25
1424932103402,37.500019,139.919725,11,0.238,-0.192,9.637,5.239
1424932103502,37.50002,139.919718,11,0.271,-0.482,9.588,5.214
1424932103603,37.500021,139.919712,11,0.08,-0.849,9.846,5.188
1424932103704,37.500022,139.919705,11,0.191,-0.506,9.243,5.163
1424932103804,37.500023,139.919698,11,0.192,-0.328,8.961,5.137
1424932103900,37.500025,139.919692,11,0.193,-0.66,9.81,5.113
1424932104001,37.500026,139.919685,11,0.125,-0.961,10.025,5.088
1424932104101,37.500027,139.919679,11,0.127,-0.855,9.625,5.064
1424932104202,37.500028,139.919672,11,0.094,-0.644,9.27,5.039
1424932104303,37.500029,139.919666,11,-0.002,-0.474,8.928,5.014
1424932104404,37.500031,139.919661,9,0.031,-0.998,9.751,4.989
1424932104504,37.500033,139.919657,9,-0.073,-1.642,9.737,4.963
1424932104600,37.500034,139.919654,9,-0.064,-1.738,9.473,4.939
1424932104701,37.500036,139.919651,9,0.028,-1.379,9.614,4.913
1424932104801,37.500038,139.919648,9,0.085,-1.259,9.801,4.888
1424932104902,37.50004,139.919644,9,-0.056,-1.138,9.193,4.863
1424932105003,37.500042,139.919641,9,-0.15,-1.268,9.376,4.838
1424932105103,37.500043,139.919638,9,-0.068,-1.503,10.096,4.813
1424932105204,37.500045,139.919635,9,-0.088,-1.327,9.501,4.788
1424932105300,37.500047,139.919632,9,-0.094,-0.939,9.414,4.765
1424932105406,37.500049,139.919631,9,0.005,-0.686,9.312,4.635
1424932105501,37.50005,139.919633,9,-0.043,-0.775,9.579,4.403
1424932105600,37.500051,139.919635,9,-0.17,-0.767,9.313,4.173
1424932105703,37.500052,139.919637,9,-0.18,-0.836,9.384,3.944
1424932105802,37.500053,139.919639,9,-0.151,-0.804,9.622,3.734
1424932105904,37.500054,139.919641,9,-0.085,-0.738,9.607,3.53
1424932106000,37.500055,139.919643,9,-0.012,-0.783,9.441,3.347
1424932106100,37.500056,139.919644,9,0.043,-0.812,9.511,3.167
1424932106201,37.500057,139.919646,9,0.101,-0.557,9.57,2.997
1424932106302,37.500058,139.919647,9,0.168,-0.345,9.694,2.837
1424932106403,37.500059,139.919646,9,0.163,-0.368,9.654,2.739
1424932106504,37.50006,139.919641,9,0.22,-0.37,9.466,2.713
1424932106604,37.500061,139.919636,9,0.201,-0.262,9.383,2.687
1424932106700,37.500063,139.919631,9,0.045,-0.214,9.339,2.662
1424932106800,37.500064,139.919626,9,-0.031,-0.209,9.564,2.637
1424932106901,37.500065,139.919621,9,-0.039,-0.244,9.651,2.612
1424932107002,37.500066,139.919617,9,0.1,-0.176,9.457,2.587
1424932107102,37.500068,139.919612,9,0.539,0.057,8.895,2.562
1424932107203,37.500069,139.919607,9,0.479,-0.267,9.761,2.538
1424932107304,37.50007,139.919603,9,0.395,-0.49,10.262,2.513
1424932107400,37.500071,139.919598,8,0.566,-0.33,9.618,2.478
1424932107500,37.500073,139.919594,8,0.747,-0.173,9.094,2.423
1424932107601,37.500074,139.91959,8,0.607,-0.366,9.286,2.369
1424932107702,37.500075,139.919586,8,0.554,-0.666,9.723,2.316
1424932107802,37.500076,139.919582,8,0.792,-0.616,9.605,2.265
1424932107903,37.500077,139.919578,8,0.812,-0.556,9.751,2.215
1424932108004,37.500078,139.919574,8,0.546,-0.631,10.142,2.165
1424932108104,37.500079,139.91957,8,0.349,-0.362,9.532,2.117
1424932108200,37.50008,139.919567,8,0.315,-0.213,9.226,2.073
1424932108301,37.50008,139.919563,8,0.367,-0.165,9.535,2.026
1424932108402,37.500082,139.91956,6,0.531,-0.103,9.534,1.989
1424932108502,37.500083,139.919559,6,0.727,-0.098,9.31,1.962
1424932108603,37.500084,139.919558,6,1.071,-0.22,9.326,1.936
1424932108704,37.500086,139.919557,6,1.415,-0.299,9.243,1.91
1424932108804,37.500087,139.919555,6,1.414,-0.104,9.408,1.885
1424932108900,37.500088,139.919554,6,0.921,0.068,9.596,1.861
1424932109001,37.50009,139.919553,6,0.546,-0.087,9.532,1.836
1424932109102,37.500091,139.919552,6,0.357,-0.206,9.469,1.811
1424932109202,37.500092,139.919551,6,0.233,-0.159,9.568,1.787
1424932109303,37.500093,139.91955,6,0.285,-0.045,9.649,1.763
1424932109404,37.500094,139.919549,5,0.41,0.082,9.648,1.76
1424932109504,37.500096,139.919548,5,0.665,0.114,9.426,1.784
1424932109600,37.500097,139.919547,5,0.926,0.015,9.311,1.807
1424932109701,37.500098,139.919546,5,0.981,0.05,9.469,1.832
1424932109801,37.500099,139.919546,5,0.692,0.155,9.583,1.856
1424932109902,37.5001,139.919545,5,0.547,0.148,9.425,1.881
1424932110003,37.500102,139.919544,5,0.327,-0.028,9.577,1.907
1424932110104,37.500103,139.919543,5,0.058,-0.077,9.567,1.933
1424932110204,37.500104,139.919542,5,0.053,0.154,9.228,1.959
1424932110300,37.500105,139.919542,5,0.162,0.195,9.219,1.984
1424932110401,37.500107,139.919541,5,0.108,0.062,9.754,2.0
1424932110501,37.500108,139.919541,5,0.214,-0.139,10.173,2.0
1424932110602,37.50011,139.919541,5,0.516,-0.062,9.773,2.0
1424932110703,37.500112,139.919541,5,0.621,0.234,9.28,2.0
1424932110803,37.500114,139.919541,5,0.667,0.341,9.177,2.0
1424932110904,37.500115,139.919541,5,0.771,0.063,9.606,2.0
1424932111000,37.500117,139.919541,5,0.85,-0.047,9.807,2.0
1424932111101,37.500119,139.919541,5,0.755,0.159,9.31,2.0
1424932111201,37.50012,139.919541,5,0.656,0.241,9.3,2.0
1424932111302,37.500122,139.919541,5,0.414,0.318,9.538,2.0
1424932111403,37.500124,139.919541,4,0.365,0.282,9.734,2.0
1424932111503,37.500125,139.919542,4,0.548,0.252,9.442,2.0
1424932111604,37.500126,139.919542,4,0.728,0.246,9.458,2.0
1424932111700,37.500128,139.919542,4,0.836,0.367,9.665,2.0
1424932111800,37.500129,139.919543,4,0.846,0.487,9.619,2.0
1424932111901,37.500131,139.919543,4,0.616,0.497,9.386,2.0
1424932112002,37.500132,139.919544,4,0.587,0.49,9.492,2.0
1424932112103,37.500133,139.919544,4,0.715,0.363,9.672,2.0
1424932112203,37.500135,139.919544,4,0.796,0.309,9.67,2.0
1424932112304,37.500136,139.919545,4,0.658,0.535,9.471,2.0
1424932112400,37.500138,139.919545,5,0.679,0.605,9.578,2.039
1424932112500,37.500139,139.919547,5,0.61,0.604,9.554,2.139
1424932112601,37.500141,139.919548,5,0.637,0.635,9.236,2.247
1424932112702,37.500143,139.919549,5,0.611,0.704,9.243,2.361
1424932112803,37.500145,139.919551,5,0.47,0.537,9.759,2.48
1424932112903,37.500147,139.919552,5,0.48,0.491,9.723,2.605
1424932113004,37.500149,139.919554,5,0.633,0.601,9.395,2.737
1424932113100,37.500151,139.919555,5,0.696,0.726,9.428,2.868
1424932113200,37.500153,139.919557,5,0.741,0.637,9.62,3.01
1424932113301,37.500156,139.919559,5,0.764,0.441,9.7,3.16
1424932113402,37.500158,139.919561,6,0.747,0.417,9.63,3.26
1424932113503,37.500162,139.919563,6,0.763,0.415,9.373,3.285
1424932113603,37.500165,139.919565,6,0.603,0.377,9.386,3.309
1424932113704,37.500168,139.919568,6,0.375,0.412,9.53,3.334
1424932113800,37.500172,139.91957,6,0.32,0.529,9.538,3.358
1424932113900,37.500175,139.919572,6,0.229,0.596,9.467,3.383
1424932114001,37.500178,139.919575,6,0.104,0.582,9.52,3.408
1424932114102,37.500182,139.919577,6,0.072,0.632,9.545,3.434
1424932114202,37.500185,139.919579,6,0.047,0.742,9.49,3.459
1424932114303,37.500189,139.919582,6,0.187,0.805,9.498,3.485
1424932114404,37.500193,139.919584,6,0.236,0.86,9.564,3.53
1424932114505,37.500196,139.919585,6,0.226,0.993,9.467,3.6
1424932114600,37.5002,139.919586,6,0.152,0.954,9.595,3.667
1424932114701,37.500203,139.919587,6,0.099,0.947,9.476,3.739
1424932114802,37.500207,139.919588,6,0.056,0.983,9.543,3.814
1424932114902,37.500211,139.91959,6,0.063,0.996,9.61,3.888
1424932115003,37.500215,139.919591,6,0.044,1.132,9.314,3.966
1424932115104,37.500219,139.919592,6,0.06,1.138,9.36,4.044
1424932115204,37.500223,139.919594,6,0.033,0.968,9.576,4.123
1424932115300,37.500227,139.919595,6,-0.022,0.951,9.546,4.201
1424932115401,37.500232,139.919597,4,-0.008,0.924,9.559,4.269
1424932115501,37.500236,139.919598,4,0.021,0.791,9.599,4.317
1424932115602,37.50024,139.9196,4,0.097,0.72,9.545,4.366
1424932115703,37.500244,139.919601,4,0.109,0.59,9.38,4.415
1424932115804,37.500248,139.919603,4,0.075,0.451,9.487,4.465
1424932115904,37.500253,139.919604,4,0.085,0.45,9.585,4.515
1424932116000,37.500257,139.919606,4,0.025,0.405,9.575,4.564
1424932116101,37.500261,139.919608,4,-0.032,0.387,9.507,4.615
1424932116201,37.500266,139.919609,4,-0.041,0.413,9.317,4.667
1424932116302,37.50027,139.919611,4,-0.068,0.412,9.447,4.719
1424932116403,37.500276,139.919613,6,-0.038,0.278,9.571,4.789
1424932116504,37.500281,139.919616,6,-0.061,0.179,9.66,4.882
1424932116604,37.500287,139.919618,6,-0.034,0.206,9.493,4.976
1424932116700,37.500293,139.919621,6,-0.002,0.256,9.534,5.069
1424932116801,37.5003,139.919624,6,-0.029,0.195,9.531,5.168
1424932116901,37.500306,139.919626,6,-0.097,0.153,9.337,5.267
1424932117002,37.500313,139.919629,6,-0.04,0.137,9.412,5.37
1424932117103,37.500319,139.919632,6,-0.06,0.184,9.479,5.475
1424932117203,37.500326,139.919635,6,-0.088,0.22,9.59,5.58
1424932117304,37.500333,139.919638,6,-0.183,0.215,9.266,5.689
1424932117400,37.500339,139.919641,6,-0.225,0.201,9.339,5.75
1424932117501,37.500343,139.919642,6,-0.085,0.108,9.684,5.75
1424932117601,37.500347,139.919643,6,-0.134,0.085,9.512,5.75
1424932117702,37.500352,139.919644,6,-0.047,0.085,9.399,5.75
1424932117803,37.500356,139.919646,6,0.029,0.059,9.451,5.75
1424932117903,37.50036,139.919647,6,-0.011,0.043,9.479,5.75
1424932118004,37.500365,139.919648,6,-0.069,0.024,9.444,5.75
1424932118100,37.500369,139.91965,6,-0.085,0.059,9.583,5.75
1424932118200,37.500373,139.919651,6,-0.088,0.128,9.496,5.75
1424932118301,37.500377,139.919652,6,-0.059,0.081,9.54,5.75
1424932118402,37.500382,139.919654,5,0.001,0.074,9.628,5.75
1424932118503,37.500387,139.919656,5,0.051,0.061,9.484,5.75
1424932118603,37.500392,139.919657,5,0.061,0.033,9.51,5.75
1424932118704,37.500398,139.919659,5,-0.005,0.04,9.519,5.75
1424932118800,37.500402,139.919661,5,0.05,0.123,9.417,5.75
1424932118900,37.500408,139.919663,5,-0.012,0.076,9.471,5.75
1424932119001,37.500413,139.919665,5,-0.024,-0.036,9.611,5.75
1424932119102,37.500418,139.919666,5,-0.019,0.014,9.476,5.75
1424932119203,37.500423,139.919668,5,-0.069,0.11,9.374,5.75
1424932119303,37.500428,139.91967,5,-0.003,0.021,9.517,5.75
1424932119404,37.500433,139.919671,4,-0.074,-0.075,9.512,5.75
1424932119505,37.500438,139.919673,4,-0.052,0.013,9.282,5.75
1424932119600,37.500443,139.919674,4,-0.005,-0.088,9.596,5.75
1424932119706,37.500448,139.919675,4,0.021,-0.157,9.681,5.75
1424932119802,37.500453,139.919676,4,0.056,-0.204,9.464,5.75
1424932119901,37.500458,139.919677,4,0.008,-0.259,9.405,5.75
1424932120003,37.500463,139.919678,4,-0.085,-0.244,9.467,5.75
1424932120102,37.500468,139.919679,4,-0.035,-0.245,9.657,5.75
1424932120200,37.500473,139.91968,4,-0.069,-0.336,9.563,5.75
1424932120300,37.500478,139.919681,4,-0.106,-0.346,9.571,5.75
1424932120401,37.500483,139.919683,4,-0.018,-0.315,9.533,5.729
1424932120502,37.500488,139.919685,4,-0.029,-0.316,9.483,5.676
1424932120602,37.500493,139.919687,4,-0.059,-0.413,9.45,5.625
1424932120703,37.500498,139.919688,4,-0.06,-0.368,9.468,5.573
1424932120804,37.500503,139.91969,4,0.023,-0.355,9.525,5.522
1424932120905,37.500508,139.919692,4,0.056,-0.369,9.648,5.472
1424932121000,37.500512,139.919694,4,0.049,-0.433,9.473,5.425
1424932121101,37.500517,139.919695,4,-0.054,-0.482,9.385,5.375
1424932121202,37.500522,139.919697,4,-0.122,-0.559,9.616,5.326
1424932121302,37.500526,139.919699,4,-0.094,-0.511,9.734,5.278
1424932121403,37.500531,139.919701,6,0.05,-0.456,9.474,5.239
1424932121504,37.500537,139.919704,6,0.15,-0.439,9.304,5.213
1424932121604,37.500543,139.919707,6,0.172,-0.496,9.481,5.188
1424932121700,37.500548,139.919709,6,0.154,-0.509,9.681,5.164
1424932121801,37.500554,139.919712,6,0.091,-0.462,9.48,5.138
1424932121902,37.500559,139.919715,6,0.11,-0.381,9.319,5.113
1424932122002,37.500565,139.919717,6,-0.045,-0.437,9.494,5.088
1424932122103,37.50057,139.91972,6,-0.131,-0.47,9.695,5.063
1424932122204,37.500576,139.919723,6,-0.123,-0.506,9.548,5.038
1424932122304,37.500581,139.919726,6,0.094,-0.477,9.418,5.014
1424932122400,37.500586,139.919728,6,0.245,-0.493,9.607,4.979
1424932122501,37.50059,139.919731,6,0.209,-0.557,9.582,4.926
1424932122601,37.500595,139.919735,6,0.151,-0.737,9.435,4.875
1424932122702,37.500599,139.919738,6,0.066,-0.736,9.443,4.823
1424932122803,37.500603,139.919741,6,0.032,-0.683,9.545,4.772
1424932122904,37.500607,139.919744,6,-0.011,-0.603,9.606,4.721
1424932123004,37.500612,139.919747,6,-0.089,-0.517,9.437,4.672
1424932123100,37.500616,139.919749,6,-0.091,-0.542,9.639,4.625
1424932123201,37.50062,139.919752,6,0.024,-0.533,9.635,4.576
1424932123301,37.500624,139.919755,6,0.112,-0.446,9.4,4.528
1424932123402,37.500627,139.919757,6,0.138,-0.405,9.387,4.478
1424932123503,37.500629,139.919759,6,0.186,-0.475,9.479,4.425
1424932123603,37.500632,139.91976,6,0.129,-0.516,9.476,4.373
1424932123704,37.500634,139.919761,6,-0.013,-0.524,9.562,4.321
1424932123800,37.500636,139.919762,6,-0.145,-0.427,9.59,4.273
1424932123901,37.500639,139.919763,6,-0.138,-0.438,9.567,4.222
1424932124001,37.500641,139.919764,6,-0.16,-0.389,9.535,4.173
1424932124102,37.500643,139.919765,6,-0.166,-0.472,9.537,4.123
1424932124203,37.500646,139.919766,6,-0.042,-0.672,9.577,4.075
1424932124303,37.500648,139.919767,6,-0.051,-0.833,9.603,4.027
1424932124404,37.50065,139.919769,5,-0.069,-0.854,9.551,3.964
1424932124500,37.500653,139.91977,5,0.04,-0.781,9.369,3.886
1424932124600,37.500655,139.919771,5,0.187,-0.937,9.418,3.806
1424932124701,37.500657,139.919772,5,0.051,-1.274,9.812,3.727
1424932124802,37.50066,139.919774,5,-0.119,-1.482,9.677,3.649
1424932124903,37.500662,139.919775,5,-0.277,-1.515,9.446,3.573
1424932125003,37.500664,139.919776,5,-0.369,-1.482,9.469,3.5
1424932125104,37.500667,139.919777,5,-0.281,-1.445,9.446,3.427
1424932125200,37.500669,139.919778,5,-0.241,-1.392,9.592,3.36
1424932125300,37.500671,139.919779,5,-0.14,-1.182,9.677,3.291
1424932125401,37.500673,139.919781,5,-0.093,-0.989,9.644,3.202
1424932125502,37.500674,139.919782,5,-0.061,-0.826,9.413,3.086
1424932125603,37.500676,139.919784,5,-0.122,-0.744,9.349,2.974
1424932125703,37.500677,139.919785,5,-0.17,-0.673,9.441,2.866
1424932125804,37.500678,139.919786,5,-0.151,-0.682,9.568,2.761
1424932125900,37.50068,139.919788,5,-0.163,-0.671,9.591,2.665
1424932126000,37.500681,139.919789,5,-0.081,-0.642,9.58,2.568
1424932126101,37.500682,139.91979,5,0.039,-0.432,9.339,2.474
1424932126202,37.500683,139.919791,5,0.096,-0.288,9.38,2.384
1424932126302,37.500684,139.919792,5,0.072,-0.225,9.555,2.298
1424932126403,37.500686,139.919793,5,0.035,-0.196,9.605,2.226
1424932126504,37.500687,139.919795,5,-0.042,-0.076,9.503,2.17
1424932126600,37.500689,139.919796,5,-0.161,-0.005,9.488,2.119
1424932126700,37.50069,139.919797,5,-0.208,0.002,9.55,2.066
1424932126801,37.500692,139.919798,5,-0.223,0.092,9.566,2.014
1424932126902,37.500693,139.919799,5,-0.199,0.256,9.486,1.963
1424932127002,37.500694,139.9198,5,0.01,0.389,9.457,1.915
1424932127103,37.500696,139.919801,5,0.138,0.512,9.524,1.867
1424932127204,37.500697,139.919802,5,0.205,0.56,9.513,1.82
1424932127304,37.500698,139.919803,5,0.104,0.583,9.481,1.775
1424932127400,37.5007,139.919803,5,0.073,0.58,9.457,1.759
1424932127501,37.500702,139.919804,5,-0.021,0.536,9.51,1.783
1424932127602,37.500705,139.919805,5,-0.117,0.395,9.593,1.807
1424932127702,37.500707,139.919806,5,-0.142,0.317,9.45,1.832
1424932127803,37.500709,139.919807,5,-0.122,0.18,9.51,1.857
1424932127904,37.500712,139.919808,5,-0.103,0.141,9.532,1.882
1424932128004,37.500714,139.919809,5,0.033,0.119,9.418,1.907
1424932128100,37.500716,139.91981,5,0.131,0.034,9.391,1.932
1424932128201,37.500719,139.91981,5,0.148,-0.004,9.524,1.958
1424932128302,37.500722,139.919811,5,0.281,-0.108,9.777,1.985
1424932128402,37.500724,139.919813,5,0.363,-0.316,10.059,2.01
1424932128503,37.500725,139.919814,5,0.226,-0.272,9.723,2.034
1424932128604,37.500727,139.919815,5,0.036,-0.139,9.443,2.058
1424932128704,37.500729,139.919817,5,-0.106,-0.107,9.564,2.083
1424932128800,37.50073,139.919818,5,-0.092,-0.1,9.671,2.106
1424932128901,37.500732,139.919819,5,-0.039,-0.092,9.572,2.132
1424932129001,37.500734,139.919821,5,-0.067,-0.061,9.527,2.157
1424932129102,37.500735,139.919822,5,-0.06,0.03,9.495,2.183
1424932129203,37.500737,139.919824,5,-0.048,0.087,9.41,2.209
1424932129304,37.500739,139.919825,5,-0.022,0.075,9.545,2.235
1424932129404,37.500741,139.919827,5,0.175,0.129,9.461,2.238
1424932129500,37.500743,139.919828,5,0.422,0.185,9.288,2.213
1424932129601,37.500744,139.919829,5,0.46,0.153,9.468,2.187
1424932129701,37.500746,139.91983,5,0.221,0.087,9.768,2.161
1424932129802,37.500748,139.919831,5,0.039,0.151,9.719,2.136
1424932129903,37.500749,139.919833,5,0.121,0.225,9.436,2.111
1424932130003,37.500751,139.919834,5,0.229,0.286,9.43,2.086
1424932130104,37.500753,139.919835,5,0.133,0.325,9.628,2.061
1424932130200,37.500754,139.919836,5,0.214,0.265,9.684,2.038
1424932130300,37.500756,139.919837,5,0.383,0.163,9.43,2.014
1424932130401,37.500758,139.919838,5,0.433,0.164,9.227,2.01
1424932130502,37.500759,139.919839,5,0.33,0.04,9.512,2.034
1424932130603,37.500761,139.91984,5,0.114,-0.147,9.949,2.058
1424932130703,37.500763,139.919841,5,-0.124,-0.053,9.741,2.082
1424932130804,37.500765,139.919841,5,-0.345,0.235,9.152,2.107
1424932130900,37.500766,139.919842,5,-0.365,0.287,9.077,2.131
1424932131000,37.500768,139.919843,5,-0.318,0.04,9.619,2.157
1424932131101,37.50077,139.919844,5,-0.333,-0.026,9.874,2.182
1424932131202,37.500772,139.919845,5,-0.204,0.051,9.45,2.209
1424932131303,37.500774,139.919846,5,-0.085,0.097,9.291,2.235
1424932131403,37.500775,139.919846,5,0.085,0.037,9.43,2.176
1424932131504,37.500775,139.919848,5,0.356,-0.095,9.62,2.011
1424932131600,37.500776,139.919848,5,0.465,-0.158,9.595,1.862
1424932131700,37.500776,139.919849,5,0.47,-0.097,9.374,1.717
1424932131801,37.500776,139.91985,5,0.452,-0.019,9.287,1.58
1424932131902,37.500776,139.919851,5,0.365,0.037,9.442,1.453
1424932132003,37.500776,139.919852,5,0.259,0.003,9.598,1.336
1424932132103,37.500777,139.919853,5,0.128,-0.082,9.639,1.229
1424932132204,37.500777,139.919853,5,0.019,-0.122,9.602,1.132
1424932132300,37.500777,139.919854,5,-0.018,-0.088,9.492,1.048
1424932132400,37.500777,139.919854,5,-0.038,-0.014,9.43,1.0
1424932132501,37.500778,139.919855,5,-0.021,0.027,9.497,1.0
1424932132602,37.500779,139.919856,5,0.121,-0.017,9.581,1.0
1424932132703,37.500779,139.919856,5,0.323,-0.109,9.608,1.0
1424932132803,37.50078,139.919857,5,0.426,-0.208,9.547,1.0
1424932132904,37.500781,139.919858,5,0.393,-0.219,9.448,1.0
1424932133000,37.500781,139.919858,5,0.287,-0.219,9.493,1.0
1424932133100,37.500782,139.919859,5,0.192,-0.233,9.558,1.0
1424932133201,37.500783,139.91986,5,0.128,-0.24,9.556,1.0
1424932133302,37.500784,139.919861,5,0.084,-0.236,9.482,1.0
1424932133402,37.500784,139.919861,5,0.041,-0.216,9.509,0.988
1424932133503,37.500784,139.919862,5,0.098,-0.184,9.487,0.96
1424932133604,37.500785,139.919863,5,0.09,-0.124,9.411,0.932
1424932133705,37.500785,139.919863,5,-0.007,-0.067,9.44,0.906
1424932133805,37.500785,139.919864,5,-0.026,-0.039,9.502,0.88
1424932133901,37.500786,139.919864,5,-0.051,-0.095,9.596,0.856
1424932134000,37.500786,139.919865,5,0.064,-0.187,9.644,0.832
1424932134102,37.500786,139.919866,5,0.164,-0.182,9.503,0.808
1424932134201,37.500787,139.919866,5,0.038,-0.117,9.493,0.785
1424932134304,37.500787,139.919867,5,-0.084,-0.08,9.541,0.762
1424932134403,37.500787,139.919867,5,-0.084,-0.124,9.531,0.75
1424932134500,37.500787,139.919868,5,-0.046,-0.192,9.558,0.75
1424932134601,37.500787,139.919869,5,-0.017,-0.243,9.592,0.75
1424932134701,37.500787,139.919869,5,0.028,-0.26,9.612,0.75
1424932134802,37.500787,139.91987,5,0.118,-0.255,9.527,0.75
1424932134903,37.500788,139.919871,5,0.211,-0.212,9.417,0.75
1424932135004,37.500788,139.919872,5,0.216,-0.16,9.424,0.75
1424932135104,37.500788,139.919872,5,0.168,-0.128,9.509,0.75
1424932135200,37.500788,139.919873,5,0.138,-0.119,9.53,0.75
1424932135301,37.500788,139.919874,5,0.116,-0.129,9.519,0.75
1424932135401,37.500788,139.919874,4,0.132,-0.187,9.539,0.75
1424932135502,37.500788,139.919875,4,0.167,-0.185,9.577,0.75
1424932135603,37.500788,139.919876,4,0.197,-0.141,9.521,0.75
1424932135704,37.500788,139.919877,4,0.234,-0.169,9.498,0.75
1424932135804,37.500788,139.919878,4,0.237,-0.235,9.558,0.75
1424932135900,37.500789,139.919878,4,0.259,-0.266,9.565,0.75
1424932136001,37.500789,139.919879,4,0.281,-0.265,9.485,0.75
1424932136101,37.500789,139.91988,4,0.3,-0.247,9.445,0.75
1424932136202,37.500789,139.919881,4,0.292,-0.234,9.481,0.75
1424932136303,37.500789,139.919882,4,0.205,-0.213,9.517,0.75
1424932136403,37.500789,139.919882,4,0.099,-0.223,9.531,0.75
1424932136504,37.500789,139.919883,4,0.054,-0.277,9.538,0.75
1424932136600,37.500789,139.919883,4,0.067,-0.348,9.552,0.75
1424932136701,37.500789,139.919884,4,0.116,-0.389,9.533,0.75
1424932136801,37.500789,139.919885,4,0.165,-0.381,9.508,0.75
1424932136902,37.500788,139.919885,4,0.18,-0.362,9.507,0.75
1424932137003,37.500788,139.919886,4,0.195,-0.35,9.494,0.75
1424932137103,37.500788,139.919886,4,0.211,-0.343,9.517,0.75
1424932137204,37.500788,139.919887,4,0.195,-0.335,9.53,0.75
1424932137300,37.500788,139.919888,4,0.153,-0.321,9.525,0.75
1424932137401,37.500788,139.919888,4,0.131,-0.309,9.523,0.738
1424932137501,37.500788,139.919889,4,0.151,-0.304,9.514,0.709
1424932137602,37.500788,139.919889,4,0.182,-0.314,9.507,0.68
1424932137703,37.500788,139.91989,4,0.191,-0.322,9.506,0.653
1424932137803,37.500788,139.91989,4,0.174,-0.319,9.512,0.627
1424932137904,37.500789,139.91989,4,0.178,-0.295,9.515,0.602
1424932138000,37.500789,139.919891,4,0.192,-0.262,9.517,0.578
1424932138100,37.500789,139.919891,4,0.188,-0.234,9.512,0.555
1424932138201,37.500789,139.919891,4,0.196,-0.207,9.516,0.533
1424932138302,37.500789,139.919892,4,0.216,-0.195,9.519,0.512
1424932138403,37.500788,139.919891,4,0.235,-0.181,9.512,0.458
1424932138503,37.500787,139.91989,4,0.245,-0.174,9.515,0.367
1424932138604,37.500786,139.919889,4,0.246,-0.169,9.521,0.286
1424932138700,37.500785,139.919887,4,0.237,-0.161,9.534,0.218
1424932138800,37.500784,139.919887,4,0.237,-0.154,9.541,0.157
1424932138901,37.500783,139.919886,4,0.248,-0.155,9.524,0.105
1424932139002,37.500783,139.919885,4,0.249,-0.144,9.529,0.064
1424932139102,37.500782,139.919885,4,0.262,-0.126,9.524,0.033
1424932139203,37.500782,139.919884,4,0.263,-0.106,9.529,0.012
1424932139304,37.500782,139.919884,4,0.268,-0.088,9.526,0.002
1424932145502,37.500768,139.919878,5,0.453,0.365,9.532,0.005
1424932145603,37.500768,139.919878,5,0.469,0.329,9.563,0.015
1424932145704,37.500768,139.919878,5,0.465,0.324,9.544,0.03
1424932145805,37.500768,139.919879,5,0.462,0.33,9.524,0.05
1424932145900,37.500768,139.919879,5,0.481,0.341,9.497,0.073
1424932146001,37.500768,139.919879,5,0.508,0.426,9.475,0.103
1424932146102,37.500768,139.91988,5,0.496,0.561,9.46,0.138
1424932146202,37.500768,139.91988,5,0.437,0.682,9.493,0.177
1424932146303,37.500768,139.919881,5,0.39,0.662,9.612,0.222
1424932146404,37.500768,139.919881,5,0.387,0.63,9.662,0.25
1424932146504,37.500768,139.919881,5,0.416,0.667,9.516,0.25
1424932146600,37.500768,139.919881,5,0.411,0.725,9.443,0.25
1424932146701,37.500768,139.919882,5,0.471,0.738,9.521,0.25
1424932146802,37.500768,139.919882,5,0.615,0.72,9.549,0.25
1424932146902,37.500767,139.919882,5,0.65,0.723,9.528,0.25
1424932147003,37.500767,139.919882,5,0.586,0.737,9.472,0.25
1424932147104,37.500767,139.919882,5,0.6,0.711,9.485,0.25
1424932147204,37.500767,139.919883,5,0.733,0.68,9.544,0.25
1424932147300,37.500767,139.919883,5,0.798,0.694,9.583,0.25
1424932147401,37.500767,139.919883,6,0.688,0.792,9.454,0.25
1424932147502,37.500767,139.919884,6,0.556,0.868,9.376,0.25
1424932147602,37.500768,139.919884,6,0.58,0.837,9.452,0.25
1424932147703,37.500768,139.919885,6,0.524,0.823,9.457,0.25
1424932147804,37.500768,139.919885,6,0.414,0.871,9.385,0.25
1424932147904,37.500769,139.919886,6,0.472,0.789,9.561,0.25
1424932148000,37.500769,139.919886,6,0.645,0.597,9.825,0.25
1424932148106,37.500769,139.919887,6,0.912,0.426,9.776,0.25
1424932148201,37.50077,139.919887,6,0.993,0.419,9.573,0.25
1424932148300,37.50077,139.919888,6,0.833,0.552,9.405,0.25
1424932148403,37.50077,139.919888,7,0.395,0.801,9.082,0.257
1424932148502,37.50077,139.919889,7,0.103,0.794,9.128,0.275
1424932148604,37.500771,139.919889,7,0.032,0.685,9.62,0.296
1424932148700,37.500771,139.91989,7,-0.044,0.649,9.706,0.316
1424932148801,37.500771,139.919891,7,0.074,0.581,9.61,0.34
1424932148901,37.500771,139.919892,7,0.338,0.504,9.592,0.365
1424932149002,37.500772,139.919893,7,0.7,0.403,9.69,0.391
1424932149103,37.500772,139.919893,7,0.877,0.4,9.566,0.42
1424932149203,37.500772,139.919894,7,0.855,0.468,9.342,0.45
1424932149304,37.500773,139.919895,7,0.576,0.601,9.178,0.482
1424932149400,37.500773,139.919896,8,0.384,0.639,9.511,0.525
1424932149501,37.500773,139.919898,8,0.308,0.656,9.822,0.602
1424932149601,37.500774,139.9199,8,0.331,0.76,9.644,0.697
1424932149702,37.500774,139.919902,8,0.28,0.863,9.183,0.81
1424932149803,37.500775,139.919904,8,0.338,0.721,9.27,0.942
1424932149903,37.500776,139.919907,8,0.194,0.669,9.75,1.091
1424932150004,37.500777,139.91991,8,-0.036,0.965,9.569,1.26
1424932150100,37.500777,139.919913,8,-0.066,1.189,9.366,1.437
1424932150200,37.500778,139.919916,8,0.199,1.129,9.422,1.639
1424932150301,37.500779,139.919921,8,0.436,0.886,9.734,1.862
1424932150402,37.50078,139.919924,11,0.483,0.822,9.541,2.0
1424932150503,37.50078,139.919927,11,0.376,0.903,9.311,2.0
1424932150603,37.50078,139.919929,11,0.29,0.919,9.607,2.0
1424932150704,37.500779,139.919932,11,0.22,0.883,9.613,2.0
1424932150800,37.500779,139.919934,11,0.085,0.89,9.306,2.0
1424932150900,37.500779,139.919937,11,0.099,0.867,9.461,2.0
1424932151001,37.500779,139.91994,11,0.099,0.809,9.481,2.0
1424932151102,37.500779,139.919942,11,0.084,0.746,9.543,2.0
1424932151202,37.500778,139.919945,11,0.106,0.777,9.526,2.0
1424932151303,37.500778,139.919948,11,0.134,0.793,9.438,2.0
1424932151404,37.500777,139.91995,11,0.177,0.738,9.5,2.01
1424932151500,37.500776,139.919954,11,0.279,0.722,9.499,2.033
1424932151600,37.500775,139.919957,11,0.475,0.617,9.596,2.057
1424932151701,37.500774,139.91996,11,0.486,0.534,9.608,2.082
1424932151802,37.500772,139.919964,11,0.275,0.667,9.323,2.107
1424932151902,37.500771,139.919967,11,0.297,0.716,9.392,2.132
1424932152003,37.50077,139.919971,11,0.456,0.532,9.777,2.157
1424932152104,37.500768,139.919975,11,0.429,0.628,9.407,2.183
1424932152200,37.500767,139.919978,11,0.417,0.632,9.386,2.208
1424932152300,37.500766,139.919982,11,0.504,0.519,9.716,2.234
1424932152401,37.500764,139.919986,11,0.543,0.575,9.667,2.277
1424932152502,37.500763,139.919989,11,0.525,0.615,9.341,2.343
1424932152602,37.500761,139.919993,11,0.458,0.586,9.387,2.412
1424932152703,37.500759,139.919998,11,0.236,0.492,9.578,2.483
1424932152804,37.500758,139.920002,11,0.388,0.303,9.653,2.557
1424932152905,37.500756,139.920006,11,0.636,-0.033,9.728,2.632
1424932153000,37.500754,139.920011,11,0.599,0.012,9.7,2.705
1424932153101,37.500752,139.920015,11,0.548,0.048,9.312,2.785
1424932153202,37.50075,139.92002,11,0.565,-0.049,9.415,2.867
1424932153302,37.500748,139.920025,11,0.461,-0.119,9.506,2.951
1424932153403,37.500746,139.92003,9,0.407,-0.132,9.625,3.059
1424932153504,37.500744,139.920036,9,0.355,-0.048,9.467,3.203
1424932153604,37.500742,139.920041,9,0.394,0.075,9.34,3.354
1424932153700,37.50074,139.920047,9,0.392,0.027,9.429,3.506
1424932153801,37.500738,139.920053,9,0.508,-0.246,9.762,3.674
1424932153901,37.500735,139.92006,9,0.719,-0.438,9.829,3.849
1424932154002,37.500733,139.920067,9,0.705,-0.212,9.374,4.033
1424932154103,37.50073,139.920074,9,0.625,-0.098,9.271,4.225
1424932154204,37.500727,139.920082,9,0.654,-0.055,9.255,4.425
1424932154304,37.500725,139.92009,9,0.45,-0.222,9.436,4.631
1424932154400,37.500722,139.920097,9,0.363,-0.232,9.583,4.75
1424932154501,37.50072,139.920103,9,0.265,-0.074,9.512,4.75
1424932154601,37.500718,139.92011,9,0.287,0.012,9.69,4.75
1424932154702,37.500716,139.920117,9,0.457,-0.047,9.697,4.75
1424932154803,37.500714,139.920124,9,0.842,-0.225,9.72,4.75
1424932154904,37.500712,139.92013,9,0.917,-0.09,9.414,4.75
1424932155004,37.50071,139.920137,9,0.764,0.125,9.04,4.75
1424932155100,37.500708,139.920144,9,0.626,0.253,9.134,4.75
1424932155201,37.500706,139.92015,9,0.388,0.2,9.647,4.75
1424932155301,37.500704,139.920157,9,0.372,0.044,9.902,4.75
1424932155402,37.500702,139.920164,9,0.351,0.273,9.569,4.75
1424932155503,37.500701,139.92017,9,0.326,0.482,9.381,4.75
1424932155603,37.500699,139.920177,9,0.322,0.566,9.437,4.75
1424932155704,37.500698,139.920183,9,0.515,0.373,9.592,4.75
1424932155800,37.500696,139.92019,9,0.534,0.268,9.364,4.75
1424932155900,37.500694,139.920196,9,0.39,0.325,9.295,4.75
1424932156001,37.500693,139.920203,9,0.298,0.534,9.233,4.75
1424932156102,37.500691,139.920209,9,0.37,0.465,9.832,4.75
1424932156203,37.50069,139.920216,9,0.419,0.274,9.882,4.75
1424932156303,37.500688,139.920222,9,0.418,0.384,9.37,4.75
1424932156404,37.500686,139.920229,9,0.219,0.481,9.158,4.75
1424932156500,37.500685,139.920235,9,0.147,0.471,9.566,4.75
1424932156600,37.500683,139.920242,9,0.169,0.416,9.83,4.75
1424932156701,37.500682,139.920249,9,0.262,0.438,9.521,4.75
1424932156802,37.50068,139.920256,9,0.508,0.459,9.374,4.75
1424932156903,37.500679,139.920262,9,0.835,0.508,9.677,4.75
1424932157003,37.500677,139.920269,9,0.781,0.483,9.596,4.75
1424932157104,37.500676,139.920276,9,0.762,0.554,9.049,4.75
1424932157200,37.500674,139.920282,9,0.67,0.423,9.309,4.75
1424932157301,37.500673,139.920289,9,0.615,0.364,9.767,4.75
1424932157401,37.500672,139.920296,9,0.588,0.435,9.674,4.75
1424932157502,37.50067,139.920302,9,0.478,0.447,9.406,4.75
1424932157602,37.500669,139.920308,9,0.479,0.37,9.485,4.75
1424932157703,37.500668,139.920314,9,0.579,0.291,9.625,4.75
1424932157804,37.500667,139.920321,9,0.69,0.134,9.633,4.75
1424932157905,37.500665,139.920327,9,0.666,0.198,9.583,4.75
1424932158000,37.500664,139.920333,9,0.671,0.236,9.634,4.75
1424932158101,37.500663,139.920339,9,0.778,0.137,9.743,4.75
1424932158202,37.500662,139.920345,9,0.785,0.335,9.134,4.75
1424932158302,37.500661,139.920351,9,0.627,0.415,9.095,4.75
1424932158403,37.500659,139.920358,7,0.262,0.249,9.808,4.75
1424932158504,37.500658,139.920364,7,0.241,0.226,9.929,4.75
1424932158605,37.500657,139.92037,7,0.149,0.33,9.319,4.75
1424932158700,37.500656,139.920376,7,0.107,0.233,9.743,4.75
1424932158801,37.500654,139.920382,7,0.102,0.255,9.758,4.75
1424932158902,37.500653,139.920389,7,0.164,0.229,8.922,4.75
1424932159002,37.500652,139.920395,7,0.555,0.291,8.905,4.75
1424932159103,37.50065,139.920401,7,0.581,0.285,9.796,4.75
1424932159204,37.500649,139.920407,7,0.399,0.261,9.999,4.75
1424932159305,37.500648,139.920414,7,0.267,0.201,9.522,4.75
1424932159400,37.500646,139.920419,7,0.159,0.231,9.529,4.76
1424932159501,37.500645,139.920426,7,0.119,0.232,9.424,4.784
1424932159602,37.500644,139.920432,7,0.116,0.167,9.398,4.809
1424932159702,37.500643,139.920438,7,0.314,0.233,9.438,4.834
1424932159803,37.500641,139.920444,7,0.336,0.208,9.7,4.859
1424932159904,37.50064,139.92045,7,0.241,0.397,9.377,4.884
1424932160004,37.500639,139.920457,7,0.425,0.386,9.166,4.91
1424932160100,37.500637,139.920463,7,0.408,0.161,9.579,4.934
1424932160202,37.500636,139.920469,7,0.243,0.048,9.803,4.96
1424932160302,37.500635,139.920475,7,0.299,0.164,9.619,4.985
1424932160402,37.500633,139.920483,8,0.344,0.257,9.348,5.038
1424932160503,37.50063,139.920492,8,0.321,0.418,9.162,5.132
1424932160604,37.500627,139.920502,8,0.21,0.158,9.635,5.227
1424932160704,37.500624,139.920511,8,0.156,0.08,9.81,5.323
1424932160800,37.500621,139.920521,8,0.106,0.341,9.474,5.418
1424932160901,37.500618,139.920531,8,0.204,0.376,9.308,5.518
1424932161001,37.500615,139.920541,8,0.419,0.068,9.863,5.62
1424932161102,37.500612,139.920551,8,0.43,-0.04,9.604,5.725
1424932161203,37.500608,139.920562,8,0.463,0.076,9.327,5.831
1424932161304,37.500605,139.920573,8,0.499,0.341,9.32,5.939
1424932161404,37.500602,139.920581,8,0.237,0.435,9.198,6.0
1424932161500,37.500601,139.920586,8,0.033,0.234,9.358,6.0
1424932161601,37.5006,139.920591,8,0.079,0.111,9.812,6.0
1424932161701,37.500598,139.920596,8,0.286,0.097,9.857,6.0
1424932161802,37.500597,139.920601,8,0.297,0.239,9.401,6.0
1424932161903,37.500595,139.920606,8,0.232,0.293,9.141,6.0
1424932162004,37.500594,139.920611,8,0.285,0.191,9.314,6.0
1424932162104,37.500593,139.920615,8,0.202,0.092,9.62,6.0
1424932162205,37.500591,139.92062,8,0.127,0.188,9.765,6.0
1424932162301,37.50059,139.920625,8,0.217,0.194,9.754,6.0
1424932162400,37.500588,139.920631,7,0.322,0.287,9.311,5.99
1424932162502,37.500587,139.920638,7,0.422,0.286,9.182,5.964
1424932162601,37.500585,139.920646,7,0.354,0.123,9.435,5.939
1424932162703,37.500584,139.920653,7,0.321,0.072,9.704,5.913
1424932162802,37.500582,139.92066,7,0.254,0.21,9.609,5.888
1424932162900,37.500581,139.920667,7,0.307,0.275,9.608,5.864
1424932163000,37.500579,139.920674,7,0.294,0.225,9.434,5.839
1424932163102,37.500578,139.920682,7,0.333,0.126,9.323,5.813
1424932163202,37.500576,139.920689,7,0.395,0.106,9.555,5.789
1424932163303,37.500575,139.920696,7,0.391,0.237,9.62,5.764
1424932163403,37.500573,139.920702,7,0.249,0.364,9.445,5.75
1424932163504,37.500572,139.920707,7,0.117,0.391,9.471,5.75
1424932163600,37.500571,139.920712,7,0.091,0.364,9.551,5.75
1424932163700,37.50057,139.920717,7,0.07,0.301,9.552,5.75
1424932163801,37.500568,139.920722,7,-0.01,0.399,9.505,5.75
1424932163902,37.500567,139.920727,7,0.062,0.457,9.499,5.75
1424932164002,37.500566,139.920732,7,0.156,0.414,9.381,5.75
1424932164103,37.500564,139.920737,7,0.198,0.357,9.573,5.75
1424932164204,37.500563,139.920742,7,0.013,0.288,9.587,5.75
1424932164300,37.500562,139.920747,7,0.001,0.364,9.48,5.75
1424932164400,37.50056,139.920752,6,0.065,0.446,9.366,5.76
1424932164501,37.500559,139.920759,6,0.069,0.445,9.461,5.785
1424932164602,37.500557,139.920765,6,0.045,0.399,9.555,5.81
1424932164702,37.500555,139.920771,6,0.062,0.387,9.546,5.834
1424932164803,37.500554,139.920778,6,0.117,0.416,9.487,5.859
1424932164904,37.500552,139.920784,6,0.121,0.438,9.434,5.885
1424932165000,37.50055,139.92079,6,0.07,0.423,9.337,5.909
1424932165100,37.500548,139.920796,6,0.151,0.321,9.607,5.934
1424932165201,37.500547,139.920803,6,0.147,0.338,9.61,5.96
1424932165302,37.500545,139.920809,6,0.146,0.393,9.479,5.985
1424932165402,37.500543,139.920816,7,0.168,0.278,9.694,6.01
1424932165503,37.500541,139.920824,7,0.199,0.236,9.561,6.035
1424932165604,37.500538,139.920831,7,0.18,0.379,9.221,6.06
1424932165705,37.500536,139.920839,7,0.209,0.361,9.45,6.085
1424932165800,37.500534,139.920846,7,0.228,0.21,9.738,6.109
1424932165901,37.500532,139.920854,7,0.188,0.241,9.623,6.134
1424932166002,37.500529,139.920862,7,0.158,0.355,9.488,6.159
1424932166102,37.500527,139.92087,7,0.135,0.316,9.425,6.185
1424932166204,37.500525,139.920878,7,0.114,0.262,9.235,6.21
1424932166304,37.500522,139.920886,7,0.151,0.157,9.658,6.236
1424932166404,37.50052,139.920893,7,0.205,0.18,9.713,6.261
1424932166500,37.500519,139.920901,7,0.187,0.284,9.281,6.284
1424932166601,37.500517,139.920909,7,0.173,0.151,9.372,6.309
1424932166702,37.500515,139.920916,7,0.113,0.07,9.573,6.334
1424932166802,37.500514,139.920924,7,-0.241,0.215,8.993,6.359
1424932166903,37.500512,139.920932,7,-0.089,0.014,9.906,6.385
1424932167004,37.50051,139.92094,7,0.029,-0.094,9.917,6.41
1424932167104,37.500508,139.920948,7,0.062,0.038,9.38,6.435
1424932167200,37.500507,139.920955,7,0.136,0.115,9.245,6.459
1424932167301,37.500505,139.920963,7,0.135,0.095,9.293,6.485
1424932167401,37.500504,139.920971,7,-0.112,-0.092,9.557,6.49
1424932167502,37.500502,139.920978,7,-0.066,0.196,9.933,6.464
1424932167603,37.500501,139.920985,7,0.082,0.183,9.458,6.438
1424932167704,37.5005,139.920991,7,0.061,0.077,9.405,6.413
1424932167804,37.500499,139.920998,7,-0.001,-0.047,9.561,6.388
1424932167900,37.500498,139.921005,7,-0.096,-0.061,9.663,6.364
1424932168001,37.500497,139.921011,7,-0.106,0.136,9.426,6.339
1424932168101,37.500496,139.921018,7,0.022,0.22,9.349,6.314
1424932168202,37.500495,139.921025,7,0.067,0.158,9.495,6.289
1424932168303,37.500494,139.921031,7,0.055,0.079,9.768,6.264
1424932168403,37.500493,139.921038,8,0.074,0.253,9.515,6.261
1424932168504,37.500492,139.921046,8,0.102,0.406,9.224,6.285
1424932168600,37.500491,139.921054,8,0.108,0.204,9.602,6.309
1424932168700,37.50049,139.921062,8,0.032,0.326,9.572,6.334
1424932168801,37.500489,139.92107,8,0.163,0.492,9.385,6.359
1424932168902,37.500488,139.921078,8,0.226,0.512,9.699,6.384
1424932169003,37.500487,139.921086,8,0.053,0.514,9.552,6.41
1424932169103,37.500486,139.921094,8,0.131,0.526,9.467,6.435
1424932169204,37.500485,139.921102,8,0.247,0.568,9.44,6.46
1424932169300,37.500485,139.92111,8,0.152,0.652,9.519,6.485
1424932169400,37.500483,139.921118,8,0.108,0.635,9.621,6.519
1424932169501,37.50048,139.921126,8,0.127,0.806,9.371,6.568
1424932169602,37.500478,139.921133,8,0.119,0.761,9.388,6.618
1424932169703,37.500475,139.921141,8,-0.051,0.731,9.507,6.667
1424932169803,37.500473,139.921149,8,-0.015,0.684,9.55,6.717
1424932169904,37.50047,139.921157,8,0.157,0.712,9.561,6.767
1424932170000,37.500468,139.921164,8,0.183,0.617,9.696,6.816
1424932170100,37.500465,139.921172,8,0.012,0.7,9.469,6.866
1424932170201,37.500462,139.92118,8,-0.034,0.822,9.328,6.918
1424932170302,37.50046,139.921188,8,-0.172,0.715,9.508,6.97
1424932170402,37.500457,139.921196,7,-0.042,0.814,9.778,7.01
1424932170503,37.500455,139.921203,7,0.024,0.85,9.475,7.035
1424932170604,37.500453,139.921211,7,0.011,0.707,9.434,7.06
1424932170700,37.500451,139.921218,7,-0.07,0.502,9.41,7.084
1424932170800,37.500448,139.921225,7,-0.004,0.241,9.95,7.109
1424932170901,37.500446,139.921232,7,0.143,0.141,9.752,7.134
1424932171002,37.500444,139.92124,7,0.188,0.076,9.315,7.159
1424932171102,37.500442,139.921247,7,0.167,-0.028,9.326,7.185
1424932171203,37.50044,139.921254,7,0.021,-0.15,9.587,7.21
1424932171304,37.500437,139.921262,7,0.065,-0.027,9.755,7.236
1424932171405,37.500435,139.921269,7,0.088,0.108,9.278,7.25
1424932171500,37.500434,139.921276,7,0.114,-0.126,9.5,7.25
1424932171601,37.500433,139.921284,7,0.069,-0.289,9.792,7.25
1424932171702,37.500432,139.921291,7,0.186,-0.251,9.754,7.25
1424932171802,37.50043,139.921299,7,0.187,-0.167,9.615,7.25
1424932171903,37.500429,139.921306,7,-0.042,-0.06,9.17,7.25
1424932172004,37.500428,139.921314,7,-0.116,0.099,9.047,7.25
1424932172104,37.500426,139.921321,7,-0.065,0.02,9.546,7.25
1424932172200,37.500425,139.921328,7,-0.105,-0.245,10.07,7.25
1424932172301,37.500424,139.921336,7,0.056,-0.189,9.88,7.25
1424932172402,37.500422,139.921344,7,0.112,-0.168,9.204,7.239
1424932172502,37.50042,139.921352,7,0.026,-0.119,9.146,7.214
1424932172603,37.500418,139.92136,7,-0.037,-0.192,9.545,7.188
1424932172704,37.500416,139.921369,7,-0.048,-0.097,9.783,7.163
1424932172804,37.500414,139.921377,7,-0.087,-0.093,9.561,7.138
1424932172900,37.500413,139.921385,7,-0.117,-0.14,9.544,7.114
1424932173001,37.500411,139.921394,7,0.008,0.047,9.499,7.089
1424932173101,37.500409,139.921402,7,0.052,0.153,9.289,7.064
1424932173202,37.500407,139.92141,7,0.102,0.429,9.581,7.039
1424932173303,37.500405,139.921418,7,0.01,0.463,9.57,7.014
1424932173404,37.500403,139.921426,7,0.112,0.525,9.475,7.011
1424932173504,37.500401,139.921434,7,0.145,0.58,9.401,7.035
1424932173600,37.5004,139.921441,7,0.178,0.487,9.749,7.059
1424932173701,37.500398,139.921449,7,0.161,0.439,9.906,7.084
1424932173801,37.500396,139.921457,7,0.394,0.578,9.525,7.109
1424932173902,37.500394,139.921464,7,0.233,0.732,9.128,7.134
1424932174003,37.500392,139.921472,7,0.215,0.624,9.365,7.16
1424932174103,37.500391,139.92148,7,0.26,0.675,9.534,7.185
1424932174204,37.500389,139.921488,7,0.08,0.757,9.629,7.21
1424932174300,37.500387,139.921495,7,0.075,0.655,9.577,7.235
1424932174401,37.500385,139.921503,7,0.088,0.494,9.515,7.27
1424932174501,37.500382,139.921511,7,0.172,0.804,8.87,7.318
1424932174602,37.500379,139.921519,7,0.131,0.746,9.124,7.368
1424932174703,37.500376,139.921526,7,0.061,0.552,9.791,7.418
1424932174803,37.500373,139.921534,7,-0.016,0.405,10.137,7.467
1424932174904,37.50037,139.921542,7,-0.136,0.428,9.881,7.518
1424932175000,37.500367,139.92155,7,-0.357,0.566,9.153,7.566
1424932175100,37.500364,139.921558,7,-0.083,0.689,9.038,7.617
1424932175201,37.500361,139.921566,7,-0.017,0.666,9.62,7.668
1424932175302,37.500358,139.921574,7,0.315,0.671,10.061,7.72
1424932175403,37.500355,139.921583,6,0.147,0.773,9.343,7.771
1424932175503,37.500351,139.921592,6,-0.44,0.864,8.783,7.82
1424932175604,37.500348,139.921602,6,-0.28,0.359,9.898,7.869
1424932175700,37.500345,139.921611,6,-0.174,0.321,10.322,7.916
1424932175800,37.500341,139.92162,6,0.058,0.723,9.544,7.966
1424932175901,37.500338,139.92163,6,0.164,0.799,8.663,8.017
1424932176002,37.500334,139.92164,6,-0.077,0.521,9.397,8.067
1424932176103,37.500331,139.92165,6,-0.286,0.653,10.208,8.119
1424932176203,37.500327,139.92166,6,-0.391,0.984,9.082,8.169
1424932176304,37.500324,139.921669,6,-0.386,0.824,8.568,8.221
1424932176400,37.500321,139.921679,6,-0.332,0.383,9.768,8.26
1424932176505,37.500319,139.921689,6,-0.031,0.28,10.349,8.286
1424932176601,37.500317,139.921698,6,-0.042,0.217,10.14,8.31
1424932176700,37.500315,139.921707,6,0.084,0.252,9.435,8.334
1424932176803,37.500313,139.921717,6,0.201,0.804,9.149,8.36
1424932176902,37.500311,139.921727,6,0.189,0.979,9.43,8.385
1424932177004,37.500309,139.921737,6,0.134,1.042,9.373,8.41
1424932177100,37.500307,139.921746,6,0.099,0.678,9.667,8.434
1424932177200,37.500304,139.921755,6,0.035,0.583,9.008,8.459
1424932177301,37.500302,139.921765,6,0.037,0.506,8.84,8.485
1424932177402,37.5003,139.921775,5,-0.455,0.663,9.161,8.52
1424932177502,37.500297,139.921786,5,-0.394,0.318,10.219,8.569
1424932177603,37.500294,139.921797,5,-0.434,0.433,10.097,8.619
1424932177704,37.500291,139.921807,5,-0.19,0.49,9.331,8.669
1424932177805,37.500288,139.921818,5,-0.03,0.465,9.051,8.719
1424932177900,37.500286,139.921829,5,-0.012,0.588,9.667,8.766
1424932178001,37.500283,139.92184,5,0.489,0.587,10.017,8.817
1424932178102,37.50028,139.921851,5,0.819,0.363,9.261,8.868
1424932178202,37.500277,139.921862,5,0.919,-0.019,9.376,8.919
1424932178303,37.500274,139.921873,5,0.764,-0.162,9.659,8.971
1424932178404,37.500271,139.921883,5,0.572,-0.215,9.819,8.977
1424932178504,37.500268,139.921893,5,0.366,-0.163,9.439,8.926
1424932178600,37.500265,139.921903,5,0.337,-0.128,9.586,8.877
1424932178701,37.500263,139.921912,5,0.173,-0.238,9.696,8.826
1424932178802,37.50026,139.921922,5,-0.021,-0.209,9.481,8.775
1424932178902,37.500257,139.921932,5,-0.063,-0.234,9.402,8.725
1424932179003,37.500254,139.921941,5,0.211,-0.386,9.616,8.675
1424932179104,37.500252,139.921951,5,0.148,-0.188,9.611,8.625
1424932179204,37.500249,139.92196,5,-0.061,0.016,8.892,8.576
1424932179300,37.500247,139.921969,5,-0.028,-0.265,9.385,8.529
1424932179401,37.500244,139.921979,5,-0.067,-0.399,10.013,8.49
1424932179501,37.500242,139.921988,5,0.137,-0.37,9.516,8.464
1424932179602,37.50024,139.921997,5,0.128,-0.381,9.049,8.439
1424932179703,37.500238,139.922007,5,0.108,-0.317,9.489,8.413
1424932179804,37.500236,139.922016,5,0.156,-0.281,9.809,8.388
1424932179904,37.500234,139.922025,5,0.223,-0.225,9.572,8.363
1424932180000,37.500231,139.922034,5,0.195,-0.246,9.321,8.339
1424932180101,37.500229,139.922043,5,0.207,-0.459,9.849,8.314
1424932180201,37.500227,139.922052,5,0.068,-0.237,9.436,8.289
1424932180302,37.500225,139.922061,5,0.337,-0.365,9.694,8.264
1424932180403,37.500223,139.922069,5,0.365,-0.435,9.811,8.239
1424932180503,37.500219,139.922077,5,0.277,-0.094,9.357,8.214
1424932180604,37.500216,139.922085,5,-0.043,0.02,9.07,8.188
1424932180700,37.500213,139.922092,5,-0.24,-0.042,9.483,8.164
1424932180801,37.500209,139.9221,5,-0.413,0.209,9.423,8.139
1424932180901,37.500206,139.922108,5,-0.078,0.152,9.557,8.114
1424932181002,37.500203,139.922116,5,-0.045,-0.102,9.719,8.089
1424932181103,37.500199,139.922123,5,-0.078,0.15,9.547,8.064
1424932181203,37.500196,139.922131,5,-0.116,0.332,9.321,8.039
1424932181304,37.500193,139.922139,5,-0.101,0.377,9.379,8.014
1424932181400,37.50019,139.922146,6,0.022,0.431,9.758,8.01
1424932181500,37.500188,139.922155,6,0.12,0.444,9.741,8.035
1424932181601,37.500186,139.922163,6,0.216,0.368,9.515,8.06
1424932181702,37.500184,139.922172,6,0.18,0.498,9.337,8.085
1424932181803,37.500182,139.922181,6,0.137,0.563,9.545,8.11
1424932181903,37.50018,139.922189,6,0.141,0.624,9.474,8.135
1424932182004,37.500178,139.922198,6,0.168,0.611,9.578,8.16
1424932182100,37.500176,139.922206,6,0.166,0.536,9.509,8.184
1424932182200,37.500174,139.922215,6,0.161,0.561,9.416,8.209
1424932182301,37.500172,139.922224,6,0.131,0.582,9.51,8.235
1424932182402,37.50017,139.922233,10,0.173,0.459,9.691,8.26
1424932182503,37.500168,139.922242,10,0.212,0.331,9.717,8.285
1424932182603,37.500166,139.922251,10,0.272,0.211,9.703,8.31
1424932182704,37.500164,139.92226,10,0.303,0.237,9.402,8.335
1424932182800,37.500161,139.922269,10,0.398,0.217,9.505,8.359
1424932182900,37.500159,139.922278,10,0.383,-0.013,9.862,8.384
1424932183001,37.500157,139.922288,10,0.314,0.064,9.629,8.409
1424932183102,37.500155,139.922297,10,0.066,0.078,9.036,8.435
1424932183202,37.500153,139.922306,10,0.031,-0.178,9.35,8.46
1424932183303,37.50015,139.922316,10,0.086,-0.284,9.924,8.486
1424932183404,37.500148,139.922325,12,0.099,-0.312,9.816,8.489
1424932183500,37.500146,139.922333,12,0.02,-0.32,9.127,8.465
1424932183600,37.500145,139.922341,12,-0.034,-0.214,9.122,8.439
1424932183701,37.500143,139.92235,12,-0.014,-0.193,9.563,8.414
1424932183802,37.500141,139.922358,12,0.072,-0.227,9.83,8.389
1424932183902,37.500139,139.922366,12,0.177,-0.297,9.517,8.364
1424932184003,37.500137,139.922375,12,0.179,-0.35,9.323,8.338
1424932184104,37.500136,139.922383,12,0.11,-0.316,9.364,8.313
1424932184200,37.500134,139.922391,12,0.107,-0.25,9.546,8.289
1424932184300,37.500132,139.922399,12,0.166,-0.291,9.733,8.265
1424932184401,37.500131,139.922408,13,0.2,-0.31,9.611,8.24
1424932184502,37.500129,139.922417,13,0.251,-0.263,9.443,8.214
1424932184602,37.500128,139.922425,13,0.335,-0.207,9.255,8.189
1424932184703,37.500127,139.922434,13,0.361,-0.23,9.513,8.163
1424932184804,37.500126,139.922443,13,0.265,-0.144,9.627,8.138
1424932184904,37.500125,139.922452,13,0.091,-0.211,9.647,8.113
1424932185000,37.500124,139.92246,13,0.07,-0.247,9.54,8.089
1424932185101,37.500123,139.922469,13,0.171,-0.206,9.42,8.064
1424932185202,37.500122,139.922477,13,0.262,-0.129,9.43,8.039
1424932185302,37.500121,139.922486,13,0.225,-0.034,9.473,8.014
1424932185403,37.50012,139.922495,15,0.107,-0.018,9.639,8.0
1424932185504,37.50012,139.922505,15,0.052,-0.002,9.493,8.0
1424932185604,37.50012,139.922514,15,0.044,0.086,9.389,8.0
1424932185700,37.50012,139.922523,15,0.114,-0.008,9.46,8.0
1424932185801,37.50012,139.922532,15,0.16,-0.057,9.662,8.0
1424932185901,37.500121,139.922542,15,0.165,0.057,9.566,8.0
1424932186002,37.500121,139.922551,15,0.148,0.198,9.379,8.0
1424932186103,37.500121,139.922561,15,0.093,0.159,9.434,8.0
1424932186204,37.500121,139.92257,15,0.04,0.293,9.385,8.0
1424932186304,37.500121,139.92258,15,0.012,0.306,9.608,8.0
1424932186400,37.500121,139.922589,17,0.075,0.23,9.723,8.019
1424932186501,37.500123,139.922599,17,0.075,0.383,9.338,8.069
1424932186601,37.500124,139.922609,17,0.018,0.439,9.336,8.118
1424932186702,37.500125,139.922619,17,-0.022,0.405,9.474,8.168
1424932186803,37.500126,139.922629,17,-0.017,0.483,9.65,8.218
1424932186903,37.500127,139.922639,17,0.009,0.523,9.608,8.268
1424932187004,37.500129,139.922649,17,0.002,0.445,9.467,8.319
1424932187100,37.50013,139.922659,17,0.032,0.517,9.404,8.367
1424932187201,37.500131,139.92267,17,0.034,0.526,9.479,8.418
1424932187301,37.500132,139.92268,17,0.038,0.572,9.517,8.47
1424932187402,37.50013,139.922688,19,-0.0,0.541,9.367,8.478
1424932187503,37.500123,139.922694,19,0.011,0.414,9.547,8.427
1424932187603,37.500116,139.922699,19,0.109,0.26,9.608,8.376
1424932187704,37.500109,139.922704,19,0.17,0.149,9.653,8.325
1424932187800,37.500103,139.922709,19,0.088,-0.074,9.716,8.276
1424932187901,37.500096,139.922715,19,-0.056,-0.072,9.396,8.226
1424932188001,37.50009,139.92272,19,-0.084,-0.014,9.225,8.176
1424932188102,37.500083,139.922725,19,0.165,-0.029,9.746,8.126
1424932188203,37.500076,139.92273,19,0.405,-0.094,9.955,8.076
1424932188303,37.50007,139.922735,19,0.254,-0.056,9.516,8.028
1424932188404,37.500064,139.922742,19,0.202,-0.216,9.208,7.989
1424932188500,37.500061,139.922749,19,0.163,-0.328,9.548,7.965
1424932188600,37.500057,139.922757,19,0.387,-0.172,9.826,7.939
1424932188701,37.500054,139.922765,19,0.398,-0.226,9.396,7.914
1424932188802,37.50005,139.922773,19,0.295,-0.241,9.377,7.889
1424932188903,37.500046,139.922781,19,0.235,-0.308,9.645,7.863
1424932189003,37.500043,139.922789,19,0.195,-0.362,9.69,7.838
1424932189104,37.500039,139.922797,19,0.11,-0.304,9.511,7.813
1424932189200,37.500036,139.922805,19,0.089,-0.299,9.495,7.789
1424932189300,37.500032,139.922812,19,0.153,-0.292,9.45,7.765
1424932189401,37.500028,139.92282,15,0.162,-0.182,9.436,7.74
1424932189502,37.500024,139.922827,15,0.119,-0.289,9.656,7.714
1424932189602,37.50002,139.922833,15,0.172,-0.41,9.578,7.689
1424932189703,37.500016,139.92284,15,0.074,-0.305,9.512,7.663
1424932189804,37.500013,139.922847,15,-0.049,-0.25,9.305,7.638
1424932189900,37.500009,139.922853,15,-0.127,-0.042,8.934,7.614
1424932190000,37.500005,139.922859,15,-0.103,-0.296,9.737,7.589
1424932190101,37.500001,139.922866,15,-0.078,-0.365,10.052,7.564
1424932190202,37.499997,139.922873,15,-0.006,-0.298,9.484,7.539
1424932190302,37.499993,139.922879,15,0.105,-0.311,9.321,7.514
1424932190403,37.49999,139.922887,15,0.105,-0.37,9.502,7.5
1424932190504,37.499987,139.922897,15,0.023,-0.271,9.776,7.5
1424932190605,37.499983,139.922907,15,0.021,-0.002,9.397,7.5
1424932190700,37.49998,139.922916,15,0.142,-0.117,9.33,7.5
1424932190806,37.499977,139.922926,15,0.309,-0.319,9.629,7.5
1424932190902,37.499974,139.922935,15,0.398,-0.384,9.662,7.5
1424932191001,37.499971,139.922945,15,0.347,-0.156,9.22,7.5
1424932191103,37.499968,139.922954,15,0.196,-0.21,9.333,7.5
1424932191202,37.499965,139.922964,15,0.05,-0.32,9.675,7.5
1424932191304,37.499962,139.922974,15,0.074,-0.275,9.68,7.5
1424932191400,37.499959,139.922982,13,0.134,-0.238,9.594,7.49
1424932191501,37.499955,139.92299,13,0.039,-0.262,9.448,7.464
1424932191602,37.499952,139.922998,13,0.101,-0.344,9.476,7.439
1424932191702,37.499949,139.923005,13,0.124,-0.212,9.58,7.414
1424932191803,37.499946,139.923013,13,0.066,-0.16,9.583,7.388
1424932191904,37.499942,139.923021,13,0.147,-0.216,9.478,7.363
1424932192004,37.499939,139.923028,13,0.15,-0.281,9.616,7.338
1424932192100,37.499936,139.923035,13,0.102,-0.291,9.69,7.314
1424932192201,37.499933,139.923043,13,0.216,-0.29,9.637,7.289
1424932192301,37.49993,139.923051,13,0.327,-0.299,9.528,7.265
1424932192402,37.499926,139.923059,14,0.252,-0.178,9.405,7.26
1424932192503,37.499923,139.923067,14,0.104,-0.129,9.375,7.285
1424932192603,37.499919,139.923075,14,0.267,-0.224,9.506,7.31
1424932192704,37.499915,139.923084,14,0.259,-0.265,9.736,7.335
1424932192800,37.499912,139.923092,14,0.207,-0.26,9.808,7.359
1424932192901,37.499908,139.923101,14,0.269,-0.211,9.45,7.384
1424932193001,37.499904,139.923109,14,0.357,-0.196,9.205,7.409
1424932193102,37.499901,139.923118,14,0.252,-0.234,9.452,7.435
1424932193203,37.499897,139.923126,14,0.303,-0.177,9.615,7.46
1424932193303,37.499893,139.923135,14,0.265,-0.161,9.552,7.486
1424932193404,37.49989,139.923142,15,0.251,-0.142,9.415,7.427
1424932193500,37.499886,139.923145,15,0.208,-0.243,9.536,7.27
1424932193601,37.499883,139.923149,15,0.319,-0.399,9.79,7.108
1424932193701,37.49988,139.923152,15,0.436,-0.509,10.089,6.951
1424932193802,37.499877,139.923155,15,0.275,-0.217,9.423,6.796
1424932193903,37.499874,139.923159,15,0.055,0.061,8.86,6.644
1424932194003,37.499871,139.923162,15,-0.048,-0.004,9.167,6.497
1424932194104,37.499868,139.923165,15,-0.276,0.164,8.82,6.352
1424932194200,37.499865,139.923168,15,-0.256,-0.013,9.774,6.218
1424932194301,37.499863,139.923171,15,-0.2,-0.283,10.317,6.079
1424932194401,37.49986,139.923175,15,-0.088,-0.282,9.698,6.0
1424932194502,37.499856,139.92318,15,-0.022,-0.327,8.998,6.0
1424932194603,37.499853,139.923185,15,0.05,-0.237,9.1,6.0
1424932194703,37.499849,139.92319,15,0.048,-0.317,9.281,6.0
1424932194804,37.499846,139.923195,15,0.042,-0.229,9.726,6.0
1424932194900,37.499843,139.9232,15,0.102,0.074,9.71,6.0
1424932195000,37.499839,139.923205,15,0.091,0.075,9.446,6.0
1424932195101,37.499836,139.92321,15,0.057,-0.139,9.474,6.0
1424932195202,37.499832,139.923215,15,0.084,-0.223,9.575,6.0
1424932195303,37.499829,139.92322,15,0.116,-0.108,9.604,6.0
1424932195403,37.499827,139.923226,14,0.074,0.073,9.486,5.989
1424932195504,37.499827,139.923233,14,0.121,0.117,9.577,5.963
1424932195600,37.499826,139.92324,14,0.242,0.049,9.534,5.939
1424932195700,37.499826,139.923246,14,0.284,0.093,9.441,5.914
1424932195801,37.499826,139.923253,14,0.292,0.165,9.544,5.888
1424932195902,37.499825,139.92326,14,0.231,0.155,9.704,5.863
1424932196002,37.499825,139.923267,14,0.143,0.276,9.332,5.838
1424932196103,37.499825,139.923274,14,0.07,0.268,9.373,5.813
1424932196204,37.499824,139.923281,14,0.203,0.253,9.597,5.788
1424932196300,37.499824,139.923287,14,0.343,0.265,9.562,5.765
1424932196400,37.499823,139.923294,14,0.355,0.345,9.373,5.76
1424932196501,37.499819,139.9233,14,0.41,0.311,9.43,5.785
1424932196602,37.499816,139.923307,14,0.311,0.257,9.496,5.81
1424932196702,37.499812,139.923314,14,0.259,0.275,9.55,5.834
1424932196803,37.499809,139.923321,14,0.21,0.278,9.565,5.859
1424932196904,37.499805,139.923328,14,0.206,0.266,9.513,5.885
1424932197005,37.499802,139.923335,14,0.183,0.295,9.42,5.91
1424932197100,37.499798,139.923341,14,0.215,0.204,9.665,5.934
1424932197201,37.499795,139.923348,14,0.222,0.249,9.509,5.96
1424932197302,37.499791,139.923355,14,0.274,0.206,9.531,5.985
1424932197402,37.499788,139.923361,14,0.248,0.183,9.634,5.978
1424932197503,37.499787,139.923367,14,0.102,0.118,9.665,5.926
1424932197604,37.499785,139.923373,14,0.043,0.142,9.331,5.874
1424932197704,37.499784,139.923378,14,0.113,0.282,9.056,5.823
1424932197800,37.499783,139.923383,14,0.149,0.008,9.696,5.775
1424932197901,37.499781,139.923389,14,0.089,-0.093,9.855,5.724
1424932198002,37.49978,139.923394,14,0.104,-0.075,9.534,5.674
1424932198102,37.499778,139.9234,14,0.205,-0.091,9.444,5.625
1424932198203,37.499777,139.923405,14,0.205,-0.138,9.47,5.576
1424932198304,37.499776,139.92341,14,0.232,-0.378,9.532,5.527
1424932198404,37.499774,139.923416,12,0.37,-0.233,9.831,5.521
1424932198500,37.499773,139.923423,12,0.299,-0.065,9.548,5.567
1424932198601,37.499771,139.92343,12,0.118,0.068,9.302,5.617
1424932198701,37.49977,139.923437,12,-0.008,-0.081,9.44,5.666
1424932198802,37.499768,139.923444,12,0.039,-0.185,9.582,5.716
1424932198903,37.499766,139.923451,12,-0.015,-0.107,9.747,5.766
1424932199004,37.499765,139.923459,12,0.096,-0.01,9.448,5.817
1424932199104,37.499763,139.923466,12,0.189,-0.03,9.355,5.868
1424932199200,37.499762,139.923473,12,0.073,-0.188,9.379,5.917
1424932199301,37.49976,139.923481,12,0.08,-0.238,9.605,5.969
1424932199401,37.499759,139.923488,12,-0.048,-0.053,9.339,5.99
1424932199502,37.499758,139.923495,12,-0.118,-0.083,9.487,5.964
1424932199603,37.499758,139.923501,12,-0.025,-0.212,9.674,5.938
1424932199704,37.499757,139.923508,12,0.112,-0.177,9.505,5.913
1424932199804,37.499756,139.923515,12,0.227,-0.099,9.361,5.888
1424932199900,37.499756,139.923521,12,0.318,-0.158,9.618,5.864
1424932200001,37.499755,139.923528,12,0.394,-0.245,9.909,5.839
1424932200101,37.499755,139.923534,12,0.265,-0.238,9.385,5.814
1424932200202,37.499754,139.923541,12,0.166,-0.011,9.209,5.789
1424932200303,37.499753,139.923547,12,0.265,-0.001,9.691,5.764
1424932200403,37.499752,139.923554,14,0.21,-0.05,9.472,5.761
1424932200504,37.49975,139.923562,14,0.23,-0.023,9.31,5.785
1424932200600,37.499748,139.92357,14,0.266,-0.025,9.628,5.809
1424932200700,37.499746,139.923578,14,0.208,-0.041,9.75,5.834
1424932200801,37.499744,139.923586,14,0.084,-0.11,9.567,5.859
1424932200902,37.499742,139.923594,14,0.023,-0.116,9.306,5.884
1424932201003,37.49974,139.923603,14,0.07,-0.083,9.557,5.91
1424932201103,37.499738,139.923611,14,0.118,-0.035,9.427,5.935
1424932201204,37.499736,139.923619,14,0.134,-0.14,9.598,5.96
1424932201300,37.499734,139.923627,14,0.117,-0.068,9.456,5.985
1424932201400,37.499732,139.923635,14,0.147,0.024,9.339,6.0
1424932201501,37.499731,139.923641,14,0.145,-0.011,9.416,6.0
1424932201602,37.499729,139.923647,14,0.104,-0.106,9.617,6.0
1424932201703,37.499728,139.923654,14,0.104,-0.107,9.643,6.0
1424932201803,37.499726,139.92366,14,0.171,-0.133,9.557,6.0
1424932201904,37.499724,139.923666,14,0.162,-0.075,9.545,6.0
1424932202000,37.499723,139.923672,14,0.135,-0.061,9.452,6.0
1424932202100,37.499721,139.923679,14,0.14,-0.088,9.414,6.0
1424932202201,37.49972,139.923685,14,0.169,-0.087,9.438,6.0
1424932202302,37.499718,139.923691,14,0.247,-0.027,9.444,6.0
1424932202402,37.499717,139.923698,14,0.273,0.019,9.487,5.978
1424932202503,37.499715,139.923706,14,0.228,-0.042,9.611,5.926
1424932202604,37.499714,139.923714,14,0.161,-0.084,9.517,5.874
1424932202700,37.499713,139.923721,14,0.088,-0.2,9.531,5.825
1424932202800,37.499712,139.923728,14,0.095,-0.318,9.676,5.775
1424932202901,37.499711,139.923736,14,0.081,-0.282,9.504,5.724
1424932203002,37.49971,139.923743,14,0.115,-0.357,9.494,5.674
1424932203102,37.499709,139.923751,14,0.13,-0.372,9.434,5.625
1424932203203,37.499708,139.923758,14,0.327,-0.4,9.512,5.576
1424932203304,37.499707,139.923765,14,0.37,-0.48,9.666,5.527
1424932203400,37.499706,139.923771,14,0.243,-0.494,9.562,5.468
1424932203500,37.499705,139.923774,14,0.192,-0.422,9.408,5.388
1424932203601,37.499705,139.923778,14,0.191,-0.488,9.45,5.309
1424932203702,37.499705,139.923782,14,0.167,-0.627,9.711,5.231
1424932203802,37.499704,139.923786,14,0.057,-0.511,9.484,5.155
1424932203903,37.499704,139.923789,14,-0.005,-0.513,9.425,5.079
1424932204004,37.499703,139.923793,14,0.105,-0.599,9.591,5.004
1424932204104,37.499703,139.923796,14,0.244,-0.553,9.467,4.932
1424932204200,37.499703,139.9238,14,0.291,-0.571,9.495,4.863
1424932204301,37.499702,139.923803,14,0.254,-0.607,9.589,4.791
1424932204402,37.499702,139.923807,13,0.172,-0.538,9.402,4.728
1424932204502,37.499701,139.923811,13,0.139,-0.503,9.489,4.676
1424932204603,37.4997,139.923816,13,0.077,-0.592,9.611,4.623
1424932204704,37.499699,139.92382,13,-0.008,-0.578,9.529,4.572
1424932204804,37.499698,139.923824,13,-0.068,-0.381,9.576,4.521
1424932204905,37.499697,139.923828,13,-0.053,-0.194,9.574,4.471
1424932205001,37.499696,139.923832,13,0.004,-0.168,9.507,4.423
1424932205100,37.499695,139.923837,13,0.138,-0.206,9.608,4.375
1424932205202,37.499694,139.923841,13,0.234,-0.179,9.549,4.325
1424932205301,37.499693,139.923845,13,0.218,-0.271,9.337,4.278
1424932205404,37.499692,139.923848,13,0.128,-0.419,9.303,4.214
1424932205503,37.499691,139.923851,13,0.063,-0.592,9.64,4.134
1424932205600,37.49969,139.923854,13,0.009,-0.648,9.682,4.057
1424932205701,37.499689,139.923857,13,-0.05,-0.629,9.513,3.978
1424932205801,37.499687,139.92386,13,-0.046,-0.652,9.448,3.901
1424932205902,37.499686,139.923863,13,-0.1,-0.618,9.306,3.825
1424932206003,37.499685,139.923866,13,-0.124,-0.713,9.661,3.751
1424932206103,37.499684,139.923868,13,0.181,-0.839,9.827,3.679
1424932206204,37.499683,139.923871,13,0.181,-0.826,9.643,3.607
1424932206300,37.499682,139.923873,13,0.227,-0.786,9.437,3.541
1424932206401,37.49968,139.923876,13,0.278,-0.767,9.358,3.452
1424932206501,37.499679,139.92388,13,0.39,-0.843,9.58,3.339
1424932206602,37.499677,139.923883,13,0.334,-0.821,9.625,3.227
1424932206703,37.499676,139.923886,13,0.202,-0.716,9.379,3.119
1424932206803,37.499675,139.923889,13,0.272,-0.82,9.509,3.016
1424932206904,37.499673,139.923891,13,0.175,-0.981,9.903,2.915
1424932207000,37.499672,139.923894,13,0.028,-0.839,9.599,2.822
1424932207100,37.499671,139.923897,13,0.05,-0.673,9.261,2.728
1424932207201,37.49967,139.923899,13,0.057,-0.677,9.355,2.637
1424932207302,37.499669,139.923902,13,-0.007,-0.765,9.571,2.549
1424932207403,37.499668,139.923903,12,-0.153,-0.658,9.691,2.447
1424932207503,37.499668,139.923904,12,-0.152,-0.574,9.547,2.326
1424932207604,37.499668,139.923904,12,-0.007,-0.563,9.489,2.21
1424932207700,37.499668,139.923905,12,0.066,-0.51,9.474,2.104
1424932207800,37.499668,139.923905,12,0.074,-0.462,9.547,1.998
1424932207901,37.499667,139.923905,12,0.175,-0.455,9.6,1.897
1424932208002,37.499667,139.923906,12,0.294,-0.458,9.51,1.801
1424932208103,37.499667,139.923906,12,0.309,-0.45,9.469,1.709
1424932208203,37.499667,139.923906,12,0.237,-0.406,9.537,1.624
1424932208304,37.499667,139.923907,12,0.193,-0.391,9.534,1.543
1424932208400,37.499667,139.923908,12,0.197,-0.403,9.456,1.489
1424932208500,37.499666,139.92391,12,0.155,-0.402,9.51,1.462
1424932208601,37.499665,139.923912,12,0.098,-0.355,9.584,1.436
1424932208702,37.499664,139.923914,12,0.116,-0.386,9.587,1.409
1424932208802,37.499663,139.923915,12,0.118,-0.414,9.591,1.384
1424932208903,37.499662,139.923917,12,0.112,-0.398,9.585,1.359
1424932209004,37.499662,139.923919,12,0.128,-0.395,9.535,1.334
1424932209100,37.499661,139.923921,12,0.074,-0.472,9.556,1.311
1424932209200,37.49966,139.923922,12,0.013,-0.51,9.574,1.287
1424932209301,37.499659,139.923924,12,-0.023,-0.464,9.558,1.263
1424932209402,37.499659,139.923925,12,-0.001,-0.415,9.526,1.224
1424932209502,37.499657,139.923926,12,0.076,-0.414,9.521,1.164
1424932209603,37.499656,139.923926,12,0.141,-0.405,9.567,1.106
1424932209704,37.499655,139.923926,12,0.119,-0.372,9.528,1.05
1424932209805,37.499654,139.923927,12,0.058,-0.313,9.534,0.997
1424932209900,37.499654,139.923927,12,0.009,-0.248,9.532,0.949
1424932210001,37.499653,139.923927,12,-0.02,-0.182,9.55,0.901
1424932210102,37.499652,139.923927,12,-0.042,-0.142,9.559,0.855
1424932210202,37.499651,139.923928,12,-0.025,-0.155,9.538,0.812
1424932210303,37.49965,139.923928,12,0.026,-0.156,9.537,0.772
1424932210404,37.49965,139.923928,12,0.074,-0.156,9.557,0.737
1424932210504,37.499649,139.923929,12,0.08,-0.12,9.535,0.708
1424932210600,37.499648,139.923929,12,0.079,-0.087,9.5,0.681
1424932210701,37.499648,139.92393,12,0.083,-0.062,9.507,0.654
1424932210802,37.499647,139.92393,12,0.084,-0.054,9.504,0.627
1424932210902,37.499646,139.92393,12,0.071,-0.056,9.494,0.602
1424932211003,37.499646,139.923931,12,0.072,-0.045,9.498,0.578
1424932211104,37.499645,139.923931,12,0.076,-0.052,9.493,0.554
1424932211204,37.499645,139.923931,12,0.08,-0.077,9.522,0.532
1424932211300,37.499644,139.923932,12,0.078,-0.067,9.528,0.512
1424932211401,37.499644,139.923932,12,0.063,-0.074,9.492,0.5
1424932211501,37.499644,139.923932,12,0.062,-0.073,9.527,0.5
1424932211602,37.499644,139.923932,12,0.066,-0.067,9.549,0.5
1424932211703,37.499644,139.923933,12,0.06,-0.049,9.529,0.5
1424932211804,37.499644,139.923933,12,0.055,-0.03,9.522,0.5
1424932211904,37.499644,139.923933,12,0.053,0.006,9.529,0.5
1424932212000,37.499644,139.923933,12,0.04,0.04,9.51,0.5
1424932212101,37.499644,139.923933,12,0.062,0.064,9.491,0.5
1424932212201,37.499644,139.923934,12,0.098,0.092,9.468,0.5
1424932212302,37.499644,139.923934,12,0.122,0.072,9.529,0.5
1424932212403,37.499644,139.923934,13,0.111,0.011,9.579,0.5
1424932212503,37.499643,139.923933,13,0.106,-0.041,9.49,0.5
1424932212604,37.499642,139.923933,13,0.088,-0.117,9.523,0.5
1424932212700,37.499641,139.923933,13,0.032,-0.155,9.592,0.5
1424932212801,37.49964,139.923932,13,0.031,-0.126,9.526,0.5
1424932212901,37.499639,139.923932,13,0.102,-0.093,9.488,0.5
1424932213002,37.499638,139.923931,13,0.138,-0.087,9.537,0.5
1424932213103,37.499637,139.923931,13,0.125,-0.075,9.529,0.5
1424932213203,37.499636,139.923931,13,0.119,-0.069,9.469,0.5
1424932213304,37.499635,139.92393,13,0.153,-0.073,9.489,0.5
1424932213400,37.499635,139.92393,13,0.169,-0.075,9.517,0.5
1424932213500,37.499634,139.92393,13,0.13,-0.063,9.498,0.5
1424932213601,37.499634,139.92393,13,0.093,-0.042,9.487,0.5
1424932213702,37.499633,139.923931,13,0.104,-0.053,9.491,0.5
1424932213803,37.499632,139.923931,13,0.149,-0.065,9.486,0.5
1424932213903,37.499632,139.923931,13,0.152,-0.067,9.495,0.5
1424932214004,37.499631,139.923931,13,0.123,-0.054,9.512,0.5
1424932214100,37.499631,139.923931,13,0.113,-0.048,9.52,0.5
1424932214200,37.49963,139.923932,13,0.129,-0.046,9.531,0.5
1424932214301,37.499629,139.923932,13,0.134,-0.047,9.536,0.5
1424932214402,37.499628,139.923932,12,0.119,-0.032,9.521,0.459
1424932214502,37.499627,139.923933,12,0.111,-0.015,9.515,0.368
1424932214603,37.499625,139.923933,12,0.131,-0.008,9.521,0.287
1424932214704,37.499624,139.923934,12,0.15,-0.001,9.512,0.215
1424932214800,37.499623,139.923934,12,0.147,0.019,9.52,0.157
1424932214900,37.499622,139.923934,12,0.129,0.035,9.497,0.106
1424932215001,37.499621,139.923935,12,0.125,0.025,9.487,0.064
1424932215102,37.499621,139.923935,12,0.135,0.028,9.503,0.033
1424932215202,37.49962,139.923935,12,0.129,0.036,9.513,0.012
1424932215303,37.49962,139.923935,12,0.124,0.062,9.534,0.002
1424932234503,37.499568,139.923942,12,0.152,1.036,9.467,0.005
1424932234604,37.499568,139.923942,12,0.141,1.109,9.466,0.015
1424932234700,37.499568,139.923942,12,0.13,1.16,9.471,0.029
1424932234800,37.499568,139.923943,12,0.136,1.205,9.474,0.048
1424932234901,37.499568,139.923943,12,0.142,1.263,9.465,0.073
1424932235002,37.499568,139.923943,12,0.135,1.282,9.461,0.103
1424932235102,37.499568,139.923944,12,0.139,1.299,9.51,0.138
1424932235203,37.499568,139.923944,12,0.158,1.298,9.54,0.178
1424932235304,37.499568,139.923945,12,0.187,1.296,9.528,0.223
1424932235404,37.499568,139.923945,12,0.184,1.305,9.487,0.257
1424932235500,37.499568,139.923946,12,0.112,1.268,9.502,0.275
1424932235601,37.499567,139.923946,12,0.057,1.236,9.54,0.295
1424932235702,37.499567,139.923947,12,0.063,1.259,9.539,0.317
1424932235802,37.499567,139.923948,12,0.095,1.267,9.442,0.34
1424932235903,37.499567,139.923949,12,0.12,1.229,9.436,0.365
1424932236004,37.499566,139.92395,12,0.1,1.151,9.523,0.392
1424932236104,37.499566,139.92395,12,0.086,1.121,9.594,0.42
1424932236200,37.499566,139.923951,12,0.115,1.114,9.479,0.449
1424932236301,37.499565,139.923952,12,0.181,1.071,9.384,0.481
1424932236401,37.499565,139.923953,12,0.258,0.964,9.353,0.514
1424932236502,37.499565,139.923955,12,0.284,0.877,9.468,0.551
1424932236603,37.499565,139.923956,12,0.208,0.963,9.502,0.591
1424932236704,37.499565,139.923957,12,0.199,1.015,9.543,0.634
1424932236804,37.499565,139.923959,12,0.34,1.086,9.5,0.681
1424932236900,37.499565,139.92396,12,0.333,1.262,9.41,0.729
1424932237001,37.499565,139.923962,12,0.266,1.268,9.434,0.782
1424932237101,37.499565,139.923964,12,0.282,1.242,9.608,0.839
1424932237202,37.499565,139.923966,12,0.202,1.262,9.496,0.899
1424932237303,37.499565,139.923968,12,0.147,1.266,9.46,0.963
1424932237404,37.499565,139.92397,12,0.098,1.289,9.509,1.043
1424932237504,37.499565,139.923972,12,0.202,1.251,9.509,1.151
1424932237600,37.499565,139.923974,12,0.235,1.198,9.467,1.271
1424932237701,37.499565,139.923977,12,0.294,1.123,9.489,1.413
1424932237801,37.499566,139.92398,12,0.386,1.014,9.509,1.57
1424932237902,37.499566,139.923984,12,0.408,0.805,9.495,1.746
1424932238003,37.499566,139.923988,12,0.363,0.48,9.457,1.938
1424932238103,37.499566,139.923992,12,0.302,0.181,9.542,2.144
1424932238204,37.499567,139.923996,12,0.208,0.014,9.587,2.369
1424932238300,37.499567,139.924001,12,0.121,-0.013,9.454,2.599
1424932238400,37.499567,139.924006,12,0.137,-0.05,9.51,2.768
1424932238501,37.499567,139.92401,12,0.134,-0.068,9.503,2.815
1424932238602,37.499567,139.924014,12,0.145,-0.045,9.486,2.863
1424932238703,37.499567,139.924018,12,0.208,-0.038,9.5,2.912
1424932238803,37.499567,139.924022,12,0.306,-0.031,9.478,2.961
1424932238904,37.499567,139.924026,12,0.329,0.004,9.409,3.012
1424932239000,37.499567,139.924031,12,0.259,0.018,9.534,3.06
1424932239100,37.499567,139.924035,12,0.124,0.042,9.464,3.112
1424932239201,37.499567,139.92404,12,0.041,-0.043,9.547,3.165
1424932239302,37.499567,139.924044,12,0.035,-0.14,9.756,3.219
1424932239403,37.499567,139.924049,13,0.116,-0.075,9.655,3.26
1424932239503,37.499566,139.924053,13,0.133,0.06,9.339,3.285
1424932239604,37.499566,139.924057,13,0.249,0.148,9.377,3.309
1424932239700,37.499566,139.924061,13,0.327,0.237,9.448,3.333
1424932239800,37.499565,139.924065,13,0.287,0.312,9.67,3.358
1424932239901,37.499565,139.924069,13,0.26,0.519,9.576,3.383
1424932240002,37.499564,139.924074,13,0.26,0.757,9.395,3.408
1424932240102,37.499564,139.924078,13,0.227,0.766,9.466,3.434
1424932240203,37.499564,139.924082,13,0.133,0.9,9.592,3.46
1424932240304,37.499563,139.924087,13,0.0,0.892,9.568,3.486
1424932240400,37.499563,139.924091,13,0.033,0.959,9.285,3.51
1424932240500,37.499562,139.924095,13,0.081,0.858,9.395,3.534
1424932240601,37.499561,139.924099,13,0.195,0.814,9.737,3.559
1424932240702,37.49956,139.924104,13,0.271,0.932,9.562,3.584
1424932240802,37.49956,139.924108,13,0.247,1.001,9.469,3.608
1424932240903,37.499559,139.924113,13,0.208,0.991,9.354,3.634
1424932241004,37.499558,139.924117,13,0.227,0.84,9.5,3.659
1424932241100,37.499557,139.924121,13,0.182,0.734,9.73,3.683
1424932241200,37.499556,139.924126,13,0.013,0.813,9.514,3.709
1424932241301,37.499555,139.92413,13,-0.064,0.951,9.484,3.735
1424932241402,37.499554,139.924135,13,0.063,0.894,9.589,3.76
1424932241502,37.499553,139.92414,13,0.192,0.85,9.428,3.785
1424932241603,37.499552,139.924145,13,0.272,0.82,9.282,3.809
1424932241704,37.49955,139.924151,13,0.259,0.843,9.522,3.834
1424932241804,37.499549,139.924156,13,0.029,0.761,9.907,3.859
1424932241900,37.499548,139.924161,13,-0.034,0.75,9.563,3.883
1424932242001,37.499546,139.924166,13,-0.224,0.788,9.486,3.908
1424932242102,37.499545,139.924171,13,-0.247,0.864,9.416,3.934
1424932242202,37.499543,139.924177,13,-0.087,0.926,9.3,3.959
1424932242303,37.499542,139.924182,13,0.081,0.827,9.515,3.985
1424932242404,37.49954,139.924187,13,0.145,0.906,9.431,4.056
1424932242504,37.499539,139.924193,13,-0.072,0.895,9.773,4.187
1424932242600,37.499537,139.924199,13,-0.241,0.866,9.785,4.317
1424932242701,37.499536,139.924205,13,-0.075,0.931,9.208,4.458
1424932242801,37.499534,139.924212,13,0.042,0.75,9.472,4.603
1424932242902,37.499532,139.924219,13,0.001,0.952,9.452,4.754
1424932243003,37.499531,139.924226,13,0.243,0.827,9.668,4.91
1424932243104,37.499529,139.924233,13,0.428,0.811,9.782,5.071
1424932243204,37.499527,139.92424,13,0.349,0.955,9.312,5.235
1424932243300,37.499525,139.924247,13,0.21,1.015,9.146,5.397
1424932243401,37.499523,139.924256,14,0.131,0.914,9.566,5.546
1424932243502,37.499521,139.924265,14,0.156,0.73,9.719,5.662
1424932243602,37.499519,139.924274,14,0.178,0.942,9.59,5.779
1424932243704,37.499517,139.924283,14,0.24,1.035,9.308,5.901
1424932243804,37.499515,139.924293,14,0.325,0.956,9.146,6.024
1424932243904,37.499513,139.924302,14,0.425,0.907,9.197,6.148
1424932244000,37.49951,139.924312,14,0.285,0.751,10.03,6.271
1424932244101,37.499508,139.924322,14,0.126,0.831,9.869,6.402
1424932244201,37.499506,139.924332,14,0.117,0.946,9.298,6.534
1424932244302,37.499503,139.924343,14,0.188,0.94,9.137,6.671
1424932244403,37.499502,139.924353,14,0.073,0.788,9.452,6.771
1424932244503,37.4995,139.924362,14,0.094,0.849,9.898,6.819
1424932244604,37.499499,139.924372,14,0.134,0.958,9.646,6.869
1424932244700,37.499498,139.924381,14,0.188,0.963,9.284,6.916
1424932244800,37.499497,139.924391,14,0.296,0.797,9.251,6.966
1424932244901,37.499496,139.924401,14,0.313,0.874,9.467,7.016
1424932245002,37.499495,139.92441,14,0.176,0.945,9.604,7.067
1424932245103,37.499494,139.92442,14,0.22,0.909,9.556,7.118
1424932245203,37.499493,139.92443,14,0.269,0.893,9.494,7.169
1424932245304,37.499492,139.92444,14,0.237,0.86,9.557,7.221
1424932245400,37.49949,139.924449,14,0.28,0.879,9.455,7.279
1424932245500,37.499489,139.924456,14,0.22,0.936,9.491,7.351
1424932245601,37.499488,139.924464,14,0.208,0.95,9.466,7.424
1424932245702,37.499486,139.924471,14,0.213,0.957,9.337,7.498
1424932245803,37.499485,139.924479,14,0.32,0.858,9.552,7.573
1424932245903,37.499483,139.924486,14,0.336,0.798,9.78,7.648
1424932246004,37.499482,139.924494,14,0.233,0.861,9.481,7.725
1424932246100,37.49948,139.924502,14,0.026,0.829,9.407,7.798
1424932246200,37.499479,139.924509,14,0.088,0.551,9.733,7.875
1424932246301,37.499477,139.924517,14,0.137,0.415,9.76,7.954
1424932246402,37.499475,139.924525,13,0.131,0.331,9.174,8.01
1424932246503,37.499474,139.924534,13,0.191,-0.012,9.287,8.035
1424932246603,37.499472,139.924542,13,0.165,-0.122,9.421,8.06
1424932246704,37.49947,139.92455,13,0.226,-0.129,9.765,8.085
1424932246800,37.499469,139.924558,13,0.398,-0.35,9.611,8.109
1424932246900,37.499467,139.924566,13,0.533,-0.375,9.384,8.134
1424932247001,37.499465,139.924575,13,0.496,-0.282,9.18,8.159
1424932247102,37.499463,139.924583,13,0.488,-0.394,9.445,8.185
1424932247202,37.499462,139.924592,13,0.368,-0.283,9.498,8.21
1424932247303,37.49946,139.9246,13,0.332,-0.323,9.561,8.236
1424932247404,37.499458,139.924609,13,0.401,-0.381,9.572,8.239
1424932247505,37.499454,139.924617,13,0.268,-0.315,9.482,8.213
1424932247605,37.499451,139.924625,13,0.085,-0.297,9.428,8.188
1424932247701,37.499448,139.924633,13,0.099,-0.369,9.525,8.164
1424932247800,37.499444,139.924641,13,0.106,-0.309,9.583,8.139
1424932247902,37.499441,139.92465,13,0.161,-0.28,9.631,8.114
1424932248001,37.499438,139.924658,13,0.278,-0.347,9.524,8.089
1424932248104,37.499434,139.924666,13,0.248,-0.361,9.373,8.063
1424932248203,37.499431,139.924674,13,0.187,-0.408,9.589,8.039
1424932248300,37.499428,139.924682,13,0.271,-0.35,9.654,8.015
1424932248401,37.499426,139.924691,14,0.25,-0.281,9.504,7.979
1424932248502,37.499424,139.9247,14,0.191,-0.401,9.671,7.927
1424932248602,37.499423,139.924708,14,0.266,-0.331,9.423,7.876
1424932248703,37.499422,139.924717,14,0.333,-0.251,9.472,7.825
1424932248804,37.499421,139.924726,14,0.348,-0.317,9.582,7.774
1424932248904,37.49942,139.924734,14,0.209,-0.372,9.512,7.724
1424932249000,37.499419,139.924743,14,0.109,-0.31,9.501,7.676
1424932249101,37.499418,139.924751,14,-0.065,-0.322,9.541,7.626
1424932249201,37.499417,139.92476,14,0.075,-0.275,9.434,7.577
1424932249302,37.499416,139.924768,14,0.12,-0.348,9.541,7.528
1424932249403,37.499414,139.924777,14,0.032,-0.318,9.581,7.478
1424932249504,37.499411,139.924786,14,0.007,-0.362,9.61,7.426
1424932249604,37.499409,139.924795,14,-0.042,-0.334,9.577,7.375
1424932249700,37.499407,139.924803,14,-0.141,-0.292,9.513,7.326
1424932249801,37.499404,139.924812,14,-0.083,-0.233,9.398,7.275
1424932249901,37.499402,139.924821,14,0.06,-0.363,9.484,7.225
1424932250002,37.499399,139.92483,14,0.004,-0.435,9.636,7.175
1424932250103,37.499397,139.924838,14,-0.067,-0.303,9.44,7.125
1424932250203,37.499395,139.924847,14,-0.043,-0.316,9.406,7.076
1424932250304,37.499392,139.924855,14,-0.117,-0.391,9.514,7.027
1424932250400,37.499391,139.924863,8,-0.131,-0.513,9.875,6.99
1424932250501,37.49939,139.92487,8,-0.042,-0.484,9.785,6.964
1424932250601,37.499389,139.924878,8,-0.026,-0.403,9.208,6.939
1424932250702,37.499388,139.924885,8,0.074,-0.518,9.315,6.913
1424932250803,37.499387,139.924892,8,-0.017,-0.617,9.476,6.888
1424932250903,37.499386,139.924899,8,0.015,-0.652,9.631,6.863
1424932251004,37.499385,139.924907,8,-0.032,-0.639,9.714,6.838
1424932251100,37.499384,139.924914,8,0.028,-0.56,9.323,6.814
1424932251201,37.499383,139.924921,8,0.031,-0.786,9.462,6.789
1424932251301,37.499382,139.924928,8,0.084,-0.886,9.743,6.764
1424932251402,37.49938,139.924935,8,0.178,-0.757,9.589,6.692
1424932251503,37.499379,139.924941,8,0.182,-0.735,9.419,6.556
1424932251603,37.499377,139.924947,8,0.053,-0.653,9.35,6.423
1424932251704,37.499375,139.924953,8,0.052,-0.787,9.491,6.291
1424932251800,37.499374,139.924958,8,-0.028,-0.765,9.519,6.169
1424932251900,37.499373,139.924964,8,0.004,-0.686,9.572,6.043
1424932252001,37.499371,139.924969,8,0.059,-0.695,9.716,5.919
1424932252102,37.49937,139.924975,8,0.102,-0.758,9.614,5.798
1424932252203,37.499368,139.92498,8,0.233,-0.608,9.441,5.679
1424932252303,37.499367,139.924985,8,0.094,-0.533,9.517,5.564
1424932252404,37.499365,139.92499,8,-0.016,-0.18,9.181,5.465
1424932252500,37.499363,139.924995,8,-0.033,-0.368,9.489,5.388
1424932252600,37.49936,139.925,8,0.066,-0.511,9.658,5.31
1424932252701,37.499358,139.925005,8,0.126,-0.626,9.714,5.232
1424932252802,37.499355,139.92501,8,0.125,-0.571,9.536,5.155
1424932252902,37.499353,139.925014,8,0.097,-0.583,9.333,5.08
1424932253003,37.499351,139.925019,8,0.072,-0.658,9.525,5.005
1424932253104,37.499349,139.925024,8,0.061,-0.702,9.584,4.932
1424932253200,37.499346,139.925028,8,0.071,-0.671,9.248,4.863
1424932253300,37.499344,139.925032,8,0.126,-0.64,9.496,4.792
1424932253401,37.499343,139.925037,8,0.073,-0.594,9.719,4.728
1424932253502,37.499343,139.925042,8,-0.012,-0.522,9.439,4.676
1424932253602,37.499343,139.925046,8,0.104,-0.636,9.455,4.624
1424932253703,37.499343,139.925051,8,0.099,-0.862,9.686,4.572
1424932253804,37.499343,139.925055,8,0.025,-0.909,9.491,4.521
1424932253904,37.499342,139.92506,8,0.079,-0.916,9.382,4.471
1424932254000,37.499342,139.925064,8,0.15,-0.996,9.532,4.424
1424932254101,37.499342,139.925068,8,0.11,-1.074,9.454,4.374
1424932254202,37.499342,139.925072,8,0.014,-1.103,9.607,4.325
1424932254302,37.499342,139.925077,8,0.12,-1.07,9.694,4.277
1424932254403,37.499342,139.92508,8,0.111,-1.027,9.547,4.172
1424932254504,37.499342,139.925082,8,-0.053,-1.126,9.576,3.994
1424932254604,37.499341,139.925085,8,-0.04,-0.998,9.393,3.825
1424932254700,37.499341,139.925087,8,0.0,-0.934,9.425,3.668
1424932254801,37.499341,139.925089,8,-0.017,-0.944,9.584,3.509
1424932254902,37.499341,139.925091,8,-0.216,-0.927,9.531,3.357
1424932255002,37.499341,139.925093,8,-0.328,-0.907,9.529,3.213
1424932255103,37.49934,139.925095,8,-0.166,-0.763,9.464,3.074
1424932255204,37.49934,139.925096,8,0.017,-0.565,9.531,2.942
1424932255304,37.49934,139.925098,8,0.09,-0.476,9.526,2.817
1424932255400,37.49934,139.9251,8,0.038,-0.433,9.518,2.728
1424932255501,37.499338,139.925104,8,-0.103,-0.376,9.49,2.673
1424932255601,37.499337,139.925107,8,-0.327,-0.325,9.569,2.62
1424932255702,37.499336,139.92511,8,-0.475,-0.262,9.535,2.568
1424932255803,37.499335,139.925114,8,-0.438,-0.216,9.39,2.516
1424932255904,37.499334,139.925117,8,-0.358,-0.198,9.501,2.466
1424932256004,37.499333,139.92512,8,-0.291,-0.165,9.574,2.417
1424932256100,37.499332,139.925123,8,-0.335,-0.077,9.552,2.37
1424932256201,37.499331,139.925125,8,-0.359,0.027,9.462,2.323
1424932256301,37.499331,139.925128,8,-0.271,0.019,9.433,2.277
1424932256402,37.49933,139.925131,8,-0.307,0.045,9.556,2.239
1424932256503,37.499329,139.925133,8,-0.362,0.138,9.54,2.212
1424932256603,37.499329,139.925135,8,-0.394,0.119,9.491,2.187
1424932256704,37.499328,139.925137,8,-0.442,0.089,9.497,2.161
1424932256800,37.499328,139.925139,8,-0.568,0.083,9.496,2.136
1424932256901,37.499327,139.925141,8,-0.598,0.103,9.523,2.111
1424932257001,37.499327,139.925143,8,-0.607,-0.125,9.77,2.086
1424932257102,37.499326,139.925145,8,-0.672,-0.267,9.569,2.062
1424932257203,37.499326,139.925147,8,-0.594,-0.461,9.441,2.037
1424932257303,37.499325,139.925149,8,-0.369,-0.555,9.586,2.013
1424932257404,37.499324,139.925151,9,-0.208,-0.513,9.465,1.975
1424932257500,37.499323,139.925152,9,-0.121,-0.454,9.307,1.921
1424932257600,37.499322,139.925153,9,-0.069,-0.428,9.43,1.867
1424932257701,37.49932,139.925154,9,-0.102,-0.379,9.534,1.813
1424932257802,37.499319,139.925155,9,-0.199,-0.28,9.554,1.761
1424932257903,37.499317,139.925156,9,-0.391,-0.192,9.527,1.711
1424932258003,37.499316,139.925157,9,-0.531,-0.14,9.56,1.662
1424932258104,37.499315,139.925158,9,-0.61,-0.123,9.659,1.614
1424932258200,37.499314,139.925159,9,-0.566,-0.033,9.527,1.57
1424932258300,37.499313,139.925159,9,-0.493,0.043,9.504,1.526
1424932258401,37.499312,139.925161,9,-0.51,0.021,9.653,1.5
1424932258502,37.499313,139.925162,9,-0.558,0.155,9.501,1.5
1424932258603,37.499313,139.925164,9,-0.443,0.278,9.32,1.5
1424932258703,37.499314,139.925165,9,-0.339,0.323,9.368,1.5
1424932258804,37.499314,139.925167,9,-0.499,0.41,9.376,1.5
1424932258900,37.499315,139.925168,9,-0.667,0.446,9.4,1.5
1424932259000,37.499315,139.92517,9,-0.65,0.388,9.568,1.5
1424932259101,37.499316,139.925171,9,-0.699,0.355,9.636,1.5
1424932259202,37.499316,139.925173,9,-0.75,0.349,9.588,1.5
1424932259303,37.499317,139.925174,9,-0.697,0.37,9.5,1.5
1424932259403,37.499317,139.925175,7,-0.595,0.372,9.515,1.5
1424932259504,37.499318,139.925176,7,-0.634,0.422,9.546,1.5
1424932259600,37.499318,139.925177,7,-0.735,0.503,9.507,1.5
1424932259700,37.499319,139.925178,7,-0.739,0.494,9.464,1.5
1424932259801,37.49932,139.925179,7,-0.727,0.527,9.408,1.5
1424932259902,37.49932,139.92518,7,-0.641,0.674,9.351,1.5
1424932260002,37.499321,139.925181,7,-0.524,0.824,9.324,1.5
1424932260103,37.499321,139.925182,7,-0.432,0.859,9.386,1.5
1424932260204,37.499322,139.925183,7,-0.377,0.701,9.682,1.5
1424932260300,37.499323,139.925183,7,-0.577,0.625,9.788,1.5
1424932260400,37.499324,139.925185,8,-0.747,0.778,9.324,1.536
1424932260501,37.499327,139.925186,8,-0.78,0.83,9.35,1.632
1424932260602,37.499329,139.925188,8,-0.88,0.751,9.754,1.735
1424932260702,37.499332,139.92519,8,-0.826,0.905,9.48,1.845
1424932260803,37.499336,139.925191,8,-0.755,1.051,9.373,1.963
1424932260904,37.499339,139.925193,8,-0.606,1.218,9.381,2.089
1424932261004,37.499343,139.925196,8,-0.419,1.241,9.55,2.221
1424932261100,37.499346,139.925198,8,-0.331,1.056,9.729,2.354
1424932261201,37.49935,139.9252,8,-0.316,1.097,9.515,2.502
1424932261302,37.499354,139.925203,8,-0.327,1.184,9.4,2.657
1424932261402,37.499358,139.925205,8,-0.323,1.304,9.643,2.793
1424932261503,37.499361,139.925206,8,-0.358,1.257,9.511,2.9
1424932261604,37.499365,139.925208,8,-0.363,1.33,9.459,3.012
1424932261704,37.499368,139.92521,8,-0.425,1.378,9.545,3.128
1424932261800,37.499371,139.925211,8,-0.415,1.374,9.54,3.243
1424932261906,37.499375,139.925214,8,-0.16,1.374,9.48,3.375
1424932262001,37.499379,139.925215,8,-0.112,1.501,9.368,3.498
1424932262100,37.499382,139.925217,8,-0.274,1.59,9.568,3.63
1424932262203,37.499386,139.92522,8,-0.518,1.475,9.7,3.773
1424932262302,37.499391,139.925222,8,-0.599,1.42,9.555,3.915
1424932262404,37.499395,139.925224,7,-0.519,1.504,9.427,4.021
1424932262500,37.499398,139.925226,7,-0.405,1.538,9.396,4.066
1424932262601,37.499402,139.925229,7,-0.29,1.476,9.551,4.115
1424932262701,37.499405,139.925231,7,-0.172,1.483,9.508,4.164
1424932262802,37.499409,139.925234,7,-0.118,1.527,9.361,4.214
1424932262903,37.499413,139.925236,7,-0.116,1.539,9.455,4.264
1424932263004,37.499416,139.925239,7,-0.161,1.539,9.415,4.315
1424932263104,37.49942,139.925241,7,-0.249,1.51,9.517,4.366
1424932263200,37.499424,139.925244,7,-0.266,1.516,9.625,4.416
1424932263301,37.499428,139.925246,7,-0.235,1.552,9.33,4.469
1424932263401,37.499432,139.92525,10,-0.258,1.539,9.295,4.581
1424932263502,37.499437,139.925255,10,-0.262,1.477,9.663,4.789
1424932263603,37.499442,139.925261,10,-0.224,1.499,9.484,5.008
1424932263703,37.499447,139.925266,10,-0.215,1.559,9.252,5.235
1424932263804,37.499453,139.925272,10,-0.17,1.516,9.498,5.476
1424932263900,37.499459,139.925278,10,-0.161,1.415,9.655,5.715
1424932264000,37.499465,139.925285,10,-0.095,1.472,9.55,5.975
1424932264101,37.499471,139.925291,10,-0.172,1.455,9.404,6.248
1424932264202,37.499478,139.925298,10,-0.346,0.926,9.173,6.533
1424932264303,37.499485,139.925306,10,-0.358,0.397,9.384,6.828
1424932264403,37.499492,139.925311,10,-0.38,0.103,9.692,7.04
1424932264504,37.499498,139.925314,10,-0.309,0.003,9.622,7.136
1424932264600,37.499504,139.925316,10,-0.301,-0.02,9.427,7.228
1424932264700,37.499511,139.925319,10,-0.275,-0.075,9.415,7.325
1424932264801,37.499517,139.925321,10,-0.185,-0.168,9.687,7.425
1424932264902,37.499524,139.925324,10,-0.247,-0.181,9.674,7.525
1424932265003,37.499531,139.925327,10,-0.325,-0.036,9.415,7.628
1424932265103,37.499538,139.92533,10,-0.323,-0.023,9.469,7.73
1424932265204,37.499545,139.925333,10,-0.322,-0.1,9.64,7.835
1424932265300,37.499552,139.925335,10,-0.297,-0.097,9.626,7.936
1424932265400,37.499559,139.925338,6,-0.227,-0.018,9.386,7.979
1424932265501,37.499565,139.925341,6,-0.309,-0.077,9.404,7.928
1424932265602,37.499571,139.925344,6,-0.412,-0.094,9.445,7.876
1424932265702,37.499578,139.925347,6,-0.459,-0.043,9.541,7.825
1424932265803,37.499584,139.92535,6,-0.353,-0.125,9.632,7.775
1424932265904,37.49959,139.925353,6,-0.268,-0.162,9.461,7.724
1424932266000,37.499596,139.925356,6,-0.233,-0.121,9.45,7.676
1424932266100,37.499602,139.925359,6,-0.177,-0.159,9.482,7.627
1424932266201,37.499608,139.925362,6,-0.143,-0.364,9.607,7.577
1424932266302,37.499615,139.925364,6,-0.174,-0.199,9.649,7.528
1424932266402,37.499621,139.925367,9,-0.22,0.098,9.467,7.5
1424932266503,37.499629,139.925369,9,-0.172,0.07,9.357,7.5
1424932266604,37.499637,139.925372,9,-0.213,0.199,9.67,7.5
1424932266704,37.499644,139.925374,9,-0.123,0.319,9.606,7.5
1424932266800,37.499652,139.925376,9,-0.063,0.61,9.158,7.5
1424932266901,37.49966,139.925378,9,-0.19,0.598,9.165,7.5
1424932267002,37.499667,139.925381,9,-0.162,0.555,9.656,7.5
1424932267102,37.499675,139.925383,9,-0.099,0.535,9.683,7.5
1424932267203,37.499683,139.925385,9,-0.223,0.658,9.3,7.5
1424932267304,37.499691,139.925388,9,-0.105,0.597,9.234,7.5
1424932267404,37.499698,139.92539,9,-0.114,0.501,9.62,7.489
1424932267500,37.499703,139.925392,9,-0.195,0.52,9.809,7.464
1424932267601,37.499709,139.925394,9,-0.199,0.751,9.317,7.439
1424932267702,37.499715,139.925396,9,-0.236,0.718,9.167,7.414
1424932267802,37.499721,139.925397,9,-0.281,0.665,9.387,7.388
1424932267903,37.499727,139.925399,9,-0.272,0.621,9.755,7.363
1424932268004,37.499733,139.925401,9,-0.338,0.647,9.554,7.338
1424932268104,37.499739,139.925403,9,-0.4,0.634,9.314,7.313
1424932268200,37.499745,139.925405,9,-0.294,0.548,9.464,7.289
1424932268301,37.499751,139.925407,9,-0.223,0.509,9.618,7.265
1424932268401,37.499757,139.925409,10,-0.179,0.636,9.56,7.279
1424932268502,37.499765,139.925412,10,-0.079,0.756,9.143,7.352
1424932268603,37.499773,139.925414,10,-0.157,0.651,9.305,7.425
1424932268704,37.499781,139.925417,10,-0.261,0.652,9.68,7.5
1424932268804,37.499789,139.92542,10,-0.335,0.588,9.657,7.574
1424932268900,37.499796,139.925422,10,-0.362,0.507,9.663,7.646
1424932269001,37.499804,139.925425,10,-0.371,0.628,9.466,7.722
1424932269101,37.499813,139.925428,10,-0.291,0.654,9.454,7.799
1424932269202,37.499821,139.925431,10,-0.31,0.64,9.647,7.877
1424932269303,37.499829,139.925433,10,-0.194,0.701,9.671,7.955
1424932269404,37.499838,139.925437,10,-0.178,0.688,9.394,8.061
1424932269504,37.499846,139.925441,10,-0.181,0.717,9.305,8.2
1424932269600,37.499854,139.925445,10,-0.172,0.69,9.528,8.337
1424932269701,37.499863,139.925449,10,-0.2,0.643,9.59,8.483
1424932269801,37.499872,139.925453,10,-0.228,0.624,9.542,8.63
1424932269902,37.499881,139.925458,10,-0.333,0.615,9.451,8.781
1424932270003,37.49989,139.925462,10,-0.221,0.561,9.691,8.935
1424932270103,37.499899,139.925467,10,-0.238,0.554,9.785,9.09
1424932270204,37.499909,139.925472,10,-0.211,0.653,9.5,9.249
1424932270300,37.499918,139.925476,10,-0.219,0.823,9.075,9.403
1424932270400,37.499927,139.925482,10,-0.191,0.704,9.482,9.51
1424932270501,37.499935,139.925488,10,-0.066,0.649,9.776,9.535
1424932270602,37.499943,139.925495,10,-0.018,0.637,9.238,9.56
1424932270703,37.499951,139.925501,10,-0.145,0.64,9.092,9.585
1424932270803,37.499959,139.925508,10,-0.239,0.642,9.606,9.61
1424932270904,37.499967,139.925514,10,-0.557,0.714,9.488,9.635
1424932271000,37.499974,139.92552,10,-0.576,0.56,9.459,9.659
1424932271100,37.499982,139.925527,10,-0.554,0.4,9.664,9.684
1424932271201,37.49999,139.925534,10,-0.52,0.41,9.512,9.71
1424932271302,37.499998,139.92554,10,-0.499,0.499,9.306,9.735
1424932271402,37.500007,139.925546,10,-0.381,0.548,9.547,9.77
1424932271503,37.500016,139.92555,10,-0.163,0.486,10.109,9.82
1424932271604,37.500025,139.925554,10,-0.018,0.361,9.652,9.87
1424932271700,37.500033,139.925558,10,0.119,0.46,9.299,9.917
1424932271800,37.500042,139.925562,10,0.202,0.667,9.151,9.967
1424932271901,37.500051,139.925566,10,0.268,0.935,9.046,10.017
1424932272002,37.50006,139.92557,10,0.205,0.831,9.506,10.068
1424932272102,37.500069,139.925574,10,0.015,0.576,9.512,10.119
1424932272203,37.500079,139.925578,10,-0.037,0.459,9.557,10.17
1424932272304,37.500088,139.925583,10,-0.154,0.337,9.609,10.221
1424932272400,37.500096,139.925587,6,0.088,0.621,9.25,10.27
1424932272500,37.500105,139.925591,6,0.086,0.643,9.444,10.319
1424932272601,37.500114,139.925595,6,-0.092,0.508,10.341,10.368
1424932272702,37.500123,139.925599,6,-0.277,0.482,9.928,10.418
1424932272802,37.500132,139.925603,6,-0.144,0.689,9.288,10.468
1424932272903,37.500141,139.925607,6,-0.005,0.918,9.166,10.519
1424932273004,37.50015,139.925611,6,-0.08,0.752,9.416,10.569
1424932273104,37.500159,139.925615,6,-0.199,0.562,9.662,10.62
1424932273200,37.500167,139.925619,6,-0.112,0.329,9.869,10.668
1424932273301,37.500177,139.925624,6,-0.013,0.359,9.533,10.72
1424932273402,37.500186,139.925628,6,0.008,0.522,9.237,10.771
1424932273502,37.500196,139.925631,6,-0.03,0.662,9.555,10.82
1424932273603,37.500205,139.925635,6,0.007,0.597,9.651,10.869
1424932273704,37.500215,139.925639,6,0.013,0.49,9.438,10.919
1424932273804,37.500225,139.925643,6,-0.064,0.463,9.247,10.969
1424932273900,37.500234,139.925647,6,-0.009,0.448,9.472,11.017
1424932274001,37.500244,139.925651,6,0.065,0.364,9.474,11.068
1424932274102,37.500254,139.925655,6,-0.042,0.401,9.514,11.119
1424932274202,37.500263,139.925659,6,-0.097,0.414,9.462,11.169
1424932274303,37.500273,139.925663,6,-0.026,0.444,9.442,11.221
1424932274404,37.500283,139.925667,6,-0.03,0.426,9.558,11.261
1424932274504,37.500293,139.925671,6,-0.116,0.444,9.522,11.286
1424932274600,37.500303,139.925675,6,-0.136,0.481,9.402,11.309
1424932274701,37.500313,139.925679,6,-0.081,0.529,9.457,11.335
1424932274801,37.500323,139.925683,6,-0.023,0.478,9.558,11.36
1424932274902,37.500333,139.925687,6,-0.161,0.323,9.959,11.385
1424932275003,37.500343,139.925691,6,-0.21,0.299,9.747,11.41
1424932275104,37.500353,139.925695,6,-0.262,0.505,9.329,11.435
1424932275204,37.500363,139.9257,6,-0.137,0.618,9.355,11.461
1424932275300,37.500373,139.925704,6,-0.178,0.669,9.309,11.485
1424932275401,37.500382,139.925708,6,-0.046,0.195,9.614,11.49
1424932275501,37.500391,139.925712,6,0.02,-0.01,9.832,11.464
1424932275602,37.5004,139.925716,6,0.217,0.039,9.326,11.439
1424932275703,37.500408,139.925719,6,0.267,0.103,9.306,11.414
1424932275803,37.500416,139.925723,6,0.254,0.094,9.532,11.389
1424932275904,37.500425,139.925727,6,0.205,-0.117,9.462,11.363
1424932276005,37.500433,139.925731,6,0.086,-0.291,9.298,11.338
1424932276101,37.500441,139.925735,6,-0.167,-0.321,9.581,11.314
1424932276200,37.50045,139.925739,6,-0.296,-0.367,9.644,11.29
1424932276302,37.500458,139.925743,6,-0.477,-0.442,9.883,11.264
1424932276401,37.500467,139.925747,7,-0.506,-0.397,9.67,11.24
1424932276503,37.500478,139.925751,7,-0.287,-0.265,9.439,11.214
1424932276602,37.500489,139.925755,7,-0.242,-0.19,9.654,11.189
1424932276700,37.5005,139.925758,7,-0.053,-0.125,9.285,11.164
1424932276800,37.50051,139.925762,7,0.073,-0.202,9.172,11.139
1424932276901,37.500521,139.925766,7,0.302,-0.416,9.301,11.114
1424932277002,37.500532,139.92577,7,0.185,-0.446,9.672,11.089
1424932277103,37.500543,139.925774,7,0.133,-0.564,9.817,11.064
1424932277203,37.500553,139.925778,7,-0.078,-0.556,9.894,11.039
1424932277304,37.500564,139.925782,7,-0.297,-0.398,9.595,11.014
1424932277400,37.500573,139.925786,7,-0.536,-0.065,9.441,10.99
1424932277500,37.500581,139.925791,7,-0.722,-0.034,9.548,10.965
1424932277601,37.50059,139.925797,7,-0.784,-0.179,9.804,10.939
1424932277702,37.500598,139.925802,7,-0.598,-0.23,9.315,10.914
1424932277803,37.500606,139.925808,7,-0.479,-0.27,9.079,10.889
1424932277903,37.500614,139.925813,7,-0.069,-0.262,9.299,10.864
1424932278004,37.500622,139.925818,7,0.313,-0.331,9.455,10.838
1424932278100,37.50063,139.925823,7,0.593,-0.44,9.441,10.814
1424932278200,37.500638,139.925829,7,0.457,-0.281,8.952,10.79
1424932278301,37.500646,139.925834,7,0.35,-0.235,9.113,10.765
1424932278402,37.500655,139.92584,7,0.113,-0.255,9.254,10.729
1424932278502,37.500663,139.925846,7,0.068,-0.472,9.855,10.678
1424932278603,37.500672,139.925852,7,-0.052,-0.623,9.897,10.626
1424932278704,37.50068,139.925858,7,-0.448,-0.38,9.208,10.575
1424932278800,37.500688,139.925864,7,-0.546,-0.137,9.2,10.527
1424932278900,37.500696,139.92587,7,-0.587,-0.162,9.802,10.477
1424932279001,37.500705,139.925876,7,-0.21,-0.312,9.556,10.427
1424932279102,37.500713,139.925883,7,-0.073,-0.578,9.87,10.377
1424932279202,37.500721,139.925889,7,-0.005,-0.437,9.48,10.327
1424932279303,37.500729,139.925895,7,0.255,-0.214,9.473,10.278
1424932279400,37.500737,139.925899,7,0.567,-0.311,9.652,10.24
1424932279504,37.500745,139.925903,7,0.713,-0.268,10.1,10.214
1424932279600,37.500753,139.925907,7,0.38,-0.297,9.688,10.189
1424932279701,37.500761,139.92591,7,0.204,-0.225,9.436,10.164
1424932279802,37.500769,139.925914,7,0.074,-0.32,9.963,10.139
1424932279902,37.500777,139.925918,7,-0.123,-0.284,9.965,10.114
1424932280003,37.500784,139.925921,7,-0.151,0.163,9.09,10.089
1424932280104,37.500792,139.925925,7,-0.299,0.116,8.883,10.063
1424932280204,37.5008,139.925928,7,-0.304,-0.101,9.689,10.039
1424932280300,37.500807,139.925932,7,-0.275,-0.429,10.251,10.015
1424932280401,37.500816,139.925936,7,-0.1,-0.488,9.793,9.99
1424932280501,37.500825,139.925942,7,0.277,-0.283,9.085,9.964
1424932280602,37.500834,139.925947,7,0.356,0.088,8.726,9.939
1424932280703,37.500843,139.925952,7,0.381,0.032,9.773,9.914
1424932280804,37.500852,139.925958,7,0.225,-0.325,10.326,9.888
1424932280904,37.500861,139.925963,7,0.056,-0.258,9.605,9.863
1424932281000,37.500869,139.925968,7,-0.147,-0.095,8.772,9.839
1424932281101,37.500878,139.925973,7,-0.515,0.147,8.816,9.814
1424932281201,37.500887,139.925979,7,-0.478,0.217,9.481,9.789
1424932281302,37.500896,139.925984,7,-0.807,-0.155,10.163,9.764
1424932281403,37.500905,139.925989,7,-0.85,-0.612,10.358,9.728
1424932281504,37.500914,139.925994,7,-0.99,-0.2,8.928,9.676
1424932281604,37.500922,139.925998,7,-0.986,-0.087,9.014,9.626
1424932281700,37.50093,139.926003,7,-0.656,-0.054,9.939,9.577
1424932281801,37.500939,139.926008,7,-0.381,-0.003,10.047,9.526
1424932281901,37.500948,139.926012,7,-0.236,-0.104,9.162,9.476
1424932282002,37.500956,139.926017,7,-0.194,-0.183,9.153,9.426
1424932282103,37.500965,139.926021,7,-0.107,-0.194,9.734,9.376
1424932282203,37.500973,139.926026,7,0.126,-0.105,9.613,9.327
1424932282300,37.500981,139.92603,7,0.03,-0.036,8.761,9.279
1424932282400,37.500989,139.926035,7,-0.281,-0.179,9.253,9.229
1424932282501,37.500997,139.926039,7,-0.406,-0.354,10.073,9.178
1424932282601,37.501005,139.926043,7,-0.377,-0.335,9.968,9.127
1424932282702,37.501014,139.926047,7,-0.299,-0.229,9.407,9.076
1424932282803,37.501022,139.926051,7,-0.153,-0.243,9.773,9.025
1424932282903,37.501029,139.926054,7,-0.271,0.432,9.59,8.975
1424932283004,37.501037,139.926058,7,-0.162,0.544,9.421,8.925
1424932283100,37.501045,139.926062,7,-0.137,0.48,9.386,8.877
1424932283201,37.501053,139.926066,7,-0.085,0.346,9.673,8.828
1424932283301,37.50106,139.92607,7,-0.131,0.39,9.431,8.779
1424932283402,37.501068,139.926073,5,-0.107,0.497,9.262,8.77
1424932283503,37.501076,139.926075,5,-0.128,0.454,9.608,8.82
1424932283603,37.501084,139.926078,5,-0.091,0.527,9.685,8.869
1424932283704,37.501092,139.92608,5,-0.23,0.448,9.603,8.919
1424932283800,37.5011,139.926083,5,-0.237,0.505,9.294,8.967
1424932283900,37.501108,139.926085,5,-0.268,0.558,9.394,9.017
1424932284001,37.501116,139.926088,5,-0.147,0.542,9.556,9.067
1424932284102,37.501125,139.92609,5,-0.086,0.382,9.551,9.118
1424932284203,37.501133,139.926093,5,-0.185,0.228,9.648,9.17
1424932284303,37.501141,139.926096,5,-0.221,0.205,9.51,9.221
1424932284404,37.50115,139.926099,7,-0.289,0.317,9.166,9.261
1424932284500,37.501158,139.926103,7,-0.195,0.108,9.917,9.285
1424932284600,37.501167,139.926107,7,-0.367,-0.058,9.994,9.309
1424932284701,37.501176,139.926112,7,-0.269,0.044,9.32,9.335
1424932284802,37.501185,139.926116,7,-0.227,-0.089,9.391,9.36
1424932284903,37.501195,139.92612,7,-0.085,0.082,9.33,9.385
1424932285003,37.501204,139.926125,7,0.073,-0.312,10.09,9.41
1424932285104,37.501213,139.926129,7,0.133,-0.317,9.809,9.435
1424932285200,37.501221,139.926133,7,-0.193,-0.132,9.057,9.46
1424932285300,37.501231,139.926137,7,-0.333,0.208,8.178,9.485
1424932285401,37.501239,139.926141,7,-0.396,-0.252,9.707,9.49
1424932285502,37.501247,139.926144,7,-0.359,-0.665,11.088,9.464
1424932285602,37.501255,139.926147,7,-0.387,-0.456,9.66,9.439
1424932285703,37.501263,139.92615,7,-0.625,-0.252,8.381,9.413
1424932285804,37.50127,139.926153,7,-0.744,0.039,9.156,9.388
1424932285904,37.501278,139.926155,7,-0.512,0.304,9.876,9.363
1424932286000,37.501286,139.926158,7,-0.221,0.095,9.855,9.339
1424932286101,37.501293,139.926161,7,0.197,-0.161,9.249,9.314
1424932286202,37.501301,139.926164,7,0.092,-0.027,8.936,9.289
1424932286302,37.501309,139.926166,7,0.048,-0.081,9.697,9.264
1424932286403,37.501316,139.926169,8,-0.124,0.047,9.961,9.239
1424932286504,37.501323,139.92617,8,-0.064,0.317,9.696,9.214
1424932286604,37.501331,139.926171,8,-0.22,0.267,9.115,9.188
1424932286700,37.501338,139.926173,8,-0.292,0.309,9.244,9.164
1424932286801,37.501345,139.926174,8,-0.218,0.337,9.713,9.139
1424932286901,37.501352,139.926176,8,-0.559,0.281,9.945,9.114
1424932287002,37.501359,139.926177,8,-0.736,0.321,9.825,9.089
1424932287103,37.501367,139.926178,8,-0.556,0.344,9.326,9.064
1424932287204,37.501374,139.92618,8,-0.292,0.531,8.802,9.039
1424932287304,37.501381,139.926181,8,-0.087,0.293,9.669,9.014
1424932287400,37.501389,139.926183,8,-0.304,0.122,10.071,9.01
1424932287501,37.501398,139.926186,8,-0.626,0.245,9.494,9.035
1424932287601,37.501407,139.926189,8,-0.476,0.206,8.768,9.06
1424932287702,37.501417,139.926192,8,-0.174,0.279,8.993,9.085
1424932287803,37.501426,139.926195,8,-0.178,0.134,9.846,9.11
1424932287904,37.501435,139.926198,8,-0.462,-0.059,9.83,9.135
1424932288004,37.501445,139.926201,8,-0.766,0.026,9.325,9.16
1424932288100,37.501454,139.926203,8,-0.635,-0.05,9.213,9.184
1424932288200,37.501463,139.926206,8,-0.435,0.04,9.365,9.21
1424932288301,37.501472,139.926209,8,-0.381,0.106,9.641,9.235
1424932288402,37.501482,139.926213,6,-0.364,-0.022,9.607,9.27
1424932288503,37.50149,139.926217,6,-0.214,-0.151,9.486,9.32
1424932288603,37.501498,139.926221,6,0.088,-0.075,9.373,9.369
1424932288704,37.501507,139.926225,6,0.16,0.059,9.08,9.419
1424932288800,37.501515,139.926229,6,0.143,0.062,9.25,9.467
1424932288901,37.501524,139.926233,6,0.153,-0.059,9.887,9.517
1424932289001,37.501533,139.926238,6,-0.157,-0.15,9.638,9.567
1424932289102,37.501541,139.926242,6,-0.353,-0.052,9.168,9.618
1424932289203,37.50155,139.926246,6,-0.443,-0.035,9.301,9.67
1424932289303,37.501559,139.926251,6,-0.35,0.077,9.423,9.721
1424932289404,37.501567,139.926253,9,-0.462,-0.011,9.567,9.716
1424932289500,37.501575,139.926254,9,-0.709,-0.179,9.801,9.641
1424932289601,37.501582,139.926254,9,-0.722,-0.313,9.796,9.564
1424932289701,37.50159,139.926255,9,-0.592,-0.264,9.547,9.488
1424932289802,37.501597,139.926256,9,-0.386,-0.162,9.352,9.411
1424932289903,37.501604,139.926256,9,-0.249,-0.136,9.424,9.335
1424932290003,37.501612,139.926257,9,-0.294,-0.073,9.388,9.261
1424932290104,37.501619,139.926258,9,-0.274,-0.126,9.211,9.186
1424932290200,37.501626,139.926258,9,-0.277,-0.106,9.008,9.116
1424932290305,37.501633,139.926259,9,-0.339,-0.525,9.932,9.04
1424932290401,37.50164,139.92626,9,-0.334,-0.809,10.489,8.979
1424932290500,37.501647,139.926261,9,-0.37,-0.519,9.674,8.928
1424932290603,37.501654,139.926263,9,-0.248,-0.238,8.538,8.876
1424932290702,37.50166,139.926264,9,-0.002,-0.017,8.786,8.826
1424932290804,37.501667,139.926266,9,-0.096,0.028,9.897,8.774
1424932290900,37.501674,139.926267,9,0.003,-0.274,10.322,8.726
1424932291000,37.50168,139.926269,9,0.056,-0.494,9.498,8.677
1424932291102,37.501687,139.92627,9,0.114,-0.405,8.875,8.626
1424932291202,37.501694,139.926272,9,0.256,-0.324,9.093,8.577
1424932291302,37.5017,139.926273,9,0.354,-0.236,9.972,8.528
1424932291403,37.501707,139.926275,9,0.134,-0.348,10.021,8.5
1424932291505,37.501714,139.926278,9,0.027,-0.306,9.323,8.5
1424932291600,37.501721,139.926281,9,0.021,-0.317,9.117,8.5
1424932291700,37.501727,139.926284,9,0.069,-0.256,9.444,8.5
1424932291801,37.501734,139.926287,9,0.185,-0.226,9.826,8.5
1424932291902,37.501741,139.92629,9,0.214,-0.239,9.582,8.5
1424932292002,37.501748,139.926293,9,0.213,-0.345,9.509,8.5
1424932292103,37.501755,139.926296,9,0.222,-0.406,9.588,8.5
1424932292204,37.501762,139.926298,9,0.274,-0.304,9.493,8.5
1424932292304,37.501769,139.926301,9,0.404,-0.223,9.43,8.5
1424932292400,37.501776,139.926303,10,0.411,-0.241,9.464,8.479
1424932292501,37.501785,139.926303,10,0.241,-0.275,9.515,8.428
1424932292602,37.501794,139.926304,10,0.109,-0.228,9.385,8.376
1424932292702,37.501802,139.926304,10,0.014,-0.332,9.496,8.326
1424932292803,37.50181,139.926304,10,-0.117,-0.554,9.551,8.275
1424932292904,37.501819,139.926305,10,-0.184,-0.636,9.522,8.224
1424932293004,37.501827,139.926305,10,-0.261,-0.59,9.557,8.175
1424932293100,37.501835,139.926305,10,-0.294,-0.436,9.452,8.127
1424932293201,37.501843,139.926306,10,-0.245,-0.139,9.071,8.077
1424932293302,37.501851,139.926306,10,-0.291,-0.006,8.964,8.028
1424932293402,37.501859,139.926308,10,-0.093,-0.372,9.899,8.0
1424932293503,37.501866,139.926312,10,0.013,-0.774,10.431,8.0
1424932293604,37.501874,139.926316,10,0.389,-0.835,10.06,8.0
1424932293704,37.501881,139.926319,10,0.428,-0.693,9.083,8.0
1424932293800,37.501888,139.926323,10,0.36,-0.568,9.141,8.0
1424932293901,37.501895,139.926327,10,0.397,-0.398,9.554,8.0
1424932294001,37.501902,139.926331,10,0.332,-0.281,9.758,8.0
1424932294102,37.501909,139.926335,10,0.313,-0.499,9.599,8.0
1424932294203,37.501917,139.926339,10,0.331,-0.777,9.407,8.0
1424932294303,37.501924,139.926343,10,0.18,-0.859,9.319,8.0
1424932294404,37.501931,139.926346,9,0.102,-0.816,9.547,7.977
1424932294500,37.501937,139.926347,9,-0.12,-0.808,9.587,7.928
1424932294601,37.501943,139.926349,9,-0.215,-0.772,9.507,7.877
1424932294701,37.50195,139.926351,9,-0.214,-0.8,9.585,7.826
1424932294802,37.501956,139.926352,9,-0.221,-0.825,9.564,7.775
1424932294903,37.501962,139.926354,9,-0.081,-0.803,9.473,7.724
1424932295003,37.501968,139.926355,9,0.044,-0.839,9.69,7.675
1424932295104,37.501975,139.926357,9,0.053,-0.832,9.615,7.625
1424932295200,37.50198,139.926359,9,-0.005,-0.789,9.469,7.578
1424932295301,37.501986,139.92636,9,-0.098,-0.737,9.265,7.529
1424932295401,37.501993,139.926361,9,-0.119,-0.71,9.297,7.444
1424932295502,37.502,139.926363,9,-0.11,-0.76,9.566,7.309
1424932295603,37.502007,139.926364,9,-0.006,-0.886,9.86,7.175
1424932295703,37.502014,139.926365,9,0.121,-0.995,9.619,7.046
1424932295804,37.502021,139.926366,9,0.112,-0.889,9.278,6.917
1424932295900,37.502027,139.926367,9,-0.032,-1.001,9.482,6.797
1424932296000,37.502034,139.926368,9,-0.114,-0.974,9.527,6.674
1424932296101,37.50204,139.926369,9,-0.217,-0.883,9.465,6.552
1424932296202,37.502046,139.92637,9,-0.232,-0.768,9.565,6.432
1424932296303,37.502053,139.926371,9,-0.132,-0.734,9.472,6.315
1424932296403,37.502057,139.926372,10,0.022,-0.86,9.476,6.228
1424932296504,37.50206,139.926374,10,0.158,-0.917,9.56,6.175
1424932296600,37.502063,139.926375,10,0.269,-0.962,9.694,6.126
1424932296700,37.502066,139.926376,10,0.251,-0.935,9.577,6.075
1424932296801,37.502069,139.926377,10,0.175,-0.795,9.342,6.024
1424932296902,37.502071,139.926378,10,0.098,-0.852,9.503,5.974
1424932297003,37.502074,139.926379,10,-0.105,-0.906,9.711,5.924
1424932297103,37.502077,139.92638,10,-0.112,-0.685,9.344,5.875
1424932297204,37.50208,139.926381,10,-0.034,-0.644,9.326,5.825
1424932297300,37.502082,139.926382,10,0.055,-0.753,9.713,5.779
1424932297400,37.502086,139.926383,10,0.096,-0.788,9.58,5.706
1424932297501,37.502092,139.926384,10,0.221,-0.823,9.484,5.597
1424932297602,37.502097,139.926385,10,0.169,-0.856,9.565,5.491
1424932297702,37.502102,139.926386,10,0.112,-0.816,9.631,5.387
1424932297803,37.502107,139.926387,10,-0.022,-0.876,9.518,5.283
1424932297904,37.502112,139.926388,10,-0.092,-0.857,9.391,5.182
1424932298004,37.502117,139.926388,10,0.013,-0.858,9.623,5.084
1424932298100,37.502122,139.926389,10,-0.047,-0.747,9.556,4.992
1424932298201,37.502127,139.92639,10,-0.092,-0.877,9.461,4.896
1424932298302,37.502131,139.926391,10,-0.092,-0.885,9.572,4.803
1424932298402,37.502136,139.926391,8,-0.074,-0.828,9.499,4.716
1424932298503,37.502139,139.926392,8,-0.04,-0.889,9.523,4.635
1424932298604,37.502143,139.926393,8,0.013,-0.939,9.55,4.555
1424932298704,37.502146,139.926394,8,0.08,-0.965,9.558,4.477
1424932298800,37.50215,139.926394,8,0.061,-0.939,9.523,4.404
1424932298901,37.502153,139.926395,8,0.016,-0.876,9.386,4.328
1424932299002,37.502156,139.926396,8,-0.012,-0.927,9.439,4.254
1424932299102,37.50216,139.926396,8,-0.028,-0.964,9.595,4.181
1424932299203,37.502163,139.926397,8,-0.01,-0.998,9.633,4.109
1424932299304,37.502166,139.926398,8,0.017,-1.059,9.523,4.039
1424932299404,37.502169,139.926398,7,-0.007,-1.006,9.456,3.935
1424932299500,37.502172,139.926399,7,-0.028,-1.012,9.554,3.797
1424932299601,37.502175,139.9264,7,-0.05,-1.052,9.662,3.656
1424932299702,37.502177,139.926401,7,-0.042,-1.015,9.508,3.52
1424932299802,37.50218,139.926402,7,-0.049,-1.012,9.455,3.39
1424932299903,37.502182,139.926403,7,-0.026,-1.057,9.613,3.264
1424932300004,37.502184,139.926403,7,-0.015,-1.039,9.51,3.142
1424932300104,37.502187,139.926404,7,0.006,-1.025,9.574,3.026
1424932300200,37.502189,139.926405,7,0.032,-0.882,9.455,2.919
1424932300301,37.502191,139.926406,7,-0.02,-0.816,9.489,2.811
1424932300401,37.502192,139.926407,7,-0.075,-0.791,9.599,2.715
1424932300502,37.502194,139.92641,7,-0.018,-0.742,9.565,2.629
1424932300603,37.502195,139.926413,7,-0.021,-0.752,9.525,2.546
1424932300703,37.502196,139.926415,7,-0.115,-0.756,9.577,2.466
1424932300804,37.502197,139.926418,7,-0.102,-0.719,9.523,2.388
1424932300900,37.502198,139.92642,7,-0.103,-0.647,9.418,2.316
1424932301001,37.502199,139.926422,7,-0.087,-0.693,9.537,2.242
1424932301101,37.5022,139.926425,7,-0.079,-0.718,9.56,2.172
1424932301202,37.502201,139.926427,7,-0.088,-0.674,9.413,2.103
1424932301303,37.502202,139.926429,7,-0.13,-0.623,9.436,2.036
1424932301403,37.502203,139.926431,7,-0.139,-0.683,9.621,1.989
1424932301504,37.502204,139.926432,7,-0.047,-0.772,9.635,1.962
1424932301600,37.502206,139.926434,7,-0.067,-0.671,9.375,1.937
1424932301701,37.502207,139.926435,7,-0.13,-0.521,9.449,1.911
1424932301801,37.502209,139.926437,7,-0.192,-0.464,9.624,1.886
1424932301902,37.50221,139.926438,7,-0.165,-0.448,9.54,1.86
1424932302003,37.502212,139.92644,7,-0.122,-0.404,9.502,1.835
1424932302103,37.502213,139.926441,7,-0.106,-0.425,9.587,1.811
1424932302204,37.502215,139.926443,7,-0.142,-0.388,9.502,1.787
1424932302300,37.502216,139.926444,7,-0.141,-0.3,9.491,1.764
1424932302400,37.502217,139.926445,6,-0.038,-0.288,9.498,1.739
1424932302501,37.502219,139.926447,6,0.056,-0.353,9.583,1.712
1424932302602,37.50222,139.926448,6,-0.002,-0.404,9.562,1.686
1424932302703,37.502221,139.926449,6,-0.144,-0.364,9.47,1.66
1424932302803,37.502222,139.92645,6,-0.24,-0.314,9.454,1.635
1424932302904,37.502223,139.926451,6,-0.209,-0.364,9.513,1.609
1424932303000,37.502224,139.926452,6,-0.134,-0.429,9.637,1.586
1424932303100,37.502225,139.926453,6,-0.077,-0.394,9.603,1.561
1424932303201,37.502226,139.926454,6,-0.076,-0.213,9.366,1.537
1424932303302,37.502227,139.926455,6,-0.094,-0.147,9.263,1.513
1424932303402,37.502229,139.926456,6,-0.1,-0.246,9.494,1.489
1424932303503,37.50223,139.926456,6,-0.074,-0.335,9.713,1.461
1424932303604,37.502231,139.926456,6,-0.047,-0.312,9.613,1.435
1424932303700,37.502233,139.926456,6,-0.042,-0.323,9.506,1.41
1424932303800,37.502234,139.926456,6,-0.034,-0.352,9.545,1.384
1424932303901,37.502235,139.926456,6,-0.059,-0.333,9.503,1.359
1424932304002,37.502237,139.926456,6,-0.091,-0.287,9.43,1.334
1424932304102,37.502238,139.926456,6,-0.076,-0.314,9.46,1.31
1424932304203,37.502239,139.926456,6,-0.1,-0.361,9.572,1.286
1424932304304,37.50224,139.926456,6,-0.171,-0.341,9.605,1.263
1424932304405,37.502241,139.926456,6,-0.188,-0.311,9.546,1.238
1424932304500,37.502242,139.926456,6,-0.157,-0.322,9.532,1.212
1424932304606,37.502243,139.926456,6,-0.105,-0.33,9.528,1.183
1424932304702,37.502244,139.926456,6,-0.09,-0.266,9.524,1.158
1424932304801,37.502245,139.926456,6,-0.117,-0.199,9.477,1.133
1424932304903,37.502246,139.926456,6,-0.097,-0.2,9.489,1.107
1424932305002,37.502247,139.926456,6,-0.05,-0.24,9.55,1.083
1424932305104,37.502248,139.926456,6,-0.038,-0.24,9.5,1.059
1424932305200,37.502249,139.926456,6,-0.078,-0.224,9.462,1.036
1424932305301,37.50225,139.926456,6,-0.121,-0.213,9.53,1.013
1424932305402,37.50225,139.926456,6,-0.125,-0.224,9.494,0.988
1424932305502,37.502252,139.926456,6,-0.1,-0.227,9.451,0.96
1424932305603,37.502253,139.926455,6,-0.084,-0.204,9.515,0.933
1424932305704,37.502254,139.926455,6,-0.081,-0.215,9.531,0.906
1424932305804,37.502255,139.926455,6,-0.063,-0.219,9.52,0.88
1424932305900,37.502256,139.926455,6,-0.035,-0.254,9.527,0.856
1424932306001,37.502257,139.926455,6,-0.005,-0.292,9.56,0.832
1424932306102,37.502258,139.926454,6,-0.043,-0.282,9.517,0.808
1424932306202,37.502259,139.926454,6,-0.126,-0.256,9.468,0.785
1424932306303,37.50226,139.926454,6,-0.186,-0.22,9.494,0.762
1424932306404,37.50226,139.926454,6,-0.196,-0.241,9.528,0.75
1424932306504,37.502261,139.926454,6,-0.148,-0.259,9.555,0.75
1424932306600,37.502261,139.926454,6,-0.091,-0.279,9.536,0.75
1424932306701,37.502261,139.926454,6,-0.03,-0.295,9.527,0.75
1424932306801,37.502262,139.926454,6,0.027,-0.31,9.518,0.75
1424932306902,37.502262,139.926455,6,0.027,-0.321,9.499,0.75
1424932307003,37.502263,139.926455,6,-0.02,-0.291,9.508,0.75
1424932307104,37.502263,139.926455,6,-0.102,-0.251,9.542,0.75
1424932307204,37.502263,139.926455,6,-0.187,-0.202,9.533,0.75
1424932307300,37.502264,139.926455,6,-0.227,-0.157,9.519,0.75
1424932307401,37.502264,139.926455,7,-0.229,-0.17,9.515,0.738
1424932307501,37.502265,139.926454,7,-0.172,-0.211,9.514,0.709
1424932307602,37.502265,139.926454,7,-0.101,-0.244,9.52,0.68
1424932307703,37.502266,139.926453,7,-0.046,-0.244,9.522,0.653
1424932307803,37.502266,139.926453,7,-0.007,-0.239,9.523,0.627
1424932307904,37.502267,139.926453,7,0.015,-0.264,9.501,0.602
1424932308000,37.502267,139.926452,7,0.008,-0.289,9.507,0.578
1424932308101,37.502268,139.926452,7,-0.031,-0.307,9.512,0.555
1424932308201,37.502268,139.926452,7,-0.084,-0.318,9.514,0.533
1424932308302,37.502269,139.926451,7,-0.111,-0.339,9.516,0.512
1424932308403,37.502269,139.926451,7,-0.092,-0.349,9.522,0.5
1424932308503,37.502269,139.926451,7,-0.06,-0.36,9.532,0.5
1424932308604,37.502269,139.926451,7,-0.045,-0.365,9.532,0.5
1424932308700,37.502269,139.926451,7,-0.055,-0.368,9.523,0.5
1424932308800,37.502269,139.926451,7,-0.071,-0.371,9.518,0.5
1424932308901,37.50227,139.926451,7,-0.089,-0.364,9.525,0.5
1424932309002,37.50227,139.926451,7,-0.107,-0.359,9.529,0.5
1424932309103,37.50227,139.926451,7,-0.11,-0.357,9.505,0.5
1424932309203,37.50227,139.926451,7,-0.096,-0.356,9.503,0.5
1424932309304,37.50227,139.926451,7,-0.076,-0.352,9.507,0.5
1424932309400,37.50227,139.92645,6,-0.066,-0.354,9.497,0.461
1424932309500,37.502269,139.926448,6,-0.072,-0.355,9.503,0.37
1424932309601,37.502269,139.926447,6,-0.082,-0.354,9.506,0.288
1424932309702,37.502268,139.926445,6,-0.092,-0.349,9.495,0.216
1424932309803,37.502268,139.926444,6,-0.096,-0.285,9.527,0.155
1424932309903,37.502268,139.926443,6,-0.091,-0.17,9.548,0.104
1424932310004,37.502267,139.926442,6,-0.077,-0.067,9.511,0.063
1424932310100,37.502267,139.926442,6,-0.061,-0.018,9.517,0.034
1424932310200,37.502267,139.926441,6,-0.054,-0.05,9.525,0.013
1424932310301,37.502267,139.926441,6,-0.06,-0.098,9.534,0.002
1424932331500,37.502286,139.926428,8,-0.058,0.912,9.484,0.005
1424932331601,37.502286,139.926428,8,-0.069,0.991,9.489,0.015
1424932331702,37.502286,139.926428,8,-0.058,1.08,9.474,0.029
1424932331802,37.502287,139.926428,8,-0.022,1.164,9.439,0.049
1424932331903,37.502287,139.926428,8,0.048,1.247,9.372,0.074
1424932332004,37.502287,139.926428,8,-0.018,1.358,9.341,0.104
1424932332104,37.502288,139.926429,8,-0.099,1.29,9.519,0.138
1424932332200,37.502288,139.926429,8,-0.058,1.156,9.761,0.176
1424932332301,37.502289,139.926429,8,0.005,1.122,9.662,0.221
1424932332401,37.502289,139.926429,8,0.022,1.189,9.469,0.257
1424932332502,37.50229,139.926429,8,0.01,1.282,9.399,0.275
1424932332603,37.50229,139.92643,8,0.039,1.353,9.323,0.295
1424932332704,37.502291,139.92643,8,0.041,1.322,9.515,0.317
1424932332804,37.502292,139.92643,8,-0.097,1.339,9.482,0.34
1424932332900,37.502292,139.92643,8,-0.197,1.339,9.387,0.364
1424932333006,37.502293,139.926431,8,-0.101,1.35,9.384,0.392
1424932333101,37.502294,139.926431,8,0.03,1.269,9.537,0.419
1424932333200,37.502295,139.926431,8,0.103,1.242,9.522,0.449
1424932333303,37.502295,139.926432,8,0.144,1.106,9.49,0.481
1424932333402,37.502296,139.926432,8,0.168,1.045,9.607,0.519
1424932333504,37.502297,139.926432,8,0.082,1.12,9.593,0.568
1424932333600,37.502299,139.926433,8,0.054,1.2,9.504,0.621
1424932333701,37.5023,139.926433,8,-0.059,1.198,9.339,0.684
1424932333801,37.502301,139.926434,8,-0.038,1.28,9.518,0.752
1424932333902,37.502303,139.926434,8,-0.019,1.425,9.618,0.827
1424932334003,37.502305,139.926435,8,0.102,1.292,9.531,0.908
1424932334103,37.502307,139.926435,8,0.082,1.184,9.51,0.996
1424932334204,37.502309,139.926436,8,0.054,1.145,9.459,1.091
1424932334300,37.502311,139.926437,8,0.08,1.158,9.457,1.187
1424932334400,37.502313,139.926437,7,0.0,1.229,9.385,1.299
1424932334501,37.502315,139.926439,7,-0.089,0.98,9.605,1.438
1424932334602,37.502318,139.92644,7,-0.139,0.424,9.708,1.599
1424932334703,37.502321,139.926442,7,-0.164,0.12,9.551,1.782
1424932334803,37.502325,139.926444,7,-0.148,0.056,9.424,1.984
1424932334904,37.502329,139.926446,7,-0.084,0.055,9.525,2.21
1424932335000,37.502333,139.926448,7,-0.083,0.145,9.353,2.444
1424932335100,37.502338,139.926451,7,-0.046,0.042,9.51,2.71
1424932335201,37.502343,139.926453,7,-0.015,-0.105,9.667,3.0
1424932335302,37.502349,139.926456,7,0.019,-0.121,9.537,3.311
1424932335403,37.502354,139.926459,7,-0.019,0.027,9.361,3.52
1424932335503,37.502357,139.926461,7,-0.098,0.037,9.426,3.567
1424932335604,37.502361,139.926463,7,-0.177,-0.112,9.655,3.616
1424932335700,37.502365,139.926465,7,-0.194,-0.196,9.67,3.663
1424932335800,37.502369,139.926467,7,-0.186,-0.083,9.529,3.712
1424932335901,37.502372,139.926469,7,-0.144,0.192,9.406,3.762
1424932336002,37.502376,139.926471,7,-0.078,0.292,9.425,3.813
1424932336102,37.50238,139.926473,7,0.087,0.426,9.593,3.865
1424932336203,37.502385,139.926476,7,0.232,0.481,9.539,3.917
1424932336304,37.502389,139.926478,7,0.27,0.566,9.378,3.97
1424932336400,37.502393,139.92648,7,0.188,0.662,9.366,4.019
1424932336500,37.502396,139.926482,7,0.012,0.768,9.505,4.066
1424932336601,37.5024,139.926485,7,-0.131,0.811,9.662,4.115
1424932336702,37.502404,139.926487,7,-0.246,0.864,9.56,4.164
1424932336802,37.502409,139.92649,7,-0.256,0.804,9.614,4.214
1424932336903,37.502413,139.926492,7,-0.239,0.835,9.543,4.264
1424932337004,37.502417,139.926495,7,-0.153,0.892,9.46,4.315
1424932337104,37.502421,139.926497,7,-0.037,0.903,9.421,4.366
1424932337200,37.502425,139.9265,7,-0.016,0.884,9.456,4.416
1424932337301,37.502429,139.926502,7,-0.154,0.924,9.344,4.469
1424932337402,37.502434,139.926505,7,-0.232,0.861,9.452,4.52
1424932337502,37.502438,139.926507,7,-0.104,0.633,10.01,4.568
1424932337603,37.502443,139.926509,7,-0.555,1.028,9.206,4.617
1424932337704,37.502447,139.926512,7,-0.708,1.135,8.991,4.666
1424932337804,37.502451,139.926514,7,-0.684,0.913,9.528,4.716
1424932337900,37.502456,139.926516,7,-0.517,0.732,10.007,4.763
1424932338001,37.50246,139.926518,7,-0.493,0.773,9.501,4.814
1424932338102,37.502465,139.926521,7,-0.425,1.024,9.061,4.866
1424932338202,37.50247,139.926523,7,-0.104,0.619,9.555,4.917
1424932338303,37.502474,139.926526,7,-0.29,0.317,9.573,4.97
1424932338404,37.502479,139.926528,7,-0.304,0.201,9.558,5.031
1424932338504,37.502484,139.926531,7,-0.379,0.276,9.435,5.102
1424932338600,37.502489,139.926533,7,-0.318,0.217,9.441,5.17
1424932338701,37.502495,139.926536,7,-0.325,-0.116,9.404,5.244
1424932338801,37.5025,139.926539,7,-0.352,-0.111,9.656,5.318
1424932338902,37.502505,139.926542,7,-0.097,0.074,9.792,5.394
1424932339003,37.502511,139.926545,7,-0.107,0.183,9.422,5.47
1424932339104,37.502516,139.926547,7,-0.171,0.175,9.268,5.548
1424932339204,37.502522,139.92655,7,-0.278,0.089,9.466,5.626
1424932339301,37.502528,139.926553,7,-0.332,0.108,9.67,5.703
1424932339401,37.502534,139.926556,7,-0.296,0.285,9.528,5.77
1424932339501,37.50254,139.926559,7,-0.213,0.455,9.522,5.818
1424932339602,37.502547,139.926562,7,-0.12,0.467,9.65,5.867
1424932339703,37.502553,139.926565,7,-0.363,0.607,9.255,5.917
1424932339803,37.50256,139.926568,7,-0.42,0.719,9.15,5.966
1424932339904,37.502567,139.926571,7,-0.322,0.588,9.736,6.017
1424932340000,37.502573,139.926574,7,-0.559,0.567,9.6,6.065
1424932340101,37.50258,139.926577,7,-0.508,0.284,9.466,6.117
1424932340201,37.502587,139.92658,7,-0.374,0.034,9.706,6.168
1424932340302,37.502594,139.926583,7,-0.352,-0.082,9.275,6.22
1424932340403,37.5026,139.926587,7,-0.366,-0.064,9.398,6.261
1424932340503,37.502606,139.92659,7,-0.224,-0.059,9.717,6.285
1424932340604,37.502612,139.926594,7,-0.36,-0.107,9.737,6.31
1424932340700,37.502617,139.926597,7,-0.53,-0.049,9.512,6.334
1424932340800,37.502623,139.926601,7,-0.541,0.051,9.364,6.359
1424932340901,37.502629,139.926604,7,-0.354,-0.091,9.423,6.384
1424932341002,37.502634,139.926608,7,-0.299,-0.02,9.325,6.409
1424932341103,37.50264,139.926612,7,-0.173,-0.002,9.416,6.435
1424932341203,37.502646,139.926615,7,-0.063,-0.1,9.63,6.46
1424932341304,37.502652,139.926619,7,-0.31,-0.097,9.47,6.486
1424932341400,37.502657,139.926622,8,-0.484,-0.111,9.422,6.49
1424932341500,37.502661,139.926626,8,-0.443,-0.089,9.498,6.464
1424932341601,37.502666,139.926629,8,-0.342,-0.122,9.474,6.439
1424932341702,37.502671,139.926633,8,-0.373,-0.098,9.372,6.413
1424932341803,37.502675,139.926636,8,-0.297,-0.135,9.712,6.388
1424932341903,37.50268,139.92664,8,-0.242,-0.136,9.608,6.363
1424932342004,37.502684,139.926643,8,-0.25,-0.085,9.437,6.338
1424932342100,37.502688,139.926646,8,-0.281,-0.118,9.452,6.314
1424932342200,37.502693,139.92665,8,-0.334,-0.008,9.37,6.289
1424932342301,37.502697,139.926653,8,-0.382,-0.158,9.514,6.264
1424932342402,37.502702,139.926656,8,-0.428,-0.185,9.714,6.239
1424932342502,37.502707,139.926658,8,-0.375,-0.131,9.541,6.214
1424932342604,37.502712,139.926661,8,-0.306,-0.036,9.476,6.188
1424932342704,37.502717,139.926663,8,-0.312,-0.038,9.521,6.163
1424932342805,37.502722,139.926666,8,-0.352,-0.062,9.527,6.137
1424932342900,37.502727,139.926668,8,-0.26,0.059,9.527,6.114
1424932343001,37.502732,139.926671,8,-0.207,0.185,9.521,6.089
1424932343102,37.502737,139.926673,8,-0.193,0.26,9.554,6.064
1424932343202,37.502742,139.926675,8,-0.195,0.205,9.528,6.039
1424932343303,37.502747,139.926678,8,-0.248,0.28,9.436,6.014
1424932343404,37.502752,139.926681,8,-0.272,0.358,9.452,6.011
1424932343505,37.502756,139.926685,8,-0.278,0.279,9.622,6.036
1424932343600,37.502761,139.926688,8,-0.318,0.282,9.564,6.059
1424932343701,37.502765,139.926692,8,-0.265,0.314,9.476,6.084
1424932343802,37.50277,139.926696,8,-0.255,0.281,9.683,6.109
1424932343902,37.502774,139.9267,8,-0.309,0.293,9.711,6.134
1424932344003,37.502779,139.926704,8,-0.208,0.403,9.225,6.16
1424932344104,37.502783,139.926708,8,0.088,0.5,8.811,6.185
1424932344204,37.502788,139.926712,8,0.255,0.276,9.27,6.21
1424932344300,37.502792,139.926716,8,0.289,-0.003,9.679,6.235
1424932344401,37.502797,139.926719,8,0.084,-0.079,9.645,6.25
1424932344501,37.502804,139.926723,8,0.08,-0.165,9.645,6.25
1424932344602,37.50281,139.926726,8,-0.09,-0.214,9.342,6.25
1424932344703,37.502816,139.926729,8,-0.16,-0.255,9.275,6.25
1424932344804,37.502822,139.926732,8,-0.188,-0.13,9.404,6.25
1424932344904,37.502828,139.926735,8,0.066,-0.376,10.102,6.25
1424932345000,37.502834,139.926738,8,-0.238,-0.285,9.989,6.25
1424932345101,37.50284,139.926742,8,-0.421,-0.085,9.609,6.25
1424932345201,37.502846,139.926745,8,-0.489,-0.02,9.227,6.25
1424932345302,37.502852,139.926748,8,-0.738,0.024,9.37,6.25
1424932345403,37.502858,139.926751,6,-0.829,0.035,9.577,6.25
1424932345504,37.502864,139.926755,6,-0.679,0.167,9.672,6.25
1424932345604,37.502869,139.926758,6,-0.415,0.158,9.615,6.25
1424932345700,37.502874,139.926762,6,-0.339,0.132,9.457,6.25
1424932345801,37.502879,139.926765,6,-0.37,0.075,9.435,6.25
1424932345901,37.502885,139.926768,6,-0.38,0.105,9.487,6.25
1424932346002,37.50289,139.926772,6,-0.324,0.158,9.765,6.25
1424932346103,37.502895,139.926775,6,-0.202,0.231,9.613,6.25
1424932346203,37.502901,139.926779,6,-0.105,0.422,9.213,6.25
1424932346304,37.502906,139.926782,6,0.016,0.473,9.2,6.25
1424932346400,37.502911,139.926785,6,-0.031,0.384,9.662,6.26
1424932346501,37.502917,139.926787,6,-0.275,0.451,9.783,6.285
1424932346601,37.502922,139.926789,6,-0.365,0.574,9.654,6.309
1424932346702,37.502928,139.926792,6,-0.316,0.657,9.378,6.334
1424932346803,37.502933,139.926794,6,-0.198,0.67,9.185,6.36
1424932346903,37.502939,139.926796,6,-0.197,0.607,9.335,6.385
1424932347004,37.502944,139.926799,6,-0.173,0.625,9.537,6.41
1424932347105,37.50295,139.926801,6,-0.301,0.581,9.836,6.435
1424932347201,37.502955,139.926803,6,-0.425,0.538,9.752,6.46
1424932347300,37.502961,139.926806,6,-0.54,0.653,9.215,6.485
1424932347402,37.502966,139.926808,5,-0.293,0.621,9.277,6.52
1424932347501,37.502972,139.926811,5,-0.053,0.62,9.42,6.568
1424932347603,37.502977,139.926813,5,-0.001,0.564,9.759,6.618
1424932347702,37.502983,139.926816,5,0.033,0.559,9.858,6.667
1424932347800,37.502988,139.926819,5,-0.004,0.565,9.521,6.715
1424932347900,37.502994,139.926821,5,-0.302,0.631,9.442,6.765
1424932348001,37.502999,139.926824,5,-0.3,0.65,9.364,6.816
1424932348102,37.503005,139.926827,5,-0.164,0.682,9.633,6.867
1424932348202,37.503011,139.92683,5,-0.104,0.718,9.779,6.919
1424932348303,37.503017,139.926832,5,-0.184,0.77,9.544,6.971
1424932348404,37.503023,139.926835,5,-0.232,0.701,9.287,7.031
1424932348505,37.503028,139.926838,5,-0.317,0.664,9.435,7.104
1424932348600,37.503034,139.92684,5,-0.415,0.737,9.403,7.173
1424932348701,37.50304,139.926843,5,-0.488,0.78,9.45,7.247
1424932348802,37.503046,139.926846,5,-0.344,0.588,9.743,7.322
1424932348902,37.503052,139.926848,5,-0.217,0.517,9.616,7.397
1424932349003,37.503059,139.926851,5,-0.077,0.633,9.521,7.473
1424932349104,37.503065,139.926854,5,-0.082,0.608,9.505,7.551
1424932349200,37.503071,139.926857,5,0.036,0.567,9.656,7.625
1424932349300,37.503077,139.926859,5,0.132,0.736,9.685,7.703
1424932349401,37.503084,139.926862,5,0.173,0.754,9.391,7.779
1424932349502,37.503091,139.926866,5,0.222,0.708,9.36,7.852
1424932349602,37.503098,139.926869,5,0.287,0.702,9.473,7.925
1424932349703,37.503105,139.926872,5,0.234,0.673,9.511,7.999
1424932349804,37.503112,139.926876,5,0.144,0.673,9.405,8.074
1424932349904,37.503119,139.926879,5,0.0,0.709,9.401,8.149
1424932350000,37.503126,139.926882,5,-0.101,0.708,9.471,8.222
1424932350101,37.503133,139.926886,5,-0.098,0.698,9.393,8.299
1424932350202,37.50314,139.926889,5,0.017,0.645,9.545,8.377
1424932350302,37.503148,139.926893,5,-0.012,0.599,9.501,8.455
1424932350403,37.503155,139.926896,5,0.009,0.656,9.483,8.511
1424932350504,37.503163,139.9269,5,0.005,0.641,9.502,8.536
1424932350604,37.50317,139.926903,5,0.113,0.699,9.355,8.56
1424932350700,37.503178,139.926906,5,0.257,0.727,9.44,8.584
1424932350801,37.503185,139.926909,5,0.252,0.604,9.726,8.609
1424932350901,37.503193,139.926913,5,0.301,0.634,9.604,8.634
1424932351002,37.503201,139.926916,5,0.373,0.685,9.402,8.66
1424932351103,37.503208,139.926919,5,0.417,0.654,9.353,8.685
1424932351204,37.503216,139.926923,5,0.396,0.694,9.533,8.711
1424932351304,37.503224,139.926926,5,0.294,0.672,9.632,8.736
1424932351400,37.503231,139.926929,5,0.165,0.682,9.42,8.75
1424932351501,37.503238,139.926932,5,0.157,0.641,9.383,8.75
1424932351601,37.503246,139.926935,5,0.2,0.308,9.665,8.75
1424932351702,37.503253,139.926938,5,0.284,0.132,9.676,8.75
1424932351803,37.50326,139.926941,5,0.237,-0.083,9.435,8.75
1424932351904,37.503268,139.926944,5,0.214,-0.13,9.413,8.75
1424932352004,37.503275,139.926947,5,0.16,-0.12,9.606,8.75
1424932352100,37.503282,139.926949,5,0.081,-0.158,9.584,8.75
1424932352201,37.503289,139.926952,5,0.08,-0.182,9.404,8.75
1424932352301,37.503297,139.926955,5,0.237,-0.29,9.585,8.75
1424932352402,37.503304,139.926959,5,0.245,-0.276,9.697,8.75
1424932352503,37.503311,139.926962,5,0.163,-0.24,9.521,8.75
1424932352603,37.503318,139.926966,5,0.112,-0.237,9.41,8.75
1424932352704,37.503326,139.92697,5,0.106,-0.207,9.445,8.75
1424932352800,37.503333,139.926974,5,0.179,-0.144,9.457,8.75
1424932352901,37.50334,139.926978,5,0.226,-0.223,9.435,8.75
1424932353001,37.503347,139.926981,5,0.182,-0.289,9.415,8.75
1424932353102,37.503354,139.926985,5,0.054,-0.333,9.575,8.75
1424932353203,37.503362,139.926989,5,0.012,-0.293,9.42,8.75
1424932353303,37.503369,139.926993,5,0.0,-0.204,9.293,8.75
1424932353404,37.503376,139.926997,7,0.031,-0.192,9.473,8.75
1424932353500,37.503384,139.927001,7,-0.001,-0.247,9.56,8.75
1424932353600,37.503391,139.927005,7,0.06,-0.281,9.602,8.75
1424932353701,37.503399,139.927009,7,0.095,-0.275,9.375,8.75
1424932353802,37.503407,139.927014,7,0.056,-0.261,9.347,8.75
1424932353903,37.503414,139.927018,7,0.02,-0.276,9.619,8.75
1424932354003,37.503422,139.927022,7,-0.023,-0.246,9.665,8.75
1424932354104,37.50343,139.927026,7,-0.05,-0.258,9.53,8.75
1424932354200,37.503437,139.92703,7,-0.07,-0.303,9.507,8.75
1424932354300,37.503444,139.927034,7,-0.065,-0.281,9.42,8.75
1424932354401,37.503452,139.927038,7,-0.148,-0.308,9.564,8.718
1424932354502,37.503458,139.927042,7,-0.197,-0.274,9.702,8.639
1424932354602,37.503465,139.927045,7,-0.246,-0.279,9.573,8.562
1424932354703,37.503472,139.927048,7,-0.165,-0.274,9.529,8.485
1424932354804,37.503478,139.927051,7,0.006,-0.286,9.544,8.409
1424932354900,37.503484,139.927054,7,0.122,-0.26,9.51,8.337
1424932355000,37.503491,139.927057,7,0.128,-0.201,9.31,8.262
1424932355101,37.503497,139.92706,7,0.139,-0.195,9.365,8.188
1424932355202,37.503503,139.927063,7,0.14,-0.319,9.681,8.114
1424932355302,37.503509,139.927066,7,0.17,-0.401,9.846,8.042
1424932355403,37.503515,139.92707,8,0.13,-0.293,9.449,7.989
1424932355504,37.503521,139.927075,8,0.054,-0.302,9.379,7.964
1424932355600,37.503526,139.927079,8,0.084,-0.289,9.509,7.939
1424932355700,37.503532,139.927084,8,0.13,-0.203,9.598,7.914
1424932355801,37.503537,139.927089,8,0.028,-0.185,9.628,7.889
1424932355902,37.503543,139.927094,8,-0.046,-0.312,9.6,7.864
1424932356002,37.503549,139.927098,8,-0.016,-0.3,9.592,7.839
1424932356103,37.503554,139.927103,8,-0.004,-0.268,9.479,7.813
1424932356204,37.50356,139.927108,8,0.058,-0.307,9.416,7.788
1424932356304,37.503565,139.927112,8,0.162,-0.236,9.562,7.764
1424932356400,37.50357,139.927117,8,0.114,-0.205,9.537,7.74
1424932356501,37.503576,139.927121,8,0.137,-0.166,9.493,7.714
1424932356602,37.503582,139.927125,8,0.167,-0.079,9.521,7.689
1424932356702,37.503588,139.927129,8,0.159,0.101,9.555,7.664
1424932356803,37.503594,139.927133,8,0.211,0.103,9.398,7.638
1424932356904,37.5036,139.927137,8,0.22,0.268,9.468,7.613
1424932357004,37.503606,139.927141,8,0.236,0.255,9.499,7.588
1424932357100,37.503611,139.927145,8,0.176,0.383,9.502,7.564
1424932357201,37.503617,139.927149,8,0.182,0.444,9.463,7.539
1424932357301,37.503623,139.927153,8,0.139,0.501,9.566,7.515
1424932357402,37.503629,139.927156,7,0.083,0.48,9.55,7.52
1424932357504,37.503636,139.927158,7,0.09,0.553,9.447,7.57
1424932357603,37.503644,139.927159,7,0.076,0.411,9.574,7.619
1424932357705,37.503651,139.927161,7,0.083,0.321,9.544,7.669
1424932357800,37.503658,139.927163,7,0.116,0.253,9.395,7.716
1424932357901,37.503666,139.927165,7,0.027,0.113,9.576,7.766
1424932358001,37.503674,139.927167,7,-0.008,-0.005,9.572,7.817
1424932358102,37.503681,139.927169,7,0.029,-0.038,9.484,7.868
1424932358203,37.503689,139.927171,7,0.067,-0.187,9.508,7.919
1424932358304,37.503697,139.927173,7,0.102,-0.155,9.445,7.971
1424932358404,37.503704,139.927175,7,0.163,-0.226,9.522,7.989
1424932358500,37.50371,139.927178,7,0.182,-0.254,9.65,7.965
1424932358601,37.503716,139.927181,7,0.104,-0.251,9.448,7.939
1424932358701,37.503722,139.927184,7,0.143,-0.217,9.434,7.914
1424932358802,37.503728,139.927186,7,0.049,-0.285,9.544,7.889
1424932358903,37.503734,139.927189,7,-0.007,-0.213,9.539,7.863
1424932359003,37.50374,139.927192,7,-0.073,-0.151,9.396,7.838
1424932359104,37.503746,139.927195,7,-0.039,-0.324,9.656,7.813
1424932359200,37.503752,139.927198,7,-0.002,-0.376,9.788,7.789
1424932359300,37.503757,139.9272,7,0.043,-0.212,9.525,7.765
1424932359401,37.503764,139.927203,5,0.144,-0.164,9.434,7.75
1424932359502,37.503771,139.927206,5,0.119,0.084,9.461,7.75
1424932359603,37.503778,139.927208,5,0.116,0.175,9.615,7.75
1424932359703,37.503785,139.927211,5,0.25,0.368,9.683,7.75
1424932359804,37.503792,139.927213,5,0.263,0.355,9.428,7.75
1424932359900,37.503798,139.927215,5,0.175,0.3,9.54,7.75
1424932360000,37.503805,139.927218,5,0.128,0.34,9.618,7.75
1424932360101,37.503812,139.927221,5,0.085,0.488,9.489,7.75
1424932360202,37.503819,139.927223,5,0.107,0.561,9.32,7.75
1424932360303,37.503826,139.927226,5,0.178,0.523,9.422,7.75
1424932360403,37.503833,139.927228,6,0.071,0.408,9.744,7.761
1424932360504,37.503839,139.927231,6,-0.026,0.41,9.659,7.786
1424932360600,37.503845,139.927234,6,-0.036,0.408,9.424,7.809
1424932360700,37.503852,139.927236,6,0.038,0.383,9.345,7.834
1424932360801,37.503858,139.927239,6,0.181,0.185,9.642,7.859
1424932360902,37.503864,139.927242,6,0.238,0.189,9.735,7.885
1424932361002,37.503871,139.927245,6,0.138,0.24,9.412,7.91
1424932361103,37.503877,139.927248,6,0.078,0.221,9.332,7.935
1424932361204,37.503884,139.927251,6,0.002,0.216,9.514,7.96
1424932361300,37.50389,139.927253,6,0.085,0.261,9.579,7.985
1424932361405,37.503897,139.927256,6,0.235,0.241,9.36,8.022
1424932361501,37.503904,139.927259,6,0.252,0.143,9.497,8.069
1424932361600,37.503912,139.927262,6,0.152,0.136,9.686,8.117
1424932361702,37.503919,139.927265,6,0.094,0.317,9.476,8.168
1424932361801,37.503927,139.927268,6,0.113,0.452,9.419,8.217
1424932361904,37.503935,139.927271,6,0.199,0.5,9.446,8.268
1424932362000,37.503942,139.927274,6,0.234,0.564,9.58,8.317
1424932362100,37.50395,139.927277,6,0.122,0.546,9.692,8.367
1424932362201,37.503958,139.92728,6,0.056,0.581,9.457,8.418
1424932362302,37.503965,139.927283,6,0.056,0.399,9.392,8.47
1424932362402,37.503973,139.927286,7,0.077,0.18,9.527,8.5
1424932362503,37.503981,139.927288,7,0.082,0.026,9.514,8.5
1424932362604,37.503988,139.92729,7,0.098,-0.086,9.522,8.5
1424932362704,37.503995,139.927292,7,0.13,-0.172,9.461,8.5
1424932362800,37.504003,139.927294,7,0.168,-0.178,9.425,8.5
1424932362901,37.50401,139.927296,7,0.2,-0.198,9.415,8.5
1424932363002,37.504018,139.927298,7,0.163,-0.224,9.499,8.5
1424932363102,37.504025,139.9273,7,0.086,-0.226,9.274,8.5
1424932363203,37.504032,139.927302,7,0.105,-0.113,9.491,8.5
1424932363304,37.50404,139.927304,7,0.136,-0.348,9.521,8.5
1424932363404,37.504047,139.927308,9,0.17,-0.305,9.554,8.489
1424932363500,37.504054,139.927313,9,0.125,-0.285,9.665,8.465
1424932363601,37.504061,139.927319,9,0.088,-0.357,9.509,8.439
1424932363701,37.504068,139.927324,9,0.239,-0.216,9.412,8.414
1424932363802,37.504075,139.92733,9,0.232,-0.283,9.51,8.389
1424932363903,37.504082,139.927336,9,0.129,-0.288,9.594,8.363
1424932364004,37.504089,139.927341,9,0.073,-0.235,9.439,8.338
1424932364104,37.504096,139.927347,9,0.019,-0.266,9.502,8.313
1424932364200,37.504102,139.927352,9,-0.05,-0.323,9.542,8.289
1424932364301,37.504109,139.927358,9,0.01,-0.27,9.511,8.265
1424932364401,37.504116,139.927362,9,0.086,-0.271,9.547,8.24
1424932364502,37.504122,139.927365,9,0.14,-0.228,9.347,8.214
1424932364603,37.504128,139.927368,9,0.241,-0.238,9.339,8.189
1424932364704,37.504134,139.927371,9,0.202,-0.244,9.36,8.163
1424932364804,37.50414,139.927374,9,0.129,-0.318,9.612,8.138
