measurement_ms	latitude	longitude	gps_error_meter	accel_x_transverse	accel_y_longitudinal	accel_z_vertical	speed
1418194963964	37.507030	139.931240	7	0.382	0.139	9.937	3.250
1418194963967	37.507030	139.931241	7	0.380	0.134	9.939	3.250
1418194964069	37.507034	139.931242	7	0.285	-0.113	10.083	3.250
1418194964165	37.507037	139.931244	7	0.252	-0.167	10.294	3.250
1418194964266	37.507041	139.931246	7	0.185	-0.186	10.564	3.250
1418194964367	37.507044	139.931248	7	0.131	-0.029	10.072	3.250
1418194964467	37.507048	139.931250	7	0.266	0.147	9.375	3.250
1418194964568	37.507051	139.931251	7	0.349	0.161	9.637	3.250
1418194964669	37.507055	139.931253	7	0.333	0.042	10.148	3.250
1418194964769	37.507058	139.931255	7	0.260	-0.050	10.390	3.250
1418194964865	37.507062	139.931257	7	0.133	-0.034	10.162	3.250
1418194964966	37.507065	139.931259	7	0.050	0.012	9.946	3.250
1418194965066	37.507069	139.931260	7	0.037	0.027	9.804	3.250
1418194965167	37.507072	139.931262	7	0.055	-0.103	9.816	3.250
1418194965268	37.507076	139.931264	7	0.103	-0.261	10.089	3.250
1418194965369	37.507080	139.931266	7	0.165	-0.345	10.226	3.250
1418194965469	37.507083	139.931268	7	0.183	-0.424	10.155	3.250
1418194965565	37.507087	139.931270	7	0.193	-0.465	9.948	3.250
1418194965666	37.507090	139.931272	7	0.118	-0.487	9.753	3.250
1418194965766	37.507094	139.931274	7	0.051	-0.541	9.853	3.250
1418194965867	37.507098	139.931276	7	0.051	-0.595	10.183	3.250
1418194965968	37.507101	139.931278	7	0.152	-0.622	10.296	3.250
1418194966068	37.507105	139.931279	7	0.298	-0.508	9.930	3.230
1418194966169	37.507108	139.931281	7	0.435	-0.370	9.759	3.204
1418194966265	37.507111	139.931282	7	0.381	-0.213	9.955	3.179
1418194966366	37.507115	139.931283	7	0.317	-0.124	10.095	3.154
1418194966466	37.507118	139.931285	7	0.256	-0.057	10.034	3.129
1418194966567	37.507121	139.931286	7	0.223	0.010	9.893	3.103
1418194966668	37.507125	139.931288	7	0.279	0.031	9.884	3.078
1418194966768	37.507128	139.931289	7	0.339	-0.004	10.099	3.054
1418194966869	37.507131	139.931290	7	0.270	-0.053	10.213	3.029
1418194966965	37.507134	139.931292	7	0.189	-0.048	10.153	3.006
1418194967065	37.507137	139.931293	7	0.181	0.026	10.005	3.000
1418194967166	37.507140	139.931294	7	0.192	0.074	9.754	3.000
1418194967267	37.507142	139.931296	7	0.240	0.063	9.779	3.000
1418194967368	37.507145	139.931297	7	0.263	-0.029	10.075	3.000
1418194967468	37.507147	139.931298	7	0.200	-0.060	10.355	3.000
1418194967569	37.507150	139.931300	7	0.179	-0.026	10.283	3.000
1418194967665	37.507153	139.931301	7	0.178	0.031	9.990	3.000
1418194967765	37.507155	139.931302	7	0.174	0.115	9.858	3.000
1418194967866	37.507158	139.931303	7	0.224	0.158	9.960	3.000
1418194967967	37.507160	139.931305	7	0.246	0.208	10.167	3.000
1418194982967	37.507232	139.931892	8	0.245	0.216	10.175	3.262
1418194983068	37.507232	139.931895	8	0.193	-0.007	10.174	3.159
1418194983169	37.507231	139.931898	8	0.173	-0.218	10.089	3.044
1418194983269	37.507230	139.931901	8	0.137	-0.364	10.099	2.934
1418194983365	37.507230	139.931903	8	0.102	-0.412	10.008	2.832
1418194983466	37.507229	139.931906	8	0.082	-0.461	9.967	2.729
1418194983567	37.507229	139.931908	8	0.119	-0.484	10.116	2.629
1418194983667	37.507228	139.931910	8	0.081	-0.496	10.088	2.533
1418194983768	37.507228	139.931912	8	0.014	-0.499	9.916	2.441
1418194983869	37.507228	139.931915	8	0.034	-0.486	9.946	2.352
1418194983969	37.507227	139.931917	8	0.092	-0.499	10.033	2.267
1418194984065	37.507227	139.931918	5	0.081	-0.542	10.023	2.123
1418194984166	37.507227	139.931920	5	0.059	-0.533	10.066	1.960
1418194984266	37.507227	139.931921	5	0.054	-0.498	10.014	1.809
1418194984367	37.507227	139.931922	5	0.032	-0.479	9.865	1.666
1418194984468	37.507226	139.931923	5	-0.001	-0.515	9.937	1.533
1418194984569	37.507226	139.931924	5	0.028	-0.508	10.118	1.409
1418194984669	37.507226	139.931925	5	0.110	-0.438	10.121	1.296
1418194984765	37.507226	139.931926	5	0.114	-0.383	9.993	1.197
1418194984866	37.507226	139.931927	5	0.064	-0.295	9.938	1.103
1418194984966	37.507226	139.931928	5	-0.010	-0.269	9.942	1.019
1418194985067	37.507226	139.931929	4	0.015	-0.224	10.026	0.975
1418194985168	37.507226	139.931930	4	0.030	-0.218	10.044	0.942
1418194985269	37.507225	139.931931	4	0.023	-0.223	9.994	0.910
1418194985369	37.507225	139.931932	4	0.069	-0.188	9.972	0.880
1418194985465	37.507225	139.931932	4	0.124	-0.168	9.983	0.851
1418194985566	37.507225	139.931933	4	0.119	-0.159	9.994	0.822
1418194985666	37.507224	139.931934	4	0.071	-0.149	10.061	0.794
1418194985767	37.507224	139.931935	4	0.071	-0.133	10.086	0.766
1418194985868	37.507224	139.931936	4	0.067	-0.130	9.984	0.739
1418194985968	37.507224	139.931937	4	0.047	-0.138	9.942	0.714
1418194986069	37.507224	139.931937	4	0.086	-0.143	10.045	0.689
1418194986165	37.507223	139.931938	4	0.129	-0.142	10.075	0.666
1418194986266	37.507223	139.931939	4	0.107	-0.163	9.975	0.643
1418194986366	37.507223	139.931939	4	0.048	-0.177	9.939	0.620
1418194986467	37.507223	139.931940	4	0.055	-0.150	10.025	0.599
1418194986568	37.507223	139.931941	4	0.089	-0.140	10.075	0.578
1418194986668	37.507222	139.931941	4	0.067	-0.150	10.010	0.558
1418194986769	37.507222	139.931942	4	0.029	-0.172	9.958	0.539
1418194986865	37.507222	139.931942	4	0.071	-0.149	9.992	0.521
1418194986965	37.507222	139.931943	4	0.121	-0.133	10.050	0.504
1418195080966	37.506757	139.933751	19	0.120	-0.137	10.052	9.244
1418195081067	37.506755	139.933761	14	0.072	-0.373	10.056	9.211
1418195081168	37.506753	139.933772	14	0.087	-0.612	10.131	9.159
1418195081268	37.506751	139.933782	14	0.062	-0.745	10.051	9.108
1418195081369	37.506749	139.933792	14	0.064	-0.775	9.958	9.057
1418195081465	37.506747	139.933802	14	0.066	-0.837	9.897	9.009
1418195081565	37.506746	139.933812	14	0.075	-0.860	9.945	8.959
1418195081666	37.506744	139.933823	14	0.050	-0.916	10.049	8.909
1418195081767	37.506742	139.933833	14	0.064	-0.965	10.087	8.859
1418195081868	37.506740	139.933843	14	0.038	-1.046	9.943	8.810
1418195081968	37.506738	139.933853	14	0.029	-1.067	9.878	8.761
1418195082069	37.506737	139.933861	13	0.013	-1.077	9.964	8.621
1418195082165	37.506735	139.933869	13	0.028	-1.157	10.063	8.467
1418195082265	37.506734	139.933877	13	0.014	-1.183	10.052	8.309
1418195082366	37.506732	139.933885	13	-0.014	-1.155	9.991	8.153
1418195082467	37.506731	139.933893	13	-0.058	-1.128	9.962	7.999
1418195082568	37.506730	139.933900	13	-0.067	-1.096	9.902	7.849
1418195082668	37.506728	139.933907	13	-0.015	-1.129	10.189	7.702
1418195082769	37.506727	139.933915	13	0.048	-1.171	10.349	7.557
1418195082865	37.506726	139.933921	13	0.039	-1.093	10.014	7.422
1418195082965	37.506724	139.933928	13	0.036	-1.016	9.710	7.284
1418195083066	37.506723	139.933936	13	0.031	-1.061	9.897	7.149
1418195083167	37.506721	139.933943	13	0.066	-1.033	9.894	7.018
1418195083267	37.506719	139.933950	13	0.039	-1.081	10.058	6.889
1418195083368	37.506717	139.933957	13	0.080	-1.093	10.079	6.761
1418195083469	37.506715	139.933964	13	0.203	-1.109	9.910	6.636
1418195083569	37.506714	139.933971	13	0.282	-1.150	9.899	6.514
1418195083665	37.506712	139.933977	13	0.342	-1.228	10.185	6.398
1418195083766	37.506710	139.933984	13	0.419	-1.255	10.272	6.279
1418195083867	37.506709	139.933990	13	0.457	-1.183	9.902	6.162
1418195083967	37.506707	139.933996	13	0.541	-1.165	9.802	6.048
1418195084068	37.506705	139.934002	13	0.665	-1.130	10.050	5.935
1418195084169	37.506704	139.934009	13	0.756	-1.019	10.088	5.824
1418195084269	37.506702	139.934015	13	0.862	-0.878	9.914	5.716
1418195084365	37.506701	139.934020	13	0.986	-0.763	9.943	5.614
1418195084466	37.506699	139.934026	13	1.042	-0.652	9.924	5.510
1418195084567	37.506698	139.934032	13	1.068	-0.569	9.796	5.407
1418195084667	37.506696	139.934037	13	1.081	-0.570	9.842	5.307
1418195084768	37.506695	139.934042	13	1.093	-0.618	9.966	5.209
1418195084869	37.506694	139.934048	13	1.113	-0.642	10.004	5.113
1418195084969	37.506692	139.934053	13	1.176	-0.596	9.965	5.019
1418195085065	37.506690	139.934056	13	1.227	-0.562	9.902	4.940
1418195085166	37.506688	139.934059	13	1.282	-0.598	9.905	4.859
1418195085266	37.506686	139.934062	13	1.298	-0.645	9.975	4.781
1418195085367	37.506684	139.934065	13	1.312	-0.659	10.091	4.703
1418195085468	37.506682	139.934068	13	1.324	-0.642	10.088	4.626
1418195085569	37.506679	139.934071	13	1.351	-0.637	9.948	4.551
1418195085669	37.506677	139.934074	13	1.434	-0.664	9.883	4.477
1418195085765	37.506675	139.934077	13	1.490	-0.717	10.015	4.408
1418195085866	37.506673	139.934080	13	1.486	-0.764	10.054	4.336
1418195085966	37.506671	139.934082	13	1.427	-0.766	9.915	4.267
1418195086067	37.506667	139.934083	14	1.246	-0.657	9.695	4.187
1418195086168	37.506663	139.934084	14	1.027	-0.569	9.701	4.106
1418195086269	37.506658	139.934084	14	0.846	-0.554	9.945	4.026
1418195086369	37.506654	139.934085	14	0.754	-0.599	10.138	3.949
1418195086465	37.506650	139.934085	14	0.752	-0.599	10.082	3.876
1418195086566	37.506646	139.934085	14	0.718	-0.539	9.975	3.800
1418195086666	37.506642	139.934086	14	0.681	-0.515	9.989	3.727
1418195086768	37.506638	139.934086	14	0.640	-0.473	10.010	3.654
1418195086868	37.506634	139.934087	14	0.587	-0.423	10.081	3.584
1418195086968	37.506630	139.934087	14	0.548	-0.373	10.177	3.515
1418195087069	37.506627	139.934088	14	0.461	-0.323	10.077	3.519
1418195087165	37.506624	139.934089	14	0.336	-0.280	9.895	3.543
1418195087266	37.506620	139.934090	14	0.327	-0.256	9.966	3.567
1418195087366	37.506617	139.934091	14	0.372	-0.246	10.012	3.592
1418195087467	37.506614	139.934093	14	0.374	-0.251	10.139	3.617
1418195087568	37.506611	139.934094	14	0.316	-0.251	10.277	3.642
1418195087668	37.506608	139.934095	14	0.303	-0.209	10.011	3.668
1418195087769	37.506604	139.934096	14	0.371	-0.096	9.495	3.693
1418195087865	37.506601	139.934097	14	0.266	-0.048	9.518	3.718
1418195087966	37.506598	139.934099	14	0.081	-0.112	10.124	3.744
1418195088066	37.506594	139.934099	12	-0.005	-0.238	10.656	3.730
1418195088167	37.506590	139.934100	12	-0.214	-0.300	10.959	3.704
1418195088268	37.506586	139.934101	12	-0.224	-0.119	10.334	3.679
1418195088368	37.506583	139.934101	12	-0.157	0.041	9.623	3.653
1418195088469	37.506579	139.934102	12	-0.100	0.068	9.474	3.628
1418195088565	37.506575	139.934102	12	0.041	-0.072	10.182	3.604
1418195088665	37.506572	139.934103	12	0.140	-0.234	10.724	3.579
1418195088766	37.506568	139.934104	12	0.192	-0.231	10.566	3.555
1418195088867	37.506564	139.934104	12	0.216	0.054	10.144	3.530
1418195115967	37.505453	139.933909	11	0.188	0.390	9.786	5.261
1418195116068	37.505449	139.933909	10	0.017	0.283	9.593	5.219
1418195116169	37.505445	139.933910	10	-0.202	0.020	10.067	5.178
1418195116269	37.505440	139.933910	10	-0.465	-0.137	10.517	5.138
1418195116365	37.505436	139.933911	10	-0.609	-0.157	10.098	5.101
1418195116466	37.505432	139.933911	10	-0.716	-0.141	9.725	5.061
1418195116567	37.505428	139.933912	10	-0.848	-0.157	10.022	5.022
1418195116667	37.505424	139.933912	10	-0.907	-0.163	10.207	4.983
1418195116768	37.505420	139.933913	10	-0.977	-0.180	10.074	4.945
1418195116869	37.505416	139.933913	10	-1.133	-0.172	10.044	4.906
1418195116969	37.505412	139.933914	10	-1.280	-0.224	10.251	4.868
1418195117065	37.505409	139.933914	10	-1.342	-0.154	10.115	4.833
1418195117166	37.505405	139.933914	10	-1.373	0.008	9.575	4.795
1418195117266	37.505401	139.933915	10	-1.420	0.096	9.144	4.758
1418195117367	37.505397	139.933915	10	-1.384	-0.046	9.561	4.721
1418195117468	37.505393	139.933916	10	-1.371	-0.273	10.327	4.685
1418195117569	37.505389	139.933916	10	-1.438	-0.388	10.589	4.648
1418195117669	37.505386	139.933917	10	-1.506	-0.258	10.109	4.613
1418195117765	37.505382	139.933917	10	-1.581	-0.108	9.628	4.579
1418195117866	37.505378	139.933917	10	-1.589	-0.008	9.905	4.543
1418195117966	37.505375	139.933918	10	-1.537	0.038	10.195	4.508
1418195118067	37.505370	139.933919	11	-1.447	0.093	9.786	4.437
1418195118168	37.505366	139.933921	11	-1.230	0.064	9.797	4.357
1418195118268	37.505362	139.933923	11	-1.124	0.124	10.153	4.278
1418195118369	37.505357	139.933925	11	-1.123	0.278	9.983	4.200
1418195118465	37.505353	139.933926	11	-1.216	0.329	10.012	4.127
1418195118566	37.505349	139.933928	11	-1.318	0.361	9.928	4.051
1418195118666	37.505345	139.933930	11	-1.438	0.391	9.827	3.978
1418195118767	37.505341	139.933931	11	-1.470	0.394	9.961	3.905
1418195118868	37.505337	139.933933	11	-1.391	0.386	10.116	3.834
1418195157963	37.502971	139.936238	15	-1.289	0.400	10.030	9.520
1418195157968	37.502971	139.936238	15	-1.275	0.396	10.030	9.516
1418195158068	37.502964	139.936242	15	-0.696	0.058	10.117	9.439
1418195158169	37.502957	139.936246	15	-0.375	-0.230	9.861	9.361
1418195158265	37.502950	139.936250	15	-0.279	-0.496	9.940	9.288
1418195158365	37.502944	139.936254	15	-0.232	-0.718	10.194	9.212
1418195158466	37.502937	139.936258	15	-0.190	-0.813	10.291	9.135
1418195158567	37.502930	139.936262	15	-0.109	-0.749	9.992	9.060
1418195158668	37.502924	139.936266	15	-0.092	-0.730	9.695	8.985
1418195158768	37.502917	139.936270	15	-0.054	-0.749	9.810	8.911
1418195158870	37.502911	139.936274	15	-0.068	-0.800	10.066	8.837
1418195158965	37.502905	139.936278	15	-0.133	-0.790	10.038	8.768
1418195159065	37.502898	139.936281	13	-0.196	-0.834	10.116	8.691
1418195159166	37.502891	139.936284	13	-0.196	-0.792	10.050	8.613
1418195159267	37.502885	139.936287	13	-0.166	-0.726	9.885	8.536
1418195159367	37.502878	139.936290	13	-0.104	-0.722	9.869	8.459
1418195159468	37.502872	139.936293	13	-0.015	-0.714	10.045	8.383
1418195159569	37.502865	139.936296	13	0.096	-0.750	10.303	8.308
1418195159665	37.502859	139.936299	13	0.198	-0.709	10.075	8.236
1418195159765	37.502853	139.936302	13	0.248	-0.606	9.468	8.163
1418195159866	37.502847	139.936305	13	0.254	-0.649	9.754	8.089
1418195159967	37.502840	139.936307	13	0.300	-0.642	10.104	8.016
1418195160067	37.502834	139.936312	13	0.203	-0.711	10.155	7.918
1418195160168	37.502828	139.936317	13	0.061	-0.680	9.890	7.812
1418195160269	37.502822	139.936321	13	-0.026	-0.654	9.732	7.708
1418195160369	37.502816	139.936326	13	-0.004	-0.716	10.118	7.605
1418195160465	37.502810	139.936331	13	0.041	-0.729	10.258	7.508
1418195160566	37.502804	139.936335	13	0.074	-0.695	9.954	7.408
1418195160667	37.502798	139.936340	13	0.004	-0.694	9.748	7.308
1418195160767	37.502792	139.936344	13	-0.020	-0.741	9.922	7.211
1418195160868	37.502787	139.936349	13	-0.057	-0.813	10.063	7.115
1418195160969	37.502781	139.936353	13	-0.127	-0.864	10.079	7.020
1418195161069	37.502777	139.936356	12	-0.216	-0.884	10.048	6.892
1418195161165	37.502773	139.936359	12	-0.233	-0.943	10.133	6.764
1418195161266	37.502768	139.936361	12	-0.250	-0.883	10.036	6.631
1418195161367	37.502764	139.936364	12	-0.271	-0.870	9.900	6.500
1418195161467	37.502760	139.936367	12	-0.350	-0.911	9.990	6.373
1418195161568	37.502757	139.936369	12	-0.408	-0.909	10.138	6.248
1418195161669	37.502753	139.936372	12	-0.490	-0.988	10.392	6.125
1418195161769	37.502749	139.936374	12	-0.618	-0.916	10.374	6.005
1418195161865	37.502745	139.936376	12	-0.720	-0.752	9.942	5.893
1418195161966	37.502742	139.936378	12	-0.838	-0.542	9.669	5.777
1418195162066	37.502738	139.936381	12	-0.908	-0.446	9.941	5.667
1418195162167	37.502734	139.936384	12	-0.974	-0.381	10.304	5.559
1418195162268	37.502730	139.936387	12	-1.065	-0.140	10.165	5.453
1418195162369	37.502726	139.936389	12	-1.111	0.028	9.816	5.349
1418195162469	37.502722	139.936392	12	-1.109	0.136	9.654	5.247
1418195162570	37.502719	139.936395	12	-1.189	0.214	9.704	5.147
1418195162666	37.502715	139.936397	12	-1.357	0.147	9.892	5.053
1418195162765	37.502712	139.936400	12	-1.731	0.041	10.246	4.958
1418195162867	37.502708	139.936402	12	-2.014	-0.077	10.463	4.863
1418195162966	37.502705	139.936404	12	-2.010	-0.134	10.403	4.772
1418195163068	37.502701	139.936408	12	-1.897	-0.174	9.937	4.664
1418195163167	37.502698	139.936412	12	-1.798	-0.258	9.817	4.556
1418195163265	37.502695	139.936415	12	-1.688	-0.352	9.950	4.452
1418195163366	37.502692	139.936419	12	-1.555	-0.463	10.150	4.346
1418195163466	37.502689	139.936422	12	-1.498	-0.452	10.034	4.245
1418195163567	37.502686	139.936426	12	-1.444	-0.393	10.274	4.144
1418195163668	37.502684	139.936429	12	-1.390	-0.097	10.224	4.046
1418195163768	37.502681	139.936432	12	-1.399	0.334	9.924	3.952
1418195163869	37.502678	139.936435	12	-1.400	0.639	9.882	3.858
1418195163965	37.502676	139.936438	12	-1.269	0.706	9.833	3.772
1418195176966	37.502680	139.937478	6	-1.245	0.702	9.829	7.012
1418195177065	37.502679	139.937486	6	-0.612	0.169	10.079	6.920
1418195177168	37.502679	139.937494	6	-0.219	-0.098	9.879	6.811
1418195177267	37.502678	139.937502	6	-0.010	-0.161	9.411	6.708
1418195177365	37.502677	139.937509	6	0.205	-0.276	9.385	6.607
1418195177465	37.502677	139.937517	6	0.350	-0.469	9.783	6.506
1418195177565	37.502676	139.937525	6	0.501	-0.620	10.208	6.406
1418195177666	37.502675	139.937532	6	0.524	-0.681	10.075	6.307
1418195177767	37.502674	139.937539	6	0.528	-0.687	9.760	6.210
1418195177868	37.502674	139.937546	6	0.601	-0.789	9.990	6.114
1418195177968	37.502673	139.937553	6	0.602	-0.864	10.310	6.020
1418195178069	37.502673	139.937561	6	0.609	-0.879	10.242	5.914
1418195178165	37.502673	139.937568	6	0.522	-0.861	9.902	5.812
1418195178265	37.502673	139.937576	6	0.416	-0.805	9.772	5.707
1418195178366	37.502673	139.937583	6	0.378	-0.823	9.929	5.603
1418195178467	37.502674	139.937590	6	0.369	-0.880	10.118	5.500
1418195178567	37.502674	139.937598	6	0.384	-0.874	10.125	5.401
1418195178668	37.502674	139.937605	6	0.408	-0.805	9.878	5.302
1418195178769	37.502674	139.937611	6	0.441	-0.767	9.594	5.205
1418195178865	37.502674	139.937618	6	0.491	-0.821	9.802	5.115
1418195178965	37.502674	139.937624	6	0.505	-0.916	10.239	5.023
1418195179066	37.502674	139.937630	6	0.469	-0.952	10.409	4.916
1418195179167	37.502675	139.937634	6	0.398	-0.868	10.097	4.807
1418195179267	37.502676	139.937639	6	0.372	-0.805	9.785	4.701
1418195179368	37.502676	139.937643	6	0.442	-0.823	9.792	4.596
1418195179469	37.502677	139.937647	6	0.606	-0.905	9.977	4.493
1418195179570	37.502677	139.937651	6	0.799	-1.007	10.151	4.393
1418195179665	37.502677	139.937655	6	1.021	-1.036	10.171	4.301
1418195179766	37.502678	139.937659	6	1.211	-1.093	10.136	4.205
1418195179867	37.502678	139.937663	6	1.436	-1.084	10.066	4.111
1418195179967	37.502679	139.937667	6	1.575	-1.036	9.961	4.021
1418195180068	37.502678	139.937670	5	1.537	-0.889	9.922	3.936
1418195180169	37.502677	139.937674	5	1.380	-0.760	10.074	3.854
1418195180269	37.502677	139.937677	5	1.293	-0.596	10.130	3.775
1418195180365	37.502676	139.937680	5	1.315	-0.524	10.000	3.701
1418195180466	37.502675	139.937683	5	1.430	-0.500	9.897	3.624
1418195180566	37.502674	139.937685	5	1.628	-0.568	9.891	3.549
1418195180667	37.502673	139.937688	5	1.823	-0.623	9.941	3.475
1418195180768	37.502673	139.937691	5	1.948	-0.674	9.936	3.403
1418195180869	37.502672	139.937694	5	1.921	-0.553	9.928	3.332
1418195180969	37.502671	139.937696	5	1.845	-0.401	9.803	3.264
1418195181065	37.502670	139.937699	5	1.784	-0.128	9.736	3.231
1418195181166	37.502668	139.937703	5	1.777	0.075	9.838	3.205
1418195181266	37.502666	139.937706	5	1.853	0.035	9.883	3.179
1418195181367	37.502665	139.937709	5	1.925	-0.151	9.906	3.153
1418195181468	37.502663	139.937712	5	1.881	-0.224	9.863	3.128
1418195181568	37.502662	139.937715	5	1.804	-0.124	9.882	3.103
1418195181669	37.502660	139.937718	5	1.699	-0.059	9.816	3.078
1418195181765	37.502658	139.937721	5	1.574	-0.096	9.777	3.055
1418195181866	37.502657	139.937724	5	1.606	-0.204	9.720	3.030
1418195181966	37.502655	139.937727	5	1.717	-0.194	9.542	3.006
1418195182067	37.502653	139.937728	6	1.658	-0.331	10.160	3.019
1418195182168	37.502651	139.937729	6	1.660	-0.526	10.617	3.043
1418195182268	37.502649	139.937729	6	1.684	-0.639	10.389	3.067
1418195182369	37.502647	139.937729	6	1.671	-0.507	9.624	3.092
1418195182465	37.502645	139.937729	6	1.510	-0.431	9.576	3.116
1418195182566	37.502643	139.937730	6	1.482	-0.484	10.085	3.142
1418195182666	37.502640	139.937730	6	1.555	-0.550	10.289	3.167
1418195182767	37.502638	139.937730	6	1.691	-0.477	10.087	3.193
1418195182868	37.502636	139.937731	6	1.790	-0.359	9.880	3.218
1418195182968	37.502634	139.937731	6	1.869	-0.344	9.942	3.244
1418195183069	37.502630	139.937730	6	1.883	-0.400	10.285	3.319
1418195183165	37.502626	139.937728	6	1.916	-0.410	10.441	3.406
1418195183265	37.502622	139.937726	6	1.664	-0.443	10.180	3.498
1418195183366	37.502618	139.937724	6	1.279	-0.326	9.959	3.595
1418195183467	37.502613	139.937722	6	0.852	-0.066	9.740	3.694
1418195183567	37.502609	139.937720	6	0.430	0.072	9.611	3.794
1418195183668	37.502604	139.937718	6	0.240	0.062	9.878	3.899
1418195183769	37.502600	139.937716	6	0.412	0.076	10.115	4.006
1418195183865	37.502595	139.937714	6	0.604	0.193	9.869	4.110
1418195183965	37.502590	139.937712	6	0.895	0.312	9.971	4.222
1418195191967	37.502261	139.937549	6	0.911	0.319	9.971	5.000
1418195192067	37.502257	139.937548	6	0.553	0.053	10.152	4.915
1418195192168	37.502254	139.937547	6	0.200	-0.125	10.116	4.806
1418195192269	37.502250	139.937547	6	-0.021	-0.213	9.946	4.699
1418195192369	37.502247	139.937546	6	-0.115	-0.311	9.732	4.595
1418195192465	37.502244	139.937545	6	-0.161	-0.440	9.654	4.497
1418195192566	37.502241	139.937544	6	-0.113	-0.664	9.981	4.397
1418195192666	37.502238	139.937543	6	0.005	-0.841	10.453	4.300
1418195192767	37.502235	139.937543	6	0.171	-0.908	10.526	4.204
1418195192868	37.502232	139.937542	6	0.206	-0.769	10.106	4.110
1418195192969	37.502229	139.937541	6	0.183	-0.555	9.723	4.019
1418195193069	37.502225	139.937540	6	0.113	-0.384	9.724	3.958
1418195193165	37.502222	139.937540	6	0.057	-0.309	9.964	3.908
1418195193266	37.502218	139.937539	6	-0.050	-0.280	10.040	3.855
1418195193366	37.502214	139.937538	6	-0.104	-0.220	10.001	3.804
1418195193467	37.502211	139.937538	6	-0.138	-0.136	9.959	3.753
1418195193568	37.502207	139.937537	6	-0.163	-0.071	9.895	3.703
1418195193669	37.502204	139.937536	6	-0.154	-0.098	9.966	3.653
1418195193769	37.502200	139.937535	6	-0.107	-0.129	9.929	3.605
1418195193865	37.502197	139.937535	6	-0.082	-0.147	9.882	3.559
1418195193966	37.502194	139.937534	6	-0.042	-0.150	9.891	3.511
1418195194066	37.502191	139.937533	5	-0.089	-0.148	10.072	3.480
1418195194167	37.502188	139.937531	5	-0.186	-0.161	10.160	3.454
1418195194268	37.502186	139.937530	5	-0.262	-0.164	10.062	3.429
1418195194368	37.502183	139.937529	5	-0.251	-0.104	9.884	3.403
1418195194469	37.502180	139.937527	5	-0.231	-0.048	9.772	3.378
1418195194565	37.502178	139.937526	5	-0.207	-0.059	10.067	3.354
1418195194666	37.502175	139.937524	5	-0.295	-0.048	10.194	3.329
1418195194766	37.502173	139.937523	5	-0.264	0.012	9.984	3.304
1418195194867	37.502170	139.937522	5	-0.251	-0.027	9.856	3.280
1418195194968	37.502168	139.937520	5	-0.299	-0.154	9.872	3.255
1418195195068	37.502164	139.937519	5	-0.354	-0.325	9.971	3.230
1418195195169	37.502161	139.937518	5	-0.356	-0.426	10.162	3.204
1418195195265	37.502157	139.937517	5	-0.371	-0.491	10.192	3.179
1418195195366	37.502154	139.937517	5	-0.455	-0.574	9.975	3.154
1418195195466	37.502150	139.937516	5	-0.531	-0.626	9.938	3.129
1418195195567	37.502147	139.937515	5	-0.501	-0.692	10.097	3.103
1418195195668	37.502144	139.937514	5	-0.406	-0.665	10.189	3.078
1418195195768	37.502140	139.937513	5	-0.244	-0.563	9.944	3.054
1418195195869	37.502137	139.937512	5	-0.113	-0.528	9.798	3.029
1418195195965	37.502134	139.937511	5	-0.125	-0.518	9.898	3.006
1418195196065	37.502131	139.937511	6	-0.259	-0.519	10.010	2.955
1418195196166	37.502129	139.937510	6	-0.375	-0.480	9.880	2.896
1418195196267	37.502126	139.937510	6	-0.328	-0.441	9.654	2.838
1418195196368	37.502124	139.937509	6	-0.195	-0.492	9.785	2.780
1418195196468	37.502121	139.937509	6	-0.040	-0.588	10.019	2.725
1418195196569	37.502119	139.937509	6	0.020	-0.733	10.016	2.669
1418195196665	37.502117	139.937508	6	0.050	-0.845	9.962	2.618
1418195196765	37.502114	139.937508	6	0.092	-0.935	9.981	2.565
1418195196866	37.502112	139.937508	6	0.115	-1.019	10.026	2.513
1418195196967	37.502110	139.937507	6	0.066	-1.049	10.042	2.462
1418195197067	37.502108	139.937507	6	0.016	-1.055	10.064	2.412
1418195197168	37.502106	139.937507	6	-0.004	-0.981	9.955	2.363
1418195197269	37.502104	139.937506	6	0.008	-0.800	9.985	2.314
1418195197365	37.502102	139.937506	6	-0.023	-0.553	10.225	2.270
1418195197465	37.502100	139.937506	6	0.005	-0.317	10.174	2.224
1418195197566	37.502098	139.937505	6	0.115	-0.193	9.836	2.179
1418195197667	37.502096	139.937505	6	0.238	-0.171	9.680	2.134
1418195197767	37.502094	139.937505	6	0.292	-0.211	9.991	2.092
1418195197868	37.502092	139.937504	6	0.285	-0.247	10.310	2.050
1418195197969	37.502090	139.937504	6	0.270	-0.260	10.233	2.008
1418195198070	37.502089	139.937503	6	0.258	-0.191	10.004	2.000
1418195198165	37.502088	139.937502	6	0.244	-0.106	9.799	2.000
1418195198266	37.502086	139.937502	6	0.262	-0.082	9.824	2.000
1418195198367	37.502085	139.937501	6	0.266	-0.268	9.969	2.000
1418195198467	37.502084	139.937500	6	0.219	-0.653	10.101	2.000
1418195198568	37.502082	139.937499	6	0.142	-0.894	10.098	2.000
1418195198669	37.502081	139.937498	6	0.092	-0.840	10.184	2.000
1418195198765	37.502080	139.937497	6	0.047	-0.568	10.256	2.000
1418195198865	37.502079	139.937496	6	0.001	-0.306	10.045	2.000
1418195198966	37.502077	139.937495	6	0.002	-0.145	9.783	2.000
1418195199067	37.502075	139.937494	6	0.063	-0.060	9.806	2.000
1418195199167	37.502073	139.937493	6	0.084	-0.053	10.065	2.000
1418195199268	37.502071	139.937492	6	0.062	-0.050	10.239	2.000
1418195199369	37.502069	139.937492	6	-0.001	0.002	10.084	2.000
1418195199469	37.502066	139.937491	6	-0.056	0.040	9.878	2.000
1418195199565	37.502064	139.937490	6	-0.060	0.058	9.938	2.000
1418195199666	37.502062	139.937489	6	-0.008	0.106	10.013	2.000
1418195199766	37.502060	139.937488	6	0.031	0.164	10.027	2.000
1418195199867	37.502058	139.937487	6	0.108	0.301	10.063	2.000
1418195206967	37.501778	139.937371	5	0.171	0.475	10.041	4.761
1418195240966	37.499918	139.936440	10	0.174	0.475	10.029	6.012
1418195241067	37.499914	139.936438	11	0.157	0.330	9.818	5.980
1418195241167	37.499910	139.936436	11	0.089	0.114	9.842	5.955
1418195241268	37.499905	139.936434	11	0.056	0.031	10.007	5.929
1418195241369	37.499901	139.936431	11	-0.010	-0.199	10.374	5.904
1418195241465	37.499897	139.936429	11	-0.045	-0.295	10.263	5.880
1418195241565	37.499893	139.936427	11	-0.061	-0.206	9.652	5.855
1418195241666	37.499889	139.936424	11	-0.021	-0.100	9.526	5.830
1418195241767	37.499885	139.936422	11	0.035	-0.172	10.040	5.805
1418195241867	37.499881	139.936420	11	-0.007	-0.291	10.382	5.780
1418195241968	37.499877	139.936418	11	-0.068	-0.303	10.201	5.755
1418195242069	37.499872	139.936415	11	-0.086	-0.230	9.905	5.709
1418195242169	37.499868	139.936412	11	-0.066	-0.155	9.704	5.657
1418195242265	37.499864	139.936409	11	-0.104	-0.124	9.863	5.608
1418195242366	37.499859	139.936406	11	-0.155	-0.212	10.242	5.557
1418195242467	37.499855	139.936403	11	-0.125	-0.331	10.484	5.506
1418195242567	37.499851	139.936401	11	-0.038	-0.254	9.961	5.456
1418195242668	37.499846	139.936398	11	0.016	-0.107	9.305	5.406
1418195242769	37.499842	139.936395	11	-0.032	-0.136	9.797	5.357
1418195242869	37.499838	139.936392	11	-0.070	-0.238	10.308	5.308
1418195242965	37.499834	139.936390	11	-0.106	-0.222	10.371	5.262
1418195243066	37.499829	139.936387	11	-0.130	-0.079	10.260	5.231
1418195243167	37.499824	139.936385	11	-0.154	0.018	10.006	5.205
1418195243267	37.499819	139.936383	11	-0.159	0.160	9.723	5.180
1418195243368	37.499814	139.936380	11	-0.117	0.079	9.833	5.154
1418195243469	37.499809	139.936378	11	-0.027	0.031	10.057	5.129
1418195243569	37.499804	139.936376	11	-0.048	-0.114	10.139	5.104
1418195243665	37.499800	139.936373	11	0.003	-0.207	10.031	5.080
1418195243766	37.499795	139.936371	11	0.002	-0.085	9.256	5.055
1418195243866	37.499790	139.936369	11	-0.032	-0.194	9.681	5.030
1418195243967	37.499785	139.936367	11	-0.087	-0.376	10.280	5.006
1418195244068	37.499781	139.936365	10	-0.105	-0.494	10.293	4.959
1418195244169	37.499777	139.936363	10	-0.102	-0.540	10.038	4.907
1418195244269	37.499773	139.936362	10	-0.077	-0.564	9.976	4.855
1418195244365	37.499769	139.936360	10	-0.012	-0.554	9.958	4.806
1418195244466	37.499765	139.936359	10	0.052	-0.590	10.022	4.755
1418195244566	37.499762	139.936357	10	0.069	-0.621	9.957	4.706
1418195244667	37.499758	139.936356	10	0.081	-0.615	10.153	4.656
1418195244768	37.499754	139.936354	10	-0.038	-0.587	10.172	4.606
1418195244868	37.499750	139.936353	10	-0.155	-0.547	9.840	4.558
1418195244969	37.499747	139.936351	10	-0.217	-0.568	9.759	4.510
1418195245065	37.499743	139.936350	10	-0.142	-0.571	9.910	4.439
1418195245166	37.499739	139.936349	10	-0.059	-0.630	10.047	4.358
1418195245266	37.499735	139.936347	10	-0.043	-0.648	10.045	4.279
1418195245367	37.499731	139.936346	10	-0.095	-0.608	9.993	4.201
1418195245468	37.499727	139.936345	10	-0.143	-0.584	9.845	4.124
1418195245569	37.499724	139.936344	10	-0.176	-0.565	9.782	4.049
1418195245669	37.499720	139.936343	10	-0.144	-0.615	10.050	3.976
1418195245765	37.499717	139.936342	10	-0.135	-0.625	10.258	3.907
1418195245866	37.499713	139.936340	10	-0.132	-0.500	10.039	3.836
1418195245966	37.499710	139.936339	10	-0.136	-0.398	9.791	3.766
1418195246067	37.499707	139.936337	10	-0.096	-0.350	9.717	3.686
1418195246168	37.499704	139.936335	10	0.000	-0.375	10.000	3.604
1418195246268	37.499701	139.936333	10	0.100	-0.402	10.141	3.525
1418195246369	37.499698	139.936331	10	0.163	-0.409	10.123	3.446
1418195246465	37.499695	139.936329	10	0.128	-0.367	9.993	3.373
1418195246565	37.499692	139.936328	10	0.047	-0.294	9.829	3.298
1418195246666	37.499689	139.936326	10	-0.068	-0.336	10.059	3.225
1418195246767	37.499687	139.936324	10	-0.103	-0.387	10.242	3.153
1418195246868	37.499684	139.936322	10	-0.070	-0.403	10.077	3.083
1418195246968	37.499682	139.936320	10	-0.063	-0.362	9.743	3.015
1418195247069	37.499679	139.936319	10	-0.043	-0.378	9.789	2.957
1418195247165	37.499676	139.936318	10	-0.072	-0.429	10.121	2.906
1418195247265	37.499674	139.936316	10	-0.189	-0.432	10.158	2.853
1418195247366	37.499671	139.936315	10	-0.261	-0.411	9.970	2.801
1418195247467	37.499669	139.936314	10	-0.238	-0.401	9.904	2.750
1418195247568	37.499667	139.936312	10	-0.216	-0.394	9.970	2.700
1418195247668	37.499664	139.936311	10	-0.159	-0.424	10.090	2.651
1418195247769	37.499662	139.936310	10	-0.072	-0.423	10.078	2.603
1418195247865	37.499660	139.936308	10	-0.014	-0.388	9.881	2.558
1418195247970	37.499657	139.936307	10	0.014	-0.370	9.921	2.509
1418195248066	37.499656	139.936307	10	0.014	-0.354	10.115	2.467
1418195248165	37.499655	139.936306	10	-0.062	-0.297	9.996	2.424
1418195248267	37.499653	139.936305	10	-0.151	-0.298	9.905	2.380
1418195248366	37.499652	139.936305	10	-0.165	-0.317	9.997	2.339
1418195248469	37.499651	139.936304	10	-0.114	-0.331	10.104	2.296
1418195248565	37.499650	139.936303	10	-0.067	-0.298	9.984	2.257
1418195248665	37.499648	139.936303	10	-0.060	-0.219	9.832	2.217
1418195248766	37.499647	139.936302	10	-0.060	-0.220	9.906	2.178
1418195248867	37.499646	139.936302	10	-0.068	-0.259	10.104	2.139
1418195248967	37.499645	139.936301	10	-0.098	-0.251	10.174	2.101
1418195249068	37.499644	139.936301	10	-0.097	-0.187	10.113	2.063
1418195249169	37.499642	139.936300	10	-0.106	-0.153	9.959	2.026
1418195249269	37.499641	139.936300	10	-0.097	-0.188	9.950	1.990
1418195249365	37.499640	139.936299	10	-0.057	-0.185	10.085	1.956
1418195249466	37.499639	139.936299	10	-0.056	-0.080	9.909	1.921
1418195249567	37.499638	139.936298	10	-0.055	-0.064	9.826	1.887
1418195249667	37.499637	139.936298	10	-0.003	-0.175	10.162	1.853
1418195249768	37.499636	139.936297	10	0.056	-0.236	10.398	1.820
1418195249869	37.499635	139.936297	10	0.079	-0.202	10.177	1.788
1418195249969	37.499634	139.936296	10	0.064	-0.134	9.910	1.756
1418195250065	37.499633	139.936295	10	-0.008	-0.101	9.770	1.730
1418195250166	37.499632	139.936295	10	-0.072	-0.171	9.966	1.703
1418195250267	37.499631	139.936294	10	-0.124	-0.229	10.241	1.677
1418195250367	37.499630	139.936293	10	-0.131	-0.226	10.241	1.651
1418195250468	37.499629	139.936293	10	-0.142	-0.147	9.942	1.626
1418195250569	37.499627	139.936292	10	-0.185	-0.135	9.735	1.601
1418195250669	37.499626	139.936291	10	-0.175	-0.156	9.999	1.576
1418195250765	37.499625	139.936290	10	-0.121	-0.175	10.206	1.553
1418195250866	37.499624	139.936290	10	-0.065	-0.172	10.080	1.529
1418195250966	37.499623	139.936289	10	-0.033	-0.151	9.964	1.506
1418195251067	37.499622	139.936288	10	-0.026	-0.132	10.003	1.454
1418195251168	37.499620	139.936286	10	-0.060	-0.131	10.059	1.396
1418195251268	37.499619	139.936285	10	-0.080	-0.156	10.107	1.341
1418195251369	37.499617	139.936283	10	-0.057	-0.143	10.059	1.287
1418195251465	37.499616	139.936282	10	-0.028	-0.151	9.938	1.238
1418195251566	37.499614	139.936281	10	0.012	-0.158	9.959	1.188
1418195251666	37.499613	139.936280	10	-0.013	-0.134	10.062	1.140
1418195251767	37.499612	139.936278	10	-0.072	-0.122	10.091	1.094
1418195251868	37.499610	139.936277	10	-0.125	-0.139	10.030	1.050
1418195251968	37.499609	139.936276	10	-0.125	-0.150	10.013	1.009
1418195252069	37.499609	139.936276	10	-0.061	-0.167	9.997	0.948
1418195252165	37.499609	139.936276	10	0.006	-0.190	9.943	0.888
1418195252266	37.499609	139.936275	10	0.022	-0.198	9.930	0.829
1418195252366	37.499609	139.936275	10	-0.053	-0.195	9.954	0.773
1418195252467	37.499608	139.936275	10	-0.166	-0.197	9.951	0.720
1418195252568	37.499608	139.936275	10	-0.214	-0.197	9.986	0.670
1418195252668	37.499608	139.936274	10	-0.190	-0.200	9.994	0.625
1418195252769	37.499608	139.936274	10	-0.106	-0.203	9.993	0.582
1418195252865	37.499608	139.936274	10	-0.015	-0.177	10.000	0.544
1418195252965	37.499608	139.936274	10	-0.009	-0.147	9.971	0.508
1418195253066	37.499608	139.936275	12	-0.036	-0.084	9.966	0.475
1418195253167	37.499607	139.936276	12	-0.076	-0.033	9.978	0.444
1418195253268	37.499607	139.936277	12	-0.120	-0.003	9.985	0.414
1418195253368	37.499606	139.936278	12	-0.086	-0.020	9.958	0.386
1418195253469	37.499606	139.936279	12	0.022	-0.054	9.970	0.359
1418195253565	37.499605	139.936280	12	0.080	-0.097	9.983	0.336
1418195253665	37.499605	139.936281	12	0.077	-0.138	10.000	0.313
1418195253766	37.499605	139.936282	12	0.015	-0.140	9.999	0.292
1418195253867	37.499604	139.936282	12	-0.081	-0.143	9.997	0.272
1418195253968	37.499604	139.936283	12	-0.097	-0.160	9.989	0.254
1418195254068	37.499604	139.936283	12	-0.048	-0.154	9.997	0.213
1418195254165	37.499605	139.936283	12	-0.002	-0.157	10.009	0.170
1418195254265	37.499605	139.936283	12	0.042	-0.142	10.028	0.131
1418195254365	37.499606	139.936282	12	0.061	-0.041	10.080	0.098
1418195254466	37.499606	139.936282	12	0.036	0.082	10.069	0.069
1418195254567	37.499606	139.936282	12	0.035	0.178	10.006	0.045
1418195254667	37.499607	139.936282	12	0.026	0.246	9.968	0.026
1418195254768	37.499607	139.936282	12	0.009	0.260	10.024	0.012
1418195254869	37.499607	139.936282	12	0.010	0.271	10.108	0.004
1418195267966	37.499444	139.936211	10	0.015	0.284	10.126	3.500
1418195268067	37.499442	139.936208	11	0.568	0.005	10.227	3.490
1418195268167	37.499440	139.936205	11	0.876	-0.217	10.230	3.477
1418195268268	37.499439	139.936201	11	1.155	-0.432	10.283	3.464
1418195268369	37.499437	139.936198	11	1.256	-0.536	10.130	3.451
1418195268465	37.499435	139.936195	11	1.317	-0.409	9.701	3.439
1418195268565	37.499434	139.936191	11	1.262	-0.232	9.264	3.426
1418195268666	37.499432	139.936188	11	1.153	-0.177	9.533	3.413
1418195268767	37.499431	139.936184	11	1.118	-0.338	10.136	3.401
1418195268867	37.499429	139.936181	11	1.165	-0.442	10.514	3.388
1418195277966	37.499535	139.935720	12	1.180	-0.314	10.300	4.750
1418195278067	37.499536	139.935715	11	0.741	-0.310	10.084	4.750
1418195278168	37.499537	139.935710	11	0.462	-0.295	10.061	4.750
1418195278268	37.499539	139.935704	11	0.265	-0.284	10.059	4.750
1418195278369	37.499540	139.935699	11	0.137	-0.282	9.994	4.750
1418195278465	37.499542	139.935694	11	0.109	-0.274	10.028	4.750
1418195278565	37.499543	139.935689	11	0.073	-0.282	9.978	4.750
1418195278666	37.499544	139.935683	11	0.084	-0.327	10.088	4.750
1418195278767	37.499546	139.935678	11	0.185	-0.361	9.894	4.750
1418195278868	37.499547	139.935672	11	0.224	-0.448	9.765	4.750
1418195278968	37.499549	139.935667	11	0.306	-0.518	10.130	4.750
1418195279069	37.499550	139.935662	11	0.273	-0.557	10.211	4.750
1418195279165	37.499551	139.935657	11	0.190	-0.566	10.085	4.750
1418195279265	37.499553	139.935651	11	0.147	-0.547	9.975	4.750
1418195279366	37.499554	139.935646	11	0.071	-0.531	9.866	4.750
1418195279467	37.499556	139.935641	11	0.049	-0.594	10.031	4.750
1418195279567	37.499557	139.935635	11	0.053	-0.566	10.099	4.750
1418195279668	37.499558	139.935630	11	0.018	-0.535	9.879	4.750
1418195279769	37.499560	139.935625	11	-0.007	-0.545	9.832	4.750
1418195279865	37.499561	139.935620	11	-0.030	-0.527	9.990	4.750
1418195279965	37.499563	139.935614	11	-0.056	-0.558	9.940	4.750
1418195280066	37.499564	139.935609	11	-0.018	-0.563	9.969	4.731
1418195280167	37.499565	139.935604	11	0.016	-0.573	9.999	4.705
1418195280267	37.499566	139.935599	11	-0.003	-0.561	9.897	4.679
1418195280368	37.499567	139.935595	11	0.050	-0.558	9.960	4.654
1418195280469	37.499568	139.935590	11	0.075	-0.569	10.020	4.629
1418195280569	37.499569	139.935585	11	0.046	-0.601	9.996	4.604
1418195280665	37.499570	139.935580	11	0.037	-0.627	10.067	4.580
1418195280766	37.499571	139.935576	11	0.040	-0.605	9.986	4.555
1418195280867	37.499572	139.935571	11	-0.007	-0.617	9.948	4.530
1418195280967	37.499573	139.935566	11	-0.010	-0.616	10.027	4.506
1418195281068	37.499574	139.935561	10	-0.033	-0.627	10.061	4.480
1418195281169	37.499575	139.935557	10	0.011	-0.626	9.990	4.454
1418195281269	37.499576	139.935552	10	0.108	-0.624	9.974	4.429
1418195281365	37.499576	139.935548	10	0.110	-0.628	10.017	4.405
1418195281466	37.499577	139.935543	10	0.071	-0.636	10.021	4.379
1418195281566	37.499578	139.935539	10	0.055	-0.616	10.009	4.354
1418195281667	37.499579	139.935534	10	0.039	-0.632	10.032	4.329
1418195281768	37.499580	139.935530	10	0.021	-0.656	10.036	4.304
1418195281869	37.499581	139.935525	10	0.053	-0.629	10.004	4.279
1418195281969	37.499582	139.935521	10	0.023	-0.634	9.944	4.255
1418195282065	37.499582	139.935517	10	0.003	-0.647	9.997	4.141
1418195282166	37.499583	139.935514	10	0.050	-0.630	10.040	3.999
1418195282266	37.499584	139.935510	10	0.031	-0.664	9.946	3.862
1418195282367	37.499584	139.935507	10	0.025	-0.680	10.014	3.728
1418195282468	37.499585	139.935504	10	0.068	-0.652	10.007	3.599
1418195282569	37.499585	139.935501	10	0.049	-0.658	9.964	3.474
1418195282669	37.499586	139.935498	10	0.077	-0.688	10.104	3.354
1418195282765	37.499586	139.935495	10	0.114	-0.672	10.098	3.244
1418195282866	37.499586	139.935492	10	0.033	-0.660	9.948	3.132
1418195282966	37.499587	139.935490	10	-0.024	-0.640	9.904	3.025
1418195283067	37.499588	139.935487	11	-0.008	-0.633	9.983	2.958
1418195283168	37.499589	139.935485	11	0.017	-0.658	10.014	2.904
1418195283269	37.499589	139.935482	11	0.084	-0.666	9.974	2.851
1418195283369	37.499590	139.935480	11	0.135	-0.651	9.940	2.800
1418195283465	37.499591	139.935478	11	0.095	-0.647	9.939	2.751
1418195283566	37.499592	139.935476	11	0.041	-0.688	9.993	2.701
1418195283666	37.499593	139.935474	11	0.018	-0.682	10.038	2.652
1418195283767	37.499593	139.935472	11	-0.022	-0.672	10.013	2.604
1418195283868	37.499594	139.935469	11	-0.008	-0.667	10.054	2.556
1418195283968	37.499595	139.935467	11	0.063	-0.619	10.081	2.510
1418195284069	37.499596	139.935466	12	0.082	-0.537	9.957	2.456
1418195284165	37.499597	139.935464	12	0.051	-0.470	9.815	2.404
1418195284266	37.499598	139.935463	12	0.068	-0.415	9.882	2.351
1418195284366	37.499599	139.935461	12	0.069	-0.403	10.002	2.299
1418195284467	37.499600	139.935459	12	0.058	-0.403	10.071	2.248
1418195284568	37.499601	139.935458	12	0.048	-0.419	10.099	2.197
1418195284668	37.499602	139.935456	12	0.044	-0.397	10.018	2.149
1418195284769	37.499603	139.935455	12	0.004	-0.411	9.953	2.101
1418195284865	37.499604	139.935454	12	0.036	-0.422	9.970	2.056
1418195284965	37.499605	139.935452	12	0.145	-0.405	10.010	2.011
1418195285066	37.499606	139.935451	12	0.175	-0.400	9.989	1.980
1418195285167	37.499608	139.935450	12	0.140	-0.378	9.958	1.953
1418195285267	37.499609	139.935449	12	0.121	-0.363	9.991	1.927
1418195285368	37.499611	139.935447	12	0.076	-0.358	10.034	1.902
1418195285469	37.499612	139.935446	12	0.015	-0.333	10.033	1.876
1418195285565	37.499614	139.935445	12	0.032	-0.277	9.994	1.852
1418195285665	37.499615	139.935444	12	0.051	-0.255	9.928	1.828
1418195285766	37.499617	139.935443	12	0.056	-0.282	9.946	1.803
1418195285867	37.499618	139.935441	12	0.107	-0.308	10.043	1.779
1418195285967	37.499620	139.935440	12	0.173	-0.311	10.056	1.755
1418195286068	37.499621	139.935439	12	0.144	-0.303	9.947	1.729
1418195286169	37.499622	139.935438	12	0.074	-0.308	9.905	1.702
1418195286265	37.499623	139.935438	12	0.039	-0.305	9.990	1.677
1418195286365	37.499625	139.935437	12	0.032	-0.306	10.039	1.652
1418195286466	37.499626	139.935436	12	0.002	-0.312	9.946	1.626
1418195286567	37.499627	139.935435	12	0.049	-0.296	9.932	1.601
1418195286667	37.499628	139.935434	12	0.112	-0.294	9.997	1.577
1418195286768	37.499629	139.935434	12	0.112	-0.304	9.990	1.552
1418195286869	37.499631	139.935433	12	0.064	-0.312	9.945	1.528
1418195286965	37.499632	139.935432	12	0.031	-0.299	9.953	1.506
1418195287065	37.499632	139.935432	13	0.058	-0.266	10.022	1.480
1418195287166	37.499632	139.935431	13	0.068	-0.260	10.014	1.453
1418195287267	37.499633	139.935430	13	0.067	-0.263	9.947	1.426
1418195287367	37.499633	139.935430	13	0.096	-0.251	9.964	1.400
1418195287468	37.499633	139.935429	13	0.104	-0.249	9.998	1.375
1418195287569	37.499633	139.935428	13	0.090	-0.253	9.977	1.350
1418195287669	37.499633	139.935428	13	0.043	-0.269	9.918	1.325
1418195287765	37.499634	139.935427	13	0.021	-0.279	9.924	1.302
1418195287866	37.499634	139.935427	13	0.063	-0.260	9.990	1.279
1418195287967	37.499634	139.935426	13	0.089	-0.261	10.004	1.255
1418195288067	37.499633	139.935426	15	0.080	-0.269	9.952	1.126
1418195288168	37.499633	139.935427	15	0.058	-0.269	9.946	0.974
1418195288269	37.499632	139.935427	15	0.086	-0.248	10.004	0.837
1418195288369	37.499631	139.935428	15	0.113	-0.179	10.059	0.714
1418195288466	37.499631	139.935428	15	0.109	-0.097	10.023	0.608
1418195288566	37.499630	139.935428	15	0.077	-0.034	9.941	0.511
1418195288666	37.499630	139.935428	15	0.071	0.027	9.893	0.428
1418195288767	37.499630	139.935429	15	0.103	0.050	9.949	0.357
1418195288868	37.499629	139.935429	15	0.121	0.026	9.992	0.301
1418195288969	37.499629	139.935429	15	0.102	-0.027	9.971	0.257
1418195289069	37.499627	139.935431	15	0.081	-0.054	9.971	0.212
1418195289165	37.499625	139.935433	15	0.118	-0.022	10.015	0.170
1418195289266	37.499623	139.935436	15	0.125	0.001	9.997	0.131
1418195289366	37.499622	139.935438	15	0.093	0.020	9.916	0.097
1418195289467	37.499620	139.935439	15	0.077	0.015	9.930	0.068
1418195289568	37.499619	139.935441	15	0.092	-0.003	9.978	0.045
1418195289668	37.499618	139.935442	15	0.114	-0.016	9.993	0.026
1418195289769	37.499618	139.935442	15	0.099	-0.032	9.943	0.012
1418195289865	37.499617	139.935443	15	0.099	-0.010	9.917	0.004
1418195314966	37.499841	139.934378	14	0.112	0.000	9.990	8.506
1418195315067	37.499844	139.934369	14	0.113	-0.153	9.898	8.500
1418195315168	37.499847	139.934361	14	0.145	-0.301	10.000	8.500
1418195315268	37.499851	139.934352	14	0.188	-0.380	10.142	8.500
1418195315369	37.499855	139.934343	14	0.169	-0.409	10.168	8.500
1418195315465	37.499858	139.934335	14	0.114	-0.389	9.928	8.500
1418195315566	37.499862	139.934326	14	0.082	-0.382	9.844	8.500
1418195315666	37.499865	139.934318	14	0.071	-0.385	9.936	8.500
1418195315767	37.499869	139.934309	14	0.059	-0.377	10.031	8.500
1418195315868	37.499873	139.934300	14	0.054	-0.376	10.070	8.500
1418195315968	37.499876	139.934292	14	0.044	-0.402	10.044	8.500
1418195316069	37.499877	139.934284	13	-0.024	-0.417	9.908	8.459
1418195316165	37.499877	139.934277	13	-0.036	-0.367	9.883	8.410
1418195316265	37.499877	139.934269	13	-0.044	-0.362	9.854	8.359
1418195316366	37.499877	139.934262	13	-0.024	-0.389	10.074	8.308
1418195316467	37.499877	139.934254	13	-0.017	-0.416	10.147	8.258
1418195316568	37.499877	139.934247	13	-0.014	-0.414	10.049	8.207
1418195316668	37.499877	139.934239	13	0.032	-0.370	10.052	8.158
1418195316769	37.499877	139.934232	13	0.106	-0.386	10.105	8.108
1418195316865	37.499877	139.934225	13	0.160	-0.407	10.162	8.061
1418195316966	37.499877	139.934218	13	0.172	-0.471	10.259	8.012
1418195317066	37.499879	139.934210	13	0.127	-0.454	10.066	7.981
1418195317167	37.499882	139.934201	13	0.070	-0.399	9.875	7.955
1418195317268	37.499885	139.934193	13	0.072	-0.354	9.873	7.930
1418195317368	37.499888	139.934184	13	0.062	-0.346	9.923	7.905
1418195317469	37.499891	139.934176	13	0.007	-0.381	10.081	7.879
1418195317565	37.499894	139.934168	13	0.019	-0.359	10.030	7.855
1418195317665	37.499897	139.934160	13	-0.000	-0.334	10.043	7.830
1418195317766	37.499900	139.934151	13	0.028	-0.262	9.815	7.805
1418195317867	37.499902	139.934143	13	0.056	-0.255	9.780	7.780
1418195317967	37.499905	139.934135	13	0.064	-0.214	9.815	7.756
1418195318068	37.499909	139.934127	12	0.070	-0.291	9.860	7.730
1418195318169	37.499912	139.934118	12	0.052	-0.370	9.790	7.705
1418195318265	37.499915	139.934111	12	0.033	-0.386	9.822	7.680
1418195318365	37.499919	139.934103	12	0.051	-0.396	9.994	7.655
1418195318466	37.499922	139.934095	12	0.053	-0.369	10.007	7.630
1418195318567	37.499926	139.934087	12	0.081	-0.431	10.207	7.605
1418195318667	37.499929	139.934079	12	0.111	-0.497	10.294	7.580
1418195318768	37.499933	139.934071	12	0.129	-0.470	10.192	7.555
1418195318869	37.499936	139.934063	12	0.127	-0.425	10.086	7.530
1418195318970	37.499939	139.934055	12	0.105	-0.386	10.115	7.505
1418195319070	37.499941	139.934047	12	0.103	-0.375	10.106	7.459
1418195319166	37.499943	139.934039	12	0.112	-0.398	9.946	7.409
1418195319265	37.499944	139.934032	12	0.078	-0.477	9.920	7.359
1418195319367	37.499945	139.934024	12	-0.020	-0.641	10.001	7.307
1418195319466	37.499947	139.934016	12	-0.072	-0.695	10.095	7.258
1418195319569	37.499948	139.934008	12	-0.149	-0.707	9.988	7.206
1418195319668	37.499950	139.934001	12	-0.222	-0.745	9.964	7.157
1418195319765	37.499951	139.933994	12	-0.266	-0.749	9.929	7.109
1418195319866	37.499952	139.933986	12	-0.291	-0.769	9.854	7.060
1418195319967	37.499954	139.933979	12	-0.256	-0.798	9.850	7.011
1418195320067	37.499956	139.933971	11	-0.144	-0.824	9.943	6.980
1418195320168	37.499958	139.933964	11	-0.016	-0.848	9.982	6.955
1418195320269	37.499960	139.933957	11	0.110	-0.803	9.778	6.929
1418195320369	37.499962	139.933950	11	0.187	-0.802	9.677	6.904
1418195320465	37.499964	139.933943	11	0.233	-0.796	9.933	6.880
1418195320566	37.499966	139.933936	11	0.222	-0.770	10.097	6.855
1418195320666	37.499968	139.933929	11	0.190	-0.794	10.132	6.830
1418195320767	37.499970	139.933922	11	0.192	-0.773	10.069	6.805
1418195320868	37.499972	139.933915	11	0.181	-0.790	10.105	6.780
1418195320968	37.499975	139.933908	11	0.242	-0.751	9.959	6.755
1418195321069	37.499977	139.933901	12	0.271	-0.707	9.987	6.709
1418195321165	37.499980	139.933896	12	0.228	-0.740	10.080	6.660
1418195321266	37.499983	139.933890	12	0.218	-0.730	10.123	6.608
1418195321366	37.499986	139.933884	12	0.209	-0.690	10.043	6.557
1418195321467	37.499989	139.933879	12	0.212	-0.670	9.976	6.507
1418195321568	37.499992	139.933873	12	0.166	-0.689	9.947	6.456
1418195321668	37.499995	139.933868	12	0.107	-0.721	10.094	6.407
1418195321769	37.499998	139.933862	12	0.114	-0.682	10.054	6.357
1418195321865	37.500000	139.933857	12	0.079	-0.668	9.902	6.310
1418195321966	37.500003	139.933851	12	-0.029	-0.747	9.870	6.262
1418195322066	37.500007	139.933845	13	-0.058	-0.845	9.984	6.211
1418195322167	37.500011	139.933839	13	-0.002	-0.889	10.045	6.158
1418195322268	37.500015	139.933833	13	-0.029	-0.920	9.872	6.107
1418195322368	37.500020	139.933827	13	-0.085	-0.944	9.748	6.056
1418195322469	37.500024	139.933821	13	-0.125	-1.088	10.118	6.005
1418195322565	37.500027	139.933815	13	-0.128	-1.149	10.155	5.957
1418195322665	37.500031	139.933809	13	-0.126	-1.084	9.882	5.908
1418195322766	37.500035	139.933803	13	-0.142	-1.124	9.812	5.858
1418195322882	37.500040	139.933796	13	-0.164	-1.058	9.782	5.802
1418195322967	37.500043	139.933791	13	-0.125	-1.077	10.026	5.761
1418195323068	37.500044	139.933787	13	-0.115	-1.211	10.424	5.617
1418195323169	37.500045	139.933782	13	-0.135	-1.225	10.227	5.448
1418195323265	37.500045	139.933778	13	-0.151	-1.095	9.707	5.293
1418195323365	37.500046	139.933774	13	-0.135	-1.014	9.478	5.135
1418195323466	37.500046	139.933770	13	-0.165	-1.085	9.969	4.980
1418195323567	37.500046	139.933766	13	-0.249	-1.190	10.355	4.830
1418195323667	37.500047	139.933762	13	-0.297	-1.095	10.135	4.685
1418195323768	37.500047	139.933759	13	-0.380	-1.058	9.682	4.544
1418195323869	37.500048	139.933755	13	-0.403	-0.984	9.691	4.408
1418195323965	37.500048	139.933752	13	-0.410	-1.053	10.067	4.282
1418195324065	37.500049	139.933748	13	-0.401	-1.016	10.009	4.141
1418195324166	37.500050	139.933745	13	-0.432	-1.083	9.862	3.999
1418195324267	37.500051	139.933741	13	-0.402	-1.092	10.096	3.861
1418195324367	37.500052	139.933738	13	-0.413	-1.169	10.303	3.728
1418195324468	37.500053	139.933735	13	-0.565	-1.013	9.933	3.599
1418195324569	37.500054	139.933732	13	-0.706	-0.934	9.746	3.474
1418195324665	37.500054	139.933729	13	-0.778	-0.922	9.960	3.359
1418195324765	37.500055	139.933726	13	-0.898	-0.840	10.169	3.244
1418195324866	37.500056	139.933723	13	-0.990	-0.797	10.226	3.132
1418195324967	37.500057	139.933721	13	-1.057	-0.725	10.090	3.024
1418195325067	37.500057	139.933717	12	-1.036	-0.643	9.813	2.940
1418195325168	37.500057	139.933714	12	-0.888	-0.658	9.703	2.862
1418195325269	37.500057	139.933711	12	-0.839	-0.677	9.833	2.786
1418195325369	37.500057	139.933708	12	-0.842	-0.690	9.981	2.713
1418195325465	37.500057	139.933705	12	-0.877	-0.816	10.249	2.644
1418195325566	37.500057	139.933702	12	-1.022	-0.863	10.446	2.573
1418195325667	37.500057	139.933699	12	-1.154	-0.899	10.249	2.503
1418195325767	37.500057	139.933697	12	-1.243	-0.885	9.971	2.436
1418195325868	37.500056	139.933694	12	-1.303	-0.702	9.763	2.370
1418195325969	37.500056	139.933691	12	-1.277	-0.594	9.753	2.306
1418195326070	37.500056	139.933689	12	-1.257	-0.562	9.953	2.243
1418195326165	37.500056	139.933686	12	-1.231	-0.632	10.346	2.186
1418195326266	37.500056	139.933684	12	-1.224	-0.669	10.403	2.127
1418195326367	37.500056	139.933681	12	-1.339	-0.477	9.790	2.069
1418195326467	37.500056	139.933679	12	-1.353	-0.338	9.460	2.013
1418195326568	37.500056	139.933677	12	-1.276	-0.278	9.614	1.959
1418195326669	37.500056	139.933674	12	-1.280	-0.320	9.764	1.906
1418195326769	37.500056	139.933672	12	-1.193	-0.302	9.635	1.856
1418195326865	37.500056	139.933670	12	-0.960	-0.443	10.279	1.809
1418195326966	37.500056	139.933668	12	-1.071	-0.688	10.979	1.761
1418195327066	37.500054	139.933667	12	-1.310	-0.598	10.450	1.768
1418195327167	37.500052	139.933666	12	-1.346	-0.492	9.971	1.792
1418195327268	37.500049	139.933665	12	-1.413	-0.329	9.758	1.816
1418195327369	37.500047	139.933664	12	-1.361	-0.224	9.532	1.841
1418195327469	37.500044	139.933663	12	-1.190	-0.176	9.716	1.866
1418195327565	37.500041	139.933662	12	-1.093	-0.144	9.945	1.890
1418195327666	37.500039	139.933661	12	-0.953	-0.115	10.145	1.915
1418195327766	37.500036	139.933660	12	-0.681	0.018	10.060	1.941
1418195327867	37.500033	139.933659	12	-0.490	0.138	9.746	1.967
1418195327968	37.500031	139.933658	12	-0.279	0.134	9.765	1.994
1418195328068	37.500028	139.933657	12	-0.293	0.115	9.984	2.000
1418195328169	37.500024	139.933656	12	-0.579	0.194	10.017	2.000
1418195328265	37.500021	139.933654	12	-0.756	0.374	9.958	2.000
1418195328366	37.500018	139.933653	12	-0.719	0.422	9.982	2.000
1418195328466	37.500015	139.933652	12	-0.400	0.411	10.038	2.000
1418195328567	37.500012	139.933650	12	0.019	0.468	9.997	2.000
1418195328668	37.500009	139.933649	12	0.301	0.571	9.878	2.000
1418195328768	37.500006	139.933648	12	0.307	0.625	9.987	2.000
1418195328869	37.500003	139.933647	12	0.170	0.588	10.130	2.000
1418195328965	37.500000	139.933645	12	-0.000	0.555	10.283	2.000
1418195335964	37.499665	139.933526	12	-0.009	0.549	10.291	5.006
1418195335969	37.499665	139.933526	12	-0.015	0.536	10.298	5.005
1418195336065	37.499660	139.933524	12	0.027	0.006	10.144	4.940
1418195336165	37.499656	139.933522	12	0.024	-0.405	10.020	4.860
1418195336266	37.499651	139.933520	12	0.016	-0.599	10.094	4.781
1418195336367	37.499646	139.933518	12	-0.004	-0.734	10.051	4.703
1418195336467	37.499642	139.933516	12	0.040	-0.778	10.006	4.627
1418195336568	37.499637	139.933513	12	0.093	-0.705	10.055	4.552
1418195336669	37.499633	139.933511	12	0.092	-0.683	10.024	4.477
1418195336765	37.499628	139.933509	12	0.073	-0.655	9.939	4.408
1418195336865	37.499624	139.933507	12	0.053	-0.646	9.969	4.337
1418195336966	37.499620	139.933505	12	0.065	-0.637	10.043	4.267
1418195337067	37.499616	139.933504	11	0.066	-0.637	9.963	4.187
1418195337167	37.499613	139.933503	11	0.051	-0.647	9.969	4.107
1418195337268	37.499609	139.933501	11	0.045	-0.658	10.049	4.027
1418195337369	37.499606	139.933500	11	0.054	-0.645	9.904	3.949
1418195337465	37.499603	139.933499	11	0.042	-0.633	9.900	3.876
1418195337565	37.499600	139.933497	11	0.016	-0.677	10.060	3.801
1418195337666	37.499597	139.933496	11	-0.007	-0.722	10.162	3.727
1418195337767	37.499594	139.933495	11	-0.009	-0.682	10.028	3.655
1418195337867	37.499591	139.933493	11	0.020	-0.657	9.841	3.584
1418195337968	37.499588	139.933492	11	-0.009	-0.676	9.797	3.515
1418195338069	37.499585	139.933490	11	0.019	-0.692	10.026	3.458
1418195338165	37.499583	139.933488	11	0.081	-0.692	10.114	3.407
1418195338265	37.499580	139.933486	11	0.084	-0.671	10.034	3.355
1418195338366	37.499578	139.933485	11	0.040	-0.635	9.948	3.303
1418195338467	37.499576	139.933483	11	-0.000	-0.661	9.937	3.252
1418195338567	37.499573	139.933481	11	-0.068	-0.677	9.962	3.202
1418195338668	37.499571	139.933479	11	-0.085	-0.690	10.080	3.153
1418195338769	37.499569	139.933477	11	-0.062	-0.652	10.053	3.104
1418195338869	37.499567	139.933475	11	-0.003	-0.586	9.881	3.056
1418195338965	37.499565	139.933473	11	0.078	-0.556	9.894	3.012
1418195339066	37.499562	139.933472	11	0.133	-0.567	9.992	2.959
1418195339166	37.499560	139.933471	11	0.093	-0.595	10.129	2.905
1418195339267	37.499558	139.933470	11	0.019	-0.578	10.038	2.852
1418195339368	37.499556	139.933469	11	-0.028	-0.525	9.870	2.800
1418195339469	37.499554	139.933468	11	-0.029	-0.501	9.882	2.749
1418195339569	37.499553	139.933467	11	0.008	-0.511	9.959	2.699
1418195339665	37.499551	139.933466	11	0.060	-0.562	10.120	2.653
1418195339766	37.499549	139.933465	11	0.059	-0.590	10.158	2.604
1418195339866	37.499547	139.933464	11	0.055	-0.590	10.003	2.557
1418195339967	37.499545	139.933463	11	0.029	-0.584	9.863	2.510
1418195340068	37.499544	139.933463	11	0.010	-0.559	9.934	2.432
1418195340168	37.499543	139.933463	11	-0.013	-0.568	10.083	2.347
1418195340269	37.499542	139.933462	11	-0.012	-0.571	10.125	2.264
1418195340365	37.499540	139.933462	11	0.004	-0.563	10.001	2.188
1418195340466	37.499539	139.933462	11	0.007	-0.575	9.911	2.110
1418195340566	37.499538	139.933462	11	0.023	-0.606	9.933	2.036
1418195340667	37.499537	139.933462	11	0.080	-0.625	10.034	1.963
1418195340768	37.499536	139.933461	11	0.113	-0.621	10.072	1.894
1418195340868	37.499535	139.933461	11	0.099	-0.611	10.001	1.827
1418195340969	37.499534	139.933461	11	0.074	-0.570	9.996	1.763
1418195341065	37.499533	139.933461	12	-0.007	-0.605	10.009	1.750
1418195341165	37.499530	139.933460	12	-0.004	-0.580	9.990	1.750
1418195341266	37.499528	139.933460	12	0.035	-0.569	10.002	1.750
1418195341367	37.499526	139.933459	12	0.097	-0.572	10.029	1.750
1418195341468	37.499524	139.933459	12	0.105	-0.581	10.011	1.750
1418195341568	37.499522	139.933458	12	0.061	-0.592	10.010	1.750
1418195341669	37.499520	139.933458	12	0.027	-0.566	9.968	1.750
1418195341765	37.499519	139.933457	12	-0.004	-0.526	9.919	1.750
1418195341865	37.499516	139.933457	12	-0.014	-0.530	9.975	1.750
1418195341966	37.499514	139.933456	12	0.055	-0.497	10.072	1.750
1418195342067	37.499515	139.933456	13	0.115	-0.482	10.065	1.555
1418195342168	37.499517	139.933456	13	0.121	-0.472	9.974	1.318
1418195342268	37.499518	139.933456	13	0.086	-0.483	9.912	1.107
1418195342369	37.499520	139.933457	13	0.043	-0.503	9.935	0.917
1418195342465	37.499521	139.933457	13	0.052	-0.482	10.012	0.757
1418195342565	37.499522	139.933457	13	0.064	-0.448	10.049	0.613
1418195342666	37.499522	139.933457	13	0.097	-0.319	10.081	0.490
1418195342767	37.499523	139.933457	13	0.134	-0.124	10.094	0.390
1418195342868	37.499524	139.933457	13	0.153	0.089	10.008	0.312
1418195342968	37.499524	139.933457	13	0.115	0.170	9.828	0.259
1418195343069	37.499524	139.933457	13	0.108	0.157	9.823	0.250
1418195343165	37.499523	139.933458	13	0.150	0.110	10.033	0.250
1418195343265	37.499523	139.933459	13	0.155	0.020	10.135	0.250
1418195343366	37.499522	139.933459	13	0.125	-0.030	10.045	0.250
1418195343467	37.499522	139.933460	13	0.106	0.022	9.979	0.250
1418195343567	37.499522	139.933460	13	0.124	0.123	10.017	0.250
1418195343668	37.499521	139.933461	13	0.155	0.150	10.033	0.250
1418195343769	37.499521	139.933462	13	0.163	0.102	10.021	0.250
1418195343869	37.499520	139.933462	13	0.139	0.045	10.037	0.250
1418195343965	37.499520	139.933463	13	0.112	0.023	10.039	0.250
1418195344066	37.499521	139.933463	11	0.129	0.064	10.013	0.213
1418195344167	37.499521	139.933462	11	0.157	0.114	10.012	0.169
1418195344267	37.499522	139.933462	11	0.148	0.113	10.008	0.131
1418195344368	37.499522	139.933461	11	0.118	0.070	9.990	0.097
1418195344469	37.499523	139.933461	11	0.102	0.041	10.001	0.068
1418195344569	37.499523	139.933461	11	0.134	0.067	10.037	0.044
1418195344665	37.499524	139.933460	11	0.160	0.108	10.052	0.026
1418195344766	37.499524	139.933460	11	0.167	0.117	10.048	0.013
1418195344867	37.499524	139.933460	11	0.164	0.109	10.038	0.004
1418195408967	37.497443	139.932536	12	0.170	0.112	10.022	9.256
1418195409068	37.497435	139.932532	12	0.123	0.169	9.959	9.230
1418195409169	37.497427	139.932528	12	0.106	-0.079	10.688	9.205
1418195409269	37.497419	139.932525	12	0.237	-0.141	10.611	9.180
1418195409365	37.497411	139.932521	12	0.191	0.305	8.537	9.155
1418195409466	37.497403	139.932517	12	0.193	0.630	7.334	9.130
1418195409566	37.497395	139.932514	12	0.037	0.571	7.696	9.105
1418195409667	37.497387	139.932510	12	-0.272	0.413	8.882	9.080
1418195409768	37.497379	139.932506	12	-0.436	-0.131	10.440	9.055
1418195409869	37.497371	139.932502	12	-0.284	-0.527	11.103	9.030
1418195409969	37.497364	139.932499	12	-0.281	-0.821	11.915	9.005
1418195410065	37.497356	139.932494	12	-0.078	-0.916	12.492	8.941
1418195410166	37.497349	139.932489	12	0.140	-0.489	11.590	8.863
1418195410266	37.497341	139.932484	12	0.104	0.242	9.011	8.786
1418195410367	37.497334	139.932479	12	0.107	0.857	7.339	8.710
1418195410468	37.497326	139.932474	12	0.142	0.488	7.487	8.633
1418195410568	37.497319	139.932469	12	0.167	0.107	9.155	8.559
1418195410669	37.497312	139.932464	12	0.184	-0.559	11.374	8.484
1418195410765	37.497305	139.932459	12	0.033	-0.875	12.439	8.413
1418195410866	37.497298	139.932454	12	-0.051	-0.657	11.520	8.339
1418195410966	37.497291	139.932449	12	-0.155	-0.283	9.987	8.267
1418195411067	37.497284	139.932446	12	-0.186	0.138	9.025	8.250
1418195411168	37.497277	139.932443	12	-0.159	0.320	8.684	8.250
1418195411268	37.497270	139.932441	12	-0.182	0.134	9.055	8.250
1418195411369	37.497263	139.932438	12	-0.185	-0.156	9.909	8.250
1418195411465	37.497256	139.932436	12	-0.136	-0.374	10.874	8.250
1418195411565	37.497249	139.932433	12	-0.076	-0.412	11.066	8.250
1418195411666	37.497242	139.932430	12	-0.079	-0.252	10.247	8.250
1418195411767	37.497235	139.932428	12	-0.088	-0.058	9.564	8.250
1418195411868	37.497228	139.932425	12	-0.151	0.022	9.500	8.250
1418195411968	37.497222	139.932423	12	-0.209	0.038	9.639	8.250
1418195412069	37.497217	139.932421	14	-0.167	-0.106	10.029	8.188
1418195412165	37.497212	139.932420	14	-0.248	-0.190	10.427	8.114
1418195412265	37.497208	139.932419	14	-0.247	-0.153	10.362	8.037
1418195412366	37.497204	139.932418	14	-0.245	-0.107	10.006	7.960
1418195412467	37.497199	139.932417	14	-0.150	-0.019	9.761	7.883
1418195412568	37.497195	139.932416	14	-0.144	-0.055	9.829	7.808
1418195412668	37.497191	139.932414	14	-0.084	0.037	10.048	7.734
1418195412769	37.497187	139.932413	14	-0.062	-0.010	10.076	7.660
1418195412865	37.497183	139.932412	14	-0.070	-0.031	10.158	7.590
1418195412965	37.497179	139.932411	14	-0.088	0.018	10.079	7.518
1418195430967	37.495959	139.931758	11	-0.088	0.023	10.075	8.250
1418195431068	37.495951	139.931753	12	0.007	-0.016	9.989	8.250
1418195431168	37.495943	139.931749	12	0.054	-0.036	9.840	8.250
1418195431269	37.495936	139.931744	12	0.108	-0.116	10.021	8.250
1418195431365	37.495928	139.931739	12	0.182	-0.212	10.251	8.250
1418195431465	37.495921	139.931735	12	0.248	-0.261	10.244	8.250
1418195431566	37.495913	139.931730	12	0.265	-0.230	9.867	8.250
1418195431667	37.495906	139.931725	12	0.222	-0.125	9.663	8.250
1418195431767	37.495898	139.931720	12	0.294	-0.082	9.853	8.250
1418195431868	37.495890	139.931716	12	0.357	-0.190	10.020	8.250
1418195431969	37.495883	139.931711	12	0.343	-0.231	10.023	8.250
1418195432065	37.495877	139.931706	12	0.323	-0.323	10.195	8.231
1418195432165	37.495872	139.931701	12	0.255	-0.358	10.294	8.206
1418195432266	37.495866	139.931695	12	0.138	-0.405	10.138	8.180
1418195432367	37.495861	139.931690	12	0.139	-0.497	10.162	8.155
1418195432467	37.495856	139.931685	12	0.141	-0.493	9.803	8.130
1418195432568	37.495850	139.931680	12	0.137	-0.574	9.837	8.105
1418195432669	37.495845	139.931675	12	0.160	-0.644	10.144	8.079
1418195432765	37.495840	139.931670	12	0.163	-0.641	10.210	8.056
1418195432870	37.495834	139.931664	12	0.132	-0.604	9.973	8.030
1418195432966	37.495829	139.931659	12	0.130	-0.470	9.701	8.006
1418195433065	37.495824	139.931655	11	0.054	-0.521	9.855	7.920
1418195433167	37.495819	139.931651	11	-0.081	-0.590	10.112	7.813
1418195433266	37.495814	139.931648	11	-0.148	-0.649	10.318	7.711
1418195433369	37.495809	139.931644	11	-0.172	-0.646	10.329	7.605
1418195433468	37.495804	139.931640	11	-0.198	-0.650	10.118	7.505
1418195433565	37.495799	139.931637	11	-0.200	-0.581	9.962	7.409
1418195433666	37.495794	139.931633	11	-0.287	-0.447	9.922	7.309
1418195433767	37.495789	139.931630	11	-0.362	-0.363	10.176	7.211
1418195433867	37.495785	139.931626	11	-0.430	-0.212	10.047	7.116
1418195433968	37.495780	139.931623	11	-0.428	-0.168	9.825	7.021
1418195434069	37.495775	139.931619	11	-0.475	-0.044	9.526	7.000
1418195434169	37.495769	139.931616	11	-0.386	-0.004	9.511	7.000
1418195434265	37.495764	139.931612	11	-0.437	-0.085	9.918	7.000
1418195434366	37.495758	139.931608	11	-0.585	-0.134	10.076	7.000
1418195434467	37.495753	139.931605	11	-0.664	-0.159	10.147	7.000
1418195434567	37.495747	139.931601	11	-0.721	-0.137	10.274	7.000
1418195434668	37.495742	139.931598	11	-0.868	-0.246	10.569	7.000
1418195434769	37.495736	139.931594	11	-0.849	-0.195	10.382	7.000
1418195434869	37.495731	139.931590	11	-0.798	-0.054	10.007	7.000
1418195434965	37.495725	139.931587	11	-0.834	0.014	9.764	7.000
1418195435066	37.495720	139.931584	12	-0.874	0.027	9.782	6.981
1418195435166	37.495715	139.931581	12	-0.894	-0.063	10.232	6.955
1418195435267	37.495711	139.931578	12	-0.959	0.005	10.222	6.930
1418195435368	37.495706	139.931576	12	-0.987	-0.045	9.841	6.904
1418195435469	37.495701	139.931573	12	-1.005	-0.016	9.707	6.879
1418195435569	37.495696	139.931570	12	-0.943	-0.048	10.000	6.854
1418195435665	37.495691	139.931568	12	-0.916	-0.068	10.177	6.830
1418195435766	37.495687	139.931565	12	-0.881	-0.056	10.004	6.805
1418195435866	37.495682	139.931562	12	-0.872	-0.107	9.919	6.781
1418195435967	37.495677	139.931560	12	-0.888	-0.087	9.969	6.756
1418195436068	37.495673	139.931557	12	-0.908	-0.056	10.227	6.730
1418195436168	37.495668	139.931554	12	-0.920	0.035	10.187	6.705
1418195436269	37.495664	139.931552	12	-0.878	0.083	9.949	6.679
1418195436365	37.495660	139.931549	12	-0.959	0.115	9.779	6.655
1418195436466	37.495655	139.931546	12	-1.045	0.140	10.009	6.630
1418195436566	37.495651	139.931544	12	-1.053	0.193	10.256	6.605
1418195436667	37.495647	139.931541	12	-0.989	0.228	10.076	6.580
1418195436768	37.495642	139.931539	12	-0.913	0.277	9.944	6.555
1418195436868	37.495638	139.931536	12	-0.765	0.374	9.838	6.530
1418195443963	37.495181	139.931342	11	-0.653	0.399	9.889	7.269
1418195443968	37.495180	139.931341	11	-0.646	0.390	9.892	7.266
1418195444069	37.495174	139.931340	11	-0.347	0.116	9.705	7.230
1418195444165	37.495168	139.931339	11	-0.124	-0.195	9.764	7.206
1418195444265	37.495161	139.931338	11	0.026	-0.485	10.198	7.180
1418195444366	37.495155	139.931337	11	0.071	-0.653	10.199	7.155
1418195444467	37.495148	139.931336	11	0.017	-0.722	10.196	7.130
1418195444567	37.495142	139.931335	11	-0.067	-0.782	10.180	7.105
1418195444668	37.495135	139.931334	11	-0.085	-0.718	10.110	7.080
1418195444769	37.495129	139.931333	11	-0.048	-0.656	9.723	7.054
1418195444865	37.495123	139.931332	11	-0.019	-0.643	9.574	7.031
1418195444965	37.495117	139.931331	11	0.044	-0.725	9.943	7.006
1418195445066	37.495110	139.931330	12	0.089	-0.805	10.124	6.981
1418195445167	37.495103	139.931328	12	0.101	-0.874	10.029	6.955
1418195445267	37.495096	139.931327	12	-0.018	-0.883	9.749	6.930
1418195445368	37.495089	139.931326	12	-0.076	-0.903	9.789	6.904
1418195445469	37.495082	139.931324	12	-0.119	-0.909	9.959	6.879
1418195445569	37.495075	139.931323	12	-0.134	-0.933	9.956	6.854
1418195445665	37.495068	139.931321	12	-0.145	-0.939	9.810	6.830
1418195445766	37.495061	139.931320	12	-0.095	-0.975	9.946	6.805
1418195445867	37.495054	139.931319	12	-0.001	-1.037	10.217	6.780
1418195445967	37.495048	139.931317	12	0.023	-1.046	10.284	6.756
1418195446068	37.495041	139.931314	13	-0.003	-0.938	10.235	6.666
1418195446169	37.495035	139.931311	13	-0.127	-0.696	10.000	6.559
1418195446269	37.495029	139.931308	13	-0.112	-0.451	9.869	6.455
1418195446365	37.495023	139.931305	13	-0.142	-0.322	9.834	6.356
1418195446466	37.495017	139.931302	13	-0.119	-0.244	9.956	6.254
1418195446567	37.495011	139.931299	13	-0.059	-0.232	10.159	6.153
1418195446667	37.495006	139.931296	13	0.027	-0.163	9.943	6.056
1418195446768	37.495000	139.931293	13	0.052	-0.149	9.912	5.958
1418195446869	37.494995	139.931290	13	0.012	-0.180	10.173	5.862
1418195446969	37.494989	139.931288	13	0.036	-0.184	10.239	5.769
1418195447065	37.494984	139.931285	13	0.060	-0.062	9.845	5.750
1418195447171	37.494979	139.931283	13	-0.008	0.143	9.668	5.750
1418195447266	37.494974	139.931280	13	-0.048	0.436	9.815	5.750
1418195447365	37.494969	139.931278	13	-0.084	0.417	9.896	5.750
1418195447468	37.494964	139.931276	13	-0.011	0.449	10.048	5.750
1418195447567	37.494959	139.931273	13	0.058	0.603	10.023	5.750
1418195447669	37.494953	139.931271	13	0.055	0.681	9.927	5.750
1418195447765	37.494948	139.931268	13	0.068	0.653	10.042	5.750
1418195447866	37.494943	139.931266	13	0.215	0.662	10.290	5.750
1418195447966	37.494938	139.931264	13	0.346	0.739	10.062	5.750
1418195477967	37.492802	139.930852	5	0.349	0.747	10.040	8.511
1418195478068	37.492794	139.930851	5	0.267	0.457	9.869	8.460
1418195478169	37.492787	139.930849	5	0.114	0.220	9.774	8.408
1418195478269	37.492780	139.930847	5	0.093	0.082	9.777	8.357
1418195478365	37.492774	139.930846	5	0.108	-0.079	10.013	8.309
1418195478466	37.492767	139.930844	5	0.123	-0.209	10.310	8.258
1418195478566	37.492760	139.930843	5	0.133	-0.204	10.119	8.208
1418195478667	37.492753	139.930841	5	0.061	-0.134	9.758	8.158
1418195478768	37.492746	139.930839	5	0.004	-0.093	9.784	8.108
1418195478869	37.492739	139.930838	5	-0.019	-0.108	10.006	8.059
1418195478969	37.492732	139.930836	5	0.018	-0.196	10.323	8.010
1418195479065	37.492726	139.930835	4	0.005	-0.221	10.099	7.981
1418195479166	37.492719	139.930834	4	0.008	-0.159	9.869	7.955
1418195479266	37.492712	139.930833	4	0.010	-0.128	9.996	7.930
1418195479367	37.492705	139.930831	4	-0.025	-0.061	9.851	7.905
1418195479468	37.492698	139.930830	4	-0.052	-0.101	9.957	7.880
1418195479569	37.492691	139.930829	4	-0.031	-0.099	9.955	7.854
1418195479669	37.492685	139.930828	4	-0.087	-0.170	10.069	7.829
1418195479765	37.492678	139.930827	4	-0.028	-0.098	9.907	7.806
1418195479866	37.492671	139.930825	4	-0.080	-0.239	10.612	7.781
1418195479966	37.492665	139.930824	4	-0.051	-0.191	10.471	7.756
1418195480067	37.492658	139.930823	5	-0.027	-0.019	9.950	7.730
1418195480168	37.492652	139.930821	5	-0.104	-0.012	9.717	7.705
1418195480268	37.492646	139.930819	5	-0.004	0.063	9.925	7.680
1418195480369	37.492640	139.930817	5	0.058	0.035	10.199	7.654
1418195480465	37.492635	139.930815	5	-0.029	0.095	9.843	7.630
1418195480566	37.492629	139.930813	5	-0.090	0.115	9.763	7.605
1418195480666	37.492623	139.930811	5	-0.054	0.018	10.186	7.580
1418195480767	37.492617	139.930809	5	-0.202	0.146	9.808	7.555
1418195480868	37.492611	139.930807	5	-0.132	-0.096	10.040	7.530
1418195480968	37.492605	139.930805	5	-0.241	-0.140	10.512	7.505
1418195481069	37.492599	139.930804	5	-0.237	-0.287	10.466	7.480
1418195481165	37.492592	139.930802	5	-0.172	-0.269	10.085	7.456
1418195481265	37.492586	139.930801	5	-0.190	-0.240	9.622	7.430
1418195481366	37.492579	139.930799	5	-0.294	-0.269	9.610	7.405
1418195481467	37.492573	139.930798	5	-0.202	-0.325	9.923	7.380
1418195481568	37.492566	139.930796	5	-0.137	-0.367	9.835	7.354
1418195481668	37.492560	139.930795	5	-0.064	-0.371	9.533	7.330
1418195481769	37.492553	139.930793	5	-0.045	-0.394	9.625	7.305
1418195481865	37.492547	139.930792	5	0.031	-0.399	9.806	7.281
1418195481965	37.492541	139.930790	5	0.058	-0.458	10.103	7.256
1418195482066	37.492534	139.930789	4	-0.056	-0.501	10.124	7.211
1418195482167	37.492528	139.930789	4	-0.188	-0.525	10.218	7.159
1418195482267	37.492522	139.930788	4	-0.185	-0.560	10.398	7.108
1418195482368	37.492515	139.930787	4	-0.136	-0.541	10.355	7.057
1418195482469	37.492509	139.930786	4	-0.088	-0.495	10.144	7.006
1418195482565	37.492503	139.930785	4	-0.015	-0.453	10.229	6.958
1418195482665	37.492497	139.930785	4	-0.006	-0.407	10.007	6.909
1418195482766	37.492491	139.930784	4	-0.040	-0.381	9.777	6.859
1418195482867	37.492485	139.930783	4	-0.063	-0.395	9.827	6.810
1418195482967	37.492479	139.930782	4	-0.137	-0.409	9.973	6.761
1418195483068	37.492473	139.930781	4	-0.168	-0.427	10.057	6.688
1418195483169	37.492467	139.930780	4	-0.231	-0.405	9.862	6.609
1418195483265	37.492462	139.930780	4	-0.246	-0.434	9.770	6.535
1418195483365	37.492456	139.930779	4	-0.270	-0.531	9.946	6.458
1418195483466	37.492450	139.930778	4	-0.345	-0.602	10.144	6.382
1418195483567	37.492444	139.930777	4	-0.415	-0.626	10.022	6.306
1418195483667	37.492439	139.930776	4	-0.504	-0.602	9.720	6.233
1418195483768	37.492433	139.930776	4	-0.572	-0.673	9.809	6.159
1418195483869	37.492428	139.930775	4	-0.606	-0.739	10.101	6.086
1418195483970	37.492422	139.930774	4	-0.636	-0.786	10.300	6.014
1418195484065	37.492417	139.930774	5	-0.685	-0.797	10.065	5.981
1418195484166	37.492412	139.930774	5	-0.726	-0.755	9.818	5.955
1418195484266	37.492408	139.930774	5	-0.723	-0.784	9.837	5.930
1418195484367	37.492403	139.930774	5	-0.686	-0.859	10.136	5.905
1418195484468	37.492398	139.930774	5	-0.596	-0.866	10.254	5.879
1418195484569	37.492393	139.930774	5	-0.494	-0.790	10.100	5.854
1418195484669	37.492388	139.930774	5	-0.430	-0.631	9.755	5.829
1418195484765	37.492384	139.930774	5	-0.310	-0.520	9.748	5.805
1418195484866	37.492379	139.930774	5	-0.191	-0.458	10.028	5.780
1418195484967	37.492374	139.930774	5	-0.112	-0.417	10.153	5.756
1418195485067	37.492371	139.930775	6	-0.033	-0.362	10.022	5.643
1418195485168	37.492368	139.930776	6	0.025	-0.289	9.882	5.505
1418195485269	37.492365	139.930777	6	0.083	-0.279	9.815	5.371
1418195485369	37.492362	139.930778	6	0.199	-0.337	9.945	5.240
1418195485465	37.492360	139.930779	6	0.341	-0.433	10.101	5.118
1418195485566	37.492357	139.930780	6	0.488	-0.493	10.026	4.993
1418195485666	37.492355	139.930781	6	0.663	-0.564	10.088	4.872
1418195485767	37.492352	139.930782	6	0.795	-0.609	10.039	4.752
1418195485868	37.492350	139.930783	6	0.829	-0.640	9.887	4.636
1418195485968	37.492348	139.930784	6	0.836	-0.674	9.866	4.524
1418195486069	37.492345	139.930785	6	0.876	-0.744	10.003	4.436
1418195486165	37.492342	139.930785	6	0.805	-0.742	10.021	4.359
1418195486266	37.492340	139.930786	6	0.681	-0.730	10.039	4.279
1418195486366	37.492337	139.930787	6	0.534	-0.709	10.005	4.202
1418195486467	37.492335	139.930788	6	0.431	-0.616	9.771	4.125
1418195486568	37.492333	139.930788	6	0.364	-0.612	9.985	4.050
1418195486668	37.492330	139.930789	6	0.320	-0.635	10.177	3.977
1418195486769	37.492328	139.930790	6	0.337	-0.640	9.958	3.904
1418195486865	37.492326	139.930790	6	0.424	-0.628	9.873	3.836
1418195486966	37.492324	139.930791	6	0.455	-0.652	9.940	3.766
1418195487066	37.492319	139.930791	6	0.494	-0.711	9.979	3.730
1418195487167	37.492314	139.930790	6	0.561	-0.775	9.948	3.704
1418195487268	37.492310	139.930789	6	0.568	-0.839	10.011	3.679
1418195487368	37.492305	139.930789	6	0.499	-0.855	10.014	3.653
1418195487469	37.492300	139.930788	6	0.378	-0.914	9.899	3.628
1418195487565	37.492296	139.930788	6	0.265	-0.971	9.841	3.604
1418195487665	37.492291	139.930787	6	0.228	-1.050	9.954	3.579
1418195487766	37.492286	139.930786	6	0.226	-1.153	10.150	3.555
1418195487867	37.492282	139.930786	6	0.205	-1.170	10.012	3.530
1418195487968	37.492277	139.930785	6	0.140	-1.243	9.919	3.505
1418195488068	37.492274	139.930784	6	0.060	-1.279	9.997	3.322
1418195488169	37.492272	139.930784	6	-0.007	-1.294	9.993	3.101
1418195488265	37.492271	139.930783	6	-0.050	-1.313	9.890	2.902
1418195488365	37.492269	139.930783	6	-0.093	-1.357	9.899	2.707
1418195488466	37.492267	139.930782	6	-0.084	-1.358	10.037	2.522
1418195488567	37.492265	139.930782	6	-0.060	-1.382	10.014	2.348
1418195488668	37.492264	139.930781	6	-0.007	-1.407	9.958	2.186
1418195488768	37.492263	139.930781	6	0.014	-1.410	9.982	2.038
1418195488869	37.492261	139.930780	6	-0.036	-1.441	9.990	1.900
1418195488965	37.492260	139.930780	6	-0.082	-1.446	9.935	1.780
1418195489065	37.492260	139.930780	4	-0.100	-1.452	9.899	1.608
1418195489166	37.492261	139.930781	4	-0.073	-1.504	9.955	1.429
1418195489267	37.492261	139.930782	4	0.019	-1.475	10.014	1.265
1418195489367	37.492261	139.930782	4	0.130	-1.330	10.091	1.116
1418195489468	37.492261	139.930782	4	0.232	-1.007	10.156	0.979
1418195489569	37.492261	139.930783	4	0.246	-0.615	10.131	0.857
1418195489670	37.492262	139.930783	4	0.201	-0.288	9.919	0.749
1418195489765	37.492262	139.930783	4	0.200	-0.062	9.744	0.660
1418195489871	37.492262	139.930784	4	0.240	0.086	9.820	0.576
1418195489967	37.492262	139.930784	4	0.314	0.160	10.049	0.513
1418195490066	37.492263	139.930783	4	0.341	0.224	10.147	0.427
1418195490168	37.492264	139.930782	4	0.312	0.261	10.015	0.338
1418195490267	37.492265	139.930781	4	0.293	0.230	9.904	0.261
1418195490369	37.492266	139.930780	4	0.281	0.165	9.953	0.193
1418195490465	37.492266	139.930779	4	0.274	0.096	10.076	0.138
1418195490566	37.492267	139.930778	4	0.298	0.073	10.127	0.090
1418195490667	37.492267	139.930778	4	0.347	0.084	10.016	0.052
1418195490767	37.492268	139.930777	4	0.355	0.077	9.936	0.025
1418195490868	37.492268	139.930777	4	0.362	0.077	9.986	0.007
1418195570966	37.490793	139.930441	10	0.347	0.127	9.993	11.756
1418195571067	37.490782	139.930439	10	0.246	-0.153	9.991	11.690
1418195571168	37.490772	139.930436	10	0.313	-0.539	10.171	11.613
1418195571268	37.490762	139.930434	10	0.276	-0.692	9.851	11.537
1418195571369	37.490752	139.930431	10	0.277	-0.780	9.672	11.460
1418195571465	37.490742	139.930428	10	0.293	-0.941	10.038	11.388
1418195571565	37.490732	139.930426	10	0.225	-1.034	10.139	11.313
1418195571666	37.490722	139.930423	10	0.192	-1.070	10.135	11.238
1418195571767	37.490713	139.930421	10	0.167	-1.150	10.352	11.163
1418195571867	37.490703	139.930418	10	0.106	-1.075	10.301	11.090
1418195571968	37.490693	139.930416	10	0.167	-0.974	9.957	11.016
1418195572069	37.490684	139.930414	10	0.089	-0.991	9.843	10.939
1418195572165	37.490676	139.930412	10	0.175	-0.910	9.677	10.865
1418195572265	37.490667	139.930410	10	0.152	-1.018	9.807	10.788
1418195572366	37.490658	139.930408	10	0.091	-1.127	9.953	10.712
1418195572467	37.490649	139.930407	10	0.057	-1.198	9.974	10.636
1418195572567	37.490641	139.930405	10	0.053	-1.251	10.081	10.561
1418195572668	37.490632	139.930403	10	0.083	-1.196	10.039	10.486
1418195572769	37.490623	139.930402	10	0.065	-1.061	9.930	10.411
1418195572869	37.490615	139.930400	10	0.036	-1.021	9.938	10.338
1418195572965	37.490607	139.930398	10	0.054	-0.849	9.955	10.268
1418195573066	37.490598	139.930397	11	0.002	-0.570	10.119	10.149
1418195573167	37.490589	139.930395	11	-0.043	-0.315	9.792	10.017
1418195573267	37.490580	139.930393	11	0.222	-0.193	9.785	9.887
1418195573368	37.490572	139.930391	11	0.343	-0.389	10.307	9.758
1418195573469	37.490563	139.930390	11	0.392	-0.548	10.127	9.631
1418195573569	37.490554	139.930388	11	0.458	-0.720	9.959	9.506
1418195573665	37.490546	139.930386	11	0.530	-0.837	9.950	9.388
1418195573766	37.490538	139.930385	11	0.432	-0.827	10.193	9.266
1418195573866	37.490530	139.930383	11	0.396	-0.951	9.986	9.146
1418195573967	37.490522	139.930381	11	0.346	-0.968	10.042	9.027
1418195574068	37.490514	139.930380	11	0.338	-1.007	10.290	8.960
1418195574169	37.490506	139.930378	11	0.280	-0.915	9.932	8.908
1418195574269	37.490499	139.930376	11	0.121	-0.851	9.789	8.858
1418195574365	37.490491	139.930375	11	0.053	-0.780	9.938	8.809
1418195574466	37.490484	139.930373	11	0.043	-0.824	10.088	8.758
1418195574566	37.490476	139.930372	11	0.048	-0.776	9.963	8.709
1418195574667	37.490469	139.930370	11	0.059	-0.799	9.916	8.658
1418195574768	37.490461	139.930368	11	0.058	-0.815	9.770	8.609
1418195574869	37.490454	139.930367	11	0.210	-0.945	10.118	8.559
1418195574969	37.490447	139.930365	11	0.314	-1.015	10.022	8.510
1418195575070	37.490440	139.930363	11	0.299	-1.085	9.963	8.393
1418195575166	37.490434	139.930361	11	0.246	-1.182	10.041	8.266
1418195575265	37.490428	139.930359	11	0.230	-1.172	10.051	8.136
1418195575367	37.490421	139.930357	11	0.217	-1.107	9.872	8.005
1418195575466	37.490415	139.930355	11	0.127	-0.970	9.371	7.880
1418195575568	37.490409	139.930353	11	0.225	-1.007	9.497	7.753
1418195575667	37.490403	139.930351	11	0.250	-1.185	10.144	7.632
1418195575765	37.490398	139.930349	11	0.234	-1.413	10.816	7.514
1418195575866	37.490392	139.930347	11	0.234	-1.382	10.354	7.394
1418195575966	37.490386	139.930345	11	0.157	-1.345	9.940	7.278
1418195576067	37.490381	139.930344	11	0.109	-1.317	10.005	7.122
1418195576168	37.490377	139.930343	11	0.153	-1.259	10.256	6.958
1418195576268	37.490372	139.930342	11	0.138	-1.215	9.853	6.798
1418195576369	37.490368	139.930341	11	0.150	-1.231	9.585	6.641
1418195576465	37.490363	139.930340	11	0.052	-1.373	9.759	6.494
1418195576566	37.490359	139.930340	11	0.044	-1.533	10.039	6.344
1418195576666	37.490355	139.930339	11	-0.052	-1.716	10.529	6.198
1418195576767	37.490351	139.930338	11	-0.180	-1.676	10.362	6.055
1418195576868	37.490347	139.930337	11	-0.356	-1.626	9.868	5.914
1418195576968	37.490343	139.930336	11	-0.531	-1.475	9.686	5.779
1418195577069	37.490338	139.930336	11	-0.690	-1.287	9.857	5.589
1418195577165	37.490334	139.930336	11	-0.785	-1.087	10.051	5.398
1418195577265	37.490329	139.930336	11	-0.822	-0.954	10.042	5.206
1418195577366	37.490325	139.930336	11	-0.888	-0.785	9.625	5.018
1418195577467	37.490321	139.930335	11	-0.878	-0.752	9.708	4.837
1418195577567	37.490317	139.930335	11	-1.014	-0.813	10.230	4.664
1418195577668	37.490313	139.930335	11	-1.256	-0.868	10.443	4.495
1418195577769	37.490309	139.930335	11	-1.373	-0.758	9.901	4.333
1418195577865	37.490305	139.930335	11	-1.487	-0.682	9.757	4.184
1418195577965	37.490302	139.930335	11	-1.531	-0.794	10.229	4.036
1418195578066	37.490298	139.930335	11	-1.456	-0.828	10.238	3.938
1418195578167	37.490294	139.930335	11	-1.443	-0.698	9.737	3.856
1418195578267	37.490290	139.930336	11	-1.442	-0.527	9.794	3.777
1418195578368	37.490286	139.930336	11	-1.512	-0.554	10.247	3.698
1418195578469	37.490282	139.930336	11	-1.660	-0.589	10.515	3.621
1418195578565	37.490279	139.930336	11	-1.842	-0.510	10.096	3.550
1418195578665	37.490275	139.930336	11	-1.952	-0.391	9.530	3.477
1418195578766	37.490272	139.930337	11	-2.187	-0.526	9.724	3.405
1418195578867	37.490268	139.930337	11	-2.396	-0.723	10.313	3.334
1418195578967	37.490265	139.930337	11	-2.383	-0.922	10.541	3.266
1418195579068	37.490263	139.930340	11	-2.184	-0.855	10.233	3.230
1418195579169	37.490262	139.930343	11	-1.856	-0.825	9.905	3.204
1418195579270	37.490261	139.930347	11	-1.547	-0.830	9.891	3.178
1418195579365	37.490260	139.930350	11	-1.273	-0.910	10.114	3.154
1418195579466	37.490259	139.930354	11	-1.014	-0.773	9.996	3.129
1418195579567	37.490258	139.930358	11	-1.155	-0.583	9.551	3.103
1418195579667	37.490257	139.930361	11	-1.474	-0.649	9.718	3.079
1418195579768	37.490256	139.930364	11	-1.673	-0.754	10.180	3.054
1418195579869	37.490255	139.930368	11	-1.611	-0.545	10.573	3.029
1418195579969	37.490254	139.930371	11	-1.445	-0.405	10.509	3.005
1418195580065	37.490253	139.930375	11	-1.370	-0.094	10.113	3.018
1418195580166	37.490253	139.930378	11	-1.414	0.155	9.271	3.043
1418195580266	37.490252	139.930382	11	-1.354	0.123	9.106	3.067
1418195580367	37.490251	139.930386	11	-1.342	-0.022	9.916	3.092
1418195580468	37.490251	139.930389	11	-1.155	-0.047	10.608	3.117
1418195580569	37.490250	139.930393	11	-0.903	-0.043	10.259	3.142
1418195580669	37.490249	139.930397	11	-0.756	-0.073	9.880	3.168
1418195580765	37.490249	139.930400	11	-0.833	-0.062	10.158	3.192
1418195580866	37.490248	139.930404	11	-0.954	0.030	10.427	3.218
1418195580966	37.490247	139.930408	11	-0.911	0.114	10.184	3.244
1418195581067	37.490246	139.930412	10	-0.602	0.223	9.769	3.302
1418195581168	37.490245	139.930417	10	-0.188	0.236	9.732	3.372
1418195581269	37.490244	139.930422	10	0.252	0.236	9.995	3.444
1418195581369	37.490243	139.930426	10	0.412	0.311	10.150	3.516
1418195581465	37.490243	139.930431	10	0.326	0.378	10.255	3.587
1418195581566	37.490241	139.930436	10	0.087	0.571	10.184	3.663
1418195581666	37.490240	139.930441	10	-0.026	0.755	9.995	3.740
1418195581767	37.490239	139.930446	10	0.103	0.954	9.782	3.819
1418195581868	37.490238	139.930451	10	0.292	1.040	9.625	3.900
1418195599965	37.490027	139.932137	13	0.379	0.948	9.957	9.750
1418195600066	37.490026	139.932146	13	0.328	0.464	10.184	9.670
1418195600166	37.490025	139.932154	13	0.166	0.088	10.395	9.566
1418195600267	37.490024	139.932162	13	0.058	-0.034	10.276	9.462
1418195600368	37.490024	139.932170	13	-0.012	-0.059	9.981	9.359
1418195600469	37.490023	139.932178	13	-0.085	-0.070	9.824	9.258
1418195600569	37.490022	139.932186	13	-0.151	-0.078	9.956	9.158
1418195600665	37.490022	139.932194	13	-0.157	-0.111	10.093	9.063
1418195600766	37.490021	139.932201	13	-0.163	-0.190	10.186	8.965
1418195600866	37.490021	139.932209	13	-0.227	-0.131	9.943	8.868
1418195600967	37.490020	139.932216	13	-0.257	-0.066	9.802	8.772
1418195601068	37.490020	139.932225	13	-0.225	-0.091	9.921	8.710
1418195601168	37.490021	139.932235	13	-0.209	-0.136	10.014	8.659
1418195601269	37.490021	139.932244	13	-0.153	-0.135	9.994	8.608
1418195601365	37.490022	139.932253	13	-0.127	-0.091	9.909	8.559
1418195601465	37.490022	139.932262	13	-0.166	-0.012	9.809	8.509
1418195601566	37.490022	139.932272	13	-0.185	0.068	9.797	8.458
1418195601667	37.490023	139.932281	13	-0.058	-0.002	10.154	8.408
1418195601768	37.490023	139.932290	13	-0.026	0.080	10.225	8.358
1418195601868	37.490024	139.932299	13	0.081	0.091	10.147	8.309
1418195609965	37.489943	139.932956	10	0.154	0.144	10.240	6.756
1418195610066	37.489942	139.932963	11	0.240	-0.082	9.939	6.690
1418195610167	37.489942	139.932970	11	0.275	-0.254	9.820	6.611
1418195610267	37.489941	139.932976	11	0.258	-0.385	10.081	6.533
1418195610368	37.489940	139.932983	11	0.132	-0.489	10.150	6.456
1418195610469	37.489940	139.932989	11	0.156	-0.573	10.089	6.380
1418195610570	37.489939	139.932995	11	0.248	-0.618	9.879	6.304
1418195610665	37.489938	139.933001	11	0.262	-0.682	9.777	6.234
1418195610766	37.489938	139.933008	11	0.247	-0.768	10.010	6.160
1418195610867	37.489937	139.933014	11	0.236	-0.834	10.244	6.087
1418195610967	37.489936	139.933020	11	0.191	-0.816	10.123	6.016
1418195611068	37.489935	139.933026	11	0.101	-0.722	9.778	5.938
1418195611169	37.489934	139.933032	11	0.037	-0.665	9.582	5.858
1418195611269	37.489934	139.933038	11	0.037	-0.653	9.662	5.781
1418195611365	37.489933	139.933044	11	0.113	-0.763	9.963	5.707
1418195611466	37.489932	139.933050	11	0.194	-0.851	10.304	5.631
1418195611566	37.489931	139.933055	11	0.164	-0.863	10.265	5.556
1418195611667	37.489930	139.933061	11	0.086	-0.838	9.945	5.481
1418195611768	37.489930	139.933067	11	0.061	-0.810	9.765	5.408
1418195611869	37.489929	139.933072	11	0.025	-0.829	9.916	5.335
1418195611969	37.489928	139.933078	11	-0.017	-0.889	10.200	5.265
1418195612065	37.489927	139.933081	10	-0.034	-0.894	10.234	5.067
1418195612166	37.489927	139.933085	10	-0.032	-0.858	10.083	4.830
1418195612266	37.489926	139.933088	10	-0.008	-0.817	9.926	4.604
1418195612367	37.489925	139.933091	10	0.023	-0.820	9.941	4.385
1418195612468	37.489925	139.933093	10	0.081	-0.780	10.038	4.177
1418195612569	37.489924	139.933096	10	0.135	-0.766	10.093	3.977
1418195612669	37.489924	139.933099	10	0.130	-0.707	9.964	3.789
1418195612765	37.489923	139.933101	10	0.080	-0.648	9.871	3.618
1418195612866	37.489923	139.933103	10	0.070	-0.654	10.073	3.447
1418195612966	37.489922	139.933106	10	0.106	-0.653	10.213	3.287
1418195613067	37.489921	139.933108	10	0.199	-0.625	10.131	3.230
1418195613168	37.489920	139.933112	10	0.312	-0.544	9.965	3.204
1418195613268	37.489919	139.933115	10	0.318	-0.488	9.812	3.178
1418195613369	37.489919	139.933118	10	0.294	-0.521	9.859	3.153
1418195613465	37.489918	139.933121	10	0.248	-0.554	10.124	3.129
1418195613566	37.489917	139.933124	10	0.162	-0.520	10.170	3.104
1418195613666	37.489916	139.933127	10	0.106	-0.454	9.977	3.079
1418195613767	37.489915	139.933130	10	0.089	-0.421	9.839	3.054
1418195613868	37.489914	139.933132	10	0.127	-0.436	9.957	3.029
1418195613968	37.489913	139.933135	10	0.201	-0.469	10.154	3.005
1418195614069	37.489913	139.933138	10	0.221	-0.460	10.126	2.933
1418195614165	37.489913	139.933140	10	0.188	-0.408	9.909	2.853
1418195614265	37.489913	139.933143	10	0.124	-0.418	9.834	2.772
1418195614366	37.489913	139.933145	10	0.134	-0.464	10.041	2.693
1418195614467	37.489913	139.933147	10	0.117	-0.479	10.143	2.616
1418195614568	37.489913	139.933149	10	0.093	-0.465	10.062	2.540
1418195614668	37.489913	139.933152	10	0.078	-0.440	9.964	2.468
1418195614769	37.489913	139.933154	10	0.097	-0.438	9.900	2.397
1418195614865	37.489913	139.933156	10	0.112	-0.477	9.958	2.332
1418195614965	37.489913	139.933158	10	0.138	-0.469	10.070	2.266
1418195615066	37.489913	139.933160	10	0.101	-0.450	10.033	2.182
1418195615167	37.489912	139.933163	10	0.041	-0.431	9.950	2.095
1418195615268	37.489911	139.933165	10	0.023	-0.429	9.960	2.011
1418195615368	37.489911	139.933167	10	0.032	-0.401	9.998	1.931
1418195615469	37.489910	139.933170	10	0.086	-0.340	10.028	1.853
1418195615565	37.489910	139.933172	10	0.162	-0.291	10.044	1.782
1418195615665	37.489909	139.933174	10	0.199	-0.239	9.993	1.711
1418195615766	37.489909	139.933176	10	0.199	-0.184	9.951	1.642
1418195615867	37.489909	139.933178	10	0.153	-0.146	9.970	1.576
1418195615967	37.489908	139.933180	10	0.110	-0.135	9.992	1.514
1418195616068	37.489908	139.933181	10	0.146	-0.142	10.028	1.454
1418195616169	37.489908	139.933183	10	0.199	-0.130	10.031	1.396
1418195616265	37.489907	139.933184	10	0.217	-0.166	10.102	1.343
1418195616365	37.489907	139.933185	10	0.240	-0.192	10.141	1.289
1418195616466	37.489907	139.933187	10	0.197	-0.153	10.005	1.237
1418195616567	37.489907	139.933188	10	0.097	-0.097	9.813	1.187
1418195616667	37.489907	139.933189	10	0.019	-0.078	9.815	1.140
1418195616768	37.489906	139.933191	10	0.042	-0.118	10.043	1.094
1418195616869	37.489906	139.933192	10	0.142	-0.203	10.264	1.050
1418195616969	37.489906	139.933193	10	0.244	-0.174	10.140	1.008
1418195617065	37.489905	139.933194	10	0.266	-0.101	9.885	1.000
1418195617166	37.489905	139.933195	10	0.194	-0.079	9.766	1.000
1418195617267	37.489904	139.933197	10	0.126	-0.123	9.939	1.000
1418195617367	37.489903	139.933198	10	0.102	-0.165	10.132	1.000
1418195617468	37.489903	139.933199	10	0.118	-0.153	10.132	1.000
1418195617569	37.489902	139.933201	10	0.146	-0.095	9.957	1.000
1418195617669	37.489901	139.933202	10	0.162	-0.068	9.853	1.000
1418195617770	37.489901	139.933203	10	0.163	-0.073	9.947	1.000
1418195617866	37.489900	139.933204	10	0.152	-0.100	10.105	1.000
1418195617965	37.489899	139.933206	10	0.108	-0.125	10.107	1.000
1418195618067	37.489900	139.933207	11	0.121	-0.146	10.036	0.950
1418195618166	37.489900	139.933208	11	0.151	-0.164	10.009	0.888
1418195618269	37.489901	139.933210	11	0.169	-0.161	10.038	0.827
1418195618368	37.489902	139.933211	11	0.164	-0.134	10.054	0.772
1418195618465	37.489902	139.933212	11	0.122	-0.113	10.013	0.721
1418195618566	37.489903	139.933213	11	0.092	-0.073	9.945	0.671
1418195618666	37.489903	139.933214	11	0.079	-0.064	9.962	0.625
1418195618767	37.489904	139.933215	11	0.083	-0.103	10.023	0.583
1418195618868	37.489904	139.933216	11	0.134	-0.124	10.049	0.543
1418195618969	37.489905	139.933217	11	0.139	-0.129	10.030	0.507
1418195619069	37.489904	139.933217	11	0.143	-0.109	10.010	0.424
1418195619165	37.489903	139.933217	11	0.128	-0.113	10.035	0.340
1418195619266	37.489903	139.933217	11	0.126	-0.121	10.064	0.262
1418195619366	37.489902	139.933218	11	0.145	-0.107	10.030	0.195
1418195619467	37.489901	139.933218	11	0.137	-0.099	9.972	0.137
1418195619568	37.489901	139.933218	11	0.113	-0.100	9.962	0.089
1418195619669	37.489901	139.933218	11	0.111	-0.113	10.014	0.052
1418195619769	37.489900	139.933218	11	0.069	-0.106	10.045	0.024
1418195619865	37.489900	139.933218	11	0.045	-0.020	10.084	0.008
1418195636965	37.489878	139.933229	10	0.074	0.093	10.059	2.236
1418195637066	37.489875	139.933229	10	0.487	0.018	9.321	2.268
1418195637167	37.489872	139.933229	10	0.527	-0.157	9.891	2.292
1418195637267	37.489870	139.933230	10	0.452	-0.238	10.620	2.317
1418195637368	37.489867	139.933230	10	0.333	-0.128	10.420	2.341
1418195637469	37.489864	139.933230	10	0.350	0.167	9.468	2.366
1418195637569	37.489862	139.933230	10	0.494	0.239	9.301	2.392
1418195637665	37.489859	139.933230	10	0.928	-0.015	9.606	2.416
1418195637766	37.489856	139.933231	10	0.974	-0.218	9.832	2.442
1418195637867	37.489853	139.933231	10	0.567	-0.470	9.713	2.468
1418195637967	37.489851	139.933231	10	0.346	-0.502	9.590	2.494
1418195638068	37.489848	139.933230	10	0.449	-0.483	9.872	2.551
1418195638169	37.489845	139.933230	10	0.776	-0.804	10.529	2.620
1418195638269	37.489842	139.933229	10	1.080	-1.173	11.367	2.690
1418195638365	37.489839	139.933228	10	0.937	-1.154	11.168	2.758
1418195638466	37.489836	139.933227	10	0.573	-0.827	10.072	2.833
1418195638566	37.489833	139.933226	10	0.101	-0.503	9.354	2.908
1418195638667	37.489829	139.933225	10	-0.188	-0.280	9.464	2.986
1418195638768	37.489826	139.933224	10	-0.236	-0.327	10.067	3.067
1418195638868	37.489822	139.933223	10	-0.059	-0.344	10.474	3.148
1418195651966	37.489606	139.932486	11	0.189	-0.178	10.407	6.506
1418195652066	37.489606	139.932479	11	0.167	-0.184	10.056	6.470
1418195652167	37.489606	139.932472	11	0.238	-0.319	10.364	6.430
1418195652268	37.489607	139.932465	11	0.383	-0.450	10.688	6.390
1418195652368	37.489607	139.932458	11	0.508	-0.431	10.086	6.351
1418195652469	37.489607	139.932451	11	0.642	-0.385	9.682	6.312
1418195652565	37.489607	139.932445	11	0.689	-0.428	9.936	6.275
1418195652665	37.489607	139.932438	11	0.617	-0.476	10.384	6.237
1418195652766	37.489608	139.932431	11	0.475	-0.470	10.247	6.198
1418195652867	37.489608	139.932425	11	0.387	-0.441	9.955	6.160
1418195652968	37.489608	139.932418	11	0.378	-0.469	9.658	6.122
1418195653068	37.489608	139.932411	11	0.464	-0.590	9.853	6.084
1418195653169	37.489608	139.932405	11	0.607	-0.739	10.227	6.047
1418195653265	37.489609	139.932399	11	0.666	-0.766	9.996	6.011
1418195653365	37.489609	139.932392	11	0.697	-0.764	9.615	5.975
1418195653466	37.489609	139.932386	11	0.793	-0.794	9.740	5.938
1418195653567	37.489609	139.932379	11	0.840	-0.838	9.928	5.901
1418195653667	37.489609	139.932373	11	0.766	-0.901	10.089	5.865
1418195653768	37.489610	139.932367	11	0.690	-0.907	10.127	5.829
1418195653869	37.489610	139.932360	11	0.684	-0.798	10.083	5.793
1418195653965	37.489610	139.932355	11	0.747	-0.699	9.847	5.759
1418195654065	37.489612	139.932349	11	0.978	-0.735	9.855	5.690
1418195654166	37.489615	139.932344	11	1.112	-0.867	10.218	5.610
1418195654267	37.489617	139.932340	11	1.244	-1.031	10.624	5.532
1418195654367	37.489620	139.932335	11	1.434	-1.015	10.378	5.455
1418195654468	37.489622	139.932330	11	1.527	-0.945	9.770	5.378
1418195654569	37.489625	139.932326	11	1.655	-0.877	9.415	5.303
1418195654665	37.489627	139.932321	11	1.663	-0.953	9.788	5.232
1418195654765	37.489630	139.932317	11	1.577	-1.019	10.114	5.160
1418195654866	37.489632	139.932312	11	1.458	-0.960	10.025	5.087
1418195654967	37.489634	139.932308	11	1.460	-0.847	9.705	5.016
1418195655067	37.489637	139.932304	10	1.582	-0.815	9.352	4.938
1418195655168	37.489640	139.932300	10	1.786	-0.884	9.375	4.858
1418195655269	37.489643	139.932297	10	1.991	-1.094	9.798	4.779
1418195655370	37.489646	139.932293	10	2.138	-1.301	10.356	4.701
1418195655465	37.489649	139.932290	10	2.189	-1.332	10.402	4.629
1418195655566	37.489652	139.932286	10	2.109	-1.284	9.949	4.553
1418195655667	37.489654	139.932283	10	1.916	-1.289	9.794	4.479
1418195655767	37.489657	139.932279	10	1.832	-1.234	9.728	4.407
1418195655868	37.489660	139.932276	10	1.762	-1.223	9.638	4.335
1418195655969	37.489662	139.932273	10	1.749	-1.176	9.738	4.264
1418195656069	37.489665	139.932270	11	1.746	-1.247	9.933	4.250
1418195656165	37.489666	139.932268	11	1.802	-1.306	10.029	4.250
1418195656266	37.489668	139.932266	11	1.834	-1.335	9.921	4.250
1418195656366	37.489670	139.932264	11	1.812	-1.280	9.724	4.250
1418195656467	37.489672	139.932262	11	1.672	-1.296	9.602	4.250
1418195656568	37.489674	139.932260	11	1.591	-1.356	9.839	4.250
1418195656669	37.489676	139.932258	11	1.530	-1.464	10.050	4.250
1418195656769	37.489678	139.932256	11	1.413	-1.506	10.253	4.250
1418195656865	37.489680	139.932254	11	1.323	-1.450	10.176	4.250
1418195656966	37.489682	139.932252	11	1.268	-1.369	9.692	4.250
1418195657066	37.489685	139.932250	11	1.263	-1.255	9.300	4.250
1418195657167	37.489689	139.932249	11	1.189	-1.272	9.536	4.250
1418195657268	37.489693	139.932248	11	1.125	-1.431	10.194	4.250
1418195657369	37.489697	139.932247	11	1.182	-1.593	10.545	4.250
1418195657469	37.489701	139.932246	11	1.152	-1.667	10.350	4.250
1418195657565	37.489704	139.932245	11	1.072	-1.598	9.935	4.250
1418195657666	37.489708	139.932244	11	0.948	-1.554	9.591	4.250
1418195657766	37.489712	139.932242	11	0.935	-1.597	9.726	4.250
1418195657867	37.489716	139.932241	11	0.919	-1.739	10.146	4.250
1418195657968	37.489720	139.932240	11	0.890	-1.820	10.269	4.250
1418195658069	37.489723	139.932242	11	0.893	-1.687	9.984	4.108
1418195658169	37.489725	139.932245	11	0.716	-1.527	9.653	3.934
1418195658265	37.489727	139.932248	11	0.515	-1.440	9.732	3.773
1418195658366	37.489729	139.932251	11	0.244	-1.472	10.042	3.611
1418195658466	37.489731	139.932254	11	0.072	-1.494	10.226	3.456
1418195658567	37.489732	139.932256	11	-0.034	-1.541	10.063	3.306
1418195658668	37.489734	139.932259	11	-0.170	-1.515	9.788	3.163
1418195658768	37.489736	139.932261	11	-0.276	-1.525	9.880	3.027
1418195658869	37.489737	139.932263	11	-0.353	-1.616	10.158	2.897
1418195658965	37.489739	139.932265	11	-0.402	-1.682	10.145	2.780
1418195659065	37.489740	139.932266	11	-0.419	-1.610	9.951	2.598
1418195659166	37.489742	139.932266	11	-0.511	-1.501	9.760	2.404
1418195659267	37.489743	139.932267	11	-0.637	-1.457	9.811	2.222
1418195659368	37.489745	139.932267	11	-0.677	-1.487	9.969	2.051
1418195659468	37.489746	139.932267	11	-0.631	-1.570	10.055	1.893
1418195659569	37.489747	139.932267	11	-0.511	-1.627	10.028	1.744
1418195659665	37.489748	139.932268	11	-0.421	-1.643	9.946	1.614
1418195659765	37.489749	139.932268	11	-0.377	-1.562	9.956	1.489
1418195659866	37.489750	139.932268	11	-0.329	-1.312	10.084	1.375
1418195659967	37.489751	139.932268	11	-0.257	-0.992	10.142	1.272
1418195660067	37.489751	139.932267	10	-0.131	-0.674	10.011	1.065
1418195660168	37.489751	139.932266	10	-0.001	-0.470	9.809	0.845
1418195660269	37.489751	139.932265	10	0.146	-0.357	9.793	0.650
1418195660365	37.489751	139.932264	10	0.276	-0.259	9.971	0.488
1418195660470	37.489751	139.932264	10	0.367	-0.136	10.119	0.338
1418195660566	37.489751	139.932263	10	0.372	-0.039	10.049	0.225
1418195660665	37.489751	139.932263	10	0.353	0.032	9.886	0.132
1418195660767	37.489751	139.932262	10	0.326	0.079	9.842	0.062
1418195660866	37.489751	139.932262	10	0.326	0.062	9.967	0.019
1418195660969	37.489751	139.932262	10	0.342	0.030	10.027	0.001
1418195742965	37.489947	139.932309	10	0.328	-0.000	9.988	2.506
1418195743066	37.489949	139.932309	9	0.217	-0.373	9.921	2.458
1418195743167	37.489951	139.932309	9	0.117	-0.674	10.051	2.403
1418195743267	37.489952	139.932310	9	0.069	-0.817	10.198	2.350
1418195743368	37.489954	139.932310	9	0.024	-0.812	10.103	2.298
1418195743469	37.489956	139.932310	9	-0.020	-0.712	9.977	2.247
1418195743570	37.489957	139.932310	9	-0.020	-0.641	9.918	2.196
1418195743665	37.489958	139.932310	9	-0.017	-0.604	9.908	2.150
1418195743766	37.489960	139.932311	9	-0.048	-0.611	9.974	2.102
1418195743867	37.489961	139.932311	9	-0.045	-0.611	10.022	2.056
1418195743967	37.489963	139.932311	9	0.021	-0.472	10.107	2.010
1418195744068	37.489960	139.932310	9	0.052	-0.200	10.126	1.700
1418195744169	37.489957	139.932309	9	0.064	-0.017	9.976	1.348
1418195744269	37.489954	139.932308	9	0.102	0.159	9.862	1.040
1418195744365	37.489951	139.932307	9	0.105	0.314	9.925	0.781
1418195744466	37.489949	139.932306	9	0.128	0.452	10.060	0.549
1418195744567	37.489947	139.932305	9	0.120	0.660	10.138	0.358
1418195744667	37.489946	139.932305	9	0.140	0.890	10.096	0.209
1418195744768	37.489945	139.932304	9	0.167	1.256	10.115	0.099
1418195744869	37.489944	139.932304	9	0.187	1.492	10.004	0.029
1418195774965	37.490168	139.930948	11	0.187	1.587	9.870	7.518
1418195775066	37.490169	139.930940	11	0.231	0.879	9.930	7.481
1418195775167	37.490171	139.930932	11	0.163	0.373	9.902	7.455
1418195775267	37.490173	139.930924	11	0.023	0.124	9.995	7.430
1418195775368	37.490174	139.930916	11	0.003	-0.062	10.069	7.405
1418195775469	37.490176	139.930908	11	0.062	-0.205	10.146	7.379
1418195775569	37.490178	139.930901	11	0.051	-0.235	9.992	7.354
1418195775665	37.490180	139.930893	11	0.046	-0.295	9.943	7.330
1418195775766	37.490181	139.930885	11	0.032	-0.343	9.983	7.305
1418195775867	37.490183	139.930877	11	0.003	-0.418	9.888	7.280
1418195775967	37.490185	139.930870	11	0.011	-0.490	9.993	7.256
1418195776068	37.490185	139.930862	11	0.010	-0.546	10.021	7.210
1418195776169	37.490186	139.930855	11	0.051	-0.511	9.321	7.158
1418195776269	37.490187	139.930848	11	0.065	-0.584	9.958	7.107
1418195776365	37.490187	139.930841	11	0.047	-0.732	10.574	7.058
1418195776466	37.490188	139.930834	11	0.161	-0.707	10.343	7.008
1418195776567	37.490189	139.930827	11	0.155	-0.655	10.145	6.957
1418195776667	37.490189	139.930820	11	0.097	-0.624	9.829	6.908
1418195776768	37.490190	139.930813	11	0.146	-0.645	10.266	6.858
1418195776869	37.490190	139.930806	11	0.161	-0.628	10.307	6.809
1418195776969	37.490191	139.930799	11	0.084	-0.553	9.773	6.760
1418195777065	37.490192	139.930792	11	-0.039	-0.454	9.567	6.711
1418195777166	37.490193	139.930785	11	0.132	-0.580	10.191	6.659
1418195777266	37.490194	139.930778	11	0.180	-0.606	10.182	6.608
1418195777367	37.490195	139.930770	11	0.147	-0.588	10.004	6.557
1418195777468	37.490196	139.930763	11	0.192	-0.578	9.767	6.506
1418195777569	37.490197	139.930756	11	0.259	-0.573	9.712	6.456
1418195777669	37.490199	139.930749	11	0.193	-0.634	10.027	6.406
1418195777765	37.490200	139.930742	11	0.149	-0.584	10.064	6.359
1418195777866	37.490201	139.930735	11	0.125	-0.595	9.728	6.310
1418195777966	37.490202	139.930728	11	0.148	-0.624	9.750	6.262
1418195778067	37.490202	139.930721	11	0.095	-0.566	9.561	6.210
1418195778168	37.490203	139.930715	11	0.075	-0.689	10.114	6.158
1418195778269	37.490203	139.930709	11	0.153	-0.819	10.664	6.106
1418195778369	37.490204	139.930703	11	0.245	-0.942	10.899	6.056
1418195778465	37.490204	139.930698	11	0.374	-0.886	10.611	6.007
1418195778566	37.490205	139.930692	11	0.352	-0.715	9.929	5.957
1418195778666	37.490205	139.930686	11	0.241	-0.544	9.506	5.907
1418195778767	37.490206	139.930681	11	0.133	-0.557	9.464	5.858
1418195778868	37.490206	139.930675	11	0.127	-0.524	9.955	5.809
1418195778968	37.490207	139.930669	11	0.155	-0.559	10.093	5.761
1418195779069	37.490207	139.930664	12	0.190	-0.640	10.063	5.687
1418195779165	37.490206	139.930659	12	0.283	-0.694	10.151	5.611
1418195779266	37.490206	139.930654	12	0.360	-0.698	10.035	5.533
1418195779366	37.490206	139.930649	12	0.503	-0.687	9.796	5.456
1418195779467	37.490206	139.930644	12	0.425	-0.698	9.995	5.379
1418195779568	37.490205	139.930639	12	0.174	-0.617	10.014	5.304
1418195779668	37.490205	139.930634	12	-0.015	-0.532	9.738	5.230
1418195779769	37.490205	139.930629	12	0.109	-0.526	9.865	5.157
1418195779865	37.490204	139.930625	12	0.159	-0.598	10.179	5.088
1418195779965	37.490204	139.930620	12	0.261	-0.609	10.064	5.017
1418195780066	37.490205	139.930615	12	0.297	-0.594	9.857	4.939
1418195780167	37.490206	139.930610	12	0.337	-0.529	9.834	4.858
1418195780267	37.490207	139.930605	12	0.384	-0.555	10.229	4.780
1418195780368	37.490208	139.930600	12	0.384	-0.559	10.175	4.702
1418195780469	37.490209	139.930596	12	0.311	-0.503	9.765	4.626
1418195780565	37.490211	139.930591	12	0.198	-0.512	9.933	4.554
1418195780665	37.490212	139.930586	12	0.085	-0.559	10.279	4.480
1418195780766	37.490213	139.930582	12	0.030	-0.537	9.748	4.407
1418195780867	37.490214	139.930577	12	0.241	-0.596	10.208	4.336
1418195780967	37.490215	139.930573	12	0.432	-0.477	10.325	4.266
1418195781068	37.490215	139.930568	11	0.465	-0.292	10.044	4.209
1418195781169	37.490214	139.930564	11	0.491	-0.107	9.722	4.156
1418195781265	37.490213	139.930559	11	0.490	-0.020	9.689	4.106
1418195781365	37.490213	139.930555	11	0.489	0.020	9.699	4.055
1418195781466	37.490212	139.930550	11	0.394	0.026	9.773	4.004
1418195781567	37.490211	139.930546	11	0.283	-0.013	10.194	3.954
1418195781667	37.490211	139.930542	11	0.322	0.039	10.066	3.905
1418195781768	37.490210	139.930537	11	0.307	-0.073	10.171	3.856
1418195781869	37.490210	139.930533	11	0.272	-0.163	10.091	3.807
1418195793964	37.490276	139.929631	13	0.375	-0.072	9.869	7.493
1418195793969	37.490276	139.929631	13	0.371	-0.067	9.871	7.495
1418195794065	37.490276	139.929622	13	0.308	-0.070	9.988	7.500
1418195794165	37.490277	139.929613	13	0.264	-0.064	10.100	7.500
1418195794266	37.490277	139.929604	13	0.250	-0.061	10.003	7.500
1418195794367	37.490278	139.929595	13	0.257	-0.071	9.983	7.500
1418195794467	37.490278	139.929586	13	0.217	-0.108	10.084	7.500
1418195794568	37.490278	139.929577	13	0.130	-0.090	9.968	7.500
1418195794669	37.490279	139.929568	13	0.100	-0.089	9.809	7.500
1418195794765	37.490279	139.929559	13	0.107	-0.192	9.671	7.500
1418195794866	37.490279	139.929550	13	0.083	-0.373	9.877	7.500
1418195794967	37.490280	139.929541	13	0.044	-0.510	10.267	7.500
1418195795067	37.490281	139.929532	13	0.061	-0.391	10.179	7.500
1418195795167	37.490282	139.929523	13	0.044	-0.336	9.943	7.500
1418195795268	37.490284	139.929514	13	0.004	-0.319	9.865	7.500
1418195795369	37.490285	139.929505	13	0.094	-0.354	9.780	7.500
1418195795469	37.490286	139.929496	13	0.105	-0.398	10.014	7.500
1418195795565	37.490287	139.929488	13	0.176	-0.415	10.130	7.500
1418195795666	37.490289	139.929479	13	0.213	-0.453	10.158	7.500
1418195795767	37.490290	139.929470	13	0.260	-0.399	10.010	7.500
1418195795867	37.490291	139.929461	13	0.266	-0.278	9.783	7.500
1418195795968	37.490293	139.929452	13	0.330	-0.392	9.997	7.500
1418195796069	37.490295	139.929443	14	0.351	-0.353	9.962	7.480
1418195796169	37.490299	139.929434	14	0.362	-0.372	9.960	7.455
1418195796265	37.490302	139.929425	14	0.332	-0.353	9.946	7.430
1418195796366	37.490305	139.929416	14	0.237	-0.374	10.030	7.405
1418195796466	37.490308	139.929407	14	0.141	-0.331	10.007	7.380
1418195796567	37.490311	139.929398	14	0.084	-0.287	9.763	7.355
1418195796668	37.490314	139.929389	14	0.058	-0.298	9.893	7.330
1418195796769	37.490317	139.929380	14	0.066	-0.296	10.119	7.305
1418195796869	37.490320	139.929371	14	0.162	-0.379	10.305	7.280
1418195796965	37.490323	139.929362	14	0.192	-0.389	10.367	7.256
1418195797066	37.490324	139.929353	14	0.173	-0.424	10.256	7.231
1418195797166	37.490325	139.929344	14	0.176	-0.412	10.304	7.205
1418195797267	37.490325	139.929334	14	0.135	-0.379	10.141	7.180
1418195797368	37.490325	139.929325	14	0.205	-0.323	9.692	7.154
1418195797469	37.490325	139.929316	14	0.199	-0.166	9.838	7.129
1418195797569	37.490326	139.929306	14	0.234	-0.189	10.004	7.104
1418195797665	37.490326	139.929298	14	0.195	-0.296	10.064	7.080
1418195797766	37.490326	139.929288	14	0.130	-0.336	10.162	7.055
1418195797866	37.490327	139.929279	14	0.094	-0.321	10.043	7.031
1418195797967	37.490327	139.929270	14	0.081	-0.326	9.943	7.006
1418195798068	37.490327	139.929262	13	0.076	-0.293	9.969	6.960
1418195798168	37.490328	139.929254	13	0.057	-0.225	9.859	6.908
1418195798269	37.490328	139.929245	13	0.051	-0.260	10.014	6.857
1418195798365	37.490329	139.929238	13	0.067	-0.263	10.162	6.808
1418195798466	37.490329	139.929230	13	0.053	-0.156	9.966	6.757
1418195798566	37.490329	139.929222	13	0.088	-0.019	9.893	6.707
1418195798667	37.490330	139.929214	13	0.191	0.180	10.229	6.657
1418195798768	37.490330	139.929206	13	0.287	0.518	10.437	6.608
1418195798868	37.490331	139.929198	13	0.313	0.690	10.053	6.559
1418195806965	37.490474	139.928449	11	0.301	0.676	9.744	8.500
1418195807066	37.490475	139.928440	10	0.210	0.196	10.134	8.461
1418195807167	37.490475	139.928430	10	0.074	-0.084	10.037	8.409
1418195807267	37.490476	139.928421	10	-0.051	-0.183	9.848	8.358
1418195807368	37.490477	139.928412	10	-0.116	-0.329	10.320	8.307
1418195807469	37.490477	139.928403	10	-0.098	-0.385	10.513	8.257
1418195807570	37.490478	139.928394	10	-0.048	-0.365	10.039	8.206
1418195807665	37.490479	139.928385	10	0.072	-0.266	9.537	8.159
1418195807766	37.490479	139.928376	10	0.116	-0.290	9.665	8.109
1418195807867	37.490480	139.928367	10	0.232	-0.284	10.013	8.060
1418195807967	37.490481	139.928358	10	0.354	-0.352	10.073	8.011
1418195808068	37.490481	139.928349	10	0.376	-0.412	10.069	7.980
1418195808169	37.490482	139.928340	10	0.318	-0.440	10.129	7.955
1418195808269	37.490482	139.928332	10	0.226	-0.431	10.210	7.929
1418195808365	37.490483	139.928323	10	0.119	-0.342	10.040	7.905
1418195808466	37.490483	139.928315	10	0.046	-0.256	9.769	7.880
1418195808567	37.490484	139.928306	10	0.031	-0.238	9.744	7.855
1418195808667	37.490484	139.928297	10	0.068	-0.302	10.016	7.830
1418195808768	37.490485	139.928289	10	0.124	-0.393	10.188	7.805
1418195808869	37.490485	139.928280	10	0.187	-0.389	10.041	7.780
1418195808969	37.490486	139.928272	10	0.230	-0.381	10.136	7.755
1418195809065	37.490487	139.928264	10	0.195	-0.343	9.887	7.731
1418195809166	37.490489	139.928256	10	0.160	-0.244	9.557	7.705
1418195809266	37.490490	139.928248	10	0.129	-0.262	9.787	7.680
1418195809367	37.490492	139.928240	10	0.166	-0.317	10.092	7.655
1418195809468	37.490493	139.928231	10	0.211	-0.387	10.266	7.629
1418195809569	37.490495	139.928223	10	0.253	-0.486	10.372	7.604
1418195809669	37.490496	139.928215	10	0.255	-0.452	10.160	7.579
1418195809765	37.490498	139.928208	10	0.138	-0.390	10.095	7.556
1418195809866	37.490499	139.928200	10	-0.003	-0.194	9.515	7.531
1418195809966	37.490501	139.928192	10	-0.095	-0.105	9.514	7.506
1418195810067	37.490502	139.928184	10	-0.037	-0.146	10.000	7.460
1418195810168	37.490502	139.928175	10	-0.012	-0.337	10.464	7.408
1418195810268	37.490503	139.928167	10	0.059	-0.458	10.520	7.358
1418195810369	37.490504	139.928159	10	0.046	-0.448	10.128	7.306
1418195810465	37.490504	139.928151	10	0.013	-0.341	9.904	7.258
1418195810566	37.490505	139.928143	10	-0.073	-0.267	10.067	7.208
1418195810666	37.490506	139.928135	10	-0.095	-0.266	10.040	7.158
1418195810767	37.490506	139.928127	10	-0.047	-0.258	9.932	7.109
1418195810868	37.490507	139.928119	10	0.059	-0.258	9.851	7.059
1418195810968	37.490508	139.928111	10	0.146	-0.253	9.820	7.011
1418195811069	37.490508	139.928104	11	0.154	-0.325	10.025	6.959
1418195811165	37.490507	139.928097	11	0.189	-0.342	10.224	6.910
1418195811265	37.490507	139.928090	11	0.190	-0.336	10.174	6.859
1418195811366	37.490506	139.928083	11	0.210	-0.303	9.934	6.808
1418195811467	37.490506	139.928076	11	0.164	-0.290	9.848	6.757
1418195811568	37.490505	139.928070	11	0.130	-0.275	10.030	6.706
1418195811668	37.490505	139.928063	11	0.156	-0.296	10.125	6.657
1418195811769	37.490504	139.928056	11	0.144	-0.290	9.972	6.607
1418195811865	37.490504	139.928050	11	0.112	-0.280	9.991	6.560
1418195811965	37.490503	139.928044	11	0.119	-0.279	10.150	6.512
1418195812066	37.490504	139.928036	11	0.156	-0.311	10.137	6.519
1418195812167	37.490505	139.928029	11	0.159	-0.307	10.031	6.544
1418195812268	37.490506	139.928021	11	0.119	-0.296	9.994	6.569
1418195812368	37.490507	139.928014	11	0.117	-0.277	9.984	6.593
1418195812469	37.490508	139.928006	11	0.129	-0.259	10.020	6.619
1418195812565	37.490509	139.927999	11	0.126	-0.281	10.051	6.643
1418195812665	37.490510	139.927991	11	0.146	-0.322	10.144	6.668
1418195812766	37.490511	139.927983	11	0.180	-0.318	10.055	6.693
1418195812867	37.490513	139.927976	11	0.220	-0.299	10.004	6.719
1418195812967	37.490514	139.927968	11	0.223	-0.259	9.875	6.744
1418195813068	37.490515	139.927960	12	0.214	-0.270	9.994	6.730
1418195813169	37.490517	139.927953	12	0.205	-0.291	10.053	6.705
1418195813265	37.490519	139.927946	12	0.212	-0.297	9.948	6.680
1418195813365	37.490520	139.927939	12	0.270	-0.262	9.855	6.655
1418195813466	37.490522	139.927932	12	0.290	-0.282	9.812	6.630
1418195813567	37.490524	139.927925	12	0.320	-0.276	9.715	6.605
1418195813667	37.490526	139.927918	12	0.368	-0.363	9.913	6.580
1418195813768	37.490527	139.927911	12	0.426	-0.536	10.222	6.555
1418195813869	37.490529	139.927903	12	0.429	-0.666	10.206	6.530
1418195813969	37.490531	139.927896	12	0.330	-0.714	10.092	6.505
1418195814065	37.490532	139.927891	12	0.289	-0.777	10.020	6.325
1418195814166	37.490532	139.927886	12	0.262	-0.837	10.041	6.095
1418195814267	37.490533	139.927881	12	0.319	-0.874	10.091	5.873
1418195814367	37.490534	139.927876	12	0.396	-0.715	10.099	5.661
1418195814468	37.490534	139.927871	12	0.393	-0.663	9.997	5.453
1418195814569	37.490535	139.927866	12	0.367	-0.658	9.885	5.253
1418195814669	37.490535	139.927862	12	0.267	-0.632	9.897	5.063
1418195814765	37.490536	139.927858	12	0.219	-0.655	10.148	4.887
1418195814866	37.490536	139.927854	12	0.217	-0.684	10.312	4.709
1418195814966	37.490537	139.927850	12	0.227	-0.680	10.081	4.539
1418195815067	37.490539	139.927845	13	0.296	-0.655	9.908	4.437
1418195815168	37.490542	139.927841	13	0.301	-0.647	9.930	4.357
1418195815269	37.490544	139.927837	13	0.257	-0.655	9.852	4.277
1418195815369	37.490547	139.927832	13	0.284	-0.687	9.968	4.200
1418195815465	37.490549	139.927828	13	0.274	-0.656	10.056	4.127
1418195815566	37.490551	139.927824	13	0.219	-0.600	9.897	4.051
1418195815666	37.490554	139.927820	13	0.240	-0.580	9.696	3.978
1418195815767	37.490556	139.927816	13	0.314	-0.621	9.740	3.905
1418195815868	37.490558	139.927812	13	0.423	-0.702	10.015	3.834
1418195815969	37.490561	139.927808	13	0.601	-0.758	9.995	3.764
1418195816069	37.490562	139.927803	13	0.524	-0.813	10.004	3.750
1418195816165	37.490563	139.927798	13	0.404	-0.854	10.148	3.750
1418195816266	37.490564	139.927793	13	0.323	-0.871	10.016	3.750
1418195816366	37.490565	139.927788	13	0.202	-0.853	9.826	3.750
1418195816467	37.490566	139.927783	13	0.209	-0.902	9.878	3.750
1418195816568	37.490567	139.927778	13	0.291	-0.987	10.039	3.750
1418195816669	37.490568	139.927773	13	0.270	-1.056	10.133	3.750
1418195816769	37.490569	139.927768	13	0.217	-1.021	10.032	3.750
1418195816865	37.490570	139.927763	13	0.323	-0.992	9.895	3.750
1418195816971	37.490571	139.927758	13	0.378	-0.876	9.892	3.750
1418195817066	37.490572	139.927755	11	0.293	-0.964	10.069	3.637
1418195817165	37.490573	139.927753	11	0.250	-1.043	10.167	3.495
1418195817268	37.490575	139.927750	11	0.324	-1.069	9.984	3.352
1418195817367	37.490576	139.927748	11	0.341	-1.056	9.886	3.220
1418195817469	37.490577	139.927746	11	0.278	-1.101	10.057	3.089
1418195817565	37.490578	139.927744	11	0.156	-1.111	10.101	2.970
1418195817665	37.490579	139.927742	11	0.021	-1.088	9.932	2.851
1418195817766	37.490580	139.927740	11	0.054	-1.057	9.865	2.737
1418195817867	37.490581	139.927738	11	0.191	-1.145	9.937	2.627
1418195817968	37.490582	139.927736	11	0.333	-1.115	10.076	2.522
1418195818068	37.490582	139.927734	11	0.368	-1.062	10.249	2.404
1418195818169	37.490582	139.927732	11	0.277	-0.969	10.113	2.284
1418195818265	37.490581	139.927729	11	0.201	-0.859	9.882	2.175
1418195818365	37.490581	139.927727	11	0.205	-0.788	9.856	2.066
1418195818466	37.490581	139.927725	11	0.204	-0.801	9.930	1.962
1418195818567	37.490581	139.927723	11	0.124	-0.778	9.900	1.862
1418195818668	37.490581	139.927721	11	0.078	-0.749	10.000	1.767
1418195818768	37.490580	139.927720	11	0.094	-0.746	10.114	1.679
1418195818869	37.490580	139.927718	11	0.146	-0.686	10.029	1.594
1418195818965	37.490580	139.927716	11	0.211	-0.631	9.859	1.519
1418195819065	37.490580	139.927714	11	0.262	-0.636	9.844	1.480
1418195819166	37.490581	139.927711	11	0.251	-0.664	9.988	1.453
1418195819267	37.490581	139.927708	11	0.203	-0.703	10.092	1.426
1418195819367	37.490581	139.927705	11	0.110	-0.732	10.038	1.400
1418195819468	37.490581	139.927702	11	0.050	-0.745	9.979	1.375
1418195819569	37.490582	139.927700	11	0.134	-0.795	10.084	1.350
1418195819665	37.490582	139.927697	11	0.229	-0.831	10.132	1.326
1418195819765	37.490582	139.927695	11	0.297	-0.820	10.058	1.302
1418195819866	37.490583	139.927692	11	0.270	-0.776	9.989	1.279
1418195819967	37.490583	139.927690	11	0.187	-0.737	9.970	1.255
1418195820067	37.490581	139.927688	13	0.084	-0.719	9.964	1.169
1418195820168	37.490579	139.927688	13	0.073	-0.732	10.016	1.069
1418195820269	37.490576	139.927687	13	0.178	-0.764	10.024	0.976
1418195820369	37.490574	139.927686	13	0.264	-0.789	9.974	0.890
1418195820465	37.490573	139.927686	13	0.289	-0.792	9.955	0.814
1418195820566	37.490571	139.927685	13	0.259	-0.774	9.993	0.739
1418195820667	37.490569	139.927684	13	0.145	-0.769	9.995	0.672
1418195820767	37.490568	139.927684	13	0.048	-0.757	9.991	0.612
1418195820868	37.490566	139.927683	13	0.058	-0.732	10.016	0.557
1418195820969	37.490565	139.927683	13	0.195	-0.547	10.124	0.509
1418195821069	37.490564	139.927682	13	0.335	-0.223	10.207	0.461
1418195821165	37.490563	139.927681	13	0.403	0.041	10.059	0.416
1418195821266	37.490562	139.927681	13	0.333	0.188	9.817	0.372
1418195821366	37.490561	139.927680	13	0.284	0.207	9.777	0.330
1418195821467	37.490560	139.927679	13	0.275	0.109	9.972	0.290
1418195821568	37.490559	139.927679	13	0.281	-0.004	10.150	0.253
1418195821669	37.490558	139.927678	13	0.300	-0.070	10.108	0.218
1418195821769	37.490557	139.927677	13	0.289	-0.016	10.039	0.186
1418195821865	37.490557	139.927677	13	0.266	0.092	9.987	0.158
1418195821966	37.490556	139.927676	13	0.271	0.131	9.941	0.131
1418195822066	37.490556	139.927676	13	0.284	0.104	9.951	0.107
1418195822167	37.490555	139.927676	13	0.294	0.092	10.075	0.085
1418195822268	37.490555	139.927675	13	0.337	0.101	10.070	0.065
1418195822368	37.490554	139.927675	13	0.316	0.118	9.982	0.048
1418195822469	37.490554	139.927675	13	0.317	0.119	9.942	0.034
1418195822565	37.490554	139.927674	13	0.248	0.115	9.957	0.023
1418195822666	37.490553	139.927674	13	0.240	0.093	10.065	0.013
1418195822766	37.490553	139.927674	13	0.242	0.054	10.004	0.006
1418195822867	37.490553	139.927674	13	0.271	0.009	9.951	0.002
1418195926964	37.490667	139.926469	12	0.349	0.114	10.020	7.506
1418195926969	37.490667	139.926469	12	0.362	0.117	10.024	7.505
1418195927065	37.490667	139.926462	10	0.430	-0.311	10.174	7.481
1418195927165	37.490668	139.926454	10	0.458	-0.586	10.717	7.456
1418195927266	37.490669	139.926447	10	0.636	-0.587	10.155	7.430
1418195927367	37.490669	139.926440	10	0.929	-0.633	9.042	7.405
1418195927467	37.490670	139.926432	10	1.081	-0.843	9.151	7.380
1418195927568	37.490670	139.926425	10	1.247	-1.179	10.400	7.354
1418195927669	37.490671	139.926418	10	1.269	-1.370	11.491	7.329
1418195927765	37.490672	139.926411	10	1.069	-1.183	10.708	7.306
1418195927865	37.490672	139.926404	10	0.815	-0.836	9.300	7.281
1418195927966	37.490673	139.926397	10	0.596	-0.776	9.142	7.256
1418195928067	37.490674	139.926389	10	0.454	-0.879	9.704	7.269
1418195928167	37.490675	139.926380	10	0.421	-0.984	10.344	7.294
1418195928268	37.490675	139.926372	10	0.421	-1.027	10.555	7.319
1418195928369	37.490676	139.926364	10	0.448	-0.991	10.268	7.344
1418195928470	37.490677	139.926355	10	0.406	-0.902	9.876	7.369
1418195928565	37.490678	139.926347	10	0.353	-0.818	9.751	7.393
1418195928666	37.490679	139.926339	10	0.497	-0.763	9.605	7.418
1418195928767	37.490680	139.926330	10	0.533	-0.734	9.816	7.444
1418195928867	37.490681	139.926321	10	0.476	-0.765	10.220	7.469
1418195928968	37.490682	139.926313	10	0.413	-0.785	10.169	7.494
1418195929069	37.490683	139.926305	11	0.433	-0.679	9.685	7.369
1418195929169	37.490683	139.926299	11	0.454	-0.590	9.633	7.207
1418195929265	37.490684	139.926292	11	0.518	-0.569	9.993	7.054
1418195929366	37.490685	139.926285	11	0.569	-0.592	10.293	6.897
1418195929466	37.490686	139.926279	11	0.531	-0.527	10.198	6.744
1418195929567	37.490686	139.926272	11	0.436	-0.374	9.802	6.594
1418195929668	37.490687	139.926266	11	0.417	-0.211	9.669	6.447
1418195929769	37.490688	139.926260	11	0.454	-0.156	9.939	6.303
1418195929869	37.490688	139.926254	11	0.544	-0.102	10.148	6.164
1418195929965	37.490689	139.926248	11	0.573	-0.050	9.842	6.033
1418195930066	37.490689	139.926242	11	0.542	-0.084	9.873	5.939
1418195930166	37.490689	139.926236	11	0.516	-0.126	10.067	5.861
1418195930267	37.490689	139.926230	11	0.471	0.131	10.442	5.782
1418195930368	37.490689	139.926224	11	0.456	0.407	10.318	5.705
1418195930468	37.490689	139.926218	11	0.402	0.559	9.879	5.629
1418195930569	37.490689	139.926212	11	0.396	0.629	9.730	5.554
1418195930665	37.490689	139.926206	11	0.428	0.636	10.041	5.483
1418195930771	37.490689	139.926200	11	0.366	0.597	10.365	5.406
1418195930866	37.490689	139.926195	11	0.305	0.590	10.036	5.338
1418195930965	37.490689	139.926189	11	0.322	0.632	9.901	5.268
1418195933963	37.490711	139.925975	12	0.323	0.616	9.916	6.257
1418195933968	37.490711	139.925975	12	0.324	0.594	9.923	6.255
1418195934069	37.490712	139.925967	12	0.061	-0.015	9.594	6.165
1418195934165	37.490714	139.925961	12	-0.089	-0.438	9.647	6.062
1418195934265	37.490716	139.925954	12	-0.028	-0.709	10.021	5.958
1418195934366	37.490717	139.925947	12	0.071	-0.869	10.227	5.854
1418195934467	37.490719	139.925941	12	0.168	-0.924	10.043	5.751
1418195934567	37.490721	139.925934	12	0.155	-0.971	9.951	5.652
1418195934668	37.490722	139.925928	12	0.099	-0.997	10.010	5.553
1418195934769	37.490724	139.925921	12	0.029	-1.015	10.130	5.456
1418195934869	37.490725	139.925915	12	-0.034	-0.923	9.958	5.362
1418195934965	37.490727	139.925909	12	-0.055	-0.836	9.881	5.273
1418195935066	37.490727	139.925904	12	-0.037	-0.745	10.056	5.189
1418195935167	37.490728	139.925898	12	0.019	-0.666	10.165	5.109
1418195935267	37.490729	139.925893	12	0.033	-0.598	10.078	5.031
1418195935368	37.490729	139.925887	12	0.019	-0.488	9.913	4.953
1418195935469	37.490730	139.925882	12	-0.071	-0.300	9.994	4.876
1418195935569	37.490731	139.925877	12	-0.175	-0.135	10.080	4.802
1418195935665	37.490731	139.925872	12	-0.186	-0.013	10.141	4.731
1418195935766	37.490732	139.925867	12	-0.162	0.029	10.053	4.658
1418195935866	37.490732	139.925862	12	-0.084	0.053	9.970	4.587
1418195935967	37.490733	139.925857	12	0.046	0.228	10.161	4.516
1418195944965	37.490788	139.925199	10	0.060	0.240	10.173	7.506
1418195945071	37.490788	139.925190	10	0.236	0.039	10.365	7.479
1418195945167	37.490789	139.925181	10	0.246	-0.062	10.123	7.455
1418195945266	37.490789	139.925172	10	0.153	-0.035	9.789	7.430
1418195945368	37.490790	139.925163	10	0.008	-0.085	9.897	7.405
1418195945467	37.490790	139.925155	10	-0.142	-0.099	10.005	7.380
1418195945565	37.490790	139.925146	10	-0.132	-0.062	10.071	7.355
1418195945665	37.490791	139.925137	10	-0.130	-0.127	10.116	7.330
1418195945766	37.490791	139.925128	10	-0.137	-0.104	9.869	7.305
1418195945867	37.490792	139.925120	10	-0.092	-0.063	9.786	7.280
1418195945968	37.490792	139.925111	10	-0.066	-0.084	9.940	7.255
1418195946068	37.490793	139.925102	11	-0.046	-0.135	9.967	7.210
1418195946169	37.490794	139.925094	11	-0.033	-0.111	9.635	7.158
1418195946265	37.490795	139.925086	11	-0.066	-0.165	9.958	7.109
1418195946365	37.490795	139.925078	11	0.063	-0.248	10.373	7.058
1418195946466	37.490796	139.925069	11	0.104	-0.349	10.610	7.008
1418195946567	37.490797	139.925061	11	0.060	-0.216	10.100	6.957
1418195946667	37.490798	139.925053	11	0.036	-0.008	9.831	6.908
1418195946768	37.490799	139.925045	11	0.132	0.016	9.422	6.858
1418195946869	37.490800	139.925037	11	0.169	-0.035	9.843	6.809
1418195946970	37.490801	139.925029	11	0.273	-0.127	10.246	6.760
1418195947065	37.490803	139.925021	11	0.348	-0.073	9.698	6.731
1418195947166	37.490805	139.925013	11	0.364	-0.161	9.723	6.705
1418195947267	37.490807	139.925006	11	0.356	-0.220	9.842	6.680
1418195947367	37.490809	139.924998	11	0.321	-0.320	10.428	6.655
1418195947468	37.490812	139.924990	11	0.193	-0.371	10.926	6.629
1418195947569	37.490814	139.924983	11	0.187	-0.412	10.997	6.604
1418195947669	37.490816	139.924975	11	0.352	-0.422	10.629	6.579
1418195947765	37.490818	139.924968	11	0.534	-0.339	10.078	6.555
1418195947866	37.490820	139.924960	11	0.435	-0.020	9.456	6.530
1418195947966	37.490822	139.924953	11	0.276	0.215	9.646	6.506
1418195957967	37.490900	139.924152	10	0.265	0.195	9.665	7.006
1418195958068	37.490901	139.924144	11	0.119	-0.014	9.358	6.938
1418195958168	37.490903	139.924137	11	0.080	-0.175	9.433	6.860
1418195958269	37.490904	139.924130	11	0.004	-0.214	9.902	6.782
1418195958365	37.490906	139.924124	11	-0.095	-0.102	9.910	6.709
1418195958465	37.490907	139.924117	11	-0.157	-0.238	9.877	6.633
1418195958566	37.490909	139.924110	11	-0.098	-0.180	9.918	6.558
1418195958667	37.490910	139.924103	11	-0.095	-0.231	10.008	6.483
1418195958767	37.490912	139.924096	11	-0.186	-0.207	10.030	6.410
1418195958868	37.490913	139.924090	11	-0.301	-0.171	9.941	6.337
1418195958969	37.490915	139.924083	11	-0.277	-0.173	10.104	6.265
1418195959065	37.490915	139.924077	11	-0.285	-0.252	10.268	6.231
1418195959170	37.490915	139.924069	11	-0.291	-0.185	9.996	6.204
1418195959266	37.490915	139.924062	11	-0.257	-0.191	9.851	6.180
1418195959365	37.490915	139.924055	11	-0.157	-0.188	9.880	6.155
1418195959467	37.490915	139.924048	11	-0.271	-0.243	10.083	6.129
1418195959566	37.490916	139.924041	11	-0.265	-0.172	9.836	6.105
1418195959669	37.490916	139.924033	11	-0.305	-0.115	9.720	6.079
1418195959768	37.490916	139.924027	11	-0.269	-0.061	9.749	6.055
1418195959865	37.490916	139.924020	11	-0.281	-0.132	10.047	6.031
1418195959966	37.490916	139.924013	11	-0.209	-0.266	10.637	6.006
1418195960067	37.490916	139.924007	11	-0.137	-0.274	10.731	5.980
1418195960167	37.490917	139.924001	11	-0.136	-0.191	10.193	5.955
1418195960268	37.490917	139.923995	11	-0.043	-0.066	9.792	5.929
1418195960369	37.490917	139.923990	11	-0.078	-0.035	9.760	5.904
1418195960470	37.490917	139.923984	11	-0.017	-0.051	9.947	5.879
1418195960565	37.490918	139.923979	11	0.073	-0.059	10.121	5.855
1418195960666	37.490918	139.923973	11	0.069	0.017	10.055	5.830
1418195960767	37.490918	139.923967	11	0.027	-0.053	9.672	5.805
1418195960867	37.490919	139.923962	11	-0.005	0.099	9.730	5.780
1418195967967	37.490998	139.923462	10	-0.122	0.191	10.097	6.256
1418195979966	37.491105	139.922542	11	-0.129	0.198	10.118	7.000
1418195980067	37.491105	139.922534	11	-0.055	0.130	9.659	6.960
1418195980168	37.491106	139.922527	11	-0.021	-0.059	10.098	6.908
1418195980269	37.491106	139.922519	11	0.011	-0.080	10.430	6.857
1418195980369	37.491106	139.922512	11	-0.001	-0.039	9.839	6.806
1418195980465	37.491106	139.922505	11	-0.073	-0.053	9.681	6.758
1418195980566	37.491107	139.922497	11	-0.187	-0.184	10.161	6.707
1418195980666	37.491107	139.922490	11	-0.281	-0.253	10.525	6.658
1418195980767	37.491107	139.922483	11	-0.321	-0.155	10.440	6.608
1418195980868	37.491108	139.922476	11	-0.254	-0.090	10.150	6.559
1418195980969	37.491108	139.922468	11	-0.233	-0.062	9.842	6.510
1418195981069	37.491109	139.922462	11	-0.036	-0.193	9.756	6.459
1418195981165	37.491109	139.922455	11	0.064	-0.348	9.982	6.410
1418195981266	37.491110	139.922448	11	-0.006	-0.330	9.807	6.358
1418195981366	37.491111	139.922442	11	-0.192	-0.469	10.209	6.307
1418195981467	37.491111	139.922435	11	-0.162	-0.495	9.989	6.257
1418195981568	37.491112	139.922428	11	0.001	-0.536	9.681	6.206
1418195981668	37.491113	139.922422	11	0.226	-0.634	9.719	6.157
1418195981769	37.491113	139.922415	11	0.305	-0.771	10.248	6.107
1418195981865	37.491114	139.922409	11	0.236	-0.849	10.421	6.060
1418195981966	37.491115	139.922403	11	-0.021	-0.882	10.228	6.012
1418195982066	37.491117	139.922396	13	-0.320	-0.730	10.240	5.960
1418195982167	37.491119	139.922391	13	-0.487	-0.604	10.055	5.908
1418195982268	37.491122	139.922385	13	-0.499	-0.470	9.759	5.857
1418195982368	37.491124	139.922379	13	-0.269	-0.444	9.566	5.806
1418195982469	37.491127	139.922373	13	0.069	-0.469	9.555	5.755
1418195982565	37.491129	139.922368	13	0.196	-0.541	9.821	5.707
1418195982665	37.491131	139.922362	13	0.154	-0.651	10.153	5.658
1418195982766	37.491134	139.922356	13	0.004	-0.626	10.237	5.608
1418195982867	37.491136	139.922351	13	-0.113	-0.493	10.050	5.559
1418195982968	37.491138	139.922345	13	-0.147	-0.333	9.850	5.511
1418195983068	37.491139	139.922340	13	-0.081	-0.273	9.790	5.419
1418195983169	37.491139	139.922336	13	0.034	-0.279	9.923	5.316
1418195983265	37.491139	139.922332	13	0.070	-0.340	10.265	5.220
1418195983365	37.491139	139.922327	13	0.081	-0.291	10.281	5.121
1418195983466	37.491138	139.922323	13	-0.028	-0.252	10.025	5.023
1418195983567	37.491138	139.922318	13	-0.145	-0.228	9.958	4.927
1418195983668	37.491138	139.922314	13	-0.178	-0.267	10.169	4.833
1418195983768	37.491138	139.922310	13	-0.166	-0.260	10.191	4.741
1418195983869	37.491138	139.922306	13	-0.125	-0.217	10.104	4.649
1418195983965	37.491138	139.922302	13	-0.054	-0.194	10.013	4.564
1418195984065	37.491138	139.922298	13	-0.008	-0.178	9.870	4.477
1418195984166	37.491138	139.922295	13	-0.023	-0.190	9.839	4.391
1418195984267	37.491138	139.922291	13	-0.040	-0.247	10.118	4.306
1418195984367	37.491138	139.922287	13	-0.058	-0.317	10.231	4.224
1418195984468	37.491137	139.922284	13	0.020	-0.326	10.228	4.143
1418195984569	37.491137	139.922280	13	0.067	-0.334	9.992	4.063
1418195984665	37.491137	139.922277	13	0.049	-0.323	9.808	3.989
1418195984765	37.491137	139.922273	13	0.004	-0.333	9.871	3.914
1418195984866	37.491137	139.922270	13	-0.037	-0.331	10.042	3.839
1418195984967	37.491137	139.922267	13	-0.056	-0.340	10.102	3.766
1418195985067	37.491138	139.922263	13	-0.072	-0.273	9.997	3.730
1418195985168	37.491140	139.922258	13	-0.038	-0.253	10.025	3.704
1418195985269	37.491142	139.922254	13	0.035	-0.268	9.907	3.679
1418195985369	37.491144	139.922250	13	0.080	-0.342	10.012	3.653
1418195985465	37.491145	139.922246	13	0.114	-0.409	10.201	3.629
1418195985566	37.491147	139.922241	13	0.183	-0.441	10.287	3.604
1418195985667	37.491149	139.922237	13	0.194	-0.417	10.155	3.579
1418195985767	37.491150	139.922233	13	0.158	-0.374	9.973	3.554
1418195985868	37.491152	139.922229	13	0.077	-0.353	9.928	3.530
1418195985969	37.491154	139.922225	13	0.036	-0.400	10.073	3.505
1418195986069	37.491154	139.922221	13	0.022	-0.425	10.199	3.500
1418195986165	37.491154	139.922217	13	0.019	-0.383	10.056	3.500
1418195986266	37.491155	139.922213	13	0.011	-0.340	9.871	3.500
1418195986366	37.491155	139.922209	13	0.023	-0.280	9.830	3.500
1418195986467	37.491155	139.922205	13	0.042	-0.317	9.981	3.500
1418195986568	37.491155	139.922201	13	0.058	-0.333	10.083	3.500
1418195986669	37.491155	139.922197	13	0.090	-0.317	9.957	3.500
1418195986769	37.491156	139.922193	13	0.102	-0.302	9.833	3.500
1418195986865	37.491156	139.922189	13	0.103	-0.368	9.909	3.500
1418195986966	37.491156	139.922185	13	0.100	-0.358	9.912	3.500
1418195987066	37.491157	139.922180	15	0.177	-0.355	9.905	3.459
1418195987167	37.491159	139.922176	15	0.269	-0.383	9.931	3.406
1418195987268	37.491161	139.922171	15	0.345	-0.433	10.077	3.353
1418195987369	37.491163	139.922167	15	0.413	-0.459	10.166	3.301
1418195987469	37.491164	139.922162	15	0.532	-0.477	10.046	3.251
1418195987570	37.491166	139.922158	15	0.580	-0.463	9.943	3.201
1418195987666	37.491168	139.922154	15	0.546	-0.483	9.869	3.154
1418195987765	37.491169	139.922149	15	0.431	-0.544	10.009	3.106
1418195987867	37.491171	139.922145	15	0.272	-0.510	10.065	3.057
1418195987966	37.491173	139.922141	15	0.137	-0.414	9.905	3.011
1418195988068	37.491174	139.922138	15	0.045	-0.394	9.938	2.958
1418195988167	37.491175	139.922135	15	0.033	-0.468	10.060	2.905
1418195988265	37.491175	139.922133	15	0.051	-0.507	10.116	2.853
1418195988366	37.491176	139.922130	15	0.136	-0.487	10.108	2.801
1418195988466	37.491177	139.922128	15	0.248	-0.504	10.081	2.751
1418195988567	37.491178	139.922126	15	0.285	-0.508	9.937	2.700
1418195988668	37.491179	139.922123	15	0.227	-0.540	9.836	2.651
1418195988768	37.491179	139.922121	15	0.109	-0.591	9.941	2.603
1418195988869	37.491180	139.922119	15	0.045	-0.654	10.115	2.556
1418195988965	37.491181	139.922117	15	0.012	-0.681	10.143	2.511
1418195989065	37.491181	139.922114	13	0.009	-0.654	10.012	2.435
1418195989166	37.491182	139.922112	13	0.056	-0.601	9.920	2.349
1418195989267	37.491182	139.922109	13	0.118	-0.632	9.958	2.266
1418195989368	37.491183	139.922107	13	0.139	-0.669	10.109	2.185
1418195989468	37.491183	139.922105	13	0.121	-0.715	10.096	2.108
1418195989569	37.491183	139.922102	13	0.135	-0.738	10.053	2.033
1418195989665	37.491184	139.922100	13	0.150	-0.709	10.067	1.965
1418195989765	37.491184	139.922098	13	0.156	-0.649	10.046	1.896
1418195989866	37.491185	139.922096	13	0.134	-0.604	9.883	1.829
1418195989967	37.491185	139.922094	13	0.079	-0.595	9.819	1.764
1418195990068	37.491185	139.922093	13	0.006	-0.627	9.941	1.677
1418195990168	37.491185	139.922091	13	-0.049	-0.636	10.036	1.587
1418195990269	37.491184	139.922090	13	-0.012	-0.607	10.033	1.500
1418195990365	37.491184	139.922088	13	0.036	-0.561	10.007	1.421
1418195990465	37.491184	139.922087	13	0.105	-0.513	10.052	1.343
1418195990566	37.491184	139.922086	13	0.187	-0.458	10.065	1.268
1418195990667	37.491184	139.922084	13	0.220	-0.403	10.021	1.198
1418195990767	37.491183	139.922083	13	0.234	-0.342	10.010	1.132
1418195990868	37.491183	139.922082	13	0.226	-0.305	9.982	1.070
1418195990969	37.491183	139.922081	13	0.216	-0.266	9.951	1.012
1418195991065	37.491181	139.922081	19	0.211	-0.228	9.939	0.979
1418195991165	37.491178	139.922081	19	0.205	-0.204	9.942	0.951
1418195991266	37.491175	139.922081	19	0.178	-0.212	9.926	0.924
1418195991367	37.491173	139.922081	19	0.155	-0.205	9.953	0.897
1418195991467	37.491170	139.922080	19	0.133	-0.190	9.998	0.872
1418195991568	37.491168	139.922080	19	0.115	-0.191	10.016	0.847
1418195991669	37.491165	139.922080	19	0.120	-0.174	10.048	0.822
1418195991769	37.491163	139.922080	19	0.150	-0.154	10.089	0.799
1418195991865	37.491161	139.922080	19	0.157	-0.162	10.088	0.777
1418195991966	37.491159	139.922080	19	0.212	-0.162	10.094	0.755
1418195992067	37.491158	139.922079	19	0.243	-0.165	10.047	0.727
1418195992167	37.491159	139.922078	19	0.255	-0.155	10.004	0.698
1418195992268	37.491160	139.922077	19	0.266	-0.161	9.989	0.670
1418195992369	37.491160	139.922077	19	0.265	-0.127	10.029	0.643
1418195992469	37.491161	139.922076	19	0.224	-0.072	9.974	0.618
1418195992565	37.491161	139.922075	19	0.189	-0.047	9.906	0.594
1418195992666	37.491162	139.922074	19	0.169	-0.004	9.927	0.570
1418195992766	37.491162	139.922074	19	0.187	0.037	9.997	0.547
1418195992867	37.491162	139.922073	19	0.193	0.043	10.041	0.525
1418195992968	37.491163	139.922072	19	0.206	0.044	10.081	0.504
1418195993069	37.491164	139.922071	17	0.262	0.046	10.055	0.500
1418195993169	37.491166	139.922070	17	0.301	0.047	10.032	0.500
1418195993265	37.491168	139.922070	17	0.305	0.033	9.983	0.500
1418195993366	37.491170	139.922069	17	0.304	0.006	9.987	0.500
1418195993466	37.491172	139.922068	17	0.264	0.013	9.965	0.500
1418195993567	37.491174	139.922067	17	0.217	0.038	9.943	0.500
1418195993668	37.491176	139.922066	17	0.186	0.049	9.958	0.500
1418195993769	37.491178	139.922065	17	0.158	0.048	9.994	0.500
1418195993869	37.491180	139.922064	17	0.186	0.051	10.055	0.500
1418195993965	37.491182	139.922063	17	0.259	0.052	10.106	0.500
1418196019963	37.491369	139.920551	14	0.260	0.051	10.109	7.500
1418196019968	37.491369	139.920551	14	0.264	0.043	10.115	7.500
1418196020068	37.491370	139.920545	14	0.383	-0.173	10.223	7.439
1418196020170	37.491371	139.920539	14	0.290	-0.296	10.418	7.359
1418196020265	37.491372	139.920534	14	0.116	-0.281	10.203	7.286
1418196020366	37.491373	139.920528	14	-0.054	-0.179	9.838	7.209
1418196020466	37.491374	139.920523	14	-0.079	-0.171	9.891	7.133
1418196020567	37.491375	139.920518	14	-0.031	-0.223	10.017	7.058
1418196020668	37.491377	139.920512	14	0.049	-0.300	10.013	6.983
1418196020768	37.491378	139.920507	14	0.111	-0.338	10.025	6.910
1418196020869	37.491379	139.920502	14	0.149	-0.329	10.116	6.837
1418196020965	37.491380	139.920497	14	0.105	-0.261	9.904	6.768
1418196021065	37.491379	139.920489	16	0.127	-0.217	9.682	6.750
1418196021166	37.491377	139.920479	16	0.209	-0.301	10.038	6.750
1418196021267	37.491375	139.920470	16	0.205	-0.360	10.405	6.750
1418196021368	37.491373	139.920460	16	0.235	-0.362	10.109	6.750
1418196021468	37.491371	139.920451	16	0.155	-0.292	9.924	6.750
1418196021569	37.491369	139.920442	16	0.063	-0.278	10.030	6.750
1418196021665	37.491367	139.920433	16	-0.042	-0.276	10.107	6.750
1418196021765	37.491365	139.920423	16	-0.143	-0.276	10.012	6.750
1418196021866	37.491363	139.920414	16	-0.268	-0.237	10.074	6.750
1418196021967	37.491361	139.920404	16	-0.270	-0.262	10.007	6.750
1418196022067	37.491362	139.920395	16	-0.389	-0.205	9.873	6.689
1418196022168	37.491362	139.920386	16	-0.394	-0.154	10.221	6.610
1418196022269	37.491363	139.920377	16	-0.270	-0.123	10.394	6.532
1418196022365	37.491364	139.920369	16	-0.149	-0.132	10.189	6.458
1418196022465	37.491364	139.920360	16	-0.068	-0.022	9.830	6.383
1418196022566	37.491365	139.920352	16	0.023	0.030	9.807	6.307
1418196022667	37.491366	139.920343	16	0.065	0.089	10.028	6.233
1418196022767	37.491367	139.920335	16	-0.065	0.070	10.139	6.160
1418196022868	37.491367	139.920327	16	-0.269	0.146	9.993	6.087
1418196034963	37.491501	139.919322	11	-0.469	0.344	9.621	8.257
1418196034968	37.491501	139.919321	11	-0.470	0.349	9.621	8.255
1418196035069	37.491503	139.919313	12	-0.261	-0.098	10.078	8.230
1418196035165	37.491504	139.919305	12	-0.068	-0.404	10.444	8.206
1418196035265	37.491506	139.919296	12	-0.021	-0.582	10.255	8.180
1418196035366	37.491508	139.919288	12	-0.023	-0.568	9.907	8.155
1418196035467	37.491510	139.919280	12	0.063	-0.563	9.669	8.130
1418196035567	37.491512	139.919272	12	0.116	-0.630	9.710	8.105
1418196035668	37.491514	139.919264	12	0.092	-0.684	9.951	8.080
1418196035769	37.491516	139.919256	12	0.025	-0.764	10.145	8.055
1418196035870	37.491518	139.919248	12	-0.095	-0.755	9.994	8.030
1418196035965	37.491520	139.919240	12	-0.160	-0.667	9.845	8.006
1418196036066	37.491521	139.919232	12	-0.279	-0.663	10.045	7.919
1418196036167	37.491522	139.919225	12	-0.250	-0.638	9.987	7.813
1418196036267	37.491523	139.919217	12	-0.177	-0.616	9.692	7.710
1418196036368	37.491524	139.919210	12	-0.120	-0.691	10.416	7.606
1418196036469	37.491524	139.919202	12	-0.114	-0.621	10.449	7.504
1418196036569	37.491525	139.919195	12	-0.041	-0.604	10.235	7.405
1418196036665	37.491526	139.919188	12	0.024	-0.533	10.188	7.310
1418196036766	37.491527	139.919181	12	0.085	-0.428	10.000	7.212
1418196036867	37.491528	139.919174	12	-0.001	-0.236	9.676	7.116
1418196036967	37.491529	139.919168	12	-0.079	-0.194	9.614	7.022
1418196037068	37.491530	139.919161	10	-0.112	-0.299	9.767	6.938
1418196037169	37.491530	139.919156	10	-0.078	-0.275	10.103	6.860
1418196037269	37.491531	139.919150	10	-0.082	-0.279	10.492	6.782
1418196037365	37.491532	139.919145	10	-0.062	-0.188	10.155	6.709
1418196037466	37.491532	139.919139	10	-0.005	-0.200	10.074	6.632
1418196037566	37.491533	139.919134	10	-0.051	-0.086	10.019	6.558
1418196037667	37.491534	139.919128	10	-0.078	-0.066	10.053	6.483
1418196037768	37.491535	139.919123	10	0.035	0.014	9.711	6.409
1418196037869	37.491535	139.919117	10	0.076	0.048	9.437	6.336
1418196044963	37.491591	139.918617	13	0.122	-0.032	9.863	6.000
1418196044967	37.491591	139.918616	13	0.127	-0.042	9.893	6.000
1418196045069	37.491590	139.918609	13	0.094	-0.297	10.193	5.959
1418196045165	37.491589	139.918601	13	0.059	-0.359	9.945	5.909
1418196045266	37.491588	139.918593	13	0.058	-0.424	9.790	5.858
1418196045366	37.491587	139.918584	13	0.047	-0.438	9.824	5.807
1418196045467	37.491586	139.918576	13	-0.015	-0.564	9.980	5.756
1418196045568	37.491585	139.918568	13	-0.060	-0.632	10.308	5.706
1418196045668	37.491583	139.918561	13	-0.056	-0.580	10.235	5.656
1418196045769	37.491582	139.918553	13	0.024	-0.551	9.912	5.607
1418196045865	37.491581	139.918545	13	0.028	-0.567	9.818	5.560
1418196045965	37.491580	139.918538	13	-0.026	-0.593	10.103	5.512
1418196046066	37.491580	139.918531	13	-0.098	-0.624	10.188	5.439
1418196046167	37.491581	139.918525	13	-0.097	-0.621	10.090	5.359
1418196046268	37.491581	139.918519	13	-0.114	-0.574	9.904	5.280
1418196046368	37.491582	139.918513	13	-0.091	-0.557	9.869	5.204
1418196046469	37.491582	139.918507	13	-0.087	-0.511	9.813	5.127
1418196046565	37.491583	139.918502	13	-0.038	-0.535	9.973	5.055
1418196046665	37.491583	139.918496	13	0.054	-0.580	10.165	4.982
1418196046766	37.491584	139.918490	13	0.056	-0.612	10.214	4.908
1418196046867	37.491584	139.918485	13	0.003	-0.617	10.079	4.836
1418196046968	37.491585	139.918479	13	-0.078	-0.602	10.037	4.765
1418196047068	37.491588	139.918476	12	-0.134	-0.598	10.007	4.664
1418196047169	37.491591	139.918473	12	-0.137	-0.597	9.962	4.554
1418196047265	37.491594	139.918470	12	-0.061	-0.636	10.088	4.452
1418196047365	37.491597	139.918467	12	-0.036	-0.662	10.312	4.347
1418196047466	37.491601	139.918464	12	-0.002	-0.659	10.281	4.245
1418196047567	37.491604	139.918461	12	0.111	-0.603	9.869	4.144
1418196047667	37.491607	139.918458	12	0.253	-0.588	9.734	4.047
1418196047768	37.491610	139.918456	12	0.329	-0.581	9.699	3.952
1418196047869	37.491613	139.918453	12	0.363	-0.650	9.891	3.858
1418196047965	37.491615	139.918451	12	0.503	-0.672	10.068	3.772
1418196048065	37.491616	139.918449	12	0.535	-0.683	10.169	3.433
1418196048166	37.491617	139.918447	12	0.628	-0.657	9.978	3.035
1418196048267	37.491617	139.918445	12	0.872	-0.693	9.922	2.669
1418196048367	37.491617	139.918444	12	1.090	-0.754	10.016	2.339
1418196048468	37.491617	139.918443	12	1.276	-0.798	10.166	2.038
1418196048569	37.491617	139.918441	12	1.259	-0.661	9.972	1.770
1418196048669	37.491618	139.918440	12	1.105	-0.580	10.097	1.536
1418196048765	37.491618	139.918439	12	1.183	-0.491	10.133	1.341
1418196048866	37.491618	139.918439	12	1.254	-0.518	10.206	1.168
1418196048966	37.491618	139.918438	12	1.319	-0.498	10.052	1.029
1418196049067	37.491618	139.918439	11	1.314	-0.445	9.942	1.017
1418196049168	37.491619	139.918440	11	1.336	-0.461	10.009	1.040
1418196049269	37.491619	139.918441	11	1.378	-0.428	9.885	1.064
1418196049369	37.491619	139.918442	11	1.215	-0.313	9.561	1.088
1418196049465	37.491620	139.918442	11	0.987	-0.270	9.474	1.112
1418196049566	37.491620	139.918443	11	0.908	-0.313	9.779	1.137
1418196049667	37.491621	139.918445	11	1.134	-0.386	10.105	1.163
1418196049767	37.491621	139.918446	11	1.480	-0.495	10.057	1.189
1418196049868	37.491621	139.918447	11	1.773	-0.621	10.042	1.217
1418196049969	37.491622	139.918448	11	1.954	-0.746	9.962	1.244
1418196050069	37.491622	139.918447	13	1.940	-0.772	9.666	1.318
1418196050165	37.491622	139.918446	13	1.880	-0.855	9.614	1.409
1418196050266	37.491623	139.918445	13	1.916	-0.939	9.840	1.512
1418196050366	37.491623	139.918443	13	1.854	-1.073	10.230	1.622
1418196050467	37.491623	139.918442	13	1.486	-1.078	10.235	1.742
1418196050568	37.491623	139.918440	13	1.043	-1.111	10.339	1.871
1418196050669	37.491624	139.918438	13	0.657	-1.172	10.472	2.008
1418196050769	37.491624	139.918436	13	0.333	-1.102	10.125	2.152
1418196050865	37.491625	139.918435	13	0.101	-1.026	9.944	2.298
1418196050966	37.491625	139.918433	13	0.009	-0.924	9.878	2.460
1418196051066	37.491625	139.918431	13	0.125	-0.869	9.751	2.341
1418196051167	37.491626	139.918430	13	0.295	-0.879	9.828	2.141
1418196051268	37.491626	139.918429	13	0.354	-0.868	10.004	1.954
1418196051368	37.491626	139.918429	13	0.386	-0.807	9.960	1.782
1418196051469	37.491627	139.918428	13	0.349	-0.760	9.873	1.621
1418196051565	37.491627	139.918427	13	0.322	-0.690	9.701	1.480
1418196051666	37.491627	139.918427	13	0.318	-0.642	9.769	1.345
1418196051766	37.491628	139.918426	13	0.246	-0.673	10.170	1.224
1418196051867	37.491628	139.918426	13	0.146	-0.679	10.366	1.115
1418196051968	37.491628	139.918425	13	0.117	-0.698	10.197	1.019
1418196052068	37.491629	139.918424	11	0.173	-0.650	9.907	1.000
1418196052169	37.491630	139.918422	11	0.183	-0.613	9.841	1.000
1418196052265	37.491630	139.918420	11	0.144	-0.623	10.035	1.000
1418196052366	37.491631	139.918418	11	0.110	-0.598	10.176	1.000
1418196052466	37.491632	139.918416	11	0.062	-0.594	10.127	1.000
1418196052567	37.491633	139.918415	11	0.036	-0.600	9.971	1.000
1418196052668	37.491634	139.918413	11	0.011	-0.630	9.899	1.000
1418196052768	37.491635	139.918411	11	-0.057	-0.623	9.959	1.000
1418196052869	37.491636	139.918409	11	-0.109	-0.634	10.064	1.000
1418196052965	37.491637	139.918407	11	-0.152	-0.623	10.092	1.000
1418196053065	37.491638	139.918406	11	-0.133	-0.604	10.055	1.000
1418196053166	37.491639	139.918405	11	-0.077	-0.609	9.946	1.000
1418196053267	37.491640	139.918404	11	-0.034	-0.623	9.893	1.000
1418196053368	37.491641	139.918402	11	-0.001	-0.618	9.988	1.000
1418196053468	37.491642	139.918401	11	-0.011	-0.643	10.135	1.000
1418196053569	37.491643	139.918400	11	-0.069	-0.635	10.068	1.000
1418196053665	37.491644	139.918399	11	-0.142	-0.561	9.944	1.000
1418196053765	37.491646	139.918398	11	-0.220	-0.564	9.936	1.000
1418196053866	37.491647	139.918396	11	-0.237	-0.592	10.029	1.000
1418196053967	37.491648	139.918395	11	-0.175	-0.648	10.065	1.000
1418196054067	37.491649	139.918396	11	-0.123	-0.675	10.035	0.950
1418196054168	37.491650	139.918397	11	-0.129	-0.640	10.016	0.887
1418196054269	37.491651	139.918397	11	-0.156	-0.612	10.048	0.827
1418196054365	37.491652	139.918398	11	-0.212	-0.614	10.074	0.773
1418196054465	37.491653	139.918399	11	-0.232	-0.593	10.046	0.721
1418196054566	37.491654	139.918400	11	-0.183	-0.603	9.952	0.671
1418196054667	37.491655	139.918400	11	-0.127	-0.604	9.985	0.625
1418196054767	37.491656	139.918401	11	0.049	-0.450	10.144	0.583
1418196054868	37.491656	139.918401	11	0.287	-0.217	10.191	0.543
1418196054969	37.491657	139.918402	11	0.401	0.023	10.031	0.507
1418196055070	37.491657	139.918401	11	0.416	0.169	9.857	0.423
1418196055165	37.491656	139.918401	11	0.364	0.179	9.824	0.340
1418196055266	37.491656	139.918400	11	0.323	0.108	9.973	0.262
1418196055367	37.491655	139.918400	11	0.328	-0.014	10.131	0.194
1418196055467	37.491655	139.918399	11	0.334	-0.091	10.109	0.137
1418196055568	37.491655	139.918399	11	0.323	-0.043	10.027	0.089
1418196055669	37.491654	139.918398	11	0.282	0.061	10.006	0.052
1418196055769	37.491654	139.918398	11	0.228	0.099	9.965	0.024
1418196055865	37.491654	139.918398	11	0.244	0.049	9.951	0.008
1418196100967	37.493342	139.919338	12	0.296	0.048	10.000	5.506
1418196101068	37.493345	139.919341	11	0.280	-0.165	10.489	5.438
1418196101169	37.493348	139.919344	11	0.316	-0.111	10.171	5.358
1418196101269	37.493351	139.919346	11	0.016	-0.209	10.591	5.280
1418196101370	37.493354	139.919349	11	-0.289	-0.074	10.145	5.202
1418196101466	37.493357	139.919351	11	-0.501	0.089	9.501	5.129
1418196101565	37.493360	139.919354	11	-0.464	0.155	9.543	5.055
1418196101667	37.493362	139.919356	11	-0.309	0.138	9.709	4.980
1418196101766	37.493365	139.919359	11	-0.271	0.176	9.617	4.908
1418196101869	37.493368	139.919361	11	-0.142	0.135	9.611	4.835
1418196101968	37.493370	139.919363	11	0.029	0.027	9.947	4.765
1418196102065	37.493374	139.919366	11	0.181	-0.027	10.072	4.731
1418196102166	37.493378	139.919368	11	0.239	-0.206	10.423	4.705
1418196102266	37.493383	139.919370	11	0.243	-0.330	10.924	4.680
1418196102367	37.493387	139.919372	11	0.186	-0.290	10.617	4.654
1418196102468	37.493391	139.919374	11	0.194	-0.174	9.973	4.629
1418196102568	37.493395	139.919376	11	0.242	-0.000	9.407	4.604
1418196102669	37.493399	139.919378	11	0.241	0.079	9.479	4.579
1418196102765	37.493403	139.919380	11	0.284	0.010	10.028	4.555
1418196102866	37.493407	139.919382	11	0.317	-0.075	10.490	4.530
1418196102966	37.493411	139.919384	11	0.377	-0.073	10.294	4.506
1418196127967	37.494230	139.919960	10	0.383	-0.071	10.272	4.006
1418196128068	37.494233	139.919963	11	0.313	-0.144	10.210	3.936
1418196128168	37.494235	139.919965	11	0.210	-0.134	9.901	3.855
1418196128269	37.494237	139.919967	11	0.114	-0.111	9.736	3.775
1418196128365	37.494239	139.919969	11	0.075	-0.136	10.025	3.701
1418196128466	37.494242	139.919971	11	0.048	-0.160	10.201	3.624
1418196128566	37.494244	139.919973	11	0.070	-0.139	9.938	3.549
1418196128667	37.494246	139.919975	11	0.131	-0.111	9.802	3.475
1418196128768	37.494248	139.919977	11	0.187	-0.165	10.003	3.403
1418196128868	37.494250	139.919979	11	0.228	-0.312	10.081	3.333
1418196128969	37.494252	139.919981	11	0.286	-0.492	9.980	3.264
1418196129065	37.494253	139.919982	11	0.322	-0.573	9.929	3.162
1418196129165	37.494255	139.919984	11	0.325	-0.639	9.928	3.049
1418196129266	37.494257	139.919985	11	0.222	-0.692	10.055	2.938
1418196129367	37.494258	139.919986	11	0.094	-0.711	10.164	2.830
1418196129467	37.494260	139.919988	11	-0.054	-0.701	10.105	2.728
1418196129568	37.494261	139.919989	11	-0.141	-0.678	9.938	2.628
1418196129669	37.494263	139.919990	11	-0.079	-0.696	9.938	2.531
1418196129770	37.494264	139.919992	11	0.028	-0.695	9.829	2.439
1418196129865	37.494265	139.919993	11	0.133	-0.699	9.882	2.355
1418196129971	37.494267	139.919994	11	0.181	-0.750	10.226	2.266
1418196130067	37.494268	139.919995	10	0.134	-0.754	10.194	2.182
1418196130166	37.494269	139.919995	10	0.036	-0.715	9.929	2.096
1418196130268	37.494270	139.919996	10	-0.019	-0.688	9.842	2.011
1418196130367	37.494270	139.919997	10	-0.025	-0.707	9.895	1.932
1418196130470	37.494271	139.919998	10	0.051	-0.720	10.070	1.853
1418196130565	37.494272	139.919998	10	0.105	-0.701	10.214	1.782
1418196130666	37.494273	139.919999	10	0.117	-0.637	10.189	1.710
1418196130767	37.494273	139.920000	10	0.116	-0.545	9.960	1.641
1418196130867	37.494274	139.920000	10	0.119	-0.512	9.814	1.576
1418196130968	37.494275	139.920001	10	0.122	-0.543	9.916	1.513
1418196131069	37.494275	139.920001	10	0.108	-0.566	10.029	1.423
1418196131165	37.494276	139.920002	10	0.081	-0.564	10.095	1.333
1418196131265	37.494276	139.920002	10	0.035	-0.531	10.046	1.244
1418196131366	37.494277	139.920003	10	0.033	-0.469	9.982	1.159
1418196131467	37.494277	139.920003	10	0.111	-0.347	9.986	1.080
1418196131567	37.494278	139.920004	10	0.205	-0.234	10.037	1.006
1418196131668	37.494278	139.920004	10	0.292	-0.114	10.066	0.937
1418196131769	37.494278	139.920004	10	0.252	-0.035	9.972	0.873
1418196131869	37.494279	139.920005	10	0.201	0.034	9.918	0.814
1418196131965	37.494279	139.920005	10	0.106	0.080	9.943	0.763
1418196170964	37.496563	139.920802	11	0.097	0.080	9.940	8.506
1418196170969	37.496563	139.920803	11	0.091	0.084	9.927	8.505
1418196171065	37.496571	139.920804	12	0.135	0.151	9.815	8.481
1418196171166	37.496580	139.920806	12	0.007	-0.019	10.027	8.455
1418196171266	37.496588	139.920807	12	-0.088	-0.128	10.359	8.430
1418196171367	37.496597	139.920809	12	-0.043	-0.169	10.360	8.405
1418196171468	37.496605	139.920810	12	0.203	-0.164	9.937	8.380
1418196171569	37.496613	139.920812	12	0.270	-0.096	9.725	8.354
1418196171669	37.496622	139.920813	12	0.262	-0.080	9.746	8.329
1418196171765	37.496630	139.920815	12	0.211	-0.312	10.639	8.306
1418196171866	37.496638	139.920816	12	0.041	-0.288	10.421	8.281
1418196171966	37.496646	139.920818	12	0.281	-0.166	9.000	8.256
1418196172067	37.496653	139.920819	12	0.230	0.025	9.178	8.250
1418196172168	37.496660	139.920821	12	0.136	-0.123	10.072	8.250
1418196172268	37.496667	139.920822	12	-0.075	-0.224	10.485	8.250
1418196172369	37.496675	139.920824	12	-0.160	-0.222	9.968	8.250
1418196172470	37.496682	139.920826	12	-0.206	-0.402	10.050	8.250
1418196172566	37.496688	139.920827	12	0.019	-0.484	10.692	8.250
1418196172665	37.496695	139.920829	12	0.216	-0.500	11.081	8.250
1418196172767	37.496702	139.920830	12	0.243	-0.174	10.228	8.250
1418196172866	37.496709	139.920832	12	0.224	0.112	9.280	8.250
1418196172968	37.496716	139.920834	12	0.194	0.019	9.078	8.250
1418196173067	37.496723	139.920836	11	0.183	-0.011	9.450	8.230
1418196173165	37.496730	139.920838	11	0.151	-0.194	10.299	8.206
1418196173266	37.496736	139.920841	11	0.088	-0.264	10.802	8.180
1418196173366	37.496743	139.920843	11	-0.028	-0.248	10.400	8.155
1418196173467	37.496749	139.920846	11	-0.183	-0.095	9.535	8.130
1418196173568	37.496756	139.920848	11	-0.224	-0.002	9.264	8.105
1418196173668	37.496762	139.920850	11	-0.157	-0.128	10.085	8.080
1418196173769	37.496769	139.920853	11	0.013	-0.169	10.338	8.055
1418196173865	37.496775	139.920855	11	0.160	-0.286	10.699	8.031
1418196173965	37.496781	139.920857	11	0.093	-0.271	10.197	8.006
1418196174066	37.496788	139.920859	11	0.040	-0.352	10.193	7.919
1418196174167	37.496794	139.920861	11	0.037	-0.165	9.983	7.813
1418196174268	37.496800	139.920863	11	-0.024	0.042	9.535	7.709
1418196174368	37.496806	139.920865	11	-0.115	0.226	9.694	7.606
1418196174469	37.496812	139.920867	11	-0.021	0.292	9.691	7.504
1418196174565	37.496817	139.920869	11	-0.085	0.132	9.961	7.409
1418196174665	37.496823	139.920870	11	-0.067	0.049	10.130	7.310
1418196174766	37.496829	139.920872	11	-0.055	0.036	10.385	7.212
1418196174867	37.496834	139.920874	11	0.011	0.089	10.357	7.116
1418196174968	37.496840	139.920876	11	0.106	0.283	9.807	7.021
1418196195965	37.498243	139.921313	12	0.117	0.299	9.774	7.006
1418196196066	37.498247	139.921315	13	0.141	0.156	9.876	6.961
1418196196166	37.498251	139.921316	13	0.105	0.047	9.898	6.909
1418196196267	37.498255	139.921318	13	0.028	-0.053	9.907	6.858
1418196196368	37.498258	139.921319	13	-0.088	-0.104	10.222	6.807
1418196196469	37.498262	139.921320	13	-0.143	-0.094	10.433	6.756
1418196196569	37.498266	139.921322	13	-0.182	0.013	10.307	6.706
1418196196665	37.498269	139.921323	13	-0.215	0.078	10.095	6.658
1418196196766	37.498273	139.921324	13	-0.218	0.097	9.975	6.609
1418196196866	37.498277	139.921325	13	-0.219	0.098	10.038	6.560
1418196196967	37.498280	139.921327	13	-0.239	0.082	9.945	6.511
1418196197068	37.498285	139.921329	13	-0.223	0.038	9.922	6.480
1418196197168	37.498289	139.921332	13	-0.199	-0.044	9.886	6.455
1418196197269	37.498294	139.921335	13	-0.202	-0.196	9.840	6.429
1418196197365	37.498298	139.921337	13	-0.184	-0.161	9.896	6.405
1418196197466	37.498303	139.921340	13	-0.170	-0.330	9.934	6.380
1418196197566	37.498308	139.921343	13	-0.136	-0.436	10.051	6.355
1418196197667	37.498312	139.921345	13	-0.100	-0.483	10.198	6.330
1418196197768	37.498317	139.921348	13	-0.132	-0.453	10.075	6.305
1418196197868	37.498321	139.921351	13	-0.108	-0.428	9.964	6.280
1418196197969	37.498326	139.921353	13	-0.156	-0.417	9.871	6.255
1418196198065	37.498332	139.921355	12	-0.118	-0.458	9.989	6.268
1418196198166	37.498339	139.921356	12	-0.244	-0.517	10.276	6.293
1418196198266	37.498345	139.921356	12	-0.314	-0.497	10.092	6.318
1418196198367	37.498352	139.921357	12	-0.406	-0.515	9.747	6.343
1418196198468	37.498359	139.921358	12	-0.399	-0.553	9.871	6.368
1418196198568	37.498365	139.921359	12	-0.328	-0.538	10.032	6.393
1418196198669	37.498372	139.921360	12	-0.325	-0.625	10.174	6.419
1418196198765	37.498379	139.921361	12	-0.218	-0.683	10.134	6.443
1418196198865	37.498385	139.921362	12	-0.223	-0.652	9.840	6.468
1418196198966	37.498392	139.921363	12	-0.093	-0.613	9.804	6.494
1418196199067	37.498400	139.921364	13	-0.135	-0.727	10.103	6.439
1418196199168	37.498407	139.921365	13	-0.024	-0.709	10.106	6.360
1418196199268	37.498414	139.921365	13	-0.016	-0.735	10.017	6.282
1418196199369	37.498421	139.921366	13	-0.056	-0.727	9.922	6.205
1418196199465	37.498428	139.921367	13	-0.093	-0.788	9.943	6.132
1418196199565	37.498435	139.921368	13	-0.150	-0.744	9.850	6.058
1418196199666	37.498442	139.921369	13	-0.129	-0.676	9.887	5.983
1418196199767	37.498448	139.921369	13	-0.087	-0.752	10.169	5.909
1418196199868	37.498455	139.921370	13	-0.061	-0.782	10.243	5.837
1418196199968	37.498462	139.921371	13	-0.002	-0.746	10.002	5.766
1418196200069	37.498465	139.921370	13	0.010	-0.739	9.946	5.615
1418196200165	37.498468	139.921370	13	-0.012	-0.748	9.858	5.455
1418196200265	37.498471	139.921369	13	-0.017	-0.800	9.945	5.293
1418196200366	37.498474	139.921368	13	0.003	-0.850	10.038	5.133
1418196200467	37.498476	139.921367	13	-0.019	-0.917	10.165	4.978
1418196200567	37.498479	139.921367	13	-0.087	-0.921	10.028	4.830
1418196200668	37.498481	139.921366	13	-0.104	-0.903	9.755	4.684
1418196200769	37.498484	139.921365	13	-0.100	-0.998	10.012	4.543
1418196200870	37.498486	139.921365	13	-0.021	-0.994	10.106	4.406
1418196200965	37.498488	139.921364	13	0.080	-0.945	9.757	4.282
1418196201071	37.498493	139.921365	12	0.172	-0.942	9.756	4.207
1418196201167	37.498497	139.921365	12	0.181	-1.063	10.178	4.157
1418196201266	37.498501	139.921366	12	0.224	-1.152	10.255	4.106
1418196201368	37.498505	139.921367	12	0.357	-1.153	10.019	4.054
1418196201467	37.498510	139.921367	12	0.385	-1.206	10.152	4.004
1418196201569	37.498514	139.921368	12	0.398	-1.268	10.390	3.953
1418196201665	37.498518	139.921369	12	0.535	-1.193	9.998	3.906
1418196201766	37.498522	139.921370	12	0.576	-0.991	9.641	3.857
1418196201866	37.498526	139.921370	12	0.504	-0.819	9.694	3.809
1418196201967	37.498530	139.921371	12	0.477	-0.766	9.817	3.761
1418196202069	37.498534	139.921372	12	0.544	-0.730	9.887	3.708
1418196202169	37.498538	139.921374	12	0.683	-0.721	10.094	3.655
1418196202269	37.498542	139.921376	12	0.820	-0.617	10.227	3.603
1418196202365	37.498546	139.921377	12	0.876	-0.569	10.076	3.554
1418196202466	37.498550	139.921379	12	0.801	-0.494	9.969	3.503
1418196202567	37.498554	139.921381	12	0.739	-0.435	9.819	3.453
1418196202667	37.498558	139.921382	12	0.698	-0.467	9.963	3.404
1418196202768	37.498562	139.921384	12	0.715	-0.493	10.143	3.355
1418196202869	37.498566	139.921385	12	0.943	-0.566	9.990	3.307
1418196202969	37.498569	139.921387	12	1.050	-0.693	9.979	3.260
1418196203065	37.498572	139.921390	12	0.980	-0.681	9.788	3.187
1418196203166	37.498574	139.921394	12	0.787	-0.621	9.740	3.104
1418196203266	37.498577	139.921398	12	0.688	-0.581	9.823	3.023
1418196203367	37.498579	139.921401	12	0.716	-0.694	10.305	2.944
1418196203468	37.498581	139.921405	12	0.848	-0.708	10.483	2.867
1418196203569	37.498583	139.921408	12	0.924	-0.716	10.233	2.792
1418196203669	37.498586	139.921412	12	0.860	-0.651	9.949	2.719
1418196203765	37.498588	139.921415	12	0.748	-0.597	9.841	2.652
1418196203866	37.498590	139.921418	12	0.528	-0.596	10.118	2.582
1418196203966	37.498592	139.921421	12	0.368	-0.540	10.125	2.516
1418196204067	37.498593	139.921424	12	0.374	-0.506	10.029	2.500
1418196204168	37.498594	139.921426	12	0.438	-0.394	9.913	2.500
1418196204268	37.498595	139.921428	12	0.430	-0.238	9.784	2.500
1418196204369	37.498596	139.921430	12	0.413	-0.160	9.897	2.500
1418196204465	37.498597	139.921432	12	0.555	-0.155	10.074	2.500
1418196204565	37.498598	139.921435	12	0.754	-0.218	10.166	2.500
1418196204666	37.498599	139.921437	12	0.985	-0.268	10.120	2.500
1418196204767	37.498600	139.921439	12	1.084	-0.281	10.111	2.500
1418196204868	37.498601	139.921441	12	1.025	-0.227	10.206	2.500
1418196204968	37.498602	139.921444	12	0.960	-0.041	9.996	2.500
1418196205069	37.498603	139.921446	12	0.880	0.136	9.765	2.500
1418196205165	37.498604	139.921448	12	0.906	0.186	9.972	2.500
1418196205265	37.498605	139.921450	12	0.934	0.167	10.156	2.500
1418196205366	37.498606	139.921452	12	1.073	0.313	9.916	2.500
1418196205467	37.498607	139.921454	12	1.139	0.341	9.683	2.500
1418196205567	37.498608	139.921457	12	0.976	0.242	9.948	2.500
1418196205668	37.498609	139.921459	12	0.852	0.101	10.632	2.500
1418196205769	37.498610	139.921461	12	0.654	0.182	10.406	2.500
1418196205865	37.498611	139.921463	12	0.447	0.357	9.993	2.500
1418196205965	37.498612	139.921465	12	0.297	0.485	9.689	2.500
1418196220966	37.498362	139.922261	12	0.287	0.492	9.679	5.750
1418196221066	37.498359	139.922266	13	0.228	0.101	9.716	5.689
1418196221167	37.498356	139.922272	13	0.260	-0.210	9.781	5.610
1418196221268	37.498353	139.922277	13	0.316	-0.455	9.889	5.531
1418196221369	37.498349	139.922283	13	0.364	-0.665	10.096	5.453
1418196221469	37.498346	139.922288	13	0.384	-0.758	10.102	5.378
1418196221565	37.498343	139.922293	13	0.376	-0.754	9.941	5.306
1418196221666	37.498340	139.922298	13	0.411	-0.726	9.868	5.232
1418196221766	37.498337	139.922303	13	0.392	-0.734	9.889	5.159
1418196221867	37.498334	139.922308	13	0.363	-0.814	10.092	5.087
1418196221968	37.498331	139.922313	13	0.304	-0.856	10.148	5.015
1418196222069	37.498328	139.922314	13	0.241	-0.815	10.021	4.775
1418196222169	37.498327	139.922314	13	0.158	-0.733	9.969	4.501
1418196222265	37.498325	139.922313	13	0.109	-0.549	10.107	4.251
1418196222366	37.498323	139.922313	13	0.009	-0.387	10.018	4.001
1418196222466	37.498322	139.922313	13	-0.072	-0.268	9.873	3.766
1418196222567	37.498320	139.922313	13	-0.092	-0.201	9.956	3.542
1418196222668	37.498319	139.922313	13	-0.071	-0.160	10.055	3.332
1418196222768	37.498318	139.922312	13	-0.046	-0.100	9.965	3.137
1418196222869	37.498316	139.922312	13	-0.039	-0.059	10.008	2.953
1418196222965	37.498315	139.922312	13	-0.027	0.007	10.031	2.790
1418196223066	37.498314	139.922314	12	-0.071	0.062	9.923	2.750
1418196223166	37.498313	139.922318	12	-0.124	0.125	9.899	2.750
1418196223267	37.498312	139.922321	12	-0.228	0.224	10.142	2.750
1418196223368	37.498311	139.922324	12	-0.301	0.316	10.130	2.750
1418196223468	37.498310	139.922327	12	-0.328	0.319	9.944	2.750
1418196223569	37.498309	139.922331	12	-0.317	0.380	9.815	2.750
1418196223665	37.498308	139.922334	12	-0.299	0.405	10.027	2.750
1418196223766	37.498306	139.922337	12	-0.267	0.418	10.211	2.750
1418196223866	37.498305	139.922340	12	-0.255	0.391	10.019	2.750
1418196223967	37.498304	139.922343	12	-0.216	0.370	10.016	2.750
1418196244964	37.498035	139.923514	13	-0.209	0.368	10.036	6.012
1418196244969	37.498035	139.923515	13	-0.201	0.362	10.056	6.010
1418196245065	37.498035	139.923521	14	-0.078	-0.137	10.225	5.940
1418196245166	37.498034	139.923527	14	-0.032	-0.415	9.860	5.861
1418196245267	37.498033	139.923533	14	-0.029	-0.591	9.819	5.782
1418196245367	37.498033	139.923539	14	-0.015	-0.704	9.998	5.706
1418196245468	37.498032	139.923545	14	-0.046	-0.888	10.305	5.629
1418196245569	37.498031	139.923551	14	0.102	-0.852	10.002	5.554
1418196245669	37.498031	139.923557	14	0.230	-0.874	9.874	5.480
1418196245765	37.498030	139.923562	14	0.299	-0.855	9.921	5.410
1418196245866	37.498030	139.923568	14	0.245	-0.871	9.926	5.338
1418196245967	37.498029	139.923574	14	0.244	-0.921	10.077	5.266
1418196246067	37.498028	139.923579	14	0.286	-0.934	10.183	5.142
1418196246168	37.498026	139.923583	14	0.308	-0.808	9.746	5.003
1418196246269	37.498025	139.923588	14	0.235	-0.741	9.352	4.867
1418196246369	37.498023	139.923592	14	0.237	-0.823	9.894	4.736
1418196246465	37.498022	139.923596	14	0.341	-0.798	10.191	4.614
1418196246566	37.498020	139.923600	14	0.514	-0.837	10.430	4.489
1418196246667	37.498019	139.923604	14	0.819	-0.764	10.380	4.367
1418196246767	37.498018	139.923608	14	1.136	-0.681	10.012	4.249
1418196246868	37.498017	139.923612	14	1.277	-0.611	9.805	4.134
1418196246969	37.498015	139.923615	14	1.334	-0.661	9.935	4.023
1418196247069	37.498013	139.923618	13	1.382	-0.763	10.299	3.942
1418196247165	37.498010	139.923620	13	1.322	-0.704	10.244	3.872
1418196247266	37.498007	139.923622	13	1.153	-0.681	10.066	3.800
1418196247366	37.498004	139.923624	13	1.074	-0.563	10.000	3.730
1418196247467	37.498001	139.923627	13	1.115	-0.531	9.852	3.660
1418196247568	37.497998	139.923629	13	1.187	-0.467	9.842	3.591
1418196247668	37.497996	139.923631	13	1.253	-0.439	9.635	3.524
1418196247769	37.497993	139.923633	13	1.188	-0.404	9.686	3.458
1418196247865	37.497990	139.923635	13	1.213	-0.416	9.966	3.396
1418196247966	37.497988	139.923637	13	1.335	-0.485	10.031	3.332
1418196248066	37.497985	139.923639	13	1.430	-0.529	9.906	3.270
1418196248167	37.497983	139.923641	13	1.394	-0.566	9.993	3.208
1418196248268	37.497980	139.923643	13	1.310	-0.547	9.943	3.148
1418196248368	37.497978	139.923644	13	1.298	-0.567	9.570	3.089
1418196248469	37.497975	139.923646	13	1.309	-0.689	9.820	3.031
1418196248565	37.497973	139.923648	13	1.344	-0.743	10.221	2.977
1418196248665	37.497971	139.923650	13	1.305	-0.824	10.328	2.922
1418196248766	37.497969	139.923651	13	1.311	-0.812	10.152	2.867
1418196248867	37.497967	139.923653	13	1.262	-0.702	9.587	2.814
1418196248968	37.497964	139.923655	13	1.187	-0.650	9.271	2.761
1418196249068	37.497962	139.923657	15	1.137	-0.642	9.518	2.707
1418196249169	37.497961	139.923660	15	0.949	-0.695	10.033	2.653
1418196249265	37.497959	139.923663	15	0.755	-0.717	10.369	2.603
1418196249365	37.497957	139.923666	15	0.608	-0.697	10.281	2.551
1418196249466	37.497955	139.923669	15	0.686	-0.558	9.598	2.500
1418196249567	37.497953	139.923672	15	0.384	-0.544	9.897	2.449
1418196249668	37.497951	139.923675	15	0.141	-0.454	10.389	2.400
1418196249768	37.497950	139.923677	15	0.200	-0.398	10.253	2.352
1418196249869	37.497948	139.923680	15	0.307	-0.319	9.789	2.305
1418196249965	37.497946	139.923682	15	0.491	-0.366	9.917	2.261
1418196250065	37.497944	139.923682	15	0.621	-0.417	10.150	2.250
1418196250166	37.497941	139.923681	15	0.637	-0.387	10.221	2.250
1418196250267	37.497938	139.923680	15	0.512	-0.264	10.249	2.250
1418196250367	37.497935	139.923679	15	0.357	-0.029	10.059	2.250
1418196250468	37.497932	139.923678	15	0.331	0.248	9.782	2.250
1418196250569	37.497929	139.923677	15	0.354	0.494	9.734	2.250
1418196250665	37.497926	139.923676	15	0.379	0.607	10.032	2.250
1418196250765	37.497923	139.923674	15	0.275	0.568	10.390	2.250
1418196250866	37.497920	139.923673	15	0.065	0.684	10.331	2.250
1418196250967	37.497917	139.923672	15	-0.073	0.886	9.804	2.250
1418196257966	37.497733	139.923667	10	-0.068	0.889	9.779	2.750
1418196258065	37.497730	139.923666	10	-0.013	0.307	9.605	2.750
1418196258167	37.497727	139.923666	10	0.045	-0.117	9.524	2.750
1418196258266	37.497725	139.923665	10	0.133	-0.404	9.583	2.750
1418196258369	37.497722	139.923664	10	0.157	-0.600	9.877	2.750
1418196258468	37.497719	139.923663	10	0.046	-0.712	10.163	2.750
1418196258565	37.497716	139.923662	10	-0.056	-0.698	10.153	2.750
1418196258666	37.497714	139.923662	10	-0.179	-0.677	10.070	2.750
1418196258767	37.497711	139.923661	10	-0.232	-0.653	9.976	2.750
1418196258867	37.497708	139.923660	10	-0.200	-0.653	9.810	2.750
1418196258968	37.497706	139.923659	10	-0.144	-0.647	9.769	2.750
1418196259069	37.497703	139.923658	10	-0.109	-0.678	9.926	2.729
1418196259169	37.497701	139.923657	10	-0.127	-0.721	10.054	2.704
1418196259265	37.497699	139.923656	10	-0.156	-0.743	10.085	2.679
1418196259366	37.497696	139.923656	10	-0.189	-0.722	10.009	2.653
1418196259466	37.497694	139.923655	10	-0.168	-0.632	9.831	2.628
1418196259567	37.497692	139.923654	10	-0.121	-0.573	9.747	2.603
1418196259668	37.497690	139.923653	10	-0.183	-0.611	9.815	2.578
1418196259769	37.497688	139.923652	10	-0.298	-0.645	9.933	2.553
1418196259869	37.497686	139.923651	10	-0.411	-0.696	10.063	2.529
1418196259965	37.497684	139.923650	10	-0.468	-0.737	10.110	2.506
1418196260066	37.497682	139.923649	10	-0.398	-0.702	10.063	2.480
1418196260166	37.497680	139.923649	10	-0.285	-0.694	9.929	2.454
1418196260267	37.497678	139.923648	10	-0.212	-0.715	9.896	2.428
1418196260368	37.497676	139.923647	10	-0.150	-0.697	10.025	2.402
1418196260468	37.497675	139.923646	10	-0.186	-0.703	10.108	2.377
1418196260569	37.497673	139.923645	10	-0.267	-0.652	10.036	2.352
1418196260665	37.497671	139.923645	10	-0.328	-0.613	9.984	2.328
1418196260766	37.497670	139.923644	10	-0.403	-0.559	10.014	2.304
1418196260866	37.497668	139.923643	10	-0.402	-0.507	10.052	2.280
1418196260967	37.497666	139.923642	10	-0.338	-0.478	10.045	2.255
1418196261068	37.497666	139.923642	10	-0.260	-0.451	10.015	2.079
1418196261168	37.497665	139.923641	10	-0.198	-0.424	9.982	1.873
1418196261269	37.497664	139.923641	10	-0.157	-0.403	9.991	1.681
1418196261365	37.497664	139.923641	10	-0.173	-0.347	9.997	1.512
1418196261466	37.497664	139.923640	10	-0.137	-0.195	10.096	1.349
1418196261566	37.497663	139.923640	10	-0.093	-0.022	10.051	1.203
1418196261667	37.497663	139.923640	10	-0.053	0.086	9.915	1.070
1418196261768	37.497663	139.923639	10	-0.013	0.178	9.907	0.953
1418196261868	37.497662	139.923639	10	0.012	0.232	10.050	0.853
1418196261969	37.497662	139.923639	10	0.027	0.264	10.117	0.766
1418196262065	37.497662	139.923639	10	0.068	0.263	10.119	0.642
1418196262165	37.497662	139.923639	10	0.064	0.243	10.075	0.510
1418196262266	37.497662	139.923639	10	0.015	0.206	10.109	0.393
1418196262367	37.497661	139.923639	10	-0.027	0.174	10.205	0.291
1418196262468	37.497661	139.923639	10	-0.074	0.162	10.216	0.204
1418196262568	37.497661	139.923639	10	-0.068	0.164	10.152	0.134
1418196262669	37.497661	139.923639	10	-0.034	0.165	10.119	0.077
1418196262765	37.497661	139.923639	10	-0.034	0.129	10.094	0.038
1418196262865	37.497661	139.923639	10	-0.055	0.087	10.091	0.012
1418196262966	37.497661	139.923639	10	-0.035	0.076	10.082	0.000
1418196348966	37.497402	139.923418	10	-0.034	0.071	10.079	4.250
1418196349066	37.497398	139.923417	11	-0.100	-0.261	9.936	4.250
1418196349167	37.497394	139.923416	11	-0.158	-0.392	9.750	4.250
1418196349268	37.497391	139.923414	11	-0.166	-0.408	9.711	4.250
1418196349369	37.497387	139.923413	11	-0.078	-0.472	10.086	4.250
1418196349469	37.497383	139.923411	11	-0.038	-0.456	10.310	4.250
1418196349565	37.497380	139.923410	11	-0.051	-0.370	10.159	4.250
1418196349666	37.497376	139.923409	11	-0.054	-0.269	9.873	4.250
1418196349766	37.497372	139.923407	11	-0.062	-0.232	9.800	4.250
1418196349867	37.497369	139.923406	11	-0.106	-0.263	10.037	4.250
1418196349968	37.497365	139.923404	11	-0.141	-0.242	10.109	4.250
1418196350068	37.497361	139.923403	11	-0.067	-0.251	9.951	4.230
1418196350169	37.497358	139.923402	11	0.060	-0.260	9.842	4.204
1418196350265	37.497354	139.923400	11	0.165	-0.291	9.979	4.180
1418196350366	37.497351	139.923399	11	0.147	-0.587	9.966	4.154
1418196350466	37.497347	139.923398	11	0.003	-0.843	9.928	4.129
1418196350567	37.497344	139.923396	11	-0.089	-1.015	10.134	4.104
1418196350668	37.497340	139.923395	11	-0.174	-1.124	10.247	4.079
1418196350768	37.497337	139.923394	11	-0.185	-1.157	10.017	4.054
1418196350869	37.497333	139.923393	11	-0.082	-1.071	9.772	4.029
1418196350965	37.497330	139.923391	11	-0.004	-1.040	9.847	4.006
1418196351065	37.497327	139.923390	11	-0.048	-1.017	9.952	3.981
1418196351166	37.497324	139.923388	11	-0.087	-1.027	10.013	3.955
1418196351267	37.497321	139.923386	11	-0.165	-1.010	10.100	3.929
1418196351368	37.497317	139.923384	11	-0.181	-0.944	10.063	3.904
1418196351468	37.497314	139.923383	11	-0.162	-0.963	9.961	3.878
1418196351569	37.497311	139.923381	11	-0.203	-0.987	9.975	3.853
1418196351665	37.497309	139.923379	11	-0.226	-0.978	10.064	3.829
1418196351765	37.497306	139.923378	11	-0.275	-1.046	10.048	3.805
1418196351866	37.497303	139.923376	11	-0.256	-1.011	9.956	3.780
1418196351967	37.497300	139.923374	11	-0.221	-0.996	9.945	3.756
1418196352068	37.497298	139.923372	11	-0.149	-0.967	9.995	3.606
1418196352168	37.497296	139.923370	11	-0.090	-0.822	10.058	3.428
1418196352269	37.497295	139.923368	11	-0.135	-0.662	10.077	3.256
1418196352365	37.497294	139.923366	11	-0.242	-0.531	9.988	3.100
1418196352465	37.497293	139.923364	11	-0.302	-0.500	9.943	2.944
1418196352566	37.497291	139.923362	11	-0.345	-0.469	9.976	2.794
1418196352667	37.497290	139.923360	11	-0.340	-0.435	10.041	2.652
1418196352767	37.497289	139.923358	11	-0.334	-0.441	10.011	2.520
1418196352868	37.497288	139.923357	11	-0.341	-0.421	9.940	2.393
1418196352969	37.497287	139.923355	11	-0.340	-0.391	9.933	2.274
1418196353070	37.497286	139.923353	12	-0.378	-0.399	9.980	2.179
1418196353165	37.497286	139.923351	12	-0.439	-0.362	10.027	2.097
1418196353266	37.497285	139.923349	12	-0.452	-0.352	10.067	2.013
1418196353367	37.497284	139.923347	12	-0.460	-0.345	10.048	1.932
1418196353467	37.497284	139.923345	12	-0.493	-0.322	10.036	1.855
1418196353568	37.497283	139.923343	12	-0.452	-0.259	10.113	1.780
1418196353670	37.497283	139.923341	12	-0.302	-0.118	10.188	1.707
1418196353769	37.497282	139.923340	12	-0.119	0.084	10.125	1.640
1418196353865	37.497282	139.923338	12	-0.029	0.245	9.931	1.577
1418196353966	37.497281	139.923336	12	0.024	0.310	9.826	1.514
1418196354066	37.497281	139.923335	12	-0.117	0.290	9.893	1.388
1418196354167	37.497282	139.923333	12	-0.202	0.230	10.031	1.246
1418196354268	37.497283	139.923332	12	-0.203	0.074	10.043	1.112
1418196354369	37.497283	139.923331	12	-0.213	0.075	9.988	0.985
1418196354469	37.497284	139.923330	12	-0.134	0.088	9.969	0.868
1418196354565	37.497284	139.923329	12	-0.186	0.156	9.991	0.761
1418196354666	37.497284	139.923328	12	-0.160	0.225	9.965	0.657
1418196354766	37.497285	139.923327	12	-0.158	0.147	9.976	0.562
1418196354867	37.497285	139.923326	12	-0.157	0.178	10.047	0.473
1418196395966	37.497694	139.921562	16	-0.121	0.154	10.083	6.267
1418196396067	37.497696	139.921555	13	-0.158	0.077	9.866	6.230
1418196396167	37.497698	139.921549	13	-0.257	-0.014	9.774	6.205
1418196396268	37.497700	139.921543	13	-0.165	-0.076	10.142	6.179
1418196396369	37.497702	139.921537	13	-0.114	-0.186	10.047	6.154
1418196396465	37.497703	139.921532	13	0.013	-0.195	9.718	6.130
1418196396565	37.497705	139.921526	13	0.140	-0.301	9.853	6.105
1418196396666	37.497707	139.921520	13	0.221	-0.254	9.898	6.080
1418196396767	37.497708	139.921514	13	0.127	-0.308	10.031	6.055
1418196396867	37.497710	139.921508	13	-0.123	-0.390	10.459	6.030
1418196396968	37.497712	139.921502	13	-0.138	-0.365	10.043	6.005
1418196397069	37.497713	139.921495	13	-0.107	-0.382	9.750	5.980
1418196397169	37.497715	139.921487	13	-0.043	-0.353	9.821	5.954
1418196397265	37.497717	139.921479	13	0.011	-0.448	10.048	5.930
1418196397366	37.497719	139.921471	13	0.039	-0.513	10.077	5.905
1418196397467	37.497721	139.921463	13	0.065	-0.549	9.947	5.879
1418196397567	37.497722	139.921456	13	0.024	-0.522	9.949	5.854
1418196397668	37.497724	139.921448	13	-0.001	-0.580	9.995	5.829
1418196397769	37.497726	139.921440	13	-0.063	-0.635	10.030	5.804
1418196397869	37.497728	139.921432	13	-0.058	-0.647	10.156	5.780
1418196397965	37.497730	139.921425	13	-0.067	-0.640	9.993	5.756
1418196398066	37.497730	139.921418	13	-0.074	-0.649	9.877	5.644
1418196398167	37.497729	139.921412	13	-0.044	-0.738	10.065	5.507
1418196398267	37.497729	139.921406	13	-0.062	-0.812	10.206	5.373
1418196398368	37.497728	139.921400	13	-0.084	-0.786	9.981	5.242
1418196398469	37.497728	139.921394	13	-0.082	-0.798	9.743	5.113
1418196398569	37.497728	139.921389	13	-0.029	-0.847	9.896	4.989
1418196398665	37.497727	139.921384	13	-0.067	-0.899	10.235	4.873
1418196398766	37.497727	139.921378	13	-0.135	-0.950	10.229	4.754
1418196398866	37.497726	139.921373	13	-0.177	-0.905	10.018	4.638
1418196398967	37.497726	139.921368	13	-0.176	-0.898	10.175	4.525
1418196399068	37.497726	139.921364	12	-0.133	-0.925	10.058	4.459
1418196399169	37.497727	139.921361	12	-0.117	-0.890	9.814	4.406
1418196399269	37.497727	139.921358	12	-0.140	-0.869	9.766	4.355
1418196399365	37.497728	139.921355	12	-0.069	-0.976	10.279	4.306
1418196399466	37.497728	139.921352	12	-0.014	-1.001	10.242	4.255
1418196399566	37.497728	139.921349	12	0.024	-0.998	10.006	4.205
1418196399667	37.497729	139.921346	12	0.086	-0.979	9.917	4.155
1418196399768	37.497729	139.921343	12	0.069	-1.015	10.194	4.106
1418196399869	37.497730	139.921340	12	-0.027	-1.006	10.094	4.057
1418196399969	37.497730	139.921337	12	-0.181	-0.938	9.884	4.010
1418196400070	37.497731	139.921333	12	-0.240	-0.842	9.503	3.883
1418196400166	37.497731	139.921331	12	-0.256	-0.930	9.669	3.746
1418196400265	37.497732	139.921328	12	-0.211	-1.030	10.255	3.610
1418196400367	37.497733	139.921325	12	-0.163	-1.098	10.461	3.474
1418196400466	37.497733	139.921322	12	-0.110	-1.067	10.188	3.347
1418196400568	37.497734	139.921319	12	-0.077	-1.022	9.869	3.221
1418196400667	37.497734	139.921317	12	0.036	-0.971	9.642	3.103
1418196400765	37.497735	139.921314	12	0.145	-0.996	9.681	2.991
1418196400866	37.497735	139.921312	12	0.148	-1.047	10.059	2.880
1418196400966	37.497736	139.921310	12	0.056	-1.133	10.282	2.775
1418196401067	37.497738	139.921307	12	-0.085	-1.159	10.181	2.657
1418196401168	37.497740	139.921304	12	-0.135	-1.188	10.081	2.539
1418196401268	37.497741	139.921302	12	-0.098	-1.187	9.902	2.427
1418196401369	37.497743	139.921299	12	-0.068	-1.185	9.851	2.319
1418196401465	37.497745	139.921297	12	-0.074	-1.174	10.040	2.220
1418196401565	37.497747	139.921295	12	-0.104	-1.205	10.138	2.121
1418196401666	37.497748	139.921292	12	-0.127	-1.145	9.982	2.025
1418196401767	37.497750	139.921290	12	-0.128	-1.104	9.899	1.934
1418196401868	37.497751	139.921288	12	-0.048	-1.109	10.002	1.848
1418196401968	37.497753	139.921286	12	0.030	-1.121	10.046	1.767
1418196402069	37.497754	139.921285	12	0.032	-1.109	10.069	1.550
1418196402165	37.497754	139.921285	12	-0.025	-1.055	10.040	1.325
1418196402265	37.497755	139.921284	12	-0.083	-0.968	9.963	1.113
1418196402366	37.497755	139.921284	12	-0.143	-0.894	9.927	0.922
1418196402467	37.497756	139.921283	12	-0.123	-0.824	10.005	0.754
1418196402567	37.497756	139.921283	12	-0.074	-0.774	10.045	0.610
1418196402668	37.497756	139.921283	12	0.016	-0.471	10.196	0.487
1418196402769	37.497757	139.921282	12	0.111	-0.168	10.139	0.388
1418196402865	37.497757	139.921282	12	0.135	0.041	9.929	0.314
1418196402965	37.497757	139.921282	12	0.082	0.178	9.769	0.260
1418196403066	37.497758	139.921281	10	0.063	0.249	9.901	0.213
1418196403167	37.497759	139.921280	10	0.100	0.285	10.121	0.169
1418196403267	37.497759	139.921279	10	0.126	0.394	10.176	0.131
1418196403368	37.497760	139.921278	10	0.149	0.532	10.014	0.097
1418196403469	37.497761	139.921278	10	0.165	0.699	9.944	0.068
1418196403565	37.497761	139.921277	10	0.149	0.808	9.997	0.045
1418196403665	37.497761	139.921277	10	0.164	0.922	10.044	0.026
1418196403766	37.497762	139.921276	10	0.185	0.969	10.021	0.013
1418196403867	37.497762	139.921276	10	0.205	0.999	9.984	0.004
1418196413968	37.497868	139.921167	10	0.208	1.036	9.996	2.994
1418196441965	37.499261	139.921660	12	0.203	1.030	9.995	5.012
1418196442065	37.499264	139.921661	12	0.123	0.357	9.869	4.940
1418196442166	37.499267	139.921663	12	0.053	-0.176	9.804	4.859
1418196442267	37.499270	139.921664	12	0.042	-0.527	9.934	4.780
1418196442367	37.499273	139.921666	12	0.063	-0.741	10.118	4.703
1418196442468	37.499275	139.921667	12	0.009	-0.846	10.163	4.626
1418196442569	37.499278	139.921668	12	-0.009	-0.853	9.914	4.551
1418196442669	37.499281	139.921670	12	0.045	-0.870	9.742	4.477
1418196442770	37.499283	139.921671	12	0.104	-0.915	9.826	4.405
1418196442866	37.499286	139.921672	12	0.140	-0.978	10.067	4.336
1418196442965	37.499288	139.921674	12	0.089	-1.027	10.174	4.267
1418196443067	37.499292	139.921674	12	0.022	-0.967	10.036	4.164
1418196443166	37.499295	139.921674	12	-0.024	-0.937	9.988	4.055
1418196443269	37.499298	139.921673	12	-0.093	-0.968	10.079	3.944
1418196443368	37.499302	139.921673	12	-0.127	-1.004	10.086	3.841
1418196443465	37.499305	139.921673	12	-0.126	-0.954	10.012	3.742
1418196443566	37.499308	139.921673	12	-0.070	-0.886	10.008	3.641
1418196443666	37.499311	139.921673	12	-0.009	-0.889	10.083	3.545
1418196443767	37.499314	139.921672	12	0.009	-0.886	9.958	3.450
1418196443868	37.499317	139.921672	12	-0.006	-0.870	9.866	3.358
1418196443969	37.499319	139.921672	12	0.049	-0.903	10.050	3.268
1418196444069	37.499323	139.921673	11	0.086	-0.933	10.209	3.230
1418196444165	37.499326	139.921675	11	0.105	-0.865	10.164	3.205
1418196444266	37.499329	139.921676	11	0.084	-0.731	9.993	3.179
1418196444366	37.499332	139.921678	11	0.021	-0.640	9.836	3.154
1418196444467	37.499335	139.921679	11	-0.024	-0.646	9.997	3.128
1418196444568	37.499338	139.921681	11	-0.038	-0.642	10.102	3.103
1418196444669	37.499341	139.921682	11	-0.080	-0.608	10.051	3.078
1418196444769	37.499344	139.921684	11	-0.102	-0.568	9.943	3.054
1418196444865	37.499347	139.921685	11	-0.083	-0.572	9.851	3.030
1418196444966	37.499350	139.921687	11	-0.016	-0.612	9.961	3.006
1418196445066	37.499351	139.921687	11	0.018	-0.657	10.138	2.816
1418196445167	37.499351	139.921687	11	0.025	-0.689	10.101	2.585
1418196445268	37.499352	139.921687	11	-0.013	-0.699	9.973	2.369
1418196445368	37.499352	139.921687	11	-0.060	-0.691	9.943	2.169
1418196445469	37.499352	139.921686	11	-0.077	-0.679	9.982	1.982
1418196445565	37.499352	139.921686	11	-0.072	-0.670	9.952	1.818
1418196445665	37.499353	139.921686	11	0.009	-0.683	9.996	1.661
1418196445766	37.499353	139.921686	11	0.100	-0.713	10.042	1.517
1418196445867	37.499353	139.921686	11	0.171	-0.699	10.015	1.388
1418196445968	37.499353	139.921686	11	0.148	-0.679	9.948	1.273
1418196446068	37.499354	139.921685	11	0.074	-0.676	9.937	1.124
1418196446165	37.499354	139.921685	11	-0.012	-0.682	9.980	0.979
1418196446265	37.499355	139.921684	11	-0.058	-0.694	10.005	0.842
1418196446365	37.499356	139.921684	11	-0.079	-0.716	10.009	0.719
1418196446466	37.499356	139.921683	11	-0.009	-0.724	9.999	0.608
1418196446567	37.499357	139.921683	11	0.106	-0.718	10.018	0.510
1418196446667	37.499357	139.921683	11	0.179	-0.517	10.165	0.427
1418196446768	37.499357	139.921682	11	0.197	-0.181	10.215	0.357
1418196446869	37.499358	139.921682	11	0.162	0.178	10.074	0.300
1418196446965	37.499358	139.921682	11	0.128	0.393	9.881	0.259
1418196447065	37.499359	139.921680	11	0.164	0.450	9.735	0.214
1418196447166	37.499359	139.921678	11	0.200	0.353	9.850	0.170
1418196447267	37.499360	139.921677	11	0.198	0.211	10.090	0.131
1418196447368	37.499360	139.921675	11	0.140	0.077	10.141	0.097
1418196447468	37.499361	139.921674	11	0.112	0.105	10.090	0.068
1418196447569	37.499361	139.921673	11	0.124	0.150	9.966	0.044
1418196447665	37.499362	139.921672	11	0.181	0.197	9.985	0.026
1418196447765	37.499362	139.921672	11	0.218	0.300	10.085	0.013
1418196447866	37.499362	139.921671	11	0.246	0.366	10.087	0.004
1418196477963	37.499769	139.920430	19	0.262	0.481	10.025	7.250
1418196477968	37.499769	139.920430	19	0.255	0.479	10.027	7.250
1418196478068	37.499770	139.920421	13	0.049	0.539	9.276	7.230
1418196478169	37.499771	139.920413	13	0.003	0.927	8.003	7.205
1418196478265	37.499772	139.920404	13	0.077	0.852	7.622	7.180
1418196478365	37.499773	139.920396	13	-0.020	0.445	8.278	7.155
1418196478466	37.499774	139.920387	13	0.087	-0.174	9.668	7.130
1418196478567	37.499775	139.920379	13	0.448	-0.563	10.992	7.105
1418196478668	37.499776	139.920370	13	0.756	-0.713	11.597	7.080
1418196478768	37.499777	139.920362	13	0.672	-0.610	11.609	7.055
1418196478869	37.499778	139.920353	13	0.426	-0.338	10.246	7.030
1418196478965	37.499779	139.920345	13	0.251	0.032	9.041	7.006
1418196479065	37.499779	139.920338	13	0.069	0.064	8.865	6.981
1418196479166	37.499779	139.920331	13	0.027	-0.066	9.741	6.955
1418196479267	37.499779	139.920324	13	0.065	-0.258	10.870	6.930
1418196479368	37.499779	139.920318	13	0.091	-0.241	10.587	6.904
1418196479468	37.499779	139.920311	13	0.135	-0.110	9.757	6.879
1418196479569	37.499778	139.920304	13	0.283	-0.098	9.594	6.854
1418196479665	37.499778	139.920298	13	0.280	-0.177	10.122	6.830
1418196479765	37.499778	139.920292	13	0.449	-0.197	10.070	6.805
1418196479866	37.499778	139.920285	13	0.393	-0.217	10.081	6.781
1418196479967	37.499778	139.920278	13	0.348	-0.212	10.051	6.756
1418196480067	37.499780	139.920272	13	0.332	-0.109	9.677	6.750
1418196480168	37.499782	139.920266	13	0.375	-0.119	9.796	6.750
1418196480269	37.499784	139.920259	13	0.226	-0.165	9.972	6.750
1418196480369	37.499786	139.920253	13	-0.009	-0.206	10.292	6.750
1418196480465	37.499788	139.920247	13	-0.191	-0.235	10.457	6.750
1418196480567	37.499790	139.920240	13	-0.226	-0.264	10.542	6.750
1418196480667	37.499792	139.920234	13	-0.200	-0.251	10.364	6.750
1418196480767	37.499794	139.920227	13	0.060	-0.094	9.854	6.750
1418196480868	37.499796	139.920221	13	0.209	0.006	9.593	6.750
1418196480969	37.499799	139.920214	13	0.164	0.009	9.710	6.750
1418196481069	37.499801	139.920208	13	-0.101	0.038	9.815	6.730
1418196481165	37.499803	139.920202	13	-0.242	0.038	9.851	6.706
1418196481266	37.499806	139.920195	13	-0.109	-0.087	10.167	6.680
1418196481367	37.499809	139.920189	13	0.034	-0.125	10.132	6.655
1418196481467	37.499811	139.920183	13	0.095	-0.104	10.024	6.630
1418196481568	37.499814	139.920176	13	0.150	-0.072	9.973	6.604
1418196481669	37.499816	139.920170	13	0.281	-0.041	10.043	6.579
1418196481769	37.499819	139.920164	13	0.325	-0.033	10.030	6.554
1418196481865	37.499821	139.920158	13	0.295	0.072	9.612	6.531
1418196481966	37.499823	139.920151	13	0.157	0.067	9.885	6.506
1418196482066	37.499827	139.920144	16	0.116	-0.086	10.667	6.519
1418196482167	37.499831	139.920136	16	0.085	-0.153	10.825	6.544
1418196482268	37.499835	139.920128	16	0.029	-0.022	10.011	6.569
1418196482369	37.499839	139.920120	16	0.034	0.063	9.540	6.594
1418196482469	37.499843	139.920112	16	0.132	0.052	9.645	6.619
1418196482565	37.499847	139.920104	16	0.306	-0.047	10.034	6.643
1418196482666	37.499851	139.920096	16	0.298	-0.037	9.874	6.668
1418196482766	37.499855	139.920088	16	0.134	-0.039	9.983	6.693
1418196482867	37.499859	139.920080	16	-0.020	-0.163	10.568	6.719
1418196482968	37.499863	139.920072	16	-0.171	-0.049	10.255	6.744
1418196483068	37.499865	139.920065	16	-0.292	0.158	9.488	6.750
1418196483169	37.499867	139.920059	16	-0.274	0.207	9.674	6.750
1418196483265	37.499869	139.920053	16	-0.122	0.147	9.972	6.750
1418196483365	37.499871	139.920046	16	-0.049	0.166	9.687	6.750
1418196483466	37.499873	139.920040	16	-0.082	0.290	9.242	6.750
1418196483567	37.499875	139.920034	16	-0.090	0.153	10.057	6.750
1418196483668	37.499877	139.920027	16	-0.135	-0.083	11.124	6.750
1418196483768	37.499879	139.920021	16	-0.249	-0.110	11.344	6.750
1418196483870	37.499881	139.920015	16	-0.404	0.080	10.211	6.750
1418196483965	37.499883	139.920009	16	-0.367	0.201	9.450	6.750
1418196485964	37.499961	139.919866	21	-0.362	0.208	9.446	6.250
1418196485969	37.499961	139.919866	21	-0.358	0.211	9.454	6.250
1418196486068	37.499964	139.919859	21	-0.207	-0.192	9.724	6.230
1418196486165	37.499965	139.919852	21	-0.075	-0.315	9.624	6.206
1418196486266	37.499967	139.919846	21	0.030	-0.471	9.709	6.180
1418196486367	37.499968	139.919839	21	0.072	-0.603	10.028	6.155
1418196486467	37.499969	139.919832	21	0.081	-0.715	10.140	6.129
1418196486568	37.499971	139.919826	21	0.088	-0.789	10.319	6.104
1418196486669	37.499972	139.919819	21	0.076	-0.651	9.770	6.079
1418196486769	37.499973	139.919812	21	0.093	-0.702	9.961	6.054
1418196486865	37.499974	139.919806	21	0.091	-0.625	9.676	6.031
1418196486966	37.499976	139.919800	21	0.017	-0.542	9.568	6.006
1418196487067	37.499977	139.919793	10	0.052	-0.616	10.071	5.939
1418196487167	37.499979	139.919787	10	0.108	-0.777	10.385	5.860
1418196487268	37.499980	139.919781	10	0.115	-0.769	10.130	5.781
1418196487369	37.499982	139.919775	10	0.019	-0.715	9.993	5.704
1418196487469	37.499983	139.919769	10	-0.051	-0.767	10.308	5.628
1418196487565	37.499985	139.919763	10	-0.035	-0.557	9.622	5.557
1418196487666	37.499986	139.919757	10	-0.098	-0.584	9.637	5.482
1418196487766	37.499988	139.919752	10	-0.070	-0.583	9.927	5.409
1418196487867	37.499989	139.919746	10	0.080	-0.663	10.116	5.337
1418196487968	37.499991	139.919740	10	0.022	-0.868	10.552	5.265
1418196488069	37.499992	139.919735	10	-0.014	-0.854	10.013	5.163
1418196488169	37.499993	139.919730	10	0.115	-0.815	9.537	5.056
1418196488265	37.499994	139.919725	10	0.258	-0.917	9.797	4.954
1418196488366	37.499995	139.919720	10	0.228	-1.037	10.211	4.849
1418196488466	37.499996	139.919715	10	0.084	-1.119	10.401	4.748
1418196488567	37.499997	139.919711	10	-0.009	-1.092	10.366	4.647
1418196488668	37.499998	139.919706	10	0.016	-1.049	10.095	4.549
1418196488769	37.499999	139.919702	10	0.134	-0.970	9.597	4.453
1418196488869	37.500000	139.919697	10	0.201	-1.005	9.749	4.360
1418196488965	37.500001	139.919693	10	0.194	-1.026	9.773	4.272
1418196489066	37.500002	139.919689	11	0.210	-1.156	9.954	4.165
1418196489166	37.500003	139.919685	11	0.097	-1.297	10.516	4.055
1418196489267	37.500004	139.919681	11	-0.027	-1.325	10.803	3.946
1418196489368	37.500005	139.919678	11	-0.040	-1.128	10.014	3.841
1418196489468	37.500006	139.919674	11	0.044	-0.844	8.685	3.739
1418196489569	37.500007	139.919671	11	0.017	-0.902	8.775	3.638
1418196489665	37.500008	139.919667	11	-0.040	-1.161	10.060	3.546
1418196489766	37.500009	139.919664	11	-0.091	-1.373	11.172	3.451
1418196489866	37.500010	139.919661	11	-0.090	-1.261	11.005	3.360
1418196489967	37.500011	139.919658	11	-0.097	-0.948	10.221	3.270
1418196490068	37.500012	139.919655	11	-0.095	-0.671	9.646	3.184
1418196490168	37.500013	139.919652	11	0.001	-0.548	9.635	3.102
1418196490269	37.500014	139.919649	11	0.040	-0.545	9.832	3.021
1418196490365	37.500015	139.919646	11	0.032	-0.569	9.997	2.946
1418196490466	37.500017	139.919643	11	-0.041	-0.554	10.043	2.869
1418196490566	37.500018	139.919641	11	-0.129	-0.345	9.714	2.794
1418196490667	37.500019	139.919638	11	-0.114	-0.271	9.512	2.721
1418196490768	37.500020	139.919635	11	-0.052	-0.479	9.968	2.650
1418196490868	37.500021	139.919633	11	-0.081	-0.730	10.507	2.581
1418196490969	37.500022	139.919630	11	-0.173	-0.773	10.371	2.514
1418196491065	37.500024	139.919629	13	-0.205	-0.593	9.752	2.408
1418196491165	37.500026	139.919627	13	-0.118	-0.551	9.647	2.289
1418196491266	37.500028	139.919625	13	0.096	-0.651	10.199	2.174
1418196491367	37.500030	139.919623	13	0.238	-0.756	10.516	2.064
1418196491468	37.500032	139.919621	13	0.183	-0.763	10.249	1.960
1418196491568	37.500034	139.919620	13	0.020	-0.698	9.800	1.861
1418196491669	37.500036	139.919618	13	-0.163	-0.693	9.564	1.767
1418196491765	37.500038	139.919617	13	-0.179	-0.764	9.735	1.681
1418196491865	37.500039	139.919616	13	-0.118	-0.911	10.173	1.598
1418196491966	37.500041	139.919614	13	-0.068	-0.997	10.407	1.518
1418196492067	37.500041	139.919613	13	-0.062	-0.966	10.183	1.424
1418196492167	37.500041	139.919612	13	-0.107	-0.855	9.857	1.331
1418196492268	37.500041	139.919611	13	-0.118	-0.781	9.825	1.241
1418196492369	37.500041	139.919610	13	-0.107	-0.792	9.996	1.157
1418196492469	37.500041	139.919609	13	-0.053	-0.810	10.161	1.078
1418196492565	37.500041	139.919608	13	-0.031	-0.746	10.105	1.008
1418196492666	37.500041	139.919607	13	-0.062	-0.665	9.942	0.938
1418196492767	37.500041	139.919606	13	-0.117	-0.619	9.857	0.874
1418196492867	37.500041	139.919606	13	-0.127	-0.567	9.981	0.815
1418196492968	37.500041	139.919605	13	-0.066	-0.377	10.203	0.761
1418196493069	37.500041	139.919604	10	0.032	-0.097	10.267	0.727
1418196493169	37.500041	139.919604	10	0.108	0.138	10.077	0.698
1418196493265	37.500042	139.919603	10	0.100	0.246	9.800	0.671
1418196493366	37.500042	139.919602	10	0.078	0.294	9.766	0.644
1418196493467	37.500042	139.919602	10	0.015	0.183	9.979	0.618
1418196493567	37.500042	139.919601	10	-0.002	0.032	10.173	0.594
1418196493668	37.500042	139.919601	10	0.039	-0.013	10.189	0.570
1418196493769	37.500043	139.919600	10	0.074	0.076	10.089	0.547
1418196493869	37.500043	139.919600	10	0.084	0.173	9.977	0.525
1418196493965	37.500043	139.919599	10	0.040	0.169	9.857	0.505
1418196494066	37.500043	139.919598	11	0.000	0.106	9.913	0.500
1418196494166	37.500044	139.919597	11	0.021	0.062	10.079	0.500
1418196494267	37.500044	139.919597	11	0.051	0.074	10.154	0.500
1418196494368	37.500045	139.919596	11	0.053	0.114	10.055	0.500
1418196494469	37.500045	139.919595	11	0.060	0.159	9.972	0.500
1418196494569	37.500046	139.919594	11	0.043	0.143	9.937	0.500
1418196494665	37.500046	139.919593	11	0.014	0.087	9.952	0.500
1418196494766	37.500047	139.919592	11	0.013	0.058	10.023	0.500
1418196494866	37.500047	139.919591	11	0.044	0.101	10.077	0.500
1418196494967	37.500048	139.919590	11	0.066	0.139	10.038	0.500
1418196502963	37.500106	139.919492	13	0.063	0.137	10.034	2.625
1418196502968	37.500107	139.919491	13	0.056	0.133	10.026	2.625
1418196503069	37.500108	139.919489	13	-0.025	0.037	9.770	2.612
1418196503165	37.500109	139.919487	13	-0.113	-0.051	9.879	2.600
1418196503265	37.500110	139.919485	13	-0.208	-0.208	10.237	2.588
1418196503366	37.500111	139.919483	13	-0.094	-0.296	10.534	2.575
1418196503467	37.500112	139.919481	13	0.098	-0.245	10.261	2.563
1418196503568	37.500113	139.919479	13	0.138	-0.147	9.851	2.551
1418196503668	37.500114	139.919477	13	0.033	-0.080	9.780	2.539
1418196503769	37.500115	139.919475	13	-0.129	-0.115	10.217	2.526
1418196503865	37.500116	139.919473	13	-0.150	-0.140	10.512	2.515
1418196503965	37.500117	139.919471	13	-0.075	0.051	10.394	2.503
1418196557965	37.500737	139.919731	11	-0.076	0.062	10.386	5.756
1418196558066	37.500742	139.919733	10	-0.073	-0.165	10.096	5.750
1418196558166	37.500748	139.919735	10	-0.232	-0.487	10.540	5.750
1418196558267	37.500753	139.919737	10	-0.059	-0.385	10.564	5.750
1418196558368	37.500758	139.919739	10	0.058	-0.199	9.819	5.750
1418196558468	37.500764	139.919741	10	0.051	-0.001	9.231	5.750
1418196558569	37.500769	139.919743	10	0.092	-0.026	9.325	5.750
1418196558665	37.500774	139.919745	10	0.219	-0.188	9.816	5.750
1418196558766	37.500780	139.919747	10	0.302	-0.451	10.147	5.750
1418196558866	37.500785	139.919749	10	0.437	-0.620	10.093	5.750
1418196558967	37.500791	139.919751	10	0.438	-0.761	9.875	5.750
1418196559068	37.500792	139.919753	14	0.518	-0.779	9.789	5.617
1418196559169	37.500791	139.919755	14	0.404	-0.802	10.095	5.448
1418196559269	37.500791	139.919758	14	0.417	-1.184	11.253	5.286
1418196559365	37.500790	139.919760	14	0.560	-1.358	11.761	5.135
1418196559466	37.500790	139.919762	14	0.869	-1.274	11.082	4.980
1418196559566	37.500790	139.919764	14	1.156	-0.987	10.177	4.831
1418196559667	37.500789	139.919767	14	1.166	-0.623	9.637	4.685
1418196559768	37.500789	139.919769	14	1.165	-0.405	9.331	4.544
1418196559868	37.500788	139.919771	14	1.389	-0.224	9.012	4.409
1418196559969	37.500788	139.919773	14	1.642	-0.350	9.627	4.277
1418196560065	37.500788	139.919777	14	1.759	-0.561	10.509	4.231
1418196560165	37.500789	139.919781	14	1.749	-0.655	10.632	4.205
1418196560266	37.500790	139.919786	14	1.744	-0.599	9.934	4.179
1418196560367	37.500790	139.919791	14	1.785	-0.399	9.173	4.154
1418196560468	37.500791	139.919795	14	1.823	-0.503	9.150	4.129
1418196560568	37.500792	139.919800	14	1.547	-0.651	9.797	4.104
1418196560669	37.500792	139.919805	14	1.226	-0.802	10.399	4.079
1418196560765	37.500793	139.919809	14	1.019	-0.741	10.235	4.055
1418196560865	37.500793	139.919813	14	0.909	-0.736	9.804	4.030
1418196560966	37.500794	139.919818	14	0.781	-0.614	9.459	4.006
1418196561067	37.500793	139.919822	11	0.673	-0.531	9.481	3.937
1418196561168	37.500791	139.919825	11	0.957	-0.573	9.623	3.855
1418196561268	37.500790	139.919829	11	1.442	-0.758	10.003	3.776
1418196561369	37.500788	139.919832	11	1.983	-0.998	10.510	3.697
1418196561465	37.500787	139.919835	11	2.105	-1.148	10.441	3.624
1418196561565	37.500786	139.919838	11	1.876	-0.990	9.790	3.550
1418196561666	37.500784	139.919841	11	1.422	-0.600	9.503	3.476
1418196561767	37.500783	139.919844	11	1.051	-0.265	9.675	3.404
1418196561867	37.500782	139.919847	11	0.869	-0.063	9.981	3.334
1418196561968	37.500780	139.919850	11	0.860	0.084	10.202	3.265
1418196562069	37.500779	139.919853	11	0.973	0.183	10.036	3.184
1418196562165	37.500778	139.919855	11	1.026	0.137	9.796	3.105
1418196562265	37.500776	139.919858	11	0.947	0.110	9.753	3.024
1418196562366	37.500775	139.919860	11	0.922	0.166	9.846	2.945
1418196562467	37.500774	139.919862	11	0.925	0.133	10.170	2.868
1418196562567	37.500773	139.919864	11	0.990	0.007	10.254	2.793
1418196562668	37.500772	139.919867	11	0.997	-0.035	10.178	2.720
1418196562769	37.500770	139.919869	11	0.934	-0.048	10.306	2.649
1418196562870	37.500769	139.919871	11	0.871	0.017	10.167	2.580
1418196562965	37.500768	139.919873	11	0.910	0.109	9.897	2.516
1418196577966	37.500494	139.920932	14	0.912	0.109	9.894	6.256
1418196578066	37.500493	139.920941	18	0.566	-0.330	10.268	6.337
1418196578167	37.500491	139.920953	18	0.288	-0.613	10.479	6.455
1418196578268	37.500489	139.920965	18	0.071	-0.696	9.888	6.575
1418196578368	37.500488	139.920977	18	0.012	-0.715	9.576	6.696
1418196578469	37.500486	139.920989	18	-0.109	-0.760	9.793	6.820
1418196578565	37.500484	139.921000	18	-0.120	-0.907	10.343	6.941
1418196578666	37.500482	139.921013	18	-0.061	-0.952	10.182	7.070
1418196578766	37.500480	139.921026	18	-0.098	-0.951	10.052	7.200
1418196578867	37.500478	139.921039	18	-0.100	-0.975	10.060	7.334
1418196578968	37.500476	139.921052	18	-0.047	-0.900	9.973	7.470
1418196579068	37.500472	139.921059	18	0.020	-0.930	10.022	7.439
1418196579169	37.500468	139.921063	18	-0.007	-0.965	10.215	7.360
1418196579265	37.500463	139.921068	18	-0.077	-0.919	9.889	7.286
1418196579365	37.500459	139.921072	18	-0.052	-0.915	9.758	7.209
1418196579466	37.500454	139.921077	18	-0.010	-1.001	10.232	7.133
1418196579567	37.500450	139.921081	18	-0.025	-0.969	10.117	7.058
1418196579668	37.500446	139.921085	18	-0.024	-0.963	9.992	6.983
1418196579768	37.500441	139.921090	18	-0.070	-0.949	9.819	6.910
1418196579869	37.500437	139.921094	18	0.042	-0.985	9.911	6.837
1418196579965	37.500433	139.921098	18	0.063	-1.039	9.950	6.768
1418196580065	37.500430	139.921105	18	0.033	-1.085	10.002	6.786
1418196580166	37.500427	139.921114	18	-0.051	-1.137	10.235	6.835
1418196580267	37.500423	139.921122	18	-0.098	-1.026	9.956	6.885
1418196580368	37.500420	139.921131	18	-0.034	-0.999	9.685	6.935
1418196580468	37.500417	139.921140	18	0.088	-1.042	9.935	6.985
1418196580569	37.500414	139.921149	18	0.155	-1.084	10.131	7.035
1418196580665	37.500411	139.921157	18	0.091	-1.124	10.215	7.084
1418196580765	37.500407	139.921166	18	-0.006	-1.117	10.191	7.134
1418196580866	37.500404	139.921175	18	-0.140	-1.080	9.965	7.186
1418196580967	37.500401	139.921184	18	-0.209	-1.021	9.822	7.238
1418196581067	37.500399	139.921190	14	-0.178	-1.033	9.842	6.901
1418196581168	37.500399	139.921196	14	-0.093	-1.078	9.972	6.464
1418196581269	37.500398	139.921201	14	-0.053	-1.051	9.999	6.049
1418196581369	37.500397	139.921206	14	-0.008	-1.055	9.986	5.661
1418196581465	37.500397	139.921210	14	-0.014	-1.052	10.099	5.310
1418196581566	37.500396	139.921214	14	0.049	-1.025	10.077	4.962
1418196581667	37.500396	139.921218	14	0.114	-1.020	9.936	4.637
1418196581767	37.500395	139.921222	14	0.154	-0.975	9.940	4.338
1418196581868	37.500395	139.921225	14	0.077	-0.915	9.971	4.058
1418196581969	37.500394	139.921228	14	-0.019	-0.863	10.003	3.801
1418196582069	37.500392	139.921234	14	-0.113	-0.843	10.000	3.660
1418196582165	37.500389	139.921240	14	-0.125	-0.846	10.046	3.553
1418196582266	37.500386	139.921247	14	-0.099	-0.880	10.021	3.443
1418196582367	37.500384	139.921253	14	-0.088	-0.884	10.028	3.337
1418196582467	37.500381	139.921259	14	-0.054	-0.862	9.986	3.235
1418196582568	37.500379	139.921265	14	-0.008	-0.840	9.965	3.134
1418196582669	37.500376	139.921270	14	0.047	-0.858	9.955	3.037
1418196582769	37.500374	139.921276	14	0.082	-0.852	9.984	2.945
1418196582865	37.500372	139.921281	14	0.070	-0.842	9.995	2.858
1418196582966	37.500370	139.921286	14	0.018	-0.806	9.988	2.770
1418196583066	37.500368	139.921288	14	-0.030	-0.820	9.949	2.629
1418196583167	37.500368	139.921289	14	-0.054	-0.796	10.018	2.475
1418196583268	37.500367	139.921290	14	-0.015	-0.844	10.103	2.329
1418196583369	37.500366	139.921291	14	0.060	-0.837	10.061	2.190
1418196583469	37.500366	139.921292	14	0.087	-0.849	9.963	2.060
1418196583565	37.500365	139.921293	14	0.098	-0.845	9.992	1.941
1418196583666	37.500365	139.921294	14	0.056	-0.825	10.042	1.824
1418196583766	37.500364	139.921294	14	-0.020	-0.675	10.099	1.716
1418196583867	37.500364	139.921295	14	-0.040	-0.524	10.088	1.614
1418196583968	37.500363	139.921296	14	0.028	-0.244	10.084	1.520
1418196584069	37.500361	139.921297	13	0.094	0.007	10.011	1.453
1418196584169	37.500359	139.921298	13	0.183	0.196	9.911	1.396
1418196584265	37.500357	139.921299	13	0.251	0.335	9.902	1.343
1418196584366	37.500355	139.921300	13	0.277	0.443	9.986	1.289
1418196584466	37.500353	139.921301	13	0.241	0.488	10.023	1.237
1418196584567	37.500351	139.921302	13	0.185	0.461	10.024	1.187
1418196584668	37.500349	139.921302	13	0.144	0.367	10.005	1.139
1418196584768	37.500348	139.921303	13	0.144	0.244	10.004	1.094
1418196584869	37.500346	139.921304	13	0.183	0.166	10.053	1.050
1418196584970	37.500344	139.921305	13	0.192	0.124	10.082	1.008
1418196585066	37.500345	139.921306	13	0.178	0.114	10.053	0.854
1418196585165	37.500347	139.921306	13	0.136	0.104	9.984	0.681
1418196585267	37.500349	139.921307	13	0.144	0.113	10.020	0.523
1418196585366	37.500350	139.921307	13	0.171	0.182	10.051	0.389
1418196585468	37.500351	139.921308	13	0.179	0.267	10.061	0.272
1418196585567	37.500352	139.921308	13	0.176	0.367	10.009	0.179
1418196585665	37.500353	139.921309	13	0.173	0.388	9.947	0.106
1418196585765	37.500353	139.921309	13	0.208	0.398	9.965	0.051
1418196585866	37.500354	139.921309	13	0.202	0.356	10.011	0.015
1418196585967	37.500354	139.921309	13	0.213	0.295	10.049	0.001
1418196636965	37.499880	139.923079	14	0.210	0.289	10.047	7.509
1418196637066	37.499878	139.923087	12	0.195	-0.095	10.185	7.461
1418196637167	37.499875	139.923096	12	0.200	-0.355	10.242	7.409
1418196637268	37.499871	139.923104	12	0.274	-0.325	10.157	7.358
1418196637368	37.499868	139.923112	12	0.263	-0.228	9.989	7.307
1418196637469	37.499865	139.923120	12	0.343	-0.172	9.922	7.256
1418196637565	37.499862	139.923128	12	0.396	-0.123	9.804	7.208
1418196637665	37.499860	139.923136	12	0.352	-0.116	9.839	7.159
1418196637766	37.499857	139.923144	12	0.260	-0.203	10.271	7.109
1418196637867	37.499854	139.923151	12	0.149	-0.187	10.146	7.060
1418196637967	37.499851	139.923159	12	0.080	-0.130	9.955	7.011
1418196638069	37.499850	139.923165	14	0.134	-0.099	10.045	6.915
1418196638169	37.499849	139.923169	14	0.283	-0.100	10.077	6.810
1418196638265	37.499849	139.923174	14	0.360	-0.170	10.200	6.710
1418196638365	37.499848	139.923178	14	0.460	-0.159	10.051	6.607
1418196638466	37.499848	139.923183	14	0.411	-0.146	9.971	6.505
1418196638567	37.499847	139.923187	14	0.350	-0.203	10.246	6.404
1418196638667	37.499847	139.923192	14	0.287	-0.315	10.708	6.306
1418196638768	37.499846	139.923196	14	0.292	-0.203	10.159	6.209
1418196638869	37.499846	139.923200	14	0.185	-0.049	9.492	6.113
1418196638970	37.499845	139.923204	14	0.197	0.080	8.824	6.018
1418196639065	37.499846	139.923207	15	0.040	0.203	8.729	5.919
1418196639166	37.499847	139.923210	15	0.038	0.018	9.795	5.811
1418196639267	37.499848	139.923213	15	0.029	-0.286	10.804	5.705
1418196639367	37.499849	139.923215	15	-0.056	-0.361	10.645	5.602
1418196639468	37.499851	139.923218	15	-0.156	-0.333	10.154	5.499
1418196639569	37.499852	139.923221	15	-0.086	-0.281	10.028	5.399
1418196639669	37.499853	139.923223	15	-0.020	-0.270	10.320	5.301
1418196639765	37.499854	139.923226	15	0.050	-0.214	10.497	5.209
1418196639866	37.499855	139.923228	15	0.069	0.041	9.802	5.114
1418196639967	37.499856	139.923230	15	0.086	0.079	9.281	5.021
1418196640067	37.499854	139.923238	16	0.181	-0.040	9.536	5.086
1418196640168	37.499850	139.923247	16	0.314	-0.249	10.212	5.202
1418196640269	37.499847	139.923256	16	0.282	-0.313	10.640	5.321
1418196640369	37.499843	139.923266	16	0.327	-0.243	10.341	5.441
1418196640465	37.499840	139.923275	16	0.385	-0.134	9.813	5.559
1418196640566	37.499836	139.923285	16	0.464	-0.081	9.619	5.686
1418196640666	37.499833	139.923296	16	0.455	-0.129	9.846	5.815
1418196640767	37.499829	139.923306	16	0.384	-0.187	10.227	5.947
1418196640868	37.499825	139.923317	16	0.339	-0.144	10.368	6.083
1418196656966	37.499448	139.924433	12	0.215	0.188	9.887	5.272
1418196657067	37.499447	139.924438	12	0.247	0.121	9.963	5.230
1418196657167	37.499446	139.924444	12	0.262	-0.040	10.114	5.205
1418196657268	37.499445	139.924450	12	0.197	-0.098	10.125	5.179
1418196657369	37.499444	139.924456	12	0.138	-0.079	9.980	5.154
1418196657465	37.499443	139.924461	12	0.099	-0.074	9.914	5.130
1418196657565	37.499442	139.924467	12	0.097	-0.121	10.041	5.105
1418196657666	37.499441	139.924473	12	0.152	-0.148	10.056	5.080
1418196657767	37.499440	139.924479	12	0.257	-0.129	9.998	5.055
1418196657867	37.499439	139.924484	12	0.286	-0.125	9.972	5.030
1418196657968	37.499438	139.924490	12	0.296	-0.179	10.109	5.005
1418196658069	37.499438	139.924495	12	0.303	-0.140	9.888	4.980
1418196658170	37.499437	139.924500	12	0.229	-0.120	9.823	4.954
1418196658265	37.499437	139.924505	12	0.149	-0.122	10.035	4.930
1418196658366	37.499436	139.924510	12	0.113	-0.119	10.058	4.904
1418196658467	37.499436	139.924516	12	0.097	-0.106	9.833	4.879
1418196658567	37.499436	139.924521	12	0.149	-0.137	10.056	4.854
1418196658668	37.499435	139.924526	12	0.262	-0.158	10.172	4.829
1418196658769	37.499435	139.924531	12	0.185	-0.157	10.010	4.804
1418196658869	37.499434	139.924536	12	0.072	-0.077	9.763	4.780
1418196658965	37.499434	139.924541	12	0.060	-0.148	10.101	4.756
1418196659066	37.499434	139.924543	13	0.156	-0.165	10.258	4.642
1418196659166	37.499433	139.924545	13	0.162	-0.117	10.014	4.503
1418196659267	37.499433	139.924547	13	0.075	-0.095	9.970	4.366
1418196659368	37.499433	139.924549	13	0.054	-0.098	10.148	4.233
1418196659469	37.499432	139.924550	13	0.179	-0.085	10.031	4.104
1418196659569	37.499432	139.924552	13	0.342	-0.175	10.199	3.980
1418196659665	37.499432	139.924553	13	0.374	-0.222	10.322	3.865
1418196659766	37.499432	139.924555	13	0.358	-0.119	9.993	3.747
1418196659866	37.499431	139.924556	13	0.318	-0.114	9.557	3.634
1418196659972	37.499431	139.924558	13	0.239	-0.084	9.595	3.519
1418196660068	37.499432	139.924560	14	0.210	-0.169	9.917	3.480
1418196660168	37.499433	139.924563	14	0.149	-0.286	10.290	3.454
1418196660269	37.499434	139.924566	14	0.079	-0.308	10.229	3.428
1418196660365	37.499435	139.924569	14	0.113	-0.294	9.982	3.404
1418196660466	37.499436	139.924572	14	0.225	-0.301	9.951	3.379
1418196660566	37.499437	139.924575	14	0.319	-0.297	9.909	3.354
1418196660667	37.499438	139.924578	14	0.413	-0.339	9.721	3.329
1418196660768	37.499439	139.924581	14	0.442	-0.424	9.952	3.304
1418196660868	37.499440	139.924584	14	0.419	-0.487	10.377	3.280
1418196660969	37.499441	139.924586	14	0.357	-0.378	10.297	3.255
1418196661065	37.499442	139.924588	14	0.247	-0.272	9.930	3.231
1418196661166	37.499443	139.924590	14	0.224	-0.216	9.811	3.205
1418196661266	37.499444	139.924592	14	0.246	-0.216	9.938	3.179
1418196661367	37.499444	139.924594	14	0.326	-0.242	10.017	3.153
1418196661468	37.499445	139.924596	14	0.393	-0.280	10.132	3.128
1418196661568	37.499446	139.924598	14	0.415	-0.300	10.202	3.103
1418196661669	37.499447	139.924600	14	0.403	-0.294	10.052	3.078
1418196661765	37.499448	139.924602	14	0.364	-0.280	9.851	3.055
1418196661865	37.499449	139.924604	14	0.261	-0.272	9.799	3.030
1418196661966	37.499450	139.924606	14	0.157	-0.295	9.917	3.006
1418196662067	37.499448	139.924609	15	0.104	-0.308	9.841	2.980
1418196662168	37.499446	139.924612	15	0.179	-0.359	10.088	2.954
1418196662268	37.499444	139.924615	15	0.307	-0.445	10.321	2.928
1418196662369	37.499441	139.924618	15	0.325	-0.463	10.091	2.903
1418196662465	37.499439	139.924622	15	0.319	-0.445	9.848	2.879
1418196662566	37.499437	139.924625	15	0.293	-0.433	9.829	2.853
1418196662667	37.499435	139.924628	15	0.281	-0.451	10.000	2.828
1418196662767	37.499433	139.924631	15	0.259	-0.498	10.169	2.804
1418196662867	37.499431	139.924634	15	0.156	-0.518	10.120	2.780
1418196662968	37.499428	139.924637	15	0.092	-0.514	9.884	2.755
1418196663069	37.499428	139.924638	15	0.125	-0.558	9.866	2.682
1418196663165	37.499429	139.924639	15	0.218	-0.615	10.053	2.602
1418196663265	37.499430	139.924640	15	0.271	-0.644	10.117	2.520
1418196663366	37.499430	139.924640	15	0.309	-0.623	10.082	2.440
1418196663467	37.499431	139.924641	15	0.322	-0.615	9.992	2.363
1418196663567	37.499431	139.924641	15	0.255	-0.613	9.896	2.288
1418196663668	37.499432	139.924642	15	0.196	-0.655	9.966	2.216
1418196663769	37.499432	139.924642	15	0.137	-0.693	10.082	2.145
1418196663870	37.499432	139.924642	15	0.102	-0.710	10.073	2.077
1418196663965	37.499433	139.924643	15	0.180	-0.676	9.937	2.016
1418196664066	37.499431	139.924646	15	0.255	-0.650	9.886	2.018
1418196664167	37.499429	139.924651	15	0.342	-0.638	10.048	2.042
1418196664267	37.499427	139.924656	15	0.360	-0.627	10.080	2.066
1418196664368	37.499425	139.924660	15	0.258	-0.568	10.011	2.091
1418196664469	37.499422	139.924665	15	0.151	-0.522	9.928	2.116
1418196664569	37.499420	139.924670	15	0.066	-0.521	9.939	2.141
1418196664665	37.499418	139.924675	15	0.089	-0.536	10.001	2.166
1418196664766	37.499415	139.924680	15	0.215	-0.570	10.053	2.191
1418196664867	37.499413	139.924685	15	0.321	-0.592	10.031	2.218
1418196664967	37.499411	139.924690	15	0.389	-0.610	10.002	2.244
1418196665068	37.499411	139.924692	15	0.346	-0.615	9.982	2.207
1418196665169	37.499412	139.924692	15	0.215	-0.612	10.008	2.151
1418196665269	37.499413	139.924693	15	0.134	-0.600	10.022	2.098
1418196665365	37.499414	139.924694	15	0.068	-0.586	9.991	2.048
1418196665466	37.499415	139.924695	15	0.110	-0.580	9.988	1.996
1418196665566	37.499415	139.924695	15	0.266	-0.441	10.102	1.947
1418196665667	37.499416	139.924696	15	0.370	-0.157	10.189	1.898
1418196665768	37.499417	139.924697	15	0.408	0.126	10.081	1.850
1418196665869	37.499418	139.924697	15	0.382	0.297	9.815	1.804
1418196665969	37.499419	139.924698	15	0.312	0.322	9.756	1.759
1418196666065	37.499420	139.924697	14	0.322	0.300	9.955	1.497
1418196666166	37.499422	139.924696	14	0.317	0.278	10.177	1.188
1418196666266	37.499423	139.924696	14	0.345	0.276	10.108	0.917
1418196666367	37.499425	139.924695	14	0.325	0.291	9.908	0.679
1418196666468	37.499426	139.924694	14	0.321	0.267	9.908	0.477
1418196666568	37.499426	139.924694	14	0.329	0.216	10.026	0.312
1418196666669	37.499427	139.924694	14	0.334	0.169	10.112	0.180
1418196666765	37.499428	139.924693	14	0.387	0.182	10.044	0.089
1418196666866	37.499428	139.924693	14	0.350	0.212	9.944	0.027
1418196666966	37.499428	139.924693	14	0.335	0.240	9.982	0.001
1418196725966	37.499350	139.925027	11	0.330	0.238	9.986	4.500
1418196726067	37.499348	139.925032	11	0.258	-0.035	10.157	4.480
1418196726168	37.499346	139.925037	11	0.184	-0.143	9.735	4.454
1418196726268	37.499344	139.925042	11	0.109	-0.162	9.428	4.429
1418196726369	37.499342	139.925047	11	0.126	-0.207	9.523	4.404
1418196726465	37.499340	139.925052	11	0.194	-0.425	10.069	4.379
1418196726565	37.499338	139.925057	11	0.231	-0.511	10.380	4.355
1418196726666	37.499336	139.925061	11	0.212	-0.450	10.154	4.329
1418196726767	37.499334	139.925066	11	0.158	-0.334	9.869	4.305
1418196726867	37.499332	139.925071	11	0.171	-0.284	9.747	4.280
1418196726968	37.499330	139.925076	11	0.163	-0.336	9.800	4.255
1418196727069	37.499329	139.925081	10	0.196	-0.433	10.280	4.230
1418196727170	37.499327	139.925085	10	0.244	-0.497	10.500	4.204
1418196727265	37.499325	139.925089	10	0.300	-0.433	10.138	4.180
1418196727371	37.499323	139.925094	10	0.232	-0.386	9.802	4.153
1418196727467	37.499322	139.925098	10	0.185	-0.298	9.861	4.129
1418196727566	37.499320	139.925103	10	0.181	-0.214	9.751	4.104
1418196727668	37.499318	139.925107	10	0.219	-0.180	9.863	4.079
1418196727767	37.499317	139.925111	10	0.200	-0.199	10.027	4.054
1418196727869	37.499315	139.925116	10	0.110	-0.158	9.977	4.029
1418196727965	37.499313	139.925120	10	0.045	-0.141	10.003	4.006
1418196728066	37.499312	139.925124	11	0.016	-0.121	10.029	3.980
1418196728166	37.499310	139.925128	11	0.103	-0.106	9.995	3.955
1418196728268	37.499308	139.925132	11	0.170	-0.122	10.002	3.929
1418196728368	37.499306	139.925136	11	0.159	-0.187	10.048	3.904
1418196728469	37.499305	139.925140	11	0.005	-0.223	10.159	3.878
1418196728569	37.499303	139.925143	11	-0.231	-0.204	10.098	3.853
1418196728665	37.499301	139.925147	11	-0.412	-0.153	9.797	3.829
1418196728766	37.499300	139.925151	11	-0.445	-0.236	9.702	3.805
1418196728866	37.499298	139.925154	11	-0.362	-0.316	10.004	3.780
1418196728967	37.499296	139.925158	11	-0.244	-0.421	10.171	3.756
1418196729068	37.499295	139.925161	11	-0.241	-0.423	10.104	3.575
1418196729169	37.499294	139.925163	11	-0.253	-0.329	9.910	3.358
1418196729269	37.499293	139.925165	11	-0.268	-0.179	9.963	3.155
1418196729365	37.499292	139.925167	11	-0.333	-0.122	10.173	2.969
1418196729466	37.499292	139.925169	11	-0.362	-0.149	10.148	2.784
1418196729566	37.499291	139.925171	11	-0.324	-0.076	9.943	2.612
1418196729667	37.499290	139.925172	11	-0.363	-0.046	9.939	2.449
1418196729768	37.499289	139.925174	11	-0.452	-0.045	10.045	2.297
1418196729869	37.499289	139.925175	11	-0.619	-0.086	10.088	2.155
1418196729969	37.499288	139.925177	11	-0.653	0.010	10.001	2.026
1418196730065	37.499288	139.925178	10	-0.537	0.002	10.036	1.932
1418196730166	37.499287	139.925180	10	-0.422	-0.021	10.094	1.843
1418196730266	37.499287	139.925181	10	-0.352	-0.103	10.175	1.758
1418196730367	37.499286	139.925182	10	-0.386	-0.247	10.301	1.677
1418196730468	37.499286	139.925183	10	-0.435	-0.240	10.200	1.598
1418196730568	37.499285	139.925185	10	-0.354	-0.150	9.863	1.524
1418196730669	37.499285	139.925186	10	-0.126	-0.059	9.664	1.453
1418196730765	37.499285	139.925187	10	0.058	-0.007	9.735	1.389
1418196730866	37.499284	139.925188	10	0.095	-0.035	9.936	1.324
1418196730966	37.499284	139.925189	10	-0.030	-0.093	10.070	1.264
1418196731067	37.499284	139.925190	9	-0.163	-0.123	10.090	1.250
1418196731168	37.499284	139.925191	9	-0.272	-0.044	9.941	1.250
1418196731268	37.499284	139.925192	9	-0.280	-0.038	9.893	1.250
1418196731369	37.499284	139.925194	9	-0.118	-0.014	10.053	1.250
1418196731465	37.499284	139.925195	9	-0.024	-0.036	10.233	1.250
1418196731565	37.499285	139.925196	9	-0.032	-0.085	10.194	1.250
1418196731666	37.499285	139.925197	9	-0.067	-0.081	10.033	1.250
1418196731767	37.499285	139.925198	9	-0.000	-0.026	9.901	1.250
1418196731868	37.499285	139.925200	9	0.185	-0.034	10.014	1.250
1418196763963	37.500554	139.925758	12	0.241	-0.131	10.161	6.263
1418196763968	37.500554	139.925758	12	0.242	-0.138	10.169	6.261
1418196764069	37.500557	139.925761	12	0.074	-0.328	10.063	6.141
1418196764165	37.500560	139.925763	12	-0.013	-0.348	9.887	6.011
1418196764265	37.500563	139.925765	12	-0.029	-0.321	9.858	5.879
1418196764366	37.500566	139.925767	12	0.059	-0.277	9.771	5.747
1418196764467	37.500569	139.925769	12	0.099	-0.294	9.909	5.619
1418196764567	37.500572	139.925771	12	0.033	-0.282	10.005	5.495
1418196764668	37.500575	139.925773	12	-0.068	-0.231	9.828	5.372
1418196764769	37.500577	139.925775	12	-0.095	-0.191	9.738	5.252
1418196764870	37.500580	139.925777	12	-0.079	-0.270	9.963	5.135
1418196764965	37.500582	139.925779	12	0.048	-0.213	10.230	5.028
1418196765066	37.500586	139.925780	12	0.136	-0.129	10.134	4.981
1418196765167	37.500591	139.925781	12	0.224	-0.008	9.786	4.955
1418196765267	37.500596	139.925783	12	0.317	0.090	9.669	4.929
1418196765368	37.500600	139.925784	12	0.341	0.096	9.783	4.904
1418196765469	37.500605	139.925785	12	0.282	0.169	9.940	4.879
1418196765569	37.500609	139.925787	12	0.214	0.263	10.173	4.854
1418196765665	37.500614	139.925788	12	0.244	0.465	10.149	4.830
1418196765766	37.500618	139.925789	12	0.226	0.613	9.839	4.805
1418196765867	37.500623	139.925790	12	0.226	0.604	9.869	4.780
1418196765968	37.500627	139.925792	12	0.361	0.534	9.694	4.755
1418196781965	37.501466	139.926178	11	0.372	0.529	9.697	5.773
1418196782066	37.501470	139.926179	11	0.119	0.163	9.955	5.689
1418196782166	37.501474	139.926180	11	-0.083	-0.063	10.000	5.610
1418196782267	37.501477	139.926181	11	-0.168	-0.116	9.811	5.532
1418196782368	37.501481	139.926182	11	-0.222	-0.130	9.782	5.454
1418196782468	37.501485	139.926183	11	-0.278	-0.146	10.046	5.378
1418196782569	37.501488	139.926184	11	-0.378	-0.152	10.031	5.303
1418196782665	37.501492	139.926185	11	-0.447	-0.096	9.810	5.232
1418196782765	37.501495	139.926186	11	-0.473	-0.032	9.818	5.160
1418196782866	37.501499	139.926187	11	-0.388	-0.050	10.199	5.087
1418196782967	37.501502	139.926188	11	-0.314	-0.039	10.374	5.016
1418196784966	37.501600	139.926195	12	-0.311	-0.035	10.367	5.494
1418196785067	37.501604	139.926196	12	0.020	-0.022	9.776	5.438
1418196785167	37.501607	139.926197	12	0.144	-0.217	10.143	5.359
1418196785268	37.501610	139.926198	12	0.197	-0.468	10.883	5.280
1418196785369	37.501614	139.926199	12	0.120	-0.475	11.021	5.203
1418196785469	37.501617	139.926200	12	0.116	-0.302	10.291	5.127
1418196785565	37.501620	139.926201	12	0.076	-0.126	9.635	5.055
1418196785666	37.501623	139.926202	12	0.088	-0.054	9.561	4.981
1418196785766	37.501626	139.926203	12	0.224	-0.086	9.619	4.908
1418196785867	37.501629	139.926204	12	0.385	-0.152	9.892	4.836
1418196785968	37.501632	139.926205	12	0.468	-0.181	10.209	4.765
1418196786069	37.501636	139.926205	11	0.377	-0.143	10.009	4.769
1418196786169	37.501640	139.926206	11	0.138	-0.129	9.739	4.794
1418196786265	37.501643	139.926207	11	0.024	-0.141	9.901	4.817
1418196786366	37.501647	139.926207	11	0.017	-0.159	10.259	4.842
1418196786466	37.501651	139.926208	11	0.155	-0.167	10.324	4.867
1418196786567	37.501655	139.926208	11	0.310	-0.126	9.961	4.893
1418196786668	37.501659	139.926209	11	0.494	-0.050	9.729	4.918
1418196786769	37.501662	139.926210	11	0.605	-0.056	9.842	4.944
1418196786869	37.501666	139.926210	11	0.636	-0.140	10.048	4.969
1418196786965	37.501670	139.926211	11	0.571	-0.140	10.120	4.994
1418196787066	37.501674	139.926212	11	0.479	-0.154	10.141	4.981
1418196787166	37.501679	139.926213	11	0.326	-0.126	9.986	4.955
1418196787267	37.501683	139.926214	11	0.174	-0.100	9.948	4.929
1418196787368	37.501688	139.926215	11	0.122	-0.085	10.027	4.904
1418196787469	37.501692	139.926216	11	0.208	-0.081	10.095	4.879
1418196787569	37.501697	139.926217	11	0.266	-0.086	10.125	4.854
1418196787665	37.501701	139.926218	11	0.257	-0.078	10.019	4.830
1418196787766	37.501705	139.926219	11	0.285	-0.086	9.912	4.805
1418196787866	37.501710	139.926220	11	0.274	-0.136	9.999	4.780
1418196787967	37.501714	139.926221	11	0.294	-0.181	10.091	4.756
1418196788068	37.501718	139.926222	10	0.253	-0.151	9.908	4.750
1418196788168	37.501722	139.926223	10	0.166	-0.182	9.829	4.750
1418196788269	37.501726	139.926224	10	0.142	-0.241	10.056	4.750
1418196788365	37.501730	139.926225	10	0.126	-0.280	10.137	4.750
1418196788465	37.501734	139.926227	10	0.090	-0.307	10.062	4.750
1418196788566	37.501737	139.926228	10	0.089	-0.281	9.931	4.750
1418196788667	37.501741	139.926229	10	0.113	-0.266	9.900	4.750
1418196788768	37.501745	139.926230	10	0.118	-0.296	9.895	4.750
1418196788868	37.501749	139.926232	10	0.123	-0.317	9.992	4.750
1418196788969	37.501753	139.926233	10	0.076	-0.311	10.011	4.750
1418196789065	37.501757	139.926234	11	-0.033	-0.300	10.013	4.731
1418196789165	37.501762	139.926235	11	-0.098	-0.291	10.058	4.705
1418196789266	37.501766	139.926236	11	-0.183	-0.311	10.131	4.680
1418196789367	37.501771	139.926236	11	-0.243	-0.314	10.086	4.654
1418196789468	37.501775	139.926237	11	-0.226	-0.260	9.758	4.629
1418196789568	37.501780	139.926238	11	-0.245	-0.181	9.745	4.604
1418196789669	37.501784	139.926239	11	-0.259	-0.175	9.988	4.579
1418196789765	37.501788	139.926240	11	-0.267	-0.194	10.220	4.555
1418196789865	37.501793	139.926241	11	-0.233	-0.168	10.248	4.531
1418196789966	37.501797	139.926242	11	-0.170	-0.078	10.089	4.506
1418196790067	37.501801	139.926243	12	-0.125	-0.010	9.930	4.480
1418196790167	37.501804	139.926245	12	-0.149	0.003	10.035	4.455
1418196790268	37.501807	139.926246	12	-0.197	-0.001	10.129	4.429
1418196790369	37.501810	139.926247	12	-0.265	0.029	9.993	4.404
1418196790465	37.501813	139.926249	12	-0.277	0.058	9.962	4.379
1418196790565	37.501817	139.926250	12	-0.253	0.098	9.957	4.355
1418196790667	37.501820	139.926252	12	-0.203	0.171	9.721	4.329
1418196790767	37.501823	139.926253	12	-0.183	0.152	9.704	4.305
1418196790867	37.501826	139.926254	12	-0.211	0.086	9.806	4.280
1418196802967	37.502414	139.926480	11	-0.275	0.082	9.848	5.997
1418196803068	37.502419	139.926483	10	-0.221	0.037	9.839	5.959
1418196803169	37.502424	139.926485	10	-0.183	-0.028	10.010	5.907
1418196803265	37.502428	139.926488	10	-0.186	-0.116	10.122	5.858
1418196803365	37.502433	139.926490	10	-0.175	-0.152	10.023	5.807
1418196803466	37.502437	139.926492	10	-0.148	-0.158	10.054	5.757
1418196803567	37.502442	139.926495	10	-0.129	-0.147	9.992	5.706
1418196803667	37.502447	139.926497	10	-0.088	-0.159	10.047	5.657
1418196803768	37.502451	139.926499	10	-0.033	-0.141	9.926	5.607
1418196803869	37.502456	139.926501	10	0.005	-0.103	9.739	5.558
1418196803965	37.502460	139.926503	10	0.009	-0.097	9.813	5.512
1418196804065	37.502465	139.926506	10	0.011	-0.118	10.081	5.440
1418196804166	37.502469	139.926509	10	0.006	-0.167	10.323	5.360
1418196804267	37.502474	139.926512	10	-0.027	-0.086	9.851	5.281
1418196804367	37.502478	139.926515	10	-0.005	-0.013	9.618	5.204
1418196804468	37.502483	139.926517	10	0.050	-0.065	9.979	5.128
1418196804569	37.502487	139.926520	10	0.079	-0.160	10.349	5.052
1418196804670	37.502492	139.926523	10	0.076	-0.168	10.339	4.978
1418196804765	37.502496	139.926525	10	0.031	-0.108	10.054	4.909
1418196804866	37.502500	139.926528	10	-0.013	-0.042	9.844	4.837
1418196804967	37.502504	139.926530	10	-0.061	-0.060	9.807	4.766
1418196805067	37.502509	139.926532	10	-0.097	-0.135	9.986	4.750
1418196805168	37.502513	139.926534	10	-0.099	-0.162	10.024	4.750
1418196805269	37.502518	139.926536	10	-0.031	-0.147	9.961	4.750
1418196805369	37.502523	139.926538	10	0.025	-0.128	9.829	4.750
1418196805465	37.502527	139.926540	10	0.075	-0.147	9.995	4.750
1418196805566	37.502532	139.926542	10	0.080	-0.215	10.192	4.750
1418196805666	37.502537	139.926544	10	0.043	-0.208	10.058	4.750
1418196805767	37.502542	139.926546	10	0.038	-0.099	9.641	4.750
1418196805868	37.502546	139.926548	10	0.031	-0.148	9.982	4.750
1418196805969	37.502551	139.926550	10	0.065	-0.253	10.411	4.750
1418196806069	37.502555	139.926553	11	0.113	-0.279	10.255	4.750
1418196806165	37.502559	139.926556	11	0.062	-0.240	10.017	4.750
1418196806266	37.502562	139.926560	11	-0.004	-0.214	10.093	4.750
1418196806366	37.502566	139.926563	11	-0.035	-0.205	10.214	4.750
1418196806467	37.502570	139.926567	11	-0.090	-0.218	9.995	4.750
1418196806568	37.502574	139.926570	11	-0.109	-0.237	10.080	4.750
1418196806669	37.502578	139.926574	11	-0.112	-0.228	10.195	4.750
1418196806769	37.502582	139.926577	11	-0.084	-0.141	9.946	4.750
1418196806865	37.502585	139.926581	11	-0.122	-0.121	9.925	4.750
1418196806966	37.502589	139.926584	11	0.034	-0.163	10.122	4.750
1418196807066	37.502593	139.926586	11	0.148	-0.198	9.944	4.710
1418196807167	37.502597	139.926588	11	0.116	-0.181	9.849	4.657
1418196807268	37.502601	139.926590	11	0.101	-0.161	10.051	4.605
1418196807368	37.502604	139.926592	11	0.052	-0.167	10.083	4.554
1418196807469	37.502608	139.926594	11	0.029	-0.073	10.039	4.504
1418196807565	37.502612	139.926596	11	0.057	0.008	9.853	4.456
1418196807665	37.502615	139.926597	11	0.065	0.073	9.675	4.406
1418196807766	37.502619	139.926599	11	0.003	0.076	9.832	4.357
1418196807867	37.502623	139.926601	11	-0.045	0.012	10.053	4.309
1418196807968	37.502626	139.926603	11	0.022	-0.010	10.195	4.260
1418196808068	37.502629	139.926604	10	0.131	-0.023	10.152	4.250
1418196808169	37.502632	139.926606	10	0.221	0.011	9.972	4.250
1418196808265	37.502635	139.926607	10	0.180	0.015	9.943	4.250
1418196808365	37.502637	139.926609	10	0.082	0.027	9.845	4.250
1418196808466	37.502640	139.926611	10	0.034	-0.039	9.920	4.250
1418196808567	37.502643	139.926612	10	0.032	-0.088	10.069	4.250
1418196808668	37.502646	139.926614	10	0.060	-0.185	10.222	4.250
1418196808768	37.502649	139.926615	10	0.060	-0.274	10.271	4.250
1418196808869	37.502652	139.926617	10	0.030	-0.253	9.961	4.250
1418196808965	37.502654	139.926619	10	0.021	-0.240	9.777	4.250
1418196809065	37.502658	139.926620	10	0.028	-0.265	9.871	4.189
1418196809166	37.502661	139.926621	10	0.052	-0.326	10.004	4.107
1418196809267	37.502664	139.926623	10	0.055	-0.366	10.128	4.028
1418196809367	37.502668	139.926624	10	0.050	-0.385	10.201	3.950
1418196809468	37.502671	139.926626	10	0.066	-0.371	10.073	3.873
1418196809569	37.502674	139.926627	10	0.100	-0.356	9.964	3.798
1418196809670	37.502677	139.926628	10	0.124	-0.383	10.043	3.724
1418196809765	37.502680	139.926629	10	0.129	-0.440	10.159	3.656
1418196809866	37.502683	139.926631	10	0.030	-0.406	9.889	3.585
1418196809967	37.502686	139.926632	10	-0.091	-0.407	10.006	3.516
1418196810067	37.502689	139.926633	10	-0.206	-0.369	9.979	3.480
1418196810168	37.502692	139.926633	10	-0.187	-0.427	9.996	3.454
1418196810269	37.502694	139.926634	10	-0.155	-0.433	9.943	3.428
1418196810369	37.502697	139.926635	10	-0.078	-0.494	10.178	3.403
1418196810465	37.502700	139.926635	10	-0.002	-0.492	9.891	3.379
1418196810566	37.502702	139.926636	10	0.070	-0.637	9.920	3.354
1418196810666	37.502705	139.926637	10	0.162	-0.779	10.264	3.329
1418196810767	37.502707	139.926637	10	0.079	-0.810	10.173	3.304
1418196810868	37.502710	139.926638	10	-0.033	-0.763	9.832	3.280
1418196810969	37.502712	139.926639	10	-0.130	-0.749	9.617	3.255
1418196811069	37.502715	139.926640	10	-0.151	-0.832	9.900	3.230
1418196811165	37.502718	139.926641	10	-0.028	-0.902	10.151	3.205
1418196811266	37.502722	139.926642	10	0.020	-0.958	10.105	3.179
1418196811367	37.502725	139.926644	10	0.060	-0.994	10.187	3.153
1418196811467	37.502728	139.926645	10	0.006	-0.942	10.020	3.128
1418196811568	37.502731	139.926646	10	-0.060	-0.893	9.748	3.103
1418196811669	37.502734	139.926647	10	-0.094	-0.934	9.839	3.078
1418196811769	37.502737	139.926648	10	-0.090	-1.010	10.136	3.054
1418196811865	37.502739	139.926650	10	-0.033	-1.027	10.168	3.030
1418196811966	37.502742	139.926651	10	-0.028	-1.001	10.114	3.006
1418196812066	37.502743	139.926652	10	-0.098	-0.982	10.108	2.840
1418196812167	37.502744	139.926653	10	-0.203	-0.969	9.914	2.635
1418196812268	37.502745	139.926654	10	-0.218	-0.979	9.833	2.439
1418196812369	37.502745	139.926655	10	-0.158	-1.053	10.003	2.252
1418196812469	37.502746	139.926656	10	-0.073	-1.113	10.213	2.076
1418196812570	37.502746	139.926657	10	-0.016	-1.112	10.116	1.907
1418196812666	37.502746	139.926657	10	-0.083	-1.059	9.895	1.755
1418196812765	37.502747	139.926658	10	-0.209	-1.019	9.888	1.607
1418196812867	37.502747	139.926659	10	-0.301	-0.989	10.017	1.464
1418196812966	37.502748	139.926660	10	-0.318	-0.942	10.064	1.334
1418196813068	37.502748	139.926660	10	-0.212	-0.875	10.020	1.209
1418196813167	37.502748	139.926661	10	-0.087	-0.818	9.969	1.096
1418196813265	37.502749	139.926661	10	0.031	-0.779	9.945	0.994
1418196813366	37.502749	139.926662	10	0.014	-0.731	10.029	0.897
1418196813466	37.502749	139.926662	10	-0.038	-0.654	10.081	0.810
1418196813567	37.502749	139.926663	10	-0.135	-0.562	10.034	0.731
1418196813668	37.502750	139.926663	10	-0.136	-0.481	9.997	0.661
1418196813768	37.502750	139.926663	10	-0.026	-0.327	10.042	0.601
1418196813869	37.502750	139.926664	10	0.084	-0.110	10.152	0.550
1418196813965	37.502750	139.926664	10	0.134	0.081	10.055	0.509
1418196814066	37.502750	139.926664	10	0.050	0.196	9.876	0.427
1418196814166	37.502750	139.926664	10	0.007	0.200	9.823	0.339
1418196814267	37.502750	139.926664	10	-0.000	0.143	9.978	0.261
1418196814368	37.502750	139.926664	10	0.056	0.038	10.109	0.193
1418196814468	37.502750	139.926664	10	0.058	-0.001	10.062	0.136
1418196814569	37.502750	139.926664	10	0.046	0.054	10.011	0.089
1418196814665	37.502750	139.926664	10	0.016	0.157	9.998	0.053
1418196814765	37.502750	139.926664	10	0.004	0.172	9.998	0.025
1418196814866	37.502750	139.926664	10	0.046	0.116	9.988	0.008
1418196876963	37.503791	139.927191	5	0.081	0.074	10.068	6.500
1418196876968	37.503791	139.927192	5	0.089	0.076	10.073	6.500
1418196877068	37.503796	139.927194	4	0.153	0.021	9.960	6.480
1418196877169	37.503801	139.927197	4	0.196	0.011	9.837	6.455
1418196877265	37.503806	139.927200	4	0.226	-0.052	9.952	6.430
1418196877365	37.503811	139.927203	4	0.187	-0.105	10.142	6.405
1418196877466	37.503817	139.927206	4	0.080	-0.130	10.190	6.380
1418196877567	37.503822	139.927209	4	0.041	-0.139	10.148	6.355
1418196877668	37.503827	139.927212	4	-0.001	-0.067	9.856	6.329
1418196877768	37.503832	139.927215	4	0.062	0.010	9.738	6.305
1418196877869	37.503837	139.927218	4	0.185	-0.047	10.024	6.280
1418196877965	37.503842	139.927221	4	0.210	-0.130	10.319	6.256
1418196878065	37.503847	139.927224	4	0.159	-0.110	10.161	6.231
1418196878166	37.503852	139.927226	4	0.071	-0.018	9.842	6.205
1418196878267	37.503857	139.927229	4	0.016	0.011	9.874	6.180
1418196878368	37.503862	139.927231	4	0.018	0.002	10.035	6.154
1418196878468	37.503867	139.927234	4	0.066	-0.032	10.118	6.129
1418196878569	37.503872	139.927236	4	0.178	-0.000	9.916	6.104
1418196878665	37.503876	139.927238	4	0.314	0.024	9.778	6.080
1418196878765	37.503881	139.927241	4	0.420	0.002	9.771	6.055
1418196878867	37.503886	139.927243	4	0.377	-0.079	10.132	6.030
1418196878967	37.503891	139.927245	4	0.274	-0.142	10.341	6.006
1418196879068	37.503896	139.927248	6	0.197	-0.133	10.135	5.980
1418196879168	37.503900	139.927251	6	0.141	-0.069	9.965	5.955
1418196879269	37.503905	139.927254	6	0.169	-0.025	9.984	5.929
1418196879365	37.503909	139.927256	6	0.279	-0.029	10.007	5.905
1418196879465	37.503914	139.927259	6	0.384	-0.043	10.007	5.880
1418196879566	37.503919	139.927262	6	0.414	-0.062	10.058	5.855
1418196879667	37.503923	139.927264	6	0.324	-0.065	10.092	5.830
1418196879767	37.503928	139.927267	6	0.245	-0.045	10.081	5.805
1418196879868	37.503932	139.927270	6	0.181	-0.001	9.985	5.780
1418196879969	37.503937	139.927272	6	0.155	0.012	9.949	5.755
1418196880069	37.503943	139.927274	6	0.161	0.016	10.009	5.750
1418196880165	37.503948	139.927276	6	0.179	0.013	10.113	5.750
1418196880266	37.503954	139.927277	6	0.111	-0.013	10.079	5.750
1418196880367	37.503960	139.927279	6	0.004	-0.091	9.860	5.750
1418196880467	37.503966	139.927280	6	-0.045	-0.184	9.888	5.750
1418196880568	37.503972	139.927282	6	-0.038	-0.193	10.097	5.750
1418196880669	37.503977	139.927283	6	0.008	-0.175	10.177	5.750
1418196880769	37.503983	139.927285	6	0.066	-0.177	10.061	5.750
1418196880865	37.503989	139.927286	6	0.127	-0.201	9.881	5.750
1418196880966	37.503995	139.927288	6	0.156	-0.193	9.866	5.750
1418196881066	37.503999	139.927289	6	0.175	-0.224	10.107	5.710
1418196881167	37.504003	139.927291	6	0.209	-0.251	10.191	5.658
1418196881268	37.504007	139.927292	6	0.254	-0.241	10.007	5.606
1418196881369	37.504011	139.927294	6	0.298	-0.241	9.962	5.555
1418196881469	37.504015	139.927295	6	0.275	-0.158	9.918	5.505
1418196881565	37.504018	139.927297	6	0.279	-0.121	10.130	5.457
1418196881666	37.504022	139.927298	6	0.284	-0.053	10.041	5.407
1418196881766	37.504026	139.927300	6	0.264	-0.097	10.106	5.358
1418196881867	37.504030	139.927301	6	0.263	-0.194	10.046	5.309
1418196881968	37.504033	139.927303	6	0.302	-0.321	9.882	5.261
1418196882068	37.504037	139.927305	6	0.346	-0.502	10.085	5.230
1418196882169	37.504042	139.927307	6	0.335	-0.562	10.085	5.204
1418196882265	37.504046	139.927309	6	0.329	-0.634	10.131	5.180
1418196882366	37.504050	139.927311	6	0.326	-0.584	10.037	5.155
1418196882466	37.504054	139.927313	6	0.246	-0.566	9.895	5.129
1418196882567	37.504058	139.927315	6	0.211	-0.552	10.032	5.104
1418196882668	37.504063	139.927317	6	0.156	-0.496	9.888	5.079
1418196882768	37.504067	139.927319	6	0.110	-0.504	9.877	5.054
1418196882874	37.504071	139.927322	6	0.096	-0.518	10.056	5.028
1418196882965	37.504075	139.927323	6	0.084	-0.549	10.110	5.006
1418196883066	37.504078	139.927327	7	0.103	-0.527	10.001	4.892
1418196883166	37.504080	139.927330	7	0.155	-0.433	10.007	4.754
1418196883267	37.504083	139.927333	7	0.158	-0.277	9.917	4.618
1418196883368	37.504085	139.927337	7	0.209	-0.190	9.888	4.486
1418196883468	37.504087	139.927340	7	0.233	-0.167	9.958	4.358
1418196883569	37.504089	139.927343	7	0.186	-0.190	10.148	4.233
1418196883670	37.504092	139.927346	7	0.151	-0.139	10.128	4.111
1418196883765	37.504094	139.927349	7	0.155	-0.086	9.954	4.000
1418196883871	37.504096	139.927352	7	0.155	-0.049	9.855	3.880
1418196883967	37.504098	139.927354	7	0.163	-0.064	9.980	3.775
1418196884066	37.504101	139.927356	7	0.197	-0.097	9.929	3.768
1418196884168	37.504105	139.927358	7	0.258	-0.165	9.916	3.793
1418196884267	37.504109	139.927359	7	0.272	-0.202	10.172	3.818
1418196884365	37.504113	139.927361	7	0.236	-0.219	9.985	3.842
1418196884465	37.504118	139.927362	7	0.236	-0.338	10.071	3.867
1418196884566	37.504122	139.927364	7	0.274	-0.375	10.258	3.892
1418196884667	37.504126	139.927366	7	0.321	-0.372	10.202	3.917
1418196884768	37.504130	139.927367	7	0.453	-0.328	10.090	3.943
1418196884869	37.504135	139.927369	7	0.490	-0.284	10.130	3.969
1418196884969	37.504139	139.927371	7	0.460	-0.333	9.999	3.995
1418196885065	37.504143	139.927373	5	0.435	-0.267	9.885	3.960
1418196885165	37.504147	139.927375	5	0.348	-0.235	9.947	3.908
1418196885266	37.504151	139.927377	5	0.320	-0.191	10.072	3.855
1418196885367	37.504155	139.927379	5	0.340	-0.136	9.930	3.804
1418196885467	37.504159	139.927381	5	0.332	-0.112	9.908	3.753
1418196885568	37.504163	139.927383	5	0.350	-0.107	10.049	3.703
1418196885669	37.504167	139.927386	5	0.421	-0.149	9.983	3.653
1418196885765	37.504171	139.927388	5	0.475	-0.183	9.985	3.607
1418196885865	37.504174	139.927390	5	0.431	-0.188	10.062	3.559
1418196885966	37.504178	139.927392	5	0.377	-0.190	10.081	3.511
1418196886067	37.504181	139.927392	5	0.298	-0.188	9.890	3.480
1418196886167	37.504184	139.927393	5	0.283	-0.159	9.877	3.454
1418196886268	37.504187	139.927393	5	0.283	-0.162	10.107	3.429
1418196886369	37.504190	139.927394	5	0.279	-0.196	10.138	3.403
1418196886465	37.504193	139.927394	5	0.281	-0.200	10.019	3.379
1418196886565	37.504195	139.927394	5	0.244	-0.167	9.949	3.354
1418196886666	37.504198	139.927395	5	0.218	-0.150	9.952	3.329
1418196886767	37.504201	139.927395	5	0.208	-0.127	9.930	3.304
1418196886867	37.504204	139.927396	5	0.230	-0.135	10.133	3.280
1418196886968	37.504206	139.927396	5	0.209	-0.095	10.221	3.255
1418196887069	37.504209	139.927397	5	0.107	-0.026	9.953	3.207
1418196887169	37.504211	139.927399	5	0.014	-0.002	9.843	3.154
1418196887265	37.504213	139.927401	5	-0.030	0.016	9.924	3.104
1418196887366	37.504216	139.927402	5	0.013	0.012	10.112	3.052
1418196887467	37.504218	139.927404	5	0.112	0.028	10.282	3.001
1418196887567	37.504220	139.927406	5	0.168	0.060	10.192	2.951
1418196887668	37.504222	139.927407	5	0.165	0.074	9.894	2.902
1418196887769	37.504224	139.927409	5	0.121	0.097	9.871	2.853
1418196887869	37.504227	139.927410	5	0.221	0.074	10.008	2.806
1418196887965	37.504228	139.927412	5	0.328	0.004	10.083	2.761
1418196906964	37.505179	139.927993	6	0.333	-0.001	10.081	6.500
1418196906968	37.505179	139.927993	6	0.336	-0.008	10.083	6.500
1418196907069	37.505184	139.927998	5	0.213	-0.294	10.115	6.459
1418196907165	37.505189	139.928002	5	0.098	-0.471	10.001	6.410
1418196907266	37.505193	139.928006	5	0.026	-0.614	10.134	6.358
1418196907366	37.505198	139.928011	5	-0.017	-0.633	9.997	6.307
1418196907467	37.505203	139.928015	5	-0.067	-0.659	9.911	6.257
1418196907568	37.505208	139.928019	5	-0.163	-0.671	9.982	6.206
1418196907668	37.505212	139.928024	5	-0.283	-0.686	10.056	6.157
1418196907769	37.505217	139.928028	5	-0.355	-0.665	10.086	6.107
1418196907865	37.505221	139.928032	5	-0.369	-0.687	10.069	6.060
1418196907966	37.505226	139.928036	5	-0.368	-0.678	9.939	6.012
1418196908066	37.505229	139.928040	5	-0.317	-0.789	10.052	5.939
1418196908167	37.505232	139.928044	5	-0.274	-0.886	10.134	5.860
1418196908268	37.505235	139.928048	5	-0.215	-0.921	10.014	5.781
1418196908368	37.505238	139.928052	5	-0.166	-0.931	9.922	5.705
1418196908469	37.505241	139.928056	5	-0.148	-0.899	10.012	5.628
1418196908565	37.505244	139.928059	5	-0.168	-0.921	9.946	5.557
1418196908666	37.505247	139.928063	5	-0.167	-0.975	10.076	5.482
1418196908766	37.505250	139.928067	5	-0.054	-1.005	10.257	5.409
1418196908867	37.505253	139.928071	5	0.041	-0.982	9.946	5.337
1418196908968	37.505255	139.928074	5	0.108	-0.953	9.639	5.265
1418196909068	37.505260	139.928077	6	0.144	-0.977	9.830	5.164
1418196909169	37.505264	139.928080	6	0.088	-1.103	10.181	5.056
1418196909265	37.505268	139.928083	6	0.024	-1.164	10.423	4.954
1418196909365	37.505272	139.928086	6	-0.009	-1.086	10.203	4.850
1418196909466	37.505277	139.928089	6	0.040	-1.015	9.811	4.748
1418196909567	37.505281	139.928092	6	0.044	-1.026	9.781	4.647
1418196909668	37.505285	139.928095	6	0.113	-1.034	10.028	4.549
1418196909768	37.505289	139.928097	6	0.134	-1.150	10.179	4.454
1418196909865	37.505292	139.928100	6	0.074	-1.135	10.180	4.363
1418196909965	37.505296	139.928102	6	-0.026	-1.054	9.957	4.272
1418196910065	37.505299	139.928105	6	-0.057	-0.961	9.655	4.210
1418196910166	37.505302	139.928108	6	-0.075	-1.036	9.752	4.157
1418196910267	37.505304	139.928111	6	-0.072	-1.095	10.135	4.105
1418196910367	37.505307	139.928114	6	-0.042	-1.087	10.301	4.054
1418196910468	37.505309	139.928117	6	-0.096	-1.041	10.144	4.003
1418196910569	37.505312	139.928120	6	-0.137	-0.933	9.935	3.953
1418196910665	37.505314	139.928123	6	-0.199	-0.956	9.811	3.906
1418196910765	37.505317	139.928126	6	-0.214	-0.920	9.888	3.857
1418196910866	37.505319	139.928129	6	-0.163	-0.864	10.067	3.809
1418196910967	37.505321	139.928131	6	-0.120	-0.756	10.073	3.761
1418196911067	37.505323	139.928134	4	-0.049	-0.623	10.022	3.662
1418196911168	37.505324	139.928138	4	-0.042	-0.543	10.002	3.549
1418196911269	37.505325	139.928141	4	-0.036	-0.408	9.955	3.440
1418196911370	37.505326	139.928144	4	-0.048	-0.353	9.901	3.334
1418196911465	37.505327	139.928146	4	0.009	-0.311	10.007	3.237
1418196911566	37.505328	139.928149	4	0.112	-0.337	10.096	3.136
1418196911667	37.505329	139.928152	4	0.146	-0.330	9.956	3.039
1418196911767	37.505330	139.928155	4	0.155	-0.339	9.880	2.946
1418196911868	37.505331	139.928157	4	0.132	-0.421	9.984	2.856
1418196911969	37.505332	139.928159	4	0.101	-0.417	10.106	2.768
1418196912069	37.505333	139.928162	5	0.086	-0.377	10.124	2.707
1418196912165	37.505334	139.928164	5	0.091	-0.330	10.031	2.655
1418196912271	37.505335	139.928166	5	0.130	-0.302	9.945	2.599
1418196912367	37.505336	139.928168	5	0.122	-0.375	9.962	2.550
1418196912466	37.505337	139.928170	5	0.123	-0.394	10.030	2.500
1418196912568	37.505337	139.928172	5	0.177	-0.487	10.103	2.449
1418196912667	37.505338	139.928174	5	0.233	-0.485	10.081	2.401
1418196912769	37.505339	139.928176	5	0.250	-0.414	10.019	2.352
1418196912865	37.505340	139.928178	5	0.150	-0.453	9.945	2.307
1418196912966	37.505341	139.928180	5	0.087	-0.485	10.012	2.261
1418196913067	37.505342	139.928182	5	0.016	-0.435	10.054	2.230
1418196913167	37.505342	139.928184	5	0.003	-0.328	10.035	2.204
1418196913268	37.505343	139.928186	5	0.044	-0.272	10.058	2.178
1418196913369	37.505344	139.928187	5	0.113	-0.199	10.030	2.152
1418196913469	37.505344	139.928189	5	0.234	-0.167	9.995	2.127
1418196913565	37.505345	139.928191	5	0.331	-0.155	9.950	2.103
1418196913666	37.505346	139.928193	5	0.471	-0.099	9.980	2.078
1418196913766	37.505347	139.928195	5	0.533	-0.101	10.031	2.053
1418196913867	37.505347	139.928197	5	0.509	-0.071	10.017	2.029
1418196913968	37.505348	139.928199	5	0.540	-0.131	10.039	2.005
1418196914069	37.505349	139.928201	6	0.525	-0.140	10.001	1.989
1418196914169	37.505350	139.928204	6	0.601	-0.081	10.035	1.976
1418196914265	37.505350	139.928206	6	0.712	-0.047	10.068	1.964
1418196914366	37.505351	139.928209	6	0.762	-0.058	10.158	1.950
1418196914466	37.505352	139.928212	6	0.771	-0.031	10.232	1.937
1418196914567	37.505353	139.928214	6	0.739	0.028	10.189	1.924
1418196914668	37.505354	139.928217	6	0.680	0.165	10.004	1.912
1418196914768	37.505354	139.928219	6	0.579	0.355	9.764	1.899
1418196914869	37.505355	139.928222	6	0.450	0.574	9.801	1.886
1418196914965	37.505356	139.928224	6	0.341	0.720	9.859	1.874
1418196931964	37.505579	139.929017	5	0.340	0.724	9.866	5.762
1418196931969	37.505580	139.929017	5	0.340	0.722	9.877	5.760
1418196932065	37.505582	139.929022	5	0.349	0.333	10.146	5.768
1418196932166	37.505585	139.929027	5	0.297	0.070	10.203	5.793
1418196932266	37.505588	139.929032	5	0.230	0.006	9.927	5.818
1418196932367	37.505590	139.929037	5	0.185	-0.015	9.864	5.843
1418196932468	37.505593	139.929043	5	0.164	-0.019	9.861	5.868
1418196932569	37.505596	139.929048	5	0.137	-0.050	9.983	5.893
1418196932669	37.505599	139.929053	5	0.081	-0.097	10.206	5.919
1418196932765	37.505602	139.929058	5	0.063	-0.087	10.105	5.943
1418196932866	37.505604	139.929063	5	0.042	-0.082	9.855	5.968
1418196932966	37.505607	139.929069	5	0.078	-0.102	10.095	5.994
1418196933067	37.505609	139.929075	5	0.115	-0.128	10.202	5.980
1418196933168	37.505611	139.929082	5	0.177	-0.116	10.078	5.955
1418196933269	37.505612	139.929088	5	0.228	-0.113	10.041	5.929
1418196933369	37.505614	139.929095	5	0.195	-0.103	10.082	5.904
1418196933465	37.505615	139.929101	5	0.123	-0.075	10.004	5.880
1418196933566	37.505617	139.929107	5	0.097	-0.060	10.137	5.855
1418196933666	37.505618	139.929114	5	0.104	-0.043	10.106	5.830
1418196933767	37.505620	139.929120	5	0.128	0.006	9.823	5.805
1418196933868	37.505621	139.929126	5	0.163	0.022	9.852	5.780
1418196936964	37.505668	139.929304	5	0.141	0.036	9.996	5.506
1418196936969	37.505668	139.929304	5	0.138	0.038	10.000	5.505
1418196937065	37.505670	139.929309	5	0.070	-0.009	10.033	5.481
1418196937166	37.505672	139.929315	5	0.027	-0.081	10.084	5.455
1418196937267	37.505674	139.929321	5	-0.018	-0.102	10.137	5.430
1418196937367	37.505676	139.929326	5	-0.069	-0.068	10.023	5.404
1418196937468	37.505678	139.929332	5	-0.075	-0.058	10.045	5.379
1418196937569	37.505680	139.929338	5	-0.066	-0.055	10.127	5.354
1418196937669	37.505682	139.929343	5	-0.020	-0.031	10.053	5.329
1418196937765	37.505684	139.929349	5	-0.007	0.012	9.921	5.305
1418196937866	37.505686	139.929354	5	-0.023	0.037	9.933	5.280
1418196937967	37.505689	139.929360	5	0.012	0.066	9.997	5.256
1418196945963	37.505815	139.929828	6	0.014	0.069	9.998	5.507
1418196945968	37.505815	139.929828	6	0.015	0.074	9.997	5.505
1418196946068	37.505816	139.929834	6	-0.232	-0.112	9.698	5.438
1418196946169	37.505818	139.929841	6	-0.404	-0.241	9.560	5.358
1418196946265	37.505820	139.929847	6	-0.475	-0.357	9.635	5.283
1418196946366	37.505822	139.929853	6	-0.513	-0.574	10.145	5.205
1418196946466	37.505823	139.929859	6	-0.565	-0.756	10.311	5.129
1418196946567	37.505825	139.929865	6	-0.597	-0.834	10.164	5.054
1418196946668	37.505827	139.929871	6	-0.500	-0.767	9.785	4.980
1418196946768	37.505828	139.929877	6	-0.375	-0.840	9.730	4.907
1418196946869	37.505830	139.929883	6	-0.387	-0.996	10.046	4.835
1418196946965	37.505832	139.929889	6	-0.491	-1.126	10.330	4.767
1418196947065	37.505834	139.929893	6	-0.579	-1.135	10.403	4.667
1418196947166	37.505835	139.929897	6	-0.710	-0.998	10.010	4.557
1418196947267	37.505837	139.929901	6	-0.807	-0.949	9.640	4.449
1418196947368	37.505839	139.929905	6	-0.846	-1.020	9.670	4.344
1418196947468	37.505841	139.929908	6	-0.921	-1.119	10.083	4.243
1418196947569	37.505843	139.929912	6	-0.971	-1.208	10.326	4.142
1418196947665	37.505845	139.929915	6	-0.860	-1.228	10.290	4.049
1418196947765	37.505846	139.929919	6	-0.706	-1.182	10.025	3.954
1418196947866	37.505848	139.929922	6	-0.506	-0.986	10.051	3.861
1418196947967	37.505850	139.929925	6	-0.366	-0.656	10.124	3.770
1418196948068	37.505851	139.929929	4	-0.397	-0.279	9.933	3.730
1418196948168	37.505853	139.929932	4	-0.441	-0.101	9.971	3.704
1418196948269	37.505855	139.929935	4	-0.498	0.008	10.043	3.679
1418196948365	37.505857	139.929939	4	-0.629	0.047	10.012	3.654
1418196948465	37.505859	139.929942	4	-0.766	0.090	9.995	3.629
1418196948566	37.505861	139.929945	4	-0.898	0.114	9.947	3.604
1418196948667	37.505862	139.929949	4	-1.067	0.110	9.851	3.579
1418196948767	37.505864	139.929952	4	-1.159	0.096	9.987	3.554
1418196948868	37.505866	139.929955	4	-1.112	0.043	10.141	3.530
1418196948969	37.505868	139.929958	4	-0.968	-0.000	10.110	3.505
1418196949065	37.505871	139.929960	6	-0.846	-0.040	10.099	3.500
1418196949165	37.505875	139.929960	6	-0.864	-0.014	10.171	3.500
1418196949266	37.505879	139.929961	6	-0.859	0.027	9.799	3.500
1418196949367	37.505883	139.929962	6	-0.852	0.048	9.573	3.500
1418196949467	37.505888	139.929962	6	-0.815	-0.025	10.097	3.500
1418196949568	37.505892	139.929963	6	-0.762	-0.156	10.463	3.500
1418196949669	37.505896	139.929964	6	-0.866	-0.334	10.672	3.500
1418196949770	37.505900	139.929964	6	-1.145	-0.224	10.269	3.500
1418196949865	37.505904	139.929965	6	-1.222	-0.076	9.774	3.500
1418196949966	37.505908	139.929966	6	-1.103	0.083	9.401	3.500
1418196950067	37.505912	139.929967	6	-0.862	0.054	9.502	3.459
1418196950168	37.505915	139.929968	6	-0.610	-0.089	10.246	3.405
1418196950269	37.505919	139.929969	6	-0.417	-0.234	10.674	3.353
1418196950369	37.505922	139.929970	6	-0.302	-0.122	10.108	3.301
1418196950469	37.505925	139.929970	6	-0.319	-0.058	9.784	3.251
1418196950565	37.505929	139.929971	6	-0.507	0.024	9.721	3.203
1418196950666	37.505932	139.929972	6	-0.867	0.061	9.801	3.154
1418196950767	37.505935	139.929973	6	-1.052	0.032	10.143	3.105
1418196950867	37.505938	139.929974	6	-1.095	-0.096	10.258	3.057
1418196950968	37.505941	139.929975	6	-1.021	-0.106	9.985	3.010
1418196951069	37.505943	139.929975	5	-0.780	-0.108	9.859	2.957
1418196951169	37.505944	139.929976	5	-0.485	-0.100	9.968	2.904
1418196951265	37.505946	139.929976	5	-0.256	-0.136	10.150	2.853
1418196951366	37.505947	139.929976	5	-0.097	-0.116	10.286	2.801
1418196951466	37.505948	139.929977	5	-0.008	0.001	10.051	2.751
1418196951567	37.505950	139.929977	5	0.117	0.030	9.809	2.700
1418196951668	37.505951	139.929977	5	0.235	-0.035	9.835	2.651
1418196951769	37.505952	139.929977	5	0.406	-0.053	9.886	2.603
1418196951869	37.505954	139.929978	5	0.554	-0.080	9.900	2.556
1418196951965	37.505955	139.929978	5	0.599	-0.132	10.203	2.511
1418196952066	37.505957	139.929978	5	0.580	-0.091	10.350	2.480
1418196952166	37.505960	139.929979	5	0.423	-0.006	10.130	2.454
1418196952267	37.505962	139.929979	5	0.348	0.028	10.071	2.428
1418196952368	37.505965	139.929979	5	0.467	0.008	10.116	2.402
1418196952468	37.505968	139.929979	5	0.526	0.021	9.826	2.377
1418196952569	37.505970	139.929980	5	0.637	0.018	9.885	2.352
1418196952665	37.505973	139.929980	5	0.709	-0.002	10.153	2.328
1418196952766	37.505975	139.929980	5	0.727	-0.006	10.070	2.304
1418196952866	37.505978	139.929981	5	0.710	-0.044	10.102	2.280
1418196952967	37.505980	139.929981	5	0.671	-0.022	10.149	2.255
1418196963964	37.506409	139.930112	5	0.662	-0.019	10.140	5.262
1418196963969	37.506409	139.930113	5	0.652	-0.019	10.129	5.260
1418196964065	37.506413	139.930114	5	0.460	-0.279	10.030	5.190
1418196964166	37.506418	139.930116	5	0.386	-0.459	10.219	5.110
1418196964266	37.506422	139.930118	5	0.420	-0.551	10.068	5.031
1418196964367	37.506426	139.930120	5	0.457	-0.572	9.741	4.954
1418196964468	37.506430	139.930122	5	0.438	-0.553	9.856	4.877
1418196964569	37.506435	139.930124	5	0.379	-0.509	10.105	4.802
1418196964669	37.506439	139.930126	5	0.347	-0.506	10.121	4.728
1418196964765	37.506442	139.930127	5	0.308	-0.483	10.143	4.659
1418196964866	37.506446	139.930129	5	0.326	-0.433	10.006	4.587
1418196964966	37.506450	139.930131	5	0.330	-0.356	9.765	4.517
1418196965067	37.506454	139.930132	5	0.353	-0.347	9.780	4.437
1418196965168	37.506458	139.930134	5	0.355	-0.397	10.031	4.357
1418196965269	37.506462	139.930136	5	0.315	-0.436	10.153	4.277
1418196965369	37.506466	139.930137	5	0.240	-0.413	10.195	4.200
1418196965465	37.506470	139.930139	5	0.203	-0.244	10.056	4.127
1418196965566	37.506474	139.930141	5	0.122	-0.119	9.966	4.051
1418196965666	37.506477	139.930142	5	0.075	-0.084	10.068	3.978
1418196965767	37.506481	139.930144	5	0.078	-0.069	10.035	3.905
1418196965868	37.506485	139.930145	5	0.132	-0.011	9.856	3.834
1418196965968	37.506488	139.930147	5	0.240	-0.041	10.059	3.765
1418196966069	37.506492	139.930147	5	0.339	-0.038	10.175	3.730
1418196966165	37.506495	139.930148	5	0.351	-0.052	10.086	3.705
1418196966266	37.506498	139.930149	5	0.359	0.025	9.850	3.679
1418196966366	37.506501	139.930149	5	0.313	0.070	9.839	3.654
1418196966467	37.506504	139.930150	5	0.184	0.063	10.073	3.629
1418196966568	37.506507	139.930151	5	0.060	0.069	10.302	3.603
1418196966668	37.506510	139.930151	5	0.001	0.095	10.183	3.579
1418196966769	37.506513	139.930152	5	0.027	0.145	9.840	3.554
1418196966865	37.506516	139.930152	5	0.076	0.128	9.763	3.530
1418196966965	37.506519	139.930153	5	0.174	0.074	9.949	3.506
1418196977963	37.506924	139.930239	5	0.176	0.065	9.959	4.257
1418196977968	37.506924	139.930239	5	0.181	0.056	9.968	4.255
1418196978068	37.506927	139.930240	4	0.417	-0.224	9.976	4.110
1418196978169	37.506930	139.930241	4	0.521	-0.369	9.776	3.934
1418196978265	37.506932	139.930242	4	0.486	-0.417	9.928	3.773
1418196978366	37.506934	139.930243	4	0.324	-0.419	10.106	3.611
1418196978466	37.506937	139.930244	4	0.145	-0.328	9.948	3.456
1418196978567	37.506939	139.930245	4	0.104	-0.308	9.955	3.306
1418196978668	37.506941	139.930246	4	0.183	-0.297	10.068	3.163
1418196978768	37.506943	139.930246	4	0.384	-0.338	10.093	3.027
1418196978869	37.506945	139.930247	4	0.539	-0.377	10.107	2.897
1418196978965	37.506947	139.930248	4	0.646	-0.376	10.078	2.780
1418196979065	37.506949	139.930249	5	0.614	-0.340	9.978	2.750
1418196979166	37.506951	139.930250	5	0.474	-0.276	9.902	2.750
1418196979267	37.506953	139.930250	5	0.287	-0.274	9.965	2.750
1418196979368	37.506955	139.930251	5	0.169	-0.246	10.077	2.750
1418196979468	37.506958	139.930252	5	0.185	-0.246	10.027	2.750
1418196979569	37.506960	139.930253	5	0.321	-0.276	9.976	2.750
1418196979665	37.506962	139.930254	5	0.551	-0.294	9.949	2.750
1418196979765	37.506964	139.930255	5	0.716	-0.374	9.993	2.750
1418196979866	37.506966	139.930256	5	0.697	-0.417	10.035	2.750
1418196979967	37.506968	139.930257	5	0.647	-0.414	10.042	2.750
1418196980067	37.506971	139.930258	5	0.547	-0.371	10.032	2.750
1418196980168	37.506973	139.930259	5	0.454	-0.324	10.103	2.750
1418196980269	37.506975	139.930260	5	0.408	-0.250	9.981	2.750
1418196980365	37.506977	139.930261	5	0.300	-0.203	9.777	2.750
1418196980465	37.506979	139.930262	5	0.141	-0.194	9.842	2.750
1418196980566	37.506981	139.930263	5	0.097	-0.213	10.114	2.750
1418196980667	37.506983	139.930264	5	0.100	-0.219	10.220	2.750
1418196980767	37.506985	139.930265	5	0.050	-0.267	10.120	2.750
1418196980868	37.506987	139.930266	5	0.095	-0.264	10.027	2.750
1418196980969	37.506990	139.930267	5	0.224	-0.148	9.946	2.750
1418196981070	37.506992	139.930268	6	0.304	-0.110	10.013	2.706
1418196981165	37.506993	139.930269	6	0.389	-0.103	10.087	2.655
1418196981266	37.506995	139.930270	6	0.394	-0.068	10.044	2.602
1418196981367	37.506997	139.930271	6	0.255	-0.029	9.971	2.550
1418196981467	37.506999	139.930272	6	0.136	0.032	10.011	2.499
1418196981568	37.507001	139.930272	6	0.084	0.054	9.983	2.449
1418196981669	37.507003	139.930273	6	0.048	0.050	10.000	2.400
1418196981769	37.507004	139.930274	6	0.138	0.094	10.081	2.352
1418196981865	37.507006	139.930275	6	0.274	0.153	10.076	2.307
1418196981966	37.507008	139.930276	6	0.427	0.219	10.015	2.261
1418196997963	37.506884	139.930958	7	0.437	0.219	10.007	4.763
1418196997968	37.506884	139.930959	7	0.447	0.214	9.996	4.760
1418196998067	37.506882	139.930963	8	0.342	-0.213	9.892	4.688
1418196998165	37.506879	139.930968	8	0.297	-0.617	9.974	4.609
1418196998265	37.506877	139.930972	8	0.273	-0.958	10.102	4.531
1418196998366	37.506874	139.930977	8	0.226	-1.145	10.122	4.453
1418196998467	37.506872	139.930981	8	0.251	-1.245	10.069	4.376
1418196998568	37.506870	139.930985	8	0.292	-1.264	9.999	4.301
1418196998668	37.506867	139.930989	8	0.304	-1.320	9.979	4.227
1418196998769	37.506865	139.930993	8	0.251	-1.373	10.001	4.155
1418196998865	37.506863	139.930997	8	0.206	-1.369	10.008	4.087
1418196998965	37.506861	139.931001	8	0.064	-1.440	10.027	4.017
1418196999066	37.506861	139.931004	8	0.045	-1.294	9.791	3.833
1418196999167	37.506863	139.931005	8	0.020	-1.325	9.787	3.619
1418196999267	37.506864	139.931007	8	0.039	-1.412	10.087	3.417
1418196999368	37.506866	139.931009	8	0.091	-1.501	10.256	3.223
1418196999469	37.506867	139.931011	8	0.233	-1.528	10.320	3.039
1418196999565	37.506868	139.931012	8	0.184	-1.384	9.782	2.874
1418196999665	37.506870	139.931014	8	0.013	-1.219	9.507	2.711
1418196999766	37.506871	139.931015	8	-0.020	-1.161	9.823	2.557
1418196999867	37.506872	139.931017	8	0.065	-1.173	10.141	2.412
1418196999967	37.506873	139.931018	8	0.059	-1.198	10.136	2.279
1418197000068	37.506873	139.931020	7	0.034	-1.104	9.979	2.229
1418197000169	37.506873	139.931023	7	-0.022	-1.006	9.882	2.203
1418197000270	37.506874	139.931025	7	-0.050	-0.986	9.946	2.177
1418197000365	37.506874	139.931027	7	-0.026	-0.984	10.133	2.153
1418197000466	37.506874	139.931030	7	0.058	-0.965	10.186	2.127
1418197000567	37.506874	139.931032	7	0.170	-0.908	10.054	2.102
1418197000667	37.506874	139.931035	7	0.222	-0.850	9.912	2.078
1418197000768	37.506875	139.931037	7	0.205	-0.815	9.934	2.053
1418197000869	37.506875	139.931039	7	0.125	-0.797	10.071	2.029
1418197000969	37.506875	139.931042	7	0.021	-0.827	10.046	2.005
1418197001065	37.506875	139.931041	6	0.004	-0.805	9.964	1.774
1418197001166	37.506874	139.931041	6	0.011	-0.761	9.903	1.495
1418197001266	37.506874	139.931040	6	0.056	-0.728	9.973	1.245
1418197001367	37.506874	139.931040	6	0.157	-0.476	10.228	1.021
1418197001468	37.506874	139.931039	6	0.209	-0.237	10.183	0.824
1418197001569	37.506873	139.931039	6	0.206	-0.048	9.920	0.655
1418197001669	37.506873	139.931039	6	0.259	0.078	9.791	0.515
1418197001765	37.506873	139.931038	6	0.271	0.150	9.882	0.406
1418197001866	37.506873	139.931038	6	0.302	0.220	10.102	0.319
1418197001966	37.506873	139.931038	6	0.303	0.350	10.128	0.260
1418197016967	37.506937	139.931180	4	0.302	0.360	10.127	1.000
1418197017068	37.506938	139.931180	4	0.354	0.144	10.094	1.000
1418197017168	37.506939	139.931180	4	0.427	-0.069	10.039	1.000
1418197017269	37.506940	139.931180	4	0.411	-0.188	9.999	1.000
1418197017365	37.506940	139.931180	4	0.410	-0.252	10.043	1.000
1418197017466	37.506941	139.931180	4	0.391	-0.300	10.044	1.000
1418197017566	37.506942	139.931179	4	0.371	-0.319	10.047	1.000
1418197017667	37.506943	139.931179	4	0.391	-0.324	10.028	1.000
1418197017768	37.506944	139.931179	4	0.413	-0.336	9.980	1.000
1418197017868	37.506945	139.931179	4	0.436	-0.289	10.051	1.000
1418197049964	37.507981	139.931703	10	0.454	-0.105	10.117	8.763
1418197049969	37.507982	139.931703	10	0.454	-0.099	10.116	8.760
1418197050065	37.507988	139.931708	10	0.614	-0.218	10.224	8.691
1418197050165	37.507995	139.931712	10	0.647	-0.297	9.805	8.614
1418197050266	37.508002	139.931717	10	0.526	-0.217	9.771	8.536
1418197050367	37.508009	139.931721	10	0.389	-0.222	10.183	8.459
1418197050467	37.508016	139.931726	10	0.282	-0.272	10.428	8.384
1418197050568	37.508023	139.931730	10	0.160	-0.316	10.647	8.308
1418197050669	37.508030	139.931735	10	-0.150	0.027	9.177	8.233
1418197050765	37.508036	139.931739	10	-0.396	0.192	8.775	8.163
1418197050865	37.508043	139.931744	10	-0.570	0.125	9.724	8.090
1418197050966	37.508049	139.931748	10	-0.666	-0.037	10.551	8.017
1418197051067	37.508056	139.931751	10	-0.773	-0.256	10.587	7.918
1418197051167	37.508061	139.931755	10	-0.885	-0.115	9.892	7.813
1418197051268	37.508067	139.931758	10	-1.071	-0.160	10.055	7.709
1418197051369	37.508073	139.931761	10	-1.111	-0.182	10.621	7.605
1418197051470	37.508079	139.931764	10	-1.161	-0.089	10.569	7.503
1418197051565	37.508084	139.931767	10	-1.004	0.104	9.780	7.409
1418197051666	37.508090	139.931770	10	-0.813	0.244	9.146	7.309
1418197051767	37.508095	139.931773	10	-0.646	0.108	9.345	7.211
1418197051867	37.508101	139.931776	10	-0.618	-0.066	10.368	7.116
1418197078963	37.510533	139.931565	11	-0.454	0.155	11.129	10.750
1418197078968	37.510534	139.931565	11	-0.441	0.173	11.131	10.750
1418197079068	37.510543	139.931565	11	-0.192	0.157	10.309	10.710
1418197079169	37.510553	139.931566	11	-0.090	-0.082	10.354	10.659
1418197079265	37.510562	139.931566	11	-0.033	-0.257	10.634	10.610
1418197079366	37.510571	139.931567	11	-0.059	-0.488	10.723	10.559
1418197079466	37.510580	139.931567	11	-0.040	-0.594	10.604	10.509
1418197079567	37.510590	139.931567	11	-0.029	-0.668	10.711	10.459
1418197079668	37.510599	139.931568	11	-0.034	-0.551	9.869	10.408
1418197079768	37.510608	139.931568	11	0.008	-0.481	9.458	10.359
1418197079869	37.510617	139.931569	11	0.105	-0.447	9.505	10.309
1418197079965	37.510626	139.931569	11	0.074	-0.546	9.737	10.262
1418197080066	37.510634	139.931569	12	0.036	-0.571	9.649	10.211
1418197080166	37.510641	139.931569	12	0.075	-0.756	10.191	10.160
1418197080267	37.510649	139.931569	12	0.119	-0.945	10.878	10.109
1418197080368	37.510656	139.931569	12	0.130	-0.863	10.132	10.058
1418197080468	37.510663	139.931569	12	0.066	-0.839	9.638	10.008
1418197080569	37.510671	139.931570	12	0.028	-0.927	9.951	9.957
1418197080665	37.510678	139.931570	12	0.039	-0.924	9.933	9.910
1418197080766	37.510685	139.931570	12	0.003	-1.050	9.941	9.860
1418197080866	37.510692	139.931570	12	0.069	-1.183	10.068	9.811
1418197080967	37.510699	139.931570	12	0.141	-1.278	10.301	9.761
1418197081068	37.510708	139.931569	12	0.134	-1.243	10.031	9.646
1418197081168	37.510716	139.931567	12	0.117	-1.119	9.707	9.515
1418197081269	37.510725	139.931565	12	0.073	-1.139	9.815	9.384
1418197081365	37.510733	139.931563	12	0.137	-1.160	9.733	9.261
1418197081465	37.510741	139.931561	12	0.208	-1.138	9.553	9.135
1418197081566	37.510750	139.931559	12	0.187	-1.223	9.953	9.009
1418197081667	37.510758	139.931558	12	0.115	-1.274	10.187	8.885
1418197081768	37.510766	139.931556	12	0.032	-1.280	10.157	8.763
1418197081868	37.510774	139.931554	12	-0.028	-1.345	10.503	8.643
1418197081969	37.510781	139.931552	12	-0.010	-1.262	10.378	8.524
1418197082065	37.510789	139.931552	11	-0.025	-1.196	9.962	8.399
1418197082165	37.510796	139.931553	11	0.045	-1.096	9.607	8.267
1418197082266	37.510803	139.931553	11	0.131	-1.034	9.639	8.135
1418197082367	37.510810	139.931554	11	0.108	-1.025	9.859	8.005
1418197082467	37.510817	139.931554	11	0.053	-1.009	9.706	7.879
1418197082568	37.510824	139.931555	11	0.013	-1.046	9.728	7.753
1418197082669	37.510831	139.931555	11	0.030	-1.211	10.517	7.630
1418197082765	37.510837	139.931556	11	0.107	-1.317	11.058	7.514
1418197082870	37.510844	139.931556	11	0.155	-1.220	10.418	7.390
1418197082966	37.510850	139.931557	11	0.141	-1.047	9.693	7.278
1418197083065	37.510856	139.931556	10	0.055	-0.897	9.264	7.148
1418197083167	37.510861	139.931555	10	-0.032	-1.029	10.021	7.012
1418197083266	37.510866	139.931553	10	-0.032	-1.059	10.277	6.881
1418197083369	37.510872	139.931552	10	-0.094	-1.050	9.943	6.748
1418197083468	37.510877	139.931551	10	-0.044	-1.060	9.837	6.623
1418197083565	37.510881	139.931550	10	0.059	-1.112	9.971	6.502
1418197083666	37.510886	139.931549	10	0.139	-1.080	9.880	6.379
1418197083767	37.510891	139.931547	10	0.072	-1.157	10.249	6.258
1418197083868	37.510896	139.931546	10	0.032	-1.090	10.097	6.140
1418197083968	37.510900	139.931545	10	-0.133	-1.131	9.774	6.025
1418197084069	37.510905	139.931545	10	-0.091	-1.153	10.089	5.914
1418197084169	37.510910	139.931545	10	-0.041	-1.173	10.350	5.808
1418197084265	37.510914	139.931545	10	-0.007	-1.161	10.066	5.707
1418197084366	37.510919	139.931545	10	0.081	-1.107	9.806	5.603
1418197084467	37.510924	139.931545	10	0.250	-1.144	10.155	5.500
1418197084567	37.510929	139.931546	10	0.241	-1.093	9.970	5.401
1418197084668	37.510933	139.931546	10	0.166	-1.058	9.666	5.302
1418197084769	37.510938	139.931546	10	0.133	-1.163	10.059	5.205
1418197084869	37.510942	139.931546	10	0.130	-1.209	10.357	5.111
1418197084965	37.510946	139.931546	10	-0.009	-1.305	10.174	5.023
1418197085066	37.510950	139.931547	10	-0.115	-1.167	9.695	4.867
1418197085166	37.510953	139.931548	10	-0.030	-1.182	9.844	4.698
1418197085267	37.510957	139.931548	10	0.094	-1.298	10.230	4.531
1418197085368	37.510960	139.931549	10	0.291	-1.324	10.128	4.371
1418197085469	37.510964	139.931550	10	0.533	-1.397	9.972	4.215
1418197085569	37.510967	139.931551	10	0.768	-1.386	9.902	4.067
1418197085665	37.510970	139.931552	10	0.813	-1.477	10.034	3.929
1418197085766	37.510973	139.931552	10	0.704	-1.409	10.116	3.790
1418197085866	37.510976	139.931553	10	0.513	-1.368	10.117	3.657
1418197085967	37.510978	139.931554	10	0.452	-1.259	10.016	3.529
1418197086068	37.510981	139.931555	11	0.447	-1.207	9.905	3.435
1418197086168	37.510984	139.931556	11	0.306	-1.112	9.971	3.353
1418197086269	37.510987	139.931557	11	0.217	-0.926	9.946	3.273
1418197086365	37.510989	139.931558	11	0.199	-0.855	10.003	3.198
1418197086466	37.510992	139.931560	11	0.301	-0.863	10.122	3.121
1418197086566	37.510994	139.931561	11	0.458	-0.793	10.003	3.046
1418197086667	37.510997	139.931562	11	0.579	-0.859	9.983	2.973
1418197086768	37.510999	139.931563	11	0.654	-0.868	9.907	2.901
1418197086868	37.511001	139.931564	11	0.631	-0.885	9.977	2.832
1418197086970	37.511004	139.931565	11	0.675	-0.784	10.090	2.763
1418197087065	37.511006	139.931566	11	0.625	-0.786	10.043	2.631
1418197087165	37.511009	139.931567	11	0.506	-0.772	9.878	2.478
1418197087266	37.511011	139.931568	11	0.412	-0.780	9.979	2.332
1418197087367	37.511013	139.931569	11	0.323	-0.897	10.045	2.192
1418197087468	37.511016	139.931569	11	0.189	-0.977	9.994	2.061
1418197087568	37.511018	139.931570	11	-0.014	-0.992	9.925	1.938
1418197087669	37.511020	139.931571	11	-0.185	-1.034	10.070	1.821
1418197087765	37.511021	139.931572	11	-0.235	-1.035	10.086	1.717
1418197087865	37.511023	139.931572	11	-0.264	-1.102	10.001	1.616
1418197087966	37.511025	139.931573	11	-0.159	-0.974	9.968	1.521
1418197088067	37.511026	139.931575	11	-0.199	-1.047	10.052	1.387
1418197088167	37.511027	139.931578	11	-0.200	-0.964	10.049	1.250
1418197088268	37.511028	139.931580	11	-0.183	-0.843	10.046	1.122
1418197088369	37.511029	139.931582	11	-0.173	-0.696	10.052	1.003
1418197088465	37.511030	139.931584	11	-0.088	-0.571	9.981	0.900
1418197088565	37.511031	139.931586	11	-0.031	-0.499	9.902	0.803
1418197088666	37.511032	139.931587	11	0.064	-0.476	9.948	0.714
1418197088767	37.511033	139.931589	11	0.045	-0.474	10.069	0.636
1418197088867	37.511033	139.931590	11	0.136	-0.386	10.103	0.569
1418197088968	37.511034	139.931591	11	0.180	-0.240	10.156	0.511
1418197089069	37.511034	139.931589	11	0.314	0.038	10.109	0.424
1418197089169	37.511034	139.931587	11	0.382	0.201	9.940	0.337
1418197089265	37.511034	139.931585	11	0.447	0.287	9.820	0.263
1418197089366	37.511035	139.931584	11	0.447	0.279	9.846	0.195
1418197089467	37.511035	139.931582	11	0.383	0.168	10.015	0.137
1418197089567	37.511035	139.931581	11	0.338	0.058	10.116	0.089
1418197089668	37.511035	139.931580	11	0.330	0.012	10.089	0.052
1418197089769	37.511035	139.931580	11	0.337	0.069	10.037	0.024
1418197089869	37.511035	139.931579	11	0.378	0.153	9.996	0.007
1418197139967	37.511147	139.931822	9	0.355	0.101	10.028	4.006
1418197140066	37.511148	139.931826	9	-0.431	-0.036	10.116	3.980
1418197140168	37.511150	139.931829	9	-1.003	-0.127	9.923	3.954
1418197140267	37.511152	139.931832	9	-1.285	-0.240	9.975	3.929
1418197140365	37.511154	139.931835	9	-1.367	-0.296	10.244	3.904
1418197140465	37.511156	139.931838	9	-1.344	-0.245	9.979	3.879
1418197140566	37.511158	139.931842	9	-1.479	-0.282	9.978	3.854
1418197140667	37.511159	139.931845	9	-1.756	-0.318	10.218	3.829
1418197140767	37.511161	139.931848	9	-2.033	-0.341	10.178	3.804
1418197140868	37.511163	139.931851	9	-2.118	-0.313	9.970	3.780
1418197140969	37.511165	139.931854	9	-2.000	-0.206	9.805	3.755
1418197141069	37.511168	139.931857	10	-1.883	-0.211	9.886	3.750
1418197141165	37.511171	139.931859	10	-1.843	-0.280	10.049	3.750
1418197141266	37.511174	139.931861	10	-1.863	-0.341	10.126	3.750
1418197141366	37.511177	139.931863	10	-1.857	-0.191	10.077	3.750
1418197141467	37.511180	139.931865	10	-1.790	0.059	9.925	3.750
1418197141568	37.511184	139.931867	10	-1.712	0.204	9.939	3.750
1418197141669	37.511187	139.931869	10	-1.633	0.245	10.083	3.750
1418197141769	37.511190	139.931871	10	-1.628	0.283	10.098	3.750
1418197141865	37.511193	139.931872	10	-1.704	0.327	9.966	3.750
1418197141966	37.511196	139.931875	10	-1.695	0.369	9.832	3.750
1418197142066	37.511200	139.931875	10	-1.654	0.391	9.907	3.750
1418197142167	37.511204	139.931874	10	-1.547	0.380	10.178	3.750
1418197142268	37.511207	139.931874	10	-1.308	0.413	10.014	3.750
1418197142369	37.511211	139.931874	10	-1.040	0.482	9.612	3.750
1418197142469	37.511215	139.931874	10	-0.891	0.532	9.585	3.750
1418197142565	37.511218	139.931873	10	-0.840	0.484	9.956	3.750
1418197142666	37.511222	139.931873	10	-0.844	0.354	10.244	3.750
1418197142766	37.511226	139.931873	10	-0.922	0.346	10.234	3.750
1418197142867	37.511229	139.931872	10	-0.836	0.475	10.066	3.750
1418197158965	37.512510	139.931556	9	-0.578	0.631	9.680	9.762
1418197159066	37.512518	139.931556	10	-0.321	0.247	9.832	9.731
1418197159167	37.512526	139.931555	10	-0.094	0.097	9.418	9.705
1418197159267	37.512535	139.931555	10	-0.071	0.247	9.162	9.680
1418197159368	37.512543	139.931554	10	-0.157	0.357	8.755	9.655
1418197159469	37.512551	139.931554	10	-0.170	0.195	8.896	9.629
1418197159569	37.512559	139.931554	10	-0.117	-0.049	9.599	9.604
1418197159665	37.512567	139.931553	10	0.013	-0.320	10.506	9.581
1418197159766	37.512575	139.931553	10	0.127	-0.444	11.142	9.555
1418197159867	37.512583	139.931552	10	0.160	-0.335	10.609	9.530
1418197159967	37.512591	139.931552	10	0.181	-0.136	9.702	9.506
1418197160068	37.512599	139.931552	10	0.223	-0.022	9.249	9.480
1418197160169	37.512607	139.931552	10	0.274	-0.119	9.847	9.455
1418197160269	37.512615	139.931552	10	0.254	-0.234	10.233	9.430
1418197160365	37.512622	139.931552	10	0.166	-0.264	10.219	9.405
1418197160466	37.512630	139.931552	10	0.072	-0.240	10.185	9.380
1418197160566	37.512638	139.931551	10	0.059	-0.215	10.231	9.355
1418197160667	37.512645	139.931551	10	0.050	-0.148	10.017	9.330
1418197160768	37.512653	139.931551	10	0.082	-0.129	9.764	9.305
1418197160869	37.512661	139.931551	10	0.120	-0.173	9.981	9.280
1418197160969	37.512668	139.931551	10	0.179	-0.210	10.366	9.255
1418197161065	37.512676	139.931551	10	0.193	-0.195	10.164	9.250
1418197161166	37.512685	139.931550	10	0.183	-0.144	9.728	9.250
1418197161266	37.512693	139.931550	10	0.189	-0.111	9.708	9.250
1418197161367	37.512702	139.931550	10	0.172	-0.135	9.962	9.250
1418197161468	37.512710	139.931550	10	0.154	-0.194	10.157	9.250
1418197161569	37.512719	139.931549	10	0.147	-0.237	10.235	9.250
1418197161669	37.512727	139.931549	10	0.155	-0.241	10.091	9.250
1418197161765	37.512735	139.931549	10	0.152	-0.184	10.085	9.250
1418197161866	37.512744	139.931548	10	0.138	-0.133	10.039	9.250
1418197161966	37.512752	139.931548	10	0.102	-0.141	9.919	9.250
1418197162067	37.512761	139.931547	11	0.110	-0.207	10.065	9.211
1418197162168	37.512770	139.931545	11	0.154	-0.207	10.220	9.159
1418197162268	37.512779	139.931544	11	0.176	-0.169	9.904	9.108
1418197162369	37.512788	139.931542	11	0.185	-0.113	9.627	9.057
1418197162465	37.512796	139.931541	11	0.227	-0.164	9.760	9.009
1418197162566	37.512805	139.931539	11	0.261	-0.341	9.960	8.959
1418197162666	37.512813	139.931538	11	0.298	-0.536	10.124	8.909
1418197162767	37.512822	139.931536	11	0.318	-0.664	10.314	8.859
1418197162868	37.512831	139.931535	11	0.331	-0.675	10.177	8.810
1418197162968	37.512839	139.931533	11	0.345	-0.638	9.902	8.761
1418197163069	37.512847	139.931533	11	0.343	-0.674	9.896	8.709
1418197163165	37.512854	139.931532	11	0.281	-0.750	9.954	8.660
1418197163265	37.512861	139.931532	11	0.253	-0.836	9.948	8.610
1418197163366	37.512868	139.931531	11	0.206	-0.914	9.980	8.559
1418197163467	37.512875	139.931531	11	0.227	-0.955	10.192	8.508
1418197163568	37.512882	139.931531	11	0.225	-0.941	10.015	8.457
1418197163668	37.512889	139.931530	11	0.205	-0.892	9.848	8.408
1418197163769	37.512896	139.931530	11	0.209	-0.893	9.956	8.358
1418197163865	37.512902	139.931529	11	0.196	-0.926	10.020	8.311
1418197163965	37.512909	139.931529	11	0.208	-0.952	10.108	8.262
1418197164066	37.512916	139.931529	10	0.220	-0.927	10.056	8.169
1418197164167	37.512922	139.931529	10	0.188	-0.931	10.046	8.064
1418197164268	37.512928	139.931528	10	0.198	-0.925	10.024	7.959
1418197164368	37.512935	139.931528	10	0.228	-0.921	9.992	7.857
1418197164469	37.512941	139.931528	10	0.212	-0.931	9.964	7.755
1418197164565	37.512946	139.931528	10	0.214	-0.975	10.002	7.659
1418197164665	37.512952	139.931528	10	0.208	-1.061	10.124	7.561
1418197164766	37.512958	139.931527	10	0.160	-1.055	10.053	7.463
1418197164867	37.512964	139.931527	10	0.146	-1.065	9.899	7.366
1418197164967	37.512970	139.931527	10	0.117	-1.058	9.907	7.272
1418197165068	37.512976	139.931527	10	0.082	-1.118	9.993	7.144
1418197165169	37.512981	139.931528	10	0.107	-1.168	10.121	7.009
1418197165269	37.512987	139.931528	10	0.176	-1.137	10.091	6.878
1418197165365	37.512992	139.931529	10	0.192	-1.136	9.859	6.754
1418197165466	37.512998	139.931529	10	0.173	-1.122	9.873	6.626
1418197165567	37.513003	139.931529	10	0.148	-1.147	10.006	6.500
1418197165667	37.513009	139.931530	10	0.120	-1.128	10.041	6.378
1418197165768	37.513014	139.931530	10	0.134	-1.130	10.083	6.257
1418197165869	37.513019	139.931531	10	0.130	-1.148	9.991	6.139
1418197165969	37.513024	139.931531	10	0.114	-1.150	9.901	6.024
1418197166065	37.513029	139.931531	10	0.114	-1.176	9.982	5.919
1418197166166	37.513034	139.931531	10	0.111	-1.184	10.074	5.811
1418197166267	37.513039	139.931532	10	0.106	-1.158	9.979	5.705
1418197166367	37.513045	139.931532	10	0.069	-1.149	9.918	5.602
1418197166468	37.513050	139.931532	10	0.041	-1.148	10.009	5.499
1418197166569	37.513054	139.931532	10	0.069	-1.130	10.026	5.399
1418197166669	37.513059	139.931532	10	0.094	-1.150	9.957	5.301
1418197166765	37.513064	139.931533	10	0.153	-1.136	9.998	5.209
1418197166866	37.513068	139.931533	10	0.190	-1.120	10.090	5.114
1418197166966	37.513073	139.931533	10	0.229	-1.060	10.101	5.022
1418197167067	37.513077	139.931533	10	0.210	-0.963	10.064	4.891
1418197167168	37.513080	139.931533	10	0.164	-0.840	10.008	4.751
1418197167269	37.513084	139.931533	10	0.132	-0.721	9.909	4.615
1418197167369	37.513087	139.931533	10	0.093	-0.666	9.868	4.484
1418197167465	37.513090	139.931534	10	0.087	-0.615	10.068	4.362
1418197167566	37.513093	139.931534	10	0.095	-0.541	10.127	4.236
1418197167666	37.513096	139.931534	10	0.097	-0.463	10.004	4.116
1418197167767	37.513099	139.931534	10	0.114	-0.408	9.943	3.998
1418197167868	37.513102	139.931534	10	0.130	-0.360	9.992	3.883
1418197167969	37.513104	139.931534	10	0.104	-0.364	9.991	3.773
1418197168069	37.513107	139.931534	10	0.098	-0.318	9.932	3.708
1418197168165	37.513109	139.931534	10	0.108	-0.285	9.969	3.657
1418197168271	37.513112	139.931534	10	0.119	-0.278	9.998	3.602
1418197168366	37.513114	139.931534	10	0.153	-0.235	9.888	3.554
1418197168465	37.513117	139.931534	10	0.088	-0.220	9.914	3.504
1418197168568	37.513119	139.931534	10	0.048	-0.218	10.065	3.452
1418197168667	37.513122	139.931534	10	0.044	-0.211	9.981	3.404
1418197168769	37.513124	139.931534	10	0.051	-0.181	9.870	3.354
1418197168865	37.513126	139.931534	10	0.077	-0.155	9.866	3.309
1418197168965	37.513128	139.931534	10	0.113	-0.158	9.881	3.262
1418197169066	37.513131	139.931534	10	0.163	-0.195	10.016	3.230
1418197169167	37.513135	139.931533	10	0.271	-0.246	10.096	3.204
1418197169268	37.513138	139.931533	10	0.298	-0.207	9.956	3.178
1418197169368	37.513141	139.931532	10	0.277	-0.159	9.845	3.153
1418197169469	37.513144	139.931532	10	0.237	-0.142	9.850	3.128
1418197169565	37.513147	139.931532	10	0.177	-0.161	10.051	3.104
1418197169666	37.513150	139.931531	10	0.144	-0.188	10.225	3.079
1418197169766	37.513153	139.931531	10	0.164	-0.156	10.160	3.054
1418197169867	37.513156	139.931530	10	0.170	-0.127	9.949	3.030
1418197169968	37.513159	139.931530	10	0.186	-0.116	9.907	3.005
1418197170068	37.513162	139.931530	10	0.239	-0.133	10.037	2.980
1418197170169	37.513164	139.931530	10	0.306	-0.155	10.098	2.954
1418197170265	37.513167	139.931531	10	0.340	-0.162	10.090	2.929
1418197170365	37.513169	139.931531	10	0.338	-0.149	10.081	2.904
1418197170466	37.513172	139.931531	10	0.348	-0.163	10.006	2.878
1418197170567	37.513174	139.931531	10	0.324	-0.209	10.000	2.853
1418197170668	37.513177	139.931531	10	0.295	-0.236	10.071	2.828
1418197170768	37.513179	139.931532	10	0.308	-0.331	10.039	2.804
1418197170869	37.513181	139.931532	10	0.302	-0.425	9.992	2.779
1418197170965	37.513183	139.931532	10	0.301	-0.504	9.978	2.756
1418197171065	37.513186	139.931532	12	0.340	-0.542	10.031	2.709
1418197171166	37.513188	139.931533	12	0.350	-0.575	10.024	2.655
1418197171267	37.513190	139.931534	12	0.307	-0.554	10.005	2.601
1418197171367	37.513192	139.931534	12	0.262	-0.546	9.991	2.550
1418197171468	37.513195	139.931535	12	0.228	-0.553	10.021	2.499
1418197171569	37.513197	139.931536	12	0.180	-0.541	10.003	2.448
1418197171665	37.513199	139.931536	12	0.221	-0.519	10.026	2.402
1418197171765	37.513201	139.931537	12	0.247	-0.522	10.016	2.354
1418197171866	37.513203	139.931537	12	0.272	-0.498	9.985	2.307
1418197171967	37.513205	139.931538	12	0.292	-0.485	10.019	2.260
1418197172067	37.513206	139.931538	12	0.285	-0.475	10.039	2.230
1418197172168	37.513208	139.931539	12	0.210	-0.431	10.043	2.203
1418197172269	37.513210	139.931539	12	0.193	-0.368	10.069	2.177
1418197172369	37.513212	139.931540	12	0.191	-0.332	10.035	2.152
1418197172465	37.513214	139.931540	12	0.185	-0.273	9.985	2.128
1418197172566	37.513216	139.931540	12	0.236	-0.308	10.008	2.102
1418197172667	37.513217	139.931541	12	0.256	-0.316	10.029	2.078
1418197172767	37.513219	139.931541	12	0.251	-0.291	10.050	2.053
1418197172868	37.513221	139.931542	12	0.268	-0.309	10.058	2.029
1418197172969	37.513223	139.931542	12	0.268	-0.322	10.014	2.005
1418197173069	37.513224	139.931542	12	0.237	-0.314	10.007	1.979
1418197173165	37.513226	139.931542	12	0.221	-0.333	10.057	1.954
1418197173266	37.513227	139.931541	12	0.184	-0.338	10.051	1.928
1418197173366	37.513228	139.931541	12	0.165	-0.335	10.032	1.902
1418197173467	37.513230	139.931541	12	0.175	-0.380	10.033	1.877
1418197173568	37.513231	139.931541	12	0.197	-0.402	10.037	1.851
1418197173669	37.513233	139.931541	12	0.254	-0.381	10.001	1.827
1418197173769	37.513234	139.931540	12	0.283	-0.381	9.938	1.802
1418197173865	37.513235	139.931540	12	0.293	-0.391	9.931	1.779
1418197173966	37.513237	139.931540	12	0.296	-0.432	9.976	1.756
1418197174066	37.513238	139.931541	12	0.264	-0.431	9.992	1.706
1418197174167	37.513238	139.931543	12	0.219	-0.409	9.977	1.649
1418197174268	37.513239	139.931545	12	0.213	-0.370	9.961	1.594
1418197174369	37.513240	139.931546	12	0.218	-0.359	9.993	1.541
1418197174469	37.513240	139.931548	12	0.247	-0.337	10.022	1.490
1418197174565	37.513241	139.931549	12	0.288	-0.306	10.029	1.442
1418197174666	37.513241	139.931551	12	0.266	-0.308	10.041	1.394
1418197174766	37.513242	139.931552	12	0.264	-0.305	10.057	1.348
1418197174867	37.513242	139.931553	12	0.251	-0.299	10.088	1.303
1418197174968	37.513243	139.931555	12	0.207	-0.284	10.113	1.259
1418197175068	37.513243	139.931556	12	0.161	-0.281	10.078	1.229
1418197175169	37.513244	139.931556	12	0.149	-0.280	10.058	1.201
1418197175265	37.513244	139.931557	12	0.147	-0.300	10.063	1.176
1418197175366	37.513245	139.931557	12	0.190	-0.308	10.065	1.149
1418197175466	37.513246	139.931558	12	0.189	-0.302	9.989	1.124
1418197175567	37.513246	139.931559	12	0.164	-0.290	9.940	1.099
1418197175668	37.513247	139.931559	12	0.192	-0.211	10.001	1.074
1418197175768	37.513247	139.931560	12	0.238	-0.098	10.015	1.051
1418197175869	37.513247	139.931560	12	0.276	-0.036	9.923	1.027
1418197175965	37.513248	139.931561	12	0.287	0.020	9.904	1.006
1418197208967	37.515970	139.932642	4	0.288	0.031	9.911	12.506
1418197209068	37.515980	139.932648	4	0.207	-0.016	10.075	12.460
1418197209168	37.515991	139.932653	4	0.167	-0.118	10.062	12.410
1418197209269	37.516002	139.932659	4	0.220	-0.161	10.056	12.358
1418197209365	37.516012	139.932665	4	0.258	-0.170	9.905	12.310
1418197209465	37.516022	139.932671	4	0.296	-0.200	9.936	12.260
1418197209566	37.516033	139.932677	4	0.420	-0.326	10.628	12.210
1418197209667	37.516044	139.932683	4	0.501	-0.359	10.246	12.159
1418197209767	37.516054	139.932688	4	0.345	-0.140	8.921	12.110
1418197209868	37.516064	139.932694	4	0.357	-0.134	9.317	12.060
1418197209969	37.516075	139.932700	4	0.408	-0.092	9.998	12.010
1418197210069	37.516085	139.932705	4	0.381	-0.322	10.214	11.980
1418197210165	37.516096	139.932710	4	0.312	-0.317	10.500	11.956
1418197210266	37.516106	139.932715	4	0.217	-0.340	10.642	11.930
1418197210367	37.516117	139.932720	4	0.094	-0.208	10.213	11.905
1418197210467	37.516128	139.932725	4	0.043	-0.008	9.583	11.880
1418197210568	37.516139	139.932731	4	0.048	0.081	9.291	11.855
1418197210669	37.516149	139.932736	4	0.078	-0.048	9.694	11.830
1418197210769	37.516160	139.932741	4	0.104	-0.217	10.369	11.805
1418197210865	37.516170	139.932746	4	0.158	-0.246	10.611	11.781
1418197210971	37.516181	139.932751	4	0.125	-0.195	10.267	11.755
1418197211066	37.516190	139.932757	4	0.080	-0.049	9.702	11.711
1418197211166	37.516200	139.932763	4	0.037	0.023	9.402	11.660
1418197211268	37.516210	139.932769	4	0.010	-0.016	9.742	11.609
1418197211367	37.516219	139.932775	4	-0.021	-0.133	10.290	11.559
1418197211469	37.516229	139.932781	4	-0.062	-0.206	10.512	11.508
1418197211565	37.516238	139.932786	4	-0.060	-0.164	10.418	11.460
1418197211666	37.516247	139.932792	4	-0.033	-0.074	10.153	11.410
1418197211766	37.516256	139.932798	4	0.002	0.023	9.779	11.360
1418197211867	37.516266	139.932804	4	0.069	0.041	9.686	11.310
1418197211968	37.516275	139.932810	4	0.109	-0.034	9.908	11.261
1418197212069	37.516284	139.932815	4	0.139	-0.086	10.061	11.230
1418197212169	37.516293	139.932819	4	0.076	-0.164	10.128	11.205
1418197212265	37.516302	139.932823	4	0.005	-0.186	10.063	11.181
1418197212366	37.516311	139.932828	4	-0.088	-0.167	10.061	11.155
1418197212466	37.516320	139.932833	4	-0.123	-0.142	9.993	11.130
1418197212567	37.516329	139.932837	4	-0.161	-0.161	10.028	11.105
1418197212668	37.516338	139.932842	4	-0.150	-0.201	10.193	11.080
1418197212768	37.516346	139.932846	4	-0.112	-0.186	10.147	11.055
1418197212869	37.516355	139.932851	4	-0.089	-0.167	9.913	11.030
1418197212965	37.516364	139.932855	4	-0.064	-0.150	9.896	11.006
1418197213066	37.516373	139.932860	4	0.045	-0.177	9.983	10.981
1418197213166	37.516383	139.932865	4	0.092	-0.211	10.102	10.956
1418197213267	37.516393	139.932870	4	0.094	-0.210	10.096	10.930
1418197213368	37.516402	139.932875	4	0.066	-0.204	10.081	10.905
1418197213468	37.516412	139.932881	4	0.072	-0.167	10.099	10.880
1418197213569	37.516421	139.932886	4	0.033	-0.170	10.014	10.855
1418197213665	37.516430	139.932891	4	0.018	-0.174	10.013	10.831
1418197213766	37.516440	139.932896	4	0.037	-0.192	10.027	10.806
1418197213866	37.516449	139.932901	4	0.043	-0.177	9.953	10.781
1418197213967	37.516459	139.932906	4	0.059	-0.217	10.050	10.756
1418197214068	37.516467	139.932911	4	0.074	-0.224	10.140	10.730
1418197214168	37.516476	139.932916	4	0.065	-0.189	10.038	10.705
1418197214269	37.516484	139.932921	4	0.054	-0.123	9.890	10.680
1418197214365	37.516492	139.932926	4	0.084	-0.088	9.840	10.656
1418197214465	37.516500	139.932931	4	0.074	-0.085	9.938	10.631
1418197214566	37.516508	139.932937	4	0.068	-0.079	10.068	10.605
1418197214667	37.516517	139.932942	4	0.041	-0.077	10.141	10.580
1418197214767	37.516525	139.932947	4	0.060	-0.025	10.104	10.555
1418197214868	37.516533	139.932952	4	0.072	0.030	9.866	10.530
1418197218967	37.516894	139.933094	4	0.079	0.018	9.896	9.761
1418197219068	37.516902	139.933095	5	0.015	-0.349	10.125	9.710
1418197219168	37.516909	139.933096	5	-0.006	-0.559	10.342	9.659
1418197219269	37.516916	139.933097	5	0.029	-0.510	10.423	9.608
1418197219365	37.516922	139.933099	5	0.063	-0.369	10.232	9.559
1418197219466	37.516929	139.933100	5	0.048	-0.203	9.990	9.509
1418197219566	37.516936	139.933101	5	-0.000	-0.124	9.850	9.459
1418197219667	37.516943	139.933102	5	-0.038	-0.104	9.927	9.409
1418197219768	37.516950	139.933103	5	-0.064	-0.153	10.171	9.359
1418197219868	37.516957	139.933105	5	-0.087	-0.179	10.200	9.310
1418197219969	37.516964	139.933106	5	-0.093	-0.132	10.072	9.260
1418197220065	37.516970	139.933106	8	-0.085	-0.085	9.995	9.210
1418197220165	37.516977	139.933107	8	-0.096	-0.080	9.949	9.158
1418197220266	37.516984	139.933107	8	-0.114	-0.115	10.084	9.105
1418197220367	37.516991	139.933107	8	-0.113	-0.169	10.261	9.053
1418197220468	37.516998	139.933108	8	-0.113	-0.161	10.288	9.001
1418197220568	37.517005	139.933108	8	-0.085	-0.082	9.972	8.949
1418197220669	37.517012	139.933108	8	-0.083	-0.050	9.862	8.898
1418197220765	37.517018	139.933108	8	-0.066	-0.071	9.950	8.849
1418197220865	37.517025	139.933109	8	0.005	-0.094	10.001	8.798
1418197220966	37.517032	139.933109	8	-0.030	-0.148	10.205	8.748
1418197221067	37.517039	139.933109	8	0.018	-0.092	9.936	8.697
1418197221168	37.517045	139.933110	8	-0.015	-0.083	9.981	8.647
1418197221268	37.517052	139.933110	8	0.038	-0.051	9.961	8.598
1418197221369	37.517058	139.933110	8	0.046	-0.092	10.008	8.548
1418197221465	37.517065	139.933110	8	-0.004	-0.123	10.180	8.501
1418197221565	37.517071	139.933111	8	0.004	-0.124	10.039	8.453
1418197221666	37.517077	139.933111	8	-0.009	-0.110	10.053	8.404
1418197221767	37.517084	139.933111	8	-0.017	-0.085	9.966	8.356
1418197221868	37.517090	139.933112	8	-0.028	-0.060	9.901	8.308
1418197221968	37.517097	139.933112	8	-0.063	-0.100	10.094	8.260
1418197222069	37.517104	139.933112	8	-0.029	-0.101	10.067	8.230
1418197222165	37.517112	139.933111	8	-0.010	-0.090	10.081	8.206
1418197222265	37.517119	139.933111	8	-0.011	-0.105	10.191	8.180
1418197222366	37.517127	139.933110	8	0.041	-0.106	10.029	8.155
1418197222467	37.517135	139.933110	8	0.021	-0.114	10.047	8.130
1418197222567	37.517143	139.933110	8	0.007	-0.073	10.012	8.105
1418197222668	37.517150	139.933109	8	0.005	-0.091	9.976	8.080
1418197222769	37.517158	139.933109	8	-0.001	-0.102	10.107	8.055
1418197222869	37.517166	139.933108	8	0.025	-0.062	9.951	8.030
1418197222965	37.517173	139.933108	8	0.041	-0.083	9.984	8.006
1418197223066	37.517180	139.933109	6	0.060	-0.129	10.221	7.940
1418197223167	37.517186	139.933110	6	0.124	-0.132	10.041	7.862
1418197223267	37.517192	139.933112	6	0.102	-0.078	9.965	7.785
1418197223368	37.517198	139.933113	6	0.098	-0.083	9.961	7.708
1418197223469	37.517204	139.933114	6	0.071	-0.071	9.922	7.632
1418197223569	37.517210	139.933116	6	0.115	-0.085	9.923	7.557
1418197223665	37.517215	139.933117	6	0.072	-0.074	9.918	7.486
1418197223766	37.517221	139.933118	6	0.060	-0.075	9.922	7.412
1418197223866	37.517227	139.933119	6	0.094	-0.119	10.137	7.339
1418197223967	37.517233	139.933121	6	0.041	-0.130	10.094	7.266
1418197224068	37.517238	139.933122	6	-0.016	-0.098	9.919	7.189
1418197224169	37.517243	139.933123	6	-0.071	-0.091	10.004	7.110
1418197224269	37.517248	139.933124	6	-0.043	-0.091	10.053	7.033
1418197224365	37.517253	139.933125	6	-0.009	-0.084	9.997	6.959
1418197224466	37.517258	139.933126	6	-0.033	-0.071	10.084	6.883
1418197224566	37.517263	139.933127	6	-0.085	-0.068	10.074	6.808
1418197224667	37.517268	139.933128	6	-0.104	-0.042	9.813	6.733
1418197224768	37.517273	139.933129	6	-0.176	-0.062	9.939	6.659
1418197224869	37.517277	139.933130	6	-0.230	-0.072	10.107	6.586
1418197224969	37.517282	139.933131	6	-0.182	-0.053	9.958	6.515
1418197225070	37.517289	139.933130	7	-0.145	-0.065	10.089	6.480
1418197225166	37.517295	139.933129	7	-0.208	-0.075	10.152	6.455
1418197225265	37.517302	139.933128	7	-0.210	-0.034	9.975	6.430
1418197225367	37.517309	139.933127	7	-0.173	0.006	10.008	6.405
1418197225466	37.517316	139.933126	7	-0.174	0.096	10.062	6.380
1418197225568	37.517323	139.933125	7	-0.165	0.124	9.889	6.354
1418197225665	37.517330	139.933124	7	-0.083	0.135	9.920	6.330
1418197225765	37.517337	139.933123	7	-0.034	0.137	10.026	6.305
1418197225866	37.517344	139.933122	7	-0.053	0.099	10.054	6.280
1418197225966	37.517350	139.933121	7	-0.058	0.101	9.994	6.256
1418197227965	37.517445	139.933131	6	-0.059	0.100	9.997	5.262
1418197228066	37.517450	139.933132	6	-0.090	-0.078	10.030	5.210
1418197228167	37.517454	139.933133	6	-0.141	-0.280	10.243	5.158
1418197228267	37.517459	139.933135	6	-0.075	-0.351	10.223	5.106
1418197228368	37.517464	139.933136	6	-0.017	-0.319	9.876	5.055
1418197228469	37.517468	139.933137	6	-0.020	-0.299	9.862	5.004
1418197228565	37.517472	139.933139	6	-0.047	-0.332	10.025	4.956
1418197228665	37.517477	139.933140	6	-0.078	-0.384	10.162	4.907
1418197228766	37.517481	139.933141	6	-0.102	-0.418	10.227	4.858
1418197228867	37.517486	139.933142	6	-0.131	-0.376	10.117	4.809
1418197228968	37.517490	139.933144	6	-0.180	-0.366	9.883	4.760
1418197229068	37.517494	139.933144	5	-0.187	-0.343	9.686	4.664
1418197229169	37.517497	139.933145	5	-0.143	-0.374	9.799	4.554
1418197229269	37.517500	139.933145	5	-0.081	-0.464	10.200	4.447
1418197229365	37.517503	139.933146	5	-0.042	-0.483	10.348	4.347
1418197229466	37.517507	139.933146	5	0.042	-0.412	10.076	4.245
1418197229567	37.517510	139.933146	5	0.045	-0.359	9.719	4.144
1418197229667	37.517513	139.933147	5	0.001	-0.345	9.830	4.047
1418197229768	37.517516	139.933147	5	-0.060	-0.397	10.095	3.952
1418197229869	37.517519	139.933148	5	-0.106	-0.405	10.145	3.858
1418197229969	37.517521	139.933148	5	-0.132	-0.470	10.160	3.769
1418197230065	37.517525	139.933148	7	-0.170	-0.439	10.043	3.731
1418197230166	37.517529	139.933148	7	-0.187	-0.414	9.963	3.705
1418197230267	37.517533	139.933148	7	-0.135	-0.414	9.892	3.679
1418197230367	37.517537	139.933148	7	-0.043	-0.411	9.876	3.654
1418197230468	37.517541	139.933148	7	0.040	-0.443	10.043	3.628
1418197230569	37.517545	139.933147	7	0.026	-0.474	10.201	3.603
1418197230669	37.517549	139.933147	7	-0.001	-0.438	10.068	3.578
1418197230765	37.517553	139.933147	7	-0.062	-0.420	9.924	3.555
1418197230866	37.517557	139.933147	7	-0.089	-0.422	9.980	3.530
1418197230966	37.517561	139.933147	7	-0.105	-0.429	9.989	3.506
1418197231067	37.517564	139.933146	7	-0.112	-0.464	10.073	3.355
1418197231168	37.517565	139.933146	7	-0.083	-0.481	10.228	3.173
1418197231269	37.517567	139.933145	7	-0.081	-0.454	10.054	2.999
1418197231369	37.517569	139.933144	7	-0.090	-0.436	9.858	2.835
1418197231465	37.517571	139.933144	7	-0.039	-0.421	9.914	2.685
1418197231566	37.517572	139.933143	7	-0.017	-0.476	10.010	2.536
1418197231666	37.517574	139.933143	7	0.013	-0.523	10.086	2.396
1418197231767	37.517575	139.933142	7	0.017	-0.487	10.090	2.264
1418197231868	37.517577	139.933142	7	-0.079	-0.489	9.944	2.139
1418197231968	37.517578	139.933141	7	-0.157	-0.520	10.021	2.024
1418197232069	37.517578	139.933140	5	-0.179	-0.535	10.141	1.897
1418197232165	37.517578	139.933139	5	-0.156	-0.547	10.036	1.777
1418197232266	37.517579	139.933139	5	-0.073	-0.582	10.030	1.657
1418197232366	37.517579	139.933138	5	-0.027	-0.639	10.074	1.546
1418197232467	37.517579	139.933137	5	-0.009	-0.649	9.986	1.440
1418197232568	37.517579	139.933136	5	-0.051	-0.626	9.980	1.341
1418197232668	37.517579	139.933136	5	-0.131	-0.636	10.057	1.249
1418197232769	37.517580	139.933135	5	-0.126	-0.637	10.076	1.164
1418197232865	37.517580	139.933135	5	-0.126	-0.656	10.069	1.089
1418197232965	37.517580	139.933134	5	-0.121	-0.694	10.058	1.017
1418197233066	37.517580	139.933135	6	-0.112	-0.670	9.972	0.911
1418197233167	37.517579	139.933136	6	-0.134	-0.676	9.952	0.802
1418197233268	37.517579	139.933136	6	-0.120	-0.682	10.060	0.701
1418197233368	37.517579	139.933137	6	-0.069	-0.539	10.140	0.611
1418197233469	37.517579	139.933138	6	0.024	-0.152	10.231	0.528
1418197233565	37.517579	139.933138	6	0.088	0.220	10.173	0.459
1418197233665	37.517578	139.933139	6	0.075	0.527	9.919	0.395
1418197233766	37.517578	139.933139	6	0.045	0.678	9.769	0.340
1418197233867	37.517578	139.933140	6	0.044	0.626	9.869	0.294
1418197233967	37.517578	139.933140	6	0.039	0.430	10.062	0.257
1418197259965	37.517753	139.933143	10	0.045	0.424	10.078	2.500
1418197260066	37.517755	139.933143	11	-0.089	0.122	10.161	2.480
1418197260167	37.517757	139.933144	11	-0.180	-0.038	10.089	2.454
1418197260267	37.517758	139.933144	11	-0.215	-0.075	9.982	2.428
1418197260368	37.517760	139.933145	11	-0.207	-0.073	9.978	2.402
1418197260469	37.517761	139.933145	11	-0.157	-0.055	9.975	2.377
1418197260569	37.517763	139.933145	11	-0.172	-0.026	10.052	2.352
1418197260665	37.517764	139.933146	11	-0.171	-0.025	10.031	2.328
1418197260766	37.517766	139.933146	11	-0.232	0.000	10.050	2.304
1418197260867	37.517767	139.933147	11	-0.229	-0.001	10.027	2.279
1418197260967	37.517769	139.933147	11	-0.234	0.039	10.024	2.255
1418197286965	37.517866	139.935274	4	-0.235	0.042	10.030	11.512
1418197287066	37.517866	139.935286	4	-0.032	-0.067	10.286	11.481
1418197287166	37.517865	139.935298	4	0.099	-0.054	10.072	11.456
1418197287267	37.517865	139.935311	4	0.202	0.026	9.595	11.430
1418197287368	37.517864	139.935323	4	0.300	0.004	9.557	11.405
1418197287469	37.517864	139.935335	4	0.332	-0.027	9.799	11.380
1418197287569	37.517863	139.935347	4	0.316	-0.085	10.038	11.355
1418197287665	37.517863	139.935359	4	0.230	-0.124	10.105	11.331
1418197287766	37.517862	139.935371	4	0.098	-0.146	9.908	11.306
1418197287866	37.517862	139.935383	4	0.061	-0.123	9.828	11.281
1418197287967	37.517861	139.935395	4	0.021	-0.140	9.962	11.256
1418197288068	37.517861	139.935408	4	0.075	-0.134	10.095	11.210
1418197288169	37.517860	139.935421	4	0.111	-0.109	10.077	11.159
1418197288269	37.517860	139.935433	4	0.175	-0.125	10.021	11.108
1418197288365	37.517859	139.935445	4	0.193	-0.106	9.976	11.060
1418197288466	37.517859	139.935458	4	0.177	-0.150	9.929	11.009
1418197288566	37.517858	139.935470	4	0.146	-0.141	10.044	10.959
1418197288667	37.517858	139.935483	4	0.106	-0.126	10.091	10.909
1418197288768	37.517857	139.935495	4	0.060	-0.114	9.968	10.859
1418197288868	37.517857	139.935507	4	0.055	-0.089	10.055	10.810
1418197358966	37.521858	139.944263	8	0.095	-0.201	10.058	15.250
1418197359067	37.521872	139.944271	10	0.045	-0.172	10.042	15.325
1418197359168	37.521887	139.944279	10	0.036	-0.148	9.996	15.423
1418197359268	37.521902	139.944286	10	0.028	-0.168	10.000	15.522
1418197359369	37.521917	139.944294	10	0.022	-0.112	9.985	15.622
1418197359465	37.521931	139.944301	10	0.000	-0.162	10.000	15.717
1418197359565	37.521946	139.944309	10	0.005	-0.112	9.937	15.817
1418197359666	37.521961	139.944317	10	-0.001	-0.158	10.037	15.919
1418197359767	37.521977	139.944325	10	-0.043	-0.264	9.890	16.021
1418197359868	37.521992	139.944333	10	-0.050	-0.499	9.951	16.125
1418197359968	37.522008	139.944341	10	-0.068	-0.662	10.105	16.227
1418197360069	37.522020	139.944348	10	-0.058	-0.756	10.110	16.126
1418197360165	37.522030	139.944353	10	-0.078	-0.764	9.820	15.977
1418197360265	37.522041	139.944359	10	-0.071	-0.737	9.737	15.823
1418197360366	37.522052	139.944365	10	-0.066	-0.826	10.114	15.669
1418197360467	37.522062	139.944370	10	-0.035	-0.906	10.274	15.516
1418197360568	37.522073	139.944376	10	-0.071	-0.898	10.243	15.365
1418197360668	37.522083	139.944382	10	-0.064	-0.800	9.963	15.217
1418197360769	37.522094	139.944387	10	-0.045	-0.639	9.743	15.069
1418197360865	37.522103	139.944392	10	-0.012	-0.496	10.028	14.930
1418197360965	37.522114	139.944398	10	-0.001	-0.393	10.291	14.786
1418197361066	37.522126	139.944405	10	0.032	-0.284	10.205	14.806
1418197361167	37.522140	139.944412	10	0.017	-0.241	9.854	14.880
1418197361267	37.522154	139.944419	10	0.026	-0.318	9.718	14.954
1418197361368	37.522167	139.944427	10	0.031	-0.461	9.852	15.029
1418197361469	37.522181	139.944434	10	0.078	-0.572	10.069	15.105
1418197361565	37.522195	139.944442	10	0.101	-0.681	10.172	15.177
1418197361665	37.522208	139.944449	10	0.137	-0.708	10.004	15.252
1418197361766	37.522222	139.944457	10	0.123	-0.732	9.872	15.329
1418197361867	37.522237	139.944465	10	0.074	-0.722	9.679	15.406
1418197361967	37.522251	139.944472	10	0.046	-0.786	9.709	15.482
1418197362068	37.522262	139.944477	12	0.011	-0.966	10.120	15.334
1418197362169	37.522272	139.944480	12	-0.017	-1.081	10.217	15.122
1418197362270	37.522282	139.944483	12	-0.094	-1.122	10.106	14.912
1418197362365	37.522291	139.944486	12	-0.089	-1.139	10.076	14.718
1418197362466	37.522301	139.944489	12	-0.072	-1.118	9.936	14.514
1418197362567	37.522310	139.944492	12	-0.022	-1.135	9.936	14.312
1418197362667	37.522320	139.944495	12	0.011	-1.204	10.192	14.116
1418197362768	37.522329	139.944498	12	0.059	-1.239	10.237	13.920
1418197362869	37.522338	139.944501	12	0.109	-1.239	9.976	13.727
1418197362969	37.522347	139.944504	12	0.145	-1.224	9.931	13.539
1418197363065	37.522356	139.944506	13	0.189	-1.205	9.988	13.381
1418197363166	37.522365	139.944509	13	0.226	-1.226	9.936	13.223
1418197363267	37.522374	139.944510	13	0.260	-1.255	9.925	13.067
1418197363367	37.522382	139.944512	13	0.238	-1.256	9.909	12.914
1418197363468	37.522391	139.944514	13	0.219	-1.273	9.904	12.761
1418197363569	37.522399	139.944516	13	0.171	-1.287	9.891	12.610
1418197363669	37.522408	139.944518	13	0.178	-1.268	9.830	12.462
1418197363765	37.522416	139.944520	13	0.069	-1.322	10.023	12.322
1418197363866	37.522424	139.944522	13	0.043	-1.362	10.171	12.176
1418197363966	37.522432	139.944524	13	0.075	-1.354	10.126	12.034
1418197364067	37.522439	139.944527	13	0.121	-1.351	10.119	11.787
1418197364168	37.522445	139.944531	13	0.153	-1.332	10.158	11.512
1418197364269	37.522451	139.944535	13	0.181	-1.247	9.909	11.244
1418197364369	37.522457	139.944539	13	0.170	-1.314	9.873	10.984
1418197364465	37.522462	139.944543	13	0.209	-1.363	10.115	10.740
1418197364566	37.522468	139.944546	13	0.247	-1.387	10.179	10.489
1418197364666	37.522473	139.944550	13	0.213	-1.393	10.009	10.246
1418197364767	37.522479	139.944553	13	0.195	-1.392	9.939	10.007
1418197364868	37.522484	139.944557	13	0.212	-1.378	9.984	9.774
1418197364969	37.522489	139.944560	13	0.212	-1.430	10.004	9.547
1418197365069	37.522495	139.944564	12	0.215	-1.408	10.059	9.439
1418197365165	37.522501	139.944569	12	0.204	-1.362	9.938	9.364
1418197365266	37.522507	139.944573	12	0.183	-1.301	9.877	9.287
1418197365366	37.522513	139.944577	12	0.142	-1.306	9.899	9.211
1418197365467	37.522519	139.944581	12	0.141	-1.298	9.967	9.135
1418197365568	37.522525	139.944586	12	0.122	-1.309	9.993	9.059
1418197365668	37.522531	139.944590	12	0.134	-1.317	9.992	8.985
1418197365769	37.522537	139.944594	12	0.088	-1.300	10.034	8.910
1418197365865	37.522543	139.944598	12	0.073	-1.288	9.978	8.840
1418197365965	37.522549	139.944602	12	0.020	-1.301	9.911	8.768
1418197366066	37.522554	139.944605	12	0.035	-1.273	10.061	8.556
1418197366167	37.522559	139.944607	12	0.028	-1.298	10.028	8.303
1418197366268	37.522563	139.944609	12	0.054	-1.274	9.943	8.058
1418197366368	37.522568	139.944610	12	0.057	-1.280	9.951	7.821
1418197366469	37.522572	139.944612	12	0.042	-1.292	10.008	7.589
1418197366565	37.522576	139.944614	12	0.057	-1.293	10.039	7.375
1418197366665	37.522580	139.944616	12	0.083	-1.247	10.082	7.158
1418197366766	37.522584	139.944617	12	0.087	-1.135	9.949	6.946
1418197366867	37.522588	139.944619	12	0.085	-1.105	9.906	6.741
1418197366968	37.522592	139.944621	12	0.167	-1.163	10.012	6.542
1418197367068	37.522595	139.944622	10	0.143	-1.121	10.052	6.416
1418197367169	37.522598	139.944624	10	0.131	-1.088	10.032	6.309
1418197367270	37.522600	139.944626	10	0.183	-1.045	9.964	6.203
1418197367365	37.522602	139.944628	10	0.162	-1.064	9.916	6.105
1418197367471	37.522605	139.944630	10	0.167	-1.037	9.969	5.998
1418197367567	37.522607	139.944631	10	0.162	-1.031	10.004	5.903
1418197367666	37.522610	139.944633	10	0.153	-1.018	10.107	5.806
1418197367768	37.522612	139.944634	10	0.141	-0.946	10.063	5.708
1418197367867	37.522614	139.944636	10	0.155	-0.840	9.947	5.614
1418197367965	37.522616	139.944638	10	0.215	-0.738	9.982	5.523
1418197368065	37.522619	139.944639	10	0.173	-0.717	9.978	5.291
1418197368166	37.522621	139.944641	10	0.185	-0.683	10.078	5.020
1418197368267	37.522623	139.944643	10	0.180	-0.642	10.142	4.761
1418197368367	37.522625	139.944644	10	0.168	-0.583	10.084	4.516
1418197368469	37.522627	139.944646	10	0.170	-0.556	9.976	4.278
1418197368569	37.522629	139.944647	10	0.159	-0.487	9.921	4.056
1418197368669	37.522630	139.944648	10	0.207	-0.480	9.981	3.846
1418197368765	37.522632	139.944649	10	0.209	-0.491	10.015	3.655
1418197368866	37.522633	139.944651	10	0.224	-0.504	10.030	3.466
1418197368967	37.522635	139.944652	10	0.255	-0.489	10.030	3.289
1418197369067	37.522637	139.944653	8	0.247	-0.480	10.034	3.230
1418197369168	37.522641	139.944654	8	0.200	-0.464	10.023	3.204
1418197369269	37.522644	139.944655	8	0.173	-0.485	9.982	3.178
1418197369369	37.522647	139.944656	8	0.120	-0.496	9.953	3.153
1418197369465	37.522650	139.944657	8	0.181	-0.517	10.058	3.129
1418197369566	37.522653	139.944658	8	0.216	-0.539	10.034	3.104
1418197369667	37.522656	139.944660	8	0.232	-0.549	9.937	3.079
1418197369767	37.522659	139.944661	8	0.239	-0.586	9.942	3.054
1418197369868	37.522661	139.944662	8	0.224	-0.601	9.967	3.029
1418197369969	37.522664	139.944663	8	0.156	-0.644	10.064	3.005
1418197370069	37.522667	139.944664	8	0.184	-0.591	10.093	2.957
1418197370165	37.522669	139.944665	8	0.161	-0.560	9.928	2.906
1418197370266	37.522672	139.944666	8	0.171	-0.586	9.957	2.853
1418197370366	37.522674	139.944667	8	0.174	-0.653	10.071	2.801
1418197370467	37.522676	139.944668	8	0.216	-0.657	10.066	2.750
1418197370568	37.522679	139.944669	8	0.239	-0.632	9.999	2.700
1418197370669	37.522681	139.944670	8	0.232	-0.576	9.952	2.651
1418197370769	37.522683	139.944671	8	0.213	-0.581	9.958	2.603
1418197370865	37.522685	139.944672	8	0.190	-0.620	10.018	2.558
1418197370966	37.522688	139.944673	8	0.199	-0.666	10.067	2.511
1418197371066	37.522689	139.944674	7	0.173	-0.676	9.999	2.376
1418197371167	37.522691	139.944676	7	0.204	-0.671	9.988	2.218
1418197371268	37.522692	139.944677	7	0.208	-0.680	9.952	2.069
1418197371368	37.522693	139.944679	7	0.213	-0.666	9.994	1.930
1418197371469	37.522695	139.944680	7	0.227	-0.656	10.095	1.797
1418197371565	37.522696	139.944682	7	0.219	-0.632	10.063	1.679
1418197371666	37.522697	139.944683	7	0.248	-0.624	9.961	1.564
1418197371766	37.522698	139.944684	7	0.227	-0.637	9.951	1.458
1418197371867	37.522699	139.944685	7	0.254	-0.655	10.054	1.359
1418197371968	37.522700	139.944686	7	0.199	-0.661	10.016	1.269
1418197372068	37.522701	139.944687	7	0.197	-0.653	10.005	1.229
1418197372169	37.522703	139.944688	7	0.175	-0.667	9.945	1.201
1418197372265	37.522704	139.944688	7	0.189	-0.661	10.013	1.176
1418197372365	37.522705	139.944689	7	0.195	-0.682	10.037	1.150
1418197372466	37.522707	139.944690	7	0.208	-0.665	10.048	1.124
1418197372567	37.522708	139.944691	7	0.227	-0.649	9.987	1.099
1418197372668	37.522709	139.944692	7	0.227	-0.629	9.981	1.074
1418197372768	37.522710	139.944692	7	0.239	-0.517	10.074	1.051
1418197372869	37.522712	139.944693	7	0.223	-0.374	10.075	1.027
1418197372965	37.522713	139.944694	7	0.237	-0.256	10.003	1.006
1418197373065	37.522715	139.944692	7	0.243	-0.195	9.902	0.856
1418197373166	37.522717	139.944690	7	0.277	-0.170	9.964	0.679
1418197373267	37.522719	139.944688	7	0.277	-0.166	10.043	0.523
1418197373367	37.522720	139.944686	7	0.302	-0.091	10.098	0.388
1418197373468	37.522722	139.944685	7	0.335	0.069	10.119	0.272
1418197373569	37.522723	139.944683	7	0.332	0.235	9.973	0.177
1418197373665	37.522724	139.944682	7	0.329	0.300	9.856	0.106
1418197373765	37.522724	139.944682	7	0.301	0.288	9.848	0.051
1418197373866	37.522725	139.944681	7	0.325	0.224	10.030	0.015
1418197373967	37.522725	139.944681	7	0.300	0.126	10.081	0.001
1418197423963	37.525865	139.945536	10	0.348	0.158	9.986	16.007
1418197423968	37.525866	139.945536	10	0.348	0.143	9.982	16.005
1418197424069	37.525880	139.945534	10	0.194	0.062	9.920	15.939
1418197424165	37.525894	139.945532	10	0.067	-0.031	9.863	15.866
1418197424270	37.525908	139.945530	10	0.033	-0.059	9.803	15.786
1418197424366	37.525922	139.945528	10	-0.024	-0.074	9.890	15.714
1418197424465	37.525935	139.945525	10	-0.037	-0.146	10.175	15.639
1418197424567	37.525949	139.945523	10	-0.097	-0.236	10.568	15.563
1418197424667	37.525963	139.945521	10	-0.178	-0.168	10.407	15.488
1418197424769	37.525977	139.945519	10	-0.252	-0.083	10.078	15.413
1418197424865	37.525990	139.945517	10	-0.252	-0.007	9.797	15.342
1418197424965	37.526004	139.945515	10	-0.230	0.007	9.624	15.268
1418197425066	37.526018	139.945512	11	-0.171	-0.124	9.974	15.211
1418197425167	37.526031	139.945508	11	-0.170	-0.182	10.436	15.160
1418197425267	37.526045	139.945505	11	-0.180	-0.239	10.136	15.110
1418197425368	37.526059	139.945502	11	-0.110	-0.102	9.920	15.059
1418197425469	37.526073	139.945499	11	-0.078	-0.075	9.811	15.008
1418197425569	37.526086	139.945495	11	-0.082	-0.119	9.933	14.958
1418197425665	37.526099	139.945492	11	-0.117	-0.139	10.072	14.911
1418197425766	37.526113	139.945489	11	-0.166	-0.096	10.046	14.861
1418197425867	37.526127	139.945486	11	-0.177	-0.098	10.014	14.811
1418197425967	37.526140	139.945483	11	-0.214	-0.142	10.026	14.761
1418197426068	37.526154	139.945480	11	-0.226	-0.135	10.122	14.730
1418197426169	37.526168	139.945478	11	-0.286	-0.231	10.142	14.705
1418197426269	37.526181	139.945476	11	-0.318	-0.218	10.239	14.680
1418197426365	37.526195	139.945474	11	-0.329	-0.281	10.238	14.656
1418197426466	37.526209	139.945471	11	-0.323	-0.292	10.102	14.630
1418197426566	37.526222	139.945469	11	-0.317	-0.328	9.981	14.605
1418197426667	37.526236	139.945467	11	-0.282	-0.337	9.886	14.580
1418197426768	37.526250	139.945465	11	-0.232	-0.402	10.018	14.555
1418197426869	37.526264	139.945463	11	-0.184	-0.475	10.149	14.530
1418197426969	37.526277	139.945460	11	-0.183	-0.518	10.235	14.505
1418197427065	37.526289	139.945458	10	-0.161	-0.465	10.075	14.442
1418197427166	37.526301	139.945454	10	-0.115	-0.501	10.064	14.365
1418197427266	37.526313	139.945451	10	-0.072	-0.566	10.171	14.289
1418197427367	37.526325	139.945448	10	-0.046	-0.594	10.187	14.213
1418197427468	37.526337	139.945445	10	-0.037	-0.517	9.939	14.137
1418197427569	37.526348	139.945442	10	-0.020	-0.491	9.757	14.061
1418197427669	37.526360	139.945439	10	0.020	-0.514	9.806	13.986
1418197427765	37.526371	139.945436	10	-0.011	-0.640	10.068	13.915
1418197427866	37.526383	139.945433	10	-0.081	-0.717	10.060	13.841
1418197427966	37.526394	139.945430	10	-0.119	-0.789	10.177	13.768
1418197428068	37.526406	139.945426	10	-0.177	-0.847	10.210	13.690
1418197428168	37.526417	139.945423	10	-0.169	-0.841	10.134	13.613
1418197428268	37.526428	139.945419	10	-0.177	-0.830	10.077	13.537
1418197428369	37.526440	139.945416	10	-0.148	-0.782	9.983	13.461
1418197428465	37.526451	139.945413	10	-0.117	-0.782	9.873	13.389
1418197428566	37.526462	139.945409	10	-0.028	-0.822	10.016	13.313
1418197428666	37.526473	139.945406	10	0.070	-0.849	10.098	13.238
1418197428767	37.526484	139.945402	10	0.076	-0.845	9.973	13.164
1418197428868	37.526495	139.945399	10	0.143	-0.872	9.974	13.089
1418197428968	37.526506	139.945396	10	0.152	-0.818	9.843	13.016
1418197429069	37.526516	139.945392	10	0.074	-0.876	9.933	12.875
1418197429165	37.526526	139.945388	10	0.040	-0.858	9.926	12.724
1418197429266	37.526536	139.945384	10	0.022	-0.879	10.048	12.568
1418197429366	37.526545	139.945381	10	-0.019	-0.807	9.991	12.414
1418197429467	37.526555	139.945377	10	-0.058	-0.794	9.897	12.262
1418197429568	37.526565	139.945373	10	-0.087	-0.805	10.171	12.111
1418197429668	37.526574	139.945369	10	-0.062	-0.824	10.260	11.963
1418197429769	37.526584	139.945366	10	-0.057	-0.840	10.144	11.816
1418197429865	37.526593	139.945362	10	-0.012	-0.723	10.102	11.677
1418197429965	37.526602	139.945359	10	-0.011	-0.537	9.998	11.535
1418197430066	37.526612	139.945357	11	-0.016	-0.325	9.972	11.461
1418197430167	37.526622	139.945355	11	-0.127	-0.222	10.245	11.410
1418197430268	37.526632	139.945353	11	-0.105	-0.193	10.285	11.359
1418197430368	37.526642	139.945352	11	-0.085	-0.150	10.149	11.308
1418197430469	37.526652	139.945350	11	-0.143	-0.052	9.948	11.258
1418197430565	37.526662	139.945349	11	-0.159	0.033	9.715	11.210
1418197430665	37.526672	139.945347	11	-0.140	0.006	9.725	11.160
1418197430766	37.526682	139.945346	11	-0.068	-0.044	10.033	11.110
1418197430867	37.526692	139.945344	11	0.006	-0.110	10.295	11.060
1418197430967	37.526702	139.945342	11	0.049	-0.128	10.232	11.011
1418197431068	37.526711	139.945339	11	0.088	-0.113	10.089	10.940
1418197431169	37.526720	139.945336	11	0.133	-0.018	9.803	10.862
1418197431270	37.526728	139.945332	11	0.196	-0.084	9.962	10.785
1418197431365	37.526737	139.945329	11	0.290	-0.156	10.192	10.713
1418197431466	37.526745	139.945326	11	0.281	-0.165	10.238	10.636
1418197431567	37.526754	139.945322	11	0.309	-0.125	10.188	10.561
1418197431667	37.526762	139.945319	11	0.278	-0.024	9.709	10.486
1418197431768	37.526771	139.945315	11	0.300	0.008	9.489	10.412
1418197431869	37.526779	139.945312	11	0.306	-0.071	9.990	10.338
1418197431970	37.526787	139.945309	11	0.359	-0.233	10.422	10.264
1418197432065	37.526796	139.945305	10	0.321	-0.236	10.467	10.250
1418197432166	37.526804	139.945301	10	0.287	-0.166	10.228	10.250
1418197432267	37.526813	139.945298	10	0.288	-0.105	9.997	10.250
1418197432367	37.526822	139.945294	10	0.216	-0.014	9.759	10.250
1418197432468	37.526831	139.945290	10	0.217	-0.021	9.697	10.250
1418197432569	37.526839	139.945287	10	0.233	-0.120	10.105	10.250
1418197432669	37.526848	139.945283	10	0.172	-0.184	10.346	10.250
1418197432765	37.526856	139.945279	10	0.120	-0.154	10.192	10.250
1418197432866	37.526865	139.945276	10	0.097	-0.079	9.930	10.250
1418197432967	37.526874	139.945272	10	0.138	0.018	9.771	10.250
1418197433067	37.526883	139.945269	11	0.132	-0.040	9.826	10.211
1418197433168	37.526892	139.945266	11	0.119	-0.108	10.011	10.159
1418197433269	37.526901	139.945263	11	0.114	-0.115	10.122	10.108
1418197433369	37.526910	139.945260	11	0.106	-0.105	10.078	10.058
1418197433465	37.526919	139.945258	11	0.126	-0.101	9.969	10.009
1418197433566	37.526928	139.945255	11	0.113	-0.147	9.936	9.959
1418197433667	37.526937	139.945252	11	0.088	-0.320	10.023	9.909
1418197433767	37.526946	139.945249	11	0.030	-0.520	10.141	9.859
1418197433868	37.526954	139.945246	11	0.011	-0.701	9.996	9.810
1418197433969	37.526963	139.945244	11	0.007	-0.776	9.946	9.760
1418197434069	37.526972	139.945241	11	-0.038	-0.874	9.962	9.689
1418197434165	37.526981	139.945239	11	-0.032	-0.938	10.016	9.614
1418197434266	37.526990	139.945237	11	0.067	-0.993	10.023	9.537
1418197434366	37.526999	139.945235	11	0.128	-1.021	9.990	9.461
1418197434467	37.527007	139.945232	11	0.178	-1.036	9.908	9.385
1418197434568	37.527016	139.945230	11	0.213	-1.102	9.917	9.309
1418197434668	37.527025	139.945228	11	0.225	-1.152	10.236	9.235
1418197434769	37.527033	139.945226	11	0.184	-1.212	10.336	9.161
1418197434865	37.527042	139.945224	11	0.182	-1.172	10.128	9.090
1418197434966	37.527050	139.945222	11	0.188	-1.089	9.960	9.017
1418197435066	37.527057	139.945219	11	0.161	-1.040	9.873	8.876
1418197435167	37.527064	139.945216	11	0.129	-1.021	9.945	8.715
1418197435268	37.527071	139.945214	11	0.108	-1.052	10.003	8.556
1418197435368	37.527078	139.945211	11	0.077	-1.049	9.978	8.401
1418197435469	37.527085	139.945208	11	0.106	-1.031	10.135	8.247
1418197435565	37.527091	139.945206	11	0.100	-0.986	10.097	8.104
1418197435665	37.527097	139.945204	11	0.081	-0.844	10.043	7.958
1418197435766	37.527103	139.945201	11	0.110	-0.668	10.022	7.812
1418197435867	37.527110	139.945199	11	0.115	-0.533	9.963	7.670
1418197435968	37.527116	139.945197	11	0.104	-0.399	10.036	7.530
1418197436068	37.527122	139.945194	9	0.131	-0.223	10.066	7.460
1418197436169	37.527128	139.945192	9	0.129	-0.093	9.980	7.408
1418197436265	37.527134	139.945190	9	0.147	-0.019	9.951	7.359
1418197436365	37.527140	139.945188	9	0.137	0.035	10.006	7.308
1418197436466	37.527146	139.945185	9	0.126	0.017	10.010	7.258
1418197436567	37.527152	139.945183	9	0.131	0.033	9.996	7.207
1418197436668	37.527158	139.945181	9	0.173	0.048	10.069	7.157
1418197436768	37.527164	139.945179	9	0.181	0.041	9.973	7.108
1418197436869	37.527170	139.945177	9	0.238	0.021	10.066	7.059
1418197436965	37.527176	139.945175	9	0.220	0.012	10.047	7.012
1418197437065	37.527182	139.945172	10	0.235	0.039	9.990	6.961
1418197437166	37.527188	139.945170	10	0.289	0.044	9.955	6.909
1418197437267	37.527194	139.945167	10	0.424	0.042	10.008	6.858
1418197437367	37.527200	139.945165	10	0.503	0.027	10.100	6.807
1418197437468	37.527206	139.945163	10	0.538	0.019	10.063	6.756
1418197437569	37.527212	139.945160	10	0.642	0.059	9.904	6.706
1418197437670	37.527218	139.945158	10	0.601	0.154	9.927	6.656
1418197437765	37.527224	139.945156	10	0.492	0.308	10.061	6.609
1418197437866	37.527230	139.945154	10	0.472	0.467	10.026	6.560
1418197437967	37.527236	139.945152	10	0.466	0.652	10.069	6.511
1418197464967	37.529196	139.944398	10	0.467	0.653	10.081	8.261
1418197465067	37.529201	139.944395	10	0.291	0.210	10.373	8.168
1418197465168	37.529207	139.944393	10	0.078	-0.140	10.468	8.063
1418197465269	37.529213	139.944391	10	-0.038	-0.224	9.838	7.958
1418197465369	37.529218	139.944389	10	-0.075	-0.190	9.623	7.856
1418197465465	37.529224	139.944387	10	-0.067	-0.225	10.204	7.759
1418197465566	37.529229	139.944385	10	-0.122	-0.186	10.431	7.658
1418197465666	37.529234	139.944383	10	-0.129	-0.157	10.304	7.560
1418197465767	37.529240	139.944380	10	-0.150	-0.083	10.104	7.462
1418197465868	37.529245	139.944378	10	-0.151	0.003	10.035	7.365
1418197465969	37.529250	139.944376	10	-0.090	0.149	9.963	7.270
1418197466069	37.529255	139.944375	10	-0.032	0.188	9.677	7.209
1418197466165	37.529260	139.944373	10	-0.081	0.244	9.509	7.160
1418197466266	37.529265	139.944371	10	-0.150	0.217	9.694	7.108
1418197466366	37.529270	139.944369	10	-0.306	0.066	10.398	7.058
1418197466467	37.529275	139.944367	10	-0.116	-0.000	10.522	7.007
1418197466568	37.529280	139.944365	10	-0.081	0.088	10.117	6.957
1418197466668	37.529285	139.944364	10	-0.008	0.247	9.883	6.907
1418197466769	37.529290	139.944362	10	0.018	0.342	9.835	6.857
1418197466865	37.529295	139.944360	10	-0.022	0.448	10.004	6.811
1418197510965	37.533695	139.944293	11	-0.060	0.542	10.085	13.000
1418197511066	37.533707	139.944290	11	-0.029	0.373	9.661	12.981
1418197511166	37.533719	139.944288	11	-0.047	0.253	9.478	12.956
1418197511267	37.533731	139.944286	11	-0.046	0.052	9.808	12.930
1418197511368	37.533742	139.944284	11	-0.104	-0.114	10.266	12.905
1418197511468	37.533754	139.944282	11	-0.104	-0.184	10.468	12.880
1418197511569	37.533766	139.944280	11	-0.141	-0.135	10.304	12.855
1418197511665	37.533777	139.944278	11	-0.092	-0.112	10.100	12.831
1418197511766	37.533789	139.944276	11	-0.062	-0.098	10.011	12.806
1418197511866	37.533801	139.944274	11	-0.078	-0.112	10.045	12.781
1418197511967	37.533812	139.944271	11	-0.037	-0.169	10.023	12.756
1418197512068	37.533823	139.944269	10	0.000	-0.147	10.088	12.750
1418197512168	37.533834	139.944266	10	0.017	-0.105	9.988	12.750
1418197512269	37.533845	139.944263	10	-0.067	-0.120	9.905	12.750
1418197512365	37.533855	139.944261	10	-0.083	-0.085	9.914	12.750
1418197512465	37.533866	139.944258	10	-0.115	-0.186	10.091	12.750
1418197512566	37.533877	139.944255	10	-0.100	-0.144	10.007	12.750
1418197512667	37.533887	139.944252	10	-0.108	-0.089	9.884	12.750
1418197512768	37.533898	139.944249	10	-0.063	-0.090	9.870	12.750
1418197512868	37.533909	139.944246	10	-0.054	-0.091	10.002	12.750
1418197512969	37.533920	139.944244	10	-0.044	-0.177	10.329	12.750
1418197513065	37.533930	139.944240	10	-0.056	-0.202	10.388	12.750
1418197513165	37.533941	139.944237	10	-0.081	-0.140	10.112	12.750
1418197513266	37.533953	139.944233	10	-0.099	-0.042	9.632	12.750
1418197513367	37.533964	139.944229	10	-0.042	-0.066	9.751	12.750
1418197513467	37.533975	139.944225	10	-0.028	-0.223	10.492	12.750
1418197513568	37.533986	139.944222	10	-0.019	-0.271	10.422	12.750
1418197513669	37.533997	139.944218	10	-0.043	-0.172	10.118	12.750
1418197513765	37.534008	139.944214	10	-0.002	-0.019	9.711	12.750
1418197513865	37.534019	139.944211	10	0.011	0.088	9.646	12.750
1418197513966	37.534030	139.944207	10	-0.017	-0.197	9.532	12.750
1418197514067	37.534042	139.944204	10	-0.015	-0.160	9.792	12.750
1418197514167	37.534054	139.944200	10	-0.056	-0.288	10.296	12.750
1418197514268	37.534067	139.944197	10	-0.033	-0.238	10.316	12.750
1418197514369	37.534079	139.944194	10	-0.025	-0.184	10.040	12.750
1418197514470	37.534091	139.944191	10	-0.034	-0.058	9.778	12.750
1418197514565	37.534103	139.944188	10	-0.023	0.005	9.699	12.750
1418197514666	37.534115	139.944184	10	-0.058	-0.044	9.758	12.750
1418197514767	37.534127	139.944181	10	-0.051	-0.122	9.991	12.750
1418197514867	37.534139	139.944178	10	-0.069	-0.172	10.239	12.750
1418197514968	37.534151	139.944175	10	-0.114	-0.114	10.078	12.750
1418197515069	37.534162	139.944171	10	-0.121	-0.097	9.801	12.730
1418197515169	37.534173	139.944166	10	-0.113	-0.071	9.779	12.705
1418197515265	37.534183	139.944162	10	-0.115	-0.131	10.075	12.681
1418197515366	37.534193	139.944158	10	-0.131	-0.168	10.253	12.655
1418197515466	37.534203	139.944154	10	-0.115	-0.157	10.271	12.630
1418197515567	37.534214	139.944150	10	-0.058	-0.125	10.106	12.605
1418197515668	37.534224	139.944145	10	-0.014	-0.024	9.884	12.580
1418197515769	37.534234	139.944141	10	-0.005	-0.133	9.934	12.555
1418197515869	37.534245	139.944137	10	0.026	-0.093	9.995	12.530
1418197515965	37.534254	139.944133	10	0.055	-0.085	9.987	12.506
1418197516066	37.534265	139.944130	10	0.063	-0.006	10.089	12.500
1418197516166	37.534277	139.944126	10	0.040	-0.098	9.860	12.500
1418197516267	37.534288	139.944123	10	0.012	-0.105	9.981	12.500
1418197516368	37.534299	139.944120	10	0.044	-0.153	10.003	12.500
1418197516469	37.534310	139.944117	10	0.035	-0.149	9.981	12.500
1418197516569	37.534321	139.944113	10	0.024	-0.115	9.955	12.500
1418197516665	37.534332	139.944110	10	-0.001	-0.118	10.015	12.500
1418197516766	37.534343	139.944107	10	0.016	-0.137	9.990	12.500
1418197516866	37.534354	139.944104	10	0.023	-0.120	9.910	12.500
1418197516967	37.534365	139.944101	10	0.066	-0.114	9.973	12.500
1418197517068	37.534377	139.944097	10	0.099	-0.130	10.061	12.500
1418197517169	37.534389	139.944094	10	0.135	-0.190	10.205	12.500
1418197517269	37.534400	139.944091	10	0.168	-0.190	10.270	12.500
1418197517365	37.534411	139.944088	10	0.176	-0.144	10.041	12.500
1418197517466	37.534423	139.944084	10	0.188	-0.125	9.983	12.500
1418197517566	37.534434	139.944081	10	0.242	-0.327	10.538	12.500
1418197517667	37.534446	139.944078	10	0.202	-0.151	9.695	12.500
1418197517768	37.534457	139.944074	10	0.227	-0.006	9.494	12.500
1418197517868	37.534469	139.944071	10	0.209	-0.125	9.735	12.500
1418197517969	37.534481	139.944068	10	0.221	-0.202	9.722	12.500
1418197518065	37.534491	139.944065	10	0.231	-0.298	10.107	12.500
1418197518165	37.534502	139.944062	10	0.196	-0.379	10.615	12.500
1418197518266	37.534514	139.944058	10	0.180	-0.311	10.569	12.500
1418197518367	37.534525	139.944055	10	0.164	-0.172	10.081	12.500
1418197518468	37.534536	139.944052	10	0.215	-0.054	9.652	12.500
1418197518568	37.534547	139.944049	10	0.190	-0.057	9.631	12.500
1418197518669	37.534558	139.944046	10	0.228	-0.052	10.058	12.500
1418197518765	37.534569	139.944043	10	0.191	-0.202	10.138	12.500
1418197518866	37.534580	139.944040	10	0.119	-0.268	10.120	12.500
1418197518967	37.534591	139.944037	10	0.110	-0.210	9.809	12.500
1418197519067	37.534602	139.944033	11	0.115	-0.093	9.830	12.481
1418197519168	37.534612	139.944030	11	0.158	-0.188	10.069	12.455
1418197519268	37.534622	139.944026	11	0.187	-0.171	9.931	12.430
1418197519369	37.534632	139.944023	11	0.208	-0.193	10.021	12.405
1418197519465	37.534642	139.944020	11	0.214	-0.166	10.066	12.381
1418197519565	37.534652	139.944016	11	0.211	-0.156	10.005	12.356
1418197519666	37.534662	139.944013	11	0.218	-0.186	10.101	12.330
1418197519767	37.534672	139.944010	11	0.233	-0.180	10.220	12.305
1418197519867	37.534682	139.944006	11	0.232	-0.129	10.012	12.280
1418197519968	37.534692	139.944003	11	0.210	-0.076	9.789	12.255
1418197520069	37.534702	139.943999	11	0.147	-0.097	9.872	12.270
1418197520165	37.534712	139.943996	11	0.141	-0.129	10.014	12.293
1418197520265	37.534722	139.943992	11	0.105	-0.175	10.125	12.318
1418197520366	37.534733	139.943988	11	0.102	-0.069	10.141	12.343
1418197520467	37.534743	139.943984	11	0.051	-0.150	10.170	12.369
1418197520567	37.534754	139.943981	11	0.067	-0.090	9.950	12.394
1418197520668	37.534764	139.943977	11	0.083	-0.122	10.035	12.419
1418197520769	37.534775	139.943973	11	0.090	-0.103	10.077	12.444
1418197520869	37.534785	139.943970	11	0.084	-0.098	9.990	12.469
1418197520965	37.534795	139.943966	11	0.052	-0.089	10.057	12.494
1418197521066	37.534806	139.943962	12	0.071	-0.056	10.140	12.500
1418197521167	37.534816	139.943959	12	0.072	0.027	9.912	12.500
1418197521267	37.534827	139.943955	12	0.070	0.013	10.143	12.500
1418197521368	37.534837	139.943951	12	0.062	-0.011	10.257	12.500
1418197521469	37.534848	139.943948	12	0.000	0.060	9.988	12.500
1418197521569	37.534858	139.943944	12	-0.023	0.102	9.899	12.500
1418197521665	37.534868	139.943941	12	-0.039	0.143	9.789	12.500
1418197521766	37.534879	139.943937	12	-0.049	0.109	9.790	12.500
1418197521867	37.534889	139.943933	12	-0.035	0.075	9.937	12.500
1418197521967	37.534900	139.943930	12	-0.007	0.029	10.189	12.500
1418197528967	37.535681	139.943630	10	-0.004	0.033	10.190	13.006
1418197529067	37.535692	139.943626	10	0.090	-0.016	10.160	12.981
1418197529168	37.535702	139.943623	10	0.153	-0.067	9.935	12.955
1418197529269	37.535713	139.943620	10	0.197	-0.028	9.872	12.930
1418197529369	37.535723	139.943616	10	0.253	-0.003	9.794	12.905
1418197529465	37.535733	139.943613	10	0.308	-0.069	9.936	12.881
1418197529566	37.535744	139.943610	10	0.352	-0.123	10.185	12.855
1418197529666	37.535754	139.943607	10	0.372	-0.091	10.353	12.830
1418197529767	37.535764	139.943603	10	0.370	-0.076	10.272	12.805
1418197529868	37.535775	139.943600	10	0.328	-0.008	10.176	12.780
1418197598964	37.544192	139.944329	12	0.408	0.003	10.115	14.006
1418197598969	37.544193	139.944329	12	0.408	-0.010	10.128	14.005
1418197599069	37.544204	139.944331	12	0.358	-0.369	9.652	13.918
1418197599165	37.544215	139.944333	12	0.321	-0.854	9.841	13.820
1418197599266	37.544227	139.944335	12	0.283	-1.121	10.111	13.717
1418197599366	37.544238	139.944337	12	0.334	-1.299	10.211	13.615
1418197599467	37.544250	139.944340	12	0.216	-1.491	10.288	13.514
1418197599568	37.544261	139.944342	12	0.152	-1.515	10.070	13.413
1418197599668	37.544273	139.944344	12	0.046	-1.490	9.908	13.314
1418197599769	37.544284	139.944346	12	-0.011	-1.500	9.714	13.215
1418197599865	37.544294	139.944348	12	-0.072	-1.584	9.870	13.121
1418197599966	37.544305	139.944350	12	-0.095	-1.654	10.153	13.023
1418197600066	37.544317	139.944351	12	-0.113	-1.748	10.216	12.941
1418197600167	37.544329	139.944351	12	-0.131	-1.764	10.111	12.864
1418197600268	37.544342	139.944351	12	-0.138	-1.734	9.990	12.787
1418197600368	37.544353	139.944351	12	-0.076	-1.726	9.947	12.711
1418197600469	37.544365	139.944351	12	-0.066	-1.760	10.034	12.635
1418197600565	37.544377	139.944352	12	-0.039	-1.723	10.000	12.563
1418197600666	37.544389	139.944352	12	-0.008	-1.725	10.032	12.488
1418197600766	37.544400	139.944352	12	-0.014	-1.733	10.012	12.414
1418197600867	37.544412	139.944352	12	-0.016	-1.736	9.998	12.340
1418197600968	37.544423	139.944352	12	0.011	-1.720	10.003	12.266
1418197601068	37.544433	139.944353	12	-0.046	-1.640	9.951	12.010
1418197601169	37.544441	139.944354	12	-0.096	-1.583	9.816	11.707
1418197601265	37.544449	139.944355	12	-0.080	-1.603	9.813	11.424
1418197601365	37.544458	139.944356	12	-0.081	-1.629	9.935	11.137
1418197601466	37.544466	139.944358	12	-0.105	-1.646	10.087	10.854
1418197601567	37.544473	139.944359	12	-0.129	-1.616	10.016	10.578
1418197601668	37.544481	139.944360	12	-0.177	-1.576	10.008	10.310
1418197601768	37.544488	139.944361	12	-0.237	-1.599	10.168	10.050
1418197601869	37.544496	139.944362	12	-0.307	-1.581	10.101	9.796
1418197601965	37.544502	139.944363	12	-0.343	-1.543	9.954	9.560
1418197602065	37.544510	139.944364	10	-0.335	-1.493	9.959	9.356
1418197602166	37.544518	139.944365	10	-0.314	-1.513	9.972	9.166
1418197602267	37.544526	139.944367	10	-0.282	-1.574	10.099	8.980
1418197602367	37.544534	139.944368	10	-0.280	-1.536	10.087	8.799
1418197602468	37.544542	139.944370	10	-0.225	-1.508	10.036	8.619
1418197602569	37.544549	139.944371	10	-0.202	-1.465	9.925	8.443
1418197602665	37.544556	139.944372	10	-0.200	-1.466	9.872	8.280
1418197602765	37.544563	139.944373	10	-0.210	-1.522	9.902	8.113
1418197602866	37.544571	139.944375	10	-0.239	-1.559	10.240	7.948
1418197602967	37.544577	139.944376	10	-0.246	-1.562	10.173	7.786
1418197603067	37.544583	139.944377	10	-0.226	-1.482	9.937	7.599
1418197603168	37.544589	139.944378	10	-0.208	-1.471	9.986	7.406
1418197603269	37.544594	139.944380	10	-0.190	-1.503	9.975	7.217
1418197603365	37.544599	139.944381	10	-0.137	-1.502	10.011	7.042
1418197603465	37.544604	139.944382	10	-0.154	-1.495	10.041	6.863
1418197603566	37.544609	139.944383	10	-0.181	-1.495	9.907	6.688
1418197603667	37.544614	139.944384	10	-0.093	-1.479	9.840	6.517
1418197603767	37.544618	139.944386	10	-0.056	-1.512	10.007	6.352
1418197603868	37.544623	139.944387	10	0.029	-1.519	10.068	6.190
1418197603969	37.544627	139.944388	10	0.114	-1.438	9.899	6.032
1418197604069	37.544632	139.944388	10	0.141	-1.292	9.907	5.891
1418197604165	37.544637	139.944388	10	0.218	-1.212	10.173	5.760
1418197604266	37.544641	139.944387	10	0.268	-1.144	9.933	5.626
1418197604367	37.544646	139.944387	10	0.241	-1.113	9.883	5.495
1418197604467	37.544651	139.944387	10	0.210	-1.058	10.042	5.367
1418197604568	37.544655	139.944387	10	0.168	-1.047	10.060	5.242
1418197604669	37.544660	139.944387	10	0.129	-1.052	10.035	5.120
1418197604769	37.544664	139.944386	10	0.114	-1.032	10.078	5.001
1418197604865	37.544668	139.944386	10	0.083	-1.015	10.080	4.890
1418197604966	37.544672	139.944386	10	-0.033	-1.037	10.100	4.777
1418197605066	37.544675	139.944387	10	-0.163	-1.012	9.898	4.616
1418197605167	37.544679	139.944388	10	-0.178	-0.985	9.870	4.444
1418197605268	37.544682	139.944389	10	-0.119	-0.972	10.012	4.277
1418197605369	37.544685	139.944390	10	-0.058	-0.990	10.045	4.115
1418197605469	37.544688	139.944391	10	-0.051	-0.940	9.939	3.961
1418197605565	37.544690	139.944392	10	-0.042	-0.844	9.932	3.819
1418197605666	37.544693	139.944393	10	-0.075	-0.820	10.134	3.674
1418197605766	37.544696	139.944394	10	-0.153	-0.837	10.186	3.537
1418197605867	37.544698	139.944395	10	-0.157	-0.819	10.118	3.404
1418197605968	37.544700	139.944396	10	-0.069	-0.738	9.987	3.277
1418197606068	37.544703	139.944397	10	0.048	-0.743	9.943	3.159
1418197606169	37.544705	139.944398	10	0.097	-0.775	9.914	3.044
1418197606265	37.544707	139.944399	10	0.068	-0.822	9.986	2.939
1418197606366	37.544709	139.944400	10	0.039	-0.834	10.101	2.831
1418197606466	37.544710	139.944401	10	0.016	-0.816	10.035	2.729
1418197606567	37.544712	139.944402	10	-0.028	-0.784	9.955	2.629
1418197606668	37.544714	139.944403	10	-0.026	-0.756	9.981	2.532
1418197606768	37.544716	139.944404	10	-0.019	-0.765	10.096	2.441
1418197606869	37.544717	139.944405	10	-0.010	-0.792	10.113	2.352
1418197606965	37.544719	139.944406	10	0.009	-0.833	10.035	2.271
1418197607065	37.544720	139.944407	10	0.089	-0.809	9.934	2.183
1418197607166	37.544722	139.944407	10	0.138	-0.786	9.893	2.096
1418197607267	37.544723	139.944408	10	0.171	-0.801	10.023	2.012
1418197607368	37.544725	139.944409	10	0.160	-0.773	10.117	1.931
1418197607468	37.544726	139.944409	10	0.092	-0.686	9.971	1.854
1418197607569	37.544727	139.944410	10	0.002	-0.598	9.838	1.779
1418197607665	37.544728	139.944410	10	-0.076	-0.569	9.864	1.711
1418197607765	37.544730	139.944411	10	-0.061	-0.545	10.000	1.643
1418197607866	37.544731	139.944411	10	-0.018	-0.554	10.109	1.577
1418197607967	37.544732	139.944412	10	0.059	-0.547	10.127	1.514
1418197608067	37.544732	139.944412	10	0.157	-0.524	10.037	1.424
1418197608168	37.544732	139.944412	10	0.200	-0.507	9.991	1.330
1418197608269	37.544732	139.944413	10	0.174	-0.503	10.050	1.240
1418197608365	37.544732	139.944413	10	0.124	-0.499	9.994	1.160
1418197608465	37.544731	139.944413	10	0.060	-0.495	9.921	1.081
1418197608566	37.544731	139.944413	10	0.043	-0.487	9.986	1.007
1418197608667	37.544731	139.944413	10	0.067	-0.499	10.025	0.938
1418197608767	37.544731	139.944414	10	0.079	-0.502	9.989	0.874
1418197608868	37.544731	139.944414	10	0.077	-0.493	10.002	0.815
1418197608969	37.544731	139.944414	10	0.047	-0.480	10.026	0.761
1418197609069	37.544731	139.944414	10	0.031	-0.471	10.040	0.636
1418197609170	37.544731	139.944415	10	0.074	-0.437	10.101	0.504
1418197609266	37.544731	139.944415	10	0.111	-0.342	10.161	0.393
1418197609365	37.544732	139.944416	10	0.152	-0.219	10.124	0.293
1418197609467	37.544732	139.944416	10	0.204	-0.125	10.010	0.205
1418197609566	37.544732	139.944416	10	0.232	-0.082	9.931	0.135
1418197609669	37.544732	139.944417	10	0.233	-0.077	9.951	0.077
1418197609768	37.544732	139.944417	10	0.231	-0.096	10.046	0.037
1418197609865	37.544732	139.944417	10	0.214	-0.090	10.039	0.012
1418197609966	37.544732	139.944417	10	0.182	-0.084	9.939	0.000
1418197641966	37.544818	139.944386	10	0.244	0.121	10.090	3.000
1418197642067	37.544818	139.944382	10	-0.368	-0.121	9.946	3.019
1418197642167	37.544818	139.944378	10	-0.701	-0.343	10.074	3.043
1418197642268	37.544819	139.944374	10	-0.745	-0.485	10.097	3.067
1418197642369	37.544819	139.944371	10	-0.781	-0.559	10.295	3.092
1418197642469	37.544819	139.944367	10	-0.921	-0.630	10.439	3.117
1418197642565	37.544819	139.944363	10	-1.107	-0.639	10.302	3.141
1418197642666	37.544819	139.944359	10	-1.210	-0.575	9.842	3.167
1418197642767	37.544820	139.944355	10	-1.168	-0.519	9.758	3.193
1418197642867	37.544820	139.944351	10	-0.976	-0.526	10.187	3.218
1418197662964	37.544912	139.942235	11	-0.740	-0.495	10.411	12.493
1418197666967	37.544928	139.941662	11	-0.718	-0.487	10.400	12.750
1418197667067	37.544928	139.941648	11	-0.235	-0.268	10.168	12.750
1418197667168	37.544928	139.941633	11	0.036	-0.075	9.781	12.750
1418197667269	37.544928	139.941619	11	0.178	-0.005	9.744	12.750
1418197667369	37.544928	139.941604	11	0.239	-0.021	9.979	12.750
1418197667465	37.544928	139.941591	11	0.278	-0.049	10.097	12.750
1418197667566	37.544927	139.941576	11	0.284	-0.072	10.301	12.750
1418197667667	37.544927	139.941562	11	0.275	-0.059	10.273	12.750
1418197667767	37.544927	139.941547	11	0.284	-0.041	10.100	12.750
1418197667868	37.544927	139.941533	11	0.340	-0.042	10.218	12.750
1418197667969	37.544927	139.941518	11	0.365	-0.090	10.272	12.750
1418197668069	37.544927	139.941504	12	0.336	-0.037	10.061	12.730
1418197668165	37.544928	139.941491	12	0.328	0.042	9.769	12.706
1418197668266	37.544928	139.941477	12	0.293	0.025	9.764	12.681
1418197668366	37.544929	139.941463	12	0.270	-0.125	9.902	12.655
1418197668467	37.544929	139.941449	12	0.242	-0.288	10.146	12.630
1418197668568	37.544930	139.941435	12	0.268	-0.252	10.412	12.605
1418197668669	37.544930	139.941422	12	0.224	-0.232	10.379	12.580
1418197668769	37.544931	139.941408	12	0.190	-0.150	10.103	12.555
1418197668865	37.544931	139.941395	12	0.167	-0.059	9.894	12.531
1418197668966	37.544932	139.941381	12	0.207	0.005	9.873	12.506
1418197683966	37.544973	139.939151	11	0.213	0.006	9.885	13.500
1418197690965	37.545011	139.938110	10	0.221	0.010	9.894	13.000
1418197691066	37.545011	139.938095	10	0.204	-0.006	9.868	12.981
1418197691167	37.545012	139.938080	10	0.167	-0.091	10.018	12.955
1418197691267	37.545012	139.938066	10	0.142	-0.070	10.090	12.930
1418197691368	37.545013	139.938051	10	0.074	-0.114	10.128	12.905
1418197691469	37.545013	139.938036	10	0.029	-0.095	10.182	12.880
1418197691565	37.545013	139.938022	10	0.041	-0.118	10.228	12.856
1418197691665	37.545014	139.938008	10	0.048	-0.074	9.998	12.831
1418197691766	37.545014	139.937993	10	0.081	0.073	9.366	12.806
1418197691867	37.545015	139.937979	10	-0.046	0.153	9.188	12.780
1418197691967	37.545015	139.937964	10	0.096	-0.092	9.925	12.756
1418197692068	37.545016	139.937951	10	0.180	-0.316	10.887	12.730
1418197692169	37.545016	139.937937	10	0.255	-0.353	11.049	12.705
1418197692270	37.545017	139.937924	10	0.293	-0.227	10.520	12.680
1418197692365	37.545018	139.937911	10	0.289	-0.007	9.832	12.656
1418197692466	37.545018	139.937898	10	0.415	0.081	9.348	12.630
1418197692567	37.545019	139.937885	10	0.484	0.085	9.281	12.605
1418197692667	37.545020	139.937871	10	0.453	-0.052	9.886	12.580
1418197692768	37.545020	139.937858	10	0.508	-0.210	10.210	12.555
1418197692869	37.545021	139.937845	10	0.302	-0.151	10.268	12.530
1418197692969	37.545022	139.937832	10	0.174	-0.297	10.795	12.505
1418197693065	37.545022	139.937818	10	0.087	-0.220	10.547	12.519
1418197693166	37.545023	139.937804	10	0.219	-0.024	9.662	12.544
1418197693266	37.545024	139.937789	10	0.185	0.058	9.580	12.569
1418197693367	37.545024	139.937774	10	0.219	0.112	9.891	12.594
1418197693468	37.545025	139.937760	10	0.229	-0.116	10.234	12.619
1418197693569	37.545025	139.937745	10	0.317	-0.208	10.029	12.644
1418197693669	37.545026	139.937730	10	0.333	-0.128	9.945	12.669
1418197693765	37.545027	139.937716	10	0.319	-0.088	10.106	12.693
1418197693866	37.545027	139.937701	10	0.270	-0.077	9.658	12.719
1418197693966	37.545028	139.937687	10	0.257	-0.037	9.765	12.744
1418197694067	37.545028	139.937673	10	0.337	-0.157	10.297	12.711
1418197694168	37.545028	139.937659	10	0.393	-0.253	10.548	12.660
1418197694269	37.545029	139.937646	10	0.387	-0.253	10.478	12.608
1418197694369	37.545029	139.937633	10	0.367	-0.132	10.085	12.558
1418197694465	37.545029	139.937621	10	0.355	-0.001	9.497	12.510
1418197694571	37.545029	139.937607	10	0.283	-0.010	9.434	12.457
1418197694666	37.545029	139.937595	10	0.307	-0.040	9.908	12.410
1418197694765	37.545030	139.937582	10	0.315	-0.149	10.303	12.361
1418197694868	37.545030	139.937569	10	0.358	-0.234	10.380	12.310
1418197698967	37.545046	139.937031	10	0.426	-0.137	10.148	11.256
1418197700966	37.545036	139.936787	12	0.430	-0.139	10.146	10.756
1418197701066	37.545036	139.936774	11	0.426	-0.199	10.064	10.731
1418197701167	37.545035	139.936761	11	0.366	-0.167	10.159	10.705
1418197701268	37.545035	139.936748	11	0.326	-0.206	10.324	10.680
1418197701368	37.545035	139.936735	11	0.339	-0.130	10.017	10.655
1418197701469	37.545035	139.936722	11	0.270	-0.111	10.103	10.630
1418197701565	37.545034	139.936710	11	0.190	-0.086	9.991	10.606
1418197701666	37.545034	139.936697	11	0.140	-0.028	9.889	10.580
1418197701766	37.545034	139.936684	11	0.090	-0.037	9.847	10.555
1418197701867	37.545033	139.936672	11	0.107	-0.121	10.102	10.530
1418197701968	37.545033	139.936659	11	0.208	-0.225	10.651	10.505
1418197702068	37.545034	139.936647	13	0.135	-0.290	10.813	10.480
1418197702169	37.545035	139.936635	13	0.054	-0.183	10.343	10.454
1418197702265	37.545037	139.936623	13	0.083	-0.048	9.790	10.430
1418197702366	37.545038	139.936612	13	0.190	0.060	9.464	10.404
1418197702466	37.545040	139.936600	13	0.248	0.067	9.560	10.379
1418197702567	37.545041	139.936588	13	0.280	-0.047	9.861	10.353
1418197702668	37.545042	139.936576	13	0.174	-0.217	10.457	10.328
1418197702768	37.545044	139.936564	13	0.142	-0.272	10.682	10.303
1418197702869	37.545045	139.936553	13	0.185	-0.201	10.426	10.277
1418197702965	37.545046	139.936541	13	0.260	-0.107	10.163	10.253
1418197703065	37.545048	139.936530	13	0.269	-0.053	9.847	10.228
1418197703166	37.545049	139.936518	13	0.230	0.002	9.579	10.203
1418197703267	37.545050	139.936507	13	0.185	-0.035	9.782	10.178
1418197703367	37.545052	139.936495	13	0.190	-0.087	9.928	10.153
1418197703468	37.545053	139.936483	13	0.130	-0.112	9.822	10.128
1418197703569	37.545054	139.936472	13	0.122	-0.164	10.151	10.103
1418197703665	37.545056	139.936461	13	0.116	-0.213	10.482	10.080
1418197703765	37.545057	139.936450	13	0.001	-0.129	10.203	10.055
1418197703866	37.545058	139.936438	13	-0.005	-0.025	9.812	10.030
1418197703967	37.545060	139.936427	13	0.007	0.011	9.922	10.006
1418197704067	37.545060	139.936415	13	0.065	-0.009	9.906	9.981
1418197704168	37.545060	139.936402	13	0.149	-0.099	10.004	9.955
1418197704269	37.545060	139.936390	13	0.115	-0.076	9.791	9.930
1418197704370	37.545060	139.936378	13	0.211	-0.039	9.947	9.904
1418197704465	37.545060	139.936367	13	0.328	-0.074	10.143	9.880
1418197704566	37.545061	139.936355	13	0.291	-0.039	9.786	9.855
1418197704667	37.545061	139.936342	13	0.347	-0.215	10.180	9.830
1418197704767	37.545061	139.936330	13	0.470	-0.385	11.056	9.805
1418197704868	37.545061	139.936318	13	0.595	-0.376	10.845	9.780
1418197719964	37.545182	139.934577	17	0.655	-0.170	9.982	10.506
1418197725966	37.545181	139.933906	13	0.631	-0.149	9.958	10.494
1418197726067	37.545180	139.933893	14	0.223	-0.135	10.356	10.500
1418197726168	37.545179	139.933880	14	0.054	-0.199	10.582	10.500
1418197726269	37.545178	139.933866	14	-0.026	-0.115	10.309	10.500
1418197726369	37.545176	139.933853	14	0.011	-0.017	9.799	10.500
1418197726465	37.545175	139.933841	14	0.096	0.060	9.534	10.500
1418197726566	37.545174	139.933828	14	0.184	-0.000	9.650	10.500
1418197726666	37.545173	139.933814	14	0.263	-0.078	9.843	10.500
1418197726767	37.545172	139.933801	14	0.360	-0.196	10.369	10.500
1418197726868	37.545170	139.933788	14	0.329	-0.282	10.636	10.500
1418197726968	37.545169	139.933775	14	0.169	-0.233	10.383	10.500
1418197727069	37.545168	139.933762	14	0.069	-0.128	9.936	10.500
1418197727165	37.545166	139.933750	14	-0.048	0.003	9.683	10.500
1418197727266	37.545164	139.933737	14	-0.147	0.030	9.580	10.500
1418197727366	37.545163	139.933724	14	-0.129	0.028	9.601	10.500
1418197727467	37.545161	139.933711	14	-0.168	-0.076	10.131	10.500
1418197727568	37.545159	139.933698	14	-0.178	-0.116	10.442	10.500
1418197727668	37.545157	139.933685	14	-0.128	-0.096	10.133	10.500
1418197727769	37.545156	139.933672	14	-0.071	-0.059	9.892	10.500
1418197727865	37.545154	139.933660	14	-0.035	-0.010	9.916	10.500
1418197727965	37.545152	139.933647	14	-0.045	-0.048	10.031	10.500
1418197728066	37.545153	139.933635	14	-0.070	-0.131	10.161	10.481
1418197728167	37.545154	139.933624	14	-0.016	-0.131	10.219	10.455
1418197728268	37.545155	139.933613	14	0.018	-0.075	10.061	10.430
1418197728368	37.545157	139.933601	14	0.000	0.042	9.703	10.405
1418197728469	37.545158	139.933590	14	0.003	0.075	9.541	10.379
1418197728565	37.545159	139.933579	14	0.026	-0.028	9.851	10.356
1418197728665	37.545160	139.933568	14	0.082	-0.129	10.204	10.331
1418197728766	37.545161	139.933557	14	0.145	-0.148	10.244	10.305
1418197728867	37.545163	139.933546	14	0.118	-0.128	10.108	10.280
1418197728968	37.545164	139.933534	14	0.134	-0.026	9.988	10.255
1418197729068	37.545164	139.933523	12	0.122	-0.058	10.027	10.269
1418197729169	37.545163	139.933511	12	0.138	-0.072	9.984	10.294
1418197729265	37.545163	139.933500	12	0.154	-0.099	10.084	10.318
1418197729365	37.545163	139.933488	12	0.091	-0.073	10.157	10.343
1418197729466	37.545162	139.933476	12	0.078	-0.089	10.060	10.368
1418197729567	37.545162	139.933464	12	0.041	-0.103	10.041	10.394
1418197729667	37.545161	139.933452	12	-0.025	-0.085	10.214	10.419
1418197729768	37.545161	139.933440	12	-0.037	-0.074	10.233	10.444
1418197729869	37.545160	139.933428	12	-0.125	-0.106	10.101	10.469
1418197729965	37.545160	139.933416	12	-0.125	-0.162	10.334	10.494
1418197730065	37.545161	139.933404	12	-0.175	-0.038	9.495	10.500
1418197730166	37.545163	139.933392	12	-0.095	0.006	9.358	10.500
1418197730267	37.545164	139.933380	12	0.025	-0.047	9.750	10.500
1418197730367	37.545166	139.933369	12	-0.001	-0.187	10.066	10.500
1418197730468	37.545168	139.933357	12	0.018	-0.070	10.208	10.500
1418197730569	37.545169	139.933345	12	-0.071	-0.257	10.346	10.500
1418197730670	37.545171	139.933333	12	-0.045	-0.241	10.622	10.500
1418197730765	37.545172	139.933322	12	0.044	-0.100	10.353	10.500
1418197730866	37.545174	139.933310	12	0.060	-0.057	9.831	10.500
1418197730967	37.545176	139.933298	12	-0.015	-0.009	9.788	10.500
1418197731067	37.545177	139.933285	12	0.009	-0.059	10.172	10.500
1418197731168	37.545178	139.933272	12	-0.019	-0.061	9.970	10.500
1418197731269	37.545179	139.933260	12	-0.047	-0.043	9.736	10.500
1418197731369	37.545179	139.933247	12	-0.077	0.056	9.529	10.500
1418197731465	37.545180	139.933235	12	-0.050	0.089	9.310	10.500
1418197731566	37.545181	139.933222	12	0.036	-0.143	10.183	10.500
1418197731666	37.545182	139.933209	12	-0.047	-0.325	11.015	10.500
1418197731767	37.545183	139.933196	12	-0.082	-0.301	10.515	10.500
1418197731868	37.545184	139.933183	12	-0.042	-0.177	9.999	10.500
1418197731969	37.545185	139.933171	12	-0.012	-0.069	9.774	10.500
1418197732069	37.545185	139.933160	12	-0.066	0.090	9.372	10.480
1418197732165	37.545185	139.933150	12	-0.084	0.009	9.445	10.456
1418197732266	37.545185	139.933140	12	-0.121	-0.094	9.961	10.430
1418197732366	37.545185	139.933129	12	-0.066	-0.229	10.595	10.405
1418197732467	37.545185	139.933119	12	-0.087	-0.176	10.450	10.380
1418197732568	37.545186	139.933109	12	-0.038	-0.048	9.914	10.355
1418197732668	37.545186	139.933099	12	-0.020	-0.064	9.802	10.330
1418197732769	37.545186	139.933088	12	0.010	-0.069	10.030	10.305
1418197732865	37.545186	139.933079	12	0.070	-0.150	10.335	10.281
1418197732966	37.545186	139.933068	12	0.059	-0.214	10.488	10.256
1418197733066	37.545186	139.933057	12	0.035	-0.098	10.278	10.250
1418197733167	37.545185	139.933045	12	0.041	-0.062	10.069	10.250
1418197733268	37.545185	139.933033	12	0.122	0.120	9.317	10.250
1418197733368	37.545185	139.933021	12	0.062	0.062	9.288	10.250
1418197733469	37.545185	139.933009	12	0.099	-0.015	9.793	10.250
1418197733565	37.545184	139.932997	12	0.097	-0.148	10.414	10.250
1418197733666	37.545184	139.932985	12	0.187	-0.363	10.809	10.250
1418197733766	37.545184	139.932973	12	0.122	-0.275	10.560	10.250
1418197733867	37.545183	139.932961	12	0.003	-0.103	9.971	10.250
1418197733968	37.545183	139.932949	12	0.017	0.003	9.835	10.250
1418197734068	37.545183	139.932937	12	0.031	0.039	9.615	10.250
1418197734169	37.545182	139.932925	12	0.098	-0.020	9.483	10.250
1418197734265	37.545182	139.932913	12	0.028	-0.191	9.807	10.250
1418197734366	37.545182	139.932901	12	-0.043	-0.375	10.417	10.250
1418197734466	37.545182	139.932889	12	-0.095	-0.421	10.435	10.250
1418197734567	37.545181	139.932877	12	-0.091	-0.411	10.293	10.250
1418197734668	37.545181	139.932865	12	-0.071	-0.376	10.014	10.250
1418197734768	37.545181	139.932853	12	-0.029	-0.383	9.761	10.250
1418197734869	37.545180	139.932841	12	0.079	-0.381	9.830	10.250
1418197734965	37.545180	139.932829	12	0.056	-0.304	9.795	10.250
1418197735065	37.545180	139.932818	12	0.098	-0.354	9.963	10.231
1418197735166	37.545180	139.932807	12	0.157	-0.399	10.060	10.206
1418197735267	37.545180	139.932796	12	0.086	-0.379	9.930	10.180
1418197735368	37.545180	139.932785	12	0.011	-0.317	9.932	10.155
1418197735468	37.545180	139.932775	12	0.045	-0.293	9.973	10.130
1418197735569	37.545180	139.932764	12	-0.015	-0.302	9.932	10.104
1418197735665	37.545180	139.932753	12	-0.124	-0.340	10.029	10.081
1418197735765	37.545180	139.932743	12	-0.084	-0.334	10.100	10.056
1418197735866	37.545180	139.932732	12	-0.023	-0.305	10.165	10.031
1418197735967	37.545180	139.932721	12	0.021	-0.269	10.064	10.006
1418197736067	37.545180	139.932710	11	0.045	-0.287	9.966	9.981
1418197736168	37.545180	139.932699	11	0.152	-0.237	10.011	9.955
1418197736269	37.545181	139.932688	11	0.291	-0.143	9.834	9.930
1418197736365	37.545181	139.932677	11	0.352	-0.103	9.682	9.906
1418197736465	37.545181	139.932666	11	0.384	-0.115	9.705	9.880
1418197736566	37.545181	139.932655	11	0.440	-0.204	10.126	9.855
1418197736667	37.545181	139.932644	11	0.530	-0.289	10.461	9.830
1418197736767	37.545182	139.932633	11	0.492	-0.242	10.297	9.805
1418197736878	37.545182	139.932620	11	0.384	-0.118	9.881	9.778
1418197736969	37.545182	139.932610	11	0.222	-0.015	9.827	9.755
1418197737069	37.545183	139.932599	12	0.216	0.044	9.946	9.770
1418197737165	37.545185	139.932589	12	0.257	0.105	9.868	9.793
1418197737271	37.545187	139.932577	12	0.203	0.085	10.089	9.820
1418197737367	37.545189	139.932566	12	0.244	0.066	10.626	9.844
1418197737466	37.545191	139.932555	12	0.273	0.073	10.526	9.868
1418197737568	37.545192	139.932544	12	0.170	0.158	9.840	9.894
1418197737667	37.545194	139.932532	12	0.195	0.180	10.046	9.919
1418197737769	37.545196	139.932521	12	0.289	0.147	10.339	9.944
1418197737865	37.545198	139.932510	12	0.372	0.178	9.901	9.968
1418197737966	37.545200	139.932499	12	0.532	0.171	9.708	9.994
1418197739965	37.545219	139.932267	10	0.538	0.163	9.729	10.244
1418197743963	37.545260	139.931817	12	0.542	0.150	9.747	10.243
1418197743968	37.545260	139.931817	12	0.539	0.136	9.763	10.244
1418197744069	37.545260	139.931805	11	0.261	-0.005	9.788	10.250
1418197744169	37.545260	139.931793	11	0.090	-0.019	9.830	10.250
1418197744265	37.545259	139.931782	11	-0.056	-0.087	10.138	10.250
1418197744366	37.545259	139.931771	11	-0.039	-0.093	10.152	10.250
1418197744467	37.545259	139.931759	11	-0.063	-0.109	10.132	10.250
1418197744567	37.545259	139.931748	11	-0.037	-0.100	10.276	10.250
1418197744668	37.545259	139.931736	11	-0.115	-0.110	10.240	10.250
1418197744769	37.545258	139.931724	11	-0.092	-0.072	10.046	10.250
1418197744869	37.545258	139.931713	11	-0.074	-0.049	10.028	10.250
1418197744965	37.545258	139.931702	11	-0.115	-0.036	10.030	10.250
1418197745066	37.545258	139.931691	11	-0.155	-0.024	9.993	10.211
1418197745166	37.545259	139.931679	11	-0.144	-0.058	10.010	10.160
1418197745267	37.545259	139.931668	11	-0.143	-0.015	9.972	10.109
1418197745368	37.545259	139.931657	11	-0.162	-0.022	10.007	10.058
1418197745469	37.545259	139.931646	11	-0.191	-0.080	10.165	10.007
1418197745569	37.545260	139.931635	11	-0.207	-0.069	10.120	9.957
1418197745665	37.545260	139.931625	11	-0.146	-0.096	10.133	9.910
1418197745766	37.545260	139.931614	11	-0.085	-0.051	10.034	9.860
1418197745866	37.545261	139.931603	11	-0.097	-0.034	9.934	9.811
1418197745967	37.545261	139.931592	11	-0.081	-0.003	9.941	9.761
1418197746068	37.545261	139.931581	12	-0.061	-0.083	10.062	9.769
1418197746168	37.545262	139.931569	12	-0.035	-0.071	10.156	9.794
1418197746269	37.545262	139.931557	12	0.042	-0.082	10.079	9.819
1418197746365	37.545262	139.931545	12	0.018	-0.059	9.975	9.843
1418197746465	37.545262	139.931533	12	-0.081	-0.064	10.072	9.868
1418197746566	37.545263	139.931521	12	-0.141	-0.041	10.038	9.893
1418197746667	37.545263	139.931509	12	-0.188	-0.012	9.830	9.919
1418197746768	37.545263	139.931497	12	-0.300	0.009	9.916	9.944
1418197746868	37.545264	139.931485	12	-0.343	0.031	9.884	9.969
1418197746969	37.545264	139.931473	12	-0.353	0.008	9.799	9.995
1418197747065	37.545264	139.931460	14	-0.425	-0.059	10.038	10.019
1418197747165	37.545263	139.931447	14	-0.507	-0.166	10.622	10.043
1418197747266	37.545263	139.931433	14	-0.512	-0.148	10.519	10.068
1418197747367	37.545262	139.931420	14	-0.557	-0.052	9.973	10.094
1418197747467	37.545262	139.931406	14	-0.534	0.119	9.543	10.118
1418197747568	37.545262	139.931392	14	-0.552	0.118	9.672	10.144
1418197747669	37.545261	139.931379	14	-0.587	0.065	9.851	10.169
1418197747765	37.545261	139.931366	14	-0.599	-0.024	10.129	10.193
1418197747865	37.545261	139.931352	14	-0.628	-0.115	10.452	10.218
1418197747966	37.545260	139.931338	14	-0.609	-0.121	10.502	10.244
1418197748067	37.545260	139.931327	14	-0.528	-0.027	10.094	10.211
1418197748167	37.545259	139.931317	14	-0.469	0.010	9.705	10.160
1418197748268	37.545259	139.931307	14	-0.461	0.008	9.889	10.108
1418197748369	37.545259	139.931297	14	-0.503	-0.051	10.133	10.058
1418197748465	37.545259	139.931287	14	-0.515	-0.085	10.008	10.009
1418197748565	37.545258	139.931277	14	-0.511	-0.151	9.687	9.959
1418197748666	37.545258	139.931267	14	-0.530	-0.188	9.614	9.909
1418197748767	37.545258	139.931257	14	-0.588	-0.303	9.756	9.859
1418197748867	37.545257	139.931247	14	-0.628	-0.428	10.015	9.810
1418197748968	37.545257	139.931237	14	-0.629	-0.541	10.307	9.761
1418197749069	37.545257	139.931225	11	-0.638	-0.561	10.291	9.710
1418197749169	37.545257	139.931213	11	-0.512	-0.500	10.075	9.659
1418197749265	37.545257	139.931201	11	-0.431	-0.590	10.262	9.610
1418197749366	37.545257	139.931189	11	-0.323	-0.596	10.232	9.559
1418197749467	37.545257	139.931176	11	-0.370	-0.601	10.152	9.508
1418197749567	37.545256	139.931164	11	-0.372	-0.650	10.111	9.458
1418197749668	37.545256	139.931152	11	-0.223	-0.749	10.265	9.408
1418197749769	37.545256	139.931140	11	-0.190	-0.697	9.755	9.358
1418197749869	37.545256	139.931128	11	-0.081	-0.742	9.707	9.309
1418197749965	37.545256	139.931117	11	-0.019	-0.886	10.163	9.262
1418197750066	37.545256	139.931107	11	-0.072	-0.960	10.273	9.170
1418197750167	37.545255	139.931098	11	-0.053	-1.007	10.012	9.065
1418197750267	37.545254	139.931089	11	-0.003	-1.094	10.145	8.962
1418197750368	37.545254	139.931080	11	0.020	-1.150	10.445	8.859
1418197750469	37.545253	139.931072	11	0.021	-1.051	10.037	8.757
1418197750569	37.545252	139.931063	11	-0.006	-0.986	9.301	8.657
1418197750665	37.545252	139.931055	11	0.014	-0.952	9.353	8.562
1418197750766	37.545251	139.931046	11	0.018	-1.032	9.796	8.464
1418197750866	37.545251	139.931038	11	0.011	-1.150	10.186	8.368
1418197750967	37.545250	139.931030	11	0.020	-1.252	10.324	8.272
1418197751068	37.545249	139.931021	10	-0.044	-1.230	10.058	8.145
1418197751169	37.545248	139.931013	10	-0.149	-1.168	9.987	8.011
1418197751269	37.545248	139.931005	10	-0.246	-1.058	9.908	7.881
1418197751370	37.545247	139.930996	10	-0.348	-0.986	9.719	7.751
1418197751466	37.545246	139.930989	10	-0.370	-0.964	9.685	7.629
1418197751565	37.545245	139.930981	10	-0.306	-1.025	9.908	7.506
1418197751667	37.545244	139.930973	10	-0.331	-1.102	10.383	7.381
1418197751766	37.545244	139.930966	10	-0.356	-1.096	10.375	7.262
1418197751868	37.545243	139.930958	10	-0.341	-1.029	10.089	7.142
1418197751968	37.545242	139.930951	10	-0.267	-0.958	9.933	7.025
1418197752065	37.545241	139.930944	10	-0.237	-0.965	9.907	6.898
1418197752166	37.545240	139.930937	10	-0.208	-0.984	9.966	6.762
1418197752267	37.545239	139.930931	10	-0.240	-1.003	10.015	6.629
1418197752367	37.545238	139.930924	10	-0.196	-0.970	9.878	6.500
1418197752468	37.545237	139.930918	10	-0.257	-0.990	9.955	6.372
1418197752568	37.545237	139.930912	10	-0.274	-0.977	10.003	6.248
1418197752669	37.545236	139.930906	10	-0.222	-1.028	9.882	6.125
1418197752765	37.545235	139.930900	10	-0.143	-1.061	9.936	6.010
1418197752865	37.545234	139.930894	10	-0.042	-1.103	9.938	5.893
1418197752966	37.545233	139.930888	10	-0.007	-1.203	10.179	5.777
1418197753067	37.545232	139.930883	11	-0.024	-1.091	9.441	5.689
1418197753168	37.545231	139.930877	11	-0.014	-1.322	9.680	5.609
1418197753268	37.545230	139.930872	11	0.057	-1.551	10.312	5.531
1418197753369	37.545229	139.930866	11	0.042	-1.744	10.479	5.453
1418197753465	37.545228	139.930861	11	0.022	-1.788	10.247	5.381
1418197753565	37.545227	139.930856	11	-0.050	-1.724	9.900	5.306
1418197753666	37.545226	139.930851	11	-0.106	-1.639	9.648	5.232
1418197753767	37.545225	139.930846	11	-0.149	-1.666	9.971	5.158
1418197753868	37.545224	139.930841	11	-0.099	-1.630	9.999	5.086
1418197753968	37.545223	139.930836	11	0.046	-1.540	9.863	5.015
1418197754069	37.545223	139.930832	11	0.045	-1.525	10.169	4.888
1418197754165	37.545224	139.930828	11	0.051	-1.397	10.287	4.755
1418197754265	37.545224	139.930824	11	-0.003	-1.287	9.825	4.621
1418197754366	37.545224	139.930820	11	-0.071	-1.299	9.565	4.488
1418197754467	37.545225	139.930816	11	-0.105	-1.359	9.908	4.359
1418197754567	37.545225	139.930812	11	-0.062	-1.390	10.199	4.235
1418197754668	37.545225	139.930809	11	-0.028	-1.435	10.220	4.114
1418197754769	37.545225	139.930805	11	0.015	-1.418	10.012	3.996
1418197754865	37.545226	139.930802	11	0.018	-1.411	9.855	3.887
1418197754965	37.545226	139.930799	11	-0.043	-1.410	9.832	3.777
1418197755066	37.545227	139.930796	12	-0.087	-1.358	9.732	3.547
1418197755167	37.545229	139.930794	12	-0.186	-1.379	9.830	3.290
1418197755267	37.545230	139.930791	12	-0.236	-1.442	10.196	3.050
1418197755368	37.545232	139.930789	12	-0.207	-1.483	10.338	2.823
1418197755469	37.545233	139.930787	12	-0.112	-1.453	10.062	2.611
1418197755569	37.545234	139.930785	12	0.010	-1.455	9.818	2.415
1418197755665	37.545235	139.930784	12	0.081	-1.465	9.910	2.240
1418197755766	37.545236	139.930782	12	0.016	-1.465	10.103	2.072
1418197755867	37.545237	139.930781	12	-0.097	-1.376	10.106	1.918
1418197755967	37.545238	139.930779	12	-0.164	-1.224	10.002	1.780
1418197756068	37.545238	139.930777	12	-0.124	-1.070	9.931	1.552
1418197756169	37.545237	139.930775	12	-0.011	-0.966	9.933	1.316
1418197756269	37.545237	139.930773	12	0.111	-0.905	9.974	1.105
1418197756365	37.545237	139.930772	12	0.159	-0.878	9.973	0.924
1418197756466	37.545237	139.930770	12	0.088	-0.838	9.970	0.755
1418197756567	37.545236	139.930769	12	-0.035	-0.775	9.977	0.610
1418197756667	37.545236	139.930768	12	-0.072	-0.639	10.103	0.488
1418197756768	37.545236	139.930767	12	-0.033	-0.361	10.269	0.389
1418197756884	37.545236	139.930766	12	0.094	-0.106	10.180	0.302
1418197756969	37.545236	139.930766	12	0.180	0.052	9.905	0.258
1418197757065	37.545237	139.930766	10	0.248	0.297	9.830	0.214
1418197757166	37.545239	139.930766	10	0.270	0.456	9.956	0.170
1418197757266	37.545240	139.930766	10	0.253	0.579	10.045	0.131
1418197757367	37.545242	139.930767	10	0.213	0.748	10.071	0.097
1418197757468	37.545243	139.930767	10	0.264	0.901	10.053	0.068
1418197757569	37.545243	139.930767	10	0.321	1.099	10.080	0.044
1418197757669	37.545244	139.930767	10	0.348	1.244	10.047	0.026
1418197757765	37.545245	139.930767	10	0.351	1.361	9.985	0.013
1418197757866	37.545245	139.930767	10	0.327	1.563	10.043	0.004
1418197763964	37.545263	139.930601	10	0.359	1.765	10.083	3.493
