measurement_ms	latitude	longitude	gps_error_meter	accel_x_transverse	accel_y_longitudinal	accel_z_vertical	speed
1417511833836	37.505395	139.940673	3	-0.451	0.341	9.603	0.008
1417511833936	37.505395	139.940673	3	-0.463	0.406	9.612	0.019
1417511834037	37.505395	139.940673	3	-0.462	0.556	9.642	0.036
1417511834133	37.505395	139.940673	3	-0.471	0.757	9.640	0.056
1417511834233	37.505395	139.940674	3	-0.469	0.975	9.631	0.082
1417511834334	37.505395	139.940674	3	-0.463	1.060	9.598	0.114
1417511834435	37.505394	139.940674	3	-0.450	0.978	9.615	0.150
1417511834535	37.505394	139.940675	3	-0.440	0.822	9.623	0.191
1417511834636	37.505394	139.940675	3	-0.454	0.672	9.603	0.238
1417511834737	37.505394	139.940675	3	-0.468	0.543	9.608	0.271
1417511834837	37.505394	139.940676	3	-0.455	0.469	9.618	0.302
1417511834933	37.505394	139.940676	3	-0.447	0.411	9.629	0.337
1417511835034	37.505394	139.940677	3	-0.463	0.360	9.634	0.378
1417511835135	37.505394	139.940677	3	-0.460	0.326	9.621	0.425
1417511835235	37.505394	139.940678	3	-0.466	0.308	9.610	0.476
1417511835336	37.505393	139.940678	3	-0.478	0.276	9.616	0.533
1417511835437	37.505393	139.940679	3	-0.479	0.239	9.623	0.595
1417511835537	37.505393	139.940680	3	-0.475	0.228	9.622	0.662
1417511835633	37.505393	139.940681	3	-0.467	0.228	9.610	0.730
1417511835734	37.505393	139.940681	3	-0.489	0.213	9.597	0.750
1417511835835	37.505392	139.940682	3	-0.484	0.210	9.596	0.750
1417511835935	37.505392	139.940683	3	-0.468	0.227	9.579	0.750
1417511836036	37.505392	139.940683	3	-0.466	0.241	9.589	0.750
1417511836137	37.505391	139.940684	3	-0.446	0.244	9.609	0.750
1417511836237	37.505391	139.940684	3	-0.438	0.228	9.646	0.750
1417511836333	37.505390	139.940685	3	-0.465	0.208	9.629	0.750
1417511836434	37.505390	139.940686	3	-0.498	0.214	9.587	0.750
1417511836534	37.505389	139.940686	3	-0.498	0.214	9.606	0.750
1417511836635	37.505389	139.940687	3	-0.489	0.216	9.622	0.750
1417511836736	37.505389	139.940688	3	-0.459	0.202	9.628	0.766
1417511836837	37.505389	139.940689	3	-0.423	0.223	9.616	0.789
1417511836937	37.505389	139.940690	3	-0.432	0.238	9.615	0.812
1417511837033	37.505389	139.940692	3	-0.475	0.233	9.636	0.835
1417511837134	37.505389	139.940693	3	-0.510	0.253	9.617	0.860
1417511837234	37.505388	139.940695	3	-0.554	0.256	9.613	0.885
1417511837335	37.505388	139.940696	3	-0.579	0.260	9.628	0.911
1417511837436	37.505388	139.940698	3	-0.546	0.306	9.602	0.938
1417511837536	37.505388	139.940699	3	-0.463	0.376	9.586	0.965
1417511837637	37.505388	139.940701	3	-0.415	0.412	9.631	0.993
1417511837733	37.505388	139.940702	3	-0.449	0.406	9.631	1.000
1417511837834	37.505388	139.940703	3	-0.549	0.367	9.621	1.000
1417511837934	37.505387	139.940704	3	-0.596	0.309	9.657	1.000
1417511838035	37.505387	139.940705	3	-0.588	0.289	9.625	1.000
1417511838136	37.505387	139.940706	3	-0.522	0.298	9.584	1.000
1417511838236	37.505387	139.940707	3	-0.488	0.303	9.632	1.000
1417511838337	37.505387	139.940708	3	-0.487	0.341	9.597	1.000
1417511838433	37.505386	139.940709	3	-0.506	0.351	9.607	1.000
1417511838533	37.505386	139.940711	3	-0.515	0.352	9.654	1.000
1417511838634	37.505386	139.940712	3	-0.542	0.369	9.613	1.000
1417511838735	37.505386	139.940713	3	-0.575	0.357	9.608	1.000
1417511838836	37.505385	139.940714	3	-0.548	0.356	9.615	1.000
1417511838936	37.505385	139.940716	3	-0.523	0.382	9.601	1.000
1417511839037	37.505385	139.940717	3	-0.514	0.363	9.619	1.000
1417511839133	37.505385	139.940718	3	-0.520	0.370	9.614	1.000
1417511839233	37.505384	139.940719	3	-0.524	0.392	9.595	1.000
1417511839334	37.505384	139.940721	3	-0.548	0.361	9.663	1.000
1417511839435	37.505384	139.940722	3	-0.556	0.327	9.641	1.000
1417511839536	37.505383	139.940723	3	-0.539	0.314	9.606	1.000
1417511839636	37.505383	139.940725	3	-0.511	0.336	9.605	1.000
1417511839737	37.505383	139.940726	3	-0.500	0.372	9.604	1.017
1417511839833	37.505383	139.940727	3	-0.520	0.330	9.649	1.039
1417511839933	37.505382	139.940729	3	-0.557	0.281	9.614	1.063
1417511840034	37.505382	139.940730	3	-0.564	0.285	9.567	1.087
1417511840135	37.505382	139.940731	3	-0.529	0.277	9.641	1.112
1417511840235	37.505381	139.940733	3	-0.542	0.304	9.612	1.137
1417511840336	37.505381	139.940734	3	-0.563	0.299	9.629	1.163
1417511840437	37.505381	139.940736	3	-0.542	0.296	9.629	1.189
1417511840538	37.505380	139.940737	3	-0.521	0.282	9.619	1.217
1417511840633	37.505380	139.940739	3	-0.500	0.297	9.540	1.243
1417511840739	37.505380	139.940740	3	-0.470	0.234	9.624	1.250
1417511840835	37.505379	139.940742	3	-0.470	0.224	9.628	1.250
1417511840934	37.505379	139.940743	3	-0.471	0.184	9.590	1.250
1417511841036	37.505379	139.940745	3	-0.481	0.148	9.652	1.250
1417511841135	37.505379	139.940746	3	-0.487	0.138	9.624	1.250
1417511841238	37.505378	139.940748	3	-0.486	0.127	9.597	1.250
1417511841333	37.505378	139.940749	3	-0.489	0.122	9.578	1.250
1417511841434	37.505378	139.940751	3	-0.487	0.092	9.619	1.250
1417511841535	37.505377	139.940752	3	-0.478	0.054	9.638	1.250
1417511841635	37.505377	139.940754	3	-0.469	0.056	9.617	1.250
1417511841736	37.505377	139.940755	3	-0.471	0.072	9.550	1.250
1417511841837	37.505376	139.940757	3	-0.470	0.064	9.640	1.250
1417511841937	37.505376	139.940758	3	-0.477	0.091	9.628	1.250
1417511842033	37.505376	139.940760	3	-0.467	0.110	9.552	1.250
1417511842134	37.505376	139.940762	3	-0.471	0.083	9.609	1.250
1417511842235	37.505375	139.940763	3	-0.491	0.091	9.643	1.250
1417511842335	37.505375	139.940765	3	-0.527	0.122	9.549	1.250
1417511842436	37.505375	139.940766	3	-0.557	0.086	9.637	1.250
1417511842537	37.505374	139.940768	3	-0.541	0.105	9.625	1.250
1417511842637	37.505374	139.940770	3	-0.537	0.075	9.617	1.250
1417511842733	37.505374	139.940771	3	-0.509	0.070	9.634	1.267
1417511842834	37.505374	139.940773	3	-0.456	0.103	9.540	1.290
1417511842934	37.505373	139.940774	3	-0.471	0.075	9.623	1.314
1417511843035	37.505373	139.940776	3	-0.502	0.042	9.670	1.338
1417511843136	37.505373	139.940778	3	-0.483	0.102	9.543	1.363
1417511843237	37.505372	139.940779	3	-0.453	0.087	9.596	1.389
1417511843337	37.505372	139.940781	3	-0.478	0.058	9.654	1.414
1417511843433	37.505372	139.940783	3	-0.525	0.078	9.565	1.439
1417511843534	37.505371	139.940785	3	-0.551	0.058	9.592	1.466
1417511843634	37.505371	139.940787	3	-0.528	0.032	9.635	1.493
1417511843735	37.505371	139.940788	3	-0.513	0.061	9.621	1.500
1417511843836	37.505370	139.940790	3	-0.549	0.078	9.628	1.500
1417511843936	37.505370	139.940792	3	-0.583	0.084	9.614	1.500
1417511844037	37.505370	139.940794	3	-0.556	0.102	9.611	1.500
1417511844133	37.505370	139.940796	3	-0.506	0.100	9.599	1.500
1417511844234	37.505369	139.940797	3	-0.479	0.061	9.657	1.500
1417511844334	37.505369	139.940799	3	-0.494	0.077	9.632	1.500
1417511844435	37.505369	139.940801	3	-0.539	0.095	9.580	1.500
1417511844536	37.505368	139.940803	3	-0.572	0.124	9.594	1.500
1417511844636	37.505368	139.940805	3	-0.566	0.130	9.567	1.500
1417511844737	37.505368	139.940806	3	-0.552	0.123	9.581	1.500
1417511844833	37.505368	139.940808	3	-0.542	0.126	9.603	1.500
1417511844934	37.505367	139.940810	3	-0.535	0.126	9.615	1.500
1417511845034	37.505367	139.940811	3	-0.534	0.134	9.590	1.500
1417511845135	37.505367	139.940813	3	-0.534	0.139	9.597	1.500
1417511845236	37.505367	139.940815	3	-0.503	0.169	9.569	1.500
1417511845336	37.505367	139.940816	3	-0.498	0.117	9.655	1.500
1417511845437	37.505366	139.940818	3	-0.518	0.138	9.616	1.500
1417511845533	37.505366	139.940820	3	-0.536	0.141	9.594	1.500
1417511845633	37.505366	139.940822	3	-0.574	0.123	9.654	1.500
1417511845734	37.505366	139.940823	3	-0.573	0.152	9.551	1.500
1417511845835	37.505365	139.940825	3	-0.539	0.155	9.583	1.500
1417511845936	37.505365	139.940827	3	-0.529	0.153	9.656	1.500
1417511846036	37.505365	139.940828	3	-0.570	0.158	9.576	1.500
1417511846137	37.505365	139.940830	3	-0.575	0.153	9.603	1.500
1417511846233	37.505364	139.940832	3	-0.564	0.145	9.588	1.500
1417511846333	37.505364	139.940833	3	-0.537	0.129	9.624	1.500
1417511846434	37.505364	139.940835	3	-0.574	0.134	9.624	1.500
1417511846535	37.505363	139.940837	3	-0.584	0.148	9.558	1.500
1417511846635	37.505363	139.940839	3	-0.559	0.149	9.621	1.500
1417511846736	37.505363	139.940840	3	-0.513	0.189	9.581	1.500
1417511846837	37.505362	139.940842	3	-0.518	0.249	9.645	1.500
1417511846937	37.505362	139.940844	3	-0.561	0.478	9.641	1.500
1417511847033	37.505362	139.940845	3	-0.617	0.786	9.626	1.500
1417511847134	37.505362	139.940847	3	-0.667	1.091	9.591	1.500
1417511847235	37.505361	139.940849	3	-0.656	1.372	9.627	1.500
1417511847335	37.505361	139.940850	3	-0.582	1.325	9.580	1.500
1417511847436	37.505361	139.940852	3	-0.533	1.232	9.621	1.500
1417511847537	37.505360	139.940854	3	-0.541	1.334	9.598	1.500
1417511847637	37.505360	139.940856	3	-0.549	1.413	9.700	1.500
1417511847733	37.505360	139.940857	3	-0.625	1.399	9.670	1.500
1417511847834	37.505359	139.940859	3	-0.680	1.292	9.622	1.500
1417511847935	37.505359	139.940862	3	-0.631	0.863	9.693	1.500
1417511848035	37.505359	139.940864	3	-0.551	0.606	9.691	1.500
1417511848136	37.505359	139.940866	3	-0.570	0.436	9.714	1.500
1417511848237	37.505358	139.940868	3	-0.604	0.335	9.733	1.500
1417511848337	37.505358	139.940870	3	-0.606	0.348	9.652	1.500
1417511848433	37.505358	139.940871	3	-0.599	0.313	9.660	1.500
1417511848534	37.505357	139.940873	3	-0.626	0.323	9.673	1.500
1417511848635	37.505357	139.940876	3	-0.640	0.343	9.614	1.500
1417511848735	37.505357	139.940878	3	-0.684	0.376	9.572	1.517
1417511848836	37.505357	139.940880	3	-0.659	0.368	9.537	1.541
1417511848937	37.505356	139.940882	3	-0.653	0.332	9.608	1.565
1417511849037	37.505356	139.940884	3	-0.712	0.320	9.624	1.590
1417511849133	37.505356	139.940886	3	-0.737	0.298	9.634	1.613
1417511849234	37.505355	139.940888	3	-0.673	0.239	9.673	1.639
1417511849334	37.505355	139.940890	3	-0.592	0.183	9.689	1.664
1417511849435	37.505355	139.940893	3	-0.591	0.192	9.581	1.690
1417511849536	37.505354	139.940895	3	-0.657	0.117	9.611	1.717
1417511849637	37.505354	139.940897	3	-0.634	0.013	9.666	1.744
1417511849737	37.505354	139.940900	4	-0.619	-0.084	9.656	1.834
1417511849833	37.505353	139.940904	4	-0.625	-0.178	9.636	1.945
1417511849934	37.505353	139.940907	4	-0.620	-0.270	9.629	2.071
1417511850034	37.505352	139.940911	4	-0.573	-0.314	9.646	2.206
1417511850135	37.505351	139.940915	4	-0.474	-0.385	9.558	2.350
1417511850236	37.505350	139.940920	4	-0.500	-0.550	9.566	2.504
1417511850336	37.505350	139.940924	4	-0.518	-0.688	9.572	2.665
1417511850437	37.505349	139.940929	4	-0.532	-0.745	9.561	2.838
1417511850533	37.505348	139.940934	4	-0.518	-0.765	9.578	3.010
1417511850634	37.505347	139.940940	4	-0.494	-0.839	9.581	3.200
1417511850734	37.505347	139.940944	4	-0.469	-0.943	9.576	3.231
1417511850835	37.505346	139.940948	4	-0.453	-1.051	9.582	3.205
1417511850936	37.505346	139.940951	4	-0.472	-1.120	9.547	3.179
1417511851036	37.505345	139.940955	4	-0.477	-1.173	9.586	3.154
1417511851137	37.505345	139.940959	4	-0.452	-1.194	9.547	3.128
1417511851233	37.505344	139.940962	4	-0.434	-1.214	9.557	3.104
1417511851334	37.505344	139.940966	4	-0.417	-1.172	9.522	3.079
1417511851434	37.505343	139.940969	4	-0.439	-1.166	9.545	3.055
1417511851535	37.505343	139.940973	4	-0.449	-1.059	9.513	3.030
1417511851636	37.505342	139.940976	4	-0.477	-0.937	9.535	3.006
1417511851736	37.505342	139.940980	3	-0.487	-0.862	9.612	2.980
1417511851837	37.505341	139.940983	3	-0.484	-0.736	9.573	2.954
1417511851933	37.505341	139.940986	3	-0.470	-0.608	9.546	2.930
1417511852033	37.505340	139.940989	3	-0.533	-0.530	9.572	2.904
1417511852134	37.505340	139.940993	3	-0.549	-0.493	9.570	2.879
1417511852235	37.505339	139.940996	3	-0.519	-0.493	9.585	2.854
1417511852336	37.505339	139.940999	3	-0.469	-0.459	9.538	2.829
1417511852436	37.505338	139.941002	3	-0.454	-0.490	9.592	2.804
1417511852537	37.505338	139.941005	3	-0.470	-0.454	9.582	2.780
1417511852633	37.505337	139.941008	3	-0.492	-0.475	9.591	2.756
1417511852733	37.505337	139.941011	3	-0.511	-0.459	9.547	2.731
1417511852834	37.505336	139.941014	3	-0.499	-0.523	9.660	2.705
1417511852935	37.505336	139.941017	3	-0.494	-0.508	9.607	2.679
1417511853036	37.505335	139.941020	3	-0.441	-0.497	9.600	2.653
1417511853137	37.505335	139.941023	3	-0.435	-0.515	9.571	2.628
1417511853238	37.505335	139.941026	3	-0.467	-0.510	9.607	2.603
1417511853337	37.505334	139.941028	3	-0.458	-0.517	9.624	2.578
1417511853433	37.505334	139.941031	3	-0.452	-0.474	9.546	2.555
1417511853534	37.505333	139.941034	3	-0.436	-0.491	9.564	2.530
1417511853635	37.505333	139.941036	3	-0.431	-0.446	9.607	2.506
1417511853735	37.505333	139.941038	3	-0.473	-0.395	9.624	2.435
1417511853836	37.505333	139.941040	3	-0.503	-0.347	9.585	2.349
1417511853937	37.505332	139.941042	3	-0.465	-0.288	9.594	2.266
1417511854033	37.505332	139.941044	3	-0.447	-0.284	9.593	2.189
1417511854133	37.505332	139.941046	3	-0.485	-0.277	9.614	2.112
1417511854234	37.505332	139.941047	3	-0.512	-0.290	9.628	2.037
1417511854335	37.505332	139.941049	3	-0.468	-0.229	9.571	1.965
1417511854435	37.505331	139.941051	3	-0.443	-0.236	9.584	1.896
1417511854536	37.505331	139.941052	3	-0.454	-0.222	9.633	1.829
1417511854637	37.505331	139.941054	3	-0.507	-0.240	9.576	1.764
1417511854737	37.505331	139.941055	3	-0.533	-0.289	9.636	1.750
1417511854838	37.505331	139.941057	3	-0.511	-0.282	9.613	1.750
1417511854934	37.505330	139.941058	3	-0.455	-0.239	9.556	1.750
1417511855033	37.505330	139.941060	3	-0.458	-0.237	9.585	1.750
1417511855135	37.505330	139.941062	3	-0.477	-0.276	9.669	1.750
1417511855234	37.505330	139.941063	3	-0.490	-0.242	9.573	1.750
1417511855337	37.505330	139.941065	3	-0.467	-0.225	9.588	1.750
1417511855436	37.505329	139.941066	3	-0.450	-0.166	9.636	1.750
1417511855533	37.505329	139.941068	3	-0.458	-0.019	9.594	1.750
1417511855634	37.505329	139.941070	3	-0.496	0.105	9.625	1.750
1417511855734	37.505329	139.941071	3	-0.542	0.197	9.671	1.750
1417511855835	37.505329	139.941073	3	-0.551	0.231	9.645	1.750
1417511855936	37.505328	139.941075	3	-0.537	0.122	9.612	1.750
1417511856037	37.505328	139.941076	3	-0.544	-0.000	9.637	1.750
1417511856137	37.505328	139.941078	3	-0.539	-0.062	9.574	1.750
1417511856233	37.505328	139.941080	3	-0.530	-0.152	9.633	1.750
1417511856334	37.505328	139.941081	3	-0.534	-0.185	9.589	1.750
1417511856434	37.505327	139.941083	3	-0.490	-0.177	9.568	1.750
1417511856535	37.505327	139.941085	3	-0.481	-0.224	9.639	1.750
1417511856636	37.505327	139.941087	3	-0.489	-0.251	9.628	1.750
1417511856737	37.505327	139.941088	3	-0.475	-0.233	9.546	1.750
1417511856837	37.505327	139.941090	3	-0.469	-0.253	9.607	1.750
1417511856933	37.505326	139.941092	3	-0.499	-0.260	9.643	1.750
1417511857034	37.505326	139.941094	3	-0.508	-0.275	9.619	1.750
1417511857134	37.505326	139.941096	3	-0.517	-0.287	9.620	1.750
1417511857235	37.505326	139.941097	3	-0.514	-0.263	9.541	1.750
1417511857336	37.505326	139.941099	3	-0.484	-0.249	9.548	1.750
1417511857436	37.505325	139.941101	3	-0.432	-0.265	9.665	1.750
1417511857537	37.505325	139.941103	3	-0.436	-0.269	9.673	1.750
1417511857633	37.505325	139.941105	3	-0.486	-0.206	9.551	1.750
1417511857733	37.505325	139.941106	3	-0.481	-0.088	9.484	1.750
1417511857834	37.505325	139.941108	3	-0.495	-0.007	9.674	1.750
1417511857935	37.505324	139.941110	3	-0.521	0.217	9.650	1.750
1417511858036	37.505324	139.941112	3	-0.535	0.474	9.639	1.750
1417511858136	37.505324	139.941114	3	-0.551	0.698	9.680	1.750
1417511858237	37.505324	139.941115	3	-0.552	0.882	9.668	1.750
1417511858333	37.505324	139.941117	3	-0.546	0.950	9.666	1.750
1417511858433	37.505323	139.941119	3	-0.534	0.961	9.620	1.750
1417511858534	37.505323	139.941121	3	-0.542	0.868	9.595	1.750
1417511858635	37.505323	139.941123	3	-0.512	0.659	9.636	1.750
1417511858736	37.505323	139.941125	3	-0.501	0.355	9.632	1.768
1417511858836	37.505322	139.941127	3	-0.453	0.030	9.610	1.792
1417511858937	37.505322	139.941129	3	-0.402	-0.120	9.599	1.816
1417511859033	37.505322	139.941131	3	-0.401	-0.081	9.640	1.839
1417511859133	37.505322	139.941133	3	-0.436	0.089	9.606	1.864
1417511859234	37.505321	139.941135	3	-0.507	0.332	9.522	1.889
1417511859335	37.505321	139.941138	3	-0.537	0.519	9.498	1.915
1417511859435	37.505321	139.941140	3	-0.587	0.644	9.606	1.941
1417511859536	37.505320	139.941142	3	-0.516	0.728	9.808	1.967
1417511859637	37.505320	139.941144	3	-0.475	0.858	9.669	1.994
1417511859733	37.505320	139.941147	3	-0.480	0.837	9.628	2.017
1417511859833	37.505319	139.941149	3	-0.462	0.659	9.578	2.041
1417511859934	37.505319	139.941152	3	-0.470	0.287	9.559	2.066
1417511860035	37.505319	139.941155	3	-0.433	-0.084	9.683	2.090
1417511860135	37.505318	139.941157	3	-0.431	-0.270	9.647	2.115
1417511860236	37.505318	139.941160	3	-0.454	-0.349	9.668	2.140
1417511860337	37.505317	139.941163	3	-0.467	-0.429	9.649	2.166
1417511860438	37.505317	139.941166	3	-0.470	-0.485	9.693	2.192
1417511860533	37.505317	139.941168	3	-0.439	-0.501	9.643	2.217
1417511860634	37.505316	139.941171	3	-0.387	-0.449	9.591	2.243
1417511860735	37.505316	139.941175	4	-0.411	-0.443	9.625	2.299
1417511860835	37.505315	139.941178	4	-0.383	-0.415	9.625	2.366
1417511860936	37.505315	139.941182	4	-0.470	-0.329	9.590	2.436
1417511861037	37.505314	139.941185	4	-0.530	-0.197	9.563	2.508
1417511861137	37.505314	139.941189	4	-0.498	-0.109	9.666	2.581
1417511861233	37.505313	139.941193	4	-0.447	0.013	9.520	2.654
1417511861334	37.505313	139.941197	4	-0.404	0.062	9.484	2.732
1417511861435	37.505312	139.941201	4	-0.413	0.035	9.640	2.813
1417511861535	37.505312	139.941206	4	-0.465	0.049	9.646	2.895
1417511861636	37.505311	139.941210	4	-0.473	0.111	9.577	2.979
1417511861737	37.505311	139.941214	4	-0.442	0.147	9.579	3.019
1417511861837	37.505310	139.941218	4	-0.439	0.196	9.532	3.043
1417511861933	37.505309	139.941222	4	-0.437	0.188	9.588	3.066
1417511862034	37.505309	139.941226	4	-0.503	0.263	9.649	3.091
1417511862134	37.505308	139.941230	4	-0.591	0.365	9.659	3.116
1417511862235	37.505308	139.941234	4	-0.548	0.475	9.729	3.141
1417511862336	37.505307	139.941238	4	-0.478	0.527	9.647	3.167
1417511862437	37.505306	139.941242	4	-0.379	0.529	9.676	3.193
1417511862537	37.505306	139.941246	4	-0.312	0.514	9.624	3.218
1417511862633	37.505305	139.941250	4	-0.360	0.386	9.602	3.243
1417511862734	37.505305	139.941254	3	-0.386	0.105	9.549	3.268
1417511862834	37.505304	139.941258	3	-0.406	-0.167	9.617	3.292
1417511862935	37.505303	139.941262	3	-0.388	-0.284	9.573	3.317
1417511863036	37.505303	139.941266	3	-0.393	-0.348	9.564	3.342
1417511863137	37.505302	139.941270	3	-0.404	-0.386	9.520	3.367
1417511863237	37.505302	139.941274	3	-0.375	-0.434	9.581	3.392
1417511863333	37.505301	139.941278	3	-0.286	-0.450	9.668	3.416
1417511863434	37.505300	139.941282	3	-0.198	-0.502	9.781	3.442
1417511863534	37.505300	139.941287	3	-0.215	-0.494	9.732	3.467
1417511863635	37.505299	139.941291	3	-0.249	-0.406	9.497	3.494
1417511863736	37.505298	139.941295	4	-0.172	-0.351	9.439	3.500
1417511863836	37.505298	139.941300	4	0.013	-0.259	9.555	3.500
1417511863937	37.505297	139.941304	4	0.098	-0.010	9.748	3.500
1417511864033	37.505296	139.941308	4	0.119	0.353	9.713	3.500
1417511864133	37.505295	139.941312	4	0.185	0.697	9.629	3.500
1417511864234	37.505294	139.941317	4	0.292	0.834	9.662	3.500
1417511864335	37.505294	139.941321	4	0.345	0.810	9.653	3.500
1417511864436	37.505293	139.941325	4	0.394	0.726	9.612	3.500
1417511864536	37.505292	139.941330	4	0.477	0.546	9.628	3.500
1417511864637	37.505291	139.941334	4	0.561	0.361	9.692	3.500
1417511864733	37.505290	139.941338	4	0.696	0.195	9.667	3.518
1417511864833	37.505289	139.941342	4	0.760	0.074	9.687	3.542
1417511864934	37.505288	139.941346	4	0.798	0.020	9.762	3.567
1417511865035	37.505287	139.941351	4	0.938	0.126	9.694	3.592
1417511865136	37.505286	139.941355	4	1.083	0.202	9.751	3.617
1417511865236	37.505285	139.941359	4	0.881	0.259	9.653	3.642
1417511865337	37.505284	139.941364	4	0.704	0.338	9.581	3.667
1417511865433	37.505283	139.941368	4	0.744	0.353	9.615	3.692
1417511865533	37.505281	139.941372	4	0.734	0.317	9.717	3.717
1417511865634	37.505280	139.941377	4	0.723	0.339	9.621	3.743
1417511865735	37.505279	139.941381	4	0.769	0.322	9.595	3.750
1417511865835	37.505277	139.941386	4	0.880	0.358	9.628	3.750
1417511865936	37.505275	139.941390	4	0.967	0.182	9.832	3.750
1417511866037	37.505273	139.941394	4	0.926	0.162	9.775	3.750
1417511866133	37.505271	139.941398	4	0.811	0.284	9.735	3.750
1417511866233	37.505269	139.941403	4	0.818	0.416	9.697	3.750
1417511866334	37.505267	139.941407	4	0.902	0.488	9.496	3.750
1417511866435	37.505265	139.941411	4	1.019	0.370	9.664	3.750
1417511866535	37.505263	139.941416	4	1.000	0.328	9.758	3.750
1417511866636	37.505261	139.941420	4	0.953	0.307	9.693	3.750
1417511866737	37.505259	139.941424	4	0.899	0.369	9.475	3.834
1417511866837	37.505256	139.941429	4	1.037	0.327	9.533	3.945
1417511866933	37.505253	139.941433	4	1.058	0.313	9.620	4.056
1417511867034	37.505250	139.941437	4	1.071	0.338	9.579	4.176
1417511867135	37.505247	139.941442	4	1.132	0.320	9.582	4.299
1417511867235	37.505244	139.941447	4	1.109	0.248	9.692	4.425
1417511867336	37.505241	139.941452	4	1.139	0.225	9.653	4.556
1417511867437	37.505238	139.941457	4	1.309	0.238	9.732	4.690
1417511867537	37.505234	139.941462	4	1.350	0.314	9.548	4.827
1417511867633	37.505231	139.941468	4	1.341	0.295	9.605	4.962
1417511867734	37.505225	139.941472	6	1.240	0.339	9.528	5.035
1417511867834	37.505219	139.941476	6	1.318	0.390	9.461	5.084
1417511867935	37.505212	139.941480	6	1.294	0.335	9.425	5.133
1417511868036	37.505206	139.941484	6	1.330	0.222	9.643	5.182
1417511868137	37.505199	139.941488	6	1.436	0.228	9.651	5.233
1417511868237	37.505193	139.941492	6	1.502	0.265	9.460	5.283
1417511868333	37.505186	139.941496	6	1.619	0.231	9.546	5.331
1417511868434	37.505179	139.941500	6	1.542	0.191	9.683	5.383
1417511868534	37.505173	139.941504	6	1.539	0.199	9.680	5.434
1417511868635	37.505166	139.941508	6	1.575	0.171	9.637	5.487
1417511868736	37.505160	139.941510	6	1.618	0.184	9.629	5.554
1417511868837	37.505155	139.941513	6	1.594	0.180	9.635	5.626
1417511868937	37.505151	139.941515	6	1.661	0.199	9.722	5.698
1417511869033	37.505146	139.941517	6	1.600	0.220	9.612	5.769
1417511869139	37.505140	139.941519	6	1.507	0.183	9.619	5.847
1417511869234	37.505136	139.941521	6	1.457	0.179	9.663	5.919
1417511869333	37.505130	139.941523	6	1.307	0.177	9.625	5.994
1417511869436	37.505125	139.941525	6	1.260	0.214	9.545	6.074
1417511869535	37.505120	139.941527	6	1.168	0.177	9.641	6.151
1417511869637	37.505114	139.941529	6	1.109	0.172	9.646	6.232
1417511869733	37.505109	139.941531	3	1.106	0.203	9.649	6.268
1417511869834	37.505103	139.941531	3	1.064	0.178	9.649	6.293
1417511869934	37.505097	139.941532	3	0.999	0.185	9.670	6.318
1417511870035	37.505091	139.941533	3	0.955	0.206	9.588	6.343
1417511870136	37.505085	139.941534	3	0.875	0.193	9.620	6.368
1417511870236	37.505079	139.941535	3	0.832	0.199	9.630	6.393
1417511870337	37.505073	139.941535	3	0.772	0.180	9.646	6.418
1417511870433	37.505067	139.941536	3	0.662	0.148	9.641	6.442
1417511870534	37.505061	139.941537	3	0.518	0.100	9.770	6.468
1417511870634	37.505055	139.941538	3	0.238	0.104	9.641	6.493
1417511870735	37.505049	139.941539	3	0.021	0.099	9.593	6.518
1417511870836	37.505043	139.941539	3	-0.117	0.115	9.601	6.543
1417511870936	37.505037	139.941540	3	-0.165	0.104	9.620	6.568
1417511871037	37.505031	139.941541	3	-0.165	0.090	9.656	6.593
1417511871133	37.505025	139.941542	3	-0.142	0.119	9.590	6.617
1417511871233	37.505019	139.941543	3	-0.039	0.140	9.644	6.642
1417511871334	37.505013	139.941543	3	-0.008	0.165	9.620	6.667
1417511871435	37.505007	139.941544	3	-0.007	0.158	9.594	6.693
1417511871536	37.505001	139.941545	3	0.004	0.107	9.739	6.718
1417511871636	37.504994	139.941546	3	0.010	0.124	9.691	6.744
1417511871737	37.504988	139.941547	3	0.041	0.134	9.617	6.787
1417511871838	37.504981	139.941548	3	0.026	0.075	9.623	6.836
1417511871933	37.504975	139.941549	3	0.041	-0.054	9.613	6.883
1417511872034	37.504968	139.941550	3	0.010	-0.239	9.605	6.933
1417511872135	37.504962	139.941551	3	0.011	-0.392	9.681	6.983
1417511872235	37.504955	139.941552	3	-0.024	-0.435	9.594	7.033
1417511872336	37.504948	139.941553	3	-0.026	-0.491	9.586	7.084
1417511872437	37.504941	139.941554	3	-0.015	-0.508	9.620	7.135
1417511872533	37.504935	139.941555	3	-0.040	-0.555	9.587	7.185
1417511872633	37.504928	139.941556	3	0.022	-0.573	9.630	7.236
1417511872734	37.504921	139.941557	3	-0.007	-0.577	9.593	7.231
1417511872835	37.504914	139.941558	3	-0.001	-0.586	9.571	7.206
1417511872935	37.504908	139.941559	3	-0.007	-0.681	9.575	7.180
1417511873036	37.504901	139.941560	3	0.018	-0.920	9.538	7.155
1417511873137	37.504895	139.941561	3	0.087	-1.229	9.538	7.130
1417511873237	37.504888	139.941562	3	0.080	-1.495	9.546	7.105
1417511873333	37.504882	139.941563	3	0.115	-1.592	9.543	7.081
1417511873434	37.504875	139.941564	3	0.089	-1.664	9.483	7.056
1417511873535	37.504869	139.941565	3	0.077	-1.685	9.478	7.031
1417511873635	37.504863	139.941566	3	0.170	-1.746	9.581	7.006
1417511873736	37.504857	139.941567	4	0.170	-1.773	9.501	6.896
1417511873837	37.504852	139.941568	4	0.181	-1.799	9.526	6.761
1417511873937	37.504847	139.941569	4	0.218	-1.808	9.548	6.629
1417511874033	37.504842	139.941570	4	0.182	-1.821	9.562	6.505
1417511874134	37.504838	139.941571	4	0.169	-1.816	9.486	6.377
1417511874234	37.504833	139.941572	4	0.212	-1.854	9.564	6.253
1417511874335	37.504828	139.941573	4	0.192	-1.890	9.571	6.129
1417511874436	37.504824	139.941574	4	0.187	-1.841	9.521	6.009
1417511874537	37.504819	139.941575	4	0.199	-1.564	9.600	5.891
1417511874637	37.504815	139.941576	4	0.174	-1.088	9.611	5.776
1417511874733	37.504811	139.941577	4	0.177	-0.759	9.542	5.671
1417511874834	37.504807	139.941577	4	0.212	-0.576	9.570	5.562
1417511874934	37.504803	139.941578	4	0.214	-0.475	9.584	5.457
1417511875035	37.504798	139.941579	4	0.093	-0.456	9.558	5.353
1417511875136	37.504795	139.941579	4	0.013	-0.437	9.599	5.250
1417511875237	37.504791	139.941580	4	0.003	-0.310	9.632	5.150
1417511875337	37.504787	139.941581	4	0.013	-0.091	9.672	5.052
1417511875433	37.504783	139.941582	4	0.003	0.154	9.614	4.960
1417511875534	37.504779	139.941582	4	0.012	0.376	9.618	4.866
1417511875634	37.504776	139.941583	4	0.010	0.554	9.672	4.774
1417511875735	37.504772	139.941584	4	-0.022	0.650	9.669	4.786
1417511875836	37.504767	139.941586	4	-0.015	0.714	9.629	4.834
1417511875936	37.504762	139.941587	4	0.043	0.704	9.708	4.883
1417511876037	37.504758	139.941588	4	0.013	0.701	9.647	4.933
1417511876133	37.504753	139.941590	4	-0.028	0.627	9.659	4.980
1417511876234	37.504749	139.941591	4	0.023	0.574	9.679	5.031
1417511876334	37.504744	139.941593	4	0.020	0.576	9.593	5.082
1417511876435	37.504739	139.941594	4	-0.034	0.506	9.653	5.133
1417511876536	37.504734	139.941596	4	-0.003	0.497	9.727	5.185
1417511876636	37.504729	139.941598	4	0.009	0.531	9.667	5.237
1417511876737	37.504724	139.941599	4	-0.029	0.528	9.552	5.304
1417511876833	37.504720	139.941600	4	-0.027	0.516	9.647	5.373
1417511876933	37.504714	139.941601	4	-0.026	0.542	9.661	5.445
1417511877034	37.504709	139.941603	4	-0.010	0.517	9.640	5.519
1417511877135	37.504704	139.941604	4	0.049	0.467	9.722	5.594
1417511877236	37.504699	139.941605	4	0.010	0.478	9.688	5.670
1417511877336	37.504694	139.941607	4	0.029	0.509	9.597	5.746
1417511877437	37.504688	139.941608	4	0.070	0.466	9.737	5.824
1417511877533	37.504683	139.941609	4	0.075	0.501	9.630	5.899
1417511877633	37.504677	139.941611	4	0.095	0.487	9.622	5.978
1417511877734	37.504672	139.941612	3	0.113	0.423	9.725	6.052
1417511877835	37.504666	139.941613	3	0.105	0.448	9.642	6.125
1417511877935	37.504659	139.941614	3	0.125	0.476	9.547	6.197
1417511878036	37.504653	139.941616	3	0.070	0.448	9.586	6.272
1417511878133	37.504647	139.941617	3	0.029	0.444	9.575	6.344
1417511878233	37.504641	139.941618	3	0.040	0.359	9.691	6.419
1417511878333	37.504634	139.941620	3	0.075	0.357	9.571	6.495
1417511878434	37.504628	139.941621	3	0.161	0.287	9.621	6.573
1417511878535	37.504621	139.941622	3	0.125	0.238	9.719	6.651
1417511878636	37.504615	139.941624	3	0.084	0.230	9.648	6.731
1417511878736	37.504608	139.941625	3	0.061	0.209	9.606	6.787
1417511878837	37.504602	139.941627	3	0.034	0.215	9.666	6.836
1417511878933	37.504596	139.941628	3	0.069	0.223	9.690	6.883
1417511879033	37.504590	139.941629	3	0.019	0.243	9.613	6.932
1417511879134	37.504583	139.941631	3	0.015	0.236	9.676	6.983
1417511879235	37.504577	139.941632	3	-0.088	0.236	9.655	7.033
1417511879335	37.504570	139.941634	3	-0.102	0.218	9.629	7.084
1417511879436	37.504564	139.941636	3	-0.139	0.194	9.662	7.135
1417511879537	37.504557	139.941637	3	-0.215	0.167	9.668	7.187
1417511879638	37.504550	139.941639	3	-0.233	0.183	9.609	7.239
1417511879733	37.504544	139.941640	4	-0.268	0.174	9.608	7.285
1417511879834	37.504537	139.941641	4	-0.293	0.225	9.612	7.335
1417511879935	37.504530	139.941641	4	-0.270	0.202	9.657	7.384
1417511880035	37.504523	139.941642	4	-0.223	0.200	9.718	7.434
1417511880136	37.504516	139.941643	4	-0.215	0.121	9.570	7.484
1417511880237	37.504509	139.941644	4	-0.218	-0.078	9.650	7.534
1417511880337	37.504501	139.941645	4	-0.287	-0.285	9.634	7.585
1417511880433	37.504495	139.941646	4	-0.235	-0.568	9.612	7.634
1417511880534	37.504487	139.941647	4	-0.193	-0.760	9.638	7.685
1417511880634	37.504480	139.941648	4	-0.169	-0.885	9.622	7.737
1417511880735	37.504473	139.941650	5	-0.156	-0.929	9.580	7.731
1417511880836	37.504466	139.941652	5	-0.104	-0.912	9.568	7.705
1417511880937	37.504459	139.941654	5	-0.047	-0.834	9.646	7.680
1417511881033	37.504452	139.941656	5	-0.054	-0.718	9.588	7.656
1417511881133	37.504445	139.941658	5	-0.007	-0.670	9.600	7.631
1417511881234	37.504438	139.941660	5	-0.047	-0.638	9.609	7.605
1417511881335	37.504431	139.941662	5	-0.025	-0.593	9.578	7.580
1417511881436	37.504424	139.941664	5	0.006	-0.574	9.626	7.555
1417511881536	37.504417	139.941666	5	-0.016	-0.569	9.581	7.531
1417511881637	37.504411	139.941669	5	0.024	-0.595	9.640	7.506
1417511881737	37.504404	139.941670	5	-0.023	-0.639	9.610	7.460
1417511881833	37.504398	139.941672	5	-0.068	-0.641	9.535	7.411
1417511881934	37.504392	139.941674	5	-0.032	-0.718	9.640	7.360
1417511882034	37.504386	139.941676	5	0.070	-0.740	9.699	7.309
1417511882135	37.504380	139.941677	5	0.062	-0.758	9.644	7.258
1417511882236	37.504374	139.941679	5	0.052	-0.784	9.649	7.208
1417511882336	37.504368	139.941681	5	0.062	-0.743	9.631	7.158
1417511882437	37.504362	139.941682	5	0.020	-0.769	9.584	7.109
1417511882533	37.504356	139.941684	5	0.023	-0.776	9.564	7.062
1417511882634	37.504351	139.941686	5	-0.025	-0.832	9.581	7.013
1417511882734	37.504345	139.941687	5	-0.051	-0.915	9.605	6.962
1417511882835	37.504339	139.941689	5	0.012	-0.969	9.594	6.910
1417511882936	37.504334	139.941691	5	0.027	-0.986	9.502	6.858
1417511883036	37.504329	139.941692	5	0.065	-1.013	9.574	6.808
1417511883137	37.504323	139.941694	5	0.088	-1.032	9.584	6.757
1417511883238	37.504318	139.941695	5	0.114	-1.052	9.531	6.706
1417511883333	37.504313	139.941697	5	0.136	-1.065	9.573	6.659
1417511883439	37.504307	139.941699	5	0.135	-1.063	9.548	6.607
1417511883535	37.504302	139.941700	5	0.132	-1.057	9.551	6.560
1417511883634	37.504297	139.941702	5	0.175	-1.053	9.591	6.513
1417511883736	37.504292	139.941703	5	0.130	-1.041	9.530	6.461
1417511883835	37.504287	139.941705	5	0.167	-1.028	9.516	6.410
1417511883933	37.504282	139.941707	5	0.166	-1.069	9.591	6.360
1417511884033	37.504277	139.941709	5	0.153	-1.095	9.630	6.309
1417511884134	37.504272	139.941711	5	0.159	-1.074	9.612	6.258
1417511884235	37.504267	139.941713	5	0.188	-1.086	9.550	6.208
1417511884336	37.504262	139.941714	5	0.171	-1.135	9.570	6.158
1417511884437	37.504258	139.941716	5	0.170	-1.171	9.564	6.108
1417511884538	37.504253	139.941718	5	0.144	-1.282	9.520	6.059
1417511884633	37.504248	139.941720	5	0.134	-1.381	9.563	6.013
1417511884733	37.504244	139.941721	5	0.189	-1.395	9.538	5.899
1417511884834	37.504240	139.941722	5	0.194	-1.405	9.600	5.762
1417511884935	37.504236	139.941722	5	0.110	-1.396	9.528	5.627
1417511885035	37.504233	139.941723	5	0.092	-1.336	9.498	5.497
1417511885136	37.504229	139.941724	5	0.153	-1.258	9.610	5.369
1417511885237	37.504225	139.941725	5	0.170	-1.177	9.582	5.243
1417511885333	37.504222	139.941726	5	0.098	-1.052	9.535	5.127
1417511885433	37.504218	139.941726	5	0.020	-1.034	9.530	5.008
1417511885534	37.504215	139.941727	5	0.074	-0.997	9.621	4.891
1417511885635	37.504212	139.941728	5	0.119	-0.965	9.578	4.778
1417511885735	37.504208	139.941729	4	0.086	-0.960	9.567	4.689
1417511885836	37.504205	139.941729	4	0.073	-0.985	9.580	4.609
1417511885937	37.504202	139.941730	4	0.119	-0.977	9.679	4.529
1417511886037	37.504198	139.941731	4	0.136	-0.930	9.540	4.452
1417511886133	37.504195	139.941731	4	0.096	-0.958	9.579	4.379
1417511886234	37.504192	139.941732	4	0.059	-0.955	9.552	4.304
1417511886335	37.504189	139.941733	4	0.028	-0.945	9.528	4.230
1417511886435	37.504186	139.941734	4	0.024	-0.954	9.565	4.158
1417511886536	37.504183	139.941734	4	0.024	-1.002	9.621	4.086
1417511886637	37.504180	139.941735	4	0.013	-1.041	9.484	4.016
1417511886737	37.504177	139.941736	4	0.009	-1.120	9.511	3.937
1417511886833	37.504174	139.941736	4	0.081	-1.171	9.597	3.859
1417511886934	37.504170	139.941737	4	0.142	-1.219	9.571	3.779
1417511887034	37.504167	139.941738	4	0.112	-1.269	9.535	3.701
1417511887135	37.504164	139.941739	4	0.100	-1.319	9.575	3.624
1417511887236	37.504162	139.941739	4	0.108	-1.302	9.487	3.549
1417511887337	37.504159	139.941740	4	0.160	-1.376	9.584	3.475
1417511887438	37.504156	139.941741	4	0.184	-1.353	9.546	3.403
1417511887533	37.504153	139.941741	4	0.148	-1.238	9.547	3.337
1417511887634	37.504151	139.941742	4	0.105	-1.087	9.582	3.268
1417511887734	37.504148	139.941743	4	0.096	-0.932	9.548	3.188
1417511887835	37.504145	139.941745	4	0.121	-0.906	9.597	3.105
1417511887936	37.504143	139.941746	4	0.157	-0.880	9.610	3.023
1417511888037	37.504140	139.941747	4	0.161	-0.839	9.570	2.944
1417511888137	37.504138	139.941749	4	0.146	-0.836	9.580	2.868
1417511888233	37.504135	139.941750	4	0.082	-0.808	9.524	2.796
1417511888334	37.504133	139.941751	4	0.085	-0.860	9.603	2.723
1417511888434	37.504131	139.941752	4	0.145	-0.857	9.592	2.652
1417511888535	37.504129	139.941754	4	0.127	-0.822	9.536	2.583
1417511888636	37.504126	139.941755	4	0.088	-0.788	9.541	2.516
1417511888736	37.504125	139.941756	4	0.075	-0.777	9.592	2.458
1417511888837	37.504123	139.941758	4	0.118	-0.734	9.606	2.403
1417511888933	37.504121	139.941759	4	0.142	-0.687	9.578	2.352
1417511889034	37.504120	139.941760	4	0.128	-0.657	9.563	2.300
1417511889134	37.504118	139.941762	4	0.114	-0.629	9.521	2.249
1417511889235	37.504116	139.941763	4	0.097	-0.637	9.581	2.199
1417511889336	37.504115	139.941764	4	0.098	-0.522	9.568	2.150
1417511889436	37.504113	139.941765	4	0.110	-0.394	9.583	2.102
1417511889537	37.504112	139.941767	4	0.069	-0.379	9.657	2.056
1417511889633	37.504110	139.941768	4	0.023	-0.534	9.876	2.012
1417511889733	37.504109	139.941768	4	0.010	-0.453	9.719	1.981
1417511889834	37.504108	139.941769	4	0.016	-0.324	9.473	1.954
1417511889935	37.504107	139.941769	4	-0.003	-0.315	9.545	1.928
1417511890036	37.504105	139.941770	4	0.037	-0.228	9.519	1.902
1417511890136	37.504104	139.941770	4	0.052	-0.194	9.578	1.877
1417511890237	37.504103	139.941771	4	0.053	-0.221	9.622	1.852
1417511890333	37.504102	139.941771	4	0.055	-0.200	9.574	1.828
1417511890433	37.504101	139.941772	4	0.053	-0.206	9.610	1.804
1417511890534	37.504099	139.941772	4	0.032	-0.198	9.602	1.780
1417511890635	37.504098	139.941773	4	0.078	-0.172	9.604	1.756
1417511890735	37.504097	139.941773	3	0.140	-0.140	9.637	1.768
1417511890836	37.504095	139.941774	3	0.132	-0.075	9.656	1.792
1417511890937	37.504094	139.941775	3	0.035	0.008	9.660	1.816
1417511891033	37.504092	139.941775	3	-0.018	0.123	9.717	1.839
1417511891133	37.504091	139.941776	3	-0.014	0.305	9.669	1.864
1417511891234	37.504089	139.941776	3	-0.012	0.543	9.618	1.889
1417511891335	37.504087	139.941777	3	-0.027	0.676	9.678	1.915
1417511891435	37.504086	139.941778	3	0.004	0.813	9.719	1.941
1417511891536	37.504084	139.941778	3	0.017	0.896	9.689	1.967
1417511891637	37.504082	139.941779	3	-0.002	0.966	9.622	1.994
1417511891738	37.504080	139.941780	3	-0.068	0.966	9.609	2.064
1417511891833	37.504078	139.941780	3	-0.084	0.916	9.724	2.144
1417511891934	37.504076	139.941781	3	-0.018	0.934	9.694	2.234
1417511892035	37.504073	139.941782	3	-0.028	0.898	9.632	2.328
1417511892135	37.504071	139.941782	3	-0.062	0.801	9.733	2.425
1417511892236	37.504068	139.941783	3	-0.090	0.826	9.633	2.527
1417511892337	37.504065	139.941784	3	-0.053	0.754	9.743	2.633
1417511892437	37.504062	139.941785	3	-0.035	0.735	9.680	2.742
1417511892533	37.504059	139.941786	3	-0.053	0.734	9.611	2.851
1417511892634	37.504056	139.941787	3	-0.016	0.690	9.706	2.969
1417511892735	37.504053	139.941788	3	0.031	0.666	9.723	3.050
1417511892835	37.504049	139.941789	3	-0.025	0.679	9.640	3.119
1417511892936	37.504046	139.941791	3	-0.044	0.655	9.622	3.190
1417511893037	37.504043	139.941792	3	-0.003	0.626	9.671	3.263
1417511893137	37.504039	139.941793	3	0.108	0.620	9.684	3.337
1417511893233	37.504036	139.941795	3	0.062	0.600	9.654	3.409
1417511893334	37.504032	139.941796	3	-0.026	0.545	9.707	3.487
1417511893434	37.504029	139.941798	3	-0.032	0.526	9.697	3.566
1417511893535	37.504025	139.941799	3	-0.005	0.523	9.707	3.647
1417511893637	37.504021	139.941801	3	0.003	0.523	9.690	3.731
1417511893737	37.504017	139.941802	4	0.008	0.380	9.591	3.803
1417511893837	37.504013	139.941804	4	0.020	0.081	9.665	3.873
1417511893933	37.504009	139.941806	4	0.047	-0.153	9.697	3.941
1417511894034	37.504004	139.941807	4	0.053	-0.356	9.686	4.015
1417511894134	37.504000	139.941809	4	0.038	-0.466	9.651	4.089
1417511894235	37.503996	139.941811	4	0.086	-0.481	9.623	4.165
1417511894336	37.503991	139.941813	4	0.083	-0.434	9.652	4.242
1417511894437	37.503987	139.941815	4	0.055	-0.359	9.624	4.321
1417511894537	37.503982	139.941817	4	0.051	-0.331	9.649	4.400
1417511894633	37.503977	139.941818	4	0.086	-0.195	9.649	4.478
1417511894734	37.503973	139.941820	4	0.074	-0.019	9.695	4.518
1417511894834	37.503969	139.941822	4	0.004	0.326	9.660	4.543
1417511894935	37.503965	139.941823	4	-0.013	0.521	9.658	4.567
1417511895036	37.503961	139.941825	4	-0.008	0.634	9.661	4.592
1417511895136	37.503957	139.941826	4	-0.030	0.633	9.645	4.617
1417511895237	37.503953	139.941828	4	-0.027	0.520	9.634	4.643
1417511895333	37.503949	139.941829	4	0.026	0.392	9.660	4.667
1417511895433	37.503945	139.941831	4	0.012	0.229	9.640	4.692
1417511895534	37.503941	139.941832	4	-0.009	0.059	9.624	4.718
1417511895635	37.503937	139.941834	4	-0.005	-0.067	9.672	4.744
1417511895736	37.503933	139.941836	4	-0.036	-0.088	9.593	4.750
1417511895836	37.503928	139.941838	4	-0.055	-0.095	9.600	4.750
1417511895937	37.503924	139.941840	4	-0.027	-0.063	9.691	4.750
1417511896033	37.503919	139.941841	4	-0.008	0.075	9.669	4.750
1417511896133	37.503915	139.941843	4	-0.024	0.227	9.637	4.750
1417511896234	37.503910	139.941845	4	-0.047	0.301	9.631	4.750
1417511896335	37.503906	139.941847	4	-0.028	0.370	9.712	4.750
1417511896436	37.503901	139.941850	4	-0.017	0.481	9.672	4.750
1417511896536	37.503897	139.941852	4	-0.010	0.533	9.654	4.750
1417511896637	37.503892	139.941854	4	-0.043	0.537	9.754	4.750
1417511896733	37.503887	139.941856	6	-0.102	0.599	9.734	4.831
1417511896833	37.503883	139.941859	6	-0.112	0.658	9.613	4.945
1417511896934	37.503877	139.941862	6	-0.093	0.633	9.684	5.064
1417511897035	37.503872	139.941865	6	-0.135	0.649	9.651	5.185
1417511897135	37.503867	139.941869	6	-0.174	0.606	9.725	5.308
1417511897236	37.503861	139.941872	6	-0.127	0.603	9.692	5.435
1417511897337	37.503856	139.941876	6	-0.142	0.645	9.601	5.564
1417511897433	37.503850	139.941879	6	-0.162	0.675	9.522	5.691
1417511897538	37.503844	139.941883	6	-0.120	0.643	9.634	5.832
1417511897634	37.503839	139.941886	6	-0.119	0.598	9.714	5.964
1417511897733	37.503833	139.941889	6	-0.115	0.579	9.652	6.035
1417511897835	37.503828	139.941891	6	-0.086	0.557	9.681	6.085
1417511897934	37.503822	139.941894	6	-0.076	0.616	9.534	6.133
1417511898037	37.503816	139.941896	6	-0.077	0.568	9.639	6.184
1417511898133	37.503811	139.941899	6	-0.075	0.536	9.782	6.232
1417511898233	37.503805	139.941901	6	-0.067	0.517	9.673	6.282
1417511898334	37.503800	139.941904	6	-0.054	0.490	9.693	6.333
1417511898435	37.503794	139.941906	6	-0.047	0.511	9.663	6.384
1417511898535	37.503788	139.941909	6	0.014	0.493	9.749	6.435
1417511898636	37.503782	139.941911	6	-0.013	0.490	9.723	6.488
1417511898737	37.503776	139.941914	4	-0.025	0.458	9.613	6.537
1417511898837	37.503770	139.941918	4	-0.038	0.465	9.617	6.586
1417511898933	37.503764	139.941921	4	-0.040	0.412	9.696	6.633
1417511899034	37.503758	139.941924	4	-0.068	0.365	9.731	6.683
1417511899135	37.503751	139.941927	4	-0.062	0.312	9.755	6.733
1417511899235	37.503745	139.941931	4	-0.076	0.395	9.565	6.783
1417511899336	37.503738	139.941934	4	-0.221	0.463	9.371	6.834
1417511899437	37.503732	139.941937	4	-0.233	0.373	9.544	6.885
1417511899537	37.503725	139.941941	4	-0.210	0.320	9.546	6.937
1417511899633	37.503719	139.941944	4	-0.161	0.285	9.535	6.986
1417511899734	37.503712	139.941947	4	-0.258	0.256	9.546	7.036
1417511899834	37.503706	139.941949	4	-0.253	0.258	9.591	7.085
1417511899935	37.503700	139.941952	4	-0.266	0.266	9.590	7.134
1417511900036	37.503694	139.941955	4	-0.237	0.269	9.591	7.184
1417511900137	37.503687	139.941957	4	-0.270	0.193	9.723	7.234
1417511900237	37.503681	139.941960	4	-0.296	0.170	9.764	7.284
1417511900333	37.503675	139.941962	4	-0.214	0.157	9.713	7.333
1417511900434	37.503669	139.941965	4	-0.198	0.098	9.629	7.384
1417511900534	37.503662	139.941968	4	-0.184	-0.115	9.755	7.435
1417511900635	37.503656	139.941970	4	-0.149	-0.277	9.764	7.487
1417511900736	37.503649	139.941973	4	-0.112	-0.302	9.650	7.519
1417511900837	37.503643	139.941976	4	-0.118	-0.202	9.671	7.544
1417511900937	37.503636	139.941978	4	-0.133	-0.056	9.645	7.568
1417511901033	37.503630	139.941981	4	-0.109	0.045	9.560	7.592
1417511901134	37.503624	139.941983	4	-0.097	0.009	9.504	7.617
1417511901234	37.503618	139.941986	4	-0.120	-0.004	9.661	7.642
1417511901335	37.503611	139.941988	4	-0.071	0.036	9.626	7.668
1417511901436	37.503605	139.941991	4	-0.017	0.057	9.633	7.693
1417511901536	37.503598	139.941994	4	0.011	0.112	9.562	7.719
1417511901637	37.503591	139.941996	4	0.028	0.112	9.580	7.744
1417511901733	37.503585	139.941999	3	0.013	0.082	9.654	7.785
1417511901834	37.503578	139.942002	3	0.043	0.091	9.604	7.835
1417511901934	37.503571	139.942005	3	0.029	0.100	9.572	7.884
1417511902035	37.503564	139.942008	3	-0.073	0.105	9.586	7.934
1417511902136	37.503557	139.942011	3	-0.122	0.050	9.717	7.984
1417511902236	37.503550	139.942014	3	-0.134	0.143	9.644	8.034
1417511902337	37.503543	139.942017	3	-0.129	0.211	9.598	8.085
1417511902433	37.503536	139.942020	3	-0.092	0.236	9.721	8.134
1417511902533	37.503529	139.942023	3	0.006	0.254	9.719	8.185
1417511902634	37.503522	139.942026	3	0.089	0.288	9.668	8.237
1417511902735	37.503515	139.942030	4	0.091	0.330	9.642	8.286
1417511902836	37.503508	139.942034	4	0.108	0.315	9.642	8.336
1417511902936	37.503501	139.942037	4	0.045	0.258	9.708	8.385
1417511903037	37.503493	139.942041	4	0.030	0.257	9.664	8.435
1417511903133	37.503486	139.942045	4	0.024	0.259	9.661	8.483
1417511903233	37.503479	139.942048	4	0.024	0.233	9.743	8.533
1417511903334	37.503472	139.942052	4	0.047	0.241	9.737	8.584
1417511903435	37.503465	139.942056	4	-0.022	0.265	9.722	8.635
1417511903535	37.503457	139.942060	4	0.011	0.286	9.712	8.686
1417511903636	37.503450	139.942064	4	0.008	0.310	9.645	8.738
1417511903737	37.503442	139.942067	4	0.051	0.294	9.715	8.788
1417511903833	37.503434	139.942071	4	0.076	0.277	9.666	8.835
1417511903933	37.503426	139.942074	4	0.064	0.257	9.702	8.884
1417511904034	37.503418	139.942077	4	0.068	0.246	9.726	8.934
1417511904135	37.503410	139.942080	4	0.145	0.301	9.670	8.984
1417511904235	37.503402	139.942084	4	0.195	0.316	9.623	9.034
1417511904336	37.503394	139.942087	4	0.171	0.293	9.649	9.085
1417511904437	37.503385	139.942090	4	0.178	0.246	9.702	9.136
1417511904533	37.503378	139.942094	4	0.107	0.243	9.658	9.185
1417511904633	37.503369	139.942097	4	0.060	0.275	9.630	9.236
1417511904734	37.503361	139.942100	3	0.026	0.271	9.605	9.286
1417511904835	37.503353	139.942103	3	0.057	0.311	9.566	9.336
1417511904935	37.503345	139.942106	3	0.068	0.245	9.627	9.385
1417511905036	37.503336	139.942109	3	0.074	0.200	9.740	9.435
1417511905137	37.503328	139.942113	3	0.100	0.219	9.672	9.485
1417511905237	37.503320	139.942116	3	0.104	0.263	9.648	9.535
1417511905333	37.503312	139.942119	3	0.125	0.259	9.672	9.584
1417511905434	37.503303	139.942122	3	0.160	0.260	9.656	9.635
1417511905535	37.503295	139.942125	3	0.192	0.245	9.652	9.686
1417511905635	37.503286	139.942128	3	0.187	0.255	9.607	9.737
1417511905736	37.503278	139.942131	4	0.195	0.212	9.646	9.769
1417511905837	37.503269	139.942135	4	0.172	0.119	9.628	9.794
1417511905937	37.503261	139.942138	4	0.142	-0.020	9.581	9.819
1417511906033	37.503253	139.942141	4	0.180	-0.196	9.629	9.843
1417511906134	37.503244	139.942144	4	0.201	-0.310	9.672	9.868
1417511906234	37.503236	139.942147	4	0.200	-0.334	9.629	9.893
1417511906335	37.503228	139.942151	4	0.159	-0.250	9.574	9.918
1417511906436	37.503219	139.942154	4	0.175	-0.206	9.652	9.943
1417511906537	37.503210	139.942157	4	0.182	-0.163	9.696	9.969
1417511906637	37.503202	139.942160	4	0.180	-0.079	9.604	9.994
1417511906733	37.503193	139.942163	4	0.159	-0.058	9.659	10.018
1417511906834	37.503184	139.942167	4	0.133	-0.036	9.610	10.043
1417511906934	37.503175	139.942170	4	0.086	-0.015	9.532	10.068
1417511907035	37.503166	139.942173	4	0.045	0.005	9.540	10.093
1417511907136	37.503157	139.942177	4	0.034	0.003	9.602	10.118
1417511907237	37.503148	139.942180	4	0.021	0.023	9.687	10.143
1417511907337	37.503139	139.942183	4	0.035	0.128	9.588	10.169
1417511907433	37.503130	139.942186	4	0.016	0.152	9.663	10.193
1417511907534	37.503121	139.942190	4	0.049	0.122	9.749	10.218
1417511907634	37.503111	139.942193	4	-0.008	0.153	9.683	10.243
1417511907735	37.503102	139.942196	4	0.002	0.167	9.682	10.269
1417511907836	37.503093	139.942199	4	0.007	0.205	9.644	10.294
1417511907936	37.503084	139.942202	4	0.037	0.199	9.637	10.318
1417511908037	37.503075	139.942206	4	0.025	0.189	9.564	10.344
1417511908133	37.503066	139.942209	4	0.028	0.170	9.620	10.367
1417511908234	37.503056	139.942212	4	0.022	0.125	9.671	10.393
1417511908334	37.503047	139.942215	4	0.013	0.174	9.581	10.418
1417511908435	37.503038	139.942218	4	0.038	0.214	9.505	10.443
1417511908536	37.503029	139.942221	4	0.027	0.181	9.567	10.469
1417511908636	37.503019	139.942224	4	0.071	0.103	9.689	10.494
1417511908737	37.503010	139.942228	4	0.075	0.001	9.765	10.519
1417511908833	37.503001	139.942231	4	0.142	-0.021	9.664	10.543
1417511908933	37.502992	139.942234	4	0.186	-0.067	9.608	10.568
1417511909034	37.502983	139.942238	4	0.158	-0.158	9.607	10.593
1417511909135	37.502974	139.942242	4	0.155	-0.197	9.581	10.618
1417511909236	37.502965	139.942245	4	0.120	-0.234	9.666	10.643
1417511909336	37.502956	139.942249	4	0.129	-0.157	9.630	10.668
1417511909437	37.502946	139.942252	4	0.184	-0.071	9.617	10.694
1417511909533	37.502938	139.942256	4	0.228	-0.080	9.683	10.718
1417511909633	37.502928	139.942259	4	0.274	-0.078	9.703	10.743
1417511909734	37.502919	139.942263	4	0.299	-0.048	9.580	10.750
1417511909835	37.502910	139.942267	4	0.281	-0.068	9.630	10.750
1417511909935	37.502901	139.942271	4	0.237	-0.106	9.623	10.750
1417511910036	37.502892	139.942275	4	0.191	-0.108	9.600	10.750
1417511910137	37.502883	139.942279	4	0.164	-0.105	9.624	10.750
1417511910233	37.502874	139.942283	4	0.136	-0.096	9.594	10.750
1417511910333	37.502865	139.942287	4	0.099	-0.064	9.544	10.750
1417511910434	37.502856	139.942291	4	0.058	-0.090	9.549	10.750
1417511910535	37.502846	139.942295	4	0.000	-0.138	9.605	10.750
1417511910635	37.502837	139.942299	4	-0.025	-0.131	9.574	10.750
1417511910736	37.502828	139.942303	4	-0.044	-0.125	9.572	10.769
1417511910837	37.502818	139.942306	4	-0.071	-0.102	9.577	10.794
1417511910937	37.502809	139.942310	4	-0.007	-0.083	9.643	10.819
1417511911033	37.502800	139.942314	4	-0.049	-0.054	9.638	10.843
1417511911134	37.502790	139.942317	4	-0.078	0.006	9.509	10.868
1417511911235	37.502781	139.942321	4	-0.113	-0.018	9.570	10.893
1417511911335	37.502771	139.942325	4	-0.153	-0.070	9.729	10.918
1417511911436	37.502761	139.942329	4	-0.200	-0.084	9.762	10.944
1417511911537	37.502752	139.942332	4	-0.146	0.009	9.632	10.969
1417511911637	37.502742	139.942336	4	-0.134	-0.001	9.759	10.994
1417511911733	37.502733	139.942340	4	-0.009	-0.068	9.828	11.018
1417511911839	37.502722	139.942344	4	0.009	-0.016	9.690	11.044
1417511911934	37.502712	139.942348	4	0.009	-0.051	9.817	11.068
1417511912034	37.502702	139.942351	4	0.030	0.004	9.752	11.093
1417511912136	37.502691	139.942355	4	0.052	0.018	9.777	11.118
1417511912235	37.502681	139.942359	4	0.096	-0.061	9.936	11.143
1417511912337	37.502671	139.942363	4	0.116	0.063	9.760	11.169
1417511912433	37.502661	139.942367	4	-0.010	0.294	9.029	11.193
1417511912534	37.502650	139.942371	4	-0.038	0.143	9.209	11.218
1417511912634	37.502640	139.942375	4	-0.123	-0.078	9.521	11.243
1417511912735	37.502629	139.942379	4	-0.136	-0.075	9.680	11.269
1417511912836	37.502619	139.942383	4	-0.045	0.008	9.744	11.294
1417511912937	37.502609	139.942388	4	-0.012	0.034	9.765	11.319
1417511913037	37.502599	139.942392	4	0.031	0.041	9.786	11.344
1417511913133	37.502589	139.942396	4	0.051	0.052	9.784	11.368
1417511913234	37.502579	139.942400	4	0.114	0.079	9.814	11.393
1417511913334	37.502569	139.942404	4	0.163	0.141	9.648	11.418
1417511913435	37.502558	139.942408	4	0.179	0.160	9.615	11.443
1417511913536	37.502548	139.942413	4	0.137	0.124	9.563	11.469
1417511913636	37.502537	139.942417	4	0.205	0.105	9.557	11.494
1417511913737	37.502527	139.942421	3	0.176	0.073	9.571	11.519
1417511913833	37.502518	139.942426	3	0.171	0.060	9.533	11.543
1417511913934	37.502508	139.942430	3	0.159	0.106	9.462	11.568
1417511914034	37.502498	139.942435	3	0.187	0.099	9.477	11.593
1417511914135	37.502488	139.942439	3	0.190	0.103	9.470	11.618
1417511914236	37.502478	139.942444	3	0.151	0.070	9.484	11.643
1417511914336	37.502468	139.942448	3	0.140	-0.026	9.724	11.668
1417511914437	37.502457	139.942453	3	0.078	-0.008	9.674	11.694
1417511914533	37.502448	139.942457	3	0.042	0.030	9.683	11.718
1417511914634	37.502438	139.942462	3	0.076	0.057	9.649	11.743
1417511914734	37.502428	139.942466	4	0.090	0.036	9.631	11.786
1417511914835	37.502417	139.942470	4	0.096	0.029	9.606	11.836
1417511914936	37.502407	139.942474	4	0.071	0.044	9.516	11.886
1417511915036	37.502397	139.942478	4	0.102	-0.015	9.680	11.936
1417511915137	37.502387	139.942482	4	0.138	0.002	9.661	11.986
1417511915233	37.502377	139.942486	4	0.104	0.014	9.658	12.034
1417511915334	37.502367	139.942490	4	0.096	-0.006	9.676	12.085
1417511915435	37.502356	139.942494	4	0.057	-0.054	9.821	12.136
1417511915535	37.502346	139.942498	4	0.033	-0.042	9.747	12.186
1417511915636	37.502336	139.942502	4	0.034	-0.037	9.716	12.238
1417511915736	37.502325	139.942506	4	0.070	-0.108	9.653	12.250
1417511915837	37.502314	139.942510	4	0.067	-0.234	9.698	12.250
1417511915933	37.502303	139.942514	4	0.085	-0.295	9.631	12.250
1417511916033	37.502292	139.942518	4	0.092	-0.288	9.569	12.250
1417511916134	37.502281	139.942522	4	0.054	-0.297	9.465	12.250
1417511916235	37.502270	139.942526	4	0.081	-0.379	9.683	12.250
1417511916335	37.502259	139.942530	4	0.073	-0.351	9.649	12.250
1417511916436	37.502248	139.942534	4	0.084	-0.258	9.590	12.250
1417511916537	37.502237	139.942538	4	0.017	-0.177	9.595	12.250
1417511916633	37.502227	139.942542	4	0.030	-0.110	9.513	12.250
1417511916733	37.502216	139.942546	4	0.018	-0.105	9.548	12.250
1417511916834	37.502206	139.942551	4	0.016	-0.113	9.574	12.250
1417511916935	37.502195	139.942555	4	0.039	-0.126	9.663	12.250
1417511917035	37.502185	139.942559	4	0.108	-0.131	9.739	12.250
1417511917136	37.502174	139.942564	4	0.160	-0.047	9.607	12.250
1417511917237	37.502163	139.942568	4	0.171	-0.057	9.665	12.250
1417511917337	37.502153	139.942573	4	0.216	-0.069	9.633	12.250
1417511917433	37.502143	139.942577	4	0.202	-0.057	9.576	12.250
1417511917534	37.502132	139.942581	4	0.201	-0.110	9.570	12.250
1417511917635	37.502122	139.942586	4	0.226	-0.178	9.664	12.250
1417511917735	37.502111	139.942590	5	0.213	-0.148	9.508	12.269
1417511917836	37.502100	139.942594	5	0.153	-0.160	9.439	12.294
1417511917937	37.502088	139.942598	5	0.122	-0.208	9.513	12.319
1417511918037	37.502077	139.942602	5	0.097	-0.266	9.567	12.344
1417511918133	37.502067	139.942606	5	0.044	-0.255	9.571	12.368
1417511918234	37.502056	139.942610	5	0.048	-0.299	9.735	12.393
1417511918335	37.502044	139.942614	5	0.090	-0.277	9.752	12.418
1417511918435	37.502033	139.942618	5	0.046	-0.266	9.680	12.443
1417511918536	37.502022	139.942622	5	-0.022	-0.218	9.566	12.469
1417511918637	37.502011	139.942626	5	-0.007	-0.251	9.612	12.494
1417511918737	37.502000	139.942630	5	0.006	-0.285	9.617	12.500
1417511918833	37.501989	139.942633	5	0.017	-0.266	9.568	12.500
1417511918934	37.501978	139.942637	5	0.054	-0.352	9.641	12.500
1417511919034	37.501967	139.942640	5	0.053	-0.404	9.595	12.500
1417511919135	37.501956	139.942644	5	0.087	-0.419	9.602	12.500
1417511919236	37.501945	139.942648	5	0.061	-0.482	9.732	12.500
1417511919337	37.501934	139.942651	5	0.041	-0.477	9.713	12.500
1417511919437	37.501923	139.942655	5	-0.021	-0.391	9.652	12.500
1417511919533	37.501913	139.942658	5	-0.013	-0.385	9.729	12.500
1417511919634	37.501902	139.942662	5	-0.033	-0.408	9.825	12.500
1417511919734	37.501891	139.942666	4	-0.010	-0.306	9.739	12.500
1417511919835	37.501880	139.942670	4	0.058	-0.261	9.730	12.500
1417511919936	37.501870	139.942674	4	0.045	-0.217	9.672	12.500
1417511920037	37.501859	139.942678	4	0.032	-0.168	9.603	12.500
1417511920137	37.501848	139.942682	4	0.040	-0.201	9.699	12.500
1417511920233	37.501838	139.942685	4	0.033	-0.123	9.603	12.500
1417511920334	37.501828	139.942689	4	0.049	-0.061	9.516	12.500
1417511920434	37.501817	139.942693	4	0.082	-0.076	9.556	12.500
1417511920535	37.501806	139.942697	4	0.138	-0.076	9.564	12.500
1417511920636	37.501796	139.942701	4	0.107	-0.100	9.568	12.500
1417511920736	37.501785	139.942705	4	0.139	-0.100	9.624	12.519
1417511920837	37.501774	139.942709	4	0.173	-0.081	9.651	12.544
1417511920933	37.501764	139.942713	4	0.156	-0.077	9.628	12.568
1417511921033	37.501753	139.942718	4	0.182	-0.031	9.551	12.593
1417511921134	37.501743	139.942722	4	0.249	-0.085	9.701	12.618
1417511921235	37.501732	139.942726	4	0.226	-0.065	9.588	12.643
1417511921336	37.501721	139.942730	4	0.190	-0.081	9.650	12.668
1417511921436	37.501710	139.942735	4	0.099	-0.188	9.815	12.694
1417511921537	37.501699	139.942739	4	0.090	-0.074	9.572	12.719
1417511921633	37.501689	139.942743	4	0.238	0.086	9.251	12.743
1417511921733	37.501678	139.942747	4	0.318	-0.031	9.231	12.750
1417511921834	37.501666	139.942751	4	0.335	-0.282	9.516	12.750
1417511921935	37.501654	139.942755	4	0.308	-0.329	9.745	12.750
1417511922035	37.501643	139.942759	4	0.205	-0.225	9.723	12.750
1417511922136	37.501631	139.942763	4	0.137	-0.132	9.669	12.750
1417511922237	37.501620	139.942767	4	0.088	-0.090	9.508	12.750
1417511922333	37.501609	139.942771	4	0.099	-0.118	9.541	12.750
1417511922433	37.501597	139.942775	4	0.080	-0.213	9.588	12.750
1417511922534	37.501585	139.942779	4	0.099	-0.193	9.539	12.750
1417511922635	37.501574	139.942783	4	0.058	-0.273	9.776	12.750
1417511922735	37.501563	139.942787	4	0.028	-0.239	9.725	12.769
1417511922836	37.501552	139.942792	4	0.059	-0.073	9.536	12.794
1417511922937	37.501540	139.942796	4	0.139	-0.120	9.547	12.819
1417511923033	37.501530	139.942800	4	0.150	-0.266	9.747	12.843
1417511923133	37.501519	139.942805	4	0.190	-0.284	9.876	12.868
1417511923234	37.501508	139.942809	4	0.158	-0.170	9.742	12.893
1417511923335	37.501496	139.942814	4	0.147	-0.075	9.568	12.918
1417511923435	37.501485	139.942818	4	0.172	-0.100	9.555	12.943
1417511923536	37.501474	139.942823	4	0.170	-0.181	9.595	12.969
1417511923637	37.501463	139.942827	4	0.186	-0.138	9.518	12.994
1417511923737	37.501452	139.942831	4	0.120	-0.161	9.602	13.019
1417511923833	37.501441	139.942836	4	0.124	-0.196	9.697	13.043
1417511923934	37.501430	139.942840	4	0.175	-0.083	9.563	13.068
1417511924035	37.501419	139.942844	4	0.240	-0.121	9.613	13.093
1417511924135	37.501408	139.942849	4	0.253	-0.159	9.592	13.118
1417511924236	37.501397	139.942853	4	0.272	-0.177	9.670	13.143
1417511924337	37.501386	139.942858	4	0.238	-0.148	9.574	13.169
1417511924438	37.501375	139.942862	4	0.220	-0.190	9.656	13.194
1417511924533	37.501365	139.942866	4	0.269	-0.172	9.663	13.218
1417511924634	37.501354	139.942871	4	0.299	-0.188	9.706	13.243
1417511924735	37.501343	139.942875	4	0.344	-0.131	9.621	13.250
1417511924835	37.501332	139.942878	4	0.290	-0.150	9.631	13.250
1417511924936	37.501321	139.942882	4	0.276	-0.199	9.692	13.250
1417511925037	37.501310	139.942885	4	0.244	-0.158	9.660	13.250
1417511925137	37.501299	139.942889	4	0.320	-0.157	9.647	13.250
1417511925233	37.501289	139.942892	4	0.318	-0.114	9.563	13.250
1417511925334	37.501278	139.942896	4	0.316	-0.141	9.581	13.250
1417511925434	37.501267	139.942899	4	0.366	-0.170	9.632	13.250
1417511925535	37.501256	139.942903	4	0.357	-0.147	9.621	13.250
1417511925636	37.501245	139.942906	4	0.385	-0.128	9.570	13.250
1417511925737	37.501233	139.942909	4	0.416	-0.111	9.534	13.250
1417511925837	37.501222	139.942912	4	0.419	-0.160	9.633	13.250
1417511925938	37.501210	139.942915	4	0.422	-0.173	9.644	13.250
1417511926034	37.501199	139.942918	4	0.390	-0.160	9.617	13.250
1417511926133	37.501188	139.942921	4	0.369	-0.175	9.643	13.250
1417511926235	37.501176	139.942924	4	0.366	-0.185	9.738	13.250
1417511926334	37.501164	139.942927	4	0.375	-0.164	9.694	13.250
1417511926437	37.501153	139.942930	4	0.364	-0.131	9.627	13.250
1417511926536	37.501141	139.942933	4	0.340	-0.165	9.616	13.250
1417511926633	37.501130	139.942936	4	0.376	-0.254	9.619	13.250
1417511926734	37.501119	139.942940	4	0.405	-0.292	9.572	13.231
1417511926834	37.501107	139.942944	4	0.406	-0.375	9.558	13.206
1417511926935	37.501096	139.942948	4	0.423	-0.437	9.658	13.181
1417511927036	37.501084	139.942952	4	0.396	-0.410	9.622	13.155
1417511927136	37.501073	139.942956	4	0.356	-0.366	9.650	13.130
1417511927237	37.501062	139.942960	4	0.372	-0.286	9.502	13.105
1417511927333	37.501051	139.942963	4	0.372	-0.313	9.576	13.081
1417511927433	37.501039	139.942967	4	0.342	-0.320	9.626	13.056
1417511927534	37.501028	139.942971	4	0.387	-0.245	9.534	13.031
1417511927635	37.501017	139.942975	4	0.427	-0.222	9.569	13.006
1417511927736	37.501005	139.942979	3	0.433	-0.259	9.595	13.019
1417511927836	37.500994	139.942982	3	0.428	-0.347	9.736	13.044
1417511927937	37.500982	139.942985	3	0.407	-0.275	9.613	13.069
1417511928033	37.500971	139.942989	3	0.350	-0.311	9.637	13.093
1417511928133	37.500960	139.942992	3	0.343	-0.347	9.718	13.118
1417511928234	37.500948	139.942995	3	0.314	-0.288	9.579	13.143
1417511928335	37.500937	139.942999	3	0.313	-0.239	9.545	13.168
1417511928436	37.500925	139.943002	3	0.330	-0.312	9.595	13.194
1417511928536	37.500913	139.943006	3	0.291	-0.361	9.636	13.219
1417511928637	37.500902	139.943009	3	0.271	-0.304	9.521	13.244
1417511928733	37.500890	139.943012	4	0.304	-0.296	9.506	13.250
1417511928833	37.500879	139.943015	4	0.331	-0.363	9.634	13.250
1417511928934	37.500867	139.943018	4	0.320	-0.364	9.644	13.250
1417511929035	37.500855	139.943021	4	0.354	-0.336	9.618	13.250
1417511929135	37.500843	139.943024	4	0.367	-0.378	9.673	13.250
1417511929236	37.500831	139.943027	4	0.348	-0.339	9.607	13.250
1417511929337	37.500819	139.943030	4	0.348	-0.348	9.614	13.250
1417511929433	37.500808	139.943032	4	0.347	-0.344	9.624	13.250
1417511929533	37.500796	139.943035	4	0.393	-0.272	9.562	13.250
1417511929634	37.500784	139.943038	4	0.441	-0.306	9.626	13.250
1417511929735	37.500773	139.943042	4	0.479	-0.354	9.668	13.231
1417511929835	37.500761	139.943046	4	0.532	-0.359	9.680	13.206
1417511929936	37.500750	139.943050	4	0.528	-0.242	9.467	13.181
1417511930037	37.500739	139.943054	4	0.552	-0.285	9.530	13.155
1417511930137	37.500727	139.943058	4	0.525	-0.416	9.740	13.130
1417511930233	37.500717	139.943062	4	0.460	-0.385	9.664	13.106
1417511930334	37.500705	139.943066	4	0.425	-0.311	9.606	13.081
1417511930435	37.500694	139.943070	4	0.351	-0.297	9.515	13.056
1417511930535	37.500683	139.943074	4	0.305	-0.332	9.546	13.031
1417511930636	37.500672	139.943078	4	0.291	-0.333	9.513	13.006
1417511930737	37.500660	139.943081	4	0.299	-0.317	9.501	12.981
1417511930837	37.500649	139.943085	4	0.385	-0.308	9.509	12.955
1417511930933	37.500638	139.943088	4	0.375	-0.356	9.568	12.931
1417511931034	37.500627	139.943091	4	0.336	-0.391	9.587	12.906
1417511931135	37.500616	139.943094	4	0.223	-0.375	9.574	12.881
1417511931235	37.500604	139.943097	4	0.182	-0.305	9.502	12.856
1417511931336	37.500593	139.943100	4	0.178	-0.369	9.615	12.830
1417511931437	37.500582	139.943103	4	0.228	-0.386	9.663	12.805
1417511931537	37.500571	139.943106	4	0.268	-0.276	9.480	12.780
1417511931633	37.500560	139.943109	4	0.187	-0.359	9.588	12.757
1417511931734	37.500548	139.943112	3	0.232	-0.366	9.549	12.804
1417511931834	37.500536	139.943115	3	0.209	-0.378	9.652	12.877
1417511931935	37.500524	139.943118	3	0.175	-0.426	9.796	12.952
1417511932036	37.500512	139.943120	3	0.216	-0.315	9.647	13.027
1417511932137	37.500499	139.943123	3	0.287	-0.282	9.597	13.102
1417511932237	37.500487	139.943126	3	0.287	-0.299	9.530	13.178
1417511932333	37.500475	139.943129	3	0.295	-0.304	9.501	13.250
1417511932434	37.500462	139.943132	3	0.315	-0.329	9.565	13.327
1417511932534	37.500450	139.943134	3	0.303	-0.305	9.497	13.403
1417511932635	37.500437	139.943137	3	0.301	-0.299	9.492	13.481
1417511932736	37.500425	139.943140	3	0.303	-0.372	9.602	13.461
1417511932836	37.500413	139.943142	3	0.248	-0.312	9.502	13.411
1417511932937	37.500402	139.943145	3	0.260	-0.353	9.609	13.360
1417511933033	37.500391	139.943147	3	0.266	-0.365	9.559	13.311
1417511933134	37.500379	139.943150	3	0.207	-0.335	9.409	13.261
1417511933234	37.500367	139.943152	3	0.268	-0.445	9.576	13.211
1417511933335	37.500356	139.943155	3	0.273	-0.571	9.722	13.160
1417511933436	37.500344	139.943157	3	0.300	-0.552	9.689	13.110
1417511933536	37.500333	139.943160	3	0.265	-0.581	9.673	13.061
1417511933637	37.500322	139.943162	3	0.226	-0.478	9.399	13.011
1417511933733	37.500311	139.943164	3	0.317	-0.294	8.935	12.982
1417511933834	37.500299	139.943166	3	0.346	-0.732	9.643	12.956
1417511933934	37.500288	139.943168	3	0.327	-0.960	10.100	12.931
1417511934035	37.500276	139.943170	3	0.191	-0.599	9.822	12.906
1417511934136	37.500264	139.943172	3	0.169	-0.416	9.619	12.880
1417511934236	37.500253	139.943174	3	0.175	-0.433	9.604	12.855
1417511934337	37.500242	139.943176	3	0.212	-0.455	9.591	12.830
1417511934433	37.500231	139.943178	3	0.205	-0.428	9.713	12.806
1417511934533	37.500219	139.943180	3	0.194	-0.327	9.657	12.781
1417511934634	37.500208	139.943182	3	0.105	-0.265	9.617	12.756
1417511934735	37.500196	139.943184	3	0.096	-0.261	9.692	12.750
1417511934836	37.500185	139.943186	3	0.092	-0.248	9.674	12.750
1417511934936	37.500173	139.943188	3	0.136	-0.220	9.658	12.750
1417511935037	37.500162	139.943191	3	0.208	-0.153	9.512	12.750
1417511935133	37.500151	139.943193	3	0.293	-0.146	9.470	12.750
1417511935233	37.500139	139.943195	3	0.279	-0.242	9.545	12.750
1417511935334	37.500127	139.943197	3	0.230	-0.301	9.648	12.750
1417511935435	37.500116	139.943200	3	0.167	-0.260	9.651	12.750
1417511935536	37.500104	139.943202	3	0.123	-0.202	9.558	12.750
1417511935636	37.500093	139.943204	3	0.084	-0.206	9.576	12.750
1417511935737	37.500081	139.943207	3	0.079	-0.214	9.559	12.788
1417511935833	37.500069	139.943208	3	0.017	-0.276	9.658	12.835
1417511935933	37.500057	139.943210	3	0.034	-0.251	9.676	12.885
1417511936034	37.500045	139.943212	3	0.063	-0.163	9.612	12.935
1417511936135	37.500033	139.943214	3	0.125	-0.153	9.556	12.985
1417511936235	37.500021	139.943216	3	0.237	-0.176	9.576	13.035
1417511936336	37.500009	139.943218	3	0.238	-0.233	9.609	13.086
1417511936437	37.499996	139.943220	3	0.263	-0.228	9.585	13.137
1417511936538	37.499984	139.943223	3	0.229	-0.212	9.587	13.188
1417511936633	37.499972	139.943224	3	0.195	-0.242	9.623	13.236
1417511936734	37.499960	139.943226	3	0.270	-0.259	9.768	13.250
1417511936835	37.499949	139.943228	3	0.293	-0.206	9.689	13.250
1417511936935	37.499937	139.943229	3	0.145	-0.108	9.438	13.250
1417511937036	37.499925	139.943231	3	0.189	-0.225	9.571	13.250
1417511937137	37.499913	139.943232	3	0.256	-0.236	9.625	13.250
1417511937237	37.499901	139.943234	3	0.268	-0.215	9.579	13.250
1417511937333	37.499890	139.943235	3	0.331	-0.249	9.633	13.250
1417511937434	37.499878	139.943237	3	0.329	-0.276	9.614	13.250
1417511937534	37.499867	139.943238	3	0.266	-0.339	9.586	13.250
1417511937635	37.499855	139.943240	3	0.243	-0.415	9.537	13.250
1417511937736	37.499843	139.943241	4	0.207	-0.466	9.543	13.250
1417511937837	37.499831	139.943242	4	0.218	-0.509	9.548	13.250
1417511937937	37.499820	139.943242	4	0.287	-0.550	9.616	13.250
1417511938033	37.499808	139.943243	4	0.351	-0.523	9.597	13.250
1417511938134	37.499797	139.943244	4	0.403	-0.487	9.575	13.250
1417511938234	37.499785	139.943245	4	0.420	-0.429	9.461	13.250
1417511938335	37.499773	139.943246	4	0.398	-0.489	9.549	13.250
1417511938436	37.499761	139.943247	4	0.400	-0.598	9.742	13.250
1417511938537	37.499749	139.943248	4	0.307	-0.560	9.728	13.250
1417511938637	37.499738	139.943249	4	0.271	-0.465	9.607	13.250
1417511938733	37.499726	139.943250	4	0.214	-0.540	9.731	13.232
1417511938834	37.499714	139.943251	4	0.189	-0.621	9.920	13.206
1417511938934	37.499703	139.943252	4	0.149	-0.518	9.806	13.181
1417511939035	37.499691	139.943253	4	0.152	-0.487	9.731	13.156
1417511939136	37.499679	139.943254	4	0.175	-0.482	9.677	13.130
1417511939236	37.499667	139.943255	4	0.166	-0.500	9.629	13.105
1417511939337	37.499656	139.943256	4	0.134	-0.498	9.635	13.080
1417511939433	37.499644	139.943257	4	0.132	-0.464	9.588	13.056
1417511939533	37.499633	139.943258	4	0.119	-0.437	9.637	13.031
1417511939634	37.499621	139.943259	4	0.039	-0.445	9.748	13.006
1417511939735	37.499609	139.943260	3	0.120	-0.340	9.620	13.000
1417511939836	37.499598	139.943261	3	0.152	-0.207	9.472	13.000
1417511939936	37.499586	139.943262	3	0.242	-0.280	9.581	13.000
1417511940037	37.499575	139.943264	3	0.302	-0.319	9.644	13.000
1417511940133	37.499564	139.943265	3	0.263	-0.244	9.518	13.000
1417511940239	37.499551	139.943266	3	0.258	-0.195	9.447	13.000
1417511940334	37.499540	139.943267	3	0.251	-0.253	9.540	13.000
1417511940433	37.499529	139.943268	3	0.269	-0.339	9.703	13.000
1417511940536	37.499517	139.943270	3	0.265	-0.265	9.625	13.000
1417511940635	37.499506	139.943271	3	0.305	-0.205	9.551	13.000
1417511940737	37.499494	139.943272	4	0.293	-0.255	9.599	13.019
1417511940833	37.499483	139.943272	4	0.251	-0.288	9.585	13.043
1417511940933	37.499471	139.943273	4	0.257	-0.329	9.707	13.068
1417511941034	37.499460	139.943274	4	0.255	-0.303	9.679	13.093
1417511941135	37.499448	139.943275	4	0.261	-0.265	9.640	13.118
1417511941236	37.499436	139.943276	4	0.286	-0.264	9.653	13.143
1417511941336	37.499424	139.943276	4	0.291	-0.261	9.634	13.168
1417511941437	37.499412	139.943277	4	0.268	-0.265	9.611	13.194
1417511941533	37.499401	139.943278	4	0.303	-0.272	9.649	13.218
1417511941633	37.499389	139.943279	4	0.352	-0.260	9.632	13.243
1417511941734	37.499377	139.943280	4	0.346	-0.295	9.686	13.250
1417511941835	37.499365	139.943280	4	0.307	-0.298	9.715	13.250
1417511941935	37.499353	139.943281	4	0.184	-0.248	9.553	13.250
1417511942036	37.499341	139.943282	4	0.216	-0.265	9.624	13.250
1417511942137	37.499329	139.943282	4	0.211	-0.298	9.637	13.250
1417511942233	37.499317	139.943283	4	0.248	-0.292	9.597	13.250
1417511942333	37.499305	139.943284	4	0.221	-0.319	9.641	13.250
1417511942434	37.499293	139.943284	4	0.184	-0.294	9.591	13.250
1417511942535	37.499281	139.943285	4	0.180	-0.261	9.522	13.250
1417511942635	37.499269	139.943286	4	0.161	-0.260	9.499	13.250
1417511942736	37.499257	139.943286	3	0.163	-0.318	9.629	13.269
1417511942837	37.499245	139.943287	3	0.128	-0.338	9.649	13.294
1417511942938	37.499233	139.943287	3	0.085	-0.328	9.705	13.319
1417511943033	37.499222	139.943287	3	0.057	-0.336	9.748	13.343
1417511943134	37.499210	139.943287	3	0.069	-0.286	9.701	13.368
1417511943235	37.499198	139.943288	3	0.085	-0.233	9.622	13.393
1417511943335	37.499187	139.943288	3	0.114	-0.260	9.652	13.418
1417511943436	37.499175	139.943288	3	0.166	-0.292	9.682	13.444
1417511943537	37.499163	139.943289	3	0.203	-0.220	9.552	13.469
1417511943637	37.499151	139.943289	3	0.234	-0.249	9.602	13.494
1417511943733	37.499139	139.943289	3	0.229	-0.270	9.633	13.500
1417511943834	37.499126	139.943289	3	0.218	-0.263	9.639	13.500
1417511943935	37.499114	139.943289	3	0.235	-0.239	9.621	13.500
1417511944035	37.499102	139.943289	3	0.228	-0.196	9.580	13.500
1417511944136	37.499089	139.943289	3	0.275	-0.248	9.667	13.500
1417511944237	37.499076	139.943290	3	0.256	-0.307	9.737	13.500
1417511944337	37.499064	139.943290	3	0.203	-0.305	9.750	13.500
1417511944433	37.499052	139.943290	3	0.192	-0.260	9.693	13.500
1417511944534	37.499040	139.943290	3	0.254	-0.268	9.672	13.500
1417511944634	37.499027	139.943290	3	0.319	-0.333	9.578	13.500
1417511944735	37.499015	139.943290	3	0.391	-0.462	9.507	13.500
1417511944836	37.499003	139.943289	3	0.448	-0.613	9.619	13.500
1417511944937	37.498990	139.943289	3	0.516	-0.646	9.559	13.500
1417511945037	37.498978	139.943289	3	0.515	-0.663	9.537	13.500
1417511945133	37.498967	139.943289	3	0.495	-0.738	9.612	13.500
1417511945234	37.498955	139.943288	3	0.395	-0.731	9.782	13.500
1417511945334	37.498942	139.943288	3	0.246	-0.630	9.870	13.500
1417511945435	37.498930	139.943288	3	0.204	-0.437	9.738	13.500
1417511945536	37.498918	139.943287	3	0.199	-0.329	9.623	13.500
1417511945636	37.498906	139.943287	3	0.281	-0.327	9.524	13.500
1417511945737	37.498894	139.943287	3	0.329	-0.381	9.549	13.481
1417511945833	37.498882	139.943286	3	0.372	-0.482	9.669	13.456
1417511945934	37.498870	139.943286	3	0.300	-0.428	9.562	13.431
1417511946034	37.498858	139.943286	3	0.306	-0.394	9.594	13.406
1417511946135	37.498846	139.943286	3	0.340	-0.398	9.614	13.381
1417511946236	37.498834	139.943285	3	0.259	-0.392	9.547	13.355
1417511946336	37.498822	139.943285	3	0.208	-0.418	9.590	13.330
1417511946437	37.498810	139.943285	3	0.191	-0.397	9.567	13.305
1417511946533	37.498799	139.943284	3	0.198	-0.408	9.590	13.281
1417511946633	37.498787	139.943284	3	0.215	-0.407	9.571	13.257
1417511946734	37.498776	139.943284	4	0.213	-0.450	9.616	13.250
1417511946835	37.498764	139.943283	4	0.258	-0.477	9.705	13.250
1417511946936	37.498753	139.943283	4	0.228	-0.439	9.701	13.250
1417511947036	37.498742	139.943283	4	0.263	-0.417	9.671	13.250
1417511947137	37.498730	139.943282	4	0.249	-0.367	9.592	13.250
1417511947233	37.498719	139.943282	4	0.178	-0.400	9.611	13.250
1417511947333	37.498708	139.943281	4	0.154	-0.412	9.618	13.250
1417511947434	37.498697	139.943281	4	0.125	-0.422	9.669	13.250
1417511947535	37.498685	139.943280	4	0.083	-0.404	9.596	13.250
1417511947636	37.498674	139.943280	4	0.093	-0.376	9.567	13.250
1417511947736	37.498662	139.943279	4	0.115	-0.445	9.608	13.250
1417511947837	37.498650	139.943278	4	0.108	-0.483	9.699	13.250
1417511947933	37.498639	139.943276	4	0.057	-0.502	9.720	13.250
1417511948033	37.498627	139.943275	4	0.025	-0.497	9.731	13.250
1417511948134	37.498615	139.943273	4	0.112	-0.457	9.744	13.250
1417511948235	37.498603	139.943272	4	0.138	-0.427	9.682	13.250
1417511948335	37.498591	139.943271	4	0.171	-0.384	9.711	13.250
1417511948436	37.498579	139.943269	4	0.165	-0.335	9.676	13.250
1417511948537	37.498567	139.943268	4	0.172	-0.304	9.656	13.250
1417511948633	37.498555	139.943266	4	0.154	-0.244	9.592	13.250
1417511948733	37.498544	139.943266	4	0.146	-0.287	9.678	13.232
1417511948834	37.498532	139.943265	4	0.104	-0.280	9.657	13.206
1417511948935	37.498520	139.943265	4	0.108	-0.197	9.521	13.181
1417511949035	37.498509	139.943264	4	0.102	-0.223	9.621	13.156
1417511949136	37.498497	139.943264	4	0.100	-0.187	9.514	13.130
1417511949237	37.498485	139.943264	4	0.148	-0.255	9.663	13.105
1417511949338	37.498474	139.943263	4	0.247	-0.372	10.032	13.080
1417511949433	37.498463	139.943263	4	0.285	-0.184	9.653	13.056
1417511949534	37.498451	139.943263	4	0.267	-0.044	9.437	13.031
1417511949635	37.498440	139.943262	4	0.229	-0.231	9.589	13.006
1417511949735	37.498428	139.943261	4	0.104	-0.201	9.527	13.000
1417511949836	37.498417	139.943261	4	0.069	-0.131	9.481	13.000
1417511949937	37.498405	139.943260	4	0.110	-0.142	9.629	13.000
1417511950037	37.498394	139.943259	4	0.122	-0.212	9.770	13.000
1417511950133	37.498383	139.943258	4	0.176	-0.186	9.796	13.000
1417511950234	37.498371	139.943257	4	0.182	-0.093	9.711	13.000
1417511950335	37.498359	139.943257	4	0.135	-0.034	9.520	13.000
1417511950435	37.498348	139.943256	4	0.084	-0.097	9.563	13.000
1417511950536	37.498336	139.943255	4	0.021	-0.199	9.682	13.000
1417511950637	37.498325	139.943254	4	-0.089	-0.205	9.725	13.000
1417511950737	37.498313	139.943253	4	-0.126	-0.111	9.575	13.019
1417511950833	37.498303	139.943252	4	-0.038	-0.071	9.560	13.043
1417511950934	37.498291	139.943251	4	-0.010	-0.145	9.659	13.068
1417511951034	37.498280	139.943250	4	-0.020	-0.190	9.740	13.093
1417511951135	37.498269	139.943248	4	0.030	-0.126	9.651	13.118
1417511951236	37.498257	139.943247	4	0.010	-0.100	9.551	13.143
1417511951337	37.498246	139.943246	4	0.102	-0.088	9.460	13.169
1417511951437	37.498234	139.943245	4	0.194	-0.131	9.474	13.194
1417511951533	37.498223	139.943244	4	0.231	-0.210	9.582	13.218
1417511951634	37.498212	139.943242	4	0.252	-0.237	9.712	13.243
1417511951734	37.498200	139.943241	4	0.284	-0.204	9.735	13.286
1417511951835	37.498187	139.943239	4	0.290	-0.170	9.708	13.336
1417511951936	37.498174	139.943238	4	0.298	-0.128	9.502	13.386
1417511952036	37.498162	139.943236	4	0.330	-0.254	9.581	13.436
1417511952137	37.498149	139.943235	4	0.334	-0.408	9.722	13.486
1417511952233	37.498137	139.943233	4	0.286	-0.478	9.798	13.534
1417511952334	37.498124	139.943232	4	0.256	-0.443	9.729	13.585
1417511952434	37.498111	139.943230	4	0.257	-0.393	9.601	13.635
1417511952535	37.498098	139.943229	4	0.273	-0.448	9.632	13.686
1417511952636	37.498085	139.943227	4	0.244	-0.472	9.636	13.738
1417511952736	37.498073	139.943226	4	0.246	-0.423	9.575	13.711
1417511952837	37.498061	139.943224	4	0.271	-0.459	9.635	13.660
1417511952933	37.498049	139.943222	4	0.277	-0.471	9.585	13.612
1417511953033	37.498037	139.943221	4	0.271	-0.471	9.589	13.561
1417511953134	37.498026	139.943219	4	0.267	-0.552	9.722	13.511
1417511953235	37.498014	139.943217	4	0.277	-0.591	9.732	13.460
1417511953336	37.498002	139.943215	4	0.279	-0.512	9.625	13.410
1417511953436	37.497990	139.943214	4	0.317	-0.525	9.592	13.360
1417511953537	37.497978	139.943212	4	0.234	-0.594	9.600	13.311
1417511953633	37.497967	139.943210	4	0.207	-0.570	9.572	13.263
1417511953733	37.497955	139.943208	3	0.212	-0.552	9.563	13.232
1417511953834	37.497944	139.943206	3	0.169	-0.588	9.661	13.206
1417511953935	37.497932	139.943203	3	0.201	-0.581	9.623	13.181
1417511954035	37.497920	139.943201	3	0.168	-0.581	9.626	13.156
1417511954136	37.497909	139.943199	3	0.172	-0.712	9.875	13.130
1417511954237	37.497897	139.943196	3	0.122	-0.626	9.800	13.105
1417511954338	37.497885	139.943194	3	0.194	-0.437	9.467	13.080
1417511954433	37.497874	139.943191	3	0.176	-0.431	9.295	13.056
1417511954539	37.497862	139.943189	3	0.185	-0.556	9.350	13.030
1417511954635	37.497851	139.943187	3	0.134	-0.695	9.562	13.006
1417511954734	37.497840	139.943184	3	0.064	-0.781	9.780	12.981
1417511954836	37.497828	139.943182	3	0.019	-0.715	9.833	12.956
1417511954935	37.497817	139.943180	3	-0.022	-0.610	9.790	12.931
1417511955037	37.497806	139.943178	3	-0.050	-0.598	9.735	12.905
1417511955133	37.497795	139.943176	3	-0.006	-0.607	9.736	12.881
1417511955234	37.497784	139.943174	3	-0.009	-0.554	9.538	12.856
1417511955335	37.497773	139.943172	3	0.054	-0.514	9.414	12.831
1417511955435	37.497762	139.943170	3	0.200	-0.589	9.519	12.806
1417511955536	37.497751	139.943168	3	0.376	-0.570	9.478	12.781
1417511955637	37.497740	139.943165	3	0.613	-0.554	9.536	12.756
1417511955737	37.497728	139.943163	3	0.854	-0.563	9.650	12.711
1417511955833	37.497718	139.943160	3	0.953	-0.543	9.601	12.662
1417511955934	37.497707	139.943157	3	1.071	-0.521	9.558	12.611
1417511956035	37.497696	139.943154	3	1.191	-0.537	9.660	12.560
1417511956135	37.497685	139.943152	3	1.258	-0.578	9.681	12.510
1417511956236	37.497674	139.943149	3	1.243	-0.660	9.867	12.460
1417511956337	37.497663	139.943146	3	1.122	-0.575	9.643	12.409
1417511956437	37.497652	139.943143	3	1.047	-0.537	9.664	12.360
1417511956533	37.497642	139.943140	3	0.920	-0.519	9.505	12.312
1417511956634	37.497631	139.943138	3	0.770	-0.522	9.460	12.263
1417511956735	37.497620	139.943134	5	0.561	-0.611	9.495	12.231
1417511956835	37.497611	139.943130	5	0.348	-0.644	9.596	12.206
1417511956936	37.497600	139.943125	5	0.113	-0.632	9.711	12.180
1417511957037	37.497590	139.943121	5	-0.062	-0.590	9.684	12.155
1417511957137	37.497581	139.943117	5	-0.179	-0.494	9.579	12.130
1417511957233	37.497571	139.943113	5	-0.275	-0.494	9.542	12.106
1417511957334	37.497561	139.943109	5	-0.316	-0.502	9.537	12.081
1417511957434	37.497551	139.943104	5	-0.324	-0.546	9.637	12.056
1417511957535	37.497541	139.943100	5	-0.270	-0.499	9.589	12.031
1417511957636	37.497531	139.943096	5	-0.240	-0.453	9.507	12.006
1417511957736	37.497521	139.943093	5	-0.180	-0.481	9.622	11.981
1417511957837	37.497511	139.943090	5	-0.144	-0.491	9.624	11.955
1417511957933	37.497501	139.943088	5	-0.047	-0.471	9.684	11.931
1417511958034	37.497491	139.943085	5	-0.019	-0.421	9.567	11.906
1417511958134	37.497480	139.943082	5	0.036	-0.371	9.502	11.881
1417511958235	37.497470	139.943079	5	0.066	-0.404	9.525	11.856
1417511958336	37.497460	139.943077	5	0.039	-0.424	9.502	11.830
1417511958436	37.497450	139.943074	5	0.125	-0.481	9.691	11.806
1417511958537	37.497439	139.943071	5	0.113	-0.436	9.674	11.780
1417511958633	37.497430	139.943069	5	0.158	-0.384	9.696	11.757
1417511958733	37.497419	139.943066	3	0.200	-0.369	9.665	11.750
1417511958834	37.497409	139.943063	3	0.251	-0.310	9.537	11.750
1417511958935	37.497399	139.943060	3	0.307	-0.373	9.576	11.750
1417511959036	37.497388	139.943057	3	0.364	-0.404	9.582	11.750
1417511959136	37.497378	139.943055	3	0.396	-0.455	9.728	11.750
1417511959237	37.497368	139.943052	3	0.372	-0.424	9.639	11.750
1417511959333	37.497358	139.943049	3	0.347	-0.372	9.584	11.750
1417511959433	37.497347	139.943046	3	0.273	-0.365	9.553	11.750
1417511959534	37.497337	139.943044	3	0.355	-0.372	9.632	11.750
1417511959635	37.497327	139.943041	3	0.225	-0.372	9.497	11.750
1417511959736	37.497316	139.943038	4	0.348	-0.389	9.646	11.731
1417511959836	37.497305	139.943036	4	0.299	-0.426	9.662	11.706
1417511959937	37.497294	139.943034	4	0.337	-0.383	9.660	11.680
1417511960033	37.497284	139.943031	4	0.291	-0.385	9.678	11.656
1417511960133	37.497273	139.943029	4	0.290	-0.387	9.684	11.631
1417511960234	37.497262	139.943027	4	0.254	-0.399	9.695	11.606
1417511960335	37.497252	139.943024	4	0.208	-0.415	9.755	11.581
1417511960436	37.497241	139.943022	4	0.168	-0.351	9.605	11.556
1417511960536	37.497230	139.943020	4	0.134	-0.314	9.572	11.531
1417511960637	37.497219	139.943018	4	0.050	-0.369	9.564	11.506
1417511960733	37.497210	139.943015	4	-0.041	-0.388	9.565	11.500
1417511960833	37.497200	139.943012	4	-0.147	-0.431	9.630	11.500
1417511960934	37.497189	139.943009	4	-0.304	-0.458	9.644	11.500
1417511961035	37.497179	139.943006	4	-0.481	-0.454	9.624	11.500
1417511961136	37.497169	139.943004	4	-0.631	-0.441	9.567	11.500
1417511961236	37.497159	139.943001	4	-0.734	-0.433	9.524	11.500
1417511961337	37.497149	139.942998	4	-0.786	-0.436	9.500	11.500
1417511961433	37.497139	139.942995	4	-0.750	-0.455	9.562	11.500
1417511961533	37.497129	139.942993	4	-0.721	-0.518	9.832	11.500
1417511961634	37.497119	139.942990	4	-0.616	-0.449	9.755	11.500
1417511961735	37.497108	139.942987	4	-0.526	-0.312	9.580	11.481
1417511961835	37.497098	139.942984	4	-0.371	-0.321	9.584	11.456
1417511961936	37.497088	139.942982	4	-0.255	-0.347	9.563	11.430
1417511962037	37.497078	139.942979	4	-0.132	-0.353	9.627	11.405
1417511962137	37.497068	139.942977	4	-0.052	-0.327	9.575	11.380
1417511962233	37.497058	139.942974	4	-0.023	-0.332	9.614	11.356
1417511962334	37.497048	139.942971	4	0.018	-0.357	9.606	11.331
1417511962435	37.497038	139.942969	4	-0.011	-0.368	9.640	11.306
1417511962535	37.497028	139.942966	4	-0.022	-0.361	9.613	11.281
1417511962636	37.497018	139.942964	4	-0.011	-0.326	9.586	11.256
1417511962737	37.497008	139.942961	4	0.003	-0.327	9.596	11.250
1417511962837	37.496998	139.942959	4	0.018	-0.315	9.508	11.250
1417511962933	37.496988	139.942957	4	0.064	-0.359	9.530	11.250
1417511963034	37.496977	139.942955	4	0.122	-0.405	9.553	11.250
1417511963134	37.496967	139.942953	4	0.122	-0.452	9.536	11.250
1417511963235	37.496956	139.942950	4	0.131	-0.508	9.612	11.250
1417511963336	37.496946	139.942948	4	0.086	-0.541	9.614	11.250
1417511963436	37.496935	139.942946	4	0.106	-0.566	9.697	11.250
1417511963537	37.496925	139.942944	4	0.118	-0.627	9.806	11.250
1417511963633	37.496915	139.942942	4	0.101	-0.620	9.844	11.250
1417511963734	37.496905	139.942939	5	0.066	-0.534	9.664	11.231
1417511963834	37.496895	139.942936	5	0.007	-0.504	9.578	11.206
1417511963935	37.496885	139.942934	5	-0.048	-0.555	9.608	11.181
1417511964036	37.496875	139.942931	5	-0.074	-0.601	9.613	11.155
1417511964137	37.496865	139.942928	5	-0.063	-0.658	9.566	11.130
1417511964237	37.496855	139.942925	5	-0.051	-0.732	9.455	11.105
1417511964333	37.496845	139.942923	5	-0.011	-0.844	9.528	11.081
1417511964434	37.496835	139.942920	5	0.003	-0.974	9.527	11.056
1417511964534	37.496825	139.942917	5	0.012	-1.085	9.553	11.031
1417511964635	37.496815	139.942915	5	0.053	-1.146	9.519	11.006
1417511964736	37.496806	139.942912	5	0.071	-1.220	9.476	10.941
1417511964836	37.496796	139.942910	5	0.100	-1.315	9.462	10.864
1417511964937	37.496786	139.942907	5	0.113	-1.509	9.559	10.787
1417511965033	37.496777	139.942905	5	0.144	-1.669	9.659	10.714
1417511965134	37.496767	139.942902	5	0.168	-1.806	9.679	10.638
1417511965234	37.496758	139.942900	5	0.190	-1.828	9.560	10.563
1417511965335	37.496748	139.942898	5	0.200	-1.820	9.543	10.488
1417511965436	37.496739	139.942895	5	0.218	-1.842	9.505	10.413
1417511965536	37.496729	139.942893	5	0.224	-1.835	9.522	10.340
1417511965637	37.496720	139.942891	5	0.229	-1.854	9.452	10.267
1417511965733	37.496712	139.942889	5	0.258	-1.867	9.572	10.153
1417511965833	37.496704	139.942887	5	0.273	-1.830	9.500	10.022
1417511965934	37.496696	139.942885	5	0.324	-1.808	9.531	9.891
1417511966035	37.496688	139.942884	5	0.353	-1.805	9.580	9.762
1417511966136	37.496680	139.942882	5	0.330	-1.790	9.537	9.635
1417511966236	37.496672	139.942881	5	0.313	-1.811	9.575	9.510
1417511966333	37.496665	139.942879	5	0.286	-1.756	9.598	9.391
1417511966433	37.496658	139.942877	5	0.211	-1.613	9.568	9.270
1417511966533	37.496650	139.942876	5	0.168	-1.402	9.623	9.150
1417511966634	37.496643	139.942874	5	0.124	-1.138	9.589	9.030
1417511966735	37.496636	139.942873	4	0.076	-0.881	9.543	8.900
1417511966835	37.496629	139.942871	4	0.065	-0.733	9.577	8.768
1417511966936	37.496622	139.942869	4	0.072	-0.663	9.644	8.636
1417511967037	37.496615	139.942867	4	0.046	-0.598	9.568	8.507
1417511967133	37.496609	139.942866	4	0.027	-0.612	9.625	8.385
1417511967233	37.496602	139.942864	4	0.038	-0.603	9.601	8.261
1417511967334	37.496595	139.942862	4	0.063	-0.734	9.571	8.137
1417511967435	37.496589	139.942861	4	0.103	-0.929	9.591	8.015
1417511967535	37.496583	139.942859	4	0.091	-1.104	9.567	7.896
1417511967636	37.496576	139.942857	4	0.147	-1.207	9.545	7.778
1417511967737	37.496570	139.942856	5	0.145	-1.316	9.546	7.710
1417511967833	37.496563	139.942855	5	0.150	-1.369	9.603	7.661
1417511967933	37.496556	139.942853	5	0.142	-1.413	9.516	7.610
1417511968034	37.496549	139.942852	5	0.182	-1.508	9.594	7.559
1417511968135	37.496542	139.942850	5	0.184	-1.557	9.601	7.508
1417511968235	37.496535	139.942849	5	0.163	-1.637	9.560	7.458
1417511968336	37.496528	139.942847	5	0.189	-1.669	9.595	7.408
1417511968437	37.496521	139.942846	5	0.202	-1.692	9.470	7.359
1417511968537	37.496514	139.942845	5	0.236	-1.767	9.567	7.310
1417511968638	37.496507	139.942843	5	0.219	-1.781	9.548	7.261
1417511968734	37.496502	139.942842	5	0.208	-1.820	9.493	7.104
1417511968833	37.496497	139.942840	5	0.221	-1.829	9.535	6.913
1417511968935	37.496492	139.942839	5	0.238	-1.821	9.535	6.721
1417511969034	37.496487	139.942837	5	0.166	-1.848	9.450	6.539
1417511969137	37.496482	139.942836	5	0.194	-1.849	9.538	6.355
1417511969236	37.496478	139.942834	5	0.185	-1.848	9.511	6.183
1417511969333	37.496474	139.942833	5	0.171	-1.893	9.514	6.019
1417511969434	37.496469	139.942832	5	0.193	-1.898	9.595	5.853
1417511969534	37.496465	139.942831	5	0.215	-1.839	9.533	5.694
1417511969635	37.496461	139.942829	5	0.228	-1.794	9.479	5.538
1417511969736	37.496457	139.942828	4	0.201	-1.688	9.581	5.394
1417511969837	37.496453	139.942826	4	0.210	-1.379	9.621	5.255
1417511969937	37.496448	139.942824	4	0.182	-1.071	9.548	5.122
1417511970033	37.496445	139.942823	4	0.159	-0.899	9.548	4.996
1417511970134	37.496441	139.942821	4	0.119	-0.793	9.553	4.868
1417511970234	37.496437	139.942820	4	0.151	-0.732	9.588	4.743
1417511970335	37.496433	139.942818	4	0.110	-0.715	9.605	4.621
1417511970436	37.496430	139.942817	4	0.107	-0.717	9.603	4.502
1417511970537	37.496426	139.942816	4	0.091	-0.738	9.617	4.386
1417511970637	37.496423	139.942814	4	0.098	-0.814	9.597	4.275
1417511970733	37.496419	139.942813	4	0.088	-0.921	9.555	4.211
1417511970834	37.496416	139.942812	4	0.126	-1.012	9.580	4.159
1417511970934	37.496412	139.942811	4	0.103	-1.059	9.498	4.107
1417511971035	37.496409	139.942810	4	0.139	-1.148	9.589	4.055
1417511971136	37.496405	139.942809	4	0.175	-1.198	9.614	4.004
1417511971236	37.496402	139.942808	4	0.192	-1.244	9.560	3.954
1417511971337	37.496399	139.942807	4	0.184	-1.335	9.589	3.905
1417511971433	37.496395	139.942806	4	0.141	-1.392	9.540	3.858
1417511971534	37.496392	139.942805	4	0.191	-1.410	9.538	3.810
1417511971634	37.496389	139.942804	4	0.186	-1.459	9.602	3.762
1417511971735	37.496386	139.942803	3	0.177	-1.462	9.584	3.664
1417511971836	37.496384	139.942802	3	0.200	-1.411	9.475	3.552
1417511971936	37.496381	139.942802	3	0.177	-1.414	9.545	3.443
1417511972037	37.496379	139.942801	3	0.162	-1.226	9.586	3.337
1417511972133	37.496377	139.942800	3	0.161	-0.952	9.565	3.239
1417511972234	37.496375	139.942799	3	0.141	-0.813	9.604	3.138
1417511972334	37.496372	139.942798	3	0.127	-0.723	9.572	3.042
1417511972435	37.496370	139.942798	3	0.136	-0.698	9.587	2.948
1417511972536	37.496368	139.942797	3	0.092	-0.711	9.587	2.857
1417511972636	37.496366	139.942796	3	0.067	-0.735	9.512	2.770
1417511972737	37.496365	139.942795	4	0.063	-0.828	9.587	2.708
1417511972833	37.496363	139.942795	4	0.080	-0.867	9.581	2.656
1417511972933	37.496361	139.942794	4	0.115	-0.872	9.545	2.604
1417511973034	37.496359	139.942793	4	0.115	-0.957	9.609	2.551
1417511973135	37.496358	139.942792	4	0.100	-0.974	9.548	2.500
1417511973235	37.496356	139.942792	4	0.099	-0.977	9.550	2.450
1417511973336	37.496354	139.942791	4	0.116	-1.023	9.603	2.401
1417511973437	37.496353	139.942790	4	0.148	-1.008	9.530	2.353
1417511973533	37.496351	139.942790	4	0.157	-1.036	9.605	2.308
1417511973633	37.496349	139.942789	4	0.125	-1.030	9.595	2.262
1417511973734	37.496348	139.942789	4	0.123	-1.015	9.554	2.184
1417511973835	37.496347	139.942788	4	0.121	-1.012	9.592	2.097
1417511973935	37.496346	139.942788	4	0.137	-0.956	9.548	2.014
1417511974036	37.496345	139.942788	4	0.136	-0.979	9.570	1.933
1417511974137	37.496344	139.942787	4	0.116	-1.024	9.633	1.855
1417511974238	37.496343	139.942787	4	0.096	-0.981	9.511	1.780
1417511974333	37.496343	139.942787	4	0.135	-0.979	9.556	1.712
1417511974434	37.496342	139.942787	4	0.154	-0.983	9.591	1.643
1417511974535	37.496341	139.942786	4	0.118	-0.990	9.600	1.577
1417511974635	37.496340	139.942786	4	0.071	-0.868	9.586	1.515
1417511974736	37.496339	139.942786	4	0.068	-0.680	9.568	1.425
1417511974837	37.496339	139.942786	4	0.095	-0.536	9.636	1.331
1417511974937	37.496338	139.942785	4	0.108	-0.486	9.655	1.242
1417511975033	37.496338	139.942785	4	0.075	-0.483	9.627	1.162
1417511975134	37.496337	139.942785	4	0.063	-0.528	9.578	1.082
1417511975235	37.496337	139.942785	4	0.085	-0.564	9.603	1.008
1417511975335	37.496336	139.942784	4	0.091	-0.589	9.635	0.939
1417511975436	37.496336	139.942784	4	0.102	-0.618	9.623	0.875
1417511975537	37.496335	139.942784	4	0.106	-0.654	9.616	0.815
1417511975637	37.496335	139.942784	4	0.076	-0.669	9.565	0.762
1417511975733	37.496335	139.942784	4	0.074	-0.702	9.572	0.728
1417511975834	37.496335	139.942784	4	0.064	-0.729	9.593	0.699
1417511975934	37.496335	139.942783	4	0.069	-0.771	9.583	0.672
1417511976035	37.496335	139.942783	4	0.096	-0.778	9.582	0.645
1417511976136	37.496335	139.942783	4	0.117	-0.773	9.589	0.619
1417511976237	37.496335	139.942783	4	0.118	-0.798	9.610	0.594
1417511976337	37.496335	139.942783	4	0.090	-0.826	9.590	0.570
1417511976433	37.496335	139.942782	4	0.086	-0.854	9.594	0.548
1417511976534	37.496335	139.942782	4	0.102	-0.850	9.600	0.526
1417511976634	37.496335	139.942782	4	0.112	-0.860	9.595	0.505
1417511976735	37.496335	139.942782	4	0.122	-0.863	9.592	0.428
1417511976836	37.496335	139.942783	4	0.098	-0.782	9.599	0.339
1417511976936	37.496335	139.942783	4	0.074	-0.658	9.608	0.262
1417511977037	37.496334	139.942784	4	0.077	-0.577	9.603	0.194
1417511977133	37.496334	139.942784	4	0.078	-0.531	9.618	0.139
1417511977234	37.496334	139.942784	4	0.070	-0.417	9.625	0.091
1417511977334	37.496334	139.942785	4	0.050	-0.313	9.613	0.053
1417511977435	37.496334	139.942785	4	0.050	-0.319	9.613	0.025
1417511977536	37.496334	139.942785	4	0.054	-0.306	9.623	0.008
1417512008735	37.496341	139.942803	3	-0.020	0.270	9.652	0.004
1417512008836	37.496341	139.942803	3	-0.037	0.453	9.677	0.023
1417512008936	37.496341	139.942803	3	-0.075	0.731	9.705	0.057
1417512009037	37.496340	139.942803	3	-0.132	1.021	9.706	0.107
1417512009134	37.496340	139.942803	3	-0.147	1.285	9.680	0.169
1417512009234	37.496340	139.942803	3	-0.124	1.444	9.672	0.247
1417512009334	37.496339	139.942803	3	-0.122	1.521	9.679	0.341
1417512009435	37.496339	139.942803	3	-0.109	1.556	9.661	0.450
1417512009536	37.496338	139.942803	3	-0.112	1.544	9.645	0.576
1417512009636	37.496337	139.942803	3	-0.131	1.478	9.680	0.714
1417512009737	37.496336	139.942803	4	-0.171	1.396	9.713	0.806
1417512009833	37.496335	139.942803	4	-0.179	1.358	9.686	0.885
1417512009933	37.496333	139.942802	4	-0.150	1.296	9.652	0.978
1417512010034	37.496331	139.942802	4	-0.148	1.222	9.715	1.084
1417512010135	37.496329	139.942802	4	-0.126	1.181	9.695	1.202
1417512010236	37.496327	139.942801	4	-0.133	1.149	9.674	1.331
1417512010336	37.496325	139.942801	4	-0.157	1.112	9.636	1.471
1417512010437	37.496322	139.942800	4	-0.101	1.078	9.743	1.623
1417512010533	37.496320	139.942800	4	-0.078	1.065	9.702	1.778
1417512010633	37.496317	139.942799	4	-0.127	1.043	9.665	1.951
1417512010734	37.496314	139.942798	4	-0.163	1.035	9.701	2.083
1417512010835	37.496312	139.942798	4	-0.135	1.007	9.714	2.203
1417512010936	37.496309	139.942797	4	-0.164	0.980	9.654	2.332
1417512011036	37.496307	139.942796	4	-0.191	0.993	9.635	2.468
1417512011137	37.496304	139.942795	4	-0.176	0.947	9.663	2.613
1417512011233	37.496301	139.942794	4	-0.143	0.818	9.711	2.759
1417512011338	37.496297	139.942793	4	-0.119	0.722	9.679	2.928
1417512011434	37.496294	139.942792	4	-0.101	0.675	9.672	3.089
1417512011533	37.496291	139.942791	4	-0.101	0.677	9.650	3.264
1417512011636	37.496287	139.942789	4	-0.177	0.700	9.570	3.454
1417512011735	37.496283	139.942788	3	-0.169	0.681	9.632	3.535
1417512011837	37.496280	139.942787	3	-0.150	0.640	9.699	3.584
1417512011933	37.496276	139.942786	3	-0.078	0.652	9.699	3.630
1417512012033	37.496273	139.942785	3	-0.129	0.635	9.638	3.679
1417512012134	37.496269	139.942784	3	-0.135	0.617	9.632	3.729
1417512012235	37.496265	139.942783	3	-0.125	0.572	9.699	3.779
1417512012335	37.496262	139.942782	3	-0.156	0.629	9.659	3.830
1417512012436	37.496258	139.942781	3	-0.174	0.661	9.668	3.882
1417512012537	37.496254	139.942780	3	-0.140	0.713	9.668	3.935
1417512012637	37.496250	139.942779	3	-0.118	0.757	9.708	3.988
1417512012733	37.496246	139.942778	3	-0.124	0.821	9.612	4.035
1417512012834	37.496242	139.942777	3	-0.083	0.794	9.659	4.083
1417512012935	37.496238	139.942776	3	-0.081	0.736	9.710	4.132
1417512013035	37.496234	139.942775	3	-0.134	0.709	9.690	4.181
1417512013136	37.496230	139.942774	3	-0.088	0.631	9.694	4.231
1417512013237	37.496226	139.942773	3	-0.019	0.751	9.770	4.281
1417512013337	37.496222	139.942772	3	-0.054	0.891	9.684	4.332
1417512013433	37.496218	139.942771	3	-0.117	0.897	9.649	4.381
1417512013534	37.496213	139.942769	3	-0.124	0.813	9.665	4.434
1417512013634	37.496209	139.942768	3	-0.095	0.747	9.757	4.486
1417512013735	37.496204	139.942767	4	-0.027	0.690	9.778	4.611
1417512013836	37.496198	139.942765	4	-0.050	0.666	9.692	4.767
1417512013937	37.496192	139.942763	4	-0.111	0.670	9.583	4.928
1417512014037	37.496186	139.942762	4	-0.134	0.694	9.570	5.093
1417512014133	37.496179	139.942760	4	-0.125	0.698	9.581	5.257
1417512014234	37.496173	139.942758	4	-0.160	0.687	9.473	5.435
1417512014334	37.496166	139.942756	4	-0.114	0.596	9.632	5.617
1417512014435	37.496159	139.942754	4	-0.059	0.526	9.747	5.807
1417512014536	37.496151	139.942752	4	-0.067	0.518	9.707	6.002
1417512014637	37.496144	139.942750	4	-0.046	0.521	9.705	6.203
1417512014737	37.496137	139.942748	4	-0.022	0.583	9.662	6.322
1417512014833	37.496132	139.942747	4	-0.036	0.590	9.682	6.412
1417512014934	37.496126	139.942745	4	-0.026	0.569	9.668	6.509
1417512015034	37.496120	139.942744	4	-0.038	0.536	9.651	6.607
1417512015135	37.496113	139.942742	4	-0.059	0.499	9.705	6.707
1417512015236	37.496107	139.942741	4	-0.060	0.497	9.671	6.808
1417512015337	37.496100	139.942739	4	-0.104	0.518	9.665	6.911
1417512015437	37.496094	139.942738	4	-0.134	0.544	9.657	7.014
1417512015533	37.496088	139.942736	4	-0.125	0.545	9.684	7.115
1417512015634	37.496081	139.942734	4	-0.109	0.552	9.705	7.222
1417512015734	37.496074	139.942733	4	-0.140	0.598	9.591	7.303
1417512015835	37.496066	139.942731	4	-0.165	0.604	9.589	7.376
1417512015936	37.496059	139.942729	4	-0.163	0.590	9.676	7.450
1417512016036	37.496052	139.942728	4	-0.140	0.571	9.682	7.523
1417512016137	37.496044	139.942726	4	-0.156	0.565	9.658	7.599
1417512016233	37.496037	139.942724	4	-0.155	0.587	9.647	7.671
1417512016334	37.496029	139.942723	4	-0.169	0.567	9.625	7.747
1417512016434	37.496022	139.942721	4	-0.201	0.548	9.658	7.824
1417512016535	37.496014	139.942719	4	-0.200	0.567	9.606	7.902
1417512016636	37.496006	139.942717	4	-0.186	0.579	9.561	7.981
1417512016736	37.495998	139.942716	4	-0.154	0.613	9.529	8.055
1417512016837	37.495990	139.942714	4	-0.127	0.566	9.550	8.128
1417512016933	37.495983	139.942713	4	-0.094	0.479	9.761	8.198
1417512017033	37.495975	139.942711	4	-0.071	0.506	9.653	8.272
1417512017134	37.495967	139.942709	4	-0.079	0.566	9.595	8.347
1417512017235	37.495959	139.942707	4	-0.043	0.533	9.704	8.423
1417512017336	37.495951	139.942706	4	-0.026	0.529	9.615	8.500
1417512017436	37.495943	139.942704	4	-0.036	0.494	9.616	8.576
1417512017537	37.495934	139.942702	4	-0.008	0.480	9.618	8.654
1417512017633	37.495926	139.942700	4	-0.040	0.428	9.654	8.729
1417512017733	37.495918	139.942699	4	-0.053	0.392	9.674	8.803
1417512017835	37.495909	139.942697	4	-0.042	0.356	9.680	8.877
1417512017935	37.495901	139.942696	4	-0.053	0.314	9.650	8.950
1417512018035	37.495893	139.942695	4	-0.016	0.169	9.651	9.024
1417512018136	37.495884	139.942693	4	0.002	0.209	9.642	9.099
1417512018237	37.495875	139.942691	4	-0.028	0.284	9.587	9.175
1417512018333	37.495867	139.942690	4	-0.050	0.239	9.670	9.248
1417512018433	37.495858	139.942689	4	-0.065	0.239	9.636	9.324
1417512018534	37.495849	139.942687	4	-0.055	0.253	9.635	9.402
1417512018635	37.495840	139.942685	4	-0.029	0.221	9.694	9.480
1417512018735	37.495831	139.942684	4	-0.043	0.206	9.659	9.537
1417512018836	37.495822	139.942682	4	-0.038	0.237	9.634	9.586
1417512018937	37.495813	139.942680	4	-0.041	0.276	9.515	9.636
1417512019038	37.495804	139.942679	4	0.000	0.275	9.591	9.686
1417512019133	37.495796	139.942677	4	0.029	0.210	9.695	9.733
1417512019234	37.495786	139.942675	4	0.118	0.202	9.688	9.784
1417512019335	37.495777	139.942674	4	0.093	0.252	9.635	9.835
1417512019435	37.495768	139.942672	4	0.137	0.230	9.689	9.885
1417512019536	37.495759	139.942670	4	0.099	0.168	9.838	9.937
1417512019637	37.495749	139.942668	4	0.079	0.187	9.734	9.988
1417512019737	37.495740	139.942666	4	-0.004	0.141	9.763	10.038
1417512019833	37.495731	139.942664	4	0.119	0.207	9.777	10.085
1417512019934	37.495722	139.942661	4	0.007	0.323	9.341	10.135
1417512020035	37.495712	139.942658	4	0.051	0.228	9.570	10.185
1417512020135	37.495703	139.942656	4	0.062	0.091	9.822	10.234
1417512020236	37.495693	139.942653	4	0.062	0.117	9.802	10.285
1417512020337	37.495684	139.942651	4	0.092	0.216	9.696	10.336
1417512020437	37.495674	139.942648	4	0.091	0.245	9.696	10.386
1417512020533	37.495665	139.942645	4	0.066	0.220	9.705	10.435
1417512020634	37.495655	139.942643	4	0.071	0.220	9.621	10.487
1417512020735	37.495646	139.942640	4	-0.013	0.234	9.514	10.537
1417512020835	37.495636	139.942638	4	-0.049	0.262	9.479	10.586
1417512020936	37.495627	139.942636	4	-0.054	0.204	9.554	10.636
1417512021037	37.495617	139.942634	4	-0.032	0.174	9.628	10.686
1417512021137	37.495607	139.942632	4	0.002	0.242	9.554	10.736
1417512021233	37.495598	139.942630	4	-0.042	0.239	9.518	10.784
1417512021334	37.495588	139.942628	4	-0.112	0.111	9.745	10.834
1417512021434	37.495578	139.942626	4	-0.204	0.091	9.735	10.885
1417512021535	37.495568	139.942624	4	-0.275	0.145	9.717	10.936
1417512021636	37.495558	139.942622	4	-0.278	0.129	9.748	10.988
1417512021736	37.495548	139.942619	4	-0.200	0.162	9.635	11.019
1417512021837	37.495538	139.942616	4	-0.164	0.134	9.704	11.044
1417512021933	37.495529	139.942613	4	-0.067	0.099	9.668	11.068
1417512022034	37.495519	139.942611	4	-0.063	0.111	9.544	11.093
1417512022134	37.495509	139.942608	4	-0.088	0.040	9.659	11.118
1417512022235	37.495499	139.942605	4	-0.142	-0.007	9.688	11.143
1417512022336	37.495489	139.942602	4	-0.236	-0.001	9.654	11.168
1417512022436	37.495479	139.942599	4	-0.244	0.066	9.537	11.194
1417512022537	37.495468	139.942596	4	-0.334	-0.034	9.691	11.219
1417512022633	37.495459	139.942594	4	-0.383	-0.046	9.608	11.243
1417512022734	37.495449	139.942591	4	-0.407	-0.047	9.600	11.286
1417512022834	37.495439	139.942589	4	-0.404	-0.094	9.650	11.335
1417512022935	37.495429	139.942587	4	-0.334	-0.052	9.494	11.385
1417512023036	37.495419	139.942585	4	-0.311	-0.098	9.546	11.435
1417512023136	37.495409	139.942583	4	-0.243	-0.161	9.589	11.485
1417512023237	37.495399	139.942581	4	-0.155	-0.141	9.597	11.536
1417512023333	37.495389	139.942579	4	-0.177	-0.191	9.665	11.584
1417512023433	37.495379	139.942577	4	-0.155	-0.224	9.732	11.635
1417512023534	37.495369	139.942575	4	-0.178	-0.188	9.677	11.686
1417512023635	37.495359	139.942573	4	-0.144	-0.238	9.707	11.737
1417512023736	37.495348	139.942570	4	-0.086	-0.244	9.688	11.750
1417512023836	37.495338	139.942566	4	-0.025	-0.177	9.570	11.750
1417512023937	37.495328	139.942563	4	0.031	-0.169	9.584	11.750
1417512024033	37.495318	139.942560	4	-0.022	-0.187	9.673	11.750
1417512024133	37.495308	139.942557	4	-0.076	-0.142	9.572	11.750
1417512024234	37.495298	139.942554	4	-0.075	-0.099	9.533	11.750
1417512024335	37.495288	139.942550	4	-0.072	-0.143	9.619	11.750
1417512024435	37.495278	139.942547	4	-0.080	-0.181	9.633	11.750
1417512024536	37.495268	139.942544	4	-0.072	-0.148	9.599	11.750
1417512024637	37.495257	139.942541	4	0.019	-0.101	9.550	11.750
1417512024733	37.495247	139.942538	4	-0.005	-0.140	9.614	11.768
1417512024833	37.495236	139.942535	4	0.028	-0.174	9.677	11.793
1417512024934	37.495225	139.942533	4	0.020	-0.173	9.698	11.818
1417512025035	37.495214	139.942530	4	0.037	-0.168	9.723	11.843
1417512025135	37.495204	139.942527	4	0.016	-0.161	9.663	11.868
1417512025236	37.495193	139.942525	4	0.024	-0.171	9.725	11.893
1417512025337	37.495181	139.942522	4	0.037	-0.151	9.691	11.919
1417512025438	37.495170	139.942519	4	0.063	-0.150	9.729	11.944
1417512025533	37.495160	139.942516	4	0.031	-0.156	9.696	11.968
1417512025639	37.495148	139.942514	4	-0.065	-0.112	9.601	11.995
1417512025735	37.495138	139.942511	4	-0.121	-0.101	9.545	12.019
1417512025834	37.495127	139.942508	4	-0.123	-0.095	9.500	12.043
1417512025936	37.495116	139.942505	4	-0.124	-0.082	9.389	12.068
1417512026035	37.495105	139.942503	4	-0.141	-0.200	9.527	12.093
1417512026137	37.495094	139.942500	4	-0.125	-0.259	9.733	12.119
1417512026233	37.495084	139.942497	4	-0.073	-0.150	9.600	12.143
1417512026334	37.495073	139.942494	4	-0.074	-0.112	9.555	12.168
1417512026435	37.495062	139.942491	4	-0.055	-0.141	9.584	12.193
1417512026535	37.495051	139.942489	4	-0.089	-0.119	9.487	12.218
1417512026637	37.495040	139.942486	4	-0.131	-0.160	9.531	12.244
1417512026737	37.495029	139.942483	4	-0.106	-0.236	9.703	12.250
1417512026837	37.495018	139.942480	4	-0.171	-0.222	9.721	12.250
1417512026933	37.495008	139.942478	4	-0.202	-0.153	9.565	12.250
1417512027034	37.494998	139.942475	4	-0.215	-0.225	9.763	12.250
1417512027134	37.494987	139.942472	4	-0.245	-0.221	9.743	12.250
1417512027235	37.494977	139.942469	4	-0.298	-0.138	9.557	12.250
1417512027336	37.494966	139.942467	4	-0.300	-0.164	9.622	12.250
1417512027437	37.494955	139.942464	4	-0.303	-0.174	9.540	12.250
1417512027537	37.494945	139.942461	4	-0.344	-0.175	9.541	12.250
1417512027633	37.494935	139.942459	4	-0.303	-0.181	9.585	12.250
1417512027734	37.494923	139.942456	4	-0.262	-0.153	9.568	12.268
1417512027834	37.494912	139.942454	4	-0.238	-0.120	9.539	12.293
1417512027935	37.494900	139.942451	4	-0.248	-0.132	9.513	12.318
1417512028036	37.494889	139.942449	4	-0.229	-0.176	9.593	12.343
1417512028137	37.494877	139.942447	4	-0.172	-0.171	9.588	12.369
1417512028237	37.494865	139.942444	4	-0.128	-0.140	9.552	12.394
1417512028333	37.494854	139.942442	4	-0.076	-0.122	9.603	12.418
1417512028434	37.494842	139.942439	4	-0.002	-0.088	9.679	12.443
1417512028534	37.494831	139.942437	4	0.003	-0.058	9.713	12.468
1417512028635	37.494819	139.942435	4	-0.043	-0.063	9.766	12.494
1417512028736	37.494807	139.942432	4	-0.018	-0.061	9.876	12.519
1417512028836	37.494796	139.942430	4	-0.058	0.043	9.774	12.544
1417512028937	37.494784	139.942428	4	-0.017	0.093	9.664	12.569
1417512029033	37.494773	139.942425	4	0.025	0.084	9.599	12.593
1417512029133	37.494761	139.942423	4	0.107	0.087	9.539	12.618
1417512029234	37.494749	139.942421	4	0.091	0.000	9.551	12.643
1417512029335	37.494737	139.942419	4	0.059	0.030	9.524	12.668
1417512029436	37.494725	139.942416	4	0.038	0.032	9.470	12.694
1417512029536	37.494714	139.942414	4	0.003	-0.032	9.576	12.719
1417512029638	37.494702	139.942412	4	-0.021	-0.088	9.685	12.744
1417512029733	37.494691	139.942409	4	-0.008	-0.095	9.714	12.768
1417512029833	37.494679	139.942406	4	0.014	-0.063	9.712	12.793
1417512029934	37.494667	139.942403	4	0.051	-0.006	9.545	12.818
1417512030035	37.494655	139.942401	4	0.084	-0.073	9.671	12.843
1417512030135	37.494644	139.942398	4	0.161	-0.110	9.719	12.868
1417512030236	37.494632	139.942395	4	0.145	-0.046	9.580	12.893
1417512030337	37.494620	139.942392	4	0.144	-0.070	9.614	12.919
1417512030433	37.494609	139.942389	4	0.088	-0.139	9.705	12.943
1417512030533	37.494597	139.942387	4	0.005	-0.150	9.687	12.968
1417512030634	37.494585	139.942384	4	-0.058	-0.124	9.680	12.993
1417512030735	37.494573	139.942381	4	-0.066	-0.138	9.751	13.019
1417512030835	37.494562	139.942377	4	-0.057	-0.126	9.659	13.043
1417512030936	37.494550	139.942374	4	-0.075	-0.141	9.634	13.069
1417512031037	37.494538	139.942371	4	-0.086	-0.156	9.585	13.094
1417512031138	37.494526	139.942368	4	-0.064	-0.144	9.511	13.119
1417512031233	37.494515	139.942365	4	-0.000	-0.166	9.519	13.143
1417512031334	37.494503	139.942362	4	0.034	-0.204	9.575	13.168
1417512031435	37.494491	139.942358	4	0.081	-0.244	9.675	13.193
1417512031535	37.494479	139.942355	4	0.089	-0.190	9.556	13.218
1417512031636	37.494467	139.942352	4	0.044	-0.197	9.590	13.244
1417512031737	37.494455	139.942349	4	0.057	-0.230	9.656	13.269
1417512031837	37.494442	139.942346	4	0.025	-0.283	9.678	13.294
1417512031933	37.494431	139.942344	4	0.018	-0.352	9.665	13.318
1417512032034	37.494418	139.942341	4	-0.047	-0.370	9.554	13.343
1417512032135	37.494406	139.942339	4	-0.045	-0.409	9.609	13.368
1417512032235	37.494394	139.942336	4	-0.062	-0.485	9.626	13.393
1417512032336	37.494381	139.942333	4	-0.005	-0.479	9.594	13.418
1417512032437	37.494369	139.942331	4	0.086	-0.454	9.615	13.444
1417512032537	37.494356	139.942328	4	0.061	-0.472	9.559	13.469
1417512032633	37.494344	139.942326	4	0.090	-0.528	9.637	13.493
1417512032734	37.494332	139.942323	4	0.076	-0.531	9.605	13.481
1417512032834	37.494320	139.942320	4	0.099	-0.524	9.629	13.456
1417512032935	37.494309	139.942318	4	0.150	-0.532	9.736	13.431
1417512033036	37.494297	139.942315	4	0.228	-0.514	9.703	13.405
1417512033137	37.494285	139.942312	4	0.189	-0.434	9.589	13.380
1417512033237	37.494273	139.942309	4	0.202	-0.485	9.633	13.355
1417512033333	37.494262	139.942307	4	0.204	-0.490	9.623	13.331
1417512033434	37.494250	139.942304	4	0.161	-0.468	9.553	13.306
1417512033534	37.494239	139.942301	4	0.174	-0.464	9.610	13.281
1417512033635	37.494227	139.942299	4	0.150	-0.467	9.565	13.256
1417512033736	37.494215	139.942296	4	0.133	-0.499	9.656	13.231
1417512033837	37.494203	139.942293	4	0.144	-0.431	9.540	13.205
1417512033937	37.494191	139.942290	4	0.129	-0.465	9.589	13.180
1417512034033	37.494180	139.942288	4	0.130	-0.516	9.713	13.156
1417512034134	37.494168	139.942285	4	0.090	-0.474	9.588	13.131
1417512034234	37.494157	139.942282	4	0.072	-0.439	9.537	13.106
1417512034335	37.494145	139.942280	4	-0.015	-0.435	9.529	13.081
1417512034436	37.494133	139.942277	4	-0.094	-0.473	9.609	13.056
1417512034536	37.494121	139.942274	4	-0.172	-0.332	9.504	13.031
1417512034637	37.494110	139.942272	4	-0.164	-0.308	9.572	13.006
1417512034733	37.494099	139.942269	4	-0.135	-0.302	9.649	13.000
1417512034834	37.494087	139.942266	4	-0.044	-0.214	9.541	13.000
1417512034934	37.494076	139.942264	4	-0.120	-0.187	9.486	13.000
1417512035035	37.494065	139.942261	4	-0.074	-0.092	9.230	13.000
1417512035136	37.494053	139.942259	4	-0.054	-0.060	9.113	13.000
1417512035236	37.494042	139.942256	4	-0.015	-0.261	9.369	13.000
1417512035337	37.494031	139.942253	4	-0.041	-0.390	9.633	13.000
1417512035433	37.494020	139.942251	4	-0.132	-0.348	9.706	13.000
1417512035533	37.494008	139.942248	4	-0.226	-0.305	9.811	13.000
1417512035634	37.493997	139.942246	4	-0.233	-0.268	9.862	13.000
1417512035735	37.493985	139.942243	3	-0.088	-0.220	9.791	13.019
1417512035835	37.493974	139.942240	3	0.009	-0.177	9.748	13.043
1417512035936	37.493962	139.942238	3	0.088	-0.186	9.754	13.069
1417512036037	37.493951	139.942235	3	0.112	-0.158	9.595	13.094
1417512036133	37.493939	139.942232	3	0.099	-0.203	9.630	13.118
1417512036233	37.493928	139.942230	3	0.123	-0.203	9.589	13.143
1417512036334	37.493916	139.942227	3	0.140	-0.218	9.651	13.168
1417512036435	37.493904	139.942224	3	0.143	-0.221	9.611	13.193
1417512036536	37.493893	139.942221	3	0.085	-0.221	9.558	13.219
1417512036636	37.493881	139.942219	3	0.059	-0.290	9.665	13.244
1417512036737	37.493869	139.942216	3	-0.020	-0.279	9.585	13.269
1417512036833	37.493858	139.942213	3	-0.051	-0.245	9.534	13.293
1417512036933	37.493846	139.942210	3	-0.051	-0.269	9.625	13.318
1417512037034	37.493834	139.942208	3	-0.025	-0.294	9.736	13.343
1417512037135	37.493822	139.942205	3	-0.037	-0.240	9.632	13.368
1417512037235	37.493810	139.942202	3	-0.058	-0.189	9.533	13.393
1417512037336	37.493798	139.942199	3	-0.045	-0.248	9.628	13.418
1417512037437	37.493787	139.942196	3	0.049	-0.219	9.548	13.444
1417512037533	37.493775	139.942194	3	0.094	-0.224	9.560	13.468
1417512037633	37.493763	139.942191	3	0.163	-0.250	9.614	13.493
1417512037734	37.493751	139.942188	4	0.116	-0.230	9.564	13.500
1417512037835	37.493739	139.942185	4	0.072	-0.225	9.578	13.500
1417512037935	37.493726	139.942183	4	0.028	-0.230	9.617	13.500
1417512038036	37.493714	139.942180	4	-0.001	-0.218	9.592	13.500
1417512038137	37.493702	139.942178	4	0.007	-0.249	9.648	13.500
1417512038237	37.493690	139.942175	4	0.038	-0.213	9.615	13.500
1417512038333	37.493678	139.942172	4	0.056	-0.207	9.678	13.500
1417512038434	37.493666	139.942170	4	0.054	-0.193	9.613	13.500
1417512038535	37.493653	139.942167	4	0.043	-0.169	9.531	13.500
1417512038635	37.493641	139.942165	4	0.103	-0.171	9.572	13.500
1417512038736	37.493629	139.942162	4	0.063	-0.182	9.529	13.519
1417512038837	37.493617	139.942158	4	0.052	-0.155	9.485	13.544
1417512038937	37.493605	139.942155	4	0.019	-0.154	9.431	13.569
1417512039033	37.493594	139.942152	4	0.028	-0.228	9.511	13.593
1417512039134	37.493582	139.942148	4	0.027	-0.285	9.527	13.618
1417512039234	37.493570	139.942145	4	0.005	-0.254	9.418	13.643
1417512039335	37.493558	139.942142	4	-0.002	-0.379	9.607	13.668
1417512039436	37.493546	139.942138	4	-0.059	-0.499	9.737	13.694
1417512039537	37.493534	139.942135	4	-0.059	-0.492	9.687	13.719
1417512039637	37.493522	139.942132	4	-0.002	-0.599	9.730	13.744
1417512039738	37.493509	139.942129	4	0.114	-0.669	9.684	13.750
1417512039834	37.493497	139.942126	4	0.189	-0.638	9.578	13.750
1417512039933	37.493484	139.942124	4	0.196	-0.554	9.574	13.750
1417512040035	37.493471	139.942121	4	0.199	-0.427	9.506	13.750
1417512040134	37.493458	139.942118	4	0.191	-0.422	9.659	13.750
1417512040237	37.493445	139.942115	4	0.150	-0.397	9.742	13.750
1417512040336	37.493432	139.942113	4	0.209	-0.309	9.692	13.750
1417512040433	37.493419	139.942110	4	0.292	-0.156	9.496	13.750
1417512040534	37.493406	139.942107	4	0.337	-0.270	9.748	13.750
1417512040634	37.493393	139.942105	4	0.171	-0.293	9.596	13.750
1417512040735	37.493381	139.942102	4	0.107	-0.278	9.443	13.750
1417512040836	37.493369	139.942099	4	0.021	-0.387	9.591	13.750
1417512040937	37.493356	139.942095	4	0.074	-0.346	9.618	13.750
1417512041037	37.493344	139.942092	4	0.103	-0.328	9.602	13.750
1417512041133	37.493332	139.942089	4	0.154	-0.411	9.731	13.750
1417512041234	37.493320	139.942086	4	0.186	-0.395	9.700	13.750
1417512041334	37.493308	139.942083	4	0.176	-0.362	9.596	13.750
1417512041435	37.493295	139.942080	4	0.131	-0.422	9.656	13.750
1417512041536	37.493283	139.942077	4	0.088	-0.473	9.770	13.750
1417512041636	37.493271	139.942074	4	0.107	-0.425	9.734	13.750
1417512041737	37.493259	139.942071	3	0.105	-0.363	9.604	13.750
1417512041833	37.493247	139.942068	3	0.104	-0.361	9.547	13.750
1417512041933	37.493234	139.942065	3	0.122	-0.371	9.505	13.750
1417512042034	37.493222	139.942062	3	0.159	-0.380	9.515	13.750
1417512042135	37.493210	139.942059	3	0.174	-0.384	9.578	13.750
1417512042236	37.493197	139.942056	3	0.210	-0.284	9.433	13.750
1417512042336	37.493185	139.942053	3	0.178	-0.396	9.589	13.750
1417512042437	37.493172	139.942050	3	0.102	-0.506	9.799	13.750
1417512042533	37.493161	139.942048	3	0.006	-0.419	9.742	13.750
1417512042633	37.493148	139.942045	3	-0.105	-0.313	9.607	13.750
1417512042734	37.493136	139.942042	3	-0.211	-0.296	9.535	13.768
1417512042835	37.493124	139.942039	3	-0.154	-0.454	9.652	13.793
1417512042936	37.493111	139.942036	3	-0.128	-0.639	9.688	13.819
1417512043036	37.493099	139.942032	3	-0.155	-0.625	9.520	13.843
1417512043137	37.493087	139.942029	3	-0.096	-0.765	9.640	13.869
1417512043233	37.493075	139.942026	3	-0.082	-0.811	9.725	13.893
1417512043333	37.493062	139.942023	3	-0.100	-0.791	9.614	13.918
1417512043434	37.493050	139.942020	3	-0.100	-0.823	9.596	13.943
1417512043535	37.493037	139.942017	3	0.023	-0.811	9.554	13.969
1417512043635	37.493025	139.942014	3	0.127	-0.739	9.429	13.994
1417512043736	37.493013	139.942011	4	0.189	-0.787	9.440	13.961
1417512043837	37.493001	139.942007	4	0.231	-0.854	9.565	13.910
1417512043937	37.492989	139.942004	4	0.193	-0.882	9.664	13.860
1417512044033	37.492978	139.942001	4	0.143	-0.839	9.615	13.811
1417512044134	37.492966	139.941998	4	0.085	-0.831	9.637	13.761
1417512044235	37.492954	139.941994	4	0.119	-0.820	9.650	13.710
1417512044335	37.492943	139.941991	4	0.136	-0.829	9.583	13.661
1417512044436	37.492931	139.941988	4	0.146	-0.812	9.546	13.610
1417512044537	37.492919	139.941985	4	0.169	-0.825	9.548	13.561
1417512044637	37.492908	139.941982	4	0.100	-0.838	9.540	13.511
1417512044733	37.492897	139.941979	4	0.085	-0.837	9.584	13.482
1417512044834	37.492885	139.941975	4	0.083	-0.840	9.606	13.456
1417512044935	37.492873	139.941972	4	0.042	-0.763	9.447	13.431
1417512045035	37.492862	139.941969	4	0.046	-0.792	9.479	13.406
1417512045136	37.492850	139.941965	4	0.046	-0.890	9.641	13.380
1417512045237	37.492839	139.941962	4	0.053	-0.888	9.634	13.355
1417512045337	37.492828	139.941959	4	0.086	-0.870	9.625	13.330
1417512045433	37.492817	139.941955	4	0.053	-0.907	9.723	13.306
1417512045534	37.492805	139.941952	4	0.056	-0.852	9.724	13.281
1417512045634	37.492794	139.941949	4	0.079	-0.750	9.568	13.256
1417512045735	37.492783	139.941946	4	0.118	-0.819	9.661	13.212
1417512045836	37.492771	139.941942	4	0.065	-0.782	9.573	13.161
1417512045937	37.492760	139.941939	4	0.049	-0.758	9.662	13.110
1417512046037	37.492749	139.941936	4	0.042	-0.708	9.619	13.059
1417512046133	37.492738	139.941933	4	0.004	-0.599	9.514	13.011
1417512046234	37.492727	139.941930	4	0.031	-0.589	9.591	12.961
1417512046334	37.492716	139.941927	4	0.017	-0.534	9.588	12.911
1417512046435	37.492705	139.941924	4	-0.008	-0.517	9.585	12.861
1417512046536	37.492694	139.941921	4	-0.067	-0.486	9.584	12.811
1417512046636	37.492683	139.941918	4	-0.152	-0.460	9.535	12.762
1417512046737	37.492671	139.941915	3	-0.220	-0.476	9.598	12.750
1417512046833	37.492661	139.941912	3	-0.252	-0.505	9.657	12.750
1417512046934	37.492649	139.941910	3	-0.230	-0.495	9.632	12.750
1417512047034	37.492638	139.941907	3	-0.230	-0.528	9.770	12.750
1417512047135	37.492627	139.941904	3	-0.219	-0.477	9.642	12.750
1417512047236	37.492615	139.941901	3	-0.245	-0.393	9.572	12.750
1417512047336	37.492604	139.941899	3	-0.206	-0.448	9.620	12.750
1417512047437	37.492593	139.941896	3	-0.182	-0.508	9.687	12.750
1417512047533	37.492582	139.941893	3	-0.181	-0.531	9.694	12.750
1417512047634	37.492571	139.941891	3	-0.109	-0.561	9.789	12.750
1417512047734	37.492560	139.941888	3	-0.019	-0.522	9.941	12.750
1417512047835	37.492548	139.941885	3	0.034	-0.382	9.724	12.750
1417512047936	37.492537	139.941882	3	0.050	-0.248	9.563	12.750
1417512048036	37.492526	139.941879	3	0.089	-0.270	9.552	12.750
1417512048137	37.492514	139.941876	3	0.159	-0.301	9.621	12.750
1417512048233	37.492503	139.941873	3	0.247	-0.277	9.603	12.750
1417512048333	37.492492	139.941870	3	0.277	-0.323	9.702	12.750
1417512048434	37.492481	139.941868	3	0.297	-0.305	9.615	12.750
1417512048535	37.492469	139.941865	3	0.265	-0.343	9.594	12.750
1417512048636	37.492458	139.941862	3	0.253	-0.369	9.638	12.750
1417512048736	37.492446	139.941859	3	0.277	-0.423	9.752	12.750
1417512048837	37.492435	139.941856	3	0.204	-0.357	9.691	12.750
1417512048933	37.492424	139.941853	3	0.206	-0.260	9.527	12.750
1417512049033	37.492413	139.941851	3	0.223	-0.270	9.567	12.750
1417512049134	37.492402	139.941848	3	0.160	-0.340	9.578	12.750
1417512049235	37.492391	139.941845	3	0.100	-0.363	9.626	12.750
1417512049336	37.492379	139.941842	3	0.061	-0.379	9.627	12.750
1417512049436	37.492368	139.941839	3	0.001	-0.391	9.639	12.750
1417512049537	37.492357	139.941836	3	-0.026	-0.386	9.665	12.750
1417512049633	37.492346	139.941834	3	-0.041	-0.355	9.616	12.750
1417512049733	37.492334	139.941831	4	0.051	-0.350	9.657	12.750
1417512049834	37.492322	139.941829	4	0.032	-0.418	9.760	12.750
1417512049935	37.492310	139.941826	4	0.079	-0.425	9.832	12.750
1417512050035	37.492298	139.941824	4	0.003	-0.363	9.680	12.750
1417512050136	37.492286	139.941821	4	0.068	-0.385	9.588	12.750
1417512050237	37.492274	139.941819	4	0.099	-0.443	9.601	12.750
1417512050337	37.492262	139.941816	4	0.153	-0.521	9.677	12.750
1417512050433	37.492251	139.941814	4	0.164	-0.485	9.599	12.750
1417512050534	37.492239	139.941811	4	0.172	-0.556	9.681	12.750
1417512050635	37.492227	139.941809	4	0.168	-0.489	9.422	12.750
1417512050735	37.492216	139.941806	4	0.170	-0.473	9.460	12.750
1417512050836	37.492204	139.941804	4	0.157	-0.718	9.718	12.750
1417512050937	37.492193	139.941801	4	0.299	-0.742	9.919	12.750
1417512051037	37.492181	139.941799	4	0.323	-0.596	9.816	12.750
1417512051133	37.492171	139.941796	4	0.301	-0.450	9.442	12.750
1417512051234	37.492159	139.941794	4	0.352	-0.545	9.575	12.750
1417512051335	37.492148	139.941791	4	0.347	-0.658	9.539	12.750
1417512051435	37.492136	139.941789	4	0.337	-0.677	9.654	12.750
1417512051536	37.492125	139.941786	4	0.323	-0.649	9.704	12.750
1417512051637	37.492114	139.941784	4	0.298	-0.583	9.679	12.750
1417512051737	37.492102	139.941781	3	0.249	-0.492	9.512	12.731
1417512051833	37.492092	139.941778	3	0.154	-0.730	9.999	12.706
1417512051934	37.492080	139.941775	3	0.012	-0.769	10.055	12.681
1417512052035	37.492069	139.941772	3	-0.169	-0.477	9.752	12.656
1417512052135	37.492058	139.941769	3	-0.187	-0.242	9.338	12.631
1417512052236	37.492047	139.941766	3	-0.136	-0.379	9.337	12.605
1417512052337	37.492036	139.941763	3	-0.016	-0.269	9.381	12.580
1417512052437	37.492025	139.941760	3	0.178	-0.174	9.206	12.555
1417512052533	37.492014	139.941757	3	0.203	-0.188	9.428	12.531
1417512052634	37.492003	139.941754	3	0.305	-0.323	9.713	12.506
1417512052734	37.491992	139.941751	3	0.326	-0.293	9.747	12.481
1417512052835	37.491981	139.941749	3	0.231	-0.276	9.696	12.456
1417512052936	37.491970	139.941746	3	0.206	-0.350	9.751	12.430
1417512053037	37.491959	139.941744	3	0.164	-0.419	9.862	12.405
1417512053137	37.491948	139.941741	3	0.081	-0.390	9.815	12.380
1417512053233	37.491937	139.941739	3	0.084	-0.335	9.702	12.356
1417512053334	37.491926	139.941737	3	0.093	-0.318	9.608	12.331
1417512053434	37.491915	139.941734	3	0.072	-0.385	9.670	12.306
1417512053535	37.491904	139.941732	3	0.093	-0.396	9.683	12.281
1417512053636	37.491894	139.941730	3	0.105	-0.354	9.632	12.256
1417512053736	37.491883	139.941727	4	0.114	-0.300	9.612	12.250
1417512053837	37.491872	139.941725	4	0.143	-0.287	9.616	12.250
1417512053933	37.491862	139.941722	4	0.103	-0.287	9.578	12.250
1417512054039	37.491851	139.941720	4	0.098	-0.292	9.648	12.250
1417512054134	37.491841	139.941718	4	0.106	-0.278	9.618	12.250
1417512054233	37.491830	139.941715	4	0.072	-0.265	9.605	12.250
1417512054336	37.491819	139.941713	4	0.049	-0.167	9.401	12.250
1417512054435	37.491809	139.941710	4	0.111	-0.156	9.562	12.250
1417512054537	37.491798	139.941708	4	0.137	-0.176	9.719	12.250
1417512054633	37.491788	139.941706	4	0.200	-0.164	9.779	12.250
1417512054733	37.491777	139.941703	4	0.228	-0.171	9.850	12.250
1417512054834	37.491766	139.941700	4	0.240	-0.170	9.792	12.250
1417512054935	37.491755	139.941698	4	0.223	-0.184	9.741	12.250
1417512055036	37.491744	139.941695	4	0.155	-0.220	9.596	12.250
1417512055136	37.491733	139.941693	4	0.123	-0.309	9.631	12.250
1417512055237	37.491722	139.941690	4	0.137	-0.367	9.658	12.250
1417512055333	37.491712	139.941688	4	0.185	-0.357	9.587	12.250
1417512055433	37.491701	139.941685	4	0.208	-0.337	9.564	12.250
1417512055534	37.491690	139.941682	4	0.243	-0.299	9.444	12.250
1417512055635	37.491679	139.941680	4	0.242	-0.366	9.530	12.250
1417512055736	37.491668	139.941676	4	0.254	-0.422	9.690	12.250
1417512055836	37.491657	139.941672	4	0.250	-0.451	9.752	12.250
1417512055937	37.491646	139.941669	4	0.160	-0.371	9.680	12.250
1417512056033	37.491636	139.941665	4	0.150	-0.317	9.680	12.250
1417512056133	37.491625	139.941662	4	0.046	-0.270	9.547	12.250
1417512056234	37.491614	139.941658	4	0.004	-0.286	9.595	12.250
1417512056335	37.491603	139.941654	4	0.039	-0.350	9.754	12.250
1417512056435	37.491592	139.941650	4	0.041	-0.343	9.743	12.250
1417512056536	37.491581	139.941647	4	0.038	-0.312	9.751	12.250
1417512056637	37.491570	139.941643	4	0.066	-0.270	9.730	12.250
1417512056738	37.491560	139.941640	4	0.172	-0.238	9.722	12.250
1417512056833	37.491549	139.941637	4	0.151	-0.226	9.749	12.250
1417512056934	37.491539	139.941634	4	0.177	-0.223	9.710	12.250
1417512057035	37.491528	139.941631	4	0.212	-0.157	9.606	12.250
1417512057135	37.491517	139.941628	4	0.265	-0.152	9.555	12.250
1417512057236	37.491506	139.941625	4	0.281	-0.255	9.643	12.250
1417512057337	37.491496	139.941622	4	0.293	-0.261	9.611	12.250
1417512057437	37.491485	139.941619	4	0.245	-0.229	9.552	12.250
1417512057533	37.491475	139.941616	4	0.218	-0.249	9.629	12.250
1417512057634	37.491464	139.941613	4	0.169	-0.279	9.665	12.250
1417512057735	37.491453	139.941610	3	0.109	-0.222	9.619	12.250
1417512057835	37.491442	139.941607	3	0.128	-0.173	9.657	12.250
1417512057936	37.491431	139.941604	3	0.084	-0.229	9.628	12.250
1417512058037	37.491421	139.941601	3	0.124	-0.214	9.708	12.250
1417512058137	37.491410	139.941599	3	0.045	-0.162	9.604	12.250
1417512058233	37.491400	139.941596	3	0.118	-0.223	9.861	12.250
1417512058334	37.491389	139.941593	3	0.215	-0.156	9.765	12.250
1417512058434	37.491378	139.941590	3	0.195	-0.030	9.454	12.250
1417512058535	37.491367	139.941587	3	0.234	-0.039	9.449	12.250
1417512058636	37.491357	139.941585	3	0.213	-0.042	9.354	12.250
1417512058737	37.491346	139.941582	3	0.220	-0.113	9.348	12.250
1417512058837	37.491335	139.941579	3	0.240	-0.331	9.460	12.250
1417512058933	37.491325	139.941576	3	0.243	-0.489	9.632	12.250
1417512059034	37.491314	139.941573	3	0.238	-0.584	9.716	12.250
1417512059134	37.491304	139.941570	3	0.251	-0.617	9.612	12.250
1417512059235	37.491293	139.941567	3	0.246	-0.596	9.578	12.250
1417512059336	37.491282	139.941564	3	0.270	-0.661	9.670	12.250
1417512059437	37.491272	139.941561	3	0.291	-0.592	9.584	12.250
1417512059537	37.491261	139.941558	3	0.290	-0.563	9.554	12.250
1417512059633	37.491251	139.941555	3	0.313	-0.543	9.543	12.250
1417512059734	37.491240	139.941552	4	0.323	-0.553	9.608	12.231
1417512059834	37.491229	139.941550	4	0.245	-0.492	9.428	12.206
1417512059935	37.491218	139.941547	4	0.161	-0.523	9.552	12.181
1417512060036	37.491207	139.941545	4	0.099	-0.610	9.630	12.155
1417512060136	37.491196	139.941542	4	0.050	-0.536	9.535	12.130
1417512060237	37.491185	139.941540	4	0.014	-0.506	9.557	12.105
1417512060333	37.491174	139.941537	4	0.066	-0.566	9.737	12.081
1417512060434	37.491163	139.941535	4	0.065	-0.674	9.818	12.056
1417512060534	37.491153	139.941532	4	-0.005	-0.680	9.753	12.031
1417512060635	37.491142	139.941530	4	-0.060	-0.626	9.715	12.006
1417512060736	37.491131	139.941527	4	-0.048	-0.582	9.658	11.981
1417512060836	37.491121	139.941525	4	-0.064	-0.560	9.610	11.956
1417512060937	37.491110	139.941523	4	-0.035	-0.549	9.582	11.930
1417512061033	37.491100	139.941521	4	-0.034	-0.529	9.514	11.906
1417512061133	37.491090	139.941519	4	-0.018	-0.547	9.543	11.881
1417512061234	37.491079	139.941516	4	0.042	-0.544	9.589	11.856
1417512061335	37.491069	139.941514	4	0.091	-0.513	9.555	11.831
1417512061436	37.491058	139.941512	4	0.126	-0.532	9.623	11.806
1417512061536	37.491048	139.941510	4	0.062	-0.506	9.565	11.781
1417512061637	37.491037	139.941508	4	0.063	-0.515	9.542	11.756
1417512061733	37.491027	139.941505	4	0.061	-0.526	9.565	11.713
1417512061833	37.491017	139.941503	4	0.106	-0.544	9.570	11.662
1417512061934	37.491007	139.941501	4	0.093	-0.549	9.580	11.611
1417512062035	37.490997	139.941499	4	0.066	-0.564	9.660	11.560
1417512062135	37.490986	139.941497	4	0.072	-0.530	9.555	11.510
1417512062236	37.490976	139.941495	4	0.080	-0.521	9.551	11.459
1417512062337	37.490966	139.941493	4	0.105	-0.600	9.668	11.409
1417512062433	37.490957	139.941491	4	0.093	-0.575	9.681	11.362
1417512062533	37.490947	139.941489	4	0.020	-0.559	9.758	11.312
1417512062634	37.490937	139.941487	4	-0.019	-0.352	9.381	11.263
1417512062735	37.490927	139.941484	3	-0.091	-0.261	9.334	11.250
1417512062835	37.490917	139.941481	3	-0.056	-0.345	9.407	11.250
1417512062936	37.490907	139.941479	3	-0.071	-0.392	9.563	11.250
1417512063037	37.490898	139.941476	3	0.019	-0.470	9.923	11.250
1417512063137	37.490888	139.941474	3	0.093	-0.352	9.890	11.250
1417512063233	37.490879	139.941471	3	0.124	-0.212	9.697	11.250
1417512063334	37.490869	139.941468	3	0.038	-0.178	9.566	11.250
1417512063435	37.490860	139.941466	3	0.007	-0.234	9.543	11.250
1417512063535	37.490850	139.941463	3	-0.022	-0.266	9.542	11.250
1417512063636	37.490840	139.941461	3	-0.007	-0.265	9.522	11.250
1417512063737	37.490830	139.941458	3	0.043	-0.267	9.619	11.231
1417512063837	37.490820	139.941456	3	0.075	-0.299	9.660	11.205
1417512063933	37.490810	139.941453	3	0.073	-0.321	9.735	11.181
1417512064034	37.490800	139.941451	3	0.037	-0.320	9.789	11.156
1417512064135	37.490790	139.941449	3	-0.012	-0.248	9.732	11.131
1417512064235	37.490780	139.941446	3	0.036	-0.162	9.473	11.106
1417512064336	37.490770	139.941444	3	0.045	-0.215	9.498	11.080
1417512064437	37.490760	139.941441	3	0.069	-0.343	9.629	11.055
1417512064537	37.490750	139.941439	3	0.050	-0.398	9.574	11.030
1417512064633	37.490741	139.941437	3	0.082	-0.393	9.592	11.007
1417512064734	37.490731	139.941435	4	0.066	-0.437	9.632	11.000
1417512064834	37.490721	139.941433	4	0.100	-0.431	9.548	11.000
1417512064935	37.490711	139.941431	4	0.051	-0.456	9.553	11.000
1417512065036	37.490702	139.941429	4	0.064	-0.543	9.685	11.000
1417512065137	37.490692	139.941427	4	-0.008	-0.583	9.684	11.000
1417512065237	37.490682	139.941425	4	-0.001	-0.538	9.645	11.000
1417512065333	37.490673	139.941423	4	0.035	-0.518	9.667	11.000
1417512065434	37.490663	139.941421	4	0.087	-0.499	9.666	11.000
1417512065534	37.490653	139.941419	4	0.129	-0.501	9.612	11.000
1417512065635	37.490643	139.941417	4	0.102	-0.526	9.657	11.000
1417512065736	37.490634	139.941415	4	0.095	-0.507	9.605	10.981
1417512065837	37.490625	139.941412	4	0.090	-0.518	9.631	10.955
1417512065937	37.490615	139.941410	4	0.108	-0.502	9.589	10.930
1417512066033	37.490606	139.941407	4	0.086	-0.477	9.558	10.906
1417512066134	37.490597	139.941405	4	0.085	-0.480	9.598	10.881
1417512066234	37.490588	139.941402	4	0.078	-0.482	9.626	10.856
1417512066335	37.490579	139.941399	4	0.089	-0.507	9.643	10.831
1417512066436	37.490569	139.941397	4	0.067	-0.487	9.617	10.806
1417512066536	37.490560	139.941394	4	0.034	-0.499	9.696	10.781
1417512066637	37.490551	139.941392	4	0.078	-0.503	9.685	10.756
1417512066733	37.490542	139.941389	4	0.071	-0.473	9.629	10.732
1417512066833	37.490533	139.941387	4	0.087	-0.470	9.690	10.706
1417512066934	37.490523	139.941385	4	0.066	-0.378	9.605	10.681
1417512067035	37.490514	139.941382	4	0.022	-0.321	9.586	10.656
1417512067136	37.490504	139.941380	4	0.016	-0.276	9.634	10.630
1417512067236	37.490495	139.941378	4	0.027	-0.209	9.570	10.605
1417512067337	37.490486	139.941375	4	0.064	-0.203	9.636	10.580
1417512067433	37.490477	139.941373	4	0.054	-0.245	9.635	10.556
1417512067533	37.490468	139.941371	4	0.014	-0.261	9.707	10.531
1417512067634	37.490458	139.941369	4	0.069	-0.216	9.631	10.506
1417512067735	37.490449	139.941366	3	0.084	-0.186	9.572	10.500
1417512067836	37.490439	139.941364	3	0.090	-0.226	9.577	10.500
1417512067936	37.490430	139.941362	3	0.122	-0.255	9.647	10.500
1417512068037	37.490420	139.941360	3	0.093	-0.218	9.554	10.500
1417512068138	37.490411	139.941357	3	0.085	-0.225	9.552	10.500
1417512068233	37.490402	139.941355	3	-0.022	-0.229	9.560	10.500
1417512068339	37.490391	139.941353	3	-0.093	-0.255	9.650	10.500
1417512068435	37.490382	139.941351	3	-0.079	-0.224	9.616	10.500
1417512068534	37.490373	139.941349	3	-0.048	-0.246	9.674	10.500
1417512068636	37.490363	139.941347	3	-0.058	-0.246	9.712	10.500
1417512068733	37.490354	139.941345	3	-0.062	-0.225	9.650	10.500
1417512068833	37.490345	139.941343	3	-0.013	-0.240	9.607	10.500
1417512068934	37.490336	139.941341	3	-0.042	-0.286	9.623	10.500
1417512069034	37.490327	139.941339	3	-0.052	-0.275	9.647	10.500
1417512069135	37.490317	139.941337	3	-0.052	-0.255	9.665	10.500
1417512069235	37.490308	139.941335	3	-0.064	-0.271	9.611	10.500
1417512069336	37.490299	139.941332	3	-0.114	-0.261	9.606	10.500
1417512069437	37.490290	139.941330	3	-0.117	-0.241	9.558	10.500
1417512069537	37.490280	139.941328	3	-0.095	-0.243	9.543	10.500
1417512069633	37.490271	139.941327	3	-0.075	-0.294	9.679	10.500
1417512069734	37.490262	139.941325	4	0.012	-0.265	9.689	10.500
1417512069835	37.490252	139.941323	4	0.061	-0.252	9.673	10.500
1417512069935	37.490243	139.941320	4	0.116	-0.238	9.684	10.500
1417512070036	37.490233	139.941318	4	0.089	-0.196	9.612	10.500
1417512070137	37.490224	139.941316	4	0.088	-0.195	9.629	10.500
1417512070237	37.490214	139.941314	4	0.120	-0.270	9.703	10.500
1417512070333	37.490205	139.941313	4	0.113	-0.249	9.709	10.500
1417512070434	37.490195	139.941311	4	0.121	-0.178	9.590	10.500
1417512070535	37.490186	139.941308	4	0.111	-0.195	9.635	10.500
1417512070635	37.490176	139.941306	4	0.035	-0.212	9.609	10.500
1417512070736	37.490167	139.941304	4	0.037	-0.187	9.485	10.500
1417512070837	37.490158	139.941302	4	-0.058	-0.217	9.491	10.500
1417512070937	37.490149	139.941300	4	-0.130	-0.266	9.589	10.500
1417512071033	37.490140	139.941298	4	-0.156	-0.281	9.594	10.500
1417512071134	37.490130	139.941296	4	-0.201	-0.246	9.537	10.500
1417512071234	37.490121	139.941293	4	-0.196	-0.266	9.604	10.500
1417512071335	37.490112	139.941291	4	-0.063	-0.291	9.637	10.500
1417512071436	37.490103	139.941289	4	-0.089	-0.269	9.634	10.500
1417512071537	37.490093	139.941287	4	-0.063	-0.212	9.551	10.500
1417512071637	37.490084	139.941285	4	-0.072	-0.286	9.636	10.500
1417512071733	37.490075	139.941282	3	-0.059	-0.376	9.685	10.500
1417512071834	37.490065	139.941280	3	-0.048	-0.355	9.596	10.500
1417512071935	37.490056	139.941278	3	-0.068	-0.413	9.583	10.500
1417512072035	37.490046	139.941276	3	-0.060	-0.501	9.664	10.500
1417512072136	37.490037	139.941274	3	-0.076	-0.487	9.577	10.500
1417512072236	37.490027	139.941271	3	-0.063	-0.449	9.545	10.500
1417512072337	37.490018	139.941269	3	-0.034	-0.493	9.638	10.500
1417512072433	37.490009	139.941267	3	-0.022	-0.543	9.609	10.500
1417512072534	37.489999	139.941265	3	0.002	-0.610	9.583	10.500
1417512072634	37.489989	139.941263	3	0.044	-0.676	9.583	10.500
1417512072735	37.489980	139.941260	3	0.120	-0.852	9.870	10.462
1417512072836	37.489971	139.941258	3	0.093	-0.856	9.868	10.410
1417512072936	37.489962	139.941256	3	0.142	-0.619	9.236	10.360
1417512073037	37.489953	139.941254	3	0.109	-0.565	9.259	10.309
1417512073133	37.489945	139.941252	3	0.140	-0.846	9.592	10.260
1417512073234	37.489936	139.941250	3	0.072	-0.889	9.553	10.210
1417512073334	37.489927	139.941248	3	0.084	-0.849	9.605	10.160
1417512073435	37.489918	139.941246	3	0.083	-0.952	9.868	10.110
1417512073536	37.489910	139.941244	3	0.068	-0.893	9.694	10.061
1417512073636	37.489901	139.941242	3	0.083	-0.831	9.455	10.012
1417512073737	37.489892	139.941240	3	0.087	-0.974	9.559	9.961
1417512073833	37.489884	139.941238	3	0.041	-1.086	9.680	9.912
1417512073933	37.489875	139.941236	3	0.043	-1.066	9.551	9.861
1417512074034	37.489866	139.941234	3	0.038	-1.038	9.553	9.810
1417512074135	37.489858	139.941232	3	0.082	-1.060	9.608	9.759
1417512074236	37.489849	139.941230	3	0.071	-1.036	9.469	9.709
1417512074336	37.489840	139.941228	3	0.136	-1.094	9.659	9.659
1417512074437	37.489832	139.941226	3	0.193	-1.111	9.671	9.609
1417512074533	37.489824	139.941224	3	0.173	-1.102	9.615	9.562
1417512074633	37.489815	139.941222	3	0.150	-1.075	9.610	9.513
1417512074734	37.489807	139.941220	3	0.194	-1.050	9.553	9.442
1417512074835	37.489799	139.941218	3	0.223	-1.015	9.612	9.364
1417512074935	37.489791	139.941217	3	0.261	-0.982	9.656	9.288
1417512075036	37.489783	139.941215	3	0.287	-0.923	9.652	9.211
1417512075137	37.489775	139.941214	3	0.317	-0.874	9.618	9.135
1417512075233	37.489768	139.941212	3	0.285	-0.842	9.562	9.063
1417512075333	37.489760	139.941211	3	0.293	-0.791	9.491	8.988
1417512075434	37.489753	139.941209	3	0.280	-0.813	9.510	8.914
1417512075535	37.489745	139.941208	3	0.312	-0.811	9.487	8.840
1417512075635	37.489738	139.941206	3	0.321	-0.835	9.542	8.768
1417512075736	37.489730	139.941204	3	0.348	-0.707	9.577	8.711
1417512075837	37.489723	139.941202	3	0.462	-0.550	9.528	8.659
1417512075933	37.489716	139.941200	3	0.556	-0.484	9.525	8.611
1417512076033	37.489709	139.941198	3	0.614	-0.505	9.615	8.560
1417512076134	37.489701	139.941196	3	0.587	-0.517	9.634	8.509
1417512076235	37.489694	139.941194	3	0.518	-0.527	9.663	8.459
1417512076335	37.489687	139.941192	3	0.509	-0.511	9.621	8.409
1417512076436	37.489680	139.941190	3	0.416	-0.514	9.606	8.359
1417512076537	37.489673	139.941188	3	0.466	-0.510	9.610	8.310
1417512076637	37.489666	139.941185	3	0.471	-0.590	9.672	8.261
1417512076733	37.489659	139.941183	4	0.410	-0.612	9.577	8.231
1417512076834	37.489653	139.941179	4	0.339	-0.655	9.569	8.206
1417512076935	37.489647	139.941176	4	0.185	-0.637	9.615	8.180
1417512077035	37.489641	139.941173	4	0.090	-0.473	9.622	8.155
1417512077136	37.489634	139.941170	4	0.085	-0.334	9.647	8.130
1417512077237	37.489628	139.941166	4	0.032	-0.225	9.710	8.105
1417512077337	37.489622	139.941163	4	-0.019	-0.072	9.598	8.080
1417512077433	37.489616	139.941160	4	-0.016	0.003	9.517	8.056
1417512077534	37.489610	139.941157	4	0.080	0.040	9.650	8.031
1417512077634	37.489604	139.941154	4	-0.059	0.045	9.546	8.006
1417512077736	37.489597	139.941151	4	-0.284	0.055	9.340	8.000
1417512077836	37.489590	139.941149	4	-0.085	-0.053	9.742	8.000
1417512077937	37.489583	139.941146	4	-0.003	-0.077	9.886	8.000
1417512078037	37.489576	139.941144	4	-0.042	-0.010	9.611	8.000
1417512078133	37.489569	139.941142	4	-0.017	-0.016	9.786	8.000
1417512078234	37.489562	139.941139	4	0.107	0.057	9.805	8.000
1417512078334	37.489555	139.941137	4	0.019	0.058	9.655	8.000
1417512078435	37.489549	139.941134	4	-0.072	0.094	9.600	8.000
1417512078536	37.489542	139.941132	4	-0.014	0.082	9.625	8.000
1417512078637	37.489535	139.941130	4	-0.084	0.117	9.419	8.000
1417512078737	37.489527	139.941128	4	-0.140	0.033	9.531	8.019
1417512078833	37.489520	139.941126	4	-0.199	0.000	9.547	8.043
1417512078934	37.489513	139.941124	4	-0.203	-0.031	9.592	8.068
1417512079034	37.489506	139.941123	4	-0.188	-0.073	9.578	8.093
1417512079135	37.489498	139.941121	4	-0.185	-0.136	9.533	8.118
1417512079236	37.489491	139.941119	4	-0.158	-0.285	9.618	8.143
1417512079336	37.489483	139.941118	4	-0.195	-0.479	9.596	8.168
1417512079437	37.489476	139.941116	4	-0.145	-0.600	9.600	8.194
1417512079533	37.489469	139.941114	4	-0.091	-0.616	9.615	8.218
1417512079634	37.489461	139.941112	4	-0.146	-0.530	9.369	8.243
1417512079734	37.489454	139.941110	4	-0.029	-0.567	9.586	8.250
1417512079835	37.489447	139.941108	4	0.031	-0.600	9.726	8.250
1417512079936	37.489440	139.941106	4	-0.038	-0.613	9.647	8.250
1417512080036	37.489433	139.941104	4	-0.117	-0.530	9.514	8.250
1417512080137	37.489426	139.941102	4	-0.062	-0.550	9.689	8.250
1417512080233	37.489419	139.941100	4	-0.007	-0.555	9.723	8.250
1417512080333	37.489412	139.941098	4	-0.007	-0.611	9.640	8.250
1417512080434	37.489405	139.941096	4	0.069	-0.689	9.635	8.250
1417512080535	37.489398	139.941094	4	0.093	-0.758	9.577	8.250
1417512080636	37.489391	139.941091	4	0.066	-0.877	9.586	8.250
1417512080737	37.489384	139.941089	3	0.081	-0.921	9.491	8.210
1417512080838	37.489377	139.941087	3	0.086	-0.977	9.453	8.159
1417512080933	37.489371	139.941085	3	0.104	-1.022	9.507	8.110
1417512081033	37.489364	139.941083	3	0.085	-1.121	9.561	8.060
1417512081134	37.489357	139.941080	3	-0.004	-1.155	9.534	8.009
1417512081235	37.489351	139.941078	3	-0.008	-1.236	9.656	7.959
1417512081335	37.489344	139.941076	3	-0.016	-1.221	9.595	7.909
1417512081436	37.489337	139.941074	3	-0.028	-1.210	9.474	7.859
1417512081537	37.489331	139.941072	3	-0.000	-1.293	9.550	7.810
1417512081633	37.489325	139.941070	3	0.018	-1.350	9.613	7.763
1417512081733	37.489318	139.941068	4	0.031	-1.398	9.488	7.651
1417512081834	37.489312	139.941067	4	0.111	-1.430	9.521	7.517
1417512081935	37.489305	139.941065	4	0.141	-1.451	9.604	7.384
1417512082035	37.489299	139.941064	4	0.156	-1.511	9.602	7.256
1417512082136	37.489293	139.941063	4	0.173	-1.547	9.635	7.128
1417512082237	37.489286	139.941062	4	0.123	-1.532	9.561	7.002
1417512082338	37.489280	139.941061	4	0.132	-1.500	9.500	6.879
1417512082438	37.489275	139.941059	4	0.079	-1.478	9.417	6.759
1417512082534	37.489269	139.941058	4	0.070	-1.569	9.554	6.645
1417512082633	37.489264	139.941057	4	0.042	-1.683	9.654	6.531
1417512082735	37.489259	139.941056	4	0.038	-1.681	9.502	6.419
1417512082834	37.489254	139.941054	4	0.043	-1.670	9.433	6.314
1417512082937	37.489249	139.941053	4	0.010	-1.692	9.496	6.206
1417512083036	37.489245	139.941051	4	0.019	-1.687	9.548	6.104
1417512083133	37.489241	139.941050	4	0.050	-1.709	9.519	6.006
1417512083234	37.489236	139.941049	4	0.018	-1.761	9.655	5.906
1417512083334	37.489232	139.941047	4	0.059	-1.733	9.581	5.808
1417512083435	37.489228	139.941046	4	0.094	-1.643	9.563	5.710
1417512083536	37.489224	139.941045	4	0.073	-1.556	9.519	5.615
1417512083637	37.489220	139.941043	4	0.111	-1.432	9.430	5.521
1417512083737	37.489216	139.941042	4	0.066	-1.479	9.624	5.392
1417512083833	37.489212	139.941041	4	0.076	-1.496	9.623	5.261
1417512083934	37.489208	139.941040	4	0.004	-1.509	9.576	5.126
1417512084034	37.489204	139.941039	4	-0.073	-1.475	9.561	4.995
1417512084135	37.489200	139.941037	4	0.026	-1.473	9.481	4.866
1417512084236	37.489197	139.941036	4	0.152	-1.397	9.445	4.741
1417512084337	37.489193	139.941035	4	0.146	-1.423	9.653	4.619
1417512084437	37.489189	139.941034	4	0.057	-1.394	9.509	4.501
1417512084533	37.489186	139.941033	4	0.005	-1.406	9.563	4.391
1417512084634	37.489183	139.941032	4	-0.032	-1.418	9.512	4.278
1417512084734	37.489180	139.941032	3	-0.000	-1.453	9.431	4.167
1417512084835	37.489177	139.941031	3	0.147	-1.533	9.705	4.056
1417512084936	37.489174	139.941030	3	0.323	-1.350	9.543	3.947
1417512085037	37.489171	139.941030	3	0.196	-1.395	9.513	3.842
1417512085137	37.489168	139.941029	3	-0.012	-1.494	9.562	3.740
1417512085233	37.489166	139.941029	3	-0.100	-1.600	9.575	3.644
1417512085334	37.489163	139.941028	3	0.055	-1.658	9.628	3.547
1417512085434	37.489160	139.941028	3	0.091	-1.652	9.471	3.453
1417512085535	37.489158	139.941028	3	0.082	-1.606	9.435	3.360
1417512085636	37.489156	139.941027	3	0.088	-1.690	9.588	3.271
1417512085736	37.489154	139.941026	4	0.217	-1.745	9.651	3.134
1417512085837	37.489152	139.941026	4	0.275	-1.750	9.529	2.985
1417512085933	37.489150	139.941025	4	0.102	-1.834	9.640	2.850
1417512086033	37.489149	139.941024	4	-0.038	-1.821	9.498	2.714
1417512086134	37.489147	139.941024	4	0.008	-1.752	9.351	2.583
1417512086235	37.489145	139.941023	4	0.144	-1.715	9.453	2.459
1417512086336	37.489144	139.941023	4	0.170	-1.701	9.586	2.340
1417512086436	37.489143	139.941022	4	0.125	-1.683	9.617	2.228
1417512086537	37.489141	139.941022	4	0.069	-1.602	9.533	2.122
1417512086633	37.489140	139.941021	4	0.035	-1.590	9.509	2.026
1417512086733	37.489139	139.941021	4	0.052	-1.592	9.556	1.870
1417512086834	37.489139	139.941021	4	0.085	-1.552	9.524	1.701
1417512086935	37.489138	139.941020	4	0.110	-1.437	9.572	1.543
1417512087036	37.489137	139.941020	4	0.099	-1.178	9.588	1.397
1417512087136	37.489136	139.941020	4	0.080	-0.958	9.579	1.263
1417512087237	37.489136	139.941020	4	0.027	-0.806	9.568	1.140
1417512087333	37.489135	139.941019	4	-0.030	-0.738	9.578	1.034
1417512087433	37.489135	139.941019	4	-0.041	-0.692	9.591	0.934
1417512087534	37.489134	139.941019	4	-0.002	-0.713	9.610	0.845
1417512087635	37.489134	139.941019	4	0.037	-0.752	9.610	0.767
1417512087735	37.489133	139.941019	4	0.053	-0.801	9.593	0.728
1417512087836	37.489132	139.941019	4	0.036	-0.861	9.622	0.699
1417512087937	37.489131	139.941018	4	0.000	-0.895	9.574	0.671
1417512088033	37.489129	139.941018	4	0.009	-0.943	9.577	0.645
1417512088133	37.489128	139.941018	4	0.038	-0.990	9.581	0.619
1417512088234	37.489127	139.941018	4	0.076	-1.020	9.572	0.594
1417512088335	37.489126	139.941018	4	0.068	-1.046	9.582	0.570
1417512088435	37.489125	139.941017	4	0.047	-1.037	9.576	0.548
1417512088536	37.489124	139.941017	4	0.030	-0.985	9.575	0.526
1417512088637	37.489123	139.941017	4	0.012	-0.684	9.630	0.505
1417512088733	37.489123	139.941017	4	0.002	-0.476	9.603	0.430
1417512088833	37.489123	139.941016	4	-0.015	-0.484	9.579	0.342
1417512088934	37.489123	139.941016	4	-0.036	-0.474	9.616	0.264
1417512089035	37.489124	139.941016	4	-0.030	-0.403	9.599	0.195
1417512089135	37.489124	139.941016	4	-0.030	-0.435	9.604	0.138
1417512089236	37.489124	139.941015	4	-0.019	-0.435	9.619	0.090
1417512089337	37.489124	139.941015	4	-0.028	-0.403	9.617	0.052
1417512089437	37.489124	139.941015	4	-0.029	-0.435	9.623	0.025
1417512089533	37.489124	139.941015	4	-0.012	-0.417	9.628	0.008
1417512132737	37.489118	139.941005	4	-0.241	1.053	9.697	0.007
1417512132838	37.489118	139.941005	4	-0.270	1.182	9.684	0.040
1417512132933	37.489117	139.941005	4	-0.205	1.270	9.646	0.093
1417512133034	37.489117	139.941005	4	-0.143	1.252	9.647	0.175
1417512133135	37.489116	139.941006	4	-0.172	1.116	9.658	0.282
1417512133235	37.489115	139.941006	4	-0.167	0.924	9.692	0.413
1417512133336	37.489114	139.941006	4	-0.145	0.747	9.677	0.571
1417512133437	37.489113	139.941007	4	-0.174	0.619	9.572	0.755
1417512133537	37.489112	139.941007	4	-0.128	0.450	9.568	0.961
1417512133633	37.489110	139.941008	4	0.028	0.363	9.650	1.183
1417512133734	37.489109	139.941008	4	0.134	0.239	9.693	1.294
1417512133834	37.489108	139.941008	4	0.136	0.129	9.718	1.356
1417512133935	37.489106	139.941008	4	0.063	0.105	9.624	1.422
1417512134036	37.489105	139.941008	4	-0.020	0.051	9.621	1.491
1417512134137	37.489103	139.941008	4	-0.040	-0.059	9.639	1.565
1417512134237	37.489101	139.941008	4	-0.016	-0.237	9.656	1.641
1417512134333	37.489099	139.941008	4	-0.002	-0.411	9.635	1.717
1417512134434	37.489098	139.941008	4	0.006	-0.533	9.558	1.800
1417512134535	37.489096	139.941008	4	-0.004	-0.669	9.639	1.887
1417512134635	37.489094	139.941008	4	-0.038	-0.748	9.682	1.977
1417512134736	37.489092	139.941008	4	-0.058	-0.801	9.579	1.980
1417512134837	37.489090	139.941007	4	-0.026	-0.802	9.541	1.953
1417512134937	37.489088	139.941007	4	0.008	-0.932	9.682	1.927
1417512135033	37.489086	139.941007	4	-0.002	-0.961	9.603	1.903
1417512135134	37.489085	139.941007	4	-0.016	-1.028	9.586	1.877
1417512135234	37.489083	139.941006	4	0.011	-1.098	9.650	1.852
1417512135335	37.489081	139.941006	4	0.065	-1.072	9.592	1.828
1417512135436	37.489080	139.941006	4	0.096	-0.994	9.542	1.803
1417512135537	37.489078	139.941005	4	0.096	-0.949	9.607	1.779
1417512135637	37.489076	139.941005	4	0.072	-0.880	9.647	1.755
1417512135733	37.489075	139.941005	4	0.075	-0.762	9.608	1.681
1417512135834	37.489075	139.941005	4	0.085	-0.665	9.568	1.590
1417512135934	37.489074	139.941006	4	0.080	-0.626	9.580	1.504
1417512136035	37.489073	139.941006	4	0.058	-0.636	9.613	1.421
1417512136136	37.489072	139.941006	4	0.070	-0.699	9.634	1.342
1417512136236	37.489072	139.941006	4	0.068	-0.692	9.563	1.268
1417512136337	37.489071	139.941006	4	0.012	-0.698	9.531	1.198
1417512136433	37.489070	139.941007	4	-0.036	-0.720	9.583	1.134
1417512136534	37.489070	139.941007	4	0.042	-0.715	9.618	1.072
1417512136634	37.489069	139.941007	4	0.116	-0.753	9.663	1.014
1417512136735	37.489068	139.941007	4	0.115	-0.747	9.624	1.000
1417512136836	37.489068	139.941007	4	0.005	-0.709	9.549	1.000
1417512136936	37.489067	139.941007	4	-0.074	-0.695	9.577	1.000
1417512137037	37.489066	139.941007	4	-0.043	-0.700	9.606	1.000
1417512137133	37.489065	139.941007	4	0.004	-0.715	9.615	1.000
1417512137233	37.489064	139.941006	4	0.014	-0.710	9.618	1.000
1417512137334	37.489064	139.941006	4	-0.027	-0.693	9.591	1.000
1417512137435	37.489063	139.941006	4	-0.054	-0.679	9.578	1.000
1417512137536	37.489062	139.941006	4	-0.036	-0.668	9.576	1.000
1417512137636	37.489061	139.941006	4	0.000	-0.687	9.605	1.000
1417512137737	37.489060	139.941006	3	0.030	-0.688	9.605	0.978
1417512137833	37.489060	139.941006	3	0.016	-0.722	9.613	0.952
1417512137933	37.489059	139.941005	3	0.007	-0.730	9.616	0.925
1417512138034	37.489059	139.941005	3	-0.014	-0.741	9.599	0.898
1417512138135	37.489058	139.941005	3	-0.028	-0.738	9.609	0.872
1417512138235	37.489057	139.941005	3	-0.033	-0.728	9.581	0.848
1417512138336	37.489057	139.941005	3	-0.042	-0.739	9.609	0.823
1417512138437	37.489056	139.941004	3	-0.047	-0.711	9.581	0.800
1417512138533	37.489056	139.941004	3	-0.049	-0.710	9.589	0.778
1417512138633	37.489055	139.941004	3	-0.051	-0.729	9.603	0.756
1417512138734	37.489055	139.941004	3	-0.037	-0.718	9.587	0.643
1417512138835	37.489056	139.941005	3	-0.049	-0.727	9.604	0.510
1417512138935	37.489056	139.941005	3	-0.059	-0.730	9.608	0.394
1417512139036	37.489056	139.941005	3	-0.058	-0.736	9.591	0.292
1417512139137	37.489056	139.941005	3	-0.059	-0.741	9.597	0.205
1417512139237	37.489057	139.941006	3	-0.068	-0.637	9.605	0.134
1417512139333	37.489057	139.941006	3	-0.085	-0.456	9.620	0.080
1417512139439	37.489057	139.941006	3	-0.078	-0.390	9.611	0.037
1417512139535	37.489057	139.941006	3	-0.061	-0.378	9.594	0.012
1417512139634	37.489057	139.941006	3	-0.071	-0.356	9.622	0.001
1417512155733	37.489057	139.941033	3	-0.156	0.645	9.696	0.004
1417512155834	37.489057	139.941033	3	-0.181	0.958	9.675	0.023
1417512155935	37.489057	139.941033	3	-0.178	1.243	9.643	0.057
1417512156036	37.489056	139.941033	3	-0.198	1.458	9.648	0.106
1417512156136	37.489056	139.941033	3	-0.245	1.588	9.632	0.170
1417512156237	37.489056	139.941033	3	-0.276	1.656	9.628	0.250
1417512156333	37.489055	139.941033	3	-0.173	1.640	9.653	0.340
1417512156433	37.489055	139.941032	3	-0.042	1.630	9.643	0.448
1417512156534	37.489054	139.941032	3	0.158	1.558	9.646	0.573
1417512156635	37.489053	139.941032	3	0.396	1.375	9.817	0.713
1417512156736	37.489052	139.941031	3	0.583	1.296	9.819	0.789
1417512156836	37.489052	139.941031	3	0.497	1.198	9.762	0.846
1417512156937	37.489051	139.941030	3	0.521	1.119	9.766	0.908
1417512157033	37.489050	139.941029	3	0.792	1.150	9.601	0.971
1417512157133	37.489049	139.941028	3	0.965	1.103	9.532	1.042
1417512157234	37.489048	139.941027	3	0.935	0.974	9.670	1.119
1417512157335	37.489047	139.941026	3	0.850	0.921	9.707	1.201
1417512157436	37.489046	139.941025	3	0.821	0.873	9.617	1.289
1417512157536	37.489045	139.941024	3	0.829	0.826	9.561	1.380
1417512157637	37.489043	139.941022	3	0.922	0.736	9.650	1.477
1417512157733	37.489042	139.941021	3	1.122	0.621	9.734	1.584
1417512157833	37.489040	139.941019	3	1.287	0.569	9.793	1.711
1417512157934	37.489039	139.941017	3	1.438	0.501	9.835	1.851
1417512158035	37.489037	139.941015	3	1.434	0.496	9.671	2.005
1417512158135	37.489035	139.941012	3	1.320	0.502	9.560	2.170
1417512158236	37.489032	139.941010	3	1.187	0.439	9.690	2.351
1417512158337	37.489030	139.941007	3	1.277	0.432	9.761	2.544
1417512158433	37.489027	139.941004	3	1.375	0.470	9.628	2.740
1417512158533	37.489025	139.941001	3	1.470	0.401	9.735	2.956
1417512158634	37.489022	139.940998	3	1.512	0.374	9.727	3.188
1417512158735	37.489019	139.940994	4	1.207	0.374	9.578	3.316
1417512158835	37.489017	139.940991	4	0.964	0.362	9.565	3.406
1417512158936	37.489015	139.940987	4	0.997	0.431	9.509	3.499
1417512159037	37.489012	139.940983	4	1.305	0.414	9.645	3.596
1417512159137	37.489009	139.940979	4	1.387	0.244	9.913	3.694
1417512159233	37.489007	139.940975	4	1.280	0.359	9.622	3.790
1417512159334	37.489004	139.940971	4	1.188	0.327	9.659	3.895
1417512159435	37.489001	139.940966	4	1.330	0.337	9.600	4.002
1417512159535	37.488999	139.940962	4	1.299	0.151	9.680	4.110
1417512159636	37.488996	139.940957	4	1.262	0.340	9.693	4.223
1417512159737	37.488993	139.940952	4	1.625	0.273	9.759	4.303
1417512159837	37.488991	139.940947	4	1.662	0.207	9.748	4.374
1417512159933	37.488989	139.940942	4	1.492	0.117	9.623	4.443
1417512160034	37.488987	139.940937	4	1.197	0.149	9.653	4.516
1417512160135	37.488985	139.940931	4	1.086	0.257	9.783	4.591
1417512160235	37.488983	139.940926	4	0.951	0.387	9.639	4.666
1417512160336	37.488981	139.940920	4	0.991	0.437	9.594	4.744
1417512160437	37.488978	139.940915	4	0.950	0.429	9.478	4.822
1417512160537	37.488976	139.940909	4	0.750	0.349	9.587	4.901
1417512160633	37.488974	139.940904	4	0.909	0.338	9.737	4.978
1417512160734	37.488973	139.940896	6	1.117	0.424	9.442	5.068
1417512160834	37.488973	139.940887	6	1.314	0.423	9.360	5.161
1417512160935	37.488973	139.940879	6	1.422	0.464	9.430	5.257
1417512161036	37.488973	139.940870	6	1.515	0.498	9.424	5.355
1417512161136	37.488973	139.940861	6	1.546	0.281	9.875	5.453
1417512161237	37.488973	139.940852	6	1.591	0.236	9.982	5.555
1417512161333	37.488973	139.940843	6	1.560	0.329	9.667	5.653
1417512161434	37.488973	139.940833	6	1.568	0.374	9.485	5.758
1417512161534	37.488973	139.940823	6	1.557	0.436	9.580	5.864
1417512161635	37.488973	139.940813	6	1.522	0.531	9.529	5.973
1417512161736	37.488974	139.940805	6	1.425	0.654	9.566	6.054
1417512161836	37.488976	139.940797	6	1.207	0.730	9.555	6.126
1417512161937	37.488977	139.940790	6	1.022	0.708	9.809	6.199
1417512162033	37.488979	139.940782	6	0.811	0.624	9.815	6.269
1417512162133	37.488980	139.940774	6	0.539	0.674	9.596	6.344
1417512162234	37.488982	139.940766	6	0.422	0.697	9.676	6.420
1417512162335	37.488984	139.940757	6	0.201	0.795	9.500	6.497
1417512162436	37.488985	139.940749	6	0.186	0.784	9.467	6.574
1417512162536	37.488987	139.940741	6	0.206	0.797	9.461	6.652
1417512162637	37.488989	139.940732	6	0.230	0.730	9.518	6.732
1417512162733	37.488989	139.940724	4	0.063	0.463	10.033	6.802
1417512162833	37.488990	139.940716	4	0.027	0.465	10.104	6.874
1417512162934	37.488991	139.940708	4	0.154	0.712	9.443	6.948
1417512163035	37.488991	139.940700	4	0.139	0.861	9.313	7.022
1417512163136	37.488992	139.940692	4	0.168	0.766	9.778	7.097
1417512163236	37.488992	139.940684	4	0.064	0.659	9.694	7.172
1417512163337	37.488993	139.940675	4	-0.071	1.862	9.559	7.249
1417512163433	37.488994	139.940667	4	0.108	1.300	9.445	7.323
1417512163533	37.488994	139.940659	4	-0.016	0.140	9.444	7.400
1417512163634	37.488995	139.940650	4	-0.095	-0.014	9.454	7.480
1417512163735	37.488996	139.940642	4	0.071	0.551	9.324	7.571
1417512163835	37.488998	139.940633	4	-0.049	0.095	9.778	7.666
1417512163936	37.489000	139.940625	4	-0.130	-0.165	9.863	7.764
1417512164037	37.489002	139.940616	4	0.579	0.356	9.538	7.862
1417512164137	37.489004	139.940607	4	-0.229	0.558	9.427	7.961
1417512164233	37.489006	139.940598	4	-0.269	0.706	9.655	8.058
1417512164334	37.489008	139.940589	4	-0.219	0.622	9.796	8.160
1417512164435	37.489010	139.940580	4	-0.201	0.292	9.680	8.264
1417512164535	37.489011	139.940571	4	-0.172	0.401	9.549	8.368
1417512164636	37.489014	139.940561	4	-0.205	0.398	9.569	8.475
1417512164737	37.489015	139.940552	4	-0.189	0.386	9.610	8.500
1417512164837	37.489016	139.940542	4	-0.118	0.414	9.785	8.500
1417512164933	37.489018	139.940533	4	-0.133	0.521	9.652	8.500
1417512165034	37.489019	139.940523	4	-0.083	0.582	9.478	8.500
1417512165135	37.489020	139.940513	4	-0.103	0.504	9.674	8.500
1417512165235	37.489021	139.940503	4	-0.080	0.475	9.757	8.500
1417512165336	37.489023	139.940493	4	-0.094	0.511	9.598	8.500
1417512165437	37.489024	139.940484	4	-0.100	0.635	9.378	8.500
1417512165537	37.489025	139.940474	4	-0.119	0.567	9.421	8.500
1417512165633	37.489027	139.940465	4	-0.108	0.524	9.577	8.500
1417512165734	37.489028	139.940455	3	-0.097	0.402	9.811	8.536
1417512165834	37.489029	139.940445	3	-0.194	0.453	9.627	8.585
1417512165935	37.489031	139.940435	3	-0.190	0.512	9.563	8.635
1417512166036	37.489032	139.940425	3	-0.115	0.565	9.486	8.685
1417512166137	37.489034	139.940415	3	-0.097	0.564	9.402	8.735
1417512166237	37.489035	139.940405	3	-0.148	0.512	9.426	8.785
1417512166333	37.489036	139.940395	3	-0.099	0.483	9.556	8.833
1417512166434	37.489038	139.940385	3	-0.050	0.415	9.662	8.885
1417512166534	37.489039	139.940375	3	-0.032	0.350	9.905	8.935
1417512166635	37.489041	139.940365	3	-0.105	0.411	9.720	8.987
1417512166736	37.489042	139.940354	3	-0.111	0.586	9.211	9.055
1417512166837	37.489044	139.940344	3	-0.109	0.596	9.277	9.128
1417512166937	37.489046	139.940334	3	0.043	0.384	9.569	9.202
1417512167033	37.489048	139.940324	3	0.129	0.168	9.854	9.273
1417512167134	37.489050	139.940314	3	0.167	0.031	10.143	9.348
1417512167234	37.489052	139.940303	3	0.133	0.083	9.983	9.423
1417512167335	37.489054	139.940293	3	0.073	0.288	9.613	9.500
1417512167436	37.489056	139.940282	3	-0.162	0.189	9.648	9.577
1417512167537	37.489058	139.940271	3	-0.382	-0.015	9.793	9.655
1417512167637	37.489061	139.940260	3	-0.521	0.022	9.805	9.732
1417512167733	37.489062	139.940250	4	-0.597	0.202	9.578	9.786
1417512167839	37.489064	139.940239	4	-0.678	0.336	9.465	9.838
1417512167934	37.489065	139.940228	4	-0.671	0.351	9.546	9.885
1417512168033	37.489067	139.940217	4	-0.731	0.276	9.754	9.934
1417512168136	37.489069	139.940206	4	-0.770	0.308	9.733	9.985
1417512168235	37.489070	139.940195	4	-0.803	0.427	9.576	10.034
1417512168337	37.489072	139.940183	4	-0.842	0.434	9.662	10.086
1417512168433	37.489073	139.940173	4	-0.820	0.414	9.709	10.134
1417512168534	37.489075	139.940161	4	-0.874	0.421	9.623	10.186
1417512168634	37.489077	139.940150	4	-0.888	0.425	9.645	10.237
1417512168735	37.489078	139.940138	4	-0.918	0.366	9.719	10.287
1417512168836	37.489079	139.940126	4	-0.912	0.379	9.661	10.336
1417512168936	37.489081	139.940113	4	-0.845	0.390	9.677	10.386
1417512169037	37.489082	139.940101	4	-0.755	0.410	9.606	10.436
1417512169133	37.489083	139.940089	4	-0.574	0.429	9.700	10.484
1417512169233	37.489084	139.940077	4	-0.370	0.429	9.728	10.534
1417512169334	37.489086	139.940064	4	-0.194	0.507	9.564	10.584
1417512169435	37.489087	139.940051	4	-0.092	0.419	9.836	10.635
1417512169536	37.489088	139.940039	4	-0.046	0.360	9.880	10.687
1417512169636	37.489090	139.940026	4	-0.043	0.435	9.769	10.738
1417512169737	37.489091	139.940014	4	-0.099	0.477	9.648	10.769
1417512169833	37.489092	139.940002	4	-0.105	0.427	9.663	10.793
1417512169933	37.489094	139.939989	4	-0.309	0.349	9.659	10.818
1417512170034	37.489095	139.939977	4	-0.345	0.298	9.810	10.843
1417512170135	37.489096	139.939964	4	-0.314	0.322	9.845	10.868
1417512170236	37.489097	139.939952	4	-0.356	0.437	9.534	10.893
1417512170336	37.489099	139.939939	4	-0.272	0.449	9.553	10.918
1417512170437	37.489100	139.939927	4	-0.261	0.392	9.540	10.944
1417512170533	37.489101	139.939915	4	-0.290	0.356	9.520	10.968
1417512170633	37.489103	139.939902	4	-0.239	0.356	9.532	10.993
1417512170734	37.489104	139.939890	3	-0.316	0.368	9.465	11.036
1417512170835	37.489106	139.939877	3	-0.231	0.318	9.632	11.086
1417512170935	37.489108	139.939864	3	-0.128	0.312	9.748	11.135
1417512171036	37.489109	139.939851	3	-0.217	0.378	9.565	11.185
1417512171137	37.489111	139.939838	3	-0.148	0.386	9.585	11.236
1417512171237	37.489113	139.939825	3	-0.087	0.316	9.692	11.286
1417512171333	37.489114	139.939812	3	-0.108	0.210	9.737	11.334
1417512171434	37.489116	139.939799	3	-0.076	0.188	9.647	11.385
1417512171535	37.489118	139.939786	3	-0.034	0.126	9.729	11.436
1417512171635	37.489120	139.939772	3	-0.065	0.071	9.629	11.487
1417512171736	37.489121	139.939759	3	-0.083	0.072	9.513	11.500
1417512171837	37.489122	139.939747	3	-0.137	0.063	9.384	11.500
1417512171937	37.489124	139.939734	3	-0.054	0.036	9.407	11.500
1417512172033	37.489125	139.939722	3	0.046	-0.007	9.538	11.500
1417512172134	37.489127	139.939709	3	0.022	-0.012	9.578	11.500
1417512172234	37.489128	139.939696	3	-0.083	-0.046	9.847	11.500
1417512172335	37.489129	139.939683	3	-0.292	0.055	9.591	11.500
1417512172436	37.489131	139.939670	3	-0.377	0.200	9.150	11.500
1417512172537	37.489132	139.939658	3	-0.437	-0.056	9.781	11.500
1417512172637	37.489134	139.939645	3	-0.519	-0.365	10.340	11.500
1417512172733	37.489135	139.939632	3	-0.433	-0.091	10.252	11.500
1417512172834	37.489137	139.939619	3	-0.281	0.151	9.988	11.500
1417512172934	37.489138	139.939606	3	-0.261	0.294	9.588	11.500
1417512173035	37.489140	139.939593	3	-0.339	0.233	9.503	11.500
1417512173136	37.489141	139.939580	3	-0.181	0.126	9.706	11.500
1417512173236	37.489143	139.939567	3	-0.176	0.294	9.237	11.500
1417512173337	37.489144	139.939553	3	-0.268	0.355	8.768	11.500
1417512173433	37.489146	139.939541	3	-0.276	0.156	8.821	11.500
1417512173534	37.489147	139.939528	3	-0.276	-0.020	9.305	11.500
1417512173634	37.489149	139.939514	3	-0.392	-0.104	9.459	11.500
1417512173735	37.489150	139.939501	3	-0.164	-0.215	10.258	11.519
1417512173836	37.489151	139.939488	3	0.178	0.043	10.413	11.544
1417512173936	37.489152	139.939475	3	0.281	0.384	9.869	11.568
1417512174037	37.489153	139.939462	3	0.192	0.477	9.439	11.594
1417512174133	37.489155	139.939449	3	0.097	0.309	9.394	11.618
1417512174234	37.489156	139.939436	3	0.046	0.143	9.556	11.643
1417512174334	37.489157	139.939423	3	-0.020	0.120	9.617	11.668
1417512174435	37.489158	139.939410	3	-0.018	0.137	9.601	11.693
1417512174536	37.489159	139.939396	3	-0.059	0.177	9.621	11.719
1417512174636	37.489161	139.939383	3	-0.029	0.161	9.615	11.744
1417512174737	37.489162	139.939370	3	-0.013	0.176	9.529	11.750
1417512174833	37.489164	139.939357	3	-0.019	0.174	9.541	11.750
1417512174933	37.489166	139.939343	3	-0.003	0.194	9.474	11.750
1417512175034	37.489167	139.939330	3	-0.017	0.168	9.563	11.750
1417512175135	37.489169	139.939316	3	0.010	0.146	9.738	11.750
1417512175236	37.489171	139.939303	3	0.005	0.203	9.617	11.750
1417512175336	37.489172	139.939289	3	0.104	0.171	9.801	11.750
1417512175437	37.489174	139.939276	3	0.094	0.174	9.669	11.750
1417512175533	37.489176	139.939263	3	0.133	0.217	9.646	11.750
1417512175633	37.489178	139.939250	3	0.115	0.186	9.588	11.750
1417512175734	37.489180	139.939236	4	0.033	0.183	9.527	11.768
1417512175835	37.489182	139.939222	4	0.057	0.178	9.612	11.793
1417512175936	37.489184	139.939209	4	0.067	0.123	9.686	11.818
1417512176036	37.489186	139.939195	4	0.070	0.165	9.712	11.843
1417512176137	37.489188	139.939181	4	0.095	0.200	9.681	11.869
1417512176233	37.489191	139.939168	4	-0.007	0.226	9.587	11.893
1417512176333	37.489193	139.939155	4	-0.048	0.222	9.542	11.918
1417512176434	37.489195	139.939141	4	0.005	0.141	9.754	11.943
1417512176535	37.489197	139.939127	4	0.001	0.118	9.916	11.968
1417512176635	37.489199	139.939113	4	0.011	0.172	9.788	11.994
1417512176736	37.489201	139.939099	4	-0.170	0.315	9.376	12.000
1417512176837	37.489202	139.939085	4	-0.197	0.237	9.436	12.000
1417512176933	37.489204	139.939071	4	-0.164	0.145	9.621	12.000
1417512177033	37.489205	139.939057	4	-0.114	0.237	9.431	12.000
1417512177134	37.489207	139.939043	4	-0.098	0.261	9.388	12.000
1417512177235	37.489208	139.939028	4	0.053	0.142	9.732	12.000
1417512177335	37.489209	139.939014	4	0.150	0.077	9.922	12.000
1417512177436	37.489211	139.939000	4	0.265	0.173	9.870	12.000
1417512177537	37.489212	139.938985	4	0.291	0.277	9.668	12.000
1417512177633	37.489214	139.938972	4	0.261	0.286	9.520	12.000
1417512177733	37.489216	139.938958	5	0.229	0.192	9.532	12.000
1417512177834	37.489219	139.938943	5	0.137	0.197	9.369	12.000
1417512177935	37.489221	139.938929	5	0.156	0.118	9.573	12.000
1417512178035	37.489224	139.938915	5	0.183	0.117	9.764	12.000
1417512178136	37.489227	139.938901	5	0.226	0.156	9.817	12.000
1417512178237	37.489230	139.938887	5	0.408	0.191	9.961	12.000
1417512178337	37.489232	139.938873	5	0.408	0.273	9.701	12.000
1417512178433	37.489235	139.938859	5	0.343	0.333	9.449	12.000
1417512178534	37.489238	139.938845	5	0.309	0.265	9.425	12.000
1417512178634	37.489240	139.938831	5	0.190	0.173	9.386	12.000
1417512178735	37.489242	139.938817	5	0.117	0.144	9.410	12.019
1417512178836	37.489244	139.938803	5	0.110	0.063	9.602	12.044
1417512178937	37.489246	139.938790	5	0.180	0.070	9.724	12.069
1417512179037	37.489248	139.938776	5	0.237	0.066	9.871	12.094
1417512179133	37.489249	139.938763	5	0.215	0.082	9.858	12.118
1417512179234	37.489251	139.938750	5	0.125	0.069	9.980	12.143
1417512179334	37.489253	139.938736	5	0.012	0.152	9.673	12.168
1417512179435	37.489255	139.938723	5	-0.104	0.168	9.605	12.193
1417512179536	37.489257	139.938709	5	-0.140	0.036	9.858	12.219
1417512179636	37.489259	139.938695	5	-0.178	0.079	9.776	12.244
1417512179737	37.489260	139.938682	3	-0.113	0.132	9.758	12.250
1417512179833	37.489262	139.938668	3	-0.126	0.161	9.654	12.250
1417512179934	37.489264	139.938655	3	-0.253	0.142	9.511	12.250
1417512180034	37.489266	139.938641	3	-0.401	0.128	9.321	12.250
1417512180135	37.489268	139.938627	3	-0.607	0.070	9.287	12.250
1417512180236	37.489270	139.938614	3	-0.746	-0.005	9.506	12.250
1417512180336	37.489272	139.938600	3	-0.866	-0.020	9.641	12.250
1417512180437	37.489274	139.938586	3	-0.921	0.028	9.592	12.250
1417512180533	37.489276	139.938573	3	-0.801	0.043	9.740	12.250
1417512180634	37.489278	139.938560	3	-0.715	0.074	9.704	12.250
1417512180734	37.489279	139.938546	3	-0.671	0.077	9.688	12.250
1417512180835	37.489280	139.938532	3	-0.638	0.061	9.685	12.250
1417512180936	37.489282	139.938518	3	-0.709	0.079	9.559	12.250
1417512181036	37.489283	139.938504	3	-0.749	0.077	9.479	12.250
1417512181137	37.489285	139.938491	3	-0.697	0.018	9.458	12.250
1417512181233	37.489286	139.938478	3	-0.661	-0.065	9.609	12.250
1417512181333	37.489287	139.938464	3	-0.494	-0.076	9.579	12.250
1417512181434	37.489289	139.938450	3	-0.359	-0.097	9.679	12.250
1417512181535	37.489290	139.938436	3	-0.124	-0.100	9.716	12.250
1417512181636	37.489292	139.938422	3	-0.059	-0.093	9.668	12.250
1417512181736	37.489293	139.938409	4	-0.066	-0.052	9.597	12.250
1417512181837	37.489294	139.938396	4	-0.062	-0.027	9.619	12.250
1417512181938	37.489296	139.938383	4	-0.037	-0.023	9.616	12.250
1417512182033	37.489297	139.938370	4	-0.029	-0.024	9.600	12.250
1417512182139	37.489299	139.938356	4	-0.052	-0.071	9.747	12.250
1417512182235	37.489300	139.938344	4	0.046	-0.099	9.857	12.250
1417512182334	37.489301	139.938331	4	0.238	0.048	9.456	12.250
1417512182436	37.489303	139.938317	4	0.066	-0.037	9.359	12.250
1417512182535	37.489304	139.938304	4	-0.135	-0.240	9.598	12.250
1417512182633	37.489306	139.938292	4	-0.113	-0.162	9.689	12.250
1417512182734	37.489307	139.938278	4	-0.094	-0.138	9.614	12.231
1417512182835	37.489309	139.938265	4	-0.030	-0.108	9.751	12.206
1417512182935	37.489310	139.938251	4	0.193	-0.122	9.789	12.181
1417512183035	37.489312	139.938238	4	0.194	-0.114	9.745	12.156
1417512183136	37.489314	139.938225	4	0.229	-0.119	9.701	12.130
1417512183237	37.489315	139.938211	4	0.216	-0.156	9.730	12.105
1417512183338	37.489317	139.938198	4	0.184	-0.080	9.522	12.080
1417512183433	37.489318	139.938186	4	0.170	-0.081	9.587	12.056
1417512183534	37.489320	139.938172	4	0.173	-0.042	9.520	12.031
1417512183635	37.489322	139.938159	4	0.171	-0.045	9.656	12.006
1417512183735	37.489323	139.938146	3	0.151	0.004	9.677	12.000
1417512183836	37.489324	139.938132	3	0.146	0.068	9.566	12.000
1417512183937	37.489326	139.938119	3	0.182	-0.009	9.782	12.000
1417512184038	37.489327	139.938105	3	0.137	0.009	9.676	12.000
1417512184133	37.489329	139.938093	3	0.112	0.070	9.464	12.000
1417512184234	37.489330	139.938079	3	-0.003	-0.036	9.645	12.000
1417512184335	37.489331	139.938066	3	-0.109	-0.109	9.895	12.000
1417512184435	37.489333	139.938052	3	-0.011	-0.017	9.854	12.000
1417512184536	37.489334	139.938039	3	0.045	0.061	9.771	12.000
1417512184637	37.489336	139.938025	3	0.097	0.093	9.692	12.000
1417512184737	37.489338	139.938011	5	0.173	0.096	9.632	11.981
1417512184833	37.489341	139.937997	5	0.133	0.054	9.558	11.956
1417512184934	37.489344	139.937983	5	0.111	0.038	9.539	11.931
1417512185034	37.489347	139.937969	5	0.133	0.025	9.616	11.906
1417512185135	37.489350	139.937955	5	0.155	0.003	9.646	11.881
1417512185236	37.489353	139.937940	5	0.234	-0.029	9.794	11.855
1417512185337	37.489356	139.937926	5	0.280	-0.036	9.892	11.830
1417512185437	37.489359	139.937912	5	0.275	0.113	9.543	11.805
1417512185533	37.489361	139.937899	5	0.221	0.113	9.465	11.781
1417512185634	37.489364	139.937885	5	0.128	-0.040	9.655	11.756
1417512185735	37.489366	139.937871	5	-0.049	0.042	9.362	11.750
1417512185835	37.489368	139.937858	5	-0.170	0.081	9.288	11.750
1417512185936	37.489370	139.937845	5	-0.236	-0.033	9.480	11.750
1417512186037	37.489371	139.937832	5	-0.276	-0.064	9.599	11.750
1417512186137	37.489373	139.937819	5	-0.175	-0.056	9.743	11.750
1417512186233	37.489375	139.937806	5	-0.181	0.060	9.520	11.750
1417512186334	37.489376	139.937793	5	-0.157	0.043	9.632	11.750
1417512186434	37.489378	139.937780	5	-0.150	0.022	9.621	11.750
1417512186535	37.489380	139.937766	5	-0.207	0.051	9.519	11.750
1417512186636	37.489382	139.937753	5	-0.108	-0.085	9.856	11.750
1417512186736	37.489383	139.937740	3	-0.051	-0.058	9.914	11.750
1417512186837	37.489384	139.937727	3	-0.060	0.004	9.912	11.750
1417512186933	37.489386	139.937715	3	0.011	-0.046	10.179	11.750
1417512187034	37.489387	139.937702	3	0.053	0.208	9.265	11.750
1417512187134	37.489389	139.937689	3	0.090	0.316	8.826	11.750
1417512187235	37.489390	139.937676	3	0.028	-0.182	9.771	11.750
1417512187336	37.489391	139.937663	3	0.115	-0.301	10.169	11.750
1417512187436	37.489393	139.937650	3	0.121	0.072	9.698	11.750
1417512187537	37.489394	139.937637	3	0.167	0.215	9.557	11.750
1417512187633	37.489396	139.937624	3	0.143	0.138	9.590	11.750
1417512187733	37.489397	139.937612	4	0.125	0.052	9.605	11.750
1417512187834	37.489398	139.937598	4	0.035	0.025	9.494	11.750
1417512187935	37.489399	139.937585	4	-0.043	-0.046	9.612	11.750
1417512188036	37.489400	139.937572	4	-0.080	-0.066	9.784	11.750
1417512188136	37.489401	139.937559	4	-0.037	-0.029	9.839	11.750
1417512188237	37.489402	139.937546	4	-0.038	-0.016	9.761	11.750
1417512188333	37.489403	139.937534	4	-0.050	0.016	9.627	11.750
1417512188433	37.489404	139.937521	4	0.009	0.022	9.646	11.750
1417512188534	37.489406	139.937507	4	0.006	0.015	9.631	11.750
1417512188635	37.489407	139.937494	4	0.082	-0.037	9.649	11.750
1417512188736	37.489408	139.937481	4	0.155	-0.006	9.564	11.769
1417512188836	37.489409	139.937467	4	0.136	0.004	9.560	11.794
1417512188937	37.489411	139.937453	4	0.146	0.059	9.433	11.819
1417512189033	37.489412	139.937440	4	0.144	0.062	9.427	11.843
1417512189133	37.489413	139.937426	4	0.166	0.025	9.471	11.868
1417512189234	37.489414	139.937412	4	0.156	0.001	9.519	11.893
1417512189335	37.489416	139.937398	4	0.155	-0.041	9.749	11.918
1417512189435	37.489417	139.937384	4	0.221	-0.044	9.963	11.943
1417512189536	37.489418	139.937369	4	0.302	-0.012	9.954	11.969
1417512189637	37.489420	139.937355	4	0.249	0.132	9.657	11.994
1417512189738	37.489421	139.937341	4	0.075	0.315	9.142	12.000
1417512189833	37.489422	139.937329	4	0.228	0.211	9.583	12.000
1417512189934	37.489424	139.937315	4	0.126	0.105	9.765	12.000
1417512190035	37.489425	139.937301	4	0.265	0.236	9.760	12.000
1417512190135	37.489426	139.937288	4	0.318	0.285	9.670	12.000
1417512190236	37.489427	139.937274	4	0.304	0.253	9.728	12.000
1417512190337	37.489429	139.937261	4	0.270	0.236	9.575	12.000
1417512190438	37.489430	139.937247	4	0.183	0.244	9.493	12.000
1417512190533	37.489431	139.937234	4	0.191	0.200	9.582	12.000
1417512190634	37.489433	139.937221	4	0.099	0.191	9.494	12.000
1417512190735	37.489434	139.937207	4	0.124	0.194	9.477	12.000
1417512190835	37.489436	139.937194	4	0.131	0.067	9.781	12.000
1417512190936	37.489437	139.937181	4	0.184	0.125	9.821	12.000
1417512191037	37.489439	139.937168	4	-0.043	0.233	9.298	12.000
1417512191137	37.489440	139.937155	4	0.121	0.143	9.725	12.000
1417512191233	37.489442	139.937143	4	0.036	0.003	9.854	12.000
1417512191334	37.489443	139.937129	4	0.132	0.109	9.676	12.000
1417512191435	37.489445	139.937116	4	0.234	0.197	9.652	12.000
1417512191535	37.489446	139.937103	4	0.322	0.094	9.833	12.000
1417512191637	37.489448	139.937090	4	0.373	0.155	9.706	12.000
1417512191737	37.489449	139.937077	4	0.531	0.049	10.053	12.019
1417512191837	37.489451	139.937063	4	0.424	0.056	10.014	12.044
1417512191933	37.489453	139.937050	4	0.282	0.234	9.518	12.068
1417512192034	37.489454	139.937036	4	0.023	0.354	9.200	12.093
1417512192134	37.489456	139.937022	4	-0.286	0.228	9.106	12.118
1417512192235	37.489458	139.937009	4	-0.569	0.167	9.084	12.143
1417512192336	37.489459	139.936995	4	-0.529	-0.005	9.456	12.168
1417512192436	37.489461	139.936981	4	-0.249	0.023	9.866	12.194
1417512192537	37.489463	139.936967	4	0.056	0.075	10.104	12.219
1417512192633	37.489465	139.936954	4	0.282	0.217	9.983	12.243
1417512192734	37.489466	139.936940	3	0.282	0.378	9.718	12.250
1417512192834	37.489467	139.936926	3	0.126	0.412	9.442	12.250
1417512192935	37.489469	139.936912	3	-0.037	0.350	9.476	12.250
1417512193036	37.489470	139.936898	3	-0.146	0.349	9.374	12.250
1417512193136	37.489471	139.936884	3	-0.110	0.327	9.462	12.250
1417512193237	37.489472	139.936870	3	0.020	0.246	9.577	12.250
1417512193333	37.489474	139.936857	3	0.138	0.193	9.787	12.250
1417512193434	37.489475	139.936843	3	0.140	0.150	9.838	12.250
1417512193534	37.489476	139.936829	3	0.090	0.180	9.814	12.250
1417512193635	37.489478	139.936815	3	0.098	0.172	9.749	12.250
1417512193736	37.489479	139.936802	4	0.013	0.168	9.807	12.269
1417512193836	37.489480	139.936788	4	-0.028	0.195	9.651	12.294
1417512193937	37.489482	139.936774	4	-0.073	0.183	9.610	12.319
1417512194033	37.489483	139.936761	4	-0.045	0.166	9.637	12.343
1417512194133	37.489484	139.936748	4	0.007	0.115	9.657	12.368
1417512194234	37.489485	139.936734	4	-0.003	0.045	9.692	12.393
1417512194335	37.489487	139.936720	4	0.041	0.005	9.657	12.418
1417512194436	37.489488	139.936706	4	0.062	0.015	9.606	12.444
1417512194537	37.489489	139.936692	4	-0.039	0.019	9.398	12.469
1417512194637	37.489491	139.936678	4	-0.088	-0.026	9.422	12.494
1417512194733	37.489492	139.936665	4	-0.138	-0.018	9.277	12.500
1417512194833	37.489494	139.936651	4	-0.147	-0.032	9.320	12.500
1417512194934	37.489496	139.936637	4	0.031	-0.217	9.995	12.500
1417512195035	37.489498	139.936623	4	0.138	-0.167	9.956	12.500
1417512195136	37.489500	139.936609	4	0.095	0.023	9.528	12.500
1417512195236	37.489502	139.936596	4	-0.084	-0.028	9.660	12.500
1417512195337	37.489504	139.936582	4	-0.219	-0.081	9.537	12.500
1417512195433	37.489506	139.936568	4	-0.437	0.005	9.247	12.500
1417512195533	37.489508	139.936555	4	-0.476	-0.077	9.329	12.500
1417512195634	37.489510	139.936541	4	-0.329	-0.142	9.718	12.500
1417512195735	37.489511	139.936527	3	-0.278	-0.153	9.863	12.500
1417512195835	37.489512	139.936512	3	-0.126	-0.104	9.969	12.500
1417512195936	37.489514	139.936498	3	-0.001	-0.010	9.851	12.500
1417512196037	37.489515	139.936484	3	0.048	0.041	9.729	12.500
1417512196133	37.489517	139.936471	3	0.103	0.031	9.593	12.500
1417512196238	37.489518	139.936456	3	0.049	-0.032	9.588	12.500
1417512196334	37.489519	139.936443	3	-0.104	-0.058	9.517	12.500
1417512196433	37.489521	139.936429	3	-0.220	-0.029	9.436	12.500
1417512196535	37.489522	139.936415	3	-0.274	-0.068	9.577	12.500
1417512196634	37.489524	139.936401	3	-0.318	-0.075	9.615	12.500
1417512196737	37.489525	139.936386	3	-0.319	-0.072	9.749	12.481
1417512196836	37.489526	139.936372	3	-0.279	-0.037	9.807	12.456
1417512196933	37.489528	139.936358	3	-0.266	-0.002	9.738	12.431
1417512197034	37.489529	139.936344	3	-0.289	0.016	9.604	12.406
1417512197135	37.489531	139.936330	3	-0.295	-0.046	9.673	12.381
1417512197235	37.489532	139.936316	3	-0.294	-0.078	9.627	12.356
1417512197336	37.489533	139.936301	3	-0.324	-0.071	9.502	12.330
1417512197437	37.489535	139.936287	3	-0.329	-0.118	9.627	12.305
1417512197537	37.489536	139.936273	3	-0.373	-0.133	9.600	12.280
1417512197633	37.489538	139.936260	3	-0.331	-0.072	9.538	12.257
1417512197734	37.489539	139.936246	4	-0.345	-0.060	9.504	12.250
1417512197834	37.489539	139.936232	4	-0.380	-0.037	9.565	12.250
1417512197935	37.489540	139.936219	4	-0.385	-0.053	9.636	12.250
1417512198036	37.489541	139.936205	4	-0.434	-0.019	9.534	12.250
1417512198137	37.489542	139.936191	4	-0.361	-0.029	9.603	12.250
1417512198237	37.489543	139.936178	4	-0.249	-0.008	9.573	12.250
1417512198333	37.489543	139.936164	4	-0.125	-0.034	9.601	12.250
1417512198434	37.489544	139.936151	4	0.029	-0.070	9.725	12.250
1417512198534	37.489545	139.936137	4	0.151	-0.050	9.792	12.250
1417512198635	37.489546	139.936123	4	0.281	0.023	9.853	12.250
1417512198736	37.489547	139.936110	4	0.288	0.183	9.714	12.250
1417512198837	37.489548	139.936096	4	0.343	0.267	9.621	12.250
1417512198937	37.489549	139.936082	4	0.326	0.236	9.540	12.250
1417512199033	37.489550	139.936069	4	0.334	0.195	9.518	12.250
1417512199134	37.489551	139.936055	4	0.319	0.158	9.455	12.250
1417512199234	37.489552	139.936041	4	0.416	0.099	9.652	12.250
1417512199335	37.489553	139.936027	4	0.420	0.000	9.962	12.250
1417512199436	37.489554	139.936013	4	0.247	0.213	9.380	12.250
1417512199537	37.489555	139.935999	4	0.128	0.407	9.007	12.250
1417512199637	37.489556	139.935985	4	0.023	0.160	9.279	12.250
1417512199733	37.489557	139.935972	4	0.169	-0.082	10.028	12.268
1417512199834	37.489559	139.935958	4	0.235	0.212	9.418	12.293
1417512199934	37.489561	139.935945	4	0.394	0.307	9.501	12.318
1417512200035	37.489563	139.935931	4	0.395	0.055	9.961	12.343
1417512200136	37.489565	139.935917	4	0.282	0.100	10.057	12.368
1417512200236	37.489566	139.935903	4	0.139	0.283	9.740	12.393
1417512200337	37.489568	139.935890	4	0.055	0.274	9.708	12.419
1417512200433	37.489570	139.935876	4	-0.104	0.234	9.554	12.443
1417512200533	37.489572	139.935863	4	-0.186	0.241	9.341	12.468
1417512200634	37.489574	139.935849	4	-0.302	0.156	9.398	12.493
1417512200735	37.489575	139.935834	4	-0.255	-0.051	9.872	12.500
1417512200836	37.489576	139.935820	4	-0.280	-0.109	10.002	12.500
1417512200936	37.489578	139.935806	4	-0.191	-0.073	10.243	12.500
1417512201037	37.489579	139.935792	4	0.280	0.416	9.271	12.500
1417512201133	37.489581	139.935778	4	0.609	0.452	8.748	12.500
1417512201233	37.489582	139.935764	4	0.640	-0.080	9.301	12.500
1417512201334	37.489583	139.935750	4	0.499	-0.235	9.852	12.500
1417512201435	37.489585	139.935736	4	0.198	-0.067	9.834	12.500
1417512201536	37.489586	139.935721	4	-0.006	0.064	9.861	12.500
1417512201636	37.489588	139.935707	4	0.074	-0.000	10.134	12.500
1417512201737	37.489589	139.935693	3	0.109	0.194	9.657	12.500
1417512201833	37.489591	139.935680	3	0.209	0.238	9.547	12.500
1417512201933	37.489592	139.935666	3	0.146	0.116	9.580	12.500
1417512202034	37.489594	139.935652	3	0.090	0.116	9.420	12.500
1417512202135	37.489595	139.935638	3	0.161	0.020	9.589	12.500
1417512202235	37.489597	139.935623	3	0.165	-0.019	9.633	12.500
1417512202336	37.489598	139.935609	3	0.100	0.066	9.500	12.500
1417512202437	37.489600	139.935595	3	0.001	0.038	9.518	12.500
1417512202538	37.489601	139.935581	3	-0.022	-0.063	9.609	12.500
1417512202633	37.489603	139.935568	3	-0.094	-0.068	9.502	12.500
1417512202734	37.489604	139.935554	4	-0.103	-0.081	9.533	12.500
1417512202835	37.489605	139.935541	4	-0.098	-0.106	9.523	12.500
1417512202935	37.489605	139.935527	4	-0.115	-0.122	9.657	12.500
1417512203036	37.489606	139.935514	4	-0.013	-0.154	9.851	12.500
1417512203137	37.489607	139.935501	4	0.155	-0.165	9.945	12.500
1417512203237	37.489608	139.935487	4	0.090	-0.111	9.687	12.500
1417512203333	37.489609	139.935474	4	0.009	-0.084	9.602	12.500
1417512203434	37.489610	139.935461	4	0.034	-0.136	9.716	12.500
1417512203535	37.489611	139.935448	4	0.000	-0.116	9.587	12.500
1417512203635	37.489612	139.935434	4	0.054	-0.147	9.605	12.500
1417512203736	37.489613	139.935421	4	0.028	-0.141	9.637	12.500
1417512203837	37.489614	139.935408	4	-0.001	-0.113	9.559	12.500
1417512203937	37.489616	139.935395	4	0.099	-0.141	9.683	12.500
1417512204033	37.489617	139.935382	4	0.139	-0.122	9.593	12.500
1417512204134	37.489619	139.935369	4	0.196	-0.081	9.567	12.500
1417512204234	37.489620	139.935356	4	0.232	-0.112	9.690	12.500
1417512204335	37.489621	139.935343	4	0.143	-0.125	9.563	12.500
1417512204436	37.489623	139.935329	4	0.130	-0.162	9.650	12.500
1417512204537	37.489624	139.935316	4	0.150	-0.178	9.751	12.500
1417512204637	37.489626	139.935303	4	0.107	-0.193	9.780	12.500
1417512204733	37.489627	139.935290	4	0.155	-0.147	9.805	12.482
1417512204834	37.489629	139.935276	4	0.107	-0.048	9.550	12.456
1417512204934	37.489630	139.935263	4	0.077	-0.092	9.560	12.431
1417512205035	37.489632	139.935249	4	0.121	-0.162	9.723	12.406
1417512205136	37.489634	139.935236	4	0.076	-0.138	9.581	12.380
1417512205237	37.489635	139.935222	4	0.122	-0.137	9.634	12.355
1417512205337	37.489637	139.935209	4	0.142	-0.123	9.614	12.330
1417512205433	37.489638	139.935196	4	0.107	-0.117	9.591	12.306
1417512205534	37.489640	139.935183	4	0.143	-0.092	9.491	12.281
1417512205634	37.489642	139.935169	4	0.136	-0.141	9.581	12.256
1417512205735	37.489644	139.935156	4	0.209	-0.200	9.687	12.231
1417512205836	37.489646	139.935143	4	0.245	-0.158	9.608	12.206
1417512205937	37.489648	139.935130	4	0.193	-0.168	9.614	12.180
1417512206037	37.489650	139.935117	4	0.185	-0.186	9.585	12.155
1417512206133	37.489652	139.935105	4	0.121	-0.176	9.565	12.131
1417512206233	37.489654	139.935092	4	0.076	-0.256	9.741	12.106
1417512206334	37.489656	139.935079	4	0.118	-0.265	9.852	12.081
1417512206435	37.489658	139.935066	4	0.024	-0.195	9.702	12.056
1417512206536	37.489660	139.935053	4	-0.059	-0.139	9.579	12.031
1417512206636	37.489662	139.935040	4	-0.162	-0.156	9.557	12.006
1417512206737	37.489664	139.935027	4	-0.210	-0.176	9.512	11.981
1417512206833	37.489666	139.935014	4	-0.311	-0.201	9.526	11.956
1417512206933	37.489668	139.935001	4	-0.359	-0.234	9.577	11.931
1417512207034	37.489670	139.934988	4	-0.348	-0.216	9.556	11.906
1417512207135	37.489673	139.934974	4	-0.401	-0.233	9.628	11.881
1417512207236	37.489675	139.934961	4	-0.384	-0.233	9.646	11.855
1417512207336	37.489677	139.934948	4	-0.389	-0.201	9.629	11.830
1417512207437	37.489679	139.934935	4	-0.378	-0.231	9.638	11.805
1417512207533	37.489681	139.934922	4	-0.351	-0.281	9.662	11.781
1417512207633	37.489683	139.934910	4	-0.354	-0.293	9.668	11.757
1417512207734	37.489685	139.934896	4	-0.439	-0.300	9.628	11.731
1417512207835	37.489687	139.934883	4	-0.537	-0.327	9.625	11.706
1417512207935	37.489688	139.934870	4	-0.607	-0.348	9.606	11.681
1417512208036	37.489690	139.934856	4	-0.611	-0.350	9.633	11.655
1417512208137	37.489691	139.934843	4	-0.630	-0.354	9.569	11.630
1417512208233	37.489693	139.934831	4	-0.663	-0.351	9.496	11.606
1417512208333	37.489694	139.934818	4	-0.664	-0.371	9.483	11.581
1417512208434	37.489696	139.934804	4	-0.666	-0.387	9.563	11.556
1417512208535	37.489697	139.934791	4	-0.687	-0.345	9.629	11.531
1417512208635	37.489699	139.934778	4	-0.616	-0.247	9.554	11.506
1417512208737	37.489700	139.934765	4	-0.591	-0.203	9.533	11.481
1417512208838	37.489701	139.934751	4	-0.564	-0.195	9.589	11.455
1417512208933	37.489702	139.934739	4	-0.601	-0.204	9.523	11.431
1417512209033	37.489703	139.934725	4	-0.575	-0.180	9.478	11.406
1417512209134	37.489704	139.934712	4	-0.537	-0.218	9.637	11.381
1417512209235	37.489705	139.934699	4	-0.431	-0.214	9.658	11.356
1417512209335	37.489706	139.934686	4	-0.384	-0.203	9.660	11.331
1417512209436	37.489708	139.934672	4	-0.351	-0.191	9.592	11.306
1417512209537	37.489709	139.934659	4	-0.326	-0.214	9.576	11.280
1417512209637	37.489710	139.934646	4	-0.318	-0.292	9.737	11.256
1417512209733	37.489711	139.934634	4	-0.297	-0.309	9.642	11.232
1417512209834	37.489712	139.934621	4	-0.201	-0.288	9.626	11.206
1417512209935	37.489713	139.934609	4	-0.114	-0.271	9.528	11.181
1417512210035	37.489715	139.934597	4	-0.089	-0.259	9.445	11.156
1417512210136	37.489716	139.934584	4	-0.165	-0.387	9.760	11.130
1417512210237	37.489717	139.934572	4	-0.266	-0.461	9.940	11.105
1417512210337	37.489718	139.934559	4	-0.335	-0.306	9.686	11.080
1417512210433	37.489719	139.934548	4	-0.320	-0.199	9.548	11.056
1417512210539	37.489721	139.934535	4	-0.244	-0.244	9.555	11.030
1417512210634	37.489722	139.934523	4	-0.095	-0.374	9.700	11.006
1417512210734	37.489723	139.934511	3	0.032	-0.425	9.659	10.981
1417512210836	37.489724	139.934499	3	0.041	-0.460	9.619	10.956
1417512210935	37.489725	139.934487	3	0.065	-0.509	9.730	10.931
1417512211037	37.489726	139.934475	3	-0.136	-0.390	9.005	10.905
1417512211133	37.489727	139.934464	3	-0.023	-0.688	9.582	10.881
1417512211234	37.489728	139.934452	3	-0.002	-1.160	9.956	10.856
1417512211334	37.489729	139.934440	3	-0.035	-1.253	9.838	10.831
1417512211435	37.489731	139.934428	3	0.038	-1.286	9.572	10.806
1417512211536	37.489732	139.934416	3	-0.034	-1.375	9.546	10.781
1417512211637	37.489733	139.934405	3	-0.095	-1.458	9.555	10.756
1417512211738	37.489734	139.934393	3	-0.107	-1.531	9.624	10.625
1417512211833	37.489734	139.934383	3	-0.143	-1.589	9.573	10.474
1417512211934	37.489735	139.934372	3	-0.146	-1.630	9.542	10.317
1417512212034	37.489736	139.934361	3	-0.223	-1.742	9.565	10.163
1417512212135	37.489736	139.934350	3	-0.233	-1.857	9.615	10.009
1417512212236	37.489737	139.934340	3	-0.279	-1.910	9.597	9.859
1417512212336	37.489738	139.934329	3	-0.281	-1.897	9.558	9.711
1417512212437	37.489739	139.934319	3	-0.280	-1.918	9.565	9.565
1417512212533	37.489739	139.934309	3	-0.260	-1.963	9.592	9.428
1417512212634	37.489740	139.934300	3	-0.270	-1.996	9.540	9.286
1417512212734	37.489741	139.934290	5	-0.246	-2.082	9.550	9.172
1417512212835	37.489743	139.934281	5	-0.311	-2.202	9.539	9.067
1417512212936	37.489745	139.934271	5	-0.310	-2.341	9.564	8.963
1417512213036	37.489747	139.934262	5	-0.320	-2.438	9.554	8.861
1417512213137	37.489749	139.934253	5	-0.338	-2.482	9.552	8.759
1417512213233	37.489751	139.934244	5	-0.350	-2.475	9.534	8.663
1417512213334	37.489752	139.934235	5	-0.340	-2.418	9.559	8.563
1417512213434	37.489754	139.934226	5	-0.263	-2.261	9.633	8.466
1417512213535	37.489756	139.934218	5	-0.283	-2.036	9.579	8.369
1417512213636	37.489758	139.934209	5	-0.237	-1.856	9.554	8.273
1417512213736	37.489758	139.934203	5	-0.123	-1.783	9.602	7.975
1417512213837	37.489758	139.934197	5	-0.113	-1.748	9.550	7.622
1417512213933	37.489758	139.934192	5	-0.093	-1.715	9.560	7.299
1417512214033	37.489758	139.934187	5	-0.072	-1.607	9.635	6.975
1417512214134	37.489759	139.934182	5	-0.093	-1.472	9.655	6.662
1417512214235	37.489759	139.934177	5	-0.109	-1.359	9.556	6.362
1417512214335	37.489759	139.934173	5	-0.120	-1.311	9.588	6.079
1417512214436	37.489759	139.934169	5	-0.085	-1.279	9.617	5.806
1417512214537	37.489759	139.934165	5	-0.083	-1.287	9.692	5.547
1417512214633	37.489759	139.934161	5	-0.058	-1.192	9.501	5.313
1417512214733	37.489759	139.934157	5	-0.024	-1.199	9.503	5.147
1417512214834	37.489758	139.934153	5	-0.061	-1.250	9.600	5.008
1417512214935	37.489758	139.934149	5	-0.109	-1.282	9.675	4.873
1417512215035	37.489757	139.934146	5	-0.103	-1.242	9.581	4.742
1417512215136	37.489757	139.934142	5	-0.078	-1.255	9.657	4.613
1417512215237	37.489757	139.934139	5	-0.045	-1.266	9.609	4.488
1417512215333	37.489756	139.934135	5	-0.056	-1.249	9.534	4.372
1417512215433	37.489756	139.934132	5	-0.047	-1.242	9.592	4.254
1417512215534	37.489755	139.934129	5	-0.043	-1.259	9.586	4.139
1417512215635	37.489755	139.934126	5	-0.136	-1.332	9.605	4.027
1417512215735	37.489755	139.934123	5	-0.068	-1.523	9.669	3.890
1417512215836	37.489755	139.934120	5	0.029	-1.618	9.662	3.746
1417512215937	37.489755	139.934118	5	0.033	-1.658	9.549	3.607
1417512216037	37.489755	139.934115	5	-0.014	-1.680	9.560	3.474
1417512216133	37.489755	139.934113	5	-0.005	-1.650	9.577	3.351
1417512216234	37.489755	139.934111	5	0.018	-1.563	9.643	3.226
1417512216335	37.489755	139.934109	5	0.051	-1.497	9.627	3.105
1417512216435	37.489755	139.934106	5	0.022	-1.437	9.622	2.991
1417512216536	37.489755	139.934104	5	-0.058	-1.273	9.623	2.880
1417512216637	37.489755	139.934102	5	-0.113	-0.973	9.630	2.774
1417512216737	37.489755	139.934101	4	-0.130	-0.636	9.601	2.628
1417512216833	37.489754	139.934099	4	-0.126	-0.398	9.564	2.481
1417512216934	37.489754	139.934097	4	-0.049	-0.291	9.580	2.334
1417512217034	37.489753	139.934095	4	0.023	-0.324	9.636	2.196
1417512217135	37.489753	139.934094	4	0.018	-0.366	9.656	2.065
1417512217236	37.489752	139.934092	4	-0.052	-0.386	9.640	1.940
1417512217337	37.489752	139.934091	4	-0.077	-0.398	9.647	1.823
1417512217437	37.489752	139.934090	4	-0.055	-0.397	9.618	1.715
1417512217533	37.489751	139.934088	4	-0.037	-0.392	9.614	1.618
1417512217634	37.489751	139.934087	4	-0.060	-0.418	9.649	1.523
1417512217734	37.489751	139.934086	4	-0.101	-0.441	9.620	1.480
1417512217835	37.489751	139.934085	4	-0.081	-0.456	9.607	1.453
1417512217936	37.489752	139.934084	4	-0.041	-0.418	9.646	1.426
1417512218037	37.489752	139.934083	4	-0.066	-0.311	9.638	1.400
1417512218137	37.489752	139.934082	4	-0.106	-0.159	9.626	1.375
1417512218233	37.489752	139.934081	4	-0.134	-0.048	9.605	1.351
1417512218334	37.489752	139.934080	4	-0.141	0.051	9.610	1.327
1417512218434	37.489753	139.934079	4	-0.111	0.116	9.592	1.303
1417512218535	37.489753	139.934078	4	-0.088	0.163	9.597	1.279
1417512218636	37.489753	139.934077	4	-0.123	0.169	9.612	1.255
1417512218736	37.489753	139.934076	4	-0.175	0.182	9.637	1.250
1417512218837	37.489753	139.934075	4	-0.172	0.245	9.607	1.250
1417512218933	37.489753	139.934073	4	-0.128	0.369	9.618	1.250
1417512219033	37.489753	139.934072	4	-0.107	0.499	9.637	1.250
1417512219134	37.489753	139.934071	4	-0.153	0.632	9.646	1.250
1417512219235	37.489753	139.934070	4	-0.168	0.796	9.632	1.250
1417512219336	37.489753	139.934068	4	-0.159	0.997	9.656	1.250
1417512219436	37.489753	139.934067	4	-0.138	1.191	9.636	1.250
1417512219537	37.489753	139.934066	4	-0.126	1.345	9.649	1.250
1417512219633	37.489753	139.934064	4	-0.175	1.368	9.708	1.250
1417512219733	37.489753	139.934063	4	-0.144	1.375	9.605	1.304
1417512219834	37.489753	139.934061	4	-0.118	1.333	9.645	1.383
1417512219935	37.489753	139.934059	4	-0.133	1.323	9.674	1.468
1417512220036	37.489752	139.934057	4	-0.135	1.299	9.587	1.559
1417512220136	37.489752	139.934054	4	-0.171	1.272	9.679	1.655
1417512220237	37.489752	139.934052	4	-0.212	1.339	9.627	1.757
1417512220333	37.489752	139.934049	4	-0.271	1.365	9.592	1.860
1417512220433	37.489752	139.934047	4	-0.222	1.411	9.630	1.973
1417512220534	37.489751	139.934044	4	-0.157	1.503	9.545	2.093
1417512220635	37.489751	139.934041	4	-0.180	1.490	9.630	2.218
1417512226637	37.489798	139.933622	3	-0.187	1.484	9.634	8.232
1417512226733	37.489799	139.933613	3	-0.213	0.971	9.744	8.286
1417512226833	37.489800	139.933604	3	-0.208	0.627	9.666	8.334
1417512226934	37.489801	139.933594	3	-0.177	0.478	9.605	8.384
1417512227035	37.489802	139.933584	3	-0.138	0.473	9.691	8.434
1417512227135	37.489804	139.933575	3	-0.138	0.515	9.553	8.484
1417512227236	37.489805	139.933565	3	-0.174	0.450	9.674	8.534
1417512227337	37.489806	139.933555	3	-0.160	0.449	9.671	8.585
1417512227433	37.489807	139.933546	3	-0.063	0.433	9.632	8.634
1417512227533	37.489808	139.933536	3	-0.038	0.499	9.504	8.685
1417512227634	37.489810	139.933526	3	-0.062	0.466	9.586	8.737
1417512227735	37.489811	139.933516	3	-0.025	0.445	9.613	8.769
1417512227835	37.489812	139.933506	3	-0.008	0.434	9.634	8.793
1417512227936	37.489813	139.933495	3	0.035	0.470	9.474	8.818
1417512228037	37.489814	139.933485	3	0.099	0.408	9.763	8.843
1417512228138	37.489815	139.933475	3	0.090	0.395	9.795	8.869
1417512228233	37.489816	139.933465	3	0.078	0.433	9.668	8.892
1417512228334	37.489817	139.933455	3	0.088	0.426	9.772	8.918
1417512228435	37.489818	139.933445	3	0.017	0.451	9.698	8.943
1417512228535	37.489819	139.933435	3	0.025	0.453	9.723	8.968
1417512228636	37.489820	139.933424	3	-0.138	0.484	9.596	8.994
1417512228737	37.489821	139.933414	3	-0.088	0.496	9.554	9.019
1417512228837	37.489822	139.933404	3	-0.023	0.559	9.449	9.044
1417512228933	37.489824	139.933394	3	-0.150	0.521	9.417	9.068
1417512229034	37.489825	139.933383	3	-0.041	0.461	9.570	9.093
1417512229135	37.489827	139.933373	3	0.015	0.456	9.587	9.118
1417512229235	37.489828	139.933363	3	-0.014	0.480	9.487	9.143
1417512229336	37.489829	139.933352	3	0.126	0.415	9.815	9.168
1417512229437	37.489831	139.933341	3	0.202	0.424	9.807	9.194
1417512229537	37.489832	139.933331	3	0.275	0.483	9.762	9.219
1417512229633	37.489834	139.933321	3	0.265	0.444	9.814	9.243
1417512229734	37.489835	139.933310	4	0.208	0.429	9.697	9.303
1417512229835	37.489837	139.933298	4	0.099	0.397	9.534	9.377
1417512229935	37.489838	139.933287	4	0.016	0.314	9.589	9.450
1417512230036	37.489840	139.933275	4	-0.043	0.228	9.760	9.525
1417512230137	37.489841	139.933263	4	-0.098	0.247	9.583	9.600
1417512230237	37.489843	139.933252	4	-0.130	0.299	9.469	9.676
1417512230333	37.489845	139.933240	4	-0.070	0.320	9.445	9.748
1417512230434	37.489846	139.933228	4	-0.066	0.265	9.525	9.825
1417512230534	37.489848	139.933216	4	0.002	0.280	9.544	9.902
1417512230635	37.489850	139.933204	4	0.103	0.268	9.602	9.981
1417512230736	37.489852	139.933192	4	0.088	0.238	9.783	10.000
1417512230837	37.489854	139.933181	4	0.098	0.188	9.902	10.000
1417512230937	37.489856	139.933169	4	0.145	0.265	9.848	10.000
1417512231033	37.489857	139.933158	4	0.029	0.346	9.610	10.000
1417512231134	37.489859	139.933146	4	-0.054	0.319	9.617	10.000
1417512231234	37.489861	139.933135	4	-0.078	0.268	9.677	10.000
1417512231335	37.489863	139.933123	4	-0.209	0.301	9.428	10.000
1417512231436	37.489866	139.933112	4	-0.188	0.268	9.568	10.000
1417512231536	37.489868	139.933100	4	-0.281	0.230	9.658	10.000
1417512231637	37.489870	139.933089	4	-0.330	0.231	9.670	10.000
1417512231733	37.489871	139.933078	4	-0.088	0.415	9.284	10.036
1417512231834	37.489873	139.933066	4	-0.147	0.527	8.921	10.085
1417512231934	37.489875	139.933055	4	0.012	0.288	9.612	10.135
1417512232035	37.489877	139.933043	4	-0.057	-0.007	10.097	10.185
1417512232136	37.489879	139.933031	4	0.084	0.222	9.926	10.235
1417512232236	37.489881	139.933019	4	0.023	0.389	9.734	10.285
1417512232337	37.489883	139.933007	4	-0.107	0.362	9.715	10.336
1417512232433	37.489885	139.932996	4	-0.149	0.273	9.835	10.384
1417512232533	37.489887	139.932984	4	-0.079	0.076	10.323	10.435
1417512232634	37.489889	139.932972	4	0.098	0.274	9.930	10.487
1417512232735	37.489892	139.932960	5	-0.063	0.563	9.360	10.500
1417512232836	37.489894	139.932947	5	-0.058	0.529	9.101	10.500
1417512232936	37.489897	139.932934	5	-0.077	0.392	9.382	10.500
1417512233037	37.489899	139.932922	5	-0.180	0.161	9.682	10.500
1417512233133	37.489901	139.932910	5	-0.160	0.139	9.637	10.500
1417512233233	37.489904	139.932897	5	-0.178	0.183	9.617	10.500
1417512233334	37.489906	139.932885	5	-0.343	0.237	9.417	10.500
1417512233435	37.489909	139.932872	5	-0.402	0.195	9.466	10.500
1417512233535	37.489911	139.932860	5	-0.488	0.120	9.490	10.500
1417512233636	37.489913	139.932847	5	-0.535	0.060	9.555	10.500
1417512233737	37.489915	139.932834	5	-0.459	0.049	9.726	10.519
1417512233833	37.489917	139.932823	5	-0.450	0.089	9.641	10.543
1417512233933	37.489919	139.932810	5	-0.505	0.166	9.597	10.568
1417512234034	37.489921	139.932798	5	-0.529	0.200	9.649	10.593
1417512234135	37.489922	139.932785	5	-0.558	0.158	9.695	10.618
1417512234235	37.489924	139.932772	5	-0.578	0.174	9.732	10.643
1417512234336	37.489926	139.932760	5	-0.582	0.190	9.567	10.668
1417512234437	37.489928	139.932747	5	-0.544	0.191	9.578	10.694
1417512234533	37.489930	139.932735	5	-0.524	0.175	9.519	10.718
1417512234633	37.489932	139.932722	5	-0.496	0.197	9.457	10.743
1417512234734	37.489933	139.932710	4	-0.527	0.196	9.389	10.750
1417512234835	37.489934	139.932697	4	-0.662	0.110	9.575	10.750
1417512234935	37.489936	139.932685	4	-0.797	-0.040	9.714	10.750
1417512235036	37.489937	139.932672	4	-0.829	0.075	9.980	10.750
1417512235137	37.489939	139.932659	4	-0.751	0.371	9.506	10.750
1417512235237	37.489940	139.932647	4	-0.667	0.485	9.433	10.750
1417512235333	37.489941	139.932635	4	-0.702	0.397	9.680	10.750
1417512235434	37.489943	139.932622	4	-0.645	0.397	9.588	10.750
1417512235534	37.489944	139.932610	4	-0.560	0.441	9.518	10.750
1417512235635	37.489946	139.932597	4	-0.502	0.277	9.681	10.750
1417512235736	37.489947	139.932585	3	-0.409	0.290	9.769	10.787
1417512235837	37.489949	139.932572	3	-0.203	0.406	9.581	10.837
1417512235937	37.489950	139.932559	3	-0.154	0.440	9.582	10.886
1417512236033	37.489952	139.932547	3	-0.128	0.398	9.604	10.934
1417512236134	37.489953	139.932535	3	-0.148	0.348	9.561	10.984
1417512236234	37.489955	139.932522	3	-0.160	0.353	9.470	11.034
1417512236335	37.489956	139.932509	3	-0.222	0.327	9.534	11.085
1417512236436	37.489958	139.932496	3	-0.262	0.320	9.555	11.136
1417512236537	37.489959	139.932483	3	-0.328	0.344	9.461	11.187
1417512236637	37.489961	139.932470	3	-0.229	0.303	9.670	11.238
1417512236733	37.489962	139.932457	4	-0.123	0.347	9.649	11.268
1417512236834	37.489964	139.932443	4	-0.044	0.298	9.733	11.293
1417512236934	37.489965	139.932429	4	-0.287	0.228	9.827	11.318
1417512237035	37.489967	139.932415	4	-0.387	0.191	10.038	11.343
1417512237136	37.489968	139.932401	4	-0.399	0.378	9.721	11.368
1417512237236	37.489970	139.932387	4	-0.344	0.463	9.600	11.393
1417512237337	37.489971	139.932373	4	-0.217	0.364	9.670	11.419
1417512237433	37.489973	139.932360	4	-0.101	0.317	9.696	11.443
1417512237534	37.489974	139.932346	4	-0.082	0.350	9.539	11.468
1417512237634	37.489976	139.932332	4	-0.104	0.355	9.454	11.493
1417512237735	37.489977	139.932319	4	-0.130	0.253	9.566	11.537
1417512237836	37.489978	139.932306	4	-0.124	0.164	9.744	11.586
1417512237936	37.489978	139.932293	4	-0.039	0.160	9.724	11.636
1417512238037	37.489979	139.932280	4	-0.042	0.200	9.606	11.686
1417512238133	37.489980	139.932268	4	0.018	0.203	9.760	11.734
1417512238234	37.489981	139.932255	4	0.125	0.241	9.767	11.784
1417512238334	37.489982	139.932242	4	0.085	0.301	9.646	11.835
1417512238435	37.489983	139.932229	4	0.090	0.281	9.595	11.886
1417512238536	37.489984	139.932216	4	0.104	0.221	9.532	11.937
1417512238636	37.489985	139.932203	4	-0.029	0.091	9.457	11.988
1417512238737	37.489987	139.932189	4	-0.058	-0.099	9.514	11.981
1417512238833	37.489988	139.932176	4	-0.186	-0.190	9.372	11.956
1417512238938	37.489991	139.932161	4	-0.159	-0.394	9.726	11.930
1417512239034	37.489993	139.932147	4	-0.163	-0.443	9.838	11.906
1417512239133	37.489995	139.932133	4	-0.217	-0.372	9.845	11.881
1417512239236	37.489997	139.932119	4	-0.236	-0.207	9.551	11.855
1417512239335	37.489999	139.932105	4	-0.329	-0.213	9.488	11.831
1417512239437	37.490001	139.932091	4	-0.488	-0.306	9.483	11.805
1417512239533	37.490002	139.932078	4	-0.461	-0.197	9.493	11.781
1417512239633	37.490004	139.932064	4	-0.458	-0.154	9.354	11.757
1417512239734	37.490006	139.932050	4	-0.455	-0.163	9.384	11.750
1417512239835	37.490007	139.932037	4	-0.457	-0.163	9.394	11.750
1417512239935	37.490008	139.932024	4	-0.245	-0.259	9.815	11.750
1417512240036	37.490010	139.932011	4	-0.130	-0.287	10.051	11.750
1417512240137	37.490011	139.931998	4	0.114	-0.215	10.169	11.750
1417512240233	37.490012	139.931986	4	0.074	-0.053	9.804	11.750
1417512240333	37.490013	139.931973	4	-0.074	0.048	9.567	11.750
1417512240434	37.490014	139.931959	4	-0.266	-0.056	9.553	11.750
1417512240535	37.490015	139.931946	4	-0.332	-0.101	9.531	11.750
1417512240635	37.490017	139.931933	4	-0.441	-0.054	9.261	11.750
1417512240736	37.490018	139.931920	4	-0.267	-0.212	9.708	11.731
1417512240837	37.490020	139.931907	4	-0.113	-0.124	9.415	11.705
1417512240937	37.490021	139.931893	4	-0.211	-0.152	9.459	11.680
1417512241033	37.490023	139.931881	4	-0.104	-0.313	10.025	11.656
1417512241134	37.490025	139.931868	4	-0.082	-0.226	10.007	11.631
1417512241235	37.490026	139.931854	4	-0.149	-0.125	9.637	11.606
1417512241335	37.490028	139.931841	4	-0.263	-0.139	9.616	11.581
1417512241436	37.490029	139.931828	4	-0.306	-0.169	9.578	11.556
1417512241537	37.490031	139.931815	4	-0.306	-0.174	9.518	11.530
1417512241637	37.490033	139.931802	4	-0.291	-0.218	9.542	11.506
1417512241733	37.490034	139.931790	3	-0.233	-0.231	9.571	11.482
1417512241834	37.490035	139.931777	3	-0.132	-0.197	9.576	11.456
1417512241935	37.490036	139.931765	3	-0.065	-0.219	9.592	11.431
1417512242035	37.490038	139.931752	3	-0.046	-0.270	9.606	11.406
1417512242136	37.490039	139.931740	3	-0.016	-0.306	9.662	11.380
1417512242237	37.490040	139.931727	3	-0.079	-0.364	9.653	11.355
1417512242337	37.490041	139.931715	3	-0.068	-0.411	9.680	11.330
1417512242433	37.490042	139.931703	3	-0.104	-0.405	9.641	11.306
1417512242534	37.490043	139.931690	3	-0.220	-0.304	9.180	11.281
1417512242634	37.490045	139.931678	3	-0.082	-0.397	9.695	11.256
1417512242735	37.490046	139.931666	4	-0.249	-0.505	9.741	11.231
1417512242836	37.490048	139.931653	4	0.014	-0.451	9.816	11.206
1417512242937	37.490050	139.931640	4	-0.097	-0.275	9.566	11.180
1417512243037	37.490052	139.931628	4	-0.064	-0.213	9.570	11.155
1417512243133	37.490054	139.931616	4	-0.086	-0.233	9.654	11.131
1417512243234	37.490055	139.931603	4	-0.143	-0.245	9.604	11.106
1417512243334	37.490057	139.931590	4	-0.225	-0.234	9.484	11.081
1417512243435	37.490059	139.931578	4	-0.296	-0.230	9.491	11.056
1417512243536	37.490061	139.931565	4	-0.307	-0.261	9.549	11.031
1417512243636	37.490063	139.931553	4	-0.277	-0.280	9.595	11.006
1417512243737	37.490065	139.931540	4	-0.312	-0.271	9.553	10.981
1417512243833	37.490067	139.931528	4	-0.309	-0.307	9.646	10.956
1417512243934	37.490069	139.931516	4	-0.343	-0.305	9.641	10.931
1417512244034	37.490071	139.931503	4	-0.383	-0.259	9.553	10.906
1417512244135	37.490073	139.931491	4	-0.391	-0.239	9.579	10.881
1417512244236	37.490075	139.931478	4	-0.399	-0.240	9.545	10.855
1417512244336	37.490077	139.931466	4	-0.373	-0.245	9.453	10.830
1417512244437	37.490079	139.931453	4	-0.259	-0.269	9.448	10.805
1417512244533	37.490081	139.931442	4	-0.200	-0.392	9.647	10.781
1417512244634	37.490083	139.931429	4	-0.240	-0.544	9.824	10.756
1417512244734	37.490085	139.931417	4	-0.097	-0.495	10.042	10.731
1417512244835	37.490087	139.931405	4	-0.076	-0.316	9.705	10.706
1417512244936	37.490089	139.931393	4	-0.007	-0.104	9.521	10.680
1417512245036	37.490091	139.931381	4	-0.032	-0.138	9.547	10.655
1417512245137	37.490093	139.931369	4	-0.096	-0.207	9.537	10.630
1417512245233	37.490094	139.931357	4	-0.070	-0.211	9.582	10.606
1417512245333	37.490096	139.931346	4	-0.073	-0.169	9.501	10.581
1417512245434	37.490098	139.931334	4	-0.089	-0.149	9.427	10.556
1417512245535	37.490100	139.931322	4	-0.015	-0.209	9.597	10.531
1417512245636	37.490102	139.931310	4	-0.003	-0.233	9.628	10.506
1417512245736	37.490103	139.931298	4	-0.256	-0.045	8.923	10.500
1417512245837	37.490104	139.931287	4	-0.021	-0.299	9.837	10.500
1417512245933	37.490106	139.931276	4	0.048	-0.538	10.509	10.500
1417512246033	37.490107	139.931264	4	0.030	-0.194	10.015	10.500
1417512246134	37.490109	139.931253	4	0.030	0.046	9.549	10.500
1417512246235	37.490110	139.931241	4	0.019	-0.009	9.609	10.500
1417512246336	37.490111	139.931230	4	-0.152	-0.112	9.531	10.500
1417512246436	37.490113	139.931219	4	-0.240	-0.151	9.507	10.500
1417512246537	37.490114	139.931207	4	-0.207	-0.139	9.497	10.500
1417512246633	37.490116	139.931196	4	-0.241	-0.098	9.364	10.500
1417512246733	37.490117	139.931185	4	-0.190	-0.170	9.585	10.482
1417512246834	37.490118	139.931174	4	-0.145	-0.180	9.555	10.456
1417512246935	37.490120	139.931162	4	-0.141	-0.133	9.518	10.431
1417512247035	37.490121	139.931151	4	-0.103	-0.136	9.593	10.406
1417512247136	37.490123	139.931140	4	-0.077	-0.140	9.609	10.380
1417512247237	37.490124	139.931129	4	-0.152	-0.081	9.513	10.355
1417512247338	37.490126	139.931118	4	-0.088	-0.048	9.562	10.330
1417512247433	37.490127	139.931108	4	-0.114	0.000	9.548	10.306
1417512247534	37.490128	139.931097	4	-0.129	0.108	9.396	10.281
1417512247635	37.490130	139.931086	4	0.014	0.077	9.630	10.256
1417512247735	37.490131	139.931074	4	-0.061	-0.008	9.858	10.250
1417512247836	37.490132	139.931062	4	-0.040	-0.032	9.909	10.250
1417512247937	37.490134	139.931051	4	0.092	0.056	9.725	10.250
1417512248037	37.490135	139.931039	4	-0.262	0.030	9.764	10.250
1417512248133	37.490137	139.931028	4	-0.246	-0.189	9.824	10.250
1417512248234	37.490138	139.931016	4	-0.319	-0.088	9.582	10.250
1417512248335	37.490139	139.931004	4	-0.408	-0.117	9.535	10.250
1417512248435	37.490141	139.930992	4	-0.557	-0.190	9.485	10.250
1417512248536	37.490142	139.930981	4	-0.650	-0.207	9.547	10.250
1417512248637	37.490144	139.930969	4	-0.680	-0.235	9.622	10.250
1417512248737	37.490145	139.930957	4	-0.691	-0.202	9.587	10.250
1417512248833	37.490146	139.930945	4	-0.638	-0.169	9.563	10.250
1417512248934	37.490146	139.930933	4	-0.551	-0.131	9.530	10.250
1417512249034	37.490147	139.930921	4	-0.477	-0.103	9.608	10.250
1417512249135	37.490148	139.930909	4	-0.229	0.062	9.495	10.250
1417512249236	37.490149	139.930897	4	-0.310	0.039	9.581	10.250
1417512249337	37.490150	139.930885	4	-0.115	0.048	9.672	10.250
1417512249437	37.490151	139.930874	4	-0.188	0.218	9.505	10.250
1417512249533	37.490152	139.930862	4	-0.081	0.126	10.076	10.250
1417512249634	37.490153	139.930850	4	-0.043	0.196	9.741	10.250
1417512249734	37.490154	139.930839	4	0.149	0.308	9.800	10.268
1417512249835	37.490155	139.930827	4	0.293	0.365	9.616	10.293
1417512249936	37.490156	139.930816	4	0.060	0.268	9.468	10.318
1417512250036	37.490157	139.930804	4	0.006	0.345	9.373	10.343
1417512250137	37.490158	139.930793	4	-0.131	0.354	9.341	10.368
1417512250233	37.490159	139.930782	4	-0.095	0.272	9.465	10.393
1417512250334	37.490160	139.930770	4	-0.212	0.281	9.221	10.418
1417512250434	37.490161	139.930759	4	-0.177	0.088	9.835	10.443
1417512250535	37.490163	139.930747	4	0.045	0.020	10.031	10.468
1417512250636	37.490164	139.930736	4	0.017	0.218	9.800	10.494
1417512250736	37.490165	139.930724	3	0.124	0.401	9.576	10.519
1417512250837	37.490166	139.930712	3	0.064	0.403	9.622	10.544
1417512250933	37.490167	139.930700	3	0.070	0.316	9.622	10.568
1417512251034	37.490168	139.930688	3	-0.009	0.206	9.738	10.593
1417512251134	37.490170	139.930676	3	0.020	0.250	9.681	10.618
1417512251235	37.490171	139.930664	3	-0.079	0.316	9.465	10.643
1417512251336	37.490172	139.930652	3	-0.094	0.299	9.469	10.668
1417512251436	37.490173	139.930639	3	-0.132	0.218	9.600	10.693
1417512251537	37.490175	139.930627	3	-0.172	0.193	9.600	10.719
1417512251633	37.490176	139.930615	3	-0.240	0.204	9.572	10.743
1417512251734	37.490177	139.930603	3	-0.293	0.165	9.617	10.768
1417512251834	37.490178	139.930591	3	-0.249	0.268	9.309	10.793
1417512251935	37.490180	139.930579	3	-0.105	0.073	9.598	10.818
1417512252036	37.490181	139.930567	3	-0.102	-0.193	10.038	10.843
1417512252136	37.490183	139.930555	3	0.019	-0.177	10.008	10.868
1417512252237	37.490184	139.930543	3	-0.110	-0.101	10.005	10.894
1417512252333	37.490185	139.930531	3	-0.108	0.016	9.766	10.918
1417512252433	37.490187	139.930519	3	0.041	0.205	9.365	10.943
1417512252534	37.490188	139.930506	3	-0.069	0.105	9.598	10.968
1417512252635	37.490190	139.930494	3	-0.037	0.049	9.879	10.994
1417512252736	37.490191	139.930481	4	-0.046	0.292	9.498	11.000
1417512252836	37.490192	139.930468	4	0.089	0.383	9.621	11.000
1417512252937	37.490194	139.930455	4	0.088	0.275	9.763	11.000
1417512253038	37.490195	139.930442	4	0.052	0.337	9.499	11.000
1417512253133	37.490197	139.930430	4	-0.027	0.348	9.431	11.000
1417512253239	37.490198	139.930416	4	-0.089	0.244	9.260	11.000
1417512253335	37.490199	139.930403	4	-0.162	0.061	9.682	11.000
1417512253434	37.490201	139.930390	4	-0.073	-0.082	10.024	11.000
1417512253536	37.490202	139.930377	4	-0.122	0.033	10.134	11.000
1417512253635	37.490204	139.930364	4	-0.049	0.310	9.596	11.000
1417512253738	37.490205	139.930352	4	-0.042	0.331	9.628	11.019
1417512253833	37.490207	139.930340	4	-0.064	0.175	9.806	11.043
1417512253934	37.490208	139.930328	4	-0.214	0.226	9.490	11.068
1417512254035	37.490210	139.930316	4	-0.161	0.303	9.354	11.093
1417512254135	37.490211	139.930304	4	-0.180	0.342	9.137	11.118
1417512254236	37.490213	139.930292	4	-0.094	0.267	9.335	11.143
1417512254337	37.490214	139.930279	4	-0.064	0.156	9.503	11.169
1417512254437	37.490216	139.930267	4	-0.061	0.058	9.561	11.194
1417512254533	37.490217	139.930256	4	0.024	0.044	9.882	11.218
1417512254634	37.490219	139.930243	4	0.142	-0.076	10.499	11.243
1417512254735	37.490220	139.930231	4	0.080	0.263	9.417	11.269
1417512254835	37.490222	139.930218	4	-0.212	0.478	9.152	11.293
1417512254936	37.490223	139.930205	4	-0.237	0.112	9.652	11.318
1417512255037	37.490225	139.930192	4	-0.221	0.156	9.593	11.344
1417512255137	37.490226	139.930180	4	-0.099	0.373	9.078	11.369
1417512255233	37.490228	139.930168	4	-0.016	0.154	9.678	11.393
1417512255334	37.490229	139.930155	4	0.204	0.082	9.758	11.418
1417512255434	37.490231	139.930142	4	-0.129	0.235	9.427	11.443
1417512255535	37.490232	139.930129	4	-0.244	0.130	9.382	11.468
1417512255636	37.490234	139.930116	4	-0.168	0.063	9.672	11.494
1417512255737	37.490235	139.930103	4	-0.036	0.115	9.580	11.519
1417512255837	37.490236	139.930090	4	0.005	-0.026	9.714	11.544
1417512255933	37.490237	139.930077	4	0.084	-0.163	9.916	11.568
1417512256034	37.490238	139.930064	4	0.017	-0.134	9.854	11.593
1417512256134	37.490240	139.930051	4	-0.032	-0.044	9.676	11.618
1417512256235	37.490241	139.930037	4	-0.106	0.022	9.431	11.643
1417512256336	37.490242	139.930024	4	-0.132	-0.076	9.477	11.668
1417512256436	37.490243	139.930011	4	-0.141	-0.179	9.643	11.694
1417512256533	37.490244	139.929998	4	-0.088	-0.117	9.524	11.718
1417512256633	37.490246	139.929985	4	0.003	-0.055	9.475	11.743
1417512256734	37.490247	139.929971	4	-0.099	0.047	9.085	11.750
1417512256834	37.490249	139.929957	4	-0.145	0.019	8.992	11.750
1417512256935	37.490250	139.929943	4	0.091	-0.307	9.934	11.750
1417512257036	37.490252	139.929929	4	0.203	-0.493	10.276	11.750
1417512257136	37.490253	139.929915	4	0.475	-0.200	10.022	11.750
1417512257237	37.490255	139.929901	4	0.679	0.108	9.741	11.750
1417512257333	37.490256	139.929888	4	0.634	0.135	9.359	11.750
1417512257434	37.490258	139.929874	4	0.495	0.036	9.330	11.750
1417512257534	37.490259	139.929860	4	0.446	-0.145	9.568	11.750
1417512257635	37.490261	139.929846	4	0.329	-0.168	9.355	11.750
1417512257736	37.490262	139.929833	4	0.522	-0.208	9.714	11.750
1417512257836	37.490264	139.929820	4	0.711	-0.197	9.817	11.750
1417512257937	37.490265	139.929807	4	0.743	-0.157	9.881	11.750
1417512258033	37.490267	139.929795	4	0.715	-0.226	10.162	11.750
1417512258133	37.490269	139.929782	4	0.623	-0.050	9.660	11.750
1417512258234	37.490270	139.929769	4	0.531	0.176	8.838	11.750
1417512258335	37.490272	139.929756	4	0.356	-0.079	9.209	11.750
1417512258436	37.490273	139.929743	4	0.083	-0.373	9.591	11.750
1417512258536	37.490275	139.929730	4	-0.180	-0.292	9.694	11.750
1417512258637	37.490277	139.929717	4	-0.321	-0.106	9.595	11.750
1417512258733	37.490278	139.929705	4	-0.351	-0.091	9.814	11.732
1417512258833	37.490280	139.929692	4	-0.274	-0.187	9.734	11.706
1417512258934	37.490282	139.929679	4	-0.110	-0.059	9.685	11.681
1417512259035	37.490284	139.929666	4	-0.025	-0.103	9.748	11.656
1417512259135	37.490286	139.929653	4	0.012	-0.103	9.756	11.631
1417512259236	37.490288	139.929641	4	-0.077	-0.056	9.568	11.605
1417512259337	37.490290	139.929628	4	-0.071	-0.096	9.582	11.580
1417512259438	37.490292	139.929615	4	-0.129	-0.117	9.594	11.555
1417512259534	37.490294	139.929603	4	-0.096	-0.131	9.627	11.531
1417512259634	37.490296	139.929590	4	-0.068	-0.108	9.505	11.506
1417512259735	37.490297	139.929577	4	-0.112	-0.078	9.480	11.519
1417512259835	37.490299	139.929564	4	-0.189	-0.126	9.568	11.543
1417512259936	37.490301	139.929551	4	-0.268	-0.142	9.630	11.568
1417512260037	37.490303	139.929538	4	-0.291	-0.090	9.547	11.594
1417512260137	37.490305	139.929524	4	-0.283	-0.134	9.514	11.619
1417512260233	37.490306	139.929512	4	-0.287	-0.224	9.713	11.643
1417512260334	37.490308	139.929498	4	-0.213	-0.212	9.803	11.668
1417512260435	37.490310	139.929485	4	-0.225	-0.131	9.658	11.693
1417512260535	37.490312	139.929472	4	-0.248	-0.067	9.555	11.718
1417512260636	37.490314	139.929458	4	-0.253	-0.091	9.588	11.744
1417512260737	37.490315	139.929445	4	-0.219	-0.106	9.557	11.750
1417512260837	37.490316	139.929431	4	-0.306	-0.097	9.458	11.750
1417512260933	37.490318	139.929419	4	-0.262	-0.075	9.361	11.750
1417512261034	37.490319	139.929405	4	-0.322	-0.149	9.386	11.750
1417512261135	37.490321	139.929392	4	-0.245	-0.292	9.713	11.750
1417512261235	37.490322	139.929379	4	-0.106	-0.340	9.914	11.750
1417512261336	37.490323	139.929365	4	-0.068	-0.322	9.963	11.750
1417512261437	37.490325	139.929352	4	-0.086	-0.178	9.613	11.750
1417512261537	37.490326	139.929338	4	-0.118	-0.183	9.715	11.750
1417512261633	37.490328	139.929326	4	-0.211	-0.308	9.800	11.750
1417512261734	37.490329	139.929313	3	-0.260	-0.271	9.689	11.731
1417512261834	37.490330	139.929300	3	-0.190	-0.155	9.430	11.706
1417512261935	37.490332	139.929287	3	-0.210	-0.244	9.624	11.681
1417512262036	37.490333	139.929274	3	-0.230	-0.318	9.585	11.655
1417512262137	37.490335	139.929262	3	-0.129	-0.308	9.667	11.630
1417512262237	37.490336	139.929249	3	-0.103	-0.354	9.820	11.605
1417512262333	37.490337	139.929237	3	-0.078	-0.333	9.765	11.581
1417512262434	37.490339	139.929224	3	0.028	-0.377	9.955	11.556
1417512262534	37.490340	139.929212	3	0.058	-0.266	9.731	11.531
1417512262635	37.490342	139.929199	3	-0.000	-0.185	9.721	11.506
1417512262736	37.490343	139.929186	3	-0.107	-0.270	9.841	11.500
1417512262836	37.490345	139.929173	3	-0.201	-0.245	9.476	11.500
1417512262937	37.490346	139.929160	3	-0.268	-0.115	9.065	11.500
1417512263033	37.490348	139.929147	3	-0.319	-0.246	9.311	11.500
1417512263134	37.490349	139.929134	3	-0.204	-0.368	9.596	11.500
1417512263234	37.490351	139.929121	3	-0.152	-0.345	9.717	11.500
1417512263335	37.490352	139.929108	3	-0.039	-0.256	9.635	11.500
1417512263436	37.490354	139.929094	3	0.018	-0.176	9.567	11.500
1417512263536	37.490355	139.929081	3	0.046	-0.215	9.527	11.500
1417512263637	37.490357	139.929068	3	-0.029	-0.305	9.435	11.500
1417512263733	37.490358	139.929056	4	0.101	-0.410	9.471	11.482
1417512263833	37.490360	139.929044	4	0.093	-0.555	9.621	11.456
1417512263934	37.490362	139.929031	4	0.235	-0.713	9.845	11.431
1417512264035	37.490364	139.929019	4	0.228	-0.848	10.079	11.406
1417512264136	37.490366	139.929007	4	0.196	-0.791	9.804	11.380
1417512264236	37.490367	139.928994	4	0.156	-0.792	9.613	11.355
1417512264337	37.490369	139.928982	4	0.135	-0.782	9.533	11.330
1417512264433	37.490371	139.928970	4	0.145	-0.916	9.439	11.306
1417512264533	37.490373	139.928958	4	0.057	-0.955	9.491	11.281
1417512264634	37.490375	139.928946	4	0.117	-0.890	9.400	11.256
1417512264735	37.490376	139.928934	4	0.139	-0.709	9.356	11.172
1417512264835	37.490377	139.928922	4	0.170	-0.688	9.571	11.068
1417512264936	37.490379	139.928909	4	0.145	-0.509	9.463	10.965
1417512265037	37.490380	139.928897	4	-0.018	-0.350	9.344	10.862
1417512265133	37.490381	139.928886	4	-0.061	-0.332	9.340	10.765
1417512265233	37.490383	139.928874	4	-0.055	-0.540	9.794	10.666
1417512265334	37.490384	139.928862	4	0.039	-0.807	10.160	10.566
1417512265435	37.490385	139.928851	4	0.113	-0.928	10.054	10.467
1417512265536	37.490386	139.928839	4	0.077	-0.868	9.719	10.369
1417512265636	37.490388	139.928828	4	0.030	-0.867	9.539	10.273
1417512265737	37.490389	139.928817	4	0.018	-1.047	9.727	10.211
1417512265833	37.490390	139.928807	4	-0.032	-1.203	9.759	10.162
1417512265933	37.490391	139.928797	4	-0.129	-1.203	9.582	10.111
1417512266034	37.490392	139.928787	4	0.105	-1.376	10.076	10.060
1417512266135	37.490393	139.928776	4	0.101	-1.122	9.605	10.009
1417512266235	37.490394	139.928766	4	0.084	-1.109	9.526	9.959
1417512266336	37.490395	139.928756	4	0.062	-1.243	9.854	9.909
1417512266437	37.490397	139.928746	4	0.037	-1.290	9.575	9.859
1417512266533	37.490398	139.928737	4	-0.103	-1.028	9.070	9.812
1417512266633	37.490399	139.928727	4	-0.246	-0.965	9.221	9.763
1417512266734	37.490400	139.928716	4	-0.542	-1.070	9.372	9.652
1417512266835	37.490401	139.928706	4	-0.514	-1.130	9.575	9.519
1417512266935	37.490402	139.928696	4	-0.402	-1.081	9.523	9.389
1417512267036	37.490403	139.928686	4	-0.555	-1.096	9.400	9.260
1417512267137	37.490404	139.928677	4	-0.329	-1.010	9.598	9.132
1417512267237	37.490405	139.928667	4	-0.088	-1.006	9.565	9.008
1417512267338	37.490406	139.928657	4	-0.163	-1.143	9.845	8.884
1417512267434	37.490407	139.928649	4	-0.020	-1.236	9.871	8.768
1417512267533	37.490408	139.928639	4	0.068	-1.179	9.669	8.649
1417512267635	37.490409	139.928630	4	-0.032	-1.166	9.597	8.529
1417512267734	37.490410	139.928621	3	0.071	-1.103	9.491	8.442
1417512267837	37.490411	139.928612	3	0.171	-1.134	9.502	8.362
1417512267936	37.490412	139.928603	3	0.332	-1.049	9.632	8.286
1417512268033	37.490413	139.928594	3	0.364	-1.049	9.851	8.212
1417512268134	37.490414	139.928585	3	0.377	-0.745	9.672	8.136
1417512268234	37.490415	139.928576	3	0.340	-0.544	9.540	8.061
1417512268335	37.490417	139.928567	3	0.289	-0.445	9.684	7.986
1417512268436	37.490418	139.928558	3	0.321	-0.470	9.804	7.912
1417512268537	37.490419	139.928550	3	0.278	-0.418	9.577	7.839
1417512268637	37.490420	139.928541	3	0.245	-0.346	9.501	7.766
1417512268733	37.490421	139.928533	4	0.225	-0.303	9.555	7.712
1417512268834	37.490423	139.928525	4	0.208	-0.270	9.425	7.661
1417512268934	37.490425	139.928517	4	0.181	-0.361	9.653	7.610
1417512269035	37.490427	139.928509	4	0.160	-0.367	9.731	7.559
1417512269136	37.490429	139.928501	4	0.055	-0.310	9.442	7.508
1417512269236	37.490431	139.928493	4	0.014	-0.281	9.538	7.458
1417512269337	37.490432	139.928486	4	0.066	-0.301	9.746	7.408
1417512269433	37.490434	139.928478	4	0.052	-0.317	9.720	7.361
1417512269534	37.490436	139.928471	4	-0.021	-0.290	9.624	7.311
1417512269634	37.490438	139.928463	4	-0.103	-0.288	9.611	7.263
1417512269735	37.490439	139.928455	4	-0.134	-0.288	9.625	7.231
1417512269836	37.490440	139.928448	4	-0.182	-0.292	9.680	7.205
1417512269936	37.490442	139.928440	4	-0.244	-0.281	9.602	7.180
1417512270037	37.490443	139.928432	4	-0.224	-0.280	9.533	7.155
1417512270133	37.490444	139.928425	4	-0.279	-0.361	9.489	7.131
1417512270233	37.490445	139.928418	4	-0.288	-0.528	9.593	7.106
1417512270334	37.490447	139.928410	4	-0.306	-0.693	9.641	7.081
1417512270435	37.490448	139.928403	4	-0.311	-0.800	9.666	7.055
1417512270536	37.490449	139.928395	4	-0.356	-0.816	9.696	7.031
1417512270636	37.490451	139.928388	4	-0.444	-0.781	9.578	7.006
1417512270737	37.490452	139.928380	4	-0.504	-0.783	9.607	6.960
1417512270833	37.490453	139.928372	4	-0.559	-0.725	9.652	6.911
1417512270933	37.490455	139.928364	4	-0.537	-0.614	9.588	6.860
1417512271034	37.490456	139.928357	4	-0.476	-0.472	9.598	6.809
1417512271135	37.490457	139.928349	4	-0.479	-0.358	9.575	6.758
1417512271236	37.490459	139.928341	4	-0.496	-0.314	9.671	6.707
1417512271336	37.490460	139.928333	4	-0.418	-0.237	9.592	6.658
1417512271437	37.490461	139.928326	4	-0.376	-0.186	9.478	6.608
1417512271533	37.490462	139.928318	4	-0.312	-0.156	9.482	6.561
1417512271633	37.490464	139.928311	4	-0.254	-0.172	9.599	6.513
1417512271734	37.490465	139.928304	4	-0.137	-0.248	9.767	6.500
1417512271835	37.490466	139.928296	4	-0.187	-0.192	9.528	6.500
1417512271935	37.490466	139.928289	4	-0.298	-0.204	9.444	6.500
1417512272036	37.490467	139.928282	4	-0.234	-0.227	9.664	6.500
1417512272137	37.490468	139.928275	4	-0.222	-0.176	9.638	6.500
1417512272233	37.490469	139.928268	4	-0.313	-0.180	9.558	6.500
1417512272333	37.490470	139.928261	4	-0.382	-0.201	9.578	6.500
1417512272434	37.490471	139.928253	4	-0.397	-0.227	9.672	6.500
1417512272535	37.490472	139.928246	4	-0.394	-0.199	9.565	6.500
1417512272635	37.490473	139.928239	4	-0.344	-0.206	9.648	6.500
1417512272736	37.490473	139.928232	3	-0.262	-0.200	9.650	6.481
1417512272837	37.490474	139.928224	3	-0.202	-0.105	9.483	6.455
1417512272933	37.490475	139.928218	3	-0.231	-0.132	9.532	6.431
1417512273033	37.490475	139.928211	3	-0.303	-0.174	9.569	6.406
1417512273134	37.490476	139.928203	3	-0.283	-0.229	9.728	6.380
1417512273235	37.490476	139.928196	3	-0.196	-0.192	9.684	6.355
1417512273335	37.490477	139.928189	3	-0.241	-0.076	9.576	6.330
1417512273436	37.490478	139.928182	3	-0.234	0.026	9.637	6.305
1417512273537	37.490478	139.928175	3	-0.291	0.136	9.583	6.280
1417512273637	37.490479	139.928169	3	-0.320	0.161	9.600	6.256
1417512273733	37.490479	139.928162	4	-0.209	0.188	9.643	6.268
1417512273834	37.490480	139.928155	4	-0.180	0.195	9.630	6.293
1417512273935	37.490480	139.928148	4	-0.161	0.221	9.647	6.318
1417512274035	37.490480	139.928141	4	-0.315	0.277	9.435	6.343
1417512274136	37.490480	139.928134	4	-0.235	0.250	9.627	6.368
1417512274237	37.490481	139.928126	4	-0.104	0.255	9.727	6.393
1417512274337	37.490481	139.928119	4	-0.082	0.267	9.657	6.418
1417512274433	37.490481	139.928112	4	-0.041	0.248	9.575	6.442
1417512274534	37.490482	139.928105	4	0.016	0.219	9.568	6.468
1417512274634	37.490482	139.928098	4	-0.035	0.204	9.605	6.493
1417512274735	37.490483	139.928090	4	-0.005	0.137	9.650	6.500
1417512274836	37.490483	139.928083	4	0.056	0.146	9.566	6.500
1417512274937	37.490484	139.928076	4	0.104	0.136	9.618	6.500
1417512275037	37.490485	139.928068	4	0.167	0.086	9.736	6.500
1417512275133	37.490485	139.928061	4	0.152	0.084	9.609	6.500
1417512275234	37.490486	139.928054	4	0.174	0.072	9.650	6.500
1417512275334	37.490487	139.928046	4	0.155	0.077	9.686	6.500
1417512275435	37.490487	139.928039	4	0.148	0.086	9.648	6.500
1417512275536	37.490488	139.928031	4	0.116	0.052	9.716	6.500
1417512275636	37.490489	139.928024	4	0.153	0.038	9.746	6.500
1417512275737	37.490490	139.928016	3	0.113	0.072	9.569	6.519
1417512275833	37.490491	139.928009	3	0.145	0.087	9.662	6.543
1417512275934	37.490492	139.928002	3	0.126	0.127	9.528	6.568
1417512276034	37.490493	139.927994	3	0.120	0.079	9.647	6.592
1417512276135	37.490494	139.927987	3	0.097	0.088	9.615	6.618
1417512276236	37.490495	139.927979	3	0.150	0.091	9.514	6.643
1417512276336	37.490496	139.927972	3	0.188	0.035	9.616	6.668
1417512276437	37.490498	139.927964	3	0.151	0.091	9.538	6.693
1417512276533	37.490499	139.927957	3	0.063	0.047	9.490	6.718
1417512276634	37.490500	139.927949	3	0.038	-0.007	9.587	6.743
1417512276734	37.490501	139.927942	4	0.161	0.018	9.660	6.750
1417512276835	37.490502	139.927934	4	0.117	-0.020	9.732	6.750
1417512276936	37.490502	139.927927	4	-0.060	0.042	9.630	6.750
1417512277036	37.490503	139.927919	4	-0.025	0.009	9.649	6.750
1417512277137	37.490504	139.927912	4	0.002	-0.002	9.633	6.750
1417512277233	37.490505	139.927905	4	-0.057	-0.002	9.714	6.750
1417512277333	37.490506	139.927897	4	-0.096	0.008	9.705	6.750
1417512277434	37.490507	139.927890	4	-0.063	0.015	9.704	6.750
1417512277535	37.490508	139.927882	4	-0.031	0.067	9.744	6.750
1417512277635	37.490509	139.927875	4	0.075	0.108	9.698	6.750
1417512277736	37.490510	139.927867	4	0.066	0.124	9.590	6.769
1417512277837	37.490511	139.927859	4	0.072	0.155	9.584	6.794
1417512277933	37.490513	139.927852	4	0.130	0.250	9.370	6.817
1417512278033	37.490514	139.927844	4	0.103	0.295	9.265	6.842
1417512278134	37.490515	139.927836	4	0.043	0.268	9.445	6.867
1417512278235	37.490516	139.927829	4	0.058	0.317	9.477	6.893
1417512278335	37.490518	139.927821	4	-0.008	0.265	9.513	6.918
1417512278436	37.490519	139.927813	4	-0.056	0.255	9.665	6.943
1417512278537	37.490520	139.927805	4	-0.059	0.292	9.716	6.969
1417512278633	37.490522	139.927797	4	-0.091	0.358	9.623	6.993
1417512278733	37.490523	139.927789	4	-0.118	0.381	9.647	7.018
1417512278834	37.490525	139.927781	4	-0.143	0.366	9.629	7.043
1417512278935	37.490526	139.927772	4	-0.155	0.346	9.608	7.068
1417512279035	37.490528	139.927764	4	-0.068	0.278	9.601	7.093
1417512279136	37.490529	139.927755	4	-0.199	0.139	9.724	7.118
1417512279237	37.490531	139.927747	4	-0.144	0.159	9.679	7.143
1417512279338	37.490532	139.927738	4	-0.163	0.065	9.673	7.169
1417512279433	37.490534	139.927730	4	-0.171	0.107	9.671	7.192
1417512279534	37.490535	139.927722	4	-0.153	0.071	9.660	7.218
1417512279635	37.490537	139.927713	4	-0.157	-0.027	9.649	7.244
1417512279735	37.490538	139.927705	4	-0.133	-0.059	9.670	7.268
1417512279836	37.490539	139.927697	4	-0.092	-0.059	9.708	7.293
1417512279937	37.490539	139.927688	4	-0.129	0.009	9.523	7.318
1417512280037	37.490540	139.927680	4	-0.240	-0.099	9.534	7.343
1417512280133	37.490541	139.927672	4	-0.398	-0.104	9.601	7.367
1417512280234	37.490542	139.927664	4	-0.248	-0.097	9.560	7.392
1417512280334	37.490543	139.927655	4	-0.325	-0.130	9.380	7.418
1417512280435	37.490544	139.927647	4	-0.391	-0.242	9.564	7.443
1417512280536	37.490545	139.927638	4	-0.364	-0.370	9.618	7.469
1417512280637	37.490546	139.927630	4	-0.258	-0.263	9.488	7.494
1417512280737	37.490547	139.927621	3	-0.311	-0.143	9.394	7.500
1417512280833	37.490547	139.927613	3	-0.348	-0.104	9.378	7.500
1417512280934	37.490548	139.927604	3	-0.321	-0.210	9.553	7.500
1417512281034	37.490549	139.927596	3	-0.421	-0.322	9.644	7.500
1417512281135	37.490550	139.927587	3	-0.287	-0.351	9.791	7.500
1417512281236	37.490551	139.927578	3	-0.157	-0.297	9.610	7.500
1417512281337	37.490551	139.927570	3	-0.131	-0.337	9.606	7.500
1417512281437	37.490552	139.927561	3	-0.199	-0.359	9.673	7.500
1417512281533	37.490553	139.927553	3	-0.258	-0.437	9.668	7.500
1417512281639	37.490554	139.927544	3	-0.307	-0.466	9.657	7.500
1417512281734	37.490555	139.927536	3	-0.289	-0.560	9.832	7.481
1417512281833	37.490556	139.927527	3	-0.422	-0.479	9.579	7.456
1417512281936	37.490557	139.927519	3	-0.469	-0.484	9.501	7.430
1417512282035	37.490558	139.927510	3	-0.454	-0.385	9.356	7.405
1417512282137	37.490559	139.927502	3	-0.485	-0.526	9.574	7.380
1417512282233	37.490560	139.927494	3	-0.420	-0.654	9.696	7.356
1417512282333	37.490561	139.927485	3	-0.357	-0.788	9.549	7.331
1417512282434	37.490563	139.927477	3	-0.354	-0.850	9.545	7.306
1417512282535	37.490564	139.927468	3	-0.345	-0.895	9.579	7.281
1417512282636	37.490565	139.927460	3	-0.351	-0.970	9.551	7.256
1417512282736	37.490566	139.927452	4	-0.343	-1.024	9.600	7.190
1417512282837	37.490567	139.927445	4	-0.419	-1.096	9.720	7.111
1417512282933	37.490568	139.927438	4	-0.467	-1.111	9.572	7.037
1417512283033	37.490569	139.927431	4	-0.495	-1.135	9.534	6.961
1417512283134	37.490570	139.927424	4	-0.544	-1.149	9.564	6.884
1417512283235	37.490571	139.927417	4	-0.512	-1.168	9.665	6.809
1417512283336	37.490573	139.927410	4	-0.502	-1.162	9.666	6.734
1417512283436	37.490574	139.927403	4	-0.470	-1.201	9.686	6.661
1417512283537	37.490575	139.927396	4	-0.476	-1.197	9.613	6.588
1417512283633	37.490576	139.927390	4	-0.442	-1.153	9.597	6.519
1417512283733	37.490577	139.927383	4	-0.443	-1.118	9.568	6.400
1417512283834	37.490577	139.927377	4	-0.428	-1.118	9.522	6.263
1417512283935	37.490578	139.927371	4	-0.399	-1.221	9.655	6.130
1417512284036	37.490579	139.927364	4	-0.348	-1.239	9.426	5.999
1417512284136	37.490580	139.927358	4	-0.234	-1.425	9.536	5.872
1417512284237	37.490580	139.927352	4	-0.262	-1.494	9.531	5.746
1417512284333	37.490581	139.927347	4	-0.257	-1.550	9.549	5.629
1417512284433	37.490582	139.927341	4	-0.288	-1.620	9.500	5.510
1417512284534	37.490582	139.927336	4	-0.276	-1.775	9.747	5.393
1417512284635	37.490583	139.927330	4	-0.153	-1.764	9.809	5.278
1417512284735	37.490584	139.927325	5	-0.201	-1.655	9.520	5.145
1417512284836	37.490584	139.927319	5	-0.336	-1.624	9.303	5.006
1417512284937	37.490585	139.927314	5	-0.227	-1.689	9.416	4.870
1417512285033	37.490585	139.927309	5	-0.130	-1.646	9.535	4.744
1417512285133	37.490586	139.927304	5	-0.155	-1.728	9.779	4.617
1417512285234	37.490587	139.927299	5	-0.194	-1.682	9.723	4.491
1417512285335	37.490587	139.927294	5	-0.208	-1.749	9.586	4.369
1417512285435	37.490588	139.927290	5	-0.216	-1.738	9.498	4.252
1417512285536	37.490588	139.927285	5	-0.246	-1.687	9.504	4.137
1417512285637	37.490589	139.927281	5	-0.283	-1.435	9.457	4.025
1417512285737	37.490589	139.927278	5	-0.252	-1.079	9.590	3.830
1417512285833	37.490588	139.927276	5	-0.294	-0.901	9.732	3.627
1417512285934	37.490588	139.927273	5	-0.405	-0.697	9.700	3.423
1417512286035	37.490588	139.927271	5	-0.402	-0.564	9.562	3.229
1417512286135	37.490587	139.927269	5	-0.286	-0.433	9.559	3.047
1417512286236	37.490587	139.927266	5	-0.238	-0.339	9.580	2.872
1417512286337	37.490587	139.927265	5	-0.211	-0.273	9.564	2.708
1417512286437	37.490587	139.927263	5	-0.246	-0.266	9.576	2.555
1417512286533	37.490586	139.927261	5	-0.272	-0.242	9.540	2.418
1417512286634	37.490586	139.927259	5	-0.270	-0.275	9.534	2.283
1417512286734	37.490586	139.927258	4	-0.231	-0.365	9.559	2.209
1417512286835	37.490586	139.927256	4	-0.260	-0.461	9.630	2.153
1417512286936	37.490586	139.927254	4	-0.193	-0.589	9.559	2.100
1417512287037	37.490586	139.927252	4	-0.181	-0.796	9.591	2.047
1417512287137	37.490586	139.927250	4	-0.233	-0.953	9.611	1.996
1417512287233	37.490586	139.927248	4	-0.235	-0.987	9.554	1.948
1417512287334	37.490586	139.927246	4	-0.197	-1.015	9.614	1.899
1417512287434	37.490586	139.927245	4	-0.168	-0.986	9.663	1.852
1417512287535	37.490586	139.927243	4	-0.155	-0.854	9.635	1.806
1417512287636	37.490586	139.927241	4	-0.202	-0.563	9.592	1.761
1417512287737	37.490586	139.927240	4	-0.289	-0.353	9.537	1.678
1417512287837	37.490585	139.927239	4	-0.320	-0.244	9.554	1.587
1417512287933	37.490585	139.927238	4	-0.291	-0.219	9.595	1.505
1417512288034	37.490584	139.927237	4	-0.265	-0.253	9.587	1.422
1417512288134	37.490584	139.927236	4	-0.266	-0.313	9.600	1.344
1417512288235	37.490583	139.927235	4	-0.269	-0.354	9.605	1.269
1417512288336	37.490583	139.927234	4	-0.306	-0.394	9.609	1.198
1417512288436	37.490583	139.927233	4	-0.335	-0.399	9.590	1.132
1417512288537	37.490582	139.927232	4	-0.351	-0.432	9.592	1.070
1417512288633	37.490582	139.927231	4	-0.336	-0.515	9.618	1.015
1417512288734	37.490582	139.927230	4	-0.316	-0.593	9.595	0.952
1417512288834	37.490582	139.927228	4	-0.284	-0.634	9.601	0.889
1417512288935	37.490582	139.927227	4	-0.304	-0.640	9.611	0.829
1417512289036	37.490582	139.927226	4	-0.345	-0.646	9.594	0.773
1417512289136	37.490583	139.927224	4	-0.363	-0.650	9.585	0.720
1417512289237	37.490583	139.927223	4	-0.310	-0.626	9.601	0.671
1417512289333	37.490583	139.927222	4	-0.312	-0.626	9.605	0.627
1417512289433	37.490583	139.927221	4	-0.336	-0.632	9.612	0.584
1417512289534	37.490583	139.927220	4	-0.367	-0.619	9.584	0.545
1417512289635	37.490583	139.927219	4	-0.353	-0.615	9.588	0.508
1417512289736	37.490583	139.927219	4	-0.325	-0.609	9.610	0.427
1417512289836	37.490582	139.927218	4	-0.319	-0.590	9.599	0.339
1417512289937	37.490582	139.927218	4	-0.345	-0.570	9.592	0.261
1417512290033	37.490581	139.927217	4	-0.359	-0.488	9.597	0.197
1417512290133	37.490581	139.927217	4	-0.348	-0.215	9.603	0.139
1417512290234	37.490581	139.927217	4	-0.341	-0.049	9.584	0.091
1417512290335	37.490580	139.927216	4	-0.342	-0.052	9.568	0.053
1417512290436	37.490580	139.927216	4	-0.340	-0.050	9.610	0.025
1417512290536	37.490580	139.927216	4	-0.339	0.000	9.604	0.008
1417512303734	37.490584	139.927184	3	-0.355	0.703	9.649	0.003
1417512303835	37.490584	139.927184	3	-0.354	0.933	9.623	0.015
1417512303935	37.490584	139.927184	3	-0.355	1.023	9.594	0.038
1417512304036	37.490584	139.927184	3	-0.331	0.984	9.637	0.071
1417512304137	37.490584	139.927183	3	-0.338	0.866	9.654	0.114
1417512304238	37.490584	139.927183	3	-0.346	0.719	9.634	0.167
1417512304333	37.490584	139.927183	3	-0.351	0.612	9.630	0.226
1417512304434	37.490584	139.927182	3	-0.332	0.520	9.609	0.300
1417512304535	37.490584	139.927182	3	-0.323	0.410	9.611	0.383
1417512304635	37.490584	139.927181	3	-0.354	0.333	9.606	0.475
1417512304736	37.490584	139.927181	4	-0.405	0.293	9.605	0.526
1417512304837	37.490584	139.927181	4	-0.409	0.294	9.635	0.564
1417512304937	37.490584	139.927180	4	-0.380	0.349	9.611	0.605
1417512305033	37.490585	139.927180	4	-0.387	0.438	9.637	0.648
1417512305134	37.490585	139.927180	4	-0.448	0.666	9.624	0.695
1417512305235	37.490585	139.927180	4	-0.469	0.918	9.587	0.747
1417512305335	37.490585	139.927179	4	-0.382	1.040	9.563	0.801
1417512305436	37.490585	139.927179	4	-0.318	1.035	9.567	0.859
1417512305537	37.490586	139.927178	4	-0.361	0.866	9.605	0.921
1417512305637	37.490586	139.927178	4	-0.378	0.669	9.640	0.985
1417512305733	37.490586	139.927177	4	-0.323	0.472	9.599	1.016
1417512305834	37.490586	139.927176	4	-0.279	0.218	9.579	1.040
1417512305934	37.490586	139.927175	4	-0.290	-0.046	9.624	1.063
1417512306035	37.490587	139.927175	4	-0.316	-0.249	9.656	1.087
1417512306136	37.490587	139.927174	4	-0.301	-0.377	9.624	1.112
1417512306237	37.490587	139.927173	4	-0.298	-0.494	9.631	1.137
1417512306337	37.490587	139.927171	4	-0.378	-0.627	9.663	1.163
1417512306433	37.490588	139.927170	4	-0.483	-0.726	9.615	1.188
1417512306534	37.490588	139.927169	4	-0.467	-0.737	9.564	1.215
1417512306634	37.490588	139.927168	4	-0.425	-0.727	9.543	1.243
1417512306735	37.490588	139.927168	4	-0.442	-0.733	9.547	1.204
1417512306836	37.490589	139.927168	4	-0.493	-0.704	9.566	1.144
1417512306936	37.490589	139.927168	4	-0.519	-0.703	9.580	1.087
1417512307037	37.490590	139.927168	4	-0.542	-0.697	9.560	1.032
1417512307133	37.490590	139.927169	4	-0.518	-0.682	9.565	0.982
1417512307234	37.490591	139.927169	4	-0.504	-0.694	9.592	0.932
1417512307334	37.490591	139.927169	4	-0.495	-0.710	9.590	0.886
1417512307435	37.490591	139.927169	4	-0.498	-0.706	9.574	0.841
1417512307536	37.490592	139.927169	4	-0.507	-0.700	9.595	0.798
1417512307636	37.490592	139.927169	4	-0.522	-0.686	9.577	0.759
1417512307737	37.490592	139.927169	4	-0.512	-0.674	9.586	0.639
1417512307833	37.490593	139.927169	4	-0.507	-0.643	9.593	0.513
1417512307934	37.490593	139.927169	4	-0.516	-0.612	9.596	0.395
1417512308034	37.490593	139.927168	4	-0.517	-0.434	9.634	0.294
1417512308135	37.490593	139.927168	4	-0.506	-0.102	9.645	0.207
1417512308236	37.490594	139.927168	4	-0.498	0.008	9.570	0.135
1417512308336	37.490594	139.927168	4	-0.496	0.006	9.579	0.079
1417512308437	37.490594	139.927168	4	-0.497	0.056	9.609	0.037
1417512308533	37.490594	139.927168	4	-0.500	0.084	9.580	0.012
1417512308633	37.490594	139.927168	4	-0.498	0.053	9.602	0.001
1417512310733	37.490597	139.927158	3	-0.489	0.304	9.597	0.003
1417512310834	37.490597	139.927158	3	-0.478	0.504	9.627	0.015
1417512310935	37.490597	139.927158	3	-0.469	0.764	9.629	0.038
1417512311035	37.490597	139.927158	3	-0.439	1.058	9.614	0.070
1417512311136	37.490597	139.927157	3	-0.396	1.371	9.587	0.113
1417512311237	37.490597	139.927157	3	-0.375	1.611	9.524	0.166
1417512311337	37.490597	139.927157	3	-0.378	1.726	9.566	0.229
1417512311433	37.490598	139.927156	3	-0.368	1.784	9.629	0.299
1417512311534	37.490598	139.927156	3	-0.312	1.790	9.579	0.382
1417512311635	37.490598	139.927155	3	-0.235	1.719	9.579	0.475
1417512311735	37.490598	139.927154	3	-0.230	1.656	9.605	0.526
1417512311836	37.490598	139.927154	3	-0.235	1.622	9.593	0.564
1417512311937	37.490598	139.927153	3	-0.365	1.377	9.611	0.605
1417512312037	37.490599	139.927152	3	-0.369	1.191	9.575	0.649
1417512312133	37.490599	139.927151	3	-0.271	0.998	9.540	0.695
1417512312234	37.490599	139.927150	3	-0.295	0.730	9.657	0.746
1417512312335	37.490599	139.927149	3	-0.302	0.464	9.661	0.801
1417512312435	37.490599	139.927148	3	-0.330	0.040	9.647	0.858
1417512312536	37.490600	139.927147	3	-0.404	-0.594	9.540	0.920
1417512312637	37.490600	139.927145	3	-0.471	-1.148	9.538	0.985
1417512312737	37.490600	139.927144	3	-0.490	-1.464	9.575	1.000
1417512312833	37.490601	139.927143	3	-0.488	-1.624	9.565	1.000
1417512312934	37.490601	139.927142	3	-0.489	-1.769	9.566	1.000
1417512313034	37.490601	139.927141	3	-0.481	-1.871	9.570	1.000
1417512313135	37.490601	139.927139	3	-0.490	-1.928	9.565	1.000
1417512313236	37.490602	139.927138	3	-0.530	-1.935	9.543	1.000
1417512313337	37.490602	139.927137	3	-0.517	-1.881	9.565	1.000
1417512313437	37.490602	139.927136	3	-0.502	-1.765	9.545	1.000
1417512313533	37.490603	139.927135	3	-0.489	-1.595	9.570	1.000
1417512313634	37.490603	139.927133	3	-0.455	-0.893	9.712	1.000
1417512313734	37.490603	139.927132	3	-0.447	-0.244	9.639	0.857
1417512313835	37.490602	139.927132	3	-0.443	-0.060	9.508	0.681
1417512313936	37.490602	139.927131	3	-0.404	-0.087	9.532	0.524
1417512314036	37.490602	139.927131	3	-0.429	-0.018	9.616	0.389
1417512314138	37.490602	139.927130	3	-0.438	0.044	9.574	0.272
1417512314233	37.490601	139.927130	3	-0.436	-0.003	9.598	0.182
1417512314334	37.490601	139.927129	3	-0.436	0.015	9.607	0.106
1417512314434	37.490601	139.927129	3	-0.429	0.043	9.590	0.051
1417512314535	37.490601	139.927129	3	-0.432	0.012	9.617	0.016
1417512314636	37.490601	139.927129	3	-0.437	0.018	9.617	0.001
1417512472636	37.497514	139.928462	11	0.032	1.958	9.688	4.250
1417512476635	37.497671	139.928490	11	0.037	1.944	9.689	4.006
1417512476735	37.497674	139.928490	11	0.209	0.809	9.649	4.000
1417512476836	37.497678	139.928491	11	0.397	-0.084	9.644	4.000
1417512476937	37.497681	139.928491	11	0.577	-0.616	9.660	4.000
1417512477037	37.497684	139.928491	11	0.737	-0.874	9.671	4.000
1417512477133	37.497688	139.928491	11	0.721	-1.004	9.626	4.000
1417512477234	37.497691	139.928492	11	0.665	-1.143	9.513	4.000
1417512477334	37.497694	139.928492	11	1.013	-0.976	9.633	4.000
1417512477435	37.497698	139.928492	11	1.068	-0.978	9.597	4.000
1417512477536	37.497701	139.928493	11	1.213	-0.949	9.578	4.000
1417512477637	37.497704	139.928493	11	1.265	-0.754	9.569	4.000
1417512477737	37.497706	139.928493	11	1.223	-0.489	9.551	3.764
1417512477833	37.497707	139.928493	11	1.293	-0.264	9.555	3.485
1417512477934	37.497709	139.928493	11	1.314	-0.106	9.493	3.208
1417512478034	37.497710	139.928493	11	1.319	-0.087	9.513	2.952
1417512478135	37.497711	139.928492	11	1.345	-0.097	9.503	2.712
1417512478236	37.497712	139.928492	11	1.360	-0.103	9.499	2.489
1417512478336	37.497713	139.928492	11	1.402	-0.201	9.485	2.286
1417512478437	37.497713	139.928492	11	1.466	-0.332	9.526	2.099
1417512478533	37.497714	139.928492	11	1.490	-0.365	9.506	1.938
1417512478634	37.497715	139.928492	11	1.469	-0.418	9.500	1.786
1417512478734	37.497715	139.928492	11	1.460	-0.417	9.512	1.680
1417512478835	37.497716	139.928492	11	1.416	-0.438	9.596	1.589
1417512478936	37.497716	139.928492	11	1.465	-0.476	10.268	1.502
1417512479036	37.497716	139.928492	11	0.945	0.168	8.982	1.420
1417512479137	37.497717	139.928491	11	0.620	0.655	9.423	1.341
1417512479233	37.497717	139.928491	11	0.280	0.779	9.780	1.270
1417512479333	37.497717	139.928491	11	-0.506	0.687	9.897	1.200
1417512479434	37.497717	139.928491	11	-0.647	0.841	9.742	1.134
1417512479535	37.497718	139.928491	11	-0.570	0.856	9.112	1.071
1417512479636	37.497718	139.928491	11	-0.735	0.634	9.118	1.013
1417512599634	37.497982	139.926573	12	-0.715	0.653	9.125	5.274
