measurement_ms	latitude	longitude	gps_error_meter	accel_x_transverse	accel_y_longitudinal	accel_z_vertical	speed
1428382918176	37.506928	139.930692	7	0.285	0.662	9.215	5.500
1428382918277	37.506926	139.930698	7	0.189	0.224	9.088	5.500
1428382918378	37.506924	139.930704	10	0.228	-0.137	9.418	5.500
1428382918478	37.506923	139.930710	10	0.282	-0.311	9.761	5.500
1428382918579	37.506921	139.930716	10	0.339	-0.396	9.727	5.500
1428382918675	37.506919	139.930721	10	0.279	-0.405	9.611	5.500
1428382918775	37.506918	139.930727	10	0.304	-0.423	9.620	5.500
1428382918876	37.506916	139.930733	10	0.258	-0.441	9.644	5.500
1428382918977	37.506914	139.930739	10	0.201	-0.494	9.582	5.500
1428382919078	37.506913	139.930745	10	0.214	-0.447	9.712	5.500
1428382919178	37.506911	139.930750	10	0.329	-0.477	9.834	5.500
1428382919279	37.506909	139.930756	10	0.299	-0.394	9.506	5.500
1428382919375	37.506909	139.930763	10	0.254	-0.388	9.465	5.407
1428382919475	37.506910	139.930770	10	0.184	-0.465	9.640	5.300
1428382919576	37.506910	139.930778	10	0.219	-0.495	9.771	5.194
1428382919677	37.506910	139.930785	10	0.211	-0.432	9.560	5.089
1428382919777	37.506911	139.930791	10	0.248	-0.454	9.730	4.988
1428382919878	37.506911	139.930798	10	0.472	-0.505	9.940	4.888
1428382919979	37.506911	139.930805	10	0.365	-0.337	9.434	4.790
1428382920075	37.506911	139.930811	10	0.217	-0.366	9.329	4.698
1428382920175	37.506912	139.930817	10	0.100	-0.513	9.726	4.605
1428382920276	37.506912	139.930823	10	0.005	-0.492	9.682	4.513
1428382920377	37.506907	139.930825	14	-0.006	-0.353	9.483	4.429
1428382920477	37.506902	139.930825	14	0.162	-0.363	9.637	4.349
1428382920578	37.506897	139.930826	14	0.247	-0.451	9.762	4.270
1428382920679	37.506892	139.930826	14	0.364	-0.497	9.680	4.192
1428382920779	37.506887	139.930827	14	0.460	-0.504	9.506	4.116
1428382920875	37.506882	139.930828	14	0.433	-0.586	9.460	4.045
1428382920976	37.506877	139.930828	14	0.258	-0.710	9.745	3.971
1428382921077	37.506873	139.930829	14	0.094	-0.710	9.810	3.898
1428382921177	37.506868	139.930829	14	-0.002	-0.772	9.572	3.828
1428382921278	37.506864	139.930830	14	0.055	-0.845	9.490	3.758
1428382921379	37.506862	139.930834	14	0.156	-0.882	9.566	3.750
1428382921479	37.506861	139.930838	14	0.289	-0.925	9.695	3.750
1428382921575	37.506859	139.930841	14	0.395	-0.980	9.698	3.750
1428382921676	37.506858	139.930845	14	0.379	-1.063	9.681	3.750
1428382921776	37.506857	139.930849	14	0.362	-1.097	9.605	3.750
1428382921877	37.506855	139.930853	14	0.306	-1.133	9.627	3.750
1428382921978	37.506854	139.930858	14	0.261	-1.141	9.610	3.750
1428382922079	37.506853	139.930862	14	0.274	-1.196	9.593	3.750
1428382922179	37.506851	139.930866	14	0.225	-1.117	9.586	3.750
1428382922275	37.506850	139.930869	14	0.200	-1.121	9.645	3.750
1428382922376	37.506846	139.930873	13	0.176	-1.039	9.626	3.558
1428382922476	37.506842	139.930877	13	0.120	-0.905	9.533	3.344
1428382922577	37.506838	139.930880	13	0.154	-0.804	9.476	3.139
1428382922678	37.506834	139.930884	13	0.233	-0.906	9.684	2.945
1428382922779	37.506831	139.930887	13	0.139	-1.007	9.839	2.761
1428382922879	37.506827	139.930890	13	0.064	-0.956	9.596	2.590
1428382922975	37.506824	139.930893	13	0.149	-1.034	9.695	2.436
1428382923076	37.506822	139.930895	13	0.264	-0.997	9.666	2.285
1428382923176	37.506819	139.930897	13	0.151	-0.904	9.425	2.146
1428382923277	37.506816	139.930900	13	0.053	-0.906	9.585	2.016
1428382923378	37.506817	139.930903	13	0.087	-0.918	9.713	1.885
1428382923478	37.506818	139.930905	13	0.129	-0.882	9.597	1.761
1428382923579	37.506820	139.930908	13	0.090	-0.797	9.536	1.643
1428382923675	37.506821	139.930910	13	0.067	-0.568	9.646	1.536
1428382923776	37.506822	139.930913	13	0.106	-0.256	9.656	1.431
1428382923876	37.506823	139.930915	13	0.156	-0.006	9.593	1.333
1428382923977	37.506824	139.930917	13	0.142	0.134	9.596	1.241
1428382924078	37.506824	139.930919	13	0.103	0.253	9.617	1.156
1428382924178	37.506825	139.930920	13	0.111	0.395	9.615	1.079
1428382924275	37.506826	139.930922	13	0.185	0.509	9.656	1.010
1428382924375	37.506826	139.930923	12	0.251	0.599	9.651	1.000
1428382924475	37.506825	139.930925	12	0.235	0.671	9.664	1.000
1428382924576	37.506825	139.930927	12	0.202	0.801	9.658	1.000
1428382924677	37.506825	139.930928	12	0.177	0.940	9.638	1.000
1428382924778	37.506825	139.930930	12	0.177	1.038	9.669	1.000
1428382924878	37.506824	139.930931	12	0.153	1.141	9.654	1.000
1428382924979	37.506824	139.930933	12	0.126	1.250	9.598	1.000
1428382925075	37.506824	139.930935	12	0.147	1.346	9.629	1.000
1428382928171	37.506773	139.930993	12	0.160	1.397	9.620	2.435
1428382930170	37.506780	139.931077	10	0.162	1.395	9.627	2.305
1428382936173	37.506895	139.931187	10	0.161	1.388	9.638	2.500
1428382936178	37.506895	139.931187	10	0.159	1.375	9.644	2.500
1428382936278	37.506897	139.931189	10	0.069	0.594	9.795	2.500
1428382936379	37.506902	139.931191	12	-0.051	0.041	9.819	2.559
1428382936475	37.506907	139.931193	12	-0.099	-0.168	9.638	2.624
1428382936576	37.506913	139.931196	12	-0.075	-0.288	9.549	2.695
1428382936676	37.506919	139.931199	12	-0.034	-0.428	9.638	2.766
1428382936777	37.506925	139.931201	12	-0.049	-0.594	9.814	2.841
1428382936878	37.506931	139.931204	12	0.013	-0.434	9.341	2.917
1428382936978	37.506937	139.931207	12	0.083	-0.439	9.440	2.995
1428382937079	37.506944	139.931210	12	0.037	-0.624	9.926	3.075
1428382937175	37.506950	139.931213	12	0.019	-0.722	9.830	3.154
1428382937275	37.506957	139.931216	12	0.024	-0.657	9.494	3.237
1428382937376	37.506960	139.931217	12	0.064	-0.558	9.566	3.250
1428382937477	37.506963	139.931218	12	0.046	-0.600	9.783	3.250
1428382937578	37.506966	139.931220	12	-0.010	-0.634	9.719	3.250
1428382937678	37.506969	139.931221	12	-0.030	-0.500	9.491	3.250
1428382937779	37.506972	139.931222	12	-0.013	-0.378	9.504	3.250
1428382937875	37.506975	139.931224	12	0.001	-0.361	9.639	3.250
1428382937975	37.506978	139.931225	12	-0.010	-0.348	9.627	3.250
1428382938076	37.506981	139.931226	12	-0.075	-0.350	9.532	3.250
1428382938177	37.506984	139.931228	12	0.005	-0.411	9.558	3.250
1428382938278	37.506987	139.931229	12	0.194	-0.367	9.852	3.250
1428382938378	37.506991	139.931231	11	0.252	-0.220	9.595	3.227
1428382938479	37.506997	139.931233	11	0.104	-0.316	9.553	3.201
1428382938575	37.507001	139.931235	11	0.047	-0.397	9.656	3.177
1428382938675	37.507006	139.931236	11	0.009	-0.365	9.654	3.151
1428382938776	37.507011	139.931238	11	-0.043	-0.332	9.610	3.126
1428382938877	37.507016	139.931240	11	-0.099	-0.335	9.619	3.101
1428382938977	37.507021	139.931242	11	-0.043	-0.340	9.664	3.076
1428382939078	37.507026	139.931244	11	0.024	-0.328	9.690	3.051
1428382939179	37.507031	139.931246	11	0.005	-0.347	9.700	3.027
1428382939279	37.507035	139.931248	11	-0.019	-0.358	9.686	3.003
1428382939375	37.507039	139.931249	11	-0.011	-0.278	9.460	2.928
1428382939476	37.507042	139.931250	11	0.023	-0.303	9.568	2.844
1428382939577	37.507045	139.931251	11	0.025	-0.389	9.709	2.763
1428382939677	37.507048	139.931253	11	-0.005	-0.412	9.664	2.684
1428382939778	37.507051	139.931254	11	-0.029	-0.444	9.633	2.607
1428382939879	37.507054	139.931255	11	-0.050	-0.520	9.624	2.532
1428382939980	37.507057	139.931256	11	-0.065	-0.660	9.645	2.460
1428382940075	37.507059	139.931257	11	-0.032	-0.737	9.643	2.393
1428382940176	37.507062	139.931258	11	-0.002	-0.707	9.496	2.325
1428382940277	37.507065	139.931259	11	-0.019	-0.650	9.580	2.258
1428382940377	37.507067	139.931260	11	-0.046	-0.637	9.740	2.250
1428382940478	37.507070	139.931261	11	-0.050	-0.609	9.668	2.250
1428382940579	37.507073	139.931262	11	-0.035	-0.557	9.570	2.250
1428382940679	37.507075	139.931264	11	-0.004	-0.497	9.626	2.250
1428382940775	37.507078	139.931265	11	-0.006	-0.359	9.721	2.250
1428382940876	37.507080	139.931266	11	-0.032	-0.221	9.666	2.250
1428382940976	37.507083	139.931267	11	-0.038	-0.110	9.574	2.250
1428382941077	37.507085	139.931268	11	0.006	-0.052	9.579	2.250
1428382941178	37.507088	139.931270	11	0.051	-0.068	9.621	2.250
1428382941279	37.507091	139.931271	11	0.050	-0.116	9.646	2.250
1428382941379	37.507093	139.931272	12	-0.006	-0.157	9.638	2.227
1428382941475	37.507095	139.931273	12	-0.033	-0.189	9.640	2.202
1428382941576	37.507097	139.931274	12	-0.035	-0.193	9.628	2.175
1428382941676	37.507099	139.931275	12	-0.035	-0.204	9.613	2.150
1428382941777	37.507102	139.931276	12	-0.046	-0.269	9.620	2.125
1428382941878	37.507104	139.931277	12	-0.043	-0.282	9.634	2.099
1428382941978	37.507106	139.931278	12	-0.018	-0.247	9.590	2.075
1428382942079	37.507108	139.931279	12	0.025	-0.139	9.587	2.050
1428382942175	37.507110	139.931280	12	0.072	0.034	9.671	2.027
1428382942276	37.507112	139.931281	12	0.069	0.169	9.655	2.003
1428382942376	37.507114	139.931282	12	0.032	0.207	9.598	2.000
1428382942477	37.507115	139.931283	12	0.018	0.235	9.621	2.000
1428382942578	37.507117	139.931283	12	0.031	0.287	9.643	2.000
1428382942678	37.507119	139.931284	12	0.031	0.316	9.619	2.000
1428382942779	37.507121	139.931285	12	0.001	0.300	9.625	2.000
1428382942875	37.507123	139.931286	12	-0.018	0.269	9.643	2.000
1428382942976	37.507124	139.931286	12	-0.014	0.267	9.647	2.000
1428382943076	37.507126	139.931287	12	0.026	0.275	9.638	2.000
1428382943177	37.507128	139.931288	12	0.041	0.274	9.642	2.000
1428382943278	37.507130	139.931289	12	0.032	0.305	9.625	2.000
1428382943378	37.507131	139.931290	14	0.014	0.335	9.641	1.920
1428382943479	37.507133	139.931291	14	0.013	0.351	9.658	1.832
1428382943575	37.507134	139.931292	14	0.017	0.364	9.589	1.751
1428382943675	37.507135	139.931293	14	0.008	0.379	9.571	1.670
1428382943776	37.507137	139.931293	14	0.005	0.408	9.574	1.592
1428382943877	37.507138	139.931294	14	0.009	0.445	9.621	1.518
1428382943978	37.507139	139.931295	14	0.003	0.494	9.630	1.447
1428382944078	37.507140	139.931296	14	0.031	0.557	9.624	1.380
1428382954174	37.507250	139.931707	8	0.093	0.662	9.601	4.778
1428382954179	37.507250	139.931708	8	0.095	0.662	9.585	4.777
1428382954275	37.507249	139.931715	8	0.207	0.217	9.729	4.754
1428382954376	37.507248	139.931720	8	0.305	-0.109	9.660	4.705
1428382954476	37.507247	139.931725	8	0.306	-0.263	9.519	4.653
1428382954577	37.507246	139.931730	8	0.262	-0.473	9.525	4.601
1428382954678	37.507245	139.931735	8	0.189	-0.424	9.639	4.549
1428382954778	37.507243	139.931740	8	0.277	-0.379	9.705	4.499
1428382954879	37.507242	139.931745	8	0.278	-0.382	9.477	4.449
1428382954975	37.507241	139.931749	8	0.261	-0.436	9.496	4.402
1428382955076	37.507240	139.931754	8	0.226	-0.422	9.680	4.352
1428382955176	37.507239	139.931759	8	0.226	-0.423	9.714	4.304
1428382955277	37.507238	139.931763	8	0.192	-0.388	9.583	4.256
1428382955378	37.507236	139.931768	6	0.171	-0.388	9.545	4.250
1428382955478	37.507234	139.931772	6	0.146	-0.417	9.626	4.250
1428382955579	37.507232	139.931776	6	0.195	-0.404	9.751	4.250
1428382955675	37.507230	139.931780	6	0.176	-0.402	9.689	4.250
1428382955775	37.507228	139.931784	6	0.155	-0.375	9.556	4.250
1428382955876	37.507226	139.931789	6	0.069	-0.317	9.398	4.250
1428382955978	37.507224	139.931793	6	0.165	-0.397	9.699	4.250
1428382956078	37.507221	139.931797	6	0.215	-0.428	9.806	4.250
1428382956178	37.507219	139.931801	6	0.179	-0.355	9.584	4.250
1428382956279	37.507217	139.931806	6	0.151	-0.314	9.588	4.250
1428382956375	37.507214	139.931808	8	0.160	-0.332	9.693	4.205
1428382956475	37.507210	139.931811	8	0.101	-0.348	9.621	4.153
1428382956576	37.507206	139.931814	8	0.051	-0.320	9.602	4.101
1428382956677	37.507202	139.931816	8	0.059	-0.291	9.623	4.049
1428382956778	37.507198	139.931819	8	0.068	-0.305	9.597	3.998
1428382956878	37.507194	139.931822	8	0.078	-0.314	9.671	3.948
1428382956979	37.507190	139.931824	8	0.094	-0.279	9.642	3.899
1428382957075	37.507187	139.931827	8	0.077	-0.258	9.561	3.852
1428382957175	37.507183	139.931829	8	0.100	-0.212	9.626	3.804
1428382957276	37.507179	139.931832	8	0.125	-0.180	9.671	3.757
1428382957377	37.507178	139.931835	8	0.124	-0.170	9.632	3.678
1428382957478	37.507176	139.931838	8	0.086	-0.130	9.612	3.596
1428382957578	37.507175	139.931841	8	0.059	-0.065	9.650	3.517
1428382957679	37.507174	139.931844	8	0.042	-0.013	9.616	3.438
1428382957775	37.507172	139.931846	8	0.040	0.005	9.617	3.365
1428382957875	37.507171	139.931849	8	0.051	-0.003	9.623	3.291
1428382957976	37.507170	139.931852	8	0.052	-0.005	9.632	3.218
1428382958077	37.507169	139.931855	8	0.074	-0.001	9.612	3.146
1428382958177	37.507167	139.931857	8	0.078	-0.044	9.629	3.076
1428382958278	37.507166	139.931860	8	0.044	-0.099	9.637	3.008
1428382958379	37.507166	139.931861	7	0.006	-0.176	9.674	2.895
1428382958479	37.507166	139.931862	7	0.008	-0.216	9.644	2.780
1428382958575	37.507167	139.931863	7	0.038	-0.219	9.595	2.674
1428382958676	37.507167	139.931864	7	0.052	-0.230	9.635	2.567
1428382958777	37.507167	139.931865	7	0.062	-0.256	9.649	2.463
1428382958877	37.507167	139.931866	7	0.039	-0.261	9.651	2.365
1428382958978	37.507167	139.931867	7	0.010	-0.229	9.580	2.269
1428382959079	37.507168	139.931867	7	0.026	-0.233	9.606	2.178
1428382959179	37.507168	139.931868	7	0.067	-0.259	9.634	2.091
1428382959275	37.507168	139.931869	7	0.054	-0.276	9.682	2.012
1428382959376	37.507170	139.931871	9	0.041	-0.279	9.648	1.977
1428382959477	37.507172	139.931874	9	0.053	-0.265	9.603	1.951
1428382959577	37.507175	139.931877	9	0.050	-0.258	9.555	1.925
1428382959678	37.507177	139.931880	9	0.017	-0.243	9.600	1.899
1428382959779	37.507179	139.931882	9	0.003	-0.263	9.666	1.874
1428382959879	37.507181	139.931885	9	0.017	-0.259	9.629	1.849
1428382959975	37.507183	139.931887	9	0.026	-0.214	9.562	1.825
1428382960076	37.507186	139.931890	9	0.052	-0.163	9.615	1.801
1428382960176	37.507188	139.931892	9	0.054	-0.103	9.700	1.777
1428382960277	37.507190	139.931895	9	0.040	-0.063	9.627	1.753
1428382960378	37.507190	139.931896	9	0.045	-0.028	9.595	1.699
1428382960479	37.507190	139.931896	9	0.058	-0.011	9.588	1.643
1428382960579	37.507190	139.931897	9	0.062	-0.057	9.613	1.588
1428382960675	37.507190	139.931898	9	0.047	-0.172	9.628	1.538
1428382960776	37.507190	139.931899	9	0.037	-0.256	9.618	1.486
1428382960876	37.507190	139.931899	9	0.020	-0.278	9.581	1.437
1428382960977	37.507190	139.931900	9	0.025	-0.304	9.610	1.389
1428382961078	37.507190	139.931901	9	0.035	-0.323	9.621	1.342
1428382961179	37.507190	139.931901	9	0.047	-0.330	9.614	1.297
1428382961279	37.507190	139.931902	9	0.032	-0.300	9.588	1.255
1428382961375	37.507189	139.931904	5	0.021	-0.260	9.580	1.198
1428382961476	37.507188	139.931905	5	0.029	-0.287	9.642	1.138
1428382961576	37.507188	139.931907	5	0.040	-0.304	9.677	1.081
1428382961677	37.507187	139.931909	5	0.045	-0.308	9.632	1.027
1428382961778	37.507186	139.931910	5	0.044	-0.283	9.591	0.975
1428382961878	37.507185	139.931912	5	0.078	-0.287	9.634	0.926
1428382961979	37.507185	139.931913	5	0.064	-0.312	9.656	0.879
1428382962075	37.507184	139.931914	5	0.010	-0.330	9.627	0.836
1428382962175	37.507184	139.931916	5	-0.034	-0.329	9.605	0.795
1428382962276	37.507183	139.931917	5	-0.012	-0.321	9.630	0.755
1428382962377	37.507183	139.931918	4	0.028	-0.309	9.641	0.687
1428382962478	37.507183	139.931919	4	0.043	-0.295	9.617	0.618
1428382962578	37.507183	139.931920	4	0.033	-0.256	9.575	0.555
1428382962679	37.507184	139.931921	4	0.028	-0.199	9.630	0.496
1428382962775	37.507184	139.931921	4	0.035	-0.142	9.642	0.445
1428382962875	37.507184	139.931922	4	0.032	-0.075	9.609	0.397
1428382962976	37.507184	139.931923	4	0.022	-0.035	9.616	0.353
1428382963077	37.507184	139.931923	4	0.009	-0.008	9.628	0.315
1428382963178	37.507184	139.931924	4	0.024	0.014	9.604	0.281
1428382963278	37.507184	139.931924	4	0.034	0.020	9.617	0.253
1428382963379	37.507184	139.931923	4	0.030	0.019	9.635	0.207
1428382963475	37.507184	139.931923	4	0.019	0.035	9.618	0.166
1428382963575	37.507184	139.931922	4	0.015	0.045	9.620	0.128
1428382963676	37.507185	139.931922	4	0.019	0.060	9.638	0.094
1428382963777	37.507185	139.931921	4	0.025	0.099	9.622	0.066
1428382963877	37.507185	139.931921	4	0.021	0.171	9.630	0.043
1428382963978	37.507185	139.931920	4	0.024	0.267	9.627	0.024
1428382964079	37.507185	139.931920	4	0.039	0.369	9.613	0.011
1428382964175	37.507185	139.931920	4	0.043	0.436	9.606	0.003
1428383048170	37.506982	139.932487	11	0.026	0.306	9.607	6.939
1428383048175	37.506982	139.932488	11	0.022	0.304	9.604	6.931
1428383048276	37.506979	139.932494	11	-0.027	0.133	9.393	6.772
1428383048377	37.506976	139.932502	12	0.061	-0.017	9.691	6.705
1428383048477	37.506973	139.932510	12	0.021	-0.102	9.989	6.654
1428383048578	37.506970	139.932518	12	0.052	0.057	9.803	6.602
1428383048679	37.506967	139.932526	12	-0.001	0.221	9.668	6.551
1428383048779	37.506964	139.932534	12	-0.002	0.162	9.591	6.501
1428383048875	37.506961	139.932541	12	0.024	0.281	9.733	6.453
1428383048976	37.506957	139.932549	12	0.055	0.469	9.661	6.403
1428383049076	37.506954	139.932557	12	0.069	0.590	9.565	6.354
1428383059172	37.506906	139.933627	12	0.030	0.571	9.525	10.279
1428383059177	37.506905	139.933627	12	0.030	0.562	9.526	10.278
1428383059278	37.506904	139.933639	12	0.065	0.070	9.563	10.253
1428383059379	37.506903	139.933650	14	0.085	-0.288	9.667	10.204
1428383059475	37.506901	139.933660	14	0.076	-0.472	9.511	10.156
1428383059575	37.506899	139.933671	14	0.087	-0.598	9.589	10.105
1428383059676	37.506898	139.933682	14	0.098	-0.707	9.628	10.054
1428383059777	37.506896	139.933692	14	0.132	-0.788	9.600	10.003
1428383059877	37.506895	139.933703	14	0.130	-0.833	9.574	9.953
1428383059978	37.506893	139.933714	14	0.188	-0.842	9.444	9.903
1428383060079	37.506891	139.933724	14	0.159	-0.931	9.603	9.853
1428383060179	37.506890	139.933735	14	0.118	-0.963	9.572	9.804
1428383060275	37.506888	139.933744	14	0.118	-1.047	9.513	9.757
1428383060376	37.506881	139.933751	23	0.118	-1.125	9.480	9.611
1428383060477	37.506873	139.933756	23	0.115	-1.160	9.530	9.450
1428383060577	37.506865	139.933761	23	0.086	-1.236	9.521	9.294
1428383060678	37.506857	139.933766	23	0.053	-1.339	9.662	9.138
1428383060779	37.506849	139.933771	23	0.074	-1.317	9.656	8.985
1428383060879	37.506841	139.933776	23	0.088	-1.337	9.561	8.836
1428383060975	37.506834	139.933781	23	0.108	-1.341	9.615	8.696
1428383061076	37.506826	139.933786	23	0.099	-1.336	9.694	8.550
1428383061176	37.506819	139.933791	23	0.064	-1.298	9.558	8.408
1428383061277	37.506812	139.933795	23	0.047	-1.307	9.597	8.268
1428383061378	37.506808	139.933803	23	0.054	-1.318	9.655	8.079
1428383061479	37.506805	139.933811	23	0.061	-1.297	9.546	7.887
1428383061579	37.506803	139.933819	23	0.074	-1.289	9.539	7.702
1428383061675	37.506800	139.933826	23	0.073	-1.297	9.675	7.527
1428383061776	37.506797	139.933833	23	0.105	-1.279	9.582	7.348
1428383061876	37.506794	139.933840	23	0.092	-1.266	9.529	7.174
1428383061977	37.506792	139.933847	23	0.105	-1.266	9.588	7.003
1428383062078	37.506789	139.933854	23	0.120	-1.256	9.683	6.836
1428383062179	37.506787	139.933861	23	0.106	-1.187	9.541	6.674
1428383062279	37.506784	139.933867	23	0.069	-1.168	9.488	6.517
1428383062375	37.506783	139.933874	12	0.054	-1.130	9.611	6.409
1428383062476	37.506782	139.933880	12	0.062	-0.909	9.704	6.301
1428383062576	37.506781	139.933886	12	0.060	-0.608	9.562	6.197
1428383062677	37.506780	139.933893	12	0.051	-0.405	9.529	6.093
1428383062778	37.506778	139.933899	12	0.033	-0.304	9.636	5.991
1428383062879	37.506777	139.933905	12	0.035	-0.238	9.664	5.891
1428383062979	37.506776	139.933911	12	0.078	-0.200	9.604	5.793
1428383063075	37.506775	139.933917	12	0.081	-0.214	9.576	5.701
1428383063176	37.506774	139.933923	12	0.074	-0.290	9.558	5.606
1428383063276	37.506773	139.933928	12	0.054	-0.353	9.631	5.513
1428383063377	37.506771	139.933934	9	0.091	-0.475	9.789	5.430
1428383063478	37.506769	139.933939	9	0.110	-0.623	9.682	5.351
1428383063578	37.506768	139.933944	9	0.173	-0.761	9.624	5.273
1428383063679	37.506766	139.933949	9	0.124	-0.800	9.460	5.195
1428383063775	37.506764	139.933954	9	0.032	-0.877	9.525	5.123
1428383063875	37.506762	139.933959	9	0.049	-0.941	9.688	5.048
1428383063976	37.506760	139.933964	9	0.087	-1.041	9.810	4.974
1428383064077	37.506759	139.933969	9	0.024	-0.902	9.320	4.901
1428383064178	37.506757	139.933974	9	0.002	-0.955	9.439	4.829
1428383064278	37.506755	139.933978	9	0.040	-1.079	9.796	4.758
1428383064380	37.506753	139.933982	8	0.084	-1.142	9.774	4.622
1428383064475	37.506751	139.933985	8	0.141	-1.116	9.544	4.490
1428383064575	37.506749	139.933988	8	0.135	-1.131	9.482	4.355
1428383064676	37.506747	139.933992	8	0.100	-1.144	9.643	4.223
1428383064777	37.506745	139.933995	8	0.095	-1.054	9.650	4.094
1428383064877	37.506743	139.933998	8	0.149	-0.910	9.626	3.970
1428383064978	37.506741	139.934001	8	0.261	-0.783	9.658	3.849
1428383065079	37.506739	139.934003	8	0.293	-0.770	9.604	3.732
1428383065175	37.506737	139.934006	8	0.298	-0.699	9.498	3.624
1428383065275	37.506735	139.934009	8	0.260	-0.594	9.622	3.516
1428383065376	37.506734	139.934012	7	0.272	-0.499	9.622	3.428
1428383065477	37.506734	139.934015	7	0.292	-0.441	9.611	3.346
1428383065577	37.506733	139.934019	7	0.286	-0.327	9.649	3.266
1428383065678	37.506732	139.934022	7	0.252	-0.199	9.630	3.188
1428383065779	37.506732	139.934025	7	0.240	-0.130	9.573	3.111
1428383065875	37.506731	139.934028	7	0.262	-0.170	9.554	3.039
1428383065975	37.506731	139.934031	7	0.299	-0.246	9.612	2.967
1428383066076	37.506730	139.934034	7	0.310	-0.261	9.565	2.895
1428383066177	37.506730	139.934037	7	0.344	-0.276	9.553	2.826
1428383066277	37.506729	139.934040	7	0.425	-0.279	9.613	2.759
1428383066378	37.506729	139.934043	6	0.480	-0.228	9.651	2.727
1428383066479	37.506729	139.934046	6	0.481	-0.151	9.611	2.701
1428383066579	37.506729	139.934049	6	0.431	-0.102	9.584	2.675
1428383066675	37.506729	139.934052	6	0.408	-0.046	9.547	2.651
1428383066776	37.506729	139.934055	6	0.426	-0.001	9.589	2.626
1428383066877	37.506728	139.934058	6	0.452	0.050	9.625	2.600
1428383066977	37.506728	139.934061	6	0.450	0.151	9.610	2.576
1428383067078	37.506728	139.934064	6	0.484	0.265	9.556	2.551
1428383067179	37.506728	139.934067	6	0.474	0.384	9.512	2.527
1428383067279	37.506728	139.934070	6	0.455	0.443	9.559	2.503
1428383067375	37.506727	139.934072	6	0.448	0.483	9.588	2.500
1428383067476	37.506727	139.934075	6	0.493	0.523	9.534	2.500
1428383067576	37.506726	139.934078	6	0.562	0.555	9.626	2.500
1428383067677	37.506725	139.934081	6	0.626	0.608	9.700	2.500
1428383067778	37.506725	139.934084	6	0.712	0.707	9.657	2.500
1428383067879	37.506724	139.934087	6	0.825	0.815	9.614	2.500
1428383067979	37.506723	139.934090	6	0.929	0.888	9.571	2.500
1428383068075	37.506723	139.934093	6	0.935	0.922	9.582	2.500
1428383078171	37.506196	139.934055	17	0.848	0.965	9.546	6.686
1428383078176	37.506196	139.934055	17	0.838	0.959	9.544	6.679
1428383078277	37.506192	139.934056	17	0.579	0.480	9.609	6.520
1428383078377	37.506185	139.934055	12	0.417	0.114	9.632	6.500
1428383078478	37.506177	139.934054	12	0.287	-0.050	9.551	6.500
1428383078579	37.506170	139.934053	12	0.248	-0.063	9.578	6.500
1428383078675	37.506163	139.934052	12	0.187	-0.036	9.582	6.500
1428383078775	37.506156	139.934051	12	0.222	-0.007	9.743	6.500
1428383078876	37.506148	139.934050	12	0.194	0.070	9.521	6.500
1428383078977	37.506141	139.934048	12	0.345	0.013	9.633	6.500
1428383079077	37.506134	139.934047	12	0.424	-0.063	9.749	6.500
1428383079178	37.506126	139.934046	12	0.229	0.019	9.344	6.500
1428383079279	37.506119	139.934045	12	0.194	-0.017	9.489	6.500
1428383079379	37.506111	139.934043	10	0.233	-0.062	9.735	6.563
1428383079475	37.506103	139.934041	10	0.139	-0.134	9.589	6.633
1428383079576	37.506094	139.934038	10	0.209	-0.129	9.652	6.706
1428383079677	37.506086	139.934036	10	0.320	-0.115	9.667	6.781
1428383079777	37.506077	139.934034	10	0.239	-0.184	9.568	6.855
1428383079878	37.506069	139.934031	10	0.106	-0.171	9.697	6.931
1428383079979	37.506060	139.934029	10	0.076	-0.115	9.696	7.008
1428383080079	37.506051	139.934026	10	0.114	-0.093	9.485	7.085
1428383080175	37.506042	139.934024	10	0.141	-0.182	9.530	7.160
1428383080276	37.506033	139.934021	10	0.207	-0.273	9.768	7.239
1428383080376	37.506026	139.934019	10	0.242	-0.237	9.723	7.271
1428383080477	37.506019	139.934017	10	0.242	-0.204	9.468	7.296
1428383080578	37.506012	139.934015	10	0.275	-0.204	9.404	7.321
1428383080679	37.506005	139.934013	10	0.246	-0.369	9.788	7.346
1428383080779	37.505998	139.934011	10	0.234	-0.286	9.893	7.371
1428383080875	37.505991	139.934009	10	0.242	-0.305	9.711	7.395
1428383080976	37.505984	139.934007	10	0.222	-0.259	9.452	7.421
1428383081076	37.505977	139.934005	10	0.164	-0.317	9.555	7.446
1428383081177	37.505970	139.934003	10	0.155	-0.251	9.451	7.471
1428383081278	37.505963	139.934001	10	0.155	-0.216	9.499	7.497
1428383081379	37.505958	139.934002	14	0.130	-0.171	9.484	7.380
1428383081479	37.505954	139.934002	14	0.116	-0.224	9.607	7.246
1428383081575	37.505951	139.934003	14	0.074	-0.312	9.660	7.121
1428383081676	37.505947	139.934004	14	0.079	-0.205	9.500	6.991
1428383081776	37.505943	139.934005	14	0.096	-0.232	9.480	6.864
1428383081877	37.505939	139.934005	14	0.125	-0.288	9.546	6.739
1428383081978	37.505936	139.934006	14	0.123	-0.222	9.530	6.616
1428383082078	37.505932	139.934007	14	0.112	-0.231	9.526	6.496
1428383082179	37.505929	139.934007	14	0.078	-0.230	9.618	6.378
1428383082275	37.505926	139.934008	14	0.075	-0.219	9.563	6.267
1428383082376	37.505923	139.934012	16	0.092	-0.255	9.628	6.105
1428383082476	37.505922	139.934016	16	0.063	-0.253	9.631	5.940
1428383082577	37.505920	139.934021	16	-0.005	-0.222	9.403	5.778
1428383082678	37.505918	139.934025	16	0.044	-0.233	9.574	5.619
1428383082778	37.505917	139.934029	16	0.136	-0.238	9.725	5.467
1428383082879	37.505915	139.934033	16	0.126	-0.210	9.588	5.317
1428383082975	37.505914	139.934037	16	0.103	-0.231	9.509	5.178
1428383083075	37.505912	139.934040	16	0.116	-0.230	9.612	5.038
1428383083176	37.505911	139.934044	16	0.154	-0.226	9.727	4.900
1428383083277	37.505909	139.934048	16	0.128	-0.190	9.479	4.767
1428383083378	37.505905	139.934047	16	0.059	-0.179	9.450	4.771
1428383083478	37.505900	139.934046	16	0.035	-0.220	9.653	4.796
1428383083579	37.505895	139.934044	16	0.037	-0.221	9.660	4.821
1428383083675	37.505890	139.934043	16	0.152	-0.238	9.705	4.845
1428383083775	37.505886	139.934042	16	0.154	-0.217	9.622	4.870
1428383083876	37.505881	139.934040	16	0.238	-0.250	9.716	4.895
1428383083977	37.505876	139.934039	16	0.281	-0.268	9.719	4.920
1428383084077	37.505871	139.934038	16	0.221	-0.212	9.596	4.946
1428383084178	37.505866	139.934036	16	0.176	-0.151	9.550	4.971
1428383084279	37.505861	139.934035	16	0.111	-0.130	9.622	4.997
1428383084375	37.505857	139.934035	12	0.061	-0.166	9.623	4.978
1428383084475	37.505853	139.934035	12	0.092	-0.147	9.628	4.953
1428383084576	37.505849	139.934036	12	0.144	-0.125	9.620	4.927
1428383084677	37.505845	139.934036	12	0.152	-0.080	9.580	4.902
1428383084777	37.505841	139.934036	12	0.172	-0.081	9.564	4.877
1428383084878	37.505837	139.934036	12	0.157	-0.090	9.533	4.851
1428383084979	37.505833	139.934036	12	0.131	-0.104	9.612	4.826
1428383085080	37.505829	139.934037	12	0.154	-0.093	9.662	4.801
1428383085175	37.505825	139.934037	12	0.138	-0.062	9.566	4.778
1428383085276	37.505822	139.934037	12	0.164	-0.082	9.562	4.753
1428383085377	37.505818	139.934038	13	0.141	-0.118	9.644	4.704
1428383085477	37.505816	139.934038	13	0.085	-0.078	9.523	4.652
1428383085578	37.505813	139.934039	13	0.056	-0.069	9.530	4.600
1428383085679	37.505810	139.934039	13	0.038	-0.024	9.465	4.549
1428383085779	37.505807	139.934040	13	-0.039	0.073	9.207	4.499
1428383085875	37.505804	139.934041	13	0.021	0.059	9.309	4.451
1428383085976	37.505801	139.934041	13	0.265	-0.245	10.086	4.401
1428383086077	37.505799	139.934042	13	0.670	-0.477	10.557	4.352
1428383086177	37.505796	139.934042	13	0.767	-0.163	9.698	4.304
1428383086278	37.505793	139.934043	13	0.668	0.039	9.060	4.256
1428383086379	37.505787	139.934041	14	0.537	-0.017	9.390	4.292
1428383086479	37.505781	139.934039	14	0.273	-0.060	9.694	4.340
1428383086575	37.505774	139.934036	14	-0.046	-0.008	9.556	4.387
1428383086676	37.505767	139.934034	14	-0.244	0.048	9.250	4.436
1428383086776	37.505760	139.934032	14	-0.251	0.137	9.438	4.486
1428383086877	37.505753	139.934029	14	-0.025	0.153	9.738	4.537
1428383086978	37.505746	139.934027	14	0.419	0.074	9.933	4.588
1428383087079	37.505739	139.934024	14	0.634	-0.088	9.628	4.640
1428383087179	37.505732	139.934022	14	0.551	-0.104	9.425	4.692
1428383087275	37.505725	139.934019	14	0.440	-0.009	9.450	4.742
1428383087376	37.505720	139.934018	14	0.314	0.061	9.552	4.705
1428383087476	37.505716	139.934018	14	0.123	0.023	9.553	4.653
1428383087577	37.505712	139.934017	14	-0.018	-0.006	9.544	4.601
1428383087678	37.505708	139.934016	14	-0.040	0.000	9.609	4.549
1428383087778	37.505703	139.934015	14	0.051	0.041	9.549	4.499
1428383087879	37.505699	139.934015	14	0.142	0.043	9.563	4.449
1428383087975	37.505695	139.934014	14	0.189	-0.005	9.634	4.402
1428383088076	37.505691	139.934013	14	0.262	-0.035	9.635	4.352
1428383088176	37.505687	139.934013	14	0.320	-0.021	9.536	4.304
1428383088277	37.505684	139.934012	14	0.386	-0.016	9.621	4.256
1428383088378	37.505680	139.934013	8	0.391	0.043	9.683	4.227
1428383088478	37.505677	139.934013	8	0.282	0.105	9.628	4.202
1428383088579	37.505674	139.934014	8	0.167	0.120	9.588	4.176
1428383088675	37.505671	139.934015	8	0.143	0.104	9.583	4.152
1428383088776	37.505668	139.934015	8	0.167	0.132	9.528	4.127
1428383088876	37.505665	139.934016	8	0.195	0.125	9.635	4.102
1428383088977	37.505662	139.934017	8	0.246	0.103	9.680	4.077
1428383089078	37.505658	139.934018	8	0.248	0.150	9.553	4.052
1428383089178	37.505655	139.934018	8	0.228	0.147	9.532	4.027
1428383089279	37.505652	139.934019	8	0.237	0.142	9.680	4.003
1428383089375	37.505649	139.934018	7	0.208	0.142	9.694	4.000
1428383089475	37.505646	139.934018	7	0.185	0.259	9.589	4.000
1428383089576	37.505642	139.934017	7	0.209	0.330	9.518	4.000
1428383089677	37.505639	139.934016	7	0.229	0.368	9.563	4.000
1428383089778	37.505635	139.934016	7	0.204	0.367	9.644	4.000
1428383089878	37.505632	139.934015	7	0.208	0.440	9.586	4.000
1428383089979	37.505629	139.934014	7	0.180	0.485	9.577	4.000
1428383090075	37.505625	139.934013	7	0.159	0.495	9.659	4.000
1428383093171	37.505485	139.933989	6	0.137	0.554	9.644	4.779
1428383093176	37.505485	139.933989	6	0.135	0.558	9.641	4.778
1428383093277	37.505481	139.933988	6	0.066	0.395	9.467	4.753
1428383093378	37.505476	139.933987	5	-0.032	0.067	9.901	4.750
1428383093479	37.505472	139.933986	5	-0.143	-0.035	9.861	4.750
1428383093579	37.505468	139.933985	5	-0.180	0.093	9.309	4.750
1428383093675	37.505464	139.933984	5	-0.154	0.100	9.366	4.750
1428383093776	37.505460	139.933983	5	-0.331	-0.062	9.871	4.750
1428383093876	37.505456	139.933982	5	-0.689	-0.218	10.251	4.750
1428383093977	37.505452	139.933980	5	-0.919	-0.158	9.547	4.750
1428383094078	37.505448	139.933979	5	-0.852	-0.030	9.125	4.750
1428383094179	37.505444	139.933978	5	-0.848	-0.065	9.577	4.750
1428383094279	37.505439	139.933977	5	-0.945	-0.157	10.042	4.750
1428383094375	37.505436	139.933977	5	-1.109	-0.243	9.754	4.728
1428383094476	37.505432	139.933976	5	-1.321	-0.188	9.315	4.702
1428383094576	37.505428	139.933976	5	-1.422	-0.058	9.247	4.677
1428383094677	37.505424	139.933975	5	-1.299	-0.060	9.847	4.652
1428383094778	37.505420	139.933975	5	-1.242	-0.024	9.754	4.626
1428383094878	37.505416	139.933975	5	-1.232	0.030	9.168	4.601
1428383094979	37.505412	139.933974	5	-1.149	-0.031	9.206	4.576
1428383095075	37.505408	139.933974	5	-0.961	-0.046	9.807	4.553
1428383095176	37.505404	139.933973	5	-0.926	0.077	9.959	4.528
1428383095276	37.505401	139.933973	5	-1.130	0.128	9.608	4.503
1428383095377	37.505397	139.933974	4	-1.397	0.043	9.449	4.500
1428383095478	37.505393	139.933974	4	-1.519	-0.130	9.754	4.500
1428383095578	37.505389	139.933975	4	-1.463	-0.051	9.738	4.500
1428383095679	37.505385	139.933976	4	-1.341	0.108	9.334	4.500
1428383095775	37.505381	139.933976	4	-1.168	0.125	9.477	4.500
1428383095875	37.505377	139.933977	4	-1.149	0.169	9.562	4.500
1428383095976	37.505373	139.933978	4	-1.258	0.180	9.648	4.500
1428383096077	37.505369	139.933979	4	-1.154	0.334	9.555	4.500
1428383096178	37.505365	139.933979	4	-0.873	0.362	9.399	4.500
1428383096278	37.505361	139.933980	4	-0.702	0.383	9.555	4.500
1428383096379	37.505358	139.933982	4	-0.663	0.376	9.715	4.500
1428383096475	37.505355	139.933984	4	-0.741	0.375	9.701	4.500
1428383096575	37.505351	139.933986	4	-0.774	0.447	9.368	4.500
1428383096676	37.505348	139.933988	4	-0.699	0.509	9.231	4.500
1428383096777	37.505344	139.933990	4	-0.284	0.369	9.980	4.500
1428383096877	37.505341	139.933992	4	-0.145	0.459	9.700	4.500
1428383096978	37.505338	139.933994	4	-0.000	0.555	9.598	4.500
1428383097079	37.505334	139.933997	4	0.045	0.637	9.369	4.500
1428383097175	37.505331	139.933999	4	-0.043	0.601	9.620	4.500
1428383104174	37.505038	139.934307	4	-0.034	0.577	9.600	6.779
1428383104179	37.505037	139.934307	4	-0.021	0.554	9.579	6.777
1428383104279	37.505033	139.934312	4	0.185	0.253	9.508	6.753
1428383104375	37.505028	139.934316	4	0.232	0.107	9.636	6.728
1428383104476	37.505024	139.934320	4	0.246	0.103	9.528	6.703
1428383104577	37.505020	139.934325	4	0.272	0.089	9.508	6.677
1428383104677	37.505016	139.934329	4	0.308	0.009	9.679	6.652
1428383104778	37.505012	139.934333	4	0.280	-0.037	9.606	6.627
1428383104879	37.505008	139.934338	4	0.345	0.035	9.365	6.602
1428383104979	37.505004	139.934342	4	0.384	0.067	9.399	6.577
1428383105075	37.505000	139.934346	4	0.421	-0.022	9.654	6.553
1428383105176	37.504996	139.934350	4	0.400	-0.028	9.645	6.528
1428383105276	37.504992	139.934354	4	0.361	-0.002	9.600	6.503
1428383105377	37.504987	139.934359	4	0.348	0.008	9.626	6.478
1428383105478	37.504981	139.934363	4	0.319	-0.003	9.489	6.452
1428383105579	37.504976	139.934367	4	0.261	-0.011	9.611	6.427
1428383105679	37.504971	139.934371	4	0.259	0.009	9.771	6.402
1428383105775	37.504967	139.934375	4	0.276	0.081	9.487	6.378
1428383105876	37.504961	139.934379	4	0.276	0.068	9.596	6.352
1428383105976	37.504956	139.934383	4	0.267	0.006	9.674	6.327
1428383106077	37.504951	139.934387	4	0.244	-0.018	9.620	6.302
1428383106178	37.504947	139.934391	4	0.187	-0.016	9.756	6.278
1428383106279	37.504942	139.934395	4	0.223	0.057	9.594	6.253
1428383106379	37.504937	139.934399	4	0.273	0.145	9.213	6.250
1428383106475	37.504933	139.934403	4	0.276	0.034	9.658	6.250
1428383106576	37.504929	139.934407	4	0.208	-0.123	10.132	6.250
1428383106676	37.504924	139.934412	4	0.169	-0.052	9.908	6.250
1428383106777	37.504920	139.934416	4	0.173	0.147	9.337	6.250
1428383106878	37.504916	139.934420	4	0.215	0.126	9.342	6.250
1428383106979	37.504911	139.934425	4	0.277	0.033	9.536	6.250
1428383107079	37.504907	139.934429	4	0.313	0.010	9.942	6.250
1428383107175	37.504903	139.934433	4	0.323	0.192	9.794	6.250
1428383107276	37.504899	139.934437	4	0.229	0.336	9.326	6.250
1428383107376	37.504894	139.934442	4	0.236	0.114	9.443	6.228
1428383107477	37.504890	139.934446	4	0.283	-0.009	9.822	6.202
1428383107578	37.504885	139.934450	4	0.257	0.088	9.632	6.177
1428383107678	37.504881	139.934454	4	0.250	0.265	9.345	6.152
1428383107779	37.504876	139.934458	4	0.241	0.273	9.479	6.126
1428383107875	37.504872	139.934462	4	0.284	0.135	9.604	6.103
1428383107976	37.504868	139.934466	4	0.266	0.151	9.492	6.077
1428383108076	37.504863	139.934470	4	0.230	0.158	9.715	6.053
1428383108177	37.504859	139.934474	4	0.203	0.160	9.739	6.028
1428383108278	37.504855	139.934479	4	0.089	0.141	9.386	6.003
1428383108378	37.504850	139.934482	4	0.088	0.089	9.534	6.000
1428383108479	37.504845	139.934486	4	0.098	0.117	9.673	6.000
1428383108575	37.504841	139.934490	4	0.104	0.148	9.558	6.000
1428383108675	37.504836	139.934494	4	0.112	0.204	9.524	6.000
1428383108776	37.504832	139.934497	4	0.118	0.186	9.656	6.000
1428383108877	37.504827	139.934501	4	0.109	0.132	9.644	6.000
1428383108978	37.504822	139.934505	4	0.106	0.203	9.454	6.000
1428383109078	37.504818	139.934509	4	0.086	0.205	9.547	6.000
1428383109179	37.504813	139.934513	4	0.128	0.134	9.699	6.000
1428383109275	37.504809	139.934516	4	0.183	0.145	9.610	6.000
1428383109375	37.504804	139.934521	4	0.172	0.152	9.536	5.978
1428383109476	37.504800	139.934525	4	0.157	0.168	9.674	5.953
1428383109577	37.504795	139.934529	4	0.185	0.152	9.565	5.927
1428383109677	37.504791	139.934533	4	0.177	0.192	9.440	5.902
1428383109778	37.504787	139.934537	4	0.144	0.192	9.575	5.877
1428383109879	37.504782	139.934541	4	0.103	0.161	9.667	5.851
1428383109975	37.504778	139.934545	4	0.116	0.165	9.572	5.828
1428383110075	37.504774	139.934549	4	0.111	0.227	9.435	5.803
1428383110176	37.504770	139.934553	4	0.185	0.180	9.630	5.778
1428383110277	37.504766	139.934557	4	0.180	0.130	9.696	5.753
1428383110377	37.504762	139.934562	3	0.141	0.187	9.547	5.750
1428383110478	37.504758	139.934566	3	0.104	0.235	9.514	5.750
1428383110579	37.504754	139.934570	3	0.106	0.231	9.663	5.750
1428383110675	37.504750	139.934574	3	0.103	0.203	9.642	5.750
1428383110775	37.504746	139.934578	3	0.138	0.262	9.472	5.750
1428383110876	37.504742	139.934582	3	0.195	0.283	9.583	5.750
1428383110977	37.504738	139.934586	3	0.179	0.245	9.704	5.750
1428383111077	37.504734	139.934590	3	0.140	0.239	9.656	5.750
1428383111178	37.504730	139.934594	3	0.086	0.233	9.678	5.750
1428383111279	37.504726	139.934599	3	0.093	0.348	9.467	5.750
1428383111379	37.504722	139.934603	4	0.116	0.329	9.497	5.772
1428383111475	37.504718	139.934607	4	0.144	0.264	9.657	5.795
1428383111576	37.504714	139.934611	4	0.167	0.314	9.593	5.820
1428383111677	37.504710	139.934616	4	0.211	0.303	9.614	5.845
1428383111777	37.504705	139.934620	4	0.188	0.323	9.569	5.870
1428383111878	37.504701	139.934625	4	0.149	0.314	9.468	5.896
1428383111979	37.504697	139.934629	4	0.158	0.242	9.584	5.921
1428383112079	37.504692	139.934634	4	0.179	0.278	9.616	5.946
1428383112175	37.504688	139.934638	4	0.194	0.288	9.522	5.971
1428383112276	37.504684	139.934642	4	0.235	0.304	9.563	5.996
1428383112377	37.504679	139.934646	5	0.237	0.269	9.613	6.000
1428383112477	37.504675	139.934650	5	0.219	0.275	9.441	6.000
1428383112578	37.504670	139.934654	5	0.204	0.238	9.702	6.000
1428383112679	37.504665	139.934658	5	0.161	0.187	9.877	6.000
1428383112779	37.504661	139.934662	5	0.151	0.244	9.580	6.000
1428383112875	37.504657	139.934666	5	0.184	0.312	9.391	6.000
1428383112976	37.504652	139.934670	5	0.188	0.272	9.522	6.000
1428383113076	37.504648	139.934674	5	0.203	0.199	9.718	6.000
1428383113177	37.504643	139.934678	5	0.251	0.247	9.687	6.000
1428383113278	37.504639	139.934682	5	0.244	0.379	9.475	6.000
1428383113378	37.504634	139.934686	5	0.219	0.324	9.556	6.000
1428383113479	37.504630	139.934690	5	0.147	0.221	9.601	6.000
1428383113575	37.504626	139.934694	5	0.143	0.227	9.534	6.000
1428383113676	37.504622	139.934699	5	0.150	0.300	9.597	6.000
1428383113776	37.504618	139.934703	5	0.184	0.309	9.578	6.000
1428383113877	37.504614	139.934707	5	0.209	0.242	9.587	6.000
1428383113978	37.504610	139.934712	5	0.281	0.222	9.571	6.000
1428383114078	37.504606	139.934716	5	0.264	0.239	9.621	6.000
1428383114179	37.504602	139.934720	5	0.241	0.228	9.673	6.000
1428383114275	37.504598	139.934724	5	0.191	0.215	9.664	6.000
1428383114376	37.504594	139.934729	5	0.240	0.294	9.297	5.978
1428383114476	37.504591	139.934734	5	0.209	0.290	9.416	5.953
1428383114577	37.504587	139.934738	5	0.239	0.183	9.871	5.927
1428383114678	37.504584	139.934743	5	0.318	0.159	9.811	5.902
1428383114778	37.504580	139.934748	5	0.347	0.259	9.510	5.877
1428383114879	37.504577	139.934752	5	0.353	0.284	9.480	5.851
1428383114975	37.504574	139.934757	5	0.364	0.214	9.497	5.828
1428383115075	37.504570	139.934761	5	0.360	0.216	9.548	5.803
1428383115176	37.504567	139.934766	5	0.356	0.306	9.640	5.778
1428383115277	37.504563	139.934770	5	0.365	0.302	9.666	5.753
1428383115378	37.504558	139.934774	6	0.371	0.240	9.609	5.772
1428383115478	37.504553	139.934778	6	0.425	0.179	9.635	5.796
1428383115580	37.504547	139.934782	6	0.439	0.191	9.623	5.821
1428383115675	37.504542	139.934786	6	0.327	0.242	9.440	5.845
1428383115775	37.504537	139.934790	6	0.192	0.239	9.531	5.870
1428383115876	37.504531	139.934794	6	0.233	0.198	9.622	5.895
1428383115977	37.504525	139.934798	6	0.339	0.155	9.732	5.921
1428383116077	37.504520	139.934802	6	0.360	0.181	9.606	5.946
1428383116178	37.504514	139.934806	6	0.307	0.244	9.465	5.971
1428383116279	37.504509	139.934810	6	0.335	0.188	9.623	5.997
1428383116375	37.504503	139.934813	7	0.251	0.213	9.511	6.000
1428383116475	37.504497	139.934816	7	0.113	0.245	9.441	6.000
1428383116576	37.504492	139.934820	7	0.082	0.266	9.468	6.000
1428383116677	37.504486	139.934823	7	0.168	0.248	9.556	6.000
1428383116777	37.504480	139.934827	7	0.208	0.150	9.664	6.000
1428383116878	37.504474	139.934830	7	0.171	0.153	9.614	6.000
1428383116979	37.504469	139.934833	7	0.202	0.152	9.544	6.000
1428383117075	37.504463	139.934837	7	0.277	0.149	9.574	6.000
1428383117175	37.504458	139.934840	7	0.253	0.137	9.677	6.000
1428383117276	37.504452	139.934844	7	0.180	0.153	9.652	6.000
1428383117377	37.504447	139.934847	7	0.165	0.206	9.588	6.000
1428383117477	37.504442	139.934851	7	0.198	0.208	9.598	6.000
1428383117578	37.504437	139.934854	7	0.194	0.168	9.683	6.000
1428383117679	37.504432	139.934858	7	0.226	0.170	9.609	6.000
1428383117779	37.504427	139.934861	7	0.226	0.208	9.575	6.000
1428383117875	37.504422	139.934864	7	0.211	0.195	9.620	6.000
1428383117976	37.504417	139.934868	7	0.135	0.200	9.489	6.000
1428383118077	37.504412	139.934872	7	0.121	0.164	9.592	6.000
1428383118177	37.504408	139.934875	7	0.195	0.182	9.608	6.000
1428383118278	37.504403	139.934879	7	0.186	0.217	9.488	6.000
1428383118379	37.504398	139.934882	7	0.133	0.175	9.548	6.000
1428383118479	37.504393	139.934886	7	0.070	0.268	9.337	6.000
1428383118575	37.504389	139.934890	7	0.240	0.103	9.746	6.000
1428383118676	37.504385	139.934893	7	0.339	0.032	9.999	6.000
1428383118776	37.504380	139.934897	7	0.222	0.202	9.394	6.000
1428383118877	37.504376	139.934901	7	0.280	0.254	9.251	6.000
1428383118978	37.504371	139.934904	7	0.294	0.225	9.484	6.000
1428383119079	37.504366	139.934908	7	0.154	0.019	9.767	6.000
1428383119179	37.504362	139.934912	7	0.273	0.068	9.864	6.000
1428383119275	37.504358	139.934915	7	0.401	0.289	9.530	6.000
1428383119376	37.504353	139.934919	10	0.645	0.320	9.274	6.000
1428383119476	37.504349	139.934923	10	0.589	0.112	9.694	6.000
1428383119577	37.504344	139.934927	10	0.421	-0.007	9.957	6.000
1428383119678	37.504340	139.934931	10	0.250	0.222	9.440	6.000
1428383119779	37.504335	139.934935	10	0.195	0.367	9.342	6.000
1428383119879	37.504330	139.934938	10	0.214	0.149	9.783	6.000
1428383119975	37.504326	139.934942	10	0.195	0.050	9.580	6.000
1428383120076	37.504322	139.934946	10	0.284	0.115	9.487	6.000
1428383120176	37.504317	139.934950	10	0.321	0.189	9.734	6.000
1428383120277	37.504313	139.934954	10	0.271	0.188	9.565	6.000
1428383120378	37.504311	139.934959	11	0.198	0.136	9.424	5.978
1428383120478	37.504310	139.934965	11	0.200	0.172	9.579	5.952
1428383120579	37.504309	139.934971	11	0.271	0.172	9.653	5.927
1428383120675	37.504308	139.934977	11	0.305	0.142	9.624	5.902
1428383120776	37.504308	139.934982	11	0.335	0.137	9.773	5.877
1428383120876	37.504307	139.934988	11	0.361	0.173	9.571	5.852
1428383120977	37.504306	139.934994	11	0.258	0.263	9.308	5.827
1428383121078	37.504305	139.935000	11	0.196	0.217	9.537	5.802
1428383121178	37.504304	139.935006	11	0.299	0.049	10.157	5.777
1428383121279	37.504303	139.935011	11	0.221	0.037	10.043	5.753
1428383121375	37.504299	139.935016	11	0.161	0.275	9.278	5.750
1428383121475	37.504295	139.935021	11	0.176	0.291	9.295	5.750
1428383121576	37.504291	139.935026	11	0.159	0.131	9.701	5.750
1428383121677	37.504286	139.935031	11	0.154	0.179	9.569	5.750
1428383121778	37.504282	139.935036	11	0.065	0.284	9.546	5.750
1428383121878	37.504278	139.935041	11	0.146	0.405	9.503	5.750
1428383121979	37.504273	139.935046	11	0.118	0.269	9.321	5.750
1428383122075	37.504269	139.935051	11	0.021	0.143	9.426	5.750
1428383122175	37.504265	139.935056	11	-0.088	0.142	9.697	5.750
1428383122276	37.504261	139.935061	11	-0.110	0.176	9.597	5.750
1428383122377	37.504257	139.935067	8	-0.050	0.182	9.449	5.750
1428383122477	37.504254	139.935072	8	0.009	0.110	9.522	5.750
1428383122578	37.504251	139.935077	8	0.087	0.055	9.631	5.750
1428383122679	37.504248	139.935082	8	0.122	0.103	9.671	5.750
1428383122775	37.504245	139.935087	8	0.131	0.205	9.576	5.750
1428383122875	37.504242	139.935092	8	0.083	0.276	9.467	5.750
1428383122976	37.504239	139.935098	8	0.006	0.171	9.605	5.750
1428383123077	37.504236	139.935103	8	-0.005	0.141	9.745	5.750
1428383123178	37.504233	139.935108	8	-0.009	0.171	9.661	5.750
1428383123278	37.504230	139.935113	8	0.111	0.269	9.495	5.750
1428383123379	37.504226	139.935118	7	0.173	0.285	9.491	5.772
1428383123475	37.504223	139.935122	7	0.192	0.197	9.650	5.795
1428383123575	37.504218	139.935127	7	0.209	0.229	9.605	5.820
1428383123676	37.504214	139.935132	7	0.207	0.294	9.590	5.845
1428383123777	37.504210	139.935136	7	0.159	0.274	9.691	5.870
1428383123877	37.504206	139.935141	7	0.132	0.240	9.632	5.895
1428383123978	37.504202	139.935145	7	0.100	0.267	9.543	5.921
1428383124079	37.504198	139.935150	7	0.118	0.317	9.534	5.946
1428383124179	37.504194	139.935155	7	0.150	0.323	9.601	5.972
1428383124275	37.504190	139.935159	7	0.146	0.289	9.627	5.996
1428383124376	37.504185	139.935164	5	0.149	0.338	9.559	6.000
1428383124477	37.504181	139.935168	5	0.207	0.332	9.550	6.000
1428383124577	37.504177	139.935173	5	0.216	0.289	9.658	6.000
1428383124678	37.504173	139.935177	5	0.161	0.271	9.616	6.000
1428383124779	37.504168	139.935182	5	0.235	0.284	9.642	6.000
1428383124879	37.504164	139.935186	5	0.248	0.343	9.513	6.000
1428383124975	37.504160	139.935190	5	0.207	0.315	9.557	6.000
1428383125076	37.504156	139.935195	5	0.180	0.271	9.601	6.000
1428383125176	37.504152	139.935199	5	0.188	0.291	9.627	6.000
1428383125277	37.504148	139.935203	5	0.244	0.274	9.767	6.000
1428383125378	37.504141	139.935208	7	0.201	0.253	9.628	6.000
1428383125479	37.504135	139.935212	7	0.147	0.258	9.557	6.000
1428383125579	37.504129	139.935216	7	0.169	0.270	9.637	6.000
1428383125675	37.504123	139.935221	7	0.178	0.251	9.760	6.000
1428383125776	37.504116	139.935225	7	0.125	0.299	9.529	6.000
1428383125876	37.504110	139.935229	7	0.124	0.406	9.303	6.000
1428383125977	37.504104	139.935234	7	0.172	0.349	9.522	6.000
1428383126078	37.504097	139.935238	7	0.146	0.245	9.798	6.000
1428383126178	37.504091	139.935242	7	0.129	0.260	9.726	6.000
1428383126279	37.504085	139.935247	7	0.096	0.295	9.546	6.000
1428383126375	37.504081	139.935251	7	0.129	0.224	9.659	6.000
1428383126476	37.504077	139.935255	7	0.164	0.175	9.710	6.000
1428383126576	37.504073	139.935260	7	0.138	0.201	9.586	6.000
1428383126677	37.504069	139.935264	7	0.144	0.264	9.628	6.000
1428383126778	37.504064	139.935269	7	0.210	0.275	9.722	6.000
1428383126878	37.504060	139.935273	7	0.199	0.207	9.749	6.000
1428383126979	37.504056	139.935278	7	0.199	0.201	9.730	6.000
1428383127075	37.504053	139.935282	7	0.278	0.283	9.557	6.000
1428383127176	37.504049	139.935287	7	0.316	0.326	9.480	6.000
1428383127276	37.504045	139.935291	7	0.342	0.319	9.504	6.000
1428383127377	37.504041	139.935297	5	0.295	0.307	9.530	6.000
1428383127478	37.504038	139.935302	5	0.244	0.283	9.627	6.000
1428383127578	37.504035	139.935307	5	0.208	0.281	9.576	6.000
1428383127679	37.504032	139.935313	5	0.165	0.225	9.557	6.000
1428383127775	37.504028	139.935318	5	0.168	0.148	9.633	6.000
1428383127875	37.504025	139.935323	5	0.192	0.168	9.553	6.000
1428383127976	37.504022	139.935328	5	0.215	0.164	9.591	6.000
1428383128077	37.504019	139.935334	5	0.214	0.177	9.713	6.000
1428383128178	37.504016	139.935339	5	0.116	0.200	9.628	6.000
1428383128278	37.504012	139.935344	5	0.164	0.252	9.538	6.000
1428383128379	37.504009	139.935348	6	0.219	0.215	9.627	5.954
1428383128475	37.504005	139.935352	6	0.265	0.229	9.625	5.904
1428383128575	37.504001	139.935355	6	0.285	0.277	9.563	5.853
1428383128676	37.503997	139.935358	6	0.344	0.274	9.636	5.802
1428383128777	37.503994	139.935362	6	0.340	0.270	9.652	5.751
1428383128878	37.503990	139.935365	6	0.324	0.225	9.713	5.701
1428383128978	37.503986	139.935369	6	0.264	0.257	9.662	5.651
1428383129079	37.503983	139.935372	6	0.299	0.344	9.523	5.602
1428383129175	37.503979	139.935375	6	0.336	0.341	9.547	5.555
1428383132171	37.503853	139.935497	5	0.340	0.343	9.552	6.000
1428383132176	37.503853	139.935497	5	0.343	0.345	9.553	6.000
1428383132276	37.503849	139.935501	5	0.298	0.496	9.361	6.000
1428383132377	37.503844	139.935505	5	0.248	0.492	9.371	6.000
1428383132478	37.503839	139.935509	5	0.230	0.354	9.530	6.000
1428383132578	37.503834	139.935513	5	0.188	0.129	9.929	6.000
1428383132679	37.503830	139.935517	5	0.160	0.152	9.923	6.000
1428383132775	37.503825	139.935520	5	0.066	0.280	9.547	6.000
1428383132876	37.503820	139.935524	5	-0.053	0.279	9.398	6.000
1428383132976	37.503816	139.935528	5	-0.061	0.278	9.507	6.000
1428383133077	37.503811	139.935532	5	0.000	0.310	9.632	6.000
1428383137171	37.503608	139.935691	6	0.066	0.462	9.608	6.500
1428383137176	37.503608	139.935691	6	0.062	0.465	9.595	6.500
1428383137277	37.503604	139.935695	6	0.052	0.307	9.714	6.500
1428383137377	37.503598	139.935699	6	0.041	0.197	9.731	6.478
1428383137478	37.503593	139.935702	6	0.061	0.185	9.597	6.452
1428383137579	37.503587	139.935706	6	0.073	0.183	9.510	6.427
1428383137679	37.503582	139.935709	6	0.083	0.140	9.612	6.402
1428383137775	37.503577	139.935712	6	0.119	0.161	9.621	6.378
1428383137876	37.503572	139.935715	6	0.177	0.173	9.657	6.352
1428383137976	37.503566	139.935719	6	0.157	0.189	9.668	6.327
1428383138077	37.503561	139.935722	6	0.105	0.237	9.536	6.302
1428383138178	37.503556	139.935725	6	0.065	0.191	9.539	6.278
1428383138279	37.503551	139.935729	6	0.045	0.183	9.614	6.253
1428383138379	37.503545	139.935731	5	0.030	0.204	9.561	6.227
1428383138475	37.503540	139.935733	5	0.031	0.203	9.566	6.203
1428383138576	37.503535	139.935735	5	0.034	0.148	9.738	6.177
1428383138676	37.503530	139.935738	5	0.028	0.123	9.683	6.152
1428383138777	37.503524	139.935740	5	0.036	0.189	9.483	6.127
1428383138878	37.503519	139.935742	5	-0.041	0.275	9.335	6.102
1428383138978	37.503514	139.935744	5	-0.042	0.199	9.542	6.077
1428383139079	37.503509	139.935746	5	-0.075	0.111	9.752	6.052
1428383139175	37.503504	139.935749	5	-0.148	0.144	9.680	6.028
1428383139276	37.503499	139.935751	5	-0.029	0.309	9.270	6.003
1428383139376	37.503494	139.935754	5	0.054	0.276	9.231	5.955
1428383139477	37.503489	139.935758	5	0.078	0.106	9.613	5.903
1428383139578	37.503484	139.935761	5	-0.008	0.092	9.751	5.852
1428383139678	37.503479	139.935765	5	-0.092	0.211	9.501	5.801
1428383139779	37.503474	139.935768	5	-0.146	0.213	9.495	5.750
1428383139875	37.503469	139.935772	5	-0.124	0.099	9.569	5.702
1428383139975	37.503465	139.935775	5	-0.028	0.022	9.614	5.653
1428383140076	37.503460	139.935779	5	0.100	0.133	9.648	5.603
1428383140177	37.503455	139.935782	5	0.183	0.235	9.580	5.554
1428383140278	37.503451	139.935786	5	0.167	0.212	9.547	5.506
1428383140378	37.503446	139.935789	5	0.104	0.166	9.646	5.542
1428383140479	37.503441	139.935793	5	0.088	0.182	9.649	5.591
1428383140575	37.503437	139.935796	5	0.134	0.228	9.549	5.638
1428383140675	37.503432	139.935800	5	0.189	0.231	9.506	5.687
1428383140776	37.503428	139.935804	5	0.196	0.142	9.646	5.738
1428383140877	37.503423	139.935807	5	0.166	0.099	9.736	5.788
1428383140978	37.503418	139.935811	5	0.157	0.131	9.654	5.839
1428383141078	37.503413	139.935815	5	0.150	0.171	9.625	5.890
1428383141179	37.503408	139.935819	5	0.144	0.130	9.611	5.942
1428383141275	37.503404	139.935822	5	0.182	0.177	9.516	5.992
1428383141375	37.503399	139.935826	5	0.157	0.151	9.661	6.000
1428383141476	37.503394	139.935830	5	0.170	0.167	9.736	6.000
1428383141577	37.503390	139.935834	5	0.120	0.215	9.553	6.000
1428383141678	37.503385	139.935837	5	0.137	0.231	9.422	6.000
1428383141778	37.503381	139.935841	5	0.149	0.193	9.570	6.000
1428383141879	37.503376	139.935845	5	0.113	0.139	9.707	6.000
1428383141975	37.503371	139.935848	5	0.112	0.199	9.569	6.000
1428383142075	37.503367	139.935852	5	0.129	0.278	9.431	6.000
1428383142176	37.503362	139.935856	5	0.172	0.282	9.472	6.000
1428383142277	37.503358	139.935860	5	0.188	0.177	9.604	6.000
1428383142377	37.503353	139.935863	7	0.218	0.174	9.629	6.000
1428383142478	37.503348	139.935867	7	0.202	0.240	9.612	6.000
1428383142579	37.503344	139.935871	7	0.139	0.247	9.648	6.000
1428383142679	37.503339	139.935875	7	0.117	0.232	9.621	6.000
1428383142775	37.503335	139.935878	7	0.135	0.204	9.582	6.000
1428383142876	37.503330	139.935882	7	0.192	0.247	9.619	6.000
1428383142977	37.503325	139.935886	7	0.189	0.240	9.672	6.000
1428383143077	37.503321	139.935890	7	0.302	0.282	9.561	6.000
1428383143178	37.503316	139.935894	7	0.243	0.345	9.415	6.000
1428383143279	37.503312	139.935898	7	0.160	0.252	9.638	6.000
1428383143379	37.503309	139.935902	10	0.139	0.225	9.712	5.820
1428383143475	37.503308	139.935907	10	0.193	0.268	9.576	5.631
1428383143576	37.503306	139.935911	10	0.232	0.259	9.612	5.438
1428383143677	37.503304	139.935916	10	0.267	0.235	9.628	5.252
1428383143777	37.503303	139.935920	10	0.284	0.230	9.511	5.073
1428383143878	37.503301	139.935924	10	0.199	0.215	9.584	4.899
1428383143979	37.503299	139.935928	10	0.139	0.262	9.589	4.730
1428383144079	37.503298	139.935932	10	0.133	0.232	9.604	4.570
1428383144175	37.503297	139.935936	10	0.085	0.188	9.713	4.421
1428383144276	37.503295	139.935940	10	0.166	0.172	9.691	4.270
1428383144376	37.503293	139.935943	10	0.108	0.239	9.379	4.310
1428383144477	37.503290	139.935947	10	0.153	0.219	9.533	4.381
1428383144578	37.503287	139.935951	10	0.157	0.183	9.640	4.454
1428383144679	37.503284	139.935955	10	0.169	0.153	9.583	4.527
1428383144779	37.503281	139.935959	10	0.186	0.177	9.586	4.602
1428383144875	37.503279	139.935963	10	0.131	0.175	9.514	4.674
1428383144976	37.503276	139.935967	10	0.079	0.081	9.554	4.751
1428383145076	37.503273	139.935972	10	0.064	0.038	9.717	4.829
1428383145177	37.503270	139.935976	10	0.119	0.131	9.625	4.909
1428383145278	37.503266	139.935980	10	0.208	0.252	9.247	4.990
1428383145379	37.503261	139.935984	9	0.247	0.192	9.373	5.063
1428383145479	37.503256	139.935987	9	0.243	0.093	9.665	5.134
1428383145575	37.503250	139.935990	9	0.198	0.105	9.655	5.203
1428383145676	37.503245	139.935993	9	0.090	0.113	9.622	5.277
1428383145776	37.503239	139.935996	9	0.003	0.041	9.827	5.351
1428383145877	37.503233	139.936000	9	0.033	0.065	9.593	5.428
1428383145978	37.503227	139.936003	9	0.037	0.050	9.394	5.505
1428383146078	37.503221	139.936007	9	0.151	0.118	9.590	5.582
1428383146179	37.503215	139.936010	9	0.231	0.180	9.618	5.662
1428383146275	37.503209	139.936013	9	0.192	0.181	9.564	5.738
1428383146375	37.503203	139.936017	10	0.103	0.215	9.525	5.728
1428383146476	37.503197	139.936021	10	0.082	0.185	9.576	5.703
1428383146577	37.503191	139.936024	10	0.019	0.048	9.761	5.677
1428383146678	37.503185	139.936028	10	0.018	0.059	9.653	5.652
1428383146778	37.503179	139.936031	10	0.105	0.091	9.473	5.627
1428383146879	37.503173	139.936035	10	0.198	0.054	9.627	5.601
1428383146975	37.503167	139.936038	10	0.253	0.038	9.700	5.578
1428383147075	37.503161	139.936042	10	0.228	0.036	9.530	5.553
1428383147176	37.503156	139.936045	10	0.224	0.078	9.521	5.528
1428383147277	37.503150	139.936049	10	0.234	0.060	9.685	5.503
1428383147378	37.503147	139.936053	10	0.169	-0.025	9.754	5.430
1428383147478	37.503146	139.936057	10	0.100	-0.022	9.717	5.351
1428383147579	37.503144	139.936061	10	0.113	0.007	9.606	5.272
1428383147675	37.503142	139.936064	10	0.109	0.038	9.467	5.198
1428383147775	37.503140	139.936068	10	0.116	0.000	9.551	5.123
1428383147876	37.503139	139.936072	10	0.128	-0.041	9.691	5.047
1428383147977	37.503137	139.936076	10	0.123	-0.004	9.671	4.973
1428383148077	37.503135	139.936079	10	0.115	0.046	9.644	4.901
1428383148178	37.503134	139.936083	10	0.077	0.053	9.527	4.829
1428383148279	37.503132	139.936087	10	0.088	0.063	9.473	4.758
1428383148375	37.503131	139.936089	9	0.151	0.072	9.397	4.728
1428383148475	37.503129	139.936092	9	0.149	0.048	9.525	4.703
1428383148576	37.503128	139.936094	9	0.180	0.024	9.622	4.677
1428383148677	37.503126	139.936096	9	0.180	-0.022	9.630	4.652
1428383148777	37.503125	139.936099	9	0.096	-0.049	9.672	4.627
1428383148878	37.503123	139.936101	9	0.063	-0.037	9.574	4.601
1428383148979	37.503122	139.936104	9	0.052	0.013	9.390	4.576
1428383149080	37.503120	139.936106	9	0.097	-0.009	9.376	4.551
1428383149175	37.503119	139.936108	9	0.104	-0.083	9.693	4.528
1428383149276	37.503117	139.936111	9	0.096	-0.094	9.797	4.503
1428383149377	37.503113	139.936114	9	0.109	-0.050	9.551	4.541
1428383149477	37.503108	139.936117	9	0.160	-0.008	9.513	4.589
1428383149578	37.503103	139.936120	9	0.185	-0.075	9.574	4.639
1428383149679	37.503098	139.936123	9	0.254	-0.055	9.441	4.688
1428383149779	37.503093	139.936126	9	0.156	-0.146	9.580	4.738
1428383149875	37.503088	139.936129	9	-0.022	-0.225	9.804	4.786
1428383149976	37.503083	139.936132	9	-0.095	-0.104	9.705	4.837
1428383150077	37.503078	139.936135	9	-0.091	-0.044	9.479	4.889
1428383150177	37.503073	139.936138	9	-0.058	-0.084	9.437	4.941
1428383150278	37.503068	139.936142	9	0.042	-0.127	9.624	4.994
1428383150379	37.503062	139.936144	9	0.140	-0.108	9.635	4.977
1428383150479	37.503057	139.936146	9	0.236	-0.081	9.568	4.952
1428383150575	37.503052	139.936148	9	0.282	-0.038	9.661	4.927
1428383150676	37.503046	139.936149	9	0.187	-0.025	9.714	4.902
1428383150776	37.503041	139.936151	9	0.051	-0.046	9.646	4.877
1428383150877	37.503036	139.936153	9	0.001	-0.018	9.471	4.852
1428383150978	37.503030	139.936155	9	0.017	-0.032	9.523	4.827
1428383151079	37.503025	139.936157	9	0.024	-0.007	9.627	4.802
1428383151179	37.503020	139.936159	9	0.026	0.055	9.501	4.777
1428383151275	37.503015	139.936161	9	0.034	0.031	9.543	4.754
1428383151376	37.503009	139.936163	9	-0.002	-0.047	9.784	4.728
1428383151476	37.503004	139.936165	9	-0.014	0.009	9.626	4.702
1428383151577	37.502998	139.936168	9	0.022	0.037	9.520	4.677
1428383151678	37.502993	139.936170	9	0.094	0.044	9.516	4.651
1428383151778	37.502987	139.936172	9	0.137	0.011	9.621	4.626
1428383151879	37.502982	139.936175	9	0.152	0.014	9.639	4.601
1428383151975	37.502977	139.936177	9	0.149	0.048	9.558	4.577
1428383152076	37.502971	139.936179	9	0.157	0.029	9.591	4.552
1428383152176	37.502966	139.936181	9	0.133	0.039	9.667	4.528
1428383152277	37.502961	139.936184	9	0.095	0.094	9.628	4.503
1428383152378	37.502957	139.936185	8	0.079	0.082	9.447	4.521
1428383152478	37.502954	139.936187	8	0.086	0.072	9.437	4.546
1428383152579	37.502952	139.936188	8	0.096	-0.001	9.666	4.571
1428383152675	37.502949	139.936189	8	0.074	-0.002	9.692	4.595
1428383152776	37.502946	139.936191	8	0.042	0.014	9.524	4.620
1428383152876	37.502943	139.936192	8	-0.003	0.003	9.475	4.645
1428383152977	37.502940	139.936194	8	-0.008	-0.034	9.565	4.670
1428383153078	37.502936	139.936195	8	-0.017	-0.127	9.662	4.696
1428383153178	37.502933	139.936196	8	-0.032	-0.191	9.587	4.721
1428383153279	37.502930	139.936198	8	-0.039	-0.213	9.478	4.747
1428383153375	37.502928	139.936201	8	0.024	-0.260	9.509	4.656
1428383153475	37.502926	139.936203	8	0.053	-0.276	9.572	4.547
1428383153576	37.502924	139.936206	8	-0.037	-0.273	9.618	4.440
1428383153677	37.502922	139.936209	8	-0.121	-0.315	9.515	4.335
1428383153777	37.502920	139.936212	8	-0.150	-0.382	9.567	4.234
1428383153878	37.502918	139.936215	8	-0.136	-0.441	9.635	4.133
1428383153979	37.502916	139.936217	8	-0.097	-0.463	9.659	4.036
1428383154075	37.502914	139.936220	8	-0.048	-0.409	9.520	3.945
1428383154175	37.502912	139.936222	8	-0.055	-0.377	9.453	3.853
1428383154276	37.502910	139.936225	8	-0.037	-0.419	9.604	3.762
1428383154377	37.502909	139.936226	6	-0.069	-0.466	9.652	3.590
1428383154477	37.502908	139.936227	6	-0.071	-0.454	9.582	3.412
1428383154578	37.502907	139.936228	6	-0.075	-0.442	9.583	3.241
1428383154679	37.502906	139.936229	6	-0.017	-0.477	9.579	3.077
1428383154775	37.502905	139.936230	6	-0.012	-0.527	9.632	2.929
1428383154875	37.502904	139.936231	6	-0.040	-0.516	9.526	2.781
1428383154976	37.502903	139.936232	6	-0.032	-0.509	9.533	2.640
1428383155077	37.502903	139.936232	6	-0.012	-0.529	9.622	2.507
1428383155177	37.502902	139.936233	6	0.006	-0.551	9.624	2.382
1428383155278	37.502901	139.936234	6	0.023	-0.582	9.589	2.264
1428383155379	37.502900	139.936235	6	0.021	-0.618	9.582	2.171
1428383155479	37.502899	139.936236	6	0.050	-0.639	9.590	2.085
1428383155575	37.502899	139.936236	6	0.067	-0.631	9.513	2.006
1428383155676	37.502898	139.936237	6	0.002	-0.666	9.566	1.925
1428383155777	37.502897	139.936238	6	-0.047	-0.674	9.652	1.847
1428383155877	37.502897	139.936238	6	0.005	-0.635	9.579	1.773
1428383155978	37.502896	139.936239	6	0.036	-0.645	9.547	1.702
1428383156079	37.502895	139.936240	6	0.015	-0.666	9.614	1.633
1428383156179	37.502895	139.936240	6	0.001	-0.663	9.595	1.568
1428383156275	37.502894	139.936241	6	0.032	-0.671	9.573	1.509
1428383156376	37.502894	139.936241	6	0.061	-0.678	9.615	1.416
1428383156477	37.502894	139.936240	6	0.032	-0.665	9.558	1.322
1428383156577	37.502894	139.936240	6	0.019	-0.639	9.545	1.234
1428383156678	37.502894	139.936240	6	0.050	-0.589	9.570	1.150
1428383156779	37.502893	139.936239	6	0.095	-0.512	9.619	1.071
1428383156879	37.502893	139.936239	6	0.093	-0.425	9.619	0.998
1428383156975	37.502893	139.936239	6	0.054	-0.355	9.569	0.932
1428383157076	37.502893	139.936238	6	0.029	-0.283	9.576	0.868
1428383157176	37.502893	139.936238	6	0.048	-0.214	9.581	0.810
1428383157277	37.502893	139.936238	6	0.072	-0.143	9.589	0.757
1428383157378	37.502893	139.936237	6	0.059	-0.082	9.576	0.724
1428383157479	37.502893	139.936236	6	0.045	-0.043	9.575	0.695
1428383157579	37.502892	139.936236	6	0.060	-0.016	9.588	0.667
1428383157675	37.502892	139.936235	6	0.083	0.000	9.592	0.642
1428383157776	37.502892	139.936234	6	0.088	0.009	9.584	0.616
1428383157876	37.502892	139.936234	6	0.080	0.025	9.546	0.591
1428383157977	37.502892	139.936233	6	0.081	0.046	9.557	0.567
1428383158078	37.502891	139.936232	6	0.098	0.064	9.575	0.545
1428383158178	37.502891	139.936232	6	0.096	0.092	9.567	0.523
1428383158279	37.502891	139.936231	6	0.081	0.102	9.572	0.502
1428383158375	37.502890	139.936232	5	0.069	0.106	9.595	0.472
1428383158476	37.502890	139.936233	5	0.074	0.105	9.577	0.441
1428383158576	37.502889	139.936234	5	0.079	0.118	9.584	0.411
1428383158677	37.502888	139.936235	5	0.084	0.119	9.572	0.383
1428383158778	37.502888	139.936236	5	0.080	0.119	9.590	0.357
1428383158878	37.502887	139.936236	5	0.077	0.116	9.587	0.333
1428383158979	37.502886	139.936237	5	0.079	0.109	9.585	0.310
1428383159075	37.502886	139.936238	5	0.077	0.117	9.588	0.290
1428383159175	37.502885	139.936238	5	0.070	0.122	9.589	0.270
1428383159276	37.502885	139.936239	5	0.068	0.111	9.593	0.252
1428383159377	37.502885	139.936240	5	0.079	0.109	9.566	0.208
1428383159478	37.502886	139.936241	5	0.084	0.113	9.575	0.165
1428383159578	37.502886	139.936242	5	0.083	0.113	9.600	0.127
1428383159679	37.502887	139.936243	5	0.067	0.129	9.598	0.093
1428383159775	37.502887	139.936243	5	0.067	0.147	9.574	0.066
1428383159875	37.502887	139.936244	5	0.072	0.177	9.596	0.043
1428383159976	37.502888	139.936244	5	0.072	0.210	9.585	0.025
1428383160077	37.502888	139.936245	5	0.071	0.269	9.588	0.011
1428383160178	37.502888	139.936245	5	0.078	0.342	9.588	0.003
1428383197173	37.502726	139.937034	11	-0.671	0.296	9.809	6.279
1428383197178	37.502726	139.937035	11	-0.662	0.293	9.815	6.278
1428383197278	37.502725	139.937042	11	-0.320	0.165	9.740	6.253
1428383197375	37.502724	139.937049	9	-0.096	0.084	9.575	6.183
1428383197475	37.502723	139.937056	9	0.049	0.026	9.564	6.104
1428383197575	37.502721	139.937063	9	0.103	0.010	9.593	6.026
1428383197676	37.502720	139.937070	9	0.087	0.030	9.539	5.949
1428383197777	37.502719	139.937077	9	0.150	0.019	9.615	5.873
1428383197878	37.502718	139.937083	9	0.143	0.025	9.550	5.797
1428383197978	37.502717	139.937090	9	0.128	0.020	9.531	5.724
1428383198079	37.502715	139.937097	9	0.165	0.006	9.584	5.650
1428383198175	37.502714	139.937103	9	0.206	-0.048	9.691	5.581
1428383198275	37.502713	139.937109	9	0.160	-0.170	9.706	5.511
1428383198376	37.502713	139.937117	8	0.121	-0.061	9.671	5.521
1428383198477	37.502712	139.937125	8	0.080	0.154	9.463	5.546
1428383198577	37.502712	139.937132	8	0.038	0.348	9.320	5.571
1428383198678	37.502711	139.937140	8	0.148	0.425	9.716	5.596
1428383198779	37.502711	139.937148	8	0.128	0.533	9.854	5.621
1428383198875	37.502711	139.937156	8	0.058	0.753	9.575	5.645
1428383198975	37.502710	139.937164	8	0.089	0.962	9.416	5.670
1428383199076	37.502710	139.937172	8	0.133	0.875	9.575	5.696
1428383203170	37.502687	139.937468	7	0.126	0.919	9.544	5.808
1428383203175	37.502687	139.937468	7	0.124	0.918	9.529	5.805
1428383203276	37.502687	139.937475	7	0.263	0.485	9.518	5.757
1428383203376	37.502688	139.937481	6	0.391	0.091	9.749	5.728
1428383203477	37.502689	139.937487	6	0.383	-0.047	9.758	5.702
1428383203578	37.502691	139.937492	6	0.401	-0.069	9.537	5.677
1428383203678	37.502692	139.937498	6	0.451	-0.095	9.575	5.652
1428383203779	37.502693	139.937504	6	0.408	-0.142	9.577	5.626
1428383203875	37.502694	139.937509	6	0.389	-0.180	9.433	5.602
1428383203975	37.502695	139.937515	6	0.433	-0.207	9.576	5.578
1428383204076	37.502696	139.937520	6	0.473	-0.180	9.655	5.553
1428383204177	37.502698	139.937526	6	0.485	-0.123	9.663	5.528
1428383204278	37.502699	139.937531	6	0.436	-0.151	9.570	5.503
1428383204378	37.502699	139.937537	5	0.407	-0.169	9.557	5.430
1428383204479	37.502699	139.937543	5	0.452	-0.157	9.579	5.350
1428383204575	37.502698	139.937548	5	0.514	-0.134	9.545	5.275
1428383204675	37.502698	139.937554	5	0.648	-0.124	9.533	5.198
1428383204776	37.502698	139.937560	5	0.843	-0.095	9.623	5.122
1428383204877	37.502698	139.937565	5	1.012	-0.054	9.582	5.046
1428383204978	37.502698	139.937571	5	1.096	-0.040	9.454	4.972
1428383205078	37.502697	139.937576	5	1.128	-0.094	9.597	4.900
1428383205179	37.502697	139.937581	5	1.212	-0.101	9.592	4.828
1428383205275	37.502697	139.937586	5	1.209	-0.138	9.620	4.760
1428383205375	37.502696	139.937591	6	1.233	-0.133	9.528	4.705
1428383205476	37.502694	139.937595	6	1.309	-0.157	9.539	4.653
1428383205577	37.502692	139.937600	6	1.431	-0.219	9.582	4.601
1428383205677	37.502691	139.937604	6	1.558	-0.224	9.583	4.550
1428383205778	37.502689	139.937608	6	1.651	-0.224	9.478	4.499
1428383205879	37.502687	139.937612	6	1.702	-0.208	9.485	4.449
1428383205980	37.502686	139.937616	6	1.677	-0.173	9.529	4.399
1428383206075	37.502684	139.937620	6	1.617	-0.154	9.417	4.353
1428383206176	37.502683	139.937624	6	1.762	-0.250	9.613	4.304
1428383206277	37.502681	139.937628	6	1.806	-0.347	9.642	4.256
1428383206377	37.502680	139.937633	6	1.821	-0.390	9.598	4.250
1428383206478	37.502679	139.937638	6	1.834	-0.346	9.500	4.250
1428383206579	37.502677	139.937643	6	1.740	-0.258	9.236	4.250
1428383206679	37.502676	139.937647	6	1.691	-0.291	9.419	4.250
1428383206775	37.502675	139.937652	6	1.698	-0.329	9.531	4.250
1428383206876	37.502673	139.937657	6	1.989	-0.190	8.910	4.250
1428383206976	37.502672	139.937661	6	1.882	-0.373	9.486	4.250
1428383207077	37.502671	139.937666	6	1.671	-0.603	10.195	4.250
1428383207178	37.502669	139.937671	6	1.412	-0.532	9.998	4.250
1428383207279	37.502668	139.937675	6	1.261	-0.265	9.292	4.250
1428383207379	37.502664	139.937677	8	0.892	-0.333	9.627	4.203
1428383207475	37.502659	139.937679	8	0.830	-0.528	10.218	4.153
1428383207576	37.502654	139.937680	8	0.945	-0.225	9.696	4.101
1428383207676	37.502649	139.937682	8	1.332	-0.031	9.081	4.050
1428383207777	37.502644	139.937683	8	1.806	0.022	9.309	3.999
1428383207878	37.502640	139.937684	8	2.128	0.105	9.886	3.948
1428383207979	37.502635	139.937686	8	2.067	0.359	9.775	3.899
1428383208079	37.502630	139.937687	8	1.830	0.332	9.508	3.850
1428383208175	37.502626	139.937688	8	1.710	0.323	9.609	3.804
1428383208276	37.502622	139.937690	8	1.716	0.482	9.673	3.757
1428383208376	37.502618	139.937692	8	1.885	0.402	9.940	3.750
1428383208477	37.502614	139.937694	8	2.103	0.027	9.686	3.750
1428383208578	37.502611	139.937697	8	2.125	-0.109	9.526	3.750
1428383208678	37.502607	139.937699	8	1.937	0.032	9.227	3.750
1428383208779	37.502603	139.937702	8	1.546	0.142	9.507	3.750
1428383208875	37.502600	139.937704	8	1.461	0.018	9.884	3.750
1428383208976	37.502596	139.937706	8	1.583	-0.179	9.681	3.750
1428383209076	37.502593	139.937709	8	1.809	-0.161	9.286	3.750
1428383209177	37.502589	139.937711	8	1.935	-0.119	9.392	3.750
1428383209278	37.502585	139.937714	8	1.874	-0.176	9.773	3.750
1428383209378	37.502582	139.937714	6	1.860	-0.288	9.744	3.727
1428383209479	37.502579	139.937713	6	1.878	-0.291	9.332	3.701
1428383209575	37.502576	139.937713	6	1.717	-0.241	9.309	3.677
1428383209676	37.502573	139.937712	6	1.317	-0.140	9.540	3.651
1428383209776	37.502570	139.937712	6	0.899	-0.127	9.524	3.626
1428383209877	37.502567	139.937711	6	0.579	-0.165	9.631	3.601
1428383209978	37.502564	139.937711	6	0.591	-0.124	9.642	3.576
1428383210078	37.502561	139.937710	6	0.535	0.002	9.282	3.552
1428383210179	37.502558	139.937710	6	0.425	0.051	9.427	3.527
1428383210275	37.502555	139.937709	6	0.474	-0.009	9.711	3.504
1428383210375	37.502552	139.937708	7	0.630	-0.008	9.639	3.500
1428383210476	37.502549	139.937706	7	0.688	0.011	9.485	3.500
1428383210577	37.502546	139.937704	7	0.668	0.139	9.479	3.500
1428383210678	37.502542	139.937703	7	0.627	0.174	9.616	3.500
1428383210778	37.502539	139.937701	7	0.473	0.201	9.698	3.500
1428383210879	37.502536	139.937700	7	0.308	0.248	9.477	3.500
1428383210975	37.502532	139.937698	7	0.296	0.228	9.607	3.500
1428383211075	37.502529	139.937696	7	0.247	0.357	9.457	3.500
1428383211176	37.502526	139.937695	7	0.211	0.381	9.376	3.500
1428383211277	37.502522	139.937693	7	0.282	0.265	9.779	3.500
1428383211377	37.502520	139.937692	7	0.297	0.276	9.800	3.478
1428383211478	37.502518	139.937691	7	0.407	0.289	9.684	3.452
1428383211579	37.502516	139.937689	7	0.381	0.364	9.527	3.426
1428383211675	37.502514	139.937688	7	0.337	0.333	9.600	3.402
1428383211775	37.502512	139.937687	7	0.254	0.342	9.657	3.376
1428383211876	37.502510	139.937686	7	0.149	0.413	9.557	3.351
1428383211977	37.502507	139.937685	7	0.121	0.421	9.397	3.326
1428383212077	37.502505	139.937683	7	0.084	0.460	9.405	3.302
1428383212178	37.502503	139.937682	7	0.129	0.449	9.668	3.277
1428383212279	37.502501	139.937681	7	0.130	0.397	9.799	3.253
1428383212375	37.502499	139.937680	6	0.068	0.359	9.627	3.228
1428383212475	37.502497	139.937679	6	0.038	0.395	9.543	3.202
1428383212576	37.502495	139.937679	6	0.018	0.391	9.526	3.176
1428383212677	37.502493	139.937678	6	-0.002	0.352	9.589	3.151
1428383212777	37.502491	139.937677	6	-0.037	0.310	9.562	3.126
1428383212878	37.502488	139.937676	6	-0.022	0.315	9.541	3.101
1428383212979	37.502486	139.937675	6	-0.056	0.343	9.547	3.076
1428383213079	37.502484	139.937675	6	-0.043	0.376	9.583	3.051
1428383213175	37.502482	139.937674	6	-0.062	0.348	9.531	3.028
1428383213276	37.502480	139.937673	6	-0.046	0.332	9.511	3.003
1428383213376	37.502477	139.937673	6	-0.056	0.333	9.547	3.000
1428383213477	37.502474	139.937672	6	-0.102	0.384	9.496	3.000
1428383213578	37.502471	139.937672	6	-0.098	0.321	9.564	3.000
1428383213679	37.502468	139.937671	6	-0.187	0.385	9.475	3.000
1428383213779	37.502465	139.937671	6	-0.223	0.413	9.547	3.000
1428383213875	37.502462	139.937670	6	-0.251	0.492	9.567	3.000
1428383213976	37.502459	139.937670	6	-0.182	0.489	9.647	3.000
1428383214076	37.502456	139.937669	6	-0.147	0.470	9.618	3.000
1428383218170	37.502310	139.937588	6	-0.088	0.464	9.568	5.044
1428383218175	37.502310	139.937588	6	-0.090	0.463	9.559	5.052
1428383218276	37.502303	139.937585	6	-0.169	0.306	9.510	5.226
1428383218377	37.502294	139.937583	12	-0.201	0.151	9.470	5.271
1428383218477	37.502284	139.937581	12	-0.231	0.048	9.594	5.296
1428383218578	37.502274	139.937579	12	-0.196	-0.007	9.595	5.321
1428383218679	37.502264	139.937577	12	-0.095	-0.002	9.503	5.346
1428383218780	37.502255	139.937575	12	-0.180	0.015	9.406	5.371
1428383218875	37.502245	139.937573	12	-0.216	-0.018	9.461	5.395
1428383218976	37.502235	139.937571	12	-0.167	-0.036	9.602	5.420
1428383219077	37.502225	139.937569	12	-0.123	-0.038	9.567	5.446
1428383219177	37.502215	139.937567	12	-0.050	-0.108	9.557	5.471
1428383219278	37.502205	139.937565	12	-0.049	-0.085	9.613	5.497
1428383219379	37.502199	139.937563	12	-0.004	-0.021	9.599	5.522
1428383219479	37.502194	139.937560	12	-0.100	-0.086	9.677	5.546
1428383219575	37.502189	139.937558	12	-0.344	-0.129	9.652	5.570
1428383219676	37.502184	139.937555	12	-0.368	-0.017	9.382	5.595
1428383219777	37.502179	139.937553	12	-0.221	0.060	9.365	5.620
1428383219877	37.502174	139.937550	12	-0.198	0.022	9.567	5.645
1428383219978	37.502168	139.937548	12	-0.165	-0.137	9.500	5.671
1428383220079	37.502163	139.937545	12	-0.043	-0.145	9.567	5.696
1428383220179	37.502158	139.937543	12	-0.135	-0.060	9.570	5.722
1428383220275	37.502153	139.937540	12	-0.207	-0.074	9.476	5.746
1428383220376	37.502147	139.937538	6	-0.244	-0.159	9.398	5.771
1428383220476	37.502142	139.937536	6	-0.249	-0.126	9.506	5.796
1428383220577	37.502136	139.937534	6	-0.141	-0.061	9.621	5.821
1428383220678	37.502131	139.937532	6	-0.060	-0.069	9.608	5.846
1428383220778	37.502125	139.937530	6	-0.072	-0.029	9.531	5.871
1428383220879	37.502120	139.937528	6	-0.078	-0.003	9.496	5.896
1428383220975	37.502115	139.937526	6	-0.055	0.024	9.579	5.920
1428383221076	37.502109	139.937524	6	-0.060	-0.024	9.638	5.946
1428383221176	37.502103	139.937521	6	-0.132	0.008	9.485	5.971
1428383221277	37.502098	139.937519	6	-0.157	0.050	9.566	5.997
1428383221378	37.502092	139.937516	5	-0.169	0.060	9.602	6.000
1428383221479	37.502087	139.937513	5	-0.213	0.031	9.454	6.000
1428383221579	37.502081	139.937510	5	-0.276	0.018	9.529	6.000
1428383221675	37.502076	139.937507	5	-0.284	0.046	9.642	6.000
1428383221776	37.502070	139.937504	5	-0.250	0.067	9.577	6.000
1428383221876	37.502065	139.937501	5	-0.296	0.139	9.302	6.000
1428383221977	37.502059	139.937498	5	-0.285	0.052	9.584	6.000
1428383222078	37.502054	139.937495	5	-0.092	0.079	9.731	6.000
1428383222178	37.502048	139.937491	5	-0.110	0.011	9.882	6.000
1428383222279	37.502043	139.937488	5	-0.139	0.040	9.518	6.000
1428383222375	37.502037	139.937485	5	-0.214	0.079	9.445	6.021
1428383222475	37.502031	139.937482	5	-0.214	0.012	9.583	6.045
1428383222576	37.502025	139.937479	5	-0.129	0.073	9.620	6.070
1428383222677	37.502019	139.937476	5	-0.158	0.032	9.452	6.096
1428383222777	37.502013	139.937473	5	-0.149	0.057	9.781	6.120
1428383222878	37.502007	139.937469	5	-0.122	0.002	9.676	6.146
1428383222979	37.502001	139.937466	5	-0.178	0.023	9.495	6.171
1428383223075	37.501995	139.937463	5	-0.219	-0.025	9.641	6.195
1428383223175	37.501989	139.937460	5	-0.200	-0.008	9.698	6.221
1428383223276	37.501983	139.937456	5	-0.193	-0.003	9.716	6.246
1428383223377	37.501977	139.937453	5	-0.250	-0.003	9.672	6.292
1428383223477	37.501972	139.937450	5	-0.238	-0.003	9.636	6.341
1428383223578	37.501967	139.937446	5	-0.106	0.085	9.277	6.390
1428383223679	37.501961	139.937443	5	-0.162	-0.033	9.615	6.440
1428383223775	37.501956	139.937439	5	-0.125	-0.101	9.693	6.488
1428383223875	37.501951	139.937436	5	-0.038	-0.037	9.595	6.538
1428383223976	37.501945	139.937432	5	-0.016	-0.049	9.546	6.589
1428383224077	37.501940	139.937429	5	-0.062	-0.050	9.487	6.640
1428383224177	37.501934	139.937425	5	-0.089	-0.146	9.665	6.692
1428383224278	37.501929	139.937421	5	-0.030	-0.027	9.640	6.744
1428383224379	37.501922	139.937419	5	-0.022	0.043	9.299	6.750
1428383224475	37.501917	139.937417	5	0.065	-0.042	9.554	6.750
1428383224575	37.501910	139.937414	5	0.081	-0.071	9.659	6.750
1428383224676	37.501904	139.937412	5	0.123	0.013	9.285	6.750
1428383224777	37.501898	139.937410	5	0.110	-0.382	10.360	6.750
1428383224877	37.501892	139.937408	5	-0.025	-0.555	10.681	6.750
1428383224978	37.501885	139.937405	5	-0.010	-0.080	9.200	6.750
1428383225079	37.501879	139.937403	5	-0.017	0.347	8.271	6.750
1428383225179	37.501873	139.937401	5	0.072	0.373	8.688	6.750
1428383225275	37.501867	139.937398	5	-0.074	-0.293	10.474	6.750
1428383225376	37.501861	139.937396	5	-0.050	-0.203	10.950	6.750
1428383225477	37.501856	139.937395	5	-0.118	0.107	9.772	6.750
1428383225577	37.501850	139.937393	5	-0.136	-0.079	9.089	6.750
1428383225678	37.501845	139.937391	5	-0.033	-0.092	9.633	6.750
1428383225779	37.501839	139.937389	5	-0.009	0.040	9.924	6.750
1428383225879	37.501834	139.937387	5	-0.170	0.509	9.881	6.750
1428383225976	37.501828	139.937386	5	-0.210	0.472	9.713	6.750
1428383226076	37.501823	139.937384	5	-0.175	0.432	9.354	6.750
1428383226177	37.501817	139.937382	5	-0.129	0.425	9.416	6.750
1428383226277	37.501812	139.937380	5	-0.127	0.336	9.871	6.750
1428383226378	37.501807	139.937376	5	-0.091	0.340	9.740	6.772
1428383226479	37.501802	139.937372	5	-0.130	0.378	9.538	6.797
1428383226579	37.501798	139.937368	5	-0.105	0.286	9.624	6.821
1428383226675	37.501793	139.937364	5	-0.066	0.292	9.545	6.845
1428383226776	37.501789	139.937359	5	0.006	0.334	9.450	6.870
1428383226876	37.501784	139.937355	5	-0.005	0.351	9.636	6.895
1428383226977	37.501780	139.937351	5	-0.000	0.300	9.671	6.921
1428383227078	37.501775	139.937346	5	-0.010	0.472	9.143	6.946
1428383227178	37.501770	139.937342	5	-0.096	0.341	9.199	6.972
1428383227279	37.501766	139.937337	5	-0.116	0.087	10.081	6.997
1428383227375	37.501760	139.937335	5	-0.139	0.010	10.290	7.021
1428383227476	37.501754	139.937332	5	-0.095	0.441	9.219	7.046
1428383227576	37.501748	139.937330	5	-0.076	0.470	9.093	7.071
1428383227677	37.501742	139.937327	5	-0.066	0.208	9.760	7.096
1428383227778	37.501736	139.937324	5	-0.019	0.355	9.999	7.121
1428383227878	37.501729	139.937322	5	-0.123	0.393	9.630	7.146
1428383227979	37.501723	139.937319	5	-0.137	0.201	9.516	7.171
1428383228075	37.501717	139.937317	5	-0.070	0.182	9.659	7.196
1428383228176	37.501711	139.937314	5	-0.028	0.272	9.612	7.221
1428383228276	37.501705	139.937311	5	-0.063	0.270	9.789	7.246
1428383228377	37.501699	139.937309	4	-0.021	0.283	9.614	7.250
1428383228478	37.501693	139.937307	4	-0.021	0.215	9.581	7.250
1428383228578	37.501687	139.937304	4	-0.093	0.222	9.487	7.250
1428383228679	37.501681	139.937302	4	-0.040	0.201	9.673	7.250
1428383228775	37.501676	139.937300	4	-0.028	0.209	9.647	7.250
1428383228875	37.501670	139.937298	4	-0.063	0.225	9.544	7.250
1428383228976	37.501664	139.937295	4	-0.041	0.246	9.638	7.250
1428383229077	37.501658	139.937293	4	-0.105	0.192	9.525	7.250
1428383229178	37.501652	139.937291	4	-0.158	0.248	9.443	7.250
1428383229279	37.501647	139.937288	4	-0.085	0.299	9.496	7.250
1428383229375	37.501641	139.937285	4	-0.028	0.254	9.574	7.250
1428383229475	37.501635	139.937282	4	0.002	0.226	9.694	7.250
1428383229575	37.501629	139.937279	4	-0.004	0.287	9.620	7.250
1428383229676	37.501623	139.937276	4	-0.001	0.351	9.498	7.250
1428383229777	37.501617	139.937272	4	-0.062	0.320	9.418	7.250
1428383229877	37.501611	139.937269	4	-0.073	0.331	9.613	7.250
1428383229978	37.501605	139.937266	4	-0.068	0.400	9.611	7.250
1428383230079	37.501599	139.937263	4	-0.044	0.425	9.433	7.250
1428383232174	37.501464	139.937202	5	-0.052	0.363	9.556	7.250
1428383232179	37.501464	139.937202	5	-0.048	0.361	9.566	7.250
1428383232279	37.501458	139.937199	5	0.041	0.291	9.514	7.250
1428383232375	37.501451	139.937197	5	-0.005	0.173	9.544	7.291
1428383232476	37.501444	139.937195	5	-0.017	0.119	9.621	7.340
1428383232576	37.501437	139.937193	5	0.018	-0.036	9.670	7.390
1428383232677	37.501430	139.937191	5	-0.117	-0.103	9.721	7.440
1428383232778	37.501422	139.937188	5	-0.380	-0.069	9.380	7.490
1428383232879	37.501415	139.937186	5	-0.304	-0.113	9.496	7.540
1428383232979	37.501408	139.937184	5	-0.208	-0.259	9.726	7.591
1428383233075	37.501401	139.937182	5	-0.114	-0.263	9.587	7.640
1428383233176	37.501393	139.937180	5	0.069	-0.082	9.577	7.691
1428383233276	37.501386	139.937177	5	-0.044	-0.079	9.526	7.743
1428383233377	37.501379	139.937175	5	-0.151	-0.143	9.690	7.728
1428383233478	37.501373	139.937172	5	-0.197	-0.126	9.796	7.702
1428383233579	37.501366	139.937169	5	-0.076	-0.139	9.641	7.677
1428383233679	37.501359	139.937167	5	-0.099	-0.129	9.297	7.652
1428383233775	37.501353	139.937164	5	-0.064	-0.158	9.554	7.628
1428383233876	37.501347	139.937162	5	-0.025	-0.184	9.871	7.603
1428383233976	37.501340	139.937159	5	-0.022	-0.135	9.656	7.578
1428383234077	37.501334	139.937156	5	-0.072	-0.050	9.250	7.553
1428383234178	37.501327	139.937154	5	-0.028	-0.114	9.594	7.528
1428383234279	37.501321	139.937151	5	-0.090	-0.130	9.649	7.503
1428383234379	37.501314	139.937148	5	-0.151	-0.060	9.381	7.405
1428383234475	37.501309	139.937144	5	-0.090	-0.019	9.405	7.304
1428383234576	37.501303	139.937140	5	-0.032	-0.025	9.679	7.199
1428383234676	37.501297	139.937136	5	-0.035	-0.115	9.595	7.097
1428383234777	37.501291	139.937133	5	-0.039	-0.047	9.560	6.995
1428383234878	37.501285	139.937129	5	-0.007	-0.008	9.600	6.895
1428383234978	37.501279	139.937126	5	0.052	-0.019	9.536	6.797
1428383235079	37.501274	139.937122	5	0.121	0.124	9.467	6.699
1428383235175	37.501268	139.937119	5	0.047	0.056	9.556	6.608
1428383235275	37.501263	139.937116	5	0.018	0.112	9.661	6.514
1428383235376	37.501258	139.937112	5	0.009	0.210	9.599	6.478
1428383235477	37.501252	139.937109	5	-0.042	0.204	9.424	6.453
1428383235578	37.501247	139.937106	5	-0.055	0.206	9.413	6.427
1428383235678	37.501242	139.937102	5	0.082	0.201	9.579	6.402
1428383235779	37.501237	139.937099	5	0.167	0.245	9.766	6.377
1428383235875	37.501232	139.937096	5	-0.070	0.254	9.421	6.353
1428383235975	37.501227	139.937093	5	-0.167	0.262	9.252	6.328
1428383236076	37.501222	139.937090	5	-0.124	0.130	9.658	6.303
1428383236177	37.501217	139.937087	5	-0.090	0.045	9.685	6.278
1428383236278	37.501212	139.937083	5	-0.073	0.040	9.473	6.253
1428383236378	37.501206	139.937081	5	0.036	0.096	9.556	6.228
1428383236479	37.501201	139.937079	5	0.031	0.027	9.692	6.202
1428383236575	37.501196	139.937077	5	-0.053	-0.045	9.512	6.178
1428383236675	37.501191	139.937074	5	-0.128	-0.105	9.525	6.153
1428383236776	37.501186	139.937072	5	-0.059	-0.035	9.583	6.127
1428383236877	37.501181	139.937070	5	-0.007	-0.008	9.543	6.102
1428383236977	37.501176	139.937068	5	0.013	-0.080	9.455	6.077
1428383237078	37.501171	139.937066	5	0.045	-0.155	9.658	6.052
1428383237179	37.501166	139.937063	5	-0.013	-0.090	9.569	6.027
1428383237275	37.501161	139.937061	5	-0.035	-0.166	9.710	6.004
1428383237375	37.501156	139.937059	3	-0.123	-0.094	9.422	5.978
1428383237476	37.501151	139.937057	3	-0.136	-0.184	9.483	5.953
1428383237577	37.501145	139.937055	3	-0.109	-0.220	9.706	5.927
1428383237677	37.501140	139.937052	3	-0.078	-0.193	9.608	5.902
1428383237778	37.501135	139.937050	3	-0.059	-0.184	9.491	5.877
1428383237879	37.501130	139.937048	3	-0.081	-0.181	9.542	5.851
1428383237979	37.501125	139.937046	3	-0.153	-0.200	9.612	5.827
1428383238075	37.501121	139.937044	3	-0.147	-0.228	9.647	5.803
1428383238176	37.501116	139.937041	3	-0.136	-0.197	9.596	5.778
1428383238277	37.501111	139.937039	3	-0.106	-0.168	9.449	5.753
1428383238377	37.501106	139.937037	4	-0.066	-0.177	9.505	5.705
1428383238478	37.501101	139.937035	4	0.006	-0.193	9.559	5.653
1428383238579	37.501096	139.937034	4	0.059	-0.238	9.636	5.601
1428383238679	37.501091	139.937032	4	0.045	-0.192	9.482	5.550
1428383238775	37.501087	139.937030	4	0.005	-0.195	9.536	5.502
1428383238876	37.501082	139.937028	4	-0.023	-0.314	9.957	5.451
1428383238976	37.501077	139.937026	4	-0.082	-0.173	9.349	5.402
1428383239077	37.501073	139.937025	4	-0.048	-0.191	9.396	5.353
1428383239178	37.501068	139.937023	4	-0.050	-0.345	9.633	5.304
1428383239279	37.501063	139.937021	4	-0.041	-0.386	9.738	5.255
1428383239379	37.501059	139.937019	4	0.008	-0.362	9.560	5.203
1428383239475	37.501055	139.937018	4	0.033	-0.395	9.447	5.154
1428383239576	37.501051	139.937016	4	0.036	-0.430	9.647	5.102
1428383239676	37.501047	139.937014	4	0.033	-0.541	9.694	5.051
1428383239777	37.501043	139.937012	4	0.039	-0.545	9.610	5.000
1428383239878	37.501039	139.937010	4	-0.032	-0.448	9.480	4.950
1428383239979	37.501035	139.937008	4	0.026	-0.457	9.529	4.900
1428383240079	37.501031	139.937007	4	0.091	-0.500	9.552	4.851
1428383240175	37.501027	139.937005	4	0.090	-0.521	9.570	4.805
1428383240276	37.501024	139.937003	4	0.078	-0.514	9.586	4.757
1428383240376	37.501019	139.937002	5	0.116	-0.504	9.600	4.680
1428383240477	37.501015	139.937000	5	0.113	-0.507	9.492	4.600
1428383240578	37.501011	139.936999	5	0.146	-0.616	9.588	4.521
1428383240678	37.501007	139.936998	5	0.190	-0.706	9.692	4.444
1428383240779	37.501003	139.936996	5	0.221	-0.724	9.517	4.367
1428383240875	37.500999	139.936995	5	0.235	-0.754	9.573	4.296
1428383240976	37.500995	139.936994	5	0.229	-0.798	9.618	4.222
1428383241076	37.500991	139.936993	5	0.316	-0.797	9.389	4.150
1428383241177	37.500987	139.936991	5	0.305	-0.935	9.609	4.078
1428383241278	37.500983	139.936990	5	0.235	-1.023	9.739	4.008
1428383241378	37.500981	139.936988	5	0.324	-1.038	9.595	3.928
1428383241479	37.500978	139.936986	5	0.296	-1.071	9.608	3.846
1428383241575	37.500975	139.936984	5	0.149	-1.017	9.435	3.770
1428383241675	37.500973	139.936983	5	0.097	-1.002	9.498	3.693
1428383241776	37.500970	139.936981	5	0.108	-1.097	9.594	3.616
1428383241877	37.500968	139.936979	5	0.254	-1.174	9.733	3.541
1428383241978	37.500965	139.936977	5	0.251	-1.115	9.546	3.467
1428383242078	37.500963	139.936975	5	0.236	-1.073	9.469	3.396
1428383242179	37.500961	139.936974	5	0.222	-1.134	9.598	3.326
1428383242275	37.500958	139.936972	5	0.148	-1.153	9.552	3.260
1428383242375	37.500957	139.936970	5	0.076	-1.100	9.483	3.051
1428383242476	37.500956	139.936968	5	0.081	-1.089	9.603	2.827
1428383242577	37.500955	139.936966	5	0.144	-1.156	9.674	2.616
1428383242678	37.500954	139.936964	5	0.136	-1.168	9.576	2.418
1428383242778	37.500953	139.936963	5	0.090	-1.171	9.484	2.235
1428383242879	37.500953	139.936961	5	0.135	-1.084	9.601	2.063
1428383242975	37.500952	139.936960	5	0.186	-0.941	9.658	1.912
1428383243075	37.500951	139.936958	5	0.091	-0.849	9.575	1.767
1428383243176	37.500951	139.936957	5	0.010	-0.793	9.508	1.634
1428383243277	37.500950	139.936956	5	-0.035	-0.650	9.511	1.514
1428383243377	37.500949	139.936955	5	-0.026	-0.489	9.523	1.449
1428383243478	37.500948	139.936954	5	-0.004	-0.373	9.541	1.391
1428383243579	37.500948	139.936953	5	-0.014	-0.342	9.502	1.335
1428383243680	37.500947	139.936952	5	0.013	-0.323	9.540	1.281
1428383243775	37.500946	139.936951	5	0.074	-0.258	9.606	1.233
1428383243876	37.500946	139.936950	5	0.074	-0.206	9.555	1.183
1428383243977	37.500945	139.936949	5	0.036	-0.208	9.537	1.135
1428383244077	37.500944	139.936949	5	0.027	-0.225	9.582	1.090
1428383244178	37.500944	139.936948	5	0.080	-0.232	9.591	1.046
1428383244279	37.500943	139.936947	5	0.125	-0.223	9.567	1.004
1428383244375	37.500943	139.936946	5	0.099	-0.217	9.571	0.945
1428383244475	37.500943	139.936945	5	0.054	-0.205	9.554	0.882
1428383244576	37.500943	139.936944	5	0.030	-0.193	9.552	0.823
1428383244677	37.500943	139.936943	5	0.033	-0.201	9.564	0.767
1428383244777	37.500944	139.936942	5	0.026	-0.222	9.586	0.715
1428383244878	37.500944	139.936942	5	0.034	-0.226	9.579	0.666
1428383244979	37.500944	139.936941	5	0.066	-0.223	9.568	0.620
1428383245079	37.500944	139.936940	5	0.109	-0.216	9.586	0.578
1428383245175	37.500944	139.936940	5	0.091	-0.201	9.590	0.541
1428383245276	37.500944	139.936939	5	0.045	-0.193	9.568	0.505
1428383245377	37.500944	139.936940	5	0.017	-0.140	9.553	0.417
1428383245477	37.500944	139.936941	5	0.022	-0.070	9.551	0.330
1428383245578	37.500944	139.936942	5	0.054	-0.035	9.569	0.253
1428383245679	37.500944	139.936943	5	0.071	-0.023	9.565	0.187
1428383245779	37.500944	139.936944	5	0.075	-0.004	9.574	0.131
1428383245875	37.500944	139.936945	5	0.067	0.007	9.576	0.086
1428383245976	37.500944	139.936945	5	0.058	0.013	9.585	0.049
1428383246076	37.500944	139.936946	5	0.045	0.021	9.557	0.023
1428383246177	37.500944	139.936946	5	0.050	0.040	9.578	0.006
1428383290171	37.500513	139.936719	5	0.056	0.616	9.553	7.058
1428383295172	37.500159	139.936605	7	0.051	0.615	9.554	8.250
1428383295177	37.500159	139.936605	7	0.043	0.611	9.557	8.250
1428383295277	37.500152	139.936601	7	-0.084	0.243	9.555	8.250
1428383295378	37.500145	139.936597	7	-0.135	-0.020	9.559	8.250
1428383295479	37.500138	139.936593	7	-0.079	-0.044	9.441	8.250
1428383295579	37.500131	139.936589	7	-0.102	-0.129	9.527	8.250
1428383295675	37.500125	139.936585	7	-0.151	-0.171	9.779	8.250
1428383295776	37.500118	139.936581	7	-0.345	-0.144	9.583	8.250
1428383295877	37.500111	139.936577	7	-0.295	-0.160	9.512	8.250
1428383295977	37.500104	139.936573	7	-0.329	-0.122	9.523	8.250
1428383296078	37.500097	139.936569	7	-0.258	-0.118	9.685	8.250
1428383296179	37.500091	139.936565	7	-0.224	-0.015	9.663	8.250
1428383296279	37.500084	139.936561	7	-0.275	0.011	9.458	8.250
1428383296375	37.500078	139.936559	7	-0.230	0.023	9.508	8.228
1428383296476	37.500072	139.936556	7	-0.203	-0.010	9.576	8.203
1428383296576	37.500066	139.936554	7	-0.114	-0.042	9.712	8.178
1428383296677	37.500060	139.936551	7	-0.072	-0.049	9.546	8.152
1428383296778	37.500054	139.936549	7	-0.116	-0.023	9.325	8.127
1428383296879	37.500049	139.936546	7	-0.181	0.056	9.401	8.102
1428383296979	37.500043	139.936544	7	-0.255	0.058	9.565	8.077
1428383297075	37.500037	139.936541	7	-0.337	-0.051	9.715	8.053
1428383297176	37.500032	139.936539	7	-0.367	-0.042	9.640	8.028
1428383297276	37.500026	139.936536	7	-0.376	-0.021	9.333	8.003
1428383297377	37.500020	139.936533	5	-0.372	0.002	9.400	7.978
1428383297478	37.500014	139.936529	5	-0.413	0.015	9.630	7.952
1428383297578	37.500008	139.936526	5	-0.413	0.058	9.681	7.927
1428383297679	37.500002	139.936522	5	-0.482	-0.020	9.455	7.902
1428383297775	37.499997	139.936519	5	-0.373	-0.069	9.423	7.878
1428383297876	37.499991	139.936515	5	-0.301	-0.132	9.688	7.853
1428383297976	37.499985	139.936512	5	-0.203	-0.126	9.565	7.828
1428383298077	37.499979	139.936508	5	-0.168	-0.080	9.437	7.803
1428383298178	37.499973	139.936505	5	-0.149	-0.102	9.496	7.778
1428383298278	37.499968	139.936501	5	-0.270	-0.267	9.836	7.753
1428383298379	37.499961	139.936498	5	-0.242	-0.150	9.477	7.727
1428383298475	37.499955	139.936494	5	-0.203	-0.111	9.375	7.703
1428383298575	37.499949	139.936490	5	-0.218	-0.241	9.667	7.678
1428383298676	37.499943	139.936486	5	-0.212	-0.274	9.696	7.653
1428383298777	37.499937	139.936482	5	-0.234	-0.111	9.458	7.627
1428383298878	37.499930	139.936479	5	-0.278	-0.118	9.336	7.602
1428383298978	37.499924	139.936475	5	-0.343	-0.257	9.522	7.577
1428383299079	37.499918	139.936471	5	-0.349	-0.224	9.741	7.552
1428383299175	37.499912	139.936467	5	-0.330	-0.052	9.313	7.528
1428383299275	37.499906	139.936464	5	-0.356	-0.197	9.525	7.504
1428383299376	37.499900	139.936460	6	-0.284	-0.316	9.817	7.456
1428383299477	37.499895	139.936457	6	-0.174	-0.171	9.604	7.404
1428383299578	37.499890	139.936454	6	-0.288	-0.101	9.444	7.352
1428383299678	37.499885	139.936451	6	-0.349	-0.157	9.442	7.302
1428383299779	37.499880	139.936448	6	-0.183	-0.169	9.520	7.251
1428383299875	37.499875	139.936445	6	-0.110	-0.065	9.508	7.203
1428383299975	37.499870	139.936442	6	-0.165	-0.117	9.464	7.154
1428383300076	37.499865	139.936438	6	-0.083	-0.123	9.456	7.104
1428383300177	37.499860	139.936435	6	-0.212	-0.238	9.810	7.055
1428383300277	37.499855	139.936432	6	-0.185	-0.193	9.513	7.006
1428383300378	37.499848	139.936430	6	-0.143	-0.207	9.384	6.978
1428383300479	37.499842	139.936428	6	-0.109	-0.200	9.688	6.952
1428383300580	37.499835	139.936426	6	-0.218	-0.265	9.539	6.927
1428383300675	37.499829	139.936423	6	-0.236	-0.197	9.463	6.903
1428383300776	37.499823	139.936421	6	-0.225	-0.076	9.461	6.877
1428383300877	37.499817	139.936419	6	-0.189	-0.184	9.678	6.852
1428383300977	37.499810	139.936417	6	-0.249	-0.193	9.553	6.827
1428383301078	37.499804	139.936415	6	-0.280	-0.155	9.469	6.802
1428383301179	37.499798	139.936412	6	-0.205	-0.132	9.569	6.777
1428383301275	37.499792	139.936410	6	-0.193	-0.183	9.570	6.754
1428383301375	37.499786	139.936411	8	-0.267	-0.156	9.454	6.750
1428383301476	37.499780	139.936412	8	-0.234	-0.103	9.445	6.750
1428383301577	37.499773	139.936413	8	-0.137	-0.148	9.737	6.750
1428383301677	37.499767	139.936414	8	-0.234	-0.260	9.729	6.750
1428383301778	37.499761	139.936415	8	-0.215	-0.280	9.628	6.750
1428383301879	37.499755	139.936416	8	-0.157	-0.182	9.548	6.750
1428383301979	37.499749	139.936418	8	-0.182	-0.177	9.461	6.750
1428383302075	37.499743	139.936419	8	-0.282	-0.208	9.541	6.750
1428383302176	37.499737	139.936420	8	-0.311	-0.138	9.571	6.750
1428383302277	37.499731	139.936421	8	-0.238	-0.047	9.582	6.750
1428383302377	37.499725	139.936419	8	-0.230	-0.099	9.562	6.728
1428383302478	37.499720	139.936416	8	-0.221	-0.169	9.592	6.702
1428383302579	37.499715	139.936414	8	-0.215	-0.302	9.764	6.677
1428383302679	37.499710	139.936412	8	-0.198	-0.342	9.836	6.652
1428383302775	37.499705	139.936409	8	-0.126	-0.246	9.567	6.628
1428383302876	37.499700	139.936407	8	-0.203	-0.296	9.524	6.602
1428383302976	37.499695	139.936404	8	-0.214	-0.303	9.652	6.577
1428383303077	37.499690	139.936402	8	-0.232	-0.170	9.586	6.552
1428383303178	37.499685	139.936400	8	-0.235	-0.057	9.445	6.528
1428383303278	37.499680	139.936397	8	-0.222	-0.102	9.639	6.503
1428383303379	37.499675	139.936394	7	-0.231	-0.200	9.599	6.477
1428383303475	37.499670	139.936391	7	-0.159	-0.246	9.622	6.453
1428383303576	37.499665	139.936388	7	-0.146	-0.272	9.577	6.427
1428383303676	37.499661	139.936385	7	-0.128	-0.343	9.466	6.402
1428383303777	37.499656	139.936382	7	-0.151	-0.366	9.435	6.377
1428383303878	37.499651	139.936379	7	-0.170	-0.490	9.753	6.352
1428383303978	37.499646	139.936376	7	-0.276	-0.531	9.742	6.327
1428383304079	37.499642	139.936372	7	-0.132	-0.528	9.647	6.302
1428383304175	37.499637	139.936370	7	-0.151	-0.441	9.392	6.278
1428383304276	37.499633	139.936366	7	-0.164	-0.453	9.538	6.253
1428383304376	37.499628	139.936365	7	-0.121	-0.540	9.618	6.157
1428383304477	37.499623	139.936363	7	-0.138	-0.601	9.553	6.050
1428383304578	37.499619	139.936361	7	-0.168	-0.614	9.502	5.944
1428383304678	37.499614	139.936359	7	-0.151	-0.748	9.640	5.841
1428383304779	37.499610	139.936358	7	-0.251	-0.878	9.569	5.739
1428383304875	37.499606	139.936356	7	-0.172	-1.045	9.498	5.644
1428383304976	37.499602	139.936355	7	-0.129	-1.118	9.637	5.545
1428383305076	37.499598	139.936353	7	-0.117	-1.091	9.594	5.449
1428383305177	37.499593	139.936352	7	-0.095	-1.037	9.564	5.354
1428383305278	37.499589	139.936350	7	-0.116	-1.098	9.572	5.261
1428383305378	37.499586	139.936349	7	-0.112	-1.120	9.550	5.179
1428383305479	37.499583	139.936348	7	-0.097	-1.049	9.552	5.099
1428383305575	37.499581	139.936346	7	-0.158	-0.910	9.467	5.024
1428383305675	37.499578	139.936345	7	-0.157	-0.874	9.591	4.948
1428383305776	37.499575	139.936344	7	-0.150	-0.823	9.714	4.871
1428383305877	37.499572	139.936343	7	-0.127	-0.662	9.297	4.796
1428383305978	37.499569	139.936342	7	-0.068	-0.709	9.438	4.722
1428383306078	37.499567	139.936340	7	-0.019	-0.898	9.909	4.649
1428383306179	37.499564	139.936339	7	-0.054	-0.823	9.827	4.578
1428383306275	37.499561	139.936338	7	-0.002	-0.614	9.232	4.510
1428383306375	37.499559	139.936334	9	0.070	-0.442	9.204	4.349
1428383306476	37.499557	139.936330	9	0.076	-0.380	9.586	4.176
1428383306577	37.499554	139.936325	9	-0.022	-0.197	9.472	4.008
1428383306677	37.499552	139.936321	9	0.064	-0.083	9.677	3.848
1428383306778	37.499550	139.936317	9	0.112	0.011	9.684	3.693
1428383306879	37.499548	139.936313	9	0.101	0.119	9.296	3.544
1428383306975	37.499546	139.936310	9	0.143	0.014	9.558	3.408
1428383307075	37.499545	139.936306	9	0.294	0.025	9.785	3.272
1428383307176	37.499543	139.936303	9	0.437	0.163	9.508	3.141
1428383307277	37.499541	139.936299	9	0.468	0.077	9.646	3.016
1428383307377	37.499539	139.936297	9	0.513	-0.023	9.661	3.021
1428383307478	37.499536	139.936295	9	0.558	-0.049	9.430	3.045
1428383307579	37.499534	139.936292	9	0.643	0.131	9.288	3.070
1428383307679	37.499532	139.936290	9	0.705	0.124	9.598	3.095
1428383307775	37.499529	139.936288	9	0.686	0.030	9.844	3.119
1428383307876	37.499527	139.936285	9	0.765	0.139	9.475	3.144
1428383307977	37.499524	139.936283	9	0.842	0.069	9.260	3.170
1428383308077	37.499521	139.936280	9	0.955	-0.070	9.782	3.195
1428383308178	37.499519	139.936278	9	0.980	-0.046	9.861	3.221
1428383308279	37.499516	139.936275	9	0.966	0.026	9.299	3.247
1428383308379	37.499514	139.936272	5	1.040	0.057	9.310	3.250
1428383308475	37.499511	139.936268	5	1.007	-0.044	9.767	3.250
1428383308576	37.499508	139.936264	5	0.977	-0.147	9.765	3.250
1428383308676	37.499506	139.936260	5	0.898	-0.185	9.763	3.250
1428383308777	37.499503	139.936256	5	0.787	-0.153	9.494	3.250
1428383308878	37.499500	139.936252	5	0.838	-0.159	9.627	3.250
1428383308979	37.499497	139.936248	5	0.741	-0.041	9.199	3.250
1428383309079	37.499495	139.936244	5	0.682	-0.019	9.228	3.250
1428383309175	37.499492	139.936240	5	0.835	-0.080	9.718	3.250
1428383309276	37.499489	139.936237	5	0.904	-0.095	9.758	3.250
1428383309376	37.499488	139.936232	5	1.069	-0.175	9.649	3.250
1428383309477	37.499487	139.936228	5	1.073	-0.198	9.440	3.250
1428383309578	37.499486	139.936223	5	0.969	-0.136	9.502	3.250
1428383309679	37.499484	139.936219	5	1.010	-0.091	9.574	3.250
1428383309779	37.499483	139.936214	5	0.922	-0.146	9.555	3.250
1428383309875	37.499482	139.936210	5	0.809	-0.149	9.533	3.250
1428383309976	37.499481	139.936206	5	0.856	-0.147	9.353	3.250
1428383310076	37.499480	139.936201	5	0.959	-0.177	9.272	3.250
1428383310177	37.499478	139.936197	5	1.014	-0.239	9.623	3.250
1428383310278	37.499477	139.936193	5	1.047	-0.171	9.648	3.250
1428383310378	37.499477	139.936188	4	0.994	-0.112	9.403	3.271
1428383310479	37.499477	139.936183	4	0.945	-0.136	9.518	3.296
1428383310575	37.499476	139.936179	4	0.878	-0.181	9.648	3.319
1428383310676	37.499476	139.936174	4	0.922	-0.161	9.573	3.344
1428383310776	37.499476	139.936170	4	0.938	-0.182	9.496	3.369
1428383310877	37.499476	139.936165	4	0.802	-0.287	9.663	3.395
1428383310978	37.499476	139.936160	4	0.677	-0.241	9.656	3.420
1428383311078	37.499475	139.936155	4	0.617	-0.190	9.535	3.445
1428383311179	37.499475	139.936150	4	0.637	-0.200	9.434	3.471
1428383311275	37.499475	139.936146	4	0.718	-0.213	9.529	3.496
1428383311375	37.499476	139.936141	4	0.711	-0.156	9.607	3.521
1428383311476	37.499478	139.936136	4	0.745	-0.164	9.669	3.545
1428383311577	37.499479	139.936131	4	0.808	-0.182	9.765	3.570
1428383311678	37.499480	139.936126	4	0.755	-0.127	9.552	3.595
1428383311778	37.499482	139.936121	4	0.612	-0.059	9.462	3.620
1428383311879	37.499483	139.936115	4	0.488	-0.061	9.557	3.645
1428383311975	37.499484	139.936110	4	0.471	-0.054	9.679	3.669
1428383312075	37.499486	139.936105	4	0.432	-0.042	9.487	3.695
1428383312176	37.499487	139.936100	4	0.352	-0.045	9.539	3.721
1428383312277	37.499489	139.936095	4	0.411	-0.050	9.538	3.747
1428383312378	37.499490	139.936090	4	0.480	0.005	9.512	3.771
1428383312478	37.499491	139.936086	4	0.536	0.005	9.540	3.796
1428383312579	37.499493	139.936081	4	0.521	-0.034	9.612	3.821
1428383312675	37.499494	139.936077	4	0.497	-0.071	9.611	3.844
1428383312775	37.499495	139.936072	4	0.467	-0.047	9.533	3.869
1428383312876	37.499497	139.936067	4	0.341	-0.034	9.569	3.895
1428383312977	37.499498	139.936063	4	0.217	-0.054	9.596	3.920
1428383313077	37.499499	139.936058	4	0.163	-0.064	9.593	3.945
1428383313178	37.499501	139.936053	4	0.145	-0.030	9.523	3.971
1428383313279	37.499502	139.936049	4	0.135	-0.028	9.472	3.997
1428383313375	37.499503	139.936044	4	0.180	-0.028	9.565	4.000
1428383313475	37.499505	139.936039	4	0.191	0.027	9.462	4.000
1428383313576	37.499507	139.936035	4	0.156	0.021	9.558	4.000
1428383313677	37.499508	139.936030	4	0.122	-0.031	9.644	4.000
1428383313777	37.499510	139.936025	4	0.108	-0.006	9.549	4.000
1428383313878	37.499511	139.936020	4	0.137	0.036	9.519	4.000
1428383313979	37.499513	139.936016	4	0.097	-0.003	9.662	4.000
1428383314079	37.499515	139.936011	4	0.045	-0.015	9.632	4.000
1428383314175	37.499516	139.936006	4	0.024	-0.011	9.532	4.000
1428383314276	37.499518	139.936002	4	0.008	0.029	9.469	4.000
1428383314377	37.499519	139.935997	4	-0.005	0.020	9.453	4.021
1428383314477	37.499520	139.935992	4	0.017	0.005	9.624	4.046
1428383314579	37.499521	139.935986	4	0.003	-0.005	9.654	4.071
1428383314679	37.499523	139.935981	4	-0.053	-0.015	9.522	4.095
1428383314779	37.499524	139.935976	4	-0.050	-0.036	9.518	4.120
1428383314875	37.499525	139.935971	4	-0.026	-0.008	9.549	4.144
1428383314976	37.499526	139.935966	4	-0.035	-0.015	9.571	4.170
1428383315076	37.499527	139.935960	4	-0.004	-0.040	9.585	4.195
1428383315177	37.499529	139.935955	4	0.005	-0.026	9.481	4.221
1428383315278	37.499530	139.935950	4	-0.018	-0.035	9.564	4.247
1428383315379	37.499531	139.935945	4	-0.035	-0.009	9.577	4.250
1428383315479	37.499532	139.935940	4	-0.025	0.038	9.488	4.250
1428383315575	37.499533	139.935935	4	-0.033	0.014	9.524	4.250
1428383315676	37.499534	139.935930	4	-0.059	0.002	9.570	4.250
1428383315776	37.499535	139.935926	4	-0.060	0.015	9.476	4.250
1428383315877	37.499536	139.935921	4	-0.101	-0.038	9.603	4.250
1428383315978	37.499538	139.935916	4	-0.033	-0.016	9.492	4.250
1428383316079	37.499539	139.935911	4	-0.009	-0.022	9.568	4.250
1428383316179	37.499540	139.935906	4	-0.010	-0.073	9.744	4.250
1428383316275	37.499541	139.935902	4	-0.032	-0.075	9.599	4.250
1428383316376	37.499542	139.935897	3	-0.015	-0.045	9.424	4.250
1428383316476	37.499543	139.935892	3	-0.009	-0.086	9.664	4.250
1428383316577	37.499544	139.935887	3	-0.025	-0.071	9.558	4.250
1428383316678	37.499546	139.935882	3	0.029	-0.066	9.659	4.250
1428383316778	37.499547	139.935878	3	0.003	-0.048	9.617	4.250
1428383316879	37.499548	139.935873	3	-0.048	-0.049	9.479	4.250
1428383316975	37.499549	139.935868	3	-0.107	0.003	9.453	4.250
1428383317076	37.499550	139.935863	3	-0.087	-0.005	9.609	4.250
1428383317176	37.499552	139.935858	3	-0.042	-0.055	9.634	4.250
1428383317277	37.499553	139.935854	3	0.004	-0.059	9.665	4.250
1428383317378	37.499554	139.935849	4	-0.007	-0.005	9.490	4.250
1428383317478	37.499555	139.935844	4	-0.007	-0.028	9.547	4.250
1428383317579	37.499556	139.935840	4	0.025	-0.069	9.677	4.250
1428383317675	37.499558	139.935835	4	0.010	-0.087	9.588	4.250
1428383317775	37.499559	139.935831	4	-0.054	-0.093	9.516	4.250
1428383317876	37.499560	139.935826	4	-0.049	-0.083	9.656	4.250
1428383317977	37.499561	139.935821	4	-0.033	-0.047	9.579	4.250
1428383318078	37.499562	139.935817	4	0.014	-0.036	9.487	4.250
1428383318178	37.499564	139.935812	4	0.053	-0.085	9.586	4.250
1428383318279	37.499565	139.935808	4	0.008	-0.067	9.632	4.250
1428383318375	37.499566	139.935803	4	-0.017	-0.018	9.521	4.250
1428383318475	37.499568	139.935798	4	-0.025	-0.019	9.511	4.250
1428383318576	37.499569	139.935794	4	-0.013	-0.046	9.579	4.250
1428383318677	37.499570	139.935789	4	0.011	-0.023	9.550	4.250
1428383318778	37.499572	139.935784	4	0.086	-0.015	9.499	4.250
1428383318878	37.499573	139.935779	4	0.105	-0.069	9.614	4.250
1428383318979	37.499575	139.935775	4	0.069	-0.088	9.618	4.250
1428383319075	37.499576	139.935770	4	0.001	-0.033	9.507	4.250
1428383319175	37.499577	139.935765	4	-0.039	-0.046	9.503	4.250
1428383319276	37.499579	139.935761	4	-0.030	-0.121	9.742	4.250
1428383319377	37.499580	139.935756	4	0.004	-0.093	9.630	4.271
1428383319477	37.499582	139.935751	4	-0.006	-0.042	9.383	4.296
1428383319578	37.499583	139.935746	4	0.009	-0.059	9.523	4.321
1428383319679	37.499584	139.935742	4	0.052	-0.060	9.626	4.346
1428383319775	37.499586	139.935737	4	0.073	-0.033	9.524	4.369
1428383319875	37.499587	139.935732	4	0.039	-0.063	9.569	4.395
1428383319976	37.499589	139.935727	4	-0.021	-0.036	9.453	4.420
1428383320077	37.499590	139.935722	4	-0.036	-0.049	9.613	4.446
1428383320177	37.499591	139.935718	4	0.023	-0.067	9.647	4.471
1428383320278	37.499593	139.935713	4	0.073	-0.055	9.432	4.497
1428383320379	37.499594	139.935708	4	0.056	-0.087	9.606	4.500
1428383320479	37.499595	139.935703	4	0.014	-0.085	9.635	4.500
1428383320575	37.499597	139.935698	4	0.021	-0.096	9.643	4.500
1428383320676	37.499598	139.935693	4	0.073	-0.067	9.558	4.500
1428383320777	37.499599	139.935688	4	0.061	-0.090	9.518	4.500
1428383320877	37.499601	139.935683	4	0.076	-0.105	9.700	4.500
1428383320978	37.499602	139.935678	4	0.066	-0.034	9.620	4.500
1428383321079	37.499603	139.935673	4	0.056	-0.046	9.440	4.500
1428383321179	37.499605	139.935668	4	0.059	-0.043	9.558	4.500
1428383321275	37.499606	139.935663	4	0.035	-0.058	9.565	4.500
1428383321376	37.499607	139.935658	4	0.034	-0.036	9.591	4.500
1428383321477	37.499608	139.935653	4	0.011	-0.049	9.534	4.500
1428383321577	37.499609	139.935648	4	0.012	-0.042	9.469	4.500
1428383321678	37.499609	139.935643	4	0.057	-0.078	9.623	4.500
1428383321779	37.499610	139.935638	4	0.070	-0.127	9.620	4.500
1428383321879	37.499611	139.935633	4	0.057	-0.081	9.501	4.500
1428383321975	37.499612	139.935628	4	0.036	-0.058	9.555	4.500
1428383322076	37.499613	139.935623	4	-0.017	-0.087	9.572	4.500
1428383322176	37.499614	139.935619	4	-0.024	-0.114	9.594	4.500
1428383322277	37.499615	139.935614	4	-0.000	-0.121	9.541	4.500
1428383322378	37.499616	139.935609	4	0.001	-0.176	9.483	4.500
1428383322479	37.499617	139.935603	4	-0.011	-0.236	9.566	4.500
1428383322579	37.499617	139.935598	4	-0.015	-0.307	9.688	4.500
1428383322675	37.499618	139.935593	4	-0.013	-0.361	9.629	4.500
1428383322776	37.499619	139.935588	4	0.003	-0.348	9.548	4.500
1428383322876	37.499620	139.935583	4	0.000	-0.334	9.547	4.500
1428383322977	37.499620	139.935578	4	-0.009	-0.366	9.643	4.500
1428383323078	37.499621	139.935573	4	-0.021	-0.359	9.586	4.500
1428383323178	37.499622	139.935568	4	0.002	-0.383	9.591	4.500
1428383323279	37.499623	139.935563	4	0.021	-0.355	9.513	4.500
1428383323375	37.499624	139.935558	4	0.060	-0.330	9.558	4.500
1428383323476	37.499625	139.935553	4	0.070	-0.305	9.526	4.500
1428383323576	37.499626	139.935548	4	0.047	-0.342	9.568	4.500
1428383323677	37.499626	139.935543	4	0.038	-0.432	9.682	4.500
1428383323778	37.499627	139.935538	4	-0.006	-0.388	9.453	4.500
1428383323878	37.499628	139.935533	4	-0.041	-0.367	9.417	4.500
1428383323979	37.499629	139.935528	4	-0.037	-0.467	9.766	4.500
1428383324075	37.499630	139.935524	4	-0.039	-0.361	9.616	4.500
1428383324175	37.499631	139.935519	4	-0.066	-0.226	9.513	4.500
1428383324276	37.499632	139.935514	4	-0.011	-0.160	9.537	4.500
1428383324377	37.499633	139.935509	4	0.009	-0.144	9.590	4.478
1428383324478	37.499634	139.935504	4	-0.006	-0.080	9.481	4.452
1428383324578	37.499634	139.935499	4	-0.033	-0.046	9.512	4.427
1428383324679	37.499635	139.935494	4	0.005	-0.057	9.584	4.401
1428383324775	37.499636	139.935489	4	-0.020	-0.177	9.756	4.377
1428383324875	37.499637	139.935484	4	-0.093	-0.126	9.678	4.352
1428383324976	37.499638	139.935479	4	-0.124	0.016	9.243	4.327
1428383325077	37.499638	139.935474	4	-0.075	0.000	9.429	4.302
1428383325177	37.499639	139.935469	4	-0.041	-0.088	9.779	4.278
1428383325278	37.499640	139.935465	4	0.013	-0.065	9.713	4.253
1428383325379	37.499641	139.935460	4	0.060	0.011	9.454	4.250
1428383325475	37.499642	139.935455	4	0.037	0.002	9.459	4.250
1428383325575	37.499643	139.935451	4	-0.015	-0.038	9.618	4.250
1428383325676	37.499643	139.935446	4	-0.024	-0.025	9.601	4.250
1428383325777	37.499644	139.935441	4	-0.062	0.036	9.605	4.250
1428383325877	37.499645	139.935436	4	-0.103	0.041	9.336	4.250
1428383325978	37.499646	139.935432	4	-0.133	-0.009	9.493	4.250
1428383326079	37.499647	139.935427	4	-0.124	0.065	9.615	4.250
1428383326175	37.499648	139.935422	4	-0.073	0.136	9.577	4.250
1428383326275	37.499649	139.935418	4	0.012	0.093	9.511	4.250
1428383326376	37.499650	139.935413	3	0.034	0.007	9.569	4.228
1428383326477	37.499651	139.935409	3	0.037	-0.002	9.674	4.202
1428383326577	37.499652	139.935404	3	-0.003	0.075	9.541	4.177
1428383326678	37.499653	139.935400	3	-0.020	0.041	9.626	4.151
1428383326779	37.499653	139.935396	3	-0.076	0.109	9.531	4.126
1428383326879	37.499654	139.935391	3	-0.110	0.188	9.381	4.101
1428383326975	37.499655	139.935387	3	-0.109	0.263	9.453	4.077
1428383327076	37.499656	139.935383	3	-0.009	0.172	9.812	4.052
1428383327177	37.499657	139.935379	3	-0.018	0.190	9.722	4.027
1428383327277	37.499658	139.935375	3	0.035	0.363	9.362	4.003
1428383327378	37.499659	139.935370	3	0.377	0.541	9.005	4.000
1428383327479	37.499660	139.935366	3	0.121	0.192	9.848	4.000
1428383327579	37.499661	139.935361	3	-0.005	0.177	10.079	4.000
1428383327675	37.499663	139.935357	3	-0.059	0.389	9.683	4.000
1428383327776	37.499664	139.935353	3	-0.149	0.471	9.418	4.000
1428383327876	37.499665	139.935348	3	-0.199	0.467	9.404	4.000
1428383327977	37.499666	139.935344	3	-0.055	0.504	9.573	4.000
1428383328078	37.499667	139.935339	3	0.046	0.452	9.481	4.000
1428383328179	37.499669	139.935335	3	0.078	0.320	9.559	4.000
1428383328279	37.499670	139.935330	3	0.271	0.369	9.577	4.000
1428383328375	37.499671	139.935326	3	0.145	0.516	9.538	4.021
1428383328476	37.499672	139.935321	3	0.009	0.441	9.617	4.045
1428383328576	37.499673	139.935317	3	0.068	0.445	9.503	4.070
1428383328677	37.499674	139.935312	3	0.074	0.341	9.612	4.095
1428383328778	37.499675	139.935307	3	0.003	0.368	9.428	4.120
1428383328879	37.499676	139.935302	3	0.086	0.434	9.425	4.145
1428383328979	37.499677	139.935297	3	0.145	0.317	9.775	4.171
1428383329075	37.499678	139.935293	3	0.081	0.336	9.617	4.195
1428383329176	37.499679	139.935288	3	0.099	0.385	9.454	4.221
1428383329276	37.499680	139.935283	3	0.038	0.483	9.228	4.246
1428383329377	37.499681	139.935278	3	0.110	0.425	9.501	4.271
1428383329478	37.499682	139.935273	3	0.144	0.417	9.523	4.296
1428383329578	37.499684	139.935268	3	0.038	0.320	9.675	4.321
1428383329679	37.499685	139.935263	3	-0.011	0.340	9.549	4.346
1428383329775	37.499686	139.935259	3	0.033	0.303	9.858	4.369
1428383329876	37.499688	139.935254	3	0.017	0.224	9.827	4.395
1428383329976	37.499689	139.935249	3	0.058	0.372	9.251	4.420
1428383330077	37.499690	139.935244	3	0.102	0.351	9.299	4.446
1428383330178	37.499692	139.935239	3	0.223	0.357	9.568	4.471
1428383330278	37.499693	139.935234	3	0.191	0.365	9.783	4.497
1428383330379	37.499694	139.935228	3	-0.034	0.280	9.854	4.562
1428383330475	37.499695	139.935223	3	-0.132	0.340	9.619	4.630
1428383330575	37.499697	139.935217	3	-0.108	0.453	9.348	4.702
1428383330676	37.499698	139.935211	3	-0.127	0.372	9.355	4.776
1428383330777	37.499700	139.935205	3	-0.135	0.320	9.472	4.851
1428383330878	37.499701	139.935199	3	-0.045	0.400	9.237	4.927
1428383330978	37.499702	139.935193	3	0.013	0.427	9.336	5.004
1428383331079	37.499704	139.935187	3	-0.021	0.403	9.764	5.082
1428383331175	37.499705	139.935181	3	-0.079	0.340	9.649	5.158
1428383331275	37.499707	139.935175	3	-0.141	0.188	9.557	5.238
1428383331376	37.499709	139.935168	4	-0.150	0.094	9.749	5.271
1428383331477	37.499711	139.935161	4	-0.130	0.299	9.292	5.296
1428383331577	37.499713	139.935154	4	-0.187	0.389	8.996	5.321
1428383331678	37.499715	139.935147	4	-0.164	0.338	9.154	5.346
1428383331779	37.499717	139.935140	4	-0.029	0.003	10.052	5.371
1428383331875	37.499719	139.935133	4	0.018	-0.077	10.230	5.395
1428383331975	37.499721	139.935126	4	0.154	0.178	9.594	5.420
1428383332076	37.499723	139.935118	4	0.219	0.170	9.458	5.446
1428383332177	37.499725	139.935111	4	0.225	0.006	9.430	5.471
1428383332277	37.499727	139.935104	4	0.134	0.158	9.487	5.497
1428383332378	37.499729	139.935098	4	-0.009	0.148	9.581	5.522
1428383332479	37.499731	139.935091	4	-0.019	0.230	9.785	5.546
1428383332580	37.499732	139.935085	4	0.061	0.123	9.670	5.571
1428383332675	37.499734	139.935079	4	0.133	0.030	9.562	5.595
1428383332776	37.499736	139.935073	4	0.070	0.043	9.505	5.620
1428383332877	37.499738	139.935067	4	0.043	0.032	9.476	5.645
1428383332977	37.499740	139.935061	4	-0.062	-0.095	9.935	5.671
1428383333078	37.499742	139.935054	4	-0.098	-0.043	9.821	5.696
1428383333179	37.499744	139.935048	4	-0.071	0.132	9.311	5.722
1428383333279	37.499746	139.935042	4	-0.033	0.154	9.190	5.747
1428383333375	37.499747	139.935036	3	0.022	0.057	9.499	5.750
1428383333476	37.499749	139.935030	3	0.075	0.010	9.578	5.750
1428383333577	37.499750	139.935024	3	0.039	0.098	9.461	5.750
1428383333677	37.499752	139.935018	3	0.007	0.027	9.613	5.750
1428383333778	37.499753	139.935012	3	0.026	-0.114	9.580	5.750
1428383333879	37.499755	139.935006	3	0.050	-0.164	9.466	5.750
1428383333979	37.499756	139.935000	3	0.069	-0.146	9.523	5.750
1428383334075	37.499758	139.934994	3	0.055	-0.116	9.567	5.750
1428383334176	37.499759	139.934988	3	0.039	-0.106	9.526	5.750
1428383334276	37.499761	139.934982	3	0.025	-0.081	9.449	5.750
1428383334377	37.499762	139.934976	3	0.027	-0.081	9.530	5.750
1428383334478	37.499764	139.934970	3	0.037	-0.144	9.696	5.750
1428383334579	37.499766	139.934964	3	0.044	-0.147	9.610	5.750
1428383334679	37.499767	139.934958	3	0.059	-0.121	9.517	5.750
1428383334775	37.499769	139.934952	3	0.064	-0.155	9.556	5.750
1428383334876	37.499770	139.934946	3	0.006	-0.189	9.481	5.750
1428383334976	37.499772	139.934940	3	0.006	-0.193	9.478	5.750
1428383335077	37.499774	139.934934	3	0.012	-0.210	9.560	5.750
1428383335178	37.499775	139.934928	3	0.073	-0.202	9.683	5.750
1428383335279	37.499777	139.934922	3	0.091	-0.210	9.586	5.750
1428383335379	37.499778	139.934915	3	0.125	-0.267	9.579	5.750
1428383335475	37.499780	139.934909	3	0.158	-0.288	9.599	5.750
1428383335576	37.499781	139.934903	3	0.142	-0.257	9.522	5.750
1428383335676	37.499783	139.934896	3	0.081	-0.224	9.478	5.750
1428383335777	37.499784	139.934890	3	0.036	-0.242	9.508	5.750
1428383335878	37.499786	139.934883	3	0.002	-0.257	9.537	5.750
1428383335978	37.499787	139.934877	3	-0.012	-0.330	9.687	5.750
1428383336079	37.499789	139.934870	3	-0.006	-0.289	9.643	5.750
1428383336175	37.499790	139.934864	3	0.033	-0.203	9.294	5.750
1428383336276	37.499792	139.934858	3	0.037	-0.232	9.366	5.750
1428383336376	37.499794	139.934852	3	0.089	-0.379	9.827	5.728
1428383336477	37.499796	139.934846	3	0.091	-0.356	9.757	5.702
1428383336578	37.499798	139.934840	3	0.073	-0.140	9.264	5.677
1428383336678	37.499799	139.934835	3	0.077	-0.282	9.723	5.652
1428383336779	37.499801	139.934829	3	0.032	-0.383	9.842	5.626
1428383336875	37.499803	139.934823	3	-0.007	-0.366	9.481	5.602
1428383336975	37.499805	139.934818	3	-0.033	-0.222	9.309	5.578
1428383337076	37.499807	139.934812	3	-0.009	-0.135	9.552	5.553
1428383337177	37.499809	139.934806	3	-0.036	-0.205	9.587	5.528
1428383337278	37.499811	139.934801	3	-0.032	-0.340	9.528	5.503
1428383337378	37.499812	139.934795	4	0.004	-0.185	9.699	5.478
1428383337479	37.499814	139.934789	4	-0.042	-0.163	9.714	5.452
1428383337575	37.499816	139.934784	4	-0.060	-0.291	9.678	5.428
1428383337675	37.499817	139.934779	4	-0.135	-0.389	9.653	5.402
1428383337776	37.499819	139.934773	4	-0.109	-0.259	9.486	5.377
1428383337877	37.499820	139.934767	4	-0.064	-0.166	9.402	5.352
1428383337977	37.499822	139.934762	4	-0.056	-0.225	9.628	5.327
1428383338078	37.499824	139.934756	4	-0.003	-0.239	9.621	5.302
1428383338179	37.499825	139.934751	4	-0.010	-0.224	9.594	5.277
1428383338275	37.499827	139.934746	4	-0.091	-0.216	9.674	5.254
1428383338375	37.499828	139.934740	4	-0.116	-0.206	9.584	5.250
1428383338476	37.499830	139.934735	4	-0.102	-0.224	9.487	5.250
1428383338577	37.499832	139.934729	4	-0.025	-0.266	9.533	5.250
1428383338677	37.499834	139.934724	4	0.023	-0.198	9.562	5.250
1428383338778	37.499835	139.934718	4	-0.003	-0.174	9.402	5.250
1428383338879	37.499837	139.934713	4	0.043	-0.219	9.581	5.250
1428383338975	37.499839	139.934707	4	0.043	-0.255	9.676	5.250
1428383339075	37.499840	139.934702	4	0.004	-0.247	9.573	5.250
1428383339176	37.499842	139.934696	4	-0.005	-0.227	9.491	5.250
1428383339277	37.499844	139.934691	4	0.048	-0.263	9.588	5.250
1428383339377	37.499845	139.934685	4	0.029	-0.236	9.562	5.228
1428383339478	37.499846	139.934680	4	0.058	-0.263	9.508	5.202
1428383339579	37.499848	139.934674	4	0.064	-0.237	9.587	5.176
1428383339679	37.499849	139.934669	4	0.008	-0.200	9.528	5.151
1428383339775	37.499850	139.934663	4	0.012	-0.199	9.502	5.127
1428383339876	37.499851	139.934658	4	0.014	-0.227	9.506	5.102
1428383339976	37.499852	139.934653	4	0.008	-0.246	9.617	5.077
1428383340077	37.499853	139.934647	4	-0.002	-0.208	9.595	5.052
1428383340178	37.499855	139.934642	4	-0.002	-0.237	9.532	5.027
1428383340279	37.499856	139.934637	4	0.041	-0.237	9.591	5.003
1428383340379	37.499857	139.934631	3	0.020	-0.232	9.553	5.000
1428383340475	37.499858	139.934626	3	0.045	-0.212	9.564	5.000
1428383340576	37.499859	139.934621	3	0.007	-0.184	9.504	5.000
1428383340677	37.499860	139.934615	3	-0.012	-0.182	9.462	5.000
1428383340777	37.499861	139.934610	3	0.013	-0.199	9.610	5.000
1428383340878	37.499862	139.934605	3	0.041	-0.194	9.564	5.000
1428383340979	37.499864	139.934599	3	0.028	-0.163	9.442	5.000
1428383341079	37.499865	139.934594	3	-0.005	-0.167	9.498	5.000
1428383341175	37.499866	139.934589	3	0.013	-0.187	9.518	5.000
1428383341276	37.499867	139.934584	3	0.016	-0.177	9.512	5.000
1428383341376	37.499868	139.934578	4	0.051	-0.167	9.523	4.978
1428383341477	37.499870	139.934573	4	0.051	-0.167	9.555	4.952
1428383341578	37.499871	139.934568	4	-0.023	-0.160	9.586	4.927
1428383341679	37.499873	139.934562	4	-0.011	-0.184	9.558	4.901
1428383341779	37.499874	139.934557	4	0.051	-0.167	9.509	4.876
1428383341875	37.499876	139.934552	4	0.049	-0.202	9.571	4.852
1428383341976	37.499877	139.934547	4	0.023	-0.194	9.629	4.827
1428383342076	37.499879	139.934542	4	0.017	-0.155	9.519	4.802
1428383342177	37.499880	139.934537	4	0.044	-0.170	9.522	4.778
1428383342278	37.499882	139.934532	4	0.025	-0.160	9.551	4.753
1428383342378	37.499883	139.934526	4	0.033	-0.157	9.524	4.750
1428383342479	37.499884	139.934521	4	0.055	-0.151	9.575	4.750
1428383342575	37.499886	139.934516	4	0.039	-0.170	9.642	4.750
1428383342676	37.499887	139.934511	4	0.040	-0.161	9.599	4.750
1428383342776	37.499888	139.934506	4	0.047	-0.103	9.548	4.750
1428383342877	37.499890	139.934500	4	0.046	-0.145	9.552	4.750
1428383342978	37.499891	139.934495	4	0.017	-0.147	9.641	4.750
1428383343078	37.499892	139.934490	4	-0.005	-0.109	9.527	4.750
1428383343179	37.499894	139.934485	4	0.031	-0.112	9.493	4.750
1428383343275	37.499895	139.934480	4	0.095	-0.101	9.576	4.750
1428383343375	37.499896	139.934474	4	0.117	-0.131	9.627	4.750
1428383343476	37.499897	139.934469	4	0.092	-0.092	9.473	4.750
1428383343577	37.499899	139.934463	4	0.065	-0.094	9.449	4.750
1428383343678	37.499900	139.934458	4	0.081	-0.113	9.583	4.750
1428383343778	37.499901	139.934453	4	0.087	-0.132	9.634	4.750
1428383343879	37.499903	139.934447	4	0.085	-0.118	9.490	4.750
1428383343975	37.499904	139.934442	4	0.103	-0.095	9.528	4.750
1428383344075	37.499905	139.934437	4	0.079	-0.143	9.621	4.750
1428383344176	37.499907	139.934431	4	0.106	-0.132	9.618	4.750
1428383344277	37.499908	139.934426	4	0.101	-0.133	9.527	4.750
1428383344377	37.499910	139.934421	4	0.113	-0.123	9.586	4.728
1428383344478	37.499911	139.934416	4	0.159	-0.102	9.590	4.702
1428383344579	37.499913	139.934411	4	0.156	-0.117	9.644	4.676
1428383344675	37.499915	139.934407	4	0.146	-0.146	9.611	4.652
1428383344775	37.499916	139.934402	4	0.122	-0.125	9.584	4.627
1428383344876	37.499918	139.934397	4	0.102	-0.125	9.624	4.602
1428383344977	37.499920	139.934392	4	0.113	-0.108	9.639	4.577
1428383345077	37.499921	139.934388	4	0.060	-0.110	9.554	4.552
1428383345178	37.499923	139.934383	4	0.062	-0.080	9.473	4.527
1428383345279	37.499925	139.934379	4	0.052	-0.086	9.551	4.503
1428383345380	37.499926	139.934374	4	0.064	-0.110	9.625	4.522
1428383345475	37.499926	139.934369	4	0.049	-0.087	9.547	4.545
1428383345576	37.499927	139.934364	4	0.036	-0.080	9.513	4.570
1428383345677	37.499928	139.934359	4	0.028	-0.124	9.628	4.595
1428383345777	37.499929	139.934354	4	0.048	-0.108	9.561	4.620
1428383345878	37.499930	139.934349	4	0.034	-0.115	9.532	4.645
1428383345979	37.499930	139.934344	4	0.019	-0.125	9.552	4.671
1428383346080	37.499931	139.934339	4	0.002	-0.117	9.562	4.696
1428383346175	37.499932	139.934334	4	0.009	-0.100	9.552	4.721
1428383346276	37.499933	139.934329	4	0.012	-0.097	9.529	4.746
1428383346377	37.499934	139.934324	4	-0.001	-0.137	9.608	4.750
1428383346477	37.499936	139.934319	4	0.004	-0.117	9.643	4.750
1428383346578	37.499938	139.934314	4	-0.020	-0.083	9.476	4.750
1428383346679	37.499939	139.934309	4	0.032	-0.118	9.513	4.750
1428383346779	37.499941	139.934304	4	0.059	-0.158	9.650	4.750
1428383346875	37.499942	139.934299	4	0.074	-0.143	9.621	4.750
1428383346976	37.499944	139.934294	4	0.069	-0.128	9.513	4.750
1428383347076	37.499946	139.934289	4	0.034	-0.130	9.543	4.750
1428383347177	37.499947	139.934284	4	0.032	-0.144	9.615	4.750
1428383347278	37.499949	139.934279	4	0.038	-0.137	9.657	4.750
1428383347379	37.499950	139.934273	3	0.041	-0.146	9.510	4.750
1428383347479	37.499951	139.934268	3	0.051	-0.116	9.517	4.750
1428383347575	37.499953	139.934263	3	0.058	-0.127	9.635	4.750
1428383347676	37.499954	139.934258	3	0.105	-0.142	9.582	4.750
1428383347776	37.499955	139.934253	3	0.099	-0.187	9.693	4.750
1428383347877	37.499957	139.934248	3	0.042	-0.156	9.581	4.750
1428383347978	37.499958	139.934243	3	0.017	-0.116	9.538	4.750
1428383348079	37.499959	139.934238	3	0.046	-0.097	9.465	4.750
1428383348179	37.499961	139.934233	3	0.043	-0.119	9.566	4.750
1428383348275	37.499962	139.934228	3	0.040	-0.148	9.617	4.750
1428383348376	37.499963	139.934223	4	0.071	-0.150	9.623	4.750
1428383348476	37.499965	139.934217	4	0.071	-0.137	9.607	4.750
1428383348577	37.499967	139.934212	4	0.008	-0.149	9.625	4.750
1428383348678	37.499969	139.934207	4	0.001	-0.140	9.557	4.750
1428383348778	37.499970	139.934202	4	-0.040	-0.142	9.507	4.750
1428383348879	37.499972	139.934196	4	-0.026	-0.147	9.556	4.750
1428383348975	37.499974	139.934191	4	-0.036	-0.105	9.556	4.750
1428383349076	37.499975	139.934186	4	-0.034	-0.064	9.502	4.750
1428383349176	37.499977	139.934181	4	0.026	-0.061	9.529	4.750
1428383349277	37.499979	139.934176	4	0.059	-0.105	9.626	4.750
1428383349378	37.499980	139.934171	4	0.035	-0.120	9.580	4.727
1428383349478	37.499982	139.934166	4	-0.003	-0.097	9.472	4.702
1428383349579	37.499983	139.934161	4	-0.038	-0.086	9.448	4.676
1428383349675	37.499985	139.934157	4	-0.031	-0.137	9.570	4.652
1428383349775	37.499986	139.934152	4	-0.029	-0.131	9.470	4.627
1428383349876	37.499988	139.934147	4	-0.010	-0.130	9.434	4.602
1428383349977	37.499989	139.934142	4	0.010	-0.183	9.557	4.577
1428383350078	37.499991	139.934138	4	-0.003	-0.209	9.592	4.552
1428383350178	37.499992	139.934133	4	0.043	-0.233	9.546	4.527
1428383350279	37.499994	139.934129	4	0.074	-0.274	9.483	4.503
1428383350375	37.499996	139.934124	4	0.103	-0.368	9.615	4.500
1428383350475	37.499997	139.934119	4	0.139	-0.410	9.657	4.500
1428383350576	37.499999	139.934115	4	0.168	-0.421	9.529	4.500
1428383350677	37.500001	139.934110	4	0.167	-0.462	9.530	4.500
1428383350777	37.500003	139.934105	4	0.178	-0.483	9.603	4.500
1428383350878	37.500005	139.934100	4	0.137	-0.509	9.584	4.500
1428383350979	37.500006	139.934096	4	0.083	-0.556	9.583	4.500
1428383351075	37.500008	139.934091	4	0.049	-0.580	9.552	4.500
1428383351175	37.500010	139.934086	4	0.025	-0.628	9.537	4.500
1428383351276	37.500012	139.934082	4	0.041	-0.703	9.545	4.500
1428383351377	37.500013	139.934077	4	0.062	-0.829	9.559	4.500
1428383351477	37.500015	139.934072	4	0.089	-0.911	9.624	4.500
1428383351578	37.500016	139.934067	4	0.118	-0.934	9.635	4.500
1428383351679	37.500018	139.934063	4	0.045	-0.951	9.579	4.500
1428383351779	37.500019	139.934058	4	-0.016	-0.969	9.519	4.500
1428383351875	37.500021	139.934054	4	-0.011	-0.993	9.600	4.500
1428383351976	37.500022	139.934049	4	-0.013	-1.019	9.612	4.500
1428383352077	37.500024	139.934044	4	-0.025	-1.033	9.576	4.500
1428383352177	37.500025	139.934039	4	-0.034	-1.052	9.482	4.500
1428383352278	37.500027	139.934035	4	-0.014	-1.092	9.502	4.500
1428383352379	37.500028	139.934030	4	-0.044	-1.176	9.606	4.477
1428383352479	37.500029	139.934026	4	-0.045	-1.238	9.632	4.452
1428383352575	37.500030	139.934022	4	-0.040	-1.244	9.502	4.427
1428383352676	37.500031	139.934018	4	-0.023	-1.276	9.548	4.402
1428383352777	37.500032	139.934014	4	-0.039	-1.342	9.587	4.376
1428383352877	37.500034	139.934010	4	-0.049	-1.373	9.587	4.352
1428383352978	37.500035	139.934006	4	-0.071	-1.369	9.528	4.326
1428383353079	37.500036	139.934001	4	-0.063	-1.358	9.527	4.302
1428383353179	37.500037	139.933997	4	-0.047	-1.370	9.531	4.277
1428383353275	37.500038	139.933994	4	-0.044	-1.423	9.536	4.254
1428383353376	37.500039	139.933990	4	-0.016	-1.445	9.557	4.126
1428383353476	37.500039	139.933987	4	-0.002	-1.421	9.465	3.985
1428383353577	37.500040	139.933984	4	0.042	-1.439	9.531	3.847
1428383353678	37.500041	139.933981	4	0.041	-1.460	9.606	3.714
1428383353779	37.500041	139.933978	4	0.032	-1.421	9.510	3.585
1428383353879	37.500042	139.933975	4	0.007	-1.409	9.490	3.462
1428383353975	37.500042	139.933972	4	-0.022	-1.431	9.601	3.347
1428383354076	37.500043	139.933969	4	-0.051	-1.396	9.568	3.231
1428383354176	37.500043	139.933967	4	-0.021	-1.253	9.504	3.121
1428383354277	37.500044	139.933964	4	0.005	-1.115	9.532	3.013
1428383354378	37.500044	139.933962	4	0.022	-0.996	9.568	2.864
1428383354478	37.500044	139.933961	4	0.012	-0.938	9.548	2.715
1428383354579	37.500044	139.933959	4	0.004	-0.880	9.522	2.571
1428383354675	37.500044	139.933957	4	0.010	-0.851	9.532	2.441
1428383354776	37.500045	139.933956	4	0.025	-0.810	9.543	2.310
1428383354876	37.500045	139.933954	4	0.034	-0.793	9.520	2.188
1428383354977	37.500045	139.933953	4	0.017	-0.750	9.552	2.071
1428383355078	37.500045	139.933952	4	0.011	-0.676	9.551	1.960
1428383355178	37.500045	139.933950	4	0.010	-0.604	9.545	1.857
1428383355279	37.500045	139.933949	4	0.029	-0.520	9.543	1.760
1428383355375	37.500046	139.933947	4	0.025	-0.467	9.524	1.750
1428383355476	37.500046	139.933946	4	0.001	-0.466	9.561	1.750
1428383355576	37.500047	139.933944	4	0.021	-0.475	9.562	1.750
1428383355677	37.500048	139.933942	4	0.048	-0.467	9.546	1.750
1428383355778	37.500048	139.933940	4	0.036	-0.462	9.545	1.750
1428383355878	37.500049	139.933938	4	0.024	-0.464	9.544	1.750
1428383355979	37.500050	139.933937	4	0.020	-0.439	9.546	1.750
1428383356075	37.500050	139.933935	4	0.035	-0.370	9.520	1.750
1428383356176	37.500051	139.933933	4	0.028	-0.294	9.503	1.750
1428383356276	37.500052	139.933931	4	0.013	-0.261	9.522	1.750
1428383356377	37.500050	139.933933	8	0.023	-0.250	9.538	1.586
1428383356478	37.500048	139.933935	8	0.032	-0.253	9.555	1.409
1428383356578	37.500046	139.933937	8	0.031	-0.279	9.558	1.248
1428383356679	37.500045	139.933938	8	0.020	-0.301	9.572	1.099
1428383356775	37.500043	139.933940	8	0.017	-0.328	9.553	0.970
1428383356875	37.500042	139.933941	8	0.018	-0.338	9.547	0.850
1428383356976	37.500041	139.933942	8	0.041	-0.339	9.564	0.743
1428383357077	37.500040	139.933943	8	0.057	-0.338	9.543	0.650
1428383357177	37.500039	139.933944	8	0.050	-0.339	9.554	0.572
1428383357278	37.500038	139.933945	8	0.023	-0.356	9.568	0.507
1428383357379	37.500035	139.933947	8	0.006	-0.368	9.553	0.415
1428383357475	37.500032	139.933948	8	0.007	-0.371	9.543	0.332
1428383357575	37.500030	139.933949	8	0.019	-0.365	9.569	0.256
1428383357676	37.500027	139.933951	8	0.032	-0.358	9.556	0.188
1428383357777	37.500025	139.933952	8	0.041	-0.338	9.538	0.132
1428383357877	37.500024	139.933952	8	0.046	-0.315	9.524	0.085
1428383357978	37.500023	139.933953	8	0.035	-0.301	9.531	0.049
1428383358079	37.500022	139.933954	8	0.015	-0.293	9.542	0.022
1428383358175	37.500021	139.933954	8	0.010	-0.289	9.522	0.007
1428383379172	37.499987	139.933897	5	0.073	0.968	9.566	1.500
1428383379177	37.499987	139.933897	5	0.078	0.958	9.578	1.500
1428383379278	37.499987	139.933895	5	0.047	0.383	9.774	1.500
1428383379379	37.499988	139.933892	6	0.116	0.094	9.811	1.581
1428383379479	37.499989	139.933888	6	0.143	-0.064	9.519	1.680
1428383379575	37.499990	139.933884	6	0.144	-0.171	9.404	1.781
1428383379676	37.499991	139.933879	6	0.159	-0.205	9.595	1.895
1428383379776	37.499992	139.933874	6	0.134	-0.258	9.660	2.016
1428383379877	37.499993	139.933869	6	0.098	-0.328	9.485	2.145
1428383379978	37.499994	139.933864	6	0.087	-0.339	9.574	2.281
1428383380078	37.499996	139.933858	6	0.048	-0.259	9.410	2.424
1428383380179	37.499997	139.933852	6	0.091	-0.275	9.427	2.575
1428383380275	37.499999	139.933846	6	0.124	-0.414	9.877	2.726
1428383380376	37.500000	139.933842	6	0.105	-0.424	9.780	2.750
1428383380476	37.500000	139.933838	6	0.149	-0.295	9.449	2.750
1428383380577	37.500001	139.933835	6	0.186	-0.245	9.486	2.750
1428383380678	37.500002	139.933831	6	0.159	-0.285	9.607	2.750
1428383380778	37.500002	139.933827	6	0.182	-0.300	9.508	2.750
1428383380879	37.500003	139.933824	6	0.129	-0.279	9.471	2.750
1428383380975	37.500004	139.933820	6	0.137	-0.284	9.623	2.750
1428383381075	37.500004	139.933817	6	0.094	-0.308	9.664	2.750
1428383381176	37.500005	139.933813	6	0.033	-0.276	9.390	2.750
1428383381277	37.500006	139.933809	6	0.041	-0.324	9.484	2.750
1428383381378	37.500007	139.933806	5	0.064	-0.406	9.564	2.750
1428383381478	37.500008	139.933802	5	-0.007	-0.468	9.542	2.750
1428383381579	37.500008	139.933799	5	-0.027	-0.445	9.675	2.750
1428383381675	37.500009	139.933795	5	-0.065	-0.489	9.602	2.750
1428383381775	37.500010	139.933792	5	-0.079	-0.597	9.540	2.750
1428383381876	37.500011	139.933788	5	-0.102	-0.612	9.503	2.750
1428383381977	37.500011	139.933784	5	-0.172	-0.621	9.619	2.750
1428383382078	37.500012	139.933781	5	-0.287	-0.560	9.430	2.750
1428383382178	37.500013	139.933777	5	-0.323	-0.557	9.358	2.750
1428383382279	37.500014	139.933773	5	-0.477	-0.714	9.797	2.750
1428383382375	37.500015	139.933770	5	-0.648	-0.702	9.697	2.728
1428383382475	37.500015	139.933767	5	-0.692	-0.670	9.393	2.702
1428383382576	37.500016	139.933763	5	-0.715	-0.675	9.349	2.676
1428383382677	37.500016	139.933760	5	-0.747	-0.560	9.582	2.650
1428383382777	37.500017	139.933757	5	-0.714	-0.404	9.608	2.625
1428383382878	37.500018	139.933753	5	-0.553	-0.241	9.582	2.600
1428383382979	37.500018	139.933750	5	-0.452	-0.144	9.550	2.575
1428383383075	37.500019	139.933747	5	-0.444	-0.203	9.640	2.552
1428383383175	37.500019	139.933744	5	-0.602	-0.211	9.579	2.528
1428383383276	37.500020	139.933740	5	-0.679	-0.235	9.525	2.503
1428383383377	37.500020	139.933737	5	-0.725	-0.217	9.576	2.500
1428383383477	37.500020	139.933734	5	-0.930	-0.301	9.599	2.500
1428383383578	37.500020	139.933731	5	-1.101	-0.354	9.616	2.500
1428383383679	37.500020	139.933728	5	-1.085	-0.377	9.579	2.500
1428383383775	37.500020	139.933725	5	-0.904	-0.321	9.610	2.500
1428383383875	37.500021	139.933722	5	-0.907	-0.305	9.496	2.500
1428383383976	37.500021	139.933719	5	-0.942	-0.323	9.556	2.500
1428383384077	37.500021	139.933716	5	-1.076	-0.348	9.473	2.500
1428383384177	37.500021	139.933713	5	-1.045	-0.549	9.994	2.500
1428383384278	37.500021	139.933709	5	-1.027	-0.538	9.807	2.500
1428383384379	37.500021	139.933707	5	-1.098	-0.220	8.845	2.500
1428383384479	37.500021	139.933704	5	-1.175	-0.247	9.227	2.500
1428383384575	37.500021	139.933701	5	-1.084	-0.140	9.362	2.500
1428383384676	37.500021	139.933698	5	-0.791	-0.221	9.725	2.500
1428383384777	37.500021	139.933695	5	-0.998	-0.702	10.364	2.500
1428383384877	37.500021	139.933693	5	-1.067	-0.587	9.876	2.500
1428383384978	37.500021	139.933690	5	-0.881	-0.308	9.434	2.500
1428383385079	37.500021	139.933687	5	-1.182	-0.383	9.519	2.500
1428383385179	37.500021	139.933684	5	-1.369	-0.470	9.330	2.500
1428383385275	37.500021	139.933681	5	-1.335	-0.431	9.297	2.500
1428383385376	37.500019	139.933679	5	-1.098	-0.393	9.346	2.500
1428383385476	37.500017	139.933678	5	-0.899	-0.352	9.489	2.500
1428383385577	37.500015	139.933676	5	-0.665	-0.270	9.440	2.500
1428383385678	37.500013	139.933674	5	-0.532	-0.100	9.391	2.500
1428383385778	37.500011	139.933672	5	-0.604	0.036	9.450	2.500
1428383385879	37.500009	139.933670	5	-0.809	-0.007	9.699	2.500
1428383385975	37.500007	139.933669	5	-1.079	-0.077	9.558	2.500
1428383386076	37.500004	139.933667	5	-1.101	-0.174	9.298	2.500
1428383386176	37.500002	139.933665	5	-0.743	-0.160	9.375	2.500
1428383386277	37.500000	139.933663	5	-0.268	-0.132	9.626	2.500
1428383386378	37.499998	139.933662	4	0.046	-0.022	9.844	2.500
1428383386478	37.499996	139.933661	4	-0.048	-0.081	9.630	2.500
1428383386579	37.499994	139.933660	4	-0.262	-0.173	9.560	2.500
1428383386675	37.499992	139.933659	4	-0.314	-0.194	9.636	2.500
1428383386776	37.499990	139.933658	4	-0.301	-0.125	9.591	2.500
1428383386876	37.499988	139.933657	4	-0.448	-0.108	9.402	2.500
1428383386977	37.499986	139.933656	4	-0.499	-0.133	9.426	2.500
1428383387078	37.499984	139.933655	4	-0.353	-0.050	9.610	2.500
1428383387178	37.499982	139.933654	4	-0.215	0.070	9.550	2.500
1428383387279	37.499980	139.933653	4	-0.219	0.030	9.394	2.500
1428383387375	37.499978	139.933652	4	-0.237	-0.104	9.788	2.500
1428383387475	37.499976	139.933651	4	-0.054	-0.094	9.688	2.500
1428383387576	37.499974	139.933649	4	0.066	0.014	9.469	2.500
1428383387677	37.499972	139.933648	4	0.015	0.016	9.497	2.500
1428383387778	37.499970	139.933647	4	-0.027	-0.026	9.601	2.500
1428383387878	37.499968	139.933645	4	0.025	-0.005	9.609	2.500
1428383387979	37.499966	139.933644	4	0.036	0.001	9.571	2.500
1428383388075	37.499964	139.933643	4	0.032	-0.017	9.543	2.500
1428383388176	37.499962	139.933641	4	0.043	0.008	9.571	2.500
1428383388277	37.499960	139.933640	4	-0.001	-0.006	9.533	2.500
1428383388377	37.499958	139.933639	6	0.016	-0.016	9.494	2.500
1428383388477	37.499956	139.933638	6	0.068	-0.009	9.497	2.500
1428383388578	37.499954	139.933637	6	0.146	-0.006	9.585	2.500
1428383388679	37.499952	139.933635	6	0.167	-0.016	9.565	2.500
1428383388775	37.499950	139.933634	6	0.169	-0.009	9.542	2.500
1428383388875	37.499948	139.933633	6	0.139	-0.038	9.574	2.500
1428383388976	37.499946	139.933632	6	0.167	-0.023	9.576	2.500
1428383389077	37.499944	139.933631	6	0.158	0.011	9.520	2.500
1428383389177	37.499942	139.933629	6	0.126	-0.004	9.573	2.500
1428383389278	37.499940	139.933628	6	0.089	-0.015	9.565	2.500
1428383389379	37.499939	139.933628	6	0.085	0.023	9.525	2.477
1428383389475	37.499937	139.933629	6	0.064	0.013	9.541	2.452
1428383389575	37.499936	139.933629	6	0.045	-0.025	9.573	2.426
1428383389676	37.499934	139.933629	6	0.052	-0.022	9.579	2.400
1428383389777	37.499933	139.933629	6	0.073	-0.016	9.560	2.375
1428383389877	37.499932	139.933630	6	0.073	-0.010	9.559	2.350
1428383389978	37.499930	139.933630	6	0.065	0.011	9.564	2.325
1428383390079	37.499929	139.933630	6	0.064	0.006	9.568	2.301
1428383390180	37.499927	139.933631	6	0.057	-0.008	9.554	2.276
1428383390275	37.499926	139.933631	6	0.068	0.022	9.548	2.254
1428383390376	37.499924	139.933631	5	0.074	0.006	9.578	2.250
1428383390477	37.499922	139.933630	5	0.096	-0.023	9.574	2.250
1428383390577	37.499921	139.933630	5	0.146	-0.012	9.520	2.250
1428383390678	37.499919	139.933629	5	0.192	0.012	9.538	2.250
1428383390779	37.499917	139.933629	5	0.190	0.026	9.518	2.250
1428383390879	37.499915	139.933629	5	0.155	0.037	9.552	2.250
1428383390975	37.499913	139.933628	5	0.089	0.066	9.534	2.250
1428383391076	37.499911	139.933628	5	0.083	0.042	9.551	2.250
1428383391176	37.499909	139.933627	5	0.084	0.064	9.567	2.250
1428383391277	37.499907	139.933627	5	0.090	0.100	9.531	2.250
1428383391378	37.499905	139.933627	4	0.088	0.117	9.499	2.271
1428383391479	37.499903	139.933626	4	0.167	0.073	9.597	2.295
1428383391579	37.499901	139.933626	4	0.191	0.091	9.614	2.320
1428383391675	37.499898	139.933625	4	0.176	0.124	9.494	2.343
1428383391776	37.499896	139.933625	4	0.152	0.129	9.538	2.368
1428383391876	37.499894	139.933624	4	0.144	0.137	9.595	2.393
1428383391977	37.499891	139.933624	4	0.149	0.117	9.557	2.419
1428383392078	37.499889	139.933623	4	0.113	0.128	9.564	2.445
1428383392179	37.499887	139.933623	4	0.104	0.174	9.542	2.471
1428383392279	37.499884	139.933622	4	0.124	0.202	9.591	2.497
1428383392375	37.499882	139.933621	3	0.142	0.240	9.595	2.500
1428383392476	37.499880	139.933621	3	0.138	0.287	9.553	2.500
1428383392576	37.499877	139.933620	3	0.136	0.361	9.552	2.500
1428383392677	37.499875	139.933619	3	0.140	0.417	9.556	2.500
1428383392778	37.499872	139.933619	3	0.114	0.454	9.527	2.500
1428383392879	37.499870	139.933618	3	0.120	0.470	9.579	2.500
1428383392979	37.499867	139.933617	3	0.116	0.518	9.518	2.500
1428383393075	37.499865	139.933617	3	0.107	0.570	9.535	2.500
1428383399173	37.499584	139.933486	6	0.078	0.558	9.603	6.750
1428383399178	37.499583	139.933486	6	0.074	0.556	9.604	6.750
1428383399278	37.499578	139.933483	6	0.026	0.346	9.499	6.750
1428383399379	37.499578	139.933482	13	0.043	0.178	9.543	6.601
1428383399475	37.499579	139.933481	13	0.036	0.098	9.451	6.444
1428383399576	37.499579	139.933480	13	0.062	-0.011	9.331	6.283
1428383399676	37.499580	139.933479	13	0.031	-0.019	9.635	6.127
1428383399777	37.499581	139.933478	13	0.110	-0.014	10.031	5.973
1428383399878	37.499582	139.933477	13	0.274	0.146	9.669	5.823
1428383399978	37.499583	139.933476	13	0.241	0.230	9.580	5.678
1428383400079	37.499583	139.933475	13	0.208	0.239	9.760	5.535
1428383407174	37.499056	139.933302	9	0.129	0.338	9.768	8.779
1428383407179	37.499055	139.933302	9	0.123	0.348	9.755	8.777
1428383407275	37.499047	139.933299	9	0.027	0.298	9.774	8.754
1428383407375	37.499039	139.933295	6	-0.067	0.221	9.706	8.771
1428383407476	37.499031	139.933292	6	-0.126	0.226	9.471	8.796
1428383407577	37.499023	139.933288	6	-0.171	0.184	9.510	8.821
1428383407678	37.499015	139.933285	6	-0.152	0.126	9.584	8.846
1428383407778	37.499007	139.933281	6	-0.126	0.102	9.612	8.871
1428383407879	37.498999	139.933278	6	-0.095	0.045	9.639	8.896
1428383407975	37.498991	139.933274	6	-0.089	0.056	9.657	8.920
1428383408075	37.498983	139.933271	6	-0.128	0.134	9.504	8.946
1428383408176	37.498975	139.933267	6	-0.123	0.113	9.531	8.971
1428383408277	37.498967	139.933263	6	-0.101	0.052	9.620	8.997
1428383408377	37.498960	139.933260	7	-0.119	0.033	9.805	8.932
1428383408478	37.498954	139.933256	7	-0.147	0.001	9.681	8.854
1428383408579	37.498947	139.933252	7	-0.212	0.058	9.541	8.777
1428383408679	37.498941	139.933249	7	-0.230	0.094	9.497	8.700
1428383408775	37.498935	139.933245	7	-0.249	0.074	9.525	8.628
1428383408876	37.498928	139.933242	7	-0.231	0.088	9.457	8.553
1428383408977	37.498922	139.933238	7	-0.229	0.030	9.485	8.478
1428383409077	37.498916	139.933234	7	-0.215	-0.005	9.520	8.404
1428383409178	37.498910	139.933231	7	-0.196	-0.019	9.462	8.331
1428383409279	37.498904	139.933227	7	-0.182	-0.044	9.506	8.258
1428383409379	37.498897	139.933226	7	-0.188	0.058	9.398	8.250
1428383409475	37.498890	139.933224	7	-0.237	-0.024	9.812	8.250
1428383409576	37.498884	139.933222	7	-0.301	-0.042	9.772	8.250
1428383409677	37.498877	139.933221	7	-0.352	0.059	9.445	8.250
1428383409777	37.498870	139.933219	7	-0.278	0.090	9.442	8.250
1428383409878	37.498863	139.933218	7	-0.333	0.066	9.793	8.250
1428383409979	37.498856	139.933216	7	-0.388	0.188	9.732	8.250
1428383410079	37.498849	139.933214	7	-0.421	0.202	9.735	8.250
1428383410175	37.498843	139.933213	7	-0.397	0.189	9.596	8.250
1428383410276	37.498836	139.933211	7	-0.292	0.265	9.696	8.250
1428383410376	37.498828	139.933208	7	-0.263	0.263	9.722	8.206
1428383410477	37.498821	139.933204	7	-0.168	0.297	9.587	8.154
1428383410578	37.498813	139.933200	7	-0.171	0.386	9.365	8.103
1428383410679	37.498805	139.933196	7	-0.071	0.263	9.630	8.052
1428383410779	37.498798	139.933193	7	-0.033	0.202	9.806	8.002
1428383410875	37.498791	139.933189	7	-0.162	0.288	9.382	7.954
1428383410976	37.498783	139.933185	7	-0.246	0.321	9.061	7.904
1428383411076	37.498776	139.933182	7	-0.149	0.106	9.746	7.854
1428383411177	37.498768	139.933178	7	-0.070	0.008	10.238	7.805
1428383411278	37.498761	139.933174	7	-0.076	0.065	9.937	7.756
1428383411379	37.498755	139.933171	7	-0.275	0.073	9.394	7.772
1428383411479	37.498749	139.933168	7	-0.263	0.182	9.467	7.797
1428383411575	37.498743	139.933165	7	-0.097	0.330	9.612	7.820
1428383411676	37.498737	139.933162	7	-0.235	0.440	9.407	7.846
1428383411776	37.498731	139.933159	7	-0.126	0.350	9.416	7.871
1428383411877	37.498724	139.933155	7	-0.072	0.249	9.488	7.896
1428383411978	37.498718	139.933152	7	-0.072	0.185	9.515	7.921
1428383412078	37.498712	139.933149	7	-0.100	0.266	9.307	7.946
1428383412179	37.498706	139.933146	7	-0.113	0.282	9.237	7.972
1428383412275	37.498700	139.933142	7	-0.111	0.286	9.409	7.996
1428383412375	37.498693	139.933139	8	-0.080	0.293	9.612	8.000
1428383412476	37.498687	139.933136	8	-0.044	0.279	9.583	8.000
1428383412577	37.498680	139.933133	8	-0.070	0.272	9.571	8.000
1428383412678	37.498673	139.933130	8	-0.018	0.281	9.556	8.000
1428383412778	37.498666	139.933127	8	-0.049	0.321	9.586	8.000
1428383412879	37.498660	139.933124	8	-0.052	0.347	9.735	8.000
1428383412975	37.498653	139.933121	8	-0.054	0.334	9.792	8.000
1428383413075	37.498646	139.933118	8	-0.053	0.342	9.701	8.000
1428383415170	37.498500	139.933038	9	-0.055	0.418	9.491	8.470
1428383415175	37.498500	139.933038	9	-0.052	0.420	9.483	8.471
1428383415276	37.498493	139.933034	9	-0.043	0.332	9.422	8.496
1428383415377	37.498485	139.933031	8	-0.123	0.149	9.667	8.500
1428383415477	37.498476	139.933028	8	-0.017	0.236	9.226	8.500
1428383415578	37.498468	139.933025	8	-0.006	0.264	9.301	8.500
1428383415679	37.498460	139.933022	8	-0.009	0.003	9.918	8.500
1428383415775	37.498452	139.933019	8	0.041	-0.004	9.837	8.500
1428383415875	37.498443	139.933016	8	-0.047	0.098	9.300	8.500
1428383415976	37.498435	139.933013	8	-0.114	-0.010	9.329	8.500
1428383416077	37.498427	139.933010	8	-0.015	0.068	9.570	8.500
1428383416177	37.498418	139.933007	8	-0.070	0.122	9.648	8.500
1428383416278	37.498410	139.933004	8	-0.181	0.080	9.558	8.500
1428383416379	37.498401	139.933000	9	-0.214	0.068	9.412	8.564
1428383416479	37.498391	139.932997	9	-0.210	0.032	9.626	8.637
1428383416575	37.498382	139.932993	9	-0.219	-0.052	9.815	8.707
1428383416676	37.498373	139.932989	9	-0.195	-0.019	9.743	8.782
1428383416776	37.498363	139.932985	9	-0.172	0.038	9.574	8.857
1428383416877	37.498353	139.932980	9	-0.166	0.050	9.546	8.933
1428383416978	37.498343	139.932976	9	-0.158	0.129	9.528	9.009
1428383417079	37.498333	139.932972	9	-0.146	0.169	9.459	9.086
1428383417179	37.498323	139.932968	9	-0.109	0.123	9.405	9.164
1428383417275	37.498314	139.932964	9	-0.113	0.051	9.506	9.238
1428383417376	37.498306	139.932961	9	-0.127	0.036	9.421	9.183
1428383417476	37.498299	139.932959	9	-0.123	0.053	9.266	9.106
1428383417577	37.498292	139.932956	9	-0.097	0.042	9.322	9.028
1428383417678	37.498285	139.932954	9	-0.109	0.030	9.574	8.951
1428383417779	37.498279	139.932952	9	-0.105	0.082	9.445	8.875
1428383417879	37.498272	139.932950	9	-0.105	0.106	9.351	8.801
1428383417975	37.498265	139.932948	9	-0.116	0.035	9.600	8.729
1428383418076	37.498259	139.932946	9	-0.117	-0.044	9.823	8.655
1428383418176	37.498252	139.932943	9	-0.095	0.010	9.536	8.582
1428383418277	37.498246	139.932941	9	-0.105	0.045	9.402	8.509
1428383418378	37.498239	139.932937	10	-0.159	-0.012	9.598	8.500
1428383418478	37.498232	139.932932	10	-0.164	-0.012	9.819	8.500
1428383418579	37.498225	139.932927	10	-0.209	-0.007	9.727	8.500
1428383418675	37.498219	139.932922	10	-0.200	-0.035	9.702	8.500
1428383418775	37.498212	139.932917	10	-0.227	-0.008	9.770	8.500
1428383418876	37.498205	139.932912	10	-0.208	0.130	9.218	8.500
1428383418977	37.498198	139.932907	10	-0.150	0.170	9.276	8.500
1428383419078	37.498191	139.932902	10	-0.094	-0.159	9.865	8.500
1428383419178	37.498185	139.932897	10	-0.135	-0.187	9.909	8.500
1428383419279	37.498178	139.932892	10	-0.144	-0.145	9.393	8.500
1428383419375	37.498171	139.932889	10	-0.189	-0.253	9.287	8.500
1428383419475	37.498163	139.932886	10	-0.256	-0.166	9.384	8.500
1428383419576	37.498155	139.932883	10	-0.091	-0.099	9.517	8.500
1428383419677	37.498148	139.932880	10	0.018	-0.167	9.542	8.500
1428383419778	37.498140	139.932877	10	0.041	-0.341	9.802	8.500
1428383419878	37.498132	139.932874	10	-0.056	-0.364	9.786	8.500
1428383419980	37.498125	139.932871	10	-0.175	-0.178	9.255	8.500
1428383420075	37.498117	139.932868	10	-0.214	-0.169	9.410	8.500
1428383420175	37.498110	139.932865	10	-0.111	-0.196	9.697	8.500
1428383420276	37.498102	139.932862	10	-0.054	-0.179	9.802	8.500
1428383420377	37.498098	139.932860	11	-0.102	-0.256	9.766	8.358
1428383420478	37.498094	139.932859	11	-0.096	-0.283	9.490	8.196
1428383420578	37.498090	139.932857	11	-0.139	-0.174	9.537	8.038
1428383420679	37.498086	139.932855	11	-0.211	-0.088	9.508	7.882
1428383420775	37.498082	139.932853	11	-0.195	-0.062	9.432	7.736
1428383420875	37.498078	139.932852	11	-0.158	-0.022	9.580	7.587
1428383420976	37.498075	139.932850	11	-0.183	-0.070	9.683	7.440
1428383421077	37.498071	139.932848	11	-0.151	0.030	9.485	7.295
1428383421177	37.498068	139.932847	11	-0.151	0.088	9.324	7.155
1428383421278	37.498064	139.932845	11	-0.132	0.095	9.455	7.016
1428383421379	37.498058	139.932844	11	-0.131	0.094	9.473	7.022
1428383421475	37.498051	139.932843	11	-0.094	0.121	9.553	7.046
1428383421575	37.498044	139.932841	11	-0.076	0.070	9.696	7.070
1428383421676	37.498037	139.932840	11	-0.042	0.091	9.600	7.095
1428383421777	37.498029	139.932839	11	0.027	0.142	9.557	7.121
1428383421877	37.498022	139.932837	11	0.029	0.233	9.534	7.146
1428383421978	37.498015	139.932836	11	0.024	0.380	9.452	7.171
1428383422079	37.498007	139.932835	11	0.032	0.396	9.461	7.197
1428383422179	37.498000	139.932833	11	0.010	0.373	9.646	7.222
1428383422275	37.497993	139.932832	11	0.013	0.343	9.686	7.246
1428383422376	37.497987	139.932827	12	-0.005	0.408	9.405	7.271
1428383422477	37.497982	139.932821	12	0.017	0.401	9.455	7.296
1428383422577	37.497976	139.932815	12	0.047	0.321	9.729	7.321
1428383422678	37.497971	139.932809	12	0.047	0.348	9.611	7.346
1428383422779	37.497965	139.932803	12	0.063	0.412	9.320	7.371
1428383422879	37.497960	139.932797	12	0.091	0.292	9.368	7.396
1428383422975	37.497955	139.932792	12	0.101	0.141	9.661	7.420
1428383423076	37.497949	139.932786	12	0.137	0.099	9.618	7.446
1428383423176	37.497943	139.932780	12	0.125	0.075	9.484	7.471
1428383423277	37.497938	139.932774	12	0.125	-0.058	9.556	7.497
1428383423378	37.497930	139.932775	12	0.143	-0.206	9.531	7.478
1428383423479	37.497922	139.932776	12	0.115	-0.164	9.633	7.452
1428383423579	37.497914	139.932778	12	0.131	-0.137	9.677	7.427
1428383423675	37.497907	139.932780	12	0.112	-0.218	9.469	7.403
1428383423776	37.497899	139.932782	12	0.152	-0.144	9.512	7.377
1428383423876	37.497891	139.932784	12	0.203	-0.190	9.583	7.352
1428383423977	37.497883	139.932785	12	0.180	-0.196	9.566	7.327
1428383424078	37.497875	139.932787	12	0.174	-0.193	9.554	7.302
1428383424179	37.497868	139.932789	12	0.156	-0.203	9.560	7.277
1428383424279	37.497860	139.932791	12	0.126	-0.218	9.544	7.253
1428383424375	37.497852	139.932789	12	0.134	-0.203	9.442	7.271
1428383424476	37.497845	139.932786	12	0.146	-0.175	9.431	7.296
1428383424576	37.497837	139.932783	12	0.153	-0.183	9.572	7.321
1428383424677	37.497829	139.932780	12	0.159	-0.227	9.638	7.346
1428383424778	37.497821	139.932777	12	0.078	-0.202	9.530	7.371
1428383424878	37.497813	139.932775	12	0.009	-0.182	9.485	7.396
1428383424979	37.497806	139.932772	12	-0.015	-0.238	9.563	7.421
1428383425075	37.497798	139.932769	12	-0.044	-0.227	9.508	7.446
1428383425175	37.497790	139.932766	12	-0.057	-0.197	9.476	7.471
1428383425276	37.497782	139.932763	12	-0.044	-0.193	9.626	7.496
1428383425377	37.497778	139.932761	12	-0.041	-0.216	9.586	7.356
1428383425478	37.497775	139.932759	12	-0.048	-0.199	9.464	7.193
1428383425578	37.497773	139.932757	12	-0.038	-0.152	9.538	7.034
1428383425679	37.497770	139.932755	12	-0.063	-0.172	9.600	6.877
1428383425775	37.497767	139.932753	12	-0.070	-0.177	9.532	6.731
1428383425875	37.497764	139.932751	12	-0.038	-0.160	9.469	6.582
1428383425976	37.497762	139.932749	12	-0.073	-0.179	9.555	6.435
1428383426077	37.497759	139.932747	12	-0.093	-0.295	9.633	6.292
1428383426178	37.497757	139.932745	12	-0.097	-0.366	9.596	6.151
1428383426278	37.497754	139.932743	12	-0.060	-0.362	9.500	6.016
1428383426379	37.497749	139.932741	12	-0.071	-0.353	9.447	5.929
1428383426475	37.497743	139.932739	12	-0.071	-0.433	9.588	5.854
1428383426575	37.497737	139.932737	12	-0.056	-0.479	9.595	5.776
1428383426676	37.497731	139.932735	12	-0.082	-0.480	9.584	5.699
1428383426777	37.497725	139.932732	12	-0.108	-0.497	9.630	5.622
1428383426878	37.497719	139.932730	12	-0.093	-0.521	9.568	5.547
1428383426978	37.497713	139.932728	12	-0.042	-0.528	9.441	5.473
1428383427079	37.497708	139.932726	12	-0.002	-0.531	9.486	5.400
1428383427175	37.497702	139.932724	12	-0.018	-0.528	9.643	5.331
1428383427275	37.497697	139.932722	12	0.006	-0.540	9.594	5.261
1428383427376	37.497693	139.932719	8	0.035	-0.523	9.461	5.228
1428383427477	37.497689	139.932715	8	0.029	-0.565	9.498	5.202
1428383427577	37.497685	139.932712	8	-0.026	-0.570	9.541	5.177
1428383427678	37.497681	139.932708	8	0.021	-0.564	9.492	5.152
1428383427779	37.497677	139.932705	8	-0.034	-0.597	9.489	5.126
1428383427879	37.497673	139.932701	8	0.006	-0.650	9.592	5.101
1428383427975	37.497669	139.932698	8	0.021	-0.682	9.563	5.077
1428383428076	37.497665	139.932694	8	-0.018	-0.694	9.457	5.052
1428383428177	37.497661	139.932691	8	-0.053	-0.699	9.527	5.028
1428383428277	37.497657	139.932687	8	-0.060	-0.693	9.563	5.003
1428383428378	37.497656	139.932685	10	-0.024	-0.712	9.533	4.876
1428383428479	37.497654	139.932682	10	-0.050	-0.725	9.473	4.736
1428383428579	37.497653	139.932680	10	-0.070	-0.732	9.496	4.602
1428383428675	37.497652	139.932678	10	-0.089	-0.809	9.566	4.476
1428383428776	37.497651	139.932676	10	-0.017	-0.899	9.608	4.348
1428383428877	37.497650	139.932673	10	0.033	-0.973	9.534	4.223
1428383428977	37.497648	139.932671	10	0.032	-0.992	9.450	4.103
1428383429078	37.497647	139.932669	10	-0.000	-1.018	9.553	3.985
1428383429179	37.497646	139.932667	10	-0.038	-1.045	9.610	3.871
1428383429279	37.497645	139.932665	10	-0.116	-1.037	9.497	3.762
1428383429375	37.497643	139.932664	10	-0.137	-1.051	9.517	3.653
1428383429476	37.497640	139.932663	10	-0.083	-1.078	9.589	3.541
1428383429577	37.497637	139.932662	10	-0.047	-1.099	9.564	3.432
1428383429677	37.497635	139.932661	10	-0.027	-1.084	9.514	3.327
1428383429778	37.497632	139.932660	10	-0.021	-1.063	9.524	3.224
1428383429879	37.497630	139.932659	10	-0.046	-1.075	9.549	3.124
1428383429979	37.497628	139.932658	10	-0.060	-1.078	9.554	3.028
1428383430075	37.497626	139.932657	10	-0.066	-1.073	9.538	2.939
1428383430176	37.497623	139.932656	10	-0.091	-1.081	9.552	2.848
1428383430276	37.497621	139.932655	10	-0.094	-1.094	9.577	2.762
1428383430377	37.497620	139.932654	7	-0.076	-1.079	9.562	2.675
1428383430478	37.497618	139.932653	7	-0.079	-1.092	9.526	2.591
1428383430578	37.497616	139.932652	7	-0.072	-1.099	9.554	2.510
1428383430679	37.497615	139.932651	7	-0.065	-1.044	9.551	2.430
1428383430775	37.497613	139.932650	7	-0.086	-0.971	9.546	2.357
1428383430876	37.497612	139.932649	7	-0.108	-0.886	9.530	2.282
1428383430976	37.497610	139.932648	7	-0.111	-0.807	9.528	2.210
1428383431077	37.497609	139.932647	7	-0.095	-0.749	9.559	2.140
1428383431178	37.497607	139.932646	7	-0.082	-0.691	9.531	2.072
1428383431278	37.497606	139.932645	7	-0.072	-0.639	9.548	2.008
1428383431379	37.497605	139.932643	8	-0.061	-0.589	9.566	1.950
1428383431475	37.497604	139.932642	8	-0.052	-0.530	9.555	1.897
1428383431576	37.497603	139.932640	8	-0.071	-0.470	9.553	1.842
1428383431676	37.497602	139.932639	8	-0.084	-0.421	9.551	1.790
1428383431777	37.497601	139.932637	8	-0.081	-0.367	9.550	1.739
1428383431878	37.497600	139.932636	8	-0.070	-0.319	9.549	1.689
1428383431978	37.497600	139.932634	8	-0.063	-0.294	9.531	1.641
1428383432079	37.497599	139.932633	8	-0.051	-0.283	9.549	1.594
1428383432175	37.497598	139.932632	8	-0.046	-0.259	9.568	1.550
1428383432275	37.497597	139.932630	8	-0.053	-0.202	9.546	1.506
1428383432376	37.497597	139.932628	11	-0.064	-0.148	9.531	1.416
1428383432477	37.497598	139.932626	11	-0.072	-0.113	9.526	1.322
1428383432578	37.497598	139.932625	11	-0.075	-0.090	9.554	1.233
1428383432678	37.497598	139.932623	11	-0.085	-0.075	9.550	1.150
1428383432779	37.497599	139.932621	11	-0.076	-0.034	9.552	1.071
1428383432875	37.497599	139.932620	11	-0.071	-0.006	9.529	1.001
1428383432975	37.497599	139.932619	11	-0.077	-0.003	9.557	0.932
1428383433076	37.497600	139.932617	11	-0.073	-0.007	9.558	0.868
1428383433177	37.497600	139.932616	11	-0.055	0.012	9.531	0.810
1428383433278	37.497600	139.932615	11	-0.055	0.018	9.533	0.756
1428383433378	37.497598	139.932616	11	-0.072	0.035	9.540	0.724
1428383433479	37.497597	139.932617	11	-0.083	0.049	9.523	0.695
1428383433575	37.497595	139.932618	11	-0.077	0.054	9.530	0.669
1428383433675	37.497594	139.932618	11	-0.069	0.045	9.552	0.642
1428383433776	37.497592	139.932619	11	-0.070	0.046	9.520	0.616
1428383433877	37.497590	139.932620	11	-0.077	0.054	9.514	0.591
1428383433977	37.497589	139.932621	11	-0.075	0.050	9.546	0.567
1428383434078	37.497588	139.932622	11	-0.070	0.041	9.538	0.545
1428383434179	37.497586	139.932622	11	-0.066	0.038	9.519	0.523
1428383434275	37.497585	139.932623	11	-0.067	0.031	9.548	0.503
1428383434375	37.497587	139.932622	10	-0.067	0.030	9.556	0.419
1428383434476	37.497588	139.932621	10	-0.067	0.050	9.551	0.331
1428383434577	37.497590	139.932620	10	-0.060	0.059	9.557	0.254
1428383434677	37.497591	139.932619	10	-0.060	0.062	9.562	0.188
1428383434778	37.497592	139.932619	10	-0.063	0.054	9.543	0.131
1428383434879	37.497593	139.932618	10	-0.066	0.098	9.561	0.084
1428383434979	37.497594	139.932618	10	-0.064	0.199	9.582	0.048
1428383435075	37.497595	139.932617	10	-0.066	0.286	9.549	0.023
1428383435176	37.497595	139.932617	10	-0.076	0.328	9.514	0.006
1428383481174	37.497205	139.932459	23	-0.076	0.271	9.534	6.750
1428383481179	37.497204	139.932459	23	-0.077	0.272	9.538	6.750
1428383481275	37.497198	139.932456	23	-0.123	0.181	9.558	6.750
1428383481376	37.497192	139.932454	15	-0.198	0.054	9.676	6.705
1428383481476	37.497187	139.932452	15	-0.188	0.010	9.659	6.654
1428383481577	37.497182	139.932450	15	-0.171	0.038	9.569	6.603
1428383481678	37.497177	139.932448	15	-0.154	-0.004	9.540	6.551
1428383481778	37.497172	139.932446	15	-0.183	-0.056	9.511	6.501
1428383481879	37.497166	139.932444	15	-0.186	-0.063	9.719	6.451
1428383481975	37.497162	139.932442	15	-0.164	-0.078	9.823	6.403
1428383482076	37.497157	139.932440	15	-0.194	-0.029	9.564	6.354
1428383482176	37.497152	139.932438	15	-0.114	-0.025	9.513	6.305
1428383482277	37.497147	139.932436	15	-0.199	-0.002	9.450	6.256
1428383482378	37.497140	139.932435	14	-0.234	0.061	9.425	6.272
1428383482478	37.497133	139.932433	14	-0.195	-0.040	9.695	6.296
1428383482579	37.497126	139.932432	14	-0.132	-0.091	9.680	6.321
1428383482675	37.497120	139.932430	14	-0.122	-0.147	9.594	6.345
1428383482775	37.497113	139.932429	14	-0.138	0.077	9.600	6.370
1428383482876	37.497106	139.932427	14	-0.158	0.279	9.311	6.395
1428383482977	37.497099	139.932426	14	-0.157	0.326	9.406	6.421
1428383483078	37.497092	139.932424	14	-0.188	0.376	9.630	6.446
1428383483178	37.497085	139.932423	14	-0.120	0.354	9.716	6.472
1428383483279	37.497078	139.932421	14	-0.135	0.466	9.516	6.497
1428383483375	37.497072	139.932419	14	-0.174	0.495	9.464	6.521
1428383483475	37.497065	139.932416	14	-0.150	0.526	9.571	6.546
1428383483576	37.497059	139.932414	14	-0.135	0.601	9.556	6.571
1428383483677	37.497053	139.932411	14	-0.098	0.663	9.572	6.596
1428383483777	37.497046	139.932409	14	-0.123	0.699	9.488	6.621
1428383483878	37.497040	139.932406	14	-0.233	0.729	9.374	6.646
1428383483979	37.497033	139.932404	14	-0.262	0.673	9.594	6.671
1428383484075	37.497027	139.932401	14	-0.222	0.600	9.825	6.695
1428383488173	37.496729	139.932243	11	-0.212	0.713	9.463	8.029
1428383488178	37.496729	139.932243	11	-0.209	0.715	9.463	8.028
1428383488279	37.496722	139.932240	11	-0.180	0.337	9.443	8.003
1428383488375	37.496714	139.932238	13	-0.215	0.018	9.735	8.000
1428383488476	37.496705	139.932236	13	-0.215	-0.118	9.850	8.000
1428383488576	37.496696	139.932234	13	-0.278	-0.233	9.804	8.000
1428383488677	37.496687	139.932232	13	-0.271	-0.236	9.555	8.000
1428383488778	37.496679	139.932230	13	-0.240	-0.203	9.399	8.000
1428383488878	37.496670	139.932228	13	-0.170	-0.126	9.557	8.000
1428383488979	37.496661	139.932226	13	0.058	-0.124	9.925	8.000
1428383489075	37.496653	139.932224	13	0.019	-0.189	10.157	8.000
1428383489175	37.496644	139.932221	13	-0.056	-0.229	9.776	8.000
1428383489276	37.496635	139.932219	13	-0.001	-0.203	9.257	8.000
1428383489377	37.496630	139.932216	13	-0.137	-0.386	9.722	7.857
1428383489477	37.496626	139.932213	13	-0.065	-0.359	10.037	7.696
1428383489578	37.496621	139.932210	13	0.004	-0.215	9.601	7.536
1428383489679	37.496617	139.932207	13	-0.027	-0.134	9.460	7.380
1428383489775	37.496613	139.932204	13	-0.081	-0.277	9.705	7.234
1428383489875	37.496609	139.932201	13	-0.140	-0.194	9.790	7.085
1428383489976	37.496605	139.932198	13	-0.258	-0.073	9.418	6.938
1428383490077	37.496601	139.932196	13	-0.248	-0.095	9.419	6.793
1428383490178	37.496597	139.932193	13	-0.187	-0.158	9.599	6.653
1428383490278	37.496593	139.932190	13	-0.118	-0.039	9.419	6.516
1428383490379	37.496588	139.932189	13	-0.104	0.031	9.368	6.477
1428383490475	37.496583	139.932187	13	-0.082	-0.106	9.716	6.453
1428383490575	37.496577	139.932185	13	-0.113	-0.005	9.676	6.428
1428383490676	37.496572	139.932184	13	-0.047	0.103	9.538	6.402
1428383490777	37.496566	139.932182	13	-0.095	0.213	9.425	6.377
1428383490877	37.496560	139.932181	13	-0.083	0.113	9.643	6.352
1428383490978	37.496555	139.932179	13	-0.086	0.179	9.749	6.327
1428383491079	37.496549	139.932177	13	-0.078	0.302	9.419	6.302
1428383491175	37.496544	139.932176	13	-0.025	0.299	9.373	6.278
1428383491275	37.496539	139.932174	13	-0.043	0.235	9.455	6.254
1428383491376	37.496534	139.932172	11	-0.025	0.161	9.738	6.271
1428383491477	37.496528	139.932169	11	-0.006	0.128	9.760	6.296
1428383491577	37.496523	139.932166	11	-0.040	0.097	9.480	6.321
1428383491678	37.496518	139.932164	11	-0.208	-0.041	9.594	6.346
1428383491779	37.496513	139.932161	11	-0.156	0.078	9.228	6.371
1428383491879	37.496508	139.932158	11	0.040	0.240	8.914	6.396
1428383491975	37.496503	139.932156	11	0.010	-0.028	9.581	6.420
1428383492076	37.496497	139.932153	11	-0.086	-0.309	10.032	6.446
1428383492177	37.496492	139.932150	11	-0.129	-0.225	9.534	6.471
1428383492277	37.496487	139.932147	11	-0.276	-0.162	9.252	6.497
1428383492378	37.496481	139.932144	11	-0.234	-0.285	9.327	6.543
1428383492479	37.496475	139.932140	11	0.002	-0.276	9.658	6.592
1428383492579	37.496469	139.932137	11	-0.015	-0.109	9.650	6.641
1428383492675	37.496463	139.932133	11	-0.017	-0.078	9.299	6.688
1428383492776	37.496457	139.932129	11	0.010	-0.139	9.427	6.738
1428383492877	37.496451	139.932126	11	-0.016	-0.134	9.482	6.789
1428383492977	37.496445	139.932122	11	-0.088	-0.130	9.560	6.840
1428383493078	37.496439	139.932118	11	-0.095	-0.092	9.451	6.891
1428383493179	37.496433	139.932114	11	-0.041	-0.132	9.389	6.943
1428383493279	37.496427	139.932110	11	-0.111	-0.209	9.713	6.994
1428383493375	37.496420	139.932107	8	-0.077	-0.185	9.735	7.021
1428383493476	37.496413	139.932104	8	-0.049	-0.071	9.381	7.046
1428383493576	37.496407	139.932101	8	-0.028	-0.044	9.291	7.071
1428383493677	37.496400	139.932098	8	-0.027	-0.064	9.377	7.096
1428383493778	37.496393	139.932095	8	-0.004	-0.096	9.676	7.121
1428383493879	37.496386	139.932092	8	-0.040	-0.157	9.682	7.146
1428383493979	37.496379	139.932089	8	-0.040	-0.097	9.354	7.171
1428383494075	37.496372	139.932086	8	-0.039	-0.134	9.298	7.196
1428383494176	37.496365	139.932083	8	-0.115	-0.264	9.528	7.221
1428383494276	37.496358	139.932079	8	-0.122	-0.235	9.741	7.246
1428383494377	37.496349	139.932077	8	-0.054	-0.191	9.548	7.228
1428383494478	37.496341	139.932076	8	-0.006	-0.152	9.434	7.202
1428383494578	37.496332	139.932074	8	0.041	-0.262	9.549	7.177
1428383494679	37.496323	139.932072	8	0.024	-0.238	9.480	7.152
1428383494775	37.496315	139.932070	8	-0.014	-0.167	9.508	7.128
1428383494876	37.496306	139.932068	8	0.008	-0.117	9.431	7.102
1428383494976	37.496298	139.932067	8	0.040	-0.210	9.589	7.078
1428383495077	37.496289	139.932065	8	-0.017	-0.237	9.613	7.053
1428383495178	37.496280	139.932063	8	-0.061	-0.165	9.487	7.028
1428383495278	37.496272	139.932061	8	-0.108	-0.119	9.408	7.003
1428383495379	37.496267	139.932057	8	-0.174	-0.114	9.405	6.977
1428383495475	37.496262	139.932052	8	-0.185	-0.115	9.487	6.953
1428383495576	37.496257	139.932048	8	-0.146	-0.107	9.574	6.928
1428383495676	37.496252	139.932043	8	-0.127	-0.089	9.546	6.902
1428383495777	37.496247	139.932038	8	-0.207	-0.110	9.500	6.877
1428383495878	37.496243	139.932034	8	-0.230	-0.088	9.481	6.852
1428383495978	37.496238	139.932029	8	-0.205	-0.063	9.440	6.827
1428383496079	37.496233	139.932025	8	-0.173	-0.060	9.624	6.802
1428383496175	37.496228	139.932020	8	-0.117	-0.021	9.648	6.778
1428383496275	37.496224	139.932016	8	-0.075	0.011	9.366	6.754
1428383496376	37.496218	139.932011	6	-0.053	0.000	9.479	6.750
1428383496477	37.496213	139.932006	6	-0.081	-0.033	9.616	6.750
1428383496578	37.496208	139.932001	6	-0.084	-0.049	9.523	6.750
1428383496678	37.496202	139.931996	6	-0.088	-0.115	9.484	6.750
1428383496779	37.496197	139.931991	6	-0.143	-0.148	9.542	6.750
1428383496875	37.496192	139.931986	6	-0.184	-0.228	9.600	6.750
1428383496975	37.496187	139.931981	6	-0.184	-0.185	9.484	6.750
1428383497076	37.496181	139.931976	6	-0.145	-0.179	9.496	6.750
1428383497177	37.496176	139.931972	6	-0.160	-0.249	9.627	6.750
1428383497277	37.496171	139.931967	6	-0.173	-0.240	9.605	6.750
1428383497378	37.496166	139.931963	6	-0.148	-0.162	9.445	6.750
1428383497479	37.496161	139.931960	6	-0.118	-0.112	9.412	6.750
1428383497575	37.496156	139.931957	6	-0.086	-0.174	9.555	6.750
1428383497675	37.496151	139.931954	6	-0.028	-0.209	9.594	6.750
1428383497776	37.496146	139.931951	6	-0.005	-0.154	9.479	6.750
1428383497877	37.496141	139.931948	6	-0.035	-0.186	9.498	6.750
1428383497977	37.496136	139.931945	6	-0.060	-0.230	9.499	6.750
1428383498078	37.496131	139.931942	6	-0.052	-0.232	9.476	6.750
1428383498179	37.496126	139.931939	6	0.019	-0.190	9.553	6.750
1428383498279	37.496122	139.931936	6	0.083	-0.200	9.572	6.750
1428383498375	37.496116	139.931932	5	0.065	-0.195	9.454	6.728
1428383498476	37.496110	139.931928	5	0.031	-0.237	9.600	6.703
1428383498577	37.496104	139.931923	5	-0.056	-0.250	9.725	6.677
1428383498677	37.496099	139.931919	5	-0.001	-0.187	9.542	6.652
1428383498778	37.496093	139.931915	5	0.066	-0.151	9.393	6.627
1428383498879	37.496087	139.931910	5	0.092	-0.192	9.457	6.602
1428383498979	37.496082	139.931906	5	0.141	-0.176	9.554	6.577
1428383499075	37.496076	139.931902	5	0.075	-0.189	9.641	6.553
1428383499176	37.496070	139.931898	5	0.131	-0.153	9.546	6.528
1428383499277	37.496065	139.931894	5	0.017	-0.195	9.515	6.503
1428383499377	37.496060	139.931889	5	-0.008	-0.192	9.537	6.500
1428383499478	37.496054	139.931885	5	-0.026	-0.142	9.463	6.500
1428383499579	37.496049	139.931881	5	-0.022	-0.129	9.589	6.500
1428383499679	37.496044	139.931877	5	-0.021	-0.087	9.637	6.500
1428383499775	37.496039	139.931873	5	-0.060	-0.056	9.435	6.500
1428383499876	37.496034	139.931868	5	-0.038	0.058	9.151	6.500
1428383499976	37.496029	139.931864	5	-0.094	0.074	9.451	6.500
1428383500077	37.496024	139.931860	5	-0.395	-0.228	10.151	6.500
1428383500178	37.496019	139.931856	5	-0.450	0.006	9.660	6.500
1428383500279	37.496014	139.931851	5	-0.369	0.210	9.193	6.500
1428383500379	37.496009	139.931847	4	-0.327	0.159	9.430	6.522
1428383500475	37.496004	139.931843	4	-0.197	0.056	9.612	6.546
1428383500576	37.495999	139.931838	4	-0.088	0.221	9.569	6.571
1428383500676	37.495994	139.931833	4	-0.254	0.425	9.504	6.595
1428383500777	37.495988	139.931829	4	-0.421	0.276	9.532	6.621
1428383500878	37.495983	139.931824	4	-0.347	0.227	9.554	6.646
1428383500978	37.495978	139.931820	4	-0.181	0.263	9.675	6.671
1428383501079	37.495973	139.931815	4	-0.201	0.260	9.471	6.696
1428383501175	37.495968	139.931810	4	-0.205	0.235	9.420	6.721
1428383501276	37.495963	139.931806	4	-0.174	0.180	9.574	6.746
1428383501376	37.495958	139.931802	4	-0.216	0.203	9.440	6.771
1428383501477	37.495954	139.931798	4	-0.281	0.094	9.747	6.796
1428383501578	37.495949	139.931794	4	-0.213	0.019	9.720	6.821
1428383501678	37.495944	139.931791	4	-0.259	0.104	9.376	6.846
1428383501779	37.495940	139.931787	4	-0.269	0.104	9.431	6.871
1428383501875	37.495935	139.931784	4	-0.266	0.029	9.473	6.895
1428383501975	37.495931	139.931780	4	-0.225	0.048	9.606	6.920
1428383502076	37.495926	139.931776	4	-0.219	0.019	9.698	6.946
1428383502177	37.495921	139.931772	4	-0.190	-0.017	9.491	6.971
1428383502278	37.495917	139.931768	4	-0.142	-0.069	9.445	6.997
1428383502378	37.495912	139.931764	5	-0.191	-0.165	9.489	6.978
1428383502479	37.495907	139.931760	5	-0.224	-0.110	9.573	6.952
1428383502575	37.495903	139.931756	5	-0.263	-0.136	9.509	6.928
1428383502675	37.495898	139.931752	5	-0.220	-0.130	9.552	6.903
1428383502776	37.495893	139.931747	5	-0.273	-0.138	9.549	6.877
1428383502877	37.495889	139.931743	5	-0.296	-0.156	9.492	6.852
1428383502978	37.495884	139.931739	5	-0.337	-0.139	9.587	6.827
1428383503078	37.495880	139.931735	5	-0.337	-0.133	9.604	6.802
1428383503179	37.495875	139.931731	5	-0.288	-0.111	9.594	6.777
1428383503275	37.495871	139.931727	5	-0.213	-0.082	9.523	6.754
1428383503375	37.495866	139.931722	5	-0.247	-0.114	9.550	6.750
1428383503476	37.495861	139.931718	5	-0.341	-0.111	9.560	6.750
1428383503577	37.495856	139.931714	5	-0.403	-0.114	9.553	6.750
1428383503677	37.495851	139.931709	5	-0.370	-0.086	9.417	6.750
1428383503778	37.495846	139.931705	5	-0.364	-0.102	9.436	6.750
1428383503879	37.495841	139.931701	5	-0.350	-0.068	9.290	6.750
1428383503975	37.495836	139.931697	5	-0.317	-0.134	9.324	6.750
1428383504075	37.495831	139.931692	5	-0.360	-0.216	9.718	6.750
1428383504176	37.495826	139.931688	5	-0.554	-0.226	9.508	6.750
1428383504277	37.495821	139.931684	5	-0.694	-0.239	9.364	6.750
1428383504377	37.495815	139.931679	5	-0.711	-0.274	9.506	6.750
1428383504478	37.495809	139.931675	5	-0.907	-0.420	9.898	6.750
1428383504579	37.495804	139.931670	5	-0.926	-0.251	9.548	6.750
1428383504679	37.495798	139.931666	5	-0.868	-0.123	9.302	6.750
1428383504775	37.495792	139.931661	5	-0.869	-0.223	9.466	6.750
1428383504876	37.495787	139.931657	5	-0.827	-0.229	9.668	6.750
1428383504977	37.495781	139.931652	5	-0.733	-0.142	9.628	6.750
1428383505077	37.495775	139.931648	5	-0.658	-0.096	9.362	6.750
1428383505178	37.495769	139.931643	5	-0.614	-0.226	9.378	6.750
1428383505279	37.495764	139.931638	5	-0.543	-0.222	9.437	6.750
1428383505379	37.495758	139.931635	5	-0.468	-0.250	9.606	6.727
1428383505475	37.495752	139.931633	5	-0.456	-0.224	9.631	6.703
1428383505576	37.495747	139.931630	5	-0.494	-0.194	9.544	6.678
1428383505676	37.495741	139.931627	5	-0.527	-0.272	9.547	6.652
1428383505777	37.495735	139.931624	5	-0.463	-0.224	9.423	6.627
1428383505878	37.495730	139.931621	5	-0.436	-0.186	9.477	6.602
1428383505979	37.495724	139.931618	5	-0.425	-0.213	9.691	6.577
1428383506079	37.495719	139.931615	5	-0.466	-0.248	9.582	6.552
1428383506175	37.495713	139.931612	5	-0.487	-0.204	9.402	6.528
1428383506276	37.495708	139.931609	5	-0.480	-0.204	9.520	6.503
1428383506376	37.495702	139.931608	5	-0.540	-0.294	9.660	6.542
1428383506477	37.495697	139.931606	5	-0.406	-0.202	9.528	6.591
1428383506578	37.495691	139.931605	5	-0.336	-0.075	9.453	6.640
1428383506679	37.495686	139.931603	5	-0.412	-0.103	9.311	6.690
1428383506779	37.495680	139.931601	5	-0.413	-0.178	9.395	6.740
1428383506875	37.495675	139.931600	5	-0.419	-0.138	9.568	6.788
1428383506976	37.495669	139.931598	5	-0.490	-0.192	9.665	6.839
1428383507076	37.495663	139.931597	5	-0.439	-0.237	9.552	6.890
1428383507177	37.495658	139.931595	5	-0.345	-0.259	9.470	6.942
1428383507278	37.495652	139.931593	5	-0.310	-0.245	9.519	6.994
1428383507378	37.495648	139.931590	7	-0.284	-0.187	9.390	6.931
1428383507479	37.495644	139.931586	7	-0.205	-0.191	9.514	6.852
1428383507575	37.495640	139.931583	7	-0.184	-0.212	9.620	6.778
1428383507676	37.495636	139.931579	7	-0.201	-0.223	9.555	6.700
1428383507776	37.495632	139.931576	7	-0.220	-0.262	9.493	6.625
1428383507877	37.495629	139.931572	7	-0.160	-0.286	9.481	6.549
1428383507978	37.495625	139.931568	7	-0.107	-0.303	9.657	6.475
1428383508078	37.495621	139.931565	7	-0.050	-0.281	9.718	6.402
1428383508179	37.495618	139.931562	7	-0.068	-0.200	9.553	6.329
1428383508275	37.495615	139.931558	7	-0.051	-0.199	9.549	6.261
1428383508375	37.495609	139.931556	7	-0.115	-0.230	9.657	6.250
1428383508476	37.495604	139.931554	7	-0.185	-0.287	9.544	6.250
1428383508577	37.495598	139.931552	7	-0.125	-0.322	9.516	6.250
1428383508677	37.495593	139.931549	7	-0.062	-0.427	9.682	6.250
1428383508778	37.495588	139.931547	7	0.008	-0.503	9.682	6.250
1428383508879	37.495582	139.931545	7	0.004	-0.485	9.493	6.250
1428383508975	37.495577	139.931543	7	-0.032	-0.422	9.360	6.250
1428383509075	37.495572	139.931541	7	-0.100	-0.500	9.550	6.250
1428383509176	37.495566	139.931539	7	-0.212	-0.518	9.654	6.250
1428383509277	37.495561	139.931536	7	-0.199	-0.496	9.561	6.250
1428383509377	37.495556	139.931535	4	-0.107	-0.531	9.541	6.156
1428383509478	37.495551	139.931534	4	-0.070	-0.548	9.494	6.049
1428383509579	37.495546	139.931533	4	-0.133	-0.612	9.466	5.943
1428383509675	37.495541	139.931532	4	-0.122	-0.603	9.571	5.844
1428383509775	37.495536	139.931531	4	-0.098	-0.589	9.552	5.743
1428383509876	37.495531	139.931530	4	-0.088	-0.642	9.517	5.643
1428383509977	37.495527	139.931529	4	-0.021	-0.693	9.683	5.544
1428383510077	37.495522	139.931528	4	0.035	-0.708	9.548	5.448
1428383510178	37.495518	139.931527	4	0.068	-0.683	9.419	5.353
1428383510279	37.495513	139.931526	4	-0.031	-0.663	9.254	5.260
1428383510375	37.495510	139.931525	6	-0.056	-0.716	9.501	5.228
1428383510475	37.495506	139.931524	6	-0.006	-0.821	9.726	5.203
1428383510576	37.495502	139.931522	6	0.062	-0.812	9.667	5.177
1428383510677	37.495498	139.931521	6	0.056	-0.823	9.524	5.152
1428383510777	37.495494	139.931520	6	0.111	-0.809	9.511	5.127
1428383510878	37.495490	139.931518	6	0.127	-0.810	9.529	5.102
1428383510979	37.495486	139.931517	6	0.096	-0.902	9.643	5.076
1428383511075	37.495482	139.931516	6	0.065	-0.925	9.602	5.053
1428383511175	37.495478	139.931514	6	0.004	-0.848	9.443	5.028
1428383511276	37.495475	139.931513	6	-0.030	-0.835	9.445	5.003
1428383511377	37.495471	139.931512	6	0.099	-0.876	9.531	4.930
1428383511477	37.495468	139.931511	6	0.101	-0.921	9.590	4.851
1428383511578	37.495465	139.931510	6	0.173	-0.953	9.582	4.772
1428383511679	37.495463	139.931509	6	0.205	-0.892	9.433	4.694
1428383511779	37.495460	139.931507	6	0.185	-0.897	9.579	4.618
1428383511875	37.495457	139.931506	6	0.142	-0.897	9.607	4.546
1428383511976	37.495454	139.931505	6	0.094	-0.897	9.485	4.472
1428383512076	37.495452	139.931504	6	0.043	-0.941	9.540	4.400
1428383512177	37.495449	139.931503	6	0.041	-0.951	9.621	4.329
1428383512278	37.495446	139.931502	6	0.023	-0.936	9.518	4.258
1428383512379	37.495445	139.931502	7	0.037	-0.902	9.419	4.121
1428383512479	37.495444	139.931501	7	0.078	-0.909	9.481	3.981
1428383512575	37.495443	139.931501	7	0.152	-0.939	9.604	3.850
1428383512676	37.495442	139.931500	7	0.112	-0.943	9.522	3.716
1428383512776	37.495441	139.931500	7	0.132	-0.912	9.504	3.589
1428383512877	37.495440	139.931499	7	0.150	-0.889	9.647	3.464
1428383512978	37.495439	139.931499	7	0.137	-0.860	9.554	3.344
1428383513079	37.495439	139.931499	7	0.062	-0.836	9.485	3.228
1428383513179	37.495438	139.931498	7	0.042	-0.794	9.548	3.117
1428383513275	37.495437	139.931498	7	0.025	-0.766	9.541	3.016
1428383513376	37.495435	139.931497	7	0.012	-0.721	9.430	2.953
1428383513476	37.495433	139.931495	7	0.029	-0.713	9.445	2.900
1428383513577	37.495431	139.931494	7	0.040	-0.751	9.625	2.847
1428383513678	37.495429	139.931492	7	0.076	-0.741	9.549	2.795
1428383513778	37.495427	139.931491	7	0.139	-0.706	9.488	2.745
1428383513879	37.495425	139.931489	7	0.174	-0.701	9.566	2.694
1428383513975	37.495424	139.931488	7	0.219	-0.713	9.595	2.648
1428383514076	37.495422	139.931487	7	0.228	-0.705	9.532	2.599
1428383514176	37.495420	139.931485	7	0.162	-0.703	9.558	2.552
1428383514277	37.495418	139.931484	7	0.099	-0.682	9.530	2.506
1428383514378	37.495417	139.931483	6	0.050	-0.660	9.482	2.477
1428383514478	37.495415	139.931482	6	0.074	-0.690	9.518	2.451
1428383514579	37.495414	139.931481	6	0.183	-0.670	9.518	2.425
1428383514675	37.495413	139.931480	6	0.237	-0.665	9.525	2.401
1428383514775	37.495412	139.931479	6	0.193	-0.732	9.639	2.375
1428383514876	37.495410	139.931478	6	0.162	-0.732	9.616	2.350
1428383514977	37.495409	139.931477	6	0.165	-0.629	9.458	2.325
1428383515077	37.495408	139.931476	6	0.168	-0.574	9.548	2.301
1428383515178	37.495406	139.931475	6	0.099	-0.522	9.583	2.277
1428383515279	37.495405	139.931474	6	0.064	-0.422	9.471	2.253
1428383515375	37.495403	139.931472	7	0.114	-0.352	9.466	2.228
1428383515475	37.495401	139.931469	7	0.165	-0.331	9.561	2.202
1428383515576	37.495399	139.931467	7	0.180	-0.318	9.539	2.175
1428383515677	37.495397	139.931464	7	0.178	-0.320	9.474	2.150
1428383515778	37.495395	139.931462	7	0.203	-0.319	9.497	2.124
1428383515878	37.495393	139.931460	7	0.237	-0.301	9.539	2.099
1428383515979	37.495391	139.931457	7	0.245	-0.301	9.530	2.075
1428383516075	37.495389	139.931455	7	0.236	-0.315	9.547	2.051
1428383516175	37.495387	139.931453	7	0.190	-0.313	9.530	2.027
1428383516276	37.495385	139.931450	7	0.127	-0.293	9.484	2.003
1428383516377	37.495385	139.931449	7	0.113	-0.299	9.490	1.887
1428383516477	37.495385	139.931448	7	0.130	-0.294	9.508	1.762
1428383516578	37.495385	139.931448	7	0.146	-0.278	9.475	1.644
1428383516679	37.495385	139.931447	7	0.165	-0.260	9.477	1.532
1428383516775	37.495384	139.931446	7	0.184	-0.249	9.502	1.432
1428383516875	37.495384	139.931445	7	0.185	-0.259	9.515	1.334
1428383516976	37.495384	139.931445	7	0.147	-0.282	9.501	1.242
1428383517077	37.495384	139.931444	7	0.115	-0.294	9.471	1.157
1428383517177	37.495384	139.931444	7	0.131	-0.284	9.495	1.080
1428383517278	37.495384	139.931443	7	0.157	-0.264	9.494	1.008
1428383517379	37.495384	139.931443	6	0.169	-0.252	9.487	0.975
1428383517475	37.495384	139.931442	6	0.162	-0.253	9.529	0.948
1428383517575	37.495384	139.931442	6	0.159	-0.247	9.531	0.921
1428383517676	37.495384	139.931442	6	0.174	-0.228	9.511	0.895
1428383517777	37.495383	139.931441	6	0.188	-0.220	9.531	0.869
1428383517877	37.495383	139.931441	6	0.176	-0.231	9.546	0.845
1428383517978	37.495383	139.931441	6	0.164	-0.247	9.559	0.820
1428383518079	37.495383	139.931441	6	0.176	-0.260	9.558	0.797
1428383518180	37.495383	139.931440	6	0.183	-0.256	9.573	0.774
1428383518275	37.495383	139.931440	6	0.186	-0.263	9.577	0.753
1428383518376	37.495383	139.931439	6	0.185	-0.262	9.562	0.627
1428383518477	37.495384	139.931439	6	0.190	-0.216	9.559	0.496
1428383518577	37.495384	139.931438	6	0.187	-0.137	9.578	0.381
1428383518678	37.495384	139.931437	6	0.164	-0.054	9.570	0.281
1428383518779	37.495384	139.931437	6	0.152	0.007	9.544	0.196
1428383518879	37.495385	139.931437	6	0.160	0.032	9.535	0.127
1428383518975	37.495385	139.931436	6	0.170	0.042	9.529	0.074
1428383519076	37.495385	139.931436	6	0.160	0.045	9.529	0.034
1428383519176	37.495385	139.931436	6	0.148	0.044	9.530	0.010
1428383523376	37.495379	139.931437	6	0.169	0.531	9.530	0.002
1428383523477	37.495379	139.931437	6	0.168	0.550	9.541	0.009
1428383523577	37.495379	139.931437	6	0.166	0.574	9.542	0.021
1428383523678	37.495379	139.931437	6	0.149	0.588	9.526	0.038
1428383523779	37.495379	139.931437	6	0.137	0.616	9.537	0.060
1428383523879	37.495379	139.931437	6	0.155	0.624	9.540	0.087
1428383523975	37.495379	139.931437	6	0.175	0.611	9.546	0.117
1428383524076	37.495379	139.931436	6	0.169	0.603	9.551	0.154
1428383524177	37.495379	139.931436	6	0.157	0.594	9.539	0.197
1428383524277	37.495379	139.931436	6	0.160	0.592	9.526	0.244
1428383524378	37.495378	139.931436	7	0.173	0.611	9.514	0.265
1428383524479	37.495377	139.931436	7	0.184	0.620	9.542	0.284
1428383524579	37.495375	139.931435	7	0.179	0.616	9.540	0.305
1428383524675	37.495373	139.931435	7	0.177	0.631	9.532	0.327
1428383524776	37.495372	139.931435	7	0.173	0.626	9.510	0.351
1428383524876	37.495370	139.931434	7	0.187	0.627	9.521	0.376
1428383524977	37.495368	139.931434	7	0.209	0.642	9.537	0.404
1428383525078	37.495366	139.931434	7	0.218	0.675	9.514	0.433
1428383532173	37.495108	139.931366	9	0.224	0.697	9.553	5.029
1428383532178	37.495108	139.931366	9	0.227	0.697	9.563	5.027
1428383532278	37.495101	139.931363	9	0.077	0.453	9.477	5.003
1428383532379	37.495097	139.931362	9	-0.021	0.266	9.370	4.845
1428383532475	37.495095	139.931360	9	-0.103	0.117	9.501	4.683
1428383532576	37.495092	139.931359	9	-0.126	0.065	9.472	4.517
1428383532676	37.495089	139.931358	9	-0.143	0.044	9.442	4.358
1428383532777	37.495087	139.931357	9	-0.139	-0.005	9.594	4.203
1428383532878	37.495084	139.931355	9	-0.020	0.121	9.583	4.054
1428383532978	37.495082	139.931354	9	0.072	0.224	9.382	3.911
1428383533079	37.495080	139.931353	9	0.118	0.159	9.549	3.772
1428383533175	37.495077	139.931352	9	0.108	0.090	9.706	3.646
1428383533275	37.495075	139.931351	9	0.027	0.114	9.601	3.519
1428383533376	37.495073	139.931351	7	0.060	0.305	9.230	3.521
1428383533477	37.495070	139.931350	7	-0.001	0.310	9.285	3.545
1428383533578	37.495067	139.931349	7	-0.125	0.234	9.635	3.570
1428383533678	37.495064	139.931349	7	-0.199	0.238	9.531	3.595
1428383533779	37.495061	139.931348	7	-0.213	0.202	9.412	3.620
1428383533875	37.495058	139.931348	7	-0.172	0.214	9.463	3.644
1428383533975	37.495055	139.931347	7	-0.161	0.249	9.495	3.669
1428383534076	37.495052	139.931346	7	-0.178	0.160	9.606	3.695
1428383534177	37.495049	139.931346	7	-0.049	0.069	9.622	3.721
1428383534278	37.495046	139.931345	7	-0.039	0.115	9.483	3.747
1428383534378	37.495042	139.931345	7	0.051	0.179	9.556	3.791
1428383534479	37.495037	139.931345	7	-0.110	0.309	9.327	3.840
1428383534575	37.495032	139.931344	7	-0.122	0.256	9.585	3.886
1428383534675	37.495027	139.931344	7	0.004	0.265	9.595	3.935
1428383534776	37.495022	139.931344	7	-0.051	0.396	9.197	3.985
1428383534877	37.495017	139.931344	7	-0.120	0.407	9.381	4.036
1428383534977	37.495012	139.931344	7	-0.170	0.267	9.841	4.087
1428383535078	37.495006	139.931343	7	-0.110	0.309	9.777	4.139
1428383535179	37.495001	139.931343	7	0.011	0.410	9.154	4.191
1428383535275	37.494996	139.931343	7	-0.005	0.301	9.474	4.242
1428383535375	37.494992	139.931342	7	-0.074	0.261	9.902	4.271
1428383535476	37.494988	139.931340	7	-0.042	0.367	9.501	4.295
1428383535577	37.494985	139.931339	7	-0.019	0.469	9.207	4.320
1428383535677	37.494981	139.931337	7	-0.086	0.393	9.607	4.345
1428383535778	37.494977	139.931336	7	-0.122	0.355	9.925	4.370
1428383535879	37.494973	139.931334	7	-0.146	0.384	9.678	4.396
1428383535979	37.494970	139.931333	7	-0.001	0.425	9.464	4.421
1428383536075	37.494966	139.931331	7	0.114	0.478	9.599	4.445
1428383536176	37.494962	139.931330	7	0.169	0.481	9.424	4.471
1428383536277	37.494958	139.931328	7	0.028	0.427	9.456	4.497
1428383536377	37.494955	139.931328	6	-0.086	0.337	9.849	4.478
1428383536478	37.494951	139.931327	6	-0.186	0.493	9.481	4.452
1428383536579	37.494947	139.931327	6	0.002	0.662	9.184	4.426
1428383536679	37.494943	139.931326	6	0.090	0.385	9.687	4.401
1428383536775	37.494940	139.931326	6	0.026	0.323	9.812	4.377
1428383536876	37.494936	139.931325	6	0.256	0.439	9.416	4.352
1428383536977	37.494932	139.931325	6	0.313	0.584	9.417	4.327
1428383537077	37.494929	139.931324	6	0.194	0.567	9.632	4.302
1428383546171	37.494340	139.931189	7	-0.094	0.534	9.134	8.308
1428383546176	37.494340	139.931189	7	-0.123	0.529	9.096	8.306
1428383546277	37.494332	139.931187	7	-0.110	0.273	9.159	8.256
1428383546378	37.494324	139.931186	7	-0.067	0.128	9.354	8.228
1428383546478	37.494317	139.931185	7	0.115	0.050	9.548	8.202
1428383546579	37.494309	139.931184	7	0.145	-0.044	9.584	8.177
1428383546675	37.494302	139.931183	7	0.037	-0.118	9.453	8.153
1428383546775	37.494295	139.931182	7	0.070	-0.162	9.310	8.128
1428383546876	37.494287	139.931181	7	0.045	-0.115	9.615	8.103
1428383546977	37.494280	139.931180	7	0.024	0.086	9.668	8.077
1428383547078	37.494273	139.931179	7	0.081	0.214	9.513	8.052
1428383547178	37.494265	139.931178	7	0.080	0.148	9.699	8.028
1428383547279	37.494258	139.931177	7	0.047	0.060	9.834	8.003
1428383547375	37.494252	139.931175	6	0.014	0.298	9.553	7.978
1428383547475	37.494245	139.931173	6	-0.018	0.418	9.290	7.953
1428383547576	37.494239	139.931172	6	0.031	0.477	9.402	7.928
1428383547677	37.494232	139.931170	6	0.055	0.487	9.617	7.902
1428383547777	37.494226	139.931168	6	0.053	0.520	9.438	7.877
1428383547878	37.494220	139.931166	6	0.021	0.438	9.361	7.852
1428383547979	37.494213	139.931164	6	-0.010	0.363	9.539	7.827
1428383548075	37.494207	139.931162	6	0.001	0.328	9.677	7.803
1428383548175	37.494201	139.931160	6	-0.021	0.429	9.493	7.778
1428383548276	37.494195	139.931158	6	0.065	0.425	9.375	7.753
1428383548377	37.494188	139.931158	6	0.123	0.432	9.433	7.750
1428383548477	37.494180	139.931157	6	0.124	0.387	9.549	7.750
1428383548578	37.494173	139.931157	6	0.171	0.343	9.605	7.750
1428383548679	37.494165	139.931156	6	0.108	0.354	9.431	7.750
1428383548779	37.494158	139.931156	6	0.025	0.326	9.375	7.750
1428383548875	37.494151	139.931155	6	0.059	0.360	9.443	7.750
1428383548976	37.494143	139.931155	6	0.137	0.321	9.568	7.750
1428383549077	37.494136	139.931154	6	0.161	0.332	9.555	7.750
1428383549177	37.494128	139.931154	6	0.121	0.239	9.692	7.750
1428383549278	37.494121	139.931153	6	0.092	0.262	9.488	7.750
1428383549379	37.494114	139.931152	6	0.051	0.318	9.423	7.772
1428383549479	37.494108	139.931150	6	0.064	0.327	9.467	7.797
1428383549575	37.494101	139.931148	6	0.141	0.339	9.539	7.820
1428383549676	37.494095	139.931147	6	0.152	0.312	9.684	7.846
1428383549776	37.494088	139.931145	6	0.149	0.296	9.537	7.871
1428383549877	37.494082	139.931144	6	0.100	0.262	9.516	7.896
1428383549978	37.494075	139.931142	6	0.105	0.173	9.649	7.921
1428383550079	37.494068	139.931140	6	0.112	0.229	9.500	7.947
1428383550179	37.494061	139.931139	6	0.143	0.217	9.500	7.972
1428383550275	37.494055	139.931137	6	0.152	0.129	9.494	7.996
1428383550376	37.494049	139.931134	9	0.250	0.135	9.589	8.021
1428383550476	37.494043	139.931130	9	0.223	0.186	9.398	8.046
1428383550577	37.494037	139.931127	9	0.254	0.147	9.453	8.071
1428383550678	37.494031	139.931123	9	0.267	0.175	9.451	8.096
1428383550778	37.494024	139.931120	9	0.249	0.152	9.533	8.121
1428383550879	37.494018	139.931116	9	0.280	0.123	9.613	8.146
1428383550975	37.494012	139.931112	9	0.265	0.105	9.561	8.170
1428383551076	37.494006	139.931109	9	0.221	0.136	9.467	8.196
1428383551176	37.494000	139.931105	9	0.193	0.118	9.485	8.221
1428383551277	37.493994	139.931101	9	0.208	0.107	9.583	8.247
1428383551378	37.493987	139.931100	9	0.222	0.160	9.509	8.181
1428383551478	37.493980	139.931099	9	0.188	0.174	9.455	8.104
1428383551579	37.493972	139.931097	9	0.153	0.104	9.538	8.026
1428383551675	37.493966	139.931096	9	0.115	0.081	9.601	7.953
1428383551776	37.493959	139.931095	9	0.044	0.101	9.577	7.877
1428383551876	37.493952	139.931094	9	0.061	0.109	9.575	7.802
1428383551977	37.493945	139.931093	9	0.115	0.075	9.582	7.727
1428383552078	37.493938	139.931091	9	0.070	0.149	9.443	7.653
1428383552178	37.493931	139.931090	9	0.057	0.139	9.574	7.580
1428383552279	37.493925	139.931089	9	0.088	0.247	9.312	7.508
1428383552375	37.493918	139.931088	6	0.106	0.237	9.440	7.521
1428383552476	37.493912	139.931086	6	0.068	0.146	9.579	7.546
1428383552576	37.493905	139.931085	6	0.017	0.166	9.416	7.571
1428383552677	37.493899	139.931083	6	0.032	0.160	9.558	7.596
1428383552778	37.493892	139.931082	6	-0.056	0.067	9.506	7.621
1428383552878	37.493885	139.931080	6	0.026	0.134	9.340	7.646
1428383552979	37.493879	139.931079	6	0.098	0.203	9.465	7.671
1428383553075	37.493872	139.931077	6	-0.073	0.154	9.495	7.696
1428383553175	37.493866	139.931076	6	-0.050	0.206	9.434	7.721
1428383553276	37.493859	139.931074	6	0.099	0.167	9.543	7.746
1428383553377	37.493852	139.931074	7	0.074	0.085	9.785	7.750
1428383553478	37.493845	139.931073	7	0.200	0.133	9.686	7.750
1428383553578	37.493839	139.931073	7	0.247	0.182	9.541	7.750
1428383553679	37.493832	139.931072	7	0.047	0.151	9.502	7.750
1428383553775	37.493826	139.931072	7	0.019	0.495	8.814	7.750
1428383553875	37.493819	139.931071	7	-0.055	0.371	9.337	7.750
1428383553976	37.493812	139.931071	7	-0.106	0.151	9.924	7.750
1428383554077	37.493805	139.931070	7	-0.027	0.219	9.672	7.750
1428383554177	37.493799	139.931070	7	-0.045	0.271	9.672	7.750
1428383554278	37.493792	139.931069	7	-0.271	0.118	9.503	7.750
1428383554379	37.493785	139.931068	7	-0.353	0.237	9.570	7.727
1428383554480	37.493778	139.931068	7	-0.323	0.488	9.458	7.702
1428383554575	37.493771	139.931067	7	-0.242	0.566	9.340	7.678
1428383554676	37.493764	139.931067	7	-0.066	0.550	9.366	7.653
1428383554777	37.493757	139.931066	7	0.069	0.449	9.513	7.627
1428383554877	37.493750	139.931065	7	0.050	0.347	9.725	7.602
1428383554978	37.493743	139.931065	7	0.065	0.263	9.725	7.577
1428383555079	37.493736	139.931064	7	0.123	0.377	9.315	7.552
1428383555179	37.493729	139.931064	7	0.226	0.359	9.436	7.527
1428383555275	37.493722	139.931063	7	0.203	0.312	9.601	7.504
1428383555376	37.493715	139.931062	7	0.120	0.452	9.631	7.521
1428383555477	37.493707	139.931062	7	0.174	0.499	9.460	7.546
1428383555577	37.493700	139.931061	7	0.135	0.408	9.316	7.571
1428383555678	37.493692	139.931061	7	0.165	0.319	9.717	7.596
1428383555779	37.493685	139.931060	7	0.192	0.311	9.769	7.621
1428383555879	37.493677	139.931059	7	0.072	0.301	9.435	7.646
1428383555975	37.493670	139.931059	7	0.141	0.237	9.625	7.670
1428383556076	37.493662	139.931058	7	0.125	0.273	9.496	7.696
1428383556176	37.493655	139.931058	7	0.174	0.343	9.510	7.721
1428383556277	37.493647	139.931057	7	0.210	0.332	9.567	7.747
1428383556378	37.493640	139.931056	7	0.224	0.283	9.662	7.750
1428383556479	37.493632	139.931055	7	0.245	0.308	9.710	7.750
1428383556579	37.493625	139.931055	7	0.201	0.323	9.557	7.750
1428383556675	37.493618	139.931054	7	0.190	0.340	9.415	7.750
1428383556776	37.493611	139.931053	7	0.193	0.329	9.479	7.750
1428383556876	37.493603	139.931052	7	0.170	0.327	9.547	7.750
1428383556977	37.493596	139.931051	7	0.118	0.371	9.411	7.750
1428383557078	37.493588	139.931051	7	0.200	0.279	9.544	7.750
1428383557178	37.493581	139.931050	7	0.216	0.282	9.526	7.750
1428383557279	37.493574	139.931049	7	0.188	0.311	9.476	7.750
1428383557375	37.493567	139.931049	7	0.207	0.291	9.523	7.771
1428383557476	37.493560	139.931049	7	0.190	0.293	9.592	7.796
1428383557576	37.493553	139.931049	7	0.126	0.339	9.466	7.821
1428383557677	37.493546	139.931049	7	0.131	0.317	9.448	7.846
1428383557778	37.493539	139.931049	7	0.168	0.319	9.535	7.871
1428383557878	37.493532	139.931049	7	0.125	0.343	9.523	7.896
1428383557979	37.493525	139.931049	7	0.126	0.353	9.499	7.921
1428383558075	37.493518	139.931049	7	0.103	0.319	9.604	7.946
1428383558176	37.493511	139.931049	7	0.055	0.286	9.628	7.971
1428383558276	37.493504	139.931049	7	0.061	0.340	9.538	7.996
1428383558377	37.493498	139.931047	7	0.040	0.334	9.484	8.021
1428383558478	37.493491	139.931045	7	0.067	0.337	9.550	8.046
1428383558578	37.493485	139.931043	7	0.077	0.349	9.555	8.071
1428383558679	37.493479	139.931041	7	0.083	0.353	9.501	8.096
1428383558775	37.493473	139.931039	7	0.085	0.361	9.475	8.120
1428383558875	37.493467	139.931037	7	0.140	0.335	9.544	8.145
1428383558976	37.493461	139.931035	7	0.167	0.336	9.536	8.171
1428383559077	37.493454	139.931033	7	0.144	0.298	9.554	8.196
1428383559178	37.493448	139.931031	7	0.221	0.317	9.471	8.222
1428383559278	37.493442	139.931029	7	0.201	0.321	9.371	8.247
1428383559379	37.493434	139.931027	7	0.197	0.270	9.519	8.250
1428383559475	37.493426	139.931026	7	0.169	0.243	9.575	8.250
1428383559575	37.493418	139.931024	7	0.114	0.322	9.406	8.250
1428383559676	37.493409	139.931022	7	0.133	0.325	9.330	8.250
1428383559777	37.493401	139.931020	7	0.153	0.294	9.534	8.250
1428383559878	37.493393	139.931018	7	0.123	0.286	9.688	8.250
1428383559978	37.493385	139.931017	7	0.076	0.360	9.543	8.250
1428383560079	37.493376	139.931015	7	0.101	0.357	9.434	8.250
1428383560175	37.493368	139.931013	7	0.076	0.347	9.442	8.250
1428383560275	37.493360	139.931011	7	0.118	0.344	9.546	8.250
1428383560376	37.493352	139.931009	5	0.121	0.372	9.525	8.250
1428383560477	37.493345	139.931007	5	0.091	0.326	9.485	8.250
1428383560577	37.493337	139.931005	5	0.128	0.297	9.482	8.250
1428383560678	37.493330	139.931002	5	0.149	0.288	9.455	8.250
1428383560779	37.493322	139.931000	5	0.183	0.298	9.458	8.250
1428383560875	37.493315	139.930998	5	0.208	0.287	9.400	8.250
1428383560975	37.493307	139.930996	5	0.169	0.199	9.536	8.250
1428383561076	37.493299	139.930994	5	0.136	0.186	9.465	8.250
1428383561177	37.493292	139.930991	5	0.152	0.191	9.329	8.250
1428383561277	37.493284	139.930989	5	0.095	0.107	9.489	8.250
1428383561378	37.493276	139.930988	5	0.049	0.137	9.454	8.272
1428383561479	37.493267	139.930986	5	0.084	0.092	9.638	8.297
1428383561579	37.493259	139.930984	5	0.080	0.060	9.455	8.321
1428383561675	37.493251	139.930983	5	0.191	0.046	9.572	8.345
1428383561776	37.493242	139.930981	5	0.217	0.064	9.481	8.371
1428383561877	37.493234	139.930980	5	0.213	0.053	9.600	8.396
1428383561977	37.493226	139.930978	5	0.199	0.096	9.502	8.421
1428383562078	37.493217	139.930976	5	0.220	0.178	9.225	8.446
1428383562179	37.493208	139.930975	5	0.251	0.128	9.330	8.472
1428383562279	37.493200	139.930973	5	0.215	-0.074	9.978	8.497
1428383562375	37.493192	139.930972	5	0.117	0.002	9.723	8.478
1428383562476	37.493185	139.930971	5	0.158	0.159	8.993	8.453
1428383562576	37.493177	139.930969	5	0.135	0.040	9.320	8.428
1428383562677	37.493169	139.930968	5	0.070	0.053	9.702	8.402
1428383562778	37.493162	139.930967	5	-0.032	0.212	9.552	8.377
1428383562879	37.493154	139.930965	5	-0.073	0.129	9.265	8.352
1428383562979	37.493146	139.930964	5	-0.029	0.115	9.344	8.327
1428383563075	37.493139	139.930963	5	0.021	0.126	9.645	8.303
1428383563176	37.493132	139.930961	5	0.026	0.104	9.722	8.278
1428383563276	37.493124	139.930960	5	-0.016	0.106	9.507	8.253
1428383563377	37.493117	139.930958	5	0.038	0.127	9.461	8.250
1428383563478	37.493110	139.930956	5	0.089	0.094	9.612	8.250
1428383563579	37.493103	139.930954	5	0.154	0.123	9.684	8.250
1428383563679	37.493096	139.930952	5	0.194	0.150	9.576	8.250
1428383563775	37.493089	139.930950	5	0.132	0.100	9.429	8.250
1428383563876	37.493082	139.930948	5	0.094	0.068	9.485	8.250
1428383563976	37.493075	139.930946	5	0.082	0.112	9.481	8.250
1428383564077	37.493068	139.930943	5	0.047	0.104	9.483	8.250
1428383564178	37.493061	139.930941	5	0.009	0.060	9.603	8.250
1428383564278	37.493054	139.930939	5	-0.017	0.081	9.584	8.250
1428383564379	37.493047	139.930937	4	-0.065	0.144	9.278	8.227
1428383564475	37.493040	139.930936	4	-0.006	0.125	9.394	8.203
1428383564576	37.493033	139.930934	4	0.099	0.046	9.663	8.178
1428383564676	37.493026	139.930932	4	0.140	0.030	9.689	8.153
1428383564777	37.493019	139.930930	4	0.155	0.025	9.546	8.127
1428383564878	37.493012	139.930928	4	0.169	-0.009	9.464	8.102
1428383564978	37.493005	139.930927	4	0.112	0.003	9.514	8.077
1428383565079	37.492998	139.930925	4	0.113	0.026	9.526	8.052
1428383565175	37.492992	139.930923	4	0.116	0.020	9.507	8.028
1428383565275	37.492985	139.930921	4	0.071	0.002	9.493	8.004
1428383565376	37.492978	139.930920	4	0.082	-0.025	9.579	8.000
1428383565477	37.492971	139.930918	4	0.082	0.000	9.529	8.000
1428383565578	37.492964	139.930916	4	0.005	-0.017	9.485	8.000
1428383565678	37.492957	139.930915	4	0.025	-0.025	9.568	8.000
1428383565779	37.492950	139.930913	4	0.078	0.023	9.551	8.000
1428383565875	37.492943	139.930912	4	0.062	0.030	9.489	8.000
1428383565975	37.492936	139.930910	4	0.080	-0.019	9.558	8.000
1428383566076	37.492929	139.930908	4	0.056	-0.015	9.588	8.000
1428383566177	37.492922	139.930907	4	0.023	0.039	9.440	8.000
1428383566278	37.492915	139.930905	4	0.055	-0.002	9.494	8.000
1428383566378	37.492908	139.930903	4	0.071	-0.026	9.621	7.978
1428383566479	37.492902	139.930902	4	0.041	-0.010	9.534	7.952
1428383566575	37.492896	139.930900	4	0.012	0.005	9.493	7.928
1428383566675	37.492890	139.930898	4	0.010	-0.009	9.483	7.903
1428383566776	37.492883	139.930896	4	-0.028	-0.025	9.567	7.878
1428383566877	37.492877	139.930894	4	0.002	-0.021	9.571	7.852
1428383566977	37.492871	139.930893	4	0.040	-0.010	9.480	7.827
1428383567078	37.492864	139.930891	4	0.037	-0.046	9.519	7.802
1428383567179	37.492858	139.930889	4	0.008	-0.054	9.533	7.777
1428383567275	37.492852	139.930887	4	0.049	-0.027	9.471	7.754
1428383567375	37.492845	139.930886	4	0.020	0.004	9.455	7.728
1428383567476	37.492838	139.930885	4	0.003	-0.042	9.505	7.703
1428383567577	37.492832	139.930884	4	0.060	-0.077	9.623	7.677
1428383567677	37.492825	139.930883	4	0.067	-0.109	9.659	7.652
1428383567778	37.492818	139.930882	4	0.036	0.047	9.200	7.627
1428383567879	37.492811	139.930880	4	0.060	0.018	9.380	7.602
1428383567975	37.492805	139.930879	4	-0.007	-0.080	9.738	7.578
1428383568075	37.492798	139.930878	4	-0.076	-0.073	9.623	7.553
1428383568176	37.492792	139.930877	4	-0.040	-0.035	9.610	7.528
1428383568277	37.492785	139.930876	4	-0.032	-0.082	9.389	7.503
1428383568377	37.492778	139.930876	5	-0.044	-0.032	9.432	7.478
1428383568478	37.492770	139.930875	5	0.009	0.011	9.622	7.452
1428383568579	37.492763	139.930875	5	-0.010	0.072	9.370	7.427
1428383568679	37.492756	139.930875	5	-0.078	-0.029	9.609	7.402
1428383568775	37.492749	139.930875	5	-0.091	-0.022	9.515	7.378
1428383568876	37.492742	139.930874	5	-0.016	-0.073	9.406	7.352
1428383568977	37.492734	139.930874	5	-0.045	0.034	9.100	7.327
1428383569077	37.492727	139.930874	5	-0.037	-0.216	9.980	7.303
1428383569178	37.492720	139.930873	5	-0.033	-0.130	9.790	7.278
1428383569279	37.492713	139.930873	5	-0.017	0.037	9.223	7.253
1428383569379	37.492705	139.930872	6	0.000	0.049	9.314	7.272
1428383569475	37.492698	139.930871	6	0.044	-0.020	9.597	7.296
1428383569576	37.492690	139.930869	6	0.050	0.053	9.726	7.321
1428383569676	37.492683	139.930868	6	0.026	0.060	9.517	7.345
1428383569777	37.492675	139.930867	6	0.007	-0.034	9.442	7.371
1428383569878	37.492667	139.930865	6	-0.008	-0.060	9.484	7.396
1428383569979	37.492659	139.930864	6	-0.006	-0.003	9.450	7.421
1428383570079	37.492651	139.930863	6	-0.014	-0.037	9.536	7.447
1428383570175	37.492644	139.930862	6	0.057	-0.110	9.768	7.471
1428383570276	37.492636	139.930860	6	-0.053	-0.145	9.747	7.496
1428383570376	37.492630	139.930859	6	-0.098	-0.057	9.428	7.456
1428383570477	37.492624	139.930858	6	-0.050	-0.001	9.315	7.404
1428383570578	37.492618	139.930856	6	-0.046	0.023	9.410	7.352
1428383570678	37.492612	139.930855	6	-0.042	-0.027	9.696	7.302
1428383570779	37.492607	139.930854	6	-0.003	0.031	9.565	7.251
1428383570875	37.492601	139.930853	6	-0.020	0.012	9.381	7.203
1428383570976	37.492595	139.930852	6	-0.005	-0.015	9.256	7.153
1428383571076	37.492590	139.930850	6	0.044	0.050	9.144	7.104
1428383571177	37.492584	139.930849	6	0.120	0.065	9.343	7.055
1428383571278	37.492579	139.930848	6	0.094	-0.047	9.697	7.006
1428383571378	37.492572	139.930847	4	-0.000	-0.141	9.804	6.955
1428383571479	37.492566	139.930846	4	-0.067	-0.130	9.576	6.903
1428383571575	37.492560	139.930845	4	-0.046	-0.103	9.472	6.854
1428383571675	37.492554	139.930844	4	-0.053	-0.145	9.535	6.803
1428383571776	37.492548	139.930843	4	-0.085	-0.046	9.586	6.752
1428383571877	37.492542	139.930841	4	-0.023	0.058	9.674	6.702
1428383571978	37.492536	139.930840	4	-0.004	0.049	9.637	6.652
1428383572078	37.492530	139.930839	4	-0.012	0.005	9.544	6.603
1428383572179	37.492524	139.930838	4	-0.019	0.033	9.495	6.554
1428383572275	37.492518	139.930837	4	-0.032	0.077	9.433	6.507
1428383572375	37.492511	139.930835	4	-0.070	0.052	9.482	6.500
1428383572476	37.492505	139.930833	4	-0.057	0.037	9.508	6.500
1428383572577	37.492498	139.930831	4	-0.024	0.017	9.498	6.500
1428383572678	37.492492	139.930829	4	-0.013	0.027	9.423	6.500
1428383572778	37.492485	139.930827	4	0.016	-0.002	9.482	6.500
1428383572879	37.492479	139.930825	4	0.033	-0.027	9.528	6.500
1428383572975	37.492472	139.930823	4	-0.017	-0.019	9.475	6.500
1428383573075	37.492466	139.930821	4	-0.062	-0.044	9.546	6.500
1428383573176	37.492459	139.930819	4	-0.024	-0.016	9.485	6.500
1428383573277	37.492453	139.930817	4	0.024	-0.003	9.457	6.500
1428383573377	37.492447	139.930816	4	0.074	-0.067	9.634	6.500
1428383573478	37.492442	139.930815	4	0.103	-0.078	9.609	6.500
1428383573579	37.492436	139.930814	4	0.090	0.016	9.485	6.500
1428383573675	37.492431	139.930812	4	0.038	0.005	9.496	6.500
1428383573775	37.492426	139.930811	4	0.020	-0.056	9.499	6.500
1428383573876	37.492420	139.930810	4	0.055	-0.041	9.495	6.500
1428383573977	37.492415	139.930809	4	0.088	0.042	9.414	6.500
1428383574077	37.492410	139.930808	4	0.065	-0.019	9.441	6.500
1428383574178	37.492404	139.930806	4	0.052	-0.085	9.527	6.500
1428383574279	37.492399	139.930805	4	0.058	-0.058	9.563	6.500
1428383574379	37.492393	139.930804	4	0.042	-0.044	9.507	6.500
1428383574475	37.492387	139.930803	4	0.020	-0.109	9.500	6.500
1428383574576	37.492382	139.930802	4	-0.007	-0.137	9.538	6.500
1428383574677	37.492376	139.930800	4	0.026	-0.025	9.436	6.500
1428383574777	37.492370	139.930799	4	0.012	-0.044	9.556	6.500
1428383574878	37.492364	139.930798	4	0.009	-0.145	9.729	6.500
1428383574979	37.492359	139.930797	4	0.033	-0.098	9.616	6.500
1428383575079	37.492353	139.930796	4	0.016	-0.037	9.472	6.500
1428383575175	37.492348	139.930794	4	-0.019	-0.079	9.541	6.500
1428383575276	37.492342	139.930793	4	-0.013	-0.126	9.557	6.500
1428383575376	37.492336	139.930792	5	0.015	-0.056	9.505	6.500
1428383575477	37.492330	139.930791	5	0.030	-0.000	9.485	6.500
1428383575578	37.492324	139.930790	5	-0.009	-0.081	9.472	6.500
1428383575679	37.492318	139.930788	5	-0.012	-0.133	9.509	6.500
1428383575779	37.492313	139.930787	5	0.011	-0.100	9.500	6.500
1428383575875	37.492307	139.930786	5	0.002	-0.091	9.462	6.500
1428383575976	37.492301	139.930785	5	-0.018	-0.113	9.368	6.500
1428383576076	37.492295	139.930784	5	0.036	-0.166	9.633	6.500
1428383576177	37.492290	139.930782	5	0.042	-0.145	9.573	6.500
1428383576278	37.492284	139.930781	5	0.018	-0.116	9.512	6.500
1428383576379	37.492276	139.930778	10	-0.017	-0.133	9.497	6.404
1428383576479	37.492269	139.930775	10	0.006	-0.099	9.515	6.298
1428383576575	37.492262	139.930772	10	0.011	-0.102	9.484	6.198
1428383576676	37.492255	139.930769	10	-0.003	-0.085	9.547	6.094
1428383576776	37.492249	139.930766	10	0.019	-0.092	9.580	5.993
1428383576877	37.492242	139.930763	10	0.048	-0.089	9.519	5.893
1428383576978	37.492235	139.930761	10	0.034	-0.039	9.434	5.794
1428383577078	37.492228	139.930758	10	0.015	-0.064	9.509	5.698
1428383577179	37.492222	139.930755	10	-0.008	-0.096	9.593	5.603
1428383577275	37.492216	139.930752	10	0.010	-0.078	9.585	5.514
1428383577376	37.492211	139.930752	10	0.045	-0.036	9.513	5.500
1428383577476	37.492206	139.930752	10	0.050	-0.043	9.481	5.500
1428383577577	37.492201	139.930751	10	0.046	-0.095	9.543	5.500
1428383577678	37.492196	139.930751	10	0.080	-0.083	9.580	5.500
1428383577778	37.492191	139.930751	10	0.093	-0.027	9.542	5.500
1428383577879	37.492186	139.930751	10	0.071	-0.013	9.518	5.500
1428383577975	37.492181	139.930751	10	0.087	-0.041	9.464	5.500
1428383578075	37.492177	139.930750	10	0.138	-0.058	9.526	5.500
1428383578176	37.492172	139.930750	10	0.142	-0.034	9.631	5.500
1428383578277	37.492167	139.930750	10	0.094	-0.025	9.508	5.500
1428383578378	37.492161	139.930750	6	0.063	-0.030	9.427	5.478
1428383578478	37.492156	139.930749	6	0.103	-0.060	9.599	5.452
1428383578579	37.492150	139.930749	6	0.114	-0.056	9.554	5.427
1428383578675	37.492145	139.930748	6	0.127	-0.065	9.543	5.402
1428383578775	37.492140	139.930748	6	0.162	-0.031	9.525	5.377
1428383578876	37.492135	139.930747	6	0.140	0.003	9.472	5.352
1428383578977	37.492129	139.930747	6	0.109	-0.011	9.496	5.327
1428383579078	37.492124	139.930746	6	0.064	-0.024	9.564	5.302
1428383579178	37.492119	139.930746	6	0.030	-0.021	9.470	5.277
1428383579279	37.492114	139.930745	6	0.122	-0.018	9.538	5.253
1428383579375	37.492109	139.930744	7	0.183	-0.074	9.724	5.250
1428383579475	37.492104	139.930744	7	0.207	-0.031	9.528	5.250
1428383579576	37.492098	139.930743	7	0.242	-0.001	9.410	5.250
1428383579677	37.492093	139.930742	7	0.170	-0.066	9.540	5.250
1428383579777	37.492088	139.930741	7	0.195	-0.017	9.567	5.250
1428383579878	37.492083	139.930740	7	0.131	-0.033	9.586	5.250
1428383579979	37.492078	139.930739	7	0.094	-0.073	9.681	5.250
1428383580075	37.492073	139.930739	7	0.206	-0.038	9.555	5.250
1428383580175	37.492068	139.930738	7	0.287	-0.088	9.554	5.250
1428383580276	37.492063	139.930737	7	0.298	-0.072	9.589	5.250
1428383580377	37.492057	139.930737	8	0.288	0.046	9.396	5.250
1428383580477	37.492051	139.930736	8	0.188	0.023	9.448	5.250
1428383580578	37.492044	139.930736	8	0.174	0.001	9.645	5.250
1428383580679	37.492038	139.930736	8	0.095	-0.006	9.338	5.250
1428383580779	37.492032	139.930736	8	0.084	-0.147	9.411	5.250
1428383580875	37.492026	139.930735	8	0.121	-0.321	9.691	5.250
1428383580976	37.492020	139.930735	8	0.206	-0.412	9.664	5.250
1428383581077	37.492014	139.930735	8	0.315	-0.456	9.517	5.250
1428383581177	37.492008	139.930734	8	0.325	-0.451	9.569	5.250
1428383581278	37.492002	139.930734	8	0.241	-0.482	9.535	5.250
1428383581379	37.491996	139.930733	8	0.119	-0.544	9.536	5.272
1428383581479	37.491991	139.930732	8	0.063	-0.569	9.528	5.296
1428383581575	37.491986	139.930731	8	0.051	-0.552	9.459	5.320
1428383581676	37.491980	139.930730	8	0.046	-0.610	9.468	5.345
1428383581777	37.491975	139.930729	8	0.088	-0.708	9.533	5.370
1428383581877	37.491970	139.930728	8	0.128	-0.787	9.556	5.395
1428383581978	37.491964	139.930726	8	0.147	-0.853	9.576	5.421
1428383582079	37.491959	139.930725	8	0.139	-0.876	9.495	5.446
1428383582179	37.491953	139.930724	8	0.094	-0.908	9.569	5.472
1428383582275	37.491948	139.930723	8	0.086	-0.940	9.533	5.496
1428383582376	37.491944	139.930721	7	0.100	-0.926	9.447	5.431
1428383582476	37.491940	139.930719	7	0.065	-0.969	9.586	5.352
1428383582577	37.491936	139.930716	7	0.035	-0.989	9.572	5.274
1428383582678	37.491932	139.930714	7	0.031	-0.953	9.438	5.196
1428383582779	37.491928	139.930712	7	0.025	-0.946	9.492	5.120
1428383582879	37.491925	139.930710	7	0.012	-0.991	9.588	5.045
1428383582975	37.491921	139.930708	7	-0.004	-0.988	9.515	4.974
1428383583076	37.491917	139.930705	7	0.036	-0.946	9.435	4.901
1428383583176	37.491914	139.930703	7	0.078	-0.934	9.509	4.830
1428383583277	37.491910	139.930701	7	0.112	-0.990	9.583	4.759
1428383583378	37.491906	139.930700	8	0.132	-0.986	9.567	4.750
1428383583478	37.491902	139.930699	8	0.099	-0.940	9.521	4.750
1428383583579	37.491898	139.930698	8	0.090	-0.932	9.462	4.750
1428383583675	37.491894	139.930698	8	0.054	-0.983	9.537	4.750
1428383583775	37.491890	139.930697	8	0.061	-0.950	9.528	4.750
1428383583876	37.491885	139.930696	8	0.140	-0.938	9.452	4.750
1428383583977	37.491881	139.930695	8	0.161	-0.962	9.557	4.750
1428383584078	37.491877	139.930694	8	0.172	-0.983	9.555	4.750
1428383584178	37.491873	139.930693	8	0.130	-0.959	9.470	4.750
1428383584279	37.491868	139.930692	8	0.075	-0.964	9.529	4.750
1428383584375	37.491871	139.930692	10	0.035	-0.945	9.497	4.342
1428383584475	37.491874	139.930691	10	0.083	-0.923	9.473	3.894
1428383584576	37.491876	139.930691	10	0.137	-0.936	9.575	3.475
1428383584677	37.491879	139.930691	10	0.151	-0.902	9.578	3.091
1428383584778	37.491881	139.930691	10	0.125	-0.844	9.490	2.742
1428383584878	37.491883	139.930691	10	0.143	-0.803	9.481	2.430
1428383584979	37.491885	139.930690	10	0.136	-0.800	9.601	2.149
1428383585075	37.491886	139.930690	10	0.091	-0.787	9.615	1.914
1428383585175	37.491888	139.930690	10	0.082	-0.710	9.483	1.702
1428383585276	37.491889	139.930690	10	0.104	-0.638	9.456	1.522
1428383585377	37.491889	139.930688	10	0.117	-0.618	9.508	1.476
1428383585478	37.491890	139.930687	10	0.128	-0.608	9.532	1.450
1428383585578	37.491890	139.930685	10	0.149	-0.596	9.478	1.423
1428383585679	37.491890	139.930683	10	0.156	-0.576	9.514	1.397
1428383585775	37.491891	139.930682	10	0.169	-0.556	9.553	1.373
1428383585875	37.491891	139.930680	10	0.173	-0.539	9.547	1.348
1428383585976	37.491891	139.930679	10	0.155	-0.491	9.542	1.324
1428383586077	37.491891	139.930677	10	0.116	-0.406	9.507	1.299
1428383586177	37.491892	139.930676	10	0.092	-0.341	9.494	1.276
1428383586278	37.491892	139.930674	10	0.151	-0.302	9.536	1.253
1428383586379	37.491892	139.930674	7	0.214	-0.272	9.549	1.225
1428383586479	37.491892	139.930674	7	0.248	-0.261	9.549	1.198
1428383586575	37.491892	139.930674	7	0.249	-0.229	9.542	1.173
1428383586676	37.491892	139.930674	7	0.207	-0.203	9.507	1.147
1428383586777	37.491892	139.930674	7	0.146	-0.201	9.513	1.121
1428383586877	37.491892	139.930674	7	0.106	-0.191	9.525	1.097
1428383586978	37.491892	139.930674	7	0.069	-0.144	9.464	1.072
1428383587079	37.491892	139.930674	7	0.117	-0.098	9.530	1.048
1428383587179	37.491892	139.930674	7	0.189	-0.090	9.586	1.025
1428383587275	37.491892	139.930674	7	0.245	-0.078	9.596	1.003
1428383587376	37.491892	139.930674	6	0.274	-0.050	9.552	0.976
1428383587477	37.491893	139.930674	6	0.290	-0.037	9.544	0.948
1428383587577	37.491894	139.930674	6	0.252	-0.024	9.536	0.921
1428383587678	37.491894	139.930674	6	0.162	-0.008	9.498	0.895
1428383587779	37.491895	139.930673	6	0.100	0.018	9.500	0.869
1428383587879	37.491895	139.930673	6	0.097	0.014	9.509	0.844
1428383587975	37.491896	139.930673	6	0.128	0.015	9.505	0.821
1428383588076	37.491896	139.930673	6	0.151	0.023	9.484	0.797
1428383588177	37.491897	139.930673	6	0.168	0.048	9.506	0.775
1428383588277	37.491897	139.930673	6	0.219	0.069	9.537	0.753
1428383588378	37.491896	139.930673	6	0.267	0.077	9.529	0.750
1428383588479	37.491896	139.930672	6	0.253	0.071	9.515	0.750
1428383588579	37.491895	139.930672	6	0.194	0.050	9.531	0.750
1428383588675	37.491894	139.930672	6	0.144	0.040	9.521	0.750
1428383588776	37.491894	139.930672	6	0.131	0.034	9.501	0.750
1428383588876	37.491893	139.930671	6	0.168	0.118	9.538	0.750
1428383588977	37.491892	139.930671	6	0.210	0.269	9.528	0.750
1428383589078	37.491891	139.930671	6	0.236	0.456	9.507	0.750
1428383589178	37.491891	139.930670	6	0.233	0.673	9.511	0.750
1428383589279	37.491890	139.930670	6	0.208	0.860	9.504	0.750
1428383589375	37.491889	139.930670	5	0.176	1.001	9.507	0.794
1428383589476	37.491889	139.930670	5	0.158	1.135	9.485	0.852
1428383589576	37.491888	139.930670	5	0.159	1.245	9.470	0.913
1428383589677	37.491887	139.930670	5	0.181	1.295	9.479	0.981
1428383589778	37.491886	139.930670	5	0.202	1.310	9.498	1.054
1428383589878	37.491884	139.930670	5	0.198	1.332	9.502	1.130
1428383589979	37.491883	139.930670	5	0.182	1.326	9.488	1.213
1428383590075	37.491882	139.930670	5	0.142	1.333	9.500	1.297
1428383595171	37.491706	139.930640	5	0.100	1.349	9.478	5.120
1428383595176	37.491705	139.930640	5	0.100	1.346	9.477	5.125
1428383595276	37.491700	139.930639	5	0.159	1.060	9.641	5.235
1428383595377	37.491695	139.930638	5	0.088	0.753	9.527	5.271
1428383595478	37.491690	139.930637	5	0.111	0.760	9.229	5.296
1428383595578	37.491685	139.930636	5	0.027	0.752	9.375	5.321
1428383595675	37.491680	139.930635	5	0.026	0.605	9.672	5.345
1428383595775	37.491675	139.930634	5	0.263	0.538	10.035	5.370
1428383595876	37.491669	139.930633	5	0.339	0.793	9.496	5.395
1428383595976	37.491664	139.930632	5	0.296	1.062	8.893	5.420
1428383596077	37.491659	139.930630	5	0.260	0.971	9.392	5.446
1428383596178	37.491654	139.930629	5	0.238	0.739	9.792	5.471
1428383596278	37.491649	139.930628	5	0.230	0.717	9.623	5.497
1428383596379	37.491643	139.930627	4	0.190	0.636	9.222	5.543
1428383596475	37.491638	139.930627	4	0.211	0.317	9.551	5.589
1428383596576	37.491633	139.930626	4	0.246	-0.117	9.770	5.639
1428383596676	37.491628	139.930625	4	0.277	-0.097	9.555	5.688
1428383596777	37.491622	139.930624	4	0.281	0.062	9.403	5.738
1428383596878	37.491617	139.930623	4	0.311	0.083	9.588	5.789
1428383596978	37.491611	139.930623	4	0.351	0.137	9.242	5.839
1428383597079	37.491606	139.930622	4	0.341	-0.168	9.876	5.891
1428383597175	37.491600	139.930621	4	0.193	-0.019	9.561	5.940
1428383597275	37.491595	139.930620	4	0.049	-0.022	9.631	5.992
1428383597376	37.491589	139.930619	4	0.084	-0.065	9.672	5.978
1428383597477	37.491584	139.930619	4	0.124	-0.043	9.550	5.952
1428383597578	37.491579	139.930618	4	0.180	-0.028	9.289	5.927
1428383597678	37.491573	139.930618	4	0.135	0.128	9.467	5.902
1428383597779	37.491568	139.930617	4	0.111	0.040	9.664	5.876
1428383597875	37.491563	139.930616	4	0.140	-0.059	9.604	5.852
1428383597975	37.491557	139.930616	4	0.150	-0.036	9.685	5.828
1428383598076	37.491552	139.930615	4	0.038	0.102	9.241	5.803
1428383598177	37.491547	139.930615	4	0.084	0.062	9.339	5.778
1428383598277	37.491542	139.930614	4	0.334	-0.165	9.872	5.753
1428383598378	37.491536	139.930614	4	0.339	-0.122	9.907	5.750
1428383598479	37.491531	139.930613	4	0.126	0.045	9.270	5.750
1428383598575	37.491526	139.930613	4	0.123	0.086	9.176	5.750
1428383598675	37.491520	139.930612	4	0.313	-0.077	9.736	5.750
1428383598776	37.491515	139.930612	4	0.192	-0.162	9.667	5.750
1428383598877	37.491509	139.930611	4	-0.009	0.004	9.292	5.750
1428383598977	37.491504	139.930611	4	0.074	0.068	9.488	5.750
1428383599078	37.491498	139.930610	4	0.168	0.070	9.465	5.750
1428383599179	37.491493	139.930610	4	0.085	-0.093	9.504	5.750
1428383599280	37.491488	139.930609	4	-0.023	-0.019	9.456	5.750
1428383599375	37.491482	139.930609	4	-0.043	0.129	9.527	5.750
1428383599476	37.491476	139.930608	4	0.055	0.219	9.490	5.750
1428383599577	37.491470	139.930608	4	0.069	0.277	9.361	5.750
1428383599677	37.491464	139.930607	4	0.112	0.300	9.518	5.750
1428383599778	37.491458	139.930607	4	0.037	0.359	9.596	5.750
1428383599879	37.491452	139.930606	4	-0.017	0.565	9.474	5.750
1428383599979	37.491446	139.930606	4	0.087	0.676	9.493	5.750
1428383600075	37.491441	139.930605	4	0.226	0.706	9.444	5.750
1428383604174	37.491195	139.930555	4	0.128	0.671	9.492	7.909
1428383604179	37.491195	139.930555	4	0.117	0.667	9.488	7.913
1428383604275	37.491188	139.930554	4	0.013	0.499	9.345	7.988
1428383604375	37.491181	139.930553	4	0.011	0.351	9.461	8.000
1428383604476	37.491173	139.930552	4	0.052	0.215	9.605	8.000
1428383604577	37.491166	139.930551	4	0.020	0.148	9.692	8.000
1428383604677	37.491158	139.930549	4	0.085	0.139	9.561	8.000
1428383604778	37.491151	139.930548	4	0.033	0.183	9.367	8.000
1428383604879	37.491143	139.930547	4	-0.069	0.130	9.530	8.000
1428383604975	37.491136	139.930546	4	0.005	0.145	9.581	8.000
1428383605075	37.491129	139.930545	4	0.073	0.184	9.526	8.000
1428383605176	37.491121	139.930543	4	0.071	0.089	9.582	8.000
1428383605277	37.491114	139.930542	4	0.105	0.046	9.577	8.000
1428383605377	37.491107	139.930541	4	0.083	0.107	9.419	7.978
1428383605478	37.491100	139.930539	4	0.086	0.083	9.404	7.952
1428383605579	37.491093	139.930537	4	0.112	0.032	9.555	7.927
1428383605680	37.491086	139.930535	4	0.120	0.038	9.596	7.902
1428383605775	37.491079	139.930534	4	0.137	0.055	9.400	7.878
1428383605876	37.491072	139.930532	4	0.160	0.030	9.442	7.853
1428383605977	37.491065	139.930530	4	0.014	0.035	9.317	7.827
1428383606077	37.491059	139.930529	4	0.063	-0.047	9.477	7.803
1428383606178	37.491052	139.930527	4	0.291	-0.206	9.865	7.778
1428383606279	37.491045	139.930525	4	0.259	-0.116	9.616	7.753
1428383606379	37.491038	139.930524	4	0.266	-0.111	9.446	7.727
1428383606475	37.491032	139.930524	4	0.237	-0.140	9.445	7.703
1428383606576	37.491025	139.930523	4	0.227	-0.112	9.512	7.678
1428383606677	37.491018	139.930522	4	0.280	-0.100	9.622	7.652
1428383606777	37.491012	139.930522	4	0.372	-0.104	9.542	7.627
1428383606878	37.491005	139.930521	4	0.321	-0.165	9.470	7.602
1428383606979	37.490998	139.930520	4	0.213	-0.167	9.393	7.577
1428383607079	37.490992	139.930519	4	0.195	-0.191	9.553	7.552
1428383607175	37.490985	139.930519	4	0.185	-0.174	9.491	7.528
1428383607276	37.490979	139.930518	4	0.121	-0.162	9.300	7.503
1428383607376	37.490972	139.930517	4	0.187	-0.206	9.519	7.478
1428383607477	37.490966	139.930516	4	0.182	-0.251	9.758	7.453
1428383607578	37.490959	139.930515	4	0.174	-0.187	9.600	7.427
1428383607679	37.490952	139.930514	4	0.166	-0.163	9.413	7.402
1428383607779	37.490946	139.930513	4	0.195	-0.223	9.469	7.377
1428383607875	37.490940	139.930512	4	0.268	-0.206	9.670	7.353
1428383607976	37.490933	139.930510	4	0.272	-0.142	9.609	7.328
1428383608076	37.490927	139.930509	4	0.296	-0.181	9.537	7.303
1428383608177	37.490920	139.930508	4	0.225	-0.202	9.469	7.278
1428383608278	37.490914	139.930507	4	0.161	-0.182	9.440	7.253
1428383608378	37.490907	139.930505	4	0.179	-0.148	9.411	7.228
1428383608479	37.490900	139.930503	4	0.211	-0.135	9.549	7.202
1428383608575	37.490894	139.930501	4	0.168	-0.169	9.519	7.178
1428383608676	37.490887	139.930499	4	0.226	-0.142	9.397	7.152
1428383608776	37.490880	139.930497	4	0.229	-0.234	9.624	7.127
1428383608877	37.490873	139.930495	4	0.176	-0.198	9.573	7.102
1428383608978	37.490867	139.930492	4	0.176	-0.160	9.477	7.077
1428383609078	37.490860	139.930490	4	0.153	-0.167	9.476	7.052
1428383609179	37.490853	139.930488	4	0.141	-0.145	9.556	7.027
1428383609275	37.490847	139.930486	4	0.227	-0.142	9.666	7.004
1428383609375	37.490841	139.930485	4	0.263	-0.083	9.471	6.978
1428383609476	37.490835	139.930483	4	0.236	-0.116	9.514	6.953
1428383609577	37.490829	139.930482	4	0.197	-0.101	9.522	6.927
1428383609678	37.490822	139.930481	4	0.150	-0.092	9.516	6.902
1428383609778	37.490816	139.930479	4	0.117	-0.074	9.650	6.877
1428383609879	37.490810	139.930478	4	0.145	0.053	9.482	6.852
1428383609975	37.490805	139.930476	4	0.119	0.184	9.383	6.828
1428383610075	37.490799	139.930475	4	0.154	0.146	9.473	6.803
1428383610176	37.490793	139.930474	4	0.135	0.213	9.524	6.778
1428383610277	37.490787	139.930472	4	0.129	0.219	9.457	6.753
1428383610378	37.490781	139.930470	4	0.054	0.244	9.455	6.750
1428383610478	37.490775	139.930469	4	0.043	0.160	9.557	6.750
1428383610579	37.490769	139.930467	4	0.059	0.170	9.650	6.750
1428383610675	37.490763	139.930465	4	0.045	0.269	9.344	6.750
1428383610775	37.490757	139.930463	4	0.077	0.243	9.440	6.750
1428383610876	37.490751	139.930461	4	0.091	0.195	9.686	6.750
1428383610977	37.490745	139.930460	4	0.092	0.247	9.585	6.750
1428383611078	37.490740	139.930458	4	0.080	0.278	9.493	6.750
1428383611178	37.490734	139.930456	4	0.139	0.228	9.482	6.750
1428383611279	37.490728	139.930454	4	0.191	0.228	9.602	6.750
1428383611379	37.490722	139.930453	4	0.136	0.277	9.554	6.750
1428383611475	37.490716	139.930452	4	0.151	0.312	9.428	6.750
1428383611576	37.490710	139.930451	4	0.169	0.274	9.482	6.750
1428383611677	37.490704	139.930449	4	0.131	0.214	9.645	6.750
1428383611777	37.490698	139.930448	4	0.121	0.205	9.540	6.750
1428383611878	37.490692	139.930447	4	0.127	0.281	9.336	6.750
1428383611979	37.490686	139.930446	4	0.122	0.261	9.476	6.750
1428383612079	37.490680	139.930445	4	0.102	0.164	9.555	6.750
1428383612175	37.490675	139.930443	4	0.095	0.205	9.515	6.750
1428383612276	37.490669	139.930442	4	0.101	0.248	9.492	6.750
1428383612377	37.490662	139.930440	5	0.120	0.207	9.457	6.771
1428383612477	37.490656	139.930438	5	0.086	0.123	9.443	6.796
1428383612578	37.490650	139.930436	5	0.167	0.159	9.494	6.821
1428383612679	37.490643	139.930434	5	0.184	0.161	9.600	6.846
1428383612779	37.490637	139.930432	5	0.176	0.160	9.469	6.871
1428383612875	37.490630	139.930430	5	0.197	0.125	9.441	6.895
1428383612976	37.490624	139.930428	5	0.217	0.158	9.536	6.921
1428383613077	37.490617	139.930426	5	0.222	0.038	9.608	6.946
1428383613177	37.490610	139.930423	5	0.293	-0.063	9.694	6.971
1428383613278	37.490604	139.930421	5	0.324	0.044	9.256	6.997
1428383613379	37.490598	139.930420	5	0.300	-0.114	9.412	6.977
1428383613479	37.490592	139.930419	5	0.291	-0.094	9.508	6.952
1428383613575	37.490586	139.930418	5	0.240	-0.168	9.522	6.928
1428383613676	37.490580	139.930416	5	0.275	-0.133	9.641	6.902
1428383613776	37.490574	139.930415	5	0.197	-0.151	9.327	6.877
1428383613877	37.490568	139.930414	5	0.340	-0.216	9.493	6.852
1428383613978	37.490562	139.930413	5	0.402	-0.164	9.618	6.827
1428383614078	37.490556	139.930412	5	0.337	-0.204	9.679	6.802
1428383614179	37.490550	139.930410	5	0.284	-0.023	9.201	6.777
1428383614275	37.490545	139.930409	5	0.211	-0.181	9.435	6.754
1428383614376	37.490538	139.930408	5	0.221	-0.293	9.835	6.728
1428383614476	37.490532	139.930406	5	0.248	-0.277	9.723	6.703
1428383614577	37.490525	139.930404	5	0.301	-0.092	9.239	6.677
1428383614678	37.490519	139.930403	5	0.301	-0.192	9.395	6.652
1428383614779	37.490512	139.930401	5	0.338	-0.369	9.548	6.627
1428383614879	37.490506	139.930399	5	0.217	-0.335	9.415	6.602
1428383614975	37.490500	139.930398	5	0.176	-0.371	9.598	6.578
1428383615076	37.490493	139.930396	5	0.243	-0.490	9.677	6.553
1428383615176	37.490487	139.930395	5	0.252	-0.600	9.454	6.528
1428383615277	37.490481	139.930393	5	0.202	-0.638	9.505	6.503
1428383615378	37.490475	139.930392	5	0.149	-0.613	9.452	6.454
1428383615478	37.490470	139.930391	5	0.109	-0.650	9.387	6.403
1428383615579	37.490465	139.930391	5	0.067	-0.615	9.324	6.351
1428383615675	37.490460	139.930390	5	0.180	-0.569	9.034	6.303
1428383615775	37.490455	139.930389	5	0.218	-0.795	9.389	6.253
1428383615876	37.490450	139.930388	5	0.325	-1.083	9.815	6.202
1428383615977	37.490445	139.930387	5	0.197	-1.367	10.004	6.152
1428383616078	37.490439	139.930387	5	0.198	-1.494	9.643	6.103
1428383616178	37.490435	139.930386	5	0.257	-1.282	8.799	6.054
1428383616279	37.490430	139.930385	5	0.171	-1.443	9.204	6.005
1428383616375	37.490425	139.930384	4	0.129	-1.758	9.933	5.882
1428383616475	37.490421	139.930384	4	0.150	-1.613	9.824	5.747
1428383616576	37.490417	139.930383	4	0.122	-1.395	9.364	5.613
1428383616677	37.490412	139.930382	4	0.126	-1.309	9.418	5.482
1428383616778	37.490408	139.930381	4	0.095	-1.335	9.662	5.354
1428383616878	37.490404	139.930381	4	-0.036	-1.484	9.626	5.230
1428383616979	37.490400	139.930380	4	-0.000	-1.573	9.228	5.108
1428383617075	37.490397	139.930379	4	0.084	-1.436	9.417	4.994
1428383617175	37.490393	139.930379	4	0.123	-1.261	9.811	4.879
1428383617276	37.490389	139.930378	4	0.060	-1.264	9.652	4.765
1428383617377	37.490386	139.930378	3	-0.009	-1.327	9.285	4.597
1428383617477	37.490383	139.930377	3	-0.027	-1.419	9.531	4.427
1428383617578	37.490379	139.930377	3	-0.075	-1.409	9.641	4.260
1428383617679	37.490376	139.930376	3	-0.158	-1.299	9.358	4.100
1428383617775	37.490373	139.930376	3	-0.153	-1.270	9.355	3.952
1428383617875	37.490370	139.930375	3	-0.103	-1.267	9.625	3.804
1428383617976	37.490367	139.930375	3	-0.061	-1.216	9.624	3.660
1428383618077	37.490364	139.930375	3	-0.064	-1.044	9.450	3.522
1428383618177	37.490362	139.930374	3	-0.094	-0.639	9.261	3.391
1428383618278	37.490359	139.930374	3	-0.060	-0.447	9.545	3.265
1428383618379	37.490357	139.930375	4	-0.010	-0.482	9.906	3.146
1428383618480	37.490355	139.930377	4	-0.102	-0.400	9.564	3.032
1428383618575	37.490353	139.930378	4	-0.254	-0.313	9.181	2.928
1428383618676	37.490351	139.930380	4	-0.246	-0.374	9.693	2.821
1428383618777	37.490349	139.930381	4	-0.165	-0.127	9.453	2.718
1428383618877	37.490348	139.930382	4	-0.290	-0.010	9.238	2.619
1428383618978	37.490346	139.930383	4	-0.445	-0.212	9.783	2.523
1428383619079	37.490344	139.930385	4	-0.470	-0.239	9.974	2.431
1428383619179	37.490343	139.930386	4	-0.483	0.022	9.388	2.343
1428383619275	37.490341	139.930387	4	-0.541	0.219	9.139	2.262
1428383619376	37.490339	139.930388	4	-0.612	0.271	9.200	2.250
1428383619477	37.490336	139.930388	4	-0.666	0.122	9.658	2.250
1428383619577	37.490334	139.930389	4	-0.819	-0.065	9.941	2.250
1428383619678	37.490331	139.930390	4	-0.879	-0.039	9.565	2.250
1428383619779	37.490329	139.930390	4	-0.887	0.055	9.388	2.250
1428383619879	37.490326	139.930391	4	-0.809	0.199	9.338	2.250
1428383619975	37.490324	139.930392	4	-0.806	0.164	9.449	2.250
1428383620076	37.490321	139.930393	4	-0.996	-0.023	9.592	2.250
1428383620176	37.490319	139.930393	4	-1.416	-0.254	9.773	2.250
1428383620277	37.490316	139.930394	4	-1.526	-0.188	9.509	2.250
1428383620378	37.490314	139.930396	4	-1.356	0.020	9.252	2.201
1428383620479	37.490312	139.930398	4	-1.239	0.004	9.483	2.146
1428383620579	37.490310	139.930400	4	-1.079	-0.148	9.707	2.093
1428383620675	37.490309	139.930401	4	-0.865	-0.183	9.673	2.043
1428383620776	37.490307	139.930403	4	-0.569	-0.124	9.730	1.991
1428383620876	37.490305	139.930405	4	-0.627	0.016	9.681	1.942
1428383620977	37.490303	139.930407	4	-1.100	0.159	9.436	1.893
1428383621078	37.490301	139.930409	4	-1.696	0.092	9.327	1.846
1428383621179	37.490300	139.930410	4	-2.100	-0.042	9.427	1.799
1428383621279	37.490298	139.930412	4	-2.115	-0.103	9.522	1.755
1428383621375	37.490297	139.930414	4	-2.148	-0.278	9.654	1.831
1428383621476	37.490295	139.930416	4	-1.863	-0.097	9.289	1.933
1428383621576	37.490293	139.930418	4	-1.400	0.211	9.121	2.040
1428383621677	37.490291	139.930420	4	-1.021	0.429	9.290	2.156
1428383621778	37.490289	139.930423	4	-0.830	0.458	9.754	2.278
1428383621878	37.490287	139.930425	4	-0.532	0.516	9.899	2.405
1428383621979	37.490285	139.930428	4	-0.463	0.520	9.582	2.541
1428383622075	37.490282	139.930431	4	-0.810	0.442	9.352	2.676
1428383622176	37.490280	139.930433	4	-1.329	0.403	9.440	2.824
1428383622276	37.490277	139.930437	4	-1.494	0.474	9.330	2.978
1428383622377	37.490275	139.930440	4	-1.162	0.638	9.464	3.021
1428383622478	37.490274	139.930443	4	-0.679	0.747	9.660	3.045
1428383622578	37.490272	139.930446	4	-0.452	0.794	9.599	3.070
1428383622679	37.490270	139.930450	4	-0.349	0.848	9.607	3.095
1428383622775	37.490268	139.930453	4	-0.272	0.894	9.610	3.119
1428383622875	37.490266	139.930456	4	-0.265	0.954	9.505	3.144
1428383622976	37.490264	139.930459	4	-0.280	1.130	9.406	3.169
1428383623077	37.490262	139.930463	4	-0.188	1.198	9.421	3.195
1428383632171	37.490202	139.931136	6	-0.191	1.100	9.565	8.720
1428383632176	37.490202	139.931137	6	-0.193	1.093	9.579	8.721
1428383632277	37.490201	139.931148	6	-0.055	0.766	9.585	8.747
1428383632377	37.490201	139.931158	7	0.037	0.584	9.476	8.750
1428383632478	37.490201	139.931169	7	0.133	0.471	9.559	8.750
1428383632579	37.490201	139.931179	7	0.233	0.462	9.595	8.750
1428383632679	37.490201	139.931189	7	0.319	0.441	9.473	8.750
1428383632775	37.490201	139.931199	7	0.341	0.439	9.464	8.750
1428383632876	37.490200	139.931210	7	0.276	0.456	9.430	8.750
1428383632976	37.490200	139.931220	7	0.228	0.447	9.462	8.750
1428383633077	37.490200	139.931231	7	0.190	0.387	9.421	8.750
1428383633178	37.490200	139.931241	7	0.210	0.175	9.528	8.750
1428383633279	37.490200	139.931252	7	0.236	0.068	9.492	8.750
1428383633379	37.490199	139.931261	7	0.252	-0.116	9.460	8.727
1428383633475	37.490198	139.931270	7	0.275	-0.191	9.446	8.703
1428383633576	37.490197	139.931280	7	0.281	-0.184	9.633	8.678
1428383633676	37.490195	139.931289	7	0.274	-0.278	9.773	8.653
1428383633777	37.490194	139.931298	7	0.136	-0.229	9.521	8.627
1428383633878	37.490193	139.931307	7	-0.012	-0.273	9.443	8.602
1428383633979	37.490192	139.931317	7	-0.033	-0.268	9.531	8.577
1428383634079	37.490190	139.931326	7	-0.081	-0.250	9.672	8.552
1428383634175	37.490189	139.931335	7	-0.139	-0.211	9.611	8.528
1428383634276	37.490188	139.931344	7	-0.200	-0.163	9.381	8.503
1428383634376	37.490188	139.931353	7	-0.218	-0.199	9.380	8.433
1428383634477	37.490187	139.931361	7	-0.205	-0.239	9.450	8.354
1428383634578	37.490187	139.931370	7	-0.138	-0.227	9.401	8.277
1428383634678	37.490186	139.931379	7	-0.100	-0.288	9.392	8.201
1428383634779	37.490186	139.931387	7	-0.064	-0.422	9.448	8.125
1428383634875	37.490185	139.931395	7	-0.012	-0.514	9.477	8.053
1428383634976	37.490185	139.931403	7	0.052	-0.588	9.485	7.978
1428383635076	37.490184	139.931412	7	0.097	-0.592	9.490	7.905
1428383635177	37.490184	139.931420	7	0.109	-0.579	9.492	7.831
1428383635278	37.490183	139.931428	7	0.084	-0.649	9.540	7.759
1428383635378	37.490183	139.931436	6	-0.025	-0.747	9.680	7.681
1428383635479	37.490183	139.931444	6	-0.106	-0.759	9.541	7.602
1428383635575	37.490184	139.931452	6	-0.104	-0.749	9.379	7.528
1428383635675	37.490184	139.931460	6	-0.114	-0.863	9.441	7.452
1428383635776	37.490184	139.931467	6	-0.047	-0.896	9.475	7.376
1428383635877	37.490184	139.931475	6	0.020	-0.902	9.563	7.301
1428383635978	37.490184	139.931483	6	-0.028	-0.971	9.518	7.226
1428383636078	37.490185	139.931490	6	-0.096	-1.062	9.500	7.153
1428383636179	37.490185	139.931498	6	-0.096	-1.069	9.481	7.079
1428383636275	37.490185	139.931505	6	-0.081	-1.079	9.495	7.011
1428383636375	37.490185	139.931513	6	-0.076	-1.134	9.558	6.933
1428383636476	37.490184	139.931520	6	-0.031	-1.120	9.545	6.854
1428383636577	37.490184	139.931528	6	-0.009	-1.142	9.616	6.776
1428383636677	37.490184	139.931536	6	-0.063	-1.102	9.553	6.700
1428383636778	37.490183	139.931543	6	-0.091	-1.012	9.434	6.623
1428383636879	37.490183	139.931551	6	-0.102	-0.969	9.503	6.548
1428383636975	37.490183	139.931558	6	-0.091	-0.933	9.566	6.477
1428383637075	37.490183	139.931565	6	-0.061	-0.895	9.505	6.404
1428383637176	37.490182	139.931572	6	-0.061	-0.852	9.486	6.331
1428383637277	37.490182	139.931579	6	-0.080	-0.675	9.579	6.259
1428383637377	37.490182	139.931584	6	-0.055	-0.432	9.469	6.130
1428383637478	37.490181	139.931589	6	0.005	-0.294	9.420	5.994
1428383637579	37.490181	139.931594	6	0.013	-0.255	9.476	5.860
1428383637679	37.490181	139.931599	6	0.038	-0.230	9.512	5.731
1428383637775	37.490180	139.931603	6	0.046	-0.188	9.504	5.609
1428383637876	37.490180	139.931608	6	0.090	-0.131	9.420	5.484
1428383637977	37.490180	139.931612	6	0.104	-0.122	9.471	5.361
1428383638077	37.490180	139.931616	6	0.051	-0.137	9.509	5.243
1428383638178	37.490179	139.931620	6	0.046	-0.098	9.497	5.126
1428383638279	37.490179	139.931625	6	0.055	0.018	9.549	5.012
1428383638379	37.490179	139.931629	6	0.078	0.448	9.539	5.000
1428383638475	37.490179	139.931633	6	0.063	0.635	9.439	5.000
1428383638576	37.490178	139.931637	6	0.069	0.896	9.450	5.000
1428383638676	37.490178	139.931642	6	0.101	0.894	9.419	5.000
1428383638777	37.490178	139.931646	6	0.023	0.967	9.575	5.000
1428383638878	37.490178	139.931650	6	-0.046	0.933	9.540	5.000
1428383638979	37.490178	139.931655	6	-0.068	1.014	9.507	5.000
1428383639079	37.490177	139.931659	6	-0.120	0.965	9.503	5.000
1428383639175	37.490177	139.931663	6	-0.178	0.974	9.587	5.000
1428383639276	37.490177	139.931667	6	-0.125	0.982	9.479	5.000
1428383639376	37.490176	139.931673	6	-0.022	1.025	9.472	5.041
1428383639477	37.490176	139.931680	6	0.038	1.031	9.496	5.090
1428383639578	37.490175	139.931686	6	0.028	1.047	9.480	5.139
1428383639679	37.490174	139.931693	6	-0.057	1.075	9.456	5.189
1428383639779	37.490173	139.931699	6	-0.118	1.098	9.487	5.239
1428383639875	37.490172	139.931705	6	-0.192	1.046	9.488	5.287
1428383639976	37.490172	139.931712	6	-0.219	1.007	9.518	5.338
1428383640076	37.490171	139.931719	6	-0.208	1.021	9.507	5.389
1428383646174	37.490090	139.932274	6	-0.195	1.008	9.471	9.000
1428383646179	37.490090	139.932275	6	-0.196	1.004	9.473	9.000
1428383646275	37.490089	139.932284	6	-0.108	0.605	9.580	9.000
1428383646376	37.490087	139.932294	6	-0.067	0.260	9.698	8.978
1428383646476	37.490084	139.932304	6	-0.082	0.199	9.706	8.953
1428383646577	37.490082	139.932314	6	-0.168	0.221	9.520	8.928
1428383646678	37.490080	139.932323	6	-0.150	0.317	9.417	8.902
1428383646778	37.490077	139.932333	6	-0.099	0.324	9.519	8.877
1428383646879	37.490075	139.932342	6	-0.075	0.338	9.504	8.852
1428383646975	37.490072	139.932351	6	-0.099	0.325	9.443	8.828
1428383647076	37.490070	139.932361	6	-0.144	0.309	9.421	8.803
1428383647176	37.490068	139.932370	6	-0.172	0.295	9.448	8.778
1428383647277	37.490065	139.932380	6	-0.193	0.258	9.579	8.753
1428383647378	37.490064	139.932389	6	-0.157	0.280	9.548	8.728
1428383647478	37.490063	139.932398	6	-0.085	0.335	9.392	8.702
1428383647579	37.490062	139.932407	6	-0.020	0.282	9.566	8.677
1428383647675	37.490062	139.932416	6	-0.059	0.214	9.844	8.653
1428383647775	37.490061	139.932425	6	-0.203	0.261	9.594	8.628
1428383647876	37.490060	139.932434	6	-0.227	0.344	9.313	8.603
1428383647977	37.490059	139.932443	6	-0.209	0.271	9.496	8.577
1428383648078	37.490058	139.932452	6	-0.204	0.206	9.796	8.552
1428383648178	37.490057	139.932461	6	-0.179	0.296	9.591	8.528
1428383648279	37.490056	139.932470	6	-0.231	0.264	9.274	8.503
1428383648375	37.490055	139.932479	6	-0.180	0.142	9.610	8.500
1428383648475	37.490055	139.932489	6	-0.105	0.208	9.638	8.500
1428383648576	37.490054	139.932499	6	-0.110	0.274	9.207	8.500
1428383648677	37.490054	139.932509	6	-0.118	0.218	9.261	8.500
1428383648778	37.490053	139.932519	6	-0.086	0.159	9.562	8.500
1428383648878	37.490052	139.932529	6	-0.068	0.147	9.475	8.500
1428383648979	37.490052	139.932539	6	-0.025	0.136	9.324	8.500
1428383649075	37.490051	139.932548	6	0.020	0.138	9.241	8.500
1428383649175	37.490051	139.932558	6	0.147	0.040	9.755	8.500
1428383649276	37.490050	139.932568	6	0.259	0.025	9.772	8.500
1428383649377	37.490050	139.932577	6	0.305	0.112	9.359	8.500
1428383649477	37.490050	139.932586	6	0.297	0.111	9.276	8.500
1428383649578	37.490050	139.932595	6	0.339	0.089	9.481	8.500
1428383649679	37.490050	139.932604	6	0.396	0.024	9.795	8.500
1428383649780	37.490050	139.932613	6	0.376	-0.060	9.712	8.500
1428383649875	37.490051	139.932621	6	0.279	-0.073	9.541	8.500
1428383649976	37.490051	139.932630	6	0.136	-0.042	9.445	8.500
1428383650077	37.490051	139.932639	6	0.056	0.057	9.425	8.500
1428383650177	37.490051	139.932648	6	0.038	0.104	9.481	8.500
1428383650278	37.490051	139.932657	6	0.022	0.020	9.667	8.500
1428383650379	37.490051	139.932666	7	-0.006	-0.021	9.645	8.477
1428383650479	37.490051	139.932676	7	-0.049	-0.070	9.563	8.452
1428383650575	37.490051	139.932685	7	-0.059	-0.035	9.470	8.428
1428383650676	37.490051	139.932695	7	0.015	0.081	9.324	8.403
1428383650777	37.490051	139.932704	7	0.154	0.064	9.512	8.377
1428383650877	37.490051	139.932714	7	0.167	0.010	9.602	8.352
1428383650978	37.490051	139.932723	7	0.171	0.017	9.532	8.327
1428383651079	37.490051	139.932732	7	0.180	-0.036	9.504	8.302
1428383651179	37.490051	139.932742	7	0.174	-0.088	9.581	8.277
1428383651275	37.490051	139.932751	7	0.199	-0.130	9.505	8.254
1428383651376	37.490051	139.932760	7	0.203	-0.141	9.523	8.228
1428383651476	37.490051	139.932769	7	0.195	-0.250	9.680	8.203
1428383651577	37.490051	139.932778	7	0.201	-0.202	9.532	8.177
1428383651678	37.490051	139.932787	7	0.181	-0.200	9.475	8.152
1428383651779	37.490051	139.932796	7	0.114	-0.283	9.607	8.127
1428383651879	37.490051	139.932805	7	0.077	-0.203	9.477	8.102
1428383651975	37.490051	139.932814	7	-0.014	-0.171	9.410	8.078
1428383652076	37.490051	139.932823	7	-0.023	-0.252	9.421	8.053
1428383652176	37.490051	139.932832	7	0.043	-0.249	9.520	8.028
1428383652277	37.490051	139.932841	7	0.041	-0.223	9.569	8.003
1428383652378	37.490049	139.932850	6	0.017	-0.298	9.528	7.978
1428383652478	37.490048	139.932859	6	-0.060	-0.277	9.422	7.952
1428383652575	37.490046	139.932868	6	-0.144	-0.284	9.470	7.928
1428383652675	37.490044	139.932877	6	-0.068	-0.292	9.568	7.903
1428383652776	37.490043	139.932886	6	0.035	-0.231	9.540	7.878
1428383652876	37.490041	139.932895	6	0.027	-0.218	9.340	7.853
1428383652977	37.490039	139.932904	6	-0.004	-0.226	9.249	7.827
1428383653078	37.490038	139.932913	6	-0.028	-0.246	9.375	7.802
1428383653178	37.490036	139.932922	6	-0.057	-0.280	9.482	7.778
1428383653279	37.490034	139.932931	6	-0.013	-0.280	9.506	7.753
1428383653375	37.490033	139.932939	5	0.035	-0.311	9.403	7.683
1428383653476	37.490033	139.932948	5	0.081	-0.381	9.562	7.605
1428383653576	37.490032	139.932956	5	0.113	-0.413	9.723	7.528
1428383653677	37.490032	139.932965	5	0.113	-0.296	9.529	7.451
1428383653778	37.490031	139.932973	5	0.091	-0.261	9.415	7.374
1428383653878	37.490030	139.932981	5	0.041	-0.340	9.467	7.300
1428383653979	37.490030	139.932989	5	-0.018	-0.444	9.641	7.225
1428383654075	37.490029	139.932997	5	-0.023	-0.510	9.625	7.155
1428383654176	37.490029	139.933005	5	0.032	-0.584	9.468	7.082
1428383654276	37.490028	139.933013	5	0.099	-0.659	9.485	7.010
1428383654377	37.490028	139.933020	5	0.133	-0.588	9.597	6.955
1428383654478	37.490028	139.933028	5	0.143	-0.455	9.615	6.903
1428383654578	37.490029	139.933035	5	0.131	-0.304	9.458	6.852
1428383654679	37.490029	139.933042	5	0.147	-0.230	9.345	6.801
1428383654775	37.490029	139.933049	5	0.186	-0.241	9.476	6.753
1428383654875	37.490029	139.933056	5	0.156	-0.294	9.463	6.703
1428383654976	37.490029	139.933063	5	0.161	-0.414	9.425	6.653
1428383655077	37.490030	139.933070	5	0.192	-0.552	9.508	6.603
1428383655177	37.490030	139.933077	5	0.203	-0.739	9.653	6.555
1428383655278	37.490030	139.933084	5	0.174	-0.838	9.495	6.506
1428383655379	37.490029	139.933090	5	0.207	-0.847	9.439	6.404
1428383655475	37.490029	139.933095	5	0.261	-0.871	9.524	6.302
1428383655575	37.490028	139.933101	5	0.248	-0.991	9.532	6.198
1428383655676	37.490028	139.933107	5	0.169	-1.096	9.446	6.094
1428383655777	37.490027	139.933112	5	0.120	-1.186	9.492	5.992
1428383655877	37.490026	139.933117	5	0.198	-1.259	9.583	5.893
1428383655978	37.490026	139.933122	5	0.242	-1.296	9.521	5.794
1428383656079	37.490025	139.933128	5	0.243	-1.287	9.455	5.697
1428383656180	37.490025	139.933133	5	0.290	-1.250	9.414	5.602
1428383656275	37.490024	139.933137	5	0.318	-1.247	9.580	5.514
1428383656376	37.490023	139.933142	5	0.283	-1.217	9.604	5.380
1428383656477	37.490022	139.933147	5	0.292	-1.060	9.412	5.242
1428383656577	37.490021	139.933151	5	0.382	-0.970	9.381	5.108
1428383656678	37.490021	139.933156	5	0.473	-0.972	9.539	4.977
1428383656779	37.490020	139.933160	5	0.558	-0.931	9.627	4.849
1428383656879	37.490019	139.933165	5	0.662	-0.837	9.369	4.725
1428383656975	37.490018	139.933169	5	0.684	-0.810	9.418	4.609
1428383657076	37.490018	139.933173	5	0.822	-0.852	9.596	4.491
1428383657177	37.490017	139.933177	5	1.022	-0.835	9.551	4.375
1428383657277	37.490016	139.933181	5	0.977	-0.773	9.390	4.264
1428383657378	37.490015	139.933185	4	0.736	-0.809	9.520	4.151
1428383657479	37.490013	139.933189	4	0.488	-0.813	9.513	4.041
1428383657579	37.490012	139.933193	4	0.384	-0.843	9.511	3.934
1428383657675	37.490010	139.933196	4	0.397	-0.863	9.562	3.833
1428383657776	37.490009	139.933200	4	0.360	-0.827	9.406	3.731
1428383657876	37.490007	139.933204	4	0.315	-0.815	9.457	3.632
1428383657977	37.490006	139.933207	4	0.288	-0.753	9.522	3.534
1428383658078	37.490005	139.933211	4	0.370	-0.657	9.582	3.440
1428383658179	37.490003	139.933214	4	0.431	-0.518	9.404	3.348
1428383658279	37.490002	139.933218	4	0.446	-0.380	9.279	3.260
1428383658375	37.490001	139.933221	5	0.439	-0.282	9.306	3.228
1428383658476	37.490000	139.933224	5	0.369	-0.196	9.379	3.202
1428383658576	37.489998	139.933227	5	0.234	-0.159	9.326	3.176
1428383658677	37.489997	139.933230	5	0.098	-0.253	9.452	3.151
1428383658778	37.489996	139.933233	5	0.088	-0.453	9.709	3.126
1428383658878	37.489995	139.933237	5	0.140	-0.627	9.809	3.101
1428383658979	37.489994	139.933240	5	0.168	-0.745	9.750	3.076
1428383659075	37.489992	139.933243	5	0.174	-0.820	9.665	3.052
1428383659176	37.489991	139.933246	5	0.299	-0.804	9.522	3.027
1428383659276	37.489990	139.933249	5	0.334	-0.712	9.322	3.003
1428383659377	37.489988	139.933251	5	0.209	-0.560	9.182	2.953
1428383659478	37.489986	139.933253	5	0.051	-0.386	9.073	2.899
1428383659578	37.489984	139.933256	5	0.082	-0.337	9.336	2.847
1428383659679	37.489983	139.933258	5	0.207	-0.376	9.719	2.795
1428383659775	37.489981	139.933260	5	0.080	-0.580	10.190	2.746
1428383659875	37.489979	139.933262	5	-0.079	-0.780	10.370	2.696
1428383659976	37.489977	139.933265	5	0.270	-0.474	9.520	2.647
1428383660077	37.489976	139.933267	5	0.400	-0.068	8.862	2.599
1428383660178	37.489974	139.933269	5	0.427	-0.067	9.033	2.551
1428383660278	37.489972	139.933271	5	0.379	-0.249	9.766	2.505
1428383660379	37.489968	139.933271	9	0.344	-0.191	9.646	2.423
1428383660475	37.489965	139.933270	9	0.295	-0.158	9.414	2.341
1428383660575	37.489961	139.933270	9	0.318	-0.766	10.312	2.259
1428383660676	37.489957	139.933269	9	0.602	-0.740	10.202	2.179
1428383660777	37.489953	139.933269	9	0.413	-0.073	8.779	2.102
1428383660878	37.489950	139.933268	9	0.085	0.294	8.479	2.027
1428383660978	37.489947	139.933268	9	-0.125	0.207	9.346	1.956
1428383661079	37.489943	139.933268	9	0.006	0.038	9.957	1.886
1428383661175	37.489940	139.933267	9	0.308	0.120	9.456	1.823
1428383661275	37.489937	139.933267	9	0.578	0.097	9.402	1.759
1428383661376	37.489934	139.933268	9	0.535	0.061	9.662	1.750
1428383661477	37.489931	139.933268	9	0.342	-0.005	9.588	1.750
1428383661577	37.489927	139.933269	9	-0.172	-0.039	9.445	1.750
1428383661678	37.489924	139.933270	9	-0.487	-0.076	9.338	1.750
1428383661779	37.489920	139.933271	9	-0.512	0.123	8.928	1.750
1428383661875	37.489917	139.933272	9	-0.206	0.141	9.314	1.750
1428383661975	37.489914	139.933272	9	0.124	0.116	9.640	1.750
1428383662076	37.489910	139.933273	9	0.280	0.012	9.705	1.750
1428383662177	37.489907	139.933274	9	0.423	-0.083	9.647	1.750
1428383662277	37.489903	139.933275	9	0.681	-0.219	9.661	1.750
1428383662378	37.489901	139.933275	7	0.713	-0.340	9.519	1.771
1428383662479	37.489899	139.933274	7	0.433	-0.363	9.589	1.795
1428383662580	37.489897	139.933274	7	-0.251	-0.254	9.661	1.819
1428383662675	37.489895	139.933274	7	-0.775	-0.202	9.496	1.842
1428383662776	37.489893	139.933274	7	-0.777	-0.176	9.372	1.867
1428383662877	37.489891	139.933273	7	-0.387	-0.037	9.396	1.893
1428383662977	37.489889	139.933273	7	0.020	0.090	9.507	1.918
1428383663078	37.489887	139.933273	7	0.353	0.232	9.549	1.944
1428383663179	37.489884	139.933272	7	0.646	0.326	9.501	1.971
1428383663279	37.489882	139.933272	7	0.860	0.383	9.499	1.997
1428383663375	37.489880	139.933272	5	0.823	0.425	9.552	2.000
1428383663476	37.489879	139.933271	5	0.569	0.402	9.517	2.000
1428383663577	37.489877	139.933271	5	0.323	0.427	9.540	2.000
1428383663677	37.489875	139.933271	5	0.184	0.486	9.568	2.000
1428383663778	37.489873	139.933271	5	0.169	0.533	9.462	2.000
1428383663879	37.489871	139.933270	5	0.297	0.533	9.426	2.000
1428383663979	37.489870	139.933270	5	0.500	0.511	9.496	2.000
1428383664075	37.489868	139.933270	5	0.651	0.447	9.600	2.000
1428383664176	37.489866	139.933269	5	0.732	0.438	9.360	2.000
1428383664276	37.489864	139.933269	5	0.572	0.319	9.556	2.000
1428383664377	37.489862	139.933269	4	0.511	0.174	10.110	2.039
1428383664478	37.489860	139.933268	4	0.445	0.199	9.726	2.086
1428383664579	37.489858	139.933267	4	0.275	0.205	9.254	2.133
1428383664679	37.489856	139.933267	4	0.200	0.174	9.308	2.181
1428383664775	37.489853	139.933266	4	0.296	0.164	9.489	2.229
1428383664876	37.489851	139.933266	4	0.474	0.166	9.580	2.280
1428383664976	37.489849	139.933265	4	0.561	0.169	9.562	2.331
1428383665077	37.489846	139.933264	4	0.599	0.177	9.471	2.384
1428383665178	37.489844	139.933264	4	0.635	0.202	9.495	2.438
1428383665278	37.489841	139.933263	4	0.483	0.143	9.667	2.493
1428383665379	37.489839	139.933262	4	0.330	0.226	9.476	2.521
1428383665475	37.489836	139.933261	4	0.347	0.292	9.307	2.544
1428383665576	37.489833	139.933261	4	0.217	0.178	9.513	2.569
1428383665676	37.489831	139.933260	4	0.219	0.166	9.783	2.594
1428383665777	37.489828	139.933259	4	0.374	0.227	9.695	2.619
1428383665878	37.489825	139.933258	4	0.304	0.180	9.487	2.644
1428383665978	37.489822	139.933257	4	0.165	0.071	9.609	2.669
1428383666079	37.489819	139.933256	4	0.159	0.126	9.484	2.695
1428383666175	37.489816	139.933255	4	0.364	0.263	9.243	2.720
1428383666276	37.489813	139.933254	4	0.505	0.227	9.373	2.746
1428383666376	37.489811	139.933253	4	0.485	0.197	9.605	2.750
1428383666477	37.489808	139.933252	4	0.321	0.166	9.632	2.750
1428383666578	37.489806	139.933251	4	0.395	0.155	9.652	2.750
1428383666678	37.489803	139.933250	4	0.437	0.181	9.542	2.750
1428383666779	37.489800	139.933249	4	0.417	0.175	9.423	2.750
1428383666875	37.489798	139.933248	4	0.433	0.221	9.434	2.750
1428383666975	37.489795	139.933247	4	0.447	0.211	9.639	2.750
1428383667076	37.489793	139.933246	4	0.437	0.240	9.531	2.750
1428383667177	37.489790	139.933245	4	0.528	0.242	9.384	2.750
1428383667278	37.489787	139.933244	4	0.500	0.207	9.618	2.750
1428383667378	37.489785	139.933242	4	0.392	0.154	9.583	2.771
1428383667479	37.489783	139.933241	4	0.410	0.256	9.140	2.796
1428383667575	37.489780	139.933239	4	0.386	0.378	9.266	2.819
1428383667675	37.489778	139.933237	4	0.295	0.276	9.766	2.844
1428383667776	37.489776	139.933235	4	0.197	0.260	9.752	2.869
1428383667877	37.489773	139.933234	4	0.214	0.339	9.419	2.894
1428383667978	37.489771	139.933232	4	0.112	0.340	9.504	2.920
1428383668078	37.489768	139.933230	4	0.191	0.302	9.373	2.945
1428383668179	37.489766	139.933228	4	0.273	0.268	9.533	2.971
1428383668275	37.489763	139.933226	4	0.341	0.271	9.591	2.996
1428383668375	37.489761	139.933224	4	0.379	0.166	9.509	3.000
1428383668476	37.489758	139.933221	4	0.548	0.125	9.504	3.000
1428383668577	37.489756	139.933219	4	0.434	0.204	9.343	3.000
1428383668677	37.489753	139.933216	4	0.240	0.244	9.265	3.000
1428383668778	37.489751	139.933214	4	0.212	0.019	9.828	3.000
1428383668879	37.489748	139.933211	4	0.335	-0.093	10.123	3.000
1428383668975	37.489746	139.933209	4	0.255	0.002	9.452	3.000
1428383669075	37.489743	139.933206	4	0.190	0.043	9.215	3.000
1428383669176	37.489741	139.933204	4	0.305	-0.045	9.378	3.000
1428383669277	37.489738	139.933201	4	0.398	-0.070	9.628	3.000
1428383669377	37.489736	139.933199	4	0.406	-0.055	9.732	3.021
1428383669478	37.489734	139.933196	4	0.399	-0.084	9.743	3.045
1428383669579	37.489732	139.933193	4	0.418	-0.070	9.445	3.070
1428383669680	37.489730	139.933190	4	0.557	0.067	9.448	3.095
1428383669775	37.489728	139.933188	4	0.535	0.212	9.453	3.119
1428383669876	37.489726	139.933185	4	0.457	-0.017	9.787	3.144
1428383669977	37.489724	139.933182	4	0.234	0.005	9.583	3.170
1428383670077	37.489722	139.933179	4	0.176	0.415	9.020	3.195
1428383670178	37.489719	139.933176	4	0.365	0.417	9.001	3.221
1428383670279	37.489717	139.933173	4	0.418	-0.016	9.816	3.247
1428383670379	37.489716	139.933170	4	0.137	-0.073	10.061	3.271
1428383670475	37.489714	139.933166	4	0.050	0.247	9.553	3.295
1428383670576	37.489712	139.933162	4	-0.086	0.396	8.932	3.320
1428383670676	37.489711	139.933159	4	-0.087	0.109	9.349	3.344
1428383670777	37.489709	139.933155	4	-0.257	-0.088	9.746	3.369
1428383670878	37.489707	139.933151	4	-0.351	-0.086	9.786	3.395
1428383670979	37.489705	139.933147	4	-0.159	0.187	9.528	3.420
1428383671079	37.489704	139.933143	4	0.052	0.251	9.190	3.446
1428383671175	37.489702	139.933140	4	0.121	0.020	9.201	3.470
1428383671276	37.489700	139.933136	4	0.210	0.013	9.622	3.496
1428383671376	37.489699	139.933132	4	0.214	0.347	9.430	3.500
1428383671477	37.489697	139.933128	4	0.178	0.399	9.579	3.500
1428383671578	37.489696	139.933124	4	0.022	0.216	9.601	3.500
1428383671679	37.489695	139.933121	4	-0.191	0.121	9.606	3.500
1428383671779	37.489693	139.933117	4	-0.359	0.188	9.678	3.500
1428383671875	37.489692	139.933113	4	-0.572	0.342	9.463	3.500
1428383671976	37.489690	139.933110	4	-0.508	0.318	9.405	3.500
1428383672076	37.489689	139.933106	4	-0.395	0.162	9.549	3.500
1428383672177	37.489688	139.933102	4	-0.254	0.013	9.719	3.500
1428383672278	37.489686	139.933098	4	0.025	0.129	9.493	3.500
1428383672378	37.489685	139.933094	4	0.240	0.259	9.296	3.500
1428383672479	37.489684	139.933090	4	0.063	0.100	9.661	3.500
1428383672575	37.489683	139.933086	4	-0.224	0.075	9.707	3.500
1428383672675	37.489681	139.933082	4	-0.529	0.254	9.494	3.500
1428383672776	37.489680	139.933078	4	-0.424	0.268	9.696	3.500
1428383672877	37.489679	139.933074	4	-0.384	0.286	9.217	3.500
1428383672978	37.489678	139.933070	4	-0.295	0.327	9.106	3.500
1428383673078	37.489677	139.933066	4	0.036	0.229	9.611	3.500
1428383673179	37.489675	139.933062	4	0.229	0.132	9.825	3.500
1428383673275	37.489674	139.933058	4	0.208	0.150	9.518	3.500
1428383673375	37.489673	139.933054	4	0.302	0.251	9.234	3.500
1428383673476	37.489672	139.933050	4	0.091	0.124	9.624	3.500
1428383673577	37.489671	139.933046	4	-0.421	0.243	9.424	3.500
1428383673678	37.489670	139.933042	4	-0.581	0.317	9.268	3.500
1428383673778	37.489669	139.933038	4	-0.413	0.225	9.562	3.500
1428383673879	37.489668	139.933034	4	-0.020	0.104	9.439	3.500
1428383673975	37.489666	139.933030	4	0.147	0.078	9.429	3.500
1428383674075	37.489665	139.933026	4	0.251	0.094	9.811	3.500
1428383674176	37.489664	139.933022	4	0.108	0.222	9.709	3.500
1428383674277	37.489663	139.933019	4	-0.060	0.268	9.404	3.500
1428383674378	37.489662	139.933014	4	-0.278	0.174	9.380	3.521
1428383674478	37.489661	139.933010	4	-0.283	0.243	9.444	3.546
1428383674579	37.489660	139.933006	4	-0.361	0.252	9.396	3.570
1428383674675	37.489659	139.933002	4	-0.243	0.307	9.462	3.594
1428383674775	37.489658	139.932998	4	-0.021	0.282	9.520	3.619
1428383674876	37.489657	139.932994	4	0.165	0.214	9.430	3.644
1428383674977	37.489656	139.932989	4	0.214	0.150	9.649	3.670
1428383675077	37.489655	139.932985	4	0.222	0.099	9.810	3.695
1428383675178	37.489654	139.932981	4	0.078	-0.026	9.915	3.721
1428383675279	37.489653	139.932976	4	-0.294	0.165	9.177	3.747
1428383675379	37.489652	139.932972	4	-0.457	0.281	8.885	3.750
1428383675475	37.489652	139.932968	4	-0.518	0.191	9.231	3.750
1428383675576	37.489651	139.932963	4	-0.484	0.083	9.482	3.750
1428383675677	37.489650	139.932959	4	-0.351	0.087	9.280	3.750
1428383675777	37.489649	139.932955	4	-0.176	0.033	9.375	3.750
1428383675878	37.489648	139.932950	4	-0.019	-0.121	9.628	3.750
1428383675979	37.489647	139.932946	4	-0.069	-0.178	9.824	3.750
1428383676079	37.489647	139.932941	4	-0.196	-0.126	9.679	3.750
1428383676175	37.489646	139.932937	4	-0.154	-0.053	9.433	3.750
1428383676276	37.489645	139.932933	4	-0.173	-0.143	9.337	3.750
1428383676377	37.489644	139.932928	4	-0.284	-0.363	9.523	3.750
1428383676477	37.489643	139.932924	4	-0.400	-0.305	9.645	3.750
1428383676578	37.489643	139.932919	4	-0.504	-0.076	9.357	3.750
1428383676679	37.489642	139.932915	4	-0.511	-0.066	9.301	3.750
1428383676779	37.489641	139.932910	4	-0.416	-0.118	9.446	3.750
1428383676875	37.489640	139.932906	4	-0.328	-0.116	9.515	3.750
1428383676976	37.489640	139.932901	4	-0.202	-0.085	9.565	3.750
1428383677076	37.489639	139.932897	4	-0.121	-0.052	9.540	3.750
1428383677177	37.489638	139.932892	4	-0.087	-0.062	9.390	3.750
1428383677278	37.489637	139.932888	4	-0.107	-0.154	9.557	3.750
1428383677379	37.489636	139.932883	4	-0.217	-0.187	9.714	3.750
1428383677479	37.489635	139.932879	4	-0.280	-0.147	9.611	3.750
1428383677575	37.489635	139.932875	4	-0.307	-0.124	9.512	3.750
1428383677676	37.489634	139.932870	4	-0.294	-0.184	9.548	3.750
1428383677776	37.489633	139.932866	4	-0.328	-0.171	9.565	3.750
1428383677877	37.489632	139.932862	4	-0.400	-0.036	9.270	3.750
1428383677978	37.489632	139.932857	4	-0.328	-0.030	9.396	3.750
1428383678078	37.489631	139.932853	4	-0.247	-0.131	9.674	3.750
1428383678179	37.489630	139.932849	4	-0.238	-0.180	9.594	3.750
1428383678275	37.489629	139.932845	4	-0.275	-0.096	9.394	3.750
1428383678376	37.489628	139.932840	3	-0.227	0.026	9.447	3.750
1428383678476	37.489628	139.932836	3	-0.190	-0.020	9.566	3.750
1428383678577	37.489627	139.932831	3	-0.133	-0.130	9.789	3.750
1428383678678	37.489626	139.932827	3	-0.272	-0.034	9.358	3.750
1428383678778	37.489625	139.932823	3	-0.161	-0.033	9.523	3.750
1428383678879	37.489624	139.932818	3	-0.119	-0.051	9.600	3.750
1428383678975	37.489624	139.932814	3	-0.209	-0.090	9.499	3.750
1428383679075	37.489623	139.932809	3	-0.244	-0.107	9.643	3.750
1428383679176	37.489622	139.932805	3	-0.244	0.008	9.491	3.750
1428383679277	37.489621	139.932801	3	-0.227	0.051	9.409	3.750
1428383679378	37.489620	139.932796	4	-0.213	0.019	9.506	3.727
1428383679478	37.489620	139.932792	4	-0.209	0.023	9.456	3.702
1428383679579	37.489619	139.932787	4	-0.226	0.055	9.431	3.676
1428383679675	37.489618	139.932783	4	-0.210	0.036	9.466	3.652
1428383679775	37.489618	139.932779	4	-0.244	-0.025	9.492	3.627
1428383679876	37.489617	139.932774	4	-0.259	0.025	9.450	3.601
1428383679977	37.489616	139.932770	4	-0.221	0.002	9.517	3.576
1428383680078	37.489615	139.932766	4	-0.212	-0.074	9.584	3.552
1428383680178	37.489615	139.932762	4	-0.138	-0.057	9.493	3.527
1428383680279	37.489614	139.932757	4	-0.059	-0.063	9.428	3.503
1428383680375	37.489614	139.932753	4	-0.007	-0.034	9.380	3.500
1428383680475	37.489613	139.932749	4	0.012	-0.030	9.391	3.500
1428383680576	37.489613	139.932745	4	-0.054	-0.090	9.527	3.500
1428383680677	37.489612	139.932740	4	-0.172	-0.346	10.090	3.500
1428383680777	37.489612	139.932736	4	-0.270	-0.269	9.773	3.500
1428383680878	37.489611	139.932732	4	-0.233	-0.027	9.173	3.500
1428383680979	37.489611	139.932727	4	-0.181	0.067	9.145	3.500
1428383681075	37.489610	139.932723	4	-0.188	-0.047	9.622	3.500
1428383681175	37.489610	139.932719	4	-0.219	-0.090	9.840	3.500
1428383681276	37.489609	139.932715	4	-0.342	-0.038	9.528	3.500
1428383681377	37.489609	139.932710	3	-0.298	0.065	9.199	3.500
1428383681477	37.489608	139.932706	3	-0.183	0.105	9.335	3.500
1428383681578	37.489608	139.932702	3	-0.085	0.099	9.511	3.500
1428383681679	37.489608	139.932698	3	-0.095	0.124	9.512	3.500
1428383681775	37.489608	139.932694	3	-0.169	0.055	9.729	3.500
1428383681875	37.489607	139.932690	3	-0.327	0.061	9.782	3.500
1428383681976	37.489607	139.932686	3	-0.469	-0.026	9.468	3.500
1428383682077	37.489607	139.932682	3	-0.504	-0.031	9.326	3.500
1428383682177	37.489606	139.932678	3	-0.545	0.029	9.385	3.500
1428383682278	37.489606	139.932673	3	-0.522	0.067	9.613	3.500
1428383682379	37.489606	139.932669	3	-0.469	0.035	9.615	3.500
1428383682479	37.489606	139.932665	3	-0.412	0.031	9.319	3.500
1428383682575	37.489605	139.932661	3	-0.339	0.010	9.345	3.500
1428383682676	37.489605	139.932657	3	-0.202	0.077	9.446	3.500
1428383682776	37.489605	139.932653	3	0.028	0.203	9.264	3.500
1428383682877	37.489605	139.932648	3	-0.012	0.069	9.662	3.500
1428383682978	37.489605	139.932644	3	-0.334	-0.153	10.002	3.500
1428383683079	37.489604	139.932640	3	-0.500	-0.079	9.645	3.500
1428383683179	37.489604	139.932636	3	-0.728	-0.060	9.487	3.500
1428383683275	37.489604	139.932632	3	-0.834	-0.002	9.304	3.500
1428383683376	37.489604	139.932628	4	-0.640	0.097	9.052	3.478
1428383683476	37.489604	139.932624	4	-0.450	0.087	9.360	3.452
1428383683577	37.489604	139.932620	4	-0.323	-0.048	9.792	3.426
1428383683678	37.489604	139.932616	4	-0.205	-0.098	9.616	3.401
1428383683779	37.489604	139.932612	4	-0.040	-0.086	9.443	3.375
1428383683879	37.489603	139.932608	4	-0.018	-0.085	9.467	3.351
1428383683976	37.489603	139.932605	4	-0.078	-0.086	9.506	3.327
1428383684076	37.489603	139.932601	4	-0.162	-0.020	9.671	3.302
1428383684176	37.489603	139.932597	4	-0.420	0.038	9.645	3.278
1428383684277	37.489603	139.932593	4	-0.757	0.039	9.388	3.253
1428383684378	37.489603	139.932590	4	-0.929	-0.035	9.477	3.227
1428383684478	37.489603	139.932586	4	-0.948	-0.100	9.273	3.201
1428383684579	37.489603	139.932582	4	-0.659	-0.117	9.194	3.176
1428383684675	37.489603	139.932578	4	-0.287	-0.094	9.383	3.151
1428383684776	37.489602	139.932575	4	0.112	-0.013	9.648	3.126
1428383684876	37.489602	139.932571	4	0.067	-0.055	9.817	3.101
1428383684977	37.489602	139.932567	4	-0.114	-0.077	9.586	3.076
1428383685078	37.489602	139.932564	4	-0.213	0.012	9.401	3.051
1428383685178	37.489602	139.932560	4	-0.206	0.043	9.473	3.027
1428383685279	37.489602	139.932556	4	-0.388	0.006	9.544	3.003
1428383685375	37.489602	139.932553	3	-0.489	-0.021	9.551	3.000
1428383685475	37.489602	139.932549	3	-0.448	0.085	9.311	3.000
1428383685576	37.489602	139.932546	3	-0.427	0.139	9.260	3.000
1428383685677	37.489602	139.932542	3	-0.467	0.038	9.570	3.000
1428383685778	37.489602	139.932538	3	-0.420	-0.051	9.763	3.000
1428383685878	37.489601	139.932535	3	-0.394	-0.000	9.551	3.000
1428383685979	37.489601	139.932531	3	-0.263	0.053	9.449	3.000
1428383686075	37.489601	139.932528	3	-0.174	0.023	9.562	3.000
1428383686175	37.489601	139.932524	3	-0.151	0.035	9.611	3.000
1428383686276	37.489601	139.932521	3	-0.359	0.120	9.315	3.000
1428383686377	37.489601	139.932517	4	-0.425	0.147	9.279	3.000
1428383686478	37.489601	139.932513	4	-0.316	0.131	9.541	3.000
1428383686578	37.489601	139.932510	4	-0.239	0.131	9.547	3.000
1428383686679	37.489601	139.932506	4	-0.185	0.099	9.568	3.000
1428383686775	37.489601	139.932503	4	-0.181	0.111	9.474	3.000
1428383686875	37.489600	139.932500	4	-0.235	0.105	9.515	3.000
1428383686976	37.489600	139.932496	4	-0.331	0.059	9.729	3.000
1428383687077	37.489600	139.932492	4	-0.421	0.124	9.526	3.000
1428383687178	37.489600	139.932489	4	-0.457	0.179	9.357	3.000
1428383687278	37.489600	139.932485	4	-0.322	0.134	9.378	3.000
1428383687379	37.489600	139.932482	4	-0.217	0.046	9.579	3.000
1428383687475	37.489600	139.932478	4	-0.116	0.061	9.531	3.000
1428383687575	37.489601	139.932475	4	-0.075	0.030	9.556	3.000
1428383687676	37.489601	139.932471	4	-0.253	-0.014	9.592	3.000
1428383687777	37.489601	139.932467	4	-0.333	0.064	9.571	3.000
1428383687877	37.489601	139.932464	4	-0.277	0.128	9.409	3.000
1428383687978	37.489601	139.932460	4	-0.212	0.139	9.442	3.000
1428383688079	37.489602	139.932457	4	-0.219	0.101	9.570	3.000
1428383688180	37.489602	139.932453	4	-0.247	0.097	9.529	3.000
1428383688275	37.489602	139.932450	4	-0.305	0.152	9.442	3.000
1428383688376	37.489602	139.932446	4	-0.267	0.269	9.145	3.000
1428383688477	37.489602	139.932442	4	-0.229	0.241	9.172	3.000
1428383688577	37.489602	139.932439	4	-0.142	0.043	9.741	3.000
1428383688678	37.489602	139.932435	4	-0.053	0.028	9.805	3.000
1428383688779	37.489602	139.932431	4	0.043	0.085	9.509	3.000
1428383688879	37.489603	139.932428	4	0.029	0.050	9.696	3.000
1428383688975	37.489603	139.932424	4	-0.076	-0.024	9.780	3.000
1428383689076	37.489603	139.932421	4	-0.159	-0.062	9.600	3.000
1428383689177	37.489603	139.932417	4	-0.131	-0.015	9.432	3.000
1428383689277	37.489603	139.932413	4	-0.116	0.047	9.373	3.000
1428383689378	37.489603	139.932410	3	-0.050	0.046	9.426	3.000
1428383689479	37.489603	139.932407	3	-0.046	-0.015	9.533	3.000
1428383689579	37.489604	139.932403	3	-0.202	-0.037	9.512	3.000
1428383689675	37.489604	139.932400	3	-0.295	-0.101	9.299	3.000
1428383689776	37.489604	139.932396	3	-0.203	-0.138	9.445	3.000
1428383689876	37.489604	139.932393	3	-0.087	-0.023	9.677	3.000
1428383689977	37.489604	139.932390	3	-0.038	0.061	9.497	3.000
1428383690078	37.489605	139.932386	3	-0.027	0.036	9.361	3.000
1428383690179	37.489605	139.932383	3	-0.015	-0.040	9.487	3.000
1428383690280	37.489605	139.932379	3	-0.031	-0.058	9.628	3.000
1428383690375	37.489605	139.932376	3	-0.050	-0.043	9.566	3.000
1428383690476	37.489606	139.932373	3	-0.045	-0.065	9.429	3.000
1428383690576	37.489606	139.932369	3	-0.015	-0.145	9.510	3.000
1428383690677	37.489607	139.932366	3	-0.025	-0.148	9.554	3.000
1428383690778	37.489607	139.932362	3	-0.022	-0.058	9.467	3.000
1428383690879	37.489608	139.932359	3	-0.073	-0.013	9.473	3.000
1428383690979	37.489608	139.932356	3	-0.188	-0.076	9.519	3.000
1428383691075	37.489609	139.932352	3	-0.167	-0.086	9.521	3.000
1428383691176	37.489609	139.932349	3	-0.054	-0.051	9.418	3.000
1428383691276	37.489610	139.932345	3	0.049	-0.055	9.441	3.000
1428383691377	37.489610	139.932342	3	0.153	-0.055	9.493	3.000
1428383691478	37.489611	139.932339	3	0.239	-0.050	9.502	3.000
1428383691578	37.489611	139.932336	3	0.269	-0.051	9.510	3.000
1428383691679	37.489612	139.932333	3	0.304	-0.007	9.464	3.000
1428383691775	37.489612	139.932329	3	0.348	-0.013	9.487	3.000
1428383691876	37.489612	139.932326	3	0.395	-0.075	9.609	3.000
1428383691976	37.489613	139.932323	3	0.425	-0.031	9.522	3.000
1428383692077	37.489613	139.932320	3	0.409	-0.021	9.402	3.000
1428383692178	37.489614	139.932317	3	0.400	-0.052	9.482	3.000
1428383692278	37.489614	139.932313	3	0.455	-0.074	9.539	3.000
1428383692379	37.489614	139.932310	4	0.536	-0.074	9.538	3.000
1428383692475	37.489614	139.932307	4	0.563	-0.083	9.479	3.000
1428383692575	37.489615	139.932303	4	0.610	-0.105	9.487	3.000
1428383692676	37.489615	139.932300	4	0.659	-0.135	9.596	3.000
1428383692777	37.489615	139.932296	4	0.635	-0.137	9.525	3.000
1428383692878	37.489615	139.932293	4	0.612	-0.118	9.406	3.000
1428383692978	37.489615	139.932290	4	0.601	-0.108	9.439	3.000
1428383693079	37.489616	139.932286	4	0.567	-0.133	9.567	3.000
1428383693175	37.489616	139.932283	4	0.611	-0.135	9.499	3.000
1428383693275	37.489616	139.932280	4	0.710	-0.110	9.378	3.000
1428383693376	37.489616	139.932276	6	0.797	-0.110	9.430	3.000
1428383693477	37.489617	139.932273	6	0.880	-0.192	9.544	3.000
1428383693577	37.489617	139.932270	6	0.980	-0.245	9.567	3.000
1428383693678	37.489617	139.932266	6	0.995	-0.186	9.382	3.000
1428383693779	37.489617	139.932263	6	0.906	-0.165	9.375	3.000
1428383693875	37.489618	139.932260	6	0.894	-0.272	9.605	3.000
1428383693975	37.489618	139.932256	6	0.929	-0.344	9.644	3.000
1428383694076	37.489618	139.932253	6	0.831	-0.258	9.381	3.000
1428383694177	37.489619	139.932250	6	0.693	-0.234	9.373	3.000
1428383694277	37.489619	139.932246	6	0.639	-0.263	9.485	3.000
1428383694378	37.489621	139.932245	7	0.664	-0.296	9.507	2.977
1428383694479	37.489624	139.932244	7	0.749	-0.253	9.385	2.951
1428383694579	37.489627	139.932244	7	0.863	-0.252	9.406	2.926
1428383694675	37.489630	139.932243	7	0.929	-0.370	9.682	2.901
1428383694776	37.489632	139.932242	7	1.091	-0.435	9.725	2.876
1428383694877	37.489635	139.932241	7	1.237	-0.327	9.421	2.851
1428383694977	37.489638	139.932240	7	1.193	-0.213	9.165	2.826
1428383695078	37.489640	139.932240	7	1.150	-0.310	9.496	2.801
1428383695179	37.489643	139.932239	7	1.161	-0.384	9.688	2.777
1428383695279	37.489646	139.932238	7	1.114	-0.289	9.516	2.753
1428383695375	37.489648	139.932237	7	0.989	-0.208	9.394	2.750
1428383695476	37.489651	139.932236	7	0.859	-0.278	9.534	2.750
1428383695577	37.489654	139.932235	7	0.857	-0.319	9.536	2.750
1428383695677	37.489656	139.932234	7	1.024	-0.266	9.388	2.750
1428383695778	37.489659	139.932233	7	1.125	-0.247	9.440	2.750
1428383695879	37.489662	139.932232	7	1.048	-0.334	9.581	2.750
1428383695979	37.489665	139.932231	7	0.890	-0.338	9.454	2.750
1428383696075	37.489667	139.932230	7	0.886	-0.267	9.340	2.750
1428383696176	37.489670	139.932229	7	1.017	-0.310	9.475	2.750
1428383696276	37.489673	139.932228	7	1.139	-0.392	9.606	2.750
1428383696377	37.489675	139.932227	5	1.248	-0.340	9.477	2.750
1428383696478	37.489678	139.932227	5	1.241	-0.275	9.356	2.750
1428383696579	37.489681	139.932226	5	1.133	-0.293	9.468	2.750
1428383696679	37.489683	139.932225	5	1.022	-0.325	9.623	2.750
1428383696775	37.489686	139.932224	5	0.992	-0.259	9.473	2.750
1428383696876	37.489689	139.932223	5	1.009	-0.228	9.339	2.750
1428383696976	37.489692	139.932223	5	1.005	-0.271	9.419	2.750
1428383697077	37.489694	139.932222	5	0.920	-0.300	9.488	2.750
1428383697178	37.489697	139.932221	5	0.848	-0.320	9.454	2.750
1428383697278	37.489700	139.932220	5	0.800	-0.429	9.561	2.750
1428383697379	37.489703	139.932220	5	0.701	-0.555	9.683	2.727
1428383697475	37.489705	139.932220	5	0.618	-0.621	9.600	2.702
1428383697576	37.489708	139.932220	5	0.590	-0.624	9.427	2.676
1428383697676	37.489711	139.932220	5	0.629	-0.640	9.505	2.651
1428383697777	37.489713	139.932220	5	0.643	-0.604	9.529	2.625
1428383697878	37.489716	139.932220	5	0.576	-0.533	9.434	2.600
1428383697978	37.489719	139.932220	5	0.490	-0.552	9.460	2.575
1428383698079	37.489722	139.932220	5	0.502	-0.554	9.507	2.551
1428383698175	37.489724	139.932220	5	0.549	-0.507	9.484	2.528
1428383698275	37.489727	139.932220	5	0.581	-0.433	9.348	2.504
1428383698376	37.489729	139.932221	5	0.591	-0.382	9.256	2.500
1428383698477	37.489732	139.932221	5	0.541	-0.345	9.390	2.500
1428383698578	37.489734	139.932222	5	0.381	-0.458	9.678	2.500
1428383698678	37.489737	139.932222	5	0.414	-0.622	9.941	2.500
1428383698779	37.489740	139.932223	5	0.459	-0.581	9.546	2.500
1428383698875	37.489742	139.932224	5	0.445	-0.544	9.302	2.500
1428383698975	37.489745	139.932224	5	0.422	-0.577	9.491	2.500
1428383699076	37.489747	139.932225	5	0.397	-0.578	9.581	2.500
1428383699177	37.489750	139.932225	5	0.341	-0.564	9.447	2.500
1428383699278	37.489753	139.932226	5	0.308	-0.576	9.458	2.500
1428383699378	37.489755	139.932227	5	0.238	-0.598	9.534	2.500
1428383699479	37.489757	139.932227	5	0.166	-0.617	9.553	2.500
1428383699575	37.489760	139.932228	5	0.143	-0.630	9.442	2.500
1428383699675	37.489762	139.932228	5	0.188	-0.639	9.427	2.500
1428383699776	37.489764	139.932229	5	0.253	-0.675	9.512	2.500
1428383699877	37.489767	139.932230	5	0.270	-0.692	9.549	2.500
1428383699978	37.489769	139.932230	5	0.270	-0.674	9.454	2.500
1428383700078	37.489771	139.932231	5	0.273	-0.639	9.457	2.500
1428383700179	37.489773	139.932231	5	0.190	-0.584	9.479	2.500
1428383700275	37.489776	139.932232	5	0.084	-0.584	9.499	2.500
1428383700375	37.489778	139.932233	4	0.024	-0.576	9.508	2.500
1428383700476	37.489780	139.932234	4	0.058	-0.547	9.510	2.500
1428383700577	37.489782	139.932235	4	0.135	-0.514	9.515	2.500
1428383700677	37.489784	139.932235	4	0.140	-0.517	9.502	2.500
1428383700778	37.489786	139.932236	4	0.116	-0.582	9.544	2.500
1428383700879	37.489788	139.932237	4	0.128	-0.645	9.555	2.500
1428383700980	37.489790	139.932238	4	0.108	-0.702	9.539	2.500
1428383701075	37.489792	139.932239	4	0.049	-0.720	9.508	2.500
1428383701176	37.489795	139.932240	4	-0.016	-0.693	9.469	2.500
1428383701277	37.489797	139.932241	4	-0.039	-0.648	9.459	2.500
1428383701377	37.489797	139.932242	5	0.006	-0.575	9.496	2.273
1428383701478	37.489798	139.932243	5	0.075	-0.529	9.484	2.027
1428383701579	37.489798	139.932244	5	0.097	-0.505	9.491	1.801
1428383701679	37.489798	139.932245	5	0.088	-0.487	9.520	1.595
1428383701775	37.489798	139.932245	5	0.086	-0.437	9.506	1.416
1428383701876	37.489798	139.932246	5	0.087	-0.389	9.492	1.246
1428383701977	37.489799	139.932247	5	0.074	-0.335	9.483	1.095
1428383702077	37.489799	139.932247	5	0.057	-0.260	9.492	0.965
1428383702178	37.489799	139.932248	5	0.069	-0.175	9.485	0.852
1428383702279	37.489799	139.932248	5	0.099	-0.112	9.469	0.759
1428383702379	37.489798	139.932250	5	0.121	-0.085	9.484	0.622
1428383702475	37.489798	139.932251	5	0.123	-0.093	9.502	0.498
1428383702576	37.489797	139.932253	5	0.104	-0.104	9.496	0.382
1428383702676	37.489797	139.932254	5	0.089	-0.111	9.480	0.283
1428383702777	37.489796	139.932255	5	0.084	-0.109	9.494	0.197
1428383702878	37.489796	139.932256	5	0.083	-0.104	9.501	0.127
1428383702979	37.489795	139.932257	5	0.084	-0.104	9.496	0.073
1428383703079	37.489795	139.932258	5	0.097	-0.085	9.489	0.033
1428383703175	37.489795	139.932258	5	0.112	-0.001	9.510	0.010
1428383830379	37.489803	139.932246	4	0.156	0.623	9.456	0.002
1428383830475	37.489803	139.932246	4	0.140	0.655	9.454	0.009
1428383830576	37.489803	139.932246	4	0.141	0.686	9.448	0.020
1428383830676	37.489803	139.932246	4	0.159	0.736	9.458	0.037
1428383830777	37.489803	139.932246	4	0.162	0.784	9.454	0.059
1428383830878	37.489803	139.932246	4	0.160	0.852	9.453	0.086
1428383830978	37.489803	139.932246	4	0.177	0.924	9.459	0.118
1428383831079	37.489804	139.932246	4	0.195	0.988	9.442	0.156
1428383835173	37.489867	139.932273	4	0.195	1.034	9.437	2.862
1428383835178	37.489867	139.932273	4	0.196	1.031	9.437	2.868
1428383835279	37.489871	139.932275	4	0.335	0.822	9.892	2.987
1428383835379	37.489874	139.932276	4	0.161	0.568	9.854	3.021
1428383835475	37.489877	139.932277	4	-0.041	0.492	9.452	3.045
1428383835576	37.489880	139.932278	4	-0.031	0.486	9.511	3.069
1428383835676	37.489883	139.932280	4	-0.014	0.464	9.389	3.094
1428383835777	37.489886	139.932281	4	-0.086	0.235	9.533	3.119
1428383835878	37.489890	139.932282	4	-0.143	0.165	9.554	3.145
1428383835979	37.489893	139.932283	4	-0.131	0.223	9.353	3.170
1428383836079	37.489896	139.932284	4	-0.053	0.101	9.545	3.196
1428383836175	37.489899	139.932286	4	-0.009	-0.043	9.674	3.220
1428383836276	37.489903	139.932287	4	-0.013	-0.232	9.384	3.246
1428383836376	37.489906	139.932288	4	0.008	-0.356	9.328	3.250
1428383836477	37.489909	139.932289	4	0.038	-0.196	9.664	3.250
1428383836578	37.489912	139.932290	4	0.038	-0.028	9.470	3.250
1428383836679	37.489915	139.932291	4	-0.007	-0.081	9.161	3.250
1428383836779	37.489918	139.932292	4	0.018	-0.235	9.482	3.250
1428383836875	37.489921	139.932293	4	0.054	-0.222	9.595	3.250
1428383836976	37.489924	139.932294	4	-0.035	-0.155	9.535	3.250
1428383837076	37.489927	139.932295	4	-0.035	-0.177	9.422	3.250
1428383837177	37.489930	139.932296	4	0.066	-0.285	9.705	3.250
1428383837278	37.489934	139.932297	4	0.154	-0.276	9.746	3.250
1428383837378	37.489937	139.932298	4	0.179	-0.185	9.555	3.227
1428383837479	37.489940	139.932299	4	0.206	-0.132	9.435	3.201
1428383837575	37.489942	139.932299	4	0.152	-0.163	9.409	3.177
1428383837676	37.489945	139.932300	4	0.038	-0.179	9.518	3.151
1428383837776	37.489948	139.932301	4	-0.030	-0.159	9.519	3.126
1428383837877	37.489951	139.932302	4	0.013	-0.179	9.479	3.101
1428383837978	37.489954	139.932303	4	0.118	-0.266	9.402	3.076
1428383838078	37.489957	139.932303	4	0.193	-0.348	9.526	3.051
1428383838179	37.489960	139.932304	4	0.218	-0.467	9.582	3.027
1428383838275	37.489963	139.932305	4	0.226	-0.434	9.552	3.004
1428383838375	37.489965	139.932305	4	0.186	-0.292	9.418	2.978
1428383838476	37.489967	139.932306	4	0.099	-0.318	9.459	2.952
1428383838577	37.489970	139.932306	4	0.002	-0.363	9.511	2.926
1428383838678	37.489972	139.932307	4	0.058	-0.447	9.661	2.900
1428383838778	37.489974	139.932307	4	0.194	-0.418	9.535	2.875
1428383838879	37.489977	139.932308	4	0.250	-0.335	9.349	2.850
1428383838975	37.489979	139.932308	4	0.288	-0.347	9.459	2.826
1428383839075	37.489981	139.932309	4	0.297	-0.534	9.812	2.802
1428383839176	37.489983	139.932309	4	0.238	-0.690	9.952	2.777
1428383839277	37.489986	139.932310	4	0.138	-0.638	9.629	2.753
1428383839378	37.489988	139.932310	3	0.051	-0.548	9.397	2.727
1428383839478	37.489990	139.932311	3	0.036	-0.499	9.404	2.701
1428383839579	37.489992	139.932311	3	0.126	-0.407	9.535	2.675
1428383839675	37.489994	139.932312	3	0.225	-0.316	9.562	2.651
1428383839775	37.489996	139.932312	3	0.226	-0.201	9.370	2.626
1428383839876	37.489999	139.932313	3	0.188	-0.139	9.297	2.601
1428383839977	37.490001	139.932313	3	0.118	-0.153	9.438	2.576
1428383840077	37.490003	139.932314	3	0.043	-0.104	9.553	2.551
1428383840178	37.490005	139.932314	3	0.000	0.030	9.442	2.527
1428383840279	37.490007	139.932315	3	-0.003	0.197	9.326	2.503
1428383840375	37.490008	139.932315	4	0.040	0.318	9.309	2.361
1428383840475	37.490009	139.932316	4	0.052	0.373	9.404	2.206
1428383840576	37.490009	139.932316	4	0.003	0.384	9.495	2.057
1428383840677	37.490010	139.932316	4	-0.025	0.391	9.503	1.917
1428383840777	37.490011	139.932317	4	-0.001	0.417	9.471	1.787
1428383840878	37.490012	139.932317	4	0.017	0.414	9.441	1.664
1428383840979	37.490012	139.932317	4	0.021	0.391	9.458	1.549
1428383841080	37.490013	139.932318	4	0.033	0.352	9.494	1.443
1428383841175	37.490013	139.932318	4	0.082	0.337	9.507	1.351
1428383841276	37.490014	139.932318	4	0.158	0.320	9.495	1.262
1428383841377	37.490014	139.932318	4	0.182	0.290	9.519	1.197
1428383841477	37.490015	139.932319	4	0.138	0.174	9.510	1.137
1428383841578	37.490015	139.932319	4	0.103	-0.018	9.513	1.080
1428383841679	37.490016	139.932319	4	0.100	-0.178	9.606	1.026
1428383841779	37.490016	139.932320	4	0.095	-0.330	9.619	0.974
1428383841875	37.490017	139.932320	4	0.124	-0.318	9.465	0.927
1428383841976	37.490017	139.932320	4	0.175	-0.068	9.413	0.880
1428383842076	37.490017	139.932320	4	0.250	0.215	9.425	0.836
1428383842177	37.490018	139.932321	4	0.212	0.401	9.378	0.794
1428383842278	37.490018	139.932321	4	0.107	0.460	9.436	0.755
1428383842379	37.490018	139.932321	4	0.058	0.472	9.480	0.724
1428383842479	37.490019	139.932321	4	0.080	0.489	9.447	0.695
1428383842575	37.490019	139.932322	4	0.109	0.495	9.451	0.669
1428383842676	37.490019	139.932322	4	0.094	0.441	9.474	0.642
1428383842776	37.490020	139.932322	4	0.080	0.360	9.463	0.616
1428383842877	37.490020	139.932322	4	0.123	0.297	9.485	0.591
1428383842978	37.490020	139.932322	4	0.164	0.252	9.489	0.567
1428383843079	37.490020	139.932323	4	0.159	0.224	9.474	0.544
1428383843179	37.490021	139.932323	4	0.133	0.195	9.489	0.523
1428383843275	37.490021	139.932323	4	0.110	0.172	9.480	0.503
1428383843376	37.490020	139.932323	3	0.119	0.166	9.475	0.418
1428383843476	37.490019	139.932324	3	0.130	0.186	9.481	0.331
1428383843577	37.490019	139.932324	3	0.111	0.228	9.479	0.254
1428383843678	37.490018	139.932324	3	0.110	0.260	9.483	0.187
1428383843778	37.490017	139.932324	3	0.127	0.284	9.481	0.131
1428383843879	37.490017	139.932325	3	0.140	0.308	9.482	0.084
1428383843975	37.490017	139.932325	3	0.143	0.362	9.497	0.050
1428383844076	37.490016	139.932325	3	0.117	0.444	9.471	0.023
1428383844176	37.490016	139.932325	3	0.100	0.538	9.467	0.006
1428383866171	37.490014	139.932308	4	0.017	1.011	9.485	0.500
1428383866176	37.490014	139.932308	4	0.016	1.004	9.490	0.500
1428383866277	37.490015	139.932308	4	-0.308	0.495	9.711	0.500
1428383866377	37.490015	139.932308	4	-0.526	0.355	9.470	0.518
1428383866478	37.490016	139.932307	4	-0.614	0.266	9.344	0.539
1428383866579	37.490016	139.932307	4	-0.721	0.142	9.455	0.562
1428383866679	37.490017	139.932306	4	-0.942	0.054	9.484	0.585
1428383866775	37.490018	139.932305	4	-1.038	0.015	9.321	0.609
1428383866876	37.490018	139.932305	4	-0.953	0.072	9.341	0.634
1428383866977	37.490019	139.932304	4	-0.841	0.099	9.369	0.661
1428383867077	37.490020	139.932303	4	-0.830	0.107	9.385	0.688
1428383867178	37.490020	139.932303	4	-0.772	0.135	9.415	0.717
1428383867279	37.490021	139.932302	4	-0.775	0.113	9.484	0.747
1428383867379	37.490021	139.932301	5	-0.773	0.073	9.588	0.750
1428383867475	37.490022	139.932300	5	-0.753	0.107	9.519	0.750
1428383867576	37.490022	139.932299	5	-0.722	0.136	9.509	0.750
1428383867677	37.490023	139.932297	5	-0.803	0.186	9.476	0.750
1428383867777	37.490023	139.932296	5	-0.911	0.211	9.480	0.750
1428383867878	37.490024	139.932295	5	-0.994	0.182	9.462	0.750
1428383867979	37.490024	139.932294	5	-0.946	0.133	9.421	0.750
1428383868079	37.490025	139.932293	5	-0.730	0.200	9.339	0.750
1428383868175	37.490025	139.932291	5	-0.454	0.281	9.413	0.750
1428383868276	37.490026	139.932290	5	-0.320	0.288	9.514	0.750
1428383868376	37.490026	139.932289	5	-0.337	0.253	9.573	0.795
1428383868477	37.490027	139.932287	5	-0.363	0.205	9.478	0.852
1428383868578	37.490027	139.932285	5	-0.323	0.201	9.483	0.915
1428383868678	37.490028	139.932284	5	-0.216	0.277	9.559	0.982
1428383868779	37.490028	139.932281	5	-0.195	0.286	9.527	1.054
1428383868875	37.490029	139.932279	5	-0.228	0.234	9.444	1.128
1428383868976	37.490030	139.932277	5	-0.201	0.191	9.470	1.211
1428383869076	37.490030	139.932275	5	-0.080	0.189	9.528	1.297
1428383869177	37.490031	139.932272	5	-0.038	0.191	9.488	1.390
1428383869278	37.490032	139.932269	5	-0.064	0.190	9.444	1.488
1428383869378	37.490032	139.932267	4	-0.089	0.183	9.507	1.500
1428383869479	37.490033	139.932266	4	-0.074	0.189	9.497	1.500
1428383869575	37.490033	139.932264	4	-0.063	0.209	9.416	1.500
1428383869675	37.490034	139.932262	4	-0.058	0.214	9.486	1.500
1428383869776	37.490034	139.932261	4	-0.064	0.187	9.563	1.500
1428383869877	37.490035	139.932259	4	-0.019	0.191	9.469	1.500
1428383869978	37.490035	139.932257	4	0.030	0.172	9.437	1.500
1428383870078	37.490036	139.932256	4	0.032	0.157	9.521	1.500
1428383870179	37.490036	139.932254	4	0.046	0.194	9.505	1.500
1428383870275	37.490037	139.932252	4	0.016	0.189	9.438	1.500
1428383870375	37.490037	139.932251	5	-0.016	0.172	9.465	1.500
1428383870476	37.490038	139.932249	5	0.030	0.184	9.513	1.500
1428383870577	37.490038	139.932247	5	0.049	0.166	9.513	1.500
1428383870677	37.490039	139.932245	5	0.010	0.198	9.475	1.500
1428383870778	37.490039	139.932244	5	-0.022	0.302	9.430	1.500
1428383870879	37.490039	139.932242	5	-0.040	0.372	9.427	1.500
1428383870975	37.490040	139.932240	5	-0.056	0.394	9.514	1.500
1428383871075	37.490040	139.932239	5	-0.114	0.383	9.545	1.500
1428383871176	37.490041	139.932237	5	-0.129	0.395	9.447	1.500
1428383871277	37.490041	139.932235	5	-0.101	0.403	9.501	1.500
1428383871377	37.490042	139.932231	8	-0.077	0.357	9.553	1.601
1428383871478	37.490042	139.932225	8	-0.048	0.320	9.477	1.731
1428383871579	37.490043	139.932219	8	-0.040	0.324	9.380	1.873
1428383871675	37.490044	139.932212	8	-0.065	0.300	9.393	2.021
1428383871775	37.490045	139.932205	8	-0.085	0.249	9.508	2.188
1428383871876	37.490046	139.932197	8	-0.093	0.255	9.514	2.369
1428383871977	37.490047	139.932189	8	-0.154	0.256	9.345	2.564
1428383872077	37.490048	139.932180	8	-0.142	0.151	9.578	2.769
1428383872178	37.490050	139.932170	8	-0.119	0.102	9.671	2.990
1428383872279	37.490051	139.932160	8	-0.140	0.162	9.421	3.224
1428383872379	37.490052	139.932155	8	-0.154	0.157	9.381	3.250
1428383872475	37.490052	139.932151	8	-0.161	0.109	9.531	3.250
1428383872576	37.490053	139.932147	8	-0.106	0.130	9.490	3.250
1428383872677	37.490053	139.932143	8	-0.128	0.180	9.322	3.250
1428383872777	37.490054	139.932139	8	-0.151	0.099	9.536	3.250
1428383872878	37.490055	139.932134	8	-0.112	0.033	9.660	3.250
1428383872979	37.490055	139.932130	8	-0.066	0.092	9.437	3.250
1428383873079	37.490056	139.932126	8	-0.107	0.160	9.352	3.250
1428383873175	37.490056	139.932122	8	-0.132	0.113	9.484	3.250
1428383873276	37.490057	139.932118	8	-0.066	0.093	9.607	3.250
1428383873377	37.490057	139.932113	4	-0.021	0.109	9.467	3.250
1428383873477	37.490058	139.932109	4	-0.025	0.158	9.283	3.250
1428383873578	37.490058	139.932104	4	-0.008	0.126	9.496	3.250
1428383873679	37.490058	139.932100	4	-0.023	0.071	9.644	3.250
1428383873779	37.490058	139.932095	4	-0.040	0.051	9.510	3.250
1428383873875	37.490059	139.932091	4	-0.085	0.108	9.407	3.250
1428383873976	37.490059	139.932087	4	-0.176	0.158	9.398	3.250
1428383874076	37.490059	139.932082	4	-0.177	0.133	9.569	3.250
1428383874177	37.490060	139.932078	4	-0.140	0.089	9.495	3.250
1428383874278	37.490060	139.932074	4	-0.096	0.094	9.381	3.250
1428383874379	37.490060	139.932069	4	-0.061	0.105	9.503	3.250
1428383874479	37.490061	139.932065	4	-0.032	0.071	9.492	3.250
1428383874575	37.490061	139.932062	4	-0.013	0.047	9.429	3.250
1428383874676	37.490062	139.932058	4	-0.011	0.047	9.409	3.250
1428383874776	37.490062	139.932054	4	0.019	0.095	9.535	3.250
1428383874877	37.490062	139.932050	4	0.021	0.116	9.566	3.250
1428383874978	37.490063	139.932045	4	-0.025	0.066	9.474	3.250
1428383875079	37.490063	139.932041	4	-0.080	0.046	9.423	3.250
1428383875179	37.490064	139.932037	4	-0.123	0.039	9.468	3.250
1428383875275	37.490064	139.932034	4	-0.111	0.043	9.559	3.250
1428383875376	37.490064	139.932030	4	-0.063	0.091	9.415	3.250
1428383875476	37.490065	139.932026	4	-0.017	0.125	9.375	3.250
1428383875577	37.490065	139.932023	4	0.002	0.224	9.170	3.250
1428383875678	37.490066	139.932019	4	0.103	0.084	9.784	3.250
1428383875778	37.490066	139.932015	4	0.070	0.033	9.839	3.250
1428383875879	37.490066	139.932012	4	0.037	0.165	9.383	3.250
1428383875975	37.490067	139.932008	4	0.045	0.239	9.361	3.250
1428383876075	37.490067	139.932005	4	0.025	0.201	9.516	3.250
1428383876176	37.490068	139.932001	4	-0.019	0.229	9.389	3.250
1428383876277	37.490068	139.931997	4	0.035	0.262	9.492	3.250
1428383876378	37.490069	139.931993	4	0.040	0.130	9.908	3.250
1428383876478	37.490069	139.931989	4	0.008	0.154	9.551	3.250
1428383876579	37.490070	139.931984	4	0.021	0.288	9.284	3.250
1428383876675	37.490070	139.931980	4	-0.023	0.262	9.312	3.250
1428383876775	37.490071	139.931976	4	-0.052	0.275	9.495	3.250
1428383876876	37.490072	139.931971	4	-0.000	0.317	9.567	3.250
1428383876977	37.490072	139.931967	4	-0.018	0.308	9.362	3.250
1428383877077	37.490073	139.931962	4	-0.089	0.212	9.373	3.250
1428383877178	37.490073	139.931958	4	-0.106	0.149	9.537	3.250
1428383877279	37.490074	139.931953	4	-0.107	0.113	9.481	3.250
1428383877375	37.490074	139.931950	4	-0.104	0.147	9.504	3.250
1428383877475	37.490075	139.931946	4	-0.084	0.169	9.364	3.250
1428383877576	37.490075	139.931942	4	0.035	0.000	9.637	3.250
1428383877677	37.490076	139.931938	4	-0.008	-0.014	9.453	3.250
1428383877777	37.490076	139.931934	4	-0.061	0.062	9.319	3.250
1428383877878	37.490077	139.931930	4	0.012	0.019	9.554	3.250
1428383877979	37.490077	139.931926	4	-0.005	-0.015	9.588	3.250
1428383878075	37.490078	139.931922	4	-0.200	0.131	9.062	3.250
1428383878175	37.490078	139.931918	4	-0.067	0.048	9.420	3.250
1428383878276	37.490079	139.931915	4	0.038	-0.010	9.779	3.250
1428383878377	37.490080	139.931911	3	-0.001	0.024	9.504	3.250
1428383878477	37.490080	139.931907	3	-0.032	0.072	9.312	3.250
1428383878578	37.490081	139.931903	3	-0.010	0.053	9.533	3.250
1428383878679	37.490082	139.931899	3	0.102	0.110	9.554	3.250
1428383878779	37.490083	139.931895	3	-0.002	0.220	9.119	3.250
1428383878875	37.490084	139.931892	3	0.062	0.141	9.635	3.250
1428383878976	37.490084	139.931888	3	0.060	0.080	9.854	3.250
1428383879077	37.490085	139.931884	3	0.020	0.219	9.427	3.250
1428383879177	37.490086	139.931880	3	-0.062	0.278	9.284	3.250
1428383879278	37.490087	139.931876	3	-0.173	0.434	8.949	3.250
1428383879379	37.490087	139.931872	4	-0.076	0.041	9.911	3.250
1428383879479	37.490088	139.931868	4	0.028	-0.080	9.985	3.250
1428383879575	37.490088	139.931865	4	0.110	0.106	9.453	3.250
1428383879676	37.490089	139.931861	4	0.146	0.272	9.295	3.250
1428383879776	37.490089	139.931857	4	0.149	0.133	9.457	3.250
1428383879877	37.490090	139.931853	4	0.086	0.117	9.513	3.250
1428383879978	37.490090	139.931848	4	0.026	0.192	9.640	3.250
1428383880079	37.490091	139.931844	4	-0.064	0.258	9.423	3.250
1428383880179	37.490091	139.931840	4	-0.106	0.161	9.419	3.250
1428383880275	37.490092	139.931837	4	-0.135	0.004	9.368	3.250
1428383880376	37.490092	139.931832	4	-0.086	0.156	9.653	3.250
1428383880476	37.490093	139.931828	4	-0.011	0.224	9.561	3.250
1428383880577	37.490093	139.931824	4	0.076	0.146	9.392	3.250
1428383880678	37.490093	139.931820	4	0.115	0.094	9.433	3.250
1428383880779	37.490093	139.931816	4	0.129	0.122	9.549	3.250
1428383880879	37.490094	139.931812	4	0.135	0.164	9.592	3.250
1428383880975	37.490094	139.931808	4	0.103	0.153	9.515	3.250
1428383881076	37.490094	139.931804	4	0.025	0.133	9.460	3.250
1428383881176	37.490095	139.931800	4	-0.048	0.119	9.438	3.250
1428383881277	37.490095	139.931796	4	-0.063	0.131	9.388	3.250
1428383881378	37.490095	139.931792	4	-0.038	0.131	9.415	3.250
1428383881478	37.490096	139.931788	4	0.001	0.095	9.475	3.250
1428383881579	37.490096	139.931785	4	0.022	0.045	9.494	3.250
1428383881675	37.490097	139.931781	4	0.033	0.022	9.541	3.250
1428383881776	37.490097	139.931778	4	0.045	0.028	9.462	3.250
1428383881876	37.490098	139.931774	4	0.053	0.017	9.433	3.250
1428383881977	37.490098	139.931770	4	0.038	-0.070	9.417	3.250
1428383882078	37.490099	139.931767	4	0.055	-0.131	9.544	3.250
1428383882178	37.490099	139.931763	4	0.035	-0.118	9.531	3.250
1428383882279	37.490100	139.931759	4	0.038	-0.122	9.446	3.250
1428383882375	37.490100	139.931755	5	0.058	-0.151	9.440	3.250
1428383882475	37.490099	139.931751	5	0.089	-0.205	9.508	3.250
1428383882576	37.490099	139.931746	5	0.091	-0.254	9.427	3.250
1428383882677	37.490099	139.931742	5	0.084	-0.267	9.490	3.250
1428383882778	37.490099	139.931737	5	0.084	-0.295	9.550	3.250
1428383882878	37.490098	139.931733	5	0.045	-0.300	9.478	3.250
1428383882979	37.490098	139.931728	5	0.046	-0.309	9.468	3.250
1428383883075	37.490098	139.931724	5	0.042	-0.313	9.497	3.250
1428383883175	37.490097	139.931719	5	0.059	-0.338	9.543	3.250
1428383883276	37.490097	139.931715	5	0.046	-0.323	9.476	3.250
1428383883378	37.490098	139.931711	5	0.050	-0.304	9.459	3.250
1428383883478	37.490098	139.931707	5	0.069	-0.321	9.532	3.250
1428383883578	37.490099	139.931703	5	0.062	-0.325	9.539	3.250
1428383883679	37.490099	139.931700	5	0.039	-0.290	9.453	3.250
1428383883775	37.490100	139.931696	5	0.028	-0.286	9.509	3.250
1428383883875	37.490101	139.931692	5	0.026	-0.310	9.557	3.250
1428383883976	37.490101	139.931689	5	0.014	-0.282	9.458	3.250
1428383884077	37.490102	139.931685	5	-0.011	-0.203	9.439	3.250
1428383884177	37.490102	139.931681	5	-0.028	-0.172	9.518	3.250
1428383884278	37.490103	139.931677	5	-0.067	-0.017	9.084	3.250
1428383884379	37.490104	139.931674	6	-0.005	-0.179	9.611	3.250
1428383884475	37.490104	139.931670	6	0.092	-0.312	10.051	3.250
1428383884575	37.490105	139.931667	6	0.094	-0.179	9.587	3.250
1428383884676	37.490105	139.931663	6	0.068	-0.008	9.252	3.250
1428383884777	37.490106	139.931659	6	0.049	-0.036	9.485	3.250
1428383884877	37.490107	139.931656	6	0.013	-0.074	9.646	3.250
1428383884978	37.490107	139.931652	6	-0.148	0.201	8.925	3.250
1428383885079	37.490108	139.931649	6	-0.053	-0.042	9.605	3.250
1428383885180	37.490108	139.931645	6	0.079	-0.206	10.061	3.250
1428383885275	37.490109	139.931642	6	-0.013	-0.266	9.455	3.250
1428383885376	37.490110	139.931638	6	-0.023	-0.242	9.239	3.228
1428383885477	37.490111	139.931634	6	0.011	-0.125	9.418	3.202
1428383885577	37.490111	139.931631	6	-0.071	-0.171	9.382	3.176
1428383885678	37.490112	139.931627	6	-0.055	-0.131	9.609	3.151
1428383885779	37.490113	139.931624	6	0.038	-0.111	9.674	3.125
1428383885879	37.490114	139.931621	6	0.040	-0.143	9.486	3.100
1428383885975	37.490115	139.931617	6	-0.021	-0.205	9.470	3.077
1428383886076	37.490115	139.931614	6	-0.072	-0.214	9.637	3.052
1428383886177	37.490116	139.931611	6	-0.095	-0.131	9.482	3.027
1428383886277	37.490117	139.931607	6	-0.094	-0.151	9.235	3.003
1428383886378	37.490117	139.931604	6	-0.120	-0.124	9.442	3.000
1428383886479	37.490118	139.931600	6	0.015	-0.043	9.687	3.000
1428383886579	37.490118	139.931597	6	0.072	-0.084	9.456	3.000
1428383886675	37.490119	139.931593	6	0.062	-0.150	9.356	3.000
1428383886776	37.490119	139.931590	6	0.011	-0.135	9.534	3.000
1428383886876	37.490120	139.931586	6	-0.042	-0.075	9.487	3.000
1428383886977	37.490120	139.931582	6	-0.081	-0.054	9.399	3.000
1428383887078	37.490121	139.931579	6	-0.082	-0.065	9.443	3.000
1428383887179	37.490121	139.931575	6	-0.086	-0.051	9.440	3.000
1428383887279	37.490122	139.931571	6	-0.073	-0.027	9.446	3.000
1428383887375	37.490123	139.931568	6	-0.050	-0.021	9.522	3.000
1428383887476	37.490123	139.931564	6	-0.019	-0.033	9.524	3.000
1428383887576	37.490124	139.931561	6	-0.005	-0.036	9.472	3.000
1428383887677	37.490124	139.931557	6	0.002	-0.024	9.458	3.000
1428383887778	37.490125	139.931554	6	-0.012	-0.012	9.464	3.000
1428383887878	37.490126	139.931550	6	-0.052	-0.022	9.481	3.000
1428383887979	37.490126	139.931547	6	-0.061	-0.039	9.474	3.000
1428383888075	37.490127	139.931544	6	-0.065	-0.032	9.440	3.000
1428383888176	37.490127	139.931540	6	-0.065	-0.024	9.476	3.000
1428383888276	37.490128	139.931536	6	-0.035	-0.009	9.489	3.000
1428383888377	37.490128	139.931533	6	-0.005	0.003	9.473	3.000
1428383888478	37.490129	139.931530	6	-0.013	-0.004	9.510	3.000
1428383888578	37.490129	139.931526	6	-0.039	-0.041	9.513	3.000
1428383888679	37.490130	139.931523	6	-0.063	-0.039	9.477	3.000
1428383888775	37.490130	139.931520	6	-0.080	-0.009	9.436	3.000
1428383888875	37.490131	139.931516	6	-0.067	-0.000	9.429	3.000
1428383888976	37.490131	139.931513	6	-0.056	-0.014	9.468	3.000
1428383889077	37.490132	139.931509	6	-0.044	-0.029	9.494	3.000
1428383889178	37.490132	139.931506	6	-0.032	-0.021	9.445	3.000
1428383889278	37.490133	139.931502	6	-0.020	-0.035	9.508	3.000
1428383889379	37.490133	139.931499	6	-0.038	-0.036	9.551	3.000
1428383889475	37.490133	139.931497	6	-0.048	-0.013	9.474	3.000
1428383889575	37.490133	139.931494	6	-0.048	-0.010	9.455	3.000
1428383889676	37.490133	139.931491	6	-0.057	-0.019	9.516	3.000
1428383889777	37.490133	139.931488	6	-0.047	-0.002	9.487	3.000
1428383889878	37.490133	139.931485	6	-0.040	0.006	9.438	3.000
1428383889978	37.490133	139.931482	6	-0.041	-0.017	9.503	3.000
1428383890079	37.490133	139.931479	6	-0.027	-0.017	9.510	3.000
1428383890175	37.490133	139.931476	6	-0.027	0.007	9.441	3.000
1428383890275	37.490133	139.931473	6	-0.041	0.016	9.472	3.000
1428383890376	37.490134	139.931470	6	-0.049	0.007	9.517	2.978
1428383890477	37.490135	139.931467	6	-0.059	-0.005	9.484	2.952
1428383890577	37.490135	139.931464	6	-0.069	0.006	9.435	2.926
1428383890678	37.490136	139.931461	6	-0.045	0.020	9.442	2.900
1428383890779	37.490137	139.931458	6	-0.030	-0.004	9.479	2.875
1428383890875	37.490138	139.931456	6	-0.032	-0.023	9.495	2.851
1428383890975	37.490139	139.931453	6	-0.027	-0.016	9.460	2.826
1428383891076	37.490139	139.931450	6	-0.025	0.006	9.465	2.802
1428383891177	37.490140	139.931447	6	-0.037	0.012	9.495	2.777
1428383891277	37.490141	139.931444	6	-0.037	0.001	9.468	2.753
1428383891378	37.490142	139.931441	5	-0.035	0.003	9.475	2.750
1428383891479	37.490143	139.931438	5	-0.053	0.012	9.439	2.750
1428383891580	37.490143	139.931435	5	-0.023	-0.021	9.490	2.750
1428383891675	37.490144	139.931432	5	-0.025	0.055	9.252	2.750
1428383891776	37.490145	139.931429	5	0.049	-0.029	9.498	2.750
1428383891877	37.490146	139.931426	5	0.087	-0.106	9.782	2.750
1428383891977	37.490147	139.931423	5	0.027	-0.039	9.475	2.750
1428383892078	37.490147	139.931420	5	-0.010	0.030	9.314	2.750
1428383892179	37.490148	139.931417	5	-0.014	-0.019	9.513	2.750
1428383892279	37.490149	139.931414	5	-0.037	-0.098	9.643	2.750
1428383892375	37.490149	139.931411	5	-0.064	-0.063	9.455	2.750
1428383892476	37.490149	139.931408	5	-0.087	0.073	9.109	2.750
1428383892576	37.490150	139.931405	5	0.027	-0.070	9.646	2.750
1428383892677	37.490150	139.931402	5	0.170	-0.163	9.899	2.750
1428383892778	37.490150	139.931399	5	0.142	-0.031	9.423	2.750
1428383892879	37.490150	139.931396	5	0.091	0.028	9.230	2.750
1428383892979	37.490150	139.931393	5	0.088	-0.010	9.507	2.750
1428383893075	37.490151	139.931390	5	0.079	-0.043	9.517	2.750
1428383893176	37.490151	139.931387	5	0.033	-0.018	9.452	2.750
1428383893276	37.490151	139.931384	5	0.079	0.046	9.472	2.750
1428383893377	37.490151	139.931381	6	0.129	0.039	9.483	2.750
1428383893478	37.490151	139.931378	6	0.089	0.017	9.437	2.750
1428383893579	37.490151	139.931374	6	0.040	0.036	9.446	2.750
1428383893679	37.490151	139.931371	6	0.023	0.057	9.507	2.750
1428383893775	37.490151	139.931368	6	0.045	0.032	9.546	2.750
1428383893876	37.490151	139.931365	6	0.033	0.013	9.360	2.750
1428383893976	37.490151	139.931361	6	-0.000	0.026	9.434	2.750
1428383894077	37.490151	139.931358	6	0.106	0.013	9.686	2.750
1428383894178	37.490151	139.931355	6	0.197	-0.019	9.511	2.750
1428383894279	37.490151	139.931351	6	0.178	-0.051	9.425	2.750
1428383894379	37.490151	139.931348	6	0.099	-0.032	9.506	2.750
1428383894475	37.490151	139.931345	6	0.048	0.010	9.495	2.750
1428383894576	37.490152	139.931342	6	0.037	0.023	9.414	2.750
1428383894676	37.490152	139.931338	6	0.034	0.003	9.410	2.750
1428383894777	37.490152	139.931335	6	0.068	-0.027	9.573	2.750
1428383894878	37.490152	139.931332	6	0.080	-0.019	9.507	2.750
1428383894978	37.490152	139.931328	6	0.068	-0.008	9.411	2.750
1428383895079	37.490153	139.931325	6	0.082	-0.020	9.479	2.750
1428383895175	37.490153	139.931322	6	0.085	0.001	9.501	2.750
1428383895276	37.490153	139.931318	6	0.062	0.015	9.445	2.750
1428383895376	37.490153	139.931315	5	0.058	-0.010	9.507	2.750
1428383895477	37.490153	139.931312	5	0.040	0.012	9.514	2.750
1428383895578	37.490153	139.931309	5	0.026	0.035	9.436	2.750
1428383895678	37.490153	139.931305	5	-0.004	0.027	9.429	2.750
1428383895779	37.490153	139.931302	5	0.013	-0.017	9.577	2.750
1428383895875	37.490154	139.931299	5	0.039	-0.032	9.556	2.750
1428383895975	37.490154	139.931295	5	0.039	0.003	9.425	2.750
1428383896076	37.490154	139.931292	5	0.028	0.021	9.416	2.750
1428383896177	37.490154	139.931289	5	0.055	-0.002	9.557	2.750
1428383896278	37.490154	139.931285	5	0.073	-0.019	9.550	2.750
1428383896378	37.490154	139.931282	5	0.036	-0.010	9.430	2.750
1428383896479	37.490155	139.931279	5	-0.006	-0.001	9.435	2.750
1428383896575	37.490155	139.931276	5	-0.001	-0.007	9.476	2.750
1428383896675	37.490156	139.931273	5	-0.014	-0.014	9.441	2.750
1428383896776	37.490156	139.931269	5	-0.068	-0.023	9.427	2.750
1428383896877	37.490156	139.931266	5	-0.110	0.111	9.089	2.750
1428383896978	37.490157	139.931263	5	-0.132	0.117	9.192	2.750
1428383897078	37.490157	139.931260	5	-0.153	0.007	9.520	2.750
1428383897179	37.490158	139.931257	5	0.056	-0.244	10.055	2.750
1428383897275	37.490158	139.931253	5	0.363	-0.281	10.003	2.750
1428383897375	37.490158	139.931250	5	0.536	-0.172	9.566	2.750
1428383897476	37.490157	139.931246	5	0.488	-0.065	9.269	2.750
1428383897577	37.490157	139.931243	5	0.349	-0.048	9.410	2.750
1428383897677	37.490157	139.931239	5	0.159	-0.064	9.591	2.750
1428383897778	37.490157	139.931235	5	-0.061	-0.016	9.430	2.750
1428383897879	37.490156	139.931232	5	-0.222	0.025	9.275	2.750
1428383897979	37.490156	139.931228	5	-0.270	0.022	9.353	2.750
1428383898075	37.490156	139.931225	5	-0.192	-0.015	9.447	2.750
1428383898176	37.490155	139.931221	5	-0.067	-0.027	9.499	2.750
1428383898276	37.490155	139.931218	5	-0.010	-0.026	9.384	2.750
1428383898377	37.490155	139.931214	5	0.001	0.083	9.350	2.750
1428383898478	37.490156	139.931211	5	-0.045	0.084	9.430	2.750
1428383898579	37.490156	139.931208	5	-0.016	0.091	9.648	2.750
1428383898679	37.490156	139.931205	5	0.187	0.034	9.652	2.750
1428383898775	37.490156	139.931202	5	0.409	-0.030	9.533	2.750
1428383898876	37.490157	139.931199	5	0.478	-0.058	9.422	2.750
1428383898976	37.490157	139.931196	5	0.338	-0.048	9.471	2.750
1428383899077	37.490157	139.931193	5	0.133	-0.000	9.528	2.750
1428383899178	37.490158	139.931189	5	-0.049	0.027	9.477	2.750
1428383899279	37.490158	139.931186	5	-0.149	0.022	9.418	2.750
1428383899379	37.490158	139.931183	6	-0.147	0.012	9.448	2.750
1428383899475	37.490159	139.931180	6	-0.101	0.017	9.464	2.750
1428383899576	37.490159	139.931177	6	-0.018	0.020	9.455	2.750
1428383899676	37.490160	139.931174	6	0.076	0.009	9.479	2.750
1428383899777	37.490160	139.931171	6	0.115	-0.007	9.492	2.750
1428383899878	37.490161	139.931168	6	0.104	0.013	9.456	2.750
1428383899979	37.490161	139.931165	6	0.086	0.009	9.495	2.750
1428383900079	37.490162	139.931162	6	0.059	-0.043	9.526	2.750
1428383900175	37.490162	139.931159	6	0.030	-0.064	9.493	2.750
1428383900276	37.490163	139.931155	6	0.001	-0.058	9.423	2.750
1428383900376	37.490164	139.931153	6	-0.022	-0.069	9.439	2.750
1428383900477	37.490165	139.931150	6	-0.001	-0.045	9.456	2.750
1428383900578	37.490166	139.931148	6	0.032	0.015	9.419	2.750
1428383900678	37.490166	139.931145	6	0.034	0.019	9.469	2.750
1428383900779	37.490167	139.931143	6	0.052	-0.014	9.566	2.750
1428383900875	37.490168	139.931140	6	0.051	0.012	9.424	2.750
1428383900976	37.490169	139.931138	6	0.058	-0.066	9.392	2.750
1428383901076	37.490170	139.931135	6	0.052	-0.224	9.561	2.750
1428383901177	37.490171	139.931133	6	0.020	-0.276	9.523	2.750
1428383901278	37.490172	139.931130	6	0.016	-0.327	9.451	2.750
1428383901378	37.490173	139.931127	5	0.026	-0.363	9.474	2.750
1428383901479	37.490174	139.931125	5	0.062	-0.365	9.486	2.750
1428383901575	37.490175	139.931122	5	0.061	-0.362	9.486	2.750
1428383901676	37.490176	139.931119	5	0.054	-0.383	9.465	2.750
1428383901776	37.490177	139.931116	5	0.054	-0.418	9.475	2.750
1428383901877	37.490178	139.931113	5	0.054	-0.431	9.467	2.750
1428383901978	37.490179	139.931110	5	0.024	-0.427	9.438	2.750
1428383902078	37.490180	139.931107	5	0.017	-0.457	9.495	2.750
1428383902179	37.490181	139.931104	5	0.042	-0.470	9.517	2.750
1428383902275	37.490182	139.931101	5	0.044	-0.459	9.473	2.750
1428383902375	37.490183	139.931099	6	0.037	-0.457	9.461	2.750
1428383902476	37.490184	139.931096	6	0.053	-0.474	9.487	2.750
1428383902577	37.490185	139.931093	6	0.094	-0.443	9.502	2.750
1428383902678	37.490185	139.931090	6	0.075	-0.355	9.463	2.750
1428383902778	37.490186	139.931087	6	0.043	-0.293	9.441	2.750
1428383902879	37.490187	139.931084	6	0.022	-0.286	9.440	2.750
1428383902975	37.490188	139.931081	6	-0.003	-0.258	9.436	2.750
1428383903075	37.490189	139.931078	6	0.010	-0.255	9.512	2.750
1428383903176	37.490190	139.931075	6	0.035	-0.251	9.490	2.750
1428383903277	37.490191	139.931072	6	0.048	-0.249	9.426	2.750
1428383903377	37.490190	139.931070	7	0.109	-0.276	9.516	2.727
1428383903478	37.490190	139.931067	7	0.135	-0.296	9.541	2.701
1428383903579	37.490189	139.931065	7	0.109	-0.277	9.441	2.675
1428383903675	37.490189	139.931062	7	0.070	-0.283	9.444	2.651
1428383903775	37.490188	139.931060	7	0.048	-0.292	9.498	2.626
1428383903876	37.490187	139.931057	7	0.050	-0.310	9.461	2.601
1428383903977	37.490187	139.931055	7	0.034	-0.306	9.419	2.576
1428383904077	37.490186	139.931052	7	0.019	-0.318	9.466	2.551
1428383904178	37.490186	139.931050	7	0.049	-0.335	9.517	2.527
1428383904279	37.490185	139.931047	7	0.061	-0.305	9.421	2.503
1428383904379	37.490185	139.931045	7	0.069	-0.320	9.422	2.477
1428383904475	37.490184	139.931043	7	0.120	-0.390	9.542	2.452
1428383904576	37.490184	139.931040	7	0.120	-0.457	9.519	2.426
1428383904677	37.490184	139.931038	7	0.068	-0.498	9.433	2.400
1428383904777	37.490184	139.931036	7	0.066	-0.531	9.455	2.375
1428383904878	37.490183	139.931033	7	0.125	-0.584	9.534	2.350
1428383904979	37.490183	139.931031	7	0.129	-0.598	9.489	2.325
1428383905079	37.490183	139.931029	7	0.080	-0.619	9.430	2.301
1428383905175	37.490182	139.931027	7	0.108	-0.665	9.521	2.277
1428383905276	37.490182	139.931024	7	0.151	-0.683	9.523	2.253
1428383905376	37.490181	139.931023	7	0.126	-0.667	9.438	2.142
1428383905477	37.490179	139.931021	7	0.047	-0.608	9.367	2.020
1428383905578	37.490177	139.931020	7	0.016	-0.561	9.385	1.903
1428383905679	37.490176	139.931019	7	0.093	-0.587	9.510	1.793
1428383905779	37.490175	139.931018	7	0.199	-0.688	9.592	1.690
1428383905875	37.490173	139.931017	7	0.222	-0.756	9.583	1.596
1428383905976	37.490172	139.931016	7	0.222	-0.750	9.506	1.502
1428383906076	37.490171	139.931015	7	0.170	-0.713	9.466	1.416
1428383906177	37.490170	139.931014	7	0.112	-0.568	9.514	1.334
1428383906278	37.490169	139.931013	7	0.094	-0.317	9.510	1.259
1428383906379	37.490168	139.931012	6	0.082	-0.099	9.439	1.250
1428383906479	37.490168	139.931011	6	0.062	0.023	9.419	1.250
1428383906575	37.490167	139.931010	6	0.056	0.084	9.449	1.250
1428383906676	37.490166	139.931009	6	0.081	0.131	9.469	1.250
1428383906776	37.490166	139.931008	6	0.098	0.177	9.458	1.250
1428383906877	37.490165	139.931007	6	0.098	0.208	9.465	1.250
1428383906978	37.490164	139.931006	6	0.076	0.248	9.477	1.250
1428383907078	37.490163	139.931005	6	0.093	0.304	9.469	1.250
1428383907179	37.490163	139.931004	6	0.090	0.373	9.463	1.250
1428383907275	37.490162	139.931003	6	0.081	0.451	9.460	1.250
1428383907376	37.490161	139.931002	6	0.077	0.523	9.457	1.226
1428383907476	37.490161	139.931001	6	0.079	0.574	9.458	1.199
1428383907577	37.490160	139.931000	6	0.080	0.596	9.473	1.173
1428383907678	37.490160	139.930998	6	0.072	0.615	9.463	1.146
1428383907778	37.490159	139.930997	6	0.065	0.628	9.448	1.121
1428383907879	37.490158	139.930996	6	0.076	0.641	9.470	1.096
1428383907975	37.490158	139.930995	6	0.092	0.651	9.510	1.073
1428383908076	37.490157	139.930994	6	0.080	0.661	9.513	1.049
1428383908176	37.490157	139.930993	6	0.050	0.675	9.467	1.026
1428383908277	37.490156	139.930992	6	0.042	0.687	9.455	1.003
1428383908378	37.490156	139.930991	6	0.101	0.717	9.471	1.020
1428383908478	37.490155	139.930990	6	0.163	0.688	9.538	1.043
1428383908575	37.490154	139.930988	6	0.167	0.638	9.585	1.066
1428383908675	37.490154	139.930987	6	0.162	0.657	9.555	1.090
1428383908775	37.490153	139.930986	6	0.062	0.788	9.163	1.114
1428383908876	37.490153	139.930984	6	0.135	0.638	9.484	1.140
1428383908977	37.490152	139.930983	6	0.223	0.461	9.746	1.166
1428383909078	37.490151	139.930981	6	0.173	0.548	9.310	1.192
1428383909178	37.490151	139.930980	6	0.167	0.626	9.173	1.219
1428383909279	37.490150	139.930978	6	0.290	0.536	9.772	1.247
1428383909375	37.490150	139.930977	5	0.352	0.421	9.888	1.250
1428383909475	37.490149	139.930975	5	0.212	0.374	9.500	1.250
1428383909576	37.490149	139.930973	5	-0.009	0.461	9.277	1.250
1428383909677	37.490148	139.930972	5	0.006	0.464	9.496	1.250
1428383909777	37.490148	139.930970	5	0.096	0.535	9.401	1.250
1428383909878	37.490147	139.930969	5	0.075	0.550	9.336	1.250
1428383909979	37.490147	139.930967	5	0.062	0.484	9.481	1.250
1428383910075	37.490146	139.930965	5	0.173	0.431	9.608	1.250
1428383910175	37.490146	139.930964	5	0.260	0.423	9.584	1.250
1428383910276	37.490145	139.930962	5	0.273	0.421	9.450	1.250
1428383910377	37.490145	139.930961	5	0.255	0.422	9.472	1.287
1428383910477	37.490145	139.930959	5	0.165	0.287	9.385	1.331
1428383910578	37.490145	139.930957	5	0.186	0.265	9.598	1.377
1428383910679	37.490145	139.930955	5	0.213	0.260	9.510	1.425
1428383910779	37.490145	139.930953	5	0.194	0.197	9.438	1.474
1428383910875	37.490144	139.930951	5	0.166	0.171	9.516	1.522
1428383910976	37.490144	139.930949	5	0.132	0.096	9.582	1.575
1428383911077	37.490144	139.930947	5	0.050	0.032	9.415	1.630
1428383911177	37.490144	139.930945	5	0.016	0.019	9.330	1.685
1428383911278	37.490144	139.930942	5	0.102	0.016	9.478	1.743
1428383911379	37.490144	139.930940	4	0.191	0.015	9.551	1.750
1428383911479	37.490144	139.930938	4	0.232	0.017	9.464	1.750
1428383911575	37.490144	139.930936	4	0.218	0.017	9.480	1.750
1428383911676	37.490144	139.930934	4	0.158	0.010	9.508	1.750
1428383911777	37.490144	139.930932	4	0.113	0.002	9.486	1.750
1428383911877	37.490145	139.930930	4	0.109	0.043	9.449	1.750
1428383911978	37.490145	139.930928	4	0.093	0.108	9.481	1.750
1428383912079	37.490145	139.930925	4	0.135	0.103	9.516	1.750
1428383912179	37.490145	139.930923	4	0.143	0.030	9.538	1.750
1428383912275	37.490145	139.930921	4	0.124	0.019	9.512	1.750
1428383912376	37.490146	139.930919	4	0.137	0.102	9.433	1.770
1428383912476	37.490146	139.930916	4	0.115	0.127	9.401	1.794
1428383912577	37.490147	139.930914	4	0.085	0.091	9.510	1.818
1428383912678	37.490148	139.930911	4	0.075	0.119	9.566	1.843
1428383912778	37.490149	139.930909	4	0.067	0.205	9.470	1.868
1428383912879	37.490150	139.930906	4	0.079	0.292	9.459	1.893
1428383912975	37.490150	139.930904	4	0.087	0.373	9.494	1.918
1428383913076	37.490151	139.930901	4	0.060	0.424	9.527	1.944
1428383913176	37.490152	139.930898	4	0.066	0.467	9.441	1.970
1428383913277	37.490153	139.930895	4	0.052	0.477	9.397	1.997
1428383913378	37.490154	139.930893	4	0.027	0.501	9.402	2.072
1428383913478	37.490156	139.930890	4	0.063	0.470	9.529	2.157
1428383913579	37.490157	139.930887	4	0.068	0.461	9.606	2.248
1428383913675	37.490159	139.930885	4	0.051	0.486	9.441	2.338
1428383913776	37.490160	139.930881	4	0.116	0.578	9.267	2.436
1428383913876	37.490162	139.930878	4	0.085	0.754	9.037	2.537
1428383913977	37.490164	139.930875	4	0.073	0.401	9.908	2.644
1428383914078	37.490166	139.930872	4	-0.016	0.290	10.000	2.755
1428383914178	37.490168	139.930868	4	-0.054	0.498	9.326	2.868
1428383914279	37.490170	139.930864	4	-0.021	0.564	9.283	2.987
1428383914375	37.490171	139.930861	4	-0.041	0.472	9.469	3.040
1428383914475	37.490172	139.930857	4	-0.011	0.464	9.307	3.087
1428383914576	37.490174	139.930854	4	0.106	0.273	9.628	3.135
1428383914677	37.490175	139.930850	4	0.006	0.180	9.552	3.184
1428383914778	37.490177	139.930846	4	0.013	0.222	9.326	3.234
1428383914878	37.490178	139.930842	4	0.111	0.069	9.458	3.285
1428383914979	37.490179	139.930838	4	0.203	-0.083	9.836	3.336
1428383915075	37.490181	139.930835	4	0.158	0.117	9.692	3.386
1428383915175	37.490182	139.930831	4	0.065	0.211	9.234	3.439
1428383915276	37.490184	139.930827	4	0.018	0.153	9.215	3.492
1428383915377	37.490185	139.930823	4	-0.008	0.057	9.595	3.500
1428383915477	37.490186	139.930819	4	0.043	-0.075	9.657	3.500
1428383915578	37.490187	139.930815	4	0.079	0.065	9.366	3.500
1428383915679	37.490187	139.930811	4	0.135	0.148	9.387	3.500
1428383915775	37.490188	139.930807	4	0.133	0.036	9.535	3.500
1428383915875	37.490189	139.930803	4	0.126	0.039	9.537	3.500
1428383915976	37.490190	139.930799	4	0.184	0.117	9.460	3.500
1428383916077	37.490191	139.930795	4	0.169	0.054	9.539	3.500
1428383916177	37.490192	139.930791	4	0.035	-0.008	9.375	3.500
1428383916278	37.490193	139.930787	4	-0.043	0.035	9.286	3.500
1428383916379	37.490193	139.930783	4	-0.017	0.094	9.355	3.500
1428383916475	37.490194	139.930779	4	0.023	0.054	9.556	3.500
1428383916575	37.490194	139.930775	4	0.072	-0.032	9.568	3.500
1428383916676	37.490195	139.930770	4	0.086	0.014	9.339	3.500
1428383916777	37.490195	139.930766	4	0.065	0.064	9.388	3.500
1428383916877	37.490196	139.930762	4	0.090	0.052	9.558	3.500
1428383916978	37.490196	139.930757	4	0.070	-0.003	9.557	3.500
1428383917079	37.490197	139.930753	4	0.041	0.045	9.454	3.500
1428383917179	37.490197	139.930749	4	-0.248	0.207	8.636	3.500
1428383917275	37.490198	139.930745	4	-0.095	-0.135	9.299	3.500
1428383917376	37.490198	139.930741	3	0.031	-0.365	10.161	3.500
1428383917477	37.490199	139.930737	3	0.159	-0.236	9.708	3.500
1428383917577	37.490199	139.930733	3	0.158	-0.133	9.115	3.500
1428383917678	37.490200	139.930728	3	0.227	-0.214	9.503	3.500
1428383917779	37.490200	139.930724	3	0.416	-0.321	9.830	3.500
1428383917879	37.490200	139.930720	3	0.520	-0.365	9.660	3.500
1428383917975	37.490201	139.930717	3	0.367	-0.286	9.271	3.500
1428383918076	37.490201	139.930713	3	0.228	-0.180	9.298	3.500
1428383918176	37.490202	139.930709	3	0.164	-0.248	9.367	3.500
1428383918277	37.490202	139.930705	3	0.049	-0.335	9.351	3.500
1428383918378	37.490202	139.930700	4	0.028	-0.103	9.632	3.500
1428383918479	37.490203	139.930696	4	0.236	-0.042	9.673	3.500
1428383918579	37.490203	139.930692	4	0.383	-0.244	9.412	3.500
1428383918675	37.490204	139.930689	4	0.302	-0.332	9.292	3.500
1428383918776	37.490204	139.930685	4	0.476	-0.368	9.953	3.500
1428383918876	37.490204	139.930681	4	0.452	-0.216	9.609	3.500
1428383918977	37.490205	139.930677	4	0.416	-0.174	9.260	3.500
1428383919078	37.490205	139.930672	4	0.403	-0.216	9.428	3.500
1428383919178	37.490206	139.930668	4	0.276	-0.268	9.560	3.500
1428383919279	37.490206	139.930664	4	0.065	-0.229	9.539	3.500
1428383919375	37.490207	139.930661	4	-0.078	-0.104	9.295	3.500
1428383919476	37.490207	139.930657	4	-0.090	0.004	9.220	3.500
1428383919576	37.490208	139.930653	4	-0.138	0.101	9.032	3.500
1428383919677	37.490208	139.930649	4	0.048	0.040	9.434	3.500
1428383919778	37.490209	139.930645	4	0.308	-0.012	9.874	3.500
1428383919878	37.490210	139.930641	4	0.441	0.035	9.688	3.500
1428383919979	37.490210	139.930637	4	0.632	0.062	9.372	3.500
1428383920075	37.490211	139.930633	4	0.610	0.048	9.356	3.500
1428383920175	37.490211	139.930629	4	0.447	0.061	9.380	3.500
1428383920276	37.490212	139.930626	4	0.301	0.003	9.606	3.500
1428383920377	37.490213	139.930622	4	0.184	0.012	9.674	3.500
1428383920478	37.490213	139.930617	4	0.094	0.042	9.467	3.500
1428383920578	37.490214	139.930613	4	-0.042	0.055	9.216	3.500
1428383920679	37.490214	139.930609	4	-0.151	0.061	9.226	3.500
1428383920775	37.490215	139.930606	4	-0.079	0.058	9.479	3.500
1428383920875	37.490216	139.930602	4	0.161	0.155	9.662	3.500
1428383920976	37.490216	139.930598	4	0.181	0.237	9.116	3.500
1428383921077	37.490217	139.930594	4	0.634	-0.097	9.652	3.500
1428383921178	37.490217	139.930589	4	0.776	-0.197	9.886	3.500
1428383921278	37.490218	139.930585	4	0.595	-0.046	9.375	3.500
1428383921379	37.490219	139.930582	4	0.529	0.137	9.323	3.500
1428383921475	37.490220	139.930578	4	0.416	0.147	9.407	3.500
1428383921575	37.490221	139.930575	4	0.318	0.013	9.543	3.500
1428383921676	37.490221	139.930571	4	0.140	-0.037	9.291	3.500
1428383921777	37.490222	139.930567	4	0.049	-0.156	9.111	3.500
1428383921878	37.490223	139.930564	4	0.104	-0.305	9.587	3.500
1428383921978	37.490224	139.930560	4	0.267	-0.321	9.774	3.500
1428383922079	37.490225	139.930557	4	0.395	-0.330	9.354	3.500
1428383922175	37.490226	139.930553	4	0.437	-0.350	9.525	3.500
1428383922275	37.490227	139.930550	4	0.457	-0.314	9.567	3.500
1428383922376	37.490228	139.930546	4	0.493	-0.358	9.412	3.500
1428383922477	37.490229	139.930542	4	0.438	-0.416	9.555	3.500
1428383922577	37.490230	139.930539	4	0.269	-0.398	9.606	3.500
1428383922678	37.490231	139.930535	4	0.157	-0.285	9.383	3.500
1428383922779	37.490232	139.930531	4	0.194	-0.246	9.337	3.500
1428383922879	37.490233	139.930528	4	0.243	-0.347	9.501	3.500
1428383922975	37.490234	139.930524	4	0.284	-0.348	9.589	3.500
1428383923076	37.490235	139.930521	4	0.386	-0.325	9.737	3.500
1428383923177	37.490236	139.930517	4	0.416	-0.259	9.689	3.500
1428383923277	37.490237	139.930513	4	0.405	-0.131	9.352	3.500
1428383923378	37.490238	139.930510	4	0.371	-0.071	9.389	3.477
1428383923479	37.490239	139.930506	4	0.278	-0.018	9.402	3.451
1428383923579	37.490240	139.930503	4	0.152	-0.051	9.562	3.426
1428383923675	37.490241	139.930499	4	0.082	0.026	9.425	3.402
1428383923776	37.490241	139.930496	4	0.200	0.236	9.231	3.376
1428383923877	37.490242	139.930492	4	0.227	0.234	9.230	3.351
1428383923977	37.490243	139.930489	4	0.291	0.129	9.469	3.326
1428383924078	37.490244	139.930485	4	0.323	0.070	9.690	3.301
1428383924179	37.490245	139.930482	4	0.394	0.177	9.587	3.277
1428383924279	37.490246	139.930478	4	0.453	0.188	9.413	3.253
1428383924375	37.490247	139.930475	4	0.537	0.163	9.435	3.250
1428383924476	37.490247	139.930471	4	0.551	0.057	9.591	3.250
1428383924576	37.490248	139.930468	4	0.417	0.023	9.644	3.250
1428383924677	37.490248	139.930464	4	0.420	-0.021	9.741	3.250
1428383924778	37.490249	139.930461	4	0.402	0.112	9.508	3.250
1428383924879	37.490250	139.930457	4	0.244	0.252	9.033	3.250
1428383924979	37.490250	139.930454	4	0.321	0.015	9.553	3.250
1428383925075	37.490251	139.930451	4	0.527	-0.100	9.987	3.250
1428383925176	37.490251	139.930447	4	0.299	0.347	9.104	3.250
1428383925276	37.490252	139.930443	4	0.257	0.564	8.985	3.250
1428383925377	37.490252	139.930440	4	0.310	0.448	9.462	3.250
1428383925478	37.490253	139.930436	4	0.375	0.218	9.872	3.250
1428383925579	37.490253	139.930433	4	0.305	0.252	9.528	3.250
1428383925679	37.490254	139.930429	4	0.259	0.394	9.388	3.250
1428383925775	37.490254	139.930426	4	0.406	0.465	9.369	3.250
1428383925876	37.490254	139.930422	4	0.506	0.397	9.521	3.250
1428383925976	37.490255	139.930419	4	0.425	0.259	9.600	3.250
1428383926077	37.490255	139.930415	4	0.277	0.272	9.354	3.250
1428383926178	37.490256	139.930412	4	0.352	0.510	9.345	3.250
1428383926278	37.490256	139.930408	4	0.484	0.449	9.534	3.250
1428383926379	37.490256	139.930405	4	0.381	0.249	9.678	3.250
1428383926475	37.490257	139.930401	4	0.172	0.402	9.544	3.250
1428383926576	37.490257	139.930397	4	0.023	0.742	9.227	3.250
1428383926676	37.490258	139.930394	4	0.181	0.685	9.466	3.250
1428383926777	37.490258	139.930390	4	0.220	0.562	9.691	3.250
1428383926878	37.490259	139.930386	4	0.075	0.670	9.391	3.250
1428383926978	37.490259	139.930383	4	-0.051	0.767	9.207	3.250
1428383927079	37.490260	139.930379	4	-0.071	0.776	9.262	3.250
1428383927175	37.490260	139.930375	4	-0.170	0.909	8.941	3.250
1428383927275	37.490261	139.930372	4	0.105	0.689	9.597	3.250
1428383927376	37.490262	139.930368	4	0.414	0.575	10.092	3.271
1428383927477	37.490262	139.930364	4	0.596	0.648	9.843	3.295
1428383927578	37.490263	139.930360	4	0.424	0.774	9.091	3.320
1428383927678	37.490264	139.930356	4	0.409	0.789	9.211	3.345
1428383927779	37.490264	139.930352	4	0.271	0.745	9.584	3.370
1428383927875	37.490265	139.930349	4	0.153	0.791	9.561	3.394
1428383927975	37.490266	139.930345	4	-0.007	0.867	9.320	3.419
1428383928076	37.490266	139.930341	4	-0.133	0.909	9.222	3.445
1428383928177	37.490267	139.930337	4	-0.093	1.105	9.370	3.471
1428383928277	37.490268	139.930333	4	0.200	1.146	9.564	3.497
1428383928378	37.490269	139.930328	4	0.506	0.936	9.728	3.500
1428383928479	37.490270	139.930324	4	0.388	0.905	9.430	3.500
1428383928575	37.490271	139.930320	4	0.291	1.013	9.403	3.500
1428383928675	37.490271	139.930316	4	0.194	1.018	9.383	3.500
1428383928776	37.490272	139.930312	4	0.127	0.998	9.296	3.500
1428383928877	37.490273	139.930307	4	0.160	0.956	9.406	3.500
1428383928977	37.490274	139.930303	4	0.044	0.963	9.334	3.500
1428383929078	37.490275	139.930299	4	0.017	0.982	9.441	3.500
1428383929179	37.490276	139.930295	4	0.120	0.932	9.507	3.500
1428383929275	37.490277	139.930291	4	0.191	0.885	9.178	3.500
1428383929375	37.490279	139.930285	6	0.183	0.635	9.358	3.649
1428383929476	37.490281	139.930278	6	0.104	0.321	9.557	3.836
1428383929577	37.490283	139.930271	6	0.102	0.137	9.429	4.034
1428383929677	37.490286	139.930264	6	0.199	-0.065	9.309	4.241
1428383929778	37.490289	139.930256	6	0.009	-0.124	9.431	4.461
1428383929879	37.490291	139.930248	6	0.165	-0.083	9.577	4.693
1428383929980	37.490294	139.930239	6	0.459	-0.265	10.001	4.935
1428383930075	37.490297	139.930230	6	0.367	-0.143	9.684	5.174
1428383930176	37.490300	139.930221	6	0.269	0.156	8.882	5.438
1428383930277	37.490304	139.930211	6	0.173	0.132	9.062	5.714
1428383930377	37.490305	139.930205	6	-0.021	-0.118	9.788	5.728
1428383930478	37.490307	139.930199	6	-0.062	-0.140	9.839	5.702
1428383930579	37.490308	139.930193	6	-0.008	-0.019	9.496	5.677
1428383930679	37.490310	139.930187	6	0.132	0.077	9.471	5.651
1428383930775	37.490311	139.930182	6	0.140	-0.045	9.408	5.627
1428383930876	37.490312	139.930176	6	0.076	-0.243	9.401	5.602
1428383930976	37.490314	139.930170	6	-0.086	-0.056	9.298	5.577
1428383931077	37.490315	139.930164	6	-0.220	0.142	9.306	5.552
1428383931178	37.490316	139.930158	6	-0.163	0.007	9.705	5.527
1428383931279	37.490318	139.930153	6	-0.062	-0.182	9.754	5.503
1428383931379	37.490318	139.930146	5	0.083	-0.104	9.189	5.500
1428383931475	37.490319	139.930140	5	0.186	-0.024	9.144	5.500
1428383931576	37.490319	139.930133	5	0.182	-0.170	9.923	5.500
1428383931676	37.490320	139.930126	5	-0.018	-0.212	9.669	5.500
1428383931777	37.490320	139.930119	5	-0.181	-0.103	9.251	5.500
1428383931878	37.490321	139.930113	5	-0.218	0.011	9.410	5.500
1428383931978	37.490321	139.930106	5	-0.107	0.039	9.430	5.500
1428383932079	37.490322	139.930099	5	0.034	-0.091	9.328	5.500
1428383932175	37.490322	139.930093	5	0.139	-0.100	9.430	5.500
1428383932276	37.490323	139.930086	5	0.193	0.033	9.529	5.500
1428383932376	37.490324	139.930079	5	0.055	0.005	9.464	5.500
1428383932477	37.490325	139.930073	5	-0.089	-0.137	9.299	5.500
1428383932578	37.490327	139.930066	5	-0.089	-0.163	9.703	5.500
1428383932678	37.490328	139.930060	5	-0.045	0.047	9.700	5.500
1428383932779	37.490329	139.930053	5	-0.016	0.262	9.445	5.500
1428383932875	37.490331	139.930047	5	0.092	0.286	9.442	5.500
1428383932976	37.490332	139.930040	5	0.178	0.254	9.524	5.500
1428383933076	37.490333	139.930034	5	0.176	0.259	9.474	5.500
1428383933177	37.490335	139.930027	5	0.103	0.396	9.361	5.500
1428383933278	37.490336	139.930021	5	0.075	0.516	9.428	5.500
1428383933378	37.490336	139.930015	6	0.079	0.485	9.439	5.522
1428383933479	37.490337	139.930008	6	0.108	0.442	9.412	5.546
1428383933575	37.490337	139.930002	6	0.072	0.442	9.479	5.570
1428383933675	37.490338	139.929996	6	0.086	0.491	9.530	5.595
1428383933776	37.490338	139.929990	6	0.084	0.464	9.454	5.620
1428383933877	37.490339	139.929983	6	0.078	0.500	9.283	5.645
1428383933978	37.490339	139.929977	6	0.076	0.497	9.365	5.671
1428383934078	37.490340	139.929971	6	0.104	0.542	9.497	5.696
1428383934179	37.490340	139.929964	6	0.115	0.572	9.362	5.722
1428383934275	37.490341	139.929958	6	0.108	0.575	9.349	5.746
1428383934375	37.490341	139.929951	6	0.069	0.588	9.405	5.829
1428383934476	37.490341	139.929944	6	0.086	0.508	9.390	5.924
1428383934577	37.490341	139.929937	6	0.128	0.488	9.498	6.021
1428383934678	37.490341	139.929930	6	0.192	0.491	9.527	6.119
1428383934778	37.490341	139.929922	6	0.214	0.532	9.438	6.218
1428383934879	37.490340	139.929915	6	0.268	0.559	9.359	6.320
1428383934975	37.490340	139.929908	6	0.266	0.512	9.378	6.418
1428383935075	37.490340	139.929900	6	0.235	0.553	9.485	6.521
1428383935176	37.490340	139.929892	6	0.235	0.618	9.527	6.628
1428383935277	37.490340	139.929884	6	0.187	0.609	9.392	6.736
1428383935377	37.490342	139.929877	5	0.216	0.548	9.307	6.771
1428383935478	37.490344	139.929870	5	0.265	0.484	9.575	6.796
1428383935579	37.490346	139.929862	5	0.155	0.449	9.481	6.821
1428383935679	37.490348	139.929855	5	0.195	0.482	9.436	6.846
1428383935775	37.490350	139.929848	5	0.178	0.475	9.365	6.870
1428383935876	37.490352	139.929841	5	0.081	0.410	9.290	6.895
1428383935977	37.490354	139.929834	5	0.125	0.341	9.615	6.921
1428383936077	37.490356	139.929827	5	0.229	0.290	9.719	6.946
1428383936178	37.490359	139.929819	5	0.336	0.368	9.465	6.972
1428383936279	37.490361	139.929812	5	0.346	0.301	9.202	6.997
1428383936379	37.490362	139.929803	5	0.386	0.201	9.621	7.022
1428383936475	37.490362	139.929795	5	0.332	0.160	9.858	7.046
1428383936576	37.490363	139.929786	5	0.321	0.142	9.609	7.071
1428383936677	37.490364	139.929778	5	0.388	0.273	8.991	7.096
1428383936777	37.490365	139.929769	5	0.439	0.290	8.785	7.121
1428383936878	37.490366	139.929760	5	0.358	0.046	9.546	7.146
1428383936979	37.490366	139.929751	5	0.229	-0.158	9.970	7.171
1428383937079	37.490367	139.929743	5	0.156	-0.156	9.576	7.197
1428383937175	37.490368	139.929734	5	0.096	-0.177	9.161	7.221
1428383937276	37.490369	139.929725	5	0.096	-0.323	9.334	7.246
1428383937376	37.490370	139.929717	5	0.115	-0.308	9.829	7.250
1428383937477	37.490371	139.929708	5	0.104	0.029	9.262	7.250
1428383937578	37.490372	139.929700	5	0.194	-0.104	9.513	7.250
1428383937679	37.490372	139.929691	5	0.236	-0.215	9.595	7.250
1428383937779	37.490373	139.929682	5	0.239	-0.250	9.537	7.250
1428383937875	37.490374	139.929674	5	0.234	-0.098	9.429	7.250
1428383937976	37.490375	139.929666	5	0.283	-0.244	9.399	7.250
1428383938076	37.490376	139.929657	5	0.331	-0.221	9.664	7.250
1428383938177	37.490377	139.929649	5	0.433	-0.217	9.633	7.250
1428383938278	37.490378	139.929640	5	0.465	-0.261	9.484	7.250
1428383938378	37.490379	139.929632	5	0.395	-0.266	9.424	7.228
1428383938479	37.490380	139.929624	5	0.336	-0.285	9.410	7.202
1428383938575	37.490381	139.929616	5	0.321	-0.302	9.514	7.178
1428383938676	37.490383	139.929608	5	0.334	-0.306	9.593	7.152
1428383938776	37.490384	139.929600	5	0.321	-0.271	9.372	7.127
1428383938877	37.490385	139.929592	5	0.405	-0.353	9.470	7.102
1428383938978	37.490386	139.929584	5	0.392	-0.369	9.531	7.077
1428383939078	37.490387	139.929576	5	0.317	-0.300	9.451	7.052
1428383939179	37.490389	139.929568	5	0.310	-0.302	9.439	7.027
1428383939275	37.490390	139.929560	5	0.250	-0.312	9.403	7.004
1428383939375	37.490390	139.929552	5	0.197	-0.312	9.492	7.000
1428383939476	37.490390	139.929544	5	0.193	-0.352	9.539	7.000
1428383939577	37.490391	139.929535	5	0.200	-0.334	9.462	7.000
1428383939678	37.490391	139.929527	5	0.159	-0.307	9.415	7.000
1428383939778	37.490391	139.929519	5	0.206	-0.308	9.389	7.000
1428383939879	37.490391	139.929510	5	0.145	-0.321	9.422	7.000
1428383939975	37.490391	139.929502	5	0.144	-0.282	9.517	7.000
1428383940075	37.490392	139.929494	5	0.102	-0.284	9.675	7.000
1428383940177	37.490392	139.929485	5	0.153	-0.303	9.464	7.000
1428383940277	37.490392	139.929477	5	0.228	-0.315	9.382	7.000
1428383940378	37.490393	139.929469	5	0.221	-0.249	9.520	6.978
1428383940478	37.490393	139.929461	5	0.171	-0.220	9.518	6.952
1428383940579	37.490394	139.929453	5	0.161	-0.171	9.484	6.927
1428383940675	37.490394	139.929445	5	0.129	-0.146	9.441	6.903
1428383940775	37.490395	139.929437	5	0.128	-0.214	9.507	6.878
1428383940876	37.490396	139.929429	5	0.148	-0.241	9.416	6.852
1428383940977	37.490396	139.929421	5	0.152	-0.214	9.363	6.827
1428383941077	37.490397	139.929414	5	0.086	-0.216	9.494	6.802
1428383941178	37.490397	139.929406	5	0.021	-0.200	9.428	6.778
1428383941279	37.490398	139.929398	5	0.038	-0.169	9.295	6.753
1428383941375	37.490399	139.929391	5	0.046	-0.195	9.469	6.750
1428383941475	37.490400	139.929383	5	0.090	-0.235	9.731	6.750
1428383941576	37.490401	139.929376	5	0.177	-0.368	9.731	6.750
1428383941677	37.490402	139.929368	5	0.131	-0.349	9.507	6.750
1428383941777	37.490403	139.929360	5	0.125	-0.294	9.523	6.750
1428383941878	37.490404	139.929353	5	0.156	-0.306	9.635	6.750
1428383941979	37.490405	139.929345	5	0.106	-0.356	9.581	6.750
1428383942079	37.490406	139.929338	5	0.160	-0.300	9.575	6.750
1428383942175	37.490407	139.929331	5	0.083	-0.180	9.359	6.750
1428383942276	37.490408	139.929323	5	0.088	-0.272	9.612	6.750
1428383942377	37.490409	139.929316	6	0.061	-0.317	9.551	6.728
1428383942477	37.490409	139.929310	6	0.035	-0.304	9.596	6.703
1428383942578	37.490410	139.929304	6	-0.028	-0.288	9.649	6.677
1428383942679	37.490411	139.929297	6	0.017	-0.261	9.329	6.652
1428383942779	37.490411	139.929291	6	0.031	-0.299	9.321	6.627
1428383942875	37.490412	139.929285	6	0.028	-0.245	9.490	6.603
1428383942976	37.490413	139.929279	6	0.028	-0.185	9.464	6.577
1428383943077	37.490414	139.929272	6	0.053	-0.176	9.474	6.552
1428383943177	37.490414	139.929266	6	0.021	-0.199	9.591	6.528
1428383943278	37.490415	139.929260	6	-0.072	-0.191	9.483	6.503
1428383943379	37.490414	139.929252	6	-0.025	-0.130	9.361	6.477
1428383943479	37.490413	139.929245	6	0.035	-0.113	9.475	6.452
1428383943575	37.490413	139.929238	6	0.071	-0.135	9.596	6.428
1428383943676	37.490412	139.929231	6	-0.001	-0.034	9.350	6.402
1428383943776	37.490411	139.929224	6	-0.004	0.009	9.406	6.377
1428383943877	37.490410	139.929216	6	0.103	0.021	9.600	6.352
1428383943978	37.490409	139.929209	6	0.122	-0.027	9.630	6.327
1428383944079	37.490409	139.929202	6	0.153	0.023	9.510	6.302
1428383944179	37.490408	139.929195	6	0.201	0.108	9.440	6.277
1428383944275	37.490407	139.929188	6	0.201	0.041	9.462	6.254
1428383944376	37.490407	139.929180	6	0.060	0.072	9.349	6.271
1428383944476	37.490406	139.929172	6	0.066	0.004	9.765	6.296
1428383944577	37.490406	139.929164	6	0.065	0.045	9.691	6.321
1428383944678	37.490405	139.929156	6	0.012	0.158	9.290	6.346
1428383944778	37.490405	139.929148	6	-0.006	0.191	9.196	6.371
1428383944879	37.490404	139.929140	6	0.008	0.235	9.284	6.396
1428383944975	37.490404	139.929133	6	-0.005	0.185	9.356	6.420
1428383945076	37.490403	139.929124	6	-0.103	0.170	9.658	6.446
1428383945176	37.490403	139.929116	6	-0.097	0.139	9.627	6.471
1428383945277	37.490402	139.929108	6	0.007	0.143	9.129	6.497
1428383945378	37.490402	139.929101	5	0.079	0.046	9.295	6.500
1428383945478	37.490403	139.929093	5	0.114	-0.056	9.643	6.500
1428383945579	37.490403	139.929086	5	0.162	-0.000	9.640	6.500
1428383945675	37.490404	139.929079	5	0.203	0.119	9.394	6.500
1428383945775	37.490404	139.929072	5	0.219	0.045	9.440	6.500
1428383945876	37.490405	139.929065	5	0.190	-0.032	9.485	6.500
1428383945977	37.490405	139.929058	5	0.265	-0.020	9.596	6.500
1428383946078	37.490406	139.929050	5	0.280	0.014	9.450	6.500
1428383946178	37.490406	139.929043	5	0.261	-0.092	9.435	6.500
1428383946279	37.490407	139.929036	5	0.271	-0.111	9.463	6.500
1428383946375	37.490406	139.929029	6	0.318	-0.080	9.448	6.478
1428383946475	37.490406	139.929021	6	0.306	-0.123	9.462	6.453
1428383946576	37.490405	139.929014	6	0.274	-0.127	9.566	6.427
1428383946677	37.490404	139.929007	6	0.248	-0.095	9.510	6.402
1428383946778	37.490403	139.929000	6	0.327	-0.159	9.602	6.377
1428383946878	37.490402	139.928992	6	0.329	-0.212	9.661	6.352
1428383946979	37.490401	139.928985	6	0.316	-0.174	9.578	6.327
1428383947075	37.490401	139.928978	6	0.385	-0.141	9.732	6.303
1428383947175	37.490400	139.928971	6	0.320	0.036	9.291	6.278
1428383947276	37.490399	139.928964	6	0.298	-0.065	9.414	6.253
1428383947377	37.490400	139.928958	6	0.268	-0.118	9.714	6.250
1428383947477	37.490402	139.928951	6	0.312	0.009	9.535	6.250
1428383947578	37.490403	139.928945	6	0.341	0.019	9.284	6.250
1428383947679	37.490404	139.928938	6	0.301	-0.042	9.501	6.250
1428383947775	37.490406	139.928932	6	0.212	-0.184	9.539	6.250
1428383947875	37.490407	139.928926	6	0.218	-0.144	9.595	6.250
1428383947976	37.490409	139.928920	6	0.226	0.124	9.147	6.250
1428383948077	37.490410	139.928913	6	0.230	0.020	9.289	6.250
1428383948177	37.490411	139.928907	6	0.241	-0.184	9.657	6.250
1428383948278	37.490413	139.928901	6	0.310	-0.180	9.727	6.250
1428383948379	37.490418	139.928896	11	0.276	-0.067	9.319	6.204
1428383948479	37.490424	139.928891	11	0.264	-0.053	9.304	6.152
1428383948575	37.490429	139.928887	11	0.215	-0.180	9.420	6.103
1428383948676	37.490434	139.928882	11	0.178	-0.196	9.559	6.052
1428383948777	37.490440	139.928877	11	0.189	-0.086	9.503	6.001
1428383948877	37.490445	139.928873	11	0.168	-0.085	9.601	5.951
1428383948978	37.490451	139.928868	11	0.213	-0.159	9.540	5.902
1428383949079	37.490456	139.928863	11	0.292	-0.207	9.562	5.852
1428383949179	37.490461	139.928859	11	0.277	-0.225	9.619	5.803
1428383949275	37.490466	139.928855	11	0.236	-0.147	9.560	5.757
1428383949376	37.490468	139.928848	11	0.194	-0.095	9.533	5.750
1428383949477	37.490468	139.928842	11	0.151	-0.098	9.558	5.750
1428383949577	37.490469	139.928836	11	0.130	-0.140	9.486	5.750
1428383949678	37.490470	139.928829	11	0.177	-0.070	9.399	5.750
1428383949779	37.490471	139.928823	11	0.260	-0.040	9.576	5.750
1428383949879	37.490472	139.928816	11	0.236	-0.112	9.668	5.750
1428383949975	37.490472	139.928810	11	0.227	-0.128	9.552	5.750
1428383950076	37.490473	139.928804	11	0.286	-0.073	9.375	5.750
1428383950176	37.490474	139.928797	11	0.062	-0.105	9.542	5.750
1428383950277	37.490475	139.928791	11	0.079	-0.143	9.551	5.750
1428383950378	37.490476	139.928784	6	0.095	-0.137	9.512	5.750
1428383950479	37.490477	139.928778	6	0.009	-0.059	9.365	5.750
1428383950579	37.490477	139.928772	6	-0.141	0.046	9.248	5.750
1428383950675	37.490478	139.928765	6	-0.056	-0.107	9.425	5.750
1428383950776	37.490479	139.928759	6	0.097	-0.143	9.753	5.750
1428383950876	37.490480	139.928753	6	0.216	-0.134	9.670	5.750
1428383950977	37.490480	139.928746	6	0.120	0.034	9.232	5.750
1428383951078	37.490481	139.928740	6	0.112	0.116	9.154	5.750
1428383951178	37.490482	139.928733	6	0.125	-0.063	9.580	5.750
1428383951279	37.490483	139.928727	6	-0.213	-0.009	9.264	5.750
1428383951375	37.490485	139.928720	9	-0.037	-0.173	9.807	5.750
1428383951476	37.490488	139.928713	9	-0.063	-0.063	9.666	5.750
1428383951576	37.490491	139.928706	9	0.119	-0.072	9.326	5.750
1428383951677	37.490494	139.928699	9	0.045	-0.159	9.167	5.750
1428383951778	37.490497	139.928692	9	-0.014	-0.200	9.552	5.750
1428383951878	37.490500	139.928685	9	-0.132	0.016	9.294	5.750
1428383951979	37.490503	139.928678	9	-0.153	-0.094	9.380	5.750
1428383952075	37.490506	139.928671	9	-0.052	-0.110	9.691	5.750
1428383952175	37.490509	139.928664	9	-0.143	-0.089	9.251	5.750
1428383952276	37.490512	139.928657	9	-0.025	-0.182	9.596	5.750
1428383952377	37.490513	139.928651	9	-0.059	-0.260	9.808	5.728
1428383952478	37.490515	139.928645	9	-0.028	-0.221	9.565	5.702
1428383952578	37.490516	139.928639	9	-0.107	-0.098	9.121	5.677
1428383952679	37.490518	139.928634	9	-0.050	-0.121	9.477	5.651
1428383952775	37.490519	139.928628	9	-0.000	-0.217	9.751	5.627
1428383952875	37.490520	139.928622	9	-0.027	-0.228	9.413	5.602
1428383952976	37.490522	139.928617	9	0.015	-0.079	9.387	5.577
1428383953077	37.490523	139.928611	9	0.052	-0.020	9.560	5.552
1428383953178	37.490524	139.928605	9	0.075	-0.120	9.587	5.527
1428383953278	37.490526	139.928600	9	0.017	-0.196	9.435	5.503
1428383953379	37.490528	139.928594	9	-0.013	-0.182	9.548	5.500
1428383953475	37.490530	139.928588	9	-0.025	-0.059	9.604	5.500
1428383953575	37.490532	139.928583	9	-0.030	0.016	9.334	5.500
1428383953676	37.490534	139.928577	9	-0.021	0.017	9.386	5.500
1428383953777	37.490536	139.928571	9	-0.015	-0.025	9.578	5.500
1428383953878	37.490538	139.928565	9	-0.046	-0.017	9.577	5.500
1428383953978	37.490540	139.928560	9	-0.005	0.059	9.470	5.500
1428383954079	37.490543	139.928554	9	0.043	0.127	9.403	5.500
1428383954175	37.490545	139.928549	9	0.004	0.068	9.389	5.500
1428383954275	37.490547	139.928543	9	-0.065	0.001	9.421	5.500
1428383954376	37.490547	139.928538	11	-0.063	0.051	9.388	5.478
1428383954477	37.490547	139.928532	11	-0.008	0.186	9.287	5.452
1428383954577	37.490548	139.928527	11	-0.018	0.066	9.515	5.427
1428383954678	37.490548	139.928522	11	-0.075	-0.105	9.679	5.402
1428383954779	37.490548	139.928517	11	-0.081	-0.074	9.430	5.376
1428383954879	37.490548	139.928512	11	-0.024	-0.014	9.348	5.351
1428383954975	37.490548	139.928507	11	-0.026	-0.056	9.488	5.327
1428383955076	37.490549	139.928503	11	-0.053	-0.134	9.524	5.303
1428383955177	37.490549	139.928498	11	-0.047	-0.143	9.487	5.278
1428383955277	37.490549	139.928493	11	0.005	-0.060	9.555	5.253
1428383955378	37.490550	139.928487	11	0.043	-0.042	9.496	5.250
1428383955479	37.490552	139.928482	11	0.065	-0.109	9.414	5.250
1428383955579	37.490553	139.928476	11	0.061	-0.176	9.496	5.250
1428383955675	37.490555	139.928471	11	0.081	-0.159	9.594	5.250
1428383955776	37.490556	139.928466	11	0.104	-0.137	9.510	5.250
1428383955876	37.490558	139.928460	11	0.089	-0.142	9.396	5.250
1428383955977	37.490559	139.928455	11	0.086	-0.216	9.497	5.250
1428383956078	37.490561	139.928449	11	0.126	-0.186	9.428	5.250
1428383956179	37.490562	139.928444	11	0.117	-0.171	9.420	5.250
1428383956279	37.490564	139.928439	11	0.106	-0.177	9.406	5.250
1428383956375	37.490564	139.928432	10	0.121	-0.216	9.504	5.250
1428383956476	37.490564	139.928426	10	0.111	-0.205	9.533	5.250
1428383956576	37.490564	139.928419	10	0.116	-0.192	9.492	5.250
1428383956677	37.490564	139.928413	10	0.137	-0.194	9.500	5.250
1428383956778	37.490564	139.928406	10	0.145	-0.230	9.449	5.250
1428383956879	37.490563	139.928400	10	0.093	-0.222	9.454	5.250
1428383956979	37.490563	139.928393	10	-0.017	-0.211	9.544	5.250
1428383957075	37.490563	139.928387	10	-0.003	-0.143	9.422	5.250
1428383957176	37.490563	139.928380	10	0.026	-0.127	9.401	5.250
1428383957276	37.490563	139.928374	10	0.043	-0.175	9.490	5.250
1428383957377	37.490566	139.928369	9	0.086	-0.164	9.493	5.228
1428383957478	37.490569	139.928363	9	0.114	-0.118	9.490	5.202
1428383957578	37.490572	139.928358	9	0.097	-0.170	9.599	5.177
1428383957679	37.490574	139.928353	9	0.063	-0.162	9.508	5.151
1428383957775	37.490577	139.928348	9	0.049	-0.122	9.357	5.127
1428383957876	37.490580	139.928343	9	0.034	-0.094	9.385	5.102
1428383957976	37.490583	139.928338	9	0.072	-0.124	9.569	5.077
1428383958077	37.490586	139.928333	9	0.068	-0.090	9.373	5.052
1428383958178	37.490589	139.928328	9	0.083	-0.148	9.524	5.027
1428383958278	37.490592	139.928324	9	0.094	-0.167	9.579	5.003
1428383958379	37.490590	139.928317	10	0.050	-0.077	9.444	5.000
1428383958475	37.490588	139.928311	10	-0.076	-0.029	9.189	5.000
1428383958575	37.490586	139.928304	10	-0.026	-0.138	9.517	5.000
1428383958676	37.490584	139.928298	10	0.040	-0.182	9.610	5.000
1428383958777	37.490581	139.928291	10	0.048	-0.093	9.329	5.000
1428383958878	37.490579	139.928284	10	0.058	-0.078	9.336	5.000
1428383958978	37.490577	139.928278	10	0.113	-0.085	9.588	5.000
1428383959079	37.490575	139.928271	10	0.127	-0.109	9.573	5.000
1428383959175	37.490573	139.928265	10	-0.050	-0.216	9.542	5.000
1428383959275	37.490570	139.928258	10	-0.153	-0.187	9.378	5.000
1428383959376	37.490571	139.928253	10	-0.238	-0.108	9.408	4.978
1428383959477	37.490572	139.928248	10	-0.174	-0.137	9.693	4.952
1428383959578	37.490574	139.928244	10	-0.065	-0.148	9.503	4.927
1428383959678	37.490575	139.928239	10	-0.016	-0.061	9.113	4.901
1428383959779	37.490576	139.928234	10	0.035	-0.070	9.333	4.876
1428383959875	37.490577	139.928230	10	0.075	-0.116	9.638	4.852
1428383959975	37.490578	139.928225	10	0.016	-0.119	9.635	4.827
1428383960076	37.490579	139.928221	10	-0.001	-0.144	9.543	4.802
1428383960177	37.490581	139.928216	10	-0.057	-0.109	9.392	4.778
1428383960277	37.490582	139.928212	10	-0.087	-0.086	9.453	4.753
1428383960378	37.490582	139.928206	6	-0.084	-0.107	9.497	4.727
1428383960479	37.490582	139.928201	6	0.004	-0.120	9.458	4.702
1428383960575	37.490583	139.928196	6	0.038	-0.091	9.426	4.677
1428383960675	37.490583	139.928191	6	-0.039	-0.045	9.419	4.652
1428383960776	37.490583	139.928186	6	-0.093	-0.045	9.533	4.627
1428383960877	37.490583	139.928181	6	-0.075	-0.012	9.489	4.602
1428383960977	37.490583	139.928176	6	-0.002	-0.037	9.527	4.577
1428383961078	37.490584	139.928171	6	0.025	-0.036	9.461	4.552
1428383961179	37.490584	139.928166	6	0.015	-0.008	9.401	4.527
1428383961279	37.490584	139.928161	6	-0.022	-0.004	9.444	4.503
1428383961375	37.490585	139.928155	4	-0.125	-0.017	9.442	4.500
1428383961476	37.490585	139.928150	4	-0.117	-0.035	9.517	4.500
1428383961577	37.490586	139.928144	4	-0.096	0.021	9.416	4.500
1428383961677	37.490586	139.928138	4	-0.092	-0.016	9.459	4.500
1428383961778	37.490587	139.928133	4	-0.081	-0.054	9.537	4.500
1428383961879	37.490588	139.928127	4	-0.022	-0.042	9.499	4.500
1428383961979	37.490588	139.928121	4	-0.025	-0.026	9.414	4.500
1428383962075	37.490589	139.928116	4	0.015	-0.022	9.489	4.500
1428383962176	37.490589	139.928110	4	-0.037	-0.035	9.485	4.500
1428383962276	37.490590	139.928105	4	-0.114	0.000	9.464	4.500
1428383962377	37.490590	139.928099	4	-0.086	-0.036	9.456	4.500
1428383962478	37.490591	139.928094	4	-0.051	-0.020	9.460	4.500
1428383962579	37.490591	139.928089	4	-0.022	-0.012	9.555	4.500
1428383962679	37.490592	139.928084	4	0.065	-0.067	9.565	4.500
1428383962775	37.490592	139.928079	4	0.110	-0.082	9.571	4.500
1428383962876	37.490593	139.928074	4	0.068	-0.028	9.362	4.500
1428383962976	37.490593	139.928068	4	0.034	-0.000	9.429	4.500
1428383963077	37.490594	139.928063	4	0.019	-0.035	9.527	4.500
1428383963178	37.490594	139.928058	4	-0.019	-0.024	9.440	4.500
1428383963279	37.490595	139.928053	4	-0.034	0.011	9.298	4.500
1428383963379	37.490596	139.928048	5	0.025	-0.014	9.499	4.500
1428383963475	37.490597	139.928044	5	0.068	-0.026	9.583	4.500
1428383963576	37.490598	139.928039	5	0.174	-0.017	9.587	4.500
1428383963676	37.490598	139.928035	5	0.172	-0.014	9.421	4.500
1428383963777	37.490599	139.928031	5	0.151	-0.006	9.408	4.500
1428383963878	37.490600	139.928026	5	0.131	0.002	9.518	4.500
1428383963979	37.490601	139.928022	5	0.066	0.054	9.384	4.500
1428383964079	37.490602	139.928017	5	0.070	0.043	9.399	4.500
1428383964175	37.490603	139.928013	5	0.120	0.047	9.521	4.500
1428383964276	37.490604	139.928009	5	0.168	0.071	9.450	4.500
1428383964376	37.490604	139.928004	5	0.195	0.067	9.410	4.455
1428383964477	37.490604	139.928000	5	0.222	0.036	9.507	4.402
1428383964578	37.490604	139.927995	5	0.259	0.031	9.509	4.350
1428383964678	37.490604	139.927991	5	0.223	0.083	9.305	4.299
1428383964779	37.490603	139.927987	5	0.259	0.081	9.426	4.248
1428383964875	37.490603	139.927983	5	0.215	0.075	9.339	4.200
1428383964975	37.490603	139.927979	5	0.184	0.098	9.362	4.151
1428383965076	37.490603	139.927975	5	0.261	0.032	9.552	4.102
1428383965177	37.490603	139.927970	5	0.308	-0.019	9.601	4.054
1428383965278	37.490603	139.927966	5	0.375	0.021	9.425	4.006
1428383965378	37.490604	139.927962	4	0.349	-0.063	9.522	4.042
1428383965479	37.490604	139.927956	4	0.292	-0.107	9.517	4.090
1428383965575	37.490605	139.927952	4	0.325	-0.055	9.475	4.137
1428383965675	37.490606	139.927946	4	0.365	-0.039	9.434	4.186
1428383965776	37.490606	139.927941	4	0.393	-0.087	9.535	4.236
1428383965877	37.490607	139.927936	4	0.436	-0.073	9.468	4.286
1428383965977	37.490608	139.927930	4	0.489	-0.048	9.426	4.337
1428383966078	37.490608	139.927925	4	0.500	-0.131	9.622	4.389
1428383966179	37.490609	139.927919	4	0.478	-0.105	9.632	4.442
1428383966275	37.490610	139.927914	4	0.396	-0.023	9.358	4.492
1428383966375	37.490610	139.927908	5	0.306	-0.064	9.347	4.500
1428383966476	37.490609	139.927902	5	0.267	-0.135	9.549	4.500
1428383966577	37.490609	139.927897	5	0.305	-0.121	9.589	4.500
1428383966677	37.490608	139.927891	5	0.402	-0.056	9.476	4.500
1428383966778	37.490608	139.927885	5	0.560	-0.056	9.390	4.500
1428383966879	37.490608	139.927879	5	0.639	-0.091	9.618	4.500
1428383966975	37.490607	139.927874	5	0.581	-0.089	9.566	4.500
1428383967075	37.490607	139.927868	5	0.479	-0.074	9.422	4.500
1428383967176	37.490606	139.927863	5	0.491	-0.042	9.382	4.500
1428383967277	37.490606	139.927857	5	0.434	-0.012	9.444	4.500
1428383967377	37.490606	139.927852	5	0.378	0.009	9.389	4.500
1428383967478	37.490607	139.927847	5	0.350	0.009	9.334	4.500
1428383967579	37.490607	139.927842	5	0.429	-0.056	9.410	4.500
1428383967679	37.490607	139.927837	5	0.514	-0.055	9.537	4.500
1428383967775	37.490607	139.927833	5	0.637	-0.049	9.497	4.500
1428383967876	37.490608	139.927828	5	0.619	-0.068	9.487	4.500
1428383967977	37.490608	139.927823	5	0.422	-0.142	9.446	4.500
1428383968077	37.490608	139.927818	5	0.377	-0.124	9.424	4.500
1428383968178	37.490609	139.927813	5	0.357	-0.146	9.517	4.500
1428383968279	37.490609	139.927809	5	0.345	-0.166	9.417	4.500
1428383968379	37.490610	139.927804	4	0.318	-0.193	9.428	4.477
1428383968475	37.490610	139.927799	4	0.298	-0.210	9.428	4.453
1428383968577	37.490611	139.927794	4	0.361	-0.186	9.408	4.427
1428383968677	37.490611	139.927789	4	0.301	-0.194	9.392	4.402
1428383968777	37.490612	139.927784	4	0.290	-0.186	9.760	4.376
1428383968878	37.490613	139.927779	4	0.261	-0.199	9.462	4.351
1428383968979	37.490613	139.927774	4	0.120	-0.231	9.506	4.326
1428383969079	37.490614	139.927769	4	-0.050	-0.339	9.603	4.302
1428383969175	37.490614	139.927764	4	-0.021	-0.335	9.433	4.278
1428383969276	37.490615	139.927760	4	0.040	-0.323	9.404	4.253
1428383969376	37.490615	139.927755	4	0.040	-0.403	9.492	4.250
1428383969477	37.490616	139.927750	4	0.038	-0.466	9.504	4.250
1428383969578	37.490616	139.927745	4	0.067	-0.437	9.408	4.250
1428383969678	37.490617	139.927740	4	0.037	-0.456	9.502	4.250
1428383969779	37.490617	139.927736	4	0.018	-0.496	9.499	4.250
1428383969875	37.490617	139.927731	4	0.024	-0.422	9.407	4.250
1428383969976	37.490618	139.927726	4	0.044	-0.443	9.495	4.250
1428383970076	37.490618	139.927721	4	0.012	-0.518	9.490	4.250
1428383970177	37.490619	139.927716	4	0.012	-0.579	9.482	4.250
1428383970278	37.490619	139.927712	4	0.031	-0.552	9.511	4.250
1428383970378	37.490619	139.927707	4	0.076	-0.506	9.454	4.227
1428383970479	37.490620	139.927702	4	0.058	-0.496	9.383	4.202
1428383970575	37.490620	139.927698	4	0.061	-0.504	9.425	4.177
1428383970676	37.490620	139.927694	4	0.054	-0.541	9.514	4.152
1428383970776	37.490620	139.927689	4	0.040	-0.562	9.465	4.127
1428383970877	37.490621	139.927685	4	0.053	-0.577	9.416	4.101
1428383970978	37.490621	139.927680	4	0.079	-0.585	9.494	4.076
1428383971078	37.490621	139.927676	4	0.070	-0.538	9.442	4.052
1428383971179	37.490622	139.927672	4	0.021	-0.558	9.451	4.027
1428383971275	37.490622	139.927668	4	0.003	-0.609	9.536	4.004
1428383971375	37.490622	139.927663	5	0.067	-0.628	9.443	3.978
1428383971476	37.490623	139.927659	5	0.085	-0.692	9.457	3.952
1428383971577	37.490623	139.927655	5	0.055	-0.783	9.529	3.927
1428383971678	37.490624	139.927651	5	0.071	-0.801	9.452	3.901
1428383971778	37.490624	139.927647	5	0.125	-0.759	9.367	3.876
1428383971880	37.490625	139.927642	5	0.029	-0.771	9.388	3.851
1428383971975	37.490625	139.927639	5	0.139	-0.941	9.803	3.827
1428383972075	37.490626	139.927635	5	0.231	-0.937	9.632	3.802
1428383972176	37.490626	139.927631	5	0.280	-0.878	9.371	3.778
1428383972277	37.490627	139.927627	5	0.308	-0.880	9.414	3.753
1428383972378	37.490627	139.927624	6	0.261	-0.881	9.459	3.588
1428383972478	37.490628	139.927621	6	0.158	-0.894	9.477	3.411
1428383972579	37.490628	139.927619	6	0.070	-0.918	9.572	3.239
1428383972675	37.490628	139.927617	6	-0.004	-0.886	9.466	3.084
1428383972775	37.490629	139.927615	6	-0.019	-0.845	9.344	2.929
1428383972876	37.490629	139.927612	6	0.057	-0.834	9.379	2.780
1428383972977	37.490629	139.927610	6	0.127	-0.821	9.487	2.639
1428383973077	37.490629	139.927609	6	0.122	-0.830	9.498	2.507
1428383973178	37.490630	139.927607	6	0.056	-0.852	9.502	2.381
1428383973279	37.490630	139.927605	6	-0.018	-0.884	9.518	2.262
1428383973375	37.490630	139.927604	6	-0.051	-0.876	9.471	2.143
1428383973475	37.490630	139.927603	6	-0.051	-0.872	9.408	2.022
1428383973576	37.490631	139.927602	6	-0.026	-0.884	9.438	1.906
1428383973677	37.490631	139.927601	6	0.010	-0.819	9.424	1.795
1428383973777	37.490631	139.927600	6	-0.102	-0.967	9.327	1.692
1428383973878	37.490631	139.927599	6	-0.077	-0.833	9.503	1.593
1428383973979	37.490631	139.927598	6	0.087	-0.783	9.585	1.500
1428383974079	37.490632	139.927597	6	0.167	-0.760	9.416	1.413
1428383974175	37.490632	139.927597	6	0.104	-0.684	9.406	1.336
1428383974276	37.490632	139.927596	6	-0.017	-0.580	9.489	1.260
1428383974377	37.490633	139.927597	5	-0.069	-0.494	9.482	1.042
1428383974477	37.490634	139.927599	5	-0.035	-0.422	9.428	0.826
1428383974578	37.490634	139.927600	5	-0.013	-0.382	9.440	0.634
1428383974679	37.490635	139.927602	5	-0.029	-0.384	9.470	0.467
1428383974779	37.490636	139.927603	5	-0.035	-0.382	9.487	0.326
1428383974875	37.490636	139.927603	5	-0.022	-0.388	9.464	0.215
1428383974976	37.490637	139.927604	5	0.009	-0.380	9.469	0.123
1428383975076	37.490637	139.927605	5	0.034	-0.360	9.495	0.057
1428383975177	37.490637	139.927605	5	0.023	-0.373	9.487	0.016
1428383975379	37.490637	139.927605	5	0.001	-0.378	9.466	0.002
1428383975479	37.490637	139.927605	5	-0.007	-0.349	9.465	0.009
1428383975575	37.490637	139.927605	5	-0.015	-0.328	9.470	0.020
1428383975676	37.490637	139.927605	5	-0.021	-0.315	9.467	0.037
1428383975776	37.490637	139.927605	5	-0.017	-0.295	9.486	0.059
1428383975877	37.490637	139.927605	5	-0.015	-0.267	9.479	0.086
1428383975978	37.490637	139.927605	5	-0.017	-0.255	9.478	0.118
1428383976079	37.490638	139.927606	5	-0.024	-0.262	9.463	0.156
1428383976179	37.490638	139.927606	5	-0.026	-0.281	9.490	0.198
1428383976275	37.490638	139.927606	5	-0.026	-0.290	9.495	0.243
1428383976376	37.490638	139.927606	6	-0.029	-0.298	9.490	0.250
1428383976476	37.490639	139.927606	6	-0.030	-0.313	9.499	0.250
1428383976577	37.490639	139.927606	6	-0.030	-0.305	9.489	0.250
1428383976678	37.490640	139.927606	6	-0.027	-0.271	9.482	0.250
1428383976779	37.490640	139.927606	6	-0.028	-0.251	9.473	0.250
1428383976879	37.490640	139.927605	6	-0.032	-0.246	9.494	0.250
1428383976975	37.490641	139.927605	6	-0.029	-0.243	9.497	0.250
1428383977076	37.490641	139.927605	6	-0.021	-0.238	9.494	0.250
1428383977176	37.490642	139.927605	6	-0.021	-0.235	9.475	0.250
1428383977277	37.490642	139.927605	6	-0.024	-0.203	9.495	0.250
1428383977378	37.490643	139.927605	6	-0.028	-0.108	9.523	0.208
1428383977478	37.490644	139.927606	6	-0.025	-0.005	9.516	0.165
1428383977579	37.490644	139.927606	6	-0.024	0.042	9.476	0.126
1428383977675	37.490645	139.927607	6	-0.027	0.028	9.472	0.095
1428383977775	37.490646	139.927607	6	-0.027	-0.014	9.490	0.066
1428383977876	37.490646	139.927607	6	-0.031	-0.034	9.466	0.043
1428383977977	37.490647	139.927608	6	-0.037	-0.019	9.472	0.024
1428383978078	37.490647	139.927608	6	-0.040	0.013	9.472	0.011
1428383978178	37.490647	139.927608	6	-0.035	0.024	9.458	0.003
1428384028376	37.490705	139.927600	4	-0.021	0.659	9.456	0.002
1428384028477	37.490705	139.927600	4	-0.021	0.715	9.466	0.009
1428384028578	37.490705	139.927600	4	-0.023	0.773	9.456	0.021
1428384028678	37.490705	139.927600	4	-0.023	0.816	9.461	0.038
1428384028779	37.490705	139.927600	4	-0.021	0.857	9.467	0.060
1428384028875	37.490705	139.927599	4	-0.041	0.912	9.469	0.086
1428384028975	37.490705	139.927599	4	-0.042	0.957	9.438	0.117
1428384029076	37.490706	139.927599	4	-0.039	1.011	9.440	0.154
1428384034172	37.490727	139.927413	5	-0.023	1.079	9.431	4.750
1428384034177	37.490727	139.927412	5	-0.020	1.079	9.430	4.750
1428384034278	37.490728	139.927407	5	0.180	0.593	9.553	4.750
1428384034378	37.490729	139.927401	5	0.142	0.281	9.615	4.750
1428384034479	37.490729	139.927395	5	0.097	0.114	9.552	4.750
1428384034575	37.490730	139.927390	5	0.024	0.049	9.424	4.750
1428384034675	37.490730	139.927384	5	0.026	0.015	9.375	4.750
1428384034776	37.490731	139.927378	5	-0.094	-0.087	9.684	4.750
1428384034877	37.490732	139.927373	5	-0.279	0.076	9.117	4.750
1428384034978	37.490732	139.927367	5	-0.240	0.243	8.625	4.750
1428384035078	37.490733	139.927361	5	-0.037	0.153	9.322	4.750
1428384035179	37.490733	139.927355	5	0.222	-0.192	10.299	4.750
1428384035275	37.490734	139.927350	5	0.425	-0.254	10.208	4.750
1428384035375	37.490734	139.927344	5	0.527	0.102	9.219	4.750
1428384035476	37.490735	139.927339	5	0.538	0.125	9.211	4.750
1428384035577	37.490735	139.927333	5	0.327	0.020	9.898	4.750
1428384035678	37.490736	139.927327	5	-0.046	-0.105	9.775	4.750
1428384035778	37.490736	139.927322	5	-0.323	0.163	9.033	4.750
1428384035879	37.490737	139.927316	5	-0.293	0.398	9.150	4.750
1428384035975	37.490737	139.927311	5	-0.081	0.532	9.612	4.750
1428384036075	37.490738	139.927305	5	0.174	0.468	9.735	4.750
1428384036176	37.490738	139.927299	5	0.372	0.346	9.400	4.750
1428384036277	37.490739	139.927294	5	0.470	0.403	9.465	4.750
1428384036378	37.490739	139.927288	5	0.437	0.607	9.523	4.750
1428384036478	37.490739	139.927282	5	0.227	0.635	9.402	4.750
1428384036579	37.490739	139.927276	5	0.061	0.547	9.520	4.750
1428384036675	37.490739	139.927270	5	-0.064	0.514	9.507	4.750
1428384036775	37.490739	139.927264	5	-0.116	0.597	9.430	4.750
1428384036876	37.490740	139.927258	5	-0.114	0.590	9.400	4.750
1428384036977	37.490740	139.927252	5	-0.110	0.695	9.367	4.750
1428384037077	37.490740	139.927247	5	0.011	0.608	9.504	4.750
1428384037178	37.490740	139.927241	5	0.067	0.644	9.521	4.750
1428384037279	37.490740	139.927235	5	0.042	0.666	9.420	4.750
1428384037379	37.490738	139.927227	10	0.051	0.787	9.369	4.812
1428384037475	37.490735	139.927219	10	0.063	0.777	9.426	4.880
1428384037576	37.490732	139.927211	10	0.081	0.700	9.569	4.953
1428384037677	37.490730	139.927202	10	0.045	0.620	9.574	5.027
1428384037777	37.490727	139.927194	10	0.018	0.659	9.352	5.102
1428384037878	37.490724	139.927185	10	-0.012	0.763	9.368	5.178
1428384037979	37.490721	139.927176	10	-0.022	0.683	9.280	5.255
1428384038079	37.490718	139.927167	10	0.030	0.596	9.594	5.333
1428384038175	37.490715	139.927159	10	-0.021	0.462	9.801	5.408
1428384038276	37.490712	139.927149	10	-0.064	0.527	9.837	5.489
1428384038377	37.490712	139.927142	10	-0.023	0.800	9.070	5.521
1428384038477	37.490713	139.927135	10	-0.032	0.643	9.195	5.546
1428384038578	37.490713	139.927128	10	-0.103	0.450	9.713	5.571
1428384038679	37.490713	139.927121	10	-0.150	0.504	9.607	5.596
1428384038779	37.490713	139.927114	10	-0.097	0.694	9.406	5.621
1428384038875	37.490714	139.927107	10	-0.047	0.724	9.332	5.645
1428384038976	37.490714	139.927100	10	-0.168	0.663	8.670	5.670
1428384039076	37.490714	139.927093	10	-0.112	0.574	8.719	5.696
1428384039177	37.490715	139.927086	10	-0.072	0.445	9.405	5.721
1428384039278	37.490715	139.927079	10	-0.043	0.367	9.463	5.747
1428384039379	37.490716	139.927072	5	-0.080	0.056	9.854	5.772
1428384039479	37.490716	139.927066	5	-0.111	0.098	9.321	5.796
1428384039575	37.490717	139.927059	5	-0.056	0.187	8.796	5.820
1428384039676	37.490718	139.927053	5	0.114	-0.015	9.343	5.845
1428384039776	37.490719	139.927046	5	-0.039	0.067	9.507	5.870
1428384039877	37.490720	139.927040	5	-0.099	0.166	9.548	5.895
1428384039978	37.490720	139.927033	5	-0.080	0.341	9.382	5.921
1428384040078	37.490721	139.927026	5	-0.127	0.281	9.202	5.946
1428384040179	37.490722	139.927019	5	-0.154	0.073	9.351	5.972
1428384040275	37.490723	139.927013	5	0.008	0.128	9.612	5.996
1428384040376	37.490724	139.927006	4	0.086	0.192	9.512	6.021
1428384040476	37.490725	139.926999	4	-0.038	0.201	9.361	6.046
1428384040577	37.490726	139.926991	4	-0.073	0.079	9.467	6.071
1428384040678	37.490726	139.926984	4	-0.013	0.078	9.516	6.096
1428384040778	37.490727	139.926977	4	0.059	0.163	9.359	6.121
1428384040879	37.490728	139.926969	4	0.081	0.183	9.286	6.146
1428384040975	37.490729	139.926962	4	0.101	0.137	9.440	6.170
1428384041076	37.490730	139.926955	4	0.200	0.116	9.475	6.196
1428384041176	37.490731	139.926947	4	0.094	0.067	9.556	6.221
1428384041277	37.490732	139.926940	4	-0.092	-0.036	9.686	6.247
1428384041378	37.490733	139.926933	5	-0.291	0.104	9.368	6.250
1428384041478	37.490734	139.926927	5	-0.110	0.069	9.530	6.250
1428384041579	37.490735	139.926920	5	-0.010	0.049	9.515	6.250
1428384041675	37.490736	139.926914	5	0.155	0.103	9.487	6.250
1428384041775	37.490737	139.926908	5	0.318	0.208	9.708	6.250
1428384041876	37.490738	139.926902	5	0.145	0.331	9.387	6.250
1428384041977	37.490739	139.926895	5	-0.016	0.221	9.371	6.250
1428384042078	37.490740	139.926889	5	-0.142	0.289	9.376	6.250
1428384042178	37.490741	139.926882	5	-0.051	0.258	9.318	6.250
1428384042279	37.490742	139.926876	5	0.106	0.249	9.254	6.250
1428384042375	37.490743	139.926869	5	0.243	0.047	9.871	6.291
1428384042475	37.490744	139.926862	5	0.202	-0.063	10.091	6.340
1428384042576	37.490744	139.926854	5	0.178	0.095	9.520	6.389
1428384042677	37.490745	139.926847	5	0.101	0.209	9.051	6.439
1428384042777	37.490746	139.926839	5	0.011	0.163	9.217	6.489
1428384042878	37.490747	139.926832	5	0.069	0.148	9.538	6.539
1428384042979	37.490748	139.926824	5	0.181	0.285	9.514	6.590
1428384043075	37.490749	139.926817	5	0.165	0.246	9.455	6.639
1428384043175	37.490750	139.926809	5	0.168	0.042	9.689	6.691
1428384043276	37.490751	139.926801	5	0.103	-0.004	9.529	6.743
1428384043377	37.490752	139.926793	5	0.067	0.108	9.261	6.771
1428384043477	37.490752	139.926785	5	0.130	0.126	9.421	6.796
1428384043578	37.490753	139.926776	5	0.157	0.077	9.630	6.821
1428384043679	37.490753	139.926768	5	0.071	0.147	9.463	6.846
1428384043775	37.490754	139.926760	5	-0.005	0.150	9.401	6.870
1428384043875	37.490754	139.926751	5	0.005	0.086	9.497	6.895
1428384043976	37.490755	139.926743	5	0.023	0.044	9.487	6.921
1428384044077	37.490756	139.926734	5	0.005	0.073	9.412	6.946
1428384044177	37.490756	139.926726	5	0.044	0.044	9.548	6.971
1428384044278	37.490757	139.926717	5	-0.029	0.051	9.345	6.997
1428384044379	37.490757	139.926709	5	-0.090	0.035	9.307	7.022
1428384044479	37.490758	139.926700	5	-0.092	-0.004	9.624	7.047
1428384044575	37.490758	139.926692	5	-0.021	-0.016	9.657	7.070
1428384044676	37.490759	139.926684	5	0.003	0.000	9.450	7.095
1428384044777	37.490759	139.926675	5	-0.066	-0.009	9.438	7.121
1428384044877	37.490759	139.926667	5	-0.085	0.073	9.292	7.146
1428384044978	37.490760	139.926659	5	-0.032	0.093	9.339	7.171
1428384045079	37.490760	139.926650	5	-0.060	0.042	9.552	7.197
1428384045179	37.490761	139.926641	5	-0.075	-0.034	9.693	7.222
1428384045275	37.490761	139.926633	5	-0.043	0.024	9.367	7.246
1428384045376	37.490762	139.926625	5	-0.113	0.019	9.210	7.250
1428384045476	37.490764	139.926617	5	-0.129	-0.025	9.387	7.250
1428384045577	37.490766	139.926609	5	-0.130	0.012	9.512	7.250
1428384045678	37.490768	139.926601	5	-0.189	0.044	9.491	7.250
1428384045779	37.490769	139.926593	5	-0.155	0.005	9.514	7.250
1428384045879	37.490771	139.926585	5	-0.132	-0.009	9.409	7.250
1428384045975	37.490773	139.926578	5	-0.189	0.064	9.134	7.250
1428384046076	37.490774	139.926570	5	-0.286	0.112	9.099	7.250
1428384046176	37.490776	139.926562	5	-0.315	0.150	9.283	7.250
1428384046277	37.490778	139.926554	5	-0.313	0.027	9.264	7.250
1428384046378	37.490778	139.926546	5	-0.254	-0.129	9.630	7.250
1428384046478	37.490779	139.926538	5	0.068	-0.298	10.157	7.250
1428384046579	37.490779	139.926530	5	0.257	-0.138	9.501	7.250
1428384046675	37.490779	139.926522	5	0.165	0.119	8.659	7.250
1428384046776	37.490779	139.926514	5	0.349	0.051	9.204	7.250
1428384046876	37.490780	139.926506	5	0.605	-0.079	10.292	7.250
1428384046977	37.490780	139.926498	5	0.800	0.013	10.205	7.250
1428384047078	37.490780	139.926490	5	0.894	0.104	9.365	7.250
1428384047178	37.490781	139.926482	5	0.960	0.005	9.055	7.250
1428384047279	37.490781	139.926474	5	0.851	-0.071	9.523	7.250
1428384047375	37.490781	139.926466	5	0.787	0.073	9.828	7.271
1428384047475	37.490781	139.926458	5	0.797	0.154	9.635	7.296
1428384047576	37.490781	139.926449	5	0.663	0.007	9.312	7.321
1428384047677	37.490781	139.926441	5	0.541	-0.130	9.494	7.346
1428384047778	37.490781	139.926432	5	0.472	-0.069	9.586	7.371
1428384047878	37.490782	139.926424	5	0.319	0.064	9.319	7.396
1428384047979	37.490782	139.926415	5	0.188	0.011	9.282	7.421
1428384048075	37.490782	139.926407	5	0.255	-0.024	9.477	7.446
1428384048175	37.490782	139.926399	5	0.375	-0.023	9.494	7.471
1428384048276	37.490782	139.926390	5	0.499	-0.019	9.396	7.496
1428384048377	37.490782	139.926381	5	0.462	-0.014	9.298	7.500
1428384048478	37.490781	139.926372	5	0.429	0.044	9.234	7.500
1428384048578	37.490781	139.926364	5	0.531	-0.024	9.375	7.500
1428384048679	37.490780	139.926355	5	0.702	-0.037	9.504	7.500
1428384048775	37.490780	139.926346	5	0.895	-0.078	9.638	7.500
1428384048875	37.490780	139.926338	5	0.962	-0.080	9.462	7.500
1428384048976	37.490779	139.926329	5	0.844	-0.076	9.307	7.500
1428384049077	37.490779	139.926320	5	0.778	-0.059	9.324	7.500
1428384049177	37.490778	139.926311	5	0.777	-0.047	9.412	7.500
1428384049278	37.490778	139.926302	5	0.768	0.001	9.296	7.500
1428384049379	37.490778	139.926294	5	0.555	-0.122	9.672	7.477
1428384049475	37.490779	139.926285	5	0.401	-0.159	9.587	7.453
1428384049575	37.490779	139.926277	5	0.212	-0.147	9.488	7.428
1428384049676	37.490780	139.926269	5	0.105	-0.112	9.554	7.402
1428384049777	37.490780	139.926260	5	0.076	-0.112	9.452	7.377
1428384049877	37.490781	139.926252	5	0.100	0.025	9.486	7.352
1428384049978	37.490781	139.926244	5	0.115	0.102	9.470	7.327
1428384050079	37.490782	139.926235	5	0.074	0.073	9.516	7.302
1428384050180	37.490782	139.926227	5	0.010	0.029	9.367	7.277
1428384050275	37.490783	139.926219	5	-0.045	0.109	9.337	7.254
1428384050376	37.490783	139.926211	5	-0.031	0.119	9.277	7.228
1428384050477	37.490783	139.926203	5	-0.091	-0.102	9.782	7.203
1428384050577	37.490783	139.926195	5	-0.097	-0.090	9.755	7.177
1428384050678	37.490783	139.926187	5	-0.083	-0.010	9.495	7.152
1428384050779	37.490783	139.926180	5	-0.044	0.061	9.297	7.127
1428384050879	37.490784	139.926172	5	0.036	0.012	9.438	7.102
1428384050975	37.490784	139.926164	5	0.071	0.103	9.680	7.078
1428384051076	37.490784	139.926156	5	-0.105	0.156	9.470	7.053
1428384051177	37.490784	139.926149	5	-0.251	0.105	9.454	7.028
1428384051277	37.490784	139.926141	5	-0.219	0.045	9.488	7.003
1428384051378	37.490785	139.926133	5	-0.263	0.122	9.169	7.000
1428384051479	37.490785	139.926125	5	-0.156	0.106	9.355	7.000
1428384051579	37.490786	139.926117	5	-0.056	0.145	9.497	7.000
1428384051675	37.490786	139.926110	5	0.130	0.100	9.539	7.000
1428384051776	37.490787	139.926102	5	0.038	0.140	9.439	7.000
1428384051876	37.490788	139.926094	5	-0.072	0.179	9.285	7.000
1428384051977	37.490788	139.926086	5	-0.258	0.053	9.617	7.000
1428384052078	37.490789	139.926078	5	-0.311	-0.146	9.911	7.000
1428384052179	37.490789	139.926070	5	-0.171	-0.001	9.631	7.000
1428384052279	37.490790	139.926062	5	-0.110	0.208	9.154	7.000
1428384052375	37.490788	139.926051	11	-0.118	0.110	9.288	7.021
1428384052476	37.490787	139.926040	11	-0.124	0.124	9.580	7.046
1428384052576	37.490785	139.926028	11	-0.223	0.244	9.716	7.071
1428384052677	37.490783	139.926017	11	-0.291	0.144	9.471	7.096
1428384052778	37.490781	139.926005	11	-0.201	0.067	9.265	7.121
1428384052879	37.490779	139.925993	11	0.073	0.230	8.986	7.146
1428384052979	37.490777	139.925982	11	0.144	0.037	9.555	7.171
1428384053075	37.490775	139.925970	11	0.077	-0.139	10.110	7.196
1428384053176	37.490773	139.925958	11	-0.030	-0.026	9.663	7.221
1428384053276	37.490771	139.925947	11	-0.059	0.081	9.058	7.246
1428384053377	37.490771	139.925935	11	0.016	0.009	9.133	7.271
1428384053478	37.490771	139.925923	11	0.071	-0.037	9.717	7.296
1428384053578	37.490771	139.925912	11	-0.039	0.040	9.824	7.321
1428384053679	37.490771	139.925900	11	-0.132	0.048	9.493	7.346
1428384053775	37.490771	139.925889	11	-0.118	0.061	9.318	7.370
1428384053875	37.490770	139.925878	11	0.073	0.095	9.183	7.395
1428384053976	37.490770	139.925866	11	0.004	0.065	9.536	7.421
1428384054077	37.490770	139.925854	11	-0.074	-0.048	9.818	7.446
1428384054178	37.490770	139.925842	11	-0.163	0.013	9.439	7.472
1428384054278	37.490770	139.925830	11	-0.186	-0.049	9.277	7.497
1428384054379	37.490771	139.925822	8	-0.132	0.055	9.293	7.477
1428384054475	37.490772	139.925814	8	-0.170	0.048	9.385	7.453
1428384054575	37.490774	139.925805	8	-0.199	0.037	9.706	7.428
1428384054676	37.490775	139.925797	8	-0.272	0.002	9.610	7.402
1428384054778	37.490776	139.925789	8	-0.269	0.027	9.481	7.377
1428384054878	37.490778	139.925780	8	-0.247	0.063	9.292	7.352
1428384054978	37.490779	139.925772	8	-0.181	0.015	9.554	7.327
1428384055079	37.490780	139.925764	8	-0.121	0.030	9.601	7.302
1428384055175	37.490782	139.925756	8	-0.113	0.116	9.268	7.278
1428384055275	37.490783	139.925748	8	-0.064	0.109	9.308	7.254
1428384055376	37.490785	139.925739	6	-0.027	0.038	9.403	7.312
1428384055477	37.490787	139.925729	6	-0.154	0.043	9.439	7.385
1428384055577	37.490789	139.925720	6	-0.234	0.002	9.569	7.458
1428384055678	37.490791	139.925710	6	-0.239	0.005	9.546	7.532
1428384055779	37.490793	139.925700	6	-0.288	0.023	9.425	7.608
1428384055875	37.490795	139.925691	6	-0.343	0.086	9.047	7.680
1428384055975	37.490797	139.925681	6	-0.433	0.021	9.516	7.756
1428384056076	37.490799	139.925671	6	-0.246	0.097	9.719	7.833
1428384056177	37.490802	139.925661	6	-0.276	0.127	9.506	7.912
1428384056277	37.490804	139.925650	6	-0.242	0.103	9.358	7.990
1428384056378	37.490806	139.925642	6	-0.166	0.163	8.883	7.978
1428384056479	37.490807	139.925635	6	-0.127	0.027	9.641	7.952
1428384056580	37.490809	139.925627	6	0.002	-0.197	10.455	7.927
1428384056675	37.490811	139.925620	6	0.032	-0.064	9.904	7.903
1428384056776	37.490813	139.925613	6	0.093	0.102	9.086	7.878
1428384056877	37.490815	139.925605	6	0.218	0.164	8.940	7.852
1428384056977	37.490816	139.925598	6	0.189	0.156	9.399	7.827
1428384057078	37.490818	139.925590	6	0.016	0.057	9.977	7.802
1428384057179	37.490820	139.925583	6	-0.104	0.126	9.408	7.777
1428384057279	37.490822	139.925576	6	-0.056	-0.003	9.113	7.753
1428384057375	37.490823	139.925568	6	-0.085	-0.022	9.471	7.750
1428384057476	37.490825	139.925559	6	0.031	0.073	9.586	7.750
1428384057577	37.490826	139.925550	6	0.115	0.123	9.548	7.750
1428384057677	37.490827	139.925541	6	-0.066	-0.018	9.516	7.750
1428384057778	37.490829	139.925533	6	-0.163	-0.100	9.496	7.750
1428384057879	37.490830	139.925524	6	-0.329	-0.186	9.499	7.750
1428384057979	37.490832	139.925515	6	-0.457	-0.204	9.554	7.750
1428384058075	37.490833	139.925507	6	-0.489	-0.091	9.288	7.750
1428384058176	37.490834	139.925498	6	-0.436	-0.046	9.271	7.750
1428384058276	37.490836	139.925489	6	-0.456	-0.093	9.396	7.750
1428384058377	37.490837	139.925481	5	-0.294	-0.096	9.542	7.728
1428384058478	37.490837	139.925473	5	-0.119	-0.120	9.824	7.702
1428384058579	37.490838	139.925465	5	-0.250	-0.172	9.359	7.677
1428384058679	37.490838	139.925458	5	-0.018	-0.184	9.238	7.652
1428384058775	37.490839	139.925450	5	0.125	-0.205	9.354	7.628
1428384058876	37.490840	139.925443	5	-0.007	-0.249	9.466	7.603
1428384058976	37.490840	139.925435	5	-0.048	-0.224	9.633	7.578
1428384059077	37.490841	139.925427	5	0.039	-0.284	9.693	7.553
1428384059178	37.490841	139.925420	5	-0.193	-0.232	9.338	7.528
1428384059279	37.490842	139.925412	5	-0.251	-0.200	9.311	7.503
1428384059379	37.490843	139.925403	5	-0.217	-0.148	9.404	7.477
1428384059475	37.490844	139.925395	5	-0.294	-0.194	9.522	7.453
1428384059576	37.490845	139.925387	5	-0.306	-0.176	9.535	7.428
1428384059676	37.490847	139.925378	5	-0.148	-0.144	9.424	7.402
1428384059777	37.490848	139.925370	5	-0.112	-0.208	9.418	7.377
1428384059878	37.490849	139.925361	5	-0.088	-0.233	9.524	7.352
1428384059978	37.490850	139.925353	5	-0.015	-0.164	9.619	7.327
1428384060079	37.490851	139.925344	5	-0.007	-0.095	9.328	7.302
1428384060175	37.490853	139.925337	5	0.014	-0.136	9.368	7.278
1428384060275	37.490854	139.925328	5	0.054	-0.173	9.585	7.254
1428384060376	37.490855	139.925320	5	0.058	-0.160	9.556	7.228
1428384060477	37.490856	139.925312	5	0.046	-0.158	9.438	7.203
1428384060578	37.490857	139.925304	5	0.062	-0.184	9.466	7.177
1428384060678	37.490858	139.925296	5	0.104	-0.151	9.459	7.152
1428384060779	37.490859	139.925288	5	0.152	-0.140	9.479	7.127
1428384060875	37.490860	139.925280	5	0.153	-0.183	9.517	7.103
1428384060975	37.490862	139.925273	5	0.188	-0.148	9.493	7.078
1428384061076	37.490863	139.925265	5	0.169	-0.053	9.155	7.053
1428384061177	37.490864	139.925257	5	0.070	-0.158	9.328	7.028
1428384061278	37.490865	139.925249	5	-0.008	-0.185	9.716	7.003
1428384061378	37.490866	139.925241	5	0.229	-0.292	10.028	7.000
1428384061479	37.490867	139.925234	5	0.364	-0.170	9.628	7.000
1428384061575	37.490868	139.925227	5	0.488	-0.035	9.140	7.000
1428384061675	37.490868	139.925220	5	0.335	-0.148	9.433	7.000
1428384061776	37.490869	139.925212	5	0.233	-0.139	9.738	7.000
1428384061877	37.490870	139.925205	5	0.027	0.026	9.431	7.000
1428384061977	37.490871	139.925197	5	0.042	0.055	9.387	7.000
1428384062078	37.490872	139.925190	5	0.097	-0.057	9.329	7.000
1428384062179	37.490873	139.925182	5	0.114	-0.070	9.467	7.000
1428384062275	37.490874	139.925175	5	0.180	-0.034	9.535	7.000
1428384062375	37.490874	139.925168	6	0.158	0.042	9.574	6.978
1428384062476	37.490875	139.925160	6	-0.024	-0.001	9.380	6.953
1428384062577	37.490875	139.925153	6	-0.110	-0.071	9.406	6.927
1428384062677	37.490876	139.925145	6	-0.062	-0.009	9.550	6.902
1428384062778	37.490876	139.925138	6	-0.044	0.060	9.370	6.877
1428384062879	37.490876	139.925131	6	-0.002	0.032	9.416	6.852
1428384062979	37.490877	139.925123	6	0.081	0.025	9.518	6.827
1428384063075	37.490877	139.925116	6	0.070	0.072	9.307	6.803
1428384063176	37.490878	139.925109	6	0.085	0.016	9.453	6.778
1428384063277	37.490878	139.925102	6	0.041	0.003	9.434	6.753
1428384063377	37.490877	139.925094	6	0.087	0.017	9.472	6.771
1428384063478	37.490876	139.925085	6	0.049	0.156	9.217	6.796
1428384063579	37.490875	139.925077	6	-0.118	-0.042	9.580	6.821
1428384063679	37.490875	139.925068	6	-0.070	-0.164	9.913	6.846
1428384063775	37.490874	139.925060	6	-0.002	-0.013	9.516	6.870
1428384063876	37.490873	139.925052	6	-0.019	0.022	9.264	6.895
1428384063976	37.490872	139.925043	6	-0.128	-0.067	9.144	6.921
1428384064077	37.490871	139.925034	6	-0.096	0.159	9.181	6.946
1428384064178	37.490870	139.925026	6	0.004	0.132	9.686	6.972
1428384064279	37.490869	139.925017	6	-0.008	0.175	9.415	6.997
1428384064379	37.490870	139.925010	6	0.021	0.118	9.210	7.000
1428384064475	37.490870	139.925003	6	-0.005	-0.052	9.487	7.000
1428384064576	37.490871	139.924996	6	-0.066	-0.029	9.218	7.000
1428384064676	37.490872	139.924989	6	0.085	0.003	9.448	7.000
1428384064777	37.490873	139.924981	6	0.114	-0.100	10.097	7.000
1428384064878	37.490874	139.924974	6	0.143	-0.222	10.172	7.000
1428384064979	37.490875	139.924967	6	0.217	0.036	9.609	7.000
1428384065079	37.490875	139.924960	6	0.145	0.388	8.562	7.000
1428384065175	37.490876	139.924953	6	0.015	0.276	9.061	7.000
1428384065276	37.490877	139.924946	6	-0.007	0.145	9.933	7.000
1428384065376	37.490878	139.924938	5	-0.007	0.179	9.946	6.978
1428384065477	37.490879	139.924931	5	0.033	0.271	9.182	6.953
1428384065578	37.490880	139.924923	5	0.026	-0.058	9.068	6.927
1428384065678	37.490881	139.924916	5	0.075	-0.218	9.615	6.902
1428384065779	37.490881	139.924908	5	0.133	0.062	9.547	6.877
1428384065875	37.490882	139.924901	5	-0.007	0.232	9.444	6.853
1428384065976	37.490883	139.924893	5	-0.034	0.149	9.353	6.828
1428384066076	37.490884	139.924886	5	-0.000	0.030	9.429	6.803
1428384066177	37.490885	139.924878	5	0.043	0.060	9.600	6.778
1428384066278	37.490886	139.924871	5	0.029	0.231	9.331	6.753
1428384066378	37.490887	139.924863	4	-0.007	0.276	8.910	6.750
1428384066479	37.490888	139.924855	4	0.023	0.112	9.499	6.750
1428384066575	37.490888	139.924848	4	0.115	0.045	9.694	6.750
1428384066676	37.490889	139.924840	4	0.040	0.090	9.484	6.750
1428384066776	37.490890	139.924832	4	-0.117	0.031	9.518	6.750
1428384066877	37.490891	139.924824	4	-0.213	-0.080	9.720	6.750
1428384066978	37.490891	139.924816	4	-0.206	0.063	9.326	6.750
1428384067078	37.490892	139.924809	4	-0.150	0.333	9.016	6.750
1428384067179	37.490893	139.924801	4	-0.021	0.327	9.209	6.750
1428384067275	37.490894	139.924793	4	0.056	0.171	9.747	6.750
1428384067375	37.490895	139.924786	5	-0.024	0.144	9.789	6.771
1428384067476	37.490897	139.924779	5	-0.038	0.213	9.380	6.796
1428384067577	37.490899	139.924771	5	0.063	0.135	9.264	6.821
1428384067678	37.490901	139.924764	5	-0.029	0.183	8.947	6.846
1428384067778	37.490902	139.924757	5	0.047	0.095	9.731	6.871
1428384067879	37.490904	139.924749	5	0.139	0.060	10.102	6.896
1428384067975	37.490906	139.924742	5	0.205	0.141	9.602	6.920
1428384068075	37.490907	139.924735	5	0.115	0.259	8.937	6.945
1428384068176	37.490909	139.924727	5	0.064	0.128	9.190	6.971
1428384068277	37.490911	139.924720	5	0.034	0.072	9.784	6.997
1428384068377	37.490912	139.924712	5	-0.107	0.299	9.620	7.000
1428384068478	37.490913	139.924704	5	-0.093	0.328	9.538	7.000
1428384068579	37.490914	139.924696	5	-0.031	0.223	9.376	7.000
1428384068680	37.490915	139.924688	5	0.007	0.214	9.421	7.000
1428384068775	37.490916	139.924681	5	-0.009	0.420	9.393	7.000
1428384068876	37.490917	139.924673	5	-0.048	0.442	9.538	7.000
1428384068977	37.490918	139.924665	5	0.017	0.513	9.501	7.000
1428384069077	37.490919	139.924657	5	0.090	0.388	9.652	7.000
1428384069178	37.490920	139.924649	5	0.113	0.424	9.364	7.000
1428384069279	37.490921	139.924641	5	0.059	0.426	9.129	7.000
1428384069379	37.490922	139.924633	5	0.057	0.367	9.474	7.043
1428384069475	37.490924	139.924625	5	0.026	0.280	9.578	7.090
1428384069576	37.490925	139.924616	5	0.036	0.333	9.431	7.139
1428384069677	37.490927	139.924608	5	-0.026	0.298	9.350	7.189
1428384069777	37.490928	139.924599	5	-0.026	0.231	9.562	7.239
1428384069878	37.490930	139.924591	5	-0.037	0.201	9.607	7.290
1428384069979	37.490931	139.924582	5	-0.149	0.393	9.061	7.341
1428384070079	37.490933	139.924573	5	-0.065	0.350	9.210	7.392
1428384070175	37.490934	139.924565	5	-0.012	0.205	9.678	7.441
1428384070276	37.490936	139.924556	5	-0.092	0.235	9.564	7.493
1428384070376	37.490937	139.924548	5	0.085	0.325	9.623	7.521
1428384070477	37.490938	139.924539	5	0.055	0.263	9.379	7.546
1428384070578	37.490939	139.924530	5	0.003	0.343	9.329	7.571
1428384070679	37.490941	139.924521	5	0.051	0.356	9.597	7.596
1428384070779	37.490942	139.924513	5	0.090	0.324	9.534	7.621
1428384070875	37.490943	139.924504	5	0.029	0.341	9.414	7.645
1428384070976	37.490944	139.924496	5	0.220	0.367	9.278	7.671
1428384071076	37.490945	139.924487	5	0.224	0.215	9.559	7.696
1428384071177	37.490947	139.924478	5	0.111	0.244	9.562	7.721
1428384071278	37.490948	139.924469	5	0.123	0.217	9.674	7.747
1428384071379	37.490949	139.924461	5	0.076	0.213	9.486	7.750
1428384071479	37.490951	139.924452	5	-0.008	0.220	9.366	7.750
1428384071575	37.490952	139.924444	5	-0.112	0.327	9.189	7.750
1428384071676	37.490954	139.924436	5	-0.206	0.172	9.728	7.750
1428384071776	37.490955	139.924428	5	-0.199	0.103	9.729	7.750
1428384071877	37.490957	139.924419	5	-0.301	0.213	9.453	7.750
1428384071978	37.490958	139.924411	5	-0.276	0.220	9.473	7.750
1428384072078	37.490960	139.924403	5	-0.369	0.109	9.412	7.750
1428384072179	37.490961	139.924394	5	-0.291	0.103	9.771	7.750
1428384072275	37.490963	139.924386	5	-0.229	0.117	9.784	7.750
1428384072376	37.490965	139.924378	5	-0.289	0.153	9.437	7.750
1428384072476	37.490967	139.924370	5	-0.173	0.173	9.342	7.750
1428384072577	37.490968	139.924361	5	-0.097	0.206	9.498	7.750
1428384072678	37.490970	139.924353	5	-0.119	0.174	9.587	7.750
1428384072778	37.490972	139.924344	5	-0.145	0.153	9.542	7.750
1428384072879	37.490974	139.924336	5	-0.163	0.099	9.161	7.750
1428384072975	37.490976	139.924328	5	-0.255	0.051	9.346	7.750
1428384073076	37.490978	139.924320	5	-0.330	0.005	9.610	7.750
1428384073176	37.490980	139.924311	5	-0.338	-0.036	9.746	7.750
1428384073277	37.490982	139.924303	5	-0.317	0.044	9.441	7.750
1428384073378	37.490983	139.924294	5	-0.417	0.091	9.180	7.772
1428384073478	37.490984	139.924284	5	-0.360	0.231	9.000	7.796
1428384073579	37.490985	139.924275	5	-0.374	-0.016	9.482	7.821
1428384073675	37.490985	139.924265	5	-0.408	-0.188	10.162	7.845
1428384073776	37.490986	139.924256	5	-0.466	-0.138	9.811	7.871
1428384073876	37.490987	139.924246	5	-0.402	0.045	9.055	7.896
1428384073977	37.490988	139.924236	5	-0.321	0.110	8.807	7.921
1428384074077	37.490989	139.924227	5	-0.310	0.008	9.393	7.946
1428384074178	37.490990	139.924217	5	-0.208	0.112	9.809	7.972
1428384074279	37.490991	139.924207	5	-0.077	0.133	9.364	7.997
1428384074375	37.490991	139.924199	6	0.033	0.007	9.128	8.000
1428384074475	37.490992	139.924190	6	0.074	-0.149	9.486	8.000
1428384074576	37.490992	139.924182	6	0.128	-0.005	9.648	8.000
1428384074677	37.490993	139.924173	6	0.019	0.122	9.603	8.000
1428384074777	37.490993	139.924165	6	-0.117	0.035	9.457	8.000
1428384074878	37.490994	139.924156	6	-0.129	0.014	9.674	8.000
1428384074979	37.490994	139.924147	6	-0.153	0.064	9.562	8.000
1428384075075	37.490995	139.924139	6	-0.231	0.151	9.475	8.000
1428384075175	37.490995	139.924131	6	-0.339	0.183	9.459	8.000
1428384075276	37.490996	139.924122	6	-0.387	0.183	9.495	8.000
1428384075377	37.490997	139.924114	6	-0.377	0.160	9.581	8.000
1428384075477	37.490998	139.924105	6	-0.240	0.120	9.582	8.000
1428384075578	37.490999	139.924097	6	-0.195	0.111	9.514	8.000
1428384075679	37.491001	139.924088	6	-0.178	0.146	9.262	8.000
1428384075779	37.491002	139.924080	6	-0.160	0.143	9.492	8.000
1428384075875	37.491003	139.924072	6	-0.180	0.140	9.420	8.000
1428384075976	37.491004	139.924063	6	-0.164	0.148	9.410	8.000
1428384076077	37.491005	139.924055	6	-0.266	0.043	9.503	8.000
1428384076177	37.491007	139.924046	6	-0.305	-0.123	9.704	8.000
1428384076278	37.491008	139.924038	6	-0.197	-0.090	9.628	8.000
1428384076379	37.491008	139.924029	6	-0.155	0.065	9.272	8.000
1428384076479	37.491008	139.924021	6	-0.172	0.039	9.331	8.000
1428384076575	37.491007	139.924012	6	-0.161	0.083	9.584	8.000
1428384076676	37.491007	139.924003	6	-0.153	0.112	9.692	8.000
1428384076776	37.491007	139.923995	6	-0.048	0.117	9.417	8.000
1428384076877	37.491007	139.923986	6	0.030	0.076	9.393	8.000
1428384076978	37.491007	139.923977	6	0.011	0.016	9.516	8.000
1428384077079	37.491006	139.923968	6	0.042	-0.026	9.557	8.000
1428384077179	37.491006	139.923960	6	-0.012	0.040	9.508	8.000
1428384077275	37.491006	139.923951	6	0.023	0.122	9.310	8.000
1428384077376	37.491007	139.923942	6	0.045	0.069	9.335	8.000
1428384077476	37.491008	139.923932	6	0.033	0.051	9.623	8.000
1428384077577	37.491009	139.923922	6	-0.113	-0.027	9.684	8.000
1428384077678	37.491011	139.923913	6	-0.255	0.105	9.239	8.000
1428384077779	37.491012	139.923903	6	-0.240	0.159	9.274	8.000
1428384077879	37.491013	139.923893	6	-0.193	-0.004	9.913	8.000
1428384077975	37.491014	139.923884	6	-0.260	0.125	9.463	8.000
1428384078076	37.491015	139.923875	6	-0.307	0.422	8.784	8.000
1428384078176	37.491017	139.923865	6	-0.312	0.201	9.303	8.000
1428384078277	37.491018	139.923855	6	-0.247	0.000	10.082	8.000
1428384078378	37.491019	139.923846	5	-0.077	0.275	9.572	8.000
1428384078478	37.491020	139.923837	5	-0.190	0.294	8.978	8.000
1428384078579	37.491021	139.923828	5	-0.403	0.295	8.725	8.000
1428384078675	37.491021	139.923819	5	-0.334	0.226	9.633	8.000
1428384078776	37.491022	139.923810	5	-0.355	0.083	10.234	8.000
1428384078876	37.491023	139.923801	5	-0.336	0.042	9.673	8.000
1428384078977	37.491024	139.923791	5	-0.309	0.060	9.383	8.000
1428384079078	37.491025	139.923782	5	-0.435	0.113	9.121	8.000
1428384079178	37.491026	139.923773	5	-0.476	0.236	9.488	8.000
1428384079279	37.491027	139.923764	5	-0.488	0.286	9.600	8.000
1428384079375	37.491028	139.923755	5	-0.419	0.235	9.381	8.021
1428384079475	37.491028	139.923745	5	-0.340	0.194	9.300	8.046
1428384079576	37.491029	139.923736	5	-0.344	0.108	9.385	8.071
1428384079677	37.491030	139.923726	5	-0.402	0.125	9.336	8.096
1428384079778	37.491030	139.923717	5	-0.350	0.117	9.601	8.121
1428384079878	37.491031	139.923707	5	-0.430	0.090	9.427	8.146
1428384079979	37.491032	139.923697	5	-0.446	0.055	9.533	8.171
1428384080075	37.491032	139.923688	5	-0.351	0.061	9.586	8.196
1428384080175	37.491033	139.923678	5	-0.587	0.200	9.066	8.221
1428384080276	37.491034	139.923668	5	-0.535	0.108	9.441	8.246
1428384080377	37.491035	139.923659	5	-0.327	0.037	9.580	8.250
1428384080478	37.491037	139.923649	5	-0.321	0.010	9.457	8.250
1428384080578	37.491039	139.923639	5	-0.267	-0.034	9.204	8.250
1428384080679	37.491040	139.923630	5	-0.184	-0.005	9.385	8.250
1428384080775	37.491042	139.923620	5	-0.245	-0.021	9.636	8.250
1428384080875	37.491043	139.923611	5	-0.184	0.125	9.219	8.250
1428384080976	37.491045	139.923601	5	-0.119	0.059	9.260	8.250
1428384081077	37.491047	139.923591	5	0.178	0.128	9.163	8.250
1428384081177	37.491048	139.923582	5	-0.171	-0.053	9.767	8.250
1428384081278	37.491050	139.923572	5	-0.274	-0.131	9.813	8.250
1428384081379	37.491050	139.923563	5	-0.319	-0.007	9.430	8.227
1428384081475	37.491051	139.923554	5	-0.253	0.114	9.145	8.203
1428384081575	37.491051	139.923544	5	-0.285	-0.114	9.626	8.178
1428384081676	37.491052	139.923535	5	-0.204	-0.207	10.146	8.153
1428384081777	37.491052	139.923525	5	-0.133	-0.122	9.688	8.127
1428384081877	37.491053	139.923516	5	-0.076	-0.041	9.255	8.102
1428384081978	37.491053	139.923507	5	-0.134	0.228	8.636	8.077
1428384082079	37.491054	139.923497	5	-0.033	0.129	9.397	8.052
1428384082179	37.491054	139.923488	5	-0.007	-0.120	10.319	8.027
1428384082275	37.491055	139.923479	5	-0.193	-0.013	9.579	8.004
1428384082376	37.491056	139.923470	5	-0.158	0.109	8.872	8.000
1428384082477	37.491058	139.923461	5	-0.246	0.013	9.007	8.000
1428384082577	37.491059	139.923452	5	-0.350	-0.075	9.674	8.000
1428384082678	37.491061	139.923443	5	-0.214	0.022	9.982	8.000
1428384082779	37.491062	139.923434	5	-0.335	-0.026	9.456	8.000
1428384082879	37.491064	139.923426	5	-0.434	0.002	9.288	8.000
1428384082975	37.491065	139.923417	5	-0.335	0.170	9.283	8.000
1428384083076	37.491067	139.923408	5	-0.213	0.319	9.314	8.000
1428384083176	37.491068	139.923399	5	-0.091	0.209	9.690	8.000
1428384083277	37.491070	139.923390	5	0.207	-0.076	9.932	8.000
1428384083379	37.491070	139.923381	5	0.156	-0.034	9.667	8.022
1428384083479	37.491069	139.923372	5	0.198	0.094	9.217	8.047
1428384083579	37.491069	139.923363	5	0.050	0.067	9.574	8.071
1428384083675	37.491068	139.923354	5	-0.056	0.231	9.674	8.095
1428384083776	37.491068	139.923345	5	0.010	0.286	9.542	8.121
1428384083876	37.491068	139.923335	5	0.126	0.483	8.915	8.146
1428384083977	37.491067	139.923326	5	0.159	0.196	9.547	8.171
1428384084078	37.491067	139.923317	5	-0.023	0.053	10.138	8.196
1428384084179	37.491066	139.923307	5	0.100	0.253	9.593	8.222
1428384084279	37.491066	139.923298	5	0.371	0.393	8.796	8.247
1428384084375	37.491066	139.923289	5	0.330	0.226	9.249	8.250
1428384084476	37.491067	139.923280	5	0.174	0.204	9.759	8.250
1428384084576	37.491067	139.923270	5	0.192	0.278	9.833	8.250
1428384084677	37.491068	139.923261	5	0.117	0.261	9.065	8.250
1428384084778	37.491068	139.923251	5	-0.000	0.177	9.146	8.250
1428384084878	37.491069	139.923242	5	-0.093	0.092	9.591	8.250
1428384084979	37.491069	139.923232	5	-0.171	0.151	9.518	8.250
1428384085075	37.491070	139.923223	5	-0.286	0.184	9.240	8.250
1428384085175	37.491070	139.923214	5	-0.184	0.101	9.238	8.250
1428384085276	37.491071	139.923204	5	-0.047	0.114	9.510	8.250
1428384085377	37.491073	139.923195	5	0.035	0.158	9.593	8.271
1428384085478	37.491075	139.923185	5	0.081	0.142	9.474	8.296
1428384085578	37.491077	139.923176	5	0.062	0.134	9.409	8.321
1428384085679	37.491079	139.923166	5	-0.007	0.110	9.443	8.346
1428384085775	37.491081	139.923157	5	-0.013	0.186	9.410	8.370
1428384085875	37.491083	139.923147	5	-0.034	0.243	9.359	8.395
1428384085976	37.491085	139.923137	5	-0.113	0.165	9.571	8.421
1428384086077	37.491087	139.923128	5	-0.136	0.137	9.577	8.446
1428384086178	37.491089	139.923118	5	-0.197	0.297	9.086	8.472
1428384086278	37.491091	139.923108	5	-0.087	0.190	9.429	8.497
1428384086379	37.491093	139.923099	5	-0.037	0.100	9.795	8.500
1428384086475	37.491094	139.923090	5	-0.043	0.148	9.481	8.500
1428384086575	37.491096	139.923080	5	0.090	0.098	9.389	8.500
1428384086676	37.491098	139.923071	5	0.185	0.017	9.390	8.500
1428384086777	37.491100	139.923062	5	0.304	0.005	9.527	8.500
1428384086878	37.491102	139.923052	5	0.466	-0.053	9.859	8.500
1428384086978	37.491103	139.923043	5	0.440	0.129	9.367	8.500
1428384087079	37.491105	139.923034	5	0.306	-0.006	9.308	8.500
1428384087175	37.491107	139.923025	5	0.228	-0.131	9.563	8.500
1428384087275	37.491109	139.923015	5	0.186	-0.164	9.677	8.500
1428384087376	37.491110	139.923006	4	0.157	-0.200	9.290	8.478
1428384087477	37.491110	139.922996	4	0.142	-0.262	9.388	8.453
1428384087577	37.491111	139.922987	4	0.081	-0.304	9.501	8.427
1428384087678	37.491112	139.922978	4	0.021	-0.245	9.450	8.402
1428384087779	37.491112	139.922968	4	0.008	-0.236	9.319	8.377
1428384087875	37.491113	139.922959	4	0.001	-0.265	9.380	8.353
1428384087975	37.491114	139.922950	4	0.016	-0.201	9.150	8.328
1428384088076	37.491115	139.922941	4	0.094	-0.242	9.529	8.303
1428384088177	37.491115	139.922931	4	0.107	-0.317	9.670	8.278
1428384088277	37.491116	139.922922	4	0.153	-0.210	9.397	8.253
1428384088378	37.491117	139.922913	5	0.181	-0.158	9.230	8.228
1428384088479	37.491117	139.922904	5	0.163	-0.142	9.373	8.202
1428384088579	37.491118	139.922896	5	0.223	-0.102	9.616	8.177
1428384088675	37.491118	139.922887	5	0.196	-0.007	9.426	8.153
1428384088776	37.491119	139.922878	5	0.022	0.043	9.332	8.128
1428384088877	37.491120	139.922870	5	0.049	-0.017	9.621	8.102
1428384088977	37.491120	139.922861	5	-0.039	0.057	9.630	8.077
1428384089078	37.491121	139.922852	5	-0.136	0.174	9.319	8.052
1428384089179	37.491121	139.922844	5	-0.050	0.121	9.384	8.027
1428384089279	37.491122	139.922835	5	-0.062	0.081	9.407	8.003
1428384089375	37.491124	139.922826	6	-0.084	0.021	9.528	8.000
1428384089476	37.491126	139.922817	6	-0.090	0.044	9.320	8.000
1428384089576	37.491129	139.922808	6	-0.058	0.022	9.258	8.000
1428384089677	37.491131	139.922798	6	0.018	-0.061	9.476	8.000
1428384089778	37.491133	139.922789	6	0.156	-0.118	9.596	8.000
1428384089879	37.491136	139.922780	6	0.207	-0.010	9.348	8.000
1428384089979	37.491138	139.922771	6	0.255	-0.002	9.359	8.000
1428384090075	37.491140	139.922762	6	0.360	-0.004	9.560	8.000
1428384090176	37.491142	139.922752	6	0.353	0.066	9.659	8.000
1428384090276	37.491145	139.922743	6	0.371	0.129	9.356	8.000
1428384090377	37.491146	139.922734	6	0.399	0.171	9.327	8.021
1428384090478	37.491148	139.922725	6	0.331	0.128	9.458	8.046
1428384090579	37.491149	139.922716	6	0.393	0.157	9.579	8.071
1428384090679	37.491150	139.922707	6	0.430	0.200	9.527	8.096
1428384090775	37.491152	139.922699	6	0.342	0.266	9.271	8.120
1428384090876	37.491153	139.922690	6	0.414	0.292	9.203	8.146
1428384090976	37.491155	139.922681	6	0.517	0.250	9.507	8.171
1428384091077	37.491156	139.922671	6	0.504	0.165	9.742	8.196
1428384091178	37.491157	139.922662	6	0.427	0.162	9.587	8.222
1428384091278	37.491159	139.922653	6	0.338	0.171	9.286	8.247
1428384091379	37.491161	139.922644	4	0.290	0.100	9.382	8.250
1428384091475	37.491162	139.922635	4	0.345	0.133	9.420	8.250
1428384091576	37.491164	139.922626	4	0.340	0.254	9.360	8.250
1428384091676	37.491166	139.922617	4	0.215	0.162	9.413	8.250
1428384091777	37.491167	139.922608	4	0.183	0.151	9.235	8.250
1428384091878	37.491169	139.922598	4	0.293	0.401	8.758	8.250
1428384091978	37.491171	139.922589	4	0.310	0.115	9.360	8.250
1428384092079	37.491172	139.922580	4	0.263	-0.292	10.573	8.250
1428384092175	37.491174	139.922571	4	0.207	-0.241	10.255	8.250
1428384092275	37.491176	139.922562	4	0.055	-0.073	9.052	8.250
1428384092376	37.491178	139.922553	4	-0.018	-0.002	8.594	8.250
1428384092477	37.491180	139.922544	4	-0.005	-0.049	10.039	8.250
1428384092578	37.491182	139.922534	4	-0.086	-0.020	10.152	8.250
1428384092678	37.491184	139.922525	4	-0.245	-0.070	9.736	8.250
1428384092779	37.491186	139.922516	4	-0.396	-0.100	9.149	8.250
1428384092875	37.491188	139.922507	4	-0.389	-0.048	9.355	8.250
1428384092975	37.491190	139.922497	4	-0.117	0.013	9.972	8.250
1428384093076	37.491192	139.922488	4	0.040	0.036	9.949	8.250
1428384093177	37.491194	139.922479	4	0.322	0.082	9.470	8.250
1428384093278	37.491196	139.922469	4	0.176	0.205	9.031	8.250
1428384093378	37.491199	139.922460	6	-0.220	0.104	9.452	8.250
1428384093479	37.491202	139.922451	6	-0.327	0.176	9.476	8.250
1428384093575	37.491206	139.922442	6	-0.018	0.137	9.554	8.250
1428384093675	37.491209	139.922433	6	0.222	-0.059	9.904	8.250
1428384093776	37.491213	139.922423	6	-0.110	-0.006	9.507	8.250
1428384093877	37.491216	139.922414	6	-0.363	0.124	9.330	8.250
1428384093977	37.491219	139.922405	6	-0.429	0.212	9.120	8.250
1428384094078	37.491223	139.922395	6	-0.215	0.309	9.105	8.250
1428384094179	37.491226	139.922386	6	-0.068	0.247	9.406	8.250
1428384094279	37.491230	139.922377	6	-0.189	0.043	9.561	8.250
1428384094375	37.491232	139.922368	6	-0.242	0.044	9.296	8.250
1428384094476	37.491234	139.922359	6	-0.192	0.152	9.080	8.250
1428384094577	37.491236	139.922350	6	-0.151	0.089	9.255	8.250
1428384094677	37.491238	139.922341	6	-0.140	0.037	9.715	8.250
1428384094778	37.491240	139.922332	6	-0.262	0.078	9.654	8.250
1428384094879	37.491242	139.922322	6	-0.319	0.069	9.434	8.250
1428384094979	37.491244	139.922313	6	-0.402	0.133	9.190	8.250
1428384095075	37.491246	139.922305	6	-0.441	0.226	9.180	8.250
1428384095176	37.491248	139.922295	6	-0.377	0.256	9.530	8.250
1428384095276	37.491250	139.922286	6	-0.262	0.202	9.840	8.250
1428384095377	37.491251	139.922277	4	-0.089	0.191	9.642	8.250
1428384095478	37.491253	139.922267	4	-0.024	0.197	9.224	8.250
1428384095579	37.491254	139.922257	4	-0.001	0.201	9.245	8.250
1428384095679	37.491256	139.922248	4	-0.072	0.174	9.499	8.250
1428384095775	37.491257	139.922238	4	-0.172	0.103	9.705	8.250
1428384095876	37.491259	139.922229	4	-0.196	0.102	9.487	8.250
1428384095976	37.491260	139.922219	4	-0.227	0.089	9.329	8.250
1428384096077	37.491262	139.922209	4	-0.187	0.100	9.492	8.250
1428384096178	37.491263	139.922200	4	-0.042	0.207	9.742	8.250
1428384096279	37.491265	139.922190	4	-0.170	0.360	9.198	8.250
1428384096379	37.491267	139.922181	5	-0.174	0.382	9.126	8.250
1428384096475	37.491268	139.922173	5	-0.165	0.282	9.466	8.250
1428384096576	37.491270	139.922164	5	-0.093	0.119	9.792	8.250
1428384096676	37.491272	139.922155	5	0.055	0.109	9.601	8.250
1428384096777	37.491274	139.922146	5	0.155	0.137	9.173	8.250
1428384096878	37.491276	139.922137	5	0.090	0.045	9.424	8.250
1428384096978	37.491277	139.922128	5	-0.027	0.100	9.562	8.250
1428384097079	37.491279	139.922119	5	-0.109	0.121	9.645	8.250
1428384097175	37.491281	139.922110	5	-0.120	0.133	9.254	8.250
1428384097276	37.491283	139.922101	5	-0.026	0.153	9.216	8.250
1428384097376	37.491285	139.922093	5	0.005	0.149	9.412	8.250
1428384097477	37.491287	139.922084	5	0.006	0.152	9.431	8.250
1428384097578	37.491288	139.922076	5	0.011	0.191	9.302	8.250
1428384097678	37.491290	139.922068	5	0.019	0.118	9.198	8.250
1428384097779	37.491292	139.922059	5	0.036	0.069	9.386	8.250
1428384097875	37.491294	139.922051	5	0.028	0.090	9.527	8.250
1428384097975	37.491296	139.922043	5	0.022	0.104	9.344	8.250
1428384098076	37.491298	139.922035	5	0.077	0.097	9.380	8.250
1428384098177	37.491300	139.922026	5	0.104	0.063	9.465	8.250
1428384098278	37.491302	139.922018	5	-0.008	0.057	9.543	8.250
1428384098378	37.491303	139.922010	5	-0.146	0.067	9.465	8.272
1428384098479	37.491304	139.922001	5	-0.189	0.122	9.353	8.297
1428384098575	37.491306	139.921993	5	-0.119	0.191	9.243	8.320
1428384098675	37.491307	139.921984	5	-0.041	0.217	9.343	8.345
1428384098776	37.491308	139.921976	5	-0.028	0.197	9.541	8.371
1428384098877	37.491310	139.921967	5	-0.019	0.231	9.382	8.396
1428384098978	37.491311	139.921958	5	-0.044	0.192	9.296	8.421
1428384099078	37.491312	139.921949	5	-0.009	0.140	9.417	8.446
1428384099179	37.491314	139.921941	5	0.017	0.185	9.241	8.472
1428384099275	37.491315	139.921932	5	0.027	0.151	9.211	8.496
1428384099376	37.491316	139.921923	5	0.052	0.055	9.414	8.500
1428384099476	37.491316	139.921914	5	0.030	-0.059	9.719	8.500
1428384099577	37.491317	139.921904	5	0.009	0.001	9.404	8.500
1428384099678	37.491318	139.921895	5	0.022	0.066	9.095	8.500
1428384099778	37.491319	139.921885	5	0.043	-0.018	9.515	8.500
1428384099879	37.491320	139.921876	5	-0.003	-0.012	9.811	8.500
1428384099975	37.491320	139.921867	5	-0.000	0.025	9.553	8.500
1428384100075	37.491321	139.921857	5	0.027	-0.072	9.591	8.500
1428384100176	37.491322	139.921848	5	0.091	-0.081	9.654	8.500
1428384100277	37.491323	139.921838	5	0.155	-0.001	9.557	8.500
1428384100377	37.491324	139.921828	5	0.177	0.084	9.193	8.478
1428384100478	37.491324	139.921819	5	0.187	-0.015	9.584	8.452
1428384100579	37.491325	139.921809	5	0.231	-0.238	10.210	8.427
1428384100675	37.491326	139.921799	5	0.255	-0.197	9.884	8.403
1428384100775	37.491326	139.921790	5	0.320	-0.046	9.019	8.378
1428384100876	37.491327	139.921780	5	0.306	-0.085	9.266	8.353
1428384100977	37.491328	139.921770	5	0.286	-0.156	9.887	8.327
1428384101077	37.491329	139.921760	5	0.136	-0.193	9.899	8.303
1428384101178	37.491329	139.921751	5	0.057	-0.189	9.134	8.278
1428384101279	37.491330	139.921741	5	0.116	-0.090	8.781	8.253
1428384101379	37.491331	139.921732	8	0.053	-0.255	9.342	8.250
1428384101475	37.491332	139.921724	8	0.087	-0.350	9.894	8.250
1428384101576	37.491333	139.921715	8	0.052	-0.260	9.497	8.250
1428384101677	37.491333	139.921706	8	0.022	-0.360	9.070	8.250
1428384101777	37.491334	139.921698	8	0.151	-0.426	9.458	8.250
1428384101878	37.491335	139.921689	8	0.306	-0.302	9.860	8.250
1428384101979	37.491336	139.921680	8	0.459	-0.224	9.610	8.250
1428384102079	37.491337	139.921671	8	0.606	-0.136	9.355	8.250
1428384102175	37.491338	139.921663	8	0.538	-0.148	9.322	8.250
1428384102276	37.491339	139.921654	8	0.405	-0.069	9.271	8.250
1428384102376	37.491339	139.921645	8	0.447	-0.107	9.558	8.206
1428384102478	37.491340	139.921636	8	0.355	-0.208	9.577	8.154
1428384102579	37.491340	139.921627	8	0.297	-0.239	9.537	8.102
1428384102679	37.491340	139.921618	8	0.421	-0.165	9.330	8.052
1428384102779	37.491340	139.921609	8	-0.050	-0.049	8.980	8.002
1428384102875	37.491341	139.921600	8	-0.131	-0.136	9.777	7.954
1428384102976	37.491341	139.921591	8	-0.309	-0.322	10.248	7.904
1428384103076	37.491341	139.921583	8	-0.395	-0.066	8.986	7.854
1428384103177	37.491342	139.921574	8	-0.322	-0.108	8.854	7.805
1428384103278	37.491342	139.921565	8	-0.271	-0.146	8.882	7.756
1428384103379	37.491343	139.921556	9	-0.349	-0.059	9.571	7.750
1428384103479	37.491344	139.921547	9	-0.083	0.108	9.707	7.750
1428384103575	37.491346	139.921539	9	-0.159	-0.236	9.361	7.750
1428384103676	37.491347	139.921530	9	-0.288	-0.362	9.370	7.750
1428384103776	37.491348	139.921521	9	-0.402	-0.311	9.360	7.750
1428384103877	37.491350	139.921512	9	-0.325	-0.168	9.242	7.750
1428384103978	37.491351	139.921503	9	-0.211	-0.205	9.391	7.750
1428384104078	37.491352	139.921495	9	-0.230	-0.297	9.860	7.750
1428384104179	37.491354	139.921486	9	-0.287	-0.226	9.645	7.750
1428384104275	37.491355	139.921477	9	-0.409	-0.152	9.568	7.750
1428384104376	37.491356	139.921471	10	-0.418	-0.217	9.610	7.706
1428384104476	37.491356	139.921464	10	-0.379	-0.096	9.537	7.654
1428384104577	37.491357	139.921458	10	-0.436	0.120	9.380	7.603
1428384104678	37.491357	139.921451	10	-0.495	0.150	9.291	7.552
1428384104778	37.491358	139.921445	10	-0.423	0.056	9.355	7.502
1428384104879	37.491359	139.921439	10	-0.273	0.001	9.570	7.451
1428384104975	37.491359	139.921433	10	-0.226	-0.014	9.565	7.404
1428384105075	37.491360	139.921427	10	-0.155	-0.037	9.337	7.355
1428384105176	37.491360	139.921421	10	-0.085	0.016	9.325	7.305
1428384105277	37.491361	139.921415	10	-0.029	0.057	9.315	7.256
1428384105378	37.491362	139.921406	10	-0.038	0.044	9.411	7.272
1428384105478	37.491362	139.921397	10	0.100	0.075	9.410	7.296
1428384105579	37.491363	139.921388	10	0.138	0.017	9.515	7.321
1428384105675	37.491363	139.921379	10	0.175	-0.038	9.454	7.345
1428384105775	37.491364	139.921370	10	0.151	-0.069	9.518	7.370
1428384105876	37.491364	139.921360	10	-0.059	0.085	9.105	7.395
1428384105977	37.491365	139.921351	10	-0.313	0.116	8.909	7.421
1428384106077	37.491366	139.921342	10	-0.532	-0.026	9.331	7.446
1428384106178	37.491366	139.921332	10	-0.439	-0.190	9.807	7.472
1428384106279	37.491367	139.921323	10	-0.123	-0.197	9.765	7.497
1428384106380	37.491367	139.921314	9	-0.218	-0.257	9.599	7.477
1428384106475	37.491366	139.921305	9	-0.259	-0.153	9.171	7.453
1428384106576	37.491366	139.921296	9	-0.419	-0.156	9.637	7.428
1428384106677	37.491366	139.921286	9	-0.611	-0.047	9.539	7.402
1428384106777	37.491366	139.921277	9	-0.591	0.138	9.197	7.377
1428384106878	37.491365	139.921268	9	-0.340	0.061	9.362	7.352
1428384106979	37.491365	139.921259	9	-0.234	-0.114	9.379	7.327
1428384107079	37.491365	139.921250	9	-0.088	-0.150	9.809	7.302
1428384107175	37.491364	139.921241	9	-0.064	-0.151	9.933	7.278
1428384107276	37.491364	139.921232	9	0.021	-0.097	9.328	7.253
1428384107377	37.491365	139.921224	8	-0.029	0.024	8.963	7.271
1428384107477	37.491365	139.921215	8	-0.036	-0.173	9.740	7.296
1428384107578	37.491366	139.921206	8	0.098	-0.130	10.027	7.321
1428384107679	37.491366	139.921198	8	0.223	0.035	9.463	7.346
1428384107779	37.491367	139.921189	8	0.344	-0.029	9.275	7.371
1428384107875	37.491367	139.921180	8	0.423	-0.148	9.321	7.395
1428384107976	37.491368	139.921172	8	0.416	-0.100	9.567	7.421
1428384108077	37.491369	139.921163	8	0.181	-0.030	9.659	7.446
1428384108177	37.491369	139.921154	8	-0.006	-0.013	9.133	7.471
1428384108278	37.491370	139.921145	8	-0.007	-0.169	9.501	7.497
1428384108379	37.491371	139.921137	6	0.005	-0.153	9.632	7.477
1428384108479	37.491371	139.921128	6	-0.005	-0.064	9.577	7.452
1428384108575	37.491372	139.921120	6	-0.154	-0.005	9.432	7.428
1428384108676	37.491372	139.921112	6	-0.198	-0.041	9.300	7.402
1428384108776	37.491373	139.921104	6	-0.212	-0.022	9.353	7.377
1428384108877	37.491374	139.921096	6	-0.249	-0.013	9.348	7.352
1428384108978	37.491374	139.921087	6	0.074	-0.021	9.296	7.327
1428384109079	37.491375	139.921079	6	0.151	-0.145	9.631	7.302
1428384109179	37.491375	139.921071	6	0.075	-0.147	9.482	7.277
1428384109275	37.491376	139.921063	6	0.152	-0.003	9.214	7.254
1428384109376	37.491376	139.921055	6	-0.140	0.172	8.792	7.206
1428384109476	37.491376	139.921047	6	-0.009	-0.077	9.300	7.154
1428384109577	37.491376	139.921040	6	0.051	-0.256	10.246	7.103
1428384109678	37.491376	139.921032	6	0.163	-0.146	9.803	7.052
1428384109779	37.491376	139.921024	6	0.144	0.071	8.769	7.001
1428384109879	37.491376	139.921017	6	0.182	0.051	8.888	6.951
1428384109975	37.491376	139.921009	6	0.109	-0.201	9.886	6.904
1428384110076	37.491376	139.921002	6	0.071	-0.107	10.504	6.854
1428384110176	37.491376	139.920994	6	0.188	0.173	9.459	6.805
1428384110277	37.491376	139.920987	6	0.253	0.211	8.823	6.756
1428384110378	37.491377	139.920979	6	0.230	0.074	9.120	6.750
1428384110478	37.491377	139.920972	6	0.215	0.126	9.733	6.750
1428384110579	37.491378	139.920965	6	0.210	0.338	9.732	6.750
1428384110675	37.491378	139.920958	6	0.158	0.276	9.440	6.750
1428384110775	37.491379	139.920950	6	0.046	0.101	9.353	6.750
1428384110876	37.491380	139.920943	6	0.016	0.053	9.354	6.750
1428384110977	37.491380	139.920935	6	0.050	0.170	9.378	6.750
1428384111078	37.491381	139.920928	6	0.026	0.202	9.465	6.750
1428384111178	37.491381	139.920920	6	-0.022	0.166	9.456	6.750
1428384111279	37.491382	139.920913	6	-0.030	0.126	9.501	6.750
1428384111375	37.491383	139.920905	7	-0.148	0.088	9.603	6.771
1428384111475	37.491385	139.920897	7	-0.165	0.202	9.342	6.796
1428384111576	37.491386	139.920889	7	0.004	0.285	9.212	6.821
1428384111677	37.491387	139.920880	7	0.024	0.249	9.242	6.846
1428384111778	37.491389	139.920872	7	0.069	0.127	9.807	6.871
1428384111878	37.491390	139.920864	7	-0.034	0.176	9.808	6.896
1428384111980	37.491392	139.920855	7	0.014	0.185	9.536	6.922
1428384112075	37.491393	139.920847	7	0.035	0.267	9.292	6.945
1428384112175	37.491394	139.920839	7	0.143	0.245	9.228	6.971
1428384112276	37.491396	139.920830	7	0.113	0.223	9.413	6.996
1428384112377	37.491398	139.920822	8	0.117	0.182	9.966	7.000
1428384112477	37.491399	139.920815	8	-0.018	0.144	9.843	7.000
1428384112578	37.491401	139.920807	8	-0.089	0.190	9.378	7.000
1428384112679	37.491403	139.920799	8	-0.087	0.279	9.152	7.000
1428384112775	37.491405	139.920792	8	-0.061	0.263	9.384	7.000
1428384112875	37.491407	139.920785	8	-0.185	0.273	9.601	7.000
1428384112976	37.491408	139.920777	8	-0.210	0.313	9.412	7.000
1428384113077	37.491410	139.920769	8	-0.285	0.283	9.259	7.000
1428384113177	37.491412	139.920762	8	-0.239	0.121	9.554	7.000
1428384113278	37.491414	139.920754	8	-0.227	0.100	9.508	7.000
1428384113379	37.491415	139.920745	9	-0.293	0.252	9.249	7.064
1428384113480	37.491415	139.920736	9	-0.179	0.260	9.395	7.137
1428384113575	37.491416	139.920728	9	-0.256	0.204	9.369	7.206
1428384113676	37.491416	139.920719	9	-0.383	0.203	9.280	7.280
1428384113777	37.491417	139.920710	9	-0.527	0.132	9.588	7.356
1428384113877	37.491417	139.920701	9	-0.515	0.064	9.970	7.431
1428384113978	37.491418	139.920691	9	-0.508	0.197	9.236	7.508
1428384114079	37.491419	139.920682	9	-0.370	0.275	9.336	7.585
1428384114179	37.491419	139.920673	9	-0.334	0.304	9.575	7.663
1428384114275	37.491420	139.920663	9	-0.395	0.351	9.401	7.738
1428384114376	37.491422	139.920656	9	-0.593	0.370	9.289	7.728
1428384114477	37.491423	139.920648	9	-0.585	0.233	9.328	7.703
1428384114577	37.491425	139.920641	9	-0.458	0.245	9.270	7.677
1428384114678	37.491427	139.920633	9	-0.191	0.169	9.614	7.652
1428384114779	37.491429	139.920626	9	0.050	0.115	9.911	7.627
1428384114879	37.491431	139.920618	9	-0.001	0.158	9.489	7.602
1428384114975	37.491432	139.920611	9	-0.222	0.324	9.021	7.578
1428384115076	37.491434	139.920604	9	-0.338	0.218	9.338	7.553
1428384115176	37.491436	139.920596	9	-0.344	0.201	9.771	7.528
1428384115277	37.491438	139.920589	9	-0.195	0.308	9.589	7.503
1428384115378	37.491437	139.920581	9	-0.031	0.327	9.358	7.500
1428384115479	37.491436	139.920572	9	0.005	0.148	9.403	7.500
1428384115579	37.491436	139.920564	9	-0.102	0.173	9.517	7.500
1428384115675	37.491435	139.920556	9	-0.183	0.275	9.418	7.500
1428384115776	37.491434	139.920548	9	-0.171	0.268	9.380	7.500
1428384115876	37.491433	139.920540	9	-0.180	0.216	9.444	7.500
1428384115977	37.491433	139.920532	9	-0.177	0.224	9.454	7.500
1428384116078	37.491432	139.920523	9	-0.172	0.224	9.420	7.500
1428384116179	37.491431	139.920515	9	-0.167	0.221	9.441	7.500
1428384116279	37.491430	139.920507	9	-0.199	0.233	9.396	7.500
1428384116375	37.491431	139.920499	8	-0.196	0.245	9.398	7.521
1428384116476	37.491432	139.920490	8	-0.149	0.213	9.476	7.546
1428384116576	37.491433	139.920481	8	-0.167	0.206	9.535	7.571
1428384116677	37.491434	139.920472	8	-0.157	0.183	9.482	7.596
1428384116778	37.491435	139.920463	8	-0.190	0.163	9.576	7.621
1428384116878	37.491436	139.920454	8	-0.271	0.164	9.532	7.646
1428384116979	37.491438	139.920445	8	-0.284	0.205	9.392	7.671
1428384117075	37.491439	139.920436	8	-0.305	0.249	9.393	7.696
1428384117175	37.491440	139.920427	8	-0.277	0.249	9.395	7.721
1428384117276	37.491441	139.920418	8	-0.240	0.220	9.490	7.746
1428384117377	37.491444	139.920409	7	-0.221	0.195	9.528	7.771
1428384117478	37.491448	139.920400	7	-0.207	0.163	9.506	7.796
1428384117578	37.491451	139.920390	7	-0.231	0.246	9.110	7.821
1428384117679	37.491455	139.920381	7	-0.032	0.289	9.269	7.846
1428384117775	37.491458	139.920372	7	-0.106	0.094	9.774	7.870
1428384117875	37.491462	139.920362	7	-0.194	0.086	9.764	7.895
1428384117976	37.491466	139.920353	7	-0.220	0.252	9.333	7.921
1428384118077	37.491469	139.920343	7	-0.236	0.118	9.253	7.946
1428384118178	37.491473	139.920334	7	-0.072	0.059	9.790	7.972
1428384118278	37.491477	139.920324	7	-0.082	0.053	9.695	7.997
1428384118379	37.491476	139.920315	7	-0.173	0.127	9.217	7.977
1428384118475	37.491476	139.920306	7	-0.185	0.075	9.079	7.953
1428384118575	37.491475	139.920296	7	-0.234	-0.028	9.479	7.928
1428384118676	37.491475	139.920287	7	-0.176	-0.037	9.666	7.903
1428384118777	37.491474	139.920278	7	-0.112	0.019	9.405	7.877
1428384118878	37.491473	139.920269	7	-0.120	-0.020	9.432	7.852
1428384118978	37.491473	139.920259	7	-0.172	-0.098	9.475	7.827
1428384119079	37.491472	139.920250	7	-0.166	-0.031	9.487	7.802
1428384119175	37.491472	139.920241	7	-0.108	-0.053	9.741	7.778
1428384119275	37.491471	139.920232	7	-0.274	-0.018	9.491	7.754
1428384119376	37.491472	139.920224	6	-0.239	-0.072	9.552	7.750
1428384119477	37.491473	139.920215	6	-0.256	-0.115	9.845	7.750
1428384119577	37.491474	139.920206	6	-0.280	-0.035	9.275	7.750
1428384119678	37.491475	139.920197	6	-0.153	-0.012	9.170	7.750
1428384119779	37.491476	139.920188	6	-0.084	0.186	8.774	7.750
1428384119880	37.491477	139.920180	6	-0.139	-0.205	9.794	7.750
1428384119975	37.491479	139.920171	6	-0.136	-0.430	10.305	7.750
1428384120076	37.491480	139.920163	6	-0.127	-0.331	9.573	7.750
1428384120177	37.491481	139.920154	6	-0.091	-0.213	8.902	7.750
1428384120277	37.491482	139.920145	6	-0.073	-0.222	8.954	7.750
1428384120378	37.491483	139.920137	5	0.083	-0.218	9.731	7.728
1428384120479	37.491483	139.920129	5	0.147	-0.095	9.768	7.702
1428384120579	37.491484	139.920121	5	0.082	-0.142	9.238	7.677
1428384120675	37.491484	139.920113	5	0.024	-0.256	9.164	7.653
1428384120776	37.491485	139.920105	5	0.035	-0.274	9.489	7.627
1428384120876	37.491486	139.920097	5	0.011	-0.222	9.593	7.603
1428384120977	37.491486	139.920089	5	-0.021	-0.186	9.520	7.577
1428384121078	37.491487	139.920081	5	-0.118	-0.139	9.352	7.552
1428384121179	37.491487	139.920073	5	-0.049	-0.057	9.532	7.527
1428384121279	37.491488	139.920065	5	0.072	-0.084	9.751	7.503
1428384121375	37.491489	139.920057	6	0.020	0.045	9.534	7.478
1428384121476	37.491490	139.920050	6	0.016	0.110	9.517	7.453
1428384121576	37.491490	139.920042	6	0.024	0.109	9.562	7.428
1428384121677	37.491491	139.920034	6	-0.002	0.180	9.610	7.402
1428384121778	37.491492	139.920027	6	0.121	0.302	9.650	7.377
1428384121879	37.491493	139.920019	6	0.171	0.344	9.189	7.352
1428384121979	37.491494	139.920011	6	0.208	0.263	9.246	7.327
1428384122075	37.491494	139.920004	6	0.240	0.237	9.637	7.303
1428384122176	37.491495	139.919997	6	0.160	0.178	9.821	7.278
1428384122276	37.491496	139.919989	6	0.064	0.203	9.423	7.253
1428384122377	37.491497	139.919981	7	0.107	0.280	9.109	7.250
1428384122478	37.491498	139.919974	7	0.083	0.226	9.248	7.250
1428384122578	37.491500	139.919966	7	0.203	0.270	9.462	7.250
1428384122679	37.491501	139.919959	7	0.170	0.278	9.573	7.250
1428384122775	37.491502	139.919952	7	0.113	0.272	9.307	7.250
1428384122876	37.491504	139.919944	7	0.112	0.202	9.248	7.250
1428384122976	37.491505	139.919937	7	0.147	0.204	9.399	7.250
1428384123077	37.491506	139.919929	7	0.147	0.205	9.519	7.250
1428384123178	37.491508	139.919921	7	0.325	0.197	9.613	7.250
1428384123278	37.491509	139.919914	7	0.357	0.235	9.433	7.250
1428384123379	37.491510	139.919905	8	0.156	0.279	9.274	7.272
1428384123475	37.491510	139.919897	8	0.177	0.186	9.562	7.296
1428384123576	37.491511	139.919888	8	0.052	0.195	9.607	7.321
1428384123676	37.491511	139.919879	8	-0.081	0.234	9.394	7.345
1428384123777	37.491512	139.919870	8	0.112	0.203	9.312	7.371
1428384123878	37.491512	139.919860	8	-0.051	0.201	9.071	7.396
1428384123978	37.491513	139.919851	8	-0.171	0.157	9.704	7.421
1428384124079	37.491514	139.919842	8	-0.148	0.249	9.488	7.447
1428384124175	37.491514	139.919834	8	-0.128	0.173	9.435	7.471
1428384124275	37.491515	139.919824	8	-0.123	0.131	9.416	7.496
1428384124376	37.491515	139.919816	9	-0.109	0.108	9.284	7.500
1428384124477	37.491514	139.919807	9	-0.104	0.111	9.470	7.500
1428384124577	37.491514	139.919799	9	-0.022	0.144	9.465	7.500
1428384124678	37.491513	139.919790	9	0.001	0.141	9.421	7.500
1428384124779	37.491513	139.919782	9	-0.011	0.031	9.538	7.500
1428384124875	37.491513	139.919774	9	-0.038	0.019	9.489	7.500
1428384124975	37.491512	139.919765	9	-0.043	0.101	9.323	7.500
1428384125076	37.491512	139.919757	9	0.012	0.081	9.333	7.500
1428384125177	37.491511	139.919748	9	0.109	0.047	9.545	7.500
1428384125277	37.491511	139.919740	9	-0.018	0.084	9.326	7.500
1428384125378	37.491514	139.919733	11	0.015	-0.066	9.605	7.500
1428384125479	37.491517	139.919727	11	-0.097	-0.044	9.499	7.500
1428384125575	37.491520	139.919720	11	0.021	-0.068	9.546	7.500
1428384125675	37.491523	139.919714	11	0.107	-0.078	9.526	7.500
1428384125776	37.491527	139.919707	11	0.139	-0.112	9.576	7.500
1428384125877	37.491530	139.919701	11	0.087	0.041	9.481	7.500
1428384125977	37.491533	139.919694	11	-0.009	-0.007	9.448	7.500
1428384126078	37.491536	139.919688	11	0.015	-0.001	9.537	7.500
1428384126179	37.491539	139.919681	11	-0.123	-0.086	9.577	7.500
1428384126275	37.491543	139.919675	11	-0.169	-0.224	9.605	7.500
1428384126375	37.491543	139.919665	11	-0.214	-0.135	9.442	7.521
1428384126476	37.491543	139.919655	11	-0.071	-0.104	9.419	7.546
1428384126577	37.491542	139.919644	11	0.082	-0.112	9.365	7.571
1428384126677	37.491542	139.919633	11	0.033	-0.110	9.521	7.596
1428384126778	37.491542	139.919623	11	-0.008	-0.077	9.332	7.621
1428384126879	37.491542	139.919612	11	0.111	-0.019	9.142	7.646
1428384126979	37.491542	139.919601	11	-0.059	-0.198	9.569	7.671
1428384127075	37.491541	139.919591	11	0.110	-0.248	9.767	7.696
1428384127176	37.491541	139.919580	11	0.093	-0.250	9.555	7.721
1428384127277	37.491541	139.919569	11	-0.106	-0.224	9.171	7.747
1428384127377	37.491541	139.919560	10	-0.128	-0.218	9.335	7.682
1428384127478	37.491541	139.919551	10	-0.050	-0.291	9.858	7.603
1428384127579	37.491541	139.919542	10	0.021	-0.300	9.615	7.525
1428384127679	37.491541	139.919533	10	-0.083	-0.191	9.502	7.449
1428384127775	37.491540	139.919525	10	-0.063	-0.073	9.186	7.377
1428384127876	37.491540	139.919516	10	-0.136	-0.113	9.132	7.301
1428384127976	37.491540	139.919507	10	-0.106	-0.237	9.694	7.227
1428384128077	37.491540	139.919499	10	-0.060	-0.186	9.762	7.153
1428384128178	37.491540	139.919490	10	0.028	-0.042	9.363	7.080
1428384128279	37.491540	139.919482	10	-0.015	-0.095	9.302	7.008
1428384128379	37.491541	139.919475	6	-0.047	-0.101	9.485	6.977
1428384128475	37.491543	139.919468	6	-0.022	0.076	9.472	6.953
1428384128576	37.491545	139.919461	6	-0.019	0.155	9.410	6.928
1428384128676	37.491546	139.919454	6	-0.210	0.122	9.276	6.902
1428384128777	37.491548	139.919447	6	-0.338	-0.078	9.561	6.877
1428384128878	37.491549	139.919440	6	-0.418	0.006	9.304	6.852
1428384128979	37.491551	139.919432	6	-0.394	-0.098	9.521	6.827
1428384129079	37.491553	139.919426	6	-0.301	-0.030	9.394	6.802
1428384129175	37.491554	139.919419	6	-0.215	0.001	9.363	6.778
1428384129276	37.491556	139.919412	6	-0.304	0.065	9.422	6.753
1428384129376	37.491557	139.919405	5	-0.111	0.158	9.552	6.771
1428384129477	37.491558	139.919397	5	-0.157	-0.087	10.006	6.796
1428384129578	37.491559	139.919389	5	-0.143	0.087	9.393	6.821
1428384129678	37.491561	139.919382	5	-0.042	0.218	8.843	6.846
1428384129779	37.491562	139.919374	5	-0.076	0.072	9.272	6.871
1428384129875	37.491563	139.919367	5	-0.295	-0.155	9.751	6.895
1428384129975	37.491564	139.919359	5	-0.258	0.020	9.390	6.920
1428384130076	37.491565	139.919352	5	-0.086	0.122	9.157	6.946
1428384130177	37.491567	139.919344	5	-0.192	-0.159	9.466	6.971
1428384130278	37.491568	139.919336	5	-0.213	-0.165	9.587	6.997
1428384130378	37.491570	139.919328	6	-0.097	-0.043	9.682	6.978
1428384130479	37.491571	139.919319	6	-0.063	0.038	9.423	6.952
1428384130575	37.491573	139.919311	6	-0.072	0.008	9.183	6.928
1428384130675	37.491575	139.919303	6	-0.109	0.002	9.433	6.903
1428384130776	37.491577	139.919295	6	-0.033	0.102	9.586	6.877
1428384130877	37.491579	139.919286	6	0.163	0.060	9.473	6.852
1428384130977	37.491580	139.919278	6	0.182	0.015	9.413	6.827
1428384131078	37.491582	139.919270	6	0.097	-0.049	9.546	6.802
1428384131179	37.491584	139.919262	6	0.082	-0.066	9.528	6.777
1428384131275	37.491586	139.919254	6	0.032	-0.022	9.362	6.754
1428384131375	37.491585	139.919247	6	-0.038	-0.053	9.280	6.750
1428384131476	37.491585	139.919239	6	0.008	-0.194	9.619	6.750
1428384131577	37.491584	139.919231	6	-0.011	-0.134	9.168	6.750
1428384131677	37.491584	139.919224	6	0.112	-0.171	9.470	6.750
1428384131778	37.491583	139.919216	6	0.099	-0.367	9.842	6.750
1428384131879	37.491582	139.919209	6	0.031	-0.163	9.499	6.750
1428384131975	37.491582	139.919202	6	0.102	-0.071	9.349	6.750
1428384132075	37.491581	139.919194	6	0.226	-0.138	9.633	6.750
1428384132176	37.491581	139.919187	6	0.123	-0.356	9.563	6.750
1428384132277	37.491580	139.919179	6	0.020	-0.043	9.049	6.750
1428384132377	37.491580	139.919171	6	-0.009	0.005	9.382	6.705
1428384132478	37.491581	139.919164	6	0.074	-0.198	9.618	6.653
1428384132579	37.491581	139.919156	6	-0.009	-0.276	9.766	6.602
1428384132679	37.491581	139.919149	6	-0.050	-0.268	9.652	6.551
1428384132775	37.491581	139.919142	6	-0.121	-0.121	9.241	6.503
1428384132876	37.491582	139.919135	6	-0.082	-0.290	9.448	6.452
1428384132977	37.491582	139.919127	6	-0.127	-0.131	9.426	6.402
1428384133077	37.491582	139.919120	6	-0.053	-0.097	9.454	6.353
1428384133178	37.491583	139.919113	6	0.188	0.004	9.294	6.304
1428384133279	37.491583	139.919106	6	0.018	-0.036	9.251	6.255
1428384133379	37.491583	139.919100	4	-0.159	-0.255	9.608	6.250
1428384133475	37.491584	139.919094	4	-0.094	-0.216	9.701	6.250
1428384133576	37.491584	139.919088	4	-0.065	-0.189	9.487	6.250
1428384133676	37.491584	139.919082	4	-0.057	-0.133	9.345	6.250
1428384133777	37.491584	139.919076	4	-0.015	-0.213	9.341	6.250
1428384133878	37.491585	139.919070	4	0.084	-0.268	9.590	6.250
1428384133979	37.491585	139.919064	4	0.066	-0.203	9.738	6.250
1428384134079	37.491585	139.919058	4	-0.042	-0.112	9.272	6.250
1428384134175	37.491586	139.919052	4	0.119	-0.114	9.282	6.250
1428384134276	37.491586	139.919046	4	0.094	-0.078	9.354	6.250
1428384134376	37.491587	139.919040	5	0.143	-0.165	9.555	6.228
1428384134477	37.491588	139.919033	5	0.166	-0.089	9.459	6.202
1428384134578	37.491589	139.919027	5	-0.046	-0.115	9.514	6.177
1428384134679	37.491590	139.919021	5	-0.089	-0.217	9.486	6.152
1428384134779	37.491591	139.919014	5	-0.066	-0.187	9.486	6.126
1428384134875	37.491592	139.919008	5	-0.084	-0.138	9.473	6.103
1428384134976	37.491594	139.919002	5	-0.112	-0.095	9.361	6.077
1428384135076	37.491595	139.918996	5	0.026	-0.079	9.244	6.053
1428384135177	37.491596	139.918990	5	0.181	-0.082	9.455	6.028
1428384135278	37.491597	139.918984	5	0.044	-0.070	9.619	6.003
1428384135379	37.491598	139.918977	5	-0.089	-0.082	9.569	5.977
1428384135479	37.491600	139.918970	5	-0.209	-0.067	9.448	5.952
1428384135575	37.491602	139.918963	5	-0.290	-0.119	9.557	5.928
1428384135676	37.491603	139.918956	5	-0.365	-0.100	9.337	5.902
1428384135776	37.491605	139.918949	5	-0.291	0.052	8.779	5.877
1428384135877	37.491606	139.918942	5	-0.158	-0.099	9.527	5.852
1428384135978	37.491608	139.918935	5	-0.127	-0.151	9.958	5.827
1428384136078	37.491610	139.918928	5	-0.088	-0.121	9.549	5.802
1428384136179	37.491611	139.918921	5	-0.082	-0.022	9.236	5.777
1428384136275	37.491613	139.918914	5	-0.147	-0.058	9.505	5.754
1428384136376	37.491614	139.918907	4	-0.194	-0.219	9.423	5.750
1428384136476	37.491615	139.918901	4	-0.203	-0.145	9.480	5.750
1428384136577	37.491616	139.918895	4	-0.282	-0.039	9.586	5.750
1428384136678	37.491616	139.918888	4	-0.128	0.052	9.454	5.750
1428384136778	37.491617	139.918882	4	0.018	-0.082	9.298	5.750
1428384136879	37.491618	139.918875	4	-0.100	-0.196	9.377	5.750
1428384136975	37.491619	139.918869	4	-0.123	-0.072	9.296	5.750
1428384137075	37.491620	139.918863	4	-0.196	-0.246	9.606	5.750
1428384137176	37.491621	139.918856	4	-0.173	-0.558	10.105	5.750
1428384137277	37.491622	139.918850	4	-0.305	-0.574	9.620	5.750
1428384137378	37.491622	139.918843	4	-0.421	-0.455	9.025	5.704
1428384137478	37.491623	139.918837	4	-0.432	-0.398	9.234	5.653
1428384137579	37.491623	139.918830	4	-0.409	-0.406	9.257	5.601
1428384137675	37.491623	139.918824	4	-0.414	-0.451	9.431	5.552
1428384137775	37.491623	139.918817	4	-0.149	-0.611	10.184	5.502
1428384137876	37.491624	139.918811	4	0.072	-0.614	9.873	5.451
1428384137977	37.491624	139.918804	4	0.223	-0.344	8.860	5.402
1428384138077	37.491624	139.918798	4	0.075	-0.388	9.241	5.353
1428384138178	37.491625	139.918792	4	-0.406	-0.635	9.941	5.304
1428384138279	37.491625	139.918786	4	-0.777	-0.424	9.149	5.255
1428384138375	37.491625	139.918780	4	-0.857	-0.144	8.505	5.182
1428384138475	37.491626	139.918774	4	-0.533	-0.256	9.354	5.103
1428384138576	37.491626	139.918768	4	-0.140	-0.514	10.066	5.024
1428384138677	37.491627	139.918763	4	0.298	-0.660	9.636	4.946
1428384138777	37.491627	139.918757	4	0.580	-0.534	8.821	4.870
1428384138878	37.491627	139.918752	4	0.430	-0.627	9.540	4.795
1428384138979	37.491628	139.918746	4	0.043	-0.741	10.129	4.721
1428384139080	37.491628	139.918741	4	-0.333	-0.780	9.573	4.648
1428384139175	37.491629	139.918736	4	-0.690	-0.695	8.957	4.580
1428384139276	37.491629	139.918731	4	-0.746	-0.641	9.195	4.510
1428384139377	37.491630	139.918726	5	-0.367	-0.628	9.743	4.454
1428384139477	37.491631	139.918722	5	0.036	-0.639	9.387	4.402
1428384139578	37.491632	139.918717	5	0.393	-0.705	9.268	4.350
1428384139679	37.491633	139.918713	5	0.685	-0.908	9.820	4.299
1428384139779	37.491634	139.918708	5	0.613	-0.775	9.642	4.248
1428384139875	37.491635	139.918704	5	0.369	-0.748	9.682	4.200
1428384139976	37.491636	139.918700	5	0.100	-0.663	9.414	4.151
1428384140076	37.491637	139.918696	5	-0.141	-0.691	9.289	4.102
1428384140178	37.491638	139.918692	5	-0.394	-0.709	9.245	4.053
1428384140278	37.491639	139.918687	5	-0.376	-0.692	9.356	4.006
1428384140379	37.491640	139.918683	5	-0.121	-0.663	9.294	3.953
1428384140479	37.491640	139.918679	5	0.144	-0.787	9.367	3.900
1428384140575	37.491641	139.918674	5	0.271	-0.802	9.491	3.851
1428384140676	37.491642	139.918670	5	0.271	-0.719	9.546	3.799
1428384140776	37.491643	139.918666	5	0.283	-0.690	9.467	3.749
1428384140877	37.491643	139.918662	5	0.218	-0.842	9.435	3.698
1428384140978	37.491644	139.918657	5	0.079	-0.830	9.558	3.649
1428384141079	37.491645	139.918653	5	-0.047	-0.798	9.457	3.600
1428384141179	37.491645	139.918649	5	-0.057	-0.783	9.318	3.552
1428384141275	37.491646	139.918646	5	-0.046	-0.763	9.374	3.507
1428384141376	37.491646	139.918643	5	0.042	-0.782	9.406	3.371
1428384141476	37.491647	139.918640	5	0.112	-0.784	9.433	3.226
1428384141577	37.491647	139.918638	5	0.156	-0.776	9.437	3.086
1428384141678	37.491647	139.918636	5	0.191	-0.782	9.466	2.950
1428384141779	37.491648	139.918634	5	0.215	-0.711	9.425	2.821
1428384141879	37.491648	139.918632	5	0.190	-0.695	9.441	2.698
1428384141975	37.491648	139.918630	5	0.201	-0.741	9.559	2.585
1428384142076	37.491648	139.918628	5	0.163	-0.728	9.523	2.472
1428384142176	37.491649	139.918626	5	0.081	-0.643	9.362	2.365
1428384142277	37.491649	139.918624	5	0.069	-0.618	9.357	2.263
1428384142378	37.491650	139.918623	5	0.091	-0.622	9.456	2.172
1428384142478	37.491651	139.918621	5	0.066	-0.622	9.492	2.086
1428384142579	37.491651	139.918620	5	0.075	-0.636	9.492	2.002
1428384142675	37.491652	139.918619	5	0.135	-0.643	9.471	1.926
1428384142775	37.491653	139.918618	5	0.196	-0.499	9.198	1.849
1428384142876	37.491653	139.918616	5	0.139	-0.439	9.186	1.774
1428384142977	37.491654	139.918615	5	0.011	-0.687	9.720	1.702
1428384143078	37.491655	139.918614	5	0.011	-0.791	9.847	1.634
1428384143178	37.491655	139.918613	5	0.080	-0.633	9.329	1.569
1428384143279	37.491656	139.918612	5	0.039	-0.642	9.355	1.507
1428384143375	37.491656	139.918611	5	-0.005	-0.662	9.480	1.450
1428384143475	37.491656	139.918610	5	0.112	-0.590	9.362	1.392
1428384143576	37.491656	139.918609	5	0.220	-0.563	9.376	1.337
1428384143677	37.491656	139.918609	5	0.150	-0.615	9.538	1.283
1428384143778	37.491655	139.918608	5	0.031	-0.669	9.540	1.231
1428384143878	37.491655	139.918607	5	0.028	-0.684	9.463	1.182
1428384143979	37.491655	139.918606	5	0.050	-0.669	9.414	1.134
1428384144075	37.491655	139.918605	5	0.010	-0.628	9.386	1.091
1428384144175	37.491655	139.918605	5	0.004	-0.602	9.396	1.047
1428384144276	37.491655	139.918604	5	0.117	-0.622	9.470	1.006
1428384144377	37.491653	139.918603	9	0.209	-0.622	9.500	0.943
1428384144477	37.491650	139.918602	9	0.180	-0.563	9.473	0.881
1428384144578	37.491648	139.918602	9	0.126	-0.474	9.450	0.822
1428384144679	37.491646	139.918601	9	0.121	-0.408	9.460	0.766
1428384144780	37.491644	139.918600	9	0.142	-0.359	9.438	0.713
1428384144875	37.491642	139.918599	9	0.100	-0.319	9.436	0.667
1428384144976	37.491641	139.918599	9	0.039	-0.300	9.429	0.621
1428384145077	37.491639	139.918598	9	0.027	-0.286	9.431	0.579
1428384145177	37.491638	139.918598	9	0.080	-0.250	9.453	0.540
1428384145278	37.491636	139.918597	9	0.131	-0.205	9.434	0.504
1428384145379	37.491636	139.918597	9	0.124	-0.173	9.427	0.471
1428384145479	37.491636	139.918598	9	0.107	-0.153	9.441	0.440
1428384145575	37.491636	139.918598	9	0.123	-0.124	9.448	0.412
1428384145676	37.491636	139.918599	9	0.143	-0.097	9.428	0.384
1428384145777	37.491636	139.918599	9	0.118	-0.084	9.424	0.357
1428384145877	37.491636	139.918600	9	0.086	-0.078	9.456	0.333
1428384145978	37.491636	139.918600	9	0.097	-0.047	9.440	0.310
1428384146079	37.491636	139.918600	9	0.128	0.003	9.442	0.289
1428384146179	37.491636	139.918601	9	0.139	0.041	9.447	0.270
1428384146275	37.491636	139.918601	9	0.132	0.056	9.459	0.253
1428384146376	37.491637	139.918601	6	0.124	0.063	9.467	0.250
1428384146476	37.491638	139.918600	6	0.126	0.060	9.454	0.250
1428384146577	37.491639	139.918600	6	0.116	0.048	9.447	0.250
1428384146678	37.491639	139.918599	6	0.097	0.028	9.442	0.250
1428384146779	37.491640	139.918599	6	0.090	0.013	9.435	0.250
1428384146879	37.491641	139.918598	6	0.104	0.005	9.456	0.250
1428384146975	37.491642	139.918598	6	0.113	0.000	9.466	0.250
1428384147076	37.491643	139.918597	6	0.112	-0.001	9.444	0.250
1428384147176	37.491644	139.918597	6	0.102	0.001	9.456	0.250
1428384147277	37.491645	139.918596	6	0.108	-0.015	9.465	0.250
1428384147378	37.491645	139.918596	6	0.104	-0.031	9.474	0.250
1428384147479	37.491645	139.918595	6	0.090	-0.037	9.461	0.250
1428384147579	37.491645	139.918595	6	0.072	-0.045	9.447	0.250
1428384147675	37.491645	139.918594	6	0.053	-0.046	9.455	0.250
1428384147776	37.491645	139.918594	6	0.052	-0.043	9.465	0.250
1428384147876	37.491644	139.918593	6	0.068	-0.042	9.452	0.250
1428384147977	37.491644	139.918593	6	0.084	-0.048	9.453	0.250
1428384148078	37.491644	139.918592	6	0.100	-0.057	9.463	0.250
1428384148178	37.491644	139.918592	6	0.093	-0.054	9.472	0.250
1428384148279	37.491644	139.918591	6	0.083	-0.049	9.457	0.250
1428384148375	37.491644	139.918591	4	0.074	-0.055	9.449	0.209
1428384148476	37.491644	139.918590	4	0.074	-0.052	9.444	0.166
1428384148576	37.491644	139.918590	4	0.081	-0.056	9.442	0.127
1428384148677	37.491643	139.918589	4	0.091	-0.058	9.433	0.094
1428384148778	37.491643	139.918589	4	0.101	-0.060	9.426	0.066
1428384148878	37.491643	139.918589	4	0.097	-0.050	9.452	0.042
1428384148979	37.491643	139.918588	4	0.089	-0.051	9.433	0.024
1428384149075	37.491643	139.918588	4	0.087	-0.046	9.442	0.012
1428384149175	37.491643	139.918588	4	0.090	-0.042	9.441	0.003
1428384217375	37.491623	139.918577	4	0.130	0.732	9.448	0.002
1428384217476	37.491623	139.918577	4	0.138	0.782	9.442	0.009
1428384217576	37.491623	139.918577	4	0.135	0.818	9.445	0.020
1428384217677	37.491623	139.918577	4	0.145	0.871	9.432	0.037
1428384217778	37.491623	139.918576	4	0.162	0.937	9.422	0.060
1428384217879	37.491623	139.918576	4	0.175	1.006	9.404	0.087
1428384217979	37.491623	139.918576	4	0.173	1.088	9.403	0.119
1428384218075	37.491623	139.918575	4	0.190	1.160	9.405	0.154
1428384218176	37.491623	139.918575	4	0.151	1.164	9.426	0.196
1428384218276	37.491623	139.918574	4	0.072	1.065	9.511	0.243
1428384218377	37.491623	139.918574	4	0.022	0.958	9.531	0.274
1428384218478	37.491623	139.918573	4	0.055	0.934	9.416	0.306
1428384218578	37.491623	139.918573	4	0.130	0.959	9.370	0.343
1428384218679	37.491624	139.918572	4	0.139	0.955	9.412	0.385
1428384218776	37.491624	139.918571	4	0.137	0.946	9.430	0.431
1428384218876	37.491624	139.918570	4	0.189	0.984	9.407	0.482
1428384218976	37.491624	139.918569	4	0.228	0.990	9.476	0.539
1428384219077	37.491624	139.918568	4	0.205	0.935	9.529	0.602
1428384219178	37.491625	139.918567	4	0.121	0.944	9.397	0.669
1428384219278	37.491625	139.918566	4	0.031	0.902	9.261	0.741
1428384219379	37.491625	139.918565	4	0.025	0.708	9.618	0.769
1428384219475	37.491625	139.918564	4	0.090	0.627	9.702	0.791
1428384219575	37.491626	139.918562	4	0.096	0.740	9.288	0.814
1428384219676	37.491626	139.918561	4	0.094	0.773	9.169	0.838
1428384219777	37.491626	139.918560	4	0.151	0.619	9.577	0.863
1428384219878	37.491627	139.918558	4	0.314	0.659	9.620	0.888
1428384219978	37.491627	139.918557	4	0.391	0.758	9.135	0.914
1428384220079	37.491627	139.918555	4	0.238	0.497	9.496	0.941
1428384220175	37.491628	139.918554	4	0.004	0.237	9.792	0.968
1428384220275	37.491628	139.918552	4	0.047	0.190	9.648	0.996
1428384220376	37.491628	139.918550	4	0.129	0.273	9.450	1.070
1428384220477	37.491628	139.918548	4	-0.060	0.222	9.290	1.161
1428384220577	37.491628	139.918546	4	-0.228	0.090	9.440	1.260
1428384220678	37.491629	139.918544	4	-0.148	0.102	9.477	1.371
1428384220779	37.491629	139.918541	4	-0.058	0.265	9.084	1.491
1428384220875	37.491629	139.918538	4	-0.013	0.249	9.168	1.615
1428384220975	37.491629	139.918535	4	0.004	0.118	9.612	1.753
1428384221076	37.491629	139.918532	4	-0.031	0.086	9.604	1.902
1428384221177	37.491630	139.918528	4	-0.059	0.102	9.370	2.061
1428384221277	37.491630	139.918524	4	-0.041	0.112	9.301	2.228
1428384221378	37.491630	139.918522	4	-0.035	0.114	9.427	2.250
1428384221479	37.491630	139.918519	4	0.006	0.152	9.384	2.250
1428384221579	37.491630	139.918516	4	-0.018	0.109	9.608	2.250
1428384221675	37.491630	139.918513	4	-0.020	0.136	9.574	2.250
1428384221776	37.491630	139.918510	4	-0.036	0.152	9.462	2.250
1428384221877	37.491631	139.918508	4	-0.042	0.123	9.395	2.250
1428384221977	37.491631	139.918505	4	-0.023	0.049	9.441	2.250
1428384222079	37.491631	139.918502	4	-0.054	-0.014	9.515	2.250
1428384222179	37.491631	139.918499	4	-0.092	0.061	9.465	2.250
1428384222279	37.491631	139.918496	4	-0.068	0.110	9.271	2.250
1428384222375	37.491631	139.918494	4	-0.091	0.029	9.382	2.250
1428384222476	37.491631	139.918491	4	-0.093	0.036	9.572	2.250
1428384222577	37.491631	139.918488	4	-0.080	0.082	9.562	2.250
1428384222677	37.491631	139.918486	4	-0.048	0.115	9.362	2.250
1428384222778	37.491631	139.918483	4	-0.006	0.139	9.239	2.250
1428384222879	37.491632	139.918480	4	0.058	0.134	9.435	2.250
1428384222979	37.491632	139.918477	4	0.142	0.128	9.502	2.250
1428384223075	37.491632	139.918475	4	0.214	0.164	9.412	2.250
1428384223176	37.491632	139.918472	4	0.186	0.200	9.404	2.250
1428384223276	37.491632	139.918469	4	0.115	0.188	9.435	2.250
1428384223377	37.491632	139.918467	4	0.091	0.178	9.371	2.250
1428384223478	37.491632	139.918464	4	0.128	0.178	9.346	2.250
1428384223579	37.491632	139.918461	4	0.229	0.200	9.360	2.250
1428384223679	37.491632	139.918459	4	0.313	0.162	9.433	2.250
1428384223775	37.491632	139.918456	4	0.443	0.108	9.439	2.250
1428384223876	37.491632	139.918453	4	0.672	0.121	9.463	2.250
1428384223976	37.491632	139.918450	4	0.876	0.120	9.491	2.250
1428384224077	37.491632	139.918448	4	0.991	0.032	9.686	2.250
1428384224178	37.491632	139.918445	4	0.952	-0.020	9.604	2.250
1428384224279	37.491632	139.918442	4	0.784	0.043	9.208	2.250
1428384224379	37.491632	139.918440	4	0.786	-0.029	9.450	2.250
1428384224475	37.491633	139.918438	4	0.980	-0.096	9.707	2.250
1428384224576	37.491633	139.918435	4	1.023	-0.107	9.531	2.250
1428384224676	37.491633	139.918433	4	1.035	-0.132	9.531	2.250
1428384224777	37.491633	139.918430	4	0.954	-0.010	9.273	2.250
1428384224878	37.491634	139.918428	4	0.842	-0.020	9.362	2.250
1428384224978	37.491634	139.918425	4	0.579	-0.080	9.682	2.250
1428384225079	37.491634	139.918423	4	0.446	-0.010	9.395	2.250
1428384225175	37.491635	139.918421	4	0.466	0.107	9.129	2.250
1428384225276	37.491635	139.918418	4	0.518	0.156	9.233	2.250
1428384225377	37.491636	139.918416	4	0.541	0.141	9.398	2.250
1428384225477	37.491637	139.918414	4	0.675	0.112	9.377	2.250
1428384225578	37.491638	139.918411	4	0.886	0.122	9.292	2.250
1428384225678	37.491639	139.918409	4	0.996	0.102	9.332	2.250
1428384225779	37.491640	139.918406	4	0.977	0.006	9.569	2.250
1428384225875	37.491641	139.918404	4	0.825	-0.049	9.574	2.250
1428384225975	37.491642	139.918402	4	0.708	-0.050	9.415	2.250
1428384226076	37.491643	139.918399	4	0.725	-0.132	9.443	2.250
1428384226177	37.491644	139.918397	4	0.796	-0.252	9.410	2.250
1428384226278	37.491645	139.918394	4	0.921	-0.340	9.348	2.250
1428384226378	37.491647	139.918393	5	1.025	-0.252	9.426	2.250
1428384226479	37.491648	139.918391	5	0.932	-0.350	9.515	2.250
1428384226575	37.491650	139.918389	5	0.854	-0.424	9.643	2.250
1428384226675	37.491652	139.918387	5	0.654	-0.220	9.139	2.250
1428384226776	37.491653	139.918386	5	0.457	-0.255	9.293	2.250
1428384226877	37.491655	139.918384	5	0.056	-0.446	9.874	2.250
1428384226977	37.491657	139.918382	5	-0.024	-0.449	9.690	2.250
1428384227078	37.491658	139.918381	5	0.242	-0.288	9.197	2.250
1428384227179	37.491660	139.918379	5	0.354	-0.247	9.190	2.250
1428384227275	37.491662	139.918377	5	0.278	-0.274	9.454	2.250
1428384227375	37.491664	139.918376	5	0.460	-0.229	9.374	2.228
1428384227476	37.491666	139.918375	5	0.792	-0.170	9.181	2.201
1428384227577	37.491667	139.918375	5	0.980	-0.160	9.269	2.175
1428384227677	37.491669	139.918374	5	0.970	-0.219	9.510	2.150
1428384227778	37.491671	139.918373	5	0.841	-0.240	9.603	2.124
1428384227879	37.491673	139.918372	5	0.798	-0.157	9.467	2.099
1428384227979	37.491675	139.918371	5	0.693	-0.234	9.399	2.075
1428384228075	37.491676	139.918371	5	0.575	-0.388	9.442	2.051
1428384228176	37.491678	139.918370	5	0.516	-0.422	9.416	2.027
1428384228277	37.491680	139.918369	5	0.506	-0.406	9.377	2.003
1428384228377	37.491682	139.918369	6	0.543	-0.438	9.455	2.000
1428384228478	37.491683	139.918368	6	0.565	-0.454	9.447	2.000
1428384228579	37.491685	139.918368	6	0.723	-0.498	9.580	2.000
1428384228679	37.491687	139.918367	6	0.724	-0.487	9.487	2.000
1428384228775	37.491689	139.918367	6	0.552	-0.476	9.413	2.000
1428384228876	37.491691	139.918366	6	0.333	-0.502	9.401	2.000
1428384228976	37.491692	139.918366	6	0.249	-0.462	9.410	2.000
1428384229077	37.491694	139.918365	6	0.220	-0.447	9.377	2.000
1428384229178	37.491696	139.918365	6	0.287	-0.460	9.391	2.000
1428384229279	37.491698	139.918364	6	0.398	-0.508	9.473	2.000
1428384229379	37.491699	139.918364	6	0.459	-0.540	9.453	2.000
1428384229475	37.491701	139.918363	6	0.439	-0.536	9.435	2.000
1428384229576	37.491702	139.918363	6	0.334	-0.531	9.449	2.000
1428384229676	37.491704	139.918363	6	0.241	-0.513	9.417	2.000
1428384229777	37.491705	139.918363	6	0.228	-0.465	9.373	2.000
1428384229878	37.491707	139.918362	6	0.295	-0.422	9.373	2.000
1428384229979	37.491708	139.918362	6	0.423	-0.336	9.455	2.000
1428384230079	37.491710	139.918362	6	0.491	-0.274	9.459	2.000
1428384230175	37.491711	139.918361	6	0.441	-0.247	9.457	2.000
1428384230276	37.491713	139.918361	6	0.359	-0.226	9.470	2.000
1428384230376	37.491714	139.918360	6	0.288	-0.190	9.424	2.000
1428384230477	37.491716	139.918360	6	0.260	-0.174	9.431	2.000
1428384230578	37.491718	139.918359	6	0.228	-0.154	9.451	2.000
1428384230678	37.491720	139.918358	6	0.265	-0.123	9.400	2.000
1428384230779	37.491721	139.918357	6	0.353	-0.076	9.424	2.000
1428384230875	37.491723	139.918356	6	0.436	-0.092	9.468	2.000
1428384230976	37.491725	139.918356	6	0.437	-0.126	9.461	2.000
1428384231076	37.491726	139.918355	6	0.390	-0.140	9.409	2.000
1428384231177	37.491728	139.918354	6	0.362	-0.161	9.393	2.000
1428384231278	37.491730	139.918353	6	0.380	-0.205	9.436	2.000
1428384231378	37.491729	139.918353	8	0.401	-0.253	9.465	1.844
1428384231479	37.491727	139.918352	8	0.415	-0.298	9.424	1.677
1428384231575	37.491725	139.918352	8	0.400	-0.349	9.439	1.528
1428384231675	37.491724	139.918352	8	0.332	-0.378	9.453	1.384
1428384231776	37.491723	139.918351	8	0.353	-0.422	9.444	1.251
1428384231877	37.491722	139.918351	8	0.411	-0.402	9.471	1.129
1428384231978	37.491721	139.918351	8	0.343	-0.407	9.417	1.018
1428384232078	37.491720	139.918350	8	0.206	-0.446	9.432	0.920
1428384232179	37.491719	139.918350	8	0.152	-0.480	9.471	0.833
1428384232275	37.491718	139.918350	8	0.186	-0.499	9.439	0.760
1428384232375	37.491718	139.918350	8	0.273	-0.513	9.407	0.750
1428384232476	37.491718	139.918349	8	0.287	-0.499	9.441	0.750
1428384232577	37.491718	139.918349	8	0.237	-0.498	9.440	0.750
1428384232678	37.491718	139.918348	8	0.289	-0.473	9.419	0.750
1428384232778	37.491718	139.918348	8	0.372	-0.463	9.455	0.750
1428384232879	37.491719	139.918347	8	0.370	-0.485	9.449	0.750
1428384232975	37.491719	139.918347	8	0.293	-0.484	9.432	0.750
1428384233075	37.491719	139.918346	8	0.235	-0.477	9.453	0.750
1428384233176	37.491719	139.918346	8	0.267	-0.468	9.440	0.750
1428384233277	37.491719	139.918345	8	0.319	-0.468	9.428	0.750
1428384233377	37.491718	139.918345	6	0.340	-0.468	9.447	0.625
1428384233478	37.491716	139.918345	6	0.341	-0.460	9.442	0.495
1428384233579	37.491715	139.918345	6	0.353	-0.449	9.441	0.379
1428384233675	37.491714	139.918346	6	0.350	-0.445	9.427	0.284
1428384233775	37.491713	139.918346	6	0.343	-0.436	9.450	0.199
1428384233876	37.491712	139.918346	6	0.313	-0.428	9.444	0.129
1428384233977	37.491712	139.918346	6	0.284	-0.433	9.415	0.073
1428384234077	37.491711	139.918346	6	0.286	-0.448	9.432	0.034
1428384234178	37.491711	139.918346	6	0.333	-0.375	9.448	0.009
1428384261379	37.491766	139.918348	6	0.505	0.808	9.499	0.006
1428384261475	37.491766	139.918348	6	0.526	0.826	9.387	0.026
1428384261576	37.491766	139.918348	6	0.554	0.836	9.431	0.061
1428384261676	37.491767	139.918348	6	0.551	0.779	9.463	0.112
1428384261777	37.491767	139.918348	6	0.490	0.747	9.450	0.178
1428384261878	37.491768	139.918348	6	0.474	0.694	9.428	0.259
1428384261978	37.491768	139.918348	6	0.403	0.693	9.422	0.355
1428384262079	37.491769	139.918348	6	0.355	0.662	9.436	0.467
1428384262175	37.491770	139.918348	6	0.374	0.653	9.430	0.587
1428384262276	37.491771	139.918348	6	0.414	0.621	9.463	0.729
1428384262376	37.491772	139.918348	6	0.438	0.619	9.447	0.769
1428384262477	37.491772	139.918349	6	0.466	0.658	9.385	0.791
1428384262578	37.491773	139.918349	6	0.523	0.691	9.307	0.815
1428384262678	37.491774	139.918350	6	0.600	0.700	9.440	0.839
1428384262779	37.491775	139.918350	6	0.590	0.656	9.533	0.863
1428384262875	37.491776	139.918351	6	0.604	0.655	9.514	0.888
1428384262976	37.491777	139.918351	6	0.486	0.643	9.365	0.914
1428384263076	37.491778	139.918352	6	0.377	0.619	9.505	0.940
1428384263177	37.491779	139.918352	6	0.389	0.603	9.451	0.968
1428384263278	37.491780	139.918353	6	0.451	0.607	9.383	0.997
1428384263378	37.491781	139.918353	5	0.441	0.589	9.482	1.020
1428384263479	37.491783	139.918354	5	0.375	0.632	9.455	1.043
1428384263575	37.491784	139.918354	5	0.310	0.649	9.359	1.066
1428384263675	37.491785	139.918355	5	0.241	0.632	9.419	1.090
1428384263776	37.491787	139.918355	5	0.243	0.594	9.359	1.115
1428384263877	37.491788	139.918356	5	0.286	0.552	9.428	1.140
1428384263978	37.491790	139.918356	5	0.344	0.553	9.385	1.166
1428384264078	37.491792	139.918357	5	0.496	0.598	9.351	1.192
1428384264179	37.491793	139.918357	5	0.588	0.593	9.432	1.220
1428384264275	37.491795	139.918358	5	0.556	0.518	9.532	1.246
1428384264375	37.491797	139.918358	6	0.437	0.478	9.506	1.334
1428384264476	37.491799	139.918359	6	0.340	0.520	9.439	1.444
1428384264577	37.491801	139.918359	6	0.250	0.552	9.438	1.565
1428384264678	37.491804	139.918359	6	0.117	0.493	9.493	1.698
1428384264778	37.491807	139.918360	6	0.059	0.503	9.424	1.841
1428384264879	37.491810	139.918360	6	0.124	0.537	9.317	1.997
1428384264975	37.491813	139.918360	6	0.235	0.533	9.443	2.156
1428384265075	37.491817	139.918361	6	0.353	0.449	9.567	2.333
1428384265176	37.491820	139.918361	6	0.412	0.391	9.517	2.522
1428384265277	37.491824	139.918362	6	0.464	0.381	9.483	2.723
1428384265377	37.491828	139.918362	6	0.434	0.435	9.506	2.825
1428384265478	37.491831	139.918361	6	0.326	0.426	9.539	2.915
1428384265579	37.491835	139.918361	6	0.272	0.413	9.510	3.007
1428384265680	37.491838	139.918360	6	0.268	0.397	9.460	3.103
1428384265775	37.491842	139.918360	6	0.205	0.374	9.473	3.197
1428384265876	37.491845	139.918359	6	0.067	0.395	9.353	3.299
1428384265977	37.491849	139.918359	6	0.095	0.450	9.444	3.404
1428384266077	37.491853	139.918358	6	0.141	0.552	9.260	3.511
1428384266178	37.491857	139.918358	6	0.198	0.552	9.401	3.623
1428384266279	37.491862	139.918357	6	0.178	0.633	9.130	3.737
1428384266379	37.491865	139.918357	6	-0.017	0.733	8.822	3.750
1428384266475	37.491869	139.918356	6	0.078	0.564	9.372	3.750
1428384266576	37.491873	139.918356	6	0.117	0.421	9.627	3.750
1428384266677	37.491876	139.918355	6	0.132	0.437	9.460	3.750
1428384266777	37.491880	139.918355	6	0.307	0.494	9.495	3.750
1428384266878	37.491884	139.918355	6	0.399	0.375	9.633	3.750
1428384266979	37.491887	139.918354	6	0.458	0.280	9.510	3.750
1428384267079	37.491891	139.918354	6	0.585	0.384	9.362	3.750
1428384267175	37.491895	139.918353	6	0.549	0.315	9.489	3.750
1428384267276	37.491898	139.918353	6	0.342	0.274	9.360	3.750
1428384267376	37.491902	139.918353	6	0.073	0.315	9.459	3.771
1428384267477	37.491906	139.918353	6	-0.093	0.380	9.547	3.796
1428384267578	37.491910	139.918354	6	0.076	0.505	9.110	3.820
1428384267679	37.491914	139.918354	6	0.341	0.435	9.171	3.845
1428384267779	37.491918	139.918354	6	0.644	0.256	9.579	3.870
1428384267875	37.491922	139.918354	6	0.763	0.138	9.636	3.894
1428384267976	37.491925	139.918354	6	0.835	0.119	9.552	3.920
1428384268076	37.491929	139.918355	6	0.786	0.202	9.402	3.945
1428384268177	37.491933	139.918355	6	0.620	0.161	9.489	3.971
1428384268278	37.491938	139.918355	6	0.301	0.116	9.492	3.997
1428384268379	37.491942	139.918356	6	-0.030	0.114	9.422	4.000
1428384268479	37.491946	139.918357	6	-0.015	0.157	9.302	4.000
1428384268575	37.491949	139.918358	6	0.084	0.191	9.276	4.000
1428384268676	37.491953	139.918358	6	0.241	0.126	9.544	4.000
1428384268776	37.491957	139.918359	6	0.397	0.106	9.595	4.000
1428384268877	37.491961	139.918360	6	0.438	0.215	9.429	4.000
1428384268978	37.491966	139.918361	6	0.362	0.298	9.488	4.000
1428384269078	37.491970	139.918362	6	0.435	0.257	9.689	4.000
1428384269179	37.491974	139.918363	6	0.332	0.281	9.630	4.000
1428384269275	37.491977	139.918364	6	0.186	0.406	9.424	4.000
1428384269376	37.491982	139.918366	6	0.233	0.558	9.082	4.021
1428384269476	37.491986	139.918368	6	0.261	0.577	9.166	4.045
1428384269577	37.491990	139.918370	6	0.200	0.490	9.555	4.070
1428384269678	37.491995	139.918372	6	0.064	0.429	9.541	4.095
1428384269778	37.491999	139.918374	6	0.086	0.462	9.468	4.120
1428384269875	37.492003	139.918376	6	0.134	0.432	9.594	4.144
1428384269975	37.492008	139.918378	6	0.340	0.383	9.735	4.170
1428384270075	37.492012	139.918380	6	0.281	0.401	9.473	4.195
1428384270176	37.492017	139.918383	6	0.283	0.354	9.326	4.221
1428384270277	37.492021	139.918385	6	0.352	0.358	9.377	4.247
1428384270378	37.492027	139.918390	11	0.310	0.492	9.394	4.330
1428384270478	37.492034	139.918397	11	0.174	0.607	9.362	4.422
1428384270579	37.492040	139.918403	11	0.106	0.673	9.393	4.517
1428384270675	37.492047	139.918409	11	0.139	0.568	9.508	4.610
1428384270775	37.492054	139.918416	11	0.139	0.407	9.354	4.709
1428384270876	37.492061	139.918423	11	0.176	0.241	9.278	4.810
1428384270977	37.492068	139.918430	11	0.209	0.064	9.413	4.914
1428384271078	37.492075	139.918437	11	0.279	-0.039	9.597	5.020
1428384271178	37.492083	139.918445	11	0.226	-0.033	9.257	5.128
1428384271279	37.492090	139.918452	11	0.294	-0.042	9.315	5.238
1428384271375	37.492095	139.918455	11	0.339	-0.090	9.537	5.228
1428384271475	37.492100	139.918458	11	0.348	-0.089	9.568	5.203
1428384271576	37.492104	139.918460	11	0.415	-0.001	9.254	5.177
1428384271677	37.492109	139.918462	11	0.484	-0.024	9.310	5.152
1428384271777	37.492114	139.918465	11	0.487	-0.085	9.617	5.127
1428384271878	37.492118	139.918467	11	0.387	-0.061	9.489	5.102
1428384271979	37.492123	139.918470	11	0.339	0.002	9.250	5.076
1428384272075	37.492127	139.918472	11	0.300	-0.023	9.313	5.053
1428384272175	37.492132	139.918474	11	0.255	-0.069	9.557	5.028
1428384272276	37.492136	139.918477	11	0.303	-0.059	9.544	5.003
1428384272377	37.492141	139.918480	5	0.372	-0.044	9.387	4.978
1428384272477	37.492145	139.918483	5	0.443	-0.050	9.461	4.952
1428384272578	37.492149	139.918487	5	0.512	-0.043	9.535	4.927
1428384272679	37.492153	139.918490	5	0.497	-0.054	9.390	4.901
1428384272779	37.492157	139.918493	5	0.446	-0.046	9.376	4.876
1428384272875	37.492161	139.918497	5	0.383	-0.046	9.479	4.852
1428384272976	37.492165	139.918500	5	0.352	-0.051	9.480	4.827
1428384273077	37.492169	139.918503	5	0.337	-0.028	9.369	4.802
1428384273178	37.492173	139.918506	5	0.389	-0.050	9.473	4.777
1428384273278	37.492177	139.918510	5	0.432	-0.013	9.488	4.753
1428384273379	37.492181	139.918511	5	0.352	-0.021	9.369	4.750
1428384273479	37.492185	139.918513	5	0.292	-0.102	9.532	4.750
1428384273575	37.492189	139.918515	5	0.297	-0.093	9.497	4.750
1428384273676	37.492193	139.918516	5	0.356	0.005	9.294	4.750
1428384273776	37.492197	139.918518	5	0.426	0.023	9.318	4.750
1428384273877	37.492202	139.918519	5	0.428	-0.032	9.440	4.750
1428384273978	37.492206	139.918521	5	0.445	-0.043	9.465	4.750
1428384274079	37.492210	139.918523	5	0.443	-0.026	9.369	4.750
1428384274179	37.492214	139.918524	5	0.429	-0.042	9.481	4.750
1428384274275	37.492218	139.918526	5	0.426	-0.044	9.593	4.750
1428384274376	37.492223	139.918528	5	0.362	-0.034	9.423	4.705
1428384274476	37.492227	139.918529	5	0.290	-0.044	9.250	4.653
1428384274577	37.492231	139.918531	5	0.296	-0.085	9.383	4.601
1428384274678	37.492235	139.918533	5	0.387	-0.058	9.474	4.549
1428384274779	37.492239	139.918535	5	0.502	0.032	9.443	4.499
1428384274879	37.492243	139.918536	5	0.578	0.041	9.468	4.449
1428384274975	37.492246	139.918538	5	0.558	0.055	9.445	4.402
1428384275076	37.492250	139.918540	5	0.458	0.055	9.431	4.352
1428384275176	37.492254	139.918541	5	0.421	0.031	9.439	4.304
1428384275277	37.492258	139.918543	5	0.405	0.022	9.385	4.256
1428384275378	37.492261	139.918545	5	0.359	-0.003	9.420	4.250
1428384275478	37.492264	139.918546	5	0.376	-0.058	9.530	4.250
1428384275579	37.492267	139.918548	5	0.438	-0.054	9.449	4.250
1428384275675	37.492270	139.918550	5	0.438	-0.054	9.366	4.250
1428384275775	37.492273	139.918552	5	0.427	-0.068	9.508	4.250
1428384275876	37.492276	139.918554	5	0.406	-0.073	9.509	4.250
1428384275977	37.492279	139.918555	5	0.361	-0.026	9.360	4.250
1428384276078	37.492282	139.918557	5	0.328	-0.032	9.380	4.250
1428384276178	37.492286	139.918559	5	0.306	-0.054	9.398	4.250
1428384276280	37.492289	139.918561	5	0.350	-0.054	9.477	4.250
1428384276375	37.492292	139.918563	5	0.372	-0.009	9.463	4.250
1428384276475	37.492296	139.918565	5	0.404	0.001	9.402	4.250
1428384276576	37.492300	139.918567	5	0.323	-0.017	9.436	4.250
1428384276677	37.492304	139.918569	5	0.328	-0.035	9.471	4.250
1428384276778	37.492309	139.918571	5	0.252	-0.072	9.508	4.250
1428384276878	37.492313	139.918573	5	0.156	-0.044	9.403	4.250
1428384276979	37.492317	139.918575	5	0.161	-0.066	9.506	4.250
1428384277075	37.492320	139.918577	5	0.181	-0.044	9.342	4.250
1428384277175	37.492324	139.918580	5	0.229	-0.019	9.368	4.250
1428384277276	37.492328	139.918582	5	0.214	-0.024	9.386	4.250
1428384277377	37.492332	139.918585	5	0.244	-0.006	9.423	4.250
1428384277477	37.492335	139.918587	5	0.248	-0.011	9.490	4.250
1428384277578	37.492339	139.918590	5	0.258	-0.000	9.465	4.250
1428384277679	37.492342	139.918593	5	0.272	0.022	9.447	4.250
1428384277775	37.492345	139.918596	5	0.212	-0.020	9.472	4.250
1428384277875	37.492348	139.918599	5	0.123	-0.013	9.404	4.250
1428384277976	37.492352	139.918602	5	0.095	0.010	9.328	4.250
1428384278077	37.492355	139.918605	5	0.155	0.002	9.493	4.250
1428384278177	37.492358	139.918608	5	0.166	-0.022	9.470	4.250
1428384278278	37.492362	139.918611	5	0.170	-0.007	9.434	4.250
1428384278379	37.492365	139.918614	5	0.221	0.033	9.375	4.250
1428384278480	37.492368	139.918617	5	0.193	0.018	9.435	4.250
1428384278575	37.492371	139.918620	5	0.162	-0.014	9.517	4.250
1428384278676	37.492374	139.918623	5	0.137	-0.009	9.532	4.250
1428384278777	37.492377	139.918626	5	0.091	0.000	9.425	4.250
1428384278877	37.492380	139.918629	5	0.064	0.014	9.388	4.250
1428384278978	37.492383	139.918632	5	0.085	0.033	9.456	4.250
1428384279079	37.492386	139.918635	5	0.174	0.001	9.534	4.250
1428384279179	37.492390	139.918639	5	0.186	-0.014	9.505	4.250
1428384279275	37.492393	139.918642	5	0.219	-0.002	9.429	4.250
1428384279376	37.492396	139.918645	5	0.265	0.037	9.394	4.250
1428384279476	37.492399	139.918648	5	0.258	0.063	9.384	4.250
1428384279577	37.492403	139.918651	5	0.203	0.053	9.418	4.250
1428384279678	37.492406	139.918654	5	0.176	0.025	9.449	4.250
1428384279779	37.492410	139.918657	5	0.206	-0.016	9.459	4.250
1428384279879	37.492413	139.918660	5	0.203	-0.014	9.378	4.250
1428384279975	37.492416	139.918663	5	0.175	0.008	9.351	4.250
1428384280076	37.492420	139.918666	5	0.140	-0.003	9.428	4.250
1428384280176	37.492423	139.918669	5	0.086	-0.039	9.459	4.250
1428384280277	37.492427	139.918672	5	0.125	-0.012	9.482	4.250
1428384280378	37.492429	139.918673	5	0.232	0.029	9.361	4.227
1428384280479	37.492432	139.918675	5	0.272	0.020	9.359	4.202
1428384280579	37.492435	139.918677	5	0.294	0.021	9.464	4.176
1428384280675	37.492437	139.918678	5	0.288	0.006	9.533	4.152
1428384280776	37.492440	139.918680	5	0.247	0.024	9.409	4.127
1428384280876	37.492442	139.918681	5	0.209	0.026	9.406	4.102
1428384280977	37.492445	139.918683	5	0.112	0.040	9.397	4.077
1428384281078	37.492448	139.918685	5	0.043	-0.007	9.583	4.052
1428384281178	37.492450	139.918686	5	0.056	0.034	9.372	4.027
1428384281279	37.492453	139.918688	5	0.133	0.069	9.226	4.003
1428384281375	37.492455	139.918690	5	0.269	0.027	9.375	3.978
1428384281475	37.492458	139.918692	5	0.355	-0.020	9.614	3.953
1428384281576	37.492461	139.918694	5	0.339	0.015	9.469	3.927
1428384281677	37.492463	139.918696	5	0.261	0.001	9.411	3.901
1428384281778	37.492466	139.918698	5	0.149	0.029	9.432	3.876
1428384281878	37.492468	139.918700	5	0.090	0.069	9.352	3.851
1428384281979	37.492471	139.918702	5	0.102	0.067	9.418	3.826
1428384282075	37.492474	139.918704	5	0.101	0.024	9.475	3.802
1428384282175	37.492476	139.918706	5	0.202	0.001	9.443	3.778
1428384282276	37.492479	139.918708	5	0.289	0.013	9.416	3.753
1428384282377	37.492482	139.918709	4	0.340	0.055	9.480	3.750
1428384282478	37.492485	139.918711	4	0.290	0.047	9.528	3.750
1428384282578	37.492489	139.918713	4	0.206	0.032	9.460	3.750
1428384282679	37.492492	139.918714	4	0.139	0.027	9.451	3.750
1428384282775	37.492495	139.918716	4	0.086	-0.010	9.397	3.750
1428384282875	37.492499	139.918717	4	0.086	-0.075	9.440	3.750
1428384282976	37.492502	139.918719	4	0.115	-0.134	9.496	3.750
1428384283077	37.492506	139.918721	4	0.138	-0.172	9.398	3.750
1428384283177	37.492509	139.918722	4	0.217	-0.199	9.399	3.750
1428384283278	37.492513	139.918724	4	0.262	-0.267	9.503	3.750
1428384283379	37.492516	139.918726	4	0.201	-0.328	9.531	3.750
1428384283475	37.492519	139.918728	4	0.124	-0.334	9.441	3.750
1428384283575	37.492522	139.918730	4	0.061	-0.351	9.367	3.750
1428384283676	37.492526	139.918732	4	0.061	-0.385	9.415	3.750
1428384283777	37.492529	139.918734	4	0.138	-0.403	9.512	3.750
1428384283877	37.492532	139.918736	4	0.145	-0.363	9.442	3.750
1428384283978	37.492536	139.918738	4	0.130	-0.370	9.356	3.750
1428384284079	37.492539	139.918740	4	0.128	-0.500	9.504	3.750
1428384284175	37.492542	139.918742	4	0.163	-0.502	9.396	3.750
1428384284275	37.492545	139.918744	4	0.193	-0.504	9.412	3.750
1428384284376	37.492549	139.918746	4	0.166	-0.566	9.521	3.750
1428384284477	37.492552	139.918748	4	0.124	-0.622	9.500	3.750
1428384284577	37.492555	139.918749	4	0.046	-0.644	9.429	3.750
1428384284678	37.492558	139.918751	4	0.063	-0.646	9.411	3.750
1428384284779	37.492561	139.918753	4	0.117	-0.644	9.413	3.750
1428384284879	37.492564	139.918755	4	0.181	-0.604	9.358	3.750
1428384284975	37.492567	139.918757	4	0.228	-0.663	9.503	3.750
1428384285076	37.492570	139.918759	4	0.264	-0.728	9.607	3.750
1428384285177	37.492573	139.918761	4	0.223	-0.626	9.350	3.750
1428384285277	37.492576	139.918763	4	0.174	-0.556	9.266	3.750
1428384285378	37.492579	139.918765	4	0.156	-0.626	9.488	3.727
1428384285479	37.492581	139.918766	4	0.205	-0.643	9.551	3.701
1428384285579	37.492584	139.918768	4	0.227	-0.563	9.417	3.676
1428384285675	37.492587	139.918770	4	0.211	-0.551	9.405	3.652
1428384285776	37.492590	139.918771	4	0.175	-0.590	9.533	3.626
1428384285877	37.492593	139.918773	4	0.124	-0.614	9.530	3.601
1428384285977	37.492595	139.918775	4	0.068	-0.598	9.399	3.576
1428384286078	37.492598	139.918776	4	0.058	-0.586	9.406	3.552
1428384286179	37.492601	139.918778	4	0.108	-0.592	9.474	3.527
1428384286279	37.492604	139.918780	4	0.186	-0.547	9.426	3.503
1428384286375	37.492605	139.918781	4	0.216	-0.515	9.392	3.341
1428384286476	37.492607	139.918782	4	0.214	-0.493	9.420	3.159
1428384286576	37.492609	139.918783	4	0.200	-0.505	9.532	2.987
1428384286677	37.492610	139.918784	4	0.176	-0.488	9.488	2.822
1428384286778	37.492612	139.918784	4	0.157	-0.444	9.375	2.666
1428384286879	37.492613	139.918785	4	0.143	-0.403	9.382	2.517
1428384286979	37.492614	139.918786	4	0.124	-0.380	9.449	2.379
1428384287075	37.492616	139.918787	4	0.107	-0.365	9.452	2.253
1428384287176	37.492617	139.918787	4	0.101	-0.363	9.397	2.130
1428384287276	37.492618	139.918788	4	0.121	-0.365	9.425	2.015
1428384287377	37.492619	139.918788	4	0.159	-0.374	9.477	1.921
1428384287478	37.492620	139.918789	4	0.167	-0.387	9.446	1.833
1428384287578	37.492621	139.918789	4	0.176	-0.434	9.425	1.749
1428384287679	37.492622	139.918790	4	0.176	-0.522	9.431	1.667
1428384287775	37.492623	139.918790	4	0.156	-0.616	9.436	1.593
1428384287876	37.492624	139.918791	4	0.139	-0.687	9.431	1.519
1428384287976	37.492625	139.918791	4	0.149	-0.721	9.433	1.448
1428384288077	37.492625	139.918791	4	0.153	-0.750	9.443	1.381
1428384288178	37.492626	139.918792	4	0.148	-0.775	9.457	1.317
1428384288278	37.492627	139.918792	4	0.150	-0.782	9.435	1.257
1428384288379	37.492628	139.918792	3	0.161	-0.784	9.432	1.195
1428384288475	37.492628	139.918792	3	0.166	-0.780	9.432	1.139
1428384288575	37.492629	139.918793	3	0.165	-0.750	9.429	1.082
1428384288676	37.492629	139.918793	3	0.162	-0.709	9.430	1.027
1428384288777	37.492630	139.918793	3	0.166	-0.644	9.442	0.975
1428384288878	37.492630	139.918793	3	0.165	-0.575	9.434	0.926
1428384288978	37.492631	139.918793	3	0.162	-0.504	9.420	0.879
1428384289079	37.492631	139.918794	3	0.169	-0.447	9.440	0.835
1428384289175	37.492632	139.918794	3	0.186	-0.385	9.448	0.795
1428384289275	37.492632	139.918794	3	0.195	-0.337	9.452	0.756
1428384289376	37.492633	139.918794	4	0.189	-0.310	9.440	0.725
1428384289477	37.492633	139.918794	4	0.177	-0.292	9.440	0.696
1428384289578	37.492634	139.918794	4	0.160	-0.270	9.439	0.668
1428384289678	37.492634	139.918794	4	0.167	-0.261	9.431	0.641
1428384289779	37.492635	139.918795	4	0.171	-0.256	9.436	0.615
1428384289875	37.492635	139.918795	4	0.163	-0.249	9.432	0.592
1428384289975	37.492636	139.918795	4	0.171	-0.252	9.437	0.568
1428384290076	37.492636	139.918795	4	0.171	-0.256	9.451	0.545
1428384290177	37.492637	139.918795	4	0.173	-0.257	9.439	0.523
1428384290277	37.492637	139.918795	4	0.163	-0.251	9.449	0.503
1428384290378	37.492637	139.918795	4	0.161	-0.245	9.439	0.416
1428384290479	37.492636	139.918795	4	0.172	-0.159	9.460	0.329
1428384290575	37.492636	139.918795	4	0.174	-0.024	9.455	0.256
1428384290675	37.492636	139.918794	4	0.170	0.103	9.426	0.189
1428384290776	37.492636	139.918794	4	0.178	0.145	9.396	0.132
1428384290877	37.492635	139.918794	4	0.187	0.103	9.433	0.085
1428384290977	37.492635	139.918794	4	0.193	0.054	9.429	0.049
1428384291078	37.492635	139.918794	4	0.183	0.036	9.430	0.022
1428384291179	37.492635	139.918794	4	0.176	0.061	9.430	0.006
1428384309377	37.492610	139.918804	3	0.187	0.759	9.454	0.002
1428384309477	37.492610	139.918804	3	0.181	0.777	9.418	0.009
1428384309578	37.492610	139.918804	3	0.175	0.798	9.438	0.021
1428384309679	37.492610	139.918804	3	0.166	0.818	9.453	0.038
1428384309780	37.492611	139.918804	3	0.160	0.837	9.433	0.060
1428384309875	37.492611	139.918804	3	0.171	0.854	9.438	0.086
1428384309976	37.492611	139.918804	3	0.195	0.897	9.436	0.118
1428384310077	37.492612	139.918805	3	0.225	0.948	9.432	0.155
1428384310177	37.492612	139.918805	3	0.232	0.983	9.446	0.197
1428384310278	37.492613	139.918805	3	0.212	1.027	9.445	0.244
1428384310379	37.492613	139.918805	4	0.175	1.075	9.427	0.265
1428384310479	37.492614	139.918806	4	0.153	1.090	9.408	0.284
1428384310575	37.492614	139.918806	4	0.142	1.075	9.447	0.304
1428384310676	37.492615	139.918806	4	0.151	1.094	9.451	0.327
1428384310776	37.492615	139.918807	4	0.215	1.107	9.378	0.351
1428384310877	37.492616	139.918807	4	0.299	1.051	9.379	0.377
1428384310978	37.492617	139.918807	4	0.278	0.921	9.447	0.404
1428384311079	37.492617	139.918808	4	0.236	0.639	9.410	0.433
1428384311179	37.492618	139.918808	4	0.256	0.404	9.466	0.464
1428384311275	37.492619	139.918809	4	0.210	0.323	9.506	0.495
1428384311376	37.492620	139.918809	4	0.133	0.307	9.432	0.500
1428384311477	37.492620	139.918810	4	0.140	0.314	9.419	0.500
1428384311577	37.492621	139.918810	4	0.194	0.276	9.454	0.500
1428384311678	37.492621	139.918811	4	0.174	0.256	9.453	0.500
1428384311779	37.492622	139.918811	4	0.177	0.262	9.418	0.500
1428384311879	37.492623	139.918811	4	0.239	0.254	9.479	0.500
1428384311975	37.492623	139.918812	4	0.304	0.262	9.438	0.500
1428384312076	37.492624	139.918812	4	0.286	0.292	9.359	0.500
1428384312176	37.492624	139.918813	4	0.253	0.286	9.357	0.500
1428384312277	37.492625	139.918813	4	0.266	0.212	9.459	0.500
1428384312378	37.492626	139.918813	4	0.261	0.186	9.532	0.518
1428384312479	37.492626	139.918814	4	0.203	0.203	9.421	0.540
1428384312579	37.492627	139.918815	4	0.160	0.211	9.413	0.562
1428384312675	37.492628	139.918815	4	0.165	0.175	9.493	0.584
1428384312776	37.492629	139.918816	4	0.228	0.155	9.465	0.609
1428384312876	37.492630	139.918817	4	0.253	0.211	9.484	0.634
1428384312977	37.492631	139.918818	4	0.242	0.212	9.423	0.661
1428384313078	37.492632	139.918818	4	0.251	0.166	9.506	0.689
1428384313178	37.492633	139.918819	4	0.210	0.165	9.453	0.717
1428384313279	37.492634	139.918820	4	0.187	0.193	9.379	0.747
1428384313375	37.492635	139.918821	4	0.253	0.198	9.443	0.768
1428384313475	37.492636	139.918821	4	0.280	0.184	9.450	0.791
1428384313576	37.492637	139.918822	4	0.231	0.190	9.354	0.814
1428384313677	37.492638	139.918823	4	0.186	0.183	9.463	0.838
1428384313778	37.492639	139.918824	4	0.190	0.130	9.530	0.863
1428384313878	37.492641	139.918824	4	0.115	0.169	9.372	0.888
1428384313979	37.492642	139.918825	4	0.076	0.255	9.298	0.915
1428384314075	37.492643	139.918826	4	0.235	0.337	9.327	0.940
1428384314175	37.492644	139.918827	4	0.419	0.288	9.524	0.968
1428384314276	37.492646	139.918828	4	0.330	0.185	9.675	0.996
1428384314377	37.492647	139.918829	4	0.156	0.211	9.504	1.071
1428384314477	37.492649	139.918830	4	0.132	0.287	9.353	1.161
1428384314578	37.492651	139.918832	4	0.089	0.312	9.348	1.261
1428384314679	37.492653	139.918833	4	-0.005	0.258	9.417	1.372
1428384314775	37.492655	139.918835	4	0.012	0.274	9.412	1.486
1428384314875	37.492657	139.918837	4	0.130	0.263	9.440	1.615
1428384314976	37.492660	139.918839	4	0.175	0.128	9.517	1.754
1428384315077	37.492663	139.918841	4	0.084	0.073	9.434	1.903
1428384315177	37.492666	139.918843	4	0.159	0.151	9.285	2.061
1428384315278	37.492669	139.918846	4	0.374	0.162	9.403	2.229
1428384315379	37.492671	139.918848	4	0.420	0.124	9.565	2.271
1428384315475	37.492673	139.918849	4	0.387	0.120	9.406	2.294
1428384315575	37.492676	139.918851	4	0.362	0.127	9.313	2.319
1428384315676	37.492678	139.918853	4	0.387	0.063	9.543	2.343
1428384315777	37.492681	139.918855	4	0.458	0.124	9.645	2.368
1428384315877	37.492683	139.918856	4	0.333	0.200	9.435	2.394
1428384315978	37.492686	139.918858	4	0.150	0.160	9.345	2.419
1428384316079	37.492689	139.918860	4	0.079	0.051	9.463	2.445
1428384316175	37.492691	139.918862	4	0.097	0.044	9.516	2.470
1428384316275	37.492694	139.918864	4	0.146	0.080	9.462	2.496
1428384316376	37.492696	139.918866	4	0.148	0.073	9.460	2.500
1428384316477	37.492698	139.918867	4	0.252	0.048	9.489	2.500
1428384316577	37.492701	139.918869	4	0.336	0.035	9.502	2.500
1428384316678	37.492703	139.918871	4	0.305	0.021	9.512	2.500
1428384316779	37.492706	139.918873	4	0.245	0.045	9.362	2.500
1428384316880	37.492708	139.918875	4	0.272	0.115	9.328	2.500
1428384316975	37.492710	139.918876	4	0.375	0.131	9.366	2.500
1428384317076	37.492713	139.918878	4	0.448	0.094	9.466	2.500
1428384317177	37.492715	139.918880	4	0.416	0.090	9.514	2.500
1428384317277	37.492718	139.918882	4	0.333	0.118	9.419	2.500
1428384317378	37.492720	139.918884	4	0.252	0.151	9.368	2.500
1428384317479	37.492722	139.918886	4	0.168	0.147	9.403	2.500
1428384317579	37.492724	139.918887	4	0.113	0.170	9.395	2.500
1428384317675	37.492726	139.918889	4	0.152	0.210	9.356	2.500
1428384317776	37.492729	139.918891	4	0.216	0.205	9.414	2.500
1428384317877	37.492731	139.918893	4	0.255	0.168	9.504	2.500
1428384317977	37.492733	139.918895	4	0.293	0.145	9.473	2.500
1428384318078	37.492735	139.918897	4	0.319	0.120	9.492	2.500
1428384318179	37.492738	139.918899	4	0.321	0.088	9.499	2.500
1428384318279	37.492740	139.918901	4	0.333	0.104	9.471	2.500
1428384318375	37.492742	139.918902	4	0.320	0.100	9.430	2.500
1428384318476	37.492744	139.918904	4	0.233	0.088	9.375	2.500
1428384318576	37.492746	139.918906	4	0.112	0.114	9.351	2.500
1428384318677	37.492748	139.918908	4	0.053	0.151	9.348	2.500
1428384318778	37.492750	139.918909	4	0.096	0.134	9.366	2.500
1428384318878	37.492752	139.918911	4	0.141	0.109	9.447	2.500
1428384318979	37.492754	139.918913	4	0.155	0.086	9.460	2.500
1428384319075	37.492756	139.918914	4	0.198	0.075	9.443	2.500
1428384319176	37.492759	139.918916	4	0.267	0.073	9.457	2.500
1428384319276	37.492761	139.918918	4	0.296	0.091	9.487	2.500
1428384319377	37.492763	139.918919	3	0.261	0.121	9.444	2.500
1428384319478	37.492765	139.918921	3	0.144	0.142	9.393	2.500
1428384319579	37.492767	139.918922	3	0.066	0.141	9.389	2.500
1428384319679	37.492769	139.918923	3	0.080	0.144	9.401	2.500
1428384319775	37.492771	139.918925	3	0.116	0.144	9.431	2.500
1428384319876	37.492773	139.918926	3	0.128	0.131	9.449	2.500
1428384319976	37.492775	139.918928	3	0.158	0.114	9.419	2.500
1428384320077	37.492778	139.918929	3	0.245	0.104	9.449	2.500
1428384320178	37.492780	139.918930	3	0.289	0.102	9.451	2.500
1428384320278	37.492782	139.918932	3	0.226	0.123	9.433	2.500
1428384320379	37.492784	139.918933	3	0.134	0.148	9.389	2.500
1428384320475	37.492786	139.918934	3	0.093	0.155	9.422	2.500
1428384320575	37.492788	139.918935	3	0.108	0.121	9.482	2.500
1428384320676	37.492790	139.918937	3	0.161	0.124	9.439	2.500
1428384320777	37.492793	139.918938	3	0.225	0.144	9.389	2.500
1428384320878	37.492795	139.918939	3	0.235	0.122	9.427	2.500
1428384320978	37.492797	139.918940	3	0.199	0.093	9.456	2.500
1428384321079	37.492799	139.918941	3	0.162	0.103	9.426	2.500
1428384321175	37.492801	139.918943	3	0.122	0.115	9.473	2.500
1428384321275	37.492804	139.918944	3	0.116	0.137	9.438	2.500
1428384321376	37.492806	139.918945	4	0.178	0.166	9.348	2.477
1428384321477	37.492808	139.918946	4	0.213	0.111	9.433	2.451
1428384321577	37.492810	139.918947	4	0.199	0.056	9.558	2.426
1428384321678	37.492812	139.918948	4	0.210	0.096	9.443	2.400
1428384321779	37.492815	139.918949	4	0.238	0.141	9.368	2.374
1428384321875	37.492817	139.918950	4	0.277	0.141	9.393	2.351
1428384321975	37.492819	139.918951	4	0.288	0.121	9.395	2.326
1428384322076	37.492821	139.918952	4	0.262	0.099	9.501	2.301
1428384322177	37.492823	139.918953	4	0.251	0.105	9.483	2.277
1428384322277	37.492825	139.918954	4	0.196	0.121	9.416	2.253
1428384322378	37.492827	139.918955	4	0.128	0.098	9.472	2.250
1428384322479	37.492829	139.918956	4	0.034	0.116	9.378	2.250
1428384322575	37.492831	139.918956	4	-0.097	0.100	9.364	2.250
1428384322675	37.492833	139.918957	4	-0.059	0.071	9.494	2.250
1428384322776	37.492836	139.918958	4	0.132	0.162	9.330	2.250
1428384322877	37.492838	139.918959	4	0.163	0.178	9.280	2.250
1428384322977	37.492840	139.918959	4	0.191	0.080	9.479	2.250
1428384323078	37.492842	139.918960	4	0.310	-0.032	9.692	2.250
1428384323179	37.492845	139.918961	4	0.385	-0.122	9.679	2.250
1428384323279	37.492847	139.918962	4	0.301	-0.121	9.535	2.250
1428384323375	37.492849	139.918963	4	0.137	-0.120	9.320	2.250
1428384323476	37.492851	139.918964	4	0.046	-0.124	9.190	2.250
1428384323577	37.492853	139.918965	4	0.083	-0.154	9.329	2.250
1428384323677	37.492855	139.918965	4	0.091	-0.193	9.476	2.250
1428384323778	37.492857	139.918966	4	0.086	-0.233	9.455	2.250
1428384323879	37.492859	139.918967	4	0.095	-0.237	9.413	2.250
1428384323979	37.492861	139.918968	4	0.079	-0.235	9.408	2.250
1428384324075	37.492863	139.918969	4	0.087	-0.225	9.381	2.250
1428384324176	37.492866	139.918970	4	0.100	-0.201	9.408	2.250
1428384324277	37.492868	139.918971	4	0.092	-0.107	9.464	2.250
1428384324377	37.492870	139.918972	4	0.143	-0.027	9.436	2.250
1428384324478	37.492872	139.918972	4	0.188	0.000	9.423	2.250
1428384324579	37.492874	139.918973	4	0.170	-0.053	9.438	2.250
1428384324679	37.492876	139.918974	4	0.148	-0.068	9.490	2.250
1428384324775	37.492878	139.918975	4	0.154	-0.057	9.450	2.250
1428384324876	37.492880	139.918976	4	0.166	-0.036	9.343	2.250
1428384324976	37.492882	139.918976	4	0.224	-0.063	9.362	2.250
1428384325077	37.492884	139.918977	4	0.255	-0.150	9.526	2.250
1428384325178	37.492886	139.918978	4	0.145	-0.203	9.541	2.250
1428384325279	37.492888	139.918979	4	0.023	-0.075	9.421	2.250
1428384325379	37.492890	139.918980	4	-0.013	0.111	9.367	2.250
1428384325475	37.492891	139.918981	4	0.083	0.208	9.404	2.250
1428384325576	37.492893	139.918982	4	0.161	0.234	9.432	2.250
1428384325676	37.492895	139.918982	4	0.160	0.205	9.437	2.250
1428384325777	37.492897	139.918983	4	0.169	0.207	9.446	2.250
1428384325878	37.492899	139.918984	4	0.176	0.232	9.493	2.250
1428384325979	37.492900	139.918985	4	0.165	0.263	9.494	2.250
1428384326079	37.492902	139.918986	4	0.098	0.336	9.551	2.250
1428384326175	37.492904	139.918987	4	0.100	0.521	9.528	2.250
1428384326276	37.492906	139.918988	4	0.238	0.731	9.268	2.250
1428384326376	37.492907	139.918989	4	0.356	0.763	9.322	2.250
1428384326477	37.492909	139.918990	4	0.299	0.802	9.549	2.250
1428384326578	37.492911	139.918991	4	0.190	0.863	9.410	2.250
1428384326678	37.492913	139.918992	4	0.182	0.959	9.337	2.250
1428384326779	37.492914	139.918993	4	0.230	0.976	9.397	2.250
1428384326875	37.492916	139.918994	4	0.217	0.951	9.542	2.250
1428384326975	37.492918	139.918996	4	0.128	0.960	9.376	2.250
1428384327076	37.492919	139.918997	4	0.072	0.917	9.346	2.250
1428384327177	37.492921	139.918998	4	0.095	0.906	9.416	2.250
1428384327278	37.492923	139.918999	4	0.168	0.937	9.411	2.250
1428384327378	37.492924	139.919000	4	0.215	0.934	9.376	2.250
1428384327479	37.492926	139.919002	4	0.222	0.968	9.450	2.250
1428384327575	37.492928	139.919003	4	0.187	1.025	9.348	2.250
1428384327675	37.492929	139.919005	4	0.192	1.046	9.329	2.250
1428384327776	37.492931	139.919006	4	0.181	1.060	9.525	2.250
1428384327877	37.492932	139.919008	4	0.120	1.126	9.530	2.250
1428384327978	37.492934	139.919009	4	0.223	1.254	9.314	2.250
1428384328078	37.492936	139.919011	4	0.369	1.321	9.231	2.250
1428384332172	37.493126	139.919129	10	0.334	1.254	9.538	6.250
1428384332177	37.493126	139.919129	10	0.332	1.243	9.554	6.250
1428384332278	37.493131	139.919132	10	0.241	0.683	9.664	6.250
1428384332378	37.493137	139.919136	6	0.107	0.310	9.560	6.272
1428384332479	37.493142	139.919141	6	0.028	0.165	9.443	6.296
1428384332575	37.493147	139.919145	6	0.045	0.062	9.503	6.320
1428384332676	37.493153	139.919150	6	0.042	-0.008	9.436	6.345
1428384332776	37.493158	139.919154	6	0.134	-0.090	9.670	6.370
1428384332877	37.493163	139.919159	6	0.095	0.022	9.450	6.396
1428384332978	37.493169	139.919163	6	0.043	0.085	9.163	6.421
1428384333078	37.493174	139.919168	6	0.005	-0.040	9.260	6.446
1428384333180	37.493180	139.919173	6	0.032	-0.165	9.612	6.472
1428384333275	37.493185	139.919177	6	0.084	-0.089	9.643	6.496
1428384333375	37.493190	139.919182	6	0.100	0.132	9.391	6.456
1428384333476	37.493194	139.919187	6	0.126	0.131	9.338	6.404
1428384333577	37.493198	139.919192	6	0.129	0.211	9.451	6.352
1428384333678	37.493203	139.919196	6	0.127	0.340	9.342	6.301
1428384333778	37.493207	139.919201	6	0.207	0.421	9.475	6.251
1428384333879	37.493211	139.919206	6	0.235	0.381	9.712	6.201
1428384333975	37.493215	139.919210	6	0.298	0.482	9.370	6.153
1428384334075	37.493219	139.919214	6	0.308	0.486	9.355	6.104
1428384334176	37.493223	139.919219	6	0.194	0.466	9.444	6.055
1428384334277	37.493227	139.919223	6	0.268	0.495	9.398	6.006
1428384334377	37.493233	139.919227	6	0.288	0.517	9.410	6.062
1428384334478	37.493239	139.919232	6	0.257	0.510	9.516	6.134
1428384334579	37.493245	139.919236	6	0.240	0.409	9.400	6.208
1428384334675	37.493251	139.919240	6	0.234	0.399	9.407	6.278
1428384334775	37.493258	139.919244	6	0.341	0.370	9.346	6.353
1428384334876	37.493264	139.919248	6	0.536	0.346	9.168	6.429
1428384334977	37.493270	139.919252	6	0.542	0.425	8.956	6.506
1428384335077	37.493277	139.919257	6	0.417	-0.039	10.047	6.583
1428384335178	37.493284	139.919261	6	0.356	-0.112	10.055	6.662
1428384335279	37.493290	139.919266	6	0.446	0.100	9.197	6.741
1428384335375	37.493296	139.919270	6	0.431	0.224	8.803	6.750
1428384335475	37.493302	139.919274	6	0.375	-0.001	9.455	6.750
1428384335576	37.493308	139.919278	6	0.271	-0.159	9.743	6.750
1428384335677	37.493314	139.919282	6	0.163	0.132	9.751	6.750
1428384335777	37.493320	139.919286	6	0.131	0.097	9.416	6.750
1428384335878	37.493326	139.919291	6	0.201	-0.163	9.523	6.750
1428384335979	37.493332	139.919295	6	0.260	0.023	9.317	6.750
1428384336079	37.493338	139.919299	6	0.347	0.271	9.240	6.750
1428384336175	37.493343	139.919303	6	0.293	0.096	9.695	6.750
1428384336276	37.493349	139.919307	6	0.097	0.029	9.740	6.750
1428384336376	37.493355	139.919311	5	0.044	0.192	9.076	6.728
1428384336477	37.493361	139.919314	5	0.071	0.189	9.172	6.703
1428384336578	37.493366	139.919317	5	0.131	-0.044	9.505	6.677
1428384336679	37.493372	139.919320	5	0.358	-0.049	9.794	6.652
1428384336779	37.493378	139.919323	5	0.555	0.233	9.399	6.627
1428384336875	37.493383	139.919326	5	0.423	0.201	9.347	6.603
1428384336976	37.493389	139.919329	5	0.180	0.045	9.287	6.577
1428384337076	37.493394	139.919332	5	0.075	0.137	9.392	6.553
1428384337177	37.493400	139.919336	5	0.053	0.214	9.470	6.528
1428384337278	37.493405	139.919339	5	0.045	0.202	9.390	6.503
1428384337379	37.493410	139.919344	5	-0.082	-0.019	9.620	6.500
1428384337479	37.493415	139.919349	5	0.270	0.095	9.476	6.500
1428384337575	37.493420	139.919354	5	-0.065	0.015	9.818	6.500
1428384337676	37.493425	139.919359	5	-0.257	0.281	9.052	6.500
1428384337776	37.493430	139.919364	5	-0.140	0.421	9.041	6.500
1428384337877	37.493435	139.919369	5	-0.065	0.397	9.390	6.500
1428384337978	37.493440	139.919374	5	-0.143	0.334	9.356	6.500
1428384338079	37.493445	139.919379	5	-0.056	0.368	9.393	6.500
1428384338179	37.493450	139.919384	5	0.057	0.318	9.459	6.500
1428384338275	37.493454	139.919389	5	0.064	-0.022	9.816	6.500
1428384338376	37.493459	139.919394	6	-0.027	0.007	9.928	6.521
1428384338476	37.493464	139.919398	6	0.044	0.206	9.436	6.546
1428384338577	37.493469	139.919403	6	0.038	0.439	8.819	6.571
1428384338678	37.493473	139.919407	6	-0.017	0.317	9.281	6.596
1428384338778	37.493478	139.919412	6	0.023	0.227	9.910	6.621
1428384338879	37.493483	139.919416	6	0.185	0.302	9.903	6.646
1428384338975	37.493488	139.919421	6	0.123	0.351	9.488	6.670
1428384339075	37.493493	139.919425	6	-0.033	0.284	8.880	6.695
1428384339176	37.493497	139.919430	6	0.048	0.167	9.295	6.721
1428384339277	37.493502	139.919434	6	0.054	0.150	9.867	6.747
1428384339378	37.493507	139.919438	6	0.101	0.296	9.635	6.772
1428384339478	37.493512	139.919442	6	0.079	0.282	9.501	6.796
1428384339579	37.493517	139.919445	6	-0.063	0.230	8.926	6.821
1428384339675	37.493521	139.919449	6	-0.072	0.202	9.119	6.845
1428384339775	37.493526	139.919452	6	0.072	0.266	9.593	6.870
1428384339876	37.493531	139.919456	6	0.040	0.237	9.600	6.895
1428384339977	37.493536	139.919460	6	0.090	0.251	9.439	6.921
1428384340078	37.493541	139.919463	6	0.101	0.136	9.246	6.946
1428384340178	37.493546	139.919467	6	0.111	0.093	9.460	6.972
1428384340279	37.493550	139.919471	6	0.073	0.159	9.569	6.997
1428384340375	37.493556	139.919475	8	0.140	0.205	9.533	7.021
1428384340475	37.493563	139.919480	8	0.198	0.254	9.304	7.046
1428384340576	37.493569	139.919485	8	0.179	0.222	9.298	7.071
1428384340677	37.493575	139.919491	8	0.226	0.247	9.244	7.096
1428384340777	37.493582	139.919496	8	0.162	0.239	9.395	7.121
1428384340878	37.493588	139.919501	8	0.220	0.229	9.501	7.146
1428384340979	37.493595	139.919506	8	0.197	0.115	9.692	7.171
1428384341075	37.493601	139.919511	8	0.154	0.193	9.457	7.196
1428384341175	37.493608	139.919516	8	0.216	0.298	9.372	7.221
1428384341276	37.493614	139.919521	8	0.189	0.391	9.382	7.246
1428384341377	37.493620	139.919524	8	0.150	0.407	9.481	7.250
1428384341477	37.493626	139.919527	8	0.265	0.480	9.661	7.250
1428384341578	37.493632	139.919530	8	0.296	0.495	9.582	7.250
1428384341679	37.493638	139.919533	8	0.267	0.502	9.322	7.250
1428384341779	37.493644	139.919536	8	0.246	0.508	9.313	7.250
1428384341875	37.493650	139.919538	8	0.180	0.502	9.517	7.250
1428384341976	37.493655	139.919541	8	0.182	0.578	9.432	7.250
1428384342077	37.493661	139.919544	8	0.284	0.654	9.276	7.250
1428384342177	37.493667	139.919547	8	0.332	0.592	9.353	7.250
1428384342278	37.493673	139.919550	8	0.438	0.533	9.637	7.250
1428384342379	37.493679	139.919554	6	0.401	0.590	9.548	7.293
1428384342479	37.493684	139.919558	6	0.343	0.581	9.336	7.342
1428384342575	37.493690	139.919563	6	0.280	0.596	9.283	7.389
1428384342676	37.493695	139.919567	6	0.301	0.656	9.377	7.439
1428384342776	37.493701	139.919572	6	0.336	0.601	9.535	7.489
1428384342877	37.493706	139.919577	6	0.327	0.527	9.461	7.539
1428384342978	37.493712	139.919581	6	0.278	0.465	9.486	7.590
1428384343079	37.493718	139.919586	6	0.133	0.391	9.548	7.642
1428384343179	37.493724	139.919591	6	0.108	0.430	9.353	7.693
1428384343275	37.493729	139.919595	6	0.171	0.501	9.298	7.742
1428384343376	37.493736	139.919598	6	0.227	0.393	9.564	7.792
1428384343476	37.493744	139.919601	6	0.263	0.323	9.740	7.841
1428384343577	37.493751	139.919604	6	0.159	0.354	9.492	7.890
1428384343678	37.493759	139.919607	6	0.190	0.313	9.290	7.940
1428384343779	37.493767	139.919610	6	0.210	0.316	9.326	7.991
1428384343879	37.493774	139.919613	6	0.271	0.379	9.359	8.041
1428384343975	37.493782	139.919616	6	0.267	0.403	9.428	8.089
1428384344076	37.493789	139.919619	6	0.219	0.306	9.581	8.140
1428384344176	37.493797	139.919622	6	0.155	0.272	9.525	8.191
1428384344277	37.493805	139.919625	6	0.137	0.303	9.376	8.243
1428384344378	37.493811	139.919629	6	0.197	0.324	9.307	8.228
1428384344478	37.493818	139.919634	6	0.210	0.257	9.525	8.202
1428384344579	37.493824	139.919638	6	0.220	0.256	9.493	8.177
1428384344675	37.493830	139.919642	6	0.239	0.257	9.264	8.153
1428384344776	37.493836	139.919647	6	0.286	0.186	9.362	8.128
1428384344876	37.493842	139.919652	6	0.251	0.017	9.707	8.103
1428384344977	37.493848	139.919656	6	0.215	0.059	9.555	8.077
1428384345078	37.493854	139.919661	6	0.187	0.102	9.268	8.052
1428384345178	37.493860	139.919665	6	0.184	0.017	9.330	8.028
1428384345279	37.493866	139.919670	6	0.168	0.008	9.704	8.003
1428384345375	37.493873	139.919674	5	0.100	0.029	9.561	8.021
1428384345476	37.493880	139.919679	5	0.024	-0.030	9.370	8.046
1428384345576	37.493887	139.919683	5	0.039	-0.076	9.504	8.071
1428384345677	37.493895	139.919688	5	0.088	-0.001	9.317	8.096
1428384345778	37.493902	139.919693	5	0.159	0.110	9.173	8.121
1428384345878	37.493909	139.919697	5	0.137	0.137	9.152	8.146
1428384345979	37.493916	139.919702	5	-0.109	-0.026	9.581	8.171
1428384346075	37.493923	139.919707	5	0.003	-0.151	9.850	8.196
1428384346175	37.493931	139.919712	5	-0.052	-0.167	9.695	8.221
1428384346276	37.493938	139.919716	5	-0.025	0.094	8.921	8.246
1428384346377	37.493945	139.919721	5	0.028	0.150	9.187	8.250
1428384346478	37.493951	139.919726	5	0.001	0.102	9.739	8.250
1428384346578	37.493958	139.919730	5	-0.079	0.092	9.753	8.250
1428384346679	37.493964	139.919735	5	-0.012	0.087	9.118	8.250
1428384346775	37.493971	139.919739	5	0.107	0.025	9.187	8.250
1428384346875	37.493977	139.919744	5	0.198	0.043	9.449	8.250
1428384346976	37.493984	139.919749	5	0.236	0.163	9.606	8.250
1428384347077	37.493990	139.919753	5	0.226	0.158	9.534	8.250
1428384347177	37.493997	139.919758	5	0.223	0.142	9.400	8.250
1428384347278	37.494003	139.919762	5	0.196	0.170	9.608	8.250
1428384347379	37.494011	139.919767	4	0.193	0.225	9.465	8.334
1428384347475	37.494018	139.919771	4	0.141	0.276	9.503	8.426
1428384347575	37.494025	139.919775	4	0.104	0.318	9.444	8.523
1428384347676	37.494033	139.919779	4	0.045	0.293	9.537	8.622
1428384347777	37.494040	139.919784	4	0.015	0.305	9.368	8.723
1428384347877	37.494048	139.919788	4	-0.093	0.280	9.385	8.823
1428384347978	37.494056	139.919793	4	-0.008	0.371	9.119	8.926
1428384348079	37.494064	139.919797	4	0.044	0.464	9.009	9.029
1428384348175	37.494072	139.919802	4	0.086	0.379	9.398	9.129
1428384348275	37.494080	139.919806	4	0.090	0.182	9.899	9.234
1428384348376	37.494087	139.919811	4	0.111	0.288	9.472	9.183
1428384348477	37.494094	139.919815	4	0.084	0.361	8.977	9.105
1428384348577	37.494101	139.919819	4	0.032	0.277	9.158	9.028
1428384348678	37.494108	139.919823	4	0.061	0.327	9.442	8.951
1428384348779	37.494114	139.919827	4	0.058	0.274	9.495	8.875
1428384348879	37.494121	139.919832	4	0.111	0.161	9.441	8.801
1428384348975	37.494128	139.919835	4	0.157	0.110	9.372	8.729
1428384349076	37.494134	139.919840	4	0.105	0.054	9.451	8.655
1428384349177	37.494141	139.919844	4	0.069	0.109	9.415	8.582
1428384349277	37.494147	139.919847	4	0.107	0.195	9.303	8.509
1428384349378	37.494154	139.919852	5	0.102	0.115	9.521	8.543
1428384349479	37.494160	139.919857	5	0.093	-0.013	9.879	8.592
1428384349579	37.494167	139.919862	5	0.060	0.008	9.700	8.642
1428384349675	37.494173	139.919867	5	-0.008	0.067	9.325	8.689
1428384349776	37.494180	139.919871	5	-0.044	0.076	9.382	8.739
1428384349876	37.494187	139.919876	5	-0.039	0.131	9.574	8.790
1428384349977	37.494194	139.919881	5	-0.067	0.036	9.824	8.840
1428384350078	37.494200	139.919886	5	-0.177	0.128	9.209	8.892
1428384350179	37.494207	139.919891	5	-0.169	0.211	8.936	8.943
1428384350279	37.494214	139.919896	5	-0.153	0.152	9.125	8.994
1428384350375	37.494221	139.919901	5	0.047	0.203	9.383	8.978
1428384350476	37.494228	139.919905	5	0.232	0.179	9.161	8.953
1428384350576	37.494235	139.919909	5	0.244	0.055	9.134	8.928
1428384350677	37.494242	139.919913	5	0.315	-0.062	9.449	8.902
1428384350778	37.494249	139.919917	5	0.409	-0.131	9.716	8.877
1428384350879	37.494256	139.919921	5	0.365	-0.136	9.709	8.852
1428384350979	37.494263	139.919925	5	0.240	-0.034	9.533	8.827
1428384351075	37.494270	139.919929	5	0.189	0.043	9.493	8.803
1428384351176	37.494277	139.919933	5	0.131	0.083	9.721	8.778
1428384351276	37.494284	139.919937	5	0.047	0.123	9.650	8.753
1428384351377	37.494290	139.919941	4	0.012	0.207	9.343	8.705
1428384351478	37.494296	139.919945	4	-0.080	0.219	9.274	8.654
1428384351578	37.494301	139.919949	4	-0.113	0.176	9.433	8.603
1428384351679	37.494307	139.919952	4	0.005	0.150	9.543	8.552
1428384351775	37.494313	139.919956	4	0.146	0.087	9.606	8.504
1428384351876	37.494318	139.919959	4	0.273	0.104	9.421	8.453
1428384351976	37.494324	139.919963	4	0.411	0.060	9.434	8.404
1428384352077	37.494329	139.919967	4	0.420	0.085	9.445	8.354
1428384352178	37.494335	139.919970	4	0.329	0.177	9.177	8.305
1428384352278	37.494340	139.919974	4	0.408	0.089	9.557	8.256
1428384352379	37.494347	139.919978	4	0.309	-0.044	9.686	8.272
1428384352475	37.494354	139.919981	4	0.273	0.011	9.343	8.296
1428384352576	37.494361	139.919985	4	0.217	0.048	9.268	8.321
1428384352676	37.494369	139.919989	4	0.156	-0.075	9.592	8.346
1428384352777	37.494376	139.919993	4	0.084	-0.062	9.657	8.371
1428384352877	37.494383	139.919997	4	0.020	0.042	9.232	8.396
1428384352978	37.494390	139.920001	4	0.077	-0.029	9.461	8.421
1428384353079	37.494398	139.920005	4	0.115	-0.084	9.675	8.447
1428384353175	37.494405	139.920009	4	0.111	0.030	9.395	8.471
1428384353275	37.494412	139.920013	4	0.169	0.064	9.175	8.496
1428384353376	37.494419	139.920018	4	0.230	-0.025	9.377	8.478
1428384353477	37.494426	139.920023	4	0.271	0.010	9.413	8.453
1428384353577	37.494432	139.920027	4	0.331	0.004	9.405	8.427
1428384353678	37.494439	139.920032	4	0.456	-0.032	9.304	8.402
1428384353779	37.494446	139.920037	4	0.314	0.007	9.276	8.377
1428384353875	37.494452	139.920041	4	0.322	-0.062	9.392	8.353
1428384353975	37.494459	139.920046	4	0.323	-0.197	9.855	8.328
1428384354076	37.494466	139.920050	4	0.235	-0.121	9.503	8.303
1428384354177	37.494473	139.920055	4	0.099	-0.114	9.336	8.278
1428384354277	37.494479	139.920059	4	0.053	-0.115	9.395	8.253
1428384354378	37.494486	139.920064	5	0.082	-0.161	9.661	8.228
1428384354479	37.494492	139.920069	5	0.054	-0.112	9.484	8.202
1428384354579	37.494499	139.920074	5	0.174	-0.007	9.273	8.177
1428384354675	37.494505	139.920079	5	0.138	-0.066	9.358	8.153
1428384354776	37.494511	139.920084	5	0.194	-0.126	9.449	8.128
1428384354877	37.494518	139.920089	5	0.218	-0.128	9.411	8.102
1428384354977	37.494524	139.920094	5	0.204	-0.131	9.355	8.077
1428384355078	37.494531	139.920099	5	0.295	-0.166	9.212	8.052
1428384355179	37.494537	139.920104	5	0.302	-0.159	9.387	8.027
1428384355279	37.494543	139.920108	5	0.268	-0.152	9.609	8.003
1428384355375	37.494548	139.920113	6	0.134	-0.154	9.431	7.978
1428384355476	37.494553	139.920117	6	0.127	-0.127	9.246	7.953
1428384355577	37.494558	139.920121	6	0.066	-0.213	9.475	7.927
1428384355678	37.494563	139.920125	6	-0.003	-0.180	9.506	7.902
1428384355779	37.494568	139.920130	6	0.030	-0.148	9.467	7.877
1428384355879	37.494573	139.920134	6	0.059	-0.083	9.297	7.852
1428384355979	37.494578	139.920138	6	0.051	-0.140	9.421	7.827
1428384356075	37.494583	139.920142	6	0.108	-0.084	9.387	7.803
1428384356176	37.494587	139.920146	6	0.137	-0.121	9.464	7.778
1428384356276	37.494592	139.920150	6	0.218	-0.192	9.529	7.753
1428384356377	37.494598	139.920155	6	0.120	-0.252	9.597	7.728
1428384356478	37.494604	139.920159	6	0.132	-0.163	9.435	7.702
1428384356579	37.494610	139.920164	6	0.183	-0.067	9.183	7.677
1428384356679	37.494616	139.920168	6	0.262	-0.078	9.303	7.652
1428384356775	37.494622	139.920172	6	0.242	-0.103	9.598	7.628
1428384356876	37.494628	139.920176	6	0.178	-0.124	9.738	7.603
1428384356976	37.494634	139.920181	6	0.095	-0.116	9.345	7.578
1428384357077	37.494640	139.920185	6	0.061	-0.095	9.250	7.553
1428384357178	37.494645	139.920189	6	0.181	-0.053	9.399	7.528
1428384357278	37.494651	139.920193	6	0.213	0.002	9.469	7.503
1428384357379	37.494657	139.920197	5	0.134	-0.014	9.584	7.477
1428384357475	37.494662	139.920201	5	0.002	-0.107	9.614	7.453
1428384357576	37.494668	139.920204	5	-0.065	-0.039	9.552	7.428
1428384357676	37.494673	139.920208	5	0.002	0.137	9.038	7.402
1428384357777	37.494679	139.920211	5	0.178	0.220	9.189	7.377
1428384357878	37.494685	139.920215	5	0.183	0.124	9.604	7.352
1428384357978	37.494690	139.920218	5	0.160	0.105	9.630	7.327
1428384358079	37.494696	139.920222	5	-0.011	0.071	9.510	7.302
1428384358175	37.494701	139.920225	5	-0.147	-0.045	9.519	7.278
1428384358276	37.494706	139.920229	5	-0.190	0.038	9.299	7.253
1428384358376	37.494712	139.920232	6	-0.171	0.122	9.380	7.250
1428384358477	37.494719	139.920235	6	-0.114	0.109	9.575	7.250
1428384358578	37.494725	139.920239	6	-0.017	0.100	9.581	7.250
1428384358678	37.494731	139.920242	6	-0.058	0.264	9.223	7.250
1428384358779	37.494737	139.920245	6	-0.217	0.201	9.334	7.250
1428384358875	37.494743	139.920248	6	-0.252	0.082	9.660	7.250
1428384358975	37.494749	139.920252	6	-0.234	0.167	9.612	7.250
1428384359076	37.494756	139.920255	6	-0.224	0.308	9.144	7.250
1428384359177	37.494762	139.920258	6	-0.205	0.328	9.168	7.250
1428384359278	37.494768	139.920262	6	-0.234	0.204	9.488	7.250
1428384359378	37.494774	139.920265	6	-0.246	0.195	9.622	7.272
1428384359479	37.494780	139.920269	6	-0.264	0.241	9.524	7.297
1428384359575	37.494786	139.920272	6	-0.285	0.183	9.151	7.320
1428384359675	37.494792	139.920276	6	-0.252	0.214	9.231	7.345
1428384359776	37.494798	139.920280	6	-0.189	0.312	9.514	7.370
1428384359877	37.494804	139.920284	6	-0.153	0.329	9.412	7.396
1428384359977	37.494810	139.920287	6	-0.318	0.177	9.720	7.421
1428384360078	37.494816	139.920291	6	-0.408	0.174	9.504	7.446
1428384360179	37.494822	139.920295	6	-0.553	0.234	9.352	7.472
1428384360275	37.494828	139.920298	6	-0.584	0.257	9.473	7.496
1428384360375	37.494835	139.920301	6	-0.605	0.259	9.562	7.500
1428384360476	37.494842	139.920302	6	-0.474	0.357	9.576	7.500
1428384360577	37.494849	139.920304	6	-0.434	0.394	9.219	7.500
1428384360677	37.494856	139.920306	6	-0.449	0.385	9.172	7.500
1428384360778	37.494863	139.920308	6	-0.561	0.489	8.849	7.500
1428384360879	37.494870	139.920310	6	-0.209	0.439	9.222	7.500
1428384360980	37.494877	139.920311	6	-0.106	0.213	9.607	7.500
1428384361075	37.494883	139.920313	6	0.172	0.111	9.620	7.500
1428384361176	37.494890	139.920315	6	0.293	0.149	9.402	7.500
1428384361277	37.494897	139.920317	6	0.234	0.209	9.144	7.500
1428384361377	37.494903	139.920320	6	0.072	0.160	9.391	7.500
1428384361478	37.494909	139.920323	6	0.043	0.161	9.668	7.500
1428384361579	37.494915	139.920326	6	-0.132	0.281	9.243	7.500
1428384361679	37.494921	139.920329	6	-0.258	0.193	9.241	7.500
1428384361775	37.494926	139.920333	6	-0.284	0.037	9.775	7.500
1428384361876	37.494932	139.920336	6	-0.314	0.032	9.920	7.500
1428384361977	37.494938	139.920339	6	-0.445	0.265	9.176	7.500
1428384362077	37.494944	139.920342	6	-0.486	0.507	8.634	7.500
1428384362178	37.494949	139.920345	6	-0.460	0.147	9.976	7.500
1428384362279	37.494955	139.920349	6	-0.497	0.002	10.531	7.500
1428384362379	37.494961	139.920352	8	-0.379	0.290	9.453	7.500
1428384362475	37.494967	139.920355	8	-0.427	0.335	8.588	7.500
1428384362576	37.494973	139.920358	8	-0.428	0.146	8.942	7.500
1428384362676	37.494978	139.920361	8	-0.330	0.244	10.004	7.500
1428384362777	37.494984	139.920364	8	-0.344	0.417	9.752	7.500
1428384362878	37.494990	139.920367	8	-0.575	0.362	8.806	7.500
1428384362979	37.494996	139.920370	8	-0.536	0.135	9.227	7.500
1428384363079	37.495002	139.920373	8	-0.401	0.010	9.746	7.500
1428384363175	37.495007	139.920376	8	-0.502	0.214	9.713	7.500
1428384363276	37.495013	139.920379	8	-0.516	0.371	9.132	7.500
1428384363376	37.495020	139.920383	10	-0.523	0.385	8.971	7.521
1428384363477	37.495027	139.920389	10	-0.376	0.295	9.660	7.546
1428384363578	37.495035	139.920394	10	-0.227	0.260	9.840	7.571
1428384363678	37.495042	139.920399	10	-0.203	0.295	9.525	7.596
1428384363779	37.495049	139.920404	10	-0.371	0.169	9.329	7.621
1428384363875	37.495056	139.920409	10	-0.345	0.177	9.451	7.645
1428384363976	37.495064	139.920414	10	-0.297	0.289	9.551	7.671
1428384364076	37.495071	139.920420	10	-0.226	0.293	9.579	7.696
1428384364177	37.495079	139.920425	10	-0.193	0.282	9.491	7.721
1428384364278	37.495086	139.920430	10	-0.272	0.257	9.532	7.747
1428384364378	37.495095	139.920431	10	-0.208	0.214	9.646	7.772
1428384364479	37.495104	139.920432	10	-0.283	0.311	9.282	7.797
1428384364575	37.495112	139.920432	10	-0.361	0.363	9.115	7.820
1428384364675	37.495121	139.920433	10	-0.335	0.243	9.372	7.845
1428384364776	37.495130	139.920433	10	-0.329	0.178	9.381	7.871
1428384364877	37.495139	139.920434	10	-0.208	0.124	9.528	7.896
1428384364978	37.495149	139.920434	10	-0.181	0.054	9.381	7.921
1428384365078	37.495158	139.920435	10	-0.260	0.065	9.381	7.946
1428384365179	37.495167	139.920435	10	-0.141	0.107	9.440	7.972
1428384365275	37.495176	139.920436	10	0.037	0.164	9.414	7.996
1428384365375	37.495183	139.920437	9	0.134	0.141	9.536	8.021
1428384365476	37.495191	139.920438	9	0.164	0.100	9.556	8.046
1428384365577	37.495199	139.920440	9	0.070	0.123	9.438	8.071
1428384365678	37.495206	139.920441	9	-0.094	0.086	9.487	8.096
1428384365778	37.495214	139.920442	9	-0.186	0.153	9.167	8.121
1428384365879	37.495221	139.920444	9	-0.247	0.279	8.875	8.146
1428384365975	37.495229	139.920445	9	-0.238	0.047	9.473	8.170
1428384366075	37.495236	139.920446	9	-0.219	-0.144	9.928	8.196
1428384366176	37.495244	139.920447	9	-0.153	-0.153	9.653	8.221
1428384366277	37.495252	139.920449	9	0.044	0.026	8.769	8.247
1428384366377	37.495259	139.920450	5	0.148	0.055	9.117	8.271
1428384366478	37.495266	139.920452	5	0.202	0.020	9.891	8.296
1428384366579	37.495273	139.920453	5	0.288	0.077	9.858	8.321
1428384366675	37.495280	139.920455	5	0.321	0.001	9.323	8.345
1428384366775	37.495287	139.920456	5	0.298	-0.091	9.277	8.370
1428384366876	37.495294	139.920458	5	0.328	-0.044	9.727	8.396
1428384366977	37.495302	139.920459	5	0.011	0.103	9.485	8.421
1428384367077	37.495309	139.920461	5	-0.317	0.187	9.071	8.446
1428384367178	37.495316	139.920462	5	-0.456	0.057	9.290	8.472
1428384367279	37.495323	139.920464	5	-0.534	-0.088	9.796	8.497
1428384367379	37.495331	139.920467	5	-0.419	-0.066	9.916	8.500
1428384367475	37.495339	139.920469	5	-0.385	0.054	9.242	8.500
1428384367576	37.495347	139.920472	5	-0.364	0.099	8.994	8.500
1428384367677	37.495356	139.920475	5	-0.292	0.122	9.495	8.500
1428384367777	37.495364	139.920478	5	-0.167	0.105	9.778	8.500
1428384367878	37.495372	139.920481	5	-0.000	0.109	9.591	8.500
1428384367979	37.495381	139.920484	5	-0.198	0.137	8.958	8.500
1428384368079	37.495389	139.920487	5	-0.366	0.121	9.024	8.500
1428384368175	37.495397	139.920490	5	-0.420	0.043	9.473	8.500
1428384368276	37.495405	139.920493	5	-0.411	0.049	9.687	8.500
1428384368377	37.495413	139.920495	6	-0.366	0.018	9.509	8.521
1428384368477	37.495421	139.920497	6	-0.425	0.002	9.423	8.546
1428384368578	37.495429	139.920500	6	-0.532	0.035	9.368	8.571
1428384368679	37.495437	139.920502	6	-0.545	0.124	9.501	8.596
1428384368779	37.495445	139.920505	6	-0.452	0.238	9.529	8.621
1428384368875	37.495453	139.920507	6	-0.319	0.208	9.513	8.645
1428384368976	37.495461	139.920509	6	-0.250	0.255	9.299	8.671
1428384369076	37.495469	139.920512	6	-0.183	0.210	9.528	8.696
1428384369177	37.495478	139.920514	6	-0.255	0.097	9.916	8.721
1428384369278	37.495486	139.920517	6	-0.458	0.298	9.235	8.747
1428384369379	37.495494	139.920519	6	-0.550	0.298	9.148	8.750
1428384369479	37.495501	139.920520	6	-0.552	0.212	9.548	8.750
1428384369575	37.495508	139.920522	6	-0.483	0.254	9.595	8.750
1428384369676	37.495516	139.920524	6	-0.467	0.213	9.385	8.750
1428384369776	37.495523	139.920525	6	-0.396	0.196	9.151	8.750
1428384369877	37.495531	139.920527	6	-0.366	0.184	9.392	8.750
1428384369978	37.495539	139.920529	6	-0.236	0.181	9.588	8.750
1428384370078	37.495546	139.920530	6	-0.196	0.172	9.415	8.750
1428384370179	37.495554	139.920532	6	-0.107	0.084	9.537	8.750
1428384370275	37.495561	139.920534	6	-0.033	-0.002	9.762	8.750
1428384370376	37.495568	139.920536	6	-0.081	0.124	9.381	8.832
1428384370476	37.495576	139.920539	6	-0.213	0.241	9.073	8.928
1428384370577	37.495583	139.920541	6	-0.223	0.100	9.361	9.026
1428384370678	37.495591	139.920544	6	-0.193	0.027	9.590	9.125
1428384370778	37.495599	139.920546	6	-0.049	0.025	9.341	9.224
1428384370879	37.495606	139.920549	6	0.026	-0.050	9.251	9.326
1428384370975	37.495614	139.920552	6	-0.029	-0.087	9.516	9.423
1428384371076	37.495622	139.920554	6	-0.024	-0.013	9.589	9.527
1428384371176	37.495630	139.920557	6	0.160	0.060	9.453	9.631
1428384371277	37.495638	139.920560	6	0.320	0.017	9.450	9.736
1428384371378	37.495646	139.920562	6	0.388	0.021	9.467	9.682
1428384371478	37.495654	139.920564	6	0.210	0.019	9.352	9.604
1428384371579	37.495662	139.920566	6	0.068	-0.041	9.434	9.527
1428384371675	37.495669	139.920567	6	-0.039	-0.028	9.183	9.454
1428384371775	37.495677	139.920569	6	-0.053	-0.124	9.469	9.379
1428384371876	37.495684	139.920571	6	-0.066	-0.255	9.735	9.303
1428384371977	37.495692	139.920573	6	-0.026	-0.134	9.399	9.228
1428384372077	37.495699	139.920575	6	-0.112	-0.132	9.066	9.155
1428384372178	37.495707	139.920577	6	-0.032	-0.169	9.355	9.081
1428384372279	37.495714	139.920579	6	0.026	-0.130	9.623	9.008
1428384372375	37.495721	139.920579	7	0.128	-0.126	9.571	8.934
1428384372475	37.495727	139.920580	7	0.256	-0.145	9.426	8.856
1428384372576	37.495734	139.920580	7	0.282	-0.192	9.463	8.779
1428384372677	37.495740	139.920581	7	0.018	-0.083	9.253	8.702
1428384372777	37.495746	139.920581	7	0.031	-0.108	9.393	8.627
1428384372878	37.495753	139.920581	7	-0.009	-0.231	9.749	8.551
1428384372979	37.495759	139.920582	7	-0.040	-0.269	9.681	8.476
1428384373075	37.495765	139.920582	7	-0.054	-0.174	9.202	8.406
1428384373175	37.495771	139.920583	7	-0.153	0.043	8.471	8.333
1428384373276	37.495777	139.920583	7	-0.118	-0.182	9.496	8.260
1428384373377	37.495784	139.920586	7	-0.014	-0.340	10.165	8.228
1428384373477	37.495790	139.920589	7	0.015	-0.235	9.466	8.203
1428384373578	37.495797	139.920592	7	0.029	-0.278	9.037	8.177
1428384373679	37.495804	139.920595	7	0.084	-0.419	9.450	8.152
1428384373780	37.495811	139.920598	7	0.065	-0.187	9.697	8.127
1428384373875	37.495817	139.920601	7	0.089	-0.132	9.763	8.103
1428384373976	37.495823	139.920604	7	0.002	-0.177	9.304	8.078
1428384374077	37.495830	139.920607	7	-0.088	-0.152	9.171	8.053
1428384374177	37.495837	139.920611	7	-0.049	-0.180	9.590	8.028
1428384374278	37.495843	139.920614	7	-0.050	-0.223	9.724	8.003
1428384374379	37.495850	139.920616	7	-0.023	-0.137	9.386	7.977
1428384374479	37.495856	139.920618	7	-0.014	-0.154	9.321	7.952
1428384374575	37.495862	139.920620	7	0.014	-0.198	9.375	7.928
1428384374676	37.495868	139.920622	7	-0.056	-0.217	9.656	7.903
1428384374777	37.495874	139.920624	7	0.003	-0.124	9.570	7.877
1428384374877	37.495881	139.920626	7	-0.038	-0.131	9.378	7.852
1428384374978	37.495887	139.920629	7	-0.094	-0.164	9.432	7.827
1428384375079	37.495893	139.920631	7	-0.077	-0.166	9.596	7.802
1428384375179	37.495899	139.920633	7	-0.035	-0.094	9.685	7.777
1428384375275	37.495905	139.920635	7	-0.142	-0.062	9.406	7.754
1428384375376	37.495912	139.920637	6	-0.284	0.009	9.165	7.728
1428384375476	37.495918	139.920639	6	-0.311	0.018	9.427	7.703
1428384375577	37.495925	139.920641	6	-0.316	0.037	9.412	7.677
1428384375678	37.495931	139.920643	6	-0.309	0.092	9.282	7.652
1428384375779	37.495938	139.920645	6	-0.246	0.052	9.369	7.627
1428384375879	37.495944	139.920647	6	-0.284	-0.061	9.449	7.602
1428384375975	37.495950	139.920649	6	-0.341	-0.091	9.576	7.578
1428384376076	37.495956	139.920651	6	-0.265	-0.030	9.478	7.553
1428384376176	37.495963	139.920653	6	-0.235	0.029	9.351	7.528
1428384376277	37.495969	139.920655	6	-0.252	-0.007	9.467	7.503
1428384376378	37.495976	139.920655	6	-0.311	-0.026	9.540	7.478
1428384376478	37.495982	139.920656	6	-0.407	-0.013	9.534	7.452
1428384376579	37.495988	139.920656	6	-0.414	-0.022	9.478	7.427
1428384376675	37.495995	139.920657	6	-0.262	-0.012	9.415	7.403
1428384376776	37.496001	139.920657	6	-0.143	0.024	9.275	7.377
1428384376876	37.496007	139.920657	6	-0.123	0.030	9.395	7.352
1428384376977	37.496014	139.920658	6	-0.146	0.000	9.521	7.327
1428384377078	37.496020	139.920658	6	-0.192	-0.004	9.458	7.302
1428384377178	37.496026	139.920659	6	-0.196	0.038	9.245	7.278
1428384377279	37.496032	139.920659	6	-0.108	-0.043	9.363	7.253
1428384377375	37.496038	139.920659	7	-0.022	-0.072	9.454	7.228
1428384377476	37.496045	139.920660	7	0.034	-0.040	9.396	7.203
1428384377576	37.496051	139.920660	7	0.033	-0.024	9.453	7.178
1428384377677	37.496057	139.920661	7	0.065	-0.024	9.403	7.152
1428384377778	37.496064	139.920661	7	0.012	-0.071	9.467	7.127
1428384377878	37.496070	139.920661	7	-0.067	-0.090	9.528	7.102
1428384377975	37.496076	139.920662	7	-0.087	-0.066	9.469	7.078
1428384378075	37.496082	139.920662	7	-0.141	-0.036	9.446	7.053
1428384378175	37.496088	139.920663	7	-0.127	-0.023	9.337	7.028
1428384378276	37.496094	139.920663	7	-0.123	0.016	9.394	7.003
1428384378377	37.496101	139.920664	8	-0.182	-0.018	9.455	7.021
1428384378478	37.496108	139.920666	8	-0.243	-0.139	9.726	7.046
1428384378578	37.496115	139.920667	8	-0.274	-0.090	9.512	7.071
1428384378679	37.496122	139.920668	8	-0.248	-0.035	9.209	7.096
1428384378775	37.496129	139.920670	8	-0.175	-0.038	9.309	7.120
1428384378875	37.496136	139.920671	8	-0.162	-0.007	9.575	7.145
1428384378976	37.496143	139.920673	8	-0.084	0.070	9.549	7.171
1428384379077	37.496151	139.920674	8	-0.046	0.129	9.404	7.196
1428384379177	37.496158	139.920675	8	0.039	0.103	9.457	7.221
1428384379278	37.496165	139.920677	8	0.062	0.099	9.490	7.247
1428384379379	37.496170	139.920678	9	-0.036	0.255	9.329	7.272
1428384379475	37.496174	139.920679	9	-0.122	0.269	9.401	7.296
1428384379575	37.496178	139.920680	9	-0.078	0.237	9.543	7.320
1428384379676	37.496182	139.920681	9	-0.003	0.244	9.435	7.345
1428384379777	37.496187	139.920682	9	0.046	0.274	9.397	7.371
1428384379877	37.496191	139.920683	9	0.017	0.272	9.449	7.396
1428384379978	37.496195	139.920684	9	-0.053	0.254	9.503	7.421
1428384380079	37.496200	139.920685	9	-0.146	0.268	9.468	7.447
1428384380179	37.496204	139.920686	9	-0.160	0.283	9.413	7.472
1428384380275	37.496208	139.920687	9	-0.124	0.312	9.317	7.496
1428384380376	37.496214	139.920690	9	-0.129	0.281	9.446	7.500
1428384380477	37.496221	139.920693	9	-0.083	0.285	9.558	7.500
1428384380577	37.496227	139.920696	9	-0.037	0.289	9.502	7.500
1428384380678	37.496233	139.920699	9	-0.022	0.301	9.416	7.500
1428384380779	37.496240	139.920702	9	-0.080	0.272	9.422	7.500
1428384380879	37.496246	139.920705	9	-0.157	0.354	9.227	7.500
1428384380975	37.496252	139.920708	9	-0.180	0.325	9.349	7.500
1428384381076	37.496259	139.920711	9	-0.196	0.236	9.599	7.500
1428384381176	37.496265	139.920714	9	-0.147	0.239	9.517	7.500
1428384381278	37.496271	139.920717	9	-0.023	0.232	9.546	7.500
1428384381378	37.496278	139.920720	9	-0.102	0.282	9.311	7.522
1428384381479	37.496286	139.920723	9	-0.068	0.321	9.456	7.547
1428384381579	37.496293	139.920726	9	-0.086	0.423	9.381	7.571
1428384381675	37.496300	139.920729	9	-0.101	0.394	9.308	7.595
1428384381776	37.496307	139.920732	9	-0.050	0.354	9.607	7.620
1428384381876	37.496314	139.920736	9	-0.076	0.323	9.360	7.646
1428384381977	37.496322	139.920739	9	-0.121	0.333	9.298	7.671
1428384382078	37.496329	139.920742	9	-0.187	0.313	9.479	7.696
1428384382178	37.496337	139.920745	9	-0.175	0.276	9.519	7.722
1428384382279	37.496344	139.920749	9	-0.120	0.353	9.639	7.747
1428384382375	37.496351	139.920751	9	-0.091	0.382	9.552	7.750
1428384382476	37.496357	139.920754	9	-0.069	0.393	9.459	7.750
1428384382576	37.496364	139.920757	9	-0.137	0.422	9.503	7.750
1428384382677	37.496371	139.920760	9	-0.132	0.494	9.327	7.750
1428384382778	37.496378	139.920763	9	-0.141	0.611	8.952	7.750
1428384382878	37.496384	139.920766	9	-0.142	0.515	9.045	7.750
1428384382979	37.496391	139.920769	9	-0.053	0.364	9.655	7.750
1428384383075	37.496398	139.920772	9	-0.000	0.328	9.655	7.750
1428384383176	37.496404	139.920775	9	-0.043	0.369	9.265	7.750
1428384383276	37.496411	139.920778	9	0.002	0.350	9.305	7.750
1428384383377	37.496419	139.920780	10	-0.127	0.430	9.187	7.771
1428384383478	37.496426	139.920782	10	-0.104	0.451	9.625	7.796
1428384383578	37.496434	139.920785	10	-0.047	0.496	9.253	7.821
1428384383679	37.496441	139.920787	10	-0.069	0.384	9.360	7.846
1428384383775	37.496449	139.920789	10	0.067	0.259	9.671	7.870
1428384383875	37.496456	139.920791	10	0.015	0.232	9.843	7.895
1428384383976	37.496464	139.920794	10	-0.139	0.437	9.056	7.921
1428384384077	37.496472	139.920796	10	-0.133	0.371	8.882	7.946
1428384384178	37.496479	139.920798	10	-0.023	0.287	9.494	7.972
1428384384278	37.496487	139.920801	10	0.048	0.223	9.701	7.997
1428384384380	37.496496	139.920803	11	0.079	0.313	9.321	8.065
1428384384475	37.496504	139.920805	11	-0.025	0.218	9.195	8.134
1428384384575	37.496513	139.920808	11	-0.024	0.214	9.510	8.207
1428384384676	37.496522	139.920810	11	0.033	0.277	9.664	8.282
1428384384777	37.496531	139.920813	11	0.098	0.296	9.381	8.357
1428384384878	37.496541	139.920815	11	0.055	0.237	9.440	8.433
1428384384978	37.496550	139.920818	11	0.015	0.209	9.630	8.509
1428384385079	37.496559	139.920821	11	-0.021	0.290	9.469	8.586
1428384385175	37.496568	139.920823	11	-0.045	0.315	9.307	8.660
1428384385275	37.496578	139.920826	11	-0.037	0.192	9.473	8.738
1428384385376	37.496585	139.920828	11	0.048	0.221	9.405	8.728
1428384385477	37.496592	139.920830	11	0.125	0.190	9.394	8.703
1428384385577	37.496598	139.920832	11	0.164	0.125	9.487	8.678
1428384385678	37.496605	139.920833	11	0.258	0.094	9.760	8.652
1428384385779	37.496612	139.920835	11	0.127	0.107	9.613	8.627
1428384385875	37.496618	139.920837	11	0.027	0.120	9.501	8.603
1428384385975	37.496625	139.920839	11	-0.064	0.306	9.091	8.578
1428384386076	37.496632	139.920841	11	0.043	0.194	9.430	8.553
1428384386177	37.496639	139.920843	11	0.124	0.121	9.666	8.528
1428384386277	37.496645	139.920845	11	-0.011	0.128	9.592	8.503
1428384386378	37.496653	139.920847	8	-0.082	0.028	9.441	8.522
1428384386479	37.496662	139.920849	8	-0.284	0.095	9.227	8.547
1428384386579	37.496671	139.920851	8	-0.164	0.169	9.368	8.572
1428384386675	37.496679	139.920853	8	0.157	0.187	9.493	8.595
1428384386776	37.496687	139.920856	8	-0.196	0.261	8.968	8.621
1428384386877	37.496696	139.920858	8	-0.026	-0.010	9.755	8.646
1428384386977	37.496705	139.920860	8	0.041	-0.244	10.246	8.671
1428384387078	37.496714	139.920862	8	0.014	0.088	9.087	8.696
1428384387179	37.496722	139.920865	8	0.051	0.515	7.585	8.722
1428384387279	37.496731	139.920867	8	-0.160	0.129	8.874	8.747
1428384387375	37.496740	139.920868	11	-0.293	-0.254	10.452	8.771
1428384387476	37.496750	139.920870	11	-0.071	-0.303	10.281	8.796
1428384387577	37.496760	139.920872	11	-0.094	-0.268	8.795	8.821
1428384387677	37.496770	139.920874	11	-0.009	-0.161	8.909	8.846
1428384387778	37.496780	139.920875	11	0.148	0.189	9.568	8.871
1428384387879	37.496790	139.920877	11	0.044	0.206	10.050	8.896
1428384387979	37.496800	139.920879	11	0.038	-0.051	9.981	8.921
1428384388075	37.496809	139.920880	11	-0.061	0.016	9.273	8.946
1428384388176	37.496820	139.920882	11	-0.112	0.224	8.617	8.971
1428384388276	37.496830	139.920884	11	0.007	0.182	9.292	8.996
1428384388377	37.496837	139.920887	11	-0.082	0.085	10.175	8.978
1428384388478	37.496844	139.920890	11	-0.084	0.028	9.748	8.952
1428384388579	37.496851	139.920894	11	-0.137	0.100	8.926	8.927
1428384388679	37.496858	139.920897	11	-0.206	0.047	9.036	8.902
1428384388775	37.496864	139.920901	11	-0.096	0.166	9.552	8.878
1428384388876	37.496871	139.920904	11	0.032	0.243	9.816	8.853
1428384388976	37.496878	139.920907	11	0.079	0.028	9.745	8.828
1428384389077	37.496885	139.920911	11	0.017	0.004	9.513	8.803
1428384389178	37.496891	139.920914	11	-0.000	0.221	8.883	8.778
1428384389278	37.496898	139.920918	11	-0.063	0.283	9.159	8.753
1428384389379	37.496906	139.920920	10	-0.072	0.253	9.681	8.727
1428384389475	37.496914	139.920922	10	-0.109	0.188	9.780	8.703
1428384389576	37.496922	139.920924	10	-0.140	0.051	9.299	8.678
1428384389676	37.496930	139.920926	10	-0.144	0.049	9.088	8.653
1428384389777	37.496938	139.920928	10	-0.122	0.195	9.224	8.627
1428384389878	37.496946	139.920930	10	-0.103	0.293	9.406	8.602
1428384389978	37.496954	139.920932	10	-0.069	0.205	9.461	8.577
1428384390079	37.496962	139.920934	10	-0.294	-0.153	10.225	8.552
1428384390175	37.496970	139.920936	10	-0.342	0.024	9.220	8.528
1428384390276	37.496978	139.920938	10	-0.215	0.110	8.867	8.503
1428384390376	37.496985	139.920939	9	-0.193	0.112	9.374	8.456
1428384390477	37.496992	139.920940	9	-0.142	0.206	10.001	8.404
1428384390578	37.496999	139.920941	9	-0.131	0.210	9.301	8.353
1428384390678	37.497006	139.920942	9	-0.100	0.193	8.841	8.302
1428384390779	37.497013	139.920943	9	0.077	0.119	9.463	8.252
1428384390875	37.497019	139.920945	9	0.184	0.115	9.669	8.204
1428384390975	37.497026	139.920946	9	0.150	0.043	9.799	8.154
1428384391076	37.497033	139.920947	9	-0.121	0.019	9.025	8.104
1428384391177	37.497040	139.920948	9	-0.081	-0.114	9.737	8.055
1428384391278	37.497046	139.920949	9	0.044	0.093	9.206	8.006
1428384391378	37.497052	139.920949	10	0.121	0.302	9.149	7.955
1428384391479	37.497058	139.920950	10	-0.075	0.181	9.275	7.903
1428384391575	37.497064	139.920950	10	-0.253	0.006	9.642	7.854
1428384391675	37.497070	139.920951	10	-0.180	-0.011	9.332	7.804
1428384391776	37.497076	139.920951	10	-0.102	-0.119	9.261	7.753
1428384391877	37.497082	139.920952	10	-0.063	-0.199	9.842	7.703
1428384391977	37.497087	139.920952	10	0.010	-0.014	9.620	7.653
1428384392078	37.497093	139.920953	10	0.033	0.010	9.298	7.603
1428384392179	37.497099	139.920953	10	0.003	-0.107	9.387	7.554
1428384392275	37.497104	139.920954	10	-0.067	-0.012	9.573	7.507
1428384392375	37.497110	139.920957	10	-0.089	0.007	9.460	7.561
1428384392476	37.497116	139.920960	10	-0.115	-0.017	9.325	7.634
1428384392577	37.497123	139.920963	10	-0.122	-0.025	9.425	7.708
1428384392677	37.497129	139.920966	10	-0.110	-0.035	9.392	7.782
1428384392778	37.497135	139.920969	10	-0.125	-0.038	9.335	7.857
1428384392879	37.497142	139.920972	10	0.013	0.028	9.359	7.933
1428384392980	37.497149	139.920975	10	0.031	0.018	9.512	8.010
1428384393075	37.497155	139.920978	10	0.006	0.021	9.602	8.083
1428384393176	37.497161	139.920981	10	0.006	0.064	9.472	8.161
1428384393277	37.497168	139.920985	10	0.002	0.110	9.301	8.240
1428384393377	37.497176	139.920988	9	0.008	0.139	9.394	8.250
1428384393478	37.497184	139.920992	9	-0.012	0.153	9.494	8.250
1428384393579	37.497192	139.920996	9	-0.088	0.177	9.418	8.250
1428384393679	37.497200	139.921000	9	-0.108	0.202	9.462	8.250
1428384393775	37.497207	139.921004	9	-0.114	0.223	9.476	8.250
1428384393876	37.497215	139.921008	9	-0.130	0.202	9.436	8.250
1428384393976	37.497223	139.921012	9	-0.110	0.216	9.419	8.250
1428384394077	37.497231	139.921016	9	-0.123	0.213	9.393	8.250
1428384394178	37.497239	139.921020	9	-0.127	0.169	9.602	8.250
1428384394279	37.497247	139.921024	9	-0.063	0.268	9.504	8.250
1428384394379	37.497255	139.921026	9	-0.057	0.296	9.357	8.272
1428384394475	37.497262	139.921029	9	-0.016	0.242	9.456	8.296
1428384394576	37.497270	139.921032	9	-0.018	0.265	9.415	8.321
1428384394676	37.497277	139.921035	9	-0.022	0.191	9.730	8.346
1428384394777	37.497285	139.921038	9	0.019	0.244	9.549	8.371
1428384394878	37.497292	139.921040	9	-0.160	0.470	8.808	8.396
1428384394979	37.497300	139.921043	9	-0.122	0.275	9.422	8.421
1428384395079	37.497308	139.921046	9	-0.137	0.143	9.909	8.447
1428384395175	37.497315	139.921049	9	-0.249	0.238	9.645	8.471
1428384395276	37.497323	139.921052	9	-0.120	0.195	9.116	8.496
1428384395376	37.497331	139.921054	10	0.025	0.252	9.431	8.521
1428384395477	37.497340	139.921057	10	0.035	0.354	9.541	8.546
1428384395578	37.497348	139.921060	10	0.121	0.379	9.456	8.571
1428384395678	37.497357	139.921063	10	0.104	0.251	9.392	8.596
1428384395779	37.497365	139.921066	10	0.069	0.191	9.526	8.621
1428384395875	37.497373	139.921069	10	0.162	0.182	9.563	8.645
1428384395976	37.497382	139.921072	10	0.219	0.201	9.392	8.671
1428384396076	37.497391	139.921075	10	0.097	0.205	9.376	8.696
1428384396177	37.497399	139.921078	10	0.002	0.153	9.539	8.721
1428384396278	37.497408	139.921081	10	-0.072	0.145	9.523	8.747
1428384396378	37.497416	139.921084	12	-0.096	0.132	9.388	8.750
1428384396479	37.497425	139.921088	12	-0.092	0.142	9.202	8.750
1428384396575	37.497433	139.921092	12	-0.126	0.157	9.281	8.750
1428384396676	37.497441	139.921096	12	-0.048	0.085	9.653	8.750
1428384396776	37.497450	139.921100	12	-0.001	0.034	9.662	8.750
1428384396877	37.497458	139.921104	12	0.086	0.055	9.391	8.750
1428384396978	37.497467	139.921108	12	0.113	0.223	9.165	8.750
1428384397078	37.497475	139.921112	12	-0.116	0.249	8.967	8.750
1428384397179	37.497484	139.921116	12	0.068	-0.009	9.652	8.750
1428384397275	37.497492	139.921119	12	0.086	-0.132	9.899	8.750
1428384397375	37.497501	139.921119	13	0.013	-0.160	9.268	8.750
1428384397476	37.497511	139.921118	13	0.055	-0.147	9.150	8.750
1428384397577	37.497521	139.921117	13	-0.014	-0.075	9.612	8.750
1428384397678	37.497531	139.921116	13	-0.030	-0.006	9.692	8.750
1428384397778	37.497541	139.921115	13	-0.022	0.026	9.300	8.750
1428384397879	37.497551	139.921114	13	-0.106	-0.042	9.334	8.750
1428384397975	37.497560	139.921113	13	-0.118	-0.032	9.555	8.750
1428384398075	37.497570	139.921112	13	-0.133	0.023	9.645	8.750
1428384398176	37.497580	139.921111	13	-0.094	0.003	9.439	8.750
1428384398277	37.497590	139.921110	13	-0.013	0.027	9.240	8.750
1428384398377	37.497599	139.921111	13	-0.031	0.146	9.237	8.792
1428384398478	37.497608	139.921113	13	-0.018	0.020	9.718	8.842
1428384398579	37.497618	139.921115	13	-0.099	-0.025	9.562	8.892
1428384398675	37.497627	139.921116	13	-0.157	0.009	9.259	8.939
1428384398775	37.497636	139.921118	13	-0.144	0.022	9.188	8.989
1428384398876	37.497645	139.921120	13	-0.143	0.003	9.660	9.040
1428384398977	37.497655	139.921122	13	-0.086	0.036	9.619	9.091
1428384399077	37.497665	139.921123	13	0.076	0.052	9.347	9.141
1428384399178	37.497674	139.921125	13	0.029	-0.048	9.371	9.193
1428384399279	37.497684	139.921127	13	0.065	0.049	9.512	9.244
1428384399375	37.497693	139.921127	10	0.047	0.126	9.383	9.228
1428384399475	37.497703	139.921126	10	0.124	0.088	9.425	9.203
1428384399576	37.497712	139.921126	10	0.206	-0.012	9.560	9.178
1428384399677	37.497722	139.921126	10	0.240	-0.016	9.513	9.152
1428384399777	37.497732	139.921126	10	0.155	0.043	9.382	9.127
1428384399878	37.497741	139.921125	10	0.047	0.092	9.383	9.102
1428384399979	37.497751	139.921125	10	-0.128	0.115	9.324	9.077
1428384400079	37.497760	139.921125	10	-0.219	0.113	9.285	9.052
1428384400175	37.497769	139.921124	10	-0.155	0.133	9.269	9.028
1428384400276	37.497779	139.921124	10	-0.119	0.103	9.332	9.003
1428384400377	37.497785	139.921127	10	-0.085	0.082	9.502	8.955
1428384400477	37.497792	139.921130	10	-0.028	0.022	9.629	8.904
1428384400578	37.497798	139.921133	10	0.071	0.031	9.520	8.853
1428384400679	37.497804	139.921137	10	0.213	-0.006	9.609	8.802
1428384400779	37.497810	139.921140	10	0.281	0.175	9.089	8.752
1428384400875	37.497816	139.921143	10	0.194	0.251	8.991	8.704
1428384400976	37.497822	139.921146	10	0.113	0.087	9.680	8.654
1428384401076	37.497828	139.921149	10	0.173	0.042	9.799	8.605
1428384401177	37.497834	139.921152	10	0.127	0.137	9.150	8.555
1428384401278	37.497840	139.921156	10	0.041	0.027	9.236	8.506
1428384401378	37.497848	139.921158	8	-0.097	0.021	9.520	8.543
1428384401479	37.497857	139.921161	8	-0.143	0.268	9.281	8.592
1428384401575	37.497865	139.921163	8	-0.236	0.221	9.307	8.640
1428384401676	37.497874	139.921165	8	-0.144	0.130	9.407	8.690
1428384401776	37.497882	139.921168	8	-0.134	0.021	9.769	8.739
1428384401877	37.497891	139.921170	8	-0.055	-0.063	9.514	8.790
1428384401978	37.497900	139.921173	8	0.086	0.130	9.364	8.841
1428384402078	37.497908	139.921176	8	0.135	0.147	9.408	8.892
1428384402179	37.497917	139.921178	8	-0.022	0.142	9.405	8.943
1428384402275	37.497926	139.921181	8	0.076	0.190	9.502	8.992
1428384402376	37.497934	139.921182	8	-0.037	0.129	9.351	8.956
1428384402476	37.497941	139.921184	8	-0.106	-0.021	9.283	8.905
1428384402577	37.497949	139.921185	8	-0.038	-0.115	9.501	8.854
1428384402678	37.497957	139.921187	8	-0.140	0.052	9.164	8.803
1428384402778	37.497965	139.921188	8	-0.098	0.021	9.195	8.752
1428384402879	37.497972	139.921190	8	-0.069	-0.094	9.641	8.702
1428384402975	37.497980	139.921191	8	-0.079	-0.023	9.742	8.654
1428384403076	37.497987	139.921193	8	0.019	0.094	9.253	8.605
1428384403176	37.497995	139.921194	8	-0.015	0.024	9.154	8.556
1428384403277	37.498002	139.921196	8	0.070	-0.077	9.901	8.506
1428384403378	37.498006	139.921197	11	0.103	0.088	9.745	8.455
1428384403478	37.498010	139.921199	11	-0.027	0.422	8.547	8.404
1428384403579	37.498014	139.921201	11	-0.008	0.193	9.168	8.352
1428384403675	37.498017	139.921202	11	-0.074	-0.028	9.973	8.304
1428384403775	37.498021	139.921204	11	-0.090	0.068	9.776	8.254
1428384403876	37.498024	139.921205	11	-0.124	0.033	8.926	8.203
1428384403977	37.498028	139.921207	11	-0.044	0.067	9.028	8.153
1428384404078	37.498032	139.921209	11	0.029	0.100	9.646	8.103
1428384404178	37.498035	139.921210	11	0.018	0.078	9.739	8.054
1428384404279	37.498039	139.921212	11	0.042	0.023	9.423	8.005
1428384404375	37.498046	139.921213	11	0.027	0.000	9.279	8.041
1428384404475	37.498053	139.921215	11	0.081	0.042	9.468	8.090
1428384404576	37.498061	139.921216	11	0.120	0.131	9.433	8.140
1428384404677	37.498069	139.921218	11	0.084	0.164	9.274	8.190
1428384404777	37.498077	139.921220	11	0.086	0.094	9.305	8.240
1428384404878	37.498085	139.921221	11	0.074	0.030	9.376	8.290
1428384404979	37.498094	139.921223	11	0.118	0.009	9.405	8.341
1428384405075	37.498101	139.921224	11	0.112	0.028	9.422	8.390
1428384405175	37.498110	139.921226	11	0.054	-0.001	9.515	8.441
1428384405276	37.498118	139.921228	11	-0.021	0.054	9.283	8.493
1428384405377	37.498125	139.921230	7	-0.062	0.179	8.911	8.478
1428384405477	37.498132	139.921232	7	-0.076	0.115	9.486	8.453
1428384405578	37.498139	139.921234	7	-0.095	-0.044	9.884	8.427
1428384405679	37.498146	139.921237	7	-0.196	-0.053	9.727	8.402
1428384405779	37.498153	139.921239	7	-0.162	-0.068	9.256	8.377
1428384405875	37.498159	139.921241	7	-0.045	-0.040	9.242	8.353
1428384405976	37.498166	139.921243	7	0.113	0.049	9.424	8.328
1428384406077	37.498173	139.921245	7	0.168	0.057	9.650	8.303
1428384406177	37.498179	139.921248	7	0.198	-0.000	9.456	8.278
1428384406278	37.498186	139.921250	7	0.149	-0.087	9.339	8.253
1428384406379	37.498193	139.921253	8	0.182	-0.164	9.332	8.227
1428384406475	37.498199	139.921256	8	0.216	-0.128	9.387	8.203
1428384406576	37.498205	139.921260	8	0.177	-0.153	9.556	8.178
1428384406676	37.498212	139.921263	8	0.030	-0.187	9.316	8.153
1428384406776	37.498218	139.921267	8	-0.076	-0.198	9.238	8.128
1428384406877	37.498224	139.921270	8	-0.137	-0.271	9.450	8.102
1428384406978	37.498231	139.921274	8	-0.002	-0.298	9.729	8.077
1428384407079	37.498237	139.921277	8	0.196	-0.112	9.264	8.052
1428384407179	37.498243	139.921280	8	0.215	-0.246	9.238	8.027
1428384407275	37.498249	139.921283	8	0.206	-0.322	9.505	8.004
1428384407376	37.498255	139.921287	8	0.081	-0.263	9.518	7.978
1428384407476	37.498262	139.921289	8	0.182	-0.178	9.015	7.953
1428384407577	37.498268	139.921292	8	0.177	-0.174	9.053	7.927
1428384407678	37.498274	139.921295	8	0.115	-0.450	9.997	7.902
1428384407779	37.498281	139.921298	8	0.123	-0.379	9.769	7.877
1428384407879	37.498287	139.921301	8	0.161	-0.198	9.184	7.852
1428384407975	37.498293	139.921304	8	0.131	-0.246	8.954	7.828
1428384408076	37.498299	139.921307	8	0.129	-0.222	9.376	7.803
1428384408176	37.498305	139.921310	8	0.034	-0.161	9.701	7.778
1428384408277	37.498311	139.921313	8	-0.019	-0.195	9.358	7.753
1428384408378	37.498317	139.921314	8	0.034	-0.250	9.200	7.772
1428384408478	37.498323	139.921315	8	0.188	-0.442	9.629	7.796
1428384408579	37.498329	139.921316	8	0.189	-0.480	9.923	7.821
1428384408675	37.498334	139.921317	8	0.201	-0.258	9.601	7.845
1428384408776	37.498340	139.921318	8	0.169	-0.156	9.199	7.871
1428384408876	37.498346	139.921319	8	0.136	-0.146	9.314	7.896
1428384408977	37.498352	139.921320	8	0.038	-0.178	9.730	7.921
1428384409078	37.498358	139.921321	8	-0.069	-0.204	9.677	7.946
1428384409178	37.498363	139.921322	8	-0.174	-0.251	9.426	7.972
1428384409279	37.498369	139.921323	8	-0.279	-0.314	9.262	7.997
1428384409375	37.498376	139.921323	8	-0.204	-0.280	9.366	8.021
1428384409475	37.498384	139.921324	8	-0.231	-0.214	9.585	8.046
1428384409576	37.498391	139.921325	8	-0.269	-0.195	9.651	8.071
1428384409677	37.498399	139.921325	8	-0.221	-0.256	9.621	8.096
1428384409778	37.498407	139.921326	8	-0.221	-0.215	9.356	8.121
1428384409878	37.498414	139.921327	8	-0.180	-0.167	9.311	8.146
1428384409979	37.498422	139.921327	8	-0.158	-0.130	9.408	8.171
1428384410075	37.498429	139.921328	8	-0.164	-0.163	9.492	8.196
1428384410175	37.498437	139.921328	8	-0.080	-0.231	9.551	8.221
1428384410276	37.498445	139.921329	8	-0.041	-0.281	9.318	8.246
1428384410377	37.498452	139.921331	8	0.040	-0.413	9.352	8.205
1428384410477	37.498459	139.921333	8	0.038	-0.536	9.450	8.154
1428384410578	37.498465	139.921335	8	0.019	-0.571	9.419	8.103
1428384410679	37.498472	139.921338	8	0.015	-0.591	9.445	8.052
1428384410775	37.498479	139.921340	8	0.077	-0.598	9.357	8.004
1428384410875	37.498485	139.921342	8	-0.009	-0.699	9.501	7.954
1428384410976	37.498492	139.921344	8	-0.064	-0.772	9.563	7.904
1428384411077	37.498498	139.921346	8	-0.069	-0.738	9.342	7.854
1428384411177	37.498505	139.921349	8	-0.115	-0.811	9.357	7.805
1428384411278	37.498511	139.921351	8	-0.105	-0.995	9.484	7.756
1428384411379	37.498516	139.921354	10	-0.033	-1.178	9.560	7.576
1428384411475	37.498520	139.921357	10	-0.035	-1.108	9.175	7.393
1428384411575	37.498524	139.921360	10	-0.115	-1.253	9.232	7.206
1428384411676	37.498528	139.921363	10	-0.175	-1.370	9.521	7.022
1428384411777	37.498532	139.921367	10	-0.203	-1.454	9.536	6.842
1428384411877	37.498536	139.921370	10	-0.052	-1.329	9.359	6.669
1428384411978	37.498540	139.921372	10	-0.053	-1.351	9.431	6.498
1428384412079	37.498544	139.921375	10	-0.165	-1.428	9.458	6.332
1428384412179	37.498547	139.921378	10	-0.074	-1.472	9.375	6.172
1428384412275	37.498550	139.921381	10	0.048	-1.363	9.324	6.023
1428384412376	37.498552	139.921383	10	0.008	-1.379	9.464	5.826
1428384412477	37.498554	139.921386	10	-0.078	-1.447	9.421	5.627
1428384412577	37.498556	139.921389	10	-0.017	-1.501	9.430	5.437
1428384412678	37.498557	139.921391	10	0.023	-1.424	9.394	5.250
1428384412779	37.498558	139.921394	10	-0.020	-1.435	9.470	5.070
1428384412880	37.498560	139.921396	10	-0.093	-1.456	9.401	4.895
1428384412975	37.498561	139.921398	10	-0.093	-1.431	9.336	4.737
1428384413076	37.498562	139.921401	10	0.002	-1.460	9.275	4.574
1428384413176	37.498564	139.921403	10	0.022	-1.405	9.507	4.419
1428384413277	37.498565	139.921405	10	-0.034	-1.360	9.630	4.269
1428384413378	37.498568	139.921406	10	-0.036	-1.251	9.281	4.203
1428384413479	37.498570	139.921407	10	-0.052	-1.143	9.410	4.151
1428384413579	37.498573	139.921408	10	-0.070	-1.139	9.687	4.099
1428384413675	37.498576	139.921409	10	-0.073	-0.804	9.022	4.050
1428384413776	37.498579	139.921410	10	-0.123	-0.759	9.105	3.999
1428384413876	37.498581	139.921410	10	-0.139	-0.932	9.675	3.949
1428384413977	37.498584	139.921411	10	-0.042	-0.939	9.707	3.900
1428384414078	37.498587	139.921412	10	-0.005	-0.814	9.270	3.851
1428384414179	37.498589	139.921413	10	0.056	-0.783	9.385	3.802
1428384414279	37.498592	139.921414	10	0.054	-0.866	9.718	3.755
1428384414375	37.498595	139.921415	9	-0.075	-0.892	9.716	3.705
1428384414476	37.498599	139.921416	9	-0.035	-0.563	9.264	3.652
1428384414576	37.498602	139.921417	9	0.348	-0.349	9.431	3.600
1428384414677	37.498606	139.921418	9	0.335	-0.070	9.408	3.548
1428384414778	37.498609	139.921420	9	0.203	0.115	9.386	3.497
1428384414878	37.498613	139.921421	9	0.189	0.187	9.208	3.447
1428384414979	37.498616	139.921422	9	0.423	0.073	9.371	3.398
1428384415075	37.498619	139.921423	9	0.753	0.138	9.581	3.351
1428384415176	37.498622	139.921424	9	0.791	0.288	9.428	3.303
1428384415276	37.498626	139.921425	9	0.803	0.299	9.259	3.257
1428384415377	37.498628	139.921425	9	0.951	0.246	9.254	3.203
1428384415478	37.498631	139.921426	9	1.194	0.184	9.359	3.150
1428384415578	37.498633	139.921426	9	1.311	0.105	9.520	3.097
1428384415679	37.498636	139.921426	9	1.350	0.046	9.632	3.046
1428384415775	37.498638	139.921427	9	1.355	0.023	9.389	2.997
1428384415875	37.498641	139.921427	9	1.343	-0.075	9.196	2.947
1428384415976	37.498643	139.921427	9	1.190	-0.280	9.619	2.898
1428384416077	37.498645	139.921427	9	1.082	-0.379	9.829	2.850
1428384416178	37.498648	139.921428	9	1.005	-0.258	9.327	2.802
1428384416278	37.498650	139.921428	9	0.886	-0.306	9.482	2.756
1428384416379	37.498652	139.921430	9	0.976	-0.259	9.768	2.771
1428384416475	37.498653	139.921432	9	1.308	-0.267	9.311	2.795
1428384416575	37.498655	139.921434	9	1.576	-0.227	8.727	2.819
1428384416676	37.498657	139.921436	9	1.714	-0.232	9.243	2.844
1428384416777	37.498659	139.921438	9	1.872	-0.338	9.887	2.869
1428384416877	37.498661	139.921440	9	2.049	-0.413	9.685	2.894
1428384416978	37.498663	139.921442	9	2.053	-0.354	9.235	2.920
1428384417079	37.498665	139.921444	9	1.910	-0.357	9.373	2.945
1428384417175	37.498667	139.921446	9	1.810	-0.084	9.113	2.970
1428384417275	37.498669	139.921448	9	1.737	-0.065	9.487	2.996
1428384417376	37.498667	139.921452	9	1.853	0.044	9.767	3.000
1428384417477	37.498665	139.921456	9	1.831	0.052	9.420	3.000
1428384417577	37.498664	139.921460	9	1.827	-0.154	9.730	3.000
1428384417678	37.498662	139.921465	9	1.708	0.100	9.480	3.000
1428384417779	37.498660	139.921469	9	1.634	0.267	9.373	3.000
1428384417879	37.498658	139.921473	9	1.304	0.230	9.259	3.000
1428384417975	37.498656	139.921477	9	1.102	0.235	9.203	3.000
1428384418076	37.498654	139.921482	9	1.126	0.287	9.300	3.000
1428384418177	37.498652	139.921486	9	1.303	0.473	9.344	3.000
1428384418277	37.498650	139.921490	9	1.319	0.519	9.150	3.000
1428384418378	37.498650	139.921494	9	1.153	0.506	9.250	3.041
1428384418479	37.498649	139.921498	9	1.057	0.549	9.348	3.089
1428384418579	37.498648	139.921502	9	1.066	0.671	9.439	3.137
1428384418675	37.498648	139.921506	9	1.059	0.615	9.514	3.183
1428384418776	37.498647	139.921511	9	1.044	0.437	9.484	3.233
1428384418877	37.498647	139.921515	9	0.969	0.443	9.272	3.284
1428384418977	37.498646	139.921519	9	0.850	0.456	9.210	3.335
1428384419078	37.498645	139.921524	9	0.667	0.497	9.413	3.388
1428384419179	37.498645	139.921528	9	0.481	0.494	9.425	3.441
1428384419279	37.498644	139.921533	9	0.414	0.591	9.334	3.494
1428384419375	37.498643	139.921537	7	0.512	0.566	9.428	3.540
1428384419476	37.498642	139.921541	7	0.640	0.606	9.473	3.588
1428384419576	37.498640	139.921545	7	0.724	0.529	9.515	3.636
1428384419677	37.498639	139.921550	7	0.671	0.604	9.464	3.686
1428384419778	37.498637	139.921554	7	0.700	0.601	9.385	3.736
1428384419879	37.498636	139.921559	7	0.608	0.631	9.490	3.786
1428384419979	37.498635	139.921563	7	0.517	0.627	9.569	3.837
1428384420075	37.498633	139.921568	7	0.436	0.709	9.469	3.887
1428384420176	37.498632	139.921573	7	0.364	0.815	9.292	3.940
1428384420276	37.498630	139.921577	7	0.293	0.797	9.449	3.993
1428384420377	37.498629	139.921582	7	0.268	0.798	9.536	4.060
1428384420478	37.498627	139.921587	7	0.254	0.832	9.430	4.131
1428384420578	37.498626	139.921592	7	0.264	0.902	9.334	4.203
1428384420679	37.498624	139.921598	7	0.176	0.837	9.447	4.276
1428384420775	37.498623	139.921603	7	0.079	0.838	9.443	4.348
1428384420876	37.498621	139.921608	7	0.052	0.904	9.358	4.424
1428384420976	37.498619	139.921613	7	-0.017	0.846	9.496	4.501
1428384421077	37.498618	139.921619	7	-0.025	0.799	9.628	4.579
1428384421178	37.498616	139.921625	7	0.014	0.842	9.467	4.660
1428384421278	37.498614	139.921630	7	0.020	0.872	9.338	4.740
1428384421379	37.498613	139.921636	7	0.001	0.847	9.369	4.812
1428384421475	37.498612	139.921641	7	-0.019	0.866	9.441	4.880
1428384421576	37.498610	139.921647	7	-0.051	0.844	9.433	4.953
1428384421676	37.498609	139.921652	7	-0.078	0.870	9.353	5.026
1428384421777	37.498607	139.921658	7	-0.089	0.873	9.352	5.102
1428384421878	37.498606	139.921664	7	-0.103	0.843	9.343	5.178
1428384421978	37.498605	139.921670	7	-0.063	0.766	9.458	5.254
1428384422079	37.498603	139.921676	7	0.005	0.721	9.462	5.333
1428384422175	37.498602	139.921682	7	0.039	0.736	9.396	5.408
1428384422275	37.498600	139.921688	7	0.043	0.698	9.488	5.488
1428384422376	37.498599	139.921695	5	0.012	0.664	9.513	5.521
1428384422477	37.498597	139.921701	5	0.009	0.672	9.417	5.546
1428384422578	37.498596	139.921708	5	-0.011	0.726	9.278	5.571
1428384422678	37.498595	139.921715	5	0.001	0.718	9.436	5.596
1428384422779	37.498593	139.921721	5	0.015	0.643	9.573	5.621
1428384422875	37.498592	139.921728	5	0.008	0.548	9.679	5.645
1428384422975	37.498590	139.921735	5	-0.083	0.684	9.322	5.670
1428384423076	37.498589	139.921741	5	-0.083	0.650	9.338	5.696
1428384423177	37.498588	139.921748	5	-0.059	0.658	9.174	5.721
1428384423277	37.498586	139.921755	5	-0.005	0.527	9.507	5.747
1428384423378	37.498585	139.921763	6	0.027	0.544	9.556	5.772
1428384423479	37.498584	139.921770	6	-0.138	0.717	9.075	5.796
1428384423575	37.498583	139.921777	6	0.014	0.558	9.460	5.820
1428384423675	37.498583	139.921785	6	0.100	0.378	9.610	5.845
1428384423776	37.498582	139.921793	6	0.069	0.348	9.447	5.870
1428384423877	37.498581	139.921800	6	0.164	0.442	9.485	5.895
1428384423977	37.498580	139.921808	6	0.295	0.513	9.423	5.921
1428384424078	37.498579	139.921816	6	0.251	0.429	9.378	5.946
1428384424179	37.498578	139.921823	6	0.170	0.460	9.431	5.972
1428384424280	37.498577	139.921831	6	0.254	0.538	9.581	5.997
1428384424375	37.498576	139.921837	7	0.255	0.581	9.363	6.000
1428384424476	37.498575	139.921843	7	0.146	0.492	9.395	6.000
1428384424577	37.498574	139.921848	7	0.091	0.376	9.566	6.000
1428384424677	37.498573	139.921854	7	0.099	0.455	9.398	6.000
1428384424778	37.498572	139.921860	7	0.123	0.496	9.385	6.000
1428384424879	37.498571	139.921866	7	0.106	0.515	9.357	6.000
1428384424979	37.498569	139.921871	7	0.127	0.505	9.384	6.000
1428384425075	37.498568	139.921877	7	0.080	0.513	9.519	6.000
1428384425176	37.498567	139.921883	7	0.007	0.562	9.360	6.000
1428384425277	37.498566	139.921888	7	-0.029	0.540	9.298	6.000
1428384425377	37.498564	139.921895	9	-0.047	0.498	9.463	6.062
1428384425478	37.498562	139.921903	9	-0.026	0.477	9.444	6.134
1428384425579	37.498560	139.921910	9	-0.032	0.502	9.252	6.208
1428384425679	37.498557	139.921918	9	0.008	0.482	9.283	6.281
1428384425775	37.498555	139.921925	9	-0.054	0.332	9.554	6.353
1428384425876	37.498553	139.921932	9	-0.065	0.317	9.365	6.429
1428384425976	37.498551	139.921940	9	-0.057	0.391	9.320	6.505
1428384426077	37.498548	139.921948	9	0.008	0.371	9.432	6.583
1428384426178	37.498546	139.921956	9	0.144	0.425	9.241	6.662
1428384426279	37.498543	139.921964	9	0.190	0.382	9.465	6.741
1428384426379	37.498539	139.921971	12	0.044	0.343	9.695	6.750
1428384426475	37.498535	139.921978	12	-0.026	0.279	9.509	6.750
1428384426576	37.498531	139.921985	12	-0.039	0.347	9.250	6.750
1428384426676	37.498526	139.921992	12	0.015	0.367	9.142	6.750
1428384426777	37.498522	139.921999	12	0.087	0.310	9.358	6.750
1428384426878	37.498518	139.922006	12	0.142	0.390	9.470	6.750
1428384426979	37.498513	139.922013	12	0.144	0.453	9.287	6.750
1428384427079	37.498509	139.922020	12	0.223	0.341	9.326	6.750
1428384427175	37.498505	139.922027	12	0.387	0.175	9.634	6.750
1428384427276	37.498501	139.922034	12	0.426	0.168	9.601	6.750
1428384427376	37.498499	139.922041	12	0.312	0.321	9.241	6.750
1428384427477	37.498498	139.922048	12	0.245	0.310	9.326	6.750
1428384427578	37.498498	139.922055	12	0.225	0.287	9.340	6.750
1428384427678	37.498497	139.922063	12	0.192	0.331	9.320	6.750
1428384427779	37.498496	139.922070	12	0.270	0.406	9.333	6.750
1428384427875	37.498495	139.922077	12	0.318	0.316	9.438	6.750
1428384427975	37.498495	139.922084	12	0.287	0.205	9.462	6.750
1428384428076	37.498494	139.922091	12	0.128	0.156	9.536	6.750
1428384428177	37.498493	139.922098	12	0.002	0.227	9.384	6.750
1428384428278	37.498492	139.922105	12	0.008	0.279	9.202	6.750
1428384428378	37.498489	139.922112	7	-0.001	0.165	9.367	6.772
1428384428479	37.498486	139.922119	7	0.062	0.095	9.704	6.797
1428384428575	37.498483	139.922125	7	0.029	0.171	9.677	6.820
1428384428675	37.498479	139.922132	7	-0.032	0.401	8.910	6.845
1428384428776	37.498476	139.922139	7	-0.151	0.393	8.786	6.870
1428384428877	37.498473	139.922146	7	0.014	0.193	9.502	6.896
1428384428978	37.498469	139.922153	7	0.182	0.185	9.564	6.921
1428384429078	37.498466	139.922160	7	0.104	0.170	9.671	6.946
1428384429179	37.498463	139.922167	7	0.108	0.140	9.416	6.972
1428384429275	37.498460	139.922174	7	0.009	0.098	9.096	6.996
1428384429375	37.498457	139.922181	7	-0.056	0.177	9.320	7.000
1428384429476	37.498455	139.922189	7	-0.020	0.155	9.401	7.000
1428384429577	37.498453	139.922196	7	0.154	0.304	9.425	7.000
1428384429677	37.498451	139.922204	7	0.140	0.327	9.404	7.000
1428384429778	37.498449	139.922211	7	-0.004	0.262	9.278	7.000
1428384429879	37.498447	139.922219	7	-0.123	0.268	9.236	7.000
1428384429975	37.498445	139.922226	7	-0.105	0.269	9.278	7.000
1428384430075	37.498443	139.922233	7	-0.084	0.243	9.319	7.000
1428384430176	37.498440	139.922241	7	-0.022	0.236	9.446	7.000
1428384430277	37.498438	139.922248	7	0.089	0.280	9.380	7.000
1428384430377	37.498435	139.922255	6	0.152	0.227	9.447	7.000
1428384430478	37.498431	139.922263	6	0.174	0.221	9.439	7.000
1428384430579	37.498427	139.922270	6	0.136	0.300	9.299	7.000
1428384430675	37.498423	139.922277	6	0.126	0.380	9.274	7.000
1428384430775	37.498420	139.922284	6	0.104	0.362	9.349	7.000
1428384430876	37.498416	139.922292	6	0.117	0.375	9.426	7.000
1428384430977	37.498412	139.922299	6	0.140	0.356	9.504	7.000
1428384431077	37.498408	139.922306	6	0.152	0.380	9.387	7.000
1428384431178	37.498404	139.922314	6	0.078	0.375	9.357	7.000
1428384431279	37.498400	139.922321	6	-0.003	0.328	9.359	7.000
1428384431379	37.498398	139.922329	6	-0.075	0.379	9.405	7.000
1428384431475	37.498396	139.922336	6	-0.178	0.455	9.261	7.000
1428384431576	37.498393	139.922343	6	-0.186	0.438	9.285	7.000
1428384431677	37.498391	139.922351	6	-0.113	0.411	9.369	7.000
1428384431777	37.498389	139.922358	6	-0.066	0.416	9.353	7.000
1428384431878	37.498386	139.922366	6	-0.071	0.342	9.500	7.000
1428384431979	37.498384	139.922373	6	-0.098	0.359	9.377	7.000
1428384432079	37.498382	139.922380	6	-0.123	0.429	9.132	7.000
1428384432175	37.498380	139.922387	6	-0.110	0.338	9.395	7.000
1428384432276	37.498377	139.922395	6	-0.131	0.216	9.671	7.000
1428384432376	37.498375	139.922402	7	0.013	0.360	9.469	7.021
1428384432477	37.498372	139.922408	7	0.105	0.413	9.241	7.046
1428384432578	37.498369	139.922415	7	0.021	0.339	9.337	7.071
1428384432679	37.498367	139.922421	7	-0.026	0.252	9.558	7.096
1428384432779	37.498364	139.922428	7	-0.040	0.414	9.270	7.121
1428384432875	37.498361	139.922434	7	-0.059	0.509	8.894	7.145
1428384432976	37.498359	139.922441	7	0.029	0.223	9.514	7.171
1428384433076	37.498356	139.922448	7	0.122	0.076	9.793	7.196
1428384433177	37.498353	139.922454	7	0.087	0.173	9.454	7.221
1428384433278	37.498350	139.922461	7	0.012	0.292	9.131	7.247
1428384433378	37.498348	139.922468	7	-0.052	0.129	9.169	7.205
1428384433479	37.498346	139.922475	7	-0.019	0.147	9.423	7.153
1428384433575	37.498345	139.922482	7	-0.054	0.253	9.459	7.104
1428384433676	37.498343	139.922489	7	-0.022	0.203	9.514	7.053
1428384433776	37.498341	139.922496	7	-0.027	0.156	9.265	7.003
1428384433877	37.498339	139.922503	7	-0.053	0.149	9.273	6.952
1428384433978	37.498337	139.922510	7	-0.061	0.104	9.471	6.902
1428384434078	37.498336	139.922517	7	-0.018	0.181	9.431	6.853
1428384434179	37.498334	139.922524	7	-0.042	0.251	9.292	6.804
1428384434275	37.498332	139.922530	7	-0.018	0.223	9.300	6.757
1428384434376	37.498330	139.922537	6	0.093	0.126	9.421	6.771
1428384434476	37.498327	139.922544	6	0.085	0.156	9.438	6.796
1428384434577	37.498324	139.922551	6	-0.030	0.203	9.320	6.821
1428384434678	37.498322	139.922557	6	-0.112	0.187	9.233	6.846
1428384434778	37.498319	139.922564	6	-0.202	0.157	9.117	6.871
1428384434879	37.498316	139.922571	6	-0.259	0.197	9.157	6.896
1428384434975	37.498314	139.922578	6	-0.083	0.080	9.708	6.920
1428384435075	37.498311	139.922585	6	0.136	0.042	9.656	6.945
1428384435177	37.498308	139.922592	6	0.141	0.136	9.258	6.971
1428384435277	37.498305	139.922599	6	0.139	0.105	9.347	6.997
1428384435378	37.498303	139.922607	6	-0.008	0.104	9.420	7.000
1428384435478	37.498301	139.922614	6	-0.060	0.151	9.403	7.000
1428384435579	37.498298	139.922621	6	-0.014	0.231	9.361	7.000
1428384435675	37.498296	139.922628	6	0.094	0.228	9.394	7.000
1428384435775	37.498294	139.922636	6	0.116	0.165	9.402	7.000
1428384435876	37.498292	139.922643	6	0.076	0.198	9.283	7.000
1428384435977	37.498289	139.922651	6	0.030	0.204	9.281	7.000
1428384436077	37.498287	139.922658	6	0.049	0.113	9.452	7.000
1428384436178	37.498285	139.922666	6	0.052	0.063	9.435	7.000
1428384436279	37.498282	139.922673	6	0.011	0.110	9.352	7.000
1428384436375	37.498281	139.922680	9	-0.021	0.101	9.358	6.956
1428384436475	37.498280	139.922686	9	-0.017	0.070	9.473	6.905
1428384436576	37.498279	139.922693	9	-0.017	0.108	9.392	6.853
1428384436677	37.498278	139.922699	9	0.064	0.160	9.323	6.802
1428384436777	37.498277	139.922706	9	0.122	0.095	9.427	6.752
1428384436878	37.498276	139.922712	9	0.074	0.007	9.530	6.702
1428384436979	37.498275	139.922719	9	-0.059	0.018	9.429	6.652
1428384437079	37.498274	139.922725	9	-0.123	0.117	9.187	6.602
1428384437175	37.498273	139.922731	9	-0.137	0.102	9.199	6.556
1428384437276	37.498272	139.922737	9	-0.145	0.067	9.280	6.507
1428384437377	37.498270	139.922745	9	-0.164	0.072	9.368	6.500
1428384437477	37.498269	139.922752	9	-0.099	0.038	9.538	6.500
1428384437578	37.498267	139.922760	9	-0.065	-0.050	9.529	6.500
1428384437679	37.498265	139.922767	9	-0.164	-0.222	9.689	6.500
1428384437779	37.498263	139.922775	9	-0.158	-0.062	9.302	6.500
1428384437875	37.498261	139.922782	9	-0.057	0.128	9.010	6.500
1428384437976	37.498260	139.922789	9	-0.061	0.093	9.239	6.500
1428384438076	37.498258	139.922797	9	0.005	0.058	9.460	6.500
1428384438177	37.498256	139.922805	9	0.139	0.151	9.452	6.500
1428384438278	37.498254	139.922812	9	0.122	0.169	9.396	6.500
1428384438379	37.498253	139.922819	8	0.027	0.023	9.413	6.477
1428384438479	37.498252	139.922825	8	-0.061	-0.018	9.337	6.452
1428384438575	37.498251	139.922831	8	-0.040	0.046	9.326	6.428
1428384438676	37.498250	139.922838	8	0.026	0.051	9.403	6.402
1428384438776	37.498250	139.922844	8	0.086	-0.001	9.523	6.377
1428384438877	37.498249	139.922850	8	0.157	0.067	9.333	6.352
1428384438978	37.498248	139.922857	8	0.263	0.149	9.286	6.327
1428384439079	37.498247	139.922863	8	0.131	0.012	9.500	6.302
1428384439179	37.498246	139.922869	8	0.003	-0.047	9.607	6.277
1428384439275	37.498245	139.922875	8	-0.099	0.024	9.436	6.254
1428384439376	37.498242	139.922882	8	-0.095	0.126	9.264	6.291
1428384439476	37.498238	139.922888	8	-0.004	0.120	9.218	6.340
1428384439577	37.498235	139.922895	8	0.079	0.050	9.344	6.390
1428384439678	37.498231	139.922901	8	0.108	0.077	9.454	6.439
1428384439779	37.498227	139.922908	8	0.018	0.173	9.403	6.490
1428384439879	37.498224	139.922915	8	-0.063	0.158	9.358	6.540
1428384439975	37.498220	139.922921	8	-0.131	0.045	9.361	6.588
1428384440076	37.498216	139.922928	8	-0.127	0.010	9.397	6.640
1428384440176	37.498212	139.922935	8	-0.090	0.079	9.304	6.691
1428384440277	37.498208	139.922942	8	-0.142	0.037	9.449	6.743
1428384440378	37.498207	139.922950	8	-0.134	-0.026	9.556	6.704
1428384440478	37.498207	139.922957	8	-0.108	0.149	9.138	6.653
1428384440579	37.498206	139.922964	8	-0.074	0.122	9.304	6.602
1428384440675	37.498205	139.922971	8	-0.139	0.228	8.955	6.553
1428384440775	37.498205	139.922979	8	-0.093	0.056	9.486	6.503
1428384440876	37.498204	139.922986	8	-0.085	-0.120	9.898	6.452
1428384440977	37.498203	139.922993	8	-0.070	0.027	9.680	6.402
1428384441078	37.498202	139.923000	8	-0.178	0.244	8.780	6.353
1428384441178	37.498202	139.923007	8	-0.158	0.165	8.965	6.304
1428384441280	37.498201	139.923014	8	-0.200	0.015	9.442	6.255
1428384441375	37.498199	139.923020	7	-0.121	-0.012	9.591	6.228
1428384441475	37.498196	139.923026	7	-0.043	0.208	9.476	6.203
1428384441576	37.498194	139.923032	7	0.027	0.227	9.422	6.177
1428384441677	37.498191	139.923037	7	0.091	0.104	9.334	6.152
1428384441778	37.498189	139.923043	7	0.012	0.022	9.279	6.127
1428384441878	37.498186	139.923049	7	-0.000	0.087	9.438	6.102
1428384441979	37.498184	139.923055	7	-0.030	0.197	9.480	6.077
1428384442075	37.498181	139.923060	7	0.029	0.168	9.455	6.053
1428384442175	37.498179	139.923066	7	0.085	0.140	9.373	6.028
1428384442276	37.498176	139.923071	7	0.096	0.094	9.331	6.003
1428384442377	37.498175	139.923077	8	0.092	0.126	9.429	5.978
1428384442477	37.498173	139.923084	8	0.117	0.139	9.501	5.952
1428384442578	37.498172	139.923090	8	0.102	0.136	9.390	5.927
1428384442679	37.498170	139.923096	8	0.032	0.129	9.402	5.901
1428384442775	37.498169	139.923102	8	-0.010	0.104	9.460	5.877
1428384442875	37.498168	139.923108	8	-0.037	0.127	9.380	5.852
1428384442976	37.498166	139.923114	8	-0.062	0.165	9.358	5.827
1428384443077	37.498165	139.923120	8	-0.055	0.181	9.390	5.802
1428384443177	37.498164	139.923126	8	-0.090	0.189	9.295	5.778
1428384443278	37.498162	139.923132	8	-0.047	0.159	9.378	5.753
1428384443379	37.498163	139.923139	9	0.031	0.116	9.571	5.727
1428384443480	37.498163	139.923147	9	0.027	0.149	9.433	5.702
1428384443575	37.498164	139.923154	9	-0.075	0.208	9.092	5.678
1428384443676	37.498165	139.923161	9	-0.039	0.062	9.540	5.652
1428384443777	37.498165	139.923168	9	-0.032	0.042	9.607	5.627
1428384443877	37.498166	139.923175	9	-0.032	0.122	9.305	5.602
1428384443978	37.498167	139.923182	9	0.000	0.128	9.244	5.577
1428384444079	37.498168	139.923189	9	0.052	0.101	9.476	5.552
1428384444179	37.498168	139.923196	9	0.117	0.059	9.501	5.527
1428384444275	37.498169	139.923203	9	0.044	0.099	9.274	5.504
1428384444376	37.498167	139.923208	9	0.006	0.120	9.355	5.478
1428384444476	37.498165	139.923214	9	0.010	0.067	9.513	5.453
1428384444577	37.498163	139.923219	9	0.024	0.047	9.479	5.427
1428384444678	37.498160	139.923224	9	0.029	0.045	9.394	5.402
1428384444779	37.498158	139.923229	9	0.008	0.048	9.379	5.376
1428384444879	37.498156	139.923234	9	-0.017	0.017	9.416	5.351
1428384444975	37.498154	139.923239	9	-0.047	-0.043	9.458	5.327
1428384445076	37.498152	139.923244	9	-0.028	-0.100	9.410	5.303
1428384445176	37.498149	139.923249	9	0.003	-0.079	9.408	5.278
1428384445277	37.498147	139.923254	9	-0.005	-0.089	9.463	5.253
1428384445378	37.498145	139.923260	7	-0.023	-0.147	9.456	5.228
1428384445479	37.498144	139.923265	7	-0.001	-0.113	9.420	5.202
1428384445579	37.498142	139.923270	7	0.029	-0.124	9.408	5.176
1428384445675	37.498140	139.923275	7	0.039	-0.104	9.421	5.152
1428384445776	37.498138	139.923280	7	0.010	-0.103	9.363	5.127
1428384445876	37.498136	139.923285	7	-0.036	-0.101	9.291	5.102
1428384445977	37.498135	139.923290	7	-0.043	-0.080	9.343	5.077
1428384446078	37.498133	139.923295	7	-0.006	-0.101	9.476	5.052
1428384446178	37.498131	139.923300	7	-0.016	-0.144	9.480	5.027
1428384446279	37.498129	139.923305	7	-0.012	-0.126	9.376	5.003
1428384446375	37.498129	139.923310	6	0.001	-0.098	9.372	4.955
1428384446476	37.498128	139.923315	6	0.005	-0.098	9.419	4.903
1428384446576	37.498128	139.923320	6	-0.023	-0.114	9.424	4.852
1428384446677	37.498127	139.923324	6	-0.066	-0.120	9.375	4.800
1428384446778	37.498127	139.923329	6	-0.097	-0.084	9.345	4.749
1428384446878	37.498127	139.923334	6	-0.094	-0.055	9.440	4.700
1428384446979	37.498126	139.923338	6	-0.046	-0.034	9.425	4.650
1428384447075	37.498126	139.923343	6	-0.016	-0.044	9.400	4.603
1428384447175	37.498125	139.923347	6	-0.002	-0.078	9.438	4.555
1428384447276	37.498125	139.923351	6	0.017	-0.060	9.411	4.507
1428384447377	37.498124	139.923356	6	-0.056	-0.070	9.550	4.478
1428384447478	37.498123	139.923361	6	-0.118	-0.046	9.444	4.452
1428384447578	37.498122	139.923366	6	-0.046	-0.065	9.508	4.427
1428384447679	37.498121	139.923371	6	-0.056	0.026	9.324	4.401
1428384447775	37.498120	139.923376	6	-0.086	0.027	9.363	4.377
1428384447875	37.498119	139.923381	6	-0.064	0.024	9.454	4.352
1428384447976	37.498118	139.923386	6	-0.095	0.193	8.921	4.327
1428384448077	37.498117	139.923391	6	0.037	0.125	9.185	4.302
1428384448178	37.498116	139.923396	6	0.101	-0.076	9.939	4.277
1428384448278	37.498115	139.923400	6	0.004	-0.029	9.676	4.253
1428384448379	37.498114	139.923405	6	0.014	0.037	9.238	4.227
1428384448475	37.498112	139.923410	6	-0.015	-0.000	9.383	4.203
1428384448575	37.498111	139.923414	6	-0.074	-0.142	9.376	4.177
1428384448676	37.498109	139.923419	6	-0.025	-0.261	9.359	4.152
1428384448777	37.498108	139.923424	6	-0.014	-0.331	9.358	4.126
1428384448877	37.498107	139.923428	6	-0.018	-0.386	9.213	4.101
1428384448978	37.498105	139.923433	6	0.033	-0.322	9.370	4.076
1428384449079	37.498104	139.923438	6	0.108	-0.305	9.738	4.051
1428384449175	37.498103	139.923442	6	0.152	-0.385	9.477	4.028
1428384449275	37.498101	139.923446	6	0.057	-0.504	9.330	4.004
1428384449376	37.498100	139.923450	5	-0.010	-0.539	9.417	3.954
1428384449477	37.498099	139.923454	5	-0.067	-0.502	9.459	3.901
1428384449577	37.498097	139.923457	5	0.009	-0.419	9.283	3.850
1428384449678	37.498096	139.923461	5	0.113	-0.402	9.222	3.798
1428384449779	37.498095	139.923464	5	0.174	-0.440	9.319	3.747
1428384449879	37.498094	139.923468	5	0.177	-0.499	9.489	3.697
1428384449975	37.498093	139.923471	5	0.174	-0.519	9.460	3.650
1428384450076	37.498091	139.923474	5	0.134	-0.531	9.437	3.601
1428384450177	37.498090	139.923477	5	0.058	-0.586	9.430	3.553
1428384450277	37.498089	139.923481	5	0.010	-0.665	9.427	3.506
1428384450378	37.498089	139.923484	6	-0.043	-0.740	9.434	3.399
1428384450479	37.498088	139.923487	6	-0.071	-0.768	9.415	3.285
1428384450579	37.498088	139.923490	6	-0.053	-0.754	9.305	3.177
1428384450675	37.498087	139.923493	6	-0.058	-0.795	9.353	3.076
1428384450776	37.498087	139.923496	6	-0.048	-0.871	9.461	2.972
1428384450877	37.498086	139.923499	6	-0.008	-0.893	9.447	2.873
1428384450977	37.498086	139.923501	6	0.030	-0.865	9.392	2.777
1428384451078	37.498086	139.923504	6	0.010	-0.873	9.440	2.684
1428384451179	37.498085	139.923506	6	-0.033	-0.866	9.495	2.595
1428384451279	37.498085	139.923509	6	-0.081	-0.860	9.428	2.509
1428384451375	37.498085	139.923510	6	-0.071	-0.818	9.350	2.426
1428384451476	37.498084	139.923512	6	-0.036	-0.792	9.330	2.340
1428384451576	37.498083	139.923514	6	-0.050	-0.879	9.533	2.258
1428384451677	37.498083	139.923515	6	-0.047	-0.869	9.439	2.178
1428384451778	37.498082	139.923516	6	-0.006	-0.836	9.305	2.101
1428384451879	37.498082	139.923518	6	0.003	-0.848	9.403	2.026
1428384451979	37.498081	139.923519	6	0.014	-0.846	9.450	1.955
1428384452075	37.498081	139.923520	6	0.032	-0.824	9.367	1.889
1428384452176	37.498080	139.923522	6	0.042	-0.833	9.397	1.822
1428384452276	37.498080	139.923523	6	0.018	-0.837	9.461	1.759
1428384452377	37.498081	139.923524	6	-0.022	-0.809	9.393	1.586
1428384452478	37.498081	139.923525	6	-0.031	-0.716	9.358	1.409
1428384452578	37.498082	139.923526	6	-0.003	-0.595	9.419	1.248
1428384452679	37.498083	139.923527	6	0.012	-0.450	9.437	1.099
1428384452775	37.498083	139.923527	6	0.003	-0.336	9.387	0.970
1428384452875	37.498084	139.923528	6	0.007	-0.269	9.375	0.850
1428384452976	37.498084	139.923529	6	0.029	-0.223	9.413	0.743
1428384453077	37.498084	139.923529	6	0.037	-0.194	9.428	0.650
1428384453178	37.498085	139.923530	6	0.016	-0.162	9.403	0.571
1428384453278	37.498085	139.923530	6	-0.010	-0.126	9.394	0.507
1428384453379	37.498085	139.923530	5	-0.012	-0.064	9.425	0.471
1428384453475	37.498084	139.923530	5	0.004	-0.001	9.408	0.441
1428384453576	37.498084	139.923530	5	0.007	0.045	9.384	0.411
1428384453676	37.498084	139.923530	5	-0.008	0.068	9.404	0.384
1428384453777	37.498083	139.923531	5	-0.012	0.076	9.427	0.357
1428384453878	37.498083	139.923531	5	0.003	0.092	9.416	0.333
1428384453978	37.498083	139.923531	5	0.011	0.092	9.392	0.310
1428384454079	37.498082	139.923531	5	-0.000	0.083	9.400	0.289
1428384454175	37.498082	139.923531	5	-0.010	0.084	9.397	0.270
1428384454275	37.498082	139.923531	5	-0.013	0.083	9.414	0.253
1428384454376	37.498082	139.923532	4	-0.006	0.081	9.421	0.209
1428384454477	37.498081	139.923533	4	-0.003	0.079	9.417	0.165
1428384454578	37.498081	139.923533	4	-0.013	0.072	9.424	0.127
1428384454678	37.498081	139.923534	4	-0.012	0.061	9.431	0.094
1428384454779	37.498081	139.923535	4	-0.004	0.067	9.419	0.065
1428384454875	37.498080	139.923535	4	-0.001	0.073	9.419	0.043
1428384454975	37.498080	139.923536	4	-0.003	0.100	9.424	0.025
1428384455076	37.498080	139.923536	4	-0.008	0.138	9.416	0.011
1428384455177	37.498080	139.923536	4	-0.003	0.251	9.424	0.003
1428384507379	37.498122	139.923549	9	-0.008	0.607	9.401	0.002
1428384507479	37.498122	139.923549	9	-0.015	0.647	9.420	0.009
1428384507575	37.498122	139.923549	9	-0.015	0.687	9.422	0.020
1428384507676	37.498122	139.923549	9	-0.012	0.717	9.417	0.037
1428384507776	37.498122	139.923549	9	-0.010	0.732	9.427	0.059
1428384507877	37.498122	139.923549	9	-0.002	0.761	9.423	0.086
1428384507978	37.498122	139.923549	9	0.005	0.800	9.405	0.118
1428384508079	37.498121	139.923550	9	0.008	0.810	9.400	0.156
1428384508179	37.498121	139.923550	9	0.007	0.813	9.433	0.198
1428384508275	37.498121	139.923550	9	0.010	0.819	9.421	0.243
1428384508376	37.498121	139.923550	5	0.011	0.827	9.419	0.265
1428384508476	37.498120	139.923551	5	0.012	0.840	9.394	0.284
1428384508577	37.498120	139.923551	5	0.014	0.863	9.384	0.305
1428384508678	37.498119	139.923552	5	0.014	0.900	9.405	0.327
1428384508779	37.498119	139.923552	5	0.008	0.910	9.405	0.351
1428384508879	37.498118	139.923553	5	-0.015	0.920	9.395	0.377
1428384508975	37.498117	139.923553	5	-0.023	0.920	9.398	0.403
1428384509076	37.498117	139.923554	5	-0.026	0.904	9.400	0.432
1428384509176	37.498116	139.923554	5	-0.029	0.895	9.395	0.463
1428384509277	37.498115	139.923555	5	-0.002	0.928	9.337	0.496
1428384509378	37.498115	139.923556	5	0.039	0.953	9.331	0.518
1428384509478	37.498114	139.923557	5	0.047	0.928	9.398	0.539
1428384509579	37.498114	139.923557	5	0.012	0.900	9.459	0.562
1428384509675	37.498113	139.923558	5	-0.015	0.918	9.414	0.584
1428384509775	37.498112	139.923559	5	0.001	0.939	9.387	0.609
1428384509876	37.498112	139.923560	5	0.035	0.928	9.458	0.634
1428384509977	37.498111	139.923561	5	-0.006	0.874	9.535	0.661
1428384510078	37.498110	139.923563	5	-0.105	0.861	9.391	0.689
1428384510178	37.498110	139.923564	5	-0.125	0.833	9.323	0.717
1428384510279	37.498109	139.923565	5	-0.078	0.798	9.384	0.747
1428384510375	37.498108	139.923566	5	-0.022	0.730	9.469	0.750
1428384510475	37.498108	139.923567	5	0.020	0.650	9.503	0.750
1428384510576	37.498107	139.923568	5	0.106	0.621	9.477	0.750
1428384510677	37.498107	139.923569	5	0.199	0.687	9.315	0.750
1428384510778	37.498106	139.923570	5	0.180	0.763	9.218	0.750
1428384510878	37.498105	139.923571	5	0.120	0.702	9.357	0.750
1428384510979	37.498105	139.923572	5	0.059	0.579	9.682	0.750
1428384511075	37.498104	139.923573	5	0.010	0.609	9.566	0.750
1428384511175	37.498104	139.923574	5	-0.052	0.706	9.206	0.750
1428384511276	37.498103	139.923575	5	-0.123	0.685	9.250	0.750
1428384511377	37.498102	139.923576	5	-0.084	0.642	9.439	0.805
1428384511478	37.498102	139.923578	5	-0.006	0.650	9.481	0.877
1428384511578	37.498101	139.923579	5	-0.006	0.691	9.368	0.956
1428384511679	37.498100	139.923581	5	-0.007	0.606	9.360	1.044
1428384511775	37.498099	139.923583	5	0.064	0.464	9.585	1.135
1428384511875	37.498098	139.923585	5	0.117	0.532	9.373	1.238
1428384511976	37.498096	139.923587	5	0.112	0.612	9.174	1.350
1428384512077	37.498095	139.923589	5	-0.003	0.491	9.453	1.470
1428384512177	37.498094	139.923592	5	-0.068	0.423	9.444	1.597
1428384512278	37.498092	139.923595	5	-0.016	0.425	9.330	1.733
1428384512379	37.498091	139.923597	5	0.017	0.352	9.524	1.771
1428384512475	37.498090	139.923599	5	0.035	0.342	9.509	1.794
1428384512575	37.498090	139.923601	5	0.125	0.384	9.207	1.818
1428384512676	37.498089	139.923603	5	0.324	0.367	9.141	1.843
1428384512777	37.498088	139.923605	5	0.559	0.266	9.503	1.868
1428384512877	37.498087	139.923607	5	0.675	0.229	9.754	1.893
1428384512978	37.498086	139.923609	5	0.604	0.238	9.420	1.918
1428384513079	37.498085	139.923611	5	0.527	0.241	9.267	1.944
1428384513180	37.498084	139.923614	5	0.348	0.186	9.390	1.971
1428384513275	37.498083	139.923616	5	0.283	0.190	9.501	1.996
1428384513376	37.498082	139.923618	6	0.337	0.172	9.496	2.000
1428384513477	37.498081	139.923620	6	0.454	0.162	9.370	2.000
1428384513577	37.498079	139.923622	6	0.534	0.188	9.364	2.000
1428384513678	37.498078	139.923624	6	0.489	0.232	9.216	2.000
1428384513779	37.498077	139.923626	6	0.360	0.259	9.061	2.000
1428384513879	37.498075	139.923628	6	0.625	0.033	9.868	2.000
1428384513975	37.498074	139.923630	6	0.831	-0.005	9.856	2.000
1428384514076	37.498073	139.923633	6	0.911	0.187	9.251	2.000
1428384514177	37.498071	139.923635	6	0.997	0.150	9.344	2.000
1428384514277	37.498070	139.923637	6	0.998	0.115	9.732	2.000
1428384514378	37.498069	139.923639	6	0.877	0.201	9.294	2.000
1428384514479	37.498067	139.923640	6	0.736	0.367	9.106	2.000
1428384514579	37.498066	139.923642	6	0.482	0.375	9.393	2.000
1428384514675	37.498064	139.923644	6	0.296	0.429	9.447	2.000
1428384514776	37.498063	139.923645	6	0.213	0.380	9.433	2.000
1428384514876	37.498061	139.923647	6	0.378	0.348	9.542	2.000
1428384514977	37.498060	139.923649	6	0.454	0.372	9.404	2.000
1428384515078	37.498058	139.923650	6	0.529	0.426	9.266	2.000
1428384515179	37.498057	139.923652	6	0.632	0.444	9.297	2.000
1428384515279	37.498055	139.923654	6	0.788	0.384	9.277	2.000
1428384515375	37.498053	139.923655	6	0.974	0.373	9.283	2.000
1428384515476	37.498051	139.923657	6	1.040	0.274	9.531	2.000
1428384515576	37.498049	139.923658	6	0.882	0.176	9.705	2.000
1428384515677	37.498046	139.923659	6	0.798	0.134	9.528	2.000
1428384515778	37.498044	139.923661	6	0.716	0.228	9.247	2.000
1428384515879	37.498042	139.923662	6	0.552	0.231	9.145	2.000
1428384515979	37.498040	139.923664	6	0.704	0.186	9.399	2.000
1428384516075	37.498038	139.923665	6	0.801	0.197	9.323	2.000
1428384516176	37.498036	139.923666	6	0.626	0.077	9.618	2.000
1428384516276	37.498033	139.923668	6	0.179	0.149	9.607	2.000
1428384516377	37.498031	139.923669	6	0.001	0.274	9.260	2.021
1428384516478	37.498029	139.923670	6	0.186	0.303	9.081	2.045
1428384516578	37.498027	139.923672	6	0.392	0.282	9.418	2.069
1428384516679	37.498025	139.923673	6	0.716	0.185	9.567	2.094
1428384516775	37.498023	139.923674	6	0.952	0.293	9.373	2.118
1428384516876	37.498020	139.923675	6	1.074	0.375	9.363	2.143
1428384516976	37.498018	139.923677	6	0.978	0.389	9.476	2.168
1428384517077	37.498016	139.923678	6	0.765	0.261	9.517	2.194
1428384517178	37.498014	139.923679	6	0.607	0.256	9.361	2.221
1428384517278	37.498011	139.923681	6	0.523	0.297	9.270	2.247
1428384517379	37.498009	139.923681	6	0.358	0.332	9.372	2.250
1428384517475	37.498006	139.923682	6	0.308	0.409	9.422	2.250
1428384517575	37.498003	139.923682	6	0.445	0.384	9.471	2.250
1428384517676	37.498001	139.923683	6	0.634	0.268	9.398	2.250
1428384517777	37.497998	139.923683	6	0.595	0.289	9.253	2.250
1428384517878	37.497995	139.923683	6	0.555	0.284	9.456	2.250
1428384517978	37.497992	139.923684	6	0.578	0.191	9.464	2.250
1428384518079	37.497990	139.923684	6	0.634	0.194	9.331	2.250
1428384518175	37.497987	139.923685	6	0.634	0.258	9.316	2.250
1428384518275	37.497984	139.923685	6	0.510	0.256	9.536	2.250
1428384518376	37.497982	139.923685	5	0.386	0.270	9.464	2.270
1428384518477	37.497979	139.923684	5	0.323	0.354	9.247	2.295
1428384518578	37.497976	139.923684	5	0.253	0.347	9.319	2.319
1428384518678	37.497973	139.923684	5	0.202	0.290	9.396	2.344
1428384518779	37.497971	139.923684	5	0.251	0.311	9.410	2.369
1428384518875	37.497968	139.923683	5	0.255	0.338	9.416	2.393
1428384518975	37.497965	139.923683	5	0.227	0.242	9.413	2.418
1428384519076	37.497962	139.923683	5	0.226	0.215	9.441	2.444
1428384519177	37.497959	139.923682	5	0.270	0.274	9.500	2.470
1428384519277	37.497956	139.923682	5	0.314	0.278	9.389	2.497
1428384519378	37.497954	139.923681	5	0.329	0.207	9.409	2.521
1428384519479	37.497951	139.923680	5	0.286	0.250	9.446	2.545
1428384519575	37.497948	139.923680	5	0.216	0.286	9.323	2.569
1428384519675	37.497945	139.923679	5	0.167	0.280	9.352	2.593
1428384519776	37.497942	139.923678	5	0.182	0.328	9.444	2.619
1428384519877	37.497939	139.923677	5	0.131	0.435	9.402	2.644
1428384519977	37.497936	139.923676	5	0.068	0.522	9.420	2.669
1428384520078	37.497933	139.923675	5	0.141	0.588	9.353	2.695
1428384520179	37.497930	139.923674	5	0.132	0.614	9.511	2.721
1428384520279	37.497927	139.923673	5	0.040	0.546	9.659	2.747
1428384520375	37.497925	139.923672	5	0.076	0.675	9.349	2.750
1428384520476	37.497922	139.923671	5	0.120	0.811	9.351	2.750
1428384520577	37.497919	139.923670	5	0.173	0.798	9.473	2.750
1428384520677	37.497917	139.923669	5	0.253	0.740	9.469	2.750
1428384520778	37.497914	139.923668	5	0.344	0.779	9.351	2.750
1428384520879	37.497911	139.923667	5	0.363	0.797	9.449	2.750
1428384520979	37.497908	139.923665	5	0.324	0.799	9.537	2.750
1428384521075	37.497906	139.923664	5	0.171	0.783	9.539	2.750
1428384521176	37.497903	139.923663	5	0.082	0.785	9.497	2.750
1428384521276	37.497900	139.923662	5	0.059	0.847	9.360	2.750
1428384521377	37.497898	139.923661	6	0.029	0.823	9.300	2.771
1428384521478	37.497895	139.923659	6	0.050	0.789	9.379	2.795
1428384521579	37.497892	139.923658	6	0.136	0.767	9.427	2.820
1428384521679	37.497889	139.923656	6	0.212	0.767	9.430	2.845
1428384521775	37.497886	139.923655	6	0.218	0.744	9.471	2.869
1428384521876	37.497883	139.923653	6	0.204	0.722	9.469	2.894
1428384521976	37.497880	139.923652	6	0.075	0.703	9.451	2.919
1428384522077	37.497877	139.923650	6	-0.042	0.651	9.456	2.945
1428384522178	37.497874	139.923649	6	-0.079	0.679	9.318	2.971
1428384522279	37.497871	139.923647	6	0.018	0.682	9.378	2.997
1428384522379	37.497868	139.923646	7	0.063	0.691	9.402	3.021
1428384522475	37.497865	139.923644	7	0.129	0.669	9.450	3.045
1428384522576	37.497862	139.923643	7	0.189	0.676	9.431	3.069
1428384522676	37.497859	139.923641	7	0.229	0.701	9.384	3.094
1428384522777	37.497856	139.923640	7	0.219	0.650	9.517	3.119
1428384522878	37.497852	139.923638	7	0.160	0.571	9.400	3.145
1428384522978	37.497849	139.923637	7	0.109	0.467	9.260	3.170
1428384523079	37.497846	139.923635	7	0.123	0.273	9.361	3.196
1428384523175	37.497843	139.923634	7	0.151	0.132	9.477	3.220
1428384523275	37.497839	139.923632	7	0.197	0.069	9.443	3.246
1428384523376	37.497836	139.923631	7	0.119	0.025	9.360	3.326
1428384523477	37.497832	139.923629	7	0.130	-0.001	9.507	3.417
1428384523578	37.497828	139.923627	7	0.151	0.023	9.485	3.511
1428384523679	37.497824	139.923626	7	0.086	0.034	9.221	3.607
1428384523779	37.497820	139.923624	7	0.100	-0.039	9.355	3.706
1428384523875	37.497816	139.923622	7	0.047	-0.126	9.683	3.803
1428384523975	37.497812	139.923620	7	-0.003	-0.070	9.462	3.906
1428384524076	37.497808	139.923618	7	0.026	0.016	9.374	4.014
1428384524177	37.497803	139.923616	7	0.039	0.017	9.414	4.124
1428384524278	37.497799	139.923614	7	-0.012	-0.033	9.376	4.236
1428384524378	37.497794	139.923612	6	-0.058	-0.040	9.345	4.292
1428384524479	37.497790	139.923611	6	-0.037	-0.022	9.333	4.340
1428384524575	37.497786	139.923609	6	-0.012	0.049	9.491	4.387
1428384524675	37.497782	139.923607	6	-0.014	0.030	9.472	4.436
1428384524776	37.497777	139.923606	6	-0.094	-0.053	9.401	4.486
1428384524877	37.497773	139.923604	6	-0.091	-0.057	9.404	4.537
1428384524978	37.497768	139.923602	6	-0.029	-0.006	9.404	4.588
1428384525078	37.497764	139.923600	6	0.067	-0.003	9.366	4.639
1428384525179	37.497759	139.923598	6	0.079	-0.088	9.366	4.692
1428384525275	37.497755	139.923596	6	0.011	-0.091	9.487	4.742
1428384525375	37.497750	139.923595	6	-0.049	0.065	9.464	4.750
1428384525476	37.497746	139.923593	6	-0.005	0.120	9.370	4.750
1428384525577	37.497741	139.923591	6	0.094	0.063	9.502	4.750
1428384525677	37.497737	139.923589	6	-0.062	0.046	9.454	4.750
1428384525778	37.497733	139.923588	6	-0.103	0.114	9.135	4.750
1428384525879	37.497728	139.923586	6	-0.000	0.148	9.336	4.750
1428384525980	37.497724	139.923584	6	0.146	0.065	9.647	4.750
1428384526075	37.497719	139.923583	6	0.099	0.085	9.451	4.750
1428384526176	37.497715	139.923581	6	-0.014	0.065	9.393	4.750
1428384526277	37.497711	139.923579	6	-0.117	0.028	9.526	4.750
1428384526377	37.497706	139.923577	6	-0.076	0.078	9.429	4.771
1428384526478	37.497702	139.923575	6	-0.082	0.083	9.290	4.796
1428384526579	37.497697	139.923573	6	-0.140	0.063	9.244	4.821
1428384526679	37.497693	139.923571	6	-0.118	0.047	9.347	4.846
1428384526775	37.497688	139.923569	6	0.006	0.061	9.448	4.870
1428384526876	37.497684	139.923567	6	0.147	0.071	9.447	4.895
1428384526976	37.497679	139.923565	6	0.107	0.069	9.424	4.920
1428384527077	37.497675	139.923563	6	-0.053	0.005	9.337	4.946
1428384527178	37.497670	139.923560	6	-0.144	-0.059	9.438	4.971
1428384527279	37.497666	139.923558	6	-0.189	-0.089	9.474	4.997
1428384527379	37.497660	139.923555	7	-0.093	-0.061	9.278	4.977
1428384527475	37.497654	139.923551	7	-0.072	-0.041	9.373	4.953
1428384527576	37.497648	139.923548	7	-0.072	-0.090	9.436	4.927
1428384527676	37.497641	139.923544	7	-0.004	-0.200	9.650	4.902
1428384527777	37.497635	139.923541	7	-0.188	-0.158	9.460	4.877
1428384527878	37.497629	139.923537	7	-0.230	-0.064	9.189	4.851
1428384527979	37.497623	139.923534	7	-0.196	0.115	8.969	4.826
1428384528079	37.497617	139.923530	7	-0.226	-0.045	9.460	4.802
1428384528175	37.497612	139.923527	7	-0.228	-0.214	9.802	4.778
1428384528276	37.497606	139.923523	7	-0.139	-0.162	9.571	4.753
1428384528376	37.497601	139.923522	7	-0.031	-0.066	9.262	4.750
1428384528477	37.497597	139.923520	7	0.077	-0.058	9.529	4.750
1428384528578	37.497593	139.923518	7	-0.060	-0.142	9.506	4.750
1428384528678	37.497589	139.923516	7	-0.313	-0.183	9.413	4.750
1428384528779	37.497584	139.923515	7	-0.331	-0.151	9.176	4.750
1428384528875	37.497580	139.923513	7	-0.266	-0.083	9.458	4.750
1428384528976	37.497576	139.923511	7	-0.216	0.002	9.540	4.750
1428384529076	37.497572	139.923510	7	-0.117	-0.037	9.410	4.750
1428384529177	37.497568	139.923508	7	-0.057	-0.100	9.294	4.750
1428384529278	37.497563	139.923506	7	0.010	-0.067	9.391	4.750
1428384529378	37.497560	139.923504	5	0.013	-0.034	9.408	4.727
1428384529479	37.497557	139.923502	5	-0.037	-0.025	9.329	4.702
1428384529575	37.497554	139.923500	5	-0.065	-0.106	9.466	4.677
1428384529676	37.497550	139.923498	5	-0.114	-0.120	9.477	4.652
1428384529776	37.497547	139.923496	5	-0.129	-0.084	9.431	4.627
1428384529877	37.497544	139.923494	5	-0.095	-0.057	9.369	4.602
1428384529978	37.497541	139.923492	5	-0.103	-0.072	9.354	4.577
1428384530078	37.497538	139.923490	5	-0.126	-0.104	9.388	4.552
1428384530179	37.497534	139.923488	5	-0.082	-0.066	9.449	4.527
1428384530275	37.497531	139.923486	5	-0.002	-0.037	9.343	4.504
1428384530375	37.497527	139.923485	5	-0.033	-0.042	8.966	4.500
1428384530476	37.497523	139.923484	5	0.180	-0.383	9.703	4.500
1428384530577	37.497519	139.923483	5	0.221	-0.547	9.637	4.500
1428384530678	37.497514	139.923482	5	0.276	-0.595	9.485	4.500
1428384530778	37.497510	139.923481	5	0.266	-0.456	9.203	4.500
1428384530879	37.497506	139.923480	5	0.415	-0.520	9.424	4.500
1428384530975	37.497502	139.923478	5	0.507	-0.595	9.638	4.500
1428384531075	37.497497	139.923477	5	0.511	-0.557	9.343	4.500
1428384531176	37.497493	139.923476	5	0.550	-0.555	9.269	4.500
1428384531277	37.497489	139.923475	5	0.583	-0.595	9.413	4.500
1428384531377	37.497486	139.923474	6	0.747	-0.492	9.554	4.429
1428384531478	37.497484	139.923472	6	0.902	-0.510	9.424	4.349
1428384531579	37.497481	139.923470	6	0.996	-0.610	9.422	4.269
1428384531675	37.497479	139.923469	6	0.955	-0.664	9.456	4.195
1428384531775	37.497477	139.923467	6	0.930	-0.669	9.502	4.119
1428384531876	37.497475	139.923466	6	1.000	-0.586	9.432	4.044
1428384531977	37.497472	139.923464	6	1.078	-0.501	9.316	3.970
1428384532077	37.497470	139.923463	6	1.130	-0.458	9.341	3.898
1428384532178	37.497468	139.923462	6	1.140	-0.323	9.332	3.827
1428384532279	37.497466	139.923460	6	1.151	-0.261	9.343	3.758
1428384532379	37.497464	139.923458	6	1.265	-0.229	9.359	3.676
1428384532475	37.497462	139.923455	6	1.317	-0.201	9.236	3.599
1428384532576	37.497460	139.923453	6	1.458	-0.254	9.268	3.518
1428384532677	37.497459	139.923450	6	1.520	-0.372	9.714	3.440
1428384532777	37.497457	139.923448	6	1.410	-0.439	9.572	3.364
1428384532878	37.497455	139.923445	6	1.190	-0.441	9.311	3.289
1428384532979	37.497453	139.923443	6	1.106	-0.601	9.444	3.215
1428384533079	37.497451	139.923441	6	1.004	-0.513	9.265	3.144
1428384533175	37.497450	139.923438	6	0.874	-0.414	9.214	3.078
1428384533276	37.497448	139.923436	6	0.975	-0.364	9.383	3.009
1428384533377	37.497448	139.923431	7	1.162	-0.450	9.649	3.059
1428384533477	37.497448	139.923424	7	1.279	-0.373	9.415	3.128
1428384533578	37.497448	139.923418	7	1.385	-0.261	9.110	3.199
1428384533679	37.497448	139.923411	7	1.326	-0.238	9.304	3.272
1428384533779	37.497448	139.923405	7	1.262	-0.325	9.463	3.346
1428384533875	37.497449	139.923398	7	1.176	-0.323	9.277	3.419
1428384533976	37.497449	139.923391	7	1.125	-0.299	9.437	3.497
1428384534076	37.497449	139.923384	7	1.069	-0.351	9.694	3.575
1428384534177	37.497449	139.923376	7	0.936	-0.278	9.234	3.657
1428384534278	37.497449	139.923369	7	0.859	-0.323	9.144	3.740
1428384534379	37.497449	139.923364	7	1.032	-0.393	9.475	3.772
1428384534479	37.497450	139.923359	7	1.233	-0.326	9.605	3.796
1428384534575	37.497450	139.923354	7	1.280	-0.306	9.441	3.820
1428384534676	37.497451	139.923349	7	1.347	-0.345	9.318	3.845
1428384534776	37.497451	139.923345	7	1.284	-0.316	9.434	3.869
1428384534877	37.497452	139.923340	7	0.982	-0.230	9.445	3.895
1428384534978	37.497452	139.923335	7	0.587	-0.172	9.491	3.920
1428384535078	37.497453	139.923330	7	0.385	-0.127	9.390	3.946
1428384535179	37.497453	139.923325	7	0.308	-0.127	9.340	3.971
1428384535275	37.497454	139.923320	7	0.282	-0.128	9.390	3.996
1428384535376	37.497456	139.923315	7	0.270	-0.101	9.469	4.000
1428384535476	37.497458	139.923310	7	0.288	-0.099	9.545	4.000
1428384535577	37.497461	139.923304	7	0.382	-0.016	9.353	4.000
1428384535678	37.497463	139.923299	7	0.494	0.030	9.260	4.000
1428384535778	37.497466	139.923294	7	0.426	-0.081	9.364	4.000
1428384535879	37.497468	139.923289	7	0.402	-0.034	9.459	4.000
1428384535975	37.497470	139.923284	7	0.421	-0.014	9.393	4.000
1428384536076	37.497473	139.923279	7	0.473	0.033	9.352	4.000
1428384536176	37.497475	139.923274	7	0.492	0.051	9.359	4.000
1428384536277	37.497478	139.923269	7	0.574	0.082	9.410	4.000
1428384536378	37.497479	139.923263	7	0.602	0.044	9.488	4.042
1428384536478	37.497480	139.923256	7	0.574	0.020	9.357	4.090
1428384536579	37.497481	139.923250	7	0.608	-0.038	9.323	4.138
1428384536675	37.497482	139.923244	7	0.639	0.043	9.382	4.186
1428384536775	37.497483	139.923237	7	0.574	0.114	9.343	4.235
1428384536876	37.497484	139.923231	7	0.472	0.106	9.353	4.286
1428384536977	37.497485	139.923224	7	0.427	0.072	9.445	4.337
1428384537078	37.497487	139.923217	7	0.464	0.061	9.460	4.389
1428384537178	37.497488	139.923211	7	0.494	0.118	9.402	4.441
1428384537279	37.497489	139.923204	7	0.546	0.154	9.401	4.494
1428384537375	37.497490	139.923199	6	0.625	0.175	9.399	4.500
1428384537475	37.497491	139.923194	6	0.621	0.146	9.480	4.500
1428384537576	37.497493	139.923189	6	0.499	0.131	9.373	4.500
1428384537677	37.497494	139.923184	6	0.397	0.152	9.352	4.500
1428384537777	37.497495	139.923180	6	0.357	0.155	9.482	4.500
1428384537878	37.497497	139.923175	6	0.299	0.178	9.478	4.500
1428384537979	37.497498	139.923170	6	0.227	0.208	9.359	4.500
1428384538080	37.497499	139.923165	6	0.188	0.213	9.332	4.500
1428384538175	37.497501	139.923161	6	0.236	0.175	9.481	4.500
1428384538276	37.497502	139.923156	6	0.278	0.191	9.486	4.500
1428384538377	37.497503	139.923151	5	0.267	0.275	9.332	4.500
1428384538477	37.497504	139.923146	5	0.246	0.235	9.336	4.500
1428384538578	37.497505	139.923141	5	0.182	0.215	9.423	4.500
1428384538679	37.497506	139.923136	5	0.170	0.194	9.471	4.500
1428384538779	37.497507	139.923131	5	0.236	0.220	9.364	4.500
1428384538875	37.497508	139.923126	5	0.322	0.231	9.392	4.500
1428384538976	37.497509	139.923121	5	0.353	0.200	9.467	4.500
1428384539077	37.497510	139.923116	5	0.416	0.197	9.473	4.500
1428384539177	37.497511	139.923111	5	0.430	0.167	9.441	4.500
1428384539278	37.497512	139.923106	5	0.394	0.173	9.432	4.500
1428384539379	37.497513	139.923100	4	0.352	0.204	9.391	4.500
1428384539479	37.497514	139.923095	4	0.324	0.211	9.384	4.500
1428384539575	37.497515	139.923089	4	0.386	0.248	9.200	4.500
1428384539676	37.497515	139.923084	4	0.408	0.224	9.399	4.500
1428384539777	37.497516	139.923078	4	0.371	0.093	9.693	4.500
1428384539877	37.497517	139.923073	4	0.384	0.159	9.494	4.500
1428384539978	37.497518	139.923067	4	0.485	0.268	9.273	4.500
1428384540079	37.497519	139.923062	4	0.412	0.120	9.614	4.500
1428384540179	37.497520	139.923056	4	0.257	0.013	9.800	4.500
1428384540275	37.497521	139.923051	4	0.340	0.185	9.245	4.500
1428384540376	37.497522	139.923045	4	0.444	0.278	9.122	4.521
1428384540476	37.497523	139.923040	4	0.485	0.244	9.460	4.545
1428384540577	37.497524	139.923035	4	0.465	0.184	9.552	4.570
1428384540678	37.497524	139.923029	4	0.458	0.175	9.395	4.595
1428384540779	37.497525	139.923023	4	0.435	0.237	9.374	4.621
1428384540879	37.497526	139.923018	4	0.382	0.263	9.488	4.646
1428384540975	37.497527	139.923013	4	0.268	0.165	9.396	4.670
1428384541076	37.497528	139.923007	4	0.198	0.120	9.350	4.695
1428384541176	37.497529	139.923001	4	0.344	0.212	9.262	4.721
1428384541277	37.497530	139.922996	4	0.351	0.125	9.638	4.747
1428384541378	37.497530	139.922989	5	0.252	-0.005	9.861	4.792
1428384541479	37.497531	139.922981	5	0.169	0.207	9.198	4.841
1428384541579	37.497531	139.922974	5	0.233	0.358	8.857	4.889
1428384541675	37.497532	139.922966	5	0.258	0.212	9.373	4.937
1428384541776	37.497532	139.922959	5	0.295	0.091	9.855	4.987
1428384541876	37.497533	139.922951	5	0.303	0.196	9.461	5.037
1428384541977	37.497533	139.922943	5	0.201	0.383	9.017	5.088
1428384542078	37.497534	139.922935	5	0.335	0.519	9.098	5.140
1428384542178	37.497534	139.922927	5	0.118	0.248	9.637	5.192
1428384542279	37.497535	139.922919	5	-0.048	0.136	9.723	5.244
1428384542375	37.497536	139.922913	5	-0.007	0.348	9.260	5.271
1428384542475	37.497537	139.922906	5	-0.066	0.446	9.345	5.295
1428384542576	37.497538	139.922899	5	-0.113	0.339	9.580	5.320
1428384542677	37.497539	139.922893	5	-0.119	0.336	9.165	5.345
1428384542778	37.497540	139.922886	5	-0.216	0.443	8.788	5.371
1428384542878	37.497541	139.922880	5	-0.144	0.449	9.448	5.396
1428384542979	37.497542	139.922873	5	-0.049	0.277	10.165	5.421
1428384543075	37.497543	139.922866	5	0.071	0.258	9.815	5.445
1428384543175	37.497544	139.922860	5	-0.052	0.386	9.287	5.471
1428384543276	37.497545	139.922853	5	-0.199	0.352	9.171	5.496
1428384543377	37.497546	139.922846	5	-0.278	0.321	9.228	5.521
1428384543478	37.497547	139.922839	5	-0.378	0.292	9.289	5.546
1428384543578	37.497549	139.922832	5	-0.319	0.363	9.569	5.571
1428384543679	37.497550	139.922826	5	-0.166	0.588	9.296	5.596
1428384543775	37.497551	139.922819	5	-0.106	0.119	9.954	5.620
1428384543875	37.497553	139.922812	5	-0.025	-0.023	9.847	5.645
1428384543976	37.497554	139.922805	5	0.089	0.185	9.061	5.670
1428384544077	37.497555	139.922798	5	0.147	0.293	8.886	5.696
1428384544177	37.497557	139.922791	5	0.136	0.257	9.430	5.721
1428384544278	37.497558	139.922784	5	-0.033	0.048	9.613	5.747
1428384544379	37.497559	139.922777	5	-0.106	0.117	9.599	5.750
1428384544475	37.497560	139.922770	5	-0.111	0.253	9.331	5.750
1428384544575	37.497561	139.922763	5	-0.128	0.138	9.037	5.750
1428384544676	37.497562	139.922756	5	-0.088	-0.245	9.826	5.750
1428384544777	37.497563	139.922748	5	0.008	-0.195	9.708	5.750
1428384544877	37.497564	139.922741	5	0.088	0.308	8.864	5.750
1428384544978	37.497566	139.922734	5	0.259	0.182	9.503	5.750
1428384545079	37.497567	139.922727	5	0.305	-0.084	9.953	5.750
1428384545180	37.497568	139.922720	5	0.067	0.033	9.260	5.750
1428384545275	37.497569	139.922713	5	0.144	0.172	9.148	5.750
1428384545376	37.497570	139.922706	6	0.175	0.239	9.511	5.771
1428384545477	37.497572	139.922699	6	0.032	0.030	9.386	5.796
1428384545577	37.497573	139.922693	6	0.107	0.028	9.414	5.821
1428384545678	37.497574	139.922686	6	0.141	0.040	9.814	5.846
1428384545779	37.497576	139.922679	6	0.080	0.002	9.677	5.871
1428384545879	37.497577	139.922672	6	0.058	-0.015	9.393	5.896
1428384545975	37.497579	139.922665	6	-0.091	0.128	9.102	5.920
1428384546076	37.497580	139.922658	6	-0.020	0.147	9.310	5.946
1428384546177	37.497581	139.922651	6	0.152	0.056	9.622	5.971
1428384546277	37.497583	139.922644	6	0.153	0.047	9.596	5.997
1428384546378	37.497584	139.922637	6	0.142	0.078	9.578	6.000
1428384546479	37.497585	139.922630	6	-0.089	0.148	9.154	6.000
1428384546579	37.497586	139.922623	6	0.009	0.169	8.914	6.000
1428384546675	37.497587	139.922616	6	0.001	0.131	9.160	6.000
1428384546776	37.497588	139.922609	6	0.041	-0.090	9.954	6.000
1428384546876	37.497589	139.922602	6	0.180	-0.058	9.836	6.000
1428384546977	37.497591	139.922595	6	0.206	0.132	9.237	6.000
1428384547078	37.497592	139.922588	6	0.273	0.154	9.046	6.000
1428384547179	37.497593	139.922581	6	0.026	-0.123	9.407	6.000
1428384547279	37.497594	139.922574	6	-0.071	-0.228	9.753	6.000
1428384547375	37.497596	139.922567	5	-0.107	0.095	9.623	6.021
1428384547476	37.497598	139.922560	5	-0.189	0.263	9.398	6.046
1428384547576	37.497601	139.922553	5	-0.138	0.068	9.388	6.070
1428384547677	37.497603	139.922546	5	0.039	-0.055	9.491	6.096
1428384547778	37.497606	139.922539	5	0.101	0.082	9.381	6.121
1428384547878	37.497608	139.922532	5	-0.003	0.208	9.416	6.146
1428384547979	37.497610	139.922525	5	-0.080	0.160	9.443	6.171
1428384548075	37.497613	139.922518	5	-0.061	0.100	9.382	6.195
1428384548176	37.497615	139.922511	5	-0.062	0.122	9.314	6.221
1428384548276	37.497618	139.922504	5	-0.055	0.129	9.422	6.246
1428384548377	37.497619	139.922497	5	-0.043	0.076	9.450	6.228
1428384548478	37.497620	139.922491	5	-0.038	0.073	9.390	6.202
1428384548578	37.497622	139.922484	5	-0.060	0.116	9.326	6.177
1428384548679	37.497623	139.922477	5	-0.054	0.101	9.370	6.152
1428384548775	37.497624	139.922471	5	-0.029	0.068	9.451	6.127
1428384548876	37.497625	139.922465	5	0.033	-0.054	9.803	6.102
1428384548976	37.497626	139.922458	5	-0.195	-0.020	9.565	6.077
1428384549077	37.497627	139.922452	5	-0.205	0.263	8.881	6.052
1428384549178	37.497629	139.922445	5	-0.153	0.150	9.285	6.027
1428384549278	37.497630	139.922439	5	-0.149	-0.032	9.723	6.003
1428384549379	37.497632	139.922431	5	-0.115	0.046	9.606	6.000
1428384549475	37.497633	139.922425	5	-0.054	0.168	9.414	6.000
1428384549575	37.497635	139.922417	5	-0.081	0.168	9.402	6.000
1428384549676	37.497637	139.922410	5	-0.196	-0.005	9.230	6.000
1428384549777	37.497639	139.922402	5	-0.196	0.035	9.439	6.000
1428384549877	37.497641	139.922395	5	-0.192	0.169	9.462	6.000
1428384549978	37.497642	139.922388	5	-0.134	0.171	9.384	6.000
1428384550079	37.497644	139.922380	5	-0.156	0.085	9.418	6.000
1428384550175	37.497646	139.922373	5	-0.265	0.008	9.454	6.000
1428384550275	37.497648	139.922366	5	-0.076	0.010	9.575	6.000
1428384550376	37.497649	139.922359	5	-0.066	0.127	9.396	6.041
1428384550477	37.497650	139.922352	5	-0.112	0.126	9.371	6.090
1428384550577	37.497651	139.922345	5	0.015	0.093	9.542	6.139
1428384550678	37.497652	139.922338	5	-0.029	0.087	9.449	6.189
1428384550779	37.497653	139.922331	5	-0.235	0.101	9.406	6.240
1428384550875	37.497654	139.922324	5	-0.414	0.132	9.335	6.288
1428384550975	37.497655	139.922316	5	-0.319	0.027	9.556	6.338
1428384551076	37.497657	139.922309	5	-0.292	0.004	9.542	6.390
1428384551177	37.497658	139.922301	5	-0.215	0.162	9.034	6.441
1428384551277	37.497659	139.922294	5	-0.131	0.191	9.083	6.493
1428384551378	37.497660	139.922288	5	-0.122	0.119	9.256	6.454
1428384551479	37.497662	139.922282	5	-0.238	-0.105	9.685	6.402
1428384551579	37.497663	139.922276	5	-0.249	-0.033	9.423	6.351
1428384551675	37.497665	139.922271	5	-0.205	0.059	9.259	6.303
1428384551776	37.497666	139.922265	5	-0.171	-0.298	9.775	6.252
1428384551877	37.497667	139.922259	5	-0.292	-0.252	9.272	6.202
1428384551977	37.497669	139.922253	5	-0.055	-0.041	9.096	6.152
1428384552078	37.497670	139.922248	5	-0.015	-0.053	9.555	6.103
1428384552179	37.497672	139.922242	5	-0.133	-0.243	9.711	6.054
1428384552275	37.497673	139.922237	5	-0.140	-0.297	9.441	6.007
1428384552375	37.497674	139.922230	5	-0.061	-0.063	9.356	6.000
1428384552476	37.497676	139.922223	5	-0.111	-0.095	9.334	6.000
1428384552576	37.497677	139.922217	5	-0.134	-0.317	9.395	6.000
1428384552677	37.497679	139.922210	5	-0.088	-0.279	9.574	6.000
1428384552778	37.497680	139.922203	5	-0.149	-0.180	9.412	6.000
1428384552879	37.497682	139.922196	5	-0.191	-0.142	9.401	6.000
1428384552979	37.497683	139.922189	5	-0.242	-0.279	9.404	6.000
1428384553075	37.497685	139.922183	5	-0.189	-0.282	9.369	6.000
1428384553176	37.497686	139.922176	5	-0.116	-0.175	9.274	6.000
1428384553276	37.497688	139.922169	5	-0.082	-0.194	9.407	6.000
1428384553377	37.497689	139.922162	5	-0.190	-0.369	9.829	5.978
1428384553478	37.497691	139.922155	5	-0.198	-0.337	9.596	5.952
1428384553579	37.497693	139.922148	5	-0.234	-0.161	9.243	5.927
1428384553679	37.497694	139.922141	5	-0.262	-0.173	9.351	5.901
1428384553775	37.497696	139.922134	5	-0.262	-0.229	9.419	5.877
1428384553876	37.497697	139.922127	5	-0.178	-0.195	9.260	5.852
1428384553976	37.497699	139.922120	5	0.019	-0.008	9.480	5.827
1428384554077	37.497701	139.922113	5	-0.053	-0.047	9.770	5.802
1428384554178	37.497702	139.922107	5	-0.099	-0.155	9.584	5.777
1428384554279	37.497704	139.922100	5	-0.079	-0.108	9.414	5.753
1428384554379	37.497705	139.922093	5	-0.111	0.095	9.300	5.727
1428384554475	37.497706	139.922087	5	-0.141	0.108	9.306	5.703
1428384554576	37.497707	139.922081	5	-0.146	0.040	9.323	5.677
1428384554676	37.497708	139.922075	5	-0.007	0.091	9.514	5.652
1428384554777	37.497708	139.922068	5	-0.012	0.247	9.567	5.627
1428384554878	37.497709	139.922062	5	-0.086	0.261	9.376	5.602
1428384554978	37.497710	139.922056	5	-0.189	0.167	9.357	5.577
1428384555079	37.497711	139.922050	5	-0.192	0.108	9.512	5.552
1428384555175	37.497712	139.922044	5	-0.152	0.170	9.493	5.528
1428384555275	37.497713	139.922038	5	-0.172	0.232	9.290	5.504
1428384555376	37.497714	139.922032	5	-0.182	0.176	9.399	5.521
1428384555477	37.497715	139.922026	5	-0.119	0.181	9.430	5.546
1428384555578	37.497716	139.922019	5	-0.072	0.200	9.360	5.571
1428384555678	37.497717	139.922013	5	-0.097	0.211	9.356	5.596
1428384555779	37.497718	139.922007	5	-0.145	0.242	9.360	5.621
1428384555875	37.497719	139.922001	5	-0.284	0.100	9.706	5.645
1428384555975	37.497720	139.921995	5	-0.262	0.126	9.592	5.670
1428384556076	37.497721	139.921988	5	-0.213	0.262	9.267	5.696
1428384556177	37.497722	139.921982	5	-0.191	0.252	9.276	5.721
1428384556277	37.497723	139.921976	5	-0.185	0.232	9.482	5.747
1428384556378	37.497725	139.921969	6	-0.127	0.198	9.445	5.750
1428384556479	37.497727	139.921962	6	-0.032	0.346	9.469	5.750
1428384556575	37.497729	139.921956	6	-0.209	0.266	9.605	5.750
1428384556675	37.497731	139.921949	6	-0.189	0.243	9.232	5.750
1428384556776	37.497734	139.921942	6	-0.145	0.171	9.315	5.750
1428384556877	37.497736	139.921936	6	-0.077	0.087	9.613	5.750
1428384556977	37.497738	139.921929	6	-0.075	0.130	9.529	5.750
1428384557078	37.497740	139.921922	6	-0.085	0.126	9.339	5.750
1428384557179	37.497743	139.921915	6	-0.163	0.172	9.320	5.750
1428384557275	37.497745	139.921909	6	-0.272	0.120	9.363	5.750
1428384557375	37.497745	139.921902	8	-0.234	-0.011	9.602	5.750
1428384557476	37.497746	139.921895	8	-0.137	0.117	9.426	5.750
1428384557577	37.497746	139.921888	8	-0.166	0.213	9.070	5.750
1428384557677	37.497747	139.921882	8	-0.180	0.086	9.353	5.750
1428384557778	37.497747	139.921875	8	-0.175	-0.037	9.654	5.750
1428384557879	37.497747	139.921868	8	-0.276	0.040	9.375	5.750
1428384557979	37.497748	139.921861	8	-0.275	0.117	9.408	5.750
1428384558075	37.497748	139.921855	8	-0.248	0.056	9.511	5.750
1428384558176	37.497749	139.921848	8	-0.167	0.002	9.363	5.750
1428384558277	37.497749	139.921841	8	-0.153	-0.010	9.374	5.750
1428384558377	37.497750	139.921834	8	-0.151	0.072	9.409	5.771
1428384558478	37.497751	139.921828	8	-0.149	0.093	9.455	5.796
1428384558579	37.497752	139.921821	8	-0.183	0.022	9.368	5.821
1428384558679	37.497754	139.921814	8	-0.251	0.037	9.386	5.846
1428384558775	37.497755	139.921808	8	-0.306	0.041	9.335	5.870
1428384558876	37.497756	139.921801	8	-0.256	0.012	9.371	5.895
1428384558977	37.497757	139.921794	8	-0.201	-0.019	9.354	5.921
1428384559077	37.497758	139.921788	8	-0.191	-0.023	9.425	5.946
1428384559178	37.497760	139.921781	8	-0.236	0.018	9.361	5.971
1428384559279	37.497761	139.921774	8	-0.220	0.009	9.414	5.997
1428384559379	37.497760	139.921767	9	-0.221	0.013	9.360	6.000
1428384559475	37.497760	139.921762	9	-0.241	0.007	9.337	6.000
1428384559576	37.497759	139.921755	9	-0.271	0.004	9.408	6.000
1428384559676	37.497758	139.921749	9	-0.259	-0.072	9.660	6.000
1428384559777	37.497757	139.921743	9	-0.233	-0.081	9.576	6.000
1428384559878	37.497756	139.921737	9	-0.208	0.145	8.862	6.000
1428384559979	37.497755	139.921730	9	-0.134	0.141	9.025	6.000
1428384560079	37.497755	139.921724	9	-0.182	-0.176	10.044	6.000
1428384560175	37.497754	139.921718	9	-0.191	-0.229	9.970	6.000
1428384560276	37.497753	139.921712	9	-0.193	-0.017	9.278	6.000
1428384560376	37.497755	139.921706	9	-0.209	0.091	9.227	5.978
1428384560477	37.497756	139.921700	9	-0.212	-0.035	9.362	5.952
1428384560578	37.497758	139.921694	9	-0.211	-0.174	9.331	5.927
1428384560678	37.497760	139.921688	9	-0.067	0.023	9.423	5.902
1428384560779	37.497762	139.921682	9	-0.057	0.162	9.556	5.876
1428384560875	37.497764	139.921676	9	-0.092	0.053	9.497	5.852
1428384560976	37.497765	139.921670	9	-0.086	-0.111	9.566	5.827
1428384561076	37.497767	139.921664	9	-0.113	-0.035	9.334	5.803
1428384561177	37.497769	139.921659	9	-0.059	0.037	9.353	5.778
1428384561278	37.497771	139.921653	9	-0.038	0.017	9.374	5.753
1428384561378	37.497772	139.921646	7	-0.017	-0.009	9.386	5.772
1428384561479	37.497773	139.921640	7	0.006	0.011	9.367	5.796
1428384561575	37.497774	139.921634	7	-0.043	0.102	9.215	5.820
1428384561675	37.497776	139.921627	7	0.038	0.030	9.541	5.845
1428384561776	37.497777	139.921621	7	0.168	-0.053	9.667	5.870
1428384561877	37.497778	139.921614	7	0.126	0.018	9.251	5.895
1428384561978	37.497779	139.921608	7	0.098	0.045	9.209	5.921
1428384562078	37.497780	139.921601	7	0.129	0.009	9.450	5.946
1428384562179	37.497782	139.921594	7	0.160	-0.144	9.675	5.972
1428384562275	37.497783	139.921588	7	0.040	-0.127	9.580	5.996
1428384562375	37.497783	139.921582	8	-0.042	0.049	9.267	5.956
1428384562476	37.497782	139.921577	8	-0.015	0.037	9.268	5.904
1428384562577	37.497782	139.921571	8	-0.072	-0.046	9.361	5.852
1428384562678	37.497782	139.921566	8	-0.040	0.060	9.283	5.801
1428384562778	37.497782	139.921561	8	-0.081	0.159	9.047	5.751
1428384562879	37.497781	139.921555	8	-0.046	0.012	9.556	5.700
1428384562975	37.497781	139.921550	8	0.107	-0.279	9.975	5.653
1428384563075	37.497781	139.921545	8	0.062	-0.298	9.608	5.604
1428384563176	37.497780	139.921540	8	0.126	-0.129	9.062	5.555
1428384563277	37.497780	139.921535	8	0.077	-0.137	9.364	5.506
1428384563377	37.497782	139.921529	8	-0.062	-0.286	9.574	5.500
1428384563478	37.497783	139.921523	8	-0.188	-0.206	9.193	5.500
1428384563579	37.497785	139.921516	8	-0.123	-0.134	9.689	5.500
1428384563679	37.497787	139.921510	8	-0.055	-0.072	9.798	5.500
1428384563775	37.497789	139.921504	8	0.022	-0.104	9.408	5.500
1428384563876	37.497791	139.921498	8	0.188	-0.228	9.256	5.500
1428384563977	37.497792	139.921492	8	0.292	-0.278	9.530	5.500
1428384564077	37.497794	139.921486	8	0.379	-0.105	9.285	5.500
1428384564178	37.497796	139.921480	8	0.103	-0.214	9.347	5.500
1428384564279	37.497798	139.921474	8	-0.238	-0.381	9.841	5.500
1428384564380	37.497800	139.921468	8	-0.171	-0.262	9.523	5.500
1428384564475	37.497801	139.921462	8	-0.116	-0.158	9.116	5.500
1428384564576	37.497803	139.921456	8	-0.024	-0.190	9.224	5.500
1428384564677	37.497805	139.921451	8	0.096	-0.231	9.491	5.500
1428384564777	37.497806	139.921445	8	0.230	-0.239	9.469	5.500
1428384564878	37.497808	139.921439	8	0.295	-0.217	9.319	5.500
1428384564979	37.497810	139.921433	8	0.179	-0.079	9.418	5.500
1428384565079	37.497811	139.921427	8	0.026	-0.136	9.562	5.500
1428384565175	37.497813	139.921422	8	-0.139	-0.273	9.479	5.500
1428384565276	37.497815	139.921416	8	-0.137	-0.236	9.273	5.500
1428384565376	37.497816	139.921410	7	-0.048	-0.176	9.333	5.431
1428384565477	37.497817	139.921404	7	0.006	-0.140	9.420	5.351
1428384565578	37.497818	139.921398	7	0.097	-0.153	9.431	5.273
1428384565679	37.497819	139.921392	7	0.136	-0.198	9.342	5.195
1428384565779	37.497820	139.921387	7	0.106	-0.234	9.393	5.120
1428384565875	37.497821	139.921381	7	0.098	-0.201	9.416	5.048
1428384565976	37.497822	139.921376	7	0.049	-0.236	9.385	4.974
1428384566076	37.497823	139.921370	7	0.112	-0.313	9.224	4.901
1428384566177	37.497824	139.921365	7	0.106	-0.494	9.425	4.829
1428384566278	37.497825	139.921360	7	-0.008	-0.601	9.518	4.758
1428384566378	37.497826	139.921355	7	-0.023	-0.486	9.278	4.727
1428384566479	37.497827	139.921350	7	0.002	-0.576	9.542	4.702
1428384566575	37.497828	139.921345	7	-0.095	-0.626	9.652	4.677
1428384566676	37.497829	139.921340	7	-0.146	-0.523	9.163	4.652
1428384566776	37.497829	139.921335	7	0.002	-0.499	9.169	4.627
1428384566877	37.497830	139.921331	7	0.109	-0.609	9.553	4.602
1428384566978	37.497831	139.921326	7	0.217	-0.661	9.624	4.577
1428384567078	37.497832	139.921321	7	0.289	-0.601	9.503	4.552
1428384567179	37.497833	139.921316	7	0.317	-0.601	9.380	4.527
1428384567275	37.497834	139.921312	7	0.126	-0.801	9.482	4.504
1428384567376	37.497834	139.921307	8	-0.024	-0.808	9.535	4.404
1428384567476	37.497834	139.921303	8	0.041	-0.642	8.962	4.295
1428384567577	37.497834	139.921299	8	-0.003	-0.783	9.211	4.187
1428384567678	37.497834	139.921295	8	-0.078	-0.870	9.417	4.082
1428384567778	37.497834	139.921291	8	0.035	-0.849	9.620	3.981
1428384567879	37.497834	139.921287	8	0.252	-0.788	9.507	3.881
1428384567975	37.497834	139.921284	8	0.347	-0.791	9.303	3.788
1428384568075	37.497834	139.921280	8	0.326	-0.836	9.376	3.694
1428384568176	37.497834	139.921277	8	0.245	-0.981	9.556	3.601
1428384568277	37.497834	139.921273	8	0.152	-1.069	9.769	3.511
1428384568378	37.497835	139.921270	8	0.134	-1.096	9.482	3.399
1428384568478	37.497835	139.921267	8	0.184	-1.038	9.144	3.287
1428384568579	37.497836	139.921265	8	0.037	-1.119	9.183	3.177
1428384568675	37.497836	139.921262	8	-0.036	-1.190	9.428	3.076
1428384568775	37.497837	139.921259	8	0.037	-1.159	9.533	2.973
1428384568876	37.497837	139.921257	8	0.126	-1.158	9.280	2.874
1428384568977	37.497838	139.921254	8	0.286	-1.222	9.445	2.777
1428384569077	37.497838	139.921252	8	0.343	-1.322	9.530	2.685
1428384569178	37.497839	139.921249	8	0.342	-1.381	9.382	2.595
1428384569279	37.497839	139.921247	8	0.329	-1.398	9.405	2.509
1428384569375	37.497840	139.921246	6	0.230	-1.424	9.445	2.396
1428384569475	37.497841	139.921244	6	0.102	-1.451	9.440	2.277
1428384569576	37.497842	139.921243	6	0.016	-1.386	9.457	2.163
1428384569677	37.497843	139.921242	6	-0.060	-1.276	9.389	2.054
1428384569777	37.497844	139.921240	6	-0.062	-1.281	9.405	1.951
1428384569878	37.497845	139.921239	6	0.035	-1.204	9.470	1.851
1428384569979	37.497846	139.921238	6	0.058	-1.059	9.382	1.757
1428384570075	37.497847	139.921237	6	-0.017	-0.963	9.317	1.673
1428384570175	37.497848	139.921236	6	-0.077	-0.871	9.327	1.590
1428384570276	37.497849	139.921235	6	-0.034	-0.798	9.380	1.511
1428384570377	37.497849	139.921234	6	0.077	-0.788	9.436	1.373
1428384570477	37.497849	139.921234	6	0.102	-0.819	9.464	1.237
1428384570578	37.497849	139.921233	6	0.053	-0.797	9.453	1.109
1428384570679	37.497848	139.921233	6	0.034	-0.648	9.444	0.992
1428384570779	37.497848	139.921233	6	0.050	-0.423	9.433	0.886
1428384570875	37.497848	139.921232	6	0.036	-0.254	9.387	0.794
1428384570976	37.497848	139.921232	6	-0.010	-0.144	9.383	0.706
1428384571077	37.497848	139.921232	6	-0.034	-0.109	9.391	0.629
1428384571177	37.497848	139.921231	6	-0.003	-0.106	9.399	0.563
1428384571278	37.497848	139.921231	6	0.037	-0.104	9.407	0.506
1428384571379	37.497846	139.921231	6	0.031	-0.102	9.408	0.415
1428384571475	37.497844	139.921231	6	0.017	-0.079	9.420	0.332
1428384571575	37.497842	139.921231	6	0.015	-0.039	9.416	0.256
1428384571676	37.497841	139.921231	6	0.026	-0.006	9.402	0.188
1428384571776	37.497839	139.921231	6	0.024	0.020	9.407	0.132
1428384571877	37.497838	139.921231	6	0.010	0.019	9.419	0.085
1428384571978	37.497837	139.921231	6	0.002	0.015	9.412	0.049
1428384572079	37.497837	139.921231	6	0.011	0.025	9.406	0.022
1428384572179	37.497836	139.921231	6	0.013	0.038	9.402	0.006
1428384573378	37.497835	139.921231	5	0.048	0.136	9.432	0.004
1428384573478	37.497835	139.921231	5	0.043	0.120	9.437	0.018
1428384573579	37.497835	139.921231	5	0.026	0.083	9.414	0.042
1428384573675	37.497835	139.921231	5	0.016	0.034	9.403	0.074
1428384573776	37.497835	139.921231	5	0.000	-0.020	9.418	0.118
1428384573876	37.497836	139.921230	5	0.001	-0.065	9.414	0.172
1428384573977	37.497836	139.921230	5	-0.011	-0.088	9.416	0.236
1428384574078	37.497836	139.921230	5	-0.025	-0.098	9.405	0.310
1428384574178	37.497837	139.921229	5	-0.025	-0.101	9.409	0.394
1428384574279	37.497837	139.921229	5	-0.021	-0.087	9.413	0.489
1428384574375	37.497838	139.921227	6	-0.025	-0.056	9.407	0.419
1428384574475	37.497838	139.921225	6	-0.019	0.015	9.400	0.332
1428384574577	37.497839	139.921223	6	-0.006	0.092	9.409	0.254
1428384574677	37.497839	139.921222	6	0.004	0.146	9.408	0.188
1428384574778	37.497840	139.921220	6	0.014	0.181	9.418	0.131
1428384574878	37.497840	139.921219	6	0.016	0.215	9.421	0.085
1428384574979	37.497841	139.921218	6	0.028	0.235	9.410	0.048
1428384575075	37.497841	139.921218	6	0.030	0.246	9.411	0.023
1428384575175	37.497841	139.921217	6	0.031	0.252	9.418	0.007
1428384576379	37.497842	139.921216	9	0.037	0.297	9.413	0.006
1428384576475	37.497842	139.921216	9	0.033	0.310	9.402	0.026
1428384576575	37.497842	139.921216	9	0.041	0.311	9.402	0.061
1428384576676	37.497843	139.921216	9	0.039	0.313	9.398	0.112
1428384576777	37.497843	139.921216	9	0.056	0.310	9.410	0.178
1428384576877	37.497843	139.921216	9	0.062	0.310	9.403	0.258
1428384576978	37.497844	139.921216	9	0.070	0.316	9.411	0.355
1428384577079	37.497844	139.921215	9	0.075	0.322	9.410	0.467
1428384577179	37.497845	139.921215	9	0.075	0.335	9.406	0.593
1428384577275	37.497846	139.921215	9	0.081	0.316	9.422	0.728
1428384577376	37.497845	139.921215	9	0.067	0.263	9.428	0.725
1428384577477	37.497845	139.921214	9	0.047	0.226	9.432	0.696
1428384577577	37.497844	139.921214	9	0.021	0.192	9.423	0.668
1428384577678	37.497844	139.921213	9	-0.018	0.179	9.410	0.641
1428384577779	37.497843	139.921213	9	-0.032	0.185	9.413	0.615
1428384577879	37.497843	139.921212	9	-0.036	0.203	9.398	0.591
1428384577975	37.497842	139.921212	9	-0.003	0.215	9.405	0.568
1428384578076	37.497842	139.921212	9	0.020	0.219	9.426	0.545
1428384578176	37.497841	139.921211	9	0.048	0.223	9.425	0.523
1428384578277	37.497841	139.921211	9	0.058	0.241	9.422	0.503
1428384578378	37.497841	139.921211	7	0.062	0.258	9.418	0.518
1428384578479	37.497842	139.921210	7	0.050	0.280	9.411	0.540
1428384578579	37.497842	139.921210	7	0.039	0.300	9.419	0.562
1428384578675	37.497842	139.921210	7	0.035	0.327	9.409	0.584
1428384578776	37.497843	139.921209	7	0.056	0.349	9.409	0.609
1428384578876	37.497843	139.921209	7	0.080	0.387	9.419	0.634
1428384578977	37.497844	139.921208	7	0.107	0.474	9.418	0.661
1428384579078	37.497844	139.921208	7	0.158	0.628	9.417	0.689
1428384579178	37.497844	139.921208	7	0.225	0.757	9.375	0.717
1428384579279	37.497845	139.921207	7	0.277	0.834	9.360	0.747
1428384579375	37.497846	139.921206	6	0.296	0.845	9.441	0.768
1428384579476	37.497847	139.921206	6	0.283	0.832	9.462	0.791
1428384579576	37.497849	139.921205	6	0.263	0.819	9.435	0.814
1428384579677	37.497850	139.921204	6	0.287	0.829	9.414	0.838
1428384579778	37.497852	139.921203	6	0.360	0.848	9.410	0.863
1428384579878	37.497853	139.921202	6	0.444	0.880	9.405	0.888
1428384579979	37.497855	139.921201	6	0.463	1.013	9.295	0.915
1428384580075	37.497856	139.921200	6	0.437	1.119	9.241	0.940
1428384580176	37.497858	139.921199	6	0.385	1.172	9.432	0.968
1428384580276	37.497860	139.921198	6	0.471	1.157	9.441	0.996
1428384580377	37.497861	139.921197	6	0.807	1.055	9.534	1.000
1428384580478	37.497862	139.921197	6	1.086	1.081	9.396	1.000
1428384580578	37.497864	139.921196	6	0.946	1.051	9.407	1.000
1428384580679	37.497865	139.921195	6	0.962	1.093	9.435	1.000
1428384580775	37.497866	139.921195	6	1.144	1.110	9.347	1.000
1428384580875	37.497868	139.921194	6	1.247	1.019	9.356	1.000
1428384580976	37.497869	139.921193	6	1.207	0.926	9.547	1.000
1428384581078	37.497870	139.921192	6	1.097	0.958	9.424	1.000
1428384581178	37.497872	139.921192	6	1.010	1.009	9.117	1.000
1428384581278	37.497873	139.921191	6	1.083	0.935	9.267	1.000
1428384581379	37.497874	139.921190	5	1.195	0.874	9.436	1.036
1428384581475	37.497876	139.921190	5	1.353	0.714	9.573	1.077
1428384581575	37.497877	139.921189	5	1.503	0.704	9.362	1.122
1428384581676	37.497879	139.921188	5	1.513	0.733	9.234	1.169
1428384581777	37.497880	139.921187	5	1.527	0.658	9.424	1.219
1428384581878	37.497882	139.921186	5	1.547	0.653	9.580	1.270
1428384581978	37.497884	139.921185	5	1.552	0.423	9.475	1.323
1428384582079	37.497886	139.921184	5	1.516	0.313	9.509	1.378
1428384582175	37.497888	139.921183	5	1.389	0.500	9.376	1.432
1428384582275	37.497890	139.921182	5	1.300	0.516	9.272	1.491
1428384582376	37.497892	139.921181	5	1.332	0.441	9.316	1.600
1428384582477	37.497894	139.921180	5	1.444	0.484	9.470	1.729
1428384582577	37.497897	139.921179	5	1.463	0.514	9.545	1.870
1428384582678	37.497900	139.921178	5	1.324	0.539	9.331	2.026
1428384582779	37.497903	139.921177	5	1.157	0.601	9.306	2.195
1428384582879	37.497907	139.921176	5	1.047	0.684	9.395	2.375
1428384582975	37.497911	139.921175	5	0.907	0.792	9.487	2.560
1428384583076	37.497915	139.921173	5	0.941	0.792	9.674	2.767
1428384583177	37.497919	139.921172	5	0.900	0.998	9.266	2.988
1428384583277	37.497923	139.921170	5	0.791	1.163	9.083	3.219
1428384583378	37.497927	139.921170	5	0.736	1.211	9.253	3.327
1428384583479	37.497931	139.921170	5	0.746	1.146	9.593	3.419
1428384583579	37.497936	139.921170	5	0.648	1.166	9.524	3.512
1428384583675	37.497940	139.921170	5	0.523	1.224	9.361	3.603
1428384583776	37.497944	139.921170	5	0.486	1.291	9.419	3.703
1428384583877	37.497948	139.921170	5	0.538	1.331	9.505	3.805
1428384583977	37.497953	139.921170	5	0.582	1.308	9.446	3.908
1428384584078	37.497958	139.921170	5	0.443	1.266	9.247	4.016
1428384586173	37.498114	139.921217	10	0.286	1.340	9.273	6.625
1428384586178	37.498114	139.921217	10	0.274	1.343	9.283	6.630
1428384586278	37.498125	139.921222	10	0.063	0.754	9.550	6.737
1428384586379	37.498132	139.921225	10	-0.040	0.353	9.131	6.772
1428384586475	37.498137	139.921228	10	-0.005	0.077	9.197	6.796
1428384586576	37.498144	139.921232	10	0.092	0.039	9.426	6.821
1428384586676	37.498150	139.921235	10	0.153	0.120	9.467	6.845
1428384586777	37.498156	139.921238	10	0.176	0.118	9.495	6.871
1428384586878	37.498163	139.921242	10	0.168	0.024	9.460	6.896
1428384586978	37.498169	139.921245	10	0.064	-0.035	9.421	6.921
1428384587079	37.498176	139.921249	10	0.051	-0.020	9.420	6.946
1428384587175	37.498182	139.921252	10	0.146	-0.016	9.375	6.971
1428384587275	37.498188	139.921255	10	0.150	-0.016	9.355	6.996
1428384587376	37.498196	139.921257	9	0.147	-0.043	9.558	7.021
1428384587477	37.498203	139.921257	9	0.112	-0.104	9.588	7.046
1428384587578	37.498211	139.921258	9	-0.012	-0.000	9.143	7.071
1428384587678	37.498219	139.921259	9	-0.227	0.050	9.018	7.096
1428384587779	37.498227	139.921260	9	-0.088	-0.117	9.551	7.121
1428384587875	37.498234	139.921261	9	0.064	-0.133	9.650	7.145
1428384587975	37.498242	139.921261	9	0.263	0.066	9.174	7.170
1428384588076	37.498250	139.921262	9	0.316	-0.016	9.276	7.196
1428384588177	37.498258	139.921263	9	0.357	-0.119	9.701	7.221
1428384588278	37.498266	139.921264	9	0.116	-0.072	9.533	7.247
1428384588378	37.498273	139.921266	9	-0.030	0.044	9.396	7.205
1428384588479	37.498279	139.921269	9	0.096	0.102	8.830	7.153
1428384588575	37.498285	139.921272	9	0.054	-0.049	9.219	7.104
1428384588675	37.498291	139.921275	9	0.010	-0.292	10.129	7.053
1428384588776	37.498297	139.921277	9	0.062	-0.177	9.647	7.003
1428384588877	37.498303	139.921280	9	0.124	0.061	9.051	6.952
1428384588977	37.498309	139.921283	9	0.082	-0.037	9.091	6.903
1428384589078	37.498315	139.921285	9	0.157	-0.122	9.399	6.853
1428384589179	37.498321	139.921288	9	0.044	0.024	9.563	6.804
1428384589279	37.498327	139.921291	9	-0.130	0.052	9.485	6.755
1428384589375	37.498332	139.921293	6	-0.147	-0.021	9.199	6.771
1428384589476	37.498337	139.921295	6	-0.014	-0.059	9.284	6.796
1428384589577	37.498342	139.921297	6	0.070	-0.206	9.716	6.821
1428384589677	37.498347	139.921299	6	0.181	-0.262	9.981	6.846
1428384589778	37.498352	139.921302	6	0.012	-0.015	9.323	6.871
1428384589879	37.498357	139.921304	6	0.076	0.127	9.073	6.896
1428384589979	37.498362	139.921306	6	-0.085	0.046	9.074	6.921
1428384590075	37.498367	139.921308	6	-0.103	-0.077	9.462	6.945
1428384590176	37.498372	139.921310	6	-0.073	-0.196	9.733	6.971
1428384590277	37.498377	139.921313	6	-0.161	-0.261	9.457	6.997
1428384590377	37.498383	139.921316	8	-0.240	-0.250	9.423	7.000
1428384590478	37.498388	139.921318	8	-0.249	0.030	9.478	7.000
1428384590579	37.498394	139.921321	8	-0.250	0.114	9.240	7.000
1428384590679	37.498399	139.921324	8	-0.200	0.282	9.484	7.000
1428384590775	37.498404	139.921327	8	-0.247	0.353	9.638	7.000
1428384590876	37.498410	139.921330	8	-0.263	0.407	9.623	7.000
1428384590976	37.498415	139.921333	8	-0.280	0.549	9.393	7.000
1428384591077	37.498421	139.921336	8	-0.229	0.742	9.249	7.000
1428384591178	37.498426	139.921339	8	-0.098	0.859	9.368	7.000
1428384591279	37.498431	139.921342	8	-0.111	0.952	9.385	7.000
1428384591379	37.498437	139.921343	8	-0.143	0.998	9.393	6.977
1428384591475	37.498441	139.921344	8	-0.004	1.051	9.480	6.953
1428384591576	37.498446	139.921346	8	0.029	1.062	9.280	6.928
1428384591676	37.498452	139.921347	8	0.062	1.001	9.311	6.902
1428384591777	37.498457	139.921348	8	0.109	0.983	9.472	6.877
1428384591878	37.498462	139.921350	8	0.127	1.064	9.413	6.852
1428384591978	37.498467	139.921351	8	0.114	1.087	9.376	6.827
1428384592079	37.498472	139.921352	8	0.189	1.010	9.285	6.802
1428384592175	37.498476	139.921354	8	0.109	0.801	9.631	6.778
1428384592276	37.498481	139.921355	8	0.020	0.761	9.497	6.753
1428384592376	37.498487	139.921358	9	-0.012	0.729	9.291	6.792
1428384592477	37.498493	139.921362	9	-0.019	0.571	9.399	6.841
1428384592578	37.498499	139.921366	9	0.030	0.434	9.504	6.890
1428384592678	37.498506	139.921370	9	-0.068	0.476	9.256	6.940
1428384592779	37.498512	139.921374	9	-0.035	0.348	9.372	6.990
1428384592875	37.498518	139.921377	9	-0.097	0.189	9.365	7.038
1428384592976	37.498524	139.921381	9	-0.017	0.160	9.488	7.089
1428384593076	37.498530	139.921385	9	0.041	0.105	9.412	7.140
1428384593177	37.498537	139.921389	9	0.005	0.050	9.354	7.192
1428384593278	37.498543	139.921394	9	0.042	0.083	9.373	7.244
1428384593378	37.498549	139.921395	9	0.083	0.007	9.603	7.313
1428384593479	37.498555	139.921396	9	0.062	0.013	9.501	7.386
1428384593575	37.498561	139.921397	9	-0.005	0.052	9.358	7.456
1428384593675	37.498567	139.921398	9	-0.006	-0.014	9.229	7.530
1428384593776	37.498573	139.921400	9	-0.055	-0.106	9.474	7.605
1428384593877	37.498580	139.921401	9	-0.095	-0.111	9.814	7.681
1428384593978	37.498586	139.921402	9	-0.130	0.053	8.994	7.758
1428384594078	37.498592	139.921403	9	-0.118	-0.005	9.051	7.835
1428384594179	37.498599	139.921405	9	-0.086	-0.237	9.683	7.913
1428384594275	37.498605	139.921406	9	-0.018	-0.355	10.005	7.988
1428384594375	37.498613	139.921408	6	-0.213	-0.114	9.244	7.978
1428384594476	37.498621	139.921411	6	-0.118	-0.097	9.001	7.953
1428384594577	37.498629	139.921413	6	-0.016	0.033	8.852	7.927
1428384594677	37.498636	139.921416	6	0.204	0.084	9.463	7.902
1428384594778	37.498644	139.921418	6	0.157	-0.189	10.247	7.877
1428384594879	37.498652	139.921421	6	-0.066	-0.693	10.619	7.852
1428384594975	37.498660	139.921423	6	-0.280	-0.497	9.732	7.828
1428384595075	37.498667	139.921426	6	-0.175	-0.081	8.549	7.803
1428384595176	37.498675	139.921428	6	-0.087	0.149	8.267	7.778
1428384595277	37.498683	139.921431	6	0.143	0.134	9.440	7.753
1428384595377	37.498690	139.921431	6	0.223	0.023	10.393	7.728
1428384595478	37.498697	139.921432	6	0.004	-0.213	10.116	7.702
1428384595579	37.498703	139.921432	6	-0.127	-0.472	9.538	7.677
1428384595679	37.498710	139.921433	6	-0.251	-0.048	8.640	7.652
1428384595775	37.498716	139.921433	6	-0.299	0.386	8.402	7.628
1428384595876	37.498723	139.921434	6	-0.515	0.622	8.924	7.603
1428384595977	37.498730	139.921434	6	-0.655	0.494	9.398	7.577
1428384596077	37.498736	139.921435	6	-0.452	0.230	10.542	7.553
1428384596178	37.498743	139.921435	6	-0.388	0.294	9.618	7.528
1428384596279	37.498749	139.921436	6	-0.520	0.405	8.844	7.503
1428384596379	37.498756	139.921438	6	-0.345	0.459	9.151	7.543
1428384596475	37.498763	139.921441	6	-0.310	0.627	9.737	7.590
1428384596576	37.498770	139.921443	6	-0.297	0.886	9.762	7.640
1428384596676	37.498777	139.921446	6	-0.061	0.838	9.293	7.689
1428384596777	37.498784	139.921448	6	0.097	0.602	9.253	7.739
1428384596878	37.498792	139.921451	6	0.179	0.588	9.456	7.790
1428384596979	37.498799	139.921454	6	0.249	0.761	9.499	7.841
1428384597079	37.498806	139.921456	6	0.259	0.799	9.259	7.892
1428384597175	37.498813	139.921459	6	0.222	0.666	9.335	7.941
1428384597276	37.498821	139.921462	6	0.225	0.649	9.495	7.993
1428384597376	37.498828	139.921463	6	0.063	0.668	9.297	8.021
1428384597477	37.498836	139.921464	6	0.066	0.717	9.117	8.046
1428384597578	37.498843	139.921466	6	0.149	0.724	9.356	8.071
1428384597679	37.498851	139.921467	6	0.278	0.654	9.531	8.096
1428384597779	37.498858	139.921468	6	0.333	0.703	9.287	8.121
1428384597875	37.498866	139.921470	6	0.307	0.538	9.370	8.145
1428384597976	37.498873	139.921471	6	0.196	0.408	9.467	8.171
1428384598076	37.498881	139.921472	6	0.173	0.390	9.514	8.196
1428384598177	37.498888	139.921474	6	0.141	0.154	9.779	8.221
1428384598278	37.498896	139.921475	6	0.010	0.196	9.390	8.247
1428384598378	37.498903	139.921477	5	0.100	0.475	8.602	8.250
1428384598479	37.498909	139.921480	5	0.099	0.176	9.375	8.250
1428384598575	37.498916	139.921482	5	0.048	-0.170	9.928	8.250
1428384598676	37.498922	139.921485	5	0.077	-0.072	9.669	8.250
1428384598776	37.498929	139.921487	5	0.042	-0.171	8.793	8.250
1428384598877	37.498935	139.921490	5	0.004	-0.149	9.160	8.250
1428384598978	37.498942	139.921492	5	0.064	0.009	9.480	8.250
1428384599078	37.498948	139.921495	5	0.204	-0.030	9.594	8.250
1428384599179	37.498955	139.921497	5	0.162	-0.244	9.583	8.250
1428384599275	37.498961	139.921500	5	0.278	-0.271	9.542	8.250
1428384599376	37.498969	139.921503	6	0.284	-0.231	9.362	8.206
1428384599476	37.498977	139.921507	6	0.197	-0.294	9.604	8.155
1428384599577	37.498985	139.921511	6	0.148	-0.185	9.448	8.103
1428384599678	37.498992	139.921515	6	0.066	-0.021	8.974	8.052
1428384599778	37.499000	139.921518	6	0.113	-0.085	9.137	8.002
1428384599879	37.499008	139.921522	6	-0.046	-0.216	9.564	7.952
1428384599975	37.499015	139.921526	6	-0.180	-0.296	9.723	7.904
1428384600075	37.499023	139.921529	6	-0.074	-0.387	9.633	7.855
1428384600177	37.499031	139.921533	6	-0.055	-0.425	9.661	7.805
1428384600277	37.499038	139.921537	6	0.027	-0.216	9.226	7.756
1428384600378	37.499045	139.921540	6	-0.148	-0.126	9.106	7.705
1428384600478	37.499051	139.921544	6	-0.128	-0.093	9.459	7.653
1428384600579	37.499057	139.921547	6	-0.277	-0.327	10.190	7.602
1428384600675	37.499063	139.921551	6	-0.273	-0.400	10.062	7.554
1428384600775	37.499070	139.921554	6	-0.165	-0.308	9.219	7.503
1428384600876	37.499076	139.921558	6	-0.193	-0.053	8.513	7.453
1428384600977	37.499082	139.921561	6	-0.341	-0.067	9.246	7.403
1428384601077	37.499088	139.921565	6	-0.271	0.151	9.368	7.354
1428384601178	37.499094	139.921568	6	-0.225	-0.132	9.429	7.304
1428384601279	37.499100	139.921572	6	-0.211	-0.325	9.494	7.255
1428384601375	37.499105	139.921574	6	-0.034	-0.442	9.343	7.228
1428384601475	37.499110	139.921577	6	0.089	-0.381	9.527	7.203
1428384601576	37.499115	139.921580	6	0.131	-0.334	9.475	7.178
1428384601677	37.499120	139.921583	6	0.028	-0.230	9.304	7.152
1428384601777	37.499125	139.921586	6	0.061	-0.181	9.419	7.127
1428384601878	37.499129	139.921589	6	0.032	-0.370	9.601	7.102
1428384601979	37.499134	139.921591	6	-0.003	-0.333	9.625	7.077
1428384602075	37.499139	139.921594	6	-0.089	-0.249	9.462	7.053
1428384602175	37.499144	139.921597	6	-0.140	-0.233	9.201	7.028
1428384602276	37.499148	139.921600	6	-0.135	-0.178	8.834	7.003
1428384602377	37.499155	139.921602	6	-0.245	-0.218	9.333	7.042
1428384602477	37.499161	139.921604	6	-0.226	-0.353	9.955	7.091
1428384602578	37.499168	139.921606	6	-0.136	-0.395	9.740	7.140
1428384602679	37.499175	139.921609	6	-0.064	-0.234	9.087	7.190
1428384602779	37.499182	139.921611	6	-0.005	-0.360	9.168	7.240
1428384602875	37.499188	139.921613	6	0.068	-0.439	9.555	7.288
1428384602976	37.499195	139.921616	6	0.083	-0.306	9.468	7.339
1428384603077	37.499202	139.921618	6	0.057	-0.128	9.543	7.391
1428384603177	37.499209	139.921620	6	0.113	-0.174	9.399	7.442
1428384603278	37.499216	139.921623	6	0.114	-0.250	9.327	7.494
1428384603379	37.499222	139.921625	5	0.127	-0.230	9.460	7.405
1428384603480	37.499228	139.921626	5	0.042	-0.380	9.858	7.299
1428384603575	37.499233	139.921628	5	0.090	-0.414	9.654	7.200
1428384603676	37.499238	139.921630	5	-0.018	-0.269	9.141	7.097
1428384603776	37.499244	139.921632	5	-0.113	-0.287	9.292	6.996
1428384603877	37.499249	139.921633	5	-0.077	-0.422	9.626	6.896
1428384603978	37.499254	139.921635	5	-0.025	-0.403	9.609	6.797
1428384604079	37.499259	139.921637	5	0.003	-0.234	9.293	6.699
1428384604179	37.499264	139.921638	5	0.028	-0.168	9.271	6.604
1428384604275	37.499269	139.921640	5	0.105	-0.296	9.468	6.514
1428384604376	37.499275	139.921642	5	0.114	-0.323	9.618	6.455
1428384604476	37.499281	139.921645	5	0.043	-0.251	9.476	6.404
1428384604577	37.499287	139.921647	5	0.053	-0.206	9.327	6.352
1428384604678	37.499293	139.921650	5	0.082	-0.319	9.349	6.301
1428384604779	37.499298	139.921652	5	0.075	-0.521	9.498	6.251
1428384604879	37.499304	139.921655	5	0.061	-0.526	9.426	6.201
1428384604975	37.499310	139.921657	5	0.118	-0.504	9.493	6.153
1428384605076	37.499315	139.921660	5	0.100	-0.590	9.520	6.104
1428384605176	37.499321	139.921662	5	0.048	-0.622	9.317	6.055
1428384605277	37.499326	139.921665	5	-0.014	-0.680	9.324	6.006
1428384605378	37.499331	139.921667	5	-0.034	-0.677	9.484	5.930
1428384605478	37.499336	139.921668	5	0.014	-0.650	9.392	5.851
1428384605579	37.499341	139.921670	5	0.024	-0.687	9.370	5.773
1428384605675	37.499346	139.921672	5	-0.002	-0.750	9.388	5.699
1428384605775	37.499351	139.921674	5	0.003	-0.833	9.469	5.624
1428384605876	37.499355	139.921675	5	-0.022	-0.900	9.291	5.548
1428384605977	37.499360	139.921677	5	-0.068	-0.969	9.306	5.474
1428384606078	37.499365	139.921679	5	-0.139	-1.097	9.410	5.401
1428384606178	37.499369	139.921680	5	-0.196	-1.273	9.447	5.329
1428384606279	37.499374	139.921682	5	-0.194	-1.375	9.440	5.258
1428384606375	37.499377	139.921683	6	-0.203	-1.357	9.266	5.131
1428384606475	37.499380	139.921684	6	-0.155	-1.366	9.359	4.993
1428384606576	37.499382	139.921685	6	-0.103	-1.460	9.626	4.858
1428384606677	37.499385	139.921686	6	-0.165	-1.503	9.367	4.726
1428384606778	37.499388	139.921687	6	-0.111	-1.378	9.227	4.598
1428384606878	37.499391	139.921688	6	-0.046	-1.359	9.414	4.474
1428384606979	37.499393	139.921689	6	0.015	-1.400	9.564	4.353
1428384607075	37.499396	139.921690	6	0.054	-1.337	9.406	4.240
1428384607175	37.499398	139.921691	6	-0.004	-1.355	9.356	4.127
1428384607276	37.499401	139.921692	6	-0.061	-1.431	9.530	4.015
1428384607377	37.499403	139.921693	6	-0.045	-1.410	9.436	3.873
1428384607477	37.499406	139.921693	6	-0.046	-1.406	9.282	3.731
1428384607578	37.499408	139.921694	6	-0.054	-1.405	9.386	3.593
1428384607679	37.499410	139.921695	6	-0.080	-1.464	9.528	3.459
1428384607775	37.499412	139.921695	6	-0.091	-1.570	9.513	3.336
1428384607875	37.499414	139.921696	6	-0.056	-1.487	9.296	3.213
1428384607976	37.499416	139.921696	6	-0.056	-1.356	9.295	3.093
1428384608077	37.499418	139.921697	6	-0.061	-1.246	9.503	2.977
1428384608177	37.499420	139.921697	6	-0.033	-1.151	9.396	2.868
1428384608278	37.499422	139.921698	6	0.052	-1.159	9.426	2.762
1428384608379	37.499422	139.921699	5	0.132	-1.134	9.490	2.609
1428384608480	37.499423	139.921700	5	0.084	-0.990	9.253	2.456
1428384608575	37.499423	139.921701	5	0.060	-0.961	9.265	2.319
1428384608676	37.499424	139.921702	5	0.062	-1.009	9.529	2.180
1428384608777	37.499424	139.921702	5	0.029	-0.965	9.528	2.049
1428384608877	37.499425	139.921703	5	-0.012	-0.843	9.352	1.927
1428384608978	37.499425	139.921704	5	-0.046	-0.711	9.367	1.811
1428384609079	37.499425	139.921705	5	-0.046	-0.557	9.457	1.703
1428384609179	37.499426	139.921705	5	-0.038	-0.404	9.425	1.602
1428384609275	37.499426	139.921706	5	-0.019	-0.292	9.392	1.513
1428384609376	37.499427	139.921707	6	0.019	-0.195	9.417	1.449
1428384609476	37.499428	139.921707	6	0.045	-0.113	9.431	1.392
1428384609577	37.499429	139.921708	6	0.025	-0.081	9.466	1.336
1428384609678	37.499430	139.921708	6	-0.011	-0.089	9.491	1.282
1428384609779	37.499431	139.921709	6	-0.012	-0.063	9.507	1.231
1428384609880	37.499432	139.921709	6	0.014	0.032	9.436	1.181
1428384609975	37.499433	139.921710	6	0.017	0.151	9.361	1.136
1428384610076	37.499434	139.921710	6	0.028	0.258	9.349	1.090
1428384610176	37.499435	139.921711	6	0.041	0.338	9.388	1.047
1428384610277	37.499436	139.921711	6	0.021	0.386	9.399	1.005
1428384610378	37.499437	139.921711	6	-0.043	0.452	9.333	0.975
1428384610479	37.499439	139.921711	6	-0.068	0.438	9.296	0.947
1428384610579	37.499440	139.921712	6	-0.046	0.314	9.418	0.920
1428384610675	37.499441	139.921712	6	-0.045	0.184	9.545	0.895
1428384610776	37.499442	139.921712	6	-0.057	0.153	9.480	0.870
1428384610876	37.499443	139.921712	6	-0.071	0.154	9.364	0.845
1428384610977	37.499445	139.921712	6	-0.025	0.127	9.448	0.821
1428384611078	37.499446	139.921713	6	0.031	0.131	9.469	0.797
1428384611178	37.499447	139.921713	6	0.011	0.209	9.453	0.774
1428384611279	37.499448	139.921713	6	-0.053	0.299	9.451	0.752
1428384611375	37.499449	139.921713	5	-0.082	0.291	9.564	0.750
1428384611476	37.499450	139.921713	5	-0.038	0.190	9.643	0.750
1428384611576	37.499451	139.921714	5	0.047	0.315	9.502	0.750
1428384611677	37.499451	139.921714	5	-0.107	0.551	9.188	0.750
1428384611778	37.499452	139.921714	5	-0.280	0.634	9.191	0.750
1428384611878	37.499453	139.921714	5	-0.308	0.653	9.456	0.750
1428384611979	37.499454	139.921714	5	-0.328	0.713	9.443	0.750
1428384612075	37.499455	139.921715	5	-0.421	0.771	9.296	0.750
1428384612175	37.499456	139.921715	5	-0.531	0.698	9.387	0.750
1428384612276	37.499457	139.921715	5	-0.678	0.573	9.615	0.750
1428384612377	37.499458	139.921716	5	-0.640	0.473	9.634	0.784
1428384612478	37.499460	139.921716	5	-0.609	0.440	9.516	0.825
1428384612578	37.499461	139.921717	5	-0.744	0.590	9.096	0.868
1428384612679	37.499463	139.921718	5	-0.468	0.518	9.529	0.915
1428384612775	37.499465	139.921718	5	-0.036	0.618	9.795	0.961
1428384612875	37.499466	139.921719	5	-0.054	0.736	9.419	1.012
1428384612976	37.499468	139.921720	5	-0.306	0.802	9.199	1.066
1428384613077	37.499470	139.921721	5	-0.528	0.868	9.324	1.123
1428384613178	37.499473	139.921722	5	-0.704	0.978	9.359	1.182
1428384613278	37.499475	139.921723	5	-0.853	0.980	9.374	1.243
1428384613379	37.499477	139.921722	5	-1.079	0.801	9.449	1.288
1428384613475	37.499479	139.921721	5	-1.207	0.691	9.457	1.330
1428384613575	37.499481	139.921720	5	-1.170	0.702	9.340	1.376
1428384613676	37.499483	139.921719	5	-1.004	0.882	9.156	1.423
1428384613777	37.499486	139.921718	5	-0.945	0.957	9.121	1.473
1428384613877	37.499488	139.921716	5	-1.070	0.938	9.356	1.523
1428384613978	37.499491	139.921715	5	-1.315	0.982	9.504	1.576
1428384614079	37.499493	139.921714	5	-1.482	0.702	9.367	1.631
1428384614175	37.499496	139.921713	5	-1.632	0.449	9.444	1.684
1428384614275	37.499499	139.921711	5	-1.531	0.457	9.403	1.741
1428384614376	37.499501	139.921709	5	-1.162	0.595	9.355	1.804
1428384614477	37.499503	139.921707	5	-1.074	0.678	9.534	1.870
1428384614577	37.499505	139.921705	5	-1.234	0.347	9.449	1.938
1428384614678	37.499507	139.921703	5	-1.178	-0.063	9.639	2.010
1428384614779	37.499509	139.921701	5	-1.067	0.057	9.391	2.084
1428384614879	37.499512	139.921698	5	-0.738	0.168	9.436	2.160
1428384614975	37.499514	139.921696	5	-0.405	0.361	9.508	2.235
1428384615076	37.499516	139.921694	5	-0.433	0.433	9.327	2.317
1428384615177	37.499519	139.921691	5	-0.867	0.382	9.176	2.402
1428384615277	37.499522	139.921688	5	-1.362	0.368	9.342	2.489
1428384615378	37.499523	139.921685	5	-1.626	0.290	9.477	2.558
1428384615479	37.499524	139.921681	5	-1.794	0.454	8.709	2.627
1428384615579	37.499526	139.921677	5	-1.749	0.442	9.040	2.697
1428384615675	37.499527	139.921673	5	-1.604	0.300	9.610	2.766
1428384615776	37.499528	139.921669	5	-1.343	0.360	9.520	2.840
1428384615877	37.499530	139.921665	5	-0.857	0.623	9.414	2.917
1428384615977	37.499531	139.921661	5	-0.397	0.731	9.687	2.994
1428384616078	37.499533	139.921657	5	-0.220	0.734	9.546	3.075
1428384616179	37.499534	139.921652	5	0.052	0.855	9.421	3.157
1428384616279	37.499536	139.921648	5	0.200	0.894	9.273	3.241
1428384616375	37.499537	139.921643	5	0.125	0.906	9.428	3.271
1428384616476	37.499539	139.921639	5	-0.078	1.204	9.374	3.295
1428384616576	37.499540	139.921635	5	-0.071	1.320	9.246	3.320
1428384616677	37.499542	139.921630	5	-0.020	1.371	9.166	3.345
1428384616778	37.499543	139.921626	5	-0.039	1.618	9.306	3.370
1428384616879	37.499545	139.921621	5	-0.305	1.672	9.320	3.395
1428384616979	37.499546	139.921617	5	-0.485	1.645	9.461	3.420
1428384617075	37.499548	139.921613	5	-0.431	1.642	9.331	3.445
1428384619170	37.499579	139.921503	5	-0.280	1.621	9.180	4.653
1428384619175	37.499579	139.921503	5	-0.272	1.607	9.181	4.657
1428384619275	37.499581	139.921497	5	-0.090	0.665	9.305	4.738
1428384619376	37.499583	139.921488	8	0.136	0.052	9.557	4.879
1428384619477	37.499585	139.921479	8	0.248	-0.071	9.424	5.036
1428384619578	37.499587	139.921469	8	0.379	-0.187	9.390	5.198
1428384619678	37.499589	139.921458	8	0.414	-0.377	9.445	5.364
1428384619779	37.499592	139.921448	8	0.397	-0.384	9.325	5.538
1428384619875	37.499594	139.921437	8	0.424	-0.396	9.502	5.708
1428384619975	37.499597	139.921426	8	0.555	-0.501	9.753	5.890
1428384620076	37.499599	139.921415	8	0.629	-0.490	9.435	6.080
1428384620177	37.499602	139.921403	8	0.849	-0.395	9.239	6.275
1428384620277	37.499605	139.921391	8	0.884	-0.478	9.530	6.474
1428384620378	37.499607	139.921383	8	0.865	-0.641	9.748	6.478
1428384620479	37.499610	139.921375	8	0.772	-0.433	8.986	6.452
1428384620575	37.499613	139.921368	8	0.863	-0.291	9.142	6.428
1428384620675	37.499616	139.921361	8	0.854	-0.492	9.832	6.403
1428384620776	37.499618	139.921354	8	1.056	-0.618	9.366	6.377
1428384620877	37.499621	139.921347	8	1.355	-0.567	9.011	6.352
1428384620977	37.499624	139.921340	8	1.479	-0.453	9.329	6.327
1428384621078	37.499626	139.921333	8	1.484	-0.562	9.474	6.302
1428384621179	37.499629	139.921326	8	1.399	-0.770	9.222	6.277
1428384621280	37.499632	139.921319	8	1.396	-0.573	9.269	6.252
1428384621375	37.499635	139.921314	7	1.358	-0.480	9.394	6.206
1428384621476	37.499639	139.921310	7	1.413	-0.559	9.306	6.154
1428384621577	37.499643	139.921305	7	1.605	-0.689	9.296	6.102
1428384621677	37.499647	139.921301	7	1.765	-0.680	9.386	6.052
1428384621778	37.499651	139.921297	7	1.794	-0.544	9.298	6.001
1428384621879	37.499655	139.921292	7	1.666	-0.474	9.190	5.950
1428384621979	37.499659	139.921288	7	1.513	-0.501	9.260	5.901
1428384622075	37.499662	139.921284	7	1.230	-0.596	9.500	5.854
1428384622176	37.499666	139.921280	7	1.187	-0.656	9.636	5.805
1428384622277	37.499670	139.921276	7	1.185	-0.476	9.174	5.756
1428384622377	37.499673	139.921273	6	1.222	-0.362	9.114	5.705
1428384622478	37.499675	139.921270	6	1.509	-0.450	9.492	5.653
1428384622579	37.499678	139.921267	6	1.886	-0.672	10.002	5.601
1428384622679	37.499681	139.921265	6	2.076	-0.590	9.749	5.550
1428384622775	37.499684	139.921262	6	2.018	-0.368	9.208	5.502
1428384622876	37.499687	139.921259	6	1.817	-0.357	9.323	5.451
1428384622976	37.499689	139.921257	6	1.603	-0.448	9.890	5.402
1428384623077	37.499692	139.921254	6	1.614	-0.152	9.411	5.353
1428384623178	37.499695	139.921252	6	1.657	0.219	8.883	5.304
1428384623279	37.499698	139.921249	6	1.946	0.070	9.427	5.255
1428384623379	37.499701	139.921247	6	2.292	-0.278	9.934	5.227
1428384623475	37.499705	139.921246	6	2.373	-0.300	9.530	5.203
1428384623576	37.499709	139.921244	6	2.274	-0.054	9.149	5.177
1428384623676	37.499713	139.921242	6	2.035	0.086	9.320	5.152
1428384623777	37.499717	139.921240	6	1.782	-0.120	9.402	5.127
1428384623878	37.499721	139.921238	6	1.525	-0.114	9.168	5.102
1428384623978	37.499724	139.921237	6	1.436	-0.029	9.123	5.077
1428384624079	37.499728	139.921235	6	1.609	-0.095	9.416	5.052
1428384624175	37.499732	139.921233	6	1.775	-0.155	9.496	5.028
1428384624276	37.499735	139.921231	6	1.878	-0.118	9.324	5.003
1428384624376	37.499740	139.921231	5	1.876	-0.105	9.229	5.041
1428384624477	37.499745	139.921232	5	1.816	-0.167	9.315	5.090
1428384624578	37.499750	139.921232	5	1.672	-0.111	9.279	5.139
1428384624678	37.499755	139.921233	5	1.506	-0.077	9.344	5.188
1428384624779	37.499760	139.921233	5	1.362	-0.057	9.392	5.239
1428384624875	37.499765	139.921233	5	1.333	-0.005	9.318	5.287
1428384624976	37.499770	139.921234	5	1.411	-0.014	9.295	5.338
1428384625076	37.499776	139.921234	5	1.424	-0.092	9.473	5.389
1428384625177	37.499781	139.921235	5	1.412	0.000	9.340	5.441
1428384625278	37.499786	139.921235	5	1.297	0.088	9.341	5.494
1428384625378	37.499792	139.921236	5	1.191	0.115	9.358	5.581
1428384625479	37.499798	139.921236	5	1.051	0.122	9.339	5.676
1428384625575	37.499803	139.921237	5	0.939	0.081	9.555	5.768
1428384625675	37.499809	139.921238	5	0.783	0.082	9.543	5.865
1428384625776	37.499815	139.921239	5	0.620	0.150	9.433	5.965
1428384625877	37.499822	139.921240	5	0.583	0.206	9.260	6.067
1428384625978	37.499828	139.921240	5	0.612	0.177	9.363	6.170
1428384626078	37.499834	139.921241	5	0.666	0.188	9.300	6.274
1428384626179	37.499841	139.921242	5	0.726	0.157	9.398	6.381
1428384626275	37.499847	139.921243	5	0.740	0.107	9.490	6.484
1428384626375	37.499853	139.921245	6	0.725	0.067	9.458	6.456
1428384626476	37.499858	139.921246	6	0.684	0.064	9.385	6.404
1428384626577	37.499863	139.921248	6	0.643	0.032	9.411	6.352
1428384626677	37.499869	139.921250	6	0.623	-0.001	9.427	6.302
1428384626778	37.499874	139.921252	6	0.589	-0.008	9.353	6.251
1428384626879	37.499879	139.921254	6	0.576	0.038	9.410	6.201
1428384626975	37.499884	139.921255	6	0.518	0.075	9.429	6.153
1428384627075	37.499889	139.921257	6	0.487	0.037	9.460	6.104
1428384627176	37.499894	139.921259	6	0.497	0.070	9.283	6.055
1428384627277	37.499899	139.921261	6	0.562	0.023	9.458	6.006
1428384627377	37.499904	139.921263	6	0.524	-0.023	9.568	5.978
1428384627478	37.499908	139.921264	6	0.392	-0.002	9.435	5.952
1428384627579	37.499913	139.921266	6	0.311	-0.010	9.378	5.927
1428384627680	37.499917	139.921268	6	0.225	-0.045	9.459	5.901
1428384627775	37.499921	139.921269	6	0.190	-0.003	9.371	5.877
1428384627876	37.499925	139.921271	6	0.206	-0.003	9.298	5.852
1428384627977	37.499930	139.921273	6	0.201	-0.060	9.483	5.827
1428384628077	37.499934	139.921274	6	0.218	-0.153	9.541	5.802
1428384628178	37.499938	139.921276	6	0.211	-0.143	9.396	5.777
1428384628279	37.499943	139.921278	6	0.164	-0.070	9.313	5.753
1428384628379	37.499946	139.921280	7	0.170	-0.098	9.443	5.679
1428384628475	37.499949	139.921281	7	0.197	-0.168	9.349	5.603
1428384628576	37.499952	139.921283	7	0.243	-0.187	9.304	5.525
1428384628676	37.499955	139.921285	7	0.227	-0.186	9.462	5.448
1428384628777	37.499959	139.921287	7	0.126	-0.179	9.482	5.372
1428384628878	37.499962	139.921288	7	0.064	-0.177	9.400	5.296
1428384628979	37.499965	139.921290	7	0.032	-0.230	9.388	5.222
1428384629079	37.499968	139.921292	7	0.017	-0.240	9.420	5.150
1428384629175	37.499971	139.921293	7	0.018	-0.186	9.382	5.081
1428384629276	37.499974	139.921295	7	0.019	-0.177	9.358	5.010
1428384629376	37.499977	139.921297	7	0.069	-0.179	9.405	4.978
1428384629477	37.499981	139.921299	7	0.134	-0.215	9.538	4.952
1428384629578	37.499985	139.921301	7	0.089	-0.165	9.364	4.927
1428384629679	37.499988	139.921304	7	0.017	-0.126	9.325	4.901
1428384629779	37.499992	139.921306	7	0.014	-0.177	9.551	4.876
1428384629875	37.499995	139.921308	7	0.016	-0.189	9.517	4.852
1428384629976	37.499999	139.921310	7	-0.030	-0.149	9.385	4.827
1428384630076	37.500002	139.921312	7	-0.061	-0.133	9.367	4.802
1428384630177	37.500006	139.921315	7	-0.053	-0.086	9.353	4.778
1428384630278	37.500010	139.921317	7	-0.004	-0.059	9.431	4.753
1428384630378	37.500014	139.921319	5	0.002	-0.116	9.446	4.727
1428384630479	37.500018	139.921321	5	0.058	-0.112	9.395	4.702
1428384630575	37.500022	139.921324	5	0.053	-0.050	9.388	4.677
1428384630676	37.500026	139.921326	5	0.008	-0.036	9.435	4.652
1428384630776	37.500031	139.921328	5	-0.021	-0.051	9.439	4.627
1428384630877	37.500035	139.921331	5	-0.041	-0.078	9.339	4.602
1428384630978	37.500039	139.921333	5	-0.052	-0.086	9.322	4.577
1428384631078	37.500043	139.921335	5	-0.051	-0.083	9.416	4.552
1428384631179	37.500047	139.921338	5	-0.047	-0.041	9.364	4.527
1428384631275	37.500051	139.921340	5	-0.066	-0.065	9.402	4.504
1428384631376	37.500056	139.921340	6	-0.063	-0.108	9.386	4.478
1428384631476	37.500060	139.921340	6	-0.065	-0.133	9.387	4.452
1428384631577	37.500064	139.921339	6	-0.063	-0.153	9.420	4.427
1428384631678	37.500069	139.921339	6	-0.059	-0.152	9.432	4.401
1428384631778	37.500073	139.921339	6	-0.091	-0.184	9.442	4.376
1428384631879	37.500077	139.921339	6	-0.111	-0.197	9.406	4.351
1428384631975	37.500081	139.921339	6	-0.112	-0.246	9.359	4.327
1428384632075	37.500085	139.921338	6	-0.066	-0.314	9.433	4.303
1428384632176	37.500089	139.921338	6	-0.014	-0.340	9.470	4.278
1428384632277	37.500093	139.921338	6	-0.001	-0.321	9.369	4.253
1428384632378	37.500098	139.921339	6	0.025	-0.323	9.411	4.203
1428384632478	37.500102	139.921341	6	-0.013	-0.339	9.466	4.151
1428384632579	37.500106	139.921343	6	-0.050	-0.372	9.515	4.099
1428384632675	37.500110	139.921344	6	-0.085	-0.338	9.436	4.050
1428384632775	37.500114	139.921346	6	-0.094	-0.319	9.412	4.000
1428384632876	37.500117	139.921347	6	-0.090	-0.330	9.419	3.949
1428384632977	37.500121	139.921349	6	-0.095	-0.307	9.404	3.900
1428384633077	37.500125	139.921350	6	-0.086	-0.273	9.370	3.851
1428384633178	37.500129	139.921351	6	-0.030	-0.302	9.397	3.803
1428384633279	37.500133	139.921353	6	-0.045	-0.356	9.380	3.755
1428384633375	37.500136	139.921353	5	-0.075	-0.348	9.373	3.728
1428384633475	37.500139	139.921353	5	-0.098	-0.305	9.394	3.702
1428384633576	37.500142	139.921353	5	-0.086	-0.330	9.471	3.677
1428384633677	37.500146	139.921353	5	-0.058	-0.341	9.401	3.651
1428384633777	37.500149	139.921354	5	-0.061	-0.344	9.395	3.626
1428384633878	37.500152	139.921354	5	-0.025	-0.360	9.435	3.601
1428384633979	37.500155	139.921354	5	-0.012	-0.396	9.433	3.576
1428384634079	37.500158	139.921354	5	-0.028	-0.419	9.313	3.551
1428384634175	37.500161	139.921354	5	-0.038	-0.462	9.373	3.528
1428384634276	37.500165	139.921354	5	-0.044	-0.499	9.452	3.503
1428384634377	37.500168	139.921354	5	-0.041	-0.585	9.433	3.453
1428384634478	37.500171	139.921355	5	-0.076	-0.641	9.431	3.400
1428384634578	37.500174	139.921355	5	-0.069	-0.674	9.426	3.348
1428384634679	37.500177	139.921356	5	-0.064	-0.643	9.396	3.296
1428384634779	37.500180	139.921356	5	-0.022	-0.622	9.446	3.246
1428384634875	37.500183	139.921356	5	0.014	-0.586	9.443	3.198
1428384634976	37.500186	139.921357	5	-0.007	-0.545	9.361	3.149
1428384635076	37.500189	139.921357	5	-0.039	-0.531	9.439	3.101
1428384635177	37.500192	139.921358	5	-0.023	-0.505	9.440	3.053
1428384635278	37.500195	139.921358	5	-0.010	-0.507	9.393	3.006
1428384635379	37.500197	139.921359	5	-0.018	-0.503	9.361	2.925
1428384635479	37.500198	139.921360	5	-0.004	-0.509	9.427	2.842
1428384635575	37.500200	139.921361	5	0.015	-0.527	9.459	2.764
1428384635676	37.500202	139.921362	5	0.001	-0.578	9.411	2.685
1428384635776	37.500203	139.921363	5	-0.018	-0.629	9.410	2.609
1428384635877	37.500205	139.921364	5	-0.026	-0.666	9.445	2.534
1428384635978	37.500206	139.921365	5	-0.039	-0.700	9.374	2.461
1428384636079	37.500208	139.921366	5	-0.035	-0.740	9.395	2.390
1428384636179	37.500209	139.921367	5	-0.018	-0.772	9.381	2.323
1428384636275	37.500211	139.921368	5	-0.029	-0.832	9.349	2.260
1428384636376	37.500212	139.921368	5	-0.018	-0.918	9.435	2.202
1428384636476	37.500213	139.921369	5	0.008	-0.961	9.463	2.148
1428384636577	37.500215	139.921369	5	0.028	-0.949	9.393	2.094
1428384636678	37.500216	139.921369	5	0.016	-0.932	9.369	2.041
1428384636778	37.500217	139.921370	5	-0.021	-0.945	9.432	1.990
1428384636879	37.500218	139.921370	5	-0.055	-0.935	9.412	1.940
1428384636975	37.500220	139.921370	5	-0.060	-0.894	9.386	1.894
1428384637075	37.500221	139.921370	5	-0.032	-0.849	9.383	1.847
1428384637176	37.500222	139.921371	5	-0.008	-0.815	9.410	1.801
1428384637277	37.500223	139.921371	5	-0.000	-0.784	9.434	1.756
1428384637378	37.500224	139.921372	5	0.004	-0.722	9.420	1.584
1428384637479	37.500224	139.921373	5	-0.004	-0.639	9.424	1.407
1428384637579	37.500225	139.921373	5	-0.015	-0.543	9.429	1.246
1428384637675	37.500225	139.921374	5	-0.027	-0.469	9.423	1.104
1428384637775	37.500225	139.921375	5	-0.026	-0.398	9.400	0.970
1428384637876	37.500226	139.921375	5	-0.031	-0.338	9.402	0.849
1428384637977	37.500226	139.921376	5	-0.032	-0.285	9.415	0.742
1428384638078	37.500227	139.921376	5	-0.023	-0.238	9.412	0.649
1428384638178	37.500227	139.921377	5	-0.005	-0.205	9.415	0.571
1428384638279	37.500227	139.921377	5	0.007	-0.176	9.423	0.506
1428384638375	37.500227	139.921377	5	0.007	-0.138	9.434	0.472
1428384638475	37.500227	139.921378	5	0.000	-0.096	9.407	0.441
1428384638576	37.500227	139.921378	5	-0.011	-0.069	9.417	0.411
1428384638677	37.500227	139.921379	5	-0.022	-0.044	9.412	0.383
1428384638778	37.500228	139.921379	5	-0.026	-0.024	9.412	0.357
1428384638878	37.500228	139.921380	5	-0.025	-0.009	9.412	0.333
1428384638979	37.500228	139.921380	5	-0.018	-0.004	9.400	0.310
1428384639075	37.500228	139.921380	5	-0.018	-0.001	9.402	0.290
1428384639175	37.500228	139.921381	5	-0.013	0.002	9.404	0.270
1428384639276	37.500228	139.921381	5	-0.010	-0.001	9.396	0.252
1428384639377	37.500228	139.921381	4	-0.018	0.003	9.419	0.250
1428384639477	37.500228	139.921381	4	-0.019	0.016	9.407	0.250
1428384639578	37.500229	139.921381	4	-0.020	0.016	9.413	0.250
1428384639679	37.500229	139.921381	4	-0.017	0.016	9.411	0.250
1428384639780	37.500229	139.921381	4	-0.012	0.013	9.411	0.250
1428384639875	37.500229	139.921382	4	-0.013	0.002	9.404	0.250
1428384639976	37.500229	139.921382	4	-0.013	0.000	9.409	0.250
1428384640077	37.500230	139.921382	4	-0.013	0.005	9.399	0.250
1428384640177	37.500230	139.921382	4	-0.012	0.006	9.410	0.250
1428384640278	37.500230	139.921382	4	-0.013	0.001	9.417	0.250
1428384640379	37.500230	139.921382	5	-0.010	-0.003	9.432	0.207
1428384640475	37.500230	139.921382	5	-0.013	-0.006	9.423	0.166
1428384640575	37.500230	139.921382	5	-0.010	-0.002	9.415	0.128
1428384640676	37.500230	139.921382	5	-0.009	-0.002	9.405	0.094
1428384640777	37.500230	139.921382	5	-0.011	0.013	9.406	0.066
1428384640877	37.500230	139.921382	5	-0.014	0.018	9.414	0.043
1428384640978	37.500230	139.921382	5	-0.010	0.021	9.411	0.024
1428384641079	37.500230	139.921382	5	-0.008	0.018	9.406	0.011
1428384641179	37.500230	139.921382	5	-0.008	0.020	9.420	0.003
1428384673376	37.500246	139.921394	9	-0.029	1.359	9.439	0.004
1428384673476	37.500246	139.921394	9	0.003	1.414	9.390	0.017
1428384673577	37.500246	139.921394	9	0.017	1.467	9.345	0.041
1428384673678	37.500247	139.921394	9	0.018	1.495	9.370	0.075
1428384673779	37.500247	139.921395	9	0.015	1.504	9.400	0.120
1428384673879	37.500247	139.921395	9	0.014	1.523	9.349	0.173
1428384673975	37.500248	139.921395	9	0.032	1.565	9.335	0.235
1428384674076	37.500248	139.921396	9	0.014	1.563	9.348	0.309
1428384677172	37.500315	139.921423	6	-0.008	1.435	9.524	3.233
1428384677177	37.500315	139.921423	6	-0.002	1.426	9.527	3.244
1428384677278	37.500319	139.921426	6	0.459	1.151	9.333	3.472
1428384677379	37.500323	139.921428	5	0.855	0.906	9.321	3.561
1428384677475	37.500326	139.921431	5	1.145	0.731	9.392	3.628
1428384677575	37.500330	139.921434	5	1.330	0.630	9.454	3.699
1428384677676	37.500333	139.921437	5	1.386	0.611	9.372	3.772
1428384677777	37.500337	139.921440	5	1.438	0.549	9.271	3.847
1428384677877	37.500341	139.921443	5	1.504	0.415	9.407	3.923
1428384677978	37.500345	139.921446	5	1.590	0.277	9.525	4.000
1428384678079	37.500349	139.921449	5	1.677	0.272	9.365	4.080
1428384678175	37.500352	139.921452	5	1.681	0.287	9.250	4.156
1428384678275	37.500356	139.921456	5	1.587	0.341	9.030	4.238
1428384678376	37.500360	139.921460	5	1.567	0.320	9.230	4.291
1428384678477	37.500363	139.921464	5	1.855	0.231	9.801	4.339
1428384678577	37.500366	139.921468	5	1.939	0.402	9.409	4.388
1428384678678	37.500369	139.921473	5	1.846	0.556	8.996	4.437
1428384678779	37.500372	139.921477	5	1.914	0.378	9.520	4.488
1428384678879	37.500375	139.921482	5	2.034	0.207	9.934	4.538
1428384678975	37.500378	139.921486	5	2.264	0.229	9.548	4.587
1428384679076	37.500381	139.921491	5	2.133	0.219	9.537	4.638
1428384679177	37.500384	139.921496	5	1.815	0.155	9.454	4.691
1428384679277	37.500388	139.921500	5	1.613	0.256	9.078	4.743
1428384679378	37.500390	139.921506	4	1.643	-0.068	9.418	4.792
1428384679479	37.500392	139.921512	4	1.744	-0.452	9.683	4.841
1428384679579	37.500394	139.921517	4	1.992	-0.537	9.863	4.889
1428384679675	37.500395	139.921523	4	1.877	-0.281	9.149	4.937
1428384679776	37.500397	139.921528	4	1.907	-0.145	8.878	4.987
1428384679876	37.500399	139.921534	4	1.890	-0.238	9.306	5.037
1428384679977	37.500402	139.921540	4	1.614	-0.439	9.631	5.088
1428384680078	37.500404	139.921546	4	1.381	-0.454	9.554	5.140
1428384680179	37.500406	139.921552	4	1.116	-0.350	9.458	5.192
1428384680279	37.500408	139.921558	4	0.688	-0.276	9.364	5.244
1428384680375	37.500407	139.921566	6	0.523	-0.161	9.122	5.228
1428384680476	37.500406	139.921573	6	0.879	-0.279	9.322	5.203
1428384680576	37.500405	139.921581	6	1.111	-0.336	9.268	5.177
1428384680677	37.500404	139.921589	6	1.375	-0.287	9.277	5.152
1428384680778	37.500403	139.921597	6	1.483	-0.264	9.292	5.126
1428384680879	37.500402	139.921604	6	1.441	-0.210	9.387	5.101
1428384680979	37.500401	139.921612	6	1.301	-0.075	9.126	5.076
1428384681075	37.500400	139.921619	6	1.117	-0.247	9.404	5.053
1428384681176	37.500399	139.921627	6	0.903	-0.298	9.905	5.028
1428384681276	37.500398	139.921634	6	0.678	-0.030	9.688	5.003
1428384681377	37.500396	139.921639	6	0.592	0.312	9.106	4.954
1428384681478	37.500393	139.921644	6	0.675	0.423	8.995	4.902
1428384681578	37.500391	139.921648	6	0.970	0.517	9.072	4.851
1428384681679	37.500388	139.921653	6	1.040	0.588	9.139	4.799
1428384681775	37.500386	139.921657	6	0.771	0.482	9.711	4.751
1428384681875	37.500384	139.921661	6	0.665	0.618	9.781	4.701
1428384681976	37.500381	139.921666	6	0.724	0.705	9.585	4.651
1428384682077	37.500379	139.921670	6	0.629	0.839	9.116	4.602
1428384682178	37.500377	139.921674	6	0.384	0.795	9.362	4.553
1428384682278	37.500374	139.921679	6	0.258	0.689	9.677	4.506
1428384682379	37.500372	139.921684	5	0.524	0.736	9.404	4.562
1428384682475	37.500370	139.921689	5	0.548	1.044	9.030	4.630
1428384682575	37.500368	139.921694	5	0.501	1.187	9.154	4.702
1428384682676	37.500366	139.921700	5	0.436	0.976	9.662	4.776
1428384682777	37.500363	139.921706	5	0.408	0.870	9.586	4.851
1428384682878	37.500361	139.921711	5	0.517	0.996	9.366	4.927
1428384682978	37.500359	139.921717	5	0.482	1.036	9.330	5.004
1428384683079	37.500356	139.921723	5	0.441	0.924	9.407	5.082
1428384683175	37.500354	139.921729	5	0.163	0.892	8.951	5.158
1428384683275	37.500351	139.921735	5	0.299	0.648	9.548	5.238
1428384683376	37.500350	139.921742	5	0.370	0.703	9.460	5.329
1428384683477	37.500348	139.921749	5	0.092	0.739	9.087	5.424
1428384683577	37.500347	139.921757	5	-0.313	0.627	9.190	5.519
1428384683678	37.500345	139.921764	5	-0.062	0.589	9.610	5.617
1428384683779	37.500344	139.921772	5	0.109	0.523	9.625	5.717
1428384683875	37.500343	139.921779	5	0.198	0.667	9.401	5.814
1428384683975	37.500341	139.921787	5	0.346	0.633	9.149	5.916
1428384684076	37.500339	139.921795	5	0.392	0.571	9.514	6.021
1428384684177	37.500338	139.921804	5	0.292	0.705	9.492	6.128
1428384684277	37.500336	139.921812	5	0.155	0.827	9.371	6.236
1428384684378	37.500334	139.921819	5	0.293	0.941	9.335	6.292
1428384684479	37.500332	139.921826	5	0.386	0.882	9.275	6.342
1428384684575	37.500330	139.921832	5	0.347	0.778	9.431	6.389
1428384684675	37.500327	139.921839	5	0.222	0.747	9.741	6.438
1428384684776	37.500325	139.921846	5	0.124	0.903	9.524	6.488
1428384684877	37.500323	139.921853	5	0.022	0.949	9.280	6.539
1428384684977	37.500320	139.921861	5	-0.021	0.862	9.474	6.589
1428384685078	37.500318	139.921868	5	-0.108	0.926	9.330	6.641
1428384685179	37.500316	139.921875	5	-0.031	1.028	9.493	6.693
1428384685279	37.500313	139.921882	5	-0.047	0.987	9.581	6.744
1428384685375	37.500312	139.921890	5	-0.106	1.016	9.266	6.791
1428384685476	37.500311	139.921898	5	-0.133	1.050	9.343	6.840
1428384685577	37.500310	139.921906	5	-0.107	1.018	9.274	6.890
1428384685677	37.500309	139.921914	5	0.089	1.004	9.564	6.939
1428384685778	37.500308	139.921922	5	0.060	1.042	9.477	6.990
1428384685879	37.500307	139.921931	5	0.001	1.145	8.772	7.040
1428384685979	37.500306	139.921939	5	0.100	1.074	9.074	7.091
1428384686075	37.500305	139.921947	5	0.065	0.869	9.669	7.139
1428384686176	37.500304	139.921955	5	0.110	0.852	9.741	7.191
1428384686276	37.500303	139.921964	5	0.182	0.921	9.152	7.243
1428384686377	37.500302	139.921972	7	0.193	0.833	9.018	7.250
1428384686478	37.500301	139.921981	7	0.087	0.639	9.376	7.250
1428384686579	37.500301	139.921990	7	0.143	0.805	9.431	7.250
1428384686679	37.500300	139.921998	7	0.176	0.789	9.454	7.250
1428384686775	37.500299	139.922006	7	0.219	0.674	9.169	7.250
1428384686876	37.500298	139.922015	7	0.185	0.565	9.388	7.250
1428384686976	37.500298	139.922023	7	-0.011	0.609	9.094	7.250
1428384687077	37.500297	139.922032	7	0.188	0.471	9.306	7.250
1428384687178	37.500296	139.922040	7	0.336	0.217	9.870	7.250
1428384687278	37.500295	139.922049	7	0.243	0.245	9.869	7.250
1428384687379	37.500294	139.922058	7	0.081	0.523	8.894	7.293
1428384687475	37.500292	139.922066	7	0.141	0.464	8.965	7.340
1428384687576	37.500291	139.922074	7	0.127	0.309	9.725	7.390
1428384687676	37.500290	139.922083	7	0.067	0.438	9.453	7.439
1428384687777	37.500288	139.922092	7	0.195	0.120	9.512	7.489
1428384687878	37.500287	139.922100	7	0.307	-0.146	9.634	7.540
1428384687978	37.500285	139.922109	7	0.184	-0.112	9.256	7.590
1428384688079	37.500284	139.922118	7	0.199	-0.133	9.155	7.642
1428384688175	37.500283	139.922127	7	0.117	-0.153	9.350	7.691
1428384688275	37.500281	139.922136	7	0.223	-0.240	9.597	7.742
1428384688376	37.500278	139.922144	10	0.325	-0.203	9.568	7.750
1428384688477	37.500275	139.922153	10	0.358	-0.269	9.334	7.750
1428384688578	37.500272	139.922161	10	0.348	-0.278	9.319	7.750
1428384688678	37.500269	139.922170	10	0.278	-0.278	9.489	7.750
1428384688779	37.500266	139.922179	10	0.284	-0.176	9.458	7.750
1428384688875	37.500263	139.922187	10	0.306	-0.212	9.460	7.750
1428384688975	37.500260	139.922195	10	0.284	-0.267	9.465	7.750
1428384689076	37.500257	139.922204	10	0.317	-0.183	9.333	7.750
1428384689177	37.500253	139.922212	10	0.364	-0.164	9.349	7.750
1428384689278	37.500250	139.922221	10	0.279	-0.212	9.441	7.750
1428384689378	37.500248	139.922229	10	0.281	-0.157	9.451	7.728
1428384689479	37.500246	139.922237	10	0.277	-0.193	9.528	7.702
1428384689575	37.500244	139.922244	10	0.283	-0.229	9.523	7.678
1428384689675	37.500242	139.922252	10	0.266	-0.152	9.242	7.653
1428384689776	37.500240	139.922260	10	0.328	-0.138	9.428	7.627
1428384689877	37.500238	139.922268	10	0.280	-0.231	9.716	7.602
1428384689977	37.500236	139.922276	10	0.188	-0.134	9.513	7.577
1428384690078	37.500233	139.922284	10	0.118	-0.015	9.139	7.552
1428384690179	37.500231	139.922291	10	-0.020	-0.024	8.916	7.527
1428384690275	37.500229	139.922299	10	-0.021	-0.170	9.435	7.504
1428384690375	37.500226	139.922307	10	0.048	-0.152	9.756	7.456
1428384690476	37.500223	139.922315	10	0.178	-0.140	9.584	7.404
1428384690577	37.500220	139.922323	10	0.144	-0.161	9.193	7.353
1428384690677	37.500217	139.922331	10	0.098	-0.156	9.094	7.302
1428384690778	37.500214	139.922339	10	0.081	-0.120	9.381	7.252
1428384690875	37.500211	139.922346	10	0.101	-0.031	9.438	7.203
1428384690979	37.500207	139.922354	10	0.154	-0.039	9.477	7.152
1428384691075	37.500204	139.922362	10	0.193	-0.170	9.491	7.105
1428384691176	37.500201	139.922369	10	0.257	-0.215	9.364	7.055
1428384691277	37.500198	139.922377	10	0.194	-0.184	9.312	7.006
1428384691377	37.500195	139.922384	10	0.195	-0.123	9.398	6.978
1428384691478	37.500191	139.922392	10	0.230	-0.142	9.445	6.952
1428384691579	37.500187	139.922399	10	0.249	-0.116	9.458	6.927
1428384691679	37.500184	139.922407	10	0.240	-0.142	9.479	6.902
1428384691775	37.500180	139.922414	10	0.264	-0.188	9.491	6.878
1428384691876	37.500177	139.922421	10	0.346	-0.123	9.265	6.852
1428384691977	37.500173	139.922428	10	0.344	-0.084	9.202	6.827
1428384692077	37.500170	139.922436	10	0.247	-0.143	9.529	6.802
1428384692178	37.500166	139.922443	10	0.160	-0.129	9.511	6.778
1428384692279	37.500162	139.922450	10	0.053	-0.125	9.424	6.753
1428384692379	37.500160	139.922459	10	0.002	-0.143	9.471	6.750
1428384692475	37.500159	139.922467	10	0.040	-0.183	9.459	6.750
1428384692576	37.500157	139.922476	10	0.159	-0.136	9.363	6.750
1428384692676	37.500155	139.922485	10	0.223	-0.070	9.426	6.750
1428384692777	37.500153	139.922494	10	0.199	-0.063	9.349	6.750
1428384692878	37.500151	139.922503	10	0.124	-0.115	9.524	6.750
1428384692979	37.500150	139.922512	10	0.106	-0.102	9.449	6.750
1428384693079	37.500148	139.922520	10	0.096	-0.037	9.247	6.750
1428384693175	37.500146	139.922529	10	0.114	-0.031	9.287	6.750
1428384693276	37.500144	139.922538	10	0.189	-0.056	9.417	6.750
1428384693376	37.500142	139.922544	10	0.225	-0.013	9.525	6.705
1428384693477	37.500140	139.922550	10	0.177	0.089	9.502	6.654
1428384693578	37.500137	139.922555	10	0.192	0.149	9.406	6.602
1428384693678	37.500135	139.922561	10	0.249	0.166	9.376	6.551
1428384693779	37.500133	139.922566	10	0.181	0.196	9.314	6.501
1428384693875	37.500131	139.922572	10	0.124	0.252	9.356	6.453
1428384693976	37.500129	139.922577	10	0.144	0.351	9.295	6.403
1428384694077	37.500127	139.922583	10	0.102	0.286	9.427	6.353
1428384694177	37.500124	139.922588	10	0.181	0.219	9.565	6.305
1428384694278	37.500122	139.922593	10	0.236	0.334	9.231	6.256
1428384694378	37.500122	139.922600	8	0.194	0.300	9.241	6.272
1428384694479	37.500122	139.922606	8	0.172	0.252	9.392	6.296
1428384694575	37.500122	139.922613	8	0.124	0.260	9.402	6.320
1428384694675	37.500122	139.922619	8	0.173	0.304	9.458	6.345
1428384694776	37.500122	139.922626	8	0.085	0.279	9.385	6.370
1428384694877	37.500122	139.922632	8	0.115	0.243	9.260	6.396
1428384694978	37.500122	139.922639	8	0.101	0.306	9.343	6.421
1428384695078	37.500122	139.922646	8	0.112	0.385	9.346	6.446
1428384695179	37.500122	139.922653	8	0.126	0.435	9.334	6.472
1428384695275	37.500122	139.922659	8	0.128	0.475	9.407	6.496
1428384695375	37.500121	139.922667	8	0.051	0.569	9.241	6.521
1428384695476	37.500119	139.922675	8	0.087	0.557	9.286	6.546
1428384695577	37.500117	139.922684	8	0.072	0.562	9.369	6.571
1428384695678	37.500115	139.922692	8	0.085	0.561	9.358	6.596
1428384695778	37.500113	139.922701	8	0.282	0.613	9.328	6.621
1428384695879	37.500111	139.922709	8	0.107	0.470	9.525	6.646
1428384695975	37.500110	139.922717	8	0.061	0.518	9.531	6.670
1428384696075	37.500108	139.922726	8	0.003	0.742	9.154	6.695
1428384696176	37.500106	139.922734	8	0.104	0.802	9.091	6.721
1428384696277	37.500104	139.922743	8	0.241	0.563	9.430	6.747
1428384696377	37.500101	139.922750	8	0.441	0.544	9.682	6.771
1428384696478	37.500097	139.922757	8	0.377	0.624	9.437	6.796
1428384696579	37.500094	139.922764	8	0.302	0.674	9.165	6.821
1428384696675	37.500090	139.922771	8	0.253	0.593	9.246	6.845
1428384696775	37.500087	139.922778	8	0.258	0.620	9.659	6.870
1428384696876	37.500083	139.922785	8	0.349	0.686	9.468	6.895
1428384696977	37.500079	139.922793	8	0.328	0.673	9.201	6.921
1428384697077	37.500076	139.922800	8	0.320	0.540	9.362	6.946
1428384697179	37.500072	139.922807	8	0.280	0.471	9.538	6.972
1428384697279	37.500068	139.922814	8	0.200	0.504	9.433	6.997
1428384697379	37.500065	139.922821	8	0.137	0.507	9.379	7.022
1428384697475	37.500061	139.922827	8	0.146	0.414	9.412	7.046
1428384697576	37.500057	139.922833	8	0.135	0.361	9.564	7.071
1428384697677	37.500053	139.922840	8	0.203	0.440	9.342	7.096
1428384697777	37.500049	139.922846	8	0.263	0.372	9.399	7.121
1428384697878	37.500045	139.922853	8	0.132	0.216	9.592	7.146
1428384697979	37.500041	139.922860	8	0.176	0.272	9.394	7.171
1428384698079	37.500037	139.922866	8	0.119	0.272	9.307	7.197
1428384698175	37.500033	139.922872	8	0.079	0.228	9.071	7.221
1428384698276	37.500029	139.922879	8	0.107	0.315	8.988	7.246
1428384698377	37.500025	139.922887	7	0.139	0.084	9.858	7.271
1428384698477	37.500022	139.922894	7	0.119	-0.079	9.733	7.296
1428384698578	37.500019	139.922902	7	0.234	0.001	9.233	7.321
1428384698679	37.500015	139.922910	7	0.269	-0.016	9.184	7.346
1428384698779	37.500012	139.922918	7	0.181	-0.114	9.447	7.371
1428384698875	37.500009	139.922925	7	0.153	0.031	9.493	7.395
1428384698976	37.500005	139.922933	7	0.221	0.201	9.220	7.421
1428384699076	37.500002	139.922941	7	0.337	0.073	9.350	7.446
1428384699177	37.499999	139.922949	7	0.453	-0.069	9.704	7.471
1428384699278	37.499995	139.922957	7	0.419	-0.016	9.509	7.497
1428384699379	37.499993	139.922965	6	0.356	0.092	9.148	7.477
1428384699479	37.499990	139.922972	6	0.219	-0.076	9.403	7.452
1428384699575	37.499988	139.922979	6	0.123	-0.082	9.550	7.428
1428384699676	37.499986	139.922987	6	0.142	-0.047	9.500	7.402
1428384699776	37.499983	139.922994	6	0.132	-0.024	9.432	7.377
1428384699877	37.499981	139.923002	6	0.120	-0.053	9.249	7.352
1428384699978	37.499978	139.923009	6	0.258	-0.034	9.521	7.327
1428384700078	37.499976	139.923017	6	0.152	0.097	9.394	7.302
1428384700179	37.499974	139.923024	6	0.122	0.187	9.300	7.277
1428384700275	37.499971	139.923031	6	0.217	0.208	9.478	7.254
1428384700376	37.499969	139.923039	5	0.167	0.145	9.541	7.250
1428384700476	37.499967	139.923047	5	0.174	0.157	9.504	7.250
1428384700577	37.499965	139.923054	5	0.288	0.239	9.499	7.250
1428384700678	37.499963	139.923062	5	0.296	0.289	9.369	7.250
1428384700778	37.499961	139.923070	5	0.109	0.323	9.173	7.250
1428384700879	37.499959	139.923078	5	0.297	0.327	9.456	7.250
1428384700975	37.499957	139.923085	5	0.248	0.253	9.676	7.250
1428384701075	37.499955	139.923093	5	0.216	0.219	9.651	7.250
1428384701176	37.499953	139.923101	5	0.248	0.329	9.232	7.250
1428384701277	37.499951	139.923109	5	0.244	0.343	9.147	7.250
1428384701378	37.499948	139.923117	6	0.236	0.237	9.442	7.250
1428384701478	37.499945	139.923124	6	0.236	0.275	9.500	7.250
1428384701579	37.499941	139.923132	6	0.275	0.352	9.485	7.250
1428384701675	37.499938	139.923140	6	0.312	0.258	9.387	7.250
1428384701775	37.499935	139.923147	6	0.416	0.084	9.710	7.250
1428384701876	37.499931	139.923155	6	0.463	-0.040	10.196	7.250
1428384701977	37.499928	139.923163	6	0.347	0.253	9.283	7.250
1428384702077	37.499924	139.923171	6	0.176	0.430	8.752	7.250
1428384702178	37.499921	139.923178	6	0.032	0.627	8.287	7.250
1428384702279	37.499917	139.923186	6	-0.030	0.429	9.261	7.250
1428384702375	37.499914	139.923193	6	-0.072	0.050	10.242	7.228
1428384702475	37.499911	139.923200	6	-0.156	-0.010	9.875	7.203
1428384702576	37.499908	139.923207	6	-0.125	0.090	8.960	7.178
1428384702677	37.499905	139.923214	6	-0.072	0.060	8.543	7.152
1428384702777	37.499902	139.923221	6	-0.065	-0.027	9.277	7.127
1428384702878	37.499899	139.923228	6	0.115	0.237	9.921	7.102
1428384702979	37.499896	139.923235	6	0.215	0.354	9.633	7.077
1428384703075	37.499893	139.923241	6	0.251	0.163	9.223	7.053
1428384703175	37.499890	139.923248	6	0.280	-0.021	9.351	7.028
1428384703276	37.499887	139.923255	6	0.209	0.042	9.459	7.003
1428384703377	37.499885	139.923263	6	0.271	0.151	9.446	7.021
1428384703477	37.499883	139.923271	6	0.355	0.207	9.380	7.046
1428384703578	37.499880	139.923280	6	0.397	0.128	9.477	7.071
1428384703679	37.499878	139.923288	6	0.355	0.021	9.675	7.096
1428384703780	37.499875	139.923296	6	0.254	0.184	9.217	7.121
1428384703875	37.499873	139.923304	6	0.215	0.194	9.276	7.145
1428384703976	37.499871	139.923313	6	0.329	0.101	9.460	7.171
1428384704077	37.499868	139.923321	6	0.365	0.110	9.319	7.196
1428384704177	37.499866	139.923329	6	0.423	0.128	9.419	7.221
1428384704278	37.499863	139.923338	6	0.361	0.038	9.417	7.247
1428384704379	37.499860	139.923346	6	0.299	0.001	9.312	7.227
1428384704479	37.499857	139.923353	6	0.267	0.016	9.464	7.202
1428384704575	37.499854	139.923361	6	0.263	0.022	9.382	7.178
1428384704676	37.499851	139.923368	6	0.273	-0.048	9.473	7.152
1428384704777	37.499848	139.923376	6	0.246	-0.022	9.399	7.127
1428384704877	37.499845	139.923383	6	0.189	-0.025	9.555	7.102
1428384704978	37.499842	139.923391	6	0.138	-0.092	9.640	7.077
1428384705079	37.499839	139.923398	6	0.016	-0.132	9.423	7.052
1428384705179	37.499836	139.923406	6	-0.098	0.149	8.728	7.027
1428384705275	37.499833	139.923413	6	0.060	-0.009	9.248	7.004
1428384705376	37.499832	139.923421	6	-0.022	-0.248	9.613	7.000
1428384705476	37.499830	139.923429	6	0.056	-0.218	9.639	7.000
1428384705577	37.499829	139.923438	6	0.164	-0.204	9.407	7.000
1428384705678	37.499827	139.923446	6	0.211	-0.271	9.201	7.000
1428384705779	37.499826	139.923455	6	0.319	-0.468	9.457	7.000
1428384705879	37.499824	139.923463	6	0.452	-0.357	9.858	7.000
1428384705975	37.499823	139.923471	6	0.339	-0.095	9.438	7.000
1428384706076	37.499821	139.923479	6	0.172	-0.097	9.095	7.000
1428384706176	37.499820	139.923488	6	0.182	-0.176	9.263	7.000
1428384706277	37.499818	139.923496	6	0.131	-0.265	9.648	7.000
1428384706378	37.499815	139.923503	6	0.182	-0.173	9.331	6.978
1428384706478	37.499813	139.923509	6	0.192	-0.098	9.100	6.952
1428384706579	37.499810	139.923516	6	0.120	-0.246	9.232	6.927
1428384706675	37.499807	139.923522	6	0.234	-0.366	9.650	6.903
1428384706776	37.499804	139.923528	6	0.066	-0.194	9.156	6.877
1428384706876	37.499801	139.923535	6	0.058	-0.195	9.396	6.852
1428384706977	37.499799	139.923541	6	0.193	-0.312	9.512	6.827
1428384707078	37.499796	139.923548	6	0.232	-0.260	9.223	6.802
1428384707178	37.499793	139.923554	6	0.317	-0.288	9.387	6.778
1428384707279	37.499790	139.923560	6	0.423	-0.364	9.877	6.753
1428384707375	37.499788	139.923567	6	0.373	-0.342	9.528	6.683
1428384707475	37.499786	139.923574	6	0.346	-0.184	9.141	6.605
1428384707576	37.499784	139.923581	6	0.367	-0.199	9.371	6.526
1428384707677	37.499782	139.923588	6	0.300	-0.202	9.239	6.449
1428384707778	37.499780	139.923595	6	0.280	-0.206	9.367	6.373
1428384707878	37.499779	139.923602	6	0.307	-0.215	9.603	6.298
1428384707979	37.499777	139.923609	6	0.156	-0.206	9.450	6.224
1428384708075	37.499775	139.923615	6	0.103	-0.249	9.203	6.154
1428384708175	37.499773	139.923622	6	0.060	-0.247	9.389	6.082
1428384708276	37.499771	139.923628	6	0.132	-0.208	9.317	6.010
1428384708377	37.499770	139.923634	6	0.138	-0.297	9.419	5.955
1428384708477	37.499769	139.923640	6	0.130	-0.231	9.413	5.903
1428384708578	37.499768	139.923646	6	0.185	-0.158	9.340	5.852
1428384708679	37.499767	139.923651	6	0.210	-0.178	9.270	5.800
1428384708775	37.499767	139.923657	6	0.163	-0.255	9.380	5.752
1428384708875	37.499766	139.923662	6	0.154	-0.256	9.541	5.702
1428384708976	37.499765	139.923668	6	0.199	-0.264	9.549	5.652
1428384709077	37.499764	139.923673	6	0.185	-0.219	9.429	5.603
1428384709177	37.499763	139.923679	6	0.179	-0.213	9.286	5.554
1428384709278	37.499762	139.923684	6	0.229	-0.235	9.332	5.506
1428384709379	37.499761	139.923689	6	0.266	-0.235	9.441	5.477
1428384709480	37.499760	139.923694	6	0.339	-0.165	9.406	5.452
1428384709575	37.499759	139.923698	6	0.339	-0.142	9.381	5.428
1428384709676	37.499758	139.923703	6	0.290	-0.197	9.501	5.402
1428384709777	37.499757	139.923708	6	0.205	-0.240	9.444	5.377
1428384709877	37.499756	139.923712	6	0.152	-0.381	9.517	5.352
1428384709978	37.499755	139.923717	6	0.172	-0.470	9.448	5.327
1428384710079	37.499754	139.923721	6	0.152	-0.412	9.273	5.302
1428384710179	37.499753	139.923726	6	0.204	-0.473	9.381	5.277
1428384710275	37.499752	139.923730	6	0.230	-0.479	9.345	5.254
1428384710376	37.499751	139.923735	6	0.430	-0.518	9.560	5.205
1428384710477	37.499750	139.923740	6	0.406	-0.581	9.551	5.153
1428384710577	37.499748	139.923745	6	0.268	-0.532	9.348	5.101
1428384710678	37.499747	139.923750	6	0.219	-0.477	9.319	5.050
1428384710779	37.499746	139.923755	6	0.181	-0.526	9.428	4.999
1428384710879	37.499745	139.923759	6	0.185	-0.604	9.550	4.949
1428384710975	37.499744	139.923764	6	0.078	-0.481	9.225	4.902
1428384711076	37.499742	139.923768	6	0.054	-0.460	9.221	4.853
1428384711176	37.499741	139.923773	6	0.173	-0.552	9.516	4.804
1428384711277	37.499740	139.923777	6	0.335	-0.550	9.487	4.756
1428384711378	37.499738	139.923782	6	0.366	-0.619	9.453	4.679
1428384711479	37.499736	139.923787	6	0.326	-0.681	9.479	4.598
1428384711579	37.499733	139.923791	6	0.225	-0.636	9.276	4.520
1428384711675	37.499731	139.923796	6	0.161	-0.604	9.299	4.446
1428384711776	37.499729	139.923800	6	0.115	-0.672	9.498	4.369
1428384711876	37.499727	139.923805	6	0.058	-0.712	9.399	4.295
1428384711977	37.499724	139.923809	6	0.007	-0.699	9.343	4.221
1428384712078	37.499722	139.923813	6	0.030	-0.688	9.359	4.148
1428384712179	37.499720	139.923817	6	0.111	-0.715	9.400	4.077
1428384712279	37.499718	139.923822	6	0.199	-0.746	9.423	4.008
1428384712375	37.499717	139.923825	6	0.275	-0.763	9.521	3.955
1428384712476	37.499715	139.923829	6	0.299	-0.745	9.434	3.902
1428384712576	37.499714	139.923833	6	0.230	-0.763	9.343	3.850
1428384712677	37.499713	139.923836	6	0.133	-0.757	9.303	3.799
1428384712778	37.499711	139.923840	6	0.093	-0.767	9.443	3.748
1428384712878	37.499710	139.923844	6	0.091	-0.725	9.418	3.698
1428384712979	37.499709	139.923847	6	0.067	-0.738	9.291	3.648
1428384713075	37.499708	139.923851	6	0.064	-0.731	9.335	3.602
1428384713176	37.499706	139.923854	6	0.103	-0.739	9.421	3.554
1428384713276	37.499705	139.923858	6	0.104	-0.650	9.209	3.507
1428384713377	37.499704	139.923861	5	0.002	-0.719	9.398	3.400
1428384713478	37.499703	139.923864	5	0.154	-0.789	9.666	3.287
1428384713578	37.499702	139.923867	5	0.323	-0.773	9.504	3.178
1428384713679	37.499702	139.923870	5	0.191	-0.774	9.389	3.071
1428384713775	37.499701	139.923873	5	0.172	-0.791	9.433	2.973
1428384713875	37.499700	139.923876	5	0.305	-0.755	9.401	2.875
1428384713976	37.499699	139.923878	5	0.302	-0.685	9.297	2.778
1428384714077	37.499698	139.923881	5	0.237	-0.719	9.445	2.685
1428384714178	37.499698	139.923883	5	0.215	-0.723	9.498	2.595
1428384714278	37.499697	139.923886	5	0.191	-0.677	9.370	2.510
1428384714379	37.499696	139.923888	4	0.197	-0.642	9.332	2.391
1428384714475	37.499695	139.923889	4	0.215	-0.583	9.299	2.277
1428384714575	37.499695	139.923891	4	0.302	-0.610	9.444	2.164
1428384714676	37.499694	139.923893	4	0.314	-0.678	9.672	2.055
1428384714777	37.499693	139.923894	4	0.167	-0.605	9.433	1.951
1428384714878	37.499692	139.923896	4	0.131	-0.511	9.268	1.851
1428384714978	37.499692	139.923897	4	0.186	-0.435	9.329	1.758
1428384715079	37.499691	139.923898	4	0.211	-0.397	9.386	1.669
1428384715175	37.499691	139.923900	4	0.169	-0.357	9.405	1.590
1428384715275	37.499690	139.923901	4	0.140	-0.271	9.375	1.511
1428384715376	37.499689	139.923901	5	0.161	-0.205	9.355	1.449
1428384715477	37.499689	139.923901	5	0.151	-0.117	9.378	1.391
1428384715577	37.499688	139.923902	5	0.063	-0.164	9.396	1.336
1428384715678	37.499688	139.923902	5	-0.012	-0.150	9.412	1.282
1428384715779	37.499687	139.923902	5	0.009	-0.180	9.378	1.231
1428384715875	37.499687	139.923902	5	0.119	-0.202	9.371	1.183
1428384715975	37.499686	139.923902	5	0.198	-0.209	9.424	1.136
1428384716076	37.499686	139.923903	5	0.221	-0.203	9.461	1.090
1428384716177	37.499685	139.923903	5	0.221	-0.195	9.392	1.046
1428384716277	37.499685	139.923903	5	0.213	-0.197	9.387	1.005
1428384716378	37.499685	139.923904	5	0.156	-0.186	9.396	0.975
1428384716479	37.499684	139.923904	5	0.085	-0.181	9.409	0.947
1428384716579	37.499684	139.923905	5	0.083	-0.179	9.395	0.920
1428384716675	37.499683	139.923906	5	0.180	-0.163	9.420	0.895
1428384716776	37.499683	139.923907	5	0.283	-0.142	9.439	0.870
1428384716877	37.499683	139.923907	5	0.286	-0.113	9.423	0.845
1428384716977	37.499682	139.923908	5	0.248	-0.092	9.434	0.821
1428384717078	37.499682	139.923909	5	0.236	-0.074	9.429	0.797
1428384717179	37.499681	139.923909	5	0.242	-0.029	9.405	0.774
1428384717279	37.499681	139.923910	5	0.215	0.015	9.410	0.752
1428384717375	37.499681	139.923910	4	0.161	0.046	9.390	0.725
1428384717476	37.499681	139.923910	4	0.145	0.054	9.403	0.696
1428384717577	37.499680	139.923911	4	0.178	0.065	9.415	0.668
1428384717677	37.499680	139.923911	4	0.212	0.082	9.404	0.641
1428384717778	37.499680	139.923911	4	0.210	0.085	9.397	0.616
1428384717879	37.499680	139.923911	4	0.204	0.070	9.415	0.591
1428384717979	37.499680	139.923911	4	0.236	0.054	9.419	0.567
1428384718075	37.499679	139.923912	4	0.269	0.053	9.438	0.545
1428384718176	37.499679	139.923912	4	0.261	0.044	9.421	0.523
1428384718276	37.499679	139.923912	4	0.223	0.025	9.420	0.503
1428384718377	37.499679	139.923912	4	0.205	0.022	9.418	0.417
1428384718478	37.499678	139.923912	4	0.216	0.030	9.406	0.330
1428384718579	37.499678	139.923912	4	0.219	0.032	9.412	0.253
1428384718679	37.499678	139.923913	4	0.195	0.036	9.420	0.187
1428384718775	37.499678	139.923913	4	0.185	0.040	9.418	0.133
1428384718876	37.499677	139.923913	4	0.197	0.044	9.410	0.086
1428384718976	37.499677	139.923913	4	0.208	0.061	9.415	0.049
1428384719077	37.499677	139.923913	4	0.200	0.068	9.415	0.023
1428384719178	37.499677	139.923913	4	0.186	0.075	9.413	0.006
1428384754375	37.499658	139.923912	9	0.200	1.083	9.395	0.005
1428384754476	37.499658	139.923912	9	0.205	1.145	9.388	0.026
1428384754577	37.499658	139.923912	9	0.236	1.192	9.357	0.062
1428384754677	37.499658	139.923913	9	0.260	1.201	9.384	0.112
1428384754778	37.499658	139.923913	9	0.242	1.204	9.434	0.179
1428384754879	37.499658	139.923914	9	0.198	1.241	9.397	0.260
1428384754980	37.499658	139.923914	9	0.158	1.182	9.356	0.357
1428384755075	37.499657	139.923915	9	0.213	1.188	9.440	0.462
1428384755176	37.499657	139.923916	9	0.205	1.151	9.441	0.589
1428384755277	37.499657	139.923917	9	0.095	1.118	9.368	0.731
1428384755377	37.499656	139.923918	10	0.037	1.158	9.351	0.784
1428384755478	37.499655	139.923919	10	0.092	1.203	9.331	0.825
1428384755579	37.499654	139.923921	10	0.176	1.232	9.360	0.869
1428384755679	37.499653	139.923922	10	0.163	1.256	9.373	0.915
1428384755775	37.499652	139.923923	10	0.104	1.232	9.400	0.961
1428384755876	37.499651	139.923925	10	0.104	1.232	9.519	1.013
1428384755977	37.499649	139.923926	10	0.116	1.251	9.392	1.067
1428384756077	37.499648	139.923928	10	0.121	1.270	9.315	1.123
1428384760171	37.499613	139.924060	11	0.105	1.283	9.339	3.827
1428384760176	37.499612	139.924060	11	0.104	1.279	9.330	3.834
1428384760277	37.499611	139.924066	11	0.103	0.833	9.068	3.981
1428384760377	37.499610	139.924071	11	0.259	0.408	9.177	4.041
1428384760478	37.499609	139.924077	11	0.292	-0.117	9.398	4.090
1428384760579	37.499607	139.924082	11	0.199	-0.378	9.632	4.138
1428384760675	37.499606	139.924087	11	0.193	-0.377	9.665	4.186
1428384760775	37.499605	139.924092	11	0.214	-0.315	9.366	4.235
1428384760876	37.499604	139.924098	11	0.243	-0.296	9.344	4.286
1428384760977	37.499602	139.924103	11	0.196	-0.288	9.354	4.337
1428384761077	37.499601	139.924109	11	0.151	-0.298	9.117	4.389
1428384761178	37.499600	139.924115	11	0.089	-0.386	9.298	4.441
1428384761279	37.499598	139.924120	11	0.175	-0.354	9.519	4.494
1428384761380	37.499597	139.924125	10	0.272	-0.285	9.530	4.477
1428384761475	37.499596	139.924130	10	0.316	-0.311	9.415	4.453
1428384761576	37.499595	139.924135	10	0.285	-0.295	9.210	4.427
1428384761677	37.499594	139.924140	10	0.355	-0.380	9.419	4.402
1428384761777	37.499593	139.924145	10	0.303	-0.518	9.745	4.376
1428384761878	37.499591	139.924150	10	0.136	-0.418	9.328	4.351
1428384761979	37.499590	139.924154	10	0.104	-0.338	9.081	4.326
1428384762079	37.499589	139.924159	10	0.108	-0.348	9.446	4.302
1428384762175	37.499588	139.924164	10	0.079	-0.411	9.597	4.278
1428384762276	37.499587	139.924168	10	0.162	-0.338	9.353	4.253
1428384762376	37.499585	139.924173	10	0.319	-0.253	9.215	4.228
1428384762477	37.499584	139.924177	10	0.442	-0.282	9.341	4.202
1428384762578	37.499582	139.924181	10	0.486	-0.386	9.535	4.176
1428384762679	37.499580	139.924185	10	0.437	-0.473	9.812	4.151
1428384762779	37.499578	139.924189	10	0.286	-0.407	9.561	4.126
1428384762875	37.499576	139.924193	10	0.123	-0.357	9.211	4.102
1428384762976	37.499575	139.924197	10	0.044	-0.398	9.306	4.077
1428384763076	37.499573	139.924201	10	0.078	-0.365	9.543	4.052
1428384763177	37.499571	139.924205	10	0.170	-0.327	9.491	4.027
1428384763278	37.499569	139.924209	10	0.194	-0.308	9.249	4.003
1428384763378	37.499568	139.924212	10	0.240	-0.334	9.305	3.977
1428384763479	37.499566	139.924216	10	0.324	-0.334	9.464	3.952
1428384763575	37.499565	139.924220	10	0.338	-0.295	9.518	3.927
1428384763676	37.499563	139.924224	10	0.248	-0.250	9.474	3.902
1428384763776	37.499562	139.924228	10	0.146	-0.113	9.140	3.876
1428384763877	37.499560	139.924232	10	0.092	-0.195	9.342	3.851
1428384763978	37.499559	139.924235	10	-0.013	-0.362	9.618	3.826
1428384764078	37.499557	139.924239	10	-0.005	-0.403	9.635	3.802
1428384764179	37.499556	139.924243	10	-0.029	-0.159	9.032	3.777
1428384764275	37.499554	139.924246	10	0.064	-0.100	9.095	3.754
1428384764376	37.499553	139.924250	10	0.296	-0.232	9.518	3.652
1428384764476	37.499552	139.924252	10	0.490	-0.387	9.811	3.541
1428384764577	37.499550	139.924255	10	0.314	-0.229	9.381	3.432
1428384764678	37.499549	139.924258	10	0.293	-0.046	9.230	3.325
1428384764778	37.499548	139.924261	10	0.262	0.039	9.135	3.224
1428384764879	37.499547	139.924263	10	0.205	-0.073	9.439	3.124
1428384764975	37.499546	139.924266	10	0.120	-0.158	9.636	3.032
1428384765075	37.499545	139.924268	10	0.196	-0.222	9.665	2.939
1428384765176	37.499544	139.924270	10	0.209	-0.065	9.361	2.848
1428384765277	37.499543	139.924273	10	0.221	0.081	9.185	2.761
1428384765378	37.499542	139.924275	10	0.286	0.026	9.439	2.750
1428384765478	37.499542	139.924278	10	0.309	-0.067	9.526	2.750
1428384765579	37.499541	139.924281	10	0.222	-0.029	9.303	2.750
1428384765675	37.499541	139.924283	10	0.145	0.108	9.169	2.750
1428384765775	37.499540	139.924286	10	0.193	0.154	9.354	2.750
1428384765876	37.499539	139.924289	10	0.332	0.121	9.562	2.750
1428384765977	37.499539	139.924292	10	0.342	0.065	9.391	2.750
1428384766077	37.499538	139.924294	10	0.195	0.013	9.303	2.750
1428384766178	37.499538	139.924297	10	0.131	0.016	9.559	2.750
1428384766279	37.499537	139.924300	10	0.207	0.140	9.362	2.750
1428384766375	37.499536	139.924302	10	0.243	0.239	9.235	2.728
1428384766475	37.499536	139.924305	10	0.216	0.217	9.405	2.702
1428384766576	37.499535	139.924307	10	0.245	0.098	9.585	2.676
1428384766677	37.499535	139.924310	10	0.375	0.071	9.382	2.650
1428384766777	37.499534	139.924312	10	0.404	0.081	9.294	2.625
1428384766878	37.499533	139.924315	10	0.308	0.123	9.333	2.600
1428384766979	37.499533	139.924317	10	0.191	0.215	9.324	2.575
1428384767079	37.499532	139.924320	10	0.150	0.181	9.407	2.551
1428384767175	37.499532	139.924322	10	0.088	0.102	9.448	2.528
1428384767276	37.499531	139.924325	10	0.049	0.084	9.415	2.503
1428384767377	37.499530	139.924327	10	0.127	0.246	9.173	2.500
1428384767477	37.499530	139.924330	10	0.277	0.318	9.133	2.500
1428384767578	37.499529	139.924332	10	0.210	0.115	9.672	2.500
1428384767679	37.499528	139.924335	10	0.170	-0.005	9.762	2.500
1428384767779	37.499528	139.924338	10	0.249	0.117	9.449	2.500
1428384767875	37.499527	139.924340	10	0.305	0.171	9.304	2.500
1428384767976	37.499526	139.924343	10	0.284	0.107	9.295	2.500
1428384768077	37.499525	139.924345	10	0.233	0.064	9.375	2.500
1428384768177	37.499525	139.924348	10	0.206	0.010	9.490	2.500
1428384768278	37.499524	139.924351	10	0.191	-0.003	9.431	2.500
1428384768379	37.499524	139.924353	10	0.167	0.007	9.356	2.500
1428384768479	37.499523	139.924356	10	0.128	-0.002	9.421	2.500
1428384768575	37.499523	139.924358	10	0.120	0.023	9.373	2.500
1428384768676	37.499522	139.924361	10	0.173	0.028	9.371	2.500
1428384768776	37.499522	139.924364	10	0.267	0.075	9.414	2.500
1428384768877	37.499521	139.924366	10	0.287	0.076	9.427	2.500
1428384768978	37.499521	139.924369	10	0.202	0.038	9.376	2.500
1428384769079	37.499520	139.924372	10	0.099	0.017	9.380	2.500
1428384769179	37.499520	139.924374	10	0.084	0.009	9.358	2.500
1428384769275	37.499519	139.924377	10	0.134	0.067	9.441	2.500
1428384769376	37.499518	139.924379	10	0.130	0.104	9.392	2.477
1428384769476	37.499518	139.924381	10	0.128	0.057	9.322	2.452
1428384769577	37.499517	139.924384	10	0.186	-0.022	9.392	2.426
1428384769678	37.499517	139.924386	10	0.300	-0.042	9.442	2.400
1428384769779	37.499516	139.924389	10	0.353	-0.060	9.406	2.374
1428384769879	37.499515	139.924391	10	0.317	-0.103	9.363	2.350
1428384769975	37.499515	139.924393	10	0.265	-0.143	9.371	2.326
1428384770076	37.499514	139.924395	10	0.221	-0.197	9.424	2.301
1428384770176	37.499514	139.924397	10	0.188	-0.221	9.403	2.277
1428384770277	37.499513	139.924400	10	0.150	-0.242	9.350	2.253
1428384770378	37.499512	139.924402	10	0.145	-0.230	9.360	2.250
1428384770478	37.499511	139.924404	10	0.161	-0.231	9.418	2.250
1428384770579	37.499510	139.924406	10	0.199	-0.238	9.398	2.250
1428384770675	37.499510	139.924408	10	0.222	-0.233	9.372	2.250
1428384770775	37.499509	139.924410	10	0.247	-0.221	9.378	2.250
1428384770876	37.499508	139.924412	10	0.281	-0.221	9.405	2.250
1428384770977	37.499507	139.924414	10	0.265	-0.208	9.457	2.250
1428384771078	37.499506	139.924416	10	0.197	-0.137	9.444	2.250
1428384771178	37.499505	139.924418	10	0.119	-0.058	9.364	2.250
1428384771279	37.499504	139.924420	10	0.083	-0.009	9.342	2.250
1428384771375	37.499503	139.924421	10	0.070	0.002	9.371	2.143
1428384771475	37.499503	139.924422	10	0.085	0.010	9.404	2.022
1428384771576	37.499502	139.924423	10	0.154	0.023	9.372	1.906
1428384771677	37.499502	139.924425	10	0.210	0.019	9.389	1.795
1428384771778	37.499501	139.924426	10	0.232	-0.013	9.439	1.691
1428384771878	37.499501	139.924427	10	0.220	-0.020	9.442	1.593
1428384771979	37.499500	139.924428	10	0.181	0.000	9.405	1.500
1428384772075	37.499500	139.924428	10	0.169	0.019	9.398	1.417
1428384772175	37.499499	139.924429	10	0.156	0.013	9.403	1.336
1428384772276	37.499499	139.924430	10	0.147	0.009	9.397	1.260
1428384772377	37.499499	139.924431	10	0.161	0.032	9.347	1.250
1428384772477	37.499498	139.924432	10	0.198	0.034	9.376	1.250
1428384772578	37.499498	139.924433	10	0.213	0.032	9.441	1.250
1428384772679	37.499497	139.924434	10	0.199	0.014	9.415	1.250
1428384772775	37.499497	139.924435	10	0.211	0.021	9.393	1.250
1428384772875	37.499497	139.924436	10	0.237	0.022	9.422	1.250
1428384772976	37.499496	139.924437	10	0.257	0.015	9.395	1.250
1428384773077	37.499496	139.924438	10	0.235	0.013	9.402	1.250
1428384773177	37.499495	139.924439	10	0.193	0.008	9.395	1.250
1428384773278	37.499495	139.924440	10	0.180	0.003	9.383	1.250
1428384773379	37.499495	139.924441	10	0.181	-0.009	9.389	1.225
1428384773475	37.499494	139.924441	10	0.189	-0.051	9.354	1.200
1428384773576	37.499494	139.924442	10	0.180	-0.120	9.369	1.173
1428384773676	37.499494	139.924443	10	0.182	-0.199	9.414	1.147
1428384773777	37.499493	139.924444	10	0.207	-0.264	9.418	1.121
1428384773877	37.499493	139.924444	10	0.235	-0.285	9.402	1.097
1428384773978	37.499493	139.924445	10	0.229	-0.311	9.420	1.072
1428384774079	37.499493	139.924446	10	0.173	-0.346	9.417	1.048
1428384774179	37.499492	139.924446	10	0.168	-0.361	9.411	1.025
1428384774275	37.499492	139.924447	10	0.196	-0.351	9.405	1.003
1428384774376	37.499492	139.924448	10	0.204	-0.344	9.393	0.976
1428384774476	37.499492	139.924448	10	0.192	-0.333	9.399	0.948
1428384774577	37.499492	139.924449	10	0.174	-0.305	9.449	0.921
1428384774678	37.499492	139.924450	10	0.174	-0.242	9.431	0.895
1428384774779	37.499491	139.924450	10	0.171	-0.164	9.405	0.869
1428384774879	37.499491	139.924451	10	0.167	-0.102	9.397	0.844
1428384774975	37.499491	139.924451	10	0.163	-0.055	9.392	0.821
1428384775076	37.499491	139.924452	10	0.172	-0.019	9.414	0.797
1428384775176	37.499491	139.924452	10	0.187	-0.003	9.411	0.775
1428384775277	37.499491	139.924453	10	0.187	0.005	9.410	0.753
1428384775378	37.499491	139.924452	10	0.178	0.007	9.391	0.624
1428384775479	37.499492	139.924451	10	0.162	0.015	9.390	0.493
1428384775579	37.499492	139.924450	10	0.161	0.080	9.415	0.379
1428384775675	37.499492	139.924449	10	0.170	0.174	9.398	0.284
1428384775776	37.499492	139.924448	10	0.182	0.261	9.375	0.198
1428384775876	37.499493	139.924447	10	0.187	0.296	9.377	0.129
1428384775977	37.499493	139.924447	10	0.196	0.274	9.384	0.073
1428384776078	37.499493	139.924446	10	0.192	0.223	9.384	0.034
1428384776178	37.499493	139.924446	10	0.182	0.192	9.413	0.009
1428384786174	37.499456	139.924510	11	0.144	1.377	9.400	2.981
1428384786179	37.499456	139.924510	11	0.147	1.371	9.403	2.992
1428384786279	37.499454	139.924515	11	0.298	0.817	9.272	3.224
1428384786375	37.499453	139.924520	11	0.366	0.389	9.200	3.271
1428384786476	37.499452	139.924524	11	0.406	0.173	9.334	3.295
1428384786577	37.499451	139.924528	11	0.429	0.114	9.461	3.320
1428384786677	37.499449	139.924532	11	0.370	0.078	9.382	3.345
1428384786778	37.499448	139.924537	11	0.322	0.034	9.340	3.370
1428384786879	37.499447	139.924541	11	0.243	-0.016	9.326	3.395
1428384786979	37.499446	139.924545	11	0.243	-0.006	9.266	3.420
1428384787075	37.499445	139.924549	11	0.263	-0.024	9.347	3.445
1428384787176	37.499443	139.924554	11	0.307	-0.037	9.592	3.471
1428384787277	37.499442	139.924558	11	0.302	-0.005	9.423	3.497
1428384787377	37.499441	139.924563	11	0.270	0.038	9.202	3.500
1428384787478	37.499440	139.924568	11	0.278	0.022	9.344	3.500
1428384787579	37.499439	139.924572	11	0.274	-0.002	9.378	3.500
1428384787679	37.499438	139.924577	11	0.359	-0.015	9.476	3.500
1428384787775	37.499437	139.924581	11	0.353	-0.013	9.461	3.500
1428384787876	37.499436	139.924586	11	0.352	0.008	9.401	3.500
1428384787976	37.499434	139.924591	11	0.324	0.019	9.362	3.500
1428384788077	37.499433	139.924595	11	0.327	0.031	9.367	3.500
1428384788178	37.499432	139.924600	11	0.208	0.042	9.387	3.500
1428384788279	37.499431	139.924604	11	0.093	0.053	9.346	3.500
1428384788379	37.499430	139.924609	11	0.094	0.003	9.371	3.477
1428384788475	37.499429	139.924613	11	0.143	-0.005	9.339	3.452
1428384788576	37.499428	139.924618	11	0.216	0.026	9.311	3.427
1428384788676	37.499427	139.924622	11	0.325	0.055	9.415	3.401
1428384788777	37.499426	139.924626	11	0.345	0.039	9.456	3.376
1428384788878	37.499425	139.924631	11	0.371	0.003	9.406	3.351
1428384788978	37.499424	139.924635	11	0.392	-0.077	9.410	3.326
1428384789079	37.499423	139.924639	11	0.313	-0.129	9.319	3.301
1428384789175	37.499422	139.924643	11	0.267	-0.166	9.477	3.278
1428384789276	37.499421	139.924647	11	0.233	-0.165	9.471	3.253
1428384789376	37.499420	139.924651	11	0.252	-0.136	9.352	3.250
1428384789477	37.499419	139.924655	11	0.259	-0.170	9.387	3.250
1428384789578	37.499418	139.924660	11	0.199	-0.156	9.378	3.250
1428384789678	37.499417	139.924664	11	0.170	-0.114	9.345	3.250
1428384789779	37.499416	139.924668	11	0.174	-0.073	9.304	3.250
1428384789875	37.499415	139.924671	11	0.244	-0.077	9.394	3.250
1428384789975	37.499414	139.924675	11	0.312	-0.097	9.474	3.250
1428384790076	37.499413	139.924679	11	0.299	-0.088	9.411	3.250
1428384790177	37.499412	139.924683	11	0.316	-0.054	9.405	3.250
1428384790278	37.499411	139.924688	11	0.351	-0.035	9.401	3.250
1428384790378	37.499410	139.924691	10	0.343	-0.034	9.436	3.227
1428384790479	37.499409	139.924695	10	0.230	0.003	9.385	3.201
1428384790575	37.499408	139.924699	10	0.165	0.020	9.348	3.177
1428384790675	37.499407	139.924702	10	0.136	0.008	9.320	3.151
1428384790776	37.499407	139.924706	10	0.177	0.012	9.371	3.126
1428384790877	37.499406	139.924709	10	0.202	0.040	9.446	3.101
1428384790977	37.499405	139.924713	10	0.173	0.040	9.422	3.076
1428384791078	37.499404	139.924717	10	0.159	0.028	9.364	3.051
1428384791179	37.499403	139.924720	10	0.254	0.076	9.227	3.027
1428384791275	37.499402	139.924723	10	0.312	0.078	9.353	3.004
1428384791375	37.499401	139.924726	10	0.265	0.054	9.506	2.928
1428384791476	37.499401	139.924729	10	0.210	0.048	9.365	2.844
1428384791577	37.499400	139.924732	10	0.201	-0.013	9.409	2.763
1428384791677	37.499399	139.924735	10	0.269	-0.067	9.553	2.684
1428384791778	37.499399	139.924738	10	0.243	-0.072	9.338	2.607
1428384791879	37.499398	139.924740	10	0.215	-0.109	9.290	2.532
1428384791975	37.499398	139.924743	10	0.204	-0.171	9.376	2.463
1428384792075	37.499397	139.924745	10	0.186	-0.205	9.422	2.393
1428384792176	37.499397	139.924747	10	0.114	-0.218	9.382	2.325
1428384792277	37.499396	139.924750	10	0.090	-0.253	9.383	2.258
1428384792377	37.499396	139.924752	10	0.059	-0.289	9.429	2.202
1428384792478	37.499395	139.924755	10	0.078	-0.292	9.376	2.146
1428384792579	37.499395	139.924757	10	0.219	-0.325	9.404	2.093
1428384792679	37.499395	139.924759	10	0.254	-0.362	9.466	2.041
1428384792775	37.499394	139.924761	10	0.166	-0.374	9.403	1.992
1428384792876	37.499394	139.924764	10	0.151	-0.360	9.321	1.942
1428384792977	37.499394	139.924766	10	0.231	-0.323	9.373	1.893
1428384793077	37.499394	139.924768	10	0.273	-0.318	9.444	1.846
1428384793178	37.499393	139.924770	10	0.213	-0.351	9.442	1.800
1428384793279	37.499393	139.924772	10	0.180	-0.362	9.410	1.755
1428384793379	37.499393	139.924774	10	0.201	-0.325	9.374	1.726
1428384793475	37.499393	139.924775	10	0.177	-0.303	9.368	1.701
1428384793576	37.499393	139.924777	10	0.128	-0.349	9.394	1.675
1428384793676	37.499393	139.924779	10	0.160	-0.403	9.450	1.649
1428384793777	37.499393	139.924781	10	0.218	-0.382	9.380	1.623
1428384793878	37.499393	139.924782	10	0.234	-0.366	9.367	1.598
1428384793979	37.499393	139.924784	10	0.201	-0.383	9.447	1.574
1428384794079	37.499393	139.924786	10	0.137	-0.384	9.381	1.550
1428384794175	37.499393	139.924787	10	0.090	-0.355	9.353	1.527
1428384794276	37.499393	139.924789	10	0.111	-0.304	9.383	1.503
1428384794376	37.499393	139.924790	10	0.134	-0.257	9.393	1.449
1428384794477	37.499393	139.924791	10	0.142	-0.227	9.384	1.391
1428384794578	37.499393	139.924793	10	0.144	-0.169	9.413	1.335
1428384794679	37.499393	139.924794	10	0.184	-0.101	9.430	1.282
1428384794779	37.499393	139.924795	10	0.198	-0.052	9.397	1.231
1428384794875	37.499393	139.924796	10	0.165	-0.036	9.380	1.183
1428384794976	37.499393	139.924797	10	0.117	-0.022	9.373	1.135
1428384795076	37.499393	139.924798	10	0.106	-0.006	9.384	1.090
1428384795177	37.499393	139.924799	10	0.146	-0.004	9.397	1.046
1428384795278	37.499393	139.924800	10	0.185	-0.029	9.426	1.005
1428384795379	37.499393	139.924801	10	0.174	-0.020	9.390	0.942
1428384795479	37.499393	139.924801	10	0.148	-0.015	9.386	0.880
1428384795575	37.499393	139.924802	10	0.146	-0.023	9.388	0.824
1428384795676	37.499393	139.924802	10	0.153	-0.023	9.386	0.767
1428384795776	37.499393	139.924803	10	0.167	0.001	9.395	0.715
1428384795877	37.499393	139.924803	10	0.156	0.008	9.386	0.666
1428384795978	37.499393	139.924804	10	0.134	0.015	9.399	0.620
1428384796078	37.499393	139.924804	10	0.138	0.036	9.385	0.578
1428384796179	37.499393	139.924805	10	0.152	0.044	9.393	0.539
1428384796275	37.499393	139.924805	10	0.151	0.039	9.410	0.505
1428384796375	37.499393	139.924805	10	0.143	0.015	9.407	0.500
1428384796476	37.499393	139.924806	10	0.154	-0.006	9.405	0.500
1428384796577	37.499393	139.924806	10	0.148	-0.021	9.403	0.500
1428384796678	37.499393	139.924807	10	0.131	-0.032	9.398	0.500
1428384796778	37.499393	139.924807	10	0.127	-0.031	9.406	0.500
1428384796879	37.499392	139.924808	10	0.126	-0.024	9.387	0.500
1428384796975	37.499392	139.924808	10	0.111	-0.020	9.383	0.500
1428384797075	37.499392	139.924809	10	0.100	-0.010	9.386	0.500
1428384797176	37.499392	139.924809	10	0.114	0.009	9.374	0.500
1428384797277	37.499392	139.924810	10	0.131	0.029	9.370	0.500
1428384797377	37.499393	139.924810	10	0.140	0.029	9.388	0.417
1428384797478	37.499394	139.924811	10	0.134	0.029	9.396	0.330
1428384797579	37.499395	139.924811	10	0.133	0.037	9.404	0.253
1428384797675	37.499396	139.924811	10	0.129	0.042	9.404	0.189
1428384797775	37.499396	139.924811	10	0.126	0.048	9.401	0.133
1428384797876	37.499397	139.924812	10	0.129	0.084	9.406	0.086
1428384797977	37.499397	139.924812	10	0.139	0.139	9.403	0.049
1428384798077	37.499398	139.924812	10	0.154	0.211	9.422	0.023
1428384798178	37.499398	139.924812	10	0.156	0.293	9.399	0.006
1428384842379	37.499402	139.924805	10	0.152	0.757	9.396	0.002
1428384842475	37.499402	139.924805	10	0.158	0.825	9.388	0.009
1428384842575	37.499402	139.924805	10	0.149	0.885	9.386	0.020
1428384842676	37.499402	139.924805	10	0.161	0.931	9.396	0.037
1428384842777	37.499402	139.924805	10	0.170	0.972	9.391	0.059
1428384842877	37.499402	139.924805	10	0.154	1.019	9.374	0.086
1428384842978	37.499402	139.924805	10	0.166	1.039	9.389	0.118
1428384843079	37.499401	139.924806	10	0.161	1.052	9.424	0.156
1428384843180	37.499401	139.924806	10	0.142	1.086	9.411	0.198
1428384843275	37.499401	139.924806	10	0.161	1.124	9.382	0.243
1428384843376	37.499401	139.924806	10	0.196	1.133	9.397	0.265
1428384843477	37.499401	139.924807	10	0.190	1.161	9.418	0.284
1428384843577	37.499401	139.924808	10	0.151	1.207	9.384	0.305
1428384843678	37.499401	139.924808	10	0.144	1.236	9.395	0.327
1428384843779	37.499401	139.924809	10	0.142	1.268	9.391	0.351
1428384843879	37.499402	139.924810	10	0.139	1.277	9.361	0.377
1428384843975	37.499402	139.924811	10	0.168	1.282	9.405	0.403
1428384844076	37.499402	139.924812	10	0.181	1.314	9.389	0.432
1428384848170	37.499372	139.924971	12	0.184	1.375	9.374	4.904
1428384848175	37.499372	139.924971	12	0.187	1.367	9.368	4.908
1428384848275	37.499371	139.924978	12	0.274	0.624	9.573	4.988
1428384848376	37.499371	139.924986	16	0.189	0.336	8.846	4.978
1428384848477	37.499371	139.924994	16	0.258	0.025	9.006	4.952
1428384848578	37.499371	139.925003	16	0.334	-0.237	9.598	4.927
1428384848678	37.499371	139.925011	16	0.411	-0.390	9.867	4.901
1428384848779	37.499372	139.925019	16	0.340	-0.323	9.531	4.876
1428384848875	37.499372	139.925027	16	0.261	-0.222	9.159	4.852
1428384848975	37.499372	139.925035	16	0.220	-0.290	9.235	4.827
1428384849076	37.499372	139.925043	16	0.200	-0.360	9.500	4.802
1428384849177	37.499372	139.925051	16	0.136	-0.439	9.299	4.778
1428384849277	37.499372	139.925059	16	0.145	-0.387	9.166	4.753
1428384849378	37.499371	139.925064	16	0.197	-0.425	9.558	4.704
1428384849479	37.499369	139.925069	16	0.090	-0.425	9.462	4.651
1428384849579	37.499367	139.925074	16	0.087	-0.459	9.370	4.600
1428384849675	37.499366	139.925079	16	0.145	-0.599	9.372	4.551
1428384849776	37.499364	139.925083	16	0.158	-0.759	9.405	4.500
1428384849877	37.499363	139.925088	16	0.153	-0.779	9.380	4.450
1428384849977	37.499362	139.925093	16	0.157	-0.824	9.402	4.401
1428384850078	37.499360	139.925097	16	0.166	-0.778	9.243	4.351
1428384850179	37.499359	139.925102	16	0.092	-0.863	9.292	4.303
1428384850279	37.499357	139.925107	16	0.054	-1.025	9.617	4.255
1428384850375	37.499357	139.925110	12	0.172	-0.892	9.508	4.155
1428384850476	37.499357	139.925114	12	0.144	-0.907	9.318	4.044
1428384850577	37.499358	139.925118	12	0.017	-0.994	9.383	3.936
1428384850677	37.499358	139.925122	12	-0.028	-0.948	9.303	3.831
1428384850778	37.499358	139.925126	12	-0.091	-0.924	9.468	3.729
1428384850879	37.499358	139.925129	12	-0.173	-0.879	9.359	3.629
1428384850979	37.499358	139.925133	12	-0.166	-0.811	9.134	3.532
1428384851075	37.499359	139.925136	12	-0.041	-0.742	9.092	3.442
1428384851176	37.499359	139.925139	12	0.138	-0.799	9.403	3.351
1428384851276	37.499359	139.925143	12	0.195	-0.853	9.705	3.262
1428384851377	37.499360	139.925145	12	0.129	-0.784	9.484	3.084
1428384851478	37.499361	139.925147	12	0.050	-0.822	9.289	2.899
1428384851579	37.499361	139.925149	12	-0.059	-1.011	9.456	2.724
1428384851679	37.499362	139.925151	12	-0.274	-1.183	9.446	2.560
1428384851775	37.499363	139.925153	12	-0.312	-1.232	9.239	2.410
1428384851876	37.499364	139.925155	12	-0.240	-1.257	9.297	2.262
1428384851976	37.499364	139.925157	12	-0.179	-1.253	9.478	2.124
1428384852077	37.499365	139.925158	12	-0.123	-1.051	9.466	1.994
1428384852178	37.499365	139.925160	12	-0.085	-0.716	9.384	1.873
1428384852278	37.499366	139.925161	12	-0.009	-0.465	9.313	1.763
1428384852379	37.499367	139.925163	13	0.057	-0.317	9.321	1.629
1428384852475	37.499368	139.925166	13	0.079	-0.269	9.423	1.505
1428384852576	37.499369	139.925168	13	0.050	-0.239	9.451	1.382
1428384852676	37.499370	139.925171	13	-0.020	-0.194	9.392	1.269
1428384852777	37.499371	139.925173	13	-0.070	-0.084	9.401	1.163
1428384852878	37.499372	139.925175	13	-0.050	0.065	9.388	1.065
1428384852978	37.499373	139.925176	13	-0.025	0.165	9.380	0.976
1428384853079	37.499374	139.925178	13	-0.044	0.206	9.376	0.894
1428384853175	37.499374	139.925180	13	-0.087	0.209	9.378	0.824
1428384853275	37.499375	139.925181	13	-0.065	0.230	9.428	0.759
1428384853376	37.499375	139.925181	13	-0.035	0.288	9.402	0.750
1428384853477	37.499374	139.925180	13	-0.021	0.362	9.330	0.750
1428384853578	37.499374	139.925180	13	-0.026	0.366	9.393	0.750
1428384853678	37.499374	139.925180	13	-0.048	0.319	9.444	0.750
1428384853779	37.499374	139.925180	13	-0.123	0.274	9.405	0.750
1428384853875	37.499373	139.925179	13	-0.184	0.218	9.416	0.750
1428384853975	37.499373	139.925179	13	-0.124	0.127	9.520	0.750
1428384854076	37.499373	139.925179	13	-0.059	0.055	9.585	0.750
1428384854177	37.499372	139.925178	13	-0.172	0.024	9.434	0.750
1428384854278	37.499372	139.925178	13	-0.197	0.075	9.274	0.750
1428384854378	37.499372	139.925179	5	-0.113	0.148	9.278	0.769
1428384854479	37.499372	139.925181	5	-0.079	0.208	9.339	0.792
1428384854575	37.499371	139.925182	5	-0.143	0.230	9.265	0.814
1428384854675	37.499371	139.925183	5	-0.174	0.186	9.283	0.838
1428384854776	37.499371	139.925185	5	-0.158	0.149	9.391	0.863
1428384854877	37.499370	139.925186	5	-0.108	0.180	9.441	0.888
1428384854977	37.499370	139.925188	5	-0.127	0.209	9.344	0.914
1428384855078	37.499370	139.925189	5	-0.199	0.191	9.342	0.941
1428384855179	37.499369	139.925191	5	-0.222	0.137	9.457	0.969
1428384855275	37.499369	139.925193	5	-0.231	0.079	9.511	0.996
1428384855375	37.499370	139.925193	5	-0.258	0.073	9.384	1.019
1428384855476	37.499372	139.925194	5	-0.252	0.113	9.273	1.042
1428384855577	37.499373	139.925194	5	-0.175	0.134	9.389	1.066
1428384855677	37.499374	139.925195	5	-0.148	0.039	9.534	1.090
1428384855778	37.499376	139.925195	5	-0.220	-0.024	9.501	1.115
1428384855879	37.499377	139.925196	5	-0.232	0.020	9.307	1.141
1428384855975	37.499379	139.925196	5	-0.109	0.110	9.243	1.165
1428384856076	37.499381	139.925197	5	0.029	0.192	9.374	1.192
1428384856176	37.499382	139.925197	5	0.068	0.248	9.428	1.219
1428384856277	37.499384	139.925198	5	-0.025	0.265	9.370	1.246
1428384856377	37.499385	139.925198	5	-0.200	0.335	9.261	1.270
1428384856478	37.499386	139.925199	5	-0.310	0.423	9.284	1.294
1428384856579	37.499388	139.925199	5	-0.325	0.459	9.389	1.318
1428384856679	37.499389	139.925200	5	-0.346	0.426	9.426	1.342
1428384856775	37.499390	139.925200	5	-0.331	0.358	9.407	1.366
1428384856876	37.499392	139.925201	5	-0.248	0.372	9.395	1.391
1428384856977	37.499393	139.925201	5	-0.071	0.396	9.446	1.417
1428384857077	37.499395	139.925202	5	0.036	0.484	9.477	1.443
1428384857178	37.499396	139.925202	5	0.023	0.545	9.461	1.470
1428384857279	37.499398	139.925203	5	-0.078	0.546	9.327	1.497
1428384857379	37.499399	139.925203	5	-0.149	0.507	9.294	1.500
1428384857475	37.499401	139.925203	5	-0.089	0.537	9.375	1.500
1428384857576	37.499403	139.925204	5	0.141	0.705	9.373	1.500
1428384857676	37.499404	139.925204	5	0.318	0.835	9.308	1.500
1428384857777	37.499406	139.925204	5	0.291	0.900	9.297	1.500
1428384857878	37.499407	139.925204	5	0.141	0.817	9.442	1.500
1428384857979	37.499409	139.925204	5	-0.008	0.755	9.520	1.500
1428384858079	37.499411	139.925205	5	-0.167	0.682	9.555	1.500
1428384858175	37.499412	139.925205	5	-0.316	0.655	9.530	1.500
1428384858276	37.499414	139.925205	5	-0.348	0.734	9.216	1.500
1428384858376	37.499415	139.925206	5	-0.319	0.762	9.199	1.500
1428384858477	37.499416	139.925207	5	-0.328	0.689	9.390	1.500
1428384858578	37.499417	139.925208	5	-0.351	0.660	9.481	1.500
1428384858679	37.499419	139.925208	5	-0.225	0.769	9.143	1.500
1428384858779	37.499420	139.925209	5	-0.090	0.781	9.222	1.500
1428384858875	37.499421	139.925210	5	0.015	0.707	9.566	1.500
1428384858976	37.499422	139.925211	5	-0.036	0.668	9.453	1.500
1428384859076	37.499423	139.925212	5	-0.107	0.550	9.453	1.500
1428384859177	37.499425	139.925213	5	-0.205	0.388	9.599	1.500
1428384859279	37.499426	139.925214	5	-0.287	0.411	9.396	1.500
1428384859378	37.499428	139.925215	5	-0.353	0.551	9.217	1.538
1428384859479	37.499430	139.925216	5	-0.357	0.452	9.378	1.584
1428384859575	37.499431	139.925217	5	-0.409	0.451	9.635	1.628
1428384859676	37.499433	139.925218	5	-0.497	0.496	9.361	1.676
1428384859776	37.499435	139.925218	5	-0.395	0.454	9.311	1.725
1428384859877	37.499438	139.925220	5	-0.351	0.527	9.407	1.776
1428384859978	37.499440	139.925221	5	-0.350	0.538	9.368	1.829
1428384860078	37.499442	139.925222	5	-0.353	0.541	9.373	1.882
1428384860179	37.499444	139.925223	5	-0.276	0.453	9.453	1.937
1428384860275	37.499447	139.925224	5	-0.117	0.430	9.482	1.991
1428384860375	37.499449	139.925225	5	0.006	0.578	9.493	2.020
1428384860476	37.499451	139.925226	5	-0.121	0.646	9.445	2.044
1428384860577	37.499453	139.925228	5	-0.316	0.529	9.439	2.069
1428384860678	37.499455	139.925229	5	-0.406	0.452	9.387	2.094
1428384860778	37.499457	139.925231	5	-0.411	0.457	9.414	2.118
1428384860879	37.499460	139.925232	5	-0.354	0.498	9.333	2.144
1428384860975	37.499462	139.925233	5	-0.274	0.495	9.243	2.168
1428384861075	37.499464	139.925235	5	-0.142	0.457	9.346	2.194
1428384861176	37.499466	139.925236	5	-0.016	0.415	9.447	2.220
1428384861277	37.499469	139.925238	5	0.097	0.386	9.517	2.247
1428384861377	37.499471	139.925239	5	0.115	0.422	9.492	2.323
1428384861478	37.499474	139.925241	5	0.004	0.403	9.311	2.410
1428384861579	37.499477	139.925243	5	-0.013	0.366	9.349	2.502
1428384861675	37.499480	139.925244	5	-0.055	0.365	9.423	2.592
1428384861775	37.499483	139.925246	5	-0.147	0.352	9.388	2.690
1428384861876	37.499486	139.925248	5	-0.153	0.281	9.459	2.792
1428384861977	37.499490	139.925250	5	-0.134	0.267	9.312	2.898
1428384862077	37.499493	139.925252	5	-0.103	0.214	9.306	3.007
1428384862178	37.499497	139.925254	5	-0.116	0.162	9.430	3.120
1428384862279	37.499501	139.925256	5	-0.119	0.116	9.424	3.237
1428384862380	37.499504	139.925258	5	-0.111	0.120	9.422	3.250
1428384862475	37.499507	139.925259	5	-0.089	0.133	9.443	3.250
1428384862576	37.499510	139.925261	5	-0.106	0.139	9.329	3.250
1428384862677	37.499513	139.925263	5	-0.110	0.114	9.355	3.250
1428384862777	37.499517	139.925265	5	-0.109	0.106	9.453	3.250
1428384862878	37.499520	139.925267	5	-0.196	0.105	9.396	3.250
1428384862979	37.499523	139.925268	5	-0.228	0.070	9.466	3.250
1428384863079	37.499526	139.925270	5	-0.214	0.077	9.367	3.250
1428384863175	37.499529	139.925272	5	-0.193	0.120	9.268	3.250
1428384863276	37.499533	139.925274	5	-0.192	0.153	9.325	3.250
1428384863377	37.499536	139.925276	5	-0.193	0.121	9.427	3.250
1428384863477	37.499539	139.925277	5	-0.211	0.105	9.404	3.250
1428384863578	37.499542	139.925279	5	-0.204	0.071	9.405	3.250
1428384863679	37.499545	139.925281	5	-0.155	0.060	9.385	3.250
1428384863779	37.499549	139.925283	5	-0.132	0.043	9.413	3.250
1428384863875	37.499552	139.925285	5	-0.155	0.031	9.499	3.250
1428384863976	37.499555	139.925286	5	-0.209	0.061	9.354	3.250
1428384864077	37.499558	139.925288	5	-0.239	0.003	9.366	3.250
1428384864177	37.499561	139.925290	5	-0.269	-0.171	9.427	3.250
1428384864278	37.499565	139.925292	5	-0.335	-0.199	9.356	3.250
1428384864379	37.499568	139.925293	5	-0.325	-0.116	9.280	3.250
1428384864479	37.499571	139.925295	5	-0.265	-0.120	9.281	3.250
1428384864575	37.499574	139.925296	5	-0.262	-0.150	9.284	3.250
1428384864676	37.499578	139.925297	5	-0.259	-0.164	9.434	3.250
1428384864776	37.499581	139.925299	5	-0.193	-0.151	9.460	3.250
1428384864877	37.499584	139.925300	5	-0.190	-0.155	9.349	3.250
1428384864978	37.499588	139.925302	5	-0.199	-0.134	9.385	3.250
1428384865078	37.499591	139.925303	5	-0.236	-0.119	9.428	3.250
1428384865179	37.499594	139.925304	5	-0.261	-0.146	9.367	3.250
1428384865275	37.499598	139.925306	5	-0.271	-0.164	9.385	3.250
1428384865376	37.499601	139.925307	4	-0.249	-0.121	9.428	3.250
1428384865476	37.499604	139.925308	4	-0.221	-0.118	9.445	3.250
1428384865578	37.499607	139.925309	4	-0.192	-0.092	9.327	3.250
1428384865678	37.499610	139.925309	4	-0.223	-0.085	9.383	3.250
1428384865778	37.499613	139.925310	4	-0.256	-0.080	9.459	3.250
1428384865879	37.499616	139.925311	4	-0.267	-0.037	9.282	3.250
1428384865975	37.499619	139.925312	4	-0.227	-0.031	9.372	3.250
1428384866075	37.499622	139.925313	4	-0.204	-0.077	9.575	3.250
1428384866176	37.499625	139.925314	4	-0.203	-0.040	9.428	3.250
1428384866277	37.499629	139.925315	4	-0.216	0.004	9.294	3.250
1428384866378	37.499632	139.925316	4	-0.232	0.001	9.381	3.227
1428384866478	37.499635	139.925317	4	-0.260	-0.011	9.498	3.201
1428384866579	37.499638	139.925317	4	-0.261	0.018	9.389	3.176
1428384866675	37.499640	139.925318	4	-0.252	0.069	9.288	3.151
1428384866775	37.499643	139.925319	4	-0.264	0.060	9.354	3.126
1428384866876	37.499646	139.925320	4	-0.256	0.040	9.453	3.101
1428384866977	37.499649	139.925321	4	-0.241	0.063	9.389	3.076
1428384867078	37.499652	139.925321	4	-0.263	0.095	9.411	3.051
1428384867178	37.499655	139.925322	4	-0.247	0.093	9.368	3.027
1428384867279	37.499658	139.925323	4	-0.170	0.054	9.418	3.003
1428384867375	37.499660	139.925324	4	-0.105	0.063	9.493	2.978
1428384867475	37.499663	139.925324	4	-0.099	0.120	9.386	2.952
1428384867576	37.499665	139.925325	4	-0.176	0.061	9.383	2.926
1428384867677	37.499668	139.925326	4	-0.225	0.032	9.387	2.901
1428384867777	37.499670	139.925326	4	-0.250	0.057	9.328	2.876
1428384867878	37.499672	139.925327	4	-0.279	0.087	9.345	2.850
1428384867979	37.499675	139.925328	4	-0.310	0.067	9.361	2.825
1428384868075	37.499677	139.925329	4	-0.290	0.055	9.392	2.802
1428384868175	37.499679	139.925329	4	-0.267	0.190	9.444	2.778
1428384868276	37.499682	139.925330	4	-0.259	0.458	9.369	2.753
1428384868377	37.499684	139.925331	4	-0.218	0.671	9.219	2.750
1428384868477	37.499687	139.925331	4	-0.186	0.722	9.388	2.750
1428384868578	37.499689	139.925332	4	-0.210	0.850	9.482	2.750
1428384868679	37.499692	139.925333	4	-0.216	1.036	9.400	2.750
1428384868775	37.499694	139.925334	4	-0.206	1.125	9.390	2.750
1428384868875	37.499697	139.925335	4	-0.183	1.215	9.563	2.750
1428384868976	37.499699	139.925335	4	-0.162	1.330	9.457	2.750
1428384869077	37.499702	139.925336	4	-0.147	1.426	9.322	2.750
1428384869177	37.499704	139.925337	4	-0.167	1.498	9.332	2.750
1428384869278	37.499707	139.925338	4	-0.235	1.526	9.364	2.750
1428384869379	37.499709	139.925339	4	-0.228	1.511	9.416	2.791
1428384869479	37.499712	139.925340	4	-0.284	1.543	9.245	2.838
1428384869575	37.499715	139.925341	4	-0.261	1.521	9.231	2.884
1428384869676	37.499718	139.925342	4	-0.208	1.473	9.474	2.933
1428384869777	37.499721	139.925343	4	-0.121	1.562	9.423	2.983
1428384869877	37.499724	139.925344	4	-0.153	1.667	9.211	3.033
1428384869978	37.499727	139.925345	4	-0.118	1.646	9.273	3.085
1428384870079	37.499730	139.925347	4	-0.107	1.556	9.469	3.138
1428384874172	37.499971	139.925443	6	-0.129	1.597	9.338	7.841
1428384874177	37.499972	139.925444	6	-0.126	1.597	9.331	7.848
1428384874278	37.499980	139.925447	6	-0.050	0.952	9.503	7.984
1428384874379	37.499989	139.925452	8	-0.038	0.457	9.555	8.000
1428384874475	37.499998	139.925458	8	0.029	0.189	9.523	8.000
1428384874575	37.500007	139.925463	8	-0.007	0.198	9.108	8.000
1428384874676	37.500016	139.925469	8	-0.053	0.025	9.187	8.000
1428384874777	37.500025	139.925475	8	-0.057	-0.081	9.668	8.000
1428384874877	37.500034	139.925480	8	-0.055	0.194	9.534	8.000
1428384874978	37.500043	139.925486	8	0.016	0.449	9.263	8.000
1428384875079	37.500052	139.925492	8	-0.007	0.445	9.001	8.000
1428384875179	37.500061	139.925498	8	-0.148	0.564	9.480	8.000
1428384875275	37.500070	139.925503	8	-0.245	0.600	9.398	8.000
1428384875376	37.500077	139.925507	8	-0.409	0.769	8.985	8.021
1428384875477	37.500084	139.925510	8	-0.428	0.682	9.147	8.046
1428384875577	37.500091	139.925513	8	-0.288	0.585	9.617	8.071
1428384875678	37.500098	139.925517	8	-0.272	0.660	9.565	8.096
1428384875779	37.500105	139.925520	8	-0.239	0.804	8.845	8.121
1428384875879	37.500112	139.925523	8	-0.293	0.822	9.076	8.146
1428384875975	37.500119	139.925526	8	-0.164	0.712	9.611	8.170
1428384876076	37.500126	139.925530	8	-0.031	0.656	10.077	8.196
1428384876176	37.500133	139.925533	8	0.110	0.727	9.441	8.221
1428384876277	37.500140	139.925537	8	0.123	0.715	9.423	8.247
1428384876378	37.500147	139.925540	4	0.086	0.734	9.226	8.293
1428384876479	37.500155	139.925543	4	0.070	0.961	9.421	8.342
1428384876579	37.500162	139.925546	4	0.078	0.944	9.161	8.391
1428384876675	37.500169	139.925549	4	0.042	0.824	9.381	8.439
1428384876776	37.500176	139.925552	4	-0.031	0.664	9.408	8.489
1428384876876	37.500184	139.925556	4	-0.083	0.668	9.344	8.539
1428384876977	37.500191	139.925559	4	-0.154	0.549	9.539	8.590
1428384877078	37.500199	139.925562	4	-0.048	0.740	9.377	8.642
1428384877179	37.500207	139.925565	4	0.020	0.810	9.251	8.693
1428384877279	37.500214	139.925569	4	-0.038	0.692	9.710	8.744
1428384877375	37.500222	139.925571	6	-0.245	0.598	10.063	8.791
1428384877476	37.500231	139.925573	6	-0.338	0.719	9.487	8.841
1428384877576	37.500240	139.925575	6	-0.248	0.847	9.134	8.890
1428384877677	37.500249	139.925577	6	-0.165	0.894	9.340	8.940
1428384877778	37.500258	139.925579	6	-0.134	0.925	9.603	8.991
1428384877878	37.500267	139.925581	6	-0.304	0.785	9.422	9.041
1428384877979	37.500276	139.925583	6	-0.291	0.697	9.373	9.092
1428384878075	37.500285	139.925585	6	-0.179	0.607	9.550	9.140
1428384878176	37.500294	139.925588	6	-0.063	0.717	9.364	9.192
1428384878276	37.500304	139.925590	6	-0.172	0.822	9.196	9.243
1428384878377	37.500312	139.925593	6	-0.119	0.845	9.362	9.313
1428384878478	37.500321	139.925597	6	0.021	0.820	9.484	9.387
1428384878578	37.500330	139.925601	6	0.099	0.812	9.324	9.460
1428384878679	37.500339	139.925605	6	0.013	0.765	9.209	9.535
1428384878775	37.500347	139.925609	6	-0.017	0.733	9.395	9.606
1428384878875	37.500356	139.925613	6	0.033	0.679	9.357	9.682
1428384878976	37.500365	139.925617	6	0.028	0.682	9.350	9.758
1428384879077	37.500374	139.925621	6	-0.067	0.636	9.285	9.835
1428384879178	37.500384	139.925625	6	-0.093	0.601	9.555	9.913
1428384879278	37.500393	139.925630	6	-0.046	0.617	9.407	9.991
1428384879379	37.500402	139.925634	5	-0.028	0.604	9.378	10.022
1428384879475	37.500411	139.925638	5	-0.114	0.571	9.296	10.046
1428384879575	37.500420	139.925643	5	-0.115	0.520	9.380	10.071
1428384879676	37.500429	139.925647	5	-0.053	0.547	9.258	10.096
1428384879777	37.500439	139.925652	5	0.042	0.467	9.316	10.121
1428384879877	37.500448	139.925656	5	0.062	0.400	9.483	10.146
1428384879978	37.500457	139.925661	5	-0.144	0.199	9.830	10.171
1428384880079	37.500466	139.925665	5	-0.107	0.342	9.538	10.197
1428384880175	37.500475	139.925670	5	0.028	0.587	8.874	10.221
1428384880275	37.500485	139.925674	5	0.152	0.523	9.105	10.246
1428384880376	37.500493	139.925679	5	0.106	0.535	9.338	10.271
1428384880477	37.500502	139.925683	5	0.127	0.142	9.718	10.296
1428384880577	37.500510	139.925688	5	0.400	0.057	9.700	10.321
1428384880678	37.500518	139.925692	5	0.477	0.223	9.069	10.346
1428384880779	37.500527	139.925697	5	0.574	0.218	9.301	10.371
1428384880875	37.500535	139.925701	5	0.561	0.242	9.661	10.396
1428384880975	37.500543	139.925706	5	0.485	0.218	9.395	10.421
1428384881076	37.500552	139.925710	5	0.495	0.113	9.159	10.446
1428384881177	37.500560	139.925715	5	0.438	0.139	9.258	10.471
1428384881277	37.500569	139.925719	5	0.180	0.050	9.573	10.497
1428384881378	37.500578	139.925726	7	0.037	0.012	9.434	10.478
1428384881479	37.500587	139.925733	7	-0.079	-0.024	9.388	10.452
1428384881579	37.500596	139.925740	7	-0.069	0.118	9.119	10.427
1428384881675	37.500605	139.925746	7	-0.044	0.153	9.354	10.403
1428384881776	37.500614	139.925753	7	0.029	0.037	9.535	10.378
1428384881877	37.500622	139.925760	7	-0.124	0.007	9.640	10.353
1428384881977	37.500631	139.925766	7	0.019	0.041	9.233	10.328
1428384882078	37.500640	139.925773	7	0.260	0.138	9.152	10.302
1428384882179	37.500649	139.925780	7	0.337	0.165	9.145	10.277
1428384882279	37.500658	139.925786	7	0.295	-0.078	9.629	10.253
1428384882375	37.500667	139.925792	7	0.083	-0.193	9.810	10.250
1428384882476	37.500676	139.925798	7	0.034	-0.124	9.726	10.250
1428384882577	37.500686	139.925804	7	0.108	0.084	9.246	10.250
1428384882677	37.500695	139.925810	7	0.020	0.247	9.298	10.250
1428384882778	37.500704	139.925816	7	-0.094	0.291	9.387	10.250
1428384882879	37.500714	139.925822	7	0.019	0.185	9.398	10.250
1428384882979	37.500723	139.925828	7	0.149	0.143	9.055	10.250
1428384883075	37.500732	139.925833	7	0.222	0.133	9.035	10.250
1428384883176	37.500741	139.925839	7	0.412	0.110	9.230	10.250
1428384883276	37.500751	139.925845	7	0.591	0.033	9.611	10.250
1428384883377	37.500760	139.925849	5	0.663	-0.038	9.387	10.228
1428384883478	37.500768	139.925853	5	0.598	-0.044	9.289	10.203
1428384883578	37.500777	139.925857	5	0.423	0.197	8.839	10.177
1428384883679	37.500786	139.925860	5	0.227	0.221	9.018	10.152
1428384883775	37.500794	139.925864	5	0.295	0.124	9.341	10.128
1428384883876	37.500803	139.925868	5	0.478	-0.339	10.395	10.103
1428384883976	37.500811	139.925871	5	0.397	-0.204	9.514	10.078
1428384884077	37.500820	139.925875	5	0.240	0.144	8.520	10.053
1428384884178	37.500828	139.925879	5	0.359	0.171	9.215	10.028
1428384884278	37.500837	139.925883	5	0.467	0.200	9.945	10.003
1428384884379	37.500845	139.925887	4	0.827	0.038	9.716	10.000
1428384884476	37.500853	139.925891	4	0.636	-0.148	9.261	10.000
1428384884576	37.500861	139.925895	4	0.296	0.008	9.011	10.000
1428384884676	37.500869	139.925899	4	0.145	0.181	9.351	10.000
1428384884777	37.500877	139.925903	4	0.161	0.103	9.880	10.000
1428384884878	37.500885	139.925907	4	-0.019	0.006	9.764	10.000
1428384884978	37.500893	139.925911	4	-0.239	0.074	9.121	10.000
1428384885079	37.500901	139.925915	4	-0.495	0.199	8.954	10.000
1428384885175	37.500909	139.925919	4	-0.502	0.070	9.951	10.000
1428384885275	37.500917	139.925923	4	-0.546	0.004	9.835	10.000
1428384885376	37.500926	139.925927	4	-0.353	0.251	8.733	10.000
1428384885477	37.500935	139.925930	4	-0.240	0.307	8.535	10.000
1428384885578	37.500944	139.925933	4	-0.145	0.168	9.322	10.000
1428384885678	37.500953	139.925936	4	-0.011	-0.191	10.083	10.000
1428384885779	37.500962	139.925939	4	0.119	-0.277	9.683	10.000
1428384885875	37.500971	139.925942	4	0.387	-0.029	9.114	10.000
1428384885975	37.500980	139.925945	4	0.411	0.348	8.735	10.000
1428384886076	37.500989	139.925948	4	0.394	0.179	9.812	10.000
1428384886177	37.500998	139.925951	4	0.144	-0.147	10.376	10.000
1428384886277	37.501007	139.925955	4	-0.062	-0.129	9.312	10.000
1428384886378	37.501016	139.925959	6	-0.315	0.074	8.309	10.000
1428384886479	37.501025	139.925963	6	-0.441	0.347	8.690	10.000
1428384886575	37.501034	139.925967	6	-0.399	0.327	9.608	10.000
1428384886675	37.501043	139.925971	6	-0.584	-0.203	10.334	10.000
1428384886776	37.501052	139.925975	6	-0.682	-0.428	9.789	10.000
1428384886877	37.501061	139.925980	6	-0.748	0.081	8.553	10.000
1428384886977	37.501071	139.925984	6	-0.637	0.180	9.098	10.000
1428384887078	37.501080	139.925988	6	-0.456	0.165	10.058	10.000
1428384887179	37.501089	139.925992	6	-0.251	0.137	9.626	10.000
1428384887275	37.501098	139.925996	6	-0.210	0.016	8.912	10.000
1428384887375	37.501106	139.925999	6	-0.072	-0.075	9.370	9.957
1428384887476	37.501114	139.926002	6	0.092	-0.006	9.803	9.905
1428384887577	37.501122	139.926005	6	0.278	0.093	9.204	9.854
1428384887677	37.501129	139.926008	6	-0.005	0.000	9.116	9.803
1428384887778	37.501137	139.926010	6	-0.167	-0.115	9.671	9.753
1428384887879	37.501145	139.926013	6	-0.187	-0.112	9.809	9.702
1428384887979	37.501152	139.926016	6	-0.285	-0.103	9.295	9.653
1428384888075	37.501160	139.926018	6	0.068	-0.195	9.766	9.605
1428384888176	37.501167	139.926021	6	-0.094	0.118	9.441	9.556
1428384888277	37.501175	139.926024	6	-0.089	0.227	9.062	9.506
1428384888377	37.501183	139.926028	5	-0.105	0.137	9.134	9.500
1428384888478	37.501192	139.926032	5	-0.070	0.031	9.512	9.500
1428384888579	37.501200	139.926036	5	0.022	-0.131	9.607	9.500
1428384888679	37.501208	139.926041	5	0.029	-0.083	9.220	9.500
1428384888775	37.501216	139.926045	5	-0.052	-0.128	9.331	9.500
1428384888876	37.501225	139.926049	5	-0.094	-0.069	9.541	9.500
1428384888977	37.501233	139.926054	5	-0.219	-0.108	9.784	9.500
1428384889077	37.501241	139.926058	5	-0.441	-0.021	9.115	9.500
1428384889178	37.501250	139.926062	5	-0.371	0.089	8.922	9.500
1428384889279	37.501258	139.926067	5	-0.247	0.046	9.232	9.500
1428384889379	37.501265	139.926070	6	-0.159	0.070	9.402	9.454
1428384889475	37.501271	139.926073	6	-0.379	-0.143	9.680	9.405
1428384889576	37.501278	139.926077	6	-0.477	-0.239	9.501	9.354
1428384889676	37.501284	139.926080	6	-0.442	-0.103	9.180	9.304
1428384889777	37.501291	139.926084	6	-0.428	0.040	9.163	9.253
1428384889878	37.501297	139.926087	6	-0.343	0.112	9.354	9.203
1428384889979	37.501303	139.926091	6	-0.299	-0.029	9.616	9.153
1428384890079	37.501310	139.926094	6	-0.436	-0.145	9.433	9.103
1428384890175	37.501316	139.926097	6	-0.246	0.062	8.934	9.056
1428384890276	37.501322	139.926101	6	-0.057	0.064	9.249	9.007
1428384890376	37.501329	139.926105	6	0.012	-0.107	9.826	8.956
1428384890477	37.501335	139.926110	6	-0.050	-0.144	9.901	8.904
1428384890578	37.501342	139.926115	6	-0.298	0.065	8.656	8.853
1428384890678	37.501349	139.926119	6	-0.405	0.225	8.508	8.803
1428384890780	37.501355	139.926124	6	-0.485	0.053	9.785	8.751
1428384890875	37.501361	139.926128	6	-0.351	-0.032	10.243	8.704
1428384890976	37.501368	139.926133	6	-0.434	-0.059	9.468	8.654
1428384891076	37.501374	139.926137	6	-0.546	-0.095	8.724	8.605
1428384891177	37.501381	139.926142	6	-0.812	0.155	9.094	8.555
1428384891278	37.501387	139.926146	6	-0.946	0.340	9.391	8.506
1428384891378	37.501394	139.926149	5	-0.707	0.213	9.587	8.500
1428384891479	37.501401	139.926152	5	-0.266	0.059	9.233	8.500
1428384891575	37.501407	139.926155	5	-0.129	0.258	8.772	8.500
1428384891675	37.501414	139.926157	5	-0.188	0.063	9.334	8.500
1428384891776	37.501421	139.926160	5	-0.304	-0.089	10.215	8.500
1428384891877	37.501427	139.926163	5	-0.314	0.052	9.786	8.500
1428384891978	37.501434	139.926166	5	-0.317	0.153	8.969	8.500
1428384892078	37.501441	139.926168	5	-0.290	0.254	8.901	8.500
1428384892179	37.501448	139.926171	5	-0.337	0.358	9.570	8.500
1428384892275	37.501454	139.926174	5	-0.393	0.445	9.507	8.500
1428384892375	37.501461	139.926176	5	-0.722	0.187	9.633	8.456
1428384892476	37.501467	139.926178	5	-0.791	0.149	9.286	8.405
1428384892577	37.501474	139.926180	5	-0.641	0.350	9.224	8.353
1428384892677	37.501480	139.926181	5	-0.362	0.379	9.516	8.303
1428384892778	37.501487	139.926183	5	-0.260	0.391	9.616	8.252
1428384892879	37.501493	139.926185	5	-0.382	0.406	9.318	8.202
1428384892975	37.501499	139.926187	5	-0.602	0.503	8.778	8.154
1428384893075	37.501506	139.926189	5	-0.461	0.453	9.056	8.105
1428384893176	37.501512	139.926191	5	-0.142	0.416	9.547	8.055
1428384893277	37.501518	139.926193	5	-0.118	0.260	9.735	8.006
1428384893377	37.501525	139.926194	5	-0.310	0.290	9.533	8.102
1428384893478	37.501533	139.926196	5	-0.508	0.401	9.110	8.221
1428384893579	37.501541	139.926198	5	-0.462	0.419	9.158	8.343
1428384893680	37.501548	139.926199	5	-0.368	0.446	9.494	8.466
1428384893775	37.501556	139.926201	5	-0.315	0.423	9.562	8.584
1428384893876	37.501564	139.926203	5	-0.180	0.410	9.410	8.711
1428384893977	37.501572	139.926204	5	0.013	0.401	9.389	8.839
1428384894078	37.501580	139.926206	5	0.124	0.384	9.346	8.970
1428384894178	37.501589	139.926208	5	0.239	0.468	9.421	9.101
1428384894279	37.501597	139.926210	5	0.242	0.499	9.316	9.235
1428384894379	37.501605	139.926211	5	0.216	0.341	9.700	9.293
1428384894475	37.501613	139.926211	5	0.021	0.340	9.503	9.341
1428384894576	37.501622	139.926212	5	-0.156	0.461	9.008	9.390
1428384894677	37.501630	139.926213	5	-0.265	0.482	9.147	9.440
1428384894777	37.501639	139.926213	5	-0.211	0.537	9.401	9.490
1428384894878	37.501647	139.926214	5	-0.255	0.462	9.364	9.541
1428384894979	37.501656	139.926215	5	-0.386	0.271	9.558	9.592
1428384895079	37.501665	139.926215	5	-0.407	0.206	9.631	9.642
1428384895175	37.501673	139.926216	5	-0.272	0.281	9.433	9.691
1428384895276	37.501682	139.926217	5	-0.085	0.310	9.262	9.743
1428384895376	37.501690	139.926218	5	0.010	0.322	9.347	9.683
1428384895477	37.501698	139.926219	5	-0.081	0.308	9.328	9.605
1428384895578	37.501706	139.926220	5	-0.066	0.294	8.932	9.528
1428384895679	37.501714	139.926221	5	-0.316	0.264	8.702	9.451
1428384895779	37.501722	139.926222	5	-0.340	-0.181	10.002	9.376
1428384895875	37.501730	139.926224	5	-0.213	-0.360	10.472	9.304
1428384895976	37.501738	139.926225	5	-0.204	-0.190	9.612	9.229
1428384896076	37.501746	139.926226	5	-0.076	0.273	8.165	9.155
1428384896177	37.501753	139.926227	5	0.069	0.395	8.852	9.082
1428384896278	37.501761	139.926228	5	0.258	0.221	9.956	9.009
1428384896379	37.501769	139.926230	4	0.201	-0.254	10.491	9.022
1428384896479	37.501777	139.926232	4	0.222	-0.328	9.113	9.047
1428384896575	37.501785	139.926234	4	0.284	-0.080	8.525	9.071
1428384896676	37.501793	139.926236	4	0.362	0.082	9.186	9.096
1428384896776	37.501801	139.926239	4	0.308	-0.082	10.421	9.121
1428384896877	37.501809	139.926241	4	0.024	-0.233	9.837	9.146
1428384896978	37.501817	139.926243	4	-0.106	-0.100	8.752	9.171
1428384897078	37.501826	139.926245	4	-0.064	0.047	8.770	9.196
1428384897179	37.501834	139.926248	4	0.081	0.148	9.527	9.222
1428384897275	37.501842	139.926250	4	0.097	0.048	9.728	9.246
1428384897375	37.501850	139.926252	4	0.132	-0.139	9.532	9.228
1428384897476	37.501858	139.926255	4	0.095	-0.171	9.319	9.203
1428384897577	37.501866	139.926257	4	0.196	-0.051	9.191	9.178
1428384897678	37.501874	139.926259	4	0.250	0.024	9.334	9.152
1428384897778	37.501882	139.926262	4	-0.017	-0.026	9.583	9.127
1428384897879	37.501890	139.926264	4	-0.054	0.009	9.318	9.102
1428384897975	37.501898	139.926267	4	-0.190	-0.010	9.166	9.078
1428384898075	37.501906	139.926269	4	-0.248	-0.011	9.295	9.053
1428384898176	37.501914	139.926271	4	-0.205	-0.051	9.515	9.028
1428384898277	37.501922	139.926274	4	-0.198	-0.099	9.453	9.003
1428384898378	37.501930	139.926277	6	-0.198	0.036	8.800	9.022
1428384898478	37.501938	139.926281	6	-0.327	0.167	8.459	9.046
1428384898579	37.501946	139.926285	6	-0.101	-0.065	9.473	9.072
1428384898675	37.501954	139.926288	6	0.095	-0.348	10.406	9.095
1428384898775	37.501962	139.926292	6	0.540	-0.365	10.109	9.120
1428384898876	37.501970	139.926296	6	0.521	-0.378	9.047	9.146
1428384898977	37.501978	139.926299	6	0.525	-0.140	9.043	9.171
1428384899077	37.501987	139.926303	6	0.427	0.129	9.407	9.196
1428384899178	37.501995	139.926307	6	0.517	-0.048	9.588	9.222
1428384899279	37.502003	139.926311	6	0.520	-0.172	9.435	9.247
1428384899375	37.502011	139.926312	7	0.312	-0.305	9.087	9.206
1428384899475	37.502020	139.926312	7	0.207	-0.427	9.428	9.155
1428384899576	37.502029	139.926313	7	0.023	-0.382	9.580	9.104
1428384899677	37.502037	139.926313	7	-0.121	-0.240	9.237	9.053
1428384899777	37.502045	139.926314	7	-0.170	-0.252	9.210	9.003
1428384899878	37.502054	139.926315	7	-0.019	-0.276	9.471	8.953
1428384899979	37.502062	139.926315	7	0.094	-0.289	9.569	8.903
1428384900080	37.502071	139.926316	7	0.141	-0.283	9.465	8.853
1428384900175	37.502079	139.926316	7	0.198	-0.205	9.298	8.806
1428384900276	37.502087	139.926317	7	0.073	-0.168	8.970	8.757
1428384900376	37.502095	139.926318	7	0.153	-0.247	9.532	8.728
1428384900477	37.502103	139.926320	7	0.168	-0.335	9.778	8.703
1428384900578	37.502111	139.926321	7	0.118	-0.359	9.482	8.677
1428384900679	37.502119	139.926322	7	0.115	-0.167	8.926	8.652
1428384900779	37.502126	139.926324	7	0.018	-0.282	9.239	8.627
1428384900875	37.502134	139.926325	7	-0.035	-0.239	9.463	8.603
1428384900976	37.502142	139.926327	7	0.081	-0.208	9.432	8.578
1428384901077	37.502150	139.926328	7	0.275	-0.390	9.330	8.553
1428384901177	37.502157	139.926329	7	0.393	-0.545	9.683	8.528
1428384901278	37.502165	139.926331	7	0.438	-0.341	9.662	8.503
1428384901379	37.502174	139.926332	6	0.422	-0.102	9.013	8.500
1428384901479	37.502182	139.926334	6	0.464	-0.066	8.986	8.500
1428384901575	37.502191	139.926336	6	0.298	-0.178	9.301	8.500
1428384901676	37.502199	139.926337	6	0.323	-0.379	9.761	8.500
1428384901776	37.502208	139.926339	6	0.241	-0.385	9.647	8.500
1428384901877	37.502216	139.926340	6	0.178	-0.422	9.238	8.500
1428384901978	37.502225	139.926342	6	0.107	-0.340	9.214	8.500
1428384902079	37.502234	139.926344	6	0.030	-0.258	9.288	8.500
1428384902179	37.502242	139.926345	6	0.046	-0.168	9.275	8.500
1428384902275	37.502251	139.926347	6	0.148	-0.170	9.339	8.500
1428384902376	37.502258	139.926350	6	0.247	-0.255	9.433	8.456
1428384902476	37.502265	139.926353	6	0.295	-0.190	9.127	8.405
1428384902577	37.502271	139.926355	6	0.369	-0.238	9.312	8.353
1428384902678	37.502278	139.926358	6	0.417	-0.360	9.744	8.302
1428384902779	37.502285	139.926361	6	0.348	-0.312	9.492	8.252
1428384902879	37.502291	139.926364	6	0.181	-0.281	9.333	8.202
1428384902975	37.502298	139.926367	6	0.018	-0.312	9.216	8.154
1428384903076	37.502304	139.926370	6	0.252	-0.273	9.452	8.104
1428384903176	37.502311	139.926373	6	0.187	-0.261	9.571	8.055
1428384903277	37.502317	139.926376	6	0.276	-0.268	9.552	8.006
1428384903378	37.502324	139.926379	5	0.157	-0.199	9.192	7.978
1428384903478	37.502332	139.926383	5	0.027	-0.249	9.192	7.952
1428384903579	37.502339	139.926387	5	0.012	-0.276	9.550	7.927
1428384903675	37.502346	139.926390	5	0.068	-0.148	9.368	7.903
1428384903776	37.502353	139.926394	5	0.014	-0.225	9.411	7.878
1428384903876	37.502360	139.926397	5	0.043	-0.319	9.462	7.853
1428384903977	37.502368	139.926401	5	-0.027	-0.258	9.192	7.827
1428384904078	37.502375	139.926404	5	-0.001	-0.231	9.381	7.802
1428384904178	37.502382	139.926408	5	0.082	-0.280	9.553	7.778
1428384904279	37.502389	139.926412	5	-0.122	-0.157	9.042	7.753
1428384904375	37.502396	139.926415	5	0.026	-0.291	9.353	7.750
1428384904475	37.502402	139.926418	5	-0.053	-0.307	9.392	7.750
1428384904576	37.502409	139.926421	5	-0.016	-0.219	9.283	7.750
1428384904677	37.502415	139.926425	5	0.068	-0.289	9.526	7.750
1428384904778	37.502422	139.926428	5	0.149	-0.333	9.597	7.750
1428384904878	37.502428	139.926431	5	0.293	-0.167	9.305	7.750
1428384904979	37.502435	139.926435	5	0.311	-0.274	9.615	7.750
1428384905075	37.502441	139.926438	5	0.272	-0.325	9.620	7.750
1428384905175	37.502448	139.926441	5	0.164	-0.208	9.485	7.750
1428384905276	37.502454	139.926445	5	0.077	-0.171	9.385	7.750
1428384905377	37.502461	139.926447	5	-0.023	-0.181	9.342	7.728
1428384905478	37.502467	139.926449	5	-0.095	-0.045	9.130	7.702
1428384905578	37.502474	139.926451	5	-0.042	-0.146	9.315	7.677
1428384905679	37.502480	139.926453	5	-0.011	-0.231	9.525	7.652
1428384905775	37.502486	139.926455	5	-0.088	-0.222	9.423	7.628
1428384905875	37.502493	139.926457	5	-0.066	-0.221	9.302	7.603
1428384905976	37.502499	139.926459	5	-0.048	-0.250	9.269	7.578
1428384906077	37.502506	139.926462	5	0.056	-0.242	9.377	7.553
1428384906177	37.502512	139.926464	5	0.237	-0.246	9.578	7.528
1428384906278	37.502518	139.926466	5	0.303	-0.236	9.541	7.503
1428384906379	37.502524	139.926468	5	0.282	-0.242	9.498	7.477
1428384906475	37.502530	139.926471	5	0.168	-0.222	9.474	7.453
1428384906575	37.502535	139.926474	5	0.077	-0.290	9.609	7.428
1428384906676	37.502541	139.926477	5	0.033	-0.214	9.452	7.402
1428384906777	37.502547	139.926479	5	0.082	-0.193	9.306	7.377
1428384906877	37.502552	139.926482	5	-0.039	-0.219	9.283	7.352
1428384906978	37.502558	139.926485	5	-0.090	-0.304	9.677	7.327
1428384907079	37.502563	139.926487	5	-0.157	-0.319	9.673	7.302
1428384907179	37.502569	139.926490	5	-0.203	-0.147	9.067	7.277
1428384907275	37.502574	139.926493	5	-0.200	-0.128	9.176	7.254
1428384907376	37.502580	139.926496	4	-0.202	-0.243	9.691	7.206
1428384907476	37.502586	139.926500	4	-0.340	-0.107	9.105	7.154
1428384907577	37.502591	139.926504	4	-0.044	-0.059	9.441	7.103
1428384907678	37.502597	139.926508	4	-0.109	-0.234	9.465	7.052
1428384907779	37.502603	139.926512	4	-0.087	-0.358	9.574	7.001
1428384907879	37.502608	139.926516	4	-0.152	-0.222	9.313	6.951
1428384907975	37.502614	139.926519	4	-0.208	-0.186	9.138	6.904
1428384908076	37.502619	139.926523	4	-0.208	-0.355	9.244	6.854
1428384908176	37.502625	139.926527	4	-0.240	-0.313	9.601	6.805
1428384908277	37.502630	139.926531	4	-0.113	-0.299	9.684	6.756
1428384908378	37.502636	139.926534	4	-0.140	-0.124	9.284	6.728
1428384908479	37.502641	139.926537	4	-0.221	-0.190	9.238	6.702
1428384908579	37.502646	139.926540	4	-0.346	-0.294	9.418	6.677
1428384908675	37.502651	139.926543	4	-0.432	-0.289	9.460	6.653
1428384908776	37.502656	139.926546	4	-0.362	-0.277	9.423	6.627
1428384908876	37.502661	139.926549	4	-0.257	-0.475	9.578	6.602
1428384908977	37.502666	139.926552	4	-0.506	-0.530	8.969	6.577
1428384909078	37.502671	139.926555	4	-0.510	-0.558	9.283	6.552
1428384909179	37.502676	139.926558	4	-0.456	-0.632	9.641	6.527
1428384909279	37.502681	139.926561	4	-0.596	-0.618	9.436	6.503
1428384909375	37.502686	139.926564	4	-0.533	-0.587	9.325	6.456
1428384909476	37.502691	139.926567	4	-0.375	-0.627	9.617	6.404
1428384909576	37.502695	139.926570	4	-0.367	-0.623	9.212	6.353
1428384909677	37.502700	139.926572	4	-0.483	-0.660	9.310	6.302
1428384909778	37.502704	139.926575	4	-0.385	-0.654	9.663	6.251
1428384909878	37.502709	139.926578	4	-0.340	-0.670	9.716	6.201
1428384909979	37.502713	139.926581	4	-0.499	-0.688	9.349	6.151
1428384910075	37.502718	139.926584	4	-0.561	-0.646	9.232	6.104
1428384910175	37.502722	139.926587	4	-0.420	-0.695	9.349	6.055
1428384910276	37.502726	139.926590	4	-0.242	-0.788	9.438	6.007
1428384910377	37.502731	139.926592	4	-0.211	-0.695	9.185	5.906
1428384910478	37.502735	139.926593	4	-0.138	-0.789	9.350	5.798
1428384910578	37.502740	139.926595	4	-0.116	-0.920	9.614	5.693
1428384910679	37.502744	139.926597	4	-0.188	-0.981	9.548	5.589
1428384910775	37.502748	139.926599	4	-0.345	-0.927	9.246	5.492
1428384910875	37.502752	139.926600	4	-0.362	-0.982	9.280	5.393
1428384910976	37.502757	139.926602	4	-0.330	-0.980	9.434	5.294
1428384911077	37.502761	139.926604	4	-0.229	-0.990	9.404	5.198
1428384911178	37.502765	139.926605	4	-0.195	-1.001	9.268	5.103
1428384911278	37.502769	139.926607	4	-0.193	-1.031	9.397	5.011
1428384911379	37.502772	139.926609	4	-0.190	-1.115	9.613	4.902
1428384911475	37.502775	139.926612	4	-0.204	-1.139	9.542	4.798
1428384911575	37.502778	139.926614	4	-0.197	-1.044	9.241	4.692
1428384911676	37.502781	139.926617	4	-0.209	-1.046	9.385	4.588
1428384911777	37.502784	139.926619	4	-0.254	-1.115	9.593	4.485
1428384911877	37.502787	139.926622	4	-0.251	-1.128	9.358	4.386
1428384911978	37.502790	139.926624	4	-0.334	-1.079	9.088	4.288
1428384912079	37.502793	139.926626	4	-0.283	-1.150	9.425	4.193
1428384912175	37.502796	139.926629	4	-0.303	-1.247	9.563	4.104
1428384912275	37.502799	139.926631	4	-0.310	-1.222	9.394	4.013
1428384912376	37.502801	139.926632	4	-0.273	-1.229	9.367	3.874
1428384912477	37.502803	139.926632	4	-0.191	-1.303	9.463	3.731
1428384912577	37.502806	139.926633	4	-0.183	-1.331	9.358	3.594
1428384912678	37.502808	139.926634	4	-0.183	-1.370	9.354	3.460
1428384912779	37.502810	139.926634	4	-0.160	-1.352	9.473	3.331
1428384912875	37.502812	139.926635	4	-0.213	-1.345	9.413	3.213
1428384912976	37.502814	139.926635	4	-0.298	-1.357	9.335	3.093
1428384913076	37.502815	139.926636	4	-0.303	-1.372	9.361	2.979
1428384913177	37.502817	139.926636	4	-0.260	-1.337	9.364	2.868
1428384913277	37.502819	139.926637	4	-0.266	-1.302	9.345	2.763
1428384913378	37.502820	139.926639	4	-0.250	-1.231	9.400	2.610
1428384913479	37.502822	139.926640	4	-0.189	-1.189	9.418	2.457
1428384913579	37.502824	139.926642	4	-0.126	-1.112	9.368	2.313
1428384913675	37.502825	139.926643	4	-0.106	-1.005	9.350	2.182
1428384913776	37.502826	139.926645	4	-0.148	-0.935	9.379	2.051
1428384913877	37.502828	139.926646	4	-0.203	-0.907	9.391	1.927
1428384913977	37.502829	139.926648	4	-0.216	-0.869	9.389	1.812
1428384914078	37.502830	139.926649	4	-0.194	-0.838	9.409	1.704
1428384914179	37.502831	139.926650	4	-0.176	-0.828	9.413	1.602
1428384914279	37.502832	139.926651	4	-0.170	-0.812	9.398	1.510
1428384914375	37.502832	139.926652	4	-0.154	-0.796	9.385	1.417
1428384914476	37.502833	139.926653	4	-0.130	-0.759	9.407	1.323
1428384914576	37.502833	139.926654	4	-0.122	-0.716	9.411	1.234
1428384914677	37.502834	139.926655	4	-0.154	-0.670	9.394	1.150
1428384914778	37.502834	139.926656	4	-0.193	-0.608	9.384	1.072
1428384914879	37.502835	139.926656	4	-0.191	-0.536	9.384	0.998
1428384914979	37.502835	139.926657	4	-0.165	-0.482	9.383	0.930
1428384915075	37.502835	139.926658	4	-0.159	-0.461	9.379	0.869
1428384915176	37.502836	139.926658	4	-0.160	-0.447	9.386	0.810
1428384915276	37.502836	139.926659	4	-0.155	-0.430	9.391	0.757
1428384915377	37.502837	139.926659	5	-0.139	-0.415	9.388	0.750
1428384915478	37.502837	139.926660	5	-0.132	-0.405	9.395	0.750
1428384915579	37.502838	139.926660	5	-0.150	-0.393	9.388	0.750
1428384915679	37.502839	139.926661	5	-0.173	-0.346	9.385	0.750
1428384915775	37.502839	139.926661	5	-0.180	-0.306	9.386	0.750
1428384915876	37.502840	139.926661	5	-0.167	-0.263	9.394	0.750
1428384915977	37.502841	139.926662	5	-0.154	-0.234	9.390	0.750
1428384916077	37.502842	139.926662	5	-0.162	-0.209	9.411	0.750
1428384916178	37.502842	139.926663	5	-0.164	-0.175	9.404	0.750
1428384916278	37.502843	139.926663	5	-0.155	-0.133	9.395	0.750
1428384916379	37.502839	139.926667	5	-0.147	-0.112	9.389	0.622
1428384916475	37.502835	139.926670	5	-0.148	-0.091	9.406	0.498
1428384916575	37.502831	139.926674	5	-0.158	-0.082	9.397	0.383
1428384916676	37.502828	139.926677	5	-0.155	-0.074	9.383	0.283
1428384916777	37.502825	139.926679	5	-0.151	-0.078	9.382	0.197
1428384916878	37.502823	139.926681	5	-0.149	-0.077	9.382	0.127
1428384916978	37.502821	139.926683	5	-0.157	-0.073	9.390	0.073
1428384917079	37.502820	139.926684	5	-0.159	-0.077	9.385	0.033
1428384917175	37.502819	139.926685	5	-0.152	-0.080	9.397	0.010
1428384951375	37.502814	139.926714	4	-0.159	0.887	9.375	0.005
1428384951476	37.502814	139.926714	4	-0.152	0.967	9.405	0.026
1428384951577	37.502814	139.926714	4	-0.164	1.045	9.372	0.062
1428384951677	37.502814	139.926714	4	-0.168	1.159	9.356	0.112
1428384951778	37.502815	139.926714	4	-0.161	1.242	9.382	0.179
1428384951879	37.502815	139.926714	4	-0.174	1.320	9.371	0.260
1428384951979	37.502815	139.926714	4	-0.191	1.391	9.348	0.356
1428384952075	37.502816	139.926715	4	-0.194	1.427	9.340	0.462
1428384959170	37.503163	139.926839	4	-0.179	1.455	9.373	8.030
