measurement_ms	latitude	longitude	gps_error_meter	accel_x_transverse	accel_y_longitudinal	accel_z_vertical	speed
1427787114121	37.499925	139.922781	11	-0.008	-0.669	9.395	3.126
1427787114222	37.499924	139.922784	11	-0.064	-0.673	9.336	3.047
1427787114322	37.499922	139.922787	11	-0.126	-0.697	9.405	2.970
1427787114423	37.499920	139.922789	11	-0.200	-0.703	9.410	2.894
1427787114524	37.499919	139.922792	11	-0.266	-0.677	9.450	2.821
1427787114625	37.499917	139.922795	11	-0.231	-0.670	9.578	2.749
1427787114720	37.499916	139.922797	11	-0.090	-0.634	9.530	2.683
1427787114821	37.499914	139.922800	11	0.008	-0.571	9.282	2.615
1427787114922	37.499913	139.922802	10	0.034	-0.544	9.217	2.548
1427787115022	37.499913	139.922804	10	-0.012	-0.587	9.444	2.430
1427787115123	37.499914	139.922806	10	-0.080	-0.601	9.648	2.316
1427787115224	37.499914	139.922808	10	-0.181	-0.579	9.637	2.207
1427787115324	37.499915	139.922809	10	-0.213	-0.435	9.582	2.103
1427787115420	37.499915	139.922811	10	-0.167	-0.279	9.412	2.008
1427787115521	37.499916	139.922813	10	-0.078	-0.178	9.191	1.912
1427787115621	37.499916	139.922814	10	0.014	-0.122	9.150	1.822
1427787115722	37.499916	139.922815	10	0.064	-0.116	9.374	1.736
1427787115823	37.499917	139.922817	10	0.043	-0.111	9.638	1.654
1427787115924	37.499917	139.922818	10	0.019	-0.106	9.683	1.578
1427787116024	37.499915	139.922820	10	0.045	-0.079	9.473	1.525
1427787116120	37.499913	139.922822	10	0.073	-0.050	9.222	1.475
1427787116221	37.499911	139.922823	10	0.055	-0.084	9.099	1.425
1427787116321	37.499909	139.922825	10	-0.024	-0.201	9.204	1.377
1427787116422	37.499907	139.922827	10	-0.154	-0.341	9.393	1.329
1427787116523	37.499905	139.922828	10	-0.268	-0.517	9.470	1.284
1427787116624	37.499904	139.922830	10	-0.275	-0.718	9.487	1.240
1427787116724	37.499902	139.922831	10	-0.197	-0.914	9.551	1.198
1427787116820	37.499901	139.922833	10	-0.091	-1.056	9.577	1.159
1427787116921	37.499899	139.922834	10	-0.031	-1.183	9.531	1.119
1427787117021	37.499897	139.922835	10	-0.055	-1.269	9.505	1.070
1427787117122	37.499895	139.922836	10	-0.156	-1.282	9.473	1.022
1427787117223	37.499894	139.922837	10	-0.254	-1.223	9.466	0.976
1427787117323	37.499892	139.922838	10	-0.322	-1.182	9.411	0.933
1427787117424	37.499891	139.922839	10	-0.295	-1.039	9.481	0.890
1427787117520	37.499889	139.922840	10	-0.141	-0.638	9.672	0.852
1427787117621	37.499888	139.922841	10	0.025	-0.216	9.621	0.813
1427787117721	37.499886	139.922842	10	0.094	0.064	9.352	0.777
1427787117822	37.499885	139.922842	10	0.089	0.218	9.138	0.742
1427787117923	37.499884	139.922843	12	0.048	0.182	9.134	0.709
1427787118023	37.499883	139.922844	12	0.052	0.055	9.363	0.685
1427787118124	37.499882	139.922846	12	0.075	-0.051	9.616	0.661
1427787118220	37.499881	139.922847	12	0.086	-0.097	9.600	0.639
1427787118321	37.499880	139.922848	12	0.102	-0.101	9.321	0.617
1427787118421	37.499879	139.922849	12	0.014	-0.022	9.207	0.596
1427787118522	37.499878	139.922850	12	-0.025	0.023	9.322	0.575
1427787118623	37.499877	139.922851	12	-0.016	0.169	9.609	0.555
1427787118723	37.499877	139.922852	12	0.082	0.358	9.607	0.536
1427787118824	37.499876	139.922853	12	0.181	0.486	9.417	0.517
1427787118920	37.499875	139.922854	12	0.222	0.686	9.403	0.500
1427787119020	37.499875	139.922854	12	0.252	0.800	9.404	0.518
1427787119121	37.499875	139.922854	12	0.216	0.889	9.452	0.536
1427787119222	37.499875	139.922855	12	0.213	0.993	9.488	0.556
1427787119323	37.499875	139.922855	12	0.231	1.077	9.471	0.576
1427787119423	37.499875	139.922855	12	0.255	1.110	9.412	0.597
1427787119524	37.499874	139.922855	12	0.300	1.157	9.426	0.618
1427787119620	37.499874	139.922855	12	0.313	1.203	9.456	0.639
1427787119720	37.499874	139.922856	12	0.284	1.241	9.460	0.662
1427787119821	37.499874	139.922856	12	0.229	1.261	9.439	0.686
1427787119922	37.499874	139.922856	10	0.215	1.276	9.460	0.710
1427787120023	37.499873	139.922857	10	0.240	1.260	9.456	0.727
1427787120123	37.499873	139.922858	10	0.318	1.286	9.479	0.745
1427787120224	37.499872	139.922860	10	0.395	1.317	9.530	0.763
1427787120320	37.499871	139.922861	10	0.427	1.349	9.587	0.781
1427787120420	37.499871	139.922862	10	0.391	1.365	9.618	0.799
1427787120521	37.499870	139.922863	10	0.332	1.396	9.505	0.819
1427787120622	37.499869	139.922865	10	0.238	1.445	9.326	0.839
1427787120722	37.499869	139.922866	10	0.189	1.426	9.208	0.859
1427787120823	37.499868	139.922868	10	0.077	1.542	9.536	0.880
1427787120924	37.499867	139.922869	10	0.217	1.391	9.487	0.901
1427787121020	37.499866	139.922871	10	0.252	1.350	9.418	0.937
1427787121120	37.499866	139.922872	10	0.286	1.317	9.223	0.976
1427787121221	37.499865	139.922874	10	0.154	0.737	8.995	1.017
1427787121322	37.499865	139.922876	10	0.042	0.357	9.415	1.059
1427787121422	37.499864	139.922878	10	0.012	0.089	9.841	1.103
1427787121523	37.499863	139.922880	10	0.097	-0.027	9.750	1.150
1427787121624	37.499862	139.922882	10	0.213	-0.011	9.316	1.198
1427787121724	37.499862	139.922884	10	0.273	0.013	9.114	1.248
1427787121820	37.499861	139.922886	10	0.278	-0.026	9.307	1.297
1427787121921	37.499860	139.922888	10	0.173	-0.227	9.524	1.350
1427787122022	37.499860	139.922890	10	0.070	-0.461	9.549	1.372
1427787122122	37.499859	139.922892	10	-0.013	-0.635	9.549	1.394
1427787122223	37.499859	139.922895	10	-0.050	-0.719	9.538	1.416
1427787122324	37.499858	139.922897	10	-0.042	-0.737	9.416	1.439
1427787122424	37.499858	139.922899	10	-0.012	-0.763	9.401	1.461
1427787122521	37.499857	139.922901	10	0.092	-0.857	9.530	1.484
1427787122621	37.499857	139.922904	10	0.123	-0.909	9.657	1.507
1427787122721	37.499856	139.922906	10	-0.057	-0.845	9.438	1.531
1427787122822	37.499856	139.922909	10	-0.265	-0.776	9.185	1.556
1427787122923	37.499855	139.922911	8	-0.308	-0.682	9.229	1.581
1427787123024	37.499855	139.922913	8	-0.193	-0.625	9.343	1.603
1427787123124	37.499854	139.922916	8	-0.053	-0.613	9.509	1.626
1427787123220	37.499854	139.922918	8	-0.006	-0.594	9.589	1.648
1427787123321	37.499853	139.922921	8	-0.020	-0.566	9.461	1.672
1427787123421	37.499853	139.922923	8	-0.050	-0.537	9.303	1.696
1427787123522	37.499852	139.922926	8	-0.111	-0.642	9.354	1.720
1427787123623	37.499852	139.922928	8	-0.152	-0.801	9.505	1.745
1427787123724	37.499851	139.922931	8	-0.155	-0.969	9.527	1.770
1427787123824	37.499851	139.922933	8	-0.119	-1.067	9.426	1.795
1427787123920	37.499850	139.922936	8	-0.105	-1.141	9.337	1.820
1427787124021	37.499849	139.922938	8	-0.127	-1.213	9.341	1.794
1427787124121	37.499849	139.922940	8	-0.156	-1.251	9.456	1.769
1427787124222	37.499848	139.922943	8	-0.167	-1.228	9.566	1.744
1427787124323	37.499847	139.922945	8	-0.149	-1.157	9.523	1.719
1427787124423	37.499847	139.922947	8	-0.104	-1.055	9.418	1.695
1427787124524	37.499846	139.922949	8	-0.069	-0.937	9.385	1.671
1427787124620	37.499846	139.922951	8	-0.067	-0.872	9.421	1.648
1427787124721	37.499845	139.922953	8	-0.077	-0.833	9.495	1.625
1427787124821	37.499845	139.922955	8	-0.081	-0.824	9.461	1.602
1427787124922	37.499844	139.922957	10	-0.083	-0.824	9.397	1.577
1427787125023	37.499843	139.922958	10	-0.080	-0.814	9.399	1.417
1427787125123	37.499842	139.922960	10	-0.053	-0.729	9.515	1.270
1427787125224	37.499841	139.922961	10	0.015	-0.461	9.638	1.133
1427787125320	37.499840	139.922962	10	0.076	-0.196	9.574	1.013
1427787125420	37.499839	139.922963	10	0.107	0.014	9.363	0.900
1427787125521	37.499838	139.922964	10	0.116	0.130	9.199	0.796
1427787125622	37.499838	139.922964	10	0.123	0.161	9.262	0.705
1427787125723	37.499837	139.922965	10	0.126	0.110	9.443	0.624
1427787125824	37.499836	139.922966	10	0.103	0.010	9.516	0.555
1427787125924	37.499836	139.922966	10	0.094	-0.058	9.443	0.500
1427787126020	37.499835	139.922967	10	0.097	-0.064	9.399	0.500
1427787126120	37.499835	139.922968	10	0.106	-0.018	9.440	0.500
1427787126221	37.499834	139.922970	10	0.111	0.025	9.454	0.500
1427787126322	37.499833	139.922971	10	0.121	0.052	9.417	0.500
1427787126423	37.499832	139.922972	10	0.128	0.051	9.406	0.500
1427787126523	37.499832	139.922973	10	0.122	0.027	9.430	0.500
1427787126624	37.499831	139.922974	10	0.107	-0.005	9.453	0.500
1427787126720	37.499830	139.922976	10	0.095	-0.028	9.448	0.500
1427787126820	37.499830	139.922977	10	0.102	-0.017	9.437	0.500
1427787126921	37.499829	139.922978	10	0.114	0.004	9.436	0.500
1427787127022	37.499829	139.922979	10	0.120	0.037	9.458	0.500
1427787127122	37.499829	139.922980	10	0.113	0.051	9.458	0.500
1427787127223	37.499829	139.922980	10	0.111	0.036	9.446	0.500
1427787127324	37.499829	139.922981	10	0.105	0.015	9.473	0.500
1427787127425	37.499828	139.922982	10	0.103	0.008	9.488	0.500
1427787127520	37.499828	139.922983	10	0.108	0.021	9.494	0.500
1427787127621	37.499828	139.922984	10	0.120	0.023	9.457	0.500
1427787127722	37.499828	139.922984	10	0.119	0.027	9.457	0.500
1427787127822	37.499828	139.922985	10	0.111	0.036	9.465	0.500
1427787127923	37.499828	139.922986	9	0.103	0.032	9.467	0.500
1427787128024	37.499828	139.922987	9	0.106	0.022	9.455	0.500
1427787128124	37.499828	139.922988	9	0.109	0.012	9.469	0.500
1427787128220	37.499828	139.922988	9	0.102	0.018	9.484	0.500
1427787128321	37.499828	139.922989	9	0.105	0.029	9.474	0.500
1427787128422	37.499828	139.922990	9	0.105	0.033	9.462	0.500
1427787128522	37.499829	139.922991	9	0.098	0.037	9.473	0.500
1427787128623	37.499829	139.922992	9	0.099	0.038	9.483	0.500
1427787128724	37.499829	139.922992	9	0.108	0.032	9.474	0.500
1427787128825	37.499829	139.922993	9	0.109	0.027	9.472	0.500
1427787128921	37.499829	139.922994	10	0.097	0.034	9.476	0.500
1427787129021	37.499829	139.922995	10	0.088	0.042	9.481	0.500
1427787129121	37.499829	139.922996	10	0.089	0.034	9.462	0.500
1427787129222	37.499829	139.922997	10	0.087	0.022	9.455	0.500
1427787129323	37.499829	139.922998	10	0.084	0.026	9.467	0.500
1427787129424	37.499828	139.922999	10	0.080	0.025	9.476	0.500
1427787129524	37.499828	139.923000	10	0.081	0.018	9.462	0.500
1427787129620	37.499828	139.923001	10	0.074	0.017	9.456	0.500
1427787129721	37.499828	139.923002	10	0.080	0.027	9.465	0.500
1427787129821	37.499828	139.923003	10	0.085	0.027	9.457	0.500
1427787129922	37.499828	139.923004	11	0.079	0.020	9.441	0.500
1427787130023	37.499828	139.923005	11	0.076	0.018	9.444	0.500
1427787130123	37.499828	139.923006	11	0.079	0.025	9.457	0.500
1427787130224	37.499828	139.923007	11	0.081	0.025	9.448	0.500
1427787130320	37.499828	139.923008	11	0.081	0.014	9.437	0.500
1427787130421	37.499828	139.923009	11	0.074	0.015	9.443	0.500
1427787130521	37.499827	139.923010	11	0.080	0.023	9.456	0.500
1427787130622	37.499827	139.923011	11	0.079	0.018	9.443	0.500
1427787130723	37.499827	139.923012	11	0.074	0.015	9.438	0.500
1427787130823	37.499827	139.923013	11	0.072	0.018	9.443	0.500
1427787130924	37.499827	139.923014	11	0.079	0.021	9.446	0.500
1427787131020	37.499827	139.923015	11	0.090	0.014	9.428	0.500
1427787131121	37.499827	139.923015	11	0.084	0.009	9.428	0.500
1427787131221	37.499827	139.923016	11	0.084	0.020	9.440	0.500
1427787131322	37.499827	139.923017	11	0.088	0.018	9.441	0.500
1427787131423	37.499828	139.923018	11	0.087	0.012	9.429	0.500
1427787131523	37.499828	139.923018	11	0.078	0.014	9.431	0.500
1427787131624	37.499828	139.923019	11	0.083	0.022	9.444	0.500
1427787131720	37.499828	139.923020	11	0.086	0.015	9.433	0.500
1427787131820	37.499828	139.923020	11	0.086	0.011	9.425	0.500
1427787131921	37.499828	139.923021	10	0.085	0.014	9.435	0.500
1427787132022	37.499828	139.923022	10	0.091	0.013	9.425	0.500
1427787132123	37.499828	139.923023	10	0.096	0.014	9.432	0.500
1427787132223	37.499828	139.923023	10	0.094	0.009	9.433	0.500
1427787132324	37.499828	139.923024	10	0.087	0.011	9.442	0.500
1427787132420	37.499828	139.923025	10	0.089	0.017	9.447	0.500
1427787132520	37.499829	139.923025	10	0.092	0.007	9.432	0.500
1427787132621	37.499829	139.923026	10	0.088	-0.002	9.440	0.500
1427787132722	37.499829	139.923027	10	0.095	0.004	9.454	0.500
1427787132822	37.499829	139.923028	10	0.098	-0.000	9.450	0.500
1427787132923	37.499829	139.923029	10	0.078	-0.013	9.423	0.500
1427787133024	37.499829	139.923029	10	0.020	-0.029	9.383	0.500
1427787133120	37.499829	139.923030	10	-0.021	0.030	9.472	0.500
1427787133220	37.499829	139.923031	10	0.036	0.063	9.505	0.500
1427787133321	37.499829	139.923032	10	0.090	0.136	9.512	0.500
1427787133422	37.499829	139.923032	10	0.121	0.203	9.487	0.500
1427787133522	37.499830	139.923033	10	0.149	0.257	9.396	0.500
1427787133623	37.499830	139.923034	10	0.199	0.390	9.451	0.500
1427787133724	37.499830	139.923035	10	0.225	0.503	9.482	0.500
1427787133825	37.499830	139.923035	10	0.217	0.526	9.415	0.500
1427787133920	37.499830	139.923036	10	0.208	0.560	9.434	0.500
1427787134021	37.499830	139.923037	10	0.207	0.580	9.452	0.506
1427787134122	37.499830	139.923037	10	0.227	0.673	9.486	0.512
1427787134222	37.499830	139.923038	10	0.312	0.914	9.506	0.517
1427787134323	37.499830	139.923038	10	0.422	1.172	9.502	0.523
1427787134424	37.499830	139.923039	10	0.487	1.374	9.481	0.529
1427787134524	37.499829	139.923040	10	0.473	1.539	9.454	0.535
1427787134620	37.499829	139.923040	10	0.400	1.604	9.418	0.541
1427787134721	37.499829	139.923041	10	0.343	1.585	9.325	0.548
1427787134822	37.499829	139.923041	10	0.360	1.594	9.446	0.554
1427787134922	37.499829	139.923042	8	0.447	1.617	9.642	0.561
1427787135023	37.499829	139.923043	8	0.461	1.624	9.609	0.588
1427787135124	37.499829	139.923044	8	0.490	1.702	9.467	0.617
1427787135224	37.499829	139.923045	8	0.431	1.769	9.365	0.647
1427787135320	37.499829	139.923046	8	0.269	1.747	9.239	0.677
1427787135421	37.499829	139.923047	8	0.127	1.437	9.087	0.711
1427787135521	37.499829	139.923049	8	0.069	0.880	9.151	0.745
1427787135622	37.499829	139.923050	8	0.115	0.423	9.439	0.782
1427787135723	37.499829	139.923051	8	0.164	-0.033	9.677	0.820
1427787135824	37.499829	139.923053	8	0.128	-0.338	9.762	0.860
1427787135924	37.499829	139.923054	7	0.079	-0.366	9.536	0.901
1427787136020	37.499829	139.923055	7	-0.005	-0.241	9.441	0.920
1427787136121	37.499828	139.923055	7	-0.040	-0.040	9.492	0.940
1427787136221	37.499828	139.923056	7	-0.000	0.316	9.610	0.961
1427787136322	37.499828	139.923057	7	0.045	0.656	9.489	0.983
1427787136423	37.499827	139.923057	7	0.054	0.795	9.168	1.005
1427787136524	37.499827	139.923058	7	0.056	0.697	8.998	1.027
1427787136624	37.499826	139.923059	7	0.076	0.493	9.174	1.050
1427787136720	37.499826	139.923059	7	-0.009	0.435	9.566	1.072
1427787136821	37.499825	139.923060	7	-0.016	0.460	9.622	1.096
1427787136921	37.499825	139.923061	8	0.022	0.449	9.396	1.121
1427787137022	37.499824	139.923063	8	0.055	0.584	9.419	1.176
1427787137123	37.499824	139.923065	8	0.148	0.616	9.514	1.235
1427787137223	37.499823	139.923067	8	0.270	0.641	9.432	1.297
1427787137324	37.499822	139.923069	8	0.332	0.644	9.387	1.363
1427787137420	37.499821	139.923071	8	0.290	0.599	9.544	1.428
1427787137520	37.499821	139.923073	8	0.182	0.511	9.634	1.500
1427787137621	37.499820	139.923075	8	0.057	0.432	9.442	1.576
1427787137722	37.499819	139.923078	8	0.003	0.376	9.280	1.655
1427787137823	37.499818	139.923080	8	-0.021	0.310	9.292	1.738
1427787137923	37.499817	139.923083	8	-0.013	0.242	9.387	1.821
1427787138024	37.499816	139.923086	8	0.061	0.136	9.360	1.865
1427787138120	37.499815	139.923088	8	0.187	-0.014	9.477	1.907
1427787138220	37.499815	139.923090	8	0.328	-0.098	9.593	1.952
1427787138321	37.499814	139.923093	8	0.304	-0.117	9.617	1.999
1427787138422	37.499813	139.923096	8	0.259	-0.135	9.522	2.047
1427787138522	37.499812	139.923099	8	0.199	-0.152	9.457	2.096
1427787138623	37.499811	139.923101	8	0.206	-0.158	9.470	2.146
1427787138724	37.499810	139.923104	8	0.215	-0.132	9.399	2.197
1427787138820	37.499809	139.923107	8	0.185	-0.100	9.363	2.247
1427787138920	37.499808	139.923110	7	0.079	-0.074	9.259	2.300
1427787139021	37.499807	139.923113	7	0.032	-0.052	9.273	2.300
1427787139122	37.499807	139.923116	7	0.004	-0.040	9.423	2.300
1427787139222	37.499806	139.923119	7	0.021	-0.070	9.487	2.300
1427787139323	37.499805	139.923122	7	0.082	-0.112	9.505	2.300
1427787139424	37.499804	139.923125	7	0.203	-0.153	9.413	2.300
1427787139520	37.499804	139.923128	7	0.315	-0.145	9.315	2.300
1427787139620	37.499803	139.923131	7	0.397	0.176	9.485	2.300
1427787139721	37.499802	139.923134	7	0.389	0.292	9.496	2.300
1427787139822	37.499802	139.923137	7	0.129	0.653	9.687	2.300
1427787139922	37.499801	139.923140	6	0.207	0.765	9.320	2.300
1427787140023	37.499800	139.923143	6	0.295	0.816	9.133	2.325
1427787140124	37.499799	139.923147	6	0.326	1.008	9.428	2.349
1427787140225	37.499799	139.923150	6	0.414	1.199	9.623	2.374
1427787140320	37.499798	139.923154	6	0.486	1.252	9.679	2.397
1427787140421	37.499797	139.923157	6	0.544	1.260	9.623	2.422
1427787140522	37.499796	139.923161	6	0.517	1.230	9.744	2.447
1427787140622	37.499795	139.923164	6	0.404	1.324	9.289	2.473
1427787140723	37.499795	139.923168	6	0.280	1.337	9.066	2.499
1427787140824	37.499794	139.923171	6	0.078	1.066	9.123	2.525
1427787140924	37.499793	139.923175	5	-0.106	0.714	9.108	2.551
1427787141020	37.499792	139.923179	5	-0.194	0.500	8.857	2.574
1427787141121	37.499791	139.923182	5	-0.383	0.348	8.959	2.598
1427787141222	37.499790	139.923186	5	-0.215	0.062	9.737	2.623
1427787141322	37.499789	139.923190	5	-0.048	-0.229	9.977	2.648
1427787141423	37.499788	139.923194	5	-0.010	-0.418	9.660	2.673
1427787141524	37.499787	139.923198	5	0.076	-0.343	9.257	2.698
1427787141624	37.499786	139.923201	5	0.126	-0.303	9.228	2.724
1427787141720	37.499785	139.923205	5	0.070	-0.269	9.379	2.748
1427787141821	37.499784	139.923209	5	-0.070	-0.188	9.395	2.774
1427787141921	37.499783	139.923213	5	-0.152	-0.040	9.185	2.801
1427787142022	37.499782	139.923217	5	-0.157	0.016	9.292	2.868
1427787142123	37.499781	139.923221	5	-0.170	0.037	9.574	2.936
1427787142224	37.499780	139.923226	5	-0.137	0.073	9.448	3.007
1427787142324	37.499778	139.923230	5	-0.081	0.184	9.175	3.078
1427787142420	37.499777	139.923235	5	-0.013	0.194	9.111	3.148
1427787142521	37.499776	139.923239	5	0.094	0.120	9.423	3.224
1427787142621	37.499775	139.923244	5	0.141	-0.038	9.913	3.301
1427787142722	37.499774	139.923249	5	0.118	-0.137	10.020	3.380
1427787142823	37.499772	139.923254	5	0.112	-0.118	9.601	3.461
1427787142924	37.499771	139.923259	5	0.057	-0.061	9.274	3.540
1427787143024	37.499770	139.923264	5	0.025	0.023	8.997	3.540
1427787143120	37.499769	139.923268	5	0.002	0.022	9.026	3.540
1427787143221	37.499768	139.923272	5	0.089	0.038	9.273	3.540
1427787143321	37.499767	139.923277	5	0.164	0.036	9.569	3.540
1427787143422	37.499766	139.923281	5	0.181	0.016	9.768	3.540
1427787143523	37.499765	139.923286	5	0.184	0.032	9.665	3.540
1427787143623	37.499764	139.923290	5	0.150	0.072	9.528	3.540
1427787143724	37.499763	139.923294	5	0.108	0.062	9.533	3.540
1427787143820	37.499762	139.923299	5	0.088	0.050	9.527	3.540
1427787143920	37.499761	139.923303	5	0.065	0.129	9.087	3.540
1427787144021	37.499760	139.923307	5	-0.017	0.030	9.213	3.540
1427787144122	37.499759	139.923311	5	-0.011	-0.053	9.515	3.540
1427787144223	37.499758	139.923316	5	0.115	-0.100	9.513	3.540
1427787144323	37.499757	139.923320	5	0.283	-0.099	9.406	3.540
1427787144424	37.499756	139.923324	5	0.375	-0.026	9.268	3.540
1427787144520	37.499755	139.923328	5	0.358	0.042	9.267	3.540
1427787144620	37.499754	139.923332	5	0.258	0.029	9.503	3.540
1427787144721	37.499753	139.923337	5	0.101	-0.004	9.621	3.540
1427787144822	37.499752	139.923341	5	-0.002	0.015	9.524	3.540
1427787144923	37.499751	139.923345	5	-0.056	-0.087	9.471	3.540
1427787145023	37.499750	139.923349	5	-0.015	-0.113	9.370	3.540
1427787145124	37.499749	139.923354	5	0.063	-0.096	9.333	3.540
1427787145220	37.499748	139.923358	5	0.144	-0.077	9.322	3.540
1427787145320	37.499747	139.923362	5	0.204	-0.005	9.606	3.540
1427787145421	37.499745	139.923366	5	0.247	0.068	9.837	3.540
1427787145522	37.499744	139.923370	5	0.273	0.207	9.733	3.540
1427787145622	37.499743	139.923374	5	0.169	0.340	9.613	3.540
1427787145723	37.499742	139.923379	5	0.114	0.502	9.317	3.540
1427787145824	37.499741	139.923383	5	0.080	0.497	9.322	3.540
1427787145920	37.499740	139.923387	6	0.021	0.462	9.601	3.540
1427787146020	37.499739	139.923391	6	-0.027	0.389	9.852	3.563
1427787146121	37.499737	139.923396	6	-0.021	0.339	9.768	3.587
1427787146222	37.499736	139.923400	6	-0.022	0.268	9.503	3.611
1427787146322	37.499735	139.923405	6	-0.002	0.162	9.255	3.635
1427787146423	37.499734	139.923409	6	0.044	0.170	8.946	3.659
1427787146524	37.499732	139.923414	6	0.067	-0.115	9.178	3.683
1427787146625	37.499731	139.923418	6	0.055	-0.461	9.755	3.708
1427787146720	37.499730	139.923423	6	0.022	-0.578	9.890	3.731
1427787146821	37.499728	139.923427	6	0.016	-0.520	9.781	3.756
1427787146922	37.499727	139.923432	6	0.014	-0.394	9.553	3.780
1427787147022	37.499725	139.923436	6	0.061	-0.303	9.153	3.755
1427787147123	37.499724	139.923439	6	0.042	-0.246	8.975	3.730
1427787147224	37.499722	139.923443	6	-0.007	-0.268	9.208	3.705
1427787147324	37.499720	139.923446	6	-0.016	-0.330	9.563	3.681
1427787147420	37.499719	139.923449	6	-0.044	-0.399	9.944	3.658
1427787147521	37.499717	139.923453	6	0.052	-0.434	10.030	3.634
1427787147622	37.499716	139.923456	6	0.124	-0.352	9.650	3.610
1427787147722	37.499714	139.923459	6	0.196	-0.228	9.292	3.586
1427787147823	37.499713	139.923463	6	0.230	-0.163	9.017	3.563
1427787147924	37.499711	139.923466	6	0.154	-0.099	9.121	3.540
1427787148024	37.499709	139.923469	6	0.020	-0.107	9.455	3.540
1427787148121	37.499708	139.923472	6	-0.077	-0.117	9.559	3.540
1427787148221	37.499706	139.923476	6	-0.063	-0.095	9.401	3.540
1427787148321	37.499704	139.923479	6	-0.012	-0.085	9.415	3.540
1427787148422	37.499702	139.923482	6	0.004	-0.085	9.570	3.540
1427787148523	37.499701	139.923485	6	0.093	-0.078	9.457	3.540
1427787148624	37.499699	139.923489	6	0.192	-0.054	9.241	3.540
1427787148724	37.499697	139.923492	6	0.239	-0.074	9.260	3.540
1427787148820	37.499696	139.923495	6	0.202	-0.088	9.459	3.540
1427787148921	37.499694	139.923498	6	0.066	-0.084	9.528	3.540
1427787149021	37.499693	139.923501	6	-0.069	-0.064	9.555	3.540
1427787149122	37.499692	139.923505	6	-0.064	-0.065	9.689	3.540
1427787149223	37.499690	139.923508	6	-0.058	-0.044	9.590	3.540
1427787149323	37.499689	139.923512	6	-0.156	0.061	9.051	3.540
1427787149424	37.499688	139.923515	6	-0.169	0.076	9.166	3.540
1427787149520	37.499687	139.923518	6	-0.047	0.032	9.407	3.540
1427787149621	37.499686	139.923522	6	0.033	-0.035	9.584	3.540
1427787149721	37.499684	139.923525	6	0.070	-0.095	9.655	3.540
1427787149822	37.499683	139.923529	6	0.118	-0.095	9.540	3.540
1427787149923	37.499682	139.923532	6	0.163	-0.049	9.398	3.540
1427787150023	37.499681	139.923536	6	0.220	-0.013	9.404	3.540
1427787150124	37.499681	139.923540	6	0.219	-0.047	9.553	3.540
1427787150220	37.499680	139.923543	6	0.154	-0.125	9.710	3.540
1427787150320	37.499679	139.923547	6	0.092	-0.149	9.781	3.540
1427787150421	37.499678	139.923551	6	0.096	-0.065	9.477	3.540
1427787150522	37.499678	139.923555	6	0.045	-0.049	9.344	3.540
1427787150623	37.499677	139.923559	6	0.007	0.057	9.284	3.540
1427787150723	37.499676	139.923563	6	-0.004	0.075	9.221	3.540
1427787150824	37.499676	139.923566	6	0.058	0.030	9.358	3.540
1427787150920	37.499675	139.923570	6	0.152	0.012	9.345	3.540
1427787151020	37.499675	139.923574	6	0.237	-0.002	9.469	3.514
1427787151122	37.499674	139.923577	6	0.264	-0.005	9.559	3.488
1427787151222	37.499674	139.923581	6	0.233	0.004	9.552	3.463
1427787151322	37.499673	139.923584	6	0.184	-0.015	9.486	3.437
1427787151423	37.499673	139.923588	6	0.154	0.014	9.434	3.412
1427787151524	37.499673	139.923591	6	0.093	0.044	9.338	3.387
1427787151620	37.499672	139.923595	6	0.005	0.026	9.393	3.363
1427787151720	37.499672	139.923598	6	-0.090	0.007	9.457	3.339
1427787151821	37.499671	139.923602	6	-0.108	0.015	9.436	3.314
1427787151922	37.499671	139.923605	6	-0.087	0.015	9.422	3.290
1427787152022	37.499670	139.923609	6	0.047	0.026	9.377	3.290
1427787152123	37.499669	139.923613	6	0.172	0.019	9.252	3.290
1427787152224	37.499669	139.923616	6	0.199	-0.011	9.428	3.290
1427787152320	37.499668	139.923620	6	0.124	-0.048	9.756	3.290
1427787152420	37.499667	139.923623	6	0.007	-0.124	9.587	3.290
1427787152521	37.499666	139.923627	6	-0.049	-0.153	9.280	3.290
1427787152622	37.499665	139.923631	6	-0.007	-0.148	9.178	3.290
1427787152722	37.499665	139.923635	6	0.046	-0.202	9.313	3.290
1427787152823	37.499664	139.923638	6	0.065	-0.263	9.354	3.290
1427787152924	37.499663	139.923642	6	0.023	-0.303	9.496	3.290
1427787153024	37.499662	139.923646	6	-0.047	-0.288	9.680	3.290
1427787153120	37.499661	139.923649	6	-0.068	-0.265	9.557	3.290
1427787153221	37.499659	139.923652	6	-0.002	-0.266	9.343	3.290
1427787153322	37.499658	139.923656	6	0.043	-0.268	9.371	3.290
1427787153422	37.499657	139.923659	6	0.042	-0.316	9.613	3.290
1427787153523	37.499656	139.923663	6	0.052	-0.316	9.726	3.290
1427787153624	37.499655	139.923666	6	0.086	-0.266	9.348	3.290
1427787153724	37.499653	139.923669	6	0.111	-0.248	9.162	3.290
1427787153820	37.499652	139.923673	6	0.070	-0.244	9.473	3.290
1427787153921	37.499651	139.923676	7	-0.012	-0.234	9.695	3.290
1427787154021	37.499649	139.923679	7	-0.024	-0.214	9.537	3.290
1427787154122	37.499647	139.923681	7	-0.004	-0.202	9.388	3.290
1427787154223	37.499645	139.923684	7	0.065	-0.139	9.340	3.290
1427787154324	37.499643	139.923687	7	0.132	-0.062	9.421	3.290
1427787154424	37.499641	139.923689	7	0.162	0.006	9.425	3.290
1427787154520	37.499640	139.923692	7	0.129	0.047	9.411	3.290
1427787154621	37.499638	139.923694	7	0.110	0.075	9.481	3.290
1427787154721	37.499636	139.923697	7	0.116	0.083	9.533	3.290
1427787154822	37.499634	139.923699	7	0.083	0.086	9.467	3.290
1427787154923	37.499632	139.923702	8	0.040	0.014	9.391	3.287
1427787155024	37.499630	139.923704	8	-0.024	-0.067	9.383	3.171
1427787155124	37.499629	139.923705	8	-0.073	-0.125	9.547	3.060
1427787155220	37.499628	139.923706	8	-0.046	-0.212	9.686	2.956
1427787155321	37.499626	139.923708	8	0.028	-0.265	9.533	2.851
1427787155421	37.499625	139.923709	8	0.076	-0.245	9.329	2.750
1427787155522	37.499624	139.923710	8	0.083	-0.215	9.349	2.652
1427787155623	37.499622	139.923712	8	0.119	-0.233	9.413	2.557
1427787155724	37.499621	139.923713	8	0.145	-0.300	9.503	2.466
1427787155824	37.499620	139.923714	8	0.129	-0.337	9.568	2.380
1427787155920	37.499619	139.923715	8	0.082	-0.349	9.437	2.300
1427787156021	37.499618	139.923716	8	0.019	-0.408	9.341	2.215
1427787156121	37.499618	139.923717	8	0.017	-0.496	9.409	2.134
1427787156222	37.499617	139.923718	8	0.049	-0.602	9.559	2.054
1427787156323	37.499617	139.923719	8	0.024	-0.672	9.532	1.978
1427787156423	37.499616	139.923720	8	-0.071	-0.695	9.427	1.904
1427787156524	37.499616	139.923721	8	-0.172	-0.689	9.357	1.833
1427787156620	37.499615	139.923722	8	-0.151	-0.686	9.365	1.768
1427787156720	37.499615	139.923722	8	-0.050	-0.686	9.420	1.703
1427787156821	37.499614	139.923723	8	0.030	-0.702	9.400	1.639
1427787156922	37.499614	139.923724	7	0.053	-0.701	9.326	1.579
1427787157023	37.499614	139.923725	7	0.028	-0.714	9.385	1.525
1427787157123	37.499614	139.923727	7	-0.049	-0.709	9.554	1.474
1427787157224	37.499614	139.923728	7	-0.100	-0.650	9.644	1.424
1427787157320	37.499614	139.923729	7	-0.116	-0.554	9.566	1.377
1427787157420	37.499614	139.923730	7	-0.084	-0.421	9.410	1.330
1427787157522	37.499614	139.923731	7	-0.017	-0.283	9.280	1.284
1427787157622	37.499614	139.923732	7	0.048	-0.213	9.256	1.241
1427787157722	37.499614	139.923733	7	0.106	-0.197	9.343	1.199
1427787157823	37.499614	139.923734	7	0.125	-0.205	9.463	1.158
1427787157924	37.499614	139.923735	7	0.114	-0.213	9.551	1.120
1427787158020	37.499614	139.923736	7	0.084	-0.220	9.560	1.120
1427787158120	37.499615	139.923738	7	0.072	-0.217	9.474	1.120
1427787158221	37.499615	139.923739	7	0.086	-0.213	9.410	1.120
1427787158322	37.499616	139.923741	7	0.119	-0.226	9.459	1.120
1427787158423	37.499616	139.923742	7	0.141	-0.239	9.550	1.120
1427787158523	37.499616	139.923743	7	0.144	-0.242	9.539	1.120
1427787158624	37.499617	139.923745	7	0.140	-0.228	9.457	1.120
1427787158720	37.499617	139.923746	7	0.119	-0.183	9.411	1.120
1427787158820	37.499618	139.923748	7	0.096	-0.154	9.405	1.120
1427787158921	37.499618	139.923749	6	0.056	-0.164	9.395	1.120
1427787159022	37.499618	139.923750	6	-0.005	-0.249	9.400	1.120
1427787159122	37.499618	139.923751	6	-0.055	-0.412	9.383	1.120
1427787159223	37.499619	139.923752	6	-0.078	-0.601	9.382	1.120
1427787159324	37.499619	139.923753	6	-0.070	-0.777	9.436	1.120
1427787159424	37.499619	139.923755	6	-0.060	-0.909	9.512	1.120
1427787159520	37.499619	139.923756	6	-0.064	-0.963	9.530	1.120
1427787159621	37.499619	139.923757	6	-0.081	-0.941	9.459	1.120
1427787159722	37.499620	139.923758	6	-0.097	-0.901	9.396	1.120
1427787159822	37.499620	139.923759	6	-0.094	-0.847	9.391	1.120
1427787159923	37.499620	139.923760	6	-0.043	-0.699	9.482	1.119
1427787160024	37.499620	139.923761	6	0.004	-0.541	9.498	1.095
1427787160124	37.499620	139.923762	6	0.023	-0.410	9.407	1.071
1427787160220	37.499621	139.923763	6	0.035	-0.321	9.314	1.049
1427787160321	37.499621	139.923764	6	0.032	-0.286	9.339	1.026
1427787160421	37.499621	139.923765	6	0.040	-0.275	9.480	1.004
1427787160522	37.499621	139.923766	6	0.063	-0.250	9.539	0.982
1427787160623	37.499621	139.923767	6	0.086	-0.206	9.465	0.960
1427787160724	37.499622	139.923767	6	0.084	-0.175	9.389	0.939
1427787160824	37.499622	139.923768	6	0.060	-0.169	9.428	0.919
1427787160920	37.499622	139.923769	6	0.053	-0.158	9.511	0.900
1427787161021	37.499623	139.923769	6	0.057	-0.142	9.520	0.849
1427787161121	37.499625	139.923770	6	0.076	-0.101	9.471	0.801
1427787161222	37.499626	139.923770	6	0.091	-0.062	9.438	0.755
1427787161323	37.499627	139.923770	6	0.096	-0.030	9.440	0.711
1427787161424	37.499628	139.923771	6	0.092	-0.015	9.466	0.670
1427787161524	37.499629	139.923771	6	0.082	-0.009	9.467	0.631
1427787161620	37.499630	139.923771	6	0.084	0.024	9.470	0.596
1427787161721	37.499631	139.923772	6	0.125	0.117	9.499	0.561
1427787161821	37.499632	139.923772	6	0.148	0.167	9.447	0.529
1427787161922	37.499633	139.923772	6	0.123	0.107	9.337	0.500
1427787162023	37.499634	139.923772	6	0.089	0.063	9.400	0.500
1427787162123	37.499634	139.923773	6	0.072	0.030	9.517	0.500
1427787162224	37.499635	139.923773	6	0.084	-0.004	9.491	0.500
1427787162320	37.499635	139.923774	6	0.099	0.029	9.416	0.500
1427787162421	37.499636	139.923774	6	0.106	0.084	9.398	0.500
1427787162521	37.499637	139.923774	6	0.078	0.066	9.410	0.500
1427787162622	37.499637	139.923775	6	0.075	0.023	9.434	0.500
1427787162723	37.499638	139.923775	6	0.099	0.005	9.484	0.500
1427787162823	37.499638	139.923776	6	0.108	0.012	9.448	0.500
1427787162924	37.499639	139.923776	6	0.105	0.040	9.388	0.500
1427787163020	37.499639	139.923776	6	0.101	0.055	9.406	0.500
1427787163120	37.499640	139.923777	6	0.099	0.034	9.443	0.500
1427787163221	37.499640	139.923777	6	0.099	0.006	9.449	0.500
1427787163322	37.499641	139.923777	6	0.114	0.012	9.461	0.500
1427787163423	37.499641	139.923778	6	0.126	0.039	9.447	0.500
1427787163523	37.499641	139.923778	6	0.132	0.052	9.414	0.500
1427787163624	37.499642	139.923778	6	0.116	0.038	9.433	0.500
1427787163720	37.499642	139.923778	6	0.100	0.025	9.464	0.500
1427787163820	37.499643	139.923779	6	0.097	0.020	9.470	0.500
1427787163921	37.499643	139.923779	4	0.118	0.045	9.473	0.500
1427787164022	37.499643	139.923779	4	0.118	0.060	9.445	0.500
1427787164122	37.499644	139.923780	4	0.094	0.056	9.445	0.500
1427787164223	37.499644	139.923780	4	0.083	0.035	9.482	0.500
1427787164324	37.499644	139.923781	4	0.093	0.031	9.497	0.500
1427787164420	37.499645	139.923781	4	0.098	0.026	9.460	0.500
1427787164520	37.499645	139.923781	4	0.085	0.045	9.429	0.500
1427787164621	37.499645	139.923782	4	0.077	0.052	9.408	0.500
1427787164722	37.499645	139.923782	4	0.076	0.038	9.447	0.500
1427787164822	37.499646	139.923783	4	0.092	0.021	9.463	0.500
1427787164923	37.499646	139.923783	4	0.096	0.015	9.441	0.500
1427787165024	37.499646	139.923783	4	0.088	0.037	9.419	0.500
1427787165120	37.499646	139.923783	4	0.078	0.044	9.419	0.500
1427787165220	37.499647	139.923784	4	0.086	0.026	9.424	0.500
1427787165321	37.499647	139.923784	4	0.096	0.010	9.443	0.500
1427787165422	37.499647	139.923784	4	0.106	0.011	9.431	0.500
1427787165522	37.499647	139.923784	4	0.112	0.025	9.414	0.500
1427787165623	37.499647	139.923784	4	0.121	0.043	9.429	0.500
1427787165724	37.499648	139.923785	4	0.118	0.035	9.440	0.500
1427787165820	37.499648	139.923785	4	0.113	0.023	9.448	0.500
1427787165920	37.499648	139.923785	4	0.123	0.030	9.459	0.500
1427787166021	37.499648	139.923785	4	0.120	0.046	9.465	0.500
1427787166122	37.499648	139.923785	4	0.126	0.057	9.454	0.500
1427787166222	37.499649	139.923786	4	0.120	0.049	9.462	0.500
1427787166323	37.499649	139.923786	4	0.105	0.040	9.472	0.500
1427787166424	37.499649	139.923786	4	0.098	0.037	9.480	0.500
1427787166524	37.499649	139.923786	4	0.102	0.051	9.480	0.500
1427787166620	37.499649	139.923786	4	0.096	0.052	9.454	0.500
1427787166721	37.499650	139.923787	4	0.087	0.047	9.446	0.500
1427787166821	37.499650	139.923787	4	0.080	0.038	9.458	0.500
1427787166922	37.499650	139.923787	4	0.082	0.028	9.438	0.500
1427787167023	37.499650	139.923787	4	0.093	0.035	9.425	0.500
1427787167124	37.499650	139.923787	4	0.089	0.033	9.417	0.500
1427787167224	37.499651	139.923787	4	0.076	0.031	9.415	0.500
1427787167320	37.499651	139.923787	4	0.075	0.027	9.436	0.500
1427787167421	37.499651	139.923788	4	0.092	0.029	9.440	0.500
1427787167521	37.499651	139.923788	4	0.103	0.023	9.428	0.500
1427787167622	37.499651	139.923788	4	0.095	0.030	9.411	0.500
1427787167723	37.499652	139.923788	4	0.089	0.029	9.416	0.500
1427787167824	37.499652	139.923788	4	0.100	0.026	9.427	0.500
1427787167924	37.499652	139.923788	4	0.111	0.025	9.440	0.500
1427787168020	37.499652	139.923788	4	0.112	0.021	9.430	0.500
1427787168121	37.499652	139.923788	4	0.113	0.026	9.417	0.500
1427787168221	37.499652	139.923789	4	0.112	0.037	9.437	0.500
1427787168322	37.499652	139.923789	4	0.122	0.038	9.448	0.500
1427787168423	37.499653	139.923789	4	0.130	0.035	9.446	0.500
1427787168523	37.499653	139.923789	4	0.128	0.041	9.457	0.500
1427787168624	37.499653	139.923789	4	0.115	0.049	9.464	0.500
1427787168720	37.499653	139.923790	4	0.115	0.053	9.475	0.500
1427787168821	37.499653	139.923790	4	0.112	0.043	9.481	0.500
1427787168921	37.499653	139.923790	4	0.107	0.037	9.468	0.500
1427787169022	37.499653	139.923790	4	0.095	0.041	9.464	0.500
1427787169123	37.499653	139.923790	4	0.095	0.051	9.468	0.500
1427787169223	37.499654	139.923790	4	0.097	0.051	9.456	0.500
1427787169324	37.499654	139.923790	4	0.094	0.039	9.443	0.500
1427787169420	37.499654	139.923790	4	0.088	0.030	9.434	0.500
1427787169520	37.499654	139.923791	4	0.084	0.027	9.432	0.500
1427787169621	37.499654	139.923791	4	0.098	0.034	9.434	0.500
1427787169722	37.499655	139.923791	4	0.105	0.031	9.425	0.500
1427787169823	37.499655	139.923791	4	0.096	0.027	9.424	0.500
1427787169923	37.499655	139.923791	4	0.090	0.019	9.425	0.500
1427787170024	37.499655	139.923791	4	0.104	0.026	9.436	0.500
1427787170120	37.499655	139.923791	4	0.114	0.035	9.446	0.500
1427787170220	37.499656	139.923792	4	0.113	0.031	9.433	0.500
1427787170321	37.499656	139.923792	4	0.114	0.034	9.445	0.500
1427787170422	37.499656	139.923792	4	0.113	0.044	9.471	0.500
1427787170523	37.499656	139.923792	4	0.120	0.047	9.473	0.500
1427787170623	37.499656	139.923792	4	0.120	0.048	9.465	0.500
1427787170724	37.499657	139.923793	4	0.102	0.047	9.458	0.500
1427787170820	37.499657	139.923793	4	0.087	0.044	9.461	0.500
1427787170920	37.499657	139.923793	4	0.096	0.050	9.478	0.500
1427787171021	37.499657	139.923793	4	0.100	0.047	9.468	0.500
1427787171122	37.499657	139.923793	4	0.091	0.042	9.444	0.500
1427787171222	37.499657	139.923793	4	0.081	0.042	9.445	0.500
1427787171323	37.499657	139.923793	4	0.079	0.041	9.455	0.500
1427787171424	37.499657	139.923793	4	0.089	0.035	9.457	0.500
1427787171525	37.499658	139.923794	4	0.098	0.030	9.442	0.500
1427787171620	37.499658	139.923794	4	0.092	0.022	9.430	0.500
1427787171721	37.499658	139.923794	4	0.089	0.025	9.429	0.500
1427787171822	37.499658	139.923794	4	0.097	0.027	9.434	0.500
1427787171922	37.499658	139.923794	4	0.108	0.025	9.433	0.500
1427787172023	37.499658	139.923794	4	0.111	0.023	9.428	0.500
1427787172124	37.499658	139.923794	4	0.113	0.025	9.428	0.500
1427787172224	37.499658	139.923794	4	0.112	0.035	9.443	0.500
1427787172320	37.499658	139.923794	4	0.115	0.037	9.457	0.500
1427787172421	37.499658	139.923795	4	0.119	0.032	9.455	0.500
1427787172522	37.499658	139.923795	4	0.116	0.035	9.462	0.500
1427787172622	37.499658	139.923795	4	0.112	0.043	9.465	0.500
1427787172723	37.499658	139.923795	4	0.109	0.044	9.467	0.500
1427787172824	37.499658	139.923795	4	0.115	0.048	9.473	0.500
1427787172924	37.499658	139.923795	4	0.107	0.046	9.462	0.500
1427787173020	37.499658	139.923795	4	0.093	0.046	9.454	0.500
1427787173121	37.499658	139.923795	4	0.094	0.052	9.468	0.500
1427787173221	37.499658	139.923795	4	0.094	0.048	9.466	0.500
1427787173322	37.499658	139.923795	4	0.091	0.044	9.447	0.500
1427787173423	37.499658	139.923795	4	0.084	0.040	9.440	0.500
1427787173524	37.499658	139.923795	4	0.081	0.038	9.436	0.500
1427787173624	37.499658	139.923795	4	0.091	0.034	9.445	0.500
1427787173720	37.499658	139.923795	4	0.094	0.029	9.434	0.500
1427787173821	37.499658	139.923795	4	0.092	0.028	9.421	0.500
1427787173921	37.499658	139.923795	4	0.095	0.032	9.421	0.500
1427787174022	37.499658	139.923795	4	0.103	0.031	9.427	0.500
1427787174123	37.499658	139.923795	4	0.109	0.032	9.439	0.500
1427787174224	37.499658	139.923795	4	0.109	0.029	9.439	0.500
1427787174324	37.499658	139.923795	4	0.103	0.027	9.428	0.500
1427787174420	37.499658	139.923795	4	0.105	0.036	9.427	0.500
1427787174521	37.499658	139.923795	4	0.117	0.041	9.447	0.500
1427787174621	37.499658	139.923795	4	0.127	0.036	9.438	0.500
1427787174722	37.499658	139.923795	4	0.124	0.035	9.456	0.500
1427787174823	37.499658	139.923795	4	0.106	0.042	9.452	0.500
1427787174923	37.499658	139.923795	4	0.101	0.049	9.461	0.500
1427787175024	37.499658	139.923795	4	0.102	0.036	9.444	0.500
1427787175120	37.499658	139.923795	4	0.093	0.027	9.425	0.500
1427787175221	37.499658	139.923795	4	0.089	0.025	9.417	0.500
1427787175321	37.499658	139.923795	4	0.104	0.029	9.421	0.500
1427787175422	37.499658	139.923796	4	0.116	0.033	9.427	0.500
1427787175523	37.499658	139.923796	4	0.116	0.037	9.425	0.500
1427787175623	37.499658	139.923796	4	0.114	0.039	9.439	0.500
1427787175724	37.499658	139.923796	4	0.109	0.046	9.454	0.500
1427787175820	37.499658	139.923796	4	0.118	0.050	9.467	0.500
1427787175920	37.499658	139.923796	4	0.125	0.048	9.463	0.500
1427787176021	37.499658	139.923796	4	0.121	0.047	9.463	0.500
1427787176122	37.499658	139.923796	4	0.118	0.046	9.464	0.500
1427787176223	37.499658	139.923796	4	0.112	0.047	9.470	0.500
1427787176323	37.499658	139.923796	4	0.097	0.042	9.464	0.500
1427787176424	37.499658	139.923796	4	0.106	0.034	9.449	0.500
1427787176520	37.499658	139.923796	4	0.093	0.039	9.441	0.500
1427787176620	37.499658	139.923796	4	0.095	0.043	9.452	0.500
1427787176721	37.499658	139.923796	4	0.094	0.046	9.462	0.500
1427787176822	37.499658	139.923796	4	0.093	0.041	9.446	0.500
1427787176922	37.499658	139.923796	4	0.086	0.031	9.433	0.500
1427787177023	37.499658	139.923796	4	0.080	0.024	9.427	0.500
1427787177124	37.499658	139.923796	4	0.088	0.025	9.430	0.500
1427787177220	37.499658	139.923796	4	0.101	0.025	9.430	0.500
1427787177320	37.499658	139.923796	4	0.099	0.022	9.415	0.500
1427787177421	37.499658	139.923796	4	0.095	0.029	9.421	0.500
1427787177522	37.499658	139.923796	4	0.107	0.037	9.425	0.500
1427787177622	37.499658	139.923796	4	0.108	0.035	9.437	0.500
1427787177723	37.499658	139.923796	4	0.114	0.034	9.438	0.500
1427787177824	37.499658	139.923796	4	0.114	0.029	9.428	0.500
1427787177925	37.499658	139.923796	4	0.113	0.033	9.428	0.500
1427787178020	37.499658	139.923796	4	0.117	0.040	9.448	0.500
1427787178121	37.499658	139.923796	4	0.124	0.046	9.457	0.500
1427787178222	37.499658	139.923796	4	0.117	0.045	9.457	0.500
1427787178322	37.499658	139.923796	4	0.104	0.039	9.442	0.500
1427787178423	37.499658	139.923796	4	0.100	0.043	9.447	0.500
1427787178524	37.499658	139.923796	4	0.105	0.048	9.443	0.500
1427787178620	37.499658	139.923796	4	0.104	0.041	9.431	0.500
1427787178720	37.499658	139.923796	4	0.091	0.035	9.430	0.500
1427787178821	37.499658	139.923796	4	0.086	0.031	9.433	0.500
1427787178922	37.499658	139.923796	4	0.091	0.033	9.443	0.500
1427787179022	37.499658	139.923796	4	0.102	0.035	9.431	0.500
1427787179123	37.499658	139.923796	4	0.106	0.025	9.422	0.500
1427787179224	37.499658	139.923796	4	0.101	0.022	9.411	0.500
1427787179324	37.499658	139.923796	4	0.104	0.025	9.418	0.500
1427787179421	37.499658	139.923796	4	0.117	0.037	9.430	0.500
1427787179521	37.499658	139.923796	4	0.121	0.034	9.445	0.500
1427787179622	37.499658	139.923796	4	0.112	0.034	9.463	0.500
1427787179722	37.499658	139.923796	4	0.102	0.038	9.469	0.500
1427787179823	37.499658	139.923796	4	0.101	0.047	9.479	0.500
1427787179924	37.499658	139.923796	4	0.103	0.050	9.460	0.500
1427787180024	37.499658	139.923796	4	0.098	0.045	9.439	0.500
1427787180120	37.499658	139.923796	4	0.093	0.043	9.440	0.500
1427787180221	37.499658	139.923796	4	0.095	0.034	9.443	0.500
1427787180321	37.499658	139.923796	4	0.100	0.035	9.434	0.500
1427787180422	37.499658	139.923796	4	0.102	0.036	9.424	0.500
1427787180523	37.499658	139.923796	4	0.102	0.032	9.416	0.500
1427787180624	37.499658	139.923796	4	0.102	0.026	9.417	0.500
1427787180724	37.499658	139.923796	4	0.114	0.032	9.444	0.500
1427787180820	37.499658	139.923796	4	0.120	0.032	9.445	0.500
1427787180921	37.499658	139.923796	4	0.121	0.038	9.447	0.500
1427787181021	37.499658	139.923796	4	0.112	0.045	9.453	0.500
1427787181122	37.499658	139.923796	4	0.102	0.044	9.462	0.500
1427787181223	37.499658	139.923796	4	0.110	0.044	9.473	0.500
1427787181323	37.499658	139.923796	4	0.105	0.040	9.466	0.500
1427787181424	37.499658	139.923796	4	0.097	0.040	9.440	0.500
1427787181520	37.499658	139.923796	4	0.088	0.039	9.439	0.500
1427787181621	37.499658	139.923796	4	0.088	0.038	9.445	0.500
1427787181721	37.499658	139.923796	4	0.092	0.039	9.451	0.500
1427787181822	37.499658	139.923796	4	0.098	0.029	9.441	0.500
1427787181923	37.499658	139.923796	4	0.091	0.026	9.422	0.500
1427787182023	37.499658	139.923796	4	0.098	0.033	9.429	0.500
1427787182124	37.499658	139.923796	4	0.112	0.036	9.437	0.500
1427787182220	37.499658	139.923796	4	0.123	0.036	9.442	0.500
1427787182320	37.499658	139.923796	4	0.124	0.043	9.458	0.500
1427787182421	37.499659	139.923796	4	0.118	0.041	9.460	0.500
1427787182522	37.499659	139.923796	4	0.109	0.043	9.468	0.500
1427787182623	37.499659	139.923796	4	0.114	0.047	9.479	0.500
1427787182724	37.499659	139.923796	4	0.115	0.039	9.457	0.500
1427787182824	37.499659	139.923796	4	0.103	0.038	9.446	0.500
1427787182920	37.499659	139.923796	4	0.089	0.039	9.440	0.500
1427787183020	37.499659	139.923796	4	0.091	0.043	9.438	0.500
1427787183121	37.499659	139.923796	4	0.105	0.043	9.440	0.500
1427787183222	37.499659	139.923796	4	0.105	0.037	9.439	0.500
1427787183322	37.499659	139.923796	4	0.096	0.025	9.427	0.500
1427787183423	37.499659	139.923797	4	0.093	0.026	9.422	0.500
1427787183524	37.499659	139.923797	4	0.104	0.033	9.437	0.500
1427787183620	37.499659	139.923797	4	0.119	0.033	9.436	0.500
1427787183720	37.499659	139.923797	4	0.126	0.041	9.446	0.500
1427787183821	37.499659	139.923797	4	0.116	0.047	9.471	0.500
1427787183922	37.499659	139.923797	4	0.107	0.045	9.465	0.500
1427787184022	37.499659	139.923797	4	0.107	0.049	9.481	0.500
1427787184123	37.499659	139.923797	4	0.102	0.042	9.461	0.500
1427787184224	37.499659	139.923797	4	0.096	0.032	9.436	0.500
1427787184320	37.499659	139.923797	4	0.091	0.031	9.429	0.500
1427787184420	37.499659	139.923797	4	0.090	0.029	9.428	0.500
1427787184521	37.499659	139.923797	4	0.097	0.034	9.429	0.500
1427787184622	37.499659	139.923797	4	0.106	0.033	9.439	0.500
1427787184722	37.499659	139.923797	4	0.105	0.031	9.434	0.500
1427787184823	37.499659	139.923797	4	0.100	0.028	9.420	0.500
1427787184924	37.499659	139.923797	3	0.107	0.036	9.424	0.500
1427787185025	37.499659	139.923797	3	0.118	0.041	9.433	0.500
1427787185120	37.499659	139.923797	3	0.124	0.046	9.443	0.500
1427787185221	37.499659	139.923797	3	0.126	0.039	9.457	0.500
1427787185322	37.499659	139.923797	3	0.114	0.039	9.459	0.500
1427787185422	37.499659	139.923797	3	0.101	0.037	9.460	0.500
1427787185523	37.499659	139.923797	3	0.095	0.041	9.457	0.500
1427787185624	37.499659	139.923797	3	0.100	0.041	9.450	0.500
1427787185724	37.499659	139.923797	3	0.102	0.033	9.439	0.500
1427787185820	37.499659	139.923797	3	0.103	0.028	9.438	0.500
1427787185921	37.499659	139.923797	3	0.102	0.029	9.451	0.500
1427787186021	37.499659	139.923797	3	0.109	0.036	9.452	0.500
1427787186122	37.499659	139.923797	3	0.111	0.039	9.438	0.500
1427787186223	37.499659	139.923797	3	0.118	0.030	9.433	0.500
1427787186324	37.499659	139.923797	3	0.111	0.023	9.428	0.500
1427787186424	37.499659	139.923797	3	0.115	0.032	9.433	0.500
1427787186520	37.499659	139.923797	3	0.112	0.052	9.436	0.500
1427787186621	37.499659	139.923797	3	0.118	0.053	9.443	0.500
1427787186721	37.499659	139.923797	3	0.122	0.038	9.466	0.500
1427787186822	37.499659	139.923797	3	0.114	0.024	9.476	0.500
1427787186923	37.499659	139.923797	3	0.102	0.034	9.470	0.500
1427787187024	37.499659	139.923797	3	0.102	0.039	9.441	0.500
1427787187124	37.499659	139.923797	3	0.103	0.040	9.421	0.500
1427787187220	37.499659	139.923797	3	0.106	0.029	9.418	0.500
1427787187321	37.499659	139.923797	3	0.105	0.025	9.433	0.500
1427787187421	37.499659	139.923797	3	0.103	0.027	9.436	0.500
1427787187522	37.499659	139.923797	3	0.106	0.038	9.443	0.500
1427787187623	37.499659	139.923797	3	0.117	0.043	9.434	0.500
1427787187723	37.499659	139.923797	3	0.116	0.032	9.430	0.500
1427787187824	37.499659	139.923797	3	0.120	0.029	9.447	0.500
1427787187920	37.499659	139.923797	3	0.113	0.033	9.454	0.500
1427787188021	37.499659	139.923797	3	0.111	0.045	9.462	0.500
1427787188121	37.499659	139.923797	3	0.114	0.046	9.466	0.500
1427787188222	37.499659	139.923797	3	0.107	0.032	9.465	0.500
1427787188323	37.499659	139.923797	3	0.091	0.026	9.451	0.500
1427787188423	37.499659	139.923797	3	0.081	0.031	9.445	0.500
1427787188524	37.499659	139.923797	3	0.089	0.042	9.439	0.500
1427787188620	37.499659	139.923797	3	0.100	0.045	9.427	0.500
1427787188720	37.499659	139.923797	3	0.106	0.034	9.438	0.500
1427787188821	37.499659	139.923797	3	0.098	0.024	9.437	0.500
1427787188922	37.499659	139.923797	3	0.101	0.022	9.441	0.500
1427787189022	37.499659	139.923797	3	0.118	0.038	9.438	0.500
1427787189123	37.499659	139.923797	3	0.121	0.045	9.445	0.500
1427787189224	37.499659	139.923797	3	0.116	0.046	9.452	0.500
1427787189320	37.499659	139.923797	3	0.099	0.023	9.452	0.500
1427787189420	37.499659	139.923797	3	0.094	0.006	9.458	0.500
1427787189521	37.499660	139.923797	3	0.107	0.007	9.485	0.500
1427787189622	37.499660	139.923797	3	0.095	0.005	9.455	0.500
1427787189723	37.499660	139.923797	3	0.097	0.014	9.420	0.500
1427787189823	37.499660	139.923797	3	0.123	0.086	9.472	0.500
1427787189924	37.499660	139.923797	4	0.113	0.163	9.501	0.500
1427787190020	37.499660	139.923797	4	0.097	0.192	9.468	0.500
1427787190120	37.499660	139.923797	4	0.075	0.171	9.386	0.500
1427787190221	37.499660	139.923797	4	0.107	0.143	9.337	0.500
1427787190322	37.499660	139.923797	4	0.137	0.152	9.385	0.500
1427787190422	37.499660	139.923798	4	0.148	0.173	9.455	0.500
1427787190523	37.499660	139.923798	4	0.135	0.145	9.424	0.500
1427787190624	37.499660	139.923798	4	0.134	0.090	9.423	0.500
1427787190725	37.499660	139.923798	4	0.125	0.030	9.453	0.500
1427787190820	37.499660	139.923798	4	0.114	-0.006	9.496	0.500
1427787190921	37.499660	139.923798	4	0.109	-0.034	9.445	0.500
1427787191022	37.499660	139.923798	4	0.086	-0.022	9.421	0.500
1427787191122	37.499660	139.923798	4	0.088	-0.029	9.391	0.500
1427787191223	37.499660	139.923798	4	0.067	-0.023	9.458	0.500
1427787191324	37.499660	139.923798	4	0.078	-0.023	9.473	0.500
1427787191424	37.499660	139.923798	4	0.096	-0.022	9.453	0.500
1427787191520	37.499660	139.923798	4	0.105	-0.000	9.447	0.500
1427787191621	37.499660	139.923798	4	0.102	-0.017	9.419	0.500
1427787191722	37.499660	139.923798	4	0.089	-0.014	9.459	0.500
1427787191822	37.499660	139.923798	4	0.090	-0.017	9.452	0.500
1427787191923	37.499660	139.923798	3	0.091	0.008	9.451	0.500
1427787192024	37.499660	139.923798	3	0.103	-0.003	9.429	0.500
1427787192124	37.499660	139.923798	3	0.112	-0.000	9.457	0.500
1427787192220	37.499660	139.923798	3	0.120	0.009	9.470	0.500
1427787192321	37.499660	139.923798	3	0.121	0.010	9.427	0.500
1427787192422	37.499660	139.923798	3	0.120	0.033	9.437	0.500
1427787192522	37.499660	139.923798	3	0.115	0.033	9.425	0.500
1427787192623	37.499660	139.923798	3	0.123	0.057	9.471	0.500
1427787192724	37.499660	139.923798	3	0.125	0.052	9.432	0.500
1427787192824	37.499660	139.923798	3	0.133	0.071	9.436	0.500
1427787192920	37.499660	139.923798	4	0.138	0.084	9.441	0.500
1427787193021	37.499660	139.923798	4	0.152	0.142	9.476	0.500
1427787193121	37.499660	139.923798	4	0.194	0.310	9.564	0.500
1427787193222	37.499660	139.923798	4	0.223	0.550	9.634	0.500
1427787193323	37.499660	139.923798	4	0.210	0.745	9.570	0.500
1427787193424	37.499660	139.923799	4	0.207	0.879	9.376	0.500
1427787193524	37.499660	139.923799	4	0.242	1.012	9.255	0.500
1427787193620	37.499660	139.923799	4	0.298	1.138	9.312	0.500
1427787193721	37.499660	139.923799	4	0.312	1.241	9.478	0.500
1427787193821	37.499660	139.923799	4	0.279	1.255	9.478	0.500
1427787193922	37.499660	139.923799	4	0.310	1.313	9.434	0.500
1427787194023	37.499660	139.923800	4	0.373	1.393	9.464	0.518
1427787194123	37.499660	139.923800	4	0.403	1.379	9.357	0.537
1427787194224	37.499659	139.923801	4	0.414	1.401	9.425	0.556
1427787194320	37.499659	139.923802	4	0.409	1.384	9.439	0.575
1427787194421	37.499659	139.923802	4	0.408	1.420	9.553	0.596
1427787194521	37.499659	139.923803	4	0.400	1.428	9.525	0.617
1427787194622	37.499659	139.923804	4	0.390	1.499	9.496	0.640
1427787194723	37.499658	139.923804	4	0.401	1.503	9.376	0.663
1427787194823	37.499658	139.923805	4	0.400	1.533	9.413	0.686
1427787194924	37.499658	139.923806	4	0.333	1.463	9.390	0.711
1427787195020	37.499658	139.923807	4	0.278	1.354	9.391	0.727
1427787195120	37.499657	139.923808	4	0.248	1.054	9.409	0.744
1427787195221	37.499657	139.923809	4	0.286	0.748	9.427	0.762
1427787195322	37.499657	139.923810	4	0.367	0.516	9.499	0.781
1427787195423	37.499656	139.923811	4	0.341	0.326	9.536	0.800
1427787195523	37.499656	139.923812	4	0.233	0.338	9.546	0.819
1427787195624	37.499655	139.923813	4	0.160	0.386	9.421	0.839
1427787195720	37.499655	139.923814	4	0.134	0.316	9.266	0.858
1427787195820	37.499654	139.923815	4	0.019	0.321	9.336	0.879
1427787195921	37.499654	139.923816	4	-0.047	0.320	9.441	0.901
1427787196022	37.499653	139.923817	4	0.013	0.166	9.358	0.977
1427787196122	37.499652	139.923819	4	-0.043	0.213	9.472	1.061
1427787196223	37.499652	139.923821	4	0.047	0.122	9.441	1.155
1427787196324	37.499651	139.923822	4	-0.010	0.185	9.510	1.259
1427787196420	37.499650	139.923824	4	0.067	0.125	9.336	1.366
1427787196520	37.499648	139.923827	4	-0.059	0.121	9.179	1.487
1427787196621	37.499647	139.923829	4	-0.132	0.122	9.406	1.618
1427787196722	37.499646	139.923832	4	0.073	-0.043	9.456	1.758
1427787196822	37.499644	139.923834	4	0.098	-0.196	9.674	1.906
1427787196923	37.499643	139.923837	4	0.019	-0.265	9.663	2.060
1427787197024	37.499642	139.923839	4	0.025	-0.268	9.468	2.060
1427787197125	37.499641	139.923841	4	0.049	-0.315	9.332	2.060
1427787197220	37.499640	139.923843	4	0.099	-0.405	9.517	2.060
1427787197321	37.499639	139.923845	4	0.092	-0.466	9.696	2.060
1427787197422	37.499638	139.923847	4	0.052	-0.437	9.588	2.060
1427787197522	37.499637	139.923848	4	0.021	-0.469	9.592	2.060
1427787197623	37.499636	139.923850	4	0.018	-0.506	9.764	2.060
1427787197724	37.499635	139.923852	4	0.009	-0.411	9.655	2.060
1427787197824	37.499634	139.923854	4	0.047	-0.289	9.310	2.060
1427787197920	37.499633	139.923856	4	0.111	-0.177	9.094	2.060
1427787198021	37.499632	139.923858	4	0.153	-0.107	9.118	2.060
1427787198122	37.499631	139.923860	4	0.034	-0.083	9.379	2.060
1427787198222	37.499631	139.923861	4	-0.126	-0.048	9.412	2.060
1427787198323	37.499630	139.923863	4	-0.187	-0.026	9.389	2.060
1427787198424	37.499629	139.923865	4	-0.085	0.010	9.263	2.060
1427787198524	37.499628	139.923867	4	0.061	-0.032	9.257	2.060
1427787198620	37.499627	139.923869	4	0.154	-0.159	9.430	2.060
1427787198721	37.499627	139.923870	4	0.175	-0.311	9.580	2.060
1427787198821	37.499626	139.923872	4	0.144	-0.493	9.579	2.060
1427787198922	37.499625	139.923874	4	0.129	-0.598	9.424	2.060
1427787199023	37.499624	139.923876	4	0.121	-0.656	9.336	2.060
1427787199124	37.499623	139.923878	4	0.118	-0.702	9.420	2.060
1427787199224	37.499623	139.923880	4	0.114	-0.770	9.609	2.060
1427787199320	37.499622	139.923882	4	0.022	-0.869	9.681	2.060
1427787199421	37.499621	139.923884	4	-0.114	-0.871	9.481	2.060
1427787199521	37.499620	139.923885	4	-0.199	-0.855	9.193	2.060
1427787199622	37.499619	139.923887	4	-0.254	-0.892	9.193	2.060
1427787199723	37.499619	139.923889	4	-0.295	-0.917	9.420	2.060
1427787199824	37.499618	139.923891	4	-0.267	-0.912	9.597	2.060
1427787199924	37.499617	139.923893	4	-0.154	-0.812	9.544	2.059
1427787200020	37.499617	139.923895	4	-0.037	-0.666	9.418	2.035
1427787200121	37.499616	139.923897	4	0.056	-0.542	9.371	2.009
1427787200221	37.499616	139.923899	4	0.053	-0.480	9.385	1.985
1427787200322	37.499615	139.923901	4	-0.024	-0.459	9.452	1.960
1427787200423	37.499615	139.923902	4	-0.105	-0.429	9.522	1.936
1427787200523	37.499615	139.923904	4	-0.131	-0.397	9.482	1.912
1427787200624	37.499614	139.923906	4	-0.093	-0.376	9.375	1.888
1427787200720	37.499614	139.923908	4	-0.024	-0.367	9.349	1.866
1427787200821	37.499613	139.923909	4	0.041	-0.378	9.404	1.842
1427787200921	37.499613	139.923911	3	0.075	-0.384	9.497	1.820
1427787201022	37.499613	139.923913	3	0.067	-0.377	9.509	1.794
1427787201123	37.499612	139.923914	3	0.011	-0.354	9.469	1.769
1427787201223	37.499612	139.923916	3	-0.042	-0.343	9.418	1.744
1427787201324	37.499611	139.923917	3	-0.060	-0.334	9.439	1.719
1427787201420	37.499611	139.923919	3	-0.053	-0.323	9.430	1.696
1427787201520	37.499611	139.923920	3	-0.016	-0.307	9.404	1.672
1427787201621	37.499610	139.923922	3	0.031	-0.272	9.397	1.648
1427787201722	37.499610	139.923923	3	0.065	-0.207	9.431	1.625
1427787201823	37.499609	139.923925	3	0.076	-0.154	9.437	1.602
1427787201923	37.499609	139.923926	4	0.077	-0.107	9.432	1.576
1427787202024	37.499609	139.923927	4	0.079	-0.086	9.451	1.459
1427787202120	37.499609	139.923927	4	0.076	-0.090	9.459	1.353
1427787202220	37.499609	139.923928	4	0.071	-0.119	9.501	1.250
1427787202321	37.499609	139.923928	4	0.069	-0.150	9.486	1.152
1427787202422	37.499609	139.923928	4	0.072	-0.182	9.443	1.061
1427787202522	37.499609	139.923929	4	0.072	-0.208	9.437	0.977
1427787202623	37.499609	139.923929	4	0.052	-0.228	9.461	0.899
1427787202724	37.499609	139.923929	4	0.032	-0.234	9.464	0.828
1427787202820	37.499609	139.923930	4	0.017	-0.228	9.441	0.767
1427787202920	37.499609	139.923930	4	0.038	-0.191	9.422	0.710
1427787203021	37.499609	139.923930	4	0.074	-0.161	9.399	0.685
1427787203122	37.499610	139.923930	4	0.104	-0.147	9.409	0.662
1427787203222	37.499610	139.923931	4	0.114	-0.143	9.465	0.639
1427787203323	37.499611	139.923931	4	0.106	-0.149	9.498	0.617
1427787203424	37.499611	139.923931	4	0.091	-0.142	9.469	0.595
1427787203525	37.499612	139.923931	4	0.081	-0.130	9.449	0.574
1427787203620	37.499612	139.923931	4	0.084	-0.115	9.453	0.555
1427787203721	37.499612	139.923932	4	0.080	-0.104	9.454	0.536
1427787203822	37.499613	139.923932	4	0.078	-0.092	9.461	0.517
1427787203922	37.499613	139.923932	3	0.089	-0.064	9.459	0.500
1427787204023	37.499613	139.923932	3	0.096	-0.047	9.453	0.500
1427787204124	37.499613	139.923932	3	0.108	-0.006	9.482	0.500
1427787204224	37.499614	139.923933	3	0.126	0.026	9.472	0.500
1427787204320	37.499614	139.923933	3	0.121	0.040	9.432	0.500
1427787204421	37.499614	139.923933	3	0.113	0.066	9.437	0.500
1427787204522	37.499614	139.923933	3	0.103	0.074	9.411	0.500
1427787204622	37.499614	139.923933	3	0.091	0.089	9.457	0.500
1427787204723	37.499615	139.923934	3	0.097	0.065	9.461	0.500
1427787204824	37.499615	139.923934	3	0.096	0.054	9.478	0.500
1427787204924	37.499615	139.923934	4	0.115	0.040	9.458	0.500
1427787205020	37.499615	139.923934	4	0.108	0.023	9.433	0.500
1427787205121	37.499615	139.923935	4	0.096	0.026	9.444	0.500
1427787205221	37.499615	139.923935	4	0.101	0.019	9.429	0.500
1427787205322	37.499615	139.923936	4	0.085	0.020	9.449	0.500
1427787205423	37.499615	139.923936	4	0.101	0.031	9.456	0.500
1427787205524	37.499616	139.923936	4	0.106	0.024	9.441	0.500
1427787205624	37.499616	139.923937	4	0.099	0.025	9.460	0.500
1427787205720	37.499616	139.923937	4	0.106	0.034	9.474	0.500
1427787205821	37.499616	139.923938	4	0.107	0.036	9.464	0.500
1427787205921	37.499616	139.923938	4	0.108	0.047	9.472	0.500
1427787206022	37.499616	139.923938	4	0.120	0.050	9.469	0.500
1427787206123	37.499616	139.923939	4	0.123	0.046	9.441	0.500
1427787206224	37.499615	139.923939	4	0.124	0.056	9.422	0.500
1427787206324	37.499615	139.923940	4	0.132	0.069	9.424	0.500
1427787206420	37.499615	139.923940	4	0.134	0.072	9.420	0.500
1427787206521	37.499615	139.923940	4	0.133	0.076	9.412	0.500
1427787206621	37.499615	139.923941	4	0.135	0.089	9.416	0.500
1427787206722	37.499614	139.923941	4	0.135	0.097	9.422	0.500
1427787206823	37.499614	139.923942	4	0.140	0.095	9.420	0.500
1427787206923	37.499614	139.923942	4	0.144	0.094	9.424	0.500
1427787207024	37.499614	139.923942	4	0.146	0.101	9.445	0.500
1427787207120	37.499614	139.923942	4	0.142	0.086	9.447	0.500
1427787207221	37.499613	139.923943	4	0.117	0.024	9.448	0.500
1427787207321	37.499613	139.923943	4	0.105	-0.022	9.463	0.500
1427787207422	37.499613	139.923943	4	0.105	-0.054	9.474	0.500
1427787207523	37.499613	139.923943	4	0.106	-0.061	9.441	0.500
1427787207623	37.499613	139.923943	4	0.104	-0.058	9.406	0.500
1427787207720	37.499612	139.923944	4	0.098	-0.052	9.430	0.500
1427787207820	37.499612	139.923944	4	0.106	-0.048	9.453	0.500
1427787207920	37.499612	139.923944	4	0.101	-0.050	9.433	0.500
1427787208021	37.499612	139.923944	4	0.104	-0.026	9.433	0.500
1427787208122	37.499612	139.923944	4	0.116	-0.015	9.416	0.500
1427787208223	37.499612	139.923945	4	0.106	-0.001	9.422	0.500
1427787208323	37.499612	139.923945	4	0.099	0.023	9.468	0.500
1427787208424	37.499612	139.923945	4	0.107	0.029	9.457	0.500
1427787208520	37.499611	139.923945	4	0.095	0.046	9.464	0.500
1427787208620	37.499611	139.923945	4	0.119	0.048	9.452	0.500
1427787208721	37.499611	139.923946	4	0.118	0.038	9.452	0.500
1427787208822	37.499611	139.923946	4	0.124	0.045	9.453	0.500
1427787208922	37.499611	139.923946	4	0.129	0.033	9.422	0.500
1427787209023	37.499611	139.923946	4	0.105	0.037	9.429	0.500
1427787209124	37.499611	139.923946	4	0.105	0.048	9.445	0.500
1427787209220	37.499611	139.923946	4	0.097	0.045	9.442	0.500
1427787209320	37.499611	139.923946	4	0.092	0.054	9.467	0.500
1427787209421	37.499611	139.923946	4	0.115	0.054	9.449	0.500
1427787209522	37.499611	139.923947	4	0.113	0.054	9.456	0.500
1427787209622	37.499611	139.923947	4	0.118	0.053	9.468	0.500
1427787209723	37.499611	139.923947	4	0.123	0.040	9.436	0.500
1427787209824	37.499611	139.923947	4	0.110	0.047	9.438	0.500
1427787209925	37.499611	139.923947	4	0.121	0.041	9.431	0.500
1427787210020	37.499611	139.923947	4	0.110	0.039	9.435	0.500
1427787210121	37.499611	139.923947	4	0.107	0.044	9.458	0.500
1427787210222	37.499611	139.923947	4	0.104	0.043	9.435	0.500
1427787210322	37.499611	139.923947	4	0.090	0.050	9.465	0.500
1427787210423	37.499611	139.923947	4	0.104	0.048	9.461	0.500
1427787210524	37.499611	139.923948	4	0.116	0.042	9.453	0.500
1427787210624	37.499611	139.923948	4	0.122	0.049	9.451	0.500
1427787210720	37.499611	139.923948	4	0.128	0.043	9.414	0.500
1427787210821	37.499611	139.923948	4	0.127	0.046	9.420	0.500
1427787210921	37.499611	139.923948	4	0.135	0.045	9.430	0.500
1427787211022	37.499611	139.923948	4	0.121	0.041	9.431	0.500
1427787211123	37.499611	139.923948	4	0.115	0.064	9.460	0.500
1427787211224	37.499611	139.923948	4	0.117	0.056	9.451	0.500
1427787211324	37.499611	139.923948	4	0.114	0.064	9.465	0.500
1427787211420	37.499612	139.923948	4	0.123	0.059	9.463	0.500
1427787211521	37.499612	139.923948	4	0.118	0.054	9.441	0.500
1427787211621	37.499612	139.923948	4	0.109	0.052	9.437	0.500
1427787211722	37.499612	139.923948	4	0.125	0.049	9.427	0.500
1427787211823	37.499612	139.923948	4	0.122	0.033	9.423	0.500
1427787211924	37.499612	139.923948	4	0.126	0.019	9.434	0.500
1427787212024	37.499612	139.923948	4	0.115	0.011	9.463	0.500
1427787212120	37.499612	139.923948	4	0.111	0.001	9.459	0.500
1427787212221	37.499612	139.923949	4	0.121	0.020	9.477	0.500
1427787212321	37.499612	139.923949	4	0.108	0.006	9.430	0.500
1427787212422	37.499612	139.923949	4	0.067	-0.020	9.362	0.500
1427787212523	37.499612	139.923949	4	0.054	0.008	9.343	0.500
1427787212623	37.499612	139.923949	4	0.023	0.086	9.394	0.500
1427787212724	37.499612	139.923950	4	0.015	0.190	9.462	0.500
1427787212820	37.499612	139.923950	4	0.054	0.280	9.518	0.500
1427787212921	37.499612	139.923950	4	0.116	0.347	9.556	0.500
1427787213021	37.499612	139.923950	4	0.205	0.494	9.640	0.506
1427787213122	37.499612	139.923950	4	0.309	0.669	9.669	0.512
1427787213223	37.499612	139.923951	4	0.405	0.863	9.599	0.517
1427787213323	37.499612	139.923951	4	0.480	0.996	9.438	0.523
1427787213424	37.499612	139.923951	4	0.517	1.114	9.279	0.529
1427787213520	37.499612	139.923951	4	0.516	1.199	9.230	0.535
1427787213621	37.499612	139.923951	4	0.513	1.262	9.320	0.541
1427787213721	37.499612	139.923952	4	0.501	1.310	9.411	0.548
1427787213823	37.499612	139.923952	4	0.499	1.389	9.456	0.554
1427787213923	37.499612	139.923952	3	0.427	1.450	9.507	0.561
1427787214023	37.499612	139.923953	3	0.329	1.449	9.524	0.588
1427787214124	37.499612	139.923954	3	0.306	1.374	9.472	0.617
1427787214220	37.499611	139.923955	3	0.366	1.354	9.465	0.645
1427787214320	37.499611	139.923956	3	0.427	1.396	9.463	0.677
1427787214421	37.499611	139.923957	3	0.388	1.359	9.399	0.711
1427787214522	37.499610	139.923959	3	0.306	1.317	9.485	0.746
1427787214623	37.499610	139.923960	3	0.280	1.299	9.538	0.782
1427787214723	37.499610	139.923961	3	0.296	1.246	9.436	0.820
1427787214824	37.499609	139.923963	3	0.287	1.019	9.348	0.860
1427787214920	37.499609	139.923964	4	0.211	0.757	9.397	0.900
1427787215020	37.499609	139.923966	4	0.159	0.475	9.287	0.920
1427787215121	37.499608	139.923967	4	0.182	0.352	9.368	0.940
1427787215222	37.499608	139.923969	4	0.310	0.403	9.605	0.961
1427787215323	37.499607	139.923971	4	0.502	0.481	9.684	0.983
1427787215423	37.499607	139.923973	4	0.516	0.572	9.360	1.005
1427787215524	37.499607	139.923974	4	0.341	0.619	9.128	1.027
1427787215620	37.499606	139.923976	4	0.174	0.566	9.336	1.049
1427787215720	37.499606	139.923978	4	0.184	0.471	9.588	1.072
1427787215821	37.499605	139.923980	4	0.389	0.303	9.282	1.096
1427787215922	37.499605	139.923982	4	0.304	0.235	9.513	1.122
1427787216022	37.499604	139.923984	4	0.186	0.175	9.679	1.215
1427787216123	37.499604	139.923986	4	0.023	0.130	9.580	1.320
1427787216224	37.499603	139.923989	4	-0.004	0.140	9.360	1.437
1427787216325	37.499603	139.923992	4	-0.033	0.177	9.357	1.565
1427787216420	37.499602	139.923995	4	0.027	0.197	9.378	1.696
1427787216521	37.499601	139.923998	4	0.018	0.300	9.591	1.846
1427787216622	37.499600	139.924002	4	0.062	0.416	9.693	2.007
1427787216722	37.499599	139.924006	4	0.099	0.576	9.515	2.178
1427787216823	37.499598	139.924010	4	0.168	0.656	9.240	2.362
1427787216924	37.499597	139.924014	4	0.216	0.601	9.137	2.551
1427787217025	37.499596	139.924017	4	0.238	0.466	9.327	2.575
1427787217120	37.499595	139.924020	4	0.174	0.213	9.514	2.598
1427787217221	37.499594	139.924024	4	0.086	-0.010	9.655	2.623
1427787217322	37.499593	139.924027	4	0.041	-0.035	9.633	2.648
1427787217422	37.499593	139.924030	4	-0.063	-0.032	9.524	2.673
1427787217523	37.499592	139.924034	4	-0.134	0.035	9.361	2.698
1427787217624	37.499591	139.924037	4	-0.047	0.062	9.245	2.724
1427787217724	37.499590	139.924040	4	0.047	0.004	9.526	2.749
1427787217820	37.499589	139.924044	4	0.076	-0.099	9.756	2.774
1427787217921	37.499588	139.924047	3	0.090	-0.115	9.640	2.800
1427787218021	37.499587	139.924050	3	0.133	-0.098	9.435	2.800
1427787218122	37.499586	139.924054	3	0.116	-0.050	9.357	2.800
1427787218223	37.499586	139.924057	3	0.099	-0.056	9.423	2.800
1427787218324	37.499585	139.924060	3	0.074	-0.069	9.545	2.800
1427787218424	37.499584	139.924064	3	0.071	-0.045	9.452	2.800
1427787218520	37.499583	139.924067	3	0.061	-0.034	9.414	2.800
1427787218621	37.499582	139.924070	3	0.087	-0.037	9.469	2.800
1427787218721	37.499582	139.924073	3	0.072	0.015	9.417	2.800
1427787218822	37.499581	139.924077	3	0.181	0.106	9.400	2.800
1427787218923	37.499580	139.924080	4	0.360	0.124	9.499	2.800
1427787219024	37.499579	139.924084	4	0.521	0.152	9.578	2.800
1427787219124	37.499579	139.924087	4	0.629	0.323	9.534	2.800
1427787219220	37.499578	139.924091	4	0.662	0.549	9.415	2.800
1427787219321	37.499577	139.924094	4	0.619	0.665	9.322	2.800
1427787219421	37.499576	139.924098	4	0.549	0.906	9.550	2.800
1427787219522	37.499576	139.924101	4	0.536	0.975	9.502	2.800
1427787219623	37.499575	139.924105	4	0.439	1.084	9.484	2.800
1427787219723	37.499574	139.924108	4	0.351	1.087	9.609	2.800
1427787219824	37.499574	139.924112	4	0.315	1.105	9.620	2.800
1427787219920	37.499573	139.924115	5	0.216	1.123	9.516	2.800
1427787220020	37.499572	139.924119	5	0.075	1.291	9.514	2.823
1427787220121	37.499572	139.924122	5	0.085	1.191	9.479	2.847
1427787220222	37.499571	139.924126	5	0.066	0.924	9.273	2.870
1427787220323	37.499570	139.924130	5	0.069	0.582	9.028	2.894
1427787220423	37.499570	139.924133	5	0.015	0.249	9.301	2.918
1427787220524	37.499569	139.924137	5	-0.029	0.102	9.643	2.943
1427787220620	37.499568	139.924141	5	0.013	-0.006	9.684	2.966
1427787220720	37.499567	139.924144	5	0.083	-0.119	9.456	2.990
1427787220821	37.499567	139.924148	5	0.036	-0.333	9.105	3.015
1427787220922	37.499566	139.924152	6	0.018	-0.426	9.044	3.040
1427787221023	37.499565	139.924156	6	0.017	-0.419	9.749	3.040
1427787221123	37.499564	139.924160	6	0.007	-0.338	10.141	3.040
1427787221224	37.499563	139.924164	6	-0.052	-0.295	9.614	3.040
1427787221320	37.499562	139.924168	6	-0.058	-0.310	9.163	3.040
1427787221420	37.499561	139.924172	6	-0.078	-0.281	9.330	3.040
1427787221521	37.499560	139.924177	6	-0.130	-0.226	9.400	3.040
1427787221622	37.499559	139.924181	6	-0.085	-0.196	9.280	3.040
1427787221722	37.499558	139.924185	6	0.037	-0.211	9.253	3.040
1427787221823	37.499557	139.924189	6	0.199	-0.206	9.269	3.040
1427787221924	37.499556	139.924193	6	0.316	-0.192	9.543	3.042
1427787222020	37.499555	139.924197	6	0.249	-0.255	9.878	3.087
1427787222120	37.499553	139.924201	6	0.199	-0.218	9.958	3.134
1427787222221	37.499552	139.924205	6	0.125	-0.171	9.475	3.183
1427787222322	37.499551	139.924209	6	0.007	-0.100	9.224	3.232
1427787222422	37.499549	139.924213	6	-0.049	-0.112	9.463	3.282
1427787222523	37.499548	139.924218	6	-0.021	-0.109	9.629	3.332
1427787222624	37.499546	139.924222	6	0.004	-0.057	9.279	3.384
1427787222720	37.499545	139.924226	6	-0.049	-0.003	9.010	3.434
1427787222820	37.499544	139.924231	6	-0.069	-0.031	9.229	3.487
1427787222921	37.499542	139.924235	6	-0.002	-0.107	9.661	3.540
1427787223022	37.499540	139.924239	6	0.048	-0.151	9.888	3.540
1427787223122	37.499539	139.924244	6	0.113	-0.073	9.486	3.540
1427787223223	37.499537	139.924248	6	0.039	-0.002	9.133	3.540
1427787223324	37.499535	139.924252	6	-0.166	-0.011	9.255	3.540
1427787223424	37.499533	139.924257	6	-0.207	-0.118	9.738	3.540
1427787223520	37.499532	139.924261	6	-0.158	-0.098	9.687	3.540
1427787223621	37.499530	139.924265	6	-0.065	-0.077	9.425	3.540
1427787223722	37.499528	139.924269	6	0.040	-0.092	9.671	3.540
1427787223822	37.499527	139.924274	6	0.053	0.009	9.645	3.540
1427787223923	37.499525	139.924278	6	0.095	0.151	9.361	3.541
1427787224024	37.499523	139.924282	6	0.092	0.370	9.083	3.564
1427787224124	37.499521	139.924287	6	0.093	0.520	9.224	3.588
1427787224220	37.499520	139.924291	6	0.058	0.497	9.478	3.610
1427787224321	37.499518	139.924295	6	0.053	0.416	9.732	3.634
1427787224421	37.499516	139.924299	6	0.090	0.408	9.564	3.658
1427787224522	37.499514	139.924304	6	0.102	0.387	9.273	3.683
1427787224623	37.499512	139.924308	6	0.098	0.347	9.202	3.707
1427787224724	37.499511	139.924312	6	0.110	0.247	9.308	3.732
1427787224824	37.499509	139.924317	6	0.181	0.149	9.468	3.756
1427787224920	37.499507	139.924321	6	0.272	0.100	9.603	3.780
1427787225021	37.499505	139.924326	6	0.275	0.058	9.775	3.780
1427787225121	37.499504	139.924330	6	0.199	0.052	9.671	3.780
1427787225222	37.499502	139.924335	6	0.099	0.133	9.665	3.780
1427787225323	37.499501	139.924340	6	0.017	0.257	9.437	3.780
1427787225423	37.499499	139.924344	6	0.033	0.533	9.131	3.780
1427787225524	37.499498	139.924349	6	0.121	0.622	8.918	3.780
1427787225620	37.499496	139.924353	6	0.177	0.672	9.163	3.780
1427787225721	37.499495	139.924358	6	0.186	0.605	9.680	3.780
1427787225821	37.499493	139.924362	6	0.273	0.618	9.424	3.780
1427787225922	37.499492	139.924367	6	0.179	0.679	9.504	3.780
1427787226023	37.499491	139.924372	6	0.061	0.645	9.868	3.780
1427787226123	37.499489	139.924377	6	0.070	0.629	9.875	3.780
1427787226224	37.499488	139.924381	6	0.069	0.606	9.334	3.780
1427787226320	37.499487	139.924386	6	0.092	0.573	9.207	3.780
1427787226420	37.499485	139.924390	6	0.159	0.435	9.410	3.780
1427787226521	37.499484	139.924395	6	0.132	0.451	9.537	3.780
1427787226622	37.499483	139.924400	6	0.095	0.497	9.462	3.780
1427787226723	37.499482	139.924405	6	0.019	0.511	9.583	3.780
1427787226823	37.499480	139.924409	6	0.044	0.466	9.694	3.780
1427787226924	37.499479	139.924414	6	0.105	0.403	9.415	3.780
1427787227020	37.499477	139.924419	6	0.139	0.434	9.090	3.780
1427787227120	37.499476	139.924423	6	0.129	0.687	9.341	3.780
1427787227221	37.499474	139.924428	6	0.260	0.561	9.486	3.780
1427787227322	37.499473	139.924433	6	0.238	0.585	9.682	3.780
1427787227423	37.499471	139.924438	6	0.271	0.635	9.539	3.780
1427787227523	37.499470	139.924442	6	0.242	0.613	9.532	3.780
1427787227624	37.499468	139.924447	6	0.222	0.586	9.481	3.780
1427787227720	37.499467	139.924452	6	0.113	0.640	9.298	3.780
1427787227820	37.499465	139.924456	6	-0.006	0.682	9.279	3.780
1427787227921	37.499464	139.924461	5	-0.074	0.681	9.539	3.781
1427787228022	37.499462	139.924466	5	0.022	0.693	9.735	3.850
1427787228122	37.499461	139.924471	5	0.151	0.789	9.534	3.921
1427787228223	37.499459	139.924476	5	0.241	0.849	9.304	3.993
1427787228324	37.499458	139.924482	5	0.237	0.682	9.305	4.067
1427787228425	37.499456	139.924487	5	0.205	0.392	9.353	4.142
1427787228520	37.499455	139.924492	5	0.180	0.184	9.374	4.214
1427787228621	37.499453	139.924498	5	0.072	-0.037	9.555	4.292
1427787228722	37.499451	139.924504	5	-0.060	-0.244	9.580	4.371
1427787228822	37.499450	139.924509	5	-0.080	-0.281	9.341	4.451
1427787228923	37.499448	139.924515	5	-0.074	-0.241	9.422	4.530
1427787229024	37.499446	139.924521	5	0.040	-0.221	9.607	4.530
1427787229120	37.499445	139.924526	5	0.064	-0.245	9.540	4.530
1427787229220	37.499443	139.924532	5	0.046	-0.191	9.285	4.530
1427787229321	37.499441	139.924537	5	0.021	-0.211	9.432	4.530
1427787229422	37.499439	139.924543	5	0.048	-0.159	9.475	4.530
1427787229522	37.499438	139.924548	5	0.016	-0.110	9.347	4.530
1427787229623	37.499436	139.924554	5	-0.103	-0.110	9.530	4.530
1427787229724	37.499434	139.924559	5	-0.110	-0.098	9.545	4.530
1427787229824	37.499433	139.924565	5	0.025	-0.084	9.395	4.530
1427787229920	37.499431	139.924570	5	0.085	-0.130	9.725	4.530
1427787230021	37.499429	139.924575	5	0.092	-0.232	9.610	4.530
1427787230122	37.499428	139.924581	5	0.120	-0.154	9.189	4.530
1427787230222	37.499426	139.924586	5	0.081	-0.276	9.008	4.530
1427787230323	37.499425	139.924591	5	-0.043	-0.288	9.387	4.530
1427787230424	37.499423	139.924597	5	-0.036	-0.370	9.669	4.530
1427787230524	37.499422	139.924602	5	-0.099	-0.326	9.478	4.530
1427787230620	37.499420	139.924607	5	-0.117	-0.237	9.196	4.530
1427787230721	37.499419	139.924612	5	-0.057	-0.295	9.355	4.530
1427787230821	37.499417	139.924618	5	0.062	-0.344	9.435	4.530
1427787230922	37.499416	139.924623	4	0.173	-0.409	9.284	4.530
1427787231023	37.499415	139.924628	4	0.229	-0.456	9.345	4.530
1427787231124	37.499414	139.924633	4	0.182	-0.493	9.521	4.530
1427787231224	37.499412	139.924638	4	0.161	-0.501	9.555	4.530
1427787231320	37.499411	139.924643	4	0.153	-0.422	9.404	4.530
1427787231421	37.499410	139.924648	4	0.101	-0.274	9.169	4.530
1427787231521	37.499409	139.924652	4	0.063	-0.237	9.227	4.530
1427787231622	37.499408	139.924657	4	0.023	-0.334	9.576	4.530
1427787231723	37.499406	139.924662	4	0.092	-0.359	9.814	4.530
1427787231824	37.499405	139.924667	4	0.156	-0.295	9.508	4.530
1427787231924	37.499404	139.924672	4	0.126	-0.197	9.115	4.529
1427787232020	37.499403	139.924677	4	0.081	-0.092	9.030	4.504
1427787232121	37.499401	139.924682	4	0.115	-0.162	9.388	4.479
1427787232221	37.499400	139.924686	4	0.156	-0.218	9.857	4.453
1427787232322	37.499399	139.924691	4	0.175	-0.212	9.762	4.428
1427787232423	37.499397	139.924696	4	0.199	-0.105	9.400	4.402
1427787232523	37.499396	139.924701	4	0.178	-0.078	9.232	4.378
1427787232624	37.499395	139.924705	4	0.109	0.026	9.257	4.353
1427787232720	37.499394	139.924710	4	0.062	0.071	9.286	4.329
1427787232821	37.499392	139.924714	4	0.021	0.055	9.376	4.304
1427787232921	37.499391	139.924719	6	0.059	-0.032	9.584	4.280
1427787233022	37.499390	139.924724	6	0.119	-0.025	9.674	4.253
1427787233123	37.499388	139.924728	6	0.147	0.017	9.551	4.226
1427787233223	37.499387	139.924733	6	0.157	0.051	9.352	4.200
1427787233324	37.499386	139.924737	6	0.195	0.095	9.196	4.174
1427787233420	37.499384	139.924741	6	0.238	0.026	9.371	4.149
1427787233520	37.499383	139.924746	6	0.215	-0.024	9.644	4.123
1427787233621	37.499382	139.924750	6	0.161	-0.012	9.652	4.098
1427787233722	37.499381	139.924754	6	0.116	0.017	9.427	4.072
1427787233823	37.499379	139.924759	6	0.055	0.076	9.237	4.047
1427787233923	37.499378	139.924763	6	-0.001	0.127	9.258	4.021
1427787234024	37.499377	139.924767	6	0.035	0.086	9.469	3.996
1427787234120	37.499376	139.924771	6	0.075	0.037	9.653	3.973
1427787234220	37.499374	139.924775	6	0.121	0.035	9.584	3.948
1427787234321	37.499373	139.924780	6	0.194	0.051	9.454	3.923
1427787234422	37.499372	139.924784	6	0.209	0.039	9.538	3.899
1427787234523	37.499371	139.924788	6	0.145	0.080	9.475	3.874
1427787234623	37.499370	139.924792	6	0.107	0.090	9.270	3.850
1427787234724	37.499368	139.924796	6	0.056	0.037	9.374	3.826
1427787234820	37.499367	139.924800	6	-0.006	-0.052	9.664	3.804
1427787234920	37.499366	139.924804	6	0.045	-0.069	9.596	3.780
1427787235021	37.499365	139.924808	6	0.144	-0.034	9.299	3.780
1427787235122	37.499364	139.924812	6	0.184	-0.009	9.222	3.780
1427787235222	37.499362	139.924816	6	0.162	-0.033	9.352	3.780
1427787235323	37.499361	139.924821	6	0.138	-0.086	9.679	3.780
1427787235424	37.499360	139.924825	6	0.136	-0.086	9.676	3.780
1427787235520	37.499359	139.924829	6	0.125	-0.038	9.438	3.780
1427787235620	37.499358	139.924833	6	0.103	0.020	9.239	3.780
1427787235721	37.499356	139.924837	6	0.074	0.029	9.285	3.780
1427787235822	37.499355	139.924841	6	0.023	0.022	9.482	3.780
1427787235922	37.499354	139.924845	4	-0.006	0.003	9.555	3.780
1427787236023	37.499353	139.924849	4	-0.059	0.020	9.389	3.755
1427787236124	37.499352	139.924853	4	-0.039	0.040	9.320	3.730
1427787236224	37.499351	139.924857	4	0.014	-0.004	9.572	3.705
1427787236320	37.499350	139.924860	4	0.141	-0.028	9.664	3.682
1427787236421	37.499349	139.924864	4	0.227	-0.001	9.436	3.658
1427787236522	37.499348	139.924868	4	0.240	0.033	9.263	3.634
1427787236622	37.499347	139.924872	4	0.175	0.044	9.359	3.610
1427787236723	37.499346	139.924876	4	0.074	0.021	9.573	3.586
1427787236824	37.499345	139.924879	4	0.000	-0.004	9.664	3.562
1427787236924	37.499344	139.924883	4	-0.038	0.019	9.565	3.540
1427787237020	37.499343	139.924887	4	-0.066	0.072	9.371	3.540
1427787237121	37.499342	139.924891	4	-0.042	0.121	9.232	3.540
1427787237221	37.499341	139.924894	4	0.008	0.079	9.383	3.540
1427787237322	37.499340	139.924898	4	0.059	0.041	9.568	3.540
1427787237423	37.499338	139.924902	4	0.093	0.038	9.490	3.540
1427787237524	37.499337	139.924906	4	0.098	0.072	9.396	3.540
1427787237624	37.499336	139.924910	4	0.117	0.085	9.371	3.540
1427787237720	37.499335	139.924913	4	0.108	0.130	9.343	3.540
1427787237821	37.499334	139.924917	4	0.026	0.104	9.459	3.540
1427787237921	37.499333	139.924921	4	-0.012	0.070	9.577	3.539
1427787238022	37.499332	139.924924	4	-0.035	0.055	9.511	3.486
1427787238123	37.499331	139.924926	4	0.015	0.066	9.388	3.432
1427787238223	37.499331	139.924929	4	0.087	0.079	9.378	3.380
1427787238324	37.499330	139.924932	4	0.123	0.075	9.344	3.329
1427787238420	37.499329	139.924934	4	0.014	-0.061	9.406	3.281
1427787238521	37.499329	139.924936	4	-0.101	-0.168	9.441	3.230
1427787238621	37.499328	139.924939	4	-0.227	-0.258	9.367	3.182
1427787238722	37.499327	139.924941	4	-0.299	-0.324	9.374	3.133
1427787238823	37.499327	139.924944	4	-0.289	-0.403	9.449	3.085
1427787238923	37.499326	139.924946	4	-0.262	-0.447	9.501	3.039
1427787239024	37.499325	139.924948	4	-0.218	-0.483	9.671	3.014
1427787239120	37.499325	139.924950	4	-0.147	-0.536	9.784	2.990
1427787239221	37.499324	139.924952	4	-0.030	-0.494	9.529	2.966
1427787239321	37.499324	139.924953	4	0.006	-0.459	9.314	2.941
1427787239422	37.499323	139.924955	4	0.019	-0.481	9.311	2.917
1427787239523	37.499322	139.924957	4	0.003	-0.466	9.426	2.893
1427787239623	37.499322	139.924959	4	-0.153	-0.585	9.372	2.869
1427787239724	37.499321	139.924961	4	-0.207	-0.793	9.310	2.845
1427787239820	37.499321	139.924962	4	-0.181	-0.968	9.574	2.823
1427787239920	37.499320	139.924964	5	-0.122	-1.084	9.606	2.800
1427787240021	37.499319	139.924966	5	-0.098	-1.077	9.384	2.774
1427787240122	37.499318	139.924968	5	-0.142	-1.047	9.281	2.748
1427787240223	37.499317	139.924969	5	-0.183	-1.016	9.438	2.722
1427787240323	37.499316	139.924971	5	-0.175	-0.994	9.517	2.696
1427787240424	37.499315	139.924973	5	-0.095	-0.896	9.501	2.671
1427787240520	37.499314	139.924974	5	-0.034	-0.808	9.449	2.647
1427787240620	37.499314	139.924976	5	-0.023	-0.740	9.452	2.623
1427787240721	37.499313	139.924978	5	-0.041	-0.534	9.521	2.598
1427787240822	37.499312	139.924979	5	-0.064	-0.316	9.462	2.573
1427787240922	37.499311	139.924981	5	-0.046	-0.166	9.340	2.549
1427787241023	37.499310	139.924983	5	0.003	-0.098	9.274	2.523
1427787241124	37.499309	139.924984	5	0.069	-0.088	9.289	2.497
1427787241220	37.499308	139.924986	5	0.106	-0.098	9.423	2.472
1427787241320	37.499307	139.924988	5	0.111	-0.098	9.568	2.447
1427787241421	37.499306	139.924989	5	0.079	-0.074	9.524	2.422
1427787241522	37.499305	139.924991	5	0.039	-0.054	9.343	2.396
1427787241622	37.499305	139.924992	5	-0.004	-0.122	9.286	2.372
1427787241723	37.499304	139.924994	5	-0.036	-0.326	9.323	2.347
1427787241824	37.499303	139.924996	5	-0.053	-0.571	9.399	2.323
1427787241924	37.499302	139.924997	5	-0.059	-0.763	9.517	2.298
1427787242020	37.499301	139.924998	5	-0.047	-0.877	9.589	2.247
1427787242121	37.499300	139.924999	5	-0.035	-0.935	9.566	2.195
1427787242222	37.499299	139.925000	5	-0.054	-0.952	9.438	2.143
1427787242322	37.499298	139.925000	5	-0.078	-0.904	9.361	2.094
1427787242423	37.499297	139.925001	5	-0.099	-0.821	9.440	2.045
1427787242524	37.499296	139.925002	5	-0.115	-0.749	9.462	1.997
1427787242624	37.499295	139.925003	5	-0.094	-0.692	9.399	1.950
1427787242720	37.499295	139.925004	5	-0.045	-0.623	9.413	1.907
1427787242821	37.499294	139.925004	5	0.058	-0.391	9.602	1.863
1427787242922	37.499293	139.925005	9	0.135	-0.127	9.631	1.816
1427787243022	37.499293	139.925000	9	0.157	0.051	9.425	1.617
1427787243123	37.499294	139.924996	9	0.130	0.156	9.247	1.431
1427787243224	37.499294	139.924991	9	0.093	0.189	9.276	1.260
1427787243324	37.499295	139.924988	9	0.087	0.186	9.429	1.106
1427787243420	37.499295	139.924984	9	0.114	0.167	9.554	0.972
1427787243521	37.499295	139.924981	9	0.133	0.164	9.515	0.847
1427787243621	37.499295	139.924979	9	0.143	0.170	9.372	0.737
1427787243722	37.499296	139.924976	9	0.130	0.162	9.375	0.642
1427787243823	37.499296	139.924975	9	0.119	0.138	9.481	0.562
1427787243924	37.499296	139.924973	9	0.120	0.133	9.534	0.500
1427787244024	37.499296	139.924971	9	0.142	0.207	9.511	0.500
1427787244120	37.499296	139.924970	9	0.143	0.232	9.370	0.500
1427787244221	37.499296	139.924968	9	0.110	0.201	9.305	0.500
1427787244321	37.499296	139.924966	9	0.097	0.166	9.427	0.500
1427787244422	37.499296	139.924964	9	0.101	0.113	9.542	0.500
1427787244523	37.499297	139.924963	9	0.130	0.101	9.501	0.500
1427787244623	37.499297	139.924961	9	0.148	0.154	9.458	0.500
1427787244724	37.499297	139.924959	9	0.136	0.194	9.404	0.500
1427787244820	37.499297	139.924958	9	0.097	0.168	9.384	0.500
1427787244921	37.499297	139.924956	6	0.077	0.128	9.454	0.500
1427787245022	37.499297	139.924955	6	0.090	0.116	9.511	0.500
1427787245122	37.499297	139.924954	6	0.112	0.135	9.464	0.500
1427787245223	37.499297	139.924953	6	0.137	0.160	9.408	0.500
1427787245323	37.499297	139.924952	6	0.137	0.175	9.414	0.500
1427787245424	37.499297	139.924951	6	0.116	0.150	9.457	0.500
1427787245520	37.499297	139.924951	6	0.100	0.125	9.491	0.500
1427787245620	37.499297	139.924950	6	0.102	0.138	9.504	0.500
1427787245721	37.499297	139.924949	6	0.104	0.158	9.434	0.500
1427787245822	37.499297	139.924948	6	0.103	0.163	9.409	0.500
1427787245923	37.499297	139.924947	4	0.110	0.146	9.435	0.500
1427787246023	37.499297	139.924946	4	0.115	0.121	9.452	0.500
1427787246124	37.499297	139.924946	4	0.125	0.118	9.448	0.500
1427787246220	37.499297	139.924946	4	0.123	0.151	9.460	0.500
1427787246320	37.499297	139.924945	4	0.118	0.171	9.440	0.500
1427787246421	37.499297	139.924945	4	0.099	0.165	9.447	0.500
1427787246522	37.499297	139.924944	4	0.092	0.141	9.462	0.500
1427787246623	37.499297	139.924943	4	0.104	0.124	9.465	0.500
1427787246723	37.499297	139.924943	4	0.112	0.131	9.450	0.500
1427787246824	37.499297	139.924942	4	0.115	0.146	9.422	0.500
1427787246920	37.499297	139.924942	4	0.111	0.151	9.422	0.500
1427787247020	37.499297	139.924941	4	0.108	0.138	9.435	0.500
1427787247121	37.499297	139.924941	4	0.114	0.134	9.461	0.500
1427787247222	37.499297	139.924940	4	0.112	0.138	9.467	0.500
1427787247323	37.499297	139.924940	4	0.106	0.149	9.444	0.500
1427787247423	37.499297	139.924939	4	0.105	0.161	9.447	0.500
1427787247524	37.499298	139.924939	4	0.106	0.149	9.454	0.500
1427787247620	37.499298	139.924938	4	0.108	0.133	9.456	0.500
1427787247720	37.499298	139.924938	4	0.113	0.128	9.446	0.500
1427787247821	37.499298	139.924937	4	0.112	0.134	9.423	0.500
1427787247922	37.499298	139.924937	4	0.112	0.143	9.408	0.500
1427787248022	37.499298	139.924937	4	0.115	0.150	9.433	0.500
1427787248123	37.499298	139.924936	4	0.124	0.146	9.469	0.500
1427787248224	37.499298	139.924936	4	0.129	0.149	9.472	0.500
1427787248320	37.499298	139.924936	4	0.114	0.152	9.459	0.500
1427787248420	37.499297	139.924936	4	0.098	0.152	9.435	0.500
1427787248521	37.499297	139.924935	4	0.093	0.150	9.427	0.500
1427787248622	37.499297	139.924935	4	0.098	0.134	9.438	0.500
1427787248722	37.499297	139.924935	4	0.112	0.137	9.455	0.500
1427787248823	37.499297	139.924934	4	0.126	0.144	9.439	0.500
1427787248924	37.499297	139.924934	4	0.127	0.144	9.427	0.500
1427787249024	37.499297	139.924934	4	0.124	0.155	9.443	0.500
1427787249120	37.499297	139.924933	4	0.112	0.148	9.461	0.500
1427787249221	37.499297	139.924933	4	0.106	0.150	9.470	0.500
1427787249322	37.499297	139.924933	4	0.104	0.149	9.451	0.500
1427787249422	37.499296	139.924932	4	0.110	0.151	9.437	0.500
1427787249523	37.499296	139.924932	4	0.115	0.143	9.433	0.500
1427787249624	37.499296	139.924932	4	0.114	0.131	9.428	0.500
1427787249724	37.499296	139.924932	4	0.114	0.131	9.423	0.500
1427787249820	37.499296	139.924931	4	0.115	0.141	9.433	0.500
1427787249921	37.499296	139.924931	4	0.115	0.156	9.448	0.500
1427787250021	37.499296	139.924931	4	0.118	0.160	9.460	0.500
1427787250122	37.499296	139.924931	4	0.114	0.154	9.466	0.500
1427787250223	37.499296	139.924931	4	0.111	0.148	9.457	0.500
1427787250324	37.499296	139.924931	4	0.104	0.146	9.445	0.500
1427787250424	37.499296	139.924930	4	0.103	0.144	9.433	0.500
1427787250520	37.499295	139.924930	4	0.105	0.146	9.430	0.500
1427787250621	37.499295	139.924930	4	0.113	0.145	9.439	0.500
1427787250721	37.499295	139.924930	4	0.124	0.148	9.456	0.500
1427787250822	37.499295	139.924930	4	0.122	0.151	9.461	0.500
1427787250923	37.499295	139.924930	4	0.113	0.155	9.456	0.500
1427787251023	37.499295	139.924930	4	0.104	0.157	9.447	0.500
1427787251124	37.499295	139.924930	4	0.098	0.154	9.447	0.500
1427787251220	37.499295	139.924930	4	0.093	0.143	9.453	0.500
1427787251321	37.499295	139.924930	4	0.103	0.138	9.443	0.500
1427787251421	37.499294	139.924929	4	0.113	0.142	9.426	0.500
1427787251522	37.499294	139.924929	4	0.117	0.142	9.420	0.500
1427787251623	37.499294	139.924929	4	0.118	0.145	9.439	0.500
1427787251723	37.499294	139.924929	4	0.115	0.143	9.464	0.500
1427787251824	37.499294	139.924929	4	0.108	0.144	9.470	0.500
1427787251920	37.499294	139.924929	4	0.105	0.153	9.472	0.500
1427787252020	37.499294	139.924929	4	0.105	0.152	9.443	0.500
1427787252121	37.499294	139.924929	4	0.111	0.138	9.427	0.500
1427787252222	37.499294	139.924929	4	0.114	0.130	9.441	0.500
1427787252323	37.499294	139.924929	4	0.114	0.129	9.433	0.500
1427787252423	37.499294	139.924929	4	0.116	0.152	9.441	0.500
1427787252524	37.499294	139.924929	4	0.121	0.158	9.435	0.500
1427787252620	37.499294	139.924929	4	0.123	0.160	9.456	0.500
1427787252720	37.499294	139.924929	4	0.124	0.147	9.467	0.500
1427787252821	37.499294	139.924929	4	0.114	0.137	9.453	0.500
1427787252922	37.499294	139.924929	4	0.103	0.143	9.432	0.500
1427787253023	37.499294	139.924930	4	0.106	0.146	9.422	0.500
1427787253123	37.499294	139.924930	4	0.112	0.144	9.425	0.500
1427787253224	37.499294	139.924930	4	0.119	0.142	9.441	0.500
1427787253320	37.499294	139.924930	4	0.119	0.139	9.439	0.500
1427787253420	37.499294	139.924930	4	0.123	0.144	9.432	0.500
1427787253521	37.499294	139.924930	4	0.114	0.152	9.437	0.500
1427787253622	37.499294	139.924930	4	0.109	0.154	9.461	0.500
1427787253722	37.499294	139.924930	4	0.110	0.146	9.466	0.500
1427787253823	37.499294	139.924930	4	0.108	0.146	9.453	0.500
1427787253924	37.499294	139.924930	4	0.107	0.147	9.439	0.500
1427787254020	37.499294	139.924930	4	0.107	0.149	9.428	0.500
1427787254120	37.499294	139.924930	4	0.109	0.149	9.428	0.500
1427787254221	37.499294	139.924930	4	0.113	0.140	9.428	0.500
1427787254322	37.499294	139.924930	4	0.119	0.145	9.440	0.500
1427787254422	37.499294	139.924930	4	0.122	0.151	9.455	0.500
1427787254523	37.499294	139.924931	4	0.121	0.155	9.459	0.500
1427787254624	37.499294	139.924931	4	0.116	0.151	9.458	0.500
1427787254720	37.499294	139.924931	4	0.106	0.144	9.445	0.500
1427787254820	37.499294	139.924931	4	0.098	0.141	9.447	0.500
1427787254921	37.499294	139.924931	4	0.099	0.145	9.446	0.500
1427787255022	37.499294	139.924931	4	0.104	0.145	9.433	0.500
1427787255122	37.499294	139.924931	4	0.112	0.147	9.431	0.500
1427787255223	37.499294	139.924931	4	0.116	0.144	9.430	0.500
1427787255324	37.499294	139.924931	4	0.123	0.148	9.447	0.500
1427787255424	37.499294	139.924931	4	0.108	0.148	9.445	0.500
1427787255520	37.499294	139.924931	4	0.106	0.152	9.454	0.500
1427787255621	37.499294	139.924931	4	0.107	0.154	9.444	0.500
1427787255722	37.499294	139.924931	4	0.106	0.150	9.432	0.500
1427787255822	37.499294	139.924931	4	0.103	0.139	9.428	0.500
1427787255923	37.499294	139.924931	3	0.104	0.136	9.425	0.500
1427787256024	37.499294	139.924931	3	0.111	0.133	9.419	0.500
1427787256124	37.499294	139.924931	3	0.117	0.148	9.446	0.500
1427787256220	37.499294	139.924931	3	0.119	0.150	9.457	0.500
1427787256321	37.499294	139.924931	3	0.117	0.148	9.468	0.500
1427787256421	37.499294	139.924931	3	0.115	0.151	9.454	0.500
1427787256522	37.499294	139.924931	3	0.105	0.145	9.443	0.500
1427787256623	37.499294	139.924931	3	0.102	0.144	9.432	0.500
1427787256724	37.499294	139.924931	3	0.106	0.140	9.424	0.500
1427787256824	37.499294	139.924931	3	0.110	0.145	9.436	0.500
1427787256920	37.499294	139.924931	3	0.119	0.148	9.450	0.500
1427787257021	37.499294	139.924931	3	0.128	0.154	9.462	0.500
1427787257121	37.499294	139.924931	3	0.115	0.149	9.463	0.500
1427787257222	37.499294	139.924931	3	0.107	0.148	9.452	0.500
1427787257323	37.499294	139.924931	3	0.108	0.148	9.449	0.500
1427787257423	37.499294	139.924931	3	0.106	0.148	9.444	0.500
1427787257524	37.499294	139.924931	3	0.107	0.147	9.438	0.500
1427787257620	37.499294	139.924931	3	0.114	0.147	9.438	0.500
1427787257721	37.499294	139.924931	3	0.109	0.139	9.431	0.500
1427787257821	37.499294	139.924931	3	0.112	0.142	9.453	0.500
1427787257922	37.499294	139.924931	3	0.118	0.151	9.456	0.500
1427787258023	37.499294	139.924931	3	0.119	0.151	9.458	0.500
1427787258123	37.499294	139.924931	3	0.119	0.153	9.462	0.500
1427787258224	37.499294	139.924931	3	0.111	0.149	9.448	0.500
1427787258320	37.499294	139.924931	3	0.116	0.140	9.438	0.500
1427787258421	37.499294	139.924931	3	0.114	0.134	9.427	0.500
1427787258521	37.499294	139.924931	3	0.112	0.134	9.424	0.500
1427787258622	37.499294	139.924931	3	0.119	0.138	9.432	0.500
1427787258723	37.499294	139.924931	3	0.119	0.145	9.451	0.500
1427787258823	37.499294	139.924931	3	0.122	0.152	9.471	0.500
1427787258924	37.499294	139.924931	3	0.115	0.148	9.465	0.500
1427787259020	37.499294	139.924931	3	0.112	0.145	9.446	0.500
1427787259120	37.499294	139.924931	3	0.107	0.138	9.427	0.500
1427787259221	37.499294	139.924931	3	0.104	0.134	9.429	0.500
1427787259322	37.499294	139.924931	3	0.110	0.139	9.431	0.500
1427787259423	37.499294	139.924931	3	0.120	0.147	9.442	0.500
1427787259523	37.499294	139.924931	3	0.128	0.156	9.457	0.500
1427787259624	37.499294	139.924931	3	0.119	0.154	9.467	0.500
1427787259720	37.499294	139.924931	3	0.113	0.147	9.451	0.500
1427787259820	37.499294	139.924931	3	0.104	0.145	9.432	0.500
1427787259921	37.499294	139.924931	3	0.103	0.143	9.431	0.500
1427787260022	37.499294	139.924931	3	0.104	0.139	9.423	0.500
1427787260122	37.499294	139.924931	3	0.114	0.142	9.427	0.500
1427787260223	37.499294	139.924931	3	0.122	0.142	9.434	0.500
1427787260324	37.499294	139.924931	3	0.129	0.151	9.449	0.500
1427787260425	37.499294	139.924931	3	0.118	0.150	9.458	0.500
1427787260520	37.499294	139.924931	3	0.104	0.146	9.443	0.500
1427787260621	37.499294	139.924931	3	0.097	0.143	9.439	0.500
1427787260722	37.499294	139.924931	3	0.098	0.139	9.441	0.500
1427787260822	37.499294	139.924931	3	0.112	0.139	9.437	0.500
1427787260923	37.499294	139.924931	3	0.120	0.141	9.432	0.500
1427787261024	37.499294	139.924931	3	0.122	0.155	9.447	0.500
1427787261124	37.499294	139.924931	3	0.116	0.155	9.459	0.500
1427787261220	37.499294	139.924931	3	0.105	0.153	9.459	0.500
1427787261321	37.499294	139.924931	3	0.099	0.154	9.454	0.500
1427787261422	37.499294	139.924931	3	0.102	0.155	9.457	0.500
1427787261522	37.499294	139.924931	3	0.110	0.146	9.445	0.500
1427787261623	37.499294	139.924931	3	0.114	0.142	9.430	0.500
1427787261724	37.499294	139.924931	3	0.117	0.139	9.428	0.500
1427787261824	37.499294	139.924931	3	0.116	0.145	9.448	0.500
1427787261920	37.499294	139.924931	3	0.114	0.150	9.459	0.500
1427787262021	37.499294	139.924931	3	0.112	0.152	9.459	0.500
1427787262121	37.499294	139.924931	3	0.106	0.152	9.459	0.500
1427787262222	37.499294	139.924931	3	0.104	0.141	9.452	0.500
1427787262323	37.499294	139.924931	3	0.105	0.136	9.435	0.500
1427787262424	37.499294	139.924931	3	0.102	0.137	9.417	0.500
1427787262524	37.499294	139.924931	3	0.105	0.138	9.421	0.500
1427787262620	37.499294	139.924931	3	0.112	0.142	9.435	0.500
1427787262721	37.499294	139.924931	3	0.120	0.148	9.454	0.500
1427787262821	37.499294	139.924931	3	0.125	0.155	9.460	0.500
1427787262922	37.499294	139.924931	3	0.117	0.155	9.453	0.500
1427787263023	37.499294	139.924931	3	0.109	0.149	9.440	0.500
1427787263123	37.499294	139.924931	3	0.098	0.140	9.428	0.500
1427787263224	37.499294	139.924931	3	0.097	0.136	9.425	0.500
1427787263320	37.499294	139.924931	3	0.106	0.133	9.431	0.500
1427787263421	37.499294	139.924931	3	0.119	0.140	9.450	0.500
1427787263521	37.499294	139.924931	3	0.124	0.142	9.446	0.500
1427787263622	37.499294	139.924931	3	0.124	0.150	9.467	0.500
1427787263723	37.499294	139.924931	3	0.110	0.144	9.454	0.500
1427787263823	37.499294	139.924931	3	0.098	0.145	9.451	0.500
1427787263924	37.499294	139.924931	3	0.091	0.140	9.439	0.500
1427787264020	37.499294	139.924931	3	0.104	0.137	9.435	0.500
1427787264121	37.499294	139.924931	3	0.114	0.140	9.437	0.500
1427787264221	37.499294	139.924931	3	0.114	0.141	9.436	0.500
1427787264322	37.499294	139.924931	3	0.116	0.136	9.434	0.500
1427787264423	37.499294	139.924931	3	0.119	0.142	9.440	0.500
1427787264523	37.499294	139.924931	3	0.119	0.147	9.453	0.500
1427787264624	37.499294	139.924931	3	0.116	0.150	9.470	0.500
1427787264720	37.499294	139.924931	3	0.113	0.151	9.456	0.500
1427787264820	37.499294	139.924931	3	0.111	0.147	9.434	0.500
1427787264921	37.499294	139.924931	3	0.117	0.144	9.430	0.500
1427787265022	37.499294	139.924931	3	0.114	0.139	9.440	0.500
1427787265123	37.499294	139.924931	3	0.112	0.142	9.430	0.500
1427787265223	37.499294	139.924931	3	0.116	0.142	9.427	0.500
1427787265324	37.499294	139.924931	3	0.120	0.152	9.448	0.500
1427787265420	37.499294	139.924931	3	0.131	0.152	9.456	0.500
1427787265520	37.499294	139.924931	3	0.120	0.148	9.465	0.500
1427787265621	37.499294	139.924931	3	0.115	0.144	9.450	0.500
1427787265722	37.499294	139.924931	3	0.110	0.140	9.441	0.500
1427787265823	37.499294	139.924931	3	0.106	0.142	9.439	0.500
1427787265923	37.499294	139.924931	3	0.110	0.136	9.426	0.500
1427787266024	37.499294	139.924931	3	0.115	0.140	9.432	0.500
1427787266120	37.499294	139.924931	3	0.118	0.140	9.437	0.500
1427787266220	37.499294	139.924931	3	0.122	0.146	9.442	0.500
1427787266321	37.499294	139.924931	3	0.113	0.143	9.437	0.500
1427787266422	37.499294	139.924931	3	0.107	0.141	9.440	0.500
1427787266522	37.499294	139.924931	3	0.106	0.141	9.452	0.500
1427787266623	37.499294	139.924931	3	0.109	0.143	9.447	0.500
1427787266724	37.499294	139.924931	3	0.117	0.140	9.437	0.500
1427787266820	37.499294	139.924931	3	0.120	0.135	9.429	0.500
1427787266920	37.499294	139.924931	3	0.125	0.137	9.424	0.500
1427787267021	37.499294	139.924931	3	0.126	0.147	9.448	0.500
1427787267122	37.499294	139.924931	3	0.116	0.142	9.452	0.500
1427787267222	37.499294	139.924931	3	0.113	0.148	9.463	0.500
1427787267323	37.499294	139.924931	3	0.117	0.154	9.456	0.500
1427787267424	37.499294	139.924931	3	0.116	0.148	9.438	0.500
1427787267524	37.499294	139.924931	3	0.121	0.139	9.427	0.500
1427787267620	37.499294	139.924931	3	0.122	0.135	9.422	0.500
1427787267721	37.499294	139.924931	3	0.125	0.146	9.438	0.500
1427787267822	37.499294	139.924931	3	0.117	0.146	9.450	0.500
1427787267922	37.499294	139.924931	3	0.115	0.150	9.465	0.500
1427787268023	37.499294	139.924931	3	0.117	0.150	9.460	0.500
1427787268124	37.499294	139.924931	3	0.116	0.148	9.450	0.500
1427787268224	37.499294	139.924931	3	0.116	0.138	9.432	0.500
1427787268320	37.499294	139.924931	3	0.111	0.137	9.422	0.500
1427787268421	37.499294	139.924931	3	0.110	0.138	9.417	0.500
1427787268522	37.499294	139.924931	3	0.116	0.142	9.429	0.500
1427787268622	37.499294	139.924931	3	0.120	0.151	9.447	0.500
1427787268723	37.499294	139.924931	3	0.125	0.157	9.462	0.500
1427787268824	37.499294	139.924931	3	0.119	0.155	9.448	0.500
1427787268924	37.499294	139.924931	3	0.113	0.149	9.435	0.500
1427787269020	37.499294	139.924931	3	0.106	0.142	9.424	0.500
1427787269121	37.499294	139.924931	3	0.107	0.136	9.422	0.500
1427787269221	37.499294	139.924931	3	0.109	0.139	9.433	0.500
1427787269322	37.499294	139.924931	3	0.117	0.143	9.439	0.500
1427787269423	37.499294	139.924931	3	0.126	0.151	9.453	0.500
1427787269524	37.499294	139.924931	3	0.119	0.148	9.464	0.500
1427787269624	37.499294	139.924931	3	0.116	0.147	9.453	0.500
1427787269720	37.499294	139.924931	3	0.105	0.143	9.443	0.500
1427787269821	37.499294	139.924931	3	0.099	0.142	9.436	0.500
1427787269921	37.499294	139.924931	3	0.101	0.141	9.443	0.500
1427787270022	37.499294	139.924931	3	0.108	0.140	9.432	0.500
1427787270123	37.499294	139.924931	3	0.113	0.134	9.422	0.500
1427787270223	37.499294	139.924931	3	0.120	0.137	9.433	0.500
1427787270324	37.499294	139.924931	3	0.122	0.143	9.445	0.500
1427787270420	37.499294	139.924931	3	0.125	0.151	9.459	0.500
1427787270521	37.499294	139.924931	3	0.121	0.148	9.470	0.500
1427787270621	37.499294	139.924931	3	0.115	0.146	9.452	0.500
1427787270722	37.499294	139.924931	3	0.112	0.140	9.440	0.500
1427787270823	37.499294	139.924931	3	0.110	0.137	9.437	0.500
1427787270923	37.499294	139.924931	3	0.112	0.140	9.426	0.500
1427787271024	37.499294	139.924931	3	0.120	0.138	9.428	0.500
1427787271120	37.499294	139.924931	3	0.127	0.145	9.447	0.500
1427787271220	37.499294	139.924931	3	0.127	0.152	9.464	0.500
1427787271321	37.499294	139.924931	3	0.120	0.152	9.464	0.500
1427787271422	37.499294	139.924931	3	0.117	0.149	9.457	0.500
1427787271523	37.499294	139.924931	3	0.115	0.146	9.445	0.500
1427787271623	37.499294	139.924931	3	0.110	0.143	9.443	0.500
1427787271724	37.499294	139.924931	3	0.106	0.140	9.432	0.500
1427787271820	37.499294	139.924931	3	0.117	0.141	9.426	0.500
1427787271920	37.499294	139.924931	3	0.128	0.144	9.433	0.500
1427787272021	37.499294	139.924931	3	0.128	0.140	9.436	0.500
1427787272122	37.499294	139.924931	3	0.128	0.150	9.448	0.500
1427787272223	37.499294	139.924931	3	0.117	0.155	9.456	0.500
1427787272323	37.499294	139.924931	3	0.109	0.158	9.460	0.500
1427787272424	37.499294	139.924931	3	0.104	0.151	9.460	0.500
1427787272520	37.499294	139.924931	3	0.108	0.142	9.446	0.500
1427787272620	37.499294	139.924931	3	0.104	0.134	9.426	0.500
1427787272721	37.499294	139.924931	3	0.101	0.133	9.420	0.500
1427787272822	37.499294	139.924931	3	0.104	0.140	9.420	0.500
1427787272922	37.499294	139.924931	3	0.115	0.149	9.433	0.500
1427787273023	37.499294	139.924931	3	0.120	0.146	9.444	0.500
1427787273124	37.499294	139.924931	3	0.124	0.153	9.465	0.500
1427787273225	37.499294	139.924931	3	0.118	0.152	9.468	0.500
1427787273320	37.499294	139.924931	3	0.106	0.151	9.450	0.500
1427787273421	37.499294	139.924931	3	0.104	0.148	9.434	0.500
1427787273522	37.499294	139.924931	3	0.105	0.143	9.437	0.500
1427787273622	37.499294	139.924931	3	0.109	0.144	9.441	0.500
1427787273723	37.499294	139.924931	3	0.117	0.156	9.460	0.500
1427787273824	37.499294	139.924931	3	0.119	0.142	9.438	0.500
1427787273924	37.499294	139.924931	4	0.132	0.155	9.433	0.500
1427787274020	37.499294	139.924931	4	0.134	0.154	9.452	0.500
1427787274121	37.499294	139.924931	4	0.126	0.147	9.460	0.500
1427787274222	37.499294	139.924931	4	0.110	0.145	9.463	0.500
1427787274322	37.499294	139.924931	4	0.099	0.152	9.451	0.500
1427787274423	37.499294	139.924931	4	0.104	0.148	9.427	0.500
1427787274524	37.499293	139.924931	4	0.121	0.153	9.434	0.500
1427787274624	37.499293	139.924931	4	0.129	0.138	9.439	0.500
1427787274720	37.499293	139.924931	4	0.125	0.127	9.430	0.500
1427787274821	37.499293	139.924931	4	0.121	0.150	9.448	0.500
1427787274921	37.499293	139.924931	4	0.118	0.161	9.454	0.500
1427787275022	37.499293	139.924931	4	0.114	0.156	9.453	0.500
1427787275123	37.499293	139.924931	4	0.105	0.148	9.459	0.500
1427787275224	37.499293	139.924931	4	0.105	0.140	9.448	0.500
1427787275324	37.499293	139.924931	4	0.106	0.141	9.441	0.500
1427787275420	37.499293	139.924931	4	0.113	0.149	9.446	0.500
1427787275521	37.499293	139.924931	4	0.121	0.143	9.434	0.500
1427787275621	37.499293	139.924931	4	0.117	0.136	9.433	0.500
1427787275722	37.499293	139.924931	4	0.112	0.135	9.435	0.500
1427787275823	37.499293	139.924931	4	0.116	0.148	9.445	0.500
1427787275924	37.499293	139.924932	4	0.119	0.150	9.449	0.500
1427787276024	37.499293	139.924932	4	0.124	0.157	9.458	0.500
1427787276120	37.499293	139.924932	4	0.124	0.156	9.470	0.500
1427787276221	37.499293	139.924932	4	0.112	0.149	9.470	0.500
1427787276321	37.499293	139.924932	4	0.105	0.146	9.448	0.500
1427787276422	37.499293	139.924932	4	0.105	0.145	9.424	0.500
1427787276523	37.499293	139.924932	4	0.113	0.136	9.418	0.500
1427787276623	37.499293	139.924932	4	0.117	0.140	9.434	0.500
1427787276724	37.499293	139.924932	4	0.127	0.141	9.447	0.500
1427787276820	37.499293	139.924932	4	0.129	0.144	9.452	0.500
1427787276921	37.499293	139.924932	4	0.116	0.147	9.445	0.500
1427787277021	37.499293	139.924932	4	0.105	0.149	9.451	0.500
1427787277122	37.499293	139.924932	4	0.103	0.146	9.444	0.500
1427787277223	37.499293	139.924932	4	0.103	0.143	9.445	0.500
1427787277323	37.499293	139.924932	4	0.108	0.141	9.449	0.500
1427787277424	37.499293	139.924932	4	0.121	0.144	9.443	0.500
1427787277520	37.499293	139.924932	4	0.127	0.141	9.431	0.500
1427787277620	37.499293	139.924932	4	0.128	0.141	9.420	0.500
1427787277721	37.499293	139.924932	4	0.117	0.153	9.444	0.500
1427787277822	37.499293	139.924932	4	0.115	0.158	9.456	0.500
1427787277923	37.499293	139.924932	3	0.113	0.160	9.465	0.500
1427787278023	37.499293	139.924932	3	0.117	0.155	9.460	0.500
1427787278124	37.499293	139.924932	3	0.123	0.146	9.454	0.500
1427787278220	37.499293	139.924932	3	0.116	0.139	9.441	0.500
1427787278320	37.499293	139.924932	3	0.106	0.136	9.419	0.500
1427787278421	37.499293	139.924932	3	0.108	0.137	9.415	0.500
1427787278522	37.499293	139.924932	3	0.115	0.138	9.424	0.500
1427787278622	37.499293	139.924932	3	0.126	0.144	9.439	0.500
1427787278723	37.499293	139.924932	3	0.131	0.135	9.442	0.500
1427787278824	37.499293	139.924932	3	0.131	0.142	9.446	0.500
1427787278925	37.499293	139.924932	3	0.127	0.156	9.457	0.500
1427787279020	37.499293	139.924932	3	0.116	0.159	9.453	0.500
1427787279121	37.499293	139.924932	3	0.108	0.162	9.466	0.500
1427787279222	37.499293	139.924932	3	0.107	0.151	9.463	0.500
1427787279322	37.499293	139.924932	3	0.108	0.145	9.446	0.500
1427787279423	37.499293	139.924932	3	0.105	0.142	9.435	0.500
1427787279524	37.499293	139.924932	3	0.104	0.142	9.436	0.500
1427787279624	37.499293	139.924932	3	0.107	0.143	9.438	0.500
1427787279720	37.499293	139.924932	3	0.112	0.136	9.434	0.500
1427787279821	37.499293	139.924932	3	0.113	0.134	9.435	0.500
1427787279922	37.499293	139.924932	3	0.115	0.136	9.429	0.500
1427787280022	37.499293	139.924932	3	0.121	0.147	9.439	0.500
1427787280123	37.499293	139.924932	3	0.128	0.150	9.448	0.500
1427787280224	37.499293	139.924932	3	0.129	0.147	9.446	0.500
1427787280324	37.499293	139.924932	3	0.128	0.158	9.469	0.500
1427787280420	37.499293	139.924932	3	0.117	0.164	9.477	0.500
1427787280521	37.499293	139.924932	3	0.111	0.165	9.485	0.500
1427787280622	37.499293	139.924932	3	0.107	0.163	9.482	0.500
1427787280722	37.499293	139.924932	3	0.110	0.156	9.459	0.500
1427787280823	37.499293	139.924932	3	0.106	0.147	9.449	0.500
1427787280924	37.499293	139.924932	3	0.103	0.151	9.443	0.500
1427787281024	37.499293	139.924932	3	0.103	0.151	9.444	0.500
1427787281120	37.499293	139.924932	3	0.108	0.152	9.441	0.500
1427787281221	37.499293	139.924932	3	0.109	0.147	9.438	0.500
1427787281321	37.499293	139.924932	3	0.113	0.144	9.439	0.500
1427787281422	37.499293	139.924932	3	0.119	0.145	9.450	0.500
1427787281523	37.499293	139.924932	3	0.126	0.147	9.453	0.500
1427787281624	37.499293	139.924932	3	0.129	0.149	9.450	0.500
1427787281724	37.499293	139.924932	3	0.124	0.146	9.442	0.500
1427787281820	37.499293	139.924932	3	0.124	0.153	9.439	0.500
1427787281921	37.499293	139.924932	3	0.125	0.157	9.452	0.500
1427787282021	37.499293	139.924932	3	0.133	0.163	9.463	0.500
1427787282122	37.499293	139.924932	3	0.137	0.163	9.473	0.500
1427787282223	37.499293	139.924932	3	0.128	0.161	9.470	0.500
1427787282323	37.499293	139.924932	3	0.114	0.165	9.471	0.500
1427787282424	37.499293	139.924932	3	0.101	0.166	9.472	0.500
1427787282520	37.499293	139.924932	3	0.105	0.161	9.463	0.500
1427787282621	37.499293	139.924932	3	0.106	0.158	9.451	0.500
1427787282721	37.499293	139.924932	3	0.112	0.157	9.441	0.500
1427787282822	37.499293	139.924932	3	0.110	0.153	9.439	0.500
1427787282923	37.499293	139.924932	3	0.108	0.153	9.455	0.500
1427787283023	37.499293	139.924932	3	0.118	0.156	9.451	0.500
1427787283124	37.499293	139.924932	3	0.114	0.156	9.444	0.500
1427787283220	37.499293	139.924932	3	0.115	0.155	9.438	0.500
1427787283320	37.499293	139.924932	3	0.122	0.156	9.446	0.500
1427787283421	37.499293	139.924932	3	0.128	0.161	9.461	0.500
1427787283522	37.499293	139.924932	3	0.132	0.163	9.472	0.500
1427787283623	37.499293	139.924932	3	0.127	0.159	9.475	0.500
1427787283723	37.499293	139.924932	3	0.121	0.158	9.483	0.500
1427787283824	37.499293	139.924932	3	0.109	0.157	9.477	0.500
1427787283920	37.499293	139.924932	3	0.107	0.155	9.473	0.500
1427787284020	37.499293	139.924932	3	0.110	0.159	9.461	0.500
1427787284121	37.499293	139.924932	3	0.110	0.152	9.444	0.500
1427787284222	37.499293	139.924932	3	0.108	0.146	9.438	0.500
1427787284323	37.499293	139.924932	3	0.109	0.150	9.444	0.500
1427787284423	37.499293	139.924932	3	0.109	0.152	9.448	0.500
1427787284524	37.499293	139.924932	3	0.119	0.152	9.452	0.500
1427787284620	37.499293	139.924932	3	0.117	0.143	9.445	0.500
1427787284720	37.499293	139.924932	3	0.112	0.136	9.441	0.500
1427787284821	37.499293	139.924932	3	0.115	0.138	9.445	0.500
1427787284922	37.499293	139.924932	3	0.123	0.142	9.442	0.500
1427787285022	37.499293	139.924932	3	0.123	0.140	9.435	0.500
1427787285123	37.499293	139.924932	3	0.125	0.143	9.437	0.500
1427787285224	37.499293	139.924932	3	0.119	0.148	9.458	0.500
1427787285320	37.499293	139.924932	3	0.117	0.155	9.481	0.500
1427787285420	37.499293	139.924932	3	0.121	0.153	9.476	0.500
1427787285521	37.499293	139.924932	3	0.115	0.148	9.471	0.500
1427787285622	37.499293	139.924932	3	0.107	0.148	9.455	0.500
1427787285722	37.499293	139.924932	3	0.102	0.151	9.459	0.500
1427787285823	37.499293	139.924932	3	0.103	0.158	9.459	0.500
1427787285924	37.499293	139.924932	3	0.107	0.155	9.451	0.500
1427787286020	37.499293	139.924932	3	0.112	0.147	9.445	0.500
1427787286120	37.499293	139.924932	3	0.111	0.141	9.443	0.500
1427787286221	37.499293	139.924932	3	0.111	0.145	9.448	0.500
1427787286322	37.499293	139.924932	3	0.113	0.147	9.450	0.500
1427787286422	37.499293	139.924932	3	0.119	0.148	9.444	0.500
1427787286523	37.499293	139.924932	3	0.120	0.144	9.435	0.500
1427787286624	37.499293	139.924932	3	0.122	0.153	9.450	0.500
1427787286724	37.499293	139.924932	3	0.117	0.156	9.470	0.500
1427787286820	37.499293	139.924932	3	0.115	0.161	9.487	0.500
1427787286921	37.499293	139.924932	3	0.115	0.160	9.479	0.500
1427787287022	37.499293	139.924932	3	0.106	0.151	9.456	0.500
1427787287122	37.499293	139.924932	3	0.098	0.149	9.444	0.500
1427787287223	37.499293	139.924932	3	0.099	0.152	9.446	0.500
1427787287324	37.499293	139.924932	3	0.103	0.155	9.453	0.500
1427787287424	37.499293	139.924932	3	0.115	0.154	9.451	0.500
1427787287520	37.499293	139.924932	3	0.118	0.147	9.443	0.500
1427787287621	37.499293	139.924932	3	0.118	0.147	9.436	0.500
1427787287721	37.499293	139.924932	3	0.121	0.150	9.443	0.500
1427787287822	37.499293	139.924932	3	0.128	0.149	9.449	0.500
1427787287923	37.499293	139.924932	3	0.126	0.152	9.452	0.500
1427787288024	37.499293	139.924932	3	0.122	0.153	9.466	0.500
1427787288124	37.499293	139.924932	3	0.119	0.152	9.476	0.500
1427787288220	37.499293	139.924932	3	0.111	0.165	9.486	0.500
1427787288321	37.499293	139.924932	3	0.113	0.164	9.483	0.500
1427787288421	37.499293	139.924932	3	0.109	0.157	9.465	0.500
1427787288522	37.499293	139.924932	3	0.103	0.148	9.443	0.500
1427787288623	37.499293	139.924932	3	0.099	0.145	9.436	0.500
1427787288724	37.499293	139.924932	3	0.102	0.146	9.444	0.500
1427787288824	37.499293	139.924932	3	0.111	0.147	9.447	0.500
1427787288920	37.499293	139.924932	3	0.120	0.143	9.449	0.500
1427787289021	37.499293	139.924932	3	0.117	0.139	9.447	0.500
1427787289121	37.499293	139.924932	3	0.120	0.148	9.439	0.500
1427787289222	37.499293	139.924932	3	0.120	0.151	9.452	0.500
1427787289323	37.499293	139.924932	3	0.119	0.152	9.453	0.500
1427787289423	37.499293	139.924932	3	0.124	0.155	9.463	0.500
1427787289524	37.499293	139.924932	3	0.112	0.154	9.467	0.500
1427787289620	37.499293	139.924932	3	0.103	0.157	9.474	0.500
1427787289720	37.499293	139.924932	3	0.102	0.160	9.475	0.500
1427787289821	37.499293	139.924932	3	0.105	0.156	9.462	0.500
1427787289922	37.499293	139.924932	3	0.103	0.145	9.445	0.500
1427787290023	37.499293	139.924932	3	0.100	0.145	9.436	0.500
1427787290123	37.499293	139.924932	3	0.105	0.146	9.433	0.500
1427787290224	37.499293	139.924932	3	0.107	0.147	9.442	0.500
1427787290320	37.499293	139.924932	3	0.117	0.148	9.450	0.500
1427787290420	37.499293	139.924932	3	0.122	0.139	9.444	0.500
1427787290521	37.499293	139.924932	3	0.126	0.138	9.444	0.500
1427787290622	37.499293	139.924932	3	0.121	0.149	9.455	0.500
1427787290722	37.499293	139.924932	3	0.113	0.159	9.469	0.500
1427787290823	37.499293	139.924932	3	0.111	0.163	9.487	0.500
1427787290924	37.499293	139.924932	3	0.108	0.155	9.468	0.500
1427787291020	37.499293	139.924932	3	0.106	0.150	9.459	0.500
1427787291120	37.499293	139.924932	3	0.102	0.153	9.448	0.500
1427787291221	37.499293	139.924932	3	0.105	0.156	9.452	0.500
1427787291322	37.499293	139.924932	3	0.104	0.150	9.445	0.500
1427787291422	37.499293	139.924932	3	0.109	0.149	9.443	0.500
1427787291523	37.499293	139.924932	3	0.109	0.150	9.440	0.500
1427787291624	37.499293	139.924932	3	0.113	0.133	9.431	0.500
1427787291720	37.499293	139.924932	3	0.120	0.133	9.439	0.500
1427787291820	37.499293	139.924932	3	0.131	0.128	9.452	0.500
1427787291921	37.499293	139.924932	3	0.124	0.116	9.455	0.500
1427787292022	37.499293	139.924932	3	0.119	0.115	9.462	0.500
1427787292122	37.499293	139.924932	3	0.118	0.124	9.471	0.500
1427787292223	37.499293	139.924932	3	0.119	0.154	9.493	0.500
1427787292324	37.499293	139.924932	3	0.124	0.165	9.471	0.500
1427787292420	37.499293	139.924932	3	0.130	0.176	9.466	0.500
1427787292520	37.499293	139.924932	3	0.128	0.206	9.461	0.500
1427787292621	37.499293	139.924932	3	0.105	0.180	9.423	0.500
1427787292721	37.499293	139.924932	3	0.092	0.157	9.436	0.500
1427787292822	37.499293	139.924932	3	0.094	0.151	9.476	0.500
1427787292923	37.499293	139.924932	3	0.103	0.133	9.438	0.500
1427787293024	37.499293	139.924932	3	0.101	0.102	9.389	0.500
1427787293124	37.499293	139.924932	3	0.095	0.068	9.429	0.500
1427787293220	37.499293	139.924932	3	0.080	0.008	9.402	0.500
1427787293321	37.499293	139.924932	3	0.026	0.058	9.422	0.500
1427787293421	37.499293	139.924932	3	0.082	0.119	9.437	0.500
1427787293522	37.499293	139.924932	3	0.115	0.254	9.460	0.500
1427787293623	37.499293	139.924932	3	0.143	0.386	9.444	0.500
1427787293724	37.499293	139.924932	3	0.167	0.478	9.417	0.500
1427787293824	37.499293	139.924932	3	0.196	0.582	9.420	0.500
1427787293920	37.499293	139.924932	3	0.241	0.696	9.434	0.500
1427787294021	37.499293	139.924932	3	0.270	0.830	9.480	0.500
1427787294121	37.499293	139.924932	3	0.287	0.968	9.489	0.500
1427787294222	37.499293	139.924932	3	0.302	1.079	9.446	0.500
1427787294323	37.499293	139.924932	3	0.297	1.134	9.380	0.500
1427787294424	37.499293	139.924932	3	0.285	1.181	9.392	0.500
1427787294524	37.499293	139.924932	3	0.257	1.227	9.470	0.500
1427787294620	37.499293	139.924932	3	0.290	1.299	9.523	0.500
1427787294721	37.499293	139.924932	3	0.368	1.314	9.552	0.500
1427787294821	37.499293	139.924932	3	0.452	1.269	9.481	0.500
1427787294922	37.499293	139.924932	4	0.456	1.322	9.390	0.500
1427787295023	37.499293	139.924932	4	0.360	1.351	9.451	0.500
1427787295123	37.499293	139.924932	4	0.220	1.343	9.509	0.500
1427787295224	37.499293	139.924933	4	0.143	1.453	9.539	0.500
1427787295320	37.499293	139.924933	4	0.280	1.457	9.356	0.500
1427787295421	37.499293	139.924933	4	0.343	1.594	9.334	0.500
1427787295521	37.499292	139.924933	4	0.430	1.530	9.227	0.500
1427787295622	37.499292	139.924933	4	0.264	1.630	9.504	0.500
1427787295723	37.499292	139.924934	4	0.383	1.555	9.627	0.500
1427787295823	37.499292	139.924934	4	0.516	1.439	9.590	0.500
1427787295924	37.499292	139.924934	5	0.573	1.398	9.355	0.500
1427787296020	37.499292	139.924934	5	0.480	1.297	9.286	0.500
1427787296120	37.499292	139.924934	5	0.321	1.176	9.355	0.500
1427787296221	37.499292	139.924934	5	0.257	0.884	9.320	0.500
1427787296322	37.499292	139.924934	5	0.182	0.587	9.327	0.500
1427787296423	37.499291	139.924935	5	0.138	0.494	9.455	0.500
1427787296523	37.499291	139.924935	5	0.104	0.401	9.476	0.500
1427787296624	37.499291	139.924935	5	0.122	0.331	9.527	0.500
1427787296720	37.499291	139.924935	5	0.181	0.303	9.495	0.500
1427787296820	37.499291	139.924935	5	0.249	0.218	9.477	0.500
1427787296921	37.499291	139.924935	6	0.213	0.168	9.594	0.500
1427787297022	37.499290	139.924937	6	0.169	0.159	9.558	0.551
1427787297123	37.499290	139.924939	6	0.096	0.185	9.333	0.609
1427787297223	37.499289	139.924941	6	0.064	0.155	9.365	0.675
1427787297324	37.499288	139.924944	6	0.105	0.115	9.674	0.749
1427787297420	37.499287	139.924947	6	0.232	0.200	9.380	0.827
1427787297520	37.499286	139.924950	6	0.268	0.251	9.010	0.916
1427787297621	37.499285	139.924954	6	0.244	0.138	9.242	1.014
1427787297722	37.499284	139.924958	6	0.280	0.083	9.531	1.120
1427787297822	37.499282	139.924962	6	0.216	0.064	9.385	1.232
1427787297923	37.499281	139.924966	6	0.178	-0.021	9.586	1.353
1427787298024	37.499280	139.924969	6	0.207	-0.122	9.878	1.454
1427787298120	37.499279	139.924972	6	0.203	-0.103	9.602	1.559
1427787298220	37.499278	139.924975	6	0.141	-0.026	9.191	1.679
1427787298321	37.499277	139.924978	6	0.084	0.023	9.081	1.810
1427787298422	37.499276	139.924982	6	0.108	-0.066	9.301	1.951
1427787298522	37.499275	139.924986	6	0.095	-0.099	9.574	2.102
1427787298623	37.499273	139.924991	6	0.218	-0.197	9.442	2.264
1427787298724	37.499272	139.924995	6	0.121	-0.046	9.410	2.436
1427787298825	37.499271	139.925000	6	0.168	-0.039	9.454	2.619
1427787298921	37.499269	139.925005	5	0.096	0.036	9.732	2.800
1427787299022	37.499268	139.925009	5	0.150	-0.060	9.667	2.800
1427787299122	37.499267	139.925012	5	0.113	0.053	9.409	2.800
1427787299222	37.499266	139.925016	5	0.128	0.104	9.063	2.800
1427787299323	37.499265	139.925020	5	0.037	0.028	9.019	2.800
1427787299424	37.499263	139.925024	5	-0.089	0.055	9.397	2.800
1427787299524	37.499262	139.925027	5	-0.012	-0.013	9.619	2.800
1427787299620	37.499261	139.925031	5	0.100	-0.195	9.784	2.800
1427787299721	37.499260	139.925035	5	0.112	-0.216	9.696	2.800
1427787299821	37.499259	139.925038	5	0.041	-0.083	9.377	2.800
1427787299922	37.499258	139.925042	5	0.039	0.026	9.200	2.799
1427787300023	37.499257	139.925046	5	0.096	0.056	9.310	2.773
1427787300124	37.499256	139.925049	5	0.212	0.026	9.480	2.747
1427787300224	37.499255	139.925053	5	0.225	-0.003	9.543	2.722
1427787300320	37.499254	139.925056	5	0.148	-0.031	9.736	2.697
1427787300421	37.499253	139.925060	5	0.036	-0.083	9.809	2.672
1427787300521	37.499252	139.925063	5	0.020	-0.110	9.582	2.647
1427787300622	37.499252	139.925067	5	-0.022	-0.178	9.233	2.622
1427787300723	37.499251	139.925070	5	-0.073	-0.248	9.367	2.597
1427787300824	37.499250	139.925074	5	-0.120	-0.171	9.543	2.573
1427787300924	37.499249	139.925077	4	-0.096	-0.064	9.391	2.550
1427787301020	37.499248	139.925081	4	-0.122	-0.059	9.371	2.550
1427787301121	37.499248	139.925084	4	-0.122	-0.062	9.344	2.550
1427787301221	37.499247	139.925088	4	-0.194	-0.021	9.358	2.550
1427787301322	37.499246	139.925091	4	-0.309	-0.015	9.311	2.550
1427787301423	37.499245	139.925095	4	-0.387	0.085	9.360	2.550
1427787301524	37.499245	139.925098	4	-0.389	0.164	9.449	2.550
1427787301624	37.499244	139.925102	4	-0.391	0.203	9.560	2.550
1427787301720	37.499243	139.925105	4	-0.417	0.211	9.551	2.550
1427787301821	37.499243	139.925109	4	-0.505	0.223	9.553	2.550
1427787301921	37.499242	139.925112	4	-0.736	0.182	9.553	2.550
1427787302023	37.499242	139.925116	4	-1.014	0.219	9.423	2.523
1427787302123	37.499241	139.925119	4	-1.139	0.213	9.139	2.497
1427787302223	37.499241	139.925123	4	-1.165	0.225	9.284	2.472
1427787302324	37.499241	139.925126	4	-1.142	0.198	9.500	2.446
1427787302420	37.499240	139.925129	4	-1.123	0.192	9.361	2.422
1427787302520	37.499240	139.925133	4	-1.095	0.175	9.293	2.397
1427787302621	37.499240	139.925136	4	-1.068	0.066	9.499	2.372
1427787302722	37.499240	139.925140	4	-1.070	-0.059	9.550	2.347
1427787302823	37.499239	139.925143	4	-1.045	-0.141	9.423	2.323
1427787302923	37.499239	139.925146	4	-1.024	-0.148	9.353	2.299
1427787303024	37.499240	139.925149	4	-0.991	-0.197	9.472	2.274
1427787303120	37.499240	139.925152	4	-0.970	-0.320	9.731	2.250
1427787303220	37.499241	139.925155	4	-1.128	-0.376	9.727	2.225
1427787303321	37.499241	139.925158	4	-1.229	-0.406	9.442	2.201
1427787303422	37.499242	139.925161	4	-1.137	-0.408	9.161	2.176
1427787303523	37.499242	139.925164	4	-0.934	-0.546	8.876	2.152
1427787303623	37.499243	139.925167	4	-0.716	-0.652	8.955	2.129
1427787303724	37.499243	139.925170	4	-0.606	-0.762	9.284	2.105
1427787303820	37.499244	139.925172	4	-0.509	-0.874	9.643	2.083
1427787303920	37.499244	139.925175	4	-0.514	-0.979	9.856	2.060
1427787304021	37.499245	139.925177	4	-0.544	-1.047	9.725	1.975
1427787304122	37.499246	139.925180	4	-0.472	-0.992	9.430	1.893
1427787304222	37.499247	139.925182	4	-0.215	-0.917	9.282	1.814
1427787304323	37.499248	139.925184	4	-0.046	-0.900	9.488	1.738
1427787304424	37.499249	139.925186	4	-0.003	-0.872	9.544	1.665
1427787304520	37.499250	139.925188	4	-0.064	-0.777	9.390	1.599
1427787304620	37.499251	139.925190	4	-0.187	-0.578	9.290	1.532
1427787304721	37.499252	139.925192	4	-0.293	-0.371	9.281	1.468
1427787304822	37.499252	139.925193	4	-0.308	-0.243	9.297	1.407
1427787304922	37.499253	139.925195	4	-0.259	-0.200	9.412	1.350
1427787305023	37.499254	139.925197	4	-0.247	-0.137	9.571	1.350
1427787305124	37.499256	139.925198	4	-0.269	-0.111	9.591	1.350
1427787305225	37.499257	139.925200	4	-0.282	-0.077	9.505	1.350
1427787305320	37.499259	139.925201	4	-0.237	-0.059	9.404	1.350
1427787305421	37.499260	139.925203	4	-0.179	0.050	9.491	1.350
1427787305522	37.499261	139.925204	4	-0.135	0.161	9.516	1.350
1427787305622	37.499263	139.925206	4	-0.110	0.110	9.471	1.350
1427787305723	37.499264	139.925207	4	-0.125	0.226	9.604	1.350
1427787305824	37.499266	139.925209	4	-0.124	0.195	9.365	1.350
1427787305924	37.499267	139.925210	4	-0.223	0.212	9.142	1.350
1427787306020	37.499269	139.925211	4	-0.241	0.339	9.303	1.350
1427787306121	37.499270	139.925212	4	-0.190	0.328	9.362	1.350
1427787306221	37.499272	139.925213	4	-0.194	0.383	9.448	1.350
1427787306322	37.499274	139.925214	4	-0.244	0.553	9.588	1.350
1427787306423	37.499276	139.925215	4	-0.278	0.672	9.541	1.350
1427787306524	37.499277	139.925216	4	-0.233	0.721	9.393	1.350
1427787306624	37.499279	139.925217	4	-0.110	0.725	9.277	1.350
1427787306720	37.499281	139.925218	4	-0.011	0.700	9.346	1.350
1427787306821	37.499282	139.925219	4	-0.072	0.617	9.483	1.350
1427787306921	37.499284	139.925220	5	-0.277	0.510	9.537	1.350
1427787307022	37.499286	139.925221	5	-0.481	0.569	9.405	1.372
1427787307123	37.499288	139.925222	5	-0.479	0.749	9.265	1.394
1427787307224	37.499289	139.925223	5	-0.352	0.875	9.319	1.416
1427787307324	37.499291	139.925224	5	-0.274	1.025	9.724	1.439
1427787307420	37.499293	139.925225	5	-0.345	1.119	9.682	1.460
1427787307521	37.499295	139.925226	5	-0.449	1.032	9.456	1.484
1427787307621	37.499297	139.925228	5	-0.438	0.802	9.385	1.507
1427787307722	37.499299	139.925229	5	-0.242	0.577	9.501	1.532
1427787307823	37.499301	139.925230	5	-0.019	0.364	9.616	1.556
1427787307923	37.499303	139.925231	5	0.050	0.177	9.625	1.581
1427787308024	37.499305	139.925232	5	-0.013	0.109	9.712	1.603
1427787308120	37.499307	139.925233	5	-0.044	0.008	9.637	1.625
1427787308220	37.499309	139.925235	5	-0.047	-0.039	9.670	1.648
1427787308321	37.499311	139.925236	5	-0.029	-0.056	9.644	1.672
1427787308422	37.499313	139.925237	5	-0.087	0.038	9.380	1.696
1427787308523	37.499315	139.925239	5	-0.082	0.123	9.254	1.721
1427787308623	37.499317	139.925240	5	-0.065	0.296	9.339	1.745
1427787308724	37.499319	139.925241	5	-0.063	0.456	9.326	1.770
1427787308820	37.499321	139.925243	5	-0.079	0.563	9.352	1.794
1427787308921	37.499323	139.925244	6	-0.061	0.565	9.481	1.821
1427787309021	37.499325	139.925246	6	0.015	0.474	9.636	1.883
1427787309122	37.499328	139.925248	6	0.203	0.450	9.728	1.948
1427787309223	37.499330	139.925249	6	0.263	0.455	9.453	2.015
1427787309323	37.499333	139.925251	6	0.132	0.460	9.250	2.085
1427787309424	37.499335	139.925253	6	-0.127	0.488	9.226	2.157
1427787309520	37.499338	139.925255	6	-0.364	0.449	9.426	2.229
1427787309620	37.499341	139.925257	6	-0.493	0.402	9.527	2.305
1427787309721	37.499344	139.925259	6	-0.470	0.333	9.374	2.385
1427787309822	37.499347	139.925262	6	-0.409	0.250	9.303	2.468
1427787309923	37.499350	139.925264	6	-0.351	0.143	9.319	2.551
1427787310023	37.499353	139.925266	6	-0.244	0.019	9.443	2.575
1427787310124	37.499355	139.925268	6	-0.142	-0.025	9.654	2.599
1427787310220	37.499358	139.925270	6	-0.119	-0.061	9.548	2.623
1427787310320	37.499360	139.925272	6	-0.244	0.043	9.523	2.647
1427787310421	37.499363	139.925274	6	-0.274	0.106	9.476	2.672
1427787310522	37.499365	139.925276	6	-0.370	0.133	9.443	2.698
1427787310622	37.499368	139.925278	6	-0.467	0.093	9.402	2.723
1427787310723	37.499371	139.925280	6	-0.469	0.056	9.445	2.749
1427787310824	37.499373	139.925282	6	-0.397	0.048	9.280	2.775
1427787310920	37.499376	139.925284	7	-0.335	0.032	9.382	2.800
1427787311020	37.499379	139.925286	7	-0.294	0.021	9.503	2.800
1427787311121	37.499381	139.925288	7	-0.325	0.006	9.515	2.800
1427787311222	37.499384	139.925290	7	-0.337	-0.055	9.335	2.800
1427787311322	37.499386	139.925292	7	-0.366	0.062	9.391	2.800
1427787311423	37.499389	139.925294	7	-0.222	0.340	9.440	2.800
1427787311524	37.499392	139.925296	7	-0.181	0.579	9.395	2.800
1427787311625	37.499394	139.925298	7	-0.189	0.864	9.554	2.800
1427787311720	37.499397	139.925300	7	-0.096	0.992	9.527	2.800
1427787311821	37.499399	139.925302	7	-0.055	1.053	9.632	2.800
1427787311922	37.499402	139.925304	8	-0.050	1.134	9.701	2.800
1427787312022	37.499405	139.925306	8	-0.059	1.148	9.530	2.824
1427787312123	37.499408	139.925308	8	-0.081	1.092	9.299	2.847
1427787312224	37.499411	139.925310	8	-0.076	0.936	9.240	2.871
1427787312324	37.499413	139.925312	8	-0.156	0.590	9.266	2.895
1427787312420	37.499416	139.925314	8	-0.165	0.397	9.469	2.918
1427787312521	37.499419	139.925316	8	-0.127	0.361	9.717	2.942
1427787312622	37.499422	139.925319	8	-0.137	0.368	9.841	2.966
1427787312722	37.499425	139.925321	8	-0.191	0.419	9.599	2.991
1427787312823	37.499428	139.925323	8	-0.234	0.443	9.382	3.016
1427787312924	37.499431	139.925325	8	-0.275	0.458	9.383	3.040
1427787313024	37.499434	139.925327	8	-0.343	0.427	9.594	3.040
1427787313120	37.499437	139.925330	8	-0.388	0.397	9.737	3.040
1427787313221	37.499440	139.925332	8	-0.400	0.408	9.633	3.040
1427787313321	37.499443	139.925334	8	-0.387	0.392	9.513	3.040
1427787313422	37.499446	139.925337	8	-0.354	0.346	9.444	3.040
1427787313523	37.499448	139.925339	8	-0.300	0.267	9.493	3.040
1427787313624	37.499451	139.925341	8	-0.228	0.192	9.591	3.040
1427787313724	37.499454	139.925343	8	-0.206	0.121	9.626	3.040
1427787313820	37.499457	139.925346	8	-0.223	0.073	9.575	3.040
1427787313921	37.499460	139.925348	8	-0.243	0.052	9.392	3.040
1427787314021	37.499463	139.925350	8	-0.307	-0.005	9.314	3.064
1427787314122	37.499465	139.925353	8	-0.335	-0.015	9.189	3.089
1427787314223	37.499468	139.925355	8	-0.383	-0.050	9.373	3.114
1427787314323	37.499471	139.925358	8	-0.423	-0.071	9.531	3.138
1427787314424	37.499473	139.925360	8	-0.424	-0.086	9.331	3.164
1427787314520	37.499476	139.925363	8	-0.424	-0.175	9.319	3.188
1427787314621	37.499479	139.925365	8	-0.407	-0.238	9.316	3.213
1427787314721	37.499481	139.925368	8	-0.350	-0.234	9.165	3.239
1427787314822	37.499484	139.925370	8	-0.300	-0.171	9.183	3.265
1427787314923	37.499487	139.925373	8	-0.304	-0.142	9.429	3.290
1427787315023	37.499490	139.925375	8	-0.331	-0.121	9.525	3.290
1427787315124	37.499492	139.925378	8	-0.301	-0.094	9.586	3.290
1427787315220	37.499495	139.925380	8	-0.273	-0.025	9.604	3.290
1427787315321	37.499497	139.925382	8	-0.278	-0.000	9.463	3.290
1427787315421	37.499500	139.925385	8	-0.315	-0.001	9.296	3.290
1427787315522	37.499503	139.925387	8	-0.368	0.011	9.200	3.290
1427787315623	37.499505	139.925389	8	-0.399	0.060	9.323	3.290
1427787315723	37.499508	139.925391	8	-0.431	0.100	9.524	3.290
1427787315824	37.499510	139.925394	8	-0.379	0.171	9.395	3.290
1427787315920	37.499513	139.925396	8	-0.354	0.179	9.250	3.290
1427787316020	37.499515	139.925398	8	-0.335	0.136	9.210	3.290
1427787316121	37.499518	139.925400	8	-0.294	0.086	9.375	3.290
1427787316222	37.499520	139.925402	8	-0.223	0.087	9.625	3.290
1427787316323	37.499522	139.925404	8	-0.173	0.089	9.582	3.290
1427787316423	37.499525	139.925407	8	-0.193	0.075	9.398	3.290
1427787316524	37.499527	139.925409	8	-0.251	0.027	9.307	3.290
1427787316620	37.499529	139.925411	8	-0.280	0.027	9.436	3.290
1427787316720	37.499531	139.925413	8	-0.323	0.037	9.394	3.290
1427787316821	37.499534	139.925415	8	-0.346	-0.008	9.367	3.290
1427787316922	37.499536	139.925417	8	-0.362	-0.118	9.648	3.290
1427787317023	37.499539	139.925419	8	-0.350	-0.255	9.538	3.290
1427787317123	37.499541	139.925421	8	-0.302	-0.256	9.386	3.290
1427787317224	37.499544	139.925423	8	-0.251	-0.155	9.381	3.290
1427787317320	37.499546	139.925425	8	-0.243	-0.135	9.419	3.290
1427787317420	37.499549	139.925426	8	-0.236	-0.163	9.541	3.290
1427787317521	37.499551	139.925428	8	-0.215	-0.192	9.488	3.290
1427787317622	37.499554	139.925430	8	-0.171	-0.160	9.420	3.290
1427787317722	37.499556	139.925432	8	-0.203	-0.153	9.585	3.290
1427787317823	37.499559	139.925434	8	-0.249	-0.133	9.569	3.290
1427787317924	37.499561	139.925436	6	-0.289	-0.134	9.493	3.290
1427787318025	37.499564	139.925438	6	-0.269	-0.099	9.413	3.290
1427787318120	37.499566	139.925440	6	-0.155	-0.082	9.324	3.290
1427787318221	37.499569	139.925442	6	-0.104	-0.071	9.407	3.290
1427787318322	37.499571	139.925444	6	-0.040	-0.005	9.155	3.290
1427787318422	37.499574	139.925446	6	-0.106	-0.027	9.226	3.290
1427787318523	37.499576	139.925448	6	-0.220	-0.054	9.576	3.290
1427787318624	37.499579	139.925450	6	-0.275	-0.106	9.814	3.290
1427787318724	37.499581	139.925452	6	-0.235	-0.082	9.565	3.290
1427787318820	37.499583	139.925454	6	-0.190	-0.042	9.253	3.290
1427787318921	37.499586	139.925456	6	-0.148	0.000	9.180	3.290
1427787319021	37.499589	139.925458	6	-0.166	0.009	9.272	3.290
1427787319122	37.499591	139.925460	6	-0.258	-0.047	9.447	3.290
1427787319223	37.499594	139.925461	6	-0.303	-0.050	9.534	3.290
1427787319324	37.499596	139.925463	6	-0.214	-0.027	9.439	3.290
1427787319424	37.499599	139.925465	6	-0.113	-0.044	9.521	3.290
1427787319520	37.499601	139.925467	6	-0.098	-0.085	9.766	3.290
1427787319621	37.499604	139.925469	6	-0.087	-0.078	9.661	3.290
1427787319721	37.499606	139.925470	6	-0.126	-0.044	9.350	3.290
1427787319822	37.499609	139.925472	6	-0.202	-0.010	9.260	3.290
1427787319923	37.499611	139.925474	6	-0.273	0.017	9.355	3.290
1427787320024	37.499614	139.925476	6	-0.271	0.034	9.355	3.290
1427787320124	37.499617	139.925477	6	-0.270	0.025	9.464	3.290
1427787320220	37.499619	139.925479	6	-0.237	0.073	9.550	3.290
1427787320321	37.499622	139.925480	6	-0.184	0.227	9.396	3.290
1427787320421	37.499625	139.925482	6	-0.106	0.289	9.322	3.290
1427787320522	37.499627	139.925484	6	-0.012	0.276	9.515	3.290
1427787320623	37.499630	139.925485	6	0.036	0.306	9.472	3.290
1427787320723	37.499633	139.925487	6	-0.026	0.375	9.370	3.290
1427787320824	37.499635	139.925488	6	-0.099	0.385	9.371	3.290
1427787320920	37.499638	139.925490	5	-0.142	0.389	9.356	3.290
1427787321021	37.499641	139.925492	5	-0.113	0.349	9.326	3.290
1427787321121	37.499643	139.925493	5	-0.120	0.320	9.575	3.290
1427787321222	37.499646	139.925495	5	-0.143	0.258	9.639	3.290
1427787321323	37.499649	139.925497	5	-0.105	0.283	9.467	3.290
1427787321423	37.499652	139.925499	5	-0.148	0.281	9.382	3.290
1427787321524	37.499654	139.925500	5	-0.252	0.221	9.547	3.290
1427787321620	37.499657	139.925502	5	-0.195	0.229	9.435	3.290
1427787321721	37.499660	139.925504	5	-0.080	0.310	9.370	3.290
1427787321821	37.499662	139.925505	5	-0.105	0.403	9.683	3.290
1427787321922	37.499665	139.925507	4	-0.195	0.558	9.833	3.290
1427787322023	37.499668	139.925509	4	-0.237	0.713	9.794	3.290
1427787322123	37.499671	139.925510	4	-0.231	0.851	9.626	3.290
1427787322224	37.499674	139.925512	4	-0.147	0.942	9.429	3.290
1427787322320	37.499677	139.925513	4	-0.024	0.886	9.241	3.290
1427787322420	37.499680	139.925515	4	-0.045	0.930	9.488	3.290
1427787322521	37.499684	139.925517	4	-0.062	0.989	9.692	3.290
1427787322622	37.499687	139.925518	4	-0.090	0.937	9.634	3.290
1427787322723	37.499690	139.925520	4	-0.052	0.920	9.620	3.290
1427787322823	37.499693	139.925521	4	-0.074	0.856	9.443	3.290
1427787322924	37.499696	139.925523	5	-0.129	0.815	9.222	3.291
1427787323020	37.499699	139.925525	5	-0.172	0.744	9.195	3.314
1427787323120	37.499702	139.925526	5	-0.190	0.614	9.516	3.339
1427787323221	37.499705	139.925528	5	-0.163	0.509	9.759	3.363
1427787323322	37.499708	139.925530	5	-0.159	0.499	9.644	3.388
1427787323423	37.499711	139.925531	5	-0.120	0.518	9.373	3.413
1427787323523	37.499714	139.925533	5	-0.118	0.533	9.293	3.439
1427787323624	37.499718	139.925535	5	-0.119	0.555	9.361	3.464
1427787323720	37.499721	139.925536	5	-0.140	0.573	9.469	3.489
1427787323820	37.499724	139.925538	5	-0.216	0.626	9.485	3.514
1427787323921	37.499727	139.925540	6	-0.216	0.756	9.384	3.541
1427787324022	37.499731	139.925542	6	-0.152	0.882	9.347	3.685
1427787324122	37.499736	139.925545	6	-0.117	0.962	9.412	3.835
1427787324223	37.499740	139.925547	6	-0.056	1.046	9.484	3.992
1427787324324	37.499745	139.925550	6	-0.037	1.143	9.410	4.157
1427787324424	37.499750	139.925553	6	-0.071	1.204	9.491	4.327
1427787324520	37.499755	139.925555	6	-0.083	1.270	9.497	4.496
1427787324621	37.499760	139.925558	6	-0.044	1.301	9.578	4.682
1427787324722	37.499766	139.925562	6	-0.017	1.264	9.621	4.874
1427787324822	37.499771	139.925565	6	-0.029	1.297	9.437	5.070
1427787324923	37.499777	139.925568	9	-0.021	1.273	9.456	5.273
1427787325024	37.499785	139.925570	9	-0.039	1.133	9.327	5.388
1427787325124	37.499794	139.925572	9	-0.155	0.753	9.034	5.503
1427787325220	37.499802	139.925574	9	-0.276	0.371	9.222	5.617
1427787325321	37.499810	139.925577	9	-0.353	0.187	9.591	5.739
1427787325422	37.499819	139.925579	9	-0.311	0.073	9.678	5.864
1427787325522	37.499828	139.925581	9	-0.199	-0.015	9.650	5.991
1427787325623	37.499838	139.925584	9	-0.184	0.015	9.387	6.121
1427787325724	37.499847	139.925586	9	-0.265	0.053	9.224	6.254
1427787325824	37.499857	139.925589	9	-0.369	0.032	9.530	6.388
1427787325920	37.499866	139.925591	9	-0.436	0.038	9.500	6.520
1427787326021	37.499871	139.925594	9	-0.452	0.057	9.117	6.520
1427787326121	37.499877	139.925597	9	-0.560	0.103	9.326	6.520
1427787326222	37.499882	139.925599	9	-0.419	0.080	9.501	6.520
1427787326323	37.499888	139.925602	9	-0.323	0.024	9.817	6.520
1427787326424	37.499893	139.925605	9	-0.343	-0.070	9.906	6.520
1427787326524	37.499899	139.925608	9	-0.269	-0.012	9.425	6.520
1427787326620	37.499904	139.925611	9	-0.224	-0.007	9.220	6.520
1427787326721	37.499909	139.925613	9	-0.268	0.024	9.416	6.520
1427787326821	37.499915	139.925616	9	-0.316	-0.001	9.569	6.520
1427787326922	37.499920	139.925619	4	-0.245	-0.122	9.901	6.520
1427787327023	37.499926	139.925622	4	-0.030	-0.053	9.527	6.520
1427787327124	37.499931	139.925624	4	-0.045	-0.081	9.496	6.520
1427787327224	37.499936	139.925627	4	-0.023	-0.135	9.748	6.520
1427787327320	37.499942	139.925629	4	-0.068	-0.087	9.664	6.520
1427787327421	37.499947	139.925632	4	-0.048	-0.062	9.502	6.520
1427787327521	37.499952	139.925635	4	-0.094	0.006	9.085	6.520
1427787327622	37.499958	139.925637	4	-0.217	0.130	8.730	6.520
1427787327723	37.499963	139.925640	4	-0.122	0.276	9.275	6.520
1427787327823	37.499969	139.925642	4	-0.095	0.298	9.748	6.520
1427787327924	37.499974	139.925645	5	-0.028	0.211	9.724	6.520
1427787328020	37.499980	139.925648	5	0.039	0.147	9.558	6.520
1427787328120	37.499985	139.925650	5	0.041	0.088	9.525	6.520
1427787328221	37.499991	139.925653	5	-0.010	0.063	9.638	6.520
1427787328322	37.499997	139.925655	5	-0.131	0.078	9.948	6.520
1427787328423	37.500002	139.925658	5	-0.054	0.224	9.639	6.520
1427787328523	37.500008	139.925661	5	0.021	0.239	9.223	6.520
1427787328624	37.500013	139.925663	5	-0.004	0.176	9.297	6.520
1427787328720	37.500019	139.925666	5	-0.197	0.114	9.843	6.520
1427787328820	37.500024	139.925668	5	-0.270	0.134	10.079	6.520
1427787328921	37.500030	139.925671	6	-0.185	0.181	9.614	6.520
1427787329022	37.500035	139.925674	6	-0.072	0.170	8.908	6.520
1427787329123	37.500040	139.925676	6	-0.086	0.247	9.036	6.520
1427787329223	37.500045	139.925679	6	-0.001	0.261	9.508	6.520
1427787329324	37.500049	139.925681	6	0.094	0.237	9.401	6.520
1427787329420	37.500054	139.925684	6	0.085	0.153	9.177	6.520
1427787329520	37.500059	139.925687	6	-0.075	0.154	9.139	6.520
1427787329621	37.500064	139.925689	6	-0.221	0.146	9.683	6.520
1427787329722	37.500068	139.925692	6	-0.129	0.059	10.111	6.520
1427787329822	37.500073	139.925694	6	-0.083	0.025	9.710	6.520
1427787329923	37.500078	139.925697	6	-0.002	-0.114	9.598	6.520
1427787330024	37.500084	139.925700	6	0.104	0.102	9.563	6.520
1427787330125	37.500090	139.925703	6	0.141	0.105	9.054	6.520
1427787330220	37.500095	139.925706	6	0.010	0.112	9.148	6.520
1427787330321	37.500101	139.925709	6	-0.072	0.156	9.593	6.520
1427787330422	37.500107	139.925712	6	0.045	0.164	9.560	6.520
1427787330522	37.500113	139.925715	6	0.071	0.078	9.224	6.520
1427787330623	37.500119	139.925718	6	0.008	0.149	9.389	6.520
1427787330724	37.500125	139.925721	6	-0.017	0.199	9.447	6.520
1427787330824	37.500130	139.925724	6	0.031	0.096	9.403	6.520
1427787330920	37.500136	139.925727	6	-0.042	0.088	9.487	6.520
1427787331021	37.500141	139.925730	6	-0.061	0.176	9.465	6.520
1427787331122	37.500146	139.925732	6	0.012	0.127	9.434	6.520
1427787331222	37.500151	139.925735	6	-0.029	0.064	9.426	6.520
1427787331323	37.500156	139.925738	6	-0.070	0.088	9.587	6.520
1427787331424	37.500161	139.925741	6	-0.018	0.143	9.579	6.520
1427787331524	37.500166	139.925743	6	-0.024	0.057	9.439	6.520
1427787331620	37.500171	139.925746	6	-0.093	0.148	9.400	6.520
1427787331721	37.500176	139.925749	6	-0.069	0.174	9.457	6.520
1427787331822	37.500181	139.925751	6	-0.001	0.109	9.342	6.520
1427787331922	37.500186	139.925754	6	-0.116	0.156	9.499	6.520
1427787332023	37.500191	139.925756	6	-0.083	0.375	9.619	6.545
1427787332124	37.500196	139.925758	6	0.004	0.401	9.345	6.570
1427787332224	37.500201	139.925761	6	-0.096	0.518	9.342	6.595
1427787332320	37.500206	139.925763	6	0.009	0.478	9.308	6.619
1427787332421	37.500211	139.925765	6	-0.001	0.458	9.590	6.644
1427787332521	37.500216	139.925767	6	0.000	0.463	9.575	6.669
1427787332622	37.500222	139.925769	6	-0.108	0.279	9.396	6.695
1427787332723	37.500227	139.925772	6	-0.260	0.230	9.837	6.720
1427787332824	37.500232	139.925774	6	-0.264	0.188	9.912	6.746
1427787332924	37.500237	139.925776	6	-0.136	0.247	9.420	6.770
1427787333021	37.500242	139.925779	6	-0.023	0.235	8.857	6.770
1427787333121	37.500248	139.925783	6	-0.043	0.143	9.128	6.770
1427787333221	37.500253	139.925786	6	0.098	0.022	9.196	6.770
1427787333322	37.500258	139.925789	6	0.061	0.080	9.300	6.770
1427787333423	37.500264	139.925793	6	-0.052	-0.156	9.219	6.770
1427787333523	37.500269	139.925796	6	-0.195	-0.286	9.836	6.770
1427787333624	37.500274	139.925799	6	-0.125	-0.292	10.215	6.770
1427787333720	37.500279	139.925802	6	0.016	-0.366	9.848	6.770
1427787333821	37.500285	139.925806	6	0.025	-0.196	9.312	6.770
1427787333921	37.500290	139.925809	7	0.090	-0.114	9.158	6.770
1427787334022	37.500295	139.925812	7	0.064	-0.118	9.358	6.744
1427787334123	37.500300	139.925816	7	0.063	-0.067	9.482	6.718
1427787334223	37.500305	139.925819	7	0.031	-0.107	9.222	6.693
1427787334324	37.500310	139.925822	7	-0.095	-0.074	9.311	6.668
1427787334420	37.500315	139.925826	7	-0.100	0.012	9.750	6.644
1427787334520	37.500320	139.925829	7	0.019	0.077	9.509	6.619
1427787334621	37.500325	139.925832	7	-0.062	0.209	9.194	6.594
1427787334722	37.500329	139.925836	7	-0.160	0.344	9.257	6.569
1427787334823	37.500334	139.925839	7	-0.122	0.268	9.434	6.544
1427787334923	37.500339	139.925842	7	-0.141	0.193	9.652	6.521
1427787335024	37.500345	139.925845	7	-0.159	0.261	9.856	6.546
1427787335120	37.500350	139.925848	7	-0.098	0.205	9.670	6.569
1427787335220	37.500356	139.925851	7	-0.067	0.285	9.245	6.594
1427787335321	37.500361	139.925854	7	-0.048	0.393	9.180	6.619
1427787335422	37.500367	139.925857	7	-0.005	0.248	9.109	6.644
1427787335523	37.500373	139.925861	7	-0.154	0.290	9.309	6.670
1427787335623	37.500378	139.925864	7	-0.260	0.249	9.723	6.695
1427787335724	37.500384	139.925867	7	-0.240	0.069	9.682	6.720
1427787335820	37.500389	139.925870	7	-0.181	0.185	9.405	6.745
1427787335920	37.500395	139.925873	8	-0.117	0.105	9.273	6.770
1427787336021	37.500399	139.925877	8	-0.004	0.037	9.196	6.744
1427787336122	37.500403	139.925881	8	0.063	0.019	9.416	6.719
1427787336222	37.500407	139.925886	8	0.109	-0.005	9.129	6.694
1427787336323	37.500411	139.925890	8	-0.100	-0.138	9.586	6.668
1427787336424	37.500415	139.925894	8	-0.283	-0.151	10.128	6.643
1427787336524	37.500419	139.925898	8	-0.256	-0.133	9.985	6.618
1427787336620	37.500423	139.925902	8	-0.299	-0.162	9.686	6.594
1427787336721	37.500427	139.925906	8	-0.270	0.025	9.353	6.569
1427787336822	37.500431	139.925910	8	-0.180	0.076	9.313	6.544
1427787336922	37.500435	139.925914	8	-0.158	0.039	9.120	6.520
1427787337023	37.500442	139.925916	8	-0.284	0.097	9.008	6.520
1427787337124	37.500448	139.925918	8	-0.338	0.160	9.130	6.520
1427787337224	37.500455	139.925920	8	-0.227	0.098	9.349	6.520
1427787337320	37.500461	139.925922	8	-0.103	-0.016	9.436	6.520
1427787337421	37.500468	139.925924	8	0.032	-0.085	9.381	6.520
1427787337522	37.500474	139.925926	8	0.105	0.014	9.227	6.520
1427787337622	37.500481	139.925928	8	0.070	0.049	9.321	6.520
1427787337723	37.500487	139.925930	8	0.099	0.049	9.451	6.520
1427787337824	37.500494	139.925932	8	0.090	-0.056	9.668	6.520
1427787337924	37.500500	139.925934	6	0.143	-0.096	9.501	6.520
1427787338020	37.500506	139.925937	6	0.135	-0.123	9.424	6.520
1427787338121	37.500512	139.925940	6	0.085	-0.175	9.744	6.520
1427787338222	37.500518	139.925943	6	0.012	-0.202	9.494	6.520
1427787338322	37.500523	139.925946	6	0.000	-0.138	8.935	6.520
1427787338423	37.500529	139.925950	6	0.021	-0.203	9.289	6.520
1427787338524	37.500535	139.925953	6	0.051	-0.213	9.382	6.520
1427787338624	37.500541	139.925956	6	0.170	-0.277	9.411	6.520
1427787338720	37.500546	139.925959	6	0.306	-0.323	9.623	6.520
1427787338821	37.500552	139.925962	6	0.228	-0.285	9.740	6.520
1427787338921	37.500558	139.925965	6	0.187	-0.271	9.753	6.520
1427787339022	37.500564	139.925967	6	0.089	-0.197	9.498	6.494
1427787339123	37.500570	139.925970	6	0.050	-0.091	9.247	6.468
1427787339224	37.500575	139.925972	6	0.048	-0.097	9.188	6.443
1427787339324	37.500581	139.925975	6	0.079	-0.192	9.578	6.418
1427787339420	37.500586	139.925977	6	0.160	-0.278	9.986	6.394
1427787339521	37.500592	139.925980	6	0.227	-0.271	9.533	6.369
1427787339621	37.500597	139.925982	6	0.253	-0.135	8.996	6.344
1427787339722	37.500603	139.925984	6	0.198	-0.158	9.297	6.319
1427787339823	37.500609	139.925987	6	0.038	-0.251	9.692	6.294
1427787339923	37.500614	139.925989	6	-0.143	-0.219	9.934	6.270
1427787340024	37.500620	139.925991	6	-0.035	-0.105	9.199	6.270
1427787340120	37.500626	139.925993	6	-0.010	0.023	8.783	6.270
1427787340221	37.500632	139.925995	6	-0.072	0.010	9.160	6.270
1427787340321	37.500638	139.925997	6	-0.187	-0.180	9.839	6.270
1427787340422	37.500644	139.925999	6	-0.139	-0.242	10.158	6.270
1427787340523	37.500650	139.926000	6	0.014	-0.043	9.761	6.270
1427787340623	37.500656	139.926002	6	-0.083	0.155	9.070	6.270
1427787340724	37.500662	139.926004	6	-0.394	0.248	8.808	6.270
1427787340820	37.500668	139.926006	6	-0.597	0.140	9.565	6.270
1427787340921	37.500674	139.926008	6	-0.546	0.142	10.011	6.269
1427787341021	37.500678	139.926011	6	-0.305	0.150	9.799	6.218
1427787341122	37.500683	139.926013	6	-0.365	0.177	9.311	6.166
1427787341223	37.500687	139.926015	6	-0.330	0.263	8.777	6.114
1427787341323	37.500691	139.926018	6	-0.190	0.345	8.697	6.064
1427787341424	37.500696	139.926020	6	-0.097	0.231	9.704	6.013
1427787341520	37.500700	139.926023	6	-0.110	0.143	9.811	5.965
1427787341620	37.500704	139.926025	6	-0.113	0.139	9.361	5.916
1427787341721	37.500708	139.926027	6	-0.225	0.222	9.119	5.866
1427787341822	37.500712	139.926030	6	-0.215	0.122	9.242	5.817
1427787341923	37.500716	139.926032	6	-0.188	0.088	9.750	5.769
1427787342023	37.500721	139.926035	6	-0.293	0.067	10.114	5.744
1427787342124	37.500726	139.926037	6	-0.211	0.151	9.796	5.718
1427787342220	37.500730	139.926040	6	-0.049	0.152	9.366	5.694
1427787342320	37.500735	139.926042	6	0.053	0.258	8.795	5.669
1427787342422	37.500740	139.926045	6	0.105	0.193	9.202	5.643
1427787342522	37.500745	139.926047	6	-0.017	0.098	10.159	5.618
1427787342622	37.500749	139.926050	6	-0.133	0.014	10.139	5.593
1427787342723	37.500754	139.926052	6	-0.132	0.078	9.596	5.568
1427787342824	37.500759	139.926055	6	-0.093	0.197	9.006	5.544
1427787342920	37.500763	139.926057	6	-0.029	0.395	8.710	5.520
1427787343020	37.500767	139.926059	6	-0.012	0.340	8.844	5.520
1427787343121	37.500771	139.926061	6	0.140	0.272	9.165	5.520
1427787343222	37.500775	139.926064	6	0.209	0.203	9.244	5.520
1427787343322	37.500779	139.926066	6	0.121	0.214	9.216	5.520
1427787343423	37.500784	139.926068	6	0.032	0.138	9.424	5.520
1427787343524	37.500788	139.926070	6	-0.224	-0.073	10.090	5.520
1427787343624	37.500792	139.926072	6	-0.378	-0.134	10.571	5.520
1427787343720	37.500796	139.926075	6	-0.035	0.052	9.588	5.520
1427787343821	37.500800	139.926077	6	0.034	0.326	8.816	5.520
1427787343922	37.500804	139.926079	7	-0.015	0.370	9.198	5.521
1427787344022	37.500810	139.926081	7	-0.040	0.334	9.805	5.569
1427787344123	37.500816	139.926084	7	-0.124	0.389	10.091	5.618
1427787344224	37.500822	139.926086	7	-0.301	0.512	9.375	5.667
1427787344324	37.500828	139.926089	7	-0.545	0.535	8.528	5.717
1427787344420	37.500833	139.926091	7	-0.583	0.578	8.744	5.765
1427787344521	37.500839	139.926094	7	-0.345	0.525	9.685	5.815
1427787344622	37.500846	139.926096	7	-0.161	0.499	9.915	5.866
1427787344722	37.500852	139.926099	7	-0.217	0.615	9.331	5.918
1427787344823	37.500858	139.926101	7	-0.233	0.649	9.118	5.970
1427787344924	37.500864	139.926104	9	-0.132	0.537	9.341	6.023
1427787345024	37.500872	139.926106	9	-0.066	0.449	9.511	6.094
1427787345120	37.500879	139.926108	9	-0.105	0.353	9.726	6.163
1427787345221	37.500886	139.926110	9	-0.168	0.412	9.732	6.236
1427787345321	37.500894	139.926112	9	-0.153	0.475	9.441	6.310
1427787345422	37.500902	139.926114	9	-0.168	0.372	9.249	6.386
1427787345523	37.500909	139.926116	9	-0.187	0.327	9.539	6.462
1427787345624	37.500917	139.926119	9	-0.175	0.314	9.979	6.539
1427787345724	37.500925	139.926121	9	-0.136	0.241	9.860	6.616
1427787345820	37.500933	139.926123	9	-0.176	0.268	9.600	6.691
1427787345921	37.500941	139.926125	9	-0.140	0.389	9.206	6.770
1427787346021	37.500947	139.926127	9	-0.140	0.381	8.767	6.795
1427787346122	37.500953	139.926128	9	-0.296	0.378	9.097	6.820
1427787346223	37.500959	139.926130	9	-0.290	0.304	9.291	6.845
1427787346323	37.500965	139.926131	9	-0.222	0.223	9.472	6.870
1427787346424	37.500971	139.926133	9	-0.089	0.239	9.391	6.895
1427787346520	37.500977	139.926135	9	-0.031	0.098	9.821	6.919
1427787346621	37.500984	139.926136	9	-0.135	0.224	9.972	6.944
1427787346721	37.500990	139.926138	9	-0.090	0.254	9.033	6.970
1427787346822	37.500996	139.926139	9	-0.205	0.267	9.166	6.995
1427787346923	37.501002	139.926141	9	-0.163	0.057	9.499	7.018
1427787347023	37.501007	139.926145	9	-0.151	-0.073	9.814	6.967
1427787347124	37.501011	139.926148	9	-0.130	-0.033	9.653	6.915
1427787347220	37.501015	139.926151	9	-0.130	-0.063	9.130	6.866
1427787347320	37.501020	139.926155	9	-0.136	-0.012	9.254	6.816
1427787347421	37.501024	139.926158	9	-0.126	-0.062	9.507	6.765
1427787347522	37.501028	139.926162	9	-0.202	-0.063	9.517	6.715
1427787347623	37.501033	139.926165	9	-0.247	-0.047	9.550	6.665
1427787347723	37.501037	139.926168	9	-0.155	-0.085	9.223	6.616
1427787347824	37.501041	139.926172	9	-0.189	0.057	9.180	6.566
1427787347920	37.501045	139.926175	9	-0.096	-0.010	9.439	6.520
1427787348020	37.501051	139.926177	9	-0.134	-0.097	10.059	6.495
1427787348121	37.501058	139.926179	9	-0.245	0.004	9.957	6.469
1427787348222	37.501064	139.926181	9	-0.235	0.069	9.153	6.443
1427787348323	37.501071	139.926184	9	-0.218	0.051	8.877	6.418
1427787348423	37.501077	139.926186	9	-0.355	0.071	9.554	6.393
1427787348524	37.501083	139.926188	9	-0.250	0.031	9.436	6.368
1427787348620	37.501089	139.926190	9	-0.154	0.001	9.158	6.344
1427787348720	37.501096	139.926192	9	-0.039	-0.105	9.534	6.319
1427787348821	37.501102	139.926194	9	-0.096	-0.107	9.798	6.294
1427787348922	37.501108	139.926196	8	-0.212	-0.083	9.796	6.270
1427787349022	37.501113	139.926198	8	-0.261	0.038	9.123	6.270
1427787349123	37.501118	139.926200	8	-0.088	0.233	7.608	6.270
1427787349224	37.501123	139.926201	8	-0.277	0.086	8.678	6.270
1427787349324	37.501127	139.926203	8	-0.376	-0.180	10.599	6.270
1427787349420	37.501132	139.926205	8	-0.289	-0.249	11.081	6.270
1427787349521	37.501137	139.926207	8	-0.276	-0.103	9.874	6.270
1427787349622	37.501142	139.926209	8	-0.353	-0.049	8.856	6.270
1427787349722	37.501146	139.926210	8	-0.578	0.025	9.075	6.270
1427787349823	37.501151	139.926212	8	-0.786	0.048	9.838	6.270
1427787349924	37.501156	139.926214	8	-0.635	0.204	9.282	6.270
1427787350024	37.501163	139.926217	8	-0.481	0.406	7.936	6.270
1427787350120	37.501169	139.926219	8	-0.380	0.226	8.056	6.270
1427787350221	37.501176	139.926221	8	-0.110	-0.194	9.403	6.270
1427787350322	37.501183	139.926224	8	-0.027	-0.620	10.605	6.270
1427787350422	37.501190	139.926226	8	0.066	-0.556	10.237	6.270
1427787350523	37.501196	139.926228	8	0.040	-0.368	9.757	6.270
1427787350624	37.501203	139.926231	8	-0.179	-0.179	9.250	6.270
1427787350724	37.501210	139.926233	8	-0.334	-0.277	9.109	6.270
1427787350820	37.501216	139.926236	8	-0.458	-0.268	9.192	6.270
1427787350921	37.501223	139.926238	8	-0.400	-0.213	9.235	6.270
1427787351022	37.501227	139.926239	8	-0.434	-0.170	9.384	6.244
1427787351122	37.501231	139.926240	8	-0.527	-0.155	9.637	6.219
1427787351223	37.501236	139.926241	8	-0.517	-0.040	9.765	6.193
1427787351324	37.501240	139.926242	8	-0.454	0.103	9.183	6.168
1427787351424	37.501244	139.926243	8	-0.485	0.144	8.982	6.143
1427787351520	37.501248	139.926244	8	-0.566	0.056	9.425	6.119
1427787351621	37.501252	139.926245	8	-0.548	-0.059	9.822	6.094
1427787351721	37.501256	139.926246	8	-0.601	-0.085	9.860	6.069
1427787351822	37.501260	139.926247	8	-0.510	-0.044	9.394	6.044
1427787351923	37.501264	139.926248	8	-0.303	-0.004	9.373	6.019
1427787352024	37.501270	139.926250	8	-0.239	-0.047	9.396	5.994
1427787352124	37.501275	139.926252	8	-0.228	-0.216	9.096	5.968
1427787352220	37.501280	139.926253	8	-0.353	-0.140	9.272	5.944
1427787352321	37.501285	139.926255	8	-0.543	-0.086	9.507	5.918
1427787352421	37.501290	139.926257	8	-0.689	-0.111	9.182	5.893
1427787352522	37.501296	139.926258	8	-0.549	-0.132	9.192	5.868
1427787352623	37.501301	139.926260	8	-0.389	-0.079	9.369	5.843
1427787352723	37.501306	139.926262	8	-0.204	-0.102	9.327	5.818
1427787352824	37.501311	139.926263	8	-0.167	-0.164	9.495	5.794
1427787352920	37.501316	139.926265	8	-0.255	-0.194	9.632	5.770
1427787353021	37.501323	139.926265	8	-0.408	-0.161	9.683	5.819
1427787353121	37.501330	139.926265	8	-0.574	-0.014	9.547	5.867
1427787353222	37.501337	139.926265	8	-0.747	0.016	9.418	5.917
1427787353323	37.501344	139.926265	8	-0.724	0.171	9.327	5.967
1427787353423	37.501351	139.926265	8	-0.660	0.233	9.154	6.016
1427787353524	37.501358	139.926266	8	-0.529	0.196	9.171	6.067
1427787353620	37.501365	139.926266	8	-0.481	0.153	9.428	6.116
1427787353720	37.501372	139.926266	8	-0.407	0.063	9.614	6.167
1427787353821	37.501380	139.926266	8	-0.324	0.034	9.743	6.219
1427787353922	37.501387	139.926266	8	-0.221	0.037	9.570	6.269
1427787354023	37.501392	139.926268	8	-0.146	0.061	9.311	6.217
1427787354123	37.501397	139.926269	8	-0.180	0.115	9.330	6.165
1427787354224	37.501403	139.926271	8	-0.274	0.069	9.457	6.114
1427787354320	37.501407	139.926273	8	-0.354	0.023	9.415	6.065
1427787354420	37.501413	139.926274	8	-0.392	-0.072	9.119	6.015
1427787354521	37.501418	139.926276	8	-0.452	-0.106	9.348	5.965
1427787354622	37.501423	139.926277	8	-0.455	-0.141	9.789	5.915
1427787354723	37.501427	139.926279	8	-0.495	-0.147	9.829	5.865
1427787354823	37.501432	139.926281	8	-0.471	-0.112	9.340	5.817
1427787354924	37.501437	139.926282	6	-0.373	-0.012	9.085	5.769
1427787355020	37.501442	139.926282	6	-0.312	0.039	9.035	5.745
1427787355120	37.501446	139.926281	6	-0.258	0.022	9.472	5.719
1427787355221	37.501451	139.926281	6	-0.170	-0.031	9.694	5.694
1427787355322	37.501456	139.926281	6	-0.079	-0.055	9.387	5.668
1427787355422	37.501460	139.926280	6	-0.023	-0.167	9.168	5.643
1427787355523	37.501465	139.926280	6	-0.063	-0.294	9.317	5.618
1427787355624	37.501470	139.926280	6	-0.230	-0.647	9.467	5.593
1427787355720	37.501474	139.926280	6	-0.364	-1.089	9.558	5.569
1427787355820	37.501478	139.926279	6	-0.323	-1.361	9.641	5.545
1427787355921	37.501483	139.926279	10	-0.236	-1.480	9.564	5.519
1427787356022	37.501489	139.926277	10	-0.195	-1.559	9.493	5.467
1427787356122	37.501495	139.926275	10	-0.250	-1.725	9.414	5.415
1427787356223	37.501501	139.926273	10	-0.368	-2.044	9.155	5.363
1427787356324	37.501507	139.926271	10	-0.465	-2.115	9.281	5.312
1427787356424	37.501512	139.926269	10	-0.638	-2.142	9.473	5.262
1427787356520	37.501518	139.926267	10	-0.865	-2.238	9.374	5.214
1427787356621	37.501524	139.926265	10	-1.085	-2.237	9.353	5.165
1427787356721	37.501529	139.926264	10	-0.915	-1.586	9.451	5.116
1427787356822	37.501535	139.926262	10	-0.821	-1.261	9.378	5.067
1427787356923	37.501540	139.926260	10	-0.708	-0.992	9.230	5.015
1427787357024	37.501545	139.926261	10	-0.635	-0.580	9.287	4.842
1427787357124	37.501549	139.926262	10	-0.693	-0.438	9.236	4.677
1427787357220	37.501553	139.926263	10	-0.883	-0.389	9.017	4.522
1427787357321	37.501557	139.926264	10	-0.979	-0.783	9.276	4.365
1427787357422	37.501561	139.926265	10	-1.087	-1.606	9.444	4.213
1427787357522	37.501564	139.926266	10	-1.212	-2.259	9.523	4.068
1427787357623	37.501568	139.926267	10	-1.319	-2.724	9.701	3.926
1427787357724	37.501572	139.926267	10	-1.200	-2.592	10.224	3.790
1427787357824	37.501575	139.926268	10	-1.026	-1.815	10.145	3.660
1427787357920	37.501578	139.926269	7	-1.072	-1.630	8.930	3.540
1427787358021	37.501581	139.926270	7	-1.143	-1.987	8.030	3.486
1427787358121	37.501585	139.926272	7	-1.083	-2.394	8.333	3.433
1427787358222	37.501588	139.926273	7	-0.833	-2.230	9.674	3.381
1427787358323	37.501591	139.926274	7	-0.581	-1.601	10.646	3.329
1427787358424	37.501594	139.926276	7	-0.608	-0.977	10.436	3.279
1427787358524	37.501597	139.926277	7	-0.806	-0.476	9.600	3.229
1427787358620	37.501600	139.926278	7	-0.930	-0.113	8.894	3.182
1427787358721	37.501603	139.926280	7	-0.826	0.118	8.467	3.133
1427787358821	37.501606	139.926281	7	-0.555	0.145	8.594	3.086
1427787358922	37.501609	139.926282	7	-0.339	-0.389	8.781	3.037
1427787359023	37.501610	139.926283	7	-0.356	-1.488	9.038	2.886
1427787359123	37.501611	139.926284	7	-0.433	-2.286	9.782	2.743
1427787359224	37.501612	139.926286	7	-0.352	-2.067	10.673	2.604
1427787359320	37.501613	139.926287	7	-0.291	-1.395	10.612	2.478
1427787359421	37.501614	139.926288	7	-0.295	-0.709	9.766	2.352
1427787359521	37.501615	139.926289	7	-0.289	-0.202	8.962	2.233
1427787359622	37.501616	139.926290	7	-0.201	0.092	8.558	2.119
1427787359723	37.501617	139.926290	7	-0.127	0.188	8.669	2.012
1427787359823	37.501617	139.926291	7	-0.243	0.217	9.200	1.912
1427787359924	37.501618	139.926292	8	-0.531	0.030	9.608	1.812
1427787360020	37.501619	139.926290	8	-0.710	-0.137	9.766	1.620
1427787360120	37.501621	139.926288	8	-0.712	-0.060	9.684	1.436
1427787360221	37.501622	139.926287	8	-0.610	0.043	9.389	1.265
1427787360322	37.501623	139.926285	8	-0.390	0.125	9.174	1.109
1427787360423	37.501624	139.926284	8	-0.207	0.093	9.136	0.968
1427787360523	37.501625	139.926282	8	-0.156	0.091	9.409	0.844
1427787360624	37.501625	139.926281	8	-0.197	0.169	9.662	0.734
1427787360720	37.501626	139.926280	8	-0.307	0.275	9.609	0.644
1427787360820	37.501627	139.926280	8	-0.405	0.401	9.467	0.564
1427787360921	37.501627	139.926279	8	-0.419	0.544	9.395	0.500
1427787361022	37.501627	139.926280	8	-0.351	0.708	9.393	0.500
1427787361123	37.501627	139.926280	8	-0.298	0.897	9.408	0.500
1427787361223	37.501628	139.926281	8	-0.303	0.972	9.359	0.500
1427787361324	37.501628	139.926281	8	-0.326	0.989	9.347	0.500
1427787361420	37.501628	139.926281	8	-0.417	0.880	9.302	0.500
1427787361520	37.501628	139.926282	8	-0.411	0.674	9.319	0.500
1427787361621	37.501628	139.926283	8	-0.387	0.455	9.447	0.500
1427787361722	37.501629	139.926283	8	-0.353	0.309	9.574	0.500
1427787361822	37.501629	139.926284	8	-0.340	0.213	9.538	0.500
1427787361923	37.501629	139.926284	7	-0.381	0.204	9.449	0.501
1427787362024	37.501629	139.926284	7	-0.468	0.222	9.403	0.518
1427787362125	37.501630	139.926284	7	-0.522	0.233	9.427	0.537
1427787362220	37.501630	139.926284	7	-0.572	0.256	9.478	0.555
1427787362321	37.501630	139.926284	7	-0.643	0.294	9.475	0.575
1427787362422	37.501630	139.926284	7	-0.756	0.253	9.395	0.596
1427787362522	37.501631	139.926283	7	-0.791	0.142	9.259	0.618
1427787362623	37.501631	139.926283	7	-0.721	-0.024	9.228	0.640
1427787362724	37.501631	139.926283	7	-0.556	-0.209	9.337	0.663
1427787362824	37.501632	139.926283	7	-0.368	-0.519	9.389	0.687
1427787362920	37.501632	139.926283	7	-0.220	-0.803	9.458	0.710
1427787363021	37.501632	139.926283	7	-0.104	-0.999	9.554	0.685
1427787363122	37.501632	139.926283	7	-0.035	-1.129	9.558	0.662
1427787363222	37.501633	139.926283	7	-0.004	-0.973	9.673	0.639
1427787363323	37.501633	139.926283	7	-0.089	-0.587	9.725	0.617
1427787363424	37.501633	139.926284	7	-0.206	-0.300	9.469	0.595
1427787363524	37.501633	139.926284	7	-0.268	-0.119	9.233	0.574
1427787363620	37.501633	139.926284	7	-0.297	-0.032	9.195	0.555
1427787363721	37.501634	139.926284	7	-0.328	0.026	9.375	0.536
1427787363822	37.501634	139.926284	7	-0.309	0.036	9.493	0.517
1427787363922	37.501634	139.926284	7	-0.387	0.059	9.495	0.500
1427787364023	37.501634	139.926284	7	-0.424	0.112	9.410	0.506
1427787364124	37.501634	139.926284	7	-0.398	0.259	9.400	0.512
1427787364224	37.501634	139.926284	7	-0.309	0.397	9.453	0.518
1427787364320	37.501634	139.926284	7	-0.238	0.538	9.471	0.523
1427787364421	37.501634	139.926284	7	-0.244	0.656	9.437	0.529
1427787364521	37.501635	139.926283	7	-0.335	0.717	9.388	0.535
1427787364622	37.501635	139.926283	7	-0.460	0.744	9.375	0.541
1427787364723	37.501635	139.926283	7	-0.539	0.739	9.379	0.548
1427787364823	37.501635	139.926283	7	-0.519	0.715	9.398	0.554
1427787364924	37.501635	139.926283	9	-0.428	0.686	9.417	0.561
1427787365020	37.501637	139.926283	9	-0.337	0.643	9.407	0.573
1427787365121	37.501639	139.926283	9	-0.307	0.481	9.357	0.587
1427787365221	37.501641	139.926283	9	-0.249	0.326	9.429	0.601
1427787365322	37.501643	139.926283	9	-0.177	0.202	9.507	0.616
1427787365423	37.501645	139.926283	9	-0.108	0.149	9.534	0.631
1427787365523	37.501647	139.926283	9	-0.076	0.171	9.507	0.646
1427787365624	37.501649	139.926283	9	-0.102	0.222	9.421	0.662
1427787365720	37.501651	139.926283	9	-0.113	0.318	9.382	0.677
1427787365821	37.501654	139.926283	9	-0.077	0.521	9.482	0.694
1427787365921	37.501656	139.926283	9	-0.024	0.719	9.514	0.710
1427787366022	37.501657	139.926284	9	0.025	0.832	9.415	0.743
1427787366123	37.501658	139.926285	9	0.040	0.960	9.389	0.778
1427787366223	37.501658	139.926286	9	0.016	0.989	9.393	0.815
1427787366324	37.501659	139.926287	9	0.005	0.998	9.424	0.854
1427787366420	37.501660	139.926288	9	-0.027	1.061	9.505	0.892
1427787366521	37.501661	139.926290	9	0.002	1.036	9.484	0.934
1427787366621	37.501662	139.926291	9	-0.028	1.086	9.433	0.978
1427787366722	37.501663	139.926292	9	0.040	1.073	9.343	1.024
1427787366823	37.501664	139.926294	9	0.149	1.034	9.375	1.072
1427787366923	37.501665	139.926295	7	0.125	1.070	9.474	1.121
1427787367024	37.501666	139.926295	7	0.105	1.018	9.444	1.161
1427787367120	37.501668	139.926294	7	0.051	1.097	9.511	1.199
1427787367220	37.501669	139.926294	7	0.209	1.151	9.480	1.242
1427787367321	37.501670	139.926293	7	0.422	1.219	9.497	1.286
1427787367422	37.501672	139.926293	7	0.555	1.289	9.418	1.331
1427787367522	37.501673	139.926292	7	0.526	1.413	9.364	1.378
1427787367623	37.501675	139.926292	7	0.471	1.545	9.469	1.427
1427787367724	37.501677	139.926291	7	0.483	1.545	9.506	1.477
1427787367820	37.501678	139.926291	7	0.495	1.473	9.381	1.527
1427787367920	37.501680	139.926290	6	0.559	1.310	9.237	1.580
1427787368021	37.501682	139.926290	6	0.618	1.097	9.376	1.641
1427787368122	37.501684	139.926290	6	0.712	0.947	9.636	1.704
1427787368222	37.501686	139.926290	6	0.808	0.924	9.692	1.769
1427787368323	37.501688	139.926290	6	0.939	1.061	9.615	1.838
1427787368424	37.501690	139.926290	6	1.091	1.234	9.550	1.909
1427787368525	37.501692	139.926289	6	1.105	1.345	9.312	1.984
1427787368620	37.501695	139.926289	6	1.028	1.248	9.195	2.056
1427787368721	37.501697	139.926289	6	0.883	0.861	9.170	2.135
1427787368822	37.501699	139.926289	6	0.641	0.329	9.226	2.218
1427787368922	37.501702	139.926289	6	0.423	0.011	9.561	2.302
1427787369023	37.501705	139.926290	6	0.293	-0.148	9.823	2.386
1427787369124	37.501708	139.926291	6	0.225	-0.223	9.742	2.473
1427787369224	37.501711	139.926293	6	0.245	-0.215	9.506	2.564
1427787369320	37.501714	139.926294	6	0.275	-0.136	9.227	2.654
1427787369421	37.501717	139.926295	6	0.248	-0.155	9.275	2.752
1427787369521	37.501720	139.926297	6	0.161	-0.202	9.542	2.853
1427787369622	37.501724	139.926298	6	0.086	-0.232	9.671	2.958
1427787369723	37.501728	139.926300	6	0.132	-0.244	9.737	3.067
1427787369824	37.501731	139.926301	6	0.139	-0.144	9.323	3.180
1427787369924	37.501735	139.926303	6	0.047	-0.106	9.090	3.291
1427787370020	37.501738	139.926304	6	0.041	-0.107	9.259	3.314
1427787370121	37.501742	139.926305	6	0.036	-0.167	9.490	3.339
1427787370221	37.501746	139.926307	6	-0.056	-0.045	9.544	3.363
1427787370322	37.501749	139.926308	6	0.006	0.153	9.597	3.388
1427787370423	37.501753	139.926309	6	0.111	0.439	9.588	3.413
1427787370524	37.501756	139.926310	6	0.094	0.477	9.089	3.439
1427787370624	37.501760	139.926311	6	0.014	0.538	9.176	3.464
1427787370720	37.501764	139.926313	6	0.088	0.327	9.345	3.489
1427787370821	37.501767	139.926314	6	0.074	0.329	9.620	3.514
1427787370921	37.501771	139.926315	6	0.090	0.320	9.459	3.540
1427787371022	37.501774	139.926316	6	0.091	0.344	9.282	3.564
1427787371123	37.501778	139.926318	6	0.045	0.338	9.263	3.587
1427787371223	37.501781	139.926319	6	0.023	0.270	9.433	3.611
1427787371324	37.501784	139.926320	6	0.008	0.214	9.705	3.635
1427787371420	37.501788	139.926321	6	0.033	0.294	9.823	3.658
1427787371521	37.501791	139.926323	6	0.094	0.451	9.732	3.682
1427787371621	37.501795	139.926324	6	0.207	0.605	9.404	3.707
1427787371722	37.501798	139.926325	6	0.303	0.747	8.941	3.731
1427787371823	37.501802	139.926327	6	0.262	0.761	8.944	3.756
1427787371923	37.501805	139.926328	5	0.239	0.742	8.914	3.782
1427787372024	37.501809	139.926330	5	0.087	0.601	9.327	3.852
1427787372120	37.501812	139.926331	5	0.070	0.438	9.858	3.919
1427787372221	37.501816	139.926333	5	0.161	0.276	9.878	3.992
1427787372321	37.501820	139.926334	5	0.150	0.125	10.040	4.064
1427787372422	37.501824	139.926336	5	0.139	0.053	9.866	4.140
1427787372523	37.501828	139.926338	5	0.183	0.034	9.546	4.216
1427787372623	37.501832	139.926340	5	0.304	-0.008	9.377	4.293
1427787372724	37.501837	139.926341	5	0.422	-0.023	9.375	4.372
1427787372820	37.501841	139.926343	5	0.453	-0.057	9.564	4.449
1427787372920	37.501845	139.926345	6	0.351	-0.041	9.369	4.530
1427787373021	37.501849	139.926347	6	0.231	-0.042	9.177	4.577
1427787373122	37.501854	139.926349	6	0.089	-0.000	9.116	4.625
1427787373223	37.501858	139.926351	6	0.080	-0.114	9.159	4.673
1427787373323	37.501863	139.926352	6	-0.012	-0.134	9.324	4.721
1427787373425	37.501868	139.926354	6	-0.042	-0.080	9.436	4.771
1427787373520	37.501872	139.926356	6	0.015	-0.137	9.503	4.818
1427787373620	37.501877	139.926358	6	0.084	-0.148	9.513	4.868
1427787373721	37.501881	139.926360	6	0.181	-0.169	9.393	4.918
1427787373822	37.501886	139.926362	6	0.241	-0.160	9.371	4.970
1427787373922	37.501891	139.926364	7	0.243	-0.182	9.483	5.020
1427787374023	37.501897	139.926366	7	0.189	-0.177	9.557	5.020
1427787374124	37.501902	139.926367	7	0.109	-0.168	9.611	5.020
1427787374220	37.501908	139.926369	7	-0.002	-0.152	9.688	5.020
1427787374320	37.501913	139.926371	7	-0.180	-0.089	9.623	5.020
1427787374421	37.501919	139.926373	7	-0.310	-0.057	9.399	5.020
1427787374522	37.501924	139.926374	7	-0.273	-0.037	9.306	5.020
1427787374622	37.501930	139.926376	7	-0.201	-0.008	9.204	5.020
1427787374723	37.501935	139.926378	7	-0.119	0.024	9.323	5.020
1427787374824	37.501941	139.926379	7	-0.031	0.172	9.453	5.020
1427787374920	37.501946	139.926381	7	0.044	0.184	9.160	5.020
1427787375020	37.501949	139.926383	7	0.051	0.177	8.853	5.020
1427787375121	37.501952	139.926385	7	-0.051	0.150	9.131	5.020
1427787375222	37.501956	139.926386	7	-0.225	0.049	9.672	5.020
1427787375322	37.501959	139.926388	7	-0.264	-0.023	9.789	5.020
1427787375423	37.501962	139.926390	7	-0.154	-0.006	9.425	5.020
1427787375524	37.501965	139.926392	7	-0.058	0.045	8.892	5.020
1427787375624	37.501969	139.926394	7	-0.225	-0.042	9.106	5.020
1427787375720	37.501972	139.926395	7	-0.290	-0.138	9.641	5.020
1427787375821	37.501975	139.926397	7	-0.250	-0.261	9.954	5.020
1427787375922	37.501978	139.926399	7	-0.245	-0.081	9.350	5.020
1427787376022	37.501982	139.926402	7	-0.039	-0.124	9.433	5.045
1427787376123	37.501986	139.926406	7	-0.065	-0.191	9.879	5.070
1427787376224	37.501990	139.926409	7	-0.059	-0.342	10.327	5.095
1427787376324	37.501994	139.926413	7	-0.010	-0.308	10.312	5.120
1427787376420	37.501998	139.926416	7	0.069	-0.095	9.219	5.143
1427787376521	37.502002	139.926419	7	0.043	0.025	8.702	5.169
1427787376621	37.502006	139.926423	7	-0.114	0.087	8.772	5.194
1427787376722	37.502010	139.926426	7	-0.320	0.118	8.969	5.220
1427787376823	37.502014	139.926430	7	-0.416	-0.004	9.361	5.245
1427787376924	37.502018	139.926433	8	-0.213	0.033	9.141	5.270
1427787377024	37.502022	139.926436	8	-0.047	0.043	8.666	5.270
1427787377120	37.502026	139.926439	8	-0.065	-0.041	9.041	5.270
1427787377221	37.502031	139.926442	8	-0.112	-0.216	10.047	5.270
1427787377321	37.502035	139.926445	8	-0.091	-0.304	10.461	5.270
1427787377422	37.502039	139.926449	8	-0.095	-0.284	10.012	5.270
1427787377523	37.502043	139.926452	8	-0.087	-0.180	9.436	5.270
1427787377624	37.502048	139.926455	8	-0.030	-0.106	9.138	5.270
1427787377724	37.502052	139.926458	8	-0.050	-0.087	9.307	5.270
1427787377820	37.502056	139.926461	8	-0.029	-0.096	9.622	5.270
1427787377921	37.502060	139.926464	8	-0.038	-0.046	9.436	5.270
1427787378021	37.502064	139.926466	8	-0.113	0.017	8.986	5.270
1427787378122	37.502068	139.926468	8	-0.121	-0.023	9.011	5.270
1427787378223	37.502072	139.926469	8	0.020	-0.088	9.433	5.270
1427787378323	37.502077	139.926471	8	0.117	-0.158	9.547	5.270
1427787378424	37.502081	139.926473	8	0.093	-0.169	9.556	5.270
1427787378520	37.502085	139.926475	8	0.050	-0.159	9.500	5.270
1427787378620	37.502089	139.926477	8	0.087	-0.149	9.517	5.270
1427787378721	37.502093	139.926478	8	0.143	-0.210	9.453	5.270
1427787378822	37.502097	139.926480	8	0.270	-0.336	9.834	5.270
1427787378923	37.502101	139.926482	8	0.268	-0.307	9.814	5.270
1427787379023	37.502105	139.926484	8	0.311	-0.298	9.666	5.270
1427787379124	37.502109	139.926486	8	0.284	-0.197	9.318	5.270
1427787379220	37.502113	139.926487	8	0.126	-0.148	9.321	5.270
1427787379320	37.502117	139.926489	8	-0.060	-0.034	9.146	5.270
1427787379421	37.502122	139.926491	8	-0.175	-0.021	9.280	5.270
1427787379522	37.502126	139.926493	8	-0.194	-0.025	9.268	5.270
1427787379623	37.502130	139.926495	8	-0.157	-0.029	9.126	5.270
1427787379723	37.502134	139.926496	8	-0.120	-0.100	9.225	5.270
1427787379824	37.502138	139.926498	8	-0.111	-0.180	9.351	5.270
1427787379920	37.502142	139.926500	9	-0.059	-0.318	9.868	5.270
1427787380020	37.502145	139.926502	9	-0.046	-0.302	10.001	5.270
1427787380121	37.502148	139.926504	9	-0.021	-0.272	9.559	5.270
1427787380222	37.502151	139.926507	9	-0.043	-0.142	9.015	5.270
1427787380322	37.502154	139.926509	9	-0.053	-0.099	9.104	5.270
1427787380423	37.502158	139.926511	9	-0.035	-0.162	9.334	5.270
1427787380524	37.502161	139.926513	9	0.032	-0.168	9.405	5.270
1427787380620	37.502164	139.926515	9	0.121	-0.182	9.376	5.270
1427787380720	37.502167	139.926518	9	0.152	-0.188	9.357	5.270
1427787380821	37.502170	139.926520	9	0.186	-0.252	9.583	5.270
1427787380922	37.502173	139.926522	9	0.237	-0.326	9.752	5.270
1427787381022	37.502177	139.926524	9	0.288	-0.276	9.684	5.270
1427787381123	37.502181	139.926527	9	0.155	-0.154	9.429	5.270
1427787381224	37.502185	139.926529	9	-0.083	-0.106	8.970	5.270
1427787381325	37.502190	139.926531	9	-0.142	-0.077	9.083	5.270
1427787381420	37.502193	139.926534	9	-0.095	-0.074	9.309	5.270
1427787381521	37.502198	139.926536	9	-0.102	-0.211	9.744	5.270
1427787381622	37.502202	139.926538	9	-0.108	-0.280	9.957	5.270
1427787381722	37.502206	139.926540	9	-0.035	-0.288	9.726	5.270
1427787381823	37.502210	139.926543	9	0.100	-0.138	9.433	5.270
1427787381924	37.502214	139.926545	8	0.054	-0.169	9.446	5.270
1427787382024	37.502219	139.926547	8	-0.043	-0.111	9.437	5.270
1427787382120	37.502223	139.926549	8	-0.147	-0.047	9.356	5.270
1427787382221	37.502228	139.926551	8	-0.171	0.003	9.171	5.270
1427787382322	37.502233	139.926553	8	-0.178	-0.039	9.385	5.270
1427787382422	37.502238	139.926555	8	-0.222	-0.047	9.373	5.270
1427787382523	37.502242	139.926556	8	-0.262	-0.041	9.201	5.270
1427787382624	37.502247	139.926558	8	-0.207	-0.052	9.305	5.270
1427787382724	37.502252	139.926560	8	-0.139	-0.080	9.387	5.270
1427787382820	37.502256	139.926562	8	-0.044	-0.144	9.720	5.270
1427787382921	37.502261	139.926564	9	-0.057	-0.138	9.759	5.270
1427787383021	37.502266	139.926565	9	-0.133	-0.102	9.432	5.270
1427787383122	37.502272	139.926567	9	-0.204	-0.027	9.188	5.270
1427787383223	37.502277	139.926568	9	-0.256	-0.018	9.262	5.270
1427787383324	37.502282	139.926570	9	-0.322	-0.055	9.455	5.270
1427787383424	37.502288	139.926571	9	-0.353	-0.088	9.644	5.270
1427787383520	37.502293	139.926572	9	-0.282	-0.105	9.551	5.270
1427787383621	37.502298	139.926574	9	-0.136	-0.106	9.499	5.270
1427787383721	37.502303	139.926575	9	0.034	-0.102	9.379	5.270
1427787383822	37.502309	139.926577	9	0.110	-0.151	9.475	5.270
1427787383923	37.502314	139.926578	9	0.055	-0.166	9.744	5.269
1427787384024	37.502320	139.926580	9	-0.065	-0.165	9.766	5.243
1427787384124	37.502326	139.926582	9	-0.170	-0.090	9.485	5.218
1427787384220	37.502331	139.926583	9	-0.262	-0.074	9.420	5.194
1427787384321	37.502337	139.926585	9	-0.347	-0.091	9.556	5.168
1427787384421	37.502342	139.926587	9	-0.427	-0.209	9.501	5.143
1427787384522	37.502348	139.926588	9	-0.397	-0.373	9.203	5.118
1427787384623	37.502354	139.926590	9	-0.331	-0.519	9.129	5.093
1427787384723	37.502359	139.926592	9	-0.274	-0.639	9.350	5.068
1427787384824	37.502365	139.926593	9	-0.281	-0.739	9.588	5.043
1427787384920	37.502370	139.926595	10	-0.378	-0.780	9.686	5.020
1427787385020	37.502373	139.926598	10	-0.484	-0.715	9.293	4.969
1427787385121	37.502375	139.926600	10	-0.468	-0.726	9.130	4.917
1427787385222	37.502378	139.926603	10	-0.436	-0.773	9.361	4.867
1427787385323	37.502380	139.926606	10	-0.437	-0.802	9.573	4.816
1427787385423	37.502383	139.926608	10	-0.430	-0.818	9.539	4.767
1427787385524	37.502385	139.926611	10	-0.405	-0.787	9.400	4.718
1427787385620	37.502388	139.926613	10	-0.370	-0.708	9.182	4.672
1427787385720	37.502390	139.926616	10	-0.355	-0.725	9.172	4.624
1427787385821	37.502393	139.926619	10	-0.306	-0.792	9.379	4.576
1427787385922	37.502395	139.926621	10	-0.321	-0.779	9.511	4.528
1427787386023	37.502397	139.926622	10	-0.461	-0.761	9.580	4.446
1427787386123	37.502400	139.926624	10	-0.629	-0.706	9.496	4.367
1427787386224	37.502402	139.926625	10	-0.636	-0.569	9.214	4.288
1427787386320	37.502404	139.926626	10	-0.548	-0.503	9.058	4.214
1427787386420	37.502406	139.926628	10	-0.371	-0.511	9.310	4.138
1427787386521	37.502408	139.926629	10	-0.256	-0.533	9.611	4.063
1427787386622	37.502410	139.926630	10	-0.201	-0.507	9.791	3.989
1427787386723	37.502412	139.926632	10	-0.175	-0.418	9.550	3.917
1427787386823	37.502414	139.926633	10	-0.196	-0.339	9.223	3.847
1427787386924	37.502416	139.926634	9	-0.244	-0.307	9.084	3.779
1427787387020	37.502419	139.926634	9	-0.286	-0.343	9.381	3.755
1427787387120	37.502421	139.926635	9	-0.362	-0.366	9.723	3.731
1427787387221	37.502424	139.926635	9	-0.389	-0.380	9.641	3.706
1427787387322	37.502427	139.926636	9	-0.365	-0.357	9.456	3.682
1427787387422	37.502429	139.926636	9	-0.370	-0.354	9.435	3.658
1427787387523	37.502432	139.926636	9	-0.368	-0.333	9.293	3.633
1427787387624	37.502434	139.926637	9	-0.330	-0.404	9.335	3.609
1427787387720	37.502437	139.926637	9	-0.249	-0.473	9.506	3.587
1427787387820	37.502439	139.926638	9	-0.222	-0.520	9.563	3.563
1427787387921	37.502442	139.926638	8	-0.261	-0.539	9.520	3.539
1427787388022	37.502445	139.926639	8	-0.351	-0.513	9.311	3.486
1427787388122	37.502449	139.926640	8	-0.450	-0.540	9.265	3.433
1427787388223	37.502452	139.926642	8	-0.572	-0.614	9.437	3.380
1427787388324	37.502456	139.926643	8	-0.496	-0.667	9.673	3.329
1427787388424	37.502459	139.926644	8	-0.419	-0.608	9.383	3.279
1427787388520	37.502462	139.926645	8	-0.460	-0.492	8.783	3.231
1427787388621	37.502465	139.926646	8	-0.469	-0.577	8.929	3.182
1427787388722	37.502468	139.926647	8	-0.340	-0.746	9.587	3.133
1427787388822	37.502471	139.926648	8	-0.215	-0.831	10.051	3.086
1427787388923	37.502474	139.926649	8	-0.247	-0.826	9.831	3.038
1427787389024	37.502476	139.926649	8	-0.347	-0.778	9.503	2.985
1427787389124	37.502478	139.926649	8	-0.431	-0.689	9.176	2.933
1427787389220	37.502480	139.926649	8	-0.499	-0.684	9.040	2.884
1427787389321	37.502482	139.926649	8	-0.484	-0.797	9.329	2.833
1427787389421	37.502483	139.926648	8	-0.486	-0.947	9.640	2.784
1427787389522	37.502485	139.926648	8	-0.553	-1.054	9.620	2.735
1427787389623	37.502487	139.926648	8	-0.619	-1.051	9.358	2.687
1427787389724	37.502489	139.926648	8	-0.697	-1.048	9.182	2.639
1427787389824	37.502490	139.926648	8	-0.667	-1.110	9.229	2.593
1427787389920	37.502492	139.926648	8	-0.585	-1.228	9.339	2.550
1427787390021	37.502492	139.926648	8	-0.500	-1.331	9.513	2.431
1427787390121	37.502493	139.926648	8	-0.463	-1.409	9.643	2.318
1427787390222	37.502493	139.926648	8	-0.458	-1.415	9.563	2.209
1427787390323	37.502493	139.926648	8	-0.519	-1.394	9.378	2.104
1427787390424	37.502494	139.926649	8	-0.634	-1.360	9.288	2.004
1427787390524	37.502494	139.926649	8	-0.718	-1.321	9.344	1.910
1427787390620	37.502494	139.926649	8	-0.712	-1.242	9.450	1.823
1427787390721	37.502495	139.926649	8	-0.622	-0.988	9.595	1.737
1427787390821	37.502495	139.926649	8	-0.488	-0.534	9.680	1.656
1427787390922	37.502495	139.926649	8	-0.396	-0.161	9.466	1.578
1427787391023	37.502496	139.926649	8	-0.343	0.094	9.196	1.460
1427787391123	37.502497	139.926649	8	-0.295	0.211	9.111	1.350
1427787391224	37.502498	139.926649	8	-0.257	0.158	9.246	1.246
1427787391320	37.502498	139.926649	8	-0.205	0.064	9.472	1.153
1427787391421	37.502499	139.926648	8	-0.178	-0.100	9.576	1.061
1427787391521	37.502500	139.926648	8	-0.168	-0.243	9.503	0.978
1427787391622	37.502500	139.926648	8	-0.206	-0.328	9.404	0.900
1427787391723	37.502501	139.926648	8	-0.312	-0.373	9.404	0.829
1427787391823	37.502502	139.926648	8	-0.430	-0.402	9.433	0.765
1427787391924	37.502502	139.926648	7	-0.475	-0.423	9.407	0.709
1427787392020	37.502502	139.926648	7	-0.442	-0.442	9.383	0.686
1427787392120	37.502503	139.926648	7	-0.356	-0.466	9.392	0.662
1427787392221	37.502503	139.926648	7	-0.273	-0.487	9.405	0.639
1427787392322	37.502503	139.926648	7	-0.245	-0.439	9.465	0.617
1427787392423	37.502504	139.926648	7	-0.240	-0.234	9.545	0.595
1427787392523	37.502504	139.926648	7	-0.264	-0.033	9.459	0.575
1427787392624	37.502504	139.926648	7	-0.272	0.105	9.304	0.555
1427787392720	37.502504	139.926648	7	-0.266	0.138	9.245	0.536
1427787392820	37.502505	139.926648	7	-0.244	0.093	9.347	0.518
1427787392921	37.502505	139.926648	7	-0.235	0.005	9.472	0.500
1427787393022	37.502506	139.926648	7	-0.233	-0.048	9.496	0.500
1427787393122	37.502507	139.926648	7	-0.236	-0.024	9.454	0.500
1427787393223	37.502509	139.926647	7	-0.211	0.062	9.426	0.500
1427787393324	37.502510	139.926647	7	-0.201	0.108	9.413	0.500
1427787393420	37.502511	139.926647	7	-0.228	0.076	9.408	0.500
1427787393520	37.502512	139.926647	7	-0.250	0.037	9.465	0.500
1427787393621	37.502513	139.926647	7	-0.256	0.019	9.521	0.500
1427787393722	37.502515	139.926646	7	-0.241	0.031	9.486	0.500
1427787393822	37.502516	139.926646	7	-0.233	0.053	9.429	0.500
1427787393923	37.502517	139.926646	7	-0.223	0.074	9.441	0.500
1427787394024	37.502518	139.926646	7	-0.228	0.058	9.460	0.500
1427787394125	37.502519	139.926646	7	-0.243	0.023	9.462	0.500
1427787394220	37.502520	139.926646	7	-0.251	0.009	9.464	0.500
1427787394321	37.502521	139.926646	7	-0.253	0.034	9.449	0.500
1427787394422	37.502522	139.926646	7	-0.246	0.058	9.426	0.500
1427787394522	37.502523	139.926645	7	-0.242	0.051	9.412	0.500
1427787394623	37.502524	139.926645	7	-0.241	0.021	9.432	0.500
1427787394724	37.502525	139.926645	7	-0.233	0.005	9.451	0.500
1427787394824	37.502526	139.926645	7	-0.221	0.013	9.444	0.500
1427787394920	37.502527	139.926645	6	-0.219	0.024	9.411	0.500
1427787395021	37.502528	139.926645	6	-0.242	0.035	9.401	0.500
1427787395121	37.502528	139.926644	6	-0.266	0.022	9.413	0.500
1427787395222	37.502529	139.926644	6	-0.257	0.015	9.432	0.500
1427787395323	37.502530	139.926644	6	-0.229	0.010	9.426	0.500
1427787395424	37.502531	139.926643	6	-0.213	0.010	9.406	0.500
1427787395524	37.502531	139.926643	6	-0.223	0.018	9.414	0.500
1427787395620	37.502532	139.926643	6	-0.238	0.025	9.426	0.500
1427787395721	37.502533	139.926643	6	-0.247	0.027	9.423	0.500
1427787395821	37.502533	139.926642	6	-0.246	0.024	9.414	0.500
1427787395922	37.502534	139.926642	6	-0.236	0.018	9.421	0.500
1427787396023	37.502534	139.926642	6	-0.219	0.025	9.437	0.500
1427787396124	37.502534	139.926642	6	-0.219	0.024	9.431	0.500
1427787396224	37.502534	139.926642	6	-0.226	0.027	9.423	0.500
1427787396320	37.502534	139.926642	6	-0.232	0.032	9.429	0.500
1427787396421	37.502535	139.926641	6	-0.237	0.040	9.445	0.500
1427787396521	37.502535	139.926641	6	-0.229	0.033	9.439	0.500
1427787396622	37.502535	139.926641	6	-0.229	0.029	9.437	0.500
1427787396723	37.502535	139.926641	6	-0.230	0.039	9.444	0.500
1427787396824	37.502535	139.926641	6	-0.229	0.045	9.462	0.500
1427787396924	37.502535	139.926641	6	-0.225	0.042	9.449	0.500
1427787397020	37.502535	139.926641	6	-0.223	0.045	9.446	0.500
1427787397121	37.502536	139.926640	6	-0.229	0.049	9.463	0.500
1427787397221	37.502536	139.926640	6	-0.235	0.056	9.468	0.500
1427787397322	37.502536	139.926640	6	-0.240	0.048	9.461	0.500
1427787397423	37.502537	139.926639	6	-0.249	0.049	9.463	0.500
1427787397523	37.502537	139.926639	6	-0.249	0.056	9.469	0.500
1427787397624	37.502537	139.926639	6	-0.238	0.054	9.476	0.500
1427787397720	37.502537	139.926639	6	-0.235	0.050	9.462	0.500
1427787397821	37.502538	139.926638	6	-0.245	0.045	9.456	0.500
1427787397921	37.502538	139.926638	5	-0.260	0.050	9.468	0.500
1427787398022	37.502538	139.926638	5	-0.258	0.050	9.465	0.500
1427787398123	37.502538	139.926638	5	-0.251	0.049	9.452	0.500
1427787398223	37.502537	139.926638	5	-0.244	0.050	9.454	0.500
1427787398324	37.502537	139.926638	5	-0.240	0.054	9.472	0.500
1427787398420	37.502537	139.926638	5	-0.237	0.047	9.459	0.500
1427787398521	37.502537	139.926638	5	-0.244	0.038	9.452	0.500
1427787398621	37.502537	139.926638	5	-0.257	0.029	9.445	0.500
1427787398722	37.502536	139.926638	5	-0.255	0.038	9.453	0.500
1427787398823	37.502536	139.926638	5	-0.244	0.047	9.454	0.500
1427787398923	37.502536	139.926638	5	-0.240	0.044	9.443	0.500
1427787399024	37.502536	139.926638	5	-0.241	0.040	9.443	0.500
1427787399120	37.502536	139.926638	5	-0.244	0.044	9.463	0.500
1427787399220	37.502536	139.926638	5	-0.245	0.042	9.457	0.500
1427787399321	37.502536	139.926638	5	-0.246	0.038	9.437	0.500
1427787399422	37.502536	139.926637	5	-0.248	0.036	9.443	0.500
1427787399522	37.502537	139.926637	5	-0.245	0.041	9.451	0.500
1427787399623	37.502537	139.926637	5	-0.239	0.036	9.441	0.500
1427787399724	37.502537	139.926637	5	-0.234	0.029	9.422	0.500
1427787399820	37.502537	139.926637	5	-0.240	0.024	9.421	0.500
1427787399920	37.502537	139.926637	5	-0.236	0.027	9.432	0.500
1427787400021	37.502537	139.926637	5	-0.235	0.025	9.431	0.500
1427787400122	37.502537	139.926637	5	-0.245	0.016	9.408	0.500
1427787400222	37.502536	139.926636	5	-0.253	0.015	9.419	0.500
1427787400323	37.502536	139.926636	5	-0.247	0.021	9.433	0.500
1427787400424	37.502536	139.926636	5	-0.238	0.021	9.425	0.500
1427787400524	37.502536	139.926636	5	-0.233	0.015	9.415	0.500
1427787400620	37.502536	139.926636	5	-0.236	0.013	9.420	0.500
1427787400721	37.502535	139.926635	5	-0.238	0.022	9.424	0.500
1427787400822	37.502535	139.926635	5	-0.232	0.021	9.419	0.500
1427787400922	37.502535	139.926635	5	-0.233	0.017	9.415	0.500
1427787401023	37.502535	139.926635	5	-0.234	0.020	9.415	0.500
1427787401124	37.502535	139.926635	5	-0.233	0.025	9.429	0.500
1427787401224	37.502535	139.926634	5	-0.231	0.023	9.420	0.500
1427787401320	37.502535	139.926634	5	-0.236	0.016	9.410	0.500
1427787401421	37.502536	139.926634	5	-0.241	0.022	9.411	0.500
1427787401521	37.502536	139.926634	5	-0.238	0.028	9.422	0.500
1427787401622	37.502536	139.926634	5	-0.237	0.024	9.420	0.500
1427787401723	37.502536	139.926633	5	-0.235	0.022	9.420	0.500
1427787401824	37.502536	139.926633	5	-0.240	0.030	9.435	0.500
1427787401924	37.502536	139.926633	5	-0.236	0.039	9.452	0.500
1427787402020	37.502536	139.926633	5	-0.234	0.036	9.444	0.500
1427787402121	37.502536	139.926633	5	-0.239	0.032	9.443	0.500
1427787402221	37.502536	139.926633	5	-0.244	0.039	9.460	0.500
1427787402322	37.502536	139.926633	5	-0.238	0.045	9.454	0.500
1427787402423	37.502536	139.926633	5	-0.237	0.041	9.449	0.500
1427787402524	37.502535	139.926632	5	-0.238	0.039	9.452	0.500
1427787402624	37.502535	139.926632	5	-0.235	0.046	9.456	0.500
1427787402720	37.502535	139.926632	5	-0.227	0.050	9.459	0.500
1427787402821	37.502535	139.926632	5	-0.227	0.038	9.439	0.500
1427787402921	37.502535	139.926632	5	-0.235	0.034	9.442	0.500
1427787403022	37.502535	139.926632	5	-0.234	0.039	9.457	0.500
1427787403123	37.502535	139.926632	5	-0.233	0.038	9.441	0.500
1427787403223	37.502535	139.926632	5	-0.234	0.036	9.437	0.500
1427787403324	37.502535	139.926632	5	-0.223	0.042	9.435	0.500
1427787403420	37.502536	139.926632	5	-0.222	0.047	9.450	0.500
1427787403521	37.502536	139.926631	5	-0.221	0.048	9.449	0.500
1427787403621	37.502536	139.926631	5	-0.237	0.040	9.441	0.500
1427787403722	37.502536	139.926631	5	-0.240	0.046	9.449	0.500
1427787403823	37.502536	139.926631	5	-0.239	0.044	9.459	0.500
1427787403923	37.502536	139.926631	4	-0.238	0.044	9.451	0.500
1427787404024	37.502536	139.926631	4	-0.241	0.037	9.446	0.500
1427787404120	37.502536	139.926631	4	-0.245	0.036	9.449	0.500
1427787404220	37.502536	139.926631	4	-0.242	0.040	9.456	0.500
1427787404321	37.502536	139.926631	4	-0.241	0.038	9.447	0.500
1427787404422	37.502536	139.926631	4	-0.246	0.032	9.441	0.500
1427787404523	37.502536	139.926631	4	-0.249	0.030	9.445	0.500
1427787404623	37.502536	139.926631	4	-0.250	0.036	9.454	0.500
1427787404724	37.502536	139.926631	4	-0.248	0.037	9.450	0.500
1427787404820	37.502536	139.926631	4	-0.245	0.027	9.438	0.500
1427787404920	37.502536	139.926631	4	-0.246	0.027	9.447	0.500
1427787405021	37.502536	139.926631	4	-0.246	0.033	9.451	0.500
1427787405122	37.502536	139.926631	4	-0.245	0.032	9.447	0.500
1427787405223	37.502536	139.926631	4	-0.252	0.028	9.439	0.500
1427787405323	37.502536	139.926631	4	-0.258	0.026	9.442	0.500
1427787405424	37.502536	139.926630	4	-0.256	0.037	9.455	0.500
1427787405520	37.502536	139.926630	4	-0.248	0.034	9.445	0.500
1427787405620	37.502536	139.926630	4	-0.249	0.022	9.439	0.500
1427787405721	37.502536	139.926630	4	-0.251	0.022	9.445	0.500
1427787405822	37.502536	139.926630	4	-0.249	0.029	9.452	0.500
1427787405922	37.502536	139.926630	4	-0.247	0.028	9.437	0.500
1427787406023	37.502536	139.926630	4	-0.248	0.019	9.430	0.500
1427787406124	37.502536	139.926630	4	-0.255	0.026	9.435	0.500
1427787406220	37.502536	139.926630	4	-0.253	0.034	9.451	0.500
1427787406320	37.502536	139.926630	4	-0.244	0.026	9.426	0.500
1427787406421	37.502536	139.926630	4	-0.247	0.019	9.420	0.500
1427787406522	37.502536	139.926630	4	-0.252	0.021	9.428	0.500
1427787406622	37.502536	139.926630	4	-0.257	0.026	9.437	0.500
1427787406723	37.502536	139.926630	4	-0.246	0.022	9.416	0.500
1427787406824	37.502536	139.926630	4	-0.249	0.016	9.407	0.500
1427787406925	37.502536	139.926630	3	-0.253	0.013	9.409	0.500
1427787407020	37.502536	139.926630	3	-0.245	0.015	9.409	0.500
1427787407121	37.502536	139.926630	3	-0.235	0.015	9.399	0.500
1427787407222	37.502536	139.926630	3	-0.237	0.014	9.393	0.500
1427787407322	37.502536	139.926630	3	-0.247	0.014	9.400	0.500
1427787407423	37.502536	139.926630	3	-0.239	0.028	9.411	0.500
1427787407524	37.502536	139.926630	3	-0.237	0.022	9.402	0.500
1427787407624	37.502536	139.926630	3	-0.237	0.017	9.395	0.500
1427787407720	37.502536	139.926630	3	-0.237	0.021	9.405	0.500
1427787407821	37.502536	139.926630	3	-0.230	0.028	9.407	0.500
1427787407922	37.502536	139.926630	3	-0.229	0.026	9.403	0.500
1427787408022	37.502536	139.926630	3	-0.234	0.026	9.395	0.500
1427787408123	37.502536	139.926630	3	-0.235	0.034	9.419	0.500
1427787408224	37.502536	139.926630	3	-0.227	0.036	9.427	0.500
1427787408324	37.502536	139.926630	3	-0.224	0.033	9.419	0.500
1427787408420	37.502536	139.926630	3	-0.230	0.037	9.424	0.500
1427787408521	37.502536	139.926630	3	-0.232	0.044	9.443	0.500
1427787408621	37.502536	139.926630	3	-0.228	0.045	9.457	0.500
1427787408722	37.502536	139.926630	3	-0.228	0.044	9.457	0.500
1427787408823	37.502536	139.926630	3	-0.236	0.047	9.455	0.500
1427787408923	37.502536	139.926630	3	-0.232	0.054	9.460	0.500
1427787409024	37.502536	139.926630	3	-0.228	0.049	9.473	0.500
1427787409120	37.502536	139.926630	3	-0.228	0.039	9.468	0.500
1427787409221	37.502536	139.926630	3	-0.234	0.042	9.474	0.500
1427787409321	37.502536	139.926630	3	-0.243	0.046	9.468	0.500
1427787409422	37.502536	139.926630	3	-0.244	0.052	9.477	0.500
1427787409523	37.502536	139.926630	3	-0.245	0.038	9.470	0.500
1427787409623	37.502536	139.926630	3	-0.247	0.035	9.453	0.500
1427787409724	37.502536	139.926630	3	-0.252	0.038	9.452	0.500
1427787409820	37.502536	139.926630	3	-0.249	0.046	9.461	0.500
1427787409921	37.502536	139.926630	3	-0.257	0.039	9.463	0.500
1427787410021	37.502536	139.926630	3	-0.254	0.035	9.448	0.500
1427787410122	37.502536	139.926630	3	-0.249	0.041	9.452	0.500
1427787410223	37.502536	139.926630	3	-0.230	0.056	9.461	0.500
1427787410323	37.502536	139.926630	3	-0.230	0.048	9.441	0.500
1427787410424	37.502536	139.926630	3	-0.238	0.044	9.433	0.500
1427787410520	37.502536	139.926630	3	-0.243	0.047	9.450	0.500
1427787410621	37.502536	139.926630	3	-0.237	0.044	9.453	0.500
1427787410721	37.502536	139.926630	3	-0.245	0.033	9.446	0.500
1427787410822	37.502536	139.926630	3	-0.250	0.021	9.431	0.500
1427787410923	37.502536	139.926630	4	-0.246	0.021	9.447	0.500
1427787411023	37.502536	139.926630	4	-0.245	0.013	9.451	0.500
1427787411124	37.502536	139.926630	4	-0.242	0.009	9.445	0.500
1427787411220	37.502536	139.926630	4	-0.244	0.029	9.428	0.500
1427787411320	37.502536	139.926630	4	-0.238	0.050	9.445	0.500
1427787411421	37.502536	139.926630	4	-0.263	0.045	9.435	0.500
1427787411522	37.502536	139.926630	4	-0.250	0.062	9.465	0.500
1427787411623	37.502536	139.926630	4	-0.197	0.244	9.574	0.500
1427787411723	37.502536	139.926630	4	-0.155	0.492	9.643	0.500
1427787411824	37.502536	139.926630	4	-0.079	0.730	9.607	0.500
1427787411920	37.502536	139.926630	4	-0.092	0.864	9.499	0.500
1427787412020	37.502536	139.926630	4	-0.118	1.100	9.494	0.530
1427787412121	37.502537	139.926630	4	0.008	1.273	9.474	0.562
1427787412222	37.502537	139.926631	4	-0.030	1.476	9.522	0.597
1427787412322	37.502537	139.926631	4	0.085	1.829	9.652	0.633
1427787412423	37.502538	139.926631	4	0.205	1.950	9.401	0.673
1427787412524	37.502538	139.926632	4	0.129	2.270	9.421	0.714
1427787412625	37.502539	139.926632	4	0.099	2.471	9.380	0.758
1427787412720	37.502539	139.926632	4	0.076	2.534	9.386	0.802
1427787412821	37.502539	139.926633	4	0.046	2.536	9.502	0.850
1427787412922	37.502540	139.926633	4	0.041	2.593	9.522	0.902
1427787413022	37.502541	139.926634	4	0.047	2.548	9.058	1.004
1427787413123	37.502543	139.926635	4	-0.032	2.242	8.844	1.128
1427787413224	37.502545	139.926636	4	-0.078	1.731	9.083	1.271
1427787413325	37.502547	139.926637	4	0.037	1.444	9.686	1.434
1427787413420	37.502549	139.926638	4	0.234	1.282	9.983	1.606
1427787413521	37.502551	139.926640	4	0.319	1.355	9.915	1.808
1427787413622	37.502554	139.926641	4	0.379	1.516	9.683	2.030
1427787413722	37.502557	139.926643	4	0.360	1.624	9.364	2.269
1427787413823	37.502561	139.926645	4	0.296	1.694	8.878	2.530
1427787413924	37.502564	139.926647	4	0.199	1.610	8.770	2.803
1427787414024	37.502567	139.926649	4	0.124	1.294	9.165	2.888
1427787414120	37.502569	139.926651	4	-0.051	0.663	9.408	2.973
1427787414221	37.502572	139.926652	4	-0.185	0.280	9.745	3.064
1427787414322	37.502574	139.926654	4	-0.279	0.138	9.771	3.159
1427787414422	37.502577	139.926656	4	-0.353	0.069	9.502	3.255
1427787414523	37.502580	139.926658	4	-0.282	0.013	9.274	3.356
1427787414624	37.502583	139.926660	4	-0.197	-0.002	9.199	3.460
1427787414724	37.502586	139.926663	4	-0.091	-0.072	9.409	3.565
1427787414820	37.502589	139.926665	4	0.005	-0.068	9.674	3.669
1427787414921	37.502592	139.926667	4	-0.119	-0.045	9.616	3.780
1427787415021	37.502595	139.926669	4	-0.256	-0.035	9.491	3.780
1427787415122	37.502598	139.926671	4	-0.279	-0.023	9.484	3.780
1427787415223	37.502601	139.926673	4	-0.294	-0.024	9.354	3.780
1427787415324	37.502604	139.926675	4	-0.328	-0.016	9.377	3.780
1427787415424	37.502607	139.926678	4	-0.357	-0.014	9.423	3.780
1427787415520	37.502610	139.926680	4	-0.374	-0.008	9.582	3.780
1427787415621	37.502613	139.926682	4	-0.270	-0.013	9.597	3.780
1427787415721	37.502616	139.926684	4	-0.207	0.073	9.288	3.780
1427787415822	37.502619	139.926686	4	-0.142	0.601	9.484	3.780
1427787415923	37.502622	139.926688	5	-0.023	1.021	9.594	3.781
1427787416023	37.502625	139.926690	5	0.013	1.300	9.526	3.805
1427787416124	37.502628	139.926693	5	-0.023	1.340	9.318	3.830
1427787416220	37.502631	139.926695	5	-0.113	1.412	9.220	3.853
1427787416321	37.502635	139.926697	5	-0.117	1.295	9.190	3.878
1427787416421	37.502638	139.926699	5	-0.097	1.268	9.570	3.903
1427787416522	37.502641	139.926702	5	-0.128	1.262	9.690	3.929
1427787416623	37.502644	139.926704	5	-0.146	1.290	9.414	3.954
1427787416723	37.502648	139.926706	5	-0.170	1.336	9.282	3.979
1427787416824	37.502651	139.926709	5	-0.122	1.364	9.363	4.005
1427787416920	37.502654	139.926711	6	-0.077	1.375	9.417	4.030
1427787417020	37.502658	139.926713	6	-0.033	1.347	9.399	4.054
1427787417121	37.502662	139.926716	6	-0.032	1.283	9.570	4.079
1427787417222	37.502666	139.926718	6	-0.082	1.280	9.665	4.104
1427787417323	37.502670	139.926720	6	-0.140	1.304	9.581	4.129
1427787417423	37.502674	139.926722	6	-0.230	1.354	9.441	4.154
1427787417524	37.502678	139.926725	6	-0.304	1.370	9.317	4.179
1427787417620	37.502682	139.926727	6	-0.305	1.282	9.376	4.203
1427787417720	37.502686	139.926729	6	-0.419	0.886	9.422	4.229
1427787417821	37.502690	139.926732	6	-0.516	0.401	9.578	4.255
1427787417922	37.502694	139.926734	9	-0.383	0.268	9.371	4.283
1427787418023	37.502701	139.926736	9	-0.177	0.232	8.773	4.450
1427787418123	37.502707	139.926739	9	-0.115	0.186	8.832	4.623
1427787418224	37.502715	139.926741	9	-0.136	0.107	9.173	4.806
1427787418320	37.502722	139.926744	9	-0.206	0.005	9.490	4.986
1427787418420	37.502729	139.926746	9	-0.272	-0.091	9.667	5.181
1427787418521	37.502737	139.926749	9	-0.365	-0.116	9.672	5.386
1427787418622	37.502746	139.926752	9	-0.499	-0.131	9.563	5.598
1427787418722	37.502754	139.926755	9	-0.436	-0.078	9.783	5.816
1427787418823	37.502763	139.926758	9	-0.125	-0.191	10.089	6.044
1427787418924	37.502772	139.926761	9	-0.166	-0.114	10.290	6.269
1427787419020	37.502777	139.926764	9	-0.354	-0.051	9.861	6.245
1427787419120	37.502781	139.926766	9	-0.417	0.025	9.123	6.219
1427787419221	37.502786	139.926769	9	-0.543	0.155	8.914	6.194
1427787419322	37.502790	139.926771	9	-0.573	0.264	8.919	6.168
1427787419422	37.502795	139.926774	9	-0.614	0.218	9.275	6.143
1427787419523	37.502799	139.926776	9	-0.573	0.149	9.382	6.118
1427787419624	37.502804	139.926779	9	-0.438	0.172	9.014	6.093
1427787419724	37.502808	139.926781	9	-0.404	0.068	8.966	6.068
1427787419820	37.502813	139.926784	9	-0.390	0.008	9.319	6.045
1427787419921	37.502817	139.926786	7	-0.445	-0.145	9.997	6.020
1427787420022	37.502821	139.926789	7	-0.365	-0.220	10.305	6.020
1427787420122	37.502825	139.926792	7	-0.228	-0.156	9.652	6.020
1427787420223	37.502830	139.926795	7	-0.109	-0.074	9.089	6.020
1427787420324	37.502834	139.926798	7	-0.156	-0.125	8.919	6.020
1427787420424	37.502838	139.926801	7	-0.222	-0.098	9.433	6.020
1427787420520	37.502842	139.926803	7	-0.313	-0.116	9.898	6.020
1427787420621	37.502846	139.926806	7	-0.403	-0.036	9.936	6.020
1427787420722	37.502851	139.926809	7	-0.371	0.146	9.458	6.020
1427787420822	37.502855	139.926812	7	-0.315	0.170	9.156	6.020
1427787420923	37.502859	139.926815	7	-0.287	0.178	9.247	6.020
1427787421024	37.502864	139.926818	7	-0.236	0.146	9.420	6.020
1427787421124	37.502869	139.926821	7	-0.276	0.120	9.571	6.020
1427787421220	37.502874	139.926824	7	-0.233	0.133	9.628	6.020
1427787421321	37.502879	139.926827	7	-0.390	0.269	9.104	6.020
1427787421421	37.502885	139.926830	7	-0.235	0.313	9.088	6.020
1427787421522	37.502890	139.926833	7	-0.061	0.320	9.602	6.020
1427787421623	37.502895	139.926836	7	0.036	0.381	9.843	6.020
1427787421724	37.502900	139.926839	7	0.051	0.426	9.763	6.020
1427787421824	37.502905	139.926842	7	0.051	0.424	9.578	6.020
1427787421920	37.502910	139.926845	8	0.082	0.349	9.653	6.020
1427787422021	37.502914	139.926849	8	-0.021	0.242	9.540	6.045
1427787422121	37.502918	139.926852	8	-0.306	0.317	9.534	6.069
1427787422222	37.502923	139.926856	8	-0.330	0.454	9.554	6.094
1427787422323	37.502927	139.926860	8	-0.174	0.488	9.445	6.120
1427787422423	37.502931	139.926863	8	-0.137	0.420	9.073	6.144
1427787422524	37.502936	139.926867	8	-0.249	0.392	9.116	6.170
1427787422620	37.502940	139.926871	8	-0.260	0.569	9.265	6.194
1427787422721	37.502944	139.926875	8	-0.271	0.377	9.377	6.219
1427787422821	37.502949	139.926878	8	-0.390	0.370	9.307	6.245
1427787422922	37.502953	139.926882	11	-0.488	0.493	9.330	6.271
1427787423023	37.502961	139.926884	11	-0.391	0.352	9.113	6.320
1427787423123	37.502970	139.926886	11	-0.371	0.309	9.608	6.368
1427787423224	37.502978	139.926888	11	-0.214	0.307	9.780	6.418
1427787423320	37.502986	139.926890	11	-0.181	0.222	9.661	6.465
1427787423420	37.502995	139.926892	11	-0.194	0.291	9.566	6.515
1427787423521	37.503003	139.926894	11	-0.089	0.203	9.378	6.566
1427787423622	37.503012	139.926897	11	-0.179	0.334	9.583	6.617
1427787423723	37.503021	139.926899	11	-0.026	0.206	9.272	6.668
1427787423823	37.503029	139.926901	11	0.023	0.293	9.217	6.720
1427787423924	37.503038	139.926903	11	0.136	0.230	9.212	6.771
1427787424020	37.503043	139.926905	11	0.075	0.261	9.522	6.795
1427787424120	37.503049	139.926908	11	0.116	0.124	9.546	6.819
1427787424221	37.503054	139.926910	11	0.027	0.194	9.441	6.844
1427787424322	37.503059	139.926913	11	-0.028	0.186	9.223	6.869
1427787424422	37.503065	139.926915	11	-0.180	0.309	9.428	6.894
1427787424523	37.503070	139.926917	11	-0.166	0.244	9.355	6.920
1427787424624	37.503076	139.926920	11	-0.174	0.281	9.334	6.945
1427787424720	37.503081	139.926922	11	-0.055	0.151	9.319	6.969
1427787424820	37.503087	139.926925	11	-0.111	0.216	9.682	6.995
1427787424921	37.503092	139.926927	7	-0.079	0.159	9.673	7.020
1427787425022	37.503099	139.926930	7	-0.069	0.178	9.445	7.020
1427787425122	37.503105	139.926932	7	-0.080	0.138	9.427	7.020
1427787425223	37.503111	139.926935	7	0.046	0.075	9.406	7.020
1427787425324	37.503118	139.926938	7	0.095	0.141	9.351	7.020
1427787425420	37.503124	139.926940	7	0.105	-0.027	9.450	7.020
1427787425520	37.503130	139.926943	7	0.002	0.000	9.659	7.020
1427787425621	37.503137	139.926945	7	0.066	-0.072	9.620	7.020
1427787425722	37.503143	139.926948	7	0.090	-0.032	9.582	7.020
1427787425822	37.503150	139.926950	7	0.140	-0.069	9.226	7.020
1427787425923	37.503156	139.926953	7	0.091	0.019	9.350	7.019
1427787426024	37.503160	139.926955	7	0.041	0.013	9.620	6.994
1427787426125	37.503165	139.926958	7	-0.010	0.027	9.493	6.968
1427787426220	37.503169	139.926960	7	-0.080	0.060	9.267	6.944
1427787426321	37.503173	139.926962	7	-0.089	0.036	9.147	6.919
1427787426422	37.503177	139.926964	7	-0.067	0.069	9.231	6.893
1427787426522	37.503181	139.926966	7	0.051	0.036	9.657	6.868
1427787426623	37.503186	139.926969	7	0.221	-0.044	9.811	6.843
1427787426724	37.503190	139.926971	7	0.174	-0.025	9.485	6.818
1427787426824	37.503194	139.926973	7	0.104	0.076	9.210	6.794
1427787426920	37.503198	139.926975	7	0.072	0.102	9.229	6.770
1427787427021	37.503203	139.926977	7	-0.043	0.100	9.377	6.795
1427787427121	37.503207	139.926979	7	-0.083	0.088	9.472	6.820
1427787427222	37.503212	139.926981	7	-0.081	0.100	9.304	6.845
1427787427323	37.503217	139.926983	7	-0.000	0.177	9.270	6.870
1427787427424	37.503221	139.926985	7	-0.039	0.072	9.518	6.895
1427787427524	37.503226	139.926988	7	0.038	0.053	9.818	6.920
1427787427620	37.503231	139.926990	7	0.033	-0.007	9.674	6.944
1427787427721	37.503236	139.926992	7	0.039	0.119	9.315	6.970
1427787427821	37.503240	139.926994	7	-0.047	0.129	9.079	6.995
1427787427922	37.503245	139.926996	6	-0.094	0.152	9.283	7.019
1427787428023	37.503251	139.926999	6	-0.073	0.090	9.469	6.994
1427787428123	37.503257	139.927001	6	0.085	0.059	9.382	6.969
1427787428224	37.503262	139.927004	6	0.190	0.060	9.280	6.943
1427787428320	37.503268	139.927006	6	0.201	0.084	9.486	6.919
1427787428421	37.503273	139.927009	6	0.118	-0.006	9.569	6.894
1427787428521	37.503279	139.927011	6	-0.004	0.086	9.654	6.869
1427787428622	37.503285	139.927014	6	-0.021	0.074	9.316	6.844
1427787428723	37.503290	139.927016	6	-0.115	0.172	9.323	6.819
1427787428823	37.503296	139.927019	6	-0.070	0.080	9.309	6.794
1427787428924	37.503301	139.927021	6	-0.056	0.156	9.331	6.770
1427787429020	37.503306	139.927024	6	-0.013	0.049	9.233	6.770
1427787429121	37.503311	139.927027	6	-0.076	0.115	9.620	6.770
1427787429221	37.503317	139.927029	6	0.064	0.034	9.524	6.770
1427787429322	37.503322	139.927032	6	0.025	0.065	9.560	6.770
1427787429423	37.503327	139.927035	6	0.022	0.072	9.235	6.770
1427787429523	37.503332	139.927038	6	-0.112	0.140	9.450	6.770
1427787429624	37.503338	139.927041	6	-0.074	0.062	9.442	6.770
1427787429720	37.503343	139.927043	6	-0.065	0.088	9.471	6.770
1427787429821	37.503348	139.927046	6	-0.014	0.003	9.376	6.770
1427787429922	37.503353	139.927049	6	-0.029	0.098	9.430	6.770
1427787430023	37.503359	139.927053	6	0.051	0.093	9.447	6.770
1427787430123	37.503364	139.927056	6	0.050	0.029	9.571	6.770
1427787430223	37.503370	139.927060	6	0.038	0.000	9.433	6.770
1427787430324	37.503376	139.927063	6	0.083	-0.050	9.434	6.770
1427787430420	37.503381	139.927066	6	0.074	0.028	9.514	6.770
1427787430520	37.503387	139.927070	6	0.140	-0.036	9.450	6.770
1427787430621	37.503392	139.927074	6	0.159	0.013	9.570	6.770
1427787430722	37.503398	139.927077	6	0.301	-0.055	9.446	6.770
1427787430823	37.503404	139.927081	6	0.329	-0.023	9.331	6.770
1427787430923	37.503409	139.927084	6	0.336	-0.032	9.200	6.771
1427787431024	37.503415	139.927087	6	0.245	-0.018	9.406	6.796
1427787431120	37.503420	139.927089	6	0.109	-0.027	9.801	6.819
1427787431220	37.503426	139.927092	6	0.116	-0.086	9.781	6.844
1427787431321	37.503432	139.927095	6	0.071	-0.002	9.431	6.869
1427787431422	37.503438	139.927097	6	0.066	-0.058	9.279	6.894
1427787431522	37.503444	139.927100	6	0.070	0.017	9.465	6.919
1427787431623	37.503450	139.927103	6	0.098	0.046	9.413	6.945
1427787431724	37.503455	139.927106	6	0.042	0.059	9.248	6.970
1427787431820	37.503461	139.927108	6	-0.054	0.123	9.323	6.995
1427787431920	37.503467	139.927111	7	-0.055	0.028	9.498	7.020
1427787432021	37.503472	139.927115	7	-0.105	0.068	9.543	7.020
1427787432122	37.503478	139.927118	7	-0.047	-0.019	9.339	7.020
1427787432222	37.503483	139.927122	7	-0.019	0.078	9.319	7.020
1427787432323	37.503488	139.927126	7	-0.007	0.071	9.451	7.020
1427787432424	37.503494	139.927129	7	0.043	0.033	9.442	7.020
1427787432524	37.503499	139.927133	7	0.019	0.080	9.420	7.020
1427787432620	37.503504	139.927136	7	0.005	0.017	9.482	7.020
1427787432721	37.503509	139.927140	7	-0.003	0.023	9.508	7.020
1427787432822	37.503515	139.927143	7	0.032	0.020	9.388	7.020
1427787432922	37.503520	139.927147	8	0.079	-0.018	9.280	7.020
1427787433023	37.503526	139.927151	8	0.041	0.018	9.528	7.020
1427787433124	37.503531	139.927154	8	0.086	-0.005	9.545	7.020
1427787433225	37.503536	139.927158	8	0.060	0.022	9.431	7.020
1427787433320	37.503542	139.927161	8	0.047	0.029	9.321	7.020
1427787433421	37.503547	139.927165	8	-0.017	-0.005	9.481	7.020
1427787433521	37.503552	139.927168	8	-0.046	0.017	9.561	7.020
1427787433622	37.503558	139.927172	8	0.003	-0.029	9.419	7.020
1427787433723	37.503563	139.927175	8	-0.020	-0.021	9.413	7.020
1427787433824	37.503569	139.927179	8	-0.026	-0.023	9.450	7.020
1427787433924	37.503574	139.927182	14	-0.035	-0.037	9.335	7.021
1427787434020	37.503584	139.927183	14	-0.108	-0.001	9.409	7.045
1427787434121	37.503594	139.927183	14	-0.102	-0.042	9.397	7.070
1427787434221	37.503603	139.927184	14	-0.107	0.023	9.418	7.094
1427787434322	37.503613	139.927185	14	-0.106	-0.005	9.409	7.119
1427787434423	37.503623	139.927185	14	-0.035	-0.032	9.240	7.145
1427787434524	37.503633	139.927186	14	-0.030	-0.024	9.392	7.170
1427787434624	37.503643	139.927187	14	-0.025	-0.023	9.516	7.195
1427787434720	37.503653	139.927188	14	-0.097	0.028	9.600	7.219
1427787434821	37.503663	139.927188	14	-0.080	0.121	9.344	7.245
1427787434921	37.503673	139.927189	14	-0.083	0.148	9.312	7.271
1427787435022	37.503680	139.927193	14	-0.090	0.260	9.479	7.343
1427787435123	37.503686	139.927196	14	-0.069	0.273	9.505	7.416
1427787435223	37.503693	139.927200	14	-0.056	0.379	9.276	7.489
1427787435324	37.503700	139.927204	14	-0.004	0.411	9.353	7.564
1427787435420	37.503707	139.927208	14	0.098	0.450	9.597	7.636
1427787435521	37.503714	139.927211	14	0.167	0.382	9.781	7.712
1427787435621	37.503721	139.927215	14	0.244	0.379	9.677	7.788
1427787435722	37.503728	139.927219	14	0.206	0.407	9.360	7.866
1427787435823	37.503735	139.927223	14	0.156	0.415	9.276	7.944
1427787435923	37.503742	139.927227	6	0.120	0.357	9.294	8.019
1427787436024	37.503749	139.927230	6	0.163	0.345	9.282	7.994
1427787436120	37.503755	139.927232	6	0.147	0.137	9.504	7.969
1427787436220	37.503762	139.927235	6	0.141	-0.028	9.635	7.944
1427787436321	37.503768	139.927238	6	0.112	-0.078	9.555	7.919
1427787436422	37.503775	139.927241	6	0.026	-0.016	9.530	7.894
1427787436523	37.503781	139.927243	6	-0.027	0.028	9.330	7.868
1427787436623	37.503788	139.927246	6	-0.051	0.035	9.286	7.843
1427787436724	37.503794	139.927249	6	-0.106	0.040	9.297	7.818
1427787436820	37.503801	139.927251	6	-0.141	-0.025	9.473	7.795
1427787436920	37.503807	139.927254	5	-0.141	-0.020	9.537	7.770
1427787437021	37.503813	139.927257	5	-0.110	-0.038	9.398	7.718
1427787437122	37.503819	139.927259	5	-0.001	-0.037	9.464	7.666
1427787437223	37.503825	139.927262	5	0.073	-0.073	9.683	7.615
1427787437323	37.503830	139.927264	5	0.046	-0.035	9.458	7.565
1427787437424	37.503836	139.927267	5	-0.023	0.001	9.200	7.514
1427787437520	37.503842	139.927269	5	-0.089	0.032	9.250	7.466
1427787437620	37.503847	139.927272	5	-0.162	0.026	9.451	7.417
1427787437721	37.503853	139.927274	5	-0.121	0.011	9.413	7.367
1427787437822	37.503859	139.927277	5	-0.038	0.015	9.210	7.318
1427787437922	37.503864	139.927279	6	0.021	0.005	9.356	7.270
1427787438023	37.503869	139.927281	6	0.024	-0.062	9.661	7.270
1427787438124	37.503875	139.927284	6	0.005	-0.036	9.536	7.270
1427787438225	37.503880	139.927286	6	-0.064	0.004	9.342	7.270
1427787438320	37.503885	139.927289	6	-0.135	0.029	9.394	7.270
1427787438421	37.503890	139.927291	6	-0.156	0.057	9.463	7.270
1427787438522	37.503895	139.927293	6	-0.147	0.033	9.373	7.270
1427787438622	37.503901	139.927296	6	-0.147	0.025	9.389	7.270
1427787438723	37.503906	139.927298	6	-0.117	0.024	9.426	7.270
1427787438824	37.503911	139.927301	6	-0.071	-0.010	9.487	7.270
1427787438924	37.503916	139.927303	6	-0.001	-0.003	9.339	7.270
1427787439020	37.503922	139.927306	6	0.024	0.011	9.242	7.270
1427787439121	37.503929	139.927310	6	0.000	0.026	9.303	7.270
1427787439222	37.503935	139.927313	6	-0.005	0.007	9.413	7.270
1427787439322	37.503941	139.927316	6	-0.030	0.013	9.350	7.270
1427787439423	37.503948	139.927320	6	-0.022	0.008	9.403	7.270
1427787439524	37.503954	139.927323	6	0.028	0.007	9.381	7.270
1427787439624	37.503960	139.927326	6	0.072	-0.013	9.404	7.270
1427787439720	37.503966	139.927329	6	0.025	-0.027	9.108	7.270
1427787439821	37.503973	139.927333	6	-0.001	-0.178	9.161	7.270
1427787439922	37.503979	139.927336	7	0.077	-0.160	9.316	7.270
1427787440022	37.503984	139.927340	7	0.107	-0.111	9.449	7.270
1427787440123	37.503990	139.927344	7	0.087	-0.115	9.577	7.270
1427787440224	37.503995	139.927348	7	0.059	-0.082	9.539	7.270
1427787440324	37.504000	139.927352	7	0.042	0.020	9.546	7.270
1427787440420	37.504005	139.927356	7	0.066	-0.011	9.316	7.270
1427787440521	37.504011	139.927360	7	0.042	0.049	9.386	7.270
1427787440621	37.504016	139.927364	7	0.061	0.018	9.533	7.270
1427787440722	37.504022	139.927368	7	0.041	0.049	9.325	7.270
1427787440823	37.504027	139.927372	7	-0.009	0.050	9.211	7.270
1427787440924	37.504032	139.927376	8	-0.049	0.051	9.329	7.270
1427787441024	37.504038	139.927380	8	-0.041	0.018	9.444	7.270
1427787441120	37.504043	139.927384	8	-0.018	-0.010	9.417	7.270
1427787441221	37.504048	139.927388	8	0.042	-0.043	9.388	7.270
1427787441321	37.504053	139.927392	8	0.081	-0.020	9.429	7.270
1427787441422	37.504059	139.927396	8	0.135	0.016	9.166	7.270
1427787441523	37.504064	139.927400	8	0.153	0.015	9.107	7.270
1427787441623	37.504069	139.927404	8	0.172	-0.081	9.423	7.270
1427787441724	37.504075	139.927408	8	0.251	-0.198	9.942	7.270
1427787441820	37.504080	139.927412	8	0.333	-0.211	10.045	7.270
1427787441920	37.504085	139.927416	8	0.305	-0.249	9.861	7.270
1427787442021	37.504092	139.927418	8	0.271	-0.192	9.655	7.270
1427787442122	37.504099	139.927421	8	0.224	-0.105	9.410	7.270
1427787442223	37.504106	139.927423	8	0.206	0.009	9.113	7.270
1427787442323	37.504113	139.927425	8	0.192	0.026	8.965	7.270
1427787442424	37.504120	139.927428	8	0.257	0.048	9.046	7.270
1427787442520	37.504127	139.927430	8	0.291	-0.041	9.343	7.270
1427787442620	37.504134	139.927432	8	0.252	-0.098	9.589	7.270
1427787442721	37.504141	139.927434	8	0.171	-0.107	9.724	7.270
1427787442822	37.504148	139.927437	8	0.170	-0.132	9.892	7.270
1427787442923	37.504155	139.927439	9	0.131	-0.049	9.515	7.270
1427787443023	37.504160	139.927444	9	0.063	-0.052	9.411	7.270
1427787443124	37.504164	139.927448	9	0.068	-0.026	9.381	7.270
1427787443220	37.504168	139.927452	9	0.048	-0.011	9.350	7.270
1427787443320	37.504173	139.927457	9	0.003	-0.021	9.524	7.270
1427787443421	37.504178	139.927461	9	-0.000	-0.049	9.511	7.270
1427787443522	37.504182	139.927465	9	0.107	-0.048	9.329	7.270
1427787443622	37.504187	139.927470	9	0.180	-0.039	9.219	7.270
1427787443723	37.504191	139.927474	9	0.171	-0.036	9.228	7.270
1427787443824	37.504196	139.927479	9	0.145	0.008	9.496	7.270
1427787443920	37.504200	139.927483	9	0.113	-0.021	9.481	7.270
1427787444020	37.504208	139.927485	9	0.128	0.008	9.201	7.270
1427787444121	37.504216	139.927488	9	0.126	-0.040	9.229	7.270
1427787444222	37.504224	139.927490	9	0.169	-0.083	9.550	7.270
1427787444322	37.504232	139.927493	9	0.152	-0.139	9.781	7.270
1427787444423	37.504240	139.927495	9	0.184	-0.101	9.612	7.270
1427787444524	37.504248	139.927497	9	0.147	-0.104	9.373	7.270
1427787444620	37.504256	139.927500	9	0.145	-0.049	9.348	7.270
1427787444720	37.504264	139.927502	9	-0.016	-0.083	9.626	7.270
1427787444821	37.504272	139.927505	9	-0.104	-0.040	9.488	7.270
1427787444922	37.504280	139.927507	8	-0.130	0.032	9.172	7.270
1427787445022	37.504286	139.927511	8	-0.111	0.065	9.102	7.270
1427787445123	37.504291	139.927515	8	-0.193	-0.005	9.279	7.270
1427787445224	37.504297	139.927519	8	-0.160	-0.068	9.866	7.270
1427787445324	37.504303	139.927522	8	-0.179	-0.123	9.885	7.270
1427787445420	37.504308	139.927526	8	-0.174	-0.092	9.575	7.270
1427787445521	37.504314	139.927530	8	-0.080	-0.032	9.350	7.270
1427787445622	37.504319	139.927534	8	-0.043	-0.038	9.337	7.270
1427787445722	37.504325	139.927537	8	-0.078	0.070	9.214	7.270
1427787445823	37.504331	139.927541	8	-0.084	0.062	9.253	7.270
1427787445924	37.504336	139.927545	7	-0.027	0.026	9.216	7.270
1427787446024	37.504342	139.927549	7	0.044	0.004	9.416	7.270
1427787446120	37.504348	139.927552	7	0.073	-0.051	9.736	7.270
1427787446221	37.504354	139.927556	7	0.108	-0.057	9.694	7.270
1427787446322	37.504361	139.927560	7	0.072	-0.003	9.277	7.270
1427787446422	37.504367	139.927564	7	0.095	-0.027	9.311	7.270
1427787446523	37.504373	139.927567	7	0.128	-0.039	9.475	7.270
1427787446624	37.504379	139.927571	7	0.178	-0.049	9.417	7.270
1427787446724	37.504385	139.927575	7	0.194	-0.050	9.400	7.270
1427787446820	37.504391	139.927578	7	0.226	-0.041	9.412	7.270
1427787446921	37.504397	139.927582	7	0.200	-0.100	9.678	7.270
1427787447021	37.504403	139.927585	7	0.170	-0.100	9.638	7.270
1427787447122	37.504410	139.927588	7	0.257	-0.034	9.186	7.270
1427787447223	37.504416	139.927591	7	0.348	-0.059	9.248	7.270
1427787447323	37.504423	139.927594	7	0.430	-0.106	9.644	7.270
1427787447424	37.504429	139.927597	7	0.409	-0.114	9.506	7.270
1427787447520	37.504435	139.927599	7	0.428	-0.080	9.328	7.270
1427787447621	37.504442	139.927602	7	0.341	-0.014	9.023	7.270
1427787447721	37.504448	139.927605	7	0.309	-0.043	9.067	7.270
1427787447822	37.504455	139.927608	7	0.299	-0.165	9.696	7.270
1427787447923	37.504461	139.927611	7	0.382	-0.201	9.987	7.271
1427787448023	37.504468	139.927615	7	0.450	-0.192	9.698	7.295
1427787448124	37.504474	139.927619	7	0.507	-0.177	9.401	7.320
1427787448220	37.504481	139.927623	7	0.507	-0.166	9.407	7.344
1427787448321	37.504487	139.927626	7	0.505	-0.290	9.472	7.369
1427787448421	37.504494	139.927630	7	0.442	-0.428	9.369	7.394
1427787448522	37.504500	139.927634	7	0.332	-0.313	8.920	7.419
1427787448623	37.504507	139.927638	7	0.262	-0.221	9.021	7.445
1427787448723	37.504514	139.927642	7	0.206	-0.334	9.398	7.470
1427787448824	37.504521	139.927646	7	0.106	-0.453	9.812	7.496
1427787448920	37.504527	139.927650	7	0.075	-0.489	9.779	7.520
1427787449020	37.504533	139.927651	7	0.112	-0.351	9.520	7.495
1427787449121	37.504539	139.927652	7	0.095	-0.354	9.369	7.469
1427787449222	37.504545	139.927654	7	0.071	-0.355	9.319	7.444
1427787449323	37.504551	139.927655	7	0.042	-0.317	9.456	7.418
1427787449423	37.504557	139.927656	7	0.020	-0.257	9.402	7.393
1427787449524	37.504563	139.927657	7	0.146	-0.311	9.093	7.368
1427787449620	37.504569	139.927658	7	0.156	-0.358	9.416	7.344
1427787449720	37.504574	139.927660	7	0.159	-0.383	9.607	7.319
1427787449821	37.504580	139.927661	7	0.139	-0.340	9.715	7.294
1427787449922	37.504586	139.927662	7	0.119	-0.347	9.432	7.268
1427787450023	37.504591	139.927665	7	-0.024	-0.238	9.101	7.189
1427787450123	37.504596	139.927669	7	-0.087	-0.298	9.153	7.111
1427787450224	37.504601	139.927672	7	-0.205	-0.257	9.477	7.033
1427787450320	37.504605	139.927675	7	-0.180	-0.289	9.485	6.960
1427787450420	37.504610	139.927678	7	-0.121	-0.316	9.385	6.885
1427787450521	37.504615	139.927682	7	-0.092	-0.239	9.702	6.809
1427787450622	37.504620	139.927685	7	0.044	-0.226	9.760	6.735
1427787450722	37.504624	139.927688	7	-0.063	-0.138	9.542	6.662
1427787450823	37.504629	139.927691	7	-0.110	0.074	9.132	6.589
1427787450924	37.504633	139.927694	5	-0.111	0.066	9.047	6.521
1427787451020	37.504638	139.927697	5	-0.221	0.149	9.278	6.545
1427787451120	37.504642	139.927699	5	-0.130	0.100	9.452	6.569
1427787451221	37.504647	139.927702	5	0.085	-0.059	9.612	6.594
1427787451322	37.504652	139.927705	5	0.286	-0.019	9.941	6.619
1427787451422	37.504657	139.927707	5	0.545	-0.074	9.515	6.644
1427787451523	37.504662	139.927710	5	0.650	-0.047	9.269	6.670
1427787451624	37.504667	139.927713	5	0.804	0.070	9.356	6.695
1427787451724	37.504671	139.927716	5	0.867	-0.086	9.240	6.720
1427787451820	37.504676	139.927718	5	0.795	-0.042	9.298	6.745
1427787451921	37.504681	139.927721	5	0.852	-0.035	9.327	6.770
1427787452022	37.504686	139.927724	5	0.898	-0.187	9.392	6.770
1427787452122	37.504690	139.927728	5	0.847	-0.198	9.798	6.770
1427787452223	37.504695	139.927731	5	0.865	-0.259	9.773	6.770
1427787452324	37.504700	139.927734	5	0.796	-0.156	9.404	6.770
1427787452424	37.504705	139.927738	5	0.734	-0.079	9.062	6.770
1427787452520	37.504709	139.927741	5	0.660	-0.106	9.096	6.770
1427787452621	37.504714	139.927744	5	0.544	-0.112	9.876	6.770
1427787452721	37.504719	139.927747	5	0.615	-0.266	10.017	6.770
1427787452822	37.504723	139.927751	5	0.561	-0.189	9.667	6.770
1427787452923	37.504728	139.927754	5	0.567	-0.119	9.381	6.770
1427787453024	37.504734	139.927759	5	0.542	-0.168	9.271	6.770
1427787453124	37.504739	139.927763	5	0.470	-0.049	9.357	6.770
1427787453220	37.504745	139.927767	5	0.481	-0.118	9.120	6.770
1427787453321	37.504750	139.927772	5	0.440	-0.086	9.042	6.770
1427787453421	37.504756	139.927777	5	0.465	-0.078	9.411	6.770
1427787453522	37.504761	139.927781	5	0.520	-0.197	9.540	6.770
1427787453623	37.504767	139.927786	5	0.475	-0.184	9.536	6.770
1427787453724	37.504772	139.927790	5	0.547	-0.128	9.382	6.770
1427787453824	37.504778	139.927795	5	0.566	-0.205	9.269	6.770
1427787453920	37.504783	139.927799	6	0.530	-0.143	9.513	6.770
1427787454021	37.504788	139.927804	6	0.545	-0.170	9.612	6.770
1427787454121	37.504792	139.927809	6	0.537	-0.217	9.493	6.770
1427787454222	37.504797	139.927814	6	0.409	-0.096	9.446	6.770
1427787454323	37.504802	139.927819	6	0.381	-0.092	9.261	6.770
1427787454423	37.504806	139.927824	6	0.258	-0.095	9.289	6.770
1427787454524	37.504811	139.927829	6	0.167	-0.001	9.451	6.770
1427787454620	37.504815	139.927834	6	0.228	-0.109	9.540	6.770
1427787454721	37.504820	139.927839	6	0.201	-0.144	9.655	6.770
1427787454821	37.504824	139.927844	6	0.132	-0.022	9.507	6.770
1427787454922	37.504829	139.927849	6	0.122	-0.088	9.238	6.770
1427787455023	37.504834	139.927854	6	-0.018	-0.056	9.635	6.770
1427787455123	37.504838	139.927858	6	-0.040	0.001	9.627	6.770
1427787455224	37.504842	139.927863	6	-0.074	-0.084	9.250	6.770
1427787455320	37.504847	139.927867	6	-0.111	0.024	9.330	6.770
1427787455420	37.504851	139.927872	6	-0.034	-0.012	9.526	6.770
1427787455521	37.504855	139.927876	6	-0.019	-0.083	9.632	6.770
1427787455622	37.504860	139.927881	6	-0.042	0.071	9.437	6.770
1427787455723	37.504864	139.927885	6	-0.030	0.051	8.964	6.770
1427787455823	37.504869	139.927890	6	-0.041	0.019	9.155	6.770
1427787455924	37.504873	139.927894	9	-0.118	0.075	9.504	6.771
1427787456020	37.504880	139.927897	9	-0.129	-0.014	9.379	6.795
1427787456120	37.504888	139.927899	9	-0.168	-0.002	8.944	6.819
1427787456221	37.504895	139.927902	9	-0.224	0.037	9.446	6.844
1427787456322	37.504903	139.927905	9	-0.193	-0.176	10.101	6.869
1427787456422	37.504910	139.927907	9	-0.307	-0.193	10.339	6.894
1427787456523	37.504918	139.927910	9	-0.249	-0.065	9.837	6.920
1427787456624	37.504926	139.927913	9	-0.083	-0.070	9.269	6.945
1427787456720	37.504933	139.927916	9	-0.176	0.019	9.414	6.969
1427787456820	37.504940	139.927918	9	-0.302	0.226	8.953	6.995
1427787456921	37.504948	139.927921	9	-0.253	0.226	8.350	7.020
1427787457022	37.504954	139.927925	9	-0.368	0.189	8.463	7.020
1427787457122	37.504960	139.927929	9	-0.506	0.080	9.140	7.020
1427787457223	37.504965	139.927934	9	-0.457	-0.112	10.003	7.020
1427787457324	37.504971	139.927938	9	-0.234	-0.228	10.123	7.020
1427787457420	37.504976	139.927942	9	-0.074	-0.302	9.614	7.020
1427787457520	37.504982	139.927946	9	-0.034	-0.193	9.398	7.020
1427787457621	37.504988	139.927950	9	-0.064	-0.080	9.281	7.020
1427787457722	37.504994	139.927955	9	0.004	-0.073	9.088	7.020
1427787457822	37.504999	139.927959	9	0.060	-0.164	8.997	7.020
1427787457923	37.505005	139.927963	7	0.142	-0.237	9.400	7.018
1427787458024	37.505009	139.927967	7	0.196	-0.313	10.077	6.966
1427787458120	37.505013	139.927971	7	0.239	-0.358	10.247	6.917
1427787458221	37.505016	139.927975	7	0.235	-0.341	9.933	6.866
1427787458321	37.505020	139.927979	7	0.180	-0.255	9.451	6.815
1427787458421	37.505024	139.927983	7	0.065	-0.097	9.139	6.765
1427787458522	37.505028	139.927987	7	-0.004	-0.011	9.161	6.715
1427787458623	37.505031	139.927991	7	0.018	-0.031	9.353	6.665
1427787458724	37.505035	139.927995	7	0.046	-0.127	9.632	6.615
1427787458824	37.505039	139.927999	7	0.006	-0.178	9.608	6.566
1427787458920	37.505042	139.928003	7	-0.076	-0.089	9.284	6.520
1427787459021	37.505046	139.928008	7	-0.139	0.018	9.197	6.520
1427787459121	37.505051	139.928013	7	-0.130	0.047	9.493	6.520
1427787459222	37.505055	139.928018	7	-0.110	-0.009	9.621	6.520
1427787459323	37.505059	139.928022	7	-0.102	-0.038	9.398	6.520
1427787459424	37.505064	139.928027	7	-0.102	-0.049	9.166	6.520
1427787459524	37.505068	139.928032	7	-0.140	-0.045	9.362	6.520
1427787459620	37.505072	139.928037	7	-0.185	-0.025	9.666	6.520
1427787459721	37.505076	139.928041	7	-0.169	0.026	9.515	6.520
1427787459821	37.505081	139.928046	7	-0.117	0.087	9.250	6.520
1427787459922	37.505085	139.928051	9	-0.114	0.058	9.274	6.519
1427787460023	37.505093	139.928054	9	-0.089	0.018	9.534	6.494
1427787460124	37.505100	139.928057	9	-0.064	-0.018	9.441	6.468
1427787460224	37.505107	139.928059	9	-0.053	0.016	9.084	6.443
1427787460320	37.505114	139.928062	9	-0.085	0.021	9.038	6.419
1427787460421	37.505121	139.928065	9	-0.119	-0.023	9.415	6.394
1427787460521	37.505129	139.928067	9	-0.124	-0.020	9.678	6.369
1427787460622	37.505136	139.928070	9	-0.063	0.017	9.569	6.343
1427787460723	37.505143	139.928073	9	-0.009	0.042	9.437	6.318
1427787460823	37.505150	139.928075	9	0.029	0.016	9.644	6.294
1427787460924	37.505157	139.928078	9	0.097	-0.025	9.678	6.270
1427787461020	37.505162	139.928082	9	0.111	-0.055	9.353	6.270
1427787461120	37.505167	139.928085	9	0.119	-0.078	9.119	6.270
1427787461222	37.505173	139.928089	9	0.106	-0.108	9.243	6.270
1427787461322	37.505178	139.928093	9	0.073	-0.242	9.390	6.270
1427787461423	37.505183	139.928097	9	0.048	-0.475	9.408	6.270
1427787461523	37.505188	139.928100	9	0.039	-0.400	9.422	6.270
1427787461624	37.505194	139.928104	9	0.023	-0.307	9.540	6.270
1427787461720	37.505199	139.928108	9	0.051	-0.386	9.474	6.270
1427787461820	37.505204	139.928111	9	0.041	-0.413	9.453	6.270
1427787461921	37.505209	139.928115	10	0.011	-0.305	9.328	6.270
1427787462022	37.505216	139.928119	10	-0.075	-0.260	9.189	6.270
1427787462123	37.505224	139.928122	10	-0.118	-0.351	9.312	6.270
1427787462223	37.505231	139.928126	10	-0.046	-0.402	9.529	6.270
1427787462324	37.505238	139.928130	10	0.161	-0.372	9.315	6.270
1427787462420	37.505245	139.928133	10	0.394	-0.345	8.989	6.270
1427787462520	37.505252	139.928137	10	0.584	-0.326	9.200	6.270
1427787462621	37.505259	139.928140	10	0.723	-0.367	9.676	6.270
1427787462722	37.505267	139.928144	10	0.781	-0.443	9.941	6.270
1427787462822	37.505274	139.928147	10	0.810	-0.505	9.851	6.270
1427787462923	37.505281	139.928151	10	0.896	-0.455	9.364	6.269
1427787463024	37.505285	139.928155	10	1.009	-0.403	9.086	6.244
1427787463120	37.505290	139.928159	10	1.121	-0.378	9.369	6.219
1427787463220	37.505294	139.928163	10	1.238	-0.303	9.539	6.194
1427787463321	37.505298	139.928167	10	1.271	-0.334	9.420	6.169
1427787463422	37.505302	139.928171	10	1.282	-0.333	9.365	6.143
1427787463522	37.505306	139.928175	10	1.298	-0.389	9.509	6.118
1427787463623	37.505311	139.928179	10	1.272	-0.468	9.356	6.093
1427787463724	37.505315	139.928183	10	1.234	-0.392	9.224	6.068
1427787463820	37.505319	139.928187	10	1.163	-0.364	9.327	6.045
1427787463920	37.505323	139.928191	8	1.111	-0.409	9.593	6.020
1427787464021	37.505326	139.928198	8	1.035	-0.473	9.741	6.020
1427787464122	37.505329	139.928205	8	1.083	-0.536	9.587	6.020
1427787464222	37.505332	139.928212	8	1.119	-0.485	9.197	6.020
1427787464323	37.505335	139.928218	8	1.202	-0.420	9.049	6.020
1427787464425	37.505338	139.928225	8	1.251	-0.391	9.176	6.020
1427787464524	37.505341	139.928232	8	1.229	-0.417	9.431	6.020
1427787464620	37.505344	139.928239	8	1.151	-0.464	9.531	6.020
1427787464721	37.505347	139.928245	8	1.100	-0.532	9.307	6.020
1427787464821	37.505350	139.928252	8	1.107	-0.560	9.292	6.020
1427787464922	37.505353	139.928259	8	1.116	-0.584	9.374	6.019
1427787465023	37.505356	139.928266	8	1.129	-0.613	9.669	5.994
1427787465124	37.505360	139.928274	8	1.170	-0.629	9.839	5.968
1427787465224	37.505363	139.928281	8	1.173	-0.574	9.533	5.943
1427787465320	37.505366	139.928288	8	1.103	-0.503	9.128	5.919
1427787465421	37.505369	139.928295	8	0.946	-0.499	9.055	5.893
1427787465521	37.505372	139.928302	8	0.746	-0.511	9.364	5.868
1427787465622	37.505376	139.928309	8	0.481	-0.462	9.629	5.843
1427787465723	37.505379	139.928316	8	0.164	-0.339	9.447	5.818
1427787465824	37.505382	139.928323	8	0.080	-0.218	9.315	5.794
1427787465924	37.505385	139.928330	8	0.036	-0.177	9.503	5.771
1427787466020	37.505389	139.928333	8	-0.059	-0.199	9.681	5.795
1427787466121	37.505392	139.928336	8	-0.106	-0.203	9.804	5.819
1427787466221	37.505396	139.928339	8	-0.125	-0.190	9.597	5.844
1427787466322	37.505400	139.928342	8	-0.096	-0.158	9.241	5.869
1427787466423	37.505403	139.928344	8	-0.110	-0.157	9.182	5.894
1427787466523	37.505407	139.928347	8	-0.191	-0.159	9.308	5.919
1427787466624	37.505411	139.928350	8	-0.204	-0.128	9.227	5.945
1427787466720	37.505414	139.928353	8	-0.155	-0.112	9.147	5.969
1427787466821	37.505418	139.928356	8	-0.101	-0.096	9.128	5.995
1427787466921	37.505422	139.928359	8	-0.077	-0.107	9.398	6.020
1427787467022	37.505425	139.928366	8	-0.026	-0.129	9.626	6.045
1427787467123	37.505428	139.928373	8	0.017	-0.106	9.562	6.070
1427787467223	37.505431	139.928379	8	0.021	-0.069	9.399	6.095
1427787467324	37.505434	139.928386	8	0.011	-0.049	9.469	6.120
1427787467420	37.505437	139.928393	8	-0.007	-0.038	9.526	6.144
1427787467520	37.505440	139.928399	8	0.000	-0.025	9.494	6.169
1427787467621	37.505443	139.928406	8	0.037	-0.027	9.412	6.194
1427787467722	37.505446	139.928413	8	0.071	-0.037	9.413	6.220
1427787467823	37.505449	139.928420	8	0.101	-0.063	9.455	6.245
1427787467923	37.505452	139.928427	6	0.059	-0.059	9.520	6.270
1427787468024	37.505453	139.928434	6	0.029	-0.083	9.627	6.270
1427787468120	37.505453	139.928441	6	0.036	-0.084	9.661	6.270
1427787468220	37.505454	139.928447	6	0.054	-0.087	9.572	6.270
1427787468321	37.505454	139.928454	6	0.022	-0.085	9.604	6.270
1427787468422	37.505455	139.928461	6	-0.019	-0.063	9.591	6.270
1427787468523	37.505456	139.928468	6	-0.036	-0.064	9.546	6.270
1427787468623	37.505456	139.928475	6	-0.029	-0.064	9.494	6.270
1427787468724	37.505457	139.928482	6	-0.054	-0.076	9.496	6.270
1427787468820	37.505457	139.928488	6	-0.040	-0.079	9.403	6.270
1427787468920	37.505458	139.928495	6	0.002	-0.076	9.291	6.270
1427787469021	37.505460	139.928501	6	-0.013	-0.099	9.334	6.270
1427787469122	37.505461	139.928508	6	-0.040	-0.148	9.404	6.270
1427787469222	37.505463	139.928514	6	-0.065	-0.157	9.448	6.270
1427787469323	37.505464	139.928520	6	-0.069	-0.150	9.443	6.270
1427787469424	37.505466	139.928527	6	-0.068	-0.180	9.518	6.270
1427787469525	37.505468	139.928533	6	-0.054	-0.206	9.632	6.270
1427787469620	37.505469	139.928539	6	-0.049	-0.190	9.497	6.270
1427787469721	37.505471	139.928545	6	-0.019	-0.186	9.488	6.270
1427787469822	37.505472	139.928552	6	0.013	-0.202	9.673	6.270
1427787469922	37.505474	139.928558	8	-0.003	-0.206	9.614	6.269
1427787470023	37.505477	139.928563	8	-0.036	-0.132	9.338	6.244
1427787470124	37.505479	139.928568	8	-0.002	-0.103	9.342	6.218
1427787470225	37.505482	139.928573	8	-0.000	-0.121	9.465	6.193
1427787470320	37.505484	139.928578	8	0.018	-0.143	9.550	6.169
1427787470421	37.505487	139.928583	8	0.035	-0.162	9.668	6.143
1427787470522	37.505489	139.928588	8	0.051	-0.139	9.547	6.118
1427787470622	37.505492	139.928593	8	0.051	-0.090	9.227	6.093
1427787470723	37.505494	139.928598	8	0.025	-0.160	9.614	6.068
1427787470824	37.505497	139.928603	8	-0.038	-0.180	9.651	6.044
1427787470924	37.505499	139.928608	8	0.002	-0.185	9.620	6.020
1427787471020	37.505501	139.928614	8	0.016	-0.190	9.616	6.020
1427787471121	37.505502	139.928620	8	0.007	-0.173	9.515	6.020
1427787471221	37.505504	139.928626	8	-0.032	-0.184	9.430	6.020
1427787471322	37.505506	139.928632	8	-0.132	-0.128	9.457	6.020
1427787471423	37.505508	139.928638	8	-0.162	-0.201	9.599	6.020
1427787471524	37.505509	139.928644	8	-0.165	-0.162	9.683	6.020
1427787471624	37.505511	139.928650	8	-0.150	-0.149	9.441	6.020
1427787471720	37.505513	139.928656	8	-0.078	-0.191	9.556	6.020
1427787471821	37.505514	139.928662	8	-0.096	-0.208	9.628	6.020
1427787471921	37.505516	139.928668	9	-0.123	-0.214	9.452	6.020
1427787472022	37.505514	139.928676	9	-0.194	-0.250	9.561	6.020
1427787472123	37.505513	139.928684	9	-0.220	-0.276	9.552	6.020
1427787472224	37.505511	139.928691	9	-0.174	-0.263	9.339	6.020
1427787472324	37.505510	139.928699	9	-0.111	-0.270	9.357	6.020
1427787472420	37.505508	139.928707	9	0.116	-0.253	9.305	6.020
1427787472521	37.505507	139.928714	9	0.228	-0.167	9.049	6.020
1427787472621	37.505505	139.928722	9	0.289	-0.126	9.016	6.020
1427787472722	37.505504	139.928730	9	0.234	-0.117	9.238	6.020
1427787472823	37.505502	139.928738	9	0.105	-0.144	9.409	6.020
1427787472923	37.505501	139.928745	9	0.009	-0.176	9.343	6.020
1427787473024	37.505502	139.928752	9	-0.101	-0.274	9.193	6.020
1427787473120	37.505502	139.928758	9	-0.180	-0.234	9.240	6.020
1427787473221	37.505503	139.928764	9	-0.191	-0.239	9.496	6.020
1427787473321	37.505503	139.928771	9	-0.167	-0.164	9.465	6.020
1427787473422	37.505504	139.928777	9	-0.092	-0.154	9.451	6.020
1427787473523	37.505504	139.928784	9	-0.041	-0.172	9.597	6.020
1427787473623	37.505505	139.928790	9	-0.050	-0.279	9.710	6.020
1427787473724	37.505505	139.928796	9	-0.093	-0.309	9.596	6.020
1427787473820	37.505505	139.928803	9	-0.105	-0.289	9.335	6.020
1427787473920	37.505506	139.928809	6	-0.085	-0.215	9.236	6.020
1427787474021	37.505507	139.928816	6	-0.156	-0.193	9.445	6.045
1427787474122	37.505508	139.928824	6	-0.212	-0.150	9.749	6.070
1427787474223	37.505508	139.928831	6	-0.251	-0.123	9.631	6.095
1427787474323	37.505509	139.928838	6	-0.236	-0.091	9.339	6.120
1427787474424	37.505510	139.928845	6	-0.241	-0.074	9.291	6.145
1427787474520	37.505511	139.928852	6	-0.293	-0.097	9.427	6.169
1427787474620	37.505512	139.928860	6	-0.300	-0.160	9.473	6.194
1427787474721	37.505512	139.928867	6	-0.297	-0.188	9.329	6.219
1427787474822	37.505513	139.928875	6	-0.287	-0.165	9.115	6.245
1427787474923	37.505514	139.928882	5	-0.251	-0.145	9.196	6.269
1427787475023	37.505516	139.928889	5	-0.213	-0.123	9.456	6.244
1427787475124	37.505519	139.928895	5	-0.164	-0.109	9.536	6.218
1427787475220	37.505521	139.928901	5	-0.165	-0.091	9.533	6.194
1427787475320	37.505523	139.928908	5	-0.208	-0.026	9.487	6.169
1427787475421	37.505525	139.928914	5	-0.230	0.016	9.371	6.143
1427787475522	37.505527	139.928921	5	-0.238	0.028	9.513	6.118
1427787475622	37.505530	139.928927	5	-0.164	0.115	9.881	6.093
1427787475723	37.505532	139.928934	5	-0.092	0.162	9.752	6.068
1427787475824	37.505534	139.928940	5	-0.062	0.207	9.487	6.044
1427787475920	37.505536	139.928946	6	-0.011	0.265	9.314	6.020
1427787476020	37.505539	139.928954	6	0.011	0.228	9.262	6.091
1427787476121	37.505542	139.928962	6	-0.064	0.122	9.467	6.164
1427787476222	37.505544	139.928969	6	-0.132	0.094	9.563	6.237
1427787476322	37.505547	139.928977	6	-0.174	0.163	9.342	6.311
1427787476423	37.505550	139.928986	6	-0.191	0.238	9.268	6.386
1427787476524	37.505553	139.928994	6	-0.153	0.197	9.349	6.462
1427787476624	37.505556	139.929002	6	-0.114	0.048	9.282	6.539
1427787476720	37.505559	139.929010	6	-0.093	-0.022	9.439	6.613
1427787476821	37.505562	139.929019	6	-0.083	-0.033	9.501	6.692
1427787476922	37.505565	139.929027	6	-0.040	-0.125	9.422	6.769
1427787477022	37.505568	139.929035	6	-0.026	-0.257	9.595	6.744
1427787477123	37.505570	139.929043	6	-0.023	-0.309	9.704	6.718
1427787477224	37.505573	139.929050	6	-0.146	-0.289	9.627	6.693
1427787477324	37.505576	139.929058	6	-0.237	-0.274	9.648	6.668
1427787477420	37.505578	139.929065	6	-0.226	-0.232	9.556	6.644
1427787477521	37.505581	139.929073	6	-0.210	-0.269	9.430	6.619
1427787477622	37.505583	139.929081	6	-0.209	-0.224	9.233	6.594
1427787477722	37.505586	139.929088	6	-0.155	-0.164	9.294	6.569
1427787477823	37.505589	139.929096	6	-0.054	-0.197	9.473	6.544
1427787477924	37.505591	139.929103	7	-0.098	-0.256	9.448	6.520
1427787478024	37.505595	139.929108	7	-0.211	-0.274	9.354	6.520
1427787478120	37.505599	139.929112	7	-0.302	-0.229	9.451	6.520
1427787478221	37.505603	139.929117	7	-0.270	-0.215	9.504	6.520
1427787478321	37.505607	139.929121	7	-0.209	-0.220	9.553	6.520
1427787478422	37.505612	139.929126	7	-0.152	-0.263	9.473	6.520
1427787478523	37.505616	139.929130	7	-0.200	-0.282	9.470	6.520
1427787478624	37.505620	139.929135	7	-0.206	-0.270	9.527	6.520
1427787478724	37.505624	139.929139	7	-0.201	-0.203	9.433	6.520
1427787478820	37.505628	139.929144	7	-0.086	-0.124	9.152	6.520
1427787478921	37.505632	139.929148	7	-0.138	-0.152	9.396	6.520
1427787479021	37.505634	139.929155	7	-0.186	-0.197	9.660	6.494
1427787479122	37.505637	139.929162	7	-0.210	-0.240	9.533	6.469
1427787479223	37.505639	139.929170	7	-0.192	-0.217	9.190	6.443
1427787479323	37.505642	139.929177	7	-0.226	-0.220	9.137	6.418
1427787479424	37.505644	139.929184	7	-0.169	-0.191	9.171	6.393
1427787479520	37.505647	139.929190	7	-0.297	-0.263	9.688	6.369
1427787479621	37.505649	139.929197	7	-0.409	-0.253	9.948	6.344
1427787479721	37.505651	139.929204	7	-0.403	-0.165	9.552	6.319
1427787479822	37.505654	139.929211	7	-0.383	-0.096	9.262	6.294
1427787479923	37.505656	139.929218	5	-0.297	-0.072	9.379	6.270
1427787480023	37.505657	139.929224	5	-0.200	-0.072	9.529	6.270
1427787480124	37.505659	139.929229	5	-0.134	-0.109	9.613	6.270
1427787480220	37.505660	139.929235	5	-0.139	-0.091	9.548	6.270
1427787480321	37.505661	139.929240	5	-0.160	-0.066	9.393	6.270
1427787480421	37.505663	139.929246	5	-0.335	-0.060	9.413	6.270
1427787480522	37.505664	139.929252	5	-0.512	-0.047	9.545	6.270
1427787480623	37.505665	139.929257	5	-0.596	-0.075	9.622	6.270
1427787480723	37.505666	139.929263	5	-0.511	-0.062	9.521	6.270
1427787480824	37.505668	139.929269	5	-0.483	-0.063	9.507	6.270
1427787480920	37.505669	139.929274	5	-0.460	-0.055	9.487	6.270
1427787481020	37.505671	139.929281	5	-0.445	-0.071	9.593	6.245
1427787481121	37.505673	139.929288	5	-0.430	-0.066	9.671	6.219
1427787481222	37.505675	139.929295	5	-0.452	-0.040	9.552	6.193
1427787481322	37.505676	139.929302	5	-0.497	-0.021	9.512	6.168
1427787481423	37.505678	139.929309	5	-0.511	-0.043	9.556	6.143
1427787481524	37.505680	139.929315	5	-0.513	-0.051	9.583	6.118
1427787481620	37.505682	139.929322	5	-0.511	-0.042	9.544	6.094
1427787481720	37.505683	139.929329	5	-0.532	-0.044	9.491	6.069
1427787481821	37.505685	139.929335	5	-0.535	-0.048	9.404	6.044
1427787481922	37.505687	139.929342	5	-0.523	-0.051	9.283	6.019
1427787482022	37.505690	139.929347	5	-0.524	-0.062	9.298	5.967
1427787482123	37.505693	139.929352	5	-0.503	-0.080	9.358	5.915
1427787482224	37.505696	139.929358	5	-0.445	-0.083	9.477	5.863
1427787482320	37.505698	139.929363	5	-0.439	-0.075	9.638	5.815
1427787482420	37.505701	139.929368	5	-0.414	-0.011	9.405	5.765
1427787482521	37.505704	139.929373	5	-0.405	0.063	9.306	5.714
1427787482622	37.505707	139.929378	5	-0.435	0.157	9.401	5.664
1427787482722	37.505710	139.929382	5	-0.431	0.173	9.404	5.616
1427787482823	37.505712	139.929387	5	-0.418	0.176	9.417	5.567
1427787482924	37.505715	139.929392	6	-0.427	0.166	9.516	5.523
1427787483024	37.505716	139.929398	6	-0.457	0.113	9.403	5.594
1427787483120	37.505717	139.929404	6	-0.445	0.039	9.350	5.662
1427787483221	37.505718	139.929410	6	-0.408	-0.020	9.355	5.736
1427787483322	37.505720	139.929416	6	-0.245	-0.023	9.293	5.810
1427787483422	37.505721	139.929422	6	-0.143	-0.004	9.337	5.885
1427787483523	37.505722	139.929428	6	-0.127	-0.074	9.424	5.961
1427787483624	37.505723	139.929434	6	-0.129	-0.191	9.348	6.038
1427787483724	37.505725	139.929440	6	-0.090	-0.225	9.384	6.115
1427787483820	37.505726	139.929447	6	-0.063	-0.230	9.490	6.191
1427787483921	37.505727	139.929453	6	-0.085	-0.205	9.468	6.269
1427787484021	37.505728	139.929459	6	-0.046	-0.137	9.357	6.218
1427787484122	37.505729	139.929466	6	-0.099	-0.143	9.459	6.166
1427787484223	37.505730	139.929472	6	-0.114	-0.198	9.555	6.114
1427787484324	37.505732	139.929478	6	-0.095	-0.195	9.689	6.063
1427787484424	37.505733	139.929484	6	-0.097	-0.077	9.529	6.013
1427787484520	37.505734	139.929490	6	-0.129	0.017	9.455	5.965
1427787484621	37.505735	139.929496	6	-0.102	0.159	9.438	5.915
1427787484721	37.505736	139.929501	6	-0.081	0.074	9.386	5.866
1427787484822	37.505737	139.929507	6	-0.041	0.058	9.376	5.817
1427787484923	37.505738	139.929513	5	-0.021	0.151	9.299	5.771
1427787485024	37.505741	139.929519	5	-0.102	0.158	9.257	5.796
1427787485124	37.505743	139.929525	5	-0.130	0.038	9.421	5.820
1427787485220	37.505746	139.929531	5	-0.111	-0.016	9.536	5.844
1427787485321	37.505748	139.929538	5	-0.058	0.057	9.372	5.869
1427787485421	37.505751	139.929544	5	-0.058	0.131	9.241	5.894
1427787485522	37.505754	139.929550	5	-0.091	0.041	9.257	5.919
1427787485623	37.505756	139.929556	5	-0.107	-0.051	9.548	5.945
1427787485723	37.505759	139.929563	5	-0.145	-0.082	9.771	5.970
1427787485824	37.505761	139.929569	5	-0.245	-0.118	9.437	5.996
1427787485920	37.505764	139.929575	5	-0.221	-0.120	9.136	6.020
1427787486021	37.505766	139.929580	5	-0.086	-0.087	9.285	5.968
1427787486121	37.505768	139.929585	5	-0.085	-0.132	9.726	5.916
1427787486222	37.505769	139.929590	5	-0.079	-0.246	9.871	5.864
1427787486323	37.505771	139.929595	5	-0.069	-0.195	9.595	5.813
1427787486423	37.505773	139.929600	5	-0.095	-0.082	9.285	5.763
1427787486524	37.505774	139.929604	5	-0.148	-0.048	9.195	5.713
1427787486620	37.505776	139.929609	5	-0.209	-0.060	9.309	5.665
1427787486720	37.505778	139.929614	5	-0.220	-0.029	9.533	5.617
1427787486821	37.505779	139.929618	5	-0.257	-0.012	9.445	5.568
1427787486922	37.505781	139.929623	5	-0.219	-0.014	9.171	5.520
1427787487023	37.505783	139.929630	5	-0.179	-0.010	9.317	5.520
1427787487123	37.505785	139.929636	5	-0.206	-0.072	9.651	5.520
1427787487224	37.505786	139.929643	5	-0.176	-0.089	9.678	5.520
1427787487320	37.505788	139.929649	5	-0.177	-0.020	9.473	5.520
1427787487420	37.505790	139.929655	5	-0.227	-0.013	9.384	5.520
1427787487521	37.505792	139.929662	5	-0.214	0.019	9.323	5.520
1427787487622	37.505794	139.929669	5	-0.264	0.022	9.389	5.520
1427787487723	37.505795	139.929675	5	-0.251	-0.009	9.451	5.520
1427787487823	37.505797	139.929682	5	-0.184	0.000	9.396	5.520
1427787487924	37.505799	139.929688	5	-0.126	-0.083	9.384	5.520
1427787488020	37.505801	139.929695	5	-0.122	-0.159	9.563	5.520
1427787488120	37.505803	139.929701	5	-0.189	-0.167	9.589	5.520
1427787488221	37.505805	139.929708	5	-0.228	-0.137	9.452	5.520
1427787488322	37.505807	139.929714	5	-0.243	-0.123	9.250	5.520
1427787488422	37.505809	139.929721	5	-0.185	-0.110	9.285	5.520
1427787488523	37.505811	139.929727	5	-0.139	-0.087	9.364	5.520
1427787488624	37.505813	139.929734	5	-0.121	-0.112	9.478	5.520
1427787488720	37.505815	139.929740	5	-0.113	-0.136	9.447	5.520
1427787488820	37.505817	139.929746	5	-0.099	-0.151	9.503	5.520
1427787488921	37.505819	139.929753	5	-0.115	-0.137	9.471	5.520
1427787489022	37.505821	139.929759	5	-0.161	-0.119	9.430	5.520
1427787489122	37.505823	139.929765	5	-0.152	-0.125	9.426	5.520
1427787489223	37.505825	139.929770	5	-0.104	-0.124	9.470	5.520
1427787489324	37.505827	139.929776	5	-0.075	-0.133	9.426	5.520
1427787489425	37.505830	139.929782	5	-0.112	-0.119	9.424	5.520
1427787489520	37.505832	139.929787	5	-0.136	-0.083	9.355	5.520
1427787489622	37.505834	139.929793	5	-0.213	-0.082	9.421	5.520
1427787489722	37.505836	139.929799	5	-0.239	-0.071	9.506	5.520
1427787489822	37.505838	139.929804	5	-0.209	-0.100	9.449	5.520
1427787489923	37.505840	139.929810	5	-0.189	-0.073	9.403	5.520
1427787490024	37.505842	139.929816	5	-0.245	-0.077	9.498	5.520
1427787490124	37.505843	139.929822	5	-0.346	-0.094	9.506	5.520
1427787490220	37.505845	139.929828	5	-0.430	-0.057	9.421	5.520
1427787490321	37.505846	139.929834	5	-0.478	-0.034	9.393	5.520
1427787490421	37.505848	139.929840	5	-0.519	-0.010	9.313	5.520
1427787490522	37.505849	139.929846	5	-0.547	-0.036	9.403	5.520
1427787490623	37.505851	139.929851	5	-0.600	0.021	9.273	5.520
1427787490724	37.505852	139.929857	5	-0.641	0.107	8.848	5.520
1427787490824	37.505854	139.929863	5	-0.699	0.052	9.186	5.520
1427787490920	37.505855	139.929869	5	-0.828	0.007	9.702	5.520
1427787491021	37.505857	139.929875	5	-1.039	-0.076	9.919	5.494
1427787491121	37.505859	139.929881	5	-1.150	-0.017	9.281	5.469
1427787491222	37.505861	139.929887	5	-1.316	0.011	9.413	5.443
1427787491323	37.505864	139.929894	5	-1.399	0.023	9.427	5.418
1427787491424	37.505866	139.929900	5	-1.587	0.026	9.449	5.393
1427787491524	37.505868	139.929906	5	-1.688	0.053	9.448	5.368
1427787491620	37.505870	139.929911	5	-1.780	0.095	9.471	5.344
1427787491721	37.505872	139.929917	5	-1.976	0.145	9.242	5.319
1427787491821	37.505874	139.929923	5	-2.080	0.177	9.021	5.294
1427787491922	37.505876	139.929929	6	-2.066	0.218	9.297	5.269
1427787492023	37.505879	139.929934	6	-2.035	0.100	9.557	5.244
1427787492124	37.505883	139.929939	6	-1.931	0.044	9.711	5.218
1427787492224	37.505886	139.929944	6	-1.957	0.128	9.373	5.193
1427787492320	37.505889	139.929949	6	-1.987	0.112	9.025	5.169
1427787492421	37.505893	139.929954	6	-1.912	-0.007	9.356	5.143
1427787492521	37.505896	139.929959	6	-1.838	0.023	9.703	5.118
1427787492622	37.505899	139.929964	6	-1.912	0.111	9.368	5.093
1427787492723	37.505903	139.929969	6	-2.099	0.166	8.883	5.068
1427787492823	37.505906	139.929973	6	-2.157	0.074	9.414	5.044
1427787492924	37.505909	139.929978	6	-2.047	-0.020	9.432	5.019
1427787493020	37.505912	139.929981	6	-2.048	0.051	9.378	4.995
1427787493121	37.505915	139.929984	6	-2.000	0.132	9.149	4.971
1427787493221	37.505918	139.929987	6	-1.841	0.135	9.458	4.947
1427787493322	37.505921	139.929989	6	-1.611	0.228	9.609	4.922
1427787493423	37.505924	139.929992	6	-1.583	0.280	9.451	4.898
1427787493523	37.505927	139.929995	6	-1.768	0.313	9.419	4.874
1427787493624	37.505930	139.929998	6	-1.848	0.458	9.171	4.850
1427787493720	37.505932	139.930001	6	-1.849	0.571	8.743	4.827
1427787493820	37.505935	139.930003	6	-1.952	0.478	8.872	4.803
1427787493921	37.505938	139.930006	7	-2.011	0.401	9.376	4.780
1427787494022	37.505942	139.930007	7	-1.786	0.428	9.391	4.780
1427787494122	37.505947	139.930009	7	-1.432	0.473	9.176	4.780
1427787494223	37.505951	139.930010	7	-1.329	0.483	9.180	4.780
1427787494324	37.505956	139.930012	7	-1.438	0.351	9.707	4.780
1427787494420	37.505960	139.930013	7	-1.443	0.332	9.998	4.780
1427787494520	37.505964	139.930014	7	-1.407	0.266	9.823	4.780
1427787494621	37.505969	139.930016	7	-1.266	0.311	9.671	4.780
1427787494722	37.505973	139.930017	7	-1.061	0.467	9.342	4.780
1427787494822	37.505978	139.930019	7	-0.768	0.490	8.969	4.780
1427787494923	37.505982	139.930020	7	-0.572	0.538	9.305	4.781
1427787495024	37.505986	139.930021	7	-0.631	0.477	9.405	4.829
1427787495120	37.505990	139.930022	7	-0.605	0.501	9.154	4.874
1427787495220	37.505995	139.930023	7	-0.591	0.650	8.972	4.922
1427787495321	37.505999	139.930024	7	-0.402	0.540	9.319	4.971
1427787495422	37.506004	139.930025	7	-0.339	0.438	9.541	5.020
1427787495522	37.506008	139.930026	7	-0.337	0.360	9.767	5.069
1427787495623	37.506012	139.930028	7	-0.211	0.439	9.713	5.119
1427787495724	37.506017	139.930029	7	-0.269	0.438	9.325	5.170
1427787495824	37.506022	139.930030	7	-0.301	0.444	8.963	5.221
1427787495920	37.506026	139.930031	8	-0.456	0.418	9.184	5.270
1427787496021	37.506033	139.930030	8	-0.524	0.479	9.537	5.363
1427787496122	37.506040	139.930029	8	-0.399	0.543	9.659	5.458
1427787496222	37.506047	139.930028	8	-0.238	0.673	9.560	5.554
1427787496323	37.506054	139.930028	8	-0.157	0.701	9.663	5.652
1427787496424	37.506061	139.930027	8	-0.063	0.694	9.692	5.752
1427787496524	37.506069	139.930026	8	-0.001	0.711	9.691	5.853
1427787496620	37.506076	139.930025	8	0.074	0.755	9.633	5.952
1427787496721	37.506083	139.930024	8	0.202	0.781	9.458	6.057
1427787496822	37.506091	139.930023	8	0.356	0.710	9.543	6.164
1427787496922	37.506099	139.930022	8	0.485	0.525	9.488	6.270
1427787497023	37.506105	139.930023	8	0.435	0.458	9.388	6.295
1427787497124	37.506111	139.930025	8	0.337	0.473	9.482	6.320
1427787497224	37.506118	139.930026	8	0.316	0.570	9.436	6.345
1427787497320	37.506124	139.930028	8	0.418	0.428	9.325	6.369
1427787497421	37.506130	139.930029	8	0.368	0.361	9.272	6.394
1427787497521	37.506136	139.930030	8	0.313	0.378	9.510	6.419
1427787497622	37.506142	139.930032	8	0.421	0.207	9.311	6.444
1427787497723	37.506149	139.930033	8	0.394	0.108	9.450	6.470
1427787497824	37.506155	139.930035	8	0.318	0.111	9.631	6.496
1427787497924	37.506161	139.930036	5	0.393	0.012	9.311	6.520
1427787498020	37.506167	139.930037	5	0.334	-0.053	9.334	6.520
1427787498121	37.506173	139.930038	5	0.316	-0.054	9.506	6.520
1427787498221	37.506179	139.930039	5	0.336	-0.165	9.596	6.520
1427787498322	37.506186	139.930040	5	0.213	-0.120	9.662	6.520
1427787498423	37.506192	139.930041	5	0.153	-0.061	9.525	6.520
1427787498523	37.506198	139.930042	5	0.190	-0.095	9.326	6.520
1427787498624	37.506204	139.930043	5	0.133	-0.072	9.377	6.520
1427787498720	37.506210	139.930044	5	0.117	-0.025	9.567	6.520
1427787498821	37.506216	139.930045	5	0.180	-0.084	9.546	6.520
1427787498921	37.506222	139.930046	5	0.076	-0.120	9.403	6.520
1427787499022	37.506228	139.930048	5	0.024	-0.004	9.393	6.520
1427787499123	37.506233	139.930049	5	-0.049	0.095	9.335	6.520
1427787499223	37.506239	139.930051	5	-0.144	0.077	9.023	6.520
1427787499324	37.506244	139.930052	5	-0.156	0.019	9.180	6.520
1427787499420	37.506250	139.930054	5	-0.171	0.062	9.577	6.520
1427787499521	37.506255	139.930056	5	-0.054	0.018	9.716	6.520
1427787499621	37.506261	139.930057	5	0.064	-0.016	9.468	6.520
1427787499722	37.506266	139.930059	5	0.080	-0.089	9.172	6.520
1427787499823	37.506272	139.930060	5	0.071	-0.006	9.170	6.520
1427787499923	37.506277	139.930062	6	-0.010	-0.034	9.639	6.519
1427787500024	37.506282	139.930063	6	-0.031	-0.011	9.751	6.494
1427787500120	37.506287	139.930063	6	-0.016	-0.032	9.456	6.469
1427787500220	37.506292	139.930064	6	0.039	-0.138	9.527	6.444
1427787500321	37.506296	139.930064	6	0.072	-0.141	9.495	6.419
1427787500422	37.506301	139.930065	6	0.037	0.039	8.778	6.393
1427787500523	37.506306	139.930066	6	-0.065	0.078	9.173	6.368
1427787500623	37.506311	139.930066	6	-0.061	0.114	9.714	6.343
1427787500724	37.506316	139.930067	6	-0.053	-0.200	10.023	6.318
1427787500820	37.506320	139.930067	6	-0.055	-0.225	9.770	6.295
1427787500920	37.506325	139.930068	6	-0.032	-0.100	9.429	6.270
1427787501021	37.506330	139.930069	6	0.002	-0.096	9.150	6.270
1427787501122	37.506336	139.930070	6	-0.033	-0.089	9.387	6.270
1427787501222	37.506341	139.930071	6	-0.087	-0.155	9.937	6.270
1427787501323	37.506346	139.930072	6	-0.069	-0.152	9.590	6.270
1427787501424	37.506352	139.930074	6	-0.099	0.135	8.095	6.270
1427787501520	37.506357	139.930075	6	-0.096	0.198	7.848	6.270
1427787501620	37.506362	139.930076	6	-0.082	-0.048	9.295	6.270
1427787501721	37.506367	139.930077	6	-0.007	-0.257	10.729	6.270
1427787501822	37.506373	139.930078	6	-0.014	-0.292	10.784	6.270
1427787501922	37.506378	139.930079	8	-0.037	-0.207	9.786	6.270
1427787502023	37.506383	139.930081	8	-0.040	-0.000	8.934	6.270
1427787502124	37.506388	139.930084	8	-0.090	0.036	9.150	6.270
1427787502225	37.506393	139.930086	8	-0.097	0.073	9.739	6.270
1427787502320	37.506398	139.930088	8	-0.094	0.085	9.651	6.270
1427787502421	37.506403	139.930091	8	0.013	0.179	8.955	6.270
1427787502522	37.506408	139.930093	8	0.096	0.125	8.846	6.270
1427787502622	37.506412	139.930095	8	0.140	-0.006	9.399	6.270
1427787502723	37.506417	139.930097	8	0.130	-0.144	9.983	6.270
1427787502824	37.506422	139.930100	8	0.052	-0.112	9.921	6.270
1427787502924	37.506427	139.930102	8	0.009	-0.046	9.319	6.270
1427787503020	37.506433	139.930104	8	0.033	0.018	8.910	6.270
1427787503121	37.506438	139.930105	8	0.082	0.026	8.993	6.270
1427787503221	37.506444	139.930107	8	0.095	-0.035	9.342	6.270
1427787503322	37.506450	139.930108	8	0.059	-0.013	9.314	6.270
1427787503423	37.506455	139.930110	8	0.054	0.053	9.264	6.270
1427787503524	37.506461	139.930112	8	0.047	0.073	9.370	6.270
1427787503624	37.506466	139.930113	8	0.080	0.062	9.626	6.270
1427787503720	37.506472	139.930115	8	0.039	0.047	9.877	6.270
1427787503821	37.506477	139.930116	8	-0.013	0.030	9.745	6.270
1427787503921	37.506483	139.930118	8	-0.001	0.086	9.380	6.270
1427787504022	37.506488	139.930118	8	-0.060	0.076	9.291	6.244
1427787504123	37.506494	139.930118	8	-0.109	0.051	9.439	6.218
1427787504223	37.506499	139.930117	8	-0.093	-0.063	9.586	6.193
1427787504324	37.506504	139.930117	8	0.063	-0.115	9.532	6.168
1427787504420	37.506509	139.930117	8	0.244	-0.097	9.235	6.144
1427787504521	37.506514	139.930117	8	0.239	-0.068	9.389	6.119
1427787504621	37.506519	139.930117	8	0.177	-0.027	9.495	6.094
1427787504722	37.506524	139.930116	8	0.237	0.065	9.234	6.069
1427787504823	37.506529	139.930116	8	0.258	0.009	9.278	6.044
1427787504923	37.506534	139.930116	8	0.241	-0.114	9.604	6.021
1427787505024	37.506539	139.930118	8	0.166	-0.130	9.519	6.046
1427787505120	37.506544	139.930119	8	0.170	-0.093	9.508	6.069
1427787505221	37.506549	139.930120	8	0.159	-0.073	9.714	6.094
1427787505321	37.506553	139.930122	8	0.167	-0.050	9.466	6.119
1427787505422	37.506558	139.930123	8	0.197	-0.025	9.211	6.144
1427787505523	37.506563	139.930125	8	0.173	-0.018	9.508	6.170
1427787505623	37.506568	139.930126	8	0.114	0.002	9.562	6.195
1427787505724	37.506573	139.930128	8	0.077	0.056	9.347	6.220
1427787505820	37.506578	139.930129	8	-0.026	0.006	9.373	6.245
1427787505920	37.506583	139.930131	8	-0.028	-0.046	9.511	6.270
1427787506021	37.506588	139.930134	8	-0.007	-0.064	9.742	6.218
1427787506122	37.506594	139.930138	8	0.091	-0.044	9.770	6.166
1427787506223	37.506599	139.930141	8	0.200	-0.063	9.555	6.114
1427787506323	37.506604	139.930145	8	0.241	0.044	9.332	6.064
1427787506424	37.506609	139.930148	8	0.117	0.112	9.396	6.013
1427787506520	37.506614	139.930151	8	-0.005	0.077	9.496	5.965
1427787506620	37.506619	139.930154	8	-0.032	0.050	9.481	5.916
1427787506721	37.506624	139.930158	8	-0.003	0.113	9.473	5.866
1427787506822	37.506629	139.930161	8	0.035	0.092	9.344	5.817
1427787506922	37.506634	139.930164	8	0.060	0.102	9.443	5.770
1427787507023	37.506638	139.930165	8	0.048	0.089	9.486	5.770
1427787507124	37.506643	139.930166	8	0.056	0.059	9.574	5.770
1427787507220	37.506647	139.930166	8	0.064	0.092	9.550	5.770
1427787507320	37.506651	139.930167	8	0.029	0.120	9.341	5.770
1427787507421	37.506656	139.930168	8	0.013	0.122	9.365	5.770
1427787507522	37.506660	139.930169	8	0.042	0.114	9.375	5.770
1427787507622	37.506664	139.930170	8	0.029	0.083	9.579	5.770
1427787507723	37.506669	139.930170	8	0.025	0.074	9.675	5.770
1427787507824	37.506673	139.930171	8	0.124	0.114	9.376	5.770
1427787507920	37.506677	139.930172	7	0.139	0.120	9.318	5.770
1427787508020	37.506681	139.930174	7	0.189	0.131	9.261	5.745
1427787508121	37.506686	139.930175	7	0.163	0.091	9.421	5.719
1427787508222	37.506690	139.930177	7	0.121	0.077	9.711	5.693
1427787508322	37.506694	139.930179	7	0.101	0.069	9.680	5.668
1427787508423	37.506698	139.930180	7	0.052	0.118	9.442	5.643
1427787508524	37.506703	139.930182	7	0.019	0.140	9.171	5.618
1427787508624	37.506707	139.930183	7	0.062	0.142	9.414	5.593
1427787508720	37.506711	139.930185	7	0.191	0.061	9.584	5.569
1427787508821	37.506715	139.930186	7	0.166	0.152	9.398	5.544
1427787508922	37.506719	139.930188	7	0.234	0.174	9.446	5.520
1427787509022	37.506724	139.930190	7	0.215	0.079	9.536	5.520
1427787509123	37.506729	139.930193	7	0.120	0.145	9.395	5.520
1427787509224	37.506734	139.930195	7	0.016	0.172	9.312	5.520
1427787509324	37.506739	139.930198	7	0.030	0.131	9.439	5.520
1427787509420	37.506744	139.930200	7	0.101	0.129	9.511	5.520
1427787509521	37.506749	139.930202	7	0.139	0.155	9.408	5.520
1427787509621	37.506754	139.930205	7	0.100	0.118	9.540	5.520
1427787509722	37.506759	139.930207	7	0.170	0.109	9.450	5.520
1427787509823	37.506764	139.930210	7	0.192	0.110	9.242	5.520
1427787509924	37.506769	139.930212	8	0.174	0.056	9.294	5.518
1427787510024	37.506774	139.930214	8	0.140	-0.064	9.628	5.466
1427787510120	37.506779	139.930215	8	0.142	-0.088	9.733	5.416
1427787510221	37.506785	139.930217	8	0.155	-0.056	9.477	5.365
1427787510321	37.506790	139.930218	8	0.135	-0.044	9.305	5.314
1427787510422	37.506795	139.930220	8	0.065	-0.035	9.372	5.263
1427787510523	37.506800	139.930221	8	0.036	-0.054	9.584	5.213
1427787510624	37.506805	139.930223	8	0.019	-0.063	9.575	5.163
1427787510724	37.506810	139.930224	8	0.040	-0.035	9.438	5.114
1427787510820	37.506814	139.930226	8	0.043	-0.020	9.251	5.068
1427787510921	37.506819	139.930227	8	0.072	-0.040	9.297	5.020
1427787511021	37.506824	139.930228	8	0.092	-0.135	9.625	5.020
1427787511122	37.506828	139.930230	8	0.134	-0.158	9.683	5.020
1427787511223	37.506833	139.930231	8	0.161	-0.136	9.512	5.020
1427787511323	37.506838	139.930232	8	0.169	-0.089	9.217	5.020
1427787511424	37.506843	139.930234	8	0.176	-0.067	9.178	5.020
1427787511520	37.506847	139.930235	8	0.215	-0.094	9.382	5.020
1427787511621	37.506852	139.930236	8	0.258	-0.161	9.568	5.020
1427787511721	37.506857	139.930237	8	0.241	-0.316	9.520	5.020
1427787511822	37.506861	139.930239	8	0.208	-0.447	9.281	5.020
1427787511923	37.506866	139.930240	8	0.122	-0.558	9.104	5.018
1427787512023	37.506871	139.930242	8	0.038	-0.744	9.245	4.938
1427787512124	37.506876	139.930244	8	0.000	-0.938	9.472	4.859
1427787512220	37.506880	139.930246	8	-0.039	-1.076	9.678	4.786
1427787512320	37.506885	139.930248	8	-0.058	-1.149	9.662	4.710
1427787512421	37.506889	139.930250	8	-0.063	-1.154	9.414	4.635
1427787512522	37.506894	139.930252	8	-0.083	-1.146	9.233	4.560
1427787512623	37.506898	139.930254	8	-0.092	-1.177	9.308	4.487
1427787512723	37.506903	139.930255	8	-0.114	-1.246	9.493	4.416
1427787512824	37.506907	139.930257	8	-0.104	-1.272	9.603	4.346
1427787512920	37.506911	139.930259	8	-0.130	-1.260	9.553	4.280
1427787513020	37.506913	139.930259	8	-0.158	-1.232	9.361	4.104
1427787513121	37.506915	139.930258	8	-0.175	-1.231	9.251	3.933
1427787513222	37.506918	139.930258	8	-0.179	-1.278	9.410	3.768
1427787513322	37.506920	139.930258	8	-0.178	-1.299	9.475	3.611
1427787513423	37.506922	139.930257	8	-0.146	-1.299	9.321	3.458
1427787513524	37.506923	139.930257	8	-0.130	-1.313	9.324	3.312
1427787513620	37.506925	139.930257	8	-0.152	-1.353	9.397	3.179
1427787513720	37.506927	139.930257	8	-0.158	-1.385	9.397	3.046
1427787513821	37.506928	139.930256	8	-0.144	-1.414	9.427	2.919
1427787513922	37.506930	139.930256	8	-0.146	-1.434	9.480	2.795
1427787514022	37.506930	139.930257	8	-0.192	-1.441	9.433	2.563
1427787514123	37.506931	139.930257	8	-0.234	-1.447	9.365	2.342
1427787514224	37.506931	139.930258	8	-0.242	-1.476	9.435	2.137
1427787514325	37.506932	139.930259	8	-0.219	-1.519	9.486	1.946
1427787514420	37.506932	139.930259	8	-0.205	-1.526	9.423	1.780
1427787514521	37.506932	139.930260	8	-0.208	-1.528	9.335	1.618
1427787514622	37.506932	139.930260	8	-0.218	-1.538	9.322	1.470
1427787514722	37.506933	139.930260	8	-0.238	-1.574	9.369	1.338
1427787514823	37.506933	139.930261	8	-0.251	-1.616	9.448	1.220
1427787514924	37.506933	139.930261	6	-0.192	-1.450	9.601	1.117
1427787515024	37.506932	139.930262	6	-0.008	-0.872	9.783	1.033
1427787515120	37.506931	139.930262	6	0.121	-0.330	9.638	0.958
1427787515221	37.506930	139.930263	6	0.147	0.034	9.255	0.883
1427787515322	37.506929	139.930263	6	0.127	0.248	9.008	0.814
1427787515422	37.506928	139.930264	6	0.119	0.317	9.104	0.749
1427787515523	37.506927	139.930264	6	0.159	0.308	9.413	0.689
1427787515624	37.506927	139.930265	6	0.253	0.384	9.705	0.634
1427787515724	37.506926	139.930265	6	0.320	0.506	9.609	0.584
1427787515820	37.506926	139.930266	6	0.252	0.399	9.243	0.541
1427787515921	37.506925	139.930266	6	0.152	0.314	9.222	0.500
1427787516021	37.506924	139.930266	6	0.141	0.314	9.518	0.500
1427787516122	37.506924	139.930266	6	0.168	0.195	9.613	0.500
1427787516223	37.506923	139.930266	6	0.204	0.108	9.515	0.500
1427787516324	37.506923	139.930266	6	0.197	0.042	9.389	0.500
1427787516424	37.506922	139.930266	6	0.089	0.074	9.441	0.500
1427787516520	37.506921	139.930266	6	0.056	0.068	9.469	0.500
1427787516621	37.506921	139.930266	6	0.020	0.162	9.556	0.500
1427787516721	37.506920	139.930266	6	0.121	0.111	9.394	0.500
1427787516822	37.506920	139.930266	6	0.163	0.193	9.443	0.500
1427787516923	37.506919	139.930266	6	0.240	0.138	9.378	0.500
1427787517024	37.506918	139.930266	6	0.171	0.264	9.579	0.500
1427787517124	37.506917	139.930266	6	0.203	0.261	9.468	0.500
1427787517220	37.506917	139.930266	6	0.170	0.433	9.521	0.500
1427787517321	37.506916	139.930266	6	0.251	0.488	9.392	0.500
1427787517421	37.506915	139.930266	6	0.185	0.671	9.506	0.500
1427787517522	37.506914	139.930266	6	0.263	0.656	9.412	0.500
1427787517623	37.506913	139.930266	6	0.242	0.630	9.418	0.500
1427787517723	37.506913	139.930266	6	0.252	0.638	9.508	0.500
1427787517824	37.506912	139.930266	6	0.259	0.519	9.368	0.500
1427787517920	37.506911	139.930266	6	0.217	0.526	9.422	0.500
1427787518021	37.506911	139.930266	6	0.191	0.595	9.505	0.506
1427787518121	37.506911	139.930266	6	0.223	0.616	9.561	0.512
1427787518222	37.506912	139.930266	6	0.287	0.566	9.456	0.517
1427787518323	37.506912	139.930266	6	0.295	0.517	9.335	0.523
1427787518423	37.506912	139.930266	6	0.258	0.517	9.309	0.529
1427787518524	37.506912	139.930267	6	0.213	0.599	9.444	0.535
1427787518620	37.506912	139.930267	6	0.203	0.647	9.574	0.541
1427787518720	37.506913	139.930267	6	0.270	0.644	9.572	0.547
1427787518821	37.506913	139.930267	6	0.349	0.573	9.412	0.554
1427787518922	37.506913	139.930267	4	0.334	0.507	9.330	0.560
1427787519023	37.506913	139.930267	4	0.250	0.499	9.408	0.574
1427787519123	37.506914	139.930268	4	0.181	0.567	9.512	0.588
1427787519224	37.506914	139.930268	4	0.184	0.633	9.561	0.602
1427787519320	37.506914	139.930268	4	0.268	0.632	9.521	0.616
1427787519420	37.506915	139.930268	4	0.352	0.562	9.412	0.631
1427787519521	37.506915	139.930269	4	0.386	0.501	9.361	0.646
1427787519622	37.506916	139.930269	4	0.361	0.480	9.388	0.662
1427787519722	37.506916	139.930269	4	0.297	0.526	9.462	0.677
1427787519823	37.506917	139.930270	4	0.242	0.592	9.501	0.694
1427787519924	37.506917	139.930270	5	0.229	0.656	9.558	0.711
1427787520020	37.506918	139.930271	5	0.274	0.657	9.553	0.727
1427787520120	37.506918	139.930272	5	0.328	0.644	9.469	0.744
1427787520221	37.506919	139.930272	5	0.372	0.659	9.374	0.762
1427787520322	37.506920	139.930273	5	0.405	0.696	9.344	0.781
1427787520422	37.506920	139.930274	5	0.457	0.734	9.354	0.800
1427787520523	37.506921	139.930275	5	0.538	0.780	9.335	0.819
1427787520620	37.506922	139.930276	5	0.629	0.796	9.315	0.838
1427787520720	37.506922	139.930277	5	0.697	0.803	9.347	0.858
1427787520820	37.506923	139.930278	5	0.718	0.836	9.353	0.879
1427787520921	37.506924	139.930279	5	0.717	0.869	9.201	0.901
1427787521022	37.506925	139.930280	5	0.731	0.931	9.008	0.965
1427787521122	37.506926	139.930280	5	0.610	0.943	9.066	1.036
1427787521223	37.506927	139.930281	5	0.592	0.833	9.439	1.113
1427787521324	37.506929	139.930282	5	0.811	0.717	9.633	1.197
1427787521425	37.506930	139.930283	5	1.133	0.760	9.380	1.287
1427787521520	37.506931	139.930284	5	1.325	0.804	8.870	1.377
1427787521621	37.506933	139.930285	5	1.434	0.819	8.836	1.480
1427787521722	37.506934	139.930286	5	1.523	0.826	9.215	1.588
1427787521822	37.506936	139.930287	5	1.503	0.773	9.683	1.702
1427787521923	37.506938	139.930288	6	1.578	0.650	10.001	1.822
1427787522024	37.506939	139.930291	6	1.646	0.472	9.941	1.885
1427787522124	37.506939	139.930294	6	1.568	0.339	9.581	1.949
1427787522220	37.506940	139.930296	6	1.356	0.329	9.117	2.013
1427787522321	37.506941	139.930300	6	1.043	0.291	9.330	2.083
1427787522421	37.506942	139.930303	6	0.919	0.185	9.681	2.155
1427787522522	37.506943	139.930306	6	1.039	-0.028	9.643	2.230
1427787522623	37.506943	139.930309	6	1.085	-0.056	9.341	2.308
1427787522724	37.506944	139.930313	6	1.152	0.007	9.165	2.388
1427787522824	37.506945	139.930316	6	1.182	-0.093	9.345	2.469
1427787522920	37.506946	139.930320	6	1.167	-0.272	9.481	2.550
1427787523021	37.506946	139.930324	6	1.123	-0.175	9.313	2.616
1427787523121	37.506945	139.930328	6	1.226	-0.070	9.088	2.684
1427787523222	37.506945	139.930332	6	1.366	-0.216	9.107	2.754
1427787523323	37.506945	139.930336	6	1.239	-0.157	9.807	2.826
1427787523424	37.506945	139.930340	6	1.366	-0.160	9.700	2.900
1427787523524	37.506944	139.930344	6	1.462	-0.107	9.391	2.975
1427787523620	37.506944	139.930348	6	1.545	-0.105	9.256	3.048
1427787523721	37.506944	139.930353	6	1.522	-0.171	9.481	3.128
1427787523822	37.506943	139.930357	6	1.427	-0.351	9.729	3.209
1427787523922	37.506943	139.930362	6	1.451	-0.482	9.455	3.290
1427787524023	37.506943	139.930366	6	1.405	-0.576	9.271	3.315
1427787524123	37.506943	139.930369	6	1.217	-0.683	9.453	3.339
1427787524224	37.506943	139.930373	6	1.026	-0.697	9.646	3.364
1427787524320	37.506943	139.930377	6	0.980	-0.702	9.568	3.388
1427787524421	37.506943	139.930381	6	1.038	-0.751	9.450	3.413
1427787524521	37.506943	139.930385	6	1.037	-0.806	9.576	3.438
1427787524622	37.506943	139.930388	6	0.873	-0.820	9.681	3.464
1427787524723	37.506943	139.930392	6	0.607	-0.752	9.564	3.489
1427787524823	37.506943	139.930396	6	0.404	-0.598	9.261	3.515
1427787524924	37.506943	139.930400	5	0.252	-0.502	9.133	3.540
1427787525020	37.506943	139.930404	5	0.192	-0.497	9.339	3.540
1427787525121	37.506943	139.930408	5	0.191	-0.399	9.217	3.540
1427787525221	37.506943	139.930412	5	0.246	-0.484	9.619	3.540
1427787525322	37.506943	139.930416	5	0.336	-0.507	9.792	3.540
1427787525423	37.506943	139.930420	5	0.355	-0.466	9.580	3.540
1427787525523	37.506944	139.930424	5	0.260	-0.375	9.350	3.540
1427787525624	37.506944	139.930428	5	0.071	-0.287	9.364	3.540
1427787525720	37.506944	139.930432	5	-0.070	-0.232	9.512	3.540
1427787525820	37.506944	139.930436	5	-0.137	-0.186	9.432	3.540
1427787525921	37.506944	139.930440	5	-0.148	-0.174	9.485	3.540
1427787526022	37.506944	139.930444	5	-0.114	-0.165	9.627	3.540
1427787526123	37.506944	139.930448	5	-0.129	-0.089	9.486	3.540
1427787526223	37.506943	139.930452	5	-0.112	-0.035	9.383	3.540
1427787526324	37.506943	139.930456	5	-0.246	-0.107	9.402	3.540
1427787526420	37.506943	139.930460	5	-0.353	-0.009	9.306	3.540
1427787526520	37.506943	139.930464	5	-0.384	-0.066	9.265	3.540
1427787526621	37.506943	139.930468	5	-0.346	-0.058	9.207	3.540
1427787526722	37.506942	139.930472	5	-0.441	-0.098	9.700	3.540
1427787526822	37.506942	139.930476	5	-0.412	0.010	9.719	3.540
1427787526923	37.506942	139.930480	4	-0.550	-0.136	9.836	3.540
1427787527020	37.506942	139.930484	4	-0.677	0.050	9.158	3.540
1427787527125	37.506941	139.930487	4	-0.488	-0.046	9.017	3.540
1427787527220	37.506940	139.930491	4	-0.207	-0.088	9.597	3.540
1427787527321	37.506940	139.930494	4	-0.054	-0.138	9.652	3.540
1427787527422	37.506939	139.930498	4	-0.013	-0.179	9.378	3.540
1427787527522	37.506939	139.930502	4	-0.040	-0.062	9.152	3.540
1427787527623	37.506938	139.930505	4	0.000	0.414	9.590	3.540
1427787527724	37.506938	139.930509	4	0.174	0.655	9.611	3.540
1427787527824	37.506937	139.930513	4	0.256	0.923	9.423	3.540
1427787527920	37.506937	139.930516	5	0.313	1.187	9.368	3.540
1427787528021	37.506936	139.930519	5	0.193	1.301	9.255	3.540
1427787528122	37.506935	139.930523	5	0.075	1.376	9.304	3.540
1427787528222	37.506935	139.930526	5	0.062	1.368	9.369	3.540
1427787528323	37.506934	139.930530	5	-0.046	1.113	9.440	3.540
1427787528424	37.506933	139.930533	5	-0.140	1.005	9.515	3.540
1427787528524	37.506932	139.930537	5	-0.046	0.922	9.507	3.540
1427787528620	37.506931	139.930540	5	0.154	0.783	9.597	3.540
1427787528721	37.506931	139.930543	5	0.265	0.729	9.545	3.540
1427787528821	37.506930	139.930547	5	0.079	0.692	9.681	3.540
1427787528922	37.506929	139.930550	5	-0.136	0.706	9.745	3.540
1427787529023	37.506928	139.930554	5	-0.240	0.728	9.654	3.540
1427787529124	37.506928	139.930558	5	-0.212	0.703	9.406	3.540
1427787529224	37.506927	139.930561	5	-0.109	0.645	9.294	3.540
1427787529320	37.506926	139.930565	5	-0.044	0.595	9.063	3.540
1427787529421	37.506925	139.930569	5	-0.012	0.584	8.113	3.540
1427787529521	37.506925	139.930572	5	0.234	0.275	9.120	3.540
1427787529622	37.506924	139.930576	5	0.271	0.114	10.839	3.540
1427787529723	37.506923	139.930580	5	0.092	-0.155	11.201	3.540
1427787529824	37.506923	139.930583	5	0.009	-0.255	10.396	3.540
1427787529924	37.506922	139.930587	4	-0.034	0.013	9.348	3.540
1427787530020	37.506921	139.930591	4	-0.045	0.221	8.828	3.540
1427787530121	37.506920	139.930595	4	-0.079	0.266	8.644	3.540
1427787530221	37.506919	139.930599	4	-0.170	0.387	8.846	3.540
1427787530322	37.506918	139.930603	4	-0.360	0.334	9.068	3.540
1427787530423	37.506917	139.930608	4	-0.394	0.111	9.695	3.540
1427787530523	37.506917	139.930612	4	-0.298	0.136	10.059	3.540
1427787530624	37.506916	139.930616	4	0.053	0.372	9.106	3.540
1427787530720	37.506915	139.930620	4	0.054	0.308	8.778	3.540
1427787530820	37.506914	139.930624	4	0.138	0.082	9.041	3.540
1427787530921	37.506913	139.930628	4	0.047	-0.158	9.806	3.540
1427787531022	37.506912	139.930632	4	-0.118	-0.306	10.205	3.564
1427787531123	37.506911	139.930636	4	-0.212	-0.310	9.810	3.587
1427787531223	37.506911	139.930640	4	-0.220	-0.117	9.238	3.611
1427787531324	37.506910	139.930644	4	-0.120	0.046	8.860	3.635
1427787531420	37.506909	139.930648	4	-0.012	0.034	8.959	3.658
1427787531520	37.506908	139.930652	4	0.067	-0.062	9.391	3.682
1427787531621	37.506907	139.930656	4	0.244	-0.039	9.828	3.707
1427787531722	37.506907	139.930660	4	0.155	-0.073	9.672	3.731
1427787531823	37.506906	139.930664	4	0.207	0.140	9.137	3.756
1427787531923	37.506905	139.930668	4	0.100	0.203	9.125	3.781
1427787532024	37.506904	139.930673	4	0.105	0.234	9.328	3.805
1427787532120	37.506904	139.930677	4	0.040	0.224	9.618	3.829
1427787532220	37.506903	139.930681	4	0.024	0.294	9.683	3.853
1427787532321	37.506902	139.930686	4	0.053	0.286	9.533	3.878
1427787532422	37.506902	139.930691	4	0.051	0.288	9.294	3.903
1427787532522	37.506901	139.930695	4	0.092	0.190	9.364	3.929
1427787532623	37.506900	139.930700	4	0.091	0.110	9.403	3.954
1427787532724	37.506899	139.930705	4	-0.050	0.099	9.435	3.980
1427787532820	37.506899	139.930709	4	-0.152	0.211	9.397	4.004
1427787532920	37.506898	139.930714	4	-0.101	0.208	9.594	4.030
1427787533021	37.506897	139.930719	4	-0.030	0.171	9.447	4.030
1427787533122	37.506897	139.930723	4	0.045	0.161	9.165	4.030
1427787533222	37.506896	139.930728	4	0.011	0.033	9.370	4.030
1427787533323	37.506896	139.930732	4	-0.018	-0.012	9.542	4.030
1427787533424	37.506895	139.930737	4	-0.041	0.020	9.540	4.030
1427787533525	37.506894	139.930741	4	-0.035	0.087	9.430	4.030
1427787533620	37.506894	139.930746	4	-0.011	0.134	9.321	4.030
1427787533721	37.506893	139.930750	4	0.100	0.085	9.411	4.030
1427787533822	37.506893	139.930755	4	0.187	0.003	9.634	4.030
1427787533922	37.506892	139.930759	4	0.204	-0.042	9.518	4.029
1427787534023	37.506891	139.930764	4	0.136	-0.062	9.267	4.004
1427787534124	37.506890	139.930768	4	0.128	0.001	9.369	3.978
1427787534224	37.506890	139.930773	4	0.052	0.012	9.506	3.952
1427787534320	37.506889	139.930777	4	-0.033	0.085	9.311	3.928
1427787534421	37.506888	139.930782	4	-0.038	0.089	9.355	3.903
1427787534521	37.506887	139.930786	4	0.066	0.051	9.655	3.878
1427787534622	37.506886	139.930791	4	0.137	-0.062	10.020	3.853
1427787534723	37.506886	139.930795	4	0.178	-0.079	9.916	3.828
1427787534824	37.506885	139.930800	4	0.239	-0.014	9.353	3.803
1427787534924	37.506884	139.930804	4	0.342	0.011	9.130	3.780
1427787535020	37.506883	139.930808	4	0.358	-0.012	9.297	3.780
1427787535121	37.506882	139.930812	4	0.300	-0.039	9.497	3.780
1427787535221	37.506882	139.930817	4	0.265	-0.102	9.727	3.780
1427787535322	37.506881	139.930821	4	0.227	-0.116	9.820	3.780
1427787535423	37.506880	139.930825	4	0.135	-0.011	9.484	3.780
1427787535524	37.506879	139.930829	4	0.080	0.082	9.128	3.780
1427787535624	37.506878	139.930834	4	0.084	0.145	9.410	3.780
1427787535720	37.506878	139.930838	4	0.138	0.109	9.545	3.780
1427787535821	37.506877	139.930842	4	0.119	0.090	9.567	3.780
1427787535921	37.506876	139.930846	4	0.088	0.007	9.557	3.780
1427787536022	37.506875	139.930850	4	0.073	-0.069	9.526	3.780
1427787536123	37.506875	139.930854	4	0.160	-0.161	9.635	3.780
1427787536224	37.506874	139.930858	4	0.129	-0.105	9.509	3.780
1427787536324	37.506873	139.930863	4	0.022	0.017	9.115	3.780
1427787536420	37.506873	139.930867	4	-0.081	-0.011	9.160	3.780
1427787536521	37.506872	139.930871	4	-0.091	-0.032	9.299	3.780
1427787536621	37.506871	139.930875	4	-0.108	-0.071	9.707	3.780
1427787536722	37.506870	139.930879	4	-0.084	-0.141	9.784	3.780
1427787536823	37.506870	139.930883	4	0.017	-0.111	9.543	3.780
1427787536923	37.506869	139.930887	4	0.004	-0.114	9.396	3.780
1427787537024	37.506868	139.930891	4	0.028	-0.041	9.134	3.780
1427787537120	37.506867	139.930895	4	0.077	-0.072	9.355	3.780
1427787537220	37.506866	139.930899	4	0.050	-0.112	9.529	3.780
1427787537321	37.506865	139.930903	4	0.020	-0.117	9.541	3.780
1427787537422	37.506864	139.930908	4	0.150	-0.151	9.683	3.780
1427787537523	37.506864	139.930912	4	0.114	-0.067	9.597	3.780
1427787537623	37.506863	139.930916	4	-0.076	0.030	9.242	3.780
1427787537724	37.506862	139.930920	4	-0.175	0.045	9.237	3.780
1427787537820	37.506861	139.930924	4	-0.155	0.083	9.249	3.780
1427787537920	37.506860	139.930928	4	-0.069	0.044	9.422	3.780
1427787538021	37.506859	139.930932	4	0.084	-0.028	9.550	3.780
1427787538122	37.506859	139.930936	4	0.072	-0.020	9.474	3.780
1427787538222	37.506858	139.930941	4	-0.086	-0.011	9.251	3.780
1427787538323	37.506857	139.930945	4	-0.180	-0.010	9.422	3.780
1427787538424	37.506856	139.930949	4	-0.098	-0.015	9.331	3.780
1427787538520	37.506856	139.930953	4	0.029	-0.083	9.392	3.780
1427787538620	37.506855	139.930957	4	0.121	-0.084	9.536	3.780
1427787538721	37.506854	139.930962	4	0.117	-0.106	9.522	3.780
1427787538822	37.506854	139.930966	4	0.059	-0.029	9.299	3.780
1427787538922	37.506853	139.930970	5	-0.018	0.016	9.244	3.780
1427787539023	37.506852	139.930974	5	-0.101	0.001	9.455	3.755
1427787539124	37.506852	139.930978	5	-0.107	-0.013	9.673	3.730
1427787539220	37.506851	139.930982	5	-0.071	-0.043	9.668	3.706
1427787539320	37.506850	139.930986	5	-0.042	-0.160	9.654	3.682
1427787539421	37.506849	139.930990	5	0.002	-0.085	9.617	3.658
1427787539522	37.506849	139.930994	5	0.004	-0.037	9.202	3.634
1427787539622	37.506848	139.930998	5	0.005	-0.047	9.106	3.610
1427787539723	37.506847	139.931002	5	-0.000	-0.149	9.528	3.586
1427787539824	37.506847	139.931005	5	0.015	-0.190	9.884	3.562
1427787539925	37.506846	139.931009	5	0.053	-0.115	9.563	3.540
1427787540020	37.506845	139.931013	5	-0.006	-0.026	9.269	3.540
1427787540121	37.506845	139.931016	5	-0.121	-0.023	9.233	3.540
1427787540222	37.506844	139.931020	5	-0.195	-0.009	9.366	3.540
1427787540322	37.506844	139.931024	5	-0.230	0.006	9.251	3.540
1427787540423	37.506843	139.931028	5	-0.162	-0.050	9.281	3.540
1427787540524	37.506843	139.931031	5	-0.033	-0.176	9.686	3.540
1427787540624	37.506842	139.931035	5	0.141	-0.194	9.835	3.540
1427787540720	37.506842	139.931039	5	0.180	-0.225	9.559	3.540
1427787540821	37.506842	139.931042	5	0.083	-0.284	9.341	3.540
1427787540921	37.506841	139.931046	4	-0.020	-0.299	9.419	3.539
1427787541022	37.506841	139.931049	4	-0.117	-0.353	9.331	3.457
1427787541123	37.506840	139.931052	4	-0.147	-0.373	9.315	3.376
1427787541224	37.506840	139.931055	4	-0.152	-0.384	9.476	3.297
1427787541324	37.506839	139.931057	4	-0.117	-0.426	9.593	3.220
1427787541420	37.506839	139.931060	4	-0.157	-0.453	9.457	3.148
1427787541521	37.506838	139.931062	4	-0.292	-0.485	9.300	3.075
1427787541621	37.506838	139.931065	4	-0.377	-0.522	9.448	3.003
1427787541722	37.506838	139.931067	4	-0.342	-0.503	9.419	2.933
1427787541823	37.506837	139.931070	4	-0.203	-0.477	9.250	2.864
1427787541924	37.506837	139.931072	4	-0.124	-0.560	9.241	2.797
1427787542024	37.506837	139.931074	4	-0.061	-0.680	9.766	2.713
1427787542120	37.506837	139.931077	4	-0.069	-0.710	9.926	2.634
1427787542221	37.506837	139.931079	4	-0.236	-0.570	9.568	2.554
1427787542321	37.506837	139.931081	4	-0.373	-0.433	9.231	2.476
1427787542422	37.506836	139.931083	4	-0.418	-0.380	9.166	2.400
1427787542523	37.506836	139.931085	4	-0.424	-0.398	9.331	2.327
1427787542623	37.506836	139.931087	4	-0.431	-0.422	9.414	2.256
1427787542724	37.506836	139.931089	4	-0.437	-0.466	9.481	2.187
1427787542820	37.506836	139.931091	4	-0.392	-0.408	9.455	2.124
1427787542921	37.506836	139.931093	6	-0.326	-0.349	9.307	2.059
1427787543021	37.506836	139.931095	6	-0.214	-0.394	9.383	2.006
1427787543122	37.506836	139.931096	6	-0.109	-0.478	9.610	1.953
1427787543223	37.506836	139.931098	6	-0.115	-0.535	9.629	1.901
1427787543323	37.506836	139.931100	6	-0.199	-0.493	9.401	1.851
1427787543424	37.506835	139.931101	6	-0.283	-0.489	9.378	1.802
1427787543520	37.506835	139.931102	6	-0.333	-0.471	9.535	1.757
1427787543621	37.506835	139.931104	6	-0.383	-0.375	9.540	1.710
1427787543721	37.506835	139.931105	6	-0.377	-0.302	9.426	1.665
1427787543822	37.506835	139.931107	6	-0.379	-0.322	9.350	1.621
1427787543923	37.506835	139.931108	7	-0.452	-0.387	9.360	1.578
1427787544023	37.506835	139.931109	7	-0.507	-0.463	9.427	1.525
1427787544124	37.506835	139.931110	7	-0.381	-0.517	9.496	1.473
1427787544220	37.506836	139.931111	7	-0.182	-0.559	9.609	1.426
1427787544320	37.506836	139.931112	7	-0.043	-0.527	9.598	1.377
1427787544421	37.506836	139.931112	7	-0.040	-0.457	9.400	1.330
1427787544522	37.506836	139.931113	7	-0.138	-0.430	9.304	1.284
1427787544623	37.506836	139.931114	7	-0.211	-0.430	9.387	1.240
1427787544723	37.506837	139.931115	7	-0.182	-0.415	9.456	1.198
1427787544824	37.506837	139.931115	7	-0.112	-0.396	9.456	1.157
1427787544920	37.506837	139.931116	7	-0.092	-0.377	9.369	1.120
1427787545020	37.506837	139.931117	7	-0.127	-0.344	9.211	1.096
1427787545121	37.506837	139.931118	7	-0.135	-0.354	9.243	1.072
1427787545222	37.506837	139.931118	7	-0.061	-0.395	9.399	1.049
1427787545322	37.506837	139.931119	7	0.036	-0.454	9.515	1.026
1427787545423	37.506838	139.931120	7	0.111	-0.477	9.529	1.003
1427787545524	37.506838	139.931120	7	0.120	-0.488	9.482	0.981
1427787545620	37.506838	139.931121	7	0.072	-0.486	9.426	0.961
1427787545720	37.506838	139.931122	7	-0.007	-0.515	9.405	0.940
1427787545821	37.506838	139.931122	7	-0.055	-0.560	9.462	0.920
1427787545922	37.506838	139.931123	6	-0.033	-0.589	9.510	0.899
1427787546022	37.506839	139.931122	6	0.028	-0.601	9.482	0.849
1427787546123	37.506839	139.931122	6	0.077	-0.613	9.415	0.800
1427787546224	37.506840	139.931122	6	0.081	-0.573	9.464	0.754
1427787546325	37.506841	139.931121	6	0.065	-0.268	9.648	0.710
1427787546420	37.506841	139.931121	6	0.040	0.037	9.629	0.671
1427787546521	37.506842	139.931120	6	-0.000	0.237	9.389	0.632
1427787546622	37.506843	139.931120	6	0.004	0.305	9.194	0.595
1427787546722	37.506843	139.931120	6	0.049	0.293	9.274	0.561
1427787546823	37.506844	139.931119	6	0.059	0.191	9.465	0.529
1427787546924	37.506844	139.931119	6	0.025	0.084	9.565	0.500
1427787547024	37.506844	139.931119	6	-0.003	0.098	9.530	0.500
1427787547120	37.506845	139.931119	6	0.009	0.191	9.446	0.500
1427787547221	37.506845	139.931118	6	0.059	0.250	9.355	0.500
1427787547322	37.506845	139.931118	6	0.099	0.229	9.365	0.500
1427787547422	37.506846	139.931118	6	0.081	0.170	9.448	0.500
1427787547523	37.506846	139.931118	6	0.018	0.115	9.507	0.500
1427787547624	37.506846	139.931118	6	-0.010	0.139	9.476	0.500
1427787547724	37.506846	139.931117	6	0.026	0.205	9.417	0.500
1427787547820	37.506847	139.931117	6	0.078	0.224	9.374	0.500
1427787547921	37.506847	139.931117	6	0.086	0.193	9.397	0.500
1427787548021	37.506847	139.931117	6	0.052	0.150	9.461	0.500
1427787548122	37.506847	139.931118	6	0.021	0.142	9.501	0.500
1427787548223	37.506848	139.931118	6	0.025	0.171	9.452	0.500
1427787548324	37.506848	139.931118	6	0.051	0.205	9.389	0.500
1427787548424	37.506848	139.931119	6	0.066	0.207	9.390	0.500
1427787548520	37.506848	139.931119	6	0.056	0.184	9.441	0.500
1427787548621	37.506848	139.931119	6	0.035	0.153	9.467	0.500
1427787548721	37.506849	139.931119	6	0.034	0.164	9.453	0.500
1427787548822	37.506849	139.931120	6	0.052	0.193	9.422	0.500
1427787548923	37.506849	139.931120	6	0.063	0.206	9.409	0.500
1427787549024	37.506849	139.931120	6	0.065	0.192	9.425	0.500
1427787549124	37.506849	139.931121	6	0.038	0.170	9.453	0.500
1427787549220	37.506850	139.931121	6	0.018	0.173	9.471	0.500
1427787549321	37.506850	139.931121	6	0.042	0.189	9.458	0.500
1427787549421	37.506850	139.931121	6	0.068	0.204	9.446	0.500
1427787549522	37.506850	139.931122	6	0.070	0.197	9.460	0.500
1427787549623	37.506850	139.931122	6	0.037	0.183	9.487	0.500
1427787549723	37.506851	139.931122	6	0.019	0.184	9.501	0.500
1427787549824	37.506851	139.931123	6	0.023	0.189	9.477	0.500
1427787549920	37.506851	139.931123	8	0.032	0.201	9.459	0.500
1427787550021	37.506851	139.931123	8	0.043	0.209	9.453	0.500
1427787550121	37.506851	139.931124	8	0.037	0.196	9.480	0.500
1427787550222	37.506851	139.931124	8	0.028	0.182	9.485	0.500
1427787550323	37.506851	139.931125	8	0.015	0.180	9.471	0.500
1427787550423	37.506852	139.931125	8	0.018	0.200	9.454	0.500
1427787550524	37.506852	139.931125	8	0.026	0.212	9.457	0.500
1427787550620	37.506852	139.931126	8	0.021	0.198	9.443	0.500
1427787550720	37.506852	139.931126	8	0.004	0.180	9.458	0.500
1427787550821	37.506852	139.931127	8	0.006	0.183	9.468	0.500
1427787550922	37.506852	139.931127	8	0.019	0.189	9.455	0.500
1427787551023	37.506852	139.931127	8	0.036	0.185	9.434	0.500
1427787551123	37.506852	139.931128	8	0.031	0.183	9.441	0.500
1427787551224	37.506852	139.931128	8	0.010	0.179	9.446	0.500
1427787551320	37.506852	139.931128	8	0.004	0.180	9.441	0.500
1427787551420	37.506853	139.931128	8	0.015	0.176	9.436	0.500
1427787551521	37.506853	139.931129	8	0.026	0.176	9.430	0.500
1427787551622	37.506853	139.931129	8	0.027	0.180	9.436	0.500
1427787551723	37.506853	139.931129	8	0.036	0.181	9.438	0.500
1427787551823	37.506853	139.931130	8	0.028	0.172	9.432	0.500
1427787551920	37.506853	139.931130	9	0.014	0.171	9.433	0.500
1427787552020	37.506853	139.931130	9	0.023	0.169	9.431	0.500
1427787552120	37.506853	139.931131	9	0.042	0.172	9.422	0.500
1427787552221	37.506853	139.931131	9	0.046	0.169	9.418	0.500
1427787552322	37.506853	139.931132	9	0.039	0.168	9.409	0.500
1427787552422	37.506853	139.931132	9	0.032	0.170	9.418	0.500
1427787552523	37.506854	139.931132	9	0.047	0.175	9.423	0.500
1427787552624	37.506854	139.931133	9	0.052	0.168	9.414	0.500
1427787552720	37.506854	139.931133	9	0.048	0.173	9.409	0.500
1427787552820	37.506854	139.931134	9	0.049	0.175	9.416	0.500
1427787552921	37.506854	139.931134	9	0.057	0.180	9.434	0.500
1427787553022	37.506854	139.931134	9	0.056	0.178	9.423	0.500
1427787553122	37.506854	139.931135	9	0.051	0.180	9.419	0.500
1427787553223	37.506854	139.931135	9	0.056	0.188	9.426	0.500
1427787553324	37.506854	139.931135	9	0.057	0.185	9.437	0.500
1427787553424	37.506855	139.931136	9	0.054	0.184	9.440	0.500
1427787553520	37.506855	139.931136	9	0.052	0.187	9.442	0.500
1427787553621	37.506855	139.931136	9	0.052	0.189	9.448	0.500
1427787553722	37.506855	139.931136	9	0.061	0.190	9.460	0.500
1427787553822	37.506855	139.931137	9	0.059	0.189	9.459	0.500
1427787553923	37.506855	139.931137	10	0.052	0.191	9.462	0.500
1427787554024	37.506855	139.931137	10	0.047	0.196	9.474	0.500
1427787554124	37.506855	139.931138	10	0.051	0.180	9.460	0.500
1427787554220	37.506856	139.931138	10	0.060	0.147	9.471	0.500
1427787554321	37.506856	139.931139	10	0.065	0.126	9.477	0.500
1427787554421	37.506856	139.931139	10	0.087	0.093	9.412	0.500
1427787554522	37.506856	139.931139	10	0.095	0.090	9.342	0.500
1427787554623	37.506856	139.931140	10	0.040	0.201	9.446	0.500
1427787554724	37.506857	139.931140	10	0.005	0.380	9.554	0.500
1427787554824	37.506857	139.931141	10	0.056	0.493	9.510	0.500
1427787554920	37.506857	139.931141	10	0.099	0.622	9.430	0.500
1427787555021	37.506857	139.931141	10	0.052	0.945	9.531	0.506
1427787555122	37.506857	139.931142	10	-0.023	1.167	9.496	0.512
1427787555223	37.506857	139.931142	10	-0.108	1.294	9.436	0.517
1427787555323	37.506857	139.931142	10	-0.172	1.333	9.426	0.523
1427787555423	37.506857	139.931142	10	-0.184	1.287	9.432	0.529
1427787555524	37.506857	139.931143	10	-0.155	1.233	9.403	0.535
1427787555620	37.506857	139.931143	10	-0.058	1.200	9.299	0.541
1427787555721	37.506857	139.931143	10	0.054	1.235	9.294	0.548
1427787555821	37.506857	139.931144	10	0.115	1.292	9.385	0.554
1427787555922	37.506857	139.931144	9	0.081	1.307	9.496	0.560
1427787556023	37.506857	139.931145	9	-0.046	1.322	9.567	0.574
1427787556123	37.506858	139.931145	9	-0.135	1.218	9.471	0.588
1427787556224	37.506858	139.931146	9	-0.158	1.070	9.362	0.602
1427787556320	37.506859	139.931147	9	-0.163	0.891	9.426	0.616
1427787556421	37.506859	139.931148	9	-0.220	0.793	9.527	0.631
1427787556521	37.506860	139.931149	9	-0.252	0.721	9.453	0.646
1427787556622	37.506860	139.931149	9	-0.312	0.702	9.484	0.662
1427787556723	37.506861	139.931150	9	-0.359	0.699	9.594	0.678
1427787556823	37.506861	139.931151	9	-0.450	0.617	9.589	0.694
1427787556924	37.506862	139.931152	8	-0.557	0.626	9.306	0.711
1427787557020	37.506862	139.931153	8	-0.707	0.620	9.082	0.727
1427787557120	37.506863	139.931154	8	-0.775	0.545	9.270	0.744
1427787557221	37.506863	139.931155	8	-0.663	0.409	9.687	0.762
1427787557322	37.506863	139.931156	8	-0.528	0.317	9.972	0.781
1427787557423	37.506864	139.931158	8	-0.488	0.411	9.829	0.800
1427787557523	37.506864	139.931159	8	-0.531	0.494	9.498	0.819
1427787557624	37.506865	139.931160	8	-0.676	0.576	9.288	0.839
1427787557720	37.506865	139.931161	8	-0.856	0.655	9.256	0.858
1427787557820	37.506866	139.931163	8	-1.035	0.697	9.314	0.879
1427787557921	37.506866	139.931164	8	-1.156	0.679	9.189	0.900
1427787558022	37.506867	139.931166	8	-1.161	0.602	9.388	0.938
1427787558122	37.506867	139.931167	8	-1.072	0.575	9.801	0.976
1427787558223	37.506868	139.931169	8	-0.999	0.561	9.838	1.017
1427787558325	37.506869	139.931171	8	-0.953	0.557	9.516	1.061
1427787558420	37.506870	139.931173	8	-1.012	0.587	9.137	1.103
1427787558520	37.506870	139.931174	8	-1.096	0.640	9.085	1.148
1427787558621	37.506871	139.931177	8	-1.195	0.638	9.248	1.197
1427787558722	37.506872	139.931179	8	-1.225	0.502	9.353	1.247
1427787558822	37.506873	139.931181	8	-1.225	0.346	9.361	1.298
1427787558923	37.506874	139.931183	7	-1.205	0.241	9.436	1.351
1427787559024	37.506875	139.931185	7	-1.125	0.213	9.404	1.392
1427787559120	37.506876	139.931187	7	-0.972	0.214	9.307	1.433
1427787559220	37.506878	139.931189	7	-0.837	0.448	9.210	1.476
1427787559321	37.506879	139.931191	7	-0.675	0.708	8.922	1.522
1427787559422	37.506881	139.931193	7	-0.742	0.777	8.905	1.569
1427787559522	37.506882	139.931195	7	-0.934	0.787	9.515	1.616
1427787559623	37.506883	139.931198	7	-1.016	0.750	9.843	1.666
1427787559724	37.506885	139.931200	7	-0.854	0.759	9.775	1.717
1427787559824	37.506886	139.931203	7	-0.592	0.809	9.533	1.769
1427787559920	37.506888	139.931205	7	-0.295	0.865	9.188	1.820
1427787560021	37.506890	139.931207	7	-0.057	0.752	9.033	1.883
1427787560122	37.506892	139.931209	7	0.019	0.632	9.128	1.948
1427787560222	37.506895	139.931211	7	-0.109	0.462	9.491	2.015
1427787560323	37.506897	139.931214	7	-0.311	0.346	9.824	2.085
1427787560424	37.506900	139.931216	7	-0.541	0.299	9.884	2.157
1427787560524	37.506902	139.931219	7	-0.702	0.320	9.730	2.232
1427787560620	37.506905	139.931221	7	-0.751	0.392	9.334	2.305
1427787560721	37.506907	139.931224	7	-0.731	0.257	8.750	2.385
1427787560821	37.506910	139.931226	7	-0.528	0.071	8.929	2.467
1427787560922	37.506913	139.931229	7	-0.262	0.000	9.270	2.549
1427787561023	37.506915	139.931231	7	-0.131	-0.068	9.319	2.523
1427787561124	37.506917	139.931234	7	0.005	-0.155	9.446	2.497
1427787561224	37.506920	139.931236	7	0.195	-0.215	9.794	2.471
1427787561320	37.506922	139.931238	7	0.363	-0.243	9.916	2.447
1427787561421	37.506924	139.931241	7	0.474	-0.184	9.837	2.422
1427787561521	37.506926	139.931243	7	0.422	-0.166	9.403	2.397
1427787561622	37.506928	139.931245	7	0.197	-0.025	9.097	2.372
1427787561723	37.506930	139.931248	7	0.028	0.013	9.191	2.347
1427787561823	37.506932	139.931250	7	-0.017	-0.023	9.333	2.323
1427787561924	37.506934	139.931252	7	-0.066	-0.131	9.320	2.300
1427787562020	37.506936	139.931254	7	-0.102	-0.097	9.439	2.300
1427787562121	37.506938	139.931257	7	0.083	0.448	9.727	2.300
1427787562221	37.506940	139.931259	7	0.178	0.777	9.581	2.300
1427787562322	37.506942	139.931261	7	0.217	1.131	9.477	2.300
1427787562423	37.506944	139.931264	7	0.304	1.335	9.319	2.300
1427787562523	37.506945	139.931266	7	0.492	1.544	9.276	2.300
1427787562624	37.506947	139.931268	7	0.678	1.455	9.166	2.300
1427787562720	37.506949	139.931270	7	0.594	1.322	9.437	2.300
1427787562820	37.506951	139.931273	7	0.306	1.141	9.747	2.300
1427787562921	37.506953	139.931275	7	0.123	1.089	9.659	2.300
1427787563022	37.506955	139.931278	7	-0.007	1.289	9.388	2.324
1427787563123	37.506956	139.931280	7	0.090	1.425	9.160	2.349
1427787563223	37.506958	139.931283	7	0.222	1.358	9.105	2.373
1427787563324	37.506959	139.931285	7	0.366	1.201	9.344	2.398
1427787563420	37.506961	139.931288	7	0.497	1.149	9.565	2.422
1427787563520	37.506962	139.931290	7	0.567	1.107	9.646	2.447
1427787563621	37.506964	139.931293	7	0.580	1.089	9.498	2.473
1427787563722	37.506966	139.931296	7	0.555	0.995	9.417	2.498
1427787563823	37.506967	139.931298	7	0.432	0.862	9.622	2.525
1427787563923	37.506969	139.931301	8	0.358	0.938	9.706	2.551
1427787564024	37.506972	139.931303	8	0.356	1.193	9.403	2.575
1427787564120	37.506974	139.931306	8	0.320	1.403	8.914	2.598
1427787564220	37.506977	139.931308	8	0.178	1.320	9.286	2.623
1427787564321	37.506980	139.931311	8	0.257	1.155	9.516	2.647
1427787564422	37.506983	139.931313	8	0.343	1.115	9.632	2.673
1427787564522	37.506986	139.931316	8	0.468	1.182	9.691	2.698
1427787564623	37.506988	139.931318	8	0.558	1.174	9.448	2.723
1427787564724	37.506991	139.931321	8	0.591	1.139	9.547	2.749
1427787564820	37.506994	139.931323	8	0.645	1.087	9.673	2.774
1427787564920	37.506997	139.931326	9	0.591	1.146	9.363	2.800
1427787565021	37.507001	139.931328	9	0.494	1.170	9.025	2.981
1427787565122	37.507006	139.931331	9	0.357	0.834	8.690	3.177
1427787565222	37.507011	139.931334	9	0.265	0.333	9.031	3.387
1427787565323	37.507016	139.931337	9	0.339	0.052	9.608	3.614
1427787565424	37.507021	139.931340	9	0.382	-0.127	9.797	3.856
1427787565520	37.507027	139.931343	9	0.433	-0.194	9.771	4.101
1427787565620	37.507033	139.931347	9	0.550	-0.225	9.706	4.370
1427787565721	37.507040	139.931351	9	0.572	-0.243	9.557	4.658
1427787565822	37.507047	139.931355	9	0.581	-0.172	9.224	4.961
1427787565922	37.507054	139.931359	15	0.474	-0.137	9.132	5.273
1427787566023	37.507065	139.931362	15	0.417	-0.190	9.542	5.407
1427787566124	37.507076	139.931365	15	0.383	-0.250	9.764	5.546
1427787566224	37.507087	139.931368	15	0.397	-0.212	9.498	5.686
1427787566320	37.507098	139.931372	15	0.448	-0.264	9.319	5.825
1427787566421	37.507109	139.931375	15	0.509	-0.250	9.656	5.975
1427787566521	37.507121	139.931378	15	0.676	-0.296	9.865	6.127
1427787566622	37.507134	139.931382	15	0.693	-0.215	9.563	6.284
1427787566723	37.507146	139.931386	15	0.681	-0.245	9.348	6.445
1427787566824	37.507159	139.931389	15	0.678	-0.230	9.417	6.610
1427787566924	37.507172	139.931393	15	0.589	-0.227	9.264	6.770
1427787567020	37.507178	139.931395	15	0.412	-0.187	9.031	6.770
1427787567121	37.507184	139.931397	15	0.302	-0.122	9.121	6.770
1427787567221	37.507190	139.931399	15	0.279	-0.140	9.602	6.770
1427787567322	37.507197	139.931401	15	0.265	0.039	9.943	6.770
1427787567423	37.507203	139.931403	15	0.188	0.174	9.665	6.770
1427787567524	37.507209	139.931405	15	0.326	0.130	9.561	6.770
1427787567624	37.507215	139.931407	15	0.271	0.247	9.638	6.770
1427787567720	37.507221	139.931409	15	0.186	0.317	9.277	6.770
1427787567821	37.507227	139.931411	15	0.179	0.285	9.325	6.770
1427787567921	37.507233	139.931413	8	0.259	0.310	9.227	6.770
1427787568022	37.507240	139.931415	8	0.354	0.244	9.208	6.795
1427787568123	37.507247	139.931417	8	0.453	0.169	9.488	6.820
1427787568224	37.507254	139.931418	8	0.490	0.161	9.437	6.845
1427787568324	37.507261	139.931420	8	0.475	0.217	9.187	6.870
1427787568420	37.507268	139.931422	8	0.438	0.325	9.088	6.894
1427787568521	37.507275	139.931424	8	0.425	0.334	9.108	6.919
1427787568621	37.507283	139.931426	8	0.402	0.307	9.470	6.944
1427787568722	37.507290	139.931427	8	0.358	0.313	9.565	6.970
1427787568823	37.507297	139.931429	8	0.410	0.261	9.671	6.995
1427787568923	37.507304	139.931431	8	0.386	0.229	9.525	7.021
1427787569024	37.507311	139.931433	8	0.451	0.279	9.453	7.070
1427787569120	37.507317	139.931434	8	0.463	0.268	9.539	7.117
1427787569220	37.507324	139.931435	8	0.538	0.320	9.404	7.166
1427787569321	37.507331	139.931437	8	0.544	0.236	9.361	7.216
1427787569422	37.507338	139.931438	8	0.562	0.238	9.434	7.267
1427787569523	37.507344	139.931440	8	0.559	0.176	9.685	7.317
1427787569623	37.507351	139.931441	8	0.502	0.193	9.369	7.368
1427787569724	37.507358	139.931443	8	0.435	0.266	9.080	7.419
1427787569820	37.507365	139.931444	8	0.347	0.234	9.358	7.468
1427787569920	37.507372	139.931446	7	0.301	0.182	9.637	7.520
1427787570021	37.507378	139.931449	7	0.278	0.055	10.039	7.545
1427787570122	37.507384	139.931452	7	0.252	0.047	9.858	7.570
1427787570222	37.507389	139.931456	7	0.217	0.157	9.542	7.595
1427787570323	37.507395	139.931459	7	0.155	0.205	9.138	7.620
1427787570424	37.507401	139.931462	7	0.073	0.344	8.602	7.645
1427787570520	37.507407	139.931465	7	0.084	0.349	8.684	7.669
1427787570620	37.507412	139.931468	7	0.196	0.209	8.995	7.694
1427787570721	37.507418	139.931472	7	0.263	0.139	9.261	7.720
1427787570822	37.507424	139.931475	7	0.322	-0.054	9.893	7.745
1427787570922	37.507430	139.931478	7	0.324	-0.043	10.005	7.770
1427787571023	37.507436	139.931481	7	0.283	-0.009	9.768	7.795
1427787571124	37.507442	139.931485	7	0.331	0.059	9.316	7.820
1427787571220	37.507447	139.931488	7	0.449	0.124	9.067	7.844
1427787571320	37.507453	139.931491	7	0.538	0.062	9.023	7.869
1427787571421	37.507459	139.931495	7	0.715	0.031	9.224	7.894
1427787571522	37.507465	139.931498	7	0.836	-0.145	9.979	7.920
1427787571622	37.507471	139.931502	7	0.845	-0.223	10.267	7.945
1427787571723	37.507477	139.931505	7	0.735	-0.171	9.917	7.970
1427787571824	37.507483	139.931509	7	0.591	-0.021	9.213	7.996
1427787571925	37.507489	139.931512	7	0.429	0.064	8.891	8.020
1427787572020	37.507496	139.931516	7	0.378	0.139	8.850	8.020
1427787572121	37.507503	139.931519	7	0.323	0.083	9.192	8.020
1427787572222	37.507511	139.931523	7	0.275	0.034	9.459	8.020
1427787572322	37.507518	139.931527	7	0.220	-0.012	9.551	8.020
1427787572423	37.507525	139.931531	7	0.160	-0.011	9.452	8.020
1427787572524	37.507532	139.931534	7	0.138	0.004	9.509	8.020
1427787572624	37.507540	139.931538	7	0.204	0.000	9.571	8.020
1427787572720	37.507547	139.931542	7	0.305	-0.002	9.537	8.020
1427787572821	37.507554	139.931545	7	0.377	-0.047	9.489	8.020
1427787572922	37.507561	139.931549	7	0.411	-0.026	9.408	8.020
1427787573022	37.507568	139.931552	7	0.372	-0.088	9.526	8.020
1427787573123	37.507575	139.931556	7	0.317	0.003	9.541	8.020
1427787573224	37.507581	139.931559	7	0.240	0.035	9.563	8.020
1427787573324	37.507588	139.931563	7	0.219	0.118	9.440	8.020
1427787573420	37.507595	139.931566	7	0.209	0.236	9.245	8.020
1427787573521	37.507601	139.931569	7	0.184	0.207	9.422	8.020
1427787573621	37.507608	139.931573	7	0.217	0.251	9.573	8.020
1427787573722	37.507615	139.931576	7	0.213	0.284	9.406	8.020
1427787573823	37.507621	139.931580	7	0.233	0.336	9.188	8.020
1427787573924	37.507628	139.931583	7	0.214	0.366	9.132	8.021
1427787574024	37.507635	139.931587	7	0.256	0.354	9.244	8.046
1427787574120	37.507641	139.931590	7	0.204	0.278	9.349	8.069
1427787574221	37.507647	139.931594	7	0.189	0.280	9.392	8.094
1427787574321	37.507654	139.931598	7	0.184	0.264	9.528	8.119
1427787574422	37.507660	139.931601	7	0.205	0.216	9.662	8.145
1427787574523	37.507667	139.931605	7	0.249	0.151	9.889	8.170
1427787574623	37.507673	139.931609	7	0.280	0.174	9.681	8.195
1427787574724	37.507680	139.931613	7	0.128	0.250	8.899	8.220
1427787574820	37.507686	139.931616	7	0.058	0.291	8.485	8.245
1427787574921	37.507693	139.931620	7	0.085	0.172	8.874	8.270
1427787575021	37.507700	139.931623	7	0.137	0.025	9.523	8.270
1427787575122	37.507706	139.931627	7	0.171	-0.104	9.863	8.270
1427787575223	37.507713	139.931630	7	0.227	-0.141	9.846	8.270
1427787575323	37.507720	139.931634	7	0.112	-0.156	9.850	8.270
1427787575424	37.507726	139.931637	7	0.035	-0.139	9.953	8.270
1427787575520	37.507733	139.931640	7	0.018	-0.036	9.651	8.270
1427787575621	37.507739	139.931644	7	0.039	0.039	9.236	8.270
1427787575721	37.507746	139.931647	7	0.132	0.114	8.727	8.270
1427787575822	37.507753	139.931651	7	0.222	0.041	8.892	8.270
1427787575923	37.507759	139.931654	7	0.292	-0.058	9.513	8.270
1427787576023	37.507767	139.931658	7	0.332	-0.132	9.935	8.270
1427787576124	37.507774	139.931661	7	0.308	-0.191	9.976	8.270
1427787576220	37.507782	139.931664	7	0.262	-0.105	9.498	8.270
1427787576320	37.507789	139.931668	7	0.184	-0.023	9.128	8.270
1427787576421	37.507797	139.931671	7	0.196	0.017	8.923	8.270
1427787576522	37.507805	139.931674	7	0.312	-0.032	9.048	8.270
1427787576623	37.507812	139.931678	7	0.380	-0.159	9.425	8.270
1427787576723	37.507820	139.931681	7	0.442	-0.290	9.474	8.270
1427787576824	37.507828	139.931685	7	0.463	-0.454	9.568	8.270
1427787576920	37.507835	139.931688	7	0.480	-0.495	9.872	8.270
1427787577020	37.507841	139.931691	7	0.529	-0.418	9.688	8.245
1427787577121	37.507848	139.931694	7	0.549	-0.373	9.209	8.219
1427787577222	37.507854	139.931697	7	0.587	-0.323	9.070	8.194
1427787577322	37.507861	139.931700	7	0.600	-0.350	9.367	8.169
1427787577423	37.507867	139.931703	7	0.596	-0.419	9.684	8.143
1427787577524	37.507873	139.931706	7	0.639	-0.463	9.817	8.118
1427787577620	37.507879	139.931709	7	0.689	-0.402	9.608	8.094
1427787577720	37.507886	139.931712	7	0.700	-0.348	9.337	8.069
1427787577821	37.507892	139.931715	7	0.649	-0.360	9.354	8.044
1427787577922	37.507898	139.931718	6	0.638	-0.357	9.390	8.020
1427787578022	37.507905	139.931721	6	0.561	-0.321	9.305	8.020
1427787578123	37.507912	139.931725	6	0.512	-0.281	9.450	8.020
1427787578224	37.507918	139.931728	6	0.502	-0.331	9.605	8.020
1427787578324	37.507925	139.931731	6	0.474	-0.277	9.495	8.020
1427787578420	37.507931	139.931735	6	0.427	-0.228	9.344	8.020
1427787578521	37.507938	139.931738	6	0.406	-0.219	9.378	8.020
1427787578622	37.507945	139.931741	6	0.376	-0.208	9.356	8.020
1427787578722	37.507952	139.931744	6	0.360	-0.196	9.319	8.020
1427787578823	37.507959	139.931748	6	0.388	-0.243	9.777	8.020
1427787578924	37.507965	139.931751	6	0.391	-0.213	9.689	8.023
1427787579024	37.507971	139.931755	6	0.315	-0.128	9.220	8.094
1427787579120	37.507978	139.931758	6	0.210	-0.083	9.239	8.163
1427787579221	37.507984	139.931762	6	0.184	-0.153	9.754	8.236
1427787579322	37.507990	139.931766	6	0.065	-0.205	10.219	8.310
1427787579422	37.507997	139.931770	6	0.006	-0.092	9.578	8.383
1427787579523	37.508004	139.931774	6	-0.182	0.149	8.217	8.458
1427787579624	37.508010	139.931777	6	-0.344	0.295	8.376	8.534
1427787579724	37.508017	139.931781	6	-0.575	0.202	9.328	8.610
1427787579820	37.508023	139.931785	6	-0.584	0.100	9.917	8.683
1427787579921	37.508030	139.931789	8	-0.663	0.071	9.516	8.759
1427787580021	37.508035	139.931792	8	-0.745	0.161	9.158	8.709
1427787580122	37.508041	139.931796	8	-0.895	0.125	9.748	8.659
1427787580223	37.508046	139.931799	8	-1.007	0.182	10.258	8.609
1427787580324	37.508051	139.931802	8	-0.937	0.295	9.677	8.559
1427787580424	37.508056	139.931805	8	-0.797	0.489	8.460	8.510
1427787580521	37.508061	139.931808	8	-0.714	0.432	8.062	8.462
1427787580621	37.508066	139.931812	8	-0.728	0.283	8.837	8.414
1427787580721	37.508071	139.931815	8	-0.754	0.069	10.169	8.365
1427787580822	37.508076	139.931818	8	-0.797	-0.018	10.676	8.317
1427787580923	37.508081	139.931821	8	-0.837	0.059	10.075	8.268
1427787581023	37.508087	139.931824	8	-0.863	0.211	9.155	8.189
1427787581124	37.508093	139.931827	8	-0.908	0.343	8.577	8.111
1427787581220	37.508098	139.931829	8	-1.027	0.308	8.805	8.038
1427787581321	37.508104	139.931832	8	-1.111	0.280	9.362	7.961
1427787581421	37.508110	139.931835	8	-1.160	0.206	10.015	7.885
1427787581522	37.508115	139.931838	8	-1.157	0.233	10.052	7.810
1427787581623	37.508121	139.931840	8	-1.116	0.312	9.845	7.735
1427787581723	37.508126	139.931843	8	-1.106	0.409	9.449	7.662
1427787581824	37.508132	139.931846	8	-1.036	0.521	9.027	7.589
1427787581920	37.508137	139.931848	6	-1.057	0.499	8.862	7.520
1427787582020	37.508144	139.931849	6	-1.021	0.508	8.852	7.545
1427787582121	37.508151	139.931850	6	-0.997	0.401	9.351	7.570
1427787582222	37.508159	139.931851	6	-1.076	0.325	9.995	7.595
1427787582323	37.508166	139.931852	6	-1.044	0.333	9.839	7.620
1427787582423	37.508173	139.931852	6	-1.057	0.394	9.630	7.645
1427787582524	37.508181	139.931853	6	-1.124	0.340	9.940	7.670
1427787582620	37.508188	139.931854	6	-1.136	0.410	9.157	7.694
1427787582720	37.508195	139.931855	6	-1.106	0.460	8.691	7.719
1427787582821	37.508203	139.931856	6	-1.152	0.395	8.938	7.745
1427787582922	37.508210	139.931857	8	-1.197	0.336	9.405	7.771
1427787583023	37.508219	139.931857	8	-1.206	0.278	9.489	7.820
1427787583123	37.508228	139.931856	8	-1.121	0.267	9.205	7.869
1427787583224	37.508236	139.931856	8	-1.175	0.296	9.361	7.919
1427787583320	37.508245	139.931856	8	-1.155	0.197	9.686	7.966
1427787583420	37.508254	139.931856	8	-1.029	0.251	9.610	8.016
1427787583521	37.508263	139.931855	8	-0.927	0.290	9.092	8.067
1427787583622	37.508272	139.931855	8	-0.901	0.285	8.982	8.118
1427787583723	37.508281	139.931855	8	-0.802	0.271	9.237	8.169
1427787583823	37.508290	139.931854	8	-0.759	0.222	9.590	8.220
1427787583924	37.508299	139.931854	9	-0.663	0.168	9.611	8.269
1427787584020	37.508307	139.931851	9	-0.628	0.136	9.594	8.245
1427787584120	37.508316	139.931848	9	-0.565	0.015	9.873	8.219
1427787584221	37.508324	139.931845	9	-0.470	0.032	9.786	8.194
1427787584322	37.508333	139.931842	9	-0.376	0.050	9.476	8.169
1427787584422	37.508341	139.931839	9	-0.321	0.061	9.488	8.144
1427787584523	37.508349	139.931836	9	-0.216	0.212	8.932	8.118
1427787584624	37.508358	139.931833	9	-0.202	0.312	8.134	8.093
1427787584720	37.508366	139.931830	9	-0.275	0.443	7.800	8.069
1427787584820	37.508374	139.931827	9	-0.284	0.192	8.992	8.045
1427787584921	37.508382	139.931824	9	-0.434	-0.138	10.535	8.020
1427787585022	37.508390	139.931825	9	-0.514	-0.230	11.088	8.020
1427787585122	37.508398	139.931826	9	-0.492	-0.142	10.538	8.020
1427787585223	37.508406	139.931827	9	-0.458	-0.131	10.064	8.020
1427787585324	37.508414	139.931828	9	-0.368	0.140	9.644	8.020
1427787585424	37.508422	139.931830	9	-0.315	0.315	8.977	8.020
1427787585520	37.508430	139.931831	9	-0.257	0.485	8.196	8.020
1427787585621	37.508438	139.931832	9	-0.313	0.358	7.959	8.020
1427787585721	37.508446	139.931833	9	-0.246	0.127	8.995	8.020
1427787585822	37.508454	139.931834	9	-0.214	-0.070	10.556	8.020
1427787585923	37.508462	139.931835	6	-0.191	-0.113	10.985	8.021
1427787586024	37.508471	139.931834	6	-0.116	0.018	10.142	8.046
1427787586124	37.508479	139.931833	6	-0.109	0.131	8.946	8.070
1427787586220	37.508487	139.931831	6	-0.107	0.132	8.283	8.094
1427787586321	37.508495	139.931830	6	-0.053	0.135	8.509	8.119
1427787586421	37.508503	139.931829	6	0.007	0.014	9.526	8.144
1427787586522	37.508512	139.931828	6	-0.000	-0.084	10.270	8.170
1427787586623	37.508520	139.931827	6	-0.007	-0.091	9.939	8.195
1427787586724	37.508529	139.931825	6	0.043	-0.031	9.499	8.220
1427787586824	37.508537	139.931824	6	0.057	0.084	9.275	8.246
1427787586920	37.508545	139.931823	8	0.073	0.172	9.251	8.270
1427787587021	37.508552	139.931820	8	0.103	0.265	9.392	8.270
1427787587121	37.508559	139.931816	8	0.141	0.273	9.360	8.270
1427787587222	37.508566	139.931813	8	0.161	0.284	9.444	8.270
1427787587323	37.508574	139.931810	8	0.262	0.252	9.459	8.270
1427787587423	37.508581	139.931806	8	0.300	0.184	9.659	8.270
1427787587524	37.508588	139.931803	8	0.317	0.301	9.516	8.270
1427787587620	37.508595	139.931800	8	0.270	0.329	9.141	8.270
1427787587721	37.508602	139.931797	8	0.230	0.303	9.103	8.270
1427787587821	37.508609	139.931793	8	0.180	0.293	9.316	8.270
1427787587922	37.508616	139.931790	8	0.127	0.185	9.661	8.270
1427787588023	37.508624	139.931789	8	0.130	0.214	9.645	8.294
1427787588123	37.508631	139.931789	8	0.047	0.199	9.634	8.318
1427787588224	37.508639	139.931789	8	-0.124	0.262	9.631	8.342
1427787588320	37.508646	139.931788	8	-0.192	0.306	9.412	8.365
1427787588421	37.508653	139.931788	8	-0.230	0.365	9.179	8.389
1427787588521	37.508661	139.931787	8	-0.200	0.373	9.284	8.413
1427787588622	37.508668	139.931786	8	-0.149	0.236	9.512	8.438
1427787588723	37.508676	139.931786	8	-0.116	0.248	9.530	8.462
1427787588823	37.508684	139.931785	8	-0.036	0.261	9.380	8.486
1427787588924	37.508691	139.931785	6	0.016	0.253	9.430	8.512
1427787589020	37.508699	139.931783	6	0.046	0.225	9.238	8.559
1427787589120	37.508706	139.931782	6	0.007	0.143	9.165	8.608
1427787589221	37.508714	139.931780	6	0.001	0.068	9.407	8.657
1427787589322	37.508722	139.931779	6	-0.005	-0.074	9.723	8.708
1427787589423	37.508730	139.931777	6	0.018	-0.132	9.713	8.758
1427787589523	37.508738	139.931775	6	0.072	-0.139	9.575	8.808
1427787589624	37.508746	139.931774	6	0.017	-0.130	9.505	8.859
1427787589720	37.508754	139.931772	6	0.013	-0.059	9.207	8.908
1427787589820	37.508762	139.931771	6	0.090	-0.094	9.245	8.959
1427787589921	37.508770	139.931769	6	0.106	-0.147	9.941	9.010
1427787590022	37.508779	139.931767	6	0.054	-0.194	9.443	9.010
1427787590122	37.508788	139.931766	6	0.042	-0.154	8.976	9.010
1427787590223	37.508797	139.931764	6	-0.002	-0.010	9.019	9.010
1427787590324	37.508806	139.931763	6	0.073	-0.165	9.382	9.010
1427787590420	37.508815	139.931761	6	0.322	-0.087	9.383	9.010
1427787590520	37.508824	139.931759	6	0.261	-0.179	9.418	9.010
1427787590621	37.508833	139.931758	6	0.176	-0.184	9.537	9.010
1427787590722	37.508842	139.931756	6	0.155	-0.186	9.712	9.010
1427787590822	37.508851	139.931755	6	0.101	-0.161	9.603	9.010
1427787590923	37.508860	139.931753	6	0.062	-0.154	9.311	9.009
1427787591024	37.508870	139.931752	6	0.052	-0.043	9.102	8.984
1427787591125	37.508879	139.931751	6	0.067	-0.106	9.212	8.958
1427787591220	37.508888	139.931750	6	0.119	-0.130	9.529	8.934
1427787591321	37.508897	139.931749	6	0.161	-0.162	9.858	8.909
1427787591422	37.508907	139.931748	6	0.204	-0.179	9.638	8.884
1427787591522	37.508916	139.931748	6	0.184	-0.053	9.160	8.859
1427787591623	37.508925	139.931747	6	0.183	-0.075	9.034	8.834
1427787591724	37.508934	139.931746	6	0.152	-0.058	9.252	8.808
1427787591824	37.508943	139.931745	6	0.120	-0.099	9.411	8.784
1427787591920	37.508952	139.931744	6	0.053	-0.123	9.601	8.760
1427787592021	37.508960	139.931744	6	-0.041	-0.157	9.583	8.760
1427787592122	37.508968	139.931743	6	-0.082	-0.125	9.518	8.760
1427787592222	37.508976	139.931742	6	-0.030	-0.121	9.421	8.760
1427787592323	37.508983	139.931742	6	-0.023	-0.073	9.300	8.760
1427787592424	37.508991	139.931741	6	-0.001	-0.012	9.194	8.760
1427787592524	37.508999	139.931741	6	0.006	0.012	9.108	8.760
1427787592620	37.509007	139.931740	6	-0.044	0.013	9.231	8.760
1427787592721	37.509014	139.931740	6	-0.107	-0.080	9.791	8.760
1427787592821	37.509022	139.931739	6	-0.053	-0.134	9.862	8.760
1427787592922	37.509030	139.931739	5	0.032	-0.073	9.588	8.760
1427787593023	37.509038	139.931738	5	0.055	-0.067	9.269	8.760
1427787593123	37.509046	139.931738	5	0.065	0.024	9.039	8.760
1427787593224	37.509054	139.931737	5	0.032	0.078	9.045	8.760
1427787593320	37.509062	139.931737	5	0.033	0.066	9.251	8.760
1427787593421	37.509070	139.931736	5	0.106	-0.012	9.430	8.760
1427787593521	37.509078	139.931735	5	0.105	-0.074	9.682	8.760
1427787593622	37.509086	139.931735	5	0.001	-0.060	9.762	8.760
1427787593723	37.509094	139.931734	5	0.020	-0.062	9.573	8.760
1427787593823	37.509102	139.931734	5	0.117	-0.015	9.259	8.760
1427787593924	37.509110	139.931733	5	0.039	-0.031	9.079	8.761
1427787594020	37.509118	139.931733	5	0.155	-0.045	9.333	8.785
1427787594121	37.509126	139.931733	5	0.116	-0.143	9.888	8.810
1427787594221	37.509134	139.931733	5	0.048	-0.179	9.860	8.835
1427787594322	37.509142	139.931733	5	-0.018	-0.020	9.221	8.860
1427787594423	37.509150	139.931733	5	-0.103	0.001	8.780	8.885
1427787594523	37.509158	139.931733	5	0.019	0.116	9.072	8.910
1427787594624	37.509166	139.931733	5	0.123	0.012	9.010	8.935
1427787594720	37.509174	139.931733	5	0.290	0.004	8.958	8.959
1427787594821	37.509182	139.931733	5	0.182	-0.050	9.287	8.985
1427787594921	37.509190	139.931733	6	0.075	-0.236	9.789	9.010
1427787595022	37.509197	139.931733	6	-0.010	-0.184	10.156	9.010
1427787595123	37.509205	139.931733	6	-0.027	-0.134	9.954	9.010
1427787595223	37.509212	139.931733	6	0.001	-0.082	9.712	9.010
1427787595324	37.509219	139.931733	6	0.078	-0.031	9.406	9.010
1427787595420	37.509226	139.931733	6	-0.039	-0.021	9.438	9.010
1427787595520	37.509234	139.931732	6	-0.059	-0.038	9.561	9.010
1427787595621	37.509241	139.931732	6	-0.195	-0.031	9.652	9.010
1427787595722	37.509249	139.931732	6	-0.183	-0.042	9.622	9.010
1427787595823	37.509256	139.931732	6	-0.124	-0.042	9.054	9.010
1427787595923	37.509263	139.931732	6	-0.157	0.042	8.936	9.010
1427787596024	37.509271	139.931732	6	-0.155	-0.014	9.261	9.010
1427787596120	37.509279	139.931733	6	-0.108	-0.014	9.304	9.010
1427787596220	37.509287	139.931733	6	-0.110	-0.108	9.354	9.010
1427787596321	37.509295	139.931734	6	-0.096	-0.174	9.508	9.010
1427787596422	37.509303	139.931734	6	-0.076	-0.164	9.688	9.010
1427787596522	37.509311	139.931734	6	0.029	-0.155	9.608	9.010
1427787596623	37.509319	139.931735	6	0.151	-0.069	9.577	9.010
1427787596724	37.509327	139.931735	6	0.202	-0.041	9.458	9.010
1427787596820	37.509335	139.931736	6	0.193	0.043	9.155	9.010
1427787596920	37.509343	139.931736	6	0.098	-0.015	9.310	9.010
1427787597021	37.509352	139.931736	6	0.034	-0.039	9.702	9.010
1427787597122	37.509362	139.931735	6	0.083	-0.098	9.814	9.010
1427787597222	37.509371	139.931735	6	0.103	-0.102	9.566	9.010
1427787597323	37.509380	139.931735	6	0.075	0.005	9.157	9.010
1427787597424	37.509389	139.931734	6	0.071	-0.014	9.064	9.010
1427787597524	37.509399	139.931734	6	0.018	-0.043	9.306	9.010
1427787597620	37.509407	139.931734	6	0.063	-0.063	9.573	9.010
1427787597721	37.509417	139.931734	6	0.146	-0.081	9.357	9.010
1427787597822	37.509426	139.931733	6	0.089	-0.185	9.454	9.010
1427787597922	37.509435	139.931733	6	0.168	-0.121	9.535	9.010
1427787598023	37.509444	139.931732	6	0.210	-0.154	9.669	9.035
1427787598124	37.509452	139.931730	6	0.289	-0.069	9.255	9.060
1427787598224	37.509460	139.931729	6	0.200	-0.096	9.348	9.085
1427787598320	37.509468	139.931728	6	0.119	-0.168	9.523	9.109
1427787598421	37.509477	139.931727	6	0.089	-0.116	9.481	9.134
1427787598521	37.509485	139.931725	6	0.074	-0.159	9.540	9.159
1427787598622	37.509494	139.931724	6	0.020	-0.255	9.622	9.185
1427787598723	37.509502	139.931723	6	-0.055	-0.395	9.433	9.210
1427787598824	37.509511	139.931721	6	-0.059	-0.327	9.446	9.236
1427787598924	37.509519	139.931720	5	-0.045	-0.268	9.530	9.258
1427787599020	37.509528	139.931719	5	-0.052	-0.342	9.383	9.209
1427787599121	37.509536	139.931717	5	-0.082	-0.395	9.392	9.157
1427787599221	37.509544	139.931716	5	-0.067	-0.331	9.406	9.107
1427787599322	37.509553	139.931715	5	-0.002	-0.330	9.308	9.056
1427787599423	37.509561	139.931713	5	0.087	-0.401	9.385	9.005
1427787599524	37.509570	139.931712	5	0.091	-0.356	9.416	8.955
1427787599624	37.509578	139.931711	5	0.071	-0.296	9.153	8.905
1427787599720	37.509586	139.931710	5	0.050	-0.373	9.085	8.858
1427787599821	37.509594	139.931708	5	0.069	-0.399	9.325	8.808
1427787599921	37.509602	139.931707	6	0.079	-0.399	9.359	8.760
1427787600022	37.509609	139.931706	6	0.099	-0.411	9.622	8.760
1427787600123	37.509616	139.931705	6	0.036	-0.418	9.665	8.760
1427787600223	37.509623	139.931704	6	-0.067	-0.394	9.631	8.760
1427787600324	37.509630	139.931703	6	-0.070	-0.359	9.547	8.760
1427787600420	37.509636	139.931702	6	-0.016	-0.326	9.498	8.760
1427787600521	37.509643	139.931700	6	0.002	-0.355	9.420	8.760
1427787600621	37.509650	139.931699	6	0.016	-0.376	9.471	8.760
1427787600722	37.509657	139.931698	6	0.117	-0.292	9.372	8.760
1427787600823	37.509664	139.931697	6	0.058	-0.293	9.380	8.760
1427787600923	37.509671	139.931696	6	0.107	-0.257	9.638	8.760
1427787601024	37.509680	139.931695	6	0.153	-0.208	9.534	8.760
1427787601120	37.509687	139.931695	6	0.172	-0.141	9.420	8.760
1427787601220	37.509696	139.931694	6	0.167	-0.155	9.466	8.760
1427787601321	37.509704	139.931694	6	0.168	-0.023	9.723	8.760
1427787601422	37.509712	139.931693	6	0.160	0.052	9.466	8.760
1427787601523	37.509720	139.931692	6	0.116	0.167	9.148	8.760
1427787601623	37.509729	139.931692	6	0.196	0.227	9.277	8.760
1427787601724	37.509737	139.931691	6	0.197	0.215	9.325	8.760
1427787601820	37.509745	139.931691	6	0.185	0.195	9.347	8.760
1427787601920	37.509753	139.931690	6	0.147	0.141	9.489	8.760
1427787602021	37.509760	139.931690	6	0.102	0.158	9.528	8.655
1427787602122	37.509767	139.931690	6	0.073	0.081	9.255	8.550
1427787602223	37.509774	139.931691	6	0.056	0.003	9.288	8.448
1427787602323	37.509780	139.931691	6	0.000	-0.218	9.407	8.347
1427787602424	37.509787	139.931691	6	-0.051	-0.348	9.373	8.246
1427787602520	37.509793	139.931691	6	-0.039	-0.298	9.535	8.152
1427787602620	37.509799	139.931691	6	-0.066	-0.290	9.603	8.055
1427787602721	37.509806	139.931692	6	-0.084	-0.312	9.432	7.958
1427787602822	37.509812	139.931692	6	-0.062	-0.295	9.391	7.862
1427787602922	37.509818	139.931692	6	-0.016	-0.220	9.330	7.769
1427787603023	37.509825	139.931692	6	-0.080	-0.244	9.525	7.717
1427787603124	37.509831	139.931692	6	-0.021	-0.278	9.616	7.665
1427787603220	37.509837	139.931693	6	-0.048	-0.345	9.622	7.617
1427787603320	37.509844	139.931693	6	-0.082	-0.349	9.610	7.566
1427787603421	37.509850	139.931693	6	-0.068	-0.336	9.297	7.515
1427787603522	37.509856	139.931693	6	-0.044	-0.228	9.068	7.465
1427787603622	37.509863	139.931693	6	-0.031	-0.205	9.104	7.416
1427787603723	37.509869	139.931694	6	-0.003	-0.176	9.320	7.366
1427787603824	37.509875	139.931694	6	0.001	-0.160	9.470	7.317
1427787603924	37.509881	139.931694	7	-0.033	-0.155	9.602	7.275
1427787604020	37.509889	139.931693	7	-0.051	-0.164	9.588	7.385
1427787604121	37.509897	139.931692	7	-0.064	-0.110	9.565	7.504
1427787604222	37.509905	139.931691	7	-0.001	-0.062	9.524	7.624
1427787604322	37.509913	139.931690	7	0.042	0.044	9.023	7.745
1427787604423	37.509921	139.931689	7	-0.003	0.020	9.236	7.869
1427787604524	37.509930	139.931688	7	-0.055	-0.142	9.950	7.996
1427787604624	37.509938	139.931686	7	0.049	-0.043	9.669	8.123
1427787604720	37.509946	139.931685	7	-0.022	-0.057	9.415	8.246
1427787604821	37.509955	139.931684	7	-0.023	-0.086	9.509	8.379
1427787604921	37.509964	139.931683	8	0.045	-0.055	9.789	8.510
1427787605022	37.509972	139.931682	8	0.048	0.059	9.429	8.510
1427787605123	37.509980	139.931680	8	-0.041	0.033	8.945	8.510
1427787605224	37.509988	139.931679	8	-0.072	-0.026	9.253	8.510
1427787605324	37.509996	139.931678	8	-0.068	-0.085	9.655	8.510
1427787605420	37.510003	139.931677	8	-0.138	-0.149	9.460	8.510
1427787605521	37.510011	139.931675	8	-0.075	-0.145	9.300	8.510
1427787605621	37.510019	139.931674	8	0.030	-0.152	9.496	8.510
1427787605722	37.510027	139.931673	8	-0.031	-0.117	9.369	8.510
1427787605823	37.510034	139.931671	8	-0.113	-0.069	9.222	8.510
1427787605924	37.510042	139.931670	8	-0.041	-0.091	9.296	8.510
1427787606024	37.510051	139.931667	8	0.100	-0.136	9.589	8.510
1427787606120	37.510059	139.931665	8	0.244	-0.176	9.553	8.510
1427787606221	37.510067	139.931662	8	0.330	-0.196	9.736	8.510
1427787606321	37.510075	139.931659	8	0.316	-0.267	9.889	8.510
1427787606422	37.510084	139.931656	8	0.206	-0.164	9.595	8.510
1427787606523	37.510092	139.931654	8	0.112	-0.093	9.318	8.510
1427787606623	37.510100	139.931651	8	0.089	-0.042	9.138	8.510
1427787606724	37.510109	139.931648	8	0.124	-0.062	9.220	8.510
1427787606820	37.510117	139.931646	8	0.122	-0.121	9.278	8.510
1427787606921	37.510125	139.931643	8	0.092	-0.268	9.502	8.510
1427787607021	37.510132	139.931642	8	0.066	-0.254	9.679	8.510
1427787607122	37.510140	139.931640	8	0.019	-0.204	9.484	8.510
1427787607223	37.510147	139.931639	8	0.041	-0.169	9.299	8.510
1427787607323	37.510154	139.931638	8	0.052	-0.154	9.257	8.510
1427787607424	37.510162	139.931636	8	0.062	-0.173	9.281	8.510
1427787607520	37.510169	139.931635	8	0.055	-0.247	9.463	8.510
1427787607620	37.510176	139.931634	8	0.109	-0.271	9.548	8.510
1427787607721	37.510183	139.931633	8	0.135	-0.240	9.514	8.510
1427787607822	37.510191	139.931631	8	0.120	-0.199	9.247	8.510
1427787607923	37.510198	139.931630	7	0.157	-0.162	9.215	8.510
1427787608023	37.510207	139.931629	7	0.131	-0.178	9.227	8.510
1427787608124	37.510216	139.931628	7	0.094	-0.220	9.363	8.510
1427787608220	37.510224	139.931627	7	0.125	-0.259	9.699	8.510
1427787608320	37.510233	139.931626	7	0.073	-0.225	9.820	8.510
1427787608421	37.510242	139.931625	7	0.099	-0.187	9.667	8.510
1427787608522	37.510250	139.931624	7	0.110	-0.106	9.538	8.510
1427787608623	37.510259	139.931623	7	0.143	0.083	9.084	8.510
1427787608723	37.510268	139.931622	7	0.204	0.081	8.888	8.510
1427787608824	37.510277	139.931621	7	0.222	-0.036	9.182	8.510
1427787608920	37.510285	139.931620	6	0.236	-0.158	9.557	8.510
1427787609020	37.510293	139.931620	6	0.305	-0.246	9.835	8.510
1427787609121	37.510300	139.931620	6	0.237	-0.315	9.617	8.510
1427787609222	37.510308	139.931619	6	0.256	-0.421	9.917	8.510
1427787609322	37.510316	139.931619	6	0.221	-0.403	9.966	8.510
1427787609423	37.510324	139.931619	6	0.211	-0.283	9.299	8.510
1427787609524	37.510332	139.931619	6	0.229	-0.199	8.657	8.510
1427787609620	37.510339	139.931619	6	0.131	-0.151	8.565	8.510
1427787609720	37.510347	139.931618	6	0.114	-0.246	9.335	8.510
1427787609821	37.510354	139.931618	6	0.151	-0.427	10.080	8.510
1427787609922	37.510362	139.931618	7	0.150	-0.516	10.481	8.510
1427787610022	37.510370	139.931618	7	0.157	-0.396	9.861	8.510
1427787610123	37.510378	139.931618	7	0.139	-0.220	9.155	8.510
1427787610224	37.510387	139.931617	7	-0.030	-0.076	8.992	8.510
1427787610324	37.510395	139.931617	7	-0.106	-0.046	9.002	8.510
1427787610420	37.510402	139.931617	7	-0.069	-0.145	8.954	8.510
1427787610521	37.510411	139.931617	7	-0.061	-0.309	9.241	8.510
1427787610622	37.510419	139.931617	7	0.050	-0.464	9.792	8.510
1427787610722	37.510427	139.931616	7	0.118	-0.535	10.227	8.510
1427787610823	37.510435	139.931616	7	0.100	-0.473	9.954	8.510
1427787610924	37.510443	139.931616	7	0.077	-0.304	9.149	8.509
1427787611024	37.510450	139.931616	7	0.086	-0.175	8.493	8.485
1427787611120	37.510457	139.931616	7	0.066	-0.191	8.572	8.461
1427787611221	37.510465	139.931616	7	0.020	-0.288	9.241	8.437
1427787611321	37.510472	139.931616	7	-0.004	-0.443	10.082	8.413
1427787611422	37.510479	139.931615	7	-0.064	-0.510	10.281	8.389
1427787611523	37.510486	139.931615	7	-0.017	-0.417	9.765	8.364
1427787611624	37.510493	139.931615	7	-0.070	-0.286	9.508	8.340
1427787611724	37.510500	139.931615	7	-0.192	-0.183	9.182	8.316
1427787611820	37.510507	139.931615	7	-0.136	-0.127	8.938	8.294
1427787611921	37.510514	139.931615	7	-0.090	-0.148	8.856	8.270
1427787612022	37.510521	139.931614	7	-0.011	-0.146	8.969	8.244
1427787612122	37.510528	139.931614	7	-0.036	-0.258	9.520	8.219
1427787612223	37.510535	139.931613	7	-0.077	-0.308	10.090	8.193
1427787612324	37.510542	139.931612	7	-0.104	-0.208	9.822	8.168
1427787612424	37.510549	139.931611	7	-0.122	-0.178	9.600	8.143
1427787612520	37.510556	139.931611	7	-0.118	-0.121	9.379	8.119
1427787612621	37.510563	139.931610	7	-0.062	-0.102	9.522	8.094
1427787612721	37.510569	139.931609	7	-0.074	-0.111	9.774	8.069
1427787612822	37.510576	139.931609	7	-0.084	-0.033	9.243	8.044
1427787612923	37.510583	139.931608	7	-0.104	-0.011	9.121	8.019
1427787613023	37.510589	139.931607	7	-0.056	-0.051	9.189	7.994
1427787613124	37.510594	139.931606	7	-0.031	-0.300	9.165	7.968
1427787613220	37.510599	139.931604	7	-0.082	-0.346	9.396	7.944
1427787613321	37.510605	139.931603	7	-0.088	-0.209	9.248	7.919
1427787613421	37.510610	139.931602	7	-0.062	-0.261	9.212	7.894
1427787613522	37.510616	139.931601	7	0.024	-0.500	9.807	7.869
1427787613623	37.510621	139.931600	7	0.120	-0.525	10.162	7.843
1427787613723	37.510627	139.931598	7	0.073	-0.306	9.439	7.819
1427787613824	37.510632	139.931597	7	0.001	-0.280	8.993	7.794
1427787613920	37.510637	139.931596	7	-0.057	-0.334	9.221	7.770
1427787614020	37.510645	139.931596	7	-0.085	-0.344	9.594	7.745
1427787614121	37.510652	139.931596	7	-0.091	-0.323	9.445	7.719
1427787614222	37.510660	139.931596	7	-0.058	-0.361	9.417	7.694
1427787614323	37.510668	139.931596	7	-0.021	-0.376	9.562	7.668
1427787614423	37.510675	139.931595	7	-0.018	-0.360	9.724	7.643
1427787614524	37.510683	139.931595	7	-0.006	-0.307	9.397	7.618
1427787614620	37.510690	139.931595	7	-0.015	-0.261	9.142	7.594
1427787614720	37.510697	139.931595	7	-0.047	-0.230	9.101	7.569
1427787614821	37.510705	139.931595	7	-0.117	-0.301	9.480	7.544
1427787614922	37.510712	139.931595	7	-0.095	-0.316	9.373	7.519
1427787615023	37.510717	139.931596	7	-0.057	-0.289	9.138	7.494
1427787615123	37.510722	139.931596	7	-0.084	-0.286	9.355	7.469
1427787615224	37.510727	139.931597	7	-0.135	-0.304	9.518	7.443
1427787615320	37.510731	139.931597	7	-0.221	-0.332	9.490	7.419
1427787615420	37.510736	139.931598	7	-0.282	-0.356	9.740	7.394
1427787615521	37.510741	139.931599	7	-0.266	-0.405	9.944	7.369
1427787615622	37.510746	139.931599	7	-0.192	-0.359	9.563	7.344
1427787615722	37.510751	139.931600	7	-0.141	-0.289	9.268	7.319
1427787615823	37.510755	139.931600	7	-0.031	-0.200	9.062	7.294
1427787615924	37.510760	139.931601	7	0.006	-0.197	9.071	7.270
1427787616020	37.510767	139.931600	7	0.002	-0.237	9.084	7.270
1427787616120	37.510774	139.931600	7	0.028	-0.289	9.049	7.270
1427787616221	37.510781	139.931599	7	-0.001	-0.366	9.534	7.270
1427787616322	37.510789	139.931598	7	-0.042	-0.539	10.363	7.270
1427787616422	37.510796	139.931597	7	0.045	-0.585	10.328	7.270
1427787616523	37.510803	139.931597	7	0.060	-0.480	9.564	7.270
1427787616624	37.510810	139.931596	7	0.029	-0.412	8.688	7.270
1427787616724	37.510817	139.931595	7	-0.044	-0.669	8.999	7.270
1427787616820	37.510824	139.931595	7	-0.083	-0.876	9.376	7.270
1427787616921	37.510831	139.931594	6	0.004	-1.038	9.489	7.269
1427787617022	37.510838	139.931595	6	0.041	-1.172	9.436	7.217
1427787617122	37.510844	139.931596	6	0.161	-1.187	9.247	7.166
1427787617223	37.510851	139.931597	6	0.257	-1.191	9.680	7.115
1427787617324	37.510858	139.931598	6	0.315	-1.029	9.925	7.064
1427787617424	37.510864	139.931599	6	0.410	-0.759	9.425	7.014
1427787617520	37.510871	139.931599	6	0.526	-0.633	9.210	6.966
1427787617621	37.510877	139.931600	6	0.659	-0.607	9.288	6.916
1427787617721	37.510883	139.931601	6	0.783	-0.660	9.405	6.867
1427787617822	37.510890	139.931602	6	0.991	-0.689	9.605	6.817
1427787617923	37.510896	139.931603	6	1.119	-0.674	9.367	6.768
1427787618024	37.510902	139.931602	6	1.162	-0.735	9.260	6.688
1427787618125	37.510908	139.931601	6	1.149	-0.857	9.487	6.609
1427787618220	37.510913	139.931600	6	1.074	-0.996	9.424	6.536
1427787618321	37.510919	139.931599	6	0.963	-1.165	9.072	6.459
1427787618421	37.510925	139.931598	6	1.012	-1.284	9.300	6.383
1427787618522	37.510931	139.931597	6	1.106	-1.411	9.527	6.308
1427787618623	37.510936	139.931596	6	1.200	-1.516	9.606	6.234
1427787618724	37.510942	139.931595	6	1.276	-1.576	9.626	6.160
1427787618824	37.510947	139.931594	6	1.373	-1.603	9.558	6.088
1427787618920	37.510952	139.931593	6	1.496	-1.640	9.421	6.020
1427787619021	37.510957	139.931595	6	1.606	-1.625	9.429	5.911
1427787619121	37.510961	139.931596	6	1.521	-1.569	9.444	5.804
1427787619222	37.510966	139.931598	6	1.440	-1.667	9.637	5.699
1427787619323	37.510971	139.931599	6	1.565	-1.678	9.696	5.595
1427787619423	37.510975	139.931601	6	1.564	-1.564	9.348	5.494
1427787619524	37.510980	139.931602	6	1.592	-1.522	8.972	5.394
1427787619620	37.510984	139.931604	6	1.534	-1.473	8.901	5.301
1427787619721	37.510988	139.931605	6	1.423	-1.514	9.510	5.205
1427787619821	37.510992	139.931607	6	1.377	-1.582	9.898	5.111
1427787619922	37.510996	139.931608	5	1.425	-1.452	9.199	5.019
1427787620023	37.511000	139.931612	5	1.517	-1.182	8.453	4.967
1427787620123	37.511003	139.931616	5	1.382	-1.054	8.928	4.916
1427787620224	37.511007	139.931620	5	1.158	-1.101	9.798	4.866
1427787620320	37.511010	139.931623	5	0.953	-1.098	10.259	4.818
1427787620420	37.511013	139.931627	5	0.978	-1.063	9.848	4.769
1427787620521	37.511017	139.931631	5	1.093	-0.876	8.849	4.719
1427787620622	37.511020	139.931634	5	0.980	-0.617	7.782	4.671
1427787620723	37.511024	139.931638	5	0.894	-0.690	8.285	4.623
1427787620823	37.511027	139.931642	5	1.004	-1.020	9.839	4.575
1427787620924	37.511030	139.931645	6	1.269	-1.198	10.667	4.529
1427787621020	37.511032	139.931650	6	1.566	-1.149	10.129	4.504
1427787621120	37.511034	139.931656	6	1.485	-0.972	8.868	4.479
1427787621221	37.511036	139.931661	6	0.849	-1.053	9.237	4.453
1427787621322	37.511038	139.931666	6	0.374	-0.954	10.023	4.428
1427787621422	37.511040	139.931671	6	0.111	-0.729	9.177	4.403
1427787621523	37.511042	139.931677	6	-0.145	-0.637	8.683	4.378
1427787621624	37.511043	139.931682	6	-0.136	-0.675	9.869	4.353
1427787621720	37.511045	139.931687	6	0.006	-0.802	10.039	4.329
1427787621820	37.511047	139.931692	6	0.042	-1.108	8.986	4.304
1427787621921	37.511049	139.931697	6	-0.067	-1.352	8.345	4.279
1427787622022	37.511050	139.931702	6	-0.162	-1.500	8.715	4.198
1427787622122	37.511050	139.931707	6	-0.245	-1.686	9.559	4.119
1427787622223	37.511051	139.931712	6	-0.279	-1.774	9.846	4.041
1427787622324	37.511051	139.931717	6	-0.531	-1.722	9.607	3.964
1427787622425	37.511052	139.931722	6	-0.944	-1.650	9.319	3.889
1427787622520	37.511052	139.931726	6	-1.196	-1.649	9.260	3.819
1427787622621	37.511053	139.931731	6	-1.071	-1.666	9.416	3.747
1427787622722	37.511053	139.931735	6	-0.675	-1.685	9.091	3.675
1427787622822	37.511054	139.931740	6	-0.256	-1.863	9.211	3.606
1427787622923	37.511054	139.931744	6	-0.101	-2.042	9.906	3.535
1427787623024	37.511055	139.931748	6	-0.270	-2.089	10.295	3.387
1427787623124	37.511056	139.931751	6	-0.582	-1.973	9.921	3.244
1427787623220	37.511057	139.931755	6	-0.807	-1.811	9.336	3.113
1427787623321	37.511058	139.931758	6	-0.862	-1.680	9.038	2.980
1427787623422	37.511059	139.931761	6	-0.841	-1.612	9.100	2.852
1427787623522	37.511060	139.931764	6	-0.854	-1.591	9.262	2.730
1427787623623	37.511061	139.931767	6	-0.893	-1.588	9.369	2.613
1427787623724	37.511062	139.931770	6	-0.877	-1.606	9.389	2.502
1427787623824	37.511062	139.931773	6	-0.733	-1.664	9.372	2.396
1427787623920	37.511063	139.931775	5	-0.563	-1.741	9.326	2.300
1427787624021	37.511063	139.931776	5	-0.441	-1.831	9.273	2.063
1427787624121	37.511064	139.931777	5	-0.442	-1.922	9.325	1.846
1427787624222	37.511064	139.931778	5	-0.610	-1.984	9.471	1.643
1427787624323	37.511065	139.931779	5	-0.811	-2.007	9.473	1.457
1427787624424	37.511065	139.931779	5	-0.891	-2.021	9.334	1.289
1427787624524	37.511065	139.931780	5	-0.802	-2.074	9.260	1.139
1427787624620	37.511065	139.931781	5	-0.640	-2.144	9.346	1.011
1427787624721	37.511066	139.931781	5	-0.311	-1.663	9.766	0.893
1427787624821	37.511066	139.931782	5	-0.042	-0.832	9.980	0.792
1427787624922	37.511066	139.931782	5	-0.026	-0.280	9.496	0.710
1427787625023	37.511066	139.931781	5	-0.107	-0.154	8.886	0.685
1427787625124	37.511067	139.931781	5	-0.026	-0.093	8.833	0.661
1427787625224	37.511067	139.931780	5	0.055	-0.105	9.249	0.638
1427787625320	37.511068	139.931780	5	0.060	-0.142	9.661	0.617
1427787625421	37.511068	139.931779	5	-0.004	-0.174	9.731	0.596
1427787625521	37.511069	139.931779	5	-0.111	-0.252	9.442	0.575
1427787625622	37.511069	139.931778	5	-0.213	-0.391	9.203	0.555
1427787625723	37.511069	139.931778	5	-0.263	-0.568	9.253	0.536
1427787625823	37.511070	139.931777	5	-0.249	-0.712	9.434	0.517
1427787625924	37.511070	139.931777	5	-0.193	-0.753	9.585	0.500
1427787626020	37.511070	139.931777	5	-0.116	-0.683	9.613	0.500
1427787626121	37.511071	139.931776	5	-0.050	-0.527	9.502	0.500
1427787626221	37.511071	139.931775	5	-0.018	-0.342	9.385	0.500
1427787626322	37.511071	139.931775	5	-0.021	-0.191	9.335	0.500
1427787626423	37.511072	139.931774	5	-0.039	-0.109	9.382	0.500
1427787626523	37.511072	139.931774	5	-0.052	-0.071	9.461	0.500
1427787626624	37.511072	139.931773	5	-0.060	-0.082	9.456	0.500
1427787626720	37.511072	139.931773	5	-0.069	-0.170	9.361	0.500
1427787626820	37.511073	139.931772	5	-0.094	-0.300	9.334	0.500
1427787626921	37.511073	139.931772	6	-0.135	-0.440	9.415	0.500
1427787627022	37.511073	139.931771	6	-0.148	-0.552	9.482	0.500
1427787627122	37.511074	139.931771	6	-0.139	-0.605	9.466	0.500
1427787627223	37.511074	139.931770	6	-0.124	-0.581	9.414	0.500
1427787627325	37.511075	139.931770	6	-0.108	-0.493	9.390	0.500
1427787627420	37.511075	139.931770	6	-0.087	-0.380	9.404	0.500
1427787627520	37.511075	139.931769	6	-0.065	-0.269	9.412	0.500
1427787627621	37.511076	139.931769	6	-0.050	-0.188	9.379	0.500
1427787627722	37.511076	139.931768	6	-0.031	-0.153	9.347	0.500
1427787627822	37.511077	139.931767	6	-0.020	-0.183	9.374	0.500
1427787627923	37.511077	139.931767	6	-0.036	-0.267	9.419	0.500
1427787628024	37.511077	139.931767	6	-0.070	-0.366	9.434	0.500
1427787628120	37.511078	139.931766	6	-0.104	-0.442	9.436	0.500
1427787628220	37.511078	139.931766	6	-0.128	-0.495	9.458	0.500
1427787628321	37.511078	139.931766	6	-0.123	-0.497	9.474	0.500
1427787628422	37.511079	139.931765	6	-0.107	-0.456	9.470	0.500
1427787628522	37.511079	139.931765	6	-0.081	-0.377	9.451	0.500
1427787628623	37.511079	139.931765	6	-0.063	-0.297	9.439	0.500
1427787628724	37.511079	139.931765	6	-0.043	-0.232	9.436	0.500
1427787628825	37.511080	139.931764	6	-0.040	-0.212	9.433	0.500
1427787628920	37.511080	139.931764	6	-0.040	-0.228	9.426	0.500
1427787629021	37.511080	139.931764	6	-0.057	-0.274	9.429	0.500
1427787629122	37.511081	139.931764	6	-0.078	-0.345	9.434	0.500
1427787629222	37.511081	139.931763	6	-0.111	-0.417	9.438	0.500
1427787629323	37.511081	139.931763	6	-0.128	-0.458	9.437	0.500
1427787629424	37.511082	139.931763	6	-0.125	-0.454	9.442	0.500
1427787629524	37.511082	139.931763	6	-0.101	-0.420	9.450	0.500
1427787629620	37.511082	139.931763	6	-0.081	-0.365	9.443	0.500
1427787629721	37.511082	139.931762	6	-0.074	-0.312	9.436	0.500
1427787629822	37.511083	139.931762	6	-0.070	-0.263	9.427	0.500
1427787629922	37.511083	139.931762	7	-0.073	-0.240	9.429	0.500
1427787630023	37.511083	139.931762	7	-0.078	-0.264	9.423	0.500
1427787630124	37.511083	139.931762	7	-0.084	-0.320	9.424	0.500
1427787630224	37.511084	139.931762	7	-0.102	-0.373	9.420	0.500
1427787630320	37.511084	139.931762	7	-0.113	-0.410	9.426	0.500
1427787630421	37.511084	139.931762	7	-0.115	-0.436	9.422	0.500
1427787630521	37.511084	139.931762	7	-0.115	-0.434	9.414	0.500
1427787630622	37.511084	139.931762	7	-0.107	-0.403	9.411	0.500
1427787630723	37.511085	139.931762	7	-0.092	-0.353	9.405	0.500
1427787630824	37.511085	139.931762	7	-0.072	-0.309	9.406	0.500
1427787630924	37.511085	139.931762	7	-0.069	-0.285	9.395	0.500
1427787631020	37.511085	139.931762	7	-0.080	-0.284	9.400	0.500
1427787631121	37.511085	139.931762	7	-0.076	-0.299	9.396	0.500
1427787631221	37.511085	139.931762	7	-0.083	-0.334	9.410	0.500
1427787631322	37.511085	139.931762	7	-0.090	-0.376	9.409	0.500
1427787631423	37.511086	139.931762	7	-0.102	-0.412	9.418	0.500
1427787631523	37.511086	139.931762	7	-0.111	-0.419	9.423	0.500
1427787631624	37.511086	139.931762	7	-0.102	-0.401	9.424	0.500
1427787631720	37.511086	139.931762	7	-0.090	-0.372	9.418	0.500
1427787631821	37.511086	139.931762	7	-0.086	-0.337	9.414	0.500
1427787631921	37.511086	139.931762	7	-0.076	-0.307	9.413	0.500
1427787632022	37.511086	139.931762	7	-0.066	-0.290	9.416	0.500
1427787632123	37.511086	139.931761	7	-0.063	-0.297	9.399	0.500
1427787632223	37.511086	139.931761	7	-0.074	-0.322	9.397	0.500
1427787632324	37.511086	139.931761	7	-0.083	-0.357	9.416	0.500
1427787632420	37.511086	139.931760	7	-0.084	-0.379	9.429	0.500
1427787632521	37.511086	139.931760	7	-0.086	-0.393	9.412	0.500
1427787632621	37.511086	139.931760	7	-0.085	-0.387	9.408	0.500
1427787632722	37.511086	139.931760	7	-0.082	-0.371	9.416	0.500
1427787632823	37.511086	139.931759	7	-0.075	-0.344	9.430	0.500
1427787632923	37.511086	139.931759	7	-0.069	-0.318	9.426	0.500
1427787633024	37.511086	139.931759	7	-0.065	-0.301	9.419	0.500
1427787633120	37.511086	139.931760	7	-0.061	-0.295	9.428	0.500
1427787633220	37.511087	139.931760	7	-0.058	-0.310	9.438	0.500
1427787633321	37.511087	139.931760	7	-0.065	-0.333	9.445	0.500
1427787633422	37.511087	139.931761	7	-0.075	-0.358	9.443	0.500
1427787633523	37.511087	139.931761	7	-0.084	-0.369	9.448	0.500
1427787633623	37.511087	139.931761	7	-0.092	-0.371	9.467	0.500
1427787633724	37.511088	139.931761	7	-0.091	-0.363	9.462	0.500
1427787633820	37.511088	139.931762	7	-0.081	-0.356	9.448	0.500
1427787633920	37.511088	139.931762	7	-0.072	-0.333	9.447	0.500
1427787634021	37.511088	139.931762	7	-0.072	-0.315	9.453	0.500
1427787634122	37.511088	139.931761	7	-0.067	-0.310	9.448	0.500
1427787634222	37.511088	139.931761	7	-0.070	-0.314	9.445	0.500
1427787634323	37.511088	139.931761	7	-0.083	-0.327	9.440	0.500
1427787634424	37.511088	139.931760	7	-0.090	-0.341	9.446	0.500
1427787634525	37.511088	139.931760	7	-0.088	-0.353	9.449	0.500
1427787634620	37.511088	139.931760	7	-0.096	-0.366	9.446	0.500
1427787634721	37.511088	139.931760	7	-0.105	-0.366	9.437	0.500
1427787634822	37.511088	139.931759	7	-0.102	-0.358	9.438	0.500
1427787634922	37.511088	139.931759	7	-0.087	-0.343	9.442	0.500
1427787635023	37.511088	139.931759	7	-0.086	-0.337	9.433	0.500
1427787635124	37.511088	139.931760	7	-0.089	-0.332	9.422	0.500
1427787635224	37.511088	139.931760	7	-0.089	-0.327	9.427	0.500
1427787635320	37.511088	139.931760	7	-0.083	-0.330	9.430	0.500
1427787635421	37.511088	139.931760	7	-0.092	-0.344	9.411	0.500
1427787635522	37.511089	139.931761	7	-0.103	-0.357	9.407	0.500
1427787635622	37.511089	139.931761	7	-0.102	-0.355	9.416	0.500
1427787635723	37.511089	139.931761	7	-0.099	-0.357	9.417	0.500
1427787635824	37.511089	139.931762	7	-0.100	-0.353	9.411	0.500
1427787635924	37.511089	139.931762	6	-0.099	-0.351	9.405	0.500
1427787636020	37.511089	139.931762	6	-0.091	-0.345	9.417	0.500
1427787636121	37.511089	139.931762	6	-0.085	-0.339	9.423	0.500
1427787636222	37.511089	139.931762	6	-0.090	-0.344	9.410	0.500
1427787636322	37.511089	139.931762	6	-0.095	-0.345	9.412	0.500
1427787636423	37.511089	139.931761	6	-0.103	-0.350	9.426	0.500
1427787636524	37.511089	139.931761	6	-0.098	-0.354	9.438	0.500
1427787636624	37.511089	139.931761	6	-0.096	-0.362	9.426	0.500
1427787636720	37.511089	139.931761	6	-0.092	-0.361	9.412	0.500
1427787636821	37.511089	139.931761	6	-0.087	-0.356	9.414	0.500
1427787636921	37.511089	139.931761	7	-0.076	-0.346	9.421	0.500
1427787637022	37.511089	139.931761	7	-0.081	-0.349	9.403	0.500
1427787637123	37.511089	139.931761	7	-0.078	-0.345	9.401	0.500
1427787637224	37.511089	139.931762	7	-0.077	-0.340	9.409	0.500
1427787637324	37.511089	139.931762	7	-0.075	-0.344	9.415	0.500
1427787637420	37.511089	139.931762	7	-0.079	-0.351	9.412	0.500
1427787637521	37.511089	139.931762	7	-0.083	-0.353	9.408	0.500
1427787637621	37.511089	139.931762	7	-0.083	-0.346	9.429	0.500
1427787637722	37.511089	139.931763	7	-0.074	-0.341	9.432	0.500
1427787637823	37.511089	139.931763	7	-0.076	-0.347	9.423	0.500
1427787637924	37.511089	139.931763	7	-0.074	-0.347	9.424	0.500
1427787638024	37.511089	139.931763	7	-0.071	-0.342	9.431	0.500
1427787638120	37.511089	139.931763	7	-0.064	-0.339	9.434	0.500
1427787638221	37.511089	139.931763	7	-0.067	-0.340	9.432	0.500
1427787638321	37.511089	139.931763	7	-0.071	-0.341	9.437	0.500
1427787638422	37.511089	139.931763	7	-0.072	-0.338	9.443	0.500
1427787638523	37.511089	139.931763	7	-0.075	-0.344	9.440	0.500
1427787638623	37.511089	139.931763	7	-0.082	-0.348	9.438	0.500
1427787638724	37.511089	139.931763	7	-0.088	-0.352	9.444	0.500
1427787638820	37.511089	139.931763	7	-0.085	-0.347	9.451	0.500
1427787638920	37.511089	139.931763	6	-0.083	-0.344	9.447	0.500
1427787639021	37.511089	139.931763	6	-0.092	-0.345	9.438	0.500
1427787639122	37.511089	139.931763	6	-0.098	-0.343	9.443	0.500
1427787639223	37.511089	139.931763	6	-0.100	-0.340	9.457	0.500
1427787639323	37.511089	139.931763	6	-0.100	-0.339	9.451	0.500
1427787639424	37.511089	139.931763	6	-0.099	-0.347	9.440	0.500
1427787639520	37.511089	139.931763	6	-0.101	-0.349	9.437	0.500
1427787639620	37.511089	139.931763	6	-0.099	-0.345	9.449	0.500
1427787639721	37.511089	139.931763	6	-0.091	-0.345	9.438	0.500
1427787639822	37.511089	139.931763	6	-0.097	-0.349	9.426	0.500
1427787639922	37.511089	139.931763	6	-0.102	-0.349	9.429	0.500
1427787640023	37.511089	139.931763	6	-0.103	-0.346	9.444	0.500
1427787640120	37.511089	139.931763	6	-0.096	-0.353	9.422	0.500
1427787640220	37.511089	139.931763	6	-0.091	-0.359	9.413	0.500
1427787640320	37.511089	139.931763	6	-0.098	-0.352	9.419	0.500
1427787640421	37.511089	139.931763	6	-0.098	-0.343	9.431	0.500
1427787640522	37.511089	139.931763	6	-0.093	-0.345	9.415	0.500
1427787640622	37.511089	139.931763	6	-0.095	-0.352	9.404	0.500
1427787640723	37.511089	139.931763	6	-0.095	-0.350	9.411	0.500
1427787640824	37.511089	139.931763	6	-0.091	-0.353	9.415	0.500
1427787640920	37.511089	139.931763	6	-0.087	-0.356	9.405	0.500
1427787641020	37.511089	139.931763	6	-0.094	-0.360	9.394	0.500
1427787641121	37.511089	139.931763	6	-0.101	-0.363	9.396	0.500
1427787641222	37.511089	139.931763	6	-0.092	-0.357	9.397	0.500
1427787641322	37.511089	139.931763	6	-0.085	-0.354	9.395	0.500
1427787641423	37.511089	139.931763	6	-0.085	-0.356	9.385	0.500
1427787641524	37.511089	139.931763	6	-0.083	-0.352	9.383	0.500
1427787641620	37.511089	139.931763	6	-0.074	-0.343	9.395	0.500
1427787641720	37.511089	139.931763	6	-0.072	-0.342	9.399	0.500
1427787641821	37.511089	139.931763	6	-0.074	-0.345	9.394	0.500
1427787641922	37.511089	139.931763	6	-0.078	-0.339	9.398	0.500
1427787642022	37.511089	139.931763	6	-0.074	-0.338	9.427	0.500
1427787642123	37.511089	139.931763	6	-0.071	-0.344	9.432	0.500
1427787642224	37.511089	139.931763	6	-0.069	-0.345	9.434	0.500
1427787642324	37.511089	139.931763	6	-0.073	-0.342	9.439	0.500
1427787642420	37.511089	139.931763	6	-0.070	-0.339	9.448	0.500
1427787642521	37.511089	139.931763	6	-0.071	-0.336	9.443	0.500
1427787642622	37.511089	139.931763	6	-0.080	-0.342	9.451	0.500
1427787642722	37.511089	139.931763	6	-0.087	-0.341	9.446	0.500
1427787642823	37.511089	139.931763	6	-0.092	-0.343	9.449	0.500
1427787642924	37.511089	139.931763	5	-0.094	-0.339	9.431	0.500
1427787643024	37.511089	139.931763	5	-0.102	-0.347	9.426	0.500
1427787643120	37.511089	139.931763	5	-0.100	-0.344	9.434	0.500
1427787643221	37.511089	139.931763	5	-0.094	-0.344	9.433	0.500
1427787643321	37.511089	139.931763	5	-0.092	-0.345	9.413	0.500
1427787643422	37.511089	139.931763	5	-0.096	-0.348	9.415	0.500
1427787643523	37.511089	139.931763	5	-0.096	-0.348	9.423	0.500
1427787643624	37.511089	139.931763	5	-0.089	-0.339	9.422	0.500
1427787643724	37.511089	139.931763	5	-0.087	-0.344	9.409	0.500
1427787643820	37.511089	139.931763	5	-0.094	-0.351	9.409	0.500
1427787643921	37.511089	139.931763	5	-0.095	-0.346	9.422	0.500
1427787644021	37.511089	139.931763	5	-0.085	-0.343	9.422	0.500
1427787644122	37.511089	139.931763	5	-0.081	-0.347	9.411	0.500
1427787644223	37.511089	139.931763	5	-0.084	-0.349	9.412	0.500
1427787644323	37.511089	139.931763	5	-0.086	-0.348	9.420	0.500
1427787644424	37.511089	139.931763	5	-0.079	-0.347	9.424	0.500
1427787644520	37.511089	139.931763	5	-0.082	-0.353	9.410	0.500
1427787644621	37.511089	139.931763	5	-0.090	-0.353	9.405	0.500
1427787644721	37.511089	139.931763	5	-0.091	-0.349	9.412	0.500
1427787644822	37.511089	139.931763	5	-0.088	-0.350	9.411	0.500
1427787644923	37.511089	139.931763	6	-0.090	-0.353	9.404	0.500
1427787645023	37.511089	139.931763	6	-0.092	-0.355	9.390	0.500
1427787645124	37.511089	139.931763	6	-0.090	-0.354	9.396	0.500
1427787645220	37.511089	139.931763	6	-0.080	-0.352	9.399	0.500
1427787645321	37.511089	139.931763	6	-0.079	-0.356	9.398	0.500
1427787645421	37.511089	139.931763	6	-0.072	-0.353	9.408	0.500
1427787645522	37.511089	139.931763	6	-0.072	-0.342	9.415	0.500
1427787645623	37.511089	139.931763	6	-0.071	-0.340	9.415	0.500
1427787645723	37.511089	139.931763	6	-0.072	-0.339	9.417	0.500
1427787645824	37.511089	139.931763	6	-0.074	-0.340	9.422	0.500
1427787645920	37.511089	139.931763	6	-0.075	-0.336	9.434	0.500
1427787646020	37.511089	139.931763	6	-0.070	-0.336	9.432	0.500
1427787646121	37.511089	139.931763	6	-0.072	-0.340	9.433	0.500
1427787646223	37.511089	139.931763	6	-0.081	-0.343	9.442	0.500
1427787646323	37.511089	139.931763	6	-0.088	-0.347	9.423	0.500
1427787646423	37.511089	139.931763	6	-0.079	-0.343	9.436	0.500
1427787646524	37.511089	139.931763	6	-0.088	-0.348	9.432	0.500
1427787646620	37.511089	139.931763	6	-0.101	-0.352	9.432	0.500
1427787646720	37.511089	139.931763	6	-0.103	-0.343	9.444	0.500
1427787646821	37.511089	139.931763	6	-0.099	-0.338	9.444	0.500
1427787646922	37.511089	139.931763	6	-0.100	-0.346	9.425	0.500
1427787647022	37.511089	139.931763	6	-0.098	-0.351	9.413	0.500
1427787647123	37.511089	139.931763	6	-0.097	-0.347	9.424	0.500
1427787647224	37.511089	139.931763	6	-0.091	-0.348	9.421	0.500
1427787647320	37.511089	139.931763	6	-0.089	-0.357	9.406	0.500
1427787647420	37.511089	139.931763	6	-0.093	-0.356	9.401	0.500
1427787647521	37.511089	139.931763	6	-0.101	-0.358	9.413	0.500
1427787647622	37.511089	139.931763	6	-0.093	-0.358	9.410	0.500
1427787647722	37.511089	139.931763	6	-0.089	-0.360	9.397	0.500
1427787647823	37.511089	139.931763	6	-0.093	-0.359	9.393	0.500
1427787647924	37.511089	139.931763	6	-0.095	-0.360	9.406	0.500
1427787648020	37.511089	139.931763	6	-0.085	-0.358	9.416	0.500
1427787648120	37.511089	139.931763	6	-0.088	-0.359	9.402	0.500
1427787648221	37.511089	139.931763	6	-0.091	-0.360	9.398	0.500
1427787648322	37.511089	139.931763	6	-0.089	-0.359	9.402	0.500
1427787648422	37.511089	139.931763	6	-0.087	-0.362	9.409	0.500
1427787648523	37.511089	139.931763	6	-0.085	-0.359	9.399	0.500
1427787648624	37.511089	139.931763	6	-0.083	-0.354	9.401	0.500
1427787648724	37.511089	139.931763	6	-0.074	-0.340	9.409	0.500
1427787648820	37.511089	139.931763	6	-0.068	-0.339	9.422	0.500
1427787648921	37.511089	139.931763	6	-0.068	-0.341	9.421	0.500
1427787649022	37.511089	139.931763	6	-0.066	-0.343	9.425	0.500
1427787649122	37.511089	139.931763	6	-0.067	-0.337	9.438	0.500
1427787649223	37.511089	139.931763	6	-0.065	-0.337	9.442	0.500
1427787649324	37.511089	139.931763	6	-0.068	-0.345	9.437	0.500
1427787649425	37.511089	139.931763	6	-0.075	-0.346	9.444	0.500
1427787649520	37.511089	139.931763	6	-0.075	-0.340	9.453	0.500
1427787649621	37.511089	139.931763	6	-0.072	-0.341	9.451	0.500
1427787649721	37.511089	139.931763	6	-0.074	-0.344	9.451	0.500
1427787649822	37.511089	139.931763	6	-0.081	-0.344	9.446	0.500
1427787649923	37.511089	139.931763	6	-0.081	-0.338	9.455	0.500
1427787650024	37.511089	139.931763	6	-0.073	-0.337	9.454	0.500
1427787650124	37.511089	139.931763	6	-0.075	-0.342	9.447	0.500
1427787650220	37.511089	139.931763	6	-0.084	-0.344	9.441	0.500
1427787650321	37.511089	139.931763	6	-0.085	-0.343	9.443	0.500
1427787650421	37.511089	139.931763	6	-0.085	-0.344	9.435	0.500
1427787650522	37.511089	139.931763	6	-0.092	-0.347	9.431	0.500
1427787650623	37.511089	139.931763	6	-0.094	-0.350	9.420	0.500
1427787650723	37.511089	139.931763	6	-0.088	-0.342	9.431	0.500
1427787650824	37.511089	139.931763	6	-0.083	-0.340	9.426	0.500
1427787650920	37.511089	139.931763	6	-0.088	-0.348	9.416	0.500
1427787651021	37.511089	139.931763	6	-0.090	-0.350	9.417	0.500
1427787651121	37.511089	139.931763	6	-0.087	-0.349	9.424	0.500
1427787651222	37.511089	139.931763	6	-0.083	-0.346	9.425	0.500
1427787651323	37.511089	139.931763	6	-0.088	-0.348	9.411	0.500
1427787651423	37.511089	139.931763	6	-0.096	-0.352	9.413	0.500
1427787651524	37.511089	139.931763	6	-0.092	-0.346	9.420	0.500
1427787651620	37.511089	139.931763	6	-0.091	-0.346	9.416	0.500
1427787651721	37.511089	139.931763	6	-0.093	-0.351	9.407	0.500
1427787651821	37.511089	139.931763	6	-0.096	-0.352	9.410	0.500
1427787651922	37.511089	139.931763	6	-0.093	-0.351	9.418	0.500
1427787652023	37.511089	139.931763	6	-0.092	-0.353	9.414	0.500
1427787652123	37.511089	139.931763	6	-0.093	-0.358	9.399	0.500
1427787652224	37.511089	139.931763	6	-0.097	-0.358	9.408	0.500
1427787652320	37.511089	139.931763	6	-0.097	-0.355	9.416	0.500
1427787652420	37.511089	139.931763	6	-0.091	-0.354	9.403	0.500
1427787652521	37.511089	139.931763	6	-0.089	-0.358	9.392	0.500
1427787652622	37.511089	139.931763	6	-0.087	-0.362	9.384	0.500
1427787652722	37.511089	139.931763	6	-0.086	-0.358	9.406	0.500
1427787652823	37.511089	139.931763	6	-0.080	-0.357	9.402	0.500
1427787652924	37.511089	139.931763	6	-0.080	-0.358	9.391	0.500
1427787653020	37.511089	139.931763	6	-0.084	-0.357	9.387	0.500
1427787653120	37.511089	139.931763	6	-0.083	-0.357	9.402	0.500
1427787653221	37.511089	139.931763	6	-0.076	-0.356	9.403	0.500
1427787653322	37.511089	139.931763	6	-0.077	-0.354	9.399	0.500
1427787653422	37.511089	139.931763	6	-0.080	-0.348	9.403	0.500
1427787653523	37.511089	139.931763	6	-0.077	-0.339	9.420	0.500
1427787653624	37.511089	139.931763	6	-0.073	-0.344	9.412	0.500
1427787653720	37.511089	139.931763	6	-0.078	-0.353	9.396	0.500
1427787653820	37.511089	139.931763	6	-0.082	-0.351	9.397	0.500
1427787653921	37.511089	139.931763	6	-0.082	-0.349	9.406	0.500
1427787654022	37.511089	139.931763	6	-0.073	-0.348	9.404	0.500
1427787654122	37.511089	139.931763	6	-0.075	-0.353	9.396	0.500
1427787654223	37.511089	139.931763	6	-0.079	-0.352	9.395	0.500
1427787654324	37.511089	139.931763	6	-0.075	-0.346	9.404	0.500
1427787654424	37.511089	139.931763	6	-0.069	-0.344	9.406	0.500
1427787654520	37.511089	139.931763	6	-0.069	-0.345	9.404	0.500
1427787654621	37.511089	139.931763	6	-0.080	-0.342	9.428	0.500
1427787654722	37.511089	139.931763	6	-0.074	-0.336	9.439	0.500
1427787654822	37.511089	139.931763	6	-0.076	-0.338	9.441	0.500
1427787654923	37.511089	139.931763	6	-0.078	-0.339	9.433	0.500
1427787655024	37.511089	139.931763	6	-0.089	-0.342	9.439	0.500
1427787655124	37.511089	139.931763	6	-0.086	-0.337	9.446	0.500
1427787655220	37.511089	139.931763	6	-0.087	-0.341	9.441	0.500
1427787655321	37.511089	139.931763	6	-0.081	-0.342	9.445	0.500
1427787655421	37.511089	139.931763	6	-0.079	-0.338	9.449	0.500
1427787655522	37.511089	139.931763	6	-0.078	-0.335	9.460	0.500
1427787655623	37.511089	139.931763	6	-0.079	-0.335	9.450	0.500
1427787655724	37.511089	139.931763	6	-0.092	-0.342	9.432	0.500
1427787655825	37.511089	139.931763	6	-0.097	-0.346	9.426	0.500
1427787655920	37.511089	139.931763	6	-0.095	-0.347	9.436	0.500
1427787656021	37.511089	139.931763	6	-0.091	-0.345	9.421	0.500
1427787656121	37.511089	139.931763	6	-0.090	-0.352	9.417	0.500
1427787656222	37.511089	139.931763	6	-0.091	-0.348	9.423	0.500
1427787656323	37.511089	139.931763	6	-0.085	-0.342	9.425	0.500
1427787656424	37.511089	139.931763	6	-0.085	-0.347	9.417	0.500
1427787656524	37.511089	139.931763	6	-0.089	-0.349	9.417	0.500
1427787656620	37.511089	139.931763	6	-0.090	-0.351	9.418	0.500
1427787656721	37.511089	139.931763	6	-0.081	-0.341	9.429	0.500
1427787656821	37.511089	139.931763	6	-0.078	-0.342	9.420	0.500
1427787656922	37.511089	139.931763	7	-0.091	-0.349	9.418	0.500
1427787657023	37.511089	139.931763	7	-0.091	-0.346	9.417	0.500
1427787657123	37.511089	139.931763	7	-0.092	-0.341	9.421	0.500
1427787657224	37.511089	139.931763	7	-0.088	-0.344	9.415	0.500
1427787657320	37.511089	139.931763	7	-0.090	-0.349	9.405	0.500
1427787657421	37.511089	139.931763	7	-0.089	-0.355	9.409	0.500
1427787657521	37.511089	139.931763	7	-0.084	-0.350	9.414	0.500
1427787657622	37.511089	139.931763	7	-0.082	-0.349	9.417	0.500
1427787657723	37.511089	139.931763	7	-0.089	-0.349	9.410	0.500
1427787657823	37.511089	139.931763	7	-0.097	-0.351	9.411	0.500
1427787657924	37.511089	139.931763	7	-0.094	-0.348	9.422	0.500
1427787658020	37.511089	139.931763	7	-0.091	-0.346	9.420	0.500
1427787658120	37.511089	139.931763	7	-0.094	-0.352	9.409	0.500
1427787658221	37.511089	139.931763	7	-0.096	-0.355	9.422	0.500
1427787658322	37.511089	139.931763	7	-0.094	-0.353	9.427	0.500
1427787658423	37.511089	139.931763	7	-0.094	-0.353	9.426	0.500
1427787658523	37.511089	139.931763	7	-0.096	-0.359	9.416	0.500
1427787658624	37.511089	139.931763	7	-0.102	-0.361	9.413	0.500
1427787658720	37.511089	139.931763	7	-0.104	-0.359	9.432	0.500
1427787658820	37.511089	139.931763	7	-0.096	-0.359	9.428	0.500
1427787658921	37.511089	139.931763	7	-0.097	-0.359	9.408	0.500
1427787659022	37.511089	139.931763	7	-0.100	-0.353	9.410	0.500
1427787659123	37.511089	139.931763	7	-0.098	-0.349	9.413	0.500
1427787659223	37.511089	139.931763	7	-0.087	-0.352	9.408	0.500
1427787659324	37.511089	139.931763	7	-0.083	-0.359	9.398	0.500
1427787659420	37.511089	139.931763	7	-0.089	-0.358	9.388	0.500
1427787659520	37.511089	139.931763	7	-0.085	-0.354	9.402	0.500
1427787659621	37.511089	139.931763	7	-0.073	-0.349	9.398	0.500
1427787659722	37.511089	139.931763	7	-0.074	-0.353	9.388	0.500
1427787659822	37.511089	139.931763	7	-0.079	-0.351	9.391	0.500
1427787659923	37.511089	139.931763	6	-0.081	-0.349	9.403	0.500
1427787660024	37.511089	139.931763	6	-0.075	-0.345	9.411	0.500
1427787660125	37.511089	139.931763	6	-0.080	-0.347	9.430	0.500
1427787660220	37.511089	139.931763	6	-0.087	-0.350	9.445	0.500
1427787660321	37.511089	139.931763	6	-0.081	-0.342	9.454	0.500
1427787660422	37.511089	139.931763	6	-0.082	-0.342	9.451	0.500
1427787660522	37.511089	139.931763	6	-0.093	-0.342	9.438	0.500
1427787660623	37.511089	139.931763	6	-0.101	-0.347	9.437	0.500
1427787660724	37.511089	139.931763	6	-0.095	-0.341	9.445	0.500
1427787660824	37.511089	139.931763	6	-0.092	-0.342	9.440	0.500
1427787660920	37.511089	139.931763	6	-0.094	-0.347	9.419	0.500
1427787661021	37.511089	139.931763	6	-0.095	-0.348	9.418	0.500
1427787661122	37.511089	139.931763	6	-0.094	-0.344	9.426	0.500
1427787661222	37.511089	139.931763	6	-0.092	-0.342	9.417	0.500
1427787661323	37.511089	139.931763	6	-0.092	-0.346	9.407	0.500
1427787661424	37.511089	139.931763	6	-0.096	-0.349	9.404	0.500
1427787661524	37.511089	139.931763	6	-0.096	-0.348	9.412	0.500
1427787661620	37.511089	139.931763	6	-0.087	-0.344	9.416	0.500
1427787661721	37.511089	139.931763	6	-0.091	-0.353	9.410	0.500
1427787661822	37.511089	139.931763	6	-0.096	-0.352	9.412	0.500
1427787661922	37.511089	139.931763	6	-0.093	-0.346	9.415	0.500
1427787662023	37.511089	139.931763	6	-0.086	-0.348	9.415	0.500
1427787662124	37.511089	139.931763	6	-0.085	-0.351	9.405	0.500
1427787662224	37.511089	139.931763	6	-0.085	-0.355	9.391	0.500
1427787662320	37.511089	139.931763	6	-0.083	-0.353	9.391	0.500
1427787662421	37.511089	139.931763	6	-0.074	-0.350	9.399	0.500
1427787662521	37.511089	139.931763	6	-0.073	-0.350	9.391	0.500
1427787662622	37.511089	139.931763	6	-0.070	-0.351	9.404	0.500
1427787662723	37.511089	139.931763	6	-0.071	-0.346	9.415	0.500
1427787662824	37.511089	139.931763	6	-0.069	-0.341	9.427	0.500
1427787662924	37.511089	139.931763	6	-0.074	-0.344	9.428	0.500
1427787663020	37.511089	139.931763	6	-0.082	-0.345	9.437	0.500
1427787663121	37.511089	139.931763	6	-0.084	-0.343	9.445	0.500
1427787663221	37.511089	139.931763	6	-0.084	-0.342	9.451	0.500
1427787663322	37.511089	139.931763	6	-0.088	-0.342	9.442	0.500
1427787663423	37.511089	139.931763	6	-0.096	-0.348	9.440	0.500
1427787663523	37.511089	139.931763	6	-0.098	-0.346	9.446	0.500
1427787663624	37.511089	139.931763	6	-0.095	-0.344	9.449	0.500
1427787663720	37.511089	139.931763	6	-0.095	-0.350	9.424	0.500
1427787663821	37.511089	139.931763	6	-0.097	-0.355	9.419	0.500
1427787663921	37.511089	139.931763	6	-0.097	-0.350	9.435	0.500
1427787664022	37.511089	139.931763	6	-0.096	-0.349	9.433	0.500
1427787664123	37.511089	139.931763	6	-0.089	-0.355	9.416	0.500
1427787664223	37.511089	139.931763	6	-0.093	-0.358	9.405	0.500
1427787664324	37.511089	139.931763	6	-0.104	-0.353	9.413	0.500
1427787664420	37.511089	139.931763	6	-0.093	-0.355	9.414	0.500
1427787664520	37.511089	139.931763	6	-0.088	-0.361	9.402	0.500
1427787664621	37.511089	139.931763	6	-0.093	-0.361	9.396	0.500
1427787664722	37.511089	139.931763	6	-0.097	-0.362	9.396	0.500
1427787664823	37.511089	139.931763	6	-0.085	-0.354	9.394	0.500
1427787664923	37.511089	139.931763	6	-0.077	-0.352	9.389	0.500
1427787665024	37.511089	139.931763	6	-0.081	-0.353	9.393	0.500
1427787665120	37.511089	139.931763	6	-0.083	-0.350	9.407	0.500
1427787665220	37.511089	139.931763	6	-0.072	-0.346	9.426	0.500
1427787665321	37.511089	139.931763	6	-0.079	-0.345	9.432	0.500
1427787665422	37.511089	139.931763	6	-0.077	-0.343	9.434	0.500
1427787665523	37.511089	139.931763	6	-0.086	-0.345	9.435	0.500
1427787665623	37.511089	139.931763	6	-0.085	-0.343	9.445	0.500
1427787665724	37.511089	139.931763	6	-0.087	-0.342	9.428	0.500
1427787665820	37.511089	139.931763	6	-0.093	-0.347	9.414	0.500
1427787665920	37.511089	139.931763	5	-0.098	-0.350	9.423	0.500
1427787666021	37.511089	139.931763	5	-0.095	-0.347	9.429	0.500
1427787666122	37.511089	139.931763	5	-0.089	-0.345	9.419	0.500
1427787666222	37.511089	139.931763	5	-0.092	-0.349	9.414	0.500
1427787666323	37.511089	139.931763	5	-0.094	-0.351	9.412	0.500
1427787666424	37.511089	139.931763	5	-0.089	-0.348	9.428	0.500
1427787666525	37.511089	139.931763	5	-0.082	-0.349	9.424	0.500
1427787666620	37.511089	139.931763	5	-0.085	-0.356	9.407	0.500
1427787666721	37.511089	139.931763	5	-0.085	-0.359	9.408	0.500
1427787666822	37.511089	139.931763	5	-0.089	-0.355	9.414	0.500
1427787666922	37.511089	139.931763	5	-0.081	-0.351	9.415	0.500
1427787667023	37.511089	139.931763	5	-0.081	-0.354	9.403	0.500
1427787667124	37.511089	139.931763	5	-0.089	-0.363	9.388	0.500
1427787667225	37.511089	139.931763	5	-0.083	-0.355	9.408	0.500
1427787667320	37.511089	139.931763	5	-0.081	-0.350	9.433	0.500
1427787667421	37.511089	139.931763	5	-0.076	-0.352	9.429	0.500
1427787667522	37.511089	139.931763	5	-0.077	-0.352	9.441	0.500
1427787667622	37.511089	139.931763	5	-0.080	-0.346	9.449	0.500
1427787667723	37.511089	139.931763	5	-0.079	-0.340	9.456	0.500
1427787667824	37.511089	139.931763	5	-0.074	-0.338	9.449	0.500
1427787667924	37.511089	139.931763	5	-0.085	-0.345	9.439	0.500
1427787668020	37.511089	139.931763	5	-0.097	-0.347	9.431	0.500
1427787668121	37.511089	139.931763	5	-0.095	-0.346	9.430	0.500
1427787668221	37.511089	139.931763	5	-0.091	-0.345	9.434	0.500
1427787668322	37.511089	139.931763	5	-0.086	-0.347	9.415	0.500
1427787668423	37.511089	139.931763	5	-0.084	-0.353	9.409	0.500
1427787668524	37.511089	139.931763	5	-0.090	-0.350	9.422	0.500
1427787668624	37.511089	139.931763	5	-0.087	-0.348	9.429	0.500
1427787668720	37.511089	139.931763	5	-0.087	-0.355	9.418	0.500
1427787668821	37.511089	139.931763	5	-0.091	-0.359	9.413	0.500
1427787668921	37.511089	139.931763	6	-0.096	-0.358	9.411	0.500
1427787669022	37.511089	139.931763	6	-0.094	-0.353	9.418	0.500
1427787669123	37.511089	139.931763	6	-0.082	-0.356	9.415	0.500
1427787669223	37.511089	139.931763	6	-0.075	-0.358	9.407	0.500
1427787669324	37.511089	139.931763	6	-0.077	-0.362	9.402	0.500
1427787669420	37.511089	139.931763	6	-0.076	-0.355	9.394	0.500
1427787669521	37.511089	139.931763	6	-0.075	-0.347	9.403	0.500
1427787669621	37.511089	139.931763	6	-0.081	-0.347	9.422	0.500
1427787669722	37.511089	139.931763	6	-0.076	-0.348	9.424	0.500
1427787669823	37.511089	139.931763	6	-0.071	-0.345	9.431	0.500
1427787669923	37.511089	139.931763	6	-0.074	-0.336	9.455	0.500
1427787670024	37.511089	139.931763	6	-0.070	-0.339	9.448	0.500
1427787670120	37.511089	139.931763	6	-0.069	-0.349	9.436	0.500
1427787670221	37.511089	139.931763	6	-0.082	-0.350	9.429	0.500
1427787670321	37.511089	139.931763	6	-0.095	-0.350	9.436	0.500
1427787670422	37.511089	139.931763	6	-0.090	-0.349	9.428	0.500
1427787670523	37.511089	139.931764	6	-0.087	-0.352	9.400	0.500
1427787670623	37.511089	139.931764	6	-0.084	-0.358	9.402	0.500
1427787670724	37.511089	139.931764	6	-0.083	-0.353	9.418	0.500
1427787670820	37.511089	139.931764	6	-0.084	-0.353	9.422	0.500
1427787670920	37.511089	139.931764	6	-0.087	-0.350	9.406	0.500
1427787671021	37.511089	139.931764	6	-0.089	-0.353	9.407	0.500
1427787671122	37.511089	139.931764	6	-0.095	-0.361	9.413	0.500
1427787671223	37.511089	139.931764	6	-0.085	-0.353	9.421	0.500
1427787671323	37.511089	139.931764	6	-0.069	-0.354	9.417	0.500
1427787671424	37.511089	139.931764	6	-0.068	-0.354	9.412	0.500
1427787671520	37.511089	139.931764	6	-0.071	-0.350	9.428	0.500
1427787671620	37.511089	139.931764	6	-0.074	-0.340	9.437	0.500
1427787671722	37.511089	139.931764	6	-0.075	-0.332	9.433	0.500
1427787671822	37.511089	139.931764	6	-0.084	-0.344	9.412	0.500
1427787671922	37.511089	139.931764	5	-0.081	-0.343	9.418	0.500
1427787672023	37.511089	139.931764	5	-0.074	-0.341	9.425	0.500
1427787672124	37.511089	139.931764	5	-0.068	-0.351	9.414	0.500
1427787672220	37.511089	139.931764	5	-0.060	-0.350	9.418	0.500
1427787672320	37.511089	139.931764	5	-0.069	-0.344	9.440	0.500
1427787672421	37.511089	139.931764	5	-0.076	-0.340	9.436	0.500
1427787672522	37.511089	139.931764	5	-0.078	-0.340	9.429	0.500
1427787672622	37.511089	139.931764	5	-0.078	-0.337	9.433	0.500
1427787672723	37.511089	139.931764	5	-0.072	-0.340	9.445	0.500
1427787672824	37.511089	139.931764	5	-0.065	-0.342	9.451	0.500
1427787672920	37.511089	139.931764	5	-0.070	-0.344	9.426	0.500
1427787673020	37.511089	139.931764	5	-0.079	-0.352	9.409	0.500
1427787673121	37.511089	139.931764	5	-0.085	-0.348	9.414	0.500
1427787673222	37.511089	139.931764	5	-0.093	-0.346	9.435	0.500
1427787673322	37.511089	139.931764	5	-0.087	-0.348	9.421	0.500
1427787673423	37.511089	139.931764	5	-0.082	-0.356	9.409	0.500
1427787673524	37.511089	139.931764	5	-0.081	-0.361	9.414	0.500
1427787673624	37.511089	139.931764	5	-0.087	-0.366	9.419	0.500
1427787673720	37.511089	139.931764	5	-0.081	-0.364	9.409	0.500
1427787673821	37.511089	139.931764	5	-0.081	-0.367	9.388	0.500
1427787673922	37.511089	139.931764	5	-0.080	-0.366	9.386	0.500
1427787674022	37.511089	139.931764	5	-0.078	-0.370	9.393	0.500
1427787674123	37.511089	139.931764	5	-0.067	-0.360	9.401	0.500
1427787674224	37.511089	139.931764	5	-0.068	-0.357	9.396	0.500
1427787674324	37.511089	139.931764	5	-0.077	-0.355	9.397	0.500
1427787674420	37.511089	139.931764	5	-0.075	-0.348	9.408	0.500
1427787674521	37.511089	139.931764	5	-0.068	-0.342	9.431	0.500
1427787674622	37.511089	139.931764	5	-0.066	-0.342	9.433	0.500
1427787674722	37.511089	139.931764	5	-0.070	-0.343	9.414	0.500
1427787674823	37.511089	139.931764	5	-0.076	-0.350	9.422	0.500
1427787674924	37.511089	139.931764	5	-0.081	-0.355	9.428	0.500
1427787675024	37.511089	139.931764	5	-0.076	-0.349	9.438	0.500
1427787675120	37.511089	139.931764	5	-0.080	-0.350	9.418	0.500
1427787675221	37.511089	139.931764	5	-0.091	-0.344	9.420	0.500
1427787675321	37.511089	139.931764	5	-0.101	-0.342	9.428	0.500
1427787675422	37.511089	139.931764	5	-0.106	-0.344	9.424	0.500
1427787675523	37.511089	139.931764	5	-0.101	-0.356	9.429	0.500
1427787675623	37.511089	139.931764	5	-0.103	-0.354	9.415	0.500
1427787675724	37.511089	139.931764	5	-0.109	-0.339	9.422	0.500
1427787675820	37.511089	139.931764	5	-0.076	-0.197	9.513	0.500
1427787675921	37.511089	139.931764	6	-0.012	-0.139	9.460	0.500
1427787676021	37.511089	139.931764	6	0.032	-0.121	9.394	0.500
1427787676122	37.511089	139.931764	6	0.016	-0.148	9.338	0.500
1427787676223	37.511089	139.931764	6	-0.047	-0.222	9.373	0.500
1427787676323	37.511089	139.931764	6	-0.093	-0.214	9.433	0.500
1427787676424	37.511089	139.931765	6	-0.121	-0.191	9.410	0.500
1427787676520	37.511089	139.931765	6	-0.117	-0.156	9.407	0.500
1427787676621	37.511089	139.931765	6	-0.060	-0.152	9.493	0.500
1427787676721	37.511089	139.931765	6	-0.019	-0.184	9.503	0.500
1427787676822	37.511089	139.931765	6	-0.033	-0.182	9.488	0.500
1427787676923	37.511089	139.931765	8	-0.028	-0.144	9.453	0.500
1427787677023	37.511090	139.931765	8	-0.034	-0.123	9.413	0.506
1427787677124	37.511092	139.931766	8	-0.041	-0.110	9.412	0.512
1427787677220	37.511093	139.931766	8	-0.030	-0.093	9.442	0.517
1427787677320	37.511095	139.931767	8	-0.019	-0.087	9.400	0.523
1427787677421	37.511096	139.931767	8	-0.002	-0.032	9.449	0.529
1427787677522	37.511098	139.931767	8	0.008	-0.052	9.401	0.535
1427787677623	37.511099	139.931768	8	0.017	-0.060	9.431	0.541
1427787677723	37.511101	139.931768	8	0.005	-0.056	9.467	0.548
1427787677824	37.511102	139.931769	8	-0.011	-0.081	9.425	0.554
1427787677920	37.511104	139.931769	8	-0.004	-0.068	9.425	0.560
1427787678020	37.511104	139.931770	8	-0.009	-0.065	9.398	0.573
1427787678121	37.511105	139.931771	8	-0.015	-0.088	9.389	0.587
1427787678222	37.511105	139.931771	8	-0.012	-0.071	9.444	0.602
1427787678323	37.511106	139.931772	8	-0.020	-0.059	9.438	0.616
1427787678423	37.511106	139.931773	8	-0.026	-0.053	9.418	0.631
1427787678524	37.511107	139.931774	8	0.000	-0.046	9.449	0.646
1427787678620	37.511107	139.931775	8	0.020	-0.063	9.474	0.661
1427787678720	37.511108	139.931776	8	0.028	-0.081	9.457	0.677
1427787678821	37.511108	139.931777	8	0.020	-0.078	9.435	0.694
1427787678922	37.511109	139.931778	4	-0.006	-0.077	9.424	0.710
1427787679022	37.511109	139.931779	4	-0.042	-0.090	9.411	0.727
1427787679123	37.511110	139.931780	4	-0.051	-0.100	9.432	0.745
1427787679224	37.511110	139.931781	4	-0.047	-0.098	9.453	0.763
1427787679320	37.511111	139.931781	4	0.007	-0.114	9.391	0.781
1427787679420	37.511111	139.931782	4	-0.043	-0.071	9.421	0.799
1427787679521	37.511112	139.931783	4	-0.030	-0.073	9.440	0.819
1427787679622	37.511112	139.931784	4	-0.055	-0.061	9.420	0.839
1427787679722	37.511113	139.931785	4	-0.057	-0.051	9.415	0.859
1427787679823	37.511113	139.931786	4	-0.039	-0.032	9.420	0.880
1427787679924	37.511114	139.931787	5	0.012	0.055	9.432	0.900
1427787680024	37.511115	139.931788	5	0.027	0.092	9.372	0.900
1427787680120	37.511115	139.931789	5	0.008	0.133	9.419	0.900
1427787680221	37.511116	139.931790	5	-0.012	0.170	9.518	0.900
1427787680322	37.511116	139.931791	5	-0.009	0.155	9.528	0.900
1427787680422	37.511117	139.931793	5	0.003	0.156	9.513	0.900
1427787680523	37.511118	139.931794	5	0.052	0.181	9.471	0.900
1427787680624	37.511118	139.931795	5	0.078	0.173	9.407	0.900
1427787680724	37.511119	139.931796	5	0.056	0.190	9.463	0.900
1427787680820	37.511119	139.931797	5	0.008	0.196	9.475	0.900
1427787680921	37.511120	139.931798	5	-0.051	0.243	9.471	0.900
1427787681021	37.511121	139.931799	5	-0.029	0.257	9.376	0.920
1427787681122	37.511121	139.931800	5	0.029	0.354	9.432	0.941
1427787681223	37.511122	139.931801	5	0.033	0.456	9.502	0.962
1427787681324	37.511123	139.931803	5	-0.025	0.509	9.492	0.983
1427787681424	37.511123	139.931804	5	-0.059	0.581	9.400	1.005
1427787681520	37.511124	139.931805	5	-0.080	0.627	9.326	1.026
1427787681621	37.511125	139.931806	5	-0.074	0.649	9.331	1.049
1427787681721	37.511125	139.931807	5	-0.086	0.741	9.403	1.072
1427787681822	37.511126	139.931809	5	-0.098	0.799	9.397	1.096
1427787681923	37.511127	139.931810	5	-0.151	0.813	9.385	1.121
1427787682024	37.511128	139.931812	5	-0.258	0.826	9.449	1.142
1427787682124	37.511129	139.931813	5	-0.381	0.533	9.324	1.163
1427787682220	37.511130	139.931814	5	-0.428	0.174	9.363	1.185
1427787682321	37.511130	139.931816	5	-0.330	0.027	9.623	1.207
1427787682421	37.511131	139.931818	5	-0.252	-0.041	9.779	1.230
1427787682522	37.511132	139.931819	5	-0.220	-0.073	9.626	1.253
1427787682623	37.511133	139.931821	5	-0.282	-0.141	9.337	1.277
1427787682723	37.511134	139.931823	5	-0.372	-0.294	9.151	1.301
1427787682824	37.511135	139.931824	5	-0.402	-0.474	9.204	1.326
1427787682920	37.511136	139.931826	5	-0.425	-0.624	9.392	1.350
1427787683021	37.511137	139.931828	5	-0.446	-0.717	9.566	1.372
1427787683121	37.511138	139.931829	5	-0.478	-0.748	9.558	1.393
1427787683222	37.511139	139.931831	5	-0.501	-0.691	9.409	1.416
1427787683323	37.511140	139.931833	5	-0.491	-0.721	9.209	1.438
1427787683423	37.511141	139.931834	5	-0.422	-0.761	9.301	1.461
1427787683524	37.511142	139.931836	5	-0.346	-0.836	9.415	1.485
1427787683620	37.511144	139.931838	5	-0.273	-0.865	9.394	1.507
1427787683720	37.511145	139.931839	5	-0.243	-0.888	9.244	1.531
1427787683821	37.511146	139.931841	5	-0.203	-0.880	9.317	1.556
1427787683922	37.511147	139.931843	4	-0.193	-0.916	9.468	1.580
1427787684023	37.511148	139.931844	4	-0.151	-0.893	9.554	1.555
1427787684123	37.511149	139.931846	4	-0.134	-0.863	9.480	1.530
1427787684224	37.511150	139.931847	4	-0.128	-0.836	9.380	1.506
1427787684320	37.511151	139.931848	4	-0.147	-0.845	9.314	1.484
1427787684420	37.511152	139.931849	4	-0.133	-0.820	9.362	1.460
1427787684521	37.511153	139.931850	4	-0.107	-0.687	9.486	1.437
1427787684622	37.511154	139.931852	4	-0.088	-0.402	9.592	1.415
1427787684723	37.511155	139.931853	4	-0.082	-0.201	9.429	1.392
1427787684823	37.511156	139.931854	4	-0.089	-0.105	9.225	1.371
1427787684924	37.511157	139.931855	4	-0.098	-0.071	9.238	1.350
1427787685020	37.511158	139.931856	4	-0.070	-0.078	9.364	1.350
1427787685120	37.511159	139.931857	4	-0.050	0.035	9.587	1.350
1427787685221	37.511160	139.931857	4	-0.057	0.206	9.562	1.350
1427787685322	37.511161	139.931858	4	-0.072	0.358	9.348	1.350
1427787685422	37.511162	139.931859	4	-0.087	0.573	9.304	1.350
1427787685523	37.511162	139.931860	4	-0.149	0.719	9.227	1.350
1427787685624	37.511163	139.931861	4	-0.224	0.821	9.174	1.350
1427787685725	37.511164	139.931861	4	-0.305	0.882	9.249	1.350
1427787685820	37.511165	139.931862	4	-0.361	0.919	9.449	1.350
1427787685921	37.511166	139.931863	4	-0.482	0.937	9.683	1.350
1427787686022	37.511167	139.931864	4	-0.657	0.923	9.667	1.350
1427787686122	37.511168	139.931864	4	-0.771	0.912	9.409	1.350
1427787686223	37.511169	139.931865	4	-0.711	0.927	9.131	1.350
1427787686324	37.511170	139.931866	4	-0.579	0.950	9.181	1.350
1427787686420	37.511170	139.931867	4	-0.573	0.976	9.444	1.350
1427787686520	37.511171	139.931867	4	-0.789	0.952	9.669	1.350
1427787686621	37.511172	139.931868	4	-1.069	0.809	9.647	1.350
1427787686722	37.511173	139.931869	4	-1.267	0.776	9.581	1.350
1427787686822	37.511174	139.931869	4	-1.441	0.834	9.464	1.350
1427787686923	37.511175	139.931870	4	-1.593	0.895	9.179	1.350
1427787687024	37.511176	139.931871	4	-1.633	0.826	8.985	1.350
1427787687124	37.511177	139.931871	4	-1.489	0.755	9.219	1.350
1427787687220	37.511179	139.931871	4	-1.326	0.739	9.451	1.350
1427787687321	37.511180	139.931872	4	-1.300	0.614	9.420	1.350
1427787687421	37.511181	139.931873	4	-1.338	0.409	9.273	1.350
1427787687522	37.511182	139.931873	4	-1.343	0.251	9.229	1.350
1427787687623	37.511183	139.931874	4	-1.388	0.207	9.375	1.350
1427787687724	37.511185	139.931874	4	-1.423	0.367	9.678	1.350
1427787687824	37.511186	139.931875	4	-1.447	0.453	9.498	1.350
1427787687920	37.511187	139.931875	4	-1.461	0.601	9.246	1.350
1427787688021	37.511189	139.931875	4	-1.413	0.612	8.942	1.372
1427787688121	37.511190	139.931875	4	-1.309	0.536	8.988	1.393
1427787688222	37.511192	139.931875	4	-1.135	0.374	9.263	1.416
1427787688323	37.511194	139.931875	4	-0.967	0.229	9.480	1.438
1427787688424	37.511195	139.931875	4	-0.865	0.139	9.480	1.461
1427787688524	37.511197	139.931874	4	-0.810	0.009	9.412	1.485
1427787688620	37.511199	139.931874	4	-0.765	-0.157	9.332	1.507
1427787688721	37.511200	139.931874	4	-0.641	-0.268	9.434	1.531
1427787688821	37.511202	139.931874	4	-0.483	-0.293	9.606	1.556
1427787688922	37.511204	139.931874	4	-0.369	-0.262	9.665	1.582
1427787689023	37.511206	139.931873	4	-0.291	-0.269	9.410	1.674
1427787689123	37.511208	139.931872	4	-0.353	-0.156	9.282	1.773
1427787689224	37.511211	139.931871	4	-0.483	-0.121	9.282	1.879
1427787689320	37.511213	139.931870	4	-0.600	-0.163	9.339	1.986
1427787689421	37.511216	139.931869	4	-0.641	-0.190	9.401	2.106
1427787689521	37.511219	139.931868	4	-0.550	-0.165	9.380	2.232
1427787689622	37.511222	139.931867	4	-0.360	-0.144	9.323	2.365
1427787689723	37.511225	139.931866	4	-0.115	-0.129	9.332	2.506
1427787689823	37.511229	139.931864	4	0.049	-0.137	9.386	2.652
1427787689924	37.511232	139.931863	4	0.182	0.327	9.748	2.802
1427787690020	37.511235	139.931861	4	0.146	0.708	9.819	2.845
1427787690121	37.511237	139.931860	4	0.065	1.059	9.615	2.892
1427787690221	37.511240	139.931858	4	-0.039	1.272	9.042	2.939
1427787690322	37.511243	139.931856	4	-0.001	1.356	9.152	2.988
1427787690423	37.511246	139.931854	4	0.005	1.311	9.592	3.037
1427787690523	37.511248	139.931852	4	-0.036	1.096	9.684	3.086
1427787690624	37.511251	139.931851	4	0.037	0.954	9.493	3.137
1427787690720	37.511254	139.931849	4	0.113	0.915	9.456	3.186
1427787690820	37.511257	139.931847	4	0.131	0.996	9.547	3.237
1427787690921	37.511260	139.931845	4	0.224	1.066	9.460	3.291
1427787691022	37.511263	139.931843	4	0.309	0.990	9.166	3.359
1427787691123	37.511266	139.931841	4	0.295	1.023	9.312	3.428
1427787691223	37.511269	139.931838	4	0.232	0.875	9.538	3.498
1427787691324	37.511272	139.931836	4	0.003	0.877	9.751	3.571
1427787691420	37.511275	139.931834	4	-0.089	0.940	9.508	3.641
1427787691520	37.511278	139.931831	4	-0.072	1.002	9.176	3.716
1427787691621	37.511282	139.931829	4	0.087	1.038	9.086	3.793
1427787691722	37.511285	139.931826	4	0.233	1.026	9.314	3.872
1427787691822	37.511289	139.931824	4	0.310	0.998	9.551	3.951
1427787691923	37.511292	139.931821	4	0.334	0.980	9.593	4.033
1427787692024	37.511296	139.931818	4	0.347	0.966	9.472	4.144
1427787692125	37.511300	139.931815	4	0.367	0.939	9.352	4.257
1427787692220	37.511304	139.931813	4	0.399	0.898	9.352	4.367
1427787692321	37.511308	139.931810	4	0.450	0.887	9.459	4.488
1427787692422	37.511313	139.931806	4	0.495	0.956	9.542	4.611
1427787692522	37.511317	139.931803	4	0.465	1.052	9.482	4.737
1427787692623	37.511322	139.931800	4	0.443	1.124	9.345	4.867
1427787692724	37.511326	139.931797	4	0.398	1.085	9.320	5.001
1427787692824	37.511331	139.931793	4	0.400	1.031	9.372	5.137
1427787692920	37.511336	139.931790	6	0.407	0.951	9.542	5.270
1427787693021	37.511341	139.931786	6	0.459	0.869	9.715	5.363
1427787693122	37.511346	139.931782	6	0.528	0.832	9.504	5.458
1427787693222	37.511351	139.931778	6	0.494	0.710	9.302	5.554
1427787693323	37.511357	139.931774	6	0.399	0.418	9.173	5.652
1427787693424	37.511362	139.931769	6	0.309	0.116	9.314	5.752
1427787693524	37.511367	139.931765	6	0.302	-0.070	9.738	5.853
1427787693620	37.511373	139.931761	6	0.223	-0.128	9.601	5.952
1427787693721	37.511379	139.931756	6	0.167	-0.120	9.341	6.057
1427787693821	37.511384	139.931752	6	0.235	-0.077	9.078	6.163
1427787693922	37.511390	139.931747	6	0.370	-0.089	9.109	6.270
1427787694023	37.511396	139.931745	6	0.454	-0.226	9.589	6.295
1427787694124	37.511401	139.931743	6	0.416	-0.269	9.809	6.320
1427787694224	37.511407	139.931740	6	0.408	-0.326	9.871	6.345
1427787694320	37.511413	139.931738	6	0.393	-0.289	9.603	6.369
1427787694421	37.511418	139.931736	6	0.380	-0.276	9.298	6.394
1427787694521	37.511424	139.931734	6	0.349	-0.135	9.158	6.419
1427787694622	37.511430	139.931732	6	0.367	-0.106	9.295	6.444
1427787694723	37.511436	139.931729	6	0.451	-0.220	9.650	6.470
1427787694823	37.511441	139.931727	6	0.508	-0.270	9.766	6.495
1427787694924	37.511447	139.931725	5	0.372	-0.281	9.801	6.520
1427787695020	37.511453	139.931722	5	0.338	-0.228	9.525	6.520
1427787695121	37.511459	139.931720	5	0.351	-0.131	9.112	6.520
1427787695221	37.511464	139.931717	5	0.393	-0.066	8.958	6.520
1427787695322	37.511470	139.931714	5	0.461	-0.040	8.854	6.520
1427787695423	37.511476	139.931711	5	0.550	-0.162	9.076	6.520
1427787695523	37.511482	139.931709	5	0.537	-0.224	9.317	6.520
1427787695624	37.511488	139.931706	5	0.534	-0.087	9.898	6.520
1427787695720	37.511493	139.931703	5	0.432	0.156	10.018	6.520
1427787695821	37.511499	139.931701	5	0.433	0.338	9.613	6.520
1427787695921	37.511505	139.931698	5	0.479	0.561	9.380	6.520
1427787696022	37.511511	139.931696	5	0.573	0.658	9.250	6.569
1427787696123	37.511517	139.931693	5	0.576	0.664	9.274	6.619
1427787696223	37.511523	139.931691	5	0.564	0.675	9.315	6.668
1427787696324	37.511530	139.931688	5	0.536	0.548	9.571	6.718
1427787696420	37.511535	139.931686	5	0.417	0.447	9.866	6.765
1427787696520	37.511542	139.931683	5	0.307	0.415	9.859	6.816
1427787696621	37.511548	139.931681	5	0.290	0.469	9.411	6.867
1427787696722	37.511554	139.931678	5	0.258	0.506	9.003	6.918
1427787696823	37.511561	139.931676	5	0.317	0.504	8.944	6.970
1427787696923	37.511567	139.931673	5	0.364	0.398	9.312	7.021
1427787697020	37.511574	139.931671	5	0.383	0.297	9.617	7.068
1427787697120	37.511581	139.931669	5	0.422	0.189	9.811	7.117
1427787697220	37.511587	139.931667	5	0.436	0.202	9.674	7.166
1427787697321	37.511594	139.931665	5	0.434	0.243	9.373	7.216
1427787697422	37.511602	139.931663	5	0.428	0.308	9.201	7.267
1427787697522	37.511609	139.931661	5	0.424	0.314	9.167	7.317
1427787697623	37.511616	139.931658	5	0.377	0.266	9.183	7.368
1427787697724	37.511623	139.931656	5	0.330	0.217	9.478	7.419
1427787697820	37.511630	139.931654	5	0.320	0.159	9.599	7.468
1427787697920	37.511637	139.931652	5	0.383	0.171	9.305	7.520
1427787698021	37.511644	139.931649	5	0.395	0.170	9.169	7.545
1427787698122	37.511651	139.931647	5	0.430	0.142	9.306	7.570
1427787698222	37.511658	139.931644	5	0.463	0.106	9.553	7.595
1427787698323	37.511665	139.931641	5	0.465	0.039	9.708	7.620
1427787698424	37.511672	139.931638	5	0.438	0.021	9.606	7.645
1427787698524	37.511680	139.931636	5	0.397	-0.017	9.854	7.670
1427787698620	37.511686	139.931633	5	0.359	-0.019	9.767	7.694
1427787698721	37.511694	139.931630	5	0.316	0.046	9.432	7.720
1427787698822	37.511701	139.931628	5	0.329	0.051	9.290	7.745
1427787698922	37.511708	139.931625	5	0.351	0.042	9.340	7.770
1427787699023	37.511715	139.931623	5	0.336	0.063	9.249	7.770
1427787699124	37.511722	139.931622	5	0.307	0.066	9.184	7.770
1427787699224	37.511729	139.931620	5	0.265	0.067	9.192	7.770
1427787699320	37.511736	139.931619	5	0.208	0.015	9.383	7.770
1427787699421	37.511743	139.931617	5	0.226	0.002	9.439	7.770
1427787699522	37.511750	139.931615	5	0.262	-0.016	9.470	7.770
1427787699622	37.511757	139.931614	5	0.256	-0.021	9.608	7.770
1427787699723	37.511764	139.931612	5	0.213	-0.032	9.547	7.770
1427787699824	37.511771	139.931611	5	0.231	0.006	9.324	7.770
1427787699924	37.511778	139.931609	6	0.222	-0.020	9.368	7.770
1427787700020	37.511784	139.931607	6	0.209	-0.055	9.653	7.770
1427787700121	37.511791	139.931605	6	0.238	-0.073	9.606	7.770
1427787700222	37.511798	139.931603	6	0.295	-0.022	9.299	7.770
1427787700323	37.511804	139.931601	6	0.304	-0.039	9.265	7.770
1427787700423	37.511811	139.931599	6	0.284	-0.073	9.630	7.770
1427787700524	37.511817	139.931598	6	0.279	-0.095	9.594	7.770
1427787700624	37.511824	139.931596	6	0.272	-0.049	9.228	7.770
1427787700720	37.511830	139.931594	6	0.271	-0.031	9.120	7.770
1427787700821	37.511837	139.931592	6	0.301	-0.073	9.482	7.770
1427787700921	37.511843	139.931590	6	0.329	-0.094	9.580	7.770
1427787701022	37.511851	139.931588	6	0.380	-0.075	9.271	7.795
1427787701123	37.511859	139.931586	6	0.392	-0.077	9.273	7.820
1427787701224	37.511867	139.931585	6	0.346	-0.120	9.614	7.845
1427787701324	37.511875	139.931583	6	0.359	-0.137	9.649	7.870
1427787701420	37.511882	139.931581	6	0.323	-0.111	9.467	7.894
1427787701521	37.511890	139.931579	6	0.269	-0.073	9.221	7.919
1427787701621	37.511898	139.931577	6	0.222	-0.080	9.412	7.944
1427787701722	37.511906	139.931576	6	0.205	-0.118	9.634	7.970
1427787701823	37.511914	139.931574	6	0.135	-0.112	9.612	7.995
1427787701923	37.511922	139.931572	6	0.073	-0.127	9.634	8.021
1427787702024	37.511930	139.931571	6	-0.002	-0.082	9.542	8.046
1427787702120	37.511937	139.931571	6	-0.028	-0.026	9.365	8.069
1427787702221	37.511944	139.931570	6	-0.006	0.075	9.103	8.094
1427787702321	37.511952	139.931570	6	0.055	0.122	9.038	8.119
1427787702422	37.511959	139.931569	6	0.105	0.098	9.380	8.145
1427787702523	37.511967	139.931568	6	0.142	0.085	9.617	8.170
1427787702623	37.511974	139.931568	6	0.177	0.097	9.629	8.195
1427787702724	37.511982	139.931567	6	0.184	0.096	9.598	8.220
1427787702820	37.511989	139.931567	6	0.189	0.113	9.532	8.245
1427787702920	37.511997	139.931566	6	0.211	0.146	9.339	8.270
1427787703021	37.512004	139.931565	6	0.215	0.127	9.256	8.270
1427787703122	37.512011	139.931564	6	0.225	0.106	9.337	8.270
1427787703223	37.512017	139.931563	6	0.233	0.085	9.398	8.270
1427787703323	37.512024	139.931562	6	0.234	0.083	9.309	8.270
1427787703425	37.512031	139.931560	6	0.240	0.069	9.310	8.270
1427787703520	37.512037	139.931559	6	0.273	0.046	9.368	8.270
1427787703620	37.512044	139.931558	6	0.271	0.025	9.333	8.270
1427787703721	37.512051	139.931557	6	0.267	0.011	9.446	8.270
1427787703822	37.512057	139.931556	6	0.267	0.001	9.543	8.270
1427787703923	37.512064	139.931555	6	0.269	0.013	9.444	8.271
1427787704023	37.512071	139.931553	6	0.281	-0.015	9.571	8.294
1427787704124	37.512079	139.931551	6	0.290	-0.036	9.632	8.318
1427787704220	37.512085	139.931548	6	0.257	-0.017	9.453	8.341
1427787704320	37.512093	139.931546	6	0.218	0.004	9.374	8.365
1427787704421	37.512100	139.931544	6	0.215	0.004	9.482	8.389
1427787704522	37.512107	139.931542	6	0.236	-0.003	9.451	8.414
1427787704622	37.512114	139.931540	6	0.244	-0.004	9.408	8.438
1427787704723	37.512122	139.931537	6	0.195	-0.018	9.513	8.462
1427787704824	37.512129	139.931535	6	0.153	-0.024	9.531	8.487
1427787704924	37.512136	139.931533	5	0.088	-0.001	9.365	8.510
1427787705020	37.512143	139.931533	5	0.073	0.018	9.430	8.510
1427787705121	37.512149	139.931532	5	0.106	0.027	9.459	8.510
1427787705222	37.512156	139.931531	5	0.105	0.093	9.438	8.510
1427787705322	37.512163	139.931531	5	0.111	0.158	9.491	8.510
1427787705423	37.512169	139.931530	5	0.121	0.238	9.413	8.510
1427787705524	37.512176	139.931530	5	0.109	0.266	9.350	8.510
1427787705624	37.512182	139.931529	5	0.044	0.256	9.492	8.510
1427787705720	37.512189	139.931529	5	0.038	0.262	9.577	8.510
1427787705821	37.512195	139.931528	5	0.023	0.309	9.346	8.510
1427787705922	37.512202	139.931528	5	0.025	0.350	9.213	8.510
1427787706022	37.512210	139.931528	5	0.034	0.338	9.289	8.535
1427787706123	37.512218	139.931528	5	0.053	0.317	9.382	8.560
1427787706224	37.512226	139.931528	5	0.040	0.272	9.522	8.585
1427787706324	37.512234	139.931528	5	-0.015	0.249	9.491	8.610
1427787706420	37.512241	139.931528	5	-0.024	0.253	9.481	8.634
1427787706521	37.512249	139.931528	5	0.004	0.245	9.622	8.659
1427787706621	37.512257	139.931528	5	0.033	0.235	9.574	8.684
1427787706722	37.512265	139.931528	5	0.033	0.249	9.388	8.710
1427787706823	37.512273	139.931528	5	-0.006	0.241	9.465	8.735
1427787706924	37.512281	139.931528	5	-0.043	0.248	9.554	8.761
1427787707024	37.512289	139.931527	5	-0.053	0.267	9.308	8.786
1427787707120	37.512296	139.931527	5	-0.068	0.287	9.165	8.809
1427787707221	37.512303	139.931526	5	-0.060	0.276	9.278	8.835
1427787707321	37.512311	139.931525	5	-0.077	0.223	9.360	8.859
1427787707422	37.512318	139.931525	5	-0.117	0.219	9.303	8.885
1427787707523	37.512326	139.931524	5	-0.114	0.184	9.575	8.910
1427787707623	37.512333	139.931523	5	-0.096	0.153	9.634	8.935
1427787707724	37.512341	139.931522	5	-0.061	0.151	9.355	8.960
1427787707820	37.512348	139.931522	5	0.010	0.081	9.177	8.985
1427787707921	37.512356	139.931521	5	0.027	-0.076	9.356	9.010
1427787708021	37.512364	139.931521	5	-0.011	-0.341	9.457	9.010
1427787708122	37.512372	139.931521	5	0.027	-0.395	9.542	9.010
1427787708223	37.512381	139.931521	5	0.058	-0.351	9.688	9.010
1427787708323	37.512389	139.931521	5	0.021	-0.378	9.730	9.010
1427787708424	37.512397	139.931521	5	-0.018	-0.378	9.494	9.010
1427787708520	37.512405	139.931521	5	-0.033	-0.303	9.287	9.010
1427787708621	37.512413	139.931521	5	-0.028	-0.216	9.150	9.010
1427787708721	37.512421	139.931521	5	-0.080	-0.224	9.092	9.010
1427787708822	37.512429	139.931521	5	-0.146	-0.259	9.328	9.010
1427787708923	37.512437	139.931521	4	-0.181	-0.325	9.776	9.009
1427787709023	37.512446	139.931522	4	-0.174	-0.379	9.916	8.984
1427787709124	37.512454	139.931522	4	-0.143	-0.347	9.668	8.958
1427787709220	37.512462	139.931523	4	-0.134	-0.263	9.397	8.934
1427787709320	37.512470	139.931523	4	-0.119	-0.185	9.250	8.909
1427787709421	37.512479	139.931524	4	-0.140	-0.153	9.064	8.884
1427787709522	37.512487	139.931524	4	-0.208	-0.147	8.994	8.859
1427787709623	37.512496	139.931525	4	-0.101	-0.208	9.282	8.834
1427787709723	37.512504	139.931525	4	-0.148	-0.330	9.984	8.809
1427787709824	37.512512	139.931526	4	-0.107	-0.341	9.955	8.784
1427787709920	37.512520	139.931526	4	-0.061	-0.186	9.452	8.760
1427787710020	37.512528	139.931525	4	-0.079	-0.093	9.113	8.760
1427787710121	37.512535	139.931524	4	-0.147	-0.035	9.064	8.760
1427787710222	37.512543	139.931523	4	-0.153	-0.036	9.303	8.760
1427787710322	37.512551	139.931522	4	-0.150	0.078	9.638	8.760
1427787710423	37.512558	139.931520	4	-0.136	0.169	9.857	8.760
1427787710524	37.512566	139.931519	4	-0.081	0.153	9.781	8.760
1427787710620	37.512573	139.931518	4	-0.081	0.299	9.377	8.760
1427787710720	37.512581	139.931517	4	-0.056	0.476	9.043	8.760
1427787710821	37.512588	139.931516	4	-0.067	0.547	8.715	8.760
1427787710922	37.512596	139.931515	4	-0.038	0.466	9.100	8.760
1427787711022	37.512604	139.931515	4	-0.061	0.401	9.634	8.785
1427787711123	37.512612	139.931515	4	-0.113	0.309	9.883	8.810
1427787711224	37.512619	139.931515	4	-0.097	0.342	9.746	8.835
1427787711325	37.512627	139.931515	4	-0.107	0.368	9.684	8.860
1427787711420	37.512635	139.931515	4	-0.085	0.425	9.514	8.884
1427787711521	37.512643	139.931515	4	-0.047	0.463	9.213	8.909
1427787711622	37.512651	139.931515	4	-0.019	0.460	9.173	8.935
1427787711722	37.512658	139.931515	4	-0.033	0.428	9.499	8.960
1427787711823	37.512666	139.931515	4	-0.060	0.391	9.589	8.985
1427787711924	37.512674	139.931515	4	-0.042	0.406	9.489	9.012
1427787712024	37.512683	139.931515	4	-0.008	0.439	9.327	9.061
1427787712120	37.512690	139.931514	4	0.004	0.416	9.192	9.108
1427787712221	37.512699	139.931514	4	0.047	0.369	9.305	9.158
1427787712321	37.512707	139.931513	4	0.110	0.308	9.580	9.207
1427787712422	37.512716	139.931513	4	0.125	0.271	9.622	9.258
1427787712523	37.512724	139.931513	4	0.111	0.260	9.402	9.308
1427787712624	37.512733	139.931512	4	0.135	0.230	9.373	9.359
1427787712724	37.512741	139.931512	4	0.086	0.168	9.418	9.410
1427787712820	37.512749	139.931511	4	0.066	0.112	9.461	9.459
1427787712921	37.512758	139.931511	4	0.125	0.090	9.434	9.510
1427787713021	37.512767	139.931511	4	0.123	0.084	9.390	9.535
1427787713122	37.512776	139.931510	4	0.137	0.081	9.364	9.560
1427787713223	37.512784	139.931510	4	0.087	0.110	9.243	9.585
1427787713324	37.512793	139.931509	4	0.088	0.019	9.542	9.610
1427787713424	37.512802	139.931509	4	0.102	-0.005	9.651	9.635
1427787713520	37.512811	139.931508	4	0.072	0.001	9.476	9.659
1427787713621	37.512819	139.931508	4	0.046	0.023	9.523	9.685
1427787713721	37.512828	139.931507	4	0.035	0.078	9.458	9.710
1427787713822	37.512837	139.931507	4	0.011	0.125	9.335	9.735
1427787713923	37.512846	139.931506	4	0.024	0.178	9.317	9.760
1427787714024	37.512855	139.931505	4	0.004	0.218	9.258	9.760
1427787714124	37.512864	139.931504	4	0.025	0.281	9.103	9.760
1427787714220	37.512872	139.931502	4	0.039	0.206	9.272	9.760
1427787714321	37.512880	139.931501	4	0.075	0.181	9.482	9.760
1427787714421	37.512889	139.931500	4	0.084	0.121	9.614	9.760
1427787714522	37.512898	139.931499	4	0.128	0.110	9.615	9.760
1427787714623	37.512906	139.931498	4	0.148	0.131	9.552	9.760
1427787714723	37.512915	139.931496	4	0.179	0.149	9.440	9.760
1427787714824	37.512924	139.931495	4	0.218	0.137	9.401	9.760
1427787714920	37.512932	139.931494	4	0.242	0.107	9.448	9.760
1427787715021	37.512941	139.931493	4	0.271	0.103	9.516	9.785
1427787715121	37.512950	139.931493	4	0.305	0.079	9.496	9.810
1427787715222	37.512958	139.931492	4	0.313	0.078	9.521	9.835
1427787715323	37.512967	139.931492	4	0.321	0.030	9.385	9.860
1427787715423	37.512976	139.931491	4	0.289	-0.076	9.316	9.885
1427787715524	37.512985	139.931490	4	0.204	-0.384	9.207	9.910
1427787715620	37.512993	139.931490	4	0.185	-0.433	9.223	9.934
1427787715720	37.513002	139.931489	4	0.220	-0.347	9.432	9.959
1427787715821	37.513011	139.931489	4	0.258	-0.396	9.654	9.985
1427787715922	37.513020	139.931488	4	0.269	-0.502	9.533	10.010
1427787716022	37.513029	139.931488	4	0.262	-0.495	9.528	10.010
1427787716123	37.513039	139.931488	4	0.265	-0.409	9.586	10.010
1427787716224	37.513048	139.931488	4	0.236	-0.416	9.409	10.010
1427787716320	37.513057	139.931488	4	0.235	-0.431	9.223	10.010
1427787716420	37.513067	139.931488	4	0.298	-0.393	9.236	10.010
1427787716521	37.513076	139.931488	4	0.255	-0.432	9.371	10.010
1427787716622	37.513085	139.931488	4	0.218	-0.460	9.500	10.010
1427787716722	37.513095	139.931488	4	0.225	-0.448	9.445	10.010
1427787716823	37.513104	139.931488	4	0.205	-0.392	9.382	10.010
1427787716924	37.513113	139.931488	6	0.179	-0.421	9.426	10.008
1427787717020	37.513123	139.931487	6	0.162	-0.455	9.622	9.959
1427787717120	37.513134	139.931486	6	0.144	-0.408	9.354	9.908
1427787717221	37.513144	139.931485	6	0.146	-0.366	9.162	9.857
1427787717322	37.513154	139.931484	6	0.102	-0.355	9.344	9.806
1427787717422	37.513164	139.931483	6	0.127	-0.430	9.643	9.756
1427787717523	37.513175	139.931482	6	0.166	-0.431	9.513	9.705
1427787717624	37.513185	139.931481	6	0.126	-0.440	9.443	9.655
1427787717724	37.513195	139.931480	6	0.131	-0.415	9.659	9.606
1427787717820	37.513204	139.931479	6	0.161	-0.397	9.466	9.559
1427787717921	37.513214	139.931478	6	0.149	-0.307	9.000	9.510
1427787718022	37.513224	139.931479	6	0.135	-0.347	9.044	9.484
1427787718122	37.513233	139.931480	6	0.126	-0.388	9.399	9.459
1427787718223	37.513242	139.931480	6	0.115	-0.454	9.714	9.434
1427787718324	37.513252	139.931481	6	0.130	-0.502	9.804	9.408
1427787718424	37.513261	139.931482	6	0.144	-0.407	9.311	9.383
1427787718520	37.513270	139.931483	6	0.114	-0.347	9.226	9.359
1427787718621	37.513279	139.931484	6	0.081	-0.338	9.417	9.334
1427787718721	37.513289	139.931484	6	0.059	-0.355	9.453	9.309
1427787718822	37.513298	139.931485	6	0.054	-0.379	9.373	9.284
1427787718923	37.513307	139.931486	5	0.064	-0.409	9.586	9.259
1427787719024	37.513316	139.931487	5	0.056	-0.424	9.721	9.234
1427787719124	37.513324	139.931488	5	0.077	-0.350	9.347	9.208
1427787719220	37.513332	139.931490	5	0.089	-0.299	9.152	9.184
1427787719321	37.513340	139.931491	5	0.078	-0.347	9.358	9.159
1427787719421	37.513348	139.931492	5	0.059	-0.425	9.635	9.134
1427787719522	37.513357	139.931493	5	0.082	-0.418	9.611	9.109
1427787719623	37.513365	139.931494	5	0.095	-0.397	9.506	9.084
1427787719724	37.513373	139.931496	5	0.114	-0.358	9.425	9.058
1427787719824	37.513381	139.931497	5	0.150	-0.341	9.266	9.034
1427787719920	37.513389	139.931498	5	0.166	-0.334	9.254	9.010
1427787720021	37.513398	139.931499	5	0.135	-0.381	9.423	9.010
1427787720121	37.513407	139.931500	5	0.129	-0.356	9.317	9.010
1427787720222	37.513416	139.931501	5	0.122	-0.360	9.282	9.010
1427787720323	37.513425	139.931502	5	0.129	-0.408	9.512	9.010
1427787720424	37.513434	139.931504	5	0.139	-0.422	9.613	9.010
1427787720524	37.513443	139.931505	5	0.144	-0.372	9.293	9.010
1427787720620	37.513452	139.931506	5	0.129	-0.374	9.375	9.010
1427787720721	37.513461	139.931507	5	0.127	-0.390	9.532	9.010
1427787720821	37.513470	139.931508	5	0.111	-0.386	9.430	9.010
1427787720922	37.513479	139.931509	4	0.086	-0.375	9.356	9.009
1427787721023	37.513487	139.931510	4	0.085	-0.379	9.485	8.984
1427787721123	37.513494	139.931511	4	0.079	-0.368	9.481	8.959
1427787721224	37.513502	139.931512	4	0.105	-0.362	9.414	8.933
1427787721320	37.513509	139.931513	4	0.170	-0.369	9.477	8.909
1427787721421	37.513516	139.931515	4	0.208	-0.419	9.578	8.884
1427787721521	37.513524	139.931516	4	0.221	-0.424	9.577	8.859
1427787721622	37.513531	139.931517	4	0.215	-0.389	9.478	8.834
1427787721723	37.513539	139.931518	4	0.204	-0.331	9.247	8.809
1427787721823	37.513546	139.931519	4	0.180	-0.301	9.177	8.784
1427787721924	37.513553	139.931520	4	0.136	-0.331	9.287	8.758
1427787722020	37.513561	139.931522	4	0.080	-0.339	9.238	8.710
1427787722120	37.513569	139.931523	4	0.031	-0.383	9.481	8.660
1427787722221	37.513576	139.931525	4	0.007	-0.452	9.884	8.610
1427787722322	37.513584	139.931526	4	0.021	-0.425	9.738	8.560
1427787722423	37.513592	139.931528	4	0.014	-0.362	9.423	8.510
1427787722523	37.513599	139.931529	4	0.007	-0.328	9.392	8.461
1427787722624	37.513607	139.931531	4	-0.004	-0.295	9.370	8.412
1427787722720	37.513614	139.931532	4	0.017	-0.251	9.082	8.366
1427787722820	37.513622	139.931534	4	0.060	-0.259	9.096	8.318
1427787722921	37.513629	139.931535	4	0.108	-0.313	9.363	8.270
1427787723022	37.513636	139.931536	4	0.131	-0.368	9.670	8.270
1427787723122	37.513643	139.931537	4	0.103	-0.374	9.657	8.270
1427787723223	37.513651	139.931538	4	0.027	-0.360	9.514	8.270
1427787723324	37.513658	139.931539	4	-0.036	-0.307	9.370	8.270
1427787723420	37.513664	139.931541	4	-0.069	-0.290	9.371	8.270
1427787723520	37.513672	139.931542	4	-0.033	-0.301	9.377	8.270
1427787723621	37.513679	139.931543	4	0.026	-0.304	9.323	8.270
1427787723722	37.513686	139.931544	4	0.076	-0.314	9.336	8.270
1427787723822	37.513693	139.931545	4	0.065	-0.344	9.491	8.270
1427787723923	37.513700	139.931546	4	0.102	-0.341	9.560	8.269
1427787724024	37.513708	139.931547	4	0.144	-0.338	9.354	8.244
1427787724124	37.513715	139.931548	4	0.145	-0.343	9.357	8.218
1427787724220	37.513723	139.931549	4	0.132	-0.368	9.555	8.194
1427787724321	37.513730	139.931550	4	0.123	-0.353	9.506	8.169
1427787724422	37.513738	139.931551	4	0.117	-0.337	9.343	8.144
1427787724522	37.513745	139.931551	4	0.144	-0.339	9.431	8.119
1427787724623	37.513753	139.931552	4	0.168	-0.359	9.520	8.093
1427787724724	37.513760	139.931553	4	0.159	-0.335	9.396	8.068
1427787724824	37.513768	139.931554	4	0.106	-0.343	9.389	8.044
1427787724920	37.513775	139.931555	4	0.082	-0.331	9.507	8.020
1427787725021	37.513782	139.931557	4	0.084	-0.303	9.310	7.994
1427787725122	37.513789	139.931559	4	0.078	-0.305	9.221	7.969
1427787725222	37.513796	139.931560	4	0.089	-0.333	9.381	7.944
1427787725323	37.513803	139.931562	4	0.105	-0.358	9.605	7.918
1427787725424	37.513810	139.931564	4	0.137	-0.401	9.700	7.893
1427787725524	37.513817	139.931566	4	0.125	-0.415	9.674	7.868
1427787725620	37.513824	139.931568	4	0.097	-0.399	9.652	7.844
1427787725721	37.513830	139.931569	4	0.093	-0.330	9.453	7.819
1427787725821	37.513837	139.931571	4	0.087	-0.302	9.369	7.794
1427787725922	37.513844	139.931573	4	0.067	-0.308	9.435	7.769
1427787726023	37.513851	139.931575	4	0.094	-0.352	9.588	7.744
1427787726124	37.513858	139.931577	4	0.114	-0.388	9.579	7.718
1427787726224	37.513865	139.931579	4	0.083	-0.391	9.529	7.693
1427787726320	37.513871	139.931581	4	0.002	-0.361	9.544	7.669
1427787726421	37.513878	139.931584	4	0.047	-0.267	9.093	7.644
1427787726521	37.513885	139.931586	4	0.161	-0.119	8.192	7.619
1427787726622	37.513892	139.931588	4	0.214	-0.172	8.612	7.594
1427787726723	37.513899	139.931590	4	0.231	-0.335	9.428	7.569
1427787726823	37.513905	139.931592	4	0.203	-0.441	9.808	7.544
1427787726924	37.513912	139.931594	5	0.157	-0.545	9.859	7.520
1427787727020	37.513918	139.931597	5	0.156	-0.585	9.918	7.520
1427787727121	37.513925	139.931599	5	0.152	-0.536	10.032	7.520
1427787727221	37.513931	139.931602	5	0.153	-0.428	9.724	7.520
1427787727322	37.513938	139.931605	5	0.180	-0.282	9.254	7.520
1427787727423	37.513944	139.931608	5	0.185	-0.186	8.928	7.520
1427787727523	37.513951	139.931610	5	0.091	-0.202	9.015	7.520
1427787727624	37.513957	139.931613	5	0.006	-0.344	9.501	7.520
1427787727720	37.513963	139.931616	5	-0.007	-0.467	10.042	7.520
1427787727820	37.513970	139.931618	5	-0.065	-0.452	10.044	7.520
1427787727921	37.513976	139.931621	5	-0.076	-0.339	9.461	7.519
1427787728022	37.513982	139.931623	5	-0.076	-0.217	8.969	7.440
1427787728123	37.513988	139.931624	5	-0.008	-0.229	8.901	7.361
1427787728223	37.513993	139.931625	5	0.032	-0.350	9.075	7.284
1427787728320	37.513999	139.931627	5	0.055	-0.541	9.343	7.211
1427787728420	37.514004	139.931628	5	0.123	-0.763	9.469	7.135
1427787728520	37.514010	139.931630	5	0.085	-0.831	9.719	7.061
1427787728621	37.514015	139.931631	5	0.143	-0.870	9.676	6.986
1427787728722	37.514021	139.931632	5	0.096	-0.756	9.461	6.912
1427787728823	37.514026	139.931634	5	0.029	-0.549	9.415	6.839
1427787728923	37.514031	139.931635	5	0.061	-0.480	9.401	6.769
1427787729024	37.514037	139.931637	5	0.046	-0.452	9.402	6.744
1427787729120	37.514042	139.931639	5	0.012	-0.394	9.465	6.719
1427787729220	37.514048	139.931641	5	0.026	-0.328	9.464	6.694
1427787729321	37.514054	139.931643	5	0.102	-0.351	9.471	6.669
1427787729422	37.514059	139.931645	5	0.154	-0.357	9.349	6.643
1427787729522	37.514065	139.931647	5	0.133	-0.331	9.145	6.618
1427787729623	37.514071	139.931648	5	0.094	-0.352	9.266	6.593
1427787729724	37.514076	139.931650	5	0.076	-0.388	9.691	6.568
1427787729820	37.514081	139.931652	5	0.036	-0.383	9.754	6.545
1427787729920	37.514087	139.931654	4	0.018	-0.310	9.514	6.520
1427787730021	37.514093	139.931657	4	0.018	-0.260	9.358	6.494
1427787730122	37.514099	139.931660	4	-0.006	-0.255	9.377	6.469
1427787730222	37.514105	139.931663	4	0.010	-0.273	9.603	6.443
1427787730323	37.514111	139.931666	4	0.029	-0.247	9.503	6.418
1427787730424	37.514117	139.931669	4	0.021	-0.216	9.263	6.393
1427787730524	37.514122	139.931672	4	0.013	-0.208	9.279	6.368
1427787730620	37.514128	139.931675	4	0.009	-0.287	9.527	6.344
1427787730721	37.514134	139.931678	4	0.004	-0.360	9.604	6.319
1427787730822	37.514139	139.931681	4	0.007	-0.373	9.403	6.294
1427787730922	37.514145	139.931684	4	0.054	-0.342	9.201	6.269
1427787731023	37.514150	139.931687	4	0.119	-0.318	9.464	6.244
1427787731124	37.514156	139.931689	4	0.126	-0.318	9.732	6.218
1427787731224	37.514161	139.931691	4	0.063	-0.285	9.513	6.193
1427787731320	37.514166	139.931694	4	0.014	-0.259	9.171	6.169
1427787731421	37.514171	139.931696	4	0.059	-0.251	9.251	6.143
1427787731521	37.514177	139.931699	4	0.067	-0.295	9.559	6.119
1427787731622	37.514182	139.931701	4	0.060	-0.327	9.673	6.093
1427787731723	37.514187	139.931703	4	0.099	-0.349	9.505	6.068
1427787731824	37.514192	139.931706	4	0.144	-0.271	9.241	6.044
1427787731924	37.514197	139.931708	4	0.124	-0.286	9.265	6.019
1427787732020	37.514202	139.931709	4	0.004	-0.355	9.591	5.995
1427787732121	37.514206	139.931710	4	-0.100	-0.288	9.607	5.969
1427787732221	37.514211	139.931711	4	-0.151	-0.245	9.287	5.944
1427787732322	37.514215	139.931712	4	-0.132	-0.232	9.222	5.918
1427787732423	37.514220	139.931713	4	-0.075	-0.287	9.444	5.893
1427787732524	37.514224	139.931714	4	-0.031	-0.323	9.603	5.868
1427787732624	37.514229	139.931715	4	0.018	-0.314	9.592	5.843
1427787732720	37.514233	139.931716	4	0.031	-0.262	9.415	5.819
1427787732821	37.514238	139.931717	4	0.013	-0.238	9.290	5.794
1427787732921	37.514242	139.931718	4	-0.077	-0.250	9.371	5.770
1427787733022	37.514247	139.931719	4	-0.107	-0.250	9.453	5.744
1427787733123	37.514252	139.931720	4	-0.120	-0.226	9.315	5.718
1427787733224	37.514257	139.931721	4	-0.084	-0.176	9.119	5.693
1427787733324	37.514261	139.931722	4	-0.031	-0.223	9.252	5.668
1427787733420	37.514266	139.931723	4	0.035	-0.283	9.559	5.644
1427787733521	37.514271	139.931724	4	0.067	-0.319	9.691	5.618
1427787733621	37.514275	139.931725	4	0.070	-0.297	9.504	5.594
1427787733722	37.514280	139.931726	4	0.069	-0.281	9.368	5.569
1427787733823	37.514285	139.931727	4	0.041	-0.264	9.396	5.544
1427787733923	37.514289	139.931728	4	-0.002	-0.305	9.591	5.519
1427787734024	37.514294	139.931730	4	-0.065	-0.306	9.646	5.493
1427787734120	37.514299	139.931733	4	-0.085	-0.266	9.460	5.469
1427787734220	37.514304	139.931735	4	-0.048	-0.257	9.363	5.444
1427787734322	37.514309	139.931737	4	-0.003	-0.278	9.358	5.418
1427787734422	37.514313	139.931740	4	0.015	-0.312	9.501	5.393
1427787734523	37.514318	139.931742	4	0.034	-0.301	9.561	5.368
1427787734623	37.514323	139.931744	4	0.027	-0.249	9.382	5.343
1427787734724	37.514328	139.931747	4	-0.000	-0.216	9.275	5.318
1427787734820	37.514332	139.931749	4	-0.017	-0.221	9.323	5.294
1427787734920	37.514337	139.931751	5	-0.036	-0.271	9.548	5.270
1427787735021	37.514341	139.931752	5	-0.038	-0.281	9.594	5.244
1427787735122	37.514345	139.931753	5	-0.040	-0.244	9.386	5.219
1427787735222	37.514350	139.931754	5	-0.048	-0.219	9.219	5.193
1427787735323	37.514354	139.931755	5	-0.064	-0.224	9.334	5.168
1427787735424	37.514358	139.931756	5	-0.051	-0.225	9.610	5.142
1427787735520	37.514362	139.931757	5	-0.016	-0.196	9.708	5.119
1427787735620	37.514366	139.931758	5	-0.005	-0.113	9.456	5.094
1427787735721	37.514370	139.931759	5	0.012	0.002	9.201	5.069
1427787735822	37.514374	139.931760	5	0.031	0.048	9.253	5.044
1427787735922	37.514378	139.931761	5	0.012	-0.027	9.449	5.020
1427787736023	37.514383	139.931764	5	0.023	0.023	9.761	5.020
1427787736124	37.514387	139.931766	5	0.031	0.162	9.702	5.020
1427787736220	37.514392	139.931769	5	0.042	0.265	9.296	5.020
1427787736320	37.514396	139.931771	5	0.092	0.317	9.027	5.020
1427787736421	37.514401	139.931774	5	0.116	0.300	9.180	5.020
1427787736522	37.514405	139.931777	5	0.110	0.244	9.700	5.020
1427787736622	37.514410	139.931779	5	0.113	0.198	9.952	5.020
1427787736723	37.514414	139.931782	5	0.078	0.219	9.603	5.020
1427787736824	37.514419	139.931784	5	0.075	0.300	9.192	5.020
1427787736924	37.514423	139.931787	5	0.117	0.317	9.101	5.021
1427787737020	37.514427	139.931790	5	0.112	0.236	9.261	5.044
1427787737121	37.514431	139.931792	5	0.105	0.063	9.532	5.069
1427787737222	37.514435	139.931795	5	0.032	-0.202	9.485	5.094
1427787737322	37.514440	139.931797	5	0.021	-0.390	9.524	5.119
1427787737424	37.514444	139.931800	5	0.063	-0.285	9.566	5.144
1427787737524	37.514448	139.931803	5	0.059	-0.179	9.415	5.170
1427787737624	37.514452	139.931805	5	0.010	-0.178	9.328	5.195
1427787737720	37.514456	139.931808	5	-0.065	-0.325	9.322	5.219
1427787737821	37.514461	139.931810	5	-0.047	-0.291	9.412	5.245
1427787737922	37.514465	139.931813	5	0.002	-0.217	9.545	5.269
1427787738022	37.514470	139.931815	5	0.022	-0.236	9.454	5.244
1427787738123	37.514475	139.931818	5	0.008	-0.319	9.317	5.218
1427787738224	37.514480	139.931820	5	0.018	-0.265	9.487	5.193
1427787738324	37.514484	139.931822	5	0.004	-0.207	9.607	5.168
1427787738420	37.514489	139.931825	5	-0.041	-0.180	9.433	5.143
1427787738521	37.514494	139.931827	5	-0.074	-0.171	9.291	5.118
1427787738621	37.514498	139.931829	5	-0.116	-0.139	9.418	5.093
1427787738722	37.514503	139.931832	5	-0.118	-0.140	9.602	5.069
1427787738823	37.514508	139.931834	5	-0.057	-0.152	9.541	5.044
1427787738924	37.514512	139.931836	5	0.005	-0.095	9.342	5.020
1427787739024	37.514516	139.931838	5	0.048	-0.056	9.286	5.020
1427787739120	37.514520	139.931840	5	0.058	0.012	9.340	5.020
1427787739221	37.514525	139.931841	5	0.033	0.057	9.510	5.020
1427787739321	37.514529	139.931843	5	-0.018	0.031	9.498	5.020
1427787739422	37.514533	139.931845	5	-0.053	0.058	9.435	5.020
1427787739523	37.514537	139.931847	5	-0.050	0.157	9.386	5.020
1427787739624	37.514542	139.931849	5	-0.037	0.152	9.343	5.020
1427787739724	37.514546	139.931850	5	-0.008	0.090	9.501	5.020
1427787739820	37.514550	139.931852	5	-0.006	0.017	9.589	5.020
1427787739921	37.514554	139.931854	4	-0.033	-0.107	9.345	5.020
1427787740021	37.514558	139.931857	4	-0.098	-0.306	9.159	5.020
1427787740122	37.514563	139.931859	4	-0.098	-0.233	9.426	5.020
1427787740223	37.514567	139.931862	4	-0.123	-0.179	9.607	5.020
1427787740323	37.514571	139.931864	4	-0.131	-0.187	9.605	5.020
1427787740424	37.514576	139.931867	4	-0.139	-0.313	9.364	5.020
1427787740520	37.514580	139.931869	4	-0.113	-0.287	9.268	5.020
1427787740621	37.514584	139.931872	4	-0.038	-0.180	9.306	5.020
1427787740721	37.514588	139.931874	4	-0.002	-0.206	9.422	5.020
1427787740822	37.514593	139.931877	4	-0.022	-0.343	9.563	5.020
1427787740923	37.514597	139.931879	4	-0.006	-0.313	9.672	5.020
1427787741023	37.514601	139.931882	4	-0.002	-0.207	9.472	5.020
1427787741124	37.514606	139.931885	4	-0.036	-0.192	9.182	5.020
1427787741220	37.514610	139.931887	4	-0.073	-0.172	9.190	5.020
1427787741320	37.514614	139.931890	4	-0.068	-0.170	9.416	5.020
1427787741421	37.514619	139.931893	4	-0.077	-0.271	9.575	5.020
1427787741522	37.514623	139.931895	4	-0.139	-0.466	9.496	5.020
1427787741623	37.514627	139.931898	4	-0.132	-0.627	9.431	5.020
1427787741723	37.514632	139.931901	4	-0.125	-0.713	9.312	5.020
1427787741824	37.514636	139.931903	4	-0.130	-0.849	9.349	5.020
1427787741920	37.514640	139.931906	4	-0.145	-0.885	9.504	5.020
1427787742020	37.514643	139.931908	4	-0.146	-0.939	9.576	4.911
1427787742121	37.514647	139.931911	4	-0.159	-0.960	9.537	4.804
1427787742222	37.514650	139.931913	4	-0.186	-0.943	9.395	4.698
1427787742322	37.514653	139.931915	4	-0.213	-0.909	9.221	4.596
1427787742423	37.514656	139.931917	4	-0.184	-0.880	9.219	4.495
1427787742524	37.514660	139.931919	4	-0.134	-0.931	9.345	4.396
1427787742625	37.514663	139.931921	4	-0.112	-0.970	9.510	4.300
1427787742720	37.514665	139.931923	4	-0.132	-0.960	9.611	4.211
1427787742821	37.514668	139.931925	4	-0.145	-0.906	9.574	4.118
1427787742922	37.514671	139.931927	4	-0.103	-0.780	9.525	4.029
1427787743022	37.514674	139.931929	4	-0.100	-0.618	9.446	3.977
1427787743123	37.514677	139.931930	4	-0.108	-0.421	9.458	3.925
1427787743224	37.514680	139.931932	4	-0.118	-0.302	9.521	3.874
1427787743324	37.514683	139.931933	4	-0.101	-0.210	9.483	3.824
1427787743420	37.514686	139.931935	4	-0.083	-0.165	9.370	3.777
1427787743521	37.514689	139.931936	4	-0.052	-0.156	9.474	3.728
1427787743622	37.514692	139.931938	4	-0.025	-0.188	9.693	3.679
1427787743722	37.514695	139.931939	4	-0.015	-0.182	9.687	3.632
1427787743823	37.514697	139.931941	4	-0.032	-0.106	9.415	3.585
1427787743924	37.514700	139.931942	6	-0.077	-0.072	9.237	3.538
1427787744024	37.514702	139.931943	6	-0.094	-0.098	9.409	3.484
1427787744120	37.514704	139.931945	6	-0.088	-0.142	9.569	3.434
1427787744221	37.514707	139.931946	6	-0.072	-0.173	9.511	3.382
1427787744322	37.514709	139.931947	6	-0.099	-0.255	9.453	3.330
1427787744422	37.514711	139.931948	6	-0.151	-0.406	9.394	3.280
1427787744523	37.514713	139.931949	6	-0.166	-0.577	9.325	3.229
1427787744624	37.514715	139.931951	6	-0.198	-0.772	9.397	3.180
1427787744724	37.514717	139.931952	6	-0.211	-0.888	9.594	3.132
1427787744820	37.514719	139.931953	6	-0.213	-0.932	9.507	3.087
1427787744921	37.514721	139.931954	6	-0.135	-0.900	9.285	3.039
1427787745021	37.514723	139.931956	6	-0.100	-0.881	9.245	2.987
1427787745122	37.514725	139.931958	6	-0.103	-0.943	9.497	2.934
1427787745223	37.514726	139.931959	6	-0.156	-1.023	9.668	2.882
1427787745324	37.514728	139.931961	6	-0.209	-1.043	9.502	2.832
1427787745424	37.514730	139.931963	6	-0.236	-1.012	9.225	2.782
1427787745520	37.514732	139.931965	6	-0.230	-0.990	9.220	2.736
1427787745621	37.514733	139.931966	6	-0.201	-1.014	9.452	2.688
1427787745721	37.514735	139.931968	6	-0.135	-1.011	9.651	2.641
1427787745822	37.514736	139.931969	6	-0.137	-0.982	9.584	2.594
1427787745923	37.514738	139.931971	9	-0.158	-0.933	9.366	2.546
1427787746023	37.514738	139.931975	9	-0.211	-0.933	9.278	2.429
1427787746124	37.514738	139.931980	9	-0.239	-0.954	9.434	2.315
1427787746220	37.514738	139.931984	9	-0.207	-0.988	9.550	2.211
1427787746321	37.514738	139.931987	9	-0.129	-0.946	9.459	2.106
1427787746421	37.514739	139.931991	9	-0.112	-0.902	9.333	2.007
1427787746522	37.514739	139.931995	9	-0.124	-0.854	9.354	1.911
1427787746623	37.514739	139.931998	9	-0.193	-0.868	9.426	1.821
1427787746723	37.514739	139.932001	9	-0.230	-0.888	9.481	1.735
1427787746824	37.514739	139.932004	9	-0.242	-0.918	9.452	1.653
1427787746920	37.514739	139.932007	9	-0.193	-0.915	9.370	1.580
1427787747021	37.514738	139.932005	9	-0.152	-0.931	9.323	1.462
1427787747121	37.514737	139.932003	9	-0.129	-0.924	9.412	1.352
1427787747222	37.514736	139.932000	9	-0.159	-0.951	9.497	1.248
1427787747323	37.514735	139.931999	9	-0.180	-0.940	9.498	1.150
1427787747423	37.514734	139.931997	9	-0.212	-0.963	9.420	1.060
1427787747524	37.514733	139.931995	9	-0.207	-0.986	9.408	0.975
1427787747620	37.514733	139.931994	9	-0.204	-1.033	9.412	0.902
1427787747720	37.514732	139.931992	9	-0.167	-1.026	9.434	0.831
1427787747821	37.514732	139.931991	9	-0.089	-0.761	9.580	0.767
1427787747922	37.514731	139.931990	8	0.017	-0.327	9.653	0.710
1427787748023	37.514732	139.931992	8	0.035	-0.014	9.467	0.685
1427787748123	37.514732	139.931993	8	0.029	0.181	9.242	0.661
1427787748224	37.514733	139.931994	8	0.007	0.168	9.153	0.638
1427787748320	37.514734	139.931996	8	0.003	0.055	9.298	0.617
1427787748420	37.514734	139.931997	8	0.020	-0.081	9.473	0.596
1427787748521	37.514735	139.931998	8	0.051	-0.177	9.560	0.575
1427787748622	37.514735	139.932000	8	0.051	-0.160	9.488	0.555
1427787748722	37.514736	139.932001	8	0.060	-0.053	9.460	0.536
1427787748823	37.514737	139.932002	8	0.055	0.053	9.456	0.517
1427787748924	37.514737	139.932003	6	0.039	0.082	9.445	0.500
1427787749020	37.514737	139.932003	6	0.011	0.032	9.435	0.500
1427787749120	37.514737	139.932004	6	-0.011	-0.057	9.464	0.500
1427787749221	37.514737	139.932004	6	-0.003	-0.100	9.444	0.500
1427787749322	37.514737	139.932004	6	0.025	-0.088	9.444	0.500
1427787749422	37.514738	139.932005	6	0.047	-0.033	9.416	0.500
1427787749523	37.514738	139.932005	6	0.052	0.004	9.428	0.500
1427787749624	37.514738	139.932005	6	0.046	0.028	9.463	0.500
1427787749724	37.514738	139.932005	6	0.019	-0.011	9.473	0.500
1427787749820	37.514738	139.932006	6	0.008	-0.039	9.476	0.500
1427787749921	37.514738	139.932006	4	0.009	-0.070	9.438	0.500
1427787750022	37.514738	139.932006	4	0.034	-0.048	9.392	0.500
1427787750122	37.514738	139.932006	4	0.043	-0.036	9.370	0.500
1427787750223	37.514739	139.932007	4	0.071	-0.013	9.403	0.500
1427787750324	37.514739	139.932007	4	0.073	-0.016	9.439	0.500
1427787750424	37.514739	139.932007	4	0.078	-0.021	9.484	0.500
1427787750520	37.514739	139.932007	4	0.060	-0.032	9.487	0.500
1427787750621	37.514739	139.932007	4	0.059	-0.009	9.501	0.500
1427787750721	37.514740	139.932008	4	0.031	-0.011	9.482	0.500
1427787750822	37.514740	139.932008	4	0.007	-0.023	9.459	0.500
1427787750923	37.514740	139.932008	4	-0.018	-0.042	9.426	0.500
1427787751024	37.514741	139.932008	4	-0.008	-0.056	9.389	0.500
1427787751124	37.514741	139.932008	4	0.024	-0.056	9.400	0.500
1427787751220	37.514741	139.932008	4	0.054	-0.041	9.419	0.500
1427787751321	37.514742	139.932008	4	0.063	-0.024	9.437	0.500
1427787751421	37.514743	139.932007	4	0.064	-0.013	9.467	0.500
1427787751522	37.514743	139.932007	4	0.031	-0.022	9.468	0.500
1427787751623	37.514744	139.932007	4	0.017	-0.026	9.473	0.500
1427787751724	37.514744	139.932007	4	-0.003	-0.048	9.428	0.500
1427787751824	37.514745	139.932007	4	0.035	-0.050	9.412	0.500
1427787751920	37.514745	139.932007	5	0.051	-0.038	9.433	0.500
1427787752021	37.514746	139.932007	5	0.054	-0.021	9.461	0.500
1427787752121	37.514746	139.932008	5	0.040	-0.016	9.465	0.500
1427787752222	37.514747	139.932008	5	0.026	-0.019	9.483	0.500
1427787752323	37.514748	139.932008	5	0.003	-0.036	9.463	0.500
1427787752423	37.514749	139.932009	5	-0.001	-0.052	9.441	0.500
1427787752524	37.514749	139.932009	5	0.000	-0.051	9.388	0.500
1427787752620	37.514750	139.932009	5	0.021	-0.057	9.387	0.500
1427787752721	37.514751	139.932009	5	0.041	-0.038	9.400	0.500
1427787752821	37.514751	139.932010	5	0.056	-0.032	9.446	0.500
1427787752922	37.514752	139.932010	5	0.053	-0.019	9.465	0.500
1427787753023	37.514752	139.932010	5	0.044	-0.017	9.480	0.500
1427787753123	37.514752	139.932009	5	0.027	-0.017	9.469	0.500
1427787753224	37.514751	139.932009	5	0.008	-0.059	9.407	0.500
1427787753320	37.514751	139.932009	5	0.007	-0.054	9.369	0.500
1427787753420	37.514751	139.932008	5	0.036	-0.042	9.406	0.500
1427787753521	37.514751	139.932008	5	0.060	-0.027	9.448	0.500
1427787753622	37.514751	139.932008	5	0.060	-0.021	9.467	0.500
1427787753723	37.514750	139.932008	5	0.051	-0.010	9.476	0.500
1427787753823	37.514750	139.932007	5	0.018	-0.029	9.472	0.500
1427787753924	37.514750	139.932007	5	0.002	-0.037	9.429	0.500
1427787754020	37.514750	139.932008	5	-0.002	-0.050	9.384	0.500
1427787754120	37.514751	139.932008	5	0.036	-0.035	9.394	0.500
1427787754221	37.514751	139.932009	5	0.062	-0.035	9.430	0.500
1427787754322	37.514751	139.932009	5	0.071	-0.017	9.462	0.500
1427787754423	37.514752	139.932010	5	0.053	-0.017	9.473	0.500
1427787754523	37.514752	139.932011	5	0.042	0.003	9.485	0.500
1427787754624	37.514752	139.932011	5	0.005	-0.028	9.461	0.500
1427787754720	37.514752	139.932012	5	-0.003	-0.035	9.448	0.500
1427787754820	37.514753	139.932012	5	-0.002	-0.049	9.396	0.500
1427787754921	37.514753	139.932013	5	0.036	-0.042	9.397	0.500
1427787755022	37.514753	139.932013	5	0.046	-0.040	9.399	0.500
1427787755122	37.514753	139.932013	5	0.069	-0.020	9.449	0.500
1427787755223	37.514752	139.932013	5	0.060	-0.023	9.455	0.500
1427787755324	37.514752	139.932013	5	0.051	-0.014	9.485	0.500
1427787755424	37.514752	139.932013	5	0.038	-0.011	9.484	0.500
1427787755520	37.514752	139.932013	5	0.023	-0.023	9.479	0.500
1427787755621	37.514752	139.932013	5	-0.010	-0.047	9.429	0.500
1427787755722	37.514751	139.932013	5	0.004	-0.048	9.408	0.500
1427787755822	37.514751	139.932013	5	0.021	-0.041	9.403	0.500
1427787755923	37.514751	139.932013	5	0.048	-0.038	9.427	0.500
1427787756024	37.514751	139.932013	5	0.056	-0.027	9.446	0.500
1427787756124	37.514751	139.932013	5	0.066	-0.019	9.475	0.500
1427787756220	37.514752	139.932013	5	0.044	-0.020	9.477	0.500
1427787756321	37.514752	139.932013	5	0.024	-0.021	9.483	0.500
1427787756422	37.514752	139.932014	5	0.012	-0.031	9.427	0.500
1427787756522	37.514752	139.932014	5	0.016	-0.045	9.402	0.500
1427787756623	37.514752	139.932014	5	0.037	-0.042	9.384	0.500
1427787756724	37.514753	139.932014	5	0.063	-0.031	9.427	0.500
1427787756824	37.514753	139.932014	5	0.070	-0.018	9.450	0.500
1427787756920	37.514753	139.932014	5	0.055	-0.016	9.468	0.500
1427787757021	37.514753	139.932014	5	0.039	-0.001	9.482	0.500
1427787757121	37.514753	139.932015	5	0.015	-0.022	9.479	0.500
1427787757222	37.514753	139.932015	5	-0.002	-0.042	9.435	0.500
1427787757323	37.514753	139.932016	5	0.004	-0.053	9.407	0.500
1427787757424	37.514753	139.932016	5	0.031	-0.046	9.396	0.500
1427787757524	37.514753	139.932016	5	0.045	-0.039	9.416	0.500
1427787757620	37.514753	139.932017	5	0.052	-0.017	9.444	0.500
1427787757721	37.514753	139.932017	5	0.041	-0.014	9.464	0.500
1427787757821	37.514753	139.932018	5	0.033	-0.007	9.478	0.500
1427787757922	37.514753	139.932018	5	0.014	-0.029	9.455	0.500
1427787758023	37.514753	139.932018	5	0.012	-0.041	9.411	0.500
1427787758124	37.514753	139.932018	5	0.007	-0.057	9.377	0.500
1427787758224	37.514753	139.932018	5	0.036	-0.035	9.411	0.500
1427787758320	37.514753	139.932018	5	0.053	-0.031	9.436	0.500
1427787758421	37.514753	139.932018	5	0.051	-0.015	9.460	0.500
1427787758521	37.514754	139.932019	5	0.035	-0.022	9.471	0.500
1427787758622	37.514754	139.932019	5	0.012	-0.036	9.451	0.500
1427787758723	37.514754	139.932019	5	0.012	-0.056	9.410	0.500
1427787758823	37.514754	139.932019	5	0.037	-0.041	9.418	0.500
1427787758924	37.514754	139.932019	4	0.041	-0.037	9.441	0.500
1427787759020	37.514754	139.932019	4	0.048	-0.026	9.457	0.500
1427787759121	37.514754	139.932019	4	0.048	-0.023	9.474	0.500
1427787759221	37.514754	139.932019	4	0.035	-0.010	9.471	0.500
1427787759322	37.514754	139.932019	4	0.004	-0.039	9.437	0.500
1427787759423	37.514754	139.932019	4	0.026	-0.033	9.426	0.500
1427787759523	37.514754	139.932020	4	0.038	-0.036	9.425	0.500
1427787759624	37.514754	139.932020	4	0.050	-0.018	9.451	0.500
1427787759720	37.514754	139.932020	4	0.053	-0.006	9.471	0.500
1427787759820	37.514754	139.932020	4	0.027	-0.020	9.467	0.500
1427787759921	37.514754	139.932020	4	0.015	-0.039	9.444	0.500
1427787760022	37.514754	139.932020	4	0.015	-0.039	9.395	0.500
1427787760123	37.514754	139.932020	4	0.044	-0.035	9.435	0.500
1427787760223	37.514754	139.932020	4	0.059	-0.024	9.452	0.500
1427787760324	37.514754	139.932020	4	0.057	-0.023	9.466	0.500
1427787760420	37.514754	139.932020	4	0.049	-0.009	9.470	0.500
1427787760520	37.514754	139.932020	4	0.019	-0.026	9.475	0.500
1427787760621	37.514754	139.932020	4	0.007	-0.029	9.434	0.500
1427787760722	37.514754	139.932020	4	0.010	-0.047	9.401	0.500
1427787760822	37.514754	139.932020	4	0.046	-0.039	9.413	0.500
1427787760923	37.514754	139.932020	4	0.062	-0.033	9.428	0.500
1427787761024	37.514754	139.932020	4	0.071	-0.011	9.462	0.500
1427787761120	37.514754	139.932020	4	0.044	-0.017	9.471	0.500
1427787761220	37.514754	139.932020	4	0.023	-0.006	9.477	0.500
1427787761321	37.514754	139.932020	4	0.001	-0.028	9.458	0.500
1427787761422	37.514754	139.932020	4	0.003	-0.041	9.413	0.500
1427787761522	37.514754	139.932020	4	0.025	-0.049	9.374	0.500
1427787761623	37.514754	139.932020	4	0.060	-0.029	9.419	0.500
1427787761724	37.514754	139.932020	4	0.058	-0.029	9.443	0.500
1427787761820	37.514754	139.932020	4	0.053	-0.012	9.464	0.500
1427787761920	37.514754	139.932020	4	0.042	-0.008	9.479	0.500
1427787762021	37.514754	139.932020	4	0.025	-0.015	9.475	0.500
1427787762122	37.514754	139.932020	4	0.005	-0.046	9.427	0.500
1427787762222	37.514754	139.932020	4	0.012	-0.040	9.405	0.500
1427787762323	37.514754	139.932020	4	0.032	-0.050	9.398	0.500
1427787762424	37.514754	139.932020	4	0.052	-0.028	9.441	0.500
1427787762520	37.514754	139.932020	4	0.037	-0.019	9.454	0.500
1427787762620	37.514754	139.932020	4	0.029	-0.021	9.463	0.500
1427787762721	37.514754	139.932020	4	0.006	-0.046	9.450	0.500
1427787762822	37.514754	139.932020	4	0.010	-0.052	9.390	0.500
1427787762922	37.514754	139.932020	5	0.016	-0.058	9.385	0.500
1427787763023	37.514754	139.932020	5	0.042	-0.043	9.406	0.500
1427787763124	37.514754	139.932020	5	0.044	-0.040	9.415	0.500
1427787763224	37.514754	139.932020	5	0.050	-0.019	9.455	0.500
1427787763320	37.514754	139.932020	5	0.040	-0.022	9.464	0.500
1427787763421	37.514754	139.932020	5	0.021	-0.030	9.465	0.500
1427787763521	37.514754	139.932020	5	-0.015	-0.059	9.416	0.500
1427787763622	37.514754	139.932020	5	0.000	-0.052	9.398	0.500
1427787763723	37.514754	139.932020	5	0.015	-0.053	9.399	0.500
1427787763824	37.514754	139.932020	5	0.047	-0.031	9.439	0.500
1427787763924	37.514754	139.932020	5	0.046	-0.026	9.443	0.500
1427787764020	37.514754	139.932020	5	0.058	-0.006	9.473	0.500
1427787764121	37.514754	139.932020	5	0.025	-0.022	9.472	0.500
1427787764221	37.514754	139.932020	5	0.004	-0.026	9.465	0.500
1427787764322	37.514754	139.932020	5	-0.007	-0.038	9.408	0.500
1427787764423	37.514754	139.932020	5	0.017	-0.039	9.397	0.500
1427787764523	37.514754	139.932020	5	0.035	-0.041	9.392	0.500
1427787764624	37.514754	139.932020	5	0.061	-0.023	9.435	0.500
1427787764720	37.514754	139.932020	5	0.053	-0.022	9.450	0.500
1427787764821	37.514754	139.932020	5	0.040	-0.012	9.472	0.500
1427787764921	37.514754	139.932020	6	0.007	-0.027	9.459	0.500
1427787765022	37.514754	139.932020	6	0.004	-0.039	9.413	0.500
1427787765123	37.514754	139.932020	6	0.027	-0.045	9.410	0.500
1427787765223	37.514754	139.932020	6	0.063	-0.036	9.443	0.500
1427787765324	37.514754	139.932020	6	0.063	-0.030	9.452	0.500
1427787765420	37.514754	139.932020	6	0.059	-0.013	9.477	0.500
1427787765521	37.514754	139.932020	6	0.042	-0.009	9.475	0.500
1427787765621	37.514754	139.932020	6	0.030	-0.014	9.489	0.500
1427787765723	37.514754	139.932020	6	-0.003	-0.044	9.451	0.500
1427787765823	37.514754	139.932020	6	0.021	-0.048	9.422	0.500
1427787765923	37.514754	139.932020	6	0.030	-0.047	9.408	0.500
1427787766024	37.514754	139.932020	6	0.050	-0.036	9.432	0.500
1427787766120	37.514754	139.932020	6	0.047	-0.025	9.438	0.500
1427787766220	37.514754	139.932020	6	0.053	-0.010	9.467	0.500
1427787766321	37.514754	139.932020	6	0.030	-0.021	9.464	0.500
1427787766422	37.514754	139.932020	6	0.012	-0.033	9.462	0.500
1427787766523	37.514754	139.932020	6	0.003	-0.043	9.411	0.500
1427787766623	37.514754	139.932020	6	0.018	-0.055	9.400	0.500
1427787766724	37.514754	139.932020	6	0.032	-0.041	9.381	0.500
1427787766820	37.514754	139.932020	6	0.056	-0.027	9.426	0.500
1427787766920	37.514754	139.932020	6	0.063	-0.020	9.444	0.500
1427787767021	37.514754	139.932020	6	0.062	-0.016	9.470	0.500
1427787767122	37.514754	139.932020	6	0.037	-0.014	9.475	0.500
1427787767223	37.514754	139.932020	6	0.001	-0.041	9.455	0.500
1427787767323	37.514754	139.932020	6	-0.002	-0.047	9.414	0.500
1427787767424	37.514754	139.932020	6	0.022	-0.051	9.404	0.500
1427787767520	37.514754	139.932021	6	0.045	-0.038	9.431	0.500
1427787767620	37.514754	139.932021	6	0.059	-0.026	9.457	0.500
1427787767721	37.514754	139.932021	6	0.045	-0.027	9.462	0.500
1427787767822	37.514754	139.932021	6	0.021	-0.031	9.469	0.500
1427787767922	37.514754	139.932021	6	-0.011	-0.043	9.413	0.500
1427787768023	37.514754	139.932021	6	0.006	-0.050	9.397	0.500
1427787768124	37.514754	139.932021	6	0.038	-0.044	9.407	0.500
1427787768225	37.514754	139.932021	6	0.059	-0.038	9.437	0.500
1427787768320	37.514754	139.932021	6	0.059	-0.026	9.447	0.500
1427787768421	37.514754	139.932021	6	0.056	-0.015	9.476	0.500
1427787768522	37.514754	139.932021	6	0.027	-0.017	9.473	0.500
1427787768622	37.514754	139.932021	6	0.000	-0.038	9.458	0.500
1427787768723	37.514754	139.932021	6	0.009	-0.045	9.405	0.500
1427787768824	37.514754	139.932021	6	0.041	-0.043	9.424	0.500
1427787768920	37.514754	139.932021	6	0.048	-0.034	9.439	0.500
1427787769021	37.514754	139.932021	6	0.046	-0.022	9.464	0.500
1427787769121	37.514754	139.932021	6	0.031	-0.013	9.464	0.500
1427787769221	37.514754	139.932021	6	0.010	-0.029	9.461	0.500
1427787769322	37.514754	139.932021	6	-0.003	-0.041	9.428	0.500
1427787769423	37.514754	139.932021	6	0.023	-0.046	9.394	0.500
1427787769524	37.514754	139.932021	6	0.049	-0.031	9.426	0.500
1427787769624	37.514754	139.932021	6	0.049	-0.026	9.453	0.500
1427787769720	37.514754	139.932021	6	0.033	-0.016	9.457	0.500
1427787769821	37.514754	139.932021	6	0.019	-0.025	9.461	0.500
1427787769921	37.514754	139.932021	7	0.010	-0.043	9.411	0.500
1427787770022	37.514754	139.932021	7	0.039	-0.032	9.404	0.500
1427787770123	37.514754	139.932021	7	0.050	-0.027	9.440	0.500
1427787770224	37.514754	139.932021	7	0.050	-0.008	9.468	0.500
1427787770324	37.514754	139.932021	7	0.016	-0.017	9.457	0.500
1427787770420	37.514754	139.932021	7	0.010	-0.026	9.447	0.500
1427787770521	37.514754	139.932021	7	0.010	-0.046	9.388	0.500
1427787770621	37.514754	139.932021	7	0.051	-0.029	9.434	0.500
1427787770722	37.514754	139.932021	7	0.042	-0.031	9.437	0.500
1427787770823	37.514754	139.932021	7	0.045	-0.013	9.460	0.500
1427787770924	37.514754	139.932021	7	0.014	-0.023	9.461	0.500
1427787771024	37.514754	139.932021	7	0.007	-0.038	9.419	0.500
1427787771120	37.514754	139.932021	7	0.021	-0.046	9.402	0.500
1427787771221	37.514754	139.932021	7	0.062	-0.026	9.436	0.500
1427787771321	37.514754	139.932021	7	0.058	-0.028	9.449	0.500
1427787771422	37.514754	139.932021	7	0.049	-0.009	9.482	0.500
1427787771523	37.514754	139.932021	7	0.023	-0.014	9.473	0.500
1427787771623	37.514754	139.932021	7	0.004	-0.028	9.452	0.500
1427787771724	37.514754	139.932021	7	0.002	-0.049	9.390	0.500
1427787771820	37.514754	139.932021	7	0.034	-0.040	9.406	0.500
1427787771921	37.514754	139.932021	7	0.045	-0.040	9.426	0.500
1427787772021	37.514754	139.932021	7	0.053	-0.017	9.448	0.500
1427787772122	37.514754	139.932021	7	0.033	-0.015	9.459	0.500
1427787772223	37.514754	139.932021	7	0.022	-0.015	9.455	0.500
1427787772323	37.514754	139.932021	7	0.008	-0.044	9.416	0.500
1427787772424	37.514754	139.932021	7	0.040	-0.038	9.395	0.500
1427787772520	37.514754	139.932021	7	0.045	-0.038	9.422	0.500
1427787772620	37.514754	139.932021	7	0.050	-0.018	9.451	0.500
1427787772721	37.514754	139.932021	7	0.033	-0.018	9.455	0.500
1427787772822	37.514754	139.932021	7	0.014	-0.028	9.449	0.500
1427787772923	37.514754	139.932021	8	0.023	-0.046	9.403	0.500
1427787773023	37.514754	139.932021	8	0.045	-0.035	9.416	0.500
1427787773124	37.514754	139.932021	8	0.050	-0.029	9.442	0.500
1427787773220	37.514754	139.932021	8	0.042	-0.014	9.446	0.500
1427787773320	37.514754	139.932021	8	0.021	-0.025	9.454	0.500
1427787773421	37.514754	139.932021	8	0.010	-0.035	9.431	0.500
1427787773522	37.514754	139.932021	8	0.015	-0.052	9.402	0.500
1427787773622	37.514754	139.932021	8	0.043	-0.044	9.404	0.500
1427787773723	37.514754	139.932021	8	0.049	-0.038	9.421	0.500
1427787773824	37.514754	139.932021	8	0.054	-0.015	9.449	0.500
1427787773920	37.514754	139.932021	8	0.037	-0.019	9.465	0.500
1427787774020	37.514754	139.932021	8	0.006	-0.039	9.440	0.500
1427787774121	37.514754	139.932021	8	0.025	-0.052	9.417	0.500
1427787774222	37.514754	139.932021	8	0.039	-0.042	9.425	0.500
1427787774322	37.514754	139.932021	8	0.047	-0.028	9.456	0.500
1427787774423	37.514754	139.932021	8	0.037	-0.010	9.454	0.500
1427787774524	37.514754	139.932022	8	0.018	-0.021	9.449	0.500
1427787774620	37.514754	139.932022	8	0.004	-0.040	9.414	0.500
1427787774720	37.514754	139.932022	8	0.041	-0.035	9.420	0.500
1427787774821	37.514754	139.932022	8	0.043	-0.032	9.426	0.500
1427787774922	37.514754	139.932022	8	0.060	-0.006	9.463	0.500
1427787775022	37.514754	139.932022	8	0.027	-0.014	9.466	0.500
1427787775123	37.514754	139.932022	8	0.003	-0.032	9.462	0.500
1427787775224	37.514754	139.932022	8	0.008	-0.041	9.412	0.500
1427787775324	37.514754	139.932022	8	0.043	-0.036	9.424	0.500
1427787775420	37.514754	139.932022	8	0.045	-0.034	9.444	0.500
1427787775521	37.514754	139.932022	8	0.045	-0.013	9.465	0.500
1427787775622	37.514754	139.932022	8	0.012	-0.018	9.459	0.500
1427787775722	37.514754	139.932022	8	0.011	-0.025	9.429	0.500
1427787775823	37.514754	139.932022	8	0.030	-0.037	9.420	0.500
1427787775924	37.514754	139.932022	9	0.062	-0.015	9.462	0.500
1427787776024	37.514754	139.932022	9	0.048	-0.022	9.465	0.500
1427787776120	37.514754	139.932022	9	0.034	-0.013	9.467	0.500
1427787776221	37.514754	139.932022	9	0.001	-0.040	9.429	0.500
1427787776321	37.514754	139.932022	9	0.020	-0.039	9.383	0.500
1427787776422	37.514754	139.932022	9	0.040	-0.036	9.415	0.500
1427787776523	37.514754	139.932022	9	0.062	-0.016	9.450	0.500
1427787776624	37.514754	139.932022	9	0.046	-0.028	9.462	0.500
1427787776724	37.514754	139.932022	9	0.035	-0.015	9.482	0.500
1427787776820	37.514754	139.932022	9	0.005	-0.038	9.444	0.500
1427787776921	37.514754	139.932022	10	0.006	-0.046	9.411	0.500
1427787777021	37.514754	139.932022	10	0.032	-0.051	9.402	0.500
1427787777122	37.514754	139.932022	10	0.050	-0.034	9.434	0.500
1427787777223	37.514754	139.932022	10	0.046	-0.025	9.458	0.500
1427787777323	37.514754	139.932022	10	0.041	-0.001	9.478	0.500
1427787777424	37.514754	139.932022	10	0.014	-0.015	9.471	0.500
1427787777520	37.514754	139.932022	10	0.004	-0.033	9.429	0.500
1427787777621	37.514754	139.932022	10	0.013	-0.052	9.401	0.500
1427787777721	37.514754	139.932022	10	0.029	-0.048	9.387	0.500
1427787777822	37.514754	139.932022	10	0.041	-0.049	9.416	0.500
1427787777923	37.514754	139.932022	10	0.067	-0.022	9.452	0.500
1427787778023	37.514754	139.932022	10	0.059	-0.022	9.453	0.500
1427787778124	37.514754	139.932022	10	0.061	-0.009	9.489	0.500
1427787778220	37.514754	139.932022	10	0.048	-0.013	9.491	0.500
1427787778320	37.514754	139.932022	10	0.043	-0.014	9.502	0.500
1427787778421	37.514754	139.932022	10	0.003	-0.033	9.467	0.500
1427787778522	37.514754	139.932022	10	-0.011	-0.045	9.433	0.500
1427787778623	37.514754	139.932022	10	-0.001	-0.051	9.383	0.500
1427787778723	37.514754	139.932022	10	0.027	-0.051	9.389	0.500
1427787778824	37.514754	139.932022	10	0.050	-0.042	9.422	0.500
1427787778920	37.514754	139.932022	10	0.069	-0.038	9.441	0.500
1427787779021	37.514754	139.932022	10	0.063	-0.030	9.456	0.500
1427787779121	37.514754	139.932022	10	0.052	-0.020	9.482	0.500
1427787779222	37.514754	139.932022	10	0.038	-0.008	9.485	0.500
1427787779323	37.514754	139.932022	10	0.018	-0.017	9.489	0.500
1427787779423	37.514754	139.932022	10	0.002	-0.021	9.465	0.500
1427787779524	37.514754	139.932022	10	-0.000	-0.050	9.419	0.500
1427787779620	37.514754	139.932022	10	0.017	-0.046	9.383	0.500
1427787779720	37.514754	139.932022	10	0.025	-0.046	9.398	0.500
1427787779821	37.514754	139.932022	10	0.038	-0.021	9.428	0.500
1427787779922	37.514754	139.932022	10	0.037	-0.018	9.450	0.500
1427787780022	37.514754	139.932022	10	0.034	-0.014	9.477	0.500
1427787780123	37.514754	139.932022	10	0.021	-0.024	9.476	0.500
1427787780224	37.514754	139.932022	10	0.012	-0.030	9.448	0.500
1427787780320	37.514754	139.932022	10	0.006	-0.050	9.401	0.500
1427787780420	37.514754	139.932022	10	0.013	-0.045	9.387	0.500
1427787780521	37.514754	139.932022	10	0.023	-0.042	9.404	0.500
1427787780622	37.514754	139.932022	10	0.047	-0.031	9.432	0.500
1427787780722	37.514754	139.932022	10	0.054	-0.028	9.448	0.500
1427787780823	37.514754	139.932022	10	0.062	-0.007	9.481	0.500
1427787780924	37.514754	139.932022	10	0.029	-0.018	9.483	0.500
1427787781020	37.514754	139.932022	10	0.011	-0.012	9.477	0.500
1427787781120	37.514754	139.932022	10	-0.008	-0.034	9.432	0.500
1427787781221	37.514754	139.932022	10	0.000	-0.045	9.399	0.500
1427787781322	37.514754	139.932022	10	0.020	-0.053	9.374	0.500
1427787781422	37.514754	139.932022	10	0.047	-0.041	9.404	0.500
1427787781523	37.514754	139.932022	10	0.064	-0.028	9.442	0.500
1427787781624	37.514754	139.932022	10	0.065	-0.026	9.460	0.500
1427787781724	37.514754	139.932022	10	0.057	-0.014	9.477	0.500
1427787781820	37.514754	139.932022	10	0.046	-0.008	9.494	0.500
1427787781921	37.514754	139.932022	9	0.018	-0.018	9.484	0.500
1427787782022	37.514754	139.932022	9	0.004	-0.034	9.468	0.500
1427787782122	37.514754	139.932022	9	0.006	-0.037	9.422	0.500
1427787782223	37.514754	139.932022	9	0.012	-0.062	9.397	0.500
1427787782324	37.514754	139.932022	9	0.026	-0.048	9.385	0.500
1427787782424	37.514754	139.932022	9	0.042	-0.046	9.407	0.500
1427787782520	37.514754	139.932022	9	0.062	-0.026	9.443	0.500
1427787782621	37.514754	139.932022	9	0.053	-0.023	9.459	0.500
1427787782721	37.514754	139.932022	9	0.047	-0.012	9.476	0.500
1427787782822	37.514754	139.932022	9	0.027	-0.019	9.480	0.500
1427787782923	37.514754	139.932022	8	0.005	-0.031	9.459	0.500
1427787783024	37.514754	139.932022	8	-0.009	-0.051	9.400	0.500
1427787783124	37.514754	139.932022	8	0.012	-0.052	9.382	0.500
1427787783220	37.514754	139.932022	8	0.033	-0.055	9.384	0.500
1427787783321	37.514754	139.932022	8	0.060	-0.040	9.408	0.500
1427787783421	37.514754	139.932022	8	0.056	-0.037	9.423	0.500
1427787783522	37.514754	139.932022	8	0.070	-0.027	9.457	0.500
1427787783623	37.514754	139.932022	8	0.053	-0.017	9.469	0.500
1427787783724	37.514754	139.932022	8	0.035	-0.018	9.485	0.500
1427787783824	37.514754	139.932022	8	0.019	-0.021	9.468	0.500
1427787783920	37.514754	139.932022	8	0.004	-0.038	9.443	0.500
1427787784021	37.514754	139.932022	8	-0.003	-0.053	9.405	0.500
1427787784121	37.514754	139.932022	8	0.020	-0.057	9.399	0.500
1427787784222	37.514754	139.932022	8	0.038	-0.040	9.397	0.500
1427787784323	37.514754	139.932022	8	0.051	-0.036	9.423	0.500
1427787784423	37.514754	139.932022	8	0.061	-0.020	9.450	0.500
1427787784524	37.514754	139.932022	8	0.057	-0.020	9.478	0.500
1427787784620	37.514754	139.932022	8	0.043	-0.011	9.488	0.500
1427787784721	37.514754	139.932022	8	0.018	-0.017	9.488	0.500
1427787784821	37.514754	139.932022	8	-0.000	-0.024	9.454	0.500
1427787784922	37.514754	139.932022	7	-0.012	-0.054	9.414	0.500
1427787785023	37.514754	139.932022	7	0.008	-0.049	9.399	0.500
1427787785123	37.514754	139.932022	7	0.031	-0.051	9.395	0.500
1427787785224	37.514754	139.932022	7	0.055	-0.031	9.433	0.500
1427787785320	37.514754	139.932022	7	0.041	-0.024	9.451	0.500
1427787785420	37.514754	139.932022	7	0.038	-0.008	9.482	0.500
1427787785521	37.514754	139.932022	7	0.012	-0.017	9.476	0.500
1427787785622	37.514754	139.932022	7	0.003	-0.032	9.449	0.500
1427787785723	37.514754	139.932022	7	0.002	-0.047	9.419	0.500
1427787785823	37.514754	139.932022	7	0.023	-0.050	9.405	0.500
1427787785924	37.514754	139.932022	8	0.038	-0.044	9.408	0.500
1427787786020	37.514754	139.932022	8	0.047	-0.025	9.431	0.500
1427787786120	37.514754	139.932022	8	0.035	-0.015	9.448	0.500
1427787786221	37.514754	139.932022	8	0.034	-0.003	9.480	0.500
1427787786322	37.514754	139.932022	8	0.009	-0.027	9.455	0.500
1427787786423	37.514754	139.932022	8	0.014	-0.048	9.425	0.500
1427787786523	37.514754	139.932023	8	0.014	-0.055	9.397	0.500
1427787786624	37.514754	139.932023	8	0.031	-0.048	9.409	0.500
1427787786720	37.514754	139.932023	8	0.041	-0.033	9.416	0.500
1427787786820	37.514754	139.932023	8	0.056	-0.019	9.450	0.500
1427787786921	37.514754	139.932023	8	0.047	-0.018	9.468	0.500
1427787787022	37.514754	139.932023	8	0.043	-0.013	9.487	0.500
1427787787122	37.514754	139.932023	8	0.012	-0.031	9.462	0.500
1427787787223	37.514754	139.932023	8	0.009	-0.044	9.433	0.500
1427787787324	37.514754	139.932023	8	0.014	-0.041	9.404	0.500
1427787787420	37.514754	139.932023	8	0.042	-0.032	9.425	0.500
1427787787520	37.514754	139.932023	8	0.047	-0.023	9.433	0.500
1427787787621	37.514754	139.932023	8	0.065	-0.015	9.469	0.500
1427787787722	37.514754	139.932023	8	0.056	-0.008	9.484	0.500
1427787787822	37.514754	139.932023	8	0.036	-0.017	9.496	0.500
1427787787923	37.514754	139.932023	7	0.013	-0.011	9.481	0.500
1427787788024	37.514754	139.932023	7	-0.001	-0.026	9.452	0.500
1427787788124	37.514754	139.932023	7	-0.000	-0.038	9.421	0.500
1427787788220	37.514754	139.932023	7	0.014	-0.053	9.392	0.500
1427787788321	37.514754	139.932023	7	0.037	-0.041	9.398	0.500
1427787788422	37.514754	139.932023	7	0.052	-0.039	9.417	0.500
1427787788522	37.514754	139.932023	7	0.061	-0.018	9.432	0.500
1427787788623	37.514754	139.932023	7	0.048	-0.019	9.452	0.500
1427787788724	37.514754	139.932023	7	0.049	-0.006	9.494	0.500
1427787788824	37.514754	139.932023	7	0.025	-0.016	9.481	0.500
1427787788920	37.514754	139.932023	7	0.013	-0.029	9.458	0.500
1427787789021	37.514754	139.932023	7	-0.004	-0.043	9.428	0.500
1427787789121	37.514754	139.932023	7	0.009	-0.044	9.401	0.500
1427787789222	37.514754	139.932023	7	0.021	-0.045	9.396	0.500
1427787789323	37.514754	139.932023	7	0.040	-0.031	9.423	0.500
1427787789424	37.514754	139.932023	7	0.047	-0.023	9.443	0.500
1427787789524	37.514754	139.932023	7	0.049	-0.010	9.487	0.500
1427787789620	37.514754	139.932023	7	0.012	-0.029	9.471	0.500
1427787789721	37.514754	139.932023	7	0.003	-0.024	9.464	0.500
1427787789821	37.514754	139.932023	7	-0.017	-0.044	9.421	0.500
1427787789922	37.514754	139.932023	7	0.002	-0.051	9.402	0.500
1427787790023	37.514754	139.932023	7	0.019	-0.051	9.390	0.500
1427787790123	37.514754	139.932023	7	0.045	-0.050	9.405	0.500
1427787790224	37.514754	139.932023	7	0.058	-0.033	9.421	0.500
1427787790320	37.514754	139.932023	7	0.057	-0.021	9.450	0.500
1427787790421	37.514754	139.932023	7	0.039	-0.009	9.468	0.500
1427787790521	37.514754	139.932023	7	0.019	-0.012	9.495	0.500
1427787790622	37.514754	139.932023	7	0.001	-0.023	9.470	0.500
1427787790723	37.514754	139.932023	7	-0.008	-0.047	9.425	0.500
1427787790823	37.514754	139.932023	7	-0.001	-0.047	9.402	0.500
1427787790924	37.514754	139.932023	6	0.009	-0.067	9.390	0.500
1427787791020	37.514754	139.932023	6	0.034	-0.055	9.381	0.500
1427787791120	37.514754	139.932023	6	0.051	-0.046	9.388	0.500
1427787791221	37.514754	139.932023	6	0.061	-0.024	9.434	0.500
1427787791322	37.514754	139.932023	6	0.053	-0.017	9.440	0.500
1427787791423	37.514754	139.932023	6	0.055	-0.002	9.477	0.500
1427787791523	37.514754	139.932023	6	0.034	-0.013	9.477	0.500
1427787791624	37.514754	139.932023	6	0.021	-0.027	9.474	0.500
1427787791720	37.514754	139.932023	6	-0.000	-0.035	9.439	0.500
1427787791820	37.514754	139.932023	6	0.001	-0.040	9.407	0.500
1427787791921	37.514754	139.932023	6	0.006	-0.044	9.374	0.500
1427787792022	37.514754	139.932023	6	0.033	-0.045	9.379	0.500
1427787792123	37.514754	139.932023	6	0.051	-0.048	9.416	0.500
1427787792223	37.514754	139.932023	6	0.066	-0.034	9.451	0.500
1427787792324	37.514754	139.932023	6	0.065	-0.008	9.451	0.500
1427787792420	37.514754	139.932023	6	0.058	0.008	9.469	0.500
1427787792520	37.514754	139.932023	6	0.051	0.013	9.493	0.500
1427787792621	37.514754	139.932023	6	0.021	-0.018	9.487	0.500
1427787792722	37.514754	139.932023	6	0.019	-0.013	9.470	0.500
1427787792822	37.514754	139.932023	6	0.002	-0.018	9.422	0.500
1427787792923	37.514754	139.932023	7	0.003	-0.015	9.376	0.500
1427787793024	37.514754	139.932023	7	0.005	-0.033	9.359	0.500
1427787793120	37.514754	139.932023	7	-0.018	-0.003	9.428	0.500
1427787793220	37.514754	139.932023	7	0.006	-0.009	9.419	0.500
1427787793321	37.514754	139.932023	7	0.027	-0.002	9.421	0.500
1427787793422	37.514754	139.932023	7	0.033	0.022	9.433	0.500
1427787793522	37.514754	139.932023	7	0.035	0.051	9.451	0.500
1427787793623	37.514754	139.932023	7	0.062	0.130	9.477	0.500
1427787793724	37.514754	139.932023	7	0.100	0.228	9.453	0.500
1427787793820	37.514754	139.932023	7	0.127	0.325	9.433	0.500
1427787793920	37.514754	139.932023	9	0.136	0.396	9.398	0.500
1427787794021	37.514754	139.932023	9	0.131	0.411	9.379	0.506
1427787794122	37.514754	139.932023	9	0.114	0.406	9.421	0.512
1427787794222	37.514754	139.932023	9	0.097	0.364	9.456	0.517
1427787794323	37.514754	139.932023	9	0.097	0.341	9.453	0.523
1427787794424	37.514754	139.932023	9	0.097	0.331	9.449	0.529
1427787794524	37.514753	139.932022	9	0.099	0.285	9.439	0.535
1427787794620	37.514753	139.932022	9	0.070	0.164	9.399	0.541
1427787794721	37.514753	139.932022	9	0.055	0.071	9.459	0.548
1427787794822	37.514753	139.932022	9	0.041	0.010	9.520	0.554
1427787794922	37.514753	139.932022	9	0.021	-0.015	9.488	0.560
1427787795023	37.514753	139.932022	9	0.014	-0.022	9.416	0.554
1427787795124	37.514753	139.932023	9	0.020	-0.036	9.416	0.547
1427787795224	37.514753	139.932023	9	0.025	-0.052	9.465	0.541
1427787795320	37.514753	139.932024	9	0.021	-0.064	9.479	0.535
1427787795421	37.514753	139.932024	9	0.012	-0.052	9.449	0.529
1427787795521	37.514753	139.932024	9	-0.001	-0.048	9.409	0.523
1427787795622	37.514753	139.932025	9	0.015	-0.065	9.419	0.517
1427787795723	37.514753	139.932025	9	-0.024	-0.038	9.504	0.511
1427787795824	37.514753	139.932026	9	-0.011	-0.062	9.463	0.505
1427787795924	37.514753	139.932026	11	-0.016	-0.040	9.430	0.500
1427787796020	37.514753	139.932026	11	-0.003	-0.072	9.362	0.506
1427787796121	37.514753	139.932026	11	-0.014	-0.028	9.476	0.512
1427787796221	37.514754	139.932027	11	-0.005	-0.056	9.446	0.517
1427787796322	37.514754	139.932027	11	-0.033	-0.019	9.458	0.523
1427787796423	37.514754	139.932027	11	0.014	-0.047	9.398	0.529
1427787796524	37.514754	139.932027	11	-0.025	-0.016	9.440	0.535
1427787796624	37.514754	139.932027	11	0.014	-0.026	9.454	0.542
1427787796720	37.514755	139.932028	11	0.002	-0.041	9.410	0.547
1427787796821	37.514755	139.932028	11	-0.003	0.002	9.451	0.554
1427787796921	37.514755	139.932028	12	-0.004	-0.030	9.388	0.560
1427787797022	37.514755	139.932028	12	-0.014	0.005	9.470	0.560
1427787797123	37.514755	139.932028	12	0.020	-0.019	9.433	0.560
1427787797223	37.514755	139.932027	12	-0.015	0.032	9.468	0.560
1427787797324	37.514755	139.932027	12	0.021	-0.008	9.397	0.560
1427787797420	37.514755	139.932027	12	-0.011	-0.002	9.432	0.560
1427787797521	37.514755	139.932027	12	0.026	0.002	9.462	0.560
1427787797621	37.514755	139.932027	12	-0.003	-0.001	9.430	0.560
1427787797722	37.514755	139.932026	12	0.020	0.029	9.452	0.560
1427787797823	37.514755	139.932026	12	0.015	-0.002	9.409	0.560
1427787797923	37.514755	139.932026	12	-0.007	0.037	9.489	0.560
1427787798024	37.514755	139.932026	12	0.024	-0.026	9.409	0.553
1427787798120	37.514754	139.932025	12	-0.002	-0.002	9.453	0.547
1427787798221	37.514754	139.932025	12	0.004	-0.008	9.470	0.541
1427787798321	37.514753	139.932024	12	0.033	-0.045	9.430	0.535
1427787798422	37.514753	139.932024	12	0.020	-0.049	9.413	0.529
1427787798523	37.514753	139.932024	12	-0.026	-0.047	9.415	0.523
1427787798623	37.514752	139.932023	12	-0.046	-0.050	9.420	0.517
1427787798724	37.514752	139.932023	12	-0.041	-0.036	9.437	0.511
1427787798820	37.514751	139.932022	12	-0.051	-0.039	9.459	0.506
1427787798920	37.514751	139.932022	11	-0.046	-0.028	9.463	0.500
1427787799021	37.514751	139.932022	11	-0.065	-0.031	9.454	0.500
1427787799122	37.514751	139.932023	11	-0.076	-0.017	9.487	0.500
1427787799223	37.514752	139.932023	11	-0.031	-0.015	9.473	0.500
1427787799323	37.514752	139.932023	11	-0.009	-0.010	9.443	0.500
1427787799424	37.514752	139.932024	11	0.013	0.012	9.457	0.500
1427787799520	37.514752	139.932024	11	0.021	0.047	9.440	0.500
1427787799620	37.514752	139.932024	11	0.028	0.096	9.478	0.500
1427787799721	37.514753	139.932024	11	0.036	0.108	9.454	0.500
1427787799822	37.514753	139.932025	11	0.039	0.125	9.433	0.500
1427787799922	37.514753	139.932025	11	0.066	0.133	9.409	0.500
1427787800023	37.514753	139.932025	11	0.098	0.165	9.471	0.506
1427787800124	37.514754	139.932025	11	0.091	0.171	9.481	0.512
1427787800220	37.514754	139.932026	11	0.069	0.154	9.441	0.517
1427787800320	37.514755	139.932026	11	0.070	0.152	9.424	0.523
1427787800421	37.514755	139.932026	11	0.062	0.167	9.424	0.529
1427787800522	37.514755	139.932026	11	0.045	0.165	9.427	0.535
1427787800622	37.514756	139.932026	11	0.034	0.156	9.433	0.541
1427787800723	37.514756	139.932027	11	0.046	0.145	9.438	0.548
1427787800824	37.514757	139.932027	11	0.072	0.142	9.434	0.554
1427787800924	37.514757	139.932027	13	0.065	0.105	9.432	0.561
1427787801020	37.514757	139.932026	13	0.040	0.038	9.435	0.573
1427787801121	37.514757	139.932025	13	0.008	-0.012	9.471	0.587
1427787801222	37.514758	139.932025	13	-0.012	-0.042	9.479	0.602
1427787801322	37.514758	139.932024	13	-0.009	-0.041	9.455	0.616
1427787801423	37.514758	139.932023	13	0.001	-0.040	9.428	0.631
1427787801524	37.514758	139.932022	13	0.005	-0.043	9.422	0.646
1427787801624	37.514758	139.932021	13	-0.004	-0.049	9.461	0.662
1427787801720	37.514759	139.932020	13	-0.026	-0.051	9.464	0.677
1427787801821	37.514759	139.932019	13	-0.034	-0.017	9.449	0.694
1427787801921	37.514759	139.932018	13	-0.027	0.038	9.446	0.710
1427787802022	37.514759	139.932018	13	-0.019	0.069	9.433	0.701
1427787802123	37.514759	139.932017	13	0.002	0.079	9.446	0.693
1427787802224	37.514759	139.932017	13	0.023	0.104	9.460	0.685
1427787802324	37.514759	139.932017	13	0.035	0.132	9.452	0.677
1427787802420	37.514759	139.932016	13	0.048	0.181	9.457	0.669
1427787802521	37.514759	139.932016	13	0.051	0.241	9.452	0.661
1427787802621	37.514759	139.932016	13	0.052	0.308	9.451	0.653
1427787802722	37.514759	139.932015	13	0.075	0.370	9.451	0.646
1427787802824	37.514759	139.932015	13	0.093	0.414	9.439	0.638
1427787802924	37.514760	139.932015	13	0.125	0.512	9.499	0.630
1427787803024	37.514760	139.932015	13	0.156	0.546	9.461	0.623
1427787803120	37.514760	139.932014	13	0.176	0.593	9.462	0.616
1427787803221	37.514760	139.932014	13	0.191	0.585	9.420	0.608
1427787803321	37.514760	139.932014	13	0.170	0.588	9.424	0.601
1427787803422	37.514760	139.932013	13	0.179	0.621	9.490	0.594
1427787803523	37.514760	139.932013	13	0.178	0.583	9.449	0.587
1427787803623	37.514760	139.932013	13	0.157	0.584	9.456	0.580
1427787803724	37.514760	139.932013	13	0.150	0.639	9.454	0.573
1427787803820	37.514760	139.932012	13	0.139	0.628	9.403	0.567
1427787803921	37.514760	139.932012	12	0.129	0.578	9.424	0.560
1427787804021	37.514760	139.932013	12	0.119	0.577	9.475	0.574
1427787804122	37.514761	139.932013	12	0.086	0.493	9.425	0.587
1427787804223	37.514761	139.932014	12	0.058	0.341	9.373	0.602
1427787804323	37.514761	139.932014	12	0.038	0.204	9.447	0.616
1427787804424	37.514762	139.932015	12	0.036	0.100	9.513	0.631
1427787804520	37.514762	139.932015	12	0.019	0.051	9.500	0.646
1427787804620	37.514763	139.932016	12	0.005	0.102	9.482	0.661
1427787804721	37.514763	139.932017	12	0.006	0.137	9.435	0.677
1427787804822	37.514764	139.932017	12	0.038	0.192	9.500	0.694
1427787804923	37.514764	139.932018	11	0.090	0.259	9.526	0.711
1427787805023	37.514765	139.932019	11	0.090	0.437	9.491	0.727
1427787805124	37.514765	139.932020	11	0.115	0.762	9.462	0.745
1427787805220	37.514766	139.932021	11	0.181	1.084	9.505	0.762
1427787805320	37.514766	139.932022	11	0.235	1.322	9.400	0.781
1427787805421	37.514767	139.932023	11	0.254	1.481	9.304	0.800
1427787805522	37.514767	139.932024	11	0.279	1.588	9.456	0.819
1427787805623	37.514768	139.932025	11	0.202	1.582	9.556	0.839
1427787805723	37.514769	139.932026	11	0.182	1.490	9.569	0.859
1427787805824	37.514769	139.932027	11	0.244	1.237	9.378	0.880
1427787805920	37.514770	139.932028	13	0.154	1.107	9.494	0.900
1427787806020	37.514771	139.932029	13	0.113	0.899	9.567	0.994
1427787806121	37.514773	139.932030	13	0.049	0.780	9.535	1.105
1427787806222	37.514775	139.932032	13	0.072	0.695	9.449	1.232
1427787806322	37.514777	139.932033	13	0.052	0.628	9.525	1.374
1427787806423	37.514779	139.932035	13	0.059	0.623	9.530	1.533
1427787806524	37.514781	139.932037	13	0.074	0.649	9.424	1.708
1427787806620	37.514784	139.932039	13	0.078	0.689	9.433	1.889
1427787806720	37.514787	139.932042	13	0.068	0.750	9.518	2.094
1427787806821	37.514790	139.932044	13	0.065	0.886	9.498	2.316
1427787806922	37.514793	139.932047	13	0.131	1.118	9.488	2.551
1427787807022	37.514796	139.932049	13	0.233	1.369	9.590	2.617
1427787807123	37.514798	139.932051	13	0.307	1.590	9.596	2.685
1427787807224	37.514801	139.932053	13	0.330	1.719	9.401	2.755
1427787807324	37.514804	139.932054	13	0.287	1.717	9.206	2.826
1427787807420	37.514807	139.932056	13	0.225	1.628	9.174	2.897
1427787807521	37.514810	139.932058	13	0.125	1.430	9.398	2.972
1427787807622	37.514813	139.932061	13	0.060	1.272	9.488	3.050
1427787807722	37.514816	139.932063	13	0.036	1.142	9.439	3.129
1427787807823	37.514820	139.932065	13	0.115	1.037	9.360	3.210
1427787807924	37.514823	139.932067	13	0.164	0.871	9.441	3.293
1427787808024	37.514826	139.932069	13	0.137	0.430	9.343	3.360
1427787808120	37.514830	139.932071	13	0.145	0.146	9.516	3.426
1427787808221	37.514833	139.932074	13	0.128	-0.012	9.760	3.497
1427787808321	37.514837	139.932076	13	0.097	-0.043	9.557	3.569
1427787808422	37.514841	139.932078	13	0.022	-0.054	9.339	3.643
1427787808523	37.514844	139.932081	13	-0.020	-0.039	9.449	3.718
1427787808624	37.514848	139.932083	13	-0.061	0.006	9.277	3.795
1427787808724	37.514852	139.932086	13	-0.084	-0.037	9.369	3.873
1427787808820	37.514856	139.932088	13	-0.060	-0.116	9.766	3.949
1427787808921	37.514860	139.932091	12	-0.002	-0.120	9.857	4.030
1427787809021	37.514864	139.932094	12	0.061	-0.101	9.570	4.055
1427787809122	37.514867	139.932096	12	0.040	-0.075	9.371	4.079
1427787809223	37.514871	139.932099	12	0.002	-0.070	9.433	4.104
1427787809323	37.514875	139.932102	12	-0.027	-0.014	9.295	4.129
1427787809424	37.514878	139.932104	12	-0.076	0.039	9.152	4.154
1427787809520	37.514882	139.932107	12	-0.110	0.004	9.415	4.178
1427787809621	37.514886	139.932110	12	-0.129	-0.006	9.405	4.204
1427787809721	37.514889	139.932112	12	-0.098	0.018	9.169	4.229
1427787809822	37.514893	139.932115	12	-0.036	-0.023	9.203	4.255
1427787809923	37.514897	139.932118	12	0.074	-0.045	9.374	4.280
1427787810023	37.514901	139.932121	12	0.043	-0.155	9.542	4.280
1427787810124	37.514905	139.932123	12	-0.044	-0.172	9.619	4.280
1427787810220	37.514908	139.932126	12	-0.097	-0.169	9.781	4.280
1427787810320	37.514912	139.932128	12	-0.139	-0.085	9.698	4.280
1427787810421	37.514916	139.932131	12	-0.245	0.034	9.348	4.280
1427787810522	37.514920	139.932134	12	-0.199	-0.070	9.100	4.280
1427787810623	37.514924	139.932136	12	-0.218	-0.192	9.303	4.280
1427787810723	37.514928	139.932139	12	-0.175	-0.193	9.604	4.280
1427787810824	37.514931	139.932142	12	-0.159	-0.122	9.719	4.280
1427787810920	37.514935	139.932144	12	-0.108	0.105	9.546	4.280
1427787811020	37.514939	139.932146	12	-0.058	0.477	9.379	4.280
1427787811121	37.514942	139.932149	12	-0.044	0.701	9.235	4.280
1427787811222	37.514946	139.932151	12	0.015	0.747	9.132	4.280
1427787811323	37.514950	139.932153	12	0.011	0.759	9.319	4.280
1427787811423	37.514953	139.932156	12	0.039	0.757	9.589	4.280
1427787811524	37.514957	139.932158	12	0.046	0.837	9.557	4.280
1427787811620	37.514960	139.932160	12	0.025	0.952	9.201	4.280
1427787811720	37.514964	139.932162	12	0.028	1.009	9.160	4.280
1427787811821	37.514967	139.932165	12	0.047	0.974	9.560	4.280
1427787811922	37.514971	139.932167	12	0.039	0.940	9.886	4.280
1427787812022	37.514975	139.932169	12	0.024	0.972	9.841	4.305
1427787812123	37.514980	139.932171	12	0.045	1.019	9.706	4.330
1427787812224	37.514984	139.932173	12	0.040	1.059	9.479	4.354
1427787812320	37.514988	139.932175	12	0.020	1.047	9.416	4.378
1427787812420	37.514993	139.932177	12	0.011	1.023	9.453	4.403
1427787812521	37.514997	139.932179	12	-0.013	1.108	9.536	4.429
1427787812622	37.515002	139.932181	12	-0.006	1.185	9.407	4.454
1427787812722	37.515006	139.932183	12	0.034	1.258	9.276	4.479
1427787812823	37.515011	139.932185	12	0.012	1.266	9.316	4.505
1427787812924	37.515015	139.932187	18	-0.006	1.263	9.298	4.537
1427787813024	37.515024	139.932189	18	-0.009	1.323	9.009	4.722
1427787813120	37.515033	139.932192	18	-0.050	1.356	9.098	4.907
1427787813221	37.515043	139.932194	18	-0.120	1.254	9.417	5.111
1427787813322	37.515053	139.932197	18	-0.139	1.215	9.518	5.324
1427787813422	37.515063	139.932199	18	-0.037	1.181	9.305	5.543
1427787813523	37.515074	139.932202	18	0.074	1.008	9.183	5.774
1427787813624	37.515086	139.932205	18	0.012	0.486	9.239	6.014
1427787813724	37.515098	139.932208	18	0.027	0.185	9.658	6.261
1427787813820	37.515109	139.932211	18	0.091	-0.022	9.954	6.506
1427787813921	37.515122	139.932214	18	0.144	-0.215	10.013	6.770
1427787814022	37.515128	139.932216	18	0.241	-0.220	9.759	6.795
1427787814122	37.515135	139.932219	18	0.276	-0.177	9.573	6.820
1427787814223	37.515141	139.932221	18	0.314	-0.121	9.456	6.845
1427787814324	37.515147	139.932224	18	0.346	-0.052	9.081	6.870
1427787814424	37.515153	139.932226	18	0.221	-0.002	8.670	6.895
1427787814520	37.515160	139.932228	18	0.181	-0.128	8.825	6.919
1427787814621	37.515166	139.932231	18	0.280	-0.368	9.359	6.944
1427787814721	37.515172	139.932233	18	0.271	-0.618	9.950	6.970
1427787814822	37.515179	139.932236	18	0.110	-0.685	9.739	6.995
1427787814923	37.515185	139.932238	6	0.079	-0.798	9.700	7.019
1427787815024	37.515191	139.932240	6	-0.065	-0.742	9.515	6.994
1427787815124	37.515196	139.932242	6	0.008	-0.815	9.327	6.968
1427787815220	37.515201	139.932244	6	-0.004	-0.845	9.254	6.944
1427787815321	37.515207	139.932247	6	0.024	-0.793	9.196	6.919
1427787815421	37.515212	139.932249	6	0.142	-0.876	9.653	6.894
1427787815522	37.515218	139.932251	6	-0.033	-0.936	10.185	6.868
1427787815623	37.515223	139.932253	6	-0.174	-0.792	9.951	6.843
1427787815723	37.515229	139.932255	6	-0.310	-0.620	9.246	6.819
1427787815824	37.515234	139.932257	6	-0.276	-0.460	8.813	6.794
1427787815920	37.515239	139.932259	8	-0.221	-0.397	9.002	6.770
1427787816021	37.515243	139.932260	8	-0.297	-0.479	9.396	6.718
1427787816121	37.515247	139.932261	8	-0.183	-0.518	9.510	6.666
1427787816222	37.515251	139.932262	8	-0.141	-0.454	9.408	6.615
1427787816323	37.515255	139.932263	8	-0.051	-0.422	9.329	6.564
1427787816423	37.515259	139.932264	8	0.020	-0.420	9.726	6.514
1427787816524	37.515264	139.932265	8	-0.037	-0.368	9.969	6.463
1427787816620	37.515267	139.932266	8	-0.105	-0.325	9.596	6.416
1427787816721	37.515271	139.932267	8	-0.102	-0.165	8.978	6.366
1427787816821	37.515275	139.932268	8	-0.002	-0.160	8.952	6.318
1427787816922	37.515279	139.932269	8	0.063	-0.259	9.420	6.269
1427787817023	37.515285	139.932271	8	0.089	-0.321	9.719	6.244
1427787817123	37.515291	139.932272	8	0.031	-0.314	9.555	6.218
1427787817224	37.515296	139.932274	8	-0.026	-0.305	9.449	6.193
1427787817320	37.515302	139.932275	8	-0.082	-0.271	9.456	6.169
1427787817420	37.515307	139.932277	8	-0.079	-0.199	9.091	6.144
1427787817521	37.515313	139.932279	8	-0.079	-0.169	9.107	6.119
1427787817622	37.515319	139.932280	8	-0.175	-0.240	9.462	6.093
1427787817723	37.515324	139.932282	8	-0.095	-0.316	9.723	6.068
1427787817823	37.515330	139.932283	8	0.038	-0.356	9.796	6.044
1427787817924	37.515335	139.932285	5	0.050	-0.370	9.507	6.018
1427787818020	37.515340	139.932287	5	-0.026	-0.363	9.266	5.968
1427787818120	37.515345	139.932289	5	-0.108	-0.405	9.218	5.917
1427787818221	37.515350	139.932292	5	-0.143	-0.469	9.504	5.865
1427787818322	37.515355	139.932294	5	-0.198	-0.482	9.343	5.814
1427787818422	37.515360	139.932296	5	-0.170	-0.532	9.015	5.764
1427787818523	37.515364	139.932298	5	-0.190	-0.623	9.260	5.713
1427787818624	37.515369	139.932300	5	-0.147	-0.701	9.607	5.663
1427787818725	37.515374	139.932302	5	-0.060	-0.701	9.612	5.614
1427787818820	37.515378	139.932304	5	-0.082	-0.561	9.356	5.568
1427787818921	37.515383	139.932306	6	-0.088	-0.323	9.219	5.520
1427787819022	37.515387	139.932309	6	-0.092	-0.187	9.291	5.494
1427787819122	37.515391	139.932311	6	-0.065	-0.178	9.636	5.469
1427787819223	37.515396	139.932314	6	0.001	-0.215	9.842	5.443
1427787819324	37.515400	139.932316	6	0.037	-0.160	9.518	5.418
1427787819424	37.515404	139.932319	6	0.057	-0.131	9.142	5.393
1427787819520	37.515408	139.932321	6	0.080	-0.099	9.207	5.369
1427787819621	37.515412	139.932324	6	0.069	-0.145	9.496	5.344
1427787819722	37.515416	139.932326	6	0.098	-0.128	9.630	5.319
1427787819822	37.515420	139.932329	6	0.063	-0.092	9.421	5.294
1427787819923	37.515424	139.932331	6	0.034	-0.092	9.188	5.270
1427787820024	37.515429	139.932333	6	0.001	-0.185	9.142	5.270
1427787820124	37.515434	139.932335	6	0.010	-0.273	9.416	5.270
1427787820220	37.515439	139.932337	6	-0.032	-0.390	9.726	5.270
1427787820321	37.515444	139.932339	6	-0.067	-0.421	9.694	5.270
1427787820422	37.515449	139.932342	6	-0.084	-0.393	9.301	5.270
1427787820522	37.515453	139.932344	6	-0.053	-0.385	9.161	5.270
1427787820623	37.515458	139.932346	6	-0.013	-0.395	9.380	5.270
1427787820724	37.515463	139.932348	6	0.046	-0.392	9.573	5.270
1427787820824	37.515468	139.932350	6	0.008	-0.393	9.700	5.270
1427787820920	37.515473	139.932352	7	-0.072	-0.338	9.502	5.270
1427787821021	37.515476	139.932355	7	-0.147	-0.362	9.338	5.218
1427787821121	37.515479	139.932359	7	-0.118	-0.372	9.381	5.168
1427787821222	37.515482	139.932362	7	-0.037	-0.391	9.474	5.117
1427787821323	37.515485	139.932365	7	0.062	-0.375	9.696	5.067
1427787821423	37.515488	139.932368	7	0.068	-0.338	9.533	5.018
1427787821524	37.515491	139.932372	7	0.022	-0.282	9.325	4.968
1427787821620	37.515494	139.932375	7	0.054	-0.324	9.407	4.922
1427787821721	37.515496	139.932378	7	0.133	-0.314	9.358	4.874
1427787821821	37.515499	139.932381	7	0.117	-0.317	9.440	4.826
1427787821922	37.515502	139.932384	7	0.030	-0.275	9.678	4.779
1427787822023	37.515505	139.932387	7	-0.099	-0.226	9.514	4.754
1427787822123	37.515508	139.932389	7	-0.142	-0.192	9.270	4.728
1427787822224	37.515511	139.932391	7	-0.104	-0.182	9.238	4.703
1427787822320	37.515514	139.932394	7	-0.034	-0.266	9.505	4.678
1427787822421	37.515517	139.932396	7	0.059	-0.323	9.637	4.653
1427787822521	37.515520	139.932399	7	0.078	-0.283	9.502	4.628
1427787822622	37.515523	139.932401	7	0.063	-0.203	9.315	4.603
1427787822723	37.515526	139.932403	7	-0.013	-0.203	9.390	4.578
1427787822823	37.515529	139.932406	7	-0.016	-0.228	9.439	4.554
1427787822924	37.515532	139.932408	6	-0.044	-0.207	9.298	4.528
1427787823020	37.515535	139.932410	6	-0.135	-0.190	9.108	4.477
1427787823121	37.515538	139.932411	6	-0.144	-0.286	9.385	4.425
1427787823221	37.515541	139.932413	6	-0.137	-0.499	9.629	4.373
1427787823322	37.515544	139.932414	6	-0.094	-0.614	9.720	4.322
1427787823423	37.515548	139.932416	6	-0.088	-0.614	9.351	4.271
1427787823523	37.515551	139.932417	6	-0.053	-0.606	9.229	4.222
1427787823624	37.515553	139.932419	6	-0.060	-0.611	9.430	4.172
1427787823720	37.515556	139.932420	6	-0.110	-0.580	9.459	4.125
1427787823820	37.515559	139.932422	6	-0.159	-0.547	9.394	4.077
1427787823921	37.515562	139.932423	6	-0.093	-0.537	9.421	4.030
1427787824022	37.515565	139.932424	6	-0.066	-0.570	9.568	4.004
1427787824123	37.515568	139.932425	6	-0.114	-0.518	9.429	3.978
1427787824223	37.515572	139.932426	6	-0.140	-0.477	9.223	3.953
1427787824324	37.515575	139.932428	6	-0.114	-0.504	9.177	3.927
1427787824420	37.515578	139.932429	6	-0.026	-0.524	9.413	3.903
1427787824520	37.515581	139.932430	6	-0.033	-0.553	9.565	3.878
1427787824621	37.515584	139.932431	6	-0.109	-0.583	9.686	3.853
1427787824722	37.515587	139.932432	6	-0.203	-0.633	9.471	3.828
1427787824823	37.515590	139.932433	6	-0.212	-0.670	9.339	3.804
1427787824923	37.515593	139.932434	7	-0.232	-0.750	9.237	3.778
1427787825024	37.515594	139.932436	7	-0.245	-0.927	9.312	3.696
1427787825120	37.515596	139.932437	7	-0.277	-1.196	9.395	3.619
1427787825221	37.515597	139.932439	7	-0.292	-1.417	9.394	3.540
1427787825321	37.515598	139.932441	7	-0.335	-1.537	9.402	3.464
1427787825422	37.515599	139.932442	7	-0.399	-1.588	9.521	3.388
1427787825522	37.515601	139.932444	7	-0.378	-1.571	9.524	3.315
1427787825623	37.515602	139.932446	7	-0.399	-1.622	9.424	3.243
1427787825724	37.515603	139.932447	7	-0.392	-1.650	9.357	3.172
1427787825824	37.515604	139.932449	7	-0.432	-1.701	9.401	3.104
1427787825920	37.515605	139.932450	8	-0.446	-1.723	9.467	3.040
1427787826021	37.515605	139.932450	8	-0.431	-1.767	9.462	2.924
1427787826122	37.515605	139.932451	8	-0.341	-1.780	9.350	2.812
1427787826222	37.515604	139.932451	8	-0.308	-1.755	9.271	2.704
1427787826323	37.515604	139.932452	8	-0.335	-1.792	9.353	2.600
1427787826424	37.515604	139.932452	8	-0.336	-1.736	9.528	2.499
1427787826524	37.515604	139.932453	8	-0.354	-1.627	9.571	2.403
1427787826620	37.515604	139.932453	8	-0.291	-1.401	9.529	2.314
1427787826721	37.515603	139.932453	8	-0.193	-1.113	9.449	2.225
1427787826822	37.515603	139.932454	8	-0.183	-0.955	9.272	2.139
1427787826922	37.515603	139.932454	8	-0.156	-0.862	9.193	2.055
1427787827023	37.515603	139.932455	8	-0.155	-0.837	9.346	1.811
1427787827124	37.515603	139.932455	8	-0.135	-0.744	9.576	1.587
1427787827224	37.515603	139.932456	8	-0.091	-0.529	9.661	1.385
1427787827320	37.515602	139.932456	8	-0.000	-0.291	9.481	1.208
1427787827421	37.515602	139.932457	8	0.045	-0.091	9.275	1.041
1427787827521	37.515602	139.932457	8	0.023	0.001	9.196	0.894
1427787827622	37.515602	139.932457	8	-0.004	0.013	9.356	0.766
1427787827723	37.515602	139.932458	8	-0.013	-0.035	9.515	0.657
1427787827824	37.515602	139.932458	8	0.017	-0.029	9.508	0.567
1427787827924	37.515602	139.932458	6	0.056	0.009	9.377	0.500
1427787828020	37.515602	139.932458	6	0.082	0.054	9.319	0.500
1427787828121	37.515603	139.932458	6	0.067	0.064	9.409	0.500
1427787828221	37.515604	139.932459	6	0.058	0.089	9.571	0.500
1427787828323	37.515604	139.932459	6	0.030	0.088	9.554	0.500
1427787828423	37.515605	139.932459	6	0.015	0.101	9.467	0.500
1427787828523	37.515605	139.932459	6	0.012	0.088	9.370	0.500
1427787828624	37.515606	139.932459	6	0.020	0.074	9.391	0.500
1427787828720	37.515606	139.932460	6	0.045	0.057	9.402	0.500
1427787828821	37.515607	139.932460	6	0.075	0.067	9.386	0.500
1427787828921	37.515607	139.932460	7	0.106	0.093	9.382	0.500
1427787829022	37.515609	139.932460	7	0.094	0.081	9.402	0.500
1427787829123	37.515610	139.932460	7	0.098	0.078	9.491	0.500
1427787829223	37.515612	139.932459	7	0.059	0.034	9.494	0.500
1427787829324	37.515614	139.932459	7	0.039	0.015	9.495	0.500
1427787829420	37.515616	139.932459	7	0.010	-0.004	9.500	0.500
1427787829520	37.515617	139.932459	7	0.001	0.009	9.513	0.500
1427787829621	37.515619	139.932459	7	-0.009	0.006	9.448	0.500
1427787829722	37.515621	139.932458	7	0.021	0.025	9.379	0.500
1427787829823	37.515622	139.932458	7	0.035	0.013	9.360	0.500
1427787829923	37.515624	139.932458	7	0.054	0.001	9.390	0.500
1427787830024	37.515624	139.932458	7	0.061	-0.023	9.424	0.500
1427787830120	37.515625	139.932458	7	0.062	-0.005	9.455	0.500
1427787830220	37.515625	139.932458	7	0.054	0.004	9.467	0.500
1427787830321	37.515625	139.932458	7	0.049	0.052	9.498	0.500
1427787830422	37.515626	139.932458	7	0.033	0.068	9.494	0.500
1427787830523	37.515626	139.932458	7	-0.006	0.045	9.471	0.500
1427787830623	37.515626	139.932458	7	-0.013	0.005	9.442	0.500
1427787830724	37.515626	139.932458	7	-0.009	-0.031	9.403	0.500
1427787830820	37.515627	139.932458	7	0.031	-0.030	9.408	0.500
1427787830920	37.515627	139.932458	6	0.058	-0.015	9.413	0.500
1427787831021	37.515628	139.932458	6	0.092	0.021	9.439	0.500
1427787831122	37.515628	139.932457	6	0.077	0.046	9.461	0.500
1427787831222	37.515629	139.932457	6	0.058	0.063	9.479	0.500
1427787831323	37.515629	139.932457	6	0.009	0.050	9.482	0.500
1427787831425	37.515630	139.932456	6	-0.024	0.035	9.503	0.500
1427787831520	37.515631	139.932456	6	-0.036	-0.003	9.470	0.500
1427787831620	37.515631	139.932456	6	0.010	-0.010	9.416	0.500
1427787831721	37.515632	139.932456	6	0.048	-0.011	9.388	0.500
1427787831822	37.515632	139.932455	6	0.091	0.020	9.401	0.500
1427787831922	37.515633	139.932455	6	0.076	0.017	9.425	0.500
1427787832023	37.515633	139.932455	6	0.063	0.044	9.466	0.500
1427787832124	37.515633	139.932454	6	0.033	0.029	9.469	0.500
1427787832224	37.515633	139.932454	6	0.028	0.041	9.497	0.500
1427787832320	37.515633	139.932453	6	0.007	0.020	9.473	0.500
1427787832421	37.515633	139.932453	6	0.008	0.017	9.445	0.500
1427787832522	37.515633	139.932453	6	0.011	-0.004	9.382	0.500
1427787832622	37.515633	139.932452	6	0.042	0.003	9.380	0.500
1427787832723	37.515633	139.932452	6	0.058	-0.000	9.392	0.500
1427787832824	37.515633	139.932451	6	0.073	0.016	9.429	0.500
1427787832924	37.515633	139.932451	6	0.074	0.027	9.457	0.500
1427787833020	37.515633	139.932451	6	0.045	0.050	9.487	0.500
1427787833121	37.515632	139.932450	6	0.014	0.043	9.486	0.500
1427787833222	37.515632	139.932450	6	-0.010	0.031	9.486	0.500
1427787833322	37.515632	139.932450	6	-0.006	0.008	9.443	0.500
1427787833423	37.515631	139.932449	6	0.020	-0.010	9.399	0.500
1427787833524	37.515631	139.932449	6	0.052	-0.011	9.373	0.500
1427787833624	37.515631	139.932449	6	0.051	0.000	9.403	0.500
1427787833720	37.515631	139.932449	6	0.051	0.027	9.442	0.500
1427787833821	37.515630	139.932448	6	0.031	0.043	9.470	0.500
1427787833921	37.515630	139.932448	6	0.028	0.047	9.476	0.500
1427787834022	37.515631	139.932448	6	-0.001	0.021	9.461	0.500
1427787834123	37.515631	139.932447	6	0.004	0.000	9.407	0.500
1427787834224	37.515632	139.932447	6	0.021	-0.017	9.377	0.500
1427787834324	37.515632	139.932447	6	0.057	0.001	9.415	0.500
1427787834420	37.515633	139.932446	6	0.067	0.005	9.434	0.500
1427787834521	37.515633	139.932446	6	0.078	0.028	9.463	0.500
1427787834621	37.515634	139.932446	6	0.050	0.022	9.476	0.500
1427787834722	37.515634	139.932446	6	0.046	0.048	9.495	0.500
1427787834823	37.515635	139.932445	6	-0.001	0.019	9.491	0.500
1427787834923	37.515635	139.932445	6	-0.007	0.002	9.439	0.500
1427787835024	37.515635	139.932445	6	0.004	-0.016	9.395	0.500
1427787835120	37.515635	139.932444	6	0.049	0.003	9.407	0.500
1427787835221	37.515635	139.932444	6	0.068	0.003	9.424	0.500
1427787835321	37.515635	139.932444	6	0.078	0.026	9.462	0.500
1427787835422	37.515635	139.932443	6	0.055	0.030	9.476	0.500
1427787835523	37.515635	139.932443	6	0.032	0.046	9.492	0.500
1427787835623	37.515635	139.932443	6	-0.004	0.026	9.481	0.500
1427787835724	37.515635	139.932443	6	-0.007	0.013	9.468	0.500
1427787835820	37.515635	139.932442	6	0.007	-0.009	9.414	0.500
1427787835920	37.515635	139.932442	6	0.049	0.001	9.381	0.500
1427787836021	37.515635	139.932442	6	0.056	-0.002	9.400	0.500
1427787836122	37.515635	139.932442	6	0.063	0.037	9.451	0.500
1427787836223	37.515635	139.932442	6	0.033	0.035	9.461	0.500
1427787836323	37.515635	139.932442	6	0.020	0.053	9.492	0.500
1427787836424	37.515634	139.932442	6	0.001	0.032	9.478	0.500
1427787836520	37.515634	139.932441	6	-0.002	0.022	9.449	0.500
1427787836620	37.515634	139.932441	6	-0.003	-0.012	9.399	0.500
1427787836721	37.515634	139.932441	6	0.025	-0.007	9.388	0.500
1427787836822	37.515634	139.932441	6	0.052	0.003	9.411	0.500
1427787836922	37.515634	139.932441	6	0.053	0.019	9.446	0.500
1427787837023	37.515634	139.932441	6	0.038	0.030	9.464	0.500
1427787837124	37.515634	139.932441	6	0.010	0.034	9.481	0.500
1427787837220	37.515634	139.932441	6	0.000	-0.001	9.431	0.500
1427787837320	37.515634	139.932441	6	0.022	0.002	9.414	0.500
1427787837421	37.515633	139.932441	6	0.043	-0.001	9.403	0.500
1427787837522	37.515633	139.932441	6	0.052	0.022	9.444	0.500
1427787837622	37.515633	139.932441	6	0.043	0.033	9.457	0.500
1427787837723	37.515633	139.932441	6	0.021	0.043	9.483	0.500
1427787837824	37.515633	139.932441	6	-0.009	0.020	9.471	0.500
1427787837920	37.515633	139.932441	6	-0.002	0.005	9.435	0.500
1427787838020	37.515633	139.932441	6	0.018	-0.010	9.394	0.500
1427787838121	37.515633	139.932441	6	0.053	0.003	9.401	0.500
1427787838222	37.515633	139.932441	6	0.056	0.006	9.429	0.500
1427787838322	37.515633	139.932441	6	0.056	0.044	9.467	0.500
1427787838423	37.515633	139.932441	6	0.026	0.032	9.473	0.500
1427787838524	37.515633	139.932441	6	-0.006	0.026	9.489	0.500
1427787838620	37.515633	139.932441	6	-0.011	-0.000	9.430	0.500
1427787838720	37.515633	139.932441	6	0.019	0.007	9.407	0.500
1427787838821	37.515633	139.932441	6	0.047	-0.013	9.380	0.500
1427787838922	37.515633	139.932441	6	0.072	0.012	9.428	0.500
1427787839022	37.515633	139.932441	6	0.059	0.034	9.447	0.500
1427787839123	37.515633	139.932441	6	0.024	0.041	9.474	0.500
1427787839224	37.515633	139.932441	6	0.007	0.034	9.464	0.500
1427787839324	37.515633	139.932441	6	-0.006	0.006	9.431	0.500
1427787839420	37.515633	139.932441	6	0.029	-0.002	9.406	0.500
1427787839521	37.515632	139.932441	6	0.059	0.011	9.411	0.500
1427787839621	37.515632	139.932441	6	0.061	0.013	9.439	0.500
1427787839722	37.515632	139.932441	6	0.039	0.052	9.480	0.500
1427787839823	37.515632	139.932441	6	0.010	0.044	9.470	0.500
1427787839924	37.515632	139.932441	6	-0.001	0.022	9.439	0.500
1427787840024	37.515632	139.932441	6	0.026	-0.003	9.394	0.500
1427787840120	37.515632	139.932441	6	0.070	0.019	9.437	0.500
1427787840221	37.515632	139.932441	6	0.069	0.023	9.448	0.500
1427787840321	37.515632	139.932441	6	0.047	0.052	9.479	0.500
1427787840422	37.515632	139.932441	6	-0.003	0.031	9.469	0.500
1427787840523	37.515632	139.932441	6	-0.004	0.019	9.431	0.500
1427787840624	37.515632	139.932441	6	0.017	-0.003	9.404	0.500
1427787840724	37.515632	139.932441	6	0.066	0.012	9.416	0.500
1427787840820	37.515632	139.932441	6	0.048	0.013	9.442	0.500
1427787840921	37.515632	139.932441	5	0.037	0.056	9.478	0.500
1427787841021	37.515632	139.932441	5	-0.005	0.034	9.461	0.500
1427787841122	37.515632	139.932441	5	0.004	0.014	9.411	0.500
1427787841223	37.515632	139.932441	5	0.038	-0.006	9.401	0.500
1427787841323	37.515632	139.932441	5	0.072	0.033	9.438	0.500
1427787841424	37.515632	139.932441	5	0.047	0.035	9.452	0.500
1427787841520	37.515632	139.932441	5	0.024	0.057	9.473	0.500
1427787841621	37.515632	139.932441	5	-0.017	0.020	9.451	0.500
1427787841721	37.515632	139.932441	5	0.010	0.004	9.409	0.500
1427787841822	37.515632	139.932441	5	0.036	-0.011	9.383	0.500
1427787841923	37.515632	139.932441	5	0.078	0.017	9.420	0.500
1427787842023	37.515632	139.932441	5	0.048	0.013	9.447	0.500
1427787842124	37.515632	139.932441	5	0.020	0.038	9.475	0.500
1427787842220	37.515632	139.932441	5	-0.017	0.025	9.471	0.500
1427787842320	37.515632	139.932441	5	0.004	0.007	9.410	0.500
1427787842421	37.515632	139.932441	5	0.030	-0.011	9.382	0.500
1427787842522	37.515632	139.932441	5	0.075	0.011	9.415	0.500
1427787842623	37.515632	139.932441	5	0.060	0.019	9.450	0.500
1427787842723	37.515632	139.932441	5	0.042	0.050	9.469	0.500
1427787842824	37.515632	139.932441	5	0.009	0.044	9.472	0.500
1427787842920	37.515632	139.932441	5	-0.007	0.027	9.463	0.500
1427787843020	37.515632	139.932441	5	-0.002	0.001	9.408	0.500
1427787843121	37.515632	139.932441	5	0.041	0.000	9.379	0.500
1427787843222	37.515632	139.932441	5	0.054	0.011	9.413	0.500
1427787843323	37.515632	139.932441	5	0.055	0.038	9.448	0.500
1427787843423	37.515632	139.932441	5	0.012	0.038	9.464	0.500
1427787843524	37.515632	139.932441	5	0.012	0.025	9.430	0.500
1427787843620	37.515632	139.932441	5	0.022	0.009	9.411	0.500
1427787843720	37.515632	139.932441	5	0.056	0.000	9.408	0.500
1427787843821	37.515632	139.932441	5	0.055	0.017	9.445	0.500
1427787843922	37.515632	139.932441	5	0.045	0.039	9.458	0.500
1427787844022	37.515632	139.932441	5	0.001	0.037	9.475	0.500
1427787844123	37.515632	139.932441	5	-0.015	0.008	9.448	0.500
1427787844224	37.515632	139.932441	5	0.010	-0.009	9.407	0.500
1427787844320	37.515632	139.932441	5	0.041	-0.013	9.389	0.500
1427787844420	37.515632	139.932441	5	0.054	0.003	9.433	0.500
1427787844521	37.515632	139.932441	5	0.037	0.027	9.452	0.500
1427787844622	37.515632	139.932441	5	0.012	0.041	9.474	0.500
1427787844722	37.515632	139.932441	5	-0.004	0.013	9.456	0.500
1427787844823	37.515632	139.932441	5	0.004	-0.009	9.397	0.500
1427787844924	37.515632	139.932441	5	0.043	-0.013	9.384	0.500
1427787845024	37.515632	139.932441	5	0.057	0.013	9.426	0.500
1427787845120	37.515632	139.932441	5	0.044	0.018	9.441	0.500
1427787845221	37.515632	139.932441	5	0.025	0.044	9.477	0.500
1427787845322	37.515632	139.932441	5	-0.005	0.014	9.457	0.500
1427787845422	37.515632	139.932441	5	-0.000	0.006	9.439	0.500
1427787845523	37.515632	139.932441	5	0.028	-0.016	9.390	0.500
1427787845624	37.515632	139.932441	5	0.052	0.011	9.437	0.500
1427787845724	37.515632	139.932441	5	0.031	0.032	9.456	0.500
1427787845820	37.515632	139.932441	5	0.005	0.035	9.475	0.500
1427787845921	37.515632	139.932441	5	-0.019	-0.006	9.445	0.500
1427787846022	37.515632	139.932441	5	0.015	-0.010	9.388	0.500
1427787846122	37.515632	139.932441	5	0.042	-0.018	9.384	0.500
1427787846223	37.515632	139.932441	5	0.059	0.023	9.430	0.500
1427787846324	37.515632	139.932441	5	0.034	0.021	9.445	0.500
1427787846424	37.515632	139.932441	5	0.014	0.043	9.480	0.500
1427787846520	37.515632	139.932441	5	-0.006	0.007	9.434	0.500
1427787846621	37.515632	139.932441	5	0.028	0.013	9.419	0.500
1427787846721	37.515632	139.932441	5	0.048	-0.009	9.382	0.500
1427787846822	37.515632	139.932441	5	0.068	0.015	9.428	0.500
1427787846923	37.515632	139.932441	5	0.037	0.028	9.451	0.500
1427787847024	37.515632	139.932441	5	0.019	0.047	9.480	0.500
1427787847124	37.515632	139.932441	5	-0.007	0.015	9.457	0.500
1427787847220	37.515632	139.932441	5	0.011	0.005	9.406	0.500
1427787847321	37.515632	139.932441	5	0.035	-0.010	9.398	0.500
1427787847421	37.515632	139.932441	5	0.066	0.035	9.439	0.500
1427787847522	37.515632	139.932441	5	0.040	0.031	9.453	0.500
1427787847623	37.515632	139.932441	5	0.022	0.052	9.476	0.500
1427787847723	37.515632	139.932441	5	-0.006	0.012	9.432	0.500
1427787847824	37.515632	139.932441	5	0.026	0.014	9.420	0.500
1427787847920	37.515632	139.932441	5	0.043	-0.010	9.381	0.500
1427787848021	37.515632	139.932441	5	0.073	0.014	9.420	0.500
1427787848121	37.515632	139.932441	5	0.047	0.031	9.455	0.500
1427787848222	37.515632	139.932441	5	0.025	0.048	9.484	0.500
1427787848323	37.515632	139.932441	5	-0.007	0.023	9.470	0.500
1427787848423	37.515632	139.932441	5	0.016	0.010	9.415	0.500
1427787848524	37.515632	139.932441	5	0.038	-0.004	9.418	0.500
1427787848620	37.515632	139.932441	5	0.059	0.032	9.444	0.500
1427787848720	37.515632	139.932441	5	0.036	0.048	9.471	0.500
1427787848821	37.515632	139.932441	5	0.010	0.028	9.450	0.500
1427787848922	37.515632	139.932441	5	0.033	0.015	9.423	0.500
1427787849023	37.515632	139.932441	5	0.061	0.020	9.427	0.500
1427787849123	37.515632	139.932441	5	0.047	0.027	9.454	0.500
1427787849224	37.515632	139.932441	5	0.017	0.037	9.463	0.500
1427787849320	37.515632	139.932441	5	0.006	0.023	9.448	0.500
1427787849420	37.515632	139.932441	5	0.018	-0.001	9.413	0.500
1427787849521	37.515632	139.932441	5	0.060	0.009	9.429	0.500
1427787849622	37.515632	139.932441	5	0.057	0.012	9.435	0.500
1427787849722	37.515632	139.932441	5	0.038	0.039	9.467	0.500
1427787849823	37.515632	139.932441	5	0.001	0.013	9.433	0.500
1427787849924	37.515632	139.932441	5	0.029	0.008	9.406	0.500
1427787850020	37.515632	139.932441	5	0.035	0.012	9.429	0.500
1427787850120	37.515632	139.932441	5	0.041	0.040	9.440	0.500
1427787850221	37.515632	139.932441	5	0.006	0.025	9.444	0.500
1427787850322	37.515632	139.932441	5	0.014	0.003	9.393	0.500
1427787850422	37.515632	139.932441	5	0.037	-0.003	9.398	0.500
1427787850523	37.515632	139.932441	5	0.060	0.026	9.436	0.500
1427787850624	37.515632	139.932441	5	0.040	0.032	9.462	0.500
1427787850725	37.515632	139.932441	5	0.018	0.031	9.465	0.500
1427787850820	37.515632	139.932441	5	0.012	0.008	9.431	0.500
1427787850921	37.515632	139.932441	4	0.026	-0.001	9.404	0.500
1427787851022	37.515632	139.932441	4	0.046	0.008	9.432	0.500
1427787851122	37.515632	139.932441	4	0.049	0.022	9.449	0.500
1427787851223	37.515632	139.932441	4	0.028	0.040	9.480	0.500
1427787851324	37.515632	139.932441	4	0.011	0.022	9.449	0.500
1427787851424	37.515632	139.932441	4	0.004	0.000	9.413	0.500
1427787851520	37.515632	139.932441	4	0.033	-0.009	9.396	0.500
1427787851621	37.515632	139.932441	4	0.060	0.028	9.435	0.500
1427787851722	37.515632	139.932441	4	0.036	0.024	9.446	0.500
1427787851822	37.515632	139.932441	4	0.017	0.041	9.467	0.500
1427787851923	37.515632	139.932441	4	0.011	0.000	9.416	0.500
1427787852024	37.515632	139.932441	4	0.045	0.011	9.426	0.500
1427787852124	37.515632	139.932441	4	0.049	-0.001	9.431	0.500
1427787852220	37.515632	139.932441	4	0.047	0.035	9.462	0.500
1427787852321	37.515632	139.932441	4	0.006	0.024	9.462	0.500
1427787852421	37.515632	139.932441	4	0.016	0.020	9.434	0.500
1427787852522	37.515632	139.932441	4	0.030	-0.011	9.394	0.500
1427787852623	37.515632	139.932441	4	0.059	0.013	9.425	0.500
1427787852724	37.515632	139.932441	4	0.029	0.029	9.454	0.500
1427787852824	37.515632	139.932441	4	0.008	0.026	9.452	0.500
1427787852920	37.515632	139.932441	4	0.003	0.003	9.419	0.500
1427787853021	37.515632	139.932441	4	0.046	-0.004	9.409	0.500
1427787853121	37.515632	139.932441	4	0.049	0.026	9.448	0.500
1427787853222	37.515632	139.932441	4	0.024	0.029	9.457	0.500
1427787853323	37.515632	139.932441	4	-0.008	0.025	9.465	0.500
1427787853424	37.515632	139.932441	4	0.013	-0.006	9.408	0.500
1427787853524	37.515632	139.932441	4	0.052	0.009	9.431	0.500
1427787853620	37.515632	139.932441	4	0.041	0.000	9.441	0.500
1427787853721	37.515632	139.932441	4	0.021	0.026	9.450	0.500
1427787853821	37.515632	139.932441	4	0.010	0.000	9.407	0.500
1427787853922	37.515632	139.932441	5	0.049	0.025	9.439	0.500
1427787854023	37.515632	139.932441	5	0.043	0.033	9.460	0.500
1427787854123	37.515632	139.932441	5	0.025	0.040	9.458	0.500
1427787854224	37.515632	139.932441	5	0.006	0.002	9.425	0.500
1427787854320	37.515632	139.932441	5	0.029	-0.005	9.395	0.500
1427787854420	37.515632	139.932441	5	0.051	0.031	9.443	0.500
1427787854521	37.515632	139.932441	5	0.031	0.035	9.452	0.500
1427787854622	37.515632	139.932441	5	0.020	0.033	9.451	0.500
1427787854723	37.515632	139.932441	5	0.029	-0.003	9.410	0.500
1427787854823	37.515632	139.932441	5	0.058	0.019	9.428	0.500
1427787854924	37.515632	139.932441	5	0.047	0.021	9.442	0.500
1427787855020	37.515632	139.932441	5	0.039	0.050	9.465	0.500
1427787855120	37.515632	139.932441	5	0.012	0.019	9.443	0.500
1427787855221	37.515632	139.932441	5	0.036	0.012	9.417	0.500
1427787855322	37.515632	139.932441	5	0.056	-0.000	9.420	0.500
1427787855423	37.515632	139.932441	5	0.072	0.035	9.447	0.500
1427787855523	37.515632	139.932441	5	0.030	0.029	9.449	0.500
1427787855624	37.515632	139.932441	5	0.009	0.031	9.450	0.500
1427787855720	37.515632	139.932441	5	0.021	0.003	9.406	0.500
1427787855820	37.515632	139.932441	5	0.052	0.008	9.418	0.500
1427787855921	37.515632	139.932441	5	0.042	0.019	9.449	0.500
1427787856022	37.515632	139.932441	5	0.012	0.021	9.442	0.500
1427787856123	37.515632	139.932441	5	0.014	0.012	9.421	0.500
1427787856223	37.515632	139.932441	5	0.039	-0.006	9.411	0.500
1427787856324	37.515632	139.932441	5	0.055	0.023	9.450	0.500
1427787856420	37.515632	139.932441	5	0.019	0.018	9.451	0.500
1427787856520	37.515632	139.932441	5	0.028	0.030	9.441	0.500
1427787856621	37.515632	139.932441	5	0.030	-0.001	9.405	0.500
1427787856722	37.515632	139.932441	5	0.070	0.027	9.432	0.500
1427787856822	37.515632	139.932441	5	0.050	0.024	9.449	0.500
1427787856923	37.515632	139.932441	6	0.030	0.032	9.460	0.500
1427787857024	37.515632	139.932441	6	0.010	0.006	9.438	0.500
1427787857120	37.515632	139.932441	6	0.029	0.007	9.412	0.500
1427787857220	37.515632	139.932441	6	0.049	0.013	9.433	0.500
1427787857321	37.515632	139.932441	6	0.046	0.023	9.456	0.500
1427787857422	37.515632	139.932441	6	0.025	0.034	9.471	0.500
1427787857522	37.515632	139.932441	6	0.009	0.021	9.446	0.500
1427787857623	37.515632	139.932441	6	0.027	0.003	9.407	0.500
1427787857724	37.515632	139.932441	6	0.048	0.002	9.393	0.500
1427787857825	37.515632	139.932441	6	0.032	0.019	9.435	0.500
1427787857920	37.515632	139.932441	6	0.024	0.029	9.443	0.500
1427787858021	37.515632	139.932441	6	0.016	0.016	9.431	0.500
1427787858122	37.515632	139.932441	6	0.039	-0.008	9.415	0.500
1427787858222	37.515632	139.932441	6	0.054	0.008	9.440	0.500
1427787858323	37.515632	139.932441	6	0.027	0.016	9.445	0.500
1427787858424	37.515632	139.932441	6	0.003	0.019	9.442	0.500
1427787858524	37.515632	139.932441	6	0.014	-0.007	9.411	0.500
1427787858620	37.515632	139.932441	6	0.060	0.002	9.410	0.500
1427787858721	37.515632	139.932441	6	0.048	0.009	9.437	0.500
1427787858822	37.515632	139.932441	6	0.020	0.022	9.439	0.500
1427787858922	37.515632	139.932441	6	0.007	0.003	9.424	0.500
1427787859023	37.515632	139.932441	6	0.034	-0.009	9.403	0.500
1427787859124	37.515632	139.932441	6	0.051	0.011	9.439	0.500
1427787859224	37.515632	139.932441	6	0.028	0.014	9.435	0.500
1427787859320	37.515632	139.932441	6	0.005	0.009	9.422	0.500
1427787859421	37.515633	139.932441	6	0.007	-0.024	9.375	0.500
1427787859521	37.515633	139.932441	6	0.044	0.005	9.425	0.500
1427787859623	37.515633	139.932441	6	0.030	0.009	9.436	0.500
1427787859723	37.515633	139.932441	6	0.024	0.018	9.433	0.500
1427787859823	37.515633	139.932441	6	0.016	-0.019	9.386	0.500
1427787859924	37.515633	139.932441	6	0.055	0.006	9.414	0.500
1427787860020	37.515633	139.932441	6	0.035	0.019	9.442	0.500
1427787860121	37.515633	139.932441	6	0.010	0.013	9.439	0.500
1427787860221	37.515633	139.932441	6	0.002	-0.005	9.416	0.500
1427787860322	37.515633	139.932441	6	0.040	-0.014	9.404	0.500
1427787860423	37.515633	139.932441	6	0.046	0.019	9.437	0.500
1427787860523	37.515633	139.932441	6	0.011	0.007	9.429	0.500
1427787860624	37.515633	139.932441	6	-0.006	-0.003	9.414	0.500
1427787860720	37.515633	139.932441	6	0.023	-0.017	9.402	0.500
1427787860821	37.515633	139.932441	6	0.050	0.011	9.430	0.500
1427787860921	37.515633	139.932441	6	0.019	-0.003	9.436	0.500
1427787861022	37.515633	139.932441	6	0.017	0.001	9.423	0.500
1427787861123	37.515633	139.932441	6	0.034	-0.005	9.415	0.500
1427787861223	37.515633	139.932441	6	0.039	0.005	9.441	0.500
1427787861324	37.515633	139.932441	6	0.019	0.013	9.446	0.500
1427787861420	37.515633	139.932441	6	0.006	-0.015	9.418	0.500
1427787861520	37.515633	139.932441	6	0.041	-0.001	9.413	0.500
1427787861621	37.515633	139.932441	6	0.043	-0.007	9.408	0.500
1427787861722	37.515633	139.932441	6	0.040	0.031	9.450	0.500
1427787861823	37.515633	139.932441	6	0.003	0.015	9.435	0.500
1427787861923	37.515633	139.932441	7	0.024	0.008	9.404	0.500
1427787862024	37.515633	139.932441	7	0.036	-0.017	9.387	0.500
1427787862120	37.515633	139.932441	7	0.058	0.025	9.426	0.500
1427787862220	37.515633	139.932441	7	0.022	0.029	9.437	0.500
1427787862321	37.515633	139.932441	7	0.018	0.011	9.407	0.500
1427787862422	37.515633	139.932441	7	0.029	-0.001	9.401	0.500
1427787862522	37.515633	139.932441	7	0.062	0.020	9.427	0.500
1427787862624	37.515633	139.932441	7	0.030	0.028	9.451	0.500
1427787862725	37.515633	139.932441	7	0.014	-0.002	9.411	0.500
1427787862820	37.515633	139.932441	7	0.045	0.018	9.437	0.500
1427787862920	37.515633	139.932441	7	0.043	0.021	9.456	0.500
1427787863021	37.515633	139.932441	7	0.037	0.040	9.461	0.500
1427787863122	37.515633	139.932441	7	0.014	0.005	9.421	0.500
1427787863222	37.515633	139.932441	7	0.050	0.017	9.439	0.500
1427787863323	37.515633	139.932441	7	0.046	0.014	9.454	0.500
1427787863424	37.515633	139.932441	7	0.033	0.038	9.465	0.500
1427787863525	37.515633	139.932441	7	0.010	0.010	9.440	0.500
1427787863620	37.515633	139.932441	7	0.030	0.003	9.426	0.500
1427787863721	37.515633	139.932441	7	0.048	0.017	9.436	0.500
1427787863822	37.515633	139.932441	7	0.049	0.030	9.436	0.500
1427787863922	37.515633	139.932441	7	0.029	0.041	9.461	0.500
1427787864023	37.515633	139.932441	7	0.007	0.014	9.456	0.500
1427787864124	37.515633	139.932441	7	0.008	-0.015	9.425	0.500
1427787864224	37.515633	139.932441	7	0.047	-0.013	9.401	0.500
1427787864320	37.515633	139.932441	7	0.060	0.028	9.430	0.500
1427787864421	37.515633	139.932441	7	0.032	0.034	9.435	0.500
1427787864522	37.515633	139.932441	7	0.013	0.047	9.464	0.500
1427787864622	37.515633	139.932441	7	0.008	0.004	9.458	0.500
1427787864723	37.515633	139.932441	7	0.015	0.019	9.441	0.500
1427787864824	37.515633	139.932441	7	0.021	0.020	9.420	0.500
1427787864924	37.515633	139.932441	7	0.022	0.042	9.435	0.500
1427787865020	37.515633	139.932441	7	0.038	0.112	9.491	0.500
1427787865121	37.515633	139.932441	7	0.071	0.241	9.523	0.500
1427787865222	37.515633	139.932441	7	0.087	0.307	9.427	0.500
1427787865322	37.515633	139.932441	7	0.153	0.389	9.330	0.500
1427787865423	37.515633	139.932441	7	0.202	0.490	9.391	0.500
1427787865524	37.515633	139.932441	7	0.182	0.542	9.459	0.500
1427787865624	37.515633	139.932441	7	0.126	0.535	9.492	0.500
1427787865720	37.515633	139.932441	7	0.098	0.479	9.402	0.500
1427787865821	37.515633	139.932441	7	0.141	0.511	9.473	0.500
1427787865921	37.515633	139.932441	8	0.177	0.564	9.512	0.500
1427787866022	37.515633	139.932441	8	0.169	0.595	9.431	0.518
1427787866123	37.515633	139.932441	8	0.173	0.624	9.353	0.537
1427787866224	37.515634	139.932442	8	0.185	0.720	9.458	0.556
1427787866324	37.515634	139.932442	8	0.150	0.752	9.439	0.576
1427787866420	37.515634	139.932442	8	0.133	0.769	9.353	0.596
1427787866521	37.515634	139.932442	8	0.197	0.842	9.404	0.617
1427787866621	37.515634	139.932442	8	0.212	0.828	9.425	0.640
1427787866722	37.515635	139.932443	8	0.246	0.785	9.488	0.663
1427787866823	37.515635	139.932443	8	0.264	0.782	9.566	0.686
1427787866923	37.515635	139.932443	8	0.232	0.726	9.483	0.711
1427787867024	37.515636	139.932444	8	0.143	0.452	9.298	0.728
1427787867120	37.515636	139.932445	8	0.083	0.217	9.383	0.744
1427787867221	37.515637	139.932446	8	0.080	0.056	9.577	0.762
1427787867321	37.515638	139.932447	8	0.071	-0.025	9.589	0.781
1427787867422	37.515638	139.932448	8	0.066	0.021	9.481	0.800
1427787867523	37.515639	139.932449	8	0.050	0.054	9.321	0.819
1427787867623	37.515640	139.932450	8	0.068	0.076	9.352	0.839
1427787867724	37.515641	139.932452	8	0.080	0.049	9.541	0.859
1427787867820	37.515641	139.932453	8	0.083	0.010	9.611	0.879
1427787867920	37.515642	139.932454	8	0.082	0.061	9.480	0.900
1427787868021	37.515642	139.932455	8	0.085	0.138	9.316	0.920
1427787868122	37.515642	139.932456	8	0.086	0.172	9.353	0.941
1427787868223	37.515642	139.932457	8	0.088	0.167	9.426	0.962
1427787868323	37.515642	139.932459	8	0.101	0.211	9.428	0.983
1427787868424	37.515642	139.932460	8	0.124	0.229	9.426	1.005
1427787868520	37.515643	139.932461	8	0.147	0.255	9.419	1.026
1427787868620	37.515643	139.932462	8	0.147	0.260	9.400	1.049
1427787868721	37.515643	139.932463	8	0.113	0.246	9.452	1.072
1427787868822	37.515643	139.932465	8	0.088	0.234	9.533	1.096
1427787868922	37.515643	139.932466	8	0.116	0.251	9.522	1.120
1427787869023	37.515644	139.932467	8	0.165	0.240	9.504	1.142
1427787869124	37.515644	139.932468	8	0.191	0.213	9.498	1.163
1427787869220	37.515645	139.932469	8	0.195	0.229	9.403	1.185
1427787869320	37.515646	139.932471	8	0.182	0.272	9.307	1.207
1427787869421	37.515646	139.932472	8	0.170	0.294	9.433	1.230
1427787869522	37.515647	139.932473	8	0.172	0.321	9.584	1.253
1427787869622	37.515648	139.932474	8	0.132	0.315	9.467	1.277
1427787869723	37.515649	139.932475	8	0.118	0.351	9.294	1.301
1427787869824	37.515649	139.932477	8	0.150	0.314	9.272	1.326
1427787869925	37.515650	139.932478	8	0.215	0.244	9.395	1.350
1427787870020	37.515651	139.932479	8	0.190	0.146	9.459	1.350
1427787870121	37.515652	139.932480	8	0.101	0.053	9.539	1.350
1427787870222	37.515653	139.932480	8	0.039	0.006	9.524	1.350
1427787870322	37.515654	139.932481	8	0.034	-0.028	9.404	1.350
1427787870423	37.515656	139.932482	8	0.056	-0.056	9.397	1.350
1427787870524	37.515657	139.932483	8	0.112	-0.074	9.432	1.350
1427787870624	37.515658	139.932484	8	0.146	-0.043	9.509	1.350
1427787870720	37.515659	139.932484	8	0.147	0.055	9.485	1.350
1427787870821	37.515660	139.932485	8	0.099	0.114	9.369	1.350
1427787870922	37.515661	139.932486	7	0.062	0.091	9.376	1.350
1427787871022	37.515662	139.932487	7	0.054	0.041	9.443	1.350
1427787871123	37.515663	139.932487	7	0.081	-0.008	9.451	1.350
1427787871224	37.515665	139.932488	7	0.132	-0.058	9.455	1.350
1427787871324	37.515666	139.932488	7	0.162	-0.046	9.467	1.350
1427787871420	37.515667	139.932489	7	0.189	0.045	9.387	1.350
1427787871521	37.515668	139.932489	7	0.172	0.125	9.328	1.350
1427787871621	37.515669	139.932490	7	0.117	0.114	9.462	1.350
1427787871722	37.515671	139.932490	7	0.087	0.053	9.539	1.350
1427787871823	37.515672	139.932491	7	0.085	0.015	9.469	1.350
1427787871924	37.515673	139.932491	7	0.094	0.004	9.434	1.350
1427787872024	37.515674	139.932492	7	0.107	0.032	9.453	1.350
1427787872120	37.515675	139.932492	7	0.120	0.090	9.431	1.350
1427787872221	37.515676	139.932493	7	0.126	0.125	9.425	1.350
1427787872321	37.515677	139.932493	7	0.117	0.100	9.475	1.350
1427787872422	37.515679	139.932494	7	0.103	0.082	9.472	1.350
1427787872523	37.515680	139.932495	7	0.110	0.043	9.455	1.350
1427787872624	37.515681	139.932495	7	0.115	0.058	9.457	1.350
1427787872724	37.515682	139.932496	7	0.099	0.116	9.349	1.350
1427787872820	37.515683	139.932496	7	0.119	0.148	9.383	1.350
1427787872921	37.515684	139.932497	7	0.123	0.141	9.484	1.350
1427787873021	37.515685	139.932498	7	0.108	0.111	9.481	1.361
1427787873122	37.515686	139.932498	7	0.059	0.090	9.461	1.372
1427787873223	37.515688	139.932499	7	0.029	0.073	9.427	1.383
1427787873323	37.515689	139.932499	7	0.081	0.097	9.401	1.393
1427787873424	37.515690	139.932500	7	0.146	0.082	9.488	1.405
1427787873520	37.515691	139.932501	7	0.203	0.106	9.499	1.415
1427787873620	37.515692	139.932501	7	0.187	0.101	9.468	1.426
1427787873721	37.515694	139.932502	7	0.134	0.118	9.480	1.438
1427787873822	37.515695	139.932503	7	0.094	0.162	9.455	1.449
1427787873923	37.515696	139.932503	7	0.083	0.218	9.471	1.461
1427787874023	37.515697	139.932504	7	0.118	0.241	9.487	1.472
1427787874124	37.515699	139.932505	7	0.146	0.258	9.466	1.484
1427787874220	37.515700	139.932505	7	0.158	0.285	9.387	1.495
1427787874320	37.515701	139.932506	7	0.171	0.329	9.343	1.507
1427787874421	37.515702	139.932507	7	0.120	0.336	9.348	1.519
1427787874522	37.515704	139.932507	7	0.101	0.283	9.415	1.531
1427787874623	37.515705	139.932508	7	0.194	0.268	9.412	1.544
1427787874723	37.515706	139.932509	7	0.202	0.279	9.362	1.556
1427787874824	37.515708	139.932509	7	0.112	0.397	9.367	1.568
1427787874920	37.515709	139.932510	7	0.138	0.435	9.284	1.580
1427787875020	37.515710	139.932511	7	0.176	0.341	9.338	1.580
1427787875121	37.515712	139.932511	7	0.105	0.402	9.672	1.580
1427787875222	37.515714	139.932512	7	0.139	0.369	9.506	1.580
1427787875322	37.515715	139.932513	7	0.097	0.418	9.372	1.580
1427787875423	37.515717	139.932514	7	0.145	0.459	9.359	1.580
1427787875524	37.515718	139.932514	7	0.183	0.359	9.302	1.580
1427787875620	37.515720	139.932515	7	0.125	0.295	9.431	1.580
1427787875720	37.515721	139.932516	7	0.062	0.270	9.380	1.580
1427787875821	37.515723	139.932516	7	0.041	0.204	9.352	1.580
1427787875922	37.515724	139.932517	11	0.062	0.076	9.510	1.580
1427787876022	37.515726	139.932518	11	0.102	-0.033	9.534	1.603
1427787876123	37.515727	139.932519	11	0.084	-0.107	9.432	1.626
1427787876224	37.515729	139.932519	11	0.033	-0.069	9.524	1.649
1427787876325	37.515731	139.932520	11	0.027	-0.045	9.480	1.673
1427787876420	37.515732	139.932521	11	0.063	-0.054	9.407	1.696
1427787876521	37.515734	139.932522	11	0.093	-0.102	9.425	1.720
1427787876622	37.515736	139.932523	11	0.050	-0.091	9.320	1.745
1427787876722	37.515737	139.932523	11	-0.000	-0.044	9.365	1.770
1427787876823	37.515739	139.932524	11	0.061	0.037	9.601	1.795
1427787876924	37.515741	139.932525	11	0.122	0.145	9.570	1.822
1427787877024	37.515743	139.932526	11	0.150	0.311	9.460	1.885
1427787877120	37.515745	139.932527	11	0.209	0.304	9.218	1.946
1427787877221	37.515747	139.932528	11	0.083	0.342	9.511	2.014
1427787877322	37.515750	139.932529	11	0.138	0.202	9.533	2.084
1427787877422	37.515752	139.932531	11	0.086	0.235	9.339	2.156
1427787877523	37.515755	139.932532	11	0.080	0.150	9.219	2.231
1427787877624	37.515757	139.932533	11	0.018	0.162	9.522	2.309
1427787877724	37.515760	139.932534	11	0.091	0.074	9.536	2.388
1427787877820	37.515762	139.932536	11	0.092	0.016	9.492	2.466
1427787877921	37.515765	139.932537	12	0.089	-0.068	9.274	2.550
1427787878021	37.515768	139.932538	12	0.039	-0.043	9.390	2.574
1427787878122	37.515770	139.932540	12	0.053	-0.090	9.614	2.599
1427787878223	37.515773	139.932541	12	0.040	-0.106	9.633	2.623
1427787878324	37.515776	139.932543	12	0.039	-0.125	9.510	2.648
1427787878424	37.515779	139.932544	12	0.050	-0.119	9.508	2.673
1427787878520	37.515781	139.932545	12	0.029	-0.061	9.286	2.697
1427787878621	37.515784	139.932547	12	0.036	-0.058	9.222	2.723
1427787878721	37.515787	139.932548	12	0.056	-0.117	9.417	2.748
1427787878822	37.515790	139.932550	12	0.072	-0.136	9.632	2.774
1427787878923	37.515793	139.932551	12	0.080	-0.124	9.525	2.800
1427787879024	37.515795	139.932553	12	0.151	-0.116	9.397	2.800
1427787879124	37.515798	139.932554	12	0.169	-0.137	9.498	2.800
1427787879220	37.515800	139.932556	12	0.135	-0.123	9.524	2.800
1427787879321	37.515802	139.932557	12	0.091	-0.089	9.409	2.800
1427787879421	37.515805	139.932559	12	0.049	-0.077	9.382	2.800
1427787879522	37.515807	139.932560	12	0.041	0.054	9.452	2.800
1427787879623	37.515809	139.932562	12	0.078	0.281	9.521	2.800
1427787879723	37.515811	139.932563	12	0.149	0.466	9.659	2.800
1427787879824	37.515814	139.932565	12	0.280	0.584	9.712	2.800
1427787879920	37.515816	139.932566	11	0.341	0.691	9.619	2.800
1427787880020	37.515818	139.932567	11	0.375	0.827	9.402	2.800
1427787880121	37.515821	139.932569	11	0.330	0.894	9.351	2.800
1427787880222	37.515823	139.932570	11	0.242	0.860	9.503	2.800
1427787880323	37.515826	139.932572	11	0.183	0.797	9.572	2.800
1427787880423	37.515828	139.932573	11	0.204	0.802	9.547	2.800
1427787880524	37.515830	139.932574	11	0.235	0.689	9.233	2.800
1427787880620	37.515833	139.932576	11	0.204	0.420	9.232	2.800
1427787880720	37.515835	139.932577	11	0.162	0.172	9.393	2.800
1427787880821	37.515838	139.932579	11	0.104	0.029	9.515	2.800
1427787880922	37.515840	139.932580	11	0.089	-0.055	9.499	2.800
1427787881023	37.515842	139.932582	11	0.134	-0.066	9.300	2.824
1427787881123	37.515845	139.932583	11	0.164	-0.143	9.410	2.847
1427787881224	37.515847	139.932585	11	0.174	-0.255	9.688	2.871
1427787881320	37.515849	139.932587	11	0.154	-0.261	9.693	2.894
1427787881420	37.515852	139.932588	11	0.130	-0.227	9.412	2.918
1427787881521	37.515854	139.932590	11	0.129	-0.140	9.296	2.942
1427787881622	37.515857	139.932592	11	0.073	-0.146	9.432	2.966
1427787881722	37.515859	139.932594	11	0.041	-0.055	9.653	2.991
1427787881823	37.515862	139.932595	11	0.109	0.133	9.548	3.016
1427787881924	37.515864	139.932597	11	0.178	0.278	9.360	3.040
1427787882020	37.515867	139.932599	11	0.215	0.348	9.332	3.040
1427787882120	37.515869	139.932600	11	0.242	0.412	9.299	3.040
1427787882221	37.515872	139.932602	11	0.230	0.387	9.540	3.040
1427787882322	37.515874	139.932603	11	0.240	0.337	9.581	3.040
1427787882422	37.515877	139.932605	11	0.247	0.359	9.323	3.040
1427787882523	37.515879	139.932607	11	0.249	0.377	9.332	3.040
1427787882624	37.515882	139.932608	11	0.239	0.375	9.429	3.040
1427787882724	37.515884	139.932610	11	0.194	0.443	9.616	3.040
1427787882820	37.515887	139.932611	11	0.130	0.480	9.350	3.040
1427787882921	37.515889	139.932613	10	0.143	0.493	9.377	3.040
1427787883022	37.515892	139.932615	10	0.249	0.587	9.490	3.065
1427787883122	37.515894	139.932616	10	0.264	0.647	9.501	3.089
1427787883223	37.515897	139.932618	10	0.164	0.623	9.549	3.114
1427787883324	37.515900	139.932619	10	0.109	0.598	9.313	3.139
1427787883424	37.515903	139.932621	10	0.112	0.483	9.467	3.164
1427787883520	37.515906	139.932622	10	0.138	0.394	9.629	3.188
1427787883621	37.515908	139.932624	10	0.120	0.459	9.518	3.213
1427787883722	37.515911	139.932626	10	0.117	0.624	9.315	3.239
1427787883822	37.515914	139.932627	10	0.143	0.622	9.232	3.265
1427787883923	37.515917	139.932629	10	0.203	0.445	9.357	3.293
1427787884024	37.515920	139.932631	10	0.142	0.455	9.592	3.381
1427787884124	37.515924	139.932633	10	0.233	0.425	9.663	3.471
1427787884220	37.515927	139.932635	10	0.240	0.334	9.349	3.560
1427787884321	37.515931	139.932637	10	0.127	0.470	9.283	3.656
1427787884421	37.515935	139.932640	10	0.166	0.381	9.059	3.754
1427787884522	37.515939	139.932642	10	0.152	0.361	9.380	3.855
1427787884623	37.515943	139.932645	10	0.253	0.221	9.687	3.959
1427787884724	37.515947	139.932647	10	0.237	0.251	9.812	4.066
1427787884824	37.515951	139.932650	10	0.172	0.374	9.416	4.174
1427787884920	37.515955	139.932652	10	0.131	0.417	9.210	4.280
1427787885021	37.515959	139.932654	10	0.142	0.395	9.446	4.280
1427787885121	37.515963	139.932657	10	0.189	0.342	9.684	4.280
1427787885222	37.515967	139.932659	10	0.171	0.345	9.584	4.280
1427787885323	37.515971	139.932661	10	0.104	0.374	9.478	4.280
1427787885424	37.515975	139.932664	10	0.039	0.421	9.259	4.280
1427787885524	37.515979	139.932666	10	0.009	0.419	9.064	4.280
1427787885620	37.515982	139.932668	10	-0.002	0.394	9.119	4.280
1427787885721	37.515986	139.932670	10	0.058	0.290	9.496	4.280
1427787885821	37.515990	139.932673	10	0.145	0.154	9.833	4.280
1427787885922	37.515994	139.932675	6	0.168	0.072	9.889	4.280
1427787886023	37.515998	139.932677	6	0.158	0.163	9.330	4.305
1427787886123	37.516003	139.932680	6	0.194	0.198	8.884	4.330
1427787886224	37.516007	139.932682	6	0.206	0.267	8.789	4.354
1427787886320	37.516011	139.932684	6	0.138	0.221	9.132	4.378
1427787886421	37.516016	139.932687	6	-0.010	0.097	9.812	4.403
1427787886521	37.516020	139.932689	6	-0.124	-0.014	10.083	4.429
1427787886622	37.516025	139.932692	6	-0.116	-0.017	9.699	4.454
1427787886723	37.516029	139.932694	6	0.039	0.083	9.021	4.480
1427787886823	37.516034	139.932697	6	0.158	0.047	8.918	4.505
1427787886924	37.516038	139.932699	5	0.224	-0.006	9.415	4.530
1427787887020	37.516042	139.932701	5	0.258	-0.105	10.004	4.530
1427787887120	37.516047	139.932703	5	0.326	-0.136	10.134	4.530
1427787887221	37.516051	139.932706	5	0.334	-0.055	9.636	4.530
1427787887322	37.516056	139.932708	5	0.238	0.042	9.113	4.530
1427787887423	37.516060	139.932710	5	0.106	0.107	8.991	4.530
1427787887523	37.516065	139.932712	5	0.002	0.109	9.231	4.530
1427787887624	37.516069	139.932714	5	-0.056	0.009	9.738	4.530
1427787887720	37.516073	139.932717	5	-0.013	-0.028	9.902	4.530
1427787887820	37.516078	139.932719	5	0.069	0.000	9.461	4.530
1427787887921	37.516082	139.932721	5	0.143	0.087	9.119	4.530
1427787888022	37.516086	139.932723	5	0.184	0.106	9.116	4.530
1427787888123	37.516091	139.932725	5	0.231	0.095	9.343	4.530
1427787888223	37.516095	139.932728	5	0.253	0.022	9.648	4.530
1427787888324	37.516099	139.932730	5	0.227	-0.016	9.704	4.530
1427787888420	37.516103	139.932732	5	0.166	-0.019	9.567	4.530
1427787888520	37.516107	139.932734	5	0.099	0.030	9.336	4.530
1427787888621	37.516111	139.932736	5	0.078	0.056	9.111	4.530
1427787888722	37.516116	139.932739	5	0.092	0.025	9.183	4.530
1427787888822	37.516120	139.932741	5	0.078	-0.026	9.500	4.530
1427787888923	37.516124	139.932743	5	0.006	-0.128	9.896	4.530
1427787889024	37.516128	139.932745	5	-0.008	-0.097	9.754	4.530
1427787889120	37.516132	139.932747	5	0.037	-0.035	9.310	4.530
1427787889220	37.516137	139.932749	5	0.071	0.032	9.075	4.530
1427787889321	37.516141	139.932751	5	0.109	0.076	9.112	4.530
1427787889422	37.516145	139.932754	5	0.115	0.047	9.238	4.530
1427787889522	37.516149	139.932756	5	0.130	0.011	9.433	4.530
1427787889623	37.516154	139.932758	5	0.156	-0.054	9.640	4.530
1427787889724	37.516158	139.932760	5	0.164	-0.039	9.512	4.530
1427787889824	37.516162	139.932762	5	0.108	-0.023	9.309	4.530
1427787889920	37.516166	139.932764	5	0.094	-0.051	9.417	4.530
1427787890021	37.516170	139.932766	5	0.084	-0.097	9.734	4.530
1427787890122	37.516174	139.932769	5	0.090	-0.126	9.841	4.530
1427787890222	37.516178	139.932771	5	0.110	-0.086	9.611	4.530
1427787890323	37.516183	139.932773	5	0.088	-0.021	9.365	4.530
1427787890424	37.516187	139.932776	5	0.092	0.028	9.213	4.530
1427787890524	37.516191	139.932778	5	0.098	0.036	9.310	4.530
1427787890620	37.516195	139.932780	5	0.109	0.006	9.498	4.530
1427787890721	37.516199	139.932782	5	0.080	-0.039	9.637	4.530
1427787890822	37.516203	139.932785	5	0.055	-0.024	9.500	4.530
1427787890922	37.516207	139.932787	4	0.037	0.010	9.331	4.530
1427787891023	37.516211	139.932789	4	0.015	0.004	9.343	4.530
1427787891124	37.516215	139.932791	4	-0.011	0.044	9.343	4.530
1427787891224	37.516219	139.932794	4	-0.033	0.038	9.450	4.530
1427787891320	37.516223	139.932796	4	-0.016	0.078	9.503	4.530
1427787891421	37.516227	139.932798	4	0.023	0.185	9.387	4.530
1427787891521	37.516230	139.932800	4	0.056	0.247	9.278	4.530
1427787891622	37.516234	139.932802	4	0.055	0.273	9.243	4.530
1427787891723	37.516238	139.932805	4	0.018	0.220	9.418	4.530
1427787891824	37.516242	139.932807	4	0.007	0.182	9.591	4.530
1427787891924	37.516246	139.932809	4	-0.013	0.158	9.523	4.531
1427787892020	37.516250	139.932811	4	0.013	0.161	9.348	4.554
1427787892121	37.516254	139.932813	4	0.028	0.159	9.274	4.579
1427787892221	37.516259	139.932816	4	0.044	0.106	9.427	4.604
1427787892322	37.516263	139.932818	4	0.038	0.080	9.586	4.629
1427787892423	37.516267	139.932820	4	-0.006	0.045	9.505	4.654
1427787892523	37.516272	139.932822	4	-0.029	0.026	9.352	4.679
1427787892624	37.516276	139.932824	4	-0.041	-0.016	9.285	4.705
1427787892720	37.516280	139.932827	4	-0.057	-0.161	9.308	4.729
1427787892821	37.516285	139.932829	4	-0.114	-0.436	9.485	4.755
1427787892921	37.516289	139.932831	4	-0.142	-0.509	9.656	4.780
1427787893022	37.516293	139.932833	4	-0.139	-0.359	9.611	4.780
1427787893123	37.516298	139.932835	4	-0.124	-0.221	9.412	4.780
1427787893223	37.516302	139.932838	4	-0.095	-0.198	9.224	4.780
1427787893324	37.516306	139.932840	4	-0.116	-0.320	9.324	4.780
1427787893420	37.516311	139.932842	4	-0.132	-0.394	9.548	4.780
1427787893520	37.516315	139.932844	4	-0.123	-0.366	9.668	4.780
1427787893621	37.516319	139.932846	4	-0.135	-0.300	9.480	4.780
1427787893722	37.516323	139.932849	4	-0.110	-0.240	9.233	4.780
1427787893822	37.516328	139.932851	4	-0.096	-0.256	9.230	4.780
1427787893923	37.516332	139.932853	5	-0.115	-0.317	9.541	4.780
1427787894024	37.516337	139.932855	5	-0.097	-0.379	9.681	4.780
1427787894120	37.516341	139.932857	5	-0.110	-0.361	9.561	4.780
1427787894220	37.516345	139.932859	5	-0.106	-0.263	9.343	4.780
1427787894321	37.516350	139.932861	5	-0.068	-0.246	9.190	4.780
1427787894422	37.516354	139.932863	5	-0.068	-0.227	9.387	4.780
1427787894522	37.516358	139.932865	5	-0.039	-0.388	9.551	4.780
1427787894623	37.516363	139.932867	5	-0.086	-0.347	9.654	4.780
1427787894724	37.516367	139.932869	5	-0.087	-0.350	9.377	4.780
1427787894820	37.516372	139.932871	5	-0.140	-0.230	9.297	4.780
1427787894920	37.516376	139.932873	6	-0.052	-0.216	9.322	4.780
1427787895021	37.516380	139.932875	6	-0.014	-0.323	9.386	4.754
1427787895122	37.516385	139.932877	6	-0.044	-0.370	9.579	4.728
1427787895222	37.516389	139.932878	6	-0.129	-0.352	9.625	4.703
1427787895323	37.516393	139.932880	6	-0.160	-0.300	9.523	4.678
1427787895424	37.516397	139.932882	6	-0.164	-0.263	9.418	4.652
1427787895524	37.516402	139.932883	6	-0.115	-0.241	9.273	4.627
1427787895620	37.516406	139.932885	6	-0.044	-0.276	9.247	4.604
1427787895721	37.516410	139.932887	6	0.016	-0.325	9.307	4.579
1427787895822	37.516414	139.932888	6	0.066	-0.330	9.393	4.554
1427787895922	37.516418	139.932890	6	0.105	-0.304	9.452	4.530
1427787896023	37.516422	139.932892	6	0.094	-0.258	9.423	4.530
1427787896124	37.516427	139.932893	6	0.052	-0.242	9.379	4.530
1427787896224	37.516431	139.932895	6	-0.027	-0.251	9.412	4.530
1427787896320	37.516435	139.932896	6	-0.104	-0.305	9.382	4.530
1427787896421	37.516440	139.932898	6	-0.141	-0.289	9.391	4.530
1427787896522	37.516444	139.932900	6	-0.160	-0.305	9.413	4.530
1427787896622	37.516448	139.932901	6	-0.129	-0.354	9.436	4.530
1427787896723	37.516453	139.932903	6	-0.058	-0.331	9.448	4.530
1427787896824	37.516457	139.932904	6	0.034	-0.343	9.432	4.530
1427787896920	37.516461	139.932906	6	0.080	-0.353	9.456	4.530
1427787897020	37.516465	139.932907	6	0.064	-0.494	9.326	4.530
1427787897121	37.516469	139.932908	6	-0.005	-0.605	9.346	4.530
1427787897221	37.516474	139.932909	6	-0.046	-0.738	9.502	4.530
1427787897322	37.516478	139.932910	6	-0.099	-0.855	9.537	4.530
1427787897423	37.516482	139.932912	6	-0.141	-0.907	9.395	4.530
1427787897524	37.516486	139.932913	6	-0.183	-0.925	9.356	4.530
1427787897624	37.516491	139.932914	6	-0.154	-0.913	9.416	4.530
1427787897720	37.516495	139.932915	6	-0.125	-0.916	9.382	4.530
1427787897821	37.516499	139.932916	6	-0.125	-0.956	9.379	4.530
1427787897921	37.516503	139.932917	6	-0.101	-0.985	9.466	4.530
1427787898022	37.516507	139.932918	6	-0.082	-0.936	9.581	4.530
1427787898123	37.516512	139.932919	6	-0.049	-0.799	9.553	4.530
1427787898224	37.516516	139.932919	6	-0.047	-0.705	9.375	4.530
1427787898324	37.516520	139.932920	6	-0.068	-0.650	9.322	4.530
1427787898420	37.516524	139.932921	6	-0.070	-0.628	9.395	4.530
1427787898521	37.516528	139.932922	6	-0.035	-0.590	9.481	4.530
1427787898621	37.516532	139.932923	6	-0.028	-0.557	9.445	4.530
1427787898722	37.516537	139.932923	6	-0.012	-0.504	9.367	4.530
1427787898823	37.516541	139.932924	6	0.023	-0.522	9.343	4.530
1427787898923	37.516545	139.932925	7	0.035	-0.511	9.488	4.530
1427787899024	37.516549	139.932925	7	-0.008	-0.540	9.435	4.530
1427787899120	37.516552	139.932926	7	-0.025	-0.531	9.414	4.530
1427787899221	37.516556	139.932926	7	-0.013	-0.524	9.480	4.530
1427787899321	37.516560	139.932927	7	0.017	-0.532	9.507	4.530
1427787899422	37.516564	139.932927	7	0.012	-0.543	9.380	4.530
1427787899523	37.516567	139.932927	7	0.004	-0.566	9.308	4.530
1427787899623	37.516571	139.932928	7	-0.012	-0.716	9.357	4.530
1427787899724	37.516575	139.932928	7	-0.022	-0.901	9.332	4.530
1427787899820	37.516578	139.932929	7	0.005	-1.035	9.370	4.530
1427787899920	37.516582	139.932929	7	0.011	-1.129	9.448	4.530
1427787900021	37.516583	139.932929	7	-0.005	-1.165	9.423	4.196
1427787900122	37.516585	139.932929	7	-0.040	-1.207	9.375	3.882
1427787900223	37.516586	139.932929	7	-0.073	-1.194	9.474	3.586
1427787900323	37.516587	139.932929	7	-0.122	-1.138	9.497	3.312
1427787900424	37.516589	139.932928	7	-0.122	-1.062	9.389	3.054
1427787900520	37.516590	139.932928	7	-0.141	-1.080	9.394	2.826
1427787900620	37.516591	139.932928	7	-0.148	-1.104	9.440	2.607
1427787900721	37.516591	139.932928	7	-0.142	-1.105	9.463	2.404
1427787900822	37.516592	139.932928	7	-0.043	-0.998	9.483	2.220
1427787900922	37.516593	139.932928	9	0.034	-0.768	9.468	2.055
1427787901023	37.516591	139.932926	9	0.061	-0.523	9.417	1.811
1427787901124	37.516590	139.932925	9	0.033	-0.380	9.335	1.587
1427787901220	37.516589	139.932924	9	0.007	-0.308	9.364	1.392
1427787901320	37.516588	139.932923	9	-0.037	-0.316	9.453	1.208
1427787901421	37.516586	139.932921	9	-0.012	-0.306	9.502	1.041
1427787901522	37.516586	139.932921	9	0.023	-0.304	9.429	0.893
1427787901622	37.516585	139.932920	9	0.069	-0.277	9.326	0.766
1427787901723	37.516584	139.932919	9	0.093	-0.281	9.326	0.657
1427787901824	37.516583	139.932918	9	0.110	-0.266	9.425	0.567
1427787901920	37.516583	139.932918	9	0.097	-0.277	9.452	0.500
1427787902020	37.516583	139.932917	9	0.081	-0.248	9.449	0.500
1427787902121	37.516583	139.932917	9	0.054	-0.239	9.420	0.500
1427787902222	37.516583	139.932916	9	0.035	-0.234	9.470	0.500
1427787902322	37.516583	139.932916	9	0.041	-0.198	9.503	0.500
1427787902423	37.516582	139.932915	9	0.052	-0.168	9.436	0.500
1427787902524	37.516582	139.932914	9	0.089	-0.135	9.342	0.500
1427787902624	37.516582	139.932914	9	0.105	-0.123	9.346	0.500
1427787902720	37.516582	139.932913	9	0.135	-0.106	9.430	0.500
1427787902821	37.516582	139.932913	9	0.140	-0.092	9.485	0.500
1427787902922	37.516582	139.932912	6	0.127	-0.067	9.461	0.500
1427787903022	37.516582	139.932912	6	0.094	-0.049	9.442	0.500
1427787903123	37.516582	139.932912	6	0.062	-0.056	9.458	0.500
1427787903224	37.516582	139.932912	6	0.058	-0.087	9.447	0.500
1427787903324	37.516582	139.932912	6	0.083	-0.078	9.412	0.500
1427787903420	37.516582	139.932911	6	0.093	-0.087	9.343	0.500
1427787903521	37.516583	139.932911	6	0.083	-0.059	9.355	0.500
1427787903622	37.516583	139.932911	6	0.070	-0.014	9.464	0.500
1427787903722	37.516583	139.932911	6	0.090	-0.050	9.420	0.500
1427787903823	37.516583	139.932911	6	0.085	-0.018	9.462	0.500
1427787903924	37.516583	139.932911	6	0.093	0.006	9.431	0.500
1427787904024	37.516583	139.932911	6	0.122	-0.000	9.417	0.500
1427787904120	37.516583	139.932911	6	0.123	0.010	9.444	0.500
1427787904221	37.516583	139.932911	6	0.118	0.001	9.456	0.500
1427787904321	37.516583	139.932911	6	0.107	-0.003	9.458	0.500
1427787904422	37.516583	139.932911	6	0.093	-0.000	9.420	0.500
1427787904523	37.516583	139.932912	6	0.092	-0.021	9.419	0.500
1427787904623	37.516583	139.932912	6	0.098	-0.032	9.443	0.500
1427787904724	37.516583	139.932912	6	0.104	-0.041	9.451	0.500
1427787904820	37.516583	139.932912	6	0.099	-0.043	9.435	0.500
1427787904921	37.516583	139.932912	6	0.101	-0.022	9.439	0.500
1427787905021	37.516583	139.932912	6	0.103	0.034	9.457	0.500
1427787905122	37.516583	139.932912	6	0.113	0.094	9.451	0.500
1427787905223	37.516583	139.932912	6	0.132	0.151	9.419	0.500
1427787905323	37.516583	139.932912	6	0.154	0.234	9.423	0.500
1427787905424	37.516584	139.932912	6	0.185	0.341	9.440	0.500
1427787905520	37.516584	139.932912	6	0.199	0.453	9.447	0.500
1427787905621	37.516584	139.932912	6	0.233	0.631	9.487	0.500
1427787905721	37.516584	139.932912	6	0.252	0.728	9.411	0.500
1427787905822	37.516584	139.932912	6	0.263	0.773	9.334	0.500
1427787905923	37.516584	139.932912	5	0.282	0.810	9.356	0.500
1427787906023	37.516584	139.932912	5	0.289	0.817	9.471	0.506
1427787906124	37.516585	139.932912	5	0.285	0.832	9.496	0.512
1427787906220	37.516585	139.932912	5	0.279	0.830	9.477	0.517
1427787906320	37.516586	139.932912	5	0.258	0.841	9.456	0.523
1427787906421	37.516586	139.932912	5	0.240	0.871	9.454	0.529
1427787906522	37.516587	139.932913	5	0.252	0.881	9.450	0.535
1427787906623	37.516587	139.932913	5	0.303	0.929	9.418	0.541
1427787906723	37.516588	139.932913	5	0.335	0.930	9.406	0.548
1427787906824	37.516588	139.932913	5	0.344	0.944	9.476	0.554
1427787906920	37.516589	139.932913	5	0.329	0.918	9.468	0.560
1427787907020	37.516590	139.932913	5	0.306	0.960	9.418	0.573
1427787907121	37.516590	139.932914	5	0.307	1.007	9.403	0.587
1427787907222	37.516591	139.932914	5	0.285	0.971	9.462	0.602
1427787907322	37.516592	139.932914	5	0.287	0.975	9.495	0.616
1427787907423	37.516592	139.932915	5	0.295	0.946	9.399	0.631
1427787907524	37.516593	139.932915	5	0.300	0.871	9.430	0.646
1427787907620	37.516594	139.932916	5	0.268	0.745	9.354	0.661
1427787907720	37.516594	139.932916	5	0.178	0.518	9.361	0.677
1427787907821	37.516595	139.932917	5	0.090	0.336	9.421	0.694
1427787907922	37.516596	139.932917	7	0.082	0.153	9.423	0.711
1427787908022	37.516597	139.932918	7	0.128	0.086	9.562	0.779
1427787908123	37.516599	139.932918	7	0.178	0.089	9.460	0.857
1427787908224	37.516600	139.932919	7	0.184	0.154	9.379	0.944
1427787908324	37.516602	139.932920	7	0.160	0.192	9.505	1.041
1427787908420	37.516603	139.932921	7	0.100	0.205	9.409	1.143
1427787908521	37.516605	139.932922	7	0.103	0.235	9.342	1.260
1427787908622	37.516608	139.932924	7	0.139	0.273	9.393	1.387
1427787908722	37.516610	139.932925	7	0.125	0.237	9.516	1.523
1427787908823	37.516612	139.932927	7	0.037	0.218	9.403	1.670
1427787908924	37.516615	139.932928	7	-0.080	0.248	9.304	1.822
1427787909024	37.516617	139.932929	7	-0.091	0.339	9.416	1.885
1427787909120	37.516619	139.932930	7	0.003	0.420	9.611	1.946
1427787909221	37.516622	139.932931	7	0.200	0.447	9.600	2.014
1427787909321	37.516624	139.932933	7	0.279	0.418	9.446	2.083
1427787909422	37.516627	139.932934	7	0.223	0.481	9.465	2.156
1427787909523	37.516629	139.932935	7	0.237	0.344	9.390	2.231
1427787909624	37.516632	139.932937	7	0.184	0.310	9.489	2.309
1427787909724	37.516634	139.932938	7	0.221	0.124	9.521	2.388
1427787909820	37.516637	139.932940	7	0.203	0.068	9.563	2.466
1427787909921	37.516640	139.932941	6	0.146	-0.002	9.486	2.550
1427787910021	37.516643	139.932942	6	0.086	0.007	9.506	2.596
1427787910122	37.516645	139.932944	6	0.087	0.139	9.457	2.642
1427787910223	37.516648	139.932945	6	0.178	0.338	9.332	2.689
1427787910324	37.516651	139.932946	6	0.192	0.396	9.485	2.738
1427787910424	37.516654	139.932948	6	0.114	0.377	9.575	2.786
1427787910520	37.516657	139.932949	6	0.092	0.352	9.371	2.834
1427787910621	37.516660	139.932951	6	0.126	0.267	9.200	2.884
1427787910721	37.516663	139.932952	6	0.177	0.148	9.297	2.936
1427787910822	37.516666	139.932954	6	0.215	0.068	9.443	2.988
1427787910923	37.516669	139.932955	5	0.203	0.047	9.412	3.040
1427787911023	37.516672	139.932956	5	0.191	0.017	9.370	3.040
1427787911124	37.516675	139.932958	5	0.297	-0.049	9.456	3.040
1427787911220	37.516678	139.932959	5	0.405	-0.083	9.431	3.040
1427787911321	37.516681	139.932960	5	0.457	-0.120	9.503	3.040
1427787911421	37.516685	139.932962	5	0.382	-0.182	9.781	3.040
1427787911522	37.516688	139.932963	5	0.237	-0.234	9.909	3.040
1427787911623	37.516691	139.932964	5	0.134	-0.188	9.609	3.040
1427787911723	37.516694	139.932965	5	0.081	-0.089	9.254	3.040
1427787911824	37.516697	139.932967	5	0.069	-0.002	9.230	3.040
1427787911920	37.516700	139.932968	5	0.094	0.074	9.363	3.040
1427787912021	37.516703	139.932969	5	0.136	0.129	9.440	3.040
1427787912121	37.516706	139.932971	5	0.176	0.208	9.504	3.040
1427787912222	37.516709	139.932972	5	0.175	0.261	9.444	3.040
1427787912323	37.516712	139.932973	5	0.202	0.295	9.390	3.040
1427787912423	37.516715	139.932975	5	0.282	0.284	9.393	3.040
1427787912524	37.516718	139.932976	5	0.402	0.264	9.330	3.040
1427787912620	37.516721	139.932977	5	0.445	0.248	9.346	3.040
1427787912720	37.516724	139.932978	5	0.402	0.244	9.238	3.040
1427787912821	37.516727	139.932980	5	0.262	0.227	9.152	3.040
1427787912922	37.516730	139.932981	4	0.028	0.159	9.163	3.040
1427787913023	37.516733	139.932982	4	-0.173	0.098	9.334	3.065
1427787913123	37.516736	139.932983	4	-0.236	0.035	9.553	3.089
1427787913224	37.516739	139.932985	4	-0.228	-0.044	9.568	3.114
1427787913320	37.516742	139.932986	4	-0.158	-0.079	9.443	3.138
1427787913420	37.516746	139.932987	4	-0.056	-0.175	9.316	3.163
1427787913521	37.516749	139.932988	4	0.017	-0.293	9.412	3.188
1427787913622	37.516752	139.932989	4	0.037	-0.349	9.520	3.213
1427787913722	37.516755	139.932991	4	0.010	-0.346	9.591	3.239
1427787913823	37.516759	139.932992	4	-0.021	-0.304	9.635	3.265
1427787913924	37.516762	139.932993	4	-0.058	-0.232	9.569	3.290
1427787914020	37.516765	139.932994	4	-0.032	-0.188	9.490	3.290
1427787914120	37.516768	139.932995	4	0.033	-0.202	9.670	3.290
1427787914221	37.516772	139.932996	4	0.074	-0.179	9.699	3.290
1427787914322	37.516775	139.932997	4	0.047	-0.115	9.479	3.290
1427787914422	37.516778	139.932999	4	0.001	-0.061	9.242	3.290
1427787914523	37.516781	139.933000	4	-0.024	-0.014	9.202	3.290
1427787914624	37.516785	139.933001	4	-0.025	-0.029	9.357	3.290
1427787914720	37.516788	139.933002	4	0.001	-0.060	9.526	3.290
1427787914820	37.516791	139.933003	4	0.072	-0.055	9.548	3.290
1427787914921	37.516794	139.933004	4	0.126	0.016	9.406	3.290
1427787915022	37.516797	139.933005	4	0.148	0.060	9.393	3.290
1427787915122	37.516800	139.933006	4	0.163	0.104	9.378	3.290
1427787915223	37.516804	139.933007	4	0.102	0.110	9.294	3.290
1427787915324	37.516807	139.933008	4	0.083	0.053	9.400	3.290
1427787915424	37.516810	139.933009	4	0.131	-0.026	9.497	3.290
1427787915520	37.516813	139.933010	4	0.163	-0.060	9.489	3.290
1427787915621	37.516816	139.933011	4	0.121	-0.068	9.411	3.290
1427787915722	37.516820	139.933012	4	0.068	-0.127	9.246	3.290
1427787915822	37.516823	139.933013	4	0.004	-0.229	9.272	3.290
1427787915923	37.516826	139.933014	5	-0.052	-0.295	9.484	3.290
1427787916024	37.516829	139.933015	5	-0.080	-0.290	9.645	3.290
1427787916124	37.516832	139.933016	5	0.020	-0.206	9.549	3.290
1427787916220	37.516835	139.933016	5	0.121	-0.132	9.362	3.290
1427787916321	37.516838	139.933017	5	0.157	-0.073	9.248	3.290
1427787916421	37.516841	139.933018	5	0.128	-0.037	9.396	3.290
1427787916522	37.516844	139.933019	5	0.105	-0.080	9.601	3.290
1427787916623	37.516847	139.933020	5	0.083	-0.106	9.664	3.290
1427787916724	37.516850	139.933020	5	0.063	-0.011	9.559	3.290
1427787916824	37.516853	139.933021	5	0.068	0.126	9.367	3.290
1427787916920	37.516856	139.933022	6	0.088	0.172	9.293	3.290
1427787917021	37.516859	139.933023	6	0.085	0.212	9.427	3.290
1427787917121	37.516861	139.933024	6	0.076	0.170	9.537	3.290
1427787917222	37.516864	139.933025	6	0.131	0.112	9.561	3.290
1427787917323	37.516866	139.933026	6	0.122	0.134	9.382	3.290
1427787917423	37.516869	139.933027	6	0.083	0.159	9.207	3.290
1427787917524	37.516872	139.933028	6	0.063	0.138	9.336	3.290
1427787917620	37.516874	139.933029	6	0.088	0.080	9.558	3.290
1427787917721	37.516877	139.933030	6	0.114	0.041	9.662	3.290
1427787917821	37.516879	139.933031	6	0.102	0.014	9.485	3.290
1427787917922	37.516882	139.933032	6	0.107	-0.058	9.211	3.289
1427787918023	37.516884	139.933033	6	0.002	-0.123	9.306	3.263
1427787918123	37.516887	139.933035	6	0.004	-0.377	9.433	3.238
1427787918224	37.516889	139.933036	6	-0.063	-0.547	9.520	3.212
1427787918320	37.516891	139.933037	6	-0.120	-0.480	9.649	3.188
1427787918420	37.516894	139.933038	6	-0.120	-0.369	9.457	3.163
1427787918521	37.516896	139.933039	6	-0.093	-0.164	9.304	3.137
1427787918622	37.516898	139.933041	6	-0.000	-0.077	9.338	3.112
1427787918723	37.516901	139.933042	6	0.100	-0.087	9.469	3.088
1427787918823	37.516903	139.933043	6	0.146	-0.136	9.579	3.063
1427787918924	37.516905	139.933044	6	0.115	-0.124	9.481	3.038
1427787919020	37.516907	139.933045	6	0.014	-0.081	9.315	2.987
1427787919120	37.516908	139.933046	6	-0.081	0.011	9.303	2.935
1427787919221	37.516910	139.933047	6	-0.051	0.121	9.485	2.883
1427787919322	37.516911	139.933047	6	0.062	0.197	9.579	2.833
1427787919422	37.516913	139.933048	6	0.157	0.214	9.502	2.783
1427787919523	37.516914	139.933049	6	0.182	0.158	9.479	2.734
1427787919624	37.516916	139.933050	6	0.179	0.086	9.579	2.686
1427787919720	37.516917	139.933051	6	0.205	0.033	9.593	2.641
1427787919820	37.516919	139.933051	6	0.213	0.015	9.516	2.595
1427787919921	37.516920	139.933052	6	0.141	0.031	9.450	2.550
1427787920022	37.516922	139.933053	6	0.023	0.050	9.409	2.550
1427787920122	37.516924	139.933054	6	-0.063	0.009	9.446	2.550
1427787920223	37.516925	139.933054	6	-0.051	-0.092	9.450	2.550
1427787920324	37.516927	139.933055	6	0.031	-0.190	9.440	2.550
1427787920420	37.516929	139.933056	6	0.108	-0.173	9.467	2.550
1427787920520	37.516931	139.933057	6	0.101	-0.142	9.488	2.550
1427787920621	37.516933	139.933058	6	0.073	-0.117	9.454	2.550
1427787920722	37.516934	139.933058	6	0.064	-0.102	9.366	2.550
1427787920822	37.516936	139.933059	6	0.042	-0.066	9.450	2.550
1427787920923	37.516938	139.933060	5	0.004	-0.063	9.466	2.549
1427787921024	37.516940	139.933061	5	0.021	-0.089	9.442	2.523
1427787921125	37.516942	139.933061	5	0.087	-0.005	9.444	2.497
1427787921220	37.516944	139.933062	5	0.139	0.071	9.292	2.472
1427787921321	37.516946	139.933062	5	0.145	0.138	9.357	2.447
1427787921422	37.516948	139.933063	5	0.119	0.109	9.463	2.421
1427787921522	37.516950	139.933063	5	0.047	0.084	9.508	2.396
1427787921623	37.516952	139.933064	5	0.012	0.082	9.433	2.372
1427787921724	37.516953	139.933064	5	-0.021	0.087	9.419	2.347
1427787921824	37.516955	139.933065	5	-0.016	0.128	9.493	2.323
1427787921920	37.516957	139.933065	4	0.037	0.127	9.423	2.300
1427787922021	37.516959	139.933065	4	0.081	0.133	9.456	2.300
1427787922121	37.516961	139.933065	4	0.100	0.128	9.450	2.300
1427787922222	37.516962	139.933066	4	0.065	0.134	9.430	2.300
1427787922323	37.516964	139.933066	4	0.035	0.130	9.485	2.300
1427787922424	37.516966	139.933066	4	0.007	0.128	9.504	2.300
1427787922524	37.516968	139.933066	4	0.005	0.146	9.452	2.300
1427787922620	37.516970	139.933066	4	0.026	0.175	9.348	2.300
1427787922721	37.516971	139.933067	4	0.016	0.182	9.318	2.300
1427787922821	37.516973	139.933067	4	0.002	0.186	9.389	2.300
1427787922922	37.516975	139.933067	5	0.006	0.155	9.461	2.300
1427787923023	37.516977	139.933067	5	0.014	0.147	9.487	2.300
1427787923124	37.516978	139.933067	5	0.050	0.155	9.415	2.300
1427787923224	37.516980	139.933068	5	0.072	0.149	9.431	2.300
1427787923320	37.516981	139.933068	5	0.043	0.143	9.446	2.300
1427787923421	37.516983	139.933068	5	0.004	0.164	9.446	2.300
1427787923521	37.516985	139.933068	5	-0.040	0.197	9.375	2.300
1427787923622	37.516986	139.933068	5	-0.046	0.210	9.315	2.300
1427787923723	37.516988	139.933069	5	-0.007	0.186	9.357	2.300
1427787923823	37.516989	139.933069	5	0.064	0.155	9.534	2.300
1427787923924	37.516991	139.933069	5	0.105	0.123	9.630	2.299
1427787924020	37.516993	139.933069	5	0.103	0.128	9.488	2.275
1427787924121	37.516994	139.933070	5	0.022	0.170	9.306	2.250
1427787924221	37.516996	139.933070	5	-0.063	0.205	9.319	2.225
1427787924322	37.516998	139.933070	5	-0.062	0.187	9.475	2.200
1427787924423	37.516999	139.933071	5	-0.001	0.155	9.458	2.176
1427787924523	37.517001	139.933071	5	0.028	0.072	9.443	2.152
1427787924624	37.517002	139.933071	5	0.033	0.014	9.404	2.128
1427787924720	37.517004	139.933071	5	-0.001	-0.040	9.354	2.106
1427787924821	37.517005	139.933072	5	-0.024	-0.045	9.450	2.083
1427787924921	37.517007	139.933072	6	-0.001	-0.057	9.523	2.060
1427787925022	37.517009	139.933072	6	0.024	-0.068	9.438	2.060
1427787925123	37.517010	139.933072	6	0.025	-0.082	9.363	2.060
1427787925223	37.517012	139.933072	6	-0.011	-0.052	9.411	2.060
1427787925324	37.517013	139.933072	6	-0.059	-0.039	9.449	2.060
1427787925420	37.517015	139.933073	6	-0.073	0.027	9.490	2.060
1427787925520	37.517016	139.933073	6	-0.032	-0.054	9.451	2.060
1427787925621	37.517018	139.933073	6	-0.009	-0.133	9.550	2.060
1427787925722	37.517019	139.933073	6	-0.021	-0.192	9.438	2.060
1427787925822	37.517021	139.933073	6	-0.043	-0.248	9.257	2.060
1427787925923	37.517022	139.933073	6	-0.071	-0.343	9.320	2.060
1427787926024	37.517023	139.933073	6	-0.043	-0.408	9.524	2.060
1427787926120	37.517025	139.933073	6	-0.065	-0.466	9.599	2.060
1427787926220	37.517026	139.933073	6	-0.113	-0.492	9.540	2.060
1427787926321	37.517027	139.933073	6	-0.163	-0.510	9.423	2.060
1427787926422	37.517029	139.933074	6	-0.145	-0.546	9.389	2.060
1427787926522	37.517030	139.933074	6	-0.037	-0.571	9.467	2.060
1427787926623	37.517031	139.933074	6	0.045	-0.620	9.516	2.060
1427787926724	37.517032	139.933074	6	0.071	-0.641	9.504	2.060
1427787926820	37.517034	139.933074	6	0.038	-0.643	9.449	2.060
1427787926920	37.517035	139.933074	6	-0.018	-0.614	9.430	2.060
1427787927021	37.517035	139.933074	6	-0.032	-0.541	9.439	1.902
1427787927122	37.517036	139.933074	6	-0.008	-0.404	9.450	1.752
1427787927222	37.517036	139.933074	6	0.053	-0.256	9.490	1.614
1427787927323	37.517036	139.933074	6	0.079	-0.171	9.434	1.483
1427787927424	37.517036	139.933073	6	0.084	-0.127	9.380	1.362
1427787927524	37.517036	139.933073	6	0.076	-0.111	9.445	1.251
1427787927620	37.517037	139.933073	6	0.080	-0.118	9.538	1.153
1427787927721	37.517037	139.933073	6	0.088	-0.110	9.545	1.058
1427787927822	37.517037	139.933073	6	0.089	-0.109	9.481	0.973
1427787927922	37.517037	139.933073	6	0.083	-0.108	9.437	0.899
1427787928024	37.517037	139.933073	6	0.023	-0.121	9.418	0.857
1427787928124	37.517037	139.933073	6	-0.009	-0.103	9.512	0.818
1427787928224	37.517037	139.933072	6	-0.028	-0.096	9.516	0.780
1427787928320	37.517037	139.933072	6	-0.004	-0.069	9.455	0.745
1427787928421	37.517037	139.933072	6	0.023	-0.062	9.425	0.710
1427787928521	37.517037	139.933072	6	0.026	-0.087	9.473	0.677
1427787928622	37.517037	139.933072	6	0.016	-0.100	9.512	0.645
1427787928723	37.517037	139.933071	6	-0.024	-0.113	9.470	0.614
1427787928824	37.517037	139.933071	6	-0.050	-0.122	9.426	0.586
1427787928924	37.517037	139.933071	7	-0.110	-0.277	9.300	0.560
1427787929020	37.517036	139.933070	7	-0.117	-0.447	9.334	0.554
1427787929121	37.517036	139.933069	7	-0.007	-0.272	9.637	0.547
1427787929221	37.517035	139.933068	7	0.122	0.103	9.693	0.541
1427787929322	37.517034	139.933067	7	0.117	0.261	9.318	0.535
1427787929423	37.517033	139.933066	7	0.081	0.341	9.039	0.529
1427787929524	37.517033	139.933065	7	0.107	0.405	9.185	0.523
1427787929624	37.517032	139.933064	7	0.144	0.300	9.479	0.517
1427787929720	37.517031	139.933063	7	0.164	0.163	9.624	0.511
1427787929821	37.517031	139.933062	7	0.120	0.148	9.624	0.506
1427787929921	37.517030	139.933061	7	0.058	0.279	9.523	0.500
1427787930022	37.517030	139.933060	7	0.015	0.349	9.376	0.500
1427787930123	37.517029	139.933060	7	0.032	0.346	9.336	0.500
1427787930223	37.517029	139.933059	7	0.060	0.269	9.419	0.500
1427787930324	37.517029	139.933058	7	0.061	0.186	9.507	0.500
1427787930420	37.517029	139.933057	7	0.030	0.166	9.451	0.500
1427787930520	37.517028	139.933057	7	0.034	0.232	9.390	0.500
1427787930621	37.517028	139.933056	7	0.058	0.265	9.306	0.500
1427787930722	37.517028	139.933055	7	0.111	0.265	9.310	0.500
1427787930823	37.517027	139.933055	7	0.132	0.227	9.382	0.500
1427787930923	37.517027	139.933054	5	0.121	0.206	9.459	0.500
1427787931025	37.517027	139.933054	5	0.116	0.255	9.479	0.500
1427787931120	37.517027	139.933053	5	0.115	0.275	9.448	0.500
1427787931220	37.517027	139.933053	5	0.147	0.297	9.451	0.500
1427787931321	37.517027	139.933052	5	0.134	0.262	9.488	0.500
1427787931422	37.517027	139.933052	5	0.114	0.253	9.534	0.500
1427787931523	37.517026	139.933052	5	0.074	0.251	9.509	0.500
1427787931623	37.517026	139.933051	5	0.080	0.303	9.465	0.500
1427787931724	37.517026	139.933051	5	0.096	0.324	9.420	0.500
1427787931820	37.517026	139.933050	5	0.085	0.307	9.443	0.500
1427787931920	37.517026	139.933050	5	0.049	0.261	9.463	0.500
1427787932021	37.517026	139.933050	5	0.018	0.232	9.475	0.500
1427787932122	37.517026	139.933049	5	0.026	0.254	9.465	0.500
1427787932223	37.517026	139.933048	5	0.035	0.248	9.420	0.500
1427787932323	37.517026	139.933048	5	0.053	0.239	9.388	0.500
1427787932424	37.517026	139.933047	5	0.047	0.212	9.392	0.500
1427787932520	37.517026	139.933047	5	0.059	0.211	9.382	0.500
1427787932620	37.517026	139.933046	5	0.080	0.217	9.368	0.500
1427787932721	37.517026	139.933046	5	0.120	0.251	9.367	0.500
1427787932822	37.517026	139.933045	5	0.147	0.254	9.405	0.500
1427787932922	37.517026	139.933045	5	0.141	0.257	9.480	0.500
1427787933023	37.517026	139.933045	5	0.113	0.258	9.494	0.500
1427787933124	37.517026	139.933044	5	0.094	0.267	9.490	0.500
1427787933225	37.517026	139.933044	5	0.095	0.305	9.472	0.500
1427787933320	37.517026	139.933043	5	0.082	0.296	9.457	0.500
1427787933421	37.517026	139.933043	5	0.065	0.260	9.450	0.500
1427787933522	37.517025	139.933043	5	0.043	0.225	9.446	0.500
1427787933622	37.517025	139.933042	5	0.035	0.222	9.425	0.500
1427787933723	37.517025	139.933042	5	0.052	0.216	9.356	0.500
1427787933824	37.517025	139.933041	5	0.094	0.242	9.349	0.500
1427787933924	37.517025	139.933041	5	0.111	0.246	9.367	0.500
1427787934020	37.517025	139.933041	5	0.118	0.246	9.402	0.500
1427787934121	37.517025	139.933040	5	0.123	0.243	9.433	0.500
1427787934222	37.517025	139.933039	5	0.137	0.274	9.462	0.500
1427787934322	37.517025	139.933039	5	0.141	0.282	9.465	0.500
1427787934423	37.517025	139.933038	5	0.117	0.277	9.476	0.500
1427787934524	37.517025	139.933038	5	0.092	0.295	9.476	0.500
1427787934624	37.517025	139.933037	5	0.053	0.285	9.465	0.500
1427787934720	37.517025	139.933037	5	0.051	0.271	9.454	0.500
1427787934821	37.517025	139.933036	5	0.052	0.245	9.428	0.500
1427787934921	37.517025	139.933036	5	0.079	0.239	9.376	0.500
1427787935022	37.517025	139.933036	5	0.090	0.220	9.373	0.500
1427787935123	37.517025	139.933035	5	0.106	0.232	9.377	0.500
1427787935224	37.517025	139.933035	5	0.117	0.239	9.389	0.500
1427787935324	37.517025	139.933035	5	0.130	0.260	9.444	0.500
1427787935420	37.517025	139.933034	5	0.129	0.252	9.442	0.500
1427787935521	37.517025	139.933034	5	0.130	0.269	9.482	0.500
1427787935621	37.517025	139.933034	5	0.105	0.266	9.474	0.500
1427787935722	37.517025	139.933034	5	0.085	0.277	9.477	0.500
1427787935823	37.517025	139.933033	5	0.072	0.286	9.459	0.500
1427787935924	37.517025	139.933033	5	0.050	0.248	9.441	0.500
1427787936024	37.517025	139.933033	5	0.044	0.224	9.410	0.500
1427787936120	37.517025	139.933033	5	0.064	0.212	9.381	0.500
1427787936221	37.517025	139.933032	5	0.092	0.221	9.363	0.500
1427787936321	37.517025	139.933032	5	0.111	0.219	9.351	0.500
1427787936422	37.517024	139.933032	5	0.130	0.244	9.394	0.500
1427787936523	37.517024	139.933032	5	0.123	0.242	9.440	0.500
1427787936623	37.517024	139.933032	5	0.114	0.260	9.477	0.500
1427787936724	37.517024	139.933031	5	0.095	0.255	9.466	0.500
1427787936820	37.517024	139.933031	5	0.101	0.283	9.467	0.500
1427787936921	37.517024	139.933031	5	0.078	0.269	9.446	0.500
1427787937021	37.517024	139.933031	5	0.057	0.251	9.440	0.500
1427787937122	37.517024	139.933031	5	0.040	0.224	9.414	0.500
1427787937223	37.517024	139.933031	5	0.054	0.214	9.376	0.500
1427787937323	37.517024	139.933031	5	0.082	0.211	9.344	0.500
1427787937424	37.517024	139.933031	5	0.111	0.225	9.362	0.500
1427787937520	37.517024	139.933030	5	0.128	0.235	9.396	0.500
1427787937620	37.517024	139.933030	5	0.122	0.242	9.446	0.500
1427787937721	37.517024	139.933030	5	0.110	0.256	9.461	0.500
1427787937822	37.517024	139.933030	5	0.092	0.262	9.463	0.500
1427787937923	37.517024	139.933030	4	0.086	0.278	9.456	0.500
1427787938023	37.517024	139.933030	4	0.061	0.239	9.442	0.500
1427787938124	37.517024	139.933030	4	0.076	0.228	9.392	0.500
1427787938220	37.517024	139.933030	4	0.086	0.217	9.380	0.500
1427787938320	37.517024	139.933030	4	0.113	0.237	9.378	0.500
1427787938421	37.517024	139.933030	4	0.120	0.239	9.410	0.500
1427787938522	37.517024	139.933030	4	0.120	0.255	9.441	0.500
1427787938623	37.517024	139.933030	4	0.106	0.254	9.455	0.500
1427787938723	37.517024	139.933030	4	0.107	0.273	9.469	0.500
1427787938824	37.517024	139.933030	4	0.083	0.250	9.452	0.500
1427787938920	37.517024	139.933030	4	0.060	0.238	9.422	0.500
1427787939020	37.517024	139.933030	4	0.059	0.217	9.389	0.500
1427787939121	37.517024	139.933030	4	0.089	0.228	9.375	0.500
1427787939222	37.517024	139.933030	4	0.115	0.228	9.382	0.500
1427787939322	37.517024	139.933030	4	0.131	0.245	9.416	0.500
1427787939423	37.517024	139.933030	4	0.131	0.251	9.433	0.500
1427787939524	37.517025	139.933029	4	0.121	0.261	9.458	0.500
1427787939625	37.517025	139.933029	4	0.096	0.273	9.463	0.500
1427787939720	37.517025	139.933029	4	0.081	0.273	9.466	0.500
1427787939821	37.517025	139.933029	4	0.063	0.243	9.437	0.500
1427787939922	37.517025	139.933029	4	0.053	0.223	9.404	0.500
1427787940022	37.517025	139.933029	4	0.075	0.218	9.358	0.500
1427787940123	37.517025	139.933029	4	0.100	0.223	9.378	0.500
1427787940224	37.517025	139.933029	4	0.116	0.245	9.418	0.500
1427787940324	37.517025	139.933029	4	0.113	0.248	9.441	0.500
1427787940420	37.517025	139.933029	4	0.112	0.268	9.457	0.500
1427787940521	37.517025	139.933028	4	0.096	0.271	9.460	0.500
1427787940622	37.517025	139.933028	4	0.079	0.257	9.439	0.500
1427787940722	37.517025	139.933028	4	0.063	0.221	9.419	0.500
1427787940823	37.517025	139.933028	4	0.091	0.227	9.387	0.500
1427787940924	37.517025	139.933028	4	0.108	0.235	9.414	0.500
1427787941024	37.517025	139.933028	4	0.114	0.257	9.443	0.500
1427787941120	37.517025	139.933028	4	0.112	0.259	9.454	0.500
1427787941221	37.517025	139.933028	4	0.106	0.280	9.462	0.500
1427787941321	37.517025	139.933028	4	0.074	0.250	9.458	0.500
1427787941422	37.517025	139.933028	4	0.067	0.253	9.440	0.500
1427787941523	37.517025	139.933028	4	0.058	0.218	9.382	0.500
1427787941624	37.517025	139.933028	4	0.091	0.229	9.376	0.500
1427787941724	37.517025	139.933028	4	0.105	0.228	9.382	0.500
1427787941820	37.517025	139.933028	4	0.124	0.254	9.418	0.500
1427787941921	37.517025	139.933028	4	0.110	0.253	9.437	0.500
1427787942021	37.517025	139.933028	4	0.100	0.281	9.461	0.500
1427787942122	37.517025	139.933028	4	0.065	0.250	9.448	0.500
1427787942223	37.517025	139.933028	4	0.060	0.248	9.441	0.500
1427787942323	37.517025	139.933028	4	0.060	0.218	9.379	0.500
1427787942424	37.517025	139.933028	4	0.104	0.235	9.379	0.500
1427787942520	37.517025	139.933028	4	0.111	0.227	9.372	0.500
1427787942621	37.517025	139.933028	4	0.125	0.257	9.429	0.500
1427787942721	37.517025	139.933028	4	0.103	0.257	9.443	0.500
1427787942822	37.517025	139.933028	4	0.091	0.275	9.457	0.500
1427787942923	37.517025	139.933028	4	0.069	0.261	9.430	0.500
1427787943023	37.517025	139.933028	4	0.063	0.239	9.411	0.500
1427787943124	37.517025	139.933028	4	0.085	0.220	9.368	0.500
1427787943220	37.517025	139.933028	4	0.105	0.233	9.389	0.500
1427787943320	37.517025	139.933028	4	0.110	0.241	9.415	0.500
1427787943421	37.517026	139.933028	4	0.110	0.264	9.449	0.500
1427787943522	37.517026	139.933028	4	0.096	0.266	9.453	0.500
1427787943623	37.517026	139.933028	4	0.088	0.272	9.464	0.500
1427787943723	37.517026	139.933028	4	0.070	0.244	9.424	0.500
1427787943824	37.517026	139.933028	4	0.068	0.224	9.395	0.500
1427787943920	37.517026	139.933028	4	0.089	0.224	9.387	0.500
1427787944020	37.517026	139.933028	4	0.112	0.252	9.436	0.500
1427787944121	37.517026	139.933028	4	0.098	0.252	9.442	0.500
1427787944222	37.517026	139.933028	4	0.102	0.282	9.463	0.500
1427787944323	37.517026	139.933028	4	0.070	0.250	9.430	0.500
1427787944423	37.517026	139.933028	4	0.082	0.240	9.404	0.500
1427787944524	37.517026	139.933028	4	0.089	0.224	9.368	0.500
1427787944620	37.517026	139.933028	4	0.108	0.252	9.417	0.500
1427787944720	37.517026	139.933028	4	0.104	0.255	9.434	0.500
1427787944821	37.517026	139.933028	4	0.105	0.270	9.453	0.500
1427787944922	37.517026	139.933028	4	0.083	0.262	9.444	0.500
1427787945022	37.517026	139.933028	4	0.067	0.245	9.427	0.500
1427787945123	37.517026	139.933028	4	0.074	0.228	9.383	0.500
1427787945224	37.517026	139.933028	4	0.102	0.238	9.386	0.500
1427787945320	37.517026	139.933028	4	0.106	0.240	9.412	0.500
1427787945420	37.517026	139.933028	4	0.113	0.276	9.447	0.500
1427787945521	37.517026	139.933028	4	0.091	0.269	9.444	0.500
1427787945622	37.517026	139.933028	4	0.072	0.259	9.443	0.500
1427787945722	37.517026	139.933028	4	0.056	0.232	9.415	0.500
1427787945823	37.517026	139.933028	4	0.086	0.231	9.390	0.500
1427787945924	37.517026	139.933028	4	0.107	0.234	9.405	0.500
1427787946020	37.517026	139.933028	4	0.125	0.253	9.437	0.500
1427787946120	37.517026	139.933028	4	0.110	0.252	9.440	0.500
1427787946221	37.517026	139.933028	4	0.098	0.283	9.466	0.500
1427787946322	37.517026	139.933028	4	0.064	0.255	9.436	0.500
1427787946422	37.517026	139.933028	4	0.058	0.228	9.407	0.500
1427787946523	37.517026	139.933028	4	0.077	0.215	9.364	0.500
1427787946624	37.517026	139.933028	4	0.101	0.238	9.398	0.500
1427787946724	37.517026	139.933028	4	0.108	0.247	9.422	0.500
1427787946820	37.517026	139.933028	4	0.107	0.269	9.452	0.500
1427787946921	37.517026	139.933028	4	0.085	0.281	9.447	0.500
1427787947022	37.517026	139.933028	4	0.065	0.266	9.444	0.500
1427787947122	37.517026	139.933028	4	0.068	0.230	9.390	0.500
1427787947223	37.517026	139.933028	4	0.098	0.232	9.387	0.500
1427787947324	37.517026	139.933028	4	0.111	0.238	9.397	0.500
1427787947424	37.517026	139.933028	4	0.110	0.255	9.435	0.500
1427787947520	37.517026	139.933028	4	0.083	0.266	9.439	0.500
1427787947621	37.517026	139.933028	4	0.068	0.258	9.443	0.500
1427787947721	37.517026	139.933028	4	0.060	0.221	9.410	0.500
1427787947822	37.517026	139.933028	4	0.101	0.223	9.389	0.500
1427787947923	37.517026	139.933028	4	0.108	0.230	9.413	0.500
1427787948024	37.517026	139.933028	4	0.103	0.255	9.445	0.500
1427787948124	37.517026	139.933028	4	0.083	0.268	9.445	0.500
1427787948220	37.517026	139.933028	4	0.067	0.262	9.441	0.500
1427787948321	37.517026	139.933028	4	0.073	0.230	9.401	0.500
1427787948421	37.517026	139.933028	4	0.104	0.240	9.391	0.500
1427787948522	37.517026	139.933028	4	0.107	0.239	9.416	0.500
1427787948623	37.517026	139.933028	4	0.108	0.272	9.450	0.500
1427787948724	37.517026	139.933028	4	0.079	0.265	9.441	0.500
1427787948824	37.517026	139.933028	4	0.071	0.271	9.440	0.500
1427787948920	37.517026	139.933028	4	0.075	0.236	9.397	0.500
1427787949021	37.517026	139.933028	4	0.111	0.244	9.399	0.500
1427787949121	37.517026	139.933028	4	0.103	0.234	9.404	0.500
1427787949222	37.517026	139.933028	4	0.099	0.266	9.434	0.500
1427787949323	37.517026	139.933028	4	0.074	0.268	9.435	0.500
1427787949423	37.517027	139.933028	4	0.062	0.249	9.434	0.500
1427787949524	37.517027	139.933028	4	0.074	0.219	9.392	0.500
1427787949620	37.517027	139.933028	4	0.104	0.234	9.380	0.500
1427787949720	37.517027	139.933028	4	0.110	0.238	9.409	0.500
1427787949821	37.517027	139.933028	4	0.106	0.262	9.436	0.500
1427787949922	37.517027	139.933028	4	0.081	0.259	9.447	0.500
1427787950023	37.517027	139.933028	4	0.077	0.271	9.447	0.500
1427787950123	37.517027	139.933028	4	0.068	0.228	9.405	0.500
1427787950224	37.517027	139.933028	4	0.108	0.237	9.388	0.500
1427787950320	37.517027	139.933028	4	0.112	0.233	9.392	0.500
1427787950420	37.517027	139.933028	4	0.112	0.263	9.425	0.500
1427787950521	37.517027	139.933028	4	0.090	0.274	9.444	0.500
1427787950622	37.517027	139.933028	4	0.076	0.271	9.445	0.500
1427787950722	37.517027	139.933028	4	0.072	0.245	9.425	0.500
1427787950823	37.517027	139.933028	4	0.101	0.243	9.403	0.500
1427787950924	37.517027	139.933028	4	0.106	0.245	9.427	0.500
1427787951020	37.517027	139.933028	4	0.097	0.265	9.432	0.500
1427787951120	37.517027	139.933028	4	0.080	0.274	9.452	0.500
1427787951221	37.517027	139.933028	4	0.059	0.255	9.428	0.500
1427787951322	37.517027	139.933028	4	0.083	0.233	9.393	0.500
1427787951422	37.517027	139.933028	4	0.107	0.234	9.386	0.500
1427787951523	37.517027	139.933028	4	0.116	0.241	9.424	0.500
1427787951624	37.517027	139.933028	4	0.110	0.261	9.440	0.500
1427787951720	37.517027	139.933028	4	0.092	0.275	9.457	0.500
1427787951820	37.517027	139.933028	4	0.072	0.259	9.447	0.500
1427787951921	37.517027	139.933028	4	0.072	0.242	9.437	0.500
1427787952022	37.517027	139.933028	4	0.086	0.231	9.385	0.500
1427787952122	37.517027	139.933028	4	0.103	0.227	9.395	0.500
1427787952223	37.517027	139.933028	4	0.101	0.249	9.411	0.500
1427787952324	37.517027	139.933028	4	0.095	0.267	9.440	0.500
1427787952424	37.517027	139.933028	4	0.089	0.277	9.456	0.500
1427787952520	37.517027	139.933028	4	0.072	0.247	9.450	0.500
1427787952621	37.517027	139.933028	4	0.083	0.238	9.412	0.500
1427787952722	37.517027	139.933028	4	0.098	0.238	9.414	0.500
1427787952822	37.517027	139.933028	4	0.096	0.246	9.422	0.500
1427787952923	37.517027	139.933028	4	0.090	0.262	9.444	0.500
1427787953024	37.517027	139.933028	4	0.082	0.265	9.440	0.500
1427787953124	37.517027	139.933028	4	0.068	0.241	9.436	0.500
1427787953220	37.517027	139.933028	4	0.072	0.226	9.395	0.500
1427787953321	37.517027	139.933028	4	0.093	0.231	9.395	0.500
1427787953421	37.517027	139.933028	4	0.094	0.235	9.392	0.500
1427787953522	37.517027	139.933028	4	0.100	0.267	9.437	0.500
1427787953623	37.517027	139.933028	4	0.087	0.268	9.440	0.500
1427787953724	37.517027	139.933028	4	0.073	0.245	9.436	0.500
1427787953824	37.517027	139.933028	4	0.085	0.234	9.402	0.500
1427787953920	37.517027	139.933028	4	0.108	0.240	9.410	0.500
1427787954021	37.517027	139.933028	4	0.101	0.243	9.429	0.500
1427787954121	37.517027	139.933028	4	0.096	0.268	9.458	0.500
1427787954222	37.517027	139.933028	4	0.078	0.268	9.438	0.500
1427787954323	37.517027	139.933028	4	0.069	0.251	9.434	0.500
1427787954423	37.517027	139.933028	4	0.083	0.222	9.388	0.500
1427787954524	37.517027	139.933028	4	0.105	0.228	9.398	0.500
1427787954620	37.517027	139.933028	4	0.107	0.243	9.415	0.500
1427787954721	37.517027	139.933028	4	0.105	0.272	9.453	0.500
1427787954821	37.517027	139.933028	4	0.080	0.266	9.443	0.500
1427787954922	37.517027	139.933028	4	0.085	0.266	9.434	0.500
1427787955023	37.517027	139.933028	4	0.081	0.229	9.400	0.500
1427787955123	37.517027	139.933028	4	0.105	0.239	9.407	0.500
1427787955224	37.517027	139.933028	4	0.094	0.244	9.413	0.500
1427787955320	37.517027	139.933028	4	0.092	0.277	9.436	0.500
1427787955421	37.517027	139.933028	4	0.073	0.268	9.470	0.500
1427787955521	37.517027	139.933028	4	0.073	0.251	9.427	0.500
1427787955622	37.517027	139.933028	4	0.089	0.233	9.420	0.500
1427787955723	37.517027	139.933028	4	0.102	0.256	9.435	0.500
1427787955823	37.517027	139.933028	4	0.091	0.258	9.441	0.500
1427787955924	37.517027	139.933028	4	0.078	0.268	9.438	0.500
1427787956020	37.517027	139.933028	4	0.087	0.241	9.407	0.500
1427787956121	37.517027	139.933028	4	0.100	0.235	9.412	0.500
1427787956221	37.517027	139.933028	4	0.099	0.241	9.435	0.500
1427787956322	37.517027	139.933028	4	0.087	0.266	9.440	0.500
1427787956423	37.517027	139.933028	4	0.078	0.270	9.452	0.500
1427787956523	37.517027	139.933028	4	0.068	0.244	9.416	0.500
1427787956624	37.517027	139.933028	4	0.092	0.228	9.385	0.500
1427787956720	37.517027	139.933028	4	0.106	0.232	9.399	0.500
1427787956820	37.517027	139.933028	4	0.111	0.261	9.437	0.500
1427787956921	37.517027	139.933028	4	0.082	0.266	9.441	0.500
1427787957022	37.517027	139.933028	4	0.065	0.266	9.448	0.500
1427787957123	37.517027	139.933028	4	0.074	0.237	9.399	0.500
1427787957223	37.517027	139.933028	4	0.110	0.243	9.415	0.500
1427787957324	37.517027	139.933028	4	0.107	0.238	9.427	0.500
1427787957420	37.517027	139.933028	4	0.099	0.269	9.451	0.500
1427787957520	37.517027	139.933028	4	0.066	0.259	9.433	0.500
1427787957621	37.517027	139.933028	4	0.067	0.250	9.400	0.500
1427787957722	37.517027	139.933028	4	0.098	0.238	9.404	0.500
1427787957823	37.517027	139.933028	4	0.118	0.259	9.446	0.500
1427787957923	37.517027	139.933028	4	0.100	0.260	9.451	0.500
1427787958024	37.517027	139.933028	4	0.084	0.271	9.451	0.500
1427787958120	37.517027	139.933028	4	0.060	0.241	9.414	0.500
1427787958220	37.517027	139.933028	4	0.092	0.236	9.391	0.500
1427787958321	37.517027	139.933028	4	0.101	0.247	9.416	0.500
1427787958422	37.517027	139.933028	4	0.100	0.272	9.430	0.500
1427787958522	37.517027	139.933028	4	0.080	0.260	9.439	0.500
1427787958623	37.517027	139.933028	4	0.079	0.243	9.392	0.500
1427787958724	37.517027	139.933028	4	0.095	0.242	9.411	0.500
1427787958824	37.517027	139.933028	4	0.100	0.262	9.437	0.500
1427787958920	37.517027	139.933028	5	0.100	0.267	9.450	0.500
1427787959021	37.517027	139.933028	5	0.071	0.237	9.417	0.500
1427787959122	37.517027	139.933028	5	0.090	0.241	9.417	0.500
1427787959222	37.517027	139.933028	5	0.093	0.246	9.424	0.500
1427787959323	37.517027	139.933028	5	0.097	0.272	9.449	0.500
1427787959424	37.517027	139.933028	5	0.070	0.241	9.427	0.500
1427787959524	37.517027	139.933028	5	0.095	0.248	9.414	0.500
1427787959620	37.517027	139.933028	5	0.107	0.244	9.425	0.500
1427787959721	37.517027	139.933028	5	0.104	0.272	9.436	0.500
1427787959822	37.517027	139.933028	5	0.077	0.280	9.446	0.500
1427787959922	37.517027	139.933028	5	0.065	0.248	9.412	0.500
1427787960023	37.517027	139.933028	5	0.084	0.232	9.403	0.500
1427787960124	37.517027	139.933028	5	0.113	0.244	9.420	0.500
1427787960224	37.517027	139.933028	5	0.105	0.256	9.445	0.500
1427787960320	37.517027	139.933028	5	0.072	0.247	9.423	0.500
1427787960421	37.517027	139.933028	5	0.077	0.248	9.415	0.500
1427787960521	37.517027	139.933028	5	0.083	0.246	9.431	0.500
1427787960622	37.517027	139.933028	5	0.096	0.276	9.437	0.500
1427787960723	37.517027	139.933028	5	0.091	0.249	9.413	0.500
1427787960824	37.517027	139.933028	5	0.099	0.255	9.421	0.500
1427787960924	37.517027	139.933028	5	0.088	0.260	9.433	0.500
1427787961020	37.517027	139.933028	5	0.068	0.261	9.432	0.500
1427787961121	37.517027	139.933028	5	0.078	0.250	9.412	0.500
1427787961221	37.517027	139.933028	5	0.095	0.236	9.405	0.500
1427787961322	37.517027	139.933028	5	0.112	0.246	9.442	0.500
1427787961423	37.517027	139.933028	5	0.088	0.254	9.439	0.500
1427787961523	37.517027	139.933028	5	0.075	0.264	9.447	0.500
1427787961624	37.517027	139.933028	5	0.064	0.231	9.406	0.500
1427787961720	37.517027	139.933028	5	0.104	0.239	9.391	0.500
1427787961821	37.517027	139.933028	5	0.104	0.239	9.396	0.500
1427787961921	37.517027	139.933028	6	0.101	0.268	9.433	0.500
1427787962022	37.517027	139.933028	6	0.079	0.264	9.437	0.500
1427787962123	37.517027	139.933028	6	0.071	0.254	9.416	0.500
1427787962223	37.517027	139.933028	6	0.092	0.240	9.411	0.500
1427787962324	37.517027	139.933028	6	0.105	0.258	9.414	0.500
1427787962420	37.517027	139.933029	6	0.093	0.262	9.434	0.500
1427787962521	37.517027	139.933029	6	0.068	0.258	9.418	0.500
1427787962621	37.517027	139.933029	6	0.081	0.245	9.392	0.500
1427787962722	37.517027	139.933029	6	0.086	0.243	9.395	0.500
1427787962823	37.517027	139.933029	6	0.100	0.266	9.424	0.500
1427787962923	37.517027	139.933029	6	0.083	0.263	9.429	0.500
1427787963024	37.517027	139.933029	6	0.078	0.239	9.408	0.500
1427787963120	37.517027	139.933029	6	0.077	0.228	9.385	0.500
1427787963220	37.517027	139.933029	6	0.091	0.253	9.430	0.500
1427787963321	37.517027	139.933029	6	0.087	0.255	9.441	0.500
1427787963422	37.517027	139.933029	6	0.083	0.250	9.424	0.500
1427787963523	37.517026	139.933029	6	0.093	0.232	9.416	0.500
1427787963623	37.517026	139.933029	6	0.102	0.251	9.419	0.500
1427787963724	37.517026	139.933029	6	0.086	0.258	9.435	0.500
1427787963820	37.517026	139.933029	6	0.072	0.267	9.433	0.500
1427787963920	37.517026	139.933029	6	0.081	0.245	9.408	0.500
1427787964021	37.517026	139.933029	6	0.100	0.239	9.370	0.500
1427787964122	37.517026	139.933029	6	0.111	0.253	9.413	0.500
1427787964222	37.517026	139.933029	6	0.096	0.272	9.428	0.500
1427787964323	37.517026	139.933029	6	0.077	0.259	9.431	0.500
1427787964424	37.517026	139.933029	6	0.069	0.232	9.390	0.500
1427787964520	37.517026	139.933029	6	0.098	0.252	9.423	0.500
1427787964620	37.517026	139.933029	6	0.089	0.248	9.441	0.500
1427787964721	37.517026	139.933029	6	0.082	0.259	9.434	0.500
1427787964822	37.517026	139.933029	6	0.074	0.236	9.411	0.500
1427787964922	37.517026	139.933029	5	0.094	0.253	9.437	0.500
1427787965023	37.517026	139.933029	5	0.092	0.253	9.447	0.500
1427787965124	37.517026	139.933029	5	0.088	0.265	9.436	0.500
1427787965225	37.517026	139.933029	5	0.080	0.240	9.420	0.500
1427787965320	37.517026	139.933029	5	0.088	0.240	9.412	0.500
1427787965421	37.517026	139.933029	5	0.093	0.261	9.443	0.500
1427787965522	37.517026	139.933029	5	0.072	0.245	9.430	0.500
1427787965622	37.517026	139.933029	5	0.072	0.235	9.414	0.500
1427787965723	37.517026	139.933029	5	0.089	0.230	9.399	0.500
1427787965824	37.517026	139.933029	5	0.101	0.255	9.422	0.500
1427787965924	37.517026	139.933029	5	0.079	0.258	9.433	0.500
1427787966020	37.517026	139.933029	5	0.057	0.248	9.410	0.500
1427787966121	37.517026	139.933029	5	0.091	0.244	9.423	0.500
1427787966221	37.517026	139.933029	5	0.100	0.251	9.420	0.500
1427787966322	37.517026	139.933029	5	0.098	0.265	9.438	0.500
1427787966423	37.517026	139.933029	5	0.064	0.244	9.422	0.500
1427787966524	37.517026	139.933029	5	0.080	0.239	9.414	0.500
1427787966624	37.517026	139.933029	5	0.087	0.238	9.417	0.500
1427787966720	37.517026	139.933029	5	0.098	0.261	9.440	0.500
1427787966821	37.517026	139.933029	5	0.072	0.252	9.439	0.500
1427787966921	37.517026	139.933029	4	0.073	0.247	9.403	0.500
1427787967022	37.517026	139.933029	4	0.080	0.225	9.382	0.500
1427787967123	37.517026	139.933029	4	0.112	0.254	9.430	0.500
1427787967223	37.517026	139.933029	4	0.102	0.259	9.437	0.500
1427787967324	37.517026	139.933029	4	0.083	0.255	9.435	0.500
1427787967420	37.517026	139.933029	4	0.083	0.244	9.413	0.500
1427787967521	37.517026	139.933029	4	0.097	0.240	9.410	0.500
1427787967621	37.517026	139.933029	4	0.103	0.258	9.437	0.500
1427787967722	37.517026	139.933029	4	0.080	0.255	9.432	0.500
1427787967823	37.517026	139.933029	4	0.074	0.247	9.411	0.500
1427787967923	37.517026	139.933029	4	0.081	0.236	9.378	0.500
1427787968024	37.517026	139.933029	4	0.095	0.251	9.425	0.500
1427787968120	37.517026	139.933029	4	0.084	0.261	9.430	0.500
1427787968221	37.517026	139.933029	4	0.070	0.258	9.428	0.500
1427787968321	37.517026	139.933029	4	0.066	0.233	9.378	0.500
1427787968422	37.517026	139.933029	4	0.097	0.249	9.415	0.500
1427787968523	37.517026	139.933029	4	0.096	0.253	9.427	0.500
1427787968624	37.517026	139.933029	4	0.091	0.267	9.435	0.500
1427787968724	37.517026	139.933029	4	0.075	0.248	9.403	0.500
1427787968820	37.517026	139.933029	4	0.094	0.250	9.415	0.500
1427787968920	37.517026	139.933029	4	0.110	0.265	9.448	0.500
1427787969021	37.517026	139.933029	4	0.096	0.252	9.442	0.500
1427787969122	37.517026	139.933029	4	0.071	0.241	9.441	0.500
1427787969223	37.517026	139.933029	4	0.079	0.237	9.401	0.500
1427787969323	37.517026	139.933029	4	0.095	0.255	9.428	0.500
1427787969424	37.517026	139.933029	4	0.084	0.259	9.432	0.500
1427787969520	37.517026	139.933029	4	0.084	0.271	9.454	0.500
1427787969620	37.517026	139.933029	4	0.070	0.240	9.411	0.500
1427787969721	37.517026	139.933029	4	0.090	0.255	9.424	0.500
1427787969822	37.517026	139.933029	4	0.084	0.244	9.429	0.500
1427787969923	37.517026	139.933029	4	0.094	0.274	9.450	0.500
1427787970023	37.517026	139.933029	4	0.067	0.250	9.427	0.500
1427787970124	37.517026	139.933029	4	0.080	0.244	9.405	0.500
1427787970220	37.517026	139.933029	4	0.089	0.244	9.426	0.500
1427787970320	37.517026	139.933029	4	0.093	0.262	9.438	0.500
1427787970421	37.517026	139.933029	4	0.086	0.269	9.443	0.500
1427787970522	37.517026	139.933029	4	0.078	0.263	9.417	0.500
1427787970622	37.517026	139.933029	4	0.100	0.253	9.417	0.500
1427787970723	37.517026	139.933029	4	0.097	0.249	9.431	0.500
1427787970824	37.517026	139.933029	4	0.085	0.268	9.454	0.500
1427787970920	37.517026	139.933029	4	0.060	0.256	9.420	0.500
1427787971020	37.517026	139.933029	4	0.078	0.258	9.410	0.500
1427787971121	37.517026	139.933029	4	0.092	0.247	9.432	0.500
1427787971222	37.517026	139.933029	4	0.105	0.269	9.445	0.500
1427787971322	37.517026	139.933029	4	0.084	0.244	9.421	0.500
1427787971423	37.517026	139.933029	4	0.081	0.166	9.375	0.500
1427787971524	37.517026	139.933029	4	0.063	0.113	9.456	0.500
1427787971620	37.517026	139.933029	4	0.056	0.103	9.517	0.500
1427787971720	37.517026	139.933029	4	0.041	0.108	9.432	0.500
1427787971821	37.517026	139.933029	4	0.047	0.129	9.389	0.500
1427787971922	37.517026	139.933029	4	0.061	0.167	9.410	0.500
1427787972022	37.517026	139.933029	4	0.090	0.222	9.480	0.500
1427787972123	37.517026	139.933029	4	0.098	0.272	9.481	0.500
1427787972224	37.517026	139.933029	4	0.103	0.397	9.486	0.500
1427787972324	37.517026	139.933029	4	0.089	0.518	9.477	0.500
1427787972420	37.517026	139.933029	4	0.079	0.648	9.503	0.500
1427787972521	37.517026	139.933029	4	0.101	0.759	9.449	0.500
1427787972622	37.517026	139.933029	4	0.116	0.802	9.310	0.500
1427787972722	37.517026	139.933029	4	0.169	0.844	9.272	0.500
1427787972823	37.517026	139.933029	4	0.178	0.827	9.359	0.500
1427787972924	37.517026	139.933029	4	0.122	0.684	9.414	0.500
1427787973024	37.517026	139.933029	4	0.058	0.448	9.373	0.500
1427787973120	37.517026	139.933029	4	0.056	0.260	9.441	0.500
1427787973221	37.517026	139.933029	4	0.055	0.152	9.514	0.500
1427787973321	37.517026	139.933029	4	0.070	0.106	9.490	0.500
1427787973422	37.517027	139.933029	4	0.119	0.171	9.476	0.500
1427787973523	37.517027	139.933029	4	0.120	0.274	9.438	0.500
1427787973624	37.517027	139.933029	4	0.073	0.335	9.427	0.500
1427787973724	37.517027	139.933029	4	0.033	0.391	9.458	0.500
1427787973820	37.517027	139.933029	4	0.048	0.430	9.384	0.500
1427787973921	37.517027	139.933029	4	0.110	0.520	9.323	0.500
1427787974021	37.517027	139.933029	4	0.157	0.620	9.343	0.506
1427787974122	37.517027	139.933029	4	0.179	0.691	9.418	0.512
1427787974223	37.517028	139.933030	4	0.153	0.721	9.468	0.517
1427787974324	37.517028	139.933030	4	0.138	0.681	9.395	0.523
1427787974424	37.517028	139.933030	4	0.176	0.721	9.405	0.529
1427787974520	37.517028	139.933030	4	0.184	0.779	9.446	0.535
1427787974621	37.517028	139.933030	4	0.142	0.769	9.445	0.541
1427787974721	37.517029	139.933031	4	0.113	0.673	9.370	0.548
1427787974822	37.517029	139.933031	4	0.091	0.413	9.320	0.554
1427787974923	37.517029	139.933031	4	0.072	0.172	9.348	0.560
1427787975023	37.517030	139.933031	4	0.052	0.031	9.465	0.560
1427787975124	37.517030	139.933031	4	0.054	-0.047	9.529	0.560
1427787975220	37.517030	139.933031	4	0.068	-0.075	9.474	0.560
1427787975321	37.517031	139.933031	4	0.072	-0.067	9.397	0.560
1427787975421	37.517032	139.933031	4	0.062	-0.062	9.375	0.560
1427787975522	37.517032	139.933032	4	0.040	-0.031	9.438	0.560
1427787975623	37.517033	139.933032	4	0.034	0.101	9.539	0.560
1427787975723	37.517033	139.933032	4	0.056	0.270	9.474	0.560
1427787975824	37.517034	139.933032	4	0.171	0.626	9.465	0.560
1427787975920	37.517034	139.933032	4	0.268	1.056	9.553	0.560
1427787976020	37.517035	139.933032	4	0.297	1.322	9.423	0.573
1427787976121	37.517035	139.933032	4	0.308	1.475	9.248	0.587
1427787976222	37.517036	139.933032	4	0.304	1.559	9.192	0.602
1427787976323	37.517037	139.933032	4	0.264	1.637	9.369	0.616
1427787976423	37.517037	139.933032	4	0.238	1.665	9.499	0.631
1427787976524	37.517038	139.933033	4	0.212	1.675	9.466	0.646
1427787976620	37.517039	139.933033	4	0.224	1.724	9.448	0.661
1427787976720	37.517039	139.933033	4	0.274	1.730	9.441	0.677
1427787976821	37.517040	139.933033	4	0.322	1.733	9.554	0.694
1427787976922	37.517041	139.933033	4	0.334	1.761	9.512	0.711
1427787977023	37.517042	139.933033	4	0.302	1.730	9.407	0.788
1427787977123	37.517044	139.933033	4	0.243	1.565	9.341	0.878
1427787977224	37.517046	139.933033	4	0.150	1.263	9.336	0.981
1427787977320	37.517048	139.933033	4	0.118	1.004	9.345	1.092
1427787977420	37.517050	139.933033	4	0.087	0.824	9.478	1.221
1427787977521	37.517052	139.933033	4	0.029	0.723	9.594	1.364
1427787977622	37.517055	139.933034	4	0.007	0.701	9.644	1.520
1427787977722	37.517058	139.933034	4	-0.009	0.709	9.712	1.688
1427787977823	37.517061	139.933034	4	0.041	0.706	9.695	1.871
1427787977924	37.517064	139.933034	4	0.152	0.718	9.479	2.062
1427787978025	37.517067	139.933034	4	0.157	0.956	9.462	2.107
1427787978120	37.517069	139.933034	4	0.217	0.910	9.299	2.150
1427787978221	37.517072	139.933034	4	0.086	0.929	9.373	2.197
1427787978322	37.517074	139.933034	4	0.111	0.755	9.428	2.244
1427787978422	37.517077	139.933034	4	0.146	0.667	9.471	2.293
1427787978523	37.517080	139.933034	4	0.159	0.541	9.444	2.343
1427787978624	37.517082	139.933034	4	0.094	0.490	9.429	2.394
1427787978724	37.517085	139.933034	4	0.017	0.495	9.324	2.446
1427787978820	37.517088	139.933034	4	-0.000	0.518	9.306	2.496
1427787978921	37.517091	139.933034	4	0.032	0.561	9.411	2.550
1427787979021	37.517094	139.933034	4	0.081	0.588	9.500	2.574
1427787979122	37.517097	139.933034	4	0.136	0.628	9.425	2.599
1427787979223	37.517100	139.933034	4	0.155	0.636	9.322	2.623
1427787979324	37.517102	139.933034	4	0.179	0.617	9.423	2.648
1427787979424	37.517105	139.933034	4	0.207	0.578	9.420	2.673
1427787979520	37.517108	139.933034	4	0.170	0.519	9.320	2.697
1427787979621	37.517111	139.933034	4	0.090	0.409	9.417	2.723
1427787979721	37.517114	139.933034	4	0.064	0.276	9.525	2.748
1427787979822	37.517117	139.933034	4	0.089	0.073	9.537	2.774
1427787979923	37.517120	139.933034	4	0.106	-0.027	9.516	2.801
1427787980024	37.517123	139.933034	4	0.049	-0.049	9.469	2.824
1427787980124	37.517126	139.933034	4	0.015	-0.036	9.403	2.847
1427787980220	37.517129	139.933034	4	-0.023	0.028	9.233	2.870
1427787980321	37.517132	139.933034	4	0.025	-0.029	9.123	2.894
1427787980421	37.517135	139.933034	4	0.018	0.016	9.510	2.918
1427787980522	37.517138	139.933033	4	0.009	-0.046	9.815	2.942
1427787980623	37.517142	139.933033	4	0.007	-0.043	9.669	2.967
1427787980723	37.517145	139.933033	4	0.018	-0.029	9.380	2.991
1427787980824	37.517148	139.933033	4	0.017	-0.005	9.230	3.016
1427787980920	37.517151	139.933033	3	0.005	-0.024	9.241	3.040
1427787981020	37.517154	139.933033	3	-0.033	-0.062	9.418	3.015
1427787981121	37.517157	139.933033	3	-0.005	-0.091	9.588	2.990
1427787981222	37.517160	139.933032	3	0.055	-0.082	9.571	2.965
1427787981323	37.517163	139.933032	3	0.105	-0.039	9.502	2.941
1427787981423	37.517165	139.933032	3	0.089	0.066	9.387	2.917
1427787981524	37.517168	139.933032	3	0.018	0.188	9.450	2.893
1427787981620	37.517171	139.933032	3	0.052	0.200	9.505	2.870
1427787981720	37.517174	139.933031	3	0.150	0.187	9.553	2.846
1427787981821	37.517176	139.933031	3	0.185	0.294	9.453	2.823
1427787981922	37.517179	139.933031	3	0.225	0.425	9.074	2.800
1427787982023	37.517182	139.933031	3	0.270	0.483	9.049	2.800
1427787982123	37.517185	139.933031	3	0.292	0.511	9.486	2.800
1427787982224	37.517188	139.933031	3	0.280	0.573	9.678	2.800
1427787982320	37.517190	139.933031	3	0.230	0.600	9.534	2.800
1427787982420	37.517193	139.933031	3	0.203	0.651	9.198	2.800
1427787982521	37.517196	139.933030	3	0.224	0.687	9.114	2.800
1427787982622	37.517199	139.933030	3	0.258	0.660	9.451	2.800
1427787982722	37.517201	139.933030	3	0.278	0.587	9.695	2.800
1427787982823	37.517204	139.933030	3	0.305	0.606	9.593	2.800
1427787982924	37.517207	139.933030	3	0.326	0.643	9.349	2.801
1427787983020	37.517210	139.933030	3	0.281	0.686	9.352	2.823
1427787983120	37.517212	139.933030	3	0.227	0.702	9.362	2.846
1427787983221	37.517215	139.933029	3	0.258	0.735	9.310	2.870
1427787983322	37.517218	139.933029	3	0.319	0.679	9.569	2.894
1427787983422	37.517220	139.933029	3	0.311	0.628	9.642	2.918
1427787983523	37.517223	139.933029	3	0.257	0.584	9.289	2.942
1427787983624	37.517226	139.933029	3	0.172	0.491	9.402	2.967
1427787983725	37.517229	139.933028	3	0.130	0.447	9.534	2.992
1427787983820	37.517231	139.933028	3	0.101	0.464	9.342	3.015
1427787983921	37.517234	139.933028	3	0.105	0.476	9.309	3.040
1427787984022	37.517237	139.933028	3	0.128	0.365	9.488	3.040
1427787984122	37.517239	139.933028	3	0.151	0.326	9.506	3.040
1427787984223	37.517242	139.933028	3	0.156	0.334	9.465	3.040
1427787984324	37.517245	139.933028	3	0.224	0.342	9.455	3.040
1427787984425	37.517248	139.933028	3	0.209	0.338	9.426	3.040
1427787984520	37.517250	139.933028	3	0.154	0.398	9.285	3.040
1427787984621	37.517253	139.933028	3	0.146	0.397	9.274	3.040
1427787984722	37.517256	139.933028	3	0.136	0.342	9.521	3.040
1427787984822	37.517258	139.933028	3	0.091	0.314	9.624	3.040
1427787984923	37.517261	139.933028	3	0.112	0.328	9.349	3.040
1427787985024	37.517264	139.933028	3	0.108	0.350	9.274	3.040
1427787985124	37.517267	139.933028	3	0.159	0.357	9.375	3.040
1427787985220	37.517270	139.933028	3	0.221	0.340	9.442	3.040
1427787985321	37.517273	139.933028	3	0.255	0.326	9.419	3.040
1427787985421	37.517276	139.933028	3	0.258	0.402	9.608	3.040
1427787985522	37.517278	139.933028	3	0.265	0.526	9.694	3.040
1427787985623	37.517281	139.933028	3	0.211	0.572	9.422	3.040
1427787985724	37.517284	139.933028	3	0.120	0.605	9.241	3.040
1427787985824	37.517287	139.933028	3	0.063	0.591	9.264	3.040
1427787985920	37.517290	139.933028	3	0.002	0.534	9.348	3.040
1427787986021	37.517293	139.933028	3	-0.008	0.467	9.457	3.040
1427787986121	37.517296	139.933028	3	0.066	0.368	9.566	3.040
1427787986222	37.517299	139.933028	3	0.201	0.359	9.501	3.040
1427787986323	37.517302	139.933028	3	0.321	0.281	9.331	3.040
1427787986423	37.517305	139.933028	3	0.366	0.241	9.370	3.040
1427787986524	37.517308	139.933028	3	0.319	0.140	9.533	3.040
1427787986620	37.517311	139.933028	3	0.208	0.179	9.626	3.040
1427787986721	37.517314	139.933028	3	0.126	0.202	9.385	3.040
1427787986821	37.517317	139.933028	3	0.084	0.226	9.272	3.040
1427787986922	37.517320	139.933028	3	0.031	0.212	9.313	3.040
1427787987023	37.517323	139.933028	3	0.002	0.178	9.579	3.065
1427787987124	37.517326	139.933028	3	0.038	0.158	9.612	3.089
1427787987220	37.517329	139.933029	3	0.102	0.187	9.351	3.113
1427787987320	37.517332	139.933029	3	0.172	0.215	9.229	3.138
1427787987421	37.517335	139.933029	3	0.199	0.196	9.282	3.163
1427787987521	37.517338	139.933029	3	0.161	0.163	9.518	3.188
1427787987622	37.517341	139.933029	3	0.116	0.100	9.600	3.213
1427787987723	37.517344	139.933030	3	0.063	0.117	9.398	3.239
1427787987823	37.517347	139.933030	3	-0.028	0.127	9.400	3.265
1427787987924	37.517350	139.933030	3	-0.078	0.138	9.441	3.290
1427787988020	37.517353	139.933030	3	-0.054	0.153	9.342	3.290
1427787988121	37.517356	139.933030	3	0.038	0.111	9.415	3.290
1427787988221	37.517359	139.933031	3	0.131	0.071	9.452	3.290
1427787988322	37.517362	139.933031	3	0.168	0.031	9.582	3.290
1427787988423	37.517366	139.933031	3	0.167	0.070	9.513	3.290
1427787988523	37.517369	139.933031	3	0.182	0.122	9.369	3.290
1427787988624	37.517372	139.933031	3	0.154	0.154	9.312	3.290
1427787988720	37.517375	139.933032	3	0.110	0.168	9.323	3.290
1427787988820	37.517378	139.933032	3	0.067	0.154	9.302	3.290
1427787988921	37.517381	139.933032	4	0.029	0.099	9.568	3.290
1427787989022	37.517384	139.933032	4	0.009	0.113	9.481	3.290
1427787989122	37.517387	139.933032	4	0.071	0.066	9.348	3.290
1427787989223	37.517390	139.933032	4	0.122	-0.002	9.472	3.290
1427787989324	37.517394	139.933032	4	0.121	-0.051	9.497	3.290
1427787989420	37.517396	139.933032	4	0.114	-0.117	9.452	3.290
1427787989520	37.517400	139.933033	4	0.077	-0.125	9.376	3.290
1427787989621	37.517403	139.933033	4	-0.082	-0.100	9.293	3.290
1427787989722	37.517406	139.933033	4	-0.197	-0.057	9.316	3.290
1427787989822	37.517409	139.933033	4	-0.196	-0.002	9.333	3.290
1427787989923	37.517412	139.933033	4	-0.155	0.022	9.204	3.290
1427787990024	37.517415	139.933033	4	-0.064	-0.013	9.369	3.290
1427787990120	37.517418	139.933033	4	0.075	-0.043	9.619	3.290
1427787990221	37.517421	139.933034	4	0.205	0.070	9.597	3.290
1427787990321	37.517424	139.933034	4	0.246	0.204	9.424	3.290
1427787990422	37.517427	139.933034	4	0.184	0.219	9.271	3.290
1427787990522	37.517430	139.933034	4	0.078	0.192	9.237	3.290
1427787990623	37.517433	139.933034	4	0.020	0.170	9.407	3.290
1427787990724	37.517436	139.933035	4	-0.030	0.222	9.613	3.290
1427787990824	37.517439	139.933035	4	-0.054	0.235	9.569	3.290
1427787990920	37.517442	139.933035	4	-0.092	0.229	9.390	3.290
1427787991021	37.517445	139.933035	4	-0.149	0.213	9.378	3.290
1427787991122	37.517448	139.933035	4	-0.109	0.257	9.362	3.290
1427787991222	37.517450	139.933035	4	-0.026	0.249	9.426	3.290
1427787991323	37.517453	139.933035	4	0.038	0.216	9.483	3.290
1427787991424	37.517456	139.933035	4	0.086	0.211	9.362	3.290
1427787991524	37.517459	139.933036	4	0.114	0.206	9.398	3.290
1427787991620	37.517462	139.933036	4	0.124	0.198	9.602	3.290
1427787991721	37.517464	139.933036	4	0.119	0.206	9.669	3.290
1427787991821	37.517467	139.933036	4	0.103	0.316	9.507	3.290
1427787991922	37.517470	139.933036	4	0.063	0.488	9.425	3.290
1427787992023	37.517473	139.933036	4	0.038	0.591	9.352	3.290
1427787992124	37.517476	139.933036	4	-0.011	0.629	9.335	3.290
1427787992224	37.517478	139.933036	4	-0.023	0.642	9.284	3.290
1427787992320	37.517481	139.933036	4	0.045	0.631	9.258	3.290
1427787992421	37.517484	139.933036	4	0.099	0.628	9.535	3.290
1427787992521	37.517486	139.933037	4	0.172	0.665	9.649	3.290
1427787992622	37.517489	139.933037	4	0.254	0.718	9.447	3.290
1427787992723	37.517492	139.933037	4	0.281	0.762	9.362	3.290
1427787992824	37.517494	139.933037	4	0.271	0.783	9.436	3.290
1427787992924	37.517497	139.933037	4	0.248	0.788	9.458	3.290
1427787993020	37.517500	139.933037	4	0.184	0.762	9.368	3.290
1427787993121	37.517502	139.933037	4	0.167	0.748	9.278	3.290
1427787993221	37.517505	139.933037	4	0.200	0.709	9.544	3.290
1427787993322	37.517508	139.933037	4	0.215	0.584	9.605	3.290
1427787993423	37.517511	139.933038	4	0.210	0.577	9.511	3.290
1427787993523	37.517513	139.933038	4	0.196	0.557	9.472	3.290
1427787993624	37.517516	139.933038	4	0.180	0.500	9.433	3.290
1427787993720	37.517519	139.933038	4	0.209	0.501	9.542	3.290
1427787993820	37.517521	139.933038	4	0.176	0.534	9.585	3.290
1427787993921	37.517524	139.933038	3	0.073	0.503	9.437	3.290
1427787994022	37.517527	139.933038	3	0.036	0.511	9.259	3.290
1427787994123	37.517530	139.933038	3	0.031	0.529	9.384	3.290
1427787994223	37.517533	139.933039	3	0.025	0.574	9.520	3.290
1427787994324	37.517536	139.933039	3	-0.006	0.554	9.557	3.290
1427787994420	37.517539	139.933039	3	-0.014	0.568	9.425	3.290
1427787994520	37.517542	139.933039	3	-0.020	0.504	9.350	3.290
1427787994621	37.517545	139.933039	3	-0.025	0.417	9.451	3.290
1427787994722	37.517548	139.933040	3	-0.024	0.377	9.362	3.290
1427787994823	37.517551	139.933040	3	-0.033	0.376	9.102	3.290
1427787994923	37.517554	139.933040	3	-0.022	0.366	9.075	3.290
1427787995024	37.517557	139.933040	3	-0.027	0.326	9.393	3.290
1427787995120	37.517560	139.933040	3	-0.006	0.333	9.354	3.290
1427787995220	37.517563	139.933040	3	0.035	0.316	9.382	3.290
1427787995321	37.517566	139.933040	3	0.056	0.313	9.621	3.290
1427787995422	37.517570	139.933040	3	0.057	0.518	9.581	3.290
1427787995522	37.517573	139.933040	3	-0.028	0.756	9.570	3.290
1427787995623	37.517576	139.933040	3	-0.120	0.934	9.213	3.290
1427787995724	37.517579	139.933040	3	-0.179	0.908	9.088	3.290
1427787995820	37.517582	139.933040	3	-0.134	0.761	9.173	3.290
1427787995920	37.517585	139.933040	3	-0.114	0.762	9.543	3.290
1427787996021	37.517589	139.933040	3	-0.088	0.788	9.442	3.378
1427787996122	37.517592	139.933040	3	-0.016	0.667	9.091	3.469
1427787996223	37.517596	139.933041	3	0.018	0.697	9.454	3.563
1427787996323	37.517600	139.933041	3	0.183	0.498	9.671	3.658
1427787996424	37.517604	139.933041	3	0.146	0.455	9.795	3.757
1427787996520	37.517608	139.933041	3	0.096	0.501	9.476	3.853
1427787996620	37.517613	139.933041	3	-0.178	0.544	9.304	3.956
1427787996721	37.517617	139.933042	3	-0.345	0.480	9.518	4.062
1427787996822	37.517622	139.933042	3	-0.327	0.480	9.661	4.172
1427787996922	37.517626	139.933042	4	-0.159	0.435	9.518	4.280
1427787997023	37.517630	139.933042	4	-0.161	0.595	9.051	4.280
1427787997124	37.517635	139.933042	4	-0.130	0.583	8.708	4.280
1427787997220	37.517639	139.933043	4	-0.157	0.554	9.091	4.280
1427787997320	37.517643	139.933043	4	-0.023	0.357	9.568	4.280
1427787997421	37.517647	139.933043	4	0.179	0.280	9.856	4.280
1427787997522	37.517651	139.933043	4	0.106	0.123	10.118	4.280
1427787997622	37.517655	139.933043	4	-0.217	0.210	9.612	4.280
1427787997723	37.517660	139.933044	4	-0.350	0.362	8.763	4.280
1427787997824	37.517664	139.933044	4	-0.352	0.368	8.681	4.280
1427787997924	37.517668	139.933044	5	-0.347	0.352	9.178	4.280
1427787998020	37.517672	139.933044	5	-0.216	0.163	9.778	4.280
1427787998121	37.517677	139.933044	5	-0.293	0.166	10.130	4.280
1427787998221	37.517681	139.933044	5	-0.444	0.096	9.740	4.280
1427787998322	37.517685	139.933044	5	-0.675	0.269	9.405	4.280
1427787998423	37.517690	139.933044	5	-0.732	0.294	9.211	4.280
1427787998524	37.517694	139.933045	5	-0.873	0.334	9.290	4.280
1427787998624	37.517698	139.933045	5	-1.021	0.377	9.245	4.280
1427787998720	37.517702	139.933045	5	-1.252	0.527	9.077	4.280
1427787998821	37.517707	139.933045	5	-1.486	0.413	9.702	4.280
1427787998921	37.517711	139.933045	5	-1.548	0.405	9.803	4.280
1427787999022	37.517715	139.933044	5	-1.545	0.518	9.148	4.280
1427787999123	37.517719	139.933044	5	-1.581	0.493	8.967	4.280
1427787999224	37.517723	139.933043	5	-1.557	0.529	9.214	4.280
1427787999324	37.517728	139.933043	5	-1.513	0.429	9.170	4.280
1427787999420	37.517731	139.933042	5	-1.667	0.409	9.496	4.280
1427787999521	37.517736	139.933042	5	-1.862	0.339	9.667	4.280
1427787999621	37.517740	139.933041	5	-1.982	0.231	9.996	4.280
1427787999722	37.517744	139.933041	5	-1.785	0.501	9.216	4.280
1427787999823	37.517748	139.933040	5	-1.952	0.362	8.945	4.280
1427787999923	37.517752	139.933040	4	-2.098	0.441	9.531	4.280
1427788000024	37.517756	139.933039	4	-2.003	0.441	9.183	4.280
1427788000120	37.517760	139.933037	4	-1.876	0.463	8.655	4.280
1427788000221	37.517764	139.933036	4	-1.748	0.584	8.875	4.280
1427788000321	37.517768	139.933035	4	-1.671	0.416	9.282	4.280
1427788000422	37.517772	139.933033	4	-1.814	0.293	9.777	4.280
1427788000523	37.517776	139.933032	4	-1.862	0.304	9.942	4.280
1427788000623	37.517779	139.933031	4	-1.842	0.134	9.470	4.280
1427788000724	37.517783	139.933030	4	-1.591	0.276	9.328	4.280
1427788000820	37.517787	139.933028	4	-1.398	0.396	8.916	4.280
1427788000920	37.517791	139.933027	5	-1.409	0.436	8.693	4.280
1427788001021	37.517794	139.933024	5	-1.575	0.464	9.338	4.280
1427788001122	37.517797	139.933021	5	-1.844	0.145	10.151	4.280
1427788001223	37.517801	139.933018	5	-1.883	0.198	10.041	4.280
1427788001323	37.517804	139.933015	5	-1.631	0.359	9.588	4.280
1427788001424	37.517807	139.933011	5	-1.377	0.549	9.243	4.280
1427788001520	37.517810	139.933008	5	-1.163	0.597	9.371	4.280
1427788001620	37.517813	139.933005	5	-1.042	0.578	9.437	4.280
1427788001721	37.517817	139.933002	5	-1.017	0.652	8.755	4.280
1427788001822	37.517820	139.932999	5	-1.032	0.687	8.768	4.280
1427788001922	37.517823	139.932996	5	-1.194	0.583	9.219	4.280
1427788002023	37.517825	139.932992	5	-1.396	0.569	9.717	4.280
1427788002124	37.517828	139.932987	5	-1.669	0.522	9.503	4.280
1427788002220	37.517830	139.932983	5	-1.929	0.471	9.348	4.280
1427788002320	37.517833	139.932979	5	-1.962	0.399	9.581	4.280
1427788002421	37.517835	139.932974	5	-1.741	0.378	9.702	4.280
1427788002522	37.517837	139.932970	5	-1.404	0.477	9.377	4.280
1427788002622	37.517840	139.932966	5	-1.292	0.555	8.991	4.280
1427788002723	37.517842	139.932961	5	-1.353	0.600	9.188	4.280
1427788002824	37.517845	139.932957	5	-1.463	0.574	9.669	4.280
1427788002920	37.517847	139.932953	5	-1.499	0.562	9.763	4.280
1427788003020	37.517848	139.932948	5	-1.409	0.616	9.492	4.280
1427788003121	37.517850	139.932943	5	-1.180	0.685	9.227	4.280
1427788003222	37.517851	139.932938	5	-0.966	0.775	8.957	4.280
1427788003322	37.517853	139.932933	5	-0.888	0.830	9.075	4.280
1427788003423	37.517854	139.932928	5	-0.894	0.796	9.463	4.280
1427788003524	37.517855	139.932923	5	-0.983	0.751	9.747	4.280
1427788003625	37.517857	139.932918	5	-1.072	0.756	9.609	4.280
1427788003720	37.517858	139.932913	5	-1.136	0.770	9.383	4.280
1427788003821	37.517860	139.932908	5	-1.071	0.727	9.305	4.280
1427788003922	37.517861	139.932903	5	-0.930	0.724	9.248	4.280
1427788004022	37.517862	139.932897	5	-0.819	0.688	9.260	4.305
1427788004123	37.517862	139.932892	5	-0.697	0.620	9.461	4.330
1427788004224	37.517863	139.932886	5	-0.552	0.562	9.671	4.354
1427788004324	37.517864	139.932881	5	-0.434	0.542	9.556	4.379
1427788004420	37.517864	139.932875	5	-0.324	0.585	9.367	4.403
1427788004521	37.517865	139.932870	5	-0.287	0.633	9.266	4.429
1427788004622	37.517866	139.932864	5	-0.319	0.610	9.252	4.454
1427788004722	37.517867	139.932858	5	-0.351	0.585	9.418	4.479
1427788004823	37.517867	139.932853	5	-0.377	0.575	9.528	4.505
1427788004924	37.517868	139.932847	7	-0.433	0.592	9.466	4.534
1427788005024	37.517867	139.932838	7	-0.393	0.590	9.410	4.624
1427788005120	37.517866	139.932830	7	-0.344	0.566	9.387	4.712
1427788005221	37.517865	139.932821	7	-0.241	0.524	9.406	4.807
1427788005321	37.517863	139.932813	7	-0.147	0.478	9.407	4.904
1427788005422	37.517862	139.932804	7	-0.113	0.479	9.391	5.003
1427788005523	37.517861	139.932794	7	-0.092	0.469	9.527	5.104
1427788005624	37.517860	139.932785	7	-0.019	0.492	9.558	5.207
1427788005724	37.517859	139.932775	7	0.074	0.424	9.523	5.311
1427788005820	37.517857	139.932766	7	0.132	0.432	9.463	5.412
1427788005921	37.517856	139.932756	7	0.155	0.484	9.444	5.520
1427788006021	37.517855	139.932750	7	0.194	0.540	9.414	5.569
1427788006122	37.517855	139.932743	7	0.188	0.582	9.440	5.618
1427788006223	37.517854	139.932737	7	0.187	0.597	9.377	5.667
1427788006323	37.517853	139.932730	7	0.142	0.651	9.307	5.716
1427788006424	37.517853	139.932723	7	0.073	0.681	9.408	5.767
1427788006520	37.517852	139.932717	7	0.075	0.727	9.474	5.815
1427788006621	37.517851	139.932710	7	0.091	0.700	9.511	5.866
1427788006721	37.517850	139.932704	7	0.104	0.690	9.596	5.917
1427788006822	37.517850	139.932697	7	0.152	0.691	9.456	5.969
1427788006923	37.517849	139.932690	4	0.219	0.705	9.384	6.021
1427788007023	37.517849	139.932683	4	0.229	0.666	9.442	6.045
1427788007124	37.517849	139.932675	4	0.182	0.632	9.445	6.070
1427788007220	37.517849	139.932668	4	0.085	0.520	9.337	6.094
1427788007320	37.517849	139.932661	4	-0.001	0.501	9.326	6.119
1427788007421	37.517849	139.932654	4	-0.011	0.489	9.422	6.144
1427788007522	37.517850	139.932646	4	0.014	0.463	9.526	6.169
1427788007623	37.517850	139.932639	4	0.024	0.326	9.623	6.195
1427788007723	37.517850	139.932632	4	0.015	0.272	9.531	6.220
1427788007824	37.517850	139.932624	4	-0.001	0.235	9.376	6.246
1427788007920	37.517850	139.932617	3	-0.029	0.164	9.440	6.270
1427788008020	37.517850	139.932610	3	-0.038	0.067	9.454	6.270
1427788008121	37.517850	139.932603	3	-0.080	0.057	9.411	6.270
1427788008222	37.517850	139.932595	3	-0.095	0.054	9.387	6.270
1427788008323	37.517850	139.932588	3	-0.064	0.063	9.383	6.270
1427788008423	37.517849	139.932581	3	-0.062	0.049	9.477	6.270
1427788008524	37.517849	139.932574	3	-0.056	0.025	9.510	6.270
1427788008620	37.517849	139.932567	3	0.001	0.034	9.452	6.270
1427788008720	37.517849	139.932559	3	0.083	0.071	9.373	6.270
1427788008821	37.517849	139.932552	3	0.154	0.054	9.369	6.270
1427788008922	37.517849	139.932545	3	0.163	0.056	9.370	6.270
1427788009022	37.517849	139.932538	3	0.158	0.057	9.463	6.270
1427788009123	37.517849	139.932531	3	0.152	0.085	9.482	6.270
1427788009224	37.517849	139.932523	3	0.165	0.077	9.476	6.270
1427788009320	37.517849	139.932517	3	0.175	0.111	9.383	6.270
1427788009420	37.517848	139.932510	3	0.154	0.150	9.370	6.270
1427788009521	37.517848	139.932502	3	0.189	0.138	9.549	6.270
1427788009622	37.517848	139.932495	3	0.221	0.115	9.603	6.270
1427788009722	37.517848	139.932488	3	0.201	0.124	9.400	6.270
1427788009823	37.517848	139.932481	3	0.181	0.144	9.306	6.270
1427788009924	37.517848	139.932474	4	0.189	0.182	9.338	6.270
1427788010024	37.517848	139.932466	4	0.192	0.173	9.430	6.270
1427788010120	37.517847	139.932459	4	0.188	0.135	9.528	6.270
1427788010221	37.517847	139.932451	4	0.149	0.130	9.470	6.270
1427788010322	37.517846	139.932443	4	0.149	0.157	9.389	6.270
1427788010422	37.517846	139.932436	4	0.162	0.136	9.374	6.270
1427788010523	37.517846	139.932428	4	0.172	0.067	9.397	6.270
1427788010624	37.517845	139.932421	4	0.170	-0.012	9.416	6.270
1427788010724	37.517845	139.932413	4	0.137	-0.075	9.390	6.270
1427788010820	37.517844	139.932406	4	0.093	-0.144	9.301	6.270
1427788010921	37.517844	139.932398	4	0.060	-0.257	9.399	6.270
1427788011021	37.517843	139.932391	4	0.042	-0.308	9.576	6.244
1427788011122	37.517843	139.932384	4	0.051	-0.254	9.468	6.219
1427788011223	37.517842	139.932377	4	0.091	-0.179	9.298	6.193
1427788011324	37.517842	139.932370	4	0.143	-0.138	9.276	6.168
1427788011424	37.517841	139.932363	4	0.185	-0.193	9.524	6.143
1427788011520	37.517841	139.932356	4	0.187	-0.245	9.594	6.119
1427788011621	37.517840	139.932349	4	0.189	-0.238	9.549	6.094
1427788011721	37.517840	139.932343	4	0.218	-0.223	9.471	6.069
1427788011822	37.517839	139.932336	4	0.259	-0.190	9.473	6.044
1427788011923	37.517839	139.932329	4	0.314	-0.162	9.525	6.019
1427788012023	37.517839	139.932322	4	0.389	-0.144	9.500	5.994
1427788012124	37.517839	139.932316	4	0.440	-0.104	9.399	5.968
1427788012220	37.517838	139.932309	4	0.549	0.081	9.445	5.944
1427788012321	37.517838	139.932303	4	0.629	0.233	9.557	5.918
1427788012421	37.517838	139.932296	4	0.679	0.242	9.380	5.893
1427788012522	37.517838	139.932290	4	0.647	0.202	9.272	5.868
1427788012623	37.517838	139.932283	4	0.619	0.218	9.443	5.843
1427788012723	37.517837	139.932277	4	0.624	0.248	9.589	5.818
1427788012824	37.517837	139.932270	4	0.584	0.175	9.604	5.794
1427788012920	37.517837	139.932264	5	0.514	0.173	9.407	5.770
1427788013021	37.517837	139.932258	5	0.494	0.232	9.296	5.770
1427788013121	37.517837	139.932252	5	0.432	0.281	9.379	5.770
1427788013222	37.517837	139.932246	5	0.436	0.261	9.515	5.770
1427788013323	37.517837	139.932240	5	0.501	0.211	9.530	5.770
1427788013423	37.517837	139.932234	5	0.543	0.180	9.454	5.770
1427788013524	37.517837	139.932228	5	0.542	0.214	9.340	5.770
1427788013620	37.517837	139.932222	5	0.505	0.231	9.349	5.770
1427788013720	37.517837	139.932216	5	0.404	0.142	9.322	5.770
1427788013821	37.517837	139.932210	5	0.267	-0.002	9.300	5.770
1427788013922	37.517837	139.932204	6	0.118	-0.091	9.383	5.770
1427788014023	37.517838	139.932197	6	-0.002	-0.219	9.475	5.770
1427788014123	37.517838	139.932190	6	-0.064	-0.319	9.581	5.770
1427788014224	37.517839	139.932182	6	-0.064	-0.296	9.530	5.770
1427788014320	37.517839	139.932176	6	-0.028	-0.201	9.301	5.770
1427788014420	37.517840	139.932168	6	-0.009	-0.154	9.312	5.770
1427788014521	37.517841	139.932161	6	0.021	-0.165	9.399	5.770
1427788014622	37.517841	139.932154	6	-0.010	-0.176	9.514	5.770
1427788014723	37.517842	139.932147	6	-0.166	-0.180	9.598	5.770
1427788014823	37.517842	139.932140	6	-0.302	-0.142	9.545	5.770
1427788014924	37.517843	139.932133	6	-0.388	-0.056	9.344	5.770
1427788015020	37.517844	139.932126	6	-0.424	-0.053	9.393	5.770
1427788015120	37.517844	139.932119	6	-0.421	-0.074	9.619	5.770
1427788015221	37.517845	139.932112	6	-0.406	-0.061	9.552	5.770
1427788015322	37.517845	139.932104	6	-0.338	-0.016	9.394	5.770
1427788015422	37.517846	139.932097	6	-0.292	0.038	9.327	5.770
1427788015523	37.517847	139.932090	6	-0.208	0.133	9.250	5.770
1427788015624	37.517847	139.932083	6	-0.171	0.130	9.285	5.770
1427788015725	37.517848	139.932076	6	-0.129	0.145	9.404	5.770
1427788015820	37.517848	139.932069	6	-0.144	0.128	9.410	5.770
1427788015921	37.517849	139.932062	6	-0.166	0.177	9.273	5.770
1427788016022	37.517849	139.932055	6	-0.170	0.179	9.314	5.744
1427788016122	37.517849	139.932048	6	-0.204	0.192	9.357	5.719
1427788016223	37.517849	139.932041	6	-0.229	0.190	9.349	5.693
1427788016324	37.517849	139.932035	6	-0.264	0.213	9.332	5.668
1427788016424	37.517849	139.932028	6	-0.290	0.205	9.328	5.643
1427788016520	37.517849	139.932021	6	-0.310	0.216	9.334	5.619
1427788016621	37.517849	139.932015	6	-0.264	0.182	9.425	5.594
1427788016722	37.517849	139.932008	6	-0.328	0.196	9.444	5.569
1427788016822	37.517849	139.932001	6	-0.384	0.214	9.279	5.544
1427788016923	37.517849	139.931995	5	-0.441	0.218	9.264	5.519
1427788017024	37.517850	139.931989	5	-0.459	0.172	9.512	5.493
1427788017124	37.517851	139.931983	5	-0.430	0.158	9.604	5.468
1427788017220	37.517852	139.931977	5	-0.415	0.127	9.448	5.444
1427788017321	37.517853	139.931971	5	-0.404	0.099	9.322	5.418
1427788017421	37.517855	139.931965	5	-0.417	0.004	9.431	5.393
1427788017522	37.517856	139.931959	5	-0.470	-0.168	9.411	5.368
1427788017623	37.517857	139.931953	5	-0.463	-0.299	9.444	5.343
1427788017724	37.517858	139.931947	5	-0.433	-0.279	9.642	5.318
1427788017824	37.517859	139.931941	5	-0.401	-0.191	9.485	5.293
1427788017920	37.517860	139.931935	5	-0.402	-0.148	9.159	5.270
1427788018021	37.517861	139.931929	5	-0.419	-0.212	9.112	5.244
1427788018121	37.517862	139.931923	5	-0.388	-0.264	9.452	5.219
1427788018222	37.517863	139.931917	5	-0.363	-0.298	9.674	5.193
1427788018323	37.517865	139.931911	5	-0.346	-0.293	9.584	5.168
1427788018424	37.517866	139.931905	5	-0.368	-0.270	9.400	5.142
1427788018524	37.517867	139.931899	5	-0.428	-0.258	9.328	5.118
1427788018620	37.517868	139.931893	5	-0.460	-0.232	9.377	5.094
1427788018721	37.517869	139.931888	5	-0.455	-0.250	9.495	5.069
1427788018821	37.517870	139.931882	5	-0.444	-0.285	9.500	5.044
1427788018922	37.517871	139.931876	5	-0.416	-0.302	9.410	5.020
1427788019023	37.517871	139.931871	5	-0.385	-0.253	9.363	4.995
1427788019123	37.517871	139.931866	5	-0.393	-0.231	9.469	4.970
1427788019224	37.517872	139.931861	5	-0.405	-0.247	9.495	4.946
1427788019320	37.517872	139.931857	5	-0.394	-0.274	9.426	4.923
1427788019421	37.517872	139.931852	5	-0.399	-0.287	9.423	4.898
1427788019521	37.517872	139.931847	5	-0.337	-0.263	9.284	4.874
1427788019622	37.517872	139.931843	5	-0.329	-0.251	9.190	4.850
1427788019723	37.517873	139.931838	5	-0.342	-0.274	9.337	4.826
1427788019823	37.517873	139.931833	5	-0.295	-0.408	9.412	4.803
1427788019924	37.517873	139.931829	5	-0.348	-0.443	9.569	4.777
1427788020020	37.517874	139.931824	5	-0.309	-0.545	9.391	4.699
1427788020120	37.517874	139.931819	5	-0.375	-0.601	9.162	4.620
1427788020221	37.517875	139.931815	5	-0.435	-0.613	9.300	4.541
1427788020322	37.517876	139.931810	5	-0.477	-0.688	9.505	4.463
1427788020423	37.517876	139.931805	5	-0.458	-0.784	9.571	4.387
1427788020523	37.517877	139.931801	5	-0.398	-0.867	9.531	4.312
1427788020624	37.517877	139.931797	5	-0.299	-0.891	9.436	4.239
1427788020720	37.517878	139.931792	5	-0.236	-0.854	9.372	4.170
1427788020820	37.517878	139.931788	5	-0.239	-0.833	9.254	4.099
1427788020921	37.517879	139.931784	4	-0.242	-0.831	9.225	4.029
1427788021022	37.517879	139.931780	4	-0.274	-0.853	9.505	3.948
1427788021122	37.517878	139.931776	4	-0.313	-0.881	9.633	3.868
1427788021223	37.517878	139.931772	4	-0.318	-0.887	9.446	3.790
1427788021324	37.517878	139.931769	4	-0.285	-0.781	9.265	3.713
1427788021420	37.517877	139.931765	4	-0.271	-0.721	9.244	3.641
1427788021520	37.517877	139.931762	4	-0.305	-0.701	9.387	3.568
1427788021621	37.517877	139.931758	4	-0.324	-0.727	9.471	3.496
1427788021722	37.517877	139.931755	4	-0.299	-0.703	9.468	3.425
1427788021822	37.517876	139.931751	4	-0.274	-0.617	9.413	3.356
1427788021923	37.517876	139.931748	4	-0.289	-0.536	9.383	3.288
1427788022024	37.517876	139.931745	4	-0.304	-0.475	9.400	3.235
1427788022120	37.517876	139.931742	4	-0.287	-0.456	9.465	3.186
1427788022220	37.517876	139.931738	4	-0.314	-0.384	9.561	3.135
1427788022321	37.517876	139.931735	4	-0.248	-0.301	9.471	3.084
1427788022422	37.517876	139.931732	4	-0.194	-0.249	9.275	3.034
1427788022522	37.517876	139.931729	4	-0.182	-0.251	9.197	2.986
1427788022623	37.517876	139.931726	4	-0.156	-0.269	9.356	2.937
1427788022724	37.517876	139.931724	4	-0.117	-0.285	9.472	2.890
1427788022824	37.517876	139.931721	4	-0.106	-0.266	9.434	2.844
1427788022920	37.517876	139.931718	5	-0.079	-0.211	9.258	2.800
1427788023021	37.517876	139.931716	5	-0.100	-0.213	9.185	2.774
1427788023122	37.517875	139.931713	5	-0.118	-0.217	9.226	2.748
1427788023222	37.517875	139.931711	5	-0.165	-0.245	9.358	2.722
1427788023323	37.517875	139.931708	5	-0.186	-0.233	9.481	2.696
1427788023424	37.517874	139.931706	5	-0.181	-0.183	9.409	2.671
1427788023524	37.517874	139.931704	5	-0.197	-0.146	9.263	2.646
1427788023620	37.517874	139.931702	5	-0.214	-0.139	9.235	2.623
1427788023721	37.517874	139.931699	5	-0.241	-0.171	9.382	2.598
1427788023822	37.517873	139.931697	5	-0.229	-0.192	9.558	2.573
1427788023922	37.517873	139.931695	5	-0.219	-0.248	9.603	2.549
1427788024023	37.517873	139.931693	5	-0.198	-0.325	9.457	2.523
1427788024124	37.517873	139.931690	5	-0.246	-0.480	9.290	2.497
1427788024224	37.517873	139.931688	5	-0.302	-0.659	9.324	2.471
1427788024320	37.517873	139.931686	5	-0.355	-0.822	9.466	2.447
1427788024421	37.517874	139.931683	5	-0.358	-0.907	9.543	2.422
1427788024522	37.517874	139.931681	5	-0.380	-0.937	9.438	2.396
1427788024622	37.517874	139.931679	5	-0.371	-0.932	9.336	2.372
1427788024723	37.517874	139.931676	5	-0.410	-0.993	9.301	2.347
1427788024823	37.517874	139.931674	5	-0.430	-1.052	9.377	2.323
1427788024924	37.517874	139.931672	5	-0.470	-1.092	9.424	2.295
1427788025020	37.517875	139.931671	5	-0.473	-1.092	9.377	2.183
1427788025121	37.517875	139.931669	5	-0.458	-1.126	9.356	2.069
1427788025221	37.517876	139.931668	5	-0.438	-1.179	9.377	1.962
1427788025322	37.517876	139.931667	5	-0.382	-1.163	9.457	1.859
1427788025423	37.517877	139.931666	5	-0.412	-1.146	9.427	1.760
1427788025523	37.517877	139.931665	5	-0.454	-1.141	9.335	1.668
1427788025624	37.517878	139.931664	5	-0.493	-1.179	9.310	1.580
1427788025720	37.517878	139.931663	5	-0.489	-1.195	9.422	1.500
1427788025820	37.517879	139.931662	5	-0.471	-1.239	9.442	1.423
1427788025921	37.517879	139.931661	5	-0.437	-1.294	9.368	1.349
1427788026022	37.517879	139.931661	5	-0.392	-1.317	9.373	1.239
1427788026123	37.517880	139.931661	5	-0.438	-1.363	9.397	1.137
1427788026223	37.517880	139.931661	5	-0.481	-1.412	9.392	1.042
1427788026324	37.517880	139.931660	5	-0.493	-1.339	9.488	0.952
1427788026420	37.517880	139.931660	5	-0.355	-0.845	9.716	0.873
1427788026520	37.517880	139.931660	5	-0.179	-0.234	9.685	0.798
1427788026621	37.517881	139.931660	5	-0.128	0.078	9.276	0.728
1427788026722	37.517881	139.931660	5	-0.155	0.122	8.924	0.665
1427788026823	37.517881	139.931660	5	-0.193	0.061	9.037	0.608
1427788026923	37.517881	139.931660	4	-0.152	0.004	9.395	0.560
1427788027024	37.517881	139.931660	4	-0.165	-0.168	9.609	0.553
1427788027120	37.517881	139.931660	4	-0.197	-0.271	9.548	0.547
1427788027220	37.517881	139.931659	4	-0.199	-0.186	9.464	0.541
1427788027321	37.517881	139.931659	4	-0.171	-0.023	9.382	0.535
1427788027422	37.517882	139.931659	4	-0.149	0.048	9.306	0.529
1427788027523	37.517882	139.931659	4	-0.161	-0.027	9.259	0.523
1427788027623	37.517882	139.931659	4	-0.173	-0.090	9.393	0.517
1427788027724	37.517882	139.931658	4	-0.196	-0.151	9.442	0.511
1427788027820	37.517882	139.931658	4	-0.174	-0.121	9.453	0.506
1427788027920	37.517882	139.931658	4	-0.166	-0.047	9.401	0.500
1427788028021	37.517882	139.931658	4	-0.154	-0.010	9.363	0.500
1427788028122	37.517881	139.931658	4	-0.175	-0.077	9.351	0.500
1427788028222	37.517881	139.931658	4	-0.163	-0.097	9.447	0.500
1427788028323	37.517880	139.931658	4	-0.192	-0.111	9.496	0.500
1427788028424	37.517880	139.931658	4	-0.201	-0.082	9.426	0.500
1427788028520	37.517880	139.931658	4	-0.178	-0.060	9.353	0.500
1427788028620	37.517879	139.931658	4	-0.135	-0.045	9.377	0.500
1427788028721	37.517879	139.931658	4	-0.138	-0.063	9.438	0.500
1427788028822	37.517878	139.931658	4	-0.184	-0.097	9.445	0.500
1427788028922	37.517878	139.931658	4	-0.197	-0.096	9.434	0.500
1427788029023	37.517877	139.931658	4	-0.162	-0.063	9.416	0.500
1427788029124	37.517877	139.931658	4	-0.132	-0.025	9.406	0.500
1427788029225	37.517876	139.931658	4	-0.171	-0.073	9.407	0.500
1427788029320	37.517876	139.931658	4	-0.184	-0.100	9.412	0.500
1427788029421	37.517875	139.931658	4	-0.175	-0.106	9.425	0.500
1427788029522	37.517874	139.931657	4	-0.162	-0.067	9.426	0.500
1427788029622	37.517874	139.931657	4	-0.151	-0.040	9.405	0.500
1427788029723	37.517873	139.931657	4	-0.172	-0.053	9.371	0.500
1427788029824	37.517873	139.931657	4	-0.185	-0.088	9.396	0.500
1427788029924	37.517872	139.931657	4	-0.181	-0.078	9.442	0.500
1427788030020	37.517872	139.931657	4	-0.175	-0.062	9.441	0.500
1427788030121	37.517872	139.931656	4	-0.174	-0.061	9.394	0.500
1427788030221	37.517872	139.931656	4	-0.151	-0.049	9.370	0.500
1427788030322	37.517872	139.931656	4	-0.154	-0.063	9.431	0.500
1427788030423	37.517872	139.931655	4	-0.170	-0.057	9.463	0.500
1427788030524	37.517872	139.931655	4	-0.210	-0.112	9.418	0.500
1427788030624	37.517872	139.931655	4	-0.195	-0.133	9.383	0.500
1427788030720	37.517872	139.931655	4	-0.162	-0.103	9.378	0.500
1427788030821	37.517872	139.931654	4	-0.117	-0.044	9.430	0.500
1427788030921	37.517872	139.931654	4	-0.125	-0.017	9.408	0.500
1427788031022	37.517872	139.931654	4	-0.145	0.001	9.402	0.500
1427788031123	37.517872	139.931654	4	-0.186	-0.017	9.421	0.500
1427788031224	37.517872	139.931654	4	-0.203	-0.039	9.394	0.500
1427788031324	37.517872	139.931654	4	-0.167	-0.044	9.371	0.500
1427788031420	37.517871	139.931655	4	-0.122	-0.023	9.383	0.500
1427788031521	37.517871	139.931655	4	-0.126	-0.026	9.423	0.500
1427788031621	37.517871	139.931655	4	-0.158	-0.021	9.444	0.500
1427788031722	37.517871	139.931655	4	-0.208	-0.060	9.412	0.500
1427788031823	37.517871	139.931655	4	-0.203	-0.074	9.348	0.500
1427788031923	37.517871	139.931655	4	-0.166	-0.078	9.361	0.500
1427788032024	37.517871	139.931655	4	-0.140	-0.073	9.426	0.500
1427788032120	37.517871	139.931655	4	-0.155	-0.079	9.456	0.500
1427788032221	37.517871	139.931655	4	-0.191	-0.103	9.428	0.500
1427788032321	37.517871	139.931655	4	-0.198	-0.134	9.394	0.500
1427788032422	37.517871	139.931655	4	-0.179	-0.146	9.394	0.500
1427788032523	37.517872	139.931654	4	-0.151	-0.115	9.455	0.500
1427788032623	37.517872	139.931654	4	-0.168	-0.082	9.441	0.500
1427788032724	37.517872	139.931654	4	-0.178	-0.052	9.406	0.500
1427788032820	37.517872	139.931654	4	-0.200	-0.057	9.343	0.500
1427788032920	37.517872	139.931654	4	-0.161	-0.058	9.375	0.500
1427788033021	37.517872	139.931654	4	-0.149	-0.071	9.419	0.500
1427788033122	37.517872	139.931654	4	-0.135	-0.067	9.442	0.500
1427788033223	37.517872	139.931654	4	-0.152	-0.057	9.432	0.500
1427788033323	37.517872	139.931654	4	-0.185	-0.067	9.424	0.500
1427788033424	37.517871	139.931654	4	-0.199	-0.074	9.357	0.500
1427788033520	37.517871	139.931654	4	-0.173	-0.058	9.374	0.500
1427788033620	37.517871	139.931654	4	-0.163	-0.054	9.400	0.500
1427788033721	37.517871	139.931654	4	-0.152	-0.048	9.426	0.500
1427788033822	37.517871	139.931654	4	-0.194	-0.076	9.407	0.500
1427788033922	37.517871	139.931654	4	-0.197	-0.080	9.380	0.500
1427788034023	37.517871	139.931654	4	-0.191	-0.084	9.323	0.500
1427788034124	37.517871	139.931654	4	-0.153	-0.058	9.394	0.500
1427788034220	37.517872	139.931654	4	-0.154	-0.050	9.422	0.500
1427788034320	37.517872	139.931654	4	-0.144	-0.031	9.445	0.500
1427788034421	37.517872	139.931655	4	-0.172	-0.047	9.430	0.500
1427788034522	37.517872	139.931655	4	-0.198	-0.062	9.404	0.500
1427788034622	37.517872	139.931655	4	-0.209	-0.078	9.337	0.500
1427788034723	37.517873	139.931655	4	-0.178	-0.064	9.361	0.500
1427788034824	37.517873	139.931655	4	-0.156	-0.059	9.393	0.500
1427788034920	37.517873	139.931655	3	-0.131	-0.035	9.426	0.500
1427788035020	37.517873	139.931655	3	-0.152	-0.035	9.436	0.500
1427788035121	37.517873	139.931655	3	-0.178	-0.056	9.437	0.500
1427788035222	37.517874	139.931656	3	-0.197	-0.079	9.389	0.500
1427788035322	37.517874	139.931656	3	-0.181	-0.080	9.352	0.500
1427788035423	37.517874	139.931656	3	-0.159	-0.068	9.391	0.500
1427788035524	37.517874	139.931656	3	-0.135	-0.048	9.424	0.500
1427788035624	37.517874	139.931656	3	-0.158	-0.052	9.428	0.500
1427788035720	37.517875	139.931657	3	-0.168	-0.037	9.438	0.500
1427788035821	37.517875	139.931657	3	-0.208	-0.069	9.416	0.500
1427788035921	37.517875	139.931657	3	-0.185	-0.082	9.369	0.500
1427788036022	37.517875	139.931657	3	-0.162	-0.083	9.369	0.500
1427788036123	37.517876	139.931657	3	-0.125	-0.056	9.423	0.500
1427788036224	37.517876	139.931657	3	-0.143	-0.059	9.429	0.500
1427788036324	37.517877	139.931657	3	-0.162	-0.050	9.439	0.500
1427788036420	37.517877	139.931657	3	-0.196	-0.067	9.414	0.500
1427788036521	37.517877	139.931657	3	-0.205	-0.085	9.380	0.500
1427788036621	37.517878	139.931657	3	-0.181	-0.091	9.370	0.500
1427788036722	37.517878	139.931657	3	-0.137	-0.063	9.418	0.500
1427788036823	37.517879	139.931657	3	-0.148	-0.062	9.432	0.500
1427788036924	37.517879	139.931657	4	-0.170	-0.065	9.439	0.500
1427788037024	37.517879	139.931657	4	-0.211	-0.087	9.413	0.500
1427788037120	37.517879	139.931657	4	-0.191	-0.087	9.400	0.500
1427788037221	37.517879	139.931657	4	-0.160	-0.074	9.426	0.500
1427788037321	37.517879	139.931657	4	-0.164	-0.070	9.421	0.500
1427788037422	37.517879	139.931657	4	-0.188	-0.083	9.415	0.500
1427788037523	37.517879	139.931656	4	-0.194	-0.086	9.350	0.500
1427788037624	37.517879	139.931656	4	-0.168	-0.073	9.391	0.500
1427788037724	37.517879	139.931656	4	-0.150	-0.056	9.429	0.500
1427788037820	37.517879	139.931656	4	-0.145	-0.057	9.440	0.500
1427788037921	37.517879	139.931656	4	-0.168	-0.054	9.422	0.500
1427788038021	37.517879	139.931656	4	-0.191	-0.063	9.420	0.500
1427788038122	37.517879	139.931656	4	-0.206	-0.081	9.378	0.500
1427788038223	37.517879	139.931656	4	-0.177	-0.083	9.371	0.500
1427788038323	37.517879	139.931656	4	-0.148	-0.040	9.433	0.500
1427788038424	37.517879	139.931656	4	-0.137	-0.026	9.443	0.500
1427788038520	37.517878	139.931656	4	-0.147	-0.017	9.438	0.500
1427788038621	37.517878	139.931656	4	-0.170	-0.044	9.435	0.500
1427788038721	37.517878	139.931656	4	-0.203	-0.075	9.375	0.500
1427788038822	37.517878	139.931656	4	-0.169	-0.075	9.393	0.500
1427788038923	37.517878	139.931656	4	-0.152	-0.040	9.406	0.500
1427788039023	37.517878	139.931656	4	-0.134	-0.014	9.422	0.500
1427788039124	37.517878	139.931656	4	-0.155	0.005	9.421	0.500
1427788039220	37.517878	139.931656	4	-0.195	-0.005	9.449	0.500
1427788039320	37.517878	139.931656	4	-0.160	-0.011	9.464	0.500
1427788039421	37.517878	139.931656	4	-0.168	-0.032	9.407	0.500
1427788039522	37.517878	139.931656	4	-0.162	-0.026	9.410	0.500
1427788039622	37.517878	139.931656	4	-0.176	-0.006	9.369	0.500
1427788039723	37.517878	139.931656	4	-0.198	0.133	9.410	0.500
1427788039824	37.517878	139.931656	4	-0.142	0.284	9.459	0.500
1427788039920	37.517878	139.931656	4	-0.072	0.409	9.417	0.500
1427788040020	37.517878	139.931656	4	-0.057	0.535	9.382	0.518
1427788040121	37.517878	139.931655	4	-0.006	0.646	9.392	0.536
1427788040222	37.517878	139.931655	4	0.031	0.751	9.392	0.556
1427788040322	37.517878	139.931655	4	0.019	0.772	9.337	0.576
1427788040423	37.517878	139.931655	4	-0.019	0.907	9.450	0.597
1427788040524	37.517879	139.931654	4	0.065	0.839	9.255	0.618
1427788040620	37.517879	139.931654	4	-0.013	1.013	9.300	0.639
1427788040720	37.517879	139.931654	4	-0.002	0.975	9.437	0.662
1427788040821	37.517879	139.931653	4	0.019	0.766	9.468	0.686
1427788040922	37.517879	139.931653	4	-0.031	0.837	9.780	0.711
1427788041022	37.517879	139.931652	4	0.087	0.783	9.549	0.743
1427788041123	37.517879	139.931651	4	0.015	0.834	9.267	0.778
1427788041224	37.517879	139.931650	4	-0.078	0.977	9.157	0.815
1427788041325	37.517879	139.931649	4	-0.052	0.834	9.149	0.854
1427788041420	37.517879	139.931648	4	-0.123	0.879	9.484	0.892
1427788041521	37.517880	139.931647	4	-0.010	0.836	9.534	0.934
1427788041622	37.517880	139.931646	4	0.075	0.659	9.125	0.979
1427788041722	37.517880	139.931645	4	0.016	0.410	9.024	1.024
1427788041823	37.517880	139.931643	4	-0.074	0.193	9.377	1.072
1427788041924	37.517880	139.931642	3	-0.123	0.042	9.704	1.121
1427788042024	37.517880	139.931640	3	-0.147	-0.025	9.714	1.142
1427788042120	37.517880	139.931639	3	-0.122	-0.014	9.494	1.163
1427788042221	37.517880	139.931637	3	-0.110	-0.011	9.284	1.185
1427788042322	37.517880	139.931636	3	-0.114	-0.015	9.293	1.207
1427788042422	37.517880	139.931634	3	-0.121	-0.035	9.377	1.230
1427788042523	37.517881	139.931633	3	-0.125	-0.057	9.484	1.254
1427788042624	37.517881	139.931631	3	-0.136	-0.058	9.502	1.277
1427788042724	37.517881	139.931629	3	-0.177	-0.048	9.402	1.302
1427788042820	37.517881	139.931628	3	-0.200	-0.057	9.344	1.325
1427788042921	37.517881	139.931626	3	-0.196	-0.052	9.351	1.350
1427788043021	37.517881	139.931624	3	-0.196	-0.044	9.470	1.350
1427788043122	37.517881	139.931623	3	-0.131	-0.054	9.558	1.350
1427788043223	37.517881	139.931621	3	-0.107	-0.121	9.419	1.350
1427788043324	37.517881	139.931619	3	-0.111	-0.121	9.200	1.350
1427788043424	37.517881	139.931617	3	-0.122	-0.120	9.214	1.350
1427788043520	37.517881	139.931616	3	-0.236	-0.226	9.392	1.350
1427788043621	37.517881	139.931614	3	-0.365	-0.314	9.497	1.350
1427788043721	37.517881	139.931612	3	-0.412	-0.374	9.397	1.350
1427788043822	37.517881	139.931611	3	-0.388	-0.442	9.405	1.350
1427788043923	37.517881	139.931609	3	-0.348	-0.484	9.528	1.350
1427788044024	37.517881	139.931607	3	-0.312	-0.545	9.489	1.350
1427788044124	37.517881	139.931606	3	-0.296	-0.541	9.384	1.350
1427788044220	37.517881	139.931604	3	-0.361	-0.531	9.344	1.350
1427788044321	37.517881	139.931602	3	-0.419	-0.544	9.372	1.350
1427788044421	37.517881	139.931600	3	-0.443	-0.581	9.402	1.350
1427788044522	37.517881	139.931599	3	-0.433	-0.627	9.412	1.350
1427788044623	37.517881	139.931597	3	-0.404	-0.656	9.369	1.350
1427788044723	37.517881	139.931595	3	-0.377	-0.676	9.325	1.350
1427788044824	37.517881	139.931594	3	-0.350	-0.688	9.320	1.350
1427788044920	37.517881	139.931592	3	-0.360	-0.702	9.339	1.350
1427788045021	37.517881	139.931591	3	-0.381	-0.700	9.372	1.350
1427788045121	37.517881	139.931589	3	-0.407	-0.700	9.449	1.350
1427788045222	37.517881	139.931588	3	-0.434	-0.688	9.458	1.350
1427788045323	37.517881	139.931587	3	-0.437	-0.708	9.394	1.350
1427788045423	37.517882	139.931585	3	-0.395	-0.706	9.332	1.350
1427788045524	37.517882	139.931584	3	-0.370	-0.706	9.344	1.350
1427788045620	37.517882	139.931583	3	-0.355	-0.699	9.397	1.350
1427788045720	37.517882	139.931582	3	-0.368	-0.712	9.433	1.350
1427788045821	37.517882	139.931580	3	-0.419	-0.752	9.383	1.350
1427788045922	37.517882	139.931579	3	-0.433	-0.772	9.353	1.349
1427788046023	37.517882	139.931578	3	-0.429	-0.788	9.365	1.324
1427788046123	37.517882	139.931576	3	-0.475	-0.969	9.271	1.300
1427788046224	37.517882	139.931575	3	-0.599	-1.379	9.094	1.276
1427788046320	37.517882	139.931574	3	-0.611	-1.629	9.307	1.253
1427788046420	37.517883	139.931572	3	-0.414	-1.207	9.975	1.230
1427788046521	37.517883	139.931571	3	-0.238	-0.491	10.146	1.207
1427788046622	37.517883	139.931570	3	-0.204	-0.181	9.490	1.184
1427788046723	37.517883	139.931568	3	-0.261	-0.019	8.923	1.162
1427788046823	37.517883	139.931567	3	-0.276	0.119	8.892	1.140
1427788046924	37.517883	139.931566	4	-0.239	0.129	9.190	1.117
1427788047020	37.517883	139.931566	4	-0.177	0.045	9.454	1.037
1427788047120	37.517883	139.931567	4	-0.228	-0.158	9.528	0.958
1427788047221	37.517883	139.931567	4	-0.305	-0.265	9.503	0.883
1427788047322	37.517883	139.931567	4	-0.361	-0.251	9.436	0.814
1427788047422	37.517882	139.931567	4	-0.315	-0.120	9.396	0.749
1427788047523	37.517882	139.931567	4	-0.261	-0.008	9.390	0.689
1427788047624	37.517882	139.931568	4	-0.230	-0.025	9.336	0.634
1427788047720	37.517882	139.931568	4	-0.235	-0.094	9.354	0.586
1427788047820	37.517882	139.931568	4	-0.252	-0.150	9.434	0.541
1427788047921	37.517882	139.931568	4	-0.261	-0.151	9.488	0.500
1427788048022	37.517882	139.931568	4	-0.285	-0.131	9.412	0.500
1427788048122	37.517882	139.931568	4	-0.274	-0.083	9.374	0.500
1427788048223	37.517882	139.931568	4	-0.257	-0.078	9.344	0.500
1427788048324	37.517882	139.931568	4	-0.227	-0.078	9.383	0.500
1427788048424	37.517882	139.931567	4	-0.245	-0.112	9.415	0.500
1427788048520	37.517881	139.931567	4	-0.267	-0.130	9.432	0.500
1427788048621	37.517881	139.931567	4	-0.281	-0.145	9.401	0.500
1427788048722	37.517881	139.931567	4	-0.263	-0.126	9.409	0.500
1427788048822	37.517881	139.931567	4	-0.235	-0.084	9.432	0.500
1427788048923	37.517881	139.931567	4	-0.253	-0.059	9.385	0.500
1427788049024	37.517881	139.931567	4	-0.290	-0.095	9.382	0.500
1427788049124	37.517881	139.931567	4	-0.293	-0.113	9.364	0.500
1427788049220	37.517880	139.931567	4	-0.254	-0.108	9.397	0.500
1427788049321	37.517880	139.931567	4	-0.245	-0.099	9.399	0.500
1427788049421	37.517880	139.931567	4	-0.241	-0.085	9.410	0.500
1427788049522	37.517880	139.931566	4	-0.275	-0.093	9.413	0.500
1427788049623	37.517880	139.931566	4	-0.277	-0.097	9.416	0.500
1427788049724	37.517879	139.931566	4	-0.267	-0.109	9.360	0.500
1427788049824	37.517879	139.931566	4	-0.226	-0.082	9.392	0.500
1427788049920	37.517879	139.931566	5	-0.233	-0.085	9.404	0.500
1427788050021	37.517878	139.931566	5	-0.244	-0.077	9.431	0.500
1427788050121	37.517878	139.931565	5	-0.279	-0.093	9.410	0.500
1427788050222	37.517877	139.931565	5	-0.269	-0.093	9.365	0.500
1427788050323	37.517877	139.931565	5	-0.256	-0.087	9.381	0.500
1427788050423	37.517876	139.931564	5	-0.245	-0.069	9.407	0.500
1427788050524	37.517875	139.931564	5	-0.263	-0.075	9.417	0.500
1427788050620	37.517875	139.931564	5	-0.276	-0.088	9.375	0.500
1427788050721	37.517874	139.931564	5	-0.256	-0.086	9.383	0.500
1427788050821	37.517874	139.931563	5	-0.244	-0.076	9.414	0.500
1427788050922	37.517873	139.931563	5	-0.239	-0.071	9.437	0.500
1427788051023	37.517873	139.931563	5	-0.272	-0.092	9.414	0.500
1427788051123	37.517872	139.931563	5	-0.259	-0.100	9.393	0.500
1427788051224	37.517872	139.931562	5	-0.239	-0.091	9.392	0.500
1427788051320	37.517871	139.931562	5	-0.226	-0.076	9.427	0.500
1427788051420	37.517871	139.931562	5	-0.244	-0.069	9.434	0.500
1427788051521	37.517871	139.931562	5	-0.266	-0.089	9.430	0.500
1427788051622	37.517870	139.931562	5	-0.280	-0.101	9.378	0.500
1427788051723	37.517870	139.931561	5	-0.257	-0.097	9.364	0.500
1427788051823	37.517869	139.931561	5	-0.247	-0.083	9.396	0.500
1427788051924	37.517869	139.931561	4	-0.240	-0.071	9.442	0.500
1427788052020	37.517869	139.931561	4	-0.253	-0.071	9.440	0.500
1427788052120	37.517869	139.931561	4	-0.265	-0.079	9.418	0.500
1427788052221	37.517869	139.931561	4	-0.289	-0.108	9.349	0.500
1427788052322	37.517869	139.931561	4	-0.264	-0.106	9.370	0.500
1427788052423	37.517868	139.931561	4	-0.249	-0.103	9.393	0.500
1427788052523	37.517868	139.931562	4	-0.235	-0.087	9.414	0.500
1427788052624	37.517868	139.931562	4	-0.257	-0.085	9.412	0.500
1427788052720	37.517868	139.931562	4	-0.281	-0.107	9.406	0.500
1427788052820	37.517868	139.931562	4	-0.290	-0.128	9.389	0.500
1427788052921	37.517868	139.931562	4	-0.251	-0.117	9.381	0.500
1427788053022	37.517868	139.931562	4	-0.236	-0.100	9.391	0.500
1427788053122	37.517868	139.931562	4	-0.231	-0.079	9.427	0.500
1427788053223	37.517868	139.931562	4	-0.252	-0.083	9.441	0.500
1427788053324	37.517868	139.931562	4	-0.265	-0.091	9.412	0.500
1427788053420	37.517868	139.931562	4	-0.283	-0.113	9.343	0.500
1427788053520	37.517868	139.931562	4	-0.256	-0.089	9.380	0.500
1427788053621	37.517868	139.931562	4	-0.252	-0.081	9.408	0.500
1427788053722	37.517868	139.931562	4	-0.238	-0.071	9.434	0.500
1427788053822	37.517868	139.931562	4	-0.252	-0.067	9.427	0.500
1427788053923	37.517868	139.931562	3	-0.275	-0.091	9.387	0.500
1427788054024	37.517868	139.931562	3	-0.281	-0.111	9.370	0.500
1427788054124	37.517868	139.931562	3	-0.252	-0.094	9.383	0.500
1427788054220	37.517869	139.931563	3	-0.236	-0.088	9.405	0.500
1427788054321	37.517869	139.931563	3	-0.233	-0.063	9.425	0.500
1427788054422	37.517869	139.931563	3	-0.255	-0.072	9.425	0.500
1427788054522	37.517869	139.931563	3	-0.266	-0.078	9.416	0.500
1427788054623	37.517869	139.931563	3	-0.292	-0.107	9.362	0.500
1427788054724	37.517870	139.931564	3	-0.264	-0.097	9.384	0.500
1427788054824	37.517870	139.931564	3	-0.252	-0.084	9.402	0.500
1427788054920	37.517870	139.931564	3	-0.251	-0.071	9.408	0.500
1427788055021	37.517870	139.931564	3	-0.257	-0.070	9.429	0.500
1427788055121	37.517870	139.931564	3	-0.276	-0.090	9.380	0.500
1427788055222	37.517871	139.931564	3	-0.262	-0.097	9.376	0.500
1427788055323	37.517871	139.931564	3	-0.244	-0.075	9.401	0.500
1427788055424	37.517871	139.931564	3	-0.242	-0.075	9.416	0.500
1427788055520	37.517871	139.931564	3	-0.256	-0.080	9.404	0.500
1427788055621	37.517871	139.931564	3	-0.249	-0.092	9.359	0.500
1427788055721	37.517872	139.931564	3	-0.253	-0.089	9.357	0.500
1427788055821	37.517872	139.931564	3	-0.243	-0.062	9.398	0.500
1427788055922	37.517872	139.931564	4	-0.267	-0.054	9.398	0.500
1427788056023	37.517872	139.931564	4	-0.288	-0.079	9.396	0.500
1427788056124	37.517872	139.931564	4	-0.274	-0.091	9.390	0.500
1427788056224	37.517872	139.931564	4	-0.233	-0.069	9.413	0.500
1427788056320	37.517872	139.931564	4	-0.245	-0.069	9.407	0.500
1427788056421	37.517871	139.931565	4	-0.263	-0.059	9.421	0.500
1427788056521	37.517871	139.931565	4	-0.278	-0.078	9.378	0.500
1427788056622	37.517871	139.931565	4	-0.262	-0.067	9.377	0.500
1427788056723	37.517871	139.931565	4	-0.250	-0.051	9.406	0.500
1427788056823	37.517871	139.931565	4	-0.241	-0.040	9.420	0.500
1427788056924	37.517871	139.931565	4	-0.265	-0.077	9.406	0.500
1427788057020	37.517871	139.931565	4	-0.271	-0.080	9.392	0.500
1427788057121	37.517871	139.931565	4	-0.244	-0.060	9.442	0.500
1427788057221	37.517871	139.931565	4	-0.263	-0.063	9.435	0.500
1427788057322	37.517871	139.931565	4	-0.278	-0.080	9.397	0.500
1427788057423	37.517871	139.931565	4	-0.270	-0.090	9.376	0.500
1427788057523	37.517871	139.931565	4	-0.238	-0.071	9.406	0.500
1427788057624	37.517871	139.931565	4	-0.238	-0.064	9.405	0.500
1427788057720	37.517871	139.931565	4	-0.239	-0.049	9.420	0.500
1427788057821	37.517871	139.931565	4	-0.268	-0.073	9.388	0.500
1427788057921	37.517871	139.931565	4	-0.263	-0.065	9.364	0.500
1427788058022	37.517871	139.931565	4	-0.249	-0.060	9.404	0.500
1427788058123	37.517871	139.931565	4	-0.248	-0.062	9.419	0.500
1427788058223	37.517871	139.931565	4	-0.301	-0.164	9.372	0.500
1427788058324	37.517871	139.931565	4	-0.342	-0.315	9.315	0.500
1427788058420	37.517871	139.931565	4	-0.358	-0.496	9.317	0.500
1427788058520	37.517871	139.931565	4	-0.388	-0.691	9.344	0.500
1427788058621	37.517871	139.931565	4	-0.400	-0.842	9.427	0.500
1427788058722	37.517871	139.931565	4	-0.345	-0.680	9.632	0.500
1427788058823	37.517871	139.931565	4	-0.274	-0.311	9.667	0.500
1427788058923	37.517871	139.931565	3	-0.280	-0.092	9.367	0.500
1427788059024	37.517871	139.931565	3	-0.287	-0.010	9.075	0.500
1427788059120	37.517871	139.931565	3	-0.247	0.017	9.135	0.500
1427788059220	37.517871	139.931565	3	-0.221	-0.040	9.397	0.500
1427788059321	37.517871	139.931565	3	-0.256	-0.178	9.546	0.500
1427788059422	37.517871	139.931565	3	-0.328	-0.266	9.496	0.500
1427788059523	37.517871	139.931565	3	-0.309	-0.162	9.464	0.500
1427788059623	37.517871	139.931565	3	-0.301	-0.056	9.377	0.500
1427788059724	37.517871	139.931565	3	-0.262	-0.041	9.287	0.500
1427788059820	37.517871	139.931565	3	-0.217	-0.096	9.305	0.500
1427788059920	37.517871	139.931565	3	-0.207	-0.134	9.461	0.500
1427788060021	37.517871	139.931565	3	-0.260	-0.165	9.507	0.500
1427788060122	37.517871	139.931565	3	-0.329	-0.142	9.420	0.500
1427788060222	37.517871	139.931565	3	-0.319	-0.096	9.335	0.500
1427788060323	37.517871	139.931565	3	-0.268	-0.057	9.336	0.500
1427788060424	37.517871	139.931565	3	-0.245	-0.080	9.381	0.500
1427788060520	37.517871	139.931565	3	-0.280	-0.147	9.405	0.500
1427788060620	37.517871	139.931565	3	-0.278	-0.152	9.417	0.500
1427788060721	37.517871	139.931565	3	-0.278	-0.134	9.381	0.500
1427788060822	37.517871	139.931565	3	-0.254	-0.085	9.367	0.500
1427788060922	37.517871	139.931565	3	-0.260	-0.090	9.370	0.500
1427788061023	37.517871	139.931565	3	-0.257	-0.117	9.361	0.500
1427788061124	37.517871	139.931565	3	-0.264	-0.138	9.416	0.500
1427788061224	37.517871	139.931565	3	-0.281	-0.113	9.411	0.500
1427788061320	37.517871	139.931565	3	-0.279	-0.096	9.396	0.500
1427788061421	37.517871	139.931565	3	-0.251	-0.112	9.337	0.500
1427788061522	37.517871	139.931565	3	-0.213	-0.111	9.397	0.500
1427788061622	37.517871	139.931565	3	-0.250	-0.119	9.420	0.500
1427788061723	37.517871	139.931565	3	-0.283	-0.124	9.402	0.500
1427788061824	37.517871	139.931565	3	-0.279	-0.132	9.371	0.500
1427788061924	37.517871	139.931565	3	-0.261	-0.099	9.376	0.500
1427788062020	37.517871	139.931565	3	-0.256	-0.098	9.390	0.500
1427788062121	37.517871	139.931565	3	-0.277	-0.118	9.384	0.500
1427788062221	37.517871	139.931565	3	-0.265	-0.139	9.370	0.500
1427788062322	37.517871	139.931565	3	-0.269	-0.127	9.365	0.500
1427788062423	37.517871	139.931565	3	-0.265	-0.108	9.386	0.500
1427788062524	37.517871	139.931565	3	-0.279	-0.115	9.366	0.500
1427788062624	37.517871	139.931565	3	-0.253	-0.119	9.395	0.500
1427788062720	37.517871	139.931565	3	-0.267	-0.117	9.412	0.500
1427788062821	37.517871	139.931565	3	-0.282	-0.119	9.399	0.500
1427788062921	37.517871	139.931565	3	-0.281	-0.139	9.374	0.500
1427788063022	37.517871	139.931565	3	-0.247	-0.126	9.385	0.500
1427788063123	37.517871	139.931565	3	-0.253	-0.117	9.408	0.500
1427788063223	37.517871	139.931565	3	-0.273	-0.104	9.423	0.500
1427788063324	37.517871	139.931565	3	-0.284	-0.120	9.400	0.500
1427788063420	37.517871	139.931565	3	-0.266	-0.133	9.364	0.500
1427788063521	37.517871	139.931565	3	-0.246	-0.113	9.380	0.500
1427788063621	37.517871	139.931565	3	-0.265	-0.111	9.393	0.500
1427788063722	37.517871	139.931565	3	-0.280	-0.119	9.390	0.500
1427788063823	37.517871	139.931565	3	-0.271	-0.134	9.387	0.500
1427788063923	37.517871	139.931565	3	-0.254	-0.113	9.393	0.500
1427788064024	37.517871	139.931565	3	-0.263	-0.115	9.403	0.500
1427788064120	37.517871	139.931565	3	-0.280	-0.123	9.375	0.500
1427788064220	37.517871	139.931565	3	-0.260	-0.128	9.394	0.500
1427788064321	37.517871	139.931565	3	-0.272	-0.117	9.411	0.500
1427788064422	37.517871	139.931565	3	-0.269	-0.116	9.407	0.500
1427788064523	37.517871	139.931565	3	-0.274	-0.137	9.377	0.500
1427788064623	37.517871	139.931565	3	-0.243	-0.121	9.412	0.500
1427788064724	37.517871	139.931565	3	-0.263	-0.114	9.416	0.500
1427788064820	37.517871	139.931565	3	-0.283	-0.110	9.417	0.500
1427788064920	37.517871	139.931565	3	-0.290	-0.135	9.390	0.500
1427788065021	37.517871	139.931565	3	-0.258	-0.128	9.402	0.500
1427788065122	37.517871	139.931565	3	-0.252	-0.114	9.415	0.500
1427788065223	37.517871	139.931565	3	-0.277	-0.108	9.397	0.500
1427788065323	37.517871	139.931565	3	-0.290	-0.134	9.381	0.500
1427788065424	37.517871	139.931565	3	-0.270	-0.129	9.395	0.500
1427788065520	37.517871	139.931565	3	-0.251	-0.109	9.416	0.500
1427788065620	37.517871	139.931565	3	-0.270	-0.119	9.401	0.500
1427788065721	37.517871	139.931565	3	-0.266	-0.120	9.385	0.500
1427788065822	37.517871	139.931565	3	-0.263	-0.114	9.421	0.500
1427788065922	37.517871	139.931565	4	-0.280	-0.105	9.412	0.500
1427788066023	37.517871	139.931565	4	-0.272	-0.121	9.388	0.500
1427788066124	37.517871	139.931565	4	-0.250	-0.125	9.374	0.500
1427788066220	37.517871	139.931565	4	-0.241	-0.107	9.403	0.500
1427788066320	37.517871	139.931565	4	-0.276	-0.117	9.389	0.500
1427788066421	37.517871	139.931565	4	-0.272	-0.124	9.375	0.500
1427788066522	37.517871	139.931565	4	-0.260	-0.126	9.402	0.500
1427788066622	37.517871	139.931565	4	-0.262	-0.102	9.406	0.500
1427788066723	37.517871	139.931565	4	-0.279	-0.122	9.397	0.500
1427788066824	37.517871	139.931565	4	-0.273	-0.123	9.388	0.500
1427788066924	37.517871	139.931565	4	-0.260	-0.122	9.423	0.500
1427788067020	37.517871	139.931565	4	-0.274	-0.115	9.421	0.500
1427788067121	37.517871	139.931565	4	-0.277	-0.125	9.394	0.500
1427788067222	37.517871	139.931565	4	-0.273	-0.137	9.386	0.500
1427788067322	37.517871	139.931565	4	-0.247	-0.116	9.424	0.500
1427788067423	37.517871	139.931565	4	-0.269	-0.111	9.415	0.500
1427788067524	37.517871	139.931565	4	-0.277	-0.118	9.399	0.500
1427788067624	37.517871	139.931565	4	-0.273	-0.136	9.374	0.500
1427788067720	37.517871	139.931565	4	-0.245	-0.125	9.399	0.500
1427788067821	37.517871	139.931565	4	-0.257	-0.116	9.415	0.500
1427788067921	37.517871	139.931565	3	-0.286	-0.119	9.391	0.500
1427788068022	37.517871	139.931565	3	-0.270	-0.130	9.391	0.500
1427788068123	37.517871	139.931565	3	-0.267	-0.123	9.407	0.500
1427788068224	37.517871	139.931565	3	-0.270	-0.114	9.405	0.500
1427788068325	37.517871	139.931565	3	-0.284	-0.128	9.371	0.500
1427788068420	37.517871	139.931565	3	-0.256	-0.123	9.393	0.500
1427788068521	37.517871	139.931565	3	-0.253	-0.112	9.416	0.500
1427788068621	37.517871	139.931565	3	-0.264	-0.099	9.419	0.500
1427788068722	37.517871	139.931565	3	-0.267	-0.127	9.387	0.500
1427788068823	37.517871	139.931565	3	-0.257	-0.122	9.383	0.500
1427788068924	37.517871	139.931565	3	-0.249	-0.109	9.420	0.500
1427788069024	37.517871	139.931565	3	-0.285	-0.105	9.403	0.500
1427788069120	37.517871	139.931565	3	-0.283	-0.124	9.373	0.500
1427788069221	37.517871	139.931565	3	-0.270	-0.121	9.404	0.500
1427788069321	37.517871	139.931565	3	-0.262	-0.101	9.408	0.500
1427788069422	37.517871	139.931565	3	-0.276	-0.109	9.401	0.500
1427788069523	37.517871	139.931565	3	-0.261	-0.111	9.374	0.500
1427788069623	37.517871	139.931565	3	-0.255	-0.106	9.402	0.500
1427788069724	37.517871	139.931565	3	-0.273	-0.099	9.399	0.500
1427788069820	37.517871	139.931565	3	-0.272	-0.115	9.386	0.500
1427788069921	37.517871	139.931565	3	-0.260	-0.132	9.382	0.500
1427788070021	37.517871	139.931565	3	-0.248	-0.110	9.408	0.500
1427788070122	37.517871	139.931565	3	-0.266	-0.112	9.394	0.500
1427788070223	37.517871	139.931565	3	-0.259	-0.120	9.383	0.500
1427788070323	37.517871	139.931565	3	-0.245	-0.118	9.416	0.500
1427788070424	37.517871	139.931565	3	-0.262	-0.108	9.418	0.500
1427788070520	37.517871	139.931565	3	-0.281	-0.123	9.393	0.500
1427788070621	37.517871	139.931565	3	-0.284	-0.129	9.347	0.500
1427788070721	37.517871	139.931565	3	-0.263	-0.107	9.392	0.500
1427788070822	37.517871	139.931565	3	-0.272	-0.112	9.397	0.500
1427788070923	37.517871	139.931565	3	-0.260	-0.115	9.386	0.500
1427788071023	37.517871	139.931565	3	-0.261	-0.133	9.355	0.500
1427788071124	37.517871	139.931565	3	-0.250	-0.106	9.385	0.500
1427788071220	37.517871	139.931565	3	-0.275	-0.102	9.399	0.500
1427788071320	37.517871	139.931565	3	-0.289	-0.118	9.372	0.500
1427788071421	37.517871	139.931565	3	-0.257	-0.121	9.382	0.500
1427788071522	37.517871	139.931565	3	-0.264	-0.108	9.386	0.500
1427788071623	37.517871	139.931565	3	-0.276	-0.109	9.397	0.500
1427788071723	37.517871	139.931565	3	-0.278	-0.125	9.369	0.500
1427788071824	37.517871	139.931565	3	-0.242	-0.125	9.393	0.500
1427788071920	37.517871	139.931565	3	-0.243	-0.119	9.406	0.500
1427788072020	37.517871	139.931565	3	-0.259	-0.113	9.391	0.500
1427788072121	37.517871	139.931565	3	-0.269	-0.134	9.390	0.500
1427788072222	37.517871	139.931565	3	-0.275	-0.121	9.395	0.500
1427788072322	37.517871	139.931565	3	-0.281	-0.106	9.411	0.500
1427788072423	37.517871	139.931565	3	-0.287	-0.115	9.375	0.500
1427788072524	37.517871	139.931565	3	-0.249	-0.109	9.400	0.500
1427788072620	37.517871	139.931565	3	-0.260	-0.112	9.401	0.500
1427788072720	37.517871	139.931565	3	-0.278	-0.115	9.388	0.500
1427788072821	37.517871	139.931565	3	-0.263	-0.129	9.383	0.500
1427788072922	37.517871	139.931565	3	-0.249	-0.113	9.404	0.500
1427788073022	37.517871	139.931565	3	-0.256	-0.108	9.406	0.500
1427788073123	37.517871	139.931565	3	-0.278	-0.118	9.378	0.500
1427788073224	37.517871	139.931565	3	-0.263	-0.129	9.390	0.500
1427788073324	37.517871	139.931565	3	-0.273	-0.119	9.390	0.500
1427788073420	37.517871	139.931565	3	-0.268	-0.101	9.406	0.500
1427788073521	37.517871	139.931565	3	-0.272	-0.126	9.370	0.500
1427788073622	37.517871	139.931565	3	-0.259	-0.114	9.388	0.500
1427788073722	37.517871	139.931565	3	-0.263	-0.110	9.415	0.500
1427788073823	37.517871	139.931565	3	-0.274	-0.095	9.411	0.500
1427788073924	37.517871	139.931565	3	-0.278	-0.128	9.381	0.500
1427788074024	37.517871	139.931565	3	-0.257	-0.125	9.397	0.500
1427788074120	37.517871	139.931565	3	-0.249	-0.111	9.422	0.500
1427788074221	37.517871	139.931565	3	-0.271	-0.107	9.410	0.500
1427788074322	37.517871	139.931565	3	-0.273	-0.119	9.383	0.500
1427788074422	37.517871	139.931565	3	-0.265	-0.126	9.394	0.500
1427788074523	37.517871	139.931565	3	-0.245	-0.105	9.424	0.500
1427788074624	37.517871	139.931565	3	-0.266	-0.116	9.414	0.500
1427788074724	37.517871	139.931565	3	-0.271	-0.122	9.390	0.500
1427788074820	37.517871	139.931565	3	-0.260	-0.137	9.402	0.500
1427788074921	37.517871	139.931565	3	-0.269	-0.119	9.406	0.500
1427788075021	37.517871	139.931565	3	-0.276	-0.111	9.411	0.500
1427788075122	37.517871	139.931565	3	-0.290	-0.126	9.376	0.500
1427788075223	37.517871	139.931565	3	-0.253	-0.133	9.387	0.500
1427788075324	37.517871	139.931565	3	-0.257	-0.120	9.406	0.500
1427788075424	37.517871	139.931565	3	-0.270	-0.118	9.417	0.500
1427788075520	37.517871	139.931565	3	-0.284	-0.136	9.388	0.500
1427788075621	37.517871	139.931565	3	-0.261	-0.125	9.408	0.500
1427788075721	37.517871	139.931565	3	-0.260	-0.122	9.423	0.500
1427788075822	37.517871	139.931565	3	-0.264	-0.099	9.408	0.500
1427788075923	37.517871	139.931565	3	-0.272	-0.121	9.395	0.500
1427788076023	37.517871	139.931565	3	-0.263	-0.119	9.413	0.500
1427788076124	37.517871	139.931565	3	-0.265	-0.111	9.443	0.500
1427788076220	37.517871	139.931565	3	-0.276	-0.111	9.400	0.500
1427788076321	37.517871	139.931565	3	-0.261	-0.118	9.374	0.500
1427788076421	37.517871	139.931565	3	-0.249	-0.117	9.404	0.500
1427788076522	37.517871	139.931565	3	-0.249	-0.099	9.429	0.500
1427788076623	37.517871	139.931565	3	-0.286	-0.133	9.402	0.500
1427788076723	37.517871	139.931565	3	-0.285	-0.130	9.367	0.500
1427788076824	37.517871	139.931565	3	-0.257	-0.120	9.400	0.500
1427788076920	37.517871	139.931565	3	-0.247	-0.111	9.400	0.500
1427788077020	37.517871	139.931565	3	-0.268	-0.120	9.409	0.500
1427788077121	37.517871	139.931565	3	-0.286	-0.144	9.365	0.500
1427788077222	37.517871	139.931565	3	-0.263	-0.113	9.396	0.500
1427788077323	37.517871	139.931565	3	-0.275	-0.113	9.393	0.500
1427788077423	37.517871	139.931565	3	-0.269	-0.111	9.378	0.500
1427788077524	37.517871	139.931565	3	-0.264	-0.128	9.391	0.500
1427788077620	37.517871	139.931565	3	-0.262	-0.110	9.408	0.500
1427788077720	37.517871	139.931565	3	-0.269	-0.116	9.393	0.500
1427788077821	37.517871	139.931565	3	-0.276	-0.133	9.372	0.500
1427788077922	37.517871	139.931565	3	-0.244	-0.094	9.408	0.500
1427788078023	37.517871	139.931565	3	-0.247	-0.077	9.454	0.500
1427788078123	37.517871	139.931565	3	-0.226	-0.025	9.379	0.500
1427788078224	37.517871	139.931565	3	-0.245	-0.011	9.302	0.500
1427788078320	37.517871	139.931565	3	-0.227	-0.001	9.289	0.500
1427788078420	37.517871	139.931565	3	-0.248	0.007	9.373	0.500
1427788078521	37.517871	139.931565	3	-0.223	0.009	9.455	0.500
1427788078622	37.517871	139.931565	3	-0.199	-0.036	9.360	0.500
1427788078722	37.517871	139.931565	3	-0.192	-0.041	9.299	0.500
1427788078823	37.517871	139.931565	3	-0.241	-0.055	9.322	0.500
1427788078924	37.517871	139.931565	3	-0.290	-0.049	9.383	0.500
1427788079020	37.517871	139.931565	3	-0.308	0.001	9.457	0.500
1427788079120	37.517871	139.931565	3	-0.259	-0.018	9.386	0.500
1427788079221	37.517871	139.931565	3	-0.252	-0.036	9.341	0.500
1427788079322	37.517871	139.931565	3	-0.250	-0.010	9.395	0.500
1427788079422	37.517871	139.931565	3	-0.249	-0.024	9.408	0.500
1427788079523	37.517871	139.931565	3	-0.222	-0.022	9.409	0.500
1427788079624	37.517871	139.931565	3	-0.222	0.025	9.407	0.500
1427788079725	37.517871	139.931565	3	-0.204	0.068	9.401	0.500
1427788079820	37.517871	139.931565	3	-0.183	0.156	9.410	0.500
1427788079921	37.517871	139.931565	3	-0.122	0.303	9.431	0.500
1427788080022	37.517871	139.931565	3	-0.055	0.466	9.445	0.518
1427788080122	37.517871	139.931564	3	-0.003	0.588	9.371	0.537
1427788080223	37.517871	139.931564	3	0.034	0.657	9.320	0.556
1427788080324	37.517871	139.931564	3	0.070	0.694	9.351	0.576
1427788080424	37.517871	139.931564	3	0.122	0.664	9.398	0.597
1427788080520	37.517871	139.931563	3	0.170	0.677	9.443	0.617
1427788080621	37.517871	139.931563	3	0.205	0.687	9.402	0.640
1427788080721	37.517871	139.931563	3	0.200	0.664	9.347	0.662
1427788080822	37.517871	139.931562	3	0.219	0.664	9.366	0.686
1427788080923	37.517871	139.931562	4	0.228	0.535	9.349	0.711
1427788081024	37.517871	139.931561	4	0.174	0.255	9.308	0.728
1427788081124	37.517872	139.931561	4	0.094	0.059	9.434	0.745
1427788081220	37.517872	139.931560	4	0.020	-0.033	9.560	0.762
1427788081321	37.517872	139.931559	4	-0.013	-0.056	9.515	0.781
1427788081421	37.517873	139.931559	4	0.018	-0.055	9.407	0.800
1427788081522	37.517873	139.931558	4	0.098	0.073	9.415	0.819
1427788081623	37.517874	139.931557	4	0.207	0.217	9.417	0.839
1427788081724	37.517874	139.931556	4	0.319	0.373	9.416	0.859
1427788081824	37.517875	139.931556	4	0.434	0.455	9.369	0.880
1427788081920	37.517875	139.931555	5	0.554	0.502	9.358	0.900
1427788082021	37.517876	139.931554	5	0.728	0.472	9.372	0.920
1427788082121	37.517876	139.931553	5	0.879	0.401	9.373	0.940
1427788082222	37.517877	139.931552	5	0.974	0.407	9.499	0.961
1427788082323	37.517878	139.931550	5	1.017	0.394	9.512	0.983
1427788082424	37.517879	139.931549	5	0.993	0.353	9.329	1.005
1427788082524	37.517880	139.931548	5	1.040	0.363	9.276	1.027
1427788082620	37.517880	139.931547	5	1.163	0.409	9.329	1.049
1427788082721	37.517881	139.931546	5	1.294	0.368	9.257	1.072
1427788082821	37.517882	139.931544	5	1.366	0.365	9.190	1.096
1427788082922	37.517883	139.931543	5	1.425	0.357	9.201	1.121
1427788083023	37.517884	139.931542	5	1.495	0.288	9.245	1.160
1427788083123	37.517886	139.931540	5	1.563	0.191	9.311	1.201
1427788083224	37.517887	139.931539	5	1.572	0.033	9.360	1.243
1427788083320	37.517888	139.931537	5	1.549	-0.259	9.423	1.285
1427788083420	37.517890	139.931536	5	1.386	-0.537	9.585	1.330
1427788083521	37.517891	139.931534	5	1.112	-0.573	9.722	1.378
1427788083622	37.517893	139.931532	5	0.995	-0.650	9.357	1.427
1427788083723	37.517895	139.931531	5	0.917	-0.611	9.051	1.477
1427788083823	37.517896	139.931529	5	0.835	-0.524	8.840	1.529
1427788083924	37.517898	139.931527	5	0.791	-0.504	9.046	1.582
1427788084020	37.517900	139.931526	5	0.802	-0.564	9.558	1.625
1427788084120	37.517902	139.931525	5	0.919	-0.633	9.909	1.671
1427788084221	37.517904	139.931524	5	1.069	-0.672	9.723	1.720
1427788084322	37.517907	139.931522	5	1.113	-0.666	9.283	1.771
1427788084423	37.517909	139.931521	5	1.023	-0.680	9.080	1.823
1427788084523	37.517912	139.931520	5	0.891	-0.736	9.155	1.876
1427788084624	37.517914	139.931518	5	0.792	-0.813	9.428	1.932
1427788084720	37.517917	139.931517	5	0.655	-0.915	9.756	1.986
1427788084820	37.517919	139.931516	5	0.542	-0.918	9.962	2.045
1427788084921	37.517922	139.931514	5	0.548	-0.806	9.415	2.106
1427788085022	37.517925	139.931513	5	0.665	-0.718	9.091	2.168
1427788085122	37.517928	139.931511	5	0.973	-0.634	9.263	2.232
1427788085223	37.517931	139.931509	5	1.273	-0.538	9.317	2.298
1427788085324	37.517934	139.931508	5	1.296	-0.471	9.315	2.365
1427788085420	37.517937	139.931506	5	1.043	-0.439	9.423	2.431
1427788085520	37.517940	139.931504	5	0.814	-0.499	9.578	2.502
1427788085621	37.517944	139.931503	5	0.789	-0.627	9.890	2.574
1427788085722	37.517947	139.931501	5	0.918	-0.704	9.416	2.649
1427788085822	37.517951	139.931499	5	0.978	-0.664	9.187	2.724
1427788085923	37.517954	139.931497	5	0.866	-0.532	8.869	2.803
1427788086024	37.517958	139.931497	5	0.820	-0.439	8.705	2.907
1427788086125	37.517963	139.931496	5	0.763	-0.481	8.792	3.016
1427788086220	37.517967	139.931496	5	0.819	-0.691	9.556	3.122
1427788086321	37.517972	139.931495	5	0.866	-0.780	10.048	3.240
1427788086422	37.517976	139.931495	5	0.769	-0.807	9.927	3.362
1427788086522	37.517981	139.931494	5	0.673	-0.655	9.291	3.487
1427788086623	37.517987	139.931494	5	0.592	-0.555	8.644	3.618
1427788086724	37.517992	139.931493	5	0.547	-0.541	8.853	3.754
1427788086824	37.517998	139.931493	5	0.638	-0.677	9.551	3.893
1427788086920	37.518003	139.931492	5	0.723	-0.808	10.142	4.030
1427788087021	37.518008	139.931493	5	0.769	-0.793	10.161	4.055
1427788087121	37.518012	139.931494	5	0.677	-0.680	9.921	4.079
1427788087222	37.518017	139.931495	5	0.545	-0.473	9.413	4.104
1427788087323	37.518021	139.931496	5	0.273	-0.256	8.911	4.129
1427788087424	37.518026	139.931496	5	0.002	-0.096	8.746	4.154
1427788087524	37.518030	139.931497	5	-0.109	-0.122	9.142	4.179
1427788087620	37.518035	139.931498	5	-0.066	-0.306	9.590	4.203
1427788087721	37.518040	139.931499	5	0.028	-0.175	10.021	4.229
1427788087821	37.518044	139.931500	5	0.128	0.002	9.748	4.255
1427788087922	37.518049	139.931501	4	0.153	0.189	9.252	4.280
1427788088023	37.518054	139.931503	4	0.109	0.159	8.903	4.305
1427788088124	37.518058	139.931504	4	0.048	0.177	9.127	4.330
1427788088224	37.518063	139.931506	4	0.038	0.189	9.477	4.354
1427788088320	37.518067	139.931507	4	0.023	0.235	9.756	4.378
1427788088421	37.518072	139.931509	4	0.009	0.309	9.534	4.403
1427788088521	37.518076	139.931511	4	-0.005	0.316	9.079	4.429
1427788088622	37.518081	139.931512	4	0.003	0.311	8.966	4.454
1427788088723	37.518086	139.931514	4	0.024	0.218	9.135	4.480
1427788088824	37.518090	139.931515	4	0.011	0.064	9.469	4.505
1427788088924	37.518095	139.931517	4	0.005	-0.065	9.667	4.530
1427788089020	37.518100	139.931519	4	0.010	-0.102	9.558	4.530
1427788089121	37.518105	139.931521	4	0.027	-0.080	9.255	4.530
1427788089221	37.518110	139.931523	4	0.057	-0.082	9.090	4.530
1427788089322	37.518115	139.931525	4	-0.120	-0.191	9.450	4.530
1427788089423	37.518120	139.931528	4	-0.323	-0.315	9.717	4.530
1427788089523	37.518125	139.931530	4	-0.476	-0.354	9.578	4.530
1427788089624	37.518130	139.931532	4	-0.558	-0.307	9.250	4.530
1427788089720	37.518134	139.931534	4	-0.594	-0.283	9.164	4.530
1427788089820	37.518139	139.931536	4	-0.565	-0.326	9.293	4.530
1427788089921	37.518144	139.931538	8	-0.568	-0.366	9.499	4.531
1427788090022	37.518152	139.931541	8	-0.538	-0.377	9.498	4.622
1427788090123	37.518160	139.931544	8	-0.465	-0.352	9.313	4.715
1427788090223	37.518169	139.931547	8	-0.397	-0.333	9.222	4.809
1427788090324	37.518177	139.931551	8	-0.359	-0.355	9.291	4.906
1427788090420	37.518185	139.931554	8	-0.331	-0.377	9.463	5.001
1427788090520	37.518194	139.931557	8	-0.312	-0.397	9.366	5.101
1427788090621	37.518203	139.931560	8	-0.289	-0.399	9.246	5.204
1427788090722	37.518212	139.931564	8	-0.278	-0.435	9.391	5.308
1427788090823	37.518222	139.931568	8	-0.273	-0.477	9.481	5.415
1427788090923	37.518231	139.931571	8	-0.271	-0.474	9.444	5.520
1427788091024	37.518236	139.931572	8	-0.265	-0.440	9.328	5.520
1427788091120	37.518240	139.931573	8	-0.265	-0.399	9.215	5.520
1427788091220	37.518245	139.931574	8	-0.251	-0.409	9.207	5.520
1427788091321	37.518249	139.931575	8	-0.271	-0.449	9.350	5.520
1427788091422	37.518254	139.931576	8	-0.238	-0.463	9.474	5.520
1427788091522	37.518258	139.931576	8	-0.187	-0.350	9.511	5.520
1427788091623	37.518263	139.931577	8	-0.166	-0.216	9.382	5.520
1427788091724	37.518267	139.931578	8	-0.149	-0.141	9.163	5.520
1427788091825	37.518272	139.931579	8	-0.195	-0.138	9.230	5.520
1427788091920	37.518276	139.931580	4	-0.180	-0.143	9.439	5.520
1427788092021	37.518281	139.931580	4	-0.172	-0.183	9.673	5.569
1427788092122	37.518286	139.931580	4	-0.109	-0.210	9.698	5.618
1427788092222	37.518291	139.931581	4	-0.121	-0.096	9.344	5.666
1427788092323	37.518296	139.931581	4	-0.178	-0.115	9.189	5.716
1427788092424	37.518302	139.931581	4	-0.264	-0.127	9.467	5.767
1427788092525	37.518307	139.931581	4	-0.301	-0.139	9.513	5.817
1427788092620	37.518312	139.931581	4	-0.320	-0.095	9.391	5.865
1427788092722	37.518317	139.931582	4	-0.258	-0.023	9.166	5.918
1427788092822	37.518323	139.931582	4	-0.120	-0.054	9.237	5.969
1427788092922	37.518328	139.931582	4	-0.064	-0.085	9.509	6.021
1427788093023	37.518333	139.931583	4	-0.161	-0.114	9.629	6.070
1427788093124	37.518339	139.931584	4	-0.371	-0.069	9.429	6.119
1427788093224	37.518344	139.931585	4	-0.525	0.017	9.022	6.168
1427788093320	37.518349	139.931586	4	-0.558	0.061	8.860	6.215
1427788093421	37.518355	139.931587	4	-0.514	0.058	8.997	6.266
1427788093522	37.518361	139.931588	4	-0.481	0.004	9.376	6.316
1427788093622	37.518366	139.931589	4	-0.383	-0.088	9.557	6.367
1427788093723	37.518372	139.931590	4	-0.356	-0.188	9.667	6.418
1427788093824	37.518378	139.931591	4	-0.491	-0.292	9.694	6.470
1427788093924	37.518383	139.931592	4	-0.640	-0.313	9.468	6.520
1427788094020	37.518389	139.931592	4	-0.674	-0.325	9.295	6.520
1427788094121	37.518395	139.931593	4	-0.623	-0.340	9.224	6.520
1427788094221	37.518401	139.931593	4	-0.543	-0.379	9.155	6.520
1427788094322	37.518407	139.931594	4	-0.459	-0.471	9.189	6.520
1427788094423	37.518413	139.931594	4	-0.410	-0.601	9.366	6.520
1427788094524	37.518419	139.931594	4	-0.406	-0.635	9.507	6.520
1427788094624	37.518425	139.931595	4	-0.388	-0.555	9.675	6.520
1427788094720	37.518431	139.931595	4	-0.383	-0.274	9.600	6.520
1427788094821	37.518437	139.931596	4	-0.346	-0.265	9.282	6.520
1427788094921	37.518443	139.931596	4	-0.385	-0.315	9.183	6.520
1427788095022	37.518450	139.931597	4	-0.352	-0.289	9.285	6.569
1427788095123	37.518457	139.931597	4	-0.456	-0.224	9.460	6.619
1427788095223	37.518464	139.931598	4	-0.463	-0.306	9.490	6.668
1427788095324	37.518471	139.931599	4	-0.460	-0.298	9.431	6.718
1427788095420	37.518477	139.931599	4	-0.380	-0.228	9.280	6.765
1427788095521	37.518484	139.931600	4	-0.441	-0.166	9.240	6.816
1427788095621	37.518492	139.931601	4	-0.412	-0.211	9.166	6.867
1427788095722	37.518499	139.931602	4	-0.400	-0.202	9.371	6.918
1427788095823	37.518506	139.931602	4	-0.383	-0.254	9.410	6.970
1427788095923	37.518513	139.931603	4	-0.377	-0.280	9.288	7.020
1427788096024	37.518519	139.931603	4	-0.445	-0.267	9.345	7.020
1427788096120	37.518525	139.931603	4	-0.526	-0.264	9.265	7.020
1427788096220	37.518531	139.931603	4	-0.608	-0.224	9.208	7.020
1427788096321	37.518537	139.931603	4	-0.688	-0.245	9.374	7.020
1427788096422	37.518543	139.931602	4	-0.703	-0.293	9.624	7.020
1427788096523	37.518549	139.931602	4	-0.701	-0.288	9.613	7.020
1427788096623	37.518554	139.931602	4	-0.673	-0.247	9.361	7.020
1427788096724	37.518560	139.931602	4	-0.656	-0.240	9.305	7.020
1427788096820	37.518566	139.931602	4	-0.631	-0.258	9.403	7.020
1427788096920	37.518572	139.931602	5	-0.558	-0.256	9.358	7.020
1427788097021	37.518578	139.931601	5	-0.541	-0.236	9.242	7.045
1427788097122	37.518584	139.931600	5	-0.520	-0.190	9.151	7.070
1427788097223	37.518591	139.931599	5	-0.552	-0.229	9.319	7.095
1427788097323	37.518597	139.931598	5	-0.618	-0.236	9.373	7.120
1427788097424	37.518603	139.931597	5	-0.655	-0.275	9.601	7.145
1427788097520	37.518609	139.931595	5	-0.661	-0.285	9.740	7.169
1427788097620	37.518615	139.931594	5	-0.668	-0.292	9.612	7.194
1427788097721	37.518621	139.931593	5	-0.694	-0.203	9.327	7.220
1427788097822	37.518628	139.931592	5	-0.755	-0.141	9.162	7.245
1427788097922	37.518634	139.931591	5	-0.806	-0.128	9.216	7.270
1427788098023	37.518641	139.931590	5	-0.818	-0.143	9.248	7.270
1427788098124	37.518647	139.931589	5	-0.824	-0.195	9.328	7.270
1427788098225	37.518654	139.931588	5	-0.759	-0.205	9.394	7.270
1427788098320	37.518660	139.931587	5	-0.673	-0.254	9.356	7.270
1427788098421	37.518667	139.931585	5	-0.589	-0.265	9.458	7.270
1427788098522	37.518674	139.931584	5	-0.506	-0.280	9.471	7.270
1427788098622	37.518680	139.931583	5	-0.460	-0.251	9.313	7.270
1427788098723	37.518687	139.931582	5	-0.508	-0.234	9.303	7.270
1427788098824	37.518694	139.931581	5	-0.488	-0.236	9.264	7.270
1427788098925	37.518700	139.931580	5	-0.432	-0.232	9.382	7.272
1427788099020	37.518707	139.931578	5	-0.337	-0.286	9.385	7.319
1427788099121	37.518714	139.931576	5	-0.255	-0.202	9.157	7.368
1427788099222	37.518722	139.931574	5	-0.123	-0.201	9.004	7.417
1427788099322	37.518729	139.931572	5	-0.040	-0.281	9.317	7.467
1427788099423	37.518736	139.931570	5	-0.089	-0.317	9.583	7.517
1427788099524	37.518744	139.931568	5	-0.192	-0.398	9.613	7.568
1427788099624	37.518751	139.931566	5	-0.214	-0.362	9.389	7.619
1427788099720	37.518758	139.931564	5	-0.247	-0.370	9.413	7.667
1427788099821	37.518766	139.931562	5	-0.234	-0.337	9.488	7.719
1427788099921	37.518773	139.931560	5	-0.094	-0.303	9.394	7.770
1427788100022	37.518780	139.931558	5	0.045	-0.316	9.209	7.795
1427788100123	37.518787	139.931557	5	0.114	-0.372	9.330	7.820
1427788100224	37.518794	139.931555	5	0.104	-0.429	9.598	7.845
1427788100324	37.518801	139.931553	5	0.055	-0.438	9.666	7.870
1427788100420	37.518808	139.931552	5	-0.062	-0.372	9.436	7.894
1427788100521	37.518815	139.931550	5	-0.179	-0.295	9.199	7.919
1427788100621	37.518822	139.931548	5	-0.181	-0.245	9.062	7.944
1427788100722	37.518829	139.931546	5	-0.156	-0.299	9.218	7.970
1427788100823	37.518836	139.931545	5	-0.188	-0.308	9.175	7.995
1427788100923	37.518843	139.931543	3	-0.188	-0.363	9.368	8.021
1427788101024	37.518851	139.931541	3	-0.130	-0.399	9.700	8.046
1427788101120	37.518858	139.931539	3	-0.099	-0.420	9.742	8.069
1427788101221	37.518865	139.931537	3	-0.070	-0.372	9.436	8.094
1427788101321	37.518872	139.931535	3	-0.006	-0.356	9.359	8.119
1427788101422	37.518880	139.931534	3	0.061	-0.330	9.385	8.145
1427788101523	37.518887	139.931532	3	0.068	-0.345	9.325	8.170
1427788101623	37.518895	139.931530	3	0.073	-0.320	9.119	8.195
1427788101724	37.518902	139.931528	3	0.108	-0.380	9.260	8.220
1427788101820	37.518909	139.931526	3	0.154	-0.479	9.684	8.245
1427788101921	37.518917	139.931524	4	0.138	-0.471	9.699	8.270
1427788102021	37.518924	139.931522	4	0.031	-0.391	9.326	8.294
1427788102122	37.518932	139.931521	4	-0.131	-0.306	9.076	8.318
1427788102223	37.518940	139.931519	4	-0.241	-0.264	9.012	8.342
1427788102323	37.518947	139.931517	4	-0.246	-0.257	9.146	8.366
1427788102424	37.518955	139.931515	4	-0.254	-0.308	9.238	8.390
1427788102520	37.518962	139.931514	4	-0.275	-0.327	9.330	8.413
1427788102620	37.518969	139.931512	4	-0.274	-0.374	9.555	8.437
1427788102721	37.518977	139.931510	4	-0.290	-0.368	9.616	8.462
1427788102822	37.518985	139.931509	4	-0.254	-0.326	9.391	8.486
1427788102923	37.518992	139.931507	4	-0.220	-0.309	9.325	8.510
1427788103023	37.519000	139.931506	4	-0.141	-0.334	9.404	8.510
1427788103124	37.519008	139.931504	4	-0.124	-0.365	9.520	8.510
1427788103220	37.519015	139.931503	4	-0.137	-0.331	9.427	8.510
1427788103320	37.519023	139.931502	4	-0.173	-0.301	9.321	8.510
1427788103421	37.519031	139.931500	4	-0.244	-0.279	9.210	8.510
1427788103522	37.519038	139.931499	4	-0.337	-0.312	9.339	8.510
1427788103623	37.519046	139.931498	4	-0.390	-0.340	9.509	8.510
1427788103723	37.519054	139.931497	4	-0.437	-0.373	9.507	8.510
1427788103824	37.519062	139.931495	4	-0.494	-0.296	9.389	8.510
1427788103920	37.519069	139.931494	4	-0.498	-0.269	9.369	8.510
1427788104020	37.519077	139.931492	4	-0.523	-0.226	9.361	8.510
1427788104121	37.519085	139.931490	4	-0.499	-0.261	9.372	8.510
1427788104222	37.519093	139.931488	4	-0.420	-0.259	9.391	8.510
1427788104322	37.519101	139.931486	4	-0.411	-0.311	9.388	8.510
1427788104423	37.519109	139.931484	4	-0.438	-0.295	9.482	8.510
1427788104524	37.519117	139.931482	4	-0.440	-0.380	9.589	8.510
1427788104620	37.519125	139.931480	4	-0.352	-0.317	9.393	8.510
1427788104720	37.519133	139.931478	4	-0.375	-0.369	9.251	8.510
1427788104821	37.519141	139.931476	4	-0.388	-0.327	9.199	8.510
1427788104922	37.519149	139.931474	5	-0.483	-0.310	9.164	8.510
1427788105022	37.519157	139.931473	5	-0.406	-0.274	9.245	8.535
1427788105123	37.519165	139.931472	5	-0.459	-0.472	9.439	8.560
1427788105224	37.519174	139.931470	5	-0.489	-0.493	10.028	8.585
1427788105324	37.519182	139.931469	5	-0.427	-0.458	9.848	8.610
1427788105420	37.519190	139.931468	5	-0.447	-0.344	9.595	8.634
1427788105521	37.519198	139.931467	5	-0.426	-0.265	9.231	8.659
1427788105622	37.519206	139.931466	5	-0.436	-0.281	9.105	8.685
1427788105722	37.519215	139.931464	5	-0.488	-0.197	8.941	8.710
1427788105823	37.519223	139.931463	5	-0.588	-0.292	9.429	8.735
1427788105924	37.519231	139.931462	5	-0.629	-0.365	9.982	8.761
1427788106024	37.519240	139.931458	5	-0.653	-0.450	10.137	8.786
1427788106120	37.519248	139.931454	5	-0.635	-0.364	9.782	8.809
1427788106221	37.519256	139.931451	5	-0.575	-0.214	9.292	8.835
1427788106321	37.519264	139.931447	5	-0.447	-0.137	8.877	8.859
1427788106422	37.519273	139.931443	5	-0.358	-0.184	8.928	8.885
1427788106523	37.519281	139.931439	5	-0.348	-0.271	9.309	8.910
1427788106624	37.519290	139.931435	5	-0.346	-0.397	9.870	8.935
1427788106724	37.519298	139.931432	5	-0.388	-0.463	10.083	8.960
1427788106820	37.519306	139.931428	5	-0.422	-0.447	10.004	8.985
1427788106921	37.519315	139.931424	5	-0.410	-0.367	9.767	9.010
1427788107021	37.519323	139.931421	5	-0.425	-0.288	9.421	8.984
1427788107122	37.519331	139.931419	5	-0.447	-0.212	9.290	8.959
1427788107223	37.519339	139.931416	5	-0.453	-0.208	9.253	8.934
1427788107323	37.519347	139.931414	5	-0.451	-0.239	9.347	8.908
1427788107424	37.519355	139.931411	5	-0.399	-0.264	9.398	8.883
1427788107520	37.519363	139.931409	5	-0.339	-0.264	9.447	8.859
1427788107621	37.519371	139.931406	5	-0.286	-0.257	9.454	8.834
1427788107721	37.519378	139.931404	5	-0.259	-0.304	9.467	8.809
1427788107822	37.519386	139.931401	5	-0.240	-0.360	9.616	8.784
1427788107923	37.519394	139.931399	5	-0.211	-0.355	9.616	8.760
1427788108023	37.519401	139.931395	5	-0.197	-0.363	9.500	8.760
1427788108124	37.519408	139.931392	5	-0.257	-0.346	9.759	8.760
1427788108220	37.519415	139.931388	5	-0.141	-0.343	9.472	8.760
1427788108321	37.519422	139.931385	5	-0.054	-0.252	9.067	8.760
1427788108421	37.519430	139.931381	5	-0.014	-0.311	9.378	8.760
1427788108522	37.519437	139.931377	5	0.027	-0.303	9.646	8.760
1427788108623	37.519444	139.931374	5	0.002	-0.281	9.506	8.760
1427788108723	37.519451	139.931370	5	0.030	-0.307	9.403	8.760
1427788108824	37.519458	139.931366	5	0.013	-0.346	9.541	8.760
1427788108920	37.519465	139.931363	4	0.011	-0.338	9.439	8.760
1427788109020	37.519472	139.931360	4	0.107	-0.301	9.164	8.735
1427788109121	37.519479	139.931357	4	0.232	-0.294	9.144	8.709
1427788109222	37.519486	139.931354	4	0.245	-0.349	9.217	8.684
1427788109323	37.519493	139.931350	4	0.191	-0.400	9.267	8.658
1427788109423	37.519500	139.931347	4	0.108	-0.463	9.641	8.633
1427788109524	37.519508	139.931344	4	-0.002	-0.549	10.369	8.608
1427788109620	37.519514	139.931341	4	0.009	-0.558	10.320	8.584
1427788109720	37.519521	139.931338	4	0.074	-0.431	9.613	8.559
1427788109821	37.519528	139.931335	4	0.099	-0.334	9.483	8.534
1427788109922	37.519535	139.931332	5	0.038	-0.351	9.651	8.509
1427788110022	37.519542	139.931330	5	-0.096	-0.304	9.612	8.459
1427788110123	37.519549	139.931329	5	-0.220	-0.222	9.313	8.408
1427788110224	37.519556	139.931327	5	-0.350	-0.214	9.244	8.358
1427788110320	37.519563	139.931325	5	-0.425	-0.218	9.449	8.311
1427788110420	37.519570	139.931324	5	-0.379	-0.240	9.547	8.261
1427788110521	37.519576	139.931322	5	-0.264	-0.189	9.206	8.212
1427788110622	37.519583	139.931321	5	-0.108	-0.136	8.839	8.163
1427788110722	37.519590	139.931319	5	0.032	-0.131	8.748	8.115
1427788110823	37.519597	139.931318	5	0.098	-0.192	8.943	8.066
1427788110924	37.519603	139.931316	5	0.038	-0.303	9.428	8.019
1427788111020	37.519610	139.931315	5	-0.178	-0.483	9.933	7.995
1427788111120	37.519617	139.931313	5	-0.189	-0.695	9.800	7.969
1427788111221	37.519624	139.931312	5	-0.244	-0.739	9.440	7.944
1427788111322	37.519631	139.931310	5	-0.246	-0.773	9.395	7.919
1427788111422	37.519638	139.931309	5	-0.071	-0.808	9.293	7.894
1427788111523	37.519645	139.931308	5	-0.124	-0.731	9.243	7.868
1427788111624	37.519652	139.931306	5	-0.327	-0.677	8.994	7.843
1427788111725	37.519659	139.931305	5	-0.451	-0.599	8.525	7.818
1427788111820	37.519665	139.931303	5	-0.529	-0.684	8.729	7.795
1427788111921	37.519672	139.931302	5	-0.329	-0.872	9.908	7.769
1427788112022	37.519678	139.931299	5	-0.328	-0.976	10.600	7.662
1427788112122	37.519683	139.931296	5	-0.336	-0.896	9.980	7.557
1427788112223	37.519689	139.931292	5	-0.345	-0.776	9.046	7.452
1427788112324	37.519694	139.931289	5	-0.422	-0.655	8.744	7.349
1427788112424	37.519699	139.931286	5	-0.470	-0.627	9.080	7.249
1427788112520	37.519704	139.931284	5	-0.458	-0.613	9.324	7.153
1427788112621	37.519709	139.931281	5	-0.329	-0.566	9.203	7.055
1427788112721	37.519714	139.931278	5	-0.215	-0.503	9.118	6.958
1427788112822	37.519719	139.931275	5	-0.104	-0.450	9.498	6.862
1427788112923	37.519724	139.931272	5	-0.104	-0.401	9.917	6.768
1427788113024	37.519730	139.931270	5	-0.022	-0.343	9.727	6.716
1427788113124	37.519736	139.931268	5	-0.060	-0.265	9.239	6.665
1427788113220	37.519741	139.931266	5	-0.097	-0.162	9.081	6.616
1427788113321	37.519747	139.931264	5	-0.096	-0.163	9.297	6.565
1427788113421	37.519752	139.931262	5	-0.077	-0.207	9.564	6.515
1427788113522	37.519758	139.931260	5	-0.035	-0.246	9.875	6.464
1427788113623	37.519763	139.931258	5	-0.001	-0.222	9.522	6.414
1427788113724	37.519769	139.931256	5	-0.067	-0.180	9.089	6.365
1427788113824	37.519774	139.931254	5	-0.050	-0.211	9.041	6.316
1427788113920	37.519779	139.931252	4	-0.034	-0.373	9.355	6.270
1427788114021	37.519784	139.931250	4	-0.021	-0.547	9.650	6.244
1427788114121	37.519790	139.931248	4	-0.052	-0.691	9.476	6.219
1427788114222	37.519795	139.931246	4	-0.067	-0.752	9.320	6.193
1427788114323	37.519800	139.931244	4	-0.108	-0.790	9.492	6.168
1427788114423	37.519805	139.931242	4	-0.163	-0.850	9.759	6.143
1427788114524	37.519811	139.931240	4	-0.221	-0.808	9.667	6.118
1427788114620	37.519816	139.931239	4	-0.269	-0.768	9.336	6.094
1427788114721	37.519821	139.931237	4	-0.280	-0.751	9.214	6.069
1427788114821	37.519826	139.931235	4	-0.268	-0.739	9.448	6.044
1427788114922	37.519831	139.931233	4	-0.246	-0.688	9.653	6.018
1427788115023	37.519835	139.931231	4	-0.248	-0.585	9.442	5.938
1427788115123	37.519839	139.931229	4	-0.251	-0.458	9.240	5.860
1427788115224	37.519843	139.931227	4	-0.270	-0.393	9.167	5.781
1427788115320	37.519847	139.931225	4	-0.238	-0.322	9.304	5.708
1427788115420	37.519851	139.931223	4	-0.185	-0.289	9.439	5.633
1427788115521	37.519854	139.931221	4	-0.144	-0.235	9.455	5.557
1427788115622	37.519858	139.931219	4	-0.190	-0.217	9.450	5.483
1427788115723	37.519862	139.931218	4	-0.127	-0.203	9.447	5.410
1427788115823	37.519866	139.931216	4	-0.049	-0.271	9.467	5.338
1427788115924	37.519869	139.931214	4	0.060	-0.284	9.467	5.268
1427788116020	37.519873	139.931214	4	0.112	-0.311	9.403	5.219
1427788116120	37.519878	139.931215	4	0.099	-0.298	9.387	5.168
1427788116221	37.519882	139.931215	4	0.012	-0.385	9.349	5.117
1427788116322	37.519887	139.931215	4	-0.017	-0.447	9.409	5.067
1427788116422	37.519891	139.931216	4	-0.033	-0.539	9.454	5.018
1427788116523	37.519895	139.931216	4	0.023	-0.637	9.437	4.969
1427788116624	37.519900	139.931216	4	0.060	-0.699	9.411	4.920
1427788116720	37.519904	139.931216	4	0.140	-0.708	9.381	4.874
1427788116820	37.519908	139.931217	4	0.178	-0.741	9.272	4.827
1427788116921	37.519912	139.931217	5	0.226	-0.759	9.231	4.779
1427788117022	37.519915	139.931217	5	0.255	-0.840	9.339	4.726
1427788117122	37.519919	139.931217	5	0.256	-0.903	9.341	4.675
1427788117223	37.519922	139.931216	5	0.241	-0.943	9.334	4.623
1427788117324	37.519925	139.931216	5	0.227	-1.058	9.372	4.571
1427788117420	37.519928	139.931216	5	0.226	-1.125	9.280	4.523
1427788117520	37.519931	139.931216	5	0.178	-1.169	9.292	4.473
1427788117621	37.519934	139.931216	5	0.133	-1.251	9.364	4.424
1427788117722	37.519937	139.931215	5	0.084	-1.318	9.427	4.375
1427788117822	37.519940	139.931215	5	-0.074	-1.408	9.374	4.327
1427788117923	37.519943	139.931215	5	-0.274	-1.406	9.407	4.277
1427788118024	37.519947	139.931216	5	-0.450	-1.424	9.352	4.165
1427788118124	37.519950	139.931217	5	-0.537	-1.452	9.342	4.057
1427788118220	37.519953	139.931218	5	-0.560	-1.515	9.364	3.956
1427788118321	37.519956	139.931219	5	-0.500	-1.566	9.408	3.852
1427788118421	37.519960	139.931220	5	-0.453	-1.561	9.448	3.752
1427788118522	37.519963	139.931221	5	-0.466	-1.569	9.419	3.653
1427788118623	37.519966	139.931222	5	-0.469	-1.562	9.296	3.557
1427788118724	37.519969	139.931223	5	-0.575	-1.610	9.303	3.464
1427788118824	37.519971	139.931224	5	-0.676	-1.601	9.526	3.374
1427788118920	37.519974	139.931225	5	-0.745	-1.622	9.535	3.290
1427788119021	37.519976	139.931224	5	-0.734	-1.606	9.366	3.103
1427788119121	37.519977	139.931222	5	-0.644	-1.564	9.327	2.927
1427788119222	37.519978	139.931221	5	-0.562	-1.435	9.496	2.757
1427788119323	37.519980	139.931220	5	-0.481	-1.131	9.629	2.596
1427788119424	37.519981	139.931219	5	-0.523	-0.870	9.482	2.443
1427788119524	37.519982	139.931218	5	-0.513	-0.570	9.339	2.301
1427788119620	37.519983	139.931217	5	-0.444	-0.317	9.218	2.172
1427788119721	37.519984	139.931216	5	-0.308	-0.144	9.131	2.045
1427788119821	37.519985	139.931215	5	-0.120	-0.097	9.088	1.928
1427788119922	37.519986	139.931214	5	-0.017	-0.086	9.349	1.820
1427788120023	37.519987	139.931215	5	0.115	0.132	9.692	1.843
1427788120123	37.519988	139.931216	5	0.319	0.581	9.830	1.866
1427788120224	37.519989	139.931216	5	0.581	0.888	9.593	1.890
1427788120320	37.519991	139.931217	5	0.791	1.029	9.375	1.912
1427788120421	37.519992	139.931218	5	0.917	1.112	9.337	1.937
1427788120521	37.519993	139.931219	5	0.913	1.103	9.472	1.961
1427788120622	37.519994	139.931220	5	0.875	1.046	9.796	1.985
1427788120723	37.519996	139.931220	5	0.765	1.003	10.090	2.010
1427788120823	37.519997	139.931221	5	0.552	1.051	9.938	2.035
1427788120924	37.519998	139.931222	5	0.418	1.193	9.395	2.062
1427788121020	37.520000	139.931223	5	0.287	1.307	9.149	2.104
1427788121120	37.520001	139.931225	5	0.140	1.299	9.359	2.150
1427788121221	37.520003	139.931226	5	0.053	1.201	9.558	2.197
1427788121322	37.520005	139.931227	5	0.097	1.133	9.344	2.244
1427788121423	37.520007	139.931229	5	0.162	1.181	9.138	2.293
1427788121523	37.520008	139.931230	5	0.060	1.154	9.547	2.343
1427788121624	37.520010	139.931232	5	-0.089	1.183	10.345	2.394
1427788121720	37.520012	139.931233	5	0.082	1.146	9.941	2.444
1427788121820	37.520014	139.931234	5	0.348	1.099	9.436	2.496
1427788121921	37.520016	139.931236	6	0.423	1.161	9.048	2.551
1427788122022	37.520019	139.931238	6	0.331	1.172	9.116	2.636
1427788122123	37.520023	139.931239	6	0.289	1.093	9.552	2.725
1427788122223	37.520026	139.931241	6	0.420	1.035	9.727	2.816
1427788122324	37.520030	139.931243	6	0.414	0.836	10.070	2.911
1427788122420	37.520033	139.931245	6	0.428	0.676	10.003	3.005
1427788122520	37.520037	139.931247	6	0.300	0.698	9.644	3.105
1427788122621	37.520041	139.931249	6	-0.066	0.982	9.078	3.210
1427788122722	37.520046	139.931251	6	-0.233	0.855	8.783	3.318
1427788122822	37.520050	139.931253	6	-0.233	0.867	9.106	3.429
1427788122923	37.520054	139.931255	6	0.027	0.718	9.316	3.542
1427788123024	37.520058	139.931257	6	0.318	0.406	8.860	3.610
1427788123120	37.520062	139.931259	6	0.369	0.154	9.190	3.677
1427788123220	37.520065	139.931260	6	0.424	-0.004	9.464	3.747
1427788123321	37.520070	139.931262	6	0.319	-0.060	9.255	3.820
1427788123422	37.520074	139.931264	6	0.101	0.019	8.598	3.894
1427788123522	37.520078	139.931266	6	-0.164	0.083	8.572	3.969
1427788123623	37.520082	139.931268	6	-0.330	0.051	8.918	4.046
1427788123724	37.520086	139.931270	6	-0.187	-0.099	9.024	4.124
1427788123825	37.520091	139.931272	6	-0.170	-0.122	9.316	4.204
1427788123920	37.520095	139.931274	5	-0.181	-0.176	9.514	4.280
1427788124021	37.520098	139.931276	5	-0.086	-0.235	9.539	4.227
1427788124122	37.520101	139.931277	5	-0.160	-0.255	9.709	4.174
1427788124222	37.520104	139.931279	5	-0.096	-0.233	9.816	4.122
1427788124323	37.520106	139.931280	5	-0.122	-0.127	9.438	4.071
1427788124424	37.520109	139.931282	5	-0.318	-0.088	9.066	4.020
1427788124524	37.520112	139.931283	5	-0.486	-0.046	9.432	3.971
1427788124620	37.520114	139.931285	5	-0.553	-0.111	9.873	3.923
1427788124721	37.520117	139.931286	5	-0.609	-0.114	9.879	3.875
1427788124821	37.520119	139.931288	5	-0.555	-0.007	9.628	3.827
1427788124922	37.520122	139.931289	5	-0.324	0.214	9.462	3.781
1427788125023	37.520125	139.931291	5	-0.183	0.371	9.516	3.829
1427788125124	37.520129	139.931292	5	-0.211	0.742	9.520	3.877
1427788125224	37.520132	139.931294	5	-0.249	1.073	9.237	3.925
1427788125320	37.520136	139.931295	5	-0.332	1.215	9.130	3.973
1427788125421	37.520139	139.931297	5	-0.363	1.206	9.440	4.023
1427788125521	37.520143	139.931298	5	-0.175	1.178	9.619	4.073
1427788125622	37.520147	139.931300	5	0.091	1.132	9.546	4.125
1427788125723	37.520151	139.931302	5	0.312	1.094	9.409	4.177
1427788125823	37.520154	139.931303	5	0.338	1.033	9.524	4.229
1427788125924	37.520158	139.931305	4	0.264	0.947	9.616	4.282
1427788126020	37.520163	139.931306	4	0.140	0.895	9.507	4.328
1427788126121	37.520167	139.931308	4	-0.078	0.969	9.467	4.376
1427788126221	37.520172	139.931309	4	-0.310	0.976	9.427	4.425
1427788126322	37.520177	139.931310	4	-0.431	1.083	9.434	4.474
1427788126423	37.520181	139.931311	4	-0.454	1.067	9.102	4.525
1427788126524	37.520186	139.931313	4	-0.360	1.092	9.143	4.575
1427788126620	37.520191	139.931314	4	-0.291	1.110	9.284	4.624
1427788126721	37.520196	139.931315	4	-0.205	1.004	9.481	4.676
1427788126821	37.520201	139.931317	4	-0.123	0.869	9.471	4.728
1427788126921	37.520206	139.931318	5	-0.043	0.768	9.319	4.781
1427788127022	37.520212	139.931319	5	-0.019	0.733	9.121	4.893
1427788127123	37.520218	139.931321	5	-0.069	0.719	9.049	5.009
1427788127223	37.520224	139.931322	5	-0.148	0.771	9.094	5.126
1427788127324	37.520230	139.931324	5	-0.212	0.798	9.338	5.247
1427788127420	37.520236	139.931325	5	-0.173	0.725	9.414	5.364
1427788127520	37.520242	139.931327	5	-0.156	0.569	9.258	5.490
1427788127621	37.520249	139.931328	5	-0.244	0.567	9.327	5.619
1427788127722	37.520255	139.931330	5	-0.174	0.553	9.577	5.752
1427788127823	37.520262	139.931331	5	-0.160	0.439	9.392	5.887
1427788127923	37.520269	139.931333	5	-0.179	0.511	9.325	6.023
1427788128024	37.520275	139.931335	5	-0.124	0.393	9.107	6.117
1427788128120	37.520280	139.931336	5	-0.191	0.446	9.345	6.208
1427788128220	37.520286	139.931338	5	-0.194	0.316	9.426	6.304
1427788128321	37.520292	139.931339	5	-0.352	0.239	9.411	6.403
1427788128422	37.520298	139.931341	5	-0.376	0.094	9.220	6.503
1427788128523	37.520304	139.931342	5	-0.360	-0.008	9.342	6.605
1427788128623	37.520310	139.931344	5	-0.369	-0.078	9.592	6.707
1427788128724	37.520317	139.931346	5	-0.356	-0.065	9.667	6.812
1427788128820	37.520323	139.931347	5	-0.340	-0.032	9.490	6.913
1427788128920	37.520329	139.931349	5	-0.351	-0.026	9.224	7.020
1427788129021	37.520336	139.931349	5	-0.363	0.008	9.278	6.994
1427788129122	37.520344	139.931349	5	-0.350	-0.010	9.279	6.969
1427788129222	37.520351	139.931349	5	-0.373	-0.014	9.323	6.944
1427788129323	37.520358	139.931349	5	-0.385	-0.067	9.506	6.918
1427788129424	37.520365	139.931350	5	-0.436	-0.048	9.436	6.893
1427788129525	37.520372	139.931350	5	-0.458	-0.027	9.348	6.868
1427788129620	37.520379	139.931350	5	-0.485	-0.077	9.601	6.844
1427788129721	37.520386	139.931350	5	-0.487	-0.035	9.693	6.819
1427788129822	37.520393	139.931350	5	-0.542	-0.024	9.524	6.794
1427788129922	37.520400	139.931350	5	-0.461	0.074	9.324	6.771
1427788130023	37.520406	139.931350	5	-0.457	0.161	9.548	6.820
1427788130124	37.520413	139.931350	5	-0.386	0.326	9.665	6.869
1427788130220	37.520419	139.931350	5	-0.249	0.417	9.464	6.916
1427788130320	37.520425	139.931350	5	-0.043	0.526	9.355	6.966
1427788130421	37.520432	139.931350	5	0.121	0.601	9.373	7.016
1427788130522	37.520439	139.931350	5	0.374	0.665	9.603	7.067
1427788130622	37.520445	139.931350	5	0.576	0.579	9.291	7.117
1427788130723	37.520452	139.931350	5	0.622	0.606	9.292	7.169
1427788130824	37.520459	139.931350	5	0.606	0.653	9.462	7.220
1427788130924	37.520465	139.931350	3	0.589	0.692	9.358	7.273
1427788131020	37.520472	139.931350	3	0.538	0.671	9.297	7.342
1427788131121	37.520479	139.931351	3	0.514	0.620	9.470	7.415
1427788131222	37.520485	139.931351	3	0.419	0.562	9.742	7.489
1427788131322	37.520492	139.931351	3	0.327	0.520	9.608	7.563
1427788131423	37.520499	139.931351	3	0.177	0.620	9.448	7.638
1427788131524	37.520506	139.931352	3	0.102	0.614	9.391	7.714
1427788131624	37.520514	139.931352	3	0.069	0.677	9.506	7.790
1427788131720	37.520520	139.931352	3	0.057	0.690	9.492	7.864
1427788131821	37.520528	139.931353	3	0.095	0.674	9.273	7.942
1427788131921	37.520535	139.931353	4	0.111	0.692	9.352	8.021
1427788132022	37.520543	139.931353	4	0.109	0.728	9.403	8.092
1427788132123	37.520551	139.931353	4	0.063	0.632	9.504	8.165
1427788132224	37.520559	139.931353	4	0.097	0.530	9.354	8.238
1427788132324	37.520566	139.931353	4	0.112	0.511	9.367	8.311
1427788132420	37.520574	139.931353	4	0.070	0.515	9.470	8.382
1427788132521	37.520582	139.931353	4	0.062	0.557	9.419	8.457
1427788132621	37.520590	139.931353	4	0.011	0.661	9.181	8.532
1427788132722	37.520599	139.931353	4	-0.058	0.636	9.217	8.608
1427788132823	37.520607	139.931353	4	-0.088	0.588	9.326	8.685
1427788132924	37.520615	139.931353	4	-0.100	0.549	9.437	8.761
1427788133024	37.520623	139.931353	4	-0.102	0.475	9.484	8.786
1427788133120	37.520631	139.931353	4	-0.077	0.453	9.696	8.809
1427788133221	37.520639	139.931353	4	-0.037	0.459	9.747	8.835
1427788133321	37.520647	139.931353	4	0.057	0.450	9.588	8.859
1427788133422	37.520655	139.931354	4	0.156	0.363	9.599	8.885
1427788133523	37.520663	139.931354	4	0.215	0.314	9.543	8.910
1427788133623	37.520671	139.931354	4	0.172	0.201	9.555	8.935
1427788133724	37.520679	139.931354	4	0.045	0.259	9.377	8.960
1427788133820	37.520687	139.931354	4	-0.067	0.418	9.147	8.985
1427788133920	37.520695	139.931354	4	-0.051	0.487	9.209	9.010
1427788134021	37.520703	139.931355	4	0.111	0.342	9.405	9.035
1427788134122	37.520711	139.931356	4	0.146	0.226	9.412	9.060
1427788134223	37.520719	139.931357	4	0.106	0.252	9.503	9.085
1427788134323	37.520727	139.931358	4	0.095	0.258	9.626	9.110
1427788134424	37.520735	139.931359	4	0.156	0.125	9.446	9.135
1427788134520	37.520743	139.931359	4	0.140	0.125	9.127	9.159
1427788134620	37.520751	139.931360	4	0.084	0.160	8.923	9.184
1427788134721	37.520759	139.931361	4	0.121	0.057	9.158	9.210
1427788134822	37.520767	139.931362	4	0.130	-0.135	9.425	9.235
1427788134923	37.520775	139.931363	5	0.055	-0.183	9.709	9.261
1427788135023	37.520784	139.931363	5	-0.015	-0.142	9.762	9.310
1427788135124	37.520792	139.931362	5	0.076	-0.153	9.544	9.360
1427788135220	37.520801	139.931362	5	0.144	-0.174	9.235	9.407
1427788135320	37.520809	139.931361	5	0.207	-0.113	9.238	9.457
1427788135421	37.520818	139.931361	5	0.348	-0.130	9.264	9.507
1427788135522	37.520827	139.931361	5	0.482	-0.251	9.306	9.558
1427788135622	37.520836	139.931360	5	0.541	-0.320	9.450	9.608
1427788135723	37.520845	139.931360	5	0.519	-0.290	9.633	9.659
1427788135824	37.520853	139.931359	5	0.451	-0.262	9.615	9.711
1427788135920	37.520862	139.931359	5	0.371	-0.277	9.380	9.760
1427788136020	37.520871	139.931358	5	0.271	-0.231	9.354	9.735
1427788136121	37.520879	139.931357	5	0.162	-0.166	9.421	9.709
1427788136222	37.520888	139.931356	5	0.152	-0.137	9.523	9.684
1427788136322	37.520897	139.931355	5	0.199	-0.170	9.281	9.659
1427788136423	37.520906	139.931354	5	0.144	-0.161	9.243	9.633
1427788136524	37.520914	139.931354	5	0.098	-0.124	9.385	9.608
1427788136625	37.520923	139.931353	5	0.132	-0.125	9.391	9.583
1427788136720	37.520931	139.931352	5	0.221	-0.218	9.431	9.559
1427788136821	37.520940	139.931351	5	0.212	-0.246	9.492	9.534
1427788136922	37.520948	139.931350	5	0.101	-0.155	9.465	9.509
1427788137022	37.520956	139.931350	5	0.026	-0.075	9.478	9.484
1427788137123	37.520965	139.931351	5	0.046	-0.065	9.343	9.459
1427788137224	37.520973	139.931351	5	-0.054	0.004	9.164	9.433
1427788137324	37.520981	139.931351	5	-0.110	0.105	9.335	9.408
1427788137420	37.520989	139.931352	5	-0.001	0.164	9.386	9.384
1427788137521	37.520997	139.931352	5	0.128	0.084	9.246	9.359
1427788137622	37.521005	139.931352	5	0.172	0.057	9.391	9.334
1427788137722	37.521013	139.931352	5	0.191	0.125	9.607	9.309
1427788137823	37.521021	139.931353	5	0.263	0.081	9.624	9.284
1427788137924	37.521029	139.931353	4	0.339	-0.021	9.436	9.261
1427788138024	37.521038	139.931353	4	0.344	0.095	9.504	9.286
1427788138120	37.521046	139.931353	4	0.398	0.125	9.359	9.309
1427788138221	37.521055	139.931353	4	0.414	0.013	9.290	9.335
1427788138321	37.521064	139.931353	4	0.262	0.089	9.568	9.359
1427788138422	37.521072	139.931353	4	0.189	0.108	9.645	9.385
1427788138523	37.521081	139.931352	4	0.107	0.033	9.556	9.410
1427788138624	37.521090	139.931352	4	-0.042	0.145	9.495	9.435
1427788138724	37.521099	139.931352	4	-0.006	0.128	9.204	9.460
1427788138820	37.521107	139.931352	4	-0.083	0.078	9.131	9.485
1427788138921	37.521116	139.931352	5	-0.148	0.127	9.372	9.510
1427788139021	37.521125	139.931352	5	-0.117	-0.002	9.380	9.535
1427788139122	37.521134	139.931351	5	-0.165	-0.004	9.479	9.560
1427788139223	37.521143	139.931351	5	-0.102	0.043	9.368	9.585
1427788139324	37.521152	139.931350	5	-0.088	-0.043	9.298	9.610
1427788139425	37.521161	139.931349	5	-0.113	0.047	9.269	9.635
1427788139520	37.521169	139.931349	5	0.016	-0.033	9.466	9.659
1427788139621	37.521178	139.931349	5	0.067	-0.137	9.598	9.685
1427788139721	37.521187	139.931348	5	0.081	-0.075	9.684	9.710
1427788139822	37.521196	139.931347	5	0.200	-0.079	9.379	9.735
1427788139923	37.521205	139.931347	6	0.104	-0.025	9.183	9.760
1427788140023	37.521213	139.931346	6	0.141	0.043	9.010	9.760
1427788140124	37.521220	139.931345	6	0.177	-0.080	9.112	9.760
1427788140220	37.521227	139.931344	6	0.138	-0.022	9.376	9.760
1427788140321	37.521234	139.931343	6	0.176	-0.094	9.399	9.760
1427788140421	37.521242	139.931342	6	0.110	-0.189	9.609	9.760
1427788140522	37.521249	139.931342	6	0.031	-0.066	9.696	9.760
1427788140623	37.521256	139.931341	6	-0.010	-0.100	9.331	9.760
1427788140723	37.521264	139.931340	6	-0.123	-0.040	9.275	9.760
1427788140824	37.521271	139.931339	6	-0.086	-0.017	9.490	9.760
1427788140920	37.521278	139.931338	6	-0.050	-0.160	9.555	9.760
1427788141020	37.521285	139.931338	6	-0.050	-0.144	9.753	9.735
1427788141121	37.521293	139.931338	6	0.011	-0.063	9.376	9.709
1427788141222	37.521300	139.931337	6	0.083	-0.115	9.093	9.684
1427788141323	37.521307	139.931337	6	0.107	-0.059	9.440	9.658
1427788141423	37.521314	139.931337	6	0.202	-0.078	9.367	9.633
1427788141524	37.521322	139.931337	6	0.234	-0.159	9.435	9.608
1427788141620	37.521329	139.931337	6	0.134	-0.139	9.751	9.584
1427788141720	37.521336	139.931336	6	0.127	-0.096	9.520	9.559
1427788141821	37.521343	139.931336	6	0.144	-0.107	9.153	9.534
1427788141922	37.521350	139.931336	6	0.081	0.006	9.112	9.510
1427788142023	37.521359	139.931337	6	0.086	-0.013	9.321	9.510
1427788142123	37.521367	139.931338	6	0.058	-0.198	9.501	9.510
1427788142224	37.521376	139.931338	6	-0.070	-0.121	9.730	9.510
1427788142320	37.521384	139.931339	6	-0.096	-0.095	9.814	9.510
1427788142420	37.521392	139.931340	6	-0.003	-0.149	9.434	9.510
1427788142521	37.521400	139.931341	6	0.003	-0.002	9.088	9.510
1427788142622	37.521409	139.931342	6	0.108	0.061	9.030	9.510
1427788142722	37.521417	139.931342	6	0.146	-0.055	9.162	9.510
1427788142823	37.521426	139.931343	6	0.070	-0.071	9.378	9.510
1427788142924	37.521434	139.931344	5	0.046	-0.037	9.656	9.513
1427788143024	37.521444	139.931344	5	0.130	-0.112	9.551	9.585
1427788143120	37.521453	139.931345	5	0.076	-0.168	9.578	9.655
1427788143221	37.521462	139.931345	5	-0.003	-0.032	9.524	9.730
1427788143322	37.521472	139.931346	5	-0.001	0.017	9.060	9.805
1427788143422	37.521481	139.931346	5	-0.056	-0.002	8.945	9.879
1427788143523	37.521491	139.931347	5	-0.118	-0.016	9.275	9.955
1427788143624	37.521501	139.931347	5	-0.056	-0.005	9.602	10.032
1427788143724	37.521511	139.931348	5	0.032	-0.137	9.601	10.109
1427788143820	37.521520	139.931348	5	0.057	-0.134	9.553	10.182
1427788143921	37.521530	139.931349	5	0.027	0.036	9.317	10.259
1427788144022	37.521539	139.931348	5	0.079	-0.040	9.422	10.208
1427788144122	37.521548	139.931348	5	0.056	-0.058	9.497	10.157
1427788144223	37.521557	139.931347	5	0.066	-0.012	9.600	10.106
1427788144324	37.521565	139.931347	5	0.144	-0.058	9.615	10.055
1427788144424	37.521574	139.931346	5	0.109	-0.156	9.541	10.005
1427788144520	37.521582	139.931346	5	0.069	0.012	9.514	9.957
1427788144621	37.521591	139.931345	5	0.069	0.058	9.272	9.907
1427788144721	37.521599	139.931345	5	0.068	0.045	8.859	9.858
1427788144822	37.521608	139.931344	5	-0.064	0.067	8.996	9.808
1427788144923	37.521616	139.931344	5	-0.078	0.056	9.435	9.760
1427788145024	37.521625	139.931345	5	-0.038	-0.018	9.410	9.760
1427788145124	37.521634	139.931345	5	-0.113	-0.048	9.269	9.760
1427788145220	37.521642	139.931345	5	-0.146	0.061	9.246	9.760
1427788145321	37.521651	139.931346	5	-0.115	0.036	9.251	9.760
1427788145421	37.521660	139.931346	5	-0.101	-0.055	9.400	9.760
1427788145522	37.521668	139.931347	5	-0.142	-0.025	9.552	9.760
1427788145623	37.521677	139.931348	5	-0.164	0.058	9.427	9.760
1427788145724	37.521686	139.931348	5	-0.144	0.001	9.160	9.760
1427788145824	37.521695	139.931349	5	-0.165	0.002	9.267	9.760
1427788145920	37.521703	139.931349	4	-0.149	0.042	9.529	9.760
1427788146021	37.521712	139.931349	4	-0.061	-0.039	9.540	9.760
1427788146121	37.521720	139.931350	4	-0.080	-0.069	9.452	9.760
1427788146222	37.521729	139.931350	4	0.065	0.101	9.042	9.760
1427788146323	37.521738	139.931350	4	-0.141	0.024	9.355	9.760
1427788146423	37.521747	139.931351	4	-0.078	-0.075	9.380	9.760
1427788146524	37.521756	139.931351	4	-0.154	-0.093	9.927	9.760
1427788146620	37.521764	139.931351	4	-0.228	-0.127	10.219	9.760
1427788146720	37.521773	139.931351	4	-0.122	-0.214	9.813	9.760
1427788146821	37.521781	139.931352	4	-0.224	0.058	9.177	9.760
1427788146922	37.521790	139.931352	5	-0.280	0.191	8.698	9.760
1427788147023	37.521799	139.931351	5	-0.320	0.138	8.783	9.760
1427788147123	37.521807	139.931350	5	-0.294	0.153	9.314	9.760
1427788147224	37.521816	139.931349	5	-0.170	0.052	9.521	9.760
1427788147320	37.521824	139.931348	5	-0.156	-0.052	9.661	9.760
1427788147420	37.521833	139.931347	5	-0.171	0.044	9.769	9.760
1427788147521	37.521842	139.931347	5	-0.043	0.085	9.388	9.760
1427788147622	37.521850	139.931346	5	0.014	0.070	8.871	9.760
1427788147723	37.521859	139.931345	5	-0.091	0.145	9.225	9.760
1427788147823	37.521868	139.931344	5	-0.070	0.052	9.476	9.760
1427788147924	37.521876	139.931343	6	-0.127	-0.048	9.664	9.760
1427788148020	37.521884	139.931342	6	-0.130	0.057	9.761	9.760
1427788148120	37.521893	139.931340	6	-0.060	0.051	9.307	9.760
1427788148221	37.521902	139.931338	6	-0.151	0.083	9.063	9.760
1427788148322	37.521910	139.931337	6	-0.220	0.158	9.329	9.760
1427788148422	37.521919	139.931335	6	-0.258	0.051	9.450	9.760
1427788148523	37.521927	139.931334	6	-0.357	0.075	9.598	9.760
1427788148624	37.521936	139.931332	6	-0.320	0.098	9.584	9.760
1427788148720	37.521944	139.931331	6	-0.286	0.045	9.446	9.760
1427788148820	37.521952	139.931330	6	-0.295	0.161	9.369	9.760
1427788148921	37.521961	139.931328	6	-0.268	0.148	8.927	9.759
1427788149022	37.521968	139.931329	6	-0.272	0.111	8.615	9.708
1427788149122	37.521975	139.931329	6	-0.246	0.115	8.921	9.657
1427788149223	37.521982	139.931330	6	-0.139	-0.019	9.321	9.606
1427788149324	37.521988	139.931330	6	-0.211	-0.188	9.886	9.555
1427788149424	37.521995	139.931331	6	-0.323	-0.206	10.128	9.505
1427788149520	37.522002	139.931332	6	-0.270	-0.147	9.771	9.457
1427788149621	37.522008	139.931332	6	-0.278	-0.161	9.381	9.407
1427788149722	37.522015	139.931333	6	-0.216	-0.001	9.290	9.357
1427788149822	37.522022	139.931333	6	-0.093	0.019	8.946	9.308
1427788149923	37.522028	139.931334	6	-0.061	-0.044	8.894	9.261
1427788150024	37.522037	139.931334	6	-0.038	-0.073	9.447	9.286
1427788150124	37.522047	139.931334	6	0.043	-0.219	9.805	9.310
1427788150220	37.522055	139.931334	6	0.024	-0.238	9.875	9.334
1427788150321	37.522065	139.931334	6	0.012	-0.109	9.692	9.359
1427788150422	37.522074	139.931334	6	0.038	-0.112	9.257	9.385
1427788150522	37.522083	139.931335	6	-0.050	-0.117	9.285	9.410
1427788150623	37.522092	139.931335	6	-0.082	-0.065	9.544	9.435
1427788150724	37.522102	139.931335	6	-0.054	-0.133	9.580	9.460
1427788150824	37.522111	139.931335	6	-0.147	-0.086	9.369	9.486
1427788150920	37.522120	139.931335	5	-0.176	0.024	9.261	9.510
1427788151021	37.522130	139.931335	5	-0.184	-0.006	9.074	9.510
1427788151121	37.522139	139.931334	5	-0.246	-0.048	9.249	9.510
1427788151222	37.522149	139.931334	5	-0.286	-0.001	9.506	9.510
1427788151323	37.522158	139.931333	5	-0.212	-0.077	9.506	9.510
1427788151424	37.522168	139.931333	5	-0.249	-0.121	9.481	9.510
1427788151524	37.522177	139.931333	5	-0.210	-0.001	9.519	9.510
1427788151620	37.522186	139.931332	5	-0.115	-0.048	9.464	9.510
1427788151721	37.522196	139.931332	5	-0.076	-0.069	9.222	9.510
1427788151821	37.522206	139.931331	5	-0.058	-0.061	9.354	9.510
1427788151922	37.522215	139.931331	5	0.028	-0.109	9.576	9.510
1427788152023	37.522223	139.931331	5	0.069	-0.189	9.345	9.510
1427788152123	37.522232	139.931331	5	0.028	-0.086	9.404	9.510
1427788152224	37.522240	139.931331	5	0.093	-0.084	9.480	9.510
1427788152320	37.522248	139.931331	5	0.176	-0.128	9.309	9.510
1427788152421	37.522256	139.931331	5	0.126	-0.110	9.371	9.510
1427788152521	37.522264	139.931331	5	0.092	-0.050	9.549	9.510
1427788152622	37.522273	139.931331	5	0.090	-0.099	9.410	9.510
1427788152723	37.522281	139.931331	5	0.021	-0.102	9.324	9.510
1427788152823	37.522289	139.931331	5	-0.050	-0.024	9.414	9.510
1427788152924	37.522297	139.931331	4	-0.052	-0.043	9.370	9.509
1427788153020	37.522305	139.931331	4	-0.086	-0.110	9.419	9.485
1427788153120	37.522314	139.931331	4	-0.170	-0.046	9.488	9.459
1427788153221	37.522322	139.931331	4	-0.235	0.027	9.479	9.434
1427788153322	37.522331	139.931331	4	-0.210	-0.104	9.457	9.409
1427788153423	37.522339	139.931332	4	-0.205	-0.011	9.269	9.383
1427788153523	37.522347	139.931332	4	-0.175	0.059	9.377	9.358
1427788153624	37.522356	139.931332	4	-0.144	-0.005	9.364	9.333
1427788153720	37.522364	139.931332	4	-0.159	-0.046	9.211	9.309
1427788153820	37.522372	139.931332	4	-0.081	0.049	9.098	9.285
1427788153921	37.522380	139.931332	4	0.128	-0.015	9.178	9.260
1427788154022	37.522389	139.931332	4	0.299	-0.158	9.398	9.285
1427788154122	37.522398	139.931333	4	0.233	-0.172	9.773	9.310
1427788154223	37.522407	139.931333	4	0.259	-0.201	9.784	9.335
1427788154324	37.522416	139.931333	4	0.289	-0.242	9.568	9.360
1427788154420	37.522424	139.931333	4	0.263	-0.176	9.434	9.384
1427788154520	37.522433	139.931334	4	0.249	-0.046	9.374	9.409
1427788154621	37.522442	139.931334	4	0.285	-0.050	9.078	9.435
1427788154722	37.522451	139.931334	4	0.272	-0.083	9.201	9.460
1427788154822	37.522460	139.931335	4	0.225	0.014	9.541	9.485
1427788154923	37.522469	139.931335	4	0.335	-0.027	9.559	9.511
1427788155020	37.522478	139.931335	4	0.491	-0.077	9.362	9.535
1427788155120	37.522486	139.931336	4	0.498	-0.023	9.427	9.559
1427788155220	37.522495	139.931336	4	0.564	-0.005	9.448	9.584
1427788155321	37.522504	139.931337	4	0.582	-0.090	9.419	9.609
1427788155422	37.522513	139.931337	4	0.531	-0.015	9.556	9.635
1427788155522	37.522522	139.931338	4	0.542	-0.046	9.430	9.660
1427788155623	37.522531	139.931339	4	0.458	-0.034	9.238	9.685
1427788155724	37.522540	139.931339	4	0.340	0.108	9.277	9.710
1427788155824	37.522548	139.931340	4	0.329	-0.055	9.307	9.736
1427788155920	37.522557	139.931340	5	0.229	-0.021	9.559	9.760
1427788156021	37.522567	139.931341	5	0.226	0.047	9.469	9.785
1427788156122	37.522576	139.931342	5	0.183	-0.012	9.274	9.810
1427788156222	37.522586	139.931343	5	0.132	0.136	9.170	9.835
1427788156323	37.522596	139.931344	5	0.095	0.072	9.123	9.860
1427788156424	37.522606	139.931345	5	-0.012	0.063	9.363	9.885
1427788156524	37.522615	139.931345	5	0.028	0.044	9.309	9.910
1427788156620	37.522625	139.931346	5	-0.022	-0.002	9.460	9.934
1427788156721	37.522635	139.931347	5	-0.060	0.048	9.754	9.960
1427788156822	37.522644	139.931348	5	-0.089	-0.012	9.353	9.985
1427788156922	37.522654	139.931349	5	-0.181	0.149	9.219	10.010
1427788157023	37.522664	139.931348	5	-0.106	0.060	8.871	10.010
1427788157124	37.522674	139.931348	5	-0.095	0.152	9.114	10.010
1427788157224	37.522683	139.931347	5	0.035	0.012	9.260	10.010
1427788157320	37.522693	139.931346	5	-0.006	0.051	9.528	10.010
1427788157421	37.522703	139.931345	5	0.155	-0.099	9.499	10.010
1427788157521	37.522712	139.931345	5	0.183	-0.062	9.637	10.010
1427788157622	37.522722	139.931344	5	0.254	-0.070	9.380	10.010
1427788157723	37.522732	139.931343	5	0.219	0.033	9.336	10.010
1427788157824	37.522742	139.931343	5	0.269	-0.061	9.167	10.010
1427788157924	37.522751	139.931342	7	0.175	0.001	9.430	10.012
1427788158021	37.522761	139.931343	7	0.173	-0.107	9.499	10.059
1427788158121	37.522771	139.931345	7	0.069	0.025	9.465	10.109
1427788158221	37.522782	139.931346	7	0.126	-0.055	9.223	10.158
1427788158322	37.522792	139.931348	7	0.131	-0.029	9.401	10.208
1427788158423	37.522803	139.931349	7	0.208	-0.104	9.487	10.258
1427788158523	37.522813	139.931350	7	0.226	-0.079	9.604	10.309
1427788158624	37.522824	139.931352	7	0.241	-0.045	9.562	10.359
1427788158720	37.522834	139.931353	7	0.290	-0.085	9.430	10.408
1427788158821	37.522844	139.931355	7	0.271	-0.056	9.482	10.459
1427788158921	37.522855	139.931356	7	0.364	-0.176	9.494	10.509
1427788159022	37.522863	139.931356	7	0.316	-0.157	9.653	10.458
1427788159123	37.522870	139.931355	7	0.207	-0.085	9.024	10.407
1427788159223	37.522877	139.931355	7	0.112	0.046	8.587	10.356
1427788159324	37.522885	139.931355	7	0.090	0.014	9.013	10.305
1427788159420	37.522891	139.931354	7	0.158	-0.137	9.444	10.257
1427788159521	37.522899	139.931354	7	0.190	-0.233	10.106	10.207
1427788159621	37.522906	139.931354	7	0.130	-0.328	10.217	10.157
1427788159722	37.522913	139.931354	7	0.062	-0.226	9.812	10.107
1427788159823	37.522920	139.931353	7	-0.002	-0.088	9.477	10.057
1427788159923	37.522927	139.931353	6	0.189	-0.045	9.163	10.011
1427788160024	37.522938	139.931353	6	0.333	0.004	8.990	10.036
1427788160120	37.522947	139.931353	6	0.400	-0.036	9.062	10.060
1427788160220	37.522958	139.931354	6	0.339	-0.140	9.440	10.084
1427788160321	37.522968	139.931354	6	0.142	-0.151	9.788	10.110
1427788160422	37.522978	139.931354	6	0.077	-0.155	9.650	10.135
1427788160523	37.522989	139.931354	6	0.132	-0.062	9.227	10.160
1427788160623	37.522999	139.931354	6	0.194	0.013	9.025	10.185
1427788160724	37.523010	139.931355	6	0.316	-0.073	9.229	10.211
1427788160820	37.523020	139.931355	6	0.394	-0.087	9.362	10.235
1427788160920	37.523030	139.931355	5	0.459	-0.175	9.548	10.260
1427788161022	37.523040	139.931354	5	0.565	-0.235	9.536	10.285
1427788161122	37.523050	139.931354	5	0.633	-0.204	9.483	10.310
1427788161222	37.523060	139.931354	5	0.662	-0.214	9.352	10.335
1427788161323	37.523070	139.931353	5	0.651	-0.191	9.380	10.360
1427788161424	37.523080	139.931353	5	0.579	-0.147	9.410	10.385
1427788161520	37.523089	139.931352	5	0.618	-0.191	9.422	10.409
1427788161620	37.523099	139.931352	5	0.621	-0.136	9.335	10.434
1427788161721	37.523109	139.931351	5	0.581	-0.137	9.367	10.460
1427788161822	37.523119	139.931351	5	0.563	-0.125	9.316	10.485
1427788161922	37.523129	139.931350	5	0.561	-0.067	9.393	10.510
1427788162023	37.523139	139.931351	5	0.623	-0.087	9.583	10.510
1427788162124	37.523149	139.931351	5	0.581	-0.075	9.647	10.510
1427788162220	37.523159	139.931352	5	0.453	-0.006	9.566	10.510
1427788162320	37.523169	139.931353	5	0.394	0.062	9.376	10.510
1427788162421	37.523179	139.931354	5	0.264	0.058	9.339	10.510
1427788162522	37.523189	139.931354	5	0.211	0.095	9.382	10.510
1427788162622	37.523198	139.931355	5	0.132	0.131	9.274	10.510
1427788162723	37.523209	139.931356	5	0.055	0.111	9.291	10.510
1427788162824	37.523218	139.931356	5	-0.025	0.065	9.470	10.510
1427788162924	37.523228	139.931357	5	-0.107	0.103	9.474	10.509
1427788163020	37.523238	139.931358	5	-0.157	0.135	9.443	10.485
1427788163121	37.523247	139.931360	5	-0.169	0.151	9.289	10.459
1427788163222	37.523257	139.931361	5	-0.201	0.131	9.360	10.434
1427788163322	37.523267	139.931362	5	-0.210	0.144	9.506	10.409
1427788163423	37.523277	139.931364	5	-0.163	0.160	9.326	10.383
1427788163524	37.523286	139.931365	5	-0.178	0.183	9.389	10.358
1427788163624	37.523296	139.931366	5	-0.152	0.128	9.542	10.333
1427788163720	37.523305	139.931367	5	-0.132	0.140	9.330	10.310
1427788163821	37.523315	139.931369	5	-0.122	0.138	9.415	10.284
1427788163921	37.523324	139.931370	5	-0.066	0.073	9.522	10.260
1427788164022	37.523334	139.931370	5	-0.023	0.052	9.429	10.310
1427788164123	37.523343	139.931370	5	0.038	0.034	9.334	10.360
1427788164224	37.523353	139.931370	5	0.120	0.010	9.416	10.409
1427788164324	37.523362	139.931370	5	0.184	0.004	9.349	10.459
1427788164420	37.523371	139.931370	5	0.202	-0.027	9.405	10.507
1427788164521	37.523381	139.931371	5	0.172	-0.057	9.637	10.558
1427788164621	37.523391	139.931371	5	0.221	-0.028	9.573	10.608
1427788164722	37.523401	139.931371	5	0.269	-0.053	9.296	10.659
1427788164823	37.523410	139.931371	5	0.208	-0.034	9.241	10.710
1427788164924	37.523420	139.931371	7	0.191	-0.046	9.115	10.758
1427788165024	37.523429	139.931372	7	0.135	-0.006	8.985	10.707
1427788165120	37.523437	139.931373	7	0.030	-0.058	9.336	10.658
1427788165221	37.523445	139.931374	7	-0.057	-0.184	9.698	10.607
1427788165321	37.523454	139.931375	7	-0.009	-0.120	9.655	10.557
1427788165422	37.523462	139.931376	7	-0.036	-0.160	9.602	10.506
1427788165523	37.523471	139.931376	7	-0.063	-0.102	9.369	10.456
1427788165623	37.523479	139.931377	7	-0.043	-0.064	9.193	10.406
1427788165724	37.523487	139.931378	7	-0.014	-0.056	9.097	10.356
1427788165820	37.523495	139.931379	7	-0.028	-0.102	9.239	10.309
1427788165920	37.523503	139.931380	7	-0.041	-0.167	9.659	10.260
1427788166021	37.523512	139.931380	7	-0.059	-0.204	9.771	10.285
1427788166122	37.523521	139.931381	7	-0.035	-0.161	9.586	10.310
1427788166223	37.523530	139.931381	7	0.043	-0.110	9.284	10.335
1427788166323	37.523539	139.931381	7	0.065	-0.068	9.145	10.360
1427788166424	37.523548	139.931381	7	0.113	-0.088	9.308	10.385
1427788166520	37.523556	139.931382	7	0.127	-0.127	9.399	10.409
1427788166620	37.523565	139.931382	7	0.118	-0.123	9.498	10.434
1427788166721	37.523574	139.931382	7	0.137	-0.139	9.428	10.460
1427788166822	37.523583	139.931383	7	0.103	-0.106	9.202	10.485
1427788166923	37.523592	139.931383	5	0.071	-0.113	9.287	10.509
1427788167023	37.523602	139.931383	5	0.025	-0.125	9.447	10.484
1427788167124	37.523612	139.931383	5	-0.021	-0.146	9.727	10.459
1427788167220	37.523621	139.931383	5	-0.033	-0.119	9.609	10.434
1427788167321	37.523630	139.931383	5	-0.129	-0.070	9.335	10.409
1427788167422	37.523640	139.931382	5	-0.135	-0.070	9.335	10.384
1427788167522	37.523649	139.931382	5	-0.110	-0.028	9.321	10.359
1427788167622	37.523659	139.931382	5	-0.098	-0.033	9.370	10.334
1427788167723	37.523668	139.931382	5	-0.109	-0.068	9.532	10.309
1427788167824	37.523678	139.931382	5	-0.110	-0.060	9.357	10.284
1427788167920	37.523687	139.931382	4	-0.086	-0.055	9.365	10.260
1427788168020	37.523696	139.931382	4	0.003	-0.054	9.277	10.235
1427788168121	37.523705	139.931382	4	-0.008	-0.094	9.344	10.209
1427788168222	37.523714	139.931382	4	-0.070	-0.155	9.521	10.184
1427788168322	37.523723	139.931382	4	-0.136	-0.145	9.424	10.159
1427788168423	37.523732	139.931381	4	-0.127	-0.069	9.267	10.133
1427788168524	37.523740	139.931381	4	-0.110	-0.120	9.368	10.108
1427788168625	37.523749	139.931381	4	-0.183	-0.086	9.242	10.083
1427788168720	37.523758	139.931381	4	-0.140	-0.063	9.178	10.060
1427788168821	37.523766	139.931381	4	-0.146	-0.135	9.570	10.034
1427788168922	37.523775	139.931381	6	-0.143	-0.135	9.537	10.010
1427788169022	37.523786	139.931381	6	-0.149	-0.082	9.177	10.035
1427788169123	37.523796	139.931381	6	-0.277	-0.088	9.343	10.060
1427788169224	37.523807	139.931381	6	-0.285	-0.176	9.745	10.085
1427788169324	37.523818	139.931381	6	-0.334	-0.167	9.654	10.110
1427788169420	37.523828	139.931381	6	-0.260	-0.142	9.513	10.134
1427788169521	37.523838	139.931381	6	-0.217	-0.117	9.436	10.160
1427788169622	37.523849	139.931381	6	-0.174	-0.070	9.130	10.185
1427788169722	37.523860	139.931381	6	-0.142	-0.053	8.932	10.210
1427788169823	37.523871	139.931381	6	-0.006	-0.189	9.623	10.235
1427788169924	37.523881	139.931381	6	0.148	-0.298	9.952	10.259
1427788170024	37.523890	139.931381	6	0.049	-0.320	10.105	10.234
1427788170120	37.523898	139.931382	6	-0.038	-0.252	10.022	10.210
1427788170221	37.523906	139.931382	6	-0.089	-0.158	9.376	10.184
1427788170321	37.523915	139.931383	6	-0.184	-0.020	8.769	10.159
1427788170422	37.523923	139.931383	6	-0.215	0.064	8.544	10.134
1427788170523	37.523931	139.931383	6	-0.197	-0.015	8.799	10.109
1427788170623	37.523940	139.931384	6	-0.117	-0.091	9.364	10.084
1427788170724	37.523948	139.931384	6	-0.033	-0.194	9.907	10.059
1427788170820	37.523956	139.931385	6	0.109	-0.267	10.010	10.035
1427788170921	37.523964	139.931385	9	0.184	-0.218	9.728	10.010
1427788171021	37.523975	139.931388	9	0.273	-0.184	9.280	10.035
1427788171122	37.523986	139.931391	9	0.299	-0.127	9.022	10.060
1427788171223	37.523997	139.931393	9	0.198	-0.102	9.037	10.085
1427788171324	37.524009	139.931396	9	0.070	-0.123	9.187	10.110
1427788171424	37.524020	139.931399	9	-0.063	-0.107	9.494	10.135
1427788171520	37.524030	139.931402	9	-0.131	-0.143	9.422	10.159
1427788171621	37.524042	139.931405	9	-0.194	-0.083	9.333	10.185
1427788171721	37.524053	139.931407	9	-0.221	-0.152	9.479	10.210
1427788171822	37.524064	139.931410	9	-0.048	-0.189	9.593	10.235
1427788171923	37.524075	139.931413	9	-0.017	-0.109	9.390	10.259
1427788172023	37.524084	139.931412	9	0.117	-0.173	9.389	10.234
1427788172124	37.524093	139.931411	9	0.159	-0.111	9.562	10.208
1427788172220	37.524101	139.931410	9	0.192	-0.146	9.359	10.184
1427788172320	37.524110	139.931409	9	0.114	-0.071	9.054	10.159
1427788172421	37.524119	139.931408	9	-0.006	-0.035	9.186	10.134
1427788172522	37.524128	139.931407	9	-0.079	-0.034	9.213	10.109
1427788172623	37.524136	139.931406	9	-0.183	0.032	9.260	10.084
1427788172723	37.524145	139.931405	9	-0.226	-0.073	9.429	10.059
1427788172824	37.524154	139.931404	9	-0.236	-0.093	9.586	10.034
1427788172920	37.524162	139.931403	7	-0.214	-0.140	9.515	10.010
1427788173020	37.524170	139.931402	7	-0.129	-0.082	9.318	10.010
1427788173121	37.524179	139.931401	7	-0.064	-0.018	9.131	10.010
1427788173222	37.524187	139.931399	7	0.105	-0.049	9.088	10.010
1427788173323	37.524196	139.931398	7	0.216	-0.088	9.263	10.010
1427788173423	37.524204	139.931397	7	0.309	-0.201	9.356	10.010
1427788173524	37.524213	139.931396	7	0.279	-0.226	9.779	10.010
1427788173620	37.524221	139.931395	7	0.188	-0.231	9.638	10.010
1427788173720	37.524229	139.931393	7	0.042	-0.128	9.423	10.010
1427788173821	37.524238	139.931392	7	0.001	-0.065	9.410	10.010
1427788173922	37.524246	139.931391	7	0.015	-0.084	9.411	10.010
1427788174022	37.524256	139.931391	7	0.008	-0.094	9.576	10.035
1427788174123	37.524266	139.931392	7	0.036	-0.170	9.785	10.060
1427788174224	37.524276	139.931392	7	0.072	-0.193	9.664	10.085
1427788174320	37.524286	139.931393	7	0.059	-0.063	9.344	10.109
1427788174420	37.524296	139.931393	7	0.048	-0.042	9.082	10.134
1427788174521	37.524306	139.931393	7	0.011	-0.013	9.303	10.160
1427788174622	37.524316	139.931394	7	0.047	-0.104	9.390	10.185
1427788174722	37.524326	139.931394	7	0.110	-0.159	9.470	10.210
1427788174823	37.524336	139.931395	7	0.122	-0.188	9.660	10.235
1427788174924	37.524346	139.931395	7	0.157	-0.215	9.434	10.259
1427788175024	37.524355	139.931397	7	0.096	-0.095	9.205	10.234
1427788175120	37.524363	139.931398	7	0.128	-0.076	9.107	10.210
1427788175221	37.524371	139.931400	7	0.180	-0.118	9.217	10.184
1427788175322	37.524380	139.931401	7	0.189	-0.132	9.468	10.159
1427788175422	37.524388	139.931403	7	0.290	-0.250	9.638	10.134
1427788175523	37.524396	139.931405	7	0.264	-0.232	9.663	10.109
1427788175624	37.524405	139.931406	7	0.215	-0.209	9.499	10.083
1427788175724	37.524413	139.931408	7	0.218	-0.142	9.266	10.059
1427788175820	37.524421	139.931409	7	0.146	-0.094	9.250	10.035
1427788175921	37.524429	139.931411	7	0.192	-0.118	9.308	10.011
1427788176022	37.524438	139.931411	7	0.167	-0.113	9.488	10.084
1427788176122	37.524447	139.931412	7	0.164	-0.196	9.567	10.157
1427788176223	37.524456	139.931412	7	0.165	-0.183	9.586	10.232
1427788176324	37.524466	139.931413	7	0.149	-0.159	9.472	10.306
1427788176424	37.524475	139.931413	7	0.171	-0.162	9.355	10.381
1427788176520	37.524484	139.931414	7	0.166	-0.089	9.258	10.454
1427788176621	37.524493	139.931414	7	0.229	-0.155	9.185	10.530
1427788176721	37.524503	139.931415	7	0.304	-0.182	9.381	10.606
1427788176822	37.524513	139.931415	7	0.336	-0.195	9.648	10.684
1427788176923	37.524522	139.931416	9	0.378	-0.254	9.766	10.759
1427788177024	37.524529	139.931413	9	0.401	-0.272	9.842	10.734
1427788177124	37.524536	139.931411	9	0.418	-0.167	9.702	10.709
1427788177220	37.524543	139.931409	9	0.348	-0.045	9.070	10.684
1427788177321	37.524549	139.931406	9	0.212	0.008	8.966	10.659
1427788177421	37.524556	139.931404	9	0.181	0.000	9.063	10.634
1427788177522	37.524563	139.931401	9	0.150	-0.087	9.411	10.609
1427788177623	37.524570	139.931399	9	0.154	-0.111	9.649	10.584
1427788177723	37.524577	139.931397	9	0.089	-0.129	9.586	10.559
1427788177824	37.524584	139.931394	9	-0.030	-0.022	9.306	10.534
1427788177920	37.524590	139.931392	9	-0.125	0.039	9.028	10.510
1427788178020	37.524597	139.931393	9	-0.143	0.048	9.156	10.485
1427788178121	37.524605	139.931393	9	-0.127	0.022	9.463	10.459
1427788178222	37.524613	139.931394	9	-0.105	-0.068	9.553	10.434
1427788178323	37.524620	139.931394	9	-0.108	-0.101	9.757	10.409
1427788178423	37.524627	139.931395	9	-0.111	-0.097	9.695	10.383
1427788178524	37.524635	139.931396	9	-0.056	-0.057	9.337	10.358
1427788178620	37.524642	139.931396	9	0.098	-0.013	9.320	10.334
1427788178720	37.524649	139.931397	9	0.221	-0.020	9.467	10.310
1427788178821	37.524657	139.931397	9	0.301	-0.089	9.495	10.284
1427788178922	37.524664	139.931398	6	0.298	-0.097	9.432	10.260
1427788179023	37.524673	139.931398	6	0.260	-0.088	9.456	10.260
1427788179123	37.524681	139.931399	6	0.194	-0.144	9.510	10.260
1427788179224	37.524690	139.931399	6	0.137	-0.101	9.347	10.260
1427788179320	37.524698	139.931400	6	0.060	-0.099	9.266	10.260
1427788179420	37.524706	139.931400	6	0.003	-0.046	9.221	10.260
1427788179521	37.524714	139.931400	6	-0.085	0.008	9.166	10.260
1427788179622	37.524723	139.931401	6	-0.082	-0.025	9.133	10.260
1427788179722	37.524731	139.931401	6	-0.059	-0.074	9.243	10.260
1427788179823	37.524740	139.931402	6	-0.011	-0.093	9.509	10.260
1427788179924	37.524748	139.931402	5	0.069	-0.174	9.429	10.260
1427788180020	37.524757	139.931402	5	0.064	-0.157	9.337	10.260
1427788180120	37.524767	139.931401	5	0.047	-0.141	9.338	10.260
1427788180221	37.524777	139.931401	5	0.086	-0.166	9.378	10.260
1427788180322	37.524786	139.931401	5	0.039	-0.142	9.582	10.260
1427788180422	37.524796	139.931400	5	0.080	-0.184	9.703	10.260
1427788180523	37.524805	139.931400	5	0.096	-0.180	9.518	10.260
1427788180624	37.524815	139.931400	5	0.075	-0.087	9.267	10.260
1427788180724	37.524824	139.931400	5	0.067	-0.110	9.217	10.260
1427788180820	37.524833	139.931399	5	0.044	-0.075	9.153	10.260
1427788180921	37.524843	139.931399	4	0.005	-0.078	9.348	10.260
1427788181022	37.524853	139.931399	4	-0.003	-0.120	9.421	10.234
1427788181122	37.524862	139.931399	4	-0.001	-0.090	9.458	10.209
1427788181223	37.524872	139.931399	4	0.044	-0.139	9.417	10.184
1427788181324	37.524881	139.931399	4	0.109	-0.153	9.365	10.158
1427788181424	37.524891	139.931398	4	0.153	-0.126	9.509	10.133
1427788181520	37.524900	139.931398	4	0.205	-0.201	9.584	10.109
1427788181621	37.524909	139.931398	4	0.234	-0.127	9.397	10.084
1427788181722	37.524919	139.931398	4	0.232	-0.117	9.381	10.059
1427788181822	37.524928	139.931398	4	0.266	-0.156	9.484	10.034
1427788181923	37.524937	139.931398	4	0.229	-0.128	9.395	10.010
1427788182024	37.524946	139.931398	4	0.183	-0.147	9.223	10.010
1427788182124	37.524955	139.931399	4	0.160	-0.151	9.172	10.010
1427788182220	37.524963	139.931399	4	0.106	-0.079	9.060	10.010
1427788182321	37.524971	139.931400	4	0.189	-0.082	9.057	10.010
1427788182422	37.524980	139.931400	4	0.148	-0.136	9.356	10.010
1427788182522	37.524989	139.931400	4	0.115	-0.224	9.648	10.010
1427788182623	37.524997	139.931401	4	0.167	-0.220	9.628	10.010
1427788182724	37.525006	139.931401	4	0.121	-0.154	9.450	10.010
1427788182824	37.525015	139.931402	4	0.153	-0.135	9.353	10.010
1427788182920	37.525023	139.931402	4	0.131	-0.097	9.181	10.010
1427788183021	37.525032	139.931402	4	0.096	-0.077	9.289	10.035
1427788183121	37.525041	139.931402	4	0.026	-0.125	9.575	10.060
1427788183222	37.525051	139.931403	4	-0.058	-0.117	9.787	10.085
1427788183323	37.525060	139.931403	4	-0.149	-0.007	9.670	10.110
1427788183424	37.525069	139.931403	4	-0.122	0.054	9.326	10.135
1427788183524	37.525078	139.931403	4	-0.078	0.121	9.126	10.160
1427788183620	37.525087	139.931403	4	-0.027	0.164	9.132	10.184
1427788183721	37.525097	139.931404	4	0.028	0.128	9.249	10.210
1427788183821	37.525106	139.931404	4	0.041	0.058	9.397	10.235
1427788183922	37.525115	139.931404	4	0.098	0.083	9.376	10.260
1427788184023	37.525124	139.931404	4	0.108	0.058	9.431	10.285
1427788184123	37.525133	139.931404	4	0.116	0.041	9.413	10.310
1427788184224	37.525142	139.931404	4	0.116	0.040	9.298	10.335
1427788184320	37.525151	139.931404	4	0.058	0.061	9.250	10.359
1427788184421	37.525160	139.931403	4	0.043	0.063	9.302	10.384
1427788184521	37.525169	139.931403	4	0.052	0.060	9.296	10.410
1427788184622	37.525178	139.931403	4	0.073	0.052	9.294	10.435
1427788184723	37.525187	139.931403	4	0.128	0.034	9.409	10.460
1427788184823	37.525196	139.931403	4	0.164	-0.025	9.689	10.485
1427788184924	37.525205	139.931403	4	0.257	-0.070	9.857	10.510
1427788185020	37.525215	139.931403	4	0.362	-0.070	9.727	10.510
1427788185121	37.525225	139.931403	4	0.453	-0.060	9.497	10.510
1427788185221	37.525235	139.931403	4	0.506	-0.035	9.285	10.510
1427788185322	37.525244	139.931403	4	0.534	-0.053	9.186	10.510
1427788185423	37.525254	139.931403	4	0.582	-0.091	9.258	10.510
1427788185523	37.525264	139.931403	4	0.545	-0.117	9.427	10.510
1427788185624	37.525274	139.931403	4	0.434	-0.118	9.508	10.510
1427788185720	37.525283	139.931403	4	0.353	-0.117	9.544	10.510
1427788185820	37.525293	139.931403	4	0.279	-0.065	9.450	10.510
1427788185921	37.525303	139.931403	4	0.185	-0.020	9.301	10.510
1427788186022	37.525313	139.931402	4	0.080	0.004	9.211	10.535
1427788186123	37.525322	139.931402	4	-0.012	0.019	9.197	10.560
1427788186223	37.525332	139.931401	4	0.010	0.007	9.335	10.585
1427788186324	37.525342	139.931400	4	0.010	-0.040	9.395	10.610
1427788186420	37.525351	139.931400	4	0.081	-0.057	9.646	10.634
1427788186520	37.525360	139.931399	4	0.179	-0.069	9.518	10.659
1427788186621	37.525370	139.931398	4	0.249	-0.092	9.654	10.685
1427788186722	37.525380	139.931397	4	0.340	-0.150	9.792	10.710
1427788186822	37.525389	139.931397	4	0.363	-0.080	9.449	10.735
1427788186923	37.525399	139.931396	4	0.261	-0.054	9.317	10.760
1427788187024	37.525409	139.931397	4	0.205	-0.035	9.360	10.760
1427788187120	37.525418	139.931397	4	0.143	-0.073	9.401	10.760
1427788187220	37.525428	139.931398	4	0.104	-0.080	9.463	10.760
1427788187321	37.525438	139.931398	4	0.090	-0.076	9.438	10.760
1427788187422	37.525448	139.931399	4	0.125	-0.035	9.271	10.760
1427788187522	37.525457	139.931399	4	0.154	-0.051	9.184	10.760
1427788187623	37.525467	139.931400	4	0.215	-0.107	9.404	10.760
1427788187724	37.525477	139.931400	4	0.276	-0.167	9.727	10.760
1427788187824	37.525487	139.931401	4	0.321	-0.187	9.746	10.760
1427788187920	37.525496	139.931401	4	0.385	-0.182	9.640	10.760
1427788188021	37.525506	139.931401	4	0.396	-0.146	9.424	10.760
1427788188122	37.525516	139.931401	4	0.395	-0.109	9.314	10.760
1427788188222	37.525525	139.931401	4	0.373	-0.122	9.441	10.760
1427788188323	37.525535	139.931401	4	0.321	-0.135	9.447	10.760
1427788188424	37.525545	139.931401	4	0.314	-0.120	9.430	10.760
1427788188524	37.525555	139.931401	4	0.330	-0.084	9.234	10.760
1427788188620	37.525564	139.931401	4	0.335	-0.046	9.009	10.760
1427788188721	37.525574	139.931401	4	0.303	-0.055	9.119	10.760
1427788188821	37.525583	139.931401	4	0.240	-0.109	9.322	10.760
1427788188922	37.525593	139.931401	4	0.214	-0.138	9.569	10.760
1427788189023	37.525603	139.931401	4	0.192	-0.145	9.652	10.760
1427788189123	37.525613	139.931400	4	0.105	-0.111	9.560	10.760
1427788189224	37.525622	139.931400	4	0.036	-0.076	9.412	10.760
1427788189320	37.525632	139.931400	4	0.012	-0.021	9.290	10.760
1427788189421	37.525642	139.931399	4	0.044	-0.034	9.307	10.760
1427788189521	37.525651	139.931399	4	0.071	-0.042	9.242	10.760
1427788189622	37.525661	139.931399	4	0.112	-0.049	9.280	10.760
1427788189723	37.525671	139.931399	4	0.161	-0.092	9.414	10.760
1427788189823	37.525681	139.931398	4	0.218	-0.127	9.530	10.760
1427788189924	37.525690	139.931398	4	0.313	-0.117	9.481	10.760
1427788190020	37.525700	139.931398	4	0.328	-0.096	9.385	10.760
1427788190121	37.525711	139.931398	4	0.279	-0.096	9.442	10.760
1427788190221	37.525721	139.931398	4	0.233	-0.113	9.490	10.760
1427788190322	37.525732	139.931398	4	0.243	-0.177	9.543	10.760
1427788190423	37.525742	139.931398	4	0.267	-0.164	9.583	10.760
1427788190523	37.525753	139.931398	4	0.291	-0.120	9.349	10.760
1427788190624	37.525763	139.931398	4	0.316	-0.093	9.152	10.760
1427788190720	37.525773	139.931398	4	0.368	-0.107	9.176	10.760
1427788190821	37.525784	139.931398	4	0.379	-0.124	9.359	10.760
1427788190921	37.525794	139.931398	4	0.404	-0.155	9.491	10.760
1427788191022	37.525804	139.931398	4	0.378	-0.147	9.424	10.785
1427788191123	37.525814	139.931397	4	0.336	-0.132	9.391	10.810
1427788191223	37.525824	139.931397	4	0.244	-0.167	9.529	10.835
1427788191324	37.525834	139.931396	4	0.158	-0.182	9.527	10.860
1427788191420	37.525843	139.931396	4	0.146	-0.156	9.507	10.884
1427788191520	37.525853	139.931395	4	0.185	-0.146	9.376	10.909
1427788191621	37.525863	139.931395	4	0.253	-0.123	9.306	10.935
1427788191722	37.525873	139.931394	4	0.341	-0.185	9.303	10.960
1427788191823	37.525883	139.931393	4	0.323	-0.227	9.412	10.985
1427788191923	37.525893	139.931393	5	0.327	-0.244	9.577	11.009
1427788192024	37.525902	139.931393	5	0.336	-0.287	9.558	10.984
1427788192120	37.525910	139.931393	5	0.376	-0.247	9.417	10.960
1427788192221	37.525919	139.931393	5	0.407	-0.236	9.331	10.934
1427788192321	37.525928	139.931393	5	0.344	-0.183	9.159	10.909
1427788192422	37.525936	139.931394	5	0.283	-0.147	9.155	10.884
1427788192522	37.525945	139.931394	5	0.195	-0.182	9.261	10.859
1427788192623	37.525954	139.931394	5	0.189	-0.234	9.609	10.834
1427788192724	37.525962	139.931394	5	0.295	-0.278	9.782	10.809
1427788192820	37.525970	139.931394	5	0.325	-0.167	9.205	10.785
1427788192920	37.525979	139.931394	5	0.229	-0.138	9.186	10.760
1427788193021	37.525988	139.931394	5	0.226	-0.226	9.694	10.734
1427788193122	37.525997	139.931394	5	0.190	-0.339	9.879	10.709
1427788193222	37.526006	139.931394	5	0.096	-0.220	9.699	10.684
1427788193323	37.526016	139.931394	5	0.015	-0.149	9.175	10.659
1427788193424	37.526025	139.931393	5	-0.039	-0.039	8.850	10.633
1427788193520	37.526033	139.931393	5	-0.098	0.028	8.842	10.609
1427788193620	37.526042	139.931393	5	-0.106	-0.041	9.056	10.584
1427788193721	37.526051	139.931393	5	-0.169	-0.074	9.324	10.559
1427788193822	37.526060	139.931393	5	-0.128	-0.095	9.592	10.534
1427788193922	37.526069	139.931393	6	-0.003	0.026	9.479	10.511
1427788194023	37.526080	139.931393	6	0.095	0.036	9.558	10.560
1427788194124	37.526091	139.931392	6	0.202	0.062	9.555	10.610
1427788194225	37.526101	139.931392	6	0.267	0.021	9.485	10.660
1427788194320	37.526112	139.931392	6	0.303	-0.010	9.724	10.707
1427788194421	37.526122	139.931392	6	0.273	-0.007	9.941	10.758
1427788194522	37.526133	139.931391	6	0.222	0.111	9.472	10.808
1427788194622	37.526144	139.931391	6	0.096	0.218	8.841	10.859
1427788194723	37.526155	139.931391	6	0.002	0.266	8.535	10.910
1427788194824	37.526166	139.931390	6	-0.090	0.215	8.892	10.961
1427788194924	37.526177	139.931390	6	-0.217	0.079	9.574	11.010
1427788195020	37.526187	139.931390	6	-0.235	0.015	9.956	11.010
1427788195121	37.526197	139.931390	6	-0.226	0.009	9.778	11.010
1427788195221	37.526207	139.931390	6	-0.137	0.084	9.258	11.010
1427788195322	37.526217	139.931390	6	-0.044	0.004	9.064	11.010
1427788195423	37.526227	139.931390	6	0.058	-0.071	9.285	11.010
1427788195524	37.526237	139.931390	6	0.126	-0.139	9.489	11.010
1427788195624	37.526247	139.931390	6	0.165	-0.168	9.564	11.010
1427788195720	37.526257	139.931390	6	0.200	-0.192	9.510	11.010
1427788195821	37.526267	139.931390	6	0.153	-0.183	9.352	11.010
1427788195921	37.526277	139.931390	5	0.071	-0.154	9.315	11.010
1427788196022	37.526286	139.931391	5	0.044	-0.159	9.361	10.984
1427788196123	37.526295	139.931392	5	0.032	-0.174	9.562	10.959
1427788196223	37.526304	139.931394	5	0.091	-0.212	9.645	10.934
1427788196324	37.526314	139.931395	5	0.122	-0.175	9.506	10.908
1427788196420	37.526322	139.931396	5	0.125	-0.200	9.764	10.884
1427788196521	37.526331	139.931397	5	0.128	-0.208	9.690	10.859
1427788196621	37.526340	139.931398	5	0.148	-0.174	9.421	10.834
1427788196722	37.526349	139.931400	5	0.128	-0.090	9.168	10.809
1427788196823	37.526358	139.931401	5	0.085	-0.031	9.140	10.784
1427788196923	37.526367	139.931402	5	0.010	-0.031	9.107	10.760
1427788197024	37.526377	139.931402	5	-0.113	-0.035	9.112	10.760
1427788197120	37.526386	139.931403	5	-0.214	-0.073	9.377	10.760
1427788197221	37.526395	139.931403	5	-0.273	-0.085	9.676	10.760
1427788197321	37.526404	139.931404	5	-0.321	-0.058	9.566	10.760
1427788197422	37.526414	139.931404	5	-0.278	-0.022	9.339	10.760
1427788197523	37.526423	139.931404	5	-0.206	0.023	9.102	10.760
1427788197623	37.526432	139.931405	5	-0.123	0.001	9.149	10.760
1427788197724	37.526442	139.931405	5	-0.038	-0.019	9.284	10.760
1427788197820	37.526451	139.931406	5	-0.019	-0.016	9.572	10.760
1427788197920	37.526460	139.931406	5	0.028	-0.042	9.836	10.760
1427788198021	37.526470	139.931406	5	0.014	-0.010	9.757	10.760
1427788198122	37.526481	139.931405	5	-0.018	0.022	9.550	10.760
1427788198223	37.526491	139.931405	5	-0.066	0.124	9.197	10.760
1427788198323	37.526501	139.931405	5	-0.175	0.211	8.963	10.760
1427788198425	37.526512	139.931404	5	-0.235	0.229	8.947	10.760
1427788198520	37.526521	139.931404	5	-0.254	0.201	9.195	10.760
1427788198620	37.526531	139.931404	5	-0.252	0.091	9.592	10.760
1427788198721	37.526542	139.931404	5	-0.225	0.055	9.713	10.760
1427788198822	37.526552	139.931403	5	-0.216	0.067	9.625	10.760
1427788198923	37.526562	139.931403	5	-0.183	0.108	9.559	10.761
1427788199023	37.526573	139.931403	5	-0.150	0.127	9.315	10.810
1427788199124	37.526584	139.931403	5	-0.136	0.075	9.306	10.860
1427788199220	37.526595	139.931404	5	-0.093	0.072	9.409	10.908
1427788199320	37.526606	139.931404	5	-0.079	0.064	9.491	10.957
1427788199421	37.526617	139.931404	5	-0.096	0.070	9.390	11.008
1427788199522	37.526628	139.931404	5	-0.129	0.126	9.252	11.058
1427788199622	37.526639	139.931404	5	-0.149	0.082	9.294	11.109
1427788199723	37.526651	139.931405	5	-0.139	0.124	9.248	11.160
1427788199824	37.526662	139.931405	5	-0.212	0.099	9.292	11.211
1427788199920	37.526673	139.931405	5	-0.256	0.102	9.477	11.260
1427788200020	37.526682	139.931405	5	-0.352	0.035	9.640	11.209
1427788200121	37.526691	139.931405	5	-0.336	0.079	9.539	11.158
1427788200222	37.526700	139.931404	5	-0.289	0.096	9.237	11.107
1427788200322	37.526709	139.931404	5	-0.301	0.132	9.099	11.056
1427788200423	37.526718	139.931404	5	-0.186	0.125	9.080	11.006
1427788200524	37.526727	139.931404	5	-0.076	0.067	9.081	10.955
1427788200624	37.526736	139.931404	5	0.063	-0.019	9.520	10.906
1427788200720	37.526745	139.931403	5	0.206	-0.132	10.018	10.858
1427788200821	37.526753	139.931403	5	0.319	-0.182	10.030	10.808
1427788200921	37.526762	139.931403	4	0.351	-0.093	9.498	10.760
1427788201022	37.526772	139.931403	4	0.262	-0.002	8.984	10.785
1427788201123	37.526783	139.931404	4	0.222	0.059	8.909	10.810
1427788201224	37.526793	139.931404	4	0.203	0.018	9.190	10.835
1427788201324	37.526804	139.931404	4	0.134	-0.039	9.510	10.860
1427788201420	37.526814	139.931404	4	0.046	-0.091	9.826	10.884
1427788201521	37.526824	139.931405	4	-0.044	-0.111	9.907	10.910
1427788201621	37.526835	139.931405	4	-0.061	-0.051	9.700	10.935
1427788201722	37.526845	139.931405	4	-0.026	0.037	9.206	10.960
1427788201823	37.526856	139.931406	4	-0.015	0.093	8.891	10.985
1427788201924	37.526866	139.931406	4	0.020	0.082	8.949	11.010
1427788202024	37.526876	139.931406	4	0.010	0.013	9.245	11.010
1427788202120	37.526885	139.931407	4	-0.021	-0.032	9.517	11.010
1427788202221	37.526895	139.931407	4	-0.027	-0.004	9.436	11.010
1427788202321	37.526905	139.931408	4	-0.077	-0.011	9.340	11.010
1427788202422	37.526915	139.931408	4	-0.064	0.017	9.328	11.010
1427788202523	37.526924	139.931408	4	-0.042	-0.010	9.331	11.010
1427788202623	37.526934	139.931409	4	-0.033	-0.025	9.450	11.010
1427788202724	37.526944	139.931409	4	-0.028	-0.035	9.401	11.010
1427788202820	37.526953	139.931410	4	0.018	-0.001	9.254	11.010
1427788202921	37.526963	139.931410	5	0.007	-0.036	9.380	11.010
1427788203021	37.526973	139.931410	5	-0.005	-0.045	9.509	11.010
1427788203122	37.526983	139.931410	5	-0.002	-0.050	9.503	11.010
1427788203223	37.526994	139.931409	5	-0.007	-0.029	9.413	11.010
1427788203323	37.527004	139.931409	5	-0.051	-0.011	9.423	11.010
1427788203424	37.527014	139.931409	5	-0.067	-0.000	9.209	11.010
1427788203520	37.527024	139.931409	5	-0.102	0.001	9.304	11.010
1427788203620	37.527034	139.931409	5	-0.072	-0.041	9.582	11.010
1427788203721	37.527044	139.931408	5	-0.047	-0.076	9.579	11.010
1427788203822	37.527054	139.931408	5	-0.025	-0.112	9.629	11.010
1427788203923	37.527064	139.931408	5	0.017	-0.091	9.424	11.010
1427788204023	37.527074	139.931408	5	0.059	-0.055	9.214	11.010
1427788204124	37.527084	139.931408	5	0.097	-0.040	9.297	11.010
1427788204220	37.527093	139.931408	5	0.112	-0.038	9.225	11.010
1427788204320	37.527103	139.931408	5	0.089	-0.037	9.188	11.010
1427788204421	37.527113	139.931409	5	0.082	-0.040	9.327	11.010
1427788204522	37.527123	139.931409	5	0.090	-0.137	9.669	11.010
1427788204623	37.527133	139.931409	5	0.137	-0.173	9.755	11.010
1427788204723	37.527143	139.931409	5	0.126	-0.146	9.700	11.010
1427788204824	37.527153	139.931409	5	0.124	-0.094	9.562	11.010
1427788204920	37.527162	139.931409	5	0.117	-0.038	9.247	11.010
1427788205020	37.527172	139.931410	5	0.079	-0.035	9.199	11.010
1427788205121	37.527182	139.931411	5	0.053	-0.076	9.504	11.010
1427788205222	37.527192	139.931412	5	0.026	-0.092	9.636	11.010
1427788205322	37.527203	139.931413	5	-0.046	-0.043	9.389	11.010
1427788205423	37.527213	139.931414	5	-0.101	0.063	8.954	11.010
1427788205524	37.527223	139.931414	5	-0.150	0.112	8.799	11.010
1427788205620	37.527233	139.931415	5	-0.170	0.067	9.034	11.010
1427788205720	37.527243	139.931416	5	-0.191	0.002	9.309	11.010
1427788205821	37.527253	139.931417	5	-0.187	-0.081	9.573	11.010
1427788205922	37.527263	139.931418	5	-0.162	-0.094	9.702	11.010
1427788206022	37.527274	139.931418	5	-0.147	-0.104	9.608	11.010
1427788206123	37.527284	139.931418	5	-0.057	-0.023	9.310	11.010
1427788206224	37.527294	139.931418	5	0.040	-0.016	9.318	11.010
1427788206325	37.527305	139.931418	5	0.101	-0.082	9.822	11.010
1427788206420	37.527315	139.931418	5	0.122	-0.173	10.061	11.010
1427788206521	37.527325	139.931417	5	0.070	-0.100	9.307	11.010
1427788206622	37.527335	139.931417	5	-0.046	-0.034	8.279	11.010
1427788206722	37.527346	139.931417	5	-0.060	0.033	8.822	11.010
1427788206823	37.527356	139.931417	5	-0.072	-0.138	9.598	11.010
1427788206924	37.527366	139.931417	5	-0.050	-0.147	9.848	11.011
1427788207024	37.527376	139.931417	5	-0.153	-0.252	10.020	11.036
1427788207120	37.527386	139.931418	5	-0.171	-0.211	9.977	11.060
1427788207221	37.527396	139.931418	5	-0.154	-0.080	9.647	11.085
1427788207321	37.527406	139.931418	5	-0.057	0.073	8.964	11.110
1427788207422	37.527416	139.931419	5	0.003	0.093	8.628	11.135
1427788207523	37.527426	139.931419	5	0.042	0.028	8.890	11.160
1427788207624	37.527436	139.931419	5	0.027	-0.105	9.519	11.185
1427788207724	37.527446	139.931419	5	0.007	-0.189	9.989	11.211
1427788207820	37.527456	139.931420	5	-0.027	-0.168	9.787	11.235
1427788207921	37.527466	139.931420	5	-0.010	-0.119	9.406	11.260
1427788208021	37.527476	139.931420	5	-0.006	-0.023	9.100	11.260
1427788208122	37.527486	139.931421	5	-0.029	0.020	9.021	11.260
1427788208223	37.527495	139.931421	5	-0.112	-0.042	9.260	11.260
1427788208324	37.527505	139.931421	5	-0.138	-0.050	9.473	11.260
1427788208424	37.527515	139.931422	5	-0.203	-0.078	9.533	11.260
1427788208520	37.527524	139.931422	5	-0.184	-0.092	9.328	11.260
1427788208621	37.527534	139.931422	5	-0.171	-0.060	9.265	11.260
1427788208721	37.527544	139.931422	5	-0.133	-0.051	9.285	11.260
1427788208822	37.527553	139.931423	5	-0.148	-0.137	9.326	11.260
1427788208923	37.527563	139.931423	5	-0.152	-0.156	9.535	11.259
1427788209023	37.527574	139.931424	5	-0.159	-0.192	9.509	11.234
1427788209124	37.527584	139.931424	5	-0.139	-0.181	9.471	11.209
1427788209220	37.527594	139.931425	5	-0.124	-0.175	9.445	11.184
1427788209321	37.527605	139.931425	5	-0.128	-0.161	9.369	11.159
1427788209421	37.527615	139.931426	5	-0.144	-0.163	9.439	11.134
1427788209522	37.527625	139.931426	5	-0.169	-0.162	9.527	11.109
1427788209623	37.527636	139.931427	5	-0.230	-0.145	9.466	11.084
1427788209723	37.527646	139.931427	5	-0.226	-0.133	9.348	11.059
1427788209824	37.527656	139.931428	5	-0.187	-0.071	9.114	11.034
1427788209920	37.527666	139.931428	4	-0.161	-0.050	8.992	11.010
1427788210020	37.527675	139.931428	4	-0.175	-0.064	9.052	11.010
1427788210121	37.527684	139.931428	4	-0.176	-0.117	9.217	11.010
1427788210222	37.527693	139.931428	4	-0.183	-0.199	9.512	11.010
1427788210323	37.527702	139.931428	4	-0.124	-0.244	9.810	11.010
1427788210423	37.527711	139.931429	4	-0.099	-0.197	9.406	11.010
1427788210524	37.527720	139.931429	4	-0.031	-0.079	8.936	11.010
1427788210620	37.527728	139.931429	4	-0.011	-0.069	8.906	11.010
1427788210720	37.527737	139.931429	4	0.013	-0.134	9.246	11.010
1427788210821	37.527746	139.931429	4	0.049	-0.221	9.677	11.010
1427788210922	37.527755	139.931429	4	0.090	-0.356	10.185	11.010
1427788211023	37.527766	139.931430	4	0.049	-0.346	10.248	11.010
1427788211123	37.527776	139.931431	4	0.074	-0.241	9.783	11.010
1427788211224	37.527786	139.931432	4	0.050	-0.124	9.182	11.010
1427788211320	37.527796	139.931433	4	0.046	-0.009	8.830	11.010
1427788211420	37.527806	139.931434	4	0.052	-0.050	9.064	11.010
1427788211521	37.527817	139.931436	4	0.036	-0.160	9.508	11.010
1427788211622	37.527827	139.931437	4	0.018	-0.250	9.925	11.010
1427788211722	37.527838	139.931438	4	-0.039	-0.253	9.879	11.010
1427788211823	37.527848	139.931439	4	-0.078	-0.141	9.345	11.010
1427788211924	37.527858	139.931440	4	-0.086	-0.094	9.017	11.010
1427788212020	37.527868	139.931440	4	-0.117	-0.077	8.980	11.010
1427788212120	37.527878	139.931439	4	-0.131	-0.111	9.167	11.010
1427788212221	37.527888	139.931439	4	-0.182	-0.176	9.386	11.010
1427788212322	37.527898	139.931438	4	-0.242	-0.185	9.544	11.010
1427788212422	37.527908	139.931438	4	-0.261	-0.168	9.341	11.010
1427788212523	37.527918	139.931438	4	-0.269	-0.088	8.973	11.010
1427788212624	37.527928	139.931437	4	-0.254	-0.108	9.014	11.010
1427788212724	37.527938	139.931437	4	-0.167	-0.194	9.275	11.010
1427788212820	37.527947	139.931436	4	-0.073	-0.289	9.653	11.010
1427788212921	37.527957	139.931436	5	0.006	-0.303	9.788	11.010
1427788213022	37.527967	139.931437	5	0.088	-0.263	9.497	10.984
1427788213122	37.527976	139.931437	5	0.115	-0.231	9.464	10.959
1427788213223	37.527986	139.931438	5	0.157	-0.288	9.455	10.934
1427788213324	37.527996	139.931438	5	0.131	-0.292	9.466	10.908
1427788213424	37.528005	139.931439	5	0.094	-0.330	9.497	10.883
1427788213520	37.528014	139.931439	5	0.001	-0.300	9.513	10.859
1427788213621	37.528024	139.931440	5	-0.124	-0.215	9.422	10.834
1427788213722	37.528033	139.931440	5	-0.180	-0.151	9.047	10.809
1427788213822	37.528043	139.931441	5	-0.230	-0.160	9.083	10.784
1427788213923	37.528052	139.931441	5	-0.269	-0.191	9.387	10.760
1427788214024	37.528062	139.931440	5	-0.226	-0.270	9.700	10.760
1427788214124	37.528073	139.931440	5	-0.163	-0.297	9.851	10.760
1427788214220	37.528082	139.931440	5	-0.104	-0.275	9.528	10.760
1427788214321	37.528092	139.931439	5	-0.020	-0.238	9.351	10.760
1427788214421	37.528103	139.931439	5	0.083	-0.265	9.306	10.760
1427788214522	37.528113	139.931438	5	0.163	-0.252	9.242	10.760
1427788214623	37.528123	139.931437	5	0.206	-0.289	9.397	10.760
1427788214724	37.528133	139.931437	5	0.227	-0.329	9.622	10.760
1427788214824	37.528143	139.931436	5	0.220	-0.366	9.962	10.760
1427788214920	37.528153	139.931436	5	0.231	-0.331	9.687	10.760
1427788215021	37.528162	139.931436	5	0.141	-0.258	9.300	10.734
1427788215121	37.528171	139.931436	5	0.029	-0.130	8.671	10.709
1427788215222	37.528179	139.931436	5	0.086	-0.111	8.984	10.684
1427788215323	37.528188	139.931436	5	0.042	-0.202	9.402	10.659
1427788215423	37.528197	139.931437	5	0.123	-0.138	9.546	10.634
1427788215524	37.528206	139.931437	5	0.023	-0.278	9.802	10.608
1427788215620	37.528214	139.931437	5	-0.001	-0.285	9.840	10.584
1427788215721	37.528223	139.931437	5	0.096	-0.298	9.864	10.559
1427788215821	37.528231	139.931437	5	0.229	-0.226	9.552	10.534
1427788215922	37.528240	139.931437	5	0.341	-0.219	9.219	10.510
1427788216023	37.528249	139.931437	5	0.399	-0.302	9.138	10.510
1427788216123	37.528258	139.931437	5	0.421	-0.338	9.499	10.510
1427788216224	37.528267	139.931437	5	0.414	-0.395	9.782	10.510
1427788216320	37.528276	139.931437	5	0.332	-0.375	9.607	10.510
1427788216420	37.528285	139.931436	5	0.277	-0.299	9.287	10.510
1427788216521	37.528294	139.931436	5	0.190	-0.282	9.110	10.510
1427788216622	37.528303	139.931436	5	0.149	-0.258	9.349	10.510
1427788216723	37.528312	139.931436	5	0.159	-0.311	9.553	10.510
1427788216823	37.528321	139.931436	5	0.152	-0.296	9.423	10.510
1427788216924	37.528330	139.931436	6	0.107	-0.260	9.556	10.504
1427788217020	37.528337	139.931436	6	0.051	-0.270	9.548	10.350
1427788217120	37.528344	139.931436	6	0.034	-0.253	9.401	10.192
1427788217221	37.528351	139.931436	6	-0.057	-0.202	9.377	10.034
1427788217322	37.528357	139.931436	6	-0.036	-0.204	9.041	9.879
1427788217423	37.528364	139.931437	6	-0.081	-0.149	8.978	9.727
1427788217523	37.528370	139.931437	6	-0.098	-0.178	9.161	9.578
1427788217624	37.528377	139.931437	6	-0.068	-0.210	9.366	9.430
1427788217720	37.528383	139.931437	6	-0.103	-0.205	9.696	9.292
1427788217820	37.528389	139.931437	6	-0.131	-0.244	9.803	9.150
1427788217921	37.528395	139.931437	6	-0.148	-0.187	9.629	9.011
1427788218022	37.528406	139.931437	6	-0.068	-0.201	9.395	9.107
1427788218122	37.528416	139.931437	6	0.026	-0.160	9.377	9.204
1427788218223	37.528427	139.931437	6	0.030	-0.106	9.429	9.302
1427788218324	37.528438	139.931437	6	0.016	-0.134	9.370	9.401
1427788218420	37.528448	139.931437	6	-0.043	-0.109	9.364	9.497
1427788218520	37.528459	139.931438	6	-0.088	-0.193	9.379	9.597
1427788218621	37.528470	139.931438	6	-0.230	-0.179	9.621	9.700
1427788218722	37.528482	139.931438	6	-0.182	-0.198	9.593	9.804
1427788218822	37.528493	139.931438	6	-0.149	-0.167	9.570	9.907
1427788218923	37.528504	139.931438	6	-0.017	-0.241	9.378	10.011
1427788219024	37.528514	139.931437	6	-0.012	-0.124	9.409	10.036
1427788219120	37.528524	139.931436	6	0.045	-0.187	9.304	10.060
1427788219220	37.528534	139.931434	6	-0.019	-0.224	9.386	10.084
1427788219321	37.528544	139.931433	6	-0.002	-0.280	9.540	10.110
1427788219422	37.528554	139.931432	6	-0.064	-0.305	9.735	10.135
1427788219522	37.528565	139.931431	6	-0.051	-0.269	9.520	10.160
1427788219623	37.528575	139.931430	6	-0.104	-0.232	9.358	10.185
1427788219724	37.528585	139.931428	6	-0.210	-0.111	9.350	10.211
1427788219824	37.528595	139.931427	6	-0.208	-0.150	9.185	10.236
1427788219920	37.528605	139.931426	6	-0.250	-0.142	9.427	10.260
1427788220021	37.528614	139.931424	6	-0.218	-0.198	9.562	10.182
1427788220122	37.528623	139.931422	6	-0.100	-0.215	9.389	10.104
1427788220222	37.528632	139.931420	6	-0.085	-0.183	9.342	10.028
1427788220323	37.528640	139.931419	6	0.007	-0.157	9.411	9.951
1427788220424	37.528649	139.931417	6	0.084	-0.273	9.589	9.875
1427788220524	37.528658	139.931415	6	0.031	-0.346	9.603	9.800
1427788220620	37.528666	139.931413	6	-0.063	-0.247	9.621	9.729
1427788220721	37.528674	139.931411	6	-0.022	-0.309	9.934	9.655
1427788220821	37.528683	139.931410	6	-0.064	-0.311	9.650	9.582
1427788220922	37.528691	139.931408	9	-0.130	-0.220	9.224	9.510
1427788221023	37.528704	139.931409	9	-0.162	-0.243	9.984	9.510
1427788221123	37.528716	139.931410	9	-0.138	-0.426	10.976	9.510
1427788221224	37.528728	139.931410	9	-0.042	-0.415	10.391	9.510
1427788221320	37.528740	139.931411	9	0.001	-0.301	9.579	9.510
1427788221421	37.528753	139.931412	9	0.015	-0.240	9.332	9.510
1427788221521	37.528765	139.931413	9	-0.009	-0.059	8.945	9.510
1427788221622	37.528777	139.931414	9	0.079	0.135	8.405	9.510
1427788221723	37.528790	139.931414	9	0.154	-0.020	8.657	9.510
1427788221824	37.528802	139.931415	9	0.033	-0.295	9.660	9.510
1427788221924	37.528814	139.931416	9	-0.061	-0.553	10.802	9.508
1427788222020	37.528822	139.931417	9	-0.286	-0.495	10.398	9.459
1427788222121	37.528831	139.931418	9	-0.475	-0.424	9.558	9.407
1427788222221	37.528839	139.931419	9	-0.578	-0.198	9.379	9.357
1427788222322	37.528848	139.931420	9	-0.451	-0.024	8.879	9.306
1427788222423	37.528856	139.931422	9	-0.244	0.240	7.309	9.255
1427788222523	37.528865	139.931423	9	-0.134	0.061	7.910	9.205
1427788222624	37.528873	139.931424	9	-0.031	-0.116	9.048	9.155
1427788222720	37.528881	139.931425	9	-0.137	-0.170	9.411	9.108
1427788222820	37.528889	139.931426	9	-0.225	-0.278	9.243	9.059
1427788222921	37.528897	139.931427	5	-0.160	-0.286	9.639	9.009
1427788223022	37.528905	139.931428	5	-0.019	-0.422	9.909	8.958
1427788223123	37.528913	139.931428	5	0.108	-0.369	9.833	8.906
1427788223223	37.528920	139.931429	5	0.114	-0.265	9.255	8.855
1427788223324	37.528928	139.931429	5	0.061	-0.191	8.977	8.805
1427788223420	37.528936	139.931430	5	-0.069	-0.098	9.089	8.756
1427788223520	37.528943	139.931431	5	-0.120	-0.076	8.859	8.707
1427788223621	37.528951	139.931431	5	-0.151	-0.083	8.618	8.657
1427788223722	37.528958	139.931432	5	-0.169	-0.131	8.947	8.607
1427788223823	37.528966	139.931432	5	-0.219	-0.226	9.432	8.557
1427788223923	37.528973	139.931433	6	-0.238	-0.190	9.475	8.510
1427788224024	37.528982	139.931434	6	-0.194	-0.165	9.157	8.510
1427788224120	37.528990	139.931435	6	-0.207	-0.162	9.072	8.510
1427788224220	37.528999	139.931436	6	-0.209	-0.184	9.096	8.510
1427788224321	37.529007	139.931437	6	-0.202	-0.182	9.112	8.510
1427788224422	37.529016	139.931439	6	-0.186	-0.226	9.243	8.510
1427788224522	37.529024	139.931440	6	-0.183	-0.224	9.476	8.510
1427788224623	37.529033	139.931441	6	-0.173	-0.297	9.694	8.510
1427788224724	37.529041	139.931442	6	-0.217	-0.246	9.578	8.510
1427788224820	37.529049	139.931443	6	-0.083	-0.239	9.206	8.510
1427788224920	37.529058	139.931444	6	0.001	0.020	7.915	8.510
1427788225021	37.529065	139.931443	6	0.025	0.069	7.085	8.485
1427788225122	37.529073	139.931441	6	-0.230	-0.101	7.900	8.461
1427788225222	37.529080	139.931440	6	-0.173	-0.407	9.467	8.437
1427788225323	37.529088	139.931439	6	-0.166	-0.648	10.927	8.412
1427788225424	37.529095	139.931437	6	-0.252	-0.301	10.879	8.388
1427788225524	37.529102	139.931436	6	-0.153	-0.073	10.728	8.364
1427788225620	37.529109	139.931435	6	-0.268	-0.189	11.294	8.341
1427788225721	37.529117	139.931434	6	-0.235	0.236	10.522	8.317
1427788225822	37.529124	139.931432	6	-0.165	0.761	8.506	8.293
1427788225922	37.529131	139.931431	6	-0.125	0.892	7.433	8.269
1427788226023	37.529138	139.931430	6	-0.256	0.696	7.646	8.244
1427788226124	37.529145	139.931430	6	-0.362	0.356	9.126	8.218
1427788226224	37.529151	139.931429	6	-0.319	0.045	10.931	8.193
1427788226320	37.529158	139.931429	6	-0.150	-0.048	11.217	8.169
1427788226421	37.529164	139.931428	6	-0.075	0.140	10.147	8.144
1427788226522	37.529171	139.931428	6	-0.149	0.239	9.302	8.119
1427788226623	37.529178	139.931427	6	-0.275	0.246	9.317	8.093
1427788226723	37.529184	139.931427	6	-0.304	0.234	9.665	8.069
1427788226824	37.529191	139.931426	6	-0.281	0.153	9.853	8.044
1427788226924	37.529197	139.931426	6	-0.272	0.098	9.824	8.020
1427788227020	37.529203	139.931424	6	-0.324	0.081	9.746	8.020
1427788227121	37.529210	139.931423	6	-0.321	0.102	9.489	8.020
1427788227221	37.529216	139.931421	6	-0.289	0.177	9.081	8.020
1427788227322	37.529222	139.931420	6	-0.116	0.212	8.803	8.020
1427788227423	37.529229	139.931418	6	0.049	0.080	8.964	8.020
1427788227523	37.529235	139.931416	6	0.201	-0.073	9.376	8.020
1427788227624	37.529241	139.931415	6	0.306	-0.192	9.739	8.020
1427788227720	37.529247	139.931413	6	0.341	-0.228	9.774	8.020
1427788227821	37.529254	139.931412	6	0.345	-0.178	9.385	8.020
1427788227921	37.529260	139.931410	7	0.267	-0.119	8.927	8.020
1427788228022	37.529269	139.931410	7	0.138	-0.181	8.807	8.069
1427788228123	37.529277	139.931410	7	0.039	-0.219	9.153	8.117
1427788228224	37.529286	139.931410	7	-0.013	-0.255	9.854	8.166
1427788228324	37.529294	139.931410	7	-0.093	-0.343	10.170	8.214
1427788228420	37.529302	139.931410	7	-0.195	-0.253	9.804	8.261
1427788228521	37.529311	139.931411	7	-0.245	-0.085	9.244	8.311
1427788228621	37.529320	139.931411	7	-0.300	-0.047	8.751	8.360
1427788228722	37.529329	139.931411	7	-0.348	-0.170	8.530	8.411
1427788228823	37.529337	139.931411	7	-0.391	-0.673	8.696	8.461
1427788228923	37.529346	139.931411	12	-0.356	-1.149	9.420	8.511
1427788229024	37.529356	139.931414	12	-0.311	-1.669	10.226	8.561
1427788229120	37.529366	139.931416	12	-0.227	-1.996	10.603	8.608
1427788229220	37.529376	139.931419	12	-0.010	-1.899	10.299	8.657
1427788229321	37.529387	139.931422	12	0.110	-1.182	9.480	8.707
1427788229422	37.529397	139.931425	12	0.008	-0.804	8.756	8.757
1427788229523	37.529407	139.931428	12	-0.064	-0.891	8.524	8.808
1427788229623	37.529418	139.931431	12	-0.084	-1.218	8.399	8.859
1427788229724	37.529428	139.931433	12	-0.104	-1.577	8.930	8.910
1427788229820	37.529438	139.931436	12	-0.087	-1.512	10.006	8.959
1427788229920	37.529449	139.931439	12	-0.159	-1.100	10.879	9.010
1427788230021	37.529456	139.931438	12	-0.233	-0.684	10.502	8.847
1427788230122	37.529462	139.931437	12	-0.201	-0.235	9.246	8.687
1427788230223	37.529469	139.931436	12	-0.206	0.055	8.167	8.530
1427788230323	37.529475	139.931436	12	-0.279	0.087	8.155	8.377
1427788230424	37.529481	139.931435	12	-0.260	0.019	8.943	8.225
1427788230520	37.529487	139.931434	12	-0.303	-0.130	9.827	8.084
1427788230620	37.529493	139.931433	12	-0.215	-0.222	10.334	7.939
1427788230721	37.529499	139.931432	12	-0.075	-0.194	9.989	7.795
1427788230822	37.529505	139.931432	12	0.037	-0.191	9.433	7.654
1427788230922	37.529510	139.931431	8	0.026	-0.117	9.098	7.519
1427788231023	37.529515	139.931430	8	0.003	-0.053	9.145	7.494
1427788231124	37.529520	139.931429	8	-0.051	-0.044	9.324	7.468
1427788231225	37.529525	139.931427	8	-0.026	-0.094	9.498	7.443
1427788231320	37.529530	139.931426	8	-0.145	-0.060	9.413	7.419
1427788231421	37.529535	139.931425	8	-0.258	-0.079	9.481	7.394
1427788231522	37.529540	139.931424	8	-0.187	-0.154	9.643	7.368
1427788231622	37.529545	139.931423	8	-0.117	-0.142	9.487	7.344
1427788231723	37.529550	139.931421	8	-0.153	-0.069	9.607	7.319
1427788231824	37.529555	139.931420	8	-0.120	0.075	9.614	7.294
1427788231925	37.529560	139.931419	10	-0.120	0.239	9.569	7.269
1427788232020	37.529564	139.931419	10	0.028	0.387	9.102	7.245
1427788232121	37.529568	139.931419	10	-0.056	0.459	9.131	7.219
1427788232222	37.529573	139.931419	10	-0.158	0.659	9.175	7.194
1427788232322	37.529577	139.931419	10	-0.208	0.664	9.190	7.168
1427788232423	37.529581	139.931420	10	-0.263	0.541	8.930	7.143
1427788232524	37.529585	139.931420	10	-0.348	0.553	9.366	7.118
1427788232624	37.529589	139.931420	10	-0.131	0.528	10.230	7.093
1427788232720	37.529593	139.931420	10	0.027	0.531	9.655	7.069
1427788232821	37.529597	139.931420	10	-0.016	0.559	8.782	7.044
1427788232922	37.529601	139.931420	10	0.012	0.693	8.274	7.021
1427788233022	37.529609	139.931420	10	0.060	0.559	9.277	7.093
1427788233123	37.529617	139.931419	10	0.317	0.528	10.459	7.166
1427788233224	37.529624	139.931419	10	0.380	0.614	10.248	7.240
1427788233324	37.529632	139.931419	10	0.442	0.670	9.533	7.314
1427788233420	37.529640	139.931419	10	0.503	0.824	9.314	7.385
1427788233521	37.529648	139.931418	10	0.135	0.614	9.429	7.462
1427788233621	37.529656	139.931418	10	0.067	0.804	9.313	7.538
1427788233722	37.529665	139.931418	10	0.109	0.599	8.785	7.615
1427788233823	37.529673	139.931417	10	0.062	0.321	8.455	7.694
1427788233924	37.529681	139.931417	7	-0.137	0.046	9.359	7.772
1427788234024	37.529686	139.931417	7	-0.107	0.039	9.839	7.821
1427788234120	37.529691	139.931418	7	-0.165	-0.029	9.825	7.868
1427788234221	37.529695	139.931418	7	-0.321	-0.100	11.085	7.917
1427788234321	37.529700	139.931419	7	-0.227	-0.077	10.388	7.967
1427788234422	37.529705	139.931419	7	-0.041	0.143	8.648	8.017
1427788234523	37.529710	139.931419	7	0.168	0.341	7.929	8.068
1427788234623	37.529715	139.931420	7	0.336	0.195	8.983	8.118
1427788234724	37.529720	139.931420	7	0.427	0.052	9.928	8.170
1427788234820	37.529725	139.931421	7	0.502	0.180	9.323	8.219
1427788234921	37.529730	139.931421	7	0.382	0.193	8.781	8.269
1427788235021	37.529738	139.931421	7	0.368	-0.004	9.065	8.218
1427788235122	37.529746	139.931421	7	0.205	-0.162	10.298	8.166
1427788235223	37.529754	139.931421	7	0.036	-0.058	10.162	8.115
1427788235323	37.529762	139.931421	7	0.031	0.194	9.312	8.065
1427788235424	37.529770	139.931422	7	0.169	0.207	9.075	8.014
1427788235520	37.529778	139.931422	7	0.273	0.105	9.003	7.966
1427788235621	37.529786	139.931422	7	0.426	0.038	9.524	7.916
1427788235721	37.529794	139.931422	7	0.466	-0.048	10.130	7.867
1427788235822	37.529801	139.931422	7	0.409	-0.152	10.468	7.818
1427788235923	37.529809	139.931422	7	0.491	-0.069	10.354	7.771
1427788236023	37.529815	139.931421	7	0.416	0.151	9.509	7.795
1427788236124	37.529821	139.931421	7	0.371	0.304	8.829	7.820
1427788236220	37.529826	139.931421	7	0.409	0.242	8.742	7.844
1427788236320	37.529832	139.931420	7	0.495	0.223	9.230	7.869
1427788236421	37.529838	139.931420	7	0.486	0.171	9.690	7.894
1427788236522	37.529844	139.931419	7	0.421	0.131	9.679	7.920
1427788236623	37.529850	139.931419	7	0.250	0.097	9.341	7.945
1427788236723	37.529855	139.931418	7	0.050	0.148	9.359	7.970
1427788236824	37.529861	139.931417	7	-0.077	0.236	9.519	7.996
1427788236920	37.529867	139.931417	7	-0.174	0.189	9.488	8.020
1427788237020	37.529874	139.931417	7	-0.243	0.157	9.406	8.068
1427788237121	37.529882	139.931416	7	-0.127	0.150	9.547	8.116
1427788237222	37.529889	139.931416	7	-0.015	0.194	9.425	8.165
1427788237323	37.529897	139.931415	7	0.025	0.267	9.132	8.214
1427788237423	37.529905	139.931415	7	0.021	0.196	9.195	8.263
1427788237524	37.529912	139.931415	7	0.153	0.142	9.152	8.312
1427788237620	37.529920	139.931414	7	0.209	0.185	9.196	8.360
1427788237720	37.529927	139.931414	7	0.172	0.196	9.410	8.410
1427788237821	37.529935	139.931413	7	0.177	0.116	9.664	8.460
1427788237922	37.529943	139.931413	5	0.190	0.013	9.678	8.510
1427788238022	37.529951	139.931414	5	0.235	0.069	9.457	8.535
1427788238123	37.529958	139.931414	5	0.241	0.123	9.411	8.560
1427788238224	37.529966	139.931415	5	0.191	0.196	9.280	8.585
1427788238325	37.529974	139.931416	5	0.075	0.122	9.432	8.610
1427788238420	37.529981	139.931416	5	-0.002	0.038	9.426	8.634
1427788238521	37.529989	139.931417	5	-0.011	0.010	9.310	8.659
1427788238622	37.529997	139.931418	5	0.060	0.053	9.274	8.685
1427788238722	37.530005	139.931419	5	-0.059	0.075	9.683	8.710
1427788238823	37.530012	139.931419	5	-0.190	0.073	9.671	8.735
1427788238924	37.530020	139.931420	5	-0.158	0.076	9.308	8.760
1427788239024	37.530028	139.931420	5	-0.122	0.078	9.325	8.760
1427788239120	37.530035	139.931420	5	-0.048	0.146	9.293	8.760
1427788239221	37.530043	139.931421	5	-0.011	0.152	9.062	8.760
1427788239322	37.530051	139.931421	5	0.037	0.075	9.194	8.760
1427788239422	37.530059	139.931421	5	0.139	0.049	9.355	8.760
1427788239523	37.530066	139.931421	5	0.152	0.082	9.456	8.760
1427788239624	37.530074	139.931421	5	0.159	0.047	9.539	8.760
1427788239724	37.530082	139.931422	5	0.158	-0.023	9.422	8.760
1427788239820	37.530089	139.931422	5	0.188	-0.013	9.369	8.760
1427788239921	37.530097	139.931422	5	0.175	0.011	9.627	8.760
1427788240021	37.530105	139.931423	5	0.164	0.033	9.455	8.734
1427788240122	37.530112	139.931425	5	0.143	0.021	9.284	8.709
1427788240223	37.530120	139.931426	5	0.207	-0.010	9.441	8.683
1427788240324	37.530127	139.931427	5	0.250	-0.034	9.762	8.658
1427788240424	37.530135	139.931429	5	0.171	0.017	9.710	8.633
1427788240520	37.530142	139.931430	5	0.213	0.003	9.530	8.609
1427788240621	37.530149	139.931431	5	0.220	0.018	9.367	8.584
1427788240721	37.530156	139.931432	5	0.194	0.113	9.306	8.559
1427788240822	37.530164	139.931434	5	0.178	0.105	9.409	8.534
1427788240923	37.530171	139.931435	5	0.093	0.058	9.458	8.511
1427788241023	37.530179	139.931434	5	0.124	0.022	9.469	8.535
1427788241124	37.530188	139.931434	5	0.203	0.044	9.721	8.560
1427788241220	37.530196	139.931434	5	0.155	0.098	9.590	8.584
1427788241321	37.530204	139.931433	5	0.133	0.149	9.016	8.609
1427788241421	37.530212	139.931433	5	0.170	0.097	8.834	8.634
1427788241522	37.530221	139.931432	5	0.229	0.094	9.324	8.660
1427788241623	37.530229	139.931432	5	0.220	0.027	9.691	8.685
1427788241723	37.530237	139.931431	5	0.217	-0.038	9.420	8.710
1427788241824	37.530246	139.931430	5	0.320	0.034	9.212	8.736
1427788241920	37.530254	139.931430	5	0.309	0.049	9.500	8.760
1427788242020	37.530262	139.931430	5	0.273	0.063	9.455	8.760
1427788242121	37.530270	139.931430	5	0.369	0.063	9.207	8.760
1427788242222	37.530278	139.931430	5	0.418	0.088	9.370	8.760
1427788242323	37.530286	139.931430	5	0.326	0.115	9.725	8.760
1427788242423	37.530294	139.931431	5	0.245	0.105	9.922	8.760
1427788242524	37.530302	139.931431	5	0.179	0.151	9.760	8.760
1427788242620	37.530309	139.931431	5	0.144	0.205	9.442	8.760
1427788242720	37.530317	139.931431	5	0.106	0.325	9.393	8.760
1427788242821	37.530325	139.931431	5	-0.003	0.399	9.369	8.760
1427788242922	37.530333	139.931431	9	-0.069	0.401	9.236	8.759
1427788243023	37.530339	139.931429	9	-0.044	0.375	9.040	8.708
1427788243123	37.530344	139.931426	9	-0.025	0.406	8.933	8.658
1427788243224	37.530350	139.931424	9	-0.115	0.540	8.944	8.608
1427788243320	37.530355	139.931422	9	-0.236	0.502	9.247	8.561
1427788243420	37.530360	139.931420	9	-0.354	0.475	9.406	8.511
1427788243521	37.530366	139.931418	9	-0.468	0.358	9.289	8.462
1427788243622	37.530371	139.931415	9	-0.343	0.305	9.489	8.413
1427788243722	37.530377	139.931413	9	-0.150	0.207	10.140	8.365
1427788243823	37.530382	139.931411	9	-0.083	0.247	10.118	8.316
1427788243924	37.530387	139.931409	9	-0.053	0.393	9.585	8.271
1427788244020	37.530394	139.931409	9	-0.056	0.440	9.340	8.294
1427788244120	37.530402	139.931409	9	-0.107	0.479	9.302	8.317
1427788244221	37.530409	139.931409	9	-0.078	0.498	9.208	8.342
1427788244322	37.530416	139.931409	9	0.085	0.400	9.366	8.366
1427788244422	37.530424	139.931410	9	0.117	0.263	9.767	8.390
1427788244523	37.530431	139.931410	9	0.067	0.150	10.001	8.414
1427788244624	37.530439	139.931410	9	-0.101	0.115	9.958	8.438
1427788244725	37.530446	139.931410	9	-0.205	0.204	9.406	8.463
1427788244820	37.530454	139.931410	9	-0.235	0.297	8.952	8.486
1427788244921	37.530461	139.931410	7	-0.150	0.285	8.915	8.510
1427788245022	37.530468	139.931411	7	-0.026	0.263	8.932	8.485
1427788245122	37.530475	139.931413	7	0.032	0.239	9.058	8.461
1427788245223	37.530482	139.931414	7	0.074	0.198	9.175	8.437
1427788245324	37.530489	139.931416	7	0.090	0.185	9.155	8.412
1427788245424	37.530496	139.931417	7	0.079	0.216	9.182	8.388
1427788245520	37.530502	139.931418	7	0.082	0.194	9.145	8.365
1427788245621	37.530509	139.931420	7	0.147	0.200	9.007	8.341
1427788245722	37.530516	139.931421	7	0.155	0.197	9.209	8.317
1427788245822	37.530522	139.931423	7	0.164	0.190	9.576	8.293
1427788245923	37.530529	139.931424	7	0.143	0.265	9.480	8.273
1427788246024	37.530540	139.931424	7	0.121	0.262	9.286	8.368
1427788246124	37.530550	139.931424	7	0.106	0.285	9.330	8.463
1427788246220	37.530560	139.931424	7	0.085	0.332	9.257	8.555
1427788246321	37.530570	139.931424	7	0.106	0.342	9.193	8.654
1427788246421	37.530581	139.931424	7	0.073	0.328	9.217	8.752
1427788246522	37.530592	139.931423	7	-0.011	0.357	9.338	8.853
1427788246623	37.530603	139.931423	7	-0.046	0.440	9.236	8.954
1427788246724	37.530614	139.931423	7	-0.113	0.577	9.268	9.057
1427788246824	37.530625	139.931423	7	-0.139	0.694	9.479	9.160
1427788246920	37.530636	139.931423	7	-0.137	0.704	9.695	9.260
1427788247021	37.530645	139.931424	7	-0.105	0.610	9.658	9.260
1427788247121	37.530655	139.931425	7	-0.108	0.542	9.413	9.260
1427788247222	37.530664	139.931425	7	-0.200	0.591	9.298	9.260
1427788247323	37.530673	139.931426	7	-0.340	0.732	9.465	9.260
1427788247423	37.530683	139.931427	7	-0.251	0.763	9.101	9.260
1427788247524	37.530692	139.931428	7	-0.192	0.657	8.613	9.260
1427788247620	37.530701	139.931429	7	-0.290	0.585	8.881	9.260
1427788247721	37.530710	139.931429	7	-0.329	0.637	9.565	9.260
1427788247821	37.530720	139.931430	7	-0.259	0.470	9.900	9.260
1427788247922	37.530729	139.931431	7	-0.202	0.377	9.659	9.260
1427788248023	37.530739	139.931431	7	-0.178	0.540	9.676	9.285
1427788248123	37.530748	139.931430	7	-0.171	0.436	9.427	9.310
1427788248224	37.530757	139.931430	7	-0.190	0.527	9.342	9.334
1427788248320	37.530766	139.931430	7	-0.122	0.578	9.301	9.358
1427788248420	37.530776	139.931430	7	-0.153	0.381	9.186	9.383
1427788248521	37.530785	139.931429	7	-0.270	0.431	9.683	9.407
1427788248622	37.530795	139.931429	7	-0.189	0.256	9.630	9.433
1427788248723	37.530804	139.931429	7	-0.250	0.278	9.655	9.458
1427788248823	37.530814	139.931428	7	-0.187	0.285	9.259	9.482
1427788248924	37.530824	139.931428	7	-0.286	0.247	9.385	9.508
1427788249020	37.530833	139.931428	7	-0.336	0.247	9.520	9.532
1427788249120	37.530842	139.931427	7	-0.365	0.166	9.382	9.557
1427788249221	37.530852	139.931427	7	-0.413	0.263	9.412	9.582
1427788249322	37.530862	139.931427	7	-0.356	0.194	9.209	9.608
1427788249423	37.530872	139.931427	7	-0.427	0.219	9.465	9.633
1427788249523	37.530881	139.931426	7	-0.341	0.215	9.421	9.659
1427788249624	37.530891	139.931426	7	-0.327	0.143	9.298	9.684
1427788249720	37.530900	139.931426	7	-0.354	0.272	9.462	9.709
1427788249820	37.530910	139.931425	7	-0.291	0.198	9.228	9.734
1427788249921	37.530920	139.931425	8	-0.298	0.255	9.140	9.760
1427788250022	37.530930	139.931426	8	-0.289	0.269	9.388	9.785
1427788250122	37.530940	139.931427	8	-0.288	0.096	9.382	9.810
1427788250223	37.530950	139.931427	8	-0.415	0.193	9.520	9.835
1427788250324	37.530960	139.931428	8	-0.375	0.176	9.619	9.860
1427788250420	37.530970	139.931429	8	-0.292	0.107	9.372	9.884
1427788250520	37.530980	139.931430	8	-0.286	0.208	9.405	9.909
1427788250621	37.530990	139.931431	8	-0.114	0.260	9.241	9.935
1427788250722	37.531000	139.931431	8	-0.028	0.181	9.194	9.960
1427788250822	37.531010	139.931432	8	-0.080	0.217	9.435	9.985
1427788250923	37.531020	139.931433	8	0.015	0.148	9.457	10.008
1427788251024	37.531028	139.931432	8	-0.020	0.081	9.403	9.957
1427788251124	37.531036	139.931430	8	-0.048	0.160	9.690	9.906
1427788251220	37.531044	139.931429	8	0.040	0.112	9.561	9.857
1427788251321	37.531052	139.931428	8	0.035	0.087	9.199	9.806
1427788251422	37.531060	139.931426	8	0.051	0.202	9.547	9.756
1427788251522	37.531067	139.931425	8	0.142	0.105	9.268	9.706
1427788251623	37.531075	139.931424	8	0.120	0.122	9.133	9.656
1427788251724	37.531083	139.931422	8	0.147	0.163	9.301	9.606
1427788251824	37.531091	139.931421	8	0.339	0.049	9.358	9.557
1427788251920	37.531098	139.931420	15	0.318	0.012	9.606	9.510
1427788252021	37.531110	139.931423	15	0.321	0.079	9.843	9.606
1427788252121	37.531123	139.931427	15	0.201	0.055	9.322	9.703
1427788252222	37.531135	139.931430	15	0.049	0.087	9.156	9.801
1427788252323	37.531148	139.931433	15	0.122	0.180	9.355	9.901
1427788252424	37.531160	139.931437	15	0.151	0.105	9.222	10.002
1427788252524	37.531173	139.931440	15	0.138	0.081	9.282	10.102
1427788252620	37.531186	139.931443	15	0.048	0.189	9.434	10.200
1427788252721	37.531199	139.931447	15	-0.100	0.085	9.484	10.303
1427788252821	37.531212	139.931450	15	-0.124	0.055	9.681	10.407
1427788252922	37.531225	139.931454	15	-0.077	0.149	9.534	10.509
1427788253023	37.531234	139.931453	15	-0.024	0.107	9.176	10.457
1427788253123	37.531242	139.931452	15	-0.085	0.121	9.521	10.407
1427788253224	37.531251	139.931451	15	-0.037	0.134	9.436	10.355
1427788253320	37.531259	139.931450	15	-0.009	0.093	9.227	10.307
1427788253421	37.531268	139.931449	15	-0.011	0.149	9.499	10.256
1427788253521	37.531276	139.931448	15	-0.014	0.089	9.612	10.207
1427788253622	37.531284	139.931447	15	-0.112	0.129	9.416	10.156
1427788253723	37.531293	139.931446	15	-0.225	0.186	9.518	10.107
1427788253823	37.531301	139.931445	15	-0.238	0.101	9.371	10.057
1427788253924	37.531309	139.931444	11	-0.203	0.158	9.435	10.009
1427788254020	37.531316	139.931442	11	-0.068	0.179	9.319	9.985
1427788254121	37.531324	139.931440	11	-0.009	0.138	9.150	9.959
1427788254221	37.531331	139.931438	11	-0.127	0.165	9.560	9.934
1427788254322	37.531339	139.931436	11	-0.101	0.121	9.466	9.909
1427788254423	37.531346	139.931434	11	-0.219	0.098	9.483	9.883
1427788254523	37.531353	139.931432	11	-0.167	0.167	9.461	9.858
1427788254624	37.531361	139.931431	11	-0.090	0.130	9.294	9.833
1427788254720	37.531368	139.931429	11	-0.164	0.220	9.593	9.809
1427788254820	37.531375	139.931427	11	-0.079	0.081	9.653	9.785
1427788254921	37.531382	139.931425	11	-0.122	0.098	9.471	9.760
1427788255022	37.531392	139.931423	11	-0.051	0.199	9.200	9.760
1427788255123	37.531401	139.931422	11	0.093	0.113	8.954	9.760
1427788255223	37.531411	139.931420	11	0.042	0.202	9.216	9.760
1427788255324	37.531420	139.931419	11	0.141	0.074	9.241	9.760
1427788255420	37.531430	139.931417	11	0.132	0.010	9.511	9.760
1427788255520	37.531439	139.931415	11	0.129	0.042	9.900	9.760
1427788255621	37.531449	139.931414	11	0.190	-0.050	9.733	9.760
1427788255722	37.531458	139.931412	11	0.138	0.126	9.558	9.760
1427788255822	37.531468	139.931411	11	0.110	0.098	9.347	9.760
1427788255923	37.531477	139.931409	15	0.008	0.086	9.423	9.759
1427788256024	37.531480	139.931403	15	-0.021	0.155	9.337	9.734
1427788256120	37.531484	139.931397	15	-0.069	0.016	9.362	9.709
1427788256220	37.531487	139.931391	15	-0.144	0.150	9.697	9.684
1427788256321	37.531490	139.931386	15	-0.138	0.081	9.517	9.659
1427788256422	37.531494	139.931380	15	-0.177	0.193	9.496	9.634
1427788256522	37.531497	139.931374	15	-0.170	0.180	9.714	9.609
1427788256623	37.531500	139.931368	15	-0.189	0.157	9.622	9.584
1427788256724	37.531504	139.931362	15	-0.231	0.237	9.469	9.558
1427788256820	37.531507	139.931357	15	-0.117	0.130	9.072	9.535
1427788256920	37.531510	139.931351	15	-0.186	0.316	8.873	9.510
1427788257021	37.531519	139.931351	15	-0.310	0.181	9.404	9.535
1427788257122	37.531528	139.931350	15	-0.268	0.123	9.480	9.560
1427788257222	37.531537	139.931350	15	-0.355	0.193	9.488	9.585
1427788257323	37.531546	139.931350	15	-0.230	0.087	9.313	9.610
1427788257424	37.531556	139.931350	15	-0.208	0.240	9.516	9.635
1427788257524	37.531565	139.931349	15	-0.235	0.211	9.198	9.660
1427788257620	37.531573	139.931349	15	-0.286	0.217	8.882	9.684
1427788257721	37.531583	139.931349	15	-0.247	0.271	9.080	9.710
1427788257822	37.531592	139.931348	15	-0.153	-0.003	9.654	9.735
1427788257923	37.531601	139.931348	6	-0.019	-0.007	10.129	9.760
1427788258023	37.531611	139.931347	6	0.131	0.027	9.768	9.760
1427788258124	37.531620	139.931347	6	0.163	0.183	9.480	9.760
1427788258224	37.531630	139.931346	6	0.210	0.209	9.049	9.760
1427788258320	37.531639	139.931346	6	0.151	0.223	9.093	9.760
1427788258421	37.531649	139.931345	6	0.142	0.237	9.447	9.760
1427788258521	37.531658	139.931345	6	0.144	0.089	9.390	9.760
1427788258622	37.531668	139.931344	6	0.056	0.196	9.768	9.760
1427788258723	37.531677	139.931344	6	0.032	0.089	9.626	9.760
1427788258824	37.531687	139.931343	6	-0.076	0.234	9.594	9.760
1427788258924	37.531696	139.931343	6	-0.028	0.131	9.431	9.760
1427788259020	37.531706	139.931343	6	-0.125	0.271	9.472	9.760
1427788259121	37.531715	139.931343	6	-0.069	0.162	9.254	9.760
1427788259221	37.531725	139.931343	6	-0.128	0.223	9.438	9.760
1427788259322	37.531735	139.931343	6	0.004	0.217	9.194	9.760
1427788259423	37.531745	139.931343	6	-0.065	0.274	9.327	9.760
1427788259524	37.531755	139.931344	6	0.017	0.204	9.175	9.760
1427788259624	37.531764	139.931344	6	-0.036	0.224	9.284	9.760
1427788259720	37.531774	139.931344	6	0.005	0.133	9.446	9.760
1427788259821	37.531783	139.931344	6	-0.117	0.157	9.770	9.760
1427788259921	37.531793	139.931344	6	-0.080	0.136	9.565	9.760
1427788260022	37.531801	139.931343	6	-0.052	0.339	9.641	9.785
1427788260123	37.531809	139.931343	6	-0.046	0.375	9.416	9.810
1427788260223	37.531817	139.931342	6	-0.037	0.516	9.180	9.835
1427788260324	37.531825	139.931342	6	-0.079	0.579	9.210	9.860
1427788260420	37.531833	139.931342	6	-0.128	0.556	9.348	9.884
1427788260521	37.531841	139.931341	6	-0.164	0.505	9.616	9.909
1427788260621	37.531849	139.931341	6	-0.190	0.496	9.577	9.935
1427788260722	37.531857	139.931340	6	-0.204	0.435	9.343	9.960
1427788260823	37.531865	139.931339	6	-0.211	0.368	9.229	9.985
1427788260923	37.531873	139.931339	6	-0.201	0.313	9.253	10.011
1427788261024	37.531883	139.931339	6	-0.200	0.261	9.421	10.061
1427788261120	37.531893	139.931340	6	-0.188	0.195	9.552	10.108
1427788261221	37.531903	139.931340	6	-0.216	0.193	9.627	10.158
1427788261321	37.531913	139.931341	6	-0.170	0.179	9.585	10.208
1427788261422	37.531923	139.931341	6	-0.140	0.236	9.344	10.258
1427788261523	37.531933	139.931341	6	-0.148	0.203	9.328	10.309
1427788261623	37.531943	139.931342	6	-0.138	0.189	9.395	10.359
1427788261724	37.531954	139.931342	6	-0.131	0.175	9.354	10.410
1427788261820	37.531964	139.931343	6	-0.098	0.158	9.467	10.459
1427788261920	37.531974	139.931343	6	-0.102	0.160	9.492	10.510
1427788262021	37.531984	139.931343	6	-0.074	0.154	9.337	10.510
1427788262122	37.531994	139.931344	6	-0.057	0.158	9.308	10.510
1427788262222	37.532004	139.931344	6	-0.056	0.104	9.566	10.510
1427788262323	37.532013	139.931345	6	-0.054	0.122	9.683	10.510
1427788262424	37.532023	139.931345	6	0.014	0.151	9.346	10.510
1427788262520	37.532033	139.931345	6	0.025	0.165	9.283	10.510
1427788262620	37.532043	139.931346	6	-0.005	0.146	9.312	10.510
1427788262721	37.532052	139.931346	6	-0.058	0.096	9.341	10.510
1427788262822	37.532062	139.931347	6	-0.126	0.072	9.488	10.510
1427788262922	37.532072	139.931347	5	-0.153	0.057	9.676	10.510
1427788263023	37.532082	139.931347	5	-0.199	0.118	9.453	10.510
1427788263124	37.532092	139.931347	5	-0.245	0.148	9.287	10.510
1427788263225	37.532102	139.931347	5	-0.247	0.156	9.207	10.510
1427788263320	37.532112	139.931347	5	-0.202	0.161	9.185	10.510
1427788263421	37.532122	139.931347	5	-0.199	0.108	9.392	10.510
1427788263522	37.532132	139.931347	5	-0.115	0.084	9.607	10.510
1427788263622	37.532142	139.931347	5	-0.003	0.077	9.711	10.510
1427788263723	37.532151	139.931347	5	0.078	0.056	9.697	10.510
1427788263824	37.532162	139.931347	5	0.090	0.063	9.528	10.510
1427788263924	37.532171	139.931347	5	0.127	0.079	9.297	10.510
1427788264020	37.532180	139.931346	5	0.143	0.081	9.253	10.510
1427788264121	37.532190	139.931346	5	0.130	0.050	9.478	10.510
1427788264222	37.532199	139.931345	5	0.106	-0.007	9.567	10.510
1427788264322	37.532209	139.931345	5	0.084	0.029	9.559	10.510
1427788264423	37.532218	139.931344	5	0.097	-0.017	9.491	10.510
1427788264524	37.532228	139.931344	5	0.080	0.046	9.266	10.510
1427788264624	37.532237	139.931343	5	0.112	-0.001	9.276	10.510
1427788264720	37.532246	139.931343	5	0.135	-0.037	9.250	10.510
1427788264821	37.532256	139.931342	5	0.174	-0.015	9.299	10.510
1427788264922	37.532265	139.931342	6	0.142	-0.075	9.389	10.509
1427788265022	37.532273	139.931340	6	0.099	-0.056	9.316	10.484
1427788265123	37.532281	139.931339	6	0.017	-0.054	9.319	10.459
1427788265224	37.532290	139.931337	6	-0.036	-0.009	9.425	10.433
1427788265324	37.532298	139.931335	6	-0.091	0.015	9.602	10.408
1427788265420	37.532305	139.931334	6	-0.132	0.065	9.650	10.384
1427788265521	37.532313	139.931332	6	-0.155	0.113	9.354	10.359
1427788265621	37.532321	139.931331	6	-0.135	0.168	9.204	10.334
1427788265722	37.532329	139.931329	6	-0.128	0.178	9.234	10.309
1427788265823	37.532337	139.931328	6	-0.092	0.122	9.404	10.284
1427788265924	37.532345	139.931326	6	-0.078	0.065	9.672	10.261
1427788266024	37.532355	139.931326	6	-0.105	0.059	9.640	10.286
1427788266120	37.532363	139.931326	6	-0.123	0.109	9.322	10.310
1427788266221	37.532373	139.931325	6	-0.151	0.138	9.155	10.335
1427788266321	37.532382	139.931325	6	-0.149	0.135	9.036	10.360
1427788266422	37.532391	139.931325	6	-0.148	0.025	9.352	10.385
1427788266523	37.532401	139.931325	6	-0.199	-0.042	9.581	10.410
1427788266623	37.532410	139.931325	6	-0.231	-0.069	9.753	10.435
1427788266724	37.532420	139.931324	6	-0.225	-0.101	9.838	10.461
1427788266820	37.532429	139.931324	6	-0.153	-0.059	9.599	10.485
1427788266920	37.532438	139.931324	5	-0.119	-0.026	9.531	10.510
1427788267021	37.532447	139.931324	5	-0.075	-0.007	9.565	10.510
1427788267122	37.532457	139.931325	5	-0.050	0.038	9.354	10.510
1427788267223	37.532466	139.931326	5	-0.069	0.028	9.293	10.510
1427788267323	37.532475	139.931326	5	-0.048	0.011	9.283	10.510
1427788267424	37.532485	139.931327	5	-0.068	0.003	9.265	10.510
1427788267520	37.532494	139.931327	5	-0.095	0.020	9.350	10.510
1427788267620	37.532503	139.931328	5	-0.166	0.024	9.377	10.510
1427788267721	37.532512	139.931328	5	-0.248	0.025	9.428	10.510
1427788267822	37.532522	139.931329	5	-0.280	0.075	9.330	10.510
1427788267923	37.532531	139.931329	6	-0.266	0.085	9.272	10.510
1427788268023	37.532540	139.931329	6	-0.230	0.065	9.370	10.510
1427788268124	37.532549	139.931329	6	-0.178	0.091	9.269	10.510
1427788268220	37.532558	139.931329	6	-0.156	0.106	9.291	10.510
1427788268320	37.532567	139.931329	6	-0.154	0.067	9.503	10.510
1427788268421	37.532576	139.931329	6	-0.086	-0.008	9.735	10.510
1427788268522	37.532585	139.931328	6	-0.047	-0.024	9.671	10.510
1427788268622	37.532594	139.931328	6	0.003	0.023	9.501	10.510
1427788268723	37.532603	139.931328	6	0.033	0.030	9.471	10.510
1427788268824	37.532612	139.931328	6	0.029	0.005	9.513	10.510
1427788268920	37.532621	139.931328	8	-0.076	-0.063	9.994	10.510
1427788269020	37.532631	139.931329	8	-0.097	-0.027	10.012	10.510
1427788269121	37.532642	139.931329	8	-0.138	0.055	9.260	10.510
1427788269222	37.532652	139.931330	8	-0.169	0.154	8.812	10.510
1427788269322	37.532662	139.931331	8	-0.191	0.220	8.874	10.510
1427788269423	37.532673	139.931332	8	-0.227	0.130	8.923	10.510
1427788269524	37.532683	139.931332	8	-0.235	0.036	9.284	10.510
1427788269624	37.532694	139.931333	8	-0.311	-0.041	9.862	10.510
1427788269720	37.532703	139.931334	8	-0.327	-0.072	10.152	10.510
1427788269821	37.532714	139.931334	8	-0.310	-0.017	9.850	10.510
1427788269922	37.532724	139.931335	8	-0.252	0.131	9.244	10.509
1427788270022	37.532732	139.931333	8	-0.190	0.193	8.890	10.458
1427788270123	37.532740	139.931331	8	-0.138	0.119	9.107	10.407
1427788270224	37.532748	139.931330	8	-0.203	0.098	9.565	10.355
1427788270324	37.532756	139.931328	8	-0.225	0.033	9.882	10.305
1427788270420	37.532764	139.931326	8	-0.211	0.006	9.767	10.257
1427788270521	37.532772	139.931325	8	-0.255	0.093	9.435	10.207
1427788270621	37.532780	139.931323	8	-0.270	0.140	9.119	10.157
1427788270722	37.532788	139.931321	8	-0.275	0.151	9.060	10.107
1427788270823	37.532796	139.931320	8	-0.250	0.207	9.190	10.057
1427788270924	37.532803	139.931318	6	-0.161	0.143	9.224	10.010
1427788271024	37.532813	139.931318	6	-0.125	0.142	9.390	10.010
1427788271120	37.532822	139.931318	6	-0.100	0.111	9.438	10.010
1427788271221	37.532832	139.931318	6	-0.019	0.043	9.184	10.010
1427788271321	37.532841	139.931318	6	-0.018	0.114	9.114	10.010
1427788271422	37.532851	139.931318	6	0.006	0.040	9.297	10.010
1427788271523	37.532860	139.931317	6	0.014	0.052	9.423	10.010
1427788271624	37.532870	139.931317	6	-0.024	0.061	9.643	10.010
1427788271724	37.532879	139.931317	6	0.004	-0.020	9.737	10.010
1427788271820	37.532888	139.931317	6	-0.042	0.025	9.646	10.010
1427788271921	37.532898	139.931317	6	-0.004	0.024	9.399	10.010
1427788272021	37.532908	139.931316	6	0.002	0.023	9.239	10.010
1427788272122	37.532918	139.931316	6	-0.060	0.091	9.283	10.010
1427788272223	37.532927	139.931315	6	-0.062	0.018	9.508	10.010
1427788272323	37.532937	139.931314	6	-0.065	0.026	9.581	10.010
1427788272424	37.532947	139.931313	6	-0.066	0.083	9.476	10.010
1427788272520	37.532956	139.931313	6	-0.041	0.047	9.352	10.010
1427788272621	37.532966	139.931312	6	-0.102	0.091	9.318	10.010
1427788272721	37.532976	139.931311	6	-0.110	0.037	9.365	10.010
1427788272822	37.532985	139.931311	6	-0.099	0.010	9.489	10.010
1427788272923	37.532995	139.931310	7	-0.169	0.083	9.534	10.009
1427788273023	37.533002	139.931309	7	-0.169	0.070	9.388	9.984
1427788273124	37.533009	139.931308	7	-0.293	0.136	9.283	9.958
1427788273220	37.533015	139.931306	7	-0.357	0.105	9.212	9.934
1427788273320	37.533022	139.931305	7	-0.488	0.130	9.270	9.909
1427788273421	37.533029	139.931304	7	-0.653	0.167	9.229	9.884
1427788273522	37.533036	139.931303	7	-0.760	0.240	9.235	9.859
1427788273623	37.533042	139.931302	7	-0.910	0.334	9.370	9.834
1427788273723	37.533049	139.931300	7	-0.906	0.287	9.226	9.809
1427788273824	37.533056	139.931299	7	-0.954	0.342	9.449	9.784
1427788273920	37.533062	139.931298	7	-0.889	0.307	9.480	9.760
1427788274020	37.533072	139.931297	7	-0.726	0.303	9.372	9.809
1427788274121	37.533081	139.931297	7	-0.666	0.371	9.442	9.858
1427788274222	37.533091	139.931296	7	-0.568	0.354	9.355	9.908
1427788274323	37.533101	139.931295	7	-0.552	0.364	9.386	9.958
1427788274423	37.533111	139.931295	7	-0.649	0.330	9.550	10.008
1427788274524	37.533121	139.931294	7	-0.657	0.255	9.541	10.059
1427788274620	37.533130	139.931293	7	-0.693	0.256	9.644	10.107
1427788274720	37.533140	139.931292	7	-0.760	0.327	9.415	10.158
1427788274821	37.533150	139.931292	7	-0.856	0.467	9.320	10.209
1427788274922	37.533160	139.931291	5	-0.945	0.556	9.205	10.260
1427788275022	37.533170	139.931289	5	-0.992	0.681	9.163	10.285
1427788275123	37.533180	139.931287	5	-1.012	0.709	9.354	10.310
1427788275224	37.533190	139.931285	5	-0.945	0.722	9.453	10.335
1427788275320	37.533200	139.931283	5	-0.851	0.671	9.490	10.359
1427788275420	37.533210	139.931281	5	-0.695	0.681	9.359	10.384
1427788275521	37.533220	139.931279	5	-0.508	0.703	9.188	10.410
1427788275622	37.533230	139.931277	5	-0.399	0.643	9.365	10.435
1427788275722	37.533240	139.931275	5	-0.364	0.588	9.408	10.460
1427788275823	37.533250	139.931273	5	-0.343	0.518	9.402	10.485
1427788275924	37.533260	139.931271	5	-0.339	0.447	9.509	10.511
1427788276025	37.533270	139.931268	5	-0.361	0.434	9.495	10.536
1427788276120	37.533279	139.931265	5	-0.459	0.392	9.383	10.560
1427788276221	37.533288	139.931261	5	-0.599	0.367	9.414	10.585
1427788276322	37.533298	139.931258	5	-0.800	0.365	9.582	10.610
1427788276422	37.533307	139.931255	5	-0.940	0.381	9.443	10.635
1427788276523	37.533316	139.931252	5	-0.938	0.405	9.250	10.660
1427788276624	37.533326	139.931249	5	-0.890	0.377	9.404	10.685
1427788276724	37.533335	139.931245	5	-0.760	0.312	9.614	10.711
1427788276820	37.533344	139.931242	5	-0.654	0.298	9.538	10.735
1427788276921	37.533354	139.931239	6	-0.559	0.338	9.288	10.760
1427788277021	37.533364	139.931238	6	-0.385	0.340	9.089	10.785
1427788277122	37.533375	139.931236	6	-0.208	0.332	8.991	10.810
1427788277223	37.533385	139.931234	6	-0.054	0.269	9.151	10.835
1427788277324	37.533396	139.931233	6	-0.025	0.158	9.551	10.860
1427788277424	37.533406	139.931231	6	0.064	0.094	9.774	10.885
1427788277520	37.533416	139.931230	6	0.128	0.063	9.716	10.909
1427788277621	37.533427	139.931229	6	0.170	0.123	9.447	10.935
1427788277721	37.533437	139.931227	6	0.187	0.148	9.205	10.960
1427788277822	37.533448	139.931225	6	0.163	0.142	9.340	10.985
1427788277923	37.533458	139.931224	8	0.105	0.079	9.579	11.011
1427788278024	37.533470	139.931223	8	0.057	0.063	9.596	11.061
1427788278124	37.533481	139.931222	8	0.026	0.073	9.581	11.110
1427788278220	37.533492	139.931221	8	0.058	0.112	9.352	11.158
1427788278321	37.533503	139.931220	8	0.050	0.126	9.210	11.208
1427788278421	37.533514	139.931220	8	0.057	0.156	9.289	11.258
1427788278522	37.533526	139.931219	8	0.008	0.084	9.452	11.308
1427788278623	37.533538	139.931218	8	0.008	0.062	9.581	11.359
1427788278723	37.533549	139.931217	8	0.024	0.053	9.578	11.410
1427788278824	37.533561	139.931216	8	0.002	0.122	9.362	11.461
1427788278920	37.533572	139.931215	8	-0.028	0.139	9.231	11.510
1427788279021	37.533582	139.931213	8	-0.100	0.127	9.362	11.485
1427788279121	37.533592	139.931212	8	-0.162	0.101	9.597	11.459
1427788279222	37.533602	139.931210	8	-0.152	0.112	9.556	11.434
1427788279323	37.533612	139.931209	8	-0.134	0.130	9.300	11.409
1427788279423	37.533622	139.931207	8	-0.045	0.171	9.137	11.384
1427788279524	37.533631	139.931205	8	0.019	0.163	9.123	11.358
1427788279620	37.533641	139.931204	8	0.042	0.104	9.247	11.334
1427788279720	37.533651	139.931202	8	0.039	0.057	9.405	11.310
1427788279821	37.533660	139.931201	8	-0.063	0.023	9.680	11.285
1427788279922	37.533670	139.931199	8	-0.090	0.041	9.702	11.259
1427788280023	37.533678	139.931195	8	-0.106	0.059	9.364	11.234
1427788280123	37.533686	139.931191	8	-0.187	0.128	9.255	11.209
1427788280224	37.533694	139.931187	8	-0.285	0.164	9.290	11.183
1427788280320	37.533702	139.931184	8	-0.387	0.168	9.328	11.159
1427788280420	37.533710	139.931180	8	-0.380	0.108	9.453	11.134
1427788280521	37.533718	139.931176	8	-0.347	0.090	9.538	11.109
1427788280622	37.533726	139.931172	8	-0.296	0.042	9.725	11.084
1427788280723	37.533734	139.931168	8	-0.191	-0.016	9.712	11.059
1427788280823	37.533741	139.931165	8	-0.112	0.024	9.429	11.034
1427788280924	37.533749	139.931161	8	-0.065	0.044	9.097	11.010
1427788281020	37.533758	139.931157	8	-0.008	0.089	8.944	11.010
1427788281120	37.533768	139.931153	8	0.013	0.045	9.092	11.010
1427788281221	37.533777	139.931149	8	0.012	-0.020	9.334	11.010
1427788281322	37.533787	139.931145	8	-0.029	-0.026	9.520	11.010
1427788281422	37.533796	139.931141	8	-0.153	-0.055	9.792	11.010
1427788281523	37.533806	139.931137	8	-0.217	0.007	9.568	11.010
1427788281624	37.533815	139.931134	8	-0.255	0.068	9.251	11.010
1427788281720	37.533824	139.931130	8	-0.252	0.137	8.951	11.010
1427788281820	37.533834	139.931126	8	-0.225	0.137	8.989	11.010
1427788281921	37.533843	139.931122	6	-0.144	0.071	9.289	11.010
1427788282022	37.533853	139.931120	6	-0.057	-0.002	9.556	10.984
1427788282122	37.533864	139.931119	6	-0.003	-0.039	9.682	10.959
1427788282223	37.533874	139.931117	6	0.054	-0.013	9.500	10.934
1427788282324	37.533884	139.931115	6	0.067	0.034	9.236	10.908
1427788282424	37.533894	139.931113	6	0.081	0.060	9.155	10.883
1427788282520	37.533904	139.931112	6	0.067	0.030	9.224	10.859
1427788282621	37.533914	139.931110	6	0.008	-0.026	9.541	10.834
1427788282722	37.533924	139.931108	6	0.005	-0.047	9.552	10.809
1427788282822	37.533934	139.931107	6	0.011	0.012	9.309	10.784
1427788282923	37.533944	139.931105	7	0.064	0.026	9.334	10.760
1427788283024	37.533955	139.931104	7	0.101	0.025	9.271	10.760
1427788283124	37.533965	139.931103	7	0.131	0.003	9.313	10.760
1427788283221	37.533976	139.931101	7	0.173	-0.025	9.424	10.760
1427788283321	37.533986	139.931100	7	0.124	-0.058	9.503	10.760
1427788283422	37.533997	139.931099	7	0.114	-0.026	9.378	10.760
1427788283522	37.534007	139.931098	7	0.073	-0.013	9.306	10.760
1427788283623	37.534018	139.931097	7	0.013	-0.001	9.345	10.760
1427788283724	37.534028	139.931095	7	-0.020	0.003	9.352	10.760
1427788283824	37.534039	139.931094	7	-0.049	-0.012	9.395	10.760
1427788283920	37.534049	139.931093	7	-0.039	-0.030	9.474	10.760
1427788284021	37.534059	139.931092	7	-0.066	-0.035	9.546	10.760
1427788284122	37.534070	139.931091	7	-0.051	-0.059	9.599	10.760
1427788284222	37.534080	139.931090	7	-0.025	-0.077	9.606	10.760
1427788284323	37.534090	139.931089	7	0.013	-0.072	9.574	10.760
1427788284424	37.534100	139.931088	7	0.040	-0.025	9.390	10.760
1427788284524	37.534111	139.931087	7	0.030	0.012	9.213	10.760
1427788284620	37.534120	139.931086	7	0.013	0.019	9.259	10.760
1427788284721	37.534131	139.931085	7	-0.018	-0.019	9.418	10.760
1427788284821	37.534141	139.931084	7	-0.114	-0.028	9.500	10.760
1427788284922	37.534151	139.931083	7	-0.168	-0.061	9.756	10.760
1427788285023	37.534161	139.931079	7	-0.279	0.052	9.217	10.760
1427788285123	37.534171	139.931074	7	-0.289	0.161	8.530	10.760
1427788285224	37.534181	139.931070	7	-0.279	0.165	8.641	10.760
1427788285320	37.534191	139.931066	7	-0.249	0.053	9.147	10.760
1427788285421	37.534201	139.931061	7	-0.262	-0.067	9.707	10.760
1427788285521	37.534211	139.931057	7	-0.251	-0.156	10.018	10.760
1427788285622	37.534221	139.931053	7	-0.209	-0.204	10.043	10.760
1427788285723	37.534230	139.931048	7	-0.110	-0.106	9.742	10.760
1427788285823	37.534240	139.931044	7	-0.002	-0.002	9.271	10.760
1427788285924	37.534250	139.931040	6	0.118	0.019	9.027	10.760
1427788286020	37.534259	139.931036	6	0.172	-0.002	9.053	10.760
1427788286121	37.534268	139.931032	6	0.125	-0.095	9.546	10.760
1427788286222	37.534277	139.931027	6	0.063	-0.141	9.924	10.760
1427788286322	37.534287	139.931023	6	-0.018	-0.098	9.628	10.760
1427788286423	37.534296	139.931019	6	0.004	-0.056	9.426	10.760
1427788286523	37.534305	139.931015	6	-0.079	-0.026	9.251	10.760
1427788286624	37.534314	139.931010	6	-0.099	0.015	9.176	10.760
1427788286720	37.534323	139.931006	6	-0.096	0.019	9.066	10.760
1427788286820	37.534332	139.931002	6	-0.090	0.035	9.241	10.760
1427788286921	37.534341	139.930998	5	-0.077	0.003	9.398	10.760
1427788287022	37.534351	139.930994	5	-0.102	-0.009	9.319	10.760
1427788287123	37.534361	139.930990	5	-0.158	0.011	9.382	10.760
1427788287223	37.534370	139.930986	5	-0.219	-0.007	9.551	10.760
1427788287324	37.534380	139.930983	5	-0.302	-0.005	9.563	10.760
1427788287420	37.534390	139.930979	5	-0.309	0.009	9.406	10.760
1427788287520	37.534399	139.930975	5	-0.301	0.053	9.236	10.760
1427788287621	37.534409	139.930971	5	-0.266	0.061	9.298	10.760
1427788287722	37.534419	139.930968	5	-0.273	0.023	9.511	10.760
1427788287822	37.534428	139.930964	5	-0.281	-0.037	9.582	10.760
1427788287923	37.534438	139.930960	5	-0.242	-0.030	9.672	10.760
1427788288024	37.534447	139.930956	5	-0.212	-0.016	9.525	10.760
1427788288120	37.534455	139.930952	5	-0.198	0.017	9.360	10.760
1427788288220	37.534464	139.930947	5	-0.149	0.046	9.202	10.760
1427788288321	37.534472	139.930943	5	-0.155	0.032	9.179	10.760
1427788288422	37.534481	139.930939	5	-0.144	0.015	9.448	10.760
1427788288522	37.534490	139.930935	5	-0.196	-0.025	9.535	10.760
1427788288623	37.534498	139.930930	5	-0.192	-0.028	9.508	10.760
1427788288724	37.534507	139.930926	5	-0.142	-0.023	9.553	10.760
1427788288824	37.534516	139.930922	5	-0.100	0.011	9.450	10.760
1427788288920	37.534524	139.930918	5	-0.059	0.001	9.418	10.760
1427788289021	37.534534	139.930915	5	-0.026	-0.004	9.407	10.760
1427788289122	37.534545	139.930913	5	0.000	-0.022	9.485	10.760
1427788289222	37.534555	139.930910	5	0.048	-0.036	9.492	10.760
1427788289324	37.534565	139.930908	5	0.061	-0.016	9.412	10.760
1427788289424	37.534575	139.930905	5	0.060	-0.028	9.500	10.760
1427788289524	37.534586	139.930903	5	0.073	-0.035	9.472	10.760
1427788289620	37.534595	139.930901	5	0.071	-0.050	9.583	10.760
1427788289721	37.534606	139.930898	5	0.062	-0.035	9.550	10.760
1427788289822	37.534616	139.930895	5	0.033	-0.015	9.396	10.760
1427788289922	37.534626	139.930893	5	0.034	0.031	9.371	10.760
1427788290023	37.534635	139.930889	5	-0.007	0.011	9.400	10.760
1427788290124	37.534645	139.930886	5	-0.050	0.017	9.448	10.760
1427788290224	37.534654	139.930882	5	-0.067	-0.009	9.567	10.760
1427788290320	37.534663	139.930879	5	-0.098	-0.029	9.566	10.760
1427788290421	37.534672	139.930875	5	-0.110	-0.012	9.518	10.760
1427788290521	37.534681	139.930872	5	-0.127	0.022	9.437	10.760
1427788290622	37.534691	139.930868	5	-0.149	0.038	9.493	10.760
1427788290723	37.534700	139.930865	5	-0.148	0.029	9.372	10.760
1427788290824	37.534709	139.930861	5	-0.124	0.047	9.284	10.760
1427788290924	37.534718	139.930858	5	-0.078	0.044	9.326	10.760
1427788291020	37.534728	139.930855	5	-0.052	0.048	9.281	10.760
1427788291121	37.534737	139.930852	5	-0.027	0.045	9.390	10.760
1427788291221	37.534747	139.930850	5	0.023	-0.005	9.535	10.760
1427788291322	37.534757	139.930847	5	0.083	-0.033	9.609	10.760
1427788291423	37.534767	139.930844	5	0.132	-0.034	9.720	10.760
1427788291524	37.534777	139.930841	5	0.165	-0.012	9.630	10.760
1427788291624	37.534786	139.930838	5	0.174	-0.001	9.501	10.760
1427788291720	37.534796	139.930836	5	0.218	0.001	9.471	10.760
1427788291821	37.534805	139.930833	5	0.218	-0.028	9.545	10.760
1427788291921	37.534815	139.930830	7	0.222	-0.058	9.718	10.760
1427788292022	37.534823	139.930826	7	0.199	-0.055	9.678	10.734
1427788292123	37.534831	139.930822	7	0.123	-0.012	9.635	10.709
1427788292223	37.534839	139.930818	7	0.085	0.063	9.561	10.684
1427788292324	37.534848	139.930814	7	0.042	0.117	9.338	10.658
1427788292420	37.534855	139.930810	7	0.040	0.103	9.457	10.634
1427788292520	37.534863	139.930806	7	0.065	0.072	9.601	10.609
1427788292621	37.534871	139.930803	7	0.108	0.053	9.612	10.584
1427788292722	37.534879	139.930799	7	0.182	0.023	9.738	10.559
1427788292823	37.534887	139.930795	7	0.232	0.045	9.585	10.534
1427788292923	37.534895	139.930791	9	0.341	0.025	9.645	10.509
1427788293024	37.534905	139.930785	9	0.404	0.065	9.446	10.484
1427788293120	37.534914	139.930779	9	0.351	0.156	8.832	10.460
1427788293220	37.534924	139.930773	9	0.161	0.273	8.237	10.434
1427788293321	37.534933	139.930768	9	0.138	0.210	8.321	10.409
1427788293422	37.534943	139.930762	9	0.031	0.159	9.157	10.384
1427788293522	37.534952	139.930756	9	-0.045	-0.006	9.899	10.359
1427788293623	37.534962	139.930750	9	-0.098	0.058	10.165	10.334
1427788293724	37.534972	139.930744	9	-0.268	0.318	9.881	10.309
1427788293820	37.534981	139.930739	9	-0.106	0.555	8.949	10.285
1427788293920	37.534990	139.930733	14	-0.024	0.778	8.091	10.260
1427788294021	37.535000	139.930731	14	0.119	0.887	7.517	10.285
1427788294122	37.535010	139.930729	14	0.113	0.546	8.134	10.310
1427788294222	37.535019	139.930728	14	0.040	0.130	9.590	10.335
1427788294323	37.535029	139.930726	14	0.042	-0.224	11.182	10.360
1427788294424	37.535039	139.930724	14	0.060	-0.327	11.413	10.385
1427788294520	37.535049	139.930722	14	0.080	-0.211	10.382	10.409
1427788294620	37.535058	139.930720	14	0.040	-0.064	8.813	10.434
1427788294721	37.535068	139.930719	14	-0.076	0.108	7.770	10.460
1427788294822	37.535078	139.930717	14	-0.144	0.179	7.709	10.485
1427788294922	37.535088	139.930715	14	-0.257	0.005	8.501	10.510
1427788295023	37.535097	139.930713	14	-0.290	-0.331	9.786	10.510
1427788295124	37.535107	139.930711	14	-0.223	-0.225	11.028	10.510
1427788295224	37.535116	139.930709	14	-0.188	0.194	10.852	10.510
1427788295320	37.535125	139.930707	14	-0.204	0.238	9.581	10.510
1427788295421	37.535134	139.930704	14	-0.224	0.071	8.558	10.510
1427788295522	37.535143	139.930702	14	-0.245	0.044	8.470	10.510
1427788295622	37.535153	139.930700	14	-0.293	0.052	9.063	10.510
1427788295724	37.535162	139.930698	14	-0.276	-0.113	9.716	10.510
1427788295824	37.535171	139.930696	14	-0.466	-0.390	10.586	10.510
1427788295924	37.535180	139.930694	13	-0.330	-0.310	10.712	10.509
1427788296020	37.535188	139.930691	13	-0.259	0.014	9.640	10.485
1427788296121	37.535195	139.930688	13	-0.195	0.100	9.126	10.459
1427788296221	37.535203	139.930685	13	-0.034	0.231	9.329	10.434
1427788296322	37.535210	139.930681	13	0.091	0.137	8.885	10.409
1427788296423	37.535218	139.930678	13	0.018	0.329	8.541	10.383
1427788296524	37.535226	139.930675	13	-0.140	0.164	9.082	10.358
1427788296624	37.535233	139.930672	13	-0.066	0.050	9.543	10.333
1427788296720	37.535240	139.930669	13	-0.095	0.135	9.584	10.310
1427788296821	37.535248	139.930666	13	-0.155	0.304	9.377	10.284
1427788296921	37.535255	139.930663	13	-0.197	0.463	9.282	10.260
1427788297022	37.535264	139.930659	13	-0.249	0.533	9.147	10.285
1427788297123	37.535273	139.930656	13	-0.244	0.546	9.216	10.310
1427788297224	37.535282	139.930652	13	-0.182	0.510	9.304	10.335
1427788297324	37.535291	139.930649	13	-0.069	0.450	9.446	10.360
1427788297420	37.535300	139.930646	13	0.026	0.359	9.473	10.384
1427788297521	37.535309	139.930642	13	0.103	0.331	9.502	10.410
1427788297621	37.535318	139.930639	13	0.202	0.237	9.642	10.435
1427788297722	37.535327	139.930635	13	0.219	0.236	9.622	10.460
1427788297823	37.535336	139.930631	13	0.188	0.231	9.684	10.485
1427788297923	37.535345	139.930628	12	0.127	0.234	9.612	10.510
1427788298024	37.535355	139.930626	12	0.023	0.306	9.289	10.510
1427788298120	37.535364	139.930624	12	-0.030	0.336	9.037	10.510
1427788298221	37.535373	139.930622	12	-0.101	0.345	9.007	10.510
1427788298321	37.535382	139.930620	12	-0.145	0.291	9.339	10.510
1427788298422	37.535392	139.930618	12	-0.140	0.223	9.605	10.510
1427788298523	37.535401	139.930617	12	-0.135	0.186	9.673	10.510
1427788298623	37.535410	139.930615	12	-0.090	0.207	9.515	10.510
1427788298724	37.535420	139.930613	12	-0.084	0.223	9.222	10.510
1427788298820	37.535429	139.930611	12	-0.056	0.248	9.203	10.510
1427788298920	37.535438	139.930609	12	0.002	0.242	9.315	10.510
1427788299021	37.535448	139.930604	12	0.024	0.180	9.506	10.535
1427788299122	37.535457	139.930600	12	0.060	0.135	9.718	10.560
1427788299223	37.535467	139.930595	12	0.049	0.132	9.599	10.585
1427788299323	37.535476	139.930591	12	0.037	0.167	9.473	10.610
1427788299424	37.535486	139.930586	12	0.055	0.185	9.365	10.635
1427788299520	37.535495	139.930582	12	0.035	0.204	9.277	10.659
1427788299620	37.535505	139.930578	12	0.039	0.198	9.287	10.684
1427788299721	37.535515	139.930573	12	0.021	0.217	9.251	10.710
1427788299822	37.535524	139.930568	12	0.009	0.151	9.437	10.735
1427788299923	37.535534	139.930564	13	0.052	0.181	9.414	10.760
1427788300023	37.535542	139.930560	13	0.024	0.159	9.283	10.760
1427788300124	37.535549	139.930555	13	0.037	0.167	9.213	10.760
1427788300220	37.535556	139.930551	13	0.032	0.123	9.311	10.760
1427788300320	37.535564	139.930547	13	0.059	0.128	9.486	10.760
1427788300421	37.535572	139.930543	13	0.078	0.076	9.563	10.760
1427788300522	37.535579	139.930539	13	0.112	0.113	9.520	10.760
1427788300622	37.535587	139.930535	13	0.150	0.125	9.514	10.760
1427788300723	37.535594	139.930530	13	0.118	0.107	9.451	10.760
1427788300824	37.535602	139.930526	13	0.074	0.124	9.537	10.760
1427788300920	37.535609	139.930522	13	0.010	0.101	9.497	10.760
1427788301020	37.535618	139.930518	13	-0.040	0.142	9.354	10.760
1427788301121	37.535627	139.930515	13	-0.105	0.116	9.255	10.760
1427788301222	37.535636	139.930511	13	-0.126	0.088	9.250	10.760
1427788301322	37.535644	139.930507	13	-0.091	0.049	9.392	10.760
1427788301423	37.535653	139.930503	13	-0.086	-0.002	9.563	10.760
1427788301524	37.535662	139.930500	13	-0.094	0.005	9.594	10.760
1427788301625	37.535671	139.930496	13	-0.103	0.008	9.392	10.760
1427788301720	37.535679	139.930492	13	-0.070	0.010	9.313	10.760
1427788301821	37.535688	139.930489	13	-0.020	0.033	9.376	10.760
1427788301922	37.535697	139.930485	13	-0.009	0.021	9.412	10.760
1427788302022	37.535705	139.930481	13	-0.043	-0.015	9.617	10.760
1427788302123	37.535714	139.930477	13	-0.078	-0.005	9.645	10.760
1427788302224	37.535722	139.930473	13	-0.114	0.045	9.428	10.760
1427788302324	37.535730	139.930468	13	-0.122	0.141	9.247	10.760
1427788302420	37.535738	139.930464	13	-0.119	0.162	9.093	10.760
1427788302521	37.535746	139.930460	13	-0.097	0.159	9.072	10.760
1427788302621	37.535754	139.930456	13	-0.100	0.151	9.186	10.760
1427788302722	37.535763	139.930452	13	-0.133	0.101	9.419	10.760
1427788302823	37.535771	139.930448	13	-0.133	0.083	9.607	10.760
1427788302924	37.535779	139.930444	13	-0.120	0.050	9.617	10.760
1427788303024	37.535788	139.930439	13	-0.087	0.080	9.503	10.760
1427788303120	37.535796	139.930435	13	-0.045	0.110	9.386	10.760
1427788303221	37.535805	139.930430	13	-0.017	0.125	9.305	10.760
1427788303321	37.535814	139.930426	13	0.003	0.087	9.481	10.760
1427788303422	37.535823	139.930421	13	-0.011	0.096	9.440	10.760
1427788303523	37.535831	139.930416	13	-0.020	0.090	9.476	10.760
1427788303624	37.535840	139.930412	13	0.016	0.103	9.549	10.760
1427788303724	37.535849	139.930407	13	0.053	0.102	9.451	10.760
1427788303820	37.535857	139.930403	13	0.086	0.120	9.397	10.760
1427788303921	37.535866	139.930398	13	0.087	0.086	9.483	10.760
1427788304021	37.535874	139.930394	13	0.050	0.063	9.650	10.734
1427788304122	37.535881	139.930389	13	0.018	0.082	9.439	10.709
1427788304223	37.535889	139.930385	13	-0.029	0.094	9.354	10.684
1427788304323	37.535896	139.930381	13	-0.041	0.109	9.448	10.659
1427788304424	37.535904	139.930376	13	-0.082	0.148	9.241	10.633
1427788304520	37.535911	139.930372	13	-0.136	0.135	9.298	10.609
1427788304621	37.535919	139.930368	13	-0.176	0.128	9.363	10.584
1427788304721	37.535926	139.930363	13	-0.218	0.170	9.215	10.559
1427788304822	37.535934	139.930359	13	-0.177	0.157	9.203	10.534
1427788304923	37.535941	139.930355	13	-0.114	0.154	9.171	10.510
1427788305023	37.535951	139.930353	13	-0.056	0.105	9.339	10.510
1427788305124	37.535961	139.930350	13	-0.000	0.064	9.508	10.510
1427788305220	37.535971	139.930348	13	0.025	0.032	9.613	10.510
1427788305321	37.535981	139.930345	13	0.065	0.055	9.442	10.510
1427788305421	37.535991	139.930343	13	0.054	0.063	9.480	10.510
1427788305522	37.536001	139.930341	13	0.058	0.030	9.518	10.510
1427788305623	37.536011	139.930338	13	0.089	0.052	9.432	10.510
1427788305723	37.536020	139.930336	13	0.043	0.050	9.564	10.510
1427788305824	37.536031	139.930333	13	0.030	0.061	9.557	10.510
1427788305920	37.536040	139.930331	14	-0.012	0.061	9.279	10.510
1427788306020	37.536047	139.930326	14	-0.032	0.133	9.146	10.485
1427788306121	37.536055	139.930322	14	-0.070	0.114	9.208	10.459
1427788306222	37.536062	139.930317	14	-0.054	0.091	9.373	10.434
1427788306322	37.536070	139.930312	14	-0.035	0.041	9.609	10.409
1427788306423	37.536077	139.930308	14	-0.019	0.053	9.441	10.383
1427788306524	37.536084	139.930303	14	-0.008	0.050	9.432	10.358
1427788306620	37.536091	139.930299	14	-0.003	0.066	9.507	10.334
1427788306720	37.536099	139.930294	14	-0.019	0.057	9.512	10.310
1427788306821	37.536106	139.930289	14	-0.018	0.075	9.443	10.284
1427788306922	37.536113	139.930285	14	-0.043	0.103	9.402	10.260
1427788307022	37.536122	139.930281	14	-0.036	0.131	9.309	10.285
1427788307123	37.536132	139.930277	14	-0.046	0.121	9.206	10.310
1427788307224	37.536141	139.930273	14	-0.053	0.098	9.323	10.335
1427788307320	37.536150	139.930269	14	-0.046	0.104	9.402	10.359
1427788307420	37.536159	139.930265	14	-0.052	0.072	9.401	10.384
1427788307521	37.536168	139.930260	14	-0.034	0.110	9.449	10.410
1427788307622	37.536177	139.930256	14	-0.030	0.105	9.420	10.435
1427788307722	37.536187	139.930252	14	-0.026	0.121	9.447	10.460
1427788307823	37.536196	139.930248	14	-0.013	0.150	9.341	10.485
1427788307924	37.536205	139.930244	14	-0.031	0.246	9.248	10.512
1427788308024	37.536217	139.930242	14	-0.049	0.205	9.382	10.561
1427788308120	37.536228	139.930239	14	-0.085	0.200	9.406	10.608
1427788308221	37.536240	139.930237	14	-0.118	0.188	9.614	10.658
1427788308322	37.536252	139.930235	14	-0.169	0.151	9.728	10.708
1427788308422	37.536264	139.930233	14	-0.245	0.226	9.627	10.758
1427788308523	37.536276	139.930230	14	-0.233	0.296	9.265	10.809
1427788308624	37.536288	139.930228	14	-0.223	0.331	8.912	10.860
1427788308724	37.536300	139.930226	14	-0.176	0.354	8.979	10.910
1427788308820	37.536312	139.930223	14	-0.142	0.250	9.212	10.959
1427788308921	37.536324	139.930221	14	-0.124	0.167	9.511	11.010
1427788309021	37.536335	139.930217	14	-0.036	0.122	9.693	11.010
1427788309122	37.536345	139.930214	14	0.044	0.111	9.653	11.010
1427788309223	37.536356	139.930210	14	0.125	0.105	9.525	11.010
1427788309324	37.536367	139.930206	14	0.169	0.077	9.453	11.010
1427788309424	37.536377	139.930203	14	0.142	0.085	9.463	11.010
1427788309520	37.536388	139.930199	14	0.110	0.105	9.480	11.010
1427788309621	37.536398	139.930196	14	0.055	0.125	9.421	11.010
1427788309721	37.536409	139.930192	14	0.001	0.187	9.319	11.010
1427788309822	37.536420	139.930189	14	-0.055	0.161	9.381	11.010
1427788309923	37.536430	139.930185	12	-0.077	0.111	9.559	11.011
1427788310024	37.536442	139.930182	12	-0.051	0.109	9.607	11.061
1427788310124	37.536453	139.930180	12	-0.024	0.121	9.472	11.110
1427788310220	37.536464	139.930177	12	0.024	0.117	9.258	11.158
1427788310321	37.536475	139.930175	12	0.075	0.153	9.091	11.208
1427788310421	37.536486	139.930172	12	0.088	0.095	9.274	11.258
1427788310522	37.536498	139.930169	12	0.078	0.081	9.400	11.308
1427788310623	37.536510	139.930167	12	0.056	0.063	9.487	11.359
1427788310724	37.536521	139.930164	12	0.061	0.093	9.530	11.410
1427788310824	37.536533	139.930162	12	-0.009	0.111	9.437	11.461
1427788310920	37.536544	139.930159	12	-0.062	0.119	9.463	11.510
1427788311021	37.536554	139.930156	12	-0.065	0.135	9.457	11.485
1427788311121	37.536564	139.930153	12	-0.071	0.155	9.566	11.459
1427788311222	37.536574	139.930150	12	-0.015	0.162	9.570	11.434
1427788311323	37.536584	139.930147	12	0.009	0.186	9.326	11.409
1427788311423	37.536594	139.930144	12	0.063	0.188	9.225	11.384
1427788311524	37.536604	139.930141	12	0.089	0.171	9.312	11.358
1427788311620	37.536614	139.930138	12	0.089	0.130	9.508	11.334
1427788311720	37.536623	139.930135	12	0.092	0.098	9.658	11.310
1427788311821	37.536633	139.930132	12	0.069	0.109	9.512	11.285
1427788311922	37.536643	139.930129	13	0.058	0.166	9.380	11.259
1427788312023	37.536652	139.930124	13	0.006	0.183	9.149	11.234
1427788312123	37.536660	139.930119	13	0.001	0.226	9.057	11.209
1427788312224	37.536669	139.930113	13	-0.019	0.145	9.145	11.183
1427788312320	37.536677	139.930108	13	-0.035	0.112	9.418	11.159
1427788312420	37.536685	139.930103	13	-0.050	0.066	9.653	11.134
1427788312521	37.536694	139.930098	13	-0.100	0.069	9.575	11.109
1427788312622	37.536702	139.930093	13	-0.134	0.047	9.505	11.084
1427788312723	37.536711	139.930088	13	-0.129	0.058	9.349	11.059
1427788312823	37.536719	139.930083	13	-0.111	0.022	9.420	11.034
1427788312924	37.536727	139.930078	13	-0.082	-0.002	9.599	11.011
1427788313020	37.536737	139.930074	13	-0.087	-0.018	9.654	11.035
1427788313120	37.536747	139.930069	13	-0.021	0.003	9.496	11.060
1427788313221	37.536758	139.930065	13	0.046	0.036	9.290	11.085
1427788313322	37.536768	139.930060	13	0.115	0.030	9.277	11.110
1427788313422	37.536778	139.930056	13	0.147	0.004	9.332	11.135
1427788313523	37.536789	139.930051	13	0.154	-0.035	9.606	11.160
1427788313624	37.536799	139.930046	13	0.168	-0.067	9.781	11.185
1427788313725	37.536810	139.930042	13	0.160	-0.024	9.613	11.211
1427788313820	37.536820	139.930038	13	0.135	0.040	9.324	11.235
1427788313921	37.536830	139.930033	12	0.101	0.122	9.009	11.260
1427788314022	37.536839	139.930029	12	0.070	0.143	9.015	11.260
1427788314122	37.536849	139.930025	12	0.063	0.085	9.127	11.260
1427788314223	37.536858	139.930020	12	0.065	0.091	9.241	11.260
1427788314324	37.536868	139.930016	12	0.077	0.028	9.441	11.260
1427788314425	37.536877	139.930012	12	0.066	0.010	9.547	11.260
1427788314520	37.536886	139.930008	12	0.062	-0.004	9.513	11.260
1427788314621	37.536895	139.930004	12	0.045	0.034	9.316	11.260
1427788314722	37.536905	139.929999	12	0.008	0.045	9.315	11.260
1427788314822	37.536914	139.929995	12	-0.028	0.035	9.350	11.260
1427788314923	37.536923	139.929991	11	-0.049	0.032	9.315	11.260
1427788315024	37.536933	139.929988	11	-0.030	0.021	9.467	11.260
1427788315124	37.536943	139.929986	11	-0.058	0.002	9.567	11.260
1427788315220	37.536953	139.929983	11	-0.007	-0.018	9.727	11.260
1427788315321	37.536963	139.929981	11	0.014	-0.007	9.599	11.260
1427788315422	37.536973	139.929978	11	0.008	0.068	9.256	11.260
1427788315522	37.536983	139.929976	11	0.000	0.062	9.237	11.260
1427788315623	37.536993	139.929973	11	0.001	0.069	9.210	11.260
1427788315724	37.537003	139.929971	11	0.002	0.048	9.268	11.260
1427788315824	37.537013	139.929968	11	-0.047	0.029	9.337	11.260
1427788315920	37.537022	139.929966	11	-0.098	0.030	9.482	11.260
1427788316021	37.537032	139.929963	11	-0.095	0.017	9.453	11.260
1427788316121	37.537042	139.929960	11	-0.061	-0.006	9.365	11.260
1427788316222	37.537051	139.929957	11	0.003	0.002	9.436	11.260
1427788316323	37.537061	139.929954	11	0.047	-0.004	9.466	11.260
1427788316454	37.537074	139.929949	11	0.116	-0.005	9.327	11.260
1427788316524	37.537081	139.929947	11	0.177	0.002	9.218	11.260
1427788316620	37.537090	139.929944	11	0.227	-0.037	9.389	11.260
1427788316721	37.537100	139.929941	11	0.261	-0.075	9.571	11.260
1427788316821	37.537109	139.929938	11	0.236	-0.075	9.457	11.260
1427788316922	37.537119	139.929935	10	0.247	-0.043	9.472	11.260
1427788317023	37.537130	139.929932	10	0.232	-0.034	9.466	11.260
1427788317124	37.537141	139.929929	10	0.252	-0.013	9.374	11.260
1427788317224	37.537151	139.929926	10	0.267	-0.043	9.514	11.260
1427788317320	37.537161	139.929923	10	0.245	-0.094	9.780	11.260
1427788317421	37.537172	139.929920	10	0.250	-0.075	9.724	11.260
1427788317521	37.537183	139.929918	10	0.263	-0.041	9.483	11.260
1427788317622	37.537193	139.929915	10	0.292	-0.005	9.275	11.260
1427788317723	37.537204	139.929912	10	0.322	-0.004	9.235	11.260
1427788317823	37.537215	139.929909	10	0.341	-0.072	9.363	11.260
1427788317924	37.537225	139.929906	10	0.393	-0.110	9.426	11.259
1427788318020	37.537236	139.929902	10	0.396	-0.104	9.263	11.235
1427788318121	37.537246	139.929897	10	0.394	-0.116	9.268	11.209
1427788318221	37.537257	139.929893	10	0.375	-0.132	9.296	11.184
1427788318322	37.537267	139.929889	10	0.348	-0.181	9.493	11.159
1427788318423	37.537278	139.929885	10	0.336	-0.204	9.694	11.134
1427788318523	37.537289	139.929881	10	0.300	-0.204	9.635	11.109
1427788318624	37.537299	139.929876	10	0.296	-0.146	9.438	11.083
1427788318720	37.537309	139.929872	10	0.286	-0.108	9.206	11.060
1427788318820	37.537320	139.929868	10	0.290	-0.096	9.284	11.035
1427788318921	37.537330	139.929864	6	0.323	-0.149	9.544	11.010
1427788319022	37.537340	139.929861	6	0.338	-0.148	9.528	11.035
1427788319123	37.537351	139.929858	6	0.359	-0.118	9.468	11.060
1427788319223	37.537361	139.929855	6	0.332	-0.094	9.410	11.085
1427788319324	37.537372	139.929852	6	0.303	-0.084	9.354	11.110
1427788319420	37.537382	139.929850	6	0.292	-0.053	9.312	11.134
1427788319520	37.537392	139.929847	6	0.252	-0.050	9.283	11.159
1427788319621	37.537403	139.929844	6	0.223	-0.041	9.732	11.185
1427788319722	37.537413	139.929841	6	0.226	-0.019	9.572	11.210
1427788319822	37.537424	139.929838	6	0.198	-0.007	9.509	11.235
1427788319923	37.537434	139.929835	5	0.214	-0.012	9.499	11.259
1427788320024	37.537444	139.929832	5	0.184	0.010	9.350	11.234
1427788320125	37.537454	139.929829	5	0.157	0.084	9.005	11.208
1427788320220	37.537463	139.929826	5	0.096	0.125	8.835	11.184
1427788320321	37.537473	139.929823	5	0.061	0.057	9.136	11.159
1427788320422	37.537483	139.929820	5	0.058	-0.049	9.833	11.134
1427788320522	37.537493	139.929817	5	0.014	-0.100	10.145	11.109
1427788320624	37.537503	139.929814	5	0.109	-0.068	9.990	11.083
1427788320724	37.537512	139.929811	5	0.163	0.019	9.434	11.059
1427788320824	37.537522	139.929808	5	0.237	0.151	9.070	11.034
1427788320920	37.537531	139.929805	5	0.345	0.097	8.866	11.010
1427788321021	37.537540	139.929802	5	0.324	0.026	9.235	11.010
1427788321122	37.537550	139.929799	5	0.359	0.085	8.811	11.010
1427788321222	37.537559	139.929796	5	0.354	-0.008	9.043	11.010
1427788321323	37.537569	139.929793	5	0.422	-0.068	9.470	11.010
1427788321424	37.537578	139.929790	5	0.495	-0.127	9.348	11.010
1427788321524	37.537588	139.929787	5	0.472	-0.132	9.525	11.010
1427788321620	37.537597	139.929785	5	0.419	-0.261	9.749	11.010
1427788321721	37.537606	139.929782	5	0.368	-0.221	9.767	11.010
1427788321822	37.537616	139.929779	5	0.304	-0.176	9.714	11.010
1427788321922	37.537625	139.929776	5	0.297	-0.083	9.387	11.009
1427788322023	37.537635	139.929774	5	0.299	-0.046	9.274	10.984
1427788322124	37.537645	139.929773	5	0.294	-0.097	9.593	10.959
1427788322224	37.537655	139.929771	5	0.303	0.024	9.406	10.933
1427788322320	37.537664	139.929770	5	0.360	0.087	9.191	10.909
1427788322421	37.537674	139.929768	5	0.271	0.060	9.835	10.884
1427788322521	37.537684	139.929767	5	0.310	0.209	8.941	10.859
1427788322622	37.537693	139.929765	5	0.346	0.276	8.862	10.834
1427788322723	37.537703	139.929764	5	0.279	-0.020	9.515	10.809
1427788322823	37.537713	139.929762	5	0.426	0.212	9.541	10.784
1427788322924	37.537722	139.929761	5	0.315	0.115	9.170	10.760
1427788323020	37.537731	139.929758	5	0.285	0.041	9.373	10.760
1427788323121	37.537740	139.929756	5	0.230	0.013	9.710	10.760
1427788323221	37.537749	139.929753	5	0.138	0.073	9.662	10.760
1427788323322	37.537758	139.929751	5	0.045	0.028	9.615	10.760
1427788323423	37.537767	139.929748	5	0.026	0.047	9.557	10.760
1427788323523	37.537776	139.929746	5	0.025	0.071	9.440	10.760
1427788323624	37.537785	139.929743	5	0.104	0.152	9.161	10.760
1427788323720	37.537794	139.929741	5	0.098	0.169	8.935	10.760
1427788323821	37.537803	139.929738	5	0.075	0.187	8.908	10.760
1427788323922	37.537812	139.929736	5	-0.023	0.006	9.634	10.760
1427788324022	37.537821	139.929734	5	-0.068	0.055	9.702	10.760
1427788324123	37.537830	139.929731	5	0.006	0.077	9.308	10.760
1427788324223	37.537838	139.929729	5	-0.005	0.058	9.836	10.760
1427788324324	37.537847	139.929727	5	-0.181	-0.051	10.105	10.760
1427788324420	37.537855	139.929724	5	-0.152	0.103	9.559	10.760
1427788324521	37.537864	139.929722	5	-0.138	0.054	9.217	10.760
1427788324621	37.537873	139.929720	5	-0.074	0.038	9.173	10.760
1427788324722	37.537882	139.929718	5	-0.023	0.178	8.909	10.760
1427788324823	37.537891	139.929715	5	0.065	0.211	8.697	10.760
1427788324923	37.537899	139.929713	5	0.145	0.174	8.760	10.760
1427788325024	37.537909	139.929711	5	0.205	-0.022	9.246	10.760
1427788325120	37.537918	139.929709	5	0.416	-0.188	10.280	10.760
1427788325220	37.537927	139.929706	5	0.473	-0.310	11.120	10.760
1427788325321	37.537937	139.929704	5	0.425	-0.161	10.630	10.760
1427788325422	37.537946	139.929702	5	0.252	0.127	9.623	10.760
1427788325523	37.537956	139.929700	5	0.255	0.323	8.314	10.760
1427788325623	37.537965	139.929698	5	0.068	0.177	7.977	10.760
1427788325724	37.537975	139.929695	5	0.085	0.282	8.053	10.760
1427788325820	37.537984	139.929693	5	-0.105	0.067	8.897	10.760
1427788325920	37.537993	139.929691	4	-0.212	0.264	10.073	10.760
1427788326021	37.538003	139.929689	4	-0.310	0.259	10.559	10.785
1427788326122	37.538012	139.929687	4	-0.348	0.351	10.599	10.810
1427788326222	37.538022	139.929685	4	-0.140	0.530	9.838	10.835
1427788326323	37.538031	139.929683	4	0.038	0.621	8.539	10.860
1427788326424	37.538041	139.929680	4	0.048	0.448	8.058	10.885
1427788326520	37.538050	139.929678	4	0.160	0.338	8.468	10.909
1427788326620	37.538060	139.929676	4	0.298	0.096	9.201	10.934
1427788326721	37.538070	139.929674	4	0.379	-0.043	9.695	10.960
1427788326822	37.538079	139.929672	4	0.454	-0.134	10.067	10.985
1427788326922	37.538089	139.929670	5	0.442	-0.194	10.175	11.009
1427788327023	37.538099	139.929667	5	0.387	-0.171	9.983	10.984
1427788327124	37.538110	139.929664	5	0.280	-0.106	9.758	10.959
1427788327224	37.538120	139.929661	5	0.209	-0.023	9.421	10.933
1427788327320	37.538129	139.929658	5	0.068	0.105	8.521	10.909
1427788327421	37.538139	139.929655	5	0.022	0.228	8.183	10.884
1427788327522	37.538149	139.929652	5	-0.232	0.152	9.051	10.859
1427788327622	37.538159	139.929650	5	-0.354	0.014	9.763	10.834
1427788327723	37.538169	139.929647	5	-0.330	0.118	10.286	10.809
1427788327824	37.538179	139.929644	5	-0.148	0.269	9.872	10.784
1427788327924	37.538189	139.929641	5	-0.071	0.267	9.655	10.761
1427788328020	37.538198	139.929639	5	-0.050	0.388	9.497	10.785
1427788328121	37.538208	139.929637	5	0.002	0.401	8.794	10.810
1427788328221	37.538217	139.929636	5	-0.142	0.322	8.823	10.835
1427788328322	37.538227	139.929634	5	-0.251	0.222	9.413	10.860
1427788328423	37.538237	139.929632	5	-0.244	0.185	9.505	10.885
1427788328524	37.538246	139.929630	5	-0.210	0.193	9.426	10.910
1427788328624	37.538256	139.929628	5	-0.170	0.311	9.160	10.935
1427788328720	37.538265	139.929627	5	-0.171	0.327	9.356	10.960
1427788328821	37.538274	139.929625	5	-0.209	0.226	9.798	10.985
1427788328921	37.538284	139.929623	5	-0.276	0.117	10.201	11.010
1427788329022	37.538294	139.929620	5	-0.147	0.128	9.901	11.035
1427788329123	37.538305	139.929618	5	-0.020	0.270	9.316	11.060
1427788329224	37.538315	139.929615	5	0.021	0.371	8.744	11.085
1427788329324	37.538325	139.929613	5	0.089	0.515	8.167	11.110
1427788329420	37.538335	139.929610	5	0.084	0.372	8.191	11.134
1427788329521	37.538345	139.929607	5	0.131	0.193	9.005	11.160
1427788329621	37.538355	139.929605	5	0.129	-0.054	10.035	11.185
1427788329722	37.538366	139.929602	5	0.071	-0.270	11.103	11.210
1427788329823	37.538376	139.929600	5	0.124	-0.271	10.990	11.236
1427788329923	37.538386	139.929597	5	0.192	-0.085	9.735	11.259
1427788330024	37.538396	139.929595	5	0.084	-0.037	9.372	11.234
1427788330120	37.538406	139.929593	5	0.138	0.118	8.686	11.210
1427788330221	37.538415	139.929590	5	-0.016	0.147	8.320	11.184
1427788330321	37.538425	139.929588	5	-0.084	0.041	8.619	11.159
1427788330422	37.538435	139.929586	5	-0.176	-0.098	9.376	11.134
1427788330523	37.538445	139.929584	5	-0.173	-0.149	10.256	11.109
1427788330623	37.538454	139.929581	5	-0.094	-0.086	10.197	11.084
1427788330724	37.538464	139.929579	5	-0.083	-0.034	10.005	11.059
1427788330820	37.538473	139.929577	5	-0.000	0.155	9.263	11.035
1427788330921	37.538483	139.929575	3	0.041	0.326	8.423	11.010
1427788331021	37.538493	139.929573	3	-0.091	0.264	8.534	11.010
1427788331122	37.538503	139.929570	3	-0.157	0.113	9.458	11.010
1427788331223	37.538512	139.929568	3	-0.153	0.046	9.814	11.010
1427788331323	37.538522	139.929565	3	-0.047	0.045	9.649	11.010
1427788331424	37.538532	139.929563	3	0.080	0.138	9.568	11.010
1427788331520	37.538541	139.929561	3	0.078	0.024	9.752	11.010
1427788331620	37.538551	139.929558	3	0.069	0.062	9.538	11.010
1427788331721	37.538561	139.929556	3	-0.026	0.109	9.191	11.010
1427788331822	37.538570	139.929553	3	-0.052	0.067	9.371	11.010
1427788331922	37.538580	139.929551	3	-0.073	-0.010	9.590	11.009
1427788332023	37.538590	139.929549	3	-0.072	0.055	9.358	10.984
1427788332124	37.538599	139.929547	3	-0.152	0.108	9.015	10.959
1427788332220	37.538608	139.929545	3	-0.125	0.192	9.039	10.934
1427788332320	37.538617	139.929543	3	-0.136	0.090	9.349	10.909
1427788332421	37.538626	139.929540	3	-0.095	0.087	9.415	10.884
1427788332522	37.538636	139.929538	3	-0.005	0.084	9.405	10.859
1427788332622	37.538645	139.929536	3	0.058	0.049	9.368	10.834
1427788332723	37.538654	139.929534	3	0.204	-0.010	9.543	10.809
1427788332824	37.538663	139.929532	3	0.281	-0.008	9.339	10.784
1427788332920	37.538672	139.929530	4	0.268	0.041	9.211	10.760
1427788333020	37.538682	139.929527	4	0.287	0.022	9.239	10.760
1427788333121	37.538692	139.929525	4	0.228	-0.033	9.727	10.760
1427788333222	37.538702	139.929522	4	0.149	-0.025	9.684	10.760
1427788333322	37.538712	139.929519	4	0.029	0.063	9.317	10.760
1427788333423	37.538722	139.929516	4	-0.009	0.037	9.171	10.760
1427788333524	37.538732	139.929514	4	0.054	0.032	9.687	10.760
1427788333625	37.538742	139.929511	4	0.039	0.061	9.625	10.760
1427788333720	37.538751	139.929508	4	0.023	0.056	9.297	10.760
1427788333821	37.538761	139.929506	4	-0.023	0.079	9.209	10.760
1427788333922	37.538771	139.929503	4	-0.002	0.031	9.363	10.760
1427788334022	37.538781	139.929501	4	0.061	0.111	9.209	10.760
1427788334123	37.538791	139.929500	4	0.021	0.086	9.122	10.760
1427788334224	37.538800	139.929498	4	-0.007	-0.043	9.705	10.760
1427788334324	37.538810	139.929496	4	-0.061	-0.056	10.054	10.760
1427788334420	37.538820	139.929495	4	-0.065	-0.015	9.816	10.760
1427788334521	37.538829	139.929493	4	0.002	0.077	9.375	10.760
1427788334622	37.538839	139.929491	4	0.063	0.136	9.001	10.760
1427788334722	37.538849	139.929489	4	0.114	0.139	8.906	10.760
1427788334823	37.538859	139.929488	4	0.144	0.087	8.772	10.760
1427788334924	37.538868	139.929486	4	0.163	0.024	8.993	10.760
1427788335024	37.538878	139.929484	4	0.230	-0.115	9.492	10.760
1427788335120	37.538887	139.929482	4	0.196	-0.137	9.762	10.760
1427788335221	37.538896	139.929480	4	0.267	-0.198	9.802	10.760
1427788335321	37.538905	139.929478	4	0.368	-0.224	9.692	10.760
1427788335422	37.538915	139.929476	4	0.402	-0.245	9.744	10.760
1427788335523	37.538924	139.929475	4	0.390	-0.154	9.388	10.760
1427788335624	37.538933	139.929473	4	0.301	-0.065	9.077	10.760
1427788335724	37.538943	139.929471	4	0.254	-0.098	9.091	10.760
1427788335820	37.538952	139.929469	4	0.311	-0.105	9.432	10.760
1427788335921	37.538961	139.929467	3	0.332	-0.145	9.625	10.760
1427788336021	37.538970	139.929465	3	0.314	-0.098	9.284	10.734
1427788336122	37.538980	139.929463	3	0.327	-0.023	9.099	10.709
1427788336223	37.538989	139.929462	3	0.294	-0.111	9.330	10.684
1427788336323	37.538998	139.929460	3	0.288	-0.125	9.722	10.659
1427788336424	37.539007	139.929458	3	0.167	-0.069	9.473	10.633
1427788336520	37.539016	139.929456	3	-0.025	0.007	8.952	10.609
1427788336620	37.539025	139.929454	3	0.024	-0.072	9.251	10.584
1427788336721	37.539034	139.929453	3	0.092	-0.236	9.645	10.559
1427788336822	37.539043	139.929451	3	0.266	-0.047	9.261	10.534
1427788336923	37.539052	139.929449	4	0.274	-0.084	9.267	10.510
1427788337023	37.539062	139.929447	4	0.427	-0.126	9.529	10.510
1427788337124	37.539072	139.929445	4	0.427	-0.048	9.335	10.510
1427788337220	37.539082	139.929443	4	0.446	-0.028	9.107	10.510
1427788337320	37.539092	139.929441	4	0.450	-0.026	9.212	10.510
1427788337421	37.539102	139.929439	4	0.401	-0.097	9.540	10.510
1427788337522	37.539112	139.929437	4	0.357	-0.064	9.554	10.510
1427788337623	37.539122	139.929435	4	0.258	-0.053	9.338	10.510
1427788337723	37.539132	139.929433	4	0.160	-0.020	9.339	10.510
1427788337824	37.539142	139.929431	4	0.116	0.048	9.125	10.510
1427788337920	37.539152	139.929429	5	0.042	0.059	8.856	10.510
1427788338020	37.539160	139.929427	5	-0.002	0.006	9.094	10.510
1427788338121	37.539168	139.929425	5	-0.053	-0.036	9.398	10.510
1427788338222	37.539177	139.929423	5	-0.083	-0.153	9.995	10.510
1427788338322	37.539185	139.929421	5	0.027	-0.217	10.576	10.510
1427788338423	37.539193	139.929419	5	0.032	-0.185	10.053	10.510
1427788338524	37.539202	139.929418	5	0.127	0.005	9.014	10.510
1427788338620	37.539209	139.929416	5	0.129	0.142	8.433	10.510
1427788338720	37.539218	139.929414	5	0.193	0.053	8.701	10.510
1427788338821	37.539226	139.929412	5	0.241	0.053	9.178	10.510
1427788338922	37.539234	139.929410	5	0.292	-0.102	9.731	10.510
1427788339022	37.539244	139.929409	5	0.236	-0.207	10.227	10.510
1427788339123	37.539254	139.929408	5	0.137	-0.160	10.182	10.510
1427788339224	37.539263	139.929406	5	0.020	-0.125	9.735	10.510
1427788339324	37.539273	139.929405	5	-0.041	0.024	9.106	10.510
1427788339420	37.539282	139.929404	5	-0.074	0.120	8.729	10.510
1427788339521	37.539292	139.929403	5	-0.084	0.109	8.870	10.510
1427788339622	37.539302	139.929402	5	-0.035	0.039	9.171	10.510
1427788339722	37.539312	139.929400	5	-0.031	-0.011	9.559	10.510
1427788339823	37.539322	139.929399	5	-0.005	-0.073	9.803	10.510
1427788339924	37.539331	139.929398	4	0.115	0.030	9.462	10.510
1427788340024	37.539341	139.929397	4	0.141	0.154	9.055	10.510
1427788340120	37.539350	139.929396	4	0.157	0.163	9.324	10.510
1427788340221	37.539359	139.929395	4	0.078	0.144	9.287	10.510
1427788340322	37.539368	139.929394	4	0.059	0.134	9.430	10.510
1427788340422	37.539378	139.929393	4	0.035	0.113	9.576	10.510
1427788340523	37.539387	139.929393	4	0.021	0.088	9.472	10.510
1427788340624	37.539396	139.929392	4	0.019	0.151	9.341	10.510
1427788340724	37.539406	139.929391	4	-0.013	0.139	9.361	10.510
1427788340820	37.539415	139.929390	4	-0.077	0.116	9.381	10.510
1427788340921	37.539424	139.929389	4	-0.160	0.075	9.452	10.510
1427788341022	37.539432	139.929387	4	-0.161	0.103	9.509	10.510
1427788341122	37.539441	139.929386	4	-0.169	0.078	9.560	10.510
1427788341223	37.539449	139.929384	4	-0.063	0.127	9.464	10.510
1427788341324	37.539458	139.929382	4	0.010	0.116	9.446	10.510
1427788341424	37.539466	139.929380	4	-0.028	0.127	9.366	10.510
1427788341520	37.539474	139.929379	4	-0.121	0.073	9.512	10.510
1427788341621	37.539482	139.929377	4	-0.130	0.028	9.728	10.510
1427788341721	37.539490	139.929375	4	-0.059	0.066	9.495	10.510
1427788341822	37.539499	139.929374	4	-0.034	0.104	9.292	10.510
1427788341923	37.539507	139.929372	4	-0.057	0.153	9.131	10.510
1427788342023	37.539517	139.929370	4	-0.103	0.161	9.157	10.510
1427788342124	37.539528	139.929369	4	-0.136	0.133	9.390	10.510
1427788342220	37.539537	139.929367	4	-0.064	0.102	9.518	10.510
1427788342321	37.539547	139.929366	4	-0.016	0.061	9.663	10.510
1427788342421	37.539558	139.929364	4	0.021	0.065	9.597	10.510
1427788342522	37.539568	139.929362	4	0.035	0.069	9.349	10.510
1427788342623	37.539578	139.929361	4	0.093	0.119	9.030	10.510
1427788342723	37.539588	139.929359	4	0.124	0.145	9.004	10.510
1427788342824	37.539598	139.929358	4	-0.019	0.046	9.557	10.510
1427788342921	37.539608	139.929356	4	-0.052	0.065	9.337	10.510
1427788343021	37.539618	139.929354	4	-0.126	0.076	9.255	10.535
1427788343121	37.539628	139.929352	4	-0.206	0.068	9.503	10.560
1427788343222	37.539637	139.929350	4	-0.203	0.208	9.276	10.585
1427788343323	37.539647	139.929348	4	-0.299	0.167	8.911	10.610
1427788343423	37.539657	139.929346	4	-0.260	0.156	9.014	10.635
1427788343524	37.539667	139.929344	4	-0.235	0.122	9.265	10.660
1427788343620	37.539676	139.929342	4	-0.191	0.041	9.685	10.684
1427788343720	37.539686	139.929340	4	-0.046	-0.065	9.830	10.710
1427788343821	37.539696	139.929338	4	0.103	-0.110	9.780	10.735
1427788343922	37.539706	139.929336	4	0.243	-0.034	9.547	10.759
1427788344023	37.539715	139.929334	4	0.302	0.007	9.410	10.734
1427788344123	37.539724	139.929332	4	0.332	-0.043	9.449	10.709
1427788344224	37.539733	139.929330	4	0.307	-0.079	9.486	10.683
1427788344320	37.539741	139.929328	4	0.248	-0.124	9.533	10.659
1427788344420	37.539750	139.929326	4	0.149	-0.127	9.559	10.634
1427788344521	37.539759	139.929324	4	0.094	-0.079	9.309	10.609
1427788344622	37.539767	139.929322	4	0.088	-0.042	9.255	10.584
1427788344722	37.539776	139.929320	4	0.081	-0.041	9.393	10.559
1427788344823	37.539785	139.929318	4	0.064	-0.063	9.392	10.534
1427788344924	37.539793	139.929316	4	0.097	-0.110	9.622	10.510
1427788345020	37.539802	139.929314	4	0.112	-0.109	9.662	10.510
1427788345120	37.539812	139.929312	4	0.151	-0.103	9.545	10.510
1427788345221	37.539821	139.929309	4	0.161	-0.055	9.384	10.510
1427788345322	37.539831	139.929307	4	0.137	-0.045	9.257	10.510
1427788345422	37.539840	139.929305	4	0.136	-0.058	9.418	10.510
1427788345523	37.539850	139.929303	4	0.164	-0.052	9.379	10.510
1427788345624	37.539859	139.929301	4	0.181	-0.039	9.330	10.510
1427788345725	37.539869	139.929298	4	0.172	-0.064	9.410	10.510
1427788345820	37.539878	139.929296	4	0.115	-0.088	9.387	10.510
1427788345921	37.539887	139.929294	4	0.097	-0.102	9.437	10.510
1427788346022	37.539897	139.929292	4	0.142	-0.056	9.406	10.510
1427788346122	37.539906	139.929290	4	0.129	-0.011	9.356	10.510
1427788346223	37.539916	139.929288	4	0.115	0.018	9.238	10.510
1427788346324	37.539925	139.929286	4	0.098	0.032	9.225	10.510
1427788346424	37.539935	139.929284	4	0.063	0.026	9.379	10.510
1427788346520	37.539944	139.929283	4	0.066	0.038	9.500	10.510
1427788346621	37.539954	139.929281	4	0.077	0.051	9.480	10.510
1427788346722	37.539963	139.929279	4	0.087	0.053	9.397	10.510
1427788346822	37.539973	139.929277	4	0.079	0.079	9.287	10.510
1427788346923	37.539982	139.929275	3	0.074	0.062	9.440	10.510
1427788347024	37.539992	139.929274	3	0.080	0.067	9.471	10.510
1427788347124	37.540001	139.929272	3	0.072	0.074	9.400	10.510
1427788347220	37.540010	139.929271	3	0.102	0.065	9.485	10.510
1427788347321	37.540020	139.929269	3	0.082	0.073	9.352	10.510
1427788347421	37.540029	139.929268	3	0.056	0.039	9.241	10.510
1427788347522	37.540039	139.929267	3	0.040	0.027	9.364	10.510
1427788347623	37.540048	139.929265	3	0.052	0.029	9.432	10.510
1427788347724	37.540058	139.929264	3	0.020	0.010	9.548	10.510
1427788347824	37.540067	139.929262	3	0.002	-0.010	9.592	10.510
1427788347920	37.540076	139.929261	3	-0.034	0.041	9.475	10.510
1427788348021	37.540085	139.929259	3	-0.025	0.069	9.358	10.510
1427788348121	37.540095	139.929257	3	-0.039	0.097	9.363	10.510
1427788348222	37.540104	139.929256	3	-0.007	0.098	9.394	10.510
1427788348323	37.540114	139.929254	3	-0.002	0.080	9.540	10.510
1427788348424	37.540123	139.929252	3	-0.035	0.061	9.546	10.510
1427788348524	37.540133	139.929250	3	-0.029	0.067	9.456	10.510
1427788348620	37.540142	139.929248	3	-0.006	0.073	9.322	10.510
1427788348721	37.540151	139.929247	3	-0.035	0.076	9.200	10.510
1427788348821	37.540161	139.929245	3	0.002	0.101	9.221	10.510
1427788348922	37.540170	139.929243	4	-0.037	0.102	9.350	10.510
1427788349023	37.540180	139.929241	4	-0.063	0.063	9.529	10.510
1427788349124	37.540190	139.929239	4	-0.032	0.089	9.473	10.510
1427788349225	37.540200	139.929236	4	-0.009	0.060	9.418	10.510
1427788349320	37.540209	139.929234	4	0.020	0.070	9.281	10.510
1427788349420	37.540219	139.929232	4	0.017	0.051	9.323	10.510
1427788349521	37.540228	139.929230	4	0.057	0.031	9.433	10.510
1427788349622	37.540238	139.929228	4	0.118	0.014	9.445	10.510
1427788349723	37.540248	139.929225	4	0.090	-0.025	9.551	10.510
1427788349823	37.540258	139.929223	4	0.113	-0.037	9.455	10.510
1427788349924	37.540267	139.929221	4	0.130	0.022	9.310	10.510
1427788350020	37.540277	139.929219	4	0.128	0.057	9.427	10.510
1427788350120	37.540287	139.929217	4	0.154	0.058	9.447	10.510
1427788350221	37.540297	139.929215	4	0.144	0.042	9.513	10.510
1427788350322	37.540307	139.929213	4	0.133	0.008	9.490	10.510
1427788350423	37.540317	139.929211	4	0.127	0.016	9.334	10.510
1427788350523	37.540327	139.929210	4	0.200	0.044	9.462	10.510
1427788350624	37.540337	139.929208	4	0.202	0.047	9.523	10.510
1427788350720	37.540347	139.929206	4	0.196	0.107	9.563	10.510
1427788350820	37.540357	139.929204	4	0.214	0.101	9.677	10.510
1427788350921	37.540367	139.929202	4	0.242	0.133	9.544	10.510
1427788351022	37.540377	139.929200	4	0.217	0.181	9.447	10.510
1427788351123	37.540387	139.929199	4	0.213	0.212	9.323	10.510
1427788351223	37.540397	139.929197	4	0.155	0.238	9.249	10.510
1427788351324	37.540407	139.929196	4	0.098	0.257	9.346	10.510
1427788351420	37.540416	139.929194	4	0.072	0.250	9.254	10.510
1427788351520	37.540426	139.929193	4	0.064	0.311	9.192	10.510
1427788351621	37.540436	139.929191	4	0.006	0.350	9.241	10.510
1427788351722	37.540446	139.929190	4	-0.056	0.302	9.410	10.510
1427788351822	37.540456	139.929188	4	-0.080	0.319	9.679	10.510
1427788351923	37.540466	139.929187	4	-0.066	0.302	9.678	10.511
1427788352024	37.540476	139.929186	4	-0.104	0.250	9.691	10.536
1427788352125	37.540486	139.929184	4	-0.088	0.300	9.568	10.561
1427788352220	37.540495	139.929183	4	-0.058	0.377	9.311	10.584
1427788352321	37.540505	139.929182	4	-0.004	0.320	9.289	10.610
1427788352422	37.540515	139.929181	4	0.029	0.308	9.131	10.635
1427788352522	37.540525	139.929179	4	0.073	0.169	9.721	10.660
1427788352624	37.540535	139.929178	4	0.184	0.051	10.229	10.685
1427788352724	37.540545	139.929177	4	0.168	-0.046	10.424	10.711
1427788352824	37.540555	139.929175	4	0.148	0.064	9.943	10.736
1427788352920	37.540565	139.929174	4	0.142	0.262	9.069	10.760
1427788353021	37.540575	139.929173	4	0.130	0.305	8.549	10.760
1427788353122	37.540585	139.929171	4	0.082	0.304	8.442	10.760
1427788353222	37.540596	139.929170	4	-0.035	0.282	8.722	10.760
1427788353323	37.540606	139.929168	4	-0.203	0.139	9.293	10.760
1427788353424	37.540616	139.929167	4	-0.329	0.050	9.736	10.760
1427788353524	37.540626	139.929166	4	-0.391	0.029	10.012	10.760
1427788353620	37.540636	139.929164	4	-0.368	0.092	9.742	10.760
1427788353721	37.540646	139.929163	4	-0.266	0.165	9.170	10.760
1427788353821	37.540656	139.929161	4	-0.133	0.199	8.971	10.760
1427788353922	37.540666	139.929160	4	-0.043	0.145	9.209	10.760
1427788354023	37.540676	139.929158	4	-0.015	0.098	9.580	10.760
1427788354124	37.540686	139.929157	4	-0.009	0.052	9.666	10.760
1427788354224	37.540696	139.929155	4	-0.066	0.076	9.501	10.760
1427788354320	37.540706	139.929154	4	-0.109	0.136	9.360	10.760
1427788354421	37.540716	139.929152	4	-0.163	0.179	9.309	10.760
1427788354521	37.540726	139.929150	4	-0.190	0.149	9.384	10.760
1427788354622	37.540735	139.929149	4	-0.152	0.177	9.459	10.760
1427788354723	37.540745	139.929147	4	-0.170	0.198	9.593	10.760
1427788354824	37.540756	139.929146	4	-0.125	0.185	9.671	10.760
1427788354924	37.540765	139.929144	4	-0.045	0.227	9.430	10.760
1427788355020	37.540775	139.929143	4	-0.000	0.232	9.404	10.760
1427788355121	37.540785	139.929141	4	0.031	0.240	9.486	10.760
1427788355221	37.540794	139.929140	4	0.016	0.249	9.337	10.760
1427788355322	37.540804	139.929139	4	-0.037	0.264	9.343	10.760
1427788355423	37.540814	139.929137	4	-0.088	0.289	9.374	10.760
1427788355523	37.540824	139.929136	4	-0.097	0.264	9.478	10.760
1427788355624	37.540834	139.929135	4	-0.113	0.233	9.523	10.760
1427788355720	37.540843	139.929134	4	-0.133	0.259	9.478	10.760
1427788355821	37.540853	139.929132	4	-0.126	0.298	9.437	10.760
1427788355921	37.540863	139.929131	4	-0.093	0.326	9.361	10.760
1427788356022	37.540872	139.929129	4	-0.058	0.324	9.310	10.785
1427788356123	37.540882	139.929128	4	-0.013	0.328	9.269	10.810
1427788356223	37.540891	139.929126	4	-0.027	0.317	9.266	10.835
1427788356324	37.540900	139.929125	4	-0.058	0.310	9.432	10.860
1427788356420	37.540909	139.929124	4	-0.059	0.295	9.441	10.884
1427788356520	37.540919	139.929122	4	-0.101	0.282	9.563	10.909
1427788356621	37.540928	139.929121	4	-0.085	0.315	9.492	10.935
1427788356722	37.540937	139.929119	4	-0.133	0.295	9.395	10.960
1427788356823	37.540947	139.929117	4	-0.129	0.342	9.398	10.985
1427788356923	37.540956	139.929116	4	-0.108	0.304	9.363	11.010
1427788357024	37.540966	139.929114	4	-0.099	0.267	9.491	11.010
1427788357120	37.540976	139.929112	4	-0.085	0.286	9.466	11.010
1427788357220	37.540985	139.929110	4	-0.099	0.313	9.332	11.010
1427788357321	37.540995	139.929108	4	-0.093	0.298	9.377	11.010
1427788357422	37.541005	139.929106	4	-0.099	0.301	9.384	11.010
1427788357522	37.541015	139.929105	4	-0.108	0.253	9.441	11.010
1427788357623	37.541025	139.929103	4	-0.111	0.276	9.360	11.010
1427788357724	37.541035	139.929101	4	-0.157	0.262	9.390	11.010
1427788357820	37.541044	139.929099	4	-0.161	0.277	9.391	11.010
1427788357920	37.541054	139.929097	3	-0.166	0.277	9.249	11.010
1427788358021	37.541064	139.929095	3	-0.136	0.260	9.371	11.010
1427788358122	37.541073	139.929094	3	-0.092	0.258	9.326	11.010
1427788358222	37.541083	139.929092	3	-0.055	0.212	9.396	11.010
1427788358323	37.541093	139.929091	3	-0.001	0.188	9.562	11.010
1427788358424	37.541102	139.929089	3	-0.016	0.161	9.622	11.010
1427788358520	37.541112	139.929088	3	-0.000	0.179	9.616	11.010
1427788358620	37.541121	139.929087	3	0.003	0.225	9.282	11.010
1427788358721	37.541131	139.929085	3	0.010	0.206	9.218	11.010
1427788358822	37.541141	139.929083	3	-0.005	0.208	9.281	11.010
1427788358922	37.541150	139.929082	3	-0.047	0.165	9.451	11.010
1427788359023	37.541160	139.929080	3	-0.056	0.154	9.508	11.010
1427788359124	37.541170	139.929078	3	-0.098	0.165	9.449	11.010
1427788359224	37.541179	139.929076	3	-0.105	0.157	9.430	11.010
1427788359320	37.541189	139.929074	3	-0.123	0.168	9.355	11.010
1427788359421	37.541199	139.929072	3	-0.135	0.153	9.441	11.010
1427788359522	37.541208	139.929070	3	-0.133	0.162	9.481	11.010
1427788359622	37.541218	139.929068	3	-0.150	0.171	9.332	11.010
1427788359723	37.541228	139.929066	3	-0.117	0.200	9.241	11.010
1427788359824	37.541238	139.929064	3	-0.111	0.156	9.245	11.010
1427788359924	37.541247	139.929062	4	-0.115	0.134	9.446	11.010
1427788360020	37.541257	139.929060	4	-0.107	0.157	9.386	11.010
1427788360121	37.541266	139.929057	4	-0.136	0.149	9.352	11.010
1427788360221	37.541276	139.929055	4	-0.119	0.177	9.350	11.010
1427788360322	37.541286	139.929053	4	-0.113	0.162	9.290	11.010
1427788360423	37.541295	139.929050	4	-0.129	0.144	9.532	11.010
1427788360524	37.541305	139.929048	4	-0.101	0.146	9.587	11.010
1427788360624	37.541315	139.929046	4	-0.056	0.134	9.629	11.010
1427788360720	37.541324	139.929044	4	-0.040	0.121	9.615	11.010
1427788360821	37.541334	139.929041	4	-0.019	0.124	9.343	11.010
1427788360921	37.541343	139.929039	4	0.052	0.159	9.315	11.010
1427788361022	37.541353	139.929037	4	0.054	0.099	9.512	11.010
1427788361123	37.541363	139.929036	4	0.049	0.069	9.655	11.010
1427788361224	37.541373	139.929034	4	0.056	0.090	9.534	11.010
1427788361324	37.541383	139.929033	4	0.033	0.110	9.385	11.010
1427788361420	37.541393	139.929031	4	0.008	0.143	9.266	11.010
1427788361521	37.541403	139.929029	4	-0.007	0.172	9.065	11.010
1427788361621	37.541413	139.929028	4	-0.016	0.126	9.189	11.010
1427788361722	37.541423	139.929026	4	-0.014	0.090	9.396	11.010
1427788361823	37.541433	139.929025	4	-0.024	0.061	9.462	11.010
1427788361923	37.541443	139.929023	4	0.003	0.075	9.349	11.010
1427788362024	37.541453	139.929021	4	-0.001	0.087	9.299	11.010
1427788362120	37.541463	139.929019	4	-0.009	0.059	9.462	11.010
1427788362220	37.541472	139.929016	4	-0.006	0.059	9.483	11.010
1427788362321	37.541482	139.929014	4	-0.042	0.022	9.510	11.010
1427788362422	37.541492	139.929012	4	-0.055	0.030	9.628	11.010
1427788362523	37.541502	139.929010	4	-0.078	0.090	9.474	11.010
1427788362623	37.541512	139.929008	4	-0.082	0.133	9.293	11.010
1427788362724	37.541522	139.929005	4	-0.080	0.184	9.229	11.010
1427788362820	37.541531	139.929003	4	-0.086	0.160	9.263	11.010
1427788362920	37.541541	139.929001	4	-0.093	0.113	9.477	11.010
1427788363021	37.541551	139.928999	4	-0.113	0.127	9.491	11.010
1427788363122	37.541561	139.928996	4	-0.119	0.179	9.309	11.010
1427788363223	37.541570	139.928994	4	-0.121	0.198	9.226	11.010
1427788363323	37.541580	139.928992	4	-0.146	0.213	9.298	11.010
1427788363424	37.541590	139.928989	4	-0.160	0.183	9.432	11.010
1427788363520	37.541599	139.928987	4	-0.154	0.150	9.564	11.010
1427788363620	37.541609	139.928985	4	-0.141	0.149	9.616	11.010
1427788363721	37.541619	139.928983	4	-0.123	0.171	9.382	11.010
1427788363822	37.541628	139.928980	4	-0.085	0.170	9.371	11.010
1427788363922	37.541638	139.928978	4	-0.028	0.160	9.439	11.010
1427788364023	37.541648	139.928976	4	0.037	0.141	9.464	11.010
1427788364124	37.541657	139.928974	4	0.091	0.109	9.519	11.010
1427788364220	37.541666	139.928972	4	0.113	0.127	9.408	11.010
1427788364320	37.541676	139.928970	4	0.119	0.098	9.451	11.010
1427788364421	37.541686	139.928967	4	0.106	0.138	9.431	11.010
1427788364522	37.541695	139.928965	4	0.079	0.171	9.315	11.010
1427788364622	37.541705	139.928963	4	0.009	0.138	9.409	11.010
1427788364723	37.541714	139.928961	4	-0.032	0.139	9.499	11.010
1427788364824	37.541724	139.928959	4	-0.076	0.151	9.480	11.010
1427788364920	37.541733	139.928957	4	-0.108	0.186	9.337	11.010
1427788365020	37.541743	139.928955	4	-0.153	0.169	9.282	10.985
1427788365121	37.541752	139.928953	4	-0.157	0.142	9.321	10.959
1427788365222	37.541762	139.928952	4	-0.153	0.090	9.292	10.934
1427788365322	37.541772	139.928950	4	-0.134	0.021	9.439	10.909
1427788365423	37.541782	139.928948	4	-0.108	0.011	9.421	10.884
1427788365524	37.541791	139.928946	4	-0.081	0.043	9.290	10.858
1427788365625	37.541801	139.928944	4	-0.007	0.000	9.307	10.833
1427788365720	37.541810	139.928943	4	0.021	-0.034	9.455	10.810
1427788365821	37.541820	139.928941	4	0.057	-0.040	9.636	10.784
1427788365922	37.541829	139.928939	4	0.056	-0.039	9.485	10.760
1427788366022	37.541838	139.928937	4	0.078	-0.021	9.269	10.760
1427788366123	37.541848	139.928935	4	0.103	-0.009	9.177	10.760
1427788366224	37.541857	139.928933	4	0.069	-0.020	9.339	10.760
1427788366324	37.541867	139.928931	4	0.047	-0.047	9.505	10.760
1427788366420	37.541876	139.928930	4	0.041	-0.029	9.557	10.760
1427788366521	37.541885	139.928928	4	0.048	-0.021	9.535	10.760
1427788366621	37.541894	139.928926	4	0.057	0.061	9.410	10.760
1427788366722	37.541904	139.928924	4	-0.006	0.132	9.293	10.760
1427788366823	37.541913	139.928922	4	-0.041	0.172	9.293	10.760
1427788366924	37.541922	139.928920	4	-0.071	0.195	9.300	10.760
1427788367024	37.541932	139.928918	4	-0.088	0.177	9.436	10.760
1427788367120	37.541942	139.928916	4	-0.078	0.151	9.656	10.760
1427788367221	37.541952	139.928914	4	-0.081	0.195	9.421	10.760
1427788367321	37.541961	139.928912	4	-0.038	0.227	9.283	10.760
1427788367422	37.541971	139.928910	4	0.003	0.241	9.202	10.760
1427788367523	37.541981	139.928908	4	0.040	0.159	9.356	10.760
1427788367623	37.541991	139.928906	4	0.059	0.117	9.642	10.760
1427788367724	37.542001	139.928904	4	0.098	0.084	9.653	10.760
1427788367820	37.542010	139.928902	4	0.114	0.086	9.564	10.760
1427788367921	37.542020	139.928900	4	0.126	0.134	9.374	10.760
1427788368021	37.542030	139.928898	4	0.087	0.201	9.171	10.760
1427788368122	37.542040	139.928896	4	0.048	0.205	9.154	10.760
1427788368223	37.542050	139.928894	4	0.004	0.185	9.377	10.760
1427788368323	37.542060	139.928892	4	-0.048	0.134	9.660	10.760
1427788368424	37.542070	139.928890	4	-0.065	0.152	9.535	10.760
1427788368520	37.542079	139.928889	4	-0.097	0.182	9.290	10.760
1427788368620	37.542089	139.928887	4	-0.072	0.223	9.160	10.760
1427788368721	37.542099	139.928885	4	-0.076	0.237	9.162	10.760
1427788368822	37.542109	139.928883	4	-0.053	0.188	9.396	10.760
1427788368923	37.542119	139.928881	4	-0.029	0.141	9.568	10.760
1427788369023	37.542129	139.928879	4	-0.054	0.119	9.554	10.760
1427788369124	37.542139	139.928878	4	-0.049	0.127	9.379	10.760
1427788369220	37.542149	139.928877	4	-0.066	0.080	9.210	10.760
1427788369320	37.542159	139.928875	4	-0.049	0.033	9.307	10.760
1427788369421	37.542169	139.928873	4	-0.005	-0.038	9.412	10.760
1427788369522	37.542179	139.928872	4	0.007	-0.056	9.624	10.760
1427788369623	37.542189	139.928870	4	0.026	-0.072	9.638	10.760
1427788369723	37.542199	139.928869	4	0.030	-0.009	9.283	10.760
1427788369824	37.542209	139.928867	4	0.026	-0.015	9.249	10.760
1427788369920	37.542219	139.928866	4	0.026	-0.014	9.288	10.760
1427788370020	37.542229	139.928865	4	0.014	-0.044	9.371	10.735
1427788370121	37.542239	139.928864	4	0.028	-0.091	9.558	10.709
1427788370222	37.542249	139.928862	4	0.029	-0.054	9.471	10.684
1427788370322	37.542259	139.928861	4	0.034	-0.028	9.342	10.659
1427788370423	37.542269	139.928860	4	0.047	0.023	9.093	10.634
1427788370524	37.542278	139.928859	4	0.040	0.026	9.107	10.608
1427788370620	37.542288	139.928858	4	0.044	-0.069	9.585	10.584
1427788370720	37.542298	139.928856	4	0.033	-0.048	9.531	10.560
1427788370821	37.542307	139.928855	4	-0.003	-0.025	9.381	10.534
1427788370922	37.542317	139.928854	4	-0.085	0.020	9.081	10.510
1427788371022	37.542327	139.928852	4	-0.066	0.156	8.502	10.510
1427788371123	37.542336	139.928851	4	-0.087	-0.007	8.495	10.510
1427788371224	37.542346	139.928849	4	-0.119	0.000	8.986	10.510
1427788371325	37.542356	139.928848	4	-0.152	-0.181	9.981	10.510
1427788371420	37.542365	139.928846	4	-0.223	-0.230	10.528	10.510
1427788371521	37.542375	139.928845	4	-0.136	-0.087	10.486	10.510
1427788371622	37.542384	139.928843	4	-0.109	-0.108	10.147	10.510
1427788371722	37.542394	139.928842	4	0.020	-0.012	9.591	10.510
1427788371823	37.542404	139.928840	4	0.092	0.153	8.820	10.510
1427788371924	37.542413	139.928839	4	0.055	0.147	8.659	10.510
1427788372024	37.542422	139.928838	4	0.086	0.097	9.063	10.510
1427788372120	37.542431	139.928836	4	0.042	-0.035	9.715	10.510
1427788372221	37.542440	139.928835	4	0.045	-0.044	9.850	10.510
1427788372321	37.542449	139.928834	4	0.032	-0.014	9.557	10.510
1427788372422	37.542458	139.928832	4	-0.007	0.005	9.391	10.510
1427788372523	37.542467	139.928831	4	-0.082	0.062	9.295	10.510
1427788372624	37.542476	139.928830	4	-0.123	0.093	9.232	10.510
1427788372724	37.542485	139.928829	4	-0.052	0.112	9.015	10.510
1427788372820	37.542494	139.928827	4	0.004	0.163	8.797	10.510
1427788372921	37.542503	139.928826	4	-0.008	0.113	9.193	10.510
1427788373021	37.542512	139.928824	4	-0.067	0.064	9.572	10.510
1427788373122	37.542522	139.928823	4	-0.071	0.068	9.709	10.510
1427788373223	37.542531	139.928821	4	0.009	0.039	9.854	10.510
1427788373324	37.542541	139.928820	4	0.099	0.088	9.746	10.510
1427788373424	37.542550	139.928818	4	0.099	0.161	9.645	10.510
1427788373520	37.542559	139.928816	4	0.071	0.208	9.386	10.510
1427788373621	37.542568	139.928815	4	0.067	0.192	9.527	10.510
1427788373721	37.542577	139.928813	4	0.095	0.163	9.629	10.510
1427788373822	37.542587	139.928812	4	0.090	0.212	9.319	10.510
1427788373923	37.542596	139.928810	5	0.132	0.339	8.711	10.509
1427788374024	37.542605	139.928808	5	0.115	0.338	8.374	10.484
1427788374124	37.542614	139.928807	5	0.145	0.278	8.659	10.459
1427788374220	37.542622	139.928805	5	0.205	0.109	9.363	10.434
1427788374321	37.542631	139.928803	5	0.203	-0.094	10.171	10.409
1427788374421	37.542639	139.928801	5	0.118	-0.154	10.593	10.384
1427788374522	37.542648	139.928800	5	0.076	-0.072	10.262	10.359
1427788374623	37.542657	139.928798	5	0.071	0.081	9.484	10.334
1427788374723	37.542665	139.928796	5	0.103	0.261	8.864	10.309
1427788374824	37.542674	139.928795	5	0.096	0.333	8.508	10.284
1427788374920	37.542682	139.928793	5	0.057	0.245	8.763	10.260
1427788375020	37.542691	139.928792	5	0.020	0.077	9.699	10.285
1427788375121	37.542701	139.928791	5	0.066	-0.090	10.484	10.310
1427788375222	37.542710	139.928789	5	0.158	-0.052	10.332	10.335
1427788375323	37.542720	139.928788	5	0.225	0.072	9.588	10.360
1427788375423	37.542729	139.928787	5	0.278	0.199	8.892	10.385
1427788375524	37.542739	139.928786	5	0.323	0.247	8.588	10.410
1427788375620	37.542748	139.928785	5	0.322	0.169	8.816	10.434
1427788375720	37.542757	139.928783	5	0.311	0.027	9.655	10.460
1427788375821	37.542767	139.928782	5	0.189	-0.106	10.446	10.485
1427788375922	37.542776	139.928781	4	0.061	-0.008	9.808	10.510
1427788376023	37.542785	139.928779	4	0.088	0.176	8.693	10.510
1427788376123	37.542795	139.928777	4	0.106	0.249	8.388	10.510
1427788376224	37.542804	139.928776	4	0.160	0.210	8.768	10.510
1427788376320	37.542813	139.928774	4	0.087	0.060	9.369	10.510
1427788376420	37.542822	139.928772	4	-0.012	-0.064	10.078	10.510
1427788376521	37.542831	139.928770	4	-0.098	-0.177	10.630	10.510
1427788376622	37.542841	139.928768	4	-0.093	-0.058	10.336	10.510
1427788376722	37.542850	139.928767	4	-0.083	0.142	9.434	10.510
1427788376823	37.542859	139.928765	4	0.013	0.350	8.275	10.510
1427788376924	37.542868	139.928763	4	0.057	0.364	7.935	10.509
1427788377020	37.542878	139.928761	4	0.090	0.227	8.681	10.485
1427788377120	37.542887	139.928760	4	0.065	0.040	9.848	10.460
1427788377221	37.542897	139.928758	4	-0.005	-0.120	10.502	10.434
1427788377322	37.542906	139.928757	4	-0.059	-0.100	10.154	10.409
1427788377423	37.542916	139.928755	4	-0.030	0.026	9.333	10.383
1427788377523	37.542925	139.928753	4	0.022	0.185	8.706	10.359
1427788377624	37.542934	139.928752	4	0.031	0.219	8.645	10.333
1427788377720	37.542943	139.928750	4	0.031	0.109	9.229	10.310
1427788377820	37.542953	139.928749	4	0.052	-0.043	9.949	10.285
1427788377921	37.542962	139.928747	5	0.069	-0.104	10.192	10.260
1427788378022	37.542972	139.928746	5	0.115	-0.043	9.841	10.260
1427788378122	37.542981	139.928745	5	0.121	0.092	9.219	10.260
1427788378223	37.542990	139.928744	5	0.132	0.203	8.756	10.260
1427788378324	37.543000	139.928743	5	0.133	0.198	8.705	10.260
1427788378424	37.543009	139.928742	5	0.095	0.099	9.047	10.260
1427788378520	37.543018	139.928742	5	0.103	-0.005	9.558	10.260
1427788378621	37.543028	139.928741	5	0.093	-0.057	9.898	10.260
1427788378722	37.543037	139.928740	5	0.073	-0.059	9.874	10.260
1427788378822	37.543047	139.928739	5	0.079	-0.007	9.527	10.260
1427788378923	37.543056	139.928738	5	0.104	0.069	9.182	10.260
1427788379024	37.543065	139.928735	5	0.140	0.085	9.123	10.260
1427788379124	37.543073	139.928733	5	0.147	0.055	9.329	10.260
1427788379220	37.543081	139.928731	5	0.091	0.004	9.646	10.260
1427788379321	37.543090	139.928728	5	0.032	0.011	9.696	10.260
1427788379421	37.543099	139.928725	5	0.010	0.087	9.418	10.260
1427788379522	37.543107	139.928723	5	0.006	0.135	9.165	10.260
1427788379623	37.543116	139.928720	5	0.005	0.136	9.174	10.260
1427788379724	37.543124	139.928718	5	-0.034	0.072	9.393	10.260
1427788379824	37.543133	139.928715	5	0.004	0.016	9.686	10.260
1427788379920	37.543141	139.928713	5	0.042	0.047	9.683	10.260
1427788380021	37.543150	139.928712	5	0.130	0.125	9.400	10.309
1427788380121	37.543160	139.928710	5	0.222	0.223	8.994	10.359
1427788380222	37.543169	139.928709	5	0.208	0.213	8.944	10.408
1427788380323	37.543178	139.928707	5	0.195	0.152	9.357	10.459
1427788380423	37.543188	139.928706	5	0.175	0.094	9.623	10.509
1427788380525	37.543197	139.928705	5	0.185	0.065	9.856	10.560
1427788380620	37.543206	139.928703	5	0.171	0.098	9.575	10.608
1427788380721	37.543216	139.928702	5	0.178	0.146	9.218	10.659
1427788380821	37.543225	139.928700	5	0.184	0.226	8.999	10.709
1427788380922	37.543235	139.928699	5	0.090	0.199	9.205	10.760
1427788381023	37.543244	139.928697	5	0.048	0.117	9.667	10.760
1427788381123	37.543253	139.928695	5	0.014	0.056	9.952	10.760
1427788381224	37.543262	139.928694	5	0.049	0.076	9.689	10.760
1427788381320	37.543270	139.928692	5	0.053	0.112	9.510	10.760
1427788381420	37.543279	139.928690	5	0.077	0.131	9.362	10.760
1427788381521	37.543288	139.928688	5	0.045	0.139	8.926	10.760
1427788381622	37.543297	139.928686	5	-0.022	0.057	9.216	10.760
1427788381723	37.543306	139.928685	5	-0.044	-0.117	9.846	10.760
1427788381823	37.543314	139.928683	5	-0.041	-0.178	10.054	10.760
1427788381924	37.543323	139.928681	5	0.016	-0.168	9.643	10.760
1427788382020	37.543332	139.928680	5	0.113	-0.009	8.936	10.760
1427788382120	37.543342	139.928679	5	0.006	0.091	8.722	10.760
1427788382221	37.543351	139.928677	5	-0.080	0.068	9.044	10.760
1427788382322	37.543361	139.928676	5	-0.121	-0.040	9.344	10.760
1427788382423	37.543370	139.928675	5	-0.103	-0.086	9.627	10.760
1427788382523	37.543380	139.928674	5	-0.064	-0.153	9.972	10.760
1427788382624	37.543389	139.928673	5	-0.009	-0.138	9.836	10.760
1427788382720	37.543398	139.928671	5	0.096	-0.042	9.313	10.760
1427788382820	37.543408	139.928670	5	0.238	0.022	8.886	10.760
1427788382921	37.543417	139.928669	5	0.363	-0.013	8.921	10.759
1427788383022	37.543427	139.928668	5	0.377	-0.116	9.540	10.708
1427788383122	37.543436	139.928668	5	0.362	-0.183	9.960	10.657
1427788383223	37.543445	139.928667	5	0.267	-0.212	10.016	10.606
1427788383324	37.543455	139.928666	5	0.173	-0.127	9.733	10.555
1427788383420	37.543464	139.928665	5	0.054	-0.046	9.466	10.507
1427788383520	37.543473	139.928665	5	-0.049	0.067	9.253	10.457
1427788383621	37.543482	139.928664	5	-0.120	0.088	9.213	10.407
1427788383722	37.543491	139.928663	5	-0.173	0.077	9.344	10.357
1427788383822	37.543500	139.928663	5	-0.144	0.056	9.429	10.308
1427788383923	37.543509	139.928662	5	-0.121	0.044	9.410	10.261
