measurement_ms	latitude	longitude	gps_error_meter	accel_x_transverse	accel_y_longitudinal	accel_z_vertical	speed
1425686146545	37.531312	139.944302	4	-0.168	-0.029	9.889	14.250
1425686146550	37.531311	139.944302	4	-0.161	-0.036	9.891	14.250
1425686146646	37.531299	139.944301	4	0.165	-0.300	10.165	14.250
1425686146747	37.531286	139.944299	4	0.296	-0.310	9.881	14.250
1425686146847	37.531273	139.944298	4	0.249	-0.312	9.431	14.250
1425686146948	37.531260	139.944296	4	0.230	-0.325	9.441	14.250
1425686147049	37.531248	139.944295	4	0.189	-0.294	9.412	14.250
1425686147149	37.531235	139.944293	4	0.116	-0.326	9.687	14.250
1425686147250	37.531222	139.944291	4	0.117	-0.315	9.738	14.250
1425686147346	37.531211	139.944290	4	0.111	-0.363	9.759	14.250
1425686147446	37.531198	139.944288	4	0.119	-0.343	9.764	14.250
1425686147547	37.531185	139.944287	4	0.121	-0.354	9.903	14.250
1425686147648	37.531173	139.944285	4	0.147	-0.351	9.665	14.250
1425686147749	37.531160	139.944283	4	0.115	-0.300	9.437	14.250
1425686147849	37.531148	139.944282	4	0.085	-0.302	9.531	14.250
1425686147950	37.531135	139.944280	4	0.058	-0.352	9.613	14.250
1425686148046	37.531123	139.944279	4	0.090	-0.306	9.467	14.250
1425686148146	37.531110	139.944277	4	0.089	-0.332	9.768	14.250
1425686148247	37.531097	139.944275	4	0.038	-0.314	9.679	14.250
1425686148348	37.531085	139.944274	4	0.024	-0.338	9.558	14.250
1425686148448	37.531072	139.944272	4	0.004	-0.320	9.654	14.250
1425686148549	37.531059	139.944270	4	-0.043	-0.340	9.694	14.250
1425686148650	37.531047	139.944269	4	-0.119	-0.372	9.740	14.250
1425686148750	37.531034	139.944267	4	-0.135	-0.345	9.783	14.250
1425686148846	37.531022	139.944266	4	-0.156	-0.378	9.945	14.246
1425686148947	37.531008	139.944265	4	-0.128	-0.283	9.455	14.221
1425686149048	37.530995	139.944263	4	-0.159	-0.317	9.509	14.195
1425686149148	37.530982	139.944262	4	-0.131	-0.288	9.517	14.170
1425686149249	37.530968	139.944261	4	-0.127	-0.326	9.615	14.145
1425686149350	37.530955	139.944260	4	-0.135	-0.349	9.652	14.119
1425686149446	37.530942	139.944259	4	-0.131	-0.301	9.520	14.095
1425686149546	37.530929	139.944257	4	-0.140	-0.282	9.414	14.071
1425686149647	37.530916	139.944256	4	-0.234	-0.378	9.641	14.045
1425686149748	37.530903	139.944255	4	-0.278	-0.397	9.856	14.020
1425686149848	37.530890	139.944254	4	-0.354	-0.463	9.972	13.991
1425686149949	37.530878	139.944253	4	-0.444	-0.372	9.767	13.940
1425686150050	37.530866	139.944252	4	-0.489	-0.270	9.323	13.888
1425686150150	37.530854	139.944251	4	-0.515	-0.197	8.998	13.838
1425686150246	37.530843	139.944250	4	-0.575	-0.234	9.127	13.790
1425686150347	37.530831	139.944249	4	-0.559	-0.462	10.095	13.739
1425686150447	37.530820	139.944248	4	-0.443	-0.427	10.013	13.689
1425686150548	37.530808	139.944247	4	-0.406	-0.493	10.641	13.639
1425686150649	37.530797	139.944246	4	-0.231	-0.319	10.062	13.589
1425686150750	37.530785	139.944245	4	-0.228	-0.251	9.626	13.539
1425686150850	37.530774	139.944244	4	-0.151	-0.144	9.149	13.505
1425686150946	37.530763	139.944243	4	-0.092	-0.081	9.036	13.529
1425686151047	37.530752	139.944242	4	-0.093	-0.094	9.402	13.554
1425686151147	37.530740	139.944241	4	-0.109	-0.218	9.868	13.579
1425686151248	37.530729	139.944240	4	-0.109	-0.235	10.011	13.604
1425686151349	37.530718	139.944239	4	-0.174	-0.225	9.882	13.629
1425686151450	37.530706	139.944238	4	-0.213	-0.154	9.606	13.654
1425686151550	37.530695	139.944238	4	-0.183	-0.126	9.473	13.680
1425686151646	37.530684	139.944237	4	-0.162	-0.075	9.785	13.704
1425686151747	37.530672	139.944236	4	-0.147	0.077	9.670	13.729
1425686151847	37.530661	139.944235	4	-0.172	0.152	9.577	13.754
1425686151948	37.530648	139.944235	4	-0.156	0.232	9.623	13.779
1425686152049	37.530635	139.944235	4	-0.151	0.294	9.772	13.804
1425686152149	37.530623	139.944235	4	-0.129	0.308	9.610	13.829
1425686152250	37.530610	139.944235	4	-0.170	0.408	9.570	13.854
1425686152346	37.530598	139.944234	4	-0.144	0.381	9.682	13.878
1425686152447	37.530585	139.944234	4	-0.129	0.411	9.776	13.904
1425686152547	37.530572	139.944234	4	-0.123	0.533	9.303	13.929
1425686154546	37.530302	139.944236	4	-0.126	0.503	9.294	14.500
1425686154647	37.530289	139.944237	4	-0.133	0.182	8.970	14.500
1425686154748	37.530275	139.944238	4	-0.267	-0.118	9.603	14.500
1425686154848	37.530262	139.944238	4	-0.250	-0.155	9.756	14.500
1425686154949	37.530249	139.944239	4	-0.232	-0.282	9.746	14.500
1425686155050	37.530236	139.944240	4	-0.135	-0.198	9.340	14.500
1425686155150	37.530223	139.944241	4	-0.299	-0.372	9.855	14.500
1425686155246	37.530211	139.944241	4	-0.199	-0.345	9.946	14.500
1425686155347	37.530198	139.944242	4	-0.299	-0.325	9.860	14.500
1425686155448	37.530185	139.944243	4	-0.228	-0.264	9.461	14.500
1425686155548	37.530172	139.944244	4	-0.251	-0.285	9.465	14.500
1425686155649	37.530159	139.944245	4	-0.358	-0.252	9.608	14.500
1425686155750	37.530146	139.944245	4	-0.414	-0.341	9.662	14.500
1425686155850	37.530133	139.944246	4	-0.285	-0.384	9.740	14.495
1425686155946	37.530121	139.944247	4	-0.227	-0.353	9.648	14.471
1425686156047	37.530108	139.944248	4	-0.203	-0.305	9.576	14.445
1425686156148	37.530096	139.944249	4	-0.196	-0.308	9.415	14.420
1425686156248	37.530083	139.944250	4	-0.184	-0.336	9.681	14.395
1425686156349	37.530070	139.944251	4	-0.184	-0.335	9.968	14.370
1425686156450	37.530058	139.944252	4	-0.232	-0.327	9.941	14.344
1425686156550	37.530045	139.944253	4	-0.249	-0.350	9.803	14.320
1425686156646	37.530033	139.944253	4	-0.315	-0.298	9.705	14.296
1425686156747	37.530020	139.944254	4	-0.393	-0.248	9.316	14.271
1425686156848	37.530008	139.944255	4	-0.463	-0.238	9.243	14.245
1425686156948	37.529995	139.944257	4	-0.492	-0.324	9.553	14.220
1425686157049	37.529982	139.944259	4	-0.535	-0.398	9.944	14.195
1425686157150	37.529969	139.944261	4	-0.578	-0.452	10.034	14.170
1425686157250	37.529956	139.944263	4	-0.600	-0.332	9.830	14.144
1425686157346	37.529944	139.944264	4	-0.661	-0.267	9.603	14.120
1425686157447	37.529931	139.944266	4	-0.666	-0.305	9.343	14.095
1425686157547	37.529918	139.944268	4	-0.664	-0.260	9.242	14.070
1425686157648	37.529905	139.944270	4	-0.627	-0.299	9.664	14.045
1425686157749	37.529892	139.944272	4	-0.526	-0.330	10.047	14.020
1425686157850	37.529879	139.944273	4	-0.548	-0.342	9.791	14.000
1425686157950	37.529867	139.944275	4	-0.505	-0.331	9.703	14.000
1425686158046	37.529855	139.944277	4	-0.427	-0.250	9.576	14.000
1425686158147	37.529842	139.944279	4	-0.388	-0.276	9.508	14.000
1425686158247	37.529830	139.944281	4	-0.410	-0.263	9.512	14.000
1425686158348	37.529817	139.944282	4	-0.372	-0.327	9.727	14.000
1425686158449	37.529805	139.944284	4	-0.358	-0.371	9.914	14.000
1425686158549	37.529792	139.944286	4	-0.326	-0.405	9.985	14.000
1425686158650	37.529779	139.944288	4	-0.282	-0.288	9.636	14.000
1425686158746	37.529767	139.944289	4	-0.289	-0.284	9.583	14.000
1425686158847	37.529755	139.944291	3	-0.274	-0.213	9.367	14.000
1425686158947	37.529742	139.944294	3	-0.271	-0.258	9.590	14.000
1425686159048	37.529730	139.944296	3	-0.320	-0.342	9.941	14.000
1425686159149	37.529717	139.944299	3	-0.298	-0.335	9.840	14.000
1425686159249	37.529705	139.944301	3	-0.257	-0.146	8.895	14.000
1425686159350	37.529693	139.944303	3	-0.313	-0.104	8.832	14.000
1425686159446	37.529681	139.944306	3	-0.274	-0.260	9.586	14.000
1425686159546	37.529668	139.944308	3	-0.203	-0.433	10.567	14.000
1425686159647	37.529656	139.944311	3	-0.281	-0.556	10.874	14.000
1425686159748	37.529643	139.944313	3	-0.307	-0.380	9.934	14.000
1425686159849	37.529631	139.944315	4	-0.350	-0.232	9.401	13.995
1425686159949	37.529618	139.944318	4	-0.335	-0.178	8.995	13.970
1425686160050	37.529605	139.944320	4	-0.316	-0.248	9.356	13.945
1425686160146	37.529593	139.944323	4	-0.349	-0.318	9.815	13.921
1425686160246	37.529581	139.944325	4	-0.368	-0.318	9.883	13.895
1425686160347	37.529568	139.944327	4	-0.321	-0.299	9.717	13.870
1425686160448	37.529555	139.944330	4	-0.301	-0.284	9.384	13.845
1425686160549	37.529543	139.944332	4	-0.314	-0.350	9.687	13.820
1425686160649	37.529530	139.944335	4	-0.340	-0.412	10.173	13.795
1425686160750	37.529518	139.944337	4	-0.364	-0.405	10.111	13.770
1425686160846	37.529506	139.944339	4	-0.395	-0.332	9.661	13.742
1425686160946	37.529494	139.944343	4	-0.460	-0.251	9.215	13.691
1425686161047	37.529482	139.944346	4	-0.531	-0.146	8.983	13.640
1425686161148	37.529470	139.944349	4	-0.594	-0.248	9.254	13.589
1425686161248	37.529458	139.944352	4	-0.583	-0.196	9.513	13.539
1425686161349	37.529446	139.944355	4	-0.516	-0.346	9.963	13.488
1425686161450	37.529434	139.944358	4	-0.517	-0.275	9.612	13.438
1425686161546	37.529422	139.944361	4	-0.449	-0.270	9.654	13.390
1425686161646	37.529411	139.944364	4	-0.341	-0.297	9.988	13.341
1425686161747	37.529399	139.944367	4	-0.224	-0.195	9.743	13.291
1425686161848	37.529387	139.944370	6	-0.156	-0.196	9.512	13.263
1425686161948	37.529373	139.944375	6	-0.181	-0.087	9.262	13.336
1425686162049	37.529360	139.944380	6	-0.190	-0.081	9.303	13.411
1425686162150	37.529346	139.944385	6	-0.095	-0.125	9.504	13.486
1425686162251	37.529333	139.944390	6	-0.037	-0.205	10.043	13.561
1425686162346	37.529320	139.944395	6	-0.084	-0.214	9.928	13.632
1425686162447	37.529306	139.944400	6	-0.074	-0.222	9.938	13.708
1425686162548	37.529292	139.944405	6	-0.047	-0.185	9.851	13.784
1425686162648	37.529278	139.944411	6	0.057	-0.215	9.713	13.860
1425686162749	37.529264	139.944416	6	0.112	-0.221	9.661	13.938
1425686162850	37.529251	139.944421	6	0.078	-0.309	10.126	13.995
1425686162950	37.529238	139.944425	6	-0.030	-0.329	10.104	13.970
1425686163046	37.529227	139.944429	6	-0.087	-0.345	9.939	13.946
1425686163147	37.529215	139.944433	6	-0.227	-0.287	9.783	13.920
1425686163247	37.529203	139.944437	6	-0.285	-0.241	9.405	13.895
1425686163348	37.529191	139.944441	6	-0.355	-0.276	9.491	13.870
1425686163449	37.529178	139.944445	6	-0.430	-0.289	9.684	13.845
1425686163550	37.529166	139.944449	6	-0.406	-0.325	9.641	13.820
1425686163650	37.529154	139.944453	6	-0.432	-0.311	9.512	13.795
1425686163746	37.529143	139.944457	6	-0.371	-0.291	9.450	13.771
1425686163847	37.529131	139.944461	3	-0.237	-0.310	9.593	13.746
1425686163947	37.529119	139.944465	3	-0.186	-0.349	9.750	13.721
1425686164048	37.529108	139.944469	3	-0.157	-0.340	9.906	13.695
1425686164149	37.529096	139.944473	3	-0.151	-0.340	9.848	13.670
1425686164250	37.529084	139.944477	3	-0.128	-0.312	9.784	13.644
1425686164350	37.529073	139.944481	3	-0.095	-0.311	9.777	13.619
1425686164446	37.529062	139.944485	3	-0.094	-0.295	9.804	13.595
1425686164547	37.529050	139.944489	3	-0.076	-0.305	9.806	13.570
1425686164647	37.529039	139.944493	3	-0.086	-0.291	9.958	13.545
1425686164748	37.529027	139.944497	3	-0.135	-0.262	9.736	13.520
1425686164849	37.529016	139.944501	4	-0.256	-0.246	9.433	13.495
1425686164949	37.529003	139.944506	4	-0.396	-0.240	9.339	13.470
1425686165050	37.528990	139.944511	4	-0.450	-0.262	9.340	13.445
1425686165146	37.528978	139.944515	4	-0.528	-0.273	9.239	13.420
1425686165247	37.528966	139.944520	4	-0.539	-0.327	9.565	13.395
1425686165347	37.528953	139.944525	4	-0.462	-0.367	9.872	13.370
1425686165448	37.528940	139.944530	4	-0.335	-0.414	10.158	13.345
1425686165549	37.528928	139.944535	4	-0.251	-0.345	10.012	13.320
1425686165649	37.528915	139.944539	4	-0.138	-0.295	9.795	13.295
1425686165750	37.528903	139.944544	4	-0.108	-0.294	9.855	13.270
1425686165846	37.528891	139.944549	4	-0.121	-0.333	9.995	13.246
1425686165946	37.528880	139.944553	4	-0.193	-0.372	10.108	13.221
1425686166047	37.528869	139.944557	4	-0.120	-0.453	10.215	13.195
1425686166148	37.528858	139.944560	4	-0.134	-0.166	9.591	13.170
1425686166249	37.528847	139.944564	4	-0.225	-0.170	8.690	13.145
1425686166349	37.528837	139.944568	4	-0.219	-0.018	8.434	13.120
1425686166450	37.528826	139.944572	4	-0.206	-0.161	9.117	13.094
1425686166546	37.528815	139.944576	4	-0.216	-0.378	9.875	13.071
1425686166646	37.528805	139.944580	4	-0.271	-0.474	10.352	13.046
1425686166747	37.528794	139.944584	4	-0.344	-0.487	10.483	13.021
1425686166848	37.528783	139.944588	4	-0.444	-0.190	9.254	12.995
1425686166949	37.528773	139.944593	4	-0.576	-0.103	9.256	12.970
1425686167049	37.528762	139.944598	4	-0.644	-0.289	9.716	12.945
1425686167150	37.528751	139.944602	4	-0.619	-0.280	9.748	12.919
1425686167251	37.528741	139.944607	4	-0.587	-0.460	10.225	12.894
1425686167346	37.528731	139.944612	4	-0.407	-0.529	10.522	12.870
1425686167447	37.528721	139.944617	4	-0.277	-0.402	10.092	12.845
1425686167548	37.528710	139.944622	4	-0.198	-0.287	9.591	12.820
1425686167648	37.528700	139.944626	4	-0.201	-0.181	8.963	12.795
1425686167749	37.528689	139.944631	4	-0.251	-0.221	8.924	12.770
1425686167850	37.528679	139.944636	4	-0.265	-0.271	9.217	12.750
1425686167951	37.528668	139.944642	4	-0.174	-0.448	10.147	12.750
1425686168046	37.528658	139.944648	4	-0.247	-0.524	10.470	12.750
1425686168152	37.528646	139.944654	4	-0.306	-0.350	9.916	12.750
1425686168248	37.528636	139.944659	4	-0.371	-0.233	9.393	12.750
1425686168347	37.528625	139.944665	4	-0.407	-0.190	9.092	12.750
1425686168449	37.528614	139.944671	4	-0.456	-0.210	9.048	12.750
1425686168548	37.528603	139.944677	4	-0.473	-0.347	9.622	12.750
1425686168651	37.528592	139.944683	4	-0.450	-0.389	10.025	12.750
1425686168746	37.528582	139.944688	4	-0.396	-0.351	9.727	12.750
1425686168847	37.528571	139.944694	4	-0.355	-0.299	9.652	12.746
1425686168948	37.528561	139.944700	4	-0.335	-0.301	9.676	12.720
1425686169048	37.528550	139.944706	4	-0.314	-0.411	9.816	12.695
1425686169149	37.528540	139.944712	4	-0.302	-0.530	9.771	12.670
1425686169250	37.528529	139.944718	4	-0.298	-0.705	9.593	12.644
1425686169350	37.528519	139.944724	4	-0.223	-0.883	9.256	12.619
1425686169446	37.528509	139.944729	4	-0.136	-1.056	9.472	12.595
1425686169547	37.528499	139.944735	4	-0.101	-1.252	10.077	12.570
1425686169648	37.528489	139.944741	4	-0.090	-1.314	10.344	12.545
1425686169748	37.528478	139.944747	4	-0.034	-1.189	10.029	12.520
1425686169849	37.528468	139.944753	5	0.025	-0.936	9.851	12.495
1425686169950	37.528457	139.944759	5	0.040	-0.641	9.688	12.470
1425686170050	37.528446	139.944764	5	-0.027	-0.413	9.364	12.445
1425686170146	37.528435	139.944770	5	-0.052	-0.334	9.375	12.420
1425686170247	37.528424	139.944775	5	0.011	-0.300	9.432	12.395
1425686170347	37.528413	139.944781	5	0.027	-0.321	9.637	12.370
1425686170448	37.528402	139.944786	5	0.106	-0.312	9.680	12.345
1425686170549	37.528391	139.944792	5	0.286	-0.239	9.465	12.320
1425686170650	37.528380	139.944797	5	0.472	-0.248	9.558	12.295
1425686170750	37.528370	139.944803	5	0.668	-0.237	9.566	12.270
1425686170846	37.528360	139.944808	5	0.753	-0.274	9.738	12.242
1425686170947	37.528350	139.944813	5	0.823	-0.304	9.814	12.190
1425686171047	37.528341	139.944818	5	0.835	-0.287	9.633	12.140
1425686171148	37.528331	139.944822	5	0.851	-0.241	9.431	12.089
1425686171249	37.528322	139.944827	5	0.900	-0.270	9.533	12.038
1425686171349	37.528313	139.944832	5	0.961	-0.377	9.796	11.988
1425686171450	37.528304	139.944837	5	0.967	-0.671	9.863	11.938
1425686171546	37.528295	139.944842	5	0.908	-1.055	9.607	11.890
1425686171647	37.528286	139.944846	5	0.903	-1.356	9.639	11.840
1425686171747	37.528276	139.944851	5	0.821	-1.517	9.787	11.791
1425686171848	37.528267	139.944856	5	0.781	-1.590	9.751	11.726
1425686171949	37.528258	139.944860	5	0.675	-1.487	9.436	11.594
1425686172049	37.528248	139.944864	5	0.591	-1.185	9.404	11.464
1425686172150	37.528239	139.944868	5	0.521	-0.935	9.706	11.335
1425686172246	37.528230	139.944872	5	0.467	-0.771	9.745	11.213
1425686172346	37.528221	139.944876	5	0.434	-0.703	9.910	11.087
1425686172447	37.528212	139.944880	5	0.355	-0.601	9.872	10.962
1425686172548	37.528203	139.944883	5	0.294	-0.495	9.565	10.838
1425686172649	37.528195	139.944887	5	0.292	-0.521	9.437	10.716
1425686172749	37.528186	139.944891	5	0.297	-0.663	9.405	10.596
1425686172850	37.528178	139.944895	8	0.288	-0.917	9.652	10.484
1425686172946	37.528172	139.944900	8	0.295	-1.147	10.155	10.410
1425686173046	37.528166	139.944905	8	0.218	-1.267	10.168	10.333
1425686173147	37.528160	139.944910	8	0.180	-1.275	9.711	10.256
1425686173248	37.528154	139.944915	8	0.198	-1.182	9.121	10.180
1425686173348	37.528148	139.944920	8	0.208	-1.176	9.058	10.105
1425686173449	37.528142	139.944925	8	0.256	-1.207	9.429	10.029
1425686173550	37.528136	139.944930	8	0.293	-1.315	9.936	9.954
1425686173646	37.528131	139.944935	8	0.248	-1.396	10.031	9.884
1425686173746	37.528125	139.944940	8	0.209	-1.395	9.944	9.811
1425686173847	37.528119	139.944944	8	0.170	-1.336	9.756	9.732
1425686173948	37.528111	139.944946	8	0.112	-1.330	9.515	9.626
1425686174048	37.528103	139.944948	8	0.078	-1.289	9.378	9.523
1425686174149	37.528096	139.944950	8	0.087	-1.326	9.504	9.419
1425686174250	37.528088	139.944952	8	0.095	-1.390	9.790	9.317
1425686174351	37.528080	139.944954	8	0.114	-1.372	9.939	9.216
1425686174446	37.528073	139.944955	8	0.078	-1.333	9.575	9.121
1425686174547	37.528066	139.944957	8	0.095	-1.276	9.377	9.022
1425686174648	37.528059	139.944959	8	0.100	-1.281	9.550	8.924
1425686174748	37.528052	139.944961	8	0.164	-1.289	9.804	8.828
1425686174849	37.528045	139.944963	5	0.199	-1.331	9.782	8.735
1425686174950	37.528037	139.944966	5	0.240	-1.315	9.565	8.656
1425686175050	37.528030	139.944970	5	0.219	-1.293	9.532	8.579
1425686175146	37.528024	139.944973	5	0.208	-1.285	9.565	8.506
1425686175247	37.528016	139.944977	5	0.151	-1.284	9.617	8.429
1425686175348	37.528009	139.944981	5	0.137	-1.283	9.650	8.353
1425686175448	37.528003	139.944984	5	0.147	-1.259	9.549	8.279
1425686175549	37.527996	139.944987	5	0.097	-1.326	9.487	8.204
1425686175650	37.527989	139.944991	5	0.062	-1.273	9.505	8.130
1425686175750	37.527982	139.944994	5	0.091	-1.251	9.556	8.058
1425686175846	37.527976	139.944997	6	0.106	-1.306	9.747	7.969
1425686175947	37.527972	139.944999	6	0.095	-1.447	9.848	7.773
1425686176047	37.527968	139.945001	6	0.069	-1.665	9.718	7.584
1425686176148	37.527964	139.945003	6	0.068	-1.897	9.633	7.397
1425686176249	37.527960	139.945005	6	0.079	-2.040	9.734	7.214
1425686176350	37.527956	139.945006	6	0.002	-2.116	9.761	7.036
1425686176450	37.527952	139.945008	6	-0.064	-2.137	9.689	6.864
1425686176546	37.527949	139.945010	6	-0.033	-2.149	9.660	6.703
1425686176647	37.527945	139.945011	6	0.005	-2.151	9.633	6.538
1425686176747	37.527942	139.945013	6	0.055	-2.188	9.570	6.379
1425686176848	37.527938	139.945014	6	0.084	-2.212	9.752	6.219
1425686176949	37.527934	139.945015	6	0.088	-2.196	9.693	6.050
1425686177050	37.527929	139.945016	6	0.082	-2.185	9.587	5.885
1425686177150	37.527925	139.945017	6	0.127	-2.193	9.625	5.725
1425686177246	37.527921	139.945018	6	0.156	-2.175	9.572	5.576
1425686177347	37.527917	139.945019	6	0.133	-2.176	9.526	5.423
1425686177447	37.527913	139.945020	6	0.110	-2.177	9.669	5.276
1425686177548	37.527909	139.945021	6	0.074	-2.194	9.709	5.132
1425686177649	37.527905	139.945022	6	0.102	-2.183	9.606	4.991
1425686177749	37.527902	139.945022	6	0.136	-2.202	9.594	4.856
1425686177850	37.527899	139.945023	5	0.145	-2.244	9.670	4.683
1425686177946	37.527899	139.945023	5	0.132	-2.264	9.649	4.368
1425686178047	37.527898	139.945023	5	0.095	-2.294	9.629	4.056
1425686178147	37.527898	139.945023	5	0.090	-2.298	9.601	3.764
1425686178248	37.527897	139.945023	5	0.079	-2.316	9.573	3.488
1425686178349	37.527897	139.945023	5	0.091	-2.377	9.648	3.230
1425686178449	37.527897	139.945023	5	0.094	-2.436	9.731	2.992
1425686178550	37.527897	139.945023	5	0.083	-2.443	9.737	2.770
1425686178646	37.527896	139.945023	5	0.076	-2.097	9.904	2.576
1425686178746	37.527896	139.945023	5	0.086	-1.268	10.229	2.391
1425686178847	37.527896	139.945023	5	0.096	-0.588	9.949	2.174
1425686178948	37.527894	139.945022	5	0.110	-0.157	9.408	1.750
1425686179049	37.527893	139.945022	5	0.122	0.045	9.151	1.372
1425686179149	37.527892	139.945021	5	0.119	0.061	9.394	1.043
1425686179250	37.527891	139.945021	5	0.081	0.027	9.806	0.757
1425686179346	37.527890	139.945021	5	0.045	0.045	9.967	0.527
1425686179446	37.527889	139.945020	5	0.030	0.126	9.729	0.332
1425686179547	37.527889	139.945020	5	0.033	0.167	9.485	0.180
1425686179648	37.527888	139.945020	5	0.082	0.160	9.511	0.075
1425686179748	37.527888	139.945020	5	0.118	0.140	9.709	0.015
1425686254544	37.526037	139.945699	5	0.093	0.053	9.730	12.250
1425686256548	37.525826	139.945719	4	0.089	0.056	9.725	12.000
1425686274545	37.523784	139.945280	4	0.084	0.062	9.718	13.321
1425686279545	37.523244	139.945016	4	0.080	0.069	9.710	13.321
1425686279550	37.523244	139.945015	4	0.078	0.077	9.704	13.320
1425686279646	37.523233	139.945010	4	0.061	0.150	9.544	13.296
1425686279747	37.523222	139.945005	4	0.072	0.204	9.541	13.271
1425686279847	37.523211	139.944999	4	0.084	0.156	9.670	13.250
1425686279948	37.523199	139.944993	4	0.069	0.096	9.722	13.250
1425686280049	37.523187	139.944988	4	0.073	0.038	9.692	13.250
1425686280150	37.523176	139.944982	4	0.084	0.005	9.544	13.250
1425686280251	37.523164	139.944976	4	0.088	-0.068	9.673	13.250
1425686280346	37.523153	139.944971	4	0.140	-0.204	9.809	13.250
1425686280446	37.523141	139.944965	4	0.166	-0.207	9.815	13.250
1425686280547	37.523129	139.944959	4	0.182	-0.207	9.776	13.250
1425686280648	37.523117	139.944953	4	0.176	-0.191	9.540	13.250
1425686280749	37.523105	139.944948	4	0.186	-0.207	9.480	13.250
1425686280849	37.523094	139.944942	4	0.172	-0.220	9.742	13.250
1425686280950	37.523082	139.944936	4	0.126	-0.196	9.362	13.250
1425686281046	37.523071	139.944930	4	0.071	-0.167	9.061	13.250
1425686281146	37.523059	139.944924	4	0.046	-0.267	9.663	13.250
1425686281247	37.523047	139.944918	4	0.044	-0.329	10.152	13.250
1425686281348	37.523035	139.944912	4	0.044	-0.354	10.259	13.250
1425686281448	37.523023	139.944907	4	0.033	-0.243	9.921	13.250
1425686281549	37.523011	139.944901	4	0.038	-0.105	9.432	13.250
1425686284545	37.522681	139.944749	5	0.041	-0.097	9.404	12.750
1425686286544	37.522470	139.944649	5	0.044	-0.088	9.380	12.641
1425686286549	37.522470	139.944649	5	0.047	-0.081	9.363	12.639
1425686286650	37.522459	139.944644	5	0.010	-0.132	9.471	12.589
1425686286746	37.522450	139.944640	5	-0.033	-0.159	9.474	12.541
1425686286846	37.522439	139.944635	5	-0.029	-0.183	9.428	12.504
1425686286947	37.522428	139.944632	5	-0.007	-0.208	9.604	12.529
1425686287048	37.522417	139.944628	5	0.020	-0.228	9.725	12.554
1425686287149	37.522406	139.944625	5	0.038	-0.228	9.663	12.579
1425686287249	37.522395	139.944621	5	0.040	-0.229	9.574	12.604
1425686287350	37.522384	139.944617	5	0.045	-0.221	9.690	12.629
1425686287446	37.522373	139.944614	5	0.042	-0.233	9.635	12.653
1425686287546	37.522362	139.944610	5	0.054	-0.244	9.673	12.678
1425686287647	37.522350	139.944607	5	0.107	-0.243	9.752	12.704
1425686287748	37.522339	139.944603	5	0.122	-0.246	9.782	12.729
1425686287849	37.522328	139.944599	6	0.165	-0.241	9.723	12.745
1425686287949	37.522319	139.944594	6	0.185	-0.222	9.631	12.720
1425686288050	37.522309	139.944589	6	0.213	-0.211	9.623	12.695
1425686288146	37.522300	139.944585	6	0.270	-0.212	9.515	12.670
1425686288246	37.522291	139.944580	6	0.305	-0.215	9.547	12.645
1425686288347	37.522281	139.944575	6	0.320	-0.259	9.757	12.620
1425686288448	37.522272	139.944570	6	0.305	-0.303	10.025	12.595
1425686288548	37.522262	139.944565	6	0.258	-0.294	9.994	12.570
1425686288649	37.522253	139.944561	6	0.285	-0.264	9.851	12.545
1425686288750	37.522243	139.944556	6	0.304	-0.202	9.562	12.520
1425686288850	37.522234	139.944551	7	0.309	-0.195	9.418	12.495
1425686288946	37.522222	139.944547	7	0.286	-0.234	9.679	12.471
1425686289047	37.522211	139.944543	7	0.257	-0.284	9.851	12.445
1425686289148	37.522199	139.944539	7	0.187	-0.259	9.787	12.420
1425686289248	37.522187	139.944535	7	0.129	-0.272	9.786	12.395
1425686289349	37.522176	139.944531	7	0.072	-0.226	9.631	12.370
1425686289450	37.522164	139.944526	7	0.012	-0.239	9.628	12.344
1425686289550	37.522152	139.944522	7	0.005	-0.232	9.753	12.319
1425686289646	37.522141	139.944518	7	-0.025	-0.247	9.904	12.296
1425686289747	37.522130	139.944514	7	-0.033	-0.198	9.665	12.271
1425686289848	37.522118	139.944510	8	-0.040	-0.187	9.609	12.241
1425686289948	37.522106	139.944504	8	-0.040	-0.174	9.639	12.190
1425686290049	37.522094	139.944499	8	-0.018	-0.196	9.566	12.139
1425686290150	37.522083	139.944493	8	-0.025	-0.256	9.744	12.088
1425686290250	37.522071	139.944487	8	-0.041	-0.226	9.809	12.037
1425686290346	37.522060	139.944482	8	-0.058	-0.187	9.429	11.989
1425686290447	37.522048	139.944476	8	-0.063	-0.261	9.251	11.939
1425686290547	37.522037	139.944471	8	-0.044	-0.423	9.289	11.889
1425686290648	37.522026	139.944465	8	-0.049	-0.674	9.492	11.839
1425686290749	37.522014	139.944459	8	-0.044	-0.892	9.792	11.790
1425686290850	37.522003	139.944454	8	-0.075	-0.981	9.911	11.755
1425686290950	37.521991	139.944449	8	-0.074	-0.980	9.826	11.780
1425686291046	37.521980	139.944444	8	-0.110	-0.949	9.476	11.804
1425686291147	37.521968	139.944439	8	-0.115	-0.945	9.400	11.829
1425686291247	37.521957	139.944434	8	-0.115	-1.003	9.714	11.854
1425686291348	37.521945	139.944429	8	-0.155	-1.039	9.962	11.879
1425686291449	37.521933	139.944424	8	-0.198	-1.028	9.823	11.904
1425686291549	37.521922	139.944419	8	-0.224	-0.943	9.500	11.929
1425686291650	37.521910	139.944414	8	-0.243	-0.912	9.371	11.955
1425686291746	37.521899	139.944409	8	-0.242	-0.910	9.410	11.979
1425686291847	37.521887	139.944404	8	-0.229	-0.926	9.603	11.987
1425686291947	37.521878	139.944400	8	-0.262	-0.935	9.782	11.910
1425686292048	37.521868	139.944395	8	-0.288	-0.909	9.791	11.832
1425686292149	37.521858	139.944390	8	-0.289	-0.896	9.580	11.755
1425686292249	37.521849	139.944386	8	-0.278	-0.909	9.632	11.680
1425686292350	37.521839	139.944381	8	-0.244	-0.907	9.762	11.604
1425686292446	37.521830	139.944377	8	-0.229	-0.880	9.537	11.532
1425686292546	37.521821	139.944372	8	-0.257	-0.890	9.596	11.458
1425686292647	37.521812	139.944368	8	-0.270	-0.887	9.828	11.384
1425686292748	37.521802	139.944364	8	-0.267	-0.865	9.811	11.310
1425686292849	37.521794	139.944359	7	-0.252	-0.853	9.565	11.220
1425686292949	37.521786	139.944356	7	-0.271	-0.875	9.641	11.060
1425686293050	37.521779	139.944353	7	-0.298	-0.875	9.582	10.902
1425686293146	37.521772	139.944350	7	-0.305	-0.866	9.504	10.753
1425686293246	37.521765	139.944347	7	-0.278	-0.892	9.608	10.600
1425686293347	37.521758	139.944343	7	-0.294	-0.907	9.662	10.448
1425686293448	37.521751	139.944340	7	-0.285	-0.894	9.498	10.298
1425686293549	37.521744	139.944337	7	-0.274	-0.883	9.565	10.150
1425686293649	37.521737	139.944334	7	-0.252	-0.914	9.760	10.006
1425686293750	37.521730	139.944331	7	-0.220	-0.892	9.711	9.862
1425686293846	37.521724	139.944329	9	-0.249	-0.880	9.586	9.733
1425686293946	37.521718	139.944329	9	-0.290	-0.867	9.662	9.628
1425686294047	37.521711	139.944330	9	-0.291	-0.893	9.595	9.524
1425686294148	37.521705	139.944330	9	-0.287	-0.879	9.493	9.420
1425686294248	37.521699	139.944330	9	-0.299	-0.949	9.680	9.319
1425686294349	37.521693	139.944331	9	-0.318	-1.043	9.785	9.218
1425686294450	37.521687	139.944331	9	-0.337	-1.046	9.638	9.117
1425686294546	37.521681	139.944331	9	-0.387	-1.043	9.658	9.023
1425686294646	37.521676	139.944331	9	-0.424	-0.992	9.873	8.926
1425686294747	37.521670	139.944332	9	-0.422	-0.845	9.745	8.829
1425686294848	37.521664	139.944332	9	-0.495	-0.683	9.515	8.750
1425686294948	37.521656	139.944331	9	-0.533	-0.564	9.581	8.750
1425686295049	37.521649	139.944330	9	-0.517	-0.455	9.621	8.750
1425686295150	37.521641	139.944328	9	-0.482	-0.418	9.592	8.750
1425686295251	37.521634	139.944327	9	-0.474	-0.431	9.589	8.750
1425686295346	37.521627	139.944326	9	-0.480	-0.469	9.712	8.750
1425686295447	37.521619	139.944325	9	-0.501	-0.540	9.638	8.750
1425686295548	37.521612	139.944324	9	-0.478	-0.613	9.466	8.750
1425686295648	37.521604	139.944323	9	-0.443	-0.726	9.626	8.750
1425686295749	37.521597	139.944322	9	-0.425	-0.813	9.831	8.750
1425686295850	37.521590	139.944320	7	-0.405	-0.915	9.625	8.705
1425686295950	37.521585	139.944316	7	-0.396	-1.048	9.553	8.483
1425686296051	37.521580	139.944312	7	-0.383	-1.158	9.651	8.264
1425686296147	37.521575	139.944308	7	-0.406	-1.276	9.710	8.060
1425686296246	37.521570	139.944304	7	-0.420	-1.347	9.670	7.855
1425686296348	37.521565	139.944301	7	-0.394	-1.415	9.612	7.650
1425686296447	37.521561	139.944297	7	-0.365	-1.454	9.667	7.455
1425686296550	37.521556	139.944293	7	-0.359	-1.510	9.800	7.258
1425686296649	37.521552	139.944290	7	-0.337	-1.503	9.657	7.074
1425686296746	37.521547	139.944287	7	-0.295	-1.498	9.532	6.898
1425686296847	37.521543	139.944283	6	-0.273	-1.498	9.627	6.721
1425686296947	37.521539	139.944280	6	-0.306	-1.530	9.696	6.555
1425686297048	37.521535	139.944277	6	-0.283	-1.580	9.717	6.391
1425686297149	37.521530	139.944274	6	-0.261	-1.549	9.636	6.231
1425686297250	37.521526	139.944270	6	-0.239	-1.503	9.519	6.074
1425686297350	37.521523	139.944267	6	-0.222	-1.417	9.545	5.923
1425686297446	37.521519	139.944265	6	-0.218	-1.230	9.792	5.782
1425686297547	37.521515	139.944262	6	-0.270	-1.092	9.924	5.636
1425686297647	37.521511	139.944259	6	-0.291	-0.971	9.726	5.496
1425686297748	37.521508	139.944256	6	-0.309	-0.850	9.423	5.359
1425686297849	37.521504	139.944254	5	-0.298	-0.800	9.446	5.229
1425686297950	37.521501	139.944252	5	-0.288	-0.843	9.737	5.119
1425686298050	37.521498	139.944250	5	-0.278	-0.859	9.726	5.012
1425686298146	37.521496	139.944248	5	-0.284	-0.849	9.657	4.911
1425686298247	37.521493	139.944246	5	-0.350	-0.910	9.601	4.807
1425686298347	37.521490	139.944244	5	-0.336	-0.976	9.599	4.707
1425686298448	37.521487	139.944242	5	-0.342	-1.005	9.503	4.607
1425686298549	37.521484	139.944241	5	-0.367	-1.071	9.622	4.510
1425686298649	37.521482	139.944239	5	-0.354	-1.087	9.568	4.415
1425686298750	37.521479	139.944237	5	-0.426	-1.128	9.537	4.322
1425686298846	37.521477	139.944236	5	-0.496	-1.153	9.734	4.227
1425686298946	37.521475	139.944234	5	-0.564	-1.206	9.854	4.083
1425686299047	37.521473	139.944232	5	-0.574	-1.267	9.706	3.942
1425686299148	37.521471	139.944230	5	-0.537	-1.265	9.622	3.806
1425686299249	37.521469	139.944229	5	-0.475	-1.233	9.600	3.674
1425686299349	37.521467	139.944227	5	-0.449	-1.251	9.584	3.547
1425686299450	37.521465	139.944225	5	-0.440	-1.321	9.693	3.424
1425686299546	37.521463	139.944224	5	-0.444	-1.345	9.767	3.311
1425686299646	37.521462	139.944223	5	-0.467	-1.344	9.638	3.198
1425686299747	37.521460	139.944221	5	-0.481	-1.342	9.550	3.087
1425686299848	37.521459	139.944220	5	-0.462	-1.382	9.672	2.978
1425686299949	37.521457	139.944219	5	-0.436	-1.401	9.681	2.860
1425686300049	37.521456	139.944219	5	-0.404	-1.385	9.483	2.747
1425686300150	37.521455	139.944219	5	-0.357	-1.393	9.554	2.636
1425686300246	37.521453	139.944218	5	-0.359	-1.393	9.693	2.535
1425686300346	37.521452	139.944218	5	-0.364	-1.397	9.600	2.434
1425686300447	37.521451	139.944217	5	-0.407	-1.292	9.584	2.336
1425686300548	37.521450	139.944217	5	-0.449	-1.112	9.719	2.242
1425686300649	37.521449	139.944217	5	-0.459	-0.969	9.657	2.151
1425686300749	37.521448	139.944216	5	-0.453	-0.901	9.510	2.066
1425686300850	37.521447	139.944216	5	-0.438	-0.978	9.506	1.964
1425686300946	37.521447	139.944216	5	-0.430	-1.150	9.575	1.797
1425686301046	37.521447	139.944215	5	-0.407	-1.238	9.724	1.634
1425686301147	37.521447	139.944215	5	-0.394	-1.231	9.794	1.481
1425686301248	37.521448	139.944215	5	-0.393	-1.007	9.799	1.339
1425686301348	37.521448	139.944215	5	-0.434	-0.618	9.771	1.211
1425686301449	37.521448	139.944215	5	-0.449	-0.292	9.597	1.092
1425686301550	37.521448	139.944214	5	-0.411	-0.078	9.426	0.985
1425686301650	37.521448	139.944214	5	-0.380	-0.002	9.423	0.891
1425686301746	37.521448	139.944214	5	-0.368	-0.004	9.623	0.811
1425686301847	37.521448	139.944214	4	-0.399	-0.169	9.639	0.725
1425686301948	37.521449	139.944214	4	-0.446	-0.878	9.241	0.583
1425686302048	37.521449	139.944214	4	-0.438	-1.103	9.616	0.459
1425686302149	37.521450	139.944214	4	-0.409	-0.605	10.335	0.348
1425686302250	37.521450	139.944214	4	-0.382	-0.144	10.268	0.252
1425686302350	37.521450	139.944214	4	-0.398	0.046	9.562	0.173
1425686302446	37.521451	139.944214	4	-0.412	0.182	9.157	0.111
1425686302547	37.521451	139.944214	4	-0.417	0.248	9.246	0.060
1425686302647	37.521451	139.944214	4	-0.415	0.196	9.646	0.025
1425686302748	37.521451	139.944214	4	-0.423	0.071	9.882	0.005
1425686343545	37.521414	139.944205	5	-0.407	0.069	9.647	0.041
1425686383546	37.519182	139.942353	6	-0.405	0.077	9.640	12.750
1425686383647	37.519174	139.942342	6	-0.296	-0.041	9.598	12.750
1425686383748	37.519166	139.942332	6	-0.206	-0.109	9.430	12.750
1425686383848	37.519158	139.942321	10	-0.141	-0.125	9.440	12.741
1425686383949	37.519154	139.942309	10	-0.109	-0.188	9.606	12.689
1425686384050	37.519149	139.942297	10	-0.128	-0.207	9.631	12.638
1425686384146	37.519145	139.942286	10	-0.157	-0.231	9.691	12.590
1425686384246	37.519140	139.942274	10	-0.161	-0.179	9.577	12.540
1425686384347	37.519136	139.942262	10	-0.120	-0.201	9.463	12.489
1425686384448	37.519132	139.942251	10	-0.115	-0.211	9.515	12.439
1425686384548	37.519127	139.942239	10	-0.120	-0.191	9.569	12.389
1425686384649	37.519123	139.942228	10	-0.056	-0.199	9.683	12.339
1425686384750	37.519118	139.942216	10	-0.006	-0.213	9.692	12.289
1425686384850	37.519114	139.942205	10	0.040	-0.240	9.821	12.245
1425686384946	37.519107	139.942194	10	0.034	-0.252	9.938	12.221
1425686385047	37.519101	139.942183	10	0.114	-0.262	10.013	12.195
1425686385148	37.519094	139.942172	10	0.174	-0.232	9.885	12.170
1425686385248	37.519088	139.942161	10	0.152	-0.217	9.661	12.145
1425686385349	37.519081	139.942150	10	0.143	-0.184	9.545	12.120
1425686385450	37.519075	139.942139	10	0.170	-0.170	9.456	12.094
1425686385550	37.519068	139.942128	10	0.178	-0.192	9.548	12.069
1425686385646	37.519062	139.942118	10	0.109	-0.196	9.650	12.046
1425686385747	37.519055	139.942107	10	0.068	-0.241	9.795	12.021
1425686385847	37.519049	139.942096	6	0.059	-0.235	9.755	11.996
1425686385948	37.519042	139.942086	6	-0.026	-0.250	9.725	11.970
1425686386049	37.519035	139.942076	6	-0.107	-0.206	9.600	11.944
1425686386150	37.519028	139.942066	6	-0.149	-0.175	9.474	11.919
1425686386250	37.519021	139.942056	6	-0.105	-0.215	9.664	11.893
1425686386346	37.519014	139.942047	6	-0.114	-0.229	9.754	11.869
1425686386447	37.519007	139.942037	6	-0.105	-0.202	9.648	11.843
1425686386547	37.519000	139.942027	6	-0.107	-0.168	9.592	11.818
1425686386648	37.518993	139.942017	6	-0.134	-0.163	9.586	11.793
1425686386749	37.518986	139.942007	6	-0.130	-0.210	9.797	11.768
1425686386849	37.518979	139.941998	6	-0.152	-0.218	9.814	11.743
1425686386950	37.518973	139.941988	6	-0.149	-0.214	9.725	11.717
1425686387046	37.518966	139.941978	6	-0.161	-0.151	9.475	11.693
1425686387147	37.518959	139.941969	6	-0.167	-0.149	9.346	11.668
1425686387247	37.518952	139.941959	6	-0.200	-0.184	9.444	11.644
1425686387348	37.518945	139.941949	6	-0.212	-0.241	9.722	11.619
1425686387449	37.518939	139.941940	6	-0.239	-0.258	9.787	11.594
1425686387549	37.518932	139.941930	6	-0.298	-0.229	9.788	11.569
1425686387650	37.518925	139.941920	6	-0.335	-0.264	9.818	11.544
1425686387746	37.518919	139.941911	6	-0.334	-0.210	9.778	11.521
1425686387847	37.518912	139.941901	6	-0.328	-0.196	9.614	11.500
1425686387947	37.518905	139.941892	6	-0.329	-0.133	9.508	11.500
1425686388048	37.518899	139.941882	6	-0.349	-0.141	9.490	11.500
1425686388149	37.518892	139.941872	6	-0.329	-0.205	9.605	11.500
1425686388249	37.518885	139.941862	6	-0.340	-0.214	9.794	11.500
1425686388350	37.518879	139.941853	6	-0.358	-0.214	9.774	11.500
1425686388446	37.518872	139.941843	6	-0.381	-0.225	9.671	11.500
1425686388546	37.518866	139.941834	6	-0.416	-0.184	9.541	11.500
1425686388647	37.518859	139.941824	6	-0.425	-0.185	9.581	11.500
1425686388748	37.518852	139.941814	6	-0.417	-0.196	9.739	11.500
1425686388849	37.518846	139.941804	6	-0.395	-0.213	9.768	11.475
1425686388949	37.518839	139.941795	6	-0.409	-0.180	9.669	11.344
1425686389050	37.518833	139.941786	6	-0.454	-0.177	9.576	11.213
1425686389146	37.518827	139.941778	6	-0.460	-0.193	9.467	11.089
1425686389246	37.518821	139.941769	6	-0.440	-0.192	9.573	10.963
1425686389347	37.518815	139.941760	6	-0.432	-0.214	9.779	10.836
1425686389448	37.518809	139.941752	6	-0.453	-0.224	10.044	10.711
1425686389548	37.518803	139.941743	6	-0.458	-0.143	9.848	10.588
1425686389649	37.518797	139.941735	6	-0.430	-0.104	9.593	10.466
1425686389750	37.518792	139.941727	6	-0.386	-0.072	9.499	10.345
1425686389846	37.518786	139.941719	7	-0.354	-0.055	9.466	10.250
1425686389946	37.518782	139.941711	7	-0.335	-0.069	9.577	10.250
1425686390047	37.518777	139.941702	7	-0.311	-0.053	9.631	10.250
1425686390148	37.518773	139.941694	7	-0.320	-0.075	9.529	10.250
1425686390248	37.518768	139.941686	7	-0.308	-0.060	9.386	10.250
1425686390349	37.518764	139.941678	7	-0.331	-0.069	9.463	10.250
1425686390450	37.518759	139.941670	7	-0.363	-0.111	9.643	10.250
1425686390551	37.518755	139.941662	7	-0.382	-0.209	9.629	10.250
1425686390646	37.518750	139.941654	7	-0.379	-0.323	9.556	10.250
1425686390747	37.518746	139.941646	7	-0.372	-0.389	9.679	10.250
1425686390848	37.518741	139.941637	7	-0.373	-0.516	9.866	10.245
1425686390948	37.518736	139.941629	7	-0.314	-0.605	10.073	10.220
1425686391049	37.518730	139.941620	7	-0.270	-0.634	9.964	10.195
1425686391150	37.518725	139.941611	7	-0.245	-0.579	9.739	10.169
1425686391250	37.518720	139.941603	7	-0.253	-0.526	9.521	10.144
1425686391346	37.518715	139.941594	7	-0.222	-0.525	9.365	10.120
1425686391447	37.518710	139.941586	7	-0.168	-0.577	9.449	10.095
1425686391547	37.518705	139.941577	7	-0.149	-0.640	9.728	10.070
1425686391648	37.518699	139.941568	7	-0.173	-0.642	9.847	10.045
1425686391749	37.518694	139.941560	7	-0.224	-0.647	9.535	10.020
1425686391850	37.518689	139.941551	6	-0.266	-0.602	9.401	9.995
1425686391950	37.518684	139.941544	6	-0.250	-0.568	9.420	9.970
1425686392046	37.518680	139.941536	6	-0.216	-0.603	9.543	9.945
1425686392147	37.518675	139.941528	6	-0.150	-0.599	9.587	9.920
1425686392247	37.518670	139.941521	6	-0.120	-0.573	9.552	9.895
1425686392348	37.518665	139.941513	6	-0.083	-0.543	9.509	9.870
1425686392449	37.518660	139.941505	6	-0.079	-0.576	9.616	9.845
1425686392550	37.518655	139.941497	6	-0.100	-0.617	9.784	9.819
1425686392650	37.518651	139.941490	6	-0.121	-0.618	9.899	9.795
1425686392746	37.518646	139.941482	6	-0.131	-0.587	9.868	9.771
1425686392847	37.518641	139.941475	6	-0.130	-0.500	9.560	9.732
1425686392947	37.518636	139.941467	6	-0.142	-0.487	9.352	9.627
1425686393048	37.518631	139.941459	6	-0.079	-0.547	9.536	9.523
1425686393149	37.518626	139.941451	6	-0.007	-0.601	9.736	9.419
1425686393249	37.518621	139.941443	6	-0.024	-0.638	9.792	9.318
1425686393350	37.518616	139.941435	6	-0.003	-0.587	9.748	9.217
1425686393446	37.518612	139.941428	6	0.021	-0.560	9.666	9.121
1425686393546	37.518607	139.941421	6	0.080	-0.583	9.735	9.023
1425686393647	37.518602	139.941413	6	0.139	-0.647	9.971	8.925
1425686393748	37.518598	139.941406	6	0.177	-0.670	9.887	8.828
1425686393849	37.518593	139.941399	5	0.135	-0.650	9.502	8.745
1425686393949	37.518588	139.941391	5	0.067	-0.651	9.331	8.720
1425686394050	37.518583	139.941384	5	0.027	-0.761	9.545	8.694
1425686394146	37.518578	139.941377	5	0.035	-0.849	9.845	8.670
1425686394246	37.518573	139.941369	5	0.018	-0.897	9.804	8.645
1425686394347	37.518567	139.941362	5	-0.017	-0.938	9.811	8.620
1425686394448	37.518562	139.941355	5	-0.058	-0.923	9.800	8.595
1425686394549	37.518557	139.941347	5	-0.092	-0.887	9.492	8.570
1425686394649	37.518552	139.941340	5	-0.083	-0.885	9.260	8.545
1425686394750	37.518547	139.941333	5	-0.022	-0.896	9.289	8.520
1425686394846	37.518543	139.941326	6	-0.008	-0.977	9.679	8.478
1425686394946	37.518539	139.941320	6	0.003	-1.037	9.895	8.345
1425686395047	37.518536	139.941315	6	-0.016	-1.078	9.872	8.212
1425686395148	37.518533	139.941309	6	-0.029	-1.059	9.631	8.081
1425686395249	37.518530	139.941303	6	-0.088	-1.025	9.467	7.952
1425686395349	37.518527	139.941298	6	-0.092	-1.024	9.431	7.826
1425686395450	37.518524	139.941293	6	-0.096	-1.040	9.346	7.702
1425686395551	37.518522	139.941287	6	-0.041	-1.025	9.303	7.579
1425686395646	37.518519	139.941282	6	-0.005	-1.101	9.475	7.465
1425686395752	37.518516	139.941277	6	0.023	-1.161	9.672	7.340
1425686395848	37.518514	139.941272	6	0.059	-1.191	9.810	7.231
1425686395947	37.518511	139.941266	6	0.086	-1.228	9.992	7.125
1425686396049	37.518508	139.941260	6	0.017	-1.278	10.066	7.018
1425686396148	37.518506	139.941254	6	-0.050	-1.260	9.748	6.916
1425686396251	37.518503	139.941248	6	-0.065	-1.217	9.569	6.811
1425686396346	37.518501	139.941242	6	-0.063	-1.155	9.517	6.716
1425686396447	37.518498	139.941236	6	-0.066	-1.134	9.508	6.615
1425686396548	37.518496	139.941230	6	-0.091	-0.868	9.744	6.517
1425686396648	37.518493	139.941225	6	-0.025	-0.547	9.947	6.421
1425686396749	37.518491	139.941219	6	0.040	-0.306	9.651	6.325
1425686396850	37.518488	139.941214	5	0.079	-0.324	9.340	6.228
1425686396950	37.518486	139.941208	5	0.031	-0.668	9.211	6.121
1425686397046	37.518483	139.941202	5	-0.087	-1.129	9.404	6.019
1425686397147	37.518481	139.941196	5	-0.159	-1.502	9.914	5.914
1425686397248	37.518478	139.941190	5	-0.248	-1.633	10.202	5.811
1425686397348	37.518476	139.941185	5	-0.342	-1.527	10.041	5.710
1425686397449	37.518473	139.941179	5	-0.319	-1.328	9.692	5.610
1425686397550	37.518471	139.941174	5	-0.273	-1.174	9.380	5.512
1425686397650	37.518468	139.941168	5	-0.212	-1.128	9.358	5.417
1425686397746	37.518466	139.941163	5	-0.158	-1.166	9.632	5.327
1425686397847	37.518463	139.941158	8	-0.127	-1.213	10.056	5.226
1425686397947	37.518460	139.941154	8	-0.185	-1.177	9.940	5.085
1425686398048	37.518457	139.941150	8	-0.256	-1.129	9.614	4.945
1425686398149	37.518454	139.941146	8	-0.253	-1.056	9.508	4.809
1425686398250	37.518451	139.941142	8	-0.261	-1.079	9.591	4.676
1425686398350	37.518448	139.941138	8	-0.252	-1.084	9.677	4.547
1425686398446	37.518445	139.941134	8	-0.261	-1.121	9.692	4.426
1425686398547	37.518442	139.941131	8	-0.242	-1.145	9.792	4.302
1425686398647	37.518439	139.941127	8	-0.274	-1.215	9.696	4.183
1425686398748	37.518437	139.941124	8	-0.315	-1.329	9.683	4.065
1425686398849	37.518434	139.941120	8	-0.277	-1.442	9.650	3.950
1425686398950	37.518431	139.941117	8	-0.238	-1.543	9.632	3.839
1425686399050	37.518429	139.941114	8	-0.201	-1.611	9.666	3.732
1425686399146	37.518427	139.941111	8	-0.207	-1.647	9.650	3.631
1425686399247	37.518424	139.941108	8	-0.230	-1.683	9.557	3.529
1425686399347	37.518422	139.941105	8	-0.211	-1.723	9.548	3.431
1425686399448	37.518420	139.941102	8	-0.212	-1.779	9.665	3.335
1425686399549	37.518418	139.941099	8	-0.200	-1.782	9.709	3.242
1425686399649	37.518416	139.941097	8	-0.213	-1.791	9.537	3.153
1425686399750	37.518414	139.941094	8	-0.234	-1.795	9.496	3.066
1425686399846	37.518412	139.941092	8	-0.237	-1.827	9.573	2.961
1425686399947	37.518410	139.941089	8	-0.212	-1.855	9.651	2.721
1425686400047	37.518408	139.941087	8	-0.188	-1.840	9.667	2.498
1425686400148	37.518407	139.941084	8	-0.219	-1.835	9.572	2.287
1425686400249	37.518405	139.941082	8	-0.212	-1.855	9.509	2.091
1425686400349	37.518404	139.941080	8	-0.209	-1.877	9.641	1.912
1425686400450	37.518403	139.941078	8	-0.195	-1.893	9.769	1.745
1425686400546	37.518402	139.941077	8	-0.224	-1.902	9.759	1.600
1425686400646	37.518401	139.941075	8	-0.255	-1.524	9.875	1.464
1425686400747	37.518400	139.941074	8	-0.248	-0.807	10.066	1.340
1425686400848	37.518399	139.941073	4	-0.231	-0.291	9.775	1.205
1425686400949	37.518398	139.941073	4	-0.197	-0.026	9.315	0.970
1425686401049	37.518397	139.941073	4	-0.169	0.090	9.231	0.762
1425686401150	37.518396	139.941074	4	-0.129	0.105	9.560	0.578
1425686401246	37.518396	139.941074	4	-0.145	0.060	9.869	0.426
1425686401346	37.518395	139.941074	4	-0.157	0.072	9.887	0.293
1425686401447	37.518395	139.941074	4	-0.152	0.193	9.686	0.183
1425686401548	37.518394	139.941074	4	-0.184	0.243	9.451	0.099
1425686401649	37.518394	139.941074	4	-0.183	0.288	9.502	0.041
1425686401749	37.518394	139.941074	4	-0.168	0.318	9.666	0.008
1425686402948	37.518389	139.941075	3	-0.139	0.033	9.627	0.003
1425686403048	37.518389	139.941075	3	-0.154	0.042	9.632	0.012
1425686403149	37.518389	139.941075	3	-0.174	0.031	9.683	0.025
1425686403250	37.518389	139.941075	3	-0.192	0.003	9.676	0.044
1425686403350	37.518389	139.941074	3	-0.178	0.012	9.649	0.068
1425686403446	37.518389	139.941074	3	-0.162	0.025	9.638	0.095
1425686403547	37.518388	139.941074	3	-0.149	0.023	9.639	0.129
1425686403648	37.518388	139.941074	3	-0.141	0.021	9.681	0.167
1425686403748	37.518388	139.941073	3	-0.146	0.018	9.683	0.211
1425686403849	37.518388	139.941073	3	-0.161	0.028	9.661	0.250
1425686403950	37.518388	139.941072	3	-0.175	0.010	9.637	0.250
1425686404050	37.518387	139.941072	3	-0.171	0.003	9.636	0.250
1425686404146	37.518387	139.941071	3	-0.175	-0.103	9.566	0.250
1425686404247	37.518387	139.941071	3	-0.146	-0.392	9.500	0.250
1425686404348	37.518386	139.941070	3	-0.135	-0.738	9.559	0.250
1425686404448	37.518386	139.941070	3	-0.173	-0.990	9.748	0.250
1425686404549	37.518386	139.941069	3	-0.190	-1.064	9.915	0.250
1425686404650	37.518386	139.941069	3	-0.179	-0.718	10.012	0.250
1425686404750	37.518385	139.941068	3	-0.157	-0.271	9.865	0.250
1425686404846	37.518385	139.941068	3	-0.144	0.024	9.482	0.242
1425686404947	37.518382	139.941067	3	-0.142	0.170	9.262	0.195
1425686405047	37.518380	139.941066	3	-0.145	0.176	9.465	0.153
1425686405148	37.518379	139.941065	3	-0.160	0.129	9.792	0.116
1425686405249	37.518377	139.941064	3	-0.174	0.080	9.820	0.084
1425686405349	37.518376	139.941063	3	-0.186	0.056	9.646	0.058
1425686405450	37.518375	139.941063	3	-0.174	0.062	9.555	0.036
1425686405546	37.518374	139.941062	3	-0.157	0.037	9.608	0.020
1425686405647	37.518373	139.941062	3	-0.146	-0.004	9.752	0.008
1425686405747	37.518373	139.941062	3	-0.143	-0.002	9.736	0.002
1425686495544	37.513823	139.942291	6	-0.177	0.009	9.612	10.141
1425686495549	37.513822	139.942291	6	-0.171	0.010	9.613	10.138
1425686495648	37.513814	139.942291	6	-0.047	-0.076	9.741	10.089
1425686495750	37.513806	139.942292	6	-0.031	-0.143	9.854	10.039
1425686495846	37.513798	139.942292	6	-0.060	-0.146	9.744	9.992
1425686495946	37.513789	139.942293	6	-0.035	-0.182	9.685	9.941
1425686496047	37.513781	139.942293	6	0.008	-0.176	9.540	9.889
1425686496148	37.513773	139.942294	6	0.002	-0.158	9.574	9.838
1425686496249	37.513765	139.942295	6	0.002	-0.149	9.749	9.787
1425686496349	37.513756	139.942295	6	0.001	-0.137	9.747	9.737
1425686496450	37.513748	139.942296	6	0.004	-0.167	9.819	9.687
1425686496546	37.513741	139.942296	6	0.054	-0.152	9.761	9.639
1425686496646	37.513733	139.942297	6	0.066	-0.148	9.680	9.590
1425686496747	37.513725	139.942298	6	0.061	-0.124	9.538	9.541
1425686496848	37.513716	139.942298	6	0.060	-0.141	9.737	9.495
1425686496949	37.513708	139.942298	6	0.046	-0.169	9.819	9.470
1425686497049	37.513699	139.942299	6	0.063	-0.142	9.706	9.445
1425686497150	37.513691	139.942299	6	0.085	-0.129	9.741	9.419
1425686497246	37.513683	139.942299	6	0.038	-0.120	9.679	9.395
1425686497346	37.513674	139.942300	6	-0.032	-0.144	9.569	9.370
1425686497447	37.513666	139.942300	6	-0.062	-0.197	9.649	9.345
1425686497548	37.513657	139.942300	6	-0.096	-0.204	9.736	9.320
1425686497648	37.513649	139.942300	6	-0.083	-0.192	9.701	9.295
1425686497749	37.513641	139.942301	6	-0.051	-0.159	9.668	9.270
1425686497850	37.513632	139.942301	6	-0.029	-0.175	9.623	9.245
1425686497946	37.513624	139.942301	6	-0.055	-0.210	9.681	9.221
1425686498046	37.513615	139.942301	6	-0.068	-0.163	9.509	9.195
1425686498147	37.513607	139.942301	6	-0.087	-0.096	9.248	9.170
1425686498248	37.513598	139.942301	6	-0.074	-0.090	9.167	9.145
1425686498348	37.513590	139.942301	6	-0.027	-0.160	9.502	9.120
1425686498449	37.513581	139.942301	6	0.042	-0.219	9.962	9.094
1425686498550	37.513573	139.942301	6	0.041	-0.286	9.964	9.069
1425686498650	37.513564	139.942301	6	0.083	-0.251	9.973	9.044
1425686498746	37.513556	139.942301	6	0.107	-0.194	9.854	9.021
1425686498847	37.513548	139.942301	8	0.086	-0.128	9.547	8.982
1425686498948	37.513543	139.942300	8	0.136	-0.109	9.352	8.876
1425686499049	37.513537	139.942300	8	0.164	-0.144	9.575	8.771
1425686499149	37.513532	139.942299	8	0.172	-0.174	9.825	8.668
1425686499250	37.513527	139.942298	8	0.146	-0.180	9.741	8.566
1425686499350	37.513522	139.942298	8	0.173	-0.165	9.627	8.465
1425686499446	37.513517	139.942297	8	0.186	-0.135	9.529	8.370
1425686499547	37.513512	139.942297	8	0.204	-0.148	9.518	8.271
1425686499647	37.513507	139.942296	8	0.210	-0.163	9.682	8.174
1425686499748	37.513502	139.942295	8	0.245	-0.179	9.796	8.078
1425686499849	37.513497	139.942295	8	0.261	-0.164	9.677	7.995
1425686499950	37.513489	139.942296	8	0.230	-0.141	9.613	7.970
1425686500050	37.513481	139.942297	8	0.191	-0.169	9.712	7.944
1425686500146	37.513474	139.942299	8	0.181	-0.161	9.689	7.920
1425686500247	37.513466	139.942300	8	0.175	-0.167	9.664	7.895
1425686500347	37.513458	139.942301	8	0.197	-0.186	9.678	7.870
1425686500448	37.513451	139.942302	8	0.230	-0.175	9.664	7.845
1425686500549	37.513443	139.942303	8	0.211	-0.158	9.564	7.819
1425686500649	37.513436	139.942304	8	0.190	-0.162	9.597	7.795
1425686500750	37.513428	139.942305	8	0.161	-0.158	9.725	7.770
1425686500846	37.513421	139.942306	5	0.144	-0.148	9.727	7.746
1425686500947	37.513414	139.942307	5	0.147	-0.142	9.573	7.720
1425686501047	37.513407	139.942307	5	0.158	-0.135	9.660	7.695
1425686501148	37.513400	139.942308	5	0.189	-0.143	9.796	7.670
1425686501249	37.513393	139.942308	5	0.201	-0.161	9.677	7.644
1425686501349	37.513386	139.942309	5	0.202	-0.152	9.653	7.619
1425686501450	37.513380	139.942309	5	0.214	-0.121	9.639	7.594
1425686501546	37.513373	139.942310	5	0.180	-0.119	9.409	7.570
1425686501647	37.513366	139.942310	5	0.174	-0.127	9.518	7.545
1425686501747	37.513360	139.942311	5	0.161	-0.147	9.777	7.520
1425686501848	37.513353	139.942311	4	0.184	-0.167	9.851	7.491
1425686501949	37.513346	139.942311	4	0.197	-0.149	9.638	7.439
1425686502049	37.513339	139.942311	4	0.272	-0.086	9.397	7.388
1425686502150	37.513332	139.942311	4	0.354	-0.053	9.574	7.336
1425686502246	37.513325	139.942311	4	0.309	-0.140	9.958	7.288
1425686502346	37.513318	139.942312	4	0.323	-0.133	9.851	7.238
1425686502447	37.513311	139.942312	4	0.273	-0.107	9.484	7.187
1425686502548	37.513305	139.942312	4	0.211	-0.025	9.143	7.138
1425686502649	37.513298	139.942312	4	0.178	-0.061	9.345	7.088
1425686502749	37.513291	139.942312	4	0.212	-0.107	9.701	7.039
1425686502850	37.513285	139.942312	4	0.205	-0.133	9.717	6.995
1425686502946	37.513278	139.942312	4	0.169	-0.206	9.760	6.971
1425686503046	37.513272	139.942311	4	0.126	-0.200	9.879	6.945
1425686503147	37.513265	139.942311	4	0.071	-0.167	9.979	6.920
1425686503248	37.513259	139.942311	4	0.053	-0.110	9.765	6.894
1425686503348	37.513252	139.942310	4	0.068	-0.045	9.537	6.869
1425686503449	37.513245	139.942310	4	0.135	-0.014	9.533	6.844
1425686503550	37.513239	139.942310	4	0.163	-0.015	9.602	6.819
1425686503646	37.513233	139.942310	4	0.171	-0.031	9.612	6.795
1425686503746	37.513226	139.942309	4	0.180	-0.048	9.653	6.771
1425686503847	37.513220	139.942309	4	0.209	-0.045	9.592	6.746
1425686503948	37.513214	139.942310	4	0.219	-0.029	9.603	6.720
1425686504048	37.513208	139.942310	4	0.209	-0.028	9.650	6.695
1425686504149	37.513203	139.942311	4	0.181	-0.036	9.595	6.669
1425686504250	37.513197	139.942312	4	0.170	-0.039	9.586	6.644
1425686504351	37.513191	139.942312	4	0.154	-0.030	9.650	6.619
1425686504446	37.513186	139.942313	4	0.140	-0.062	9.781	6.595
1425686504547	37.513180	139.942313	4	0.116	-0.078	9.797	6.570
1425686504648	37.513174	139.942314	4	0.119	-0.038	9.613	6.545
1425686504749	37.513169	139.942315	4	0.149	-0.023	9.558	6.520
1425686504850	37.513163	139.942315	4	0.172	-0.028	9.710	6.495
1425686504950	37.513158	139.942315	4	0.165	-0.054	9.798	6.469
1425686505050	37.513153	139.942314	4	0.131	-0.051	9.713	6.444
1425686505146	37.513148	139.942314	4	0.121	-0.023	9.587	6.420
1425686505247	37.513142	139.942313	4	0.110	-0.031	9.541	6.395
1425686505348	37.513137	139.942313	4	0.081	-0.097	9.671	6.369
1425686505448	37.513132	139.942313	4	0.076	-0.184	9.781	6.344
1425686505549	37.513127	139.942312	4	0.089	-0.272	9.693	6.319
1425686505650	37.513122	139.942312	4	0.132	-0.356	9.574	6.294
1425686505750	37.513117	139.942311	4	0.145	-0.395	9.589	6.270
1425686505846	37.513112	139.942311	5	0.131	-0.414	9.656	6.250
1425686505947	37.513106	139.942312	5	0.130	-0.480	9.719	6.250
1425686506048	37.513099	139.942313	5	0.125	-0.475	9.636	6.250
1425686506148	37.513093	139.942313	5	0.114	-0.471	9.580	6.250
1425686506249	37.513087	139.942314	5	0.072	-0.492	9.617	6.250
1425686506350	37.513081	139.942315	5	0.039	-0.526	9.698	6.250
1425686506450	37.513075	139.942315	5	0.027	-0.552	9.808	6.250
1425686506546	37.513069	139.942316	5	0.025	-0.512	9.704	6.250
1425686506647	37.513062	139.942317	5	0.047	-0.511	9.547	6.250
1425686506747	37.513056	139.942317	5	0.071	-0.519	9.542	6.250
1425686506848	37.513050	139.942318	5	0.111	-0.524	9.724	6.230
1425686506949	37.513045	139.942318	5	0.145	-0.523	9.678	6.122
1425686507050	37.513041	139.942318	5	0.120	-0.509	9.565	6.015
1425686507150	37.513036	139.942318	5	0.070	-0.499	9.465	5.911
1425686507246	37.513032	139.942318	5	0.016	-0.490	9.477	5.813
1425686507347	37.513028	139.942319	5	0.030	-0.482	9.600	5.711
1425686507447	37.513024	139.942319	5	0.108	-0.517	9.703	5.612
1425686507548	37.513019	139.942319	5	0.211	-0.542	9.749	5.514
1425686507649	37.513015	139.942319	5	0.289	-0.528	9.774	5.418
1425686507749	37.513011	139.942319	5	0.338	-0.520	9.719	5.325
1425686507850	37.513007	139.942319	5	0.315	-0.529	9.579	5.240
1425686507946	37.513003	139.942320	5	0.234	-0.520	9.599	5.189
1425686508047	37.512998	139.942321	5	0.162	-0.565	9.747	5.137
1425686508147	37.512994	139.942322	5	0.121	-0.546	9.748	5.086
1425686508248	37.512990	139.942322	5	0.137	-0.490	9.608	5.035
1425686508349	37.512985	139.942323	5	0.177	-0.499	9.521	4.984
1425686508449	37.512981	139.942324	5	0.222	-0.525	9.635	4.935
1425686508550	37.512977	139.942325	5	0.229	-0.549	9.772	4.885
1425686508646	37.512973	139.942326	5	0.213	-0.558	9.727	4.838
1425686508746	37.512968	139.942326	5	0.199	-0.563	9.571	4.790
1425686508847	37.512964	139.942327	5	0.210	-0.561	9.563	4.736
1425686508948	37.512961	139.942327	5	0.205	-0.615	9.732	4.655
1425686509049	37.512958	139.942327	5	0.175	-0.672	9.752	4.575
1425686509149	37.512954	139.942326	5	0.141	-0.689	9.699	4.497
1425686509250	37.512951	139.942326	5	0.121	-0.646	9.549	4.419
1425686509351	37.512948	139.942326	5	0.084	-0.619	9.438	4.343
1425686509446	37.512945	139.942326	5	0.079	-0.659	9.595	4.273
1425686509552	37.512941	139.942326	5	0.102	-0.732	9.874	4.196
1425686509648	37.512938	139.942325	5	0.123	-0.732	9.784	4.127
1425686509747	37.512935	139.942325	5	0.135	-0.682	9.551	4.057
1425686509849	37.512932	139.942325	5	0.152	-0.643	9.521	3.990
1425686509948	37.512929	139.942325	5	0.134	-0.670	9.641	3.938
1425686510046	37.512925	139.942325	5	0.108	-0.700	9.746	3.886
1425686510146	37.512921	139.942325	5	0.094	-0.730	9.659	3.835
1425686510247	37.512918	139.942325	5	0.089	-0.726	9.565	3.783
1425686510348	37.512914	139.942326	5	0.089	-0.739	9.578	3.733
1425686510448	37.512911	139.942326	5	0.083	-0.767	9.660	3.683
1425686510549	37.512907	139.942326	5	0.062	-0.766	9.631	3.634
1425686510650	37.512904	139.942326	5	0.056	-0.791	9.574	3.585
1425686510750	37.512901	139.942326	5	0.099	-0.817	9.654	3.538
1425686510846	37.512898	139.942326	5	0.114	-0.803	9.646	3.481
1425686510947	37.512896	139.942326	5	0.116	-0.784	9.661	3.366
1425686511048	37.512894	139.942326	5	0.094	-0.787	9.662	3.254
1425686511148	37.512892	139.942326	5	0.062	-0.794	9.603	3.146
1425686511249	37.512891	139.942326	5	0.051	-0.787	9.669	3.040
1425686511350	37.512889	139.942326	5	0.060	-0.765	9.712	2.938
1425686511450	37.512887	139.942326	5	0.079	-0.712	9.649	2.841
1425686511546	37.512886	139.942326	5	0.075	-0.702	9.629	2.750
1425686511647	37.512885	139.942326	5	0.079	-0.692	9.630	2.658
1425686511748	37.512883	139.942326	5	0.063	-0.688	9.621	2.569
1425686511848	37.512882	139.942326	5	0.053	-0.686	9.675	2.478
1425686511949	37.512881	139.942324	5	0.058	-0.663	9.687	2.355
1425686512050	37.512880	139.942323	5	0.041	-0.654	9.601	2.237
1425686512150	37.512879	139.942322	5	0.049	-0.641	9.585	2.126
1425686512246	37.512879	139.942320	5	0.068	-0.634	9.669	2.023
1425686512347	37.512878	139.942319	5	0.084	-0.646	9.687	1.921
1425686512447	37.512877	139.942318	5	0.107	-0.650	9.644	1.824
1425686512548	37.512877	139.942317	5	0.104	-0.656	9.616	1.731
1425686512649	37.512876	139.942316	5	0.093	-0.663	9.622	1.644
1425686512750	37.512875	139.942315	5	0.069	-0.676	9.667	1.562
1425686512850	37.512875	139.942314	8	0.053	-0.685	9.694	1.470
1425686512946	37.512876	139.942312	8	0.058	-0.676	9.636	1.333
1425686513047	37.512877	139.942310	8	0.079	-0.520	9.701	1.198
1425686513147	37.512878	139.942308	8	0.115	-0.182	9.832	1.075
1425686513248	37.512879	139.942306	8	0.115	0.141	9.756	0.960
1425686513349	37.512880	139.942305	8	0.102	0.333	9.493	0.856
1425686513449	37.512880	139.942304	8	0.096	0.420	9.375	0.763
1425686513550	37.512881	139.942303	8	0.106	0.339	9.499	0.679
1425686513646	37.512881	139.942302	8	0.120	0.218	9.683	0.609
1425686513747	37.512882	139.942301	8	0.101	0.111	9.749	0.545
1425686513847	37.512882	139.942300	8	0.077	0.122	9.698	0.483
1425686513948	37.512880	139.942301	8	0.078	0.226	9.633	0.389
1425686514049	37.512879	139.942302	8	0.084	0.301	9.578	0.305
1425686514149	37.512878	139.942303	8	0.099	0.277	9.572	0.232
1425686514250	37.512877	139.942303	8	0.105	0.207	9.664	0.168
1425686514346	37.512877	139.942304	8	0.092	0.161	9.719	0.117
1425686514447	37.512876	139.942304	8	0.085	0.172	9.684	0.073
1425686514547	37.512876	139.942305	8	0.082	0.225	9.612	0.040
1425686617545	37.505882	139.941547	6	0.083	0.228	9.610	12.709
1425686617550	37.505882	139.941547	6	0.084	0.226	9.609	12.706
1425686617646	37.505872	139.941546	6	0.118	-0.247	9.715	12.635
1425686617747	37.505861	139.941545	6	0.145	-0.665	9.740	12.561
1425686617848	37.505851	139.941544	5	0.144	-0.918	9.732	12.486
1425686617948	37.505841	139.941545	5	0.133	-1.066	9.928	12.409
1425686618049	37.505830	139.941546	5	0.133	-1.115	9.775	12.332
1425686618150	37.505820	139.941547	5	0.134	-1.154	9.360	12.255
1425686618250	37.505810	139.941547	5	0.149	-1.184	9.477	12.179
1425686618346	37.505800	139.941548	5	0.131	-1.213	9.532	12.107
1425686618447	37.505790	139.941549	5	0.117	-1.201	9.329	12.032
1425686618547	37.505780	139.941550	5	0.121	-1.283	9.690	11.958
1425686618649	37.505770	139.941551	5	0.120	-1.365	10.225	11.882
1425686618749	37.505760	139.941551	5	0.081	-1.369	10.399	11.809
1425686618849	37.505750	139.941552	5	0.020	-1.253	9.490	11.709
1425686618950	37.505741	139.941550	5	-0.039	-1.110	9.009	11.490
1425686619046	37.505733	139.941549	5	-0.027	-1.086	9.155	11.286
1425686619147	37.505725	139.941547	5	-0.039	-1.087	9.236	11.076
1425686619247	37.505716	139.941545	5	0.001	-1.205	9.417	10.871
1425686619348	37.505708	139.941544	5	0.037	-1.331	9.924	10.668
1425686619449	37.505700	139.941542	5	0.027	-1.409	10.181	10.468
1425686619549	37.505692	139.941541	5	0.019	-1.251	9.659	10.274
1425686619650	37.505684	139.941539	5	0.053	-1.226	9.167	10.083
1425686619746	37.505677	139.941538	5	0.099	-1.278	9.510	9.904
1425686619847	37.505670	139.941537	5	0.145	-1.357	9.874	9.727
1425686619947	37.505662	139.941537	5	0.111	-1.338	9.722	9.595
1425686620048	37.505654	139.941537	5	0.174	-1.391	9.994	9.463
1425686620149	37.505646	139.941536	5	0.144	-1.407	10.018	9.333
1425686620249	37.505638	139.941536	5	0.170	-1.255	9.455	9.205
1425686620350	37.505630	139.941536	5	0.246	-1.242	9.250	9.079
1425686620446	37.505623	139.941536	5	0.248	-1.249	9.535	8.960
1425686620546	37.505616	139.941536	5	0.273	-1.245	9.827	8.838
1425686620647	37.505608	139.941535	5	0.288	-1.219	9.573	8.716
1425686620748	37.505601	139.941535	5	0.270	-1.203	9.384	8.596
1425686620849	37.505594	139.941535	3	0.235	-1.240	9.602	8.463
1425686620949	37.505587	139.941535	3	0.221	-1.256	9.708	8.271
1425686621050	37.505581	139.941535	3	0.173	-1.279	9.561	8.081
1425686621146	37.505575	139.941535	3	0.139	-1.295	9.686	7.904
1425686621246	37.505568	139.941535	3	0.121	-1.289	9.684	7.723
1425686621347	37.505562	139.941536	3	0.155	-1.317	9.695	7.545
1425686621448	37.505556	139.941536	3	0.197	-1.309	9.652	7.371
1425686621548	37.505551	139.941536	3	0.180	-1.247	9.596	7.203
1425686621649	37.505545	139.941536	3	0.189	-1.130	9.609	7.037
1425686621751	37.505539	139.941536	3	0.181	-1.002	9.594	6.874
1425686621846	37.505534	139.941536	6	0.144	-0.990	9.677	6.742
1425686621946	37.505529	139.941534	6	0.112	-0.957	9.657	6.690
1425686622047	37.505524	139.941532	6	0.139	-0.942	9.571	6.638
1425686622148	37.505520	139.941530	6	0.181	-1.005	9.550	6.587
1425686622248	37.505515	139.941528	6	0.191	-1.050	9.723	6.536
1425686622349	37.505510	139.941526	6	0.197	-1.097	9.724	6.486
1425686622450	37.505505	139.941525	6	0.208	-1.097	9.733	6.435
1425686622546	37.505501	139.941523	6	0.191	-1.126	9.609	6.388
1425686622646	37.505496	139.941521	6	0.206	-1.124	9.565	6.339
1425686622747	37.505492	139.941519	6	0.210	-1.175	9.646	6.290
1425686622848	37.505487	139.941518	6	0.216	-1.233	9.662	6.230
1425686622948	37.505483	139.941518	6	0.255	-1.282	9.631	6.123
1425686623049	37.505478	139.941519	6	0.284	-1.363	9.796	6.016
1425686623150	37.505473	139.941519	6	0.295	-1.369	9.859	5.911
1425686623250	37.505469	139.941519	6	0.297	-1.354	9.653	5.809
1425686623346	37.505465	139.941520	6	0.299	-1.360	9.602	5.712
1425686623447	37.505461	139.941520	6	0.277	-1.444	9.689	5.612
1425686623548	37.505456	139.941520	6	0.236	-1.625	9.675	5.514
1425686623648	37.505452	139.941520	6	0.250	-1.767	9.644	5.419
1425686623749	37.505448	139.941521	6	0.263	-1.898	9.696	5.325
1425686623850	37.505445	139.941521	6	0.272	-1.971	9.804	5.208
1425686623950	37.505443	139.941521	6	0.239	-2.017	9.749	5.003
1425686624046	37.505441	139.941521	6	0.178	-1.993	9.555	4.813
1425686624147	37.505440	139.941521	6	0.111	-2.038	9.575	4.619
1425686624247	37.505438	139.941521	6	0.051	-2.114	9.777	4.435
1425686624348	37.505436	139.941522	6	0.050	-2.094	9.787	4.256
1425686624449	37.505435	139.941522	6	0.120	-2.045	9.610	4.084
1425686624550	37.505434	139.941522	6	0.224	-1.791	9.617	3.919
1425686624650	37.505432	139.941522	6	0.307	-1.556	9.718	3.763
1425686624746	37.505431	139.941522	6	0.322	-1.283	9.729	3.620
1425686624847	37.505430	139.941522	6	0.271	-1.026	9.617	3.474
1425686624947	37.505428	139.941524	6	0.230	-0.820	9.415	3.326
1425686625048	37.505426	139.941526	6	0.202	-0.791	9.307	3.181
1425686625149	37.505424	139.941527	6	0.204	-0.937	9.415	3.042
1425686625250	37.505422	139.941529	6	0.225	-1.113	9.589	2.909
1425686625350	37.505421	139.941531	6	0.244	-1.258	9.725	2.782
1425686625446	37.505419	139.941532	6	0.275	-1.329	9.661	2.666
1425686625547	37.505418	139.941533	6	0.282	-1.382	9.544	2.549
1425686625647	37.505416	139.941535	6	0.288	-1.261	9.625	2.438
1425686625748	37.505415	139.941536	6	0.247	-1.046	9.760	2.332
1425686625849	37.505414	139.941537	5	0.189	-0.777	9.751	2.182
1425686625949	37.505414	139.941536	5	0.135	-0.568	9.613	1.844
1425686626050	37.505415	139.941534	5	0.112	-0.393	9.516	1.535
1425686626151	37.505415	139.941534	5	0.118	-0.316	9.576	1.259
1425686626247	37.505415	139.941533	5	0.145	-0.344	9.707	1.027
1425686626346	37.505415	139.941532	5	0.155	-0.615	9.614	0.818
1425686626448	37.505416	139.941531	5	0.184	-0.544	9.860	0.636
1425686626547	37.505416	139.941531	5	0.196	-0.143	10.069	0.491
1425686626649	37.505416	139.941530	5	0.167	0.190	9.853	0.375
1425686626748	37.505416	139.941530	5	0.144	0.333	9.456	0.294
1425686626846	37.505416	139.941530	4	0.161	0.374	9.290	0.242
1425686626946	37.505417	139.941530	4	0.208	0.277	9.474	0.195
1425686627047	37.505418	139.941531	4	0.254	0.111	9.700	0.153
1425686627148	37.505419	139.941531	4	0.234	0.013	9.756	0.116
1425686627249	37.505419	139.941531	4	0.199	0.088	9.734	0.084
1425686627349	37.505420	139.941532	4	0.179	0.243	9.710	0.058
1425686627450	37.505420	139.941532	4	0.184	0.280	9.611	0.036
1425686627546	37.505421	139.941532	4	0.211	0.223	9.604	0.020
1425686627646	37.505421	139.941532	4	0.216	0.157	9.673	0.008
1425686627747	37.505421	139.941532	4	0.207	0.085	9.707	0.002
1425686732544	37.501033	139.943007	4	0.205	0.177	9.548	11.641
1425686732549	37.501032	139.943008	4	0.210	0.177	9.543	11.638
1425686732650	37.501022	139.943011	4	0.241	0.014	9.414	11.588
1425686732750	37.501013	139.943014	4	0.246	-0.102	9.552	11.539
1425686732846	37.501003	139.943017	6	0.262	-0.130	9.521	11.496
1425686732947	37.500994	139.943019	6	0.289	-0.194	9.548	11.470
1425686733047	37.500984	139.943020	6	0.263	-0.210	9.671	11.445
1425686733148	37.500975	139.943021	6	0.262	-0.210	9.702	11.420
1425686733249	37.500965	139.943023	6	0.285	-0.193	9.686	11.395
1425686733349	37.500956	139.943024	6	0.299	-0.182	9.541	11.370
1425686733450	37.500946	139.943026	6	0.300	-0.197	9.543	11.344
1425686733546	37.500937	139.943027	6	0.307	-0.236	9.817	11.320
1425686733647	37.500928	139.943028	6	0.320	-0.251	9.844	11.295
1425686733747	37.500919	139.943030	6	0.329	-0.183	9.708	11.271
1425686733848	37.500909	139.943031	6	0.354	-0.157	9.555	11.245
1425686733949	37.500900	139.943033	6	0.365	-0.167	9.533	11.220
1425686734049	37.500891	139.943035	6	0.346	-0.180	9.531	11.195
1425686734150	37.500882	139.943037	6	0.342	-0.197	9.679	11.169
1425686734246	37.500873	139.943039	6	0.364	-0.191	9.674	11.145
1425686734346	37.500864	139.943041	6	0.363	-0.203	9.555	11.120
1425686734447	37.500855	139.943043	6	0.372	-0.209	9.532	11.095
1425686734548	37.500846	139.943045	6	0.348	-0.212	9.597	11.070
1425686734649	37.500837	139.943047	6	0.354	-0.183	9.527	11.045
1425686734749	37.500828	139.943048	6	0.400	-0.208	9.725	11.020
1425686734850	37.500819	139.943050	4	0.415	-0.258	9.753	10.990
1425686734946	37.500811	139.943053	4	0.380	-0.267	9.793	10.941
1425686735046	37.500802	139.943055	4	0.345	-0.285	9.730	10.890
1425686735147	37.500793	139.943057	4	0.375	-0.354	9.526	10.839
1425686735248	37.500785	139.943060	4	0.389	-0.451	9.425	10.788
1425686735349	37.500776	139.943062	4	0.360	-0.589	9.506	10.738
1425686735449	37.500767	139.943064	4	0.343	-0.683	9.781	10.688
1425686735550	37.500759	139.943067	4	0.308	-0.771	9.800	10.638
1425686735646	37.500751	139.943069	4	0.270	-0.805	9.638	10.590
1425686735746	37.500742	139.943071	4	0.295	-0.783	9.644	10.541
1425686735847	37.500734	139.943073	4	0.279	-0.805	9.619	10.487
1425686735948	37.500725	139.943076	4	0.313	-0.834	9.616	10.409
1425686736048	37.500716	139.943078	4	0.313	-0.854	9.783	10.332
1425686736149	37.500708	139.943080	4	0.293	-0.822	9.698	10.255
1425686736250	37.500699	139.943082	4	0.286	-0.772	9.434	10.178
1425686736346	37.500691	139.943084	4	0.321	-0.766	9.500	10.106
1425686736446	37.500683	139.943086	4	0.306	-0.819	9.810	10.031
1425686736547	37.500675	139.943088	4	0.305	-0.857	9.799	9.957
1425686736648	37.500667	139.943090	4	0.271	-0.830	9.665	9.882
1425686736748	37.500659	139.943092	4	0.228	-0.789	9.575	9.809
1425686736849	37.500651	139.943094	4	0.213	-0.769	9.402	9.730
1425686736950	37.500643	139.943096	4	0.186	-0.795	9.366	9.624
1425686737046	37.500636	139.943098	4	0.149	-0.837	9.667	9.525
1425686737146	37.500628	139.943100	4	0.133	-0.851	9.878	9.422
1425686737247	37.500621	139.943102	4	0.117	-0.857	9.678	9.320
1425686737348	37.500614	139.943104	4	0.105	-0.845	9.453	9.219
1425686737448	37.500607	139.943105	4	0.156	-0.806	9.535	9.119
1425686737549	37.500599	139.943107	4	0.193	-0.817	9.581	9.020
1425686737650	37.500592	139.943109	4	0.184	-0.853	9.625	8.922
1425686737750	37.500585	139.943111	4	0.187	-0.848	9.732	8.826
1425686737846	37.500579	139.943112	4	0.158	-0.844	9.655	8.733
1425686737947	37.500571	139.943114	4	0.133	-0.828	9.552	8.627
1425686738047	37.500564	139.943117	4	0.152	-0.804	9.522	8.523
1425686738148	37.500557	139.943119	4	0.158	-0.825	9.564	8.419
1425686738249	37.500550	139.943121	4	0.150	-0.810	9.635	8.316
1425686738350	37.500543	139.943123	4	0.123	-0.785	9.852	8.215
1425686738450	37.500536	139.943125	4	0.107	-0.744	9.800	8.116
1425686738546	37.500530	139.943127	4	0.119	-0.674	9.577	8.022
1425686738647	37.500523	139.943129	4	0.118	-0.585	9.429	7.924
1425686738747	37.500516	139.943130	4	0.086	-0.510	9.620	7.828
1425686738848	37.500510	139.943132	4	0.099	-0.470	9.700	7.731
1425686738949	37.500504	139.943132	4	0.140	-0.474	9.491	7.624
1425686739050	37.500498	139.943133	4	0.167	-0.537	9.539	7.518
1425686739150	37.500492	139.943133	4	0.173	-0.731	9.694	7.415
1425686739246	37.500486	139.943133	4	0.121	-0.905	9.918	7.317
1425686739347	37.500481	139.943134	4	0.047	-0.984	9.801	7.216
1425686739447	37.500475	139.943134	4	0.007	-1.018	9.561	7.117
1425686739548	37.500469	139.943134	4	0.025	-1.033	9.569	7.018
1425686739649	37.500464	139.943134	4	0.089	-1.007	9.600	6.921
1425686739749	37.500458	139.943135	4	0.137	-0.983	9.612	6.826
1425686739850	37.500453	139.943135	4	0.104	-0.962	9.454	6.734
1425686739951	37.500447	139.943136	4	0.077	-0.991	9.470	6.655
1425686740047	37.500442	139.943137	4	0.068	-1.030	9.690	6.580
1425686740146	37.500437	139.943137	4	0.082	-1.019	9.733	6.503
1425686740248	37.500431	139.943138	4	0.107	-1.011	9.603	6.426
1425686740347	37.500426	139.943139	4	0.138	-0.990	9.577	6.351
1425686740449	37.500420	139.943139	4	0.153	-0.982	9.621	6.275
1425686740548	37.500415	139.943140	4	0.131	-0.993	9.697	6.203
1425686740646	37.500410	139.943141	4	0.120	-0.949	9.717	6.131
1425686740747	37.500405	139.943141	4	0.113	-0.801	9.589	6.059
1425686740847	37.500400	139.943142	5	0.120	-0.634	9.627	5.996
1425686740948	37.500396	139.943143	5	0.143	-0.450	9.717	5.970
1425686741049	37.500391	139.943144	5	0.134	-0.303	9.630	5.944
1425686741149	37.500386	139.943145	5	0.103	-0.189	9.468	5.919
1425686741250	37.500382	139.943146	5	0.071	-0.131	9.459	5.894
1425686741346	37.500378	139.943147	5	0.047	-0.147	9.598	5.870
1425686741446	37.500373	139.943148	5	0.053	-0.158	9.688	5.845
1425686741547	37.500369	139.943148	5	0.050	-0.221	9.634	5.820
1425686741648	37.500364	139.943149	5	0.072	-0.321	9.593	5.795
1425686741749	37.500360	139.943150	5	0.058	-0.421	9.462	5.770
1425686741849	37.500355	139.943151	5	0.040	-0.497	9.562	5.740
1425686741950	37.500351	139.943153	5	0.015	-0.558	9.668	5.688
1425686742046	37.500347	139.943155	5	0.011	-0.589	9.680	5.638
1425686742146	37.500342	139.943157	5	0.025	-0.590	9.655	5.587
1425686742247	37.500338	139.943159	5	0.006	-0.630	9.614	5.536
1425686742348	37.500334	139.943161	5	0.059	-0.664	9.723	5.485
1425686742448	37.500330	139.943162	5	0.077	-0.696	9.725	5.436
1425686742549	37.500325	139.943164	5	0.078	-0.750	9.532	5.386
1425686742650	37.500321	139.943166	5	0.053	-0.833	9.618	5.337
1425686742746	37.500317	139.943168	5	0.046	-0.874	9.700	5.290
1425686742846	37.500313	139.943169	5	0.001	-0.896	9.625	5.237
1425686742947	37.500310	139.943170	5	-0.009	-0.910	9.643	5.156
1425686743048	37.500307	139.943171	5	0.033	-0.958	9.654	5.077
1425686743148	37.500303	139.943172	5	0.097	-0.973	9.636	4.999
1425686743249	37.500300	139.943173	5	0.114	-0.945	9.588	4.922
1425686743350	37.500297	139.943174	5	0.101	-0.956	9.559	4.846
1425686743446	37.500294	139.943175	5	0.021	-0.930	9.488	4.774
1425686743546	37.500291	139.943176	5	0.061	-0.893	9.315	4.701
1425686743647	37.500287	139.943177	5	0.108	-0.831	9.232	4.629
1425686743748	37.500284	139.943178	5	0.084	-0.806	9.628	4.557
1425686743848	37.500282	139.943179	5	0.040	-0.774	10.262	4.480
1425686743949	37.500279	139.943179	5	0.010	-0.687	10.209	4.368
1425686744050	37.500276	139.943179	5	0.058	-0.527	9.679	4.259
1425686744150	37.500274	139.943179	5	0.073	-0.441	9.264	4.153
1425686744246	37.500272	139.943179	5	0.049	-0.459	9.317	4.054
1425686744347	37.500269	139.943180	5	0.045	-0.626	9.593	3.952
1425686744447	37.500267	139.943180	5	0.027	-0.849	9.753	3.853
1425686744548	37.500265	139.943180	5	0.049	-0.990	9.739	3.757
1425686744649	37.500263	139.943180	5	0.073	-1.090	9.723	3.662
1425686744750	37.500261	139.943180	5	0.132	-1.081	9.810	3.571
1425686744850	37.500259	139.943180	4	0.168	-1.101	9.739	3.477
1425686744946	37.500257	139.943181	4	0.134	-1.079	9.560	3.367
1425686745047	37.500255	139.943181	4	0.026	-1.086	9.283	3.255
1425686745147	37.500253	139.943182	4	-0.088	-1.164	9.329	3.147
1425686745248	37.500252	139.943183	4	-0.127	-1.229	9.722	3.041
1425686745349	37.500250	139.943183	4	-0.064	-1.221	9.880	2.939
1425686745450	37.500248	139.943184	4	0.011	-1.202	9.627	2.841
1425686745550	37.500247	139.943185	4	0.055	-1.185	9.490	2.746
1425686745646	37.500246	139.943185	4	0.078	-1.189	9.601	2.659
1425686745747	37.500244	139.943186	4	0.049	-1.250	9.657	2.570
1425686745847	37.500243	139.943186	4	0.019	-1.277	9.703	2.472
1425686745948	37.500241	139.943186	4	-0.017	-1.268	9.710	2.309
1425686746049	37.500240	139.943187	4	-0.043	-1.250	9.564	2.155
1425686746150	37.500239	139.943187	4	-0.035	-1.236	9.535	2.009
1425686746250	37.500237	139.943187	4	-0.022	-1.262	9.627	1.873
1425686746346	37.500236	139.943188	4	-0.007	-1.280	9.689	1.751
1425686746447	37.500235	139.943188	4	-0.014	-1.257	9.604	1.630
1425686746547	37.500234	139.943188	4	-0.010	-1.265	9.549	1.519
1425686746648	37.500233	139.943189	4	-0.022	-1.283	9.604	1.415
1425686746749	37.500233	139.943189	4	-0.022	-1.310	9.609	1.320
1425686746849	37.500232	139.943189	3	-0.028	-1.319	9.638	1.203
1425686746950	37.500231	139.943190	3	-0.029	-1.302	9.651	0.968
1425686747046	37.500230	139.943191	3	-0.025	-1.346	9.572	0.768
1425686747146	37.500230	139.943191	3	-0.001	-1.287	9.665	0.585
1425686747247	37.500229	139.943192	3	0.032	-0.825	9.928	0.425
1425686747348	37.500229	139.943192	3	0.022	-0.321	9.887	0.290
1425686747449	37.500229	139.943192	3	0.007	0.036	9.553	0.181
1425686747549	37.500228	139.943193	3	0.002	0.241	9.280	0.099
1425686747650	37.500228	139.943193	3	0.008	0.285	9.319	0.041
1425686747746	37.500228	139.943193	3	0.022	0.204	9.592	0.009
1425686822547	37.495465	139.942567	4	0.008	0.026	9.622	11.139
1425686825546	37.495171	139.942501	4	0.011	0.024	9.624	10.820
1425686825648	37.495161	139.942499	4	-0.003	-0.057	9.751	10.795
1425686825747	37.495152	139.942498	4	-0.043	-0.154	9.833	10.771
1425686825850	37.495142	139.942496	3	-0.113	-0.145	9.683	10.745
1425686825949	37.495133	139.942493	3	-0.148	-0.140	9.407	10.720
1425686826046	37.495124	139.942491	3	-0.151	-0.117	9.422	10.696
1425686826147	37.495114	139.942489	3	-0.138	-0.115	9.367	10.670
1425686826248	37.495105	139.942487	3	-0.145	-0.129	9.457	10.645
1425686826348	37.495096	139.942485	3	-0.214	-0.128	9.756	10.620
1425686826449	37.495086	139.942482	3	-0.238	-0.135	9.908	10.595
1425686826550	37.495077	139.942480	3	-0.207	-0.131	9.756	10.569
1425686826650	37.495068	139.942478	3	-0.172	-0.076	9.522	10.545
1425686826746	37.495059	139.942476	3	-0.165	-0.089	9.504	10.521
1425686826847	37.495049	139.942474	4	-0.176	-0.122	9.376	10.491
1425686826947	37.495040	139.942472	4	-0.155	-0.241	9.311	10.440
1425686827048	37.495030	139.942470	4	-0.133	-0.394	9.622	10.389
1425686827149	37.495021	139.942468	4	-0.097	-0.519	9.953	10.338
1425686827250	37.495011	139.942467	4	-0.103	-0.607	10.016	10.287
1425686827350	37.495002	139.942465	4	-0.096	-0.584	9.695	10.237
1425686827446	37.494993	139.942463	4	-0.109	-0.522	9.447	10.189
1425686827547	37.494984	139.942462	4	-0.080	-0.552	9.569	10.139
1425686827647	37.494975	139.942460	4	-0.005	-0.587	9.707	10.090
1425686827748	37.494965	139.942458	4	0.042	-0.581	9.600	10.040
1425686827849	37.494956	139.942457	4	0.081	-0.552	9.628	9.990
1425686827950	37.494948	139.942454	4	0.074	-0.566	9.682	9.939
1425686828050	37.494939	139.942452	4	0.088	-0.545	9.432	9.888
1425686828146	37.494931	139.942450	4	0.099	-0.544	9.450	9.839
1425686828247	37.494922	139.942448	4	0.081	-0.589	9.737	9.788
1425686828347	37.494914	139.942445	4	0.075	-0.594	9.789	9.738
1425686828448	37.494906	139.942443	4	0.062	-0.534	9.568	9.688
1425686828549	37.494897	139.942441	4	0.035	-0.470	9.487	9.638
1425686828650	37.494889	139.942439	4	-0.005	-0.393	9.567	9.588
1425686828750	37.494881	139.942437	4	-0.016	-0.255	9.524	9.539
1425686828846	37.494873	139.942435	3	-0.003	-0.201	9.597	9.496
1425686828947	37.494864	139.942432	3	0.032	-0.171	9.663	9.470
1425686829047	37.494856	139.942430	3	0.050	-0.137	9.674	9.445
1425686829148	37.494848	139.942428	3	0.022	-0.090	9.558	9.420
1425686829249	37.494839	139.942426	3	0.033	-0.048	9.514	9.394
1425686829349	37.494831	139.942424	3	0.057	-0.083	9.590	9.369
1425686829450	37.494823	139.942421	3	0.088	-0.115	9.722	9.344
1425686829546	37.494815	139.942419	3	0.104	-0.125	9.850	9.320
1425686829647	37.494807	139.942417	3	0.058	-0.100	9.770	9.295
1425686829747	37.494799	139.942415	3	0.002	-0.079	9.764	9.270
1425686829848	37.494791	139.942413	3	0.029	-0.107	9.835	9.245
1425686829949	37.494782	139.942410	3	0.039	-0.064	9.692	9.220
1425686830049	37.494774	139.942408	3	0.002	-0.065	9.557	9.195
1425686830150	37.494766	139.942406	3	0.011	-0.044	9.614	9.169
1425686830246	37.494758	139.942404	3	0.016	0.005	9.464	9.145
1425686830346	37.494750	139.942402	3	0.032	-0.037	9.304	9.120
1425686830447	37.494742	139.942400	3	0.079	-0.051	9.488	9.095
1425686830548	37.494734	139.942398	3	0.055	-0.153	9.664	9.070
1425686830649	37.494726	139.942396	3	0.030	-0.217	9.610	9.045
1425686830749	37.494718	139.942394	3	0.037	-0.222	9.604	9.020
1425686830850	37.494710	139.942392	4	0.054	-0.261	9.663	8.995
1425686830946	37.494703	139.942390	4	0.037	-0.338	9.588	8.971
1425686831046	37.494696	139.942388	4	-0.004	-0.436	9.618	8.945
1425686831147	37.494688	139.942386	4	-0.021	-0.589	9.734	8.920
1425686831248	37.494681	139.942384	4	-0.026	-0.651	9.704	8.895
1425686831348	37.494673	139.942382	4	-0.024	-0.734	9.721	8.870
1425686831449	37.494666	139.942380	4	-0.015	-0.757	9.639	8.844
1425686831550	37.494659	139.942378	4	-0.030	-0.731	9.418	8.819
1425686831646	37.494651	139.942376	4	-0.004	-0.751	9.464	8.795
1425686831746	37.494644	139.942374	4	0.005	-0.807	9.789	8.771
1425686831847	37.494637	139.942372	4	0.002	-0.837	9.848	8.732
1425686831948	37.494630	139.942371	4	0.008	-0.794	9.618	8.626
1425686832048	37.494623	139.942369	4	-0.005	-0.780	9.497	8.522
1425686832149	37.494616	139.942368	4	-0.013	-0.779	9.510	8.418
1425686832250	37.494610	139.942367	4	-0.025	-0.785	9.557	8.315
1425686832350	37.494603	139.942366	4	-0.001	-0.804	9.658	8.215
1425686832446	37.494597	139.942364	4	-0.008	-0.824	9.822	8.120
1425686832547	37.494591	139.942363	4	-0.037	-0.846	9.705	8.021
1425686832648	37.494584	139.942362	4	-0.050	-0.893	9.535	7.923
1425686832748	37.494578	139.942361	4	-0.043	-0.924	9.591	7.827
1425686832849	37.494572	139.942360	4	-0.043	-0.988	9.676	7.735
1425686832950	37.494566	139.942358	4	-0.033	-1.020	9.714	7.656
1425686833050	37.494561	139.942356	4	-0.023	-1.017	9.669	7.578
1425686833146	37.494556	139.942355	4	-0.022	-0.998	9.541	7.505
1425686833247	37.494550	139.942353	4	-0.019	-1.010	9.542	7.428
1425686833347	37.494545	139.942352	4	-0.040	-1.033	9.602	7.353
1425686833448	37.494540	139.942350	4	-0.035	-1.045	9.635	7.277
1425686833549	37.494534	139.942348	4	-0.015	-1.044	9.601	7.203
1425686833650	37.494529	139.942347	4	-0.025	-1.054	9.549	7.129
1425686833750	37.494524	139.942345	4	-0.006	-1.041	9.616	7.057
1425686833846	37.494519	139.942344	4	0.001	-1.022	9.662	6.978
1425686833947	37.494513	139.942343	4	0.037	-1.023	9.610	6.841
1425686834047	37.494508	139.942342	4	0.080	-0.991	9.635	6.708
1425686834148	37.494502	139.942341	4	0.123	-0.991	9.696	6.576
1425686834249	37.494497	139.942340	4	0.146	-0.960	9.653	6.446
1425686834350	37.494491	139.942340	4	0.213	-0.915	9.698	6.319
1425686834450	37.494486	139.942339	4	0.289	-0.742	9.664	6.196
1425686834546	37.494481	139.942338	4	0.320	-0.606	9.607	6.080
1425686834647	37.494476	139.942337	4	0.295	-0.501	9.560	5.960
1425686834747	37.494471	139.942337	4	0.216	-0.456	9.586	5.844
1425686834848	37.494466	139.942336	4	0.164	-0.419	9.622	5.741
1425686834949	37.494462	139.942334	4	0.134	-0.390	9.602	5.688
1425686835049	37.494457	139.942332	4	0.112	-0.380	9.633	5.637
1425686835150	37.494453	139.942330	4	0.099	-0.392	9.572	5.585
1425686835246	37.494449	139.942328	4	0.074	-0.482	9.575	5.536
1425686835347	37.494445	139.942326	4	0.079	-0.634	9.628	5.486
1425686835447	37.494441	139.942325	4	0.071	-0.779	9.631	5.436
1425686835548	37.494436	139.942323	4	0.046	-0.886	9.675	5.386
1425686835649	37.494432	139.942321	4	0.022	-0.938	9.717	5.337
1425686835749	37.494428	139.942319	4	0.012	-0.962	9.553	5.289
1425686835850	37.494424	139.942318	4	-0.009	-0.975	9.508	5.228
1425686835946	37.494420	139.942316	4	-0.006	-1.020	9.596	5.123
1425686836047	37.494415	139.942315	4	0.019	-1.042	9.721	5.015
1425686836147	37.494411	139.942313	4	0.016	-1.038	9.734	4.910
1425686836248	37.494407	139.942312	4	0.018	-0.976	9.628	4.806
1425686836349	37.494403	139.942310	4	0.004	-0.799	9.584	4.705
1425686836449	37.494399	139.942309	4	0.002	-0.648	9.654	4.606
1425686836550	37.494395	139.942308	4	0.003	-0.550	9.604	4.509
1425686836646	37.494391	139.942306	4	0.032	-0.477	9.658	4.418
1425686836746	37.494387	139.942305	4	0.039	-0.412	9.610	4.326
1425686836847	37.494383	139.942304	4	0.037	-0.391	9.636	4.241
1425686836948	37.494380	139.942303	4	0.047	-0.392	9.642	4.188
1425686837049	37.494376	139.942302	4	0.046	-0.472	9.581	4.135
1425686837149	37.494373	139.942301	4	0.063	-0.572	9.651	4.084
1425686837250	37.494369	139.942300	4	0.058	-0.678	9.686	4.032
1425686837346	37.494366	139.942299	4	0.032	-0.731	9.560	3.984
1425686837446	37.494363	139.942298	4	-0.005	-0.771	9.514	3.935
1425686837547	37.494359	139.942297	4	-0.028	-0.855	9.678	3.885
1425686837648	37.494356	139.942297	4	-0.006	-0.909	9.744	3.836
1425686837748	37.494353	139.942296	4	0.029	-0.896	9.612	3.789
1425686837849	37.494350	139.942295	4	0.035	-0.888	9.603	3.728
1425686837950	37.494347	139.942295	4	0.048	-0.911	9.699	3.614
1425686838046	37.494345	139.942294	4	0.064	-0.938	9.640	3.508
1425686838146	37.494343	139.942294	4	0.096	-0.947	9.578	3.401
1425686838247	37.494341	139.942294	4	0.083	-0.950	9.658	3.296
1425686838348	37.494339	139.942293	4	0.045	-0.925	9.683	3.194
1425686838448	37.494337	139.942293	4	0.005	-0.908	9.634	3.096
1425686838549	37.494335	139.942293	4	-0.018	-0.863	9.673	3.000
1425686838650	37.494333	139.942292	4	-0.029	-0.774	9.654	2.907
1425686838751	37.494331	139.942292	4	-0.026	-0.660	9.615	2.818
1425686838846	37.494330	139.942292	5	-0.023	-0.559	9.594	2.746
1425686838947	37.494327	139.942293	5	0.014	-0.494	9.563	2.720
1425686839048	37.494325	139.942293	5	0.059	-0.442	9.590	2.693
1425686839148	37.494323	139.942294	5	0.082	-0.406	9.631	2.668
1425686839249	37.494321	139.942295	5	0.073	-0.401	9.617	2.642
1425686839350	37.494318	139.942295	5	0.033	-0.406	9.591	2.617
1425686839450	37.494316	139.942296	5	0.005	-0.426	9.614	2.592
1425686839546	37.494314	139.942296	5	0.008	-0.526	9.621	2.569
1425686839652	37.494312	139.942297	5	0.019	-0.674	9.614	2.543
1425686839747	37.494310	139.942298	5	0.038	-0.803	9.585	2.520
1425686839847	37.494308	139.942298	5	0.067	-0.897	9.624	2.472
1425686839949	37.494306	139.942300	5	0.064	-0.948	9.650	2.308
1425686840048	37.494304	139.942301	5	0.036	-1.018	9.633	2.156
1425686840150	37.494303	139.942302	5	0.028	-1.036	9.667	2.009
1425686840246	37.494302	139.942303	5	0.029	-1.044	9.644	1.879
1425686840347	37.494300	139.942304	5	0.041	-1.051	9.596	1.750
1425686840447	37.494299	139.942305	5	0.060	-1.034	9.622	1.630
1425686840548	37.494298	139.942306	5	0.051	-1.050	9.638	1.518
1425686840649	37.494297	139.942307	5	0.050	-1.067	9.633	1.414
1425686840750	37.494296	139.942307	5	0.056	-0.985	9.712	1.319
1425686840850	37.494295	139.942308	4	0.051	-0.801	9.728	1.229
1425686840946	37.494294	139.942308	4	0.022	-0.620	9.645	1.130
1425686841047	37.494293	139.942307	4	0.001	-0.459	9.544	1.033
1425686841147	37.494293	139.942307	4	0.002	-0.363	9.533	0.943
1425686841248	37.494292	139.942307	4	0.026	-0.303	9.631	0.858
1425686841349	37.494291	139.942307	4	0.063	-0.289	9.667	0.781
1425686841450	37.494291	139.942307	4	0.063	-0.410	9.551	0.709
1425686841550	37.494290	139.942306	4	0.031	-0.677	9.464	0.645
1425686841646	37.494290	139.942306	4	0.011	-0.938	9.553	0.590
1425686841747	37.494289	139.942306	4	0.026	-1.029	9.841	0.538
1425686841847	37.494289	139.942306	4	0.029	-0.691	10.069	0.483
1425686841948	37.494289	139.942307	4	0.038	-0.252	9.914	0.389
1425686842049	37.494289	139.942307	4	0.040	0.108	9.505	0.305
1425686842149	37.494290	139.942308	4	0.028	0.274	9.221	0.232
1425686842250	37.494290	139.942308	4	0.025	0.294	9.358	0.168
1425686842346	37.494290	139.942308	4	0.016	0.242	9.703	0.117
1425686842446	37.494290	139.942309	4	0.031	0.144	9.820	0.074
1425686842547	37.494290	139.942309	4	0.028	0.076	9.661	0.040
1425686842648	37.494290	139.942309	4	0.020	0.063	9.559	0.017
1425686842749	37.494290	139.942309	4	0.017	0.086	9.623	0.003
1425686906547	37.492550	139.941882	4	0.021	0.095	9.634	11.000
1425686906648	37.492540	139.941880	4	0.091	0.020	9.469	11.000
1425686906749	37.492529	139.941878	4	0.164	-0.105	9.472	11.000
1425686906849	37.492519	139.941876	4	0.207	-0.080	9.428	10.995
1425686906950	37.492509	139.941874	4	0.243	-0.130	9.439	10.970
1425686907046	37.492500	139.941873	4	0.245	-0.209	9.639	10.946
1425686907146	37.492490	139.941871	4	0.275	-0.257	9.993	10.920
1425686907247	37.492480	139.941869	4	0.279	-0.266	9.917	10.895
1425686907348	37.492470	139.941868	4	0.266	-0.179	9.655	10.870
1425686907448	37.492460	139.941866	4	0.236	-0.049	9.447	10.845
1425686931548	37.489843	139.941204	5	0.203	0.137	9.450	12.250
1425686931649	37.489832	139.941201	5	0.170	-0.013	9.716	12.250
1425686931750	37.489821	139.941197	5	0.148	-0.122	9.913	12.250
1425686931850	37.489810	139.941193	4	0.094	-0.210	10.030	12.250
1425686931946	37.489800	139.941190	4	0.049	-0.239	9.989	12.250
1425686932046	37.489789	139.941187	4	-0.012	-0.233	9.845	12.250
1425686932147	37.489779	139.941184	4	-0.104	-0.261	9.841	12.250
1425686932248	37.489768	139.941181	4	-0.185	-0.200	9.638	12.250
1425686932349	37.489758	139.941177	4	-0.210	-0.169	9.419	12.250
1425686932449	37.489747	139.941174	4	-0.256	-0.170	9.415	12.250
1425686932550	37.489736	139.941171	4	-0.276	-0.167	9.443	12.250
1425686932646	37.489726	139.941168	4	-0.312	-0.211	9.653	12.250
1425686932746	37.489716	139.941165	4	-0.273	-0.174	9.663	12.250
1425686932847	37.489705	139.941161	5	-0.312	-0.175	9.574	12.250
1425686932948	37.489694	139.941158	5	-0.302	-0.141	9.480	12.250
1425686933048	37.489683	139.941155	5	-0.352	-0.155	9.555	12.250
1425686933149	37.489672	139.941151	5	-0.337	-0.176	9.858	12.250
1425686933250	37.489661	139.941148	5	-0.274	-0.070	9.831	12.250
1425686933346	37.489651	139.941144	5	-0.217	0.162	9.712	12.250
1425686933446	37.489640	139.941141	5	-0.172	0.305	9.485	12.250
1425686933547	37.489629	139.941138	5	-0.148	0.452	9.390	12.250
1425686936548	37.489346	139.941066	6	-0.144	0.454	9.378	10.820
1425686936649	37.489336	139.941064	6	-0.149	-0.140	9.407	10.795
1425686936749	37.489327	139.941062	6	-0.199	-0.718	9.786	10.770
1425686936850	37.489317	139.941060	6	-0.225	-1.067	9.914	10.712
1425686936946	37.489309	139.941057	6	-0.229	-1.286	9.808	10.531
1425686937047	37.489300	139.941054	6	-0.233	-1.389	9.526	10.344
1425686937147	37.489292	139.941051	6	-0.212	-1.410	9.253	10.162
1425686937248	37.489283	139.941048	6	-0.210	-1.471	9.373	9.981
1425686937349	37.489275	139.941045	6	-0.197	-1.566	9.697	9.803
1425686937449	37.489267	139.941042	6	-0.127	-1.615	9.927	9.630
1425686937550	37.489259	139.941040	6	-0.146	-1.552	9.808	9.459
1425686937646	37.489252	139.941037	6	-0.142	-1.464	9.492	9.299
1425686937746	37.489244	139.941034	6	-0.134	-1.473	9.263	9.135
1425686937847	37.489237	139.941032	6	-0.051	-1.511	9.398	8.967
1425686937948	37.489230	139.941031	6	0.017	-1.573	9.705	8.774
1425686938049	37.489224	139.941031	6	-0.000	-1.623	9.874	8.585
1425686938149	37.489217	139.941031	6	-0.061	-1.587	9.747	8.401
1425686938250	37.489211	139.941030	6	-0.132	-1.569	9.629	8.219
1425686938346	37.489205	139.941030	6	-0.099	-1.465	9.425	8.050
1425686938446	37.489200	139.941029	6	0.010	-1.493	9.482	7.877
1425686938547	37.489194	139.941029	6	0.015	-1.469	9.394	7.707
1425686938648	37.489188	139.941029	6	0.071	-1.495	9.738	7.540
1425686938748	37.489182	139.941028	6	0.140	-1.530	10.014	7.379
1425686938849	37.489177	139.941027	5	0.101	-1.457	9.450	7.212
1425686938950	37.489170	139.941025	5	0.106	-1.456	9.549	7.015
1425686939046	37.489164	139.941023	5	0.092	-1.444	9.460	6.831
1425686939151	37.489158	139.941020	5	0.147	-1.448	9.459	6.636
1425686939247	37.489152	139.941018	5	0.196	-1.526	9.847	6.462
1425686939346	37.489146	139.941015	5	0.177	-1.498	9.761	6.287
1425686939448	37.489140	139.941013	5	0.144	-1.498	9.514	6.112
1425686939547	37.489135	139.941011	5	0.129	-1.476	9.478	5.947
1425686939650	37.489129	139.941009	5	0.179	-1.529	9.969	5.780
1425686939749	37.489124	139.941007	5	0.165	-1.496	9.559	5.624
1425686939846	37.489119	139.941005	6	0.120	-1.496	9.264	5.472
1425686939947	37.489114	139.941005	6	0.203	-1.504	9.328	5.300
1425686940048	37.489109	139.941004	6	0.137	-1.668	10.041	5.133
1425686940148	37.489104	139.941004	6	-0.020	-1.818	10.059	4.972
1425686940249	37.489099	139.941004	6	-0.137	-1.796	9.452	4.814
1425686940350	37.489094	139.941003	6	-0.130	-1.790	9.148	4.661
1425686940450	37.489090	139.941003	6	0.012	-1.835	9.352	4.514
1425686940546	37.489086	139.941003	6	0.148	-1.891	9.497	4.378
1425686940647	37.489081	139.941002	6	0.244	-1.962	9.724	4.239
1425686940747	37.489077	139.941002	6	0.105	-1.967	9.772	4.106
1425686940848	37.489074	139.941002	6	-0.045	-2.021	9.750	3.952
1425686940949	37.489072	139.941001	6	-0.020	-2.111	9.844	3.692
1425686941050	37.489070	139.941001	6	-0.043	-2.101	9.605	3.446
1425686941150	37.489068	139.941000	6	-0.146	-2.142	9.583	3.215
1425686941246	37.489066	139.941000	6	-0.246	-2.157	9.741	3.006
1425686941347	37.489064	139.941000	6	-0.222	-2.121	9.685	2.800
1425686941448	37.489063	139.940999	6	-0.077	-2.075	9.457	2.607
1425686941548	37.489061	139.940999	6	0.122	-2.027	9.418	2.429
1425686941649	37.489060	139.940999	6	0.257	-2.018	9.580	2.263
1425686941750	37.489059	139.940998	6	0.268	-2.077	9.712	2.111
1425686941850	37.489057	139.940998	6	0.204	-2.056	9.815	1.952
1425686941946	37.489055	139.940998	6	0.033	-1.887	9.749	1.734
1425686942047	37.489053	139.940998	6	-0.123	-1.710	9.547	1.522
1425686942147	37.489050	139.940998	6	-0.187	-1.592	9.450	1.330
1425686942248	37.489048	139.940997	6	-0.192	-1.521	9.560	1.154
1425686942349	37.489047	139.940997	6	-0.155	-1.516	9.658	0.997
1425686942450	37.489045	139.940997	6	-0.099	-1.478	9.658	0.858
1425686942550	37.489044	139.940997	6	-0.062	-1.200	9.754	0.739
1425686942646	37.489043	139.940997	6	-0.077	-0.750	9.894	0.641
1425686942747	37.489042	139.940997	6	-0.096	-0.352	9.712	0.556
1425686942847	37.489041	139.940997	7	-0.077	-0.106	9.401	0.500
1425686942948	37.489042	139.940998	7	-0.007	0.011	9.286	0.500
1425686943049	37.489043	139.940998	7	0.064	0.041	9.527	0.500
1425686943149	37.489045	139.940999	7	0.090	0.045	9.810	0.500
1425686943250	37.489046	139.940999	7	0.034	0.106	9.816	0.500
1425686943346	37.489047	139.941000	7	-0.046	0.219	9.630	0.500
1425686943447	37.489048	139.941000	7	-0.090	0.351	9.543	0.500
1425686943547	37.489049	139.941001	7	-0.074	0.445	9.604	0.500
1425686943648	37.489050	139.941001	7	-0.020	0.509	9.690	0.500
1425686943749	37.489051	139.941002	7	0.022	0.561	9.653	0.500
1425686943849	37.489052	139.941002	7	0.051	0.550	9.664	0.510
1425686943950	37.489051	139.941002	7	0.034	0.518	9.615	0.567
1425686944046	37.489051	139.941002	7	0.033	0.585	9.671	0.631
1425686944146	37.489050	139.941002	7	0.004	0.653	9.706	0.708
1425686944247	37.489050	139.941001	7	-0.068	0.729	9.610	0.795
1425686944348	37.489049	139.941001	7	-0.110	0.853	9.544	0.893
1425686944449	37.489048	139.941001	7	-0.119	0.935	9.563	1.001
1425686960547	37.489113	139.939841	10	-0.116	0.939	9.589	9.500
1425686960647	37.489111	139.939830	10	-0.102	-0.022	9.292	9.500
1425686960748	37.489110	139.939818	10	-0.035	-0.716	9.105	9.500
1425686960849	37.489109	139.939806	10	-0.005	-1.121	9.252	9.500
1425686960950	37.489110	139.939795	10	0.000	-1.421	9.496	9.500
1425686961050	37.489111	139.939784	10	0.020	-1.552	9.591	9.500
1425686961146	37.489112	139.939774	10	-0.001	-1.682	9.620	9.500
1425686961247	37.489113	139.939763	10	0.023	-1.715	9.726	9.500
1425686961347	37.489114	139.939753	10	0.030	-1.765	9.464	9.500
1425686961448	37.489115	139.939742	10	0.028	-1.818	9.339	9.500
1425686961549	37.489115	139.939731	10	0.023	-1.891	9.523	9.500
1425686961649	37.489116	139.939720	10	0.128	-2.001	9.992	9.500
1425686961750	37.489117	139.939710	10	0.150	-2.089	9.953	9.500
1425686961846	37.489119	139.939702	17	0.112	-2.112	9.618	9.392
1425686961947	37.489126	139.939706	17	0.016	-2.160	9.376	8.731
1425686962047	37.489132	139.939710	17	-0.026	-2.195	9.390	8.112
1425686962148	37.489138	139.939714	17	-0.010	-2.226	9.596	7.523
1425686962249	37.489144	139.939717	17	0.032	-2.317	9.824	6.970
1425686962349	37.489149	139.939720	17	0.133	-2.321	9.686	6.459
1425686962450	37.489154	139.939724	17	0.243	-2.283	9.474	5.979
1425686962546	37.489158	139.939726	17	0.270	-2.311	9.572	5.557
1425686962646	37.489162	139.939729	17	0.211	-2.306	9.814	5.152
1425686962747	37.489166	139.939731	17	0.079	-2.324	9.684	4.779
1425686962848	37.489169	139.939732	17	-0.018	-2.296	9.455	4.446
1425686962949	37.489168	139.939725	17	0.038	-2.258	9.429	4.154
1425686963049	37.489167	139.939719	17	0.146	-2.315	9.547	3.879
1425686963150	37.489165	139.939714	17	0.262	-2.345	9.689	3.617
1425686963246	37.489165	139.939709	17	0.339	-2.364	9.708	3.382
1425686963346	37.489164	139.939704	17	0.346	-2.356	9.648	3.152
1425686963447	37.489163	139.939699	17	0.257	-2.300	9.474	2.935
1425686963548	37.489162	139.939695	17	0.152	-2.352	9.475	2.733
1425686963649	37.489161	139.939690	17	0.084	-2.392	9.695	2.546
1425686963749	37.489161	139.939687	17	0.025	-2.392	9.630	2.376
1425686963850	37.489160	139.939683	9	0.023	-2.398	9.467	2.161
1425686963946	37.489160	139.939681	9	0.048	-2.393	9.539	1.758
1425686964046	37.489160	139.939679	9	0.121	-2.408	9.647	1.383
1425686964147	37.489159	139.939677	9	0.182	-2.445	9.612	1.050
1425686964248	37.489159	139.939675	9	0.191	-2.428	9.627	0.762
1425686964349	37.489159	139.939673	9	0.150	-2.401	9.611	0.521
1425686964449	37.489159	139.939672	9	0.098	-2.436	9.536	0.327
1425686964550	37.489159	139.939671	9	0.060	-2.450	9.630	0.176
1425686964646	37.489159	139.939670	9	0.031	-2.213	9.838	0.076
1425686964746	37.489159	139.939670	9	0.089	-1.350	10.182	0.016
1425686989546	37.489331	139.938167	5	0.119	0.220	9.637	9.500
1425687002547	37.489513	139.936672	5	0.092	0.196	9.649	10.750
1425687776649	37.490527	139.928182	7	0.198	-0.300	9.858	5.000
1425687776750	37.490529	139.928176	7	0.216	-0.217	9.647	5.000
1425687776846	37.490530	139.928171	6	0.166	-0.167	9.398	5.004
1425687776946	37.490530	139.928165	6	0.023	-0.163	9.391	5.028
1425687777047	37.490529	139.928159	6	-0.157	-0.186	9.672	5.053
1425687777148	37.490529	139.928154	6	-0.204	-0.150	9.719	5.078
1425687777248	37.490528	139.928148	6	-0.106	-0.097	9.421	5.103
1425687777349	37.490528	139.928142	6	0.038	-0.106	9.352	5.128
1425687777450	37.490528	139.928136	6	0.161	-0.148	9.651	5.154
1425687777546	37.490527	139.928130	6	0.162	-0.190	9.825	5.178
1425687777646	37.490527	139.928124	6	0.158	-0.143	9.631	5.203
1425687777747	37.490526	139.928118	6	0.152	-0.091	9.434	5.229
1425687777848	37.490526	139.928112	6	0.110	-0.110	9.578	5.245
1425687777948	37.490527	139.928106	6	0.065	-0.139	9.673	5.220
1425687778049	37.490528	139.928100	6	0.022	-0.161	9.678	5.194
1425687778150	37.490529	139.928094	6	0.004	-0.142	9.594	5.169
1425687778250	37.490530	139.928088	6	0.040	-0.124	9.484	5.144
1425687778346	37.490531	139.928082	6	0.071	-0.119	9.466	5.119
1425687778452	37.490532	139.928076	6	0.081	-0.076	9.650	5.093
1425687778548	37.490533	139.928070	6	0.085	-0.052	9.730	5.069
1425687778646	37.490534	139.928065	6	0.088	-0.007	9.587	5.045
1425687778749	37.490535	139.928059	6	0.099	0.011	9.439	5.020
1425687778848	37.490536	139.928053	6	0.094	0.003	9.593	5.000
1425687778950	37.490538	139.928047	6	0.090	-0.029	9.720	5.000
1425687779046	37.490540	139.928041	6	0.103	-0.041	9.706	5.000
1425687779147	37.490542	139.928036	6	0.099	-0.027	9.659	5.000
1425687779247	37.490544	139.928030	6	0.112	0.005	9.602	5.000
1425687779348	37.490546	139.928024	6	0.128	0.013	9.539	5.000
1425687779449	37.490548	139.928018	6	0.113	-0.003	9.557	5.000
1425687782546	37.490535	139.927820	8	0.119	-0.014	9.622	4.637
1425687782646	37.490534	139.927815	8	0.176	-0.406	9.503	4.588
1425687782747	37.490533	139.927810	8	0.308	-0.657	9.368	4.539
1425687782848	37.490533	139.927805	5	0.424	-0.856	9.613	4.490
1425687782949	37.490533	139.927800	5	0.369	-0.923	9.591	4.437
1425687783049	37.490533	139.927795	5	0.266	-0.962	9.419	4.385
1425687783150	37.490534	139.927790	5	0.191	-0.966	9.546	4.334
1425687783246	37.490534	139.927786	5	0.152	-0.951	9.585	4.285
1425687783346	37.490534	139.927781	5	0.220	-0.943	9.524	4.235
1425687783447	37.490534	139.927776	5	0.318	-0.785	9.548	4.185
1425687783548	37.490534	139.927772	5	0.412	-0.566	9.607	4.135
1425687783648	37.490535	139.927767	5	0.438	-0.397	9.530	4.087
1425687783749	37.490535	139.927763	5	0.406	-0.263	9.431	4.038
1425687783850	37.490535	139.927758	6	0.470	-0.215	9.608	3.995
1425687783946	37.490532	139.927755	6	0.465	-0.161	9.585	3.970
1425687784046	37.490530	139.927752	6	0.410	-0.205	9.414	3.945
1425687784147	37.490528	139.927748	6	0.317	-0.443	9.477	3.919
1425687784248	37.490526	139.927745	6	0.247	-0.762	9.660	3.894
1425687784348	37.490523	139.927742	6	0.343	-0.971	9.800	3.868
1425687784449	37.490521	139.927738	6	0.391	-1.083	9.572	3.843
1425687784550	37.490519	139.927735	6	0.361	-1.144	9.462	3.818
1425687784650	37.490517	139.927732	6	0.388	-1.174	9.575	3.794
1425687784746	37.490515	139.927729	6	0.373	-1.139	9.596	3.770
1425687784847	37.490513	139.927726	6	0.335	-1.124	9.691	3.730
1425687784947	37.490514	139.927723	6	0.310	-1.146	9.711	3.617
1425687785048	37.490515	139.927720	6	0.242	-1.121	9.456	3.506
1425687785149	37.490516	139.927718	6	0.231	-1.126	9.395	3.398
1425687785250	37.490517	139.927715	6	0.329	-1.166	9.664	3.293
1425687785350	37.490517	139.927713	6	0.418	-1.170	9.722	3.192
1425687785446	37.490518	139.927711	6	0.387	-1.097	9.544	3.098
1425687785547	37.490519	139.927709	6	0.202	-1.102	9.430	3.002
1425687785647	37.490520	139.927707	6	0.112	-1.149	9.464	2.910
1425687785748	37.490520	139.927705	6	0.150	-1.212	9.644	2.820
1425687785849	37.490521	139.927703	6	0.234	-1.234	9.759	2.711
1425687785950	37.490523	139.927703	6	0.288	-1.203	9.563	2.511
1425687786050	37.490524	139.927702	6	0.304	-1.193	9.412	2.323
1425687786146	37.490525	139.927702	6	0.298	-1.159	9.540	2.154
1425687786247	37.490526	139.927701	6	0.256	-1.194	9.733	1.988
1425687786347	37.490527	139.927701	6	0.187	-1.178	9.682	1.834
1425687786448	37.490528	139.927701	6	0.108	-1.164	9.411	1.690
1425687786549	37.490529	139.927701	6	0.048	-1.178	9.359	1.558
1425687786650	37.490530	139.927700	6	0.040	-1.236	9.595	1.437
1425687786750	37.490530	139.927700	6	0.108	-1.291	9.692	1.329
1425687786846	37.490531	139.927700	6	0.205	-1.374	9.540	1.210
1425687786947	37.490530	139.927701	6	0.291	-1.577	9.404	0.975
1425687787047	37.490530	139.927701	6	0.319	-1.722	9.543	0.766
1425687787148	37.490529	139.927702	6	0.303	-1.177	10.053	0.581
1425687787249	37.490529	139.927702	6	0.209	-0.436	10.128	0.422
1425687787349	37.490529	139.927702	6	0.127	0.048	9.575	0.289
1425687787450	37.490528	139.927703	6	0.118	0.234	9.016	0.180
1425687787546	37.490528	139.927703	6	0.179	0.263	8.976	0.101
1425687787646	37.490528	139.927703	6	0.226	0.145	9.384	0.042
1425687787747	37.490528	139.927703	6	0.216	-0.115	9.746	0.009
1425687825548	37.490752	139.925629	6	0.178	0.027	9.589	7.070
1425687825649	37.490753	139.925622	6	-0.034	-0.047	9.481	7.045
1425687825749	37.490755	139.925615	6	-0.242	-0.008	9.486	7.020
1425687825850	37.490756	139.925609	7	-0.302	0.011	9.294	6.995
1425687825946	37.490758	139.925603	7	-0.211	0.079	9.080	6.971
1425687826046	37.490760	139.925597	7	-0.122	-0.041	9.836	6.945
1425687826147	37.490762	139.925591	7	-0.106	-0.205	10.584	6.920
1425687826248	37.490764	139.925585	7	-0.046	-0.279	10.463	6.894
1425687826349	37.490766	139.925579	7	0.060	-0.138	9.669	6.869
1425687826449	37.490768	139.925573	7	0.086	0.028	9.128	6.844
1425687826550	37.490770	139.925567	7	-0.060	0.043	9.180	6.819
1425687826646	37.490772	139.925561	7	-0.071	0.015	9.661	6.795
1425687826746	37.490773	139.925555	7	-0.102	-0.018	9.339	6.771
1425687826847	37.490775	139.925549	9	-0.331	-0.139	9.482	6.754
1425687826948	37.490773	139.925540	9	-0.267	-0.268	9.907	6.779
1425687827049	37.490772	139.925532	9	-0.298	-0.258	9.969	6.804
1425687827149	37.490770	139.925523	9	-0.218	-0.164	9.404	6.829
1425687827250	37.490768	139.925515	9	-0.273	-0.085	9.346	6.854
1425687827346	37.490767	139.925507	9	-0.240	-0.090	9.415	6.878
1425687827446	37.490765	139.925498	9	-0.245	-0.123	9.398	6.903
1425687827547	37.490764	139.925489	9	-0.314	-0.202	9.708	6.928
1425687827648	37.490762	139.925481	9	-0.292	-0.246	9.900	6.954
1425687827748	37.490760	139.925472	9	-0.172	-0.219	9.757	6.979
1425687827849	37.490759	139.925464	9	-0.060	-0.085	9.494	6.990
1425687827950	37.490762	139.925458	9	-0.041	-0.030	9.268	6.938
1425687828046	37.490764	139.925453	9	-0.133	-0.017	9.188	6.889
1425687828146	37.490766	139.925447	9	-0.170	-0.028	9.437	6.838
1425687828247	37.490769	139.925441	9	-0.211	-0.126	9.943	6.787
1425687828348	37.490771	139.925435	9	-0.258	-0.145	9.875	6.736
1425687828448	37.490773	139.925430	9	-0.261	-0.138	9.570	6.687
1425687828549	37.490776	139.925424	9	-0.198	-0.110	9.515	6.637
1425687828650	37.490778	139.925419	9	-0.168	-0.059	9.478	6.587
1425687828750	37.490780	139.925413	9	-0.196	-0.054	9.420	6.539
1425687828846	37.490782	139.925408	9	-0.186	-0.115	9.563	6.500
1425687828947	37.490783	139.925402	9	-0.168	-0.116	9.854	6.500
1425687829048	37.490785	139.925397	9	-0.223	-0.136	9.811	6.500
1425687829148	37.490786	139.925391	9	-0.208	-0.047	9.524	6.500
1425687829249	37.490787	139.925386	9	-0.262	0.053	9.266	6.500
1425687829350	37.490788	139.925380	9	-0.322	0.142	9.456	6.500
1425687829450	37.490789	139.925374	9	-0.261	0.168	9.676	6.500
1425687829546	37.490791	139.925369	9	-0.181	0.266	9.598	6.500
1425687834546	37.490829	139.924939	6	-0.178	0.268	9.593	7.104
1425687834647	37.490830	139.924929	6	-0.038	0.094	9.622	7.156
1425687834748	37.490831	139.924919	6	-0.063	-0.148	10.294	7.208
1425687834848	37.490832	139.924909	6	0.061	-0.335	10.831	7.241
1425687834949	37.490832	139.924901	6	0.175	-0.251	10.376	7.189
1425687835050	37.490831	139.924893	6	-0.027	0.012	8.846	7.137
1425687835146	37.490831	139.924886	6	-0.180	0.134	8.527	7.088
1425687835251	37.490830	139.924878	6	-0.216	0.030	9.217	7.035
1425687835347	37.490830	139.924871	6	-0.136	0.009	9.736	6.987
1425687835446	37.490829	139.924864	6	-0.041	-0.010	9.461	6.938
1425687835548	37.490829	139.924856	6	0.023	-0.083	9.192	6.887
1425687835647	37.490829	139.924849	6	0.062	-0.154	9.785	6.839
1425687835750	37.490828	139.924842	6	0.007	-0.173	10.423	6.789
1425687835849	37.490828	139.924835	5	-0.081	-0.140	10.037	6.740
1425687835946	37.490829	139.924828	5	-0.145	-0.042	9.398	6.690
1425687836047	37.490831	139.924822	5	-0.187	0.114	8.948	6.638
1425687836147	37.490832	139.924815	5	-0.208	0.015	9.317	6.587
1425687836248	37.490833	139.924809	5	-0.140	0.015	9.495	6.536
1425687836349	37.490834	139.924803	5	-0.118	0.027	9.352	6.486
1425687836450	37.490836	139.924796	5	-0.121	0.030	9.105	6.435
1425687844546	37.490911	139.924169	4	-0.103	-0.072	9.667	7.000
1425687844647	37.490912	139.924160	4	-0.056	0.049	9.764	7.000
1425687844748	37.490913	139.924152	4	-0.009	-0.049	10.025	7.000
1425687844849	37.490914	139.924144	5	0.005	0.011	9.365	6.995
1425687844949	37.490916	139.924137	5	-0.003	-0.052	8.940	6.970
1425687845046	37.490917	139.924131	5	-0.014	-0.143	8.977	6.945
1425687845146	37.490918	139.924125	5	-0.002	-0.313	9.838	6.920
1425687845247	37.490919	139.924118	5	-0.002	-0.387	10.244	6.895
1425687845347	37.490921	139.924112	5	-0.109	-0.279	9.783	6.870
1425687845448	37.490922	139.924106	5	-0.064	-0.217	9.300	6.844
1425687845549	37.490923	139.924099	5	0.014	-0.160	9.470	6.819
1425687845649	37.490925	139.924093	5	0.019	-0.311	10.091	6.795
1425687845750	37.490926	139.924087	5	0.005	-0.207	9.963	6.770
1425687845846	37.490927	139.924081	5	-0.029	-0.166	9.671	6.750
1425687845946	37.490928	139.924073	5	-0.134	-0.103	9.531	6.750
1425687846047	37.490929	139.924065	5	-0.134	0.003	9.419	6.750
1425687846148	37.490930	139.924057	5	-0.250	0.043	9.426	6.750
1425687846249	37.490931	139.924049	5	-0.284	0.160	9.592	6.750
1425687846349	37.490932	139.924042	5	-0.268	0.077	9.615	6.750
1425687846450	37.490933	139.924034	5	-0.134	0.207	9.466	6.750
1425687846546	37.490934	139.924026	5	-0.131	0.263	9.575	6.750
1425687854547	37.491040	139.923394	6	-0.136	0.258	9.587	6.888
1425687854648	37.491042	139.923387	6	-0.277	0.123	9.168	6.838
1425687854748	37.491044	139.923380	6	-0.398	-0.039	9.218	6.790
1425687854849	37.491045	139.923374	7	-0.449	-0.152	9.754	6.745
1425687854950	37.491044	139.923367	7	-0.384	-0.131	9.608	6.720
1425687855050	37.491043	139.923360	7	-0.236	-0.119	9.232	6.694
1425687855146	37.491042	139.923354	7	-0.158	-0.091	9.312	6.670
1425687855247	37.491041	139.923347	7	0.014	-0.242	9.901	6.645
1425687855347	37.491040	139.923340	7	-0.066	-0.340	10.265	6.620
1425687855448	37.491039	139.923333	7	-0.122	-0.279	9.747	6.594
1425687855549	37.491038	139.923327	7	-0.233	-0.237	9.473	6.569
1425687855650	37.491038	139.923320	7	-0.267	-0.203	9.669	6.544
1425687855750	37.491037	139.923313	7	-0.194	-0.224	9.715	6.520
1425687855846	37.491036	139.923307	7	0.029	-0.195	9.502	6.500
1425687855947	37.491036	139.923299	7	0.131	-0.118	8.886	6.500
1425687856047	37.491036	139.923291	7	0.219	-0.080	8.739	6.500
1425687856148	37.491035	139.923283	7	0.291	-0.190	10.050	6.500
1425687856249	37.491035	139.923275	7	0.381	-0.378	10.743	6.500
1425687856350	37.491035	139.923267	7	0.393	-0.398	10.052	6.500
1425687856450	37.491035	139.923259	7	0.441	-0.285	9.202	6.500
1425687856546	37.491035	139.923251	7	0.410	-0.199	9.103	6.500
1425687856647	37.491034	139.923243	7	0.535	-0.026	9.709	6.500
1425687856747	37.491034	139.923236	7	0.523	-0.075	9.958	6.500
1425687856848	37.491034	139.923228	7	0.456	-0.046	9.458	6.500
1425687856949	37.491034	139.923221	7	0.389	-0.094	9.350	6.500
1425687857049	37.491033	139.923215	7	0.377	-0.133	9.503	6.500
1425687857150	37.491033	139.923208	7	0.289	-0.118	9.836	6.500
1425687857246	37.491032	139.923202	7	0.156	-0.067	9.932	6.500
1425687857347	37.491032	139.923195	7	0.102	0.061	9.742	6.500
1425687857447	37.491032	139.923189	7	0.048	0.163	9.331	6.500
1425687857548	37.491031	139.923182	7	0.029	0.223	9.223	6.500
1425687864547	37.491080	139.922669	8	0.025	0.228	9.224	6.570
1425687864648	37.491082	139.922663	8	-0.082	0.042	9.703	6.545
1425687864749	37.491083	139.922656	8	-0.078	-0.008	9.610	6.520
1425687864849	37.491084	139.922650	7	-0.063	0.031	9.162	6.500
1425687864950	37.491084	139.922643	7	-0.099	-0.039	9.393	6.500
1425687865046	37.491084	139.922637	7	-0.080	-0.030	9.445	6.500
1425687865146	37.491085	139.922630	7	-0.094	-0.062	9.987	6.500
1425687865247	37.491085	139.922623	7	-0.132	-0.007	10.035	6.500
1425687865348	37.491085	139.922616	7	-0.146	0.001	9.520	6.500
1425687865448	37.491085	139.922610	7	-0.191	0.057	9.354	6.500
1425687868545	37.491107	139.922368	9	-0.139	0.107	9.663	6.500
1425687868550	37.491107	139.922368	9	-0.137	0.120	9.654	6.500
1425687868646	37.491107	139.922358	9	-0.250	0.062	9.420	6.500
1425687868747	37.491107	139.922349	9	-0.399	-0.014	9.276	6.500
1425687868847	37.491107	139.922340	9	-0.498	-0.051	9.132	6.496
1425687868948	37.491108	139.922333	9	-0.424	-0.048	9.131	6.470
1425687869049	37.491110	139.922325	9	-0.214	-0.046	9.230	6.444
1425687869149	37.491111	139.922318	9	0.008	-0.027	9.412	6.419
1425687869250	37.491112	139.922311	9	0.076	-0.053	9.670	6.394
1425687869346	37.491113	139.922305	9	-0.039	-0.078	9.647	6.370
1425687869447	37.491114	139.922297	9	-0.128	-0.114	9.612	6.345
1425687869547	37.491116	139.922291	9	-0.129	-0.087	9.446	6.320
1425687869648	37.491117	139.922284	9	-0.064	-0.043	9.402	6.295
1425687869749	37.491118	139.922277	9	-0.028	-0.041	9.612	6.270
1425687869849	37.491119	139.922270	8	-0.003	-0.050	9.757	6.245
1425687869950	37.491119	139.922264	8	-0.039	-0.061	9.660	6.219
1425687870046	37.491119	139.922259	8	-0.097	-0.083	9.667	6.195
1425687870147	37.491120	139.922253	8	-0.133	-0.116	9.756	6.170
1425687870247	37.491120	139.922248	8	-0.181	-0.076	9.667	6.145
1425687870348	37.491120	139.922242	8	-0.158	-0.031	9.415	6.119
1425687870449	37.491120	139.922237	8	-0.103	-0.003	9.226	6.094
1425687870549	37.491120	139.922231	8	0.006	-0.027	9.446	6.069
1425687870650	37.491121	139.922226	8	0.085	-0.097	9.864	6.044
1425687870746	37.491121	139.922221	8	0.100	-0.122	10.008	6.021
1425687870846	37.491121	139.922215	8	0.047	-0.077	9.638	5.996
1425687870947	37.491124	139.922209	8	0.011	-0.033	9.352	5.970
1425687871048	37.491127	139.922203	8	-0.015	0.021	9.289	5.945
1425687871149	37.491129	139.922198	8	-0.090	0.040	9.437	5.919
1425687871249	37.491132	139.922192	8	-0.134	-0.015	9.621	5.894
1425687871350	37.491135	139.922186	8	-0.152	-0.076	9.704	5.869
1425687871446	37.491137	139.922181	8	-0.077	-0.082	9.555	5.845
1425687871546	37.491140	139.922175	8	-0.010	-0.091	9.685	5.820
1425687876546	37.491227	139.921889	10	-0.004	-0.091	9.689	4.887
1425687876647	37.491231	139.921886	10	0.049	-0.375	9.482	4.838
1425687876748	37.491235	139.921884	10	0.077	-0.556	9.358	4.789
1425687876849	37.491238	139.921881	10	0.061	-0.641	9.388	4.745
1425687876949	37.491238	139.921876	10	0.051	-0.672	9.713	4.720
1425687877050	37.491238	139.921870	10	0.058	-0.591	9.991	4.694
1425687877146	37.491238	139.921865	10	0.003	-0.485	9.803	4.670
1425687877246	37.491238	139.921860	10	-0.039	-0.377	9.396	4.644
1425687877347	37.491238	139.921854	10	-0.066	-0.308	9.397	4.619
1425687877448	37.491238	139.921849	10	-0.060	-0.265	9.428	4.594
1425687877548	37.491238	139.921844	10	-0.024	-0.263	9.581	4.569
1425687877649	37.491238	139.921838	10	0.016	-0.241	9.788	4.544
1425687877750	37.491238	139.921833	10	0.020	-0.209	9.657	4.520
1425687877846	37.491238	139.921828	8	0.012	-0.204	9.532	4.496
1425687877951	37.491240	139.921823	8	-0.034	-0.161	9.414	4.469
1425687878047	37.491241	139.921819	8	-0.049	-0.162	9.437	4.445
1425687878146	37.491243	139.921815	8	-0.008	-0.273	9.705	4.419
1425687878248	37.491244	139.921810	8	-0.018	-0.406	9.629	4.394
1425687878347	37.491245	139.921805	8	-0.015	-0.567	9.602	4.369
1425687878450	37.491247	139.921801	8	-0.040	-0.698	9.689	4.343
1425687878546	37.491248	139.921797	8	0.007	-0.783	9.690	4.320
1425687878646	37.491249	139.921792	8	0.075	-0.799	9.467	4.295
1425687878747	37.491251	139.921788	8	0.069	-0.822	9.404	4.270
1425687878848	37.491252	139.921783	11	0.068	-0.837	9.428	4.245
1425687878948	37.491250	139.921777	11	0.051	-0.868	9.564	4.220
1425687879049	37.491248	139.921771	11	0.042	-0.856	9.536	4.194
1425687879150	37.491247	139.921764	11	0.056	-0.853	9.462	4.168
1425687879250	37.491245	139.921758	11	0.160	-0.902	9.635	4.143
1425687879346	37.491244	139.921753	11	0.254	-1.018	9.904	4.119
1425687879447	37.491242	139.921747	11	0.316	-1.187	9.941	4.094
1425687879548	37.491240	139.921741	11	0.261	-1.287	9.597	4.069
1425687879648	37.491239	139.921735	11	0.134	-1.322	9.335	4.044
1425687879749	37.491237	139.921729	11	0.086	-1.354	9.375	4.020
1425687879850	37.491236	139.921724	11	0.114	-1.435	9.638	3.952
1425687879950	37.491236	139.921723	11	0.146	-1.477	9.750	3.718
1425687880046	37.491235	139.921722	11	0.131	-1.454	9.638	3.503
1425687880147	37.491235	139.921721	11	0.128	-1.410	9.401	3.284
1425687880247	37.491235	139.921720	11	0.116	-1.370	9.349	3.077
1425687880348	37.491234	139.921719	11	0.078	-1.368	9.519	2.878
1425687880449	37.491234	139.921718	11	0.048	-1.311	9.902	2.687
1425687880550	37.491234	139.921718	11	0.008	-1.110	9.821	2.505
1425687880650	37.491234	139.921717	11	0.003	-0.939	9.493	2.335
1425687880746	37.491234	139.921716	11	0.056	-0.797	9.297	2.179
1425687880847	37.491233	139.921715	11	0.136	-0.726	9.391	2.025
1425687880947	37.491233	139.921715	11	0.155	-0.747	9.671	1.881
1425687881048	37.491233	139.921714	11	0.166	-0.782	9.729	1.744
1425687881149	37.491233	139.921714	11	0.141	-0.840	9.551	1.617
1425687881250	37.491233	139.921713	11	0.098	-0.912	9.375	1.499
1425687881350	37.491233	139.921713	11	-0.001	-1.030	9.422	1.392
1425687881446	37.491232	139.921712	11	-0.063	-1.119	9.654	1.297
1425687881547	37.491232	139.921712	11	-0.101	-1.177	9.745	1.206
1425687881647	37.491232	139.921712	11	-0.057	-1.178	9.609	1.125
1425687881748	37.491232	139.921711	11	0.021	-1.185	9.472	1.052
1425687881849	37.491231	139.921711	8	0.080	-1.225	9.488	0.962
1425687881949	37.491229	139.921709	8	0.059	-1.363	9.551	0.776
1425687882050	37.491226	139.921708	8	-0.017	-1.418	9.662	0.608
1425687882146	37.491224	139.921707	8	-0.034	-0.903	9.984	0.468
1425687882246	37.491222	139.921706	8	-0.042	-0.189	9.973	0.341
1425687882347	37.491220	139.921706	8	-0.001	0.279	9.468	0.233
1425687882448	37.491219	139.921705	8	0.042	0.428	8.983	0.146
1425687882549	37.491218	139.921705	8	0.057	0.342	9.039	0.079
1425687882649	37.491217	139.921704	8	-0.003	0.176	9.521	0.033
1425687882750	37.491217	139.921704	8	-0.046	0.012	9.906	0.006
1425687930546	37.491330	139.921020	5	-0.005	0.129	9.578	4.000
1425687930647	37.491331	139.921015	5	0.311	-0.124	10.058	4.000
1425687930748	37.491331	139.921010	5	0.615	-0.353	10.544	4.000
1425687930848	37.491332	139.921005	6	0.841	-0.331	10.262	4.004
1425687930949	37.491333	139.921000	6	0.982	-0.242	9.710	4.029
1425687931050	37.491334	139.920995	6	0.811	-0.128	9.238	4.054
1425687931150	37.491335	139.920990	6	0.516	-0.054	8.975	4.078
1425687931246	37.491335	139.920985	6	0.332	-0.042	9.051	4.102
1425687931347	37.491336	139.920980	6	0.227	-0.119	9.509	4.127
1425687931448	37.491337	139.920975	6	0.102	-0.249	10.145	4.153
1425687931548	37.491338	139.920970	6	-0.181	-0.388	10.377	4.178
1425687931649	37.491339	139.920964	6	-0.325	-0.399	10.344	4.204
1425687931750	37.491339	139.920959	6	-0.499	-0.218	9.310	4.229
1425687931850	37.491340	139.920954	6	-0.612	-0.104	8.742	4.250
1425687931946	37.491340	139.920950	6	-0.731	-0.055	9.018	4.250
1425687932047	37.491341	139.920945	6	-0.781	-0.035	9.538	4.250
1425687932147	37.491341	139.920940	6	-0.847	-0.019	9.761	4.250
1425687932248	37.491342	139.920936	6	-0.960	0.096	9.702	4.250
1425687932349	37.491342	139.920931	6	-1.005	0.343	9.551	4.250
1425687932450	37.491342	139.920926	6	-0.935	0.643	9.378	4.250
1425687932546	37.491343	139.920922	6	-0.878	0.737	9.110	4.250
1425687935546	37.491343	139.920768	5	-0.869	0.744	9.095	4.250
1425687958548	37.491407	139.919368	8	-0.860	0.745	9.083	5.750
1425687958649	37.491405	139.919361	8	-0.593	0.400	9.139	5.750
1425687958749	37.491403	139.919353	8	-0.389	0.143	9.189	5.750
1425687958850	37.491402	139.919346	8	-0.247	-0.018	9.539	5.745
1425687958946	37.491405	139.919341	8	-0.058	-0.067	9.535	5.720
1425687959046	37.491407	139.919336	8	-0.035	-0.110	9.485	5.695
1425687959147	37.491409	139.919331	8	0.023	-0.012	9.252	5.670
1425687959248	37.491411	139.919325	8	-0.094	-0.141	9.672	5.644
1425687959349	37.491414	139.919320	8	-0.207	-0.214	10.047	5.619
1425687959449	37.491416	139.919315	8	-0.167	-0.151	9.532	5.594
1425687959550	37.491418	139.919310	8	-0.126	-0.048	9.062	5.569
1425687959646	37.491420	139.919305	8	-0.129	-0.053	9.146	5.545
1425687959746	37.491422	139.919300	8	-0.109	-0.132	9.496	5.521
1425687959847	37.491424	139.919295	7	-0.081	-0.235	10.014	5.496
1425687959948	37.491424	139.919288	7	0.120	-0.163	9.566	5.470
1425687960049	37.491424	139.919281	7	0.212	-0.078	9.334	5.444
1425687960149	37.491425	139.919274	7	0.258	-0.064	9.387	5.419
1425687960250	37.491425	139.919267	7	0.124	-0.201	9.716	5.394
1425687960346	37.491425	139.919260	7	-0.032	-0.249	9.848	5.370
1425687960446	37.491425	139.919253	7	-0.070	-0.208	9.832	5.345
1425687960547	37.491425	139.919246	7	-0.047	-0.187	9.710	5.320
1425687960648	37.491426	139.919239	7	-0.061	-0.172	9.377	5.295
1425687960748	37.491426	139.919233	7	-0.077	-0.182	9.538	5.270
1425687960849	37.491426	139.919226	6	-0.109	-0.209	9.882	5.250
1425687960950	37.491427	139.919219	6	-0.137	-0.152	9.661	5.250
1425687961046	37.491427	139.919213	6	-0.153	-0.104	9.385	5.250
1425687961146	37.491428	139.919207	6	-0.201	-0.087	9.390	5.250
1425687961247	37.491428	139.919201	6	-0.313	-0.091	9.725	5.250
1425687961348	37.491429	139.919194	6	-0.443	-0.058	9.715	5.250
1425687961448	37.491429	139.919188	6	-0.457	0.129	9.525	5.250
1425687965547	37.491495	139.918959	7	-0.345	0.165	9.477	5.428
1425687965648	37.491498	139.918952	7	-0.150	0.062	9.367	5.454
1425687965749	37.491500	139.918945	7	-0.079	0.012	9.194	5.479
1425687965849	37.491502	139.918939	7	-0.234	-0.048	9.545	5.490
1425687965950	37.491503	139.918933	7	-0.289	-0.134	9.684	5.437
1425687966046	37.491504	139.918928	7	-0.303	-0.190	9.740	5.388
1425687966146	37.491505	139.918922	7	-0.257	-0.185	9.779	5.337
1425687966247	37.491506	139.918917	7	-0.224	-0.135	9.700	5.286
1425687966348	37.491507	139.918911	7	-0.223	-0.085	9.409	5.235
1425687966449	37.491508	139.918906	7	-0.166	-0.065	9.275	5.185
1425687966549	37.491509	139.918901	7	-0.105	-0.031	9.424	5.136
1425687966650	37.491509	139.918895	7	-0.099	-0.043	9.674	5.086
1425687966746	37.491510	139.918890	7	-0.179	-0.072	9.768	5.040
1425687966846	37.491511	139.918885	6	-0.265	-0.095	9.603	4.992
1425687966947	37.491510	139.918882	6	-0.273	-0.102	9.523	4.939
1425687967048	37.491510	139.918878	6	-0.268	-0.085	9.547	4.887
1425687967148	37.491509	139.918874	6	-0.184	-0.096	9.510	4.835
1425687967249	37.491509	139.918870	6	-0.173	-0.091	9.288	4.784
1425687967350	37.491508	139.918867	6	-0.097	-0.001	8.999	4.733
1425687967446	37.491508	139.918863	6	-0.065	-0.061	9.729	4.686
1425687967546	37.491507	139.918860	6	-0.004	-0.110	10.018	4.637
1425687967647	37.491507	139.918856	6	-0.002	-0.135	9.804	4.588
1425687967748	37.491506	139.918853	6	-0.053	-0.138	9.638	4.539
1425687967848	37.491506	139.918849	6	-0.115	-0.083	9.462	4.495
1425687967949	37.491507	139.918844	6	-0.140	-0.062	9.435	4.470
1425687968050	37.491508	139.918839	6	-0.209	-0.137	9.700	4.444
1425687968151	37.491509	139.918834	6	-0.289	-0.170	9.840	4.418
1425687968246	37.491510	139.918830	6	-0.258	-0.181	9.921	4.394
1425687968347	37.491511	139.918825	6	-0.283	-0.140	10.074	4.369
1425687968448	37.491512	139.918820	6	-0.127	-0.094	9.651	4.344
1425687968548	37.491513	139.918815	6	-0.144	0.014	9.151	4.319
1425687968649	37.491513	139.918810	6	-0.183	0.158	8.532	4.294
1425687968750	37.491514	139.918806	6	-0.285	0.124	8.989	4.269
1425687968850	37.491515	139.918801	5	-0.302	0.033	9.627	4.250
1425687968946	37.491515	139.918797	5	-0.172	-0.190	10.350	4.250
1425687969047	37.491515	139.918792	5	-0.201	-0.203	10.465	4.250
1425687969148	37.491515	139.918788	5	-0.183	-0.130	9.832	4.250
1425687969248	37.491515	139.918784	5	-0.196	-0.009	9.250	4.250
1425687969349	37.491515	139.918779	5	-0.192	0.011	8.990	4.250
1425687969450	37.491515	139.918775	5	-0.333	-0.064	9.719	4.250
1425687974546	37.491541	139.918547	6	-0.209	-0.070	9.679	3.785
1425687974646	37.491542	139.918543	6	-0.193	-0.372	9.868	3.772
1425687974747	37.491543	139.918538	6	-0.119	-0.621	9.690	3.760
1425687974848	37.491543	139.918534	6	-0.022	-0.754	9.746	3.745
1425687974948	37.491542	139.918529	6	0.082	-0.805	9.664	3.720
1425687975049	37.491541	139.918525	6	0.128	-0.825	9.484	3.694
1425687975150	37.491541	139.918520	6	0.156	-0.798	9.335	3.668
1425687975251	37.491540	139.918515	6	0.262	-0.830	9.466	3.643
1425687975346	37.491539	139.918511	6	0.247	-0.867	9.764	3.619
1425687975447	37.491539	139.918506	6	0.080	-0.892	9.734	3.594
1425687975548	37.491538	139.918502	6	-0.046	-0.817	9.381	3.569
1425687975649	37.491537	139.918497	6	0.015	-0.801	9.426	3.544
1425687975749	37.491537	139.918493	6	0.105	-0.837	9.809	3.520
1425687975850	37.491536	139.918488	6	0.111	-0.884	9.519	3.489
1425687975950	37.491537	139.918486	6	0.086	-0.931	9.158	3.436
1425687976046	37.491538	139.918483	6	0.083	-1.053	9.413	3.385
1425687976147	37.491539	139.918481	6	0.155	-1.216	9.831	3.333
1425687976248	37.491540	139.918478	6	0.232	-1.330	9.681	3.282
1425687976348	37.491541	139.918476	6	0.273	-1.382	9.292	3.231
1425687976449	37.491542	139.918473	6	0.253	-1.494	9.539	3.181
1425687976550	37.491543	139.918471	6	0.111	-1.650	9.951	3.132
1425687976650	37.491543	139.918468	6	0.021	-1.719	9.899	3.084
1425687976746	37.491544	139.918466	6	0.009	-1.698	9.591	3.039
1425687976847	37.491545	139.918464	5	0.047	-1.634	9.372	2.991
1425687976947	37.491546	139.918462	5	0.044	-1.641	9.346	2.937
1425687977048	37.491547	139.918460	5	0.026	-1.672	9.516	2.883
1425687977149	37.491548	139.918458	5	0.002	-1.700	9.724	2.831
1425687977250	37.491549	139.918456	5	0.032	-1.664	9.715	2.779
1425687977350	37.491550	139.918455	5	0.107	-1.340	9.696	2.729
1425687977451	37.491551	139.918453	5	0.163	-0.910	9.691	2.679
1425687977547	37.491552	139.918452	5	0.146	-0.593	9.564	2.632
1425687977646	37.491552	139.918450	5	0.069	-0.374	9.393	2.585
1425687977748	37.491553	139.918448	5	0.001	-0.188	9.427	2.538
1425687977847	37.491554	139.918448	5	-0.008	-0.044	9.585	2.416
1425687977949	37.491552	139.918451	5	0.059	0.040	9.625	1.940
1425687978048	37.491551	139.918454	5	0.144	0.097	9.548	1.529
1425687978146	37.491550	139.918457	5	0.172	0.102	9.518	1.170
1425687978246	37.491549	139.918460	5	0.150	0.084	9.584	0.853
1425687978347	37.491548	139.918462	5	0.091	0.057	9.626	0.583
1425687978448	37.491547	139.918463	5	0.045	0.054	9.590	0.365
1425687978549	37.491547	139.918464	5	0.056	0.071	9.536	0.197
1425687978649	37.491546	139.918465	5	0.093	0.072	9.532	0.082
1425687978750	37.491546	139.918466	5	0.121	0.074	9.573	0.016
1425688011546	37.491604	139.918330	6	0.070	0.026	9.575	2.000
1425688011646	37.491605	139.918329	6	0.390	-0.061	9.570	2.000
1425688011747	37.491607	139.918327	6	0.717	-0.164	9.540	2.000
1425688011848	37.491608	139.918325	6	0.805	-0.245	9.607	2.004
1425688011948	37.491610	139.918324	6	0.797	-0.286	9.852	2.028
1425688012049	37.491612	139.918324	6	0.759	-0.323	9.718	2.052
1425688012150	37.491614	139.918323	6	0.791	-0.241	9.330	2.077
1425688012251	37.491616	139.918323	6	0.727	-0.230	9.087	2.102
1425688012346	37.491618	139.918322	6	0.610	-0.259	9.431	2.125
1425688012447	37.491620	139.918321	6	0.578	-0.291	9.645	2.151
1425688012548	37.491622	139.918321	6	0.681	-0.329	9.665	2.177
1425688012648	37.491624	139.918320	6	0.713	-0.391	9.673	2.202
1425688012749	37.491626	139.918320	6	0.708	-0.354	9.756	2.229
1425688012850	37.491628	139.918319	5	0.575	-0.340	9.581	2.250
1425688012950	37.491631	139.918319	5	0.514	-0.317	9.529	2.250
1425688013046	37.491633	139.918319	5	0.533	-0.321	9.496	2.250
1425688013147	37.491636	139.918319	5	0.645	-0.322	9.633	2.250
1425688013248	37.491638	139.918319	5	0.742	-0.319	9.632	2.250
1425688013348	37.491640	139.918319	5	0.765	-0.293	9.577	2.250
1425688013449	37.491643	139.918319	5	0.646	-0.286	9.610	2.250
1425688013550	37.491645	139.918319	5	0.487	-0.333	9.736	2.250
1425688013650	37.491648	139.918319	5	0.295	-0.283	9.615	2.250
1425688013746	37.491650	139.918319	5	0.126	-0.205	9.267	2.250
1425688013847	37.491652	139.918319	5	0.030	-0.160	9.201	2.250
1425688013948	37.491655	139.918319	5	-0.011	-0.184	9.501	2.250
1425688014048	37.491658	139.918320	5	0.009	-0.199	9.854	2.250
1425688014149	37.491660	139.918320	5	0.101	-0.183	9.776	2.250
1425688014250	37.491663	139.918320	5	0.225	-0.130	9.481	2.250
1425688014350	37.491666	139.918321	5	0.253	-0.082	9.426	2.250
1425688014446	37.491668	139.918321	5	0.242	-0.108	9.547	2.250
1425688014547	37.491671	139.918321	5	0.219	-0.150	9.740	2.250
1425688014647	37.491673	139.918321	5	0.175	-0.121	9.616	2.250
1425688014748	37.491676	139.918322	5	0.238	-0.090	9.531	2.250
1425688014849	37.491678	139.918322	5	0.362	-0.088	9.587	2.250
1425688014950	37.491681	139.918322	5	0.450	-0.081	9.628	2.250
1425688015050	37.491683	139.918323	5	0.427	-0.084	9.636	2.250
1425688015146	37.491685	139.918323	5	0.338	-0.077	9.675	2.250
1425688015247	37.491688	139.918324	5	0.275	-0.053	9.592	2.250
1425688015347	37.491690	139.918324	5	0.318	-0.038	9.502	2.250
1425688015448	37.491692	139.918324	5	0.355	-0.047	9.585	2.250
1425688015549	37.491695	139.918325	5	0.374	-0.042	9.552	2.250
1425688015649	37.491697	139.918325	5	0.396	-0.034	9.419	2.250
1425688015750	37.491699	139.918326	5	0.438	-0.141	9.391	2.250
1425688015846	37.491701	139.918326	5	0.497	-0.349	9.440	2.250
1425688015947	37.491703	139.918327	5	0.535	-0.622	9.448	2.250
1425688016047	37.491706	139.918328	5	0.507	-0.892	9.595	2.250
1425688016148	37.491708	139.918329	5	0.410	-1.094	9.781	2.250
1425688016249	37.491710	139.918329	5	0.313	-1.169	9.718	2.250
1425688016349	37.491712	139.918330	5	0.288	-1.106	9.541	2.250
1425688016450	37.491714	139.918331	5	0.327	-1.009	9.505	2.250
1425688016546	37.491716	139.918332	5	0.344	-0.959	9.597	2.250
1425688016646	37.491718	139.918333	5	0.317	-0.976	9.662	2.250
1425688016747	37.491720	139.918333	5	0.260	-0.925	9.521	2.250
1425688016848	37.491722	139.918334	5	0.187	-0.877	9.312	2.250
1425688016949	37.491724	139.918335	5	0.142	-0.947	9.316	2.250
1425688017049	37.491727	139.918336	5	0.174	-0.972	9.560	2.250
1425688017150	37.491729	139.918336	5	0.238	-0.940	9.652	2.250
1425688017246	37.491731	139.918337	5	0.320	-0.781	9.625	2.250
1425688017346	37.491733	139.918338	5	0.354	-0.595	9.543	2.250
1425688017447	37.491735	139.918338	5	0.343	-0.431	9.484	2.250
1425688017548	37.491737	139.918339	5	0.352	-0.344	9.536	2.250
1425688017648	37.491739	139.918340	5	0.362	-0.321	9.648	2.250
1425688017749	37.491741	139.918340	5	0.349	-0.311	9.657	2.250
1425688017850	37.491743	139.918341	5	0.318	-0.298	9.570	2.205
1425688017946	37.491744	139.918342	5	0.316	-0.355	9.502	1.999
1425688018046	37.491745	139.918343	5	0.338	-0.474	9.505	1.799
1425688018147	37.491746	139.918344	5	0.350	-0.612	9.517	1.612
1425688018248	37.491747	139.918345	5	0.352	-0.748	9.571	1.441
1425688018348	37.491748	139.918345	5	0.325	-0.857	9.621	1.286
1425688018449	37.491748	139.918346	5	0.273	-0.980	9.579	1.145
1425688018550	37.491749	139.918347	5	0.220	-1.153	9.474	1.019
1425688018646	37.491749	139.918347	5	0.197	-1.381	9.430	0.913
1425688018746	37.491750	139.918348	5	0.206	-1.692	9.481	0.818
1425688018847	37.491750	139.918348	5	0.255	-1.480	9.909	0.725
1425688018948	37.491750	139.918349	5	0.325	-0.764	10.217	0.583
1425688019048	37.491751	139.918350	5	0.321	-0.125	9.857	0.459
1425688019149	37.491751	139.918351	5	0.311	0.255	9.239	0.348
1425688019250	37.491751	139.918351	5	0.286	0.356	8.903	0.252
1425688019350	37.491752	139.918352	5	0.291	0.275	9.148	0.173
1425688019446	37.491752	139.918352	5	0.312	0.172	9.621	0.111
1425688019547	37.491752	139.918353	5	0.339	0.080	9.971	0.060
1425688019648	37.491752	139.918353	5	0.366	0.092	9.810	0.025
1425688019748	37.491752	139.918353	5	0.354	0.125	9.462	0.005
1425688093547	37.493678	139.919504	10	0.301	0.100	9.547	5.703
1425688093648	37.493683	139.919507	10	0.046	-0.283	9.474	5.629
1425688093748	37.493688	139.919510	10	-0.095	-0.648	9.604	5.558
1425688093849	37.493693	139.919513	10	-0.064	-0.789	9.579	5.500
1425688093950	37.493697	139.919516	10	-0.020	-0.830	9.523	5.500
1425688094046	37.493701	139.919520	10	-0.014	-0.890	9.488	5.500
1425688094146	37.493705	139.919523	10	-0.083	-0.887	9.547	5.500
1425688094247	37.493709	139.919527	10	-0.128	-0.951	9.457	5.500
1425688094348	37.493713	139.919531	10	-0.188	-1.112	9.560	5.500
1425688094449	37.493717	139.919534	10	-0.205	-1.315	9.503	5.500
1425688094549	37.493721	139.919538	10	-0.144	-1.406	9.543	5.500
1425688094646	37.493725	139.919541	10	-0.062	-1.424	9.569	5.500
1425688094751	37.493729	139.919545	10	0.087	-1.458	9.559	5.500
1425688094846	37.493733	139.919548	10	0.245	-1.492	9.618	5.492
1425688094947	37.493737	139.919551	10	0.409	-1.467	9.568	5.439
1425688095048	37.493741	139.919554	10	0.459	-1.449	9.524	5.387
1425688095148	37.493745	139.919556	10	0.456	-1.481	9.599	5.336
1425688095249	37.493749	139.919559	10	0.439	-1.481	9.504	5.285
1425688095350	37.493753	139.919561	10	0.487	-1.441	9.611	5.234
1425688095450	37.493757	139.919564	10	0.513	-1.407	9.746	5.184
1425688095546	37.493760	139.919566	10	0.464	-1.360	9.647	5.137
1425688095647	37.493764	139.919569	10	0.316	-1.250	9.539	5.088
1425688095748	37.493768	139.919571	10	0.135	-1.198	9.489	5.039
1425688095848	37.493771	139.919573	9	0.014	-1.125	9.449	4.948
1425688095949	37.493774	139.919574	9	0.014	-1.067	9.419	4.664
1425688096050	37.493776	139.919574	9	0.110	-1.026	9.603	4.393
1425688096150	37.493779	139.919575	9	0.172	-1.008	9.659	4.138
1425688096246	37.493781	139.919575	9	0.126	-1.019	9.509	3.905
1425688096347	37.493783	139.919575	9	0.135	-1.019	9.465	3.674
1425688096448	37.493785	139.919576	9	0.121	-1.034	9.667	3.455
1425688096548	37.493787	139.919576	9	0.080	-1.017	9.694	3.252
1425688096649	37.493788	139.919576	9	0.025	-0.992	9.431	3.060
1425688096750	37.493790	139.919577	9	0.006	-0.987	9.358	2.882
1425688096850	37.493791	139.919577	7	-0.001	-0.883	9.609	2.733
1425688096946	37.493792	139.919578	7	-0.023	-0.682	9.796	2.651
1425688097047	37.493793	139.919579	7	-0.042	-0.466	9.708	2.567
1425688097147	37.493794	139.919581	7	-0.028	-0.283	9.534	2.487
1425688097248	37.493795	139.919582	7	0.043	-0.143	9.360	2.408
1425688097349	37.493795	139.919583	7	0.117	-0.096	9.410	2.331
1425688097450	37.493796	139.919584	7	0.237	-0.125	9.653	2.257
1425688097550	37.493797	139.919585	7	0.335	-0.151	9.683	2.186
1425688097646	37.493798	139.919585	7	0.352	-0.189	9.537	2.120
1425688097747	37.493798	139.919586	7	0.306	-0.286	9.514	2.053
1425688097848	37.493799	139.919587	6	0.205	-0.480	9.538	1.990
1425688097948	37.493801	139.919589	6	0.099	-0.728	9.490	1.934
1425688098049	37.493802	139.919591	6	0.038	-0.925	9.512	1.878
1425688098149	37.493804	139.919593	6	0.021	-1.054	9.605	1.825
1425688098250	37.493805	139.919595	6	0.065	-1.087	9.648	1.773
1425688098346	37.493806	139.919597	6	0.150	-1.092	9.572	1.724
1425688098447	37.493807	139.919599	6	0.199	-1.115	9.551	1.675
1425688098547	37.493809	139.919600	6	0.180	-1.143	9.622	1.627
1425688098648	37.493810	139.919602	6	0.143	-1.155	9.615	1.580
1425688098749	37.493811	139.919604	6	0.088	-1.199	9.571	1.535
1425688098849	37.493812	139.919605	7	0.065	-1.204	9.542	1.472
1425688098950	37.493811	139.919606	7	0.066	-1.191	9.543	1.327
1425688099046	37.493810	139.919607	7	0.079	-1.177	9.560	1.199
1425688099146	37.493809	139.919608	7	0.079	-1.179	9.571	1.076
1425688099247	37.493808	139.919608	7	0.088	-1.176	9.563	0.961
1425688099348	37.493808	139.919609	7	0.107	-1.176	9.549	0.857
1425688099449	37.493807	139.919609	7	0.124	-1.202	9.566	0.763
1425688099549	37.493806	139.919610	7	0.148	-1.005	9.705	0.680
1425688099650	37.493806	139.919610	7	0.164	-0.527	9.854	0.606
1425688099746	37.493805	139.919611	7	0.131	-0.056	9.756	0.546
1425688099846	37.493805	139.919611	7	0.100	0.229	9.380	0.484
1425688099947	37.493804	139.919613	7	0.076	0.281	9.145	0.390
1425688100048	37.493804	139.919614	7	0.094	0.195	9.341	0.306
1425688100149	37.493803	139.919615	7	0.136	0.038	9.668	0.232
1425688100249	37.493803	139.919616	7	0.153	-0.100	9.777	0.169
1425688100350	37.493803	139.919616	7	0.138	-0.089	9.674	0.115
1425688100446	37.493802	139.919617	7	0.106	0.043	9.593	0.074
1425688100546	37.493802	139.919617	7	0.088	0.175	9.515	0.040
1425688100647	37.493802	139.919618	7	0.109	0.143	9.443	0.017
1425688100748	37.493802	139.919618	7	0.140	0.073	9.542	0.003
1425688170548	37.496830	139.920878	4	0.141	0.041	9.584	7.750
1425688173545	37.497057	139.920925	11	0.142	0.032	9.582	7.389
1425688183545	37.497652	139.921100	5	0.140	0.021	9.576	7.000
1425688183550	37.497652	139.921100	5	0.135	0.013	9.569	7.000
1425688183646	37.497658	139.921101	5	-0.052	-0.058	9.528	7.000
1425688183746	37.497664	139.921103	5	-0.178	-0.075	9.374	7.000
1425688183847	37.497670	139.921105	6	-0.249	-0.110	9.315	7.000
1425688183948	37.497676	139.921107	6	-0.271	-0.108	9.334	7.000
1425688184048	37.497682	139.921109	6	-0.204	-0.149	9.562	7.000
1425688184149	37.497688	139.921111	6	-0.117	-0.209	9.702	7.000
1425688184250	37.497694	139.921113	6	-0.063	-0.232	9.732	7.000
1425688184350	37.497700	139.921115	6	-0.063	-0.229	9.773	7.000
1425688184446	37.497705	139.921117	6	-0.085	-0.223	9.673	7.000
1425688184547	37.497711	139.921119	6	-0.055	-0.272	9.676	7.000
1425688184648	37.497717	139.921121	6	-0.023	-0.214	9.821	7.000
1425688184748	37.497723	139.921122	6	-0.001	-0.163	9.480	7.000
1425688184849	37.497729	139.921124	6	0.015	-0.117	9.103	6.968
1425688184950	37.497736	139.921127	6	-0.002	-0.086	9.080	6.801
1425688185050	37.497742	139.921130	6	0.021	-0.106	9.540	6.639
1425688185146	37.497748	139.921132	6	0.037	-0.196	9.904	6.487
1425688185247	37.497754	139.921134	6	0.204	-0.205	9.527	6.331
1425688185348	37.497760	139.921137	6	0.236	-0.213	9.322	6.178
1425688185448	37.497765	139.921139	6	0.129	-0.251	9.681	6.031
1425688185549	37.497771	139.921141	6	-0.021	-0.313	10.016	5.885
1425688185650	37.497777	139.921143	6	-0.010	-0.162	9.373	5.743
1425688185750	37.497782	139.921145	6	-0.107	-0.081	9.135	5.607
1425688185846	37.497786	139.921147	6	-0.157	-0.095	9.385	5.504
1425688185947	37.497790	139.921149	6	-0.065	-0.182	9.815	5.529
1425688186047	37.497793	139.921151	6	0.018	-0.224	10.026	5.553
1425688186148	37.497796	139.921153	6	0.034	-0.174	9.942	5.578
1425688186249	37.497799	139.921155	6	-0.029	-0.168	9.623	5.603
1425688186349	37.497802	139.921157	6	0.059	-0.230	9.630	5.628
1425688186450	37.497806	139.921159	6	0.072	-0.241	9.805	5.654
1425688186546	37.497809	139.921161	6	0.023	-0.186	9.615	5.678
1425688186647	37.497812	139.921162	6	-0.000	-0.172	9.437	5.703
1425688186747	37.497815	139.921164	6	-0.020	-0.226	9.418	5.729
1425688186848	37.497819	139.921166	6	-0.049	-0.057	9.203	5.750
1425688186949	37.497824	139.921168	6	-0.131	-0.015	9.040	5.750
1425688187049	37.497829	139.921169	6	-0.046	-0.028	9.548	5.750
1425688187150	37.497834	139.921171	6	-0.055	-0.079	9.998	5.750
1425688187246	37.497839	139.921173	6	0.014	-0.116	10.141	5.750
1425688187347	37.497844	139.921174	6	0.056	0.090	9.733	5.750
1425688187447	37.497849	139.921176	6	0.021	0.196	9.114	5.750
1425688187548	37.497854	139.921177	6	0.101	0.329	9.143	5.750
1425688197548	37.498425	139.921384	5	0.104	0.342	9.159	6.203
1425688197649	37.498431	139.921386	5	0.069	-0.080	9.273	6.129
1425688197750	37.498436	139.921388	5	-0.017	-0.427	9.162	6.057
1425688197850	37.498441	139.921390	6	-0.056	-0.594	9.306	5.990
1425688197946	37.498447	139.921391	6	-0.154	-0.817	9.606	5.940
1425688198047	37.498453	139.921391	6	-0.117	-0.820	9.589	5.888
1425688198148	37.498459	139.921392	6	-0.102	-0.879	9.559	5.836
1425688198248	37.498465	139.921393	6	-0.085	-0.873	9.469	5.786
1425688198349	37.498471	139.921393	6	-0.143	-0.923	9.523	5.735
1425688198450	37.498477	139.921394	6	-0.151	-0.920	9.522	5.685
1425688198550	37.498483	139.921394	6	-0.141	-0.954	9.651	5.636
1425688198646	37.498489	139.921395	6	-0.157	-0.990	9.621	5.589
1425688198747	37.498494	139.921396	6	-0.102	-0.991	9.633	5.540
1425688198847	37.498500	139.921396	6	-0.057	-0.968	9.635	5.500
1425688198948	37.498505	139.921398	6	-0.051	-0.947	9.440	5.500
1425688199049	37.498510	139.921399	6	-0.064	-0.955	9.489	5.500
1425688199150	37.498515	139.921400	6	0.011	-0.956	9.461	5.500
1425688199250	37.498520	139.921401	6	0.093	-0.992	9.645	5.500
1425688199346	37.498524	139.921403	6	0.138	-0.998	9.679	5.500
1425688199447	37.498529	139.921404	6	0.175	-0.995	9.456	5.500
1425688199547	37.498534	139.921405	6	0.286	-1.012	9.728	5.500
1425688199648	37.498539	139.921407	6	0.482	-0.870	9.479	5.500
1425688199749	37.498544	139.921408	6	0.605	-0.792	9.143	5.500
1425688199849	37.498548	139.921409	9	0.704	-0.815	9.446	5.461
1425688199950	37.498549	139.921411	9	0.744	-0.755	9.785	5.255
1425688200046	37.498549	139.921412	9	0.785	-0.724	9.985	5.066
1425688200146	37.498549	139.921414	9	0.859	-0.717	10.108	4.875
1425688200247	37.498550	139.921415	9	1.095	-0.585	9.957	4.690
1425688200348	37.498550	139.921416	9	1.366	-0.440	9.475	4.511
1425688200449	37.498551	139.921418	9	1.454	-0.323	9.116	4.339
1425688200549	37.498551	139.921419	9	1.434	-0.154	8.672	4.175
1425688200650	37.498551	139.921420	9	1.502	-0.281	9.296	4.016
1425688200746	37.498552	139.921421	9	1.598	-0.335	9.961	3.872
1425688200846	37.498553	139.921422	9	1.609	-0.328	9.748	3.750
1425688200947	37.498558	139.921423	9	1.664	-0.323	9.351	3.750
1425688201048	37.498562	139.921424	9	1.768	-0.339	9.168	3.750
1425688201148	37.498567	139.921424	9	1.886	-0.360	8.915	3.750
1425688201249	37.498572	139.921425	9	1.784	-0.502	9.152	3.750
1425688201350	37.498577	139.921426	9	1.625	-0.690	9.779	3.750
1425688201446	37.498582	139.921426	9	1.741	-0.948	10.767	3.750
1425688201546	37.498586	139.921427	9	1.780	-1.153	11.043	3.750
1425688201647	37.498591	139.921428	9	1.609	-1.227	10.743	3.750
1425688201748	37.498596	139.921428	9	1.601	-1.001	9.344	3.750
1425688201848	37.498600	139.921430	8	1.510	-0.874	8.218	3.745
1425688201949	37.498600	139.921435	8	1.522	-0.973	8.526	3.719
1425688202050	37.498599	139.921439	8	1.628	-1.220	9.484	3.694
1425688202146	37.498599	139.921444	8	1.772	-1.444	10.380	3.669
1425688202246	37.498598	139.921448	8	1.920	-1.448	10.197	3.644
1425688202347	37.498598	139.921453	8	1.919	-1.188	9.933	3.619
1425688202448	37.498598	139.921457	8	1.761	-0.940	9.800	3.593
1425688202548	37.498597	139.921462	8	1.461	-0.666	9.522	3.569
1425688202649	37.498597	139.921466	8	1.002	-0.503	9.081	3.544
1425688202750	37.498596	139.921471	8	0.679	-0.571	9.391	3.519
1425688202851	37.498596	139.921475	6	0.450	-0.606	9.522	3.500
1425688202946	37.498597	139.921478	6	0.401	-0.362	9.599	3.500
1425688203047	37.498597	139.921481	6	0.489	0.359	9.644	3.500
1425688203148	37.498598	139.921484	6	0.688	0.736	9.125	3.500
1425688203248	37.498598	139.921487	6	0.858	0.478	8.790	3.500
1425688203349	37.498599	139.921490	6	1.011	0.290	9.154	3.500
1425688203450	37.498599	139.921493	6	1.263	0.376	9.707	3.500
1425688229548	37.498164	139.923136	7	1.500	0.530	9.719	5.569
1425688233546	37.498079	139.923334	7	1.497	0.536	9.714	4.386
1425688237544	37.498045	139.923505	11	1.484	0.537	9.708	3.386
1425688237549	37.498045	139.923505	11	1.463	0.532	9.703	3.383
1425688237650	37.498043	139.923508	11	0.820	0.017	9.625	3.335
1425688237746	37.498041	139.923511	11	0.452	-0.321	9.585	3.289
1425688237847	37.498040	139.923514	8	0.231	-0.552	9.753	3.230
1425688237947	37.498038	139.923517	8	0.125	-0.700	9.656	3.114
1425688238048	37.498037	139.923520	8	0.083	-0.746	9.419	3.001
1425688238149	37.498036	139.923523	8	0.019	-0.811	9.486	2.892
1425688238249	37.498034	139.923525	8	-0.025	-0.873	9.494	2.787
1425688238350	37.498033	139.923528	8	-0.032	-0.916	9.429	2.685
1425688238446	37.498032	139.923530	8	-0.014	-0.945	9.556	2.591
1425688238547	37.498031	139.923532	8	0.002	-1.020	9.782	2.496
1425688238647	37.498030	139.923534	8	-0.028	-1.052	9.708	2.406
1425688238748	37.498029	139.923536	8	-0.039	-1.053	9.408	2.318
1425688238849	37.498028	139.923538	8	-0.054	-1.092	9.427	2.217
1425688238949	37.498027	139.923539	8	-0.054	-1.123	9.595	2.051
1425688239050	37.498026	139.923540	8	-0.027	-1.132	9.620	1.893
1425688239146	37.498025	139.923541	8	0.019	-1.162	9.651	1.751
1425688239246	37.498024	139.923542	8	0.070	-1.186	9.699	1.613
1425688239347	37.498023	139.923543	8	0.119	-1.166	9.582	1.484
1425688239448	37.498022	139.923544	8	0.150	-1.132	9.466	1.364
1425688239549	37.498022	139.923544	8	0.108	-1.124	9.470	1.254
1425688239649	37.498021	139.923545	8	0.017	-1.134	9.485	1.155
1425688239750	37.498020	139.923546	8	-0.055	-1.158	9.548	1.065
1425688239846	37.498020	139.923546	8	-0.056	-1.167	9.613	0.968
1425688239946	37.498018	139.923545	8	0.007	-1.079	9.628	0.781
1425688240047	37.498017	139.923544	8	0.098	-0.613	9.796	0.613
1425688240148	37.498016	139.923544	8	0.119	-0.103	9.792	0.465
1425688240248	37.498015	139.923543	8	0.087	0.241	9.476	0.339
1425688240349	37.498015	139.923543	8	0.033	0.422	9.214	0.231
1425688240450	37.498014	139.923543	8	0.016	0.472	9.309	0.144
1425688240546	37.498014	139.923542	8	0.022	0.448	9.603	0.081
1425688240646	37.498013	139.923542	8	0.045	0.400	9.722	0.034
1425688240747	37.498013	139.923542	8	0.052	0.309	9.538	0.007
1425688278548	37.497703	139.923586	7	0.022	0.313	9.568	4.500
1425688278648	37.497698	139.923586	7	-0.036	-0.109	9.493	4.500
1425688278749	37.497694	139.923586	7	0.047	-0.294	9.442	4.500
1425688278850	37.497689	139.923586	6	0.232	-0.262	9.412	4.500
1425688278946	37.497685	139.923586	6	0.359	-0.262	9.702	4.500
1425688279046	37.497681	139.923586	6	0.474	-0.202	9.564	4.500
1425688279147	37.497676	139.923586	6	0.614	-0.163	9.242	4.500
1425688279248	37.497672	139.923586	6	0.790	-0.115	9.132	4.500
1425688279348	37.497667	139.923586	6	0.905	-0.237	9.429	4.500
1425688279449	37.497663	139.923586	6	0.897	-0.472	9.678	4.500
1425688279550	37.497658	139.923586	6	0.862	-0.708	9.837	4.500
1425688279650	37.497654	139.923586	6	0.824	-0.861	9.834	4.500
1425688279746	37.497650	139.923586	6	0.792	-0.893	9.534	4.500
1425688279847	37.497645	139.923586	6	0.771	-0.957	9.495	4.500
1425688279948	37.497641	139.923585	6	0.684	-1.083	9.512	4.500
1425688280048	37.497637	139.923584	6	0.524	-1.337	9.497	4.500
1425688280149	37.497633	139.923584	6	0.446	-1.499	9.640	4.500
1425688280250	37.497629	139.923583	6	0.451	-1.542	9.490	4.500
1425688280350	37.497625	139.923582	6	0.486	-1.537	9.407	4.500
1425688280446	37.497621	139.923582	6	0.395	-1.565	9.473	4.500
1425688280547	37.497617	139.923581	6	0.187	-1.659	9.636	4.500
1425688280648	37.497612	139.923580	6	-0.055	-1.689	9.675	4.500
1425688280748	37.497608	139.923580	6	-0.306	-1.662	9.635	4.500
1425688280849	37.497604	139.923579	6	-0.519	-1.751	9.831	4.490
1425688280950	37.497601	139.923577	6	-0.620	-1.811	10.096	4.437
1425688281050	37.497598	139.923576	6	-0.710	-1.788	9.592	4.385
1425688281146	37.497595	139.923575	6	-0.812	-1.795	9.130	4.336
1425688281247	37.497592	139.923574	6	-0.909	-1.810	9.130	4.284
1425688281347	37.497590	139.923573	6	-0.978	-1.863	9.390	4.234
1425688281448	37.497587	139.923571	6	-1.008	-1.939	9.524	4.184
1425688281549	37.497584	139.923570	6	-0.985	-1.931	9.567	4.135
1425688281650	37.497581	139.923569	6	-0.940	-1.913	9.544	4.086
1425688281750	37.497578	139.923568	6	-0.829	-1.911	9.397	4.038
1425688281846	37.497576	139.923567	6	-0.718	-1.975	9.418	3.991
1425688281947	37.497574	139.923565	6	-0.648	-1.998	9.615	3.938
1425688282047	37.497572	139.923564	6	-0.660	-2.039	9.664	3.886
1425688282148	37.497570	139.923563	6	-0.704	-1.956	9.586	3.834
1425688282249	37.497568	139.923561	6	-0.663	-1.301	9.875	3.782
1425688282349	37.497566	139.923560	6	-0.529	-0.365	10.029	3.732
1425688282450	37.497565	139.923559	6	-0.423	0.291	9.529	3.682
1425688282546	37.497563	139.923558	6	-0.364	0.426	8.910	3.635
1425688282647	37.497561	139.923556	6	-0.357	0.345	8.842	3.587
1425688282747	37.497559	139.923555	6	-0.374	0.270	9.369	3.539
1425688282848	37.497559	139.923554	6	-0.364	0.163	9.944	3.375
1425688282949	37.497565	139.923554	6	-0.336	0.104	9.962	2.717
1425688283049	37.497571	139.923555	6	-0.314	0.134	9.609	2.135
1425688283150	37.497576	139.923555	6	-0.327	0.139	9.308	1.618
1425688283246	37.497580	139.923555	6	-0.389	0.109	9.372	1.194
1425688283346	37.497583	139.923556	6	-0.471	0.021	9.613	0.820
1425688283447	37.497586	139.923556	6	-0.487	-0.056	9.717	0.513
1425688283548	37.497588	139.923556	6	-0.431	-0.046	9.610	0.278
1425688283649	37.497590	139.923556	6	-0.365	-0.017	9.466	0.115
1425688283749	37.497591	139.923556	6	-0.339	0.023	9.495	0.023
1425688365544	37.497637	139.923535	6	-0.396	0.035	9.549	0.250
1425688365549	37.497637	139.923535	6	-0.401	0.032	9.550	0.250
1425688365650	37.497637	139.923535	6	-0.326	-0.024	9.449	0.250
1425688365746	37.497638	139.923535	6	-0.211	-0.080	9.453	0.250
1425688365846	37.497638	139.923535	6	-0.110	-0.135	9.575	0.253
1425688365947	37.497639	139.923535	6	-0.088	-0.214	9.519	0.271
1425688366048	37.497639	139.923535	6	-0.267	-0.278	9.534	0.290
1425688366149	37.497640	139.923535	6	-0.416	-0.307	9.626	0.312
1425688366249	37.497641	139.923535	6	-0.416	-0.283	9.705	0.334
1425688366350	37.497641	139.923535	6	-0.311	-0.228	9.667	0.359
1425688366446	37.497642	139.923534	6	-0.248	-0.195	9.566	0.384
1425688366546	37.497643	139.923534	6	-0.311	-0.167	9.580	0.412
1425688366647	37.497644	139.923534	6	-0.452	-0.170	9.691	0.442
1425688366748	37.497645	139.923534	6	-0.603	-0.151	9.702	0.473
1425688366848	37.497646	139.923534	6	-0.757	-0.101	9.607	0.500
1425688366949	37.497647	139.923534	6	-0.843	-0.020	9.506	0.500
1425688367050	37.497648	139.923534	6	-0.840	0.027	9.429	0.500
1425688367146	37.497649	139.923533	6	-0.799	0.054	9.451	0.500
1425688367246	37.497649	139.923533	6	-0.689	0.080	9.556	0.500
1425688367347	37.497650	139.923533	6	-0.608	0.080	9.595	0.500
1425688367448	37.497651	139.923533	6	-0.529	0.116	9.525	0.500
1425688367548	37.497652	139.923533	6	-0.523	0.119	9.466	0.500
1425688367649	37.497653	139.923532	6	-0.576	0.102	9.523	0.500
1425688367750	37.497653	139.923532	6	-0.651	-0.009	9.569	0.500
1425688367846	37.497654	139.923532	6	-0.656	-0.075	9.583	0.500
1425688367946	37.497655	139.923532	6	-0.588	0.020	9.594	0.500
1425688368047	37.497656	139.923532	6	-0.503	-0.006	9.441	0.500
1425688368148	37.497657	139.923531	6	-0.426	-0.002	9.480	0.500
1425688368248	37.497658	139.923531	6	-0.393	0.013	9.639	0.500
1425688368349	37.497659	139.923531	6	-0.424	-0.052	9.644	0.500
1425688368450	37.497660	139.923531	6	-0.467	-0.052	9.574	0.500
1425688368550	37.497660	139.923531	6	-0.467	-0.073	9.515	0.500
1425688368646	37.497661	139.923530	6	-0.449	-0.062	9.549	0.500
1425688368747	37.497662	139.923530	6	-0.405	-0.053	9.599	0.500
1425688368848	37.497663	139.923530	6	-0.364	-0.054	9.611	0.500
1425688368948	37.497664	139.923530	6	-0.330	-0.059	9.577	0.500
1425688369049	37.497665	139.923530	6	-0.328	-0.066	9.543	0.500
1425688369150	37.497666	139.923530	6	-0.343	-0.072	9.551	0.500
1425688369250	37.497667	139.923530	6	-0.367	-0.078	9.571	0.500
1425688369346	37.497668	139.923529	6	-0.375	-0.066	9.570	0.500
1425688369447	37.497669	139.923529	6	-0.370	-0.089	9.529	0.500
1425688369548	37.497669	139.923529	6	-0.351	-0.098	9.517	0.500
1425688369648	37.497670	139.923529	6	-0.299	-0.106	9.533	0.500
1425688369749	37.497671	139.923529	6	-0.252	-0.114	9.568	0.500
1425688369850	37.497672	139.923529	6	-0.220	-0.143	9.556	0.500
1425688369950	37.497673	139.923529	6	-0.186	-0.192	9.535	0.500
1425688370046	37.497674	139.923529	6	-0.129	-0.219	9.573	0.500
1425688370147	37.497675	139.923529	6	-0.052	-0.267	9.542	0.500
1425688370247	37.497676	139.923529	6	0.012	-0.238	9.555	0.500
1425688370348	37.497677	139.923530	6	0.034	-0.238	9.553	0.500
1425688370449	37.497678	139.923530	6	0.015	-0.261	9.536	0.500
1425688370550	37.497678	139.923530	6	-0.020	-0.281	9.577	0.500
1425688370650	37.497679	139.923530	6	-0.074	-0.275	9.608	0.500
1425688370746	37.497680	139.923530	6	-0.110	-0.283	9.566	0.500
1425688370847	37.497681	139.923530	6	-0.094	-0.306	9.507	0.500
1425688370947	37.497682	139.923530	6	-0.039	-0.295	9.522	0.500
1425688371048	37.497683	139.923530	6	0.009	-0.281	9.574	0.500
1425688371149	37.497684	139.923531	6	0.048	-0.298	9.584	0.500
1425688371249	37.497684	139.923531	6	0.047	-0.328	9.546	0.500
1425688371350	37.497685	139.923531	6	0.013	-0.352	9.578	0.500
1425688371446	37.497686	139.923531	6	0.013	-0.366	9.575	0.500
1425688371547	37.497687	139.923531	6	0.026	-0.372	9.507	0.500
1425688371647	37.497688	139.923532	6	0.054	-0.389	9.532	0.500
1425688371748	37.497688	139.923532	6	0.051	-0.397	9.615	0.500
1425688371849	37.497689	139.923532	6	0.027	-0.352	9.724	0.500
1425688371949	37.497690	139.923532	6	-0.039	-0.312	9.659	0.500
1425688372050	37.497690	139.923533	6	-0.115	-0.240	9.549	0.500
1425688372146	37.497691	139.923533	6	-0.211	-0.215	9.462	0.500
1425688372246	37.497692	139.923534	6	-0.301	-0.245	9.492	0.500
1425688372347	37.497692	139.923534	6	-0.336	-0.268	9.621	0.500
1425688372448	37.497693	139.923534	6	-0.344	-0.271	9.619	0.500
1425688372549	37.497693	139.923535	6	-0.310	-0.222	9.554	0.500
1425688372649	37.497694	139.923535	6	-0.245	-0.196	9.493	0.500
1425688372750	37.497695	139.923536	6	-0.162	-0.184	9.526	0.500
1425688372846	37.497695	139.923536	6	-0.126	-0.192	9.595	0.500
1425688372946	37.497696	139.923537	6	-0.136	-0.190	9.615	0.500
1425688373047	37.497696	139.923537	6	-0.169	-0.212	9.525	0.500
1425688373148	37.497697	139.923538	6	-0.185	-0.235	9.491	0.500
1425688373248	37.497697	139.923539	6	-0.183	-0.246	9.508	0.500
1425688373349	37.497698	139.923539	6	-0.143	-0.245	9.533	0.500
1425688373450	37.497698	139.923540	6	-0.101	-0.259	9.552	0.500
1425688373546	37.497699	139.923540	6	-0.084	-0.253	9.562	0.500
1425688373646	37.497699	139.923541	6	-0.096	-0.247	9.565	0.500
1425688373747	37.497700	139.923541	6	-0.108	-0.251	9.568	0.500
1425688373848	37.497700	139.923542	6	-0.117	-0.266	9.561	0.500
1425688373948	37.497701	139.923543	6	-0.115	-0.279	9.560	0.500
1425688374049	37.497701	139.923543	6	-0.150	-0.289	9.620	0.500
1425688374150	37.497702	139.923544	6	-0.203	-0.277	9.658	0.500
1425688374251	37.497702	139.923545	6	-0.203	-0.250	9.623	0.500
1425688374346	37.497703	139.923545	6	-0.157	-0.223	9.549	0.500
1425688374447	37.497703	139.923546	6	-0.108	-0.184	9.523	0.500
1425688374548	37.497704	139.923546	6	-0.079	-0.173	9.548	0.500
1425688374648	37.497704	139.923547	6	-0.066	-0.197	9.564	0.500
1425688374749	37.497705	139.923548	6	-0.060	-0.221	9.549	0.500
1425688374850	37.497705	139.923548	6	-0.077	-0.237	9.535	0.504
1425688374950	37.497705	139.923549	6	-0.094	-0.227	9.565	0.525
1425688375046	37.497705	139.923550	6	-0.116	-0.222	9.584	0.546
1425688375147	37.497706	139.923550	6	-0.128	-0.212	9.582	0.568
1425688375248	37.497706	139.923551	6	-0.135	-0.214	9.551	0.592
1425688375348	37.497706	139.923552	6	-0.106	-0.210	9.552	0.617
1425688375449	37.497706	139.923553	6	-0.071	-0.201	9.571	0.643
1425688375550	37.497706	139.923554	6	-0.049	-0.194	9.565	0.670
1425688375650	37.497707	139.923555	6	-0.054	-0.188	9.555	0.698
1425688375746	37.497707	139.923556	6	-0.074	-0.173	9.581	0.725
1425688375852	37.497707	139.923557	6	-0.103	-0.156	9.628	0.743
1425688375948	37.497707	139.923558	6	-0.123	-0.167	9.626	0.715
1425688376046	37.497706	139.923559	6	-0.138	-0.172	9.577	0.688
1425688376149	37.497706	139.923560	6	-0.125	-0.160	9.535	0.659
1425688376248	37.497706	139.923560	6	-0.105	-0.120	9.531	0.633
1425688376350	37.497706	139.923561	6	-0.119	-0.097	9.539	0.608
1425688376446	37.497706	139.923562	6	-0.143	-0.085	9.543	0.584
1425688376547	37.497705	139.923562	6	-0.169	-0.091	9.515	0.561
1425688376647	37.497705	139.923563	6	-0.165	-0.078	9.534	0.538
1425688376748	37.497705	139.923564	6	-0.142	-0.066	9.583	0.517
1425688376849	37.497705	139.923564	5	-0.125	-0.064	9.615	0.500
1425688376949	37.497705	139.923565	5	-0.126	-0.055	9.586	0.500
1425688377050	37.497704	139.923566	5	-0.132	-0.043	9.585	0.500
1425688377146	37.497704	139.923567	5	-0.147	-0.060	9.586	0.500
1425688377247	37.497704	139.923567	5	-0.130	-0.043	9.568	0.500
1425688377347	37.497703	139.923568	5	-0.101	0.042	9.574	0.500
1425688377448	37.497703	139.923569	5	-0.123	0.124	9.521	0.500
1425688390545	37.497973	139.923721	5	-0.189	0.137	9.473	3.135
1425688390548	37.497973	139.923721	5	-0.184	0.137	9.477	3.133
1425688390646	37.497975	139.923723	5	0.024	-0.301	9.547	3.086
1425688390747	37.497977	139.923725	5	0.177	-0.678	9.659	3.039
1425688390847	37.497979	139.923726	5	0.362	-0.645	9.845	2.985
1425688390948	37.497981	139.923729	5	0.520	-0.418	9.801	2.900
1425688391049	37.497983	139.923731	5	0.568	-0.194	9.516	2.817
1425688391149	37.497984	139.923733	5	0.526	-0.060	9.196	2.737
1425688391250	37.497986	139.923735	5	0.452	-0.004	9.112	2.659
1425688391346	37.497987	139.923736	5	0.460	0.021	9.266	2.586
1425688391446	37.497989	139.923738	5	0.529	0.037	9.550	2.513
1425688391547	37.497990	139.923740	5	0.588	0.168	9.544	2.441
1425688400545	37.497913	139.924110	16	0.588	0.189	9.539	4.201
1425688400550	37.497913	139.924110	16	0.582	0.204	9.535	4.197
1425688400646	37.497912	139.924114	16	0.209	-0.051	9.584	4.128
1425688400747	37.497911	139.924119	16	-0.108	-0.326	9.600	4.057
1425688400848	37.497910	139.924123	11	-0.248	-0.414	9.495	3.990
1425688400948	37.497910	139.924126	11	-0.245	-0.449	9.446	3.938
1425688401049	37.497910	139.924129	11	-0.144	-0.442	9.456	3.885
1425688401150	37.497909	139.924133	11	-0.051	-0.458	9.471	3.833
1425688401250	37.497909	139.924136	11	-0.032	-0.510	9.590	3.782
1425688401346	37.497909	139.924139	11	-0.033	-0.471	9.546	3.734
1425688401447	37.497909	139.924142	11	-0.001	-0.444	9.458	3.684
1425688401547	37.497909	139.924145	11	0.115	-0.397	9.532	3.635
1425688401648	37.497908	139.924148	11	0.230	-0.333	9.652	3.586
1425688401749	37.497908	139.924152	11	0.342	-0.267	9.670	3.538
1425688401850	37.497908	139.924155	11	0.463	-0.169	9.562	3.483
1425688401950	37.497907	139.924159	11	0.540	-0.088	9.377	3.400
1425688402046	37.497906	139.924162	11	0.621	-0.012	9.200	3.323
1425688402147	37.497906	139.924166	11	0.742	-0.080	9.579	3.243
1425688402247	37.497905	139.924170	11	0.848	-0.143	10.075	3.165
1425688402348	37.497904	139.924173	11	0.873	-0.141	9.897	3.089
1425688402449	37.497903	139.924177	11	0.905	-0.089	9.551	3.015
1425688402549	37.497903	139.924180	11	0.913	-0.029	9.337	2.943
1425688402650	37.497902	139.924183	11	0.886	-0.027	9.379	2.872
1425688402746	37.497902	139.924186	11	0.891	-0.011	9.535	2.806
1425688402847	37.497901	139.924189	11	0.884	-0.058	9.650	2.741
1425688402947	37.497900	139.924191	11	0.912	-0.085	9.605	2.686
1425688403048	37.497898	139.924193	11	0.901	-0.157	9.293	2.632
1425688403149	37.497897	139.924195	11	0.905	-0.386	9.355	2.580
1425688403249	37.497896	139.924197	11	0.883	-0.675	9.661	2.528
1425688403350	37.497895	139.924199	11	0.794	-0.918	9.834	2.478
1425688403446	37.497894	139.924201	11	0.601	-1.022	9.819	2.430
1425688403547	37.497893	139.924202	11	0.263	-1.050	9.670	2.381
1425688403647	37.497892	139.924204	11	-0.053	-1.094	9.498	2.334
1425688403748	37.497891	139.924206	11	-0.165	-1.114	9.329	2.287
1425688403849	37.497890	139.924207	10	-0.059	-1.178	9.381	2.233
1425688403949	37.497889	139.924209	10	0.124	-1.235	9.698	2.145
1425688404050	37.497888	139.924211	10	0.213	-1.225	9.760	2.059
1425688404146	37.497888	139.924212	10	0.186	-1.162	9.455	1.981
1425688404252	37.497887	139.924214	10	0.110	-1.078	9.291	1.897
1425688404347	37.497887	139.924215	10	0.053	-1.094	9.433	1.825
1425688404446	37.497886	139.924216	10	0.109	-1.102	9.607	1.753
1425688404549	37.497885	139.924218	10	0.207	-1.131	9.618	1.680
1425688404648	37.497885	139.924219	10	0.292	-1.161	9.568	1.614
1425688404750	37.497884	139.924220	10	0.317	-1.142	9.522	1.549
1425688404846	37.497884	139.924221	11	0.277	-1.151	9.513	1.476
1425688404946	37.497883	139.924222	11	0.244	-1.165	9.592	1.333
1425688405047	37.497882	139.924222	11	0.249	-1.159	9.617	1.198
1425688405148	37.497882	139.924223	11	0.289	-1.161	9.555	1.074
1425688405248	37.497881	139.924223	11	0.359	-0.804	9.723	0.960
1425688405349	37.497881	139.924224	11	0.386	-0.284	9.824	0.856
1425688405450	37.497880	139.924224	11	0.347	0.086	9.588	0.762
1425688405551	37.497880	139.924224	11	0.320	0.302	9.267	0.678
1425688405646	37.497880	139.924225	11	0.314	0.385	9.230	0.609
1425688405747	37.497879	139.924225	11	0.343	0.356	9.481	0.545
1425688405848	37.497879	139.924225	11	0.371	0.228	9.627	0.482
1425688405948	37.497877	139.924224	11	0.358	0.088	9.589	0.389
1425688406049	37.497875	139.924224	11	0.327	0.090	9.579	0.305
1425688406150	37.497874	139.924223	11	0.298	0.167	9.579	0.231
1425688406246	37.497873	139.924223	11	0.304	0.223	9.562	0.171
1425688406346	37.497872	139.924223	11	0.351	0.239	9.504	0.117
1425688406447	37.497871	139.924222	11	0.387	0.214	9.512	0.073
1425688406548	37.497871	139.924222	11	0.394	0.170	9.594	0.040
1425688406648	37.497870	139.924222	11	0.349	0.136	9.589	0.017
1425688406749	37.497870	139.924222	11	0.312	0.152	9.553	0.003
1425688423547	37.497785	139.924463	11	0.352	0.201	9.549	3.000
1425688423648	37.497786	139.924467	11	-0.293	0.010	9.372	3.000
1425688423748	37.497786	139.924470	11	-0.749	0.067	9.454	3.000
1425688423849	37.497787	139.924474	11	-1.113	0.098	9.703	2.995
1425688423950	37.497789	139.924477	11	-1.444	0.034	9.709	2.969
1425688424046	37.497790	139.924479	11	-1.654	-0.196	9.360	2.944
1425688424146	37.497791	139.924482	11	-1.734	-0.390	9.165	2.919
1425688424247	37.497793	139.924485	11	-1.659	-0.314	9.494	2.893
1425688424348	37.497794	139.924488	11	-1.555	-0.185	9.824	2.868
1425688424449	37.497795	139.924491	11	-1.341	-0.126	9.575	2.843
1425688424549	37.497796	139.924494	11	-0.978	-0.022	9.309	2.818
1425688424650	37.497798	139.924497	11	-0.566	0.090	9.515	2.793
1425688424746	37.497799	139.924500	11	-0.256	0.206	9.657	2.770
1425688424846	37.497800	139.924502	11	-0.063	0.291	9.436	2.750
1425688424947	37.497803	139.924504	11	-0.035	0.276	9.484	2.750
1425688425048	37.497805	139.924506	11	-0.033	0.234	9.752	2.750
1425688425148	37.497808	139.924508	11	-0.047	0.330	9.727	2.750
1425688425249	37.497810	139.924510	11	-0.027	0.359	9.459	2.750
1425688425350	37.497812	139.924512	11	-0.023	0.385	9.333	2.750
1425688425450	37.497815	139.924514	11	0.021	0.444	9.611	2.750
1425688425546	37.497817	139.924516	11	0.108	0.523	9.806	2.750
1425688432545	37.498115	139.924620	5	0.109	0.526	9.806	4.320
1425688432550	37.498116	139.924620	5	0.107	0.525	9.802	4.319
1425688432651	37.498120	139.924621	5	0.039	0.136	9.934	4.294
1425688432747	37.498124	139.924623	5	0.022	-0.042	9.676	4.270
1425688432846	37.498129	139.924624	5	0.081	-0.139	9.502	4.250
1425688432948	37.498133	139.924626	5	0.072	-0.190	9.804	4.250
1425688433047	37.498137	139.924628	5	0.039	-0.241	9.909	4.250
1425688433150	37.498141	139.924629	5	0.052	-0.274	9.865	4.250
1425688433249	37.498146	139.924631	5	0.126	-0.200	9.427	4.250
1425688433346	37.498150	139.924633	5	0.123	-0.186	9.394	4.250
1425688433447	37.498154	139.924634	5	0.097	-0.228	9.721	4.250
1425688433547	37.498158	139.924636	5	0.062	-0.228	9.863	4.250
1425688433649	37.498162	139.924638	5	-0.043	-0.176	9.628	4.250
1425688433749	37.498167	139.924640	5	-0.153	-0.203	9.368	4.250
1425688433849	37.498171	139.924641	5	-0.191	-0.159	9.349	4.240
1425688433950	37.498174	139.924643	5	-0.137	-0.184	9.332	4.187
1425688434046	37.498178	139.924645	5	-0.020	-0.262	9.418	4.137
1425688434147	37.498181	139.924647	5	0.127	-0.290	9.542	4.085
1425688434247	37.498185	139.924649	5	0.189	-0.339	9.562	4.034
1425688434348	37.498188	139.924651	5	0.183	-0.339	9.510	3.983
1425688434449	37.498192	139.924653	5	0.119	-0.396	9.673	3.933
1425688434549	37.498195	139.924655	5	0.084	-0.443	9.728	3.884
1425688434650	37.498198	139.924657	5	0.011	-0.439	9.495	3.835
1425688434746	37.498201	139.924658	5	-0.044	-0.486	9.610	3.790
1425688434847	37.498204	139.924660	5	-0.034	-0.487	9.714	3.736
1425688434947	37.498207	139.924662	5	0.020	-0.461	9.567	3.654
1425688435048	37.498210	139.924664	5	0.101	-0.434	9.448	3.572
1425688435149	37.498213	139.924665	5	0.146	-0.457	9.630	3.493
1425688435249	37.498215	139.924667	5	0.134	-0.441	9.612	3.415
1425688435350	37.498218	139.924669	5	0.083	-0.444	9.446	3.339
1425688435446	37.498220	139.924670	5	0.027	-0.456	9.545	3.268
1425688435547	37.498222	139.924672	5	0.002	-0.434	9.577	3.195
1425688435647	37.498225	139.924673	5	0.024	-0.431	9.558	3.125
1425688435748	37.498227	139.924675	5	0.045	-0.447	9.580	3.055
1425688435849	37.498230	139.924676	4	0.078	-0.468	9.544	2.984
1425688435949	37.498232	139.924678	4	0.084	-0.455	9.598	2.900
1425688436050	37.498235	139.924679	4	0.066	-0.468	9.617	2.817
1425688436146	37.498237	139.924681	4	0.056	-0.484	9.538	2.740
1425688436246	37.498240	139.924682	4	0.057	-0.492	9.496	2.662
1425688436347	37.498242	139.924683	4	0.056	-0.490	9.604	2.585
1425688436448	37.498245	139.924684	4	0.063	-0.455	9.523	2.511
1425688436549	37.498247	139.924686	4	0.066	-0.441	9.507	2.439
1425688436649	37.498249	139.924687	4	0.058	-0.441	9.602	2.370
1425688436750	37.498251	139.924688	4	0.060	-0.461	9.608	2.302
1425688436851	37.498254	139.924689	4	0.039	-0.461	9.554	2.238
1425688436946	37.498256	139.924690	4	0.032	-0.466	9.569	2.186
1425688437047	37.498258	139.924691	4	0.028	-0.469	9.525	2.131
1425688437148	37.498261	139.924691	4	0.028	-0.484	9.502	2.077
1425688437248	37.498263	139.924692	4	0.029	-0.475	9.548	2.026
1425688437349	37.498266	139.924693	4	0.048	-0.502	9.573	1.975
1425688437450	37.498268	139.924694	4	0.052	-0.494	9.561	1.925
1425688437551	37.498270	139.924694	4	0.052	-0.485	9.542	1.877
1425688437646	37.498272	139.924695	4	0.010	-0.498	9.495	1.833
1425688437747	37.498274	139.924695	4	-0.018	-0.497	9.493	1.787
1425688437848	37.498276	139.924696	4	-0.032	-0.506	9.581	1.745
1425688437948	37.498278	139.924697	4	-0.022	-0.496	9.609	1.718
1425688438049	37.498280	139.924697	4	0.013	-0.499	9.554	1.692
1425688438150	37.498281	139.924698	4	0.042	-0.493	9.552	1.666
1425688438251	37.498283	139.924698	4	0.063	-0.483	9.569	1.640
1425688438346	37.498285	139.924699	4	0.066	-0.480	9.532	1.616
1425688438447	37.498286	139.924699	4	0.052	-0.504	9.590	1.591
1425688438548	37.498288	139.924700	4	0.050	-0.522	9.669	1.567
1425688438648	37.498289	139.924700	4	0.034	-0.544	9.634	1.543
1425688438749	37.498291	139.924701	4	0.010	-0.515	9.539	1.519
1425688438850	37.498292	139.924701	4	-0.009	-0.521	9.479	1.480
1425688438950	37.498294	139.924702	4	-0.026	-0.562	9.541	1.384
1425688439046	37.498295	139.924702	4	-0.020	-0.582	9.607	1.296
1425688439147	37.498296	139.924703	4	-0.000	-0.631	9.573	1.208
1425688439247	37.498297	139.924703	4	0.023	-0.703	9.485	1.126
1425688439348	37.498298	139.924703	4	0.044	-0.798	9.517	1.049
1425688439449	37.498299	139.924704	4	0.043	-0.868	9.583	0.977
1425688439550	37.498300	139.924704	4	0.020	-0.974	9.601	0.910
1425688439650	37.498301	139.924704	4	0.002	-1.006	9.580	0.848
1425688439746	37.498301	139.924705	4	-0.014	-1.066	9.532	0.794
1425688439847	37.498302	139.924705	4	0.006	-1.111	9.524	0.725
1425688439947	37.498304	139.924705	4	0.014	-1.019	9.637	0.585
1425688440048	37.498306	139.924705	4	0.046	-0.554	9.856	0.459
1425688440149	37.498307	139.924705	4	0.058	-0.079	9.786	0.348
1425688440250	37.498309	139.924705	4	0.036	0.201	9.417	0.252
1425688440350	37.498310	139.924705	4	0.026	0.301	9.169	0.173
1425688440446	37.498311	139.924705	4	0.042	0.257	9.314	0.111
1425688440547	37.498311	139.924705	4	0.057	0.108	9.625	0.060
1425688440647	37.498312	139.924705	4	0.049	-0.051	9.733	0.025
1425688440748	37.498312	139.924705	4	0.017	-0.092	9.654	0.005
1425688458544	37.498527	139.924820	4	0.031	0.103	9.550	2.250
1425688458548	37.498527	139.924820	4	0.023	0.103	9.548	2.250
1425688458649	37.498529	139.924821	4	-0.697	-0.195	9.418	2.250
1425688458750	37.498531	139.924821	4	-1.158	-0.469	9.663	2.250
1425688458850	37.498533	139.924822	5	-1.297	-0.573	9.827	2.245
1425688458946	37.498535	139.924822	5	-1.340	-0.560	9.623	2.219
1425688459047	37.498538	139.924822	5	-1.332	-0.580	9.374	2.193
1425688459147	37.498540	139.924822	5	-1.276	-0.630	9.462	2.168
1425688459248	37.498542	139.924822	5	-1.240	-0.621	9.471	2.142
1425688459349	37.498544	139.924822	5	-1.189	-0.589	9.362	2.117
1425688459449	37.498546	139.924822	5	-1.120	-0.578	9.433	2.092
1425688459550	37.498548	139.924822	5	-1.072	-0.599	9.546	2.067
1425688459646	37.498550	139.924822	5	-1.064	-0.606	9.440	2.044
1425688459747	37.498551	139.924822	5	-1.000	-0.593	9.439	2.020
1425688459847	37.498553	139.924822	5	-0.810	-0.560	9.640	2.000
1425688459948	37.498555	139.924820	5	-0.656	-0.560	9.838	2.000
1425688460049	37.498556	139.924818	5	-0.584	-0.530	9.653	2.000
1425688460149	37.498558	139.924817	5	-0.556	-0.471	9.356	2.000
1425688460250	37.498560	139.924815	5	-0.483	-0.411	9.253	2.000
1425688460346	37.498561	139.924814	5	-0.364	-0.397	9.366	2.000
1425688460447	37.498563	139.924812	5	-0.278	-0.391	9.633	2.000
1425688460547	37.498564	139.924811	5	-0.323	-0.501	9.923	2.000
1425688460648	37.498566	139.924809	5	-0.560	-0.529	9.702	2.000
1425688460749	37.498568	139.924807	5	-0.627	-0.523	9.405	2.000
1425688460849	37.498569	139.924806	4	-0.629	-0.511	9.542	2.000
1425688460950	37.498571	139.924803	4	-0.727	-0.539	9.670	2.000
1425688461051	37.498572	139.924800	4	-0.956	-0.650	9.604	2.000
1425688461146	37.498573	139.924798	4	-1.320	-0.784	9.369	2.000
1425688461252	37.498575	139.924795	4	-1.596	-1.003	9.298	2.000
1425688461348	37.498576	139.924793	4	-1.753	-1.171	9.631	2.000
1425688461447	37.498578	139.924791	4	-1.684	-1.229	9.805	2.000
1425688461549	37.498579	139.924788	4	-1.220	-1.202	9.569	2.000
1425688461648	37.498580	139.924786	4	-0.648	-1.124	9.274	2.000
1425688461746	37.498582	139.924783	4	-0.184	-1.036	9.203	2.000
1425688461846	37.498583	139.924780	4	0.235	-0.957	9.464	2.000
1425688461947	37.498584	139.924777	4	0.424	-0.872	9.896	2.000
1425688462048	37.498584	139.924774	4	0.195	-0.759	9.787	2.000
1425688462148	37.498585	139.924771	4	-0.244	-0.706	9.366	2.000
1425688462249	37.498586	139.924768	4	-0.665	-0.703	9.319	2.000
1425688462350	37.498586	139.924765	4	-0.866	-0.720	9.600	2.000
1425688462446	37.498587	139.924762	4	-0.788	-0.645	9.725	2.000
1425688462546	37.498587	139.924759	4	-0.489	-0.476	9.713	2.000
1425688462647	37.498588	139.924756	4	-0.155	-0.247	9.617	2.000
1425688462748	37.498589	139.924753	4	-0.011	-0.050	9.341	2.000
1425688462848	37.498589	139.924749	4	-0.029	0.031	9.186	2.000
1425688462949	37.498589	139.924747	4	-0.024	-0.018	9.396	2.000
1425688463050	37.498589	139.924744	4	0.016	-0.062	9.734	2.000
1425688463146	37.498589	139.924741	4	0.112	-0.007	9.612	2.000
1425688463246	37.498589	139.924738	4	0.194	0.061	9.306	2.000
1425688463347	37.498589	139.924735	4	0.208	0.124	9.217	2.000
1425688463448	37.498589	139.924732	4	0.150	-0.016	9.614	2.000
1425688463548	37.498589	139.924729	4	0.018	-0.204	9.952	2.000
1425688463649	37.498589	139.924726	4	-0.020	-0.321	9.819	2.000
1425688463750	37.498589	139.924723	4	0.081	-0.381	9.540	2.000
1425688463850	37.498589	139.924720	5	0.334	-0.354	9.438	2.000
1425688463946	37.498589	139.924718	5	0.544	-0.304	9.481	2.000
1425688464047	37.498588	139.924715	5	0.585	-0.278	9.686	2.000
1425688464148	37.498588	139.924713	5	0.385	-0.187	9.820	2.000
1425688464248	37.498587	139.924710	5	0.147	-0.071	9.625	2.000
1425688464349	37.498587	139.924708	5	0.099	0.014	9.371	2.000
1425688464450	37.498587	139.924705	5	0.251	0.031	9.374	2.000
1425688473544	37.498691	139.924228	6	0.412	-0.010	9.603	5.750
1425688473549	37.498691	139.924228	6	0.421	-0.010	9.617	5.750
1425688473649	37.498692	139.924220	6	0.406	-0.257	9.422	5.750
1425688473750	37.498694	139.924212	6	0.348	-0.532	9.704	5.750
1425688473846	37.498695	139.924205	6	0.217	-0.663	9.657	5.737
1425688473946	37.498697	139.924199	6	0.124	-0.789	9.785	5.658
1425688474047	37.498699	139.924194	6	0.047	-0.814	9.555	5.578
1425688474148	37.498700	139.924188	6	0.027	-0.839	9.255	5.500
1425688474249	37.498702	139.924182	6	0.052	-0.877	9.380	5.423
1425688474349	37.498704	139.924177	6	0.104	-0.969	9.707	5.348
1425688474450	37.498705	139.924172	6	0.149	-1.063	9.816	5.273
1425688474546	37.498707	139.924167	6	0.116	-1.063	9.601	5.202
1425688474646	37.498708	139.924161	6	0.130	-1.029	9.117	5.130
1425688474747	37.498710	139.924156	6	0.110	-1.132	9.368	5.058
1425688474848	37.498711	139.924151	5	0.093	-1.225	9.681	4.980
1425688474948	37.498713	139.924147	5	0.106	-1.298	9.854	4.870
1425688475049	37.498715	139.924143	5	0.133	-1.219	9.635	4.762
1425688475150	37.498716	139.924140	5	0.049	-1.222	9.424	4.656
1425688475246	37.498718	139.924136	5	0.003	-1.219	9.356	4.557
1425688475351	37.498719	139.924132	5	0.044	-1.248	9.367	4.451
1425688475447	37.498721	139.924129	5	0.162	-1.372	9.907	4.357
1425688475546	37.498722	139.924125	5	0.248	-1.406	10.086	4.261
1425688475648	37.498724	139.924122	5	0.173	-1.315	9.619	4.165
1425688475747	37.498725	139.924119	5	0.057	-1.230	9.116	4.075
1425688475850	37.498726	139.924115	5	0.057	-1.177	8.958	3.963
1425688475949	37.498727	139.924113	5	0.134	-1.243	9.409	3.785
1425688476046	37.498727	139.924111	5	0.166	-1.409	9.926	3.617
1425688476147	37.498727	139.924108	5	0.175	-1.436	10.035	3.450
1425688476248	37.498728	139.924106	5	0.167	-1.324	9.594	3.289
1425688476348	37.498728	139.924104	5	0.138	-1.254	9.267	3.137
1425688476449	37.498729	139.924102	5	0.102	-1.271	9.324	2.990
1425688476550	37.498729	139.924100	5	0.087	-1.360	9.606	2.850
1425688476650	37.498729	139.924098	5	0.048	-1.388	9.777	2.719
1425688476746	37.498730	139.924096	5	-0.026	-1.395	9.745	2.599
1425688476847	37.498730	139.924095	5	-0.072	-1.310	9.471	2.500
1425688476948	37.498732	139.924092	5	-0.112	-1.428	9.230	2.500
1425688477048	37.498733	139.924089	5	-0.039	-1.500	9.325	2.500
1425688477149	37.498735	139.924086	5	0.021	-1.545	9.687	2.500
1425688477250	37.498736	139.924084	5	0.081	-1.507	9.870	2.500
1425688477350	37.498738	139.924081	5	0.080	-1.477	9.788	2.500
1425688477446	37.498739	139.924078	5	0.010	-1.402	9.574	2.500
1425688477547	37.498741	139.924076	5	-0.123	-1.367	9.315	2.500
1425688477647	37.498742	139.924073	5	-0.207	-1.377	9.375	2.500
1425688477748	37.498744	139.924070	5	-0.204	-1.374	9.604	2.500
1425688477849	37.498745	139.924068	5	-0.126	-1.409	9.660	2.483
1425688477950	37.498747	139.924068	5	0.001	-1.348	9.549	2.396
1425688478050	37.498749	139.924068	5	0.026	-1.187	9.572	2.312
1425688478146	37.498750	139.924068	5	0.005	-0.713	9.853	2.234
1425688478247	37.498752	139.924068	5	-0.056	-0.233	9.806	2.155
1425688478347	37.498753	139.924068	5	-0.094	0.096	9.470	2.079
1425688478448	37.498755	139.924068	5	-0.077	0.236	9.163	2.005
1425688478549	37.498756	139.924068	5	-0.048	0.203	9.232	1.934
1425688478650	37.498758	139.924068	5	-0.025	0.121	9.577	1.865
1425688478750	37.498759	139.924068	5	-0.031	0.069	9.816	1.800
1425688478846	37.498760	139.924068	6	-0.059	0.083	9.713	1.746
1425688478947	37.498762	139.924068	6	-0.081	0.087	9.456	1.719
1425688479047	37.498763	139.924067	6	-0.079	0.084	9.409	1.692
1425688479148	37.498765	139.924067	6	-0.055	0.047	9.564	1.666
1425688479249	37.498766	139.924066	6	-0.025	0.033	9.698	1.641
1425688479349	37.498768	139.924066	6	-0.021	0.035	9.604	1.615
1425688479450	37.498769	139.924065	6	-0.042	0.063	9.483	1.590
1425688479546	37.498770	139.924065	6	-0.077	0.034	9.469	1.567
1425688479647	37.498772	139.924065	6	-0.095	0.012	9.593	1.543
1425688479747	37.498773	139.924064	6	-0.075	0.012	9.636	1.519
1425688479848	37.498774	139.924064	6	-0.041	0.037	9.571	1.489
1425688479949	37.498774	139.924063	6	-0.022	0.068	9.498	1.430
1425688480049	37.498775	139.924061	6	-0.008	0.084	9.557	1.373
1425688480150	37.498775	139.924060	6	-0.038	0.062	9.620	1.318
1425688480246	37.498775	139.924059	6	-0.055	0.036	9.588	1.268
1425688480346	37.498776	139.924058	6	-0.060	0.054	9.538	1.217
1425688480447	37.498776	139.924057	6	-0.064	0.046	9.506	1.168
1425688480548	37.498776	139.924056	6	-0.049	0.058	9.571	1.121
1425688480649	37.498777	139.924056	6	-0.053	0.048	9.593	1.076
1425688480749	37.498777	139.924055	6	-0.058	0.044	9.582	1.033
1425688480850	37.498777	139.924054	6	-0.060	0.052	9.530	0.994
1425688480946	37.498779	139.924053	6	-0.048	0.061	9.552	0.967
1425688481046	37.498780	139.924052	6	-0.045	0.058	9.570	0.940
1425688481147	37.498781	139.924051	6	-0.045	0.064	9.578	0.913
1425688481248	37.498782	139.924050	6	-0.057	0.060	9.552	0.887
1425688481349	37.498784	139.924050	6	-0.060	0.068	9.550	0.861
1425688481449	37.498785	139.924049	6	-0.060	0.066	9.561	0.837
1425688483544	37.498802	139.924045	6	-0.046	0.060	9.583	0.207
1425688489546	37.498829	139.924029	7	-0.043	0.061	9.583	0.412
1425688501545	37.498846	139.924003	5	-0.036	0.066	9.585	0.000
1425688538546	37.499255	139.922350	14	0.011	0.040	9.590	7.855
1425688538646	37.499255	139.922340	14	-0.079	0.038	9.887	7.906
1425688538747	37.499256	139.922330	14	-0.224	0.079	9.178	7.957
1425688538848	37.499257	139.922320	14	-0.161	0.042	8.898	8.000
1425688538948	37.499260	139.922312	14	-0.009	-0.096	9.819	8.000
1425688539049	37.499263	139.922304	14	0.158	-0.113	10.533	8.000
1425688539150	37.499267	139.922296	14	0.005	-0.037	10.367	8.000
1425688539251	37.499270	139.922289	14	-0.127	0.052	9.265	8.000
1425688539346	37.499274	139.922281	14	-0.270	0.033	9.003	8.000
1425688539447	37.499277	139.922273	14	-0.384	0.060	9.037	8.000
1425688539548	37.499280	139.922266	14	-0.270	0.137	9.556	8.000
1425688542544	37.499334	139.922020	8	-0.272	0.142	9.599	7.535
1425688542549	37.499334	139.922019	8	-0.275	0.135	9.642	7.535
1425688542649	37.499336	139.922011	8	-0.122	-0.313	9.961	7.522
1425688542750	37.499338	139.922003	8	0.061	-0.600	9.935	7.510
1425688542846	37.499339	139.921995	8	0.158	-0.714	9.805	7.492
1425688542946	37.499341	139.921987	8	0.270	-0.800	10.104	7.440
1425688543047	37.499342	139.921980	8	0.340	-0.813	10.163	7.389
1425688543148	37.499344	139.921972	8	0.261	-0.728	9.522	7.337
1425688543249	37.499345	139.921964	8	0.221	-0.640	9.109	7.286
1425688543349	37.499347	139.921957	8	0.236	-0.607	9.219	7.236
1425688543450	37.499348	139.921950	8	0.322	-0.600	9.335	7.186
1425688543546	37.499350	139.921943	8	0.369	-0.587	9.520	7.138
1425688543646	37.499351	139.921935	8	0.424	-0.626	9.452	7.089
1425688543747	37.499353	139.921928	8	0.410	-0.644	9.422	7.040
1425688543848	37.499354	139.921921	8	0.295	-0.672	9.518	6.991
1425688543949	37.499357	139.921913	8	0.163	-0.701	9.770	6.939
1425688544049	37.499359	139.921906	8	0.111	-0.681	9.712	6.887
1425688544150	37.499362	139.921899	8	0.105	-0.649	9.659	6.836
1425688544246	37.499364	139.921892	8	0.109	-0.589	9.602	6.788
1425688544346	37.499366	139.921885	8	0.088	-0.563	9.495	6.737
1425688544447	37.499368	139.921878	8	0.086	-0.528	9.199	6.687
1425688544548	37.499371	139.921871	8	0.031	-0.505	9.035	6.637
1425688544648	37.499373	139.921864	8	-0.008	-0.605	9.526	6.588
1425688544749	37.499375	139.921857	8	-0.008	-0.786	10.108	6.539
1425688544850	37.499377	139.921851	8	-0.086	-0.837	9.908	6.484
1425688544946	37.499377	139.921845	8	-0.071	-0.783	9.427	6.408
1425688545046	37.499378	139.921840	8	0.001	-0.767	9.140	6.330
1425688545147	37.499378	139.921834	8	0.105	-0.779	9.211	6.252
1425688545248	37.499379	139.921828	8	0.118	-0.867	9.657	6.175
1425688545348	37.499379	139.921823	8	0.132	-1.002	9.910	6.100
1425688545449	37.499380	139.921817	8	0.194	-1.110	9.656	6.025
1425688545550	37.499380	139.921812	8	0.260	-1.185	9.362	5.951
1425688545646	37.499380	139.921807	8	0.241	-1.284	9.444	5.881
1425688545746	37.499381	139.921801	8	0.186	-1.381	9.719	5.809
1425688545847	37.499381	139.921796	8	0.124	-1.482	9.986	5.709
1425688545948	37.499382	139.921788	8	0.092	-1.491	9.823	5.470
1425688546048	37.499384	139.921781	8	0.128	-1.530	9.826	5.242
1425688546149	37.499385	139.921774	8	0.178	-1.530	9.755	5.021
1425688546250	37.499386	139.921767	8	0.107	-1.476	9.407	4.807
1425688546350	37.499387	139.921761	8	0.015	-1.382	8.908	4.605
1425688546451	37.499388	139.921755	8	0.028	-1.342	8.979	4.409
1425688546547	37.499389	139.921749	8	0.113	-1.431	9.561	4.231
1425688546646	37.499389	139.921744	8	0.145	-1.450	9.539	4.055
1425688546748	37.499390	139.921738	8	0.167	-1.378	9.159	3.882
1425688546847	37.499391	139.921733	8	0.181	-1.392	9.368	3.736
1425688546950	37.499392	139.921729	8	0.061	-1.443	9.681	3.651
1425688547049	37.499394	139.921725	8	-0.083	-1.713	10.091	3.571
1425688547147	37.499395	139.921721	8	-0.055	-1.748	10.113	3.494
1425688547247	37.499396	139.921718	8	0.074	-1.706	9.691	3.417
1425688547347	37.499397	139.921714	8	0.175	-1.603	9.323	3.341
1425688547448	37.499398	139.921710	8	0.107	-1.618	9.223	3.267
1425688547549	37.499399	139.921707	8	-0.043	-1.729	9.546	3.194
1425688547650	37.499400	139.921703	8	-0.208	-1.806	9.887	3.123
1425688547750	37.499401	139.921700	8	-0.311	-1.756	9.769	3.054
1425688547846	37.499402	139.921697	6	-0.257	-1.623	9.459	2.968
1425688547947	37.499400	139.921696	6	-0.138	-1.587	9.277	2.773
1425688548047	37.499399	139.921696	6	0.019	-1.591	9.385	2.590
1425688548148	37.499398	139.921695	6	0.097	-1.682	9.615	2.415
1425688548249	37.499397	139.921695	6	0.103	-1.713	9.714	2.250
1425688548349	37.499396	139.921695	6	0.030	-1.678	9.600	2.097
1425688548450	37.499395	139.921694	6	-0.048	-1.645	9.429	1.952
1425688548546	37.499394	139.921694	6	-0.091	-1.619	9.405	1.824
1425688548647	37.499393	139.921694	6	-0.093	-1.621	9.533	1.700
1425688548747	37.499393	139.921693	6	-0.051	-1.555	9.676	1.586
1425688548848	37.499392	139.921693	6	-0.002	-1.092	9.902	1.446
1425688548949	37.499393	139.921692	6	0.021	-0.447	9.923	1.164
1425688549049	37.499393	139.921691	6	0.017	0.058	9.563	0.915
1425688549150	37.499394	139.921690	6	0.026	0.294	9.115	0.694
1425688549246	37.499394	139.921690	6	0.036	0.272	9.025	0.512
1425688549346	37.499394	139.921689	6	0.034	0.142	9.379	0.351
1425688549447	37.499395	139.921689	6	0.011	-0.072	9.741	0.220
1425688549548	37.499395	139.921688	6	-0.034	-0.242	9.807	0.119
1425688549649	37.499395	139.921688	6	-0.066	-0.232	9.662	0.049
1425688549749	37.499395	139.921688	6	-0.063	-0.054	9.574	0.010
1425688572545	37.499777	139.920445	10	-0.004	0.145	9.578	8.500
1425688572550	37.499777	139.920445	10	0.003	0.143	9.596	8.500
1425688572650	37.499778	139.920432	10	0.114	-0.119	9.956	8.500
1425688572746	37.499778	139.920419	10	0.131	-0.404	10.034	8.500
1425688572847	37.499779	139.920406	10	-0.007	-0.553	10.211	8.496
1425688572947	37.499782	139.920397	10	-0.123	-0.621	11.111	8.470
1425688573048	37.499784	139.920387	10	-0.222	-0.360	11.136	8.445
1425688573149	37.499787	139.920378	10	-0.240	0.258	9.600	8.419
1425688573249	37.499789	139.920369	10	-0.232	0.796	8.066	8.394
1425688573350	37.499792	139.920359	10	-0.156	0.866	6.885	8.369
1425688573446	37.499794	139.920350	10	-0.153	0.630	7.120	8.345
1425688573547	37.499796	139.920341	10	-0.062	0.245	8.961	8.320
1425688578547	37.499897	139.919874	7	-0.060	0.225	9.103	8.138
1425688578647	37.499897	139.919867	7	0.028	-0.112	9.662	8.089
1425688578748	37.499898	139.919859	7	0.035	-0.279	9.301	8.040
1425688578849	37.499900	139.919851	7	0.021	-0.412	9.256	7.995
1425688578950	37.499902	139.919844	7	0.023	-0.462	9.390	7.970
1425688579050	37.499905	139.919836	7	-0.002	-0.465	9.078	7.944
1425688579146	37.499908	139.919828	7	-0.068	-0.656	9.565	7.920
1425688579247	37.499911	139.919820	7	-0.076	-0.756	10.048	7.895
1425688579347	37.499914	139.919812	7	-0.047	-0.747	10.093	7.870
1425688579448	37.499916	139.919804	7	-0.059	-0.673	9.778	7.845
1425688579549	37.499919	139.919797	7	-0.065	-0.580	9.549	7.819
1425688579650	37.499922	139.919789	7	-0.002	-0.468	9.527	7.794
1425688579750	37.499925	139.919781	7	0.118	-0.430	9.416	7.770
1425688579846	37.499927	139.919774	6	0.117	-0.476	9.510	7.746
1425688579947	37.499929	139.919765	6	0.101	-0.531	9.582	7.720
1425688580047	37.499932	139.919757	6	0.088	-0.510	9.519	7.695
1425688580148	37.499934	139.919748	6	0.035	-0.540	9.655	7.670
1425688580249	37.499936	139.919740	6	0.016	-0.466	9.236	7.644
1425688580349	37.499938	139.919732	6	0.068	-0.402	9.189	7.619
1425688580450	37.499940	139.919723	6	0.128	-0.518	9.637	7.594
1425688580546	37.499942	139.919715	6	0.168	-0.598	9.721	7.570
1425688580647	37.499944	139.919707	6	0.096	-0.692	9.973	7.545
1425688580747	37.499946	139.919699	6	0.110	-0.599	9.330	7.520
1425688580848	37.499949	139.919691	5	0.003	-0.742	9.200	7.486
1425688580949	37.499951	139.919684	5	0.048	-0.724	9.268	7.407
1425688581049	37.499954	139.919677	5	0.001	-0.918	10.052	7.329
1425688581150	37.499957	139.919669	5	0.037	-1.002	9.519	7.251
1425688581246	37.499960	139.919663	5	0.135	-1.114	9.287	7.178
1425688581347	37.499963	139.919656	5	0.149	-1.253	9.697	7.102
1425688581447	37.499966	139.919649	5	0.094	-1.405	10.120	7.028
1425688581548	37.499968	139.919642	5	0.062	-1.340	9.868	6.954
1425688581649	37.499971	139.919636	5	0.049	-1.312	9.465	6.880
1425688581749	37.499974	139.919629	5	0.109	-1.219	8.970	6.808
1425688581850	37.499976	139.919623	5	0.043	-1.350	9.514	6.728
1425688581946	37.499978	139.919618	5	0.034	-1.324	9.619	6.626
1425688582046	37.499979	139.919613	5	0.025	-1.203	9.036	6.520
1425688582147	37.499981	139.919608	5	0.006	-1.336	9.671	6.416
1425688582248	37.499983	139.919603	5	-0.070	-1.404	9.947	6.313
1425688582349	37.499984	139.919598	5	-0.098	-1.472	10.093	6.211
1425688582449	37.499986	139.919593	5	-0.114	-1.374	9.637	6.112
1425688582550	37.499987	139.919589	5	-0.116	-1.163	8.731	6.014
1425688582646	37.499988	139.919584	5	-0.044	-1.117	8.956	5.922
1425688582746	37.499990	139.919580	5	-0.079	-1.168	9.221	5.828
1425688582847	37.499991	139.919575	6	-0.059	-1.308	10.017	5.715
1425688582948	37.499991	139.919571	6	0.005	-1.433	10.535	5.511
1425688583048	37.499990	139.919568	6	0.015	-1.381	10.004	5.315
1425688583149	37.499990	139.919564	6	-0.004	-1.166	8.794	5.124
1425688583250	37.499990	139.919561	6	0.020	-1.229	8.837	4.938
1425688583346	37.499989	139.919557	6	0.020	-1.341	9.712	4.769
1425688583446	37.499989	139.919554	6	0.001	-1.445	10.289	4.598
1425688583547	37.499989	139.919551	6	-0.068	-1.564	10.288	4.432
1425688583648	37.499988	139.919548	6	-0.216	-1.390	9.490	4.272
1425688583748	37.499988	139.919545	6	-0.334	-1.305	8.934	4.120
1425688583849	37.499988	139.919543	6	-0.310	-1.192	8.537	3.978
1425688583950	37.499988	139.919540	6	-0.182	-1.321	8.885	3.865
1425688584050	37.499988	139.919537	6	-0.040	-1.469	9.705	3.755
1425688584146	37.499989	139.919535	6	0.058	-1.544	10.125	3.653
1425688584247	37.499989	139.919533	6	0.135	-1.587	9.956	3.548
1425688584348	37.499989	139.919530	6	0.133	-1.509	9.649	3.446
1425688584449	37.499989	139.919528	6	0.058	-1.508	9.690	3.347
1425688584549	37.499989	139.919526	6	-0.026	-1.562	9.749	3.252
1425688584650	37.499990	139.919524	6	-0.012	-1.550	9.389	3.159
1425688584750	37.499990	139.919522	6	-0.053	-1.574	9.126	3.069
1425688584846	37.499990	139.919520	7	-0.105	-1.642	9.361	2.943
1425688584947	37.499992	139.919522	7	-0.171	-1.724	9.822	2.597
1425688585047	37.499994	139.919524	7	-0.215	-1.756	9.896	2.282
1425688585148	37.499995	139.919525	7	-0.196	-1.668	9.552	1.992
1425688585249	37.499996	139.919527	7	-0.142	-1.635	9.315	1.729
1425688585350	37.499997	139.919528	7	-0.094	-1.633	9.411	1.493
1425688585450	37.499998	139.919529	7	-0.069	-1.701	9.586	1.287
1425688585546	37.499999	139.919530	7	-0.066	-1.725	9.681	1.114
1425688585647	37.500000	139.919531	7	-0.094	-1.705	9.623	0.960
1425688585747	37.500001	139.919532	7	-0.110	-1.269	9.783	0.834
1425688585848	37.500001	139.919532	7	-0.124	-0.711	9.803	0.723
1425688585949	37.500000	139.919531	7	-0.116	-0.339	9.488	0.582
1425688586050	37.499999	139.919531	7	-0.115	-0.105	9.208	0.456
1425688586150	37.499998	139.919530	7	-0.106	-0.015	9.261	0.347
1425688586246	37.499997	139.919530	7	-0.087	0.081	9.613	0.256
1425688586347	37.499996	139.919530	7	-0.063	0.320	9.883	0.175
1425688586447	37.499996	139.919529	7	-0.041	0.670	9.750	0.110
1425688586548	37.499995	139.919529	7	-0.020	0.996	9.575	0.060
1425688601544	37.500617	139.919709	6	-0.020	1.005	9.564	6.000
1425688601549	37.500617	139.919709	6	-0.024	1.003	9.557	6.000
1425688601649	37.500623	139.919711	6	-0.058	0.256	9.694	6.000
1425688601750	37.500628	139.919713	6	-0.143	-0.204	9.673	6.000
1425688601846	37.500634	139.919715	6	-0.202	-0.452	9.538	5.978
1425688601946	37.500638	139.919717	6	-0.135	-0.519	9.352	5.840
1425688602047	37.500642	139.919719	6	-0.123	-0.589	9.345	5.704
1425688602148	37.500646	139.919720	6	-0.097	-0.703	9.764	5.571
1425688602248	37.500650	139.919722	6	0.058	-0.733	9.837	5.442
1425688602349	37.500653	139.919724	6	0.053	-0.689	9.471	5.315
1425688602450	37.500657	139.919725	6	-0.022	-0.713	9.434	5.191
1425688602546	37.500660	139.919727	6	-0.004	-0.749	9.345	5.075
1425688602646	37.500664	139.919728	6	-0.098	-0.842	9.525	4.958
1425688602747	37.500667	139.919730	6	-0.243	-0.916	9.721	4.843
1425688602848	37.500670	139.919731	6	-0.217	-0.959	9.768	4.730
1425688602948	37.500672	139.919733	6	-0.138	-0.886	9.507	4.620
1425688603049	37.500674	139.919736	6	-0.125	-0.859	9.208	4.511
1425688603150	37.500676	139.919738	6	-0.092	-0.833	9.579	4.404
1425688603251	37.500678	139.919740	6	0.024	-0.749	9.929	4.300
1425688603346	37.500680	139.919741	6	0.092	-0.624	9.714	4.205
1425688603452	37.500682	139.919743	6	0.023	-0.476	9.243	4.100
1425688603548	37.500683	139.919745	6	-0.023	-0.508	9.423	4.008
1425688603647	37.500685	139.919747	6	-0.043	-0.562	9.959	3.915
1425688603749	37.500687	139.919749	6	-0.132	-0.577	9.942	3.822
1425688603848	37.500689	139.919750	6	-0.206	-0.617	9.590	3.729
1425688603950	37.500692	139.919751	6	-0.153	-0.609	9.084	3.614
1425688604046	37.500695	139.919753	6	-0.087	-0.711	9.077	3.508
1425688604147	37.500699	139.919754	6	-0.092	-1.016	9.600	3.400
1425688604247	37.500702	139.919755	6	-0.028	-1.294	9.868	3.296
1425688604348	37.500705	139.919756	6	-0.009	-1.519	9.727	3.194
1425688604449	37.500708	139.919757	6	-0.100	-1.561	9.381	3.095
1425688604550	37.500711	139.919758	6	-0.134	-1.632	9.476	2.999
1425688604650	37.500713	139.919759	6	-0.048	-1.678	9.672	2.907
1425688604746	37.500716	139.919760	6	0.070	-1.648	9.510	2.822
1425688604847	37.500718	139.919761	5	0.053	-1.618	9.292	2.715
1425688604947	37.500721	139.919762	5	-0.015	-1.614	9.285	2.516
1425688605048	37.500723	139.919762	5	-0.108	-1.724	9.499	2.327
1425688605149	37.500725	139.919763	5	-0.190	-1.794	9.705	2.149
1425688605250	37.500727	139.919764	5	-0.239	-1.753	9.675	1.983
1425688605350	37.500728	139.919764	5	-0.251	-1.687	9.498	1.830
1425688605446	37.500730	139.919765	5	-0.237	-1.476	9.563	1.693
1425688605547	37.500731	139.919765	5	-0.252	-0.995	9.794	1.560
1425688605647	37.500733	139.919765	5	-0.249	-0.574	9.771	1.440
1425688605748	37.500734	139.919766	5	-0.194	-0.263	9.521	1.331
1425688605849	37.500735	139.919766	5	-0.038	-0.029	9.292	1.238
1425688605949	37.500737	139.919765	5	0.118	0.075	9.335	1.177
1425688606050	37.500738	139.919765	5	0.169	0.097	9.540	1.119
1425688606146	37.500739	139.919764	5	0.049	0.101	9.725	1.065
1425688606247	37.500740	139.919764	5	-0.163	0.123	9.731	1.011
1425688606347	37.500741	139.919763	5	-0.287	0.124	9.549	0.960
1425688606448	37.500742	139.919763	5	-0.234	0.131	9.384	0.911
1425688606549	37.500743	139.919762	5	-0.132	0.152	9.428	0.865
1425688606649	37.500744	139.919762	5	-0.082	0.133	9.562	0.822
1425688606750	37.500745	139.919761	5	-0.048	0.162	9.635	0.781
1425688606846	37.500746	139.919761	4	0.001	0.175	9.626	0.750
1425688606946	37.500747	139.919761	4	0.000	0.104	9.403	0.750
1425688607047	37.500747	139.919761	4	-0.007	0.046	9.360	0.750
1425688607148	37.500748	139.919761	4	-0.077	0.004	9.629	0.750
1425688607249	37.500749	139.919761	4	-0.190	-0.064	9.690	0.750
1425688607349	37.500749	139.919762	4	-0.232	-0.241	9.469	0.750
1425688607450	37.500750	139.919762	4	-0.194	-0.480	9.341	0.750
1425688607546	37.500750	139.919762	4	-0.119	-0.454	9.652	0.750
1425688607646	37.500751	139.919762	4	-0.069	-0.278	9.963	0.750
1425688607747	37.500751	139.919762	4	-0.047	-0.148	9.778	0.750
1425688607848	37.500752	139.919762	4	-0.035	0.013	9.486	0.745
1425688607948	37.500753	139.919762	4	-0.043	0.100	9.368	0.715
1425688608049	37.500754	139.919762	4	-0.027	0.158	9.558	0.687
1425688608150	37.500755	139.919762	4	-0.013	0.229	9.751	0.659
1425688608246	37.500756	139.919762	4	0.006	0.312	9.687	0.634
1425688608346	37.500757	139.919763	4	0.082	0.468	9.573	0.609
1425688608447	37.500758	139.919763	4	0.215	0.621	9.518	0.584
1425688608548	37.500759	139.919763	4	0.286	0.700	9.412	0.560
1425688610547	37.500763	139.919772	4	0.288	0.702	9.412	0.371
1425688610648	37.500762	139.919773	4	0.218	0.426	9.499	0.320
1425688610748	37.500762	139.919773	4	0.146	0.198	9.688	0.278
1425688610849	37.500762	139.919773	4	0.063	0.094	9.741	0.241
1425688610950	37.500762	139.919772	4	-0.055	0.060	9.599	0.194
1425688611050	37.500761	139.919771	4	-0.182	0.058	9.466	0.152
1425688611146	37.500761	139.919770	4	-0.254	0.074	9.455	0.117
1425688611247	37.500761	139.919770	4	-0.279	0.104	9.549	0.085
1425688611347	37.500760	139.919769	4	-0.158	0.337	9.714	0.058
1425688611448	37.500760	139.919769	4	0.032	0.689	9.732	0.036
1425688613548	37.500762	139.919773	3	0.189	0.634	9.402	0.250
1425688640548	37.500453	139.921107	7	0.195	0.626	9.387	4.762
1425688640648	37.500452	139.921111	7	0.227	0.085	9.622	4.667
1425688640749	37.500450	139.921116	7	0.253	-0.275	9.900	4.574
1425688640850	37.500449	139.921120	7	0.148	-0.414	9.583	4.484
1425688640951	37.500449	139.921124	7	0.106	-0.446	9.420	4.402
1425688641046	37.500449	139.921128	7	0.061	-0.446	9.619	4.326
1425688641147	37.500449	139.921133	7	0.004	-0.401	9.505	4.247
1425688641248	37.500449	139.921137	7	0.103	-0.397	9.576	4.170
1425688641348	37.500449	139.921141	7	0.159	-0.329	9.602	4.094
1425688641449	37.500449	139.921145	7	0.085	-0.305	9.524	4.020
1425688641550	37.500449	139.921149	7	-0.038	-0.277	9.470	3.946
1425688641650	37.500449	139.921153	7	-0.116	-0.287	9.653	3.875
1425688641746	37.500449	139.921157	7	-0.069	-0.246	9.574	3.808
1425688641847	37.500449	139.921161	7	-0.006	-0.189	9.208	3.746
1425688641948	37.500450	139.921166	7	0.055	-0.232	9.523	3.720
1425688642048	37.500452	139.921171	7	0.089	-0.253	9.875	3.694
1425688642149	37.500453	139.921176	7	0.084	-0.251	9.703	3.668
1425688642250	37.500454	139.921181	7	0.007	-0.234	9.605	3.643
1425688642350	37.500455	139.921186	7	-0.133	-0.257	9.634	3.618
1425688642446	37.500456	139.921191	7	-0.280	-0.285	9.465	3.594
1425688642547	37.500458	139.921195	7	-0.322	-0.332	9.383	3.569
1425688642647	37.500459	139.921200	7	-0.225	-0.413	9.430	3.544
1425688642748	37.500460	139.921205	7	-0.124	-0.519	9.534	3.520
1425688642849	37.500461	139.921209	7	-0.063	-0.610	9.541	3.456
1425688642950	37.500461	139.921211	7	-0.033	-0.687	9.506	3.228
1425688643050	37.500462	139.921213	7	0.012	-0.751	9.634	3.015
1425688643146	37.500462	139.921215	7	0.035	-0.841	9.707	2.821
1425688643247	37.500462	139.921217	7	0.079	-0.904	9.583	2.628
1425688643347	37.500462	139.921219	7	0.086	-0.938	9.472	2.450
1425688643448	37.500462	139.921220	7	0.045	-0.984	9.482	2.281
1425688643549	37.500463	139.921222	7	-0.020	-1.030	9.544	2.124
1425688643649	37.500463	139.921223	7	-0.054	-1.087	9.638	1.980
1425688643750	37.500463	139.921224	7	-0.083	-1.101	9.619	1.847
1425688643846	37.500463	139.921225	6	-0.113	-1.106	9.528	1.728
1425688643947	37.500462	139.921228	6	-0.083	-1.124	9.492	1.592
1425688644047	37.500461	139.921230	6	-0.044	-1.158	9.503	1.465
1425688644148	37.500461	139.921231	6	-0.004	-1.175	9.574	1.345
1425688644249	37.500460	139.921233	6	0.049	-1.175	9.592	1.234
1425688644349	37.500459	139.921235	6	0.080	-1.175	9.564	1.131
1425688644450	37.500459	139.921236	6	0.059	-1.169	9.536	1.036
1425688644546	37.500458	139.921238	6	0.015	-1.183	9.527	0.953
1425688644647	37.500458	139.921239	6	-0.039	-1.211	9.557	0.873
1425688644747	37.500457	139.921240	6	-0.067	-1.239	9.638	0.803
1425688644848	37.500457	139.921241	6	-0.049	-1.243	9.608	0.750
1425688644949	37.500457	139.921242	6	0.001	-1.250	9.499	0.750
1425688645049	37.500456	139.921243	6	0.053	-1.265	9.511	0.750
1425688645150	37.500456	139.921244	6	0.067	-1.203	9.645	0.750
1425688645246	37.500455	139.921244	6	0.021	-0.779	9.857	0.750
1425688645346	37.500455	139.921245	6	-0.056	-0.168	9.890	0.750
1425688645447	37.500455	139.921246	6	-0.077	0.295	9.543	0.750
1425688645548	37.500454	139.921247	6	-0.025	0.504	9.135	0.750
1425688645649	37.500454	139.921248	6	0.042	0.499	9.088	0.750
1425688645749	37.500453	139.921248	6	0.055	0.340	9.445	0.750
1425688645850	37.500453	139.921249	6	0.022	0.141	9.765	0.720
1425688645951	37.500452	139.921246	6	-0.042	0.008	9.801	0.579
1425688646046	37.500451	139.921244	6	-0.068	0.066	9.663	0.461
1425688646152	37.500450	139.921243	6	-0.035	0.247	9.552	0.345
1425688646248	37.500449	139.921241	6	0.017	0.350	9.439	0.254
1425688646347	37.500448	139.921240	6	0.027	0.297	9.404	0.175
1425688646449	37.500448	139.921239	6	-0.010	0.222	9.569	0.109
1425688646548	37.500447	139.921238	6	-0.033	0.166	9.693	0.060
1425688646646	37.500447	139.921237	6	-0.014	0.170	9.633	0.025
1425688646746	37.500447	139.921237	6	0.026	0.248	9.546	0.005
1425688708546	37.499394	139.924846	8	-0.028	0.207	9.556	6.705
1425688708646	37.499390	139.924851	8	-0.052	0.059	9.490	6.632
1425688708747	37.499387	139.924857	8	-0.003	-0.041	9.731	6.559
1425688708848	37.499384	139.924863	9	-0.021	-0.152	10.124	6.509
1425688708949	37.499383	139.924872	9	-0.027	-0.210	10.383	6.558
1425688709049	37.499382	139.924881	9	0.045	-0.122	9.959	6.606
1425688709150	37.499381	139.924891	9	0.111	-0.042	9.645	6.656
1425688709246	37.499380	139.924900	9	0.139	0.073	9.245	6.704
1425688709346	37.499378	139.924909	9	0.175	0.121	9.192	6.753
1425688709447	37.499377	139.924919	9	0.174	0.125	9.304	6.804
1425688709548	37.499376	139.924928	9	0.129	0.104	9.184	6.855
1425688709648	37.499375	139.924938	9	0.097	0.052	9.228	6.906
1425688709749	37.499374	139.924948	9	0.184	-0.001	9.730	6.958
1425688709850	37.499373	139.924957	9	0.201	-0.171	9.903	7.000
1425688709946	37.499370	139.924964	9	0.250	-0.361	9.540	7.000
1425688710046	37.499368	139.924972	9	0.336	-0.578	9.630	7.000
1425688710147	37.499366	139.924979	9	0.377	-0.691	9.713	7.000
1425688710248	37.499363	139.924987	9	0.334	-0.727	9.698	7.000
1425688710348	37.499361	139.924994	9	0.245	-0.726	9.603	7.000
1425688710449	37.499359	139.925001	9	0.159	-0.692	9.483	7.000
1425688710550	37.499356	139.925009	9	0.146	-0.665	9.563	7.000
1425688710651	37.499354	139.925016	9	0.198	-0.611	9.721	7.000
1425688710746	37.499352	139.925023	9	0.199	-0.577	10.052	7.000
1425688710847	37.499350	139.925030	8	0.265	-0.420	9.448	6.955
1425688710948	37.499352	139.925033	8	0.294	-0.345	9.083	6.690
1425688711048	37.499353	139.925037	8	0.266	-0.210	9.018	6.436
1425688711149	37.499354	139.925040	8	0.336	-0.284	9.507	6.189
1425688711250	37.499356	139.925043	8	0.304	-0.379	10.059	5.950
1425688711350	37.499357	139.925047	8	0.239	-0.386	9.789	5.722
1425688711446	37.499358	139.925050	8	0.135	-0.318	9.436	5.512
1425688711547	37.499359	139.925052	8	0.050	-0.275	9.224	5.299
1425688711648	37.499360	139.925055	8	0.029	-0.282	9.179	5.095
1425688711748	37.499361	139.925058	8	0.087	-0.365	9.599	4.902
1425688711849	37.499362	139.925061	8	0.046	-0.343	10.030	4.740
1425688711950	37.499360	139.925066	8	0.006	-0.326	9.772	4.687
1425688712050	37.499358	139.925071	8	-0.000	-0.252	9.338	4.635
1425688712146	37.499357	139.925075	8	0.036	-0.285	9.331	4.586
1425688712247	37.499355	139.925080	8	0.099	-0.306	9.461	4.535
1425688712347	37.499354	139.925084	8	0.116	-0.307	9.739	4.485
1425688712448	37.499352	139.925089	8	0.099	-0.315	9.544	4.434
1425688712549	37.499350	139.925094	8	-0.012	-0.439	9.501	4.385
1425688712650	37.499349	139.925098	8	0.023	-0.616	9.727	4.336
1425688712750	37.499347	139.925103	8	0.154	-0.789	9.626	4.288
1425688712846	37.499346	139.925107	5	0.125	-0.911	9.540	4.232
1425688712947	37.499346	139.925111	5	0.077	-0.930	9.561	4.119
1425688713047	37.499345	139.925116	5	-0.034	-1.004	9.608	4.010
1425688713148	37.499345	139.925120	5	-0.057	-0.996	9.266	3.903
1425688713249	37.499345	139.925124	5	-0.026	-0.961	8.962	3.799
1425688713349	37.499344	139.925128	5	0.012	-0.984	9.403	3.698
1425688713450	37.499344	139.925132	5	-0.089	-1.067	9.957	3.599
1425688713546	37.499344	139.925136	5	-0.318	-1.164	10.005	3.507
1425688713647	37.499343	139.925139	5	-0.608	-1.178	9.771	3.413
1425688713747	37.499343	139.925143	5	-0.808	-1.080	9.355	3.323
1425688713848	37.499343	139.925146	5	-0.896	-0.875	9.337	3.229
1425688713949	37.499342	139.925149	5	-0.988	-0.760	9.529	3.112
1425688714049	37.499341	139.925151	5	-1.176	-0.692	9.525	3.000
1425688714150	37.499341	139.925153	5	-1.374	-0.610	9.519	2.890
1425688714246	37.499340	139.925155	5	-1.502	-0.538	9.552	2.790
1425688714347	37.499340	139.925157	5	-1.493	-0.467	9.421	2.688
1425688714447	37.499339	139.925159	5	-1.473	-0.483	9.443	2.590
1425688714548	37.499338	139.925161	5	-1.536	-0.523	9.548	2.495
1425688714649	37.499338	139.925163	5	-1.650	-0.619	9.615	2.404
1425688714749	37.499337	139.925165	5	-1.648	-0.736	9.668	2.317
1425688714850	37.499337	139.925167	5	-1.430	-0.844	9.945	2.245
1425688714946	37.499338	139.925169	5	-1.406	-0.923	9.909	2.219
1425688715046	37.499339	139.925172	5	-1.497	-0.902	9.373	2.194
1425688715147	37.499340	139.925175	5	-1.437	-0.803	8.873	2.168
1425688715248	37.499341	139.925178	5	-1.202	-0.784	8.931	2.142
1425688715348	37.499342	139.925180	5	-0.974	-0.795	9.462	2.117
1425688715449	37.499343	139.925183	5	-0.891	-0.826	9.890	2.092
1425688715550	37.499344	139.925186	5	-0.821	-0.819	9.824	2.067
1425688715646	37.499344	139.925188	5	-0.742	-0.755	9.508	2.044
1425688715746	37.499345	139.925191	5	-0.539	-0.715	9.517	2.020
1425688715847	37.499347	139.925193	5	-0.416	-0.696	9.853	1.995
1425688715948	37.499350	139.925194	5	-0.401	-0.635	9.645	1.969
1425688716048	37.499352	139.925196	5	-0.435	-0.537	9.270	1.943
1425688716149	37.499355	139.925197	5	-0.476	-0.462	9.060	1.917
1425688716250	37.499358	139.925198	5	-0.346	-0.424	9.286	1.891
1425688716346	37.499361	139.925199	5	-0.214	-0.442	9.706	1.867
1425688716446	37.499364	139.925200	5	-0.174	-0.438	9.976	1.842
1425688716547	37.499366	139.925201	5	-0.162	-0.394	9.815	1.817
1425688716648	37.499369	139.925202	5	-0.069	-0.238	9.509	1.793
1425688716748	37.499372	139.925203	5	0.091	0.013	9.376	1.769
1425688716849	37.499374	139.925204	5	0.132	0.304	9.290	1.754
1425688716950	37.499376	139.925205	5	0.077	0.560	9.339	1.778
1425688717051	37.499378	139.925206	5	-0.026	0.766	9.472	1.802
1425688717146	37.499379	139.925207	5	-0.069	0.902	9.492	1.825
1425688717252	37.499381	139.925208	5	-0.111	1.074	9.386	1.851
1425688717348	37.499383	139.925209	5	-0.175	1.233	9.294	1.875
1425688717447	37.499384	139.925209	5	-0.246	1.255	9.419	1.900
1425688742545	37.500778	139.925874	5	-0.405	1.199	9.707	7.070
1425688742550	37.500778	139.925874	5	-0.420	1.184	9.715	7.069
1425688742650	37.500784	139.925876	5	-0.337	0.671	9.440	7.044
1425688742746	37.500789	139.925878	5	-0.121	0.241	9.837	7.021
1425688742847	37.500795	139.925880	5	0.073	-0.036	10.556	6.991
1425688742948	37.500801	139.925883	5	0.171	-0.091	10.272	6.939
1425688743048	37.500807	139.925885	5	0.035	-0.035	9.329	6.888
1425688743149	37.500812	139.925888	5	-0.196	-0.026	9.161	6.836
1425688743250	37.500818	139.925890	5	-0.372	-0.060	9.830	6.785
1425688743350	37.500824	139.925893	5	-0.236	-0.119	10.071	6.735
1425688743446	37.500829	139.925895	5	-0.226	-0.083	9.769	6.688
1425688743547	37.500835	139.925897	5	-0.279	-0.026	9.019	6.638
1425688765546	37.502196	139.926357	6	-0.273	-0.030	8.974	7.570
1425688765647	37.502203	139.926358	6	-0.130	-0.134	9.282	7.545
1425688765748	37.502210	139.926359	6	0.038	-0.164	9.784	7.520
1425688765849	37.502217	139.926360	6	0.207	-0.174	9.877	7.500
1425688765949	37.502223	139.926363	6	0.243	-0.188	9.923	7.500
1425688766050	37.502229	139.926365	6	0.342	-0.225	9.840	7.500
1425688766146	37.502235	139.926367	6	0.354	-0.132	9.295	7.500
1425688766246	37.502241	139.926370	6	0.418	-0.072	9.229	7.500
1425688766347	37.502247	139.926372	6	0.352	-0.115	9.478	7.500
1425688766448	37.502253	139.926374	6	0.334	-0.085	9.178	7.500
1425688766548	37.502259	139.926377	6	0.214	-0.086	9.035	7.500
1425688766649	37.502265	139.926379	6	0.303	-0.115	9.344	7.500
1425688766750	37.502271	139.926381	6	0.256	-0.279	10.156	7.500
1425688766846	37.502277	139.926384	5	0.165	-0.316	10.282	7.496
1425688766946	37.502283	139.926387	5	0.096	-0.185	9.508	7.471
1425688767047	37.502289	139.926390	5	0.034	-0.111	9.366	7.445
1425688767148	37.502294	139.926394	5	0.091	-0.090	9.286	7.420
1425688767248	37.502300	139.926397	5	0.142	-0.061	9.293	7.394
1425688767349	37.502306	139.926401	5	0.321	-0.130	9.627	7.369
1425688767450	37.502312	139.926404	5	0.461	-0.136	9.707	7.344
1425688767551	37.502317	139.926408	5	0.417	-0.237	9.832	7.319
1425688767646	37.502323	139.926411	5	0.321	-0.165	9.454	7.295
1425688767747	37.502328	139.926414	5	0.335	-0.090	9.378	7.270
1425688767848	37.502334	139.926417	5	0.210	-0.117	9.649	7.250
1425688767948	37.502341	139.926420	5	0.164	-0.289	10.138	7.250
1425688768049	37.502347	139.926422	5	0.198	-0.264	10.032	7.250
1425688768150	37.502354	139.926424	5	0.144	-0.193	9.736	7.250
1425688768251	37.502361	139.926427	5	-0.031	-0.114	9.610	7.250
1425688768346	37.502367	139.926429	5	-0.186	-0.046	9.327	7.250
1425688768447	37.502374	139.926431	5	-0.215	-0.019	9.303	7.250
1425688768548	37.502380	139.926434	5	-0.214	0.037	9.066	7.250
1425688768648	37.502387	139.926436	5	-0.161	-0.017	8.957	7.250
1425688768749	37.502394	139.926438	5	-0.033	-0.071	9.401	7.250
1425688768850	37.502400	139.926441	6	0.029	-0.216	10.167	7.245
1425688768950	37.502406	139.926444	6	-0.072	-0.227	10.121	7.220
1425688769046	37.502411	139.926447	6	-0.104	-0.111	9.539	7.195
1425688769147	37.502416	139.926450	6	-0.192	-0.052	9.205	7.170
1425688769247	37.502422	139.926453	6	-0.294	-0.082	9.410	7.145
1425688769348	37.502427	139.926456	6	-0.256	-0.114	9.580	7.119
1425688769449	37.502433	139.926459	6	-0.099	-0.118	9.632	7.094
1425688769550	37.502438	139.926462	6	0.051	-0.128	9.645	7.069
1425688769650	37.502443	139.926465	6	0.080	-0.148	9.867	7.044
1425688769746	37.502449	139.926468	6	0.063	-0.127	9.839	7.021
1425688769847	37.502454	139.926470	6	0.026	-0.099	9.676	7.000
1425688769947	37.502459	139.926473	6	-0.076	-0.132	9.665	7.000
1425688770048	37.502463	139.926476	6	-0.154	-0.107	9.659	7.000
1425688770149	37.502468	139.926479	6	-0.143	-0.066	9.396	7.000
1425688770250	37.502473	139.926482	6	-0.148	-0.031	9.270	7.000
1425688770350	37.502478	139.926485	6	-0.179	-0.024	9.432	7.000
1425688770446	37.502483	139.926488	6	-0.224	-0.065	9.472	7.000
1425688770547	37.502487	139.926491	6	-0.208	-0.042	9.501	7.000
1425688770647	37.502492	139.926494	6	-0.159	-0.078	9.573	7.000
1425688770748	37.502497	139.926497	6	-0.116	-0.080	9.611	7.000
1425688770849	37.502502	139.926500	6	-0.103	-0.024	9.363	6.995
1425688770949	37.502508	139.926502	6	-0.067	0.008	9.274	6.970
1425688771050	37.502514	139.926505	6	-0.044	-0.041	9.410	6.944
1425688771146	37.502520	139.926508	6	-0.123	-0.104	9.686	6.920
1425688771247	37.502525	139.926511	6	-0.130	-0.065	9.442	6.895
1425688771347	37.502531	139.926514	6	-0.031	-0.092	9.523	6.870
1425688771448	37.502537	139.926516	6	0.028	-0.146	9.848	6.844
1425688771549	37.502543	139.926519	6	0.020	-0.120	9.827	6.819
1425688771649	37.502549	139.926522	6	0.013	-0.065	9.530	6.795
1425688771750	37.502554	139.926525	6	-0.013	-0.045	9.331	6.770
1425688771846	37.502560	139.926528	5	-0.012	-0.049	9.437	6.746
1425688771946	37.502565	139.926531	5	-0.052	-0.070	9.631	6.721
1425688772047	37.502570	139.926534	5	-0.057	-0.102	9.728	6.695
1425688772148	37.502575	139.926537	5	-0.076	-0.072	9.442	6.669
1425688772249	37.502580	139.926540	5	-0.155	-0.039	9.477	6.644
1425688772349	37.502585	139.926543	5	-0.185	-0.019	9.107	6.619
1425688772450	37.502590	139.926546	5	-0.227	-0.047	9.393	6.594
1425688772546	37.502595	139.926549	5	-0.274	-0.114	9.817	6.570
1425688772646	37.502600	139.926552	5	-0.218	-0.199	10.092	6.545
1425688772747	37.502605	139.926555	5	-0.204	-0.181	9.943	6.520
1425688772848	37.502610	139.926558	5	-0.210	-0.146	9.669	6.495
1425688772949	37.502616	139.926561	5	-0.236	-0.040	9.417	6.470
1425688773049	37.502621	139.926563	5	-0.321	-0.024	9.640	6.444
1425688773150	37.502627	139.926566	5	-0.348	0.002	9.533	6.419
1425688773246	37.502632	139.926568	5	-0.218	-0.007	9.455	6.395
1425688773346	37.502637	139.926570	5	-0.143	-0.168	9.493	6.370
1425688773447	37.502643	139.926573	5	-0.112	-0.396	9.251	6.345
1425688773548	37.502648	139.926575	5	-0.041	-0.611	9.357	6.320
1425688773648	37.502653	139.926578	5	-0.044	-0.736	9.639	6.295
1425688773749	37.502659	139.926580	5	0.035	-0.804	9.560	6.270
1425688773850	37.502664	139.926582	4	-0.023	-0.895	9.501	6.234
1425688773946	37.502669	139.926585	4	-0.017	-0.932	9.573	6.158
1425688774051	37.502675	139.926587	4	0.083	-0.909	9.448	6.076
1425688774147	37.502680	139.926589	4	0.137	-0.913	9.511	6.002
1425688774246	37.502685	139.926591	4	0.129	-0.957	9.488	5.926
1425688774348	37.502690	139.926593	4	0.058	-0.954	9.519	5.850
1425688774447	37.502695	139.926595	4	0.029	-0.976	9.713	5.776
1425688774550	37.502700	139.926597	4	0.033	-1.000	9.797	5.700
1425688774646	37.502705	139.926599	4	0.013	-0.996	9.619	5.631
1425688774746	37.502710	139.926601	4	-0.040	-0.985	9.493	5.559
1425688774847	37.502715	139.926603	4	-0.052	-0.933	9.309	5.481
1425688774948	37.502718	139.926606	4	-0.039	-0.938	9.280	5.372
1425688775048	37.502722	139.926608	4	-0.079	-0.964	9.461	5.265
1425688775149	37.502726	139.926610	4	-0.164	-1.010	9.863	5.159
1425688775250	37.502729	139.926612	4	-0.164	-1.152	9.797	5.056
1425688775350	37.502733	139.926614	4	-0.096	-1.102	9.295	4.955
1425688775446	37.502736	139.926616	4	-0.060	-1.188	9.290	4.860
1425688775547	37.502739	139.926618	4	-0.040	-1.332	9.882	4.763
1425688775647	37.502742	139.926620	4	-0.108	-1.388	9.822	4.668
1425688775748	37.502745	139.926622	4	-0.137	-1.354	9.647	4.574
1425688775849	37.502748	139.926623	5	-0.199	-1.337	9.498	4.467
1425688775950	37.502751	139.926625	5	-0.198	-1.309	9.349	4.296
1425688776050	37.502753	139.926627	5	-0.144	-1.298	9.292	4.131
1425688776146	37.502756	139.926628	5	-0.019	-1.320	9.542	3.977
1425688776247	37.502758	139.926630	5	0.054	-1.378	9.742	3.820
1425688776347	37.502760	139.926631	5	0.036	-1.384	9.677	3.669
1425688776448	37.502762	139.926633	5	-0.042	-1.330	9.487	3.522
1425688776549	37.502764	139.926634	5	-0.101	-1.324	9.448	3.380
1425688776650	37.502766	139.926636	5	-0.137	-1.282	9.445	3.242
1425688776750	37.502768	139.926637	5	-0.137	-1.206	9.441	3.111
1425688776846	37.502770	139.926638	5	-0.106	-1.185	9.624	2.990
1425688776947	37.502772	139.926639	5	-0.104	-1.145	9.826	2.867
1425688777047	37.502773	139.926640	5	-0.168	-1.075	9.499	2.750
1425688777148	37.502775	139.926642	5	-0.206	-1.042	9.264	2.636
1425688777249	37.502776	139.926643	5	-0.228	-1.034	9.441	2.528
1425688777349	37.502778	139.926644	5	-0.227	-1.053	9.659	2.426
1425688777450	37.502779	139.926645	5	-0.182	-1.054	9.687	2.327
1425688777546	37.502781	139.926646	5	-0.154	-1.048	9.577	2.238
1425688777646	37.502782	139.926647	5	-0.155	-1.021	9.411	2.150
1425688777747	37.502783	139.926647	5	-0.164	-1.044	9.374	2.066
1425688777848	37.502784	139.926648	5	-0.159	-1.092	9.578	1.967
1425688777949	37.502784	139.926648	5	-0.145	-1.125	9.748	1.792
1425688778049	37.502784	139.926649	5	-0.130	-1.086	9.603	1.629
1425688778150	37.502784	139.926649	5	-0.112	-1.052	9.439	1.476
1425688778246	37.502785	139.926649	5	-0.123	-1.043	9.455	1.342
1425688778347	37.502785	139.926649	5	-0.153	-1.082	9.562	1.212
1425688778447	37.502785	139.926649	5	-0.188	-1.101	9.634	1.094
1425688778548	37.502785	139.926650	5	-0.183	-1.080	9.564	0.987
1425688778649	37.502785	139.926650	5	-0.147	-1.080	9.475	0.892
1425688778749	37.502785	139.926650	5	-0.104	-1.078	9.515	0.809
1425688778850	37.502785	139.926650	4	-0.078	-1.093	9.619	0.720
1425688778946	37.502785	139.926650	4	-0.113	-1.088	9.629	0.586
1425688779046	37.502785	139.926651	4	-0.149	-0.826	9.686	0.461
1425688779147	37.502785	139.926651	4	-0.170	-0.411	9.776	0.350
1425688779248	37.502785	139.926651	4	-0.146	-0.027	9.643	0.254
1425688779349	37.502785	139.926652	4	-0.113	0.208	9.342	0.174
1425688779449	37.502785	139.926652	4	-0.091	0.289	9.225	0.109
1425688779550	37.502785	139.926652	4	-0.101	0.239	9.424	0.059
1425688779646	37.502785	139.926652	4	-0.122	0.148	9.629	0.025
1425688779746	37.502785	139.926652	4	-0.140	0.051	9.646	0.005
1425688844547	37.503662	139.927070	4	-0.131	0.095	9.568	5.500
1425690246649	37.507060	139.931289	6	0.059	-0.482	9.432	3.044
1425690246750	37.507063	139.931290	6	0.090	-0.974	9.348	3.019
1425690246850	37.507065	139.931291	6	0.155	-1.242	9.461	2.989
1425690246946	37.507068	139.931292	6	0.196	-1.440	9.571	2.937
1425690247047	37.507070	139.931293	6	0.197	-1.644	9.548	2.884
1425690247148	37.507072	139.931294	6	0.181	-1.812	9.438	2.831
1425690247248	37.507075	139.931295	6	0.148	-1.957	9.393	2.780
1425690247349	37.507077	139.931295	6	0.136	-2.084	9.452	2.729
1425690247450	37.507079	139.931296	6	0.170	-2.110	9.594	2.679
1425690247550	37.507081	139.931297	6	0.198	-1.478	9.988	2.631
1425690247646	37.507083	139.931298	6	0.163	-0.551	10.116	2.585
1425690247747	37.507085	139.931298	6	0.111	0.225	9.581	2.538
1425690247847	37.507087	139.931299	5	0.096	0.538	8.891	2.416
1425690247948	37.507085	139.931299	5	0.117	0.513	8.697	1.945
1425690248049	37.507084	139.931299	5	0.146	0.376	9.135	1.525
1425690248150	37.507083	139.931298	5	0.127	0.084	9.665	1.156
1425690248250	37.507082	139.931298	5	0.074	-0.223	9.913	0.841
1425690248346	37.507082	139.931298	5	0.045	-0.244	9.801	0.586
1425690248447	37.507081	139.931298	5	0.053	-0.031	9.607	0.367
1425690248547	37.507081	139.931298	5	0.111	0.239	9.433	0.200
1425690248648	37.507080	139.931298	5	0.174	0.320	9.275	0.083
1425690248749	37.507080	139.931298	5	0.191	0.233	9.328	0.016
1425690320544	37.507196	139.931395	11	0.115	0.104	9.533	1.500
1425690320549	37.507196	139.931395	11	0.116	0.102	9.537	1.500
1425690320649	37.507197	139.931395	11	0.114	-0.217	9.553	1.500
1425690320750	37.507199	139.931396	11	0.117	-0.413	9.604	1.500
1425690320846	37.507200	139.931396	11	0.108	-0.425	9.594	1.496
1425690320946	37.507202	139.931396	11	0.075	-0.356	9.508	1.469
1425690321047	37.507203	139.931396	11	0.031	-0.249	9.458	1.442
1425690321148	37.507204	139.931397	11	0.005	-0.200	9.467	1.416
1425690321249	37.507206	139.931397	11	0.004	-0.162	9.516	1.390
1425690321349	37.507207	139.931397	11	0.030	-0.120	9.530	1.365
1425690321450	37.507208	139.931397	11	0.058	-0.097	9.505	1.340
1425690321546	37.507210	139.931397	11	0.052	-0.087	9.487	1.316
1425690321646	37.507211	139.931398	11	0.035	-0.069	9.508	1.293
1425690321747	37.507212	139.931398	11	0.012	-0.062	9.519	1.269
1425690321848	37.507213	139.931398	11	0.000	-0.051	9.512	1.205
1425690321948	37.507213	139.931396	11	0.008	-0.015	9.499	0.972
1425690322049	37.507213	139.931395	11	0.015	-0.008	9.500	0.762
1425690322150	37.507214	139.931394	11	0.030	0.005	9.517	0.578
1425690322246	37.507214	139.931393	11	0.037	0.026	9.524	0.426
1425690322346	37.507214	139.931393	11	0.042	0.049	9.502	0.293
1425690322448	37.507214	139.931392	11	0.037	0.062	9.485	0.182
1425690322548	37.507214	139.931392	11	0.029	0.066	9.504	0.099
1425690331546	37.507311	139.931527	6	0.027	0.061	9.507	3.500
1425690360545	37.506724	139.933833	12	0.028	0.054	9.514	7.586
1425690360550	37.506724	139.933833	12	0.031	0.045	9.524	7.580
1425690360651	37.506723	139.933840	12	0.057	-0.479	9.668	7.459
1425690360746	37.506723	139.933846	12	0.044	-0.763	9.622	7.347
1425690360847	37.506721	139.933852	10	0.038	-0.918	9.481	7.237
1425690360948	37.506718	139.933859	10	0.011	-1.011	9.402	7.157
1425690361048	37.506715	139.933865	10	-0.019	-1.100	9.469	7.080
1425690361149	37.506712	139.933871	10	0.008	-1.140	9.537	7.002
1425690361250	37.506709	139.933877	10	0.029	-1.164	9.476	6.925
1425690361350	37.506706	139.933884	10	0.056	-1.201	9.481	6.850
1425690361446	37.506703	139.933889	10	0.042	-1.209	9.507	6.778
1425690361547	37.506700	139.933895	10	0.018	-1.265	9.501	6.704
1425690361648	37.506697	139.933901	10	-0.018	-1.360	9.426	6.630
1425690361748	37.506694	139.933907	10	-0.024	-1.414	9.457	6.558
1425690361849	37.506691	139.933913	9	-0.030	-1.469	9.520	6.468
1425690361950	37.506689	139.933920	9	-0.058	-1.487	9.543	6.299
1425690362050	37.506686	139.933927	9	-0.107	-1.529	9.542	6.136
1425690362146	37.506683	139.933933	9	-0.112	-1.560	9.448	5.984
1425690362247	37.506680	139.933939	9	-0.101	-1.603	9.464	5.827
1425690362347	37.506678	139.933946	9	-0.078	-1.597	9.541	5.676
1425690362448	37.506675	139.933952	9	-0.053	-1.593	9.496	5.527
1425690362549	37.506673	139.933957	9	-0.015	-1.591	9.464	5.382
1425690362650	37.506670	139.933963	9	-0.005	-1.578	9.534	5.241
1425690362750	37.506668	139.933969	9	-0.015	-1.579	9.530	5.106
1425690362846	37.506666	139.933974	9	0.008	-1.563	9.417	4.960
1425690362947	37.506666	139.933977	9	0.011	-1.562	9.433	4.714
1425690363047	37.506666	139.933980	9	-0.006	-1.564	9.506	4.481
1425690363148	37.506666	139.933983	9	-0.009	-1.593	9.565	4.256
1425690363249	37.506666	139.933986	9	0.003	-1.630	9.643	4.040
1425690363350	37.506665	139.933989	9	0.048	-1.656	9.582	3.835
1425690363450	37.506665	139.933992	9	0.101	-1.642	9.392	3.642
1425690363546	37.506665	139.933994	9	0.092	-1.673	9.423	3.466
1425690363647	37.506665	139.933997	9	0.050	-1.713	9.551	3.291
1425690363747	37.506665	139.933999	9	-0.000	-1.744	9.538	3.128
1425690363848	37.506665	139.934001	12	-0.018	-1.727	9.430	2.956
1425690363949	37.506667	139.933999	12	-0.039	-1.699	9.406	2.716
1425690364049	37.506668	139.933998	12	-0.039	-1.682	9.412	2.494
1425690364150	37.506670	139.933997	12	-0.010	-1.685	9.451	2.283
1425690364246	37.506671	139.933996	12	0.020	-1.708	9.521	2.097
1425690364347	37.506672	139.933995	12	0.044	-1.644	9.566	1.915
1425690364447	37.506674	139.933994	12	0.051	-1.308	9.707	1.750
1425690364548	37.506675	139.933993	12	0.041	-0.698	9.862	1.598
1425690364649	37.506676	139.933992	12	-0.013	-0.141	9.638	1.460
1425690364749	37.506676	139.933991	12	-0.039	0.201	9.179	1.338
1425690364850	37.506677	139.933991	12	-0.030	0.357	9.020	1.238
1425690364946	37.506678	139.933991	12	0.001	0.382	9.290	1.179
1425690365046	37.506679	139.933992	12	0.019	0.398	9.698	1.121
1425690365147	37.506679	139.933992	12	0.024	0.572	9.796	1.064
1425690365248	37.506680	139.933992	12	0.012	0.497	9.398	1.011
1425690365349	37.506680	139.933993	12	-0.005	0.396	9.221	0.959
1425690365449	37.506681	139.933993	12	-0.001	0.387	9.498	0.911
1425690365550	37.506682	139.933993	12	0.011	0.267	9.652	0.865
1425690365646	37.506682	139.933994	12	0.013	0.172	9.574	0.823
1425690365746	37.506683	139.933994	12	0.008	0.249	9.504	0.782
1425690365847	37.506683	139.933994	12	-0.011	0.344	9.506	0.750
1425690365948	37.506682	139.933997	12	-0.017	0.341	9.440	0.750
1425690366049	37.506681	139.934000	12	0.001	0.285	9.471	0.750
1425690366149	37.506680	139.934002	12	0.015	0.251	9.577	0.750
1425690366250	37.506679	139.934005	12	0.016	0.240	9.555	0.750
1425690366346	37.506678	139.934007	12	0.010	0.281	9.481	0.750
1425690366446	37.506677	139.934010	12	-0.000	0.316	9.467	0.750
1425690366547	37.506677	139.934013	12	-0.008	0.309	9.472	0.750
1425690429545	37.506669	139.934062	11	-0.012	0.302	9.470	0.511
1425690429550	37.506669	139.934062	11	-0.016	0.291	9.466	0.518
1425690429646	37.506669	139.934063	11	-0.035	0.035	9.521	0.666
1425690429746	37.506670	139.934065	11	-0.013	-0.084	9.484	0.839
1425690429847	37.506670	139.934066	11	0.004	-0.097	9.303	1.004
1425690429948	37.506670	139.934068	11	0.020	-0.102	9.282	1.027
1425690430048	37.506670	139.934069	11	0.017	-0.115	9.477	1.050
1425690430149	37.506669	139.934071	11	0.001	-0.148	9.611	1.074
1425690430250	37.506669	139.934073	11	-0.010	-0.126	9.540	1.098
1425690430346	37.506669	139.934074	11	-0.023	-0.121	9.412	1.122
1425690430446	37.506669	139.934076	11	-0.021	-0.106	9.422	1.147
1425690430547	37.506669	139.934078	11	-0.010	-0.101	9.499	1.174
1425690430648	37.506668	139.934080	11	0.001	-0.119	9.562	1.200
1425690430748	37.506668	139.934081	11	-0.001	-0.091	9.525	1.227
1425690430850	37.506668	139.934083	12	-0.002	-0.105	9.441	1.250
1425690430950	37.506667	139.934085	12	-0.009	-0.104	9.456	1.250
1425690431050	37.506666	139.934087	12	-0.013	-0.105	9.515	1.250
1425690431146	37.506666	139.934088	12	-0.010	-0.107	9.529	1.250
1425690431247	37.506665	139.934090	12	-0.010	-0.082	9.479	1.250
1425690431347	37.506664	139.934092	12	-0.009	-0.085	9.449	1.250
1425690431448	37.506664	139.934094	12	-0.003	-0.084	9.501	1.250
1425690458544	37.505834	139.933998	13	0.016	-0.068	9.542	5.889
1425690458549	37.505834	139.933998	13	0.013	-0.070	9.548	5.886
1425690458649	37.505829	139.933999	13	0.077	-0.103	9.575	5.837
1425690458750	37.505825	139.933999	13	0.091	-0.158	9.493	5.788
1425690458846	37.505820	139.934000	12	0.090	-0.141	9.491	5.746
1425690458947	37.505815	139.934000	12	0.090	-0.136	9.307	5.720
1425690459047	37.505810	139.934000	12	0.069	-0.170	9.342	5.695
1425690459148	37.505804	139.934001	12	0.011	-0.208	9.529	5.669
1425690459249	37.505799	139.934001	12	0.026	-0.214	9.620	5.644
1425690459349	37.505794	139.934001	12	0.048	-0.148	9.641	5.619
1425690459450	37.505788	139.934001	12	0.095	-0.088	9.579	5.594
1425690459546	37.505784	139.934001	12	0.176	-0.074	9.706	5.570
1425690513545	37.502912	139.936199	16	0.176	-0.074	9.709	6.889
1425690513550	37.502912	139.936199	16	0.172	-0.078	9.709	6.886
1425690513646	37.502907	139.936202	16	0.118	-0.494	9.622	6.839
1425690513747	37.502903	139.936205	16	0.078	-0.758	9.451	6.790
1425690513848	37.502898	139.936208	14	0.104	-0.922	9.353	6.725
1425690513948	37.502893	139.936210	14	0.112	-1.075	9.593	6.589
1425690514049	37.502888	139.936212	14	0.076	-1.095	9.657	6.454
1425690514150	37.502883	139.936214	14	0.058	-1.045	9.415	6.322
1425690514250	37.502879	139.936216	14	0.032	-1.053	9.296	6.194
1425690514346	37.502874	139.936218	14	0.059	-1.078	9.469	6.073
1425690514447	37.502870	139.936220	14	0.082	-1.097	9.624	5.949
1425690514547	37.502865	139.936221	14	0.109	-1.074	9.567	5.828
1425690514648	37.502861	139.936223	14	0.120	-1.073	9.510	5.709
1425690514749	37.502856	139.936225	14	0.154	-1.046	9.259	5.592
1425690514850	37.502852	139.936227	14	0.149	-1.095	9.316	5.478
1425690514950	37.502848	139.936231	14	0.183	-1.109	9.683	5.369
1425690515046	37.502844	139.936234	14	0.160	-1.153	9.821	5.267
1425690515147	37.502840	139.936238	14	0.108	-1.172	9.448	5.161
1425690515247	37.502836	139.936241	14	0.093	-1.211	9.190	5.059
1425690515348	37.502832	139.936245	14	0.101	-1.280	9.463	4.957
1425690515449	37.502828	139.936248	14	0.128	-1.338	9.588	4.857
1425690515550	37.502824	139.936252	14	0.139	-1.362	9.475	4.760
1425690515650	37.502820	139.936255	14	0.109	-1.378	9.392	4.665
1425690515746	37.502817	139.936258	14	0.046	-1.427	9.376	4.576
1425690515847	37.502814	139.936261	13	-0.009	-1.507	9.554	4.441
1425690515947	37.502814	139.936263	13	-0.073	-1.645	9.693	4.108
1425690516048	37.502813	139.936265	13	-0.098	-1.729	9.519	3.791
1425690516149	37.502813	139.936267	13	-0.023	-1.757	9.286	3.494
1425690516249	37.502812	139.936269	13	0.059	-1.809	9.369	3.218
1425690516350	37.502812	139.936270	13	0.071	-1.889	9.567	2.960
1425690516446	37.502812	139.936272	13	0.026	-1.920	9.567	2.733
1425690516546	37.502812	139.936273	13	-0.006	-1.922	9.489	2.514
1425690516647	37.502811	139.936274	13	-0.026	-1.949	9.467	2.314
1425690516748	37.502811	139.936275	13	-0.019	-1.987	9.472	2.133
1425690516849	37.502811	139.936276	13	0.022	-2.026	9.513	1.925
1425690516949	37.502812	139.936278	13	0.050	-2.054	9.495	1.552
1425690517050	37.502813	139.936280	13	0.044	-2.071	9.425	1.217
1425690517146	37.502814	139.936282	13	0.035	-1.586	9.775	0.936
1425690517246	37.502814	139.936283	13	0.021	-0.586	10.142	0.682
1425690517347	37.502815	139.936284	13	0.012	0.144	9.704	0.467
1425690517448	37.502815	139.936285	13	0.032	0.556	9.011	0.292
1425690517549	37.502816	139.936286	13	0.063	0.749	8.780	0.158
1425690517649	37.502816	139.936287	13	0.058	0.698	9.095	0.066
1425690517750	37.502816	139.936287	13	0.038	0.403	9.496	0.013
1425690586544	37.502715	139.937601	11	0.036	0.302	9.460	5.415
1425690586549	37.502715	139.937601	11	0.040	0.298	9.465	5.411
1425690586649	37.502715	139.937606	11	0.347	0.155	9.578	5.334
1425690586750	37.502715	139.937611	11	0.594	0.076	9.598	5.257
1425690586846	37.502715	139.937616	11	0.749	0.071	9.400	5.184
1425690586946	37.502715	139.937620	11	0.850	0.058	9.286	5.110
1425690587047	37.502715	139.937625	11	0.916	0.013	9.434	5.036
1425690587148	37.502715	139.937630	11	1.059	0.005	9.439	4.963
1425690587249	37.502715	139.937634	11	1.138	-0.028	9.486	4.892
1425690587349	37.502716	139.937639	11	1.262	-0.034	9.517	4.822
1425690587450	37.502716	139.937643	11	1.380	-0.038	9.353	4.752
1425690587546	37.502716	139.937647	11	1.498	-0.077	9.388	4.687
1425690587646	37.502716	139.937651	11	1.647	-0.150	9.460	4.620
1425690587747	37.502716	139.937656	11	1.829	-0.169	9.456	4.554
1425690587848	37.502716	139.937660	11	1.948	-0.207	9.510	4.495
1425690587949	37.502714	139.937664	11	2.018	-0.246	9.549	4.470
1425690588049	37.502713	139.937668	11	2.004	-0.274	9.427	4.444
1425690588150	37.502712	139.937672	11	1.920	-0.310	9.367	4.418
1425690588246	37.502710	139.937676	11	1.847	-0.316	9.246	4.394
1425690588346	37.502709	139.937680	11	1.802	-0.377	9.293	4.369
1425690588447	37.502708	139.937685	11	1.909	-0.465	9.588	4.344
1425690588548	37.502707	139.937689	11	2.038	-0.547	9.650	4.319
1425690588648	37.502705	139.937693	11	2.144	-0.625	9.661	4.294
1425690588749	37.502704	139.937697	11	2.157	-0.622	9.402	4.270
1425690588850	37.502702	139.937701	14	2.062	-0.586	8.949	4.245
1425690588946	37.502698	139.937703	14	1.963	-0.618	9.016	4.220
1425690589046	37.502694	139.937706	14	2.023	-0.650	9.031	4.195
1425690589147	37.502690	139.937709	14	2.033	-0.653	8.883	4.169
1425690589248	37.502686	139.937712	14	1.838	-0.806	9.507	4.144
1425690589348	37.502681	139.937715	14	1.617	-1.035	10.298	4.119
1425690589449	37.502677	139.937718	14	1.481	-1.162	10.486	4.093
1425690589550	37.502673	139.937720	14	1.417	-1.093	9.929	4.068
1425690589650	37.502669	139.937723	14	1.274	-0.887	9.051	4.044
1425690589746	37.502665	139.937726	14	1.229	-0.748	9.096	4.020
1425690589847	37.502662	139.937728	14	1.383	-0.643	9.351	3.981
1425690589948	37.502659	139.937729	14	1.614	-0.550	9.523	3.867
1425690590048	37.502657	139.937731	14	1.860	-0.457	9.619	3.758
1425690590149	37.502655	139.937732	14	2.048	-0.358	9.804	3.650
1425690590250	37.502652	139.937733	14	2.084	-0.276	9.786	3.545
1425690590350	37.502650	139.937734	14	1.865	-0.247	9.421	3.444
1425690590446	37.502648	139.937735	14	1.512	-0.266	9.308	3.350
1425690590547	37.502646	139.937736	14	1.193	-0.350	9.500	3.254
1425690590648	37.502644	139.937737	14	0.985	-0.349	9.668	3.161
1425690590748	37.502643	139.937738	14	0.895	-0.372	9.395	3.071
1425690590849	37.502640	139.937738	16	0.929	-0.296	9.100	3.023
1425690590950	37.502635	139.937735	16	0.985	-0.304	9.347	3.148
1425690591050	37.502629	139.937732	16	1.193	-0.215	9.368	3.279
1425690591146	37.502624	139.937729	16	1.207	-0.185	9.356	3.409
1425690591247	37.502617	139.937725	16	1.219	-0.159	9.663	3.553
1425690591347	37.502611	139.937722	16	1.208	-0.133	9.831	3.701
1425690591448	37.502604	139.937718	16	1.143	-0.069	9.839	3.856
1425690601544	37.502056	139.937485	11	1.002	0.054	9.508	6.500
1425690603548	37.501934	139.937427	10	0.990	0.058	9.492	6.679
1425690603649	37.501927	139.937425	10	0.480	-0.001	9.525	6.704
1425690603750	37.501920	139.937422	10	0.209	-0.122	9.430	6.730
1425690603850	37.501914	139.937420	10	0.078	-0.104	9.531	6.750
1425690603946	37.501909	139.937417	10	-0.017	-0.116	9.670	6.750
1425690604047	37.501904	139.937415	10	-0.126	-0.104	9.669	6.750
1425690604147	37.501899	139.937412	10	-0.178	-0.076	9.533	6.750
1425690604248	37.501895	139.937410	10	-0.133	-0.041	9.295	6.750
1425690604349	37.501890	139.937407	10	-0.125	-0.029	9.138	6.750
1425690604449	37.501885	139.937405	10	-0.209	0.019	9.248	6.750
1425690604550	37.501880	139.937402	10	-0.049	-0.110	9.962	6.750
1425690604646	37.501875	139.937400	10	-0.057	-0.230	10.258	6.750
1425690604747	37.501870	139.937397	10	-0.048	-0.161	9.832	6.750
1425690604847	37.501865	139.937394	10	-0.035	-0.035	9.285	6.750
1425690604948	37.501860	139.937391	10	-0.026	-0.033	9.147	6.750
1425690605049	37.501855	139.937388	10	-0.112	-0.003	9.433	6.750
1425690605149	37.501850	139.937384	10	-0.058	0.019	9.386	6.750
1425690605250	37.501845	139.937381	10	0.094	-0.035	9.229	6.750
1425690605346	37.501840	139.937377	10	0.194	-0.079	9.235	6.750
1425690605447	37.501835	139.937374	10	0.269	-0.104	9.544	6.750
1425690605547	37.501829	139.937371	10	0.266	-0.251	10.141	6.750
1425690605648	37.501824	139.937367	10	0.168	-0.469	11.142	6.750
1425690605749	37.501819	139.937364	10	0.070	-0.354	10.314	6.750
1425690605849	37.501814	139.937361	10	-0.006	-0.066	8.682	6.750
1425690605950	37.501808	139.937358	10	0.007	0.183	7.773	6.750
1425690606046	37.501803	139.937356	10	-0.134	0.102	8.610	6.750
1425690606146	37.501797	139.937353	10	-0.136	-0.100	9.784	6.750
1425690606247	37.501791	139.937351	10	-0.054	-0.298	9.913	6.750
1425690606348	37.501786	139.937348	10	-0.038	-0.358	9.695	6.750
1425690606449	37.501780	139.937346	10	-0.040	-0.518	10.346	6.750
1425690606549	37.501774	139.937343	10	0.007	-0.620	11.166	6.750
1425690606650	37.501769	139.937341	10	0.141	-0.371	10.884	6.750
1425690606746	37.501763	139.937339	10	0.055	-0.032	9.444	6.750
1425690606846	37.501758	139.937336	10	-0.085	0.238	8.025	6.750
1425690606948	37.501752	139.937334	10	-0.198	0.291	7.773	6.750
1425690607048	37.501746	139.937331	10	-0.145	0.094	8.644	6.750
1425690607148	37.501741	139.937329	10	-0.075	-0.089	10.039	6.750
1425690607249	37.501735	139.937326	10	0.044	-0.107	10.478	6.750
1425690607350	37.501729	139.937324	10	0.018	0.011	10.455	6.750
1425690607446	37.501724	139.937321	10	0.041	0.087	9.687	6.750
1425690607546	37.501718	139.937319	10	0.037	0.245	8.995	6.750
1425690619546	37.501022	139.936985	5	0.038	0.252	8.979	5.888
1425690619646	37.501017	139.936985	5	-0.082	-0.149	9.065	5.839
1425690619747	37.501012	139.936984	5	-0.178	-0.536	9.440	5.790
1425690619848	37.501007	139.936982	6	-0.270	-0.781	9.695	5.730
1425690619948	37.501002	139.936979	6	-0.324	-0.795	9.329	5.622
1425690620049	37.500998	139.936976	6	-0.292	-0.794	9.201	5.515
1425690620150	37.500993	139.936973	6	-0.240	-0.842	9.372	5.409
1425690620246	37.500989	139.936970	6	-0.175	-0.891	9.536	5.311
1425690620346	37.500985	139.936967	6	-0.119	-0.899	9.600	5.210
1425690620447	37.500980	139.936964	6	-0.105	-0.880	9.476	5.110
1425690620548	37.500976	139.936961	6	-0.108	-0.893	9.392	5.013
1425690620648	37.500972	139.936958	6	-0.147	-0.905	9.315	4.918
1425690620749	37.500968	139.936955	6	-0.224	-0.931	9.385	4.824
1425690620850	37.500964	139.936953	6	-0.263	-0.978	9.663	4.728
1425690620951	37.500962	139.936952	6	-0.248	-0.920	9.603	4.616
1425690621046	37.500960	139.936952	6	-0.216	-0.883	9.349	4.514
1425690621147	37.500957	139.936952	6	-0.130	-0.888	9.147	4.408
1425690621248	37.500955	139.936951	6	-0.046	-0.930	9.413	4.303
1425690621348	37.500952	139.936951	6	0.030	-0.952	9.628	4.203
1425690621449	37.500950	139.936950	6	0.114	-0.971	9.596	4.103
1425690621550	37.500948	139.936950	6	0.178	-0.929	9.517	4.006
1425690621650	37.500946	139.936950	6	0.184	-0.891	9.320	3.913
1425690621746	37.500944	139.936949	6	0.238	-0.881	9.327	3.825
1425690621847	37.500942	139.936949	6	0.249	-0.949	9.486	3.730
1425690621948	37.500940	139.936948	6	0.281	-0.968	9.613	3.616
1425690622048	37.500938	139.936947	6	0.324	-0.935	9.550	3.506
1425690622149	37.500936	139.936947	6	0.364	-0.930	9.442	3.398
1425690622250	37.500935	139.936946	6	0.334	-0.970	9.500	3.293
1425690622350	37.500933	139.936945	6	0.296	-0.990	9.455	3.192
1425690622446	37.500932	139.936944	6	0.275	-0.929	9.379	3.098
1425690622547	37.500930	139.936944	6	0.194	-0.960	9.474	3.002
1425690622647	37.500929	139.936943	6	0.084	-1.019	9.616	2.910
1425690622748	37.500927	139.936942	6	-0.042	-1.058	9.667	2.820
1425690622849	37.500926	139.936942	6	-0.112	-1.053	9.474	2.719
1425690622950	37.500926	139.936941	6	-0.042	-1.013	9.204	2.561
1425690623050	37.500926	139.936940	6	0.005	-1.075	9.386	2.412
1425690623146	37.500926	139.936939	6	0.001	-1.139	9.739	2.276
1425690623252	37.500926	139.936938	6	-0.083	-1.139	9.716	2.133
1425690623347	37.500925	139.936937	6	-0.048	-1.029	9.384	2.012
1425690623446	37.500925	139.936937	6	0.045	-0.972	9.143	1.893
1425690623549	37.500925	139.936936	6	0.107	-1.003	9.314	1.777
1425690623648	37.500925	139.936935	6	0.124	-1.050	9.560	1.673
1425690623750	37.500925	139.936934	6	0.097	-1.080	9.676	1.573
1425690623846	37.500925	139.936934	7	0.075	-1.073	9.518	1.466
1425690623947	37.500924	139.936936	7	0.066	-1.025	9.307	1.262
1425690624047	37.500923	139.936937	7	0.056	-1.061	9.359	1.077
1425690624148	37.500922	139.936939	7	0.083	-1.087	9.571	0.909
1425690624249	37.500921	139.936940	7	0.124	-1.090	9.581	0.759
1425690624349	37.500920	139.936941	7	0.138	-1.079	9.436	0.628
1425690624450	37.500919	139.936942	7	0.152	-0.961	9.497	0.515
1425690624546	37.500919	139.936943	7	0.153	-0.496	9.738	0.423
1425690624647	37.500919	139.936943	7	0.145	-0.014	9.771	0.345
1425690624747	37.500918	139.936944	7	0.136	0.271	9.381	0.286
1425690624848	37.500918	139.936945	7	0.123	0.358	9.055	0.241
1425690624949	37.500917	139.936947	7	0.101	0.340	9.149	0.194
1425690625049	37.500917	139.936949	7	0.086	0.205	9.490	0.152
1425690625150	37.500916	139.936952	7	0.102	0.137	9.716	0.116
1425690625246	37.500916	139.936953	7	0.115	0.128	9.585	0.085
1425690625346	37.500916	139.936955	7	0.127	0.142	9.382	0.059
1425690625447	37.500915	139.936956	7	0.124	0.139	9.324	0.037
1425690625548	37.500915	139.936957	7	0.121	0.113	9.490	0.020
1425690625649	37.500915	139.936958	7	0.104	0.092	9.590	0.008
1425690625749	37.500915	139.936958	7	0.122	0.142	9.528	0.002
1425690682548	37.499738	139.936357	10	0.112	0.220	9.515	5.069
1425690682649	37.499734	139.936355	10	0.002	0.093	9.509	5.044
1425690682750	37.499730	139.936353	10	-0.087	-0.054	9.637	5.020
1425690682851	37.499726	139.936350	11	-0.148	-0.111	9.611	5.000
1425690682946	37.499722	139.936348	11	-0.189	-0.099	9.448	5.000
1425690683047	37.499717	139.936345	11	-0.179	-0.129	9.493	5.000
1425690683148	37.499712	139.936342	11	-0.170	-0.126	9.478	5.000
1425690683248	37.499707	139.936339	11	-0.219	-0.119	9.374	5.000
1425690683349	37.499703	139.936336	11	-0.212	-0.117	9.433	5.000
1425690683450	37.499698	139.936334	11	-0.098	-0.111	9.496	5.000
1425690683550	37.499693	139.936331	11	-0.089	-0.077	9.522	5.000
1425690683646	37.499689	139.936328	11	-0.150	-0.087	9.369	5.000
1425690683747	37.499684	139.936325	11	-0.201	-0.106	9.547	5.000
1425690683847	37.499679	139.936323	11	-0.170	-0.101	9.534	4.991
1425690683948	37.499674	139.936322	11	-0.108	-0.044	9.368	4.938
1425690684049	37.499670	139.936322	11	-0.091	-0.026	9.518	4.886
1425690684150	37.499665	139.936321	11	-0.111	-0.032	9.665	4.834
1425690684250	37.499660	139.936321	11	-0.149	-0.043	9.631	4.784
1425690684346	37.499656	139.936320	11	-0.177	-0.004	9.449	4.735
1425690684447	37.499651	139.936320	11	-0.174	0.033	9.307	4.685
1425690684547	37.499647	139.936319	11	-0.181	0.035	9.402	4.636
1425690686546	37.499561	139.936302	10	-0.182	0.036	9.404	4.500
1425690686647	37.499557	139.936301	10	-0.167	-0.228	8.918	4.500
1425690686748	37.499553	139.936301	10	-0.194	-0.519	9.350	4.500
1425690686849	37.499549	139.936300	11	-0.149	-0.657	9.557	4.484
1425690686949	37.499546	139.936299	11	-0.107	-0.749	9.658	4.404
1425690687050	37.499543	139.936298	11	-0.127	-0.759	9.583	4.323
1425690687146	37.499541	139.936297	11	-0.149	-0.752	9.259	4.248
1425690687246	37.499538	139.936296	11	-0.117	-0.799	9.360	4.171
1425690687347	37.499535	139.936295	11	-0.140	-0.866	9.741	4.095
1425690687448	37.499532	139.936294	11	-0.186	-0.835	9.366	4.020
1425690687549	37.499529	139.936293	11	-0.169	-0.825	9.186	3.947
1425690687649	37.499527	139.936292	11	-0.119	-0.815	9.450	3.876
1425690687750	37.499524	139.936291	11	-0.054	-0.825	9.814	3.805
1425690687846	37.499522	139.936290	11	-0.036	-0.798	9.528	3.732
1425690687946	37.499519	139.936289	11	-0.079	-0.792	9.071	3.618
1425690688047	37.499517	139.936288	11	-0.137	-0.846	9.460	3.507
1425690688148	37.499515	139.936288	11	-0.139	-0.865	9.720	3.399
1425690688249	37.499512	139.936287	11	-0.099	-0.882	9.589	3.294
1425690688349	37.499510	139.936286	11	-0.084	-0.845	9.385	3.193
1425690688450	37.499508	139.936285	11	-0.126	-0.868	9.405	3.094
1425690688546	37.499506	139.936285	11	-0.158	-0.900	9.410	3.003
1425690688646	37.499504	139.936284	11	-0.128	-0.869	9.341	2.911
1425690688747	37.499502	139.936284	11	-0.047	-0.886	9.501	2.821
1425690688848	37.499501	139.936283	11	-0.053	-0.876	9.702	2.728
1425690688948	37.499500	139.936284	11	-0.235	-0.859	9.342	2.609
1425690689049	37.499498	139.936284	11	-0.299	-0.860	9.042	2.493
1425690689150	37.499497	139.936284	11	-0.135	-0.943	9.412	2.382
1425690689250	37.499496	139.936285	11	0.034	-1.157	10.001	2.276
1425690689346	37.499495	139.936285	11	0.131	-1.187	9.929	2.179
1425690689447	37.499494	139.936286	11	0.067	-1.162	9.342	2.080
1425690689548	37.499493	139.936286	11	-0.015	-1.194	9.142	1.987
1425690689648	37.499492	139.936286	11	-0.060	-1.236	9.383	1.899
1425690689749	37.499492	139.936287	11	-0.079	-1.278	9.560	1.814
1425690689850	37.499491	139.936287	11	-0.137	-1.343	9.528	1.711
1425690689950	37.499490	139.936286	11	-0.186	-1.403	9.496	1.527
1425690690046	37.499490	139.936285	11	-0.161	-1.410	9.474	1.362
1425690690147	37.499490	139.936285	11	-0.079	-1.274	9.496	1.203
1425690690248	37.499489	139.936284	11	0.000	-1.077	9.530	1.059
1425690690348	37.499489	139.936284	11	0.050	-0.825	9.569	0.929
1425690690449	37.499489	139.936283	11	0.062	-0.537	9.563	0.812
1425690690550	37.499488	139.936283	11	0.032	-0.326	9.422	0.710
1425690690650	37.499488	139.936282	11	-0.035	-0.247	9.308	0.623
1425690690746	37.499488	139.936282	11	-0.110	-0.303	9.306	0.552
1425690690847	37.499488	139.936282	9	-0.153	-0.520	9.356	0.483
1425690690947	37.499488	139.936282	9	-0.119	-0.691	9.521	0.390
1425690691048	37.499488	139.936282	9	-0.052	-0.475	9.808	0.306
1425690691149	37.499488	139.936282	9	0.013	-0.140	9.786	0.232
1425690691250	37.499488	139.936282	9	0.009	0.134	9.462	0.168
1425690691350	37.499488	139.936282	9	-0.023	0.291	9.176	0.115
1425690691446	37.499488	139.936282	9	-0.050	0.282	9.176	0.074
1425690691547	37.499488	139.936282	9	-0.065	0.160	9.417	0.040
1425690691647	37.499488	139.936282	9	-0.072	0.030	9.607	0.017
1425690691748	37.499488	139.936282	9	-0.074	-0.061	9.595	0.003
1425690709548	37.499399	139.936114	11	-0.044	0.108	9.488	3.500
1425690709649	37.499399	139.936110	11	-0.118	-0.114	9.517	3.500
1425690709750	37.499399	139.936105	11	-0.075	-0.235	9.352	3.500
1425690709850	37.499399	139.936101	11	0.018	-0.305	9.437	3.500
1425690709946	37.499400	139.936097	11	0.082	-0.323	9.609	3.500
1425690710047	37.499401	139.936093	11	0.041	-0.281	9.535	3.500
1425690710147	37.499402	139.936089	11	-0.005	-0.221	9.474	3.500
1425690710248	37.499403	139.936084	11	0.029	-0.181	9.615	3.500
1425690710349	37.499403	139.936080	11	0.057	-0.164	9.692	3.500
1425690710449	37.499404	139.936076	11	0.035	-0.103	9.507	3.500
1425690710550	37.499405	139.936072	11	-0.002	-0.064	9.489	3.500
1425690710646	37.499406	139.936068	11	-0.080	0.013	9.495	3.500
1425690710747	37.499407	139.936063	11	-0.163	0.078	9.398	3.500
1425690710847	37.499408	139.936059	11	-0.169	0.144	9.307	3.500
1425690710948	37.499409	139.936055	11	-0.124	0.129	9.419	3.500
1425690711049	37.499409	139.936051	11	-0.023	0.102	9.514	3.500
1425690711149	37.499410	139.936047	11	0.086	0.091	9.451	3.500
1425690711250	37.499411	139.936042	11	0.181	0.084	9.445	3.500
1425690711346	37.499412	139.936038	11	0.219	0.080	9.419	3.500
1425690711447	37.499413	139.936034	11	0.198	0.076	9.453	3.500
1425690711548	37.499414	139.936030	11	0.167	0.084	9.556	3.500
1425690715545	37.499465	139.935867	5	0.168	0.084	9.563	3.500
1425690715550	37.499466	139.935867	5	0.166	0.081	9.569	3.500
1425690715646	37.499467	139.935863	5	0.058	-0.023	9.588	3.500
1425690715747	37.499469	139.935858	5	-0.011	-0.092	9.607	3.500
1425690715847	37.499470	139.935854	6	-0.039	-0.118	9.518	3.500
1425690715948	37.499472	139.935850	6	-0.041	-0.150	9.487	3.500
1425690716049	37.499473	139.935846	6	-0.077	-0.155	9.490	3.500
1425690716150	37.499474	139.935841	6	-0.082	-0.142	9.495	3.500
1425690716250	37.499476	139.935837	6	-0.047	-0.155	9.588	3.500
1425690716346	37.499477	139.935833	6	-0.051	-0.145	9.418	3.500
1425690716447	37.499479	139.935829	6	-0.052	-0.138	9.426	3.500
1425690716547	37.499480	139.935825	6	-0.081	-0.124	9.522	3.500
1425690716648	37.499481	139.935820	6	-0.103	-0.107	9.439	3.500
1425690716749	37.499483	139.935816	6	-0.080	-0.090	9.280	3.500
1425690716849	37.499484	139.935812	6	-0.041	-0.120	9.498	3.500
1425690716950	37.499486	139.935807	6	-0.006	-0.159	9.717	3.500
1425690717046	37.499487	139.935803	6	-0.004	-0.130	9.424	3.500
1425690717147	37.499488	139.935799	6	-0.023	-0.111	9.261	3.500
1425690717247	37.499490	139.935795	6	-0.030	-0.117	9.518	3.500
1425690717348	37.499491	139.935790	6	-0.032	-0.133	9.608	3.500
1425690717449	37.499493	139.935786	6	-0.050	-0.139	9.497	3.500
1425690717550	37.499494	139.935782	6	-0.099	-0.158	9.497	3.500
1425690717646	37.499495	139.935778	6	-0.060	-0.181	9.643	3.500
1425690717746	37.499497	139.935774	6	-0.022	-0.172	9.465	3.500
1425690717846	37.499498	139.935769	6	0.010	-0.140	9.305	3.500
1425690717947	37.499500	139.935765	6	0.037	-0.101	9.437	3.500
1425690718048	37.499501	139.935761	6	0.063	-0.112	9.611	3.500
1425690718149	37.499502	139.935757	6	0.052	-0.103	9.585	3.500
1425690718249	37.499503	139.935753	6	0.005	-0.093	9.387	3.500
1425690718350	37.499505	139.935749	6	-0.034	-0.101	9.395	3.500
1425690718446	37.499506	139.935745	6	-0.037	-0.084	9.366	3.500
1425690718546	37.499507	139.935741	6	-0.032	-0.085	9.490	3.500
1425690718647	37.499509	139.935736	6	-0.037	-0.091	9.522	3.500
1425690718748	37.499510	139.935732	6	-0.020	-0.067	9.377	3.500
1425690718849	37.499511	139.935728	5	0.023	-0.080	9.384	3.500
1425690718949	37.499513	139.935724	5	0.039	-0.098	9.611	3.500
1425690719050	37.499514	139.935720	5	0.030	-0.115	9.595	3.500
1425690719146	37.499515	139.935715	5	-0.017	-0.094	9.384	3.500
1425690719246	37.499516	139.935711	5	-0.066	-0.098	9.301	3.500
1425690719347	37.499518	139.935707	5	-0.095	-0.120	9.632	3.500
1425690719448	37.499519	139.935702	5	-0.039	-0.140	9.731	3.500
1425690719548	37.499520	139.935698	5	0.014	-0.091	9.384	3.500
1425690719649	37.499522	139.935694	5	0.033	-0.072	9.301	3.500
1425690719750	37.499523	139.935689	5	0.032	-0.063	9.409	3.500
1425690719846	37.499524	139.935685	5	0.017	-0.078	9.549	3.500
1425690719946	37.499525	139.935681	5	-0.013	-0.065	9.468	3.500
1425690720047	37.499526	139.935677	5	-0.039	-0.077	9.428	3.500
1425690720148	37.499527	139.935673	5	-0.038	-0.083	9.499	3.500
1425690720248	37.499529	139.935668	5	-0.033	-0.073	9.445	3.500
1425690720349	37.499530	139.935664	5	-0.020	-0.095	9.446	3.500
1425690720450	37.499531	139.935660	5	-0.008	-0.101	9.485	3.500
1425690720546	37.499532	139.935656	5	0.056	-0.071	9.336	3.500
1425690720646	37.499533	139.935652	5	0.065	-0.095	9.545	3.500
1425690720747	37.499534	139.935647	5	0.040	-0.109	9.645	3.500
1425690720848	37.499535	139.935643	5	0.003	-0.126	9.473	3.500
1425690720948	37.499536	139.935639	5	-0.015	-0.118	9.525	3.500
1425690721049	37.499537	139.935635	5	0.007	-0.097	9.503	3.500
1425690721150	37.499539	139.935631	5	0.010	-0.066	9.361	3.500
1425690721250	37.499540	139.935626	5	0.012	-0.080	9.453	3.500
1425690721346	37.499541	139.935622	5	0.034	-0.105	9.699	3.500
1425690721447	37.499542	139.935618	5	0.026	-0.096	9.464	3.500
1425690721548	37.499543	139.935614	5	0.037	-0.062	9.276	3.500
1425690721648	37.499544	139.935610	5	0.039	-0.059	9.484	3.500
1425690721749	37.499545	139.935605	5	0.043	-0.050	9.606	3.500
1425690721850	37.499546	139.935601	5	0.029	-0.030	9.355	3.500
1425690721950	37.499547	139.935597	5	-0.010	-0.030	9.342	3.500
1425690722046	37.499548	139.935592	5	-0.035	-0.083	9.422	3.500
1425690722152	37.499549	139.935588	5	-0.034	-0.206	9.331	3.500
1425690722248	37.499550	139.935583	5	-0.026	-0.387	9.381	3.500
1425690722347	37.499551	139.935579	5	-0.011	-0.504	9.597	3.500
1425690722449	37.499552	139.935574	5	0.010	-0.509	9.604	3.500
1425690722548	37.499553	139.935570	5	0.022	-0.439	9.540	3.500
1425690722650	37.499554	139.935565	5	0.013	-0.363	9.423	3.500
1425690722746	37.499555	139.935561	5	-0.012	-0.344	9.429	3.500
1425690722847	37.499556	139.935556	4	-0.025	-0.364	9.455	3.500
1425690722947	37.499557	139.935552	4	-0.040	-0.414	9.521	3.500
1425690723048	37.499558	139.935548	4	-0.041	-0.453	9.546	3.500
1425690723149	37.499559	139.935544	4	-0.017	-0.440	9.491	3.500
1425690723250	37.499560	139.935539	4	0.004	-0.404	9.455	3.500
1425690723350	37.499561	139.935535	4	0.000	-0.363	9.474	3.500
1425690723446	37.499562	139.935531	4	-0.014	-0.348	9.468	3.500
1425690723547	37.499562	139.935527	4	-0.009	-0.371	9.490	3.500
1425690723647	37.499563	139.935523	4	0.002	-0.400	9.510	3.500
1425690723748	37.499564	139.935518	4	-0.008	-0.408	9.511	3.500
1425690723849	37.499565	139.935514	4	-0.024	-0.404	9.467	3.500
1425690723949	37.499566	139.935510	4	-0.037	-0.389	9.470	3.500
1425690724050	37.499567	139.935506	4	-0.030	-0.380	9.513	3.500
1425690724146	37.499568	139.935502	4	-0.033	-0.361	9.510	3.500
1425690724247	37.499568	139.935498	4	-0.024	-0.341	9.501	3.500
1425690724347	37.499569	139.935494	4	0.012	-0.385	9.573	3.500
1425690724448	37.499570	139.935490	4	0.028	-0.374	9.491	3.500
1425690724549	37.499571	139.935486	4	0.021	-0.339	9.432	3.500
1425690724649	37.499572	139.935482	4	0.010	-0.342	9.479	3.500
1425690724750	37.499572	139.935478	4	0.011	-0.329	9.436	3.500
1425690724846	37.499573	139.935474	4	0.011	-0.308	9.408	3.500
1425690724946	37.499574	139.935471	4	0.007	-0.316	9.517	3.500
1425690725047	37.499575	139.935467	4	-0.007	-0.349	9.450	3.500
1425690725148	37.499576	139.935464	4	-0.015	-0.364	9.525	3.500
1425690725249	37.499577	139.935460	4	0.016	-0.356	9.471	3.500
1425690725349	37.499578	139.935456	4	0.034	-0.291	9.349	3.500
1425690725450	37.499579	139.935453	4	-0.023	-0.277	9.302	3.500
1425690725546	37.499579	139.935449	4	-0.084	-0.338	9.475	3.500
1425690725646	37.499580	139.935446	4	-0.044	-0.347	9.654	3.500
1425690725747	37.499581	139.935442	4	0.058	-0.321	9.572	3.500
1425690725848	37.499582	139.935438	4	0.078	-0.301	9.427	3.479
1425690725949	37.499583	139.935436	4	0.066	-0.325	9.546	3.364
1425690726049	37.499583	139.935433	4	0.043	-0.327	9.609	3.252
1425690726150	37.499584	139.935430	4	-0.015	-0.296	9.496	3.144
1425690726246	37.499585	139.935428	4	-0.065	-0.313	9.548	3.044
1425690726346	37.499585	139.935425	4	-0.095	-0.341	9.540	2.942
1425690726447	37.499586	139.935423	4	-0.086	-0.339	9.414	2.844
1425690726548	37.499587	139.935420	4	-0.006	-0.316	9.489	2.748
1425690726648	37.499587	139.935418	4	0.023	-0.330	9.532	2.657
1425690726749	37.499588	139.935416	4	0.028	-0.314	9.420	2.569
1425690726850	37.499588	139.935414	4	0.023	-0.336	9.595	2.489
1425690726946	37.499588	139.935412	4	-0.075	-0.376	9.781	2.436
1425690727046	37.499589	139.935410	4	-0.156	-0.351	9.428	2.383
1425690727147	37.499589	139.935408	4	-0.192	-0.287	9.114	2.329
1425690727248	37.499589	139.935406	4	-0.150	-0.233	9.194	2.277
1425690727348	37.499590	139.935404	4	-0.050	-0.270	9.575	2.227
1425690727449	37.499590	139.935402	4	0.021	-0.307	9.751	2.177
1425690727550	37.499590	139.935400	4	0.037	-0.350	9.558	2.129
1425690727651	37.499591	139.935398	4	0.014	-0.375	9.444	2.081
1425690727746	37.499591	139.935396	4	0.021	-0.367	9.461	2.038
1425690727847	37.499591	139.935395	4	-0.003	-0.306	9.559	1.995
1425690727948	37.499591	139.935393	4	-0.040	-0.256	9.542	1.969
1425690728048	37.499591	139.935391	4	-0.083	-0.132	9.463	1.943
1425690728149	37.499592	139.935389	4	-0.097	-0.037	9.397	1.917
1425690728250	37.499592	139.935387	4	-0.120	-0.029	9.445	1.891
1425690728350	37.499592	139.935385	4	-0.132	0.000	9.496	1.866
1425690728446	37.499592	139.935383	4	-0.088	-0.029	9.489	1.842
1425690728547	37.499592	139.935381	4	-0.040	-0.020	9.484	1.817
1425690728647	37.499593	139.935379	4	-0.004	0.020	9.489	1.793
1425690728748	37.499593	139.935377	4	-0.017	-0.005	9.445	1.769
1425690728849	37.499593	139.935376	4	-0.083	0.010	9.381	1.750
1425690728950	37.499593	139.935374	4	-0.164	-0.011	9.360	1.750
1425690729050	37.499593	139.935372	4	-0.168	0.046	9.498	1.750
1425690729146	37.499594	139.935370	4	-0.122	0.040	9.549	1.750
1425690729247	37.499594	139.935368	4	-0.042	0.042	9.501	1.750
1425690729347	37.499594	139.935366	4	0.019	0.083	9.391	1.750
1425690729448	37.499594	139.935364	4	0.017	0.086	9.377	1.750
1425690729549	37.499594	139.935362	4	-0.020	0.022	9.513	1.750
1425690729650	37.499595	139.935360	4	-0.014	0.018	9.549	1.750
1425690729750	37.499595	139.935359	4	-0.022	0.045	9.432	1.750
1425690729846	37.499595	139.935357	4	-0.049	0.041	9.416	1.750
1425690729947	37.499596	139.935355	4	-0.044	0.041	9.511	1.750
1425690730047	37.499596	139.935353	4	-0.035	0.009	9.510	1.750
1425690730148	37.499597	139.935351	4	-0.010	-0.068	9.553	1.750
1425690730249	37.499598	139.935349	4	0.014	-0.168	9.572	1.750
1425690730349	37.499598	139.935347	4	-0.020	-0.268	9.404	1.750
1425690730450	37.499599	139.935345	4	-0.086	-0.376	9.261	1.750
1425690730546	37.499599	139.935343	4	-0.127	-0.533	9.356	1.750
1425690730647	37.499600	139.935341	4	-0.122	-0.678	9.625	1.750
1425690730747	37.499600	139.935340	4	-0.063	-0.693	9.697	1.750
1425690730848	37.499601	139.935338	4	-0.025	-0.645	9.435	1.750
1425690730949	37.499602	139.935336	4	-0.031	-0.649	9.307	1.750
1425690731049	37.499603	139.935334	4	-0.042	-0.674	9.486	1.750
1425690731150	37.499603	139.935332	4	-0.072	-0.706	9.610	1.750
1425690731246	37.499604	139.935330	4	-0.087	-0.745	9.512	1.750
1425690731346	37.499605	139.935328	4	-0.045	-0.711	9.377	1.750
1425690731447	37.499605	139.935326	4	-0.055	-0.704	9.384	1.750
1425690731548	37.499606	139.935324	4	-0.065	-0.733	9.562	1.750
1425690731649	37.499607	139.935322	4	-0.061	-0.765	9.645	1.750
1425690731749	37.499607	139.935321	4	-0.036	-0.746	9.469	1.750
1425690731850	37.499608	139.935319	4	-0.006	-0.732	9.356	1.745
1425690731946	37.499608	139.935317	4	-0.007	-0.799	9.535	1.719
1425690732046	37.499608	139.935316	4	-0.023	-0.876	9.705	1.693
1425690732147	37.499609	139.935314	4	-0.077	-0.883	9.646	1.667
1425690732248	37.499609	139.935312	4	-0.128	-0.860	9.416	1.641
1425690732348	37.499609	139.935311	4	-0.113	-0.822	9.260	1.616
1425690732449	37.499609	139.935309	4	-0.048	-0.761	9.333	1.591
1425690732550	37.499609	139.935308	4	-0.006	-0.749	9.511	1.566
1425690732646	37.499610	139.935307	4	0.016	-0.753	9.579	1.543
1425690732746	37.499610	139.935305	4	0.016	-0.713	9.488	1.520
1425690732847	37.499610	139.935304	4	-0.031	-0.686	9.404	1.449
1425690732948	37.499609	139.935306	4	-0.066	-0.695	9.470	1.167
1425690733048	37.499608	139.935308	4	-0.084	-0.701	9.526	0.917
1425690733149	37.499607	139.935310	4	-0.083	-0.702	9.513	0.696
1425690733250	37.499607	139.935311	4	-0.048	-0.477	9.567	0.505
1425690733346	37.499606	139.935312	4	-0.032	-0.228	9.549	0.351
1425690733446	37.499606	139.935313	4	-0.035	-0.024	9.410	0.221
1425690733547	37.499605	139.935314	4	-0.020	0.086	9.313	0.120
1425690733648	37.499605	139.935315	4	-0.022	0.058	9.372	0.050
1425690733748	37.499605	139.935315	4	-0.029	-0.009	9.517	0.010
1425690758548	37.499910	139.934222	7	-0.038	-0.039	9.530	7.429
1425690758648	37.499914	139.934214	7	-0.043	-0.120	9.548	7.454
1425690758749	37.499918	139.934205	7	-0.013	-0.158	9.469	7.479
1425690758850	37.499921	139.934196	7	0.022	-0.175	9.447	7.495
1425690758951	37.499923	139.934188	7	0.023	-0.185	9.473	7.469
1425690759046	37.499924	139.934180	7	0.062	-0.187	9.558	7.445
1425690759147	37.499926	139.934172	7	0.111	-0.241	9.653	7.420
1425690759248	37.499928	139.934164	7	0.114	-0.259	9.701	7.394
1425690759348	37.499929	139.934156	7	0.072	-0.228	9.568	7.369
1425690759449	37.499931	139.934148	7	0.017	-0.175	9.350	7.344
1425690759550	37.499933	139.934139	7	0.027	-0.162	9.419	7.319
1425690759650	37.499934	139.934131	7	0.028	-0.204	9.443	7.294
1425690759746	37.499936	139.934124	7	0.071	-0.218	9.625	7.271
1425690759847	37.499937	139.934116	8	0.052	-0.207	9.574	7.246
1425690759948	37.499938	139.934109	8	0.013	-0.203	9.456	7.220
1425690760048	37.499939	139.934102	8	-0.016	-0.216	9.434	7.195
1425690760149	37.499940	139.934094	8	-0.013	-0.202	9.329	7.169
1425690760250	37.499940	139.934087	8	0.008	-0.151	9.272	7.144
1425690760350	37.499941	139.934080	8	0.009	-0.196	9.412	7.119
1425690760446	37.499942	139.934074	8	0.043	-0.231	9.342	7.095
1425690760547	37.499943	139.934067	8	0.060	-0.189	9.367	7.070
1425690760647	37.499944	139.934060	8	0.033	-0.205	9.324	7.045
1425690760748	37.499944	139.934053	8	0.040	-0.235	9.315	7.020
1425690760849	37.499945	139.934046	8	0.038	-0.220	9.478	6.995
1425690760950	37.499947	139.934038	8	0.055	-0.210	9.492	6.970
1425690761050	37.499949	139.934031	8	0.079	-0.239	9.485	6.944
1425690761146	37.499951	139.934025	8	0.138	-0.278	9.752	6.920
1425690761247	37.499953	139.934018	8	0.192	-0.260	9.777	6.895
1425690761347	37.499955	139.934010	8	0.181	-0.291	9.555	6.870
1425690761448	37.499957	139.934003	8	0.154	-0.338	9.422	6.844
1425690761549	37.499959	139.933996	8	0.153	-0.367	9.508	6.819
1425690761649	37.499961	139.933989	8	0.127	-0.478	9.572	6.795
1425690761750	37.499963	139.933983	8	0.153	-0.592	9.430	6.770
1425690761846	37.499965	139.933976	6	0.157	-0.661	9.445	6.742
1425690761947	37.499967	139.933969	6	0.185	-0.732	9.516	6.690
1425690762047	37.499969	139.933961	6	0.148	-0.779	9.528	6.638
1425690762148	37.499972	139.933954	6	0.072	-0.788	9.406	6.587
1425690762249	37.499974	139.933947	6	0.017	-0.744	9.224	6.536
1425690762349	37.499976	139.933940	6	-0.002	-0.754	9.321	6.486
1425690762450	37.499978	139.933933	6	-0.011	-0.767	9.460	6.435
1425690762546	37.499979	139.933926	6	-0.023	-0.653	9.443	6.388
1425690762646	37.499981	139.933919	6	-0.077	-0.508	9.468	6.339
1425690762747	37.499983	139.933913	6	-0.122	-0.386	9.457	6.290
1425690762848	37.499985	139.933906	8	-0.064	-0.253	9.368	6.245
1425690762949	37.499985	139.933899	8	0.023	-0.244	9.402	6.220
1425690763049	37.499985	139.933893	8	0.025	-0.256	9.325	6.194
1425690763150	37.499986	139.933887	8	0.008	-0.202	9.262	6.169
1425690763246	37.499986	139.933880	8	-0.003	-0.194	9.447	6.145
1425690763346	37.499986	139.933874	8	-0.054	-0.252	9.556	6.120
1425690763447	37.499986	139.933868	8	-0.109	-0.262	9.491	6.095
1425690763548	37.499986	139.933862	8	-0.068	-0.232	9.503	6.069
1425690763649	37.499987	139.933855	8	-0.050	-0.292	9.419	6.044
1425690763749	37.499987	139.933849	8	-0.021	-0.245	9.461	6.020
1425690763850	37.499987	139.933843	8	-0.025	-0.251	9.552	5.995
1425690763946	37.499990	139.933836	8	-0.041	-0.216	9.691	5.970
1425690764046	37.499992	139.933830	8	-0.053	-0.151	9.565	5.945
1425690764147	37.499994	139.933823	8	-0.010	-0.088	9.519	5.920
1425690764248	37.499996	139.933816	8	-0.014	-0.059	9.403	5.894
1425690764348	37.499999	139.933810	8	-0.031	-0.181	9.334	5.869
1425690764449	37.500001	139.933803	8	-0.056	-0.489	9.339	5.844
1425690764550	37.500003	139.933797	8	-0.046	-0.661	9.479	5.819
1425690764651	37.500005	139.933790	8	-0.047	-0.911	9.571	5.794
1425690764746	37.500007	139.933784	8	-0.052	-1.025	9.651	5.771
1425690764852	37.500009	139.933778	8	-0.081	-1.123	9.619	5.739
1425690764948	37.500009	139.933774	8	-0.083	-1.122	9.465	5.689
1425690765047	37.500010	139.933770	8	-0.068	-1.151	9.384	5.638
1425690765149	37.500010	139.933766	8	-0.065	-1.133	9.339	5.586
1425690765248	37.500011	139.933763	8	-0.032	-1.187	9.462	5.535
1425690765351	37.500011	139.933759	8	-0.015	-1.199	9.471	5.484
1425690765446	37.500012	139.933755	8	-0.029	-1.171	9.388	5.437
1425690765547	37.500012	139.933751	8	0.002	-1.116	9.250	5.387
1425690765648	37.500012	139.933748	8	-0.018	-1.149	9.355	5.338
1425690765748	37.500013	139.933744	8	0.028	-1.132	9.288	5.289
1425690765849	37.500013	139.933740	8	-0.054	-1.262	9.834	5.223
1425690765950	37.500013	139.933737	8	-0.019	-1.240	9.876	5.082
1425690766050	37.500012	139.933733	8	0.012	-1.171	9.488	4.946
1425690766146	37.500012	139.933730	8	-0.011	-1.020	9.215	4.818
1425690766247	37.500012	139.933727	8	-0.005	-0.892	9.205	4.688
1425690766348	37.500011	139.933724	8	-0.012	-0.846	9.629	4.560
1425690766448	37.500011	139.933721	8	-0.164	-0.871	9.770	4.438
1425690766549	37.500011	139.933718	8	-0.367	-0.807	9.497	4.317
1425690766650	37.500010	139.933715	8	-0.583	-0.767	9.357	4.200
1425690766750	37.500010	139.933712	8	-0.761	-0.756	9.381	4.088
1425690766846	37.500010	139.933709	6	-0.917	-0.742	9.339	3.991
1425690766947	37.500011	139.933705	6	-1.030	-0.791	9.295	3.938
1425690767047	37.500011	139.933701	6	-1.138	-0.831	9.448	3.886
1425690767148	37.500011	139.933697	6	-1.217	-0.792	9.392	3.834
1425690767249	37.500012	139.933693	6	-1.290	-0.840	9.432	3.782
1425690767350	37.500012	139.933689	6	-1.340	-0.893	9.389	3.732
1425690767450	37.500013	139.933685	6	-1.290	-0.976	9.385	3.682
1425690767546	37.500013	139.933682	6	-1.328	-0.941	9.469	3.635
1425690767647	37.500013	139.933678	6	-1.326	-0.939	9.423	3.587
1425690767747	37.500014	139.933674	6	-1.282	-1.015	9.514	3.539
1425690767848	37.500014	139.933670	6	-1.295	-1.016	9.468	3.485
1425690767949	37.500015	139.933666	6	-1.366	-1.136	9.524	3.401
1425690768049	37.500016	139.933662	6	-1.425	-1.181	9.658	3.320
1425690768150	37.500017	139.933659	6	-1.495	-1.253	9.673	3.240
1425690768246	37.500018	139.933655	6	-1.561	-1.315	9.536	3.166
1425690768347	37.500019	139.933651	6	-1.439	-1.243	9.379	3.090
1425690768447	37.500020	139.933648	6	-1.377	-1.226	9.172	3.016
1425690768548	37.500021	139.933644	6	-1.496	-1.243	9.271	2.943
1425690768649	37.500022	139.933641	6	-1.775	-1.306	9.489	2.872
1425690768749	37.500023	139.933638	6	-1.863	-1.321	9.807	2.804
1425690768850	37.500024	139.933635	6	-2.015	-1.255	9.593	2.726
1425690768946	37.500023	139.933632	6	-2.123	-1.175	8.991	2.611
1425690769046	37.500022	139.933630	6	-1.936	-1.144	9.001	2.496
1425690769147	37.500022	139.933628	6	-1.876	-1.240	9.541	2.385
1425690769248	37.500021	139.933626	6	-1.679	-1.310	9.934	2.278
1425690769349	37.500021	139.933624	6	-1.629	-1.397	10.105	2.176
1425690769449	37.500020	139.933622	6	-1.565	-1.246	9.588	2.079
1425690769550	37.500019	139.933620	6	-1.476	-1.102	9.023	1.985
1425690769646	37.500019	139.933618	6	-1.490	-1.111	9.015	1.901
1425690769746	37.500018	139.933616	6	-1.350	-1.077	9.086	1.817
1425690769847	37.500018	139.933615	7	-1.082	-0.952	9.334	1.761
1425690769948	37.500015	139.933614	7	-0.880	-0.872	9.621	1.825
1425690770048	37.500011	139.933613	7	-0.716	-0.850	9.740	1.891
1425690770149	37.500008	139.933612	7	-0.540	-0.638	9.477	1.960
1425690770250	37.500005	139.933612	7	-0.438	-0.413	8.989	2.033
1425690770346	37.500001	139.933611	7	-0.457	-0.375	9.020	2.104
1425690770446	37.499998	139.933610	7	-0.568	-0.365	9.372	2.181
1425690770547	37.499994	139.933609	7	-0.682	-0.414	9.461	2.261
1425690770648	37.499990	139.933608	7	-0.591	-0.383	9.570	2.344
1425690770748	37.499986	139.933607	7	-0.190	-0.300	9.585	2.429
1425690770849	37.499982	139.933606	7	0.176	-0.175	9.453	2.500
1425690770950	37.499979	139.933607	7	0.415	-0.057	9.224	2.500
1425690771046	37.499976	139.933607	7	0.440	-0.096	9.320	2.500
1425690771146	37.499973	139.933608	7	0.392	-0.150	9.689	2.500
1425690771247	37.499970	139.933608	7	0.284	-0.197	9.897	2.500
1425690771348	37.499967	139.933609	7	0.156	-0.134	9.837	2.500
1425690771448	37.499964	139.933610	7	0.058	-0.062	9.678	2.500
1425690777546	37.499730	139.933538	4	0.030	0.012	9.530	4.250
1425690777647	37.499726	139.933537	4	0.084	-0.044	9.360	4.250
1425690777748	37.499723	139.933535	4	0.086	-0.130	9.441	4.250
1425690777848	37.499719	139.933534	5	0.039	-0.231	9.557	4.245
1425690777949	37.499715	139.933533	5	0.009	-0.279	9.652	4.219
1425690778050	37.499711	139.933532	5	0.035	-0.260	9.599	4.194
1425690778151	37.499708	139.933531	5	0.043	-0.240	9.375	4.168
1425690778246	37.499704	139.933530	5	0.017	-0.171	9.261	4.144
1425690778347	37.499700	139.933529	5	0.009	-0.163	9.386	4.119
1425690778448	37.499696	139.933528	5	-0.001	-0.225	9.502	4.094
1425690778548	37.499692	139.933527	5	0.043	-0.248	9.375	4.069
1425690778649	37.499689	139.933526	5	0.128	-0.244	9.477	4.044
1425690778750	37.499685	139.933525	5	0.205	-0.264	9.707	4.019
1425690778850	37.499681	139.933524	10	0.264	-0.231	9.547	3.992
1425690778951	37.499678	139.933522	10	0.293	-0.209	9.326	3.950
1425690779047	37.499675	139.933521	10	0.269	-0.199	9.326	3.911
1425690779146	37.499672	139.933520	10	0.257	-0.232	9.544	3.871
1425690779248	37.499669	139.933518	10	0.267	-0.278	9.704	3.830
1425690779347	37.499666	139.933517	10	0.255	-0.250	9.534	3.791
1425690779450	37.499662	139.933515	10	0.227	-0.193	9.385	3.751
1425690779549	37.499659	139.933514	10	0.219	-0.166	9.388	3.713
1425690779646	37.499656	139.933513	10	0.207	-0.186	9.473	3.675
1425690779747	37.499653	139.933511	10	0.158	-0.215	9.591	3.637
1425690779847	37.499650	139.933510	10	0.060	-0.236	9.527	3.599
1425690779948	37.499648	139.933509	10	-0.061	-0.200	9.398	3.562
1425690780049	37.499645	139.933508	10	-0.169	-0.180	9.490	3.524
1425690780149	37.499642	139.933506	10	-0.285	-0.196	9.571	3.488
1425690780250	37.499639	139.933505	10	-0.439	-0.224	9.487	3.452
1425690780346	37.499636	139.933504	10	-0.547	-0.214	9.339	3.417
1425690780447	37.499633	139.933503	10	-0.562	-0.209	9.451	3.382
1425690780547	37.499631	139.933501	10	-0.497	-0.193	9.522	3.347
1425690780648	37.499628	139.933500	10	-0.428	-0.172	9.439	3.312
1425690780749	37.499625	139.933499	10	-0.347	-0.181	9.490	3.277
1425690780849	37.499623	139.933498	10	-0.307	-0.165	9.609	3.250
1425690780950	37.499620	139.933497	10	-0.279	-0.153	9.482	3.250
1425690781046	37.499618	139.933495	10	-0.278	-0.160	9.441	3.250
1425690781147	37.499615	139.933494	10	-0.270	-0.136	9.451	3.250
1425690781247	37.499613	139.933493	10	-0.262	-0.108	9.483	3.250
1425690781348	37.499611	139.933492	10	-0.254	-0.126	9.451	3.250
1425690781449	37.499608	139.933491	10	-0.268	-0.121	9.497	3.250
1425690781549	37.499606	139.933489	10	-0.339	-0.124	9.413	3.250
1425690781650	37.499603	139.933488	10	-0.424	-0.135	9.454	3.250
1425690781746	37.499601	139.933487	10	-0.436	-0.139	9.493	3.250
1425690781847	37.499599	139.933486	10	-0.402	-0.124	9.463	3.246
1425690781947	37.499596	139.933485	10	-0.324	-0.102	9.451	3.220
1425690782048	37.499594	139.933484	10	-0.260	-0.086	9.448	3.194
1425690782149	37.499591	139.933482	10	-0.264	-0.081	9.445	3.168
1425690782249	37.499589	139.933481	10	-0.323	-0.105	9.557	3.143
1425690782346	37.499586	139.933480	10	-0.353	-0.107	9.537	3.119
1425690782446	37.499584	139.933479	10	-0.376	-0.097	9.414	3.094
1425690782546	37.499582	139.933478	10	-0.386	-0.082	9.413	3.069
1425690782647	37.499579	139.933477	10	-0.392	-0.084	9.525	3.044
1425690782748	37.499577	139.933476	10	-0.402	-0.094	9.514	3.020
1425690782848	37.499575	139.933475	10	-0.397	-0.103	9.474	3.000
1425690782949	37.499572	139.933474	10	-0.390	-0.060	9.504	3.000
1425690783050	37.499570	139.933473	10	-0.381	-0.009	9.377	3.000
1425690783146	37.499567	139.933472	10	-0.363	-0.012	9.349	3.000
1425690783246	37.499565	139.933471	10	-0.389	-0.047	9.469	3.000
1425690783347	37.499563	139.933470	10	-0.422	-0.084	9.544	3.000
1425690783448	37.499560	139.933469	10	-0.433	-0.073	9.546	3.000
1425690783548	37.499558	139.933469	10	-0.438	-0.058	9.488	3.000
1425690783649	37.499555	139.933468	10	-0.415	-0.027	9.424	3.000
1425690783750	37.499553	139.933467	10	-0.395	-0.032	9.377	3.000
1425690783846	37.499551	139.933466	10	-0.369	0.008	9.416	2.996
1425690783946	37.499548	139.933465	10	-0.327	0.007	9.378	2.970
1425690784047	37.499546	139.933465	10	-0.322	-0.000	9.437	2.944
1425690784148	37.499543	139.933464	10	-0.362	-0.034	9.532	2.918
1425690784248	37.499541	139.933463	10	-0.380	-0.096	9.469	2.893
1425690784349	37.499538	139.933463	10	-0.344	-0.187	9.406	2.868
1425690784450	37.499536	139.933462	10	-0.312	-0.277	9.466	2.842
1425690784550	37.499534	139.933462	10	-0.298	-0.384	9.567	2.818
1425690784646	37.499531	139.933461	10	-0.244	-0.460	9.611	2.794
1425690784747	37.499529	139.933460	10	-0.213	-0.494	9.519	2.770
1425690784848	37.499527	139.933460	10	-0.243	-0.516	9.417	2.750
1425690784948	37.499524	139.933460	10	-0.270	-0.604	9.373	2.750
1425690785049	37.499522	139.933459	10	-0.260	-0.708	9.468	2.750
1425690785150	37.499520	139.933459	10	-0.207	-0.799	9.533	2.750
1425690785250	37.499518	139.933458	10	-0.113	-0.857	9.536	2.750
1425690785347	37.499516	139.933458	10	-0.026	-0.867	9.537	2.750
1425690785447	37.499513	139.933458	10	0.009	-0.903	9.536	2.750
1425690785547	37.499511	139.933457	10	-0.045	-0.925	9.459	2.750
1425690785648	37.499509	139.933457	10	-0.122	-0.965	9.426	2.750
1425690785749	37.499507	139.933456	10	-0.152	-1.001	9.441	2.750
1425690785850	37.499505	139.933456	10	-0.145	-1.023	9.508	2.699
1425690785950	37.499504	139.933456	10	-0.130	-1.025	9.517	2.454
1425690786046	37.499503	139.933456	10	-0.123	-1.043	9.415	2.234
1425690786147	37.499502	139.933456	10	-0.128	-1.072	9.410	2.018
1425690786247	37.499502	139.933457	10	-0.137	-1.135	9.486	1.822
1425690786348	37.499501	139.933457	10	-0.121	-1.140	9.516	1.640
1425690786449	37.499501	139.933457	10	-0.110	-1.143	9.471	1.474
1425690786550	37.499500	139.933457	10	-0.133	-1.137	9.476	1.325
1425690786650	37.499500	139.933457	10	-0.155	-1.149	9.447	1.194
1425690786746	37.499499	139.933457	10	-0.176	-1.144	9.446	1.084
1425690786847	37.499499	139.933457	10	-0.168	-1.163	9.494	0.980
1425690786947	37.499499	139.933457	10	-0.136	-1.165	9.496	0.866
1425690787048	37.499499	139.933458	10	-0.118	-1.190	9.459	0.760
1425690787149	37.499499	139.933458	10	-0.114	-1.066	9.566	0.663
1425690787249	37.499499	139.933458	10	-0.125	-0.602	9.755	0.576
1425690787350	37.499499	139.933458	10	-0.142	-0.174	9.633	0.498
1425690787446	37.499499	139.933459	10	-0.155	0.048	9.263	0.432
1425690787547	37.499499	139.933459	10	-0.168	0.148	9.087	0.371
1425690787647	37.499499	139.933459	10	-0.168	0.145	9.333	0.320
1425690787748	37.499499	139.933459	10	-0.164	0.112	9.645	0.278
1425690787849	37.499499	139.933459	9	-0.154	0.101	9.643	0.241
1425690787949	37.499500	139.933461	9	-0.147	0.142	9.442	0.194
1425690788050	37.499500	139.933463	9	-0.153	0.158	9.336	0.152
1425690788146	37.499501	139.933465	9	-0.163	0.142	9.436	0.117
1425690788246	37.499501	139.933466	9	-0.163	0.120	9.571	0.085
1425690788347	37.499501	139.933467	9	-0.157	0.115	9.556	0.058
1425690788448	37.499502	139.933468	9	-0.147	0.118	9.435	0.036
1425690788549	37.499502	139.933469	9	-0.148	0.122	9.394	0.020
1425690788649	37.499502	139.933470	9	-0.171	0.097	9.493	0.008
1425690788750	37.499502	139.933470	9	-0.178	0.078	9.545	0.002
1425690837548	37.497668	139.932618	14	-0.147	0.090	9.474	7.429
1425690837649	37.497661	139.932615	14	-0.082	-0.301	9.455	7.454
1425690837750	37.497655	139.932611	14	0.009	-0.634	9.399	7.480
1425690837850	37.497648	139.932608	14	0.044	-0.855	9.407	7.479
1425690837946	37.497641	139.932607	14	0.062	-0.898	9.493	7.377
1425690838047	37.497634	139.932607	14	0.075	-0.953	9.567	7.271
1425690838147	37.497627	139.932606	14	0.078	-1.032	9.568	7.168
1425690838248	37.497621	139.932605	14	0.049	-1.088	9.444	7.065
1425690838349	37.497614	139.932605	14	-0.004	-1.061	9.372	6.963
1425690838449	37.497608	139.932604	14	-0.005	-1.055	9.347	6.864
1425690838550	37.497601	139.932604	14	0.002	-1.100	9.495	6.766
1425690838646	37.497595	139.932603	14	-0.026	-1.167	9.576	6.673
1425690838747	37.497589	139.932602	14	0.002	-1.141	9.556	6.578
1425690838847	37.497583	139.932602	14	0.015	-1.163	9.287	6.471
1425690838948	37.497580	139.932601	14	0.036	-1.235	9.287	6.303
1425690839049	37.497576	139.932601	14	0.031	-1.282	9.508	6.138
1425690839149	37.497573	139.932600	14	-0.066	-1.320	9.587	5.979
1425690839250	37.497570	139.932600	14	-0.110	-1.307	9.445	5.822
1425690839346	37.497566	139.932599	14	-0.088	-1.314	9.513	5.677
1425690839446	37.497563	139.932599	14	-0.076	-1.325	9.439	5.530
1425690839547	37.497560	139.932598	14	-0.019	-1.323	9.374	5.385
1425690839648	37.497557	139.932598	14	0.016	-1.336	9.544	5.244
1425690839748	37.497554	139.932597	14	0.005	-1.357	9.669	5.108
1425690839849	37.497551	139.932597	15	-0.040	-1.358	9.525	4.960
1425690839950	37.497547	139.932597	15	-0.091	-1.328	9.429	4.751
1425690840046	37.497542	139.932598	15	-0.150	-1.341	9.455	4.559
1425690840146	37.497538	139.932598	15	-0.161	-1.358	9.461	4.367
1425690840247	37.497534	139.932598	15	-0.114	-1.353	9.418	4.180
1425690840348	37.497530	139.932598	15	-0.067	-1.342	9.575	4.001
1425690840448	37.497527	139.932598	15	-0.029	-1.328	9.601	3.831
1425690840549	37.497523	139.932599	15	-0.065	-1.348	9.475	3.667
1425690840650	37.497520	139.932599	15	-0.071	-1.338	9.467	3.510
1425690840746	37.497517	139.932599	15	-0.065	-1.342	9.431	3.368
1425690840846	37.497514	139.932599	15	-0.081	-1.342	9.435	3.225
1425690840947	37.497511	139.932601	15	-0.095	-1.335	9.515	3.073
1425690841048	37.497509	139.932602	15	-0.115	-1.345	9.411	2.927
1425690841148	37.497507	139.932603	15	-0.107	-1.355	9.380	2.788
1425690841249	37.497504	139.932604	15	-0.100	-1.403	9.518	2.654
1425690841350	37.497502	139.932605	15	-0.067	-1.373	9.645	2.526
1425690841446	37.497501	139.932606	15	-0.109	-1.397	9.524	2.410
1425690841546	37.497499	139.932607	15	-0.145	-1.368	9.385	2.294
1425690841647	37.497497	139.932608	15	-0.146	-1.367	9.379	2.184
1425690841748	37.497495	139.932609	15	-0.126	-1.389	9.480	2.080
1425690841848	37.497494	139.932610	14	-0.103	-1.293	9.583	1.957
1425690841949	37.497493	139.932609	14	-0.058	-0.996	9.686	1.727
1425690842050	37.497492	139.932608	14	-0.046	-0.638	9.623	1.516
1425690842150	37.497492	139.932607	14	-0.073	-0.341	9.386	1.324
1425690842246	37.497491	139.932606	14	-0.112	-0.205	9.214	1.157
1425690842347	37.497491	139.932605	14	-0.150	-0.188	9.257	1.000
1425690842448	37.497490	139.932605	14	-0.137	-0.236	9.482	0.861
1425690842548	37.497490	139.932604	14	-0.103	-0.216	9.713	0.741
1425690842649	37.497489	139.932604	14	-0.091	-0.078	9.650	0.638
1425690842750	37.497489	139.932603	14	-0.100	0.009	9.391	0.554
1425690842850	37.497489	139.932603	12	-0.125	0.065	9.286	0.493
1425690842946	37.497489	139.932604	12	-0.133	0.037	9.407	0.462
1425690843047	37.497489	139.932604	12	-0.115	0.036	9.614	0.432
1425690843147	37.497489	139.932605	12	-0.095	0.029	9.600	0.403
1425690843248	37.497489	139.932605	12	-0.082	0.047	9.430	0.375
1425690843349	37.497489	139.932605	12	-0.100	-0.187	9.182	0.349
1425690843450	37.497489	139.932606	12	-0.111	-0.633	9.172	0.325
1425690843550	37.497489	139.932606	12	-0.136	-0.705	9.703	0.303
1425690843646	37.497489	139.932606	12	-0.126	-0.332	10.136	0.283
1425690843747	37.497489	139.932607	12	-0.122	0.132	9.901	0.264
1425690843847	37.497489	139.932606	12	-0.116	0.379	9.296	0.242
1425690843948	37.497489	139.932601	12	-0.114	0.582	8.995	0.194
1425690844049	37.497489	139.932596	12	-0.120	0.560	9.111	0.152
1425690844149	37.497490	139.932593	12	-0.098	0.355	9.456	0.116
1425690844250	37.497490	139.932589	12	-0.098	0.203	9.704	0.084
1425690844346	37.497490	139.932586	12	-0.114	0.150	9.680	0.059
1425690844447	37.497490	139.932584	12	-0.121	0.179	9.479	0.037
1425690844547	37.497490	139.932582	12	-0.126	0.188	9.363	0.020
1425690899544	37.497197	139.932434	12	-0.125	0.192	9.366	1.735
1425690899549	37.497197	139.932434	12	-0.126	0.191	9.368	1.730
1425690899650	37.497196	139.932434	12	-0.117	0.106	9.237	1.643
1425690899750	37.497195	139.932433	12	-0.073	0.058	9.294	1.562
1425690899846	37.497195	139.932433	12	0.014	0.049	9.493	1.500
1425690899947	37.497194	139.932432	12	0.068	0.028	9.551	1.500
1425690900048	37.497193	139.932432	12	0.053	-0.005	9.448	1.500
1425690900148	37.497191	139.932431	12	0.062	0.024	9.421	1.500
1425690900249	37.497190	139.932431	12	0.063	0.034	9.489	1.500
1425690900350	37.497189	139.932430	12	0.041	0.020	9.578	1.500
1425690900450	37.497188	139.932430	12	0.030	0.005	9.564	1.500
1425690900546	37.497187	139.932429	12	0.026	0.011	9.505	1.500
1425690900647	37.497186	139.932429	12	-0.083	-0.141	9.362	1.500
1425690900747	37.497185	139.932428	12	-0.126	-0.189	9.387	1.500
1425690900848	37.497184	139.932428	10	-0.154	-0.141	9.657	1.500
1425690900949	37.497183	139.932428	10	-0.224	-0.089	9.673	1.500
1425690901049	37.497181	139.932427	10	-0.256	-0.010	9.433	1.500
1425690901150	37.497180	139.932427	10	-0.248	0.012	9.246	1.500
1425690901246	37.497179	139.932426	10	-0.269	0.016	9.367	1.500
1425690901347	37.497178	139.932426	10	-0.297	-0.004	9.594	1.500
1425690901447	37.497177	139.932426	10	-0.275	0.040	9.656	1.500
1425690901548	37.497175	139.932425	10	-0.226	0.519	9.780	1.500
1425690923548	37.495993	139.931799	5	-0.223	0.561	9.789	7.570
1425690923648	37.495987	139.931795	5	-0.022	0.412	9.470	7.545
1425690923749	37.495982	139.931790	5	0.068	0.107	9.625	7.520
1425690923850	37.495976	139.931786	6	0.049	-0.042	9.747	7.500
1425690923950	37.495970	139.931782	6	0.072	-0.152	9.562	7.500
1425690924046	37.495965	139.931779	6	0.082	-0.229	9.607	7.500
1425690924147	37.495959	139.931775	6	0.089	-0.267	9.726	7.500
1425690924248	37.495953	139.931771	6	0.027	-0.209	9.543	7.500
1425690924348	37.495947	139.931767	6	0.034	-0.142	9.217	7.500
1425690924449	37.495942	139.931763	6	0.087	-0.230	9.472	7.500
1425690924550	37.495936	139.931760	6	0.124	-0.282	9.841	7.500
1425690924650	37.495930	139.931756	6	0.092	-0.285	9.730	7.500
1425690924746	37.495925	139.931752	6	0.056	-0.233	9.304	7.500
1425690924847	37.495919	139.931748	6	-0.017	-0.191	9.018	7.496
1425690924948	37.495913	139.931744	6	-0.037	-0.172	9.287	7.470
1425690925048	37.495906	139.931739	6	0.044	-0.190	9.506	7.445
1425690925149	37.495900	139.931735	6	0.113	-0.188	9.337	7.419
1425690925250	37.495894	139.931731	6	0.144	-0.232	9.511	7.394
1425690925350	37.495888	139.931726	6	0.129	-0.259	9.877	7.369
1425690925446	37.495882	139.931722	6	0.106	-0.182	9.784	7.345
1425690925547	37.495875	139.931718	6	0.036	-0.110	9.442	7.320
1425690925648	37.495869	139.931714	6	0.031	-0.048	9.392	7.295
1425690925748	37.495863	139.931709	6	0.017	-0.043	9.353	7.270
1425690925849	37.495857	139.931705	5	0.037	-0.026	9.310	7.250
1425690925950	37.495852	139.931699	5	0.073	-0.063	9.460	7.250
1425690926050	37.495848	139.931693	5	0.113	-0.099	9.703	7.250
1425690926146	37.495843	139.931688	5	0.103	-0.073	9.647	7.250
1425690926247	37.495839	139.931682	5	0.074	-0.022	9.287	7.250
1425690926347	37.495834	139.931676	5	0.014	-0.031	9.162	7.250
1425690926448	37.495830	139.931670	5	-0.071	-0.015	9.391	7.250
1425690926549	37.495825	139.931664	5	-0.076	-0.077	9.715	7.250
1425690926650	37.495820	139.931658	5	-0.042	-0.080	9.584	7.250
1425690926750	37.495816	139.931653	5	-0.037	-0.119	9.553	7.250
1425690926846	37.495811	139.931647	5	-0.021	-0.136	9.606	7.250
1425690926947	37.495806	139.931642	5	-0.016	-0.134	9.601	7.250
1425690927047	37.495800	139.931637	5	-0.059	-0.111	9.351	7.250
1425690927148	37.495795	139.931632	5	-0.053	-0.096	9.368	7.250
1425690927249	37.495789	139.931627	5	-0.021	-0.140	9.433	7.250
1425690927349	37.495784	139.931622	5	-0.054	-0.069	9.147	7.250
1425690927450	37.495779	139.931617	5	-0.093	-0.049	8.826	7.250
1425690927546	37.495773	139.931612	5	-0.229	-0.103	9.271	7.250
1425690927646	37.495768	139.931607	5	-0.349	-0.193	9.741	7.250
1425690927747	37.495762	139.931602	5	-0.441	-0.236	9.554	7.250
1425690927848	37.495757	139.931597	4	-0.560	-0.267	9.418	7.250
1425690927949	37.495752	139.931592	4	-0.697	-0.290	9.828	7.250
1425690928049	37.495746	139.931587	4	-0.752	-0.290	10.089	7.250
1425690928150	37.495741	139.931583	4	-0.828	-0.223	9.584	7.250
1425690928246	37.495736	139.931578	4	-0.888	-0.119	9.122	7.250
1425690928346	37.495730	139.931573	4	-0.945	-0.122	9.325	7.250
1425690928447	37.495725	139.931568	4	-0.953	-0.124	9.652	7.250
1425690928548	37.495719	139.931564	4	-0.980	-0.070	9.317	7.250
1425690928649	37.495714	139.931559	4	-0.973	-0.027	9.002	7.250
1425690928749	37.495708	139.931554	4	-0.917	-0.078	9.252	7.250
1425690928850	37.495703	139.931549	4	-0.848	-0.119	9.739	7.250
1425690928946	37.495697	139.931546	4	-0.741	-0.075	9.729	7.250
1425690929046	37.495691	139.931542	4	-0.701	-0.024	9.436	7.250
1425690929147	37.495685	139.931539	4	-0.691	0.023	9.476	7.250
1425690929248	37.495679	139.931535	4	-0.683	0.079	9.519	7.250
1425690929348	37.495673	139.931531	4	-0.690	0.126	9.432	7.250
1425690929449	37.495667	139.931528	4	-0.718	0.157	9.472	7.250
1425690934545	37.495341	139.931442	5	-0.796	0.141	9.386	7.428
1425690934550	37.495341	139.931442	5	-0.797	0.134	9.381	7.429
1425690934646	37.495334	139.931440	5	-0.656	-0.007	9.212	7.453
1425690934746	37.495328	139.931438	5	-0.559	-0.089	9.356	7.479
1425690934847	37.495321	139.931436	4	-0.500	-0.129	9.791	7.482
1425690934948	37.495315	139.931433	4	-0.528	-0.058	9.604	7.375
1425690935049	37.495310	139.931430	4	-0.575	-0.098	9.513	7.269
1425690935149	37.495304	139.931427	4	-0.640	-0.127	9.577	7.165
1425690935250	37.495298	139.931425	4	-0.708	-0.155	9.363	7.063
1425690935346	37.495293	139.931422	4	-0.758	-0.144	9.427	6.966
1425690935451	37.495288	139.931419	4	-0.819	-0.157	9.580	6.862
1425690935547	37.495283	139.931417	4	-0.868	-0.132	9.546	6.769
1425690940547	37.494997	139.931344	9	-0.872	-0.127	9.544	5.810
1425690940648	37.494993	139.931342	9	-0.642	-0.489	9.357	5.718
1425690940749	37.494989	139.931340	9	-0.476	-0.699	9.330	5.628
1425690940849	37.494984	139.931337	9	-0.458	-0.602	9.628	5.540
1425690940950	37.494980	139.931335	9	-0.456	-0.478	9.791	5.453
1425690941046	37.494976	139.931333	9	-0.464	-0.317	9.537	5.371
1425690941146	37.494972	139.931331	9	-0.525	-0.175	9.282	5.287
1425690941247	37.494969	139.931329	9	-0.551	-0.107	9.366	5.204
1425690941348	37.494965	139.931327	9	-0.587	-0.090	9.658	5.122
1425690941449	37.494961	139.931325	9	-0.516	0.132	9.929	5.041
1425691004547	37.490476	139.930399	11	-0.459	0.328	9.425	8.000
1425691004648	37.490470	139.930397	11	-0.211	0.146	9.180	8.000
1425691004748	37.490463	139.930395	11	-0.017	-0.116	9.374	8.000
1425691004849	37.490457	139.930393	11	0.121	-0.340	9.374	7.995
1425691004950	37.490449	139.930391	11	0.172	-0.718	9.279	7.970
1425691005046	37.490442	139.930390	11	0.184	-0.911	9.416	7.945
1425691005146	37.490435	139.930389	11	0.143	-1.015	9.586	7.920
1425691005247	37.490428	139.930387	11	0.065	-1.050	9.576	7.895
1425691005348	37.490421	139.930386	11	0.040	-0.911	8.829	7.870
1425691005448	37.490414	139.930384	11	0.024	-0.944	8.803	7.845
1425691005549	37.490407	139.930383	11	0.062	-1.067	9.349	7.819
1425691005650	37.490400	139.930381	11	0.080	-1.270	10.297	7.794
1425691005746	37.490393	139.930380	11	0.122	-1.260	10.077	7.771
1425691005846	37.490386	139.930379	12	0.013	-1.202	9.568	7.723
1425691005947	37.490381	139.930377	12	-0.067	-1.187	9.498	7.558
1425691006048	37.490377	139.930375	12	-0.017	-1.149	9.622	7.396
1425691006148	37.490372	139.930373	12	0.043	-1.080	9.304	7.238
1425691006249	37.490368	139.930371	12	0.054	-1.096	9.056	7.082
1425691006350	37.490363	139.930370	12	-0.002	-1.115	9.112	6.930
1425691006451	37.490359	139.930368	12	0.037	-1.239	9.725	6.781
1425691006551	37.490355	139.930366	12	0.157	-1.318	10.173	6.636
1425691006647	37.490351	139.930365	12	0.133	-1.287	9.773	6.500
1425691006746	37.490347	139.930363	12	-0.058	-1.248	9.241	6.364
1425691006848	37.490343	139.930362	12	-0.391	-1.289	8.984	6.219
1425691006947	37.490339	139.930361	12	-0.713	-1.365	9.301	6.053
1425691007050	37.490335	139.930361	12	-0.961	-1.400	9.420	5.885
1425691007149	37.490331	139.930360	12	-1.136	-1.420	9.140	5.727
1425691007246	37.490328	139.930360	12	-1.328	-1.511	9.545	5.576
1425691007347	37.490324	139.930359	12	-1.511	-1.625	9.833	5.423
1425691007447	37.490321	139.930359	12	-1.534	-1.551	9.406	5.276
1425691007548	37.490317	139.930358	12	-1.548	-1.597	9.524	5.132
1425691007649	37.490314	139.930358	12	-1.491	-1.617	9.803	4.991
1425691007750	37.490311	139.930357	12	-1.505	-1.542	9.273	4.855
1425691007850	37.490307	139.930357	11	-1.598	-1.486	9.022	4.721
1425691007946	37.490304	139.930359	11	-1.735	-1.574	9.519	4.586
1425691008047	37.490301	139.930361	11	-1.891	-1.643	10.091	4.447
1425691008147	37.490298	139.930362	11	-2.024	-1.475	9.716	4.313
1425691008248	37.490295	139.930364	11	-2.058	-1.212	8.946	4.181
1425691008349	37.490292	139.930365	11	-2.299	-1.083	9.049	4.054
1425691008450	37.490289	139.930367	11	-2.510	-1.206	9.517	3.930
1425691008550	37.490286	139.930368	11	-2.555	-1.300	9.949	3.812
1425691008646	37.490284	139.930370	11	-2.526	-1.313	9.559	3.702
1425691008747	37.490281	139.930371	11	-2.309	-1.295	9.224	3.589
1425691008847	37.490279	139.930373	9	-1.968	-1.419	9.740	3.496
1425691008948	37.490278	139.930376	9	-1.785	-1.363	9.845	3.470
1425691009049	37.490277	139.930380	9	-1.774	-1.123	8.749	3.444
1425691009150	37.490275	139.930384	9	-1.777	-1.114	8.635	3.418
1425691009250	37.490274	139.930387	9	-2.017	-1.283	9.340	3.393
1425691009346	37.490273	139.930391	9	-2.103	-1.543	10.174	3.369
1425691009447	37.490272	139.930395	9	-2.021	-1.589	10.166	3.344
1425691009547	37.490271	139.930398	9	-1.837	-1.405	9.268	3.319
1425691009648	37.490270	139.930402	9	-1.716	-1.250	8.533	3.294
1425691009749	37.490269	139.930405	9	-1.570	-1.237	8.761	3.270
1425691009849	37.490268	139.930409	11	-1.393	-1.244	9.573	3.250
1425691009950	37.490267	139.930412	11	-1.096	-1.226	9.773	3.250
1425691010046	37.490267	139.930414	11	-0.758	-1.117	9.534	3.250
1425691010146	37.490266	139.930417	11	-0.443	-1.020	9.586	3.250
1425691010247	37.490266	139.930421	11	-0.276	-0.872	9.839	3.250
1425691010348	37.490265	139.930424	11	-0.262	-0.677	9.633	3.250
1425691010449	37.490265	139.930427	11	-0.268	-0.493	9.192	3.250
1425691010549	37.490264	139.930430	11	-0.187	-0.284	9.108	3.250
1425691010650	37.490264	139.930433	11	-0.047	-0.007	9.387	3.250
1425691010746	37.490263	139.930435	11	0.006	0.163	9.445	3.250
1425691010846	37.490263	139.930439	11	0.050	0.349	9.597	3.254
1425691010947	37.490263	139.930443	11	0.111	0.477	9.512	3.278
1425691011048	37.490263	139.930447	11	0.139	0.597	9.413	3.303
1425691011149	37.490264	139.930451	11	0.143	0.705	9.562	3.328
1425691011249	37.490264	139.930456	11	0.106	0.698	9.512	3.352
1425691011350	37.490264	139.930460	11	0.108	0.698	9.298	3.378
1425691011446	37.490264	139.930464	11	0.310	0.788	9.271	3.402
1425691011546	37.490264	139.930468	11	0.582	0.848	9.352	3.427
1425691043546	37.489955	139.933059	5	0.594	0.848	9.350	6.570
1425691043647	37.489955	139.933066	5	0.440	0.489	9.431	6.545
1425691043748	37.489954	139.933073	5	0.250	0.237	9.367	6.520
1425691043848	37.489954	139.933080	5	0.160	0.071	9.309	6.491
1425691043949	37.489953	139.933088	5	0.133	-0.187	9.353	6.438
1425691044050	37.489952	139.933095	5	0.118	-0.431	9.504	6.387
1425691044146	37.489951	139.933102	5	0.110	-0.568	9.538	6.338
1425691044246	37.489950	139.933110	5	0.069	-0.667	9.448	6.287
1425691044347	37.489949	139.933117	5	0.059	-0.775	9.460	6.237
1425691044448	37.489948	139.933124	5	0.126	-0.848	9.453	6.186
1425691044548	37.489947	139.933131	5	0.249	-0.871	9.373	6.137
1425691044649	37.489946	139.933138	5	0.277	-0.895	9.546	6.088
1425691044750	37.489945	139.933145	5	0.241	-0.953	9.646	6.039
1425691044850	37.489944	139.933152	6	0.271	-0.929	9.480	5.978
1425691044946	37.489942	139.933158	6	0.389	-0.916	9.259	5.875
1425691045047	37.489940	139.933164	6	0.573	-0.911	9.350	5.768
1425691045148	37.489938	139.933170	6	0.654	-0.902	9.355	5.662
1425691045248	37.489936	139.933175	6	0.661	-0.953	9.467	5.560
1425691045349	37.489934	139.933181	6	0.648	-1.002	9.742	5.458
1425691045450	37.489932	139.933186	6	0.682	-1.019	9.750	5.359
1425691045550	37.489930	139.933192	6	0.710	-0.981	9.343	5.262
1425691045646	37.489928	139.933197	6	0.755	-0.908	9.157	5.170
1425691045747	37.489926	139.933202	6	0.806	-0.769	9.460	5.076
1425691045848	37.489925	139.933207	6	0.858	-0.626	9.724	4.985
1425691045948	37.489922	139.933211	6	0.843	-0.423	9.428	4.905
1425691046049	37.489920	139.933216	6	0.832	-0.349	9.357	4.825
1425691046150	37.489917	139.933220	6	0.886	-0.292	9.609	4.747
1425691046250	37.489915	139.933224	6	0.921	-0.219	9.511	4.670
1425691046346	37.489913	139.933228	6	1.089	-0.147	9.319	4.598
1425691046447	37.489910	139.933232	6	1.265	-0.109	9.183	4.523
1425691046547	37.489908	139.933236	6	1.364	-0.095	8.932	4.450
1425691046648	37.489906	139.933240	6	1.434	-0.135	8.904	4.377
1425691046749	37.489904	139.933244	6	1.401	-0.242	9.182	4.306
1425691046850	37.489901	139.933247	6	1.281	-0.321	9.358	4.250
1425691046950	37.489897	139.933250	6	1.080	-0.498	9.718	4.250
1425691047046	37.489894	139.933252	6	1.067	-0.717	10.180	4.250
1425691047147	37.489890	139.933255	6	1.284	-0.924	10.138	4.250
1425691047247	37.489886	139.933257	6	1.547	-1.026	9.645	4.250
1425691047348	37.489882	139.933260	6	1.640	-0.972	8.824	4.250
1425691047449	37.489878	139.933262	6	1.401	-0.850	8.276	4.250
1425691047549	37.489875	139.933265	6	0.581	-1.210	9.826	4.250
1425691047650	37.489871	139.933267	6	0.618	-1.569	11.373	4.250
1425691047746	37.489867	139.933270	6	1.008	-1.555	10.789	4.250
1425691047847	37.489863	139.933272	5	1.089	-1.295	9.155	4.241
1425691047947	37.489860	139.933272	5	0.852	-1.129	8.095	4.188
1425691048048	37.489856	139.933273	5	0.333	-1.159	8.212	4.136
1425691048149	37.489853	139.933273	5	0.366	-1.464	10.210	4.084
1425691048249	37.489849	139.933273	5	0.810	-1.392	10.582	4.033
1425691048350	37.489846	139.933274	5	0.971	-1.023	9.806	3.982
1425691048446	37.489843	139.933274	5	0.948	-0.668	9.129	3.935
1425691048546	37.489839	139.933274	5	0.929	-0.533	9.300	3.886
1425691048647	37.489836	139.933274	5	0.868	-0.406	8.707	3.837
1425691048748	37.489833	139.933275	5	0.470	-0.320	8.028	3.789
1425691048849	37.489829	139.933275	5	0.059	-0.372	8.299	3.740
1425691048949	37.489825	139.933275	5	-0.000	-0.541	9.595	3.687
1425691049050	37.489821	139.933274	5	0.386	-0.687	10.543	3.634
1425691049146	37.489817	139.933274	5	0.820	-0.767	10.126	3.584
1425691049251	37.489813	139.933274	5	1.132	-0.499	9.154	3.531
1425691049347	37.489809	139.933273	5	1.207	-0.434	8.745	3.483
1425691049446	37.489805	139.933273	5	1.180	-0.535	8.881	3.434
1425691049548	37.489801	139.933273	5	1.068	-0.683	9.819	3.384
1425691049648	37.489798	139.933273	5	0.895	-0.819	10.585	3.336
1425691049750	37.489794	139.933272	5	0.714	-0.699	10.063	3.287
1425691049846	37.489790	139.933272	5	0.559	-0.566	9.233	3.254
1425691049946	37.489786	139.933271	5	0.494	-0.517	9.258	3.278
1425691050047	37.489782	139.933270	5	0.479	-0.541	9.629	3.303
1425691050148	37.489778	139.933269	5	0.443	-0.575	9.819	3.327
1425691050248	37.489774	139.933268	5	0.457	-0.503	9.781	3.352
1425691050349	37.489770	139.933267	5	0.463	-0.354	9.522	3.377
1425691050450	37.489765	139.933267	5	0.382	-0.076	9.361	3.403
1425691050546	37.489761	139.933266	5	0.351	0.151	9.288	3.427
1425691059544	37.489594	139.932841	4	0.353	0.166	9.285	4.927
1425691059549	37.489594	139.932841	4	0.352	0.184	9.282	4.928
1425691059650	37.489593	139.932835	4	0.108	0.091	9.562	4.954
1425691059750	37.489593	139.932829	4	-0.003	0.021	9.579	4.980
1425691059846	37.489592	139.932823	6	-0.002	-0.010	9.527	4.992
1425691059947	37.489592	139.932819	6	-0.060	-0.069	9.844	4.939
1425691060047	37.489592	139.932814	6	-0.160	-0.187	10.169	4.887
1425691060148	37.489592	139.932810	6	-0.360	0.024	9.199	4.835
1425691060249	37.489592	139.932805	6	-0.565	0.159	8.486	4.784
1425691060349	37.489592	139.932801	6	-0.660	0.153	8.972	4.734
1425691060450	37.489592	139.932797	6	-0.648	0.068	9.514	4.684
1425691060546	37.489592	139.932793	6	-0.576	0.016	9.700	4.637
1425691071548	37.489602	139.932241	8	-0.568	0.012	9.694	4.250
1425691071649	37.489603	139.932237	8	0.339	-0.280	9.630	4.250
1425691071750	37.489605	139.932233	8	1.104	-0.497	9.831	4.250
1425691071850	37.489607	139.932228	8	1.562	-0.603	9.818	4.250
1425691071946	37.489609	139.932225	8	1.789	-0.680	9.627	4.250
1425691072047	37.489612	139.932221	8	1.823	-0.705	9.327	4.250
1425691072147	37.489615	139.932217	8	1.748	-0.729	9.256	4.250
1425691072248	37.489618	139.932214	8	1.669	-0.730	9.321	4.250
1425691072349	37.489621	139.932210	8	1.650	-0.718	9.343	4.250
1425691072450	37.489624	139.932206	8	1.646	-0.708	9.285	4.250
1425691072550	37.489627	139.932202	8	1.675	-0.702	9.248	4.250
1425691072646	37.489630	139.932199	8	1.711	-0.699	9.219	4.250
1425691072747	37.489633	139.932195	8	1.715	-0.681	9.430	4.250
1425691072847	37.489636	139.932192	9	1.733	-0.745	9.726	4.250
1425691072948	37.489639	139.932189	9	1.742	-0.786	9.728	4.250
1425691073049	37.489643	139.932187	9	1.655	-0.751	9.566	4.250
1425691073149	37.489647	139.932185	9	1.549	-0.685	9.278	4.250
1425691073250	37.489651	139.932182	9	1.499	-0.621	9.120	4.250
1425691073346	37.489654	139.932180	9	1.559	-0.469	9.317	4.250
1425691073447	37.489658	139.932178	9	1.618	-0.320	9.269	4.250
1425691073547	37.489662	139.932176	9	1.572	-0.322	9.240	4.250
1425691073648	37.489665	139.932173	9	1.551	-0.317	9.648	4.250
1425691073749	37.489669	139.932171	9	1.581	-0.280	9.810	4.250
1425691073849	37.489673	139.932169	10	1.561	-0.281	9.604	4.250
1425691073950	37.489677	139.932168	10	1.507	-0.261	9.528	4.250
1425691074046	37.489681	139.932168	10	1.416	-0.186	9.461	4.250
1425691074146	37.489686	139.932167	10	1.374	-0.128	9.292	4.250
1425691074247	37.489690	139.932167	10	1.290	-0.079	9.171	4.250
1425691074348	37.489694	139.932166	10	1.142	-0.078	9.631	4.250
1425691074449	37.489699	139.932166	10	1.137	-0.093	10.018	4.250
1425691074549	37.489703	139.932165	10	1.079	-0.034	9.596	4.250
1425691074650	37.489707	139.932165	10	0.927	0.042	9.123	4.250
1425691074746	37.489711	139.932164	10	0.834	0.022	9.332	4.250
1425691074846	37.489716	139.932164	10	0.715	0.040	9.496	4.250
1425691074947	37.489720	139.932165	10	0.671	0.070	9.383	4.250
1425691075048	37.489725	139.932166	10	0.602	0.088	9.217	4.250
1425691075148	37.489729	139.932167	10	0.545	0.054	9.619	4.250
1425691075249	37.489734	139.932168	10	0.476	0.085	9.690	4.250
1425691075350	37.489738	139.932169	10	0.396	0.242	8.977	4.250
1425691075446	37.489743	139.932170	10	0.262	0.246	8.659	4.250
1425691075546	37.489747	139.932171	10	0.133	0.132	9.018	4.250
1425691075647	37.489752	139.932172	10	0.092	-0.097	10.234	4.250
1425691075748	37.489756	139.932173	10	0.130	-0.170	10.667	4.250
1425691075848	37.489761	139.932174	10	0.011	-0.138	9.925	4.250
1425691075949	37.489765	139.932177	10	-0.057	-0.065	8.983	4.250
1425691076050	37.489769	139.932179	10	-0.025	-0.067	9.068	4.250
1425691076150	37.489774	139.932182	10	-0.023	-0.159	9.134	4.250
1425691076246	37.489778	139.932184	10	0.009	-0.127	9.684	4.250
1425691076347	37.489782	139.932186	10	0.118	-0.098	9.490	4.250
1425691076448	37.489787	139.932189	10	0.056	-0.096	9.305	4.250
1425691076548	37.489791	139.932191	10	-0.015	-0.065	9.095	4.250
1425691076649	37.489795	139.932194	10	-0.028	-0.134	9.325	4.250
1425691076750	37.489800	139.932196	10	-0.032	-0.261	9.825	4.250
1425691076850	37.489804	139.932199	9	-0.073	-0.393	10.006	4.259
1425691076946	37.489808	139.932201	9	-0.053	-0.166	9.658	4.305
1425691077047	37.489813	139.932204	9	0.000	-0.175	9.378	4.354
1425691077148	37.489817	139.932206	9	-0.014	-0.052	8.958	4.403
1425691077248	37.489822	139.932209	9	0.039	0.006	8.760	4.452
1425691077349	37.489826	139.932212	9	0.131	-0.058	9.457	4.503
1425691077450	37.489831	139.932214	9	0.247	-0.121	9.953	4.553
1425691077550	37.489836	139.932217	9	0.210	-0.118	9.670	4.604
1425691077651	37.489840	139.932220	9	0.057	-0.065	9.182	4.656
1425691077747	37.489845	139.932223	9	-0.074	-0.029	9.020	4.706
1425691077846	37.489850	139.932225	9	-0.084	-0.032	9.246	4.746
1425691077948	37.489854	139.932228	9	-0.031	-0.113	9.765	4.720
1425691078047	37.489858	139.932230	9	0.048	-0.124	9.875	4.695
1425691078150	37.489862	139.932233	9	0.086	-0.073	9.515	4.669
1425691078249	37.489866	139.932235	9	0.151	-0.043	9.528	4.644
1425691078346	37.489870	139.932238	9	0.223	0.036	9.372	4.619
1425691078447	37.489875	139.932240	9	0.257	0.091	9.098	4.594
1425691078547	37.489879	139.932242	9	0.240	0.093	9.140	4.569
1425691078648	37.489883	139.932245	9	0.079	0.023	9.552	4.544
1425691078749	37.489887	139.932247	9	-0.118	-0.056	9.915	4.520
1425691078850	37.489891	139.932249	7	-0.068	-0.092	9.939	4.500
1425691078950	37.489895	139.932252	7	-0.039	-0.039	9.320	4.500
1425691079046	37.489899	139.932254	7	-0.038	-0.011	8.879	4.500
1425691079147	37.489903	139.932256	7	0.046	-0.123	9.420	4.500
1425691079247	37.489908	139.932258	7	0.143	-0.243	9.912	4.500
1425691079348	37.489912	139.932260	7	0.157	-0.496	9.870	4.500
1425691079449	37.489916	139.932262	7	0.070	-0.773	9.581	4.500
1425691079549	37.489920	139.932264	7	-0.008	-0.962	9.233	4.500
1425691079650	37.489924	139.932266	7	-0.091	-1.122	9.329	4.500
1425691079746	37.489928	139.932268	7	-0.133	-1.245	9.604	4.500
1425691079847	37.489933	139.932270	6	-0.096	-1.305	9.488	4.496
1425691079947	37.489937	139.932272	6	0.037	-1.417	9.643	4.470
1425691080048	37.489940	139.932274	6	0.156	-1.588	10.377	4.444
1425691080149	37.489944	139.932275	6	0.103	-1.723	10.628	4.419
1425691080249	37.489948	139.932277	6	-0.069	-1.559	9.684	4.394
1425691080350	37.489952	139.932278	6	-0.255	-1.387	8.830	4.368
1425691080446	37.489956	139.932280	6	-0.295	-1.249	8.897	4.344
1425691080546	37.489959	139.932282	6	-0.250	-1.046	9.317	4.320
1425691080647	37.489963	139.932283	6	-0.230	-0.773	9.287	4.295
1425691080748	37.489967	139.932285	6	-0.233	-0.506	8.911	4.270
1425691080849	37.489971	139.932286	6	-0.184	-0.437	8.849	4.240
1425691080949	37.489974	139.932287	6	-0.118	-0.514	9.244	4.187
1425691081050	37.489977	139.932288	6	-0.097	-0.644	9.570	4.135
1425691081146	37.489980	139.932289	6	-0.134	-0.744	9.607	4.085
1425691081246	37.489983	139.932289	6	-0.087	-0.781	9.487	4.034
1425691081347	37.489987	139.932290	6	0.046	-0.820	9.354	3.984
1425691081448	37.489990	139.932291	6	0.235	-0.873	9.369	3.934
1425691081549	37.489993	139.932292	6	0.400	-0.929	9.600	3.884
1425691081649	37.489996	139.932293	6	0.468	-0.983	9.766	3.836
1425691081750	37.489999	139.932293	6	0.414	-1.045	9.642	3.788
1425691081846	37.490001	139.932294	5	0.366	-1.062	9.362	3.631
1425691081946	37.490000	139.932293	5	0.371	-1.017	9.256	2.930
1425691082047	37.489999	139.932292	5	0.428	-1.031	9.316	2.299
1425691082148	37.489999	139.932292	5	0.505	-0.866	9.539	1.744
1425691082248	37.489998	139.932291	5	0.420	-0.298	9.818	1.270
1425691082349	37.489998	139.932291	5	0.254	0.193	9.639	0.868
1425691082450	37.489998	139.932291	5	0.120	0.495	9.214	0.541
1425691082546	37.489997	139.932290	5	0.064	0.778	9.072	0.302
1425691082646	37.489997	139.932290	5	0.068	1.094	9.332	0.127
1425691082747	37.489997	139.932290	5	0.061	1.020	9.393	0.026
1425691100547	37.490120	139.931410	8	0.235	0.210	9.580	7.855
1425691100648	37.490122	139.931398	8	0.187	0.020	9.549	7.907
1425691100748	37.490124	139.931387	8	0.135	-0.061	9.537	7.958
1425691100849	37.490126	139.931377	9	0.076	-0.072	9.421	7.981
1425691100950	37.490126	139.931371	9	0.022	-0.112	9.423	7.883
1425691101046	37.490126	139.931365	9	-0.003	-0.165	9.445	7.790
1425691101146	37.490126	139.931360	9	0.025	-0.188	9.422	7.695
1425691101247	37.490126	139.931354	9	0.044	-0.207	9.344	7.600
1425691101348	37.490126	139.931348	9	0.052	-0.151	9.220	7.506
1425691101448	37.490126	139.931342	9	0.058	-0.151	9.382	7.413
1425691101549	37.490126	139.931337	9	0.040	-0.189	9.574	7.321
1425691101650	37.490126	139.931331	9	0.061	-0.158	9.404	7.231
1425691101746	37.490126	139.931326	9	0.098	-0.164	9.526	7.145
1425691101846	37.490125	139.931321	9	0.099	-0.169	9.605	7.057
1425691101947	37.490125	139.931316	9	0.089	-0.189	9.579	6.970
1425691102048	37.490125	139.931310	9	0.074	-0.234	9.855	6.883
1425691102148	37.490125	139.931305	9	0.039	-0.274	9.966	6.798
1425691102249	37.490125	139.931300	9	0.012	-0.229	9.495	6.714
1425691102350	37.490125	139.931295	9	0.022	-0.165	9.240	6.631
1425691102450	37.490125	139.931290	9	0.045	-0.078	9.112	6.549
1425691102546	37.490125	139.931285	9	0.078	-0.086	9.236	6.472
1425691102647	37.490125	139.931281	9	0.076	-0.114	9.371	6.392
1425691102748	37.490125	139.931276	9	0.050	-0.149	9.550	6.313
1425691102848	37.490125	139.931271	9	0.055	-0.121	9.417	6.245
1425691102949	37.490125	139.931266	9	-0.010	-0.166	9.499	6.220
1425691103050	37.490126	139.931261	9	-0.094	-0.224	9.721	6.194
1425691103150	37.490126	139.931256	9	-0.142	-0.197	9.562	6.169
1425691103246	37.490126	139.931251	9	-0.133	-0.171	9.295	6.145
1425691103347	37.490127	139.931246	9	-0.122	-0.153	9.177	6.119
1425691103447	37.490127	139.931241	9	-0.181	-0.149	9.334	6.095
1425691103548	37.490127	139.931236	9	-0.172	-0.180	9.582	6.069
1425691103649	37.490127	139.931231	9	-0.149	-0.243	9.741	6.044
1425691103750	37.490128	139.931226	9	-0.098	-0.219	9.503	6.020
1425691103850	37.490128	139.931221	6	-0.025	-0.078	9.124	5.995
1425691103946	37.490128	139.931216	6	-0.157	0.095	8.314	5.970
1425691104047	37.490129	139.931210	6	0.096	-0.055	9.350	5.945
1425691104147	37.490129	139.931205	6	0.282	-0.219	10.993	5.920
1425691104248	37.490129	139.931200	6	0.283	-0.069	10.894	5.894
1425691104349	37.490130	139.931194	6	0.228	0.273	9.742	5.869
1425691104449	37.490130	139.931189	6	0.127	0.362	9.005	5.844
1425691111544	37.490199	139.930623	6	0.008	0.508	8.863	6.500
1425691111549	37.490199	139.930622	6	0.016	0.524	8.863	6.500
1425691111650	37.490200	139.930616	6	0.058	0.374	8.579	6.500
1425691111746	37.490200	139.930609	6	0.065	0.172	8.914	6.500
1425691111846	37.490201	139.930603	5	0.097	0.013	9.346	6.500
1425691111947	37.490202	139.930595	5	0.127	-0.114	9.693	6.500
1425691112048	37.490203	139.930588	5	0.250	-0.125	9.546	6.500
1425691112149	37.490204	139.930581	5	0.383	-0.259	9.539	6.500
1425691112249	37.490205	139.930573	5	0.350	-0.252	9.582	6.500
1425691112350	37.490206	139.930566	5	0.123	-0.100	8.949	6.500
1425691112446	37.490207	139.930559	5	0.069	-0.034	9.077	6.500
1425691112546	37.490207	139.930552	5	0.051	-0.062	9.400	6.500
1425691112647	37.490208	139.930544	5	0.090	-0.203	9.638	6.500
1425691112748	37.490209	139.930537	5	0.219	-0.261	9.668	6.500
1425691112849	37.490210	139.930530	6	0.303	-0.266	9.467	6.495
1425691112949	37.490210	139.930522	6	0.277	-0.186	9.034	6.470
1425691113050	37.490209	139.930514	6	0.197	-0.170	9.275	6.444
1425691113146	37.490209	139.930507	6	0.215	-0.227	9.745	6.420
1425691113246	37.490208	139.930500	6	0.247	-0.339	9.723	6.395
1425691113347	37.490208	139.930492	6	0.039	-0.367	8.878	6.370
1425691113448	37.490208	139.930485	6	0.119	-0.728	9.238	6.344
1425691113548	37.490207	139.930478	6	0.155	-0.976	9.461	6.320
1425691113649	37.490207	139.930470	6	0.251	-1.129	9.237	6.295
1425691113750	37.490206	139.930463	6	0.069	-1.227	9.747	6.270
1425691113846	37.490206	139.930456	8	-0.063	-1.310	9.838	6.237
1425691113946	37.490206	139.930450	8	0.066	-1.396	10.059	6.158
1425691114047	37.490205	139.930444	8	-0.036	-1.200	9.123	6.079
1425691114148	37.490205	139.930438	8	0.007	-1.109	9.453	6.001
1425691114248	37.490204	139.930432	8	-0.045	-1.105	9.908	5.925
1425691114349	37.490204	139.930427	8	-0.140	-1.096	9.644	5.849
1425691114450	37.490203	139.930421	8	0.046	-0.982	9.504	5.774
1425691114551	37.490203	139.930415	8	0.041	-0.815	9.392	5.700
1425691114646	37.490203	139.930410	8	-0.049	-0.635	8.920	5.631
1425691114747	37.490202	139.930404	8	0.013	-0.632	8.749	5.559
1425691114848	37.490202	139.930399	10	-0.002	-0.706	9.240	5.480
1425691114948	37.490201	139.930396	10	-0.008	-0.755	9.755	5.372
1425691115049	37.490200	139.930393	10	0.029	-0.691	9.629	5.264
1425691115150	37.490199	139.930390	10	0.125	-0.697	9.645	5.158
1425691115250	37.490198	139.930387	10	0.121	-0.649	9.633	5.056
1425691115346	37.490197	139.930384	10	0.087	-0.645	9.675	4.959
1425691115447	37.490196	139.930381	10	0.086	-0.478	9.652	4.859
1425691115547	37.490195	139.930378	10	0.284	-0.323	9.838	4.763
1425691115648	37.490195	139.930375	10	0.382	-0.114	9.530	4.667
1425691115749	37.490194	139.930372	10	0.461	0.036	9.010	4.574
1425691115850	37.490193	139.930369	10	0.579	0.126	8.829	4.500
1425691115950	37.490193	139.930364	10	0.623	0.122	9.170	4.500
1425691116046	37.490193	139.930358	10	0.544	0.046	9.608	4.500
1425691116147	37.490193	139.930353	10	0.452	0.047	9.466	4.500
1425691116247	37.490193	139.930347	10	0.464	0.090	9.172	4.500
1425691116348	37.490192	139.930342	10	0.386	0.025	9.192	4.500
1425691116449	37.490192	139.930337	10	0.298	0.126	9.468	4.500
1425691123544	37.490277	139.929839	5	0.352	0.278	10.020	6.928
1425691137547	37.490397	139.928768	6	0.356	0.281	10.033	6.638
1425691137648	37.490397	139.928762	6	0.368	0.118	9.733	6.588
1425691137749	37.490398	139.928756	6	0.373	-0.008	9.618	6.539
1425691137849	37.490398	139.928750	6	0.301	-0.067	9.527	6.500
1425691137950	37.490400	139.928742	6	0.213	-0.218	9.980	6.500
1425691138046	37.490401	139.928735	6	0.137	-0.267	10.044	6.500
1425691138146	37.490403	139.928728	6	0.067	-0.248	9.741	6.500
1425691138247	37.490404	139.928721	6	-0.050	-0.194	9.445	6.500
1425691138348	37.490406	139.928714	6	-0.086	-0.066	9.127	6.500
1425691138448	37.490407	139.928707	6	-0.142	-0.044	9.009	6.500
1425691138549	37.490409	139.928699	6	-0.102	-0.181	9.240	6.500
1425691138650	37.490410	139.928692	6	0.010	-0.175	9.500	6.500
1425691138746	37.490412	139.928685	6	0.075	-0.101	9.176	6.500
1425691138846	37.490413	139.928678	6	0.047	-0.121	8.954	6.496
1425691138947	37.490413	139.928670	6	0.019	-0.173	9.279	6.470
1425691139048	37.490413	139.928662	6	-0.008	-0.195	9.529	6.445
1425691139148	37.490414	139.928654	6	-0.076	-0.223	9.360	6.419
1425691139249	37.490414	139.928646	6	-0.144	-0.198	9.230	6.394
1425691139350	37.490414	139.928638	6	-0.134	-0.202	9.232	6.369
1425691139451	37.490414	139.928630	6	-0.099	-0.221	9.472	6.344
1425691139546	37.490414	139.928622	6	-0.042	-0.182	9.589	6.320
1425691139647	37.490415	139.928614	6	-0.038	-0.197	9.918	6.295
1425691139748	37.490415	139.928606	6	0.062	-0.196	9.660	6.270
1425691139848	37.490415	139.928599	6	0.030	-0.206	9.571	6.250
1425691139949	37.490416	139.928591	6	-0.023	-0.240	9.710	6.250
1425691140050	37.490417	139.928584	6	0.057	-0.303	9.955	6.250
1425691140150	37.490417	139.928577	6	0.167	-0.234	9.462	6.250
1425691140246	37.490418	139.928570	6	0.202	-0.186	9.317	6.250
1425691140347	37.490419	139.928562	6	0.126	-0.109	9.031	6.250
1425691140448	37.490419	139.928555	6	0.162	-0.083	9.051	6.250
1425691140548	37.490420	139.928548	6	0.176	-0.100	9.150	6.250
1425691140649	37.490421	139.928540	6	0.167	-0.136	9.377	6.250
1425691140750	37.490421	139.928533	6	0.144	-0.196	9.602	6.250
1425691140850	37.490422	139.928525	5	0.131	-0.261	9.889	6.245
1425691140946	37.490424	139.928518	5	0.122	-0.209	9.535	6.220
1425691141047	37.490425	139.928510	5	0.065	-0.170	9.304	6.195
1425691141147	37.490427	139.928503	5	0.020	-0.167	9.397	6.170
1425691141248	37.490428	139.928495	5	-0.032	-0.208	9.613	6.144
1425691141349	37.490430	139.928488	5	0.024	-0.193	9.693	6.119
1425691141450	37.490431	139.928480	5	0.064	-0.142	9.387	6.094
1425691141550	37.490433	139.928473	5	0.060	-0.113	9.157	6.069
1425691141646	37.490434	139.928466	5	0.047	-0.146	9.237	6.045
1425691141747	37.490436	139.928458	5	0.062	-0.178	9.476	6.020
1425691141847	37.490437	139.928451	5	0.109	-0.121	9.426	5.996
1425691141948	37.490438	139.928444	5	0.065	-0.163	9.453	5.970
1425691142049	37.490438	139.928437	5	0.019	-0.211	9.431	5.944
1425691142150	37.490439	139.928430	5	-0.018	-0.145	9.263	5.919
1425691142250	37.490440	139.928424	5	-0.020	-0.134	9.386	5.894
1425691142346	37.490440	139.928417	5	-0.049	-0.173	9.375	5.870
1425691142447	37.490441	139.928410	5	-0.041	-0.189	9.488	5.844
1425691142547	37.490441	139.928404	5	0.005	-0.233	9.730	5.820
1425691142648	37.490442	139.928397	5	0.014	-0.219	9.635	5.795
1425691142749	37.490443	139.928390	5	0.045	-0.142	9.333	5.770
1425691142849	37.490443	139.928384	4	-0.015	-0.169	9.117	5.750
1425691142950	37.490444	139.928377	4	-0.108	-0.218	9.467	5.750
1425691143046	37.490445	139.928371	4	-0.076	-0.203	9.780	5.750
1425691143147	37.490446	139.928364	4	0.017	-0.308	9.962	5.750
1425691143247	37.490448	139.928358	4	0.114	-0.240	9.651	5.750
1425691143348	37.490449	139.928351	4	0.139	-0.179	9.261	5.750
1425691143449	37.490450	139.928345	4	0.183	-0.078	9.235	5.750
1425691143549	37.490451	139.928338	4	0.188	-0.100	9.275	5.750
1425691143650	37.490452	139.928332	4	0.113	-0.116	9.405	5.750
1425691143746	37.490453	139.928325	4	0.047	-0.174	9.520	5.750
1425691143846	37.490454	139.928319	4	0.097	-0.182	9.479	5.750
1425691143947	37.490455	139.928313	4	0.154	-0.228	9.485	5.750
1425691144048	37.490456	139.928307	4	0.158	-0.234	9.591	5.750
1425691144149	37.490457	139.928301	4	0.099	-0.209	9.593	5.750
1425691144249	37.490457	139.928294	4	0.014	-0.190	9.465	5.750
1425691144350	37.490458	139.928288	4	-0.057	-0.129	9.328	5.750
1425691144446	37.490459	139.928282	4	-0.086	-0.126	9.363	5.750
1425691144546	37.490460	139.928276	4	-0.067	-0.121	9.418	5.750
1425691144647	37.490461	139.928270	4	-0.025	-0.117	9.370	5.750
1425691144748	37.490461	139.928264	4	-0.012	-0.150	9.426	5.750
1425691144849	37.490462	139.928258	4	0.002	-0.181	9.603	5.740
1425691144949	37.490463	139.928252	4	0.000	-0.146	9.548	5.688
1425691145050	37.490463	139.928246	4	-0.006	-0.144	9.406	5.636
1425691145146	37.490464	139.928241	4	-0.004	-0.153	9.426	5.587
1425691145246	37.490464	139.928236	4	-0.020	-0.161	9.448	5.536
1425691145347	37.490465	139.928230	4	-0.045	-0.195	9.563	5.486
1425691145448	37.490465	139.928224	4	-0.071	-0.187	9.446	5.436
1425691145548	37.490466	139.928219	4	-0.042	-0.113	9.051	5.386
1425691145649	37.490466	139.928214	4	-0.034	-0.105	9.119	5.337
1425691145750	37.490467	139.928208	4	-0.033	-0.187	9.521	5.288
1425691145846	37.490467	139.928203	4	-0.017	-0.222	9.656	5.250
1425691145946	37.490468	139.928196	4	0.027	-0.198	9.603	5.250
1425691146047	37.490469	139.928189	4	0.021	-0.148	9.360	5.250
1425691146148	37.490470	139.928182	4	0.023	-0.167	9.341	5.250
1425691146248	37.490471	139.928176	4	0.007	-0.219	9.611	5.250
1425691146349	37.490472	139.928169	4	-0.013	-0.242	9.737	5.250
1425691146450	37.490473	139.928162	4	0.002	-0.251	9.778	5.250
1425691146550	37.490474	139.928155	4	-0.071	-0.104	9.155	5.250
1425691146646	37.490475	139.928149	4	-0.044	-0.054	8.922	5.250
1425691146747	37.490476	139.928142	4	0.063	-0.057	8.919	5.250
1425691146848	37.490477	139.928135	5	0.214	-0.144	9.464	5.250
1425691146948	37.490478	139.928129	5	0.340	-0.237	9.919	5.250
1425691147049	37.490479	139.928122	5	0.334	-0.270	9.789	5.250
1425691147150	37.490480	139.928116	5	0.317	-0.268	9.552	5.250
1425691147250	37.490480	139.928110	5	0.311	-0.192	9.509	5.250
1425691147346	37.490481	139.928104	5	0.231	-0.174	9.353	5.250
1425691147447	37.490482	139.928098	5	0.063	-0.169	9.366	5.250
1425691147548	37.490483	139.928091	5	-0.066	-0.167	9.536	5.250
1425691147648	37.490484	139.928085	5	-0.065	-0.144	9.462	5.250
1425691147749	37.490484	139.928079	5	0.027	-0.106	9.216	5.250
1425691147850	37.490485	139.928073	5	0.155	-0.109	9.257	5.245
1425691147950	37.490485	139.928067	5	0.182	-0.201	9.625	5.219
1425691148046	37.490485	139.928062	5	0.183	-0.214	9.698	5.195
1425691148147	37.490485	139.928056	5	0.142	-0.183	9.507	5.169
1425691148247	37.490485	139.928051	5	0.112	-0.116	9.169	5.144
1425691148348	37.490485	139.928045	5	0.096	-0.120	9.243	5.119
1425691148449	37.490485	139.928040	5	0.095	-0.146	9.565	5.094
1425691148550	37.490485	139.928034	5	0.076	-0.167	9.621	5.069
1425691148650	37.490485	139.928029	5	0.050	-0.132	9.486	5.044
1425691148751	37.490485	139.928023	5	0.054	-0.127	9.263	5.019
1425691148847	37.490485	139.928018	5	0.058	-0.148	9.274	5.000
1425691148946	37.490487	139.928012	5	0.095	-0.171	9.475	5.000
1425691149048	37.490488	139.928007	5	0.107	-0.183	9.616	5.000
1425691149147	37.490490	139.928001	5	0.095	-0.162	9.564	5.000
1425691149250	37.490491	139.927995	5	0.090	-0.112	9.301	5.000
1425691149348	37.490493	139.927989	5	0.097	-0.101	9.230	5.000
1425691149446	37.490494	139.927984	5	0.075	-0.139	9.481	5.000
1425691149547	37.490496	139.927978	5	0.048	-0.191	9.670	5.000
1425691149647	37.490497	139.927972	5	0.050	-0.195	9.636	5.000
1425691149748	37.490499	139.927967	5	0.058	-0.162	9.464	5.000
1425691149849	37.490500	139.927961	10	0.064	-0.114	9.311	4.995
1425691149949	37.490501	139.927956	10	0.071	-0.097	9.328	4.970
1425691150050	37.490502	139.927951	10	0.082	-0.142	9.488	4.944
1425691150146	37.490503	139.927946	10	0.085	-0.164	9.581	4.920
1425691150246	37.490503	139.927941	10	0.103	-0.151	9.526	4.894
1425691150347	37.490504	139.927936	10	0.076	-0.114	9.343	4.869
1425691150448	37.490505	139.927931	10	0.066	-0.123	9.299	4.844
1425691150549	37.490506	139.927927	10	0.053	-0.154	9.472	4.819
1425691150649	37.490507	139.927922	10	0.091	-0.176	9.612	4.794
1425691150750	37.490507	139.927917	10	0.161	-0.149	9.555	4.770
1425691150846	37.490508	139.927912	10	0.164	-0.101	9.445	4.746
1425691150946	37.490509	139.927906	10	0.128	-0.071	9.323	4.720
1425691151047	37.490509	139.927900	10	0.136	-0.087	9.323	4.695
1425691151148	37.490510	139.927895	10	0.139	-0.105	9.463	4.669
1425691151248	37.490510	139.927889	10	0.122	-0.134	9.613	4.644
1425691151349	37.490511	139.927883	10	0.134	-0.125	9.488	4.619
1425691151450	37.490511	139.927877	10	0.161	-0.105	9.350	4.593
1425691151546	37.490512	139.927872	10	0.181	-0.076	9.212	4.570
1425691162548	37.490563	139.927194	11	0.184	-0.078	9.215	5.569
1425691166546	37.490593	139.926939	13	0.187	-0.078	9.221	6.070
1425691173545	37.490678	139.926417	10	0.188	-0.077	9.229	7.250
1425691173550	37.490678	139.926416	10	0.187	-0.079	9.241	7.250
1425691173646	37.490678	139.926408	10	0.040	-0.218	9.395	7.250
1425691173747	37.490679	139.926400	10	0.011	-0.161	8.645	7.250
1425691173847	37.490679	139.926392	9	0.158	-0.116	9.020	7.250
1425691173948	37.490679	139.926383	9	0.227	-0.149	9.627	7.250
1425691174049	37.490680	139.926375	9	0.295	-0.153	9.504	7.250
1425691174150	37.490680	139.926366	9	0.435	-0.087	8.803	7.250
1425691174250	37.490681	139.926358	9	0.579	-0.125	8.793	7.250
1425691174346	37.490681	139.926350	9	0.540	-0.238	9.483	7.250
1425691174447	37.490681	139.926341	9	0.389	-0.324	10.223	7.250
1425691174547	37.490682	139.926333	9	0.249	-0.231	9.823	7.250
1425691174648	37.490682	139.926324	9	0.082	-0.121	8.920	7.250
1425691174749	37.490683	139.926316	9	-0.050	-0.128	8.730	7.250
1425691174849	37.490683	139.926307	10	-0.055	-0.226	9.526	7.245
1425691174950	37.490684	139.926299	10	0.001	-0.328	10.030	7.220
1425691175046	37.490684	139.926292	10	0.150	-0.289	9.884	7.195
1425691175146	37.490685	139.926284	10	0.399	-0.217	9.478	7.170
1425691175247	37.490685	139.926276	10	0.664	-0.139	9.319	7.145
1425691175348	37.490686	139.926268	10	0.868	-0.131	9.436	7.119
1425691175449	37.490686	139.926260	10	0.999	-0.109	9.316	7.094
1425691175549	37.490687	139.926252	10	0.961	-0.147	9.267	7.069
1425691175650	37.490687	139.926244	10	0.850	-0.195	9.454	7.044
1425691175746	37.490688	139.926237	10	0.746	-0.169	9.376	7.021
1425691175846	37.490688	139.926229	13	0.704	-0.193	9.135	6.996
1425691175947	37.490690	139.926224	13	0.735	-0.199	9.273	6.970
1425691176048	37.490692	139.926219	13	0.757	-0.292	9.748	6.945
1425691176149	37.490693	139.926214	13	0.732	-0.278	9.745	6.919
1425691176249	37.490695	139.926208	13	0.635	-0.195	9.300	6.894
1425691176350	37.490696	139.926203	13	0.495	-0.168	9.227	6.869
1425691176446	37.490698	139.926198	13	0.474	-0.133	9.153	6.845
1425691176546	37.490700	139.926193	13	0.373	-0.212	9.509	6.820
1425691176647	37.490701	139.926188	13	0.234	-0.266	9.753	6.795
1425691176748	37.490703	139.926183	13	0.134	-0.323	9.742	6.770
1425691176848	37.490704	139.926178	13	0.116	-0.290	9.661	6.745
1425691176949	37.490704	139.926171	13	0.081	-0.223	9.517	6.720
1425691177050	37.490705	139.926165	13	0.040	-0.209	9.503	6.694
1425691177151	37.490705	139.926158	13	0.056	-0.206	9.596	6.669
1425691177246	37.490706	139.926152	13	0.100	-0.172	9.333	6.645
1425691177352	37.490706	139.926145	13	0.120	-0.100	9.338	6.618
1425691177448	37.490706	139.926139	13	0.026	-0.170	9.356	6.594
1425691177547	37.490707	139.926133	13	-0.091	-0.147	9.238	6.570
1425691177649	37.490707	139.926126	13	-0.155	-0.162	9.134	6.545
1425691177748	37.490708	139.926120	13	-0.166	-0.232	9.541	6.520
1425691177851	37.490708	139.926113	12	-0.032	-0.287	9.848	6.495
1425691177946	37.490709	139.926106	12	0.032	-0.260	9.749	6.470
1425691178047	37.490711	139.926099	12	0.178	-0.161	9.425	6.445
1425691178148	37.490712	139.926091	12	0.252	-0.028	9.383	6.419
1425691178248	37.490713	139.926084	12	0.241	-0.096	9.565	6.394
1425691178349	37.490714	139.926077	12	0.118	0.060	9.550	6.369
1425691178450	37.490716	139.926069	12	-0.023	0.236	9.237	6.344
1425691184548	37.490743	139.925573	11	-0.091	0.242	9.136	7.070
1425691184648	37.490744	139.925566	11	-0.000	0.248	8.741	7.045
1425691184749	37.490745	139.925559	11	-0.195	0.086	9.151	7.020
1425691184850	37.490746	139.925551	11	-0.183	-0.032	9.346	6.995
1425691184950	37.490748	139.925544	11	-0.264	-0.090	9.015	6.970
1425691185046	37.490749	139.925536	11	-0.551	-0.290	9.300	6.945
1425691185147	37.490750	139.925529	11	-0.576	-0.343	9.770	6.920
1425691185247	37.490751	139.925521	11	-0.240	-0.310	9.765	6.895
1425691185348	37.490753	139.925513	11	0.040	-0.167	9.551	6.869
1425691185449	37.490754	139.925506	11	-0.039	-0.184	9.531	6.844
1425691185550	37.490755	139.925498	11	-0.031	-0.122	9.166	6.819
1425691185650	37.490757	139.925490	11	-0.004	-0.138	9.041	6.794
1425691185746	37.490758	139.925483	11	0.067	-0.207	9.438	6.771
1425691185847	37.490759	139.925476	11	0.183	-0.285	10.035	6.746
1425691185947	37.490762	139.925468	11	0.181	-0.335	9.941	6.720
1425691186048	37.490764	139.925460	11	0.187	-0.186	9.257	6.695
1425691186149	37.490767	139.925453	11	0.084	-0.103	9.044	6.669
1425691186250	37.490769	139.925445	11	-0.075	-0.127	8.970	6.644
1425691186350	37.490772	139.925438	11	-0.058	-0.278	9.506	6.619
1425691186446	37.490774	139.925430	11	-0.023	-0.271	10.059	6.595
1425691186547	37.490776	139.925423	11	0.009	-0.176	9.522	6.570
1425691186647	37.490779	139.925416	11	0.181	-0.195	9.394	6.545
1425691186748	37.490781	139.925408	11	0.119	-0.287	9.607	6.520
1425691186849	37.490783	139.925401	11	0.164	-0.176	9.280	6.495
1425691186949	37.490784	139.925393	11	0.169	-0.102	9.141	6.470
1425691187050	37.490784	139.925386	11	0.232	-0.101	9.322	6.444
1425691187146	37.490785	139.925379	11	0.366	-0.204	9.469	6.420
1425691187247	37.490785	139.925372	11	0.048	-0.601	9.770	6.395
1425691187347	37.490786	139.925364	11	-0.315	-0.821	9.639	6.370
1425691187448	37.490786	139.925357	11	-0.522	-0.911	9.318	6.344
1425691187549	37.490787	139.925350	11	-0.807	-1.027	9.427	6.319
1425691187649	37.490787	139.925343	11	-1.109	-1.123	9.737	6.295
1425691187750	37.490788	139.925336	11	-1.042	-1.108	9.557	6.270
1425691187846	37.490788	139.925329	11	-0.856	-1.066	9.208	6.237
1425691187946	37.490788	139.925323	11	-0.699	-1.066	9.296	6.158
1425691188047	37.490788	139.925317	11	-0.436	-1.070	9.540	6.079
1425691188148	37.490787	139.925311	11	-0.343	-1.112	9.820	6.001
1425691188249	37.490787	139.925305	11	-0.222	-1.072	9.788	5.924
1425691188349	37.490787	139.925299	11	-0.204	-0.990	9.526	5.849
1425691188450	37.490787	139.925293	11	-0.210	-0.864	9.275	5.774
1425691188546	37.490787	139.925288	11	-0.081	-0.659	9.275	5.703
1425691188646	37.490786	139.925282	11	0.108	-0.493	9.330	5.631
1425691188747	37.490786	139.925277	11	0.092	-0.449	9.529	5.559
1425691188848	37.490786	139.925271	11	0.057	-0.385	9.436	5.491
1425691188949	37.490787	139.925265	11	-0.000	-0.387	9.419	5.438
1425691189049	37.490789	139.925260	11	-0.064	-0.376	9.426	5.386
1425691189150	37.490790	139.925254	11	-0.076	-0.353	9.370	5.335
1425691189246	37.490791	139.925249	11	-0.085	-0.342	9.403	5.286
1425691189346	37.490792	139.925243	11	-0.072	-0.327	9.522	5.236
1425691189447	37.490794	139.925238	11	-0.017	-0.378	9.609	5.186
1425691189548	37.490795	139.925233	11	-0.011	-0.390	9.489	5.136
1425691189648	37.490796	139.925227	11	-0.042	-0.240	9.423	5.087
1425691189749	37.490797	139.925222	11	-0.073	-0.134	9.435	5.039
1425691189850	37.490798	139.925217	12	-0.069	-0.085	9.362	5.000
1425691189946	37.490799	139.925211	12	-0.051	0.045	9.062	5.000
1425691190046	37.490801	139.925205	12	0.121	0.061	9.276	5.000
1425691190147	37.490802	139.925199	12	0.223	0.044	9.665	5.000
1425691190248	37.490803	139.925193	12	0.332	-0.004	9.840	5.000
1425691190348	37.490804	139.925187	12	0.282	0.008	9.677	5.000
1425691190449	37.490805	139.925181	12	0.290	0.113	9.571	5.000
1425691204548	37.490946	139.924003	11	0.254	0.218	9.608	8.000
1425691204649	37.490947	139.923995	11	0.106	0.134	9.215	8.000
1425691204750	37.490948	139.923987	11	-0.022	0.026	9.227	8.000
1425691204850	37.490949	139.923978	11	-0.147	-0.124	9.782	7.995
1425691204946	37.490951	139.923970	11	-0.240	-0.265	10.239	7.971
1425691205047	37.490952	139.923962	11	-0.294	-0.252	9.942	7.945
1425691205147	37.490954	139.923953	11	-0.374	-0.164	9.569	7.920
1425691205248	37.490955	139.923945	11	-0.422	-0.101	9.392	7.895
1425691205349	37.490957	139.923937	11	-0.438	0.039	8.974	7.869
1425691205450	37.490958	139.923928	11	-0.471	-0.032	9.008	7.844
1425691205550	37.490960	139.923920	11	-0.375	-0.103	9.270	7.819
1425691205646	37.490961	139.923912	11	-0.299	-0.137	9.643	7.795
1425691205752	37.490963	139.923903	11	-0.240	-0.157	9.812	7.769
1425691205847	37.490964	139.923896	13	-0.178	-0.111	9.623	7.746
1425691205946	37.490964	139.923890	13	-0.162	-0.068	9.342	7.721
1425691206049	37.490964	139.923883	13	-0.167	-0.069	9.179	7.695
1425691206148	37.490964	139.923877	13	-0.160	-0.099	9.406	7.670
1425691206250	37.490964	139.923871	13	-0.192	-0.139	9.676	7.644
1425691206347	37.490964	139.923865	13	-0.241	-0.169	9.699	7.620
1425691206447	37.490964	139.923859	13	-0.283	-0.138	9.386	7.595
1425691206547	37.490964	139.923852	13	-0.210	-0.100	9.194	7.570
1425691206648	37.490964	139.923846	13	-0.120	-0.129	9.559	7.545
1425691206749	37.490964	139.923840	13	-0.157	-0.148	9.667	7.520
1425691206849	37.490964	139.923834	13	-0.277	-0.094	9.080	7.500
1425691206950	37.490965	139.923826	13	-0.332	-0.069	9.036	7.500
1425691207046	37.490966	139.923818	13	-0.294	-0.092	9.438	7.500
1425691207146	37.490966	139.923810	13	-0.278	-0.222	10.013	7.500
1425691207247	37.490967	139.923802	13	-0.270	-0.247	9.786	7.500
1425691207348	37.490968	139.923795	13	-0.289	-0.174	9.283	7.500
1425691207449	37.490968	139.923787	13	-0.352	-0.059	8.799	7.500
1425691207549	37.490969	139.923779	13	-0.413	-0.056	9.196	7.500
1425691207650	37.490970	139.923771	13	-0.394	-0.123	9.727	7.500
1425691207746	37.490970	139.923764	13	-0.390	-0.160	9.688	7.500
1425691207846	37.490971	139.923756	11	-0.359	-0.222	9.786	7.496
1425691207947	37.490971	139.923747	11	-0.438	-0.224	9.715	7.470
1425691208048	37.490972	139.923739	11	-0.452	-0.177	9.620	7.445
1425691208148	37.490972	139.923731	11	-0.462	-0.081	9.430	7.420
1425691208249	37.490973	139.923723	11	-0.401	0.036	9.005	7.394
1425691208350	37.490973	139.923715	11	-0.325	0.022	8.895	7.369
1425691208446	37.490973	139.923707	11	-0.323	-0.062	9.255	7.345
1425691208546	37.490974	139.923699	11	-0.287	-0.078	9.740	7.320
1425691212544	37.490998	139.923370	11	-0.284	-0.079	9.779	7.321
1425691214549	37.491018	139.923213	13	-0.279	-0.078	9.820	6.887
1425691227545	37.491159	139.922084	12	-0.271	-0.073	9.856	7.000
1425691230546	37.491190	139.921856	13	-0.263	-0.071	9.885	6.638
1425691230647	37.491191	139.921850	13	-0.115	-0.575	9.721	6.589
1425691230747	37.491192	139.921843	13	-0.003	-1.022	9.709	6.540
1425691230848	37.491193	139.921837	14	0.059	-1.300	9.598	6.475
1425691230949	37.491194	139.921832	14	0.116	-1.434	9.658	6.337
1425691231049	37.491195	139.921828	14	0.126	-1.488	9.719	6.204
1425691231150	37.491196	139.921823	14	0.093	-1.513	9.483	6.071
1425691231246	37.491197	139.921819	14	0.067	-1.502	9.343	5.948
1425691231347	37.491198	139.921815	14	0.088	-1.491	9.362	5.821
1425691231447	37.491199	139.921810	14	0.111	-1.519	9.529	5.697
1425691231548	37.491200	139.921806	14	0.114	-1.526	9.607	5.576
1425691231649	37.491201	139.921802	14	0.067	-1.518	9.449	5.457
1425691231749	37.491201	139.921798	14	-0.016	-1.497	9.384	5.341
1425691231850	37.491202	139.921794	14	-0.057	-1.464	9.231	5.215
1425691231946	37.491203	139.921788	14	-0.062	-1.521	9.321	5.050
1425691232047	37.491204	139.921782	14	-0.034	-1.579	9.627	4.882
1425691232147	37.491205	139.921777	14	-0.021	-1.498	9.535	4.720
1425691232248	37.491206	139.921771	14	-0.008	-1.420	9.532	4.562
1425691232349	37.491206	139.921766	14	-0.040	-1.331	9.499	4.409
1425691232449	37.491207	139.921761	14	-0.054	-1.280	9.470	4.263
1425691232550	37.491208	139.921756	14	0.019	-1.201	9.428	4.120
1425691232646	37.491209	139.921751	14	0.066	-1.080	9.402	3.988
1425691232746	37.491209	139.921747	14	0.044	-0.931	9.475	3.857
1425691232847	37.491210	139.921742	13	0.035	-0.751	9.461	3.736
1425691232948	37.491212	139.921738	13	0.048	-0.551	9.446	3.653
1425691233049	37.491214	139.921734	13	0.026	-0.348	9.419	3.571
1425691233149	37.491216	139.921730	13	0.023	-0.195	9.369	3.493
1425691233250	37.491218	139.921726	13	0.011	-0.113	9.346	3.415
1425691233346	37.491219	139.921723	13	0.044	-0.079	9.503	3.342
1425691233446	37.491221	139.921719	13	0.094	-0.087	9.728	3.268
1425691233547	37.491223	139.921716	13	0.074	-0.125	9.768	3.195
1425691233648	37.491224	139.921712	13	0.025	-0.106	9.524	3.124
1425691233748	37.491226	139.921709	13	-0.063	-0.039	9.217	3.055
1425691233849	37.491227	139.921705	13	-0.089	0.045	9.079	2.995
1425691233950	37.491228	139.921703	13	-0.047	-0.001	9.323	2.969
1425691234046	37.491229	139.921700	13	-0.002	-0.051	9.713	2.944
1425691234151	37.491230	139.921697	13	0.013	-0.049	9.753	2.917
1425691234247	37.491231	139.921694	13	0.050	-0.003	9.421	2.893
1425691234346	37.491232	139.921691	13	0.092	0.007	9.130	2.868
1425691234448	37.491233	139.921688	13	0.115	-0.189	9.086	2.843
1425691234547	37.491234	139.921686	13	0.052	-0.597	9.344	2.819
1425691234650	37.491235	139.921683	13	0.004	-0.982	9.638	2.793
1425691234749	37.491236	139.921680	13	0.044	-1.172	9.751	2.769
1425691234846	37.491237	139.921678	13	0.110	-1.282	9.595	2.736
1425691234947	37.491237	139.921675	13	0.105	-1.340	9.298	2.650
1425691235048	37.491237	139.921673	13	0.073	-1.336	9.213	2.566
1425691235148	37.491236	139.921670	13	0.035	-1.429	9.478	2.486
1425691235249	37.491236	139.921668	13	0.005	-1.526	9.828	2.407
1425691235350	37.491236	139.921666	13	-0.082	-1.524	9.655	2.330
1425691235450	37.491236	139.921664	13	-0.148	-1.438	9.229	2.257
1425691235546	37.491236	139.921662	13	-0.138	-1.245	9.200	2.189
1425691235647	37.491235	139.921660	13	-0.081	-1.002	9.526	2.120
1425691235748	37.491235	139.921658	13	0.023	-0.805	9.606	2.053
1425691235848	37.491235	139.921656	14	0.106	-0.628	9.438	1.967
1425691235949	37.491237	139.921654	14	0.126	-0.637	9.246	1.792
1425691236050	37.491239	139.921653	14	0.069	-0.790	9.236	1.627
1425691236150	37.491240	139.921651	14	-0.005	-0.968	9.430	1.476
1425691236246	37.491241	139.921650	14	-0.029	-1.051	9.611	1.342
1425691236347	37.491243	139.921649	14	-0.036	-1.065	9.605	1.212
1425691236447	37.491244	139.921648	14	-0.001	-0.923	9.463	1.094
1425691236548	37.491245	139.921647	14	0.025	-0.790	9.318	0.987
1425691236649	37.491246	139.921646	14	0.036	-0.728	9.343	0.892
1425691236750	37.491246	139.921646	14	0.027	-0.721	9.487	0.808
1425691236850	37.491247	139.921645	14	0.017	-0.634	9.587	0.720
1425691236946	37.491246	139.921643	14	0.019	-0.376	9.634	0.586
1425691237047	37.491245	139.921642	14	0.024	-0.075	9.560	0.460
1425691237147	37.491245	139.921641	14	0.006	0.158	9.336	0.350
1425691237248	37.491244	139.921640	14	-0.012	0.301	9.171	0.254
1425691237349	37.491244	139.921639	14	-0.032	0.301	9.282	0.174
1425691237450	37.491244	139.921638	14	-0.009	0.220	9.486	0.108
1425691237550	37.491243	139.921638	14	0.020	0.107	9.529	0.059
1425691237646	37.491243	139.921637	14	0.039	0.050	9.480	0.025
1425691237747	37.491243	139.921637	14	0.043	0.067	9.478	0.005
1425691286545	37.491319	139.920928	12	0.018	0.144	9.441	5.500
1425691293544	37.491387	139.920426	13	0.020	0.152	9.442	6.500
1425691293549	37.491387	139.920426	13	0.021	0.157	9.441	6.500
1425691293650	37.491388	139.920418	13	-0.008	-0.033	9.649	6.500
1425691293750	37.491388	139.920410	13	0.010	-0.171	9.723	6.500
1425691293846	37.491389	139.920403	11	0.018	-0.201	9.667	6.496
1425691293947	37.491390	139.920396	11	0.044	-0.140	9.407	6.470
1425691294047	37.491391	139.920389	11	0.050	-0.140	9.404	6.445
1425691294148	37.491392	139.920383	11	0.059	-0.139	9.503	6.419
1425691294249	37.491393	139.920376	11	0.024	-0.178	9.550	6.394
1425691294350	37.491394	139.920369	11	-0.114	-0.220	9.781	6.369
1425691294450	37.491395	139.920363	11	-0.299	-0.136	9.632	6.344
1425691294546	37.491395	139.920356	11	-0.346	-0.107	9.527	6.320
1425691299546	37.491443	139.920015	14	-0.352	-0.109	9.547	6.500
1425691299647	37.491443	139.920008	14	-0.339	-0.068	9.211	6.500
1425691299747	37.491443	139.920000	14	-0.313	-0.071	9.153	6.500
1425691299848	37.491443	139.919993	13	-0.324	-0.070	9.195	6.491
1425691299949	37.491443	139.919986	13	-0.385	-0.090	9.263	6.438
1425691300050	37.491443	139.919979	13	-0.355	-0.129	9.520	6.387
1425691300150	37.491443	139.919972	13	-0.227	-0.103	9.376	6.336
1425691300246	37.491443	139.919965	13	-0.054	-0.044	9.165	6.287
1425691300347	37.491444	139.919959	13	-0.128	-0.110	9.007	6.237
1425691300447	37.491444	139.919952	13	-0.191	-0.130	9.454	6.187
1425691300548	37.491444	139.919945	13	-0.139	-0.165	9.577	6.137
1425691300649	37.491444	139.919939	13	-0.340	-0.320	9.811	6.088
1425691300750	37.491444	139.919932	13	-0.463	-0.217	9.624	6.039
1425691300850	37.491444	139.919926	12	-0.484	-0.231	9.316	5.990
1425691300946	37.491444	139.919920	12	-0.418	-0.098	9.221	5.940
1425691301047	37.491444	139.919913	12	-0.365	-0.121	9.382	5.888
1425691301147	37.491445	139.919907	12	-0.235	-0.044	9.299	5.837
1425691301248	37.491445	139.919900	12	-0.187	-0.187	9.299	5.786
1425691301349	37.491445	139.919894	12	-0.030	-0.120	9.332	5.735
1425691301449	37.491445	139.919888	12	0.100	-0.124	9.442	5.685
1425691311545	37.491516	139.919180	12	0.256	0.008	9.607	6.000
1425691311550	37.491516	139.919180	12	0.259	0.014	9.615	6.000
1425691311646	37.491517	139.919172	12	0.150	-0.003	9.471	6.000
1425691311747	37.491519	139.919164	12	-0.037	-0.077	9.442	6.000
1425691311848	37.491520	139.919157	12	-0.049	-0.172	9.709	5.995
1425691311948	37.491520	139.919150	12	-0.100	-0.044	9.127	5.970
1425691312050	37.491520	139.919143	12	0.064	-0.057	9.415	5.944
1425691312150	37.491520	139.919136	12	0.117	-0.197	9.924	5.919
1425691312250	37.491520	139.919129	12	0.078	-0.241	9.721	5.894
1425691312346	37.491519	139.919122	12	0.132	-0.223	9.584	5.870
1425691312447	37.491519	139.919115	12	0.037	-0.189	9.584	5.844
1425691312547	37.491519	139.919108	12	0.037	-0.161	9.551	5.820
1425691312648	37.491519	139.919101	12	-0.076	-0.181	9.189	5.795
1425691312749	37.491519	139.919094	12	-0.049	-0.049	9.037	5.770
1425691312850	37.491519	139.919088	12	-0.114	-0.082	9.292	5.740
1425691312950	37.491520	139.919082	12	-0.041	-0.105	9.309	5.688
1425691313046	37.491520	139.919076	12	-0.013	-0.189	9.684	5.638
1425691313147	37.491521	139.919070	12	-0.111	-0.246	9.937	5.587
1425691313247	37.491522	139.919064	12	-0.114	-0.216	9.697	5.536
1425691313348	37.491522	139.919058	12	-0.110	-0.121	9.050	5.485
1425691313449	37.491523	139.919052	12	-0.074	-0.164	9.434	5.435
1425691313549	37.491523	139.919046	12	-0.183	-0.151	9.699	5.386
1425691313650	37.491524	139.919040	12	-0.240	-0.128	9.623	5.337
1425691313746	37.491525	139.919035	12	-0.132	-0.035	9.161	5.290
1425691313847	37.491525	139.919029	11	-0.045	-0.019	8.922	5.250
1425691313947	37.491525	139.919024	11	-0.174	-0.065	9.138	5.250
1425691314048	37.491525	139.919018	11	-0.307	-0.189	9.553	5.250
1425691314149	37.491526	139.919012	11	-0.328	-0.259	9.844	5.250
1425691314249	37.491526	139.919007	11	-0.268	-0.254	9.671	5.250
1425691314350	37.491526	139.919001	11	-0.185	-0.166	9.403	5.250
1425691314446	37.491526	139.918996	11	-0.138	-0.162	9.258	5.250
1425691314547	37.491526	139.918991	11	-0.093	-0.192	9.482	5.250
1425691314647	37.491527	139.918985	11	-0.058	-0.229	9.781	5.250
1425691314748	37.491527	139.918980	11	-0.074	-0.224	9.809	5.250
1425691314849	37.491527	139.918974	11	-0.186	-0.147	9.351	5.245
1425691314949	37.491528	139.918969	11	-0.220	-0.136	9.125	5.220
1425691315051	37.491530	139.918964	11	-0.197	-0.146	9.402	5.194
1425691315146	37.491531	139.918959	11	-0.181	-0.113	9.400	5.170
1425691315246	37.491532	139.918954	11	-0.112	-0.120	9.326	5.145
1425691315347	37.491533	139.918949	11	-0.077	-0.124	9.521	5.119
1425691315448	37.491534	139.918944	11	-0.154	-0.161	9.543	5.094
1425691315549	37.491536	139.918940	11	-0.201	-0.183	9.466	5.069
1425691315649	37.491537	139.918935	11	-0.121	-0.130	9.242	5.044
1425691315750	37.491538	139.918930	11	-0.078	-0.163	9.426	5.020
1425691315846	37.491539	139.918925	11	-0.042	-0.164	9.664	4.996
1425691315946	37.491539	139.918919	11	-0.031	-0.230	9.775	4.970
1425691316047	37.491539	139.918913	11	-0.097	-0.181	9.548	4.945
1425691316148	37.491538	139.918907	11	-0.121	-0.095	9.314	4.919
1425691316248	37.491538	139.918901	11	-0.126	-0.050	9.150	4.894
1425691316349	37.491538	139.918895	11	-0.174	-0.098	9.175	4.869
1425691316450	37.491538	139.918889	11	-0.264	-0.160	9.481	4.843
1425691316546	37.491538	139.918883	11	-0.365	-0.181	9.672	4.820
1425691316646	37.491537	139.918878	11	-0.407	-0.192	9.590	4.795
1425691316747	37.491537	139.918872	11	-0.428	-0.174	9.377	4.770
1425691316848	37.491537	139.918866	10	-0.404	-0.146	9.305	4.745
1425691316948	37.491537	139.918860	10	-0.418	-0.082	8.916	4.720
1425691317049	37.491538	139.918855	10	-0.438	-0.110	9.359	4.694
1425691317150	37.491538	139.918849	10	-0.436	-0.165	9.827	4.669
1425691317251	37.491539	139.918843	10	-0.465	-0.214	9.819	4.643
1425691317346	37.491539	139.918838	10	-0.463	-0.180	9.562	4.619
1425691317447	37.491539	139.918833	10	-0.465	-0.123	9.287	4.594
1425691317548	37.491540	139.918827	10	-0.491	-0.087	9.161	4.569
1425691317648	37.491540	139.918822	10	-0.568	-0.155	9.306	4.544
1425691317749	37.491541	139.918816	10	-0.541	-0.174	9.439	4.520
1425691317850	37.491541	139.918811	10	-0.413	-0.224	9.747	4.495
1425691317951	37.491542	139.918806	10	-0.395	-0.238	10.138	4.469
1425691318046	37.491543	139.918801	10	-0.438	-0.081	9.300	4.445
1425691318147	37.491543	139.918796	10	-0.206	-0.056	9.319	4.419
1425691318248	37.491544	139.918792	10	-0.161	0.085	8.839	4.394
1425691318348	37.491545	139.918787	10	-0.281	0.050	8.945	4.369
1425691318449	37.491545	139.918782	10	-0.234	-0.025	9.397	4.344
1425691318550	37.491546	139.918777	10	-0.193	-0.135	9.742	4.319
1425691318650	37.491547	139.918772	10	-0.125	-0.203	10.131	4.294
1425691318746	37.491547	139.918768	10	-0.066	-0.181	9.763	4.270
1425691318847	37.491548	139.918763	10	-0.116	-0.072	9.270	4.250
1425691318947	37.491549	139.918759	10	-0.228	-0.045	8.896	4.250
1425691319048	37.491550	139.918754	10	-0.343	-0.206	9.550	4.250
1425691319149	37.491550	139.918749	10	-0.155	-0.166	9.631	4.250
1425691319250	37.491551	139.918745	10	0.102	-0.054	9.353	4.250
1425691319350	37.491552	139.918740	10	0.241	0.024	9.470	4.250
1425691319446	37.491552	139.918736	10	0.166	0.002	9.541	4.250
1425691319552	37.491553	139.918731	10	0.100	-0.056	9.522	4.250
1425691319647	37.491554	139.918726	10	0.126	-0.099	9.517	4.250
1425691319746	37.491554	139.918722	10	0.145	-0.088	9.334	4.250
1425691319849	37.491555	139.918717	10	0.208	-0.038	9.355	4.245
1425691319948	37.491556	139.918712	10	0.010	-0.018	9.370	4.220
1425691320050	37.491556	139.918707	10	-0.322	0.003	9.130	4.194
1425691320146	37.491557	139.918703	10	-0.442	-0.032	9.037	4.169
1425691320247	37.491558	139.918698	10	-0.273	-0.014	9.192	4.144
1425691320347	37.491558	139.918693	10	-0.067	0.054	9.288	4.119
1425691320448	37.491559	139.918689	10	0.263	-0.034	9.660	4.094
1425691320549	37.491559	139.918684	10	0.562	-0.125	9.675	4.069
1425691320649	37.491560	139.918679	10	0.611	-0.079	9.324	4.044
1425691320750	37.491561	139.918675	10	0.521	-0.138	9.571	4.019
1425691320846	37.491561	139.918670	10	0.347	-0.120	9.758	3.987
1425691320947	37.491562	139.918667	10	0.032	-0.121	9.661	3.904
1425691321047	37.491564	139.918664	10	-0.329	-0.084	9.491	3.824
1425691321148	37.491565	139.918661	10	-0.603	-0.052	9.099	3.745
1425691321249	37.491566	139.918658	10	-0.817	-0.116	9.175	3.667
1425691321349	37.491567	139.918655	10	-0.665	-0.164	9.680	3.591
1425691321450	37.491568	139.918652	10	-0.223	-0.190	10.030	3.517
1425691321546	37.491569	139.918650	10	0.279	-0.093	9.554	3.447
1425691321646	37.491570	139.918647	10	0.668	0.023	8.888	3.376
1425691321747	37.491571	139.918644	10	0.828	0.013	9.255	3.306
1425691321848	37.491572	139.918641	10	0.849	-0.046	9.892	3.254
1425691321949	37.491573	139.918638	10	0.577	-0.040	9.804	3.279
1425691322049	37.491574	139.918634	10	0.137	-0.056	9.681	3.303
1425691322150	37.491575	139.918631	10	-0.118	0.014	9.356	3.328
1425691322246	37.491576	139.918627	10	-0.466	-0.010	9.385	3.352
1425691322346	37.491578	139.918624	10	-0.708	0.082	9.097	3.377
1425691322447	37.491579	139.918620	10	-0.746	0.061	8.884	3.402
1425691322548	37.491580	139.918616	10	-0.527	0.098	8.821	3.428
1425691322649	37.491581	139.918613	10	-0.285	0.013	9.299	3.453
1425691322749	37.491582	139.918609	10	-0.044	-0.034	9.898	3.479
1425691322850	37.491583	139.918605	10	0.139	-0.035	9.904	3.500
1425691322946	37.491583	139.918601	10	0.208	0.019	9.452	3.500
1425691323046	37.491583	139.918596	10	0.197	0.028	9.216	3.500
1425691323147	37.491582	139.918591	10	0.086	0.032	9.163	3.500
1425691323248	37.491582	139.918587	10	0.008	-0.141	9.417	3.500
1425691323348	37.491582	139.918582	10	-0.100	-0.356	9.398	3.500
1425691323449	37.491582	139.918578	10	-0.172	-0.615	9.310	3.500
1425691323550	37.491582	139.918573	10	-0.211	-0.865	9.628	3.500
1425691323646	37.491581	139.918568	10	-0.181	-0.914	9.589	3.500
1425691323746	37.491581	139.918564	10	-0.060	-0.938	9.290	3.500
1425691323847	37.491581	139.918560	10	0.046	-0.959	9.290	3.480
1425691323948	37.491582	139.918557	10	0.068	-1.007	9.490	3.365
1425691324048	37.491583	139.918555	10	0.081	-1.001	9.675	3.254
1425691324149	37.491585	139.918553	10	0.087	-1.042	9.667	3.145
1425691324250	37.491586	139.918550	10	0.125	-1.032	9.384	3.039
1425691324350	37.491587	139.918548	10	0.217	-0.968	9.014	2.938
1425691324446	37.491588	139.918546	10	0.225	-1.030	9.271	2.845
1425691324547	37.491589	139.918544	10	0.176	-1.118	9.776	2.749
1425691324648	37.491589	139.918542	10	0.130	-1.121	9.861	2.657
1425691324748	37.491590	139.918540	10	0.093	-1.059	9.394	2.569
1425691324849	37.491591	139.918539	10	0.017	-1.042	9.202	2.488
1425691324950	37.491591	139.918536	10	-0.038	-1.141	9.346	2.426
1425691325050	37.491591	139.918534	10	-0.077	-1.199	9.647	2.366
1425691325146	37.491591	139.918532	10	-0.102	-1.191	9.671	2.309
1425691325247	37.491591	139.918530	10	-0.014	-1.141	9.603	2.250
1425691325347	37.491591	139.918528	10	0.085	-1.059	9.398	2.194
1425691325448	37.491591	139.918526	10	0.095	-1.010	9.134	2.138
1425691325549	37.491591	139.918524	10	0.022	-1.027	9.210	2.083
1425691325650	37.491591	139.918523	10	-0.052	-1.140	9.557	2.030
1425691325750	37.491592	139.918521	10	-0.041	-1.169	9.686	1.978
1425691325846	37.491592	139.918519	10	-0.007	-1.155	9.450	1.930
1425691325947	37.491592	139.918517	10	0.028	-1.093	9.253	1.880
1425691326047	37.491592	139.918516	10	0.040	-1.089	9.236	1.832
1425691326148	37.491592	139.918514	10	0.025	-1.123	9.450	1.785
1425691326249	37.491592	139.918512	10	-0.000	-1.174	9.600	1.739
1425691326349	37.491592	139.918511	10	-0.019	-1.166	9.539	1.695
1425691326450	37.491592	139.918509	10	-0.048	-1.181	9.329	1.652
1425691326546	37.491592	139.918508	10	-0.047	-1.159	9.315	1.612
1425691326647	37.491592	139.918506	10	-0.037	-1.021	9.552	1.571
1425691326747	37.491592	139.918505	10	0.011	-0.615	9.790	1.532
1425691326848	37.491592	139.918504	10	0.050	-0.268	9.598	1.495
1425691326949	37.491592	139.918503	10	0.062	-0.036	9.250	1.468
1425691327049	37.491592	139.918502	10	0.050	0.053	9.085	1.441
1425691327150	37.491592	139.918501	10	0.034	0.090	9.297	1.415
1425691327246	37.491592	139.918500	10	0.011	0.085	9.581	1.390
1425691327346	37.491592	139.918499	10	0.001	0.081	9.610	1.365
1425691327447	37.491592	139.918498	10	0.046	0.249	9.497	1.340
1425691327548	37.491592	139.918497	10	0.057	0.369	9.334	1.316
1425691327649	37.491592	139.918497	10	0.043	0.278	9.238	1.292
1425691327749	37.491592	139.918496	10	0.032	0.136	9.385	1.269
1425691327850	37.491592	139.918495	10	0.027	-0.009	9.554	1.200
1425691327946	37.491591	139.918497	10	0.047	-0.043	9.594	0.977
1425691328046	37.491590	139.918498	10	0.036	-0.007	9.472	0.768
1425691328147	37.491589	139.918500	10	0.019	0.085	9.369	0.583
1425691328248	37.491588	139.918501	10	0.008	0.120	9.366	0.423
1425691328349	37.491587	139.918502	10	0.006	0.108	9.442	0.289
1425691328449	37.491587	139.918503	10	0.030	0.098	9.478	0.181
1425691328550	37.491586	139.918503	10	0.062	0.121	9.437	0.098
1425691328646	37.491586	139.918504	10	0.067	0.124	9.397	0.042
1425691328746	37.491586	139.918504	10	0.047	0.111	9.429	0.009
1425691374548	37.491593	139.918332	10	0.017	-0.028	9.437	2.250
1425691374649	37.491594	139.918330	10	0.416	-0.045	9.412	2.250
1425691374750	37.491595	139.918328	10	0.749	-0.056	9.510	2.250
1425691374850	37.491596	139.918326	9	0.862	-0.162	9.570	2.250
1425691374946	37.491598	139.918324	9	0.792	-0.220	9.615	2.250
1425691375047	37.491600	139.918323	9	0.497	-0.193	9.491	2.250
1425691375148	37.491601	139.918322	9	0.341	-0.289	9.664	2.250
1425691375248	37.491603	139.918321	9	0.327	-0.334	9.668	2.250
1425691375349	37.491605	139.918319	9	0.341	-0.309	9.524	2.250
1425691375450	37.491607	139.918318	9	0.320	-0.265	9.385	2.250
1425691375550	37.491608	139.918317	9	0.365	-0.208	9.139	2.250
1425691375646	37.491610	139.918315	9	0.636	-0.121	9.125	2.250
1425691375747	37.491612	139.918314	9	0.783	-0.125	9.314	2.250
1425691375847	37.491613	139.918313	10	0.917	-0.166	9.326	2.250
1425691375948	37.491615	139.918312	10	1.097	-0.093	9.247	2.250
1425691376049	37.491617	139.918312	10	1.157	-0.109	9.032	2.250
1425691376150	37.491619	139.918311	10	1.163	-0.214	9.357	2.250
1425691376250	37.491621	139.918311	10	1.197	-0.274	9.880	2.250
1425691376351	37.491623	139.918310	10	1.199	-0.367	9.807	2.250
1425691376447	37.491625	139.918310	10	1.200	-0.370	9.386	2.250
1425691376546	37.491627	139.918309	10	1.125	-0.316	9.221	2.250
1425691376648	37.491629	139.918309	10	0.872	-0.299	9.224	2.250
1425691376747	37.491630	139.918308	10	0.606	-0.345	9.525	2.250
1425691376850	37.491632	139.918308	10	0.511	-0.331	9.725	2.255
1425691376949	37.491635	139.918308	10	0.453	-0.347	9.416	2.278
1425691377046	37.491637	139.918307	10	0.465	-0.303	9.231	2.302
1425691377147	37.491640	139.918307	10	0.517	-0.276	9.454	2.326
1425691377247	37.491643	139.918307	10	0.490	-0.304	9.544	2.351
1425691377348	37.491645	139.918306	10	0.533	-0.287	9.597	2.376
1425691377449	37.491648	139.918306	10	0.483	-0.292	9.524	2.402
1425691377549	37.491650	139.918306	10	0.389	-0.237	9.339	2.427
1425691377650	37.491653	139.918306	10	0.297	-0.197	9.270	2.453
1425691377746	37.491656	139.918305	10	0.234	-0.231	9.312	2.478
1425691377847	37.491659	139.918305	10	0.215	-0.179	9.609	2.500
1425691377947	37.491662	139.918305	10	0.216	-0.171	9.576	2.500
1425691378048	37.491665	139.918305	10	0.250	-0.114	9.437	2.500
1425691378149	37.491668	139.918305	10	0.274	-0.115	9.366	2.500
1425691378249	37.491671	139.918305	10	0.271	-0.079	9.403	2.500
1425691378350	37.491674	139.918306	10	0.257	-0.144	9.519	2.500
1425691378446	37.491677	139.918306	10	0.227	-0.156	9.590	2.500
1425691378546	37.491680	139.918306	10	0.276	-0.130	9.506	2.500
1425691378647	37.491683	139.918306	10	0.363	-0.102	9.396	2.500
1425691378748	37.491686	139.918306	10	0.472	-0.076	9.376	2.500
1425691378849	37.491690	139.918306	10	0.521	-0.077	9.352	2.509
1425691378949	37.491693	139.918306	10	0.507	-0.035	9.197	2.555
1425691379050	37.491696	139.918306	10	0.510	-0.115	9.481	2.602
1425691379146	37.491699	139.918307	10	0.552	-0.304	9.765	2.648
1425691379246	37.491703	139.918307	10	0.608	-0.511	9.831	2.697
1425691379347	37.491706	139.918307	10	0.587	-0.605	9.478	2.747
1425691379448	37.491710	139.918307	10	0.427	-0.666	9.160	2.798
1425691379548	37.491713	139.918307	10	0.258	-0.751	9.202	2.850
1425691379649	37.491717	139.918308	10	0.224	-0.851	9.516	2.903
1425691379750	37.491721	139.918308	10	0.330	-0.849	9.658	2.957
1425691379846	37.491724	139.918308	5	0.430	-0.795	9.495	2.996
1425691379946	37.491727	139.918309	5	0.502	-0.683	9.275	2.970
1425691380047	37.491730	139.918309	5	0.519	-0.633	9.211	2.944
1425691380148	37.491733	139.918310	5	0.499	-0.602	9.403	2.918
1425691380248	37.491736	139.918311	5	0.432	-0.591	9.531	2.893
1425691380349	37.491739	139.918311	5	0.364	-0.558	9.529	2.868
1425691380450	37.491742	139.918312	5	0.324	-0.523	9.483	2.842
1425691380546	37.491744	139.918312	5	0.342	-0.432	9.438	2.819
1425691380646	37.491747	139.918313	5	0.353	-0.394	9.345	2.794
1425691380747	37.491750	139.918314	5	0.292	-0.439	9.328	2.770
1425691380848	37.491752	139.918314	5	0.241	-0.460	9.386	2.745
1425691380948	37.491755	139.918315	5	0.254	-0.515	9.430	2.719
1425691381049	37.491757	139.918315	5	0.322	-0.521	9.462	2.693
1425691381150	37.491760	139.918316	5	0.346	-0.499	9.473	2.667
1425691381250	37.491762	139.918316	5	0.310	-0.479	9.459	2.642
1425691381346	37.491765	139.918317	5	0.217	-0.496	9.431	2.618
1425691381447	37.491767	139.918317	5	0.075	-0.551	9.415	2.593
1425691381548	37.491769	139.918318	5	-0.076	-0.637	9.385	2.568
1425691381648	37.491772	139.918318	5	-0.143	-0.730	9.388	2.544
1425691381749	37.491774	139.918319	5	-0.072	-0.821	9.383	2.519
1425691381850	37.491776	139.918319	4	0.105	-0.884	9.378	2.401
1425691381950	37.491775	139.918321	4	0.267	-0.913	9.357	1.936
1425691382046	37.491774	139.918322	4	0.349	-0.935	9.428	1.537
1425691382147	37.491773	139.918324	4	0.324	-0.993	9.493	1.166
1425691382248	37.491772	139.918325	4	0.271	-0.992	9.499	0.847
1425691382348	37.491771	139.918326	4	0.200	-1.054	9.374	0.581
1425691382449	37.491771	139.918327	4	0.184	-1.262	9.234	0.363
1425691382550	37.491770	139.918327	4	0.226	-1.428	9.365	0.196
1425691382650	37.491770	139.918328	4	0.287	-0.932	9.932	0.081
1425691382746	37.491770	139.918328	4	0.292	-0.280	10.038	0.018
1425691457547	37.494166	139.919863	6	0.308	0.134	9.406	7.250
1425691485544	37.495848	139.920625	13	0.307	0.134	9.405	6.678
1425691485549	37.495848	139.920625	13	0.303	0.131	9.404	6.679
1425691485649	37.495854	139.920628	13	0.161	0.011	9.483	6.704
1425691485750	37.495860	139.920630	13	0.043	-0.031	9.487	6.730
1425691485846	37.495866	139.920632	12	-0.045	-0.062	9.392	6.746
1425691485946	37.495871	139.920635	12	-0.061	-0.084	9.287	6.721
1425691486047	37.495876	139.920637	12	-0.029	-0.116	9.304	6.695
1425691486148	37.495881	139.920639	12	-0.018	-0.109	9.383	6.669
1425691486249	37.495887	139.920642	12	-0.037	-0.118	9.666	6.644
1425691486349	37.495892	139.920644	12	-0.047	-0.032	9.731	6.619
1425691486450	37.495897	139.920646	12	-0.041	0.046	9.550	6.594
1425691486546	37.495902	139.920649	12	-0.062	0.163	9.389	6.570
1425691514548	37.497651	139.921184	11	-0.065	0.165	9.386	7.138
1425691514648	37.497657	139.921186	11	-0.077	-0.053	9.602	7.088
1425691514749	37.497663	139.921189	11	-0.061	-0.146	9.622	7.039
1425691514850	37.497669	139.921191	11	-0.093	-0.183	9.595	6.990
1425691514950	37.497675	139.921192	11	-0.111	-0.179	9.560	6.938
1425691515046	37.497681	139.921194	11	-0.098	-0.223	9.612	6.889
1425691515147	37.497687	139.921195	11	-0.046	-0.210	9.625	6.837
1425691515248	37.497694	139.921196	11	-0.003	-0.112	9.321	6.786
1425691515348	37.497700	139.921197	11	-0.048	-0.091	9.005	6.736
1425691515449	37.497706	139.921199	11	-0.053	-0.074	8.996	6.686
1425691515550	37.497712	139.921200	11	-0.006	-0.130	9.384	6.636
1425691515650	37.497718	139.921201	11	0.014	-0.206	9.742	6.587
1425691515746	37.497723	139.921202	11	0.194	-0.169	9.365	6.541
1425691515847	37.497729	139.921203	12	0.234	-0.188	9.258	6.496
1425691515947	37.497734	139.921203	12	0.112	-0.222	9.757	6.470
1425691516048	37.497739	139.921204	12	-0.013	-0.241	9.954	6.445
1425691516149	37.497744	139.921204	12	-0.044	-0.116	9.253	6.419
1425691516250	37.497750	139.921204	12	-0.171	-0.093	8.958	6.394
1425691516350	37.497755	139.921205	12	-0.188	-0.114	9.168	6.369
1425691516446	37.497760	139.921205	12	-0.124	-0.211	9.572	6.345
1425691516547	37.497765	139.921205	12	-0.000	-0.280	9.685	6.320
1425691516647	37.497770	139.921205	12	0.025	-0.245	9.615	6.295
1425691516748	37.497775	139.921206	12	0.002	-0.238	9.530	6.270
1425691516849	37.497780	139.921206	12	0.078	-0.251	9.519	6.245
1425691516949	37.497785	139.921208	12	0.133	-0.138	9.221	6.220
1425691517050	37.497791	139.921210	12	0.020	-0.118	9.234	6.194
1425691517146	37.497796	139.921211	12	-0.055	-0.195	9.483	6.170
1425691517247	37.497801	139.921213	12	-0.128	-0.119	9.142	6.145
1425691517347	37.497807	139.921215	12	-0.076	-0.099	9.198	6.119
1425691517448	37.497812	139.921217	12	-0.190	-0.067	9.204	6.094
1425691528546	37.498476	139.921370	12	-0.178	-0.163	9.621	7.250
1425691528647	37.498483	139.921372	12	-0.228	-0.158	9.588	7.250
1425691528747	37.498489	139.921374	12	-0.318	-0.179	9.712	7.250
1425691528848	37.498496	139.921375	13	-0.348	-0.081	9.693	7.263
1425691528949	37.498504	139.921376	13	-0.438	-0.053	9.553	7.335
1425691529050	37.498513	139.921376	13	-0.461	-0.006	9.392	7.409
1425691529150	37.498521	139.921377	13	-0.543	-0.056	9.436	7.482
1425691529246	37.498529	139.921378	13	-0.604	-0.041	9.407	7.553
1425691529347	37.498537	139.921379	13	-0.549	-0.055	9.419	7.629
1425691529447	37.498545	139.921379	13	-0.440	-0.300	9.323	7.704
1425691529548	37.498554	139.921380	13	-0.281	-0.565	9.294	7.781
1425691529649	37.498562	139.921381	13	-0.150	-0.861	9.451	7.859
1425691529749	37.498571	139.921381	13	-0.004	-1.019	9.569	7.937
1425691529850	37.498578	139.921382	14	0.161	-1.070	9.446	7.948
1425691529946	37.498581	139.921384	14	0.312	-1.114	9.570	7.701
1425691530047	37.498583	139.921385	14	0.337	-1.138	9.505	7.449
1425691530147	37.498585	139.921387	14	0.414	-1.139	9.674	7.207
1425691530248	37.498587	139.921388	14	0.563	-1.084	9.238	6.970
1425691530349	37.498589	139.921390	14	0.656	-1.027	8.938	6.740
1425691530449	37.498591	139.921391	14	0.778	-1.083	9.266	6.520
1425691530550	37.498593	139.921393	14	0.916	-1.141	9.686	6.306
1425691530646	37.498595	139.921394	14	0.919	-1.217	9.960	6.109
1425691530746	37.498597	139.921395	14	0.785	-1.254	9.932	5.911
1425691530847	37.498599	139.921397	14	1.003	-1.272	9.730	5.731
1425691530948	37.498603	139.921401	14	1.120	-1.187	9.175	5.622
1425691531049	37.498608	139.921405	14	1.174	-1.068	8.734	5.515
1425691531149	37.498612	139.921409	14	1.291	-1.140	9.277	5.410
1425691531250	37.498616	139.921413	14	1.442	-1.190	9.676	5.307
1425691531346	37.498620	139.921417	14	1.497	-1.194	9.350	5.210
1425691531446	37.498624	139.921420	14	1.540	-1.189	8.936	5.111
1425691531547	37.498628	139.921424	14	1.563	-1.269	8.944	5.014
1425691531648	37.498632	139.921428	14	1.683	-1.367	9.554	4.918
1425691531749	37.498636	139.921431	14	1.774	-1.383	9.524	4.824
1425691531849	37.498640	139.921435	12	1.711	-1.453	9.756	4.745
1425691531950	37.498642	139.921438	12	1.549	-1.482	10.167	4.719
1425691532046	37.498645	139.921441	12	1.484	-1.392	10.312	4.695
1425691532146	37.498648	139.921444	12	1.254	-1.386	9.931	4.670
1425691532247	37.498650	139.921447	12	1.122	-1.190	9.305	4.644
1425691532348	37.498653	139.921450	12	1.220	-1.024	8.819	4.619
1425691532448	37.498656	139.921453	12	1.426	-1.029	8.657	4.594
1425691532549	37.498659	139.921456	12	1.563	-1.278	9.164	4.569
1425691532650	37.498661	139.921459	12	1.588	-1.532	9.820	4.544
1425691532746	37.498664	139.921462	12	1.441	-1.741	10.043	4.520
1425691532851	37.498666	139.921464	11	1.141	-1.776	9.886	4.470
1425691532947	37.498667	139.921465	11	0.746	-1.699	9.745	4.333
1425691533046	37.498667	139.921466	11	0.528	-1.251	9.480	4.196
1425691533148	37.498668	139.921467	11	0.518	-0.651	8.966	4.059
1425691533247	37.498668	139.921468	11	0.153	-0.492	9.244	3.930
1425691533350	37.498669	139.921469	11	-0.112	-0.365	9.705	3.800
1425691533446	37.498669	139.921470	11	-0.122	-0.210	9.426	3.682
1425691533546	37.498670	139.921471	11	-0.052	-0.116	9.259	3.564
1425691533647	37.498670	139.921472	11	0.008	0.105	9.504	3.449
1425691533748	37.498671	139.921472	11	0.047	0.458	9.734	3.337
1425691533848	37.498671	139.921474	7	0.373	0.746	9.463	3.245
1425691533949	37.498668	139.921477	7	0.744	0.896	8.910	3.219
1425691534050	37.498666	139.921481	7	0.901	0.943	8.698	3.193
1425691534150	37.498664	139.921484	7	0.920	0.875	9.004	3.168
1425691534246	37.498662	139.921487	7	1.072	0.862	9.644	3.144
1425691534347	37.498659	139.921491	7	1.331	0.805	10.081	3.118
1425691534447	37.498657	139.921494	7	1.561	0.760	9.928	3.093
1425691534548	37.498655	139.921498	7	1.643	0.903	9.288	3.068
1425691572545	37.498032	139.923595	8	1.635	0.900	9.266	1.937
1425691572550	37.498032	139.923595	8	1.619	0.884	9.248	1.933
1425691572646	37.498031	139.923596	8	0.941	0.157	9.309	1.868
1425691572747	37.498031	139.923598	8	0.441	-0.346	9.291	1.802
1425691572847	37.498030	139.923599	6	0.187	-0.579	9.198	1.745
1425691572948	37.498030	139.923601	6	0.093	-0.725	9.277	1.718
1425691573049	37.498030	139.923602	6	0.088	-0.771	9.495	1.692
1425691573150	37.498030	139.923603	6	0.063	-0.800	9.560	1.666
1425691573250	37.498030	139.923605	6	0.035	-0.720	9.478	1.640
1425691573346	37.498029	139.923606	6	-0.017	-0.574	9.403	1.616
1425691573447	37.498029	139.923607	6	-0.079	-0.439	9.369	1.591
1425691573547	37.498029	139.923609	6	-0.092	-0.350	9.385	1.567
1425691573648	37.498029	139.923610	6	-0.076	-0.299	9.429	1.543
1425691573749	37.498029	139.923611	6	-0.022	-0.247	9.447	1.519
1425691573849	37.498029	139.923612	6	0.036	-0.203	9.433	1.444
1425691573950	37.498031	139.923610	6	0.033	-0.183	9.419	1.162
1425691574046	37.498033	139.923609	6	0.001	-0.174	9.436	0.922
1425691574147	37.498035	139.923608	6	-0.038	-0.150	9.461	0.700
1425691574247	37.498036	139.923607	6	-0.060	-0.067	9.523	0.510
1425691574348	37.498037	139.923606	6	-0.052	0.068	9.521	0.348
1425691574449	37.498038	139.923605	6	-0.022	0.148	9.394	0.218
1425691613544	37.498016	139.923770	10	0.011	0.303	9.375	2.319
1425691613549	37.498016	139.923770	10	0.017	0.315	9.384	2.318
1425691613649	37.498015	139.923773	10	-0.205	0.036	9.464	2.293
1425691613750	37.498014	139.923775	10	-0.371	-0.243	9.413	2.269
1425691613846	37.498013	139.923777	10	-0.345	-0.407	9.317	2.246
1425691613946	37.498012	139.923780	10	-0.212	-0.707	9.107	2.219
1425691614047	37.498011	139.923782	10	-0.082	-1.006	9.181	2.193
1425691614148	37.498011	139.923784	10	-0.025	-1.239	9.562	2.167
1425691614249	37.498010	139.923786	10	-0.030	-1.241	9.882	2.142
1425691614349	37.498009	139.923788	10	-0.034	-0.795	9.895	2.117
1425691614450	37.498009	139.923790	10	-0.077	-0.288	9.504	2.092
1425691614546	37.498008	139.923792	10	-0.125	0.019	9.088	2.068
1425691624546	37.497887	139.924249	14	-0.127	0.026	9.070	5.638
1425691624647	37.497886	139.924256	14	0.127	-0.271	8.837	5.588
1425691624747	37.497886	139.924262	14	0.388	-0.497	8.905	5.540
1425691624848	37.497885	139.924268	13	0.588	-0.718	9.504	5.480
1425691624949	37.497883	139.924272	13	0.791	-0.891	9.882	5.371
1425691625049	37.497882	139.924277	13	0.906	-0.921	9.669	5.264
1425691625150	37.497881	139.924281	13	0.971	-0.849	9.237	5.158
1425691625246	37.497879	139.924285	13	1.008	-0.804	9.032	5.060
1425691625347	37.497878	139.924289	13	0.983	-0.854	9.075	4.958
1425691625447	37.497877	139.924293	13	0.934	-0.875	9.230	4.859
1425691625548	37.497875	139.924297	13	0.794	-0.938	9.417	4.762
1425691625649	37.497874	139.924301	13	0.720	-1.099	9.627	4.666
1425691625749	37.497873	139.924305	13	0.775	-1.281	9.635	4.574
1425691625850	37.497872	139.924309	12	0.891	-1.394	9.422	4.464
1425691625946	37.497870	139.924313	12	1.024	-1.495	9.536	4.295
1425691626046	37.497868	139.924318	12	0.946	-1.524	9.570	4.125
1425691626147	37.497866	139.924322	12	0.684	-1.544	9.493	3.960
1425691626248	37.497864	139.924326	12	0.394	-1.561	9.396	3.800
1425691626349	37.497862	139.924330	12	0.128	-1.602	9.381	3.647
1425691626449	37.497861	139.924334	12	-0.048	-1.607	9.407	3.501
1425691626550	37.497859	139.924338	12	-0.113	-1.567	9.267	3.360
1425691626646	37.497858	139.924341	12	-0.066	-1.538	9.270	3.231
1425691626746	37.497856	139.924344	12	0.061	-1.547	9.284	3.103
1425691626847	37.497855	139.924348	13	0.228	-1.581	9.332	2.980
1425691626948	37.497854	139.924352	13	0.381	-1.607	9.432	2.861
1425691627049	37.497853	139.924356	13	0.478	-1.612	9.510	2.747
1425691627149	37.497852	139.924360	13	0.488	-1.634	9.498	2.638
1425691627250	37.497851	139.924364	13	0.420	-1.649	9.375	2.531
1425691627346	37.497850	139.924368	13	0.333	-1.654	9.293	2.434
1425691627446	37.497849	139.924372	13	0.247	-1.681	9.342	2.337
1425691627547	37.497848	139.924375	13	0.210	-1.708	9.499	2.242
1425691627648	37.497847	139.924378	13	0.240	-1.668	9.564	2.152
1425691627748	37.497847	139.924382	13	0.320	-1.404	9.588	2.067
1425691627849	37.497846	139.924385	13	0.401	-0.857	9.698	1.925
1425691627950	37.497849	139.924388	13	0.433	-0.398	9.537	1.549
1425691628051	37.497851	139.924391	13	0.439	-0.120	9.191	1.214
1425691628146	37.497852	139.924394	13	0.448	0.017	9.035	0.936
1425691628247	37.497854	139.924397	13	0.442	-0.004	9.229	0.680
1425691628348	37.497855	139.924399	13	0.422	-0.002	9.613	0.465
1425691628448	37.497856	139.924400	13	0.398	0.038	9.665	0.292
1425691628549	37.497857	139.924401	13	0.370	0.151	9.438	0.158
1425691628651	37.497858	139.924402	13	0.336	0.272	9.267	0.064
1425691628750	37.497858	139.924403	13	0.331	0.282	9.272	0.013
1425691697544	37.497825	139.924508	11	0.418	0.268	9.427	1.925
1425691697549	37.497826	139.924508	11	0.404	0.257	9.424	1.926
1425691697650	37.497828	139.924509	11	-0.257	-0.040	9.544	1.953
1425691697746	37.497830	139.924511	11	-0.567	-0.173	9.601	1.978
1425691697846	37.497832	139.924512	10	-0.635	-0.183	9.623	2.007
1425691697947	37.497835	139.924513	10	-0.664	-0.108	9.585	2.053
1425691698048	37.497837	139.924514	10	-0.702	0.103	9.472	2.100
1425691698148	37.497839	139.924515	10	-0.784	0.300	9.289	2.147
1425691698249	37.497842	139.924516	10	-0.875	0.373	9.235	2.196
1425691698350	37.497844	139.924516	10	-1.004	0.266	9.279	2.246
1425691698450	37.497847	139.924517	10	-1.075	0.071	9.384	2.297
1425691698546	37.497849	139.924518	10	-1.045	-0.051	9.366	2.347
1425691698647	37.497852	139.924519	10	-0.922	-0.090	9.400	2.400
1425691698748	37.497855	139.924520	10	-0.808	-0.108	9.441	2.455
1425691698848	37.497857	139.924521	4	-0.747	-0.143	9.365	2.500
1425691698949	37.497860	139.924522	4	-0.790	-0.202	9.356	2.500
1425691699050	37.497862	139.924523	4	-0.857	-0.251	9.318	2.500
1425691699150	37.497864	139.924524	4	-0.829	-0.246	9.300	2.500
1425691699246	37.497867	139.924525	4	-0.703	-0.067	8.947	2.500
1425691699347	37.497869	139.924526	4	-0.445	-0.031	9.025	2.500
1425691699448	37.497871	139.924527	4	-0.316	-0.262	9.877	2.500
1425691699548	37.497874	139.924527	4	-0.330	-0.184	10.293	2.500
1425691699649	37.497876	139.924528	4	-0.275	-0.006	9.549	2.500
1425691699750	37.497878	139.924529	4	-0.222	0.207	9.140	2.500
1425691699850	37.497881	139.924530	4	-0.233	0.345	9.117	2.500
1425691699946	37.497883	139.924530	4	-0.281	0.354	9.160	2.500
1425691700047	37.497885	139.924531	4	-0.360	0.264	9.294	2.500
1425691700147	37.497888	139.924531	4	-0.401	0.143	9.581	2.500
1425691700248	37.497890	139.924531	4	-0.374	0.100	9.544	2.500
1425691700349	37.497893	139.924532	4	-0.303	0.101	9.325	2.500
1425691700450	37.497895	139.924532	4	-0.236	0.071	9.267	2.500
1425691700550	37.497898	139.924532	4	-0.207	0.010	9.469	2.500
1425691700646	37.497900	139.924532	4	-0.171	-0.050	9.545	2.500
1425691700747	37.497903	139.924533	4	-0.132	-0.058	9.518	2.500
1425691700847	37.497905	139.924533	4	-0.099	-0.047	9.523	2.504
1425691700948	37.497908	139.924534	4	-0.091	-0.009	9.389	2.528
1425691701049	37.497910	139.924534	4	-0.107	0.006	9.233	2.553
1425691701149	37.497913	139.924535	4	-0.112	0.018	9.370	2.577
1425691701250	37.497916	139.924535	4	-0.073	-0.003	9.502	2.602
1425691701346	37.497918	139.924536	4	-0.028	0.022	9.418	2.626
1425691701447	37.497921	139.924537	4	0.019	0.039	9.381	2.651
1425691701547	37.497923	139.924537	4	0.054	0.039	9.496	2.677
1425691709549	37.498185	139.924660	5	0.055	0.038	9.502	4.250
1425691713547	37.498326	139.924754	4	0.055	0.038	9.510	4.069
1425691713647	37.498329	139.924756	4	-0.008	-0.114	9.355	4.045
1425691713748	37.498332	139.924758	4	0.005	-0.248	9.510	4.020
1425691713849	37.498336	139.924759	4	0.010	-0.324	9.623	3.982
1425691713949	37.498338	139.924761	4	0.010	-0.338	9.492	3.891
1425691714050	37.498341	139.924762	4	-0.051	-0.316	9.310	3.801
1425691714146	37.498344	139.924764	4	-0.096	-0.322	9.276	3.717
1425691714247	37.498346	139.924765	4	-0.092	-0.366	9.446	3.630
1425691714347	37.498349	139.924767	4	-0.005	-0.377	9.606	3.546
1425691714448	37.498351	139.924768	4	0.039	-0.361	9.490	3.463
1425691714549	37.498354	139.924769	4	0.065	-0.332	9.306	3.381
1425691714649	37.498356	139.924771	4	0.027	-0.327	9.325	3.302
1425691714750	37.498359	139.924772	4	-0.025	-0.371	9.493	3.224
1425691714846	37.498361	139.924773	4	-0.022	-0.367	9.546	3.151
1425691714946	37.498363	139.924774	4	-0.010	-0.329	9.421	3.078
1425691715047	37.498366	139.924776	4	0.022	-0.309	9.319	3.005
1425691715148	37.498368	139.924777	4	0.063	-0.298	9.354	2.934
1425691715249	37.498370	139.924778	4	0.115	-0.308	9.409	2.864
1425691715349	37.498372	139.924779	4	0.129	-0.334	9.466	2.798
1425691715450	37.498374	139.924780	4	0.124	-0.340	9.526	2.732
1425691715546	37.498376	139.924781	4	0.089	-0.320	9.465	2.671
1425691715646	37.498378	139.924782	4	0.020	-0.329	9.299	2.609
1425691715747	37.498380	139.924783	4	-0.026	-0.300	9.315	2.548
1425691715848	37.498381	139.924784	4	-0.036	-0.338	9.410	2.490
1425691715949	37.498383	139.924785	4	0.036	-0.337	9.508	2.435
1425691716049	37.498384	139.924786	4	0.127	-0.343	9.514	2.381
1425691716150	37.498386	139.924786	4	0.189	-0.337	9.495	2.328
1425691716246	37.498387	139.924787	4	0.155	-0.322	9.384	2.279
1425691716346	37.498389	139.924788	4	0.051	-0.336	9.368	2.228
1425691716447	37.498390	139.924789	4	-0.050	-0.376	9.362	2.178
1425691716548	37.498391	139.924789	4	-0.051	-0.432	9.374	2.130
1425691716648	37.498393	139.924790	4	0.047	-0.447	9.495	2.083
1425691716749	37.498394	139.924790	4	0.140	-0.531	9.561	2.036
1425691716850	37.498395	139.924791	4	0.158	-0.612	9.516	1.989
1425691716946	37.498397	139.924792	4	0.109	-0.699	9.414	1.935
1425691717046	37.498398	139.924792	4	0.052	-0.739	9.385	1.880
1425691717147	37.498399	139.924793	4	0.016	-0.781	9.429	1.826
1425691717248	37.498400	139.924793	4	0.035	-0.806	9.541	1.774
1425691717348	37.498402	139.924794	4	0.049	-0.842	9.477	1.723
1425691717449	37.498403	139.924794	4	0.084	-0.853	9.390	1.674
1425691717550	37.498404	139.924795	4	0.097	-0.865	9.338	1.626
1425691717650	37.498405	139.924795	4	0.107	-0.875	9.428	1.579
1425691717751	37.498406	139.924796	4	0.088	-0.894	9.463	1.534
1425691717847	37.498407	139.924796	4	0.072	-0.886	9.478	1.475
1425691717946	37.498407	139.924796	4	0.051	-0.898	9.412	1.333
1425691718048	37.498408	139.924796	4	0.041	-0.922	9.370	1.197
1425691718147	37.498408	139.924796	4	0.075	-0.924	9.427	1.075
1425691718250	37.498408	139.924796	4	0.091	-0.973	9.442	0.958
1425691718349	37.498408	139.924796	4	0.104	-1.120	9.350	0.856
1425691718446	37.498408	139.924796	4	0.103	-0.891	9.589	0.766
1425691718547	37.498409	139.924796	4	0.104	-0.324	9.839	0.682
1425691718648	37.498409	139.924796	4	0.095	0.122	9.586	0.608
1425691718748	37.498409	139.924796	4	0.080	0.277	9.099	0.544
1425691718849	37.498409	139.924796	4	0.073	0.342	8.991	0.481
1425691718950	37.498408	139.924795	4	0.093	0.262	9.290	0.387
1425691719050	37.498407	139.924794	4	0.100	0.103	9.607	0.304
1425691719146	37.498406	139.924793	4	0.093	0.055	9.668	0.234
1425691719247	37.498405	139.924793	4	0.093	0.113	9.492	0.170
1425691719347	37.498404	139.924792	4	0.085	0.135	9.303	0.117
1425691719448	37.498404	139.924792	4	0.074	0.136	9.310	0.073
1425691719549	37.498403	139.924791	4	0.071	0.083	9.473	0.039
1425691719650	37.498403	139.924791	4	0.083	0.091	9.552	0.016
1425691719750	37.498403	139.924791	4	0.072	0.102	9.416	0.003
1425691738547	37.498471	139.924806	4	0.085	0.102	9.487	1.567
1425691738648	37.498472	139.924806	4	0.039	0.028	9.396	1.543
1425691738749	37.498473	139.924807	4	0.042	0.070	9.147	1.519
1425691738850	37.498474	139.924807	4	0.044	0.065	9.083	1.500
1425691738950	37.498475	139.924807	4	0.074	0.046	9.357	1.500
1425691739046	37.498476	139.924808	4	0.086	-0.011	9.599	1.500
1425691739147	37.498477	139.924808	4	0.077	0.023	9.578	1.500
1425691739247	37.498478	139.924809	4	0.079	0.098	9.365	1.500
1425691739348	37.498479	139.924809	4	0.103	0.336	9.391	1.500
1425691739449	37.498480	139.924809	4	0.140	0.622	9.517	1.500
1425691744545	37.498511	139.924801	6	0.220	0.827	9.479	1.337
1425691744550	37.498511	139.924801	6	0.215	0.826	9.475	1.340
1425691744650	37.498513	139.924800	6	-0.493	0.183	9.022	1.395
1425691744746	37.498515	139.924798	6	-0.954	-0.292	8.950	1.450
1425691744847	37.498516	139.924797	6	-1.088	-0.682	9.494	1.517
1425691744947	37.498518	139.924794	6	-1.365	-1.029	9.907	1.624
1425691745048	37.498520	139.924792	6	-1.578	-1.351	9.752	1.742
1425691745149	37.498522	139.924789	6	-1.658	-1.494	9.422	1.870
1425691745250	37.498524	139.924786	6	-1.514	-1.408	9.201	2.008
1425691745350	37.498526	139.924783	6	-1.306	-1.333	9.165	2.155
1425691745446	37.498528	139.924779	6	-1.176	-1.475	9.391	2.306
1425691745547	37.498531	139.924776	6	-0.956	-1.835	9.395	2.474
1425691745647	37.498534	139.924772	6	-0.851	-2.176	9.375	2.651
1425691745748	37.498537	139.924768	6	-0.456	-2.233	9.332	2.839
1425691745849	37.498539	139.924763	5	0.282	-2.035	9.418	2.990
1425691745949	37.498540	139.924759	5	0.941	-1.736	9.545	2.936
1425691746050	37.498541	139.924756	5	1.313	-1.434	9.492	2.882
1425691746151	37.498542	139.924752	5	1.379	-1.220	9.299	2.830
1425691746246	37.498543	139.924748	5	1.293	-1.204	9.357	2.781
1425691746346	37.498544	139.924745	5	1.173	-1.246	9.672	2.731
1425691746448	37.498545	139.924741	5	1.086	-1.229	9.692	2.680
1425691746547	37.498546	139.924738	5	1.038	-1.091	9.425	2.632
1425691746649	37.498546	139.924734	5	0.908	-0.753	9.407	2.584
1425691746748	37.498547	139.924731	5	0.662	-0.384	9.481	2.538
1425691746846	37.498548	139.924728	5	0.376	-0.119	9.421	2.491
1425691746946	37.498549	139.924725	5	0.019	-0.019	9.420	2.436
1425691747047	37.498549	139.924722	5	-0.239	-0.075	9.479	2.382
1425691747148	37.498550	139.924719	5	-0.185	-0.064	9.382	2.329
1425691747249	37.498550	139.924716	5	0.125	0.030	9.178	2.277
1425691747349	37.498551	139.924714	5	0.442	0.081	9.200	2.227
1425691747450	37.498551	139.924711	5	0.547	0.041	9.319	2.177
1425691747546	37.498552	139.924709	5	0.444	-0.211	9.235	2.131
1425691747646	37.498552	139.924706	5	0.210	-0.586	9.199	2.084
1425691747747	37.498553	139.924704	5	-0.044	-0.948	9.585	2.037
1425691747848	37.498553	139.924702	4	-0.154	-1.043	10.048	1.995
1425691747949	37.498554	139.924699	4	-0.125	-0.687	10.158	1.969
1425691748049	37.498554	139.924697	4	-0.092	-0.395	9.619	1.942
1425691748150	37.498555	139.924695	4	-0.110	-0.187	9.099	1.916
1425691748246	37.498555	139.924693	4	-0.185	-0.085	8.949	1.892
1425691748346	37.498556	139.924691	4	-0.312	-0.071	9.228	1.867
1425691748447	37.498556	139.924689	4	-0.447	-0.099	9.589	1.842
1425691748548	37.498557	139.924687	4	-0.543	-0.099	9.664	1.817
1425691748648	37.498557	139.924685	4	-0.548	-0.072	9.382	1.793
1425691748749	37.498558	139.924684	4	-0.501	-0.034	9.180	1.769
1425691748850	37.498558	139.924682	4	-0.405	-0.035	9.246	1.740
1425691748950	37.498559	139.924681	4	-0.289	-0.016	9.486	1.693
1425691749046	37.498559	139.924680	4	-0.209	0.021	9.614	1.649
1425691749147	37.498560	139.924678	4	-0.133	0.049	9.479	1.604
1425691749248	37.498561	139.924677	4	-0.038	0.046	9.292	1.559
1425691749348	37.498561	139.924676	4	0.088	0.066	9.337	1.516
1425691749449	37.498562	139.924675	4	0.138	0.029	9.530	1.474
1425691749550	37.498562	139.924674	4	0.079	0.006	9.620	1.433
1425691749650	37.498563	139.924673	4	-0.048	0.026	9.491	1.393
1425691749746	37.498563	139.924673	4	-0.165	-0.002	9.292	1.356
1425691749847	37.498564	139.924672	4	-0.177	-0.003	9.282	1.318
1425691749948	37.498564	139.924671	4	-0.076	-0.003	9.490	1.280
1425691750048	37.498565	139.924670	4	0.039	0.008	9.563	1.245
1425691750149	37.498565	139.924669	4	0.111	0.034	9.429	1.209
1425691750250	37.498566	139.924668	4	0.125	0.058	9.352	1.175
1425691750350	37.498566	139.924667	4	0.106	0.057	9.380	1.143
1425691750446	37.498567	139.924667	4	0.062	0.041	9.475	1.112
1425691750547	37.498567	139.924666	4	0.014	0.030	9.538	1.081
1425691762546	37.498702	139.924201	6	0.011	0.029	9.539	4.637
1425691762647	37.498703	139.924195	6	0.072	-0.257	9.433	4.588
1425691762747	37.498703	139.924190	6	0.168	-0.443	9.145	4.539
1425691762848	37.498704	139.924184	6	0.252	-0.538	9.226	4.480
1425691762949	37.498705	139.924181	6	0.248	-0.671	9.579	4.368
1425691763050	37.498707	139.924177	6	0.220	-0.777	9.690	4.259
1425691763150	37.498708	139.924174	6	0.152	-0.780	9.651	4.153
1425691763246	37.498709	139.924171	6	0.157	-0.663	9.270	4.054
1425691763347	37.498710	139.924167	6	0.114	-0.673	9.104	3.952
1425691763447	37.498711	139.924164	6	0.084	-0.728	9.325	3.853
1425691763548	37.498712	139.924161	6	0.084	-0.755	9.518	3.757
1425691763649	37.498713	139.924158	6	0.095	-0.898	9.889	3.662
1425691763750	37.498714	139.924155	6	0.103	-0.840	9.831	3.571
1425691763850	37.498715	139.924153	5	-0.047	-0.762	9.295	3.483
1425691763946	37.498716	139.924151	5	-0.156	-0.697	9.013	3.404
1425691764047	37.498716	139.924149	5	-0.099	-0.607	8.923	3.322
1425691764147	37.498717	139.924147	5	0.002	-0.681	9.305	3.243
1425691764249	37.498718	139.924145	5	0.001	-0.842	9.799	3.164
1425691764349	37.498718	139.924143	5	0.010	-0.866	9.812	3.088
1425691764450	37.498719	139.924141	5	0.107	-0.782	9.408	3.014
1425691764550	37.498719	139.924140	5	0.163	-0.746	9.148	2.942
1425691764646	37.498720	139.924138	5	0.166	-0.827	9.254	2.874
1425691764747	37.498721	139.924136	5	0.143	-0.917	9.498	2.805
1425691764847	37.498721	139.924135	5	0.049	-1.018	9.683	2.729
1425691764948	37.498723	139.924133	5	-0.044	-1.134	9.559	2.609
1425691765049	37.498724	139.924131	5	-0.047	-1.229	9.239	2.493
1425691765149	37.498725	139.924129	5	-0.037	-1.249	9.199	2.383
1425691765250	37.498727	139.924127	5	-0.030	-1.325	9.483	2.276
1425691765346	37.498728	139.924125	5	-0.100	-1.419	9.740	2.179
1425691765446	37.498729	139.924124	5	-0.202	-1.359	9.652	2.081
1425691765547	37.498730	139.924122	5	-0.319	-1.298	9.225	1.988
1425691765648	37.498731	139.924121	5	-0.377	-1.263	9.021	1.899
1425691765749	37.498732	139.924119	5	-0.285	-1.228	9.311	1.814
1425691765849	37.498733	139.924118	4	-0.124	-1.253	9.650	1.713
1425691765950	37.498733	139.924118	4	0.013	-1.271	9.552	1.527
1425691766046	37.498734	139.924117	4	0.131	-1.273	9.295	1.362
1425691766146	37.498734	139.924117	4	0.242	-1.288	9.300	1.205
1425691766247	37.498734	139.924117	4	0.317	-1.284	9.526	1.060
1425691766348	37.498734	139.924117	4	0.281	-1.295	9.575	0.929
1425691766449	37.498734	139.924116	4	0.116	-1.305	9.472	0.812
1425691766549	37.498735	139.924116	4	-0.097	-1.336	9.358	0.711
1425691766650	37.498735	139.924116	4	-0.219	-1.323	9.384	0.623
1425691766746	37.498735	139.924116	4	-0.179	-0.935	9.625	0.552
1425691766846	37.498735	139.924116	4	-0.050	-0.404	9.734	0.484
1425691766947	37.498734	139.924114	4	0.093	0.015	9.480	0.390
1425691767048	37.498733	139.924113	4	0.156	0.228	9.159	0.306
1425691767148	37.498732	139.924112	4	0.111	0.305	9.071	0.233
1425691767249	37.498731	139.924111	4	0.031	0.216	9.315	0.169
1425691767350	37.498730	139.924110	4	-0.014	0.065	9.582	0.115
1425691767446	37.498730	139.924109	4	-0.026	-0.002	9.575	0.074
1425691767546	37.498729	139.924109	4	-0.030	-0.039	9.408	0.040
1425691767647	37.498729	139.924108	4	-0.002	-0.027	9.356	0.017
1425691767748	37.498729	139.924108	4	0.002	0.007	9.430	0.003
1425691801545	37.498758	139.924066	3	-0.006	0.023	9.425	0.041
1425691819547	37.499059	139.922937	12	-0.007	0.024	9.423	8.000
1425691828545	37.499283	139.922151	11	-0.008	0.021	9.423	7.928
1425691831545	37.499348	139.921912	12	-0.009	0.016	9.424	7.500
1425691831551	37.499348	139.921912	12	-0.009	0.009	9.425	7.500
1425691831647	37.499349	139.921905	12	0.113	-0.372	9.619	7.500
1425691831746	37.499351	139.921897	12	0.190	-0.734	9.813	7.500
1425691831848	37.499352	139.921890	11	0.179	-0.944	9.674	7.486
1425691831947	37.499354	139.921881	11	0.100	-1.074	9.584	7.408
1425691832050	37.499355	139.921873	11	0.039	-1.102	9.835	7.328
1425691832149	37.499357	139.921865	11	-0.008	-1.096	9.895	7.252
1425691832246	37.499358	139.921858	11	-0.059	-1.045	9.538	7.178
1425691832347	37.499360	139.921850	11	-0.081	-0.989	9.061	7.102
1425691832447	37.499361	139.921842	11	-0.046	-0.949	8.708	7.028
1425691832548	37.499363	139.921834	11	-0.072	-1.051	8.859	6.954
1425691832649	37.499364	139.921827	11	-0.030	-1.302	9.718	6.880
1425691832750	37.499366	139.921819	11	0.003	-1.488	10.101	6.807
1425691832850	37.499367	139.921812	11	0.057	-1.531	9.643	6.716
1425691832946	37.499369	139.921806	11	0.070	-1.496	9.141	6.557
1425691833047	37.499370	139.921800	11	0.121	-1.455	8.938	6.393
1425691833147	37.499372	139.921794	11	0.145	-1.539	9.405	6.234
1425691833248	37.499373	139.921789	11	0.219	-1.572	9.807	6.077
1425691833349	37.499375	139.921783	11	0.276	-1.580	9.598	5.925
1425691833450	37.499376	139.921778	11	0.275	-1.548	9.312	5.776
1425691833550	37.499377	139.921773	11	0.220	-1.543	9.263	5.632
1425691833646	37.499379	139.921768	11	0.169	-1.596	9.600	5.498
1425691833747	37.499380	139.921763	11	0.119	-1.638	9.791	5.360
1425691833847	37.499381	139.921758	11	0.124	-1.643	9.786	5.220
1425691833948	37.499382	139.921753	11	0.202	-1.595	9.701	5.047
1425691834049	37.499383	139.921747	11	0.149	-1.630	9.461	4.879
1425691834149	37.499383	139.921742	11	0.045	-1.655	8.931	4.717
1425691834250	37.499384	139.921737	11	-0.005	-1.615	8.667	4.559
1425691834346	37.499385	139.921733	11	-0.007	-1.705	9.197	4.414
1425691834447	37.499386	139.921728	11	0.032	-1.773	9.540	4.265
1425691834547	37.499386	139.921724	11	0.048	-1.747	9.119	4.124
1425691834648	37.499387	139.921719	11	0.106	-1.718	9.132	3.986
1425691834749	37.499388	139.921715	11	0.014	-1.807	9.545	3.853
1425691834849	37.499388	139.921712	12	-0.118	-2.070	9.907	3.707
1425691834950	37.499389	139.921711	12	-0.087	-2.129	10.058	3.484
1425691835046	37.499390	139.921710	12	0.058	-2.049	9.579	3.282
1425691835147	37.499391	139.921709	12	0.193	-1.970	9.157	3.080
1425691835247	37.499392	139.921708	12	0.173	-1.972	9.065	2.891
1425691835348	37.499393	139.921707	12	0.076	-1.893	9.465	2.711
1425691835449	37.499394	139.921706	12	-0.079	-1.836	9.798	2.541
1425691835549	37.499394	139.921706	12	-0.226	-1.736	9.666	2.384
1425691835650	37.499395	139.921705	12	-0.239	-1.558	9.313	2.236
1425691835746	37.499396	139.921704	12	-0.162	-1.436	9.060	2.106
1425691835846	37.499396	139.921704	12	-0.066	-1.452	9.163	1.971
1425691835947	37.499397	139.921703	12	0.031	-1.388	9.587	1.795
1425691836048	37.499398	139.921702	12	0.034	-1.222	9.746	1.631
1425691836149	37.499399	139.921701	12	-0.028	-1.040	9.523	1.478
1425691836249	37.499400	139.921701	12	-0.069	-0.874	9.261	1.338
1425691836350	37.499400	139.921700	12	-0.068	-0.798	9.143	1.208
1425691836446	37.499401	139.921700	12	-0.043	-0.819	9.285	1.096
1425691836546	37.499402	139.921699	12	-0.027	-0.865	9.508	0.989
1425691836647	37.499402	139.921699	12	-0.048	-0.904	9.488	0.894
1425691836748	37.499403	139.921698	12	-0.050	-0.868	9.381	0.810
1425691836848	37.499403	139.921698	11	-0.059	-0.911	9.315	0.723
1425691836949	37.499404	139.921698	11	-0.070	-1.134	9.316	0.582
1425691837050	37.499405	139.921699	11	-0.019	-0.984	9.688	0.456
1425691837146	37.499406	139.921699	11	0.024	-0.546	9.892	0.351
1425691837246	37.499407	139.921699	11	-0.010	-0.167	9.611	0.256
1425691837347	37.499408	139.921700	11	-0.066	0.059	9.187	0.175
1425691837448	37.499408	139.921700	11	-0.086	0.198	9.009	0.109
1425691837548	37.499409	139.921700	11	-0.033	0.178	9.240	0.060
1425691837649	37.499409	139.921700	11	-0.000	0.097	9.577	0.025
1425691837750	37.499409	139.921700	11	0.023	0.131	9.682	0.005
1425691860545	37.499763	139.920485	10	-0.022	-0.035	9.425	9.071
1425691860548	37.499763	139.920485	10	-0.015	-0.030	9.435	9.070
1425691860646	37.499766	139.920475	10	0.069	-0.371	10.577	9.045
1425691860746	37.499769	139.920466	10	0.083	-0.438	10.377	9.021
1425691860847	37.499772	139.920456	11	0.027	-0.191	8.679	9.000
1425691860948	37.499775	139.920446	11	0.068	0.043	8.199	9.000
1425691861049	37.499778	139.920435	11	0.120	-0.151	9.145	9.000
1425691861149	37.499781	139.920425	11	0.293	-0.246	9.821	9.000
1425691861250	37.499784	139.920415	11	0.226	-0.417	9.802	9.000
1425691861346	37.499788	139.920405	11	0.148	-0.545	10.107	9.000
1425691861446	37.499791	139.920395	11	0.085	-0.650	10.524	9.000
1425691861547	37.499794	139.920384	11	0.069	-0.436	10.194	9.000
1425691865545	37.499919	139.919987	11	0.070	-0.404	10.154	9.321
1425691865550	37.499919	139.919986	11	0.071	-0.368	10.112	9.319
1425691865646	37.499922	139.919977	11	-0.090	-0.297	10.397	9.295
1425691865747	37.499926	139.919968	11	-0.184	-0.388	10.504	9.270
1425691865847	37.499929	139.919958	12	-0.249	-0.319	9.902	9.246
1425691865948	37.499931	139.919947	12	-0.433	-0.233	9.432	9.220
1425691866049	37.499932	139.919936	12	-0.372	-0.101	8.963	9.195
1425691866149	37.499934	139.919925	12	-0.316	-0.067	8.834	9.170
1425691866250	37.499935	139.919913	12	-0.187	-0.216	8.935	9.144
1425691866346	37.499936	139.919903	12	-0.075	-0.546	9.528	9.120
1425691866447	37.499938	139.919892	12	-0.017	-0.849	10.123	9.095
1425691866547	37.499939	139.919881	12	0.088	-1.032	10.094	9.070
1425691866648	37.499940	139.919870	12	0.092	-1.053	9.375	9.045
1425691866749	37.499942	139.919859	12	0.047	-1.071	9.044	9.020
1425691866849	37.499944	139.919848	12	-0.026	-1.055	8.734	8.980
1425691866950	37.499947	139.919839	12	-0.131	-1.137	9.054	8.874
1425691867046	37.499950	139.919830	12	-0.191	-1.301	9.940	8.774
1425691867147	37.499954	139.919821	12	-0.157	-1.388	10.241	8.670
1425691867247	37.499957	139.919812	12	-0.086	-1.338	9.907	8.569
1425691867348	37.499961	139.919804	12	-0.032	-1.261	9.438	8.467
1425691867449	37.499964	139.919795	12	-0.100	-1.188	9.149	8.367
1425691867549	37.499967	139.919786	12	-0.133	-1.097	9.073	8.269
1425691867650	37.499970	139.919778	12	-0.106	-1.134	9.348	8.171
1425691867746	37.499973	139.919770	12	-0.108	-1.247	9.679	8.079
1425691867846	37.499976	139.919762	11	-0.119	-1.215	9.451	7.987
1425691867947	37.499978	139.919754	11	-0.159	-1.251	9.589	7.908
1425691868048	37.499979	139.919746	11	-0.148	-1.090	9.083	7.830
1425691868148	37.499981	139.919739	11	-0.161	-1.086	9.330	7.754
1425691868249	37.499982	139.919732	11	-0.095	-1.144	9.545	7.677
1425691868350	37.499983	139.919724	11	-0.021	-1.122	9.524	7.601
1425691868446	37.499985	139.919717	11	0.015	-1.198	9.750	7.529
1425691868546	37.499986	139.919710	11	-0.017	-1.100	9.157	7.455
1425691868647	37.499988	139.919703	11	0.020	-1.070	9.232	7.382
1425691868748	37.499989	139.919696	11	0.058	-1.119	9.454	7.309
1425691868848	37.499990	139.919689	11	0.013	-1.292	9.936	7.214
1425691868949	37.499992	139.919684	11	-0.018	-1.312	9.210	7.017
1425691869050	37.499994	139.919678	11	0.104	-1.425	9.101	6.824
1425691869146	37.499996	139.919673	11	0.201	-1.492	9.581	6.645
1425691869246	37.499998	139.919668	11	0.189	-1.576	10.030	6.464
1425691869347	37.499999	139.919664	11	0.202	-1.550	9.783	6.285
1425691869448	37.500001	139.919659	11	0.168	-1.479	9.410	6.112
1425691869548	37.500003	139.919654	11	0.200	-1.309	9.002	5.945
1425691869649	37.500004	139.919650	11	0.176	-1.368	9.167	5.781
1425691869750	37.500006	139.919645	11	0.139	-1.478	9.883	5.622
1425691869850	37.500007	139.919641	12	0.160	-1.226	9.025	5.478
1425691869946	37.500009	139.919635	12	0.103	-1.241	9.017	5.374
1425691870047	37.500010	139.919629	12	0.097	-1.317	9.668	5.266
1425691870148	37.500012	139.919624	12	0.015	-1.367	9.846	5.160
1425691870248	37.500013	139.919618	12	-0.043	-1.472	9.809	5.058
1425691870349	37.500015	139.919613	12	-0.069	-1.458	9.778	4.956
1425691870450	37.500016	139.919607	12	-0.076	-1.215	8.674	4.856
1425691870550	37.500017	139.919602	12	-0.075	-1.310	8.800	4.760
1425691870646	37.500019	139.919597	12	-0.067	-1.288	9.016	4.669
1425691870747	37.500020	139.919592	12	-0.076	-1.368	9.384	4.575
1425691870848	37.500021	139.919588	12	0.034	-1.513	10.143	4.461
1425691870948	37.500023	139.919586	12	0.132	-1.556	10.318	4.250
1425691871049	37.500024	139.919585	12	0.143	-1.461	9.806	4.045
1425691871150	37.500026	139.919583	12	0.075	-1.330	8.950	3.848
1425691871250	37.500027	139.919582	12	0.012	-1.245	8.430	3.662
1425691871346	37.500028	139.919581	12	-0.045	-1.351	8.903	3.492
1425691871447	37.500030	139.919579	12	-0.137	-1.621	9.893	3.320
1425691871547	37.500031	139.919578	12	-0.247	-1.745	10.311	3.160
1425691871648	37.500032	139.919577	12	-0.258	-1.621	9.802	3.006
1425691871749	37.500033	139.919576	12	-0.232	-1.546	9.426	2.860
1425691871850	37.500034	139.919575	12	-0.207	-1.530	9.495	2.709
1425691871950	37.500035	139.919573	12	-0.233	-1.448	9.191	2.511
1425691872046	37.500036	139.919572	12	-0.252	-1.336	8.664	2.331
1425691872147	37.500036	139.919571	12	-0.219	-1.359	8.907	2.153
1425691872247	37.500037	139.919570	12	-0.213	-1.521	9.757	1.988
1425691872348	37.500038	139.919569	12	-0.207	-1.581	10.046	1.833
1425691872449	37.500038	139.919568	12	-0.166	-1.451	9.452	1.689
1425691872549	37.500039	139.919567	12	-0.143	-1.380	8.935	1.558
1425691872650	37.500039	139.919566	12	-0.074	-1.309	9.139	1.437
1425691872746	37.500040	139.919566	12	-0.043	-1.283	9.556	1.333
1425691872847	37.500040	139.919565	11	-0.062	-1.221	9.739	1.232
1425691872947	37.500040	139.919565	11	-0.082	-1.112	9.611	1.129
1425691873048	37.500039	139.919564	11	-0.126	-0.982	9.386	1.032
1425691873149	37.500039	139.919564	11	-0.120	-0.576	9.563	0.941
1425691873249	37.500038	139.919564	11	-0.088	-0.261	9.551	0.858
1425691873350	37.500038	139.919564	11	-0.040	-0.077	9.343	0.780
1425691873446	37.500038	139.919564	11	0.007	0.033	9.239	0.712
1425691873546	37.500038	139.919563	11	-0.006	0.220	9.391	0.648
1425691873647	37.500037	139.919563	11	-0.047	0.332	9.522	0.589
1425691873748	37.500037	139.919563	11	-0.093	0.506	9.547	0.537
1425691873849	37.500037	139.919563	11	-0.100	0.669	9.462	0.504
1425691873949	37.500037	139.919562	11	-0.087	0.727	9.307	0.525
1425691874050	37.500037	139.919562	11	-0.066	0.839	9.272	0.546
1425691874146	37.500037	139.919561	11	-0.054	0.986	9.425	0.568
1425691874251	37.500037	139.919560	11	-0.068	1.250	9.585	0.593
1425691874347	37.500037	139.919560	11	-0.088	1.471	9.556	0.617
1425691874446	37.500037	139.919559	11	-0.062	1.673	9.434	0.642
1425691874548	37.500037	139.919558	11	-0.004	1.795	9.237	0.669
1425691878547	37.500127	139.919480	6	0.000	1.792	9.226	4.000
1425691888545	37.500596	139.919669	5	0.009	1.779	9.222	5.138
1425691888552	37.500596	139.919669	5	0.021	1.756	9.225	5.134
1425691888648	37.500600	139.919670	5	0.012	0.575	9.198	5.087
1425691888747	37.500605	139.919671	5	-0.015	-0.260	9.298	5.040
1425691888849	37.500609	139.919672	5	0.004	-0.645	9.394	4.979
1425691888948	37.500612	139.919674	5	-0.043	-0.868	9.304	4.870
1425691889050	37.500616	139.919676	5	-0.070	-0.982	9.413	4.761
1425691889146	37.500619	139.919677	5	-0.036	-0.984	9.365	4.660
1425691889247	37.500623	139.919679	5	0.026	-0.959	9.477	4.556
1425691889348	37.500626	139.919680	5	0.145	-0.848	9.545	4.454
1425691889448	37.500629	139.919682	5	0.183	-0.817	9.634	4.356
1425691889549	37.500632	139.919683	5	0.154	-0.686	9.444	4.259
1425691889650	37.500636	139.919685	5	0.108	-0.571	9.274	4.164
1425691889750	37.500639	139.919686	5	0.053	-0.540	9.503	4.072
1425691889846	37.500641	139.919687	4	-0.006	-0.506	9.515	3.987
1425691889947	37.500645	139.919689	4	-0.016	-0.428	9.392	3.904
1425691890048	37.500648	139.919691	4	0.003	-0.392	9.315	3.823
1425691890148	37.500651	139.919692	4	0.001	-0.375	9.332	3.745
1425691890249	37.500653	139.919694	4	-0.013	-0.397	9.406	3.667
1425691890350	37.500656	139.919695	4	-0.065	-0.456	9.501	3.591
1425691890450	37.500659	139.919697	4	-0.038	-0.590	9.513	3.517
1425691890546	37.500662	139.919698	4	-0.003	-0.727	9.458	3.447
1425691890647	37.500664	139.919699	4	0.014	-0.884	9.306	3.376
1425691890747	37.500667	139.919701	4	0.022	-0.998	9.413	3.306
1425691890848	37.500669	139.919702	4	-0.089	-1.136	9.562	3.229
1425691890949	37.500671	139.919703	4	-0.155	-1.149	9.535	3.112
1425691891050	37.500674	139.919704	4	-0.130	-1.134	9.350	2.999
1425691891150	37.500675	139.919705	4	-0.121	-1.118	9.352	2.890
1425691891246	37.500677	139.919705	4	-0.188	-1.190	9.516	2.790
1425691891347	37.500679	139.919706	4	-0.155	-1.167	9.404	2.688
1425691891447	37.500681	139.919707	4	-0.098	-1.178	9.442	2.590
1425691891548	37.500683	139.919707	4	-0.040	-1.194	9.426	2.495
1425691891649	37.500684	139.919708	4	-0.018	-1.275	9.399	2.404
1425691891749	37.500686	139.919709	4	-0.047	-1.351	9.464	2.317
1425691891850	37.500687	139.919709	4	-0.008	-1.397	9.481	2.239
1425691891946	37.500689	139.919710	4	-0.034	-1.439	9.377	2.186
1425691892047	37.500691	139.919711	4	-0.098	-1.538	9.307	2.131
1425691892147	37.500693	139.919712	4	-0.131	-1.604	9.488	2.078
1425691892248	37.500694	139.919713	4	-0.133	-1.679	9.497	2.026
1425691892349	37.500696	139.919714	4	-0.060	-1.694	9.419	1.975
1425691892449	37.500697	139.919715	4	0.012	-1.612	9.456	1.926
1425691892550	37.500699	139.919716	4	0.007	-1.362	9.606	1.877
1425691892646	37.500700	139.919717	4	-0.025	-1.018	9.612	1.833
1425691892746	37.500702	139.919718	4	-0.074	-0.637	9.428	1.787
1425691892847	37.500703	139.919719	4	-0.097	-0.358	9.270	1.691
1425691892948	37.500703	139.919717	4	-0.115	-0.234	9.208	1.361
1425691893049	37.500703	139.919716	4	-0.103	-0.200	9.362	1.067
1425691893149	37.500702	139.919715	4	-0.078	-0.203	9.519	0.812
1425691893250	37.500702	139.919714	4	-0.076	-0.376	9.409	0.589
1425691893346	37.500702	139.919714	4	-0.052	-0.603	9.299	0.410
1425691893446	37.500702	139.919713	4	-0.031	-0.393	9.638	0.258
1425691893547	37.500702	139.919713	4	-0.013	-0.064	9.790	0.140
1425691893648	37.500702	139.919712	4	-0.038	0.073	9.466	0.058
1425691893748	37.500702	139.919712	4	-0.077	0.163	9.163	0.012
1425691955548	37.500747	139.919750	10	-0.078	0.099	9.415	1.121
1425691955649	37.500747	139.919751	10	-0.101	0.104	9.495	1.076
1425691955749	37.500748	139.919751	10	-0.115	0.035	9.544	1.033
1425691955850	37.500748	139.919752	10	-0.064	0.014	9.508	0.994
1425691955946	37.500748	139.919752	10	0.013	0.008	9.433	0.967
1425691956046	37.500748	139.919752	10	0.069	0.001	9.420	0.940
1425691956147	37.500749	139.919752	10	0.056	-0.013	9.428	0.913
1425691956248	37.500749	139.919752	10	-0.027	-0.049	9.434	0.887
1425691956349	37.500749	139.919752	10	-0.115	-0.072	9.437	0.861
1425691956449	37.500749	139.919752	10	-0.136	-0.067	9.357	0.837
1425691956550	37.500749	139.919752	10	-0.084	-0.075	9.365	0.813
1425691956646	37.500750	139.919752	10	-0.033	-0.196	9.411	0.791
1425691956746	37.500750	139.919752	10	0.002	-0.428	9.392	0.768
1425691956847	37.500750	139.919752	10	0.002	-0.630	9.437	0.745
1425691956948	37.500750	139.919752	10	-0.021	-0.761	9.530	0.715
1425691957048	37.500751	139.919752	10	-0.046	-0.825	9.594	0.687
1425691957149	37.500751	139.919752	10	-0.081	-0.878	9.422	0.659
1425691957250	37.500751	139.919752	10	-0.075	-0.919	9.362	0.633
1425691957346	37.500751	139.919751	10	-0.065	-0.875	9.489	0.609
1425691957446	37.500751	139.919751	10	-0.026	-0.518	9.710	0.584
1425691957547	37.500752	139.919751	10	-0.029	-0.098	9.641	0.561
1425691957648	37.500752	139.919751	10	-0.049	0.158	9.323	0.538
1425691957748	37.500752	139.919751	10	-0.066	0.282	9.102	0.517
1425691957849	37.500752	139.919751	9	-0.070	0.230	9.209	0.481
1425691957950	37.500752	139.919752	9	-0.057	0.092	9.487	0.387
1425691958046	37.500752	139.919753	9	-0.056	-0.031	9.600	0.307
1425691958146	37.500753	139.919753	9	-0.070	-0.051	9.523	0.234
1425691958247	37.500753	139.919754	9	-0.085	0.066	9.439	0.170
1425691958348	37.500753	139.919754	9	-0.079	0.179	9.369	0.116
1425691958448	37.500753	139.919754	9	-0.060	0.156	9.327	0.073
1425691980544	37.500632	139.920395	4	-0.044	0.105	9.422	3.500
1425691980549	37.500632	139.920395	4	-0.043	0.101	9.422	3.500
1425691980649	37.500631	139.920399	4	-0.059	-0.543	9.373	3.500
1425691980750	37.500630	139.920403	4	0.130	-1.120	9.663	3.500
1425691980846	37.500629	139.920407	4	0.309	-1.450	9.886	3.496
1425691980947	37.500628	139.920410	4	0.426	-1.627	9.886	3.470
1425691981047	37.500627	139.920414	4	0.539	-1.530	9.635	3.444
1425691981148	37.500627	139.920418	4	0.578	-1.245	9.416	3.418
1425691981249	37.500626	139.920421	4	0.605	-0.929	9.265	3.393
1425691981349	37.500625	139.920425	4	0.634	-0.534	9.383	3.368
1425691981450	37.500625	139.920429	4	0.593	-0.261	9.509	3.343
1425691981546	37.500624	139.920432	4	0.475	-0.082	9.427	3.319
1425691981646	37.500623	139.920436	4	0.271	0.011	9.198	3.295
1425691981747	37.500623	139.920439	4	0.120	0.062	9.154	3.270
1425691981848	37.500622	139.920443	4	0.061	0.006	9.316	3.245
1425691981949	37.500621	139.920446	4	0.175	-0.010	9.542	3.219
1425691982049	37.500621	139.920449	4	0.394	-0.069	9.621	3.194
1425691982150	37.500620	139.920452	4	0.617	-0.048	9.646	3.168
1425691982246	37.500619	139.920455	4	0.744	0.033	9.583	3.144
1425691982346	37.500619	139.920458	4	0.726	0.269	9.454	3.119
1425691982447	37.500618	139.920461	4	0.553	0.491	9.314	3.093
1425691982548	37.500618	139.920464	4	0.269	0.689	9.344	3.068
1425691990544	37.500547	139.920721	4	0.257	0.695	9.346	3.320
1425691990549	37.500547	139.920721	4	0.249	0.698	9.351	3.318
1425691990650	37.500546	139.920725	4	0.241	0.114	9.560	3.294
1425691990750	37.500545	139.920728	4	0.220	-0.339	9.573	3.269
1425691990846	37.500544	139.920731	4	0.171	-0.569	9.461	3.246
1425691990947	37.500543	139.920735	4	0.116	-0.655	9.371	3.220
1425691991048	37.500542	139.920738	4	0.038	-0.660	9.232	3.194
1425691991148	37.500540	139.920740	4	-0.010	-0.725	9.288	3.168
1425691991249	37.500539	139.920743	4	0.090	-0.791	9.576	3.143
1425691991350	37.500538	139.920746	4	0.176	-0.834	9.541	3.118
1425691991450	37.500537	139.920749	4	0.201	-0.800	9.387	3.093
1425691991546	37.500536	139.920752	4	0.153	-0.778	9.337	3.069
1425691991647	37.500535	139.920755	4	0.125	-0.785	9.467	3.044
1425691991747	37.500534	139.920758	4	0.134	-0.744	9.618	3.020
1425691991848	37.500533	139.920760	5	0.127	-0.835	9.450	2.936
1425691991949	37.500532	139.920760	5	0.180	-0.942	9.252	2.591
1425691992050	37.500532	139.920760	5	0.209	-1.099	9.246	2.273
1425691992150	37.500532	139.920760	5	0.224	-1.294	9.462	1.986
1425691992246	37.500531	139.920761	5	0.233	-1.392	9.696	1.736
1425691992347	37.500531	139.920761	5	0.166	-1.443	9.587	1.500
1425691992447	37.500531	139.920761	5	0.089	-1.401	9.373	1.293
1425691992548	37.500530	139.920761	5	0.062	-0.999	9.528	1.111
1425691992649	37.500530	139.920761	5	0.058	-0.517	9.640	0.957
1425691992750	37.500530	139.920761	5	0.081	-0.183	9.405	0.831
1425691992850	37.500530	139.920761	5	0.131	0.027	9.160	0.720
1425691992946	37.500530	139.920760	5	0.174	0.293	9.259	0.586
1425691993047	37.500530	139.920760	5	0.207	0.676	9.611	0.460
1425691993147	37.500529	139.920759	5	0.199	0.602	9.400	0.350
1425691993248	37.500529	139.920759	5	0.189	0.321	9.144	0.254
1425691993349	37.500529	139.920759	5	0.147	0.226	9.393	0.174
1425691993449	37.500529	139.920758	5	0.116	0.179	9.693	0.109
1425691993550	37.500529	139.920758	5	0.117	0.091	9.549	0.059
1425691993646	37.500529	139.920758	5	0.138	0.213	9.404	0.025
1425691993747	37.500529	139.920758	5	0.136	0.315	9.369	0.005
1425692015545	37.500244	139.921721	6	0.145	0.205	9.466	7.250
1425692034548	37.499823	139.923236	6	0.140	0.200	9.468	7.638
1425692034649	37.499820	139.923243	6	0.287	-0.001	10.032	7.588
1425692034750	37.499818	139.923250	6	0.534	-0.148	10.402	7.539
1425692034851	37.499816	139.923257	5	0.670	-0.117	10.019	7.505
1425692034946	37.499814	139.923265	5	0.666	-0.085	9.435	7.529
1425692035047	37.499813	139.923274	5	0.526	-0.019	8.848	7.554
1425692035148	37.499811	139.923282	5	0.376	-0.047	9.022	7.579
1425692035248	37.499810	139.923291	5	0.319	-0.109	9.594	7.604
1425692035349	37.499808	139.923300	5	0.344	-0.145	9.655	7.629
1425692035450	37.499807	139.923309	5	0.352	-0.122	9.415	7.654
1425692035550	37.499805	139.923317	5	0.303	-0.073	9.167	7.679
1425692035646	37.499804	139.923326	5	0.252	-0.085	9.206	7.703
1425692035747	37.499802	139.923335	5	0.124	-0.142	9.532	7.729
1425692035848	37.499801	139.923343	5	0.078	-0.167	9.729	7.736
1425692035948	37.499798	139.923351	5	0.017	-0.169	9.655	7.658
1425692036049	37.499795	139.923358	5	-0.033	-0.110	9.459	7.579
1425692036150	37.499792	139.923366	5	-0.079	-0.076	9.321	7.502
1425692036250	37.499790	139.923373	5	-0.104	-0.105	9.533	7.426
1425692036346	37.499787	139.923380	5	-0.164	-0.108	9.657	7.353
1425692036447	37.499785	139.923387	5	-0.250	-0.105	9.353	7.278
1425692036547	37.499782	139.923394	5	-0.191	0.026	8.757	7.205
1425692036648	37.499780	139.923401	5	-0.077	0.032	9.165	7.131
1425692036749	37.499777	139.923408	5	-0.053	-0.099	9.655	7.058
1425692036850	37.499775	139.923415	6	0.047	-0.126	9.654	6.995
1425692036950	37.499773	139.923422	6	0.079	-0.097	9.365	6.970
1425692037046	37.499771	139.923429	6	0.119	-0.065	9.364	6.945
1425692037147	37.499769	139.923436	6	0.135	-0.171	9.975	6.920
1425692037247	37.499767	139.923443	6	0.144	-0.219	10.102	6.895
1425692037348	37.499765	139.923450	6	0.098	-0.044	9.320	6.869
1425692037449	37.499763	139.923456	6	0.057	0.058	8.770	6.844
1425692037549	37.499761	139.923463	6	0.044	0.029	8.902	6.819
1425692037650	37.499759	139.923470	6	0.063	-0.023	9.488	6.794
1425692037746	37.499758	139.923476	6	0.158	-0.052	9.514	6.771
1425692037847	37.499756	139.923483	6	0.192	-0.034	9.225	6.741
1425692037947	37.499754	139.923491	6	0.161	-0.038	9.259	6.690
1425692038048	37.499753	139.923498	6	0.124	-0.076	9.608	6.638
1425692038149	37.499752	139.923505	6	-0.047	-0.064	9.506	6.586
1425692038249	37.499750	139.923512	6	-0.042	-0.056	9.365	6.536
1425692038350	37.499749	139.923520	6	-0.037	-0.148	9.191	6.485
1425692038446	37.499748	139.923526	6	0.106	-0.279	9.178	6.437
1425692038547	37.499747	139.923533	6	0.266	-0.609	9.550	6.388
1425692038647	37.499745	139.923540	6	0.307	-0.991	10.032	6.339
1425692038748	37.499744	139.923547	6	0.317	-1.122	9.760	6.290
1425692038849	37.499743	139.923554	6	0.290	-1.209	9.428	6.235
1425692038949	37.499740	139.923560	6	0.233	-1.196	9.383	6.156
1425692039050	37.499738	139.923566	6	0.159	-1.077	9.175	6.077
1425692039146	37.499736	139.923572	6	0.143	-0.885	9.228	6.003
1425692039246	37.499734	139.923578	6	0.166	-0.745	9.542	5.926
1425692039347	37.499732	139.923583	6	0.165	-0.555	9.514	5.850
1425692039448	37.499730	139.923589	6	0.138	-0.386	9.328	5.775
1425692039549	37.499728	139.923595	6	0.027	-0.249	9.317	5.701
1425692039649	37.499726	139.923600	6	-0.024	-0.185	9.426	5.629
1425692039750	37.499724	139.923606	6	0.024	-0.087	9.223	5.556
1425692039846	37.499722	139.923611	6	0.012	-0.056	9.371	5.492
1425692039946	37.499720	139.923617	6	0.056	-0.025	9.525	5.440
1425692040047	37.499719	139.923623	6	0.099	-0.005	9.343	5.387
1425692040148	37.499717	139.923629	6	0.155	-0.030	9.125	5.336
1425692040248	37.499716	139.923635	6	0.153	-0.048	9.264	5.285
1425692040349	37.499714	139.923641	6	0.139	-0.144	9.579	5.235
1425692040450	37.499713	139.923647	6	0.148	-0.249	9.608	5.184
1425692040551	37.499711	139.923652	6	0.109	-0.323	9.525	5.135
1425692040646	37.499710	139.923658	6	0.157	-0.377	9.406	5.088
1425692040747	37.499708	139.923663	6	0.194	-0.474	9.445	5.040
1425692040848	37.499707	139.923669	6	0.199	-0.498	9.416	4.991
1425692040948	37.499705	139.923675	6	0.197	-0.498	9.490	4.938
1425692041049	37.499704	139.923681	6	0.190	-0.518	9.422	4.886
1425692041150	37.499702	139.923687	6	0.183	-0.514	9.303	4.834
1425692041251	37.499701	139.923693	6	0.099	-0.546	9.338	4.783
1425692041346	37.499700	139.923698	6	0.072	-0.581	9.530	4.735
1425692041447	37.499698	139.923704	6	0.053	-0.601	9.558	4.685
1425692041548	37.499697	139.923710	6	0.077	-0.602	9.654	4.636
1425692041648	37.499695	139.923715	6	0.099	-0.556	9.547	4.587
1425692041749	37.499694	139.923721	6	0.123	-0.440	9.214	4.539
1425692041850	37.499693	139.923726	5	0.166	-0.373	9.221	4.489
1425692041950	37.499692	139.923731	5	0.179	-0.342	9.401	4.437
1425692042046	37.499691	139.923736	5	0.230	-0.336	9.695	4.387
1425692042147	37.499689	139.923741	5	0.198	-0.299	9.562	4.335
1425692042247	37.499688	139.923745	5	0.095	-0.242	9.261	4.284
1425692042348	37.499687	139.923750	5	0.053	-0.240	9.291	4.234
1425692042449	37.499686	139.923755	5	0.046	-0.246	9.423	4.184
1425692042550	37.499685	139.923759	5	0.110	-0.222	9.336	4.134
1425692042650	37.499684	139.923764	5	0.184	-0.222	9.358	4.086
1425692042746	37.499683	139.923768	5	0.186	-0.231	9.656	4.040
1425692042847	37.499682	139.923773	5	0.151	-0.226	9.531	3.986
1425692042947	37.499680	139.923776	5	0.092	-0.209	9.230	3.904
1425692043048	37.499678	139.923779	5	0.090	-0.212	9.282	3.823
1425692043149	37.499676	139.923782	5	0.175	-0.225	9.494	3.744
1425692043250	37.499674	139.923785	5	0.244	-0.185	9.415	3.666
1425692043350	37.499672	139.923788	5	0.172	-0.202	9.425	3.591
1425692043446	37.499670	139.923791	5	0.064	-0.218	9.580	3.520
1425692043547	37.499668	139.923793	5	-0.053	-0.215	9.459	3.447
1425692043647	37.499666	139.923796	5	-0.109	-0.210	9.346	3.376
1425692043748	37.499664	139.923799	5	-0.097	-0.317	9.371	3.306
1425692043849	37.499663	139.923802	10	-0.066	-0.608	9.245	3.234
1425692043949	37.499662	139.923805	10	-0.018	-0.859	9.259	3.150
1425692044050	37.499660	139.923808	10	-0.053	-1.074	9.529	3.068
1425692044146	37.499659	139.923811	10	-0.059	-1.140	9.733	2.992
1425692044247	37.499658	139.923814	10	-0.028	-1.187	9.534	2.913
1425692044347	37.499657	139.923816	10	0.039	-1.178	9.338	2.838
1425692044448	37.499656	139.923819	10	0.087	-1.209	9.354	2.763
1425692044549	37.499655	139.923822	10	0.115	-1.231	9.462	2.691
1425692044649	37.499654	139.923824	10	0.064	-1.253	9.484	2.621
1425692044750	37.499653	139.923827	10	0.023	-1.236	9.463	2.553
1425692044851	37.499652	139.923829	11	-0.031	-1.230	9.341	2.482
1425692044946	37.499649	139.923829	11	-0.009	-1.233	9.372	2.399
1425692045046	37.499647	139.923829	11	0.017	-1.260	9.402	2.316
1425692045148	37.499645	139.923829	11	0.077	-1.267	9.416	2.233
1425692045247	37.499643	139.923829	11	0.100	-1.267	9.410	2.155
1425692045349	37.499641	139.923830	11	0.117	-1.259	9.486	2.078
1425692045448	37.499639	139.923830	11	0.085	-1.295	9.448	2.005
1425692045546	37.499637	139.923830	11	0.097	-1.300	9.442	1.936
1425692045646	37.499635	139.923830	11	0.082	-1.283	9.424	1.868
1425692045747	37.499633	139.923830	11	0.107	-1.088	9.520	1.802
1425692045848	37.499632	139.923830	12	0.097	-0.780	9.551	1.715
1425692045948	37.499630	139.923830	12	0.070	-0.469	9.474	1.530
1425692046049	37.499628	139.923830	12	0.027	-0.236	9.283	1.357
1425692046150	37.499626	139.923830	12	0.001	-0.147	9.178	1.199
1425692046246	37.499625	139.923831	12	0.006	-0.114	9.325	1.061
1425692046346	37.499623	139.923831	12	0.054	-0.144	9.511	0.932
1425692046447	37.499622	139.923831	12	0.085	-0.290	9.470	0.815
1425692046548	37.499621	139.923831	12	0.073	-0.464	9.341	0.712
1425692046648	37.499620	139.923831	12	0.058	-0.640	9.336	0.624
1425692046749	37.499620	139.923831	12	0.030	-0.632	9.574	0.550
1425692046850	37.499619	139.923831	12	0.023	-0.297	9.753	0.480
1425692046946	37.499619	139.923832	12	0.030	0.064	9.622	0.391
1425692047046	37.499619	139.923833	12	0.027	0.308	9.276	0.307
1425692047147	37.499618	139.923834	12	0.036	0.448	9.082	0.233
1425692047248	37.499618	139.923834	12	0.044	0.389	9.219	0.169
1425692047348	37.499618	139.923835	12	0.047	0.213	9.458	0.116
1425692047449	37.499618	139.923835	12	0.046	0.101	9.590	0.073
1425692047550	37.499618	139.923836	12	0.028	0.072	9.516	0.039
1425692047650	37.499618	139.923836	12	0.023	0.180	9.434	0.016
1425692047746	37.499618	139.923836	12	0.022	0.307	9.394	0.004
1425692097546	37.499389	139.924851	11	0.033	0.204	9.456	4.887
1425692097647	37.499388	139.924856	11	-0.036	-0.122	9.590	4.838
1425692097748	37.499388	139.924860	11	0.010	-0.114	9.631	4.789
1425692097848	37.499387	139.924865	11	0.074	-0.007	9.317	4.735
1425692097949	37.499385	139.924869	11	0.146	0.051	9.148	4.654
1425692098050	37.499383	139.924873	11	0.143	0.042	9.343	4.574
1425692098150	37.499382	139.924878	11	0.109	0.014	9.428	4.496
1425692098246	37.499380	139.924881	11	0.127	0.006	9.466	4.422
1425692098347	37.499378	139.924886	11	0.166	-0.009	9.519	4.346
1425692098448	37.499377	139.924890	11	0.070	0.014	9.257	4.271
1425692098548	37.499375	139.924893	11	-0.032	-0.112	9.165	4.198
1425692098649	37.499374	139.924897	11	-0.063	-0.208	9.362	4.126
1425692098750	37.499372	139.924901	11	-0.083	-0.294	9.650	4.055
1425692098850	37.499371	139.924905	11	-0.005	-0.161	9.751	4.000
1425692098946	37.499368	139.924908	11	0.043	-0.033	9.650	4.000
1425692099047	37.499366	139.924912	11	0.033	0.107	9.560	4.000
1425692099148	37.499364	139.924916	11	0.088	0.188	9.471	4.000
1425692099248	37.499362	139.924920	11	0.189	0.224	9.448	4.000
1425692099349	37.499360	139.924924	11	0.131	0.283	9.296	4.000
1425692099450	37.499357	139.924928	11	0.130	0.250	9.634	4.000
1425692102546	37.499315	139.925013	11	0.113	0.282	9.576	2.693
1425692102647	37.499314	139.925014	11	0.173	-0.260	9.686	2.623
1425692102748	37.499312	139.925014	11	0.165	-0.635	9.451	2.554
1425692102848	37.499311	139.925015	11	0.087	-0.830	9.322	2.470
1425692102949	37.499311	139.925017	11	0.100	-0.958	9.400	2.308
1425692103050	37.499310	139.925019	11	0.143	-1.116	9.615	2.154
1425692103146	37.499310	139.925021	11	0.166	-1.203	9.669	2.015
1425692103246	37.499310	139.925023	11	0.198	-1.142	9.503	1.879
1425692103347	37.499310	139.925025	11	0.160	-1.089	9.226	1.750
1425692103448	37.499310	139.925026	11	0.159	-1.074	9.165	1.629
1425692103549	37.499309	139.925028	11	0.238	-1.044	9.391	1.517
1425692103649	37.499309	139.925029	11	0.277	-0.798	9.817	1.414
1425692103750	37.499309	139.925030	11	0.229	-0.443	9.856	1.319
1425692103851	37.499309	139.925031	10	0.147	-0.194	9.412	1.244
1425692103946	37.499309	139.925033	10	0.085	-0.011	9.031	1.218
1425692104047	37.499309	139.925034	10	0.105	0.134	9.078	1.191
1425692104148	37.499309	139.925035	10	0.177	0.321	9.524	1.164
1425692104248	37.499309	139.925036	10	0.183	0.609	9.769	1.139
1425692104349	37.499310	139.925038	10	0.181	0.889	9.586	1.113
1425692104450	37.499310	139.925039	10	0.162	1.085	9.256	1.088
1425692110548	37.499285	139.925189	10	0.164	1.193	9.051	2.250
1425692110648	37.499285	139.925191	10	0.312	0.527	9.011	2.250
1425692110749	37.499286	139.925194	10	0.422	0.127	9.390	2.250
1425692110850	37.499286	139.925196	11	0.427	-0.020	9.731	2.245
1425692110951	37.499287	139.925199	11	0.379	-0.042	9.780	2.218
1425692111046	37.499288	139.925201	11	0.284	-0.018	9.555	2.194
1425692111147	37.499290	139.925203	11	0.275	0.004	9.318	2.168
1425692111248	37.499291	139.925205	11	0.288	0.023	9.267	2.142
1425692111348	37.499292	139.925207	11	0.306	0.191	9.415	2.117
1425692111449	37.499293	139.925209	11	0.234	0.627	9.522	2.092
1425692131545	37.500656	139.925833	12	0.021	1.224	9.559	10.208
1425692131550	37.500656	139.925833	12	0.013	1.231	9.555	10.205
1425692131646	37.500665	139.925838	12	0.129	0.767	9.356	10.134
1425692131747	37.500674	139.925843	12	0.208	0.350	9.340	10.060
1425692131847	37.500682	139.925848	12	0.176	0.226	9.200	9.991
1425692131948	37.500689	139.925852	12	0.239	0.013	9.134	9.940
1425692132049	37.500696	139.925857	12	0.282	-0.045	9.100	9.888
1425692132149	37.500703	139.925861	12	0.476	-0.034	9.142	9.838
1425692132250	37.500710	139.925866	12	0.605	-0.131	9.795	9.787
1425692132346	37.500717	139.925870	12	0.520	-0.164	9.777	9.739
1425692132447	37.500723	139.925874	12	0.491	-0.179	9.435	9.688
1425692132547	37.500730	139.925879	12	0.461	-0.218	9.593	9.639
1425692135548	37.500951	139.925983	11	0.439	-0.231	9.631	9.000
1425692135649	37.500958	139.925987	11	0.091	-0.280	10.373	9.000
1425692135750	37.500965	139.925991	11	-0.178	-0.061	9.615	9.000
1425692135846	37.500972	139.925995	11	-0.291	0.130	8.167	8.996
1425692135946	37.500979	139.925999	11	-0.265	0.176	8.058	8.971
1425692136047	37.500985	139.926004	11	-0.174	0.063	9.104	8.945
1425692136148	37.500992	139.926009	11	-0.148	-0.058	9.936	8.920
1425692136248	37.500998	139.926013	11	-0.012	0.014	9.920	8.895
1425692136349	37.501005	139.926018	11	0.086	0.156	9.170	8.869
1425692136450	37.501012	139.926023	11	0.118	0.094	9.420	8.844
1425692139547	37.501240	139.926126	13	0.070	0.154	9.844	8.570
1425692139647	37.501247	139.926132	13	-0.012	-0.270	11.091	8.545
1425692139748	37.501254	139.926139	13	-0.160	-0.394	10.984	8.520
1425692139849	37.501260	139.926145	13	-0.462	-0.289	9.677	8.509
1425692139949	37.501268	139.926149	13	-0.795	-0.258	9.336	8.558
1425692140050	37.501276	139.926153	13	-0.898	-0.231	9.724	8.608
1425692140146	37.501283	139.926157	13	-0.872	0.107	9.081	8.655
1425692140246	37.501291	139.926161	13	-0.659	0.112	8.456	8.705
1425692140347	37.501299	139.926165	13	-0.466	0.143	8.089	8.755
1425692140448	37.501307	139.926169	13	-0.212	-0.014	8.423	8.806
1425692140549	37.501315	139.926173	13	-0.110	-0.291	10.129	8.857
1425692142548	37.501437	139.926182	14	-0.116	-0.304	10.223	8.250
1425692151546	37.502138	139.926361	11	-0.123	-0.315	10.295	8.639
1425692151647	37.502145	139.926363	11	-0.038	-0.204	9.852	8.589
1425692151747	37.502152	139.926364	11	0.006	-0.199	9.323	8.540
1425692151848	37.502159	139.926366	11	0.067	-0.390	9.682	8.495
1425692151949	37.502165	139.926369	11	0.143	-0.669	10.311	8.470
1425692152049	37.502171	139.926372	11	0.203	-0.933	10.638	8.445
1425692152150	37.502177	139.926374	11	0.279	-1.010	10.563	8.419
1425692152246	37.502183	139.926376	11	0.184	-0.881	9.290	8.395
1425692152347	37.502189	139.926379	11	0.447	-0.782	8.843	8.370
1425692152447	37.502195	139.926382	11	0.327	-0.841	9.166	8.345
1425692152548	37.502201	139.926384	11	0.435	-0.839	9.116	8.320
1425692152649	37.502206	139.926387	11	0.209	-0.891	8.850	8.295
1425692152749	37.502212	139.926389	11	0.411	-0.955	9.438	8.270
1425692152850	37.502218	139.926392	10	0.276	-1.151	10.196	8.240
1425692152946	37.502225	139.926395	10	0.142	-1.009	10.058	8.190
1425692153046	37.502232	139.926398	10	0.087	-0.691	9.621	8.139
1425692153147	37.502239	139.926401	10	0.014	-0.440	9.213	8.088
1425692153248	37.502246	139.926404	10	0.009	-0.265	9.067	8.037
1425692153349	37.502253	139.926407	10	0.154	-0.163	9.282	7.987
1425692153449	37.502260	139.926410	10	0.290	-0.167	9.405	7.937
1425692153550	37.502266	139.926414	10	0.332	-0.168	9.429	7.887
1425692153646	37.502273	139.926416	10	0.260	-0.093	9.212	7.840
1425692153746	37.502279	139.926419	10	0.233	-0.200	9.672	7.791
1425692153847	37.502286	139.926423	9	0.303	-0.199	9.665	7.737
1425692153948	37.502292	139.926426	9	0.160	-0.245	9.858	7.658
1425692154048	37.502298	139.926429	9	0.170	-0.346	9.725	7.580
1425692154149	37.502304	139.926433	9	0.116	-0.413	9.414	7.502
1425692154250	37.502310	139.926436	9	-0.093	-0.685	9.496	7.426
1425692154346	37.502316	139.926439	9	-0.197	-0.956	9.235	7.353
1425692154446	37.502321	139.926442	9	-0.206	-1.077	9.096	7.279
1425692154547	37.502327	139.926445	9	-0.184	-1.204	9.327	7.205
1425692154648	37.502333	139.926448	9	-0.197	-1.295	9.206	7.131
1425692154748	37.502338	139.926452	9	-0.099	-1.274	9.302	7.059
1425692154849	37.502344	139.926455	10	0.007	-1.222	9.590	6.980
1425692154950	37.502349	139.926458	10	0.049	-1.177	9.702	6.872
1425692155046	37.502353	139.926461	10	0.031	-1.094	9.492	6.771
1425692155146	37.502357	139.926465	10	0.022	-0.890	9.365	6.667
1425692155247	37.502362	139.926468	10	-0.005	-0.704	9.319	6.564
1425692155348	37.502366	139.926471	10	-0.096	-0.617	9.460	6.463
1425692155448	37.502370	139.926474	10	-0.131	-0.522	9.610	6.364
1425692155549	37.502375	139.926478	10	-0.068	-0.464	9.440	6.265
1425692155650	37.502379	139.926481	10	-0.004	-0.459	9.323	6.169
1425692155750	37.502383	139.926484	10	0.070	-0.582	9.441	6.074
1425692155846	37.502387	139.926486	10	0.067	-0.797	9.564	5.987
1425692155947	37.502392	139.926489	10	0.015	-1.012	9.553	5.907
1425692156048	37.502397	139.926491	10	-0.059	-1.141	9.578	5.828
1425692156148	37.502402	139.926494	10	-0.120	-1.239	9.564	5.751
1425692156249	37.502406	139.926496	10	-0.155	-1.269	9.429	5.674
1425692156350	37.502411	139.926498	10	-0.173	-1.294	9.345	5.598
1425692156450	37.502416	139.926501	10	-0.176	-1.331	9.371	5.523
1425692156546	37.502420	139.926503	10	-0.156	-1.366	9.417	5.453
1425692156647	37.502425	139.926505	10	-0.167	-1.380	9.315	5.380
1425692156747	37.502429	139.926507	10	-0.171	-1.478	9.294	5.308
1425692156848	37.502434	139.926509	10	-0.170	-1.588	9.352	5.230
1425692156949	37.502438	139.926512	10	-0.149	-1.659	9.377	5.120
1425692157050	37.502442	139.926514	10	-0.118	-1.700	9.370	5.012
1425692157150	37.502446	139.926516	10	-0.118	-1.762	9.526	4.907
1425692157246	37.502450	139.926518	10	-0.137	-1.810	9.577	4.808
1425692157347	37.502454	139.926520	10	-0.173	-1.661	9.456	4.707
1425692157447	37.502457	139.926522	10	-0.167	-1.291	9.528	4.608
1425692157548	37.502461	139.926525	10	-0.165	-0.964	9.565	4.511
1425692157649	37.502465	139.926527	10	-0.097	-0.644	9.466	4.415
1425692157749	37.502468	139.926528	10	-0.068	-0.394	9.130	4.323
1425692157850	37.502471	139.926530	11	-0.080	-0.249	9.039	4.221
1425692157946	37.502473	139.926530	11	-0.124	-0.351	9.218	4.083
1425692158047	37.502475	139.926530	11	-0.203	-0.547	9.452	3.942
1425692158147	37.502477	139.926530	11	-0.254	-0.733	9.551	3.807
1425692158248	37.502479	139.926530	11	-0.161	-0.821	9.649	3.675
1425692158349	37.502481	139.926531	11	-0.046	-0.877	9.583	3.547
1425692158449	37.502483	139.926531	11	-0.001	-0.892	9.377	3.425
1425692158550	37.502485	139.926531	11	-0.064	-0.927	9.227	3.307
1425692158651	37.502486	139.926531	11	-0.187	-0.942	9.286	3.192
1425692158747	37.502488	139.926531	11	-0.291	-0.973	9.356	3.087
1425692158846	37.502489	139.926531	11	-0.293	-0.978	9.413	2.975
1425692158948	37.502489	139.926532	11	-0.206	-0.959	9.451	2.818
1425692159047	37.502490	139.926533	11	-0.101	-0.967	9.534	2.673
1425692159149	37.502490	139.926534	11	-0.032	-0.936	9.533	2.530
1425692159246	37.502490	139.926534	11	-0.027	-0.897	9.481	2.400
1425692159346	37.502490	139.926535	11	-0.042	-0.873	9.469	2.273
1425692159446	37.502490	139.926536	11	-0.073	-0.831	9.427	2.152
1425692159547	37.502491	139.926536	11	-0.128	-0.853	9.278	2.037
1425692159648	37.502491	139.926537	11	-0.142	-0.879	9.356	1.929
1425692159748	37.502491	139.926538	11	-0.139	-0.926	9.475	1.828
1425692159849	37.502491	139.926538	11	-0.113	-0.943	9.440	1.724
1425692159950	37.502491	139.926539	11	-0.097	-0.936	9.381	1.588
1425692160046	37.502492	139.926539	11	-0.103	-0.933	9.419	1.466
1425692160146	37.502492	139.926540	11	-0.102	-0.945	9.452	1.348
1425692160247	37.502492	139.926540	11	-0.115	-0.963	9.451	1.236
1425692160348	37.502492	139.926540	11	-0.089	-0.903	9.481	1.132
1425692160448	37.502492	139.926541	11	-0.092	-0.886	9.399	1.038
1425692160549	37.502493	139.926541	11	-0.077	-0.888	9.352	0.950
1425692160650	37.502493	139.926542	11	-0.092	-0.906	9.394	0.871
1425692160746	37.502493	139.926542	11	-0.094	-0.895	9.483	0.803
1425692160846	37.502493	139.926542	10	-0.112	-0.909	9.440	0.726
1425692160947	37.502492	139.926543	10	-0.115	-0.903	9.414	0.585
1425692161048	37.502492	139.926544	10	-0.110	-0.912	9.406	0.459
1425692161148	37.502491	139.926545	10	-0.097	-0.711	9.537	0.349
1425692161249	37.502491	139.926545	10	-0.094	-0.333	9.641	0.253
1425692161350	37.502491	139.926546	10	-0.108	0.005	9.516	0.173
1425692161451	37.502490	139.926546	10	-0.125	0.204	9.219	0.108
1425692161546	37.502490	139.926547	10	-0.106	0.210	9.068	0.060
1425692161647	37.502490	139.926547	10	-0.098	0.175	9.302	0.025
1425692161748	37.502490	139.926547	10	-0.107	0.095	9.570	0.005
1425692217545	37.502937	139.926780	10	-0.105	0.097	9.443	4.262
1425692217550	37.502937	139.926780	10	-0.106	0.097	9.449	4.258
1425692217646	37.502940	139.926781	10	-0.111	-0.179	9.541	4.167
1425692217746	37.502943	139.926782	10	-0.094	-0.371	9.376	4.075
1425692217847	37.502945	139.926783	4	-0.145	-0.489	9.331	3.981
1425692217948	37.502948	139.926785	4	-0.301	-0.839	9.410	3.867
1425692218048	37.502951	139.926786	4	-0.365	-1.370	9.066	3.758
1425692218149	37.502954	139.926788	4	-0.206	-1.689	9.024	3.650
1425692218250	37.502956	139.926789	4	0.051	-1.713	9.480	3.545
1425692218346	37.502959	139.926790	4	0.173	-1.720	9.889	3.448
1425692218446	37.502961	139.926791	4	0.072	-1.494	9.876	3.350
1425692218547	37.502964	139.926793	4	-0.251	-0.940	9.745	3.254
1425692218648	37.502966	139.926794	4	-0.541	-0.525	9.557	3.161
1425692218748	37.502968	139.926795	4	-0.650	-0.253	9.266	3.071
1425692218849	37.502970	139.926796	3	-0.681	-0.065	8.956	2.984
1425692218950	37.502973	139.926797	3	-0.640	0.016	9.011	2.899
1425692219050	37.502975	139.926799	3	-0.551	0.027	9.338	2.817
1425692219146	37.502977	139.926800	3	-0.458	-0.001	9.559	2.740
1425692219247	37.502979	139.926801	3	-0.338	-0.004	9.578	2.661
1425692219348	37.502981	139.926802	3	-0.244	0.025	9.453	2.585
1425692219448	37.502983	139.926803	3	-0.234	0.035	9.326	2.511
1425692219549	37.502985	139.926804	3	-0.267	0.059	9.372	2.439
1425692219650	37.502987	139.926805	3	-0.373	0.034	9.359	2.369
1425692219750	37.502989	139.926806	3	-0.468	0.017	9.419	2.302
1425692219846	37.502990	139.926807	4	-0.501	0.029	9.551	2.241
1425692219947	37.502992	139.926808	4	-0.500	0.048	9.432	2.185
1425692220047	37.502993	139.926808	4	-0.439	0.062	9.228	2.131
1425692220148	37.502994	139.926809	4	-0.376	0.043	9.321	2.077
1425692220249	37.502995	139.926809	4	-0.326	0.026	9.594	2.025
1425692220350	37.502997	139.926810	4	-0.326	-0.023	9.679	1.974
1425692220450	37.502998	139.926810	4	-0.307	0.024	9.460	1.925
1425692220546	37.502999	139.926811	4	-0.293	0.112	9.213	1.879
1425692220647	37.503000	139.926811	4	-0.332	0.107	9.083	1.832
1425692220747	37.503001	139.926812	4	-0.401	0.046	9.276	1.787
1425692220848	37.503002	139.926812	4	-0.450	-0.029	9.655	1.745
1425692220949	37.503004	139.926812	4	-0.436	-0.069	9.838	1.718
1425692221050	37.503005	139.926812	4	-0.341	0.071	9.406	1.692
1425692221150	37.503006	139.926812	4	-0.281	0.089	9.146	1.666
1425692221246	37.503007	139.926812	4	-0.230	0.046	9.304	1.641
1425692221347	37.503008	139.926813	4	-0.154	0.006	9.512	1.616
1425692221447	37.503010	139.926813	4	-0.129	-0.013	9.552	1.591
1425692221548	37.503011	139.926813	4	-0.108	0.022	9.399	1.567
1425692244545	37.504102	139.927330	5	-0.103	0.026	9.392	7.320
1425692255547	37.504783	139.927668	4	-0.094	0.030	9.391	6.570
1425692255648	37.504789	139.927670	4	0.356	-0.057	9.580	6.545
1425692255748	37.504794	139.927672	4	0.630	-0.102	9.383	6.520
1425692255849	37.504800	139.927675	5	0.806	-0.113	9.159	6.500
1425692255950	37.504806	139.927679	5	0.900	-0.095	9.124	6.500
1425692256046	37.504812	139.927682	5	0.935	-0.135	9.263	6.500
1425692256146	37.504818	139.927686	5	0.901	-0.179	9.365	6.500
1425692256247	37.504824	139.927690	5	0.846	-0.143	9.157	6.500
1425692256348	37.504831	139.927694	5	0.804	-0.161	9.172	6.500
1425692256448	37.504837	139.927697	5	0.750	-0.229	9.422	6.500
1425692256549	37.504843	139.927701	5	0.732	-0.250	9.550	6.500
1425692256650	37.504849	139.927705	5	0.687	-0.230	9.344	6.500
1425692256751	37.504855	139.927709	5	0.599	-0.209	9.221	6.500
1425692256846	37.504861	139.927713	5	0.434	-0.202	9.145	6.492
1425692256947	37.504865	139.927716	5	0.232	-0.243	9.349	6.439
1425692257048	37.504870	139.927719	5	0.207	-0.302	9.882	6.388
1425692257148	37.504874	139.927722	5	0.081	-0.278	9.745	6.337
1425692257249	37.504879	139.927725	5	0.024	-0.198	9.267	6.286
1425692257350	37.504883	139.927728	5	0.091	-0.111	9.040	6.235
1425692257450	37.504888	139.927731	5	0.184	-0.080	9.163	6.185
1425692257546	37.504892	139.927734	5	0.262	-0.103	9.437	6.138
1425692263548	37.505191	139.927981	5	0.270	-0.103	9.439	6.320
1425692263649	37.505196	139.927985	5	0.025	-0.129	9.377	6.295
1425692263750	37.505201	139.927989	5	-0.222	-0.184	9.527	6.270
1425692263850	37.505206	139.927993	5	-0.361	-0.223	9.528	6.250
1425692263946	37.505210	139.927996	5	-0.415	-0.205	9.401	6.250
1425692264047	37.505214	139.928000	5	-0.469	-0.217	9.332	6.250
1425692264148	37.505219	139.928004	5	-0.507	-0.228	9.297	6.250
1425692264248	37.505223	139.928007	5	-0.550	-0.235	9.364	6.250
1425692264349	37.505227	139.928011	5	-0.560	-0.234	9.445	6.250
1425692264450	37.505232	139.928015	5	-0.561	-0.234	9.444	6.250
1425692264550	37.505236	139.928019	5	-0.512	-0.255	9.492	6.250
1425692264646	37.505240	139.928022	5	-0.441	-0.215	9.398	6.250
1425692264747	37.505244	139.928026	5	-0.400	-0.144	9.233	6.250
1425692264847	37.505249	139.928030	5	-0.384	-0.135	9.296	6.246
1425692264948	37.505253	139.928033	5	-0.408	-0.143	9.508	6.220
1425692265049	37.505258	139.928036	5	-0.331	-0.108	9.414	6.194
1425692265150	37.505262	139.928039	5	-0.207	-0.128	9.511	6.169
1425692265250	37.505266	139.928042	5	-0.069	-0.131	9.456	6.144
1425692265346	37.505270	139.928045	5	0.094	-0.078	9.152	6.120
1425692265447	37.505275	139.928048	5	0.277	-0.041	9.205	6.095
1425692265547	37.505279	139.928051	5	0.472	-0.075	9.526	6.070
1425692265648	37.505283	139.928054	5	0.616	-0.171	9.742	6.045
1425692265749	37.505288	139.928057	5	0.705	-0.244	9.829	6.020
1425692265850	37.505292	139.928060	5	0.881	-0.174	9.609	6.005
1425692265950	37.505297	139.928065	5	1.043	-0.076	9.167	6.029
1425692266046	37.505301	139.928070	5	1.089	-0.130	9.124	6.053
1425692266147	37.505306	139.928076	5	1.209	-0.147	9.519	6.078
1425692266247	37.505310	139.928081	5	1.353	-0.170	9.692	6.103
1425692266348	37.505315	139.928086	5	1.433	-0.265	9.597	6.128
1425692266449	37.505320	139.928092	5	1.617	-0.232	9.277	6.154
1425692266549	37.505325	139.928097	5	1.730	-0.227	9.212	6.179
1425692266650	37.505329	139.928102	5	1.672	-0.233	9.458	6.204
1425692266746	37.505334	139.928107	5	1.663	-0.002	9.681	6.229
1425692266846	37.505339	139.928113	6	1.679	0.354	9.517	6.246
1425692266947	37.505343	139.928118	6	1.624	0.386	8.996	6.220
1425692267048	37.505347	139.928123	6	1.658	0.429	9.335	6.195
1425692267149	37.505351	139.928129	6	1.763	0.465	9.749	6.169
1425692267249	37.505355	139.928134	6	1.855	0.447	9.495	6.144
1425692267350	37.505360	139.928139	6	1.917	0.564	9.099	6.119
1425692267446	37.505363	139.928144	6	1.961	0.614	9.155	6.095
1425692267546	37.505368	139.928149	6	2.028	0.530	9.483	6.070
1425692270547	37.505421	139.928388	7	2.027	0.522	9.503	6.320
1425692270648	37.505422	139.928395	7	1.403	0.251	9.522	6.295
1425692270749	37.505423	139.928403	7	0.898	0.042	9.608	6.270
1425692270850	37.505423	139.928410	8	0.575	-0.073	9.635	6.240
1425692270950	37.505424	139.928413	8	0.368	-0.127	9.584	6.188
1425692271046	37.505424	139.928416	8	0.261	-0.150	9.603	6.138
1425692271147	37.505425	139.928419	8	0.175	-0.168	9.525	6.087
1425692271247	37.505425	139.928422	8	0.065	-0.208	9.653	6.036
1425692271348	37.505426	139.928425	8	-0.066	-0.176	9.564	5.986
1425692271449	37.505426	139.928428	8	-0.104	-0.161	9.491	5.936
1425692271550	37.505427	139.928432	8	-0.055	-0.151	9.444	5.886
1425692271650	37.505427	139.928435	8	0.004	-0.142	9.422	5.837
1425692271746	37.505428	139.928438	8	0.024	-0.155	9.415	5.790
1425692271847	37.505428	139.928441	8	0.005	-0.160	9.422	5.754
1425692271947	37.505431	139.928450	8	0.010	-0.164	9.311	5.779
1425692272048	37.505434	139.928459	8	0.005	-0.148	9.092	5.804
1425692272149	37.505436	139.928467	8	0.015	-0.162	9.218	5.829
1425692272249	37.505439	139.928476	8	0.060	-0.169	9.453	5.853
1425692272350	37.505442	139.928485	8	0.100	-0.193	9.584	5.879
1425692272451	37.505445	139.928494	8	0.096	-0.198	9.598	5.904
1425692272547	37.505447	139.928502	8	0.097	-0.161	9.399	5.928
1425692272646	37.505450	139.928511	8	0.051	-0.144	9.309	5.953
1425692272748	37.505453	139.928520	8	0.027	-0.179	9.505	5.979
1425692272847	37.505455	139.928528	8	0.023	-0.223	9.701	6.004
1425692272949	37.505457	139.928536	8	0.070	-0.158	9.282	6.029
1425692273048	37.505459	139.928543	8	0.126	-0.111	9.214	6.054
1425692273146	37.505461	139.928550	8	0.120	-0.144	9.384	6.078
1425692273247	37.505463	139.928557	8	0.075	-0.181	9.463	6.103
1425692273347	37.505465	139.928565	8	-0.009	-0.190	9.435	6.128
1425692273448	37.505467	139.928572	8	-0.114	-0.227	9.620	6.153
1425692273549	37.505469	139.928580	8	-0.268	-0.251	9.415	6.179
1425692273649	37.505471	139.928587	8	-0.255	-0.270	9.253	6.204
1425692273750	37.505473	139.928595	8	-0.190	-0.300	9.579	6.230
1425692273846	37.505475	139.928602	6	-0.114	-0.349	9.551	6.250
1425692273946	37.505477	139.928609	6	-0.038	-0.397	9.272	6.250
1425692274047	37.505479	139.928617	6	-0.039	-0.430	9.474	6.250
1425692274148	37.505480	139.928624	6	-0.052	-0.485	9.645	6.250
1425692274249	37.505482	139.928632	6	-0.068	-0.474	9.396	6.250
1425692274349	37.505484	139.928639	6	-0.071	-0.474	9.226	6.250
1425692274450	37.505486	139.928646	6	-0.038	-0.487	9.375	6.250
1425692274546	37.505487	139.928653	6	0.059	-0.516	9.640	6.250
1425692274646	37.505489	139.928661	6	0.062	-0.457	9.588	6.250
1425692274747	37.505491	139.928668	6	0.094	-0.428	9.411	6.250
1425692274848	37.505492	139.928675	8	0.133	-0.424	9.413	6.230
1425692274948	37.505494	139.928678	8	0.066	-0.451	9.547	6.123
1425692275049	37.505496	139.928681	8	0.039	-0.443	9.611	6.016
1425692275150	37.505497	139.928683	8	0.046	-0.426	9.640	5.911
1425692275251	37.505499	139.928686	8	0.048	-0.412	9.413	5.808
1425692275346	37.505500	139.928689	8	0.192	-0.382	9.323	5.712
1425692275447	37.505502	139.928692	8	0.241	-0.486	9.552	5.612
1425692275548	37.505503	139.928695	8	0.272	-0.472	9.887	5.514
1425692275648	37.505504	139.928697	8	0.273	-0.415	9.452	5.419
1425692275749	37.505506	139.928700	8	0.112	-0.305	8.753	5.325
1425692275850	37.505507	139.928702	9	0.053	-0.279	8.815	5.240
1425692275951	37.505510	139.928705	9	0.024	-0.334	9.198	5.187
1425692276046	37.505512	139.928706	9	-0.044	-0.401	9.418	5.138
1425692276148	37.505515	139.928709	9	-0.079	-0.444	9.615	5.086
1425692276248	37.505517	139.928711	9	-0.063	-0.437	9.469	5.035
1425692276348	37.505519	139.928713	9	-0.046	-0.535	9.164	4.985
1425692276449	37.505522	139.928715	9	-0.042	-0.509	9.087	4.935
1425692276550	37.505524	139.928717	9	-0.046	-0.598	9.500	4.885
1425692276650	37.505526	139.928719	9	-0.038	-0.657	9.789	4.836
1425692276746	37.505528	139.928720	9	0.016	-0.687	9.549	4.790
1425692276847	37.505530	139.928723	9	0.090	-0.691	9.198	4.746
1425692276947	37.505533	139.928730	9	0.150	-0.750	9.382	4.720
1425692277048	37.505536	139.928737	9	0.215	-0.811	9.603	4.694
1425692277149	37.505538	139.928744	9	0.214	-0.908	9.737	4.669
1425692277250	37.505541	139.928751	9	0.191	-0.910	9.605	4.643
1425692277350	37.505544	139.928757	9	0.176	-0.883	9.273	4.618
1425692277446	37.505546	139.928764	9	0.212	-0.918	9.088	4.594
1425692277547	37.505549	139.928770	9	0.295	-0.970	9.196	4.569
1425692277647	37.505551	139.928777	9	0.295	-1.075	9.696	4.545
1425692277748	37.505554	139.928784	9	0.251	-1.139	9.889	4.520
1425692277849	37.505556	139.928790	7	0.235	-1.105	9.538	4.479
1425692277950	37.505557	139.928794	7	0.197	-1.081	9.204	4.367
1425692278050	37.505558	139.928798	7	0.194	-1.131	9.236	4.259
1425692278146	37.505559	139.928802	7	0.220	-1.183	9.398	4.157
1425692278247	37.505560	139.928806	7	0.185	-1.239	9.459	4.053
1425692278347	37.505561	139.928810	7	0.099	-1.278	9.488	3.952
1425692278448	37.505562	139.928814	7	0.024	-1.258	9.479	3.852
1425692278549	37.505563	139.928817	7	0.021	-1.235	9.355	3.756
1425692278649	37.505564	139.928821	7	0.067	-1.248	9.350	3.662
1425692278750	37.505564	139.928824	7	0.089	-1.278	9.448	3.571
1425692278846	37.505565	139.928827	5	0.090	-1.286	9.407	3.476
1425692278947	37.505565	139.928829	5	0.056	-1.316	9.418	3.326
1425692279047	37.505566	139.928831	5	0.045	-1.342	9.420	3.183
1425692279149	37.505566	139.928832	5	0.075	-1.362	9.366	3.042
1425692279249	37.505566	139.928834	5	0.132	-1.371	9.354	2.910
1425692279349	37.505567	139.928835	5	0.153	-1.391	9.515	2.783
1425692279450	37.505567	139.928836	5	0.112	-1.399	9.572	2.661
1425692279546	37.505567	139.928838	5	0.069	-1.389	9.445	2.550
1425692279646	37.505568	139.928839	5	0.047	-1.391	9.361	2.439
1425692279747	37.505568	139.928840	5	0.032	-1.395	9.376	2.333
1425692279848	37.505568	139.928841	6	0.062	-1.396	9.387	2.210
1425692279949	37.505570	139.928844	6	0.072	-1.429	9.469	1.993
1425692280049	37.505572	139.928846	6	0.051	-1.470	9.502	1.793
1425692280150	37.505573	139.928849	6	0.060	-1.476	9.426	1.607
1425692280246	37.505574	139.928851	6	0.089	-1.464	9.354	1.444
1425692280346	37.505576	139.928853	6	0.122	-1.486	9.416	1.289
1425692280447	37.505577	139.928854	6	0.138	-1.490	9.470	1.147
1425692280548	37.505578	139.928856	6	0.111	-1.484	9.436	1.021
1425692280649	37.505579	139.928857	6	0.073	-1.473	9.386	0.910
1425692280749	37.505579	139.928858	6	0.047	-1.466	9.402	0.816
1425692280850	37.505580	139.928859	6	0.049	-1.462	9.439	0.720
1425692280946	37.505580	139.928859	6	0.065	-1.229	9.623	0.586
1425692281046	37.505580	139.928858	6	0.110	-0.685	9.755	0.461
1425692281147	37.505581	139.928858	6	0.116	-0.219	9.536	0.350
1425692281248	37.505581	139.928858	6	0.103	0.072	9.154	0.254
1425692281348	37.505581	139.928857	6	0.083	0.136	8.985	0.174
1425692281449	37.505581	139.928857	6	0.087	0.070	9.232	0.109
1425692281550	37.505581	139.928857	6	0.100	-0.108	9.546	0.059
1425692281646	37.505581	139.928857	6	0.103	-0.267	9.612	0.025
1425692281746	37.505581	139.928857	6	0.091	-0.283	9.525	0.005
1425692293544	37.505647	139.929031	5	0.104	0.043	9.409	3.820
