measurement_ms	latitude	longitude	gps_error_meter	accel_x_transverse	accel_y_longitudinal	accel_z_vertical	speed
1424219094822	37.490588	139.927837	10	-0.041	-0.271	9.448	9.695
1424219094923	37.490593	139.927827	10	-0.010	-0.177	9.357	9.590
1424219095019	37.490598	139.927818	10	-0.113	-0.358	9.714	9.491
1424219095120	37.490603	139.927808	10	-0.022	-0.506	9.679	9.388
1424219095220	37.490608	139.927798	10	-0.060	-0.500	9.434	9.287
1424219095321	37.490613	139.927789	10	0.008	-0.512	9.369	9.186
1424219095422	37.490618	139.927780	10	0.024	-0.612	9.503	9.086
1424219095523	37.490623	139.927770	10	0.252	-0.593	9.612	8.987
1424219095623	37.490628	139.927761	10	0.191	-0.476	9.504	8.890
1424219095719	37.490633	139.927753	10	0.114	-0.539	9.553	8.798
1424219095820	37.490636	139.927743	10	0.068	-0.650	9.573	8.750
1424219095920	37.490637	139.927733	10	0.129	-0.666	9.475	8.750
1424219096021	37.490638	139.927723	10	0.174	-0.634	9.321	8.750
1424219096122	37.490639	139.927713	10	0.271	-0.712	9.649	8.750
1424219096222	37.490640	139.927703	10	0.309	-0.902	9.695	8.750
1424219096323	37.490641	139.927693	10	0.321	-0.935	9.524	8.750
1424219096419	37.490641	139.927683	10	0.311	-0.940	9.497	8.750
1424219096519	37.490642	139.927673	10	0.256	-0.955	9.489	8.750
1424219096620	37.490643	139.927663	10	0.199	-0.995	9.544	8.750
1424219096721	37.490645	139.927653	10	0.223	-1.007	9.575	8.750
1424219096822	37.490646	139.927643	6	0.250	-0.984	9.636	8.750
1424219096922	37.490647	139.927633	6	0.282	-0.854	9.546	8.750
1424219097023	37.490648	139.927623	6	0.265	-0.861	9.452	8.750
1424219097119	37.490648	139.927613	6	0.272	-1.008	9.641	8.750
1424219097219	37.490649	139.927603	6	0.297	-1.105	9.764	8.750
1424219097320	37.490651	139.927593	6	0.282	-1.098	9.516	8.750
1424219097421	37.490652	139.927583	6	0.306	-1.086	9.426	8.750
1424219097521	37.490653	139.927573	6	0.314	-1.172	9.579	8.750
1424219097622	37.490654	139.927563	6	0.306	-1.192	9.569	8.750
1424219097723	37.490655	139.927553	6	0.319	-1.196	9.498	8.750
1424219097819	37.490656	139.927544	6	0.401	-1.186	9.514	8.655
1424219097919	37.490657	139.927537	6	0.413	-1.249	9.662	8.465
1424219098020	37.490658	139.927529	6	0.390	-1.169	9.365	8.276
1424219098121	37.490659	139.927522	6	0.519	-1.198	9.641	8.091
1424219098221	37.490660	139.927515	6	0.421	-1.201	9.713	7.913
1424219098322	37.490661	139.927507	6	0.271	-1.163	9.489	7.736
1424219098423	37.490662	139.927501	6	0.267	-1.285	9.605	7.563
1424219098519	37.490663	139.927494	6	0.291	-1.364	9.689	7.403
1424219098619	37.490665	139.927488	6	0.224	-1.185	9.501	7.239
1424219098720	37.490666	139.927481	6	0.218	-0.976	9.510	7.078
1424219098821	37.490666	139.927475	6	0.246	-0.826	9.489	6.945
1424219098921	37.490667	139.927468	6	0.130	-0.716	9.401	6.839
1424219099022	37.490667	139.927461	6	0.089	-0.667	9.457	6.734
1424219099123	37.490667	139.927455	6	0.125	-0.646	9.541	6.629
1424219099223	37.490668	139.927448	6	0.180	-0.626	9.566	6.528
1424219099319	37.490668	139.927442	6	0.167	-0.581	9.554	6.432
1424219099420	37.490669	139.927436	6	0.145	-0.561	9.577	6.332
1424219099521	37.490669	139.927430	6	0.179	-0.627	9.595	6.235
1424219099621	37.490669	139.927424	6	0.181	-0.631	9.541	6.139
1424219099722	37.490670	139.927418	6	0.093	-0.539	9.454	6.044
1424219099823	37.490670	139.927412	5	0.012	-0.453	9.456	5.910
1424219099923	37.490671	139.927406	5	-0.028	-0.376	9.523	5.743
1424219100019	37.490672	139.927400	5	0.038	-0.332	9.499	5.586
1424219100120	37.490673	139.927395	5	0.100	-0.313	9.460	5.426
1424219100220	37.490673	139.927389	5	0.114	-0.287	9.463	5.272
1424219100321	37.490674	139.927384	5	0.084	-0.257	9.464	5.120
1424219100422	37.490675	139.927379	5	0.056	-0.223	9.496	4.973
1424219100523	37.490675	139.927374	5	0.053	-0.223	9.485	4.831
1424219100623	37.490676	139.927369	5	0.036	-0.200	9.494	4.694
1424219100719	37.490677	139.927364	5	-0.041	-0.014	9.546	4.566
1424219100820	37.490677	139.927359	6	-0.137	0.255	9.508	4.500
1424219100920	37.490678	139.927354	6	-0.181	0.462	9.414	4.500
1424219101021	37.490678	139.927349	6	-0.200	0.534	9.423	4.500
1424219101122	37.490678	139.927344	6	-0.187	0.466	9.440	4.500
1424219101223	37.490679	139.927338	6	-0.148	0.374	9.459	4.500
1424219101323	37.490679	139.927333	6	-0.145	0.361	9.497	4.500
1424219101424	37.490680	139.927328	6	-0.160	0.412	9.456	4.500
1424219101520	37.490680	139.927323	6	-0.176	0.440	9.441	4.500
1424219245618	37.491117	139.922840	4	-0.171	0.415	9.461	9.250
1424219245623	37.491117	139.922840	4	-0.160	0.418	9.453	9.250
1424219245723	37.491118	139.922829	4	0.045	0.247	9.408	9.250
1424219245819	37.491120	139.922819	4	-0.024	0.297	8.940	9.238
1424219245920	37.491121	139.922809	4	-0.326	0.133	9.482	9.212
1424219246020	37.491122	139.922799	4	-0.207	0.072	9.512	9.187
1424219246121	37.491123	139.922789	4	0.187	0.055	9.465	9.161
1424219246222	37.491124	139.922778	4	0.338	-0.011	9.777	9.136
1424219246323	37.491125	139.922768	4	-0.099	-0.165	9.289	9.111
1424219246423	37.491126	139.922758	4	-0.346	-0.115	9.342	9.086
1424219246519	37.491127	139.922749	4	-0.509	-0.026	9.399	9.062
1424219246620	37.491128	139.922739	4	-0.484	0.102	9.259	9.037
1424219246720	37.491129	139.922729	4	-0.265	0.253	9.121	9.012
1424219246821	37.491131	139.922719	4	-0.281	-0.091	9.565	8.987
1424219246922	37.491133	139.922709	4	-0.417	-0.241	9.644	8.962
1424219247023	37.491134	139.922699	4	-0.392	-0.246	9.320	8.936
1424219247123	37.491136	139.922689	4	-0.380	-0.226	9.239	8.911
1424219247219	37.491138	139.922679	4	-0.264	-0.245	9.181	8.887
1424219247320	37.491139	139.922669	4	-0.104	-0.328	9.419	8.862
1424219247420	37.491141	139.922659	4	-0.270	-0.436	9.668	8.837
1424219247521	37.491143	139.922649	4	-0.264	-0.504	9.430	8.812
1424219247622	37.491145	139.922639	4	-0.236	-0.518	9.361	8.787
1424219247722	37.491146	139.922630	4	-0.293	-0.583	9.469	8.762
1424219247823	37.491148	139.922620	4	-0.260	-0.533	9.474	8.723
1424219247919	37.491149	139.922611	4	-0.180	-0.508	9.506	8.674
1424219248020	37.491151	139.922602	4	-0.111	-0.585	9.588	8.622
1424219248120	37.491153	139.922593	4	0.022	-0.625	9.616	8.572
1424219248221	37.491154	139.922583	4	0.053	-0.597	9.355	8.521
1424219248322	37.491156	139.922574	4	0.028	-0.564	9.262	8.470
1424219248422	37.491158	139.922565	4	-0.008	-0.572	9.419	8.421
1424219248523	37.491159	139.922556	4	-0.093	-0.556	9.551	8.371
1424219248619	37.491161	139.922547	4	-0.150	-0.561	9.571	8.324
1424219248719	37.491162	139.922539	4	-0.076	-0.594	9.594	8.275
1424219248820	37.491164	139.922530	4	0.063	-0.668	9.528	8.237
1424219248921	37.491165	139.922521	4	0.056	-0.658	9.451	8.212
1424219249022	37.491167	139.922513	4	0.021	-0.652	9.522	8.186
1424219249122	37.491168	139.922505	4	0.068	-0.647	9.644	8.161
1424219249223	37.491169	139.922497	4	0.156	-0.633	9.574	8.136
1424219249319	37.491171	139.922489	4	0.196	-0.605	9.586	8.112
1424219249419	37.491172	139.922480	4	0.054	-0.621	9.529	8.087
1424219249520	37.491174	139.922472	4	-0.157	-0.528	9.150	8.062
1424219249621	37.491175	139.922464	4	-0.029	-0.661	9.440	8.037
1424219249722	37.491176	139.922456	4	0.016	-0.734	9.691	8.012
1424219249822	37.491178	139.922448	4	0.040	-0.659	9.497	7.973
1424219249923	37.491180	139.922441	4	0.081	-0.651	9.469	7.921
1424219250019	37.491181	139.922434	4	0.201	-0.668	9.455	7.872
1424219250119	37.491183	139.922426	4	0.329	-0.711	9.479	7.822
1424219250220	37.491185	139.922419	4	0.377	-0.755	9.542	7.771
1424219250321	37.491186	139.922412	4	0.191	-0.721	9.185	7.721
1424219250421	37.491188	139.922405	4	0.064	-0.733	9.396	7.671
1424219250522	37.491190	139.922397	4	0.053	-0.770	9.810	7.621
1424219250623	37.491192	139.922390	4	-0.018	-0.745	9.540	7.571
1424219250719	37.491193	139.922384	4	0.030	-0.702	9.335	7.525
1424219250819	37.491195	139.922376	4	0.172	-0.714	9.551	7.488
1424219250920	37.491197	139.922368	4	0.244	-0.795	9.730	7.462
1424219251021	37.491198	139.922360	4	0.302	-0.778	9.611	7.436
1424219251121	37.491200	139.922352	4	0.307	-0.692	9.318	7.411
1424219251222	37.491202	139.922344	4	0.359	-0.676	9.448	7.386
1424219251323	37.491203	139.922336	4	0.317	-0.772	9.549	7.361
1424219251423	37.491205	139.922328	4	0.303	-0.755	9.540	7.336
1424219251519	37.491207	139.922321	4	0.302	-0.711	9.505	7.312
1424219251620	37.491208	139.922313	4	0.317	-0.729	9.553	7.287
1424219251721	37.491210	139.922305	4	0.264	-0.849	9.621	7.262
1424219251821	37.491211	139.922298	4	0.169	-0.844	9.527	7.195
1424219251922	37.491212	139.922291	4	0.120	-0.797	9.455	7.088
1424219252023	37.491213	139.922284	4	0.160	-0.802	9.508	6.983
1424219252123	37.491214	139.922278	4	0.228	-0.806	9.549	6.880
1424219252219	37.491215	139.922272	4	0.268	-0.794	9.555	6.783
1424219252320	37.491216	139.922265	4	0.288	-0.803	9.528	6.682
1424219252421	37.491217	139.922259	4	0.322	-0.812	9.515	6.582
1424219252521	37.491218	139.922253	4	0.319	-0.808	9.476	6.485
1424219252622	37.491219	139.922247	4	0.294	-0.823	9.483	6.389
1424219252723	37.491220	139.922241	4	0.264	-0.810	9.528	6.294
1424219252823	37.491220	139.922235	4	0.236	-0.787	9.537	6.193
1424219252919	37.491221	139.922228	4	0.204	-0.738	9.525	6.090
1424219253020	37.491222	139.922222	4	0.153	-0.669	9.515	5.984
1424219253120	37.491223	139.922216	4	0.106	-0.595	9.489	5.880
1424219253221	37.491223	139.922210	4	0.140	-0.518	9.476	5.777
1424219253322	37.491224	139.922204	4	0.186	-0.476	9.461	5.676
1424219253423	37.491225	139.922198	4	0.199	-0.451	9.459	5.577
1424219253523	37.491225	139.922192	4	0.159	-0.418	9.475	5.481
1424219253619	37.491226	139.922186	4	0.150	-0.378	9.530	5.390
1424219253720	37.491227	139.922181	4	0.165	-0.377	9.502	5.296
1424219253820	37.491228	139.922176	4	0.154	-0.381	9.510	5.195
1424219253921	37.491229	139.922171	4	0.102	-0.351	9.500	5.086
1424219254022	37.491231	139.922166	4	0.010	-0.168	9.522	4.978
1424219254122	37.491233	139.922161	4	-0.027	0.047	9.445	4.874
1424219254223	37.491234	139.922156	4	-0.064	0.208	9.451	4.771
1424219254319	37.491236	139.922152	4	-0.068	0.244	9.443	4.675
1424219254420	37.491237	139.922148	4	-0.072	0.239	9.413	4.576
1424219254520	37.491239	139.922143	4	-0.069	0.262	9.439	4.480
1424219254621	37.491240	139.922139	4	-0.066	0.267	9.447	4.386
1424219254722	37.491241	139.922135	4	-0.081	0.234	9.442	4.293
1424219254822	37.491243	139.922131	4	-0.105	0.238	9.461	4.191
1424219254923	37.491244	139.922126	4	-0.092	0.228	9.431	4.080
1424219255019	37.491245	139.922122	4	-0.061	0.227	9.416	3.976
1424219255120	37.491246	139.922118	4	-0.050	0.230	9.437	3.870
1424219255220	37.491247	139.922114	4	-0.047	0.226	9.444	3.767
1424219255321	37.491248	139.922110	4	-0.069	0.230	9.458	3.666
1424219255422	37.491250	139.922106	4	-0.086	0.212	9.463	3.568
1424219255522	37.491251	139.922102	4	-0.086	0.198	9.450	3.473
1424219306616	37.491555	139.919198	4	-0.084	0.186	9.451	7.500
1424219306622	37.491556	139.919197	4	-0.083	0.179	9.450	7.500
1424219306722	37.491557	139.919189	4	-0.242	-0.120	9.332	7.500
1424219306823	37.491557	139.919181	5	-0.291	-0.168	8.918	7.458
1424219306919	37.491557	139.919173	5	-0.394	-0.258	9.357	7.383
1424219307019	37.491556	139.919166	5	-0.532	-0.487	9.577	7.306
1424219307120	37.491556	139.919158	5	-0.552	-0.325	9.578	7.229
1424219307221	37.491556	139.919151	5	-0.680	-0.162	9.579	7.152
1424219307321	37.491556	139.919143	5	-0.514	-0.185	9.878	7.077
1424219307422	37.491556	139.919136	5	-0.526	-0.145	8.856	7.002
1424219307523	37.491555	139.919129	5	-0.605	-0.091	9.235	6.928
1424219307619	37.491555	139.919122	5	-0.464	-0.361	9.899	6.858
1424219307719	37.491555	139.919115	5	-0.310	-0.410	10.006	6.786
1424219307820	37.491556	139.919108	5	-0.232	-0.271	9.368	6.750
1424219307921	37.491557	139.919101	5	-0.285	-0.384	9.370	6.750
1424219308021	37.491559	139.919094	5	-0.402	-0.536	10.013	6.750
1424219308122	37.491560	139.919087	5	-0.205	-0.299	9.268	6.750
1424219308223	37.491562	139.919080	5	-0.283	-0.133	8.819	6.750
1424219308324	37.491563	139.919073	5	-0.293	-0.206	9.699	6.750
1424219308419	37.491565	139.919066	5	-0.201	-0.349	10.242	6.750
1424219308520	37.491566	139.919059	5	0.290	-0.290	9.871	6.750
1424219308621	37.491568	139.919052	5	0.544	-0.000	8.958	6.750
1424219308721	37.491569	139.919045	5	0.480	0.107	9.054	6.750
1424219308822	37.491570	139.919038	5	0.198	-0.105	9.585	6.737
1424219308923	37.491571	139.919031	5	0.249	-0.368	9.666	6.711
1424219309023	37.491572	139.919024	5	0.422	-0.171	9.218	6.686
1424219309119	37.491573	139.919018	5	0.647	0.063	9.206	6.662
1424219309220	37.491574	139.919011	5	0.753	0.092	9.502	6.636
1424219309321	37.491575	139.919004	5	0.817	-0.162	9.865	6.611
1424219309421	37.491576	139.918997	5	0.743	-0.336	9.607	6.586
1424219309522	37.491577	139.918990	5	0.536	-0.376	8.831	6.561
1424219309623	37.491578	139.918983	5	0.549	-0.451	9.311	6.536
1424219309723	37.491579	139.918976	5	0.328	-0.738	9.973	6.512
1424219309819	37.491579	139.918969	4	0.056	-0.922	9.848	6.461
1424219309920	37.491580	139.918962	4	0.009	-0.999	9.536	6.382
1424219310020	37.491580	139.918954	4	0.093	-0.845	9.173	6.304
1424219310121	37.491581	139.918947	4	0.301	-0.887	9.479	6.226
1424219310222	37.491581	139.918940	4	0.434	-0.925	9.900	6.150
1424219310322	37.491582	139.918933	4	0.396	-0.897	9.916	6.075
1424219310423	37.491582	139.918926	4	0.368	-0.840	9.320	6.000
1424219310519	37.491583	139.918919	4	0.271	-0.893	9.137	5.930
1424219310620	37.491583	139.918912	4	0.044	-0.930	9.389	5.857
1424219310720	37.491584	139.918905	4	0.043	-0.996	9.854	5.785
1424219310821	37.491584	139.918899	4	0.152	-0.950	9.708	5.723
1424219310922	37.491584	139.918893	4	0.161	-0.885	9.418	5.671
1424219311022	37.491585	139.918887	4	0.147	-0.853	9.246	5.620
1424219311123	37.491585	139.918881	4	0.191	-0.946	9.588	5.568
1424219311219	37.491585	139.918875	4	0.233	-1.030	9.815	5.520
1424219311320	37.491586	139.918869	4	0.269	-0.974	9.551	5.469
1424219311420	37.491586	139.918864	4	0.281	-0.944	9.369	5.420
1424219311521	37.491586	139.918858	4	0.270	-0.940	9.359	5.370
1424219311622	37.491587	139.918852	4	0.260	-0.849	9.489	5.321
1424219311722	37.491587	139.918847	4	0.234	-0.911	9.708	5.273
1424219311823	37.491587	139.918841	4	0.113	-1.015	9.679	5.207
1424219311919	37.491586	139.918836	4	0.060	-1.005	9.489	5.131
1424219312019	37.491585	139.918830	4	0.127	-0.947	9.458	5.052
1424219312120	37.491585	139.918825	4	0.239	-0.921	9.599	4.974
1424219312221	37.491584	139.918819	4	0.260	-0.911	9.593	4.897
1424219312322	37.491584	139.918814	4	0.239	-0.881	9.497	4.822
1424219312422	37.491583	139.918809	4	0.233	-0.760	9.509	4.748
1424219312523	37.491582	139.918803	4	0.190	-0.540	9.549	4.675
1424219312619	37.491582	139.918798	4	0.093	-0.351	9.455	4.606
1424219312719	37.491581	139.918794	4	-0.045	-0.108	9.448	4.535
1424219312820	37.491582	139.918788	4	-0.148	0.197	9.464	4.459
1424219312921	37.491583	139.918783	4	-0.220	0.479	9.419	4.378
1424219313022	37.491584	139.918777	4	-0.237	0.596	9.375	4.298
1424219313122	37.491585	139.918772	4	-0.246	0.543	9.420	4.220
1424219313223	37.491586	139.918767	4	-0.204	0.426	9.449	4.143
1424219313319	37.491587	139.918762	4	-0.166	0.376	9.465	4.071
1424219313419	37.491588	139.918757	4	-0.181	0.418	9.470	3.998
1424219313520	37.491589	139.918752	4	-0.207	0.471	9.443	3.925
1424219384615	37.491648	139.918428	6	-0.223	0.489	9.448	2.787
1424219391619	37.491743	139.918366	8	-0.222	0.489	9.447	1.566
1424219450619	37.493334	139.919326	8	-0.219	0.489	9.447	9.537
1424219450720	37.493341	139.919331	8	-0.116	0.324	9.543	9.512
1424219450820	37.493348	139.919337	8	0.019	0.224	9.495	9.487
1424219450921	37.493354	139.919342	8	0.209	0.200	9.304	9.462
1424219451022	37.493360	139.919347	8	0.284	0.099	9.292	9.436
1424219451122	37.493366	139.919353	8	0.408	-0.052	9.622	9.411
1424219451223	37.493371	139.919358	8	0.459	-0.154	9.652	9.386
1424219451319	37.493377	139.919363	8	0.446	-0.187	9.388	9.362
1424219451419	37.493383	139.919369	8	0.452	-0.210	9.314	9.337
1424219451520	37.493389	139.919374	8	0.474	-0.182	9.447	9.312
1424219451621	37.493394	139.919379	8	0.465	-0.083	9.564	9.287
1424219451722	37.493400	139.919384	8	0.451	-0.034	9.430	9.262
1424219451822	37.493407	139.919388	8	0.383	-0.115	9.503	9.223
1424219451923	37.493415	139.919391	8	0.222	-0.186	9.604	9.172
1424219452019	37.493423	139.919394	8	0.128	-0.172	9.571	9.123
1424219452119	37.493431	139.919397	8	0.191	-0.059	9.418	9.072
1424219452220	37.493439	139.919400	8	0.186	-0.031	9.419	9.022
1424219452321	37.493447	139.919403	8	0.271	-0.036	9.431	8.971
1424219452422	37.493454	139.919405	8	0.169	-0.102	9.599	8.921
1424219452522	37.493462	139.919408	8	0.028	-0.148	9.613	8.871
1424219452623	37.493470	139.919411	8	0.062	-0.083	9.399	8.822
1424219452719	37.493477	139.919414	8	0.163	-0.086	9.405	8.775
1424219452819	37.493485	139.919417	7	0.139	-0.104	9.448	8.725
1424219452920	37.493492	139.919421	7	0.184	-0.094	9.381	8.673
1424219453021	37.493500	139.919424	7	0.183	-0.124	9.396	8.622
1424219453121	37.493507	139.919428	7	0.140	-0.273	9.597	8.571
1424219453223	37.493515	139.919432	7	0.143	-0.341	9.652	8.520
1424219453323	37.493522	139.919436	7	0.237	-0.272	9.212	8.470
1424219453419	37.493530	139.919439	7	0.258	-0.302	9.324	8.422
1424219453519	37.493537	139.919443	7	0.302	-0.418	9.530	8.373
1424219453620	37.493544	139.919447	7	0.330	-0.476	9.536	8.323
1424219453721	37.493551	139.919450	7	0.367	-0.468	9.396	8.274
1424219453821	37.493558	139.919454	7	0.418	-0.495	9.362	8.237
1424219453922	37.493565	139.919457	7	0.398	-0.625	9.466	8.212
1424219454023	37.493571	139.919461	7	0.399	-0.651	9.468	8.186
1424219454119	37.493577	139.919464	7	0.394	-0.673	9.554	8.162
1424219454219	37.493584	139.919468	7	0.378	-0.813	9.620	8.137
1424219454320	37.493590	139.919471	7	0.350	-0.929	9.504	8.112
1424219454421	37.493596	139.919475	7	0.251	-1.031	9.419	8.086
1424219454521	37.493602	139.919478	7	0.198	-1.110	9.445	8.062
1424219454622	37.493609	139.919482	7	0.204	-1.179	9.543	8.037
1424219454723	37.493615	139.919485	7	0.193	-1.194	9.554	8.012
1424219454823	37.493622	139.919489	8	0.169	-1.221	9.619	7.987
1424219454919	37.493631	139.919493	8	0.091	-1.235	9.620	7.962
1424219455020	37.493639	139.919496	8	0.050	-1.181	9.464	7.937
1424219455121	37.493647	139.919500	8	0.093	-1.152	9.520	7.911
1424219455221	37.493656	139.919504	8	0.153	-1.119	9.623	7.886
1424219455322	37.493664	139.919508	8	0.171	-1.075	9.624	7.861
1424219455423	37.493673	139.919511	8	0.224	-1.038	9.561	7.836
1424219455523	37.493681	139.919515	8	0.298	-0.984	9.430	7.811
1424219455619	37.493689	139.919518	8	0.369	-0.937	9.384	7.787
1424219455720	37.493697	139.919522	8	0.436	-0.938	9.505	7.762
1424219455820	37.493704	139.919526	8	0.453	-0.945	9.554	7.724
1424219455921	37.493710	139.919530	8	0.520	-0.935	9.517	7.672
1424219456022	37.493716	139.919533	8	0.571	-0.988	9.584	7.621
1424219456123	37.493722	139.919537	8	0.499	-0.980	9.589	7.570
1424219456223	37.493728	139.919541	8	0.350	-0.933	9.461	7.519
1424219456319	37.493734	139.919544	8	0.335	-0.930	9.414	7.471
1424219456420	37.493740	139.919548	8	0.375	-0.988	9.527	7.421
1424219456520	37.493746	139.919551	8	0.307	-1.089	9.664	7.372
1424219456621	37.493751	139.919555	8	0.181	-1.112	9.578	7.322
1424219456722	37.493757	139.919558	8	0.138	-1.077	9.468	7.273
1424219456823	37.493762	139.919561	6	0.217	-1.097	9.562	7.193
1424219456923	37.493767	139.919563	6	0.308	-1.049	9.592	7.087
1424219457019	37.493771	139.919566	6	0.333	-0.916	9.472	6.987
1424219457125	37.493776	139.919568	6	0.339	-0.821	9.502	6.878
1424219457220	37.493780	139.919570	6	0.271	-0.738	9.567	6.782
1424219457319	37.493784	139.919572	6	0.241	-0.683	9.462	6.683
1424219457422	37.493789	139.919574	6	0.248	-0.659	9.421	6.581
1424219457521	37.493793	139.919576	6	0.231	-0.649	9.452	6.485
1424219457623	37.493797	139.919578	6	0.192	-0.643	9.495	6.388
1424219457719	37.493801	139.919580	6	0.159	-0.633	9.485	6.297
1424219457820	37.493805	139.919583	6	0.179	-0.625	9.487	6.196
1424219457920	37.493808	139.919586	6	0.204	-0.633	9.494	6.089
1424219458021	37.493811	139.919589	6	0.185	-0.654	9.490	5.983
1424219458122	37.493814	139.919592	6	0.186	-0.681	9.486	5.878
1424219458222	37.493817	139.919595	6	0.176	-0.609	9.512	5.776
1424219458323	37.493820	139.919598	6	0.072	-0.200	9.565	5.676
1424219458419	37.493823	139.919600	6	-0.066	0.248	9.450	5.581
1424219458520	37.493826	139.919603	6	-0.187	0.580	9.387	5.484
1424219458620	37.493829	139.919606	6	-0.178	0.571	9.373	5.389
1424219458721	37.493832	139.919609	6	-0.119	0.423	9.403	5.295
1424219458822	37.493835	139.919612	5	-0.087	0.313	9.466	5.160
1424219458922	37.493839	139.919615	5	-0.104	0.325	9.466	4.990
1424219459023	37.493842	139.919619	5	-0.133	0.413	9.428	4.823
1424219459119	37.493845	139.919622	5	-0.151	0.452	9.427	4.670
1424219459219	37.493849	139.919625	5	-0.150	0.403	9.436	4.515
1424219459320	37.493852	139.919628	5	-0.131	0.361	9.450	4.363
1424219459421	37.493855	139.919631	5	-0.129	0.378	9.452	4.217
1424219459522	37.493858	139.919634	5	-0.133	0.410	9.430	4.075
1424219500615	37.494279	139.919984	4	-0.142	0.410	9.424	4.288
1424219500620	37.494279	139.919984	4	-0.140	0.408	9.423	4.287
1424219500721	37.494282	139.919986	4	-0.144	0.210	9.305	4.262
1424219500822	37.494286	139.919988	4	-0.061	0.017	9.439	4.222
1424219500922	37.494289	139.919990	4	-0.010	-0.053	9.564	4.170
1424219501023	37.494292	139.919992	4	0.009	-0.022	9.476	4.118
1424219501119	37.494295	139.919993	4	0.094	-0.036	9.464	4.068
1424219501220	37.494298	139.919995	4	0.242	-0.040	9.551	4.017
1424219501320	37.494302	139.919997	4	0.374	-0.045	9.401	3.967
1424219501421	37.494305	139.919998	4	0.378	-0.143	9.458	3.917
1424219501522	37.494308	139.920000	4	0.362	-0.248	9.665	3.868
1424219501622	37.494311	139.920002	4	0.113	-0.143	9.292	3.820
1424219501723	37.494314	139.920003	4	-0.067	-0.154	9.195	3.772
1424219501819	37.494317	139.920005	4	0.019	-0.251	9.579	3.750
1424219501920	37.494320	139.920006	4	0.224	-0.310	9.765	3.750
1424219502020	37.494323	139.920007	4	0.237	-0.221	9.537	3.750
1424219502121	37.494326	139.920009	4	0.066	-0.124	9.128	3.750
1424219502222	37.494329	139.920010	4	0.084	-0.188	9.350	3.750
1424219502322	37.494332	139.920011	4	0.187	-0.262	9.725	3.750
1424219502423	37.494335	139.920012	4	0.225	-0.195	9.544	3.750
1424219502519	37.494338	139.920014	4	0.191	-0.114	9.259	3.750
1424219502619	37.494341	139.920015	4	0.177	-0.140	9.322	3.750
1424219502720	37.494344	139.920016	4	0.195	-0.209	9.606	3.750
1424219502821	37.494348	139.920018	4	0.154	-0.207	9.621	3.737
1424219502922	37.494351	139.920019	4	0.104	-0.195	9.459	3.711
1424219503022	37.494354	139.920021	4	0.137	-0.239	9.441	3.685
1424219503123	37.494356	139.920022	4	0.185	-0.246	9.468	3.660
1424219503219	37.494359	139.920023	4	0.181	-0.207	9.435	3.636
1424219503319	37.494362	139.920025	4	0.175	-0.220	9.460	3.611
1424219503420	37.494365	139.920026	4	0.161	-0.256	9.543	3.586
1424219503521	37.494368	139.920028	4	0.147	-0.277	9.499	3.561
1424219503622	37.494371	139.920029	4	0.155	-0.275	9.455	3.536
1424219503722	37.494374	139.920030	4	0.169	-0.282	9.480	3.512
1424219503823	37.494376	139.920032	4	0.199	-0.281	9.500	3.486
1424219503919	37.494379	139.920034	4	0.219	-0.267	9.478	3.462
1424219504019	37.494382	139.920035	4	0.217	-0.248	9.454	3.436
1424219504120	37.494384	139.920037	4	0.189	-0.238	9.465	3.410
1424219504221	37.494387	139.920039	4	0.165	-0.184	9.479	3.385
1424219504322	37.494390	139.920041	4	0.140	-0.114	9.479	3.360
1424219504422	37.494392	139.920042	4	0.114	-0.078	9.479	3.335
1424219504523	37.494395	139.920044	4	0.127	-0.082	9.440	3.310
1424219504619	37.494397	139.920046	4	0.100	0.014	9.467	3.287
1424219589616	37.498012	139.921259	5	0.097	0.022	9.474	9.961
1424219589621	37.498013	139.921259	5	0.095	0.024	9.484	9.962
1424219589722	37.498022	139.921260	5	-0.160	-0.144	9.448	9.988
1424219589823	37.498031	139.921262	6	-0.286	-0.247	9.232	9.987
1424219589923	37.498040	139.921265	6	-0.241	-0.393	9.294	9.961
1424219590019	37.498048	139.921267	6	-0.174	-0.368	9.435	9.937
1424219590120	37.498056	139.921269	6	-0.252	-0.155	9.689	9.912
1424219590220	37.498064	139.921272	6	-0.116	-0.248	9.494	9.887
1424219590321	37.498072	139.921274	6	-0.118	-0.285	9.415	9.861
1424219590422	37.498081	139.921277	6	-0.070	-0.399	9.488	9.836
1424219590523	37.498089	139.921279	6	0.080	-0.447	9.532	9.811
1424219590623	37.498097	139.921282	6	-0.012	-0.397	9.258	9.786
1424219590719	37.498105	139.921284	6	0.027	-0.408	9.357	9.763
1424219590820	37.498113	139.921286	8	0.114	-0.551	9.690	9.750
1424219590920	37.498122	139.921288	8	-0.037	-0.552	9.541	9.750
1424219591021	37.498131	139.921290	8	-0.094	-0.481	9.308	9.750
1424219591122	37.498140	139.921292	8	0.059	-0.619	9.329	9.750
1424219591222	37.498148	139.921294	8	0.019	-0.580	9.559	9.750
1424219591323	37.498157	139.921297	8	0.162	-0.443	9.688	9.750
1424219591419	37.498165	139.921299	8	0.162	-0.535	9.660	9.750
1424219591519	37.498174	139.921301	8	0.149	-0.734	9.417	9.750
1424219591620	37.498183	139.921303	8	0.062	-0.688	9.385	9.750
1424219591721	37.498192	139.921305	8	0.161	-0.699	9.406	9.750
1424219591822	37.498199	139.921308	8	0.153	-0.807	9.524	9.666
1424219591922	37.498204	139.921312	8	0.163	-0.809	9.483	9.506
1424219592023	37.498210	139.921315	8	0.280	-0.920	9.489	9.347
1424219592119	37.498215	139.921319	8	0.200	-0.965	9.315	9.198
1424219592219	37.498220	139.921322	8	0.269	-1.104	9.600	9.046
1424219592320	37.498226	139.921326	8	0.251	-1.162	9.652	8.894
1424219592421	37.498231	139.921329	8	0.178	-1.149	9.518	8.745
1424219592522	37.498236	139.921333	8	0.227	-1.179	9.457	8.599
1424219592622	37.498241	139.921336	8	0.250	-1.210	9.462	8.456
1424219592723	37.498246	139.921339	8	0.296	-1.202	9.541	8.315
1424219592819	37.498253	139.921342	8	0.298	-1.162	9.461	8.262
1424219592919	37.498262	139.921345	8	0.294	-1.099	9.574	8.287
1424219593020	37.498271	139.921347	8	0.338	-1.118	9.553	8.312
1424219593121	37.498281	139.921350	8	0.367	-1.187	9.592	8.337
1424219593221	37.498290	139.921353	8	0.336	-1.150	9.528	8.362
1424219593322	37.498300	139.921355	8	0.416	-0.953	9.082	8.387
1424219593423	37.498309	139.921358	8	0.440	-1.079	9.432	8.412
1424219593519	37.498318	139.921360	8	0.479	-1.235	9.806	8.437
1424219593619	37.498328	139.921363	8	0.537	-1.166	9.499	8.462
1424219593720	37.498337	139.921366	8	0.569	-1.127	9.390	8.487
1424219593821	37.498346	139.921368	7	0.534	-1.196	9.747	8.487
1424219593921	37.498353	139.921369	7	0.482	-1.195	9.652	8.462
1424219594022	37.498360	139.921370	7	0.212	-1.116	9.414	8.436
1424219594123	37.498368	139.921372	7	-0.024	-1.147	9.462	8.411
1424219594223	37.498375	139.921373	7	0.158	-1.110	9.566	8.386
1424219594319	37.498382	139.921374	7	0.341	-0.937	9.451	8.362
1424219594420	37.498389	139.921375	7	0.384	-0.630	9.434	8.337
1424219594521	37.498396	139.921377	7	0.415	-0.230	9.429	8.312
1424219594621	37.498403	139.921378	7	0.288	0.129	9.367	8.287
1424219594722	37.498411	139.921379	7	0.284	0.285	9.409	8.262
1424219594823	37.498417	139.921381	6	0.379	0.177	9.575	8.194
1424219594923	37.498424	139.921383	6	0.461	0.066	9.429	8.089
1424219595019	37.498429	139.921385	6	0.450	0.039	9.262	7.989
1424219595120	37.498436	139.921388	6	0.520	-0.073	9.498	7.885
1424219595220	37.498441	139.921390	6	0.652	-0.246	9.735	7.784
1424219595321	37.498447	139.921392	6	0.652	-0.201	9.529	7.683
1424219595422	37.498453	139.921394	6	0.436	-0.020	9.407	7.583
1424219595523	37.498459	139.921396	6	0.241	0.410	9.422	7.485
1424219595623	37.498465	139.921398	6	0.302	0.729	9.277	7.389
1424219595719	37.498470	139.921400	6	0.433	0.837	9.261	7.298
1424219595820	37.498475	139.921401	6	0.170	0.635	9.996	7.167
1424219595920	37.498479	139.921402	6	0.087	0.539	9.732	7.003
1424219596021	37.498482	139.921403	6	0.418	0.619	9.285	6.841
1424219596122	37.498486	139.921404	6	0.794	0.828	9.234	6.683
1424219596223	37.498489	139.921405	6	0.698	0.967	9.331	6.528
1424219596323	37.498493	139.921406	6	0.611	0.742	9.791	6.378
1424219596419	37.498496	139.921406	6	0.828	0.563	9.777	6.237
1424219596520	37.498499	139.921407	6	1.029	0.638	9.295	6.093
1424219621616	37.498164	139.923042	5	0.996	0.766	9.229	9.038
1424219621621	37.498164	139.923043	5	0.992	0.759	9.243	9.037
1424219621722	37.498161	139.923052	5	0.822	0.178	9.324	9.012
1424219621823	37.498159	139.923062	4	0.611	0.073	8.507	9.000
1424219621923	37.498156	139.923071	4	0.467	-0.207	9.149	9.000
1424219622019	37.498154	139.923080	4	0.360	-0.626	9.639	9.000
1424219622120	37.498151	139.923089	4	0.329	-0.831	9.680	9.000
1424219622220	37.498149	139.923098	4	0.150	-0.668	9.361	9.000
1424219622321	37.498146	139.923107	4	0.204	-0.688	9.406	9.000
1424219622422	37.498144	139.923116	4	0.343	-0.925	9.330	9.000
1424219622522	37.498141	139.923125	4	0.496	-0.986	9.566	9.000
1424219622623	37.498139	139.923135	4	0.542	-0.838	9.596	9.000
1424219622719	37.498136	139.923143	4	0.497	-0.807	9.509	9.000
1424219622820	37.498134	139.923153	4	0.398	-0.923	9.408	8.974
1424219622920	37.498131	139.923162	4	0.400	-1.019	9.520	8.923
1424219623021	37.498129	139.923172	4	0.385	-0.943	9.430	8.872
1424219623122	37.498126	139.923181	4	0.358	-0.810	9.360	8.821
1424219623222	37.498124	139.923190	4	0.378	-0.840	9.524	8.770
1424219623323	37.498122	139.923200	4	0.363	-0.861	9.623	8.720
1424219623419	37.498119	139.923208	4	0.350	-0.843	9.539	8.672
1424219623519	37.498117	139.923217	4	0.314	-0.829	9.473	8.623
1424219623620	37.498115	139.923227	4	0.344	-0.778	9.402	8.573
1424219623721	37.498112	139.923236	4	0.342	-0.784	9.532	8.524
1424219623822	37.498110	139.923245	4	0.321	-0.781	9.528	8.473
1424219623922	37.498107	139.923254	4	0.272	-0.791	9.522	8.422
1424219624023	37.498104	139.923263	4	0.253	-0.781	9.538	8.371
1424219624119	37.498101	139.923272	4	0.229	-0.705	9.437	8.322
1424219624219	37.498099	139.923281	4	0.281	-0.695	9.440	8.272
1424219624320	37.498096	139.923290	4	0.255	-0.722	9.533	8.221
1424219624421	37.498093	139.923299	4	0.236	-0.726	9.515	8.171
1424219624522	37.498091	139.923308	4	0.278	-0.664	9.417	8.121
1424219624622	37.498088	139.923317	4	0.325	-0.676	9.407	8.072
1424219624723	37.498085	139.923326	4	0.299	-0.728	9.554	8.023
1424219624819	37.498083	139.923334	4	0.328	-0.692	9.405	7.948
1424219624919	37.498082	139.923341	4	0.344	-0.680	9.394	7.843
1424219625020	37.498080	139.923349	4	0.282	-0.741	9.556	7.737
1424219625121	37.498079	139.923356	4	0.250	-0.769	9.533	7.634
1424219625221	37.498077	139.923364	4	0.272	-0.726	9.367	7.532
1424219625322	37.498075	139.923371	4	0.261	-0.726	9.485	7.432
1424219625423	37.498074	139.923378	4	0.248	-0.767	9.601	7.332
1424219625524	37.498072	139.923385	4	0.236	-0.745	9.436	7.234
1424219625619	37.498071	139.923392	4	0.229	-0.607	9.439	7.142
1424219625720	37.498070	139.923399	4	0.226	-0.428	9.477	7.047
1424219625821	37.498068	139.923405	4	0.201	-0.272	9.396	6.960
1424219625921	37.498066	139.923412	4	0.157	-0.200	9.341	6.881
1424219626022	37.498063	139.923418	4	0.120	-0.206	9.398	6.803
1424219626123	37.498061	139.923425	4	0.075	-0.223	9.452	6.726
1424219626223	37.498059	139.923431	4	0.044	-0.209	9.456	6.650
1424219626319	37.498057	139.923437	4	0.021	-0.134	9.459	6.578
1424219626420	37.498054	139.923443	4	-0.028	-0.019	9.532	6.503
1424219626521	37.498052	139.923449	4	-0.043	0.078	9.490	6.429
1424219626621	37.498050	139.923455	4	-0.024	0.149	9.438	6.356
1424219626722	37.498048	139.923461	4	0.026	0.167	9.397	6.284
1424219626823	37.498046	139.923467	4	0.009	0.142	9.433	6.125
1424219626923	37.498045	139.923472	4	-0.023	0.101	9.449	5.895
1424219627019	37.498044	139.923477	4	-0.041	0.084	9.425	5.681
1424219627120	37.498043	139.923482	4	-0.033	0.096	9.422	5.463
1424219627220	37.498042	139.923487	4	-0.026	0.097	9.432	5.256
1424219627321	37.498040	139.923492	4	-0.013	0.073	9.451	5.054
1424219627422	37.498039	139.923497	4	0.018	0.029	9.454	4.860
1424219627523	37.498038	139.923501	4	0.064	-0.015	9.440	4.673
1424219679619	37.497656	139.923553	5	0.082	-0.042	9.460	5.837
1424219679720	37.497648	139.923550	5	-0.025	-0.201	9.503	5.946
1424219679820	37.497642	139.923547	5	-0.160	-0.346	9.481	5.987
1424219679921	37.497637	139.923544	5	-0.156	-0.444	9.440	5.962
1424219680022	37.497632	139.923542	5	-0.149	-0.503	9.444	5.936
1424219680122	37.497627	139.923539	5	-0.160	-0.546	9.468	5.911
1424219680223	37.497622	139.923537	5	-0.218	-0.531	9.493	5.885
1424219680319	37.497618	139.923534	5	-0.222	-0.417	9.458	5.861
1424219680419	37.497613	139.923532	5	-0.217	-0.295	9.401	5.837
1424219680520	37.497609	139.923529	5	-0.186	-0.224	9.407	5.812
1424219680621	37.497604	139.923527	5	-0.110	-0.316	9.595	5.787
1424219680722	37.497599	139.923524	5	-0.077	-0.307	9.470	5.762
1424219680822	37.497595	139.923522	7	-0.077	-0.235	9.393	5.737
1424219680923	37.497591	139.923519	7	-0.132	-0.249	9.308	5.711
1424219681019	37.497588	139.923516	7	-0.051	-0.351	9.426	5.687
1424219681119	37.497584	139.923513	7	0.125	-0.508	9.671	5.661
1424219681220	37.497580	139.923511	7	0.171	-0.545	9.593	5.636
1424219681321	37.497576	139.923508	7	0.244	-0.465	9.387	5.611
1424219681422	37.497573	139.923505	7	0.422	-0.484	9.415	5.586
1424219681522	37.497569	139.923503	7	0.499	-0.497	9.536	5.561
1424219681623	37.497565	139.923500	7	0.603	-0.412	9.534	5.536
1424219681719	37.497562	139.923497	7	0.747	-0.339	9.515	5.512
1424219681819	37.497558	139.923495	7	0.862	-0.335	9.387	5.487
1424219681920	37.497554	139.923493	7	0.926	-0.313	9.407	5.462
1424219682021	37.497549	139.923491	7	0.951	-0.303	9.515	5.436
1424219682121	37.497545	139.923489	7	0.793	-0.299	9.463	5.411
1424219682222	37.497541	139.923487	7	0.679	-0.279	9.380	5.386
1424219682323	37.497537	139.923485	7	0.710	-0.262	9.433	5.360
1424219682419	37.497533	139.923484	7	0.623	-0.379	9.612	5.336
1424219682519	37.497528	139.923482	7	0.411	-0.397	9.477	5.312
1424219682620	37.497524	139.923480	7	0.295	-0.342	9.352	5.287
1424219682721	37.497520	139.923478	7	0.272	-0.348	9.470	5.262
1424219682821	37.497516	139.923476	6	0.368	-0.367	9.520	5.223
1424219682922	37.497512	139.923475	6	0.438	-0.370	9.426	5.171
1424219683023	37.497508	139.923473	6	0.458	-0.391	9.369	5.119
1424219683119	37.497504	139.923472	6	0.370	-0.398	9.431	5.070
1424219683219	37.497500	139.923470	6	0.222	-0.506	9.460	5.019
1424219683320	37.497496	139.923469	6	0.064	-0.588	9.469	4.969
1424219683421	37.497492	139.923467	6	-0.038	-0.664	9.467	4.919
1424219683521	37.497488	139.923466	6	-0.060	-0.715	9.492	4.870
1424219683622	37.497485	139.923464	6	-0.004	-0.692	9.427	4.821
1424219683723	37.497481	139.923463	6	0.004	-0.520	9.423	4.772
1424219683823	37.497477	139.923461	6	0.018	-0.322	9.507	4.707
1424219683919	37.497474	139.923460	6	0.044	-0.132	9.546	4.630
1424219684020	37.497470	139.923458	6	-0.028	0.002	9.443	4.550
1424219684121	37.497466	139.923456	6	-0.103	0.058	9.418	4.472
1424219684221	37.497463	139.923455	6	-0.138	-0.012	9.514	4.396
1424219684322	37.497460	139.923453	6	-0.147	0.007	9.531	4.320
1424219684423	37.497456	139.923452	6	-0.142	0.149	9.449	4.246
1424219684523	37.497453	139.923450	6	-0.144	0.430	9.473	4.173
1424219684619	37.497450	139.923449	6	-0.115	0.648	9.431	4.105
1424219684725	37.497446	139.923448	6	-0.011	0.788	9.321	4.031
1424219684820	37.497443	139.923446	6	0.107	0.711	9.345	3.973
1424219684919	37.497440	139.923444	6	0.236	0.469	9.391	3.921
1424219685022	37.497437	139.923442	6	0.326	0.285	9.412	3.868
1424219685121	37.497434	139.923440	6	0.271	0.177	9.527	3.817
1424219685223	37.497431	139.923438	6	0.188	0.057	9.426	3.765
1424219685319	37.497429	139.923436	6	0.145	-0.180	9.343	3.717
1424219685420	37.497426	139.923434	6	0.179	-0.482	9.454	3.667
1424219685520	37.497423	139.923433	6	0.292	-0.637	9.581	3.619
1424219685621	37.497420	139.923431	6	0.267	-0.660	9.518	3.570
1424219685722	37.497417	139.923429	6	0.157	-0.484	9.548	3.522
1424219685822	37.497415	139.923427	6	-0.022	-0.412	9.584	3.472
1424219685923	37.497412	139.923425	6	-0.096	-0.415	9.427	3.419
1424219686019	37.497409	139.923423	6	-0.041	-0.443	9.327	3.368
1424219686120	37.497406	139.923421	6	-0.043	-0.448	9.401	3.316
1424219686220	37.497404	139.923419	6	-0.100	-0.294	9.545	3.265
1424219686321	37.497401	139.923417	6	-0.157	-0.105	9.450	3.215
1424219686422	37.497399	139.923415	6	-0.196	-0.014	9.399	3.165
1424219686522	37.497396	139.923413	6	-0.208	-0.076	9.385	3.117
1424219686623	37.497394	139.923411	6	-0.152	-0.266	9.436	3.069
1424219686719	37.497391	139.923409	6	-0.203	-0.419	9.513	3.024
1424219686820	37.497389	139.923407	5	-0.314	-0.480	9.542	3.000
1424219686920	37.497386	139.923404	5	-0.288	-0.268	9.473	3.000
1424219687021	37.497384	139.923402	5	-0.324	-0.105	9.378	3.000
1424219687122	37.497381	139.923400	5	-0.397	-0.172	9.436	3.000
1424219687222	37.497379	139.923397	5	-0.395	-0.291	9.519	3.000
1424219687323	37.497376	139.923395	5	-0.319	-0.341	9.456	3.000
1424219687419	37.497374	139.923392	5	-0.281	-0.343	9.403	3.000
1424219687519	37.497371	139.923390	5	-0.361	-0.317	9.445	3.000
1424219687620	37.497369	139.923388	5	-0.350	-0.158	9.574	3.000
1424219687721	37.497366	139.923385	5	-0.282	-0.013	9.521	3.000
1424219687822	37.497364	139.923383	5	-0.210	0.093	9.481	2.956
1424219687922	37.497363	139.923380	5	-0.190	0.114	9.433	2.872
1424219688023	37.497362	139.923378	5	-0.278	-0.118	9.316	2.790
1424219688119	37.497361	139.923376	5	-0.257	-0.362	9.394	2.714
1424219688219	37.497360	139.923373	5	-0.120	-0.564	9.509	2.637
1424219688320	37.497359	139.923371	5	-0.121	-0.457	9.571	2.561
1424219688421	37.497358	139.923369	5	-0.273	-0.178	9.475	2.487
1424219688521	37.497357	139.923367	5	-0.434	0.092	9.414	2.417
1424219717616	37.497674	139.921682	6	-0.411	0.324	9.449	7.038
1424219717621	37.497674	139.921682	6	-0.403	0.324	9.458	7.037
1424219717722	37.497675	139.921674	6	-0.258	0.023	9.496	7.012
1424219717822	37.497677	139.921666	5	-0.125	-0.141	9.347	6.987
1424219717923	37.497679	139.921659	5	0.003	-0.183	9.422	6.961
1424219718019	37.497682	139.921652	5	0.080	-0.183	9.488	6.937
1424219718120	37.497684	139.921645	5	0.169	-0.188	9.358	6.911
1424219718220	37.497686	139.921637	5	0.189	-0.211	9.399	6.886
1424219718321	37.497688	139.921630	5	0.434	-0.297	9.798	6.861
1424219718422	37.497690	139.921623	5	0.253	-0.227	9.443	6.836
1424219718522	37.497693	139.921616	5	0.406	-0.153	9.350	6.811
1424219718623	37.497695	139.921608	5	0.207	-0.129	8.967	6.786
1424219718719	37.497697	139.921602	5	0.092	-0.206	9.267	6.763
1424219718819	37.497699	139.921595	6	0.221	-0.411	9.805	6.750
1424219718920	37.497701	139.921589	6	0.081	-0.512	9.862	6.750
1424219719021	37.497703	139.921583	6	0.023	-0.395	9.519	6.750
1424219719122	37.497705	139.921577	6	0.172	-0.341	9.183	6.750
1424219719222	37.497707	139.921570	6	0.315	-0.490	9.436	6.750
1424219719323	37.497709	139.921564	6	0.367	-0.675	9.755	6.750
1424219719419	37.497710	139.921558	6	0.426	-0.646	9.550	6.750
1424219719519	37.497712	139.921552	6	0.288	-0.601	9.260	6.750
1424219719621	37.497714	139.921546	6	0.221	-0.611	9.649	6.750
1424219719721	37.497716	139.921540	6	0.004	-0.689	9.653	6.750
1424219719821	37.497718	139.921534	6	-0.059	-0.553	9.177	6.737
1424219719922	37.497719	139.921527	6	-0.080	-0.617	9.302	6.711
1424219720023	37.497720	139.921520	6	0.005	-0.612	9.689	6.686
1424219720119	37.497721	139.921514	6	0.208	-0.525	9.937	6.662
1424219720219	37.497722	139.921508	6	0.408	-0.373	9.712	6.637
1424219720320	37.497724	139.921501	6	0.517	-0.300	9.559	6.611
1424219720421	37.497725	139.921494	6	0.345	-0.238	9.119	6.586
1424219720521	37.497726	139.921488	6	0.122	-0.287	9.192	6.561
1424219720622	37.497727	139.921481	6	-0.127	-0.481	9.509	6.536
1424219720723	37.497728	139.921475	6	-0.447	-0.549	9.311	6.512
1424219720819	37.497730	139.921469	4	-0.690	-0.606	9.164	6.475
1424219720919	37.497731	139.921462	4	-0.818	-0.724	9.382	6.423
1424219721020	37.497732	139.921455	4	-0.540	-0.738	9.654	6.371
1424219721121	37.497733	139.921449	4	-0.165	-0.701	9.603	6.320
1424219721221	37.497734	139.921442	4	0.156	-0.574	9.372	6.270
1424219721322	37.497735	139.921435	4	0.274	-0.498	9.171	6.219
1424219721423	37.497736	139.921429	4	0.576	-0.550	9.410	6.169
1424219721523	37.497737	139.921423	4	0.863	-0.725	9.801	6.120
1424219721619	37.497738	139.921416	4	0.825	-0.793	9.698	6.073
1424219721720	37.497739	139.921410	4	0.593	-0.809	9.366	6.024
1424219721821	37.497741	139.921404	3	0.376	-0.844	9.505	5.959
1424219721921	37.497742	139.921398	3	0.144	-0.999	9.581	5.880
1424219722022	37.497744	139.921392	3	-0.150	-1.120	9.310	5.802
1424219722123	37.497745	139.921386	3	-0.266	-1.316	9.432	5.724
1424219722223	37.497747	139.921381	3	-0.200	-1.436	9.701	5.648
1424219722319	37.497748	139.921375	3	-0.061	-1.329	9.553	5.576
1424219722420	37.497749	139.921370	3	0.035	-1.113	9.374	5.501
1424219722520	37.497751	139.921364	3	0.136	-0.881	9.484	5.428
1424219722622	37.497752	139.921359	3	0.121	-0.679	9.584	5.355
1424219722723	37.497753	139.921353	3	-0.031	-0.563	9.540	5.283
1424219722823	37.497755	139.921348	4	-0.117	-0.443	9.472	5.207
1424219722923	37.497756	139.921343	4	-0.137	-0.338	9.465	5.128
1424219723019	37.497757	139.921339	4	-0.147	-0.201	9.489	5.052
1424219723120	37.497758	139.921334	4	-0.123	-0.082	9.429	4.974
1424219723220	37.497759	139.921329	4	-0.145	-0.023	9.372	4.898
1424219723321	37.497760	139.921324	4	-0.168	-0.103	9.402	4.822
1424219723422	37.497761	139.921320	4	-0.110	-0.183	9.441	4.748
1424219723522	37.497762	139.921315	4	-0.100	-0.159	9.471	4.675
1424219723623	37.497763	139.921310	4	-0.192	-0.099	9.464	4.603
1424219723719	37.497764	139.921306	4	-0.196	-0.109	9.423	4.535
1424219723820	37.497765	139.921302	4	-0.128	-0.049	9.486	4.444
1424219723920	37.497766	139.921297	4	-0.059	0.096	9.491	4.334
1424219724021	37.497768	139.921293	4	-0.060	0.178	9.445	4.226
1424219724122	37.497770	139.921288	4	-0.120	0.193	9.422	4.119
1424219724222	37.497771	139.921284	4	-0.144	0.314	9.475	4.017
1424219724323	37.497773	139.921280	4	-0.128	0.563	9.468	3.916
1424219724419	37.497774	139.921276	4	-0.200	0.758	9.395	3.823
1424219724520	37.497776	139.921272	4	-0.272	0.829	9.372	3.727
1424219752617	37.499016	139.921539	7	-0.306	0.913	9.384	7.824
1424219752622	37.499016	139.921539	7	-0.310	0.909	9.377	7.822
1424219752723	37.499023	139.921540	7	-0.074	0.358	9.444	7.773
1424219752824	37.499031	139.921542	7	0.079	-0.114	9.573	7.750
1424219752919	37.499038	139.921546	7	0.093	-0.327	9.479	7.750
1424219753020	37.499046	139.921550	7	0.211	-0.543	9.541	7.750
1424219753121	37.499053	139.921554	7	0.353	-0.718	9.560	7.750
1424219753221	37.499060	139.921558	7	0.445	-0.786	9.382	7.750
1424219753322	37.499068	139.921562	7	0.445	-0.855	9.395	7.750
1424219753423	37.499075	139.921566	7	0.504	-0.844	9.548	7.750
1424219753523	37.499083	139.921570	7	0.421	-0.845	9.430	7.750
1424219753619	37.499090	139.921574	7	0.350	-0.935	9.604	7.750
1424219753720	37.499097	139.921578	7	0.264	-0.926	9.589	7.750
1424219753821	37.499105	139.921581	6	0.353	-1.005	9.592	7.737
1424219753921	37.499112	139.921584	6	0.443	-1.048	9.460	7.712
1424219754022	37.499119	139.921586	6	0.440	-1.113	9.531	7.686
1424219754123	37.499126	139.921589	6	0.432	-1.134	9.544	7.661
1424219754223	37.499133	139.921591	6	0.370	-1.126	9.544	7.636
1424219754319	37.499140	139.921593	6	0.258	-1.195	9.468	7.612
1424219754420	37.499147	139.921596	6	0.169	-1.256	9.492	7.587
1424219754520	37.499154	139.921598	6	0.242	-1.314	9.560	7.562
1424219754621	37.499162	139.921600	6	0.250	-1.343	9.432	7.537
1424219754722	37.499169	139.921603	6	0.430	-1.327	9.305	7.512
1424219754823	37.499176	139.921605	5	0.634	-1.439	9.666	7.487
1424219754923	37.499183	139.921607	5	0.637	-1.499	9.729	7.461
1424219755019	37.499189	139.921609	5	0.603	-1.438	9.390	7.437
1424219755120	37.499196	139.921611	5	0.642	-1.507	9.607	7.412
1424219755220	37.499203	139.921613	5	0.459	-1.480	9.453	7.386
1424219755321	37.499210	139.921615	5	0.207	-1.367	9.115	7.361
1424219755422	37.499217	139.921616	5	0.150	-1.361	9.304	7.336
1424219755523	37.499224	139.921618	5	0.232	-1.379	9.718	7.311
1424219755623	37.499231	139.921620	5	0.249	-1.125	9.702	7.286
1424219755719	37.499238	139.921622	5	0.136	-0.782	9.565	7.263
1424219755825	37.499243	139.921625	6	0.067	-0.730	9.750	7.191
1424219755920	37.499248	139.921628	6	0.178	-0.579	9.715	7.091
1424219756019	37.499252	139.921632	6	0.174	-0.289	9.200	6.987
1424219756122	37.499256	139.921636	6	-0.001	-0.210	9.167	6.881
1424219756221	37.499261	139.921639	6	-0.172	-0.262	9.434	6.781
1424219756323	37.499265	139.921642	6	-0.256	-0.296	9.531	6.679
1424219756419	37.499269	139.921646	6	-0.187	-0.251	9.429	6.584
1424219756520	37.499273	139.921649	6	-0.104	-0.246	9.418	6.486
1424219756620	37.499277	139.921652	6	-0.046	-0.336	9.502	6.391
1424219756721	37.499281	139.921655	6	0.042	-0.517	9.595	6.296
1424219756822	37.499286	139.921658	6	0.197	-0.556	9.511	6.209
1424219756922	37.499291	139.921661	6	0.246	-0.372	9.542	6.130
1424219757023	37.499296	139.921663	6	0.185	-0.169	9.418	6.051
1424219757119	37.499301	139.921666	6	0.037	-0.036	9.369	5.977
1424219757219	37.499306	139.921668	6	-0.081	0.011	9.465	5.901
1424219757320	37.499311	139.921671	6	-0.119	0.066	9.466	5.826
1424219757421	37.499316	139.921673	6	-0.139	0.221	9.445	5.751
1424219757522	37.499320	139.921675	6	-0.158	0.356	9.533	5.677
1424219784617	37.499814	139.920404	3	-0.121	0.439	9.434	8.250
1424219784620	37.499814	139.920404	3	-0.114	0.438	9.435	8.250
1424219784723	37.499817	139.920395	3	0.067	0.284	9.636	8.250
1424219784822	37.499819	139.920387	4	0.179	0.258	9.745	8.223
1424219784919	37.499822	139.920379	4	0.158	0.102	9.544	8.174
1424219785020	37.499824	139.920371	4	0.138	-0.031	9.478	8.122
1424219785121	37.499827	139.920362	4	-0.028	0.065	9.089	8.071
1424219785221	37.499829	139.920354	4	-0.138	0.217	8.913	8.021
1424219785322	37.499832	139.920346	4	0.007	-0.020	9.713	7.970
1424219785423	37.499834	139.920338	4	0.073	-0.055	9.971	7.920
1424219785524	37.499837	139.920330	4	-0.214	0.024	9.251	7.870
1424219785619	37.499839	139.920323	4	-0.181	0.097	8.965	7.823
1424219785720	37.499842	139.920315	4	0.013	-0.198	9.510	7.774
1424219785821	37.499844	139.920307	4	0.031	-0.442	9.829	7.737
1424219785921	37.499846	139.920299	4	-0.027	-0.090	9.687	7.712
1424219786022	37.499848	139.920292	4	-0.128	0.277	9.170	7.686
1424219786123	37.499850	139.920284	4	-0.055	0.066	9.139	7.661
1424219786223	37.499853	139.920276	4	-0.160	-0.216	9.561	7.636
1424219786319	37.499855	139.920269	4	-0.209	-0.059	9.727	7.612
1424219786420	37.499857	139.920261	4	-0.000	0.231	9.381	7.587
1424219786520	37.499859	139.920254	4	0.110	0.194	9.362	7.562
1424219786621	37.499861	139.920246	4	0.203	-0.094	9.613	7.537
1424219786722	37.499863	139.920239	4	0.102	-0.102	9.434	7.512
1424219786823	37.499866	139.920231	4	0.066	0.044	9.413	7.487
1424219786923	37.499868	139.920222	4	0.017	0.049	9.513	7.461
1424219787019	37.499871	139.920215	4	-0.117	0.037	9.316	7.437
1424219787120	37.499874	139.920206	4	-0.002	-0.047	9.488	7.412
1424219787220	37.499877	139.920198	4	0.050	0.015	9.537	7.386
1424219787321	37.499880	139.920190	4	0.043	0.096	9.300	7.361
1424219787422	37.499882	139.920182	4	0.018	0.022	9.397	7.336
1424219787522	37.499885	139.920174	4	-0.020	-0.029	9.623	7.311
1424219787623	37.499888	139.920166	4	0.012	-0.032	9.378	7.286
1424219787719	37.499891	139.920158	4	-0.085	0.110	9.015	7.263
1424219787820	37.499893	139.920150	4	-0.054	0.004	9.487	7.224
1424219787920	37.499895	139.920143	4	-0.017	-0.195	9.927	7.173
1424219788021	37.499897	139.920135	4	-0.055	-0.166	9.673	7.121
1424219788122	37.499899	139.920128	4	0.063	0.009	9.219	7.070
1424219788222	37.499901	139.920120	4	0.108	0.020	9.304	7.020
1424219788323	37.499903	139.920113	4	0.131	-0.175	9.556	6.969
1424219788419	37.499905	139.920106	4	0.061	-0.267	9.454	6.921
1424219788519	37.499907	139.920099	4	0.076	-0.163	9.403	6.872
1424219788620	37.499909	139.920092	4	-0.038	-0.099	9.306	6.823
1424219788721	37.499911	139.920084	4	-0.001	-0.294	9.590	6.774
1424219788822	37.499913	139.920077	3	0.142	-0.509	9.831	6.723
1424219788922	37.499915	139.920070	3	0.241	-0.436	9.550	6.672
1424219789023	37.499917	139.920063	3	0.265	-0.297	9.418	6.620
1424219789119	37.499920	139.920057	3	0.261	-0.172	9.331	6.571
1424219789219	37.499922	139.920050	3	0.122	-0.108	9.545	6.521
1424219789320	37.499924	139.920043	3	0.215	-0.112	9.661	6.470
1424219789421	37.499926	139.920036	3	0.058	0.147	8.999	6.420
1424219789522	37.499928	139.920029	3	-0.038	0.213	9.318	6.370
1424219789622	37.499930	139.920023	3	-0.005	0.072	9.830	6.322
1424219789723	37.499932	139.920016	3	-0.078	-0.005	9.679	6.273
1424219789819	37.499934	139.920010	4	-0.128	0.081	9.315	6.238
1424219789919	37.499936	139.920004	4	-0.091	0.025	9.293	6.212
1424219790020	37.499938	139.919998	4	0.090	0.020	9.658	6.187
1424219790121	37.499940	139.919992	4	0.061	0.211	9.302	6.161
1424219790221	37.499942	139.919986	4	0.067	0.206	9.054	6.136
1424219790322	37.499944	139.919980	4	0.066	0.151	9.427	6.111
1424219790423	37.499945	139.919974	4	-0.072	0.287	9.289	6.086
1424219790524	37.499947	139.919968	4	-0.041	0.065	9.789	6.061
1424219790619	37.499949	139.919963	4	0.038	-0.124	9.920	6.037
1424219790720	37.499951	139.919957	4	-0.069	-0.024	9.128	6.012
1424219790821	37.499953	139.919951	4	0.005	-0.004	9.180	5.987
1424219790921	37.499954	139.919945	4	0.230	-0.156	9.609	5.962
1424219791022	37.499956	139.919939	4	0.417	-0.282	9.631	5.936
1424219791123	37.499957	139.919933	4	0.414	-0.198	9.440	5.911
1424219791223	37.499959	139.919927	4	0.318	-0.144	9.337	5.885
1424219791319	37.499960	139.919921	4	0.283	-0.114	9.322	5.861
1424219791420	37.499962	139.919915	4	0.172	-0.105	9.701	5.836
1424219791520	37.499963	139.919910	4	0.197	-0.174	9.580	5.812
1424219791621	37.499965	139.919904	4	0.225	-0.287	9.262	5.787
1424219791722	37.499966	139.919898	4	0.215	-0.363	9.550	5.762
1424219791823	37.499968	139.919891	4	0.298	-0.245	9.607	5.722
1424219791923	37.499970	139.919885	4	0.060	-0.020	8.964	5.671
1424219792019	37.499972	139.919879	4	0.146	-0.252	9.501	5.621
1424219792120	37.499974	139.919872	4	0.348	-0.489	9.971	5.570
1424219792220	37.499976	139.919865	4	0.295	-0.490	9.622	5.519
1424219792321	37.499978	139.919859	4	0.282	-0.441	9.200	5.469
1424219792422	37.499980	139.919853	4	0.326	-0.479	9.524	5.419
1424219792523	37.499982	139.919846	4	0.352	-0.505	9.588	5.369
1424219792623	37.499984	139.919840	4	0.075	-0.379	8.944	5.321
1424219792719	37.499986	139.919834	4	0.112	-0.541	9.417	5.274
1424219792820	37.499988	139.919829	4	0.300	-0.722	10.034	5.224
1424219792920	37.499989	139.919824	4	0.205	-0.610	9.360	5.172
1424219793021	37.499991	139.919819	4	0.290	-0.622	9.227	5.120
1424219793122	37.499993	139.919814	4	0.244	-0.387	9.443	5.068
1424219793223	37.499994	139.919810	4	-0.071	-0.023	9.662	5.017
1424219793323	37.499996	139.919805	4	-0.034	0.053	9.680	4.967
1424219793419	37.499998	139.919801	4	0.044	0.020	9.548	4.920
1424219793520	37.499999	139.919796	4	-0.011	0.079	9.199	4.870
1424219793620	37.500001	139.919792	4	-0.153	0.082	9.159	4.822
1424219793721	37.500002	139.919787	4	-0.130	0.011	9.643	4.773
1424219793822	37.500004	139.919782	4	0.056	-0.100	10.020	4.737
1424219793922	37.500005	139.919777	4	0.138	0.080	9.246	4.711
1424219794023	37.500006	139.919772	4	0.066	0.190	8.936	4.685
1424219794119	37.500007	139.919768	4	-0.066	0.307	9.494	4.661
1424219794220	37.500008	139.919763	4	0.038	0.436	9.570	4.636
1424219794320	37.500010	139.919758	4	0.044	0.272	9.374	4.611
1424219794421	37.500011	139.919753	4	-0.230	0.218	9.417	4.586
1424219794522	37.500012	139.919748	4	-0.399	0.210	9.313	4.561
1424219794622	37.500013	139.919743	4	-0.322	0.140	9.454	4.536
1424219794723	37.500014	139.919738	4	-0.289	0.074	9.485	4.511
1424219794819	37.500016	139.919734	3	-0.216	-0.068	9.431	4.487
1424219794919	37.500017	139.919729	3	0.000	-0.258	9.432	4.462
1424219795020	37.500018	139.919725	3	0.212	-0.357	9.449	4.436
1424219795121	37.500019	139.919720	3	0.181	-0.280	9.373	4.411
1424219795222	37.500021	139.919716	3	0.027	-0.049	9.438	4.385
1424219795322	37.500022	139.919711	3	0.003	0.051	9.621	4.360
1424219795423	37.500023	139.919707	3	0.063	-0.070	9.559	4.335
1424219795519	37.500024	139.919703	3	0.209	-0.140	9.347	4.311
1424219795619	37.500025	139.919698	3	0.356	-0.181	9.325	4.287
1424219795720	37.500026	139.919694	3	0.309	-0.277	9.458	4.262
1424219795821	37.500028	139.919690	3	0.142	-0.368	9.451	4.208
1424219795921	37.500029	139.919686	3	0.046	-0.469	9.364	4.127
1424219796022	37.500030	139.919683	3	-0.038	-0.514	9.484	4.047
1424219796123	37.500031	139.919679	3	-0.111	-0.561	9.578	3.969
1424219796219	37.500032	139.919675	3	-0.118	-0.531	9.463	3.895
1424219796319	37.500033	139.919672	3	-0.013	-0.446	9.425	3.820
1424219796420	37.500034	139.919668	3	0.212	-0.270	9.319	3.746
1424219796521	37.500035	139.919665	3	0.517	-0.135	9.067	3.673
1424219796621	37.500037	139.919662	3	0.572	-0.545	9.763	3.603
1424219796722	37.500038	139.919659	3	0.088	-0.817	10.138	3.533
1424219796823	37.500039	139.919655	4	-0.127	-0.634	9.495	3.456
1424219796919	37.500040	139.919651	4	0.030	-0.478	9.179	3.377
1424219797019	37.500041	139.919647	4	0.090	-0.405	9.465	3.296
1424219797120	37.500043	139.919643	4	-0.038	-0.265	9.621	3.217
1424219797221	37.500044	139.919639	4	-0.064	-0.069	9.385	3.139
1424219797321	37.500045	139.919636	4	0.155	0.066	9.289	3.064
1424219797422	37.500046	139.919632	4	0.329	0.018	9.436	2.991
1424219797523	37.500047	139.919628	4	0.205	-0.063	9.494	2.919
1424219797624	37.500048	139.919625	4	0.016	-0.049	9.402	2.848
1424219797719	37.500049	139.919622	4	0.016	-0.024	9.454	2.784
1424219797820	37.500050	139.919618	4	0.142	-0.070	9.524	2.737
1424219797921	37.500050	139.919615	4	0.105	-0.070	9.508	2.711
1424219798021	37.500051	139.919612	4	0.007	-0.038	9.425	2.685
1424219798122	37.500051	139.919609	4	0.044	0.003	9.418	2.659
1424219798223	37.500051	139.919606	4	0.155	0.062	9.431	2.634
1424219798323	37.500052	139.919602	4	0.189	0.157	9.452	2.609
1424219798419	37.500052	139.919600	4	0.074	0.192	9.447	2.585
1424219798525	37.500052	139.919596	4	-0.062	0.135	9.496	2.559
1424219815615	37.500345	139.919610	5	-0.079	0.072	9.562	3.750
1424219815620	37.500346	139.919610	5	-0.076	0.064	9.565	3.750
1424219815721	37.500349	139.919611	5	0.114	-0.364	9.499	3.750
1424219815821	37.500353	139.919613	5	0.201	-0.625	9.397	3.750
1424219815922	37.500357	139.919614	5	0.254	-0.795	9.499	3.750
1424219816023	37.500361	139.919616	5	0.228	-0.931	9.621	3.750
1424219816124	37.500364	139.919617	5	0.172	-1.054	9.678	3.750
1424219816219	37.500368	139.919618	5	0.160	-1.059	9.537	3.750
1424219816320	37.500372	139.919620	5	0.178	-1.024	9.433	3.750
1424219816421	37.500376	139.919621	5	0.206	-1.028	9.520	3.750
1424219816521	37.500380	139.919623	5	0.251	-1.006	9.568	3.750
1424219816622	37.500383	139.919624	5	0.296	-0.951	9.478	3.750
1424219816723	37.500387	139.919625	5	0.307	-0.947	9.479	3.750
1424219816823	37.500391	139.919627	5	0.287	-0.954	9.557	3.786
1424219816919	37.500395	139.919629	5	0.247	-0.955	9.527	3.853
1424219817020	37.500399	139.919630	5	0.215	-0.953	9.500	3.925
1424219817121	37.500403	139.919632	5	0.203	-0.978	9.513	3.998
1424219817221	37.500407	139.919634	5	0.180	-1.006	9.533	4.071
1424219817322	37.500412	139.919636	5	0.132	-0.806	9.554	4.147
1424219817423	37.500416	139.919638	5	-0.009	-0.251	9.561	4.224
1424219817523	37.500421	139.919640	5	-0.142	0.289	9.424	4.302
1424219817619	37.500425	139.919642	5	-0.217	0.538	9.346	4.378
1424219817720	37.500430	139.919644	5	-0.203	0.445	9.354	4.459
1424219817821	37.500434	139.919646	5	-0.149	0.274	9.433	4.487
1424219817921	37.500438	139.919648	5	-0.109	0.179	9.463	4.461
1424219818022	37.500442	139.919650	5	-0.126	0.223	9.426	4.436
1424219818123	37.500446	139.919652	5	-0.185	0.326	9.452	4.410
1424219818223	37.500450	139.919654	5	-0.187	0.350	9.423	4.385
1424219818319	37.500454	139.919656	5	-0.164	0.306	9.404	4.361
1424219818420	37.500458	139.919657	5	-0.153	0.261	9.455	4.336
1424219818520	37.500461	139.919659	5	-0.160	0.272	9.478	4.311
1424219907617	37.499944	139.922937	9	-0.167	0.301	9.430	8.250
1424219907622	37.499944	139.922938	9	-0.165	0.298	9.430	8.250
1424219907723	37.499942	139.922947	9	-0.034	0.059	9.481	8.250
1424219907823	37.499940	139.922955	6	0.044	-0.094	9.594	8.223
1424219907919	37.499939	139.922963	6	0.017	-0.137	9.466	8.174
1424219908020	37.499938	139.922970	6	-0.077	-0.135	9.311	8.122
1424219908120	37.499937	139.922978	6	0.065	-0.200	9.408	8.071
1424219908221	37.499936	139.922986	6	0.269	-0.138	9.413	8.021
1424219908322	37.499935	139.922994	6	0.342	-0.106	9.409	7.970
1424219908422	37.499934	139.923001	6	0.405	-0.157	9.459	7.920
1424219908523	37.499933	139.923009	6	0.406	-0.112	9.362	7.871
1424219908619	37.499932	139.923016	6	0.335	-0.059	9.404	7.823
1424219908720	37.499931	139.923023	6	0.280	-0.014	9.522	7.774
1424219908820	37.499928	139.923031	6	0.268	0.020	9.541	7.724
1424219908921	37.499925	139.923040	6	0.241	0.074	9.368	7.672
1424219909022	37.499921	139.923049	6	0.326	0.113	9.394	7.621
1424219909122	37.499918	139.923058	6	0.439	0.108	9.554	7.570
1424219909223	37.499914	139.923066	6	0.388	0.153	9.364	7.519
1424219909319	37.499911	139.923074	6	0.371	0.132	9.468	7.471
1424219909419	37.499908	139.923083	6	0.339	0.117	9.649	7.422
1424219909520	37.499904	139.923091	6	0.227	0.092	9.596	7.372
1424219915618	37.499836	139.923467	5	0.131	0.184	9.307	5.037
1424219915623	37.499836	139.923467	5	0.131	0.185	9.294	5.036
1424219915719	37.499835	139.923472	5	0.207	0.017	9.378	5.012
1424219915819	37.499833	139.923478	5	0.320	-0.133	9.554	5.012
1424219915920	37.499832	139.923484	5	0.319	-0.148	9.398	5.037
1424219916021	37.499831	139.923490	5	0.284	-0.100	9.261	5.062
1424219916122	37.499829	139.923496	5	0.385	-0.133	9.493	5.087
1424219916222	37.499828	139.923503	5	0.374	-0.221	9.603	5.111
1424219916323	37.499826	139.923509	5	0.221	-0.210	9.435	5.137
1424219916419	37.499825	139.923515	5	0.167	-0.201	9.374	5.161
1424219916519	37.499824	139.923521	5	0.174	-0.185	9.533	5.186
1424219916620	37.499822	139.923528	5	0.252	-0.213	9.477	5.212
1424219916721	37.499821	139.923534	5	0.341	-0.228	9.372	5.237
1424219916822	37.499819	139.923540	6	0.327	-0.260	9.551	5.208
1424219916922	37.499817	139.923547	6	0.238	-0.202	9.501	5.129
1424219917023	37.499815	139.923553	6	0.177	-0.136	9.326	5.049
1424219917119	37.499814	139.923559	6	0.178	-0.196	9.388	4.975
1424219917219	37.499812	139.923565	6	0.165	-0.196	9.570	4.899
1424219917320	37.499810	139.923571	6	0.151	-0.035	9.472	4.823
1424219917421	37.499809	139.923576	6	0.142	0.139	9.382	4.749
1424219917521	37.499807	139.923582	6	0.189	0.254	9.355	4.676
1424219917622	37.499805	139.923588	6	0.179	0.325	9.323	4.604
1424219917723	37.499804	139.923593	6	0.144	0.330	9.415	4.533
1424219917819	37.499802	139.923599	7	0.120	0.258	9.591	4.460
1424219917919	37.499800	139.923604	7	0.094	0.229	9.567	4.380
1424219918020	37.499799	139.923610	7	0.045	0.281	9.351	4.300
1424219918121	37.499797	139.923615	7	0.040	0.305	9.371	4.221
1424219918221	37.499795	139.923621	7	0.069	0.259	9.470	4.145
1424219918322	37.499794	139.923626	7	0.086	0.231	9.454	4.069
1424219918423	37.499792	139.923631	7	0.082	0.247	9.473	3.995
1424219918523	37.499791	139.923636	7	0.085	0.226	9.460	3.923
1424219918619	37.499789	139.923641	7	0.075	0.197	9.350	3.855
1424219929616	37.499680	139.923917	5	0.075	0.196	9.348	2.710
1424219929621	37.499680	139.923917	5	0.077	0.195	9.347	2.711
1424219929722	37.499679	139.923920	5	0.137	0.089	9.362	2.737
1424219929823	37.499677	139.923923	6	0.152	-0.004	9.425	2.750
1424219929919	37.499676	139.923925	6	0.168	-0.027	9.464	2.750
1424219930019	37.499674	139.923928	6	0.200	-0.049	9.457	2.750
1424219930120	37.499673	139.923932	6	0.217	-0.080	9.467	2.750
1424219930221	37.499671	139.923935	6	0.204	-0.115	9.487	2.750
1424219930321	37.499670	139.923938	6	0.193	-0.125	9.479	2.750
1424219930422	37.499668	139.923941	6	0.225	-0.108	9.462	2.750
1424219930523	37.499667	139.923944	6	0.248	-0.100	9.439	2.750
1424219930624	37.499665	139.923947	6	0.251	-0.082	9.401	2.750
1424219930719	37.499664	139.923949	6	0.241	-0.088	9.450	2.750
1424219930820	37.499662	139.923952	6	0.232	-0.083	9.484	2.750
1424219930921	37.499661	139.923955	6	0.249	-0.108	9.440	2.750
1424219931021	37.499660	139.923958	6	0.262	-0.140	9.429	2.750
1424219931122	37.499659	139.923961	6	0.254	-0.146	9.479	2.750
1424219931223	37.499658	139.923964	6	0.253	-0.125	9.467	2.750
1424219931323	37.499657	139.923967	6	0.259	-0.131	9.451	2.750
1424219931419	37.499657	139.923970	6	0.278	-0.119	9.428	2.750
1424219931520	37.499656	139.923973	6	0.258	-0.097	9.447	2.750
1424220147619	37.502175	139.926394	6	0.227	-0.091	9.480	8.750
1424220147720	37.502183	139.926397	6	0.126	-0.035	9.150	8.750
1424220147820	37.502191	139.926400	5	0.097	0.015	9.151	8.750
1424220147921	37.502199	139.926404	5	0.103	-0.098	9.473	8.750
1424220148022	37.502206	139.926408	5	0.023	-0.101	9.494	8.750
1424220148123	37.502214	139.926412	5	0.084	-0.018	9.248	8.750
1424220148223	37.502222	139.926416	5	0.213	-0.177	9.444	8.750
1424220148319	37.502229	139.926420	5	0.285	-0.216	9.563	8.750
1424220148420	37.502237	139.926424	5	0.200	-0.162	9.461	8.750
1424220148520	37.502245	139.926428	5	0.069	-0.198	9.355	8.750
1424220148621	37.502253	139.926432	5	-0.019	-0.255	9.282	8.750
1424220148722	37.502260	139.926436	5	0.015	-0.242	9.439	8.750
1424220148823	37.502268	139.926440	5	-0.005	-0.277	9.521	8.750
1424220148923	37.502275	139.926443	5	0.049	-0.344	9.537	8.750
1424220149020	37.502282	139.926447	5	0.034	-0.268	9.022	8.750
1424220149120	37.502290	139.926450	5	0.157	-0.360	9.298	8.750
1424220149220	37.502297	139.926454	5	0.270	-0.457	9.804	8.750
1424220149321	37.502305	139.926457	5	0.332	-0.358	9.528	8.750
1424220149422	37.502312	139.926461	5	0.242	-0.358	9.573	8.750
1424220149522	37.502320	139.926464	5	0.194	-0.484	9.375	8.750
1424220149623	37.502327	139.926468	5	0.218	-0.409	9.493	8.750
1424220149719	37.502334	139.926471	5	0.105	-0.354	9.545	8.750
1424220149820	37.502342	139.926475	5	-0.007	-0.432	9.724	8.750
1424220149920	37.502350	139.926478	5	0.148	-0.376	9.334	8.750
1424220150021	37.502357	139.926481	5	0.250	-0.372	9.311	8.750
1424220150122	37.502365	139.926484	5	0.192	-0.420	9.484	8.750
1424220150222	37.502373	139.926487	5	0.134	-0.422	9.474	8.750
1424220150323	37.502381	139.926490	5	0.145	-0.387	9.324	8.750
1424220150419	37.502388	139.926492	5	0.111	-0.483	9.421	8.750
1424220150519	37.502396	139.926495	5	0.137	-0.574	9.630	8.750
1424220150620	37.502403	139.926499	5	0.286	-0.560	9.503	8.750
1424220150721	37.502411	139.926502	5	0.327	-0.541	9.292	8.750
1424220150822	37.502418	139.926505	5	0.303	-0.558	9.309	8.723
1424220150922	37.502425	139.926508	5	0.337	-0.649	9.472	8.672
1424220151023	37.502431	139.926512	5	0.362	-0.755	9.647	8.621
1424220151119	37.502437	139.926515	5	0.341	-0.780	9.546	8.572
1424220151219	37.502444	139.926519	5	0.250	-0.763	9.297	8.522
1424220151320	37.502450	139.926522	5	0.294	-0.903	9.468	8.471
1424220151421	37.502456	139.926525	5	0.274	-1.047	9.466	8.421
1424220151521	37.502463	139.926529	5	0.368	-1.131	9.551	8.372
1424220151622	37.502469	139.926532	5	0.325	-1.085	9.399	8.322
1424220151723	37.502475	139.926535	5	0.397	-1.043	9.535	8.273
1424220151819	37.502481	139.926539	4	0.453	-1.077	9.644	8.225
1424220151919	37.502489	139.926542	4	0.380	-1.151	9.568	8.174
1424220152020	37.502496	139.926545	4	0.232	-1.105	9.314	8.122
1424220152121	37.502503	139.926548	4	0.191	-1.061	9.413	8.071
1424220152221	37.502510	139.926551	4	0.156	-1.106	9.562	8.021
1424220152322	37.502517	139.926554	4	0.088	-1.060	9.460	7.970
1424220152423	37.502524	139.926557	4	0.173	-1.061	9.424	7.920
1424220152524	37.502530	139.926560	4	0.447	-1.093	9.663	7.870
1424220152619	37.502537	139.926563	4	0.501	-1.034	9.570	7.823
1424220152720	37.502544	139.926566	4	0.462	-0.971	9.350	7.774
1424220152821	37.502550	139.926569	4	0.415	-0.986	9.386	7.724
1424220152921	37.502556	139.926571	4	0.369	-0.992	9.459	7.672
1424220153022	37.502563	139.926574	4	0.297	-1.098	9.466	7.621
1424220153123	37.502569	139.926577	4	0.269	-1.136	9.606	7.570
1424220153223	37.502575	139.926580	4	0.236	-1.085	9.425	7.519
1424220153319	37.502580	139.926583	4	0.201	-1.056	9.418	7.471
1424220153420	37.502586	139.926586	4	0.258	-1.102	9.543	7.421
1424220153521	37.502592	139.926589	4	0.263	-1.133	9.534	7.371
1424220153621	37.502598	139.926592	4	0.222	-1.076	9.457	7.322
1424220153722	37.502604	139.926595	4	0.259	-1.021	9.474	7.273
1424220153823	37.502610	139.926597	4	0.393	-1.052	9.491	7.208
1424220153923	37.502616	139.926599	4	0.415	-1.076	9.503	7.130
1424220154024	37.502621	139.926601	4	0.310	-1.013	9.456	7.052
1424220154120	37.502627	139.926603	4	0.209	-0.924	9.443	6.978
1424220154219	37.502632	139.926605	4	0.204	-0.885	9.517	6.903
1424220154321	37.502637	139.926607	4	0.241	-0.890	9.573	6.827
1424220154420	37.502643	139.926609	4	0.210	-0.854	9.479	6.753
1424220154523	37.502648	139.926611	4	0.181	-0.809	9.421	6.678
1424220154622	37.502653	139.926613	4	0.199	-0.799	9.484	6.606
1424220154719	37.502658	139.926615	4	0.248	-0.818	9.520	6.536
1424220154820	37.502663	139.926617	4	0.255	-0.801	9.503	6.446
1424220154920	37.502668	139.926619	4	0.219	-0.780	9.486	6.339
1424220155021	37.502673	139.926622	4	0.198	-0.783	9.501	6.233
1424220155122	37.502678	139.926624	4	0.194	-0.800	9.505	6.129
1424220155222	37.502683	139.926626	4	0.172	-0.839	9.498	6.027
1424220155323	37.502687	139.926628	4	0.169	-0.852	9.485	5.926
1424220155419	37.502692	139.926630	4	0.186	-0.827	9.477	5.832
1424220155520	37.502696	139.926632	4	0.213	-0.760	9.477	5.734
1424220155620	37.502701	139.926634	4	0.223	-0.713	9.420	5.639
1424220155721	37.502705	139.926636	4	0.129	-0.471	9.471	5.545
1424220155822	37.502709	139.926638	4	0.023	-0.105	9.453	5.410
1424220155922	37.502713	139.926639	4	-0.073	0.227	9.383	5.241
1424220156023	37.502717	139.926641	4	-0.129	0.391	9.335	5.076
1424220156119	37.502721	139.926642	4	-0.134	0.363	9.355	4.923
1424220156219	37.502725	139.926644	4	-0.117	0.254	9.408	4.768
1424220156320	37.502728	139.926645	4	-0.090	0.174	9.454	4.616
1424220156421	37.502732	139.926647	4	-0.081	0.153	9.441	4.470
1424220156522	37.502735	139.926648	4	-0.111	0.220	9.429	4.328
1424220156622	37.502738	139.926649	4	-0.123	0.269	9.425	4.192
1424220156723	37.502742	139.926650	4	-0.110	0.246	9.416	4.060
1424220156819	37.502744	139.926652	4	-0.107	0.218	9.436	3.928
1424220156919	37.502747	139.926653	4	-0.111	0.219	9.449	3.784
1424220157020	37.502749	139.926655	4	-0.118	0.244	9.438	3.644
1424220157121	37.502751	139.926656	4	-0.121	0.258	9.444	3.509
1424220157222	37.502753	139.926657	4	-0.119	0.227	9.435	3.378
1424220157322	37.502756	139.926659	4	-0.118	0.217	9.434	3.253
1424220157423	37.502758	139.926660	4	-0.125	0.239	9.451	3.131
1424220157519	37.502759	139.926661	4	-0.119	0.241	9.437	3.020
1424220157619	37.502761	139.926662	4	-0.113	0.233	9.436	2.909
1424220210615	37.503609	139.927089	6	-0.113	0.232	9.437	8.461
1424221352623	37.507328	139.931502	6	-0.230	0.366	9.450	4.250
1424221352719	37.507331	139.931505	6	0.288	0.344	9.531	4.250
1424221352820	37.507333	139.931509	7	0.588	0.344	9.599	4.194
1424221352920	37.507334	139.931513	7	0.721	0.357	9.372	4.083
1424221353021	37.507335	139.931516	7	0.806	0.300	9.242	3.974
1424221353122	37.507336	139.931520	7	0.909	0.225	9.458	3.868
1424221353223	37.507337	139.931524	7	0.851	0.291	9.383	3.764
1424221353323	37.507338	139.931527	7	1.112	0.263	9.543	3.664
1424221353419	37.507339	139.931530	7	1.280	0.225	9.598	3.571
1424221353520	37.507341	139.931533	7	1.240	0.296	9.365	3.475
1424221357619	37.507352	139.931675	8	1.171	0.370	9.239	3.036
1424221357719	37.507351	139.931678	8	0.711	0.031	9.500	3.012
1424221357820	37.507350	139.931682	7	0.347	-0.114	9.494	2.987
1424221357921	37.507349	139.931685	7	0.062	-0.050	9.173	2.961
1424221358021	37.507348	139.931688	7	0.237	-0.206	9.434	2.935
1424221358122	37.507347	139.931691	7	0.459	-0.400	9.824	2.910
1424221358223	37.507346	139.931694	7	0.465	-0.356	9.602	2.884
1424221358323	37.507345	139.931697	7	0.345	-0.167	9.112	2.859
1424221358419	37.507344	139.931700	7	0.189	-0.125	9.043	2.835
1424221358520	37.507343	139.931703	7	0.213	-0.307	9.547	2.810
1424221358621	37.507342	139.931706	7	0.170	-0.374	9.641	2.786
1424221358721	37.507341	139.931709	7	0.008	-0.320	9.352	2.762
1424221358822	37.507340	139.931711	7	0.027	-0.311	9.376	2.667
1424221358923	37.507339	139.931712	7	0.194	-0.254	9.509	2.511
1424221359023	37.507338	139.931714	7	0.215	-0.176	9.442	2.364
1424221359119	37.507336	139.931715	7	0.112	-0.167	9.343	2.230
1424221359220	37.507335	139.931716	7	0.084	-0.145	9.450	2.097
1424221359321	37.507334	139.931717	7	0.156	-0.145	9.469	1.970
1424221359421	37.507333	139.931719	7	0.232	-0.133	9.348	1.853
1424221359522	37.507332	139.931720	7	0.161	-0.157	9.380	1.741
1424221359623	37.507331	139.931721	7	0.039	-0.194	9.456	1.638
1424221359723	37.507330	139.931722	7	0.009	-0.221	9.448	1.542
1424221359819	37.507329	139.931722	7	0.062	-0.213	9.405	1.471
1424221359920	37.507328	139.931723	7	0.139	-0.203	9.418	1.412
1424221360020	37.507327	139.931724	7	0.146	-0.222	9.425	1.356
1424221360121	37.507326	139.931725	7	0.134	-0.218	9.409	1.302
1424221360222	37.507325	139.931726	7	0.118	-0.197	9.394	1.249
1424221360323	37.507325	139.931727	7	0.110	-0.190	9.411	1.199
1424221360423	37.507324	139.931728	7	0.092	-0.197	9.418	1.151
1424221360519	37.507323	139.931728	7	0.058	-0.162	9.389	1.107
1424221360620	37.507322	139.931729	7	0.003	-0.075	9.380	1.062
1424221360720	37.507321	139.931730	7	0.017	-0.089	9.397	1.020
1424221360821	37.507321	139.931730	7	0.125	-0.131	9.465	0.966
1424221360922	37.507320	139.931730	7	0.244	-0.190	9.445	0.903
1424221361023	37.507319	139.931731	7	0.274	-0.263	9.394	0.842
1424221361123	37.507318	139.931731	7	0.210	-0.309	9.395	0.785
1424221361219	37.507317	139.931731	7	0.148	-0.327	9.431	0.734
1424221361320	37.507317	139.931731	7	0.133	-0.313	9.435	0.684
1424221361420	37.507316	139.931731	7	0.135	-0.305	9.415	0.637
1424221361521	37.507315	139.931732	7	0.118	-0.296	9.406	0.593
1424221361622	37.507315	139.931732	7	0.123	-0.283	9.412	0.553
1424221361722	37.507314	139.931732	7	0.145	-0.283	9.413	0.516
1424221361823	37.507313	139.931731	7	0.156	-0.168	9.427	0.448
1424221361919	37.507311	139.931730	7	0.068	0.055	9.446	0.362
1424221362019	37.507310	139.931729	7	-0.055	0.318	9.405	0.282
1424221362120	37.507308	139.931727	7	-0.111	0.485	9.355	0.211
1424221362221	37.507307	139.931726	7	-0.087	0.476	9.339	0.151
1424221362322	37.507306	139.931726	7	-0.053	0.354	9.360	0.100
1424221362422	37.507305	139.931725	7	-0.034	0.233	9.414	0.061
1424221362523	37.507305	139.931724	7	-0.034	0.212	9.419	0.031
1424221362619	37.507304	139.931724	7	-0.044	0.277	9.394	0.011
1424221456615	37.506708	139.933733	5	-0.046	0.282	9.396	7.788
1424221456620	37.506707	139.933733	5	-0.047	0.284	9.399	7.787
1424221456719	37.506705	139.933742	5	0.028	0.104	9.450	7.763
1424221456821	37.506702	139.933750	5	0.045	-0.019	9.366	7.710
1424221456920	37.506701	139.933757	5	0.083	-0.151	9.403	7.633
1424221457022	37.506700	139.933765	5	0.111	-0.292	9.488	7.554
1424221457121	37.506699	139.933772	5	0.142	-0.377	9.378	7.478
1424221457219	37.506698	139.933779	5	0.126	-0.435	9.372	7.404
1424221457319	37.506697	139.933786	5	0.153	-0.486	9.454	7.329
1424221457420	37.506696	139.933793	5	0.230	-0.486	9.441	7.254
1424221457521	37.506695	139.933800	5	0.224	-0.477	9.335	7.180
1424221457622	37.506694	139.933807	5	0.238	-0.532	9.446	7.106
1424221457722	37.506692	139.933814	5	0.238	-0.538	9.488	7.034
1424221457823	37.506691	139.933821	5	0.231	-0.548	9.329	6.943
1424221457919	37.506689	139.933827	5	0.201	-0.552	9.358	6.841
1424221458019	37.506688	139.933833	5	0.211	-0.639	9.437	6.737
1424221458120	37.506686	139.933840	5	0.251	-0.616	9.449	6.633
1424221458221	37.506684	139.933846	5	0.238	-0.556	9.352	6.530
1424221458322	37.506683	139.933852	5	0.206	-0.552	9.421	6.429
1424221458422	37.506681	139.933859	5	0.221	-0.529	9.497	6.331
1424221458523	37.506680	139.933865	5	0.287	-0.498	9.410	6.233
1424221458619	37.506678	139.933870	5	0.307	-0.534	9.311	6.141
1424221458719	37.506677	139.933876	5	0.267	-0.556	9.431	6.047
1424221458820	37.506675	139.933882	5	0.275	-0.646	9.635	5.946
1424221458921	37.506674	139.933888	5	0.344	-0.641	9.529	5.837
1424221459022	37.506673	139.933895	5	0.380	-0.600	9.340	5.731
1424221459122	37.506672	139.933901	5	0.245	-0.595	9.216	5.627
1424221459223	37.506671	139.933907	5	0.213	-0.688	9.446	5.524
1424221459319	37.506670	139.933912	5	0.302	-0.816	9.705	5.428
1424221459419	37.506669	139.933918	5	0.243	-0.703	9.213	5.330
1424221459520	37.506668	139.933923	5	0.204	-0.685	9.233	5.233
1424221459621	37.506667	139.933929	5	0.225	-0.793	9.611	5.137
1424221459721	37.506666	139.933934	5	0.263	-0.876	9.658	5.045
1424221459822	37.506665	139.933939	5	0.323	-0.834	9.289	4.943
1424221459923	37.506664	139.933944	5	0.352	-0.820	9.304	4.833
1424221460023	37.506664	139.933948	5	0.288	-0.822	9.529	4.726
1424221460119	37.506663	139.933952	5	0.270	-0.803	9.588	4.626
1424221460220	37.506662	139.933956	5	0.337	-0.821	9.398	4.522
1424221460321	37.506661	139.933960	5	0.367	-0.863	9.308	4.422
1424221460421	37.506660	139.933964	5	0.386	-0.808	9.481	4.324
1424221460522	37.506659	139.933968	5	0.468	-0.749	9.487	4.227
1424221460623	37.506658	139.933972	5	0.538	-0.776	9.400	4.133
1424221460723	37.506657	139.933975	5	0.515	-0.791	9.448	4.042
1424221460819	37.506656	139.933978	4	0.462	-0.738	9.472	3.928
1424221460920	37.506655	139.933982	4	0.451	-0.610	9.449	3.783
1424221461021	37.506654	139.933984	4	0.467	-0.448	9.367	3.643
1424221461121	37.506652	139.933987	4	0.500	-0.327	9.386	3.509
1424221461222	37.506651	139.933990	4	0.492	-0.142	9.457	3.378
1424221461323	37.506650	139.933993	4	0.403	-0.005	9.406	3.252
1424221461423	37.506649	139.933995	4	0.373	0.037	9.397	3.131
1424221461519	37.506648	139.933997	4	0.418	0.065	9.390	3.020
1424221461620	37.506647	139.934000	4	0.452	0.072	9.417	2.908
1424221461720	37.506645	139.934002	4	0.486	-0.069	9.376	2.802
1424221461821	37.506644	139.934004	4	0.522	-0.197	9.385	2.737
1424221461922	37.506643	139.934007	4	0.571	-0.305	9.403	2.710
1424221462023	37.506642	139.934010	4	0.600	-0.369	9.381	2.685
1424221462123	37.506641	139.934013	4	0.568	-0.377	9.377	2.659
1424221462219	37.506640	139.934015	4	0.478	-0.249	9.451	2.635
1424221462320	37.506639	139.934018	4	0.390	0.044	9.457	2.610
1424221462420	37.506638	139.934021	4	0.313	0.429	9.392	2.585
1424221462521	37.506637	139.934024	4	0.267	0.660	9.368	2.560
1424221482617	37.505700	139.933919	7	0.294	0.723	9.378	4.922
1424221482622	37.505700	139.933919	7	0.296	0.718	9.386	4.917
1424221482723	37.505697	139.933919	7	0.245	0.402	9.629	4.802
1424221482819	37.505694	139.933919	7	0.473	-0.015	9.418	4.724
1424221482920	37.505691	139.933919	7	0.606	-0.414	9.301	4.671
1424221483020	37.505688	139.933918	7	0.431	-0.489	9.222	4.620
1424221483121	37.505685	139.933918	7	0.214	-0.455	9.383	4.568
1424221483222	37.505682	139.933918	7	0.063	-0.504	9.425	4.517
1424221483322	37.505678	139.933918	7	0.036	-0.607	9.431	4.467
1424221483423	37.505675	139.933918	7	0.048	-0.664	9.583	4.417
1424221483519	37.505672	139.933917	7	0.083	-0.623	9.508	4.370
1424221483619	37.505669	139.933917	7	0.145	-0.580	9.407	4.322
1424221483720	37.505666	139.933917	7	0.207	-0.618	9.490	4.274
1424221483821	37.505663	139.933917	6	0.282	-0.673	9.439	4.237
1424221483922	37.505659	139.933916	6	0.330	-0.685	9.371	4.211
1424221484022	37.505655	139.933915	6	0.339	-0.628	9.447	4.186
1424221484123	37.505652	139.933915	6	0.297	-0.579	9.434	4.160
1424221484219	37.505648	139.933914	6	0.262	-0.617	9.417	4.136
1424221484319	37.505644	139.933914	6	0.331	-0.667	9.541	4.111
1424221484420	37.505641	139.933913	6	0.387	-0.565	9.477	4.086
1424221484521	37.505637	139.933912	6	0.420	-0.422	9.365	4.061
1424221484621	37.505633	139.933912	6	0.457	-0.342	9.401	4.036
1424221484722	37.505630	139.933911	6	0.492	-0.337	9.483	4.012
1424221484823	37.505627	139.933911	6	0.468	-0.323	9.414	3.922
1424221484924	37.505626	139.933911	6	0.395	-0.331	9.364	3.777
1424221485019	37.505625	139.933911	6	0.316	-0.357	9.410	3.645
1424221485125	37.505624	139.933911	6	0.276	-0.401	9.438	3.503
1424221485221	37.505623	139.933911	6	0.272	-0.446	9.509	3.379
1424221485320	37.505621	139.933911	6	0.301	-0.430	9.424	3.255
1424221485422	37.505620	139.933911	6	0.317	-0.391	9.378	3.132
1424221485521	37.505619	139.933911	6	0.355	-0.426	9.431	3.018
1424221485624	37.505618	139.933911	6	0.374	-0.477	9.443	2.904
1424221485719	37.505617	139.933911	6	0.367	-0.531	9.406	2.803
1424221485820	37.505616	139.933911	6	0.350	-0.684	9.413	2.707
1424221485921	37.505614	139.933910	6	0.362	-0.844	9.495	2.622
1424221486021	37.505612	139.933910	6	0.356	-0.917	9.484	2.539
1424221486122	37.505610	139.933909	6	0.330	-0.933	9.476	2.459
1424221486223	37.505609	139.933909	6	0.340	-0.864	9.439	2.381
1424221486323	37.505607	139.933908	6	0.334	-0.745	9.470	2.306
1424221486419	37.505605	139.933908	6	0.305	-0.624	9.463	2.236
1424221486520	37.505604	139.933907	6	0.264	-0.519	9.416	2.165
1424221486620	37.505602	139.933907	6	0.245	-0.513	9.433	2.097
1424221486721	37.505601	139.933906	6	0.227	-0.552	9.415	2.031
1424221486822	37.505599	139.933906	4	0.180	-0.550	9.436	1.970
1424221486923	37.505598	139.933906	4	0.119	-0.560	9.441	1.914
1424221487023	37.505596	139.933906	4	0.106	-0.560	9.430	1.860
1424221487119	37.505595	139.933906	4	0.154	-0.528	9.406	1.809
1424221487220	37.505594	139.933906	4	0.189	-0.502	9.408	1.757
1424221487320	37.505592	139.933907	4	0.206	-0.497	9.448	1.707
1424221487421	37.505591	139.933907	4	0.200	-0.505	9.446	1.658
1424221487522	37.505590	139.933907	4	0.161	-0.524	9.435	1.611
1424221487623	37.505589	139.933907	4	0.134	-0.527	9.422	1.565
1424221487723	37.505588	139.933907	4	0.115	-0.498	9.399	1.520
1424221487819	37.505587	139.933907	4	0.110	-0.473	9.396	1.471
1424221487920	37.505586	139.933907	4	0.105	-0.453	9.405	1.412
1424221488020	37.505585	139.933907	4	0.112	-0.432	9.408	1.356
1424221488121	37.505584	139.933907	4	0.113	-0.386	9.428	1.302
1424221488222	37.505583	139.933907	4	0.107	-0.350	9.440	1.249
1424221488323	37.505582	139.933906	4	0.084	-0.340	9.434	1.199
1424221488423	37.505581	139.933906	4	0.063	-0.341	9.434	1.151
1424221488519	37.505581	139.933906	4	0.065	-0.353	9.428	1.107
1424221488620	37.505580	139.933906	4	0.073	-0.352	9.430	1.062
1424221488720	37.505579	139.933906	4	0.071	-0.349	9.426	1.020
1424221488821	37.505579	139.933906	4	0.071	-0.360	9.415	0.901
1424221488922	37.505580	139.933905	4	0.075	-0.357	9.429	0.719
1424221489022	37.505580	139.933905	4	0.074	-0.355	9.425	0.560
1424221489123	37.505581	139.933905	4	0.067	-0.362	9.415	0.419
1424221489219	37.505581	139.933905	4	0.052	-0.371	9.418	0.304
1424221489320	37.505581	139.933904	4	0.033	-0.272	9.443	0.202
1424221489420	37.505582	139.933904	4	-0.016	-0.046	9.463	0.123
1424221489521	37.505582	139.933904	4	-0.089	0.194	9.409	0.062
1424221489622	37.505582	139.933904	4	-0.139	0.337	9.341	0.022
1424221489722	37.505582	139.933904	4	-0.129	0.304	9.340	0.002
1424221554619	37.503063	139.936079	6	-0.107	0.204	9.400	8.500
1424221554719	37.503056	139.936084	6	-0.038	-0.042	9.629	8.500
1424221554820	37.503049	139.936089	6	0.005	-0.100	9.641	8.403
1424221554921	37.503043	139.936092	6	0.056	-0.049	9.207	8.210
1424221555021	37.503036	139.936095	6	0.105	-0.167	9.228	8.023
1424221555122	37.503030	139.936099	6	-0.025	-0.414	9.805	7.838
1424221555223	37.503025	139.936102	6	-0.154	-0.452	9.718	7.657
1424221555323	37.503019	139.936105	6	-0.130	-0.403	9.310	7.483
1424221555419	37.503014	139.936108	6	-0.068	-0.511	9.248	7.319
1424221555520	37.503008	139.936111	6	0.069	-0.573	9.613	7.150
1424221555621	37.503003	139.936114	6	0.117	-0.472	9.658	6.985
1424221555721	37.502997	139.936117	6	0.105	-0.443	9.357	6.826
1424221555822	37.502992	139.936119	6	0.092	-0.517	9.395	6.763
1424221555923	37.502985	139.936122	6	0.131	-0.570	9.464	6.788
1424221556023	37.502979	139.936125	6	0.111	-0.614	9.542	6.812
1424221556119	37.502972	139.936128	6	-0.016	-0.629	9.571	6.836
1424221556225	37.502965	139.936131	6	-0.012	-0.576	9.375	6.863
1424221556320	37.502959	139.936134	6	0.101	-0.523	9.156	6.886
1424221556419	37.502952	139.936137	6	0.205	-0.578	9.357	6.911
1424221556522	37.502946	139.936140	6	0.220	-0.665	9.623	6.937
1424221556621	37.502939	139.936143	6	0.216	-0.580	9.493	6.962
1424221556723	37.502932	139.936146	6	0.153	-0.485	9.152	6.988
1424221556819	37.502926	139.936148	6	0.129	-0.600	9.348	6.918
1424221556920	37.502921	139.936151	6	0.119	-0.768	9.728	6.752
1424221557020	37.502916	139.936154	6	0.089	-0.729	9.515	6.591
1424221557121	37.502912	139.936157	6	0.107	-0.677	9.185	6.432
1424221557222	37.502907	139.936160	6	0.147	-0.815	9.423	6.277
1424221557322	37.502902	139.936163	6	0.142	-0.966	9.599	6.127
1424221557423	37.502898	139.936165	6	0.152	-0.931	9.358	5.980
1424221557519	37.502894	139.936168	6	0.148	-0.837	9.331	5.843
1424221557620	37.502889	139.936170	6	0.096	-0.809	9.410	5.702
1424221557720	37.502885	139.936173	6	0.065	-0.943	9.604	5.566
1424221557821	37.502881	139.936176	6	0.059	-0.943	9.560	5.459
1424221557922	37.502877	139.936180	6	-0.005	-0.756	9.219	5.379
1424221558022	37.502873	139.936184	6	0.049	-0.758	9.330	5.301
1424221558123	37.502870	139.936187	6	0.107	-0.899	9.605	5.223
1424221558219	37.502866	139.936191	6	0.166	-0.879	9.507	5.150
1424221558320	37.502863	139.936194	6	0.157	-0.785	9.385	5.074
1424221558420	37.502859	139.936198	6	0.131	-0.760	9.370	5.000
1424221558521	37.502855	139.936202	6	0.160	-0.764	9.419	4.926
1424221558622	37.502852	139.936205	6	0.205	-0.781	9.439	4.854
1424221558722	37.502849	139.936208	6	0.295	-0.848	9.379	4.783
1424221558823	37.502846	139.936209	7	0.237	-0.995	9.474	4.617
1424221558919	37.502843	139.936207	7	0.202	-0.991	9.483	4.384
1424221559019	37.502840	139.936206	7	0.188	-0.940	9.406	4.152
1424221559120	37.502838	139.936204	7	0.260	-0.973	9.386	3.929
1424221559221	37.502836	139.936202	7	0.315	-1.050	9.454	3.716
1424221559322	37.502833	139.936201	7	0.300	-1.115	9.595	3.514
1424221559422	37.502831	139.936199	7	0.315	-1.048	9.421	3.325
1424221559523	37.502829	139.936198	7	0.358	-0.936	9.281	3.145
1424221559619	37.502828	139.936197	7	0.398	-0.948	9.372	2.984
1424221559719	37.502826	139.936196	7	0.382	-0.982	9.494	2.826
1424221559821	37.502824	139.936195	7	0.326	-1.032	9.504	2.688
1424221559921	37.502822	139.936195	7	0.290	-1.010	9.358	2.571
1424221560021	37.502821	139.936195	7	0.336	-1.009	9.389	2.457
1424221560122	37.502819	139.936195	7	0.336	-1.017	9.506	2.347
1424221560223	37.502818	139.936196	7	0.246	-0.930	9.526	2.242
1424221560319	37.502817	139.936196	7	0.148	-0.735	9.477	2.146
1424221560419	37.502815	139.936196	7	0.141	-0.480	9.391	2.050
1424221560520	37.502814	139.936196	7	0.181	-0.272	9.339	1.958
1424221560621	37.502813	139.936196	7	0.182	-0.196	9.405	1.871
1424221560721	37.502812	139.936196	7	0.142	-0.241	9.469	1.789
1424221560822	37.502810	139.936195	6	0.055	-0.243	9.388	1.720
1424221560923	37.502809	139.936194	6	0.031	-0.190	9.336	1.663
1424221561019	37.502807	139.936193	6	0.060	-0.194	9.404	1.610
1424221561119	37.502806	139.936193	6	0.082	-0.255	9.483	1.557
1424221561220	37.502804	139.936192	6	0.073	-0.224	9.425	1.504
1424221561321	37.502803	139.936191	6	0.075	-0.180	9.376	1.454
1424221561421	37.502801	139.936190	6	0.128	-0.173	9.403	1.406
1424221561522	37.502800	139.936189	6	0.133	-0.172	9.420	1.358
1424221561623	37.502799	139.936188	6	0.095	-0.171	9.399	1.313
1424221561724	37.502798	139.936187	6	0.060	-0.193	9.410	1.269
1424221561819	37.502797	139.936187	6	0.071	-0.215	9.450	1.198
1424221561920	37.502797	139.936187	6	0.091	-0.229	9.445	1.097
1424221562021	37.502797	139.936187	6	0.094	-0.236	9.401	1.001
1424221562121	37.502797	139.936187	6	0.095	-0.212	9.388	0.914
1424221562222	37.502796	139.936187	6	0.110	-0.192	9.402	0.831
1424221562323	37.502796	139.936187	6	0.123	-0.179	9.386	0.756
1424221562423	37.502796	139.936187	6	0.120	-0.160	9.391	0.687
1424221562519	37.502796	139.936187	6	0.099	-0.146	9.403	0.628
1424221562620	37.502796	139.936187	6	0.071	-0.137	9.405	0.572
1424221562720	37.502796	139.936187	6	0.058	-0.123	9.404	0.522
1424221562822	37.502796	139.936187	5	0.061	-0.112	9.416	0.449
1424221562922	37.502797	139.936186	5	0.051	-0.100	9.417	0.360
1424221563023	37.502797	139.936186	5	0.058	-0.092	9.411	0.279
1424221563123	37.502798	139.936186	5	0.069	-0.099	9.419	0.209
1424221563219	37.502798	139.936186	5	0.060	-0.079	9.423	0.152
1424221563320	37.502798	139.936185	5	0.006	0.075	9.450	0.101
1424221563420	37.502799	139.936185	5	-0.074	0.286	9.437	0.061
1424221563521	37.502799	139.936185	5	-0.106	0.428	9.354	0.031
1424221609615	37.502673	139.937472	5	-0.098	0.409	9.342	6.110
1424221609620	37.502673	139.937472	5	-0.095	0.399	9.340	6.107
1424221609721	37.502674	139.937479	5	0.094	-0.045	9.309	6.035
1424221609822	37.502674	139.937486	5	0.343	-0.382	9.510	6.000
1424221609922	37.502674	139.937492	5	0.463	-0.535	9.521	6.000
1424221610023	37.502674	139.937499	5	0.569	-0.656	9.482	6.000
1424221610119	37.502674	139.937506	5	0.562	-0.819	9.399	6.000
1424221610219	37.502674	139.937513	5	0.521	-0.917	9.490	6.000
1424221610320	37.502675	139.937520	5	0.492	-0.917	9.505	6.000
1424221610421	37.502675	139.937527	5	0.457	-0.909	9.382	6.000
1424221610522	37.502675	139.937534	5	0.485	-0.924	9.413	6.000
1424221610622	37.502675	139.937541	5	0.577	-0.923	9.553	6.000
1424221610723	37.502675	139.937548	5	0.688	-0.823	9.445	6.000
1424221610819	37.502676	139.937554	5	0.775	-0.793	9.364	5.784
1424221610919	37.502677	139.937559	5	0.893	-0.884	9.495	5.363
1424221611020	37.502678	139.937564	5	0.897	-0.936	9.481	4.961
1424221611121	37.502678	139.937569	5	0.826	-0.912	9.385	4.584
1424221611222	37.502679	139.937573	5	0.763	-0.894	9.376	4.232
1424221611322	37.502680	139.937577	5	0.759	-0.942	9.543	3.907
1424221611423	37.502681	139.937581	5	0.736	-0.961	9.574	3.604
1424221611519	37.502682	139.937585	5	0.710	-0.841	9.391	3.339
1424221611619	37.502682	139.937588	5	0.745	-0.700	9.352	3.086
1424221611720	37.502683	139.937591	5	0.833	-0.617	9.446	2.855
1424221611821	37.502683	139.937594	5	0.846	-0.401	9.473	2.750
1424221611921	37.502683	139.937597	5	0.853	-0.142	9.476	2.750
1424221612022	37.502684	139.937600	5	0.815	0.062	9.461	2.750
1424221612123	37.502684	139.937603	5	0.757	0.161	9.321	2.750
1424221612219	37.502684	139.937606	5	0.765	0.087	9.433	2.750
1424221612319	37.502684	139.937610	5	0.788	0.028	9.525	2.750
1424221612420	37.502684	139.937613	5	0.770	0.043	9.397	2.750
1424221612521	37.502685	139.937616	5	0.735	0.009	9.365	2.750
1424221612621	37.502685	139.937619	5	0.744	-0.118	9.422	2.750
1424221612722	37.502685	139.937622	5	0.776	-0.217	9.536	2.750
1424221612823	37.502685	139.937626	4	0.748	-0.034	9.425	2.736
1424221612923	37.502684	139.937629	4	0.650	0.415	9.305	2.710
1424221613024	37.502684	139.937632	4	0.595	0.752	9.342	2.684
1424221613120	37.502683	139.937634	4	0.629	0.901	9.333	2.660
1424221613219	37.502683	139.937637	4	0.677	0.924	9.375	2.635
1424221613321	37.502682	139.937640	4	0.632	0.932	9.388	2.609
1424221613420	37.502682	139.937643	4	0.563	0.943	9.315	2.585
1424221613523	37.502681	139.937646	4	0.622	0.907	9.369	2.560
1424221627617	37.502001	139.937534	10	0.732	0.881	9.382	7.750
1424221627622	37.502001	139.937534	10	0.732	0.874	9.379	7.750
1424221627721	37.501994	139.937533	10	0.529	0.348	9.544	7.750
1424221627823	37.501991	139.937529	15	0.364	0.111	9.572	7.646
1424221627919	37.501992	139.937522	15	0.090	0.043	9.253	7.461
1424221628020	37.501993	139.937515	15	-0.008	0.005	9.212	7.271
1424221628120	37.501994	139.937508	15	0.041	-0.080	9.620	7.087
1424221628221	37.501994	139.937501	15	-0.149	-0.074	9.608	6.906
1424221628322	37.501995	139.937494	15	-0.139	0.216	9.476	6.729
1424221628422	37.501996	139.937488	15	-0.180	0.218	9.139	6.558
1424221628523	37.501996	139.937482	15	-0.206	0.084	9.349	6.391
1424221628619	37.501997	139.937476	15	-0.320	0.092	9.536	6.236
1424221630618	37.501912	139.937370	11	-0.338	0.089	9.536	7.461
1424221630623	37.501912	139.937370	11	-0.355	0.087	9.530	7.463
1424221630719	37.501905	139.937367	11	-0.231	0.152	9.266	7.487
1424221630819	37.501899	139.937363	7	-0.060	-0.023	9.406	7.500
1424221630920	37.501893	139.937358	7	-0.090	-0.025	9.659	7.500
1424221631021	37.501888	139.937353	7	-0.072	0.178	9.278	7.500
1424221631121	37.501882	139.937349	7	0.128	0.154	9.245	7.500
1424221631222	37.501876	139.937344	7	0.033	0.032	9.335	7.500
1424221631323	37.501870	139.937340	7	0.097	0.050	9.297	7.500
1424221631423	37.501865	139.937335	7	0.361	-0.398	10.682	7.500
1424221631519	37.501859	139.937331	7	0.206	-0.439	10.282	7.500
1424221631620	37.501854	139.937326	7	0.011	0.151	8.604	7.500
1424221631721	37.501848	139.937321	7	0.014	0.720	7.775	7.500
1424221631821	37.501842	139.937318	7	0.267	0.450	8.554	7.500
1424221631922	37.501836	139.937315	7	0.075	-0.061	10.865	7.500
1424221632023	37.501829	139.937313	7	0.076	-0.325	10.947	7.500
1424221632123	37.501823	139.937310	7	-0.120	-0.406	9.268	7.500
1424221632219	37.501817	139.937308	7	-0.051	-0.314	8.740	7.500
1424221632320	37.501811	139.937305	7	0.147	-0.081	9.214	7.500
1424221632421	37.501805	139.937303	7	0.059	0.374	9.876	7.500
1424221632521	37.501798	139.937300	7	-0.367	0.561	9.820	7.500
1424221641615	37.501162	139.937022	6	-0.292	0.448	9.337	7.075
1424221641619	37.501162	139.937022	6	-0.286	0.434	9.311	7.073
1424221641721	37.501155	139.937019	6	-0.070	0.191	9.122	7.024
1424221641820	37.501150	139.937017	6	0.144	0.010	9.250	6.884
1424221641922	37.501145	139.937014	6	0.232	-0.226	9.309	6.653
1424221642021	37.501140	139.937011	6	0.213	-0.280	9.400	6.435
1424221642119	37.501135	139.937008	6	0.177	-0.277	9.472	6.226
1424221642219	37.501131	139.937006	6	0.121	-0.379	9.419	6.020
1424221642320	37.501127	139.937003	6	0.153	-0.433	9.287	5.817
1424221642421	37.501122	139.937001	6	0.220	-0.450	9.403	5.622
1424221642521	37.501118	139.936998	6	0.229	-0.420	9.431	5.436
1424221642622	37.501114	139.936996	6	0.114	-0.434	9.275	5.254
1424221642723	37.501111	139.936994	6	0.102	-0.521	9.404	5.079
1424221642819	37.501108	139.936992	5	0.170	-0.511	9.509	4.987
1424221642919	37.501105	139.936990	5	0.095	-0.417	9.371	4.962
1424221643020	37.501102	139.936988	5	0.080	-0.395	9.412	4.936
1424221643121	37.501099	139.936986	5	0.109	-0.352	9.322	4.911
1424221643221	37.501096	139.936984	5	0.114	-0.352	9.466	4.886
1424221643322	37.501093	139.936982	5	0.113	-0.314	9.432	4.860
1424221643423	37.501090	139.936980	5	0.013	-0.283	9.333	4.835
1424221643519	37.501087	139.936979	5	0.010	-0.346	9.341	4.812
1424221643619	37.501084	139.936977	5	-0.017	-0.360	9.428	4.787
1424221643720	37.501081	139.936975	5	0.017	-0.359	9.554	4.762
1424221643821	37.501078	139.936973	5	0.040	-0.315	9.387	4.750
1424221643921	37.501074	139.936971	5	0.023	-0.290	9.323	4.750
1424221644022	37.501070	139.936970	5	0.053	-0.325	9.364	4.750
1424221644123	37.501066	139.936968	5	0.128	-0.372	9.492	4.750
1424221644224	37.501062	139.936966	5	0.086	-0.306	9.363	4.750
1424221644319	37.501058	139.936965	5	0.061	-0.261	9.273	4.750
1424221644420	37.501054	139.936963	5	0.084	-0.428	9.700	4.750
1424221644521	37.501050	139.936961	5	0.032	-0.384	9.460	4.750
1424221644621	37.501046	139.936960	5	-0.054	-0.292	9.162	4.750
1424221644722	37.501042	139.936958	5	0.010	-0.328	9.465	4.750
1424221644823	37.501038	139.936956	8	0.005	-0.395	9.638	4.750
1424221644923	37.501034	139.936954	8	-0.014	-0.333	9.435	4.750
1424221645019	37.501030	139.936953	8	0.050	-0.293	9.238	4.750
1424221645120	37.501026	139.936951	8	0.062	-0.324	9.314	4.750
1424221645220	37.501022	139.936949	8	0.056	-0.270	9.515	4.750
1424221645321	37.501017	139.936947	8	0.094	-0.300	9.519	4.750
1424221645422	37.501013	139.936945	8	0.043	-0.416	9.348	4.750
1424221645523	37.501009	139.936943	8	0.040	-0.359	9.390	4.750
1424221645623	37.501005	139.936942	8	0.039	-0.355	9.486	4.750
1424221645719	37.501001	139.936940	8	0.040	-0.410	9.536	4.750
1424221645820	37.500998	139.936938	8	0.054	-0.419	9.390	4.662
1424221645920	37.500996	139.936937	8	0.086	-0.468	9.396	4.489
1424221646021	37.500994	139.936936	8	0.125	-0.511	9.430	4.321
1424221646122	37.500993	139.936935	8	0.148	-0.556	9.439	4.158
1424221646223	37.500991	139.936934	8	0.170	-0.574	9.486	4.001
1424221646323	37.500989	139.936933	8	0.178	-0.616	9.389	3.851
1424221646419	37.500988	139.936932	8	0.219	-0.723	9.361	3.712
1424221646520	37.500986	139.936931	8	0.211	-0.795	9.462	3.572
1424221646620	37.500985	139.936930	8	0.228	-0.833	9.407	3.439
1424221646721	37.500984	139.936929	8	0.263	-0.807	9.351	3.310
1424221646822	37.500982	139.936930	7	0.335	-0.889	9.486	3.206
1424221646922	37.500981	139.936932	7	0.337	-0.981	9.377	3.123
1424221647023	37.500979	139.936934	7	0.377	-0.998	9.247	3.042
1424221647119	37.500978	139.936935	7	0.396	-1.145	9.547	2.966
1424221647220	37.500977	139.936937	7	0.425	-1.287	9.725	2.888
1424221647320	37.500975	139.936939	7	0.402	-1.267	9.504	2.813
1424221647421	37.500974	139.936941	7	0.439	-1.164	9.140	2.740
1424221647522	37.500973	139.936942	7	0.467	-1.244	9.501	2.668
1424221647622	37.500972	139.936944	7	0.365	-1.252	9.665	2.599
1424221647723	37.500971	139.936945	7	0.239	-1.012	9.412	2.531
1424221647819	37.500970	139.936946	7	0.196	-0.824	9.356	2.397
1424221647919	37.500970	139.936947	7	0.190	-0.749	9.485	2.195
1424221648020	37.500969	139.936948	7	0.186	-0.717	9.460	2.004
1424221648121	37.500969	139.936949	7	0.207	-0.676	9.374	1.827
1424221648222	37.500969	139.936949	7	0.267	-0.657	9.406	1.663
1424221648322	37.500969	139.936950	7	0.276	-0.610	9.468	1.513
1424221648423	37.500968	139.936950	7	0.216	-0.603	9.418	1.375
1424221648519	37.500968	139.936951	7	0.194	-0.622	9.415	1.256
1424221648619	37.500968	139.936951	7	0.202	-0.638	9.461	1.144
1424221648720	37.500968	139.936952	7	0.219	-0.627	9.431	1.044
1424221648821	37.500968	139.936952	5	0.191	-0.609	9.405	1.000
1424221648922	37.500967	139.936951	5	0.183	-0.623	9.432	1.000
1424221649022	37.500966	139.936951	5	0.191	-0.637	9.458	1.000
1424221649123	37.500966	139.936950	5	0.182	-0.616	9.419	1.000
1424221649219	37.500965	139.936950	5	0.179	-0.619	9.414	1.000
1424221649319	37.500964	139.936949	5	0.182	-0.638	9.459	1.000
1424221649420	37.500963	139.936949	5	0.175	-0.648	9.444	1.000
1424221649521	37.500963	139.936948	5	0.139	-0.480	9.461	1.000
1424221649622	37.500962	139.936948	5	0.056	-0.129	9.471	1.000
1424221649722	37.500961	139.936947	5	-0.063	0.240	9.412	1.000
1424221649823	37.500962	139.936948	10	-0.144	0.439	9.348	0.938
1424221649919	37.500964	139.936950	10	-0.126	0.396	9.325	0.831
1424221650019	37.500966	139.936952	10	-0.070	0.278	9.379	0.729
1424221650120	37.500968	139.936954	10	-0.053	0.204	9.438	0.635
1424221650221	37.500970	139.936955	10	-0.083	0.228	9.416	0.550
1424221650321	37.500971	139.936957	10	-0.111	0.295	9.397	0.475
1424221650422	37.500973	139.936958	10	-0.103	0.308	9.377	0.409
1424221650523	37.500974	139.936959	10	-0.102	0.263	9.384	0.352
1424221713616	37.499606	139.936287	7	-0.103	0.231	9.399	7.111
1424221713621	37.499606	139.936287	7	-0.105	0.226	9.396	7.107
1424221713722	37.499601	139.936284	7	-0.090	-0.041	9.532	7.034
1424221713823	37.499595	139.936281	7	-0.042	-0.413	9.414	6.973
1424221713923	37.499591	139.936278	7	-0.027	-0.482	9.400	6.921
1424221714019	37.499586	139.936275	7	0.024	-0.500	9.559	6.872
1424221714120	37.499581	139.936272	7	-0.008	-0.490	9.359	6.821
1424221714221	37.499576	139.936268	7	0.151	-0.636	9.421	6.770
1424221714321	37.499572	139.936265	7	0.152	-0.510	9.057	6.720
1424221714422	37.499567	139.936262	7	0.117	-0.680	9.603	6.670
1424221714523	37.499562	139.936259	7	0.146	-0.721	9.542	6.620
1424221714623	37.499558	139.936256	7	0.278	-0.714	9.339	6.571
1424221714719	37.499553	139.936253	7	0.296	-0.763	9.325	6.525
1424221714820	37.499549	139.936249	6	0.228	-0.811	9.562	6.431
1424221714920	37.499544	139.936246	6	0.236	-0.821	9.348	6.296
1424221715021	37.499540	139.936243	6	0.381	-0.761	9.403	6.161
1424221715122	37.499536	139.936240	6	0.464	-0.800	9.522	6.030
1424221715222	37.499532	139.936237	6	0.460	-0.894	9.561	5.902
1424221715323	37.499528	139.936234	6	0.452	-0.967	9.382	5.776
1424221715419	37.499524	139.936231	6	0.425	-0.906	9.342	5.658
1424221715520	37.499520	139.936229	6	0.439	-0.873	9.284	5.538
1424221715620	37.499516	139.936226	6	0.352	-0.959	9.470	5.421
1424221715721	37.499513	139.936223	6	0.487	-1.041	9.698	5.305
1424221715822	37.499509	139.936221	5	0.605	-0.941	9.456	5.160
1424221715923	37.499505	139.936219	5	0.669	-0.913	9.386	4.988
1424221716023	37.499502	139.936217	5	0.597	-0.869	9.217	4.823
1424221716119	37.499499	139.936216	5	0.756	-1.078	9.528	4.670
1424221716220	37.499495	139.936214	5	0.879	-1.275	9.718	4.513
1424221716320	37.499492	139.936213	5	0.822	-1.229	9.496	4.363
1424221716421	37.499489	139.936211	5	1.010	-1.114	9.311	4.217
1424221716522	37.499486	139.936209	5	0.996	-0.880	9.236	4.075
1424221716622	37.499483	139.936208	5	0.976	-0.646	9.246	3.940
1424221716723	37.499480	139.936207	5	0.974	-0.610	9.575	3.809
1424221716819	37.499478	139.936205	4	0.772	-0.467	9.526	3.694
1424221716920	37.499476	139.936203	4	0.697	-0.321	9.315	3.580
1424221717020	37.499474	139.936202	4	0.693	-0.338	9.422	3.471
1424221717121	37.499472	139.936200	4	0.588	-0.293	9.490	3.364
1424221717222	37.499470	139.936198	4	0.493	-0.171	9.306	3.260
1424221717322	37.499468	139.936197	4	0.471	-0.207	9.608	3.160
1424221717423	37.499467	139.936195	4	0.495	-0.303	9.577	3.062
1424221717519	37.499465	139.936194	4	0.505	-0.263	9.337	2.972
1424221717620	37.499463	139.936192	4	0.622	-0.186	9.305	2.880
1424221717720	37.499462	139.936191	4	0.673	-0.093	9.535	2.793
1424221717821	37.499460	139.936190	5	0.683	0.020	9.572	2.737
1424221717922	37.499457	139.936189	5	0.611	0.317	9.204	2.710
1424221718022	37.499455	139.936189	5	0.578	0.494	9.161	2.685
1424221718123	37.499453	139.936188	5	0.581	0.369	9.441	2.659
1424221718219	37.499450	139.936188	5	0.638	0.297	9.643	2.635
1424221718319	37.499448	139.936187	5	0.430	0.407	9.457	2.610
1424221718420	37.499446	139.936187	5	0.343	0.576	9.217	2.585
1424221718521	37.499444	139.936186	5	0.506	0.653	9.246	2.560
1424221718622	37.499441	139.936186	5	0.549	0.519	9.684	2.535
1424221718722	37.499439	139.936185	5	0.548	0.461	9.655	2.511
1424221718823	37.499438	139.936183	5	0.584	0.577	9.322	2.524
1424221718919	37.499437	139.936180	5	0.733	0.618	9.258	2.569
1424221719019	37.499437	139.936176	5	0.820	0.563	9.356	2.616
1424221719120	37.499436	139.936172	5	0.811	0.627	9.143	2.665
1424221719221	37.499436	139.936168	5	0.875	0.566	9.492	2.714
1424221719321	37.499435	139.936164	5	0.994	0.563	9.511	2.764
1424221719422	37.499435	139.936160	5	0.838	0.536	9.242	2.816
1424221719523	37.499434	139.936156	5	0.823	0.475	9.379	2.868
1424221719619	37.499434	139.936152	5	0.840	0.445	9.763	2.919
1424221744619	37.499853	139.934490	5	0.838	0.448	9.756	7.323
1424221744720	37.499854	139.934483	5	0.543	0.305	9.562	7.274
1424221744821	37.499856	139.934475	4	0.344	0.139	9.271	7.250
1424221744921	37.499858	139.934467	4	0.275	0.014	9.404	7.250
1424221745022	37.499860	139.934459	4	0.225	-0.016	9.441	7.250
1424221745123	37.499861	139.934451	4	0.206	-0.020	9.336	7.250
1424221745223	37.499863	139.934444	4	0.212	-0.064	9.428	7.250
1424221745319	37.499865	139.934436	4	0.178	-0.046	9.477	7.250
1424221745420	37.499867	139.934428	4	0.192	0.024	9.290	7.250
1424221745521	37.499869	139.934420	4	0.238	-0.044	9.386	7.250
1424221745621	37.499870	139.934413	4	0.227	-0.129	9.562	7.250
1424221745722	37.499872	139.934405	4	0.282	-0.125	9.481	7.250
1424221745823	37.499874	139.934397	4	0.267	-0.128	9.332	7.250
1424221745923	37.499877	139.934389	4	0.193	-0.161	9.335	7.250
1424221746019	37.499879	139.934381	4	0.181	-0.177	9.408	7.250
1424221746120	37.499882	139.934373	4	0.187	-0.168	9.362	7.250
1424221746221	37.499885	139.934364	4	0.171	-0.239	9.492	7.250
1424221746321	37.499887	139.934356	4	0.142	-0.215	9.446	7.250
1424221746422	37.499890	139.934348	4	0.135	-0.229	9.294	7.250
1424221746523	37.499893	139.934340	4	0.146	-0.252	9.355	7.250
1424221746623	37.499895	139.934332	4	0.117	-0.229	9.445	7.250
1424221746719	37.499898	139.934324	4	0.089	-0.206	9.403	7.250
1424221746820	37.499900	139.934316	4	0.115	-0.226	9.298	7.224
1424221746920	37.499901	139.934309	4	0.160	-0.298	9.471	7.173
1424221747021	37.499903	139.934301	4	0.158	-0.293	9.473	7.121
1424221747122	37.499904	139.934294	4	0.186	-0.299	9.347	7.070
1424221747223	37.499906	139.934287	4	0.171	-0.347	9.431	7.019
1424221747323	37.499907	139.934280	4	0.204	-0.420	9.475	6.969
1424221747419	37.499909	139.934273	4	0.234	-0.427	9.368	6.921
1424221747520	37.499910	139.934266	4	0.240	-0.476	9.454	6.872
1424221747620	37.499912	139.934258	4	0.305	-0.570	9.663	6.823
1424221747721	37.499913	139.934251	4	0.275	-0.556	9.539	6.774
1424221747822	37.499915	139.934244	4	0.274	-0.523	9.289	6.694
1424221747922	37.499917	139.934238	4	0.258	-0.558	9.411	6.588
1424221748024	37.499918	139.934231	4	0.226	-0.577	9.643	6.481
1424221748119	37.499920	139.934224	4	0.251	-0.599	9.547	6.383
1424221748220	37.499922	139.934218	4	0.237	-0.625	9.445	6.280
1424221748320	37.499923	139.934212	4	0.245	-0.586	9.477	6.180
1424221748421	37.499925	139.934205	4	0.242	-0.540	9.411	6.081
1424221748522	37.499926	139.934199	4	0.167	-0.522	9.374	5.983
1424221748622	37.499928	139.934193	4	0.156	-0.501	9.331	5.888
1424221748723	37.499929	139.934187	4	0.219	-0.487	9.488	5.793
1424221748819	37.499931	139.934181	4	0.236	-0.516	9.455	5.737
1424221748920	37.499933	139.934174	4	0.184	-0.526	9.220	5.712
1424221749020	37.499935	139.934168	4	0.248	-0.613	9.397	5.686
1424221749121	37.499937	139.934161	4	0.213	-0.665	9.423	5.661
1424221749222	37.499939	139.934155	4	0.256	-0.631	9.313	5.636
1424221749322	37.499941	139.934148	4	0.274	-0.682	9.332	5.611
1424221749423	37.499943	139.934142	4	0.285	-0.740	9.464	5.585
1424221749519	37.499944	139.934136	4	0.273	-0.751	9.468	5.562
1424221749619	37.499946	139.934129	4	0.322	-0.793	9.487	5.537
1424221749720	37.499948	139.934123	4	0.431	-0.797	9.359	5.512
1424221749821	37.499950	139.934117	4	0.541	-0.855	9.341	5.473
1424221749922	37.499952	139.934111	4	0.543	-0.913	9.482	5.421
1424221750022	37.499954	139.934105	4	0.500	-0.913	9.482	5.370
1424221750123	37.499956	139.934100	4	0.478	-0.965	9.407	5.318
1424221750219	37.499957	139.934094	4	0.473	-1.030	9.458	5.270
1424221750319	37.499959	139.934089	4	0.405	-1.083	9.544	5.220
1424221750420	37.499961	139.934083	4	0.384	-1.055	9.459	5.170
1424221750521	37.499963	139.934077	4	0.398	-1.043	9.429	5.120
1424221750621	37.499964	139.934072	4	0.474	-1.034	9.462	5.071
1424221750722	37.499966	139.934067	4	0.440	-1.037	9.446	5.023
1424221750823	37.499968	139.934061	4	0.362	-1.008	9.434	5.000
1424221750924	37.499970	139.934056	4	0.343	-0.995	9.517	5.000
1424221751019	37.499972	139.934051	4	0.335	-1.009	9.533	5.000
1424221751120	37.499974	139.934046	4	0.321	-1.014	9.375	5.000
1424221751221	37.499976	139.934041	4	0.352	-0.980	9.313	5.000
1424221751321	37.499978	139.934036	4	0.374	-1.019	9.450	5.000
1424221751422	37.499980	139.934031	4	0.388	-1.003	9.523	5.000
1424221751523	37.499982	139.934026	4	0.374	-0.943	9.421	5.000
1424221751619	37.499984	139.934021	4	0.369	-0.957	9.399	5.000
1424221751719	37.499986	139.934016	4	0.365	-1.007	9.454	5.000
1424221751820	37.499988	139.934010	6	0.320	-1.019	9.494	5.000
1424221751921	37.499990	139.934005	6	0.305	-1.000	9.460	5.000
1424221752021	37.499992	139.934000	6	0.351	-0.982	9.408	5.000
1424221752122	37.499994	139.933995	6	0.364	-1.003	9.481	5.000
1424221752223	37.499997	139.933989	6	0.359	-0.975	9.399	5.000
1424221752323	37.499999	139.933984	6	0.382	-0.912	9.437	5.000
1424221752419	37.500001	139.933979	6	0.362	-0.840	9.374	5.000
1424221752520	37.500003	139.933974	6	0.320	-0.757	9.364	5.000
1424221752621	37.500005	139.933969	6	0.314	-0.717	9.388	5.000
1424221752721	37.500007	139.933964	6	0.306	-0.702	9.410	5.000
1424221752822	37.500008	139.933962	7	0.309	-0.660	9.382	4.806
1424221752923	37.500008	139.933963	7	0.294	-0.701	9.423	4.444
1424221753023	37.500007	139.933964	7	0.267	-0.774	9.494	4.107
1424221753119	37.500007	139.933965	7	0.275	-0.799	9.452	3.803
1424221753220	37.500007	139.933966	7	0.308	-0.822	9.474	3.504
1424221753320	37.500007	139.933967	7	0.336	-0.823	9.453	3.229
1424221753421	37.500007	139.933968	7	0.360	-0.853	9.411	2.973
1424221753522	37.500006	139.933969	7	0.404	-0.868	9.443	2.737
1424221753623	37.500006	139.933970	7	0.429	-0.836	9.400	2.523
1424221753723	37.500006	139.933971	7	0.443	-0.849	9.382	2.333
1424221753819	37.500007	139.933969	7	0.454	-0.885	9.493	2.166
1424221753920	37.500008	139.933966	7	0.410	-0.861	9.445	2.001
1424221754020	37.500009	139.933963	7	0.351	-0.828	9.403	1.847
1424221754121	37.500010	139.933960	7	0.374	-0.868	9.424	1.702
1424221754222	37.500011	139.933958	7	0.395	-0.883	9.444	1.566
1424221754323	37.500012	139.933955	7	0.357	-0.848	9.403	1.440
1424221754423	37.500013	139.933953	7	0.377	-0.807	9.378	1.325
1424221754519	37.500014	139.933951	7	0.384	-0.778	9.414	1.223
1424221754620	37.500015	139.933949	7	0.351	-0.765	9.466	1.126
1424221754720	37.500016	139.933948	7	0.336	-0.731	9.485	1.040
1424221754821	37.500016	139.933946	6	0.412	-0.764	9.598	1.000
1424221754922	37.500017	139.933945	6	0.420	-0.672	9.478	1.000
1424221755022	37.500017	139.933944	6	0.305	-0.573	9.281	1.000
1424221755123	37.500018	139.933943	6	0.243	-0.550	9.374	1.000
1424221755224	37.500018	139.933942	6	0.307	-0.560	9.454	1.000
1424221755320	37.500019	139.933941	6	0.326	-0.488	9.348	1.000
1424221755419	37.500019	139.933940	6	0.262	-0.434	9.354	1.000
1424221755521	37.500020	139.933939	6	0.232	-0.488	9.445	1.000
1424221755620	37.500020	139.933938	6	0.237	-0.578	9.495	1.000
1424221755722	37.500021	139.933937	6	0.306	-0.574	9.463	1.000
1424221755821	37.500021	139.933936	6	0.346	-0.540	9.396	0.901
1424221755919	37.500021	139.933935	6	0.334	-0.552	9.395	0.724
1424221756019	37.500021	139.933935	6	0.307	-0.564	9.454	0.564
1424221756120	37.500021	139.933935	6	0.294	-0.551	9.427	0.422
1424221756221	37.500021	139.933935	6	0.322	-0.555	9.390	0.301
1424221756322	37.500021	139.933934	6	0.306	-0.569	9.441	0.201
1424221756422	37.500021	139.933934	6	0.242	-0.579	9.469	0.121
1424221756523	37.500021	139.933934	6	0.246	-0.582	9.432	0.061
1424221756619	37.500021	139.933934	6	0.301	-0.584	9.426	0.023
1424221756719	37.500021	139.933934	6	0.329	-0.550	9.439	0.003
1424221776619	37.500120	139.933748	6	0.069	0.083	9.416	2.750
1424221776720	37.500121	139.933745	6	0.006	-0.156	9.458	2.750
1424221776821	37.500121	139.933742	5	-0.081	-0.358	9.380	2.750
1424221776921	37.500122	139.933739	5	-0.187	-0.412	9.369	2.750
1424221777022	37.500122	139.933736	5	-0.309	-0.366	9.348	2.750
1424221777123	37.500123	139.933733	5	-0.445	-0.251	9.169	2.750
1424221777224	37.500123	139.933730	5	-0.340	-0.404	9.553	2.750
1424221777319	37.500124	139.933728	5	-0.247	-0.528	9.582	2.750
1424221777420	37.500124	139.933725	5	-0.109	-0.470	9.327	2.750
1424221777521	37.500125	139.933721	5	0.180	-0.518	9.680	2.750
1424221777621	37.500125	139.933718	5	-0.069	-0.424	9.483	2.750
1424221777722	37.500126	139.933715	5	-0.300	-0.311	9.196	2.750
1424221777823	37.500126	139.933712	6	-0.200	-0.245	9.175	2.750
1424221777923	37.500127	139.933710	6	-0.175	-0.326	9.410	2.750
1424221778019	37.500127	139.933707	6	-0.294	-0.461	9.628	2.750
1424221778120	37.500128	139.933704	6	-0.432	-0.490	9.445	2.750
1424221778221	37.500129	139.933701	6	-0.534	-0.460	9.298	2.750
1424221778321	37.500129	139.933698	6	-0.472	-0.461	9.360	2.750
1424221778422	37.500130	139.933695	6	-0.345	-0.564	9.663	2.750
1424221778523	37.500131	139.933692	6	-0.430	-0.615	9.529	2.750
1424221778623	37.500131	139.933689	6	-0.409	-0.546	9.269	2.750
1424221778719	37.500132	139.933686	6	-0.212	-0.393	9.308	2.750
1424221778820	37.500131	139.933684	7	-0.090	-0.288	9.458	2.723
1424221778920	37.500130	139.933683	7	-0.306	-0.271	9.294	2.669
1424221779021	37.500128	139.933681	7	-0.570	-0.304	9.063	2.615
1424221779122	37.500126	139.933680	7	-0.494	-0.457	9.559	2.563
1424221779223	37.500125	139.933678	7	-0.605	-0.556	9.726	2.511
1424221779323	37.500123	139.933677	7	-0.774	-0.561	9.562	2.461
1424221779419	37.500122	139.933676	7	-0.914	-0.510	9.315	2.414
1424221779520	37.500120	139.933674	7	-0.860	-0.452	9.263	2.366
1424221779620	37.500119	139.933673	7	-0.641	-0.422	9.672	2.319
1424221779721	37.500118	139.933672	7	-0.674	-0.187	9.300	2.272
1424221779822	37.500117	139.933670	7	-0.416	-0.193	9.307	2.250
1424221779922	37.500117	139.933667	7	-0.107	-0.296	9.639	2.250
1424221780023	37.500116	139.933665	7	-0.132	-0.271	9.371	2.250
1424221780119	37.500116	139.933662	7	-0.359	-0.204	9.168	2.250
1424221780220	37.500116	139.933660	7	-0.363	-0.415	9.347	2.250
1424221780320	37.500115	139.933657	7	-0.834	-0.201	9.474	2.250
1424221780421	37.500115	139.933655	7	-1.402	-0.214	9.529	2.250
1424221780522	37.500115	139.933652	7	-1.563	-0.572	9.749	2.250
1424221780622	37.500114	139.933650	7	-1.549	-0.736	9.453	2.250
1424221780723	37.500114	139.933647	7	-1.295	-0.630	9.166	2.250
1424221780819	37.500113	139.933645	6	-0.946	-0.458	9.301	2.250
1424221780920	37.500110	139.933644	6	-0.744	-0.372	9.386	2.250
1424221781020	37.500108	139.933642	6	-0.647	-0.253	9.342	2.250
1424221781121	37.500106	139.933640	6	-0.482	-0.139	9.258	2.250
1424221781222	37.500103	139.933639	6	-0.527	-0.040	9.329	2.250
1424221781322	37.500101	139.933637	6	-0.614	0.023	9.314	2.250
1424221781423	37.500098	139.933636	6	-0.810	0.099	9.548	2.250
1424221781519	37.500096	139.933634	6	-1.012	0.036	9.567	2.250
1424221781619	37.500094	139.933632	6	-1.092	0.076	9.359	2.250
1424221790618	37.499786	139.933533	6	-1.091	0.082	9.349	3.750
1424221790623	37.499786	139.933533	6	-1.086	0.087	9.340	3.750
1424221790723	37.499782	139.933532	6	-0.758	0.030	9.308	3.750
1424221790819	37.499778	139.933530	6	-0.480	-0.071	9.485	3.750
1424221790920	37.499774	139.933529	6	-0.267	-0.143	9.523	3.750
1424221791021	37.499769	139.933527	6	-0.295	-0.122	9.378	3.750
1424221791121	37.499765	139.933526	6	-0.321	-0.121	9.389	3.750
1424221791222	37.499761	139.933524	6	-0.233	-0.183	9.461	3.750
1424221791323	37.499757	139.933523	6	-0.222	-0.203	9.412	3.750
1424221791423	37.499753	139.933521	6	-0.240	-0.177	9.364	3.750
1424221791519	37.499749	139.933520	6	-0.228	-0.190	9.473	3.750
1424221791620	37.499744	139.933518	6	-0.270	-0.191	9.464	3.750
1424221791720	37.499740	139.933517	6	-0.250	-0.127	9.330	3.750
1424221791821	37.499736	139.933515	6	-0.286	-0.086	9.393	3.750
1424221791922	37.499733	139.933514	6	-0.272	-0.041	9.424	3.750
1424221792023	37.499730	139.933513	6	-0.262	0.040	9.388	3.750
1424221792123	37.499727	139.933512	6	-0.327	0.077	9.335	3.750
1424221792219	37.499724	139.933511	6	-0.378	0.038	9.396	3.750
1424221792320	37.499720	139.933509	6	-0.376	-0.031	9.457	3.750
1424221792420	37.499717	139.933508	6	-0.278	-0.233	9.412	3.750
1424221792521	37.499714	139.933507	6	-0.239	-0.380	9.426	3.750
1424221792622	37.499711	139.933506	6	-0.263	-0.302	9.428	3.750
1424221792722	37.499708	139.933505	6	-0.312	-0.166	9.351	3.750
1424221792823	37.499704	139.933503	7	-0.317	-0.091	9.378	3.736
1424221792919	37.499700	139.933502	7	-0.337	-0.113	9.462	3.712
1424221793020	37.499697	139.933501	7	-0.367	-0.141	9.464	3.686
1424221793120	37.499693	139.933499	7	-0.335	-0.151	9.395	3.661
1424221793221	37.499689	139.933498	7	-0.274	-0.224	9.378	3.635
1424221793322	37.499685	139.933497	7	-0.206	-0.265	9.328	3.610
1424221793422	37.499682	139.933495	7	-0.160	-0.296	9.339	3.585
1424221793523	37.499678	139.933494	7	-0.140	-0.329	9.454	3.560
1424221793619	37.499674	139.933493	7	-0.154	-0.367	9.460	3.537
1424221793719	37.499671	139.933492	7	-0.160	-0.387	9.424	3.512
1424221793820	37.499667	139.933490	7	-0.110	-0.368	9.430	3.500
1424221793921	37.499664	139.933489	7	-0.091	-0.331	9.397	3.500
1424221794022	37.499661	139.933488	7	-0.073	-0.304	9.349	3.500
1424221794122	37.499658	139.933487	7	-0.051	-0.282	9.333	3.500
1424221794223	37.499654	139.933486	7	-0.090	-0.329	9.454	3.500
1424221794319	37.499651	139.933485	7	-0.091	-0.377	9.438	3.500
1424221794419	37.499648	139.933484	7	-0.128	-0.396	9.381	3.500
1424221794520	37.499645	139.933483	7	-0.090	-0.452	9.435	3.500
1424221794621	37.499642	139.933482	7	-0.051	-0.442	9.461	3.500
1424221794722	37.499639	139.933481	7	-0.020	-0.407	9.462	3.500
1424221794822	37.499635	139.933480	8	0.020	-0.377	9.374	3.457
1424221794923	37.499632	139.933479	8	0.010	-0.404	9.369	3.374
1424221795019	37.499629	139.933479	8	-0.038	-0.444	9.485	3.296
1424221795119	37.499626	139.933478	8	-0.007	-0.481	9.472	3.218
1424221795220	37.499623	139.933478	8	0.058	-0.490	9.343	3.140
1424221795321	37.499620	139.933478	8	0.098	-0.513	9.404	3.064
1424221795421	37.499617	139.933477	8	0.165	-0.520	9.477	2.991
1424221795522	37.499615	139.933477	8	0.175	-0.524	9.405	2.919
1424221795623	37.499612	139.933477	8	0.193	-0.575	9.422	2.849
1424221795724	37.499609	139.933476	8	0.155	-0.580	9.412	2.781
1424221795819	37.499607	139.933476	8	0.111	-0.611	9.378	2.672
1424221795920	37.499606	139.933476	8	0.090	-0.706	9.465	2.516
1424221796021	37.499604	139.933475	8	0.076	-0.763	9.496	2.367
1424221796121	37.499603	139.933475	8	0.080	-0.777	9.438	2.228
1424221796222	37.499601	139.933475	8	0.121	-0.804	9.437	2.094
1424221796323	37.499600	139.933475	8	0.148	-0.821	9.497	1.968
1424221796423	37.499599	139.933475	8	0.219	-0.841	9.467	1.850
1424221796519	37.499598	139.933474	8	0.264	-0.834	9.384	1.745
1424221796620	37.499596	139.933474	8	0.298	-0.838	9.453	1.641
1424221796721	37.499595	139.933474	8	0.278	-0.804	9.408	1.544
1424221796821	37.499594	139.933474	7	0.217	-0.829	9.390	1.470
1424221796922	37.499593	139.933474	7	0.195	-0.899	9.513	1.411
1424221797023	37.499592	139.933473	7	0.163	-0.896	9.496	1.355
1424221797123	37.499591	139.933473	7	0.167	-0.815	9.384	1.301
1424221797219	37.499590	139.933473	7	0.212	-0.753	9.383	1.251
1424221797320	37.499588	139.933473	7	0.225	-0.671	9.459	1.200
1424221797420	37.499587	139.933473	7	0.205	-0.538	9.390	1.152
1424221797521	37.499586	139.933472	7	0.163	-0.460	9.360	1.106
1424221797622	37.499585	139.933472	7	0.125	-0.460	9.444	1.061
1424221797723	37.499584	139.933472	7	0.080	-0.508	9.460	1.019
1424221797823	37.499584	139.933472	7	0.079	-0.510	9.427	0.965
1424221797924	37.499583	139.933471	7	0.091	-0.506	9.433	0.901
1424221798020	37.499583	139.933470	7	0.119	-0.498	9.432	0.844
1424221798119	37.499583	139.933470	7	0.140	-0.495	9.415	0.788
1424221798221	37.499582	139.933469	7	0.162	-0.502	9.418	0.733
1424221798320	37.499582	139.933469	7	0.178	-0.505	9.412	0.684
1424221798423	37.499582	139.933468	7	0.171	-0.517	9.396	0.636
1424221798522	37.499582	139.933468	7	0.122	-0.462	9.438	0.593
1424221798619	37.499581	139.933468	7	0.047	-0.264	9.488	0.554
1424221798720	37.499581	139.933467	7	-0.035	-0.012	9.438	0.517
1424221798820	37.499582	139.933466	6	-0.098	0.182	9.378	0.451
1424221798921	37.499584	139.933464	6	-0.093	0.209	9.344	0.360
1424221799022	37.499585	139.933463	6	-0.041	0.116	9.360	0.280
1424221799122	37.499587	139.933461	6	-0.018	0.046	9.407	0.210
1424221799223	37.499588	139.933460	6	-0.033	0.051	9.415	0.150
1424221799319	37.499589	139.933459	6	-0.053	0.089	9.396	0.102
1424221799420	37.499590	139.933458	6	-0.060	0.107	9.378	0.061
1424221799520	37.499590	139.933458	6	-0.066	0.079	9.409	0.031
1424221799621	37.499591	139.933457	6	-0.063	0.066	9.427	0.011
1424221799722	37.499591	139.933457	6	-0.059	0.086	9.417	0.001
1424221855615	37.497716	139.932672	9	-0.059	0.094	9.403	7.146
1424221855620	37.497716	139.932672	9	-0.056	0.088	9.406	7.141
1424221855720	37.497711	139.932671	9	0.105	-0.238	9.491	7.047
1424221855821	37.497705	139.932669	10	0.196	-0.381	9.271	6.987
1424221855922	37.497699	139.932668	10	0.200	-0.447	9.270	6.961
1424221856022	37.497693	139.932667	10	0.252	-0.579	9.519	6.936
1424221856124	37.497687	139.932666	10	0.229	-0.665	9.577	6.910
1424221856219	37.497681	139.932665	10	0.185	-0.647	9.482	6.887
1424221856320	37.497675	139.932663	10	0.178	-0.641	9.379	6.861
1424221856420	37.497669	139.932662	10	0.284	-0.768	9.369	6.836
1424221856521	37.497663	139.932661	10	0.316	-0.820	9.502	6.811
1424221856622	37.497657	139.932660	10	0.290	-0.825	9.504	6.786
1424221856722	37.497651	139.932659	10	0.308	-0.863	9.436	6.762
1424221856823	37.497646	139.932657	10	0.407	-0.901	9.439	6.708
1424221856919	37.497641	139.932654	10	0.407	-0.895	9.328	6.633
1424221857020	37.497637	139.932651	10	0.349	-0.876	9.344	6.554
1424221857120	37.497632	139.932649	10	0.340	-0.941	9.534	6.477
1424221857221	37.497628	139.932646	10	0.436	-0.967	9.566	6.401
1424221857322	37.497623	139.932643	10	0.417	-0.890	9.351	6.325
1424221857422	37.497619	139.932641	10	0.333	-0.915	9.349	6.251
1424221857523	37.497614	139.932638	10	0.277	-0.933	9.457	6.177
1424221857619	37.497610	139.932636	10	0.328	-0.957	9.548	6.108
1424221857719	37.497606	139.932633	10	0.326	-0.917	9.372	6.036
1424221857820	37.497601	139.932632	11	0.296	-0.864	9.345	5.960
1424221857921	37.497596	139.932632	11	0.330	-0.828	9.538	5.880
1424221858022	37.497591	139.932633	11	0.352	-0.819	9.444	5.802
1424221858122	37.497586	139.932633	11	0.348	-0.782	9.313	5.725
1424221858223	37.497581	139.932633	11	0.328	-0.792	9.410	5.648
1424221858319	37.497576	139.932634	11	0.247	-0.794	9.438	5.576
1424221858419	37.497571	139.932634	11	0.168	-0.796	9.447	5.502
1424221858520	37.497567	139.932634	11	0.165	-0.834	9.465	5.428
1424221858621	37.497562	139.932635	11	0.199	-0.840	9.469	5.355
1424221858721	37.497557	139.932635	11	0.242	-0.797	9.442	5.284
1424221858822	37.497553	139.932635	13	0.296	-0.719	9.407	5.223
1424221858924	37.497548	139.932636	13	0.312	-0.703	9.370	5.170
1424221859019	37.497543	139.932636	13	0.280	-0.710	9.430	5.121
1424221859119	37.497539	139.932636	13	0.207	-0.627	9.510	5.070
1424221859220	37.497534	139.932637	13	0.145	-0.518	9.466	5.019
1424221859321	37.497530	139.932637	13	0.116	-0.477	9.407	4.968
1424221859421	37.497525	139.932638	13	0.123	-0.476	9.448	4.919
1424221859522	37.497521	139.932638	13	0.111	-0.480	9.452	4.869
1424221859623	37.497516	139.932638	13	0.092	-0.479	9.357	4.820
1424221859724	37.497512	139.932639	13	0.118	-0.556	9.380	4.772
1424221859819	37.497510	139.932637	13	0.173	-0.659	9.460	4.586
1424221859920	37.497511	139.932634	13	0.234	-0.772	9.556	4.261
1424221860021	37.497512	139.932631	13	0.276	-0.806	9.445	3.955
1424221860121	37.497512	139.932628	13	0.260	-0.830	9.350	3.669
1424221860222	37.497513	139.932625	13	0.269	-0.907	9.461	3.399
1424221860323	37.497513	139.932623	13	0.305	-0.932	9.479	3.147
1424221860423	37.497514	139.932621	13	0.287	-0.967	9.427	2.915
1424221860519	37.497514	139.932619	13	0.279	-0.974	9.407	2.710
1424221860620	37.497514	139.932617	13	0.309	-0.968	9.448	2.511
1424221860720	37.497515	139.932615	13	0.335	-0.972	9.456	2.333
1424221860821	37.497512	139.932612	14	0.317	-0.957	9.412	2.185
1424221860922	37.497508	139.932608	14	0.304	-0.990	9.475	2.061
1424221861023	37.497503	139.932604	14	0.316	-0.998	9.493	1.943
1424221861123	37.497499	139.932601	14	0.277	-0.918	9.426	1.832
1424221861219	37.497495	139.932598	14	0.192	-0.801	9.445	1.730
1424221861320	37.497491	139.932595	14	0.149	-0.715	9.470	1.629
1424221861420	37.497487	139.932592	14	0.134	-0.664	9.445	1.535
1424221861521	37.497484	139.932589	14	0.128	-0.559	9.394	1.446
1424221861622	37.497480	139.932586	14	0.096	-0.418	9.418	1.362
1424221861723	37.497477	139.932584	14	0.073	-0.329	9.415	1.284
1424221861823	37.497476	139.932583	14	0.095	-0.297	9.405	1.217
1424221861919	37.497476	139.932582	14	0.099	-0.288	9.380	1.160
1424221862020	37.497475	139.932581	14	0.068	-0.274	9.402	1.102
1424221862120	37.497475	139.932581	14	0.051	-0.275	9.416	1.047
1424221862221	37.497475	139.932580	14	0.046	-0.267	9.399	0.994
1424221862322	37.497475	139.932579	14	0.056	-0.279	9.398	0.943
1424221862423	37.497475	139.932579	14	0.061	-0.273	9.424	0.895
1424221862523	37.497474	139.932578	14	0.057	-0.243	9.418	0.850
1424221862619	37.497474	139.932578	14	0.053	-0.253	9.405	0.809
1424221862720	37.497474	139.932577	14	0.042	-0.256	9.423	0.769
1424221862820	37.497474	139.932576	9	0.041	-0.214	9.445	0.677
1424221862921	37.497475	139.932574	9	-0.021	-0.046	9.455	0.541
1424221863022	37.497475	139.932573	9	-0.099	0.188	9.425	0.420
1424221863122	37.497475	139.932572	9	-0.158	0.389	9.377	0.315
1424221863223	37.497475	139.932571	9	-0.175	0.454	9.356	0.224
1424221863319	37.497476	139.932570	9	-0.154	0.386	9.359	0.153
1424221863420	37.497476	139.932569	9	-0.129	0.288	9.391	0.092
1424221863520	37.497476	139.932569	9	-0.125	0.226	9.430	0.047
1424221922616	37.496755	139.932248	11	-0.141	0.250	9.407	5.834
1424221922621	37.496755	139.932248	11	-0.141	0.252	9.404	5.839
1424221922721	37.496748	139.932246	11	-0.045	0.113	9.267	5.947
1424221922822	37.496742	139.932245	13	0.014	-0.075	9.323	5.987
1424221922923	37.496737	139.932246	13	-0.056	-0.275	9.385	5.961
1424221923024	37.496731	139.932247	13	-0.050	-0.375	9.360	5.935
1424221923119	37.496726	139.932247	13	0.025	-0.394	9.470	5.912
1424221923220	37.496720	139.932248	13	0.011	-0.293	9.493	5.886
1424221923321	37.496715	139.932248	13	-0.021	-0.237	9.268	5.861
1424221923421	37.496710	139.932249	13	0.003	-0.281	9.270	5.836
1424221923522	37.496704	139.932250	13	-0.057	-0.449	9.468	5.811
1424221923623	37.496699	139.932250	13	-0.006	-0.427	9.531	5.786
1424221923723	37.496693	139.932251	13	0.017	-0.407	9.570	5.762
1424221923819	37.496689	139.932250	13	-0.032	-0.376	9.320	5.697
1424221923920	37.496685	139.932249	13	-0.063	-0.353	9.345	5.588
1424221924020	37.496681	139.932247	13	0.022	-0.405	9.451	5.482
1424221924121	37.496678	139.932245	13	0.107	-0.449	9.509	5.377
1424221924222	37.496674	139.932244	13	0.162	-0.386	9.342	5.274
1424221924323	37.496670	139.932242	13	0.205	-0.336	9.330	5.173
1424221924423	37.496667	139.932241	13	0.116	-0.329	9.363	5.075
1424221924519	37.496663	139.932240	13	0.015	-0.329	9.448	4.983
1424221924620	37.496660	139.932238	13	-0.101	-0.342	9.409	4.888
1424221924720	37.496657	139.932237	13	-0.079	-0.409	9.415	4.795
1424221924821	37.496653	139.932235	11	-0.032	-0.445	9.485	4.723
1424221924922	37.496650	139.932233	11	0.020	-0.342	9.345	4.670
1424221925023	37.496646	139.932231	11	0.077	-0.271	9.451	4.618
1424221925123	37.496643	139.932229	11	0.157	-0.300	9.426	4.567
1424221925219	37.496639	139.932227	11	0.320	-0.295	9.397	4.519
1424221925320	37.496636	139.932225	11	0.259	-0.255	9.364	4.468
1424221925420	37.496632	139.932223	11	0.158	-0.255	9.379	4.419
1424221925521	37.496629	139.932221	11	0.044	-0.276	9.417	4.369
1424221925622	37.496626	139.932219	11	-0.055	-0.343	9.432	4.320
1424221925722	37.496623	139.932217	11	-0.123	-0.364	9.495	4.273
1424221925823	37.496619	139.932215	10	-0.053	-0.344	9.465	4.222
1424221925919	37.496617	139.932214	10	0.127	-0.321	9.466	4.172
1424221926025	37.496614	139.932212	10	0.279	-0.255	9.449	4.117
1424221926120	37.496611	139.932211	10	0.432	-0.215	9.504	4.068
1424221926219	37.496608	139.932209	10	0.482	-0.138	9.366	4.018
1424221926322	37.496605	139.932207	10	0.438	-0.131	9.335	3.966
1424221926421	37.496602	139.932206	10	0.345	-0.238	9.480	3.917
1424221926523	37.496600	139.932205	10	0.311	-0.250	9.355	3.868
1424221926619	37.496597	139.932203	10	0.149	-0.343	9.378	3.821
1424221926719	37.496594	139.932202	10	-0.069	-0.464	9.449	3.774
1424221926820	37.496593	139.932200	11	0.044	-0.540	9.538	3.723
1424221926921	37.496592	139.932197	11	0.201	-0.537	9.568	3.670
1424221927022	37.496591	139.932195	11	0.261	-0.442	9.376	3.617
1424221927122	37.496591	139.932193	11	0.299	-0.347	9.373	3.566
1424221927223	37.496590	139.932190	11	0.458	-0.299	9.470	3.515
1424221927319	37.496590	139.932188	11	0.587	-0.262	9.431	3.467
1424221927419	37.496589	139.932186	11	0.605	-0.272	9.456	3.417
1424221927520	37.496588	139.932183	11	0.465	-0.297	9.334	3.368
1424221927621	37.496588	139.932181	11	0.328	-0.323	9.336	3.320
1424221927722	37.496587	139.932179	11	0.274	-0.315	9.473	3.272
1424221927822	37.496586	139.932177	11	0.214	-0.263	9.475	3.222
1424221927923	37.496585	139.932174	11	0.220	-0.213	9.388	3.168
1424221928019	37.496584	139.932172	11	0.225	-0.338	9.462	3.118
1424221928119	37.496582	139.932170	11	0.225	-0.395	9.526	3.066
1424221928220	37.496581	139.932168	11	0.202	-0.366	9.395	3.015
1424221928321	37.496580	139.932165	11	0.222	-0.386	9.387	2.964
1424221928421	37.496578	139.932163	11	0.294	-0.383	9.506	2.915
1424221928522	37.496577	139.932161	11	0.336	-0.344	9.543	2.866
1424221928623	37.496576	139.932159	11	0.297	-0.237	9.432	2.818
1424221928719	37.496575	139.932157	11	0.300	-0.229	9.307	2.773
1424221928819	37.496573	139.932156	8	0.304	-0.288	9.369	2.691
1424221928920	37.496572	139.932155	8	0.339	-0.406	9.466	2.572
1424221929021	37.496570	139.932155	8	0.293	-0.484	9.422	2.457
1424221929121	37.496569	139.932154	8	0.188	-0.399	9.251	2.348
1424221929222	37.496568	139.932154	8	0.304	-0.318	9.461	2.243
1424221929323	37.496567	139.932154	8	0.392	-0.235	9.585	2.142
1424221929424	37.496566	139.932153	8	0.286	-0.123	9.414	2.046
1424221929519	37.496565	139.932153	8	0.311	-0.130	9.438	1.959
1424221929620	37.496563	139.932152	8	0.547	-0.160	9.657	1.872
1424221929721	37.496562	139.932152	8	0.508	0.004	9.358	1.789
1424221929821	37.496561	139.932151	8	0.292	0.046	9.181	1.736
1424221929922	37.496558	139.932150	8	0.130	-0.000	9.406	1.710
1424221930023	37.496555	139.932149	8	0.126	-0.013	9.475	1.683
1424221930123	37.496552	139.932148	8	0.213	0.009	9.359	1.657
1424221930219	37.496549	139.932147	8	0.204	0.065	9.420	1.633
1424221930320	37.496547	139.932146	8	0.176	0.110	9.437	1.608
1424221930421	37.496544	139.932145	8	0.196	0.046	9.373	1.583
1424221930521	37.496541	139.932144	8	0.317	-0.131	9.393	1.559
1424221930622	37.496539	139.932143	8	0.379	-0.271	9.495	1.535
1424221930723	37.496536	139.932142	8	0.393	-0.298	9.451	1.511
1424221930823	37.496534	139.932141	8	0.346	-0.284	9.407	1.486
1424221930919	37.496531	139.932140	8	0.280	-0.216	9.438	1.460
1424221931020	37.496529	139.932139	8	0.221	-0.096	9.446	1.433
1424221931120	37.496527	139.932138	8	0.191	0.008	9.386	1.407
1424221931221	37.496525	139.932137	8	0.152	0.050	9.406	1.382
1424221931322	37.496522	139.932136	8	0.151	0.035	9.447	1.356
1424221931423	37.496520	139.932135	8	0.142	0.054	9.425	1.332
1424221931523	37.496518	139.932134	8	0.109	0.109	9.376	1.308
1424221947616	37.495909	139.931702	5	0.090	0.130	9.376	7.038
1424221947621	37.495909	139.931701	5	0.088	0.134	9.374	7.037
1424221947722	37.495903	139.931697	5	0.184	0.096	9.272	7.012
1424221947823	37.495897	139.931692	5	0.148	-0.003	9.420	7.000
1424221947924	37.495892	139.931687	5	0.004	0.005	9.444	7.000
1424221948019	37.495886	139.931683	5	-0.033	0.073	9.388	7.000
1424221948120	37.495881	139.931678	5	0.090	0.112	9.498	7.000
1424221948221	37.495875	139.931673	5	0.118	0.048	9.543	7.000
1424221948321	37.495870	139.931668	5	0.089	0.071	9.294	7.000
1424221948422	37.495864	139.931663	5	0.095	0.064	9.300	7.000
1424221948523	37.495859	139.931658	5	0.093	0.033	9.453	7.000
1424221948619	37.495853	139.931653	5	0.041	0.059	9.531	7.000
1424221948719	37.495848	139.931648	5	0.004	0.147	9.379	7.000
1424221948820	37.495843	139.931644	6	0.022	0.083	9.280	6.987
1424221948921	37.495840	139.931640	6	-0.019	0.004	9.463	6.962
1424221949021	37.495836	139.931636	6	-0.097	-0.019	9.366	6.936
1424221949122	37.495833	139.931632	6	-0.116	-0.039	9.503	6.911
1424221949223	37.495829	139.931628	6	-0.081	-0.167	9.537	6.886
1424221949323	37.495825	139.931624	6	-0.002	-0.286	9.486	6.861
1424221949419	37.495822	139.931620	6	0.038	-0.213	9.450	6.837
1424221949520	37.495819	139.931616	6	-0.056	-0.179	9.295	6.812
1424221949620	37.495815	139.931612	6	-0.057	-0.241	9.478	6.787
1424221949721	37.495812	139.931608	6	0.024	-0.300	9.551	6.762
1424221949822	37.495807	139.931604	6	0.082	-0.195	9.351	6.750
1424221949923	37.495801	139.931599	6	0.008	-0.090	9.146	6.750
1424221950023	37.495795	139.931595	6	0.036	-0.064	8.991	6.750
1424221950119	37.495789	139.931591	6	0.055	-0.280	9.348	6.750
1424221950220	37.495783	139.931587	6	-0.064	-0.361	9.720	6.750
1424221950320	37.495777	139.931582	6	-0.275	-0.276	9.258	6.750
1424221950421	37.495771	139.931578	6	-0.398	-0.375	9.163	6.750
1424221950522	37.495765	139.931574	6	-0.436	-0.502	9.442	6.750
1424221950623	37.495759	139.931569	6	-0.578	-0.621	9.744	6.750
1424221950723	37.495753	139.931565	6	-0.700	-0.425	9.442	6.750
1424221950819	37.495748	139.931561	6	-0.781	-0.308	9.231	6.750
1424221950920	37.495743	139.931558	6	-0.815	-0.402	9.385	6.750
1424221951020	37.495739	139.931555	6	-0.766	-0.467	9.611	6.750
1424221951121	37.495734	139.931552	6	-0.669	-0.375	9.536	6.750
1424221951222	37.495730	139.931549	6	-0.672	-0.267	9.334	6.750
1424221951322	37.495725	139.931545	6	-0.605	-0.264	9.345	6.750
1424221951423	37.495721	139.931542	6	-0.513	-0.306	9.384	6.750
1424221951519	37.495716	139.931539	6	-0.410	-0.273	9.466	6.750
1424221951620	37.495712	139.931536	6	-0.374	-0.184	9.463	6.750
1424221951720	37.495707	139.931533	6	-0.417	-0.101	9.377	6.750
1424221951821	37.495703	139.931530	6	-0.379	-0.186	9.477	6.737
1424221951922	37.495699	139.931527	6	-0.357	-0.219	9.355	6.711
1424221952022	37.495695	139.931525	6	-0.371	-0.174	9.356	6.686
1424221952123	37.495690	139.931522	6	-0.416	-0.154	9.424	6.661
1424221952219	37.495686	139.931520	6	-0.363	-0.216	9.512	6.637
1424221952319	37.495682	139.931517	6	-0.404	-0.218	9.314	6.612
1424221952420	37.495678	139.931515	6	-0.431	-0.187	9.337	6.586
1424221952521	37.495674	139.931512	6	-0.381	-0.284	9.575	6.561
1424221952622	37.495670	139.931510	6	-0.377	-0.209	9.404	6.536
1424221952722	37.495666	139.931507	6	-0.405	-0.153	9.334	6.512
1424221952823	37.495662	139.931504	6	-0.459	-0.139	9.411	6.487
1424221952919	37.495658	139.931500	6	-0.469	-0.160	9.323	6.462
1424221953019	37.495654	139.931497	6	-0.456	-0.154	9.361	6.437
1424221953120	37.495649	139.931493	6	-0.534	-0.163	9.473	6.411
1424221953221	37.495645	139.931489	6	-0.522	-0.209	9.487	6.386
1424221953322	37.495641	139.931485	6	-0.410	-0.213	9.426	6.361
1424221953422	37.495637	139.931482	6	-0.381	-0.194	9.352	6.336
1424221953523	37.495633	139.931478	6	-0.473	-0.116	9.318	6.311
1424221953619	37.495629	139.931474	6	-0.442	-0.003	9.444	6.287
1424221957617	37.495407	139.931411	6	-0.443	0.006	9.452	5.609
1424221957622	37.495407	139.931411	6	-0.440	0.010	9.457	5.605
1424221957722	37.495401	139.931409	6	-0.100	-0.090	9.220	5.534
1424221957823	37.495397	139.931407	6	0.137	-0.174	9.300	5.500
1424221957919	37.495392	139.931406	6	0.231	-0.245	9.502	5.500
1424221958019	37.495387	139.931405	6	0.220	-0.301	9.552	5.500
1424221958120	37.495383	139.931404	6	0.146	-0.300	9.429	5.500
1424221958221	37.495378	139.931403	6	0.021	-0.313	9.371	5.500
1424221958322	37.495373	139.931401	6	0.070	-0.378	9.503	5.500
1424221958422	37.495368	139.931400	6	0.148	-0.403	9.454	5.500
1424221958523	37.495364	139.931399	6	0.105	-0.349	9.375	5.500
1424221958619	37.495359	139.931398	6	-0.022	-0.285	9.305	5.500
1424221958719	37.495354	139.931397	6	-0.107	-0.342	9.419	5.500
1424221958820	37.495349	139.931395	7	-0.063	-0.462	9.639	5.524
1424221958921	37.495344	139.931394	7	-0.066	-0.448	9.484	5.573
1424221959022	37.495338	139.931392	7	-0.264	-0.324	9.199	5.622
1424221959122	37.495333	139.931390	7	-0.267	-0.293	9.306	5.671
1424221959223	37.495327	139.931388	7	-0.174	-0.417	9.669	5.721
1424221959319	37.495321	139.931387	7	-0.174	-0.441	9.504	5.769
1424221959419	37.495316	139.931385	7	-0.289	-0.371	9.285	5.820
1424221959520	37.495310	139.931383	7	-0.316	-0.254	9.369	5.871
1424221959621	37.495304	139.931382	7	-0.298	-0.272	9.477	5.923
1424221959722	37.495298	139.931380	7	-0.214	-0.372	9.414	5.975
1424221959822	37.495292	139.931379	9	-0.169	-0.367	9.304	5.987
1424221959923	37.495286	139.931380	9	-0.176	-0.271	9.377	5.961
1424221960019	37.495281	139.931380	9	-0.254	-0.237	9.508	5.937
1424221960119	37.495275	139.931381	9	-0.261	-0.299	9.506	5.912
1424221960220	37.495269	139.931381	9	-0.201	-0.345	9.402	5.886
1424221960321	37.495263	139.931382	9	-0.256	-0.314	9.254	5.861
1424221960421	37.495258	139.931382	9	-0.384	-0.286	9.309	5.836
1424221960522	37.495252	139.931383	9	-0.522	-0.365	9.545	5.811
1424221960623	37.495246	139.931383	9	-0.541	-0.401	9.497	5.786
1424221960724	37.495241	139.931384	9	-0.509	-0.331	9.360	5.761
1424221960819	37.495237	139.931383	10	-0.526	-0.285	9.306	5.595
1424221960920	37.495236	139.931382	10	-0.511	-0.292	9.456	5.286
1424221961021	37.495234	139.931381	10	-0.446	-0.298	9.509	4.992
1424221961121	37.495233	139.931379	10	-0.339	-0.269	9.394	4.714
1424221961222	37.495231	139.931378	10	-0.328	-0.215	9.304	4.448
1424221961323	37.495230	139.931377	10	-0.357	-0.200	9.373	4.196
1424221961423	37.495229	139.931376	10	-0.373	-0.241	9.522	3.960
1424221961519	37.495228	139.931375	10	-0.426	-0.271	9.392	3.747
1424221961620	37.495226	139.931374	10	-0.437	-0.270	9.363	3.536
1424221961721	37.495225	139.931373	10	-0.370	-0.236	9.398	3.340
1424221961821	37.495223	139.931373	10	-0.289	-0.208	9.443	3.274
1424221961922	37.495219	139.931374	10	-0.285	-0.183	9.389	3.321
1424221962023	37.495215	139.931375	10	-0.229	-0.246	9.466	3.370
1424221962123	37.495211	139.931376	10	-0.322	-0.289	9.330	3.418
1424221962219	37.495207	139.931377	10	-0.378	-0.309	9.321	3.466
1424221962320	37.495203	139.931378	10	-0.367	-0.390	9.465	3.516
1424221962421	37.495198	139.931379	10	-0.378	-0.410	9.382	3.567
1424221962521	37.495194	139.931380	10	-0.427	-0.437	9.392	3.619
1424221962622	37.495190	139.931381	10	-0.433	-0.449	9.413	3.671
1424221962723	37.495185	139.931383	10	-0.413	-0.442	9.530	3.725
1424221962823	37.495181	139.931383	8	-0.336	-0.473	9.530	3.736
1424221962919	37.495177	139.931384	8	-0.216	-0.400	9.418	3.712
1424221963020	37.495173	139.931384	8	-0.080	-0.371	9.352	3.686
1424221963120	37.495169	139.931384	8	-0.136	-0.377	9.293	3.661
1424221963221	37.495165	139.931385	8	-0.275	-0.407	9.425	3.635
1424221963322	37.495161	139.931385	8	-0.245	-0.460	9.558	3.610
1424221963423	37.495157	139.931386	8	-0.198	-0.442	9.361	3.585
1424221963523	37.495153	139.931386	8	-0.198	-0.384	9.285	3.560
1424221963619	37.495150	139.931386	8	-0.194	-0.417	9.489	3.537
1424221963720	37.495146	139.931387	8	-0.184	-0.432	9.542	3.512
1424221963820	37.495142	139.931386	8	-0.270	-0.360	9.348	3.512
1424221963921	37.495138	139.931383	8	-0.255	-0.318	9.349	3.537
1424221964022	37.495134	139.931381	8	-0.179	-0.346	9.450	3.561
1424221964122	37.495130	139.931378	8	-0.075	-0.363	9.463	3.586
1424221964223	37.495126	139.931376	8	-0.054	-0.299	9.264	3.611
1424221964319	37.495122	139.931373	8	-0.037	-0.283	9.330	3.635
1424221964419	37.495118	139.931371	8	-0.039	-0.300	9.518	3.660
1424221964520	37.495114	139.931368	8	-0.038	-0.299	9.423	3.686
1424221964621	37.495109	139.931366	8	-0.041	-0.257	9.274	3.712
1424221964722	37.495105	139.931363	8	-0.026	-0.290	9.408	3.738
1424221964822	37.495102	139.931362	8	-0.031	-0.265	9.494	3.707
1424221964923	37.495099	139.931362	8	-0.023	-0.252	9.424	3.624
1424221965019	37.495097	139.931361	8	-0.021	-0.250	9.316	3.548
1424221965119	37.495094	139.931361	8	0.006	-0.233	9.404	3.469
1424221965220	37.495092	139.931361	8	-0.017	-0.192	9.386	3.392
1424221965321	37.495089	139.931360	8	0.020	-0.177	9.391	3.316
1424221965422	37.495087	139.931360	8	0.085	-0.220	9.488	3.242
1424221965522	37.495084	139.931360	8	0.112	-0.222	9.371	3.170
1424221965623	37.495082	139.931359	8	0.101	-0.172	9.345	3.100
1424221965719	37.495080	139.931359	8	0.153	-0.213	9.425	3.034
1424221965819	37.495078	139.931359	6	0.151	-0.290	9.521	2.958
1424221965920	37.495077	139.931359	6	0.169	-0.261	9.378	2.874
1424221966021	37.495076	139.931359	6	0.145	-0.232	9.343	2.792
1424221966121	37.495075	139.931359	6	0.171	-0.278	9.450	2.712
1424221966222	37.495074	139.931359	6	0.182	-0.309	9.423	2.634
1424221966323	37.495073	139.931359	6	0.186	-0.307	9.384	2.559
1424221966419	37.495072	139.931359	6	0.230	-0.335	9.415	2.489
1424221966519	37.495071	139.931359	6	0.287	-0.350	9.481	2.418
1424221966620	37.495070	139.931359	6	0.320	-0.336	9.398	2.349
1424221966721	37.495069	139.931359	6	0.298	-0.337	9.370	2.282
1424221966821	37.495068	139.931359	6	0.255	-0.360	9.417	2.237
1424221966922	37.495065	139.931358	6	0.194	-0.425	9.447	2.210
1424221967023	37.495063	139.931357	6	0.179	-0.543	9.496	2.184
1424221967123	37.495061	139.931356	6	0.101	-0.585	9.401	2.158
1424221967219	37.495059	139.931355	6	0.049	-0.586	9.300	2.134
1424221967320	37.495057	139.931354	6	0.059	-0.608	9.452	2.109
1424221967421	37.495054	139.931353	6	0.086	-0.639	9.553	2.084
1424221967521	37.495052	139.931352	6	0.139	-0.654	9.432	2.060
1424221967622	37.495050	139.931351	6	0.204	-0.732	9.347	2.035
1424221967723	37.495048	139.931350	6	0.220	-0.808	9.445	2.011
1424221967823	37.495046	139.931349	6	0.258	-0.811	9.432	1.930
1424221967919	37.495045	139.931348	6	0.280	-0.776	9.412	1.809
1424221968020	37.495044	139.931347	6	0.246	-0.765	9.459	1.688
1424221968121	37.495044	139.931346	6	0.176	-0.749	9.420	1.573
1424221968221	37.495043	139.931345	6	0.135	-0.723	9.394	1.466
1424221968322	37.495042	139.931344	6	0.171	-0.737	9.446	1.366
1424221968423	37.495041	139.931343	6	0.198	-0.748	9.470	1.271
1424221968523	37.495040	139.931343	6	0.172	-0.732	9.442	1.185
1424221968619	37.495040	139.931342	6	0.158	-0.688	9.407	1.108
1424221968725	37.495039	139.931341	6	0.162	-0.667	9.450	1.031
1424221968821	37.495039	139.931340	5	0.172	-0.654	9.433	0.901
1424221968920	37.495039	139.931339	5	0.168	-0.599	9.392	0.723
1424221969022	37.495039	139.931337	5	0.126	-0.496	9.434	0.560
1424221969121	37.495038	139.931336	5	0.078	-0.414	9.441	0.421
1424221969223	37.495038	139.931335	5	0.071	-0.343	9.422	0.299
1424221969319	37.495038	139.931335	5	0.063	-0.280	9.413	0.203
1424221969420	37.495038	139.931334	5	0.039	-0.221	9.414	0.123
1424221969520	37.495038	139.931333	5	0.001	-0.111	9.444	0.062
1424221969621	37.495038	139.931333	5	-0.043	0.062	9.425	0.022
1424221969722	37.495038	139.931333	5	-0.087	0.225	9.378	0.002
1424222035615	37.492086	139.930706	7	-0.066	0.155	9.408	9.000
1424222035620	37.492086	139.930706	7	-0.060	0.149	9.404	9.000
1424222035721	37.492078	139.930705	7	0.005	-0.021	9.234	9.000
1424222035822	37.492070	139.930704	7	0.090	-0.056	9.290	8.973
1424222035922	37.492062	139.930703	7	0.172	-0.193	9.584	8.922
1424222036023	37.492054	139.930702	7	0.297	-0.138	9.601	8.871
1424222036119	37.492047	139.930700	7	0.433	-0.111	9.418	8.822
1424222036219	37.492039	139.930699	7	0.449	-0.046	9.077	8.772
1424222036320	37.492031	139.930698	7	0.405	-0.058	9.327	8.721
1424222036421	37.492023	139.930696	7	0.230	-0.099	9.410	8.671
1424222036521	37.492016	139.930695	7	0.218	-0.146	9.502	8.622
1424222036622	37.492008	139.930694	7	0.323	-0.208	9.541	8.572
1424222036723	37.492001	139.930693	7	0.387	-0.255	9.434	8.523
1424222036824	37.491993	139.930691	6	0.342	-0.200	9.375	8.472
1424222036919	37.491986	139.930691	6	0.271	-0.189	9.490	8.424
1424222037020	37.491979	139.930690	6	0.166	-0.152	9.413	8.372
1424222037121	37.491972	139.930689	6	0.206	-0.104	9.348	8.321
1424222037221	37.491965	139.930688	6	0.244	-0.150	9.468	8.271
1424222037322	37.491958	139.930687	6	0.260	-0.192	9.458	8.220
1424222037423	37.491951	139.930686	6	0.315	-0.144	9.276	8.170
1424222037523	37.491944	139.930685	6	0.320	-0.161	9.353	8.121
1424222037619	37.491937	139.930684	6	0.239	-0.214	9.437	8.074
1424222037720	37.491930	139.930683	6	0.187	-0.207	9.454	8.024
1424222037821	37.491924	139.930683	6	0.143	-0.210	9.418	7.987
1424222037921	37.491917	139.930682	6	0.148	-0.225	9.401	7.962
1424222038022	37.491911	139.930681	6	0.230	-0.201	9.419	7.936
1424222038123	37.491904	139.930680	6	0.201	-0.168	9.361	7.911
1424222038223	37.491898	139.930679	6	0.213	-0.143	9.289	7.886
1424222038319	37.491892	139.930679	6	0.218	-0.190	9.232	7.862
1424222038420	37.491885	139.930678	6	0.249	-0.274	9.446	7.837
1424222038521	37.491879	139.930677	6	0.278	-0.360	9.596	7.812
1424222038621	37.491872	139.930676	6	0.364	-0.388	9.421	7.787
1424222038722	37.491866	139.930675	6	0.402	-0.441	9.554	7.762
1424222038823	37.491858	139.930672	12	0.397	-0.391	9.411	7.708
1424222038923	37.491850	139.930667	12	0.521	-0.370	9.470	7.630
1424222039019	37.491842	139.930662	12	0.572	-0.277	9.365	7.556
1424222039120	37.491834	139.930657	12	0.501	-0.259	9.351	7.479
1424222039220	37.491826	139.930651	12	0.425	-0.331	9.404	7.403
1424222039321	37.491817	139.930646	12	0.412	-0.418	9.472	7.327
1424222039422	37.491809	139.930641	12	0.432	-0.363	9.571	7.252
1424222039523	37.491801	139.930636	12	0.442	-0.364	9.401	7.178
1424222039623	37.491793	139.930631	12	0.499	-0.392	9.338	7.105
1424222039719	37.491786	139.930626	12	0.490	-0.426	9.518	7.036
1424222039825	37.491778	139.930622	12	0.419	-0.358	9.502	6.972
1424222039920	37.491772	139.930619	12	0.435	-0.281	9.265	6.923
1424222040019	37.491766	139.930616	12	0.436	-0.399	9.431	6.872
1424222040122	37.491760	139.930612	12	0.420	-0.461	9.513	6.820
1424222040221	37.491753	139.930609	12	0.405	-0.456	9.443	6.770
1424222040323	37.491747	139.930605	12	0.440	-0.406	9.177	6.719
1424222040419	37.491741	139.930602	12	0.496	-0.501	9.456	6.671
1424222040520	37.491735	139.930599	12	0.643	-0.753	10.108	6.622
1424222040620	37.491729	139.930596	12	0.472	-0.648	9.626	6.573
1424222040721	37.491723	139.930593	12	0.372	-0.435	8.959	6.524
1424222040822	37.491716	139.930589	10	0.366	-0.431	9.075	6.459
1424222040922	37.491710	139.930585	10	0.476	-0.474	9.272	6.380
1424222041023	37.491703	139.930581	10	0.531	-0.560	9.672	6.302
1424222041119	37.491697	139.930577	10	0.454	-0.501	9.678	6.228
1424222041219	37.491690	139.930573	10	0.322	-0.471	9.406	6.152
1424222041320	37.491684	139.930569	10	0.372	-0.625	9.246	6.076
1424222041421	37.491677	139.930565	10	0.370	-0.776	9.509	6.001
1424222041522	37.491671	139.930561	10	0.175	-0.735	9.121	5.927
1424222041622	37.491665	139.930557	10	0.341	-0.747	9.243	5.855
1424222041723	37.491659	139.930554	10	0.591	-0.856	9.817	5.783
1424222041819	37.491654	139.930552	10	0.707	-0.901	9.829	5.682
1424222041919	37.491650	139.930552	10	0.599	-0.856	9.301	5.544
1424222042020	37.491646	139.930553	10	0.620	-0.857	9.166	5.409
1424222042121	37.491642	139.930553	10	0.629	-0.959	9.611	5.277
1424222042222	37.491639	139.930553	10	0.469	-0.913	9.532	5.147
1424222042322	37.491635	139.930553	10	0.357	-0.945	9.299	5.022
1424222042423	37.491631	139.930553	10	0.297	-0.935	9.454	4.899
1424222042519	37.491628	139.930554	10	0.390	-0.907	9.645	4.785
1424222042619	37.491625	139.930554	10	0.484	-0.841	9.547	4.669
1424222042720	37.491622	139.930554	10	0.500	-0.783	9.292	4.555
1424222042821	37.491618	139.930553	8	0.561	-0.821	9.322	4.443
1424222042921	37.491614	139.930550	8	0.554	-0.915	9.557	4.333
1424222043022	37.491610	139.930547	8	0.579	-0.826	9.422	4.224
1424222043123	37.491606	139.930544	8	0.539	-0.878	9.414	4.118
1424222043224	37.491603	139.930541	8	0.503	-0.904	9.384	4.015
1424222043319	37.491599	139.930539	8	0.503	-0.884	9.344	3.920
1424222043420	37.491596	139.930536	8	0.436	-0.971	9.606	3.822
1424222043521	37.491592	139.930534	8	0.383	-0.966	9.522	3.726
1424222043621	37.491589	139.930531	8	0.443	-0.855	9.212	3.633
1424222043722	37.491586	139.930529	8	0.476	-0.877	9.330	3.542
1424222043823	37.491583	139.930527	8	0.423	-0.986	9.597	3.420
1424222043923	37.491580	139.930526	8	0.516	-0.970	9.594	3.274
1424222044019	37.491578	139.930525	8	0.524	-0.848	9.263	3.138
1424222044120	37.491576	139.930524	8	0.540	-0.874	9.432	3.001
1424222044221	37.491574	139.930523	8	0.679	-1.010	9.831	2.869
1424222044321	37.491572	139.930523	8	0.770	-1.003	9.598	2.744
1424222044422	37.491570	139.930522	8	0.589	-0.865	9.199	2.623
1424222044523	37.491568	139.930521	8	0.517	-0.863	9.227	2.508
1424222044623	37.491566	139.930520	8	0.532	-0.895	9.449	2.400
1424222044719	37.491565	139.930519	8	0.484	-0.830	9.366	2.301
1424222044820	37.491564	139.930520	6	0.472	-0.807	9.316	2.165
1424222044920	37.491564	139.930521	6	0.528	-0.838	9.465	2.001
1424222045021	37.491564	139.930522	6	0.526	-0.838	9.554	1.846
1424222045122	37.491564	139.930523	6	0.485	-0.853	9.458	1.700
1424222045223	37.491564	139.930523	6	0.430	-0.889	9.431	1.565
1424222045323	37.491564	139.930524	6	0.426	-0.902	9.461	1.440
1424222045419	37.491564	139.930525	6	0.472	-0.832	9.448	1.329
1424222045520	37.491564	139.930526	6	0.526	-0.669	9.458	1.222
1424222045620	37.491564	139.930526	6	0.528	-0.474	9.439	1.126
1424222045721	37.491564	139.930527	6	0.499	-0.330	9.390	1.039
1424222045822	37.491564	139.930527	6	0.418	-0.253	9.377	0.966
1424222045923	37.491564	139.930526	6	0.352	-0.206	9.425	0.902
1424222046023	37.491565	139.930526	6	0.319	-0.152	9.428	0.842
1424222046119	37.491565	139.930525	6	0.292	-0.107	9.406	0.788
1424222046220	37.491565	139.930525	6	0.273	-0.092	9.417	0.734
1424222046320	37.491565	139.930524	6	0.281	-0.106	9.423	0.684
1424222046421	37.491565	139.930524	6	0.314	-0.099	9.420	0.637
1424222046522	37.491566	139.930524	6	0.315	-0.096	9.422	0.593
1424222046622	37.491566	139.930523	6	0.306	-0.102	9.415	0.553
1424222046723	37.491566	139.930523	6	0.289	-0.111	9.421	0.516
1424222046819	37.491567	139.930522	6	0.299	-0.119	9.417	0.452
1424222046920	37.491570	139.930520	6	0.319	-0.140	9.419	0.361
1424222047020	37.491572	139.930518	6	0.329	-0.167	9.417	0.281
1424222047121	37.491574	139.930517	6	0.337	-0.184	9.412	0.211
1424222047222	37.491575	139.930515	6	0.336	-0.187	9.419	0.150
1424222047322	37.491576	139.930514	6	0.349	-0.185	9.404	0.100
1424222047423	37.491577	139.930513	6	0.344	-0.187	9.408	0.060
1424222047519	37.491578	139.930513	6	0.330	-0.178	9.418	0.032
1424222047619	37.491579	139.930512	6	0.296	-0.100	9.437	0.011
1424222047720	37.491579	139.930512	6	0.248	0.069	9.458	0.001
1424222097616	37.490523	139.930349	6	0.214	0.210	9.398	7.288
1424222097621	37.490522	139.930349	6	0.217	0.208	9.399	7.287
1424222097722	37.490515	139.930348	6	0.461	-0.140	9.296	7.262
1424222097822	37.490509	139.930347	5	0.617	-0.352	9.331	7.194
1424222097923	37.490503	139.930347	5	0.662	-0.374	9.332	7.087
1424222098019	37.490498	139.930346	5	0.600	-0.552	9.556	6.987
1424222098120	37.490492	139.930346	5	0.691	-0.669	9.477	6.883
1424222098220	37.490487	139.930346	5	0.676	-0.694	9.360	6.782
1424222098321	37.490481	139.930346	5	0.629	-0.768	9.532	6.681
1424222098422	37.490476	139.930346	5	0.593	-0.869	9.640	6.581
1424222098522	37.490471	139.930345	5	0.507	-0.811	9.287	6.484
1424222098623	37.490465	139.930345	5	0.460	-0.691	8.999	6.388
1424222098719	37.490461	139.930345	5	0.571	-0.769	9.274	6.297
1424222098819	37.490455	139.930344	5	0.676	-1.046	9.774	6.197
1424222098920	37.490449	139.930342	5	0.648	-1.101	9.679	6.089
1424222099021	37.490443	139.930341	5	0.645	-1.067	9.323	5.983
1424222099122	37.490438	139.930339	5	0.655	-1.014	9.224	5.878
1424222099222	37.490432	139.930337	5	0.529	-1.186	9.400	5.776
1424222099323	37.490426	139.930336	5	0.558	-1.332	9.629	5.676
1424222099419	37.490421	139.930334	5	0.519	-1.169	9.457	5.581
1424222099519	37.490416	139.930333	5	0.395	-0.998	9.482	5.485
1424222099620	37.490411	139.930331	5	0.431	-0.922	9.444	5.389
1424222099721	37.490405	139.930330	5	0.394	-0.920	9.454	5.295
1424222099821	37.490401	139.930329	5	0.345	-0.883	9.426	5.194
1424222099922	37.490396	139.930328	5	0.248	-0.883	9.282	5.084
1424222100023	37.490392	139.930327	5	0.131	-0.839	9.397	4.977
1424222100119	37.490388	139.930326	5	-0.026	-0.858	9.691	4.877
1424222100219	37.490384	139.930325	5	-0.169	-0.860	9.543	4.775
1424222100320	37.490380	139.930324	5	-0.198	-0.866	9.347	4.674
1424222100421	37.490376	139.930324	5	-0.364	-0.869	9.262	4.575
1424222100521	37.490372	139.930323	5	-0.308	-0.921	9.426	4.479
1424222100622	37.490368	139.930322	5	-0.177	-0.882	9.408	4.385
1424222100723	37.490365	139.930321	5	-0.051	-0.879	9.403	4.292
1424222100819	37.490361	139.930321	5	-0.007	-0.920	9.471	4.224
1424222100919	37.490358	139.930320	5	0.035	-0.915	9.406	4.172
1424222101020	37.490355	139.930320	5	0.110	-0.773	9.114	4.119
1424222101121	37.490351	139.930319	5	0.086	-0.826	9.415	4.067
1424222101221	37.490348	139.930319	5	0.039	-0.977	9.749	4.017
1424222101322	37.490345	139.930318	5	0.033	-0.952	9.501	3.966
1424222101423	37.490342	139.930318	5	-0.059	-0.822	9.202	3.916
1424222101523	37.490339	139.930317	5	-0.124	-0.827	9.168	3.868
1424222101619	37.490336	139.930317	5	-0.170	-0.994	9.696	3.821
1424222101720	37.490333	139.930316	5	-0.238	-0.990	9.741	3.774
1424222101821	37.490329	139.930316	5	-0.168	-0.718	9.281	3.655
1424222101921	37.490326	139.930316	5	-0.231	-0.445	9.225	3.475
1424222102022	37.490323	139.930316	5	-0.273	-0.249	9.332	3.301
1424222102123	37.490320	139.930316	5	-0.260	-0.152	9.338	3.135
1424222102223	37.490317	139.930315	5	-0.283	-0.186	9.452	2.978
1424222102319	37.490314	139.930315	5	-0.350	-0.245	9.507	2.834
1424222102420	37.490311	139.930315	5	-0.278	-0.296	9.584	2.690
1424222102520	37.490309	139.930315	5	-0.245	-0.209	9.508	2.555
1424222102621	37.490306	139.930315	5	-0.376	-0.087	9.295	2.426
1424222102722	37.490304	139.930315	5	-0.422	-0.001	9.167	2.305
1424222102823	37.490302	139.930316	5	-0.475	-0.061	9.396	2.263
1424222102923	37.490300	139.930317	5	-0.752	-0.253	9.569	2.287
1424222103019	37.490298	139.930318	5	-0.834	-0.384	9.528	2.310
1424222103120	37.490296	139.930319	5	-0.825	-0.322	9.481	2.335
1424222103220	37.490294	139.930320	5	-0.846	-0.196	9.527	2.359
1424222103321	37.490292	139.930321	5	-0.734	-0.163	9.427	2.384
1424222103422	37.490290	139.930322	5	-0.532	-0.155	9.352	2.410
1424222103522	37.490288	139.930323	5	-0.308	-0.139	9.325	2.436
1424222103623	37.490286	139.930324	5	-0.148	-0.186	9.308	2.462
1424222103719	37.490284	139.930325	5	-0.111	-0.209	9.593	2.487
1424222103820	37.490282	139.930327	6	-0.486	-0.131	9.451	2.500
1424222103920	37.490279	139.930329	6	-0.815	-0.175	9.115	2.500
1424222104021	37.490276	139.930330	6	-0.832	-0.199	8.989	2.500
1424222104122	37.490274	139.930332	6	-0.856	-0.419	9.659	2.500
1424222104222	37.490271	139.930334	6	-0.925	-0.468	9.597	2.500
1424222104323	37.490268	139.930335	6	-0.843	-0.307	9.337	2.500
1424222104419	37.490265	139.930337	6	-0.820	-0.230	9.578	2.500
1424222104520	37.490263	139.930339	6	-0.944	-0.115	9.645	2.500
1424222137617	37.489910	139.932971	4	-1.042	-0.185	9.368	6.324
1424222137622	37.489910	139.932972	4	-1.036	-0.189	9.361	6.322
1424222137723	37.489909	139.932979	4	-0.473	-0.245	9.366	6.273
1424222137819	37.489909	139.932985	5	-0.106	-0.311	9.427	6.225
1424222137919	37.489908	139.932992	5	0.084	-0.352	9.398	6.173
1424222138020	37.489908	139.932998	5	0.110	-0.392	9.386	6.121
1424222138121	37.489907	139.933004	5	0.192	-0.424	9.320	6.070
1424222138221	37.489907	139.933011	5	0.256	-0.468	9.367	6.019
1424222138322	37.489906	139.933017	5	0.297	-0.527	9.373	5.969
1424222138423	37.489906	139.933023	5	0.347	-0.595	9.454	5.919
1424222138519	37.489905	139.933029	5	0.367	-0.636	9.500	5.872
1424222138619	37.489905	139.933035	5	0.406	-0.650	9.483	5.823
1424222138720	37.489904	139.933041	5	0.373	-0.631	9.376	5.774
1424222138821	37.489903	139.933047	6	0.373	-0.612	9.368	5.694
1424222138921	37.489901	139.933053	6	0.404	-0.606	9.456	5.587
1424222139022	37.489899	139.933059	6	0.437	-0.588	9.447	5.480
1424222139123	37.489898	139.933065	6	0.405	-0.559	9.367	5.375
1424222139224	37.489896	139.933071	6	0.344	-0.577	9.411	5.272
1424222139324	37.489894	139.933076	6	0.297	-0.621	9.525	5.172
1424222139420	37.489893	139.933082	6	0.359	-0.624	9.538	5.078
1424222139519	37.489891	139.933087	6	0.401	-0.589	9.392	4.983
1424222139621	37.489889	139.933092	6	0.407	-0.591	9.405	4.887
1424222139720	37.489888	139.933097	6	0.383	-0.614	9.437	4.795
1424222139823	37.489886	139.933103	6	0.382	-0.650	9.406	4.674
1424222139919	37.489885	139.933107	6	0.392	-0.694	9.476	4.540
1424222140019	37.489884	139.933112	6	0.324	-0.713	9.512	4.403
1424222140120	37.489883	139.933116	6	0.285	-0.663	9.341	4.269
1424222140220	37.489882	139.933120	6	0.338	-0.695	9.387	4.141
1424222140321	37.489881	139.933125	6	0.378	-0.745	9.533	4.014
1424222140422	37.489879	139.933129	6	0.383	-0.793	9.492	3.892
1424222140523	37.489878	139.933133	6	0.381	-0.781	9.392	3.774
1424222140623	37.489877	139.933137	6	0.344	-0.767	9.409	3.660
1424222140719	37.489876	139.933140	6	0.303	-0.795	9.455	3.555
1424222140820	37.489875	139.933143	5	0.326	-0.774	9.408	3.458
1424222140920	37.489875	139.933146	5	0.381	-0.713	9.441	3.376
1424222141021	37.489874	139.933149	5	0.411	-0.695	9.501	3.295
1424222141122	37.489873	139.933151	5	0.342	-0.696	9.447	3.215
1424222141223	37.489872	139.933154	5	0.296	-0.687	9.356	3.138
1424222141323	37.489871	139.933157	5	0.315	-0.658	9.393	3.063
1424222141419	37.489870	139.933159	5	0.315	-0.636	9.418	2.993
1424222141520	37.489869	139.933161	5	0.298	-0.686	9.454	2.921
1424222141620	37.489868	139.933164	5	0.355	-0.718	9.435	2.851
1424222141721	37.489867	139.933166	5	0.411	-0.715	9.392	2.783
1424222141822	37.489866	139.933168	6	0.384	-0.724	9.448	2.687
1424222141922	37.489864	139.933170	6	0.361	-0.725	9.459	2.569
1424222142023	37.489863	139.933172	6	0.324	-0.690	9.368	2.455
1424222142119	37.489861	139.933173	6	0.172	-0.724	9.379	2.351
1424222142220	37.489859	139.933175	6	0.157	-0.769	9.535	2.245
1424222142320	37.489858	139.933177	6	0.157	-0.661	9.374	2.145
1424222142421	37.489856	139.933178	6	0.147	-0.674	9.342	2.049
1424222142522	37.489855	139.933180	6	0.186	-0.767	9.535	1.957
1424222142622	37.489854	139.933181	6	0.190	-0.746	9.485	1.870
1424222142723	37.489853	139.933182	6	0.167	-0.641	9.348	1.787
1424222142819	37.489852	139.933184	6	0.163	-0.574	9.391	1.682
1424222142920	37.489851	139.933185	6	0.110	-0.535	9.453	1.549
1424222143020	37.489851	139.933186	6	0.103	-0.540	9.464	1.425
1424222143121	37.489851	139.933187	6	0.124	-0.516	9.429	1.308
1424222143222	37.489850	139.933188	6	0.066	-0.463	9.375	1.199
1424222143322	37.489850	139.933189	6	-0.025	-0.462	9.381	1.099
1424222143423	37.489850	139.933190	6	-0.076	-0.499	9.413	1.006
1424222143519	37.489850	139.933190	6	-0.084	-0.443	9.408	0.926
1424222143619	37.489849	139.933191	6	-0.095	-0.342	9.434	0.850
1424222143720	37.489849	139.933192	6	-0.084	-0.294	9.422	0.781
1424222143821	37.489849	139.933193	5	-0.044	-0.291	9.416	0.712
1424222143921	37.489848	139.933194	5	-0.018	-0.312	9.422	0.642
1424222144022	37.489848	139.933194	5	-0.015	-0.270	9.412	0.577
1424222144123	37.489848	139.933195	5	-0.037	-0.282	9.407	0.516
1424222144219	37.489847	139.933196	5	-0.080	-0.290	9.435	0.464
1424222144319	37.489847	139.933197	5	-0.111	-0.312	9.440	0.414
1424222144420	37.489847	139.933197	5	-0.129	-0.297	9.429	0.368
1424222144521	37.489846	139.933198	5	-0.119	-0.301	9.421	0.328
1424222144621	37.489846	139.933198	5	-0.092	-0.317	9.409	0.293
1424222144722	37.489846	139.933199	5	-0.086	-0.281	9.406	0.263
1424222144823	37.489846	139.933199	5	-0.117	-0.142	9.418	0.224
1424222144924	37.489845	139.933200	5	-0.183	0.083	9.400	0.179
1424222145019	37.489845	139.933200	5	-0.241	0.248	9.364	0.141
1424222145120	37.489845	139.933201	5	-0.240	0.292	9.372	0.106
1424222145221	37.489845	139.933201	5	-0.220	0.213	9.404	0.075
1424222145321	37.489844	139.933201	5	-0.216	0.153	9.417	0.050
1424222145422	37.489844	139.933202	5	-0.231	0.229	9.425	0.030
1424222145523	37.489844	139.933202	5	-0.247	0.251	9.394	0.015
1424222151615	37.489753	139.933242	5	-0.243	0.274	9.428	2.960
1424222169617	37.489594	139.932421	3	-0.242	0.263	9.424	4.750
1424222169622	37.489594	139.932421	3	-0.237	0.251	9.416	4.750
1424222169723	37.489594	139.932416	3	-0.185	0.007	9.243	4.750
1424222169819	37.489594	139.932410	3	-0.121	-0.196	9.479	4.750
1424222169919	37.489594	139.932405	3	0.238	-0.243	9.503	4.750
1424222170020	37.489594	139.932400	3	0.536	-0.223	9.580	4.750
1424222170121	37.489594	139.932395	3	0.593	-0.156	9.419	4.750
1424222170221	37.489594	139.932390	3	0.590	-0.161	9.299	4.750
1424222170322	37.489594	139.932384	3	0.601	-0.093	9.221	4.750
1424222170423	37.489594	139.932379	3	0.628	-0.113	9.335	4.750
1424222170519	37.489594	139.932374	3	0.704	-0.190	9.358	4.750
1424222170619	37.489594	139.932369	3	0.726	-0.300	9.462	4.750
1424222170720	37.489594	139.932364	3	0.607	-0.266	9.559	4.750
1424222170821	37.489594	139.932359	4	0.504	-0.243	9.565	4.677
1424222170921	37.489595	139.932355	4	0.703	-0.217	9.414	4.537
1424222171022	37.489595	139.932351	4	0.958	-0.213	9.382	4.399
1424222171123	37.489595	139.932347	4	1.115	-0.200	9.487	4.265
1424222171223	37.489595	139.932343	4	1.188	-0.202	9.502	4.137
1424222171319	37.489596	139.932340	4	1.241	-0.235	9.415	4.017
1424222171420	37.489596	139.932336	4	1.109	-0.190	9.422	3.894
1424222171520	37.489596	139.932333	4	0.919	-0.119	9.330	3.777
1424222171621	37.489597	139.932330	4	0.788	-0.097	9.552	3.662
1424222171722	37.489597	139.932326	4	0.770	-0.113	9.387	3.551
1424222171823	37.489597	139.932323	4	0.736	-0.114	9.333	3.486
1424222171923	37.489598	139.932320	4	0.691	-0.036	9.410	3.461
1424222172019	37.489599	139.932317	4	0.658	0.061	9.242	3.436
1424222172120	37.489600	139.932313	4	0.552	0.149	9.068	3.410
1424222172220	37.489601	139.932310	4	0.673	0.070	9.427	3.385
1424222172321	37.489602	139.932307	4	0.958	-0.029	9.735	3.360
1424222172422	37.489603	139.932303	4	1.075	0.064	9.376	3.335
1424222172523	37.489604	139.932300	4	1.059	0.158	9.263	3.310
1424222172623	37.489605	139.932297	4	0.938	0.072	9.372	3.286
1424222172719	37.489606	139.932294	4	0.698	0.052	9.449	3.262
1424222172820	37.489607	139.932291	4	0.605	-0.006	9.508	3.208
1424222172920	37.489609	139.932288	4	0.658	-0.035	9.442	3.125
1424222173021	37.489611	139.932286	4	0.815	-0.001	9.432	3.043
1424222173122	37.489612	139.932284	4	0.941	-0.004	9.360	2.964
1424222173223	37.489614	139.932282	4	0.938	0.093	9.208	2.886
1424222173323	37.489616	139.932280	4	0.894	0.179	9.336	2.811
1424222173419	37.489618	139.932278	4	0.993	0.157	9.481	2.741
1424222173520	37.489619	139.932276	4	1.093	0.135	9.415	2.669
1424222173620	37.489621	139.932274	4	1.156	0.109	9.345	2.600
1424222173721	37.489622	139.932272	4	1.152	0.068	9.461	2.532
1424222173822	37.489624	139.932270	4	1.078	0.096	9.422	2.512
1424222173922	37.489626	139.932268	4	1.024	0.155	9.295	2.536
1424222174023	37.489628	139.932266	4	0.961	0.151	9.301	2.561
1424222174119	37.489629	139.932264	4	0.931	0.051	9.366	2.585
1424222174220	37.489631	139.932262	4	0.990	-0.047	9.557	2.610
1424222174320	37.489633	139.932260	4	1.037	-0.014	9.421	2.635
1424222174421	37.489635	139.932258	4	1.079	-0.032	9.286	2.660
1424222174522	37.489637	139.932255	4	1.105	-0.102	9.494	2.686
1424222174622	37.489639	139.932253	4	1.151	-0.122	9.488	2.711
1424222174723	37.489641	139.932251	4	1.237	-0.042	9.252	2.738
1424222174819	37.489643	139.932249	4	1.283	-0.050	9.303	2.750
1424222174919	37.489645	139.932248	4	1.190	-0.107	9.452	2.750
1424222175020	37.489647	139.932246	4	1.078	-0.086	9.195	2.750
1424222175121	37.489650	139.932245	4	1.023	-0.166	9.391	2.750
1424222175222	37.489652	139.932243	4	1.032	-0.214	9.621	2.750
1424222175322	37.489654	139.932242	4	1.030	-0.101	9.437	2.750
1424222175423	37.489656	139.932240	4	1.104	-0.043	9.427	2.750
1424222175519	37.489658	139.932239	4	1.182	-0.051	9.538	2.750
1424222175619	37.489661	139.932237	4	1.246	-0.074	9.443	2.750
1424222175720	37.489663	139.932236	4	1.346	-0.037	9.377	2.750
1424222175821	37.489665	139.932234	4	1.373	0.034	9.357	2.750
1424222175921	37.489667	139.932233	4	1.390	0.047	9.288	2.750
1424222176022	37.489669	139.932231	4	1.382	-0.002	9.275	2.750
1424222176123	37.489671	139.932229	4	1.174	-0.008	9.316	2.750
1424222176219	37.489673	139.932228	4	0.972	0.022	9.468	2.750
1424222176319	37.489676	139.932226	4	0.974	-0.011	9.781	2.750
1424222176420	37.489678	139.932225	4	0.964	0.030	9.538	2.750
1424222176521	37.489680	139.932223	4	1.010	0.040	9.245	2.750
1424222176621	37.489682	139.932221	4	1.059	0.036	9.410	2.750
1424222176722	37.489684	139.932220	4	1.011	0.040	9.448	2.750
1424222176823	37.489687	139.932220	5	1.067	0.076	9.463	2.750
1424222176919	37.489690	139.932220	5	1.098	0.098	9.443	2.750
1424222177019	37.489693	139.932221	5	1.052	0.078	9.338	2.750
1424222177120	37.489696	139.932222	5	1.102	0.057	9.325	2.750
1424222177221	37.489699	139.932224	5	1.054	0.078	9.415	2.750
1424222177321	37.489702	139.932225	5	0.981	0.045	9.363	2.750
1424222177422	37.489705	139.932226	5	0.865	0.005	9.426	2.750
1424222177523	37.489708	139.932227	5	0.743	0.036	9.607	2.750
1424222177624	37.489711	139.932228	5	0.754	0.085	9.493	2.750
1424222177719	37.489714	139.932228	5	0.765	0.105	9.303	2.750
1424222177820	37.489717	139.932229	5	0.748	0.125	9.160	2.750
1424222177921	37.489720	139.932230	5	0.663	0.122	9.271	2.750
1424222178021	37.489723	139.932231	5	0.527	0.157	9.440	2.750
1424222178123	37.489725	139.932231	5	0.329	0.195	9.335	2.750
1424222178223	37.489728	139.932232	5	0.368	0.085	9.383	2.750
1424222178323	37.489730	139.932233	5	0.498	-0.138	9.878	2.750
1424222178419	37.489733	139.932234	5	0.457	-0.163	9.872	2.750
1424222178520	37.489736	139.932234	5	0.372	-0.011	9.276	2.750
1424222178620	37.489738	139.932235	5	0.265	0.077	9.174	2.750
1424222178721	37.489741	139.932236	5	0.220	0.091	9.335	2.750
1424222178822	37.489743	139.932237	4	0.104	0.062	9.447	2.736
1424222178923	37.489746	139.932238	4	-0.048	0.042	9.405	2.710
1424222179023	37.489749	139.932239	4	0.138	0.035	9.516	2.685
1424222179119	37.489751	139.932240	4	0.125	-0.014	9.494	2.660
1424222179220	37.489754	139.932241	4	0.082	0.074	9.290	2.635
1424222179320	37.489757	139.932242	4	-0.051	0.172	9.241	2.610
1424222179421	37.489759	139.932243	4	-0.033	0.331	9.236	2.585
1424222179522	37.489762	139.932244	4	0.077	0.135	9.730	2.560
1424222185615	37.489922	139.932304	4	-0.084	0.096	9.686	2.787
1424222185620	37.489922	139.932304	4	-0.092	0.104	9.657	2.786
1424222185720	37.489925	139.932305	4	-0.067	0.157	9.437	2.762
1424222185821	37.489927	139.932305	4	-0.160	0.093	9.474	2.750
1424222185922	37.489930	139.932305	4	-0.389	-0.050	9.391	2.750
1424222186022	37.489932	139.932306	4	-0.416	-0.191	9.465	2.750
1424222186123	37.489934	139.932306	4	-0.284	-0.237	9.535	2.750
1424222186219	37.489937	139.932306	4	-0.205	-0.209	9.482	2.750
1424222186320	37.489939	139.932306	4	-0.140	-0.161	9.508	2.750
1424222186420	37.489942	139.932306	4	0.019	-0.085	9.638	2.750
1424222186521	37.489944	139.932307	4	0.202	0.040	9.585	2.750
1424222202619	37.490128	139.931512	5	0.371	0.267	9.180	6.073
1424222202720	37.490129	139.931506	5	0.245	0.124	9.161	6.024
1424222202821	37.490131	139.931500	5	0.146	-0.020	9.317	6.000
1424222202921	37.490132	139.931493	5	0.086	-0.110	9.449	6.000
1424222203022	37.490133	139.931486	5	0.099	-0.163	9.320	6.000
1424222203123	37.490134	139.931479	5	0.051	-0.160	9.335	6.000
1424222203223	37.490135	139.931473	5	0.046	-0.146	9.461	6.000
1424222203319	37.490135	139.931466	5	0.052	-0.142	9.529	6.000
1424222203420	37.490136	139.931459	5	0.097	-0.147	9.355	6.000
1424222203520	37.490138	139.931453	5	0.136	-0.127	9.317	6.000
1424222203621	37.490139	139.931446	5	0.130	-0.111	9.406	6.000
1424222203722	37.490140	139.931439	5	0.241	-0.125	9.483	6.000
1424222203823	37.490141	139.931432	5	0.336	-0.207	9.521	5.986
1424222203923	37.490142	139.931425	5	0.271	-0.175	9.395	5.961
1424222204019	37.490143	139.931418	5	0.089	-0.110	9.263	5.937
1424222204120	37.490144	139.931411	5	0.253	-0.229	9.788	5.911
1424222204220	37.490145	139.931404	5	0.262	-0.240	9.646	5.886
1424222204321	37.490147	139.931397	5	0.184	-0.112	9.180	5.861
1424222204422	37.490148	139.931390	5	0.219	-0.022	9.285	5.836
1424222204523	37.490149	139.931383	5	0.292	-0.002	9.495	5.811
1424222204623	37.490150	139.931376	5	0.278	-0.017	9.485	5.786
1424222204719	37.490151	139.931369	5	0.197	-0.065	9.211	5.762
1424222204820	37.490152	139.931363	5	0.180	-0.021	9.430	5.737
1424222204920	37.490153	139.931357	5	0.257	-0.107	9.580	5.712
1424222205021	37.490154	139.931350	5	0.226	-0.155	9.376	5.686
1424222205122	37.490155	139.931344	5	0.237	-0.139	9.254	5.661
1424222205222	37.490156	139.931338	5	0.228	-0.127	9.380	5.636
1424222205323	37.490157	139.931332	5	0.191	-0.098	9.462	5.610
1424222205420	37.490158	139.931326	5	0.193	-0.112	9.404	5.586
1424222205520	37.490159	139.931320	5	0.144	-0.110	9.261	5.561
1424222205620	37.490160	139.931314	5	0.131	-0.112	9.361	5.537
1424222205721	37.490161	139.931308	5	0.138	-0.153	9.493	5.512
1424222205822	37.490161	139.931302	5	0.147	-0.149	9.483	5.487
1424222205922	37.490162	139.931295	5	0.130	-0.132	9.374	5.461
1424222206023	37.490163	139.931289	5	0.144	-0.137	9.296	5.436
1424222206119	37.490164	139.931282	5	0.016	-0.110	9.206	5.411
1424222206219	37.490165	139.931276	5	-0.289	-0.055	9.005	5.386
1424222206320	37.490166	139.931269	5	0.032	-0.417	10.013	5.361
1424222206421	37.490167	139.931263	5	0.261	-0.410	10.103	5.336
1424222206522	37.490168	139.931257	5	0.212	-0.146	9.377	5.311
1424222206622	37.490169	139.931250	5	0.209	0.038	9.005	5.286
1424222206723	37.490170	139.931244	5	0.244	-0.030	9.291	5.261
1424222206819	37.490171	139.931238	5	0.157	-0.181	9.495	5.237
1424222206919	37.490173	139.931233	5	-0.044	-0.249	9.205	5.212
1424222207020	37.490174	139.931228	5	-0.306	-0.111	9.473	5.186
1424222207121	37.490176	139.931222	5	-0.209	0.107	9.783	5.161
1424222207222	37.490178	139.931217	5	0.119	0.007	9.506	5.135
1424222207322	37.490179	139.931212	5	0.258	-0.070	9.206	5.110
1424222207423	37.490181	139.931207	5	0.234	-0.115	9.291	5.085
1424222207519	37.490183	139.931202	5	0.151	-0.056	9.451	5.062
1424222207619	37.490184	139.931197	5	0.036	-0.018	9.448	5.037
1424222207720	37.490186	139.931192	5	-0.014	-0.042	9.397	5.012
1424222207821	37.490188	139.931187	5	-0.034	-0.083	9.357	5.000
1424222207921	37.490189	139.931182	5	-0.044	-0.080	9.346	5.000
1424222208022	37.490190	139.931177	5	-0.076	-0.043	9.399	5.000
1424222208123	37.490191	139.931172	5	-0.026	-0.041	9.518	5.000
1424222208224	37.490192	139.931167	5	0.028	-0.034	9.414	5.000
1424222208320	37.490194	139.931163	5	0.085	-0.009	9.338	5.000
1424222208420	37.490195	139.931158	5	0.059	0.039	9.316	5.000
1424222208521	37.490196	139.931153	5	0.064	0.059	9.388	5.000
1424222213616	37.490242	139.930847	7	0.048	0.053	9.469	5.288
1424222213622	37.490242	139.930847	7	0.050	0.052	9.475	5.286
1424222213722	37.490243	139.930841	7	0.008	0.159	9.320	5.262
1424222213823	37.490241	139.930834	11	-0.110	0.241	9.102	5.236
1424222213919	37.490237	139.930828	11	-0.089	0.078	9.436	5.212
1424222214019	37.490233	139.930821	11	0.066	-0.156	9.629	5.187
1424222214120	37.490228	139.930814	11	0.102	-0.086	9.318	5.161
1424222214221	37.490224	139.930807	11	0.102	0.036	9.294	5.136
1424222214321	37.490220	139.930801	11	0.064	0.130	9.444	5.111
1424222214422	37.490216	139.930794	11	0.217	0.062	9.633	5.086
1424222214523	37.490212	139.930787	11	0.188	-0.027	9.296	5.061
1424222214619	37.490208	139.930781	11	0.144	0.053	9.018	5.037
1424222214719	37.490204	139.930774	11	0.063	0.031	9.329	5.012
1424222214820	37.490203	139.930768	11	0.087	0.060	9.629	5.000
1424222214921	37.490204	139.930762	11	0.033	0.016	9.393	5.000
1424222215021	37.490205	139.930757	11	0.077	0.001	9.215	5.000
1424222215122	37.490206	139.930751	11	0.129	-0.026	9.411	5.000
1424222215223	37.490207	139.930745	11	-0.159	0.104	9.003	5.000
1424222215323	37.490208	139.930739	11	-0.046	-0.115	9.584	5.000
1424222215419	37.490209	139.930734	11	0.092	-0.215	9.783	5.000
1424222215520	37.490210	139.930728	11	0.105	-0.138	9.541	5.000
1424222215621	37.490211	139.930722	11	0.116	-0.018	9.313	5.000
1424222215721	37.490212	139.930717	11	0.221	0.062	9.250	5.000
1424222215822	37.490213	139.930711	6	0.185	0.010	9.531	5.013
1424222215923	37.490214	139.930704	6	0.144	-0.082	9.332	5.037
1424222216023	37.490214	139.930698	6	0.108	-0.011	9.270	5.062
1424222216119	37.490215	139.930692	6	-0.057	0.109	9.430	5.086
1424222216220	37.490215	139.930686	6	-0.023	0.082	9.555	5.111
1424222216320	37.490216	139.930679	6	0.068	-0.007	9.624	5.136
1424222216421	37.490216	139.930673	6	0.212	0.009	9.326	5.161
1424222216522	37.490217	139.930666	6	0.283	0.012	9.294	5.187
1424222218617	37.490226	139.930547	5	0.369	0.075	9.443	5.000
1424222218622	37.490226	139.930547	5	0.370	0.085	9.510	5.000
1424222218722	37.490227	139.930541	5	0.416	-0.242	9.809	5.000
1424222218823	37.490227	139.930536	5	0.591	-0.234	9.596	4.972
1424222218919	37.490227	139.930532	5	0.694	-0.332	9.321	4.922
1424222219020	37.490227	139.930527	5	0.372	-0.159	9.010	4.870
1424222219120	37.490227	139.930522	5	0.359	-0.224	9.313	4.819
1424222219221	37.490227	139.930518	5	0.601	-0.428	9.858	4.768
1424222219322	37.490228	139.930513	5	0.417	-0.451	9.484	4.717
1424222219422	37.490228	139.930508	5	0.440	-0.318	9.415	4.668
1424222219523	37.490228	139.930504	5	0.350	-0.214	9.495	4.619
1424222219619	37.490228	139.930500	5	0.197	-0.220	9.483	4.572
1424222219719	37.490228	139.930495	5	0.027	-0.155	9.129	4.524
1424222219820	37.490228	139.930491	5	0.310	-0.326	9.257	4.474
1424222219921	37.490228	139.930486	5	0.443	-0.343	9.405	4.421
1424222220022	37.490228	139.930481	5	0.423	-0.147	9.494	4.368
1424222220122	37.490228	139.930476	5	0.547	-0.039	9.400	4.317
1424222220223	37.490228	139.930471	5	0.677	-0.133	9.435	4.266
1424222220319	37.490227	139.930467	5	0.762	-0.197	9.756	4.218
1424222220419	37.490227	139.930463	5	0.604	-0.138	9.458	4.169
1424222220520	37.490227	139.930458	5	0.436	0.042	9.256	4.119
1424222220621	37.490227	139.930454	5	0.432	0.015	9.360	4.071
1424222220721	37.490227	139.930449	5	0.580	0.043	9.632	4.023
1424222220822	37.490227	139.930445	4	0.471	0.243	9.270	4.000
1424222220923	37.490227	139.930440	4	0.426	0.217	9.180	4.000
1424222221019	37.490228	139.930436	4	0.417	0.062	9.258	4.000
1424222221119	37.490228	139.930431	4	0.377	-0.105	9.405	4.000
1424222221220	37.490228	139.930426	4	0.298	-0.158	9.570	4.000
1424222221321	37.490229	139.930422	4	0.261	-0.179	9.467	4.000
1424222221421	37.490229	139.930417	4	0.470	-0.263	9.433	4.000
1424222221522	37.490229	139.930412	4	0.424	-0.417	9.252	4.000
1424222221623	37.490230	139.930408	4	0.372	-0.392	9.344	4.000
1424222221723	37.490230	139.930403	4	0.656	-0.565	9.488	4.000
1424222221819	37.490231	139.930399	6	0.705	-0.669	9.572	3.974
1424222221920	37.490233	139.930395	6	0.420	-0.522	9.437	3.921
1424222222021	37.490234	139.930390	6	0.116	-0.252	9.375	3.868
1424222222121	37.490236	139.930386	6	-0.058	0.019	9.206	3.817
1424222222222	37.490237	139.930382	6	-0.073	0.063	9.340	3.766
1424222222323	37.490239	139.930378	6	-0.120	0.018	9.537	3.715
1424222222423	37.490241	139.930374	6	-0.072	0.045	9.611	3.666
1424222222519	37.490242	139.930370	6	-0.048	0.172	9.414	3.619
1424222239619	37.490468	139.928967	5	-0.048	0.287	9.227	9.287
1424222239720	37.490470	139.928957	5	0.099	0.250	9.254	9.262
1424222239821	37.490472	139.928947	5	0.165	0.103	9.139	9.250
1424222239921	37.490475	139.928937	5	0.185	-0.035	9.214	9.250
1424222240022	37.490477	139.928927	5	0.142	0.044	9.220	9.250
1424222240123	37.490480	139.928917	5	0.221	-0.017	9.313	9.250
1424222240223	37.490482	139.928907	5	0.231	-0.076	9.597	9.250
1424222240319	37.490485	139.928897	5	0.206	0.015	9.223	9.250
1424222240420	37.490487	139.928887	5	0.182	-0.047	9.059	9.250
1424222240521	37.490490	139.928877	5	0.098	-0.109	9.468	9.250
1424222240621	37.490492	139.928867	5	0.115	-0.058	9.584	9.250
1424222240722	37.490495	139.928857	5	0.291	-0.122	9.669	9.250
1424222240823	37.490496	139.928846	6	0.401	-0.130	9.708	9.237
1424222240923	37.490496	139.928836	6	0.276	-0.062	9.444	9.211
1424222241019	37.490496	139.928826	6	0.105	0.046	9.386	9.187
1424222241120	37.490495	139.928816	6	0.028	0.162	9.335	9.162
1424222241221	37.490495	139.928805	6	0.107	0.109	9.715	9.136
1424222241321	37.490495	139.928795	6	0.246	0.005	9.705	9.111
1424222241422	37.490495	139.928785	6	0.262	0.045	9.126	9.086
1424222241523	37.490494	139.928774	6	0.461	-0.000	9.801	9.061
1424222241623	37.490494	139.928764	6	0.340	0.254	10.007	9.036
1424222241719	37.490494	139.928754	6	0.079	0.509	9.665	9.013
1424222241820	37.490495	139.928744	7	0.124	0.377	9.399	9.000
1424222241920	37.490497	139.928733	7	0.165	0.190	9.660	9.000
1424222242021	37.490500	139.928722	7	0.375	0.289	9.311	9.000
1424222242122	37.490502	139.928712	7	0.354	0.170	8.966	9.000
1424222242223	37.490504	139.928701	7	0.065	-0.065	9.200	9.000
1424222242323	37.490507	139.928690	7	0.010	-0.032	9.707	9.000
1424222242419	37.490509	139.928680	7	0.037	-0.106	9.455	9.000
1424222242520	37.490511	139.928670	7	-0.001	-0.158	9.108	9.000
1424222242620	37.490514	139.928659	7	0.062	-0.191	9.601	9.000
1424222242721	37.490516	139.928648	7	0.005	0.000	9.200	9.000
1424222242822	37.490517	139.928638	7	-0.031	-0.057	9.645	8.987
1424222242923	37.490516	139.928629	7	0.082	-0.109	9.828	8.961
1424222243023	37.490516	139.928619	7	0.255	0.062	9.456	8.936
1424222243119	37.490515	139.928611	7	0.342	-0.012	9.232	8.912
1424222243220	37.490515	139.928601	7	0.427	0.115	9.244	8.887
1424222243320	37.490514	139.928592	7	0.371	0.088	9.367	8.862
1424222243421	37.490514	139.928583	7	0.376	-0.091	9.595	8.836
1424222243522	37.490513	139.928574	7	0.456	-0.197	9.654	8.811
1424222243622	37.490513	139.928564	7	0.316	-0.171	9.250	8.787
1424222243723	37.490512	139.928555	7	0.241	-0.167	9.322	8.762
1424222243819	37.490513	139.928546	6	0.197	-0.271	9.630	8.738
1424222243920	37.490515	139.928537	6	0.136	-0.186	9.607	8.712
1424222244020	37.490517	139.928528	6	0.145	-0.116	9.230	8.687
1424222244121	37.490519	139.928519	6	0.208	-0.134	9.179	8.661
1424222244222	37.490521	139.928510	6	0.214	-0.153	9.525	8.636
1424222244322	37.490523	139.928500	6	0.234	-0.191	9.654	8.611
1424222244423	37.490525	139.928491	6	0.147	-0.179	9.224	8.586
1424222244519	37.490527	139.928483	6	0.034	-0.175	9.136	8.562
1424222244619	37.490529	139.928474	6	0.130	-0.277	9.514	8.537
1424222244720	37.490531	139.928464	6	0.103	-0.302	9.682	8.512
1424222244821	37.490532	139.928455	6	0.078	-0.171	9.446	8.474
1424222244922	37.490532	139.928444	6	0.127	-0.193	9.195	8.422
1424222245022	37.490531	139.928433	6	0.187	-0.328	9.612	8.371
1424222245123	37.490531	139.928423	6	0.228	-0.180	9.668	8.320
1424222245219	37.490531	139.928413	6	0.226	-0.071	9.258	8.272
1424222245319	37.490531	139.928402	6	0.290	-0.108	9.192	8.222
1424222245420	37.490531	139.928392	6	0.319	-0.159	9.519	8.172
1424222245521	37.490530	139.928381	6	0.352	-0.149	9.580	8.122
1424222245621	37.490530	139.928371	6	0.350	-0.131	9.406	8.073
1424222245722	37.490530	139.928361	6	0.297	-0.135	9.305	8.023
1424222245823	37.490531	139.928351	6	0.221	-0.153	9.319	7.987
1424222245919	37.490532	139.928343	6	0.151	-0.156	9.512	7.962
1424222246019	37.490533	139.928334	6	0.074	-0.125	9.516	7.937
1424222246120	37.490534	139.928326	6	0.082	-0.120	9.368	7.912
1424222246221	37.490535	139.928317	6	0.085	-0.142	9.449	7.886
1424222246321	37.490536	139.928308	6	0.075	-0.146	9.461	7.861
1424222246422	37.490537	139.928300	6	0.063	-0.073	9.243	7.836
1424222246523	37.490538	139.928291	6	0.103	-0.077	9.328	7.811
1424222246619	37.490539	139.928283	6	0.090	-0.122	9.596	7.787
1424222246719	37.490540	139.928274	6	0.086	-0.087	9.339	7.763
1424222246820	37.490541	139.928266	6	0.080	-0.078	9.285	7.750
1424222246921	37.490542	139.928257	6	0.051	-0.108	9.396	7.750
1424222247021	37.490543	139.928249	6	0.038	-0.120	9.339	7.750
1424222247122	37.490544	139.928240	6	0.043	-0.124	9.541	7.750
1424222247223	37.490545	139.928232	6	-0.167	-0.055	9.149	7.750
1424222247323	37.490546	139.928223	6	-0.161	-0.092	9.158	7.750
1424222247419	37.490547	139.928215	6	0.193	-0.205	9.625	7.750
1424222247520	37.490548	139.928206	6	0.305	-0.168	9.841	7.750
1424222247621	37.490549	139.928198	6	0.202	0.026	9.329	7.750
1424222247721	37.490550	139.928189	6	0.151	0.024	8.979	7.750
1424222247822	37.490550	139.928181	6	-0.016	-0.070	9.484	7.737
1424222247923	37.490551	139.928173	6	-0.137	-0.032	9.726	7.711
1424222248023	37.490552	139.928165	6	-0.008	-0.007	9.421	7.686
1424222248119	37.490553	139.928157	6	0.149	-0.054	9.178	7.662
1424222248220	37.490554	139.928149	6	0.189	-0.112	9.365	7.636
1424222248320	37.490554	139.928141	6	-0.025	-0.141	9.425	7.611
1424222248421	37.490555	139.928133	6	-0.128	-0.144	9.492	7.586
1424222248522	37.490556	139.928125	6	-0.156	-0.134	9.270	7.561
1424222248623	37.490557	139.928117	6	-0.063	-0.244	9.412	7.536
1424222248723	37.490558	139.928109	6	-0.027	-0.276	9.599	7.512
1424222248819	37.490559	139.928101	6	0.079	-0.209	9.485	7.488
1424222248920	37.490560	139.928092	6	0.015	-0.168	9.238	7.462
1424222249020	37.490561	139.928084	6	0.024	-0.248	9.339	7.437
1424222249121	37.490563	139.928076	6	0.072	-0.220	9.568	7.411
1424222249222	37.490564	139.928067	6	0.076	-0.149	9.411	7.386
1424222249323	37.490565	139.928059	6	0.136	-0.197	9.529	7.361
1424222249423	37.490567	139.928050	6	0.081	-0.207	9.422	7.336
1424222249519	37.490568	139.928043	6	0.007	-0.167	9.255	7.312
1424222249620	37.490569	139.928034	6	0.001	-0.182	9.457	7.287
1424222249720	37.490570	139.928026	6	0.058	-0.196	9.579	7.262
1424222249821	37.490571	139.928018	6	0.110	-0.122	9.483	7.237
1424222249922	37.490572	139.928011	6	0.151	-0.144	9.456	7.211
1424222250022	37.490572	139.928003	6	0.133	-0.164	9.458	7.186
1424222250123	37.490573	139.927996	6	0.102	-0.082	9.411	7.161
1424222250219	37.490573	139.927989	6	0.042	-0.094	9.256	7.137
1424222250320	37.490574	139.927982	6	0.090	-0.108	9.476	7.111
1424222250420	37.490574	139.927974	6	0.101	-0.049	9.492	7.087
1424222250521	37.490575	139.927967	6	0.174	-0.037	9.391	7.061
1424222250622	37.490575	139.927960	6	0.140	-0.033	9.162	7.036
1424222250722	37.490576	139.927952	6	0.164	-0.084	9.370	7.012
1424222250823	37.490576	139.927945	6	0.158	-0.061	9.308	7.000
1424222250919	37.490577	139.927937	6	0.220	-0.099	9.412	7.000
1424222251019	37.490577	139.927929	6	0.233	-0.079	9.429	7.000
1424222251120	37.490578	139.927921	6	0.248	-0.112	9.333	7.000
1424222251221	37.490579	139.927912	6	0.204	-0.088	9.310	7.000
1424222251322	37.490579	139.927904	6	0.207	-0.140	9.418	7.000
1424222251422	37.490580	139.927896	6	0.222	-0.122	9.533	7.000
1424222251523	37.490581	139.927888	6	0.240	-0.043	9.420	7.000
1424222251619	37.490581	139.927880	6	0.248	-0.056	9.419	7.000
1424222251719	37.490582	139.927872	6	0.212	-0.098	9.507	7.000
1424222251820	37.490583	139.927864	6	0.188	-0.096	9.523	6.987
1424222251921	37.490584	139.927856	6	0.182	-0.081	9.553	6.962
1424222252021	37.490585	139.927848	6	0.255	-0.100	9.614	6.936
1424222252122	37.490586	139.927841	6	0.303	0.006	9.420	6.911
1424222252223	37.490587	139.927833	6	0.363	0.089	9.243	6.886
1424222252319	37.490589	139.927825	6	0.434	0.121	9.153	6.862
1424222252419	37.490590	139.927818	6	0.415	0.111	9.382	6.837
1424222252520	37.490591	139.927810	6	0.382	0.096	9.354	6.812
1424222252621	37.490592	139.927802	6	0.461	0.027	9.316	6.787
1424222252721	37.490593	139.927795	6	0.576	-0.089	9.317	6.762
1424222252822	37.490594	139.927787	6	0.549	-0.141	9.552	6.737
1424222252923	37.490593	139.927780	6	0.510	-0.181	9.439	6.711
1424222253019	37.490592	139.927773	6	0.530	-0.161	9.317	6.687
1424222253124	37.490592	139.927765	6	0.521	-0.173	9.474	6.660
1424222253220	37.490591	139.927758	6	0.516	-0.088	9.346	6.636
1424222253319	37.490591	139.927751	6	0.347	-0.054	9.350	6.612
1424222253421	37.490590	139.927744	6	0.381	-0.106	9.339	6.586
1424222253520	37.490589	139.927737	6	0.399	-0.174	9.724	6.562
1424222253623	37.490589	139.927729	6	0.333	-0.116	9.547	6.536
1424222253722	37.490588	139.927722	6	0.339	-0.069	9.252	6.512
1424222253819	37.490588	139.927715	6	0.389	-0.130	9.411	6.488
1424222253920	37.490589	139.927708	6	0.405	-0.248	9.623	6.462
1424222254021	37.490590	139.927700	6	0.396	-0.143	9.487	6.436
1424222254121	37.490590	139.927693	6	0.274	-0.023	9.253	6.411
1424222254222	37.490591	139.927685	6	0.213	-0.123	9.449	6.386
1424222254323	37.490592	139.927678	6	0.373	-0.237	9.663	6.361
1424222254423	37.490593	139.927670	6	0.377	-0.100	9.376	6.336
1424222254519	37.490593	139.927663	6	0.242	0.015	9.103	6.312
1424222254620	37.490594	139.927656	6	0.270	-0.087	9.418	6.287
1424222254720	37.490595	139.927649	6	0.407	-0.181	9.583	6.262
1424222254821	37.490595	139.927642	7	0.319	-0.112	9.302	6.223
1424222254922	37.490595	139.927636	7	0.314	-0.075	9.335	6.171
1424222255023	37.490596	139.927629	7	0.270	-0.130	9.524	6.120
1424222255123	37.490596	139.927623	7	0.275	-0.203	9.396	6.069
1424222255219	37.490596	139.927617	7	0.325	-0.374	9.315	6.020
1424222255320	37.490596	139.927611	7	0.352	-0.521	9.503	5.970
1424222255420	37.490596	139.927605	7	0.460	-0.624	9.382	5.920
1424222255521	37.490597	139.927599	7	0.496	-0.556	9.374	5.871
1424222255622	37.490597	139.927594	7	0.639	-0.410	9.124	5.821
1424222255723	37.490597	139.927588	7	0.568	-0.419	9.279	5.773
1424222255823	37.490597	139.927582	7	0.474	-0.541	9.598	5.722
1424222255919	37.490598	139.927577	7	0.344	-0.624	9.488	5.673
1424222256020	37.490599	139.927571	7	0.157	-0.474	9.408	5.621
1424222256120	37.490600	139.927566	7	0.287	-0.498	9.224	5.570
1424222256221	37.490601	139.927560	7	0.200	-0.588	9.538	5.519
1424222256322	37.490602	139.927555	7	0.141	-0.638	9.577	5.468
1424222256422	37.490603	139.927550	7	0.214	-0.488	9.190	5.419
1424222256523	37.490604	139.927545	7	0.207	-0.524	9.483	5.369
1424222256619	37.490605	139.927540	7	0.161	-0.590	9.541	5.323
1424222256719	37.490606	139.927535	7	0.235	-0.686	9.531	5.274
1424222256820	37.490606	139.927530	7	0.300	-0.747	9.446	5.195
1424222256921	37.490607	139.927526	7	0.415	-0.688	9.099	5.086
1424222257022	37.490607	139.927522	7	0.295	-0.809	9.404	4.978
1424222257122	37.490608	139.927518	7	0.212	-0.973	9.705	4.874
1424222257223	37.490608	139.927514	7	0.243	-0.997	9.456	4.771
1424222257319	37.490608	139.927511	7	0.277	-0.988	9.508	4.675
1424222257419	37.490609	139.927507	7	0.265	-0.970	9.431	4.577
1424222257520	37.490609	139.927504	7	0.340	-0.976	9.409	4.480
1424222257621	37.490609	139.927500	7	0.321	-0.976	9.272	4.386
1424222257722	37.490610	139.927497	7	0.455	-1.097	9.489	4.293
1424222257822	37.490611	139.927494	6	0.497	-1.101	9.496	4.191
1424222257923	37.490612	139.927491	6	0.514	-0.995	9.354	4.080
1424222258019	37.490614	139.927488	6	0.361	-0.947	9.329	3.976
1424222258119	37.490615	139.927486	6	0.290	-1.077	9.421	3.871
1424222258220	37.490617	139.927483	6	0.347	-1.181	9.558	3.767
1424222258321	37.490618	139.927481	6	0.394	-1.166	9.446	3.666
1424222258421	37.490620	139.927479	6	0.375	-1.163	9.371	3.569
1424222258522	37.490621	139.927476	6	0.413	-1.223	9.489	3.473
1424222258623	37.490622	139.927474	6	0.546	-1.259	9.521	3.380
1424222258719	37.490623	139.927472	6	0.655	-1.239	9.352	3.295
1424222258819	37.490624	139.927470	6	0.585	-1.251	9.402	3.175
1424222258920	37.490625	139.927467	6	0.573	-1.235	9.520	3.025
1424222259021	37.490626	139.927464	6	0.625	-1.245	9.505	2.880
1424222259121	37.490627	139.927462	6	0.626	-1.288	9.454	2.743
1424222259222	37.490628	139.927460	6	0.490	-1.297	9.420	2.611
1424222259323	37.490628	139.927458	6	0.403	-1.309	9.464	2.485
1424222259419	37.490629	139.927456	6	0.456	-1.311	9.505	2.371
1424222259519	37.490630	139.927454	6	0.515	-1.271	9.411	2.258
1424222259620	37.490630	139.927452	6	0.506	-1.273	9.423	2.150
1424222259721	37.490631	139.927450	6	0.518	-1.219	9.468	2.047
1424222259821	37.490631	139.927449	5	0.529	-1.073	9.460	1.933
1424222259922	37.490632	139.927448	5	0.485	-0.907	9.419	1.805
1424222260023	37.490633	139.927447	5	0.436	-0.814	9.398	1.684
1424222260123	37.490634	139.927446	5	0.390	-0.805	9.459	1.571
1424222260219	37.490634	139.927445	5	0.400	-0.789	9.480	1.469
1424222260320	37.490635	139.927445	5	0.386	-0.748	9.439	1.367
1424222260421	37.490635	139.927444	5	0.344	-0.726	9.403	1.273
1424222260521	37.490636	139.927443	5	0.297	-0.640	9.449	1.187
1424222260622	37.490636	139.927443	5	0.272	-0.540	9.448	1.106
1424222260723	37.490637	139.927442	5	0.281	-0.472	9.419	1.032
1424222260823	37.490637	139.927442	4	0.291	-0.459	9.416	0.897
1424222260919	37.490638	139.927441	4	0.286	-0.453	9.433	0.724
1424222261020	37.490638	139.927440	4	0.280	-0.442	9.418	0.562
1424222261120	37.490638	139.927440	4	0.286	-0.435	9.420	0.422
1424222261221	37.490638	139.927439	4	0.275	-0.438	9.429	0.301
1424222261322	37.490639	139.927439	4	0.258	-0.442	9.430	0.201
1424222261423	37.490639	139.927438	4	0.233	-0.362	9.446	0.120
1424222261523	37.490639	139.927438	4	0.182	-0.158	9.477	0.061
1424222261619	37.490639	139.927438	4	0.123	0.048	9.420	0.023
1424222261720	37.490639	139.927438	4	0.068	0.187	9.355	0.003
1424222293619	37.490722	139.926318	5	0.093	0.096	9.402	7.787
1424222293720	37.490723	139.926309	5	0.299	0.117	9.313	7.762
1424222293820	37.490724	139.926299	5	0.507	0.118	9.409	7.750
1424222293921	37.490725	139.926290	5	0.598	0.179	9.172	7.750
1424222294022	37.490726	139.926281	5	0.444	0.022	9.498	7.750
1424222294122	37.490727	139.926272	5	0.264	-0.146	9.777	7.750
1424222294223	37.490728	139.926263	5	0.034	-0.140	9.512	7.750
1424222294319	37.490728	139.926254	5	-0.102	-0.047	9.323	7.750
1424222294420	37.490730	139.926245	5	-0.138	-0.100	9.562	7.750
1424222294520	37.490730	139.926236	5	-0.081	-0.076	9.699	7.750
1424222294621	37.490732	139.926227	5	-0.111	0.091	9.371	7.750
1424222294722	37.490733	139.926217	5	-0.063	0.127	9.324	7.750
1424222294822	37.490732	139.926209	5	-0.041	0.100	9.297	7.737
1424222294923	37.490731	139.926201	5	-0.106	0.086	9.294	7.711
1424222295019	37.490730	139.926193	5	-0.153	0.058	9.570	7.687
1424222295119	37.490729	139.926185	5	-0.184	-0.087	9.752	7.662
1424222295220	37.490728	139.926177	5	-0.182	-0.062	9.480	7.636
1424222295321	37.490727	139.926169	5	-0.064	0.060	9.236	7.611
1424222295422	37.490726	139.926161	5	-0.020	0.089	9.190	7.586
1424222295522	37.490725	139.926153	5	0.089	0.083	9.438	7.561
1424222310618	37.490857	139.924703	5	-0.012	0.091	9.679	8.750
1424222310623	37.490857	139.924703	5	-0.011	0.085	9.676	8.750
1424222310719	37.490858	139.924694	5	0.057	-0.058	9.450	8.750
1424222310820	37.490860	139.924684	5	0.106	0.076	9.088	8.737
1424222310921	37.490861	139.924675	5	0.115	0.031	9.063	8.712
1424222311021	37.490863	139.924666	5	0.125	-0.032	9.468	8.687
1424222311122	37.490865	139.924657	5	0.125	-0.034	9.542	8.661
1424222311223	37.490866	139.924647	5	0.027	0.053	9.268	8.636
1424222311323	37.490868	139.924638	5	0.147	-0.067	9.443	8.611
1424222311419	37.490869	139.924630	5	0.156	0.013	9.427	8.587
1424222311520	37.490871	139.924621	5	-0.005	0.087	9.128	8.562
1424222311621	37.490873	139.924611	5	0.117	0.050	9.389	8.537
1424222311721	37.490874	139.924602	5	-0.017	0.004	9.482	8.512
1424222311822	37.490876	139.924593	5	0.054	-0.031	9.682	8.500
1424222311923	37.490877	139.924583	5	0.118	-0.048	9.466	8.500
1424222312023	37.490878	139.924574	5	0.011	-0.004	9.319	8.500
1424222312119	37.490879	139.924565	5	-0.073	-0.034	9.388	8.500
1424222312220	37.490880	139.924555	5	-0.104	-0.067	9.512	8.500
1424222312320	37.490881	139.924545	5	-0.093	-0.017	9.430	8.500
1424222312421	37.490882	139.924535	5	-0.078	-0.024	9.277	8.500
1424222312522	37.490883	139.924526	5	0.068	-0.105	9.483	8.500
1424222312623	37.490884	139.924516	5	0.023	-0.142	9.435	8.500
1424222312723	37.490885	139.924507	5	0.057	-0.157	9.393	8.500
1424222312819	37.490887	139.924497	6	0.019	-0.148	9.305	8.488
1424222312920	37.490889	139.924488	6	-0.039	-0.162	9.315	8.462
1424222313020	37.490892	139.924479	6	-0.066	-0.175	9.516	8.437
1424222313121	37.490894	139.924469	6	-0.028	-0.285	9.645	8.411
1424222313222	37.490896	139.924460	6	-0.102	-0.214	9.443	8.386
1424222313322	37.490899	139.924451	6	-0.051	-0.242	9.380	8.361
1424222313423	37.490901	139.924442	6	-0.135	-0.331	9.271	8.336
1424222313519	37.490903	139.924433	6	-0.166	-0.346	9.633	8.312
1424222313620	37.490906	139.924424	6	-0.091	-0.313	9.681	8.287
1424222313720	37.490908	139.924415	6	-0.155	-0.272	9.359	8.262
1424222313821	37.490909	139.924405	6	-0.045	-0.252	9.183	8.224
1424222313922	37.490910	139.924396	6	0.039	-0.245	9.288	8.172
1424222314022	37.490911	139.924387	6	-0.100	-0.206	9.546	8.121
1424222314123	37.490912	139.924377	6	-0.081	-0.234	9.491	8.070
1424222314219	37.490912	139.924368	6	-0.035	-0.267	9.188	8.022
1424222314319	37.490913	139.924359	6	-0.158	-0.368	9.273	7.972
1424222314420	37.490914	139.924350	6	-0.265	-0.436	9.524	7.921
1424222314521	37.490914	139.924341	6	-0.244	-0.436	9.780	7.872
1424222314622	37.490915	139.924332	6	-0.212	-0.314	9.467	7.822
1424222314722	37.490916	139.924323	6	-0.320	-0.243	9.079	7.773
1424222314823	37.490917	139.924315	4	-0.251	0.004	8.686	7.750
1424222314919	37.490918	139.924306	4	-0.263	-0.120	9.719	7.750
1424222315019	37.490919	139.924298	4	-0.211	-0.308	10.509	7.750
1424222315120	37.490920	139.924289	4	-0.176	-0.194	10.273	7.750
1424222315221	37.490921	139.924281	4	-0.113	-0.048	9.222	7.750
1424222315321	37.490922	139.924272	4	-0.094	0.089	8.642	7.750
1424222315422	37.490923	139.924264	4	-0.067	0.008	9.337	7.750
1424222315523	37.490924	139.924255	4	-0.029	0.305	9.938	7.750
1424222315619	37.490925	139.924247	4	-0.085	0.367	9.688	7.750
1424222318615	37.490958	139.923983	5	-0.078	0.364	9.664	7.750
1424222318620	37.490958	139.923982	5	-0.073	0.361	9.639	7.750
1424222318720	37.490959	139.923974	5	-0.091	0.120	9.296	7.750
1424222318821	37.490961	139.923966	5	-0.149	0.040	9.279	7.737
1424222318922	37.490962	139.923957	5	-0.212	-0.222	9.534	7.711
1424222319023	37.490963	139.923948	5	-0.270	-0.329	9.708	7.686
1424222319123	37.490964	139.923940	5	-0.300	-0.297	9.493	7.661
1424222319219	37.490965	139.923931	5	-0.214	-0.271	9.138	7.637
1424222319320	37.490966	139.923923	5	-0.017	-0.279	9.322	7.611
1424222319420	37.490967	139.923914	5	0.156	-0.466	10.137	7.587
1424222319521	37.490968	139.923906	5	0.032	-0.163	9.298	7.561
1424222319622	37.490969	139.923897	5	0.073	0.003	8.619	7.536
1424222319722	37.490970	139.923889	5	0.177	-0.211	9.298	7.512
1424222319823	37.490971	139.923881	5	0.219	-0.424	10.028	7.487
1424222319919	37.490972	139.923873	5	0.268	-0.203	9.653	7.462
1424222320020	37.490974	139.923864	5	0.215	-0.081	8.916	7.437
1424222320120	37.490976	139.923856	5	0.075	-0.158	8.758	7.412
1424222320221	37.490977	139.923848	5	-0.215	-0.169	9.060	7.386
1424222320322	37.490979	139.923840	5	-0.178	-0.248	9.956	7.361
1424222320422	37.490980	139.923832	5	-0.233	-0.225	9.890	7.336
1424222320523	37.490982	139.923824	5	-0.274	-0.092	9.370	7.311
1424222320619	37.490984	139.923816	5	-0.203	-0.059	9.200	7.287
1424222327618	37.491056	139.923257	5	-0.183	-0.062	9.193	7.037
1424222339617	37.491197	139.922303	5	-0.164	-0.064	9.185	7.038
1424222339622	37.491198	139.922303	5	-0.148	-0.065	9.176	7.036
1424222339723	37.491199	139.922295	5	-0.093	-0.120	9.057	7.012
1424222339819	37.491199	139.922288	4	-0.091	-0.149	9.118	6.988
1424222339919	37.491200	139.922280	4	-0.115	-0.213	9.362	6.962
1424222340020	37.491201	139.922273	4	-0.159	-0.263	9.504	6.937
1424222340121	37.491202	139.922265	4	-0.129	-0.291	9.516	6.911
1424222340222	37.491203	139.922257	4	0.003	-0.337	9.376	6.886
1424222340322	37.491204	139.922250	4	-0.019	-0.334	9.360	6.861
1424222340423	37.491205	139.922242	4	-0.029	-0.356	9.516	6.836
1424222340519	37.491206	139.922235	4	0.067	-0.355	9.504	6.812
1424222340619	37.491207	139.922227	4	0.193	-0.335	9.479	6.787
1424222340720	37.491208	139.922220	4	0.052	-0.304	9.281	6.762
1424222340821	37.491209	139.922213	5	0.053	-0.254	9.086	6.724
1424222340922	37.491211	139.922206	5	0.213	-0.367	9.421	6.672
1424222341022	37.491212	139.922199	5	0.243	-0.402	9.664	6.620
1424222341123	37.491214	139.922192	5	0.257	-0.350	9.514	6.569
1424222341219	37.491215	139.922186	5	0.396	-0.289	9.314	6.521
1424222341319	37.491217	139.922179	5	0.483	-0.406	9.215	6.471
1424222341420	37.491219	139.922173	5	0.477	-0.431	9.278	6.421
1424222341521	37.491220	139.922166	5	0.322	-0.519	9.652	6.371
1424222341621	37.491222	139.922160	5	0.101	-0.416	9.487	6.322
1424222341722	37.491223	139.922153	5	0.079	-0.395	9.438	6.273
1424222341823	37.491225	139.922147	5	0.103	-0.443	9.644	6.208
1424222341924	37.491225	139.922140	5	0.081	-0.360	9.423	6.128
1424222342019	37.491226	139.922134	5	0.176	-0.251	9.190	6.054
1424222342120	37.491227	139.922128	5	0.325	-0.217	9.348	5.977
1424222342221	37.491228	139.922122	5	0.325	-0.270	9.605	5.900
1424222342321	37.491229	139.922115	5	0.208	-0.265	9.382	5.825
1424222342422	37.491230	139.922109	5	0.184	-0.268	9.364	5.750
1424222342523	37.491231	139.922103	5	0.175	-0.268	9.400	5.676
1424222342623	37.491232	139.922097	5	0.191	-0.344	9.446	5.604
1424222342719	37.491233	139.922092	5	0.146	-0.329	9.327	5.536
1424222342820	37.491234	139.922086	5	0.126	-0.278	9.352	5.487
1424222342921	37.491236	139.922079	5	0.167	-0.321	9.497	5.462
1424222343021	37.491237	139.922072	5	0.196	-0.289	9.442	5.436
1424222343122	37.491239	139.922066	5	0.193	-0.253	9.351	5.411
1424222343223	37.491241	139.922059	5	0.165	-0.262	9.385	5.385
1424222343323	37.491242	139.922053	5	0.217	-0.292	9.495	5.360
1424222343419	37.491244	139.922046	5	0.252	-0.297	9.372	5.336
1424222343520	37.491246	139.922040	5	0.291	-0.276	9.327	5.311
1424222343620	37.491248	139.922034	5	0.242	-0.297	9.574	5.287
1424222343721	37.491249	139.922027	5	0.200	-0.362	9.550	5.262
1424222343822	37.491251	139.922021	5	0.156	-0.417	9.380	5.223
1424222343923	37.491252	139.922016	5	0.198	-0.421	9.421	5.170
1424222344023	37.491253	139.922010	5	0.260	-0.414	9.502	5.119
1424222344119	37.491254	139.922005	5	0.271	-0.372	9.420	5.070
1424222344220	37.491255	139.921999	5	0.345	-0.385	9.369	5.019
1424222344320	37.491256	139.921994	5	0.453	-0.411	9.353	4.969
1424222344421	37.491257	139.921989	5	0.490	-0.515	9.431	4.919
1424222344522	37.491258	139.921984	5	0.439	-0.602	9.492	4.869
1424222344623	37.491259	139.921978	5	0.337	-0.765	9.456	4.820
1424222344723	37.491260	139.921973	5	0.311	-0.867	9.399	4.772
1424222344819	37.491261	139.921968	6	0.350	-0.895	9.369	4.710
1424222344920	37.491262	139.921963	6	0.368	-0.939	9.470	4.629
1424222345020	37.491264	139.921957	6	0.419	-0.925	9.476	4.550
1424222345121	37.491265	139.921952	6	0.436	-0.883	9.412	4.472
1424222345222	37.491267	139.921946	6	0.445	-0.883	9.352	4.395
1424222345322	37.491268	139.921941	6	0.412	-0.904	9.518	4.320
1424222345423	37.491269	139.921936	6	0.356	-0.849	9.396	4.246
1424222345519	37.491271	139.921931	6	0.356	-0.825	9.262	4.176
1424222345619	37.491272	139.921926	6	0.383	-0.932	9.510	4.105
1424222345720	37.491273	139.921921	6	0.388	-0.884	9.463	4.034
1424222345821	37.491275	139.921917	6	0.371	-0.797	9.328	3.942
1424222345922	37.491277	139.921913	6	0.379	-0.800	9.430	3.830
1424222346022	37.491278	139.921909	6	0.401	-0.836	9.495	3.721
1424222346123	37.491280	139.921905	6	0.378	-0.833	9.429	3.614
1424222346219	37.491281	139.921901	6	0.329	-0.824	9.412	3.516
1424222346319	37.491283	139.921897	6	0.308	-0.785	9.463	3.416
1424222346420	37.491284	139.921894	6	0.350	-0.747	9.434	3.317
1424222346521	37.491286	139.921890	6	0.411	-0.660	9.348	3.222
1424222346622	37.491287	139.921887	6	0.327	-0.628	9.356	3.130
1424222346722	37.491288	139.921884	6	0.252	-0.655	9.376	3.041
1424222346823	37.491289	139.921881	8	0.285	-0.658	9.393	2.937
1424222346919	37.491288	139.921880	8	0.317	-0.547	9.439	2.826
1424222347019	37.491287	139.921879	8	0.284	-0.441	9.461	2.714
1424222347120	37.491286	139.921877	8	0.251	-0.413	9.421	2.605
1424222347221	37.491285	139.921876	8	0.273	-0.409	9.348	2.499
1424222347321	37.491284	139.921875	8	0.264	-0.380	9.389	2.400
1424222347422	37.491283	139.921874	8	0.229	-0.378	9.446	2.303
1424222347523	37.491283	139.921873	8	0.190	-0.384	9.450	2.210
1424222347619	37.491282	139.921872	8	0.192	-0.396	9.433	2.125
1424222347719	37.491281	139.921871	8	0.249	-0.377	9.404	2.041
1424222347820	37.491281	139.921870	8	0.283	-0.360	9.373	1.972
1424222347921	37.491280	139.921870	8	0.285	-0.404	9.444	1.915
1424222348021	37.491280	139.921870	8	0.264	-0.425	9.437	1.861
1424222348122	37.491279	139.921870	8	0.239	-0.430	9.394	1.808
1424222348223	37.491279	139.921870	8	0.219	-0.436	9.439	1.756
1424222348323	37.491279	139.921869	8	0.239	-0.439	9.463	1.706
1424222348419	37.491278	139.921869	8	0.250	-0.450	9.417	1.659
1424222348520	37.491278	139.921869	8	0.275	-0.449	9.416	1.612
1424222348621	37.491278	139.921869	8	0.299	-0.442	9.424	1.565
1424222348721	37.491277	139.921869	8	0.287	-0.429	9.403	1.521
1424222348822	37.491277	139.921869	8	0.269	-0.420	9.404	1.469
1424222348923	37.491276	139.921869	8	0.260	-0.425	9.438	1.411
1424222349023	37.491276	139.921868	8	0.287	-0.432	9.432	1.355
1424222349119	37.491275	139.921868	8	0.272	-0.433	9.416	1.303
1424222349220	37.491275	139.921868	8	0.238	-0.437	9.434	1.250
1424222349321	37.491275	139.921868	8	0.231	-0.443	9.442	1.200
1424222349421	37.491274	139.921868	8	0.268	-0.430	9.405	1.152
1424222349522	37.491274	139.921867	8	0.330	-0.425	9.409	1.105
1424222349623	37.491273	139.921867	8	0.324	-0.435	9.436	1.061
1424222349723	37.491273	139.921867	8	0.287	-0.436	9.423	1.019
1424222349819	37.491273	139.921867	7	0.273	-0.414	9.390	0.942
1424222349920	37.491273	139.921868	7	0.272	-0.427	9.416	0.830
1424222350020	37.491273	139.921868	7	0.258	-0.445	9.452	0.728
1424222350121	37.491273	139.921868	7	0.246	-0.451	9.412	0.634
1424222350222	37.491272	139.921869	7	0.265	-0.441	9.402	0.550
1424222350323	37.491272	139.921869	7	0.302	-0.412	9.433	0.474
1424222350423	37.491272	139.921869	7	0.306	-0.385	9.430	0.408
1424222350519	37.491272	139.921870	7	0.277	-0.363	9.394	0.354
1424222350620	37.491272	139.921870	7	0.255	-0.365	9.407	0.305
1424222350720	37.491272	139.921870	7	0.253	-0.372	9.418	0.266
1424222350821	37.491273	139.921869	7	0.217	-0.266	9.445	0.225
1424222350922	37.491275	139.921868	7	0.141	-0.069	9.459	0.180
1424222351022	37.491276	139.921867	7	0.074	0.140	9.406	0.140
1424222351123	37.491277	139.921866	7	0.067	0.250	9.349	0.105
1424222351219	37.491278	139.921865	7	0.099	0.231	9.347	0.076
1424222351320	37.491279	139.921864	7	0.123	0.144	9.401	0.051
1424222351420	37.491280	139.921864	7	0.126	0.083	9.422	0.031
1424222351521	37.491280	139.921863	7	0.108	0.102	9.417	0.016
1424222351622	37.491281	139.921863	7	0.089	0.149	9.406	0.005
1424222351722	37.491281	139.921863	7	0.081	0.158	9.405	0.001
1424222394619	37.491450	139.920729	16	0.095	0.141	9.401	5.537
1424222394720	37.491450	139.920724	16	-0.013	0.101	9.187	5.512
1424222394820	37.491450	139.920718	16	-0.097	0.109	9.152	5.500
1424222394921	37.491451	139.920712	16	-0.097	-0.020	9.391	5.500
1424222395022	37.491452	139.920706	16	-0.195	-0.073	9.570	5.500
1424222395123	37.491452	139.920699	16	-0.442	-0.056	9.248	5.500
1424222395223	37.491453	139.920693	16	-0.662	-0.054	9.157	5.500
1424222395324	37.491453	139.920687	16	-0.700	-0.124	9.455	5.500
1424222395420	37.491454	139.920681	16	-0.636	-0.118	9.610	5.500
1424222395519	37.491454	139.920675	16	-0.496	-0.095	9.355	5.500
1424222399619	37.491461	139.920417	11	-0.410	0.042	8.990	5.072
1424222399720	37.491460	139.920412	11	-0.222	-0.152	9.163	5.024
1424222399821	37.491460	139.920407	10	-0.149	-0.199	9.214	4.973
1424222399921	37.491460	139.920402	10	-0.282	-0.271	9.305	4.921
1424222400022	37.491460	139.920397	10	-0.342	-0.350	9.120	4.869
1424222400123	37.491460	139.920393	10	-0.155	-0.394	9.339	4.817
1424222400223	37.491460	139.920388	10	-0.214	-0.505	9.510	4.767
1424222400319	37.491461	139.920384	10	-0.416	-0.524	9.543	4.719
1424222400420	37.491461	139.920379	10	-0.538	-0.539	9.374	4.669
1424222400520	37.491461	139.920375	10	-0.534	-0.540	9.287	4.620
1424222400621	37.491461	139.920370	10	-0.729	-0.522	9.154	4.571
1424222400722	37.491461	139.920366	10	-0.518	-0.643	9.532	4.523
1424222400823	37.491461	139.920362	8	-0.386	-0.666	9.593	4.472
1424222400923	37.491461	139.920357	8	-0.517	-0.546	9.314	4.420
1424222401019	37.491460	139.920353	8	-0.414	-0.487	9.324	4.370
1424222401120	37.491460	139.920348	8	-0.097	-0.294	9.849	4.318
1424222401220	37.491460	139.920344	8	-0.025	-0.350	9.814	4.268
1424222401321	37.491459	139.920339	8	0.056	-0.381	9.553	4.217
1424222401422	37.491459	139.920335	8	-0.113	-0.437	9.492	4.167
1424222401523	37.491459	139.920330	8	-0.197	-0.481	9.249	4.118
1424222401623	37.491458	139.920326	8	-0.100	-0.471	9.325	4.070
1424222401719	37.491458	139.920322	8	0.009	-0.462	9.476	4.024
1424222401820	37.491458	139.920318	7	0.145	-0.488	9.470	3.943
1424222401920	37.491459	139.920315	7	0.374	-0.578	9.296	3.832
1424222402021	37.491459	139.920312	7	0.492	-0.665	9.376	3.722
1424222402122	37.491459	139.920309	7	0.515	-0.523	9.527	3.615
1424222402222	37.491459	139.920306	7	0.424	-0.507	9.417	3.513
1424222402323	37.491460	139.920303	7	0.362	-0.568	9.353	3.412
1424222402419	37.491460	139.920300	7	0.306	-0.557	9.439	3.318
1424222402520	37.491460	139.920297	7	0.244	-0.479	9.484	3.223
1424222402620	37.491461	139.920295	7	0.190	-0.400	9.377	3.132
1424222402721	37.491461	139.920292	7	0.159	-0.386	9.369	3.042
1424222402822	37.491461	139.920290	5	0.085	-0.366	9.396	2.986
1424222402922	37.491460	139.920287	5	0.066	-0.358	9.390	2.961
1424222403023	37.491460	139.920284	5	0.078	-0.414	9.421	2.935
1424222403119	37.491459	139.920281	5	0.068	-0.474	9.457	2.910
1424222403219	37.491459	139.920279	5	0.068	-0.519	9.429	2.885
1424222403320	37.491458	139.920276	5	0.106	-0.654	9.494	2.860
1424222403421	37.491458	139.920273	5	0.162	-0.851	9.670	2.835
1424222403522	37.491457	139.920270	5	0.236	-0.877	9.372	2.810
1424222403622	37.491457	139.920268	5	0.257	-0.868	9.178	2.786
1424222403723	37.491456	139.920265	5	0.277	-0.964	9.388	2.761
1424222403819	37.491456	139.920263	5	0.283	-1.063	9.508	2.708
1424222403919	37.491456	139.920260	5	0.259	-1.146	9.492	2.623
1424222404020	37.491456	139.920258	5	0.176	-1.188	9.437	2.540
1424222404121	37.491456	139.920255	5	0.180	-1.208	9.458	2.460
1424222404222	37.491456	139.920253	5	0.248	-1.184	9.466	2.382
1424222404322	37.491457	139.920250	5	0.274	-1.149	9.422	2.307
1424222404423	37.491457	139.920248	5	0.256	-1.046	9.450	2.233
1424222404519	37.491457	139.920246	5	0.245	-0.913	9.413	2.166
1424222404619	37.491457	139.920244	5	0.239	-0.800	9.368	2.098
1424222404720	37.491457	139.920242	5	0.227	-0.774	9.384	2.032
1424222404821	37.491457	139.920240	5	0.201	-0.812	9.462	1.909
1424222404921	37.491458	139.920239	5	0.178	-0.822	9.475	1.738
1424222405022	37.491459	139.920238	5	0.163	-0.790	9.432	1.578
1424222405123	37.491460	139.920237	5	0.156	-0.721	9.431	1.429
1424222405219	37.491460	139.920237	5	0.132	-0.653	9.406	1.298
1424222405319	37.491461	139.920236	5	0.125	-0.584	9.444	1.173
1424222405420	37.491462	139.920235	5	0.117	-0.540	9.421	1.058
1424222405521	37.491462	139.920234	5	0.102	-0.521	9.399	0.955
1424222405621	37.491462	139.920234	5	0.080	-0.520	9.421	0.864
1424222405722	37.491463	139.920233	5	0.045	-0.524	9.430	0.784
1424222405823	37.491463	139.920234	5	0.034	-0.516	9.420	0.673
1424222405923	37.491462	139.920235	5	0.050	-0.515	9.410	0.538
1424222406019	37.491461	139.920236	5	0.045	-0.441	9.440	0.423
1424222406120	37.491461	139.920238	5	-0.008	-0.217	9.465	0.317
1424222406221	37.491460	139.920239	5	-0.075	0.060	9.420	0.226
1424222406321	37.491460	139.920239	5	-0.124	0.245	9.355	0.151
1424222406422	37.491459	139.920240	5	-0.127	0.237	9.321	0.091
1424222406523	37.491459	139.920241	5	-0.122	0.131	9.367	0.046
1424222406623	37.491459	139.920241	5	-0.146	0.066	9.427	0.016
1424222406719	37.491459	139.920241	5	-0.198	0.086	9.413	0.002
1424222450618	37.491590	139.918869	9	-0.176	0.089	9.419	6.824
1424222450623	37.491590	139.918868	9	-0.173	0.086	9.412	6.821
1424222450723	37.491591	139.918863	9	-0.239	-0.012	8.632	6.773
1424222450819	37.491593	139.918856	9	-0.217	0.155	8.780	6.738
1424222450920	37.491594	139.918848	9	-0.094	0.066	9.867	6.712
1424222451020	37.491596	139.918840	9	0.328	-0.148	9.867	6.687
1424222451121	37.491598	139.918832	9	0.433	0.038	9.036	6.661
1424222451222	37.491599	139.918824	9	0.151	-0.002	9.003	6.636
1424222451323	37.491601	139.918816	9	-0.268	-0.311	9.219	6.611
1424222451423	37.491603	139.918809	9	-0.349	-0.126	8.964	6.586
1424222451519	37.491604	139.918801	9	0.017	-0.159	9.718	6.562
1424222451620	37.491606	139.918794	9	0.371	-0.185	9.728	6.537
1424222451720	37.491607	139.918786	9	0.575	-0.167	9.065	6.512
1424222451821	37.491608	139.918778	8	0.638	-0.142	9.096	6.487
1424222451922	37.491609	139.918771	8	0.434	-0.282	9.615	6.461
1424222452023	37.491610	139.918764	8	-0.074	-0.456	9.518	6.436
1424222452123	37.491611	139.918757	8	-0.077	-0.596	10.046	6.411
1424222452219	37.491612	139.918750	8	0.073	-0.500	9.795	6.387
1424222452325	37.491612	139.918743	8	0.048	-0.403	9.077	6.360
1424222452420	37.491613	139.918736	8	0.237	-0.404	9.180	6.336
1424222452519	37.491614	139.918729	8	0.372	-0.406	9.619	6.312
1424222452622	37.491615	139.918722	8	0.464	-0.464	9.596	6.286
1424222452721	37.491616	139.918715	8	0.208	-0.488	9.436	6.262
1424222452823	37.491616	139.918709	9	0.128	-0.245	9.427	6.193
1424222452919	37.491617	139.918704	9	0.105	-0.506	9.349	6.090
1424222453020	37.491618	139.918698	9	0.027	-0.629	9.524	5.984
1424222453120	37.491619	139.918692	9	0.114	-0.578	9.306	5.880
1424222453221	37.491620	139.918687	9	0.181	-0.503	9.361	5.777
1424222453322	37.491621	139.918682	9	0.254	-0.551	9.519	5.676
1424222453422	37.491621	139.918676	9	0.308	-0.623	9.429	5.578
1424222453523	37.491622	139.918671	9	0.231	-0.692	9.205	5.481
1424222453619	37.491623	139.918666	9	0.333	-0.725	9.292	5.390
1424222453719	37.491624	139.918661	9	0.377	-0.773	9.523	5.297
1424222453820	37.491624	139.918657	9	0.338	-0.867	9.491	5.195
1424222453921	37.491624	139.918652	9	0.289	-0.986	9.456	5.086
1424222454022	37.491625	139.918647	9	0.374	-0.943	9.211	4.978
1424222454122	37.491625	139.918642	9	0.355	-1.069	9.279	4.874
1424222454223	37.491625	139.918637	9	0.341	-1.277	9.791	4.771
1424222454319	37.491626	139.918633	9	0.395	-1.276	9.633	4.675
1424222454419	37.491626	139.918629	9	0.424	-1.329	9.620	4.577
1424222454520	37.491626	139.918624	9	0.496	-1.253	9.375	4.480
1424222454621	37.491627	139.918620	9	0.475	-1.195	9.353	4.386
1424222454722	37.491627	139.918616	9	0.670	-1.148	9.343	4.293
1424222454822	37.491627	139.918613	9	0.748	-1.188	9.428	4.174
1424222454923	37.491628	139.918610	9	0.541	-1.220	9.485	4.031
1424222455019	37.491629	139.918608	9	0.455	-1.207	9.177	3.898
1424222455119	37.491630	139.918605	9	0.502	-1.220	9.362	3.765
1424222455220	37.491631	139.918603	9	0.404	-1.177	9.716	3.634
1424222455321	37.491632	139.918600	9	0.268	-1.187	9.425	3.508
1424222455421	37.491633	139.918598	9	0.287	-1.252	9.352	3.387
1424222455522	37.491633	139.918596	9	0.338	-1.282	9.615	3.270
1424222455623	37.491634	139.918594	9	0.419	-1.200	9.459	3.157
1424222455719	37.491635	139.918592	9	0.444	-1.176	9.319	3.053
1424222455819	37.491635	139.918590	8	0.466	-1.269	9.546	2.903
1424222455920	37.491636	139.918589	8	0.460	-1.340	9.668	2.711
1424222456021	37.491636	139.918588	8	0.424	-1.250	9.329	2.530
1424222456121	37.491637	139.918587	8	0.409	-1.190	9.273	2.360
1424222456222	37.491637	139.918586	8	0.445	-1.267	9.486	2.198
1424222456323	37.491638	139.918585	8	0.540	-1.323	9.582	2.047
1424222456423	37.491638	139.918584	8	0.604	-1.250	9.359	1.907
1424222456519	37.491638	139.918584	8	0.531	-1.065	9.225	1.783
1424222456620	37.491639	139.918583	8	0.372	-0.894	9.358	1.661
1424222456721	37.491639	139.918582	8	0.241	-0.853	9.527	1.550
1424222456821	37.491639	139.918582	7	0.228	-0.863	9.526	1.425
1424222456922	37.491639	139.918581	7	0.225	-0.829	9.406	1.284
1424222457023	37.491639	139.918580	7	0.197	-0.793	9.414	1.153
1424222457123	37.491639	139.918579	7	0.181	-0.774	9.441	1.033
1424222457219	37.491639	139.918579	7	0.186	-0.741	9.417	0.927
1424222457320	37.491639	139.918578	7	0.201	-0.685	9.414	0.826
1424222457421	37.491639	139.918577	7	0.198	-0.626	9.455	0.735
1424222457521	37.491639	139.918577	7	0.177	-0.585	9.413	0.656
1424222457622	37.491639	139.918577	7	0.160	-0.561	9.405	0.585
1424222457723	37.491639	139.918576	7	0.172	-0.568	9.422	0.525
1424222457823	37.491640	139.918575	5	0.167	-0.566	9.424	0.448
1424222457919	37.491641	139.918575	5	0.106	-0.429	9.462	0.362
1424222458020	37.491642	139.918574	5	0.006	-0.164	9.464	0.281
1424222458120	37.491642	139.918573	5	-0.059	0.113	9.430	0.211
1424222458221	37.491643	139.918573	5	-0.071	0.237	9.350	0.151
1424222458322	37.491644	139.918572	5	-0.041	0.173	9.336	0.100
1424222458423	37.491644	139.918572	5	-0.006	0.069	9.406	0.060
1424222458523	37.491645	139.918571	5	-0.006	0.016	9.441	0.031
1424222458619	37.491645	139.918571	5	-0.016	0.055	9.417	0.011
1424222458720	37.491645	139.918571	5	-0.048	0.111	9.405	0.001
1424222501624	37.491614	139.918422	7	-0.033	0.075	9.417	2.035
1424222501720	37.491616	139.918424	7	0.100	0.077	9.398	2.012
1424222501821	37.491618	139.918425	7	0.133	0.086	9.623	2.000
1424222501921	37.491620	139.918425	7	0.396	0.172	9.377	2.000
1424222502022	37.491622	139.918425	7	0.807	0.245	9.059	2.000
1424222502123	37.491623	139.918425	7	1.069	0.251	9.159	2.000
1424222502223	37.491625	139.918425	7	1.107	0.145	9.437	2.000
1424222502319	37.491627	139.918424	7	0.984	0.100	9.491	2.000
1424222502420	37.491629	139.918424	7	0.828	0.089	9.351	2.000
1424222502520	37.491630	139.918424	7	0.646	-0.023	9.387	2.000
1424222502621	37.491632	139.918424	7	0.522	-0.085	9.488	2.000
1424222502722	37.491634	139.918424	7	0.506	-0.047	9.449	2.000
1424222502823	37.491636	139.918425	6	0.503	-0.025	9.490	1.952
1424222502923	37.491637	139.918426	6	0.566	0.010	9.418	1.863
1424222503019	37.491639	139.918427	6	0.730	-0.031	9.456	1.781
1424222503120	37.491640	139.918428	6	0.779	-0.029	9.459	1.698
1424222503220	37.491642	139.918429	6	0.713	-0.030	9.410	1.620
1424222503321	37.491643	139.918430	6	0.533	-0.040	9.359	1.544
1424222503422	37.491644	139.918431	6	0.413	-0.016	9.442	1.472
1424222503523	37.491645	139.918432	6	0.335	0.078	9.448	1.403
1424222503623	37.491646	139.918433	6	0.371	0.162	9.459	1.339
1424222503719	37.491647	139.918434	6	0.523	0.065	9.391	1.280
1424222503820	37.491649	139.918434	6	0.577	-0.164	9.415	1.250
1424222503920	37.491650	139.918434	6	0.602	-0.490	9.371	1.250
1424222504021	37.491651	139.918434	6	0.469	-0.630	9.399	1.250
1424222504122	37.491652	139.918434	6	0.445	-0.484	9.438	1.250
1424222504222	37.491653	139.918434	6	0.537	-0.237	9.398	1.250
1424222504323	37.491654	139.918435	6	0.570	-0.141	9.378	1.250
1424222504419	37.491655	139.918435	6	0.482	-0.131	9.437	1.250
1424222504520	37.491656	139.918435	6	0.395	-0.154	9.467	1.250
1424222504620	37.491657	139.918435	6	0.429	-0.080	9.389	1.250
1424222504721	37.491658	139.918435	6	0.514	-0.003	9.363	1.250
1424222504822	37.491660	139.918435	5	0.547	0.021	9.398	1.250
1424222504922	37.491661	139.918435	5	0.545	0.024	9.431	1.250
1424222505023	37.491662	139.918434	5	0.559	0.011	9.384	1.250
1424222505119	37.491663	139.918434	5	0.545	-0.053	9.345	1.250
1424222505219	37.491664	139.918434	5	0.552	-0.171	9.389	1.250
1424222505320	37.491666	139.918433	5	0.571	-0.280	9.425	1.250
1424222505421	37.491667	139.918433	5	0.563	-0.340	9.434	1.250
1424222505522	37.491668	139.918433	5	0.559	-0.391	9.439	1.250
1424222505622	37.491669	139.918432	5	0.570	-0.388	9.391	1.250
1424222505723	37.491670	139.918432	5	0.501	-0.402	9.403	1.250
1424222505819	37.491671	139.918432	4	0.418	-0.429	9.460	1.236
1424222505919	37.491672	139.918432	4	0.370	-0.507	9.463	1.209
1424222506020	37.491673	139.918431	4	0.404	-0.557	9.425	1.182
1424222506121	37.491674	139.918431	4	0.448	-0.585	9.398	1.156
1424222506221	37.491675	139.918431	4	0.439	-0.630	9.406	1.130
1424222506322	37.491676	139.918430	4	0.421	-0.721	9.405	1.105
1424222506423	37.491677	139.918430	4	0.440	-0.830	9.420	1.080
1424222506519	37.491678	139.918430	4	0.446	-0.906	9.431	1.058
1424222506619	37.491679	139.918429	4	0.392	-0.927	9.426	1.034
1424222506720	37.491680	139.918429	4	0.324	-0.721	9.480	1.011
1424222506821	37.491680	139.918429	4	0.328	-0.408	9.452	0.901
1424222506921	37.491679	139.918428	4	0.284	-0.206	9.381	0.721
1424222507022	37.491678	139.918427	4	0.266	-0.162	9.371	0.560
1424222507123	37.491678	139.918427	4	0.333	-0.179	9.399	0.419
1424222507219	37.491677	139.918426	4	0.389	-0.174	9.418	0.304
1424222507319	37.491677	139.918426	4	0.370	-0.155	9.404	0.203
1424222507420	37.491676	139.918425	4	0.304	-0.149	9.405	0.123
1424222507521	37.491676	139.918425	4	0.275	-0.143	9.419	0.062
1424222507621	37.491676	139.918425	4	0.307	-0.155	9.417	0.022
1424222507722	37.491676	139.918425	4	0.332	-0.202	9.402	0.002
1424222637615	37.498085	139.921231	22	0.301	0.199	9.404	9.171
1424222637620	37.498085	139.921230	22	0.299	0.200	9.404	9.173
1424222637721	37.498096	139.921223	22	0.246	0.084	9.376	9.225
1424222637822	37.498106	139.921219	22	0.180	0.126	9.423	9.263
1424222637922	37.498116	139.921220	22	0.160	0.243	9.700	9.288
1424222638023	37.498126	139.921221	22	0.136	0.233	9.563	9.313
1424222638124	37.498135	139.921221	22	0.046	0.121	9.293	9.338
1424222638219	37.498145	139.921222	22	0.112	0.061	9.312	9.361
1424222638319	37.498154	139.921223	22	0.209	0.088	9.340	9.386
1424222638421	37.498165	139.921224	22	0.162	0.088	9.414	9.412
1424222638520	37.498174	139.921224	22	0.110	-0.066	9.551	9.437
1424222638622	37.498184	139.921225	22	0.020	-0.230	9.334	9.463
1424222638721	37.498194	139.921226	22	-0.275	-0.272	9.428	9.488
1424222638819	37.498202	139.921230	18	-0.147	-0.348	9.618	9.462
1424222638919	37.498208	139.921237	18	0.059	-0.200	9.438	9.384
1424222639020	37.498214	139.921245	18	0.142	-0.237	9.341	9.307
1424222639121	37.498220	139.921252	18	0.294	-0.293	9.447	9.230
1424222639222	37.498226	139.921260	18	0.180	-0.196	9.467	9.153
1424222639322	37.498232	139.921267	18	0.144	-0.059	9.334	9.078
1424222639423	37.498237	139.921274	18	0.124	-0.041	8.956	9.003
1424222639519	37.498243	139.921281	18	0.180	-0.322	9.695	8.932
1424222639619	37.498249	139.921288	18	0.240	-0.365	9.752	8.859
1424222639720	37.498254	139.921295	18	0.252	-0.236	9.304	8.786
1424222639821	37.498260	139.921300	18	0.226	-0.223	8.961	8.682
1424222639921	37.498266	139.921302	18	0.307	-0.152	9.157	8.549
1424222640022	37.498272	139.921305	18	0.261	-0.080	9.487	8.417
1424222640123	37.498278	139.921307	18	0.134	-0.172	9.574	8.287
1424222640219	37.498284	139.921309	18	0.210	-0.276	9.450	8.165
1424222640319	37.498289	139.921311	18	0.183	-0.370	9.369	8.040
1424222640420	37.498295	139.921313	18	0.264	-0.448	9.762	7.916
1424222640521	37.498301	139.921315	18	0.078	-0.290	9.588	7.793
1424222640621	37.498306	139.921317	18	0.153	-0.178	9.221	7.674
1424222640722	37.498311	139.921319	18	0.012	-0.093	8.975	7.556
1424222640823	37.498317	139.921321	14	-0.067	-0.110	9.547	7.487
1424222640923	37.498323	139.921323	14	-0.068	-0.296	9.794	7.461
1424222641019	37.498328	139.921325	14	-0.311	-0.501	9.561	7.437
1424222641120	37.498334	139.921327	14	-0.387	-0.415	9.433	7.412
1424222641221	37.498340	139.921329	14	-0.351	-0.408	9.263	7.386
1424222641321	37.498346	139.921331	14	-0.401	-0.419	9.368	7.361
1424222641422	37.498351	139.921332	14	-0.420	-0.398	9.769	7.336
1424222641523	37.498357	139.921334	14	-0.450	-0.387	9.588	7.311
1424222641623	37.498363	139.921336	14	-0.504	-0.428	9.329	7.286
1424222641719	37.498368	139.921338	14	-0.467	-0.408	9.400	7.263
1424222641820	37.498374	139.921340	13	-0.329	-0.386	9.486	7.237
1424222641920	37.498381	139.921343	13	-0.327	-0.243	9.455	7.212
1424222642021	37.498388	139.921345	13	-0.252	-0.355	9.406	7.186
1424222642122	37.498394	139.921347	13	-0.090	-0.447	9.286	7.161
1424222642223	37.498401	139.921350	13	-0.001	-0.537	9.307	7.136
1424222642323	37.498407	139.921352	13	-0.022	-0.662	9.463	7.111
1424222642419	37.498413	139.921354	13	0.051	-0.709	9.589	7.087
1424222642520	37.498420	139.921356	13	-0.024	-0.631	9.217	7.062
1424222642620	37.498426	139.921359	13	-0.004	-0.669	9.146	7.037
1424222642721	37.498433	139.921361	13	0.026	-0.737	9.527	7.012
1424222642822	37.498438	139.921363	13	0.061	-0.815	9.805	6.929
1424222642922	37.498441	139.921365	13	-0.064	-0.669	9.334	6.794
1424222643023	37.498445	139.921367	13	-0.095	-0.640	9.221	6.661
1424222643119	37.498448	139.921369	13	0.032	-0.741	9.400	6.536
1424222643220	37.498452	139.921371	13	0.039	-0.706	9.446	6.407
1424222643320	37.498455	139.921372	13	0.044	-0.710	9.508	6.282
1424222643421	37.498458	139.921374	13	0.093	-0.693	9.432	6.158
1424222643522	37.498461	139.921376	13	0.102	-0.775	9.478	6.037
1424222643622	37.498465	139.921378	13	0.062	-0.845	9.375	5.920
1424222643723	37.498468	139.921379	13	0.024	-0.808	9.354	5.803
1424222643819	37.498471	139.921381	13	0.049	-0.860	9.410	5.711
1424222643919	37.498476	139.921383	13	0.039	-0.829	9.510	5.632
1424222644020	37.498480	139.921384	13	0.068	-0.800	9.433	5.553
1424222644121	37.498485	139.921386	13	0.201	-0.897	9.366	5.475
1424222644222	37.498489	139.921388	13	0.093	-0.977	9.325	5.398
1424222644322	37.498493	139.921390	13	0.084	-1.064	9.437	5.323
1424222644423	37.498498	139.921391	13	0.212	-1.139	9.618	5.248
1424222644519	37.498502	139.921393	13	0.176	-1.197	9.438	5.178
1424222644619	37.498506	139.921395	13	0.166	-1.261	9.354	5.107
1424222644720	37.498510	139.921396	13	0.211	-1.312	9.481	5.035
1424222644821	37.498514	139.921397	13	0.224	-1.288	9.406	4.911
1424222644922	37.498517	139.921398	13	0.330	-1.255	9.414	4.738
1424222645022	37.498521	139.921399	13	0.376	-1.315	9.406	4.572
1424222645123	37.498524	139.921400	13	0.300	-1.333	9.439	4.410
1424222645219	37.498527	139.921401	13	0.229	-1.268	9.526	4.261
1424222645319	37.498530	139.921402	13	0.311	-1.272	9.461	4.111
1424222645420	37.498533	139.921403	13	0.352	-1.312	9.514	3.965
1424222645521	37.498536	139.921403	13	0.329	-1.320	9.642	3.824
1424222645621	37.498538	139.921404	13	0.432	-1.152	9.268	3.690
1424222645722	37.498541	139.921405	13	0.563	-1.100	9.199	3.560
1424222645823	37.498544	139.921405	14	0.555	-1.133	9.499	3.439
1424222645919	37.498548	139.921406	14	0.457	-0.995	9.669	3.330
1424222646019	37.498552	139.921406	14	0.347	-0.708	9.415	3.220
1424222646120	37.498556	139.921406	14	0.328	-0.690	9.322	3.112
1424222646221	37.498559	139.921406	14	0.271	-0.744	9.539	3.008
1424222646321	37.498563	139.921407	14	0.163	-0.709	9.610	2.908
1424222646422	37.498566	139.921407	14	0.067	-0.579	9.458	2.810
1424222646523	37.498569	139.921407	14	0.102	-0.491	9.272	2.716
1424222646619	37.498572	139.921408	14	0.193	-0.516	9.306	2.630
1424222646719	37.498576	139.921408	14	0.129	-0.578	9.388	2.543
1424222646820	37.498578	139.921407	15	0.159	-0.613	9.439	2.487
1424222646921	37.498581	139.921406	15	0.278	-0.613	9.311	2.461
1424222647021	37.498583	139.921405	15	0.389	-0.736	9.316	2.435
1424222647122	37.498586	139.921404	15	0.350	-0.825	9.531	2.409
1424222647223	37.498588	139.921403	15	0.171	-0.560	9.565	2.383
1424222647319	37.498590	139.921402	15	-0.003	-0.170	9.388	2.359
1424222647419	37.498593	139.921401	15	-0.025	0.197	9.337	2.335
1424222647520	37.498595	139.921400	15	-0.077	0.352	9.503	2.310
1424222647621	37.498598	139.921399	15	0.047	0.254	9.437	2.286
1424222647721	37.498600	139.921398	15	0.240	0.174	9.321	2.262
1424222647822	37.498602	139.921396	15	0.378	0.141	9.300	2.250
1424222647923	37.498604	139.921394	15	0.551	0.106	9.451	2.250
1424222648023	37.498606	139.921392	15	0.528	0.120	9.661	2.250
1424222648119	37.498608	139.921390	15	0.375	0.275	9.615	2.250
1424222648220	37.498610	139.921388	15	0.409	0.377	9.181	2.250
1424222648320	37.498613	139.921385	15	0.286	0.166	9.288	2.250
1424222648421	37.498615	139.921383	15	0.145	0.006	9.547	2.250
1424222648522	37.498617	139.921381	15	0.127	0.055	9.505	2.250
1424222648623	37.498619	139.921379	15	0.259	0.161	9.565	2.250
1424222648723	37.498621	139.921377	15	0.157	0.115	9.975	2.250
1424222648819	37.498623	139.921377	15	0.246	0.160	9.452	2.237
1424222648920	37.498624	139.921378	15	0.581	0.180	9.205	2.211
1424222649020	37.498626	139.921380	15	0.776	0.271	9.329	2.185
1424222649121	37.498627	139.921381	15	0.616	0.411	9.218	2.159
1424222649222	37.498629	139.921383	15	0.460	0.217	9.715	2.133
1424222649323	37.498630	139.921384	15	0.601	0.039	9.927	2.108
1424222649423	37.498631	139.921385	15	0.636	0.301	9.396	2.083
1424222649519	37.498633	139.921387	15	0.630	0.651	9.129	2.060
1424222684616	37.498105	139.923420	13	0.478	0.838	9.297	3.573
1424222684621	37.498105	139.923421	13	0.462	0.832	9.308	3.570
1424222684722	37.498105	139.923424	13	0.246	0.483	9.602	3.522
1424222684822	37.498104	139.923428	13	0.059	0.075	9.372	3.440
1424222684923	37.498102	139.923430	13	0.036	-0.213	9.237	3.325
1424222685019	37.498100	139.923433	13	0.067	-0.295	9.434	3.220
1424222685119	37.498098	139.923436	13	0.042	-0.256	9.560	3.113
1424222685220	37.498097	139.923438	13	0.108	-0.205	9.374	3.009
1424222685321	37.498095	139.923441	13	0.151	-0.194	9.290	2.908
1424222685421	37.498093	139.923443	13	0.227	-0.217	9.418	2.811
1424222685522	37.498092	139.923446	13	0.195	-0.236	9.443	2.717
1424222685623	37.498090	139.923448	13	0.146	-0.267	9.467	2.626
1424222685719	37.498089	139.923450	13	0.115	-0.236	9.461	2.543
1424222685819	37.498089	139.923452	13	0.141	-0.224	9.469	2.473
1424222685920	37.498090	139.923453	13	0.093	-0.240	9.517	2.418
1424222686021	37.498091	139.923455	13	0.028	-0.188	9.426	2.364
1424222686121	37.498092	139.923457	13	0.056	-0.131	9.303	2.312
1424222686222	37.498093	139.923458	13	0.060	-0.162	9.446	2.260
1424222686323	37.498094	139.923460	13	0.052	-0.187	9.501	2.210
1424222686424	37.498095	139.923461	13	0.072	-0.152	9.366	2.160
1424222686519	37.498096	139.923463	13	0.107	-0.168	9.427	2.115
1424222686620	37.498098	139.923464	13	0.103	-0.133	9.471	2.068
1424222686721	37.498099	139.923465	13	0.050	-0.080	9.348	2.022
1424222686821	37.498098	139.923468	13	0.021	-0.113	9.413	2.023
1424222686922	37.498096	139.923471	13	-0.048	-0.190	9.540	2.069
1424222687023	37.498095	139.923475	13	-0.055	-0.193	9.467	2.116
1424222687123	37.498093	139.923478	13	-0.007	-0.118	9.348	2.164
1424222687219	37.498091	139.923482	13	0.097	-0.081	9.351	2.211
1424222687320	37.498089	139.923486	13	0.113	-0.135	9.475	2.261
1424222687420	37.498087	139.923490	13	0.132	-0.142	9.384	2.312
1424222687521	37.498085	139.923494	13	0.192	-0.141	9.251	2.365
1424222687622	37.498083	139.923498	13	0.140	-0.217	9.447	2.419
1424222687723	37.498081	139.923502	13	0.068	-0.284	9.549	2.474
1424222687823	37.498080	139.923506	14	0.033	-0.251	9.328	2.388
1424222687919	37.498079	139.923510	14	0.022	-0.266	9.404	2.195
1424222688020	37.498079	139.923514	14	0.019	-0.302	9.520	2.004
1424222688120	37.498079	139.923518	14	0.045	-0.305	9.399	1.829
1424222688221	37.498078	139.923521	14	0.117	-0.284	9.304	1.664
1424222688322	37.498078	139.923524	14	0.186	-0.298	9.421	1.513
1424222688423	37.498078	139.923527	14	0.163	-0.356	9.541	1.375
1424222688523	37.498078	139.923530	14	0.092	-0.351	9.442	1.251
1424222688619	37.498077	139.923532	14	0.075	-0.377	9.369	1.144
1424222688720	37.498077	139.923534	14	0.073	-0.392	9.450	1.044
1424222688820	37.498076	139.923536	14	0.035	-0.428	9.477	0.986
1424222688921	37.498074	139.923538	14	0.035	-0.426	9.394	0.958
1424222689022	37.498073	139.923540	14	0.133	-0.495	9.482	0.930
1424222689122	37.498071	139.923542	14	0.251	-0.499	9.507	0.904
1424222689223	37.498069	139.923544	14	0.263	-0.454	9.349	0.878
1424222689319	37.498068	139.923546	14	0.216	-0.460	9.303	0.854
1424222689420	37.498066	139.923548	14	0.207	-0.468	9.369	0.829
1424222689520	37.498065	139.923550	14	0.261	-0.494	9.459	0.806
1424222689621	37.498063	139.923552	14	0.266	-0.519	9.500	0.783
1424222689722	37.498062	139.923553	14	0.238	-0.510	9.415	0.760
1424222689822	37.498061	139.923554	14	0.208	-0.513	9.378	0.735
1424222689923	37.498061	139.923554	14	0.159	-0.529	9.457	0.705
1424222690019	37.498061	139.923555	14	0.093	-0.490	9.483	0.678
1424222690119	37.498061	139.923555	14	0.042	-0.397	9.423	0.651
1424222690220	37.498061	139.923555	14	0.006	-0.292	9.399	0.625
1424222690321	37.498060	139.923555	14	0.011	-0.213	9.421	0.600
1424222690422	37.498060	139.923555	14	0.038	-0.157	9.413	0.576
1424222690522	37.498060	139.923556	14	0.058	-0.116	9.401	0.553
1424222690623	37.498060	139.923556	14	0.069	-0.110	9.400	0.530
1424222690719	37.498060	139.923556	14	0.052	-0.132	9.416	0.510
1424222690819	37.498061	139.923556	16	0.034	-0.157	9.421	0.510
1424222690920	37.498062	139.923556	16	0.016	-0.168	9.423	0.531
1424222691021	37.498064	139.923556	16	0.011	-0.179	9.416	0.553
1424222691122	37.498066	139.923557	16	-0.002	-0.128	9.429	0.577
1424222691222	37.498067	139.923557	16	-0.037	0.056	9.449	0.601
1424222691323	37.498069	139.923557	16	-0.099	0.282	9.423	0.626
1424222691419	37.498071	139.923557	16	-0.144	0.439	9.368	0.651
1424222691524	37.498073	139.923557	16	-0.150	0.461	9.342	0.679
1424222725619	37.497583	139.923483	11	-0.119	0.371	9.369	4.500
1424222725720	37.497579	139.923481	11	-0.091	0.016	9.433	4.500
1424222725820	37.497575	139.923479	11	-0.164	-0.131	9.393	4.487
1424222725921	37.497571	139.923477	11	-0.179	-0.286	9.498	4.461
1424222726022	37.497567	139.923475	11	-0.103	-0.326	9.522	4.436
1424222726123	37.497563	139.923473	11	0.060	-0.298	9.413	4.410
1424222726223	37.497559	139.923471	11	0.151	-0.279	9.401	4.385
1424222726319	37.497555	139.923469	11	0.092	-0.223	9.394	4.361
1424222726420	37.497551	139.923467	11	0.110	-0.225	9.533	4.336
1424222726520	37.497548	139.923465	11	0.000	-0.314	9.455	4.311
1424222726621	37.497544	139.923463	11	-0.195	-0.364	9.374	4.286
1424222726722	37.497540	139.923461	11	-0.296	-0.355	9.485	4.262
1424222726823	37.497536	139.923459	11	-0.286	-0.334	9.380	4.250
1424222726923	37.497533	139.923457	11	-0.188	-0.308	9.454	4.250
1424222727019	37.497529	139.923455	11	-0.075	-0.311	9.509	4.250
1424222727120	37.497526	139.923453	11	-0.040	-0.278	9.463	4.250
1424222727220	37.497522	139.923451	11	0.064	-0.246	9.402	4.250
1424222727321	37.497519	139.923449	11	-0.030	-0.211	9.362	4.250
1424222727422	37.497515	139.923447	11	-0.068	-0.163	9.311	4.250
1424222727522	37.497512	139.923445	11	-0.190	-0.175	9.426	4.250
1424222727623	37.497508	139.923443	11	-0.282	-0.219	9.410	4.250
1424222727719	37.497505	139.923441	11	-0.298	-0.200	9.352	4.250
1424222727820	37.497501	139.923439	10	-0.322	-0.179	9.487	4.209
1424222727920	37.497498	139.923437	10	-0.258	-0.221	9.587	4.128
1424222728021	37.497495	139.923435	10	-0.202	-0.262	9.408	4.048
1424222728122	37.497492	139.923433	10	-0.181	-0.323	9.373	3.969
1424222728222	37.497489	139.923431	10	-0.177	-0.344	9.445	3.893
1424222728323	37.497486	139.923429	10	-0.185	-0.354	9.389	3.817
1424222728419	37.497483	139.923427	10	-0.191	-0.367	9.391	3.747
1424222728520	37.497480	139.923425	10	-0.197	-0.390	9.408	3.674
1424222728620	37.497477	139.923424	10	-0.238	-0.412	9.453	3.603
1424222728721	37.497474	139.923422	10	-0.244	-0.384	9.417	3.533
1424222728822	37.497472	139.923420	10	-0.173	-0.343	9.337	3.500
1424222728922	37.497469	139.923418	10	-0.114	-0.325	9.383	3.500
1424222729023	37.497466	139.923416	10	-0.166	-0.294	9.310	3.500
1424222729119	37.497463	139.923414	10	-0.177	-0.267	9.400	3.500
1424222729219	37.497460	139.923412	10	-0.139	-0.268	9.618	3.500
1424222729320	37.497458	139.923411	10	-0.203	-0.224	9.441	3.500
1424222729421	37.497455	139.923409	10	-0.165	-0.230	9.303	3.500
1424222729521	37.497452	139.923407	10	-0.092	-0.332	9.396	3.500
1424222729622	37.497449	139.923405	10	-0.044	-0.438	9.440	3.500
1424222729723	37.497446	139.923403	10	-0.019	-0.469	9.361	3.500
1424222729819	37.497444	139.923401	10	0.039	-0.497	9.454	3.487
1424222729919	37.497441	139.923399	10	0.099	-0.526	9.507	3.462
1424222730020	37.497438	139.923397	10	0.090	-0.543	9.469	3.436
1424222730121	37.497436	139.923395	10	0.078	-0.534	9.403	3.410
1424222730221	37.497433	139.923393	10	0.119	-0.518	9.424	3.385
1424222730322	37.497430	139.923391	10	0.156	-0.497	9.485	3.360
1424222730423	37.497428	139.923389	10	0.137	-0.487	9.437	3.335
1424222730519	37.497425	139.923388	10	0.084	-0.471	9.375	3.311
1424222730619	37.497423	139.923386	10	0.122	-0.417	9.509	3.287
1424222730720	37.497420	139.923384	10	0.235	-0.418	9.469	3.262
1424222730821	37.497418	139.923382	10	0.277	-0.341	9.399	3.237
1424222730921	37.497415	139.923380	10	0.264	-0.262	9.325	3.211
1424222731022	37.497413	139.923378	10	0.264	-0.229	9.371	3.185
1424222731123	37.497411	139.923376	10	0.318	-0.279	9.497	3.159
1424222731219	37.497408	139.923374	10	0.386	-0.346	9.532	3.135
1424222731319	37.497406	139.923372	10	0.333	-0.436	9.388	3.110
1424222731420	37.497404	139.923370	10	0.280	-0.487	9.418	3.085
1424222731521	37.497402	139.923368	10	0.262	-0.506	9.454	3.060
1424222731621	37.497399	139.923366	10	0.225	-0.399	9.499	3.036
1424222731722	37.497397	139.923364	10	0.152	-0.193	9.429	3.012
1424222731823	37.497395	139.923363	11	0.094	-0.045	9.419	2.917
1424222731923	37.497394	139.923362	11	0.073	0.176	9.406	2.766
1424222732019	37.497393	139.923361	11	0.085	0.318	9.362	2.627
1424222732120	37.497392	139.923361	11	0.105	0.330	9.374	2.488
1424222732220	37.497391	139.923360	11	0.142	0.247	9.441	2.356
1424222732321	37.497390	139.923359	11	0.223	0.208	9.459	2.230
1424222732422	37.497389	139.923359	11	0.332	0.284	9.396	2.110
1424222732523	37.497388	139.923358	11	0.288	0.341	9.430	1.998
1424222732623	37.497387	139.923358	11	0.363	0.343	9.405	1.893
1424222732719	37.497386	139.923357	11	0.356	0.294	9.435	1.798
1424222732820	37.497386	139.923356	11	0.401	0.239	9.449	1.750
1424222732920	37.497385	139.923355	11	0.411	0.237	9.397	1.750
1424222733021	37.497384	139.923354	11	0.323	0.269	9.447	1.750
1424222733122	37.497383	139.923353	11	0.349	0.271	9.353	1.750
1424222733222	37.497382	139.923352	11	0.326	0.199	9.361	1.750
1424222733323	37.497381	139.923351	11	0.324	0.085	9.380	1.750
1424222733419	37.497380	139.923350	11	0.277	0.020	9.349	1.750
1424222733520	37.497379	139.923349	11	0.288	-0.014	9.364	1.750
1424222733620	37.497378	139.923348	11	0.294	-0.081	9.470	1.750
1424222733721	37.497377	139.923347	11	0.319	-0.262	9.438	1.750
1424222733822	37.497377	139.923346	11	0.438	-0.482	9.351	1.750
1424222733922	37.497376	139.923345	11	0.458	-0.531	9.565	1.750
1424222734023	37.497376	139.923344	11	0.405	-0.366	9.561	1.750
1424222734119	37.497375	139.923344	11	0.323	-0.199	9.341	1.750
1424222734225	37.497375	139.923343	11	0.281	-0.190	9.358	1.750
1424222734320	37.497374	139.923342	11	0.223	-0.154	9.456	1.750
1424222734419	37.497374	139.923341	11	0.096	-0.056	9.366	1.750
1424222734522	37.497373	139.923341	11	0.135	-0.058	9.397	1.750
1424222734621	37.497373	139.923340	11	0.181	-0.078	9.387	1.750
1424222734723	37.497372	139.923339	11	0.168	-0.056	9.384	1.750
1424222734819	37.497372	139.923338	11	0.134	-0.000	9.386	1.737
1424222734919	37.497372	139.923337	11	0.263	0.045	9.395	1.710
1424222735020	37.497372	139.923335	11	0.426	0.052	9.409	1.684
1424222735121	37.497372	139.923334	11	0.544	-0.045	9.478	1.658
1424222735222	37.497372	139.923332	11	0.582	-0.143	9.535	1.632
1424222735322	37.497372	139.923331	11	0.552	-0.187	9.563	1.607
1424222735423	37.497372	139.923330	11	0.547	-0.269	9.262	1.582
1424222735519	37.497372	139.923328	11	0.571	-0.526	9.177	1.559
1424222735619	37.497372	139.923327	11	0.391	-0.718	9.459	1.535
1424222735720	37.497372	139.923326	11	0.243	-0.541	9.455	1.512
1424222735821	37.497372	139.923324	11	0.110	-0.370	9.333	1.500
1424222735922	37.497373	139.923322	11	-0.096	-0.383	9.374	1.500
1424222736022	37.497374	139.923321	11	-0.330	-0.471	9.398	1.500
1424222736123	37.497374	139.923319	11	-0.370	-0.597	9.494	1.500
1424222736219	37.497375	139.923317	11	-0.232	-0.580	9.516	1.500
1424222736319	37.497375	139.923316	11	-0.120	-0.440	9.445	1.500
1424222736420	37.497376	139.923314	11	-0.014	-0.332	9.554	1.500
1424222736521	37.497377	139.923312	11	0.102	-0.235	9.530	1.500
1424222736621	37.497377	139.923311	11	0.164	-0.165	9.385	1.500
1424222736722	37.497378	139.923309	11	0.086	-0.143	9.384	1.500
1424222736823	37.497378	139.923307	11	0.040	-0.126	9.456	1.500
1424222736919	37.497379	139.923305	11	0.046	-0.189	9.584	1.500
1424222737019	37.497380	139.923304	11	0.077	-0.187	9.507	1.500
1424222737120	37.497381	139.923302	11	0.002	-0.029	9.215	1.500
1424222737221	37.497382	139.923300	11	-0.098	0.219	9.253	1.500
1424222737321	37.497383	139.923298	11	-0.185	0.390	9.395	1.500
1424222737422	37.497384	139.923296	11	-0.198	0.312	9.357	1.500
1424222737523	37.497385	139.923294	11	-0.287	0.192	9.467	1.500
1424222763616	37.497708	139.921658	12	-0.408	0.278	9.482	6.144
1424222763621	37.497708	139.921657	12	-0.403	0.283	9.486	6.139
1424222763722	37.497709	139.921650	12	-0.463	0.175	9.294	6.044
1424222763823	37.497710	139.921643	12	-0.146	-0.130	9.551	6.013
1424222763923	37.497712	139.921636	12	0.169	-0.100	9.460	6.038
1424222764019	37.497714	139.921629	12	0.273	-0.099	9.309	6.061
1424222764120	37.497716	139.921621	12	0.186	0.056	9.284	6.086
1424222764220	37.497718	139.921614	12	0.192	0.098	9.372	6.111
1424222764321	37.497720	139.921607	12	0.061	0.038	9.382	6.136
1424222764422	37.497722	139.921599	12	0.054	0.022	9.654	6.162
1424222764523	37.497724	139.921592	12	0.055	-0.007	9.570	6.187
1424222764623	37.497726	139.921584	12	0.059	0.119	9.118	6.213
1424222764719	37.497728	139.921577	12	0.127	0.059	9.269	6.237
1424222764820	37.497729	139.921569	13	0.127	-0.022	9.640	6.250
1424222764920	37.497729	139.921561	13	0.209	-0.196	9.576	6.250
1424222765021	37.497730	139.921553	13	0.124	-0.154	9.437	6.250
1424222765122	37.497730	139.921546	13	-0.019	-0.032	9.268	6.250
1424222765222	37.497730	139.921538	13	-0.034	-0.203	9.261	6.250
1424222765323	37.497731	139.921530	13	-0.004	-0.131	9.230	6.250
1424222765419	37.497731	139.921522	13	-0.044	-0.081	9.134	6.250
1424222765520	37.497731	139.921515	13	0.042	-0.193	9.622	6.250
1424222765620	37.497732	139.921507	13	0.108	-0.430	9.991	6.250
1424222765721	37.497732	139.921499	13	0.004	-0.439	9.439	6.250
1424222765822	37.497733	139.921492	13	0.190	-0.226	9.169	6.237
1424222765923	37.497735	139.921485	13	0.024	-0.252	9.399	6.211
1424222766023	37.497737	139.921478	13	-0.269	-0.303	9.288	6.186
1424222766119	37.497739	139.921472	13	-0.297	-0.358	9.561	6.162
1424222766220	37.497742	139.921465	13	-0.230	-0.221	9.786	6.136
1424222766320	37.497744	139.921458	13	-0.159	-0.108	9.521	6.111
1424222766421	37.497746	139.921452	13	-0.028	-0.160	9.300	6.086
1424222766522	37.497748	139.921445	13	0.112	-0.266	9.325	6.061
1424222766622	37.497750	139.921439	13	0.244	-0.209	9.101	6.036
1424222766723	37.497752	139.921432	13	0.063	-0.420	9.402	6.012
1424222766819	37.497754	139.921426	13	-0.134	-0.589	9.936	5.988
1424222766919	37.497755	139.921420	13	0.011	-0.621	9.550	5.962
1424222767020	37.497756	139.921415	13	0.046	-0.623	9.297	5.937
1424222767121	37.497757	139.921409	13	0.104	-0.632	9.323	5.911
1424222767222	37.497758	139.921403	13	0.162	-0.598	9.499	5.886
1424222767322	37.497759	139.921397	13	0.274	-0.608	9.359	5.861
1424222767423	37.497760	139.921391	13	0.281	-0.506	9.290	5.836
1424222767519	37.497761	139.921386	13	0.163	-0.501	9.414	5.812
1424222767619	37.497762	139.921380	13	0.030	-0.705	9.668	5.787
1424222767720	37.497763	139.921375	13	0.009	-0.784	9.407	5.762
1424222767821	37.497764	139.921371	14	0.139	-0.726	9.350	5.646
1424222767922	37.497766	139.921368	14	0.219	-0.719	9.464	5.444
1424222768022	37.497768	139.921365	14	0.271	-0.717	9.474	5.250
1424222768123	37.497770	139.921363	14	0.365	-0.712	9.350	5.061
1424222768219	37.497771	139.921360	14	0.384	-0.732	9.336	4.887
1424222768319	37.497773	139.921358	14	0.369	-0.770	9.435	4.711
1424222768420	37.497775	139.921355	14	0.428	-0.756	9.509	4.541
1424222768521	37.497776	139.921353	14	0.356	-0.688	9.360	4.377
1424222768621	37.497778	139.921351	14	0.442	-0.718	9.345	4.221
1424222768722	37.497779	139.921349	14	0.299	-0.791	9.389	4.070
1424222768823	37.497781	139.921346	14	0.178	-0.823	9.418	3.972
1424222768923	37.497782	139.921341	14	0.187	-0.908	9.550	3.919
1424222769019	37.497783	139.921337	14	0.218	-0.897	9.437	3.869
1424222769120	37.497785	139.921332	14	0.155	-1.008	9.659	3.817
1424222769221	37.497786	139.921328	14	0.161	-0.936	9.453	3.766
1424222769321	37.497787	139.921324	14	0.143	-0.890	9.320	3.716
1424222769422	37.497789	139.921319	14	0.290	-0.941	9.308	3.666
1424222769523	37.497790	139.921315	14	0.296	-1.023	9.508	3.617
1424222769623	37.497791	139.921311	14	0.316	-1.065	9.680	3.569
1424222769719	37.497792	139.921307	14	0.410	-0.966	9.388	3.524
1424222769820	37.497793	139.921303	12	0.463	-0.987	9.305	3.406
1424222769920	37.497794	139.921301	12	0.286	-1.071	9.560	3.223
1424222770021	37.497795	139.921298	12	0.153	-1.069	9.438	3.047
1424222770122	37.497795	139.921295	12	0.267	-1.177	9.620	2.879
1424222770223	37.497796	139.921293	12	0.174	-1.198	9.477	2.719
1424222770323	37.497796	139.921290	12	0.133	-1.132	9.409	2.569
1424222770419	37.497797	139.921288	12	0.204	-1.104	9.433	2.433
1424222770520	37.497797	139.921286	12	0.266	-1.032	9.302	2.298
1424222770620	37.497797	139.921284	12	0.237	-0.874	9.303	2.173
1424222770721	37.497798	139.921282	12	0.193	-0.763	9.590	2.054
1424222770822	37.497798	139.921281	12	0.204	-0.626	9.527	1.952
1424222770923	37.497797	139.921280	12	0.128	-0.508	9.304	1.863
1424222771023	37.497796	139.921280	12	0.018	-0.472	9.327	1.778
1424222771119	37.497796	139.921280	12	0.041	-0.500	9.534	1.699
1424222771220	37.497795	139.921279	12	0.186	-0.521	9.612	1.620
1424222771320	37.497794	139.921279	12	0.293	-0.476	9.443	1.545
1424222771421	37.497794	139.921279	12	0.311	-0.494	9.302	1.472
1424222771522	37.497793	139.921279	12	0.310	-0.659	9.420	1.404
1424222771622	37.497793	139.921278	12	0.305	-0.809	9.609	1.339
1424222771723	37.497792	139.921278	12	0.269	-0.858	9.475	1.277
1424222771819	37.497793	139.921277	12	0.246	-0.867	9.361	1.170
1424222771920	37.497794	139.921276	12	0.194	-0.974	9.422	1.015
1424222772020	37.497795	139.921275	12	0.029	-1.008	9.387	0.875
1424222772121	37.497796	139.921274	12	-0.053	-0.953	9.382	0.747
1424222772222	37.497796	139.921274	12	-0.015	-0.846	9.446	0.633
1424222772322	37.497797	139.921273	12	-0.064	-0.696	9.460	0.533
1424222772423	37.497798	139.921272	12	-0.158	-0.599	9.434	0.446
1424222772519	37.497798	139.921272	12	-0.185	-0.469	9.420	0.376
1424222772619	37.497799	139.921271	12	-0.089	-0.318	9.419	0.316
1424222772720	37.497799	139.921271	12	-0.043	-0.208	9.386	0.268
1424222772821	37.497799	139.921271	11	-0.105	-0.167	9.375	0.225
1424222772922	37.497798	139.921271	11	-0.175	-0.161	9.406	0.180
1424222773023	37.497797	139.921271	11	-0.174	-0.143	9.418	0.140
1424222773123	37.497797	139.921272	11	-0.159	-0.103	9.410	0.105
1424222773219	37.497796	139.921272	11	-0.190	-0.092	9.406	0.076
1424222773319	37.497796	139.921272	11	-0.256	-0.093	9.414	0.051
1424222773420	37.497795	139.921272	11	-0.264	-0.082	9.423	0.031
1424222773521	37.497795	139.921272	11	-0.226	-0.037	9.408	0.016
1424222773622	37.497795	139.921272	11	-0.223	0.007	9.388	0.005
1424222773722	37.497795	139.921272	11	-0.253	0.027	9.390	0.001
1424222779619	37.497814	139.921196	10	-0.242	0.065	9.395	1.250
1424222779719	37.497815	139.921195	10	-0.179	-0.050	9.373	1.250
1424222779820	37.497815	139.921193	10	-0.170	-0.128	9.316	1.236
1424222779921	37.497815	139.921192	10	-0.201	-0.176	9.349	1.209
1424222780021	37.497815	139.921190	10	-0.139	-0.377	9.439	1.182
1424222780122	37.497815	139.921189	10	0.043	-0.606	9.482	1.156
1424222780223	37.497815	139.921188	10	0.224	-0.799	9.491	1.130
1424222780319	37.497815	139.921187	10	0.323	-0.883	9.439	1.106
1424222780419	37.497815	139.921185	10	0.312	-0.912	9.398	1.081
1424222780520	37.497815	139.921184	10	0.206	-0.958	9.411	1.057
1424222780621	37.497815	139.921183	10	0.115	-1.027	9.436	1.034
1424222780721	37.497815	139.921182	10	0.035	-0.895	9.496	1.011
1424222780822	37.497813	139.921181	10	-0.076	-0.413	9.533	0.899
1424222780923	37.497811	139.921180	10	-0.204	0.075	9.413	0.717
1424222781019	37.497808	139.921179	10	-0.253	0.295	9.342	0.564
1424222781119	37.497806	139.921179	10	-0.165	0.240	9.350	0.424
1424222781220	37.497805	139.921178	10	-0.029	0.091	9.401	0.302
1424222781321	37.497803	139.921178	10	0.007	0.019	9.430	0.202
1424222781421	37.497802	139.921177	10	-0.023	0.068	9.397	0.122
1424222781522	37.497801	139.921177	10	-0.078	0.166	9.393	0.062
1424222781623	37.497800	139.921177	10	-0.119	0.164	9.386	0.022
1424222781723	37.497800	139.921177	10	-0.140	0.108	9.416	0.002
1424222817616	37.498575	139.921421	15	-0.123	0.110	9.407	5.574
1424222817621	37.498575	139.921421	15	-0.120	0.107	9.416	5.572
1424222817722	37.498579	139.921420	15	-0.049	-0.158	9.658	5.523
1424222817822	37.498583	139.921417	18	-0.078	-0.293	9.803	5.487
1424222817923	37.498587	139.921412	18	-0.327	-0.115	9.175	5.461
1424222818019	37.498591	139.921406	18	-0.381	-0.002	9.095	5.437
1424222818119	37.498595	139.921401	18	-0.208	-0.097	9.155	5.411
1424222818220	37.498599	139.921395	18	-0.214	-0.112	9.411	5.386
1424222818321	37.498603	139.921390	18	-0.057	0.075	9.296	5.361
1424222818421	37.498607	139.921385	18	0.175	0.125	9.391	5.336
1424222818522	37.498611	139.921379	18	0.153	0.079	9.521	5.311
1424222818623	37.498615	139.921374	18	0.057	-0.186	9.653	5.286
1424222818719	37.498619	139.921369	18	-0.159	-0.576	10.158	5.262
1424222818819	37.498623	139.921365	18	-0.238	-0.297	9.551	5.237
1424222818920	37.498627	139.921364	18	-0.403	-0.067	9.133	5.212
1424222819021	37.498631	139.921363	18	-0.285	0.012	9.184	5.186
1424222819121	37.498636	139.921361	18	0.003	0.126	9.227	5.161
1424222819222	37.498640	139.921360	18	0.201	0.267	9.145	5.135
1424222819323	37.498644	139.921359	18	0.193	0.319	9.200	5.110
1424222819424	37.498648	139.921357	18	0.290	0.315	9.697	5.085
1424222819519	37.498652	139.921356	18	0.090	-0.029	9.942	5.062
1424222830617	37.499140	139.921593	12	-0.116	-0.158	9.355	4.287
1424222830622	37.499140	139.921594	12	-0.099	-0.155	9.363	4.286
1424222830723	37.499143	139.921596	12	0.258	-0.172	9.158	4.261
1424222830819	37.499147	139.921599	13	0.232	-0.079	9.383	4.262
1424222830919	37.499151	139.921602	13	0.060	-0.165	9.656	4.286
1424222831020	37.499155	139.921606	13	0.101	-0.413	9.783	4.311
1424222831121	37.499159	139.921609	13	0.113	-0.473	9.375	4.336
1424222831221	37.499163	139.921613	13	0.015	-0.385	9.345	4.361
1424222831322	37.499167	139.921616	13	-0.102	-0.243	9.367	4.386
1424222831423	37.499171	139.921620	13	-0.144	-0.333	9.514	4.412
1424222831519	37.499175	139.921623	13	-0.070	-0.442	9.548	4.436
1424222831619	37.499179	139.921627	13	0.083	-0.428	9.548	4.461
1424222831720	37.499183	139.921630	13	0.146	-0.238	9.289	4.487
1424222831821	37.499188	139.921633	13	0.184	-0.094	9.353	4.473
1424222831921	37.499192	139.921634	13	0.130	-0.075	9.364	4.421
1424222832022	37.499197	139.921636	13	0.041	-0.190	9.375	4.368
1424222832123	37.499202	139.921637	13	-0.068	-0.327	9.474	4.317
1424222832224	37.499207	139.921639	13	-0.077	-0.390	9.471	4.266
1424222832319	37.499211	139.921640	13	-0.079	-0.281	9.416	4.218
1424222832420	37.499216	139.921641	13	-0.130	-0.138	9.487	4.168
1424222832521	37.499221	139.921643	13	-0.104	-0.123	9.505	4.119
1424222832621	37.499225	139.921644	13	-0.015	-0.222	9.365	4.071
1424222832722	37.499230	139.921645	13	0.009	-0.262	9.419	4.023
1424222832823	37.499234	139.921647	12	0.057	-0.226	9.434	4.000
1424222832923	37.499238	139.921649	12	0.042	-0.201	9.409	4.000
1424222833019	37.499242	139.921651	12	-0.033	-0.187	9.366	4.000
1424222833120	37.499246	139.921653	12	-0.109	-0.169	9.431	4.000
1424222833220	37.499250	139.921655	12	-0.003	-0.157	9.531	4.000
1424222833321	37.499254	139.921658	12	-0.048	-0.212	9.488	4.000
1424222833422	37.499258	139.921660	12	-0.026	-0.161	9.311	4.000
1424222833523	37.499262	139.921662	12	0.107	-0.096	9.290	4.000
1424222833623	37.499266	139.921664	12	0.015	-0.112	9.381	4.000
1424222833724	37.499270	139.921666	12	0.092	-0.150	9.506	4.000
1424222833820	37.499273	139.921667	13	0.032	-0.105	9.521	3.973
1424222833919	37.499276	139.921666	13	0.003	-0.068	9.431	3.921
1424222834021	37.499278	139.921665	13	0.046	-0.085	9.484	3.868
1424222834120	37.499281	139.921664	13	-0.000	-0.082	9.305	3.817
1424222834223	37.499283	139.921663	13	-0.116	-0.117	9.488	3.765
1424222834322	37.499286	139.921662	13	-0.091	-0.034	9.365	3.716
1424222834419	37.499288	139.921662	13	0.048	-0.006	9.449	3.668
1424222834520	37.499290	139.921661	13	0.024	-0.003	9.379	3.619
1424222836619	37.499338	139.921675	12	0.011	0.078	9.371	3.036
1424222836720	37.499341	139.921676	12	0.109	-0.142	9.348	3.012
1424222836821	37.499343	139.921677	12	0.121	-0.342	9.398	2.972
1424222836922	37.499345	139.921676	12	0.045	-0.518	9.471	2.918
1424222837022	37.499347	139.921676	12	0.070	-0.499	9.316	2.865
1424222837123	37.499348	139.921675	12	0.079	-0.432	9.299	2.813
1424222837219	37.499350	139.921675	12	0.055	-0.479	9.562	2.764
1424222837319	37.499352	139.921675	12	0.106	-0.597	9.656	2.714
1424222837420	37.499353	139.921674	12	0.079	-0.551	9.291	2.665
1424222837521	37.499355	139.921674	12	0.053	-0.467	9.106	2.616
1424222837621	37.499357	139.921674	12	0.368	-0.626	9.645	2.569
1424222837722	37.499358	139.921673	12	0.639	-0.772	9.731	2.522
1424222837823	37.499359	139.921672	12	0.518	-0.811	9.356	2.327
1424222837919	37.499358	139.921671	12	0.378	-0.828	9.237	2.033
1424222838019	37.499358	139.921670	12	0.352	-0.889	9.418	1.753
1424222838120	37.499357	139.921668	12	0.326	-1.000	9.645	1.497
1424222838221	37.499357	139.921667	12	0.082	-0.849	9.370	1.268
1424222838321	37.499356	139.921667	12	-0.096	-0.679	9.251	1.068
1424222838422	37.499356	139.921666	12	-0.079	-0.391	9.393	0.893
1424222838523	37.499355	139.921665	12	0.092	-0.188	9.393	0.746
1424222838619	37.499355	139.921665	12	0.230	-0.166	9.465	0.631
1424222838719	37.499355	139.921664	12	0.185	-0.166	9.440	0.537
1424222838820	37.499355	139.921664	12	0.020	-0.121	9.277	0.500
1424222838921	37.499356	139.921664	12	-0.039	-0.228	9.383	0.500
1424222839021	37.499357	139.921664	12	0.048	-0.406	9.611	0.500
1424222839122	37.499357	139.921664	12	0.159	-0.704	9.795	0.500
1424222839223	37.499358	139.921664	12	0.239	-0.711	9.693	0.500
1424222839323	37.499359	139.921663	12	0.127	-0.367	9.229	0.500
1424222839419	37.499360	139.921663	12	-0.029	-0.074	9.151	0.500
1424222839520	37.499360	139.921663	12	-0.117	0.062	9.331	0.500
1424222839620	37.499361	139.921663	12	-0.165	0.038	9.473	0.500
1424222839721	37.499362	139.921663	12	-0.171	-0.043	9.432	0.500
1424222839822	37.499362	139.921663	10	-0.216	-0.117	9.361	0.500
1424222839923	37.499363	139.921663	10	-0.164	-0.158	9.416	0.500
1424222840023	37.499363	139.921662	10	-0.027	-0.253	9.491	0.500
1424222840119	37.499364	139.921662	10	0.123	-0.360	9.495	0.500
1424222840220	37.499364	139.921662	10	0.154	-0.349	9.469	0.500
1424222840320	37.499365	139.921661	10	0.041	-0.269	9.430	0.500
1424222840421	37.499365	139.921661	10	-0.145	-0.154	9.350	0.500
1424222840522	37.499366	139.921661	10	-0.239	-0.240	9.563	0.500
1424222863619	37.499815	139.920444	15	-0.139	-0.405	9.618	6.962
1424222863720	37.499818	139.920437	15	-0.153	0.209	7.999	6.987
1424222863821	37.499820	139.920429	12	-0.021	0.358	8.015	6.987
1424222863921	37.499823	139.920422	12	0.090	0.120	9.642	6.962
1424222864022	37.499825	139.920414	12	0.232	-0.134	10.770	6.936
1424222864123	37.499827	139.920407	12	0.325	-0.146	10.301	6.911
1424222864223	37.499830	139.920399	12	0.426	-0.488	9.465	6.886
1424222864319	37.499832	139.920392	12	0.104	-0.635	8.967	6.862
1424222864420	37.499834	139.920385	12	0.025	-0.183	9.325	6.836
1424222864521	37.499836	139.920377	12	-0.025	0.443	9.702	6.811
1424222871615	37.499981	139.919874	15	-0.057	0.706	9.424	6.361
1424222871621	37.499981	139.919874	15	-0.055	0.702	9.407	6.356
1424222871721	37.499983	139.919870	15	-0.035	0.361	9.665	6.285
1424222871822	37.499985	139.919864	15	-0.002	0.006	9.948	6.263
1424222871923	37.499986	139.919856	15	0.055	-0.088	9.650	6.288
1424222872023	37.499986	139.919849	15	0.021	-0.044	9.240	6.312
1424222872119	37.499987	139.919841	15	0.073	-0.173	9.264	6.336
1424222872220	37.499988	139.919834	15	0.134	-0.263	9.495	6.361
1424222872320	37.499989	139.919826	15	-0.010	-0.159	9.425	6.386
1424222872421	37.499990	139.919818	15	-0.052	-0.102	9.477	6.412
1424222872522	37.499991	139.919810	15	0.009	-0.282	9.565	6.437
1424222872623	37.499993	139.919803	15	0.054	-0.358	9.599	6.463
1424222872723	37.499994	139.919795	15	0.038	-0.223	9.353	6.488
1424222872819	37.499995	139.919787	13	0.096	-0.189	9.320	6.488
1424222872920	37.499997	139.919778	13	0.174	-0.136	9.067	6.462
1424222873020	37.499999	139.919770	13	0.048	-0.178	9.368	6.437
1424222873121	37.500001	139.919761	13	-0.031	-0.281	9.860	6.411
1424222873222	37.500004	139.919753	13	-0.096	-0.246	9.623	6.386
1424222873322	37.500006	139.919745	13	-0.095	-0.351	9.292	6.361
1424222873423	37.500008	139.919736	13	0.109	-0.304	9.590	6.336
1424222873519	37.500010	139.919729	13	0.121	-0.167	9.144	6.312
1424222873620	37.500012	139.919720	13	0.184	-0.111	9.184	6.287
1424222873720	37.500014	139.919712	13	0.093	-0.109	9.389	6.262
1424222873821	37.500016	139.919705	12	0.161	-0.432	10.016	6.223
1424222873922	37.500018	139.919700	12	0.021	-0.344	9.365	6.171
1424222874022	37.500020	139.919696	12	0.036	-0.244	9.183	6.120
1424222874123	37.500022	139.919691	12	0.209	-0.555	9.360	6.069
1424222874219	37.500023	139.919686	12	0.346	-0.628	9.767	6.020
1424222874320	37.500025	139.919681	12	0.363	-0.548	9.353	5.970
1424222874421	37.500027	139.919676	12	0.319	-0.340	9.527	5.920
1424222874521	37.500029	139.919672	12	0.396	-0.465	9.450	5.871
1424222874622	37.500030	139.919667	12	0.476	-0.694	9.600	5.821
1424222874722	37.500032	139.919662	12	0.430	-0.451	9.141	5.773
1424222874823	37.500035	139.919658	12	0.348	-0.417	9.223	5.708
1424222874919	37.500037	139.919653	12	0.461	-0.654	9.773	5.632
1424222875019	37.500040	139.919649	12	0.527	-0.865	9.730	5.553
1424222875120	37.500043	139.919644	12	0.591	-0.773	9.486	5.476
1424222875221	37.500046	139.919640	12	0.276	-0.522	8.705	5.399
1424222875322	37.500049	139.919636	12	0.486	-0.688	9.460	5.323
1424222875422	37.500052	139.919631	12	0.576	-1.041	9.665	5.249
1424222875523	37.500054	139.919627	12	0.511	-1.228	9.531	5.176
1424222875619	37.500057	139.919623	12	0.419	-0.983	9.597	5.107
1424222875719	37.500060	139.919619	12	0.401	-0.812	9.494	5.036
1424222875820	37.500060	139.919614	14	0.229	-0.863	9.152	4.912
1424222875921	37.500059	139.919609	14	0.426	-1.206	9.844	4.740
1424222876022	37.500057	139.919604	14	0.630	-1.326	9.504	4.572
1424222876122	37.500056	139.919599	14	0.505	-1.052	9.372	4.412
1424222876223	37.500055	139.919594	14	0.396	-0.880	9.195	4.255
1424222876319	37.500053	139.919589	14	0.256	-0.947	9.345	4.111
1424222876424	37.500052	139.919584	14	0.240	-1.216	9.522	3.959
1424222876520	37.500051	139.919580	14	0.067	-1.265	9.577	3.825
1424222876619	37.500050	139.919576	14	0.013	-1.229	9.498	3.693
1424222876721	37.500049	139.919572	14	0.145	-1.218	9.364	3.561
1424222876820	37.500049	139.919568	14	0.218	-1.166	9.330	3.473
1424222876923	37.500051	139.919564	14	0.292	-1.124	9.599	3.419
1424222877022	37.500053	139.919560	14	0.451	-1.188	9.691	3.367
1424222877119	37.500055	139.919556	14	0.712	-1.143	9.373	3.317
1424222877220	37.500057	139.919553	14	0.778	-1.049	9.267	3.265
1424222877321	37.500059	139.919549	14	0.605	-1.081	9.276	3.215
1424222877421	37.500061	139.919545	14	0.352	-1.149	9.386	3.166
1424222877523	37.500063	139.919542	14	0.147	-1.208	9.520	3.116
1424222877623	37.500064	139.919538	14	0.097	-1.156	9.424	3.069
1424222877723	37.500066	139.919535	14	0.142	-0.966	9.352	3.022
1424222877819	37.500068	139.919532	14	0.310	-0.844	9.217	2.942
1424222877920	37.500069	139.919530	14	0.449	-1.130	9.863	2.825
1424222878021	37.500071	139.919529	14	0.450	-0.960	9.819	2.711
1424222878121	37.500072	139.919527	14	0.335	-0.549	9.365	2.603
1424222878222	37.500074	139.919525	14	0.269	-0.373	9.306	2.498
1424222878323	37.500075	139.919524	14	0.285	-0.283	9.392	2.398
1424222878423	37.500076	139.919523	14	0.366	-0.234	9.339	2.302
1424222878519	37.500077	139.919521	14	0.364	-0.270	9.371	2.213
1424222878620	37.500078	139.919520	14	0.329	-0.281	9.508	2.125
1424222878720	37.500079	139.919519	14	0.287	-0.125	9.492	2.041
1424222878821	37.500080	139.919518	13	0.275	0.116	9.300	1.971
1424222878922	37.500080	139.919517	13	0.303	0.399	9.327	1.915
1424222879023	37.500080	139.919517	13	0.255	0.257	9.774	1.860
1424222879123	37.500080	139.919516	13	0.134	0.132	9.784	1.807
1424222879219	37.500080	139.919516	13	0.049	0.248	9.331	1.758
1424222879320	37.500081	139.919516	13	-0.009	0.419	9.225	1.707
1424222879420	37.500081	139.919515	13	-0.015	0.525	9.549	1.659
1424222879521	37.500081	139.919515	13	0.073	0.571	9.589	1.611
1424222893615	37.500611	139.919605	14	0.301	0.652	9.290	4.824
1424222893620	37.500611	139.919605	14	0.309	0.649	9.281	4.822
1424222893721	37.500615	139.919606	14	0.237	0.182	9.367	4.773
1424222893822	37.500619	139.919607	12	0.151	-0.187	9.444	4.723
1424222893922	37.500624	139.919609	12	0.122	-0.421	9.395	4.670
1424222894023	37.500628	139.919612	12	0.189	-0.449	9.343	4.618
1424222894119	37.500632	139.919614	12	0.334	-0.486	9.420	4.569
1424222894219	37.500636	139.919616	12	0.356	-0.591	9.481	4.519
1424222894320	37.500640	139.919618	12	0.387	-0.760	9.423	4.468
1424222894421	37.500644	139.919620	12	0.297	-0.745	9.325	4.418
1424222894522	37.500648	139.919622	12	0.304	-0.756	9.414	4.369
1424222894622	37.500652	139.919624	12	0.218	-0.791	9.550	4.320
1424222894723	37.500656	139.919626	12	0.297	-0.810	9.508	4.272
1424222894819	37.500659	139.919628	12	0.211	-0.761	9.435	4.195
1424222894919	37.500661	139.919629	12	0.276	-0.731	9.609	4.084
1424222895020	37.500664	139.919630	12	0.370	-0.608	9.370	3.975
1424222895121	37.500666	139.919631	12	0.422	-0.568	9.330	3.869
1424222895221	37.500668	139.919632	12	0.322	-0.587	9.408	3.766
1424222895322	37.500670	139.919633	12	0.320	-0.656	9.526	3.665
1424222895423	37.500672	139.919635	12	0.290	-0.699	9.367	3.567
1424222895524	37.500674	139.919636	12	0.133	-0.671	9.344	3.471
1424222895619	37.500675	139.919637	12	0.036	-0.802	9.536	3.384
1424222895720	37.500677	139.919638	12	-0.071	-0.795	9.520	3.294
1424222895821	37.500679	139.919638	12	-0.003	-0.733	9.408	3.190
1424222895921	37.500681	139.919637	12	0.142	-0.725	9.431	3.076
1424222896022	37.500683	139.919636	12	0.096	-0.719	9.457	2.964
1424222896123	37.500685	139.919635	12	0.118	-0.766	9.422	2.855
1424222896223	37.500686	139.919634	12	0.261	-0.764	9.428	2.752
1424222896319	37.500688	139.919633	12	0.170	-0.807	9.447	2.656
1424222896420	37.500690	139.919632	12	0.142	-0.824	9.403	2.559
1424222896521	37.500691	139.919632	12	0.186	-0.883	9.379	2.465
1424222896621	37.500693	139.919631	12	0.182	-0.930	9.470	2.376
1424222896722	37.500694	139.919630	12	0.238	-0.852	9.240	2.290
1424222896823	37.500696	139.919632	14	0.399	-0.928	9.441	2.203
1424222896923	37.500697	139.919635	14	0.358	-1.089	9.791	2.116
1424222897019	37.500698	139.919638	14	0.204	-1.061	9.524	2.035
1424222897120	37.500699	139.919641	14	0.136	-0.994	9.248	1.953
1424222897220	37.500700	139.919644	14	0.153	-1.063	9.478	1.875
1424222897321	37.500701	139.919647	14	0.005	-1.011	9.602	1.800
1424222897422	37.500702	139.919650	14	-0.118	-0.757	9.580	1.727
1424222897523	37.500703	139.919652	14	-0.191	-0.426	9.362	1.657
1424222897623	37.500704	139.919655	14	-0.034	-0.176	9.193	1.591
1424222897719	37.500705	139.919657	14	0.138	-0.215	9.365	1.531
1424222897820	37.500705	139.919659	14	0.117	-0.287	9.466	1.451
1424222897920	37.500705	139.919662	14	0.094	-0.350	9.412	1.356
1424222898021	37.500705	139.919664	14	0.028	-0.454	9.493	1.265
1424222898122	37.500705	139.919667	14	-0.027	-0.445	9.441	1.179
1424222898222	37.500704	139.919669	14	-0.028	-0.477	9.432	1.099
1424222898323	37.500704	139.919671	14	0.005	-0.499	9.507	1.023
1424222898419	37.500704	139.919672	14	0.057	-0.511	9.477	0.956
1424222898520	37.500704	139.919674	14	-0.020	-0.516	9.441	0.891
1424222898620	37.500704	139.919676	14	-0.015	-0.532	9.409	0.831
1424222898721	37.500704	139.919677	14	0.052	-0.504	9.415	0.775
1424222898822	37.500704	139.919678	14	0.086	-0.431	9.399	0.735
1424222898922	37.500705	139.919677	14	0.089	-0.350	9.400	0.706
1424222899023	37.500705	139.919676	14	0.044	-0.216	9.431	0.677
1424222899119	37.500706	139.919675	14	-0.017	-0.094	9.416	0.651
1424222899220	37.500706	139.919675	14	-0.024	-0.015	9.368	0.625
1424222899320	37.500707	139.919674	14	-0.084	-0.019	9.403	0.600
1424222899421	37.500707	139.919673	14	-0.189	-0.041	9.428	0.576
1424222899522	37.500708	139.919672	14	-0.229	-0.020	9.420	0.553
1424222899622	37.500708	139.919672	14	-0.144	0.027	9.410	0.531
1424222899723	37.500709	139.919671	14	-0.035	0.056	9.401	0.510
1424222899819	37.500709	139.919670	14	-0.039	0.061	9.395	0.500
1424222899919	37.500710	139.919669	14	-0.072	0.053	9.403	0.500
1424222900020	37.500711	139.919668	14	-0.080	0.058	9.405	0.500
1424222900121	37.500711	139.919666	14	-0.052	0.076	9.407	0.500
1424222900222	37.500712	139.919665	14	-0.087	0.088	9.408	0.500
1424222900322	37.500713	139.919663	14	-0.124	0.075	9.423	0.500
1424222900423	37.500714	139.919662	14	-0.095	0.067	9.415	0.500
1424222900519	37.500714	139.919661	14	-0.060	0.080	9.394	0.500
1424222900619	37.500715	139.919659	14	-0.077	0.106	9.384	0.500
1424222900720	37.500716	139.919658	14	-0.119	0.132	9.412	0.500
1424222900821	37.500716	139.919658	14	-0.154	0.166	9.398	0.500
1424222900922	37.500717	139.919659	14	-0.143	0.171	9.405	0.500
1424222901022	37.500717	139.919660	14	-0.147	0.136	9.443	0.500
1424222901124	37.500718	139.919661	14	-0.181	0.102	9.436	0.500
1424222901219	37.500718	139.919662	14	-0.196	0.106	9.423	0.500
1424222901319	37.500719	139.919664	14	-0.164	0.124	9.419	0.500
1424222901420	37.500719	139.919665	14	-0.113	0.124	9.415	0.500
1424222901521	37.500720	139.919666	14	-0.123	0.097	9.401	0.500
1424222983618	37.499935	139.922725	12	-0.150	0.096	9.401	7.287
1424222983623	37.499935	139.922725	12	-0.149	0.105	9.402	7.286
1424222983719	37.499933	139.922733	12	0.062	0.049	9.430	7.263
1424222983819	37.499933	139.922740	15	0.180	-0.195	9.564	7.183
1424222983920	37.499934	139.922745	15	0.157	-0.274	9.465	7.047
1424222984021	37.499936	139.922750	15	0.170	-0.304	9.481	6.914
1424222984121	37.499937	139.922755	15	0.116	-0.501	9.549	6.784
1424222984222	37.499939	139.922760	15	0.101	-0.601	9.538	6.656
1424222984323	37.499940	139.922765	15	0.138	-0.533	9.389	6.530
1424222984424	37.499941	139.922770	15	0.211	-0.560	9.572	6.406
1424222984519	37.499943	139.922775	15	0.244	-0.499	9.353	6.292
1424222984620	37.499944	139.922779	15	0.280	-0.514	9.436	6.172
1424222984721	37.499945	139.922784	15	0.312	-0.533	9.525	6.056
1424222984821	37.499945	139.922789	15	0.225	-0.639	9.669	5.973
1424222984922	37.499944	139.922796	15	0.303	-0.537	9.380	5.921
1424222985023	37.499943	139.922803	15	0.218	-0.526	9.402	5.869
1424222985123	37.499942	139.922810	15	0.188	-0.522	9.300	5.819
1424222985219	37.499941	139.922816	15	0.065	-0.405	9.071	5.770
1424222985320	37.499940	139.922823	15	0.121	-0.422	9.273	5.720
1424222985421	37.499939	139.922830	15	0.271	-0.656	9.947	5.670
1424222985521	37.499938	139.922836	15	0.231	-0.678	9.741	5.620
1424222985622	37.499937	139.922843	15	0.293	-0.582	9.231	5.571
1424222985723	37.499935	139.922849	15	0.397	-0.545	9.301	5.523
1424222985823	37.499935	139.922855	13	0.402	-0.572	9.554	5.442
1424222985919	37.499934	139.922862	13	0.269	-0.555	9.414	5.338
1424222986020	37.499933	139.922868	13	0.195	-0.507	9.299	5.231
1424222986120	37.499933	139.922874	13	0.187	-0.364	9.622	5.127
1424222986221	37.499932	139.922881	13	0.131	-0.278	9.429	5.024
1424222986322	37.499932	139.922887	13	0.143	-0.349	9.259	4.923
1424222986423	37.499931	139.922893	13	0.285	-0.427	9.418	4.824
1424222986523	37.499930	139.922898	13	0.392	-0.388	9.510	4.728
1424222986619	37.499930	139.922904	13	0.382	-0.269	9.316	4.638
1424222986720	37.499929	139.922909	13	0.534	-0.349	9.626	4.545
1424222986820	37.499928	139.922914	13	0.308	-0.375	9.353	4.487
1424222986921	37.499927	139.922919	13	0.151	-0.339	9.162	4.461
1424222987022	37.499925	139.922923	13	0.132	-0.397	9.286	4.436
1424222987123	37.499924	139.922927	13	0.130	-0.527	9.542	4.410
1424222987223	37.499922	139.922932	13	0.034	-0.575	9.757	4.385
1424222987319	37.499921	139.922936	13	0.058	-0.418	9.319	4.361
1424222987420	37.499919	139.922940	13	0.196	-0.421	9.299	4.336
1424222987520	37.499918	139.922944	13	0.306	-0.495	9.512	4.311
1424222987621	37.499916	139.922949	13	0.407	-0.441	9.548	4.286
1424222987722	37.499915	139.922953	13	0.407	-0.520	9.374	4.262
1424222987822	37.499914	139.922957	13	0.249	-0.598	9.277	4.222
1424222987923	37.499913	139.922962	13	0.232	-0.608	9.416	4.169
1424222988019	37.499912	139.922966	13	0.283	-0.592	9.577	4.120
1424222988120	37.499911	139.922970	13	0.299	-0.536	9.498	4.068
1424222988220	37.499911	139.922975	13	0.249	-0.541	9.298	4.017
1424222988321	37.499910	139.922979	13	0.230	-0.647	9.349	3.967
1424222988422	37.499909	139.922983	13	0.277	-0.650	9.546	3.917
1424222988523	37.499909	139.922987	13	0.259	-0.575	9.521	3.868
1424222988623	37.499908	139.922991	13	0.280	-0.591	9.418	3.820
1424222988719	37.499907	139.922995	13	0.394	-0.617	9.423	3.774
1424222988819	37.499907	139.922998	13	0.431	-0.602	9.519	3.659
1424222988920	37.499906	139.923000	13	0.315	-0.594	9.440	3.477
1424222989021	37.499906	139.923003	13	0.290	-0.599	9.364	3.303
1424222989122	37.499905	139.923005	13	0.329	-0.555	9.438	3.136
1424222989222	37.499904	139.923007	13	0.360	-0.526	9.589	2.979
1424222989323	37.499904	139.923009	13	0.321	-0.478	9.489	2.828
1424222989419	37.499903	139.923010	13	0.336	-0.422	9.338	2.691
1424222989519	37.499903	139.923012	13	0.352	-0.406	9.399	2.556
1424222989620	37.499903	139.923014	13	0.250	-0.419	9.479	2.427
1424222989721	37.499902	139.923015	13	0.185	-0.411	9.429	2.306
1424222989821	37.499901	139.923017	13	0.211	-0.353	9.367	2.204
1424222989922	37.499900	139.923018	13	0.279	-0.342	9.431	2.117
1424222990023	37.499899	139.923019	13	0.318	-0.389	9.500	2.032
1424222990119	37.499898	139.923020	13	0.303	-0.435	9.426	1.954
1424222990224	37.499897	139.923021	13	0.271	-0.475	9.356	1.872
1424222990320	37.499896	139.923022	13	0.281	-0.506	9.390	1.800
1424222990419	37.499895	139.923023	13	0.303	-0.570	9.493	1.729
1424222990521	37.499894	139.923024	13	0.317	-0.588	9.469	1.659
1424222990620	37.499893	139.923025	13	0.372	-0.574	9.412	1.593
1424222990723	37.499892	139.923026	13	0.438	-0.587	9.481	1.529
1424222990822	37.499893	139.923027	14	0.502	-0.586	9.516	1.486
1424222990919	37.499894	139.923028	14	0.536	-0.584	9.445	1.460
1424222991020	37.499895	139.923029	14	0.492	-0.570	9.375	1.433
1424222991121	37.499896	139.923030	14	0.388	-0.573	9.392	1.407
1424222991221	37.499897	139.923032	14	0.285	-0.607	9.437	1.382
1424222991322	37.499898	139.923033	14	0.235	-0.624	9.461	1.356
1424222991423	37.499899	139.923034	14	0.255	-0.612	9.451	1.332
1424222991524	37.499900	139.923035	14	0.293	-0.599	9.424	1.307
1424222991619	37.499901	139.923036	14	0.326	-0.583	9.441	1.285
1424222991720	37.499902	139.923037	14	0.370	-0.579	9.442	1.261
1424222991821	37.499903	139.923040	16	0.393	-0.583	9.436	1.262
1424222991921	37.499904	139.923043	16	0.394	-0.599	9.438	1.285
1424222992022	37.499905	139.923047	16	0.364	-0.604	9.436	1.309
1424222992123	37.499905	139.923051	16	0.321	-0.621	9.445	1.333
1424222992223	37.499906	139.923054	16	0.315	-0.633	9.427	1.358
1424222992319	37.499907	139.923058	16	0.314	-0.544	9.443	1.382
1424222992420	37.499907	139.923062	16	0.236	-0.239	9.500	1.407
1424222992520	37.499908	139.923066	16	0.117	0.146	9.451	1.433
1424222992621	37.499909	139.923070	16	0.032	0.421	9.355	1.460
1424222992722	37.499910	139.923074	16	0.039	0.435	9.311	1.487
1424222992823	37.499909	139.923076	16	0.074	0.308	9.372	1.345
1424222992923	37.499908	139.923077	16	0.104	0.189	9.435	1.076
1424222993019	37.499907	139.923077	16	0.091	0.180	9.436	0.846
1424222993120	37.499907	139.923077	16	0.068	0.266	9.413	0.634
1424222993220	37.499906	139.923077	16	0.070	0.314	9.390	0.454
1424222993321	37.499905	139.923078	16	0.076	0.277	9.401	0.302
1424222993422	37.499905	139.923078	16	0.095	0.236	9.430	0.182
1424222993523	37.499904	139.923078	16	0.097	0.247	9.422	0.092
1424223021615	37.499703	139.923637	11	0.082	0.284	9.397	2.537
1424223021620	37.499703	139.923637	11	0.087	0.280	9.393	2.536
1424223021721	37.499702	139.923640	11	0.226	-0.019	9.389	2.512
1424223021821	37.499700	139.923642	11	0.255	-0.264	9.506	2.500
1424223021922	37.499699	139.923645	11	0.245	-0.370	9.477	2.500
1424223022023	37.499698	139.923648	11	0.249	-0.402	9.334	2.500
1424223022124	37.499697	139.923650	11	0.257	-0.419	9.374	2.500
1424223022219	37.499696	139.923653	11	0.221	-0.413	9.445	2.500
1424223022320	37.499695	139.923655	11	0.189	-0.389	9.432	2.500
1424223022421	37.499694	139.923658	11	0.195	-0.388	9.428	2.500
1424223022521	37.499693	139.923661	11	0.208	-0.404	9.460	2.500
1424223022622	37.499692	139.923663	11	0.291	-0.407	9.454	2.500
1424223022723	37.499691	139.923666	11	0.377	-0.414	9.412	2.500
1424223022823	37.499690	139.923668	10	0.417	-0.443	9.417	2.413
1424223022919	37.499689	139.923669	10	0.426	-0.492	9.443	2.261
1424223023020	37.499688	139.923670	10	0.416	-0.543	9.434	2.109
1424223023121	37.499688	139.923672	10	0.385	-0.586	9.418	1.966
1424223023221	37.499687	139.923673	10	0.348	-0.617	9.409	1.833
1424223023322	37.499687	139.923674	10	0.290	-0.631	9.443	1.707
1424223023423	37.499686	139.923675	10	0.278	-0.647	9.459	1.589
1424223023523	37.499686	139.923676	10	0.297	-0.633	9.436	1.481
1424223023619	37.499686	139.923677	10	0.324	-0.612	9.436	1.385
1424223023720	37.499685	139.923678	10	0.344	-0.586	9.438	1.293
1424223023820	37.499685	139.923678	10	0.340	-0.582	9.431	1.128
1424223023921	37.499684	139.923678	10	0.347	-0.580	9.442	0.901
1424223024022	37.499683	139.923678	10	0.325	-0.546	9.449	0.699
1424223024123	37.499683	139.923677	10	0.220	-0.304	9.483	0.523
1424223024223	37.499682	139.923677	10	0.082	0.055	9.473	0.374
1424223024319	37.499682	139.923677	10	0.008	0.339	9.386	0.254
1424223024420	37.499681	139.923677	10	0.010	0.421	9.321	0.153
1424223024520	37.499681	139.923677	10	0.044	0.320	9.356	0.078
1424223024621	37.499681	139.923677	10	0.074	0.201	9.416	0.028
1424223024722	37.499681	139.923677	10	0.095	0.165	9.437	0.003
1424223060619	37.499606	139.923921	10	0.079	0.226	9.410	1.750
1424223060720	37.499606	139.923923	10	0.181	0.052	9.445	1.750
1424223060821	37.499606	139.923925	10	0.237	-0.053	9.431	1.680
1424223060921	37.499606	139.923926	10	0.217	-0.052	9.414	1.548
1424223061022	37.499606	139.923927	10	0.154	-0.012	9.434	1.423
1424223061123	37.499606	139.923928	10	0.092	0.014	9.438	1.306
1424223061223	37.499607	139.923928	10	0.057	0.004	9.416	1.198
1424223061324	37.499607	139.923929	10	0.048	0.011	9.420	1.097
1424223061420	37.499607	139.923930	10	0.079	0.024	9.424	1.009
1424223061519	37.499607	139.923931	10	0.114	0.018	9.439	0.926
1424223061621	37.499607	139.923931	10	0.145	-0.013	9.441	0.848
1424223061720	37.499607	139.923932	10	0.147	-0.003	9.331	0.781
1424223061823	37.499607	139.923932	10	0.162	0.004	9.329	0.711
1424223061922	37.499607	139.923933	10	0.181	-0.052	9.390	0.642
1424223062019	37.499608	139.923933	10	0.184	-0.137	9.466	0.579
1424223062120	37.499608	139.923933	10	0.170	-0.184	9.440	0.518
1424223062220	37.499608	139.923934	10	0.155	-0.201	9.399	0.463
1424223062321	37.499608	139.923934	10	0.156	-0.234	9.453	0.413
1424223062422	37.499609	139.923934	10	0.159	-0.257	9.449	0.367
1424223062523	37.499609	139.923935	10	0.176	-0.252	9.407	0.327
1424223062623	37.499609	139.923935	10	0.209	-0.238	9.398	0.292
1424223062719	37.499609	139.923935	10	0.233	-0.230	9.441	0.263
1424223062820	37.499609	139.923935	10	0.219	-0.241	9.440	0.226
1424223062920	37.499610	139.923936	10	0.184	-0.243	9.425	0.181
1424223063021	37.499611	139.923936	10	0.194	-0.252	9.434	0.140
1424223063122	37.499612	139.923936	10	0.219	-0.263	9.434	0.105
1424223063223	37.499612	139.923936	10	0.223	-0.271	9.404	0.075
1424223063323	37.499613	139.923937	10	0.181	-0.176	9.440	0.050
1424223063419	37.499613	139.923937	10	0.111	0.036	9.464	0.031
1424223063520	37.499614	139.923937	10	0.049	0.270	9.410	0.016
1424223093616	37.499369	139.924768	13	0.009	0.395	9.345	4.073
1424223093621	37.499369	139.924768	13	0.009	0.393	9.344	4.071
1424223093722	37.499368	139.924771	13	0.023	0.032	9.535	4.023
1424223093823	37.499367	139.924776	13	-0.022	-0.247	9.517	3.940
1424223093923	37.499367	139.924781	13	-0.044	-0.379	9.425	3.828
1424223094019	37.499368	139.924785	13	-0.001	-0.453	9.366	3.724
1424223094120	37.499368	139.924790	13	-0.003	-0.459	9.524	3.618
1424223094220	37.499368	139.924795	13	0.124	-0.442	9.798	3.515
1424223094321	37.499368	139.924799	13	0.255	-0.327	9.590	3.414
1424223094422	37.499368	139.924804	13	0.317	-0.234	9.370	3.316
1424223094523	37.499369	139.924808	13	0.222	-0.149	9.148	3.220
1424223094623	37.499369	139.924812	13	0.194	-0.206	9.313	3.129
1424223094719	37.499369	139.924816	13	0.319	-0.277	9.754	3.044
1424223094820	37.499369	139.924820	13	0.249	-0.146	9.390	3.000
1424223094920	37.499368	139.924823	13	0.119	-0.097	9.135	3.000
1424223095021	37.499367	139.924827	13	0.100	-0.189	9.468	3.000
1424223095122	37.499367	139.924830	13	0.130	-0.232	9.657	3.000
1424223095222	37.499366	139.924834	13	0.115	-0.133	9.391	3.000
1424223095323	37.499366	139.924837	13	0.146	-0.035	9.300	3.000
1424223095419	37.499365	139.924841	13	0.179	-0.092	9.323	3.000
1424223095520	37.499364	139.924844	13	0.166	-0.188	9.422	3.000
1424223095620	37.499364	139.924848	13	0.189	-0.229	9.467	3.000
1424223095721	37.499363	139.924851	13	0.151	-0.255	9.421	3.000
1424223095822	37.499362	139.924855	11	0.228	-0.314	9.663	2.972
1424223095922	37.499362	139.924858	11	0.280	-0.235	9.624	2.918
1424223096023	37.499361	139.924861	11	0.200	-0.196	9.253	2.865
1424223096119	37.499360	139.924864	11	0.225	-0.255	9.186	2.815
1424223096219	37.499359	139.924867	11	0.274	-0.283	9.413	2.764
1424223096320	37.499358	139.924870	11	0.220	-0.248	9.532	2.714
1424223096421	37.499357	139.924872	11	0.186	-0.239	9.468	2.664
1424223096522	37.499356	139.924875	11	0.265	-0.267	9.400	2.616
1424223096622	37.499355	139.924878	11	0.287	-0.281	9.402	2.568
1424223096723	37.499354	139.924881	11	0.265	-0.276	9.419	2.521
1424223096819	37.499354	139.924883	12	0.217	-0.239	9.433	2.439
1424223096919	37.499353	139.924884	12	0.197	-0.240	9.389	2.319
1424223097020	37.499352	139.924885	12	0.208	-0.214	9.387	2.203
1424223097121	37.499351	139.924886	12	0.223	-0.194	9.461	2.092
1424223097222	37.499350	139.924887	12	0.262	-0.210	9.464	1.986
1424223097322	37.499349	139.924888	12	0.208	-0.248	9.396	1.886
1424223097423	37.499348	139.924889	12	0.153	-0.293	9.446	1.790
1424223097519	37.499348	139.924890	12	0.176	-0.309	9.489	1.704
1424223097619	37.499347	139.924891	12	0.286	-0.342	9.456	1.619
1424223097720	37.499346	139.924892	12	0.321	-0.358	9.388	1.538
1424223097821	37.499346	139.924893	12	0.264	-0.316	9.377	1.486
1424223097921	37.499346	139.924894	12	0.206	-0.290	9.420	1.459
1424223098022	37.499345	139.924895	12	0.230	-0.305	9.469	1.433
1424223098123	37.499345	139.924896	12	0.257	-0.317	9.465	1.407
1424223098219	37.499345	139.924897	12	0.227	-0.311	9.394	1.382
1424223098319	37.499345	139.924898	12	0.188	-0.325	9.429	1.357
1424223098420	37.499345	139.924899	12	0.175	-0.364	9.499	1.332
1424223098521	37.499344	139.924900	12	0.165	-0.355	9.431	1.308
1424223098621	37.499344	139.924901	12	0.213	-0.323	9.370	1.284
1424223098722	37.499344	139.924902	12	0.309	-0.291	9.405	1.261
1424223098823	37.499344	139.924902	11	0.376	-0.279	9.447	1.217
1424223098924	37.499344	139.924903	11	0.382	-0.288	9.420	1.157
1424223099020	37.499344	139.924904	11	0.346	-0.270	9.382	1.102
1424223099120	37.499344	139.924905	11	0.297	-0.223	9.411	1.047
1424223099221	37.499343	139.924906	11	0.263	-0.171	9.434	0.994
1424223099321	37.499343	139.924906	11	0.206	-0.194	9.441	0.944
1424223099422	37.499343	139.924907	11	0.172	-0.244	9.440	0.896
1424223099523	37.499343	139.924908	11	0.189	-0.251	9.433	0.850
1424223099623	37.499343	139.924908	11	0.253	-0.219	9.430	0.808
1424223099719	37.499343	139.924909	11	0.296	-0.177	9.406	0.769
1424223099820	37.499343	139.924909	12	0.288	-0.166	9.392	0.735
1424223099920	37.499342	139.924909	12	0.251	-0.169	9.422	0.706
1424223100021	37.499342	139.924910	12	0.227	-0.178	9.430	0.678
1424223100122	37.499342	139.924910	12	0.214	-0.180	9.424	0.651
1424223100223	37.499341	139.924910	12	0.205	-0.185	9.421	0.624
1424223100323	37.499341	139.924910	12	0.200	-0.169	9.414	0.599
1424223100419	37.499341	139.924910	12	0.172	-0.047	9.449	0.576
1424223100520	37.499341	139.924911	12	0.122	0.179	9.453	0.553
1424223162616	37.499617	139.925346	11	0.062	0.410	9.392	3.750
1424223162621	37.499617	139.925346	11	0.062	0.414	9.389	3.750
1424223162722	37.499621	139.925348	11	0.008	0.134	9.460	3.750
1424223162823	37.499625	139.925350	12	-0.014	-0.095	9.306	3.750
1424223162923	37.499628	139.925352	12	0.064	-0.195	9.226	3.750
1424223163019	37.499632	139.925353	12	0.135	-0.230	9.397	3.750
1424223163120	37.499635	139.925355	12	0.112	-0.214	9.452	3.750
1424223163221	37.499639	139.925357	12	0.103	-0.293	9.503	3.750
1424223163321	37.499642	139.925359	12	0.124	-0.305	9.460	3.750
1424223163422	37.499646	139.925361	12	0.091	-0.219	9.365	3.750
1424223163523	37.499649	139.925363	12	0.030	-0.234	9.459	3.750
1424223163623	37.499653	139.925364	12	0.012	-0.341	9.654	3.750
1424223163719	37.499656	139.925366	12	0.082	-0.249	9.347	3.750
1424223163820	37.499660	139.925368	12	0.070	-0.147	9.261	3.737
1424223163920	37.499663	139.925370	12	0.079	-0.047	9.184	3.711
1424223164021	37.499667	139.925371	12	0.055	-0.215	9.601	3.686
1424223164122	37.499670	139.925373	12	0.042	-0.237	9.623	3.660
1424223164223	37.499674	139.925375	12	0.008	-0.103	9.308	3.635
1424223164323	37.499677	139.925377	12	-0.024	-0.009	9.303	3.610
1424223164419	37.499680	139.925378	12	-0.024	-0.048	9.463	3.586
1424223164520	37.499684	139.925380	12	-0.054	-0.090	9.534	3.561
1424223164620	37.499687	139.925382	12	-0.116	-0.123	9.444	3.536
1424223164721	37.499690	139.925383	12	-0.133	-0.064	9.326	3.512
1424223164822	37.499693	139.925385	11	-0.033	-0.023	9.356	3.457
1424223164922	37.499696	139.925386	11	-0.086	-0.022	9.577	3.374
1424223165024	37.499699	139.925388	11	-0.113	-0.066	9.491	3.292
1424223165119	37.499701	139.925389	11	-0.043	-0.012	9.264	3.218
1424223165220	37.499704	139.925391	11	0.040	0.073	9.192	3.140
1424223165320	37.499706	139.925392	11	0.065	0.076	9.426	3.065
1424223165421	37.499708	139.925394	11	-0.071	0.091	9.580	2.991
1424223165522	37.499711	139.925395	11	-0.204	0.050	9.439	2.919
1424223168619	37.499767	139.925435	11	-0.184	-0.003	9.377	2.250
1424223168719	37.499769	139.925436	11	-0.139	-0.187	9.361	2.250
1424223168820	37.499771	139.925438	11	-0.120	-0.328	9.267	2.237
1424223168921	37.499772	139.925439	11	-0.115	-0.470	9.379	2.210
1424223169021	37.499773	139.925440	11	-0.057	-0.468	9.334	2.184
1424223169122	37.499775	139.925441	11	0.013	-0.544	9.458	2.159
1424223169223	37.499776	139.925443	11	0.011	-0.659	9.520	2.133
1424223169323	37.499777	139.925444	11	-0.004	-0.664	9.360	2.108
1424223169419	37.499779	139.925445	11	-0.001	-0.683	9.383	2.084
1424223169520	37.499780	139.925446	11	-0.006	-0.715	9.468	2.060
1424223169621	37.499781	139.925447	11	0.007	-0.717	9.436	2.035
1424223169721	37.499782	139.925448	11	0.037	-0.673	9.439	2.012
1424223169822	37.499784	139.925450	10	0.024	-0.481	9.471	1.986
1424223169923	37.499785	139.925451	10	-0.038	-0.260	9.428	1.960
1424223170023	37.499786	139.925452	10	-0.097	-0.114	9.368	1.934
1424223170119	37.499787	139.925454	10	-0.120	-0.070	9.412	1.909
1424223170220	37.499788	139.925455	10	-0.164	-0.083	9.457	1.883
1424223170320	37.499789	139.925456	10	-0.232	-0.098	9.413	1.858
1424223170421	37.499790	139.925458	10	-0.254	-0.109	9.395	1.833
1424223170522	37.499791	139.925459	10	-0.241	-0.105	9.430	1.809
1424223209617	37.501998	139.926401	14	-0.186	-0.065	9.410	7.288
1424223209622	37.501998	139.926401	14	-0.190	-0.069	9.413	7.286
1424223209722	37.502005	139.926402	14	-0.082	-0.119	9.736	7.262
1424223209823	37.502013	139.926404	14	-0.102	-0.168	9.760	7.276
1424223209919	37.502020	139.926408	14	0.034	-0.152	9.468	7.322
1424223210020	37.502028	139.926412	14	0.255	-0.260	9.469	7.372
1424223210120	37.502035	139.926416	14	0.469	-0.299	9.489	7.421
1424223210221	37.502043	139.926421	14	0.298	-0.062	9.311	7.471
1424223210322	37.502050	139.926425	14	0.082	-0.076	9.620	7.522
1424223210422	37.502058	139.926429	14	-0.137	-0.112	9.385	7.572
1424223210523	37.502066	139.926433	14	-0.091	0.012	9.289	7.623
1424223210619	37.502073	139.926437	14	-0.080	-0.024	9.442	7.672
1424223210719	37.502081	139.926442	14	0.072	-0.114	9.564	7.724
1424223210820	37.502088	139.926443	16	0.076	-0.195	9.573	7.711
1424223210921	37.502095	139.926442	16	0.030	-0.204	9.383	7.632
1424223211022	37.502102	139.926440	16	0.035	-0.277	9.378	7.554
1424223211122	37.502109	139.926439	16	-0.033	-0.271	9.360	7.477
1424223211223	37.502116	139.926437	16	0.005	-0.261	9.414	7.401
1424223211319	37.502122	139.926436	16	-0.076	-0.173	9.369	7.329
1424223211419	37.502129	139.926434	16	-0.101	-0.197	9.360	7.255
1424223211520	37.502135	139.926433	16	-0.031	-0.341	9.427	7.180
1424223211621	37.502142	139.926431	16	-0.026	-0.265	9.257	7.107
1424223211722	37.502148	139.926430	16	0.018	-0.183	9.199	7.034
1424223211822	37.502154	139.926431	16	0.084	-0.295	9.389	6.973
1424223211923	37.502161	139.926435	16	0.158	-0.337	9.533	6.921
1424223212019	37.502167	139.926439	16	0.113	-0.250	9.415	6.872
1424223212119	37.502174	139.926443	16	0.071	-0.256	9.340	6.821
1424223212220	37.502180	139.926446	16	0.072	-0.298	9.361	6.770
1424223212321	37.502186	139.926450	16	0.143	-0.294	9.661	6.720
1424223212421	37.502193	139.926454	16	0.117	-0.284	9.847	6.670
1424223212522	37.502199	139.926458	16	0.058	-0.167	9.370	6.621
1424223212623	37.502205	139.926462	16	0.076	-0.162	9.245	6.571
1424223212724	37.502211	139.926465	16	0.018	-0.244	9.382	6.522
1424223212819	37.502217	139.926468	13	-0.114	-0.307	9.516	6.488
1424223212920	37.502224	139.926470	13	-0.076	-0.261	9.549	6.462
1424223213021	37.502230	139.926472	13	-0.056	-0.279	9.514	6.436
1424223213121	37.502237	139.926474	13	-0.233	-0.248	9.008	6.411
1424223213222	37.502243	139.926476	13	-0.163	-0.359	9.307	6.386
1424223213323	37.502250	139.926478	13	0.034	-0.454	9.652	6.361
1424223213423	37.502256	139.926480	13	0.060	-0.346	9.475	6.336
1424223213519	37.502262	139.926482	13	0.057	-0.227	9.237	6.312
1424223213620	37.502269	139.926484	13	0.159	-0.282	9.430	6.287
1424223213720	37.502275	139.926486	13	0.120	-0.441	9.422	6.262
1424223213821	37.502281	139.926488	13	0.111	-0.294	9.394	6.237
1424223213922	37.502286	139.926491	13	0.137	-0.302	9.534	6.211
1424223214023	37.502291	139.926494	13	0.151	-0.260	9.498	6.186
1424223214123	37.502297	139.926496	13	0.091	-0.255	9.307	6.161
1424223214219	37.502302	139.926499	13	0.212	-0.155	9.170	6.136
1424223214320	37.502307	139.926501	13	0.246	-0.262	9.656	6.111
1424223214420	37.502312	139.926504	13	0.276	-0.461	9.899	6.086
1424223214521	37.502317	139.926507	13	0.294	-0.423	9.429	6.061
1424223214622	37.502322	139.926509	13	0.266	-0.261	9.384	6.036
1424223214723	37.502328	139.926512	13	0.165	-0.444	9.484	6.012
1424223214823	37.502333	139.926513	12	0.133	-0.539	9.470	5.972
1424223214919	37.502339	139.926514	12	0.118	-0.420	9.224	5.923
1424223215020	37.502344	139.926515	12	0.033	-0.344	9.587	5.871
1424223215120	37.502350	139.926516	12	-0.094	-0.512	9.791	5.820
1424223215221	37.502355	139.926517	12	-0.100	-0.570	9.308	5.769
1424223215322	37.502361	139.926517	12	0.083	-0.532	9.315	5.719
1424223215423	37.502366	139.926518	12	0.170	-0.481	9.416	5.669
1424223215523	37.502372	139.926519	12	0.315	-0.598	9.751	5.619
1424223215619	37.502377	139.926520	12	0.211	-0.581	9.456	5.573
1424223215720	37.502382	139.926521	12	0.121	-0.376	9.213	5.524
1424223215820	37.502387	139.926522	12	0.072	-0.333	9.292	5.460
1424223215921	37.502392	139.926525	12	0.003	-0.524	9.593	5.380
1424223216022	37.502396	139.926528	12	-0.153	-0.567	9.548	5.301
1424223216122	37.502401	139.926530	12	-0.122	-0.511	9.396	5.223
1424223216223	37.502405	139.926533	12	0.023	-0.323	9.421	5.147
1424223216319	37.502409	139.926535	12	0.153	-0.335	9.542	5.075
1424223216420	37.502414	139.926538	12	0.232	-0.432	9.473	5.000
1424223216520	37.502418	139.926540	12	0.215	-0.434	9.322	4.927
1424223216621	37.502422	139.926543	12	0.187	-0.365	9.397	4.855
1424223216722	37.502426	139.926545	12	0.103	-0.371	9.498	4.783
1424223216822	37.502430	139.926546	12	-0.015	-0.449	9.515	4.723
1424223216923	37.502434	139.926545	12	-0.052	-0.492	9.471	4.670
1424223217019	37.502438	139.926544	12	-0.030	-0.495	9.395	4.620
1424223217119	37.502442	139.926543	12	0.020	-0.443	9.474	4.569
1424223217220	37.502447	139.926542	12	0.078	-0.434	9.575	4.518
1424223217321	37.502451	139.926541	12	0.095	-0.418	9.420	4.468
1424223217422	37.502455	139.926540	12	0.073	-0.376	9.289	4.418
1424223217522	37.502458	139.926539	12	0.028	-0.371	9.398	4.369
1424223217623	37.502462	139.926538	12	-0.033	-0.344	9.575	4.320
1424223217719	37.502466	139.926537	12	-0.125	-0.308	9.544	4.274
1424223217824	37.502470	139.926537	12	-0.098	-0.195	9.282	4.221
1424223217920	37.502474	139.926538	12	-0.037	-0.170	9.226	4.171
1424223218019	37.502477	139.926538	12	-0.014	-0.268	9.522	4.120
1424223218121	37.502481	139.926539	12	-0.032	-0.335	9.620	4.067
1424223218221	37.502484	139.926539	12	-0.029	-0.244	9.318	4.017
1424223218323	37.502488	139.926540	12	0.023	-0.243	9.281	3.966
1424223218419	37.502491	139.926540	12	0.072	-0.312	9.464	3.918
1424223218519	37.502495	139.926541	12	0.049	-0.287	9.326	3.870
1424223218620	37.502498	139.926541	12	0.032	-0.373	9.355	3.821
1424223218721	37.502501	139.926542	12	0.005	-0.524	9.600	3.773
1424223218821	37.502504	139.926542	11	0.095	-0.564	9.381	3.723
1424223218922	37.502507	139.926542	11	0.180	-0.415	9.229	3.669
1424223219023	37.502510	139.926543	11	0.184	-0.400	9.539	3.617
1424223219124	37.502513	139.926543	11	0.083	-0.491	9.565	3.565
1424223219219	37.502515	139.926543	11	-0.044	-0.482	9.187	3.517
1424223219320	37.502518	139.926544	11	0.034	-0.529	9.273	3.466
1424223219421	37.502520	139.926544	11	0.138	-0.655	9.675	3.416
1424223219521	37.502523	139.926544	11	0.215	-0.727	9.503	3.368
1424223219622	37.502525	139.926545	11	0.259	-0.691	9.345	3.319
1424223219723	37.502528	139.926545	11	0.290	-0.643	9.310	3.272
1424223219823	37.502530	139.926545	11	0.252	-0.762	9.511	3.169
1424223219919	37.502531	139.926546	11	0.146	-0.932	9.578	3.026
1424223220020	37.502533	139.926547	11	0.097	-0.975	9.399	2.882
1424223220121	37.502534	139.926547	11	0.159	-0.924	9.423	2.743
1424223220221	37.502535	139.926548	11	0.218	-0.970	9.534	2.613
1424223220322	37.502536	139.926549	11	0.181	-1.032	9.400	2.486
1424223220423	37.502537	139.926549	11	0.168	-1.052	9.249	2.366
1424223220523	37.502539	139.926550	11	0.293	-1.034	9.468	2.253
1424223220619	37.502540	139.926550	11	0.375	-1.022	9.568	2.151
1424223220720	37.502541	139.926551	11	0.302	-1.003	9.418	2.048
1424223220820	37.502541	139.926551	10	0.266	-1.016	9.318	1.954
1424223220921	37.502541	139.926552	10	0.297	-1.075	9.502	1.865
1424223221022	37.502541	139.926553	10	0.257	-1.079	9.596	1.778
1424223221123	37.502541	139.926553	10	0.196	-1.034	9.427	1.696
1424223221223	37.502540	139.926554	10	0.216	-1.019	9.367	1.617
1424223221319	37.502540	139.926555	10	0.252	-0.956	9.471	1.545
1424223221420	37.502540	139.926555	10	0.271	-0.838	9.452	1.473
1424223221520	37.502540	139.926556	10	0.250	-0.706	9.412	1.405
1424223221621	37.502540	139.926556	10	0.215	-0.644	9.425	1.340
1424223221722	37.502540	139.926557	10	0.151	-0.633	9.457	1.278
1424223221823	37.502541	139.926557	10	0.070	-0.571	9.479	1.194
1424223221923	37.502542	139.926557	10	0.017	-0.463	9.461	1.094
1424223222019	37.502544	139.926557	10	0.018	-0.391	9.419	1.003
1424223222120	37.502545	139.926557	10	0.054	-0.358	9.433	0.914
1424223222220	37.502546	139.926557	10	0.075	-0.340	9.434	0.833
1424223222321	37.502547	139.926557	10	0.092	-0.317	9.425	0.757
1424223222422	37.502548	139.926557	10	0.102	-0.328	9.409	0.688
1424223222522	37.502549	139.926557	10	0.083	-0.341	9.419	0.626
1424223222623	37.502550	139.926557	10	0.055	-0.348	9.439	0.570
1424223222719	37.502551	139.926557	10	0.027	-0.335	9.443	0.523
1424223222820	37.502551	139.926557	10	0.007	-0.269	9.473	0.484
1424223222920	37.502552	139.926558	10	0.013	-0.195	9.442	0.452
1424223223021	37.502553	139.926558	10	0.027	-0.158	9.407	0.422
1424223223122	37.502553	139.926559	10	0.050	-0.148	9.390	0.393
1424223223222	37.502554	139.926559	10	0.054	-0.146	9.426	0.366
1424223223323	37.502554	139.926560	10	0.059	-0.142	9.420	0.341
1424223223419	37.502555	139.926560	10	0.047	-0.138	9.418	0.319
1424223223520	37.502555	139.926560	10	0.027	-0.141	9.426	0.297
1424223223620	37.502555	139.926561	10	0.003	-0.139	9.434	0.277
1424223223721	37.502556	139.926561	10	0.009	-0.139	9.422	0.258
1424223223822	37.502556	139.926561	10	0.015	-0.132	9.425	0.250
1424223223922	37.502557	139.926561	10	0.015	-0.106	9.420	0.250
1424223224023	37.502558	139.926562	10	0.016	-0.086	9.405	0.250
1424223224119	37.502558	139.926562	10	0.024	-0.091	9.405	0.250
1424223224219	37.502559	139.926562	10	0.037	-0.110	9.411	0.250
1424223224320	37.502560	139.926562	10	0.053	-0.122	9.402	0.250
1424223224421	37.502561	139.926562	10	0.043	-0.135	9.408	0.250
1424223224521	37.502561	139.926562	10	0.036	-0.152	9.434	0.250
1424223224622	37.502562	139.926563	10	0.035	-0.165	9.431	0.250
1424223224723	37.502563	139.926563	10	0.035	-0.176	9.435	0.250
1424223224819	37.502563	139.926563	10	0.035	-0.184	9.437	0.226
1424223224919	37.502562	139.926563	10	0.037	-0.192	9.433	0.181
1424223225020	37.502562	139.926563	10	0.033	-0.192	9.430	0.141
1424223225121	37.502561	139.926563	10	0.014	-0.123	9.440	0.105
1424223225221	37.502561	139.926563	10	-0.029	0.007	9.444	0.075
1424223225322	37.502561	139.926563	10	-0.068	0.112	9.403	0.050
1424223225423	37.502560	139.926563	10	-0.069	0.131	9.386	0.030
1424223225519	37.502560	139.926563	10	-0.044	0.092	9.411	0.016
1424223225619	37.502560	139.926563	10	-0.033	0.041	9.433	0.006
1424223225720	37.502560	139.926563	10	-0.032	0.042	9.423	0.001
1424223271618	37.503651	139.927089	11	-0.053	0.074	9.431	6.108
1424224986722	37.507232	139.931414	7	0.203	0.073	9.413	0.796
1424224986823	37.507232	139.931414	6	0.190	0.088	9.397	0.711
1424224986919	37.507232	139.931415	6	0.191	0.054	9.400	0.644
1424224987019	37.507232	139.931415	6	0.206	-0.037	9.394	0.579
1424224987120	37.507232	139.931415	6	0.242	-0.106	9.413	0.518
1424224987221	37.507233	139.931416	6	0.254	-0.135	9.430	0.463
1424224987322	37.507233	139.931416	6	0.228	-0.096	9.423	0.412
1424224987422	37.507233	139.931416	6	0.194	-0.018	9.422	0.367
1424224987523	37.507233	139.931417	6	0.188	0.037	9.411	0.327
1424224987619	37.507233	139.931417	6	0.200	0.066	9.412	0.293
1424224987719	37.507233	139.931417	6	0.211	0.076	9.406	0.263
1424224987820	37.507233	139.931417	6	0.191	0.083	9.407	0.250
1424224987921	37.507233	139.931417	6	0.188	0.083	9.396	0.250
1424224988021	37.507233	139.931417	6	0.185	0.081	9.411	0.250
1424224988122	37.507233	139.931417	6	0.183	0.089	9.408	0.250
1424224988223	37.507233	139.931417	6	0.193	0.099	9.385	0.250
1424224988324	37.507233	139.931418	6	0.182	0.109	9.394	0.250
1424224988419	37.507233	139.931418	6	0.186	0.114	9.406	0.250
1424224988520	37.507233	139.931418	6	0.175	0.210	9.436	0.250
1424225005615	37.507199	139.931813	10	0.124	0.392	9.415	3.788
1424225005620	37.507199	139.931813	10	0.119	0.400	9.416	3.786
1424225005721	37.507198	139.931818	10	0.077	0.207	9.445	3.762
1424225005822	37.507198	139.931822	10	0.094	0.057	9.399	3.737
1424225005922	37.507198	139.931826	10	0.104	-0.004	9.379	3.711
1424225006023	37.507198	139.931831	10	0.093	-0.051	9.377	3.685
1424225006119	37.507198	139.931835	10	0.065	-0.069	9.431	3.661
1424225006219	37.507198	139.931839	10	0.011	-0.098	9.446	3.636
1424225006320	37.507198	139.931843	10	-0.014	-0.068	9.415	3.610
1424225006421	37.507198	139.931847	10	-0.029	-0.051	9.404	3.585
1424225006521	37.507198	139.931851	10	-0.013	-0.019	9.405	3.561
1424225009618	37.507201	139.931919	7	0.030	0.002	9.412	0.810
1424225009623	37.507201	139.931919	7	0.028	0.004	9.412	0.808
1424225009719	37.507201	139.931920	7	-0.037	-0.012	9.429	0.769
1424225009820	37.507201	139.931920	7	-0.070	0.001	9.442	0.735
1424225009920	37.507201	139.931921	7	-0.099	-0.024	9.420	0.706
1424225010021	37.507202	139.931921	7	-0.052	-0.034	9.402	0.678
1424225010122	37.507202	139.931922	7	0.007	0.001	9.374	0.651
1424225010223	37.507202	139.931922	7	0.003	-0.009	9.426	0.624
1424225010323	37.507202	139.931922	7	-0.030	-0.015	9.416	0.599
1424225010424	37.507202	139.931923	7	-0.024	-0.002	9.376	0.575
1424225010520	37.507203	139.931923	7	0.004	-0.009	9.412	0.553
1424225010619	37.507203	139.931924	7	0.002	-0.018	9.444	0.531
1424225010721	37.507203	139.931924	7	0.039	-0.029	9.406	0.510
1424225010820	37.507203	139.931924	5	0.032	-0.043	9.378	0.500
1424225010922	37.507203	139.931925	5	0.000	-0.065	9.383	0.500
1424225011021	37.507204	139.931925	5	-0.024	-0.126	9.401	0.500
1424225011119	37.507204	139.931925	5	-0.014	-0.158	9.409	0.500
1424225011219	37.507204	139.931926	5	0.001	-0.162	9.393	0.500
1424225011320	37.507204	139.931926	5	-0.008	-0.154	9.400	0.500
1424225011421	37.507204	139.931927	5	-0.021	-0.179	9.419	0.500
1424225011522	37.507205	139.931927	5	0.005	-0.210	9.432	0.500
1424225011623	37.507205	139.931927	5	0.053	-0.213	9.446	0.500
1424225011723	37.507205	139.931928	5	0.077	-0.198	9.417	0.500
1424225011819	37.507205	139.931928	6	0.098	-0.186	9.399	0.500
1424225011919	37.507205	139.931927	6	0.072	-0.189	9.402	0.500
1424225012020	37.507205	139.931927	6	0.052	-0.200	9.425	0.500
1424225012121	37.507204	139.931926	6	0.030	-0.188	9.437	0.500
1424225012222	37.507204	139.931926	6	0.019	-0.186	9.408	0.500
1424225012322	37.507204	139.931925	6	-0.002	-0.182	9.392	0.500
1424225012423	37.507204	139.931925	6	0.005	-0.184	9.411	0.500
1424225012519	37.507204	139.931924	6	0.049	-0.171	9.423	0.500
1424225012619	37.507203	139.931924	6	0.070	-0.125	9.410	0.500
1424225012720	37.507203	139.931923	6	0.060	-0.077	9.420	0.500
1424225012821	37.507203	139.931923	7	0.020	-0.045	9.400	0.483
1424225012921	37.507203	139.931922	7	-0.003	-0.033	9.394	0.452
1424225013022	37.507203	139.931922	7	-0.013	-0.034	9.405	0.421
1424225013123	37.507203	139.931922	7	-0.011	-0.047	9.399	0.393
1424225013219	37.507202	139.931921	7	0.003	-0.066	9.411	0.367
1424225013319	37.507202	139.931921	7	0.009	-0.091	9.418	0.342
1424225013420	37.507202	139.931921	7	0.022	-0.102	9.408	0.319
1424225013521	37.507202	139.931921	7	0.025	-0.089	9.416	0.297
1424225013621	37.507202	139.931920	7	0.016	-0.076	9.416	0.277
1424225013722	37.507202	139.931920	7	-0.008	-0.083	9.420	0.258
1424225013823	37.507202	139.931921	7	-0.010	-0.103	9.403	0.224
1424225013923	37.507203	139.931922	7	0.009	-0.112	9.405	0.179
1424225014019	37.507204	139.931923	7	0.031	-0.109	9.416	0.141
1424225014120	37.507204	139.931923	7	0.037	-0.100	9.405	0.106
1424225014221	37.507205	139.931924	7	0.019	-0.087	9.409	0.075
1424225014321	37.507205	139.931925	7	0.007	-0.090	9.412	0.050
1424225014422	37.507206	139.931925	7	0.024	-0.118	9.404	0.030
1424225014523	37.507206	139.931926	7	0.003	-0.064	9.428	0.015
1424225087617	37.506861	139.933274	9	-0.067	0.120	9.450	7.074
1424225089616	37.506841	139.933418	8	-0.071	0.128	9.451	6.324
1424225089621	37.506841	139.933418	8	-0.073	0.134	9.451	6.322
1424225089721	37.506840	139.933426	8	0.000	0.049	9.379	6.274
1424225089822	37.506838	139.933434	8	0.005	-0.090	9.470	6.275
1424225089923	37.506836	139.933442	8	-0.014	-0.190	9.498	6.324
1424225090019	37.506834	139.933449	8	0.048	-0.175	9.394	6.371
1424225090119	37.506833	139.933457	8	0.088	-0.149	9.375	6.420
1424225090220	37.506831	139.933465	8	0.042	-0.149	9.436	6.470
1424225090321	37.506829	139.933473	8	0.032	-0.157	9.436	6.521
1424225090421	37.506827	139.933481	8	0.070	-0.081	9.437	6.571
1424225090522	37.506825	139.933489	8	0.057	-0.033	9.373	6.622
1424225090623	37.506823	139.933497	8	0.005	-0.038	9.418	6.674
1424225090723	37.506821	139.933505	8	-0.020	-0.052	9.480	6.726
1424225090819	37.506819	139.933514	9	0.049	-0.003	9.435	6.711
1424225090920	37.506818	139.933523	9	0.033	0.069	9.322	6.632
1424225091021	37.506817	139.933532	9	0.013	0.067	9.402	6.553
1424225091121	37.506815	139.933541	9	0.016	-0.075	9.487	6.477
1424225091222	37.506814	139.933550	9	0.122	-0.176	9.467	6.400
1424225091323	37.506813	139.933558	9	0.105	-0.086	9.397	6.324
1424225091423	37.506811	139.933567	9	0.082	-0.101	9.383	6.250
1424225091519	37.506810	139.933575	9	0.072	-0.169	9.461	6.180
1424225091620	37.506809	139.933584	9	0.112	-0.151	9.474	6.107
1424225091720	37.506808	139.933592	9	0.175	-0.129	9.358	6.035
1424225091821	37.506806	139.933599	10	0.134	-0.113	9.400	5.987
1424225091922	37.506804	139.933604	10	0.107	-0.174	9.446	5.961
1424225092023	37.506802	139.933610	10	0.144	-0.157	9.480	5.936
1424225092123	37.506800	139.933615	10	0.198	-0.108	9.382	5.911
1424225092219	37.506798	139.933620	10	0.163	-0.099	9.368	5.886
1424225092320	37.506796	139.933625	10	0.091	-0.111	9.428	5.861
1424225092420	37.506794	139.933631	10	0.092	-0.107	9.488	5.836
1424225092521	37.506792	139.933636	10	0.119	-0.026	9.436	5.811
1424225092622	37.506790	139.933641	10	0.125	0.044	9.364	5.786
1424225092723	37.506788	139.933647	10	0.108	0.101	9.431	5.762
1424225092823	37.506786	139.933651	10	0.092	0.092	9.487	5.692
1424225092919	37.506784	139.933654	10	0.100	0.086	9.393	5.589
1424225093020	37.506782	139.933658	10	0.090	0.147	9.337	5.482
1424225093120	37.506780	139.933662	10	0.095	0.160	9.339	5.378
1424225093221	37.506778	139.933665	10	0.069	0.146	9.415	5.275
1424225093322	37.506776	139.933669	10	0.022	0.094	9.483	5.174
1424225093422	37.506774	139.933672	10	0.047	0.079	9.356	5.076
1424225093523	37.506772	139.933675	10	0.092	0.106	9.283	4.979
1424225093619	37.506771	139.933678	10	0.088	0.074	9.369	4.889
1424225096615	37.506725	139.933823	9	0.087	0.072	9.378	4.038
1424225096620	37.506725	139.933823	9	0.084	0.069	9.384	4.037
1424225096721	37.506724	139.933827	9	0.067	-0.074	9.356	4.012
1424225096821	37.506723	139.933831	7	0.056	-0.185	9.396	3.973
1424225096922	37.506722	139.933835	7	0.047	-0.279	9.450	3.920
1424225097023	37.506721	139.933839	7	0.016	-0.281	9.445	3.867
1424225097123	37.506720	139.933843	7	0.073	-0.265	9.400	3.816
1424225097219	37.506719	139.933847	7	0.129	-0.287	9.413	3.767
1424225097320	37.506718	139.933851	7	0.139	-0.311	9.380	3.717
1424225097421	37.506718	139.933854	7	0.122	-0.389	9.440	3.667
1424225097521	37.506717	139.933858	7	0.107	-0.440	9.454	3.618
1424225097622	37.506716	139.933862	7	0.091	-0.458	9.424	3.570
1424225097723	37.506715	139.933865	7	0.130	-0.496	9.419	3.522
1424225097823	37.506714	139.933869	5	0.160	-0.505	9.423	3.456
1424225097919	37.506713	139.933872	5	0.201	-0.515	9.399	3.377
1424225098020	37.506712	139.933875	5	0.237	-0.524	9.416	3.296
1424225098120	37.506711	139.933879	5	0.240	-0.530	9.447	3.217
1424225098221	37.506710	139.933882	5	0.228	-0.563	9.377	3.139
1424225098322	37.506709	139.933885	5	0.189	-0.606	9.449	3.064
1424225098423	37.506708	139.933888	5	0.178	-0.654	9.490	2.990
1424225098523	37.506707	139.933891	5	0.210	-0.644	9.379	2.919
1424225098619	37.506706	139.933894	5	0.223	-0.635	9.421	2.852
1424225098720	37.506705	139.933897	5	0.265	-0.675	9.514	2.783
1424225098820	37.506705	139.933900	7	0.309	-0.691	9.422	2.689
1424225098921	37.506704	139.933902	7	0.299	-0.726	9.403	2.571
1424225099022	37.506703	139.933905	7	0.258	-0.678	9.485	2.456
1424225099123	37.506702	139.933908	7	0.180	-0.542	9.425	2.346
1424225099223	37.506701	139.933911	7	0.142	-0.488	9.415	2.242
1424225099319	37.506700	139.933913	7	0.166	-0.480	9.466	2.146
1424225099420	37.506699	139.933916	7	0.151	-0.428	9.408	2.049
1424225099520	37.506699	139.933918	7	0.111	-0.390	9.365	1.958
1424225099621	37.506698	139.933920	7	0.083	-0.324	9.357	1.871
1424225099722	37.506697	139.933922	7	0.105	-0.251	9.397	1.788
1424225099822	37.506696	139.933924	7	0.060	-0.183	9.458	1.678
1424225099923	37.506696	139.933925	7	-0.017	-0.108	9.432	1.545
1424225100019	37.506695	139.933926	7	-0.004	-0.066	9.361	1.426
1424225100119	37.506694	139.933927	7	0.053	-0.058	9.424	1.310
1424225100220	37.506693	139.933928	7	0.053	-0.024	9.443	1.201
1424225100321	37.506692	139.933929	7	0.013	0.020	9.363	1.100
1424225100422	37.506692	139.933930	7	-0.023	0.026	9.435	1.007
1424225100522	37.506691	139.933930	7	-0.010	-0.008	9.488	0.923
1424225100623	37.506691	139.933931	7	-0.013	-0.008	9.458	0.847
1424225100719	37.506690	139.933932	7	-0.085	0.104	9.400	0.782
1424225100819	37.506690	139.933933	8	-0.153	0.280	9.350	0.761
1424225100920	37.506691	139.933934	8	-0.164	0.362	9.318	0.783
1424225101021	37.506692	139.933936	8	-0.126	0.289	9.346	0.806
1424225101121	37.506692	139.933937	8	-0.092	0.154	9.483	0.830
1424225101222	37.506693	139.933939	8	-0.078	0.126	9.474	0.854
1424225101323	37.506694	139.933941	8	-0.092	0.156	9.382	0.879
1424225101419	37.506694	139.933942	8	-0.060	0.156	9.370	0.904
1424225101519	37.506695	139.933944	8	-0.017	0.098	9.403	0.931
1424225125619	37.505709	139.933926	7	-0.010	0.066	9.424	6.323
1424225125720	37.505704	139.933926	7	-0.002	0.064	9.718	6.274
1424225125820	37.505698	139.933926	6	0.150	0.116	9.538	6.224
1424225125921	37.505693	139.933925	6	0.323	-0.092	9.254	6.172
1424225126022	37.505687	139.933925	6	0.370	-0.221	9.052	6.120
1424225126122	37.505681	139.933925	6	0.368	-0.201	9.184	6.069
1424225126223	37.505676	139.933924	6	0.205	-0.192	9.537	6.018
1424225126319	37.505671	139.933924	6	0.126	-0.207	9.589	5.970
1424225126419	37.505665	139.933923	6	0.096	-0.231	9.478	5.921
1424225126520	37.505660	139.933923	6	0.200	-0.217	9.465	5.871
1424225126621	37.505655	139.933923	6	0.299	-0.181	9.412	5.822
1424225126722	37.505649	139.933922	6	0.443	-0.098	9.408	5.773
1424225126822	37.505644	139.933921	8	0.443	-0.019	9.453	5.750
1424225126923	37.505637	139.933918	8	0.405	0.016	9.509	5.750
1424225127019	37.505631	139.933915	8	0.407	0.076	9.400	5.750
1424225127119	37.505624	139.933912	8	0.369	0.084	9.397	5.750
1424225127220	37.505618	139.933909	8	0.337	0.066	9.500	5.750
1424225127321	37.505611	139.933907	8	0.335	0.107	9.327	5.750
1424225127421	37.505605	139.933904	8	0.339	0.192	9.354	5.750
1424225127522	37.505598	139.933901	8	0.318	0.222	9.388	5.750
1424225127623	37.505592	139.933898	8	0.283	0.195	9.356	5.750
1424225127723	37.505585	139.933895	8	0.266	0.127	9.370	5.750
1424225127819	37.505580	139.933894	8	0.254	0.119	9.429	5.737
1424225127920	37.505575	139.933893	8	0.197	0.105	9.478	5.712
1424225128021	37.505570	139.933893	8	0.122	0.066	9.493	5.686
1424225128121	37.505565	139.933892	8	0.022	0.036	9.395	5.661
1424225128222	37.505560	139.933892	8	0.058	0.035	9.445	5.636
1424225128323	37.505555	139.933891	8	-0.025	0.114	9.170	5.610
1424225128423	37.505550	139.933891	8	-0.041	0.111	9.258	5.585
1424225128519	37.505545	139.933890	8	-0.058	0.001	9.489	5.562
1424225128620	37.505540	139.933890	8	0.001	-0.140	9.574	5.537
1424225128721	37.505535	139.933889	8	0.012	-0.134	9.482	5.512
1424225128821	37.505531	139.933888	6	-0.031	-0.092	9.311	5.487
1424225128922	37.505526	139.933887	6	-0.020	-0.161	9.426	5.461
1424225129023	37.505521	139.933886	6	-0.017	-0.267	9.404	5.436
1424225129123	37.505516	139.933885	6	0.013	-0.210	9.368	5.410
1424225129219	37.505512	139.933884	6	-0.021	-0.121	9.390	5.386
1424225129320	37.505507	139.933883	6	-0.082	-0.177	9.486	5.361
1424225129421	37.505502	139.933882	6	-0.083	-0.270	9.543	5.336
1424225129521	37.505497	139.933881	6	-0.075	-0.240	9.411	5.311
1424225129622	37.505493	139.933880	6	-0.121	-0.213	9.497	5.286
1424225129723	37.505488	139.933879	6	-0.186	-0.180	9.490	5.261
1424225129823	37.505484	139.933879	5	-0.206	-0.185	9.443	5.236
1424225129919	37.505480	139.933878	5	-0.177	-0.123	9.316	5.212
1424225130020	37.505476	139.933877	5	-0.168	-0.054	9.285	5.186
1424225130120	37.505472	139.933876	5	-0.186	-0.073	9.511	5.161
1424225130221	37.505469	139.933875	5	-0.237	-0.009	9.339	5.136
1424225130322	37.505465	139.933875	5	-0.272	0.071	9.249	5.110
1424225130423	37.505461	139.933874	5	-0.358	-0.034	9.465	5.085
1424225130523	37.505457	139.933873	5	-0.447	-0.096	9.574	5.061
1424225130619	37.505454	139.933872	5	-0.495	0.005	9.338	5.037
1424225173616	37.503227	139.935973	10	-0.491	0.004	9.325	6.074
1424225173621	37.503227	139.935973	10	-0.484	-0.003	9.310	6.072
1424225173722	37.503222	139.935977	10	-0.190	-0.114	9.104	6.023
1424225173823	37.503218	139.935980	10	0.022	-0.081	9.281	5.958
1424225173923	37.503216	139.935982	10	0.070	-0.064	9.371	5.879
1424225174019	37.503214	139.935984	10	0.072	-0.114	9.373	5.804
1424225174120	37.503212	139.935987	10	0.068	-0.084	9.362	5.726
1424225174220	37.503210	139.935989	10	-0.025	-0.183	9.451	5.650
1424225174321	37.503208	139.935991	10	-0.018	-0.328	9.635	5.574
1424225174422	37.503206	139.935993	10	0.026	-0.332	9.460	5.500
1424225174523	37.503204	139.935995	10	0.171	-0.265	9.278	5.426
1424225174623	37.503202	139.935997	10	0.225	-0.255	9.337	5.354
1424225174719	37.503200	139.935999	10	0.232	-0.306	9.482	5.286
1424225174820	37.503197	139.936001	10	0.198	-0.340	9.501	5.250
1424225174920	37.503193	139.936004	10	0.177	-0.246	9.395	5.250
1424225175021	37.503188	139.936006	10	0.125	-0.273	9.382	5.250
1424225175122	37.503184	139.936009	10	0.056	-0.443	9.550	5.250
1424225175222	37.503180	139.936011	10	0.087	-0.525	9.620	5.250
1424225175323	37.503175	139.936014	10	0.137	-0.427	9.444	5.250
1424225175419	37.503171	139.936016	10	0.085	-0.354	9.246	5.250
1424225175520	37.503167	139.936019	10	0.033	-0.413	9.440	5.250
1424225175620	37.503162	139.936021	10	-0.003	-0.472	9.629	5.250
1424225175721	37.503158	139.936024	10	-0.009	-0.394	9.518	5.250
1424225175822	37.503154	139.936027	10	0.012	-0.302	9.388	5.223
1424225175922	37.503149	139.936031	10	-0.005	-0.298	9.390	5.171
1424225176023	37.503145	139.936035	10	-0.064	-0.364	9.499	5.119
1424225176119	37.503141	139.936038	10	-0.046	-0.278	9.146	5.070
1424225176219	37.503137	139.936042	10	0.020	-0.239	9.236	5.019
1424225176320	37.503132	139.936046	10	0.039	-0.289	9.510	4.969
1424225176421	37.503128	139.936050	10	0.016	-0.324	9.558	4.919
1424225176522	37.503124	139.936053	10	-0.035	-0.351	9.431	4.869
1424225176622	37.503120	139.936057	10	-0.054	-0.373	9.388	4.821
1424225176723	37.503116	139.936060	10	0.018	-0.420	9.489	4.772
1424225176819	37.503113	139.936066	15	-0.009	-0.380	9.382	4.737
1424225176919	37.503110	139.936073	15	-0.028	-0.410	9.254	4.712
1424225177020	37.503108	139.936081	15	0.019	-0.458	9.414	4.686
1424225177121	37.503105	139.936088	15	0.063	-0.418	9.510	4.661
1424225177222	37.503103	139.936096	15	0.066	-0.400	9.464	4.635
1424225177322	37.503100	139.936103	15	0.059	-0.406	9.390	4.610
1424225177423	37.503098	139.936111	15	0.041	-0.401	9.337	4.585
1424225177519	37.503095	139.936118	15	-0.001	-0.450	9.427	4.561
1424225177619	37.503093	139.936125	15	0.050	-0.411	9.343	4.537
1424225177720	37.503090	139.936132	15	0.107	-0.448	9.297	4.512
1424225177821	37.503087	139.936136	15	0.083	-0.598	9.529	4.458
1424225177921	37.503084	139.936137	15	0.020	-0.682	9.623	4.378
1424225178022	37.503081	139.936137	15	-0.065	-0.686	9.410	4.298
1424225178123	37.503078	139.936138	15	-0.067	-0.752	9.343	4.220
1424225178219	37.503075	139.936138	15	-0.018	-0.808	9.481	4.146
1424225178319	37.503072	139.936139	15	0.057	-0.822	9.513	4.071
1424225178420	37.503070	139.936139	15	0.153	-0.806	9.405	3.997
1424225178521	37.503067	139.936140	15	0.231	-0.724	9.415	3.924
1424225178621	37.503064	139.936140	15	0.234	-0.533	9.443	3.853
1424225178722	37.503061	139.936141	15	0.168	-0.421	9.320	3.783
1424225178823	37.503058	139.936141	13	0.142	-0.384	9.348	3.722
1424225178924	37.503053	139.936142	13	0.113	-0.325	9.451	3.668
1424225179019	37.503049	139.936143	13	0.019	-0.283	9.512	3.619
1424225179120	37.503045	139.936144	13	-0.122	-0.223	9.469	3.567
1424225179221	37.503041	139.936145	13	-0.168	-0.191	9.414	3.516
1424225179321	37.503037	139.936146	13	-0.137	-0.170	9.445	3.466
1424225179422	37.503033	139.936146	13	-0.053	-0.146	9.423	3.416
1424225179523	37.503029	139.936147	13	0.012	-0.125	9.395	3.367
1424225179623	37.503025	139.936148	13	0.039	-0.163	9.357	3.319
1424225179719	37.503021	139.936149	13	0.071	-0.239	9.408	3.274
1424225179820	37.503018	139.936149	13	0.106	-0.328	9.458	3.191
1424225179920	37.503015	139.936148	13	0.112	-0.381	9.472	3.077
1424225180021	37.503013	139.936148	13	0.094	-0.386	9.394	2.965
1424225180122	37.503010	139.936148	13	0.067	-0.409	9.416	2.857
1424225180223	37.503008	139.936148	13	0.040	-0.441	9.433	2.752
1424225180323	37.503006	139.936147	13	0.034	-0.459	9.465	2.652
1424225180419	37.503004	139.936147	13	0.069	-0.493	9.466	2.560
1424225180520	37.503002	139.936147	13	0.120	-0.561	9.465	2.466
1424225180620	37.503000	139.936146	13	0.153	-0.619	9.444	2.377
1424225180721	37.502998	139.936146	13	0.174	-0.666	9.456	2.291
1424225180822	37.502996	139.936148	10	0.183	-0.682	9.388	2.221
1424225180923	37.502994	139.936151	10	0.172	-0.617	9.382	2.165
1424225181023	37.502992	139.936153	10	0.131	-0.441	9.473	2.112
1424225181119	37.502990	139.936156	10	0.095	-0.298	9.446	2.061
1424225181225	37.502988	139.936159	10	0.081	-0.227	9.379	2.007
1424225181320	37.502987	139.936162	10	0.076	-0.227	9.391	1.960
1424225181419	37.502985	139.936164	10	0.082	-0.212	9.418	1.911
1424225181522	37.502983	139.936167	10	0.093	-0.170	9.387	1.862
1424225181621	37.502981	139.936169	10	0.100	-0.166	9.369	1.817
1424225181723	37.502980	139.936172	10	0.095	-0.189	9.397	1.771
1424225181819	37.502979	139.936171	15	0.080	-0.203	9.420	1.682
1424225181920	37.502979	139.936167	15	0.066	-0.204	9.419	1.549
1424225182020	37.502979	139.936163	15	0.058	-0.199	9.419	1.425
1424225182121	37.502979	139.936159	15	0.060	-0.205	9.423	1.308
1424225182222	37.502978	139.936155	15	0.070	-0.203	9.420	1.199
1424225182322	37.502978	139.936152	15	0.074	-0.213	9.403	1.099
1424225182423	37.502978	139.936149	15	0.075	-0.244	9.411	1.006
1424225182519	37.502978	139.936147	15	0.076	-0.276	9.424	0.926
1424225182620	37.502978	139.936144	15	0.082	-0.285	9.424	0.849
1424225182720	37.502978	139.936142	15	0.090	-0.288	9.430	0.781
1424225182821	37.502978	139.936142	15	0.091	-0.289	9.423	0.750
1424225182922	37.502979	139.936145	15	0.089	-0.287	9.426	0.750
1424225183022	37.502980	139.936148	15	0.089	-0.278	9.420	0.750
1424225183123	37.502980	139.936151	15	0.085	-0.279	9.409	0.750
1424225183219	37.502981	139.936153	15	0.034	-0.144	9.444	0.750
1424225183319	37.502981	139.936156	15	-0.060	0.121	9.459	0.750
1424225183420	37.502982	139.936159	15	-0.139	0.375	9.395	0.750
1424225183521	37.502983	139.936161	15	-0.153	0.488	9.347	0.750
1424225235617	37.502689	139.937604	6	-0.103	0.408	9.341	4.573
1424225235622	37.502689	139.937604	6	-0.094	0.399	9.341	4.571
1424225235723	37.502688	139.937610	6	0.345	0.036	9.376	4.522
1424225235824	37.502688	139.937614	6	0.656	-0.211	9.336	4.404
1424225235919	37.502688	139.937618	6	0.760	-0.350	9.258	4.238
1424225236020	37.502688	139.937621	6	0.765	-0.517	9.364	4.069
1424225236121	37.502688	139.937625	6	0.718	-0.703	9.483	3.905
1424225236221	37.502688	139.937628	6	0.710	-0.825	9.568	3.749
1424225236322	37.502688	139.937631	6	0.870	-0.836	9.449	3.598
1424225236423	37.502688	139.937634	6	1.037	-0.816	9.388	3.453
1424225236523	37.502688	139.937637	6	1.110	-0.802	9.472	3.315
1424225236619	37.502688	139.937640	6	1.176	-0.796	9.544	3.188
1424225236720	37.502688	139.937643	6	1.158	-0.713	9.343	3.061
1424225236821	37.502687	139.937645	5	1.126	-0.666	9.342	2.972
1424225236921	37.502686	139.937647	5	0.973	-0.564	9.463	2.919
1424225237022	37.502685	139.937649	5	0.796	-0.378	9.633	2.865
1424225237123	37.502684	139.937651	5	0.660	-0.100	9.409	2.813
1424225237223	37.502683	139.937653	5	0.629	0.050	9.253	2.762
1424225237319	37.502682	139.937654	5	0.682	-0.024	9.449	2.714
1424225237420	37.502681	139.937656	5	0.695	-0.027	9.538	2.665
1424225237520	37.502680	139.937658	5	0.688	0.068	9.431	2.616
1424225237621	37.502679	139.937660	5	0.733	0.215	9.356	2.569
1424225237722	37.502678	139.937661	5	0.812	0.314	9.336	2.522
1424225237823	37.502677	139.937662	5	0.829	0.397	9.299	2.471
1424225237923	37.502676	139.937663	5	0.754	0.439	9.374	2.416
1424225238024	37.502676	139.937664	5	0.736	0.417	9.313	2.362
1424225238120	37.502675	139.937665	5	0.733	0.405	9.351	2.312
1424225238219	37.502674	139.937666	5	0.732	0.390	9.443	2.262
1424225238321	37.502673	139.937667	5	0.785	0.404	9.456	2.211
1424225238420	37.502672	139.937667	5	0.856	0.379	9.481	2.162
1424225238523	37.502671	139.937668	5	0.849	0.423	9.437	2.113
1424225282617	37.499983	139.936429	5	0.771	0.547	9.259	7.074
1424225282623	37.499983	139.936429	5	0.758	0.550	9.247	7.071
1424225282723	37.499977	139.936427	5	0.290	0.269	9.284	7.023
1424225282819	37.499971	139.936425	5	0.045	0.081	9.269	6.988
1424225282920	37.499966	139.936422	5	-0.063	-0.039	9.372	6.962
1424225283020	37.499961	139.936419	5	-0.159	-0.095	9.313	6.937
1424225283121	37.499956	139.936416	5	-0.186	-0.008	9.362	6.911
1424225283222	37.499950	139.936413	5	-0.217	-0.055	9.453	6.886
1424225283322	37.499945	139.936410	5	-0.258	-0.046	9.482	6.861
1424225283423	37.499940	139.936408	5	-0.170	-0.032	9.518	6.836
1424225283519	37.499935	139.936405	5	-0.155	0.002	9.367	6.812
1424225283620	37.499930	139.936402	5	-0.112	0.016	9.362	6.787
1424225289617	37.499585	139.936215	7	-0.102	0.027	9.373	6.074
1424225289622	37.499585	139.936215	7	-0.094	0.040	9.385	6.071
1424225289722	37.499579	139.936211	7	0.058	-0.148	9.512	6.023
1424225289823	37.499574	139.936209	7	0.082	-0.431	9.629	5.958
1424225289919	37.499570	139.936208	7	0.151	-0.491	9.464	5.882
1424225290019	37.499566	139.936207	7	0.193	-0.469	9.247	5.804
1424225290120	37.499561	139.936206	7	0.255	-0.613	9.499	5.726
1424225290221	37.499557	139.936206	7	0.117	-0.598	9.588	5.649
1424225290322	37.499553	139.936205	7	0.193	-0.673	9.335	5.574
1424225290422	37.499549	139.936204	7	0.294	-0.605	9.421	5.500
1424225290523	37.499545	139.936204	7	0.330	-0.617	9.483	5.426
1424225290619	37.499542	139.936203	7	0.219	-0.756	9.496	5.357
1424225290719	37.499538	139.936202	7	0.243	-0.794	9.429	5.286
1424225290820	37.499534	139.936201	5	0.224	-0.773	9.357	5.179
1424225290921	37.499531	139.936199	5	0.261	-0.755	9.374	5.040
1424225291022	37.499528	139.936198	5	0.244	-0.884	9.290	4.903
1424225291122	37.499525	139.936196	5	0.182	-1.034	9.414	4.771
1424225291223	37.499521	139.936195	5	0.381	-1.097	9.775	4.642
1424225291319	37.499519	139.936193	5	0.485	-1.047	9.480	4.522
1424225291419	37.499516	139.936192	5	0.606	-0.915	9.236	4.400
1424225291520	37.499513	139.936190	5	0.665	-0.851	9.257	4.281
1424225291621	37.499510	139.936189	5	0.765	-0.774	9.670	4.165
1424225291721	37.499507	139.936188	5	0.682	-0.601	9.581	4.053
1424225291822	37.499505	139.936187	6	0.621	-0.462	9.465	3.957
1424225291923	37.499504	139.936186	6	0.797	-0.367	9.418	3.875
1424225292019	37.499502	139.936185	6	0.765	-0.233	9.206	3.799
1424225292119	37.499501	139.936184	6	0.762	-0.114	9.178	3.721
1424225292220	37.499499	139.936183	6	0.839	-0.137	9.579	3.643
1424225292321	37.499498	139.936182	6	0.747	-0.015	9.463	3.568
1424225292421	37.499497	139.936182	6	0.855	0.255	9.283	3.494
1424225292522	37.499495	139.936181	6	0.886	0.347	9.344	3.422
1424225292623	37.499494	139.936180	6	0.879	0.410	9.450	3.351
1424225292724	37.499493	139.936179	6	0.709	0.484	9.346	3.281
1424225292819	37.499492	139.936178	6	0.656	0.345	9.588	3.250
1424225292920	37.499491	139.936176	6	0.629	0.323	9.607	3.250
1424225293021	37.499489	139.936173	6	0.596	0.373	9.202	3.250
1424225293121	37.499488	139.936171	6	0.783	0.398	9.289	3.250
1424225293222	37.499487	139.936169	6	0.946	0.411	9.590	3.250
1424225293323	37.499486	139.936167	6	1.020	0.615	9.242	3.250
1424225293423	37.499485	139.936165	6	1.248	0.650	9.289	3.250
1424225293519	37.499485	139.936163	6	1.395	0.499	9.621	3.250
1424225293620	37.499483	139.936160	6	1.191	0.367	9.519	3.250
1424225293721	37.499482	139.936158	6	0.895	0.417	9.242	3.250
1424225293821	37.499481	139.936155	6	0.899	0.557	9.272	3.274
1424225293922	37.499480	139.936152	6	0.796	0.391	9.720	3.321
1424225294023	37.499478	139.936148	6	0.651	0.304	9.759	3.370
1424225294123	37.499476	139.936144	6	0.838	0.366	9.290	3.418
1424225294219	37.499475	139.936141	6	0.963	0.454	9.130	3.466
1424225294320	37.499473	139.936137	6	1.066	0.469	9.157	3.516
1424225294421	37.499471	139.936133	6	1.300	0.392	9.603	3.567
1424225294521	37.499469	139.936129	6	1.358	0.453	9.504	3.619
1424225294622	37.499468	139.936125	6	1.263	0.377	9.266	3.671
1424225294723	37.499466	139.936121	6	1.302	0.342	9.654	3.725
1424225294823	37.499466	139.936116	6	1.243	0.345	9.451	3.763
1424225294919	37.499468	139.936112	6	1.129	0.444	9.074	3.786
1424225295025	37.499469	139.936107	6	1.246	0.413	9.435	3.812
1424225295120	37.499471	139.936102	6	1.248	0.356	9.731	3.836
1424225295219	37.499473	139.936097	6	1.195	0.521	9.246	3.860
1424225295322	37.499475	139.936092	6	1.285	0.533	9.147	3.886
1424225295421	37.499477	139.936087	6	1.365	0.473	9.398	3.911
1424225295523	37.499478	139.936082	6	1.501	0.487	9.354	3.937
1424225295619	37.499480	139.936077	6	1.354	0.424	9.519	3.961
1424225302618	37.499613	139.935645	6	1.336	0.423	9.525	6.537
1424225302623	37.499613	139.935644	6	1.315	0.422	9.533	6.536
1424225302719	37.499614	139.935638	6	0.826	0.132	9.556	6.513
1424225302819	37.499616	139.935632	6	0.510	0.006	9.339	6.488
1424225302920	37.499618	139.935625	6	0.373	-0.094	9.343	6.462
1424225303021	37.499620	139.935618	6	0.249	-0.241	9.406	6.436
1424225303122	37.499622	139.935611	6	0.241	-0.380	9.396	6.411
1424225303222	37.499625	139.935604	6	0.245	-0.488	9.357	6.386
1424225303323	37.499627	139.935598	6	0.235	-0.513	9.471	6.361
1424225303419	37.499629	139.935591	6	0.217	-0.566	9.519	6.337
1424225303519	37.499631	139.935585	6	0.238	-0.509	9.399	6.312
1424225303620	37.499633	139.935578	6	0.221	-0.497	9.366	6.287
1424225303721	37.499635	139.935571	6	0.232	-0.518	9.448	6.262
1424225303822	37.499637	139.935565	6	0.212	-0.565	9.522	6.223
1424225303922	37.499639	139.935559	6	0.154	-0.559	9.444	6.171
1424225304023	37.499640	139.935553	6	0.177	-0.542	9.405	6.120
1424225304119	37.499642	139.935548	6	0.169	-0.563	9.454	6.071
1424225304219	37.499644	139.935542	6	0.151	-0.587	9.494	6.020
1424225304320	37.499646	139.935537	6	0.170	-0.575	9.476	5.970
1424225304421	37.499647	139.935531	6	0.210	-0.522	9.394	5.920
1424225304521	37.499649	139.935526	6	0.175	-0.567	9.500	5.871
1424225304622	37.499651	139.935520	6	0.143	-0.543	9.454	5.821
1424225304723	37.499652	139.935515	6	0.161	-0.484	9.262	5.773
1424225304819	37.499654	139.935509	6	0.218	-0.536	9.421	5.711
1424225304919	37.499655	139.935504	6	0.198	-0.541	9.449	5.632
1424225305020	37.499657	139.935498	6	0.222	-0.554	9.463	5.553
1424225305121	37.499659	139.935493	6	0.207	-0.600	9.420	5.475
1424225305221	37.499660	139.935487	6	0.204	-0.602	9.465	5.399
1424225305322	37.499662	139.935482	6	0.241	-0.608	9.371	5.323
1424225305423	37.499663	139.935477	6	0.223	-0.632	9.449	5.248
1424225305519	37.499664	139.935472	6	0.198	-0.585	9.461	5.178
1424225305619	37.499666	139.935467	6	0.229	-0.573	9.428	5.107
1424225305720	37.499667	139.935461	6	0.280	-0.667	9.572	5.035
1424225305821	37.499668	139.935457	6	0.207	-0.651	9.502	4.944
1424225305921	37.499669	139.935453	6	0.125	-0.591	9.176	4.835
1424225306022	37.499670	139.935449	6	0.184	-0.757	9.478	4.727
1424225306123	37.499671	139.935445	6	0.282	-0.846	9.681	4.622
1424225306223	37.499672	139.935442	6	0.336	-0.781	9.330	4.519
1424225306319	37.499673	139.935438	6	0.323	-0.830	9.309	4.423
1424225306420	37.499673	139.935435	6	0.274	-0.944	9.486	4.325
1424225306521	37.499674	139.935431	6	0.273	-1.045	9.659	4.228
1424225306621	37.499675	139.935428	6	0.240	-1.028	9.313	4.135
1424225306722	37.499676	139.935425	6	0.306	-1.187	9.266	4.043
1424225306823	37.499677	139.935421	6	0.355	-1.239	9.471	3.940
1424225306923	37.499678	139.935418	6	0.325	-1.170	9.503	3.828
1424225307019	37.499678	139.935415	6	0.328	-1.179	9.388	3.724
1424225307120	37.499679	139.935412	6	0.356	-1.266	9.428	3.618
1424225307220	37.499680	139.935408	6	0.379	-1.299	9.543	3.515
1424225307321	37.499681	139.935405	6	0.390	-1.238	9.459	3.414
1424225307422	37.499682	139.935402	6	0.395	-1.234	9.391	3.316
1424225307523	37.499683	139.935400	6	0.374	-1.285	9.451	3.220
1424225307623	37.499684	139.935397	6	0.335	-1.263	9.459	3.129
1424225307719	37.499685	139.935394	6	0.337	-1.311	9.423	3.044
1424225307820	37.499684	139.935391	8	0.274	-1.302	9.424	2.901
1424225307920	37.499683	139.935388	8	0.255	-1.226	9.370	2.711
1424225308021	37.499682	139.935385	8	0.300	-1.257	9.434	2.530
1424225308122	37.499680	139.935381	8	0.360	-1.319	9.488	2.358
1424225308222	37.499679	139.935379	8	0.451	-1.399	9.670	2.198
1424225308323	37.499678	139.935376	8	0.482	-1.349	9.542	2.047
1424225308419	37.499677	139.935373	8	0.458	-1.191	9.189	1.913
1424225308520	37.499676	139.935371	8	0.459	-1.156	9.255	1.781
1424225308620	37.499675	139.935369	8	0.443	-1.248	9.544	1.661
1424225308721	37.499674	139.935367	8	0.434	-1.277	9.525	1.550
1424225308822	37.499674	139.935366	8	0.366	-1.246	9.326	1.423
1424225308922	37.499674	139.935365	8	0.264	-1.251	9.423	1.284
1424225309023	37.499674	139.935365	8	0.333	-1.258	9.500	1.153
1424225309124	37.499674	139.935364	8	0.341	-1.212	9.402	1.032
1424225309220	37.499675	139.935364	8	0.123	-1.166	9.353	0.926
1424225309319	37.499675	139.935363	8	0.163	-1.266	9.535	0.827
1424225309421	37.499675	139.935363	8	0.382	-1.418	9.626	0.735
1424225309520	37.499675	139.935363	8	0.645	-1.357	9.620	0.656
1424225309622	37.499675	139.935362	8	0.676	-1.017	9.433	0.585
1424225309721	37.499675	139.935362	8	0.455	-0.670	9.284	0.526
1424225309819	37.499675	139.935362	5	0.214	-0.473	9.326	0.452
1424225309919	37.499674	139.935362	5	0.086	-0.416	9.409	0.362
1424225310020	37.499674	139.935362	5	0.051	-0.386	9.417	0.281
1424225310121	37.499674	139.935362	5	-0.043	-0.356	9.396	0.211
1424225310222	37.499674	139.935362	5	-0.091	-0.329	9.393	0.150
1424225310322	37.499673	139.935362	5	-0.040	-0.257	9.429	0.100
1424225310423	37.499673	139.935362	5	0.020	-0.111	9.441	0.060
1424225310519	37.499673	139.935362	5	0.033	0.007	9.399	0.032
1424225310619	37.499673	139.935362	5	-0.012	0.063	9.377	0.011
1424225310720	37.499673	139.935362	5	-0.015	0.026	9.390	0.001
1424225337619	37.499938	139.934437	6	-0.027	-0.013	9.418	7.787
1424225337725	37.499941	139.934428	6	0.004	-0.171	9.460	7.761
1424225337821	37.499943	139.934420	6	0.079	-0.249	9.437	7.737
1424225337920	37.499945	139.934411	6	0.097	-0.296	9.461	7.712
1424225338022	37.499947	139.934402	6	0.057	-0.315	9.426	7.686
1424225338121	37.499949	139.934394	6	0.109	-0.333	9.297	7.661
1424225338223	37.499951	139.934385	6	0.167	-0.292	9.323	7.636
1424225338319	37.499953	139.934377	6	0.193	-0.338	9.479	7.612
1424225338420	37.499954	139.934368	6	0.213	-0.331	9.477	7.587
1424225338520	37.499956	139.934360	6	0.182	-0.297	9.346	7.562
1424225338621	37.499958	139.934351	6	0.081	-0.286	9.307	7.537
1424225338722	37.499960	139.934343	6	0.117	-0.304	9.396	7.512
1424225338823	37.499962	139.934335	6	0.103	-0.304	9.369	7.487
1424225338923	37.499964	139.934328	6	0.038	-0.346	9.519	7.461
1424225339019	37.499966	139.934320	6	0.025	-0.342	9.471	7.437
1424225339120	37.499968	139.934313	6	0.052	-0.355	9.285	7.412
1424225339220	37.499971	139.934305	6	-0.001	-0.357	9.324	7.386
1424225339321	37.499973	139.934298	6	0.022	-0.348	9.443	7.361
1424225339422	37.499975	139.934290	6	0.000	-0.351	9.442	7.336
1424225339522	37.499977	139.934283	6	-0.014	-0.295	9.297	7.311
1424225339623	37.499979	139.934276	6	0.058	-0.364	9.406	7.286
1424225339719	37.499981	139.934269	6	0.090	-0.364	9.385	7.263
1424225339820	37.499983	139.934261	6	0.118	-0.343	9.374	7.250
1424225339920	37.499985	139.934254	6	0.091	-0.352	9.449	7.250
1424225340021	37.499987	139.934246	6	0.129	-0.367	9.335	7.250
1424225340122	37.499989	139.934238	6	0.150	-0.353	9.325	7.250
1424225340222	37.499991	139.934231	6	0.107	-0.346	9.472	7.250
1424225340323	37.499994	139.934223	6	0.099	-0.372	9.612	7.250
1424225340419	37.499996	139.934216	6	0.140	-0.337	9.335	7.250
1424225340520	37.499998	139.934208	6	0.073	-0.310	9.278	7.250
1424225340620	37.500000	139.934200	6	0.077	-0.399	9.520	7.250
1424225340721	37.500002	139.934193	6	0.165	-0.412	9.593	7.250
1424225340822	37.500004	139.934185	6	0.079	-0.375	9.461	7.237
1424225340922	37.500007	139.934178	6	0.030	-0.368	9.414	7.211
1424225341023	37.500010	139.934170	6	0.082	-0.394	9.374	7.186
1424225341119	37.500013	139.934163	6	0.095	-0.359	9.279	7.162
1424225341219	37.500015	139.934155	6	0.115	-0.278	9.343	7.137
1424225341320	37.500018	139.934148	6	0.182	-0.304	9.450	7.111
1424225341421	37.500021	139.934141	6	0.219	-0.346	9.295	7.086
1424225341522	37.500023	139.934133	6	0.192	-0.408	9.269	7.061
1424225341622	37.500026	139.934126	6	0.123	-0.433	9.295	7.036
1424225341723	37.500029	139.934118	6	0.143	-0.519	9.320	7.012
1424225341819	37.500032	139.934112	7	0.121	-0.610	9.333	6.975
1424225341919	37.500035	139.934107	7	0.117	-0.595	9.393	6.923
1424225342020	37.500038	139.934101	7	0.145	-0.648	9.472	6.872
1424225342121	37.500041	139.934096	7	0.256	-0.626	9.395	6.820
1424225342221	37.500044	139.934091	7	0.321	-0.655	9.321	6.770
1424225342322	37.500047	139.934085	7	0.323	-0.641	9.396	6.719
1424225342423	37.500050	139.934080	7	0.330	-0.671	9.445	6.669
1424225342519	37.500053	139.934075	7	0.355	-0.700	9.417	6.622
1424225342619	37.500056	139.934070	7	0.305	-0.710	9.420	6.573
1424225342720	37.500059	139.934065	7	0.205	-0.765	9.423	6.524
1424225342821	37.500062	139.934058	9	0.269	-0.822	9.434	6.445
1424225342921	37.500066	139.934051	9	0.318	-0.926	9.461	6.338
1424225343022	37.500070	139.934044	9	0.253	-1.020	9.429	6.232
1424225343123	37.500073	139.934037	9	0.301	-1.126	9.528	6.128
1424225343219	37.500077	139.934031	9	0.353	-1.229	9.428	6.030
1424225343319	37.500081	139.934024	9	0.400	-1.268	9.242	5.930
1424225343420	37.500084	139.934018	9	0.372	-1.341	9.388	5.831
1424225343521	37.500088	139.934011	9	0.310	-1.347	9.516	5.733
1424225343621	37.500091	139.934005	9	0.335	-1.294	9.410	5.638
1424225343722	37.500094	139.933999	9	0.378	-1.325	9.373	5.544
1424225343823	37.500098	139.933994	9	0.330	-1.298	9.365	5.409
1424225343923	37.500102	139.933989	9	0.271	-1.325	9.406	5.240
1424225344019	37.500105	139.933985	9	0.283	-1.340	9.450	5.082
1424225344120	37.500109	139.933981	9	0.381	-1.295	9.356	4.921
1424225344221	37.500112	139.933976	9	0.482	-1.252	9.361	4.765
1424225344321	37.500115	139.933972	9	0.510	-1.258	9.341	4.615
1424225344422	37.500119	139.933968	9	0.408	-1.247	9.348	4.468
1424225344523	37.500122	139.933965	9	0.335	-1.297	9.437	4.326
1424225344623	37.500125	139.933961	9	0.323	-1.310	9.522	4.191
1424225344719	37.500128	139.933958	9	0.377	-1.337	9.445	4.065
1424225344820	37.500129	139.933955	8	0.418	-1.325	9.365	3.943
1424225344921	37.500129	139.933952	8	0.431	-1.337	9.460	3.831
1424225345021	37.500129	139.933949	8	0.398	-1.288	9.429	3.722
1424225345122	37.500129	139.933946	8	0.439	-1.282	9.370	3.615
1424225345223	37.500129	139.933944	8	0.451	-1.300	9.415	3.512
1424225345323	37.500128	139.933941	8	0.484	-1.368	9.628	3.412
1424225345419	37.500128	139.933939	8	0.448	-1.185	9.150	3.318
1424225345520	37.500128	139.933937	8	0.429	-1.193	9.293	3.223
1424225345620	37.500128	139.933934	8	0.476	-1.308	9.678	3.132
1424225345721	37.500128	139.933932	8	0.465	-1.297	9.546	3.042
1424225345822	37.500129	139.933930	8	0.405	-1.210	9.259	2.938
1424225345923	37.500132	139.933927	8	0.385	-1.188	9.363	2.821
1424225346023	37.500134	139.933924	8	0.401	-1.104	9.580	2.709
1424225346119	37.500137	139.933922	8	0.322	-0.829	9.500	2.606
1424225346220	37.500139	139.933920	8	0.225	-0.567	9.358	2.501
1424225346320	37.500141	139.933917	8	0.189	-0.472	9.411	2.401
1424225346421	37.500143	139.933915	8	0.220	-0.462	9.387	2.304
1424225346522	37.500145	139.933913	8	0.191	-0.446	9.344	2.211
1424225346622	37.500147	139.933911	8	0.199	-0.437	9.354	2.123
1424225346723	37.500149	139.933909	8	0.234	-0.487	9.403	2.038
1424225346819	37.500151	139.933907	7	0.220	-0.592	9.383	1.955
1424225346920	37.500153	139.933904	7	0.214	-0.695	9.443	1.865
1424225347020	37.500155	139.933902	7	0.218	-0.861	9.444	1.780
1424225347121	37.500157	139.933900	7	0.244	-0.914	9.368	1.697
1424225347222	37.500159	139.933898	7	0.276	-0.873	9.383	1.618
1424225347322	37.500161	139.933896	7	0.276	-0.861	9.471	1.543
1424225347423	37.500163	139.933894	7	0.283	-0.971	9.490	1.471
1424225347519	37.500164	139.933892	7	0.337	-1.045	9.433	1.406
1424225347620	37.500166	139.933890	7	0.358	-1.027	9.377	1.340
1424225347720	37.500167	139.933889	7	0.365	-1.019	9.413	1.279
1424225347821	37.500168	139.933887	7	0.374	-1.045	9.419	1.196
1424225347922	37.500169	139.933887	7	0.373	-1.040	9.384	1.095
1424225348022	37.500169	139.933886	7	0.393	-1.042	9.414	1.000
1424225348123	37.500169	139.933885	7	0.384	-1.037	9.412	0.912
1424225348219	37.500170	139.933884	7	0.333	-1.048	9.432	0.834
1424225348319	37.500170	139.933883	7	0.359	-1.071	9.433	0.759
1424225348420	37.500170	139.933883	7	0.368	-1.095	9.464	0.689
1424225348521	37.500170	139.933882	7	0.341	-1.091	9.423	0.627
1424225348622	37.500171	139.933882	7	0.284	-1.034	9.401	0.570
1424225348722	37.500171	139.933881	7	0.259	-0.845	9.463	0.521
1424225348823	37.500171	139.933881	4	0.268	-0.664	9.406	0.448
1424225348919	37.500171	139.933881	4	0.259	-0.579	9.361	0.362
1424225349019	37.500171	139.933881	4	0.198	-0.565	9.391	0.282
1424225349120	37.500172	139.933880	4	0.160	-0.546	9.422	0.211
1424225349221	37.500172	139.933880	4	0.141	-0.427	9.418	0.151
1424225349321	37.500172	139.933880	4	0.087	-0.237	9.416	0.101
1424225349422	37.500172	139.933880	4	0.022	-0.088	9.383	0.061
1424225349523	37.500172	139.933880	4	0.002	-0.044	9.350	0.031
1424225349619	37.500172	139.933880	4	0.043	-0.092	9.378	0.011
1424225349719	37.500172	139.933880	4	0.086	-0.138	9.424	0.001
1424225376618	37.500170	139.933722	5	-0.008	0.069	9.402	2.250
1424225376623	37.500170	139.933722	5	-0.011	0.064	9.403	2.250
1424225376719	37.500169	139.933719	5	0.003	-0.294	9.549	2.250
1424225376820	37.500169	139.933717	5	-0.031	-0.515	9.603	2.262
1424225376920	37.500168	139.933714	5	-0.141	-0.440	9.373	2.286
1424225377021	37.500167	139.933711	5	-0.206	-0.388	9.442	2.310
1424225377122	37.500166	139.933708	5	-0.353	-0.359	9.343	2.335
1424225377223	37.500165	139.933706	5	-0.703	-0.331	9.154	2.360
1424225377323	37.500165	139.933703	5	-0.831	-0.342	9.202	2.385
1424225377419	37.500164	139.933700	5	-0.958	-0.414	9.227	2.409
1424225377520	37.500163	139.933697	5	-0.980	-0.619	9.612	2.435
1424225377620	37.500162	139.933694	5	-1.113	-0.789	9.633	2.461
1424225377721	37.500161	139.933691	5	-1.371	-0.792	9.151	2.487
1424225377822	37.500160	139.933689	5	-1.034	-0.854	9.457	2.486
1424225377922	37.500158	139.933686	5	-0.688	-0.723	9.481	2.460
1424225378023	37.500156	139.933684	5	-0.370	-0.760	9.603	2.434
1424225378119	37.500154	139.933681	5	-0.237	-0.632	9.295	2.410
1424225378220	37.500152	139.933679	5	-0.318	-0.504	9.159	2.384
1424225378320	37.500150	139.933676	5	-0.490	-0.415	9.096	2.359
1424225378421	37.500148	139.933674	5	-0.737	-0.528	9.290	2.334
1424225378522	37.500147	139.933672	5	-1.035	-0.512	9.418	2.310
1424225378622	37.500145	139.933669	5	-1.272	-0.657	9.619	2.285
1424225378723	37.500143	139.933667	5	-1.327	-0.983	9.714	2.261
1424225378819	37.500141	139.933665	6	-1.202	-0.954	9.649	2.250
1424225378920	37.500138	139.933663	6	-0.960	-0.571	9.320	2.250
1424225379020	37.500136	139.933661	6	-0.672	-0.287	9.161	2.250
1424225379121	37.500134	139.933659	6	-0.469	-0.302	9.256	2.250
1424225379222	37.500131	139.933657	6	-0.415	-0.420	9.280	2.250
1424225379322	37.500129	139.933656	6	-0.668	-0.430	9.226	2.250
1424225379423	37.500126	139.933654	6	-0.794	-0.338	9.409	2.250
1424225379519	37.500124	139.933652	6	-0.990	-0.316	9.591	2.250
1424225379619	37.500122	139.933650	6	-1.145	-0.307	9.249	2.250
1424225379720	37.500119	139.933648	6	-1.119	-0.367	9.237	2.250
1424225379821	37.500116	139.933646	6	-1.073	-0.396	9.569	2.250
1424225379922	37.500113	139.933645	6	-0.978	-0.269	9.445	2.250
1424225380022	37.500110	139.933644	6	-0.897	-0.136	9.237	2.250
1424225380123	37.500107	139.933643	6	-0.763	-0.106	9.212	2.250
1424225380224	37.500103	139.933642	6	-0.683	0.059	9.402	2.250
1424225380319	37.500100	139.933640	6	-0.516	0.176	9.585	2.250
1424225380425	37.500097	139.933639	6	-0.302	0.194	9.456	2.250
1424225380521	37.500094	139.933638	6	-0.284	0.234	9.303	2.250
1424225388618	37.499742	139.933526	5	-0.299	0.341	9.301	4.250
1424225388623	37.499741	139.933526	5	-0.300	0.340	9.304	4.250
1424225388723	37.499737	139.933524	5	-0.154	0.028	9.385	4.250
1424225388819	37.499733	139.933522	5	-0.071	-0.163	9.411	4.237
1424225388920	37.499729	139.933520	5	0.003	-0.237	9.386	4.212
1424225389021	37.499724	139.933518	5	-0.000	-0.287	9.403	4.186
1424225389121	37.499720	139.933515	5	0.008	-0.362	9.451	4.161
1424225389222	37.499716	139.933513	5	-0.038	-0.383	9.451	4.135
1424225389323	37.499712	139.933511	5	-0.191	-0.293	9.439	4.110
1424225389423	37.499708	139.933509	5	-0.126	-0.281	9.409	4.085
1424225389519	37.499704	139.933507	5	-0.052	-0.294	9.371	4.061
1424225389620	37.499700	139.933505	5	-0.082	-0.249	9.326	4.037
1424225389721	37.499696	139.933503	5	-0.075	-0.234	9.422	4.012
1424225389821	37.499692	139.933501	5	-0.095	-0.221	9.446	4.000
1424225389922	37.499688	139.933500	5	-0.091	-0.190	9.380	4.000
1424225390023	37.499685	139.933498	5	-0.117	-0.175	9.336	4.000
1424225390123	37.499681	139.933497	5	-0.113	-0.153	9.419	4.000
1424225390219	37.499677	139.933495	5	-0.117	-0.149	9.419	4.000
1424225390320	37.499674	139.933494	5	-0.174	-0.157	9.392	4.000
1424225390420	37.499670	139.933492	5	-0.205	-0.159	9.359	4.000
1424225390521	37.499666	139.933491	5	-0.197	-0.136	9.435	4.000
1424225390622	37.499662	139.933489	5	-0.188	-0.152	9.387	4.000
1424225390723	37.499659	139.933488	5	-0.206	-0.155	9.398	4.000
1424225390823	37.499655	139.933486	4	-0.213	-0.132	9.444	3.956
1424225390919	37.499652	139.933485	4	-0.204	-0.116	9.407	3.878
1424225391020	37.499649	139.933484	4	-0.217	-0.119	9.369	3.798
1424225391120	37.499646	139.933483	4	-0.209	-0.131	9.369	3.720
1424225391221	37.499643	139.933481	4	-0.249	-0.213	9.430	3.643
1424225391322	37.499640	139.933480	4	-0.204	-0.278	9.418	3.567
1424225391422	37.499637	139.933479	4	-0.155	-0.314	9.446	3.493
1424225391523	37.499634	139.933478	4	-0.157	-0.318	9.391	3.421
1424225391619	37.499631	139.933477	4	-0.132	-0.302	9.356	3.353
1424225391720	37.499628	139.933476	4	-0.087	-0.280	9.345	3.284
1424225391820	37.499625	139.933474	4	-0.099	-0.327	9.386	3.237
1424225391921	37.499622	139.933473	4	-0.131	-0.347	9.420	3.211
1424225392022	37.499619	139.933472	4	-0.196	-0.356	9.412	3.185
1424225392122	37.499617	139.933471	4	-0.226	-0.363	9.430	3.160
1424225392223	37.499614	139.933470	4	-0.199	-0.293	9.423	3.134
1424225392319	37.499611	139.933469	4	-0.177	-0.175	9.333	3.110
1424225392419	37.499608	139.933468	4	-0.144	-0.102	9.364	3.085
1424225392520	37.499605	139.933467	4	-0.145	-0.134	9.364	3.061
1424225392621	37.499602	139.933466	4	-0.118	-0.211	9.395	3.036
1424225392722	37.499599	139.933465	4	-0.094	-0.246	9.412	3.012
1424225392822	37.499597	139.933465	4	-0.104	-0.275	9.374	3.000
1424225392923	37.499594	139.933464	4	-0.088	-0.352	9.413	3.000
1424225393019	37.499591	139.933463	4	-0.100	-0.386	9.400	3.000
1424225393119	37.499589	139.933462	4	-0.046	-0.419	9.497	3.000
1424225393220	37.499586	139.933461	4	-0.010	-0.419	9.408	3.000
1424225393321	37.499583	139.933460	4	-0.021	-0.418	9.363	3.000
1424225393421	37.499580	139.933459	4	-0.066	-0.433	9.488	3.000
1424225393522	37.499578	139.933458	4	-0.061	-0.436	9.474	3.000
1424225393623	37.499575	139.933457	4	-0.033	-0.406	9.362	3.000
1424225393719	37.499572	139.933456	4	-0.016	-0.413	9.403	3.000
1424225393819	37.499570	139.933456	4	0.035	-0.432	9.494	2.987
1424225393920	37.499568	139.933455	4	0.042	-0.427	9.386	2.961
1424225394021	37.499565	139.933454	4	0.050	-0.441	9.369	2.935
1424225394121	37.499563	139.933453	4	0.044	-0.444	9.413	2.910
1424225394222	37.499561	139.933453	4	-0.003	-0.466	9.353	2.884
1424225394323	37.499559	139.933452	4	-0.031	-0.498	9.459	2.859
1424225394424	37.499556	139.933451	4	-0.020	-0.532	9.443	2.834
1424225394524	37.499554	139.933451	4	-0.018	-0.592	9.381	2.809
1424225394620	37.499552	139.933450	4	-0.012	-0.640	9.430	2.786
1424225394719	37.499550	139.933449	4	0.042	-0.660	9.482	2.762
1424225394821	37.499548	139.933449	4	0.099	-0.676	9.456	2.668
1424225394920	37.499547	139.933448	4	0.143	-0.691	9.435	2.516
1424225395023	37.499545	139.933448	4	0.124	-0.658	9.392	2.364
1424225395122	37.499544	139.933447	4	0.106	-0.685	9.424	2.226
1424225395219	37.499543	139.933447	4	0.114	-0.750	9.538	2.098
1424225395320	37.499542	139.933447	4	0.086	-0.711	9.396	1.972
1424225395421	37.499540	139.933446	4	0.066	-0.631	9.283	1.853
1424225395521	37.499539	139.933446	4	0.105	-0.628	9.347	1.743
1424225395622	37.499538	139.933445	4	0.144	-0.711	9.508	1.639
1424225395723	37.499537	139.933445	4	0.118	-0.684	9.530	1.542
1424225395823	37.499537	139.933445	4	0.098	-0.548	9.398	1.468
1424225395919	37.499536	139.933444	4	0.099	-0.490	9.342	1.413
1424225396020	37.499535	139.933444	4	0.082	-0.492	9.407	1.356
1424225396120	37.499535	139.933444	4	0.057	-0.525	9.437	1.302
1424225396221	37.499534	139.933444	4	0.034	-0.555	9.420	1.250
1424225396322	37.499533	139.933443	4	0.036	-0.559	9.388	1.199
1424225396423	37.499533	139.933443	4	0.073	-0.605	9.422	1.151
1424225396523	37.499532	139.933443	4	0.137	-0.667	9.484	1.105
1424225396619	37.499532	139.933442	4	0.214	-0.677	9.500	1.063
1424225396720	37.499531	139.933442	4	0.199	-0.651	9.387	1.020
1424225396820	37.499531	139.933442	5	0.147	-0.651	9.397	0.902
1424225396921	37.499532	139.933443	5	0.127	-0.668	9.439	0.721
1424225397022	37.499532	139.933443	5	0.131	-0.655	9.438	0.560
1424225397122	37.499532	139.933444	5	0.117	-0.606	9.431	0.420
1424225397223	37.499532	139.933444	5	0.088	-0.579	9.408	0.299
1424225397319	37.499533	139.933444	5	0.073	-0.567	9.398	0.203
1424225397420	37.499533	139.933445	5	0.098	-0.566	9.411	0.123
1424225397520	37.499533	139.933445	5	0.092	-0.496	9.430	0.062
1424225397621	37.499533	139.933445	5	0.018	-0.294	9.457	0.022
1424225397722	37.499533	139.933445	5	-0.071	-0.035	9.426	0.002
1424225456616	37.497637	139.932679	14	-0.078	0.019	9.398	9.412
1424225456621	37.497636	139.932679	14	-0.079	0.016	9.399	9.423
1424225456722	37.497623	139.932684	14	0.031	-0.305	9.580	9.644
1424225456822	37.497616	139.932682	14	0.066	-0.527	9.618	9.602
1424225456923	37.497614	139.932675	14	0.048	-0.545	9.426	9.320
1424225457019	37.497613	139.932668	14	0.111	-0.536	9.294	9.059
1424225457119	37.497611	139.932661	14	0.143	-0.530	9.433	8.794
1424225457220	37.497609	139.932654	14	0.147	-0.492	9.578	8.534
1424225457321	37.497608	139.932648	14	0.134	-0.435	9.410	8.282
1424225457421	37.497606	139.932642	14	0.195	-0.447	9.329	8.039
1424225457522	37.497605	139.932635	14	0.240	-0.451	9.345	7.801
1424225457623	37.497603	139.932629	14	0.163	-0.473	9.360	7.571
1424225457724	37.497602	139.932624	14	0.181	-0.511	9.476	7.349
1424225457819	37.497598	139.932620	14	0.245	-0.524	9.469	7.183
1424225457920	37.497593	139.932619	14	0.222	-0.560	9.430	7.047
1424225458021	37.497587	139.932618	14	0.106	-0.570	9.316	6.914
1424225458121	37.497582	139.932617	14	0.129	-0.659	9.436	6.784
1424225458222	37.497576	139.932615	14	0.126	-0.702	9.477	6.656
1424225458323	37.497571	139.932614	14	0.153	-0.709	9.464	6.530
1424225458423	37.497566	139.932613	14	0.222	-0.754	9.483	6.407
1424225458519	37.497561	139.932612	14	0.283	-0.774	9.372	6.292
1424225458620	37.497556	139.932611	14	0.314	-0.854	9.344	6.172
1424225458721	37.497551	139.932610	14	0.269	-0.893	9.498	6.056
1424225458821	37.497547	139.932609	14	0.222	-0.890	9.428	5.929
1424225458922	37.497544	139.932608	14	0.238	-0.959	9.443	5.791
1424225459023	37.497541	139.932608	14	0.289	-0.976	9.484	5.656
1424225459123	37.497538	139.932607	14	0.330	-0.926	9.352	5.526
1424225459219	37.497536	139.932607	14	0.367	-0.988	9.394	5.403
1424225459320	37.497533	139.932606	14	0.385	-1.035	9.517	5.277
1424225459420	37.497530	139.932606	14	0.370	-1.034	9.475	5.154
1424225459521	37.497527	139.932605	14	0.370	-1.022	9.393	5.034
1424225459622	37.497525	139.932605	14	0.313	-1.061	9.410	4.917
1424225459723	37.497522	139.932604	14	0.288	-1.131	9.518	4.802
1424225459823	37.497520	139.932603	17	0.224	-1.140	9.512	4.674
1424225459919	37.497519	139.932601	17	0.251	-1.161	9.420	4.540
1424225460020	37.497518	139.932600	17	0.267	-1.168	9.392	4.402
1424225460120	37.497517	139.932598	17	0.327	-1.128	9.412	4.269
1424225460221	37.497516	139.932596	17	0.374	-1.161	9.534	4.139
1424225460322	37.497515	139.932595	17	0.350	-1.148	9.446	4.013
1424225460422	37.497513	139.932593	17	0.335	-1.139	9.330	3.892
1424225460523	37.497512	139.932592	17	0.372	-1.127	9.415	3.774
1424225460619	37.497511	139.932590	17	0.370	-1.140	9.520	3.664
1424225460720	37.497510	139.932589	17	0.301	-1.160	9.481	3.554
1424225460820	37.497510	139.932588	18	0.227	-1.048	9.435	3.425
1424225460921	37.497510	139.932589	18	0.206	-0.928	9.398	3.276
1424225461022	37.497511	139.932590	18	0.161	-0.887	9.390	3.134
1424225461122	37.497511	139.932591	18	0.172	-0.888	9.433	2.998
1424225461223	37.497511	139.932592	18	0.199	-0.870	9.472	2.866
1424225461319	37.497511	139.932593	18	0.191	-0.893	9.486	2.746
1424225461420	37.497511	139.932594	18	0.152	-0.892	9.418	2.626
1424225461520	37.497512	139.932594	18	0.156	-0.849	9.349	2.512
1424225461621	37.497512	139.932595	18	0.194	-0.760	9.341	2.402
1424225461722	37.497512	139.932596	18	0.239	-0.721	9.429	2.298
1424225461822	37.497513	139.932598	22	0.152	-0.625	9.533	2.161
1424225461924	37.497514	139.932603	22	0.010	-0.495	9.398	1.995
1424225462019	37.497515	139.932607	22	0.042	-0.443	9.345	1.849
1424225462119	37.497516	139.932611	22	0.066	-0.443	9.413	1.705
1424225462220	37.497517	139.932615	22	0.014	-0.431	9.434	1.569
1424225462321	37.497518	139.932619	22	-0.032	-0.395	9.369	1.442
1424225462422	37.497519	139.932622	22	0.031	-0.422	9.412	1.326
1424225462522	37.497519	139.932625	22	0.186	-0.521	9.506	1.220
1424225462623	37.497520	139.932628	22	0.167	-0.571	9.443	1.123
1424225462719	37.497521	139.932630	22	0.073	-0.568	9.352	1.040
1424225462819	37.497523	139.932636	22	0.088	-0.585	9.436	0.904
1424225462920	37.497526	139.932645	22	0.135	-0.625	9.456	0.723
1424225463021	37.497528	139.932653	22	0.124	-0.650	9.422	0.561
1424225463121	37.497531	139.932659	22	0.108	-0.646	9.425	0.421
1424225463222	37.497533	139.932665	22	0.118	-0.648	9.442	0.300
1424225463323	37.497535	139.932670	22	0.149	-0.626	9.440	0.200
1424225463419	37.497536	139.932674	22	0.147	-0.575	9.428	0.123
1424225463519	37.497537	139.932677	22	0.092	-0.447	9.450	0.063
1424225463620	37.497538	139.932679	22	-0.020	-0.168	9.466	0.022
1424225463721	37.497538	139.932680	22	-0.133	0.150	9.426	0.002
1424225520616	37.497098	139.932375	22	-0.126	0.195	9.415	4.788
1424225538617	37.496110	139.931815	12	-0.126	0.192	9.411	8.250
1424225538622	37.496110	139.931814	12	-0.125	0.188	9.402	8.250
1424225538723	37.496103	139.931809	12	-0.001	0.086	9.365	8.250
1424225538819	37.496097	139.931804	11	0.087	-0.043	9.592	8.250
1424225538919	37.496090	139.931799	11	0.038	-0.105	9.559	8.250
1424225539020	37.496083	139.931793	11	0.097	-0.050	9.323	8.250
1424225539121	37.496077	139.931787	11	0.101	-0.106	9.281	8.250
1424225539221	37.496070	139.931782	11	0.176	-0.163	9.388	8.250
1424225539322	37.496064	139.931776	11	0.229	-0.172	9.649	8.250
1424225539423	37.496057	139.931770	11	0.242	-0.167	9.402	8.250
1424225539519	37.496051	139.931765	11	0.262	-0.144	9.207	8.250
1424225539619	37.496044	139.931759	11	0.304	-0.176	9.326	8.250
1424225539720	37.496037	139.931754	11	0.306	-0.150	9.565	8.250
1424225539821	37.496031	139.931749	12	0.317	-0.107	9.430	8.224
1424225539921	37.496026	139.931746	12	0.366	0.013	9.077	8.172
1424225540022	37.496021	139.931743	12	0.325	-0.029	9.245	8.121
1424225540123	37.496015	139.931740	12	0.146	-0.196	9.725	8.070
1424225540224	37.496010	139.931737	12	0.103	-0.138	9.522	8.019
1424225540319	37.496005	139.931734	12	0.131	-0.117	9.438	7.972
1424225540420	37.496000	139.931731	12	0.099	-0.192	9.403	7.921
1424225540521	37.495995	139.931728	12	0.067	-0.119	9.363	7.872
1424225540621	37.495990	139.931725	12	-0.014	-0.087	9.338	7.823
1424225540722	37.495984	139.931721	12	0.153	-0.277	9.650	7.773
1424225540823	37.495978	139.931717	12	0.358	-0.280	9.695	7.750
1424225540923	37.495972	139.931712	12	0.329	-0.176	9.406	7.750
1424225541019	37.495965	139.931707	12	0.205	-0.185	9.071	7.750
1424225541120	37.495959	139.931702	12	0.113	-0.185	9.183	7.750
1424225541221	37.495952	139.931697	12	0.119	-0.221	9.661	7.750
1424225541321	37.495945	139.931692	12	0.239	-0.209	9.607	7.750
1424225541422	37.495938	139.931687	12	0.257	-0.240	9.318	7.750
1424225541523	37.495932	139.931682	12	0.252	-0.292	9.333	7.750
1424225541623	37.495925	139.931677	12	0.197	-0.323	9.386	7.750
1424225541719	37.495918	139.931672	12	0.107	-0.258	9.442	7.750
1424225541820	37.495911	139.931667	13	0.150	-0.236	9.517	7.762
1424225541921	37.495904	139.931663	13	0.220	-0.292	9.561	7.787
1424225542021	37.495896	139.931659	13	0.188	-0.251	9.320	7.812
1424225542122	37.495889	139.931655	13	0.172	-0.240	9.352	7.837
1424225542223	37.495881	139.931651	13	0.179	-0.282	9.494	7.862
1424225542323	37.495874	139.931647	13	0.156	-0.264	9.487	7.887
1424225542419	37.495867	139.931643	13	0.110	-0.201	9.329	7.911
1424225542520	37.495859	139.931639	13	0.053	-0.266	9.344	7.937
1424225542620	37.495851	139.931635	13	0.030	-0.337	9.338	7.962
1424225542721	37.495844	139.931631	13	0.008	-0.333	9.519	7.988
1424225542822	37.495838	139.931626	15	-0.028	-0.349	9.578	7.973
1424225542923	37.495833	139.931620	15	0.023	-0.366	9.482	7.921
1424225543023	37.495829	139.931614	15	0.084	-0.344	9.428	7.870
1424225543119	37.495825	139.931609	15	0.024	-0.291	9.396	7.822
1424225543220	37.495820	139.931603	15	-0.073	-0.242	9.344	7.771
1424225543320	37.495816	139.931597	15	-0.019	-0.325	9.547	7.721
1424225543421	37.495812	139.931591	15	-0.006	-0.236	9.452	7.671
1424225543522	37.495807	139.931586	15	-0.117	-0.161	9.117	7.621
1424225543622	37.495803	139.931580	15	-0.135	-0.143	8.901	7.572
1424225543723	37.495799	139.931575	15	-0.205	-0.361	9.409	7.523
1424225543819	37.495794	139.931569	15	-0.332	-0.435	9.740	7.488
1424225543920	37.495788	139.931564	15	-0.498	-0.347	9.172	7.462
1424225544020	37.495781	139.931559	15	-0.620	-0.473	9.238	7.437
1424225544121	37.495775	139.931554	15	-0.662	-0.676	9.565	7.411
1424225544222	37.495769	139.931549	15	-0.703	-0.618	9.609	7.386
1424225544322	37.495763	139.931544	15	-0.806	-0.418	9.376	7.361
1424225544423	37.495756	139.931538	15	-0.892	-0.433	9.298	7.336
1424225544519	37.495750	139.931534	15	-0.908	-0.539	9.438	7.312
1424225544619	37.495744	139.931529	15	-0.817	-0.483	9.510	7.287
1424225544720	37.495738	139.931524	15	-0.805	-0.355	9.495	7.262
1424225544821	37.495733	139.931519	13	-0.787	-0.371	9.337	7.237
1424225544922	37.495729	139.931515	13	-0.700	-0.400	9.209	7.211
1424225545022	37.495725	139.931510	13	-0.664	-0.400	9.393	7.186
1424225545123	37.495721	139.931506	13	-0.703	-0.352	9.522	7.161
1424225545219	37.495717	139.931502	13	-0.736	-0.248	9.317	7.137
1424225545319	37.495713	139.931498	13	-0.689	-0.236	9.379	7.112
1424225545420	37.495709	139.931494	13	-0.753	-0.276	9.391	7.087
1424225545521	37.495706	139.931489	13	-0.727	-0.231	9.292	7.061
1424225545621	37.495702	139.931485	13	-0.692	-0.121	9.299	7.037
1424225545722	37.495698	139.931481	13	-0.713	-0.263	9.482	7.012
1424225545823	37.495693	139.931478	13	-0.833	-0.212	9.324	7.000
1424225545919	37.495687	139.931475	13	-0.801	-0.206	9.277	7.000
1424225546019	37.495681	139.931473	13	-0.787	-0.320	9.525	7.000
1424225546120	37.495675	139.931470	13	-0.802	-0.224	9.458	7.000
1424225546221	37.495669	139.931467	13	-0.856	-0.140	9.285	7.000
1424225546321	37.495663	139.931465	13	-0.918	-0.143	9.154	7.000
1424225546422	37.495657	139.931462	13	-0.856	-0.220	9.316	7.000
1424225546523	37.495651	139.931459	13	-0.897	-0.205	9.508	7.000
1424225546623	37.495645	139.931457	13	-0.932	-0.215	9.386	7.000
1424225546719	37.495639	139.931454	13	-0.803	-0.248	9.445	7.000
1424225546820	37.495632	139.931452	12	-0.700	-0.325	9.437	7.012
1424225546921	37.495625	139.931450	12	-0.696	-0.214	9.227	7.037
1424225547021	37.495618	139.931448	12	-0.563	-0.157	9.326	7.062
1424225547122	37.495611	139.931446	12	-0.510	-0.201	9.539	7.087
1424225547223	37.495603	139.931444	12	-0.497	-0.162	9.515	7.112
1424225547323	37.495596	139.931441	12	-0.345	-0.139	9.308	7.137
1424225547419	37.495589	139.931439	12	-0.157	-0.171	9.400	7.161
1424225547520	37.495581	139.931437	12	0.033	-0.292	9.570	7.187
1424225547621	37.495574	139.931435	12	0.147	-0.198	9.569	7.212
1424225547721	37.495567	139.931433	12	0.188	-0.153	9.373	7.238
1424225547822	37.495560	139.931431	12	0.201	-0.208	9.471	7.223
1424225547923	37.495553	139.931430	12	0.163	-0.213	9.482	7.171
1424225548023	37.495547	139.931428	12	0.199	-0.165	9.538	7.120
1424225548119	37.495541	139.931427	12	0.286	-0.098	9.616	7.071
1424225548220	37.495535	139.931425	12	0.337	-0.150	9.452	7.021
1424225548320	37.495529	139.931424	12	0.256	-0.039	9.249	6.971
1424225548421	37.495523	139.931422	12	0.200	-0.028	9.290	6.920
1424225548522	37.495517	139.931421	12	0.137	-0.105	9.464	6.871
1424225548623	37.495511	139.931419	12	0.060	-0.030	9.455	6.821
1424225548723	37.495505	139.931418	12	0.138	-0.003	9.477	6.773
1424225548819	37.495499	139.931416	11	0.121	-0.043	9.417	6.725
1424225548920	37.495493	139.931415	11	0.050	-0.007	9.349	6.673
1424225549020	37.495488	139.931414	11	0.012	0.047	9.444	6.621
1424225549121	37.495482	139.931412	11	0.030	0.021	9.494	6.570
1424225549222	37.495477	139.931411	11	0.104	0.123	9.491	6.519
1424225549322	37.495471	139.931410	11	0.052	0.081	9.308	6.469
1424225549423	37.495466	139.931408	11	-0.055	0.010	9.222	6.419
1424225549519	37.495460	139.931407	11	-0.099	-0.171	9.419	6.372
1424225549620	37.495455	139.931406	11	-0.046	-0.190	9.678	6.323
1424225549720	37.495450	139.931405	11	0.032	-0.225	9.570	6.274
1424225549821	37.495445	139.931403	11	0.049	-0.187	9.290	6.223
1424225549922	37.495440	139.931401	11	0.072	-0.174	9.268	6.171
1424225550022	37.495436	139.931400	11	0.092	-0.254	9.477	6.120
1424225550123	37.495431	139.931398	11	-0.022	-0.187	9.563	6.069
1424225550219	37.495427	139.931396	11	-0.024	-0.105	9.426	6.020
1424225550320	37.495422	139.931394	11	0.094	-0.094	9.319	5.970
1424225550420	37.495418	139.931393	11	0.149	-0.125	9.352	5.920
1424225550521	37.495414	139.931391	11	0.137	-0.119	9.510	5.871
1424225550622	37.495409	139.931389	11	0.102	-0.094	9.420	5.821
1424225550722	37.495405	139.931388	11	0.108	-0.205	9.445	5.773
1424225550823	37.495400	139.931386	12	0.014	-0.273	9.442	5.775
1424225550919	37.495394	139.931385	12	-0.005	-0.250	9.391	5.822
1424225551024	37.495388	139.931384	12	0.015	-0.229	9.338	5.873
1424225551120	37.495382	139.931383	12	0.063	-0.223	9.408	5.920
1424225551219	37.495376	139.931381	12	0.042	-0.261	9.565	5.969
1424225551322	37.495369	139.931380	12	-0.140	-0.208	9.324	6.021
1424225551421	37.495363	139.931379	12	-0.206	-0.261	9.334	6.071
1424225551523	37.495357	139.931377	12	-0.156	-0.344	9.507	6.123
1424225551619	37.495351	139.931376	12	-0.119	-0.356	9.517	6.172
1424225551719	37.495344	139.931375	12	-0.112	-0.225	9.273	6.223
1424225551820	37.495338	139.931373	12	-0.039	-0.288	9.461	6.181
1424225551921	37.495333	139.931371	12	-0.015	-0.465	9.689	6.043
1424225552021	37.495328	139.931369	12	-0.002	-0.497	9.510	5.910
1424225552122	37.495324	139.931368	12	0.068	-0.452	9.293	5.778
1424225552223	37.495319	139.931366	12	0.114	-0.504	9.233	5.649
1424225552319	37.495314	139.931364	12	0.160	-0.596	9.358	5.529
1424225552419	37.495310	139.931363	12	0.073	-0.548	9.457	5.407
1424225552520	37.495306	139.931361	12	0.050	-0.416	9.435	5.286
1424225552621	37.495301	139.931359	12	-0.033	-0.424	9.318	5.169
1424225552721	37.495297	139.931358	12	0.072	-0.365	9.462	5.055
1424225552822	37.495292	139.931356	12	0.086	-0.279	9.441	5.000
1424225552923	37.495287	139.931355	12	0.068	-0.156	9.305	5.000
1424225553024	37.495281	139.931354	12	0.040	-0.143	9.359	5.000
1424225553119	37.495276	139.931352	12	-0.021	-0.213	9.513	5.000
1424225553220	37.495271	139.931351	12	-0.022	-0.170	9.414	5.000
1424225553321	37.495265	139.931350	12	-0.015	-0.165	9.223	5.000
1424225553421	37.495260	139.931349	12	0.099	-0.191	9.413	5.000
1424225553522	37.495254	139.931347	12	0.213	-0.308	9.601	5.000
1424225553623	37.495249	139.931346	12	0.251	-0.314	9.442	5.000
1424225553723	37.495244	139.931345	12	0.275	-0.308	9.392	5.000
1424225553819	37.495239	139.931344	12	0.179	-0.356	9.360	5.000
1424225553920	37.495233	139.931343	12	0.234	-0.461	9.500	5.000
1424225554021	37.495228	139.931342	12	0.381	-0.470	9.513	5.000
1424225554121	37.495223	139.931342	12	0.303	-0.472	9.449	5.000
1424225554222	37.495218	139.931341	12	0.308	-0.461	9.376	5.000
1424225554323	37.495213	139.931341	12	0.426	-0.547	9.314	5.000
1424225554423	37.495208	139.931340	12	0.518	-0.663	9.562	5.000
1424225554519	37.495204	139.931340	12	0.545	-0.715	9.720	5.000
1424225554620	37.495199	139.931339	12	0.406	-0.726	9.510	5.000
1424225554720	37.495193	139.931338	12	0.351	-0.696	9.288	5.000
1424225554821	37.495189	139.931338	10	0.453	-0.691	9.327	4.928
1424225554922	37.495186	139.931337	10	0.449	-0.736	9.413	4.787
1424225555023	37.495183	139.931336	10	0.346	-0.760	9.468	4.650
1424225555123	37.495179	139.931336	10	0.281	-0.782	9.374	4.518
1424225555219	37.495176	139.931335	10	0.214	-0.839	9.416	4.395
1424225555320	37.495173	139.931334	10	0.126	-0.821	9.505	4.268
1424225555420	37.495171	139.931334	10	0.134	-0.875	9.430	4.147
1424225555521	37.495168	139.931333	10	0.221	-0.949	9.506	4.028
1424225555622	37.495165	139.931333	10	0.205	-0.970	9.495	3.912
1424225555723	37.495162	139.931332	10	0.226	-0.862	9.343	3.801
1424225555823	37.495159	139.931331	10	0.258	-0.812	9.331	3.736
1424225555919	37.495156	139.931329	10	0.248	-0.874	9.518	3.712
1424225556020	37.495153	139.931327	10	0.160	-0.703	9.580	3.686
1424225556120	37.495150	139.931326	10	0.019	-0.359	9.360	3.661
1424225556221	37.495147	139.931324	10	-0.088	-0.168	9.203	3.635
1424225556322	37.495144	139.931322	10	0.009	-0.220	9.621	3.610
1424225556422	37.495141	139.931320	10	0.077	-0.215	9.645	3.585
1424225556523	37.495137	139.931318	10	-0.085	-0.026	9.143	3.560
1424225556619	37.495135	139.931317	10	-0.165	0.050	9.133	3.537
1424225556720	37.495131	139.931315	10	-0.083	-0.055	9.464	3.512
1424225556820	37.495128	139.931311	13	-0.116	-0.120	9.582	3.500
1424225556921	37.495124	139.931306	13	-0.168	-0.035	9.280	3.500
1424225557022	37.495121	139.931301	13	-0.092	0.027	9.247	3.500
1424225557122	37.495117	139.931296	13	-0.028	-0.015	9.508	3.500
1424225557223	37.495113	139.931290	13	-0.047	-0.061	9.471	3.500
1424225557319	37.495110	139.931285	13	-0.079	-0.084	9.342	3.500
1424225557419	37.495106	139.931280	13	-0.087	-0.154	9.267	3.500
1424225557520	37.495102	139.931275	13	-0.092	-0.179	9.500	3.500
1424225557621	37.495099	139.931270	13	-0.020	-0.198	9.497	3.500
1424225557722	37.495095	139.931264	13	0.110	-0.236	9.336	3.500
1424225557822	37.495092	139.931263	13	0.154	-0.327	9.293	3.422
1424225557923	37.495089	139.931266	13	0.073	-0.309	9.445	3.274
1424225558019	37.495087	139.931268	13	0.011	-0.225	9.423	3.138
1424225558119	37.495085	139.931270	13	-0.005	-0.229	9.320	3.002
1424225558220	37.495082	139.931273	13	-0.002	-0.343	9.468	2.870
1424225558321	37.495080	139.931275	13	0.003	-0.330	9.440	2.744
1424225558421	37.495078	139.931277	13	-0.014	-0.180	9.360	2.625
1424225558522	37.495076	139.931279	13	0.027	-0.111	9.374	2.509
1424225558623	37.495075	139.931280	13	0.097	-0.121	9.397	2.400
1424225558719	37.495073	139.931282	13	0.079	-0.126	9.377	2.301
1424225558819	37.495073	139.931281	16	-0.027	-0.138	9.269	2.206
1424225558920	37.495075	139.931276	16	-0.063	-0.242	9.357	2.118
1424225559021	37.495077	139.931272	16	-0.057	-0.396	9.485	2.034
1424225559121	37.495079	139.931268	16	-0.060	-0.480	9.414	1.953
1424225559222	37.495081	139.931263	16	0.003	-0.534	9.440	1.874
1424225559323	37.495082	139.931260	16	0.105	-0.542	9.462	1.798
1424225559419	37.495084	139.931256	16	0.204	-0.527	9.407	1.729
1424225559519	37.495085	139.931252	16	0.267	-0.550	9.402	1.660
1424225559620	37.495087	139.931249	16	0.240	-0.626	9.386	1.593
1424225559721	37.495088	139.931246	16	0.185	-0.730	9.409	1.530
1424225559821	37.495088	139.931245	16	0.147	-0.794	9.425	1.450
1424225559922	37.495085	139.931248	16	0.080	-0.844	9.385	1.354
1424225560023	37.495082	139.931251	16	0.031	-0.919	9.432	1.263
1424225560123	37.495080	139.931253	16	0.014	-0.925	9.421	1.178
1424225560219	37.495078	139.931256	16	0.045	-0.867	9.346	1.101
1424225560320	37.495076	139.931258	16	0.119	-0.857	9.404	1.026
1424225560421	37.495074	139.931260	16	0.166	-0.879	9.479	0.955
1424225560521	37.495072	139.931262	16	0.223	-0.863	9.423	0.890
1424225560622	37.495070	139.931264	16	0.268	-0.845	9.358	0.829
1424225560723	37.495069	139.931265	16	0.260	-0.861	9.406	0.774
1424225560823	37.495067	139.931265	14	0.200	-0.873	9.454	0.711
1424225560919	37.495067	139.931264	14	0.138	-0.891	9.439	0.644
1424225561020	37.495066	139.931263	14	0.098	-0.815	9.412	0.578
1424225561120	37.495065	139.931261	14	0.084	-0.648	9.429	0.518
1424225561221	37.495064	139.931260	14	0.031	-0.493	9.416	0.463
1424225561322	37.495063	139.931259	14	-0.032	-0.391	9.380	0.412
1424225561423	37.495063	139.931258	14	-0.062	-0.312	9.379	0.367
1424225561523	37.495062	139.931258	14	-0.055	-0.253	9.383	0.327
1424225561619	37.495062	139.931257	14	-0.054	-0.218	9.398	0.293
1424225561720	37.495061	139.931256	14	-0.065	-0.219	9.393	0.263
1424225561820	37.495061	139.931256	7	-0.081	-0.207	9.386	0.226
1424225561921	37.495062	139.931257	7	-0.079	-0.197	9.396	0.180
1424225562022	37.495062	139.931257	7	-0.069	-0.214	9.409	0.140
1424225562123	37.495062	139.931257	7	-0.076	-0.235	9.407	0.105
1424225562223	37.495062	139.931257	7	-0.074	-0.253	9.395	0.075
1424225562319	37.495063	139.931258	7	-0.087	-0.168	9.426	0.051
1424225562420	37.495063	139.931258	7	-0.119	0.011	9.434	0.031
1424225562520	37.495063	139.931258	7	-0.170	0.179	9.376	0.016
1424225562621	37.495063	139.931258	7	-0.189	0.205	9.320	0.006
1424225562722	37.495063	139.931258	7	-0.156	0.128	9.356	0.001
1424225631616	37.491509	139.930527	6	-0.160	0.117	9.401	9.075
1424225631621	37.491509	139.930527	6	-0.142	0.117	9.414	9.073
1424225631722	37.491501	139.930523	6	0.225	-0.019	9.542	9.023
1424225631823	37.491493	139.930520	6	0.363	-0.021	9.189	8.987
1424225631923	37.491484	139.930519	6	0.341	0.172	9.282	8.961
1424225632019	37.491477	139.930518	6	0.340	-0.067	9.363	8.937
1424225632120	37.491468	139.930517	6	0.354	-0.071	9.663	8.912
1424225632220	37.491460	139.930516	6	0.222	0.031	9.071	8.887
1424225632321	37.491452	139.930514	6	0.492	-0.085	9.481	8.861
1424225632422	37.491444	139.930513	6	0.317	-0.195	9.412	8.836
1424225632522	37.491436	139.930512	6	0.296	-0.064	9.435	8.811
1424225632623	37.491428	139.930511	6	0.241	-0.200	9.342	8.786
1424225632719	37.491420	139.930510	6	0.169	-0.156	9.305	8.763
1424225632820	37.491412	139.930509	5	0.159	-0.038	9.194	8.737
1424225632920	37.491404	139.930508	5	0.165	-0.167	9.447	8.712
1424225633021	37.491397	139.930507	5	0.058	-0.189	9.513	8.687
1424225633122	37.491389	139.930506	5	-0.057	-0.146	9.283	8.661
1424225633222	37.491381	139.930505	5	0.010	-0.189	9.220	8.636
1424225633323	37.491374	139.930504	5	-0.087	-0.267	9.495	8.611
1424225633419	37.491366	139.930503	5	-0.101	-0.185	9.425	8.587
1424225633519	37.491359	139.930502	5	-0.073	-0.169	9.318	8.562
1424225633620	37.491351	139.930501	5	-0.121	-0.190	9.336	8.537
1424225633721	37.491344	139.930500	5	-0.013	-0.154	9.483	8.512
1424225633822	37.491336	139.930500	5	0.056	-0.077	9.243	8.487
1424225633922	37.491329	139.930499	5	0.118	-0.157	9.505	8.462
1424225634023	37.491322	139.930499	5	0.182	-0.199	9.750	8.436
1424225634119	37.491315	139.930498	5	0.134	-0.242	9.864	8.412
1424225634219	37.491307	139.930498	5	0.069	-0.137	9.461	8.387
1424225634320	37.491300	139.930497	5	0.156	0.055	9.155	8.362
1424225634421	37.491293	139.930497	5	0.206	0.080	9.312	8.336
1424225634521	37.491286	139.930496	5	0.134	0.079	9.451	8.312
1424225638615	37.491003	139.930437	6	0.246	0.188	9.317	8.038
1424225640619	37.490851	139.930409	8	0.253	0.212	9.327	8.000
1424225640720	37.490844	139.930408	8	0.285	0.184	9.417	8.000
1424225640821	37.490837	139.930409	8	0.218	-0.002	9.391	7.974
1424225640922	37.490830	139.930410	8	0.175	-0.048	9.378	7.922
1424225641022	37.490824	139.930411	8	0.172	-0.051	9.413	7.871
1424225641123	37.490818	139.930412	8	0.197	-0.096	9.360	7.820
1424225641219	37.490812	139.930413	8	0.160	-0.151	9.360	7.772
1424225641319	37.490805	139.930414	8	0.185	-0.197	9.611	7.722
1424225641420	37.490799	139.930415	8	0.121	-0.182	9.371	7.671
1424225641521	37.490793	139.930416	8	0.095	-0.183	9.289	7.621
1424225641621	37.490787	139.930417	8	0.048	-0.168	9.400	7.572
1424225641722	37.490781	139.930418	8	0.122	-0.216	9.509	7.523
1424225641823	37.490775	139.930417	7	0.193	-0.130	9.375	7.473
1424225641924	37.490768	139.930414	7	0.147	-0.176	9.411	7.421
1424225642019	37.490762	139.930411	7	0.167	-0.193	9.411	7.372
1424225642120	37.490755	139.930409	7	0.139	-0.240	9.377	7.321
1424225642221	37.490749	139.930406	7	0.077	-0.266	9.531	7.270
1424225642321	37.490743	139.930403	7	0.145	-0.258	9.357	7.220
1424225642422	37.490736	139.930401	7	0.163	-0.297	9.232	7.170
1424225642523	37.490730	139.930398	7	0.202	-0.383	9.341	7.120
1424225642623	37.490724	139.930396	7	0.199	-0.429	9.404	7.071
1424225642719	37.490718	139.930393	7	0.234	-0.463	9.361	7.025
1424225642820	37.490712	139.930392	7	0.169	-0.549	9.338	6.974
1424225642921	37.490707	139.930392	7	0.164	-0.654	9.563	6.922
1424225643021	37.490702	139.930393	7	0.236	-0.628	9.590	6.871
1424225643122	37.490696	139.930393	7	0.250	-0.490	9.068	6.820
1424225643223	37.490691	139.930393	7	0.263	-0.537	9.361	6.769
1424225643323	37.490686	139.930394	7	0.263	-0.558	9.669	6.719
1424225643419	37.490681	139.930394	7	0.278	-0.493	9.440	6.671
1424225643520	37.490676	139.930394	7	0.270	-0.470	9.399	6.622
1424225643621	37.490671	139.930395	7	0.283	-0.510	9.456	6.572
1424225643721	37.490665	139.930395	7	0.337	-0.553	9.457	6.524
1424225643822	37.490661	139.930396	7	0.383	-0.523	9.386	6.444
1424225643923	37.490656	139.930398	7	0.325	-0.586	9.425	6.336
1424225644023	37.490652	139.930399	7	0.321	-0.595	9.307	6.231
1424225644119	37.490648	139.930401	7	0.351	-0.645	9.449	6.132
1424225644220	37.490643	139.930403	7	0.361	-0.698	9.531	6.029
1424225644320	37.490639	139.930404	7	0.341	-0.730	9.429	5.929
1424225644421	37.490635	139.930406	7	0.290	-0.695	9.344	5.830
1424225644522	37.490631	139.930407	7	0.299	-0.701	9.386	5.732
1424225644622	37.490627	139.930409	7	0.338	-0.754	9.485	5.637
1424225644723	37.490623	139.930410	7	0.359	-0.802	9.358	5.543
1424225644819	37.490619	139.930411	7	0.347	-0.739	9.408	5.474
1424225644920	37.490614	139.930410	7	0.316	-0.675	9.461	5.422
1424225645020	37.490609	139.930409	7	0.327	-0.710	9.507	5.371
1424225645121	37.490604	139.930408	7	0.347	-0.748	9.445	5.319
1424225645222	37.490599	139.930407	7	0.271	-0.640	9.279	5.268
1424225645322	37.490594	139.930406	7	0.197	-0.484	9.454	5.218
1424225645423	37.490589	139.930405	7	0.215	-0.344	9.459	5.168
1424225645519	37.490585	139.930404	7	0.304	-0.329	9.352	5.121
1424225645620	37.490580	139.930403	7	0.280	-0.381	9.420	5.072
1424225645720	37.490575	139.930402	7	0.194	-0.380	9.463	5.024
1424225645821	37.490572	139.930401	7	0.219	-0.283	9.331	4.959
1424225645922	37.490569	139.930398	7	0.244	-0.310	9.472	4.878
1424225646022	37.490567	139.930396	7	0.152	-0.319	9.273	4.800
1424225646123	37.490565	139.930393	7	0.379	-0.385	9.462	4.721
1424225646219	37.490563	139.930391	7	0.398	-0.383	9.425	4.648
1424225646319	37.490560	139.930388	7	0.451	-0.479	9.467	4.573
1424225646420	37.490558	139.930386	7	0.455	-0.553	9.540	4.499
1424225646521	37.490556	139.930384	7	0.450	-0.397	9.096	4.425
1424225646622	37.490554	139.930381	7	0.598	-0.515	9.334	4.353
1424225646722	37.490552	139.930379	7	0.561	-0.692	9.676	4.283
1424225646823	37.490549	139.930377	7	0.465	-0.584	9.405	4.154
1424225646919	37.490547	139.930376	7	0.442	-0.564	9.210	3.986
1424225647019	37.490544	139.930375	7	0.423	-0.756	9.569	3.816
1424225647120	37.490541	139.930373	7	0.521	-0.730	9.659	3.652
1424225647221	37.490538	139.930372	7	0.495	-0.798	9.504	3.494
1424225647321	37.490536	139.930371	7	0.481	-0.783	9.323	3.344
1424225647422	37.490533	139.930370	7	0.551	-0.716	9.130	3.199
1424225647523	37.490531	139.930368	7	0.502	-0.907	9.573	3.061
1424225647619	37.490529	139.930367	7	0.624	-1.023	9.730	2.935
1424225647719	37.490527	139.930366	7	0.694	-0.801	9.317	2.811
1424225647820	37.490525	139.930365	5	0.596	-0.743	9.181	2.707
1424225647921	37.490523	139.930364	5	0.482	-0.964	9.477	2.622
1424225648021	37.490522	139.930363	5	0.424	-1.064	9.609	2.539
1424225648122	37.490520	139.930362	5	0.393	-0.957	9.433	2.459
1424225648223	37.490519	139.930361	5	0.356	-0.915	9.444	2.381
1424225648319	37.490517	139.930360	5	0.358	-0.956	9.491	2.309
1424225648419	37.490516	139.930359	5	0.382	-0.880	9.266	2.236
1424225648520	37.490514	139.930358	5	0.382	-0.656	9.185	2.165
1424225648621	37.490513	139.930357	5	0.427	-0.569	9.620	2.097
1424225648721	37.490512	139.930356	5	0.429	-0.530	9.791	2.031
1424225648822	37.490510	139.930355	5	0.311	-0.348	9.243	1.970
1424225648923	37.490509	139.930354	5	0.216	-0.240	9.104	1.914
1424225649023	37.490508	139.930353	5	0.284	-0.230	9.457	1.860
1424225649119	37.490506	139.930351	5	0.353	-0.268	9.602	1.809
1424225649220	37.490505	139.930350	5	0.326	-0.317	9.440	1.757
1424225649321	37.490504	139.930349	5	0.291	-0.347	9.404	1.707
1424225649421	37.490503	139.930348	5	0.326	-0.352	9.446	1.658
1424225649522	37.490502	139.930347	5	0.332	-0.338	9.370	1.611
1424225649623	37.490501	139.930346	5	0.288	-0.307	9.333	1.565
1424225649723	37.490499	139.930344	5	0.197	-0.353	9.415	1.520
1424225649819	37.490499	139.930343	6	0.146	-0.451	9.507	1.452
1424225649920	37.490498	139.930342	6	0.201	-0.496	9.426	1.356
1424225650020	37.490498	139.930340	6	0.301	-0.496	9.358	1.266
1424225650121	37.490497	139.930339	6	0.384	-0.506	9.415	1.180
1424225650222	37.490497	139.930338	6	0.423	-0.509	9.417	1.099
1424225650323	37.490496	139.930336	6	0.389	-0.485	9.332	1.023
1424225650423	37.490496	139.930335	6	0.379	-0.477	9.367	0.954
1424225650524	37.490496	139.930334	6	0.360	-0.553	9.508	0.888
1424225650620	37.490495	139.930333	6	0.269	-0.634	9.547	0.831
1424225650719	37.490495	139.930332	6	0.199	-0.687	9.478	0.776
1424225650821	37.490495	139.930331	6	0.244	-0.692	9.423	0.675
1424225650920	37.490495	139.930330	6	0.339	-0.658	9.420	0.542
1424225651023	37.490495	139.930329	6	0.403	-0.615	9.415	0.419
1424225651122	37.490496	139.930328	6	0.404	-0.592	9.408	0.315
1424225651219	37.490496	139.930327	6	0.396	-0.588	9.392	0.228
1424225651320	37.490496	139.930326	6	0.404	-0.586	9.394	0.152
1424225651420	37.490496	139.930326	6	0.388	-0.608	9.412	0.092
1424225651521	37.490496	139.930325	6	0.315	-0.595	9.427	0.047
1424225651622	37.490496	139.930325	6	0.205	-0.379	9.468	0.016
1424225651722	37.490496	139.930325	6	0.120	-0.040	9.458	0.002
1424225728618	37.489976	139.932704	6	0.111	0.167	9.392	7.824
1424225728623	37.489975	139.932705	6	0.109	0.166	9.391	7.822
1424225728719	37.489974	139.932712	6	0.064	0.073	9.418	7.775
1424225728819	37.489973	139.932720	6	-0.040	-0.002	9.418	7.725
1424225728920	37.489972	139.932728	6	-0.120	-0.057	9.388	7.673
1424225729021	37.489972	139.932736	6	-0.045	-0.014	9.342	7.621
1424225729122	37.489972	139.932744	6	0.020	0.102	9.364	7.570
1424225729222	37.489971	139.932752	6	0.064	0.069	9.388	7.520
1424225729323	37.489971	139.932760	6	0.154	0.037	9.371	7.469
1424225729419	37.489970	139.932768	6	0.147	0.058	9.374	7.422
1424225729519	37.489970	139.932776	6	0.101	0.038	9.393	7.372
1424225732616	37.489939	139.933014	5	0.135	0.001	9.402	6.538
1424225732621	37.489939	139.933015	5	0.132	0.003	9.413	6.537
1424225732722	37.489938	139.933021	5	0.072	-0.090	9.574	6.512
1424225732823	37.489937	139.933028	5	0.037	-0.150	9.453	6.472
1424225732923	37.489936	139.933034	5	0.082	-0.189	9.311	6.421
1424225733019	37.489935	139.933040	5	0.160	-0.199	9.401	6.372
1424225733120	37.489934	139.933047	5	0.137	-0.226	9.586	6.320
1424225733220	37.489932	139.933053	5	0.048	-0.190	9.448	6.270
1424225733321	37.489931	139.933060	5	0.018	-0.171	9.223	6.220
1424225733422	37.489930	139.933066	5	0.105	-0.196	9.267	6.169
1424225733523	37.489929	139.933073	5	0.115	-0.342	9.497	6.120
1424225733623	37.489928	139.933079	5	0.118	-0.460	9.369	6.071
1424225733719	37.489927	139.933085	5	0.191	-0.522	9.315	6.025
1424225733820	37.489926	139.933091	5	0.238	-0.591	9.497	5.960
1424225733920	37.489925	139.933096	5	0.254	-0.668	9.585	5.881
1424225734021	37.489925	139.933102	5	0.219	-0.689	9.336	5.802
1424225734122	37.489925	139.933107	5	0.301	-0.662	9.274	5.725
1424225734222	37.489924	139.933113	5	0.364	-0.693	9.471	5.649
1424225734323	37.489924	139.933118	5	0.344	-0.770	9.513	5.573
1424225734419	37.489923	139.933123	5	0.263	-0.791	9.341	5.502
1424225734519	37.489923	139.933128	5	0.244	-0.809	9.357	5.429
1424225734620	37.489923	139.933133	5	0.311	-0.882	9.533	5.356
1424225734721	37.489922	139.933139	5	0.362	-0.942	9.542	5.284
1424225734822	37.489922	139.933143	5	0.345	-0.965	9.423	5.160
1424225734922	37.489922	139.933148	5	0.350	-0.995	9.357	4.990
1424225735023	37.489921	139.933153	5	0.374	-1.031	9.406	4.823
1424225735119	37.489921	139.933157	5	0.390	-1.101	9.529	4.670
1424225735219	37.489921	139.933161	5	0.323	-1.132	9.542	4.515
1424225735320	37.489921	139.933165	5	0.334	-1.056	9.312	4.363
1424225735421	37.489921	139.933169	5	0.403	-1.063	9.434	4.217
1424225735522	37.489920	139.933173	5	0.476	-1.061	9.536	4.075
1424225735622	37.489920	139.933177	5	0.453	-0.779	9.494	3.940
1424225735723	37.489920	139.933180	5	0.444	-0.427	9.399	3.809
1424225735819	37.489920	139.933184	4	0.411	-0.261	9.389	3.709
1424225735924	37.489919	139.933188	4	0.420	-0.241	9.342	3.624
1424225736020	37.489919	139.933191	4	0.508	-0.239	9.404	3.547
1424225736119	37.489919	139.933195	4	0.554	-0.194	9.523	3.469
1424225736221	37.489918	139.933199	4	0.512	-0.111	9.411	3.391
1424225736320	37.489918	139.933202	4	0.569	-0.019	9.273	3.317
1424225736423	37.489917	139.933206	4	0.663	0.023	9.305	3.241
1424225736519	37.489917	139.933209	4	0.710	-0.013	9.440	3.173
1424225736619	37.489917	139.933212	4	0.786	-0.051	9.439	3.103
1424225736720	37.489916	139.933215	4	0.787	-0.075	9.345	3.034
1424225736821	37.489915	139.933218	4	0.626	-0.028	9.227	2.987
1424225736921	37.489914	139.933221	4	0.590	0.006	9.529	2.961
1424225737022	37.489913	139.933224	4	0.504	0.116	9.561	2.935
1424225737123	37.489912	139.933226	4	0.458	0.260	9.350	2.909
1424225737224	37.489911	139.933229	4	0.442	0.329	9.294	2.884
1424225737319	37.489910	139.933232	4	0.429	0.271	9.451	2.860
1424225737420	37.489909	139.933234	4	0.432	0.240	9.572	2.835
1424225737521	37.489908	139.933237	4	0.401	0.299	9.489	2.810
1424225737621	37.489907	139.933239	4	0.387	0.431	9.348	2.786
1424225737722	37.489906	139.933242	4	0.464	0.616	9.303	2.762
1424225737823	37.489905	139.933244	5	0.620	0.689	9.173	2.750
1424225737923	37.489904	139.933247	5	0.784	0.713	8.986	2.750
1424225738019	37.489903	139.933249	5	0.636	0.726	8.976	2.750
1424225738120	37.489901	139.933251	5	0.471	0.509	9.550	2.750
1424225738221	37.489900	139.933254	5	0.535	0.184	10.091	2.750
1424225738321	37.489899	139.933256	5	0.543	-0.048	10.179	2.750
1424225738422	37.489898	139.933259	5	0.721	0.098	9.572	2.750
1424225738523	37.489896	139.933261	5	0.676	0.309	8.894	2.750
1424225738623	37.489895	139.933263	5	0.600	0.412	8.690	2.750
1424225738719	37.489894	139.933266	5	0.833	0.290	9.037	2.750
1424225738820	37.489892	139.933267	9	0.944	-0.297	10.098	2.737
1424225738920	37.489889	139.933266	9	1.051	-0.624	11.067	2.711
1424225739021	37.489886	139.933265	9	1.411	0.117	9.532	2.685
1424225739122	37.489883	139.933264	9	1.206	0.871	8.149	2.659
1424225739223	37.489880	139.933263	9	1.012	0.717	8.347	2.634
1424225739323	37.489877	139.933262	9	1.759	-0.336	10.551	2.609
1424225739419	37.489875	139.933262	9	2.075	-0.534	10.405	2.585
1424225739520	37.489872	139.933261	9	1.627	-0.075	8.928	2.560
1424225739620	37.489869	139.933260	9	1.229	0.485	8.392	2.536
1424225739721	37.489866	139.933259	9	1.323	0.570	9.144	2.512
1424225739822	37.489862	139.933258	10	1.606	0.305	9.709	2.544
1424225739922	37.489856	139.933257	10	1.053	0.043	9.448	2.631
1424225740023	37.489850	139.933256	10	0.726	-0.282	9.174	2.722
1424225740119	37.489844	139.933255	10	0.773	-0.342	9.187	2.811
1424225740220	37.489837	139.933254	10	1.154	0.145	9.570	2.909
1424225740320	37.489830	139.933252	10	1.546	0.141	9.501	3.009
1424225740421	37.489823	139.933251	10	1.437	-0.098	9.169	3.113
1424225740522	37.489816	139.933250	10	1.320	-0.351	9.324	3.221
1424225740622	37.489808	139.933248	10	1.314	-0.269	9.650	3.331
1424225740723	37.489801	139.933247	10	1.201	-0.215	9.353	3.446
1424225740819	37.489795	139.933246	10	1.410	-0.185	9.488	3.500
1424225740919	37.489792	139.933245	10	1.572	-0.168	9.514	3.500
1424225741020	37.489789	139.933244	10	1.454	-0.009	9.329	3.500
1424225741121	37.489786	139.933243	10	1.052	-0.033	9.275	3.500
1424225741222	37.489783	139.933242	10	0.718	0.003	9.418	3.500
1424225741322	37.489780	139.933241	10	0.580	0.083	9.421	3.500
1424225741423	37.489777	139.933240	10	0.397	0.133	9.216	3.500
1424225741519	37.489774	139.933239	10	0.536	0.046	9.889	3.500
1424225741619	37.489771	139.933238	10	0.325	0.070	9.834	3.500
1424225741720	37.489768	139.933237	10	0.197	0.087	9.413	3.500
1424225741821	37.489764	139.933237	7	0.343	0.210	9.240	3.487
1424225741922	37.489760	139.933236	7	0.555	0.285	9.391	3.461
1424225742022	37.489756	139.933235	7	0.735	0.316	9.497	3.435
1424225742123	37.489753	139.933234	7	0.813	0.336	9.322	3.410
1424225742219	37.489749	139.933233	7	0.660	0.330	9.114	3.385
1424225742319	37.489745	139.933232	7	0.299	0.141	9.397	3.360
1424225742420	37.489742	139.933231	7	0.144	0.080	9.411	3.335
1424225742521	37.489738	139.933230	7	0.045	0.274	9.243	3.311
1424225742621	37.489734	139.933229	7	0.153	0.277	9.642	3.286
1424225742722	37.489731	139.933228	7	0.308	0.121	9.695	3.262
1424225742823	37.489728	139.933227	7	0.333	0.017	9.570	3.250
1424225742919	37.489725	139.933226	7	0.275	0.102	9.448	3.250
1424225743019	37.489722	139.933225	7	0.345	0.278	9.238	3.250
1424225743120	37.489720	139.933223	7	0.548	0.392	9.155	3.250
1424225743221	37.489717	139.933222	7	0.633	0.313	9.160	3.250
1424225743321	37.489714	139.933221	7	0.661	0.178	9.466	3.250
1424225743422	37.489711	139.933220	7	0.673	0.113	9.679	3.250
1424225743523	37.489709	139.933218	7	0.450	0.164	9.396	3.250
1424225743619	37.489706	139.933217	7	0.428	0.239	9.174	3.250
1424225761615	37.489703	139.932481	7	0.428	0.238	9.167	3.750
1424225763619	37.489713	139.932395	6	0.424	0.236	9.164	3.750
1424225763720	37.489714	139.932391	6	0.362	-0.032	9.243	3.750
1424225763820	37.489714	139.932387	6	0.371	-0.159	9.209	3.737
1424225763921	37.489715	139.932383	6	0.425	-0.207	9.232	3.711
1424225764022	37.489716	139.932378	6	0.456	-0.317	9.389	3.685
1424225764123	37.489717	139.932374	6	0.401	-0.350	9.379	3.660
1424225764223	37.489718	139.932370	6	0.332	-0.300	9.154	3.635
1424225764324	37.489719	139.932366	6	0.353	-0.262	9.395	3.609
1424225764420	37.489720	139.932362	6	0.302	-0.225	9.522	3.586
1424225764519	37.489721	139.932358	6	0.266	-0.204	9.321	3.561
1424225764621	37.489722	139.932354	6	0.345	-0.267	9.383	3.536
1424225764720	37.489723	139.932350	6	0.497	-0.270	9.422	3.512
1424225764823	37.489724	139.932346	4	0.529	-0.222	9.380	3.500
1424225764922	37.489725	139.932343	4	0.474	-0.213	9.376	3.500
1424225765019	37.489725	139.932339	4	0.484	-0.301	9.447	3.500
1424225765120	37.489727	139.932335	4	0.480	-0.416	9.464	3.500
1424225765220	37.489728	139.932332	4	0.396	-0.457	9.437	3.500
1424225765321	37.489729	139.932328	4	0.304	-0.409	9.421	3.500
1424225765422	37.489730	139.932325	4	0.334	-0.387	9.450	3.500
1424225765522	37.489731	139.932321	4	0.407	-0.296	9.415	3.500
1424225765623	37.489732	139.932317	4	0.513	-0.178	9.335	3.500
1424225765719	37.489732	139.932314	4	0.525	-0.040	9.262	3.500
1424225765820	37.489734	139.932311	4	0.363	0.004	9.216	3.458
1424225765920	37.489735	139.932308	4	0.276	-0.109	9.524	3.376
1424225766021	37.489736	139.932305	4	0.258	-0.174	9.609	3.295
1424225766122	37.489738	139.932303	4	0.238	-0.064	9.333	3.215
1424225766222	37.489739	139.932300	4	0.277	0.006	9.219	3.139
1424225766323	37.489740	139.932297	4	0.384	-0.123	9.441	3.063
1424225766419	37.489741	139.932295	4	0.534	-0.288	9.565	2.993
1424225766520	37.489742	139.932293	4	0.601	-0.354	9.404	2.921
1424225766620	37.489743	139.932290	4	0.632	-0.442	9.367	2.851
1424225766721	37.489744	139.932288	4	0.606	-0.520	9.507	2.783
1424225766822	37.489746	139.932286	5	0.567	-0.494	9.479	2.750
1424225766922	37.489747	139.932283	5	0.615	-0.423	9.365	2.750
1424225767023	37.489748	139.932280	5	0.682	-0.457	9.426	2.750
1424225767119	37.489750	139.932278	5	0.791	-0.516	9.510	2.750
1424225767219	37.489751	139.932275	5	0.872	-0.513	9.382	2.750
1424225767320	37.489752	139.932272	5	0.788	-0.485	9.306	2.750
1424225767421	37.489753	139.932269	5	0.585	-0.387	9.400	2.750
1424225767522	37.489755	139.932267	5	0.482	-0.254	9.491	2.750
1424225767622	37.489756	139.932264	5	0.525	-0.228	9.438	2.750
1424225767723	37.489757	139.932261	5	0.558	-0.385	9.411	2.750
1424225767819	37.489759	139.932259	6	0.544	-0.523	9.479	2.750
1424225767919	37.489760	139.932256	6	0.509	-0.538	9.445	2.750
1424225768020	37.489761	139.932253	6	0.453	-0.548	9.428	2.750
1424225768121	37.489763	139.932250	6	0.465	-0.658	9.485	2.750
1424225768222	37.489764	139.932247	6	0.540	-0.683	9.438	2.750
1424225768323	37.489765	139.932245	6	0.564	-0.644	9.324	2.750
1424225768423	37.489766	139.932242	6	0.553	-0.658	9.385	2.750
1424225768519	37.489768	139.932239	6	0.544	-0.742	9.520	2.750
1424225768619	37.489769	139.932236	6	0.563	-0.681	9.478	2.750
1424225768720	37.489770	139.932233	6	0.552	-0.490	9.368	2.750
1424225768821	37.489772	139.932233	9	0.497	-0.359	9.367	2.668
1424225768921	37.489773	139.932235	9	0.386	-0.318	9.379	2.514
1424225769022	37.489774	139.932237	9	0.344	-0.296	9.347	2.366
1424225769123	37.489775	139.932239	9	0.267	-0.314	9.382	2.225
1424225769223	37.489776	139.932241	9	0.153	-0.327	9.508	2.093
1424225769319	37.489777	139.932243	9	0.080	-0.329	9.485	1.973
1424225769420	37.489777	139.932244	9	0.068	-0.430	9.424	1.854
1424225769521	37.489778	139.932246	9	0.146	-0.591	9.488	1.743
1424225769621	37.489779	139.932247	9	0.255	-0.655	9.482	1.640
1424225769722	37.489780	139.932248	9	0.298	-0.571	9.344	1.543
1424225769823	37.489781	139.932249	9	0.372	-0.406	9.425	1.500
1424225769923	37.489782	139.932248	9	0.423	-0.254	9.484	1.500
1424225770019	37.489782	139.932247	9	0.395	-0.113	9.364	1.500
1424225770120	37.489784	139.932246	9	0.308	-0.055	9.324	1.500
1424225770220	37.489784	139.932245	9	0.243	-0.071	9.399	1.500
1424225770321	37.489786	139.932244	9	0.212	-0.107	9.445	1.500
1424225770422	37.489787	139.932243	9	0.192	-0.163	9.362	1.500
1424225770523	37.489788	139.932242	9	0.147	-0.263	9.334	1.500
1424225770623	37.489789	139.932241	9	0.192	-0.328	9.360	1.500
1424225770719	37.489789	139.932240	9	0.257	-0.339	9.406	1.500
1424225770820	37.489791	139.932241	8	0.228	-0.349	9.412	1.486
1424225770920	37.489792	139.932242	8	0.118	-0.341	9.482	1.460
1424225771021	37.489794	139.932243	8	0.060	-0.294	9.528	1.433
1424225771122	37.489796	139.932244	8	0.087	-0.289	9.498	1.407
1424225771223	37.489797	139.932245	8	0.137	-0.237	9.422	1.381
1424225771323	37.489799	139.932246	8	0.144	-0.131	9.331	1.356
1424225771419	37.489800	139.932247	8	0.126	-0.049	9.320	1.333
1424225771520	37.489802	139.932248	8	0.098	-0.007	9.368	1.308
1424225771620	37.489803	139.932249	8	0.088	-0.002	9.376	1.285
1424225771721	37.489804	139.932251	8	0.048	0.013	9.377	1.261
1424225771822	37.489806	139.932251	8	0.024	-0.039	9.496	1.250
1424225771922	37.489807	139.932252	8	0.097	-0.093	9.539	1.250
1424225772023	37.489808	139.932252	8	0.155	-0.007	9.356	1.250
1424225772119	37.489808	139.932253	8	0.139	0.097	9.281	1.250
1424225772220	37.489809	139.932253	8	0.099	0.160	9.323	1.250
1424225772320	37.489810	139.932254	8	0.095	0.109	9.446	1.250
1424225772421	37.489812	139.932254	8	0.107	0.025	9.485	1.250
1424225772522	37.489813	139.932255	8	0.049	-0.011	9.467	1.250
1424225779617	37.489927	139.932317	8	-0.018	-0.009	9.426	1.750
1424225779622	37.489927	139.932317	8	-0.019	-0.009	9.429	1.750
1424225779722	37.489929	139.932318	8	0.120	-0.123	9.460	1.750
1424225779823	37.489931	139.932318	9	0.108	-0.383	9.706	1.750
1424225779919	37.489933	139.932318	9	0.164	-0.547	9.880	1.750
1424225780019	37.489935	139.932319	9	-0.025	-0.460	9.574	1.750
1424225780120	37.489938	139.932319	9	-0.095	-0.304	9.292	1.750
1424225780221	37.489940	139.932319	9	-0.078	-0.240	9.407	1.750
1424225780322	37.489942	139.932319	9	-0.041	-0.186	9.471	1.750
1424225780422	37.489944	139.932319	9	-0.030	-0.119	9.312	1.750
1424225780523	37.489947	139.932320	9	-0.044	-0.035	9.216	1.750
1424225780619	37.489949	139.932320	9	-0.052	0.018	9.313	1.750
1424225801616	37.490192	139.931421	12	-0.054	0.020	9.321	5.538
1424225801621	37.490192	139.931421	12	-0.056	0.020	9.325	5.537
1424225801722	37.490197	139.931414	12	-0.070	-0.075	9.329	5.512
1424225801823	37.490199	139.931408	12	-0.055	-0.080	9.359	5.500
1424225801923	37.490200	139.931402	12	0.039	-0.095	9.333	5.500
1424225802019	37.490200	139.931396	12	0.082	-0.259	9.571	5.500
1424225802120	37.490201	139.931390	12	0.029	-0.279	9.442	5.500
1424225802221	37.490202	139.931384	12	-0.047	-0.169	9.373	5.500
1424225802321	37.490202	139.931378	12	0.022	-0.204	9.558	5.500
1424225802422	37.490203	139.931372	12	0.137	-0.311	9.725	5.500
1424225802523	37.490204	139.931366	12	0.067	-0.203	9.339	5.500
1424225802623	37.490204	139.931360	12	0.033	-0.123	9.215	5.500
1424225802719	37.490205	139.931354	12	0.124	0.015	9.412	5.500
1424225802820	37.490206	139.931348	6	0.150	-0.012	9.471	5.474
1424225802920	37.490207	139.931344	6	0.128	-0.083	9.398	5.422
1424225803021	37.490209	139.931339	6	0.033	-0.102	9.366	5.370
1424225803122	37.490210	139.931334	6	0.057	-0.069	9.493	5.319
1424225803223	37.490212	139.931329	6	0.110	-0.190	9.479	5.268
1424225803323	37.490213	139.931324	6	0.129	-0.308	9.344	5.218
1424225803419	37.490215	139.931319	6	0.165	-0.365	9.368	5.170
1424225803520	37.490216	139.931315	6	0.165	-0.378	9.427	5.121
1424225803620	37.490218	139.931310	6	0.170	-0.332	9.380	5.072
1424225803721	37.490219	139.931305	6	0.189	-0.349	9.358	5.023
1424225803822	37.490220	139.931300	6	0.166	-0.396	9.409	5.000
1424225803922	37.490221	139.931295	6	0.090	-0.385	9.372	5.000
1424225804023	37.490222	139.931289	6	0.107	-0.373	9.428	5.000
1424225804119	37.490222	139.931284	6	0.100	-0.391	9.414	5.000
1424225804219	37.490223	139.931278	6	0.122	-0.402	9.447	5.000
1424225804320	37.490224	139.931273	6	0.143	-0.415	9.442	5.000
1424225804421	37.490225	139.931267	6	0.137	-0.415	9.348	5.000
1424225804522	37.490225	139.931262	6	0.017	-0.376	9.214	5.000
1424225804622	37.490226	139.931256	6	-0.255	-0.256	8.982	5.000
1424225804723	37.490227	139.931251	6	0.009	-0.516	9.855	5.000
1424225804819	37.490227	139.931245	7	0.420	-0.760	10.374	5.000
1424225804919	37.490228	139.931240	7	0.389	-0.506	9.644	5.000
1424225805020	37.490229	139.931234	7	0.287	-0.163	9.052	5.000
1424225805121	37.490229	139.931229	7	0.321	-0.089	9.111	5.000
1424225805221	37.490230	139.931223	7	0.249	-0.281	9.449	5.000
1424225805322	37.490230	139.931218	7	0.084	-0.402	9.602	5.000
1424225805423	37.490231	139.931212	7	-0.157	-0.460	9.184	5.000
1424225805519	37.490231	139.931207	7	-0.347	-0.390	9.331	5.000
1424225805619	37.490232	139.931201	7	-0.347	-0.104	9.869	5.000
1424225805720	37.490233	139.931196	7	-0.024	-0.077	9.604	5.000
1424225805821	37.490233	139.931192	8	0.282	-0.198	9.236	4.911
1424225805921	37.490232	139.931190	8	0.383	-0.307	9.244	4.740
1424225806022	37.490231	139.931188	8	0.253	-0.250	9.410	4.572
1424225806123	37.490230	139.931186	8	0.095	-0.174	9.426	4.410
1424225806219	37.490229	139.931184	8	0.011	-0.197	9.391	4.261
1424225806319	37.490228	139.931182	8	-0.045	-0.270	9.409	4.111
1424225806420	37.490227	139.931180	8	-0.095	-0.278	9.444	3.965
1424225806521	37.490227	139.931178	8	-0.097	-0.253	9.433	3.824
1424225806621	37.490226	139.931176	8	-0.074	-0.226	9.369	3.690
1424225806722	37.490225	139.931175	8	-0.029	-0.217	9.316	3.560
1424225806823	37.490225	139.931171	8	-0.012	-0.230	9.367	3.513
1424225806919	37.490225	139.931167	8	0.037	-0.265	9.528	3.536
1424225807024	37.490225	139.931161	8	0.057	-0.260	9.441	3.562
1424225807120	37.490225	139.931157	8	0.050	-0.266	9.371	3.586
1424225807219	37.490225	139.931152	8	-0.006	-0.259	9.414	3.610
1424225807321	37.490225	139.931146	8	-0.061	-0.241	9.389	3.636
1424225807420	37.490225	139.931141	8	-0.001	-0.217	9.369	3.661
1424225807523	37.490225	139.931136	8	0.081	-0.246	9.411	3.687
1424225807622	37.490225	139.931131	8	0.111	-0.328	9.390	3.712
1424225807719	37.490225	139.931126	8	0.060	-0.342	9.379	3.737
1424225807820	37.490225	139.931121	6	0.096	-0.322	9.418	3.723
1424225807920	37.490226	139.931117	6	0.136	-0.315	9.464	3.670
1424225808021	37.490226	139.931113	6	0.117	-0.313	9.403	3.618
1424225808122	37.490227	139.931110	6	0.213	-0.300	9.340	3.566
1424225808223	37.490227	139.931106	6	0.170	-0.303	9.410	3.515
1424225808323	37.490228	139.931102	6	0.191	-0.335	9.408	3.465
1424225808419	37.490228	139.931099	6	0.116	-0.329	9.404	3.417
1424225808520	37.490229	139.931096	6	0.136	-0.320	9.433	3.368
1424225808620	37.490229	139.931092	6	0.149	-0.308	9.393	3.320
1424225808721	37.490230	139.931089	6	0.179	-0.305	9.377	3.273
1424225808822	37.490230	139.931085	4	0.146	-0.312	9.415	3.237
1424225808923	37.490231	139.931081	4	0.117	-0.287	9.400	3.210
1424225809023	37.490231	139.931078	4	0.118	-0.306	9.425	3.185
1424225809119	37.490232	139.931074	4	0.157	-0.355	9.471	3.160
1424225809220	37.490232	139.931071	4	0.109	-0.340	9.342	3.135
1424225809320	37.490233	139.931067	4	0.159	-0.365	9.405	3.110
1424225809421	37.490233	139.931064	4	0.080	-0.296	9.188	3.085
1424225809522	37.490234	139.931060	4	0.202	-0.397	9.563	3.060
1424225809622	37.490234	139.931057	4	0.283	-0.456	9.671	3.036
1424225809723	37.490235	139.931054	4	0.242	-0.400	9.347	3.011
1424225809819	37.490235	139.931051	5	0.213	-0.374	9.290	2.987
1424225809920	37.490236	139.931048	5	0.203	-0.403	9.411	2.961
1424225810020	37.490237	139.931046	5	0.123	-0.464	9.501	2.935
1424225810121	37.490238	139.931044	5	0.051	-0.477	9.498	2.910
1424225810222	37.490239	139.931041	5	0.012	-0.444	9.416	2.884
1424225810322	37.490240	139.931039	5	0.076	-0.422	9.445	2.859
1424225810423	37.490241	139.931037	5	0.225	-0.454	9.574	2.834
1424225810519	37.490242	139.931035	5	0.180	-0.276	9.201	2.811
1424225810620	37.490243	139.931032	5	0.266	-0.300	9.398	2.786
1424225810720	37.490244	139.931030	5	0.244	-0.283	9.319	2.762
1424225810821	37.490244	139.931027	5	0.179	-0.190	9.340	2.722
1424225810922	37.490245	139.931025	5	0.342	-0.173	9.598	2.668
1424225811022	37.490246	139.931022	5	0.345	-0.303	9.629	2.615
1424225811123	37.490246	139.931019	5	0.134	-0.320	9.319	2.562
1424225811219	37.490247	139.931016	5	0.062	-0.313	9.384	2.513
1424225811319	37.490247	139.931014	5	0.067	-0.275	9.454	2.463
1424225811420	37.490248	139.931011	5	0.090	-0.264	9.423	2.414
1424225811521	37.490249	139.931008	5	0.131	-0.268	9.413	2.365
1424225811622	37.490249	139.931006	5	0.208	-0.267	9.479	2.318
1424225811722	37.490250	139.931003	5	0.245	-0.229	9.424	2.272
1424225811823	37.490250	139.931001	4	0.244	-0.216	9.404	2.236
1424225811919	37.490250	139.930998	4	0.219	-0.227	9.438	2.211
1424225812019	37.490250	139.930996	4	0.197	-0.260	9.308	2.185
1424225812120	37.490250	139.930993	4	0.173	-0.271	9.354	2.159
1424225812221	37.490250	139.930991	4	0.177	-0.224	9.521	2.134
1424225812321	37.490249	139.930988	4	0.188	-0.221	9.414	2.109
1424225812422	37.490249	139.930986	4	0.218	-0.221	9.319	2.084
1424225812523	37.490249	139.930984	4	0.206	-0.176	9.439	2.059
1424225812619	37.490249	139.930981	4	0.238	-0.203	9.481	2.036
1424225812719	37.490249	139.930979	4	0.194	-0.296	9.446	2.012
1424225812820	37.490249	139.930977	3	0.097	-0.346	9.360	1.987
1424225812921	37.490249	139.930974	3	0.016	-0.331	9.379	1.960
1424225813021	37.490250	139.930972	3	0.062	-0.278	9.445	1.934
1424225813122	37.490250	139.930970	3	0.184	-0.269	9.421	1.908
1424225813223	37.490250	139.930967	3	0.245	-0.247	9.360	1.883
1424225813323	37.490251	139.930965	3	0.236	-0.238	9.394	1.858
1424225813419	37.490251	139.930963	3	0.214	-0.269	9.422	1.834
1424225813520	37.490251	139.930960	3	0.202	-0.305	9.411	1.809
1424225813621	37.490252	139.930958	3	0.206	-0.344	9.426	1.785
1424225813721	37.490252	139.930956	3	0.197	-0.337	9.411	1.761
1424225813822	37.490252	139.930954	4	0.181	-0.353	9.429	1.701
1424225813923	37.490252	139.930952	4	0.189	-0.384	9.408	1.609
1424225814023	37.490251	139.930951	4	0.219	-0.394	9.389	1.522
1424225814119	37.490251	139.930949	4	0.228	-0.385	9.403	1.442
1424225814220	37.490251	139.930948	4	0.241	-0.379	9.414	1.362
1424225814321	37.490251	139.930946	4	0.232	-0.408	9.416	1.286
1424225814421	37.490251	139.930945	4	0.226	-0.435	9.413	1.215
1424225814522	37.490250	139.930944	4	0.226	-0.465	9.402	1.148
1424225814623	37.490250	139.930943	4	0.230	-0.522	9.427	1.085
1424225814723	37.490250	139.930941	4	0.226	-0.574	9.451	1.026
1424225814819	37.490250	139.930940	4	0.219	-0.588	9.421	0.986
1424225814920	37.490249	139.930939	4	0.232	-0.600	9.412	0.958
1424225815020	37.490249	139.930939	4	0.258	-0.603	9.448	0.931
1424225815121	37.490248	139.930938	4	0.288	-0.613	9.443	0.904
1424225815222	37.490248	139.930937	4	0.285	-0.594	9.405	0.878
1424225815323	37.490248	139.930936	4	0.235	-0.431	9.432	0.853
1424225815423	37.490247	139.930935	4	0.173	-0.243	9.433	0.829
1424225815519	37.490247	139.930934	4	0.113	-0.117	9.391	0.806
1424225815620	37.490247	139.930933	4	0.060	-0.074	9.387	0.783
1424225815720	37.490246	139.930932	4	0.034	-0.062	9.426	0.761
1424225815821	37.490246	139.930932	4	0.043	-0.040	9.419	0.750
1424225815922	37.490246	139.930931	4	0.075	-0.011	9.399	0.750
1424225816023	37.490245	139.930930	4	0.079	0.001	9.416	0.750
1424225816123	37.490245	139.930930	4	0.065	0.012	9.409	0.750
1424225816219	37.490245	139.930929	4	0.043	0.016	9.415	0.750
1424225816320	37.490245	139.930928	4	0.032	0.021	9.399	0.750
1424225816420	37.490245	139.930927	4	0.027	0.028	9.406	0.750
1424225816521	37.490245	139.930927	4	0.018	0.039	9.422	0.750
1424225842619	37.490470	139.929202	8	0.014	0.047	9.409	8.037
1424225842720	37.490472	139.929193	8	-0.052	-0.099	9.374	8.012
1424225842821	37.490474	139.929185	8	-0.075	-0.111	9.068	7.974
1424225842922	37.490475	139.929176	8	0.093	-0.176	9.292	7.922
1424225843022	37.490476	139.929168	8	0.183	-0.356	9.630	7.871
1424225843123	37.490478	139.929159	8	0.213	-0.177	9.525	7.820
1424225843219	37.490479	139.929151	8	0.241	-0.150	9.322	7.772
1424225843319	37.490480	139.929143	8	0.250	-0.278	9.544	7.722
1424225843420	37.490482	139.929134	8	0.209	-0.301	9.579	7.671
1424225843521	37.490483	139.929126	8	0.220	-0.115	9.396	7.621
1424225843622	37.490484	139.929118	8	0.162	-0.164	9.350	7.572
1424225843722	37.490485	139.929110	8	0.187	-0.213	9.429	7.523
1424225843823	37.490487	139.929102	9	0.154	-0.293	9.714	7.487
1424225843919	37.490489	139.929094	9	0.091	-0.234	9.564	7.462
1424225844019	37.490490	139.929085	9	0.041	-0.177	9.150	7.437
1424225844120	37.490492	139.929077	9	0.013	-0.151	8.985	7.412
1424225844221	37.490494	139.929069	9	-0.001	-0.205	9.444	7.386
1424225844321	37.490495	139.929060	9	-0.036	-0.368	9.818	7.361
1424225844422	37.490497	139.929052	9	-0.066	-0.268	9.383	7.336
1424225844523	37.490499	139.929044	9	0.035	-0.301	9.268	7.311
1424225844624	37.490501	139.929036	9	0.085	-0.402	9.451	7.286
1424225844719	37.490502	139.929028	9	0.138	-0.382	9.496	7.263
1424225844820	37.490503	139.929021	10	0.153	-0.216	9.342	7.224
1424225844921	37.490503	139.929014	10	0.122	-0.160	9.353	7.172
1424225845022	37.490503	139.929007	10	0.175	-0.220	9.396	7.121
1424225845122	37.490503	139.929000	10	0.273	-0.213	9.380	7.070
1424225845223	37.490503	139.928993	10	0.242	-0.153	9.349	7.019
1424225845323	37.490502	139.928986	10	0.130	-0.192	9.349	6.969
1424225845419	37.490502	139.928980	10	0.184	-0.249	9.355	6.921
1424225845520	37.490502	139.928973	10	0.372	-0.250	9.478	6.872
1424225845621	37.490502	139.928967	10	0.372	-0.256	9.594	6.822
1424225845721	37.490502	139.928960	10	0.253	-0.185	9.250	6.774
1424225845822	37.490502	139.928953	10	0.339	-0.231	9.347	6.723
1424225845923	37.490503	139.928946	10	0.419	-0.352	9.779	6.671
1424225846023	37.490504	139.928939	10	0.307	-0.374	9.654	6.620
1424225846119	37.490505	139.928932	10	0.304	-0.360	9.458	6.571
1424225846220	37.490506	139.928925	10	0.232	-0.254	8.821	6.520
1424225846321	37.490507	139.928918	10	0.375	-0.499	9.489	6.470
1424225846421	37.490508	139.928911	10	0.420	-0.575	9.845	6.420
1424225846522	37.490509	139.928905	10	0.356	-0.378	9.411	6.370
1424225846623	37.490510	139.928898	10	0.377	-0.359	9.172	6.321
1424225846723	37.490511	139.928891	10	0.318	-0.484	9.489	6.273
1424225846819	37.490511	139.928885	8	0.170	-0.624	9.498	6.238
1424225846920	37.490512	139.928878	8	0.102	-0.456	9.464	6.212
1424225847020	37.490513	139.928872	8	0.162	-0.148	9.057	6.187
1424225847121	37.490513	139.928866	8	0.264	-0.272	9.358	6.161
1424225847222	37.490514	139.928859	8	0.366	-0.413	9.430	6.136
1424225847323	37.490514	139.928853	8	0.445	-0.459	9.364	6.110
1424225847423	37.490515	139.928847	8	0.370	-0.488	9.361	6.086
1424225847519	37.490516	139.928841	8	0.369	-0.540	9.364	6.062
1424225847620	37.490516	139.928834	8	0.309	-0.700	9.256	6.037
1424225847720	37.490517	139.928828	8	0.323	-0.707	9.392	6.012
1424225847821	37.490517	139.928823	8	0.277	-0.715	9.432	5.929
1424225847922	37.490517	139.928818	8	0.304	-0.687	9.437	5.791
1424225848022	37.490517	139.928813	8	0.498	-0.870	9.625	5.658
1424225848123	37.490517	139.928808	8	0.594	-1.023	9.567	5.526
1424225848219	37.490517	139.928804	8	0.648	-1.065	9.426	5.403
1424225848320	37.490517	139.928800	8	0.636	-1.126	9.513	5.277
1424225848420	37.490517	139.928795	8	0.551	-1.168	9.524	5.154
1424225848521	37.490517	139.928791	8	0.426	-1.167	9.424	5.034
1424225848622	37.490517	139.928787	8	0.426	-1.188	9.414	4.917
1424225848722	37.490517	139.928783	8	0.466	-1.122	9.549	4.803
1424225848823	37.490517	139.928779	8	0.419	-0.998	9.447	4.691
1424225848919	37.490517	139.928775	8	0.470	-0.995	9.369	4.586
1424225849020	37.490518	139.928770	8	0.541	-1.059	9.502	4.478
1424225849120	37.490518	139.928766	8	0.553	-1.040	9.444	4.373
1424225849221	37.490518	139.928762	8	0.536	-1.051	9.397	4.270
1424225849322	37.490518	139.928758	8	0.529	-1.080	9.406	4.169
1424225849422	37.490518	139.928755	8	0.431	-1.107	9.493	4.071
1424225849523	37.490519	139.928751	8	0.325	-1.030	9.346	3.975
1424225849619	37.490519	139.928747	8	0.593	-0.984	9.629	3.886
1424225849724	37.490519	139.928744	8	0.642	-0.609	9.686	3.791
1424225849820	37.490519	139.928740	8	0.305	-0.274	9.177	3.723
1424225849919	37.490519	139.928736	8	0.315	-0.210	9.294	3.671
1424225850022	37.490519	139.928732	8	0.376	-0.291	9.486	3.617
1424225850121	37.490519	139.928728	8	0.193	-0.361	9.303	3.566
1424225850223	37.490519	139.928724	8	0.119	-0.350	9.331	3.515
1424225850319	37.490519	139.928720	8	0.071	-0.192	9.507	3.467
1424225850419	37.490519	139.928717	8	0.047	0.175	9.384	3.417
1424225850520	37.490519	139.928713	8	0.023	0.441	9.197	3.368
1424225850621	37.490519	139.928709	8	0.065	0.362	9.330	3.320
1424225850722	37.490519	139.928706	8	-0.063	0.306	9.532	3.272
1424225850822	37.490519	139.928702	8	-0.169	0.547	9.449	3.274
1424225850923	37.490520	139.928697	8	-0.071	0.645	9.325	3.322
1424225851019	37.490520	139.928693	8	-0.061	0.538	9.350	3.368
1424225851119	37.490520	139.928688	8	-0.143	0.591	9.542	3.416
1424225851220	37.490521	139.928683	8	-0.205	0.691	9.225	3.466
1424225851321	37.490521	139.928678	8	-0.217	0.761	8.844	3.517
1424225851421	37.490522	139.928674	8	-0.145	0.585	9.561	3.567
1424225851522	37.490522	139.928669	8	-0.206	0.574	9.464	3.619
1424225861618	37.490618	139.928033	8	-0.333	0.611	9.259	5.823
1424225861623	37.490618	139.928033	8	-0.329	0.619	9.266	5.821
1424225861719	37.490619	139.928027	8	-0.121	0.273	9.257	5.774
1424225861819	37.490619	139.928021	5	0.003	-0.111	9.422	5.737
1424225861920	37.490620	139.928015	5	0.027	-0.302	9.473	5.712
1424225862021	37.490621	139.928009	5	0.026	-0.291	9.393	5.686
1424225862122	37.490622	139.928004	5	0.077	-0.282	9.422	5.661
1424225862223	37.490623	139.927998	5	0.114	-0.313	9.406	5.635
1424225862323	37.490623	139.927992	5	0.099	-0.302	9.352	5.610
1424225862419	37.490624	139.927987	5	0.113	-0.249	9.466	5.586
1424225862519	37.490625	139.927981	5	0.158	-0.216	9.546	5.562
1424225862620	37.490626	139.927975	5	0.169	-0.209	9.355	5.537
1424225862721	37.490627	139.927970	5	0.142	-0.217	9.431	5.512
1424225862822	37.490626	139.927964	6	0.101	-0.178	9.530	5.487
1424225862922	37.490625	139.927958	6	0.110	-0.098	9.398	5.461
1424225863023	37.490623	139.927953	6	0.161	-0.091	9.352	5.436
1424225863119	37.490622	139.927947	6	0.215	-0.077	9.379	5.411
1424225863219	37.490621	139.927942	6	0.213	-0.048	9.488	5.386
1424225863320	37.490619	139.927936	6	0.173	-0.062	9.483	5.361
1424225863421	37.490618	139.927930	6	0.176	-0.021	9.342	5.336
1424225863521	37.490616	139.927925	6	0.159	0.004	9.165	5.311
1424225863622	37.490615	139.927919	6	0.177	-0.102	9.462	5.286
1424225863723	37.490614	139.927914	6	0.131	-0.169	9.392	5.261
1424225863824	37.490614	139.927907	6	0.177	-0.197	9.315	5.236
1424225863919	37.490614	139.927901	6	0.281	-0.227	9.446	5.212
1424225864025	37.490615	139.927893	6	0.364	-0.247	9.427	5.185
1424225864121	37.490616	139.927886	6	0.373	-0.293	9.421	5.161
1424225864220	37.490617	139.927880	6	0.296	-0.376	9.418	5.136
1424225864322	37.490618	139.927873	6	0.261	-0.339	9.398	5.110
1424225864421	37.490619	139.927866	6	0.319	-0.327	9.285	5.086
1424225864524	37.490620	139.927859	6	0.289	-0.404	9.493	5.060
1424225864619	37.490621	139.927852	6	0.269	-0.393	9.524	5.037
1424225864720	37.490622	139.927845	6	0.290	-0.300	9.422	5.012
1424225864821	37.490622	139.927839	6	0.377	-0.317	9.437	4.973
1424225864921	37.490623	139.927834	6	0.390	-0.333	9.408	4.921
1424225865023	37.490623	139.927829	6	0.289	-0.340	9.373	4.869
1424225865123	37.490623	139.927824	6	0.230	-0.352	9.509	4.817
1424225865223	37.490624	139.927820	6	0.273	-0.385	9.577	4.767
1424225865319	37.490624	139.927815	6	0.398	-0.354	9.505	4.719
1424225865420	37.490625	139.927810	6	0.468	-0.284	9.383	4.669
1424225865521	37.490625	139.927805	6	0.583	-0.278	9.340	4.620
1424225865621	37.490625	139.927801	6	0.586	-0.219	9.399	4.571
1424225865722	37.490626	139.927796	6	0.558	-0.256	9.474	4.523
1424225865823	37.490626	139.927792	6	0.502	-0.264	9.330	4.486
1424225865923	37.490627	139.927787	6	0.488	-0.189	9.211	4.461
1424225866019	37.490627	139.927782	6	0.422	-0.213	9.396	4.436
1424225866120	37.490628	139.927778	6	0.301	-0.259	9.485	4.411
1424225866220	37.490628	139.927773	6	0.286	-0.283	9.361	4.386
1424225866321	37.490629	139.927768	6	0.432	-0.320	9.359	4.360
1424225866422	37.490629	139.927764	6	0.510	-0.344	9.403	4.335
1424225866523	37.490630	139.927759	6	0.569	-0.252	9.346	4.310
1424225866623	37.490630	139.927755	6	0.545	-0.242	9.361	4.286
1424225866719	37.490631	139.927750	6	0.374	-0.323	9.547	4.262
1424225866820	37.490632	139.927746	6	0.205	-0.272	9.378	4.237
1424225866920	37.490633	139.927741	6	0.164	-0.237	9.398	4.212
1424225867021	37.490635	139.927737	6	0.168	-0.150	9.402	4.186
1424225867122	37.490637	139.927733	6	0.200	-0.139	9.375	4.160
1424225867222	37.490638	139.927728	6	0.219	-0.141	9.443	4.135
1424225867323	37.490640	139.927724	6	0.204	-0.115	9.436	4.110
1424225867419	37.490641	139.927720	6	0.249	-0.052	9.305	4.086
1424225867520	37.490643	139.927716	6	0.229	-0.083	9.311	4.061
1424225867620	37.490645	139.927711	6	0.246	-0.139	9.499	4.037
1424225867721	37.490646	139.927707	6	0.175	-0.099	9.385	4.012
1424225867822	37.490647	139.927703	6	0.186	-0.123	9.302	3.987
1424225867922	37.490647	139.927698	6	0.143	-0.200	9.610	3.961
1424225868024	37.490647	139.927694	6	0.140	-0.212	9.580	3.935
1424225868119	37.490647	139.927689	6	0.155	-0.160	9.283	3.911
1424225868219	37.490647	139.927685	6	0.244	-0.143	9.211	3.886
1424225868320	37.490648	139.927680	6	0.322	-0.209	9.457	3.861
1424225868421	37.490648	139.927676	6	0.297	-0.243	9.458	3.835
1424225868522	37.490648	139.927672	6	0.275	-0.241	9.325	3.810
1424225868622	37.490648	139.927667	6	0.185	-0.243	9.476	3.786
1424225868723	37.490648	139.927663	6	0.085	-0.294	9.534	3.761
1424225868819	37.490647	139.927659	8	0.100	-0.287	9.447	3.737
1424225868919	37.490646	139.927655	8	0.134	-0.163	9.283	3.712
1424225869020	37.490644	139.927652	8	0.164	-0.171	9.372	3.686
1424225869121	37.490643	139.927648	8	0.192	-0.289	9.499	3.660
1424225869221	37.490642	139.927644	8	0.148	-0.309	9.468	3.635
1424225869322	37.490640	139.927641	8	0.170	-0.276	9.472	3.610
1424225869423	37.490639	139.927637	8	0.229	-0.184	9.412	3.585
1424225869519	37.490637	139.927634	8	0.253	-0.220	9.389	3.561
1424225869619	37.490636	139.927630	8	0.190	-0.248	9.301	3.537
1424225869720	37.490635	139.927627	8	0.167	-0.270	9.330	3.512
1424225869821	37.490634	139.927624	8	0.185	-0.332	9.469	3.457
1424225869921	37.490634	139.927622	8	0.176	-0.367	9.489	3.375
1424225870022	37.490635	139.927620	8	0.180	-0.405	9.407	3.294
1424225870123	37.490635	139.927618	8	0.210	-0.414	9.363	3.215
1424225870219	37.490635	139.927616	8	0.265	-0.393	9.447	3.141
1424225870319	37.490635	139.927615	8	0.256	-0.366	9.379	3.066
1424225870420	37.490635	139.927613	8	0.257	-0.405	9.380	2.992
1424225870521	37.490636	139.927611	8	0.270	-0.448	9.477	2.920
1424225870621	37.490636	139.927609	8	0.296	-0.473	9.417	2.850
1424225870722	37.490636	139.927608	8	0.313	-0.531	9.374	2.782
1424225870823	37.490636	139.927607	8	0.260	-0.636	9.422	2.704
1424225870924	37.490636	139.927606	8	0.183	-0.707	9.506	2.619
1424225871019	37.490635	139.927605	8	0.194	-0.684	9.423	2.541
1424225871120	37.490635	139.927604	8	0.161	-0.627	9.296	2.461
1424225871221	37.490635	139.927603	8	0.149	-0.689	9.366	2.382
1424225871321	37.490635	139.927602	8	0.399	-0.796	9.782	2.307
1424225871422	37.490635	139.927602	8	0.411	-0.730	9.494	2.234
1424225871523	37.490634	139.927601	8	0.372	-0.671	9.239	2.163
1424225871623	37.490634	139.927600	8	0.439	-0.707	9.362	2.095
1424225871719	37.490634	139.927599	8	0.441	-0.761	9.470	2.033
1424225871820	37.490634	139.927598	8	0.343	-0.747	9.386	1.954
1424225871920	37.490634	139.927597	8	0.221	-0.747	9.357	1.865
1424225872021	37.490633	139.927596	8	0.186	-0.800	9.524	1.779
1424225872122	37.490633	139.927595	8	0.210	-0.827	9.568	1.697
1424225872223	37.490633	139.927594	8	0.241	-0.803	9.404	1.617
1424225872323	37.490633	139.927594	8	0.252	-0.777	9.400	1.542
1424225872419	37.490633	139.927593	8	0.270	-0.762	9.471	1.474
1424225872520	37.490632	139.927592	8	0.336	-0.737	9.450	1.405
1424225872620	37.490632	139.927591	8	0.392	-0.707	9.366	1.340
1424225872721	37.490632	139.927590	8	0.341	-0.703	9.397	1.279
1424225872822	37.490632	139.927589	6	0.246	-0.720	9.437	1.195
1424225872923	37.490632	139.927588	6	0.186	-0.733	9.424	1.094
1424225873023	37.490632	139.927587	6	0.174	-0.740	9.429	1.000
1424225873119	37.490632	139.927586	6	0.175	-0.757	9.450	0.915
1424225873220	37.490631	139.927586	6	0.154	-0.777	9.441	0.833
1424225873320	37.490631	139.927585	6	0.159	-0.793	9.444	0.758
1424225873421	37.490631	139.927584	6	0.217	-0.790	9.449	0.689
1424225873522	37.490631	139.927583	6	0.261	-0.775	9.418	0.626
1424225873622	37.490631	139.927583	6	0.256	-0.772	9.423	0.570
1424225873723	37.490631	139.927582	6	0.236	-0.777	9.439	0.521
1424225873819	37.490630	139.927582	5	0.228	-0.782	9.441	0.452
1424225873920	37.490627	139.927583	5	0.206	-0.728	9.426	0.361
1424225874021	37.490625	139.927584	5	0.123	-0.448	9.472	0.281
1424225874121	37.490623	139.927584	5	-0.001	-0.106	9.443	0.211
1424225874222	37.490622	139.927585	5	-0.071	0.131	9.361	0.150
1424225874322	37.490621	139.927585	5	-0.061	0.149	9.328	0.100
1424225874423	37.490620	139.927586	5	-0.032	0.037	9.384	0.060
1424225874519	37.490619	139.927586	5	-0.016	-0.048	9.437	0.032
1424225874620	37.490618	139.927586	5	-0.032	-0.029	9.426	0.011
1424225874720	37.490618	139.927586	5	-0.050	0.040	9.393	0.001
1424225940619	37.490761	139.926338	5	-0.034	0.034	9.404	8.287
1424225940719	37.490762	139.926329	5	0.267	0.108	9.178	8.263
1424225940820	37.490762	139.926321	5	0.509	0.173	9.247	8.250
1424225940921	37.490763	139.926311	5	0.521	0.148	9.493	8.250
1424225941021	37.490764	139.926302	5	0.577	0.252	9.218	8.250
1424225941122	37.490764	139.926293	5	0.604	0.152	9.232	8.250
1424225941223	37.490765	139.926284	5	0.572	0.056	9.516	8.250
1424225941323	37.490765	139.926275	5	0.546	0.181	9.315	8.250
1424225941419	37.490766	139.926267	5	0.482	0.145	9.120	8.250
1424225941520	37.490766	139.926257	5	0.434	0.051	9.339	8.250
1424225941621	37.490767	139.926248	5	0.485	0.089	9.368	8.250
1424225941721	37.490768	139.926239	5	0.397	-0.172	9.766	8.250
1424225941822	37.490768	139.926230	3	0.252	-0.191	9.611	8.250
1424225941923	37.490769	139.926220	3	0.122	-0.083	9.343	8.250
1424225942023	37.490770	139.926211	3	0.063	-0.102	9.431	8.250
1424225942119	37.490770	139.926202	3	0.113	-0.085	9.805	8.250
1424225942220	37.490771	139.926192	3	0.215	0.086	9.462	8.250
1424225942320	37.490771	139.926183	3	0.330	0.099	9.326	8.250
1424225942421	37.490772	139.926173	3	0.295	0.133	9.252	8.250
1424225942522	37.490773	139.926164	3	0.223	0.202	9.198	8.250
1424225942623	37.490773	139.926154	3	0.081	0.017	9.647	8.250
1424225942723	37.490774	139.926144	3	0.029	-0.118	9.774	8.250
1424225942819	37.490774	139.926136	4	0.057	0.040	9.454	8.250
1424225942920	37.490775	139.926127	4	0.141	0.073	9.210	8.250
1424225943020	37.490776	139.926118	4	0.165	0.022	9.389	8.250
1424225943121	37.490777	139.926109	4	0.018	0.081	9.564	8.250
1424225943222	37.490778	139.926100	4	0.020	0.159	9.342	8.250
1424225943322	37.490779	139.926091	4	-0.008	0.099	9.245	8.250
1424225943423	37.490780	139.926083	4	-0.010	0.026	9.362	8.250
1424225943519	37.490781	139.926074	4	0.030	0.021	9.525	8.250
1424225943620	37.490782	139.926065	4	-0.033	0.055	9.349	8.250
1424225943720	37.490783	139.926056	4	-0.016	0.109	9.247	8.250
1424225943821	37.490783	139.926047	4	0.008	0.002	9.499	8.250
1424225943922	37.490784	139.926038	4	-0.149	0.112	9.158	8.250
1424225944022	37.490785	139.926028	4	-0.107	0.189	8.975	8.250
1424225944123	37.490785	139.926019	4	-0.037	-0.239	9.986	8.250
1424225944219	37.490786	139.926010	4	-0.009	-0.305	10.041	8.250
1424225944319	37.490786	139.926000	4	0.060	-0.088	9.311	8.250
1424225944420	37.490787	139.925991	4	0.130	-0.084	8.889	8.250
1424225944521	37.490788	139.925981	4	0.191	0.000	9.451	8.250
1424225944622	37.490788	139.925972	4	0.190	0.106	9.915	8.250
1424225944722	37.490789	139.925963	4	0.161	0.105	9.425	8.250
1424225944823	37.490789	139.925953	4	0.256	0.049	9.129	8.250
1424225944919	37.490790	139.925944	4	0.301	0.041	9.371	8.250
1424225945019	37.490790	139.925935	4	0.301	0.056	9.584	8.250
1424225945120	37.490791	139.925925	4	0.177	0.080	9.379	8.250
1424225945221	37.490791	139.925916	4	0.145	0.069	9.258	8.250
1424225945321	37.490792	139.925906	4	0.137	-0.031	9.474	8.250
1424225945422	37.490792	139.925897	4	0.092	0.011	9.533	8.250
1424225945523	37.490793	139.925887	4	-0.026	-0.006	9.453	8.250
1424225945619	37.490793	139.925878	4	-0.092	-0.050	9.443	8.250
1424225948620	37.490809	139.925606	8	-0.097	-0.050	9.442	8.250
1424225948720	37.490810	139.925597	8	-0.280	0.161	9.513	8.250
1424225948821	37.490812	139.925586	10	-0.048	0.023	10.107	8.224
1424225948922	37.490816	139.925573	10	-0.159	-0.217	10.034	8.172
1424225949022	37.490820	139.925560	10	-0.149	-0.188	9.425	8.121
1424225949123	37.490823	139.925548	10	-0.143	-0.183	8.852	8.070
1424225949224	37.490827	139.925535	10	-0.218	-0.184	9.395	8.019
1424225949320	37.490831	139.925523	10	-0.182	-0.057	9.865	7.971
1424225949419	37.490834	139.925511	10	-0.271	0.075	9.368	7.922
1424225949521	37.490838	139.925499	10	-0.192	0.058	9.111	7.872
1424225954617	37.490886	139.925044	5	-0.078	-0.127	9.590	7.824
1424225954622	37.490886	139.925044	5	-0.077	-0.107	9.637	7.822
1424225954723	37.490887	139.925036	5	-0.047	-0.135	9.991	7.773
1424225954823	37.490888	139.925028	4	-0.083	-0.084	9.531	7.737
1424225954919	37.490889	139.925020	4	-0.016	-0.162	9.204	7.712
1424225955020	37.490890	139.925013	4	-0.247	0.040	8.826	7.687
1424225955120	37.490891	139.925005	4	-0.175	-0.021	9.604	7.662
1424225955221	37.490892	139.924997	4	-0.111	0.128	9.474	7.636
1424225955322	37.490894	139.924989	4	-0.131	-0.004	9.373	7.611
1424225955423	37.490895	139.924981	4	-0.243	-0.136	9.354	7.586
1424225955523	37.490896	139.924974	4	-0.149	-0.170	9.205	7.561
1424225955619	37.490897	139.924966	4	0.020	-0.070	9.846	7.537
1424225955720	37.490898	139.924959	4	0.058	-0.290	10.291	7.512
1424225955820	37.490899	139.924951	4	0.232	-0.083	9.920	7.500
1424225955921	37.490901	139.924943	4	0.055	0.236	8.565	7.500
1424225956022	37.490902	139.924935	4	-0.132	0.266	8.871	7.500
1424225956122	37.490903	139.924927	4	-0.126	0.145	9.854	7.500
1424225956223	37.490904	139.924919	4	-0.154	0.150	10.045	7.500
1424225956319	37.490904	139.924911	4	-0.170	0.178	9.334	7.500
1424225956420	37.490905	139.924903	4	-0.108	-0.115	8.971	7.500
1424225956520	37.490907	139.924895	4	-0.045	-0.136	9.388	7.500
1424225974617	37.491051	139.923158	7	-0.159	0.136	9.641	9.000
1424225974623	37.491052	139.923158	7	-0.169	0.133	9.643	9.000
1424225974723	37.491053	139.923148	7	-0.115	0.039	9.414	9.000
1424225974819	37.491054	139.923139	8	-0.009	-0.182	9.470	8.962
1424225974920	37.491056	139.923131	8	-0.007	-0.298	9.576	8.883
1424225975020	37.491059	139.923123	8	-0.117	-0.258	9.430	8.806
1424225975121	37.491061	139.923115	8	-0.040	-0.222	9.134	8.729
1424225975222	37.491063	139.923107	8	0.031	-0.344	9.416	8.653
1424225975322	37.491065	139.923099	8	0.065	-0.379	9.663	8.578
1424225975423	37.491068	139.923091	8	0.185	-0.317	9.571	8.503
1424225975519	37.491070	139.923084	8	0.230	-0.294	9.225	8.432
1424225975620	37.491072	139.923076	8	0.244	-0.289	9.295	8.358
1424225975721	37.491074	139.923069	8	0.457	-0.127	9.604	8.285
1424225975821	37.491076	139.923061	8	0.354	-0.156	9.552	8.237
1424225975922	37.491077	139.923053	8	0.178	-0.155	9.256	8.212
1424225976022	37.491078	139.923045	8	0.295	-0.263	9.302	8.186
1424225976123	37.491079	139.923036	8	0.147	-0.270	9.568	8.161
1424225976219	37.491080	139.923029	8	0.037	-0.207	9.469	8.137
1424225976319	37.491082	139.923021	8	0.089	-0.286	9.279	8.112
1424225976420	37.491083	139.923013	8	0.062	-0.337	9.535	8.087
1424225976521	37.491084	139.923005	8	-0.038	-0.269	9.434	8.062
1424225976622	37.491085	139.922997	8	-0.140	-0.256	9.306	8.037
1424225976722	37.491086	139.922989	8	-0.188	-0.287	9.352	8.012
1424225976823	37.491088	139.922980	7	-0.065	-0.297	9.385	7.987
1424225976919	37.491089	139.922972	7	-0.115	-0.174	9.297	7.962
1424225977019	37.491090	139.922964	7	-0.075	-0.328	9.431	7.937
1424225977120	37.491091	139.922955	7	0.006	-0.379	9.578	7.912
1424225977221	37.491092	139.922947	7	-0.047	-0.244	9.349	7.886
1424225977321	37.491093	139.922938	7	-0.071	-0.217	9.313	7.861
1424225977422	37.491094	139.922930	7	0.011	-0.223	9.413	7.836
1424225977523	37.491095	139.922922	7	-0.042	-0.240	9.460	7.811
1424225977624	37.491096	139.922913	7	0.010	-0.093	9.597	7.786
1424225977719	37.491097	139.922905	7	0.014	-0.089	9.253	7.763
1424225977825	37.491098	139.922896	7	0.004	-0.213	9.470	7.736
1424225977921	37.491099	139.922888	7	-0.126	-0.173	9.554	7.712
1424225978020	37.491100	139.922879	7	-0.337	-0.122	9.251	7.687
1424225978122	37.491101	139.922870	7	-0.339	-0.083	9.244	7.661
1424225978221	37.491102	139.922862	7	-0.335	-0.182	9.375	7.636
1424225978319	37.491103	139.922853	7	-0.206	-0.176	9.509	7.612
1424225978419	37.491104	139.922845	7	-0.163	-0.250	9.478	7.587
1424225978521	37.491105	139.922836	7	-0.193	-0.282	9.258	7.561
1424225978621	37.491106	139.922828	7	-0.111	-0.286	9.341	7.537
1424225978721	37.491107	139.922819	7	-0.070	-0.320	9.553	7.512
1424225978822	37.491107	139.922811	8	-0.064	-0.294	9.512	7.487
1424225978923	37.491108	139.922802	8	0.040	-0.134	9.252	7.461
1424225979023	37.491109	139.922793	8	0.093	-0.135	9.277	7.436
1424225979119	37.491110	139.922785	8	0.113	-0.144	9.473	7.412
1424225979220	37.491111	139.922777	8	0.166	-0.076	9.546	7.386
1424225979321	37.491111	139.922768	8	0.249	-0.035	9.406	7.361
1424225979421	37.491112	139.922760	8	0.282	-0.046	9.252	7.336
1424225979522	37.491113	139.922752	8	0.271	-0.028	9.377	7.311
1424225979623	37.491114	139.922743	8	0.360	-0.014	9.509	7.286
1424225979723	37.491115	139.922735	8	0.507	-0.030	9.488	7.262
1424225979819	37.491116	139.922727	8	0.599	-0.052	9.451	7.238
1424225979920	37.491117	139.922719	8	0.572	-0.066	9.300	7.212
1424225980020	37.491119	139.922710	8	0.609	-0.060	9.179	7.187
1424225980121	37.491121	139.922702	8	0.614	-0.089	9.466	7.161
1424225980222	37.491122	139.922694	8	0.576	-0.115	9.549	7.136
1424225980323	37.491124	139.922686	8	0.520	-0.126	9.457	7.111
1424225980423	37.491126	139.922678	8	0.352	-0.210	9.331	7.086
1424225980519	37.491127	139.922670	8	0.358	-0.242	9.458	7.062
1424225980620	37.491129	139.922662	8	0.377	-0.242	9.582	7.037
1424225980720	37.491130	139.922654	8	0.423	-0.166	9.442	7.012
1424225980821	37.491132	139.922646	7	0.500	-0.102	9.347	6.987
1424225980922	37.491133	139.922638	7	0.570	-0.091	9.397	6.961
1424225981023	37.491135	139.922631	7	0.534	-0.126	9.407	6.936
1424225981123	37.491136	139.922623	7	0.347	-0.020	9.155	6.911
1424225981219	37.491137	139.922616	7	0.385	0.134	8.960	6.887
1424225981320	37.491139	139.922608	7	0.536	-0.058	9.399	6.861
1424225981421	37.491140	139.922600	7	0.584	-0.300	9.927	6.836
1424225981522	37.491142	139.922593	7	0.504	-0.170	9.608	6.811
1424225981622	37.491143	139.922585	7	0.423	0.002	9.278	6.786
1424225981722	37.491144	139.922578	7	0.197	-0.097	8.908	6.762
1424225981823	37.491147	139.922570	8	-0.002	-0.182	9.172	6.750
1424225981919	37.491150	139.922562	8	-0.024	-0.050	9.916	6.750
1424225982019	37.491153	139.922554	8	-0.107	-0.045	9.919	6.750
1424225982120	37.491157	139.922546	8	-0.201	-0.034	9.301	6.750
1424225982221	37.491160	139.922538	8	-0.299	-0.262	9.450	6.750
1424225982322	37.491164	139.922530	8	-0.394	-0.409	9.640	6.750
1424225982422	37.491167	139.922522	8	-0.488	-0.301	9.476	6.750
1424225982523	37.491171	139.922514	8	-0.360	-0.173	9.578	6.750
1424225982619	37.491174	139.922506	8	-0.199	-0.182	9.634	6.750
1424225982719	37.491177	139.922498	8	-0.060	-0.205	9.531	6.750
1424225982820	37.491179	139.922490	8	0.238	0.012	9.123	6.737
1424225982921	37.491180	139.922483	8	0.054	0.054	9.266	6.712
1424225983022	37.491181	139.922475	8	-0.332	-0.110	9.509	6.686
1424225983122	37.491182	139.922468	8	-0.510	-0.224	9.673	6.661
1424225983223	37.491183	139.922460	8	-0.462	-0.100	9.272	6.636
1424225983319	37.491183	139.922453	8	-0.372	-0.003	9.329	6.612
1424225983419	37.491184	139.922446	8	0.105	0.045	9.503	6.587
1424225983520	37.491185	139.922438	8	0.283	-0.026	9.585	6.562
1424226007619	37.491414	139.920571	10	-0.060	-0.056	9.242	6.787
1424226013617	37.491454	139.920114	8	-0.059	-0.058	9.213	6.324
1424226013622	37.491454	139.920114	8	-0.056	-0.058	9.188	6.322
1424226013722	37.491455	139.920105	8	0.340	-0.103	9.327	6.273
1424226013823	37.491455	139.920097	7	0.647	-0.109	9.385	6.250
1424226013919	37.491456	139.920091	7	0.728	0.059	9.399	6.250
1424226014020	37.491457	139.920084	7	0.690	0.144	9.406	6.250
1424226014120	37.491458	139.920077	7	0.552	0.041	9.321	6.250
1424226014221	37.491459	139.920070	7	0.301	-0.016	9.289	6.250
1424226014322	37.491459	139.920063	7	0.176	0.211	9.461	6.250
1424226014422	37.491460	139.920057	7	0.044	0.305	9.377	6.250
1424226014523	37.491461	139.920050	7	-0.159	0.259	9.430	6.250
1424226014619	37.491462	139.920043	7	-0.370	0.247	9.617	6.250
1424226024619	37.491568	139.919200	5	-0.377	0.248	9.623	7.787
1424226024720	37.491569	139.919191	5	-0.440	-0.003	9.856	7.762
1424226024820	37.491570	139.919183	4	-0.277	-0.165	9.483	7.737
1424226024921	37.491571	139.919174	4	-0.070	-0.129	9.488	7.712
1424226025022	37.491572	139.919166	4	0.064	-0.210	9.431	7.686
1424226025123	37.491573	139.919157	4	-0.118	-0.022	9.038	7.661
1424226025223	37.491574	139.919149	4	-0.132	0.052	9.278	7.636
1424226025319	37.491574	139.919141	4	-0.034	-0.178	9.474	7.612
1424226025420	37.491575	139.919132	4	0.001	-0.211	9.876	7.587
1424226025520	37.491576	139.919124	4	-0.189	-0.219	9.682	7.562
1424226025621	37.491577	139.919115	4	-0.150	-0.314	9.199	7.537
1424226025722	37.491578	139.919107	4	-0.200	-0.217	9.215	7.512
1424226025822	37.491578	139.919099	4	-0.317	-0.176	9.464	7.473
1424226025923	37.491579	139.919092	4	-0.054	0.091	9.252	7.421
1424226026019	37.491580	139.919084	4	-0.144	0.086	9.066	7.372
1424226026120	37.491581	139.919077	4	-0.202	-0.209	9.636	7.321
1424226026220	37.491582	139.919070	4	-0.108	-0.241	9.535	7.271
1424226026321	37.491582	139.919062	4	-0.007	-0.176	9.467	7.220
1424226026422	37.491583	139.919055	4	0.075	-0.162	9.243	7.170
1424226026522	37.491584	139.919048	4	0.168	-0.309	9.423	7.121
1424226026623	37.491585	139.919040	4	0.146	-0.298	9.648	7.071
1424226026719	37.491586	139.919034	4	0.064	-0.179	9.366	7.025
1424226026819	37.491586	139.919026	4	0.171	-0.153	9.262	6.988
1424226026920	37.491586	139.919018	4	0.247	-0.196	9.325	6.962
1424226027021	37.491586	139.919010	4	0.404	-0.124	9.295	6.936
1424226027122	37.491586	139.919003	4	0.268	-0.061	9.350	6.911
1424226027222	37.491586	139.918995	4	0.108	-0.360	9.549	6.886
1424226027323	37.491585	139.918987	4	0.095	-0.390	9.574	6.861
1424226027419	37.491585	139.918980	4	0.036	-0.426	9.615	6.837
1424226027519	37.491585	139.918972	4	-0.185	-0.374	9.262	6.812
1424226027620	37.491585	139.918964	4	-0.107	-0.315	8.961	6.787
1424226027721	37.491585	139.918957	4	0.026	-0.409	9.321	6.762
1424226027822	37.491586	139.918949	4	-0.069	-0.510	9.728	6.723
1424226027922	37.491588	139.918941	4	-0.166	-0.494	9.558	6.672
1424226028023	37.491589	139.918934	4	-0.280	-0.477	9.329	6.620
1424226028119	37.491591	139.918927	4	-0.384	-0.437	8.858	6.571
1424226028219	37.491592	139.918919	4	-0.297	-0.433	9.181	6.521
1424226028320	37.491594	139.918912	4	-0.115	-0.529	9.706	6.470
1424226028421	37.491596	139.918904	4	-0.058	-0.400	9.745	6.420
1424226028522	37.491597	139.918897	4	-0.021	-0.218	9.192	6.370
1424226028622	37.491599	139.918890	4	-0.070	-0.318	9.268	6.322
1424226028723	37.491600	139.918882	4	-0.076	-0.536	9.407	6.273
1424226028819	37.491601	139.918876	5	0.044	-0.404	9.591	6.225
1424226028919	37.491602	139.918870	5	-0.193	-0.222	9.645	6.173
1424226029020	37.491603	139.918864	5	-0.103	-0.253	9.463	6.121
1424226029121	37.491604	139.918858	5	-0.307	-0.030	8.663	6.070
1424226029221	37.491605	139.918852	5	-0.217	-0.237	9.268	6.019
1424226029322	37.491605	139.918846	5	-0.045	-0.491	10.248	5.969
1424226029423	37.491606	139.918841	5	0.135	-0.357	9.920	5.919
1424226029524	37.491607	139.918835	5	0.076	-0.209	9.112	5.869
1424226029619	37.491608	139.918829	5	-0.087	-0.236	9.699	5.823
1424226029720	37.491609	139.918824	5	-0.067	-0.336	9.289	5.774
1424226029821	37.491610	139.918818	5	-0.077	-0.055	8.960	5.750
1424226029921	37.491611	139.918811	5	-0.068	-0.082	9.643	5.750
1424226030022	37.491612	139.918804	5	0.254	-0.198	10.229	5.750
1424226030123	37.491613	139.918797	5	0.397	-0.090	9.250	5.750
1424226030223	37.491614	139.918790	5	0.348	0.051	8.829	5.750
1424226030319	37.491614	139.918784	5	0.102	-0.132	9.319	5.750
1424226030420	37.491616	139.918777	5	-0.312	-0.314	9.320	5.750
1424226030520	37.491616	139.918770	5	-0.424	-0.186	8.985	5.750
1424226030621	37.491618	139.918763	5	-0.097	-0.206	9.687	5.750
1424226030722	37.491619	139.918756	5	0.237	-0.125	9.816	5.750
1424226030823	37.491619	139.918750	6	0.446	-0.170	9.141	5.722
1424226030923	37.491619	139.918745	6	0.610	-0.149	9.009	5.671
1424226031019	37.491620	139.918739	6	0.693	-0.120	9.248	5.621
1424226031120	37.491620	139.918734	6	0.151	-0.538	9.646	5.570
1424226031220	37.491620	139.918729	6	-0.363	-0.801	9.694	5.519
1424226031321	37.491621	139.918723	6	-0.233	-0.764	10.122	5.469
1424226031422	37.491621	139.918718	6	-0.089	-0.482	9.511	5.419
1424226031523	37.491621	139.918713	6	0.053	-0.407	8.962	5.369
1424226031623	37.491622	139.918707	6	0.377	-0.514	9.407	5.321
1424226031719	37.491622	139.918703	6	0.467	-0.457	9.584	5.274
1424226031820	37.491622	139.918697	6	0.357	-0.405	9.677	5.210
1424226031920	37.491622	139.918692	6	0.144	-0.350	9.277	5.130
1424226032021	37.491623	139.918686	6	-0.133	-0.403	9.358	5.051
1424226032122	37.491623	139.918681	6	-0.244	-0.490	9.497	4.973
1424226032222	37.491623	139.918676	6	-0.132	-0.616	9.339	4.897
1424226032323	37.491623	139.918671	6	-0.038	-0.545	9.386	4.821
1424226032419	37.491623	139.918666	6	-0.017	-0.440	9.404	4.750
1424226032520	37.491624	139.918661	6	0.094	-0.468	9.430	4.677
1424226032620	37.491624	139.918656	6	0.160	-0.461	9.471	4.605
1424226032721	37.491624	139.918651	6	0.147	-0.480	9.399	4.534
1424226032822	37.491624	139.918647	5	0.140	-0.490	9.330	4.458
1424226032922	37.491624	139.918644	5	0.143	-0.505	9.324	4.377
1424226033023	37.491624	139.918640	5	0.188	-0.478	9.356	4.297
1424226033119	37.491624	139.918637	5	0.238	-0.419	9.411	4.223
1424226033219	37.491624	139.918634	5	0.262	-0.436	9.447	4.146
1424226033320	37.491625	139.918631	5	0.176	-0.484	9.395	4.071
1424226033421	37.491625	139.918628	5	0.107	-0.514	9.439	3.996
1424226033522	37.491625	139.918624	5	0.112	-0.465	9.270	3.923
1424226033622	37.491625	139.918621	5	0.085	-0.531	9.336	3.852
1424226033723	37.491625	139.918618	5	0.223	-0.732	9.844	3.782
1424226033819	37.491625	139.918615	5	0.290	-0.697	9.521	3.694
1424226033919	37.491624	139.918612	5	0.319	-0.678	9.322	3.581
1424226034020	37.491624	139.918608	5	0.318	-0.863	9.448	3.471
1424226034121	37.491624	139.918605	5	0.389	-1.034	9.552	3.364
1424226034221	37.491624	139.918602	5	0.368	-1.038	9.371	3.261
1424226034322	37.491623	139.918599	5	0.448	-0.945	9.116	3.160
1424226034423	37.491623	139.918596	5	0.556	-1.030	9.545	3.062
1424226034519	37.491623	139.918593	5	0.419	-1.116	9.778	2.972
1424226034624	37.491622	139.918590	5	0.347	-1.038	9.253	2.877
1424226034720	37.491622	139.918587	5	0.499	-1.018	9.166	2.793
1424226034819	37.491622	139.918585	4	0.384	-1.027	9.667	2.672
1424226034921	37.491622	139.918583	4	0.251	-1.054	9.662	2.514
1424226035020	37.491623	139.918582	4	0.255	-1.086	9.276	2.369
1424226035123	37.491623	139.918580	4	0.403	-1.098	9.310	2.225
1424226035219	37.491623	139.918579	4	0.482	-1.105	9.541	2.098
1424226035319	37.491623	139.918577	4	0.454	-1.077	9.516	1.973
1424226035420	37.491623	139.918576	4	0.474	-1.092	9.250	1.854
1424226035521	37.491624	139.918575	4	0.484	-1.197	9.393	1.743
1424226035621	37.491624	139.918574	4	0.442	-1.339	9.665	1.640
1424226035722	37.491624	139.918572	4	0.441	-1.345	9.548	1.543
1424226035823	37.491625	139.918572	6	0.473	-1.289	9.288	1.422
1424226035923	37.491626	139.918572	6	0.428	-1.272	9.370	1.282
1424226036019	37.491628	139.918571	6	0.390	-1.159	9.508	1.158
1424226036120	37.491629	139.918571	6	0.396	-0.876	9.454	1.036
1424226036221	37.491630	139.918571	6	0.390	-0.657	9.349	0.925
1424226036321	37.491631	139.918571	6	0.367	-0.590	9.400	0.825
1424226036422	37.491632	139.918570	6	0.308	-0.621	9.473	0.735
1424226036523	37.491633	139.918570	6	0.291	-0.654	9.435	0.654
1424226036623	37.491634	139.918570	6	0.298	-0.634	9.404	0.584
1424226036719	37.491635	139.918570	6	0.291	-0.594	9.416	0.527
1424226036820	37.491635	139.918570	6	0.272	-0.584	9.424	0.451
1424226036920	37.491635	139.918571	6	0.250	-0.576	9.409	0.361
1424226037021	37.491635	139.918571	6	0.221	-0.549	9.405	0.281
1424226037122	37.491634	139.918572	6	0.201	-0.525	9.435	0.210
1424226037223	37.491634	139.918572	6	0.187	-0.517	9.437	0.150
1424226037323	37.491634	139.918572	6	0.165	-0.512	9.420	0.100
1424226037419	37.491634	139.918573	6	0.160	-0.479	9.436	0.062
1424226037520	37.491634	139.918573	6	0.129	-0.279	9.478	0.031
1424226037620	37.491634	139.918573	6	0.065	-0.022	9.449	0.011
1424226037721	37.491634	139.918573	6	-0.006	0.159	9.388	0.001
1424226106616	37.491727	139.918431	5	0.011	0.072	9.404	1.500
1424226106621	37.491727	139.918431	5	0.013	0.068	9.403	1.500
1424226106721	37.491728	139.918430	5	0.215	-0.112	9.346	1.500
1424226106822	37.491730	139.918430	4	0.435	-0.183	9.408	1.500
1424226106923	37.491731	139.918430	4	0.607	-0.248	9.422	1.500
1424226107023	37.491733	139.918429	4	0.691	-0.251	9.206	1.500
1424226107119	37.491734	139.918429	4	0.638	-0.301	9.182	1.500
1424226107220	37.491736	139.918429	4	0.256	-0.479	9.536	1.500
1424226107320	37.491737	139.918428	4	0.255	-0.485	9.488	1.500
1424226107421	37.491739	139.918428	4	0.280	-0.404	9.441	1.500
1424226107522	37.491740	139.918428	4	0.351	-0.317	9.479	1.500
1424226107623	37.491742	139.918427	4	0.311	-0.249	9.493	1.500
1424226107723	37.491743	139.918427	4	0.316	-0.091	9.382	1.500
1424226107819	37.491745	139.918427	4	0.352	0.037	9.378	1.500
1424226107920	37.491746	139.918426	4	0.311	0.059	9.456	1.500
1424226108020	37.491748	139.918426	4	0.212	0.078	9.370	1.500
1424226108121	37.491749	139.918426	4	0.188	0.113	9.333	1.500
1424226108222	37.491751	139.918425	4	0.212	0.110	9.497	1.500
1424226108322	37.491752	139.918425	4	0.227	0.193	9.522	1.500
1424226108423	37.491754	139.918424	4	0.189	0.323	9.342	1.500
1424226108519	37.491755	139.918424	4	0.264	0.348	9.299	1.500
1424226108620	37.491757	139.918424	4	0.382	0.269	9.461	1.500
1424226108720	37.491758	139.918423	4	0.405	0.232	9.464	1.500
1424226108821	37.491760	139.918423	4	0.375	0.277	9.262	1.486
1424226108922	37.491761	139.918423	4	0.421	0.273	9.292	1.459
1424226109022	37.491763	139.918423	4	0.461	0.214	9.405	1.433
1424226109123	37.491764	139.918423	4	0.492	0.211	9.304	1.407
1424226109219	37.491765	139.918423	4	0.430	0.191	9.391	1.382
1424226109320	37.491766	139.918424	4	0.279	0.109	9.526	1.357
1424226109420	37.491768	139.918424	4	0.187	0.065	9.432	1.332
1424226109521	37.491769	139.918424	4	0.175	0.091	9.342	1.308
1424226109622	37.491770	139.918424	4	0.182	0.076	9.431	1.284
1424226109722	37.491771	139.918424	4	0.170	0.057	9.504	1.261
1424226109823	37.491773	139.918424	4	0.244	0.082	9.377	1.250
1424226109919	37.491774	139.918424	4	0.313	0.094	9.367	1.250
1424226110019	37.491775	139.918423	4	0.307	0.100	9.442	1.250
1424226110120	37.491776	139.918423	4	0.268	0.059	9.435	1.250
1424226110221	37.491777	139.918423	4	0.272	0.011	9.376	1.250
1424226110322	37.491779	139.918423	4	0.299	-0.006	9.362	1.250
1424226110422	37.491780	139.918423	4	0.341	-0.047	9.393	1.250
1424226110523	37.491781	139.918422	4	0.320	-0.123	9.449	1.250
1424226110619	37.491782	139.918422	4	0.304	-0.173	9.458	1.250
1424226110719	37.491783	139.918422	4	0.323	-0.171	9.402	1.250
1424226110820	37.491785	139.918422	4	0.351	-0.163	9.426	1.250
1424226110921	37.491786	139.918422	4	0.350	-0.219	9.458	1.250
1424226111021	37.491787	139.918422	4	0.341	-0.221	9.390	1.250
1424226111122	37.491788	139.918422	4	0.363	-0.195	9.392	1.250
1424226111223	37.491789	139.918422	4	0.403	-0.185	9.465	1.250
1424226111319	37.491790	139.918423	4	0.406	-0.175	9.406	1.250
1424226111419	37.491791	139.918423	4	0.390	-0.171	9.374	1.250
1424226111520	37.491792	139.918423	4	0.371	-0.162	9.429	1.250
1424226111621	37.491793	139.918423	4	0.321	-0.186	9.471	1.250
1424226111721	37.491794	139.918423	4	0.260	-0.224	9.452	1.250
1424226111822	37.491796	139.918423	4	0.219	-0.243	9.390	1.250
1424226111923	37.491797	139.918423	4	0.215	-0.272	9.424	1.250
1424226112024	37.491798	139.918424	4	0.268	-0.276	9.453	1.250
1424226112119	37.491798	139.918424	4	0.319	-0.245	9.406	1.250
1424226112220	37.491799	139.918424	4	0.326	-0.232	9.369	1.250
1424226112321	37.491801	139.918424	4	0.300	-0.272	9.434	1.250
1424226112421	37.491802	139.918424	4	0.255	-0.306	9.461	1.250
1424226112522	37.491803	139.918424	4	0.200	-0.332	9.416	1.250
1424226112623	37.491804	139.918425	4	0.175	-0.334	9.408	1.250
1424226112723	37.491805	139.918425	4	0.202	-0.341	9.445	1.250
1424226112819	37.491805	139.918425	4	0.253	-0.326	9.426	1.131
1424226112920	37.491804	139.918426	4	0.291	-0.295	9.400	0.903
1424226113020	37.491804	139.918427	4	0.300	-0.288	9.397	0.703
1424226113121	37.491803	139.918427	4	0.267	-0.310	9.424	0.527
1424226113222	37.491803	139.918428	4	0.228	-0.330	9.432	0.375
1424226113323	37.491803	139.918428	4	0.213	-0.333	9.396	0.250
1424226113423	37.491802	139.918429	4	0.196	-0.330	9.432	0.151
1424226113519	37.491802	139.918429	4	0.207	-0.331	9.441	0.079
1424226113620	37.491802	139.918429	4	0.236	-0.329	9.412	0.028
1424226113720	37.491802	139.918429	4	0.261	-0.320	9.402	0.003
1424226238618	37.498152	139.921300	9	0.078	0.149	9.415	7.324
1424226238624	37.498153	139.921300	9	0.078	0.150	9.419	7.321
1424226238719	37.498159	139.921301	9	0.156	0.052	9.356	7.275
1424226238820	37.498165	139.921302	9	0.218	-0.117	9.379	7.224
1424226238921	37.498170	139.921305	9	0.318	-0.401	9.525	7.172
1424226239021	37.498176	139.921307	9	0.231	-0.691	9.556	7.121
1424226239122	37.498181	139.921310	9	0.077	-0.717	9.327	7.070
1424226239223	37.498186	139.921313	9	-0.062	-0.802	9.326	7.019
1424226239323	37.498192	139.921315	9	0.051	-0.982	9.699	6.969
1424226239419	37.498197	139.921317	9	0.206	-0.922	9.568	6.921
1424226239520	37.498202	139.921320	9	0.425	-0.632	9.081	6.872
1424226239621	37.498207	139.921322	9	0.512	-0.781	9.117	6.822
1424226239721	37.498212	139.921325	9	0.449	-1.053	9.655	6.774
1424226239822	37.498217	139.921326	8	0.301	-1.226	9.730	6.663
1424226239923	37.498220	139.921327	8	0.121	-1.123	9.323	6.496
1424226240023	37.498224	139.921327	8	0.254	-1.242	9.278	6.335
1424226240119	37.498227	139.921328	8	0.382	-1.273	9.032	6.184
1424226240220	37.498230	139.921328	8	0.538	-1.353	9.465	6.029
1424226240320	37.498233	139.921329	8	0.614	-1.398	9.839	5.879
1424226240421	37.498236	139.921329	8	0.389	-1.450	9.790	5.731
1424226240522	37.498239	139.921330	8	0.305	-1.281	9.210	5.587
1424226240623	37.498242	139.921330	8	0.369	-1.217	8.943	5.447
1424226240723	37.498245	139.921331	8	0.339	-1.393	9.728	5.312
1424226240819	37.498247	139.921331	8	0.374	-1.428	9.510	5.196
1424226240920	37.498249	139.921331	8	0.387	-1.287	9.206	5.087
1424226241020	37.498251	139.921331	8	0.266	-1.179	9.406	4.980
1424226241121	37.498253	139.921331	8	0.144	-1.225	9.526	4.875
1424226241222	37.498256	139.921331	8	0.120	-1.291	9.549	4.772
1424226241322	37.498258	139.921330	8	0.178	-1.156	9.430	4.672
1424226241423	37.498260	139.921330	8	0.229	-0.690	9.070	4.573
1424226241519	37.498261	139.921330	8	0.410	-0.476	9.515	4.481
1424226241620	37.498263	139.921330	8	0.458	-0.429	9.581	4.387
1424226241720	37.498265	139.921330	8	0.358	-0.657	9.377	4.295
1424226241821	37.498268	139.921331	8	0.150	-0.977	9.501	4.208
1424226241922	37.498272	139.921333	8	0.173	-1.131	9.679	4.127
1424226242022	37.498276	139.921334	8	0.230	-0.932	9.241	4.047
1424226242123	37.498280	139.921336	8	0.268	-0.702	9.089	3.969
1424226242219	37.498283	139.921338	8	0.211	-0.603	9.447	3.895
1424226242319	37.498287	139.921339	8	0.127	-0.673	9.877	3.820
1424226242420	37.498290	139.921341	8	0.021	-0.696	9.552	3.746
1424226242521	37.498294	139.921342	8	-0.223	-0.712	9.809	3.673
1424226242622	37.498297	139.921344	8	-0.162	-0.332	9.225	3.602
1424226242722	37.498300	139.921345	8	0.307	0.055	8.350	3.533
1424226242823	37.498303	139.921348	9	0.741	-0.157	9.241	3.439
1424226242919	37.498305	139.921351	9	0.996	-0.281	9.819	3.330
1424226243019	37.498308	139.921355	9	0.824	-0.223	9.679	3.220
1424226243120	37.498310	139.921358	9	0.450	-0.072	9.234	3.112
1424226243221	37.498312	139.921361	9	0.111	-0.358	9.616	3.008
1424226243322	37.498314	139.921364	9	-0.327	-0.350	10.021	2.907
1424226243422	37.498316	139.921367	9	-0.500	-0.059	9.506	2.810
1424226243523	37.498318	139.921370	9	-0.479	0.135	9.093	2.716
1424226243619	37.498319	139.921373	9	-0.447	0.054	9.339	2.630
1424226243719	37.498321	139.921376	9	-0.241	0.005	9.587	2.543
1424226243820	37.498323	139.921378	9	-0.158	-0.160	9.762	2.533
1424226243921	37.498325	139.921379	9	-0.014	-0.278	9.414	2.601
1424226244021	37.498327	139.921380	9	0.329	0.471	8.837	2.670
1424226244122	37.498328	139.921381	9	0.590	0.870	9.305	2.742
1424226244223	37.498330	139.921382	9	0.549	0.660	9.443	2.816
1424226244319	37.498332	139.921383	9	0.299	0.408	9.252	2.888
1424226244419	37.498334	139.921384	9	-0.135	0.230	9.317	2.964
1424226244520	37.498337	139.921386	9	-0.596	0.015	9.766	3.044
1424226251615	37.498552	139.921435	6	-0.961	-0.104	9.823	3.323
1424226251620	37.498552	139.921435	6	-0.954	-0.111	9.798	3.320
1424226251721	37.498555	139.921436	6	-0.375	-0.151	9.492	3.273
1424226251821	37.498557	139.921437	6	0.082	-0.150	9.446	3.237
1424226251922	37.498560	139.921438	6	0.313	-0.293	9.574	3.211
1424226252023	37.498563	139.921439	6	0.398	-0.284	9.572	3.185
1424226252123	37.498566	139.921440	6	0.534	-0.179	9.519	3.159
1424226252219	37.498569	139.921441	6	0.708	-0.078	9.492	3.135
1424226252320	37.498572	139.921442	6	0.874	0.095	9.267	3.110
1424226252420	37.498574	139.921443	6	1.026	0.230	9.121	3.085
1424226252521	37.498577	139.921444	6	1.217	0.375	8.807	3.060
1424226252622	37.498580	139.921445	6	1.143	0.104	9.584	3.036
1424226252723	37.498583	139.921446	6	0.883	-0.044	10.062	3.011
1424226252823	37.498585	139.921446	6	0.814	0.176	9.432	2.986
1424226252919	37.498588	139.921447	6	0.826	0.287	9.234	2.961
1424226253020	37.498590	139.921448	6	0.766	0.275	9.415	2.935
1424226253120	37.498593	139.921449	6	0.902	0.254	9.487	2.910
1424226253221	37.498595	139.921450	6	1.059	0.270	9.586	2.885
1424226253322	37.498598	139.921450	6	1.093	0.297	9.430	2.859
1424226253423	37.498600	139.921451	6	0.915	0.322	9.236	2.834
1424226253523	37.498602	139.921452	6	0.782	0.192	9.441	2.810
1424226253619	37.498605	139.921453	6	0.917	0.195	9.459	2.786
1424226253720	37.498607	139.921454	6	0.989	0.112	9.835	2.762
1424226253820	37.498609	139.921455	7	1.102	0.103	9.669	2.707
1424226253921	37.498610	139.921456	7	1.015	0.335	8.922	2.622
1424226254022	37.498611	139.921457	7	1.078	0.312	9.234	2.539
1424226254123	37.498613	139.921458	7	1.036	0.022	10.144	2.458
1424226254223	37.498614	139.921459	7	0.970	0.093	9.701	2.381
1424226254319	37.498615	139.921460	7	0.926	0.391	8.918	2.309
1424226254420	37.498616	139.921462	7	0.871	0.442	9.100	2.236
1424226254520	37.498617	139.921463	7	1.036	0.214	9.848	2.165
1424226282618	37.498111	139.923296	13	1.265	0.179	9.776	5.358
1424226282623	37.498111	139.923297	13	1.270	0.186	9.749	5.354
1424226282724	37.498109	139.923302	13	0.831	0.026	9.502	5.282
1424226282819	37.498109	139.923309	15	0.503	-0.052	9.582	5.237
1424226282920	37.498109	139.923316	15	0.358	-0.102	9.622	5.212
1424226283021	37.498108	139.923323	15	0.286	-0.051	9.410	5.186
1424226283121	37.498108	139.923330	15	0.271	0.053	9.289	5.161
1424226283222	37.498108	139.923338	15	0.293	0.060	9.413	5.135
1424226283323	37.498107	139.923345	15	0.333	-0.013	9.558	5.110
1424226283423	37.498107	139.923352	15	0.160	-0.090	9.550	5.085
1424226283519	37.498107	139.923359	15	0.159	0.031	9.394	5.062
1424226283620	37.498106	139.923366	15	0.146	0.007	9.271	5.037
1424226283721	37.498106	139.923373	15	0.125	-0.085	9.362	5.012
1424226283821	37.498106	139.923379	15	0.067	-0.243	9.747	4.973
1424226283922	37.498105	139.923386	15	0.161	-0.250	9.625	4.921
1424226284023	37.498104	139.923392	15	0.324	-0.100	9.368	4.869
1424226284123	37.498104	139.923398	15	0.277	0.196	8.613	4.817
1424226284219	37.498103	139.923404	15	0.376	-0.030	9.152	4.769
1424226284320	37.498103	139.923410	15	0.281	-0.314	9.877	4.718
1424226284420	37.498102	139.923416	15	0.080	-0.373	9.658	4.669
1424226284521	37.498101	139.923422	15	0.035	-0.281	9.418	4.620
1424226284622	37.498101	139.923428	15	-0.061	-0.239	9.328	4.571
1424226284723	37.498100	139.923434	15	-0.085	-0.286	9.434	4.522
1424226284823	37.498100	139.923439	14	0.052	-0.304	9.523	4.457
1424226284919	37.498100	139.923444	14	0.255	-0.328	9.289	4.380
1424226285020	37.498100	139.923448	14	0.350	-0.326	9.201	4.300
1424226285120	37.498100	139.923452	14	0.269	-0.121	9.603	4.222
1424226285221	37.498100	139.923456	14	0.170	-0.012	9.608	4.145
1424226285322	37.498100	139.923461	14	0.043	-0.091	9.381	4.069
1424226285422	37.498100	139.923465	14	-0.054	-0.128	9.343	3.996
1424226285523	37.498100	139.923469	14	-0.083	-0.151	9.492	3.923
1424226285619	37.498100	139.923472	14	-0.026	-0.081	9.465	3.855
1424226285720	37.498100	139.923476	14	0.028	0.032	9.241	3.784
1424226285820	37.498099	139.923480	14	0.100	0.070	9.276	3.737
1424226285921	37.498096	139.923483	14	0.138	0.043	9.414	3.711
1424226286022	37.498093	139.923487	14	0.106	0.035	9.494	3.685
1424226286122	37.498091	139.923490	14	0.088	0.057	9.399	3.660
1424226286223	37.498088	139.923493	14	0.074	-0.045	9.415	3.635
1424226286319	37.498086	139.923496	14	0.021	-0.167	9.434	3.611
1424226286420	37.498083	139.923500	14	0.028	-0.215	9.295	3.586
1424226286520	37.498080	139.923503	14	0.051	-0.282	9.429	3.561
1424226286621	37.498078	139.923506	14	0.106	-0.375	9.474	3.536
1424226286722	37.498075	139.923509	14	0.111	-0.466	9.477	3.512
1424226286822	37.498074	139.923514	15	0.099	-0.434	9.446	3.487
1424226286923	37.498074	139.923518	15	0.118	-0.358	9.298	3.461
1424226287019	37.498074	139.923523	15	0.114	-0.414	9.503	3.436
1424226287119	37.498074	139.923528	15	0.064	-0.519	9.554	3.411
1424226287220	37.498074	139.923533	15	0.096	-0.460	9.355	3.385
1424226287321	37.498074	139.923537	15	0.179	-0.388	9.318	3.360
1424226287422	37.498074	139.923542	15	0.158	-0.489	9.517	3.335
1424226287522	37.498074	139.923547	15	0.212	-0.458	9.340	3.310
1424226287623	37.498074	139.923551	15	0.213	-0.474	9.405	3.286
1424226287719	37.498074	139.923556	15	0.188	-0.518	9.530	3.262
1424226287819	37.498074	139.923559	15	0.163	-0.521	9.344	3.134
1424226287920	37.498074	139.923562	15	0.149	-0.563	9.380	2.905
1424226288021	37.498075	139.923564	15	0.136	-0.607	9.463	2.690
1424226288121	37.498075	139.923566	15	0.168	-0.629	9.401	2.489
1424226288222	37.498075	139.923568	15	0.240	-0.658	9.357	2.299
1424226288323	37.498075	139.923570	15	0.226	-0.769	9.550	2.123
1424226288419	37.498075	139.923572	15	0.161	-0.824	9.534	1.967
1424226288519	37.498076	139.923574	15	0.169	-0.879	9.353	1.818
1424226288620	37.498076	139.923575	15	0.188	-0.932	9.375	1.680
1424226288721	37.498076	139.923576	15	0.161	-0.951	9.512	1.556
1424226288821	37.498076	139.923578	12	0.160	-0.775	9.616	1.470
1424226288922	37.498076	139.923580	12	0.198	-0.470	9.501	1.411
1424226289023	37.498076	139.923582	12	0.206	-0.198	9.286	1.355
1424226289124	37.498076	139.923584	12	0.154	-0.073	9.204	1.300
1424226289219	37.498077	139.923585	12	0.116	-0.086	9.240	1.251
1424226289320	37.498077	139.923587	12	0.209	-0.244	9.451	1.200
1424226289421	37.498077	139.923589	12	0.306	-0.353	9.551	1.152
1424226289521	37.498077	139.923590	12	0.233	-0.409	9.414	1.106
1424226289622	37.498077	139.923592	12	0.087	-0.483	9.365	1.061
1424226289723	37.498077	139.923593	12	-0.010	-0.556	9.431	1.019
1424226289824	37.498077	139.923595	12	0.016	-0.568	9.475	0.937
1424226289919	37.498077	139.923596	12	0.094	-0.530	9.439	0.831
1424226290020	37.498077	139.923597	12	0.129	-0.528	9.417	0.728
1424226290121	37.498077	139.923598	12	0.121	-0.542	9.430	0.634
1424226290221	37.498078	139.923599	12	0.139	-0.526	9.436	0.550
1424226290322	37.498078	139.923600	12	0.192	-0.512	9.433	0.475
1424226290423	37.498078	139.923601	12	0.222	-0.513	9.418	0.408
1424226290523	37.498078	139.923602	12	0.182	-0.534	9.435	0.352
1424226290624	37.498078	139.923602	12	0.132	-0.546	9.432	0.303
1424226290720	37.498078	139.923603	12	0.144	-0.543	9.426	0.266
1424226290819	37.498077	139.923603	12	0.182	-0.536	9.430	0.226
1424226290921	37.498075	139.923604	12	0.110	-0.346	9.490	0.180
1424226291020	37.498074	139.923605	12	-0.041	0.010	9.489	0.141
1424226291123	37.498073	139.923606	12	-0.145	0.368	9.403	0.105
1424226291219	37.498072	139.923606	12	-0.146	0.529	9.326	0.076
1424226291319	37.498071	139.923607	12	-0.115	0.448	9.308	0.051
1424226291420	37.498070	139.923607	12	-0.089	0.297	9.381	0.031
1424226291520	37.498070	139.923608	12	-0.070	0.211	9.450	0.016
1424226331617	37.497579	139.923496	8	-0.090	0.284	9.440	5.287
1424226331622	37.497579	139.923496	8	-0.089	0.288	9.436	5.286
1424226331723	37.497574	139.923493	8	-0.034	0.051	9.406	5.261
1424226331819	37.497570	139.923491	10	-0.053	-0.182	9.488	5.237
1424226331919	37.497566	139.923487	10	0.086	-0.331	9.529	5.212
1424226332020	37.497563	139.923484	10	-0.034	-0.447	9.558	5.186
1424226332121	37.497559	139.923481	10	-0.187	-0.354	9.247	5.161
1424226332222	37.497555	139.923478	10	-0.118	-0.338	9.208	5.135
1424226332322	37.497551	139.923475	10	-0.147	-0.416	9.393	5.110
1424226332423	37.497548	139.923472	10	-0.164	-0.541	9.633	5.085
1424226332519	37.497544	139.923469	10	-0.083	-0.535	9.561	5.062
1424226332619	37.497540	139.923466	10	0.033	-0.411	9.408	5.037
1424226332720	37.497537	139.923463	10	0.128	-0.302	9.321	5.012
1424226332821	37.497533	139.923461	11	0.223	-0.339	9.439	4.987
1424226332921	37.497529	139.923458	11	0.059	-0.494	9.383	4.961
1424226333022	37.497525	139.923456	11	-0.189	-0.557	9.434	4.936
1424226333123	37.497521	139.923454	11	-0.220	-0.566	9.380	4.910
1424226333223	37.497517	139.923451	11	-0.197	-0.447	9.468	4.885
1424226333324	37.497513	139.923449	11	-0.119	-0.355	9.472	4.860
1424226333420	37.497509	139.923447	11	-0.050	-0.375	9.397	4.836
1424226333519	37.497506	139.923445	11	0.014	-0.417	9.362	4.812
1424226333621	37.497502	139.923442	11	0.037	-0.417	9.361	4.786
1424226333720	37.497498	139.923440	11	0.025	-0.354	9.411	4.762
1424226333823	37.497495	139.923440	11	-0.013	-0.330	9.358	4.674
1424226333922	37.497494	139.923441	11	-0.023	-0.381	9.425	4.536
1424226334019	37.497493	139.923441	11	-0.087	-0.430	9.509	4.403
1424226334120	37.497491	139.923442	11	-0.138	-0.466	9.535	4.269
1424226334221	37.497490	139.923443	11	-0.117	-0.453	9.462	4.139
1424226334321	37.497489	139.923444	11	-0.026	-0.412	9.397	4.014
1424226334422	37.497488	139.923445	11	-0.025	-0.388	9.455	3.892
1424226334523	37.497487	139.923446	11	0.069	-0.380	9.440	3.774
1424226334623	37.497486	139.923447	11	0.073	-0.447	9.372	3.660
1424226334719	37.497485	139.923448	11	0.067	-0.580	9.329	3.555
1424226334820	37.497483	139.923447	11	0.086	-0.737	9.429	3.487
1424226334921	37.497480	139.923446	11	0.163	-0.761	9.471	3.461
1424226335021	37.497478	139.923445	11	0.190	-0.640	9.392	3.436
1424226335122	37.497475	139.923444	11	0.102	-0.442	9.411	3.410
1424226335223	37.497473	139.923443	11	0.008	-0.271	9.404	3.384
1424226335323	37.497471	139.923442	11	-0.060	-0.236	9.361	3.359
1424226335419	37.497468	139.923441	11	-0.022	-0.298	9.412	3.336
1424226335520	37.497466	139.923440	11	0.031	-0.356	9.460	3.311
1424226335620	37.497463	139.923439	11	0.061	-0.332	9.418	3.286
1424226335721	37.497461	139.923438	11	0.144	-0.328	9.381	3.262
1424226335822	37.497458	139.923436	10	0.207	-0.376	9.426	3.222
1424226335923	37.497455	139.923434	10	0.226	-0.426	9.452	3.168
1424226336023	37.497452	139.923432	10	0.258	-0.433	9.460	3.116
1424226336119	37.497449	139.923430	10	0.235	-0.455	9.393	3.066
1424226336220	37.497445	139.923429	10	0.220	-0.520	9.450	3.015
1424226336320	37.497442	139.923427	10	0.242	-0.494	9.448	2.965
1424226336421	37.497439	139.923425	10	0.257	-0.463	9.430	2.915
1424226336522	37.497436	139.923423	10	0.284	-0.465	9.432	2.866
1424226336622	37.497433	139.923421	10	0.299	-0.485	9.416	2.819
1424226336723	37.497430	139.923420	10	0.267	-0.441	9.434	2.772
1424226336819	37.497428	139.923418	10	0.280	-0.333	9.361	2.737
1424226336920	37.497427	139.923417	10	0.367	-0.351	9.387	2.711
1424226337020	37.497426	139.923415	10	0.429	-0.458	9.506	2.685
1424226337121	37.497425	139.923413	10	0.401	-0.534	9.461	2.660
1424226337222	37.497423	139.923412	10	0.392	-0.549	9.371	2.634
1424226337322	37.497422	139.923410	10	0.460	-0.591	9.417	2.609
1424226337423	37.497421	139.923408	10	0.414	-0.580	9.446	2.584
1424226337519	37.497420	139.923407	10	0.365	-0.559	9.483	2.561
1424226337619	37.497419	139.923405	10	0.337	-0.512	9.394	2.536
1424226337720	37.497418	139.923404	10	0.357	-0.493	9.344	2.512
1424226337821	37.497416	139.923402	9	0.337	-0.510	9.474	2.472
1424226337922	37.497415	139.923401	9	0.265	-0.472	9.499	2.417
1424226338022	37.497414	139.923399	9	0.240	-0.354	9.402	2.364
1424226338123	37.497413	139.923397	9	0.253	-0.206	9.387	2.311
1424226338219	37.497412	139.923396	9	0.243	-0.127	9.398	2.262
1424226338319	37.497411	139.923394	9	0.202	-0.082	9.458	2.212
1424226338420	37.497410	139.923393	9	0.189	0.108	9.441	2.162
1424226338521	37.497409	139.923391	9	0.187	0.351	9.393	2.114
1424226338622	37.497408	139.923390	9	0.260	0.414	9.386	2.067
1424226338722	37.497407	139.923389	9	0.287	0.299	9.371	2.021
1424226338823	37.497407	139.923388	9	0.247	0.218	9.467	1.952
1424226338919	37.497407	139.923388	9	0.265	0.233	9.451	1.866
1424226339019	37.497407	139.923388	9	0.333	0.332	9.379	1.781
1424226339120	37.497407	139.923388	9	0.460	0.395	9.306	1.698
1424226339221	37.497406	139.923389	9	0.420	0.344	9.298	1.619
1424226339321	37.497406	139.923389	9	0.308	0.261	9.304	1.544
1424226339422	37.497406	139.923389	9	0.246	0.181	9.369	1.472
1424226339523	37.497406	139.923389	9	0.205	0.186	9.444	1.403
1424226339619	37.497406	139.923389	9	0.302	0.180	9.357	1.341
1424226339719	37.497406	139.923389	9	0.445	0.154	9.368	1.280
1424226339820	37.497406	139.923388	7	0.548	0.066	9.479	1.271
1424226339921	37.497405	139.923385	7	0.465	0.034	9.503	1.315
1424226340021	37.497405	139.923382	7	0.341	0.059	9.351	1.360
1424226340122	37.497404	139.923379	7	0.317	0.047	9.342	1.407
1424226340223	37.497404	139.923376	7	0.412	-0.037	9.456	1.456
1424226340323	37.497403	139.923373	7	0.415	-0.051	9.363	1.506
1424226340419	37.497403	139.923369	7	0.387	-0.050	9.283	1.556
1424226340520	37.497402	139.923366	7	0.297	-0.188	9.382	1.609
1424226340621	37.497402	139.923362	7	0.368	-0.543	9.425	1.665
1424226340721	37.497401	139.923359	7	0.403	-0.773	9.475	1.722
1424226340822	37.497401	139.923356	7	0.338	-0.666	9.502	1.701
1424226340923	37.497401	139.923355	7	0.344	-0.475	9.457	1.609
1424226341023	37.497401	139.923354	7	0.308	-0.553	9.554	1.522
1424226341119	37.497401	139.923352	7	0.270	-0.727	9.483	1.442
1424226341220	37.497402	139.923351	7	0.337	-0.730	9.335	1.362
1424226341321	37.497402	139.923350	7	0.318	-0.663	9.340	1.286
1424226341421	37.497402	139.923349	7	0.191	-0.559	9.450	1.215
1424226341522	37.497402	139.923348	7	0.036	-0.404	9.348	1.148
1424226341623	37.497402	139.923347	7	-0.077	-0.366	9.289	1.085
1424226341723	37.497402	139.923346	7	-0.152	-0.420	9.532	1.026
1424226341819	37.497402	139.923346	5	-0.280	-0.379	9.483	1.011
1424226341920	37.497403	139.923345	5	-0.385	-0.250	9.382	1.034
1424226342020	37.497404	139.923344	5	-0.470	-0.130	9.376	1.057
1424226342121	37.497404	139.923344	5	-0.405	-0.061	9.413	1.081
1424226342222	37.497405	139.923343	5	-0.205	-0.134	9.615	1.106
1424226342323	37.497406	139.923342	5	0.017	-0.132	9.553	1.131
1424226342423	37.497406	139.923342	5	0.068	-0.059	9.336	1.157
1424226342519	37.497407	139.923341	5	-0.025	-0.029	9.349	1.182
1424226342620	37.497408	139.923340	5	-0.078	-0.043	9.453	1.209
1424226342720	37.497409	139.923339	5	-0.036	-0.081	9.552	1.236
1424226342821	37.497409	139.923338	5	0.103	-0.127	9.582	1.250
1424226342922	37.497409	139.923337	5	0.122	0.006	9.303	1.250
1424226343023	37.497410	139.923336	5	0.074	0.155	9.197	1.250
1424226343123	37.497410	139.923335	5	0.042	0.277	9.317	1.250
1424226343219	37.497410	139.923334	5	-0.005	0.268	9.333	1.250
1424226343320	37.497410	139.923333	5	-0.173	0.279	9.458	1.250
1424226343420	37.497410	139.923332	5	-0.373	0.396	9.496	1.250
1424226343521	37.497411	139.923331	5	-0.283	0.419	9.451	1.250
1424226362615	37.497681	139.922069	7	0.029	0.451	9.341	6.825
1424226362620	37.497682	139.922069	7	0.045	0.451	9.329	6.823
1424226362721	37.497683	139.922062	7	0.181	0.404	9.474	6.774
1424226362822	37.497685	139.922055	7	0.013	0.316	9.454	6.763
1424226362922	37.497686	139.922047	7	-0.123	0.076	9.426	6.787
1424226363023	37.497688	139.922040	7	-0.128	-0.074	9.422	6.812
1424226363119	37.497690	139.922032	7	-0.054	-0.083	9.523	6.836
1424226363219	37.497691	139.922024	7	-0.112	-0.033	9.298	6.861
1424226363320	37.497693	139.922016	7	-0.069	-0.009	9.292	6.886
1424226363421	37.497694	139.922009	7	-0.105	0.004	9.450	6.912
1424226363522	37.497696	139.922001	7	-0.109	-0.029	9.423	6.937
1424226370616	37.497782	139.921489	9	-0.011	0.056	9.189	6.288
1424226370622	37.497782	139.921489	9	-0.015	0.068	9.210	6.286
1424226370722	37.497781	139.921483	9	0.098	0.014	9.271	6.262
1424226370823	37.497781	139.921476	9	0.142	-0.072	9.177	6.236
1424226370919	37.497782	139.921470	9	0.236	-0.202	9.230	6.212
1424226371019	37.497783	139.921463	9	0.342	-0.052	9.036	6.187
1424226371120	37.497785	139.921456	9	0.191	-0.264	9.421	6.161
1424226371221	37.497786	139.921449	9	-0.048	-0.395	9.832	6.136
1424226371321	37.497787	139.921442	9	-0.074	-0.289	9.502	6.111
1424226371422	37.497789	139.921435	9	0.017	-0.256	9.259	6.086
1424226371523	37.497790	139.921428	9	0.103	-0.273	9.336	6.061
1424226371619	37.497791	139.921421	9	0.237	-0.277	9.354	6.037
1424226371719	37.497792	139.921414	9	0.248	-0.152	9.304	6.013
1424226371820	37.497794	139.921407	6	0.195	-0.044	9.371	5.974
1424226371921	37.497796	139.921400	6	0.053	-0.295	9.585	5.922
1424226372021	37.497799	139.921392	6	-0.041	-0.391	9.453	5.870
1424226372123	37.497801	139.921385	6	-0.002	-0.326	9.413	5.819
1424226372223	37.497803	139.921377	6	0.059	-0.291	9.415	5.768
1424226372323	37.497805	139.921370	6	0.169	-0.276	9.374	5.718
1424226372419	37.497808	139.921363	6	0.169	-0.326	9.361	5.671
1424226372520	37.497810	139.921356	6	0.161	-0.364	9.483	5.621
1424226372621	37.497812	139.921348	6	0.116	-0.312	9.395	5.572
1424226372721	37.497814	139.921341	6	0.298	-0.355	9.375	5.523
1424226372822	37.497815	139.921335	6	0.299	-0.444	9.355	5.458
1424226372923	37.497816	139.921330	6	0.116	-0.563	9.515	5.378
1424226373023	37.497817	139.921325	6	0.111	-0.621	9.524	5.300
1424226373119	37.497817	139.921320	6	0.158	-0.710	9.670	5.226
1424226373220	37.497818	139.921315	6	0.067	-0.697	9.381	5.149
1424226373320	37.497818	139.921310	6	-0.002	-0.604	9.185	5.074
1424226373421	37.497819	139.921305	6	0.104	-0.716	9.467	4.999
1424226373522	37.497820	139.921300	6	0.354	-0.735	9.622	4.926
1424226373623	37.497820	139.921296	6	0.423	-0.771	9.462	4.853
1424226373723	37.497821	139.921291	6	0.404	-0.769	9.463	4.783
1424226373819	37.497822	139.921287	6	0.198	-0.928	9.521	4.710
1424226373920	37.497824	139.921284	6	0.115	-0.900	9.359	4.629
1424226374020	37.497826	139.921280	6	0.132	-0.890	9.044	4.550
1424226374121	37.497828	139.921277	6	0.111	-1.057	9.414	4.472
1424226374222	37.497830	139.921273	6	0.145	-1.143	9.758	4.395
1424226374323	37.497832	139.921270	6	0.547	-1.010	9.780	4.319
1424226374423	37.497834	139.921267	6	0.908	-1.018	9.771	4.246
1424226374519	37.497836	139.921264	6	0.759	-0.942	9.365	4.176
1424226374620	37.497838	139.921261	6	0.494	-0.917	9.241	4.104
1424226374720	37.497840	139.921258	6	0.230	-1.098	9.391	4.034
1424226374821	37.497841	139.921254	6	-0.055	-1.147	9.255	3.942
1424226374922	37.497842	139.921251	6	-0.385	-1.161	9.182	3.830
1424226375022	37.497843	139.921247	6	-0.696	-1.195	9.248	3.721
1424226375123	37.497844	139.921244	6	-0.619	-1.199	9.545	3.614
1424226375219	37.497845	139.921241	6	-0.432	-1.097	9.621	3.516
1424226375320	37.497846	139.921238	6	-0.065	-0.970	9.369	3.415
1424226375420	37.497846	139.921235	6	0.169	-0.856	9.214	3.317
1424226375521	37.497847	139.921232	6	0.547	-0.878	9.374	3.222
1424226375622	37.497848	139.921229	6	1.079	-1.023	9.837	3.130
1424226375722	37.497849	139.921226	6	1.257	-1.027	9.562	3.041
1424226375823	37.497850	139.921225	6	1.031	-1.065	9.202	2.917
1424226375919	37.497852	139.921224	6	0.727	-1.082	9.328	2.772
1424226376024	37.497853	139.921224	6	0.424	-1.272	9.573	2.620
1424226376120	37.497855	139.921224	6	0.011	-1.359	9.458	2.488
1424226376219	37.497856	139.921223	6	-0.401	-1.359	9.253	2.357
1424226376322	37.497858	139.921223	6	-0.507	-1.355	9.477	2.229
1424226376421	37.497859	139.921223	6	-0.350	-1.199	9.638	2.112
1424226376523	37.497860	139.921223	6	-0.121	-0.951	9.393	1.998
1424226376619	37.497861	139.921222	6	0.056	-0.791	9.230	1.897
1424226376719	37.497862	139.921222	6	0.196	-0.767	9.368	1.798
1424226376820	37.497863	139.921222	7	0.254	-0.703	9.460	1.681
1424226376921	37.497863	139.921223	7	0.074	-0.615	9.392	1.548
1424226377022	37.497863	139.921223	7	-0.141	-0.643	9.454	1.423
1424226377122	37.497863	139.921224	7	-0.128	-0.688	9.500	1.307
1424226377223	37.497862	139.921224	7	-0.087	-0.740	9.453	1.198
1424226377319	37.497862	139.921225	7	-0.025	-0.712	9.412	1.102
1424226377419	37.497862	139.921225	7	0.032	-0.669	9.436	1.010
1424226377520	37.497862	139.921225	7	0.028	-0.492	9.477	0.925
1424226377621	37.497862	139.921226	7	-0.027	-0.415	9.392	0.848
1424226377721	37.497862	139.921226	7	-0.024	-0.512	9.338	0.780
1424226377822	37.497861	139.921226	7	-0.001	-0.599	9.437	0.674
1424226377923	37.497859	139.921226	7	-0.009	-0.601	9.471	0.538
1424226378019	37.497858	139.921226	7	-0.057	-0.552	9.397	0.423
1424226378119	37.497856	139.921227	7	-0.126	-0.495	9.405	0.318
1424226378220	37.497855	139.921227	7	-0.127	-0.408	9.448	0.227
1424226378321	37.497854	139.921227	7	-0.106	-0.337	9.407	0.151
1424226378421	37.497853	139.921227	7	-0.110	-0.342	9.391	0.091
1424226378522	37.497853	139.921227	7	-0.075	-0.393	9.405	0.046
1424226378623	37.497852	139.921227	7	-0.044	-0.432	9.423	0.016
1424226378723	37.497852	139.921227	7	-0.044	-0.374	9.427	0.002
1424226415618	37.498231	139.921319	10	-0.173	0.023	9.415	4.197
1424226415623	37.498231	139.921319	10	-0.172	0.019	9.418	4.191
1424226415719	37.498232	139.921319	10	-0.145	-0.301	9.386	4.065
1424226415819	37.498234	139.921320	10	0.004	-0.345	9.076	3.987
1424226415920	37.498237	139.921321	10	0.318	-0.282	9.432	3.961
1424226416021	37.498239	139.921322	10	0.381	-0.183	9.663	3.936
1424226416121	37.498242	139.921323	10	0.348	-0.222	9.447	3.910
1424226416222	37.498244	139.921325	10	0.224	-0.363	9.341	3.885
1424226416323	37.498247	139.921326	10	0.027	-0.442	9.557	3.860
1424226416424	37.498250	139.921327	10	-0.031	-0.080	8.971	3.835
1424226416519	37.498252	139.921328	10	-0.093	-0.050	9.329	3.811
1424226434616	37.499152	139.921620	7	-0.093	-0.120	9.684	4.824
1424226434621	37.499152	139.921620	7	-0.093	-0.136	9.685	4.821
1424226434722	37.499157	139.921619	7	-0.110	-0.178	9.826	4.773
1424226434823	37.499161	139.921620	7	-0.023	-0.216	9.543	4.763
1424226434919	37.499166	139.921623	7	0.162	-0.150	9.152	4.786
1424226435019	37.499170	139.921625	7	0.128	0.025	9.301	4.811
1424226435120	37.499175	139.921628	7	0.021	-0.054	9.710	4.836
1424226435221	37.499180	139.921630	7	0.180	-0.135	9.570	4.861
1424226435321	37.499185	139.921633	7	0.131	-0.256	9.493	4.886
1424226435422	37.499189	139.921635	7	0.028	-0.198	9.309	4.912
1424226435523	37.499194	139.921638	7	-0.027	-0.263	9.233	4.937
1424226435619	37.499199	139.921640	7	-0.082	-0.479	9.522	4.961
1424226435719	37.499204	139.921643	7	0.038	-0.545	9.694	4.987
1424226435820	37.499208	139.921645	6	0.111	-0.395	9.407	5.012
1424226435921	37.499212	139.921646	6	0.142	-0.211	9.368	5.037
1424226436021	37.499217	139.921647	6	0.119	-0.195	9.355	5.062
1424226436122	37.499221	139.921649	6	0.135	-0.267	9.325	5.087
1424226436223	37.499225	139.921650	6	0.115	-0.422	9.448	5.112
1424226436323	37.499230	139.921651	6	0.116	-0.491	9.529	5.137
1424226436419	37.499234	139.921652	6	-0.006	-0.354	9.410	5.161
1424226436520	37.499238	139.921654	6	-0.091	-0.296	9.494	5.186
1424226436621	37.499242	139.921655	6	-0.011	-0.337	9.396	5.212
1424226436721	37.499247	139.921656	6	0.045	-0.423	9.438	5.237
1424226436822	37.499251	139.921658	7	0.126	-0.418	9.501	5.193
1424226436923	37.499256	139.921659	7	0.122	-0.402	9.433	5.083
1424226437023	37.499261	139.921661	7	0.038	-0.379	9.349	4.977
1424226437119	37.499265	139.921662	7	-0.066	-0.352	9.386	4.877
1424226437220	37.499269	139.921663	7	0.054	-0.371	9.524	4.774
1424226437320	37.499274	139.921664	7	0.113	-0.430	9.522	4.674
1424226437421	37.499278	139.921666	7	0.077	-0.353	9.288	4.575
1424226437522	37.499282	139.921667	7	0.141	-0.300	9.317	4.478
1424226437623	37.499286	139.921668	7	0.136	-0.387	9.456	4.384
1424226437723	37.499290	139.921669	7	0.193	-0.460	9.547	4.292
1424226437819	37.499293	139.921671	7	0.095	-0.418	9.432	4.195
1424226437920	37.499294	139.921672	7	0.166	-0.396	9.400	4.083
1424226438020	37.499296	139.921673	7	0.186	-0.384	9.399	3.975
1424226438121	37.499297	139.921674	7	0.083	-0.466	9.364	3.869
1424226438222	37.499298	139.921675	7	-0.038	-0.505	9.505	3.765
1424226438323	37.499300	139.921676	7	0.035	-0.489	9.354	3.664
1424226438423	37.499301	139.921678	7	0.143	-0.564	9.598	3.567
1424226438519	37.499302	139.921679	7	0.095	-0.544	9.287	3.476
1424226438620	37.499303	139.921680	7	0.130	-0.472	9.367	3.383
1424226438720	37.499304	139.921681	7	0.183	-0.435	9.345	3.294
1424226438821	37.499306	139.921682	7	0.199	-0.475	9.524	3.172
1424226438922	37.499307	139.921683	7	0.191	-0.542	9.592	3.022
1424226439022	37.499309	139.921685	7	0.161	-0.539	9.433	2.879
1424226439123	37.499310	139.921686	7	0.107	-0.446	9.328	2.741
1424226439219	37.499311	139.921687	7	0.192	-0.427	9.396	2.615
1424226439319	37.499312	139.921688	7	0.266	-0.447	9.508	2.490
1424226439420	37.499313	139.921689	7	0.125	-0.377	9.315	2.370
1424226439521	37.499315	139.921691	7	0.178	-0.318	9.299	2.256
1424226439622	37.499316	139.921692	7	0.253	-0.323	9.345	2.147
1424226439722	37.499317	139.921693	7	0.231	-0.391	9.614	2.046
1424226439823	37.499318	139.921694	6	0.112	-0.436	9.541	1.970
1424226439919	37.499320	139.921696	6	-0.006	-0.346	9.225	1.916
1424226440019	37.499321	139.921698	6	0.013	-0.197	9.332	1.862
1424226440120	37.499323	139.921700	6	0.096	-0.110	9.500	1.809
1424226440221	37.499324	139.921702	6	-0.001	-0.046	9.393	1.757
1424226440322	37.499326	139.921704	6	-0.026	-0.025	9.399	1.706
1424226440422	37.499327	139.921705	6	0.036	-0.071	9.509	1.658
1424226440523	37.499329	139.921707	6	0.146	-0.182	9.558	1.610
1424226440619	37.499330	139.921709	6	0.145	-0.190	9.394	1.566
1424226440719	37.499331	139.921710	6	0.164	-0.187	9.496	1.522
1424226440820	37.499332	139.921711	6	0.100	-0.101	9.484	1.500
1424226440921	37.499333	139.921712	6	0.077	-0.030	9.358	1.500
1424226441021	37.499334	139.921713	6	0.088	-0.061	9.332	1.500
1424226441122	37.499335	139.921713	6	-0.047	-0.132	9.358	1.500
1424226441223	37.499336	139.921714	6	-0.076	-0.175	9.584	1.500
1424226441319	37.499336	139.921714	6	-0.033	-0.084	9.410	1.500
1424226441419	37.499337	139.921715	6	0.012	0.008	9.300	1.500
1424226441520	37.499338	139.921716	6	0.033	0.056	9.454	1.500
1424226441621	37.499339	139.921716	6	0.010	0.023	9.402	1.500
1424226441721	37.499340	139.921717	6	-0.061	0.019	9.364	1.500
1424226441822	37.499341	139.921716	7	0.019	0.081	9.418	1.486
1424226441923	37.499342	139.921716	7	0.055	0.165	9.360	1.459
1424226442023	37.499344	139.921715	7	0.019	0.201	9.234	1.432
1424226442119	37.499345	139.921714	7	-0.030	0.078	9.415	1.408
1424226442220	37.499346	139.921713	7	-0.128	-0.007	9.580	1.382
1424226442321	37.499347	139.921712	7	-0.178	-0.012	9.509	1.357
1424226442421	37.499349	139.921711	7	-0.153	0.054	9.348	1.332
1424226442522	37.499350	139.921710	7	-0.100	0.138	9.174	1.308
1424226442623	37.499351	139.921709	7	-0.027	0.064	9.331	1.284
1424226442723	37.499352	139.921708	7	0.249	-0.121	9.797	1.261
1424226442819	37.499353	139.921707	7	0.304	-0.160	9.606	1.220
1424226442920	37.499354	139.921706	7	0.142	-0.107	9.179	1.159
1424226443020	37.499354	139.921705	7	0.027	-0.149	9.234	1.102
1424226443121	37.499355	139.921704	7	0.027	-0.264	9.449	1.046
1424226443222	37.499355	139.921702	7	-0.036	-0.434	9.558	0.993
1424226443323	37.499355	139.921701	7	-0.091	-0.484	9.554	0.943
1424226443423	37.499356	139.921700	7	-0.164	-0.349	9.226	0.895
1424226443519	37.499356	139.921699	7	-0.203	-0.193	9.071	0.852
1424226443620	37.499357	139.921698	7	-0.132	-0.192	9.487	0.809
1424226443720	37.499357	139.921697	7	0.047	-0.279	9.788	0.769
1424226443821	37.499357	139.921697	6	0.198	-0.235	9.448	0.735
1424226443922	37.499357	139.921697	6	0.222	-0.091	9.035	0.706
1424226444022	37.499357	139.921698	6	0.294	0.020	9.033	0.678
1424226444123	37.499357	139.921698	6	0.269	-0.208	9.532	0.650
1424226444219	37.499358	139.921698	6	0.043	-0.503	9.879	0.625
1424226444320	37.499358	139.921698	6	-0.140	-0.806	9.802	0.600
1424226444420	37.499358	139.921698	6	-0.078	-0.908	9.752	0.576
1424226444521	37.499358	139.921699	6	0.165	-0.635	9.365	0.553
1424226444622	37.499358	139.921699	6	0.107	-0.395	9.120	0.531
1424226444722	37.499358	139.921699	6	-0.006	-0.235	9.293	0.510
1424226444823	37.499359	139.921699	6	0.094	-0.116	9.447	0.500
1424226444919	37.499359	139.921698	6	0.234	-0.048	9.361	0.500
1424226445019	37.499360	139.921698	6	0.238	-0.170	9.331	0.500
1424226445120	37.499361	139.921697	6	0.079	-0.327	9.428	0.500
1424226445221	37.499363	139.921697	6	-0.032	-0.394	9.462	0.500
1424226445322	37.499364	139.921696	6	-0.014	-0.384	9.401	0.500
1424226445422	37.499365	139.921696	6	0.038	-0.331	9.373	0.500
1424226445523	37.499366	139.921695	6	0.018	-0.228	9.451	0.500
1424226445619	37.499366	139.921695	6	-0.069	-0.117	9.409	0.500
1424226445719	37.499367	139.921694	6	-0.075	-0.063	9.412	0.500
1424226445820	37.499368	139.921694	10	0.017	-0.042	9.412	0.484
1424226445921	37.499369	139.921694	10	0.050	-0.027	9.374	0.452
1424226446022	37.499370	139.921694	10	-0.026	0.004	9.446	0.421
1424226446122	37.499371	139.921694	10	-0.120	0.005	9.457	0.393
1424226446223	37.499372	139.921694	10	-0.126	0.111	9.382	0.366
1424226446319	37.499372	139.921694	10	-0.149	0.220	9.395	0.342
1424226446419	37.499373	139.921694	10	-0.314	0.299	9.478	0.319
1424226446520	37.499374	139.921694	10	-0.378	0.258	9.529	0.297
1424226472619	37.499912	139.920205	5	-0.335	0.178	9.524	7.787
1424226475615	37.499991	139.919964	5	-0.329	0.179	9.518	7.325
1424226475620	37.499991	139.919964	5	-0.321	0.181	9.507	7.323
1424226475719	37.499994	139.919957	5	-0.029	0.183	9.359	7.275
1424226475821	37.499996	139.919950	5	0.130	-0.088	9.262	7.250
1424226475920	37.499997	139.919942	5	0.177	-0.215	9.274	7.250
1424226476023	37.499999	139.919934	5	0.219	-0.187	9.679	7.250
1424226476122	37.500000	139.919925	5	-0.024	-0.030	9.239	7.250
1424226476219	37.500002	139.919918	5	0.001	-0.171	9.315	7.250
1424226476320	37.500003	139.919909	5	0.061	-0.147	9.499	7.250
1424226476420	37.500005	139.919901	5	-0.009	-0.183	9.424	7.250
1424226476521	37.500006	139.919893	5	-0.060	-0.178	9.472	7.250
1424226476622	37.500008	139.919885	5	-0.025	-0.084	9.258	7.250
1424226476722	37.500009	139.919877	5	-0.071	-0.022	9.044	7.250
1424226476823	37.500011	139.919869	5	-0.034	-0.188	9.642	7.237
1424226476919	37.500013	139.919862	5	-0.032	-0.319	9.919	7.212
1424226477020	37.500014	139.919854	5	0.092	-0.153	9.478	7.187
1424226477120	37.500016	139.919846	5	0.139	-0.126	9.278	7.162
1424226477221	37.500018	139.919838	5	0.087	-0.217	9.246	7.136
1424226477322	37.500019	139.919831	5	0.143	-0.144	9.472	7.111
1424226477422	37.500021	139.919823	5	-0.034	0.027	9.314	7.086
1424226477523	37.500023	139.919816	5	0.033	-0.162	9.693	7.061
1424226477619	37.500024	139.919808	5	0.154	-0.327	9.571	7.037
1424226477719	37.500026	139.919801	5	0.251	-0.271	9.566	7.013
1424226477820	37.500028	139.919794	4	0.029	-0.151	9.231	6.974
1424226477921	37.500030	139.919787	4	0.191	-0.211	9.040	6.922
1424226478021	37.500032	139.919780	4	0.182	-0.070	9.111	6.871
1424226478122	37.500033	139.919774	4	0.125	-0.226	9.760	6.820
1424226478223	37.500035	139.919767	4	0.011	-0.296	9.683	6.769
1424226478319	37.500037	139.919761	4	0.053	-0.347	9.277	6.721
1424226478419	37.500039	139.919754	4	0.264	-0.278	9.628	6.671
1424226478520	37.500041	139.919748	4	0.237	-0.225	9.130	6.622
1424226478621	37.500042	139.919741	4	0.341	-0.125	9.080	6.572
1424226478721	37.500044	139.919735	4	0.331	-0.109	9.479	6.524
1424226478822	37.500046	139.919729	4	0.355	-0.436	9.974	6.473
1424226478923	37.500048	139.919722	4	0.191	-0.373	9.385	6.421
1424226479019	37.500050	139.919716	4	0.236	-0.276	9.140	6.372
1424226479119	37.500053	139.919709	4	0.417	-0.392	9.405	6.321
1424226479220	37.500055	139.919703	4	0.407	-0.523	9.616	6.270
1424226479321	37.500057	139.919696	4	0.333	-0.379	9.333	6.220
1424226479421	37.500059	139.919690	4	0.328	-0.252	9.384	6.170
1424226479522	37.500061	139.919683	4	0.398	-0.517	9.435	6.120
1424226479623	37.500063	139.919677	4	0.439	-0.622	9.483	6.071
1424226479723	37.500065	139.919671	4	0.176	-0.443	9.213	6.023
1424226479819	37.500067	139.919665	5	0.251	-0.539	9.569	5.974
1424226479920	37.500068	139.919658	5	0.295	-0.745	9.723	5.922
1424226480021	37.500069	139.919651	5	0.332	-0.771	9.559	5.870
1424226480121	37.500070	139.919645	5	0.041	-0.553	8.696	5.820
1424226480222	37.500071	139.919638	5	0.145	-0.596	9.222	5.769
1424226480323	37.500072	139.919632	5	0.300	-0.933	9.557	5.718
1424226480423	37.500073	139.919626	5	0.216	-1.066	9.780	5.669
1424226480519	37.500074	139.919620	5	0.217	-0.957	9.780	5.621
1424226480620	37.500075	139.919613	5	0.125	-0.832	9.191	5.572
1424226480721	37.500076	139.919607	5	0.296	-0.970	9.499	5.523
1424226480821	37.500076	139.919602	6	0.649	-1.309	9.569	5.444
1424226480922	37.500077	139.919597	6	0.630	-1.259	9.593	5.335
1424226481023	37.500078	139.919592	6	0.413	-1.084	9.208	5.228
1424226481123	37.500078	139.919588	6	0.242	-0.898	9.189	5.124
1424226481219	37.500079	139.919584	6	0.205	-1.123	9.493	5.026
1424226481320	37.500079	139.919579	6	0.067	-1.310	9.725	4.925
1424226481421	37.500080	139.919575	6	0.095	-1.339	9.427	4.826
1424226481521	37.500081	139.919571	6	0.141	-1.205	9.199	4.730
1424226481622	37.500081	139.919567	6	0.220	-1.170	9.622	4.635
1424226481723	37.500082	139.919563	6	0.547	-1.141	9.640	4.543
1424226481823	37.500082	139.919559	7	0.812	-1.129	9.392	4.472
1424226481919	37.500082	139.919555	7	0.798	-1.119	9.118	4.422
1424226482020	37.500083	139.919551	7	0.657	-1.176	9.279	4.369
1424226482120	37.500083	139.919546	7	0.459	-1.214	9.503	4.318
1424226482221	37.500083	139.919542	7	0.435	-1.055	9.040	4.267
1424226482322	37.500084	139.919538	7	0.385	-1.455	9.841	4.217
1424226482422	37.500084	139.919534	7	0.390	-1.530	10.018	4.167
1424226482523	37.500084	139.919530	7	0.417	-1.325	9.362	4.118
1424226482619	37.500085	139.919527	7	0.525	-1.190	9.168	4.072
1424226482720	37.500085	139.919523	7	0.623	-1.237	9.424	4.024
1424226482820	37.500086	139.919520	7	0.728	-1.205	9.532	3.846
1424226482921	37.500087	139.919518	7	0.893	-1.031	9.259	3.547
1424226483022	37.500088	139.919516	7	0.862	-1.221	9.610	3.267
1424226483122	37.500089	139.919515	7	0.623	-1.192	10.092	3.007
1424226483223	37.500089	139.919513	7	0.435	-0.693	9.608	2.763
1424226483319	37.500090	139.919512	7	0.250	-0.312	9.113	2.547
1424226483420	37.500091	139.919511	7	0.065	-0.292	9.244	2.337
1424226483520	37.500092	139.919509	7	0.110	-0.297	9.493	2.147
1424226483621	37.500092	139.919508	7	0.398	-0.233	9.411	1.974
1424226483722	37.500093	139.919507	7	0.614	-0.114	9.228	1.818
1424226483822	37.500094	139.919506	6	0.739	0.048	9.229	1.750
1424226483923	37.500095	139.919505	6	0.764	0.292	9.453	1.750
1424226484019	37.500096	139.919503	6	0.793	0.621	9.339	1.750
1424226484119	37.500097	139.919501	6	0.832	0.921	9.238	1.750
1424226484220	37.500098	139.919500	6	0.455	1.024	9.379	1.750
1424226484321	37.500100	139.919498	6	0.158	0.734	9.403	1.750
1424226484422	37.500101	139.919497	6	0.091	0.431	9.433	1.750
1424226484522	37.500102	139.919495	6	0.130	0.404	9.445	1.750
1424226484623	37.500103	139.919493	6	0.083	0.567	9.495	1.750
1424226484719	37.500104	139.919492	6	0.197	0.753	9.467	1.750
1424226484819	37.500106	139.919490	7	0.346	0.803	9.472	1.761
1424226484920	37.500107	139.919489	7	0.520	0.718	9.490	1.785
1424226485021	37.500109	139.919488	7	0.720	0.663	9.410	1.810
1424226485121	37.500110	139.919487	7	0.802	0.609	9.405	1.834
1424226485222	37.500112	139.919486	7	0.539	0.537	9.403	1.859
1424226485323	37.500114	139.919485	7	0.248	0.401	9.429	1.884
1424226485419	37.500115	139.919484	7	0.171	0.305	9.470	1.908
1424226485519	37.500117	139.919483	7	0.267	0.245	9.394	1.934
1424226499618	37.500653	139.919712	6	0.404	0.286	9.341	4.857
1424226499623	37.500653	139.919713	6	0.409	0.280	9.332	4.853
1424226499719	37.500656	139.919714	6	0.252	0.028	9.427	4.786
1424226499820	37.500659	139.919715	8	0.176	-0.143	9.606	4.724
1424226499921	37.500661	139.919715	8	0.029	-0.273	9.514	4.671
1424226500021	37.500663	139.919715	8	0.061	-0.398	9.515	4.619
1424226500122	37.500665	139.919715	8	0.191	-0.416	9.309	4.568
1424226500223	37.500667	139.919715	8	0.323	-0.404	9.276	4.517
1424226500323	37.500669	139.919715	8	0.357	-0.435	9.463	4.467
1424226500419	37.500671	139.919715	8	0.312	-0.551	9.416	4.419
1424226500520	37.500672	139.919715	8	0.268	-0.639	9.324	4.370
1424226500620	37.500674	139.919715	8	0.205	-0.689	9.550	4.321
1424226500721	37.500676	139.919715	8	0.053	-0.740	9.497	4.273
1424226500822	37.500679	139.919716	8	0.018	-0.688	9.401	4.207
1424226500923	37.500683	139.919717	8	0.087	-0.692	9.378	4.126
1424226501023	37.500686	139.919719	8	0.071	-0.806	9.544	4.047
1424226501119	37.500690	139.919721	8	0.208	-0.862	9.520	3.972
1424226501220	37.500693	139.919722	8	0.236	-0.715	9.303	3.895
1424226501320	37.500697	139.919724	8	0.183	-0.594	9.218	3.820
1424226501421	37.500700	139.919725	8	0.291	-0.726	9.507	3.745
1424226501522	37.500703	139.919727	8	0.292	-0.899	9.817	3.672
1424226501623	37.500706	139.919728	8	0.059	-0.876	9.486	3.601
1424226501723	37.500710	139.919729	8	-0.134	-0.806	9.249	3.532
1424226501819	37.500712	139.919731	6	-0.118	-0.746	9.264	3.443
1424226501920	37.500714	139.919733	6	-0.056	-0.768	9.513	3.329
1424226502020	37.500716	139.919735	6	-0.011	-0.791	9.753	3.219
1424226502121	37.500718	139.919736	6	0.056	-0.682	9.566	3.111
1424226502222	37.500719	139.919738	6	0.099	-0.536	9.281	3.007
1424226502322	37.500721	139.919739	6	0.013	-0.516	9.190	2.907
1424226502423	37.500723	139.919741	6	-0.111	-0.663	9.459	2.809
1424226502519	37.500724	139.919742	6	0.016	-0.631	9.565	2.720
1424226502620	37.500726	139.919744	6	0.215	-0.410	9.182	2.629
1424226502720	37.500727	139.919745	6	0.209	-0.307	9.211	2.542
1424226502821	37.500729	139.919746	7	0.182	-0.461	9.538	2.487
1424226502922	37.500730	139.919746	7	0.097	-0.571	9.478	2.460
1424226503022	37.500732	139.919747	7	0.044	-0.648	9.315	2.435
1424226503123	37.500733	139.919747	7	-0.106	-0.703	9.405	2.409
1424226503219	37.500735	139.919747	7	-0.041	-0.748	9.458	2.384
1424226503319	37.500736	139.919748	7	0.076	-0.777	9.499	2.359
1424226503420	37.500738	139.919748	7	0.155	-0.785	9.470	2.335
1424226503521	37.500739	139.919748	7	0.152	-0.834	9.322	2.310
1424226503622	37.500741	139.919749	7	0.141	-0.854	9.346	2.285
1424226503722	37.500742	139.919749	7	0.117	-0.922	9.485	2.261
1424226503823	37.500744	139.919749	7	0.041	-0.972	9.466	2.203
1424226503924	37.500745	139.919749	7	0.065	-0.923	9.362	2.115
1424226504019	37.500746	139.919749	7	0.099	-0.816	9.406	2.035
1424226504125	37.500747	139.919749	7	0.079	-0.590	9.517	1.949
1424226504221	37.500748	139.919749	7	-0.075	-0.356	9.424	1.875
1424226504320	37.500748	139.919749	7	-0.186	-0.248	9.352	1.800
1424226504422	37.500749	139.919749	7	-0.106	-0.318	9.341	1.727
1424226504521	37.500750	139.919749	7	0.011	-0.401	9.463	1.659
1424226504619	37.500751	139.919749	7	0.046	-0.468	9.481	1.594
1424226504719	37.500752	139.919749	7	0.078	-0.462	9.366	1.531
1424226504820	37.500752	139.919749	7	0.133	-0.483	9.363	1.426
1424226504921	37.500752	139.919750	7	0.148	-0.622	9.413	1.285
1424226505021	37.500752	139.919750	7	0.090	-0.742	9.458	1.155
1424226505122	37.500752	139.919751	7	0.084	-0.837	9.497	1.034
1424226505223	37.500753	139.919751	7	0.118	-0.978	9.538	0.923
1424226505319	37.500753	139.919752	7	0.100	-0.899	9.559	0.827
1424226505419	37.500753	139.919752	7	-0.041	-0.658	9.486	0.737
1424226505520	37.500753	139.919752	7	-0.195	-0.406	9.359	0.656
1424226505621	37.500753	139.919753	7	-0.188	-0.278	9.370	0.586
1424226505721	37.500753	139.919753	7	-0.085	-0.250	9.408	0.526
1424226505822	37.500753	139.919753	6	-0.083	-0.229	9.408	0.483
1424226505923	37.500753	139.919753	6	-0.168	-0.195	9.399	0.451
1424226506023	37.500753	139.919753	6	-0.191	-0.184	9.415	0.421
1424226506119	37.500753	139.919753	6	-0.139	-0.172	9.428	0.394
1424226506220	37.500753	139.919754	6	-0.119	-0.121	9.411	0.367
1424226506321	37.500753	139.919754	6	-0.178	0.012	9.422	0.342
1424226506421	37.500753	139.919754	6	-0.249	0.158	9.406	0.318
1424226506522	37.500753	139.919754	6	-0.255	0.236	9.403	0.296
1424226523617	37.500596	139.920488	9	-0.240	0.273	9.396	5.141
1424226523622	37.500596	139.920489	9	-0.231	0.263	9.403	5.137
1424226523723	37.500597	139.920493	9	0.120	-0.190	9.807	5.043
1424226523819	37.500595	139.920497	11	0.271	-0.174	9.383	4.987
1424226523919	37.500591	139.920502	11	0.429	-0.132	9.395	4.962
1424226524020	37.500586	139.920506	11	0.720	0.034	9.018	4.936
1424226524121	37.500582	139.920510	11	0.794	-0.029	9.277	4.911
1424226524221	37.500578	139.920515	11	0.778	-0.181	9.548	4.886
1424226524322	37.500574	139.920519	11	0.777	0.024	9.334	4.860
1424226524423	37.500569	139.920523	11	0.851	0.204	9.512	4.835
1424226524523	37.500565	139.920528	11	0.987	0.110	9.724	4.811
1424226524619	37.500561	139.920532	11	1.131	0.054	9.814	4.787
1424226552616	37.499948	139.922894	10	1.127	0.067	9.795	7.788
1424226556619	37.499841	139.923188	8	1.120	0.080	9.771	7.250
1424226556720	37.499840	139.923196	8	0.624	-0.115	9.260	7.250
1424226556820	37.499838	139.923205	10	0.151	-0.272	9.911	7.237
1424226556921	37.499837	139.923215	10	0.115	-0.058	10.055	7.212
1424226557022	37.499836	139.923225	10	0.234	-0.040	9.543	7.186
1424226557123	37.499835	139.923235	10	0.345	-0.164	9.290	7.161
1424226557223	37.499834	139.923245	10	0.343	-0.297	9.353	7.136
1424226557319	37.499832	139.923255	10	0.295	-0.230	9.499	7.112
1424226557420	37.499831	139.923265	10	0.211	-0.109	9.494	7.087
1424226557520	37.499830	139.923275	10	0.176	-0.146	9.363	7.062
1424226557621	37.499829	139.923284	10	0.192	-0.222	9.520	7.037
1424226557722	37.499828	139.923294	10	0.241	-0.224	9.463	7.012
1424226557823	37.499826	139.923303	10	0.186	-0.179	9.468	6.958
1424226557923	37.499825	139.923309	10	0.051	-0.206	9.387	6.880
1424226558019	37.499823	139.923315	10	0.033	-0.239	9.482	6.805
1424226558120	37.499822	139.923322	10	0.224	-0.175	9.290	6.728
1424226558220	37.499820	139.923328	10	0.277	-0.139	9.325	6.652
1424226558321	37.499819	139.923335	10	0.316	-0.254	9.529	6.576
1424226558422	37.499818	139.923341	10	0.250	-0.366	9.430	6.501
1424226558523	37.499816	139.923347	10	0.274	-0.321	9.218	6.427
1424226558623	37.499815	139.923353	10	0.246	-0.393	9.425	6.355
1424226558719	37.499814	139.923359	10	0.244	-0.477	9.476	6.286
1424226558820	37.499814	139.923365	8	0.328	-0.493	9.436	6.181
1424226558920	37.499816	139.923370	8	0.304	-0.519	9.490	6.045
1424226559021	37.499818	139.923376	8	0.232	-0.555	9.475	5.910
1424226559122	37.499820	139.923381	8	0.206	-0.554	9.458	5.778
1424226559222	37.499822	139.923386	8	0.274	-0.420	9.514	5.651
1424226559323	37.499823	139.923392	8	0.198	-0.296	9.430	5.524
1424226559419	37.499825	139.923396	8	0.183	-0.326	9.479	5.407
1424226559520	37.499827	139.923401	8	0.033	-0.310	9.310	5.286
1424226559620	37.499829	139.923406	8	0.075	-0.287	9.307	5.170
1424226559721	37.499830	139.923411	8	0.167	-0.315	9.529	5.055
1424226559822	37.499829	139.923415	11	0.099	-0.302	9.475	4.973
1424226559922	37.499824	139.923420	11	0.164	-0.194	9.292	4.921
1424226560023	37.499820	139.923424	11	0.275	-0.257	9.421	4.869
1424226560119	37.499816	139.923428	11	0.295	-0.271	9.405	4.820
1424226560219	37.499812	139.923432	11	0.351	-0.356	9.431	4.769
1424226560320	37.499808	139.923436	11	0.292	-0.387	9.596	4.718
1424226560421	37.499804	139.923440	11	0.289	-0.290	9.660	4.669
1424226560521	37.499800	139.923444	11	0.224	-0.192	9.279	4.620
1424226560622	37.499796	139.923448	11	0.118	-0.213	9.191	4.571
1424226560723	37.499792	139.923452	11	0.062	-0.277	9.519	4.522
1424226560819	37.499789	139.923456	11	0.138	-0.205	9.498	4.500
1424226560924	37.499787	139.923461	11	0.128	-0.160	9.530	4.500
1424226561020	37.499785	139.923466	11	0.115	-0.059	9.392	4.500
1424226561119	37.499783	139.923470	11	0.212	-0.023	9.249	4.500
1424226561221	37.499781	139.923475	11	0.246	-0.040	9.384	4.500
1424226561321	37.499778	139.923480	11	0.137	-0.149	9.359	4.500
1424226561423	37.499776	139.923485	11	0.121	-0.101	9.422	4.500
1424226561519	37.499774	139.923489	11	0.266	-0.054	9.654	4.500
1424226561619	37.499772	139.923494	11	0.146	0.162	9.008	4.500
1424226561720	37.499770	139.923499	11	0.100	0.170	9.407	4.500
1424226561821	37.499767	139.923503	10	0.215	-0.007	9.800	4.487
1424226561921	37.499763	139.923508	10	0.316	0.122	9.542	4.461
1424226562022	37.499759	139.923513	10	0.268	0.392	9.080	4.436
1424226562123	37.499755	139.923517	10	0.318	0.419	9.234	4.410
1424226562224	37.499751	139.923522	10	0.429	0.309	9.675	4.385
1424226562319	37.499747	139.923526	10	0.489	0.261	9.917	4.361
1424226562420	37.499743	139.923531	10	0.389	0.288	9.184	4.336
1424226562521	37.499739	139.923535	10	0.183	0.452	9.094	4.311
1424226568619	37.499645	139.923831	15	0.069	0.465	9.579	5.211
1424226568719	37.499644	139.923839	15	-0.005	0.223	9.937	5.237
1424226568820	37.499644	139.923845	15	0.138	0.046	9.993	5.146
1424226568921	37.499643	139.923849	15	0.152	0.026	9.633	4.941
1424226569021	37.499642	139.923853	15	0.177	0.079	9.250	4.745
1424226569122	37.499642	139.923857	15	0.352	0.076	9.345	4.554
1424226569223	37.499641	139.923860	15	0.416	0.063	9.539	4.371
1424226569323	37.499640	139.923863	15	0.442	0.093	9.417	4.196
1424226569419	37.499640	139.923867	15	0.396	-0.027	9.663	4.035
1424226569520	37.499639	139.923870	15	0.208	-0.002	9.369	3.872
1424226569621	37.499639	139.923873	15	0.098	0.086	9.021	3.716
1424226569721	37.499638	139.923876	15	-0.065	0.017	9.237	3.569
1424226569822	37.499637	139.923879	13	-0.272	-0.002	9.656	3.472
1424226569923	37.499636	139.923884	13	-0.277	-0.004	9.466	3.419
1424226570023	37.499634	139.923888	13	-0.050	-0.061	9.434	3.366
1424226570119	37.499633	139.923892	13	0.146	-0.064	9.479	3.317
1424226570220	37.499631	139.923897	13	0.240	0.089	9.327	3.265
1424226570320	37.499630	139.923901	13	0.431	0.153	9.186	3.215
1424226570421	37.499629	139.923905	13	0.548	-0.063	9.567	3.166
1424226570522	37.499627	139.923909	13	0.481	-0.228	9.572	3.117
1424226570623	37.499626	139.923913	13	0.248	-0.310	9.275	3.069
1424226570723	37.499625	139.923917	13	0.093	-0.410	9.150	3.022
1424226570819	37.499625	139.923921	14	0.035	-0.500	9.462	2.942
1424226570920	37.499627	139.923925	14	-0.019	-0.518	9.643	2.825
1424226571020	37.499629	139.923928	14	-0.041	-0.431	9.361	2.712
1424226571121	37.499630	139.923932	14	-0.055	-0.430	9.290	2.603
1424226571222	37.499632	139.923935	14	0.118	-0.459	9.562	2.498
1424226571322	37.499634	139.923938	14	0.423	-0.440	9.521	2.399
1424226571423	37.499635	139.923941	14	0.515	-0.417	9.315	2.302
1424226571519	37.499637	139.923944	14	0.479	-0.420	9.219	2.213
1424226571620	37.499638	139.923947	14	0.465	-0.496	9.514	2.125
1424226571720	37.499639	139.923950	14	0.429	-0.589	9.525	2.041
1424226571821	37.499641	139.923952	14	0.296	-0.740	9.391	1.971
1424226571922	37.499642	139.923953	14	0.184	-0.863	9.421	1.915
1424226572022	37.499643	139.923954	14	0.138	-0.912	9.472	1.861
1424226572123	37.499644	139.923955	14	0.171	-0.893	9.440	1.807
1424226572219	37.499645	139.923956	14	0.223	-0.892	9.440	1.758
1424226572320	37.499646	139.923957	14	0.302	-0.865	9.454	1.707
1424226572420	37.499647	139.923958	14	0.393	-0.853	9.441	1.659
1424226572521	37.499648	139.923959	14	0.464	-0.845	9.417	1.611
1424226572622	37.499649	139.923960	14	0.483	-0.829	9.379	1.565
1424226572722	37.499650	139.923961	14	0.435	-0.817	9.402	1.521
1424226572823	37.499650	139.923962	13	0.328	-0.810	9.430	1.468
1424226572919	37.499649	139.923964	13	0.281	-0.739	9.480	1.413
1424226573019	37.499649	139.923966	13	0.184	-0.610	9.453	1.357
1424226573120	37.499648	139.923967	13	0.193	-0.547	9.402	1.302
1424226573221	37.499648	139.923969	13	0.268	-0.452	9.432	1.250
1424226573322	37.499647	139.923971	13	0.274	-0.319	9.465	1.199
1424226573422	37.499647	139.923972	13	0.265	-0.198	9.418	1.151
1424226573523	37.499646	139.923974	13	0.254	-0.151	9.359	1.105
1424226573619	37.499646	139.923975	13	0.232	-0.149	9.393	1.063
1424226573719	37.499645	139.923976	13	0.175	-0.144	9.436	1.021
1424226573820	37.499644	139.923977	13	0.102	-0.115	9.437	0.967
1424226573921	37.499643	139.923976	13	0.058	-0.064	9.415	0.903
1424226574021	37.499642	139.923975	13	0.077	-0.009	9.415	0.843
1424226574122	37.499641	139.923975	13	0.114	0.020	9.404	0.786
1424226574223	37.499640	139.923974	13	0.135	0.029	9.399	0.732
1424226574319	37.499639	139.923974	13	0.144	0.024	9.393	0.684
1424226574419	37.499638	139.923973	13	0.141	0.008	9.417	0.638
1424226574520	37.499637	139.923973	13	0.147	-0.032	9.434	0.594
1424226574621	37.499636	139.923973	13	0.156	-0.103	9.405	0.553
1424226574721	37.499635	139.923972	13	0.141	-0.144	9.406	0.517
1424226574822	37.499637	139.923972	18	0.141	-0.113	9.391	0.483
1424226574923	37.499640	139.923972	18	0.182	-0.050	9.405	0.451
1424226575023	37.499643	139.923971	18	0.206	-0.048	9.433	0.421
1424226575119	37.499645	139.923971	18	0.186	-0.053	9.373	0.394
1424226575225	37.499648	139.923971	18	0.158	-0.069	9.386	0.366
1424226575321	37.499650	139.923971	18	0.166	-0.098	9.475	0.342
1424226575420	37.499652	139.923971	18	0.164	-0.092	9.444	0.319
1424226575522	37.499655	139.923970	18	0.139	-0.080	9.375	0.296
1424226575621	37.499656	139.923970	18	0.127	-0.094	9.395	0.277
1424226575723	37.499658	139.923970	18	0.149	-0.095	9.452	0.258
1424226575819	37.499658	139.923969	18	0.175	-0.092	9.415	0.226
1424226575920	37.499657	139.923967	18	0.191	-0.134	9.374	0.181
1424226576020	37.499656	139.923966	18	0.169	-0.162	9.437	0.141
1424226576121	37.499656	139.923964	18	0.117	-0.030	9.502	0.105
1424226576222	37.499655	139.923963	18	0.045	0.197	9.466	0.075
1424226576323	37.499654	139.923962	18	0.029	0.376	9.375	0.050
1424226576423	37.499654	139.923961	18	0.036	0.373	9.348	0.030
1424226576519	37.499653	139.923961	18	0.067	0.276	9.383	0.016
1424226598619	37.499386	139.924893	13	0.101	0.186	9.408	4.728
1424226598720	37.499385	139.924896	13	0.350	-0.517	9.405	4.574
1424226598821	37.499385	139.924898	13	0.445	-0.990	9.541	4.349
1424226598921	37.499385	139.924899	13	0.528	-1.357	9.595	4.064
1424226599023	37.499385	139.924900	13	0.636	-1.593	9.409	3.789
1424226599119	37.499385	139.924901	13	0.686	-1.679	9.423	3.544
1424226599219	37.499386	139.924902	13	0.641	-1.693	9.513	3.304
1424226599319	37.499386	139.924903	13	0.651	-1.697	9.560	3.079
1424226599420	37.499386	139.924904	13	0.738	-1.791	9.575	2.867
1424226599521	37.499386	139.924905	13	0.754	-1.795	9.556	2.670
1424226599621	37.499386	139.924906	13	0.792	-1.524	9.096	2.490
1424226599722	37.499386	139.924907	13	0.800	-1.396	9.036	2.324
1424226599823	37.499385	139.924908	12	0.737	-1.567	9.589	2.183
1424226599923	37.499384	139.924911	12	0.779	-1.688	9.896	2.060
1424226600019	37.499383	139.924913	12	0.768	-1.505	9.521	1.948
1424226600120	37.499381	139.924915	12	0.541	-1.234	9.075	1.835
1424226600221	37.499380	139.924917	12	0.330	-1.040	9.258	1.728
1424226600321	37.499379	139.924919	12	0.315	-0.855	9.614	1.628
1424226600422	37.499378	139.924921	12	0.354	-0.619	9.581	1.533
1424226600523	37.499377	139.924923	12	0.240	-0.473	9.439	1.444
1424226600619	37.499376	139.924925	12	0.231	-0.488	9.476	1.364
1424226600719	37.499375	139.924926	12	0.346	-0.472	9.515	1.287
1424226600820	37.499374	139.924928	13	0.479	-0.384	9.416	1.236
1424226600921	37.499372	139.924930	13	0.477	-0.317	9.340	1.209
1424226601021	37.499370	139.924933	13	0.374	-0.329	9.363	1.182
1424226601122	37.499367	139.924935	13	0.275	-0.367	9.428	1.156
1424226601223	37.499365	139.924937	13	0.245	-0.360	9.434	1.130
1424226601323	37.499363	139.924939	13	0.245	-0.327	9.402	1.105
1424226601419	37.499362	139.924941	13	0.228	-0.318	9.396	1.081
1424226601520	37.499360	139.924943	13	0.235	-0.306	9.427	1.057
1424226601620	37.499358	139.924945	13	0.287	-0.275	9.435	1.034
1424226601721	37.499356	139.924947	13	0.342	-0.246	9.410	1.011
1424226601822	37.499354	139.924948	13	0.339	-0.258	9.418	0.899
1424226601923	37.499353	139.924947	13	0.301	-0.287	9.424	0.717
1424226602023	37.499352	139.924946	13	0.265	-0.292	9.427	0.558
1424226602119	37.499352	139.924946	13	0.253	-0.222	9.421	0.424
1424226602220	37.499351	139.924945	13	0.190	-0.018	9.472	0.302
1424226602320	37.499350	139.924945	13	0.099	0.254	9.451	0.202
1424226602421	37.499350	139.924944	13	0.051	0.455	9.360	0.122
1424226602522	37.499349	139.924944	13	0.063	0.499	9.326	0.062
1424226602623	37.499349	139.924944	13	0.098	0.425	9.352	0.022
1424226602723	37.499349	139.924944	13	0.117	0.326	9.402	0.002
1424226679619	37.499743	139.925367	17	0.079	0.357	9.380	4.322
1424226679720	37.499750	139.925371	17	0.039	0.103	9.223	4.274
1424226679820	37.499755	139.925374	17	-0.020	-0.137	9.263	4.237
1424226679921	37.499758	139.925376	17	-0.037	-0.300	9.471	4.211
1424226680022	37.499761	139.925378	17	-0.063	-0.352	9.375	4.186
1424226680122	37.499765	139.925380	17	-0.154	-0.358	9.302	4.160
1424226680223	37.499768	139.925382	17	-0.201	-0.446	9.635	4.135
1424226680319	37.499771	139.925384	17	-0.133	-0.410	9.414	4.111
1424226680420	37.499775	139.925385	17	0.055	-0.311	9.247	4.086
1424226680520	37.499778	139.925387	17	-0.000	-0.332	9.540	4.061
1424226680621	37.499781	139.925389	17	-0.202	-0.384	9.604	4.036
1424226680722	37.499784	139.925391	17	-0.115	-0.353	9.324	4.012
1424226680822	37.499787	139.925393	12	-0.085	-0.344	9.474	3.957
1424226680923	37.499790	139.925396	12	-0.116	-0.300	9.405	3.875
1424226681019	37.499793	139.925399	12	-0.127	-0.259	9.339	3.799
1424226681119	37.499795	139.925402	12	-0.071	-0.287	9.299	3.721
1424226681220	37.499798	139.925404	12	-0.109	-0.307	9.500	3.643
1424226681321	37.499800	139.925407	12	-0.172	-0.241	9.462	3.568
1424226681421	37.499803	139.925410	12	-0.183	-0.232	9.342	3.494
1424226681522	37.499805	139.925412	12	-0.081	-0.224	9.381	3.422
1424226716619	37.501698	139.926321	16	-0.041	-0.178	9.517	6.642
1424226769616	37.505183	139.927944	12	-0.042	-0.176	9.526	6.860
1424228538620	37.506963	139.931260	5	0.055	0.040	9.429	2.286
1424228538722	37.506966	139.931261	5	0.005	-0.145	9.534	2.261
1424228538821	37.506968	139.931263	5	0.071	-0.176	9.414	2.250
1424228538923	37.506971	139.931264	5	0.103	-0.058	9.365	2.250
1424228539019	37.506973	139.931265	5	0.147	-0.029	9.399	2.250
1424228539120	37.506976	139.931266	5	0.097	-0.030	9.409	2.250
1424228539220	37.506978	139.931267	5	0.017	-0.027	9.464	2.250
1424228539321	37.506981	139.931269	5	-0.042	0.020	9.379	2.250
1424228539423	37.506983	139.931270	5	-0.002	0.057	9.324	2.250
1424228539523	37.506986	139.931271	5	0.022	0.007	9.433	2.250
1424228539623	37.506988	139.931272	5	0.000	-0.022	9.438	2.250
1424228539719	37.506991	139.931273	5	0.009	0.021	9.399	2.250
1424228539820	37.506993	139.931275	5	0.039	0.089	9.330	2.250
1424228539920	37.506995	139.931276	5	0.091	0.077	9.365	2.250
1424228540021	37.506997	139.931277	5	0.075	-0.003	9.504	2.250
1424228540122	37.506999	139.931278	5	0.001	-0.019	9.406	2.250
1424228540222	37.507001	139.931279	5	-0.007	0.028	9.326	2.250
1424228540323	37.507004	139.931281	5	0.033	0.051	9.399	2.250
1424228540419	37.507006	139.931282	5	0.062	0.030	9.487	2.250
1424228540520	37.507008	139.931283	5	0.075	0.006	9.419	2.250
1424228540620	37.507010	139.931284	5	0.075	0.023	9.363	2.250
1424228540721	37.507012	139.931285	5	0.098	0.019	9.398	2.250
1424228540822	37.507014	139.931287	4	0.089	-0.031	9.449	2.184
1424228540922	37.507015	139.931288	4	0.036	-0.091	9.478	2.061
1424228541023	37.507017	139.931288	4	-0.035	-0.071	9.378	1.943
1424228541119	37.507018	139.931289	4	-0.018	-0.056	9.311	1.836
1424228541219	37.507019	139.931290	4	0.043	-0.086	9.456	1.730
1424228541320	37.507020	139.931291	4	0.138	-0.101	9.528	1.629
1424228541421	37.507022	139.931292	4	0.162	-0.074	9.387	1.534
1424228541522	37.507023	139.931292	4	0.147	-0.072	9.315	1.445
1424228541622	37.507024	139.931293	4	0.124	-0.113	9.409	1.362
1424228541723	37.507025	139.931294	4	0.068	-0.151	9.486	1.284
1424228541819	37.507025	139.931294	4	0.070	-0.160	9.444	1.236
1424228541919	37.507026	139.931295	4	0.115	-0.106	9.385	1.209
1424228542020	37.507027	139.931296	4	0.169	-0.100	9.381	1.182
1424228542121	37.507028	139.931296	4	0.150	-0.138	9.421	1.156
1424228542222	37.507029	139.931297	4	0.080	-0.156	9.442	1.130
1424228542322	37.507030	139.931297	4	0.098	-0.112	9.379	1.105
1424228542423	37.507031	139.931298	4	0.159	-0.094	9.375	1.080
1424228542519	37.507032	139.931299	4	0.184	-0.108	9.418	1.058
1424228542619	37.507033	139.931299	4	0.141	-0.133	9.410	1.034
1424228542720	37.507034	139.931300	4	0.100	-0.141	9.393	1.011
1424228542821	37.507034	139.931300	4	0.108	-0.164	9.410	0.966
1424228542921	37.507035	139.931301	4	0.117	-0.235	9.436	0.903
1424228543022	37.507036	139.931301	4	0.123	-0.263	9.425	0.843
1424228543123	37.507037	139.931301	4	0.145	-0.279	9.412	0.785
1424228543224	37.507037	139.931302	4	0.197	-0.255	9.392	0.732
1424228543319	37.507038	139.931302	4	0.238	-0.247	9.420	0.684
1424228543420	37.507038	139.931302	4	0.211	-0.250	9.428	0.637
1424228543521	37.507039	139.931302	4	0.161	-0.267	9.398	0.593
1424228543621	37.507039	139.931303	4	0.151	-0.281	9.418	0.553
1424228543722	37.507040	139.931303	4	0.162	-0.270	9.432	0.516
1424228543823	37.507040	139.931304	4	0.174	-0.257	9.415	0.448
1424228543923	37.507041	139.931305	4	0.171	-0.250	9.410	0.359
1424228544019	37.507042	139.931306	4	0.179	-0.269	9.421	0.282
1424228544120	37.507042	139.931307	4	0.190	-0.307	9.439	0.211
1424228544221	37.507043	139.931308	4	0.192	-0.322	9.405	0.151
1424228544321	37.507043	139.931309	4	0.212	-0.326	9.389	0.101
1424228544422	37.507044	139.931309	4	0.231	-0.345	9.418	0.061
1424228544523	37.507044	139.931310	4	0.241	-0.365	9.411	0.031
1424228544623	37.507044	139.931310	4	0.238	-0.337	9.401	0.011
1424228544719	37.507044	139.931310	4	0.187	-0.165	9.433	0.001
1424228590617	37.507197	139.931426	6	0.032	0.226	9.390	1.285
1424228590622	37.507197	139.931426	6	0.034	0.224	9.384	1.284
1424228590722	37.507198	139.931426	6	0.034	0.175	9.368	1.261
1424228590823	37.507198	139.931426	6	0.069	0.137	9.395	1.250
1424228590919	37.507199	139.931427	6	0.089	0.104	9.397	1.250
1424228591020	37.507200	139.931427	6	0.109	0.066	9.393	1.250
1424228591120	37.507201	139.931427	6	0.133	0.036	9.380	1.250
1424228591221	37.507202	139.931428	6	0.157	0.009	9.396	1.250
1424228591322	37.507203	139.931428	6	0.158	-0.036	9.439	1.250
1424228591422	37.507204	139.931429	6	0.114	-0.087	9.437	1.250
1424228591523	37.507205	139.931429	6	0.066	-0.121	9.417	1.250
1424228591619	37.507206	139.931429	6	0.057	-0.121	9.412	1.250
1424228591720	37.507207	139.931430	6	0.096	-0.100	9.419	1.250
1424228591820	37.507207	139.931430	11	0.133	-0.120	9.408	1.236
1424228591921	37.507208	139.931430	11	0.146	-0.176	9.429	1.209
1424228592022	37.507209	139.931431	11	0.145	-0.244	9.415	1.182
1424228592122	37.507210	139.931431	11	0.164	-0.310	9.401	1.156
1424228592223	37.507210	139.931431	11	0.214	-0.378	9.382	1.130
1424228592319	37.507211	139.931431	11	0.235	-0.437	9.437	1.106
1424228592419	37.507212	139.931431	11	0.234	-0.478	9.430	1.081
1424228592520	37.507212	139.931432	11	0.235	-0.494	9.397	1.057
1424228592621	37.507213	139.931432	11	0.243	-0.521	9.425	1.034
1424228592722	37.507214	139.931432	11	0.230	-0.550	9.452	1.011
1424228592822	37.507214	139.931431	11	0.205	-0.538	9.423	0.899
1424228592923	37.507213	139.931430	11	0.194	-0.527	9.416	0.717
1424228593019	37.507212	139.931429	11	0.165	-0.394	9.463	0.564
1424228593119	37.507212	139.931429	11	0.090	-0.120	9.468	0.424
1424228593220	37.507211	139.931428	11	0.007	0.166	9.411	0.302
1424228593321	37.507211	139.931427	11	-0.028	0.325	9.353	0.202
1424228593421	37.507210	139.931427	11	-0.002	0.292	9.342	0.122
1424228593522	37.507210	139.931426	11	0.039	0.194	9.385	0.062
1424228625618	37.507260	139.931457	10	0.044	0.124	9.433	0.012
1424228640618	37.507146	139.931926	11	0.043	0.119	9.433	3.321
1424228640623	37.507146	139.931927	11	0.041	0.111	9.431	3.319
1424228640719	37.507145	139.931929	11	0.038	-0.098	9.334	3.274
1424228640820	37.507143	139.931932	11	0.019	-0.217	9.301	3.191
1424228640920	37.507142	139.931935	11	-0.001	-0.301	9.425	3.077
1424228641021	37.507141	139.931937	11	0.006	-0.335	9.477	2.965
1424228641122	37.507140	139.931940	11	0.044	-0.342	9.382	2.857
1424228641222	37.507139	139.931942	11	0.074	-0.352	9.386	2.753
1424228641323	37.507137	139.931944	11	0.088	-0.345	9.446	2.652
1424228641419	37.507136	139.931946	11	0.071	-0.342	9.377	2.560
1424228641520	37.507135	139.931948	11	0.073	-0.349	9.390	2.466
1424228641620	37.507134	139.931950	11	0.090	-0.418	9.448	2.377
1424228641721	37.507133	139.931952	11	0.110	-0.435	9.423	2.291
1424228641822	37.507133	139.931954	11	0.141	-0.446	9.399	2.204
1424228641922	37.507132	139.931955	11	0.157	-0.476	9.389	2.117
1424228642023	37.507131	139.931957	11	0.183	-0.563	9.398	2.032
1424228642119	37.507130	139.931958	11	0.207	-0.699	9.401	1.954
1424228642220	37.507129	139.931959	11	0.245	-0.809	9.437	1.875
1424228642320	37.507129	139.931961	11	0.247	-0.864	9.475	1.800
1424228642421	37.507128	139.931962	11	0.224	-0.814	9.440	1.728
1424228642522	37.507127	139.931963	11	0.202	-0.656	9.449	1.658
1424228642622	37.507127	139.931964	11	0.185	-0.486	9.432	1.592
1424228642723	37.507126	139.931966	11	0.147	-0.385	9.375	1.529
1424228642819	37.507126	139.931966	11	0.111	-0.347	9.355	1.471
1424228642919	37.507125	139.931967	11	0.090	-0.327	9.417	1.413
1424228643020	37.507124	139.931968	11	0.080	-0.319	9.436	1.356
1424228643121	37.507124	139.931969	11	0.081	-0.314	9.401	1.302
1424228643222	37.507123	139.931970	11	0.091	-0.315	9.414	1.249
1424228643322	37.507122	139.931970	11	0.117	-0.324	9.439	1.199
1424228643423	37.507122	139.931971	11	0.137	-0.317	9.411	1.151
1424228643519	37.507121	139.931972	11	0.144	-0.316	9.392	1.107
1424228643619	37.507121	139.931972	11	0.142	-0.356	9.402	1.063
1424228643720	37.507120	139.931973	11	0.125	-0.424	9.424	1.020
1424228643821	37.507120	139.931973	12	0.116	-0.463	9.421	0.940
1424228643921	37.507121	139.931973	12	0.132	-0.479	9.419	0.829
1424228644022	37.507121	139.931973	12	0.143	-0.487	9.419	0.726
1424228644123	37.507121	139.931973	12	0.163	-0.485	9.417	0.632
1424228644219	37.507122	139.931974	12	0.165	-0.470	9.404	0.552
1424228644319	37.507122	139.931974	12	0.094	-0.271	9.462	0.477
1424228644420	37.507122	139.931974	12	-0.006	0.051	9.453	0.410
1424228644521	37.507123	139.931974	12	-0.109	0.329	9.392	0.353
1424228644621	37.507123	139.931974	12	-0.137	0.421	9.338	0.305
1424228644722	37.507123	139.931974	12	-0.109	0.322	9.349	0.265
1424228644823	37.507123	139.931975	12	-0.079	0.215	9.424	0.224
1424228644919	37.507123	139.931976	12	-0.069	0.204	9.432	0.181
1424228645019	37.507123	139.931977	12	-0.089	0.281	9.390	0.141
1424228645120	37.507123	139.931978	12	-0.104	0.321	9.370	0.106
1424228645221	37.507123	139.931979	12	-0.094	0.281	9.393	0.075
1424228645321	37.507123	139.931980	12	-0.079	0.248	9.405	0.050
1424228645422	37.507123	139.931980	12	-0.087	0.253	9.385	0.030
1424228645523	37.507123	139.931981	12	-0.109	0.281	9.383	0.015
1424228732615	37.506696	139.933725	15	-0.095	0.285	9.395	7.288
1424228732620	37.506695	139.933726	15	-0.094	0.284	9.398	7.287
1424228732721	37.506694	139.933734	15	-0.055	0.085	9.369	7.262
1424228732822	37.506693	139.933742	14	-0.024	-0.083	9.302	7.209
1424228732922	37.506690	139.933749	14	-0.008	-0.180	9.433	7.131
1424228733024	37.506688	139.933757	14	-0.008	-0.200	9.503	7.052
1424228733119	37.506685	139.933764	14	-0.023	-0.220	9.419	6.979
1424228733219	37.506683	139.933771	14	-0.002	-0.291	9.402	6.903
1424228733320	37.506680	139.933778	14	0.019	-0.340	9.444	6.827
1424228733421	37.506678	139.933785	14	0.016	-0.344	9.399	6.752
1424228733521	37.506676	139.933792	14	-0.004	-0.360	9.395	6.679
1424228733622	37.506673	139.933799	14	0.041	-0.387	9.404	6.606
1424228733723	37.506671	139.933806	14	0.097	-0.363	9.424	6.533
1424228733824	37.506669	139.933812	14	0.103	-0.358	9.359	6.457
1424228733919	37.506668	139.933817	14	0.135	-0.387	9.373	6.382
1424228734020	37.506666	139.933822	14	0.176	-0.409	9.442	6.304
1424228734121	37.506665	139.933827	14	0.165	-0.419	9.422	6.226
1424228734221	37.506663	139.933832	14	0.175	-0.530	9.362	6.150
1424228734322	37.506662	139.933837	14	0.220	-0.571	9.423	6.075
1424228734423	37.506661	139.933842	14	0.295	-0.578	9.446	6.000
1424228734523	37.506659	139.933847	14	0.304	-0.497	9.423	5.927
1424228734619	37.506658	139.933852	14	0.297	-0.480	9.375	5.857
1424228734720	37.506657	139.933857	14	0.293	-0.457	9.394	5.785
1424228734821	37.506655	139.933862	14	0.342	-0.469	9.472	5.709
1424228734921	37.506653	139.933867	14	0.357	-0.530	9.434	5.630
1424228735022	37.506651	139.933873	14	0.347	-0.620	9.342	5.551
1424228735123	37.506649	139.933878	14	0.354	-0.690	9.416	5.473
1424228735223	37.506648	139.933883	14	0.373	-0.758	9.618	5.397
1424228735319	37.506646	139.933888	14	0.403	-0.770	9.530	5.325
1424228735420	37.506644	139.933894	14	0.349	-0.611	9.466	5.251
1424228735520	37.506642	139.933899	14	0.153	-0.300	9.259	5.178
1424228735621	37.506641	139.933904	14	0.096	-0.120	9.306	5.105
1424228735722	37.506639	139.933909	14	0.125	-0.171	9.631	5.034
1424228735823	37.506639	139.933914	15	0.036	-0.137	9.341	4.957
1424228735923	37.506640	139.933920	15	0.044	-0.144	9.224	4.877
1424228736019	37.506642	139.933925	15	0.135	-0.291	9.482	4.802
1424228736120	37.506643	139.933931	15	0.240	-0.380	9.632	4.724
1424228736220	37.506645	139.933936	15	0.330	-0.386	9.340	4.647
1424228736321	37.506646	139.933942	15	0.349	-0.446	9.264	4.572
1424228736422	37.506647	139.933947	15	0.329	-0.478	9.494	4.497
1424228736522	37.506649	139.933952	15	0.316	-0.331	9.626	4.425
1424228736623	37.506650	139.933958	15	0.323	-0.144	9.360	4.353
1424228736719	37.506651	139.933962	15	0.325	0.029	9.333	4.285
1424228736820	37.506651	139.933967	15	0.397	0.152	9.403	4.250
1424228736920	37.506650	139.933972	15	0.496	0.151	9.454	4.250
1424228737021	37.506648	139.933977	15	0.565	0.100	9.442	4.250
1424228737122	37.506647	139.933982	15	0.629	0.170	9.384	4.250
1424228737222	37.506646	139.933987	15	0.684	0.328	9.350	4.250
1424228737323	37.506644	139.933992	15	0.797	0.395	9.317	4.250
1424228737424	37.506643	139.933997	15	0.961	0.398	9.425	4.250
1424228737520	37.506642	139.934002	15	1.052	0.427	9.480	4.250
1424228737619	37.506640	139.934007	15	1.140	0.510	9.327	4.250
1424228737721	37.506639	139.934012	15	1.112	0.560	9.331	4.250
1424228737820	37.506637	139.934016	12	1.117	0.569	9.389	4.224
1424228737922	37.506635	139.934020	12	1.084	0.503	9.378	4.170
1424228738021	37.506634	139.934023	12	1.069	0.375	9.370	4.119
1424228738119	37.506632	139.934027	12	1.049	0.258	9.483	4.068
1424228738219	37.506631	139.934031	12	1.115	0.210	9.476	4.018
1424228738320	37.506629	139.934034	12	1.338	0.236	9.373	3.967
1424228738421	37.506627	139.934038	12	1.382	0.257	9.385	3.917
1424228738522	37.506626	139.934041	12	1.291	0.223	9.365	3.868
1424228738622	37.506624	139.934045	12	1.173	0.245	9.170	3.820
1424228738723	37.506623	139.934048	12	1.098	0.212	9.333	3.772
1424228738819	37.506621	139.934051	13	1.101	0.131	9.602	3.737
1424228738919	37.506619	139.934054	13	1.148	0.132	9.550	3.712
1424228739020	37.506617	139.934057	13	1.201	0.227	9.327	3.686
1424228739121	37.506615	139.934060	13	1.232	0.207	9.434	3.660
1424228739221	37.506613	139.934063	13	1.137	0.165	9.473	3.635
1424228739322	37.506611	139.934066	13	0.990	0.198	9.485	3.610
1424228739423	37.506609	139.934069	13	0.940	0.296	9.602	3.585
1424228739519	37.506608	139.934072	13	0.962	0.460	9.364	3.561
1424228739619	37.506606	139.934075	13	1.059	0.484	9.452	3.537
1424228739720	37.506604	139.934078	13	1.210	0.488	9.441	3.512
1424228739821	37.506601	139.934079	16	1.239	0.476	9.566	3.500
1424228739921	37.506596	139.934078	16	1.162	0.536	9.461	3.500
1424228740022	37.506591	139.934077	16	1.199	0.822	8.781	3.500
1424228740123	37.506586	139.934077	16	1.186	0.656	9.374	3.500
1424228740224	37.506581	139.934076	16	1.114	0.280	10.175	3.500
1424228740319	37.506577	139.934075	16	0.830	0.255	9.934	3.500
1424228740420	37.506572	139.934074	16	0.732	0.460	9.456	3.500
1424228740521	37.506567	139.934074	16	1.016	0.445	9.720	3.500
1424228752616	37.505938	139.933925	17	1.443	0.439	9.740	6.110
1424228752621	37.505938	139.933925	17	1.440	0.443	9.720	6.106
1424228752721	37.505935	139.933925	17	0.959	0.326	9.464	6.035
1424228752822	37.505931	139.933923	14	0.551	0.187	9.464	5.944
1424228752923	37.505927	139.933920	14	0.349	0.131	9.547	5.835
1424228753019	37.505924	139.933917	14	0.164	-0.071	9.432	5.734
1424228753119	37.505920	139.933914	14	-0.018	-0.118	9.504	5.630
1424228753220	37.505916	139.933911	14	-0.059	0.009	9.403	5.527
1424228753321	37.505913	139.933908	14	0.081	-0.024	9.396	5.427
1424228753421	37.505909	139.933905	14	0.095	-0.015	9.311	5.328
1424228753522	37.505906	139.933902	14	0.109	0.005	9.287	5.231
1424228753623	37.505903	139.933899	14	0.143	-0.015	9.363	5.136
1424228753723	37.505899	139.933896	14	0.200	-0.044	9.378	5.043
1424228753819	37.505896	139.933895	12	0.177	-0.040	9.404	5.000
1424228753920	37.505892	139.933896	12	0.174	-0.120	9.437	5.000
1424228754021	37.505887	139.933896	12	0.120	-0.177	9.493	5.000
1424228754121	37.505883	139.933897	12	0.081	-0.141	9.430	5.000
1424228754222	37.505879	139.933897	12	0.064	-0.079	9.172	5.000
1424228754323	37.505874	139.933898	12	0.128	-0.084	9.439	5.000
1424228754423	37.505870	139.933898	12	0.167	-0.077	9.566	5.000
1424228754519	37.505866	139.933899	12	0.104	-0.033	9.411	5.000
1424228754620	37.505861	139.933899	12	0.058	0.001	9.245	5.000
1424228754721	37.505857	139.933900	12	0.136	-0.009	9.441	5.000
1424228754821	37.505853	139.933900	9	0.164	-0.072	9.497	4.959
1424228754922	37.505849	139.933900	9	0.152	-0.179	9.423	4.878
1424228755023	37.505845	139.933901	9	0.064	-0.232	9.279	4.799
1424228755123	37.505841	139.933901	9	0.011	-0.210	9.356	4.721
1424228755219	37.505838	139.933901	9	0.116	-0.270	9.491	4.648
1424228755320	37.505834	139.933901	9	0.161	-0.336	9.485	4.572
1424228755420	37.505830	139.933901	9	0.220	-0.403	9.504	4.499
1424228755521	37.505827	139.933902	9	0.139	-0.343	9.386	4.425
1424228755622	37.505823	139.933902	9	0.172	-0.358	9.400	4.353
1424228755722	37.505820	139.933902	9	0.345	-0.401	9.575	4.283
1424228755823	37.505816	139.933902	8	0.326	-0.392	9.404	4.222
1424228755919	37.505812	139.933902	8	0.178	-0.364	9.311	4.172
1424228756020	37.505808	139.933903	8	0.129	-0.381	9.439	4.119
1424228756120	37.505803	139.933903	8	0.077	-0.387	9.499	4.068
1424228756221	37.505799	139.933903	8	0.046	-0.412	9.441	4.017
1424228756322	37.505795	139.933904	8	0.122	-0.339	9.428	3.966
1424228756422	37.505791	139.933904	8	0.232	-0.355	9.459	3.917
1424228756523	37.505787	139.933904	8	0.239	-0.371	9.439	3.868
1424228756619	37.505784	139.933905	8	0.195	-0.366	9.391	3.821
1424228756719	37.505780	139.933905	8	0.250	-0.429	9.369	3.774
1424228756820	37.505776	139.933904	8	0.265	-0.541	9.359	3.709
1424228756921	37.505773	139.933903	8	0.230	-0.554	9.387	3.626
1424228757022	37.505770	139.933901	8	0.216	-0.569	9.446	3.545
1424228757122	37.505766	139.933900	8	0.244	-0.612	9.444	3.467
1424228757223	37.505763	139.933899	8	0.264	-0.644	9.458	3.390
1424228757319	37.505760	139.933898	8	0.249	-0.624	9.391	3.318
1424228757419	37.505757	139.933896	8	0.269	-0.656	9.351	3.244
1424228757520	37.505754	139.933895	8	0.382	-0.717	9.527	3.172
1424228757621	37.505751	139.933894	8	0.346	-0.694	9.402	3.101
1424228757722	37.505748	139.933893	8	0.267	-0.682	9.272	3.032
1424228757822	37.505746	139.933892	7	0.275	-0.768	9.425	2.938
1424228757923	37.505744	139.933893	7	0.248	-0.803	9.546	2.821
1424228758019	37.505742	139.933893	7	0.205	-0.774	9.336	2.714
1424228758119	37.505740	139.933893	7	0.232	-0.750	9.303	2.606
1424228758220	37.505739	139.933894	7	0.283	-0.713	9.451	2.501
1424228758321	37.505737	139.933894	7	0.245	-0.682	9.379	2.400
1424228758421	37.505735	139.933894	7	0.151	-0.585	9.125	2.304
1424228758522	37.505734	139.933894	7	0.315	-0.728	9.473	2.211
1424228758623	37.505732	139.933895	7	0.607	-0.827	9.822	2.122
1424228758719	37.505731	139.933895	7	0.758	-0.752	9.512	2.041
1424228758819	37.505729	139.933895	6	0.801	-0.744	9.349	1.935
1424228758920	37.505728	139.933894	6	0.916	-0.877	9.646	1.808
1424228759021	37.505727	139.933893	6	0.798	-0.822	9.479	1.686
1424228759121	37.505726	139.933892	6	0.525	-0.759	9.194	1.573
1424228759222	37.505725	139.933891	6	0.304	-0.825	9.309	1.465
1424228759323	37.505724	139.933891	6	0.188	-0.904	9.519	1.365
1424228759424	37.505723	139.933890	6	0.165	-0.910	9.478	1.271
1424228759519	37.505722	139.933889	6	0.158	-0.873	9.381	1.188
1424228759620	37.505721	139.933889	6	0.183	-0.841	9.427	1.107
1424228759721	37.505720	139.933888	6	0.284	-0.785	9.489	1.033
1424228759821	37.505720	139.933888	6	0.394	-0.676	9.452	0.940
1424228759922	37.505719	139.933887	6	0.424	-0.595	9.377	0.828
1424228760023	37.505719	139.933887	6	0.377	-0.566	9.392	0.725
1424228760123	37.505719	139.933887	6	0.298	-0.582	9.437	0.632
1424228760219	37.505718	139.933886	6	0.255	-0.595	9.432	0.552
1424228760320	37.505718	139.933886	6	0.237	-0.586	9.427	0.476
1424228760421	37.505718	139.933886	6	0.244	-0.589	9.444	0.410
1424228760521	37.505717	139.933885	6	0.253	-0.588	9.431	0.353
1424228760622	37.505717	139.933885	6	0.279	-0.586	9.442	0.304
1424228760723	37.505717	139.933885	6	0.273	-0.456	9.460	0.265
1424228760823	37.505717	139.933885	4	0.170	-0.141	9.462	0.224
1424228760919	37.505717	139.933884	4	0.043	0.166	9.414	0.181
1424228761020	37.505717	139.933884	4	-0.036	0.341	9.366	0.141
1424228761120	37.505716	139.933884	4	-0.028	0.287	9.341	0.106
1424228761221	37.505716	139.933884	4	0.008	0.168	9.399	0.075
1424228761322	37.505716	139.933883	4	0.018	0.112	9.435	0.050
1424228761423	37.505716	139.933883	4	-0.004	0.167	9.424	0.030
1424228761523	37.505716	139.933883	4	-0.010	0.231	9.396	0.015
1424228761619	37.505716	139.933883	4	-0.002	0.216	9.393	0.006
1424228761720	37.505716	139.933883	4	0.011	0.171	9.418	0.001
1424228830619	37.502990	139.936020	11	0.014	0.175	9.392	6.073
1424228830720	37.502987	139.936024	11	-0.018	0.080	9.467	6.024
1424228830821	37.502983	139.936028	11	-0.030	0.006	9.333	6.000
1424228830921	37.502979	139.936033	11	0.037	-0.016	9.172	6.000
1424228831022	37.502974	139.936038	11	0.071	-0.096	9.205	6.000
1424228831123	37.502969	139.936043	11	-0.042	-0.297	9.741	6.000
1424228831223	37.502964	139.936048	11	-0.181	-0.331	9.727	6.000
1424228831319	37.502959	139.936052	11	-0.213	-0.293	9.342	6.000
1424228831420	37.502954	139.936058	11	-0.175	-0.352	9.306	6.000
1424228831520	37.502949	139.936062	11	-0.090	-0.429	9.526	6.000
1424228831621	37.502944	139.936068	11	0.007	-0.439	9.490	6.000
1424228831722	37.502939	139.936073	11	0.185	-0.348	9.363	6.000
1424228831823	37.502936	139.936077	11	0.172	-0.298	9.439	5.926
1424228831923	37.502935	139.936081	11	0.024	-0.388	9.497	5.790
1424228832019	37.502933	139.936085	11	-0.082	-0.431	9.409	5.662
1424228832120	37.502932	139.936089	11	-0.072	-0.428	9.422	5.529
1424228832220	37.502930	139.936093	11	-0.022	-0.401	9.401	5.402
1424228832321	37.502929	139.936097	11	-0.022	-0.385	9.349	5.275
1424228832422	37.502927	139.936101	11	-0.066	-0.487	9.584	5.152
1424228832522	37.502926	139.936104	11	-0.102	-0.505	9.524	5.033
1424228832623	37.502925	139.936108	11	-0.030	-0.463	9.368	4.916
1424228832719	37.502924	139.936111	11	0.106	-0.414	9.236	4.807
1424228832820	37.502921	139.936114	11	0.194	-0.438	9.356	4.724
1424228832920	37.502918	139.936116	11	0.223	-0.419	9.505	4.671
1424228833021	37.502915	139.936117	11	0.175	-0.466	9.462	4.619
1424228833122	37.502911	139.936119	11	0.201	-0.493	9.361	4.568
1424228833222	37.502908	139.936120	11	0.206	-0.504	9.456	4.517
1424228833323	37.502905	139.936122	11	0.213	-0.590	9.390	4.467
1424228833419	37.502902	139.936124	11	0.272	-0.625	9.273	4.419
1424228833519	37.502899	139.936125	11	0.356	-0.727	9.526	4.370
1424228833620	37.502896	139.936127	11	0.440	-0.764	9.625	4.321
1424228833721	37.502892	139.936128	11	0.430	-0.708	9.403	4.273
1424228833822	37.502888	139.936129	12	0.358	-0.680	9.298	4.237
1424228833922	37.502883	139.936130	12	0.276	-0.635	9.384	4.211
1424228834023	37.502878	139.936130	12	0.182	-0.553	9.500	4.185
1424228834119	37.502874	139.936131	12	0.145	-0.507	9.504	4.161
1424228834219	37.502869	139.936131	12	0.032	-0.489	9.438	4.136
1424228834320	37.502864	139.936132	12	0.057	-0.437	9.377	4.111
1424228834421	37.502859	139.936132	12	0.158	-0.430	9.402	4.086
1424228834521	37.502854	139.936133	12	0.185	-0.400	9.409	4.061
1424228834622	37.502849	139.936133	12	0.075	-0.379	9.375	4.036
1424228834723	37.502844	139.936134	12	-0.020	-0.445	9.417	4.011
1424228834819	37.502843	139.936137	15	-0.066	-0.478	9.378	3.944
1424228834919	37.502844	139.936142	15	-0.086	-0.521	9.502	3.833
1424228835020	37.502845	139.936147	15	-0.100	-0.527	9.546	3.723
1424228835121	37.502847	139.936152	15	-0.043	-0.507	9.482	3.616
1424228835221	37.502848	139.936156	15	0.085	-0.457	9.417	3.514
1424228835322	37.502849	139.936161	15	0.093	-0.405	9.328	3.413
1424228835423	37.502850	139.936166	15	0.037	-0.397	9.323	3.315
1424228835523	37.502851	139.936170	15	0.049	-0.458	9.402	3.220
1424228835619	37.502852	139.936174	15	0.007	-0.524	9.431	3.133
1424228835720	37.502853	139.936178	15	-0.050	-0.558	9.445	3.043
1424228835821	37.502854	139.936179	15	-0.004	-0.557	9.412	2.850
1424228835921	37.502854	139.936177	15	0.052	-0.589	9.467	2.570
1424228836022	37.502854	139.936175	15	0.102	-0.610	9.442	2.308
1424228836123	37.502854	139.936173	15	0.144	-0.620	9.396	2.066
1424228836223	37.502855	139.936172	15	0.123	-0.627	9.436	1.846
1424228836319	37.502855	139.936171	15	0.097	-0.608	9.421	1.654
1424228836420	37.502855	139.936169	15	0.098	-0.605	9.364	1.472
1424228836521	37.502855	139.936168	15	0.132	-0.630	9.416	1.311
1424228836621	37.502855	139.936167	15	0.172	-0.668	9.434	1.171
1424228836722	37.502855	139.936166	15	0.170	-0.721	9.405	1.050
1424228836823	37.502856	139.936166	9	0.159	-0.731	9.423	0.965
1424228836923	37.502857	139.936165	9	0.178	-0.772	9.424	0.902
1424228837019	37.502858	139.936165	9	0.194	-0.801	9.421	0.844
1424228837125	37.502860	139.936164	9	0.198	-0.790	9.438	0.784
1424228837220	37.502861	139.936164	9	0.219	-0.772	9.440	0.734
1424228837319	37.502862	139.936163	9	0.207	-0.790	9.433	0.684
1424228837422	37.502863	139.936163	9	0.149	-0.699	9.447	0.636
1424228837521	37.502864	139.936163	9	0.099	-0.521	9.448	0.593
1424228837623	37.502865	139.936162	9	0.058	-0.387	9.426	0.553
1424228837719	37.502866	139.936162	9	0.052	-0.307	9.398	0.517
1424228837820	37.502867	139.936163	10	0.048	-0.266	9.411	0.451
1424228837920	37.502869	139.936165	10	0.055	-0.278	9.411	0.361
1424228838021	37.502871	139.936167	10	0.065	-0.323	9.392	0.281
1424228838122	37.502873	139.936169	10	0.018	-0.199	9.471	0.210
1424228838223	37.502874	139.936170	10	-0.083	0.110	9.473	0.150
1424228838323	37.502876	139.936172	10	-0.182	0.396	9.388	0.100
1424228838419	37.502877	139.936173	10	-0.188	0.468	9.333	0.062
1424228838520	37.502877	139.936173	10	-0.140	0.351	9.356	0.031
1424228838620	37.502878	139.936174	10	-0.102	0.237	9.429	0.011
1424228838721	37.502878	139.936174	10	-0.114	0.236	9.422	0.001
1424228887615	37.502666	139.937517	12	-0.120	0.292	9.392	5.610
1424228887620	37.502666	139.937517	12	-0.116	0.291	9.392	5.606
1424228887721	37.502665	139.937522	12	-0.017	0.075	9.415	5.535
1424228887821	37.502665	139.937528	12	0.129	-0.072	9.345	5.459
1424228887922	37.502666	139.937535	12	0.282	-0.120	9.356	5.379
1424228888023	37.502666	139.937543	12	0.346	-0.253	9.464	5.300
1424228888123	37.502666	139.937550	12	0.381	-0.437	9.552	5.223
1424228888219	37.502667	139.937557	12	0.346	-0.529	9.460	5.150
1424228888320	37.502667	139.937564	12	0.387	-0.480	9.362	5.074
1424228888420	37.502668	139.937571	12	0.459	-0.500	9.364	5.000
1424228888521	37.502668	139.937578	12	0.499	-0.533	9.473	4.926
1424228888622	37.502668	139.937584	12	0.581	-0.450	9.498	4.854
1424228888723	37.502669	139.937591	12	0.700	-0.329	9.408	4.783
1424228888823	37.502669	139.937597	12	0.835	-0.281	9.322	4.722
1424228888919	37.502670	139.937603	12	1.029	-0.340	9.424	4.672
1424228889020	37.502671	139.937609	12	1.180	-0.350	9.499	4.620
1424228889120	37.502671	139.937614	12	1.168	-0.238	9.314	4.569
1424228889221	37.502672	139.937620	12	1.163	-0.212	9.325	4.518
1424228889322	37.502672	139.937626	12	1.122	-0.254	9.539	4.467
1424228889422	37.502673	139.937631	12	1.055	-0.122	9.560	4.418
1424228889523	37.502674	139.937637	12	1.148	0.101	9.298	4.368
1424228889619	37.502674	139.937642	12	1.297	0.226	9.269	4.322
1424228889719	37.502675	139.937647	12	1.431	0.207	9.493	4.274
1424228889820	37.502674	139.937652	11	1.487	0.267	9.480	4.224
1424228889921	37.502671	139.937655	11	1.494	0.324	9.339	4.170
1424228890022	37.502669	139.937658	11	1.500	0.282	9.368	4.118
1424228890122	37.502667	139.937661	11	1.451	0.246	9.416	4.067
1424228890223	37.502664	139.937665	11	1.401	0.292	9.454	4.016
1424228890319	37.502662	139.937668	11	1.403	0.286	9.316	3.968
1424228890419	37.502660	139.937671	11	1.496	0.292	9.320	3.918
1424228890520	37.502657	139.937674	11	1.644	0.253	9.379	3.869
1424228890621	37.502655	139.937677	11	1.731	0.291	9.448	3.821
1424228890722	37.502653	139.937680	11	1.832	0.303	9.391	3.773
1424228890822	37.502650	139.937682	11	1.937	0.291	9.350	3.707
1424228890923	37.502647	139.937683	11	1.966	0.267	9.360	3.624
1424228891019	37.502645	139.937683	11	1.776	0.306	9.231	3.548
1424228891119	37.502642	139.937684	11	1.396	0.381	9.099	3.469
1424228891220	37.502639	139.937685	11	1.213	0.313	9.379	3.392
1424228891321	37.502636	139.937686	11	1.147	0.242	9.660	3.316
1424228891422	37.502634	139.937687	11	1.380	0.401	9.186	3.242
1424228891522	37.502631	139.937688	11	1.507	0.331	9.327	3.170
1424228891623	37.502629	139.937689	11	1.606	0.044	9.982	3.100
1424228891719	37.502626	139.937690	11	1.705	0.055	9.753	3.034
1424228891819	37.502623	139.937690	11	1.475	0.298	8.833	3.012
1424228891920	37.502620	139.937690	11	1.367	0.249	9.196	3.036
1424228892021	37.502617	139.937690	11	1.506	0.077	9.850	3.061
1424228892121	37.502614	139.937690	11	1.648	0.171	9.600	3.085
1424228892222	37.502610	139.937690	11	1.599	0.328	9.032	3.111
1424228892323	37.502607	139.937689	11	1.659	0.350	9.111	3.136
1424228892419	37.502604	139.937689	11	1.767	0.313	9.496	3.160
1424228892519	37.502601	139.937689	11	1.810	0.455	9.826	3.185
1424228892620	37.502597	139.937689	11	1.617	0.440	9.669	3.211
1424228892721	37.502594	139.937689	11	1.223	0.414	9.597	3.237
1424228892821	37.502591	139.937689	10	0.978	0.413	9.541	3.262
1424228892922	37.502588	139.937690	10	0.970	0.419	9.416	3.287
1424228893023	37.502585	139.937690	10	1.095	0.398	9.388	3.312
1424228893123	37.502582	139.937690	10	1.323	0.476	9.385	3.336
1424228893219	37.502579	139.937691	10	1.517	0.657	9.411	3.360
1424228893320	37.502576	139.937691	10	1.658	0.869	9.195	3.385
1424228893421	37.502573	139.937692	10	1.624	0.756	9.534	3.411
1424228893521	37.502570	139.937692	10	1.532	0.735	9.482	3.436
1424228903617	37.502113	139.937487	13	1.272	0.740	9.339	5.824
1424228903622	37.502113	139.937486	13	1.259	0.741	9.341	5.821
1424228903723	37.502109	139.937484	13	0.745	0.080	9.250	5.773
1424228903819	37.502105	139.937481	13	0.501	-0.458	9.315	5.737
1424228903919	37.502099	139.937478	13	0.464	-0.862	9.472	5.712
1424228904020	37.502093	139.937474	13	0.445	-1.218	9.612	5.686
1424228904121	37.502087	139.937471	13	0.340	-1.236	9.361	5.661
1424228904222	37.502081	139.937467	13	0.266	-1.189	9.142	5.636
1424228904322	37.502076	139.937463	13	0.304	-1.318	9.393	5.611
1424228904423	37.502070	139.937460	13	0.333	-1.451	9.708	5.585
1424228904519	37.502064	139.937457	13	0.239	-1.424	9.478	5.562
1424228904619	37.502059	139.937453	13	0.223	-1.369	9.404	5.537
1424228904720	37.502053	139.937450	13	0.353	-1.364	9.511	5.512
1424228904821	37.502049	139.937448	13	0.270	-1.379	9.331	5.459
1424228904921	37.502046	139.937448	13	0.228	-1.463	9.367	5.380
1424228905022	37.502043	139.937447	13	0.228	-1.468	9.747	5.301
1424228905123	37.502040	139.937447	13	0.150	-1.364	9.540	5.223
1424228905219	37.502037	139.937447	13	0.220	-1.274	9.318	5.150
1424228905319	37.502035	139.937447	13	0.140	-1.309	9.285	5.075
1424228905420	37.502032	139.937447	13	0.090	-1.305	9.523	5.000
1424228905521	37.502029	139.937446	13	0.120	-1.142	9.489	4.926
1424228905621	37.502027	139.937446	13	-0.067	-0.829	9.106	4.855
1424228905722	37.502024	139.937446	13	0.033	-0.698	9.453	4.783
1424228905823	37.502021	139.937446	13	-0.120	-0.531	9.812	4.722
1424228905923	37.502018	139.937446	13	-0.099	-0.305	9.456	4.670
1424228906019	37.502015	139.937446	13	-0.126	-0.352	9.175	4.620
1424228906120	37.502012	139.937446	13	-0.158	-0.474	9.322	4.569
1424228906221	37.502009	139.937446	13	-0.280	-0.513	9.622	4.518
1424228906321	37.502005	139.937445	13	-0.202	-0.215	9.427	4.468
1424228906422	37.502002	139.937445	13	-0.208	-0.002	9.201	4.418
1424228906523	37.501999	139.937445	13	-0.177	-0.203	9.289	4.368
1424228906623	37.501996	139.937445	13	-0.011	-0.167	9.814	4.320
1424228906719	37.501993	139.937445	13	0.095	0.005	9.616	4.274
1424228906820	37.501990	139.937444	12	0.012	0.116	9.282	4.250
1424228906920	37.501987	139.937443	12	-0.107	0.078	9.203	4.250
1424228907021	37.501983	139.937442	12	-0.233	0.073	9.463	4.250
1424228907122	37.501980	139.937441	12	-0.365	0.074	9.516	4.250
1424228907223	37.501977	139.937440	12	-0.397	0.127	9.384	4.250
1424228907323	37.501973	139.937438	12	-0.451	0.129	9.298	4.250
1424228907419	37.501970	139.937437	12	-0.341	0.286	9.488	4.250
1424228907520	37.501967	139.937436	12	-0.207	0.329	9.502	4.250
1424228907620	37.501963	139.937435	12	-0.185	0.288	9.348	4.250
1424228941619	37.499823	139.936381	10	-0.188	0.282	9.344	7.108
1424228941720	37.499817	139.936378	10	-0.102	-0.040	9.281	7.036
1424228941821	37.499811	139.936373	14	-0.095	-0.256	9.416	6.945
1424228941922	37.499804	139.936368	14	-0.173	-0.301	9.416	6.838
1424228942022	37.499798	139.936362	14	-0.223	-0.377	9.385	6.734
1424228942123	37.499791	139.936357	14	-0.213	-0.438	9.411	6.629
1424228942219	37.499785	139.936352	14	-0.210	-0.529	9.514	6.532
1424228942319	37.499779	139.936346	14	-0.304	-0.489	9.359	6.432
1424228942420	37.499773	139.936341	14	-0.241	-0.493	9.412	6.332
1424228942521	37.499767	139.936336	14	-0.257	-0.533	9.413	6.235
1424228942621	37.499761	139.936331	14	-0.245	-0.507	9.375	6.139
1424228942722	37.499756	139.936326	14	-0.136	-0.363	9.293	6.044
1424228942823	37.499750	139.936323	14	-0.031	-0.449	9.515	5.986
1424228942919	37.499745	139.936320	14	-0.142	-0.570	9.551	5.962
1424228943019	37.499739	139.936317	14	-0.109	-0.584	9.460	5.937
1424228943120	37.499733	139.936314	14	-0.050	-0.465	9.307	5.911
1424228943221	37.499728	139.936312	14	-0.104	-0.490	9.314	5.886
1424228943321	37.499722	139.936309	14	-0.204	-0.624	9.430	5.861
1424228943422	37.499717	139.936306	14	-0.212	-0.603	9.548	5.836
1424228943523	37.499711	139.936304	14	-0.130	-0.517	9.353	5.811
1424228943623	37.499706	139.936301	14	-0.168	-0.462	9.264	5.786
1424228943719	37.499701	139.936298	14	-0.149	-0.535	9.388	5.762
1424228943820	37.499696	139.936296	11	-0.059	-0.599	9.496	5.710
1424228943921	37.499691	139.936295	11	0.004	-0.575	9.497	5.630
1424228944021	37.499687	139.936294	11	-0.088	-0.490	9.428	5.552
1424228944122	37.499683	139.936293	11	-0.106	-0.563	9.445	5.474
1424228944223	37.499678	139.936291	11	-0.182	-0.621	9.555	5.397
1424228944323	37.499674	139.936290	11	-0.102	-0.619	9.443	5.322
1424228944419	37.499670	139.936289	11	-0.100	-0.513	9.370	5.251
1424228944520	37.499666	139.936288	11	-0.114	-0.469	9.428	5.178
1424228944621	37.499662	139.936287	11	-0.129	-0.523	9.495	5.105
1424228944721	37.499658	139.936286	11	-0.146	-0.572	9.486	5.034
1424228944822	37.499653	139.936284	11	-0.080	-0.544	9.315	4.973
1424228944923	37.499648	139.936282	11	-0.054	-0.514	9.466	4.920
1424228945023	37.499644	139.936280	11	-0.076	-0.511	9.511	4.869
1424228945119	37.499639	139.936278	11	-0.029	-0.557	9.464	4.820
1424228945220	37.499634	139.936276	11	0.013	-0.502	9.203	4.768
1424228945320	37.499630	139.936274	11	0.032	-0.492	9.355	4.718
1424228945421	37.499625	139.936272	11	0.041	-0.571	9.620	4.669
1424228945522	37.499620	139.936271	11	-0.220	-0.577	9.193	4.619
1424228945623	37.499616	139.936269	11	-0.007	-0.776	9.499	4.570
1424228945723	37.499611	139.936267	11	0.157	-0.846	9.407	4.522
1424228945819	37.499608	139.936266	11	0.114	-0.862	9.353	4.429
1424228945920	37.499605	139.936265	11	0.176	-0.878	9.355	4.287
1424228946020	37.499602	139.936264	11	0.262	-0.979	9.471	4.150
1424228946121	37.499599	139.936263	11	0.200	-1.060	9.535	4.015
1424228946222	37.499597	139.936262	11	0.095	-1.000	9.428	3.885
1424228946322	37.499594	139.936261	11	0.093	-0.948	9.376	3.760
1424228946423	37.499592	139.936260	11	0.227	-1.060	9.451	3.638
1424228946519	37.499590	139.936260	11	0.187	-1.101	9.449	3.526
1424228946620	37.499587	139.936259	11	0.060	-0.965	9.379	3.412
1424228946720	37.499585	139.936258	11	0.168	-1.012	9.343	3.303
1424228946821	37.499583	139.936258	12	0.316	-1.164	9.561	3.152
1424228946922	37.499581	139.936259	12	0.221	-1.109	9.466	2.964
1424228947022	37.499579	139.936259	12	0.173	-1.013	9.336	2.787
1424228947123	37.499577	139.936259	12	0.205	-1.066	9.441	2.618
1424228947219	37.499575	139.936260	12	0.190	-1.054	9.386	2.465
1424228947319	37.499573	139.936260	12	0.196	-1.063	9.481	2.315
1424228947420	37.499572	139.936260	12	0.124	-1.082	9.489	2.173
1424228947521	37.499570	139.936260	12	0.098	-1.084	9.367	2.039
1424228947622	37.499569	139.936261	12	0.122	-1.097	9.454	1.915
1424228947722	37.499568	139.936261	12	0.138	-1.075	9.514	1.801
1424228947823	37.499566	139.936261	12	0.158	-1.053	9.437	1.700
1424228947919	37.499566	139.936261	12	0.206	-1.073	9.461	1.612
1424228948019	37.499565	139.936260	12	0.197	-1.063	9.402	1.525
1424228948120	37.499564	139.936260	12	0.106	-1.027	9.352	1.441
1424228948221	37.499563	139.936260	12	0.123	-1.059	9.516	1.361
1424228948322	37.499562	139.936260	12	0.113	-1.049	9.544	1.285
1424228948422	37.499561	139.936260	12	0.064	-0.984	9.389	1.215
1424228948523	37.499561	139.936259	12	0.090	-0.920	9.381	1.147
1424228948619	37.499560	139.936259	12	0.192	-0.917	9.438	1.087
1424228948719	37.499559	139.936259	12	0.259	-0.946	9.451	1.028
1424228948820	37.499559	139.936259	13	0.228	-0.972	9.427	0.986
1424228948921	37.499559	139.936260	13	0.146	-1.002	9.410	0.958
1424228949021	37.499559	139.936260	13	0.097	-1.036	9.451	0.931
1424228949122	37.499559	139.936260	13	0.081	-0.967	9.456	0.904
1424228949223	37.499559	139.936260	13	0.052	-0.739	9.460	0.878
1424228949319	37.499558	139.936261	13	-0.001	-0.537	9.420	0.854
1424228949419	37.499558	139.936261	13	-0.036	-0.428	9.383	0.830
1424228949520	37.499558	139.936261	13	-0.015	-0.389	9.377	0.806
1424228949621	37.499558	139.936262	13	0.007	-0.362	9.400	0.783
1424228949721	37.499558	139.936262	13	-0.027	-0.343	9.402	0.761
1424228949822	37.499558	139.936263	15	-0.107	-0.264	9.434	0.735
1424228949923	37.499558	139.936264	15	-0.155	-0.096	9.442	0.705
1424228950023	37.499558	139.936265	15	-0.177	0.093	9.394	0.677
1424228950119	37.499558	139.936266	15	-0.210	0.191	9.360	0.651
1424228950220	37.499558	139.936267	15	-0.212	0.162	9.365	0.625
1424228950321	37.499558	139.936268	15	-0.183	0.083	9.396	0.600
1424228950421	37.499558	139.936269	15	-0.156	0.050	9.417	0.576
1424228950522	37.499558	139.936270	15	-0.174	0.085	9.405	0.553
1424228950623	37.499558	139.936271	15	-0.208	0.114	9.375	0.530
1424228950723	37.499558	139.936272	15	-0.210	0.099	9.394	0.510
1424228950819	37.499558	139.936272	15	-0.201	0.073	9.424	0.484
1424228950925	37.499558	139.936273	15	-0.193	0.084	9.411	0.450
1424228951020	37.499558	139.936274	15	-0.189	0.108	9.402	0.422
1424228951120	37.499558	139.936275	15	-0.184	0.102	9.397	0.394
1424228951222	37.499559	139.936275	15	-0.172	0.089	9.406	0.366
1424228951321	37.499559	139.936276	15	-0.189	0.079	9.412	0.342
1424228951423	37.499559	139.936276	15	-0.199	0.096	9.397	0.318
1424228951519	37.499559	139.936277	15	-0.189	0.105	9.399	0.297
1424228978615	37.499599	139.935774	7	-0.180	0.087	9.408	5.038
1424228978620	37.499599	139.935774	7	-0.179	0.083	9.409	5.037
1424228978720	37.499600	139.935769	7	-0.084	-0.086	9.614	5.012
1424228978821	37.499600	139.935763	6	0.010	-0.229	9.633	4.987
1424228978922	37.499601	139.935758	6	0.053	-0.191	9.270	4.961
1424228979022	37.499602	139.935752	6	0.064	-0.159	9.226	4.936
1424228979123	37.499603	139.935747	6	0.055	-0.177	9.397	4.910
1424228979219	37.499603	139.935741	6	0.066	-0.179	9.501	4.886
1424228979325	37.499604	139.935736	6	0.045	-0.198	9.503	4.860
1424228979420	37.499605	139.935731	6	0.033	-0.198	9.348	4.836
1424228979519	37.499605	139.935725	6	0.011	-0.155	9.375	4.812
1424228979622	37.499606	139.935720	6	0.061	-0.220	9.565	4.786
1424228979721	37.499607	139.935715	6	0.115	-0.213	9.368	4.762
1424228979819	37.499608	139.935709	6	0.124	-0.233	9.390	4.750
1424228979919	37.499609	139.935704	6	0.121	-0.208	9.372	4.750
1424228980019	37.499611	139.935699	6	0.115	-0.223	9.408	4.750
1424228980120	37.499613	139.935694	6	0.111	-0.233	9.461	4.750
1424228980221	37.499614	139.935689	6	0.058	-0.242	9.471	4.750
1424228980321	37.499616	139.935683	6	0.038	-0.188	9.397	4.750
1424228980422	37.499617	139.935678	6	0.052	-0.150	9.384	4.750
1424228980523	37.499619	139.935673	6	0.100	-0.173	9.400	4.750
1424228980619	37.499621	139.935668	6	0.053	-0.182	9.428	4.750
1424228980719	37.499622	139.935663	6	0.015	-0.129	9.373	4.750
1424228980820	37.499624	139.935658	4	-0.010	-0.092	9.399	4.737
1424228980921	37.499625	139.935653	4	-0.010	-0.109	9.417	4.711
1424228981021	37.499626	139.935648	4	-0.017	-0.112	9.367	4.686
1424228981122	37.499627	139.935643	4	-0.020	-0.115	9.393	4.660
1424228981223	37.499629	139.935638	4	-0.035	-0.102	9.439	4.635
1424228981319	37.499630	139.935633	4	-0.017	-0.035	9.393	4.611
1424228981419	37.499631	139.935629	4	0.002	-0.051	9.396	4.586
1424228981520	37.499632	139.935624	4	0.018	-0.079	9.391	4.561
1424228981621	37.499633	139.935619	4	0.043	-0.066	9.357	4.536
1424228981721	37.499634	139.935614	4	0.033	-0.043	9.466	4.512
1424228981822	37.499635	139.935609	4	-0.046	-0.048	9.458	4.500
1424228981923	37.499636	139.935604	4	-0.005	-0.059	9.455	4.500
1424228982024	37.499637	139.935599	4	0.050	-0.035	9.409	4.500
1424228982119	37.499638	139.935595	4	0.082	-0.074	9.383	4.500
1424228982220	37.499639	139.935589	4	0.077	-0.110	9.455	4.500
1424228982321	37.499640	139.935584	4	0.050	-0.128	9.510	4.500
1424228982421	37.499641	139.935579	4	0.054	-0.200	9.433	4.500
1424228982522	37.499642	139.935574	4	0.163	-0.287	9.370	4.500
1424228982623	37.499643	139.935569	4	0.106	-0.278	9.511	4.500
1424228982723	37.499644	139.935564	4	0.015	-0.127	9.442	4.500
1424228982819	37.499644	139.935560	5	-0.023	0.040	9.261	4.500
1424228982920	37.499645	139.935554	5	-0.015	0.005	9.332	4.500
1424228983020	37.499645	139.935550	5	0.046	-0.074	9.521	4.500
1424228983121	37.499645	139.935544	5	-0.009	0.024	9.307	4.500
1424228983222	37.499646	139.935539	5	0.003	0.042	9.389	4.500
1424228983323	37.499646	139.935534	5	-0.056	-0.000	9.484	4.500
1424228983423	37.499647	139.935529	5	-0.076	-0.069	9.492	4.500
1424228983519	37.499647	139.935525	5	-0.032	-0.124	9.325	4.500
1424228983620	37.499647	139.935519	5	0.048	-0.239	9.363	4.500
1424228983720	37.499648	139.935515	5	0.037	-0.309	9.407	4.500
1424228983821	37.499649	139.935510	5	0.030	-0.306	9.446	4.473
1424228983922	37.499650	139.935505	5	0.081	-0.390	9.408	4.420
1424228984023	37.499651	139.935501	5	0.153	-0.498	9.548	4.368
1424228984123	37.499652	139.935496	5	0.167	-0.494	9.531	4.317
1424228984219	37.499653	139.935492	5	0.095	-0.365	9.169	4.268
1424228984320	37.499654	139.935488	5	0.111	-0.411	9.344	4.218
1424228984420	37.499655	139.935483	5	0.170	-0.568	9.661	4.168
1424228984521	37.499656	139.935479	5	0.212	-0.559	9.473	4.119
1424228984622	37.499657	139.935475	5	0.277	-0.570	9.223	4.070
1424228984722	37.499658	139.935471	5	0.279	-0.719	9.380	4.023
1424228984823	37.499658	139.935467	5	0.229	-0.858	9.495	3.956
1424228984919	37.499659	139.935464	5	0.222	-0.898	9.587	3.878
1424228985020	37.499659	139.935460	5	0.181	-0.881	9.395	3.798
1424228985120	37.499660	139.935457	5	0.166	-0.949	9.251	3.720
1424228985221	37.499660	139.935454	5	0.229	-1.041	9.497	3.643
1424228985322	37.499661	139.935451	5	0.249	-0.944	9.475	3.567
1424228985422	37.499661	139.935447	5	0.217	-0.861	9.390	3.493
1424228985519	37.499662	139.935444	5	0.234	-0.894	9.397	3.424
1424228985619	37.499662	139.935441	5	0.219	-0.830	9.486	3.353
1424228985719	37.499663	139.935438	5	0.143	-0.639	9.467	3.284
1424228985820	37.499663	139.935436	5	0.070	-0.482	9.407	3.208
1424228985921	37.499664	139.935433	5	0.073	-0.485	9.387	3.124
1424228986022	37.499664	139.935430	5	0.125	-0.544	9.425	3.043
1424228986122	37.499665	139.935427	5	0.166	-0.542	9.389	2.964
1424228986223	37.499665	139.935424	5	0.186	-0.639	9.323	2.886
1424228986319	37.499666	139.935422	5	0.186	-0.783	9.412	2.814
1424228986419	37.499666	139.935419	5	0.126	-0.806	9.402	2.741
1424228986520	37.499667	139.935417	5	0.164	-0.888	9.372	2.669
1424228986621	37.499667	139.935414	5	0.210	-1.031	9.441	2.599
1424228986722	37.499668	139.935412	5	0.310	-1.220	9.714	2.532
1424228986822	37.499668	139.935410	4	0.366	-1.227	9.629	2.414
1424228986923	37.499668	139.935408	4	0.371	-1.053	9.137	2.255
1424228987019	37.499668	139.935407	4	0.415	-1.029	9.226	2.111
1424228987119	37.499668	139.935405	4	0.449	-1.132	9.560	1.969
1424228987220	37.499668	139.935404	4	0.435	-1.131	9.506	1.834
1424228987321	37.499668	139.935403	4	0.305	-1.075	9.285	1.708
1424228987421	37.499668	139.935402	4	0.245	-1.083	9.318	1.592
1424228987522	37.499668	139.935400	4	0.149	-1.170	9.463	1.482
1424228987623	37.499668	139.935399	4	0.312	-1.419	9.823	1.382
1424228987719	37.499668	139.935398	4	0.449	-1.372	9.700	1.294
1424228987819	37.499668	139.935398	4	0.377	-1.122	9.135	1.220
1424228987920	37.499668	139.935397	4	0.367	-1.022	9.116	1.159
1424228988021	37.499669	139.935396	4	0.366	-1.084	9.457	1.101
1424228988121	37.499669	139.935396	4	0.356	-1.158	9.530	1.046
1424228988222	37.499669	139.935395	4	0.333	-1.156	9.395	0.993
1424228988323	37.499669	139.935394	4	0.299	-1.154	9.394	0.943
1424228988419	37.499669	139.935394	4	0.306	-1.177	9.454	0.897
1424228988519	37.499670	139.935393	4	0.313	-1.119	9.447	0.852
1424228988620	37.499670	139.935393	4	0.279	-0.996	9.423	0.809
1424228988721	37.499670	139.935392	4	0.198	-0.733	9.458	0.769
1424228988821	37.499670	139.935392	4	0.070	-0.350	9.468	0.675
1424228988922	37.499670	139.935393	4	-0.038	-0.009	9.394	0.539
1424228989023	37.499670	139.935394	4	-0.068	0.121	9.346	0.419
1424228989123	37.499670	139.935394	4	-0.054	0.045	9.351	0.314
1424228989219	37.499670	139.935395	4	-0.023	-0.068	9.407	0.228
1424228989320	37.499670	139.935395	4	-0.004	-0.106	9.443	0.152
1424228989420	37.499670	139.935396	4	-0.033	-0.046	9.415	0.092
1424228989521	37.499670	139.935396	4	-0.045	0.011	9.392	0.047
1424228989622	37.499670	139.935396	4	-0.041	-0.007	9.395	0.016
1424228989723	37.499670	139.935396	4	-0.020	-0.047	9.417	0.002
1424229018616	37.499850	139.934505	5	-0.031	-0.014	9.400	7.538
1424229018621	37.499850	139.934505	5	-0.030	-0.018	9.395	7.537
1424229018721	37.499853	139.934497	5	0.044	-0.122	9.358	7.512
1424229018822	37.499855	139.934489	5	0.126	-0.208	9.330	7.487
1424229018923	37.499857	139.934482	5	0.134	-0.207	9.468	7.461
1424229019019	37.499858	139.934474	5	0.141	-0.219	9.259	7.437
1424229019119	37.499860	139.934467	5	0.150	-0.258	9.281	7.412
1424229019220	37.499862	139.934459	5	0.131	-0.268	9.428	7.386
1424229019321	37.499863	139.934452	5	0.163	-0.284	9.417	7.361
1424229019421	37.499865	139.934445	5	0.144	-0.346	9.412	7.336
1424229019522	37.499867	139.934437	5	0.039	-0.333	9.441	7.311
1424229019623	37.499869	139.934430	5	0.077	-0.283	9.392	7.286
1424229019724	37.499870	139.934422	5	0.137	-0.324	9.440	7.261
1424229019819	37.499872	139.934415	5	0.094	-0.344	9.521	7.238
1424229019920	37.499873	139.934407	5	0.141	-0.270	9.513	7.212
1424229020021	37.499875	139.934399	5	0.135	-0.294	9.339	7.186
1424229020121	37.499876	139.934391	5	0.081	-0.297	9.270	7.161
1424229020222	37.499877	139.934382	5	0.061	-0.299	9.404	7.136
1424229020323	37.499879	139.934374	5	0.059	-0.284	9.422	7.111
1424229020423	37.499880	139.934366	5	0.037	-0.361	9.475	7.086
1424229020519	37.499882	139.934359	5	-0.018	-0.343	9.434	7.062
1424229020620	37.499883	139.934351	5	-0.007	-0.340	9.365	7.037
1424229020720	37.499884	139.934343	5	-0.027	-0.367	9.339	7.012
1424229020821	37.499886	139.934335	5	-0.039	-0.358	9.405	6.987
1424229020922	37.499888	139.934328	5	-0.030	-0.319	9.503	6.961
1424229021023	37.499891	139.934321	5	-0.040	-0.322	9.297	6.936
1424229021123	37.499893	139.934314	5	-0.022	-0.381	9.349	6.911
1424229021219	37.499895	139.934307	5	0.020	-0.455	9.496	6.887
1424229021320	37.499897	139.934300	5	0.155	-0.583	9.454	6.861
1424229021420	37.499899	139.934293	5	0.156	-0.660	9.370	6.836
1424229021521	37.499902	139.934285	5	0.160	-0.655	9.459	6.811
1424229021622	37.499904	139.934278	5	0.182	-0.599	9.452	6.786
1424229021723	37.499906	139.934271	5	0.159	-0.611	9.406	6.762
1424229021823	37.499908	139.934264	4	0.180	-0.566	9.519	6.737
1424229021919	37.499910	139.934258	4	0.014	-0.419	9.596	6.712
1424229022025	37.499912	139.934250	4	0.011	-0.232	9.429	6.685
1424229022120	37.499914	139.934244	4	0.030	-0.197	9.296	6.661
1424229022219	37.499916	139.934237	4	0.039	-0.203	9.465	6.637
1424229022322	37.499918	139.934230	4	0.037	-0.205	9.550	6.611
1424229022421	37.499919	139.934223	4	0.068	-0.175	9.553	6.586
1424229022523	37.499921	139.934217	4	0.062	-0.240	9.431	6.561
1424229022619	37.499923	139.934210	4	0.056	-0.296	9.414	6.537
1424229022720	37.499925	139.934203	4	0.092	-0.308	9.416	6.512
1424229022820	37.499927	139.934196	4	0.137	-0.293	9.302	6.474
1424229022921	37.499929	139.934189	4	0.131	-0.339	9.366	6.422
1424229023022	37.499930	139.934182	4	0.140	-0.404	9.512	6.370
1424229023122	37.499932	139.934175	4	0.170	-0.398	9.329	6.319
1424229023223	37.499934	139.934169	4	0.161	-0.476	9.312	6.269
1424229023319	37.499935	139.934162	4	0.104	-0.480	9.339	6.221
1424229023419	37.499937	139.934155	4	0.122	-0.477	9.367	6.171
1424229023520	37.499939	139.934148	4	0.141	-0.504	9.398	6.121
1424229023621	37.499941	139.934142	4	0.147	-0.558	9.372	6.072
1424229023722	37.499942	139.934135	4	0.142	-0.587	9.382	6.023
1424229023822	37.499944	139.934129	4	0.208	-0.596	9.515	5.973
1424229023923	37.499945	139.934123	4	0.313	-0.576	9.391	5.921
1424229024019	37.499947	139.934118	4	0.351	-0.606	9.372	5.871
1424229024119	37.499948	139.934112	4	0.311	-0.623	9.394	5.821
1424229024220	37.499950	139.934107	4	0.286	-0.660	9.515	5.770
1424229024321	37.499951	139.934101	4	0.247	-0.675	9.518	5.719
1424229024421	37.499953	139.934096	4	0.181	-0.761	9.451	5.670
1424229024522	37.499954	139.934090	4	0.236	-0.827	9.424	5.620
1424229024623	37.499956	139.934085	4	0.315	-0.946	9.551	5.571
1424229024719	37.499957	139.934080	4	0.397	-1.071	9.525	5.524
1424229024819	37.499958	139.934074	6	0.404	-1.089	9.393	5.431
1424229024920	37.499959	139.934069	6	0.392	-1.147	9.407	5.292
1424229025021	37.499960	139.934064	6	0.334	-1.206	9.532	5.156
1424229025121	37.499961	139.934059	6	0.362	-1.273	9.376	5.025
1424229025222	37.499961	139.934054	6	0.393	-1.386	9.346	4.895
1424229025323	37.499962	139.934050	6	0.397	-1.443	9.455	4.769
1424229025419	37.499963	139.934045	6	0.379	-1.420	9.443	4.652
1424229025519	37.499963	139.934041	6	0.335	-1.466	9.424	4.534
1424229025620	37.499964	139.934036	6	0.349	-1.500	9.482	4.417
1424229025721	37.499965	139.934032	6	0.363	-1.551	9.463	4.304
1424229025821	37.499965	139.934028	6	0.394	-1.495	9.397	4.158
1424229025922	37.499965	139.934025	6	0.390	-1.498	9.394	3.981
1424229026023	37.499966	139.934022	6	0.410	-1.490	9.455	3.810
1424229026123	37.499966	139.934019	6	0.481	-1.460	9.477	3.647
1424229026219	37.499966	139.934016	6	0.495	-1.436	9.367	3.497
1424229026320	37.499966	139.934014	6	0.495	-1.470	9.315	3.345
1424229026421	37.499966	139.934011	6	0.497	-1.518	9.406	3.200
1424229026521	37.499967	139.934009	6	0.484	-1.504	9.439	3.063
1424229026622	37.499967	139.934006	6	0.412	-1.493	9.369	2.931
1424229026723	37.499967	139.934004	6	0.339	-1.521	9.448	2.806
1424229026823	37.499968	139.934002	5	0.442	-1.557	9.534	2.665
1424229026919	37.499969	139.934000	5	0.472	-1.489	9.459	2.517
1424229027020	37.499970	139.933999	5	0.434	-1.514	9.409	2.369
1424229027120	37.499971	139.933997	5	0.478	-1.506	9.438	2.229
1424229027221	37.499972	139.933996	5	0.558	-1.510	9.422	2.095
1424229027322	37.499973	139.933994	5	0.561	-1.554	9.457	1.969
1424229027423	37.499973	139.933993	5	0.516	-1.526	9.416	1.850
1424229027523	37.499974	139.933992	5	0.461	-1.512	9.397	1.740
1424229027619	37.499975	139.933991	5	0.463	-1.481	9.489	1.642
1424229027720	37.499976	139.933989	5	0.408	-1.229	9.483	1.545
1424229027820	37.499976	139.933988	6	0.275	-0.907	9.443	1.470
1424229027921	37.499977	139.933987	6	0.195	-0.675	9.400	1.412
1424229028022	37.499978	139.933986	6	0.162	-0.586	9.384	1.355
1424229028123	37.499979	139.933985	6	0.221	-0.588	9.450	1.301
1424229028223	37.499980	139.933984	6	0.192	-0.522	9.413	1.249
1424229028319	37.499981	139.933984	6	0.091	-0.475	9.422	1.201
1424229028420	37.499982	139.933983	6	0.172	-0.597	9.543	1.152
1424229028520	37.499982	139.933982	6	0.243	-0.712	9.598	1.106
1424229028621	37.499983	139.933981	6	0.287	-0.679	9.407	1.062
1424229028722	37.499984	139.933980	6	0.257	-0.614	9.267	1.019
1424229028822	37.499984	139.933980	6	0.221	-0.640	9.381	0.966
1424229028923	37.499984	139.933979	6	0.216	-0.662	9.467	0.902
1424229029019	37.499984	139.933979	6	0.235	-0.620	9.377	0.844
1424229029120	37.499984	139.933978	6	0.235	-0.564	9.354	0.787
1424229029220	37.499984	139.933978	6	0.189	-0.544	9.409	0.734
1424229029321	37.499984	139.933977	6	0.192	-0.565	9.450	0.683
1424229029422	37.499984	139.933977	6	0.186	-0.601	9.419	0.636
1424229029522	37.499984	139.933977	6	0.169	-0.611	9.589	0.593
1424229029623	37.499984	139.933976	6	0.216	-0.638	9.532	0.553
1424229029719	37.499984	139.933976	6	0.251	-0.648	9.450	0.517
1424229029820	37.499984	139.933976	5	0.264	-0.635	9.410	0.451
1424229029920	37.499983	139.933975	5	0.254	-0.653	9.433	0.361
1424229030021	37.499982	139.933975	5	0.249	-0.666	9.428	0.281
1424229030122	37.499982	139.933975	5	0.235	-0.675	9.400	0.210
1424229030222	37.499981	139.933975	5	0.176	-0.593	9.436	0.150
1424229030323	37.499981	139.933974	5	0.105	-0.363	9.458	0.100
1424229030419	37.499980	139.933974	5	0.059	-0.150	9.422	0.062
1424229030519	37.499980	139.933974	5	0.051	-0.053	9.369	0.032
1424229030620	37.499980	139.933974	5	0.076	-0.114	9.369	0.011
1424229030721	37.499980	139.933974	5	0.095	-0.183	9.427	0.001
1424229055616	37.500024	139.933807	5	0.004	0.084	9.398	2.750
1424229055621	37.500024	139.933807	5	0.003	0.083	9.393	2.750
1424229055722	37.500025	139.933804	5	0.037	-0.024	9.441	2.750
1424229055822	37.500025	139.933801	4	0.018	-0.211	9.473	2.750
1424229055923	37.500025	139.933799	4	-0.022	-0.270	9.425	2.750
1424229056019	37.500025	139.933796	4	0.025	-0.234	9.531	2.750
1424229056119	37.500026	139.933793	4	-0.014	-0.189	9.502	2.750
1424229056220	37.500026	139.933790	4	-0.079	-0.202	9.310	2.750
1424229056321	37.500026	139.933787	4	-0.146	-0.280	9.338	2.750
1424229056422	37.500026	139.933784	4	-0.276	-0.382	9.466	2.750
1424229056522	37.500026	139.933781	4	-0.473	-0.295	9.150	2.750
1424229056623	37.500027	139.933778	4	-0.563	-0.280	9.222	2.750
1424229056719	37.500027	139.933775	4	-0.592	-0.402	9.545	2.750
1424229056819	37.500027	139.933773	4	-0.499	-0.567	9.616	2.750
1424229056920	37.500028	139.933770	4	-0.419	-0.707	9.469	2.750
1424229057021	37.500028	139.933767	4	-0.471	-0.700	9.326	2.750
1424229057121	37.500028	139.933764	4	-0.502	-0.618	9.333	2.750
1424229057222	37.500029	139.933761	4	-0.502	-0.535	9.404	2.750
1424229057323	37.500029	139.933758	4	-0.486	-0.529	9.272	2.750
1424229057419	37.500030	139.933755	4	-0.717	-0.542	9.027	2.750
1424229057519	37.500030	139.933752	4	-0.693	-0.585	9.222	2.750
1424229057620	37.500030	139.933749	4	-0.097	-0.822	10.284	2.750
1424229057721	37.500031	139.933746	4	-0.359	-0.750	9.706	2.750
1424229057821	37.500031	139.933743	5	-0.759	-0.610	8.972	2.737
1424229057922	37.500031	139.933740	5	-0.667	-0.511	9.076	2.710
1424229058023	37.500031	139.933737	5	-0.448	-0.772	9.905	2.685
1424229058123	37.500031	139.933734	5	-0.189	-0.762	10.163	2.659
1424229058219	37.500031	139.933732	5	-0.460	-0.524	9.066	2.635
1424229058320	37.500032	139.933729	5	-0.605	-0.357	8.748	2.610
1424229058421	37.500032	139.933726	5	-0.557	-0.352	9.288	2.585
1424229058521	37.500032	139.933723	5	-0.733	-0.567	9.598	2.560
1424229058622	37.500032	139.933720	5	-1.133	-0.580	9.293	2.535
1424229058723	37.500032	139.933717	5	-1.079	-0.688	9.427	2.511
1424229058823	37.500032	139.933715	5	-1.172	-0.841	9.508	2.500
1424229058919	37.500031	139.933712	5	-1.289	-0.781	9.160	2.500
1424229059020	37.500031	139.933709	5	-0.890	-0.774	9.595	2.500
1424229059121	37.500030	139.933707	5	-0.615	-0.854	9.854	2.500
1424229059221	37.500030	139.933704	5	-0.342	-0.730	9.607	2.500
1424229059322	37.500029	139.933701	5	-0.337	-0.478	9.021	2.500
1424229059423	37.500029	139.933698	5	-0.473	-0.292	8.999	2.500
1424229059523	37.500028	139.933696	5	-0.684	-0.275	9.356	2.500
1424229059619	37.500028	139.933693	5	-1.170	-0.411	9.312	2.500
1424229059720	37.500027	139.933690	5	-1.391	-0.805	9.580	2.500
1424229059820	37.500027	139.933688	4	-1.367	-1.008	9.835	2.500
1424229059921	37.500026	139.933686	4	-1.273	-0.771	9.393	2.500
1424229060022	37.500025	139.933683	4	-1.120	-0.509	9.218	2.500
1424229060123	37.500024	139.933681	4	-0.860	-0.289	9.321	2.500
1424229060223	37.500023	139.933679	4	-0.704	-0.314	9.334	2.500
1424229060319	37.500022	139.933676	4	-0.780	-0.439	9.212	2.500
1424229060420	37.500021	139.933674	4	-1.049	-0.384	9.218	2.500
1424229060520	37.500020	139.933672	4	-1.197	-0.249	9.542	2.500
1424229068617	37.499756	139.933593	10	-1.324	-0.171	9.466	3.750
1424229068622	37.499756	139.933593	10	-1.318	-0.168	9.441	3.750
1424229068723	37.499752	139.933592	10	-0.772	-0.226	9.305	3.750
1424229068819	37.499748	139.933590	10	-0.401	-0.257	9.286	3.750
1424229068919	37.499744	139.933589	10	-0.098	-0.361	9.375	3.750
1424229069020	37.499741	139.933588	10	0.028	-0.389	9.410	3.750
1424229069121	37.499737	139.933586	10	0.103	-0.335	9.412	3.750
1424229069221	37.499733	139.933585	10	0.149	-0.358	9.446	3.750
1424229069322	37.499730	139.933584	10	0.072	-0.404	9.405	3.750
1424229069423	37.499726	139.933583	10	0.054	-0.419	9.408	3.750
1424229069519	37.499722	139.933581	10	0.101	-0.448	9.565	3.750
1424229069619	37.499719	139.933580	10	0.141	-0.448	9.399	3.750
1424229069720	37.499715	139.933579	10	0.112	-0.393	9.304	3.750
1424229069821	37.499711	139.933577	9	0.100	-0.362	9.431	3.762
1424229069921	37.499707	139.933575	9	0.122	-0.405	9.485	3.787
1424229070022	37.499703	139.933574	9	0.102	-0.427	9.399	3.811
1424229070123	37.499699	139.933572	9	0.069	-0.397	9.386	3.836
1424229070219	37.499695	139.933571	9	0.086	-0.357	9.431	3.860
1424229070319	37.499691	139.933569	9	0.128	-0.432	9.496	3.885
1424229070420	37.499687	139.933567	9	0.091	-0.386	9.373	3.911
1424229070521	37.499682	139.933565	9	0.098	-0.345	9.425	3.936
1424229070621	37.499678	139.933564	9	0.066	-0.373	9.397	3.962
1424229070722	37.499674	139.933562	9	0.070	-0.412	9.357	3.988
1424229070823	37.499670	139.933560	10	-0.068	-0.408	9.460	4.000
1424229070923	37.499666	139.933558	10	0.025	-0.351	9.458	4.000
1424229071019	37.499662	139.933557	10	-0.012	-0.352	9.405	4.000
1424229071120	37.499658	139.933555	10	0.055	-0.361	9.498	4.000
1424229071221	37.499654	139.933553	10	0.059	-0.369	9.446	4.000
1424229071322	37.499650	139.933552	10	0.006	-0.351	9.445	4.000
1424229071422	37.499647	139.933550	10	-0.011	-0.330	9.390	4.000
1424229071523	37.499643	139.933548	10	0.008	-0.288	9.450	4.000
1424229071623	37.499639	139.933547	10	0.019	-0.149	9.374	4.000
1424229071719	37.499635	139.933545	10	0.071	-0.123	9.398	4.000
1424229071820	37.499631	139.933543	11	0.017	-0.129	9.379	4.000
1424229071920	37.499627	139.933542	11	-0.057	-0.147	9.338	4.000
1424229072021	37.499623	139.933540	11	-0.092	-0.238	9.401	4.000
1424229072122	37.499619	139.933538	11	-0.073	-0.342	9.495	4.000
1424229072223	37.499614	139.933537	11	-0.026	-0.316	9.398	4.000
1424229072323	37.499610	139.933535	11	0.027	-0.296	9.382	4.000
1424229072419	37.499606	139.933534	11	0.045	-0.300	9.363	4.000
1424229072520	37.499602	139.933532	11	0.083	-0.340	9.491	4.000
1424229072620	37.499598	139.933530	11	0.024	-0.353	9.455	4.000
1424229072721	37.499594	139.933529	11	-0.026	-0.294	9.319	4.000
1424229072822	37.499590	139.933527	11	0.068	-0.390	9.569	3.987
1424229072922	37.499587	139.933526	11	0.053	-0.389	9.503	3.961
1424229073023	37.499584	139.933525	11	0.037	-0.367	9.348	3.935
1424229073119	37.499581	139.933523	11	0.051	-0.431	9.384	3.911
1424229073220	37.499578	139.933522	11	0.076	-0.487	9.471	3.886
1424229073320	37.499575	139.933521	11	0.052	-0.497	9.474	3.861
1424229073421	37.499572	139.933519	11	0.045	-0.465	9.400	3.835
1424229073522	37.499569	139.933518	11	0.071	-0.521	9.369	3.810
1424229073622	37.499565	139.933517	11	0.125	-0.552	9.462	3.786
1424229073723	37.499562	139.933516	11	0.131	-0.579	9.474	3.761
1424229073819	37.499560	139.933514	10	0.106	-0.607	9.316	3.737
1424229073920	37.499557	139.933513	10	0.168	-0.657	9.377	3.711
1424229074020	37.499555	139.933512	10	0.203	-0.739	9.471	3.686
1424229074121	37.499553	139.933510	10	0.193	-0.788	9.392	3.660
1424229074222	37.499550	139.933509	10	0.185	-0.803	9.382	3.635
1424229074322	37.499548	139.933508	10	0.198	-0.835	9.479	3.610
1424229074423	37.499546	139.933506	10	0.179	-0.853	9.404	3.585
1424229074519	37.499544	139.933505	10	0.150	-0.903	9.372	3.561
1424229074619	37.499541	139.933504	10	0.111	-0.905	9.447	3.537
1424229074720	37.499539	139.933503	10	0.123	-0.876	9.474	3.512
1424229074821	37.499537	139.933501	9	0.175	-0.831	9.481	3.487
1424229074922	37.499535	139.933500	9	0.204	-0.756	9.392	3.461
1424229075022	37.499534	139.933499	9	0.175	-0.629	9.408	3.435
1424229075123	37.499532	139.933497	9	0.078	-0.446	9.376	3.410
1424229075219	37.499531	139.933496	9	0.042	-0.333	9.335	3.385
1424229075319	37.499529	139.933495	9	0.034	-0.327	9.415	3.360
1424229075420	37.499527	139.933493	9	-0.043	-0.374	9.514	3.335
1424229075521	37.499526	139.933492	9	-0.059	-0.325	9.387	3.311
1424229075621	37.499524	139.933491	9	0.008	-0.256	9.286	3.286
1424229075722	37.499523	139.933490	9	0.044	-0.231	9.387	3.262
1424229075823	37.499522	139.933488	9	0.058	-0.209	9.397	3.099
1424229075919	37.499522	139.933487	9	0.041	-0.223	9.362	2.839
1424229076019	37.499523	139.933486	9	0.026	-0.272	9.466	2.586
1424229076120	37.499523	139.933485	9	0.024	-0.318	9.474	2.348
1424229076221	37.499523	139.933485	9	0.032	-0.357	9.394	2.128
1424229076321	37.499523	139.933484	9	0.014	-0.377	9.402	1.928
1424229076422	37.499524	139.933483	9	0.038	-0.387	9.416	1.744
1424229076523	37.499524	139.933482	9	0.032	-0.398	9.403	1.579
1424229076624	37.499524	139.933482	9	0.008	-0.390	9.422	1.431
1424229076719	37.499524	139.933481	9	0.007	-0.402	9.434	1.309
1424229076820	37.499524	139.933480	8	0.050	-0.429	9.389	1.197
1424229076921	37.499524	139.933479	8	0.085	-0.423	9.378	1.096
1424229077021	37.499524	139.933478	8	0.049	-0.388	9.376	1.001
1424229077122	37.499524	139.933477	8	0.047	-0.402	9.443	0.913
1424229077223	37.499525	139.933476	8	0.018	-0.418	9.413	0.831
1424229077323	37.499525	139.933475	8	0.079	-0.436	9.385	0.756
1424229077419	37.499525	139.933474	8	0.162	-0.458	9.443	0.690
1424229077520	37.499525	139.933474	8	0.140	-0.457	9.401	0.627
1424229077621	37.499525	139.933473	8	0.078	-0.459	9.350	0.571
1424229077721	37.499525	139.933472	8	0.052	-0.448	9.387	0.522
1424229077822	37.499526	139.933471	7	0.068	-0.458	9.410	0.449
1424229077923	37.499527	139.933468	7	0.078	-0.466	9.365	0.359
1424229078023	37.499529	139.933466	7	0.030	-0.376	9.395	0.279
1424229078119	37.499530	139.933465	7	-0.006	-0.202	9.422	0.212
1424229078220	37.499531	139.933463	7	-0.019	-0.006	9.370	0.151
1424229078320	37.499531	139.933462	7	-0.054	0.115	9.331	0.101
1424229078421	37.499532	139.933461	7	-0.073	0.094	9.335	0.061
1424229078522	37.499533	139.933460	7	-0.064	0.003	9.346	0.031
1424229078623	37.499533	139.933459	7	-0.042	-0.042	9.378	0.011
1424229078723	37.499533	139.933459	7	-0.057	-0.021	9.370	0.001
1424229137617	37.497826	139.932729	14	-0.053	0.018	9.356	7.961
1424229137622	37.497826	139.932729	14	-0.052	0.018	9.356	7.962
1424229137723	37.497816	139.932726	14	0.017	-0.048	9.395	7.988
1424229137819	37.497811	139.932723	15	0.038	-0.125	9.361	7.839
1424229137919	37.497809	139.932721	15	0.135	-0.125	9.237	7.518
1424229138020	37.497807	139.932719	15	0.168	-0.139	9.356	7.205
1424229138121	37.497806	139.932717	15	0.142	-0.149	9.459	6.905
1424229138222	37.497804	139.932715	15	0.120	-0.198	9.469	6.616
1424229138322	37.497802	139.932714	15	0.082	-0.218	9.309	6.341
1424229138423	37.497801	139.932712	15	0.047	-0.193	9.397	6.075
1424229138519	37.497799	139.932711	15	0.013	-0.230	9.454	5.833
1424229138619	37.497798	139.932709	15	0.026	-0.229	9.350	5.592
1424229138720	37.497797	139.932708	15	0.063	-0.213	9.444	5.360
1424229138821	37.497794	139.932706	15	0.081	-0.210	9.518	5.250
1424229138922	37.497789	139.932703	15	0.067	-0.211	9.370	5.250
1424229139022	37.497784	139.932700	15	0.150	-0.232	9.309	5.250
1424229139123	37.497780	139.932697	15	0.189	-0.251	9.475	5.250
1424229139219	37.497775	139.932694	15	0.162	-0.276	9.401	5.250
1424229139319	37.497771	139.932691	15	0.199	-0.302	9.312	5.250
1424229139420	37.497766	139.932688	15	0.219	-0.336	9.362	5.250
1424229139521	37.497761	139.932685	15	0.185	-0.400	9.468	5.250
1424229139621	37.497757	139.932682	15	0.142	-0.454	9.521	5.250
1424229139722	37.497752	139.932679	15	0.188	-0.433	9.394	5.250
1424229139823	37.497746	139.932677	16	0.187	-0.409	9.283	5.207
1424229139924	37.497739	139.932675	16	0.157	-0.399	9.397	5.127
1424229140019	37.497733	139.932674	16	0.138	-0.419	9.486	5.052
1424229140120	37.497726	139.932672	16	0.146	-0.412	9.384	4.974
1424229140221	37.497719	139.932670	16	0.126	-0.372	9.415	4.897
1424229140321	37.497712	139.932669	16	0.071	-0.368	9.514	4.822
1424229140422	37.497706	139.932667	16	0.076	-0.353	9.403	4.748
1424229140523	37.497699	139.932666	16	0.118	-0.375	9.260	4.675
1424229140624	37.497693	139.932664	16	0.141	-0.402	9.419	4.602
1424229140719	37.497687	139.932663	16	0.182	-0.431	9.593	4.535
1424229140820	37.497682	139.932661	16	0.141	-0.397	9.423	4.500
1424229140921	37.497678	139.932660	16	0.174	-0.392	9.313	4.500
1424229141021	37.497674	139.932659	16	0.250	-0.430	9.400	4.500
1424229141122	37.497670	139.932658	16	0.237	-0.449	9.377	4.500
1424229141223	37.497666	139.932657	16	0.188	-0.426	9.339	4.500
1424229141323	37.497662	139.932656	16	0.148	-0.431	9.462	4.500
1424229141419	37.497658	139.932656	16	0.164	-0.444	9.528	4.500
1424229141520	37.497654	139.932655	16	0.172	-0.324	9.471	4.500
1424229141620	37.497650	139.932653	16	0.085	-0.195	9.408	4.500
1424229141721	37.497646	139.932652	16	0.041	-0.116	9.420	4.500
1424229141822	37.497643	139.932651	14	-0.004	-0.087	9.352	4.473
1424229141923	37.497641	139.932650	14	0.054	-0.143	9.400	4.420
1424229142023	37.497639	139.932649	14	0.051	-0.163	9.387	4.368
1424229142119	37.497637	139.932648	14	0.081	-0.121	9.357	4.319
1424229142220	37.497635	139.932647	14	0.113	-0.161	9.478	4.268
1424229142320	37.497633	139.932646	14	0.205	-0.261	9.444	4.218
1424229142421	37.497631	139.932645	14	0.248	-0.338	9.291	4.168
1424229142522	37.497630	139.932644	14	0.275	-0.398	9.335	4.119
1424229142622	37.497628	139.932643	14	0.227	-0.491	9.445	4.070
1424229142723	37.497626	139.932641	14	0.133	-0.533	9.523	4.022
1424229142819	37.497623	139.932640	14	0.090	-0.516	9.381	4.000
1424229142920	37.497619	139.932637	14	0.112	-0.532	9.413	4.000
1424229143020	37.497615	139.932635	14	0.207	-0.555	9.502	4.000
1424229143121	37.497611	139.932633	14	0.249	-0.483	9.366	4.000
1424229143222	37.497607	139.932630	14	0.319	-0.483	9.308	4.000
1424229143322	37.497603	139.932628	14	0.338	-0.570	9.450	4.000
1424229143423	37.497599	139.932625	14	0.280	-0.634	9.517	4.000
1424229143519	37.497595	139.932623	14	0.233	-0.672	9.403	4.000
1424229143619	37.497591	139.932621	14	0.260	-0.770	9.384	4.000
1424229143720	37.497587	139.932618	14	0.273	-0.841	9.433	4.000
1424229143821	37.497583	139.932617	14	0.205	-0.848	9.421	3.987
1424229143922	37.497580	139.932616	14	0.206	-0.859	9.410	3.961
1424229144022	37.497577	139.932615	14	0.216	-0.867	9.481	3.935
1424229144123	37.497574	139.932615	14	0.199	-0.893	9.485	3.910
1424229144219	37.497571	139.932614	14	0.224	-0.922	9.446	3.886
1424229144319	37.497568	139.932614	14	0.222	-0.879	9.388	3.861
1424229144420	37.497565	139.932613	14	0.208	-0.884	9.398	3.836
1424229144521	37.497562	139.932612	14	0.230	-0.885	9.421	3.811
1424229144622	37.497559	139.932612	14	0.245	-0.871	9.453	3.786
1424229144722	37.497556	139.932611	14	0.226	-0.884	9.419	3.762
1424229144823	37.497555	139.932611	16	0.222	-0.858	9.424	3.689
1424229144919	37.497554	139.932612	16	0.225	-0.843	9.409	3.581
1424229145019	37.497554	139.932613	16	0.242	-0.831	9.425	3.472
1424229145120	37.497554	139.932614	16	0.213	-0.877	9.459	3.365
1424229145221	37.497554	139.932615	16	0.204	-0.875	9.461	3.261
1424229145321	37.497553	139.932616	16	0.179	-0.817	9.425	3.161
1424229145422	37.497553	139.932616	16	0.126	-0.680	9.432	3.063
1424229145523	37.497553	139.932617	16	0.031	-0.483	9.439	2.968
1424229145619	37.497552	139.932618	16	-0.041	-0.312	9.396	2.881
1424229145719	37.497552	139.932619	16	-0.014	-0.191	9.337	2.794
1424229145821	37.497554	139.932621	22	0.008	-0.142	9.392	2.593
1424229145921	37.497558	139.932624	22	-0.031	-0.123	9.372	2.301
1424229146021	37.497562	139.932627	22	-0.051	-0.104	9.373	2.033
1424229146122	37.497565	139.932630	22	-0.060	-0.085	9.397	1.785
1424229146223	37.497568	139.932632	22	-0.066	-0.083	9.408	1.561
1424229146319	37.497571	139.932634	22	-0.067	-0.078	9.400	1.369
1424229146419	37.497573	139.932636	22	-0.078	-0.063	9.396	1.192
1424229146520	37.497575	139.932638	22	-0.073	-0.127	9.399	1.036
1424229146621	37.497577	139.932639	22	-0.036	-0.239	9.386	0.903
1424229146721	37.497578	139.932641	22	-0.013	-0.305	9.413	0.795
1424229146822	37.497580	139.932641	22	-0.013	-0.365	9.427	0.674
1424229146923	37.497582	139.932640	22	0.026	-0.428	9.430	0.538
1424229147023	37.497583	139.932639	22	0.035	-0.477	9.419	0.419
1424229147119	37.497585	139.932639	22	0.010	-0.508	9.430	0.318
1424229147220	37.497586	139.932638	22	-0.017	-0.484	9.422	0.227
1424229147321	37.497587	139.932638	22	0.019	-0.432	9.394	0.151
1424229147421	37.497588	139.932637	22	0.029	-0.316	9.420	0.091
1424229147522	37.497588	139.932637	22	-0.017	-0.205	9.431	0.046
1424229147623	37.497589	139.932637	22	-0.059	-0.110	9.395	0.016
1424229147723	37.497589	139.932637	22	-0.049	-0.065	9.362	0.002
1424229214619	37.496134	139.931922	17	-0.119	0.203	9.425	7.132
1424229214719	37.496127	139.931915	17	-0.001	0.136	9.527	7.210
1424229214820	37.496121	139.931908	14	0.037	0.017	9.351	7.250
1424229214921	37.496114	139.931902	14	0.127	-0.036	9.335	7.250
1424229215022	37.496108	139.931896	14	0.231	-0.039	9.451	7.250
1424229215122	37.496101	139.931891	14	0.267	-0.046	9.351	7.250
1424229215223	37.496095	139.931885	14	0.258	-0.083	9.397	7.250
1424229215319	37.496088	139.931879	14	0.225	-0.129	9.634	7.250
1424229215419	37.496082	139.931873	14	0.099	-0.082	9.470	7.250
1424229215520	37.496075	139.931868	14	0.129	-0.017	9.235	7.250
1424229215621	37.496069	139.931862	14	0.075	-0.049	9.334	7.250
1424229215721	37.496062	139.931856	14	0.057	-0.045	9.418	7.250
1424229215822	37.496056	139.931851	13	-0.011	-0.017	9.439	7.223
1424229215923	37.496051	139.931849	13	0.014	-0.130	9.478	7.171
1424229216019	37.496045	139.931846	13	-0.028	-0.130	9.370	7.122
1424229216119	37.496040	139.931843	13	-0.055	-0.125	9.308	7.071
1424229216220	37.496035	139.931840	13	0.005	-0.080	9.320	7.021
1424229216321	37.496029	139.931837	13	0.044	-0.108	9.510	6.970
1424229216421	37.496024	139.931835	13	-0.009	-0.015	9.422	6.920
1424229216522	37.496019	139.931832	13	0.032	0.064	8.989	6.871
1424229216623	37.496014	139.931829	13	-0.010	0.031	9.087	6.821
1424229216724	37.496008	139.931826	13	-0.166	-0.247	9.857	6.772
1424229216819	37.496003	139.931822	13	-0.380	-0.298	10.005	6.738
1424229216920	37.495998	139.931816	13	-0.382	-0.205	9.359	6.712
1424229217021	37.495993	139.931811	13	-0.360	-0.190	9.323	6.686
1424229217121	37.495988	139.931805	13	-0.338	-0.222	9.380	6.661
1424229217222	37.495983	139.931799	13	-0.282	-0.025	9.301	6.636
1424229217323	37.495978	139.931794	13	-0.442	0.006	9.424	6.611
1424229217423	37.495972	139.931788	13	-0.505	-0.082	9.602	6.586
1424229217519	37.495968	139.931783	13	-0.353	-0.125	9.519	6.562
1424229217620	37.495963	139.931777	13	-0.147	-0.083	9.429	6.537
1424229217721	37.495957	139.931772	13	-0.187	-0.013	9.231	6.512
1424229217821	37.495953	139.931768	13	-0.172	-0.029	9.178	6.487
1424229217922	37.495948	139.931766	13	-0.123	-0.152	9.352	6.461
1424229218023	37.495943	139.931764	13	-0.040	-0.227	9.651	6.436
1424229218123	37.495938	139.931761	13	-0.020	-0.247	9.658	6.411
1424229218219	37.495934	139.931759	13	0.022	-0.265	9.276	6.387
1424229218320	37.495929	139.931757	13	-0.052	-0.237	9.282	6.361
1424229218420	37.495924	139.931755	13	-0.145	-0.177	9.425	6.336
1424229218521	37.495920	139.931753	13	-0.064	-0.139	9.386	6.311
1424229218622	37.495915	139.931751	13	0.040	-0.165	9.615	6.286
1424229218723	37.495910	139.931749	13	0.089	-0.132	9.603	6.262
1424229218823	37.495906	139.931746	13	0.041	0.004	9.246	6.222
1424229218919	37.495904	139.931742	13	0.058	0.052	9.276	6.173
1424229219020	37.495901	139.931737	13	-0.002	0.008	9.454	6.121
1424229219120	37.495898	139.931733	13	-0.079	0.101	9.498	6.070
1424229219221	37.495895	139.931729	13	-0.052	0.158	9.324	6.019
1424229219322	37.495892	139.931725	13	-0.064	0.059	9.303	5.969
1424229219422	37.495889	139.931721	13	-0.101	0.017	9.395	5.919
1424229219523	37.495886	139.931717	13	-0.163	-0.045	9.354	5.870
1424229219619	37.495883	139.931713	13	-0.118	-0.212	9.496	5.823
1424229219720	37.495880	139.931709	13	-0.042	-0.278	9.563	5.774
1424229219820	37.495875	139.931705	15	0.022	-0.248	9.424	5.785
1424229219921	37.495868	139.931701	15	0.093	-0.282	9.425	5.857
1424229220022	37.495860	139.931698	15	-0.014	-0.162	9.303	5.930
1424229220122	37.495853	139.931694	15	-0.005	-0.245	9.528	6.004
1424229220223	37.495845	139.931690	15	0.075	-0.216	9.465	6.078
1424229220319	37.495838	139.931686	15	0.040	-0.133	9.229	6.150
1424229220420	37.495830	139.931682	15	-0.021	-0.038	9.006	6.227
1424229220520	37.495822	139.931678	15	0.074	-0.117	9.063	6.304
1424229220621	37.495814	139.931674	15	-0.003	-0.368	9.644	6.382
1424229220722	37.495806	139.931670	15	-0.242	-0.300	9.656	6.462
1424229220822	37.495798	139.931665	16	-0.343	-0.170	9.102	6.500
1424229220923	37.495790	139.931660	16	-0.362	-0.297	9.182	6.500
1424229221024	37.495781	139.931655	16	-0.563	-0.486	9.775	6.500
1424229221119	37.495774	139.931650	16	-0.660	-0.394	9.676	6.500
1424229221225	37.495765	139.931645	16	-0.770	-0.126	9.189	6.500
1424229221321	37.495757	139.931640	16	-0.820	-0.209	9.266	6.500
1424229221420	37.495749	139.931635	16	-0.873	-0.300	9.562	6.500
1424229221522	37.495741	139.931630	16	-0.789	-0.261	9.486	6.500
1424229221621	37.495733	139.931625	16	-0.781	-0.128	9.373	6.500
1424229221719	37.495725	139.931620	16	-0.720	-0.212	9.312	6.500
1424229221819	37.495718	139.931615	16	-0.630	-0.202	9.345	6.524
1424229221920	37.495711	139.931610	16	-0.559	-0.184	9.455	6.573
1424229222021	37.495705	139.931605	16	-0.487	-0.152	9.469	6.622
1424229222121	37.495698	139.931600	16	-0.615	-0.119	9.350	6.671
1424229222222	37.495692	139.931595	16	-0.687	-0.252	9.365	6.721
1424229222323	37.495685	139.931590	16	-0.663	-0.209	9.252	6.772
1424229222419	37.495679	139.931585	16	-0.651	-0.168	9.276	6.820
1424229222519	37.495672	139.931580	16	-0.648	-0.164	9.443	6.871
1424229244615	37.494293	139.931129	13	-0.705	-0.255	9.406	6.288
1424229244620	37.494293	139.931129	13	-0.700	-0.270	9.389	6.287
1424229244720	37.494287	139.931129	13	-0.315	-0.258	9.354	6.262
1424229244821	37.494282	139.931128	13	-0.072	-0.252	9.555	6.223
1424229244922	37.494277	139.931126	13	0.148	-0.214	9.574	6.171
1424229245022	37.494273	139.931124	13	0.180	-0.180	9.479	6.120
1424229245119	37.494268	139.931121	13	0.132	-0.150	9.211	6.071
1424229245219	37.494264	139.931119	13	0.122	-0.219	9.333	6.020
1424229245319	37.494259	139.931117	13	0.091	-0.275	9.503	5.970
1424229245420	37.494255	139.931115	13	0.094	-0.166	9.454	5.920
1424229245521	37.494251	139.931113	13	0.091	-0.038	9.257	5.871
1424229273618	37.492175	139.930723	6	0.091	0.107	9.418	8.288
1424229273623	37.492175	139.930722	6	0.091	0.113	9.443	8.286
1424229273719	37.492168	139.930720	6	0.155	0.053	9.450	8.263
1424229273820	37.492160	139.930717	8	0.172	-0.112	9.417	8.250
1424229273920	37.492152	139.930714	8	0.148	-0.167	9.498	8.250
1424229274021	37.492144	139.930710	8	0.129	-0.122	9.396	8.250
1424229274122	37.492136	139.930707	8	0.186	-0.092	9.223	8.250
1424229274223	37.492128	139.930704	8	0.229	-0.148	9.418	8.250
1424229274323	37.492120	139.930700	8	0.233	-0.172	9.555	8.250
1424229274419	37.492112	139.930697	8	0.155	-0.124	9.289	8.250
1424229274520	37.492104	139.930693	8	0.070	-0.177	9.278	8.250
1424229274621	37.492096	139.930690	8	0.151	-0.226	9.476	8.250
1424229274721	37.492088	139.930687	8	0.153	-0.149	9.420	8.250
1424229274822	37.492081	139.930685	9	0.057	-0.110	9.259	8.223
1424229274923	37.492075	139.930685	9	0.060	-0.207	9.401	8.171
1424229275023	37.492069	139.930685	9	0.023	-0.265	9.457	8.121
1424229275119	37.492063	139.930685	9	0.082	-0.277	9.623	8.072
1424229275220	37.492057	139.930685	9	0.127	-0.253	9.478	8.021
1424229275320	37.492052	139.930684	9	0.151	-0.220	9.316	7.971
1424229275421	37.492046	139.930684	9	0.135	-0.219	9.377	7.921
1424229275522	37.492040	139.930684	9	0.113	-0.278	9.530	7.871
1424229275623	37.492034	139.930684	9	0.165	-0.245	9.682	7.822
1424229275723	37.492029	139.930684	9	0.258	-0.186	9.398	7.773
1424229275819	37.492022	139.930684	9	0.300	-0.231	9.283	7.738
1424229275920	37.492014	139.930684	9	0.343	-0.089	9.224	7.712
1424229276020	37.492006	139.930684	9	0.245	-0.124	9.372	7.687
1424229276121	37.491998	139.930684	9	0.084	-0.112	9.399	7.661
1424229276222	37.491990	139.930684	9	0.040	-0.147	9.401	7.636
1424229276322	37.491983	139.930684	9	0.102	-0.237	9.498	7.611
1424229276423	37.491975	139.930684	9	0.194	-0.236	9.484	7.586
1424229276519	37.491967	139.930684	9	0.250	-0.232	9.434	7.562
1424229276620	37.491960	139.930684	9	0.224	-0.147	9.371	7.537
1424229276720	37.491952	139.930684	9	0.162	-0.183	9.406	7.512
1424229276821	37.491945	139.930684	8	0.036	-0.186	9.433	7.460
1424229276922	37.491941	139.930685	8	0.027	-0.133	9.374	7.381
1424229277022	37.491936	139.930686	8	0.080	-0.152	9.372	7.304
1424229277123	37.491931	139.930687	8	0.104	-0.221	9.447	7.226
1424229277219	37.491926	139.930688	8	0.134	-0.219	9.455	7.153
1424229277319	37.491922	139.930689	8	0.187	-0.154	9.329	7.078
1424229277420	37.491917	139.930689	8	0.175	-0.194	9.264	7.004
1424229277521	37.491912	139.930690	8	0.109	-0.279	9.450	6.929
1424229277622	37.491908	139.930691	8	0.089	-0.224	9.446	6.856
1424229277722	37.491903	139.930692	8	0.091	-0.236	9.391	6.784
1424229277823	37.491898	139.930690	8	0.123	-0.340	9.323	6.723
1424229277919	37.491893	139.930687	8	0.226	-0.426	9.407	6.673
1424229278024	37.491888	139.930684	8	0.389	-0.466	9.536	6.619
1424229278120	37.491883	139.930681	8	0.384	-0.496	9.413	6.571
1424229278219	37.491879	139.930678	8	0.380	-0.523	9.319	6.521
1424229278322	37.491873	139.930675	8	0.456	-0.526	9.444	6.469
1424229278421	37.491869	139.930672	8	0.448	-0.520	9.344	6.420
1424229278523	37.491864	139.930669	8	0.453	-0.583	9.376	6.370
1424229278619	37.491859	139.930666	8	0.446	-0.578	9.491	6.323
1424229278719	37.491854	139.930663	8	0.402	-0.607	9.537	6.275
1424229278820	37.491849	139.930660	8	0.432	-0.598	9.429	6.237
1424229278921	37.491842	139.930656	8	0.378	-0.622	9.511	6.212
1424229279021	37.491836	139.930652	8	0.335	-0.547	9.322	6.186
1424229279122	37.491830	139.930648	8	0.466	-0.572	9.491	6.161
1424229279223	37.491824	139.930644	8	0.534	-0.518	9.495	6.135
1424229279319	37.491818	139.930640	8	0.533	-0.444	9.314	6.111
1424229279419	37.491811	139.930637	8	0.439	-0.452	9.303	6.087
1424229279520	37.491805	139.930633	8	0.409	-0.562	9.477	6.062
1424229279621	37.491799	139.930629	8	0.370	-0.637	9.534	6.037
1424229279721	37.491793	139.930625	8	0.339	-0.667	9.361	6.012
1424229279822	37.491789	139.930620	8	0.372	-0.626	9.431	5.894
1424229279923	37.491786	139.930615	8	0.460	-0.698	9.487	5.694
1424229280023	37.491783	139.930611	8	0.486	-0.759	9.449	5.501
1424229280119	37.491781	139.930606	8	0.536	-0.745	9.354	5.321
1424229280220	37.491779	139.930602	8	0.504	-0.737	9.398	5.139
1424229280321	37.491776	139.930597	8	0.378	-0.744	9.476	4.962
1424229280421	37.491774	139.930593	8	0.294	-0.721	9.454	4.793
1424229280522	37.491772	139.930589	8	0.235	-0.551	9.461	4.628
1424229280623	37.491770	139.930585	8	0.217	-0.257	9.329	4.470
1424229280723	37.491768	139.930582	8	0.197	-0.108	9.397	4.319
1424229280819	37.491765	139.930579	7	0.214	-0.016	9.353	4.237
1424229280920	37.491761	139.930576	7	0.165	-0.000	9.324	4.212
1424229281021	37.491758	139.930574	7	0.101	-0.015	9.412	4.186
1424229281121	37.491754	139.930572	7	0.066	-0.029	9.492	4.161
1424229281222	37.491750	139.930569	7	0.055	0.056	9.423	4.135
1424229281323	37.491747	139.930567	7	0.045	0.218	9.239	4.110
1424229281423	37.491743	139.930565	7	0.114	0.156	9.544	4.085
1424229281519	37.491740	139.930563	7	0.146	0.304	9.504	4.061
1424229300618	37.490542	139.930419	6	0.049	0.376	9.475	7.787
1424229300623	37.490541	139.930419	6	0.049	0.373	9.470	7.786
1424229300719	37.490535	139.930418	6	0.141	0.199	9.327	7.763
1424229300820	37.490528	139.930416	8	0.341	-0.119	9.166	7.711
1424229300920	37.490523	139.930413	8	0.409	-0.255	9.326	7.633
1424229301021	37.490517	139.930410	8	0.436	-0.391	9.595	7.555
1424229301122	37.490512	139.930408	8	0.324	-0.287	9.245	7.477
1424229301223	37.490507	139.930405	8	0.284	-0.480	9.274	7.401
1424229301323	37.490502	139.930402	8	0.439	-0.554	9.629	7.326
1424229301419	37.490497	139.930400	8	0.475	-0.557	9.615	7.255
1424229301520	37.490491	139.930397	8	0.405	-0.420	9.351	7.180
1424229301620	37.490486	139.930395	8	0.460	-0.507	9.312	7.108
1424229301722	37.490481	139.930392	8	0.463	-0.485	9.321	7.034
1424229301822	37.490477	139.930389	8	0.402	-0.424	9.394	6.959
1424229301922	37.490472	139.930386	8	0.354	-0.520	9.583	6.881
1424229302023	37.490467	139.930382	8	0.526	-0.589	9.365	6.802
1424229302119	37.490463	139.930379	8	0.506	-0.669	9.484	6.729
1424229302219	37.490458	139.930375	8	0.412	-0.674	9.467	6.653
1424229302320	37.490454	139.930372	8	0.413	-0.725	9.460	6.577
1424229302421	37.490449	139.930368	8	0.372	-0.665	9.262	6.502
1424229302522	37.490445	139.930365	8	0.325	-0.536	9.006	6.428
1424229302622	37.490440	139.930362	8	0.347	-0.651	9.328	6.356
1424229302723	37.490436	139.930359	8	0.477	-0.757	9.743	6.283
1424229302819	37.490431	139.930355	11	0.560	-0.791	9.761	6.197
1424229302919	37.490424	139.930350	11	0.624	-0.758	9.608	6.090
1424229303020	37.490417	139.930346	11	0.391	-0.560	8.708	5.984
1424229303121	37.490411	139.930342	11	0.359	-0.751	9.191	5.879
1424229303222	37.490405	139.930338	11	0.495	-0.998	9.889	5.776
1424229303322	37.490398	139.930333	11	0.450	-0.909	9.752	5.676
1424229303423	37.490392	139.930329	11	0.392	-0.777	9.311	5.577
1424229303519	37.490387	139.930326	11	0.388	-0.766	9.306	5.485
1424229303619	37.490381	139.930322	11	0.432	-0.978	9.536	5.390
1424229303720	37.490375	139.930318	11	0.552	-1.202	9.342	5.296
1424229303821	37.490371	139.930316	11	0.526	-1.121	9.345	5.106
1424229303922	37.490369	139.930316	11	0.395	-1.060	9.635	4.829
1424229304022	37.490367	139.930317	11	0.384	-1.250	9.585	4.567
1424229304123	37.490365	139.930317	11	0.361	-1.403	9.333	4.316
1424229304219	37.490363	139.930317	11	0.387	-1.506	9.404	4.088
1424229304319	37.490362	139.930317	11	0.361	-1.505	9.442	3.863
1424229304420	37.490360	139.930317	11	0.296	-1.437	9.366	3.648
1424229304521	37.490358	139.930318	11	0.252	-1.440	9.482	3.446
1424229304622	37.490357	139.930318	11	0.236	-1.460	9.503	3.256
1424229304723	37.490356	139.930318	11	0.225	-1.214	9.143	3.078
1424229304823	37.490353	139.930318	6	0.122	-1.124	9.431	3.000
1424229304924	37.490350	139.930318	6	-0.126	-0.999	9.759	3.000
1424229305019	37.490348	139.930318	6	-0.407	-0.734	9.445	3.000
1424229305120	37.490344	139.930318	6	-0.691	-0.416	9.005	3.000
1424229305221	37.490341	139.930318	6	-0.681	-0.387	9.293	3.000
1424229305321	37.490338	139.930319	6	-0.656	-0.511	9.773	3.000
1424229305422	37.490335	139.930319	6	-0.655	-0.482	9.536	3.000
1424229305523	37.490332	139.930319	6	-0.719	-0.353	9.017	3.000
1424229305623	37.490329	139.930319	6	-0.696	-0.296	9.195	3.000
1424229305719	37.490327	139.930319	6	-0.642	-0.298	9.482	3.000
1424229305820	37.490324	139.930320	6	-0.760	-0.230	9.547	2.987
1424229305921	37.490322	139.930322	6	-0.701	-0.276	9.561	2.961
1424229306021	37.490320	139.930325	6	-0.515	-0.343	9.610	2.935
1424229306122	37.490317	139.930327	6	-0.529	-0.192	9.309	2.910
1424229306223	37.490315	139.930329	6	-0.659	-0.283	9.227	2.884
1424229306323	37.490313	139.930331	6	-0.756	-0.521	9.297	2.859
1424229306424	37.490311	139.930334	6	-0.937	-0.867	9.490	2.834
1424229306520	37.490309	139.930336	6	-0.998	-1.051	9.680	2.810
1424229306619	37.490307	139.930338	6	-1.224	-0.841	9.496	2.786
1424229306721	37.490305	139.930340	6	-1.316	-0.679	9.353	2.762
1424229306820	37.490303	139.930342	7	-1.020	-0.658	9.383	2.762
1424229306923	37.490301	139.930345	7	-0.686	-0.660	9.538	2.787
1424229307022	37.490299	139.930348	7	-0.559	-0.558	9.429	2.811
1424229307119	37.490297	139.930351	7	-0.628	-0.239	9.242	2.835
1424229307220	37.490295	139.930354	7	-0.838	-0.078	9.400	2.860
1424229307320	37.490293	139.930357	7	-1.098	-0.126	9.348	2.885
1424229307421	37.490291	139.930360	7	-1.277	-0.003	8.835	2.910
1424229307523	37.490288	139.930363	7	-1.174	-0.057	9.177	2.936
1424229341617	37.489936	139.933032	5	-1.154	-0.338	10.009	6.824
1424229341622	37.489936	139.933032	5	-1.148	-0.357	10.013	6.822
1424229341722	37.489935	139.933039	5	-0.561	-0.580	9.921	6.773
1424229341823	37.489933	139.933046	5	-0.188	-0.643	9.852	6.708
1424229341919	37.489932	139.933052	5	-0.083	-0.552	9.544	6.633
1424229342019	37.489931	139.933059	5	0.037	-0.523	9.249	6.555
1424229342120	37.489929	139.933066	5	0.087	-0.648	9.381	6.477
1424229342221	37.489928	139.933073	5	0.078	-0.661	9.477	6.401
1424229342321	37.489927	139.933079	5	0.120	-0.615	9.395	6.326
1424229342422	37.489925	139.933086	5	0.181	-0.728	9.418	6.251
1424229342523	37.489924	139.933092	5	0.227	-0.914	9.494	6.177
1424229342619	37.489923	139.933099	5	0.300	-0.990	9.402	6.108
1424229342719	37.489922	139.933105	5	0.383	-1.023	9.342	6.036
1424229342820	37.489920	139.933110	5	0.413	-1.101	9.443	5.931
1424229342921	37.489919	139.933115	5	0.389	-1.116	9.463	5.793
1424229343021	37.489918	139.933119	5	0.331	-1.068	9.404	5.659
1424229343122	37.489917	139.933124	5	0.351	-1.088	9.475	5.527
1424229343223	37.489916	139.933128	5	0.378	-1.193	9.487	5.398
1424229343324	37.489915	139.933132	5	0.388	-1.212	9.438	5.272
1424229343419	37.489914	139.933136	5	0.393	-1.161	9.353	5.156
1424229343520	37.489913	139.933140	5	0.374	-1.159	9.414	5.035
1424229343621	37.489912	139.933143	5	0.383	-1.258	9.508	4.918
1424229343721	37.489911	139.933147	5	0.315	-1.323	9.503	4.804
1424229343822	37.489911	139.933151	5	0.338	-1.227	9.346	4.676
1424229343923	37.489910	139.933155	5	0.420	-1.175	9.440	4.534
1424229344023	37.489910	139.933158	5	0.474	-1.200	9.531	4.398
1424229344119	37.489910	139.933162	5	0.493	-1.105	9.483	4.271
1424229344220	37.489910	139.933165	5	0.519	-0.855	9.348	4.141
1424229344320	37.489909	139.933168	5	0.450	-0.679	9.385	4.016
1424229344421	37.489909	139.933172	5	0.383	-0.458	9.432	3.893
1424229344522	37.489909	139.933175	5	0.433	-0.222	9.439	3.775
1424229344623	37.489908	139.933178	5	0.563	-0.056	9.445	3.660
1424229344723	37.489908	139.933181	5	0.585	0.013	9.364	3.550
1424229344819	37.489907	139.933183	6	0.607	0.102	9.273	3.487
1424229344920	37.489906	139.933186	6	0.644	0.195	9.297	3.461
1424229345020	37.489905	139.933189	6	0.622	0.216	9.415	3.436
1424229345121	37.489903	139.933192	6	0.597	0.193	9.489	3.410
1424229345222	37.489902	139.933195	6	0.503	0.232	9.337	3.385
1424229345323	37.489901	139.933198	6	0.439	0.269	9.243	3.359
1424229345423	37.489899	139.933201	6	0.472	0.198	9.602	3.335
1424229345519	37.489898	139.933203	6	0.434	0.185	9.603	3.311
1424229345620	37.489897	139.933206	6	0.403	0.284	9.280	3.286
1424229345720	37.489896	139.933209	6	0.427	0.273	9.328	3.262
1424229345821	37.489894	139.933211	6	0.529	0.211	9.625	3.250
1424229345922	37.489891	139.933213	6	0.559	0.288	9.535	3.250
1424229346023	37.489889	139.933216	6	0.548	0.412	9.288	3.250
1424229346123	37.489887	139.933218	6	0.619	0.514	9.240	3.250
1424229346219	37.489884	139.933220	6	0.778	0.552	9.245	3.250
1424229346320	37.489882	139.933223	6	0.857	0.595	9.018	3.250
1424229346420	37.489879	139.933225	6	0.730	0.528	8.985	3.250
1424229346521	37.489877	139.933227	6	0.667	0.236	9.783	3.250
1424229346622	37.489875	139.933230	6	0.734	-0.062	10.300	3.250
1424229346722	37.489872	139.933232	6	0.819	-0.198	10.014	3.250
1424229346823	37.489870	139.933234	6	0.838	0.029	9.223	3.205
1424229346919	37.489869	139.933237	6	0.638	0.235	8.755	3.126
1424229347019	37.489867	139.933240	6	0.547	0.313	8.773	3.045
1424229347120	37.489865	139.933242	6	0.937	0.197	9.304	2.965
1424229347221	37.489864	139.933245	6	0.892	-0.464	10.775	2.888
1424229347322	37.489862	139.933247	6	1.307	-0.404	10.643	2.812
1424229347422	37.489861	139.933249	6	1.401	0.387	8.957	2.739
1424229347523	37.489859	139.933252	6	1.177	0.779	8.127	2.667
1424229347619	37.489858	139.933254	6	0.955	0.306	9.172	2.601
1424229347719	37.489857	139.933256	6	1.737	-0.395	10.757	2.534
1424229347820	37.489855	139.933257	9	1.659	-0.127	9.674	2.487
1424229347921	37.489852	139.933256	9	1.128	0.568	8.422	2.461
1424229348022	37.489849	139.933256	9	1.014	0.742	8.521	2.435
1424229348122	37.489846	139.933256	9	1.211	0.661	9.453	2.409
1424229348223	37.489843	139.933255	9	1.241	0.357	9.771	2.383
1424229348319	37.489841	139.933255	9	0.588	0.180	9.326	2.359
1424229348419	37.489838	139.933254	9	0.398	-0.010	9.047	2.335
1424229348520	37.489835	139.933254	9	0.516	0.397	9.240	2.310
1424229348621	37.489833	139.933254	9	0.994	0.542	9.416	2.286
1424229348722	37.489830	139.933253	9	1.284	0.240	9.630	2.261
1424229348822	37.489827	139.933253	11	1.177	0.139	9.290	2.284
1424229348923	37.489824	139.933252	11	1.185	0.182	9.419	2.351
1424229349019	37.489821	139.933251	11	1.109	0.255	9.376	2.417
1424229349124	37.489818	139.933249	11	1.216	0.195	9.418	2.491
1424229349220	37.489814	139.933248	11	1.410	0.078	9.504	2.561
1424229349319	37.489811	139.933247	11	1.372	0.064	9.485	2.635
1424229349421	37.489807	139.933246	11	1.129	0.085	9.424	2.714
1424229349520	37.489804	139.933245	11	0.884	0.132	9.362	2.792
1424229349623	37.489800	139.933244	11	0.811	0.098	9.344	2.876
1424229349722	37.489796	139.933243	11	0.542	0.031	9.504	2.959
1424229349819	37.489793	139.933241	11	0.232	0.050	9.887	3.023
1424229349920	37.489790	139.933239	11	0.065	0.061	9.412	3.070
1424229350021	37.489787	139.933238	11	0.150	0.041	9.300	3.118
1424229350121	37.489785	139.933236	11	0.281	0.080	9.602	3.167
1424229350222	37.489782	139.933234	11	0.535	0.218	9.486	3.216
1424229350323	37.489779	139.933232	11	0.745	0.266	9.287	3.267
1424229350423	37.489776	139.933230	11	0.675	0.152	9.308	3.318
1424229350519	37.489773	139.933228	11	0.488	0.033	9.410	3.367
1424229350620	37.489770	139.933226	11	0.414	-0.019	9.469	3.420
1424229350720	37.489767	139.933224	11	0.302	0.103	9.473	3.473
1424229350821	37.489765	139.933222	9	0.280	0.138	9.498	3.487
1424229350922	37.489763	139.933219	9	0.216	-0.002	9.438	3.461
1424229351023	37.489761	139.933217	9	0.198	-0.125	9.523	3.435
1424229351123	37.489759	139.933214	9	0.085	-0.012	9.369	3.410
1424229351219	37.489757	139.933212	9	0.235	0.086	9.089	3.385
1424229351320	37.489755	139.933210	9	0.418	0.087	9.265	3.360
1424229351420	37.489753	139.933207	9	0.550	0.078	9.438	3.335
1424229351521	37.489751	139.933205	9	0.451	0.094	9.247	3.311
1424229351622	37.489749	139.933202	9	0.478	-0.050	9.542	3.286
1424229351723	37.489747	139.933200	9	0.568	-0.132	9.665	3.261
1424229351823	37.489745	139.933198	9	0.465	-0.068	9.354	3.263
1424229351919	37.489743	139.933197	9	0.394	-0.029	9.335	3.286
1424229352020	37.489742	139.933196	9	0.270	-0.082	9.508	3.311
1424229352120	37.489740	139.933195	9	0.129	-0.077	9.465	3.335
1424229352221	37.489738	139.933194	9	-0.102	-0.038	9.251	3.360
1424229352322	37.489736	139.933192	9	0.104	-0.023	9.332	3.386
1424229352423	37.489734	139.933191	9	0.342	0.030	9.213	3.411
1424229352523	37.489733	139.933190	9	0.410	0.054	9.609	3.437
1424229352619	37.489731	139.933189	9	0.483	0.127	9.534	3.461
1424229352720	37.489729	139.933188	9	0.528	0.074	9.275	3.487
1424229352820	37.489727	139.933186	7	0.445	-0.105	9.184	3.487
1424229352921	37.489725	139.933184	7	0.442	-0.318	9.519	3.461
1424229353022	37.489723	139.933182	7	0.507	-0.470	9.720	3.435
1424229353122	37.489722	139.933180	7	0.492	-0.410	9.396	3.410
1424229353223	37.489720	139.933178	7	0.357	-0.359	9.158	3.384
1424229353319	37.489718	139.933176	7	0.240	-0.481	9.312	3.360
1424229353419	37.489716	139.933174	7	0.186	-0.550	9.651	3.336
1424229353520	37.489714	139.933172	7	0.133	-0.472	9.514	3.311
1424229353621	37.489713	139.933170	7	0.164	-0.064	8.981	3.286
1424229353722	37.489711	139.933168	7	0.179	0.142	9.114	3.262
1424229353822	37.489709	139.933166	7	0.119	0.092	9.673	3.237
1424229353923	37.489708	139.933163	7	0.111	0.016	9.680	3.210
1424229354019	37.489707	139.933161	7	0.085	0.059	9.382	3.186
1424229354119	37.489705	139.933159	7	0.123	0.104	9.329	3.160
1424229354220	37.489704	139.933156	7	0.070	0.163	9.486	3.135
1424229354321	37.489703	139.933154	7	0.068	0.255	9.257	3.110
1424229354422	37.489701	139.933152	7	0.014	0.245	9.074	3.085
1424229354522	37.489700	139.933150	7	0.132	0.087	9.615	3.060
1424229374619	37.489598	139.932460	5	0.117	0.035	9.648	3.500
1424229374719	37.489597	139.932456	5	0.033	-0.029	9.432	3.500
1424229374820	37.489596	139.932452	5	-0.106	-0.057	9.059	3.500
1424229374921	37.489595	139.932448	5	-0.148	-0.205	9.209	3.500
1424229375021	37.489594	139.932444	5	-0.140	-0.315	9.487	3.500
1424229375122	37.489593	139.932441	5	-0.251	-0.268	9.387	3.500
1424229375223	37.489592	139.932437	5	-0.335	-0.218	9.507	3.500
1424229375323	37.489591	139.932433	5	-0.301	-0.213	9.683	3.500
1424229375419	37.489591	139.932429	5	-0.170	-0.173	9.496	3.500
1424229375520	37.489590	139.932425	5	-0.052	-0.053	9.201	3.500
1424229375621	37.489588	139.932422	5	-0.048	-0.037	9.109	3.500
1424229375721	37.489587	139.932418	5	-0.068	-0.182	9.321	3.500
1424229375822	37.489586	139.932414	5	0.015	-0.359	9.528	3.487
1424229375923	37.489585	139.932410	5	0.073	-0.462	9.556	3.461
1424229376023	37.489584	139.932407	5	-0.057	-0.578	9.277	3.435
1424229376119	37.489583	139.932403	5	-0.169	-0.656	9.333	3.411
1424229376220	37.489582	139.932399	5	-0.120	-0.676	9.581	3.385
1424229376320	37.489581	139.932396	5	0.099	-0.606	9.574	3.360
1424229376421	37.489580	139.932392	5	0.167	-0.505	9.311	3.335
1424229376522	37.489579	139.932389	5	0.178	-0.420	9.291	3.310
1424229376623	37.489578	139.932385	5	0.177	-0.442	9.429	3.286
1424229376723	37.489577	139.932382	5	0.100	-0.403	9.507	3.261
1424229376819	37.489577	139.932379	5	0.068	-0.293	9.400	3.193
1424229376920	37.489576	139.932377	5	0.107	-0.139	9.311	3.077
1424229377020	37.489575	139.932374	5	0.147	-0.119	9.374	2.966
1424229377121	37.489575	139.932372	5	0.158	-0.126	9.452	2.858
1424229377222	37.489574	139.932370	5	0.057	-0.077	9.350	2.753
1424229377323	37.489573	139.932368	5	0.008	-0.154	9.366	2.652
1424229377423	37.489573	139.932366	5	0.088	-0.385	9.448	2.556
1424229377524	37.489572	139.932364	5	0.236	-0.599	9.477	2.462
1424229377620	37.489572	139.932363	5	0.259	-0.708	9.416	2.377
1424229377719	37.489571	139.932361	5	0.189	-0.769	9.368	2.292
1424229377821	37.489571	139.932359	5	0.169	-0.878	9.430	2.185
1424229377920	37.489570	139.932358	5	0.203	-0.996	9.489	2.064
1424229378022	37.489570	139.932357	5	0.268	-1.049	9.405	1.944
1424229378122	37.489570	139.932355	5	0.231	-1.068	9.381	1.833
1424229378219	37.489569	139.932354	5	0.163	-1.069	9.426	1.730
1424229378320	37.489569	139.932353	5	0.148	-1.082	9.428	1.629
1424229378420	37.489569	139.932352	5	0.158	-1.067	9.404	1.535
1424229378521	37.489569	139.932351	5	0.152	-0.971	9.413	1.446
1424229378622	37.489568	139.932350	5	0.103	-0.795	9.434	1.362
1424229378722	37.489568	139.932349	5	0.020	-0.662	9.400	1.285
1424229378823	37.489568	139.932349	4	-0.024	-0.619	9.377	1.217
1424229378919	37.489568	139.932348	4	-0.022	-0.612	9.408	1.160
1424229379019	37.489568	139.932348	4	-0.033	-0.609	9.438	1.102
1424229379120	37.489568	139.932347	4	-0.069	-0.603	9.418	1.047
1424229379221	37.489569	139.932347	4	-0.094	-0.556	9.416	0.994
1424229379322	37.489569	139.932347	4	-0.104	-0.485	9.410	0.943
1424229379422	37.489569	139.932346	4	-0.106	-0.428	9.402	0.896
1424229379523	37.489569	139.932346	4	-0.079	-0.435	9.393	0.850
1424229379619	37.489569	139.932345	4	-0.062	-0.485	9.411	0.809
1424229379719	37.489569	139.932345	4	-0.067	-0.521	9.417	0.769
1424229379820	37.489569	139.932345	4	-0.071	-0.524	9.397	0.735
1424229379921	37.489569	139.932344	4	-0.067	-0.425	9.421	0.706
1424229380021	37.489569	139.932344	4	-0.105	-0.260	9.427	0.678
1424229380122	37.489569	139.932344	4	-0.182	-0.129	9.374	0.651
1424229380223	37.489569	139.932343	4	-0.231	-0.057	9.357	0.624
1424229380319	37.489569	139.932343	4	-0.210	-0.037	9.380	0.600
1424229380419	37.489569	139.932343	4	-0.171	0.001	9.394	0.576
1424229380520	37.489569	139.932343	4	-0.162	0.021	9.383	0.553
1424229380621	37.489569	139.932342	4	-0.180	0.030	9.382	0.531
1424229380721	37.489569	139.932342	4	-0.191	0.020	9.394	0.510
1424229380822	37.489569	139.932342	5	-0.170	0.044	9.381	0.500
1424229380923	37.489569	139.932342	5	-0.165	0.049	9.395	0.500
1424229381019	37.489569	139.932341	5	-0.179	0.042	9.397	0.500
1424229381119	37.489569	139.932341	5	-0.197	0.046	9.389	0.500
1424229381220	37.489569	139.932341	5	-0.188	0.051	9.401	0.500
1424229381321	37.489570	139.932340	5	-0.178	0.024	9.409	0.500
1424229381421	37.489570	139.932340	5	-0.169	0.010	9.399	0.500
1424229381522	37.489570	139.932340	5	-0.176	0.007	9.398	0.500
1424229381623	37.489570	139.932339	5	-0.178	-0.003	9.409	0.500
1424229381723	37.489570	139.932339	5	-0.174	0.014	9.414	0.500
1424229381819	37.489570	139.932339	5	-0.171	0.029	9.406	0.500
1424229381920	37.489570	139.932339	5	-0.168	0.015	9.421	0.500
1424229382021	37.489570	139.932338	5	-0.164	0.012	9.420	0.500
1424229382121	37.489570	139.932338	5	-0.155	0.033	9.403	0.500
1424229382222	37.489570	139.932338	5	-0.157	0.064	9.410	0.500
1424229382323	37.489571	139.932337	5	-0.149	0.096	9.406	0.500
1424229382423	37.489571	139.932337	5	-0.159	0.130	9.389	0.500
1424229382519	37.489571	139.932337	5	-0.178	0.148	9.385	0.500
1424229387615	37.489598	139.932296	7	-0.197	0.170	9.395	1.250
1424229387620	37.489598	139.932296	7	-0.192	0.171	9.395	1.250
1424229387721	37.489599	139.932294	7	0.186	0.114	9.396	1.250
1424229387821	37.489601	139.932294	7	0.391	0.122	9.296	1.262
1424229387922	37.489603	139.932293	7	0.420	0.158	9.308	1.285
1424229388023	37.489604	139.932292	7	0.413	0.158	9.405	1.309
1424229388123	37.489606	139.932291	7	0.454	0.137	9.493	1.333
1424229388219	37.489608	139.932290	7	0.541	0.169	9.466	1.357
1424229388320	37.489610	139.932289	7	0.625	0.279	9.402	1.382
1424229388421	37.489611	139.932288	7	0.773	0.410	9.279	1.408
1424229388521	37.489613	139.932287	7	0.818	0.555	9.230	1.434
1424229399619	37.489923	139.932335	6	0.839	0.600	9.273	3.000
1424229399720	37.489926	139.932336	6	0.593	0.233	9.587	3.000
1424229399821	37.489928	139.932337	5	0.431	-0.103	9.895	2.939
1424229399921	37.489930	139.932338	5	0.221	-0.153	9.652	2.823
1424229400022	37.489932	139.932339	5	0.034	-0.064	9.285	2.710
1424229400123	37.489934	139.932339	5	-0.005	-0.001	9.209	2.601
1424229400219	37.489936	139.932340	5	0.084	-0.070	9.437	2.502
1424229400319	37.489938	139.932341	5	0.127	-0.051	9.483	2.401
1424229400420	37.489940	139.932341	5	-0.029	0.039	9.285	2.304
1424229400521	37.489941	139.932342	5	-0.185	0.086	9.204	2.212
1424229400621	37.489943	139.932342	5	-0.193	0.137	9.218	2.124
1424229400722	37.489944	139.932343	5	-0.242	0.153	9.246	2.039
1424229400823	37.489946	139.932343	5	-0.410	0.128	9.355	1.970
1424229400923	37.489947	139.932343	5	-0.487	0.101	9.465	1.914
1424229401019	37.489949	139.932343	5	-0.419	0.106	9.456	1.862
1424229401120	37.489950	139.932343	5	-0.359	0.149	9.347	1.809
1424229401221	37.489952	139.932343	5	-0.288	0.109	9.381	1.757
1424229401321	37.489953	139.932342	5	-0.037	-0.016	9.532	1.707
1424229401422	37.489955	139.932342	5	0.229	-0.177	9.621	1.658
1424229401523	37.489956	139.932342	5	0.292	-0.254	9.561	1.610
1424229428618	37.490201	139.930866	6	0.350	-0.088	9.225	7.000
1424229428623	37.490201	139.930865	6	0.351	-0.070	9.239	7.000
1424229428719	37.490201	139.930857	6	0.231	-0.197	9.811	7.000
1424229428820	37.490201	139.930849	6	0.083	-0.349	10.030	6.987
1424229428920	37.490201	139.930842	6	0.018	-0.168	9.326	6.962
1424229429021	37.490202	139.930835	6	-0.218	-0.084	8.997	6.936
1424229429122	37.490202	139.930828	6	0.024	-0.300	9.445	6.911
1424229429222	37.490202	139.930822	6	0.209	-0.348	9.913	6.886
1424229429323	37.490203	139.930815	6	0.062	-0.015	9.451	6.861
1424229429419	37.490203	139.930808	6	0.097	-0.008	9.224	6.837
1424229429519	37.490203	139.930801	6	0.268	-0.056	9.365	6.812
1424229429620	37.490204	139.930794	6	0.230	-0.083	9.431	6.787
1424229429721	37.490204	139.930787	6	0.174	0.089	9.472	6.762
1424229429822	37.490205	139.930780	5	0.146	0.026	9.342	6.750
1424229429922	37.490206	139.930772	5	0.129	0.001	9.097	6.750
1424229430023	37.490207	139.930765	5	0.141	-0.008	9.395	6.750
1424229430119	37.490208	139.930757	5	0.053	-0.054	9.435	6.750
1424229430219	37.490209	139.930750	5	0.029	-0.045	9.376	6.750
1424229430320	37.490211	139.930742	5	-0.018	0.008	9.233	6.750
1424229430421	37.490212	139.930735	5	-0.075	-0.104	9.382	6.750
1424229430522	37.490213	139.930727	5	0.009	-0.272	9.745	6.750
1424229430622	37.490214	139.930719	5	0.086	-0.278	9.958	6.750
1424229430723	37.490215	139.930712	5	0.161	-0.116	9.303	6.750
1424229430819	37.490216	139.930704	5	0.170	-0.091	9.198	6.738
1424229430919	37.490217	139.930697	5	0.208	-0.212	9.329	6.712
1424229431020	37.490218	139.930690	5	0.085	-0.216	9.543	6.687
1424229431121	37.490218	139.930683	5	0.001	-0.077	9.498	6.661
1424229431221	37.490219	139.930676	5	0.089	-0.100	9.412	6.636
1424229431322	37.490219	139.930668	5	0.147	-0.229	9.393	6.611
1424229431423	37.490220	139.930661	5	0.301	-0.216	9.516	6.586
1424229431519	37.490221	139.930655	5	0.252	-0.086	9.397	6.562
1424229431619	37.490221	139.930648	5	0.173	0.032	9.280	6.537
1424229446615	37.490365	139.929277	6	0.156	0.035	9.286	8.750
1424229446620	37.490365	139.929277	6	0.141	0.039	9.288	8.750
1424229446720	37.490366	139.929267	6	0.034	0.122	9.321	8.750
1424229446821	37.490366	139.929257	6	0.002	0.109	9.461	8.750
1424229446922	37.490366	139.929246	6	-0.029	-0.008	9.663	8.750
1424229447023	37.490367	139.929236	6	-0.110	-0.046	9.484	8.750
1424229447123	37.490367	139.929226	6	-0.027	-0.112	9.255	8.750
1424229447219	37.490367	139.929216	6	0.105	-0.126	9.528	8.750
1424229447320	37.490368	139.929205	6	0.083	-0.046	9.641	8.750
1424229447420	37.490368	139.929195	6	0.109	0.030	9.409	8.750
1424229447521	37.490368	139.929185	6	0.144	-0.043	9.604	8.750
1424229449616	37.490393	139.928981	4	0.137	-0.010	9.558	8.538
1424229449621	37.490393	139.928980	4	0.137	0.003	9.539	8.537
1424229449721	37.490394	139.928971	4	0.234	-0.031	9.678	8.512
1424229449822	37.490395	139.928961	5	0.150	0.103	9.106	8.487
1424229449923	37.490396	139.928952	5	0.231	-0.018	9.377	8.461
1424229450019	37.490396	139.928943	5	0.286	-0.055	9.599	8.437
1424229450119	37.490396	139.928934	5	0.285	-0.032	9.308	8.412
1424229450220	37.490397	139.928925	5	0.191	-0.115	9.258	8.387
1424229450321	37.490397	139.928916	5	0.168	-0.268	9.439	8.361
1424229450421	37.490398	139.928907	5	0.162	-0.021	9.240	8.336
1424229450522	37.490398	139.928898	5	0.212	-0.020	9.300	8.311
1424229450623	37.490398	139.928889	5	0.245	-0.111	9.502	8.286
1424229450724	37.490399	139.928880	5	0.239	-0.034	9.298	8.261
1424229450819	37.490399	139.928872	6	0.148	0.029	9.123	8.250
1424229450920	37.490400	139.928863	6	0.059	-0.087	9.307	8.250
1424229451021	37.490400	139.928854	6	0.008	-0.051	9.428	8.250
1424229451121	37.490400	139.928845	6	0.121	-0.061	9.585	8.250
1424229451222	37.490401	139.928837	6	0.285	-0.138	9.569	8.250
1424229451323	37.490401	139.928828	6	0.325	-0.142	9.568	8.250
1424229451423	37.490402	139.928819	6	0.181	-0.043	9.475	8.250
1424229451519	37.490402	139.928811	6	0.055	0.033	9.310	8.250
1424229451620	37.490402	139.928802	6	-0.074	0.111	9.266	8.250
1424229451721	37.490403	139.928793	6	0.024	0.070	9.634	8.250
1424229451821	37.490404	139.928784	6	0.128	-0.038	9.793	8.250
1424229451922	37.490405	139.928774	6	0.155	0.035	9.233	8.250
1424229452023	37.490407	139.928764	6	0.140	0.033	9.072	8.250
1424229452123	37.490408	139.928754	6	0.113	0.110	10.012	8.250
1424229452219	37.490409	139.928745	6	-0.029	0.323	9.893	8.250
1424229452320	37.490411	139.928735	6	0.083	0.242	9.422	8.250
1424229452420	37.490412	139.928725	6	0.187	0.228	9.308	8.250
1424229452521	37.490414	139.928715	6	0.145	-0.004	9.649	8.250
1424229461615	37.490541	139.927878	6	0.290	0.247	9.271	8.038
1424229461620	37.490541	139.927877	6	0.332	0.268	9.275	8.037
1424229461721	37.490542	139.927869	6	0.436	0.170	9.357	8.012
1424229461822	37.490543	139.927860	7	0.420	0.061	9.387	8.000
1424229461922	37.490544	139.927852	7	0.313	-0.017	9.371	8.000
1424229462023	37.490546	139.927843	7	0.245	-0.080	9.641	8.000
1424229462119	37.490547	139.927834	7	0.314	-0.045	9.756	8.000
1424229462219	37.490548	139.927825	7	0.364	0.024	9.331	8.000
1424229462320	37.490550	139.927817	7	0.453	0.106	9.165	8.000
1424229462421	37.490551	139.927808	7	0.463	0.184	9.200	8.000
1424229462522	37.490553	139.927799	7	0.434	0.167	9.291	8.000
1424229462622	37.490554	139.927790	7	0.521	0.095	9.362	8.000
1424229462723	37.490555	139.927781	7	0.692	0.069	9.339	8.000
1424229462819	37.490558	139.927773	11	0.640	-0.062	9.387	7.988
1424229462924	37.490562	139.927764	11	0.592	-0.056	9.431	7.961
1424229463020	37.490566	139.927755	11	0.565	0.010	9.445	7.937
1424229463119	37.490570	139.927747	11	0.492	0.014	9.247	7.912
1424229463221	37.490574	139.927738	11	0.384	0.010	9.359	7.886
1424229463321	37.490578	139.927730	11	0.424	-0.000	9.481	7.861
1424229463423	37.490582	139.927721	11	0.328	-0.165	9.624	7.836
1424229463519	37.490585	139.927713	11	0.295	-0.107	9.431	7.812
1424229463619	37.490589	139.927705	11	0.379	-0.046	9.376	7.787
1424229463720	37.490593	139.927696	11	0.391	-0.214	9.455	7.762
1424229463821	37.490595	139.927688	11	0.399	-0.097	9.542	7.737
1424229463921	37.490595	139.927679	11	0.270	-0.011	9.387	7.712
1424229464022	37.490596	139.927671	11	0.344	-0.137	9.416	7.686
1424229464123	37.490596	139.927662	11	0.237	-0.234	9.440	7.661
1424229464224	37.490596	139.927654	11	0.233	-0.203	9.308	7.635
1424229464319	37.490596	139.927646	11	0.323	-0.340	9.330	7.612
1424229464420	37.490596	139.927637	11	0.351	-0.462	9.411	7.587
1424229464521	37.490597	139.927629	11	0.329	-0.398	9.439	7.561
1424229464621	37.490597	139.927620	11	0.279	-0.469	9.349	7.537
1424229464722	37.490597	139.927612	11	0.003	-0.566	9.204	7.512
1424229464823	37.490598	139.927604	8	0.068	-0.498	9.611	7.458
1424229464923	37.490599	139.927596	8	0.227	-0.544	9.593	7.380
1424229465019	37.490600	139.927588	8	0.309	-0.449	9.427	7.306
1424229465120	37.490602	139.927580	8	0.376	-0.393	9.255	7.229
1424229465221	37.490603	139.927572	8	0.315	-0.559	9.406	7.152
1424229465321	37.490604	139.927565	8	0.279	-0.499	9.577	7.077
1424229465422	37.490606	139.927557	8	0.197	-0.582	9.145	7.002
1424229465523	37.490607	139.927549	8	0.182	-0.600	9.355	6.928
1424229465623	37.490608	139.927542	8	0.096	-0.774	9.439	6.855
1424229465719	37.490609	139.927535	8	0.097	-0.807	9.371	6.786
1424229465820	37.490611	139.927528	8	0.095	-0.768	9.514	6.696
1424229465920	37.490612	139.927522	8	0.095	-0.747	9.476	6.590
1424229466021	37.490613	139.927516	8	0.198	-0.772	9.264	6.484
1424229466122	37.490614	139.927510	8	0.206	-0.789	9.329	6.380
1424229466223	37.490616	139.927504	8	0.142	-0.882	9.682	6.277
1424229466323	37.490617	139.927498	8	0.216	-1.015	9.539	6.177
1424229466419	37.490618	139.927492	8	0.204	-1.080	9.419	6.083
1424229466520	37.490619	139.927487	8	0.234	-1.085	9.431	5.985
1424229466620	37.490620	139.927481	8	0.212	-1.022	9.369	5.890
1424229466721	37.490621	139.927476	8	0.449	-1.136	9.427	5.795
1424229466822	37.490621	139.927470	10	0.445	-1.051	9.354	5.693
1424229466922	37.490618	139.927464	10	0.293	-1.008	9.287	5.586
1424229467023	37.490615	139.927458	10	0.322	-1.073	9.482	5.479
1424229467119	37.490613	139.927452	10	0.269	-1.108	9.423	5.379
1424229467220	37.490611	139.927446	10	0.275	-1.103	9.321	5.276
1424229467320	37.490608	139.927440	10	0.301	-1.133	9.445	5.176
1424229467421	37.490606	139.927435	10	0.352	-1.132	9.599	5.077
1424229467522	37.490604	139.927429	10	0.440	-1.049	9.516	4.980
1424229467622	37.490601	139.927424	10	0.437	-1.092	9.299	4.886
1424229467723	37.490599	139.927418	10	0.406	-1.063	9.382	4.793
1424229467819	37.490598	139.927414	10	0.334	-0.986	9.505	4.680
1424229467919	37.490599	139.927409	10	0.291	-0.938	9.479	4.540
1424229468020	37.490599	139.927404	10	0.316	-0.898	9.453	4.402
1424229468121	37.490600	139.927400	10	0.314	-0.841	9.388	4.268
1424229468222	37.490600	139.927395	10	0.331	-0.882	9.467	4.138
1424229468322	37.490601	139.927391	10	0.350	-0.858	9.465	4.013
1424229468423	37.490601	139.927387	10	0.317	-0.804	9.302	3.891
1424229468519	37.490602	139.927383	10	0.259	-0.798	9.381	3.778
1424229468619	37.490602	139.927380	10	0.226	-0.934	9.748	3.664
1424229468720	37.490603	139.927376	10	0.235	-0.859	9.395	3.554
1424229468821	37.490604	139.927373	8	0.326	-0.769	9.199	3.457
1424229468922	37.490607	139.927370	8	0.404	-0.826	9.472	3.374
1424229469022	37.490609	139.927367	8	0.409	-0.859	9.446	3.294
1424229469123	37.490611	139.927365	8	0.414	-0.883	9.361	3.215
1424229469219	37.490614	139.927363	8	0.424	-0.908	9.383	3.141
1424229469319	37.490616	139.927360	8	0.412	-0.975	9.422	3.066
1424229469421	37.490618	139.927358	8	0.407	-1.073	9.505	2.991
1424229469521	37.490620	139.927355	8	0.442	-1.047	9.281	2.920
1424229469621	37.490622	139.927353	8	0.546	-1.200	9.655	2.850
1424229469722	37.490624	139.927351	8	0.474	-1.164	9.492	2.782
1424229469823	37.490627	139.927349	10	0.322	-1.064	9.253	2.665
1424229469919	37.490630	139.927347	10	0.378	-1.132	9.410	2.517
1424229470019	37.490633	139.927345	10	0.397	-1.260	9.590	2.370
1424229470120	37.490635	139.927343	10	0.311	-1.198	9.369	2.229
1424229470221	37.490638	139.927341	10	0.319	-1.103	9.334	2.095
1424229470321	37.490641	139.927339	10	0.310	-1.132	9.462	1.970
1424229470422	37.490643	139.927338	10	0.253	-1.180	9.480	1.852
1424229470523	37.490645	139.927336	10	0.299	-1.145	9.475	1.740
1424229470623	37.490647	139.927335	10	0.287	-1.051	9.402	1.638
1424229470719	37.490649	139.927334	10	0.258	-0.980	9.344	1.546
1424229470820	37.490650	139.927333	10	0.254	-0.982	9.427	1.426
1424229470921	37.490649	139.927333	10	0.301	-1.032	9.599	1.285
1424229471021	37.490648	139.927332	10	0.330	-0.951	9.511	1.155
1424229471122	37.490647	139.927332	10	0.235	-0.809	9.317	1.034
1424229471223	37.490647	139.927332	10	0.168	-0.779	9.345	0.923
1424229471323	37.490646	139.927332	10	0.157	-0.747	9.472	0.823
1424229471419	37.490645	139.927331	10	0.152	-0.665	9.443	0.737
1424229471520	37.490645	139.927331	10	0.130	-0.520	9.382	0.656
1424229471620	37.490645	139.927331	10	0.107	-0.382	9.402	0.586
1424229471721	37.490644	139.927331	10	0.101	-0.277	9.446	0.526
1424229471822	37.490644	139.927332	7	0.130	-0.224	9.388	0.449
1424229471923	37.490643	139.927333	7	0.133	-0.197	9.369	0.359
1424229472023	37.490643	139.927334	7	0.106	-0.218	9.412	0.279
1424229472119	37.490643	139.927334	7	0.090	-0.224	9.432	0.212
1424229472220	37.490643	139.927335	7	0.092	-0.214	9.415	0.151
1424229472320	37.490642	139.927336	7	0.119	-0.201	9.411	0.101
1424229472422	37.490642	139.927336	7	0.137	-0.200	9.413	0.061
1424229472522	37.490642	139.927337	7	0.123	-0.212	9.410	0.031
1424229472623	37.490642	139.927337	7	0.110	-0.210	9.405	0.011
1424229472723	37.490642	139.927337	7	0.123	-0.210	9.427	0.001
1424229575617	37.490781	139.926108	10	0.012	0.146	9.399	7.288
1424229575622	37.490781	139.926108	10	0.011	0.141	9.398	7.286
1424229575722	37.490782	139.926100	10	0.037	-0.079	9.443	7.262
1424229575823	37.490782	139.926091	11	-0.043	-0.185	9.545	7.237
1424229575919	37.490782	139.926083	11	-0.045	-0.131	9.267	7.212
1424229576019	37.490781	139.926075	11	-0.001	-0.072	9.012	7.187
1424229576120	37.490781	139.926066	11	0.040	-0.236	9.536	7.162
1424229576221	37.490781	139.926058	11	-0.028	-0.207	9.478	7.136
1424229576322	37.490781	139.926049	11	-0.200	-0.132	9.162	7.111
1424229576422	37.490781	139.926041	11	-0.193	-0.456	9.831	7.086
1424229576523	37.490780	139.926032	11	-0.228	-0.589	10.046	7.061
1424229576619	37.490780	139.926025	11	-0.146	-0.217	9.349	7.037
1424229576724	37.490780	139.926016	11	-0.102	-0.151	9.031	7.011
1424229576820	37.490780	139.926008	11	-0.097	-0.300	9.319	6.987
1424229576919	37.490780	139.926000	11	-0.022	-0.192	9.573	6.962
1424229577021	37.490781	139.925991	11	-0.071	-0.107	9.633	6.936
1424229577121	37.490781	139.925983	11	-0.091	-0.270	9.430	6.911
1424229577223	37.490781	139.925974	11	0.068	-0.308	9.168	6.886
1424229577319	37.490782	139.925967	11	0.248	-0.218	9.327	6.862
1424229577419	37.490782	139.925958	11	0.258	-0.266	9.503	6.837
1424229577520	37.490782	139.925950	11	0.219	-0.241	9.497	6.812
1424229577621	37.490783	139.925942	11	0.144	-0.212	9.342	6.787
1424229577721	37.490783	139.925934	11	0.160	-0.262	9.370	6.762
1424229577822	37.490783	139.925926	11	0.175	-0.245	9.418	6.737
1424229577923	37.490783	139.925918	11	0.171	-0.198	9.512	6.711
1424229578019	37.490783	139.925911	11	0.230	-0.100	9.422	6.687
1424229578119	37.490783	139.925903	11	0.114	-0.224	9.474	6.662
1424229578220	37.490783	139.925895	11	0.019	-0.236	9.522	6.636
1424229578321	37.490782	139.925887	11	0.143	-0.143	9.431	6.611
1424229578421	37.490782	139.925880	11	0.201	-0.069	9.352	6.586
1424229578522	37.490782	139.925872	11	0.210	-0.028	9.338	6.561
1424229588618	37.490871	139.924973	13	0.112	-0.065	9.537	8.038
1424229588623	37.490871	139.924973	13	0.105	-0.064	9.543	8.036
1424229588719	37.490872	139.924965	13	0.290	-0.040	9.505	8.013
1424229588820	37.490874	139.924956	10	0.275	0.218	8.495	8.000
1424229588920	37.490875	139.924947	10	0.124	0.247	8.697	8.000
1424229589021	37.490876	139.924939	10	0.073	0.153	9.691	8.000
1424229589122	37.490877	139.924930	10	0.053	0.108	10.010	8.000
1424229589222	37.490878	139.924922	10	0.006	0.044	9.243	8.000
1424229589323	37.490879	139.924913	10	-0.074	-0.129	9.102	8.000
1424229589419	37.490880	139.924905	10	-0.037	-0.051	9.510	8.000
1424229589519	37.490881	139.924896	10	-0.176	0.096	9.533	8.000
1424229594615	37.490896	139.924426	12	-0.317	0.268	9.421	8.038
1424229594620	37.490896	139.924425	12	-0.319	0.266	9.413	8.037
1424229594721	37.490895	139.924416	12	-0.177	-0.023	9.799	8.012
1424229594822	37.490896	139.924408	12	-0.100	-0.155	9.634	7.987
1424229594922	37.490898	139.924400	12	-0.113	-0.118	9.157	7.961
1424229595023	37.490900	139.924391	12	-0.284	-0.110	8.757	7.936
1424229595119	37.490902	139.924383	12	-0.252	-0.237	9.644	7.912
1424229595219	37.490904	139.924375	12	-0.170	-0.353	10.098	7.887
1424229595320	37.490906	139.924367	12	-0.133	-0.233	9.692	7.862
1424229595421	37.490907	139.924359	12	-0.247	-0.138	8.927	7.836
1424229595522	37.490909	139.924351	12	-0.173	-0.258	8.794	7.811
1424229595622	37.490911	139.924343	12	-0.117	-0.127	9.547	7.786
1424229595723	37.490913	139.924335	12	-0.119	-0.001	9.655	7.762
1424229595819	37.490915	139.924327	11	-0.121	-0.066	9.264	7.738
1424229595919	37.490917	139.924318	11	-0.049	-0.233	8.852	7.712
1424229596020	37.490919	139.924309	11	-0.203	-0.341	9.202	7.687
1424229596121	37.490920	139.924300	11	-0.396	-0.379	9.696	7.661
1424229596222	37.490922	139.924291	11	-0.635	-0.528	10.085	7.636
1424229596322	37.490924	139.924282	11	-0.646	-0.362	9.432	7.611
1424229596423	37.490926	139.924273	11	-0.558	-0.224	8.925	7.586
1424229596519	37.490928	139.924265	11	-0.436	-0.003	8.477	7.562
1424229596619	37.490929	139.924256	11	-0.336	-0.561	9.137	7.537
1424229596720	37.490931	139.924247	11	-0.449	-0.667	10.099	7.512
1424229596821	37.490933	139.924239	11	-0.470	-0.717	9.786	7.500
1424229596921	37.490934	139.924232	11	-0.379	-0.362	8.878	7.500
1424229597022	37.490935	139.924224	11	-0.297	-0.201	8.347	7.500
1424229597123	37.490936	139.924217	11	-0.303	-0.140	9.109	7.500
1424229597224	37.490937	139.924209	11	-0.140	-0.076	9.991	7.500
1424229597319	37.490938	139.924202	11	-0.121	0.116	9.597	7.500
1424229597420	37.490939	139.924195	11	-0.242	0.127	8.588	7.500
1424229597521	37.490940	139.924187	11	-0.062	-0.182	8.941	7.500
1424229597621	37.490941	139.924180	11	0.179	-0.135	10.164	7.500
1424229597722	37.490942	139.924173	11	0.346	-0.055	10.007	7.500
1424229597823	37.490944	139.924165	11	0.380	0.115	9.582	7.487
1424229597924	37.490946	139.924157	11	0.330	0.000	8.992	7.461
1424229598019	37.490947	139.924149	11	0.336	-0.208	9.344	7.437
1424229598120	37.490949	139.924141	11	0.190	0.154	9.767	7.412
1424229598220	37.490950	139.924133	11	0.178	0.282	9.535	7.386
1424229598321	37.490952	139.924125	11	0.010	0.131	9.373	7.361
1424229598422	37.490953	139.924117	11	-0.220	-0.062	9.360	7.336
1424229598523	37.490955	139.924109	11	-0.313	-0.058	9.655	7.311
1424229598623	37.490957	139.924101	11	-0.396	-0.164	9.630	7.286
1424229598719	37.490958	139.924094	11	-0.426	-0.145	9.454	7.263
1424229598820	37.490960	139.924086	12	-0.373	-0.094	9.342	7.250
1424229598920	37.490963	139.924078	12	-0.324	-0.012	9.347	7.250
1424229599021	37.490966	139.924071	12	-0.224	0.076	9.274	7.250
1424229599122	37.490969	139.924063	12	-0.194	0.143	9.231	7.250
1424229599223	37.490971	139.924055	12	-0.183	0.133	9.216	7.250
1424229599323	37.490974	139.924047	12	-0.271	0.036	9.258	7.250
1424229599419	37.490977	139.924040	12	-0.258	-0.141	9.656	7.250
1424229599520	37.490979	139.924032	12	0.172	-0.125	9.933	7.250
1424229611615	37.491086	139.922961	13	-0.105	0.036	9.723	7.825
1424229611620	37.491086	139.922961	13	-0.140	0.009	9.693	7.823
1424229611720	37.491089	139.922952	13	-0.210	-0.228	9.414	7.774
1424229611821	37.491090	139.922944	13	-0.075	-0.316	9.378	7.737
1424229611922	37.491091	139.922935	13	0.167	-0.514	9.514	7.711
1424229612023	37.491092	139.922927	13	0.248	-0.538	9.385	7.686
1424229612123	37.491093	139.922918	13	0.252	-0.622	9.410	7.661
1424229612219	37.491094	139.922910	13	0.226	-0.546	9.380	7.637
1424229612320	37.491095	139.922902	13	0.074	-0.460	9.460	7.611
1424229612420	37.491096	139.922894	13	0.114	-0.347	9.606	7.587
1424229612521	37.491097	139.922885	13	0.084	-0.250	9.478	7.561
1424229612622	37.491098	139.922877	13	0.000	-0.263	9.399	7.536
1424229612723	37.491099	139.922869	13	0.046	-0.340	9.628	7.512
1424229612823	37.491099	139.922861	12	-0.034	-0.238	9.555	7.487
1424229612919	37.491099	139.922853	12	-0.333	-0.215	9.194	7.462
1424229613020	37.491099	139.922845	12	-0.291	-0.083	9.319	7.437
1424229613120	37.491099	139.922837	12	-0.210	-0.196	9.338	7.412
1424229613221	37.491099	139.922829	12	-0.209	-0.025	9.354	7.386
1424229613322	37.491100	139.922821	12	-0.216	0.174	9.428	7.361
1424229613422	37.491100	139.922813	12	-0.127	0.151	9.170	7.336
1424229613523	37.491100	139.922805	12	-0.100	0.219	9.252	7.311
1424229613619	37.491100	139.922798	12	-0.053	0.240	9.429	7.287
1424229616615	37.491152	139.922556	11	-0.048	0.237	9.432	7.250
1424229616620	37.491152	139.922556	11	-0.047	0.226	9.435	7.250
1424229616721	37.491153	139.922548	11	0.061	0.175	9.947	7.250
1424229616821	37.491155	139.922540	5	0.020	0.048	9.975	7.237
1424229616922	37.491158	139.922532	5	-0.019	0.003	9.455	7.211
1424229617023	37.491160	139.922525	5	-0.133	-0.180	9.442	7.186
1424229617123	37.491163	139.922517	5	-0.267	-0.254	9.499	7.161
1424229617219	37.491165	139.922510	5	-0.345	-0.138	9.538	7.137
1424229617320	37.491168	139.922502	5	-0.089	-0.000	9.680	7.111
1424229617421	37.491170	139.922495	5	0.004	-0.059	9.733	7.086
1424229617521	37.491173	139.922487	5	0.282	0.002	9.508	7.061
1424229617622	37.491175	139.922480	5	0.319	0.048	9.520	7.036
1424229617723	37.491178	139.922472	5	0.075	0.155	8.916	7.012
1424229617823	37.491179	139.922465	5	-0.258	0.004	9.544	6.987
1424229617919	37.491180	139.922458	5	-0.272	-0.065	9.593	6.962
1424229618020	37.491181	139.922451	5	0.018	-0.001	9.474	6.937
1424229618120	37.491181	139.922444	5	0.339	-0.021	9.619	6.911
1424229618221	37.491182	139.922436	5	0.383	-0.222	9.496	6.886
1424229618322	37.491183	139.922429	5	0.115	-0.082	9.075	6.861
1424229618423	37.491184	139.922422	5	-0.120	-0.059	9.268	6.836
1424229618523	37.491184	139.922415	5	-0.269	-0.011	9.302	6.811
1424229618619	37.491185	139.922408	5	-0.197	0.103	9.209	6.787
1424229621615	37.491238	139.922187	4	-0.176	0.125	9.190	6.288
1424229621620	37.491238	139.922186	4	-0.157	0.143	9.175	6.287
1424229621721	37.491239	139.922179	4	0.077	-0.016	9.340	6.262
1424229621821	37.491239	139.922173	5	0.198	-0.168	9.248	6.209
1424229621922	37.491240	139.922167	5	0.362	-0.236	9.183	6.130
1424229622023	37.491241	139.922160	5	0.505	-0.362	9.134	6.051
1424229622119	37.491241	139.922155	5	0.493	-0.407	9.276	5.977
1424229622219	37.491242	139.922149	5	0.354	-0.463	9.575	5.901
1424229622320	37.491242	139.922143	5	0.178	-0.522	9.442	5.826
1424229622421	37.491243	139.922137	5	0.111	-0.548	9.343	5.751
1424229622521	37.491244	139.922131	5	0.194	-0.666	9.586	5.678
1424229622622	37.491244	139.922125	5	0.326	-0.648	9.542	5.605
1424229622723	37.491245	139.922120	5	0.417	-0.564	9.278	5.533
1424229622824	37.491245	139.922114	7	0.484	-0.499	9.293	5.457
1424229622919	37.491244	139.922108	7	0.478	-0.524	9.467	5.381
1424229623020	37.491243	139.922101	7	0.420	-0.596	9.418	5.302
1424229623121	37.491242	139.922095	7	0.337	-0.551	9.351	5.224
1424229623221	37.491241	139.922089	7	0.252	-0.492	9.391	5.148
1424229623322	37.491240	139.922083	7	0.219	-0.513	9.485	5.072
1424229623423	37.491240	139.922077	7	0.212	-0.567	9.491	4.998
1424229623523	37.491239	139.922071	7	0.283	-0.475	9.337	4.925
1424229623619	37.491238	139.922066	7	0.290	-0.475	9.396	4.856
1424229623720	37.491237	139.922060	7	0.249	-0.513	9.554	4.785
1424229623820	37.491237	139.922055	7	0.219	-0.521	9.411	4.709
1424229623921	37.491238	139.922050	7	0.270	-0.528	9.323	4.629
1424229624022	37.491239	139.922045	7	0.305	-0.595	9.427	4.549
1424229624123	37.491240	139.922041	7	0.308	-0.673	9.455	4.471
1424229624223	37.491241	139.922036	7	0.288	-0.753	9.467	4.394
1424229624319	37.491242	139.922032	7	0.255	-0.815	9.275	4.322
1424229624420	37.491242	139.922028	7	0.285	-0.905	9.399	4.248
1424229624520	37.491243	139.922023	7	0.281	-1.005	9.581	4.175
1424229624621	37.491244	139.922019	7	0.316	-1.087	9.524	4.104
1424229624722	37.491245	139.922015	7	0.313	-1.136	9.408	4.033
1424229624823	37.491245	139.922010	7	0.281	-1.169	9.544	3.940
1424229624923	37.491246	139.922006	7	0.282	-1.183	9.502	3.828
1424229625019	37.491246	139.922001	7	0.325	-1.170	9.391	3.724
1424229625120	37.491247	139.921997	7	0.423	-1.140	9.352	3.618
1424229625220	37.491247	139.921993	7	0.457	-1.140	9.441	3.515
1424229625321	37.491247	139.921988	7	0.459	-1.163	9.433	3.414
1424229625422	37.491248	139.921984	7	0.423	-1.047	9.374	3.316
1424229625522	37.491248	139.921980	7	0.323	-0.923	9.410	3.221
1424229625623	37.491248	139.921976	7	0.262	-0.931	9.473	3.129
1424229625719	37.491249	139.921973	7	0.231	-0.959	9.458	3.044
1424229625820	37.491250	139.921970	8	0.160	-0.931	9.457	2.941
1424229625920	37.491251	139.921967	8	0.149	-0.896	9.405	2.825
1424229626021	37.491252	139.921965	8	0.200	-0.919	9.393	2.711
1424229626122	37.491253	139.921963	8	0.255	-0.946	9.399	2.602
1424229626222	37.491254	139.921960	8	0.285	-0.888	9.394	2.498
1424229626323	37.491255	139.921958	8	0.338	-0.861	9.394	2.398
1424229626419	37.491256	139.921956	8	0.353	-0.898	9.423	2.305
1424229626520	37.491257	139.921954	8	0.331	-0.928	9.466	2.212
1424229626620	37.491258	139.921953	8	0.295	-0.914	9.443	2.125
1424229626721	37.491259	139.921951	8	0.269	-0.897	9.397	2.040
1424229626822	37.491260	139.921949	9	0.262	-0.917	9.429	1.952
1424229626922	37.491262	139.921948	9	0.267	-0.923	9.452	1.864
1424229627023	37.491263	139.921946	9	0.289	-0.891	9.407	1.778
1424229627119	37.491265	139.921945	9	0.323	-0.905	9.433	1.699
1424229627219	37.491266	139.921943	9	0.293	-0.925	9.462	1.620
1424229627320	37.491267	139.921942	9	0.329	-0.904	9.404	1.545
1424229627421	37.491269	139.921941	9	0.367	-0.899	9.415	1.472
1424229627521	37.491270	139.921940	9	0.325	-0.898	9.434	1.404
1424229627622	37.491271	139.921939	9	0.241	-0.869	9.392	1.339
1424229627723	37.491272	139.921937	9	0.191	-0.875	9.400	1.277
1424229627819	37.491274	139.921937	9	0.200	-0.806	9.449	1.131
1424229627919	37.491276	139.921936	9	0.224	-0.632	9.473	0.905
1424229628020	37.491278	139.921936	9	0.178	-0.481	9.406	0.703
1424229628121	37.491280	139.921935	9	0.150	-0.421	9.389	0.527
1424229628221	37.491281	139.921935	9	0.152	-0.418	9.399	0.377
1424229628322	37.491283	139.921935	9	0.152	-0.405	9.400	0.251
1424229628423	37.491284	139.921934	9	0.138	-0.376	9.400	0.151
1424229628519	37.491284	139.921934	9	0.108	-0.374	9.402	0.079
1424229628619	37.491285	139.921934	9	0.096	-0.376	9.413	0.029
1424229628720	37.491285	139.921934	9	0.089	-0.270	9.433	0.003
1424229662619	37.491484	139.919861	11	-0.040	0.102	9.407	8.324
1424229662719	37.491484	139.919852	11	0.198	-0.021	9.689	8.275
1424229662820	37.491484	139.919842	16	0.216	0.010	9.244	8.262
1424229662920	37.491481	139.919831	16	0.253	0.071	8.990	8.287
1424229663021	37.491479	139.919820	16	0.290	-0.068	9.473	8.312
1424229663122	37.491476	139.919808	16	0.185	-0.144	9.516	8.337
1424229663222	37.491474	139.919797	16	0.189	0.101	9.450	8.362
1424229663323	37.491471	139.919785	16	0.139	-0.103	9.035	8.387
1424229663419	37.491469	139.919774	16	0.210	-0.171	9.396	8.411
1424229663520	37.491466	139.919763	16	0.105	-0.065	9.576	8.437
1424229663620	37.491464	139.919751	16	0.065	-0.165	9.548	8.462
1424229663721	37.491461	139.919740	16	-0.100	-0.117	9.349	8.488
1424229663822	37.491461	139.919731	18	-0.125	-0.067	9.231	8.459
1424229663922	37.491464	139.919725	18	-0.067	-0.041	9.536	8.382
1424229664023	37.491467	139.919719	18	-0.144	-0.032	9.647	8.304
1424229664119	37.491470	139.919713	18	-0.121	0.072	9.397	8.230
1424229664219	37.491472	139.919707	18	-0.070	0.077	9.365	8.155
1424229664320	37.491475	139.919701	18	-0.078	-0.029	9.418	8.079
1424229664421	37.491478	139.919696	18	-0.104	0.048	9.318	8.004
1424229664522	37.491481	139.919690	18	-0.067	0.041	9.334	7.930
1424229664622	37.491483	139.919684	18	-0.028	-0.041	9.466	7.857
1424229664723	37.491486	139.919679	18	-0.052	0.013	8.976	7.784
1424229664819	37.491487	139.919672	18	-0.039	-0.219	9.606	7.750
1424229664919	37.491486	139.919663	18	-0.203	-0.337	9.634	7.750
1424229665020	37.491485	139.919654	18	-0.119	-0.282	9.687	7.750
1424229665121	37.491484	139.919645	18	-0.065	-0.157	9.514	7.750
1424229665222	37.491483	139.919636	18	-0.087	-0.161	9.260	7.750
1424229665322	37.491483	139.919627	18	-0.148	-0.070	9.270	7.750
1424229665423	37.491482	139.919618	18	-0.133	-0.029	9.586	7.750
1424229665519	37.491481	139.919609	18	-0.166	-0.089	9.462	7.750
1424229665620	37.491480	139.919600	18	-0.208	-0.042	9.412	7.750
1424229665720	37.491479	139.919591	18	-0.199	-0.126	9.477	7.750
1424229665821	37.491481	139.919583	16	-0.221	-0.176	9.478	7.737
1424229665921	37.491484	139.919576	16	-0.096	-0.158	9.662	7.712
1424229666022	37.491487	139.919568	16	-0.094	-0.038	9.352	7.686
1424229666123	37.491490	139.919561	16	-0.125	0.012	9.157	7.661
1424229666219	37.491493	139.919553	16	-0.087	0.044	9.171	7.637
1424229666319	37.491496	139.919546	16	0.041	-0.003	9.419	7.612
1424229666420	37.491499	139.919539	16	0.043	0.152	9.294	7.587
1424229666521	37.491502	139.919531	16	0.231	-0.033	9.509	7.561
1424229673616	37.491562	139.918949	9	0.176	-0.117	9.475	7.038
1424229673621	37.491562	139.918949	9	0.171	-0.102	9.478	7.037
1424229673721	37.491564	139.918941	9	0.171	-0.180	9.547	7.012
1424229673822	37.491565	139.918933	8	-0.031	-0.271	9.790	6.973
1424229673923	37.491566	139.918925	8	-0.227	-0.332	9.646	6.921
1424229674023	37.491566	139.918918	8	-0.343	-0.449	9.504	6.870
1424229674119	37.491566	139.918911	8	-0.399	-0.418	8.797	6.821
1424229674220	37.491567	139.918903	8	-0.250	-0.495	9.203	6.770
1424229674321	37.491567	139.918896	8	-0.119	-0.701	9.871	6.720
1424229674421	37.491568	139.918889	8	-0.047	-0.680	9.841	6.670
1424229674522	37.491568	139.918882	8	0.011	-0.517	9.206	6.621
1424229674623	37.491568	139.918874	8	-0.019	-0.612	9.359	6.571
1424229674723	37.491569	139.918867	8	0.002	-0.816	9.426	6.523
1424229674819	37.491570	139.918861	8	-0.076	-0.738	9.872	6.461
1424229674920	37.491572	139.918855	8	-0.217	-0.405	9.765	6.382
1424229675020	37.491574	139.918849	8	-0.338	-0.018	8.933	6.304
1424229675121	37.491576	139.918844	8	-0.408	-0.150	8.937	6.226
1424229675222	37.491577	139.918838	8	-0.285	-0.368	9.562	6.150
1424229675323	37.491579	139.918832	8	0.044	-0.446	10.035	6.074
1424229675423	37.491581	139.918827	8	0.010	-0.307	9.613	6.000
1424229675519	37.491583	139.918821	8	-0.130	-0.299	9.212	5.930
1424229675620	37.491584	139.918816	8	-0.241	-0.562	9.289	5.857
1424229675720	37.491586	139.918811	8	-0.023	-0.259	9.137	5.785
1424229675821	37.491586	139.918805	9	-0.189	-0.224	9.310	5.737
1424229675922	37.491585	139.918799	9	-0.068	-0.379	9.947	5.711
1424229676022	37.491583	139.918792	9	0.271	-0.357	9.610	5.686
1424229676123	37.491582	139.918786	9	0.295	-0.194	8.873	5.660
1424229676224	37.491581	139.918780	9	0.104	-0.286	9.148	5.635
1424229676320	37.491579	139.918774	9	-0.289	-0.604	9.380	5.611
1424229676419	37.491578	139.918768	9	-0.395	-0.547	9.010	5.586
1424229676521	37.491576	139.918762	9	-0.143	-0.448	9.642	5.561
1424229676620	37.491575	139.918756	9	0.219	-0.409	10.031	5.537
1424229676722	37.491574	139.918750	9	0.534	-0.492	9.273	5.512
1424229676821	37.491572	139.918744	9	0.720	-0.489	8.902	5.459
1424229676919	37.491571	139.918738	9	0.801	-0.414	9.119	5.381
1424229677019	37.491570	139.918733	9	0.454	-0.611	9.770	5.303
1424229677120	37.491569	139.918727	9	-0.189	-0.957	9.648	5.225
1424229677221	37.491568	139.918722	9	-0.313	-0.886	9.789	5.148
1424229677322	37.491567	139.918716	9	0.044	-0.725	9.871	5.072
1424229677422	37.491566	139.918711	9	0.134	-0.561	9.088	4.999
1424229677523	37.491565	139.918706	9	0.357	-0.605	9.297	4.925
1424229677619	37.491564	139.918701	9	0.557	-0.600	9.446	4.856
1424229677719	37.491563	139.918696	9	0.583	-0.495	9.523	4.786
1424229677820	37.491563	139.918691	9	0.572	-0.458	9.359	4.694
1424229677921	37.491563	139.918686	9	0.419	-0.605	9.506	4.584
1424229678022	37.491563	139.918681	9	0.107	-0.684	9.539	4.476
1424229678122	37.491563	139.918677	9	0.075	-0.678	9.279	4.371
1424229678223	37.491563	139.918672	9	0.236	-0.947	9.307	4.268
1424229678319	37.491562	139.918668	9	0.301	-1.001	9.497	4.172
1424229678419	37.491562	139.918664	9	0.360	-0.868	9.479	4.074
1424229678520	37.491562	139.918660	9	0.438	-0.952	9.361	3.978
1424229678621	37.491562	139.918656	9	0.477	-1.018	9.554	3.884
1424229678722	37.491562	139.918652	9	0.410	-1.039	9.444	3.793
1424229678822	37.491562	139.918648	8	0.401	-1.007	9.276	3.673
1424229678923	37.491561	139.918645	8	0.402	-1.053	9.387	3.526
1424229679019	37.491561	139.918643	8	0.434	-1.104	9.462	3.392
1424229679119	37.491560	139.918640	8	0.447	-1.126	9.434	3.257
1424229679220	37.491560	139.918637	8	0.426	-1.036	9.352	3.126
1424229679321	37.491559	139.918634	8	0.467	-0.996	9.428	2.999
1424229679421	37.491559	139.918632	8	0.525	-1.083	9.533	2.879
1424229679522	37.491558	139.918629	8	0.453	-1.064	9.413	2.763
1424229679623	37.491558	139.918627	8	0.392	-1.013	9.285	2.652
1424229679723	37.491557	139.918625	8	0.347	-1.015	9.417	2.548
1424229679819	37.491557	139.918623	8	0.362	-1.089	9.579	2.439
1424229679920	37.491557	139.918622	8	0.404	-1.125	9.537	2.318
1424229680021	37.491557	139.918620	8	0.342	-0.961	9.142	2.202
1424229680121	37.491557	139.918619	8	0.298	-0.940	9.114	2.092
1424229680223	37.491556	139.918618	8	0.389	-1.218	9.824	1.985
1424229680323	37.491556	139.918617	8	0.429	-1.222	9.777	1.885
1424229680423	37.491556	139.918615	8	0.371	-1.089	9.306	1.790
1424229680519	37.491556	139.918614	8	0.354	-1.088	9.342	1.704
1424229680620	37.491556	139.918613	8	0.413	-1.031	9.377	1.618
1424229680720	37.491556	139.918612	8	0.487	-0.982	9.340	1.538
1424229680821	37.491557	139.918612	9	0.485	-1.010	9.420	1.425
1424229680922	37.491558	139.918612	9	0.425	-1.059	9.486	1.284
1424229681023	37.491559	139.918612	9	0.363	-1.053	9.451	1.153
1424229681123	37.491560	139.918612	9	0.360	-1.039	9.428	1.033
1424229681219	37.491561	139.918613	9	0.347	-1.014	9.461	0.927
1424229681320	37.491562	139.918613	9	0.299	-0.850	9.469	0.826
1424229681420	37.491563	139.918613	9	0.246	-0.648	9.419	0.736
1424229681521	37.491564	139.918613	9	0.257	-0.514	9.384	0.656
1424229681622	37.491564	139.918613	9	0.284	-0.494	9.408	0.585
1424229681723	37.491565	139.918613	9	0.300	-0.494	9.400	0.525
1424229681823	37.491566	139.918614	9	0.275	-0.486	9.396	0.448
1424229681919	37.491567	139.918615	9	0.255	-0.489	9.411	0.362
1424229682020	37.491568	139.918617	9	0.255	-0.508	9.419	0.281
1424229682120	37.491569	139.918618	9	0.247	-0.492	9.419	0.211
1424229682221	37.491570	139.918619	9	0.223	-0.443	9.416	0.151
1424229682322	37.491571	139.918619	9	0.183	-0.257	9.455	0.100
1424229682423	37.491571	139.918620	9	0.108	-0.002	9.434	0.060
1424229682523	37.491572	139.918621	9	0.055	0.207	9.365	0.031
1424229682619	37.491572	139.918621	9	0.047	0.238	9.332	0.011
1424229682720	37.491572	139.918621	9	0.075	0.162	9.368	0.001
1424229709619	37.491677	139.918381	7	0.062	0.114	9.420	2.000
1424229709719	37.491679	139.918380	7	0.289	0.180	9.399	2.000
1424229709820	37.491681	139.918380	7	0.385	0.230	9.316	2.012
1424229709921	37.491684	139.918380	7	0.510	0.221	9.334	2.036
1424229710021	37.491686	139.918380	7	0.645	0.236	9.335	2.060
1424229710122	37.491689	139.918381	7	0.684	0.207	9.406	2.085
1424229710223	37.491691	139.918381	7	0.508	0.214	9.409	2.110
1424229710319	37.491694	139.918381	7	0.293	0.213	9.397	2.134
1424229710419	37.491697	139.918381	7	0.226	0.216	9.363	2.159
1424229710520	37.491699	139.918381	7	0.262	0.165	9.300	2.185
1424229712615	37.491759	139.918392	6	0.298	0.148	9.488	2.460
1424229712620	37.491759	139.918392	6	0.301	0.151	9.493	2.461
1424229712720	37.491762	139.918393	6	0.452	0.113	9.560	2.487
1424229712821	37.491765	139.918393	5	0.496	0.052	9.508	2.487
1424229712922	37.491768	139.918394	5	0.411	0.006	9.359	2.460
1424229713023	37.491771	139.918394	5	0.315	0.006	9.406	2.434
1424229713123	37.491774	139.918394	5	0.287	0.014	9.434	2.409
1424229713219	37.491776	139.918395	5	0.309	0.031	9.368	2.384
1424229713320	37.491779	139.918395	5	0.369	0.011	9.363	2.359
1424229713420	37.491782	139.918396	5	0.357	-0.012	9.440	2.335
1424229713521	37.491785	139.918396	5	0.252	-0.005	9.388	2.310
1424229713622	37.491787	139.918396	5	0.175	0.001	9.351	2.285
1424229713723	37.491790	139.918397	5	0.135	-0.098	9.421	2.261
1424229713823	37.491792	139.918397	5	0.214	-0.207	9.411	2.250
1424229713919	37.491794	139.918398	5	0.306	-0.166	9.446	2.250
1424229714020	37.491796	139.918398	5	0.334	-0.090	9.477	2.250
1424229714120	37.491799	139.918398	5	0.371	0.002	9.382	2.250
1424229714221	37.491801	139.918399	5	0.446	0.132	9.327	2.250
1424229714322	37.491803	139.918399	5	0.469	0.165	9.353	2.250
1424229714422	37.491805	139.918400	5	0.426	0.130	9.385	2.250
1424229714523	37.491808	139.918400	5	0.338	0.091	9.417	2.250
1424229714619	37.491810	139.918400	5	0.239	0.075	9.437	2.250
1424229714719	37.491812	139.918401	5	0.161	0.063	9.398	2.250
1424229714820	37.491814	139.918401	5	0.115	0.037	9.409	2.250
1424229714921	37.491816	139.918402	5	0.114	0.010	9.436	2.250
1424229715022	37.491818	139.918402	5	0.136	-0.033	9.404	2.250
1424229715122	37.491819	139.918402	5	0.142	-0.086	9.393	2.250
1424229715223	37.491821	139.918403	5	0.146	-0.124	9.438	2.250
1424229715319	37.491823	139.918403	5	0.209	-0.099	9.388	2.250
1424229715419	37.491825	139.918404	5	0.276	-0.135	9.363	2.250
1424229715520	37.491827	139.918404	5	0.331	-0.197	9.386	2.250
1424229715621	37.491828	139.918404	5	0.367	-0.267	9.445	2.250
1424229715722	37.491830	139.918405	5	0.336	-0.328	9.438	2.250
1424229715822	37.491832	139.918405	6	0.286	-0.413	9.424	2.236
1424229715923	37.491834	139.918406	6	0.260	-0.450	9.450	2.210
1424229716019	37.491835	139.918407	6	0.281	-0.426	9.437	2.185
1424229716119	37.491837	139.918407	6	0.330	-0.439	9.399	2.159
1424229716220	37.491839	139.918408	6	0.358	-0.485	9.381	2.134
1424229716321	37.491841	139.918408	6	0.358	-0.506	9.387	2.109
1424229716421	37.491842	139.918409	6	0.349	-0.576	9.402	2.084
1424229716522	37.491844	139.918410	6	0.359	-0.677	9.453	2.059
1424229716623	37.491846	139.918410	6	0.331	-0.747	9.466	2.035
1424229716719	37.491847	139.918411	6	0.322	-0.752	9.412	2.012
1424229716819	37.491848	139.918411	8	0.320	-0.731	9.428	1.912
1424229716920	37.491849	139.918411	8	0.342	-0.734	9.421	1.740
1424229717021	37.491849	139.918411	8	0.362	-0.760	9.394	1.579
1424229717121	37.491849	139.918411	8	0.349	-0.760	9.398	1.432
1424229717222	37.491850	139.918411	8	0.326	-0.760	9.415	1.294
1424229717323	37.491850	139.918411	8	0.297	-0.772	9.458	1.168
1424229717419	37.491850	139.918411	8	0.285	-0.769	9.456	1.059
1424229717519	37.491850	139.918411	8	0.299	-0.756	9.404	0.957
1424229717620	37.491851	139.918411	8	0.295	-0.772	9.432	0.865
1424229717721	37.491851	139.918411	8	0.305	-0.786	9.437	0.785
1424229717821	37.491850	139.918410	8	0.306	-0.780	9.435	0.675
1424229717922	37.491850	139.918407	8	0.313	-0.777	9.431	0.539
1424229718023	37.491849	139.918405	8	0.304	-0.771	9.417	0.419
1424229718123	37.491848	139.918403	8	0.225	-0.538	9.471	0.314
1424229718219	37.491848	139.918401	8	0.096	-0.153	9.487	0.228
1424229718320	37.491847	139.918400	8	-0.020	0.217	9.405	0.152
1424229718421	37.491847	139.918399	8	-0.049	0.354	9.311	0.091
1424229718521	37.491846	139.918398	8	-0.012	0.261	9.325	0.047
1424229718622	37.491846	139.918397	8	0.038	0.127	9.414	0.016
1424229718723	37.491846	139.918397	8	0.051	0.054	9.438	0.002
1424229762616	37.493139	139.919280	9	0.005	0.158	9.408	6.788
1424229775618	37.493874	139.919666	14	0.003	0.159	9.408	7.461
1424229775623	37.493874	139.919666	14	0.002	0.160	9.409	7.463
1424229775723	37.493881	139.919670	14	0.036	0.122	9.286	7.488
1424229775819	37.493886	139.919675	13	0.065	0.142	9.113	7.488
1424229775925	37.493891	139.919680	13	0.186	0.039	9.299	7.461
1424229776020	37.493896	139.919686	13	0.096	-0.005	9.348	7.437
1424229776119	37.493900	139.919691	13	-0.101	-0.080	9.554	7.412
1424229776222	37.493905	139.919697	13	0.005	-0.199	9.738	7.386
1424229776321	37.493910	139.919702	13	-0.120	-0.243	9.682	7.361
1424229776419	37.493914	139.919707	13	-0.087	-0.038	9.257	7.337
1424229776520	37.493919	139.919713	13	0.013	0.161	8.883	7.312
1424229776620	37.493923	139.919718	13	0.132	0.087	9.389	7.287
1424229776720	37.493928	139.919723	13	0.024	0.009	9.765	7.262
1424229776821	37.493933	139.919728	13	-0.124	0.081	9.463	7.237
1424229776922	37.493940	139.919732	13	-0.117	0.113	9.302	7.211
1424229777022	37.493946	139.919735	13	-0.086	-0.054	9.179	7.186
1424229777123	37.493952	139.919739	13	-0.075	-0.077	9.426	7.161
1424229777219	37.493958	139.919742	13	-0.006	0.042	9.486	7.137
1424229777320	37.493964	139.919746	13	0.079	0.128	9.296	7.111
1424229777420	37.493971	139.919750	13	0.056	0.021	9.496	7.087
1424229777521	37.493977	139.919753	13	0.050	-0.021	9.481	7.061
1424229777622	37.493983	139.919757	13	0.026	-0.071	9.309	7.036
1424229777722	37.493989	139.919760	13	0.068	-0.228	9.464	7.012
1424229777823	37.493994	139.919763	12	0.059	-0.192	9.580	6.958
1424229777919	37.493998	139.919766	12	0.131	-0.161	9.338	6.883
1424229778020	37.494002	139.919768	12	0.193	-0.081	9.342	6.805
1424229778120	37.494006	139.919770	12	0.151	-0.109	9.398	6.728
1424229778221	37.494010	139.919773	12	0.115	-0.130	9.473	6.651
1424229778322	37.494014	139.919775	12	0.091	-0.098	9.461	6.576
1424229778422	37.494017	139.919777	12	-0.016	-0.082	9.398	6.501
1424229778523	37.494021	139.919780	12	-0.055	-0.066	9.459	6.427
1424229778619	37.494025	139.919782	12	-0.034	0.199	9.331	6.358
1424229825619	37.497601	139.921141	11	-0.033	0.210	9.319	9.500
1424229825720	37.497610	139.921142	11	-0.031	0.248	9.471	9.500
1424229825821	37.497618	139.921144	11	0.035	0.128	9.664	9.487
1424229825921	37.497627	139.921147	11	0.048	0.036	9.505	9.462
1424229826022	37.497635	139.921150	11	-0.026	-0.184	9.441	9.436
1424229826123	37.497644	139.921153	11	0.011	-0.130	9.393	9.411
1424229826223	37.497652	139.921156	11	-0.100	-0.101	9.531	9.386
1424229826319	37.497660	139.921158	11	-0.210	-0.022	9.415	9.362
1424229826420	37.497668	139.921161	11	-0.266	-0.069	9.342	9.337
1424229826521	37.497677	139.921164	11	-0.265	-0.127	9.352	9.312
1424229826621	37.497685	139.921167	11	-0.159	-0.134	9.402	9.287
1424229826722	37.497693	139.921170	11	-0.120	-0.242	9.564	9.262
1424229826823	37.497701	139.921172	11	0.071	-0.171	9.528	9.237
1424229826923	37.497709	139.921174	11	0.180	-0.050	9.522	9.211
1424229827019	37.497717	139.921176	11	0.199	0.144	9.167	9.187
1424229827120	37.497725	139.921177	11	0.083	0.313	8.868	9.162
1424229827220	37.497732	139.921179	11	0.041	0.097	9.449	9.137
1424229827321	37.497740	139.921181	11	0.074	-0.004	9.637	9.111
1424229827422	37.497748	139.921183	11	0.044	-0.004	9.073	9.086
1424229827523	37.497756	139.921185	11	-0.125	-0.139	9.409	9.061
1424229832618	37.498147	139.921302	10	-0.284	-0.143	9.514	8.538
1424229834617	37.498300	139.921336	11	-0.286	-0.140	9.488	8.500
1424229834622	37.498301	139.921336	11	-0.290	-0.130	9.464	8.500
1424229834723	37.498308	139.921339	11	0.046	0.037	9.194	8.500
1424229834819	37.498315	139.921341	11	0.082	0.062	9.019	8.434
1424229834920	37.498322	139.921343	11	0.099	-0.120	9.293	8.300
1424229835020	37.498328	139.921346	11	0.060	-0.120	9.847	8.169
1424229835121	37.498334	139.921348	11	-0.050	-0.284	9.673	8.039
1424229835222	37.498340	139.921350	11	-0.170	-0.393	9.358	7.910
1424229835322	37.498346	139.921352	11	-0.123	-0.413	9.326	7.785
1424229835423	37.498352	139.921354	11	-0.215	-0.341	9.457	7.661
1424229835519	37.498358	139.921356	11	-0.225	-0.334	9.697	7.545
1424229835620	37.498364	139.921358	11	-0.269	-0.353	9.647	7.425
1424229835720	37.498369	139.921360	11	-0.311	-0.353	9.411	7.308
1424229835821	37.498375	139.921361	12	-0.211	-0.331	9.304	7.263
1424229835922	37.498382	139.921361	12	-0.108	-0.286	9.424	7.287
1424229836022	37.498388	139.921361	12	-0.222	-0.279	9.528	7.312
1424229836123	37.498395	139.921361	12	-0.150	-0.278	9.351	7.337
1424229836219	37.498401	139.921361	12	0.000	-0.241	9.319	7.361
1424229836319	37.498408	139.921361	12	-0.119	-0.313	9.389	7.386
1424229836420	37.498415	139.921361	12	-0.074	-0.368	9.447	7.412
1424229836521	37.498421	139.921361	12	0.004	-0.389	9.386	7.437
1424229836622	37.498428	139.921361	12	0.024	-0.385	9.276	7.462
1424229836722	37.498435	139.921361	12	0.037	-0.529	9.457	7.488
1424229836823	37.498441	139.921362	12	0.061	-0.787	9.764	7.443
1424229836919	37.498446	139.921363	12	-0.108	-0.739	9.453	7.342
1424229837019	37.498451	139.921365	12	-0.167	-0.742	9.209	7.238
1424229837120	37.498456	139.921366	12	0.009	-0.776	9.360	7.134
1424229837221	37.498461	139.921368	12	-0.033	-0.897	9.442	7.031
1424229837321	37.498466	139.921369	12	0.098	-0.783	9.605	6.931
1424229837422	37.498471	139.921370	12	0.087	-0.845	9.511	6.832
1424229837523	37.498476	139.921372	12	0.042	-1.069	9.313	6.734
1424229837619	37.498480	139.921373	12	0.135	-1.176	9.339	6.642
1424229837719	37.498485	139.921374	12	0.202	-1.251	9.440	6.548
1424229837820	37.498489	139.921376	11	0.182	-1.300	9.460	6.431
1424229837921	37.498494	139.921377	11	0.203	-1.254	9.415	6.294
1424229838021	37.498498	139.921378	11	0.306	-1.298	9.438	6.161
1424229838122	37.498503	139.921380	11	0.272	-1.335	9.340	6.030
1424229838223	37.498507	139.921381	11	0.303	-1.464	9.475	5.901
1424229838323	37.498511	139.921382	11	0.322	-1.503	9.547	5.776
1424229838419	37.498515	139.921383	11	0.319	-1.540	9.438	5.658
1424229838520	37.498519	139.921384	11	0.370	-1.622	9.459	5.538
1424229838621	37.498523	139.921385	11	0.455	-1.648	9.415	5.419
1424229838721	37.498527	139.921386	11	0.614	-1.673	9.422	5.305
1424229838822	37.498531	139.921387	12	0.661	-1.736	9.482	5.208
1424229838923	37.498536	139.921388	12	0.579	-1.669	9.455	5.128
1424229839023	37.498540	139.921389	12	0.480	-1.617	9.495	5.049
1424229839119	37.498544	139.921390	12	0.535	-1.677	9.403	4.975
1424229839220	37.498549	139.921391	12	0.602	-1.749	9.449	4.898
1424229839321	37.498553	139.921392	12	0.606	-1.776	9.651	4.822
1424229839421	37.498557	139.921392	12	0.625	-1.450	9.319	4.749
1424229839522	37.498561	139.921393	12	0.680	-1.170	9.304	4.675
1424229839623	37.498565	139.921394	12	0.529	-0.999	9.463	4.603
1424229839723	37.498569	139.921395	12	0.376	-0.772	9.590	4.533
1424229839819	37.498572	139.921396	12	0.258	-0.499	9.458	4.395
1424229839920	37.498574	139.921398	12	0.225	-0.312	9.452	4.184
1424229840020	37.498576	139.921399	12	0.226	-0.260	9.519	3.983
1424229840121	37.498578	139.921401	12	0.194	-0.210	9.532	3.790
1424229840222	37.498579	139.921403	12	0.148	-0.130	9.352	3.604
1424229840323	37.498581	139.921404	12	0.136	-0.170	9.376	3.428
1424229840423	37.498582	139.921406	12	0.177	-0.197	9.362	3.262
1424229840519	37.498584	139.921407	12	0.364	-0.169	9.272	3.110
1424229840620	37.498585	139.921408	12	0.536	-0.202	9.114	2.959
1424229840720	37.498586	139.921409	12	0.592	-0.454	9.439	2.817
1424229840821	37.498588	139.921411	11	0.607	-0.593	9.755	2.722
1424229840922	37.498590	139.921412	11	0.579	-0.480	9.386	2.668
1424229841022	37.498591	139.921413	11	0.563	-0.478	9.231	2.615
1424229841123	37.498593	139.921414	11	0.538	-0.640	9.484	2.562
1424229841219	37.498595	139.921415	11	0.441	-0.655	9.519	2.513
1424229841320	37.498596	139.921416	11	0.447	-0.393	9.369	2.463
1424229841420	37.498598	139.921417	11	0.453	-0.199	9.426	2.414
1424229841521	37.498599	139.921418	11	0.385	-0.095	9.605	2.365
1424229841622	37.498601	139.921420	11	0.390	0.107	9.378	2.318
1424229841722	37.498602	139.921421	11	0.331	0.195	9.176	2.272
1424229841819	37.498604	139.921422	10	0.397	0.103	9.344	2.250
1424229841919	37.498605	139.921424	10	0.612	-0.020	9.553	2.250
1424229842020	37.498606	139.921426	10	0.711	0.009	9.730	2.250
1424229842120	37.498607	139.921428	10	0.567	-0.016	9.875	2.250
1424229842221	37.498608	139.921430	10	0.483	0.212	9.149	2.250
1424229842322	37.498609	139.921433	10	0.532	0.224	9.142	2.250
1424229842422	37.498610	139.921435	10	0.724	0.168	9.590	2.250
1424229842523	37.498611	139.921437	10	0.702	0.222	9.373	2.250
1424229842619	37.498612	139.921439	10	0.560	0.108	9.551	2.250
1424229842719	37.498613	139.921441	10	0.694	0.101	9.621	2.250
1424229842820	37.498615	139.921443	11	0.833	0.184	9.355	2.250
1424229842921	37.498617	139.921446	11	0.828	0.271	9.200	2.250
1424229843022	37.498618	139.921449	11	0.838	0.292	9.301	2.250
1424229843122	37.498620	139.921451	11	0.976	0.257	9.483	2.250
1424229843223	37.498622	139.921454	11	1.016	0.139	9.618	2.250
1424229843319	37.498623	139.921457	11	0.936	0.071	9.600	2.250
1424229843419	37.498625	139.921460	11	0.996	0.181	9.370	2.250
1424229843520	37.498627	139.921462	11	1.043	0.442	9.158	2.250
1424229871618	37.498123	139.923307	11	1.005	0.547	9.305	6.824
1424229871623	37.498123	139.923308	11	0.999	0.542	9.307	6.821
1424229871723	37.498121	139.923315	11	0.684	0.243	9.229	6.773
1424229871819	37.498119	139.923322	12	0.540	0.076	9.263	6.711
1424229871920	37.498118	139.923331	12	0.463	-0.087	9.438	6.632
1424229872020	37.498117	139.923339	12	0.457	-0.239	9.475	6.554
1424229872121	37.498115	139.923347	12	0.512	-0.255	9.383	6.477
1424229872222	37.498114	139.923355	12	0.649	-0.222	9.386	6.400
1424229872323	37.498113	139.923363	12	0.776	-0.320	9.549	6.324
1424229872423	37.498111	139.923371	12	0.581	-0.438	9.480	6.250
1424229872519	37.498110	139.923379	12	0.440	-0.468	9.342	6.180
1424229872620	37.498109	139.923387	12	0.431	-0.377	9.182	6.107
1424229872720	37.498108	139.923394	12	0.356	-0.589	9.703	6.035
1424229872821	37.498107	139.923401	12	0.474	-0.666	9.781	5.959
1424229872922	37.498106	139.923407	12	0.488	-0.414	9.219	5.880
1424229873022	37.498105	139.923414	12	0.476	-0.091	8.605	5.802
1424229873123	37.498104	139.923420	12	0.479	-0.378	9.495	5.724
1424229873219	37.498103	139.923425	12	0.201	-0.792	10.069	5.651
1424229873320	37.498102	139.923431	12	0.312	-0.585	9.555	5.575
1424229873420	37.498101	139.923437	12	0.124	-0.393	9.051	5.501
1424229873521	37.498100	139.923443	12	-0.011	-0.410	9.373	5.427
1424229873622	37.498099	139.923449	12	0.041	-0.564	9.550	5.355
1424229873722	37.498098	139.923454	12	0.073	-0.596	9.214	5.284
1424229873823	37.498098	139.923460	12	0.112	-0.206	9.477	5.222
1424229873919	37.498097	139.923465	12	0.107	-0.050	9.586	5.172
1424229874019	37.498096	139.923470	12	0.017	-0.213	9.559	5.121
1424229874120	37.498095	139.923475	12	-0.089	-0.498	9.490	5.069
1424229874221	37.498094	139.923480	12	-0.039	-0.485	9.358	5.018
1424229874322	37.498093	139.923485	12	0.038	-0.299	9.147	4.968
1424229874422	37.498093	139.923489	12	0.071	-0.235	9.228	4.918
1424229874523	37.498092	139.923494	12	0.098	-0.337	9.501	4.869
1424229874619	37.498091	139.923499	12	0.086	-0.394	9.578	4.822
1424229874719	37.498090	139.923504	12	0.061	-0.387	9.405	4.774
1424229874820	37.498090	139.923508	12	-0.007	-0.444	9.425	4.694
1424229874921	37.498089	139.923512	12	-0.062	-0.443	9.350	4.584
1424229875022	37.498088	139.923516	12	-0.128	-0.508	9.426	4.476
1424229875122	37.498087	139.923520	12	-0.135	-0.591	9.507	4.371
1424229875223	37.498087	139.923523	12	-0.110	-0.570	9.548	4.268
1424229875319	37.498086	139.923527	12	-0.124	-0.431	9.436	4.172
1424229875424	37.498085	139.923530	12	-0.056	-0.350	9.434	4.069
1424229875520	37.498085	139.923534	12	-0.011	-0.390	9.473	3.978
1424229875619	37.498084	139.923537	12	0.020	-0.392	9.399	3.886
1424229875721	37.498083	139.923540	12	0.047	-0.384	9.342	3.794
1424229875821	37.498083	139.923545	12	0.045	-0.438	9.410	3.723
1424229875923	37.498083	139.923549	12	-0.036	-0.469	9.519	3.669
1424229876019	37.498082	139.923554	12	-0.065	-0.433	9.406	3.619
1424229876119	37.498082	139.923559	12	-0.057	-0.492	9.384	3.567
1424229876220	37.498082	139.923564	12	-0.040	-0.537	9.355	3.516
1424229876321	37.498082	139.923568	12	-0.020	-0.612	9.358	3.466
1424229876421	37.498082	139.923573	12	0.043	-0.741	9.492	3.416
1424229876522	37.498081	139.923577	12	0.013	-0.843	9.622	3.367
1424229876623	37.498081	139.923582	12	-0.011	-0.905	9.466	3.319
1424229876723	37.498081	139.923586	12	0.088	-0.972	9.495	3.272
1424229876819	37.498080	139.923590	12	0.251	-0.891	9.407	3.237
1424229876920	37.498079	139.923594	12	0.321	-0.708	9.103	3.211
1424229877021	37.498077	139.923598	12	0.394	-0.841	9.384	3.185
1424229877121	37.498076	139.923602	12	0.388	-0.910	9.709	3.160
1424229877222	37.498074	139.923606	12	0.162	-0.592	9.489	3.135
1424229877323	37.498073	139.923610	12	-0.077	-0.270	9.232	3.109
1424229877423	37.498071	139.923614	12	-0.146	-0.117	9.355	3.084
1424229877519	37.498070	139.923618	12	-0.207	-0.051	9.555	3.061
1424229877620	37.498068	139.923621	12	-0.294	0.038	9.411	3.036
1424229877720	37.498067	139.923625	12	-0.180	0.055	9.445	3.012
1424229877821	37.498066	139.923629	12	-0.099	0.163	9.312	2.939
1424229877922	37.498066	139.923633	12	-0.066	0.294	9.194	2.822
1424229878023	37.498066	139.923636	12	-0.156	0.269	9.390	2.709
1424229878123	37.498066	139.923639	12	-0.220	0.283	9.406	2.601
1424229878219	37.498066	139.923642	12	-0.215	0.302	9.413	2.502
1424229878320	37.498065	139.923646	12	-0.234	0.231	9.657	2.401
1424229878420	37.498065	139.923649	12	-0.253	0.310	9.503	2.304
1424229878521	37.498065	139.923651	12	-0.229	0.388	9.109	2.212
1424229892615	37.497786	139.923642	13	-0.063	0.382	9.174	2.070
1424229892620	37.497786	139.923642	13	-0.052	0.379	9.190	2.068
1424229892721	37.497784	139.923641	13	0.237	0.186	9.410	2.022
1424229892822	37.497782	139.923641	13	0.367	0.047	9.240	2.000
1424229892922	37.497781	139.923640	13	0.279	-0.163	9.279	2.000
1424229893023	37.497779	139.923640	13	0.077	-0.320	9.516	2.000
1424229893119	37.497777	139.923640	13	0.035	-0.364	9.556	2.000
1424229893219	37.497776	139.923639	13	0.074	-0.323	9.416	2.000
1424229893320	37.497774	139.923639	13	-0.005	-0.353	9.411	2.000
1424229893421	37.497773	139.923638	13	-0.088	-0.389	9.412	2.000
1424229893521	37.497771	139.923638	13	-0.106	-0.444	9.415	2.000
1424229893622	37.497769	139.923638	13	-0.124	-0.490	9.425	2.000
1424229893723	37.497768	139.923637	13	-0.158	-0.531	9.446	2.000
1424229893819	37.497766	139.923637	11	-0.179	-0.536	9.402	1.987
1424229893919	37.497765	139.923636	11	-0.237	-0.519	9.370	1.961
1424229894020	37.497763	139.923635	11	-0.323	-0.525	9.399	1.934
1424229894121	37.497762	139.923634	11	-0.401	-0.520	9.457	1.908
1424229894221	37.497760	139.923633	11	-0.408	-0.511	9.407	1.883
1424229894322	37.497759	139.923632	11	-0.400	-0.496	9.304	1.858
1424229894423	37.497758	139.923632	11	-0.390	-0.535	9.448	1.833
1424229894519	37.497756	139.923631	11	-0.386	-0.552	9.494	1.810
1424229894619	37.497755	139.923630	11	-0.412	-0.555	9.385	1.786
1424229894720	37.497754	139.923629	11	-0.439	-0.568	9.376	1.762
1424229894821	37.497752	139.923629	10	-0.431	-0.578	9.415	1.736
1424229894921	37.497751	139.923628	10	-0.421	-0.589	9.425	1.710
1424229895022	37.497750	139.923627	10	-0.436	-0.618	9.409	1.683
1424229895123	37.497749	139.923626	10	-0.454	-0.616	9.380	1.657
1424229895223	37.497747	139.923625	10	-0.480	-0.617	9.357	1.632
1424229895319	37.497746	139.923624	10	-0.461	-0.635	9.414	1.608
1424229895420	37.497745	139.923624	10	-0.420	-0.646	9.412	1.583
1424229895521	37.497744	139.923623	10	-0.406	-0.641	9.361	1.559
1424229895621	37.497743	139.923622	10	-0.461	-0.631	9.427	1.535
1424229895722	37.497742	139.923621	10	-0.445	-0.635	9.435	1.511
1424229895823	37.497741	139.923621	10	-0.424	-0.611	9.398	1.422
1424229895923	37.497741	139.923620	10	-0.420	-0.607	9.382	1.282
1424229896019	37.497741	139.923619	10	-0.416	-0.622	9.402	1.158
1424229896120	37.497741	139.923619	10	-0.424	-0.635	9.423	1.036
1424229896220	37.497740	139.923618	10	-0.446	-0.664	9.415	0.926
1424229896321	37.497740	139.923618	10	-0.439	-0.669	9.405	0.825
1424229896422	37.497740	139.923617	10	-0.444	-0.643	9.407	0.735
1424229896523	37.497740	139.923617	10	-0.469	-0.637	9.397	0.654
1424229896623	37.497740	139.923616	10	-0.472	-0.637	9.387	0.584
1424229896719	37.497740	139.923616	10	-0.464	-0.618	9.404	0.527
1424229896820	37.497741	139.923616	10	-0.433	-0.616	9.404	0.451
1424229896921	37.497744	139.923615	10	-0.433	-0.623	9.383	0.360
1424229897021	37.497746	139.923615	10	-0.458	-0.610	9.393	0.281
1424229897122	37.497748	139.923614	10	-0.475	-0.606	9.393	0.210
1424229897223	37.497749	139.923614	10	-0.464	-0.627	9.383	0.150
1424229897323	37.497750	139.923614	10	-0.473	-0.562	9.392	0.100
1424229897419	37.497751	139.923613	10	-0.488	-0.381	9.429	0.062
1424229897520	37.497752	139.923613	10	-0.534	-0.150	9.400	0.031
1424229897620	37.497753	139.923613	10	-0.588	-0.001	9.354	0.011
1424229897721	37.497753	139.923613	10	-0.578	0.013	9.327	0.001
1424229909615	37.497554	139.923491	11	-0.549	-0.094	9.385	4.750
1424229909620	37.497553	139.923491	11	-0.544	-0.097	9.384	4.750
1424229909720	37.497549	139.923490	11	-0.374	-0.267	9.385	4.750
1424229909821	37.497545	139.923488	11	-0.217	-0.323	9.310	4.737
1424229909922	37.497541	139.923487	11	-0.106	-0.406	9.339	4.711
1424229910023	37.497537	139.923486	11	-0.035	-0.457	9.412	4.685
1424229910123	37.497533	139.923485	11	0.051	-0.447	9.390	4.660
1424229910219	37.497529	139.923484	11	0.066	-0.399	9.361	4.636
1424229910320	37.497525	139.923483	11	0.095	-0.389	9.373	4.611
1424229910420	37.497521	139.923482	11	0.242	-0.376	9.441	4.586
1424229910522	37.497517	139.923481	11	0.369	-0.349	9.414	4.561
1424229910622	37.497513	139.923480	11	0.504	-0.312	9.338	4.536
1424229910723	37.497509	139.923478	11	0.575	-0.347	9.382	4.511
1424229910823	37.497505	139.923477	10	0.628	-0.355	9.512	4.472
1424229910919	37.497501	139.923476	10	0.656	-0.307	9.501	4.422
1424229911020	37.497497	139.923475	10	0.692	-0.170	9.300	4.369
1424229911120	37.497494	139.923474	10	0.631	-0.197	9.370	4.318
1424229911221	37.497490	139.923472	10	0.516	-0.299	9.513	4.267
1424229911322	37.497486	139.923471	10	0.450	-0.296	9.516	4.217
1424229911422	37.497482	139.923470	10	0.360	-0.266	9.456	4.167
1424229911523	37.497479	139.923469	10	0.355	-0.419	9.400	4.118
1424229911619	37.497475	139.923468	10	0.550	-0.561	9.449	4.072
1424229911719	37.497472	139.923467	10	0.750	-0.627	9.450	4.024
1424229911820	37.497469	139.923465	10	0.804	-0.515	9.424	3.943
1424229911921	37.497466	139.923464	10	0.704	-0.337	9.317	3.831
1424229912022	37.497463	139.923463	10	0.834	-0.281	9.496	3.721
1424229912122	37.497460	139.923462	10	1.047	-0.298	9.590	3.615
1424229912223	37.497458	139.923461	10	1.098	-0.216	9.372	3.512
1424229912319	37.497455	139.923460	10	1.080	-0.101	9.288	3.416
1424229912419	37.497453	139.923459	10	1.101	-0.075	9.402	3.318
1424229912520	37.497451	139.923458	10	1.147	-0.102	9.394	3.223
1424229912621	37.497448	139.923457	10	1.170	-0.127	9.330	3.131
1424229912722	37.497446	139.923456	10	1.109	-0.144	9.415	3.041
1424229912822	37.497444	139.923455	11	0.996	-0.124	9.468	2.986
1424229912923	37.497441	139.923453	11	0.824	-0.169	9.494	2.960
1424229913019	37.497439	139.923450	11	0.774	-0.159	9.453	2.936
1424229913119	37.497437	139.923448	11	0.773	-0.128	9.407	2.910
1424229913220	37.497434	139.923446	11	0.753	-0.139	9.440	2.885
1424229913321	37.497432	139.923444	11	0.689	-0.115	9.379	2.860
1424229913421	37.497430	139.923441	11	0.720	-0.095	9.380	2.835
1424229913522	37.497428	139.923439	11	0.731	-0.054	9.268	2.810
1424229913623	37.497425	139.923437	11	0.744	-0.023	9.239	2.785
1424229913719	37.497423	139.923435	11	0.793	-0.056	9.428	2.762
1424229913819	37.497421	139.923433	11	0.917	-0.139	9.549	2.750
1424229913920	37.497420	139.923430	11	0.980	-0.188	9.453	2.750
1424229914021	37.497418	139.923427	11	0.851	-0.363	9.348	2.750
1424229914121	37.497417	139.923424	11	0.650	-0.607	9.422	2.750
1424229914222	37.497415	139.923421	11	0.568	-0.755	9.415	2.750
1424229914323	37.497414	139.923418	11	0.498	-0.639	9.266	2.750
1424229914423	37.497412	139.923415	11	0.447	-0.496	9.491	2.750
1424229914519	37.497411	139.923412	11	0.388	-0.380	9.594	2.750
1424229914620	37.497409	139.923409	11	0.385	-0.227	9.438	2.750
1424229914721	37.497408	139.923406	11	0.428	-0.149	9.347	2.750
1424229914821	37.497407	139.923403	11	0.388	-0.385	9.545	2.737
1424229914922	37.497406	139.923400	11	0.455	-0.614	9.613	2.710
1424229915023	37.497405	139.923397	11	0.615	-0.646	9.219	2.685
1424229915123	37.497404	139.923394	11	0.605	-0.825	9.138	2.659
1424229915219	37.497403	139.923391	11	0.526	-1.020	9.442	2.635
1424229915320	37.497403	139.923388	11	0.317	-1.060	9.450	2.610
1424229915421	37.497402	139.923384	11	0.147	-0.972	9.489	2.585
1424229915521	37.497401	139.923381	11	-0.118	-0.738	9.448	2.560
1424229915622	37.497400	139.923378	11	-0.477	-0.600	9.370	2.535
1424229915723	37.497399	139.923375	11	-0.634	-0.580	9.364	2.511
1424229915823	37.497399	139.923373	11	-0.337	-0.701	9.549	2.454
1424229915919	37.497399	139.923370	11	0.077	-0.806	9.680	2.371
1424229916020	37.497400	139.923367	11	0.331	-0.751	9.458	2.288
1424229916120	37.497400	139.923365	11	0.339	-0.525	9.393	2.207
1424229916222	37.497400	139.923362	11	0.224	-0.237	9.414	2.128
1424229916322	37.497400	139.923360	11	0.135	-0.097	9.513	2.053
1424229916423	37.497400	139.923357	11	0.251	-0.094	9.632	1.980
1424229916523	37.497401	139.923355	11	0.273	0.086	9.303	1.911
1424229916619	37.497401	139.923353	11	0.195	0.250	9.147	1.846
1424229916720	37.497401	139.923351	11	0.106	0.372	9.238	1.781
1424229916820	37.497401	139.923349	11	0.103	0.322	9.350	1.762
1424229916921	37.497402	139.923346	11	-0.030	0.401	9.553	1.786
1424229917022	37.497403	139.923344	11	-0.097	0.484	9.457	1.810
1424229917122	37.497403	139.923341	11	0.032	0.481	9.431	1.834
1424229917223	37.497404	139.923339	11	0.301	0.531	9.429	1.859
1424229917319	37.497405	139.923336	11	0.336	0.706	9.396	1.883
1424229917420	37.497405	139.923333	11	0.065	0.789	9.339	1.909
1424229917520	37.497406	139.923331	11	-0.195	0.614	9.369	1.934
1424229947617	37.497736	139.921406	8	-0.209	0.438	9.515	5.788
1424229947622	37.497736	139.921406	8	-0.212	0.426	9.509	5.786
1424229947723	37.497737	139.921400	8	-0.094	0.166	9.520	5.762
1424229947823	37.497738	139.921394	6	0.055	0.029	9.444	5.722
1424229947919	37.497740	139.921388	6	0.092	-0.058	9.268	5.673
1424229948020	37.497743	139.921381	6	0.134	-0.141	9.441	5.621
1424229948120	37.497745	139.921375	6	0.111	-0.207	9.499	5.570
1424229948221	37.497747	139.921369	6	0.299	-0.314	9.471	5.519
1424229948322	37.497749	139.921363	6	0.130	-0.317	9.072	5.468
1424229948423	37.497752	139.921357	6	0.115	-0.550	9.286	5.418
1424229948523	37.497754	139.921351	6	0.140	-0.698	9.613	5.369
1424229948619	37.497756	139.921345	6	0.165	-0.738	9.832	5.323
1424229948720	37.497758	139.921339	6	-0.076	-0.647	9.364	5.274
1424229948820	37.497760	139.921333	6	0.050	-0.572	9.066	5.210
1424229948921	37.497761	139.921328	6	0.211	-0.705	9.551	5.129
1424229949022	37.497762	139.921323	6	0.366	-0.766	9.746	5.050
1424229949122	37.497763	139.921319	6	0.289	-0.771	9.362	4.973
1424229949223	37.497764	139.921314	6	0.350	-0.685	9.502	4.896
1424229949319	37.497765	139.921309	6	0.208	-0.781	9.526	4.824
1424229949420	37.497766	139.921305	6	0.097	-0.776	9.187	4.749
1424229949520	37.497767	139.921300	6	0.025	-0.902	9.196	4.677
1424229949621	37.497768	139.921296	6	-0.038	-1.029	9.541	4.604
1424229949722	37.497770	139.921291	6	0.337	-1.082	9.900	4.533
1424229949822	37.497771	139.921287	6	0.843	-1.067	9.826	4.425
1424229949923	37.497773	139.921284	6	0.815	-1.072	9.420	4.283
1424229950019	37.497775	139.921280	6	0.610	-0.990	9.025	4.151
1424229950119	37.497777	139.921277	6	0.379	-1.022	9.337	4.018
1424229950220	37.497779	139.921274	6	0.033	-1.187	9.330	3.888
1424229950321	37.497781	139.921271	6	-0.327	-1.202	9.134	3.761
1424229950422	37.497783	139.921268	6	-0.636	-1.212	9.201	3.639
1424229950522	37.497785	139.921265	6	-0.573	-1.265	9.515	3.522
1424229950623	37.497787	139.921262	6	-0.379	-1.146	9.625	3.408
1424229950719	37.497788	139.921259	6	-0.140	-0.943	9.409	3.304
1424229950819	37.497790	139.921257	6	0.140	-0.796	9.076	3.209
1424229950920	37.497791	139.921255	6	0.763	-0.837	9.585	3.125
1424229951021	37.497793	139.921253	6	1.219	-0.914	9.777	3.043
1424229951122	37.497794	139.921251	6	1.180	-0.904	9.433	2.964
1424229951222	37.497795	139.921249	6	0.939	-0.890	9.221	2.887
1424229951323	37.497797	139.921247	6	0.637	-0.941	9.419	2.811
1424229951419	37.497798	139.921246	6	0.074	-0.975	9.314	2.741
1424229951519	37.497799	139.921244	6	-0.397	-0.971	9.374	2.670
1424229951620	37.497800	139.921242	6	-0.609	-1.019	9.584	2.600
1424229951721	37.497801	139.921241	6	-0.542	-1.006	9.363	2.532
1424229951821	37.497802	139.921239	5	-0.254	-1.003	9.277	2.455
1424229951922	37.497803	139.921237	5	-0.073	-1.179	9.571	2.369
1424229952023	37.497804	139.921235	5	0.066	-1.270	9.661	2.285
1424229952119	37.497804	139.921234	5	0.255	-1.270	9.453	2.208
1424229952219	37.497805	139.921232	5	0.412	-1.192	9.319	2.131
1424229952320	37.497806	139.921231	5	0.463	-1.232	9.349	2.055
1424229952421	37.497806	139.921229	5	0.338	-1.319	9.416	1.982
1424229952521	37.497807	139.921227	5	0.185	-1.322	9.437	1.912
1424229952622	37.497807	139.921226	5	0.157	-1.313	9.445	1.844
1424229952723	37.497808	139.921225	5	0.178	-1.254	9.463	1.779
1424229952823	37.497808	139.921225	8	0.148	-0.960	9.478	1.649
1424229952919	37.497808	139.921227	8	0.024	-0.567	9.464	1.476
1424229953020	37.497808	139.921228	8	-0.092	-0.293	9.384	1.307
1424229953121	37.497808	139.921230	8	-0.055	-0.238	9.359	1.153
1424229953221	37.497808	139.921231	8	0.060	-0.329	9.374	1.014
1424229953322	37.497808	139.921232	8	0.110	-0.527	9.405	0.888
1424229953423	37.497808	139.921233	8	0.143	-0.683	9.452	0.776
1424229953523	37.497808	139.921234	8	0.231	-0.755	9.455	0.680
1424229953619	37.497808	139.921235	8	0.335	-0.764	9.422	0.600
1424229953720	37.497808	139.921236	8	0.294	-0.584	9.456	0.530
1424229953820	37.497808	139.921236	8	0.090	-0.184	9.474	0.451
1424229953921	37.497807	139.921237	8	-0.095	0.149	9.394	0.360
1424229954022	37.497807	139.921237	8	-0.110	0.268	9.326	0.280
1424229954123	37.497806	139.921237	8	-0.065	0.181	9.359	0.209
1424229954223	37.497806	139.921237	8	-0.048	0.048	9.425	0.150
1424229954319	37.497806	139.921238	8	-0.034	0.027	9.421	0.102
1424229954420	37.497805	139.921238	8	-0.024	0.111	9.410	0.061
1424229954520	37.497805	139.921238	8	-0.030	0.187	9.384	0.031
1424229954621	37.497805	139.921238	8	-0.051	0.149	9.383	0.011
1424229954722	37.497805	139.921238	8	-0.039	0.090	9.411	0.001
1424229994617	37.499293	139.921666	8	-0.030	0.123	9.428	5.073
1424229994622	37.499293	139.921666	8	-0.030	0.123	9.436	5.071
1424229994723	37.499296	139.921668	8	0.017	-0.094	9.560	5.022
1424229994819	37.499299	139.921669	11	-0.008	-0.270	9.466	4.974
1424229994919	37.499302	139.921669	11	-0.010	-0.321	9.253	4.922
1424229995020	37.499304	139.921668	11	0.018	-0.359	9.419	4.870
1424229995121	37.499306	139.921668	11	0.026	-0.380	9.585	4.819
1424229995222	37.499309	139.921668	11	0.072	-0.368	9.479	4.767
1424229995322	37.499311	139.921668	11	0.057	-0.371	9.329	4.717
1424229995419	37.499313	139.921668	11	0.048	-0.321	9.321	4.670
1424229995519	37.499315	139.921667	11	0.025	-0.357	9.428	4.621
1424229995619	37.499318	139.921667	11	-0.004	-0.452	9.487	4.572
1424229995720	37.499320	139.921667	11	-0.064	-0.555	9.347	4.524
1424229995821	37.499323	139.921668	11	-0.039	-0.595	9.369	4.473
1424229995922	37.499325	139.921669	11	0.118	-0.680	9.512	4.420
1424229996022	37.499328	139.921670	11	0.208	-0.696	9.431	4.368
1424229996123	37.499331	139.921671	11	0.276	-0.649	9.355	4.317
1424229996219	37.499334	139.921673	11	0.315	-0.637	9.376	4.268
1424229996319	37.499337	139.921674	11	0.306	-0.708	9.556	4.218
1424229996420	37.499340	139.921675	11	0.195	-0.725	9.474	4.168
1424229996521	37.499342	139.921676	11	0.069	-0.699	9.358	4.119
1424229996621	37.499345	139.921677	11	0.016	-0.776	9.578	4.071
1424229996722	37.499348	139.921678	11	-0.013	-0.733	9.510	4.023
1424229996823	37.499350	139.921680	9	0.088	-0.669	9.492	3.922
1424229996924	37.499350	139.921681	9	0.236	-0.656	9.498	3.777
1424229997019	37.499351	139.921682	9	0.346	-0.630	9.323	3.645
1424229997120	37.499352	139.921683	9	0.351	-0.670	9.420	3.510
1424229997221	37.499353	139.921684	9	0.202	-0.691	9.452	3.379
1424229997321	37.499354	139.921686	9	0.163	-0.711	9.421	3.254
1424229997422	37.499355	139.921687	9	0.106	-0.816	9.463	3.132
1424229997523	37.499355	139.921688	9	0.052	-0.852	9.361	3.016
1424229997619	37.499356	139.921689	9	-0.025	-0.817	9.477	2.909
1424229997719	37.499357	139.921690	9	0.055	-0.798	9.557	2.803
1424229997820	37.499356	139.921689	10	0.141	-0.777	9.403	2.624
1424229997921	37.499354	139.921687	10	0.193	-0.693	9.184	2.381
1424229998021	37.499352	139.921686	10	0.379	-0.771	9.505	2.157
1424229998122	37.499351	139.921684	10	0.574	-0.899	9.656	1.948
1424229998223	37.499349	139.921683	10	0.623	-0.949	9.398	1.755
1424229998323	37.499348	139.921682	10	0.543	-1.024	9.319	1.580
1424229998419	37.499346	139.921681	10	0.461	-1.113	9.542	1.428
1424229998520	37.499345	139.921680	10	0.303	-1.074	9.295	1.284
1424229998620	37.499344	139.921679	10	0.172	-0.997	9.093	1.158
1424229998721	37.499343	139.921678	10	0.244	-1.096	9.494	1.048
1424229998822	37.499343	139.921678	10	0.322	-1.139	9.706	0.966
1424229998923	37.499343	139.921679	10	0.163	-1.090	9.418	0.902
1424229999023	37.499343	139.921679	10	0.194	-1.164	9.471	0.842
1424229999119	37.499343	139.921679	10	0.388	-1.417	9.863	0.788
1424229999220	37.499342	139.921680	10	0.639	-1.397	9.759	0.734
1424229999320	37.499342	139.921680	10	0.500	-1.040	9.220	0.684
1424229999421	37.499342	139.921680	10	0.172	-0.661	9.178	0.637
1424229999522	37.499342	139.921680	10	-0.084	-0.420	9.399	0.593
1424229999622	37.499342	139.921681	10	-0.194	-0.251	9.493	0.553
1424229999723	37.499342	139.921681	10	-0.227	-0.146	9.448	0.516
1424229999819	37.499343	139.921681	7	-0.301	-0.037	9.363	0.510
1424229999920	37.499344	139.921680	7	-0.289	0.055	9.378	0.531
1424230000020	37.499345	139.921679	7	-0.149	0.097	9.462	0.553
1424230000121	37.499346	139.921678	7	-0.039	0.097	9.453	0.576
1424230000222	37.499347	139.921677	7	-0.039	0.060	9.497	0.601
1424230000322	37.499349	139.921675	7	-0.204	0.071	9.451	0.626
1424230000423	37.499350	139.921674	7	-0.529	0.082	9.408	0.652
1424230000519	37.499351	139.921673	7	-0.537	-0.092	9.617	0.678
1424230000620	37.499353	139.921672	7	-0.032	-0.134	9.671	0.706
1424230028616	37.499973	139.919965	5	-0.005	-0.129	9.659	7.788
1424230028621	37.499973	139.919964	5	0.019	-0.122	9.642	7.787
1424230028722	37.499975	139.919956	5	0.119	-0.122	9.550	7.762
1424230028823	37.499977	139.919948	5	0.075	-0.204	9.644	7.737
1424230028919	37.499980	139.919941	5	0.095	-0.178	9.426	7.712
1424230029019	37.499983	139.919933	5	0.168	-0.197	9.514	7.687
1424230029120	37.499985	139.919925	5	0.161	-0.202	9.470	7.662
1424230029221	37.499988	139.919917	5	0.075	-0.250	9.357	7.636
1424230029321	37.499990	139.919910	5	0.070	-0.272	9.310	7.611
1424230029422	37.499993	139.919902	5	0.014	-0.133	9.046	7.586
1424230029523	37.499996	139.919895	5	-0.002	-0.309	9.569	7.561
1424230029623	37.499998	139.919887	5	-0.018	-0.491	9.929	7.536
1424230029719	37.500001	139.919880	5	0.087	-0.408	9.549	7.513
1424230029820	37.500003	139.919872	5	0.159	-0.346	9.258	7.474
1424230029921	37.500005	139.919864	5	0.164	-0.406	9.135	7.422
1424230030021	37.500007	139.919857	5	0.178	-0.353	9.429	7.371
1424230030122	37.500009	139.919849	5	0.056	-0.185	9.330	7.320
1424230030223	37.500011	139.919841	5	0.122	-0.420	9.688	7.269
1424230030323	37.500013	139.919834	5	0.211	-0.551	9.631	7.219
1424230030419	37.500014	139.919827	5	0.245	-0.491	9.382	7.172
1424230030520	37.500016	139.919819	5	0.195	-0.416	9.204	7.122
1424230030620	37.500018	139.919812	5	0.373	-0.310	9.101	7.073
1424230030721	37.500020	139.919805	5	0.267	-0.314	9.356	7.024
1424230030822	37.500023	139.919798	5	0.108	-0.349	9.585	6.973
1424230030923	37.500026	139.919791	5	0.190	-0.350	9.471	6.921
1424230031023	37.500029	139.919785	5	0.339	-0.574	9.552	6.870
1424230031119	37.500031	139.919779	5	0.264	-0.563	9.461	6.821
1424230031220	37.500034	139.919773	5	0.286	-0.379	9.032	6.770
1424230031320	37.500037	139.919766	5	0.320	-0.186	8.847	6.720
1424230031421	37.500040	139.919760	5	0.335	-0.489	9.894	6.670
1424230031522	37.500043	139.919754	5	0.313	-0.653	9.973	6.621
1424230031623	37.500046	139.919748	5	0.329	-0.331	9.352	6.571
1424230031723	37.500049	139.919742	5	0.396	-0.406	9.187	6.523
1424230031819	37.500051	139.919736	5	0.426	-0.644	9.593	6.461
1424230031925	37.500053	139.919731	5	0.368	-0.638	9.465	6.378
1424230032020	37.500055	139.919726	5	0.314	-0.362	9.428	6.304
1424230032119	37.500058	139.919721	5	0.397	-0.321	9.275	6.228
1424230032222	37.500060	139.919716	5	0.433	-0.728	9.728	6.150
1424230032321	37.500062	139.919711	5	0.367	-0.541	9.131	6.075
1424230032423	37.500064	139.919706	5	0.341	-0.489	9.170	6.000
1424230032519	37.500066	139.919702	5	0.377	-0.744	9.684	5.930
1424230032619	37.500068	139.919697	5	0.408	-1.025	9.810	5.857
1424230032720	37.500070	139.919692	5	0.403	-0.893	9.406	5.785
1424230032821	37.500072	139.919687	5	0.140	-0.571	8.743	5.679
1424230032922	37.500074	139.919682	5	0.344	-0.725	9.363	5.540
1424230033022	37.500076	139.919677	5	0.496	-1.229	9.653	5.406
1424230033123	37.500077	139.919672	5	0.348	-1.244	9.598	5.274
1424230033219	37.500079	139.919667	5	0.439	-1.077	9.594	5.151
1424230033319	37.500081	139.919663	5	0.290	-0.955	9.119	5.026
1424230033420	37.500083	139.919658	5	0.455	-1.319	9.697	4.903
1424230033521	37.500084	139.919654	5	0.725	-1.719	9.728	4.783
1424230033621	37.500086	139.919649	5	0.762	-1.465	9.468	4.667
1424230033722	37.500087	139.919645	5	0.547	-1.133	9.156	4.553
1424230033823	37.500088	139.919641	5	0.309	-0.989	9.156	4.405
1424230033919	37.500089	139.919637	5	0.349	-1.258	9.297	4.238
1424230034019	37.500090	139.919634	5	0.256	-1.412	9.597	4.070
1424230034120	37.500091	139.919630	5	0.210	-1.455	9.525	3.907
1424230034221	37.500092	139.919627	5	0.314	-1.498	9.294	3.749
1424230034321	37.500093	139.919624	5	0.370	-1.441	9.335	3.599
1424230034422	37.500094	139.919621	5	0.436	-1.476	9.741	3.454
1424230034523	37.500094	139.919618	5	0.666	-1.652	9.610	3.315
1424230034619	37.500095	139.919615	5	0.882	-1.725	9.312	3.188
1424230034719	37.500096	139.919612	5	0.794	-1.727	9.222	3.062
1424230034820	37.500096	139.919610	5	0.617	-1.814	9.321	2.901
1424230034921	37.500096	139.919608	5	0.400	-1.889	9.561	2.709
1424230035021	37.500096	139.919607	5	0.287	-1.957	9.530	2.530
1424230035122	37.500096	139.919605	5	0.284	-1.832	9.361	2.358
1424230035223	37.500097	139.919603	5	0.414	-1.334	9.015	2.197
1424230035324	37.500097	139.919602	5	0.624	-1.370	9.349	2.045
1424230035419	37.500097	139.919601	5	0.583	-1.757	10.242	1.913
1424230035520	37.500097	139.919600	5	0.375	-1.642	9.858	1.781
1424230035621	37.500097	139.919598	5	0.273	-1.188	9.169	1.660
1424230035721	37.500097	139.919597	5	0.199	-0.845	9.259	1.550
1424230035822	37.500097	139.919596	5	0.124	-0.617	9.496	1.469
1424230035923	37.500096	139.919595	5	0.139	-0.433	9.412	1.411
1424230036023	37.500095	139.919594	5	0.269	-0.370	9.300	1.355
1424230036119	37.500094	139.919593	5	0.367	-0.428	9.386	1.303
1424230036220	37.500093	139.919592	5	0.207	-0.400	9.539	1.250
1424230036320	37.500093	139.919592	5	0.027	-0.240	9.415	1.200
1424230036421	37.500092	139.919591	5	0.013	-0.113	9.359	1.152
1424230036522	37.500091	139.919590	5	0.051	-0.043	9.478	1.105
1424230036623	37.500091	139.919589	5	0.005	0.063	9.506	1.061
1424230036723	37.500090	139.919588	5	-0.093	0.260	9.371	1.019
1424230036819	37.500091	139.919587	6	-0.111	0.474	9.328	1.020
1424230036920	37.500092	139.919586	6	-0.015	0.600	9.365	1.062
1424230037020	37.500093	139.919585	6	0.019	0.613	9.454	1.106
1424230037121	37.500095	139.919583	6	-0.236	0.555	9.470	1.153
1424230037222	37.500096	139.919582	6	-0.202	0.394	9.689	1.201
1424230037323	37.500098	139.919580	6	0.326	0.421	9.741	1.252
1424230037423	37.500099	139.919579	6	0.469	0.676	9.321	1.304
1424230037519	37.500101	139.919577	6	0.227	0.906	9.152	1.356
1424230051618	37.500571	139.919723	4	0.020	0.949	9.379	5.287
1424230051623	37.500572	139.919723	4	0.017	0.944	9.398	5.286
1424230051719	37.500575	139.919724	4	0.121	0.470	9.638	5.262
1424230051819	37.500579	139.919726	4	0.094	0.114	9.620	5.224
1424230051920	37.500583	139.919728	4	0.095	0.013	9.353	5.172
1424230052021	37.500587	139.919729	4	0.044	-0.041	9.271	5.120
1424230052122	37.500591	139.919731	4	0.034	-0.289	9.451	5.068
1424230052222	37.500595	139.919733	4	0.042	-0.423	9.575	5.018
1424230052323	37.500598	139.919735	4	0.050	-0.440	9.431	4.967
1424230052419	37.500602	139.919736	4	0.195	-0.318	9.297	4.920
1424230052519	37.500606	139.919738	4	0.277	-0.273	9.438	4.871
1424230052620	37.500610	139.919740	4	0.317	-0.324	9.466	4.822
1424230052721	37.500613	139.919741	4	0.195	-0.353	9.335	4.773
1424230052821	37.500617	139.919743	4	0.150	-0.369	9.351	4.723
1424230052922	37.500621	139.919744	4	0.125	-0.335	9.488	4.670
1424230053023	37.500625	139.919745	4	0.116	-0.327	9.443	4.618
1424230053119	37.500628	139.919746	4	0.087	-0.441	9.511	4.569
1424230053219	37.500632	139.919747	4	0.170	-0.407	9.491	4.519
1424230053320	37.500636	139.919748	4	0.292	-0.339	9.423	4.468
1424230053421	37.500640	139.919749	4	0.293	-0.253	9.314	4.418
1424230053522	37.500643	139.919750	4	0.362	-0.244	9.392	4.369
1424230053622	37.500647	139.919751	4	0.308	-0.341	9.376	4.320
1424230053723	37.500650	139.919752	4	0.177	-0.420	9.482	4.272
1424230053819	37.500654	139.919753	4	-0.004	-0.457	9.566	4.210
1424230053919	37.500657	139.919754	4	-0.044	-0.470	9.446	4.129
1424230054020	37.500660	139.919755	4	-0.034	-0.449	9.367	4.049
1424230054121	37.500663	139.919756	4	-0.064	-0.533	9.393	3.970
1424230054221	37.500666	139.919757	4	0.008	-0.710	9.510	3.894
1424230054322	37.500669	139.919758	4	0.017	-0.778	9.512	3.818
1424230054423	37.500672	139.919759	4	0.073	-0.740	9.380	3.744
1424230054523	37.500675	139.919760	4	0.164	-0.623	9.165	3.672
1424230054619	37.500678	139.919761	4	0.299	-0.790	9.615	3.604
1424230054720	37.500681	139.919762	4	0.208	-0.981	9.780	3.534
1424230054821	37.500684	139.919762	5	0.092	-0.840	9.393	3.457
1424230054921	37.500687	139.919761	5	-0.054	-0.712	9.286	3.375
1424230055022	37.500690	139.919761	5	-0.047	-0.632	9.301	3.294
1424230055123	37.500693	139.919760	5	-0.053	-0.668	9.537	3.215
1424230055223	37.500696	139.919760	5	0.038	-0.751	9.731	3.138
1424230055319	37.500699	139.919760	5	0.103	-0.698	9.558	3.066
1424230055420	37.500702	139.919759	5	0.041	-0.568	9.188	2.992
1424230055520	37.500704	139.919759	5	0.029	-0.557	9.183	2.921
1424230055621	37.500707	139.919759	5	0.054	-0.662	9.510	2.850
1424230055722	37.500710	139.919758	5	0.148	-0.597	9.455	2.782
1424230055823	37.500712	139.919759	5	0.200	-0.389	9.151	2.721
1424230055923	37.500714	139.919761	5	0.221	-0.377	9.360	2.667
1424230056019	37.500716	139.919763	5	0.150	-0.400	9.639	2.616
1424230056120	37.500718	139.919765	5	-0.001	-0.364	9.440	2.564
1424230056220	37.500720	139.919767	5	-0.165	-0.408	9.314	2.513
1424230056321	37.500723	139.919769	5	-0.209	-0.530	9.414	2.462
1424230056422	37.500724	139.919771	5	-0.082	-0.633	9.502	2.413
1424230056523	37.500726	139.919773	5	0.062	-0.768	9.476	2.364
1424230056623	37.500728	139.919774	5	0.173	-0.930	9.410	2.317
1424230056719	37.500730	139.919776	5	0.276	-1.040	9.375	2.273
1424230056820	37.500732	139.919777	4	0.292	-1.150	9.434	2.186
1424230056920	37.500733	139.919777	4	0.230	-1.210	9.494	2.064
1424230057021	37.500735	139.919777	4	0.209	-1.177	9.452	1.945
1424230057122	37.500736	139.919777	4	0.181	-0.882	9.473	1.833
1424230057222	37.500738	139.919777	4	0.067	-0.630	9.429	1.727
1424230057323	37.500739	139.919777	4	-0.114	-0.521	9.372	1.626
1424230057419	37.500740	139.919777	4	-0.116	-0.531	9.406	1.536
1424230057519	37.500741	139.919777	4	0.028	-0.550	9.428	1.447
1424230057620	37.500743	139.919777	4	0.131	-0.556	9.458	1.364
1424230057721	37.500744	139.919777	4	0.146	-0.623	9.400	1.286
1424230057822	37.500745	139.919777	4	0.160	-0.640	9.393	1.195
1424230057922	37.500746	139.919778	4	0.199	-0.651	9.401	1.095
1424230058023	37.500747	139.919779	4	0.155	-0.611	9.416	1.000
1424230058119	37.500748	139.919780	4	0.081	-0.587	9.387	0.915
1424230058219	37.500749	139.919780	4	0.022	-0.614	9.443	0.834
1424230058320	37.500750	139.919781	4	0.045	-0.727	9.570	0.758
1424230058421	37.500751	139.919781	4	0.075	-0.765	9.574	0.689
1424230058522	37.500751	139.919782	4	-0.022	-0.614	9.493	0.626
1424230058622	37.500752	139.919782	4	-0.146	-0.420	9.374	0.570
1424230058723	37.500753	139.919783	4	-0.163	-0.298	9.349	0.521
1424230058819	37.500753	139.919783	4	-0.087	-0.245	9.379	0.484
1424230058919	37.500753	139.919783	4	-0.056	-0.213	9.418	0.452
1424230059020	37.500753	139.919783	4	-0.116	-0.193	9.394	0.422
1424230059121	37.500753	139.919783	4	-0.156	-0.196	9.381	0.393
1424230059222	37.500754	139.919784	4	-0.120	-0.226	9.406	0.366
1424230059322	37.500754	139.919784	4	-0.094	-0.209	9.432	0.341
1424230059423	37.500754	139.919784	4	-0.120	-0.165	9.408	0.318
1424230059519	37.500754	139.919784	4	-0.177	-0.151	9.403	0.297
1424230059619	37.500754	139.919784	4	-0.186	-0.147	9.425	0.277
1424230059720	37.500754	139.919784	4	-0.148	-0.148	9.418	0.259
1424230059821	37.500754	139.919784	3	-0.141	-0.145	9.404	0.225
1424230059921	37.500755	139.919785	3	-0.180	-0.137	9.412	0.180
1424230060022	37.500755	139.919785	3	-0.190	-0.120	9.403	0.140
1424230060123	37.500755	139.919785	3	-0.179	-0.107	9.397	0.105
1424230060224	37.500755	139.919785	3	-0.165	-0.095	9.400	0.075
1424230060324	37.500756	139.919786	3	-0.190	-0.071	9.403	0.050
1424230060420	37.500756	139.919786	3	-0.222	-0.015	9.400	0.031
1424230060519	37.500756	139.919786	3	-0.232	0.080	9.407	0.016
1424230060621	37.500756	139.919786	3	-0.203	0.123	9.398	0.006
1424230060720	37.500756	139.919786	3	-0.217	0.124	9.408	0.001
1424230092616	37.500428	139.921068	6	-0.197	-0.101	9.389	5.074
1424230092621	37.500428	139.921069	6	-0.199	-0.101	9.389	5.071
1424230092722	37.500427	139.921073	6	-0.121	-0.120	9.244	5.023
1424230092823	37.500426	139.921077	6	0.090	-0.219	9.575	4.972
1424230092923	37.500425	139.921082	6	0.233	-0.230	9.596	4.920
1424230093019	37.500425	139.921086	6	0.148	-0.267	9.330	4.871
1424230093120	37.500425	139.921090	6	0.083	-0.292	9.347	4.819
1424230093220	37.500424	139.921094	6	0.124	-0.342	9.453	4.768
1424230093321	37.500424	139.921099	6	0.205	-0.288	9.444	4.718
1424230093422	37.500423	139.921103	6	0.137	-0.320	9.382	4.668
1424230093523	37.500423	139.921107	6	0.058	-0.374	9.418	4.619
1424230093623	37.500423	139.921111	6	-0.042	-0.394	9.514	4.570
1424230093719	37.500422	139.921115	6	0.072	-0.295	9.382	4.524
1424230093820	37.500422	139.921119	6	0.091	-0.349	9.251	4.459
1424230093920	37.500421	139.921123	6	0.292	-0.467	9.409	4.379
1424230094021	37.500420	139.921127	6	0.522	-0.567	9.589	4.299
1424230094122	37.500419	139.921132	6	0.386	-0.604	9.462	4.220
1424230094223	37.500418	139.921136	6	0.158	-0.707	9.411	4.143
1424230094323	37.500417	139.921139	6	0.052	-0.767	9.471	4.068
1424230094419	37.500417	139.921143	6	0.118	-0.707	9.447	3.998
1424230094520	37.500416	139.921147	6	0.127	-0.671	9.311	3.925
1424230094620	37.500415	139.921151	6	0.081	-0.712	9.446	3.854
1424230094721	37.500414	139.921154	6	0.218	-0.674	9.448	3.784
1424230094822	37.500414	139.921158	5	0.295	-0.524	9.486	3.707
1424230094922	37.500413	139.921163	5	0.305	-0.342	9.381	3.625
1424230095023	37.500413	139.921167	5	0.303	-0.319	9.282	3.545
1424230095119	37.500412	139.921171	5	0.363	-0.400	9.395	3.469
1424230095219	37.500412	139.921175	5	0.313	-0.475	9.456	3.393
1424230095320	37.500411	139.921179	5	0.196	-0.511	9.407	3.317
1424230095421	37.500411	139.921183	5	0.046	-0.561	9.420	3.243
1424230095522	37.500410	139.921187	5	-0.060	-0.587	9.389	3.170
1424230095622	37.500410	139.921191	5	-0.219	-0.475	9.077	3.100
1424230095723	37.500409	139.921194	5	0.050	-0.566	9.488	3.032
1424230095819	37.500409	139.921197	6	0.389	-0.706	9.861	2.942
1424230095919	37.500410	139.921198	6	0.599	-0.612	9.609	2.826
1424230096020	37.500410	139.921200	6	0.498	-0.441	9.045	2.712
1424230096121	37.500410	139.921201	6	0.461	-0.456	9.155	2.603
1424230096222	37.500411	139.921203	6	0.423	-0.609	9.489	2.498
1424230096322	37.500411	139.921204	6	0.285	-0.701	9.497	2.399
1424230096423	37.500411	139.921205	6	0.172	-0.736	9.381	2.302
1424230096519	37.500411	139.921206	6	0.081	-0.764	9.449	2.213
1424230096619	37.500412	139.921207	6	0.085	-0.780	9.501	2.125
1424230096720	37.500412	139.921208	6	0.130	-0.746	9.400	2.041
1424230096821	37.500412	139.921209	6	0.200	-0.706	9.392	1.953
1424230096922	37.500412	139.921210	6	0.264	-0.727	9.452	1.864
1424230097022	37.500412	139.921210	6	0.299	-0.711	9.434	1.778
1424230097123	37.500412	139.921211	6	0.314	-0.724	9.416	1.696
1424230097219	37.500413	139.921211	6	0.319	-0.725	9.428	1.620
1424230097319	37.500413	139.921211	6	0.214	-0.709	9.409	1.545
1424230097420	37.500413	139.921212	6	0.168	-0.695	9.409	1.473
1424230097521	37.500413	139.921212	6	0.199	-0.690	9.438	1.404
1424230097621	37.500413	139.921213	6	0.207	-0.644	9.432	1.340
1424230097722	37.500413	139.921213	6	0.183	-0.613	9.405	1.278
1424230097823	37.500414	139.921213	6	0.176	-0.570	9.470	1.164
1424230097924	37.500414	139.921213	6	0.264	-0.575	9.475	1.009
1424230098019	37.500415	139.921213	6	0.336	-0.602	9.441	0.876
1424230098120	37.500416	139.921213	6	0.342	-0.617	9.404	0.748
1424230098221	37.500417	139.921213	6	0.269	-0.598	9.432	0.634
1424230098321	37.500417	139.921213	6	0.224	-0.601	9.438	0.534
1424230098422	37.500418	139.921213	6	0.229	-0.615	9.434	0.447
1424230098523	37.500418	139.921213	6	0.237	-0.607	9.442	0.373
1424230098623	37.500419	139.921213	6	0.215	-0.565	9.448	0.313
1424230098719	37.500419	139.921213	6	0.150	-0.327	9.491	0.269
1424230098820	37.500419	139.921213	6	0.062	0.038	9.475	0.226
1424230098921	37.500418	139.921212	6	-0.017	0.356	9.383	0.180
1424230099021	37.500417	139.921211	6	-0.064	0.458	9.323	0.140
1424230099123	37.500417	139.921210	6	-0.036	0.366	9.333	0.105
1424230099223	37.500416	139.921210	6	0.025	0.225	9.418	0.075
1424230099323	37.500416	139.921209	6	0.030	0.170	9.457	0.050
1424230099419	37.500415	139.921209	6	-0.021	0.229	9.420	0.031
1424230099520	37.500415	139.921208	6	-0.051	0.292	9.399	0.016
1424230099621	37.500415	139.921208	6	-0.018	0.282	9.388	0.006
1424230099721	37.500415	139.921208	6	0.003	0.250	9.409	0.001
1424230158615	37.499473	139.924560	5	-0.013	0.248	9.416	8.326
1424230158620	37.499473	139.924560	5	-0.009	0.240	9.406	8.323
1424230158721	37.499470	139.924568	5	0.118	0.244	9.343	8.274
1424230158822	37.499468	139.924576	5	0.120	0.115	8.947	8.237
1424230158922	37.499465	139.924585	5	0.170	-0.027	9.192	8.212
1424230159023	37.499463	139.924593	5	0.180	-0.070	9.247	8.186
1424230159119	37.499460	139.924601	5	0.209	-0.078	9.573	8.162
1424230159220	37.499458	139.924610	5	0.416	-0.235	9.515	8.137
1424230159320	37.499455	139.924618	5	0.495	-0.213	9.317	8.112
1424230159421	37.499453	139.924626	5	0.387	-0.132	9.150	8.086
1424230159522	37.499450	139.924635	5	0.481	-0.197	9.453	8.061
1424230159622	37.499448	139.924643	5	0.374	-0.121	9.378	8.037
1424230159723	37.499445	139.924651	5	0.357	-0.122	9.359	8.012
1424230159824	37.499442	139.924659	5	0.473	-0.186	9.526	7.958
1424230159919	37.499440	139.924666	5	0.383	-0.239	9.491	7.884
1424230160025	37.499437	139.924674	5	0.169	-0.206	9.374	7.802
1424230160121	37.499434	139.924681	5	0.275	-0.271	9.380	7.728
1424230160220	37.499432	139.924688	5	0.342	-0.197	9.458	7.653
1424230160322	37.499429	139.924695	5	0.323	-0.130	9.529	7.577
1424230160421	37.499426	139.924702	5	0.437	-0.213	9.481	7.503
1424230160519	37.499424	139.924709	5	0.453	-0.177	9.306	7.431
1424230160619	37.499421	139.924716	5	0.354	-0.234	9.423	7.359
1424230160720	37.499418	139.924723	5	0.330	-0.402	9.574	7.286
1424230160821	37.499416	139.924730	5	0.394	-0.441	9.523	7.210
1424230160921	37.499414	139.924737	5	0.264	-0.357	9.270	7.132
1424230161022	37.499413	139.924745	5	0.255	-0.501	9.410	7.053
1424230161123	37.499411	139.924752	5	0.374	-0.632	9.452	6.976
1424230161219	37.499409	139.924759	5	0.398	-0.610	9.631	6.903
1424230161319	37.499407	139.924767	5	0.340	-0.618	9.619	6.828
1424230161420	37.499406	139.924774	5	0.290	-0.523	9.256	6.753
1424230161521	37.499404	139.924781	5	0.275	-0.519	9.260	6.679
1424230161621	37.499402	139.924788	5	0.197	-0.491	9.371	6.607
1424230161722	37.499401	139.924795	5	0.239	-0.541	9.558	6.534
1424230161823	37.499399	139.924802	7	0.319	-0.460	9.516	6.472
1424230161919	37.499398	139.924809	7	0.281	-0.414	9.338	6.423
1424230162019	37.499397	139.924816	7	0.312	-0.509	9.382	6.372
1424230162120	37.499395	139.924823	7	0.326	-0.541	9.560	6.320
1424230162221	37.499394	139.924830	7	0.209	-0.501	9.383	6.270
1424230162321	37.499393	139.924837	7	0.156	-0.415	9.295	6.220
1424230162422	37.499391	139.924844	7	0.154	-0.453	9.403	6.169
1424230162523	37.499390	139.924850	7	0.154	-0.508	9.415	6.120
1424230162623	37.499389	139.924857	7	0.204	-0.529	9.474	6.071
1424230162719	37.499388	139.924864	7	0.231	-0.456	9.431	6.025
1424230162820	37.499386	139.924870	7	0.283	-0.415	9.356	5.987
1424230162920	37.499385	139.924876	7	0.302	-0.457	9.296	5.962
1424230163021	37.499383	139.924883	7	0.270	-0.570	9.421	5.936
1424230163122	37.499381	139.924889	7	0.218	-0.601	9.511	5.911
1424230163223	37.499380	139.924895	7	0.178	-0.637	9.482	5.885
1424230163323	37.499378	139.924901	7	0.169	-0.745	9.827	5.860
1424230163419	37.499377	139.924907	7	0.287	-0.787	9.799	5.837
1424230163520	37.499375	139.924913	7	0.288	-0.509	8.976	5.812
1424230163620	37.499373	139.924919	7	0.434	-0.614	9.324	5.787
1424230163721	37.499372	139.924925	7	0.488	-0.666	9.566	5.762
1424230163822	37.499370	139.924929	9	0.410	-0.653	9.418	5.625
1424230163923	37.499368	139.924931	9	0.449	-0.701	9.412	5.389
1424230164023	37.499367	139.924933	9	0.506	-0.692	9.435	5.164
1424230164119	37.499365	139.924935	9	0.421	-0.644	9.346	4.956
1424230164220	37.499363	139.924937	9	0.346	-0.717	9.331	4.746
1424230164320	37.499362	139.924938	9	0.320	-0.980	9.535	4.546
1424230164421	37.499361	139.924940	9	0.415	-1.174	9.830	4.352
1424230164522	37.499359	139.924941	9	0.495	-0.962	9.601	4.167
1424230164623	37.499358	139.924943	9	0.458	-0.750	9.109	3.991
1424230164723	37.499357	139.924944	9	0.458	-0.878	9.223	3.825
1424230164819	37.499356	139.924947	9	0.440	-1.004	9.608	3.659
1424230164920	37.499355	139.924952	9	0.475	-0.984	9.624	3.477
1424230165020	37.499354	139.924956	9	0.506	-0.900	9.318	3.305
1424230165121	37.499354	139.924960	9	0.470	-0.906	9.319	3.138
1424230165222	37.499353	139.924965	9	0.443	-0.910	9.423	2.979
1424230165322	37.499352	139.924968	9	0.462	-0.845	9.391	2.829
1424230165423	37.499352	139.924972	9	0.493	-0.799	9.431	2.686
1424230165519	37.499351	139.924975	9	0.473	-0.846	9.453	2.556
1424230165620	37.499351	139.924979	9	0.368	-0.880	9.497	2.427
1424230165720	37.499350	139.924982	9	0.330	-0.916	9.482	2.307
1424230165821	37.499350	139.924984	8	0.361	-0.934	9.428	2.204
1424230165922	37.499350	139.924986	8	0.362	-0.775	9.366	2.117
1424230166022	37.499350	139.924987	8	0.348	-0.586	9.415	2.033
1424230166123	37.499350	139.924989	8	0.316	-0.494	9.495	1.951
1424230166219	37.499350	139.924990	8	0.301	-0.479	9.453	1.876
1424230166319	37.499351	139.924992	8	0.300	-0.474	9.394	1.801
1424230166420	37.499351	139.924993	8	0.264	-0.499	9.471	1.728
1424230166521	37.499351	139.924995	8	0.223	-0.507	9.471	1.659
1424230166622	37.499351	139.924996	8	0.285	-0.472	9.424	1.592
1424230166722	37.499351	139.924997	8	0.439	-0.456	9.406	1.529
1424230166823	37.499351	139.924999	6	0.496	-0.425	9.411	1.448
1424230166919	37.499352	139.925000	6	0.454	-0.491	9.452	1.357
1424230167019	37.499352	139.925000	6	0.359	-0.565	9.488	1.267
1424230167120	37.499352	139.925001	6	0.329	-0.525	9.392	1.181
1424230167221	37.499353	139.925002	6	0.343	-0.452	9.348	1.100
1424230167321	37.499353	139.925003	6	0.317	-0.439	9.432	1.025
1424230167422	37.499353	139.925004	6	0.289	-0.405	9.384	0.954
1424230167523	37.499353	139.925005	6	0.314	-0.339	9.368	0.889
1424230167619	37.499354	139.925005	6	0.367	-0.324	9.399	0.831
1424230167719	37.499354	139.925006	6	0.364	-0.343	9.470	0.776
1424230167820	37.499354	139.925006	6	0.291	-0.353	9.448	0.677
1424230167921	37.499354	139.925007	6	0.251	-0.333	9.434	0.541
1424230168021	37.499354	139.925007	6	0.278	-0.336	9.448	0.421
1424230168122	37.499355	139.925008	6	0.316	-0.328	9.427	0.315
1424230168223	37.499355	139.925008	6	0.285	-0.321	9.456	0.224
1424230168319	37.499355	139.925008	6	0.260	-0.294	9.445	0.153
1424230168419	37.499355	139.925009	6	0.286	-0.293	9.430	0.092
1424230168520	37.499355	139.925009	6	0.293	-0.159	9.459	0.047
1424230168621	37.499355	139.925009	6	0.179	0.097	9.467	0.017
1424230168721	37.499355	139.925009	6	0.032	0.358	9.402	0.002
1424230234615	37.499765	139.925454	7	0.061	0.335	9.414	4.038
1424230234620	37.499765	139.925454	7	0.059	0.333	9.413	4.037
1424230234720	37.499768	139.925457	7	0.030	0.211	9.198	4.012
1424230234821	37.499771	139.925460	5	0.015	0.095	9.244	4.000
1424230234922	37.499774	139.925463	5	-0.118	-0.069	9.527	4.000
1424230235022	37.499777	139.925466	5	-0.168	-0.101	9.380	4.000
1424230235123	37.499781	139.925470	5	-0.160	-0.170	9.418	4.000
1424230235219	37.499784	139.925473	5	-0.217	-0.105	9.436	4.000
1424230235320	37.499787	139.925476	5	-0.203	-0.042	9.354	4.000
1424230235420	37.499790	139.925479	5	-0.082	-0.073	9.373	4.000
1424230235521	37.499794	139.925483	5	-0.090	-0.121	9.507	4.000
1424230235622	37.499797	139.925486	5	-0.207	-0.178	9.402	4.000
1424230235722	37.499800	139.925489	5	-0.193	-0.211	9.340	4.000
1424230235823	37.499804	139.925492	7	-0.120	-0.256	9.505	3.972
1424230235919	37.499807	139.925493	7	-0.148	-0.324	9.553	3.921
1424230236019	37.499810	139.925494	7	-0.185	-0.338	9.451	3.869
1424230236120	37.499814	139.925495	7	-0.205	-0.312	9.379	3.817
1424230236221	37.499817	139.925496	7	-0.146	-0.347	9.358	3.766
1424230236322	37.499820	139.925497	7	-0.011	-0.408	9.456	3.716
1424230236422	37.499823	139.925498	7	0.028	-0.394	9.580	3.666
1424230236523	37.499826	139.925499	7	-0.002	-0.278	9.389	3.617
1424230236619	37.499829	139.925500	7	0.047	-0.250	9.294	3.571
1424230236719	37.499832	139.925501	7	0.045	-0.306	9.456	3.524
1424230236820	37.499836	139.925503	7	-0.066	-0.337	9.488	3.487
1424230236921	37.499839	139.925505	7	-0.135	-0.325	9.421	3.461
1424230237022	37.499842	139.925507	7	-0.176	-0.350	9.449	3.435
1424230237122	37.499845	139.925510	7	-0.232	-0.416	9.549	3.410
1424230237223	37.499848	139.925512	7	-0.197	-0.391	9.459	3.384
1424230237319	37.499851	139.925514	7	-0.154	-0.313	9.397	3.360
1424230237419	37.499854	139.925516	7	-0.090	-0.282	9.461	3.336
1424230237520	37.499857	139.925518	7	-0.026	-0.319	9.484	3.311
1424230237621	37.499861	139.925520	7	0.084	-0.363	9.330	3.286
1424230237721	37.499864	139.925522	7	-0.001	-0.381	9.338	3.262
1424230237822	37.499867	139.925524	6	-0.055	-0.454	9.525	3.222
1424230237923	37.499870	139.925526	6	-0.031	-0.529	9.547	3.168
1424230238019	37.499873	139.925528	6	0.001	-0.563	9.362	3.118
1424230238119	37.499876	139.925530	6	0.019	-0.600	9.371	3.066
1424230238220	37.499879	139.925531	6	0.029	-0.633	9.445	3.015
1424230238321	37.499882	139.925533	6	0.049	-0.621	9.442	2.964
1424230238421	37.499885	139.925535	6	0.048	-0.606	9.414	2.915
1424230238522	37.499888	139.925537	6	0.032	-0.601	9.456	2.866
1424230238623	37.499891	139.925539	6	-0.017	-0.568	9.428	2.818
1424230238723	37.499894	139.925540	6	0.000	-0.560	9.418	2.772
1424230238819	37.499896	139.925541	6	0.051	-0.581	9.472	2.737
1424230238920	37.499899	139.925542	6	0.106	-0.567	9.464	2.711
1424230239020	37.499902	139.925542	6	0.149	-0.581	9.430	2.685
1424230239121	37.499905	139.925542	6	0.153	-0.567	9.392	2.660
1424230239222	37.499908	139.925543	6	0.078	-0.557	9.400	2.634
1424230239323	37.499911	139.925543	6	0.039	-0.620	9.414	2.609
1424230239423	37.499914	139.925544	6	0.020	-0.703	9.453	2.584
1424230239519	37.499916	139.925544	6	0.065	-0.732	9.462	2.561
1424230239620	37.499919	139.925544	6	0.116	-0.720	9.454	2.536
1424230239720	37.499922	139.925545	6	0.160	-0.715	9.473	2.512
1424230239821	37.499923	139.925545	6	0.178	-0.735	9.418	2.416
1424230239922	37.499924	139.925545	6	0.131	-0.741	9.395	2.256
1424230240023	37.499925	139.925545	6	0.106	-0.740	9.403	2.105
1424230240123	37.499925	139.925545	6	0.099	-0.757	9.464	1.964
1424230240219	37.499926	139.925545	6	0.105	-0.773	9.459	1.836
1424230240320	37.499926	139.925545	6	0.068	-0.733	9.432	1.709
1424230240421	37.499927	139.925545	6	-0.003	-0.525	9.435	1.592
1424230240521	37.499927	139.925545	6	-0.054	-0.272	9.404	1.483
1424230240622	37.499927	139.925545	6	-0.080	-0.136	9.396	1.382
1424230240723	37.499928	139.925545	6	-0.141	-0.109	9.420	1.290
1424230240823	37.499928	139.925545	5	-0.166	-0.075	9.409	1.235
1424230240919	37.499929	139.925546	5	-0.166	-0.026	9.424	1.209
1424230241020	37.499930	139.925547	5	-0.159	-0.003	9.408	1.182
1424230241120	37.499931	139.925548	5	-0.162	-0.014	9.405	1.156
1424230241221	37.499932	139.925548	5	-0.165	-0.027	9.431	1.130
1424230241322	37.499933	139.925549	5	-0.146	-0.017	9.413	1.105
1424230241422	37.499933	139.925550	5	-0.093	0.002	9.365	1.081
1424230241523	37.499934	139.925550	5	-0.092	0.016	9.407	1.057
1424230241619	37.499935	139.925551	5	-0.142	0.121	9.493	1.034
1424230280618	37.502115	139.926371	7	-0.149	0.122	9.488	7.250
1424230280623	37.502116	139.926371	7	-0.155	0.108	9.468	7.250
1424230280719	37.502120	139.926374	7	-0.019	0.017	9.283	7.250
1424230280819	37.502126	139.926376	7	0.070	0.033	8.985	7.250
1424230280920	37.502132	139.926378	7	0.243	-0.318	9.480	7.250
1424230281021	37.502139	139.926381	7	0.313	-0.400	9.757	7.250
1424230281122	37.502145	139.926383	7	0.225	-0.280	9.394	7.250
1424230281222	37.502151	139.926385	7	0.070	-0.208	9.108	7.250
1424230281323	37.502157	139.926388	7	0.155	-0.368	9.195	7.250
1424230281419	37.502163	139.926390	7	0.076	-0.223	9.316	7.250
1424230281519	37.502169	139.926392	7	-0.192	-0.082	9.357	7.250
1424230281620	37.502176	139.926395	7	-0.122	-0.255	9.410	7.250
1424230281721	37.502182	139.926397	7	-0.037	-0.271	9.372	7.250
1424230281821	37.502188	139.926399	4	0.031	-0.268	9.241	7.224
1424230281922	37.502194	139.926402	4	0.109	-0.248	9.376	7.172
1424230282023	37.502199	139.926404	4	0.092	-0.269	9.400	7.120
1424230282119	37.502205	139.926406	4	0.098	-0.273	9.466	7.071
1424230282219	37.502210	139.926409	4	0.173	-0.245	9.470	7.021
1424230282320	37.502216	139.926411	4	0.313	-0.283	9.471	6.971
1424230282421	37.502221	139.926413	4	0.338	-0.268	9.527	6.920
1424230282521	37.502227	139.926415	4	0.306	-0.187	9.525	6.871
1424230282622	37.502232	139.926418	4	0.002	-0.169	9.307	6.822
1424230282723	37.502237	139.926420	4	-0.067	-0.179	9.370	6.773
1424230282824	37.502243	139.926422	4	-0.146	-0.180	9.404	6.736
1424230282919	37.502249	139.926424	4	-0.242	-0.248	9.502	6.712
1424230283020	37.502254	139.926426	4	-0.170	-0.290	9.412	6.687
1424230283121	37.502260	139.926428	4	-0.008	-0.314	9.423	6.661
1424230283221	37.502266	139.926430	4	-0.016	-0.360	9.552	6.636
1424230283322	37.502272	139.926432	4	0.006	-0.311	9.269	6.611
1424230283423	37.502277	139.926433	4	0.173	-0.204	9.292	6.586
1424230283523	37.502283	139.926435	4	0.041	-0.221	9.544	6.561
1424230283619	37.502289	139.926437	4	-0.032	-0.201	9.291	6.537
1424230283720	37.502294	139.926439	4	0.095	-0.202	9.217	6.512
1424230283820	37.502300	139.926441	4	0.124	-0.296	9.364	6.474
1424230283921	37.502305	139.926444	4	0.166	-0.429	9.613	6.422
1424230284022	37.502310	139.926447	4	0.355	-0.373	9.334	6.370
1424230284123	37.502315	139.926449	4	0.493	-0.406	9.522	6.319
1424230284223	37.502321	139.926452	4	0.205	-0.332	9.152	6.269
1424230284319	37.502325	139.926455	4	0.354	-0.427	9.438	6.221
1424230284420	37.502331	139.926457	4	0.495	-0.475	9.471	6.170
1424230284520	37.502336	139.926460	4	0.387	-0.690	9.889	6.121
1424230284621	37.502341	139.926462	4	0.316	-0.741	9.691	6.072
1424230284722	37.502346	139.926465	4	0.409	-0.453	9.314	6.023
1424230284823	37.502351	139.926467	4	0.431	-0.510	9.299	5.958
1424230284923	37.502355	139.926469	4	0.226	-0.612	9.604	5.879
1424230285019	37.502360	139.926471	4	0.184	-0.541	9.473	5.804
1424230285120	37.502364	139.926473	4	0.153	-0.442	9.235	5.726
1424230285220	37.502369	139.926475	4	0.051	-0.515	9.556	5.650
1424230285321	37.502374	139.926477	4	-0.005	-0.699	9.764	5.574
1424230285422	37.502378	139.926479	4	-0.069	-0.651	9.162	5.500
1424230285522	37.502382	139.926481	4	0.061	-0.610	9.275	5.427
1424230285623	37.502387	139.926482	4	0.156	-0.643	9.569	5.354
1424230285719	37.502391	139.926484	4	0.214	-0.765	9.674	5.286
1424230285820	37.502395	139.926486	4	0.264	-0.729	9.406	5.210
1424230285920	37.502399	139.926488	4	0.214	-0.530	9.162	5.130
1424230286021	37.502402	139.926491	4	0.148	-0.497	9.474	5.051
1424230286122	37.502406	139.926493	4	0.064	-0.657	9.536	4.973
1424230286222	37.502409	139.926495	4	-0.057	-0.697	9.393	4.897
1424230286323	37.502413	139.926497	4	-0.099	-0.589	9.370	4.821
1424230286419	37.502416	139.926499	4	0.027	-0.531	9.521	4.750
1424230286519	37.502420	139.926501	4	0.193	-0.466	9.526	4.677
1424230286620	37.502423	139.926503	4	0.259	-0.545	9.474	4.605
1424230286721	37.502426	139.926505	4	0.250	-0.601	9.376	4.534
1424230286822	37.502430	139.926507	4	0.216	-0.528	9.354	4.473
1424230286922	37.502433	139.926509	4	0.148	-0.497	9.505	4.420
1424230287023	37.502437	139.926511	4	0.107	-0.527	9.491	4.368
1424230287119	37.502440	139.926513	4	0.025	-0.638	9.521	4.319
1424230287219	37.502443	139.926515	4	-0.008	-0.631	9.506	4.268
1424230287320	37.502447	139.926517	4	0.042	-0.576	9.434	4.218
1424230287421	37.502450	139.926519	4	0.074	-0.545	9.390	4.168
1424230287522	37.502453	139.926521	4	0.141	-0.494	9.422	4.119
1424230287622	37.502456	139.926522	4	0.125	-0.590	9.553	4.070
1424230287723	37.502460	139.926524	4	0.075	-0.600	9.422	4.022
1424230287819	37.502462	139.926526	4	0.038	-0.522	9.312	3.960
1424230287924	37.502465	139.926528	4	0.016	-0.519	9.363	3.874
1424230288020	37.502468	139.926529	4	-0.000	-0.567	9.445	3.798
1424230288119	37.502471	139.926531	4	-0.019	-0.587	9.575	3.721
1424230288221	37.502473	139.926532	4	-0.053	-0.593	9.573	3.643
1424230288321	37.502476	139.926534	4	-0.011	-0.619	9.527	3.568
1424230288423	37.502479	139.926535	4	0.037	-0.465	9.087	3.493
1424230288522	37.502481	139.926537	4	0.091	-0.500	9.311	3.422
1424230288619	37.502483	139.926538	4	0.196	-0.589	9.640	3.353
1424230288720	37.502486	139.926539	4	0.184	-0.580	9.553	3.284
1424230288821	37.502488	139.926540	4	0.078	-0.556	9.334	3.207
1424230288921	37.502491	139.926540	4	0.071	-0.569	9.346	3.124
1424230289022	37.502494	139.926540	4	0.062	-0.613	9.522	3.043
1424230289123	37.502497	139.926540	4	0.037	-0.650	9.484	2.963
1424230289223	37.502499	139.926540	4	0.011	-0.518	9.226	2.886
1424230289319	37.502502	139.926540	4	0.063	-0.437	9.199	2.814
1424230289420	37.502504	139.926540	4	0.116	-0.549	9.527	2.740
1424230289521	37.502506	139.926540	4	0.103	-0.684	9.681	2.668
1424230289621	37.502509	139.926540	4	-0.033	-0.690	9.535	2.599
1424230289722	37.502511	139.926540	4	0.003	-0.678	9.269	2.532
1424230289823	37.502513	139.926541	4	0.271	-0.499	9.217	2.454
1424230289923	37.502515	139.926542	4	0.436	-0.373	9.475	2.368
1424230290019	37.502517	139.926543	4	0.335	-0.454	9.601	2.289
1424230290120	37.502518	139.926544	4	0.155	-0.576	9.433	2.207
1424230290220	37.502520	139.926545	4	0.014	-0.648	9.352	2.130
1424230290321	37.502522	139.926546	4	-0.090	-0.643	9.427	2.054
1424230290422	37.502523	139.926547	4	-0.097	-0.610	9.392	1.981
1424230290523	37.502525	139.926548	4	-0.014	-0.587	9.378	1.911
1424230290623	37.502526	139.926549	4	0.116	-0.565	9.441	1.844
1424230290719	37.502527	139.926550	4	0.227	-0.598	9.543	1.782
1424230290820	37.502528	139.926550	4	0.283	-0.622	9.505	1.703
1424230290920	37.502529	139.926551	4	0.245	-0.598	9.337	1.611
1424230291021	37.502530	139.926551	4	0.251	-0.586	9.267	1.523
1424230291122	37.502530	139.926551	4	0.273	-0.667	9.462	1.439
1424230291223	37.502531	139.926552	4	0.214	-0.760	9.575	1.360
1424230291323	37.502531	139.926552	4	0.096	-0.858	9.459	1.285
1424230291419	37.502532	139.926552	4	0.060	-0.918	9.386	1.217
1424230291520	37.502532	139.926552	4	0.099	-0.960	9.449	1.149
1424230291620	37.502532	139.926553	4	0.169	-0.973	9.502	1.086
1424230291721	37.502533	139.926553	4	0.228	-1.000	9.478	1.027
1424230291822	37.502533	139.926553	5	0.228	-0.996	9.452	0.966
1424230291922	37.502534	139.926552	5	0.229	-0.985	9.445	0.903
1424230292023	37.502535	139.926551	5	0.237	-1.004	9.449	0.842
1424230292119	37.502536	139.926550	5	0.210	-0.995	9.457	0.788
1424230292220	37.502537	139.926550	5	0.175	-0.959	9.452	0.734
1424230292320	37.502537	139.926549	5	0.149	-0.899	9.445	0.684
1424230292421	37.502538	139.926549	5	0.158	-0.808	9.460	0.637
1424230292522	37.502539	139.926548	5	0.141	-0.682	9.448	0.593
1424230292622	37.502539	139.926548	5	0.079	-0.512	9.439	0.553
1424230292723	37.502540	139.926547	5	-0.010	-0.227	9.463	0.516
1424230292819	37.502541	139.926545	5	-0.084	0.053	9.436	0.452
1424230292919	37.502542	139.926541	5	-0.142	0.203	9.372	0.362
1424230293020	37.502544	139.926537	5	-0.135	0.192	9.343	0.281
1424230293121	37.502545	139.926534	5	-0.103	0.087	9.394	0.211
1424230293222	37.502546	139.926531	5	-0.069	-0.020	9.433	0.150
1424230293322	37.502546	139.926529	5	-0.074	-0.010	9.429	0.100
1424230293423	37.502547	139.926527	5	-0.109	0.057	9.439	0.060
1424230293519	37.502547	139.926525	5	-0.109	0.088	9.406	0.032
1424230293619	37.502548	139.926525	5	-0.088	0.070	9.401	0.011
1424230293720	37.502548	139.926524	5	-0.082	0.041	9.428	0.001
1424230355615	37.504557	139.927587	7	-0.098	0.057	9.403	7.788
